================ strategy-comparison sweep ================
date         : 2026-07-01T18:56:38+02:00
host         : TUMWUTG-MIT148
git commit   : 15cddf4 (research/wgp-2026)
python       : Python 3.14.4
instance     : assembly_1
parts file   : data/assembly_1/assembly_1_parts.json
dfm file     : None
num_phases   : 4
lambda grid  : 0.1 0.15 0.2 0.25 0.3 0.35 0.4 0.45 0.5 0.55 0.6 0.65 0.7 0.75 0.8 0.85 0.9 0.95 1.0
k values     : [1, 2, 5, 10, 20, 50, 100, 200, 500, 1000, 2000, 5000]
jobs (par.)  : 14
rundir       : experiments/strategy_comparison/assembly_1_np_4
==========================================================

----------------- λ = 0.1 -----------------
========================================================================
Strategy Comparison Experiment — assembly_1  P=4  λ=0.1
========================================================================

Building assembly digraph …
2026-07-01 18:56:39.237 | INFO     | pycaalp.gapp.assembly_digraph:compute_assembly_digraph_complete:395 - Computing assembly digraph...
  343 nodes, 1105 edges  (0.3s)

[1] Full MIP  P=4  λ=0.1
2026-07-01 18:56:39.561 | INFO     | pycaalp.time_balancing.model:run_mip:430 - Running MIP solver ...
presolving:
(round 1, fast)       2 del vars, 2 del conss, 0 add conss, 0 chg bounds, 0 chg sides, 0 chg coeffs, 0 upgd conss, 0 impls, 69 clqs, 0 implints
(round 2, exhaustive) 2 del vars, 2 del conss, 0 add conss, 1 chg bounds, 0 chg sides, 0 chg coeffs, 4525 upgd conss, 0 impls, 69 clqs, 0 implints
   (0.3s) probing: 1000/1207 (82.9%) - 0 fixings, 0 aggregations, 130891 implications, 0 bound changes
   (0.3s) probing: 1001/1207 (82.9%) - 0 fixings, 0 aggregations, 130966 implications, 0 bound changes
   (0.3s) probing aborted: 1000/1000 successive useless probings
   (0.3s) symmetry computation started: requiring (bin +, int +, cont +), (fixed: bin -, int -, cont -)
   (0.3s) no symmetry present (symcode time: 0.00)
presolving (3 rounds: 3 fast, 2 medium, 2 exhaustive):
 2 deleted vars, 2 deleted constraints, 0 added constraints, 1 tightened bounds, 0 added holes, 0 changed sides, 0 changed coefficients
 0 implications, 15690 cliques, 0 implied integral variables (0 bin, 0 int, 0 cont)
presolved problem has 1208 variables (1207 bin, 0 int, 1 cont) and 4839 constraints
     69 constraints of type <setppc>
    314 constraints of type <linear>
   4456 constraints of type <logicor>
Presolving Time: 0.31

 time | node  | left  |LP iter|LP it/n|mem/heur|mdpt |vars |cons |rows |cuts |sepa|confs|strbr|  dualbound   | primalbound  |  gap   | compl. 
p 0.4s|     1 |     0 |   126 |     - | vbounds|   0 |1208 |4867 |4839 |   0 |  0 |  27 |   0 | 0.000000e+00 | 1.157026e+00 |    Inf | unknown
  0.5s|     1 |     0 |   471 |     - |    34M |   0 |1208 |4867 |4839 |   0 |  0 |  27 |   0 | 8.329273e-01 | 1.157026e+00 |  38.91%| unknown
  0.8s|     1 |     0 |   484 |     - |    39M |   0 |1208 |4875 |4843 |   4 |  1 |  35 |   0 | 8.329273e-01 | 1.157026e+00 |  38.91%| unknown
  1.2s|     1 |     0 |   492 |     - |    46M |   0 |1208 |4881 |4846 |   7 |  2 |  41 |   0 | 8.329273e-01 | 1.157026e+00 |  38.91%| unknown
  1.5s|     1 |     0 |   503 |     - |    54M |   0 |1208 |4882 |4850 |  11 |  3 |  42 |   0 | 8.329273e-01 | 1.157026e+00 |  38.91%| unknown
  1.9s|     1 |     0 |   515 |     - |    60M |   0 |1208 |4886 |4853 |  14 |  4 |  46 |   0 | 8.329273e-01 | 1.157026e+00 |  38.91%| unknown
  2.2s|     1 |     0 |   525 |     - |    66M |   0 |1208 |4887 |4855 |  16 |  5 |  47 |   0 | 8.329273e-01 | 1.157026e+00 |  38.91%| unknown
  2.6s|     1 |     0 |   534 |     - |    73M |   0 |1208 |4897 |4858 |  19 |  6 |  57 |   0 | 8.329273e-01 | 1.157026e+00 |  38.91%| unknown
  2.9s|     1 |     0 |   540 |     - |    81M |   0 |1208 |4898 |4860 |  21 |  7 |  58 |   0 | 8.329273e-01 | 1.157026e+00 |  38.91%| unknown
  3.4s|     1 |     0 |   543 |     - |    89M |   0 |1208 |4901 |4863 |  24 |  8 |  67 |   0 | 8.329273e-01 | 1.157026e+00 |  38.91%| unknown
  3.8s|     1 |     0 |   562 |     - |    95M |   0 |1208 |4903 |4864 |  25 |  9 |  69 |   0 | 8.329273e-01 | 1.157026e+00 |  38.91%| unknown
  4.2s|     1 |     0 |   570 |     - |   103M |   0 |1208 |4912 |4866 |  27 | 10 |  79 |   0 | 8.329273e-01 | 1.157026e+00 |  38.91%| unknown
  4.2s|     1 |     0 |   573 |     - |   103M |   0 |1208 |4913 |4868 |  29 | 11 |  80 |   0 | 8.329273e-01 | 1.157026e+00 |  38.91%| unknown
d 4.3s|     1 |     0 |  1241 |     - |farkasdi|   0 |1208 |4916 |4868 |   0 | 11 |  83 |   0 | 8.329273e-01 | 8.661990e-01 |   3.99%| unknown
  4.4s|     1 |     0 |  1751 |     - |   103M |   0 |1208 |4794 |4868 |  29 | 11 | 149 |   0 | 8.329273e-01 | 8.661990e-01 |   3.99%| unknown
 time | node  | left  |LP iter|LP it/n|mem/heur|mdpt |vars |cons |rows |cuts |sepa|confs|strbr|  dualbound   | primalbound  |  gap   | compl. 
  4.4s|     1 |     0 |  1751 |     - |   103M |   0 |1208 |4803 |3286 |  29 | 11 | 158 |   0 | 8.329273e-01 | 8.661990e-01 |   3.99%| unknown
  4.4s|     1 |     0 |  1755 |     - |   104M |   0 |1208 |4047 |3275 |  30 | 12 | 158 |   0 | 8.329273e-01 | 8.661990e-01 |   3.99%| unknown
  4.5s|     1 |     0 |  1755 |     - |   104M |   0 |1208 |3324 |3275 |  30 | 13 | 168 |   0 | 8.329273e-01 | 8.661990e-01 |   3.99%| unknown
  4.5s|     1 |     0 |  1766 |     - |   104M |   0 |1208 |3324 |3276 |  31 | 14 | 168 |   0 | 8.329273e-01 | 8.661990e-01 |   3.99%| unknown
  4.5s|     1 |     0 |  1768 |     - |   104M |   0 |1208 |3325 |3277 |  32 | 15 | 169 |   0 | 8.329273e-01 | 8.661990e-01 |   3.99%| unknown
(run 1, node 1) restarting after 743 global fixings of integer variables

(restart) converted 30 cuts from the global cut pool into linear constraints

presolving:
(round 1, fast)       745 del vars, 1591 del conss, 0 add conss, 0 chg bounds, 0 chg sides, 926 chg coeffs, 0 upgd conss, 0 impls, 2234 clqs, 0 implints
(round 2, exhaustive) 745 del vars, 1591 del conss, 0 add conss, 0 chg bounds, 0 chg sides, 926 chg coeffs, 25 upgd conss, 0 impls, 2234 clqs, 0 implints
(round 3, exhaustive) 745 del vars, 1593 del conss, 0 add conss, 0 chg bounds, 1 chg sides, 984 chg coeffs, 25 upgd conss, 0 impls, 2237 clqs, 0 implints
(round 4, exhaustive) 745 del vars, 1593 del conss, 0 add conss, 0 chg bounds, 1 chg sides, 1015 chg coeffs, 25 upgd conss, 0 impls, 2237 clqs, 0 implints
(round 5, exhaustive) 745 del vars, 1595 del conss, 0 add conss, 0 chg bounds, 1 chg sides, 1016 chg coeffs, 25 upgd conss, 0 impls, 2237 clqs, 0 implints
presolving (6 rounds: 6 fast, 5 medium, 5 exhaustive):
 745 deleted vars, 1595 deleted constraints, 0 added constraints, 0 tightened bounds, 0 added holes, 1 changed sides, 1016 changed coefficients
 0 implications, 2237 cliques, 0 implied integral variables (0 bin, 0 int, 0 cont)
presolved problem has 463 variables (462 bin, 0 int, 1 cont) and 1761 constraints
      5 constraints of type <knapsack>
     73 constraints of type <setppc>
    128 constraints of type <linear>
   1555 constraints of type <logicor>
Presolving Time: 0.32
transformed 2/3 original solutions to the transformed problem space

 time | node  | left  |LP iter|LP it/n|mem/heur|mdpt |vars |cons |rows |cuts |sepa|confs|strbr|  dualbound   | primalbound  |  gap   | compl. 
  4.5s|     1 |     0 |  2014 |     - |    98M |   0 | 463 |1761 |1683 |   0 |  0 | 170 |   0 | 8.329273e-01 | 8.661990e-01 |   3.99%| unknown
  4.6s|     1 |     0 |  2014 |     - |    98M |   0 | 463 |1764 |1619 |   0 |  0 | 173 |   0 | 8.329273e-01 | 8.661990e-01 |   3.99%| unknown
  4.6s|     1 |     0 |  2042 |     - |    99M |   0 | 463 |1741 |1599 |   5 |  1 | 173 |   0 | 8.329273e-01 | 8.661990e-01 |   3.99%| unknown
  4.7s|     1 |     0 |  2067 |     - |    99M |   0 | 463 |1713 |1602 |   8 |  2 | 175 |   0 | 8.329273e-01 | 8.661990e-01 |   3.99%| unknown
  4.8s|     1 |     0 |  2075 |     - |   100M |   0 | 463 |1714 |1605 |  11 |  3 | 176 |   0 | 8.329273e-01 | 8.661990e-01 |   3.99%| unknown
  4.9s|     1 |     0 |  2089 |     - |   101M |   0 | 463 |1715 |1610 |  16 |  4 | 177 |   0 | 8.329273e-01 | 8.661990e-01 |   3.99%| unknown
  5.0s|     1 |     0 |  2098 |     - |   102M |   0 | 463 |1716 |1612 |  18 |  5 | 178 |   0 | 8.329273e-01 | 8.661990e-01 |   3.99%| unknown
  5.1s|     1 |     0 |  2107 |     - |   104M |   0 | 463 |1720 |1614 |  20 |  6 | 182 |   0 | 8.329273e-01 | 8.661990e-01 |   3.99%| unknown
  5.3s|     1 |     0 |  2117 |     - |   109M |   0 | 463 |1725 |1615 |  21 |  7 | 187 |   0 | 8.329273e-01 | 8.661990e-01 |   3.99%| unknown
  5.4s|     1 |     0 |  2125 |     - |   110M |   0 | 463 |1728 |1616 |  22 |  8 | 190 |   0 | 8.329273e-01 | 8.661990e-01 |   3.99%| unknown
  5.5s|     1 |     0 |  2144 |     - |   110M |   0 | 463 |1730 |1618 |  24 |  9 | 192 |   0 | 8.329273e-01 | 8.661990e-01 |   3.99%| unknown
  5.6s|     1 |     0 |  2153 |     - |   113M |   0 | 463 |1730 |1620 |  26 | 10 | 197 |   0 | 8.329273e-01 | 8.661990e-01 |   3.99%| unknown
  5.6s|     1 |     0 |  2165 |     - |   113M |   0 | 463 |1731 |1622 |  28 | 11 | 198 |   0 | 8.329273e-01 | 8.661990e-01 |   3.99%| unknown
  5.6s|     1 |     0 |  2165 |     - |   113M |   0 | 463 |1713 |1622 |  28 | 11 | 203 |   0 | 8.329273e-01 | 8.661990e-01 |   3.99%| unknown
  5.6s|     1 |     0 |  2167 |     - |   113M |   0 | 463 |1713 |1600 |  29 | 12 | 203 |   0 | 8.329273e-01 | 8.661990e-01 |   3.99%| unknown
 time | node  | left  |LP iter|LP it/n|mem/heur|mdpt |vars |cons |rows |cuts |sepa|confs|strbr|  dualbound   | primalbound  |  gap   | compl. 
  5.7s|     1 |     0 |  2169 |     - |   113M |   0 | 463 |1720 |1601 |  30 | 13 | 213 |   0 | 8.329273e-01 | 8.661990e-01 |   3.99%| unknown
d 5.7s|     1 |     0 |  2490 |     - |farkasdi|   0 | 463 |1711 |1601 |   0 | 14 | 215 |   0 | 8.329273e-01 | 8.654684e-01 |   3.91%| unknown
L 5.7s|     1 |     0 |  2653 |     - |    rens|   0 | 463 |1715 |1601 |  30 | 14 | 220 |   0 | 8.329273e-01 | 8.547259e-01 |   2.62%| unknown
(run 2, node 1) restarting after 28 global fixings of integer variables

(restart) converted 24 cuts from the global cut pool into linear constraints

presolving:
(round 1, fast)       29 del vars, 33 del conss, 0 add conss, 0 chg bounds, 0 chg sides, 0 chg coeffs, 0 upgd conss, 0 impls, 2002 clqs, 0 implints
(round 2, exhaustive) 29 del vars, 33 del conss, 0 add conss, 0 chg bounds, 0 chg sides, 0 chg coeffs, 18 upgd conss, 0 impls, 2002 clqs, 0 implints
(round 3, medium)     29 del vars, 34 del conss, 0 add conss, 0 chg bounds, 2 chg sides, 2 chg coeffs, 18 upgd conss, 0 impls, 2003 clqs, 0 implints
(round 4, exhaustive) 29 del vars, 35 del conss, 0 add conss, 0 chg bounds, 2 chg sides, 89 chg coeffs, 18 upgd conss, 0 impls, 2003 clqs, 0 implints
(round 5, exhaustive) 29 del vars, 37 del conss, 0 add conss, 0 chg bounds, 2 chg sides, 90 chg coeffs, 18 upgd conss, 0 impls, 2004 clqs, 0 implints
(round 6, exhaustive) 29 del vars, 37 del conss, 0 add conss, 0 chg bounds, 2 chg sides, 97 chg coeffs, 18 upgd conss, 0 impls, 2004 clqs, 0 implints
presolving (7 rounds: 7 fast, 6 medium, 5 exhaustive):
 29 deleted vars, 37 deleted constraints, 0 added constraints, 0 tightened bounds, 0 added holes, 2 changed sides, 97 changed coefficients
 0 implications, 2004 cliques, 0 implied integral variables (0 bin, 0 int, 0 cont)
presolved problem has 434 variables (433 bin, 0 int, 1 cont) and 1702 constraints
     11 constraints of type <knapsack>
     80 constraints of type <setppc>
    132 constraints of type <linear>
   1479 constraints of type <logicor>
Presolving Time: 0.34
transformed 4/5 original solutions to the transformed problem space

 time | node  | left  |LP iter|LP it/n|mem/heur|mdpt |vars |cons |rows |cuts |sepa|confs|strbr|  dualbound   | primalbound  |  gap   | compl. 
  5.8s|     1 |     0 |  2910 |     - |   108M |   0 | 434 |1702 |1586 |   0 |  0 | 220 |   0 | 8.329273e-01 | 8.547259e-01 |   2.62%| unknown
  5.8s|     1 |     0 |  2910 |     - |   108M |   0 | 434 |1709 |1473 |   0 |  0 | 227 |   0 | 8.329273e-01 | 8.547259e-01 |   2.62%| unknown
  5.8s|     1 |     0 |  2924 |     - |   109M |   0 | 434 |1643 |1464 |   4 |  1 | 227 |   0 | 8.329273e-01 | 8.547259e-01 |   2.62%| unknown
  5.9s|     1 |     0 |  2956 |     - |   109M |   0 | 434 |1644 |1466 |   6 |  2 | 230 |   0 | 8.329273e-01 | 8.547259e-01 |   2.62%| unknown
  6.0s|     1 |     0 |  2968 |     - |   110M |   0 | 434 |1633 |1470 |  10 |  3 | 232 |   0 | 8.329273e-01 | 8.547259e-01 |   2.62%| unknown
  6.1s|     1 |     0 |  2982 |     - |   111M |   0 | 434 |1625 |1472 |  12 |  4 | 234 |   0 | 8.329273e-01 | 8.547259e-01 |   2.62%| unknown
  6.2s|     1 |     0 |  2994 |     - |   113M |   0 | 434 |1625 |1474 |  14 |  5 | 235 |   0 | 8.329273e-01 | 8.547259e-01 |   2.62%| unknown
  6.2s|     1 |     0 |  3015 |     - |   114M |   0 | 434 |1629 |1477 |  17 |  6 | 239 |   0 | 8.329273e-01 | 8.547259e-01 |   2.62%| unknown
  6.3s|     1 |     0 |  3043 |     - |   115M |   0 | 434 |1626 |1479 |  19 |  7 | 241 |   0 | 8.329273e-01 | 8.547259e-01 |   2.62%| unknown
  6.4s|     1 |     0 |  3055 |     - |   116M |   0 | 434 |1634 |1480 |  20 |  8 | 251 |   0 | 8.329273e-01 | 8.547259e-01 |   2.62%| unknown
  6.5s|     1 |     0 |  3087 |     - |   120M |   0 | 434 |1640 |1482 |  22 |  9 | 257 |   0 | 8.329273e-01 | 8.547259e-01 |   2.62%| unknown
  6.6s|     1 |     0 |  3104 |     - |   123M |   0 | 434 |1649 |1451 |  23 | 10 | 267 |   0 | 8.329273e-01 | 8.547259e-01 |   2.62%| unknown
  6.6s|     1 |     0 |  3117 |     - |   123M |   0 | 434 |1654 |1452 |  24 | 11 | 272 |   0 | 8.329273e-01 | 8.547259e-01 |   2.62%| unknown
  6.6s|     1 |     0 |  3117 |     - |   123M |   0 | 434 |1587 |1452 |  24 | 11 | 274 |   0 | 8.329273e-01 | 8.547259e-01 |   2.62%| unknown
  6.6s|     1 |     0 |  3118 |     - |   123M |   0 | 434 |1587 |1453 |  25 | 12 | 274 |   0 | 8.329273e-01 | 8.547259e-01 |   2.62%| unknown
 time | node  | left  |LP iter|LP it/n|mem/heur|mdpt |vars |cons |rows |cuts |sepa|confs|strbr|  dualbound   | primalbound  |  gap   | compl. 
  6.6s|     1 |     0 |  3120 |     - |   124M |   0 | 434 |1589 |1454 |  26 | 13 | 276 |   0 | 8.329273e-01 | 8.547259e-01 |   2.62%| unknown
  6.6s|     1 |     0 |  3121 |     - |   124M |   0 | 434 |1590 |1455 |  27 | 14 | 277 |   0 | 8.329273e-01 | 8.547259e-01 |   2.62%| unknown
d 6.7s|     1 |     0 |  3702 |     - |conflict|   0 | 434 |1552 |1455 |   0 | 15 | 292 |   0 | 8.329273e-01 | 8.426658e-01 |   1.17%| unknown
L 6.7s|     1 |     0 |  3704 |     - |    rens|   0 | 434 |1552 |1455 |  27 | 15 | 292 |   0 | 8.329273e-01 | 8.398519e-01 |   0.83%| unknown
(run 3, node 1) restarting after 70 global fixings of integer variables

(restart) converted 22 cuts from the global cut pool into linear constraints

presolving:
(round 1, fast)       72 del vars, 85 del conss, 0 add conss, 0 chg bounds, 0 chg sides, 37 chg coeffs, 0 upgd conss, 0 impls, 1466 clqs, 0 implints
(round 2, exhaustive) 72 del vars, 85 del conss, 0 add conss, 0 chg bounds, 0 chg sides, 41 chg coeffs, 14 upgd conss, 0 impls, 1466 clqs, 0 implints
(round 3, fast)       72 del vars, 87 del conss, 0 add conss, 0 chg bounds, 0 chg sides, 41 chg coeffs, 14 upgd conss, 0 impls, 1466 clqs, 0 implints
(round 4, exhaustive) 72 del vars, 89 del conss, 0 add conss, 0 chg bounds, 0 chg sides, 87 chg coeffs, 14 upgd conss, 0 impls, 1467 clqs, 0 implints
presolving (5 rounds: 5 fast, 3 medium, 3 exhaustive):
 72 deleted vars, 90 deleted constraints, 0 added constraints, 0 tightened bounds, 0 added holes, 0 changed sides, 90 changed coefficients
 0 implications, 1467 cliques, 0 implied integral variables (0 bin, 0 int, 0 cont)
presolved problem has 362 variables (361 bin, 0 int, 1 cont) and 1484 constraints
     12 constraints of type <knapsack>
     88 constraints of type <setppc>
    125 constraints of type <linear>
   1259 constraints of type <logicor>
Presolving Time: 0.35
transformed 6/7 original solutions to the transformed problem space

 time | node  | left  |LP iter|LP it/n|mem/heur|mdpt |vars |cons |rows |cuts |sepa|confs|strbr|  dualbound   | primalbound  |  gap   | compl. 
  6.8s|     1 |     0 |  4005 |     - |   120M |   0 | 362 |1484 |1302 |   0 |  0 | 292 |   0 | 8.329273e-01 | 8.398519e-01 |   0.83%| unknown
  6.8s|     1 |     0 |  4005 |     - |   120M |   0 | 362 |1488 |1074 |   0 |  0 | 296 |   0 | 8.329273e-01 | 8.398519e-01 |   0.83%| unknown
  6.8s|     1 |     0 |  4027 |     - |   120M |   0 | 362 |1336 |1027 |   3 |  1 | 296 |   0 | 8.329273e-01 | 8.398519e-01 |   0.83%| unknown
  6.9s|     1 |     0 |  4047 |     - |   121M |   0 | 362 |1276 |1030 |   6 |  2 | 297 |   0 | 8.329273e-01 | 8.398519e-01 |   0.83%| unknown
  6.9s|     1 |     0 |  4074 |     - |   123M |   0 | 362 |1258 |1033 |   9 |  3 | 301 |   0 | 8.329273e-01 | 8.398519e-01 |   0.83%| unknown
  7.0s|     1 |     0 |  4089 |     - |   123M |   0 | 362 |1254 |1035 |  11 |  4 | 304 |   0 | 8.329273e-01 | 8.398519e-01 |   0.83%| unknown
  7.1s|     1 |     0 |  4095 |     - |   124M |   0 | 362 |1254 |1037 |  13 |  5 | 305 |   0 | 8.329273e-01 | 8.398519e-01 |   0.83%| unknown
  7.1s|     1 |     0 |  4112 |     - |   124M |   0 | 362 |1255 |1038 |  14 |  6 | 306 |   0 | 8.329273e-01 | 8.398519e-01 |   0.83%| unknown
  7.2s|     1 |     0 |  4130 |     - |   126M |   0 | 362 |1256 |1040 |  16 |  7 | 310 |   0 | 8.329273e-01 | 8.398519e-01 |   0.83%| unknown
  7.2s|     1 |     0 |  4143 |     - |   126M |   0 | 362 |1263 |1041 |  17 |  8 | 320 |   0 | 8.329273e-01 | 8.398519e-01 |   0.83%| unknown
  7.3s|     1 |     0 |  4161 |     - |   127M |   0 | 362 |1264 |1043 |  19 |  9 | 321 |   0 | 8.329273e-01 | 8.398519e-01 |   0.83%| unknown
  7.4s|     1 |     0 |  4176 |     - |   129M |   0 | 362 |1274 |1044 |  20 | 10 | 331 |   0 | 8.329273e-01 | 8.398519e-01 |   0.83%| unknown
  7.5s|     1 |     0 |  4184 |     - |   129M |   0 | 362 |1273 |1046 |  22 | 11 | 333 |   0 | 8.329273e-01 | 8.398519e-01 |   0.83%| unknown
  7.5s|     1 |     0 |  4184 |     - |   129M |   0 | 362 |1117 |1046 |  22 | 11 | 336 |   0 | 8.329273e-01 | 8.398519e-01 |   0.83%| unknown
(run 4, node 1) restarting after 154 global fixings of integer variables

(restart) converted 16 cuts from the global cut pool into linear constraints

presolving:
(round 1, fast)       155 del vars, 293 del conss, 0 add conss, 0 chg bounds, 0 chg sides, 1074 chg coeffs, 0 upgd conss, 0 impls, 471 clqs, 0 implints
(round 2, exhaustive) 155 del vars, 295 del conss, 0 add conss, 0 chg bounds, 0 chg sides, 1074 chg coeffs, 0 upgd conss, 0 impls, 471 clqs, 0 implints
(round 3, exhaustive) 155 del vars, 295 del conss, 0 add conss, 0 chg bounds, 0 chg sides, 1075 chg coeffs, 14 upgd conss, 0 impls, 471 clqs, 0 implints
(round 4, exhaustive) 155 del vars, 310 del conss, 0 add conss, 0 chg bounds, 0 chg sides, 1083 chg coeffs, 14 upgd conss, 0 impls, 472 clqs, 0 implints
(round 5, exhaustive) 155 del vars, 310 del conss, 0 add conss, 0 chg bounds, 0 chg sides, 1096 chg coeffs, 14 upgd conss, 0 impls, 472 clqs, 0 implints
presolving (6 rounds: 6 fast, 5 medium, 5 exhaustive):
 155 deleted vars, 310 deleted constraints, 0 added constraints, 0 tightened bounds, 0 added holes, 0 changed sides, 1096 changed coefficients
 0 implications, 472 cliques, 0 implied integral variables (0 bin, 0 int, 0 cont)
presolved problem has 207 variables (206 bin, 0 int, 1 cont) and 829 constraints
     15 constraints of type <knapsack>
     80 constraints of type <setppc>
     93 constraints of type <linear>
    641 constraints of type <logicor>
Presolving Time: 0.36
transformed 5/7 original solutions to the transformed problem space

 time | node  | left  |LP iter|LP it/n|mem/heur|mdpt |vars |cons |rows |cuts |sepa|confs|strbr|  dualbound   | primalbound  |  gap   | compl. 
  7.6s|     1 |     0 |  4940 |     - |   124M |   0 | 207 | 829 | 641 |   0 |  0 | 345 |   0 | 8.329273e-01 | 8.398519e-01 |   0.83%| unknown
  7.6s|     1 |     0 |  4940 |     - |   124M |   0 | 207 | 830 | 621 |   0 |  0 | 346 |   0 | 8.329273e-01 | 8.398519e-01 |   0.83%| unknown
  7.6s|     1 |     0 |  4968 |     - |   125M |   0 | 207 | 825 | 622 |   1 |  1 | 346 |   0 | 8.329273e-01 | 8.398519e-01 |   0.83%| unknown
  7.7s|     1 |     0 |  4996 |     - |   125M |   0 | 207 | 827 | 624 |   3 |  2 | 350 |   0 | 8.329273e-01 | 8.398519e-01 |   0.83%| unknown
  7.7s|     1 |     0 |  5022 |     - |   126M |   0 | 207 | 821 | 626 |   5 |  3 | 351 |   0 | 8.329273e-01 | 8.398519e-01 |   0.83%| unknown
  7.8s|     1 |     0 |  5037 |     - |   127M |   0 | 207 | 824 | 627 |   6 |  4 | 355 |   0 | 8.329273e-01 | 8.398519e-01 |   0.83%| unknown
  7.9s|     1 |     0 |  5046 |     - |   127M |   0 | 207 | 826 | 628 |   7 |  5 | 358 |   0 | 8.329273e-01 | 8.398519e-01 |   0.83%| unknown
  7.9s|     1 |     0 |  5060 |     - |   128M |   0 | 207 | 827 | 629 |   8 |  6 | 360 |   0 | 8.329273e-01 | 8.398519e-01 |   0.83%| unknown
  8.0s|     1 |     0 |  5079 |     - |   129M |   0 | 207 | 830 | 631 |  10 |  7 | 364 |   0 | 8.329273e-01 | 8.398519e-01 |   0.83%| unknown
  8.0s|     1 |     0 |  5123 |     - |   129M |   0 | 207 | 835 | 632 |  11 |  8 | 369 |   0 | 8.329273e-01 | 8.398519e-01 |   0.83%| unknown
  8.1s|     1 |     0 |  5141 |     - |   130M |   0 | 207 | 839 | 633 |  12 |  9 | 374 |   0 | 8.329273e-01 | 8.398519e-01 |   0.83%| unknown
  8.2s|     1 |     0 |  5159 |     - |   130M |   0 | 207 | 843 | 634 |  13 | 10 | 378 |   0 | 8.329273e-01 | 8.398519e-01 |   0.83%| unknown
  8.2s|     1 |     0 |  5165 |     - |   130M |   0 | 207 | 849 | 576 |  15 | 11 | 384 |   0 | 8.329273e-01 | 8.398519e-01 |   0.83%| unknown
  8.3s|     1 |     0 |  5412 |     - |   130M |   0 | 207 | 841 | 573 |  15 | 11 | 396 |  18 | 8.329901e-01 | 8.398519e-01 |   0.82%| unknown
  8.4s|     1 |     0 |  5422 |     - |   131M |   0 | 207 | 808 | 474 |  18 | 12 | 401 |  18 | 8.329993e-01 | 8.398519e-01 |   0.82%| unknown
(run 5, node 1) restarting after 15 global fixings of integer variables

(restart) converted 14 cuts from the global cut pool into linear constraints

presolving:
(round 1, fast)       18 del vars, 79 del conss, 4 add conss, 0 chg bounds, 0 chg sides, 93 chg coeffs, 0 upgd conss, 0 impls, 301 clqs, 0 implints
(round 2, exhaustive) 18 del vars, 81 del conss, 4 add conss, 0 chg bounds, 0 chg sides, 93 chg coeffs, 0 upgd conss, 0 impls, 301 clqs, 0 implints
(round 3, exhaustive) 18 del vars, 85 del conss, 4 add conss, 0 chg bounds, 0 chg sides, 93 chg coeffs, 0 upgd conss, 0 impls, 301 clqs, 0 implints
(round 4, exhaustive) 18 del vars, 85 del conss, 4 add conss, 0 chg bounds, 0 chg sides, 93 chg coeffs, 6 upgd conss, 0 impls, 301 clqs, 0 implints
(round 5, exhaustive) 18 del vars, 103 del conss, 4 add conss, 0 chg bounds, 0 chg sides, 145 chg coeffs, 6 upgd conss, 0 impls, 301 clqs, 0 implints
(round 6, exhaustive) 18 del vars, 110 del conss, 4 add conss, 0 chg bounds, 0 chg sides, 145 chg coeffs, 6 upgd conss, 0 impls, 302 clqs, 0 implints
(round 7, exhaustive) 18 del vars, 110 del conss, 4 add conss, 0 chg bounds, 0 chg sides, 152 chg coeffs, 6 upgd conss, 0 impls, 302 clqs, 0 implints
presolving (8 rounds: 8 fast, 7 medium, 7 exhaustive):
 18 deleted vars, 110 deleted constraints, 4 added constraints, 0 tightened bounds, 0 added holes, 0 changed sides, 152 changed coefficients
 0 implications, 302 cliques, 0 implied integral variables (0 bin, 0 int, 0 cont)
presolved problem has 189 variables (188 bin, 0 int, 1 cont) and 701 constraints
     14 constraints of type <knapsack>
     57 constraints of type <setppc>
    101 constraints of type <linear>
    529 constraints of type <logicor>
Presolving Time: 0.37
transformed 2/7 original solutions to the transformed problem space

 time | node  | left  |LP iter|LP it/n|mem/heur|mdpt |vars |cons |rows |cuts |sepa|confs|strbr|  dualbound   | primalbound  |  gap   | compl. 
  8.4s|     1 |     0 |  5668 |     - |   127M |   0 | 189 | 701 | 515 |   0 |  0 | 407 |  18 | 8.329993e-01 | 8.398519e-01 |   0.82%| unknown
  8.4s|     1 |     0 |  5695 |     - |   127M |   0 | 189 | 702 | 518 |   3 |  1 | 408 |  18 | 8.331423e-01 | 8.398519e-01 |   0.81%| unknown
  8.5s|     1 |     0 |  5721 |     - |   127M |   0 | 189 | 702 | 520 |   5 |  2 | 408 |  18 | 8.331452e-01 | 8.398519e-01 |   0.80%| unknown
  8.5s|     1 |     0 |  5754 |     - |   128M |   0 | 189 | 706 | 524 |   9 |  3 | 412 |  18 | 8.331589e-01 | 8.398519e-01 |   0.80%| unknown
  8.6s|     1 |     0 |  5764 |     - |   128M |   0 | 189 | 710 | 528 |  13 |  4 | 416 |  18 | 8.331589e-01 | 8.398519e-01 |   0.80%| unknown
  8.6s|     1 |     0 |  5785 |     - |   128M |   0 | 189 | 711 | 530 |  15 |  5 | 417 |  18 | 8.331589e-01 | 8.398519e-01 |   0.80%| unknown
  8.7s|     1 |     0 |  5808 |     - |   129M |   0 | 189 | 713 | 531 |  16 |  6 | 419 |  18 | 8.331662e-01 | 8.398519e-01 |   0.80%| unknown
  8.7s|     1 |     0 |  5834 |     - |   129M |   0 | 189 | 713 | 534 |  19 |  7 | 419 |  18 | 8.331970e-01 | 8.398519e-01 |   0.80%| unknown
  8.8s|     1 |     0 |  5862 |     - |   130M |   0 | 189 | 714 | 536 |  21 |  8 | 420 |  18 | 8.331995e-01 | 8.398519e-01 |   0.80%| unknown
  8.8s|     1 |     0 |  5891 |     - |   131M |   0 | 189 | 714 | 538 |  23 |  9 | 420 |  18 | 8.332111e-01 | 8.398519e-01 |   0.80%| unknown
  8.8s|     1 |     0 |  5922 |     - |   131M |   0 | 189 | 715 | 459 |  27 | 10 | 421 |  18 | 8.332526e-01 | 8.398519e-01 |   0.79%| unknown
  8.9s|     1 |     0 |  5951 |     - |   131M |   0 | 189 | 715 | 461 |  29 | 11 | 421 |  18 | 8.332639e-01 | 8.398519e-01 |   0.79%| unknown
  8.9s|     1 |     0 |  6194 |     - |   131M |   0 | 189 | 701 | 461 |  29 | 11 | 428 |  26 | 8.332646e-01 | 8.398519e-01 |   0.79%| unknown
  8.9s|     1 |     0 |  6233 |     - |   131M |   0 | 189 | 701 | 464 |  32 | 12 | 431 |  26 | 8.332825e-01 | 8.398519e-01 |   0.79%| unknown
  8.9s|     1 |     0 |  6241 |     - |   131M |   0 | 189 | 702 | 465 |  33 | 13 | 432 |  26 | 8.332874e-01 | 8.398519e-01 |   0.79%| unknown
 time | node  | left  |LP iter|LP it/n|mem/heur|mdpt |vars |cons |rows |cuts |sepa|confs|strbr|  dualbound   | primalbound  |  gap   | compl. 
  9.0s|     1 |     2 |  6248 |     - |   131M |   0 | 189 | 703 | 465 |  33 | 13 | 433 |  45 | 8.333168e-01 | 8.398519e-01 |   0.78%| unknown

SCIP Status        : problem is solved [optimal solution found]
Solving Time (sec) : 9.17
Solving Nodes      : 7 (total of 12 nodes in 6 runs)
Primal Bound       : +8.39851897194939e-01 (7 solutions)
Dual Bound         : +8.39851897194939e-01
Gap                : 0.00 %
objective value:                    0.839851897194939
x_('12_5', '13_1')                                  1 	(obj:0.029775310754819)
x_('11_17', '12_5')                                 1 	(obj:0.0235420081967213)
x_('10_31', '11_17')                                1 	(obj:0.0258647008728976)
x_('9_42', '10_31')                                 1 	(obj:0.0610714285714286)
x_('8_45', '9_42')                                  1 	(obj:0.0407201405152225)
x_('7_37', '8_45')                                  1 	(obj:0.0439441598360656)
x_('6_35', '7_37')                                  1 	(obj:0.0482142857142857)
x_('5_30', '6_35')                                  1 	(obj:0.0346747658079625)
x_('4_25', '5_30')                                  1 	(obj:0.0833954332552693)
x_('3_20', '4_25')                                  1 	(obj:0.0835846018735363)
x_('2_14', '3_20')                                  1 	(obj:0.0842248243559719)
x_('1_10', '2_14')                                  1 	(obj:0.158480093676815)
x_('0_1', '1_10')                                   1 	(obj:0.0321428571428571)
y_0_0                                               1 	(obj:0)
y_1_0                                               1 	(obj:0)
y_2_0                                               1 	(obj:0)
y_3_1                                               1 	(obj:0)
y_4_1                                               1 	(obj:0)
y_5_1                                               1 	(obj:0)
y_6_2                                               1 	(obj:0)
y_7_2                                               1 	(obj:0)
y_8_2                                               1 	(obj:0)
y_9_2                                               1 	(obj:0)
y_10_3                                              1 	(obj:0)
y_11_3                                              1 	(obj:0)
y_12_3                                              1 	(obj:0)
z_('3268741', '3425762')_2                          1 	(obj:0)
z_('3268741', '1966592X')_0                         1 	(obj:0)
z_('1966592X', '3452192')_0                         1 	(obj:0)
z_('3452192', '1353870')_0                          1 	(obj:0)
z_('3452192', '3520162')_1                          1 	(obj:0)
z_('3520162', '3307092')_2                          1 	(obj:0)
z_('3520162', '3524054')_1                          1 	(obj:0)
z_('3268740', '3524054')_1                          1 	(obj:0)
z_('3524054', '3179975')_2                          1 	(obj:0)
z_('3179975', '3422998')_2                          1 	(obj:0)
z_('3422998', '2495223X')_3                         1 	(obj:0)
z_('3422998', '1353870_01')_3                       1 	(obj:0)
z_('2495223X', '2245784X')_3                        1 	(obj:0)
alpha                                3.51831325301205 	(obj:0.0256421984437715)
  obj=0.840  alpha=584.0s  time=9.27s

k = 1
  Subgraph edges — edge_w: 13 (1.2%)  bal_w: 13 (1.2%)  combined: 26 (2.4%)  blended: 13 (1.2%)  blended_union: 37 (3.3%)  diverse: 13 (1.2%)
  [3a] Subgraph / edge_w   k=1 …
2026-07-01 18:56:48.851 | INFO     | pycaalp.time_balancing.model:run_mip:430 - Running MIP solver ...
      obj=0.840 (vs_full=-0.00%)  alpha=584.0s  build=0.002s solve=0.024s  vs_full=+0.00%
  [3b] Subgraph / bal_w    k=1 …
2026-07-01 18:56:48.874 | INFO     | pycaalp.time_balancing.model:run_mip:430 - Running MIP solver ...
      obj=1.146 (vs_full=+36.49%)  alpha=597.8s  build=0.002s solve=0.125s  vs_full=+2.36%
  [3c] Subgraph / combined k=1 …
2026-07-01 18:56:49.000 | INFO     | pycaalp.time_balancing.model:run_mip:430 - Running MIP solver ...
      obj=0.840 (vs_full=-0.00%)  alpha=584.0s  build=0.003s solve=0.153s  vs_full=+0.00%
  [3d] Subgraph / blended  k=1 …
2026-07-01 18:56:49.153 | INFO     | pycaalp.time_balancing.model:run_mip:430 - Running MIP solver ...
      obj=0.846 (vs_full=+0.78%)  alpha=584.0s  build=0.002s solve=0.057s  vs_full=+0.00%
  [3e] Subgraph / bl-union k=1 …
2026-07-01 18:56:49.211 | INFO     | pycaalp.time_balancing.model:run_mip:430 - Running MIP solver ...
      obj=0.840 (vs_full=-0.00%)  alpha=584.0s  build=0.010s solve=0.159s  vs_full=+0.00%
  [3f] Subgraph / diverse  k=1 …
2026-07-01 18:56:49.369 | INFO     | pycaalp.time_balancing.model:run_mip:430 - Running MIP solver ...
      obj=0.846 (vs_full=+0.78%)  alpha=584.0s  build=0.004s solve=0.058s  vs_full=+0.00%

k = 2
  Subgraph edges — edge_w: 15 (1.4%)  bal_w: 15 (1.4%)  combined: 30 (2.7%)  blended: 15 (1.4%)  blended_union: 43 (3.9%)  diverse: 26 (2.4%)
  [3a] Subgraph / edge_w   k=2 …
2026-07-01 18:56:49.463 | INFO     | pycaalp.time_balancing.model:run_mip:430 - Running MIP solver ...
      obj=0.840 (vs_full=-0.00%)  alpha=584.0s  build=0.004s solve=0.066s  vs_full=+0.00%
  [3b] Subgraph / bal_w    k=2 …
2026-07-01 18:56:49.529 | INFO     | pycaalp.time_balancing.model:run_mip:430 - Running MIP solver ...
      obj=1.146 (vs_full=+36.49%)  alpha=597.8s  build=0.002s solve=0.187s  vs_full=+2.36%
  [3c] Subgraph / combined k=2 …
2026-07-01 18:56:49.715 | INFO     | pycaalp.time_balancing.model:run_mip:430 - Running MIP solver ...
      obj=0.840 (vs_full=-0.00%)  alpha=584.0s  build=0.005s solve=0.246s  vs_full=+0.00%
  [3d] Subgraph / blended  k=2 …
2026-07-01 18:56:49.961 | INFO     | pycaalp.time_balancing.model:run_mip:430 - Running MIP solver ...
      obj=0.846 (vs_full=+0.78%)  alpha=584.0s  build=0.003s solve=0.234s  vs_full=+0.00%
  [3e] Subgraph / bl-union k=2 …
2026-07-01 18:56:50.196 | INFO     | pycaalp.time_balancing.model:run_mip:430 - Running MIP solver ...
      obj=0.840 (vs_full=-0.00%)  alpha=584.0s  build=0.017s solve=0.796s  vs_full=+0.00%
  [3f] Subgraph / diverse  k=2 …
2026-07-01 18:56:50.991 | INFO     | pycaalp.time_balancing.model:run_mip:430 - Running MIP solver ...
      obj=0.843 (vs_full=+0.38%)  alpha=584.0s  build=0.004s solve=0.419s  vs_full=+0.00%

k = 5
  Subgraph edges — edge_w: 21 (1.9%)  bal_w: 27 (2.4%)  combined: 48 (4.3%)  blended: 19 (1.7%)  blended_union: 60 (5.4%)  diverse: 65 (5.9%)
  [3a] Subgraph / edge_w   k=5 …
2026-07-01 18:56:51.563 | INFO     | pycaalp.time_balancing.model:run_mip:430 - Running MIP solver ...
      obj=0.840 (vs_full=-0.00%)  alpha=584.0s  build=0.024s solve=0.548s  vs_full=+0.00%
  [3b] Subgraph / bal_w    k=5 …
2026-07-01 18:56:52.111 | INFO     | pycaalp.time_balancing.model:run_mip:430 - Running MIP solver ...
      obj=1.130 (vs_full=+34.60%)  alpha=597.8s  build=0.014s solve=0.206s  vs_full=+2.36%
  [3c] Subgraph / combined k=5 …
2026-07-01 18:56:52.317 | INFO     | pycaalp.time_balancing.model:run_mip:430 - Running MIP solver ...
      obj=0.840 (vs_full=-0.00%)  alpha=584.0s  build=0.028s solve=0.663s  vs_full=+0.00%
  [3d] Subgraph / blended  k=5 …
2026-07-01 18:56:52.980 | INFO     | pycaalp.time_balancing.model:run_mip:430 - Running MIP solver ...
      obj=0.846 (vs_full=+0.78%)  alpha=584.0s  build=0.010s solve=0.274s  vs_full=+0.00%
  [3e] Subgraph / bl-union k=5 …
2026-07-01 18:56:53.254 | INFO     | pycaalp.time_balancing.model:run_mip:430 - Running MIP solver ...
      obj=0.840 (vs_full=-0.00%)  alpha=584.0s  build=0.064s solve=0.548s  vs_full=+0.00%
  [3f] Subgraph / diverse  k=5 …
2026-07-01 18:56:53.803 | INFO     | pycaalp.time_balancing.model:run_mip:430 - Running MIP solver ...
      obj=0.840 (vs_full=-0.00%)  alpha=584.0s  build=0.013s solve=1.389s  vs_full=+0.00%

k = 10
  Subgraph edges — edge_w: 24 (2.2%)  bal_w: 38 (3.4%)  combined: 62 (5.6%)  blended: 24 (2.2%)  blended_union: 76 (6.9%)  diverse: 126 (11.4%)
  [3a] Subgraph / edge_w   k=10 …
2026-07-01 18:56:55.477 | INFO     | pycaalp.time_balancing.model:run_mip:430 - Running MIP solver ...
      obj=0.840 (vs_full=-0.00%)  alpha=584.0s  build=0.056s solve=0.100s  vs_full=+0.00%
  [3b] Subgraph / bal_w    k=10 …
2026-07-01 18:56:55.577 | INFO     | pycaalp.time_balancing.model:run_mip:430 - Running MIP solver ...
      obj=1.130 (vs_full=+34.60%)  alpha=597.8s  build=0.018s solve=0.502s  vs_full=+2.36%
  [3c] Subgraph / combined k=10 …
2026-07-01 18:56:56.079 | INFO     | pycaalp.time_balancing.model:run_mip:430 - Running MIP solver ...
      obj=0.840 (vs_full=-0.00%)  alpha=584.0s  build=0.060s solve=0.347s  vs_full=+0.00%
  [3d] Subgraph / blended  k=10 …
2026-07-01 18:56:56.426 | INFO     | pycaalp.time_balancing.model:run_mip:430 - Running MIP solver ...
      obj=0.844 (vs_full=+0.47%)  alpha=584.0s  build=0.059s solve=0.342s  vs_full=+0.00%
  [3e] Subgraph / bl-union k=10 …
2026-07-01 18:56:56.768 | INFO     | pycaalp.time_balancing.model:run_mip:430 - Running MIP solver ...
      obj=0.840 (vs_full=-0.00%)  alpha=584.0s  build=0.082s solve=0.481s  vs_full=+0.00%
  [3f] Subgraph / diverse  k=10 …
2026-07-01 18:56:57.249 | INFO     | pycaalp.time_balancing.model:run_mip:430 - Running MIP solver ...
      obj=0.840 (vs_full=-0.00%)  alpha=584.0s  build=0.009s solve=1.474s  vs_full=+0.00%

k = 20
  Subgraph edges — edge_w: 35 (3.2%)  bal_w: 42 (3.8%)  combined: 77 (7.0%)  blended: 33 (3.0%)  blended_union: 92 (8.3%)  diverse: 239 (21.6%)
  [3a] Subgraph / edge_w   k=20 …
2026-07-01 18:56:59.232 | INFO     | pycaalp.time_balancing.model:run_mip:430 - Running MIP solver ...
      obj=0.840 (vs_full=+0.00%)  alpha=584.0s  build=0.067s solve=0.964s  vs_full=+0.00%
  [3b] Subgraph / bal_w    k=20 …
2026-07-01 18:57:00.196 | INFO     | pycaalp.time_balancing.model:run_mip:430 - Running MIP solver ...
      obj=1.130 (vs_full=+34.60%)  alpha=597.8s  build=0.033s solve=1.158s  vs_full=+2.36%
  [3c] Subgraph / combined k=20 …
2026-07-01 18:57:01.354 | INFO     | pycaalp.time_balancing.model:run_mip:430 - Running MIP solver ...
      obj=0.840 (vs_full=-0.00%)  alpha=584.0s  build=0.088s solve=1.217s  vs_full=+0.00%
  [3d] Subgraph / blended  k=20 …
2026-07-01 18:57:02.572 | INFO     | pycaalp.time_balancing.model:run_mip:430 - Running MIP solver ...
      obj=0.840 (vs_full=+0.02%)  alpha=584.0s  build=0.082s solve=1.166s  vs_full=+0.00%
  [3e] Subgraph / bl-union k=20 …
2026-07-01 18:57:03.737 | INFO     | pycaalp.time_balancing.model:run_mip:430 - Running MIP solver ...
      obj=0.840 (vs_full=+0.00%)  alpha=584.0s  build=0.211s solve=2.255s  vs_full=+0.00%
  [3f] Subgraph / diverse  k=20 …
2026-07-01 18:57:05.992 | INFO     | pycaalp.time_balancing.model:run_mip:430 - Running MIP solver ...
      obj=0.840 (vs_full=-0.00%)  alpha=584.0s  build=0.028s solve=2.335s  vs_full=+0.00%

k = 50
  Subgraph edges — edge_w: 54 (4.9%)  bal_w: 63 (5.7%)  combined: 116 (10.5%)  blended: 60 (5.4%)  blended_union: 125 (11.3%)  diverse: 511 (46.2%)
  [3a] Subgraph / edge_w   k=50 …
2026-07-01 18:57:09.861 | INFO     | pycaalp.time_balancing.model:run_mip:430 - Running MIP solver ...
      obj=0.840 (vs_full=-0.00%)  alpha=584.0s  build=0.202s solve=0.678s  vs_full=+0.00%
  [3b] Subgraph / bal_w    k=50 …
2026-07-01 18:57:10.539 | INFO     | pycaalp.time_balancing.model:run_mip:430 - Running MIP solver ...
      obj=1.124 (vs_full=+33.88%)  alpha=602.7s  build=0.135s solve=3.604s  vs_full=+3.19%
  [3c] Subgraph / combined k=50 …
2026-07-01 18:57:14.144 | INFO     | pycaalp.time_balancing.model:run_mip:430 - Running MIP solver ...
      obj=0.840 (vs_full=-0.00%)  alpha=584.0s  build=0.306s solve=1.155s  vs_full=+0.00%
  [3d] Subgraph / blended  k=50 …
2026-07-01 18:57:15.299 | INFO     | pycaalp.time_balancing.model:run_mip:430 - Running MIP solver ...
      obj=0.840 (vs_full=-0.00%)  alpha=584.0s  build=0.165s solve=1.556s  vs_full=+0.00%
  [3e] Subgraph / bl-union k=50 …
2026-07-01 18:57:16.855 | INFO     | pycaalp.time_balancing.model:run_mip:430 - Running MIP solver ...
      obj=0.840 (vs_full=-0.00%)  alpha=584.0s  build=0.667s solve=1.496s  vs_full=+0.00%
  [3f] Subgraph / diverse  k=50 …
2026-07-01 18:57:18.351 | INFO     | pycaalp.time_balancing.model:run_mip:430 - Running MIP solver ...
      obj=0.840 (vs_full=-0.00%)  alpha=584.0s  build=0.059s solve=3.612s  vs_full=+0.00%

k = 100
  Subgraph edges — edge_w: 78 (7.1%)  bal_w: 86 (7.8%)  combined: 162 (14.7%)  blended: 74 (6.7%)  blended_union: 153 (13.8%)  diverse: 748 (67.7%)
  [3a] Subgraph / edge_w   k=100 …
2026-07-01 18:57:24.691 | INFO     | pycaalp.time_balancing.model:run_mip:430 - Running MIP solver ...
      obj=0.840 (vs_full=-0.00%)  alpha=584.0s  build=0.317s solve=1.048s  vs_full=+0.00%
  [3b] Subgraph / bal_w    k=100 …
2026-07-01 18:57:25.739 | INFO     | pycaalp.time_balancing.model:run_mip:430 - Running MIP solver ...
      obj=1.124 (vs_full=+33.87%)  alpha=597.8s  build=0.183s solve=1.986s  vs_full=+2.36%
  [3c] Subgraph / combined k=100 …
2026-07-01 18:57:27.725 | INFO     | pycaalp.time_balancing.model:run_mip:430 - Running MIP solver ...
      obj=0.840 (vs_full=-0.00%)  alpha=584.0s  build=0.576s solve=1.889s  vs_full=+0.00%
  [3d] Subgraph / blended  k=100 …
2026-07-01 18:57:29.614 | INFO     | pycaalp.time_balancing.model:run_mip:430 - Running MIP solver ...
      obj=0.840 (vs_full=-0.00%)  alpha=584.0s  build=0.365s solve=1.993s  vs_full=+0.00%
  [3e] Subgraph / bl-union k=100 …
2026-07-01 18:57:31.608 | INFO     | pycaalp.time_balancing.model:run_mip:430 - Running MIP solver ...
      obj=0.840 (vs_full=-0.00%)  alpha=584.0s  build=1.200s solve=1.359s  vs_full=+0.00%
  [3f] Subgraph / diverse  k=100 …
2026-07-01 18:57:32.967 | INFO     | pycaalp.time_balancing.model:run_mip:430 - Running MIP solver ...
      obj=0.840 (vs_full=-0.00%)  alpha=584.0s  build=0.086s solve=5.966s  vs_full=+0.00%

k = 200
  Subgraph edges — edge_w: 95 (8.6%)  bal_w: 111 (10.0%)  combined: 202 (18.3%)  blended: 85 (7.7%)  blended_union: 177 (16.0%)  diverse: 907 (82.1%)
  [3a] Subgraph / edge_w   k=200 …
2026-07-01 18:57:44.780 | INFO     | pycaalp.time_balancing.model:run_mip:430 - Running MIP solver ...
      obj=0.840 (vs_full=-0.00%)  alpha=584.0s  build=0.771s solve=1.096s  vs_full=+0.00%
  [3b] Subgraph / bal_w    k=200 …
2026-07-01 18:57:45.876 | INFO     | pycaalp.time_balancing.model:run_mip:430 - Running MIP solver ...
      obj=1.120 (vs_full=+33.38%)  alpha=602.7s  build=0.465s solve=1.937s  vs_full=+3.19%
  [3c] Subgraph / combined k=200 …
2026-07-01 18:57:47.814 | INFO     | pycaalp.time_balancing.model:run_mip:430 - Running MIP solver ...
      obj=0.840 (vs_full=-0.00%)  alpha=584.0s  build=1.142s solve=1.365s  vs_full=+0.00%
  [3d] Subgraph / blended  k=200 …
2026-07-01 18:57:49.179 | INFO     | pycaalp.time_balancing.model:run_mip:430 - Running MIP solver ...
      obj=0.840 (vs_full=-0.00%)  alpha=584.0s  build=0.595s solve=2.350s  vs_full=+0.00%
  [3e] Subgraph / bl-union k=200 …
2026-07-01 18:57:51.529 | INFO     | pycaalp.time_balancing.model:run_mip:430 - Running MIP solver ...
      obj=0.840 (vs_full=+0.00%)  alpha=584.0s  build=2.691s solve=1.829s  vs_full=+0.00%
  [3f] Subgraph / diverse  k=200 …
2026-07-01 18:57:53.359 | INFO     | pycaalp.time_balancing.model:run_mip:430 - Running MIP solver ...
      obj=0.840 (vs_full=-0.00%)  alpha=584.0s  build=0.183s solve=6.413s  vs_full=+0.00%

k = 500
  Subgraph edges — edge_w: 108 (9.8%)  bal_w: 153 (13.8%)  combined: 257 (23.3%)  blended: 101 (9.1%)  blended_union: 245 (22.2%)  diverse: 1043 (94.4%)
  [3a] Subgraph / edge_w   k=500 …
2026-07-01 18:58:13.880 | INFO     | pycaalp.time_balancing.model:run_mip:430 - Running MIP solver ...
      obj=0.840 (vs_full=+0.00%)  alpha=584.0s  build=1.719s solve=1.091s  vs_full=+0.00%
  [3b] Subgraph / bal_w    k=500 …
2026-07-01 18:58:14.972 | INFO     | pycaalp.time_balancing.model:run_mip:430 - Running MIP solver ...
      obj=1.120 (vs_full=+33.38%)  alpha=602.7s  build=1.074s solve=2.951s  vs_full=+3.19%
  [3c] Subgraph / combined k=500 …
2026-07-01 18:58:17.923 | INFO     | pycaalp.time_balancing.model:run_mip:430 - Running MIP solver ...
      obj=0.840 (vs_full=-0.00%)  alpha=584.0s  build=2.884s solve=1.886s  vs_full=+0.00%
  [3d] Subgraph / blended  k=500 …
2026-07-01 18:58:19.809 | INFO     | pycaalp.time_balancing.model:run_mip:430 - Running MIP solver ...
      obj=0.840 (vs_full=-0.00%)  alpha=584.0s  build=1.609s solve=1.604s  vs_full=+0.00%
  [3e] Subgraph / bl-union k=500 …
2026-07-01 18:58:21.413 | INFO     | pycaalp.time_balancing.model:run_mip:430 - Running MIP solver ...
      obj=0.840 (vs_full=-0.00%)  alpha=584.0s  build=6.313s solve=2.214s  vs_full=+0.00%
  [3f] Subgraph / diverse  k=500 …
2026-07-01 18:58:23.627 | INFO     | pycaalp.time_balancing.model:run_mip:430 - Running MIP solver ...
      obj=0.840 (vs_full=-0.00%)  alpha=584.0s  build=0.509s solve=8.177s  vs_full=+0.00%

k = 1000
  Subgraph edges — edge_w: 142 (12.9%)  bal_w: 211 (19.1%)  combined: 346 (31.3%)  blended: 117 (10.6%)  blended_union: 297 (26.9%)  diverse: 1100 (99.5%)
  [3a] Subgraph / edge_w   k=1000 …
2026-07-01 18:58:59.992 | INFO     | pycaalp.time_balancing.model:run_mip:430 - Running MIP solver ...
      obj=0.840 (vs_full=-0.00%)  alpha=584.0s  build=3.576s solve=1.315s  vs_full=+0.00%
  [3b] Subgraph / bal_w    k=1000 …
2026-07-01 18:59:01.308 | INFO     | pycaalp.time_balancing.model:run_mip:430 - Running MIP solver ...
      obj=1.120 (vs_full=+33.38%)  alpha=602.7s  build=2.599s solve=4.839s  vs_full=+3.19%
  [3c] Subgraph / combined k=1000 …
2026-07-01 18:59:06.147 | INFO     | pycaalp.time_balancing.model:run_mip:430 - Running MIP solver ...
      obj=0.840 (vs_full=-0.00%)  alpha=584.0s  build=6.399s solve=4.630s  vs_full=+0.00%
  [3d] Subgraph / blended  k=1000 …
2026-07-01 18:59:10.777 | INFO     | pycaalp.time_balancing.model:run_mip:430 - Running MIP solver ...
      obj=0.840 (vs_full=-0.00%)  alpha=584.0s  build=3.444s solve=2.315s  vs_full=+0.00%
  [3e] Subgraph / bl-union k=1000 …
2026-07-01 18:59:13.092 | INFO     | pycaalp.time_balancing.model:run_mip:430 - Running MIP solver ...
      obj=0.840 (vs_full=-0.00%)  alpha=584.0s  build=11.177s solve=3.648s  vs_full=+0.00%
  [3f] Subgraph / diverse  k=1000 …
2026-07-01 18:59:16.741 | INFO     | pycaalp.time_balancing.model:run_mip:430 - Running MIP solver ...
      obj=0.840 (vs_full=+0.00%)  alpha=584.0s  build=0.993s solve=12.391s  vs_full=+0.00%

k = 2000
  Subgraph edges — edge_w: 185 (16.7%)  bal_w: 292 (26.4%)  combined: 460 (41.6%)  blended: 186 (16.8%)  blended_union: 410 (37.1%)  diverse: 1105 (100.0%)
  [3a] Subgraph / edge_w   k=2000 …
2026-07-01 19:00:38.999 | INFO     | pycaalp.time_balancing.model:run_mip:430 - Running MIP solver ...
      obj=0.840 (vs_full=-0.00%)  alpha=584.0s  build=8.279s solve=2.530s  vs_full=+0.00%
  [3b] Subgraph / bal_w    k=2000 …
2026-07-01 19:00:41.529 | INFO     | pycaalp.time_balancing.model:run_mip:430 - Running MIP solver ...
      obj=1.120 (vs_full=+33.38%)  alpha=602.7s  build=6.819s solve=5.824s  vs_full=+3.19%
  [3c] Subgraph / combined k=2000 …
2026-07-01 19:00:47.353 | INFO     | pycaalp.time_balancing.model:run_mip:430 - Running MIP solver ...
      obj=0.840 (vs_full=-0.00%)  alpha=584.0s  build=14.655s solve=3.330s  vs_full=+0.00%
  [3d] Subgraph / blended  k=2000 …
2026-07-01 19:00:50.684 | INFO     | pycaalp.time_balancing.model:run_mip:430 - Running MIP solver ...
      obj=0.840 (vs_full=-0.00%)  alpha=584.0s  build=8.412s solve=2.152s  vs_full=+0.00%
  [3e] Subgraph / bl-union k=2000 …
2026-07-01 19:00:52.835 | INFO     | pycaalp.time_balancing.model:run_mip:430 - Running MIP solver ...
      obj=0.840 (vs_full=-0.00%)  alpha=584.0s  build=29.479s solve=5.510s  vs_full=+0.00%
  [3f] Subgraph / diverse  k=2000 …
2026-07-01 19:00:58.346 | INFO     | pycaalp.time_balancing.model:run_mip:430 - Running MIP solver ...
      obj=0.840 (vs_full=+0.00%)  alpha=584.0s  build=2.223s solve=11.055s  vs_full=+0.00%

k = 5000
  Subgraph edges — edge_w: 232 (21.0%)  bal_w: 431 (39.0%)  combined: 632 (57.2%)  blended: 302 (27.3%)  blended_union: 525 (47.5%)  diverse: 1105 (100.0%)
  [3a] Subgraph / edge_w   k=5000 …
2026-07-01 19:05:38.535 | INFO     | pycaalp.time_balancing.model:run_mip:430 - Running MIP solver ...
      obj=0.840 (vs_full=-0.00%)  alpha=584.0s  build=32.259s solve=2.478s  vs_full=+0.00%
  [3b] Subgraph / bal_w    k=5000 …
2026-07-01 19:05:41.014 | INFO     | pycaalp.time_balancing.model:run_mip:430 - Running MIP solver ...
      obj=1.043 (vs_full=+24.17%)  alpha=581.1s  build=24.700s solve=5.804s  vs_full=-0.50%
  [3c] Subgraph / combined k=5000 …
2026-07-01 19:05:46.818 | INFO     | pycaalp.time_balancing.model:run_mip:430 - Running MIP solver ...
      obj=0.840 (vs_full=-0.00%)  alpha=584.0s  build=58.720s solve=5.427s  vs_full=+0.00%
  [3d] Subgraph / blended  k=5000 …
2026-07-01 19:05:52.245 | INFO     | pycaalp.time_balancing.model:run_mip:430 - Running MIP solver ...
      obj=0.840 (vs_full=-0.00%)  alpha=584.0s  build=35.614s solve=3.506s  vs_full=+0.00%
  [3e] Subgraph / bl-union k=5000 …
2026-07-01 19:05:55.751 | INFO     | pycaalp.time_balancing.model:run_mip:430 - Running MIP solver ...
      obj=0.840 (vs_full=-0.00%)  alpha=584.0s  build=112.185s solve=8.234s  vs_full=+0.00%
  [3f] Subgraph / diverse  k=5000 …
2026-07-01 19:06:03.985 | INFO     | pycaalp.time_balancing.model:run_mip:430 - Running MIP solver ...
      obj=0.840 (vs_full=+0.00%)  alpha=584.0s  build=5.655s solve=11.936s  vs_full=+0.00%

Results saved to experiments/strategy_comparison/assembly_1_np_4/strategy_comparison_lambda_0.1.csv
Plot with:  python -m experiments.strategy_comparison.plot_k_sensitivity

============================================================================================================================
SUMMARY — assembly_1  P=4  λ=0.1
============================================================================================================================
Strategy       Weight                      k   Build    Solve    Total  Spdup       Obj   ObjvsF     Alpha    AlvsF   Edges  %Grph
----------------------------------------------------------------------------------------------------------------------------
full_mip       —                               0.000    9.268    9.268   1.0x     0.840    +0.00    584.04    +0.00    1105  100.0
subgraph_mip   edge_weight                 1   0.002    0.024    0.026 355.9x     0.840    -0.00    584.04    +0.00      13    1.2
subgraph_mip   time_balanced_weight        1   0.002    0.125    0.127  72.9x     1.146   +36.49    597.84    +2.36      13    1.2
subgraph_mip   combined                    1   0.003    0.153    0.156  59.4x     0.840    -0.00    584.04    +0.00      26    2.4
subgraph_mip   blended                     1   0.002    0.057    0.058 158.7x     0.846    +0.78    584.04    +0.00      13    1.2
subgraph_mip   blended_union               1   0.010    0.159    0.168  55.0x     0.840    -0.00    584.04    +0.00      37    3.4
subgraph_mip   diverse                     1   0.004    0.058    0.061 150.8x     0.846    +0.78    584.04    +0.00      13    1.2
subgraph_mip   edge_weight                 2   0.004    0.066    0.070 132.7x     0.840    -0.00    584.04    +0.00      15    1.4
subgraph_mip   time_balanced_weight        2   0.002    0.187    0.189  49.1x     1.146   +36.49    597.84    +2.36      15    1.4
subgraph_mip   combined                    2   0.005    0.246    0.251  36.9x     0.840    -0.00    584.04    +0.00      30    2.7
subgraph_mip   blended                     2   0.003    0.234    0.237  39.1x     0.846    +0.78    584.04    +0.00      15    1.4
subgraph_mip   blended_union               2   0.017    0.796    0.812  11.4x     0.840    -0.00    584.04    +0.00      43    3.9
subgraph_mip   diverse                     2   0.004    0.419    0.423  21.9x     0.843    +0.38    584.04    +0.00      26    2.4
subgraph_mip   edge_weight                 5   0.024    0.548    0.571  16.2x     0.840    -0.00    584.04    +0.00      21    1.9
subgraph_mip   time_balanced_weight        5   0.014    0.206    0.220  42.1x     1.130   +34.60    597.84    +2.36      27    2.4
subgraph_mip   combined                    5   0.028    0.663    0.691  13.4x     0.840    -0.00    584.04    +0.00      48    4.3
subgraph_mip   blended                     5   0.010    0.274    0.284  32.6x     0.846    +0.78    584.04    +0.00      19    1.7
subgraph_mip   blended_union               5   0.064    0.548    0.612  15.2x     0.840    -0.00    584.04    +0.00      60    5.4
subgraph_mip   diverse                     5   0.013    1.389    1.402   6.6x     0.840    -0.00    584.04    +0.00      65    5.9
subgraph_mip   edge_weight                10   0.056    0.100    0.157  59.2x     0.840    -0.00    584.04    +0.00      24    2.2
subgraph_mip   time_balanced_weight       10   0.018    0.502    0.520  17.8x     1.130   +34.60    597.84    +2.36      38    3.4
subgraph_mip   combined                   10   0.060    0.347    0.407  22.8x     0.840    -0.00    584.04    +0.00      62    5.6
subgraph_mip   blended                    10   0.059    0.342    0.401  23.1x     0.844    +0.47    584.04    +0.00      24    2.2
subgraph_mip   blended_union              10   0.082    0.481    0.563  16.5x     0.840    -0.00    584.04    +0.00      76    6.9
subgraph_mip   diverse                    10   0.009    1.474    1.483   6.2x     0.840    -0.00    584.04    +0.00     126   11.4
subgraph_mip   edge_weight                20   0.067    0.964    1.031   9.0x     0.840    +0.00    584.04    +0.00      35    3.2
subgraph_mip   time_balanced_weight       20   0.033    1.158    1.191   7.8x     1.130   +34.60    597.84    +2.36      42    3.8
subgraph_mip   combined                   20   0.088    1.217    1.305   7.1x     0.840    -0.00    584.04    +0.00      77    7.0
subgraph_mip   blended                    20   0.082    1.166    1.248   7.4x     0.840    +0.02    584.04    +0.00      33    3.0
subgraph_mip   blended_union              20   0.211    2.255    2.466   3.8x     0.840    +0.00    584.04    +0.00      92    8.3
subgraph_mip   diverse                    20   0.028    2.335    2.363   3.9x     0.840    -0.00    584.04    +0.00     239   21.6
subgraph_mip   edge_weight                50   0.202    0.678    0.881  10.5x     0.840    -0.00    584.04    +0.00      54    4.9
subgraph_mip   time_balanced_weight       50   0.135    3.604    3.739   2.5x     1.124   +33.88    602.68    +3.19      63    5.7
subgraph_mip   combined                   50   0.306    1.155    1.460   6.3x     0.840    -0.00    584.04    +0.00     116   10.5
subgraph_mip   blended                    50   0.165    1.556    1.721   5.4x     0.840    -0.00    584.04    +0.00      60    5.4
subgraph_mip   blended_union              50   0.667    1.496    2.163   4.3x     0.840    -0.00    584.04    +0.00     125   11.3
subgraph_mip   diverse                    50   0.059    3.612    3.671   2.5x     0.840    -0.00    584.04    +0.00     511   46.2
subgraph_mip   edge_weight               100   0.317    1.048    1.365   6.8x     0.840    -0.00    584.04    +0.00      78    7.1
subgraph_mip   time_balanced_weight      100   0.183    1.986    2.169   4.3x     1.124   +33.87    597.84    +2.36      86    7.8
subgraph_mip   combined                  100   0.576    1.889    2.465   3.8x     0.840    -0.00    584.04    +0.00     162   14.7
subgraph_mip   blended                   100   0.365    1.993    2.359   3.9x     0.840    -0.00    584.04    +0.00      74    6.7
subgraph_mip   blended_union             100   1.200    1.359    2.560   3.6x     0.840    -0.00    584.04    +0.00     153   13.8
subgraph_mip   diverse                   100   0.086    5.966    6.052   1.5x     0.840    -0.00    584.04    +0.00     748   67.7
subgraph_mip   edge_weight               200   0.771    1.096    1.867   5.0x     0.840    -0.00    584.04    +0.00      95    8.6
subgraph_mip   time_balanced_weight      200   0.465    1.937    2.402   3.9x     1.120   +33.38    602.68    +3.19     111   10.1
subgraph_mip   combined                  200   1.142    1.365    2.508   3.7x     0.840    -0.00    584.04    +0.00     202   18.3
subgraph_mip   blended                   200   0.595    2.350    2.945   3.1x     0.840    -0.00    584.04    +0.00      85    7.7
subgraph_mip   blended_union             200   2.691    1.829    4.520   2.0x     0.840    +0.00    584.04    +0.00     177   16.0
subgraph_mip   diverse                   200   0.183    6.413    6.597   1.4x     0.840    -0.00    584.04    +0.00     907   82.1
subgraph_mip   edge_weight               500   1.719    1.091    2.810   3.3x     0.840    +0.00    584.04    +0.00     108    9.8
subgraph_mip   time_balanced_weight      500   1.074    2.951    4.025   2.3x     1.120   +33.38    602.68    +3.19     153   13.8
subgraph_mip   combined                  500   2.884    1.886    4.769   1.9x     0.840    -0.00    584.04    +0.00     257   23.3
subgraph_mip   blended                   500   1.609    1.604    3.213   2.9x     0.840    -0.00    584.04    +0.00     101    9.1
subgraph_mip   blended_union             500   6.313    2.214    8.527   1.1x     0.840    -0.00    584.04    +0.00     245   22.2
subgraph_mip   diverse                   500   0.509    8.177    8.686   1.1x     0.840    -0.00    584.04    +0.00    1043   94.4
subgraph_mip   edge_weight              1000   3.576    1.315    4.891   1.9x     0.840    -0.00    584.04    +0.00     142   12.8
subgraph_mip   time_balanced_weight     1000   2.599    4.839    7.438   1.2x     1.120   +33.38    602.68    +3.19     211   19.1
subgraph_mip   combined                 1000   6.399    4.630   11.028   0.8x     0.840    -0.00    584.04    +0.00     346   31.3
subgraph_mip   blended                  1000   3.444    2.315    5.759   1.6x     0.840    -0.00    584.04    +0.00     117   10.6
subgraph_mip   blended_union            1000  11.177    3.648   14.826   0.6x     0.840    -0.00    584.04    +0.00     297   26.9
subgraph_mip   diverse                  1000   0.993   12.391   13.384   0.7x     0.840    +0.00    584.04    +0.00    1100   99.5
subgraph_mip   edge_weight              2000   8.279    2.530   10.809   0.9x     0.840    -0.00    584.04    +0.00     185   16.7
subgraph_mip   time_balanced_weight     2000   6.819    5.824   12.643   0.7x     1.120   +33.38    602.68    +3.19     292   26.4
subgraph_mip   combined                 2000  14.655    3.330   17.985   0.5x     0.840    -0.00    584.04    +0.00     460   41.6
subgraph_mip   blended                  2000   8.412    2.152   10.564   0.9x     0.840    -0.00    584.04    +0.00     186   16.8
subgraph_mip   blended_union            2000  29.479    5.510   34.989   0.3x     0.840    -0.00    584.04    +0.00     410   37.1
subgraph_mip   diverse                  2000   2.223   11.055   13.278   0.7x     0.840    +0.00    584.04    +0.00    1105  100.0
subgraph_mip   edge_weight              5000  32.259    2.478   34.737   0.3x     0.840    -0.00    584.04    +0.00     232   21.0
subgraph_mip   time_balanced_weight     5000  24.700    5.804   30.504   0.3x     1.043   +24.17    581.12    -0.50     431   39.0
subgraph_mip   combined                 5000  58.720    5.427   64.147   0.1x     0.840    -0.00    584.04    +0.00     632   57.2
subgraph_mip   blended                  5000  35.614    3.506   39.120   0.2x     0.840    -0.00    584.04    +0.00     302   27.3
subgraph_mip   blended_union            5000 112.185    8.234  120.419   0.1x     0.840    -0.00    584.04    +0.00     525   47.5
subgraph_mip   diverse                  5000   5.655   11.936   17.592   0.5x     0.840    +0.00    584.04    +0.00    1105  100.0
============================================================================================================================

----------------- λ = 0.15 -----------------
========================================================================
Strategy Comparison Experiment — assembly_1  P=4  λ=0.15
========================================================================

Building assembly digraph …
2026-07-01 18:56:39.184 | INFO     | pycaalp.gapp.assembly_digraph:compute_assembly_digraph_complete:395 - Computing assembly digraph...
  343 nodes, 1105 edges  (0.4s)

[1] Full MIP  P=4  λ=0.15
2026-07-01 18:56:39.532 | INFO     | pycaalp.time_balancing.model:run_mip:430 - Running MIP solver ...
presolving:
(round 1, fast)       2 del vars, 2 del conss, 0 add conss, 0 chg bounds, 0 chg sides, 0 chg coeffs, 0 upgd conss, 0 impls, 69 clqs, 0 implints
(round 2, exhaustive) 2 del vars, 2 del conss, 0 add conss, 1 chg bounds, 0 chg sides, 0 chg coeffs, 4525 upgd conss, 0 impls, 69 clqs, 0 implints
   (0.2s) probing: 1000/1207 (82.9%) - 0 fixings, 0 aggregations, 130891 implications, 0 bound changes
   (0.2s) probing: 1001/1207 (82.9%) - 0 fixings, 0 aggregations, 130966 implications, 0 bound changes
   (0.2s) probing aborted: 1000/1000 successive useless probings
   (0.3s) symmetry computation started: requiring (bin +, int +, cont +), (fixed: bin -, int -, cont -)
   (0.3s) no symmetry present (symcode time: 0.00)
presolving (3 rounds: 3 fast, 2 medium, 2 exhaustive):
 2 deleted vars, 2 deleted constraints, 0 added constraints, 1 tightened bounds, 0 added holes, 0 changed sides, 0 changed coefficients
 0 implications, 15690 cliques, 0 implied integral variables (0 bin, 0 int, 0 cont)
presolved problem has 1208 variables (1207 bin, 0 int, 1 cont) and 4839 constraints
     69 constraints of type <setppc>
    314 constraints of type <linear>
   4456 constraints of type <logicor>
Presolving Time: 0.28

 time | node  | left  |LP iter|LP it/n|mem/heur|mdpt |vars |cons |rows |cuts |sepa|confs|strbr|  dualbound   | primalbound  |  gap   | compl. 
p 0.4s|     1 |     0 |   126 |     - | vbounds|   0 |1208 |4867 |4839 |   0 |  0 |  27 |   0 | 0.000000e+00 | 1.157293e+00 |    Inf | unknown
  0.4s|     1 |     0 |   471 |     - |    34M |   0 |1208 |4867 |4839 |   0 |  0 |  27 |   0 | 8.329273e-01 | 1.157293e+00 |  38.94%| unknown
  0.7s|     1 |     0 |   484 |     - |    39M |   0 |1208 |4875 |4843 |   4 |  1 |  35 |   0 | 8.329273e-01 | 1.157293e+00 |  38.94%| unknown
  1.0s|     1 |     0 |   492 |     - |    46M |   0 |1208 |4881 |4846 |   7 |  2 |  41 |   0 | 8.329273e-01 | 1.157293e+00 |  38.94%| unknown
  1.3s|     1 |     0 |   503 |     - |    54M |   0 |1208 |4882 |4850 |  11 |  3 |  42 |   0 | 8.329273e-01 | 1.157293e+00 |  38.94%| unknown
  1.7s|     1 |     0 |   515 |     - |    60M |   0 |1208 |4886 |4853 |  14 |  4 |  46 |   0 | 8.329273e-01 | 1.157293e+00 |  38.94%| unknown
  2.2s|     1 |     0 |   525 |     - |    66M |   0 |1208 |4887 |4855 |  16 |  5 |  47 |   0 | 8.329273e-01 | 1.157293e+00 |  38.94%| unknown
  2.6s|     1 |     0 |   534 |     - |    73M |   0 |1208 |4897 |4858 |  19 |  6 |  57 |   0 | 8.329273e-01 | 1.157293e+00 |  38.94%| unknown
  3.0s|     1 |     0 |   540 |     - |    81M |   0 |1208 |4898 |4860 |  21 |  7 |  58 |   0 | 8.329273e-01 | 1.157293e+00 |  38.94%| unknown
  3.4s|     1 |     0 |   543 |     - |    89M |   0 |1208 |4901 |4863 |  24 |  8 |  67 |   0 | 8.329273e-01 | 1.157293e+00 |  38.94%| unknown
  3.8s|     1 |     0 |   562 |     - |    95M |   0 |1208 |4903 |4864 |  25 |  9 |  69 |   0 | 8.329273e-01 | 1.157293e+00 |  38.94%| unknown
  4.2s|     1 |     0 |   570 |     - |   103M |   0 |1208 |4912 |4866 |  27 | 10 |  79 |   0 | 8.329273e-01 | 1.157293e+00 |  38.94%| unknown
  4.2s|     1 |     0 |   573 |     - |   103M |   0 |1208 |4913 |4868 |  29 | 11 |  80 |   0 | 8.329273e-01 | 1.157293e+00 |  38.94%| unknown
d 4.3s|     1 |     0 |  1262 |     - |farkasdi|   0 |1208 |4916 |4868 |   0 | 11 |  83 |   0 | 8.329273e-01 | 8.808814e-01 |   5.76%| unknown
  4.4s|     1 |     0 |  1806 |     - |   104M |   0 |1208 |4919 |4868 |  29 | 11 |  88 |   0 | 8.329273e-01 | 8.808814e-01 |   5.76%| unknown
 time | node  | left  |LP iter|LP it/n|mem/heur|mdpt |vars |cons |rows |cuts |sepa|confs|strbr|  dualbound   | primalbound  |  gap   | compl. 
  4.4s|     1 |     0 |  1806 |     - |   104M |   0 |1208 |4929 |3953 |  29 | 11 |  98 |   0 | 8.329273e-01 | 8.808814e-01 |   5.76%| unknown
  4.4s|     1 |     0 |  1810 |     - |   104M |   0 |1208 |4438 |3940 |  30 | 12 |  98 |   0 | 8.329273e-01 | 8.808814e-01 |   5.76%| unknown
  4.4s|     1 |     0 |  1810 |     - |   104M |   0 |1208 |3830 |3940 |  30 | 13 | 108 |   0 | 8.329273e-01 | 8.808814e-01 |   5.76%| unknown
  4.5s|     1 |     0 |  1812 |     - |   104M |   0 |1208 |3830 |3941 |  31 | 14 | 108 |   0 | 8.329273e-01 | 8.808814e-01 |   5.76%| unknown
(run 1, node 1) restarting after 670 global fixings of integer variables

(restart) converted 27 cuts from the global cut pool into linear constraints

presolving:
(round 1, fast)       678 del vars, 1783 del conss, 0 add conss, 0 chg bounds, 0 chg sides, 818 chg coeffs, 0 upgd conss, 0 impls, 3788 clqs, 0 implints
(round 2, exhaustive) 678 del vars, 1784 del conss, 0 add conss, 0 chg bounds, 0 chg sides, 818 chg coeffs, 32 upgd conss, 0 impls, 3788 clqs, 0 implints
(round 3, medium)     678 del vars, 1784 del conss, 0 add conss, 0 chg bounds, 3 chg sides, 821 chg coeffs, 32 upgd conss, 0 impls, 3790 clqs, 0 implints
(round 4, exhaustive) 678 del vars, 1785 del conss, 0 add conss, 0 chg bounds, 3 chg sides, 850 chg coeffs, 32 upgd conss, 0 impls, 3790 clqs, 0 implints
(round 5, exhaustive) 678 del vars, 1786 del conss, 0 add conss, 0 chg bounds, 3 chg sides, 884 chg coeffs, 32 upgd conss, 0 impls, 3790 clqs, 0 implints
presolving (6 rounds: 6 fast, 5 medium, 4 exhaustive):
 678 deleted vars, 1787 deleted constraints, 0 added constraints, 0 tightened bounds, 0 added holes, 3 changed sides, 887 changed coefficients
 0 implications, 3790 cliques, 0 implied integral variables (0 bin, 0 int, 0 cont)
presolved problem has 530 variables (529 bin, 0 int, 1 cont) and 2070 constraints
      5 constraints of type <knapsack>
     83 constraints of type <setppc>
    140 constraints of type <linear>
   1842 constraints of type <logicor>
Presolving Time: 0.29
transformed 3/4 original solutions to the transformed problem space

 time | node  | left  |LP iter|LP it/n|mem/heur|mdpt |vars |cons |rows |cuts |sepa|confs|strbr|  dualbound   | primalbound  |  gap   | compl. 
  4.5s|     1 |     0 |  2071 |     - |    99M |   0 | 530 |2070 |1993 |   0 |  0 | 109 |   0 | 8.329273e-01 | 8.808814e-01 |   5.76%| unknown
  4.5s|     1 |     0 |  2071 |     - |    99M |   0 | 530 |2073 |1911 |   0 |  0 | 112 |   0 | 8.329273e-01 | 8.808814e-01 |   5.76%| unknown
  4.6s|     1 |     0 |  2084 |     - |    99M |   0 | 530 |2035 |1810 |   4 |  1 | 112 |   0 | 8.329273e-01 | 8.808814e-01 |   5.76%| unknown
  4.8s|     1 |     0 |  2098 |     - |   100M |   0 | 530 |1968 |1815 |   9 |  2 | 119 |   0 | 8.329273e-01 | 8.808814e-01 |   5.76%| unknown
  4.9s|     1 |     0 |  2117 |     - |   100M |   0 | 530 |1954 |1819 |  13 |  3 | 120 |   0 | 8.329273e-01 | 8.808814e-01 |   5.76%| unknown
  5.1s|     1 |     0 |  2134 |     - |   100M |   0 | 530 |1952 |1822 |  16 |  4 | 121 |   0 | 8.329273e-01 | 8.808814e-01 |   5.76%| unknown
  5.2s|     1 |     0 |  2154 |     - |   100M |   0 | 530 |1947 |1824 |  18 |  5 | 123 |   0 | 8.329273e-01 | 8.808814e-01 |   5.76%| unknown
  5.3s|     1 |     0 |  2166 |     - |   102M |   0 | 530 |1952 |1826 |  20 |  6 | 133 |   0 | 8.329273e-01 | 8.808814e-01 |   5.76%| unknown
  5.4s|     1 |     0 |  2178 |     - |   105M |   0 | 530 |1951 |1827 |  21 |  7 | 134 |   0 | 8.329273e-01 | 8.808814e-01 |   5.76%| unknown
  5.6s|     1 |     0 |  2189 |     - |   108M |   0 | 530 |1957 |1829 |  23 |  8 | 140 |   0 | 8.329273e-01 | 8.808814e-01 |   5.76%| unknown
  5.7s|     1 |     0 |  2199 |     - |   109M |   0 | 530 |1959 |1831 |  25 |  9 | 142 |   0 | 8.329273e-01 | 8.808814e-01 |   5.76%| unknown
  5.8s|     1 |     0 |  2217 |     - |   113M |   0 | 530 |1965 |1816 |  29 | 10 | 148 |   0 | 8.329273e-01 | 8.808814e-01 |   5.76%| unknown
  5.8s|     1 |     0 |  2227 |     - |   113M |   0 | 530 |1966 |1820 |  33 | 11 | 150 |   0 | 8.329273e-01 | 8.808814e-01 |   5.76%| unknown
d 5.9s|     1 |     0 |  2540 |     - |farkasdi|   0 | 530 |1954 |1820 |   0 | 11 | 152 |   0 | 8.329273e-01 | 8.532046e-01 |   2.43%| unknown
(run 2, node 1) restarting after 39 global fixings of integer variables

(restart) converted 27 cuts from the global cut pool into linear constraints

presolving:
(round 1, fast)       40 del vars, 46 del conss, 0 add conss, 0 chg bounds, 0 chg sides, 72 chg coeffs, 0 upgd conss, 0 impls, 2373 clqs, 0 implints
(round 2, exhaustive) 40 del vars, 47 del conss, 0 add conss, 0 chg bounds, 0 chg sides, 74 chg coeffs, 14 upgd conss, 0 impls, 2373 clqs, 0 implints
(round 3, exhaustive) 40 del vars, 52 del conss, 0 add conss, 0 chg bounds, 0 chg sides, 125 chg coeffs, 14 upgd conss, 0 impls, 2374 clqs, 0 implints
(round 4, exhaustive) 40 del vars, 52 del conss, 0 add conss, 0 chg bounds, 0 chg sides, 139 chg coeffs, 14 upgd conss, 0 impls, 2374 clqs, 0 implints
(round 5, exhaustive) 40 del vars, 54 del conss, 0 add conss, 0 chg bounds, 0 chg sides, 139 chg coeffs, 14 upgd conss, 0 impls, 2374 clqs, 0 implints
presolving (6 rounds: 6 fast, 5 medium, 5 exhaustive):
 40 deleted vars, 54 deleted constraints, 0 added constraints, 0 tightened bounds, 0 added holes, 0 changed sides, 139 changed coefficients
 0 implications, 2374 cliques, 0 implied integral variables (0 bin, 0 int, 0 cont)
presolved problem has 490 variables (489 bin, 0 int, 1 cont) and 1936 constraints
      9 constraints of type <knapsack>
     76 constraints of type <setppc>
    151 constraints of type <linear>
   1700 constraints of type <logicor>
Presolving Time: 0.32
transformed 2/5 original solutions to the transformed problem space

 time | node  | left  |LP iter|LP it/n|mem/heur|mdpt |vars |cons |rows |cuts |sepa|confs|strbr|  dualbound   | primalbound  |  gap   | compl. 
  6.0s|     1 |     0 |  2998 |     - |   106M |   0 | 490 |1936 |1821 |   0 |  0 | 161 |   0 | 8.329273e-01 | 8.532046e-01 |   2.43%| unknown
  6.0s|     1 |     0 |  2998 |     - |   106M |   0 | 490 |1939 |1571 |   0 |  0 | 164 |   0 | 8.329273e-01 | 8.532046e-01 |   2.43%| unknown
  6.1s|     1 |     0 |  3027 |     - |   107M |   0 | 490 |1801 |1561 |   4 |  1 | 164 |   0 | 8.329273e-01 | 8.532046e-01 |   2.43%| unknown
  6.3s|     1 |     0 |  3040 |     - |   107M |   0 | 490 |1749 |1566 |   9 |  2 | 172 |   0 | 8.329273e-01 | 8.532046e-01 |   2.43%| unknown
  6.4s|     1 |     0 |  3057 |     - |   107M |   0 | 490 |1750 |1569 |  12 |  3 | 173 |   0 | 8.329273e-01 | 8.532046e-01 |   2.43%| unknown
  6.5s|     1 |     0 |  3074 |     - |   107M |   0 | 490 |1751 |1571 |  14 |  4 | 174 |   0 | 8.329273e-01 | 8.532046e-01 |   2.43%| unknown
  6.6s|     1 |     0 |  3089 |     - |   109M |   0 | 490 |1752 |1575 |  18 |  5 | 180 |   0 | 8.329273e-01 | 8.532046e-01 |   2.43%| unknown
  6.7s|     1 |     0 |  3113 |     - |   111M |   0 | 490 |1748 |1577 |  20 |  6 | 190 |   0 | 8.329273e-01 | 8.532046e-01 |   2.43%| unknown
  6.7s|     1 |     0 |  3124 |     - |   111M |   0 | 490 |1743 |1580 |  23 |  7 | 194 |   0 | 8.329273e-01 | 8.532046e-01 |   2.43%| unknown
  6.8s|     1 |     0 |  3132 |     - |   113M |   0 | 490 |1751 |1581 |  24 |  8 | 202 |   0 | 8.329273e-01 | 8.532046e-01 |   2.43%| unknown
  6.9s|     1 |     0 |  3144 |     - |   113M |   0 | 490 |1751 |1582 |  25 |  9 | 202 |   0 | 8.329273e-01 | 8.532046e-01 |   2.43%| unknown
  6.9s|     1 |     0 |  3167 |     - |   116M |   0 | 490 |1740 |1583 |  26 | 10 | 202 |   0 | 8.329273e-01 | 8.532046e-01 |   2.43%| unknown
  6.9s|     1 |     0 |  3172 |     - |   116M |   0 | 490 |1742 |1586 |  29 | 11 | 204 |   0 | 8.329273e-01 | 8.532046e-01 |   2.43%| unknown
  7.0s|     1 |     0 |  3181 |     - |   116M |   0 | 490 |1752 |1588 |  31 | 12 | 214 |   0 | 8.329273e-01 | 8.532046e-01 |   2.43%| unknown
  7.0s|     1 |     0 |  3181 |     - |   116M |   0 | 490 |1613 |1588 |  31 | 12 | 216 |   0 | 8.329273e-01 | 8.532046e-01 |   2.43%| unknown
 time | node  | left  |LP iter|LP it/n|mem/heur|mdpt |vars |cons |rows |cuts |sepa|confs|strbr|  dualbound   | primalbound  |  gap   | compl. 
  7.0s|     1 |     0 |  3191 |     - |   117M |   0 | 490 |1613 |1551 |  34 | 13 | 216 |   0 | 8.329273e-01 | 8.532046e-01 |   2.43%| unknown
  7.0s|     1 |     0 |  3194 |     - |   117M |   0 | 490 |1558 |1552 |  35 | 14 | 223 |   0 | 8.329273e-01 | 8.532046e-01 |   2.43%| unknown
  7.0s|     1 |     0 |  3198 |     - |   117M |   0 | 490 |1561 |1553 |  36 | 15 | 228 |   0 | 8.329273e-01 | 8.532046e-01 |   2.43%| unknown
  7.0s|     1 |     0 |  3203 |     - |   117M |   0 | 490 |1562 |1556 |  39 | 16 | 229 |   0 | 8.329273e-01 | 8.532046e-01 |   2.43%| unknown
  7.1s|     1 |     0 |  3207 |     - |   117M |   0 | 490 |1553 |1557 |  40 | 17 | 232 |   0 | 8.329273e-01 | 8.532046e-01 |   2.43%| unknown
  7.1s|     1 |     0 |  3214 |     - |   117M |   0 | 490 |1555 |1559 |  42 | 18 | 235 |   0 | 8.329273e-01 | 8.532046e-01 |   2.43%| unknown
  7.1s|     1 |     0 |  3221 |     - |   118M |   0 | 490 |1544 |1542 |  44 | 19 | 242 |   0 | 8.329273e-01 | 8.532046e-01 |   2.43%| unknown
  7.1s|     1 |     0 |  3229 |     - |   118M |   0 | 490 |1550 |1544 |  46 | 20 | 250 |   0 | 8.329273e-01 | 8.532046e-01 |   2.43%| unknown
  7.1s|     1 |     0 |  3231 |     - |   118M |   0 | 490 |1552 |1545 |  47 | 21 | 252 |   0 | 8.329273e-01 | 8.532046e-01 |   2.43%| unknown
(run 3, node 1) restarting after 121 global fixings of integer variables

(restart) converted 30 cuts from the global cut pool into linear constraints

presolving:
(round 1, fast)       124 del vars, 47 del conss, 0 add conss, 0 chg bounds, 0 chg sides, 95 chg coeffs, 0 upgd conss, 0 impls, 1386 clqs, 0 implints
(round 2, exhaustive) 124 del vars, 47 del conss, 0 add conss, 0 chg bounds, 0 chg sides, 101 chg coeffs, 0 upgd conss, 0 impls, 1386 clqs, 0 implints
(round 3, exhaustive) 124 del vars, 47 del conss, 0 add conss, 0 chg bounds, 0 chg sides, 101 chg coeffs, 37 upgd conss, 0 impls, 1386 clqs, 0 implints
(round 4, medium)     124 del vars, 47 del conss, 0 add conss, 0 chg bounds, 7 chg sides, 108 chg coeffs, 37 upgd conss, 0 impls, 1386 clqs, 0 implints
(round 5, exhaustive) 124 del vars, 47 del conss, 0 add conss, 0 chg bounds, 7 chg sides, 124 chg coeffs, 37 upgd conss, 0 impls, 1386 clqs, 0 implints
(round 6, exhaustive) 124 del vars, 47 del conss, 0 add conss, 0 chg bounds, 7 chg sides, 135 chg coeffs, 37 upgd conss, 0 impls, 1386 clqs, 0 implints
(round 7, exhaustive) 124 del vars, 52 del conss, 0 add conss, 0 chg bounds, 7 chg sides, 195 chg coeffs, 37 upgd conss, 0 impls, 1386 clqs, 0 implints
(round 8, exhaustive) 124 del vars, 52 del conss, 0 add conss, 0 chg bounds, 7 chg sides, 215 chg coeffs, 37 upgd conss, 0 impls, 1386 clqs, 0 implints
presolving (9 rounds: 9 fast, 8 medium, 7 exhaustive):
 124 deleted vars, 53 deleted constraints, 0 added constraints, 0 tightened bounds, 0 added holes, 7 changed sides, 215 changed coefficients
 0 implications, 1386 cliques, 0 implied integral variables (0 bin, 0 int, 0 cont)
presolved problem has 366 variables (365 bin, 0 int, 1 cont) and 1531 constraints
     25 constraints of type <knapsack>
     94 constraints of type <setppc>
    119 constraints of type <linear>
   1292 constraints of type <logicor>
      1 constraints of type <bounddisjunction>
Presolving Time: 0.34
transformed 2/5 original solutions to the transformed problem space

 time | node  | left  |LP iter|LP it/n|mem/heur|mdpt |vars |cons |rows |cuts |sepa|confs|strbr|  dualbound   | primalbound  |  gap   | compl. 
  7.2s|     1 |     0 |  4072 |     - |   114M |   0 | 366 |1531 |1334 |   0 |  0 | 259 |   0 | 8.329273e-01 | 8.532046e-01 |   2.43%| unknown
  7.2s|     1 |     0 |  4072 |     - |   114M |   0 | 366 |1541 |1256 |   0 |  0 | 269 |   0 | 8.329273e-01 | 8.532046e-01 |   2.43%| unknown
  7.2s|     1 |     0 |  4083 |     - |   115M |   0 | 366 |1509 |1198 |   3 |  1 | 269 |   0 | 8.329273e-01 | 8.532046e-01 |   2.43%| unknown
  7.3s|     1 |     0 |  4097 |     - |   115M |   0 | 366 |1459 |1202 |   7 |  2 | 277 |   0 | 8.329273e-01 | 8.532046e-01 |   2.43%| unknown
  7.4s|     1 |     0 |  4105 |     - |   115M |   0 | 366 |1456 |1204 |   9 |  3 | 284 |   0 | 8.329273e-01 | 8.532046e-01 |   2.43%| unknown
  7.4s|     1 |     0 |  4109 |     - |   116M |   0 | 366 |1453 |1205 |  10 |  4 | 289 |   0 | 8.329273e-01 | 8.532046e-01 |   2.43%| unknown
  7.5s|     1 |     0 |  4123 |     - |   117M |   0 | 366 |1453 |1208 |  13 |  5 | 290 |   0 | 8.329273e-01 | 8.532046e-01 |   2.43%| unknown
  7.6s|     1 |     0 |  4137 |     - |   118M |   0 | 366 |1454 |1210 |  15 |  6 | 294 |   0 | 8.329273e-01 | 8.532046e-01 |   2.43%| unknown
  7.7s|     1 |     0 |  4152 |     - |   118M |   0 | 366 |1455 |1212 |  17 |  7 | 302 |   0 | 8.329273e-01 | 8.532046e-01 |   2.43%| unknown
  7.8s|     1 |     0 |  4167 |     - |   118M |   0 | 366 |1458 |1213 |  18 |  8 | 312 |   0 | 8.329273e-01 | 8.532046e-01 |   2.43%| unknown
  7.8s|     1 |     0 |  4177 |     - |   120M |   0 | 366 |1463 |1214 |  19 |  9 | 317 |   0 | 8.329273e-01 | 8.532046e-01 |   2.43%| unknown
  7.9s|     1 |     0 |  4194 |     - |   121M |   0 | 366 |1468 |1216 |  21 | 10 | 322 |   0 | 8.329273e-01 | 8.532046e-01 |   2.43%| unknown
  7.9s|     1 |     0 |  4201 |     - |   121M |   0 | 366 |1470 |1219 |  24 | 11 | 324 |   0 | 8.329273e-01 | 8.532046e-01 |   2.43%| unknown
  8.0s|     1 |     0 |  4205 |     - |   121M |   0 | 366 |1469 |1163 |  25 | 12 | 327 |   0 | 8.329273e-01 | 8.532046e-01 |   2.43%| unknown
  8.0s|     1 |     0 |  4205 |     - |   121M |   0 | 366 |1436 |1163 |  25 | 12 | 330 |   0 | 8.329273e-01 | 8.532046e-01 |   2.43%| unknown
 time | node  | left  |LP iter|LP it/n|mem/heur|mdpt |vars |cons |rows |cuts |sepa|confs|strbr|  dualbound   | primalbound  |  gap   | compl. 
  8.0s|     1 |     0 |  4207 |     - |   121M |   0 | 366 |1436 |1164 |  26 | 13 | 330 |   0 | 8.329273e-01 | 8.532046e-01 |   2.43%| unknown
(run 4, node 1) restarting after 37 global fixings of integer variables

(restart) converted 22 cuts from the global cut pool into linear constraints

presolving:
(round 1, fast)       37 del vars, 6 del conss, 0 add conss, 0 chg bounds, 0 chg sides, 286 chg coeffs, 0 upgd conss, 0 impls, 1055 clqs, 0 implints
(round 2, exhaustive) 37 del vars, 6 del conss, 0 add conss, 0 chg bounds, 0 chg sides, 288 chg coeffs, 11 upgd conss, 0 impls, 1055 clqs, 0 implints
(round 3, fast)       37 del vars, 8 del conss, 0 add conss, 0 chg bounds, 0 chg sides, 288 chg coeffs, 11 upgd conss, 0 impls, 1055 clqs, 0 implints
(round 4, exhaustive) 37 del vars, 15 del conss, 0 add conss, 0 chg bounds, 1 chg sides, 325 chg coeffs, 11 upgd conss, 0 impls, 1055 clqs, 0 implints
(round 5, exhaustive) 37 del vars, 15 del conss, 0 add conss, 0 chg bounds, 1 chg sides, 335 chg coeffs, 11 upgd conss, 0 impls, 1055 clqs, 0 implints
presolving (6 rounds: 6 fast, 4 medium, 4 exhaustive):
 37 deleted vars, 15 deleted constraints, 0 added constraints, 0 tightened bounds, 0 added holes, 1 changed sides, 335 changed coefficients
 0 implications, 1055 cliques, 0 implied integral variables (0 bin, 0 int, 0 cont)
presolved problem has 329 variables (328 bin, 0 int, 1 cont) and 1448 constraints
     29 constraints of type <knapsack>
     85 constraints of type <setppc>
    128 constraints of type <linear>
   1201 constraints of type <logicor>
      5 constraints of type <bounddisjunction>
Presolving Time: 0.35
transformed 2/5 original solutions to the transformed problem space

 time | node  | left  |LP iter|LP it/n|mem/heur|mdpt |vars |cons |rows |cuts |sepa|confs|strbr|  dualbound   | primalbound  |  gap   | compl. 
  8.1s|     1 |     0 |  5137 |     - |   120M |   0 | 329 |1448 |1181 |   0 |  0 | 341 |   0 | 8.329273e-01 | 8.532046e-01 |   2.43%| unknown
  8.1s|     1 |     0 |  5137 |     - |   120M |   0 | 329 |1455 |1173 |   0 |  0 | 348 |   0 | 8.329273e-01 | 8.532046e-01 |   2.43%| unknown
  8.2s|     1 |     0 |  5149 |     - |   120M |   0 | 329 |1453 |1168 |   3 |  1 | 348 |   0 | 8.329273e-01 | 8.532046e-01 |   2.43%| unknown
  8.2s|     1 |     0 |  5157 |     - |   120M |   0 | 329 |1455 |1171 |   6 |  2 | 358 |   0 | 8.329273e-01 | 8.532046e-01 |   2.43%| unknown
  8.3s|     1 |     0 |  5169 |     - |   120M |   0 | 329 |1461 |1172 |   7 |  3 | 364 |   0 | 8.329273e-01 | 8.532046e-01 |   2.43%| unknown
  8.4s|     1 |     0 |  5177 |     - |   121M |   0 | 329 |1460 |1176 |  11 |  4 | 367 |   0 | 8.329273e-01 | 8.532046e-01 |   2.43%| unknown
  8.5s|     1 |     0 |  5185 |     - |   124M |   0 | 329 |1461 |1179 |  14 |  5 | 368 |   0 | 8.329273e-01 | 8.532046e-01 |   2.43%| unknown
  8.6s|     1 |     0 |  5211 |     - |   125M |   0 | 329 |1465 |1181 |  16 |  6 | 372 |   0 | 8.329273e-01 | 8.532046e-01 |   2.43%| unknown
  8.7s|     1 |     0 |  5221 |     - |   126M |   0 | 329 |1472 |1183 |  18 |  7 | 379 |   0 | 8.329273e-01 | 8.532046e-01 |   2.43%| unknown
  8.8s|     1 |     0 |  5232 |     - |   127M |   0 | 329 |1478 |1185 |  20 |  8 | 386 |   0 | 8.329273e-01 | 8.532046e-01 |   2.43%| unknown
  8.9s|     1 |     0 |  5250 |     - |   128M |   0 | 329 |1483 |1186 |  21 |  9 | 392 |   0 | 8.329273e-01 | 8.532046e-01 |   2.43%| unknown
  9.0s|     1 |     0 |  5289 |     - |   138M |   0 | 329 |1492 |1187 |  22 | 10 | 401 |   0 | 8.329273e-01 | 8.532046e-01 |   2.43%| unknown
  9.0s|     1 |     0 |  5290 |     - |   138M |   0 | 329 |1495 |1188 |  23 | 11 | 404 |   0 | 8.329273e-01 | 8.532046e-01 |   2.43%| unknown
  9.2s|     1 |     2 |  5456 |     - |   138M |   0 | 329 |1510 |1188 |  23 | 11 | 420 |  19 | 8.329915e-01 | 8.532046e-01 |   2.43%| unknown
*10.2s|    26 |     2 |  7070 | 168.1 |strongbr|   6 | 329 |1254 |1074 |  23 |  1 | 628 | 503 | 8.329915e-01 | 8.433142e-01 |   1.24%|  62.03%

SCIP Status        : problem is solved [optimal solution found]
Solving Time (sec) : 10.53
Solving Nodes      : 36 (total of 40 nodes in 5 runs)
Primal Bound       : +8.43314173251379e-01 (9 solutions)
Dual Bound         : +8.43314173251379e-01
Gap                : 0.00 %
objective value:                    0.843314173251379
x_('12_5', '13_1')                                  1 	(obj:0.0281211268239957)
x_('11_17', '12_5')                                 1 	(obj:0.022234118852459)
x_('10_31', '11_17')                                1 	(obj:0.0244277730466255)
x_('9_42', '10_31')                                 1 	(obj:0.0576785714285714)
x_('8_45', '9_42')                                  1 	(obj:0.038457910486599)
x_('7_37', '8_45')                                  1 	(obj:0.0415028176229508)
x_('6_35', '7_37')                                  1 	(obj:0.0455357142857143)
x_('5_30', '6_35')                                  1 	(obj:0.0327483899297424)
x_('4_25', '5_30')                                  1 	(obj:0.0787623536299766)
x_('3_20', '4_25')                                  1 	(obj:0.0789410128805621)
x_('2_14', '3_20')                                  1 	(obj:0.0795456674473068)
x_('1_10', '2_14')                                  1 	(obj:0.149675644028103)
x_('0_1', '1_10')                                   1 	(obj:0.0303571428571429)
y_0_0                                               1 	(obj:0)
y_1_0                                               1 	(obj:0)
y_2_0                                               1 	(obj:0)
y_3_1                                               1 	(obj:0)
y_4_1                                               1 	(obj:0)
y_5_1                                               1 	(obj:0)
y_6_2                                               1 	(obj:0)
y_7_2                                               1 	(obj:0)
y_8_2                                               1 	(obj:0)
y_9_2                                               1 	(obj:0)
y_10_3                                              1 	(obj:0)
y_11_3                                              1 	(obj:0)
y_12_3                                              1 	(obj:0)
z_('3268741', '3425762')_2                          1 	(obj:0)
z_('3268741', '1966592X')_0                         1 	(obj:0)
z_('1966592X', '3452192')_0                         1 	(obj:0)
z_('3452192', '1353870')_0                          1 	(obj:0)
z_('3452192', '3520162')_1                          1 	(obj:0)
z_('3520162', '3307092')_2                          1 	(obj:0)
z_('3520162', '3524054')_1                          1 	(obj:0)
z_('3268740', '3524054')_1                          1 	(obj:0)
z_('3524054', '3179975')_2                          1 	(obj:0)
z_('3179975', '3422998')_2                          1 	(obj:0)
z_('3422998', '2495223X')_3                         1 	(obj:0)
z_('3422998', '1353870_01')_3                       1 	(obj:0)
z_('2495223X', '2245784X')_3                        1 	(obj:0)
alpha                                3.51831325301205 	(obj:0.0384632976656573)
  obj=0.843  alpha=584.0s  time=10.60s

k = 1
  Subgraph edges — edge_w: 13 (1.2%)  bal_w: 13 (1.2%)  combined: 26 (2.4%)  blended: 13 (1.2%)  blended_union: 37 (3.3%)  diverse: 13 (1.2%)
  [3a] Subgraph / edge_w   k=1 …
2026-07-01 18:56:50.150 | INFO     | pycaalp.time_balancing.model:run_mip:430 - Running MIP solver ...
      obj=0.843 (vs_full=-0.00%)  alpha=584.0s  build=0.001s solve=0.022s  vs_full=+0.00%
  [3b] Subgraph / bal_w    k=1 …
2026-07-01 18:56:50.172 | INFO     | pycaalp.time_balancing.model:run_mip:430 - Running MIP solver ...
      obj=1.134 (vs_full=+34.46%)  alpha=597.8s  build=0.001s solve=0.054s  vs_full=+2.36%
  [3c] Subgraph / combined k=1 …
2026-07-01 18:56:50.226 | INFO     | pycaalp.time_balancing.model:run_mip:430 - Running MIP solver ...
      obj=0.843 (vs_full=+0.00%)  alpha=584.0s  build=0.001s solve=0.249s  vs_full=+0.00%
  [3d] Subgraph / blended  k=1 …
2026-07-01 18:56:50.476 | INFO     | pycaalp.time_balancing.model:run_mip:430 - Running MIP solver ...
      obj=0.850 (vs_full=+0.73%)  alpha=584.0s  build=0.001s solve=0.056s  vs_full=+0.00%
  [3e] Subgraph / bl-union k=1 …
2026-07-01 18:56:50.532 | INFO     | pycaalp.time_balancing.model:run_mip:430 - Running MIP solver ...
      obj=0.843 (vs_full=+0.00%)  alpha=584.0s  build=0.009s solve=0.107s  vs_full=+0.00%
  [3f] Subgraph / diverse  k=1 …
2026-07-01 18:56:50.639 | INFO     | pycaalp.time_balancing.model:run_mip:430 - Running MIP solver ...
      obj=0.850 (vs_full=+0.73%)  alpha=584.0s  build=0.003s solve=0.065s  vs_full=+0.00%

k = 2
  Subgraph edges — edge_w: 15 (1.4%)  bal_w: 15 (1.4%)  combined: 30 (2.7%)  blended: 15 (1.4%)  blended_union: 43 (3.9%)  diverse: 26 (2.4%)
  [3a] Subgraph / edge_w   k=2 …
2026-07-01 18:56:50.748 | INFO     | pycaalp.time_balancing.model:run_mip:430 - Running MIP solver ...
      obj=0.843 (vs_full=-0.00%)  alpha=584.0s  build=0.007s solve=0.067s  vs_full=+0.00%
  [3b] Subgraph / bal_w    k=2 …
2026-07-01 18:56:50.815 | INFO     | pycaalp.time_balancing.model:run_mip:430 - Running MIP solver ...
      obj=1.134 (vs_full=+34.46%)  alpha=597.8s  build=0.006s solve=0.132s  vs_full=+2.36%
  [3c] Subgraph / combined k=2 …
2026-07-01 18:56:50.948 | INFO     | pycaalp.time_balancing.model:run_mip:430 - Running MIP solver ...
      obj=0.843 (vs_full=-0.00%)  alpha=584.0s  build=0.007s solve=0.187s  vs_full=+0.00%
  [3d] Subgraph / blended  k=2 …
2026-07-01 18:56:51.135 | INFO     | pycaalp.time_balancing.model:run_mip:430 - Running MIP solver ...
      obj=0.850 (vs_full=+0.73%)  alpha=584.0s  build=0.003s solve=0.151s  vs_full=+0.00%
  [3e] Subgraph / bl-union k=2 …
2026-07-01 18:56:51.286 | INFO     | pycaalp.time_balancing.model:run_mip:430 - Running MIP solver ...
      obj=0.843 (vs_full=-0.00%)  alpha=584.0s  build=0.017s solve=0.480s  vs_full=+0.00%
  [3f] Subgraph / diverse  k=2 …
2026-07-01 18:56:51.766 | INFO     | pycaalp.time_balancing.model:run_mip:430 - Running MIP solver ...
      obj=0.850 (vs_full=+0.73%)  alpha=584.0s  build=0.004s solve=0.100s  vs_full=+0.00%

k = 5
  Subgraph edges — edge_w: 21 (1.9%)  bal_w: 27 (2.4%)  combined: 48 (4.3%)  blended: 19 (1.7%)  blended_union: 60 (5.4%)  diverse: 65 (5.9%)
  [3a] Subgraph / edge_w   k=5 …
2026-07-01 18:56:52.016 | INFO     | pycaalp.time_balancing.model:run_mip:430 - Running MIP solver ...
      obj=0.843 (vs_full=-0.00%)  alpha=584.0s  build=0.013s solve=0.160s  vs_full=+0.00%
  [3b] Subgraph / bal_w    k=5 …
2026-07-01 18:56:52.176 | INFO     | pycaalp.time_balancing.model:run_mip:430 - Running MIP solver ...
      obj=1.119 (vs_full=+32.68%)  alpha=597.8s  build=0.013s solve=0.750s  vs_full=+2.36%
  [3c] Subgraph / combined k=5 …
2026-07-01 18:56:52.926 | INFO     | pycaalp.time_balancing.model:run_mip:430 - Running MIP solver ...
      obj=0.843 (vs_full=+0.00%)  alpha=584.0s  build=0.039s solve=0.712s  vs_full=+0.00%
  [3d] Subgraph / blended  k=5 …
2026-07-01 18:56:53.638 | INFO     | pycaalp.time_balancing.model:run_mip:430 - Running MIP solver ...
      obj=0.850 (vs_full=+0.73%)  alpha=584.0s  build=0.011s solve=0.173s  vs_full=+0.00%
  [3e] Subgraph / bl-union k=5 …
2026-07-01 18:56:53.811 | INFO     | pycaalp.time_balancing.model:run_mip:430 - Running MIP solver ...
      obj=0.843 (vs_full=+0.00%)  alpha=584.0s  build=0.063s solve=1.074s  vs_full=+0.00%
  [3f] Subgraph / diverse  k=5 …
2026-07-01 18:56:54.885 | INFO     | pycaalp.time_balancing.model:run_mip:430 - Running MIP solver ...
      obj=0.849 (vs_full=+0.62%)  alpha=584.0s  build=0.010s solve=0.677s  vs_full=+0.00%

k = 10
  Subgraph edges — edge_w: 24 (2.2%)  bal_w: 38 (3.4%)  combined: 62 (5.6%)  blended: 21 (1.9%)  blended_union: 76 (6.9%)  diverse: 126 (11.4%)
  [3a] Subgraph / edge_w   k=10 …
2026-07-01 18:56:55.900 | INFO     | pycaalp.time_balancing.model:run_mip:430 - Running MIP solver ...
      obj=0.843 (vs_full=-0.00%)  alpha=584.0s  build=0.038s solve=0.498s  vs_full=+0.00%
  [3b] Subgraph / bal_w    k=10 …
2026-07-01 18:56:56.398 | INFO     | pycaalp.time_balancing.model:run_mip:430 - Running MIP solver ...
      obj=1.119 (vs_full=+32.68%)  alpha=597.8s  build=0.021s solve=0.365s  vs_full=+2.36%
  [3c] Subgraph / combined k=10 …
2026-07-01 18:56:56.764 | INFO     | pycaalp.time_balancing.model:run_mip:430 - Running MIP solver ...
      obj=0.843 (vs_full=-0.00%)  alpha=584.0s  build=0.091s solve=0.929s  vs_full=+0.00%
  [3d] Subgraph / blended  k=10 …
2026-07-01 18:56:57.693 | INFO     | pycaalp.time_balancing.model:run_mip:430 - Running MIP solver ...
      obj=0.850 (vs_full=+0.73%)  alpha=584.0s  build=0.053s solve=0.315s  vs_full=+0.00%
  [3e] Subgraph / bl-union k=10 …
2026-07-01 18:56:58.008 | INFO     | pycaalp.time_balancing.model:run_mip:430 - Running MIP solver ...
      obj=0.843 (vs_full=+0.00%)  alpha=584.0s  build=0.113s solve=0.605s  vs_full=+0.00%
  [3f] Subgraph / diverse  k=10 …
2026-07-01 18:56:58.612 | INFO     | pycaalp.time_balancing.model:run_mip:430 - Running MIP solver ...
      obj=0.849 (vs_full=+0.62%)  alpha=584.0s  build=0.021s solve=2.848s  vs_full=+0.00%

k = 20
  Subgraph edges — edge_w: 35 (3.2%)  bal_w: 42 (3.8%)  combined: 77 (7.0%)  blended: 27 (2.4%)  blended_union: 92 (8.3%)  diverse: 239 (21.6%)
  [3a] Subgraph / edge_w   k=20 …
2026-07-01 18:57:02.132 | INFO     | pycaalp.time_balancing.model:run_mip:430 - Running MIP solver ...
      obj=0.843 (vs_full=-0.00%)  alpha=584.0s  build=0.084s solve=0.780s  vs_full=+0.00%
  [3b] Subgraph / bal_w    k=20 …
2026-07-01 18:57:02.911 | INFO     | pycaalp.time_balancing.model:run_mip:430 - Running MIP solver ...
      obj=1.119 (vs_full=+32.68%)  alpha=597.8s  build=0.058s solve=0.476s  vs_full=+2.36%
  [3c] Subgraph / combined k=20 …
2026-07-01 18:57:03.388 | INFO     | pycaalp.time_balancing.model:run_mip:430 - Running MIP solver ...
      obj=0.843 (vs_full=-0.00%)  alpha=584.0s  build=0.114s solve=1.199s  vs_full=+0.00%
  [3d] Subgraph / blended  k=20 …
2026-07-01 18:57:04.587 | INFO     | pycaalp.time_balancing.model:run_mip:430 - Running MIP solver ...
      obj=0.847 (vs_full=+0.44%)  alpha=584.0s  build=0.074s solve=0.662s  vs_full=+0.00%
  [3e] Subgraph / bl-union k=20 …
2026-07-01 18:57:05.249 | INFO     | pycaalp.time_balancing.model:run_mip:430 - Running MIP solver ...
      obj=0.843 (vs_full=+0.00%)  alpha=584.0s  build=0.298s solve=1.722s  vs_full=+0.00%
  [3f] Subgraph / diverse  k=20 …
2026-07-01 18:57:06.971 | INFO     | pycaalp.time_balancing.model:run_mip:430 - Running MIP solver ...
      obj=0.844 (vs_full=+0.07%)  alpha=584.0s  build=0.044s solve=1.655s  vs_full=+0.00%

k = 50
  Subgraph edges — edge_w: 54 (4.9%)  bal_w: 63 (5.7%)  combined: 116 (10.5%)  blended: 48 (4.3%)  blended_union: 125 (11.3%)  diverse: 513 (46.4%)
  [3a] Subgraph / edge_w   k=50 …
2026-07-01 18:57:10.099 | INFO     | pycaalp.time_balancing.model:run_mip:430 - Running MIP solver ...
      obj=0.843 (vs_full=+0.00%)  alpha=584.0s  build=0.218s solve=1.186s  vs_full=+0.00%
  [3b] Subgraph / bal_w    k=50 …
2026-07-01 18:57:11.285 | INFO     | pycaalp.time_balancing.model:run_mip:430 - Running MIP solver ...
      obj=1.114 (vs_full=+32.06%)  alpha=602.7s  build=0.099s solve=0.489s  vs_full=+3.19%
  [3c] Subgraph / combined k=50 …
2026-07-01 18:57:11.774 | INFO     | pycaalp.time_balancing.model:run_mip:430 - Running MIP solver ...
      obj=0.843 (vs_full=-0.00%)  alpha=584.0s  build=0.286s solve=1.629s  vs_full=+0.00%
  [3d] Subgraph / blended  k=50 …
2026-07-01 18:57:13.403 | INFO     | pycaalp.time_balancing.model:run_mip:430 - Running MIP solver ...
      obj=0.844 (vs_full=+0.02%)  alpha=584.0s  build=0.194s solve=1.672s  vs_full=+0.00%
  [3e] Subgraph / bl-union k=50 …
2026-07-01 18:57:15.075 | INFO     | pycaalp.time_balancing.model:run_mip:430 - Running MIP solver ...
      obj=0.843 (vs_full=-0.00%)  alpha=584.0s  build=0.617s solve=1.220s  vs_full=+0.00%
  [3f] Subgraph / diverse  k=50 …
2026-07-01 18:57:16.296 | INFO     | pycaalp.time_balancing.model:run_mip:430 - Running MIP solver ...
      obj=0.844 (vs_full=+0.07%)  alpha=584.0s  build=0.058s solve=4.271s  vs_full=+0.00%

k = 100
  Subgraph edges — edge_w: 78 (7.1%)  bal_w: 86 (7.8%)  combined: 162 (14.7%)  blended: 71 (6.4%)  blended_union: 153 (13.8%)  diverse: 743 (67.2%)
  [3a] Subgraph / edge_w   k=100 …
2026-07-01 18:57:23.363 | INFO     | pycaalp.time_balancing.model:run_mip:430 - Running MIP solver ...
      obj=0.843 (vs_full=-0.00%)  alpha=584.0s  build=0.299s solve=0.589s  vs_full=+0.00%
  [3b] Subgraph / bal_w    k=100 …
2026-07-01 18:57:23.952 | INFO     | pycaalp.time_balancing.model:run_mip:430 - Running MIP solver ...
      obj=1.113 (vs_full=+31.99%)  alpha=597.8s  build=0.233s solve=1.617s  vs_full=+2.36%
  [3c] Subgraph / combined k=100 …
2026-07-01 18:57:25.569 | INFO     | pycaalp.time_balancing.model:run_mip:430 - Running MIP solver ...
      obj=0.843 (vs_full=-0.00%)  alpha=584.0s  build=0.579s solve=1.718s  vs_full=+0.00%
  [3d] Subgraph / blended  k=100 …
2026-07-01 18:57:27.288 | INFO     | pycaalp.time_balancing.model:run_mip:430 - Running MIP solver ...
      obj=0.844 (vs_full=+0.02%)  alpha=584.0s  build=0.281s solve=1.364s  vs_full=+0.00%
  [3e] Subgraph / bl-union k=100 …
2026-07-01 18:57:28.651 | INFO     | pycaalp.time_balancing.model:run_mip:430 - Running MIP solver ...
      obj=0.843 (vs_full=+0.00%)  alpha=584.0s  build=1.312s solve=2.440s  vs_full=+0.00%
  [3f] Subgraph / diverse  k=100 …
2026-07-01 18:57:31.091 | INFO     | pycaalp.time_balancing.model:run_mip:430 - Running MIP solver ...
      obj=0.844 (vs_full=+0.07%)  alpha=584.0s  build=0.092s solve=6.562s  vs_full=+0.00%

k = 200
  Subgraph edges — edge_w: 95 (8.6%)  bal_w: 111 (10.0%)  combined: 202 (18.3%)  blended: 86 (7.8%)  blended_union: 177 (16.0%)  diverse: 906 (82.0%)
  [3a] Subgraph / edge_w   k=200 …
2026-07-01 18:57:43.397 | INFO     | pycaalp.time_balancing.model:run_mip:430 - Running MIP solver ...
      obj=0.843 (vs_full=-0.00%)  alpha=584.0s  build=0.691s solve=0.971s  vs_full=+0.00%
  [3b] Subgraph / bal_w    k=200 …
2026-07-01 18:57:44.368 | INFO     | pycaalp.time_balancing.model:run_mip:430 - Running MIP solver ...
      obj=1.110 (vs_full=+31.59%)  alpha=602.7s  build=0.436s solve=2.050s  vs_full=+3.19%
  [3c] Subgraph / combined k=200 …
2026-07-01 18:57:46.418 | INFO     | pycaalp.time_balancing.model:run_mip:430 - Running MIP solver ...
      obj=0.843 (vs_full=+0.00%)  alpha=584.0s  build=1.169s solve=2.221s  vs_full=+0.00%
  [3d] Subgraph / blended  k=200 …
2026-07-01 18:57:48.639 | INFO     | pycaalp.time_balancing.model:run_mip:430 - Running MIP solver ...
      obj=0.843 (vs_full=+0.00%)  alpha=584.0s  build=0.668s solve=1.216s  vs_full=+0.00%
  [3e] Subgraph / bl-union k=200 …
2026-07-01 18:57:49.855 | INFO     | pycaalp.time_balancing.model:run_mip:430 - Running MIP solver ...
      obj=0.843 (vs_full=-0.00%)  alpha=584.0s  build=2.562s solve=2.275s  vs_full=+0.00%
  [3f] Subgraph / diverse  k=200 …
2026-07-01 18:57:52.131 | INFO     | pycaalp.time_balancing.model:run_mip:430 - Running MIP solver ...
      obj=0.844 (vs_full=+0.07%)  alpha=584.0s  build=0.218s solve=9.915s  vs_full=+0.00%

k = 500
  Subgraph edges — edge_w: 108 (9.8%)  bal_w: 153 (13.8%)  combined: 257 (23.3%)  blended: 131 (11.9%)  blended_union: 245 (22.2%)  diverse: 1047 (94.8%)
  [3a] Subgraph / edge_w   k=500 …
2026-07-01 18:58:16.134 | INFO     | pycaalp.time_balancing.model:run_mip:430 - Running MIP solver ...
      obj=0.843 (vs_full=+0.00%)  alpha=584.0s  build=1.722s solve=0.720s  vs_full=+0.00%
  [3b] Subgraph / bal_w    k=500 …
2026-07-01 18:58:16.854 | INFO     | pycaalp.time_balancing.model:run_mip:430 - Running MIP solver ...
      obj=1.110 (vs_full=+31.59%)  alpha=602.7s  build=1.159s solve=3.643s  vs_full=+3.19%
  [3c] Subgraph / combined k=500 …
2026-07-01 18:58:20.498 | INFO     | pycaalp.time_balancing.model:run_mip:430 - Running MIP solver ...
      obj=0.843 (vs_full=-0.00%)  alpha=584.0s  build=2.885s solve=2.367s  vs_full=+0.00%
  [3d] Subgraph / blended  k=500 …
2026-07-01 18:58:22.866 | INFO     | pycaalp.time_balancing.model:run_mip:430 - Running MIP solver ...
      obj=0.843 (vs_full=-0.00%)  alpha=584.0s  build=1.561s solve=1.762s  vs_full=+0.00%
  [3e] Subgraph / bl-union k=500 …
2026-07-01 18:58:24.628 | INFO     | pycaalp.time_balancing.model:run_mip:430 - Running MIP solver ...
      obj=0.843 (vs_full=-0.00%)  alpha=584.0s  build=6.302s solve=4.421s  vs_full=+0.00%
  [3f] Subgraph / diverse  k=500 …
2026-07-01 18:58:29.049 | INFO     | pycaalp.time_balancing.model:run_mip:430 - Running MIP solver ...
      obj=0.843 (vs_full=-0.00%)  alpha=584.0s  build=0.458s solve=5.608s  vs_full=+0.00%

k = 1000
  Subgraph edges — edge_w: 142 (12.9%)  bal_w: 211 (19.1%)  combined: 346 (31.3%)  blended: 151 (13.7%)  blended_union: 297 (26.9%)  diverse: 1105 (100.0%)
  [3a] Subgraph / edge_w   k=1000 …
2026-07-01 18:59:02.104 | INFO     | pycaalp.time_balancing.model:run_mip:430 - Running MIP solver ...
      obj=0.843 (vs_full=+0.00%)  alpha=584.0s  build=3.173s solve=2.262s  vs_full=+0.00%
  [3b] Subgraph / bal_w    k=1000 …
2026-07-01 18:59:04.366 | INFO     | pycaalp.time_balancing.model:run_mip:430 - Running MIP solver ...
      obj=1.109 (vs_full=+31.51%)  alpha=581.1s  build=2.948s solve=2.504s  vs_full=-0.50%
  [3c] Subgraph / combined k=1000 …
2026-07-01 18:59:06.870 | INFO     | pycaalp.time_balancing.model:run_mip:430 - Running MIP solver ...
      obj=0.843 (vs_full=-0.00%)  alpha=584.0s  build=6.228s solve=2.844s  vs_full=+0.00%
  [3d] Subgraph / blended  k=1000 …
2026-07-01 18:59:09.714 | INFO     | pycaalp.time_balancing.model:run_mip:430 - Running MIP solver ...
      obj=0.843 (vs_full=-0.00%)  alpha=584.0s  build=2.820s solve=2.495s  vs_full=+0.00%
  [3e] Subgraph / bl-union k=1000 …
2026-07-01 18:59:12.209 | INFO     | pycaalp.time_balancing.model:run_mip:430 - Running MIP solver ...
      obj=0.843 (vs_full=+0.00%)  alpha=584.0s  build=11.318s solve=3.782s  vs_full=+0.00%
  [3f] Subgraph / diverse  k=1000 …
2026-07-01 18:59:15.991 | INFO     | pycaalp.time_balancing.model:run_mip:430 - Running MIP solver ...
      obj=0.843 (vs_full=+0.00%)  alpha=584.0s  build=0.961s solve=12.836s  vs_full=+0.00%

k = 2000
  Subgraph edges — edge_w: 185 (16.7%)  bal_w: 292 (26.4%)  combined: 460 (41.6%)  blended: 191 (17.3%)  blended_union: 410 (37.1%)  diverse: 1105 (100.0%)
  [3a] Subgraph / edge_w   k=2000 …
2026-07-01 19:00:37.589 | INFO     | pycaalp.time_balancing.model:run_mip:430 - Running MIP solver ...
      obj=0.843 (vs_full=+0.00%)  alpha=584.0s  build=7.974s solve=2.581s  vs_full=+0.00%
  [3b] Subgraph / bal_w    k=2000 …
2026-07-01 19:00:40.170 | INFO     | pycaalp.time_balancing.model:run_mip:430 - Running MIP solver ...
      obj=1.109 (vs_full=+31.51%)  alpha=581.1s  build=6.890s solve=5.029s  vs_full=-0.50%
  [3c] Subgraph / combined k=2000 …
2026-07-01 19:00:45.199 | INFO     | pycaalp.time_balancing.model:run_mip:430 - Running MIP solver ...
      obj=0.843 (vs_full=-0.00%)  alpha=584.0s  build=14.597s solve=4.155s  vs_full=+0.00%
  [3d] Subgraph / blended  k=2000 …
2026-07-01 19:00:49.354 | INFO     | pycaalp.time_balancing.model:run_mip:430 - Running MIP solver ...
      obj=0.843 (vs_full=-0.00%)  alpha=584.0s  build=8.643s solve=2.017s  vs_full=+0.00%
  [3e] Subgraph / bl-union k=2000 …
2026-07-01 19:00:51.371 | INFO     | pycaalp.time_balancing.model:run_mip:430 - Running MIP solver ...
      obj=0.843 (vs_full=-0.00%)  alpha=584.0s  build=28.487s solve=5.629s  vs_full=+0.00%
  [3f] Subgraph / diverse  k=2000 …
2026-07-01 19:00:57.000 | INFO     | pycaalp.time_balancing.model:run_mip:430 - Running MIP solver ...
      obj=0.843 (vs_full=+0.00%)  alpha=584.0s  build=2.171s solve=12.953s  vs_full=+0.00%

k = 5000
  Subgraph edges — edge_w: 232 (21.0%)  bal_w: 431 (39.0%)  combined: 632 (57.2%)  blended: 321 (29.0%)  blended_union: 525 (47.5%)  diverse: 1105 (100.0%)
  [3a] Subgraph / edge_w   k=5000 …
2026-07-01 19:05:28.687 | INFO     | pycaalp.time_balancing.model:run_mip:430 - Running MIP solver ...
      obj=0.843 (vs_full=-0.00%)  alpha=584.0s  build=31.993s solve=4.591s  vs_full=+0.00%
  [3b] Subgraph / bal_w    k=5000 …
2026-07-01 19:05:33.278 | INFO     | pycaalp.time_balancing.model:run_mip:430 - Running MIP solver ...
      obj=1.035 (vs_full=+22.71%)  alpha=581.1s  build=23.904s solve=5.265s  vs_full=-0.50%
  [3c] Subgraph / combined k=5000 …
2026-07-01 19:05:38.543 | INFO     | pycaalp.time_balancing.model:run_mip:430 - Running MIP solver ...
      obj=0.843 (vs_full=-0.00%)  alpha=584.0s  build=57.180s solve=7.149s  vs_full=+0.00%
  [3d] Subgraph / blended  k=5000 …
2026-07-01 19:05:45.692 | INFO     | pycaalp.time_balancing.model:run_mip:430 - Running MIP solver ...
      obj=0.843 (vs_full=-0.00%)  alpha=584.0s  build=33.003s solve=5.566s  vs_full=+0.00%
  [3e] Subgraph / bl-union k=5000 …
2026-07-01 19:05:51.258 | INFO     | pycaalp.time_balancing.model:run_mip:430 - Running MIP solver ...
      obj=0.843 (vs_full=-0.00%)  alpha=584.0s  build=106.999s solve=4.182s  vs_full=+0.00%
  [3f] Subgraph / diverse  k=5000 …
2026-07-01 19:05:55.440 | INFO     | pycaalp.time_balancing.model:run_mip:430 - Running MIP solver ...
      obj=0.843 (vs_full=+0.00%)  alpha=584.0s  build=5.654s solve=13.996s  vs_full=+0.00%

Results saved to experiments/strategy_comparison/assembly_1_np_4/strategy_comparison_lambda_0.15.csv
Plot with:  python -m experiments.strategy_comparison.plot_k_sensitivity

============================================================================================================================
SUMMARY — assembly_1  P=4  λ=0.15
============================================================================================================================
Strategy       Weight                      k   Build    Solve    Total  Spdup       Obj   ObjvsF     Alpha    AlvsF   Edges  %Grph
----------------------------------------------------------------------------------------------------------------------------
full_mip       —                               0.000   10.601   10.601   1.0x     0.843    +0.00    584.04    +0.00    1105  100.0
subgraph_mip   edge_weight                 1   0.001    0.022    0.024 449.5x     0.843    -0.00    584.04    +0.00      13    1.2
subgraph_mip   time_balanced_weight        1   0.001    0.054    0.055 194.0x     1.134   +34.46    597.84    +2.36      13    1.2
subgraph_mip   combined                    1   0.001    0.249    0.250  42.3x     0.843    +0.00    584.04    +0.00      26    2.4
subgraph_mip   blended                     1   0.001    0.056    0.057 185.7x     0.850    +0.73    584.04    +0.00      13    1.2
subgraph_mip   blended_union               1   0.009    0.107    0.116  91.6x     0.843    +0.00    584.04    +0.00      37    3.4
subgraph_mip   diverse                     1   0.003    0.065    0.068 154.8x     0.850    +0.73    584.04    +0.00      13    1.2
subgraph_mip   edge_weight                 2   0.007    0.067    0.074 143.2x     0.843    -0.00    584.04    +0.00      15    1.4
subgraph_mip   time_balanced_weight        2   0.006    0.132    0.138  76.8x     1.134   +34.46    597.84    +2.36      15    1.4
subgraph_mip   combined                    2   0.007    0.187    0.195  54.5x     0.843    -0.00    584.04    +0.00      30    2.7
subgraph_mip   blended                     2   0.003    0.151    0.154  68.9x     0.850    +0.73    584.04    +0.00      15    1.4
subgraph_mip   blended_union               2   0.017    0.480    0.497  21.3x     0.843    -0.00    584.04    +0.00      43    3.9
subgraph_mip   diverse                     2   0.004    0.100    0.103 102.5x     0.850    +0.73    584.04    +0.00      26    2.4
subgraph_mip   edge_weight                 5   0.013    0.160    0.173  61.3x     0.843    -0.00    584.04    +0.00      21    1.9
subgraph_mip   time_balanced_weight        5   0.013    0.750    0.763  13.9x     1.119   +32.68    597.84    +2.36      27    2.4
subgraph_mip   combined                    5   0.039    0.712    0.751  14.1x     0.843    +0.00    584.04    +0.00      48    4.3
subgraph_mip   blended                     5   0.011    0.173    0.184  57.6x     0.850    +0.73    584.04    +0.00      19    1.7
subgraph_mip   blended_union               5   0.063    1.074    1.137   9.3x     0.843    +0.00    584.04    +0.00      60    5.4
subgraph_mip   diverse                     5   0.010    0.677    0.687  15.4x     0.849    +0.62    584.04    +0.00      65    5.9
subgraph_mip   edge_weight                10   0.038    0.498    0.537  19.8x     0.843    -0.00    584.04    +0.00      24    2.2
subgraph_mip   time_balanced_weight       10   0.021    0.365    0.387  27.4x     1.119   +32.68    597.84    +2.36      38    3.4
subgraph_mip   combined                   10   0.091    0.929    1.019  10.4x     0.843    -0.00    584.04    +0.00      62    5.6
subgraph_mip   blended                    10   0.053    0.315    0.368  28.8x     0.850    +0.73    584.04    +0.00      21    1.9
subgraph_mip   blended_union              10   0.113    0.605    0.717  14.8x     0.843    +0.00    584.04    +0.00      76    6.9
subgraph_mip   diverse                    10   0.021    2.848    2.869   3.7x     0.849    +0.62    584.04    +0.00     126   11.4
subgraph_mip   edge_weight                20   0.084    0.780    0.863  12.3x     0.843    -0.00    584.04    +0.00      35    3.2
subgraph_mip   time_balanced_weight       20   0.058    0.476    0.534  19.9x     1.119   +32.68    597.84    +2.36      42    3.8
subgraph_mip   combined                   20   0.114    1.199    1.314   8.1x     0.843    -0.00    584.04    +0.00      77    7.0
subgraph_mip   blended                    20   0.074    0.662    0.735  14.4x     0.847    +0.44    584.04    +0.00      27    2.4
subgraph_mip   blended_union              20   0.298    1.722    2.020   5.2x     0.843    +0.00    584.04    +0.00      92    8.3
subgraph_mip   diverse                    20   0.044    1.655    1.698   6.2x     0.844    +0.07    584.04    +0.00     239   21.6
subgraph_mip   edge_weight                50   0.218    1.186    1.404   7.5x     0.843    +0.00    584.04    +0.00      54    4.9
subgraph_mip   time_balanced_weight       50   0.099    0.489    0.588  18.0x     1.114   +32.06    602.68    +3.19      63    5.7
subgraph_mip   combined                   50   0.286    1.629    1.915   5.5x     0.843    -0.00    584.04    +0.00     116   10.5
subgraph_mip   blended                    50   0.194    1.672    1.866   5.7x     0.844    +0.02    584.04    +0.00      48    4.3
subgraph_mip   blended_union              50   0.617    1.220    1.837   5.8x     0.843    -0.00    584.04    +0.00     125   11.3
subgraph_mip   diverse                    50   0.058    4.271    4.329   2.5x     0.844    +0.07    584.04    +0.00     513   46.4
subgraph_mip   edge_weight               100   0.299    0.589    0.889  11.9x     0.843    -0.00    584.04    +0.00      78    7.1
subgraph_mip   time_balanced_weight      100   0.233    1.617    1.850   5.7x     1.113   +31.99    597.84    +2.36      86    7.8
subgraph_mip   combined                  100   0.579    1.718    2.297   4.6x     0.843    -0.00    584.04    +0.00     162   14.7
subgraph_mip   blended                   100   0.281    1.364    1.645   6.5x     0.844    +0.02    584.04    +0.00      71    6.4
subgraph_mip   blended_union             100   1.312    2.440    3.752   2.8x     0.843    +0.00    584.04    +0.00     153   13.8
subgraph_mip   diverse                   100   0.092    6.562    6.653   1.6x     0.844    +0.07    584.04    +0.00     743   67.2
subgraph_mip   edge_weight               200   0.691    0.971    1.662   6.4x     0.843    -0.00    584.04    +0.00      95    8.6
subgraph_mip   time_balanced_weight      200   0.436    2.050    2.486   4.3x     1.110   +31.59    602.68    +3.19     111   10.1
subgraph_mip   combined                  200   1.169    2.221    3.390   3.1x     0.843    +0.00    584.04    +0.00     202   18.3
subgraph_mip   blended                   200   0.668    1.216    1.885   5.6x     0.843    +0.00    584.04    +0.00      86    7.8
subgraph_mip   blended_union             200   2.562    2.275    4.837   2.2x     0.843    -0.00    584.04    +0.00     177   16.0
subgraph_mip   diverse                   200   0.218    9.915   10.133   1.1x     0.844    +0.07    584.04    +0.00     906   82.0
subgraph_mip   edge_weight               500   1.722    0.720    2.442   4.3x     0.843    +0.00    584.04    +0.00     108    9.8
subgraph_mip   time_balanced_weight      500   1.159    3.643    4.802   2.2x     1.110   +31.59    602.68    +3.19     153   13.8
subgraph_mip   combined                  500   2.885    2.367    5.253   2.0x     0.843    -0.00    584.04    +0.00     257   23.3
subgraph_mip   blended                   500   1.561    1.762    3.323   3.2x     0.843    -0.00    584.04    +0.00     131   11.9
subgraph_mip   blended_union             500   6.302    4.421   10.723   1.0x     0.843    -0.00    584.04    +0.00     245   22.2
subgraph_mip   diverse                   500   0.458    5.608    6.066   1.8x     0.843    -0.00    584.04    +0.00    1047   94.8
subgraph_mip   edge_weight              1000   3.173    2.262    5.434   1.9x     0.843    +0.00    584.04    +0.00     142   12.8
subgraph_mip   time_balanced_weight     1000   2.948    2.504    5.451   1.9x     1.109   +31.51    581.12    -0.50     211   19.1
subgraph_mip   combined                 1000   6.228    2.844    9.072   1.2x     0.843    -0.00    584.04    +0.00     346   31.3
subgraph_mip   blended                  1000   2.820    2.495    5.315   2.0x     0.843    -0.00    584.04    +0.00     151   13.7
subgraph_mip   blended_union            1000  11.318    3.782   15.100   0.7x     0.843    +0.00    584.04    +0.00     297   26.9
subgraph_mip   diverse                  1000   0.961   12.836   13.797   0.8x     0.843    +0.00    584.04    +0.00    1105  100.0
subgraph_mip   edge_weight              2000   7.974    2.581   10.555   1.0x     0.843    +0.00    584.04    +0.00     185   16.7
subgraph_mip   time_balanced_weight     2000   6.890    5.029   11.919   0.9x     1.109   +31.51    581.12    -0.50     292   26.4
subgraph_mip   combined                 2000  14.597    4.155   18.752   0.6x     0.843    -0.00    584.04    +0.00     460   41.6
subgraph_mip   blended                  2000   8.643    2.017   10.659   1.0x     0.843    -0.00    584.04    +0.00     191   17.3
subgraph_mip   blended_union            2000  28.487    5.629   34.116   0.3x     0.843    -0.00    584.04    +0.00     410   37.1
subgraph_mip   diverse                  2000   2.171   12.953   15.124   0.7x     0.843    +0.00    584.04    +0.00    1105  100.0
subgraph_mip   edge_weight              5000  31.993    4.591   36.584   0.3x     0.843    -0.00    584.04    +0.00     232   21.0
subgraph_mip   time_balanced_weight     5000  23.904    5.265   29.169   0.4x     1.035   +22.71    581.12    -0.50     431   39.0
subgraph_mip   combined                 5000  57.180    7.149   64.329   0.2x     0.843    -0.00    584.04    +0.00     632   57.2
subgraph_mip   blended                  5000  33.003    5.566   38.569   0.3x     0.843    -0.00    584.04    +0.00     321   29.1
subgraph_mip   blended_union            5000 106.999    4.182  111.181   0.1x     0.843    -0.00    584.04    +0.00     525   47.5
subgraph_mip   diverse                  5000   5.654   13.996   19.650   0.5x     0.843    +0.00    584.04    +0.00    1105  100.0
============================================================================================================================

----------------- λ = 0.2 -----------------
========================================================================
Strategy Comparison Experiment — assembly_1  P=4  λ=0.2
========================================================================

Building assembly digraph …
2026-07-01 18:56:39.197 | INFO     | pycaalp.gapp.assembly_digraph:compute_assembly_digraph_complete:395 - Computing assembly digraph...
  343 nodes, 1105 edges  (0.3s)

[1] Full MIP  P=4  λ=0.2
2026-07-01 18:56:39.486 | INFO     | pycaalp.time_balancing.model:run_mip:430 - Running MIP solver ...
presolving:
(round 1, fast)       2 del vars, 2 del conss, 0 add conss, 0 chg bounds, 0 chg sides, 0 chg coeffs, 0 upgd conss, 0 impls, 69 clqs, 0 implints
(round 2, exhaustive) 2 del vars, 2 del conss, 0 add conss, 1 chg bounds, 0 chg sides, 0 chg coeffs, 4525 upgd conss, 0 impls, 69 clqs, 0 implints
   (0.3s) probing: 1000/1207 (82.9%) - 0 fixings, 0 aggregations, 130891 implications, 0 bound changes
   (0.3s) probing: 1001/1207 (82.9%) - 0 fixings, 0 aggregations, 130966 implications, 0 bound changes
   (0.3s) probing aborted: 1000/1000 successive useless probings
   (0.3s) symmetry computation started: requiring (bin +, int +, cont +), (fixed: bin -, int -, cont -)
   (0.3s) no symmetry present (symcode time: 0.00)
presolving (3 rounds: 3 fast, 2 medium, 2 exhaustive):
 2 deleted vars, 2 deleted constraints, 0 added constraints, 1 tightened bounds, 0 added holes, 0 changed sides, 0 changed coefficients
 0 implications, 15690 cliques, 0 implied integral variables (0 bin, 0 int, 0 cont)
presolved problem has 1208 variables (1207 bin, 0 int, 1 cont) and 4839 constraints
     69 constraints of type <setppc>
    314 constraints of type <linear>
   4456 constraints of type <logicor>
Presolving Time: 0.29

 time | node  | left  |LP iter|LP it/n|mem/heur|mdpt |vars |cons |rows |cuts |sepa|confs|strbr|  dualbound   | primalbound  |  gap   | compl. 
p 0.4s|     1 |     0 |   126 |     - | vbounds|   0 |1208 |4867 |4839 |   0 |  0 |  27 |   0 | 0.000000e+00 | 1.157559e+00 |    Inf | unknown
  0.4s|     1 |     0 |   471 |     - |    34M |   0 |1208 |4867 |4839 |   0 |  0 |  27 |   0 | 8.329273e-01 | 1.157559e+00 |  38.97%| unknown
  0.7s|     1 |     0 |   484 |     - |    39M |   0 |1208 |4875 |4843 |   4 |  1 |  35 |   0 | 8.329273e-01 | 1.157559e+00 |  38.97%| unknown
  1.1s|     1 |     0 |   492 |     - |    46M |   0 |1208 |4881 |4846 |   7 |  2 |  41 |   0 | 8.329273e-01 | 1.157559e+00 |  38.97%| unknown
  1.6s|     1 |     0 |   503 |     - |    54M |   0 |1208 |4882 |4850 |  11 |  3 |  42 |   0 | 8.329273e-01 | 1.157559e+00 |  38.97%| unknown
  1.9s|     1 |     0 |   515 |     - |    60M |   0 |1208 |4886 |4853 |  14 |  4 |  46 |   0 | 8.329273e-01 | 1.157559e+00 |  38.97%| unknown
  2.3s|     1 |     0 |   525 |     - |    66M |   0 |1208 |4887 |4855 |  16 |  5 |  47 |   0 | 8.329273e-01 | 1.157559e+00 |  38.97%| unknown
  2.7s|     1 |     0 |   534 |     - |    73M |   0 |1208 |4897 |4858 |  19 |  6 |  57 |   0 | 8.329273e-01 | 1.157559e+00 |  38.97%| unknown
  3.1s|     1 |     0 |   540 |     - |    81M |   0 |1208 |4898 |4860 |  21 |  7 |  58 |   0 | 8.329273e-01 | 1.157559e+00 |  38.97%| unknown
  3.5s|     1 |     0 |   543 |     - |    89M |   0 |1208 |4901 |4863 |  24 |  8 |  67 |   0 | 8.329273e-01 | 1.157559e+00 |  38.97%| unknown
  3.8s|     1 |     0 |   562 |     - |    95M |   0 |1208 |4903 |4864 |  25 |  9 |  69 |   0 | 8.329273e-01 | 1.157559e+00 |  38.97%| unknown
  4.3s|     1 |     0 |   570 |     - |   103M |   0 |1208 |4912 |4866 |  27 | 10 |  79 |   0 | 8.329273e-01 | 1.157559e+00 |  38.97%| unknown
  4.3s|     1 |     0 |   573 |     - |   103M |   0 |1208 |4913 |4868 |  29 | 11 |  80 |   0 | 8.329273e-01 | 1.157559e+00 |  38.97%| unknown
d 4.4s|     1 |     0 |  1259 |     - |farkasdi|   0 |1208 |4916 |4868 |   0 | 11 |  83 |   0 | 8.329273e-01 | 8.955637e-01 |   7.52%| unknown
  4.5s|     1 |     0 |  1861 |     - |   104M |   0 |1208 |4919 |4868 |  29 | 11 |  88 |   0 | 8.329273e-01 | 8.955637e-01 |   7.52%| unknown
 time | node  | left  |LP iter|LP it/n|mem/heur|mdpt |vars |cons |rows |cuts |sepa|confs|strbr|  dualbound   | primalbound  |  gap   | compl. 
  4.6s|     1 |     0 |  1861 |     - |   104M |   0 |1208 |4929 |4412 |  29 | 11 |  98 |   0 | 8.329273e-01 | 8.955637e-01 |   7.52%| unknown
  4.6s|     1 |     0 |  1865 |     - |   104M |   0 |1208 |4700 |4395 |  30 | 12 |  98 |   0 | 8.329273e-01 | 8.955637e-01 |   7.52%| unknown
  4.6s|     1 |     0 |  1865 |     - |   104M |   0 |1208 |4290 |4395 |  30 | 13 | 103 |   0 | 8.329273e-01 | 8.955637e-01 |   7.52%| unknown
  4.6s|     1 |     0 |  1876 |     - |   104M |   0 |1208 |4290 |4396 |  31 | 14 | 103 |   0 | 8.329273e-01 | 8.955637e-01 |   7.52%| unknown
  4.6s|     1 |     0 |  1878 |     - |   105M |   0 |1208 |4300 |4397 |  32 | 15 | 113 |   0 | 8.329273e-01 | 8.955637e-01 |   7.52%| unknown
(run 1, node 1) restarting after 382 global fixings of integer variables

(restart) converted 30 cuts from the global cut pool into linear constraints

presolving:
(round 1, fast)       390 del vars, 986 del conss, 0 add conss, 0 chg bounds, 0 chg sides, 347 chg coeffs, 0 upgd conss, 0 impls, 8413 clqs, 0 implints
(round 2, exhaustive) 390 del vars, 986 del conss, 0 add conss, 0 chg bounds, 0 chg sides, 347 chg coeffs, 46 upgd conss, 0 impls, 8413 clqs, 0 implints
(round 3, exhaustive) 390 del vars, 988 del conss, 0 add conss, 0 chg bounds, 1 chg sides, 382 chg coeffs, 46 upgd conss, 0 impls, 8416 clqs, 0 implints
(round 4, exhaustive) 390 del vars, 988 del conss, 0 add conss, 0 chg bounds, 1 chg sides, 412 chg coeffs, 46 upgd conss, 0 impls, 8416 clqs, 0 implints
presolving (5 rounds: 5 fast, 4 medium, 4 exhaustive):
 390 deleted vars, 989 deleted constraints, 0 added constraints, 0 tightened bounds, 0 added holes, 1 changed sides, 414 changed coefficients
 0 implications, 8416 cliques, 0 implied integral variables (0 bin, 0 int, 0 cont)
presolved problem has 818 variables (817 bin, 0 int, 1 cont) and 3342 constraints
      5 constraints of type <knapsack>
    108 constraints of type <setppc>
    219 constraints of type <linear>
   3010 constraints of type <logicor>
Presolving Time: 0.31
transformed 2/3 original solutions to the transformed problem space

 time | node  | left  |LP iter|LP it/n|mem/heur|mdpt |vars |cons |rows |cuts |sepa|confs|strbr|  dualbound   | primalbound  |  gap   | compl. 
  4.6s|     1 |     0 |  2197 |     - |    99M |   0 | 818 |3342 |3250 |   0 |  0 | 114 |   0 | 8.329273e-01 | 8.955637e-01 |   7.52%| unknown
  4.7s|     1 |     0 |  2197 |     - |    99M |   0 | 818 |3352 |3014 |   0 |  0 | 124 |   0 | 8.329273e-01 | 8.955637e-01 |   7.52%| unknown
  4.8s|     1 |     0 |  2209 |     - |   101M |   0 | 818 |3240 |2923 |   4 |  1 | 124 |   0 | 8.329273e-01 | 8.955637e-01 |   7.52%| unknown
  4.9s|     1 |     0 |  2225 |     - |   102M |   0 | 818 |3194 |2929 |  10 |  2 | 134 |   0 | 8.329273e-01 | 8.955637e-01 |   7.52%| unknown
  5.1s|     1 |     0 |  2243 |     - |   103M |   0 | 818 |3184 |2934 |  15 |  3 | 135 |   0 | 8.329273e-01 | 8.955637e-01 |   7.52%| unknown
  5.2s|     1 |     0 |  2252 |     - |   103M |   0 | 818 |3156 |2938 |  19 |  4 | 138 |   0 | 8.329273e-01 | 8.955637e-01 |   7.52%| unknown
  5.4s|     1 |     0 |  2269 |     - |   103M |   0 | 818 |3152 |2943 |  24 |  5 | 140 |   0 | 8.329273e-01 | 8.955637e-01 |   7.52%| unknown
  5.6s|     1 |     0 |  2278 |     - |   105M |   0 | 818 |3130 |2946 |  27 |  6 | 149 |   0 | 8.329273e-01 | 8.955637e-01 |   7.52%| unknown
  5.7s|     1 |     0 |  2288 |     - |   109M |   0 | 818 |3130 |2948 |  29 |  7 | 159 |   0 | 8.329273e-01 | 8.955637e-01 |   7.52%| unknown
  5.9s|     1 |     0 |  2312 |     - |   112M |   0 | 818 |3132 |2942 |  31 |  8 | 166 |   0 | 8.329273e-01 | 8.955637e-01 |   7.52%| unknown
  6.0s|     1 |     0 |  2339 |     - |   113M |   0 | 818 |3135 |2945 |  34 |  9 | 176 |   0 | 8.329273e-01 | 8.955637e-01 |   7.52%| unknown
  6.2s|     1 |     0 |  2358 |     - |   117M |   0 | 818 |3133 |2948 |  37 | 10 | 177 |   0 | 8.329273e-01 | 8.955637e-01 |   7.52%| unknown
  6.2s|     1 |     0 |  2365 |     - |   117M |   0 | 818 |3132 |2952 |  41 | 11 | 178 |   0 | 8.329273e-01 | 8.955637e-01 |   7.52%| unknown
  6.2s|     1 |     0 |  2372 |     - |   117M |   0 | 818 |3138 |2928 |  43 | 12 | 188 |   0 | 8.329273e-01 | 8.955637e-01 |   7.52%| unknown
  6.2s|     1 |     0 |  2372 |     - |   117M |   0 | 818 |2921 |2928 |  43 | 12 | 198 |   0 | 8.329273e-01 | 8.955637e-01 |   7.52%| unknown
 time | node  | left  |LP iter|LP it/n|mem/heur|mdpt |vars |cons |rows |cuts |sepa|confs|strbr|  dualbound   | primalbound  |  gap   | compl. 
  6.3s|     1 |     0 |  2379 |     - |   118M |   0 | 818 |2921 |2929 |  44 | 13 | 198 |   0 | 8.329273e-01 | 8.955637e-01 |   7.52%| unknown
  6.3s|     1 |     0 |  2383 |     - |   118M |   0 | 818 |2653 |2931 |  46 | 14 | 207 |   0 | 8.329273e-01 | 8.955637e-01 |   7.52%| unknown
  6.3s|     1 |     0 |  2384 |     - |   118M |   0 | 818 |2596 |2932 |  47 | 15 | 207 |   0 | 8.329273e-01 | 8.955637e-01 |   7.52%| unknown
d 6.4s|     1 |     0 |  2660 |     - |farkasdi|   0 | 818 |2591 |2932 |   0 | 16 | 217 |   0 | 8.329273e-01 | 8.796501e-01 |   5.61%| unknown
(run 2, node 1) restarting after 225 global fixings of integer variables

(restart) converted 38 cuts from the global cut pool into linear constraints

presolving:
(round 1, fast)       229 del vars, 185 del conss, 0 add conss, 0 chg bounds, 0 chg sides, 592 chg coeffs, 0 upgd conss, 0 impls, 4913 clqs, 0 implints
(round 2, exhaustive) 229 del vars, 186 del conss, 0 add conss, 0 chg bounds, 0 chg sides, 594 chg coeffs, 31 upgd conss, 0 impls, 4913 clqs, 0 implints
(round 3, exhaustive) 229 del vars, 199 del conss, 0 add conss, 0 chg bounds, 0 chg sides, 804 chg coeffs, 31 upgd conss, 0 impls, 4914 clqs, 0 implints
(round 4, exhaustive) 229 del vars, 201 del conss, 0 add conss, 0 chg bounds, 0 chg sides, 810 chg coeffs, 31 upgd conss, 0 impls, 4914 clqs, 0 implints
(round 5, exhaustive) 229 del vars, 201 del conss, 0 add conss, 0 chg bounds, 0 chg sides, 827 chg coeffs, 31 upgd conss, 0 impls, 4914 clqs, 0 implints
presolving (6 rounds: 6 fast, 5 medium, 5 exhaustive):
 229 deleted vars, 201 deleted constraints, 0 added constraints, 0 tightened bounds, 0 added holes, 0 changed sides, 835 changed coefficients
 0 implications, 4914 cliques, 0 implied integral variables (0 bin, 0 int, 0 cont)
presolved problem has 589 variables (588 bin, 0 int, 1 cont) and 2433 constraints
     17 constraints of type <knapsack>
    101 constraints of type <setppc>
    178 constraints of type <linear>
   2137 constraints of type <logicor>
Presolving Time: 0.33
transformed 3/4 original solutions to the transformed problem space

 time | node  | left  |LP iter|LP it/n|mem/heur|mdpt |vars |cons |rows |cuts |sepa|confs|strbr|  dualbound   | primalbound  |  gap   | compl. 
  6.4s|     1 |     0 |  3104 |     - |   114M |   0 | 589 |2433 |2287 |   0 |  0 | 227 |   0 | 8.329273e-01 | 8.796501e-01 |   5.61%| unknown
  6.5s|     1 |     0 |  3104 |     - |   114M |   0 | 589 |2434 |2142 |   0 |  0 | 228 |   0 | 8.329273e-01 | 8.796501e-01 |   5.61%| unknown
  6.6s|     1 |     0 |  3113 |     - |   115M |   0 | 589 |2368 |2087 |   3 |  1 | 228 |   0 | 8.329273e-01 | 8.796501e-01 |   5.61%| unknown
  6.7s|     1 |     0 |  3136 |     - |   116M |   0 | 589 |2297 |2090 |   6 |  2 | 233 |   0 | 8.329273e-01 | 8.796501e-01 |   5.61%| unknown
  6.9s|     1 |     0 |  3144 |     - |   118M |   0 | 589 |2289 |2093 |   9 |  3 | 235 |   0 | 8.329273e-01 | 8.796501e-01 |   5.61%| unknown
  7.0s|     1 |     0 |  3149 |     - |   119M |   0 | 589 |2289 |2095 |  11 |  4 | 239 |   0 | 8.329273e-01 | 8.796501e-01 |   5.61%| unknown
  7.1s|     1 |     0 |  3164 |     - |   120M |   0 | 589 |2290 |2097 |  13 |  5 | 240 |   0 | 8.329273e-01 | 8.796501e-01 |   5.61%| unknown
  7.2s|     1 |     0 |  3194 |     - |   127M |   0 | 589 |2285 |2099 |  15 |  6 | 243 |   0 | 8.329273e-01 | 8.796501e-01 |   5.61%| unknown
  7.3s|     1 |     0 |  3214 |     - |   130M |   0 | 589 |2286 |2101 |  17 |  7 | 253 |   0 | 8.329273e-01 | 8.796501e-01 |   5.61%| unknown
  7.6s|     1 |     0 |  3241 |     - |   131M |   0 | 589 |2296 |2103 |  19 |  8 | 263 |   0 | 8.329273e-01 | 8.796501e-01 |   5.61%| unknown
  7.8s|     1 |     0 |  3257 |     - |   136M |   0 | 589 |2298 |2104 |  20 |  9 | 268 |   0 | 8.329273e-01 | 8.796501e-01 |   5.61%| unknown
  8.0s|     1 |     0 |  3277 |     - |   142M |   0 | 589 |2299 |2105 |  21 | 10 | 270 |   0 | 8.329273e-01 | 8.796501e-01 |   5.61%| unknown
  8.1s|     1 |     0 |  3289 |     - |   142M |   0 | 589 |2297 |2107 |  23 | 11 | 270 |   0 | 8.329273e-01 | 8.796501e-01 |   5.61%| unknown
  8.1s|     1 |     0 |  3289 |     - |   142M |   0 | 589 |2176 |2107 |  23 | 11 | 273 |   0 | 8.329273e-01 | 8.796501e-01 |   5.61%| unknown
  8.1s|     1 |     0 |  3293 |     - |   142M |   0 | 589 |2176 |2108 |  24 | 12 | 273 |   0 | 8.329273e-01 | 8.796501e-01 |   5.61%| unknown
 time | node  | left  |LP iter|LP it/n|mem/heur|mdpt |vars |cons |rows |cuts |sepa|confs|strbr|  dualbound   | primalbound  |  gap   | compl. 
  8.1s|     1 |     0 |  3294 |     - |   142M |   0 | 589 |2060 |2109 |  25 | 13 | 277 |   0 | 8.329273e-01 | 8.796501e-01 |   5.61%| unknown
  8.1s|     1 |     0 |  3296 |     - |   143M |   0 | 589 |2046 |2056 |  26 | 14 | 278 |   0 | 8.329273e-01 | 8.796501e-01 |   5.61%| unknown
  8.1s|     1 |     0 |  3299 |     - |   143M |   0 | 589 |2030 |2058 |  28 | 15 | 286 |   0 | 8.329273e-01 | 8.796501e-01 |   5.61%| unknown
  8.2s|     1 |     0 |  3300 |     - |   143M |   0 | 589 |2037 |2059 |  29 | 16 | 296 |   0 | 8.329273e-01 | 8.796501e-01 |   5.61%| unknown
  8.2s|     1 |     0 |  3302 |     - |   143M |   0 | 589 |2039 |2060 |  30 | 17 | 298 |   0 | 8.329273e-01 | 8.796501e-01 |   5.61%| unknown
L 8.3s|     1 |     0 |  3737 |     - |    rens|   0 | 589 |2047 |2060 |  30 | 18 | 312 |   0 | 8.329273e-01 | 8.730582e-01 |   4.82%| unknown
(run 3, node 1) restarting after 112 global fixings of integer variables

(restart) converted 23 cuts from the global cut pool into linear constraints

presolving:
(round 1, fast)       114 del vars, 61 del conss, 0 add conss, 0 chg bounds, 0 chg sides, 476 chg coeffs, 0 upgd conss, 0 impls, 2336 clqs, 0 implints
(round 2, exhaustive) 114 del vars, 63 del conss, 0 add conss, 0 chg bounds, 0 chg sides, 476 chg coeffs, 0 upgd conss, 0 impls, 2336 clqs, 0 implints
(round 3, exhaustive) 114 del vars, 63 del conss, 0 add conss, 0 chg bounds, 0 chg sides, 478 chg coeffs, 10 upgd conss, 0 impls, 2336 clqs, 0 implints
(round 4, exhaustive) 114 del vars, 74 del conss, 0 add conss, 0 chg bounds, 1 chg sides, 518 chg coeffs, 10 upgd conss, 0 impls, 2336 clqs, 0 implints
(round 5, exhaustive) 114 del vars, 76 del conss, 0 add conss, 0 chg bounds, 1 chg sides, 518 chg coeffs, 10 upgd conss, 0 impls, 2336 clqs, 0 implints
(round 6, exhaustive) 114 del vars, 76 del conss, 0 add conss, 0 chg bounds, 1 chg sides, 526 chg coeffs, 10 upgd conss, 0 impls, 2336 clqs, 0 implints
(round 7, exhaustive) 114 del vars, 78 del conss, 0 add conss, 0 chg bounds, 1 chg sides, 526 chg coeffs, 10 upgd conss, 0 impls, 2336 clqs, 0 implints
presolving (8 rounds: 8 fast, 7 medium, 7 exhaustive):
 114 deleted vars, 78 deleted constraints, 0 added constraints, 0 tightened bounds, 0 added holes, 1 changed sides, 526 changed coefficients
 0 implications, 2336 cliques, 0 implied integral variables (0 bin, 0 int, 0 cont)
presolved problem has 475 variables (474 bin, 0 int, 1 cont) and 1992 constraints
     19 constraints of type <knapsack>
     84 constraints of type <setppc>
    169 constraints of type <linear>
   1720 constraints of type <logicor>
Presolving Time: 0.35
transformed 4/5 original solutions to the transformed problem space

 time | node  | left  |LP iter|LP it/n|mem/heur|mdpt |vars |cons |rows |cuts |sepa|confs|strbr|  dualbound   | primalbound  |  gap   | compl. 
  8.4s|     1 |     0 |  4030 |     - |   136M |   0 | 475 |1992 |1798 |   0 |  0 | 312 |   0 | 8.329273e-01 | 8.730582e-01 |   4.82%| unknown
  8.5s|     1 |     0 |  4044 |     - |   136M |   0 | 475 |1994 |1802 |   4 |  1 | 314 |   0 | 8.329273e-01 | 8.730582e-01 |   4.82%| unknown
  8.6s|     1 |     0 |  4061 |     - |   137M |   0 | 475 |2000 |1804 |   6 |  2 | 320 |   0 | 8.329273e-01 | 8.730582e-01 |   4.82%| unknown
  8.7s|     1 |     0 |  4087 |     - |   137M |   0 | 475 |2002 |1808 |  10 |  3 | 322 |   0 | 8.329273e-01 | 8.730582e-01 |   4.82%| unknown
  8.9s|     1 |     0 |  4102 |     - |   137M |   0 | 475 |2005 |1810 |  12 |  4 | 325 |   0 | 8.329273e-01 | 8.730582e-01 |   4.82%| unknown
  9.0s|     1 |     0 |  4158 |     - |   138M |   0 | 475 |2007 |1811 |  13 |  5 | 327 |   0 | 8.329273e-01 | 8.730582e-01 |   4.82%| unknown
  9.3s|     1 |     0 |  4191 |     - |   139M |   0 | 475 |2008 |1813 |  15 |  6 | 328 |   0 | 8.329273e-01 | 8.730582e-01 |   4.82%| unknown
  9.4s|     1 |     0 |  4213 |     - |   141M |   0 | 475 |2009 |1815 |  17 |  7 | 329 |   0 | 8.329273e-01 | 8.730582e-01 |   4.82%| unknown
  9.7s|     1 |     0 |  4217 |     - |   143M |   0 | 475 |2010 |1816 |  18 |  8 | 330 |   0 | 8.329273e-01 | 8.730582e-01 |   4.82%| unknown
  9.8s|     1 |     0 |  4234 |     - |   145M |   0 | 475 |2020 |1817 |  19 |  9 | 340 |   0 | 8.329273e-01 | 8.730582e-01 |   4.82%| unknown
 10.0s|     1 |     0 |  4275 |     - |   150M |   0 | 475 |2024 |1818 |  20 | 10 | 346 |   0 | 8.329273e-01 | 8.730582e-01 |   4.82%| unknown
 10.1s|     1 |     0 |  4311 |     - |   150M |   0 | 475 |2025 |1822 |  24 | 11 | 347 |   0 | 8.329277e-01 | 8.730582e-01 |   4.82%| unknown
L10.2s|     1 |     0 |  4694 |     - |    rens|   0 | 475 |2030 |1822 |  24 | 11 | 355 |   0 | 8.329277e-01 | 8.467764e-01 |   1.66%| unknown
 10.2s|     1 |     0 |  4694 |     - |   150M |   0 | 475 |2030 |1822 |  24 | 11 | 355 |   0 | 8.329277e-01 | 8.467764e-01 |   1.66%| unknown
 10.2s|     1 |     0 |  4694 |     - |   150M |   0 | 475 |2029 |1549 |  24 | 11 | 355 |   0 | 8.329277e-01 | 8.467764e-01 |   1.66%| unknown
 time | node  | left  |LP iter|LP it/n|mem/heur|mdpt |vars |cons |rows |cuts |sepa|confs|strbr|  dualbound   | primalbound  |  gap   | compl. 
 10.2s|     1 |     0 |  4700 |     - |   150M |   0 | 475 |1871 |1542 |  26 | 12 | 355 |   0 | 8.329280e-01 | 8.467764e-01 |   1.66%| unknown
 10.2s|     1 |     0 |  4702 |     - |   150M |   0 | 475 |1875 |1543 |  27 | 13 | 359 |   0 | 8.329280e-01 | 8.467764e-01 |   1.66%| unknown
 10.2s|     1 |     0 |  4702 |     - |   150M |   0 | 475 |1517 |1543 |  27 | 13 | 363 |   0 | 8.329280e-01 | 8.467764e-01 |   1.66%| unknown
 10.3s|     1 |     0 |  4711 |     - |   150M |   0 | 475 |1517 |1544 |  28 | 14 | 363 |   0 | 8.329283e-01 | 8.467764e-01 |   1.66%| unknown
 10.3s|     1 |     0 |  4713 |     - |   150M |   0 | 475 |1526 |1545 |  29 | 15 | 373 |   0 | 8.329283e-01 | 8.467764e-01 |   1.66%| unknown
(run 4, node 1) restarting after 168 global fixings of integer variables

(restart) converted 21 cuts from the global cut pool into linear constraints

presolving:
(round 1, fast)       169 del vars, 216 del conss, 0 add conss, 0 chg bounds, 0 chg sides, 397 chg coeffs, 0 upgd conss, 0 impls, 1009 clqs, 0 implints
(round 2, exhaustive) 169 del vars, 217 del conss, 0 add conss, 0 chg bounds, 0 chg sides, 402 chg coeffs, 0 upgd conss, 0 impls, 1009 clqs, 0 implints
(round 3, exhaustive) 169 del vars, 217 del conss, 0 add conss, 0 chg bounds, 0 chg sides, 402 chg coeffs, 13 upgd conss, 0 impls, 1009 clqs, 0 implints
(round 4, exhaustive) 169 del vars, 220 del conss, 0 add conss, 0 chg bounds, 0 chg sides, 402 chg coeffs, 13 upgd conss, 0 impls, 1010 clqs, 0 implints
(round 5, exhaustive) 169 del vars, 230 del conss, 0 add conss, 0 chg bounds, 0 chg sides, 424 chg coeffs, 13 upgd conss, 0 impls, 1010 clqs, 0 implints
(round 6, exhaustive) 169 del vars, 230 del conss, 0 add conss, 0 chg bounds, 0 chg sides, 439 chg coeffs, 13 upgd conss, 0 impls, 1010 clqs, 0 implints
presolving (7 rounds: 7 fast, 6 medium, 6 exhaustive):
 169 deleted vars, 230 deleted constraints, 0 added constraints, 0 tightened bounds, 0 added holes, 0 changed sides, 439 changed coefficients
 0 implications, 1010 cliques, 0 implied integral variables (0 bin, 0 int, 0 cont)
presolved problem has 306 variables (305 bin, 0 int, 1 cont) and 1325 constraints
     20 constraints of type <knapsack>
     83 constraints of type <setppc>
    137 constraints of type <linear>
   1083 constraints of type <logicor>
      2 constraints of type <bounddisjunction>
Presolving Time: 0.37
transformed 4/6 original solutions to the transformed problem space

 time | node  | left  |LP iter|LP it/n|mem/heur|mdpt |vars |cons |rows |cuts |sepa|confs|strbr|  dualbound   | primalbound  |  gap   | compl. 
 10.4s|     1 |     0 |  5029 |     - |   145M |   0 | 306 |1325 |1091 |   0 |  0 | 383 |   0 | 8.329283e-01 | 8.467764e-01 |   1.66%| unknown
 10.4s|     1 |     0 |  5029 |     - |   145M |   0 | 306 |1325 |1067 |   0 |  0 | 383 |   0 | 8.329283e-01 | 8.467764e-01 |   1.66%| unknown
 10.4s|     1 |     0 |  5057 |     - |   145M |   0 | 306 |1308 |1056 |   5 |  1 | 383 |   0 | 8.329288e-01 | 8.467764e-01 |   1.66%| unknown
 10.6s|     1 |     0 |  5080 |     - |   145M |   0 | 306 |1298 |1057 |   6 |  2 | 384 |   0 | 8.329296e-01 | 8.467764e-01 |   1.66%| unknown
 10.7s|     1 |     0 |  5103 |     - |   146M |   0 | 306 |1300 |1058 |   7 |  3 | 388 |   0 | 8.329301e-01 | 8.467764e-01 |   1.66%| unknown
 10.8s|     1 |     0 |  5140 |     - |   148M |   0 | 306 |1309 |1061 |  10 |  4 | 398 |   0 | 8.329307e-01 | 8.467764e-01 |   1.66%| unknown
 10.9s|     1 |     0 |  5153 |     - |   152M |   0 | 306 |1311 |1064 |  13 |  5 | 400 |   0 | 8.329308e-01 | 8.467764e-01 |   1.66%| unknown
 11.0s|     1 |     0 |  5186 |     - |   153M |   0 | 306 |1314 |1065 |  14 |  6 | 404 |   0 | 8.329311e-01 | 8.467764e-01 |   1.66%| unknown
 11.1s|     1 |     0 |  5210 |     - |   155M |   0 | 306 |1313 |1066 |  15 |  7 | 404 |   0 | 8.329311e-01 | 8.467764e-01 |   1.66%| unknown
 11.2s|     1 |     0 |  5219 |     - |   156M |   0 | 306 |1317 |1067 |  16 |  8 | 410 |   0 | 8.329311e-01 | 8.467764e-01 |   1.66%| unknown
 11.3s|     1 |     0 |  5250 |     - |   158M |   0 | 306 |1319 |1069 |  18 |  9 | 412 |   0 | 8.329312e-01 | 8.467764e-01 |   1.66%| unknown
 11.4s|     1 |     0 |  5286 |     - |   165M |   0 | 306 |1321 |1070 |  19 | 10 | 414 |   0 | 8.329313e-01 | 8.467764e-01 |   1.66%| unknown
 11.5s|     1 |     0 |  5291 |     - |   165M |   0 | 306 |1323 |1071 |  20 | 11 | 416 |   0 | 8.329313e-01 | 8.467764e-01 |   1.66%| unknown
 11.5s|     1 |     0 |  5312 |     - |   165M |   0 | 306 |1325 | 990 |  22 | 12 | 418 |   0 | 8.329314e-01 | 8.467764e-01 |   1.66%| unknown
 11.7s|     1 |     2 |  5744 |     - |   165M |   0 | 306 |1334 | 990 |  22 | 12 | 431 |  19 | 8.329816e-01 | 8.467764e-01 |   1.66%| unknown
(run 5, node 1) restarting after 9 global fixings of integer variables

(restart) converted 15 cuts from the global cut pool into linear constraints

presolving:
(round 1, fast)       12 del vars, 13 del conss, 2 add conss, 0 chg bounds, 0 chg sides, 88 chg coeffs, 0 upgd conss, 0 impls, 842 clqs, 0 implints
(round 2, exhaustive) 12 del vars, 14 del conss, 2 add conss, 0 chg bounds, 0 chg sides, 88 chg coeffs, 4 upgd conss, 0 impls, 842 clqs, 0 implints
(round 3, medium)     12 del vars, 14 del conss, 2 add conss, 0 chg bounds, 2 chg sides, 90 chg coeffs, 4 upgd conss, 0 impls, 842 clqs, 0 implints
(round 4, exhaustive) 12 del vars, 19 del conss, 2 add conss, 0 chg bounds, 2 chg sides, 104 chg coeffs, 4 upgd conss, 0 impls, 842 clqs, 0 implints
(round 5, exhaustive) 12 del vars, 20 del conss, 2 add conss, 0 chg bounds, 2 chg sides, 119 chg coeffs, 4 upgd conss, 0 impls, 842 clqs, 0 implints
(round 6, exhaustive) 12 del vars, 23 del conss, 2 add conss, 0 chg bounds, 2 chg sides, 120 chg coeffs, 4 upgd conss, 0 impls, 842 clqs, 0 implints
presolving (7 rounds: 7 fast, 6 medium, 5 exhaustive):
 12 deleted vars, 23 deleted constraints, 2 added constraints, 0 tightened bounds, 0 added holes, 2 changed sides, 120 changed coefficients
 0 implications, 842 cliques, 0 implied integral variables (0 bin, 0 int, 0 cont)
presolved problem has 294 variables (293 bin, 0 int, 1 cont) and 1328 constraints
     23 constraints of type <knapsack>
     81 constraints of type <setppc>
    148 constraints of type <linear>
   1076 constraints of type <logicor>
Presolving Time: 0.38
transformed 1/6 original solutions to the transformed problem space

 time | node  | left  |LP iter|LP it/n|mem/heur|mdpt |vars |cons |rows |cuts |sepa|confs|strbr|  dualbound   | primalbound  |  gap   | compl. 
 11.7s|     1 |     0 |  6055 |     - |   153M |   0 | 294 |1328 |1060 |   0 |  0 | 431 |  19 | 8.329816e-01 | 8.467764e-01 |   1.66%| unknown
 11.9s|     1 |     0 |  6079 |     - |   153M |   0 | 294 |1331 |1062 |   2 |  1 | 434 |  19 | 8.329816e-01 | 8.467764e-01 |   1.66%| unknown
 12.0s|     1 |     0 |  6134 |     - |   153M |   0 | 294 |1336 |1066 |   6 |  2 | 439 |  19 | 8.329816e-01 | 8.467764e-01 |   1.66%| unknown
 12.1s|     1 |     0 |  6156 |     - |   154M |   0 | 294 |1339 |1068 |   8 |  3 | 442 |  19 | 8.329816e-01 | 8.467764e-01 |   1.66%| unknown
 12.2s|     1 |     0 |  6196 |     - |   157M |   0 | 294 |1342 |1069 |   9 |  4 | 445 |  19 | 8.329816e-01 | 8.467764e-01 |   1.66%| unknown
 12.3s|     1 |     0 |  6223 |     - |   159M |   0 | 294 |1344 |1070 |  10 |  5 | 447 |  19 | 8.329816e-01 | 8.467764e-01 |   1.66%| unknown
 12.5s|     1 |     0 |  6239 |     - |   161M |   0 | 294 |1346 |1071 |  11 |  6 | 449 |  19 | 8.329816e-01 | 8.467764e-01 |   1.66%| unknown
 12.6s|     1 |     0 |  6261 |     - |   162M |   0 | 294 |1348 |1072 |  12 |  7 | 451 |  19 | 8.329816e-01 | 8.467764e-01 |   1.66%| unknown
 12.7s|     1 |     0 |  6269 |     - |   164M |   0 | 294 |1358 |1073 |  13 |  8 | 461 |  19 | 8.329816e-01 | 8.467764e-01 |   1.66%| unknown
 12.9s|     1 |     0 |  6316 |     - |   165M |   0 | 294 |1364 |1075 |  15 |  9 | 467 |  19 | 8.329816e-01 | 8.467764e-01 |   1.66%| unknown
 13.0s|     1 |     0 |  6352 |     - |   166M |   0 | 294 |1367 |1077 |  17 | 10 | 470 |  19 | 8.329816e-01 | 8.467764e-01 |   1.66%| unknown
 13.0s|     1 |     0 |  6383 |     - |   166M |   0 | 294 |1368 |1078 |  18 | 11 | 471 |  19 | 8.329816e-01 | 8.467764e-01 |   1.66%| unknown
 13.2s|     1 |     0 |  6624 |     - |   166M |   0 | 294 |1369 |1078 |  18 | 11 | 481 |  40 | 8.329816e-01 | 8.467764e-01 |   1.66%| unknown
 13.2s|     1 |     0 |  6628 |     - |   166M |   0 | 294 |1364 | 900 |  21 | 12 | 482 |  40 | 8.329816e-01 | 8.467764e-01 |   1.66%| unknown
 13.3s|     1 |     0 |  6629 |     - |   166M |   0 | 294 |1372 | 901 |  22 | 13 | 490 |  40 | 8.329816e-01 | 8.467764e-01 |   1.66%| unknown
 time | node  | left  |LP iter|LP it/n|mem/heur|mdpt |vars |cons |rows |cuts |sepa|confs|strbr|  dualbound   | primalbound  |  gap   | compl. 
 13.4s|     1 |     2 |  6629 |     - |   166M |   0 | 294 |1275 | 901 |  22 | 13 | 491 |  58 | 8.329818e-01 | 8.467764e-01 |   1.66%| unknown

SCIP Status        : problem is solved [optimal solution found]
Solving Time (sec) : 14.65
Solving Nodes      : 52 (total of 57 nodes in 6 runs)
Primal Bound       : +8.46776449307819e-01 (6 solutions)
Dual Bound         : +8.46776449307819e-01
Gap                : 0.00 %
objective value:                    0.846776449307819
x_('12_5', '13_1')                                  1 	(obj:0.0264669428931724)
x_('11_17', '12_5')                                 1 	(obj:0.0209262295081967)
x_('10_31', '11_17')                                1 	(obj:0.0229908452203534)
x_('9_42', '10_31')                                 1 	(obj:0.0542857142857143)
x_('8_45', '9_42')                                  1 	(obj:0.0361956804579755)
x_('7_37', '8_45')                                  1 	(obj:0.0390614754098361)
x_('6_35', '7_37')                                  1 	(obj:0.0428571428571429)
x_('5_30', '6_35')                                  1 	(obj:0.0308220140515222)
x_('4_25', '5_30')                                  1 	(obj:0.0741292740046838)
x_('3_20', '4_25')                                  1 	(obj:0.0742974238875878)
x_('2_14', '3_20')                                  1 	(obj:0.0748665105386417)
x_('1_10', '2_14')                                  1 	(obj:0.140871194379391)
x_('0_1', '1_10')                                   1 	(obj:0.0285714285714286)
y_0_0                                               1 	(obj:0)
y_1_0                                               1 	(obj:0)
y_2_0                                               1 	(obj:0)
y_3_1                                               1 	(obj:0)
y_4_1                                               1 	(obj:0)
y_5_1                                               1 	(obj:0)
y_6_2                                               1 	(obj:0)
y_7_2                                               1 	(obj:0)
y_8_2                                               1 	(obj:0)
y_9_2                                               1 	(obj:0)
y_10_3                                              1 	(obj:0)
y_11_3                                              1 	(obj:0)
y_12_3                                              1 	(obj:0)
z_('3268741', '3425762')_2                          1 	(obj:0)
z_('3268741', '1966592X')_0                         1 	(obj:0)
z_('1966592X', '3452192')_0                         1 	(obj:0)
z_('3452192', '1353870')_0                          1 	(obj:0)
z_('3452192', '3520162')_1                          1 	(obj:0)
z_('3520162', '3307092')_2                          1 	(obj:0)
z_('3520162', '3524054')_1                          1 	(obj:0)
z_('3268740', '3524054')_1                          1 	(obj:0)
z_('3524054', '3179975')_2                          1 	(obj:0)
z_('3179975', '3422998')_2                          1 	(obj:0)
z_('3422998', '2495223X')_3                         1 	(obj:0)
z_('3422998', '1353870_01')_3                       1 	(obj:0)
z_('2495223X', '2245784X')_3                        1 	(obj:0)
alpha                                3.51831325301205 	(obj:0.0512843968875431)
  obj=0.847  alpha=584.0s  time=14.73s

k = 1
  Subgraph edges — edge_w: 13 (1.2%)  bal_w: 13 (1.2%)  combined: 26 (2.4%)  blended: 13 (1.2%)  blended_union: 37 (3.3%)  diverse: 13 (1.2%)
  [3a] Subgraph / edge_w   k=1 …
2026-07-01 18:56:54.236 | INFO     | pycaalp.time_balancing.model:run_mip:430 - Running MIP solver ...
      obj=0.847 (vs_full=+0.00%)  alpha=584.0s  build=0.001s solve=0.120s  vs_full=+0.00%
  [3b] Subgraph / bal_w    k=1 …
2026-07-01 18:56:54.357 | INFO     | pycaalp.time_balancing.model:run_mip:430 - Running MIP solver ...
      obj=1.122 (vs_full=+32.45%)  alpha=597.8s  build=0.001s solve=0.057s  vs_full=+2.36%
  [3c] Subgraph / combined k=1 …
2026-07-01 18:56:54.414 | INFO     | pycaalp.time_balancing.model:run_mip:430 - Running MIP solver ...
      obj=0.847 (vs_full=+0.00%)  alpha=584.0s  build=0.001s solve=0.049s  vs_full=+0.00%
  [3d] Subgraph / blended  k=1 …
2026-07-01 18:56:54.463 | INFO     | pycaalp.time_balancing.model:run_mip:430 - Running MIP solver ...
      obj=0.853 (vs_full=+0.68%)  alpha=584.0s  build=0.001s solve=0.034s  vs_full=+0.00%
  [3e] Subgraph / bl-union k=1 …
2026-07-01 18:56:54.497 | INFO     | pycaalp.time_balancing.model:run_mip:430 - Running MIP solver ...
      obj=0.847 (vs_full=+0.00%)  alpha=584.0s  build=0.009s solve=1.326s  vs_full=+0.00%
  [3f] Subgraph / diverse  k=1 …
2026-07-01 18:56:55.824 | INFO     | pycaalp.time_balancing.model:run_mip:430 - Running MIP solver ...
      obj=0.853 (vs_full=+0.68%)  alpha=584.0s  build=0.004s solve=0.044s  vs_full=+0.00%

k = 2
  Subgraph edges — edge_w: 15 (1.4%)  bal_w: 15 (1.4%)  combined: 30 (2.7%)  blended: 15 (1.4%)  blended_union: 43 (3.9%)  diverse: 26 (2.4%)
  [3a] Subgraph / edge_w   k=2 …
2026-07-01 18:56:55.957 | INFO     | pycaalp.time_balancing.model:run_mip:430 - Running MIP solver ...
      obj=0.847 (vs_full=-0.00%)  alpha=584.0s  build=0.010s solve=0.100s  vs_full=+0.00%
  [3b] Subgraph / bal_w    k=2 …
2026-07-01 18:56:56.057 | INFO     | pycaalp.time_balancing.model:run_mip:430 - Running MIP solver ...
      obj=1.122 (vs_full=+32.45%)  alpha=597.8s  build=0.006s solve=0.363s  vs_full=+2.36%
  [3c] Subgraph / combined k=2 …
2026-07-01 18:56:56.421 | INFO     | pycaalp.time_balancing.model:run_mip:430 - Running MIP solver ...
      obj=0.847 (vs_full=+0.00%)  alpha=584.0s  build=0.013s solve=0.502s  vs_full=+0.00%
  [3d] Subgraph / blended  k=2 …
2026-07-01 18:56:56.923 | INFO     | pycaalp.time_balancing.model:run_mip:430 - Running MIP solver ...
      obj=0.853 (vs_full=+0.68%)  alpha=584.0s  build=0.008s solve=0.070s  vs_full=+0.00%
  [3e] Subgraph / bl-union k=2 …
2026-07-01 18:56:56.993 | INFO     | pycaalp.time_balancing.model:run_mip:430 - Running MIP solver ...
      obj=0.847 (vs_full=+0.00%)  alpha=584.0s  build=0.047s solve=0.625s  vs_full=+0.00%
  [3f] Subgraph / diverse  k=2 …
2026-07-01 18:56:57.619 | INFO     | pycaalp.time_balancing.model:run_mip:430 - Running MIP solver ...
      obj=0.853 (vs_full=+0.68%)  alpha=584.0s  build=0.005s solve=0.310s  vs_full=+0.00%

k = 5
  Subgraph edges — edge_w: 21 (1.9%)  bal_w: 27 (2.4%)  combined: 48 (4.3%)  blended: 19 (1.7%)  blended_union: 60 (5.4%)  diverse: 65 (5.9%)
  [3a] Subgraph / edge_w   k=5 …
2026-07-01 18:56:58.067 | INFO     | pycaalp.time_balancing.model:run_mip:430 - Running MIP solver ...
      obj=0.847 (vs_full=+0.00%)  alpha=584.0s  build=0.012s solve=0.649s  vs_full=+0.00%
  [3b] Subgraph / bal_w    k=5 …
2026-07-01 18:56:58.716 | INFO     | pycaalp.time_balancing.model:run_mip:430 - Running MIP solver ...
      obj=1.107 (vs_full=+30.78%)  alpha=597.8s  build=0.007s solve=1.083s  vs_full=+2.36%
  [3c] Subgraph / combined k=5 …
2026-07-01 18:56:59.799 | INFO     | pycaalp.time_balancing.model:run_mip:430 - Running MIP solver ...
      obj=0.847 (vs_full=+0.00%)  alpha=584.0s  build=0.019s solve=0.952s  vs_full=+0.00%
  [3d] Subgraph / blended  k=5 …
2026-07-01 18:57:00.752 | INFO     | pycaalp.time_balancing.model:run_mip:430 - Running MIP solver ...
      obj=0.853 (vs_full=+0.68%)  alpha=584.0s  build=0.023s solve=0.298s  vs_full=+0.00%
  [3e] Subgraph / bl-union k=5 …
2026-07-01 18:57:01.050 | INFO     | pycaalp.time_balancing.model:run_mip:430 - Running MIP solver ...
      obj=0.847 (vs_full=+0.00%)  alpha=584.0s  build=0.066s solve=0.646s  vs_full=+0.00%
  [3f] Subgraph / diverse  k=5 …
2026-07-01 18:57:01.696 | INFO     | pycaalp.time_balancing.model:run_mip:430 - Running MIP solver ...
      obj=0.853 (vs_full=+0.68%)  alpha=584.0s  build=0.010s solve=0.928s  vs_full=+0.00%

k = 10
  Subgraph edges — edge_w: 24 (2.2%)  bal_w: 38 (3.4%)  combined: 62 (5.6%)  blended: 23 (2.1%)  blended_union: 76 (6.9%)  diverse: 126 (11.4%)
  [3a] Subgraph / edge_w   k=10 …
2026-07-01 18:57:02.947 | INFO     | pycaalp.time_balancing.model:run_mip:430 - Running MIP solver ...
      obj=0.847 (vs_full=+0.00%)  alpha=584.0s  build=0.033s solve=0.136s  vs_full=+0.00%
  [3b] Subgraph / bal_w    k=10 …
2026-07-01 18:57:03.083 | INFO     | pycaalp.time_balancing.model:run_mip:430 - Running MIP solver ...
      obj=1.107 (vs_full=+30.78%)  alpha=597.8s  build=0.032s solve=0.331s  vs_full=+2.36%
  [3c] Subgraph / combined k=10 …
2026-07-01 18:57:03.414 | INFO     | pycaalp.time_balancing.model:run_mip:430 - Running MIP solver ...
      obj=0.847 (vs_full=+0.00%)  alpha=584.0s  build=0.080s solve=1.006s  vs_full=+0.00%
  [3d] Subgraph / blended  k=10 …
2026-07-01 18:57:04.421 | INFO     | pycaalp.time_balancing.model:run_mip:430 - Running MIP solver ...
      obj=0.853 (vs_full=+0.68%)  alpha=584.0s  build=0.027s solve=0.605s  vs_full=+0.00%
  [3e] Subgraph / bl-union k=10 …
2026-07-01 18:57:05.026 | INFO     | pycaalp.time_balancing.model:run_mip:430 - Running MIP solver ...
      obj=0.847 (vs_full=+0.00%)  alpha=584.0s  build=0.130s solve=0.726s  vs_full=+0.00%
  [3f] Subgraph / diverse  k=10 …
2026-07-01 18:57:05.752 | INFO     | pycaalp.time_balancing.model:run_mip:430 - Running MIP solver ...
      obj=0.853 (vs_full=+0.68%)  alpha=584.0s  build=0.022s solve=1.418s  vs_full=+0.00%

k = 20
  Subgraph edges — edge_w: 35 (3.2%)  bal_w: 42 (3.8%)  combined: 77 (7.0%)  blended: 27 (2.4%)  blended_union: 92 (8.3%)  diverse: 239 (21.6%)
  [3a] Subgraph / edge_w   k=20 …
2026-07-01 18:57:07.854 | INFO     | pycaalp.time_balancing.model:run_mip:430 - Running MIP solver ...
      obj=0.847 (vs_full=+0.00%)  alpha=584.0s  build=0.083s solve=0.971s  vs_full=+0.00%
  [3b] Subgraph / bal_w    k=20 …
2026-07-01 18:57:08.825 | INFO     | pycaalp.time_balancing.model:run_mip:430 - Running MIP solver ...
      obj=1.107 (vs_full=+30.78%)  alpha=597.8s  build=0.049s solve=0.836s  vs_full=+2.36%
  [3c] Subgraph / combined k=20 …
2026-07-01 18:57:09.662 | INFO     | pycaalp.time_balancing.model:run_mip:430 - Running MIP solver ...
      obj=0.847 (vs_full=+0.00%)  alpha=584.0s  build=0.132s solve=1.301s  vs_full=+0.00%
  [3d] Subgraph / blended  k=20 …
2026-07-01 18:57:10.963 | INFO     | pycaalp.time_balancing.model:run_mip:430 - Running MIP solver ...
      obj=0.853 (vs_full=+0.68%)  alpha=584.0s  build=0.087s solve=0.434s  vs_full=+0.00%
  [3e] Subgraph / bl-union k=20 …
2026-07-01 18:57:11.398 | INFO     | pycaalp.time_balancing.model:run_mip:430 - Running MIP solver ...
      obj=0.847 (vs_full=-0.00%)  alpha=584.0s  build=0.301s solve=1.408s  vs_full=+0.00%
  [3f] Subgraph / diverse  k=20 …
2026-07-01 18:57:12.806 | INFO     | pycaalp.time_balancing.model:run_mip:430 - Running MIP solver ...
      obj=0.852 (vs_full=+0.58%)  alpha=584.0s  build=0.032s solve=1.550s  vs_full=+0.00%

k = 50
  Subgraph edges — edge_w: 54 (4.9%)  bal_w: 63 (5.7%)  combined: 116 (10.5%)  blended: 39 (3.5%)  blended_union: 125 (11.3%)  diverse: 507 (45.9%)
  [3a] Subgraph / edge_w   k=50 …
2026-07-01 18:57:15.774 | INFO     | pycaalp.time_balancing.model:run_mip:430 - Running MIP solver ...
      obj=0.847 (vs_full=-0.00%)  alpha=584.0s  build=0.224s solve=1.404s  vs_full=+0.00%
  [3b] Subgraph / bal_w    k=50 …
2026-07-01 18:57:17.178 | INFO     | pycaalp.time_balancing.model:run_mip:430 - Running MIP solver ...
      obj=1.103 (vs_full=+30.25%)  alpha=602.7s  build=0.112s solve=1.561s  vs_full=+3.19%
  [3c] Subgraph / combined k=50 …
2026-07-01 18:57:18.739 | INFO     | pycaalp.time_balancing.model:run_mip:430 - Running MIP solver ...
      obj=0.847 (vs_full=+0.00%)  alpha=584.0s  build=0.233s solve=3.311s  vs_full=+0.00%
  [3d] Subgraph / blended  k=50 …
2026-07-01 18:57:22.051 | INFO     | pycaalp.time_balancing.model:run_mip:430 - Running MIP solver ...
      obj=0.853 (vs_full=+0.68%)  alpha=584.0s  build=0.175s solve=0.716s  vs_full=+0.00%
  [3e] Subgraph / bl-union k=50 …
2026-07-01 18:57:22.767 | INFO     | pycaalp.time_balancing.model:run_mip:430 - Running MIP solver ...
      obj=0.847 (vs_full=+0.00%)  alpha=584.0s  build=0.622s solve=2.997s  vs_full=+0.00%
  [3f] Subgraph / diverse  k=50 …
2026-07-01 18:57:25.764 | INFO     | pycaalp.time_balancing.model:run_mip:430 - Running MIP solver ...
      obj=0.852 (vs_full=+0.58%)  alpha=584.0s  build=0.053s solve=4.106s  vs_full=+0.00%

k = 100
  Subgraph edges — edge_w: 78 (7.1%)  bal_w: 86 (7.8%)  combined: 162 (14.7%)  blended: 71 (6.4%)  blended_union: 153 (13.8%)  diverse: 748 (67.7%)
  [3a] Subgraph / edge_w   k=100 …
2026-07-01 18:57:32.699 | INFO     | pycaalp.time_balancing.model:run_mip:430 - Running MIP solver ...
      obj=0.847 (vs_full=-0.00%)  alpha=584.0s  build=0.339s solve=1.058s  vs_full=+0.00%
  [3b] Subgraph / bal_w    k=100 …
2026-07-01 18:57:33.757 | INFO     | pycaalp.time_balancing.model:run_mip:430 - Running MIP solver ...
      obj=1.102 (vs_full=+30.14%)  alpha=597.8s  build=0.257s solve=2.127s  vs_full=+2.36%
  [3c] Subgraph / combined k=100 …
2026-07-01 18:57:35.884 | INFO     | pycaalp.time_balancing.model:run_mip:430 - Running MIP solver ...
      obj=0.847 (vs_full=+0.00%)  alpha=584.0s  build=0.540s solve=2.737s  vs_full=+0.00%
  [3d] Subgraph / blended  k=100 …
2026-07-01 18:57:38.621 | INFO     | pycaalp.time_balancing.model:run_mip:430 - Running MIP solver ...
      obj=0.850 (vs_full=+0.41%)  alpha=584.0s  build=0.292s solve=0.765s  vs_full=+0.00%
  [3e] Subgraph / bl-union k=100 …
2026-07-01 18:57:39.386 | INFO     | pycaalp.time_balancing.model:run_mip:430 - Running MIP solver ...
      obj=0.847 (vs_full=+0.00%)  alpha=584.0s  build=1.283s solve=4.508s  vs_full=+0.00%
  [3f] Subgraph / diverse  k=100 …
2026-07-01 18:57:43.894 | INFO     | pycaalp.time_balancing.model:run_mip:430 - Running MIP solver ...
      obj=0.850 (vs_full=+0.33%)  alpha=584.0s  build=0.118s solve=11.248s  vs_full=+0.00%

k = 200
  Subgraph edges — edge_w: 95 (8.6%)  bal_w: 111 (10.0%)  combined: 202 (18.3%)  blended: 110 (10.0%)  blended_union: 177 (16.0%)  diverse: 911 (82.4%)
  [3a] Subgraph / edge_w   k=200 …
2026-07-01 18:58:00.865 | INFO     | pycaalp.time_balancing.model:run_mip:430 - Running MIP solver ...
      obj=0.847 (vs_full=+0.00%)  alpha=584.0s  build=0.753s solve=1.088s  vs_full=+0.00%
  [3b] Subgraph / bal_w    k=200 …
2026-07-01 18:58:01.953 | INFO     | pycaalp.time_balancing.model:run_mip:430 - Running MIP solver ...
      obj=1.099 (vs_full=+29.81%)  alpha=602.7s  build=0.424s solve=1.859s  vs_full=+3.19%
  [3c] Subgraph / combined k=200 …
2026-07-01 18:58:03.813 | INFO     | pycaalp.time_balancing.model:run_mip:430 - Running MIP solver ...
      obj=0.847 (vs_full=+0.00%)  alpha=584.0s  build=1.182s solve=1.924s  vs_full=+0.00%
  [3d] Subgraph / blended  k=200 …
2026-07-01 18:58:05.737 | INFO     | pycaalp.time_balancing.model:run_mip:430 - Running MIP solver ...
      obj=0.847 (vs_full=+0.02%)  alpha=584.0s  build=0.623s solve=2.907s  vs_full=+0.00%
  [3e] Subgraph / bl-union k=200 …
2026-07-01 18:58:08.644 | INFO     | pycaalp.time_balancing.model:run_mip:430 - Running MIP solver ...
      obj=0.847 (vs_full=+0.00%)  alpha=584.0s  build=2.602s solve=1.364s  vs_full=+0.00%
  [3f] Subgraph / diverse  k=200 …
2026-07-01 18:58:10.007 | INFO     | pycaalp.time_balancing.model:run_mip:430 - Running MIP solver ...
      obj=0.849 (vs_full=+0.28%)  alpha=584.0s  build=0.138s solve=6.859s  vs_full=+0.00%

k = 500
  Subgraph edges — edge_w: 108 (9.8%)  bal_w: 153 (13.8%)  combined: 257 (23.3%)  blended: 149 (13.5%)  blended_union: 245 (22.2%)  diverse: 1052 (95.2%)
  [3a] Subgraph / edge_w   k=500 …
2026-07-01 18:58:30.924 | INFO     | pycaalp.time_balancing.model:run_mip:430 - Running MIP solver ...
      obj=0.847 (vs_full=+0.00%)  alpha=584.0s  build=1.773s solve=1.175s  vs_full=+0.00%
  [3b] Subgraph / bal_w    k=500 …
2026-07-01 18:58:32.099 | INFO     | pycaalp.time_balancing.model:run_mip:430 - Running MIP solver ...
      obj=1.099 (vs_full=+29.81%)  alpha=602.7s  build=1.096s solve=2.406s  vs_full=+3.19%
  [3c] Subgraph / combined k=500 …
2026-07-01 18:58:34.505 | INFO     | pycaalp.time_balancing.model:run_mip:430 - Running MIP solver ...
      obj=0.847 (vs_full=+0.00%)  alpha=584.0s  build=2.817s solve=1.989s  vs_full=+0.00%
  [3d] Subgraph / blended  k=500 …
2026-07-01 18:58:36.494 | INFO     | pycaalp.time_balancing.model:run_mip:430 - Running MIP solver ...
      obj=0.847 (vs_full=+0.02%)  alpha=584.0s  build=1.891s solve=1.536s  vs_full=+0.00%
  [3e] Subgraph / bl-union k=500 …
2026-07-01 18:58:38.030 | INFO     | pycaalp.time_balancing.model:run_mip:430 - Running MIP solver ...
      obj=0.847 (vs_full=+0.00%)  alpha=584.0s  build=5.907s solve=5.217s  vs_full=+0.00%
  [3f] Subgraph / diverse  k=500 …
2026-07-01 18:58:43.248 | INFO     | pycaalp.time_balancing.model:run_mip:430 - Running MIP solver ...
      obj=0.847 (vs_full=+0.02%)  alpha=584.0s  build=0.573s solve=18.127s  vs_full=+0.00%

k = 1000
  Subgraph edges — edge_w: 142 (12.9%)  bal_w: 211 (19.1%)  combined: 346 (31.3%)  blended: 170 (15.4%)  blended_union: 297 (26.9%)  diverse: 1100 (99.5%)
  [3a] Subgraph / edge_w   k=1000 …
2026-07-01 18:59:33.081 | INFO     | pycaalp.time_balancing.model:run_mip:430 - Running MIP solver ...
      obj=0.847 (vs_full=+0.00%)  alpha=584.0s  build=4.532s solve=1.638s  vs_full=+0.00%
  [3b] Subgraph / bal_w    k=1000 …
2026-07-01 18:59:34.719 | INFO     | pycaalp.time_balancing.model:run_mip:430 - Running MIP solver ...
      obj=1.097 (vs_full=+29.51%)  alpha=581.1s  build=3.092s solve=3.550s  vs_full=-0.50%
  [3c] Subgraph / combined k=1000 …
2026-07-01 18:59:38.269 | INFO     | pycaalp.time_balancing.model:run_mip:430 - Running MIP solver ...
      obj=0.847 (vs_full=+0.00%)  alpha=584.0s  build=6.435s solve=2.836s  vs_full=+0.00%
  [3d] Subgraph / blended  k=1000 …
2026-07-01 18:59:41.105 | INFO     | pycaalp.time_balancing.model:run_mip:430 - Running MIP solver ...
      obj=0.847 (vs_full=+0.00%)  alpha=584.0s  build=3.975s solve=1.557s  vs_full=+0.00%
  [3e] Subgraph / bl-union k=1000 …
2026-07-01 18:59:42.662 | INFO     | pycaalp.time_balancing.model:run_mip:430 - Running MIP solver ...
      obj=0.847 (vs_full=+0.00%)  alpha=584.0s  build=12.613s solve=4.561s  vs_full=+0.00%
  [3f] Subgraph / diverse  k=1000 …
2026-07-01 18:59:47.223 | INFO     | pycaalp.time_balancing.model:run_mip:430 - Running MIP solver ...
      obj=0.847 (vs_full=+0.00%)  alpha=584.0s  build=1.059s solve=19.451s  vs_full=+0.00%

k = 2000
  Subgraph edges — edge_w: 185 (16.7%)  bal_w: 292 (26.4%)  combined: 460 (41.6%)  blended: 216 (19.5%)  blended_union: 410 (37.1%)  diverse: 1105 (100.0%)
  [3a] Subgraph / edge_w   k=2000 …
2026-07-01 19:01:18.980 | INFO     | pycaalp.time_balancing.model:run_mip:430 - Running MIP solver ...
      obj=0.847 (vs_full=+0.00%)  alpha=584.0s  build=8.135s solve=2.404s  vs_full=+0.00%
  [3b] Subgraph / bal_w    k=2000 …
2026-07-01 19:01:21.384 | INFO     | pycaalp.time_balancing.model:run_mip:430 - Running MIP solver ...
      obj=1.097 (vs_full=+29.51%)  alpha=581.1s  build=6.816s solve=4.453s  vs_full=-0.50%
  [3c] Subgraph / combined k=2000 …
2026-07-01 19:01:25.838 | INFO     | pycaalp.time_balancing.model:run_mip:430 - Running MIP solver ...
      obj=0.847 (vs_full=+0.00%)  alpha=584.0s  build=14.930s solve=3.555s  vs_full=+0.00%
  [3d] Subgraph / blended  k=2000 …
2026-07-01 19:01:29.393 | INFO     | pycaalp.time_balancing.model:run_mip:430 - Running MIP solver ...
      obj=0.847 (vs_full=-0.00%)  alpha=584.0s  build=9.268s solve=1.758s  vs_full=+0.00%
  [3e] Subgraph / bl-union k=2000 …
2026-07-01 19:01:31.151 | INFO     | pycaalp.time_balancing.model:run_mip:430 - Running MIP solver ...
      obj=0.847 (vs_full=+0.00%)  alpha=584.0s  build=30.769s solve=6.923s  vs_full=+0.00%
  [3f] Subgraph / diverse  k=2000 …
2026-07-01 19:01:38.073 | INFO     | pycaalp.time_balancing.model:run_mip:430 - Running MIP solver ...
      obj=0.847 (vs_full=+0.00%)  alpha=584.0s  build=2.389s solve=18.913s  vs_full=+0.00%

k = 5000
  Subgraph edges — edge_w: 232 (21.0%)  bal_w: 431 (39.0%)  combined: 632 (57.2%)  blended: 329 (29.8%)  blended_union: 525 (47.5%)  diverse: 1105 (100.0%)
  [3a] Subgraph / edge_w   k=5000 …
2026-07-01 19:06:29.549 | INFO     | pycaalp.time_balancing.model:run_mip:430 - Running MIP solver ...
      obj=0.847 (vs_full=+0.00%)  alpha=584.0s  build=32.974s solve=5.531s  vs_full=+0.00%
  [3b] Subgraph / bal_w    k=5000 …
2026-07-01 19:06:35.080 | INFO     | pycaalp.time_balancing.model:run_mip:430 - Running MIP solver ...
      obj=1.027 (vs_full=+21.25%)  alpha=581.1s  build=25.898s solve=4.838s  vs_full=-0.50%
  [3c] Subgraph / combined k=5000 …
2026-07-01 19:06:39.917 | INFO     | pycaalp.time_balancing.model:run_mip:430 - Running MIP solver ...
      obj=0.847 (vs_full=+0.00%)  alpha=584.0s  build=59.106s solve=9.662s  vs_full=+0.00%
  [3d] Subgraph / blended  k=5000 …
2026-07-01 19:06:49.579 | INFO     | pycaalp.time_balancing.model:run_mip:430 - Running MIP solver ...
      obj=0.847 (vs_full=+0.00%)  alpha=584.0s  build=34.750s solve=9.531s  vs_full=+0.00%
  [3e] Subgraph / bl-union k=5000 …
2026-07-01 19:06:59.110 | INFO     | pycaalp.time_balancing.model:run_mip:430 - Running MIP solver ...
      obj=0.847 (vs_full=+0.00%)  alpha=584.0s  build=114.139s solve=9.357s  vs_full=+0.00%
  [3f] Subgraph / diverse  k=5000 …
2026-07-01 19:07:08.467 | INFO     | pycaalp.time_balancing.model:run_mip:430 - Running MIP solver ...
      obj=0.847 (vs_full=+0.00%)  alpha=584.0s  build=5.693s solve=18.869s  vs_full=+0.00%

Results saved to experiments/strategy_comparison/assembly_1_np_4/strategy_comparison_lambda_0.2.csv
Plot with:  python -m experiments.strategy_comparison.plot_k_sensitivity

============================================================================================================================
SUMMARY — assembly_1  P=4  λ=0.2
============================================================================================================================
Strategy       Weight                      k   Build    Solve    Total  Spdup       Obj   ObjvsF     Alpha    AlvsF   Edges  %Grph
----------------------------------------------------------------------------------------------------------------------------
full_mip       —                               0.000   14.733   14.733   1.0x     0.847    +0.00    584.04    +0.00    1105  100.0
subgraph_mip   edge_weight                 1   0.001    0.120    0.122 121.2x     0.847    +0.00    584.04    +0.00      13    1.2
subgraph_mip   time_balanced_weight        1   0.001    0.057    0.057 256.9x     1.122   +32.45    597.84    +2.36      13    1.2
subgraph_mip   combined                    1   0.001    0.049    0.050 292.2x     0.847    +0.00    584.04    +0.00      26    2.4
subgraph_mip   blended                     1   0.001    0.034    0.035 418.8x     0.853    +0.68    584.04    +0.00      13    1.2
subgraph_mip   blended_union               1   0.009    1.326    1.336  11.0x     0.847    +0.00    584.04    +0.00      37    3.4
subgraph_mip   diverse                     1   0.004    0.044    0.048 308.1x     0.853    +0.68    584.04    +0.00      13    1.2
subgraph_mip   edge_weight                 2   0.010    0.100    0.110 133.8x     0.847    -0.00    584.04    +0.00      15    1.4
subgraph_mip   time_balanced_weight        2   0.006    0.363    0.369  39.9x     1.122   +32.45    597.84    +2.36      15    1.4
subgraph_mip   combined                    2   0.013    0.502    0.515  28.6x     0.847    +0.00    584.04    +0.00      30    2.7
subgraph_mip   blended                     2   0.008    0.070    0.079 187.6x     0.853    +0.68    584.04    +0.00      15    1.4
subgraph_mip   blended_union               2   0.047    0.625    0.672  21.9x     0.847    +0.00    584.04    +0.00      43    3.9
subgraph_mip   diverse                     2   0.005    0.310    0.314  46.9x     0.853    +0.68    584.04    +0.00      26    2.4
subgraph_mip   edge_weight                 5   0.012    0.649    0.661  22.3x     0.847    +0.00    584.04    +0.00      21    1.9
subgraph_mip   time_balanced_weight        5   0.007    1.083    1.090  13.5x     1.107   +30.78    597.84    +2.36      27    2.4
subgraph_mip   combined                    5   0.019    0.952    0.971  15.2x     0.847    +0.00    584.04    +0.00      48    4.3
subgraph_mip   blended                     5   0.023    0.298    0.322  45.8x     0.853    +0.68    584.04    +0.00      19    1.7
subgraph_mip   blended_union               5   0.066    0.646    0.712  20.7x     0.847    +0.00    584.04    +0.00      60    5.4
subgraph_mip   diverse                     5   0.010    0.928    0.938  15.7x     0.853    +0.68    584.04    +0.00      65    5.9
subgraph_mip   edge_weight                10   0.033    0.136    0.169  87.2x     0.847    +0.00    584.04    +0.00      24    2.2
subgraph_mip   time_balanced_weight       10   0.032    0.331    0.363  40.6x     1.107   +30.78    597.84    +2.36      38    3.4
subgraph_mip   combined                   10   0.080    1.006    1.086  13.6x     0.847    +0.00    584.04    +0.00      62    5.6
subgraph_mip   blended                    10   0.027    0.605    0.632  23.3x     0.853    +0.68    584.04    +0.00      23    2.1
subgraph_mip   blended_union              10   0.130    0.726    0.855  17.2x     0.847    +0.00    584.04    +0.00      76    6.9
subgraph_mip   diverse                    10   0.022    1.418    1.440  10.2x     0.853    +0.68    584.04    +0.00     126   11.4
subgraph_mip   edge_weight                20   0.083    0.971    1.054  14.0x     0.847    +0.00    584.04    +0.00      35    3.2
subgraph_mip   time_balanced_weight       20   0.049    0.836    0.885  16.6x     1.107   +30.78    597.84    +2.36      42    3.8
subgraph_mip   combined                   20   0.132    1.301    1.433  10.3x     0.847    +0.00    584.04    +0.00      77    7.0
subgraph_mip   blended                    20   0.087    0.434    0.521  28.3x     0.853    +0.68    584.04    +0.00      27    2.4
subgraph_mip   blended_union              20   0.301    1.408    1.709   8.6x     0.847    -0.00    584.04    +0.00      92    8.3
subgraph_mip   diverse                    20   0.032    1.550    1.582   9.3x     0.852    +0.58    584.04    +0.00     239   21.6
subgraph_mip   edge_weight                50   0.224    1.404    1.628   9.1x     0.847    -0.00    584.04    +0.00      54    4.9
subgraph_mip   time_balanced_weight       50   0.112    1.561    1.673   8.8x     1.103   +30.25    602.68    +3.19      63    5.7
subgraph_mip   combined                   50   0.233    3.311    3.544   4.2x     0.847    +0.00    584.04    +0.00     116   10.5
subgraph_mip   blended                    50   0.175    0.716    0.891  16.5x     0.853    +0.68    584.04    +0.00      39    3.5
subgraph_mip   blended_union              50   0.622    2.997    3.619   4.1x     0.847    +0.00    584.04    +0.00     125   11.3
subgraph_mip   diverse                    50   0.053    4.106    4.159   3.5x     0.852    +0.58    584.04    +0.00     507   45.9
subgraph_mip   edge_weight               100   0.339    1.058    1.397  10.6x     0.847    -0.00    584.04    +0.00      78    7.1
subgraph_mip   time_balanced_weight      100   0.257    2.127    2.383   6.2x     1.102   +30.14    597.84    +2.36      86    7.8
subgraph_mip   combined                  100   0.540    2.737    3.277   4.5x     0.847    +0.00    584.04    +0.00     162   14.7
subgraph_mip   blended                   100   0.292    0.765    1.056  13.9x     0.850    +0.41    584.04    +0.00      71    6.4
subgraph_mip   blended_union             100   1.283    4.508    5.791   2.5x     0.847    +0.00    584.04    +0.00     153   13.8
subgraph_mip   diverse                   100   0.118   11.248   11.366   1.3x     0.850    +0.33    584.04    +0.00     748   67.7
subgraph_mip   edge_weight               200   0.753    1.088    1.841   8.0x     0.847    +0.00    584.04    +0.00      95    8.6
subgraph_mip   time_balanced_weight      200   0.424    1.859    2.284   6.5x     1.099   +29.81    602.68    +3.19     111   10.1
subgraph_mip   combined                  200   1.182    1.924    3.106   4.7x     0.847    +0.00    584.04    +0.00     202   18.3
subgraph_mip   blended                   200   0.623    2.907    3.530   4.2x     0.847    +0.02    584.04    +0.00     110    9.9
subgraph_mip   blended_union             200   2.602    1.364    3.965   3.7x     0.847    +0.00    584.04    +0.00     177   16.0
subgraph_mip   diverse                   200   0.138    6.859    6.997   2.1x     0.849    +0.28    584.04    +0.00     911   82.4
subgraph_mip   edge_weight               500   1.773    1.175    2.947   5.0x     0.847    +0.00    584.04    +0.00     108    9.8
subgraph_mip   time_balanced_weight      500   1.096    2.406    3.503   4.2x     1.099   +29.81    602.68    +3.19     153   13.8
subgraph_mip   combined                  500   2.817    1.989    4.806   3.1x     0.847    +0.00    584.04    +0.00     257   23.3
subgraph_mip   blended                   500   1.891    1.536    3.427   4.3x     0.847    +0.02    584.04    +0.00     149   13.5
subgraph_mip   blended_union             500   5.907    5.217   11.124   1.3x     0.847    +0.00    584.04    +0.00     245   22.2
subgraph_mip   diverse                   500   0.573   18.127   18.700   0.8x     0.847    +0.02    584.04    +0.00    1052   95.2
subgraph_mip   edge_weight              1000   4.532    1.638    6.170   2.4x     0.847    +0.00    584.04    +0.00     142   12.8
subgraph_mip   time_balanced_weight     1000   3.092    3.550    6.641   2.2x     1.097   +29.51    581.12    -0.50     211   19.1
subgraph_mip   combined                 1000   6.435    2.836    9.271   1.6x     0.847    +0.00    584.04    +0.00     346   31.3
subgraph_mip   blended                  1000   3.975    1.557    5.532   2.7x     0.847    +0.00    584.04    +0.00     170   15.4
subgraph_mip   blended_union            1000  12.613    4.561   17.174   0.9x     0.847    +0.00    584.04    +0.00     297   26.9
subgraph_mip   diverse                  1000   1.059   19.451   20.510   0.7x     0.847    +0.00    584.04    +0.00    1100   99.5
subgraph_mip   edge_weight              2000   8.135    2.404   10.539   1.4x     0.847    +0.00    584.04    +0.00     185   16.7
subgraph_mip   time_balanced_weight     2000   6.816    4.453   11.270   1.3x     1.097   +29.51    581.12    -0.50     292   26.4
subgraph_mip   combined                 2000  14.930    3.555   18.484   0.8x     0.847    +0.00    584.04    +0.00     460   41.6
subgraph_mip   blended                  2000   9.268    1.758   11.026   1.3x     0.847    -0.00    584.04    +0.00     216   19.6
subgraph_mip   blended_union            2000  30.769    6.923   37.691   0.4x     0.847    +0.00    584.04    +0.00     410   37.1
subgraph_mip   diverse                  2000   2.389   18.913   21.302   0.7x     0.847    +0.00    584.04    +0.00    1105  100.0
subgraph_mip   edge_weight              5000  32.974    5.531   38.505   0.4x     0.847    +0.00    584.04    +0.00     232   21.0
subgraph_mip   time_balanced_weight     5000  25.898    4.838   30.736   0.5x     1.027   +21.25    581.12    -0.50     431   39.0
subgraph_mip   combined                 5000  59.106    9.662   68.768   0.2x     0.847    +0.00    584.04    +0.00     632   57.2
subgraph_mip   blended                  5000  34.750    9.531   44.281   0.3x     0.847    +0.00    584.04    +0.00     329   29.8
subgraph_mip   blended_union            5000 114.139    9.357  123.496   0.1x     0.847    +0.00    584.04    +0.00     525   47.5
subgraph_mip   diverse                  5000   5.693   18.869   24.562   0.6x     0.847    +0.00    584.04    +0.00    1105  100.0
============================================================================================================================

----------------- λ = 0.25 -----------------
========================================================================
Strategy Comparison Experiment — assembly_1  P=4  λ=0.25
========================================================================

Building assembly digraph …
2026-07-01 18:56:39.232 | INFO     | pycaalp.gapp.assembly_digraph:compute_assembly_digraph_complete:395 - Computing assembly digraph...
  343 nodes, 1105 edges  (0.3s)

[1] Full MIP  P=4  λ=0.25
2026-07-01 18:56:39.554 | INFO     | pycaalp.time_balancing.model:run_mip:430 - Running MIP solver ...
presolving:
(round 1, fast)       2 del vars, 2 del conss, 0 add conss, 0 chg bounds, 0 chg sides, 0 chg coeffs, 0 upgd conss, 0 impls, 69 clqs, 0 implints
(round 2, exhaustive) 2 del vars, 2 del conss, 0 add conss, 1 chg bounds, 0 chg sides, 0 chg coeffs, 4525 upgd conss, 0 impls, 69 clqs, 0 implints
   (0.2s) probing: 1000/1207 (82.9%) - 0 fixings, 0 aggregations, 130891 implications, 0 bound changes
   (0.2s) probing: 1001/1207 (82.9%) - 0 fixings, 0 aggregations, 130966 implications, 0 bound changes
   (0.2s) probing aborted: 1000/1000 successive useless probings
   (0.2s) symmetry computation started: requiring (bin +, int +, cont +), (fixed: bin -, int -, cont -)
   (0.2s) no symmetry present (symcode time: 0.00)
presolving (3 rounds: 3 fast, 2 medium, 2 exhaustive):
 2 deleted vars, 2 deleted constraints, 0 added constraints, 1 tightened bounds, 0 added holes, 0 changed sides, 0 changed coefficients
 0 implications, 15690 cliques, 0 implied integral variables (0 bin, 0 int, 0 cont)
presolved problem has 1208 variables (1207 bin, 0 int, 1 cont) and 4839 constraints
     69 constraints of type <setppc>
    314 constraints of type <linear>
   4456 constraints of type <logicor>
Presolving Time: 0.23

 time | node  | left  |LP iter|LP it/n|mem/heur|mdpt |vars |cons |rows |cuts |sepa|confs|strbr|  dualbound   | primalbound  |  gap   | compl. 
p 0.3s|     1 |     0 |   126 |     - | vbounds|   0 |1208 |4867 |4839 |   0 |  0 |  27 |   0 | 0.000000e+00 | 1.157826e+00 |    Inf | unknown
  0.3s|     1 |     0 |   471 |     - |    34M |   0 |1208 |4867 |4839 |   0 |  0 |  27 |   0 | 8.329273e-01 | 1.157826e+00 |  39.01%| unknown
  0.6s|     1 |     0 |   484 |     - |    39M |   0 |1208 |4875 |4843 |   4 |  1 |  35 |   0 | 8.329273e-01 | 1.157826e+00 |  39.01%| unknown
  1.0s|     1 |     0 |   492 |     - |    46M |   0 |1208 |4881 |4846 |   7 |  2 |  41 |   0 | 8.329273e-01 | 1.157826e+00 |  39.01%| unknown
  1.3s|     1 |     0 |   503 |     - |    54M |   0 |1208 |4882 |4850 |  11 |  3 |  42 |   0 | 8.329273e-01 | 1.157826e+00 |  39.01%| unknown
  1.6s|     1 |     0 |   515 |     - |    60M |   0 |1208 |4886 |4853 |  14 |  4 |  46 |   0 | 8.329273e-01 | 1.157826e+00 |  39.01%| unknown
  1.9s|     1 |     0 |   525 |     - |    66M |   0 |1208 |4887 |4855 |  16 |  5 |  47 |   0 | 8.329273e-01 | 1.157826e+00 |  39.01%| unknown
  2.3s|     1 |     0 |   534 |     - |    73M |   0 |1208 |4897 |4858 |  19 |  6 |  57 |   0 | 8.329273e-01 | 1.157826e+00 |  39.01%| unknown
  2.6s|     1 |     0 |   540 |     - |    81M |   0 |1208 |4898 |4860 |  21 |  7 |  58 |   0 | 8.329273e-01 | 1.157826e+00 |  39.01%| unknown
  3.1s|     1 |     0 |   543 |     - |    89M |   0 |1208 |4901 |4863 |  24 |  8 |  67 |   0 | 8.329273e-01 | 1.157826e+00 |  39.01%| unknown
  3.4s|     1 |     0 |   562 |     - |    95M |   0 |1208 |4903 |4864 |  25 |  9 |  69 |   0 | 8.329273e-01 | 1.157826e+00 |  39.01%| unknown
  3.9s|     1 |     0 |   569 |     - |   104M |   0 |1208 |4908 |4866 |  27 | 10 |  75 |   0 | 8.329273e-01 | 1.157826e+00 |  39.01%| unknown
  3.9s|     1 |     0 |   572 |     - |   104M |   0 |1208 |4915 |4869 |  30 | 11 |  82 |   0 | 8.329273e-01 | 1.157826e+00 |  39.01%| unknown
d 4.0s|     1 |     0 |  1183 |     - |farkasdi|   0 |1208 |4916 |4869 |   0 | 11 |  83 |   0 | 8.329273e-01 | 8.903540e-01 |   6.89%| unknown
  4.1s|     1 |     0 |  1531 |     - |   104M |   0 |1208 |4949 |4869 |  30 | 11 | 123 |   0 | 8.329273e-01 | 8.903540e-01 |   6.89%| unknown
 time | node  | left  |LP iter|LP it/n|mem/heur|mdpt |vars |cons |rows |cuts |sepa|confs|strbr|  dualbound   | primalbound  |  gap   | compl. 
  4.1s|     1 |     0 |  1531 |     - |   105M |   0 |1208 |4959 |4393 |  30 | 11 | 133 |   0 | 8.329273e-01 | 8.903540e-01 |   6.89%| unknown
  4.1s|     1 |     0 |  1540 |     - |   105M |   0 |1208 |4752 |4376 |  31 | 12 | 133 |   0 | 8.329273e-01 | 8.903540e-01 |   6.89%| unknown
  4.2s|     1 |     0 |  1540 |     - |   105M |   0 |1208 |4341 |4376 |  31 | 13 | 134 |   0 | 8.329273e-01 | 8.903540e-01 |   6.89%| unknown
  4.2s|     1 |     0 |  1546 |     - |   105M |   0 |1208 |4341 |4377 |  32 | 14 | 134 |   0 | 8.329273e-01 | 8.903540e-01 |   6.89%| unknown
  4.2s|     1 |     0 |  1548 |     - |   105M |   0 |1208 |4345 |4379 |  34 | 15 | 140 |   0 | 8.329273e-01 | 8.903540e-01 |   6.89%| unknown
(run 1, node 1) restarting after 396 global fixings of integer variables

(restart) converted 32 cuts from the global cut pool into linear constraints

presolving:
(round 1, fast)       399 del vars, 1066 del conss, 0 add conss, 0 chg bounds, 0 chg sides, 705 chg coeffs, 0 upgd conss, 0 impls, 7912 clqs, 0 implints
(round 2, exhaustive) 399 del vars, 1066 del conss, 0 add conss, 0 chg bounds, 0 chg sides, 705 chg coeffs, 50 upgd conss, 0 impls, 7912 clqs, 0 implints
(round 3, exhaustive) 399 del vars, 1073 del conss, 0 add conss, 0 chg bounds, 1 chg sides, 723 chg coeffs, 50 upgd conss, 0 impls, 7915 clqs, 0 implints
(round 4, exhaustive) 399 del vars, 1074 del conss, 0 add conss, 0 chg bounds, 1 chg sides, 773 chg coeffs, 50 upgd conss, 0 impls, 7915 clqs, 0 implints
presolving (5 rounds: 5 fast, 4 medium, 4 exhaustive):
 399 deleted vars, 1075 deleted constraints, 0 added constraints, 0 tightened bounds, 0 added holes, 1 changed sides, 777 changed coefficients
 0 implications, 7915 cliques, 0 implied integral variables (0 bin, 0 int, 0 cont)
presolved problem has 809 variables (808 bin, 0 int, 1 cont) and 3309 constraints
      7 constraints of type <knapsack>
    110 constraints of type <setppc>
    214 constraints of type <linear>
   2978 constraints of type <logicor>
Presolving Time: 0.25
transformed 1/3 original solutions to the transformed problem space

 time | node  | left  |LP iter|LP it/n|mem/heur|mdpt |vars |cons |rows |cuts |sepa|confs|strbr|  dualbound   | primalbound  |  gap   | compl. 
  4.2s|     1 |     0 |  1854 |     - |   100M |   0 | 809 |3309 |3193 |   0 |  0 | 149 |   0 | 8.329273e-01 | 8.903540e-01 |   6.89%| unknown
  4.2s|     1 |     0 |  1854 |     - |   100M |   0 | 809 |3319 |2928 |   0 |  0 | 159 |   0 | 8.329273e-01 | 8.903540e-01 |   6.89%| unknown
  4.5s|     1 |     0 |  1874 |     - |   101M |   0 | 809 |3252 |2832 |   6 |  1 | 159 |   0 | 8.329273e-01 | 8.903540e-01 |   6.89%| unknown
  4.7s|     1 |     0 |  1887 |     - |   101M |   0 | 809 |3157 |2836 |  10 |  2 | 167 |   0 | 8.329273e-01 | 8.903540e-01 |   6.89%| unknown
  4.9s|     1 |     0 |  1897 |     - |   103M |   0 | 809 |3113 |2839 |  13 |  3 | 169 |   0 | 8.329273e-01 | 8.903540e-01 |   6.89%| unknown
  5.1s|     1 |     0 |  1918 |     - |   103M |   0 | 809 |3114 |2842 |  16 |  4 | 179 |   0 | 8.329273e-01 | 8.903540e-01 |   6.89%| unknown
  5.3s|     1 |     0 |  1938 |     - |   105M |   0 | 809 |3111 |2844 |  18 |  5 | 186 |   0 | 8.329273e-01 | 8.903540e-01 |   6.89%| unknown
  5.5s|     1 |     0 |  1952 |     - |   107M |   0 | 809 |3087 |2845 |  19 |  6 | 196 |   0 | 8.329273e-01 | 8.903540e-01 |   6.89%| unknown
  5.7s|     1 |     0 |  1969 |     - |   111M |   0 | 809 |3089 |2847 |  21 |  7 | 198 |   0 | 8.329273e-01 | 8.903540e-01 |   6.89%| unknown
  5.9s|     1 |     0 |  1984 |     - |   111M |   0 | 809 |3080 |2850 |  24 |  8 | 199 |   0 | 8.329273e-01 | 8.903540e-01 |   6.89%| unknown
  6.2s|     1 |     0 |  2002 |     - |   113M |   0 | 809 |3077 |2852 |  26 |  9 | 200 |   0 | 8.329273e-01 | 8.903540e-01 |   6.89%| unknown
  6.4s|     1 |     0 |  2011 |     - |   118M |   0 | 809 |3075 |2856 |  30 | 10 | 205 |   0 | 8.329273e-01 | 8.903540e-01 |   6.89%| unknown
  6.4s|     1 |     0 |  2020 |     - |   118M |   0 | 809 |3079 |2858 |  32 | 11 | 209 |   0 | 8.329273e-01 | 8.903540e-01 |   6.89%| unknown
  6.4s|     1 |     0 |  2020 |     - |   118M |   0 | 809 |2986 |2858 |  32 | 11 | 212 |   0 | 8.329273e-01 | 8.903540e-01 |   6.89%| unknown
  6.4s|     1 |     0 |  2024 |     - |   118M |   0 | 809 |2986 |2833 |  35 | 12 | 212 |   0 | 8.329273e-01 | 8.903540e-01 |   6.89%| unknown
 time | node  | left  |LP iter|LP it/n|mem/heur|mdpt |vars |cons |rows |cuts |sepa|confs|strbr|  dualbound   | primalbound  |  gap   | compl. 
  6.4s|     1 |     0 |  2033 |     - |   118M |   0 | 809 |2690 |2835 |  37 | 13 | 222 |   0 | 8.329273e-01 | 8.903540e-01 |   6.89%| unknown
  6.4s|     1 |     0 |  2039 |     - |   119M |   0 | 809 |2631 |2838 |  40 | 14 | 227 |   0 | 8.329273e-01 | 8.903540e-01 |   6.89%| unknown
  6.5s|     1 |     0 |  2040 |     - |   119M |   0 | 809 |2629 |2839 |  41 | 15 | 233 |   0 | 8.329273e-01 | 8.903540e-01 |   6.89%| unknown
(run 2, node 1) restarting after 224 global fixings of integer variables

(restart) converted 33 cuts from the global cut pool into linear constraints

presolving:
(round 1, fast)       229 del vars, 210 del conss, 0 add conss, 0 chg bounds, 0 chg sides, 598 chg coeffs, 0 upgd conss, 0 impls, 4716 clqs, 0 implints
(round 2, exhaustive) 229 del vars, 210 del conss, 0 add conss, 0 chg bounds, 0 chg sides, 601 chg coeffs, 33 upgd conss, 0 impls, 4716 clqs, 0 implints
(round 3, fast)       229 del vars, 212 del conss, 0 add conss, 0 chg bounds, 0 chg sides, 601 chg coeffs, 33 upgd conss, 0 impls, 4716 clqs, 0 implints
(round 4, exhaustive) 229 del vars, 224 del conss, 0 add conss, 0 chg bounds, 1 chg sides, 667 chg coeffs, 33 upgd conss, 0 impls, 4718 clqs, 0 implints
(round 5, exhaustive) 229 del vars, 224 del conss, 0 add conss, 0 chg bounds, 1 chg sides, 685 chg coeffs, 33 upgd conss, 0 impls, 4718 clqs, 0 implints
presolving (6 rounds: 6 fast, 4 medium, 4 exhaustive):
 229 deleted vars, 224 deleted constraints, 0 added constraints, 0 tightened bounds, 0 added holes, 1 changed sides, 688 changed coefficients
 0 implications, 4718 cliques, 0 implied integral variables (0 bin, 0 int, 0 cont)
presolved problem has 580 variables (579 bin, 0 int, 1 cont) and 2434 constraints
     16 constraints of type <knapsack>
    106 constraints of type <setppc>
    170 constraints of type <linear>
   2142 constraints of type <logicor>
Presolving Time: 0.27
transformed 1/3 original solutions to the transformed problem space

 time | node  | left  |LP iter|LP it/n|mem/heur|mdpt |vars |cons |rows |cuts |sepa|confs|strbr|  dualbound   | primalbound  |  gap   | compl. 
  6.6s|     1 |     0 |  3151 |     - |   114M |   0 | 580 |2434 |2255 |   0 |  0 | 254 |   0 | 8.329273e-01 | 8.903540e-01 |   6.89%| unknown
  6.6s|     1 |     0 |  3151 |     - |   114M |   0 | 580 |2444 |2177 |   0 |  0 | 264 |   0 | 8.329273e-01 | 8.903540e-01 |   6.89%| unknown
  6.7s|     1 |     0 |  3183 |     - |   114M |   0 | 580 |2410 |2093 |   5 |  1 | 264 |   0 | 8.329273e-01 | 8.903540e-01 |   6.89%| unknown
  6.8s|     1 |     0 |  3258 |     - |   115M |   0 | 580 |2328 |2098 |  10 |  2 | 266 |   0 | 8.329407e-01 | 8.903540e-01 |   6.89%| unknown
  6.9s|     1 |     0 |  3292 |     - |   115M |   0 | 580 |2317 |2092 |  12 |  3 | 272 |   0 | 8.329423e-01 | 8.903540e-01 |   6.89%| unknown
  7.0s|     1 |     0 |  3342 |     - |   117M |   0 | 580 |2314 |2095 |  15 |  4 | 276 |   0 | 8.330319e-01 | 8.903540e-01 |   6.88%| unknown
  7.1s|     1 |     0 |  3358 |     - |   117M |   0 | 580 |2316 |2100 |  20 |  5 | 278 |   0 | 8.330319e-01 | 8.903540e-01 |   6.88%| unknown
  7.2s|     1 |     0 |  3376 |     - |   118M |   0 | 580 |2315 |2102 |  22 |  6 | 279 |   0 | 8.330319e-01 | 8.903540e-01 |   6.88%| unknown
  7.3s|     1 |     0 |  3406 |     - |   118M |   0 | 580 |2313 |2106 |  26 |  7 | 280 |   0 | 8.330319e-01 | 8.903540e-01 |   6.88%| unknown
  7.5s|     1 |     0 |  3413 |     - |   121M |   0 | 580 |2322 |2110 |  30 |  8 | 290 |   0 | 8.330319e-01 | 8.903540e-01 |   6.88%| unknown
  7.6s|     1 |     0 |  3424 |     - |   122M |   0 | 580 |2321 |2113 |  33 |  9 | 293 |   0 | 8.330319e-01 | 8.903540e-01 |   6.88%| unknown
  7.8s|     1 |     0 |  3440 |     - |   125M |   0 | 580 |2321 |2117 |  37 | 10 | 293 |   0 | 8.330319e-01 | 8.903540e-01 |   6.88%| unknown
  7.8s|     1 |     0 |  3466 |     - |   125M |   0 | 580 |2326 |2119 |  39 | 11 | 298 |   0 | 8.330319e-01 | 8.903540e-01 |   6.88%| unknown
  7.8s|     1 |     0 |  3499 |     - |   126M |   0 | 580 |2331 |2123 |  43 | 12 | 303 |   0 | 8.331001e-01 | 8.903540e-01 |   6.87%| unknown
  7.9s|     1 |     0 |  3502 |     - |   126M |   0 | 580 |2324 |2069 |  44 | 13 | 306 |   0 | 8.331001e-01 | 8.903540e-01 |   6.87%| unknown
 time | node  | left  |LP iter|LP it/n|mem/heur|mdpt |vars |cons |rows |cuts |sepa|confs|strbr|  dualbound   | primalbound  |  gap   | compl. 
  7.9s|     1 |     0 |  3506 |     - |   126M |   0 | 580 |2327 |2070 |  45 | 14 | 309 |   0 | 8.331001e-01 | 8.903540e-01 |   6.87%| unknown
  7.9s|     1 |     0 |  3506 |     - |   126M |   0 | 580 |2254 |2070 |  45 | 14 | 315 |   0 | 8.331001e-01 | 8.903540e-01 |   6.87%| unknown
  7.9s|     1 |     0 |  3509 |     - |   126M |   0 | 580 |2254 |2071 |  46 | 15 | 315 |   0 | 8.331001e-01 | 8.903540e-01 |   6.87%| unknown
  7.9s|     1 |     0 |  3513 |     - |   127M |   0 | 580 |2248 |2072 |  47 | 16 | 316 |   0 | 8.331001e-01 | 8.903540e-01 |   6.87%| unknown
  7.9s|     1 |     0 |  3514 |     - |   127M |   0 | 580 |2141 |2073 |  48 | 17 | 317 |   0 | 8.331001e-01 | 8.903540e-01 |   6.87%| unknown
  7.9s|     1 |     0 |  3519 |     - |   127M |   0 | 580 |2138 |2074 |  49 | 18 | 318 |   0 | 8.331001e-01 | 8.903540e-01 |   6.87%| unknown
  7.9s|     1 |     0 |  3523 |     - |   127M |   0 | 580 |2126 |2053 |  50 | 19 | 320 |   0 | 8.331001e-01 | 8.903540e-01 |   6.87%| unknown
  8.0s|     1 |     0 |  3525 |     - |   127M |   0 | 580 |2122 |2054 |  51 | 20 | 326 |   0 | 8.331001e-01 | 8.903540e-01 |   6.87%| unknown
L 8.0s|     1 |     0 |  4090 |     - |    rens|   0 | 580 |2116 |2054 |  51 | 21 | 338 |   0 | 8.331001e-01 | 8.875966e-01 |   6.54%| unknown
(run 3, node 1) restarting after 83 global fixings of integer variables

(restart) converted 23 cuts from the global cut pool into linear constraints

presolving:
(round 1, fast)       84 del vars, 48 del conss, 0 add conss, 0 chg bounds, 0 chg sides, 559 chg coeffs, 0 upgd conss, 0 impls, 2418 clqs, 0 implints
(round 2, exhaustive) 84 del vars, 50 del conss, 0 add conss, 0 chg bounds, 0 chg sides, 559 chg coeffs, 0 upgd conss, 0 impls, 2418 clqs, 0 implints
(round 3, exhaustive) 84 del vars, 50 del conss, 0 add conss, 0 chg bounds, 0 chg sides, 562 chg coeffs, 17 upgd conss, 0 impls, 2418 clqs, 0 implints
(round 4, medium)     84 del vars, 51 del conss, 0 add conss, 0 chg bounds, 1 chg sides, 563 chg coeffs, 17 upgd conss, 0 impls, 2422 clqs, 0 implints
(round 5, exhaustive) 84 del vars, 63 del conss, 0 add conss, 0 chg bounds, 1 chg sides, 578 chg coeffs, 17 upgd conss, 0 impls, 2422 clqs, 0 implints
presolving (6 rounds: 6 fast, 5 medium, 4 exhaustive):
 84 deleted vars, 63 deleted constraints, 0 added constraints, 0 tightened bounds, 0 added holes, 1 changed sides, 580 changed coefficients
 0 implications, 2422 cliques, 0 implied integral variables (0 bin, 0 int, 0 cont)
presolved problem has 496 variables (495 bin, 0 int, 1 cont) and 2076 constraints
     30 constraints of type <knapsack>
     81 constraints of type <setppc>
    163 constraints of type <linear>
   1802 constraints of type <logicor>
Presolving Time: 0.31
transformed 2/4 original solutions to the transformed problem space

 time | node  | left  |LP iter|LP it/n|mem/heur|mdpt |vars |cons |rows |cuts |sepa|confs|strbr|  dualbound   | primalbound  |  gap   | compl. 
  8.2s|     1 |     0 |  4465 |     - |   125M |   0 | 496 |2076 |1879 |   0 |  0 | 338 |   0 | 8.331001e-01 | 8.875966e-01 |   6.54%| unknown
  8.3s|     1 |     0 |  4475 |     - |   126M |   0 | 496 |2078 |1882 |   3 |  1 | 340 |   0 | 8.331001e-01 | 8.875966e-01 |   6.54%| unknown
  8.4s|     1 |     0 |  4487 |     - |   126M |   0 | 496 |2079 |1884 |   5 |  2 | 341 |   0 | 8.331001e-01 | 8.875966e-01 |   6.54%| unknown
  8.5s|     1 |     0 |  4499 |     - |   126M |   0 | 496 |2084 |1887 |   8 |  3 | 346 |   0 | 8.331001e-01 | 8.875966e-01 |   6.54%| unknown
  8.6s|     1 |     0 |  4514 |     - |   126M |   0 | 496 |2091 |1890 |  11 |  4 | 353 |   0 | 8.331001e-01 | 8.875966e-01 |   6.54%| unknown
  8.7s|     1 |     0 |  4531 |     - |   127M |   0 | 496 |2092 |1893 |  14 |  5 | 354 |   0 | 8.331001e-01 | 8.875966e-01 |   6.54%| unknown
  8.8s|     1 |     0 |  4541 |     - |   129M |   0 | 496 |2097 |1895 |  16 |  6 | 359 |   0 | 8.331001e-01 | 8.875966e-01 |   6.54%| unknown
  8.9s|     1 |     0 |  4550 |     - |   129M |   0 | 496 |2106 |1898 |  19 |  7 | 368 |   0 | 8.331001e-01 | 8.875966e-01 |   6.54%| unknown
  9.0s|     1 |     0 |  4561 |     - |   131M |   0 | 496 |2107 |1899 |  20 |  8 | 369 |   0 | 8.331001e-01 | 8.875966e-01 |   6.54%| unknown
  9.1s|     1 |     0 |  4568 |     - |   132M |   0 | 496 |2107 |1901 |  22 |  9 | 369 |   0 | 8.331001e-01 | 8.875966e-01 |   6.54%| unknown
  9.2s|     1 |     0 |  4585 |     - |   140M |   0 | 496 |2108 |1902 |  23 | 10 | 370 |   0 | 8.331001e-01 | 8.875966e-01 |   6.54%| unknown
  9.3s|     1 |     0 |  4593 |     - |   140M |   0 | 496 |2113 |1834 |  26 | 11 | 375 |   0 | 8.331001e-01 | 8.875966e-01 |   6.54%| unknown
L 9.3s|     1 |     0 |  4727 |     - |    rens|   0 | 496 |2115 |1834 |  26 | 11 | 379 |   0 | 8.331001e-01 | 8.504115e-01 |   2.08%| unknown
  9.3s|     1 |     0 |  4727 |     - |   140M |   0 | 496 |2115 |1834 |  26 | 11 | 379 |   0 | 8.331001e-01 | 8.504115e-01 |   2.08%| unknown
  9.3s|     1 |     0 |  4727 |     - |   140M |   0 | 496 |2116 |1580 |  26 | 11 | 380 |   0 | 8.331001e-01 | 8.504115e-01 |   2.08%| unknown
 time | node  | left  |LP iter|LP it/n|mem/heur|mdpt |vars |cons |rows |cuts |sepa|confs|strbr|  dualbound   | primalbound  |  gap   | compl. 
  9.3s|     1 |     0 |  4734 |     - |   140M |   0 | 496 |2000 |1581 |  27 | 12 | 380 |   0 | 8.331001e-01 | 8.504115e-01 |   2.08%| unknown
  9.3s|     1 |     0 |  4737 |     - |   140M |   0 | 496 |2001 |1576 |  28 | 13 | 381 |   0 | 8.331001e-01 | 8.504115e-01 |   2.08%| unknown
  9.3s|     1 |     0 |  4737 |     - |   140M |   0 | 496 |1812 |1576 |  28 | 13 | 384 |   0 | 8.331001e-01 | 8.504115e-01 |   2.08%| unknown
  9.3s|     1 |     0 |  4754 |     - |   140M |   0 | 496 |1812 |1577 |  29 | 14 | 384 |   0 | 8.331001e-01 | 8.504115e-01 |   2.08%| unknown
  9.3s|     1 |     0 |  4755 |     - |   140M |   0 | 496 |1817 |1578 |  30 | 15 | 389 |   0 | 8.331001e-01 | 8.504115e-01 |   2.08%| unknown
(run 4, node 1) restarting after 128 global fixings of integer variables

(restart) converted 18 cuts from the global cut pool into linear constraints

presolving:
(round 1, fast)       130 del vars, 241 del conss, 0 add conss, 0 chg bounds, 0 chg sides, 189 chg coeffs, 0 upgd conss, 0 impls, 1470 clqs, 0 implints
(round 2, exhaustive) 130 del vars, 241 del conss, 0 add conss, 0 chg bounds, 0 chg sides, 198 chg coeffs, 0 upgd conss, 0 impls, 1470 clqs, 0 implints
(round 3, exhaustive) 130 del vars, 241 del conss, 0 add conss, 0 chg bounds, 0 chg sides, 199 chg coeffs, 15 upgd conss, 0 impls, 1470 clqs, 0 implints
(round 4, exhaustive) 130 del vars, 242 del conss, 0 add conss, 0 chg bounds, 1 chg sides, 201 chg coeffs, 15 upgd conss, 0 impls, 1470 clqs, 0 implints
(round 5, exhaustive) 130 del vars, 250 del conss, 0 add conss, 0 chg bounds, 1 chg sides, 220 chg coeffs, 15 upgd conss, 0 impls, 1470 clqs, 0 implints
presolving (6 rounds: 6 fast, 5 medium, 5 exhaustive):
 130 deleted vars, 250 deleted constraints, 0 added constraints, 0 tightened bounds, 0 added holes, 1 changed sides, 224 changed coefficients
 0 implications, 1470 cliques, 0 implied integral variables (0 bin, 0 int, 0 cont)
presolved problem has 366 variables (365 bin, 0 int, 1 cont) and 1590 constraints
     32 constraints of type <knapsack>
     92 constraints of type <setppc>
    135 constraints of type <linear>
   1331 constraints of type <logicor>
Presolving Time: 0.33
transformed 3/5 original solutions to the transformed problem space

 time | node  | left  |LP iter|LP it/n|mem/heur|mdpt |vars |cons |rows |cuts |sepa|confs|strbr|  dualbound   | primalbound  |  gap   | compl. 
  9.4s|     1 |     0 |  5188 |     - |   137M |   0 | 366 |1590 |1350 |   0 |  0 | 394 |   0 | 8.331001e-01 | 8.504115e-01 |   2.08%| unknown
  9.4s|     1 |     0 |  5188 |     - |   137M |   0 | 366 |1590 |1298 |   0 |  0 | 394 |   0 | 8.331001e-01 | 8.504115e-01 |   2.08%| unknown
  9.5s|     1 |     0 |  5201 |     - |   138M |   0 | 366 |1560 |1273 |   2 |  1 | 394 |   0 | 8.331001e-01 | 8.504115e-01 |   2.08%| unknown
  9.6s|     1 |     0 |  5213 |     - |   138M |   0 | 366 |1538 |1277 |   6 |  2 | 395 |   0 | 8.331001e-01 | 8.504115e-01 |   2.08%| unknown
  9.6s|     1 |     0 |  5219 |     - |   138M |   0 | 366 |1543 |1279 |   8 |  3 | 405 |   0 | 8.331001e-01 | 8.504115e-01 |   2.08%| unknown
  9.7s|     1 |     0 |  5246 |     - |   138M |   0 | 366 |1545 |1281 |  10 |  4 | 407 |   0 | 8.331001e-01 | 8.504115e-01 |   2.08%| unknown
  9.8s|     1 |     0 |  5266 |     - |   139M |   0 | 366 |1545 |1283 |  12 |  5 | 409 |   0 | 8.331001e-01 | 8.504115e-01 |   2.08%| unknown
  9.9s|     1 |     0 |  5284 |     - |   140M |   0 | 366 |1549 |1284 |  13 |  6 | 415 |   0 | 8.331001e-01 | 8.504115e-01 |   2.08%| unknown
  9.9s|     1 |     0 |  5291 |     - |   142M |   0 | 366 |1550 |1286 |  15 |  7 | 416 |   0 | 8.331001e-01 | 8.504115e-01 |   2.08%| unknown
 10.0s|     1 |     0 |  5310 |     - |   143M |   0 | 366 |1557 |1289 |  18 |  8 | 425 |   0 | 8.331001e-01 | 8.504115e-01 |   2.08%| unknown
 10.1s|     1 |     0 |  5333 |     - |   145M |   0 | 366 |1561 |1290 |  19 |  9 | 431 |   0 | 8.331001e-01 | 8.504115e-01 |   2.08%| unknown
 10.2s|     1 |     0 |  5353 |     - |   146M |   0 | 366 |1564 |1292 |  21 | 10 | 434 |   0 | 8.331001e-01 | 8.504115e-01 |   2.08%| unknown
 10.2s|     1 |     0 |  5359 |     - |   146M |   0 | 366 |1569 |1295 |  24 | 11 | 439 |   0 | 8.331001e-01 | 8.504115e-01 |   2.08%| unknown
 10.3s|     1 |     0 |  5359 |     - |   146M |   0 | 366 |1540 |1295 |  24 | 11 | 441 |   0 | 8.331001e-01 | 8.504115e-01 |   2.08%| unknown
 10.3s|     1 |     0 |  5361 |     - |   146M |   0 | 366 |1540 |1296 |  25 | 12 | 441 |   0 | 8.331001e-01 | 8.504115e-01 |   2.08%| unknown
 time | node  | left  |LP iter|LP it/n|mem/heur|mdpt |vars |cons |rows |cuts |sepa|confs|strbr|  dualbound   | primalbound  |  gap   | compl. 
 10.3s|     1 |     0 |  5364 |     - |   147M |   0 | 366 |1513 |1297 |  26 | 13 | 447 |   0 | 8.331001e-01 | 8.504115e-01 |   2.08%| unknown
 10.4s|     1 |     0 |  5366 |     - |   147M |   0 | 366 |1511 |1298 |  27 | 14 | 448 |   0 | 8.331001e-01 | 8.504115e-01 |   2.08%| unknown
(run 5, node 1) restarting after 36 global fixings of integer variables

(restart) converted 19 cuts from the global cut pool into linear constraints

presolving:
(round 1, fast)       36 del vars, 40 del conss, 0 add conss, 0 chg bounds, 0 chg sides, 172 chg coeffs, 0 upgd conss, 0 impls, 1069 clqs, 0 implints
(round 2, exhaustive) 36 del vars, 40 del conss, 0 add conss, 0 chg bounds, 0 chg sides, 173 chg coeffs, 10 upgd conss, 0 impls, 1069 clqs, 0 implints
(round 3, medium)     36 del vars, 40 del conss, 0 add conss, 0 chg bounds, 3 chg sides, 176 chg coeffs, 10 upgd conss, 0 impls, 1069 clqs, 0 implints
(round 4, exhaustive) 36 del vars, 47 del conss, 0 add conss, 0 chg bounds, 3 chg sides, 216 chg coeffs, 10 upgd conss, 0 impls, 1069 clqs, 0 implints
(round 5, exhaustive) 36 del vars, 47 del conss, 0 add conss, 0 chg bounds, 3 chg sides, 239 chg coeffs, 10 upgd conss, 0 impls, 1069 clqs, 0 implints
presolving (6 rounds: 6 fast, 5 medium, 4 exhaustive):
 36 deleted vars, 47 deleted constraints, 0 added constraints, 0 tightened bounds, 0 added holes, 3 changed sides, 239 changed coefficients
 0 implications, 1069 cliques, 0 implied integral variables (0 bin, 0 int, 0 cont)
presolved problem has 330 variables (329 bin, 0 int, 1 cont) and 1498 constraints
     35 constraints of type <knapsack>
     89 constraints of type <setppc>
    139 constraints of type <linear>
   1235 constraints of type <logicor>
Presolving Time: 0.35
transformed 3/5 original solutions to the transformed problem space

 time | node  | left  |LP iter|LP it/n|mem/heur|mdpt |vars |cons |rows |cuts |sepa|confs|strbr|  dualbound   | primalbound  |  gap   | compl. 
 10.5s|     1 |     0 |  5928 |     - |   143M |   0 | 330 |1498 |1203 |   0 |  0 | 466 |   0 | 8.331001e-01 | 8.504115e-01 |   2.08%| unknown
 10.5s|     1 |     0 |  5928 |     - |   143M |   0 | 330 |1508 |1195 |   0 |  0 | 476 |   0 | 8.331001e-01 | 8.504115e-01 |   2.08%| unknown
 10.6s|     1 |     0 |  5956 |     - |   143M |   0 | 330 |1502 |1192 |   5 |  1 | 476 |   0 | 8.331001e-01 | 8.504115e-01 |   2.08%| unknown
 10.7s|     1 |     0 |  5975 |     - |   143M |   0 | 330 |1501 |1194 |   7 |  2 | 481 |   0 | 8.331001e-01 | 8.504115e-01 |   2.08%| unknown
 10.8s|     1 |     0 |  6071 |     - |   144M |   0 | 330 |1509 |1195 |   8 |  3 | 491 |   0 | 8.331001e-01 | 8.504115e-01 |   2.08%| unknown
 10.9s|     1 |     0 |  6110 |     - |   145M |   0 | 330 |1516 |1196 |   9 |  4 | 498 |   0 | 8.331005e-01 | 8.504115e-01 |   2.08%| unknown
 11.0s|     1 |     0 |  6135 |     - |   145M |   0 | 330 |1516 |1197 |  10 |  5 | 498 |   0 | 8.331007e-01 | 8.504115e-01 |   2.08%| unknown
 11.1s|     1 |     0 |  6159 |     - |   146M |   0 | 330 |1516 |1200 |  13 |  6 | 498 |   0 | 8.331009e-01 | 8.504115e-01 |   2.08%| unknown
 11.2s|     1 |     0 |  6185 |     - |   148M |   0 | 330 |1520 |1201 |  14 |  7 | 502 |   0 | 8.331009e-01 | 8.504115e-01 |   2.08%| unknown
 11.3s|     1 |     0 |  6209 |     - |   149M |   0 | 330 |1523 |1202 |  15 |  8 | 505 |   0 | 8.331010e-01 | 8.504115e-01 |   2.08%| unknown
 11.4s|     1 |     0 |  6222 |     - |   151M |   0 | 330 |1525 |1203 |  16 |  9 | 507 |   0 | 8.331010e-01 | 8.504115e-01 |   2.08%| unknown
 11.5s|     1 |     0 |  6238 |     - |   154M |   0 | 330 |1530 |1205 |  18 | 10 | 512 |   0 | 8.331011e-01 | 8.504115e-01 |   2.08%| unknown
 11.6s|     1 |     0 |  6283 |     - |   154M |   0 | 330 |1533 |1206 |  19 | 11 | 515 |   0 | 8.331011e-01 | 8.504115e-01 |   2.08%| unknown
 11.7s|     1 |     2 |  6454 |     - |   154M |   0 | 330 |1551 |1206 |  19 | 11 | 534 |  19 | 8.331066e-01 | 8.504115e-01 |   2.08%| unknown
*12.0s|     6 |     4 |  6640 | 315.6 |    LP  |   4 | 330 |1507 |1083 |  19 |  1 | 538 | 126 | 8.331073e-01 | 8.502387e-01 |   2.06%|   2.29%

SCIP Status        : problem is solved [optimal solution found]
Solving Time (sec) : 14.10
Solving Nodes      : 72 (total of 77 nodes in 6 runs)
Primal Bound       : +8.50238725364259e-01 (6 solutions)
Dual Bound         : +8.50238725364259e-01
Gap                : 0.00 %
objective value:                    0.850238725364259
x_('12_5', '13_1')                                  1 	(obj:0.0248127589623491)
x_('11_17', '12_5')                                 1 	(obj:0.0196183401639344)
x_('10_31', '11_17')                                1 	(obj:0.0215539173940813)
x_('9_42', '10_31')                                 1 	(obj:0.0508928571428571)
x_('8_45', '9_42')                                  1 	(obj:0.0339334504293521)
x_('7_37', '8_45')                                  1 	(obj:0.0366201331967213)
x_('6_35', '7_37')                                  1 	(obj:0.0401785714285714)
x_('5_30', '6_35')                                  1 	(obj:0.0288956381733021)
x_('4_25', '5_30')                                  1 	(obj:0.0694961943793911)
x_('3_20', '4_25')                                  1 	(obj:0.0696538348946136)
x_('2_14', '3_20')                                  1 	(obj:0.0701873536299766)
x_('1_10', '2_14')                                  1 	(obj:0.132066744730679)
x_('0_1', '1_10')                                   1 	(obj:0.0267857142857143)
y_0_0                                               1 	(obj:0)
y_1_0                                               1 	(obj:0)
y_2_0                                               1 	(obj:0)
y_3_1                                               1 	(obj:0)
y_4_1                                               1 	(obj:0)
y_5_1                                               1 	(obj:0)
y_6_2                                               1 	(obj:0)
y_7_2                                               1 	(obj:0)
y_8_2                                               1 	(obj:0)
y_9_2                                               1 	(obj:0)
y_10_3                                              1 	(obj:0)
y_11_3                                              1 	(obj:0)
y_12_3                                              1 	(obj:0)
z_('3268741', '3425762')_2                          1 	(obj:0)
z_('3268741', '1966592X')_0                         1 	(obj:0)
z_('1966592X', '3452192')_0                         1 	(obj:0)
z_('3452192', '1353870')_0                          1 	(obj:0)
z_('3452192', '3520162')_1                          1 	(obj:0)
z_('3520162', '3307092')_2                          1 	(obj:0)
z_('3520162', '3524054')_1                          1 	(obj:0)
z_('3268740', '3524054')_1                          1 	(obj:0)
z_('3524054', '3179975')_2                          1 	(obj:0)
z_('3179975', '3422998')_2                          1 	(obj:0)
z_('3422998', '2495223X')_3                         1 	(obj:0)
z_('3422998', '1353870_01')_3                       1 	(obj:0)
z_('2495223X', '2245784X')_3                        1 	(obj:0)
alpha                                3.51831325301205 	(obj:0.0641054961094289)
  obj=0.850  alpha=584.0s  time=14.18s

k = 1
  Subgraph edges — edge_w: 13 (1.2%)  bal_w: 13 (1.2%)  combined: 26 (2.4%)  blended: 13 (1.2%)  blended_union: 37 (3.3%)  diverse: 13 (1.2%)
  [3a] Subgraph / edge_w   k=1 …
2026-07-01 18:56:53.764 | INFO     | pycaalp.time_balancing.model:run_mip:430 - Running MIP solver ...
      obj=0.850 (vs_full=-0.00%)  alpha=584.0s  build=0.001s solve=0.032s  vs_full=+0.00%
  [3b] Subgraph / bal_w    k=1 …
2026-07-01 18:56:53.796 | INFO     | pycaalp.time_balancing.model:run_mip:430 - Running MIP solver ...
      obj=1.109 (vs_full=+30.46%)  alpha=597.8s  build=0.001s solve=0.073s  vs_full=+2.36%
  [3c] Subgraph / combined k=1 …
2026-07-01 18:56:53.869 | INFO     | pycaalp.time_balancing.model:run_mip:430 - Running MIP solver ...
      obj=0.850 (vs_full=+0.00%)  alpha=584.0s  build=0.001s solve=0.110s  vs_full=+0.00%
  [3d] Subgraph / blended  k=1 …
2026-07-01 18:56:53.979 | INFO     | pycaalp.time_balancing.model:run_mip:430 - Running MIP solver ...
      obj=0.901 (vs_full=+6.01%)  alpha=586.1s  build=0.001s solve=0.042s  vs_full=+0.36%
  [3e] Subgraph / bl-union k=1 …
2026-07-01 18:56:54.021 | INFO     | pycaalp.time_balancing.model:run_mip:430 - Running MIP solver ...
      obj=0.850 (vs_full=-0.00%)  alpha=584.0s  build=0.015s solve=0.255s  vs_full=+0.00%
  [3f] Subgraph / diverse  k=1 …
2026-07-01 18:56:54.276 | INFO     | pycaalp.time_balancing.model:run_mip:430 - Running MIP solver ...
      obj=0.901 (vs_full=+6.01%)  alpha=586.1s  build=0.006s solve=0.064s  vs_full=+0.36%

k = 2
  Subgraph edges — edge_w: 15 (1.4%)  bal_w: 15 (1.4%)  combined: 30 (2.7%)  blended: 15 (1.4%)  blended_union: 43 (3.9%)  diverse: 26 (2.4%)
  [3a] Subgraph / edge_w   k=2 …
2026-07-01 18:56:54.430 | INFO     | pycaalp.time_balancing.model:run_mip:430 - Running MIP solver ...
      obj=0.850 (vs_full=-0.00%)  alpha=584.0s  build=0.008s solve=0.138s  vs_full=+0.00%
  [3b] Subgraph / bal_w    k=2 …
2026-07-01 18:56:54.568 | INFO     | pycaalp.time_balancing.model:run_mip:430 - Running MIP solver ...
      obj=1.109 (vs_full=+30.46%)  alpha=597.8s  build=0.006s solve=0.139s  vs_full=+2.36%
  [3c] Subgraph / combined k=2 …
2026-07-01 18:56:54.707 | INFO     | pycaalp.time_balancing.model:run_mip:430 - Running MIP solver ...
      obj=0.850 (vs_full=-0.00%)  alpha=584.0s  build=0.013s solve=0.940s  vs_full=+0.00%
  [3d] Subgraph / blended  k=2 …
2026-07-01 18:56:55.647 | INFO     | pycaalp.time_balancing.model:run_mip:430 - Running MIP solver ...
      obj=0.901 (vs_full=+6.01%)  alpha=586.1s  build=0.011s solve=0.200s  vs_full=+0.36%
  [3e] Subgraph / bl-union k=2 …
2026-07-01 18:56:55.847 | INFO     | pycaalp.time_balancing.model:run_mip:430 - Running MIP solver ...
      obj=0.850 (vs_full=-0.00%)  alpha=584.0s  build=0.042s solve=0.444s  vs_full=+0.00%
  [3f] Subgraph / diverse  k=2 …
2026-07-01 18:56:56.291 | INFO     | pycaalp.time_balancing.model:run_mip:430 - Running MIP solver ...
      obj=0.901 (vs_full=+6.01%)  alpha=586.1s  build=0.010s solve=0.279s  vs_full=+0.36%

k = 5
  Subgraph edges — edge_w: 21 (1.9%)  bal_w: 27 (2.4%)  combined: 48 (4.3%)  blended: 21 (1.9%)  blended_union: 60 (5.4%)  diverse: 65 (5.9%)
  [3a] Subgraph / edge_w   k=5 …
2026-07-01 18:56:56.682 | INFO     | pycaalp.time_balancing.model:run_mip:430 - Running MIP solver ...
      obj=0.850 (vs_full=+0.00%)  alpha=584.0s  build=0.024s solve=0.110s  vs_full=+0.00%
  [3b] Subgraph / bal_w    k=5 …
2026-07-01 18:56:56.792 | INFO     | pycaalp.time_balancing.model:run_mip:430 - Running MIP solver ...
      obj=1.096 (vs_full=+28.90%)  alpha=597.8s  build=0.011s solve=1.364s  vs_full=+2.36%
  [3c] Subgraph / combined k=5 …
2026-07-01 18:56:58.156 | INFO     | pycaalp.time_balancing.model:run_mip:430 - Running MIP solver ...
      obj=0.850 (vs_full=+0.00%)  alpha=584.0s  build=0.018s solve=0.761s  vs_full=+0.00%
  [3d] Subgraph / blended  k=5 …
2026-07-01 18:56:58.918 | INFO     | pycaalp.time_balancing.model:run_mip:430 - Running MIP solver ...
      obj=0.901 (vs_full=+6.01%)  alpha=586.1s  build=0.013s solve=0.288s  vs_full=+0.36%
  [3e] Subgraph / bl-union k=5 …
2026-07-01 18:56:59.206 | INFO     | pycaalp.time_balancing.model:run_mip:430 - Running MIP solver ...
      obj=0.850 (vs_full=-0.00%)  alpha=584.0s  build=0.040s solve=0.666s  vs_full=+0.00%
  [3f] Subgraph / diverse  k=5 …
2026-07-01 18:56:59.872 | INFO     | pycaalp.time_balancing.model:run_mip:430 - Running MIP solver ...
      obj=0.885 (vs_full=+4.09%)  alpha=581.1s  build=0.005s solve=1.093s  vs_full=-0.50%

k = 10
  Subgraph edges — edge_w: 24 (2.2%)  bal_w: 38 (3.4%)  combined: 62 (5.6%)  blended: 24 (2.2%)  blended_union: 76 (6.9%)  diverse: 126 (11.4%)
  [3a] Subgraph / edge_w   k=10 …
2026-07-01 18:57:01.273 | INFO     | pycaalp.time_balancing.model:run_mip:430 - Running MIP solver ...
      obj=0.850 (vs_full=+0.00%)  alpha=584.0s  build=0.025s solve=0.218s  vs_full=+0.00%
  [3b] Subgraph / bal_w    k=10 …
2026-07-01 18:57:01.491 | INFO     | pycaalp.time_balancing.model:run_mip:430 - Running MIP solver ...
      obj=1.096 (vs_full=+28.90%)  alpha=597.8s  build=0.015s solve=1.215s  vs_full=+2.36%
  [3c] Subgraph / combined k=10 …
2026-07-01 18:57:02.706 | INFO     | pycaalp.time_balancing.model:run_mip:430 - Running MIP solver ...
      obj=0.850 (vs_full=+0.00%)  alpha=584.0s  build=0.038s solve=1.088s  vs_full=+0.00%
  [3d] Subgraph / blended  k=10 …
2026-07-01 18:57:03.794 | INFO     | pycaalp.time_balancing.model:run_mip:430 - Running MIP solver ...
      obj=0.901 (vs_full=+6.01%)  alpha=586.1s  build=0.067s solve=0.351s  vs_full=+0.36%
  [3e] Subgraph / bl-union k=10 …
2026-07-01 18:57:04.145 | INFO     | pycaalp.time_balancing.model:run_mip:430 - Running MIP solver ...
      obj=0.850 (vs_full=-0.00%)  alpha=584.0s  build=0.154s solve=0.607s  vs_full=+0.00%
  [3f] Subgraph / diverse  k=10 …
2026-07-01 18:57:04.752 | INFO     | pycaalp.time_balancing.model:run_mip:430 - Running MIP solver ...
      obj=0.885 (vs_full=+4.09%)  alpha=581.1s  build=0.010s solve=0.479s  vs_full=-0.50%

k = 20
  Subgraph edges — edge_w: 35 (3.2%)  bal_w: 42 (3.8%)  combined: 77 (7.0%)  blended: 30 (2.7%)  blended_union: 92 (8.3%)  diverse: 239 (21.6%)
  [3a] Subgraph / edge_w   k=20 …
2026-07-01 18:57:05.755 | INFO     | pycaalp.time_balancing.model:run_mip:430 - Running MIP solver ...
      obj=0.850 (vs_full=-0.00%)  alpha=584.0s  build=0.052s solve=0.769s  vs_full=+0.00%
  [3b] Subgraph / bal_w    k=20 …
2026-07-01 18:57:06.524 | INFO     | pycaalp.time_balancing.model:run_mip:430 - Running MIP solver ...
      obj=1.096 (vs_full=+28.90%)  alpha=597.8s  build=0.038s solve=1.560s  vs_full=+2.36%
  [3c] Subgraph / combined k=20 …
2026-07-01 18:57:08.084 | INFO     | pycaalp.time_balancing.model:run_mip:430 - Running MIP solver ...
      obj=0.850 (vs_full=+0.00%)  alpha=584.0s  build=0.145s solve=0.886s  vs_full=+0.00%
  [3d] Subgraph / blended  k=20 …
2026-07-01 18:57:08.970 | INFO     | pycaalp.time_balancing.model:run_mip:430 - Running MIP solver ...
      obj=0.901 (vs_full=+6.01%)  alpha=586.1s  build=0.104s solve=0.352s  vs_full=+0.36%
  [3e] Subgraph / bl-union k=20 …
2026-07-01 18:57:09.322 | INFO     | pycaalp.time_balancing.model:run_mip:430 - Running MIP solver ...
      obj=0.850 (vs_full=+0.00%)  alpha=584.0s  build=0.171s solve=2.654s  vs_full=+0.00%
  [3f] Subgraph / diverse  k=20 …
2026-07-01 18:57:11.976 | INFO     | pycaalp.time_balancing.model:run_mip:430 - Running MIP solver ...
      obj=0.853 (vs_full=+0.28%)  alpha=584.0s  build=0.015s solve=1.749s  vs_full=+0.00%

k = 50
  Subgraph edges — edge_w: 54 (4.9%)  bal_w: 63 (5.7%)  combined: 116 (10.5%)  blended: 53 (4.8%)  blended_union: 125 (11.3%)  diverse: 507 (45.9%)
  [3a] Subgraph / edge_w   k=50 …
2026-07-01 18:57:15.052 | INFO     | pycaalp.time_balancing.model:run_mip:430 - Running MIP solver ...
      obj=0.850 (vs_full=+0.00%)  alpha=584.0s  build=0.199s solve=0.605s  vs_full=+0.00%
  [3b] Subgraph / bal_w    k=50 …
2026-07-01 18:57:15.657 | INFO     | pycaalp.time_balancing.model:run_mip:430 - Running MIP solver ...
      obj=1.092 (vs_full=+28.45%)  alpha=602.7s  build=0.098s solve=0.659s  vs_full=+3.19%
  [3c] Subgraph / combined k=50 …
2026-07-01 18:57:16.317 | INFO     | pycaalp.time_balancing.model:run_mip:430 - Running MIP solver ...
      obj=0.850 (vs_full=-0.00%)  alpha=584.0s  build=0.240s solve=2.378s  vs_full=+0.00%
  [3d] Subgraph / blended  k=50 …
2026-07-01 18:57:18.695 | INFO     | pycaalp.time_balancing.model:run_mip:430 - Running MIP solver ...
      obj=0.856 (vs_full=+0.64%)  alpha=584.0s  build=0.161s solve=0.901s  vs_full=+0.00%
  [3e] Subgraph / bl-union k=50 …
2026-07-01 18:57:19.596 | INFO     | pycaalp.time_balancing.model:run_mip:430 - Running MIP solver ...
      obj=0.850 (vs_full=-0.00%)  alpha=584.0s  build=0.597s solve=2.927s  vs_full=+0.00%
  [3f] Subgraph / diverse  k=50 …
2026-07-01 18:57:22.523 | INFO     | pycaalp.time_balancing.model:run_mip:430 - Running MIP solver ...
      obj=0.853 (vs_full=+0.28%)  alpha=584.0s  build=0.031s solve=3.662s  vs_full=+0.00%

k = 100
  Subgraph edges — edge_w: 78 (7.1%)  bal_w: 86 (7.8%)  combined: 162 (14.7%)  blended: 65 (5.9%)  blended_union: 153 (13.8%)  diverse: 747 (67.6%)
  [3a] Subgraph / edge_w   k=100 …
2026-07-01 18:57:29.081 | INFO     | pycaalp.time_balancing.model:run_mip:430 - Running MIP solver ...
      obj=0.850 (vs_full=+0.00%)  alpha=584.0s  build=0.352s solve=0.669s  vs_full=+0.00%
  [3b] Subgraph / bal_w    k=100 …
2026-07-01 18:57:29.750 | INFO     | pycaalp.time_balancing.model:run_mip:430 - Running MIP solver ...
      obj=1.091 (vs_full=+28.29%)  alpha=597.8s  build=0.217s solve=1.410s  vs_full=+2.36%
  [3c] Subgraph / combined k=100 …
2026-07-01 18:57:31.160 | INFO     | pycaalp.time_balancing.model:run_mip:430 - Running MIP solver ...
      obj=0.850 (vs_full=-0.00%)  alpha=584.0s  build=0.490s solve=1.161s  vs_full=+0.00%
  [3d] Subgraph / blended  k=100 …
2026-07-01 18:57:32.322 | INFO     | pycaalp.time_balancing.model:run_mip:430 - Running MIP solver ...
      obj=0.856 (vs_full=+0.64%)  alpha=584.0s  build=0.433s solve=0.963s  vs_full=+0.00%
  [3e] Subgraph / bl-union k=100 …
2026-07-01 18:57:33.285 | INFO     | pycaalp.time_balancing.model:run_mip:430 - Running MIP solver ...
      obj=0.850 (vs_full=-0.00%)  alpha=584.0s  build=1.314s solve=1.975s  vs_full=+0.00%
  [3f] Subgraph / diverse  k=100 …
2026-07-01 18:57:35.261 | INFO     | pycaalp.time_balancing.model:run_mip:430 - Running MIP solver ...
      obj=0.853 (vs_full=+0.28%)  alpha=584.0s  build=0.089s solve=18.100s  vs_full=+0.00%

k = 200
  Subgraph edges — edge_w: 95 (8.6%)  bal_w: 111 (10.0%)  combined: 202 (18.3%)  blended: 93 (8.4%)  blended_union: 177 (16.0%)  diverse: 906 (82.0%)
  [3a] Subgraph / edge_w   k=200 …
2026-07-01 18:57:59.509 | INFO     | pycaalp.time_balancing.model:run_mip:430 - Running MIP solver ...
      obj=0.850 (vs_full=-0.00%)  alpha=584.0s  build=0.735s solve=1.430s  vs_full=+0.00%
  [3b] Subgraph / bal_w    k=200 …
2026-07-01 18:58:00.939 | INFO     | pycaalp.time_balancing.model:run_mip:430 - Running MIP solver ...
      obj=1.089 (vs_full=+28.04%)  alpha=602.7s  build=0.465s solve=1.422s  vs_full=+3.19%
  [3c] Subgraph / combined k=200 …
2026-07-01 18:58:02.362 | INFO     | pycaalp.time_balancing.model:run_mip:430 - Running MIP solver ...
      obj=0.850 (vs_full=+0.00%)  alpha=584.0s  build=1.220s solve=2.024s  vs_full=+0.00%
  [3d] Subgraph / blended  k=200 …
2026-07-01 18:58:04.385 | INFO     | pycaalp.time_balancing.model:run_mip:430 - Running MIP solver ...
      obj=0.856 (vs_full=+0.64%)  alpha=584.0s  build=0.847s solve=0.766s  vs_full=+0.00%
  [3e] Subgraph / bl-union k=200 …
2026-07-01 18:58:05.152 | INFO     | pycaalp.time_balancing.model:run_mip:430 - Running MIP solver ...
      obj=0.850 (vs_full=+0.00%)  alpha=584.0s  build=2.724s solve=2.530s  vs_full=+0.00%
  [3f] Subgraph / diverse  k=200 …
2026-07-01 18:58:07.681 | INFO     | pycaalp.time_balancing.model:run_mip:430 - Running MIP solver ...
      obj=0.853 (vs_full=+0.28%)  alpha=584.0s  build=0.156s solve=23.149s  vs_full=+0.00%

k = 500
  Subgraph edges — edge_w: 108 (9.8%)  bal_w: 153 (13.8%)  combined: 257 (23.3%)  blended: 124 (11.2%)  blended_union: 245 (22.2%)  diverse: 1045 (94.6%)
  [3a] Subgraph / edge_w   k=500 …
2026-07-01 18:58:44.555 | INFO     | pycaalp.time_balancing.model:run_mip:430 - Running MIP solver ...
      obj=0.850 (vs_full=+0.00%)  alpha=584.0s  build=1.630s solve=1.450s  vs_full=+0.00%
  [3b] Subgraph / bal_w    k=500 …
2026-07-01 18:58:46.005 | INFO     | pycaalp.time_balancing.model:run_mip:430 - Running MIP solver ...
      obj=1.087 (vs_full=+27.90%)  alpha=581.1s  build=1.091s solve=1.985s  vs_full=-0.50%
  [3c] Subgraph / combined k=500 …
2026-07-01 18:58:47.990 | INFO     | pycaalp.time_balancing.model:run_mip:430 - Running MIP solver ...
      obj=0.850 (vs_full=-0.00%)  alpha=584.0s  build=2.631s solve=1.767s  vs_full=+0.00%
  [3d] Subgraph / blended  k=500 …
2026-07-01 18:58:49.757 | INFO     | pycaalp.time_balancing.model:run_mip:430 - Running MIP solver ...
      obj=0.854 (vs_full=+0.38%)  alpha=584.0s  build=1.857s solve=0.953s  vs_full=+0.00%
  [3e] Subgraph / bl-union k=500 …
2026-07-01 18:58:50.710 | INFO     | pycaalp.time_balancing.model:run_mip:430 - Running MIP solver ...
      obj=0.850 (vs_full=+0.00%)  alpha=584.0s  build=6.083s solve=3.520s  vs_full=+0.00%
  [3f] Subgraph / diverse  k=500 …
2026-07-01 18:58:54.231 | INFO     | pycaalp.time_balancing.model:run_mip:430 - Running MIP solver ...
      obj=0.850 (vs_full=+0.00%)  alpha=584.0s  build=0.431s solve=10.209s  vs_full=+0.00%

k = 1000
  Subgraph edges — edge_w: 142 (12.9%)  bal_w: 211 (19.1%)  combined: 346 (31.3%)  blended: 194 (17.6%)  blended_union: 297 (26.9%)  diverse: 1103 (99.8%)
  [3a] Subgraph / edge_w   k=1000 …
2026-07-01 18:59:33.357 | INFO     | pycaalp.time_balancing.model:run_mip:430 - Running MIP solver ...
      obj=0.850 (vs_full=+0.00%)  alpha=584.0s  build=3.116s solve=0.999s  vs_full=+0.00%
  [3b] Subgraph / bal_w    k=1000 …
2026-07-01 18:59:34.356 | INFO     | pycaalp.time_balancing.model:run_mip:430 - Running MIP solver ...
      obj=1.084 (vs_full=+27.52%)  alpha=581.1s  build=2.695s solve=3.117s  vs_full=-0.50%
  [3c] Subgraph / combined k=1000 …
2026-07-01 18:59:37.473 | INFO     | pycaalp.time_balancing.model:run_mip:430 - Running MIP solver ...
      obj=0.850 (vs_full=+0.00%)  alpha=584.0s  build=6.235s solve=4.254s  vs_full=+0.00%
  [3d] Subgraph / blended  k=1000 …
2026-07-01 18:59:41.727 | INFO     | pycaalp.time_balancing.model:run_mip:430 - Running MIP solver ...
      obj=0.850 (vs_full=+0.02%)  alpha=584.0s  build=3.698s solve=3.041s  vs_full=+0.00%
  [3e] Subgraph / bl-union k=1000 …
2026-07-01 18:59:44.769 | INFO     | pycaalp.time_balancing.model:run_mip:430 - Running MIP solver ...
      obj=0.850 (vs_full=-0.00%)  alpha=584.0s  build=12.115s solve=5.777s  vs_full=+0.00%
  [3f] Subgraph / diverse  k=1000 …
2026-07-01 18:59:50.546 | INFO     | pycaalp.time_balancing.model:run_mip:430 - Running MIP solver ...
      obj=0.850 (vs_full=+0.00%)  alpha=584.0s  build=1.059s solve=17.690s  vs_full=+0.00%

k = 2000
  Subgraph edges — edge_w: 185 (16.7%)  bal_w: 292 (26.4%)  combined: 460 (41.6%)  blended: 249 (22.5%)  blended_union: 410 (37.1%)  diverse: 1105 (100.0%)
  [3a] Subgraph / edge_w   k=2000 …
2026-07-01 19:01:17.249 | INFO     | pycaalp.time_balancing.model:run_mip:430 - Running MIP solver ...
      obj=0.850 (vs_full=-0.00%)  alpha=584.0s  build=7.812s solve=1.995s  vs_full=+0.00%
  [3b] Subgraph / bal_w    k=2000 …
2026-07-01 19:01:19.244 | INFO     | pycaalp.time_balancing.model:run_mip:430 - Running MIP solver ...
      obj=1.084 (vs_full=+27.52%)  alpha=581.1s  build=6.579s solve=4.130s  vs_full=-0.50%
  [3c] Subgraph / combined k=2000 …
2026-07-01 19:01:23.374 | INFO     | pycaalp.time_balancing.model:run_mip:430 - Running MIP solver ...
      obj=0.850 (vs_full=+0.00%)  alpha=584.0s  build=14.867s solve=6.448s  vs_full=+0.00%
  [3d] Subgraph / blended  k=2000 …
2026-07-01 19:01:29.822 | INFO     | pycaalp.time_balancing.model:run_mip:430 - Running MIP solver ...
      obj=0.850 (vs_full=+0.00%)  alpha=584.0s  build=9.199s solve=5.334s  vs_full=+0.00%
  [3e] Subgraph / bl-union k=2000 …
2026-07-01 19:01:35.156 | INFO     | pycaalp.time_balancing.model:run_mip:430 - Running MIP solver ...
      obj=0.850 (vs_full=+0.00%)  alpha=584.0s  build=28.468s solve=6.512s  vs_full=+0.00%
  [3f] Subgraph / diverse  k=2000 …
2026-07-01 19:01:41.668 | INFO     | pycaalp.time_balancing.model:run_mip:430 - Running MIP solver ...
      obj=0.850 (vs_full=+0.00%)  alpha=584.0s  build=2.088s solve=17.544s  vs_full=+0.00%

k = 5000
  Subgraph edges — edge_w: 232 (21.0%)  bal_w: 431 (39.0%)  combined: 632 (57.2%)  blended: 333 (30.1%)  blended_union: 525 (47.5%)  diverse: 1105 (100.0%)
  [3a] Subgraph / edge_w   k=5000 …
2026-07-01 19:06:19.356 | INFO     | pycaalp.time_balancing.model:run_mip:430 - Running MIP solver ...
      obj=0.850 (vs_full=+0.00%)  alpha=584.0s  build=32.258s solve=5.872s  vs_full=+0.00%
  [3b] Subgraph / bal_w    k=5000 …
2026-07-01 19:06:25.228 | INFO     | pycaalp.time_balancing.model:run_mip:430 - Running MIP solver ...
      obj=1.019 (vs_full=+19.81%)  alpha=581.1s  build=25.004s solve=4.845s  vs_full=-0.50%
  [3c] Subgraph / combined k=5000 …
2026-07-01 19:06:30.073 | INFO     | pycaalp.time_balancing.model:run_mip:430 - Running MIP solver ...
      obj=0.850 (vs_full=+0.00%)  alpha=584.0s  build=55.860s solve=12.559s  vs_full=+0.00%
  [3d] Subgraph / blended  k=5000 …
2026-07-01 19:06:42.632 | INFO     | pycaalp.time_balancing.model:run_mip:430 - Running MIP solver ...
      obj=0.850 (vs_full=+0.00%)  alpha=584.0s  build=34.771s solve=4.543s  vs_full=+0.00%
  [3e] Subgraph / bl-union k=5000 …
2026-07-01 19:06:47.175 | INFO     | pycaalp.time_balancing.model:run_mip:430 - Running MIP solver ...
      obj=0.850 (vs_full=+0.00%)  alpha=584.0s  build=106.402s solve=8.883s  vs_full=+0.00%
  [3f] Subgraph / diverse  k=5000 …
2026-07-01 19:06:56.059 | INFO     | pycaalp.time_balancing.model:run_mip:430 - Running MIP solver ...
      obj=0.850 (vs_full=+0.00%)  alpha=584.0s  build=5.850s solve=18.083s  vs_full=+0.00%

Results saved to experiments/strategy_comparison/assembly_1_np_4/strategy_comparison_lambda_0.25.csv
Plot with:  python -m experiments.strategy_comparison.plot_k_sensitivity

============================================================================================================================
SUMMARY — assembly_1  P=4  λ=0.25
============================================================================================================================
Strategy       Weight                      k   Build    Solve    Total  Spdup       Obj   ObjvsF     Alpha    AlvsF   Edges  %Grph
----------------------------------------------------------------------------------------------------------------------------
full_mip       —                               0.000   14.184   14.184   1.0x     0.850    +0.00    584.04    +0.00    1105  100.0
subgraph_mip   edge_weight                 1   0.001    0.032    0.033 429.3x     0.850    -0.00    584.04    +0.00      13    1.2
subgraph_mip   time_balanced_weight        1   0.001    0.073    0.074 192.3x     1.109   +30.46    597.84    +2.36      13    1.2
subgraph_mip   combined                    1   0.001    0.110    0.111 127.8x     0.850    +0.00    584.04    +0.00      26    2.4
subgraph_mip   blended                     1   0.001    0.042    0.043 333.3x     0.901    +6.01    586.13    +0.36      13    1.2
subgraph_mip   blended_union               1   0.015    0.255    0.270  52.5x     0.850    -0.00    584.04    +0.00      37    3.4
subgraph_mip   diverse                     1   0.006    0.064    0.070 201.4x     0.901    +6.01    586.13    +0.36      13    1.2
subgraph_mip   edge_weight                 2   0.008    0.138    0.146  97.1x     0.850    -0.00    584.04    +0.00      15    1.4
subgraph_mip   time_balanced_weight        2   0.006    0.139    0.145  97.7x     1.109   +30.46    597.84    +2.36      15    1.4
subgraph_mip   combined                    2   0.013    0.940    0.953  14.9x     0.850    -0.00    584.04    +0.00      30    2.7
subgraph_mip   blended                     2   0.011    0.200    0.210  67.5x     0.901    +6.01    586.13    +0.36      15    1.4
subgraph_mip   blended_union               2   0.042    0.444    0.486  29.2x     0.850    -0.00    584.04    +0.00      43    3.9
subgraph_mip   diverse                     2   0.010    0.279    0.289  49.1x     0.901    +6.01    586.13    +0.36      26    2.4
subgraph_mip   edge_weight                 5   0.024    0.110    0.134 105.7x     0.850    +0.00    584.04    +0.00      21    1.9
subgraph_mip   time_balanced_weight        5   0.011    1.364    1.375  10.3x     1.096   +28.90    597.84    +2.36      27    2.4
subgraph_mip   combined                    5   0.018    0.761    0.779  18.2x     0.850    +0.00    584.04    +0.00      48    4.3
subgraph_mip   blended                     5   0.013    0.288    0.301  47.2x     0.901    +6.01    586.13    +0.36      21    1.9
subgraph_mip   blended_union               5   0.040    0.666    0.706  20.1x     0.850    -0.00    584.04    +0.00      60    5.4
subgraph_mip   diverse                     5   0.005    1.093    1.098  12.9x     0.885    +4.09    581.12    -0.50      65    5.9
subgraph_mip   edge_weight                10   0.025    0.218    0.243  58.4x     0.850    +0.00    584.04    +0.00      24    2.2
subgraph_mip   time_balanced_weight       10   0.015    1.215    1.230  11.5x     1.096   +28.90    597.84    +2.36      38    3.4
subgraph_mip   combined                   10   0.038    1.088    1.126  12.6x     0.850    +0.00    584.04    +0.00      62    5.6
subgraph_mip   blended                    10   0.067    0.351    0.418  33.9x     0.901    +6.01    586.13    +0.36      24    2.2
subgraph_mip   blended_union              10   0.154    0.607    0.760  18.6x     0.850    -0.00    584.04    +0.00      76    6.9
subgraph_mip   diverse                    10   0.010    0.479    0.488  29.1x     0.885    +4.09    581.12    -0.50     126   11.4
subgraph_mip   edge_weight                20   0.052    0.769    0.820  17.3x     0.850    -0.00    584.04    +0.00      35    3.2
subgraph_mip   time_balanced_weight       20   0.038    1.560    1.598   8.9x     1.096   +28.90    597.84    +2.36      42    3.8
subgraph_mip   combined                   20   0.145    0.886    1.031  13.8x     0.850    +0.00    584.04    +0.00      77    7.0
subgraph_mip   blended                    20   0.104    0.352    0.456  31.1x     0.901    +6.01    586.13    +0.36      30    2.7
subgraph_mip   blended_union              20   0.171    2.654    2.826   5.0x     0.850    +0.00    584.04    +0.00      92    8.3
subgraph_mip   diverse                    20   0.015    1.749    1.764   8.0x     0.853    +0.28    584.04    +0.00     239   21.6
subgraph_mip   edge_weight                50   0.199    0.605    0.804  17.6x     0.850    +0.00    584.04    +0.00      54    4.9
subgraph_mip   time_balanced_weight       50   0.098    0.659    0.758  18.7x     1.092   +28.45    602.68    +3.19      63    5.7
subgraph_mip   combined                   50   0.240    2.378    2.618   5.4x     0.850    -0.00    584.04    +0.00     116   10.5
subgraph_mip   blended                    50   0.161    0.901    1.062  13.4x     0.856    +0.64    584.04    +0.00      53    4.8
subgraph_mip   blended_union              50   0.597    2.927    3.524   4.0x     0.850    -0.00    584.04    +0.00     125   11.3
subgraph_mip   diverse                    50   0.031    3.662    3.693   3.8x     0.853    +0.28    584.04    +0.00     507   45.9
subgraph_mip   edge_weight               100   0.352    0.669    1.022  13.9x     0.850    +0.00    584.04    +0.00      78    7.1
subgraph_mip   time_balanced_weight      100   0.217    1.410    1.627   8.7x     1.091   +28.29    597.84    +2.36      86    7.8
subgraph_mip   combined                  100   0.490    1.161    1.651   8.6x     0.850    -0.00    584.04    +0.00     162   14.7
subgraph_mip   blended                   100   0.433    0.963    1.396  10.2x     0.856    +0.64    584.04    +0.00      65    5.9
subgraph_mip   blended_union             100   1.314    1.975    3.289   4.3x     0.850    -0.00    584.04    +0.00     153   13.8
subgraph_mip   diverse                   100   0.089   18.100   18.189   0.8x     0.853    +0.28    584.04    +0.00     747   67.6
subgraph_mip   edge_weight               200   0.735    1.430    2.166   6.5x     0.850    -0.00    584.04    +0.00      95    8.6
subgraph_mip   time_balanced_weight      200   0.465    1.422    1.888   7.5x     1.089   +28.04    602.68    +3.19     111   10.1
subgraph_mip   combined                  200   1.220    2.024    3.244   4.4x     0.850    +0.00    584.04    +0.00     202   18.3
subgraph_mip   blended                   200   0.847    0.766    1.614   8.8x     0.856    +0.64    584.04    +0.00      93    8.4
subgraph_mip   blended_union             200   2.724    2.530    5.254   2.7x     0.850    +0.00    584.04    +0.00     177   16.0
subgraph_mip   diverse                   200   0.156   23.149   23.305   0.6x     0.853    +0.28    584.04    +0.00     906   82.0
subgraph_mip   edge_weight               500   1.630    1.450    3.080   4.6x     0.850    +0.00    584.04    +0.00     108    9.8
subgraph_mip   time_balanced_weight      500   1.091    1.985    3.076   4.6x     1.087   +27.90    581.12    -0.50     153   13.8
subgraph_mip   combined                  500   2.631    1.767    4.398   3.2x     0.850    -0.00    584.04    +0.00     257   23.3
subgraph_mip   blended                   500   1.857    0.953    2.810   5.0x     0.854    +0.38    584.04    +0.00     124   11.2
subgraph_mip   blended_union             500   6.083    3.520    9.603   1.5x     0.850    +0.00    584.04    +0.00     245   22.2
subgraph_mip   diverse                   500   0.431   10.209   10.640   1.3x     0.850    +0.00    584.04    +0.00    1045   94.6
subgraph_mip   edge_weight              1000   3.116    0.999    4.115   3.5x     0.850    +0.00    584.04    +0.00     142   12.8
subgraph_mip   time_balanced_weight     1000   2.695    3.117    5.812   2.4x     1.084   +27.52    581.12    -0.50     211   19.1
subgraph_mip   combined                 1000   6.235    4.254   10.489   1.4x     0.850    +0.00    584.04    +0.00     346   31.3
subgraph_mip   blended                  1000   3.698    3.041    6.739   2.1x     0.850    +0.02    584.04    +0.00     194   17.6
subgraph_mip   blended_union            1000  12.115    5.777   17.891   0.8x     0.850    -0.00    584.04    +0.00     297   26.9
subgraph_mip   diverse                  1000   1.059   17.690   18.749   0.8x     0.850    +0.00    584.04    +0.00    1103   99.8
subgraph_mip   edge_weight              2000   7.812    1.995    9.807   1.4x     0.850    -0.00    584.04    +0.00     185   16.7
subgraph_mip   time_balanced_weight     2000   6.579    4.130   10.708   1.3x     1.084   +27.52    581.12    -0.50     292   26.4
subgraph_mip   combined                 2000  14.867    6.448   21.315   0.7x     0.850    +0.00    584.04    +0.00     460   41.6
subgraph_mip   blended                  2000   9.199    5.334   14.533   1.0x     0.850    +0.00    584.04    +0.00     249   22.5
subgraph_mip   blended_union            2000  28.468    6.512   34.979   0.4x     0.850    +0.00    584.04    +0.00     410   37.1
subgraph_mip   diverse                  2000   2.088   17.544   19.632   0.7x     0.850    +0.00    584.04    +0.00    1105  100.0
subgraph_mip   edge_weight              5000  32.258    5.872   38.129   0.4x     0.850    +0.00    584.04    +0.00     232   21.0
subgraph_mip   time_balanced_weight     5000  25.004    4.845   29.849   0.5x     1.019   +19.81    581.12    -0.50     431   39.0
subgraph_mip   combined                 5000  55.860   12.559   68.418   0.2x     0.850    +0.00    584.04    +0.00     632   57.2
subgraph_mip   blended                  5000  34.771    4.543   39.314   0.4x     0.850    +0.00    584.04    +0.00     333   30.1
subgraph_mip   blended_union            5000 106.402    8.883  115.286   0.1x     0.850    +0.00    584.04    +0.00     525   47.5
subgraph_mip   diverse                  5000   5.850   18.083   23.933   0.6x     0.850    +0.00    584.04    +0.00    1105  100.0
============================================================================================================================

----------------- λ = 0.3 -----------------
========================================================================
Strategy Comparison Experiment — assembly_1  P=4  λ=0.3
========================================================================

Building assembly digraph …
2026-07-01 18:56:39.195 | INFO     | pycaalp.gapp.assembly_digraph:compute_assembly_digraph_complete:395 - Computing assembly digraph...
  343 nodes, 1105 edges  (0.3s)

[1] Full MIP  P=4  λ=0.3
2026-07-01 18:56:39.527 | INFO     | pycaalp.time_balancing.model:run_mip:430 - Running MIP solver ...
presolving:
(round 1, fast)       2 del vars, 2 del conss, 0 add conss, 0 chg bounds, 0 chg sides, 0 chg coeffs, 0 upgd conss, 0 impls, 69 clqs, 0 implints
(round 2, exhaustive) 2 del vars, 2 del conss, 0 add conss, 1 chg bounds, 0 chg sides, 0 chg coeffs, 4525 upgd conss, 0 impls, 69 clqs, 0 implints
   (0.3s) probing: 1000/1207 (82.9%) - 0 fixings, 0 aggregations, 130891 implications, 0 bound changes
   (0.3s) probing: 1001/1207 (82.9%) - 0 fixings, 0 aggregations, 130966 implications, 0 bound changes
   (0.3s) probing aborted: 1000/1000 successive useless probings
   (0.3s) symmetry computation started: requiring (bin +, int +, cont +), (fixed: bin -, int -, cont -)
   (0.3s) no symmetry present (symcode time: 0.00)
presolving (3 rounds: 3 fast, 2 medium, 2 exhaustive):
 2 deleted vars, 2 deleted constraints, 0 added constraints, 1 tightened bounds, 0 added holes, 0 changed sides, 0 changed coefficients
 0 implications, 15690 cliques, 0 implied integral variables (0 bin, 0 int, 0 cont)
presolved problem has 1208 variables (1207 bin, 0 int, 1 cont) and 4839 constraints
     69 constraints of type <setppc>
    314 constraints of type <linear>
   4456 constraints of type <logicor>
Presolving Time: 0.29

 time | node  | left  |LP iter|LP it/n|mem/heur|mdpt |vars |cons |rows |cuts |sepa|confs|strbr|  dualbound   | primalbound  |  gap   | compl. 
p 0.4s|     1 |     0 |   126 |     - | vbounds|   0 |1208 |4867 |4839 |   0 |  0 |  27 |   0 | 0.000000e+00 | 1.158092e+00 |    Inf | unknown
  0.4s|     1 |     0 |   471 |     - |    34M |   0 |1208 |4867 |4839 |   0 |  0 |  27 |   0 | 8.329273e-01 | 1.158092e+00 |  39.04%| unknown
  0.7s|     1 |     0 |   484 |     - |    39M |   0 |1208 |4875 |4843 |   4 |  1 |  35 |   0 | 8.329273e-01 | 1.158092e+00 |  39.04%| unknown
  1.0s|     1 |     0 |   492 |     - |    46M |   0 |1208 |4881 |4846 |   7 |  2 |  41 |   0 | 8.329273e-01 | 1.158092e+00 |  39.04%| unknown
  1.6s|     1 |     0 |   503 |     - |    54M |   0 |1208 |4882 |4850 |  11 |  3 |  42 |   0 | 8.329273e-01 | 1.158092e+00 |  39.04%| unknown
  2.0s|     1 |     0 |   515 |     - |    60M |   0 |1208 |4886 |4853 |  14 |  4 |  46 |   0 | 8.329273e-01 | 1.158092e+00 |  39.04%| unknown
  2.3s|     1 |     0 |   525 |     - |    66M |   0 |1208 |4887 |4855 |  16 |  5 |  47 |   0 | 8.329273e-01 | 1.158092e+00 |  39.04%| unknown
  2.7s|     1 |     0 |   534 |     - |    73M |   0 |1208 |4897 |4858 |  19 |  6 |  57 |   0 | 8.329273e-01 | 1.158092e+00 |  39.04%| unknown
  3.1s|     1 |     0 |   540 |     - |    81M |   0 |1208 |4898 |4860 |  21 |  7 |  58 |   0 | 8.329273e-01 | 1.158092e+00 |  39.04%| unknown
  3.5s|     1 |     0 |   543 |     - |    89M |   0 |1208 |4901 |4863 |  24 |  8 |  67 |   0 | 8.329273e-01 | 1.158092e+00 |  39.04%| unknown
  3.8s|     1 |     0 |   562 |     - |    95M |   0 |1208 |4903 |4864 |  25 |  9 |  69 |   0 | 8.329273e-01 | 1.158092e+00 |  39.04%| unknown
  4.3s|     1 |     0 |   570 |     - |   103M |   0 |1208 |4912 |4866 |  27 | 10 |  79 |   0 | 8.329273e-01 | 1.158092e+00 |  39.04%| unknown
  4.3s|     1 |     0 |   573 |     - |   103M |   0 |1208 |4913 |4868 |  29 | 11 |  80 |   0 | 8.329273e-01 | 1.158092e+00 |  39.04%| unknown
d 4.4s|     1 |     0 |  1267 |     - |farkasdi|   0 |1208 |4916 |4868 |   0 | 11 |  83 |   0 | 8.329273e-01 | 9.779846e-01 |  17.42%| unknown
L 4.5s|     1 |     0 |  1906 |     - |    rens|   0 |1208 |4942 |4868 |  29 | 11 | 110 |   0 | 8.329273e-01 | 9.658470e-01 |  15.96%| unknown
 time | node  | left  |LP iter|LP it/n|mem/heur|mdpt |vars |cons |rows |cuts |sepa|confs|strbr|  dualbound   | primalbound  |  gap   | compl. 
  4.5s|     1 |     0 |  1906 |     - |   104M |   0 |1208 |4941 |4868 |  29 | 11 | 110 |   0 | 8.329273e-01 | 9.658470e-01 |  15.96%| unknown
  4.5s|     1 |     0 |  1906 |     - |   104M |   0 |1208 |4951 |4820 |  29 | 11 | 120 |   0 | 8.329273e-01 | 9.658470e-01 |  15.96%| unknown
  4.6s|     1 |     0 |  1910 |     - |   104M |   0 |1208 |4920 |4821 |  30 | 12 | 120 |   0 | 8.329273e-01 | 9.658470e-01 |  15.96%| unknown
  4.8s|     1 |     2 |  1913 |     - |   104M |   0 |1208 |4914 |4821 |  30 | 13 | 128 |  19 | 8.329750e-01 | 9.658470e-01 |  15.95%| unknown
* 8.3s|    30 |    15 |  3250 |  96.5 |strongbr|  13 |1208 |4963 |4797 |  61 |  1 | 239 | 427 | 8.329750e-01 | 9.397369e-01 |  12.82%|   0.81%
* 8.3s|    30 |    15 |  3254 |  96.7 |strongbr|  13 |1208 |4973 |4797 |  61 |  3 | 249 | 430 | 8.329750e-01 | 9.387534e-01 |  12.70%|   0.81%
* 8.3s|    32 |    14 |  3276 |  91.1 |    LP  |  14 |1208 |4926 |4797 |  61 |  4 | 279 | 445 | 8.329750e-01 | 9.137644e-01 |   9.70%|   0.88%
* 8.4s|    35 |    13 |  3321 |  84.4 |strongbr|  15 |1208 |4876 |4797 |  61 |  1 | 305 | 462 | 8.329750e-01 | 9.136187e-01 |   9.68%|   1.28%
* 9.8s|    44 |    14 |  3752 |  76.8 |strongbr|  15 |1208 |4856 |4803 |  92 |  2 | 342 | 541 | 8.329750e-01 | 9.131267e-01 |   9.62%|   6.15%
* 9.8s|    46 |    14 |  3755 |  73.4 |    LP  |  15 |1208 |4870 |4803 |  92 |  1 | 356 | 544 | 8.329750e-01 | 9.126319e-01 |   9.56%|   7.58%
*10.0s|    51 |    13 |  3815 |  67.3 |    LP  |  15 |1208 |4889 |4797 |  92 |  2 | 387 | 564 | 8.329750e-01 | 9.124088e-01 |   9.54%|   8.23%
*10.1s|    56 |    12 |  3952 |  63.7 |    LP  |  15 |1208 |4901 |4800 |  99 |  3 | 412 | 584 | 8.329750e-01 | 9.121437e-01 |   9.50%|   8.31%
*13.1s|    90 |    33 |  5289 |  54.4 |    LP  |  17 |1208 |5046 |4804 | 165 |  1 | 606 | 929 | 8.329750e-01 | 8.893881e-01 |   6.77%|  16.77%
 13.9s|   100 |    36 |  5689 |  52.9 |   151M |  17 |1208 |4941 |4805 | 191 |  3 | 649 | 955 | 8.329750e-01 | 8.893881e-01 |   6.77%|  17.38%
 23.8s|   200 |    84 | 11673 |  56.4 |   156M |  17 |1208 |4947 |4795 | 396 |  2 |1015 |1854 | 8.329889e-01 | 8.893881e-01 |   6.77%|  20.49%
 time | node  | left  |LP iter|LP it/n|mem/heur|mdpt |vars |cons |rows |cuts |sepa|confs|strbr|  dualbound   | primalbound  |  gap   | compl. 
*24.8s|   206 |    86 | 12038 |  56.5 |    LP  |  17 |1208 |4948 |4806 | 429 |  1 |1023 |1880 | 8.329889e-01 | 8.844440e-01 |   6.18%|  20.53%
 29.8s|   300 |   124 | 16685 |  54.3 |   161M |  17 |1208 |4917 |4796 | 681 |  2 |1211 |2164 | 8.331762e-01 | 8.844440e-01 |   6.15%|  21.41%
L34.4s|   393 |   143 | 20203 |  50.4 |    alns|  21 |1208 |4996 |4815 | 932 |  0 |1347 |2315 | 8.331906e-01 | 8.628734e-01 |   3.56%|  21.62%
 34.8s|   400 |   147 | 20459 |  50.1 |   163M |  21 |1208 |4559 |4798 | 954 |  1 |1356 |2322 | 8.331906e-01 | 8.628734e-01 |   3.56%|  21.75%
*37.2s|   447 |   153 | 22205 |  48.8 |    LP  |  21 |1208 |4564 |4809 |1081 |  2 |1458 |2355 | 8.331906e-01 | 8.603631e-01 |   3.26%|  23.87%
 40.5s|   500 |   173 | 24536 |  48.3 |   166M |  21 |1208 |4448 |4812 |1265 |  2 |1492 |2397 | 8.331906e-01 | 8.603631e-01 |   3.26%|  25.18%
 47.7s|   600 |   200 | 28400 |  46.7 |   171M |  21 |1208 |4460 |4798 |1630 |  0 |1606 |2469 | 8.332399e-01 | 8.603631e-01 |   3.26%|  28.52%
L51.0s|   647 |   171 | 30444 |  46.4 |crossove|  21 |1208 |4355 |4818 |1807 |  2 |1663 |2486 | 8.333128e-01 | 8.537010e-01 |   2.45%|  29.20%
 55.2s|   700 |   178 | 33147 |  46.8 |   174M |  21 |1208 |3963 |4805 |2019 |  0 |1714 |2525 | 8.333199e-01 | 8.537010e-01 |   2.45%|  30.92%
 61.2s|   800 |   200 | 38473 |  47.6 |   177M |  21 |1208 |3939 |4796 |2346 |  6 |1849 |2626 | 8.333997e-01 | 8.537010e-01 |   2.44%|  34.82%
 70.6s|   900 |   225 | 45776 |  50.4 |   179M |  21 |1208 |3951 |4795 |2807 |  2 |2023 |2679 | 8.333997e-01 | 8.537010e-01 |   2.44%|  42.33%
 80.3s|  1000 |   250 | 53813 |  53.4 |   181M |  21 |1208 |4080 |4800 |3420 |  2 |2347 |2710 | 8.333997e-01 | 8.537010e-01 |   2.44%|  49.25%
 88.7s|  1100 |   278 | 61231 |  55.3 |   195M |  21 |1208 |4077 |4800 |3991 |  0 |2512 |2733 | 8.333997e-01 | 8.537010e-01 |   2.44%|  52.99%
 94.0s|  1200 |   270 | 66080 |  54.7 |   195M |  21 |1208 |4147 |4827 |4302 |  0 |2690 |2774 | 8.333997e-01 | 8.537010e-01 |   2.44%|  59.09%
 99.2s|  1300 |   260 | 71305 |  54.5 |   195M |  21 |1208 |4196 |4820 |4558 |  1 |2882 |2846 | 8.333997e-01 | 8.537010e-01 |   2.44%|  62.41%
 time | node  | left  |LP iter|LP it/n|mem/heur|mdpt |vars |cons |rows |cuts |sepa|confs|strbr|  dualbound   | primalbound  |  gap   | compl. 
  103s|  1400 |   253 | 74756 |  53.1 |   199M |  21 |1208 |4215 |4812 |4739 |  1 |2999 |2883 | 8.335056e-01 | 8.537010e-01 |   2.42%|  65.25%
  108s|  1500 |   254 | 78679 |  52.2 |   200M |  21 |1208 |4241 |4813 |4950 |  1 |3124 |2935 | 8.335910e-01 | 8.537010e-01 |   2.41%|  67.49%
  111s|  1600 |   231 | 81813 |  50.9 |   200M |  21 |1208 |4314 |4810 |5065 |  0 |3288 |2943 | 8.337413e-01 | 8.537010e-01 |   2.39%|  71.23%
  113s|  1700 |   213 | 84759 |  49.6 |   200M |  21 |1208 |4329 |   0 |5151 |  0 |3427 |2967 | 8.355860e-01 | 8.537010e-01 |   2.17%|  73.28%
  116s|  1800 |   214 | 87808 |  48.6 |   200M |  21 |1208 |4371 |   0 |5264 |  0 |3612 |2985 | 8.363847e-01 | 8.537010e-01 |   2.07%|  74.99%
  117s|  1900 |   207 | 89685 |  47.0 |   200M |  21 |1208 |4415 |   0 |5308 |  0 |3740 |3012 | 8.390869e-01 | 8.537010e-01 |   1.74%|  75.76%
  119s|  2000 |   204 | 92153 |  45.9 |   202M |  21 |1208 |4430 |4806 |5376 |  2 |3857 |3028 | 8.394311e-01 | 8.537010e-01 |   1.70%|  76.79%
  119s|  2100 |   194 | 93663 |  44.4 |   202M |  22 |1208 |4441 |   0 |5382 |  0 |3947 |3035 | 8.394480e-01 | 8.537010e-01 |   1.70%|  77.51%
  120s|  2200 |   189 | 95987 |  43.4 |   203M |  23 |1208 |4416 |4813 |5412 |  1 |4091 |3092 | 8.401402e-01 | 8.537010e-01 |   1.61%|  79.45%
  121s|  2300 |   178 | 98174 |  42.5 |   203M |  23 |1208 |4462 |4800 |5453 |  2 |4228 |3097 | 8.409992e-01 | 8.537010e-01 |   1.51%|  80.71%
  122s|  2400 |   170 |100394 |  41.7 |   204M |  23 |1208 |4498 |4822 |5477 |  1 |4396 |3107 | 8.420489e-01 | 8.537010e-01 |   1.38%|  82.47%
  123s|  2500 |   134 |102280 |  40.7 |   203M |  23 |1208 |4500 |4814 |5499 |  0 |4486 |3120 | 8.424958e-01 | 8.537010e-01 |   1.33%|  85.20%
  124s|  2600 |   116 |104371 |  40.0 |   203M |  23 |1208 |4517 |4820 |5499 |  0 |4602 |3152 | 8.425778e-01 | 8.537010e-01 |   1.32%|  86.79%
  124s|  2700 |    94 |105816 |  39.0 |   203M |  23 |1208 |4515 |4811 |5518 |  0 |4684 |3156 | 8.429035e-01 | 8.537010e-01 |   1.28%|  89.54%
  127s|  2800 |    74 |108768 |  38.7 |   205M |  23 |1208 |4480 |4826 |5633 |  0 |4760 |3166 | 8.433892e-01 | 8.537010e-01 |   1.22%|  92.67%
 time | node  | left  |LP iter|LP it/n|mem/heur|mdpt |vars |cons |rows |cuts |sepa|confs|strbr|  dualbound   | primalbound  |  gap   | compl. 
  128s|  2900 |    39 |111425 |  38.3 |   205M |  23 |1208 |4401 |4817 |5674 |  0 |4800 |3172 | 8.437561e-01 | 8.537010e-01 |   1.18%|  95.54%
  128s|  3000 |     3 |113792 |  37.8 |   205M |  23 |1208 |4374 |4819 |5674 |  0 |4914 |3181 | 8.508305e-01 | 8.537010e-01 |   0.34%|  99.85%

SCIP Status        : problem is solved [optimal solution found]
Solving Time (sec) : 128.44
Solving Nodes      : 3003
Primal Bound       : +8.53701001420700e-01 (31 solutions)
Dual Bound         : +8.53701001420700e-01
Gap                : 0.00 %
objective value:                      0.8537010014207
x_('12_5', '13_1')                                  1 	(obj:0.0231585750315258)
x_('11_17', '12_5')                                 1 	(obj:0.0183104508196721)
x_('10_31', '11_17')                                1 	(obj:0.0201169895678092)
x_('9_42', '10_31')                                 1 	(obj:0.0475)
x_('8_45', '9_42')                                  1 	(obj:0.0316712204007286)
x_('7_37', '8_45')                                  1 	(obj:0.0341787909836066)
x_('6_35', '7_37')                                  1 	(obj:0.0375)
x_('5_30', '6_35')                                  1 	(obj:0.026969262295082)
x_('4_25', '5_30')                                  1 	(obj:0.0648631147540984)
x_('3_20', '4_25')                                  1 	(obj:0.0650102459016393)
x_('2_14', '3_20')                                  1 	(obj:0.0655081967213115)
x_('1_10', '2_14')                                  1 	(obj:0.123262295081967)
x_('0_1', '1_10')                                   1 	(obj:0.025)
y_0_0                                               1 	(obj:0)
y_1_0                                               1 	(obj:0)
y_2_0                                               1 	(obj:0)
y_3_1                                               1 	(obj:0)
y_4_1                                               1 	(obj:0)
y_5_1                                               1 	(obj:0)
y_6_2                                               1 	(obj:0)
y_7_2                                               1 	(obj:0)
y_8_2                                               1 	(obj:0)
y_9_2                                               1 	(obj:0)
y_10_3                                              1 	(obj:0)
y_11_3                                              1 	(obj:0)
y_12_3                                              1 	(obj:0)
z_('3268741', '3425762')_2                          1 	(obj:0)
z_('3268741', '1966592X')_0                         1 	(obj:0)
z_('1966592X', '3452192')_0                         1 	(obj:0)
z_('3452192', '1353870')_0                          1 	(obj:0)
z_('3452192', '3520162')_1                          1 	(obj:0)
z_('3520162', '3307092')_2                          1 	(obj:0)
z_('3520162', '3524054')_1                          1 	(obj:0)
z_('3268740', '3524054')_1                          1 	(obj:0)
z_('3524054', '3179975')_2                          1 	(obj:0)
z_('3179975', '3422998')_2                          1 	(obj:0)
z_('3422998', '2495223X')_3                         1 	(obj:0)
z_('3422998', '1353870_01')_3                       1 	(obj:0)
z_('2495223X', '2245784X')_3                        1 	(obj:0)
alpha                                3.51831325301205 	(obj:0.0769265953313146)
  obj=0.854  alpha=584.0s  time=128.58s

k = 1
  Subgraph edges — edge_w: 13 (1.2%)  bal_w: 13 (1.2%)  combined: 26 (2.4%)  blended: 13 (1.2%)  blended_union: 37 (3.3%)  diverse: 13 (1.2%)
  [3a] Subgraph / edge_w   k=1 …
2026-07-01 18:58:48.132 | INFO     | pycaalp.time_balancing.model:run_mip:430 - Running MIP solver ...
      obj=0.854 (vs_full=-0.00%)  alpha=584.0s  build=0.001s solve=0.042s  vs_full=+0.00%
  [3b] Subgraph / bal_w    k=1 …
2026-07-01 18:58:48.175 | INFO     | pycaalp.time_balancing.model:run_mip:430 - Running MIP solver ...
      obj=1.097 (vs_full=+28.48%)  alpha=597.8s  build=0.001s solve=0.086s  vs_full=+2.36%
  [3c] Subgraph / combined k=1 …
2026-07-01 18:58:48.261 | INFO     | pycaalp.time_balancing.model:run_mip:430 - Running MIP solver ...
      obj=0.854 (vs_full=+0.00%)  alpha=584.0s  build=0.001s solve=0.197s  vs_full=+0.00%
  [3d] Subgraph / blended  k=1 …
2026-07-01 18:58:48.458 | INFO     | pycaalp.time_balancing.model:run_mip:430 - Running MIP solver ...
      obj=0.902 (vs_full=+5.62%)  alpha=586.1s  build=0.003s solve=0.031s  vs_full=+0.36%
  [3e] Subgraph / bl-union k=1 …
2026-07-01 18:58:48.489 | INFO     | pycaalp.time_balancing.model:run_mip:430 - Running MIP solver ...
      obj=0.854 (vs_full=-0.00%)  alpha=584.0s  build=0.014s solve=0.238s  vs_full=+0.00%
  [3f] Subgraph / diverse  k=1 …
2026-07-01 18:58:48.727 | INFO     | pycaalp.time_balancing.model:run_mip:430 - Running MIP solver ...
      obj=0.902 (vs_full=+5.62%)  alpha=586.1s  build=0.004s solve=0.032s  vs_full=+0.36%

k = 2
  Subgraph edges — edge_w: 15 (1.4%)  bal_w: 15 (1.4%)  combined: 30 (2.7%)  blended: 15 (1.4%)  blended_union: 43 (3.9%)  diverse: 26 (2.4%)
  [3a] Subgraph / edge_w   k=2 …
2026-07-01 18:58:48.813 | INFO     | pycaalp.time_balancing.model:run_mip:430 - Running MIP solver ...
      obj=0.854 (vs_full=-0.00%)  alpha=584.0s  build=0.004s solve=0.111s  vs_full=+0.00%
  [3b] Subgraph / bal_w    k=2 …
2026-07-01 18:58:48.924 | INFO     | pycaalp.time_balancing.model:run_mip:430 - Running MIP solver ...
      obj=1.097 (vs_full=+28.48%)  alpha=597.8s  build=0.003s solve=0.094s  vs_full=+2.36%
  [3c] Subgraph / combined k=2 …
2026-07-01 18:58:49.018 | INFO     | pycaalp.time_balancing.model:run_mip:430 - Running MIP solver ...
      obj=0.854 (vs_full=-0.00%)  alpha=584.0s  build=0.011s solve=0.323s  vs_full=+0.00%
  [3d] Subgraph / blended  k=2 …
2026-07-01 18:58:49.341 | INFO     | pycaalp.time_balancing.model:run_mip:430 - Running MIP solver ...
      obj=0.902 (vs_full=+5.62%)  alpha=586.1s  build=0.005s solve=0.101s  vs_full=+0.36%
  [3e] Subgraph / bl-union k=2 …
2026-07-01 18:58:49.442 | INFO     | pycaalp.time_balancing.model:run_mip:430 - Running MIP solver ...
      obj=0.854 (vs_full=-0.00%)  alpha=584.0s  build=0.025s solve=0.559s  vs_full=+0.00%
  [3f] Subgraph / diverse  k=2 …
2026-07-01 18:58:50.002 | INFO     | pycaalp.time_balancing.model:run_mip:430 - Running MIP solver ...
      obj=0.902 (vs_full=+5.62%)  alpha=586.1s  build=0.005s solve=0.158s  vs_full=+0.36%

k = 5
  Subgraph edges — edge_w: 21 (1.9%)  bal_w: 27 (2.4%)  combined: 48 (4.3%)  blended: 21 (1.9%)  blended_union: 60 (5.4%)  diverse: 65 (5.9%)
  [3a] Subgraph / edge_w   k=5 …
2026-07-01 18:58:50.348 | INFO     | pycaalp.time_balancing.model:run_mip:430 - Running MIP solver ...
      obj=0.854 (vs_full=-0.00%)  alpha=584.0s  build=0.013s solve=0.429s  vs_full=+0.00%
  [3b] Subgraph / bal_w    k=5 …
2026-07-01 18:58:50.777 | INFO     | pycaalp.time_balancing.model:run_mip:430 - Running MIP solver ...
      obj=1.084 (vs_full=+27.03%)  alpha=597.8s  build=0.014s solve=1.318s  vs_full=+2.36%
  [3c] Subgraph / combined k=5 …
2026-07-01 18:58:52.095 | INFO     | pycaalp.time_balancing.model:run_mip:430 - Running MIP solver ...
      obj=0.854 (vs_full=+0.00%)  alpha=584.0s  build=0.037s solve=1.147s  vs_full=+0.00%
  [3d] Subgraph / blended  k=5 …
2026-07-01 18:58:53.242 | INFO     | pycaalp.time_balancing.model:run_mip:430 - Running MIP solver ...
      obj=0.902 (vs_full=+5.62%)  alpha=586.1s  build=0.021s solve=0.098s  vs_full=+0.36%
  [3e] Subgraph / bl-union k=5 …
2026-07-01 18:58:53.340 | INFO     | pycaalp.time_balancing.model:run_mip:430 - Running MIP solver ...
      obj=0.854 (vs_full=-0.00%)  alpha=584.0s  build=0.088s solve=0.458s  vs_full=+0.00%
  [3f] Subgraph / diverse  k=5 …
2026-07-01 18:58:53.798 | INFO     | pycaalp.time_balancing.model:run_mip:430 - Running MIP solver ...
      obj=0.865 (vs_full=+1.32%)  alpha=581.1s  build=0.015s solve=0.804s  vs_full=-0.50%

k = 10
  Subgraph edges — edge_w: 24 (2.2%)  bal_w: 38 (3.4%)  combined: 62 (5.6%)  blended: 24 (2.2%)  blended_union: 76 (6.9%)  diverse: 126 (11.4%)
  [3a] Subgraph / edge_w   k=10 …
2026-07-01 18:58:54.898 | INFO     | pycaalp.time_balancing.model:run_mip:430 - Running MIP solver ...
      obj=0.854 (vs_full=+0.00%)  alpha=584.0s  build=0.027s solve=0.293s  vs_full=+0.00%
  [3b] Subgraph / bal_w    k=10 …
2026-07-01 18:58:55.191 | INFO     | pycaalp.time_balancing.model:run_mip:430 - Running MIP solver ...
      obj=1.084 (vs_full=+27.03%)  alpha=597.8s  build=0.018s solve=0.321s  vs_full=+2.36%
  [3c] Subgraph / combined k=10 …
2026-07-01 18:58:55.512 | INFO     | pycaalp.time_balancing.model:run_mip:430 - Running MIP solver ...
      obj=0.854 (vs_full=-0.00%)  alpha=584.0s  build=0.066s solve=0.898s  vs_full=+0.00%
  [3d] Subgraph / blended  k=10 …
2026-07-01 18:58:56.410 | INFO     | pycaalp.time_balancing.model:run_mip:430 - Running MIP solver ...
      obj=0.902 (vs_full=+5.62%)  alpha=586.1s  build=0.048s solve=0.240s  vs_full=+0.36%
  [3e] Subgraph / bl-union k=10 …
2026-07-01 18:58:56.650 | INFO     | pycaalp.time_balancing.model:run_mip:430 - Running MIP solver ...
      obj=0.854 (vs_full=-0.00%)  alpha=584.0s  build=0.125s solve=0.561s  vs_full=+0.00%
  [3f] Subgraph / diverse  k=10 …
2026-07-01 18:58:57.212 | INFO     | pycaalp.time_balancing.model:run_mip:430 - Running MIP solver ...
      obj=0.865 (vs_full=+1.32%)  alpha=581.1s  build=0.012s solve=0.706s  vs_full=-0.50%

k = 20
  Subgraph edges — edge_w: 35 (3.2%)  bal_w: 42 (3.8%)  combined: 77 (7.0%)  blended: 30 (2.7%)  blended_union: 92 (8.3%)  diverse: 239 (21.6%)
  [3a] Subgraph / edge_w   k=20 …
2026-07-01 18:58:58.393 | INFO     | pycaalp.time_balancing.model:run_mip:430 - Running MIP solver ...
      obj=0.854 (vs_full=+0.00%)  alpha=584.0s  build=0.075s solve=0.356s  vs_full=+0.00%
  [3b] Subgraph / bal_w    k=20 …
2026-07-01 18:58:58.749 | INFO     | pycaalp.time_balancing.model:run_mip:430 - Running MIP solver ...
      obj=1.084 (vs_full=+27.03%)  alpha=597.8s  build=0.039s solve=0.637s  vs_full=+2.36%
  [3c] Subgraph / combined k=20 …
2026-07-01 18:58:59.387 | INFO     | pycaalp.time_balancing.model:run_mip:430 - Running MIP solver ...
      obj=0.854 (vs_full=-0.00%)  alpha=584.0s  build=0.094s solve=0.835s  vs_full=+0.00%
  [3d] Subgraph / blended  k=20 …
2026-07-01 18:59:00.222 | INFO     | pycaalp.time_balancing.model:run_mip:430 - Running MIP solver ...
      obj=0.902 (vs_full=+5.62%)  alpha=586.1s  build=0.072s solve=0.453s  vs_full=+0.36%
  [3e] Subgraph / bl-union k=20 …
2026-07-01 18:59:00.675 | INFO     | pycaalp.time_balancing.model:run_mip:430 - Running MIP solver ...
      obj=0.854 (vs_full=-0.00%)  alpha=584.0s  build=0.181s solve=0.805s  vs_full=+0.00%
  [3f] Subgraph / diverse  k=20 …
2026-07-01 18:59:01.480 | INFO     | pycaalp.time_balancing.model:run_mip:430 - Running MIP solver ...
      obj=0.864 (vs_full=+1.23%)  alpha=581.1s  build=0.014s solve=0.978s  vs_full=-0.50%

k = 50
  Subgraph edges — edge_w: 54 (4.9%)  bal_w: 63 (5.7%)  combined: 116 (10.5%)  blended: 38 (3.4%)  blended_union: 125 (11.3%)  diverse: 507 (45.9%)
  [3a] Subgraph / edge_w   k=50 …
2026-07-01 18:59:03.875 | INFO     | pycaalp.time_balancing.model:run_mip:430 - Running MIP solver ...
      obj=0.854 (vs_full=+0.00%)  alpha=584.0s  build=0.206s solve=0.815s  vs_full=+0.00%
  [3b] Subgraph / bal_w    k=50 …
2026-07-01 18:59:04.691 | INFO     | pycaalp.time_balancing.model:run_mip:430 - Running MIP solver ...
      obj=1.081 (vs_full=+26.67%)  alpha=602.7s  build=0.111s solve=0.750s  vs_full=+3.19%
  [3c] Subgraph / combined k=50 …
2026-07-01 18:59:05.440 | INFO     | pycaalp.time_balancing.model:run_mip:430 - Running MIP solver ...
      obj=0.854 (vs_full=-0.00%)  alpha=584.0s  build=0.212s solve=1.392s  vs_full=+0.00%
  [3d] Subgraph / blended  k=50 …
2026-07-01 18:59:06.833 | INFO     | pycaalp.time_balancing.model:run_mip:430 - Running MIP solver ...
      obj=0.902 (vs_full=+5.62%)  alpha=586.1s  build=0.273s solve=0.419s  vs_full=+0.36%
  [3e] Subgraph / bl-union k=50 …
2026-07-01 18:59:07.251 | INFO     | pycaalp.time_balancing.model:run_mip:430 - Running MIP solver ...
      obj=0.854 (vs_full=+0.00%)  alpha=584.0s  build=0.582s solve=1.788s  vs_full=+0.00%
  [3f] Subgraph / diverse  k=50 …
2026-07-01 18:59:09.040 | INFO     | pycaalp.time_balancing.model:run_mip:430 - Running MIP solver ...
      obj=0.857 (vs_full=+0.43%)  alpha=584.0s  build=0.034s solve=11.875s  vs_full=+0.00%

k = 100
  Subgraph edges — edge_w: 78 (7.1%)  bal_w: 86 (7.8%)  combined: 162 (14.7%)  blended: 48 (4.3%)  blended_union: 153 (13.8%)  diverse: 749 (67.8%)
  [3a] Subgraph / edge_w   k=100 …
2026-07-01 18:59:23.907 | INFO     | pycaalp.time_balancing.model:run_mip:430 - Running MIP solver ...
      obj=0.854 (vs_full=+0.00%)  alpha=584.0s  build=0.344s solve=0.737s  vs_full=+0.00%
  [3b] Subgraph / bal_w    k=100 …
2026-07-01 18:59:24.644 | INFO     | pycaalp.time_balancing.model:run_mip:430 - Running MIP solver ...
      obj=1.080 (vs_full=+26.47%)  alpha=597.8s  build=0.199s solve=2.310s  vs_full=+2.36%
  [3c] Subgraph / combined k=100 …
2026-07-01 18:59:26.954 | INFO     | pycaalp.time_balancing.model:run_mip:430 - Running MIP solver ...
      obj=0.854 (vs_full=-0.00%)  alpha=584.0s  build=0.582s solve=1.670s  vs_full=+0.00%
  [3d] Subgraph / blended  k=100 …
2026-07-01 18:59:28.625 | INFO     | pycaalp.time_balancing.model:run_mip:430 - Running MIP solver ...
      obj=0.884 (vs_full=+3.50%)  alpha=581.1s  build=0.434s solve=2.745s  vs_full=-0.50%
  [3e] Subgraph / bl-union k=100 …
2026-07-01 18:59:31.370 | INFO     | pycaalp.time_balancing.model:run_mip:430 - Running MIP solver ...
      obj=0.854 (vs_full=-0.00%)  alpha=584.0s  build=1.339s solve=3.232s  vs_full=+0.00%
  [3f] Subgraph / diverse  k=100 …
2026-07-01 18:59:34.602 | INFO     | pycaalp.time_balancing.model:run_mip:430 - Running MIP solver ...
      obj=0.856 (vs_full=+0.25%)  alpha=584.0s  build=0.094s solve=17.444s  vs_full=+0.00%

k = 200
  Subgraph edges — edge_w: 95 (8.6%)  bal_w: 111 (10.0%)  combined: 202 (18.3%)  blended: 59 (5.3%)  blended_union: 177 (16.0%)  diverse: 903 (81.7%)
  [3a] Subgraph / edge_w   k=200 …
2026-07-01 18:59:57.768 | INFO     | pycaalp.time_balancing.model:run_mip:430 - Running MIP solver ...
      obj=0.854 (vs_full=+0.00%)  alpha=584.0s  build=0.672s solve=1.510s  vs_full=+0.00%
  [3b] Subgraph / bal_w    k=200 …
2026-07-01 18:59:59.277 | INFO     | pycaalp.time_balancing.model:run_mip:430 - Running MIP solver ...
      obj=1.077 (vs_full=+26.20%)  alpha=586.1s  build=0.372s solve=2.174s  vs_full=+0.36%
  [3c] Subgraph / combined k=200 …
2026-07-01 19:00:01.451 | INFO     | pycaalp.time_balancing.model:run_mip:430 - Running MIP solver ...
      obj=0.854 (vs_full=-0.00%)  alpha=584.0s  build=1.087s solve=2.343s  vs_full=+0.00%
  [3d] Subgraph / blended  k=200 …
2026-07-01 19:00:03.794 | INFO     | pycaalp.time_balancing.model:run_mip:430 - Running MIP solver ...
      obj=0.880 (vs_full=+3.09%)  alpha=574.6s  build=0.906s solve=1.066s  vs_full=-1.61%
  [3e] Subgraph / bl-union k=200 …
2026-07-01 19:00:04.860 | INFO     | pycaalp.time_balancing.model:run_mip:430 - Running MIP solver ...
      obj=0.854 (vs_full=-0.00%)  alpha=584.0s  build=2.550s solve=3.447s  vs_full=+0.00%
  [3f] Subgraph / diverse  k=200 …
2026-07-01 19:00:08.307 | INFO     | pycaalp.time_balancing.model:run_mip:430 - Running MIP solver ...
      obj=0.856 (vs_full=+0.25%)  alpha=584.0s  build=0.136s solve=38.689s  vs_full=+0.00%

k = 500
  Subgraph edges — edge_w: 108 (9.8%)  bal_w: 153 (13.8%)  combined: 257 (23.3%)  blended: 129 (11.7%)  blended_union: 245 (22.2%)  diverse: 1043 (94.4%)
  [3a] Subgraph / edge_w   k=500 …
2026-07-01 19:01:01.176 | INFO     | pycaalp.time_balancing.model:run_mip:430 - Running MIP solver ...
      obj=0.854 (vs_full=-0.00%)  alpha=584.0s  build=1.714s solve=0.881s  vs_full=+0.00%
  [3b] Subgraph / bal_w    k=500 …
2026-07-01 19:01:02.058 | INFO     | pycaalp.time_balancing.model:run_mip:430 - Running MIP solver ...
      obj=1.075 (vs_full=+25.90%)  alpha=581.1s  build=1.133s solve=2.146s  vs_full=-0.50%
  [3c] Subgraph / combined k=500 …
2026-07-01 19:01:04.204 | INFO     | pycaalp.time_balancing.model:run_mip:430 - Running MIP solver ...
      obj=0.854 (vs_full=-0.00%)  alpha=584.0s  build=2.501s solve=3.627s  vs_full=+0.00%
  [3d] Subgraph / blended  k=500 …
2026-07-01 19:01:07.831 | INFO     | pycaalp.time_balancing.model:run_mip:430 - Running MIP solver ...
      obj=0.859 (vs_full=+0.59%)  alpha=584.0s  build=2.008s solve=2.220s  vs_full=+0.00%
  [3e] Subgraph / bl-union k=500 …
2026-07-01 19:01:10.051 | INFO     | pycaalp.time_balancing.model:run_mip:430 - Running MIP solver ...
      obj=0.854 (vs_full=-0.00%)  alpha=584.0s  build=6.186s solve=2.548s  vs_full=+0.00%
  [3f] Subgraph / diverse  k=500 …
2026-07-01 19:01:12.599 | INFO     | pycaalp.time_balancing.model:run_mip:430 - Running MIP solver ...
      obj=0.854 (vs_full=+0.07%)  alpha=584.0s  build=0.638s solve=23.764s  vs_full=+0.00%

k = 1000
  Subgraph edges — edge_w: 142 (12.9%)  bal_w: 211 (19.1%)  combined: 346 (31.3%)  blended: 191 (17.3%)  blended_union: 297 (26.9%)  diverse: 1100 (99.5%)
  [3a] Subgraph / edge_w   k=1000 …
2026-07-01 19:02:06.531 | INFO     | pycaalp.time_balancing.model:run_mip:430 - Running MIP solver ...
      obj=0.854 (vs_full=-0.00%)  alpha=584.0s  build=3.445s solve=3.126s  vs_full=+0.00%
  [3b] Subgraph / bal_w    k=1000 …
2026-07-01 19:02:09.657 | INFO     | pycaalp.time_balancing.model:run_mip:430 - Running MIP solver ...
      obj=1.072 (vs_full=+25.54%)  alpha=581.1s  build=2.625s solve=5.615s  vs_full=-0.50%
  [3c] Subgraph / combined k=1000 …
2026-07-01 19:02:15.272 | INFO     | pycaalp.time_balancing.model:run_mip:430 - Running MIP solver ...
      obj=0.854 (vs_full=-0.00%)  alpha=584.0s  build=6.090s solve=2.926s  vs_full=+0.00%
  [3d] Subgraph / blended  k=1000 …
2026-07-01 19:02:18.198 | INFO     | pycaalp.time_balancing.model:run_mip:430 - Running MIP solver ...
      obj=0.857 (vs_full=+0.36%)  alpha=584.0s  build=3.850s solve=3.394s  vs_full=+0.00%
  [3e] Subgraph / bl-union k=1000 …
2026-07-01 19:02:21.592 | INFO     | pycaalp.time_balancing.model:run_mip:430 - Running MIP solver ...
      obj=0.854 (vs_full=-0.00%)  alpha=584.0s  build=13.021s solve=5.619s  vs_full=+0.00%
  [3f] Subgraph / diverse  k=1000 …
2026-07-01 19:02:27.211 | INFO     | pycaalp.time_balancing.model:run_mip:430 - Running MIP solver ...
      obj=0.854 (vs_full=+0.00%)  alpha=584.0s  build=1.136s solve=35.251s  vs_full=+0.00%

k = 2000
  Subgraph edges — edge_w: 185 (16.7%)  bal_w: 292 (26.4%)  combined: 460 (41.6%)  blended: 243 (22.0%)  blended_union: 410 (37.1%)  diverse: 1105 (100.0%)
  [3a] Subgraph / edge_w   k=2000 …
2026-07-01 19:04:11.956 | INFO     | pycaalp.time_balancing.model:run_mip:430 - Running MIP solver ...
      obj=0.854 (vs_full=-0.00%)  alpha=584.0s  build=7.760s solve=3.558s  vs_full=+0.00%
  [3b] Subgraph / bal_w    k=2000 …
2026-07-01 19:04:15.513 | INFO     | pycaalp.time_balancing.model:run_mip:430 - Running MIP solver ...
      obj=1.072 (vs_full=+25.54%)  alpha=581.1s  build=6.676s solve=7.363s  vs_full=-0.50%
  [3c] Subgraph / combined k=2000 …
2026-07-01 19:04:22.877 | INFO     | pycaalp.time_balancing.model:run_mip:430 - Running MIP solver ...
      obj=0.854 (vs_full=-0.00%)  alpha=584.0s  build=14.317s solve=4.535s  vs_full=+0.00%
  [3d] Subgraph / blended  k=2000 …
2026-07-01 19:04:27.412 | INFO     | pycaalp.time_balancing.model:run_mip:430 - Running MIP solver ...
      obj=0.854 (vs_full=+0.02%)  alpha=584.0s  build=9.547s solve=3.183s  vs_full=+0.00%
  [3e] Subgraph / bl-union k=2000 …
2026-07-01 19:04:30.595 | INFO     | pycaalp.time_balancing.model:run_mip:430 - Running MIP solver ...
      obj=0.854 (vs_full=-0.00%)  alpha=584.0s  build=28.947s solve=9.154s  vs_full=+0.00%
  [3f] Subgraph / diverse  k=2000 …
2026-07-01 19:04:39.750 | INFO     | pycaalp.time_balancing.model:run_mip:430 - Running MIP solver ...
      obj=0.854 (vs_full=+0.00%)  alpha=584.0s  build=2.246s solve=129.227s  vs_full=+0.00%

k = 5000
  Subgraph edges — edge_w: 232 (21.0%)  bal_w: 431 (39.0%)  combined: 632 (57.2%)  blended: 330 (29.9%)  blended_union: 525 (47.5%)  diverse: 1105 (100.0%)
  [3a] Subgraph / edge_w   k=5000 …
2026-07-01 19:11:37.635 | INFO     | pycaalp.time_balancing.model:run_mip:430 - Running MIP solver ...
      obj=0.854 (vs_full=+0.00%)  alpha=584.0s  build=32.985s solve=10.200s  vs_full=+0.00%
  [3b] Subgraph / bal_w    k=5000 …
2026-07-01 19:11:47.836 | INFO     | pycaalp.time_balancing.model:run_mip:430 - Running MIP solver ...
      obj=1.011 (vs_full=+18.38%)  alpha=581.1s  build=26.420s solve=4.264s  vs_full=-0.50%
  [3c] Subgraph / combined k=5000 …
2026-07-01 19:11:52.100 | INFO     | pycaalp.time_balancing.model:run_mip:430 - Running MIP solver ...
      obj=0.854 (vs_full=-0.00%)  alpha=584.0s  build=62.726s solve=14.029s  vs_full=+0.00%
  [3d] Subgraph / blended  k=5000 …
2026-07-01 19:12:06.129 | INFO     | pycaalp.time_balancing.model:run_mip:430 - Running MIP solver ...
      obj=0.854 (vs_full=+0.00%)  alpha=584.0s  build=43.117s solve=6.968s  vs_full=+0.00%
  [3e] Subgraph / bl-union k=5000 …
2026-07-01 19:12:13.097 | INFO     | pycaalp.time_balancing.model:run_mip:430 - Running MIP solver ...
      obj=0.854 (vs_full=+0.00%)  alpha=584.0s  build=116.691s solve=32.031s  vs_full=+0.00%
  [3f] Subgraph / diverse  k=5000 …
2026-07-01 19:12:45.128 | INFO     | pycaalp.time_balancing.model:run_mip:430 - Running MIP solver ...
      obj=0.854 (vs_full=+0.00%)  alpha=584.0s  build=6.719s solve=138.893s  vs_full=+0.00%

Results saved to experiments/strategy_comparison/assembly_1_np_4/strategy_comparison_lambda_0.3.csv
Plot with:  python -m experiments.strategy_comparison.plot_k_sensitivity

============================================================================================================================
SUMMARY — assembly_1  P=4  λ=0.3
============================================================================================================================
Strategy       Weight                      k   Build    Solve    Total  Spdup       Obj   ObjvsF     Alpha    AlvsF   Edges  %Grph
----------------------------------------------------------------------------------------------------------------------------
full_mip       —                               0.000  128.581  128.581   1.0x     0.854    +0.00    584.04    +0.00    1105  100.0
subgraph_mip   edge_weight                 1   0.001    0.042    0.044 2943.3x     0.854    -0.00    584.04    +0.00      13    1.2
subgraph_mip   time_balanced_weight        1   0.001    0.086    0.087 1479.3x     1.097   +28.48    597.84    +2.36      13    1.2
subgraph_mip   combined                    1   0.001    0.197    0.198 648.8x     0.854    +0.00    584.04    +0.00      26    2.4
subgraph_mip   blended                     1   0.003    0.031    0.034 3774.5x     0.902    +5.62    586.13    +0.36      13    1.2
subgraph_mip   blended_union               1   0.014    0.238    0.251 511.3x     0.854    -0.00    584.04    +0.00      37    3.4
subgraph_mip   diverse                     1   0.004    0.032    0.036 3571.0x     0.902    +5.62    586.13    +0.36      13    1.2
subgraph_mip   edge_weight                 2   0.004    0.111    0.115 1115.2x     0.854    -0.00    584.04    +0.00      15    1.4
subgraph_mip   time_balanced_weight        2   0.003    0.094    0.097 1329.0x     1.097   +28.48    597.84    +2.36      15    1.4
subgraph_mip   combined                    2   0.011    0.323    0.334 385.5x     0.854    -0.00    584.04    +0.00      30    2.7
subgraph_mip   blended                     2   0.005    0.101    0.106 1209.7x     0.902    +5.62    586.13    +0.36      15    1.4
subgraph_mip   blended_union               2   0.025    0.559    0.584 220.1x     0.854    -0.00    584.04    +0.00      43    3.9
subgraph_mip   diverse                     2   0.005    0.158    0.163 788.1x     0.902    +5.62    586.13    +0.36      26    2.4
subgraph_mip   edge_weight                 5   0.013    0.429    0.441 291.3x     0.854    -0.00    584.04    +0.00      21    1.9
subgraph_mip   time_balanced_weight        5   0.014    1.318    1.333  96.5x     1.084   +27.03    597.84    +2.36      27    2.4
subgraph_mip   combined                    5   0.037    1.147    1.183 108.6x     0.854    +0.00    584.04    +0.00      48    4.3
subgraph_mip   blended                     5   0.021    0.098    0.119 1081.6x     0.902    +5.62    586.13    +0.36      21    1.9
subgraph_mip   blended_union               5   0.088    0.458    0.546 235.4x     0.854    -0.00    584.04    +0.00      60    5.4
subgraph_mip   diverse                     5   0.015    0.804    0.819 157.0x     0.865    +1.32    581.12    -0.50      65    5.9
subgraph_mip   edge_weight                10   0.027    0.293    0.319 402.8x     0.854    +0.00    584.04    +0.00      24    2.2
subgraph_mip   time_balanced_weight       10   0.018    0.321    0.339 379.6x     1.084   +27.03    597.84    +2.36      38    3.4
subgraph_mip   combined                   10   0.066    0.898    0.964 133.4x     0.854    -0.00    584.04    +0.00      62    5.6
subgraph_mip   blended                    10   0.048    0.240    0.288 447.0x     0.902    +5.62    586.13    +0.36      24    2.2
subgraph_mip   blended_union              10   0.125    0.561    0.687 187.2x     0.854    -0.00    584.04    +0.00      76    6.9
subgraph_mip   diverse                    10   0.012    0.706    0.719 178.9x     0.865    +1.32    581.12    -0.50     126   11.4
subgraph_mip   edge_weight                20   0.075    0.356    0.431 298.1x     0.854    +0.00    584.04    +0.00      35    3.2
subgraph_mip   time_balanced_weight       20   0.039    0.637    0.676 190.2x     1.084   +27.03    597.84    +2.36      42    3.8
subgraph_mip   combined                   20   0.094    0.835    0.929 138.4x     0.854    -0.00    584.04    +0.00      77    7.0
subgraph_mip   blended                    20   0.072    0.453    0.525 244.9x     0.902    +5.62    586.13    +0.36      30    2.7
subgraph_mip   blended_union              20   0.181    0.805    0.985 130.5x     0.854    -0.00    584.04    +0.00      92    8.3
subgraph_mip   diverse                    20   0.014    0.978    0.992 129.7x     0.864    +1.23    581.12    -0.50     239   21.6
subgraph_mip   edge_weight                50   0.206    0.815    1.021 125.9x     0.854    +0.00    584.04    +0.00      54    4.9
subgraph_mip   time_balanced_weight       50   0.111    0.750    0.860 149.5x     1.081   +26.67    602.68    +3.19      63    5.7
subgraph_mip   combined                   50   0.212    1.392    1.604  80.2x     0.854    -0.00    584.04    +0.00     116   10.5
subgraph_mip   blended                    50   0.273    0.419    0.691 185.9x     0.902    +5.62    586.13    +0.36      38    3.4
subgraph_mip   blended_union              50   0.582    1.788    2.370  54.2x     0.854    +0.00    584.04    +0.00     125   11.3
subgraph_mip   diverse                    50   0.034   11.875   11.910  10.8x     0.857    +0.43    584.04    +0.00     507   45.9
subgraph_mip   edge_weight               100   0.344    0.737    1.081 119.0x     0.854    +0.00    584.04    +0.00      78    7.1
subgraph_mip   time_balanced_weight      100   0.199    2.310    2.509  51.2x     1.080   +26.47    597.84    +2.36      86    7.8
subgraph_mip   combined                  100   0.582    1.670    2.253  57.1x     0.854    -0.00    584.04    +0.00     162   14.7
subgraph_mip   blended                   100   0.434    2.745    3.180  40.4x     0.884    +3.50    581.12    -0.50      48    4.3
subgraph_mip   blended_union             100   1.339    3.232    4.571  28.1x     0.854    -0.00    584.04    +0.00     153   13.8
subgraph_mip   diverse                   100   0.094   17.444   17.538   7.3x     0.856    +0.25    584.04    +0.00     749   67.8
subgraph_mip   edge_weight               200   0.672    1.510    2.181  59.0x     0.854    +0.00    584.04    +0.00      95    8.6
subgraph_mip   time_balanced_weight      200   0.372    2.174    2.545  50.5x     1.077   +26.20    586.13    +0.36     111   10.1
subgraph_mip   combined                  200   1.087    2.343    3.429  37.5x     0.854    -0.00    584.04    +0.00     202   18.3
subgraph_mip   blended                   200   0.906    1.066    1.971  65.2x     0.880    +3.09    574.62    -1.61      59    5.3
subgraph_mip   blended_union             200   2.550    3.447    5.997  21.4x     0.854    -0.00    584.04    +0.00     177   16.0
subgraph_mip   diverse                   200   0.136   38.689   38.825   3.3x     0.856    +0.25    584.04    +0.00     903   81.7
subgraph_mip   edge_weight               500   1.714    0.881    2.594  49.6x     0.854    -0.00    584.04    +0.00     108    9.8
subgraph_mip   time_balanced_weight      500   1.133    2.146    3.279  39.2x     1.075   +25.90    581.12    -0.50     153   13.8
subgraph_mip   combined                  500   2.501    3.627    6.128  21.0x     0.854    -0.00    584.04    +0.00     257   23.3
subgraph_mip   blended                   500   2.008    2.220    4.228  30.4x     0.859    +0.59    584.04    +0.00     129   11.7
subgraph_mip   blended_union             500   6.186    2.548    8.735  14.7x     0.854    -0.00    584.04    +0.00     245   22.2
subgraph_mip   diverse                   500   0.638   23.764   24.402   5.3x     0.854    +0.07    584.04    +0.00    1043   94.4
subgraph_mip   edge_weight              1000   3.445    3.126    6.571  19.6x     0.854    -0.00    584.04    +0.00     142   12.8
subgraph_mip   time_balanced_weight     1000   2.625    5.615    8.239  15.6x     1.072   +25.54    581.12    -0.50     211   19.1
subgraph_mip   combined                 1000   6.090    2.926    9.016  14.3x     0.854    -0.00    584.04    +0.00     346   31.3
subgraph_mip   blended                  1000   3.850    3.394    7.244  17.8x     0.857    +0.36    584.04    +0.00     191   17.3
subgraph_mip   blended_union            1000  13.021    5.619   18.640   6.9x     0.854    -0.00    584.04    +0.00     297   26.9
subgraph_mip   diverse                  1000   1.136   35.251   36.388   3.5x     0.854    +0.00    584.04    +0.00    1100   99.5
subgraph_mip   edge_weight              2000   7.760    3.558   11.317  11.4x     0.854    -0.00    584.04    +0.00     185   16.7
subgraph_mip   time_balanced_weight     2000   6.676    7.363   14.040   9.2x     1.072   +25.54    581.12    -0.50     292   26.4
subgraph_mip   combined                 2000  14.317    4.535   18.852   6.8x     0.854    -0.00    584.04    +0.00     460   41.6
subgraph_mip   blended                  2000   9.547    3.183   12.730  10.1x     0.854    +0.02    584.04    +0.00     243   22.0
subgraph_mip   blended_union            2000  28.947    9.154   38.101   3.4x     0.854    -0.00    584.04    +0.00     410   37.1
subgraph_mip   diverse                  2000   2.246  129.227  131.473   1.0x     0.854    +0.00    584.04    +0.00    1105  100.0
subgraph_mip   edge_weight              5000  32.985   10.200   43.186   3.0x     0.854    +0.00    584.04    +0.00     232   21.0
subgraph_mip   time_balanced_weight     5000  26.420    4.264   30.684   4.2x     1.011   +18.38    581.12    -0.50     431   39.0
subgraph_mip   combined                 5000  62.726   14.029   76.755   1.7x     0.854    -0.00    584.04    +0.00     632   57.2
subgraph_mip   blended                  5000  43.117    6.968   50.084   2.6x     0.854    +0.00    584.04    +0.00     330   29.9
subgraph_mip   blended_union            5000 116.691   32.031  148.722   0.9x     0.854    +0.00    584.04    +0.00     525   47.5
subgraph_mip   diverse                  5000   6.719  138.893  145.612   0.9x     0.854    +0.00    584.04    +0.00    1105  100.0
============================================================================================================================

----------------- λ = 0.35 -----------------
========================================================================
Strategy Comparison Experiment — assembly_1  P=4  λ=0.35
========================================================================

Building assembly digraph …
2026-07-01 18:56:39.113 | INFO     | pycaalp.gapp.assembly_digraph:compute_assembly_digraph_complete:395 - Computing assembly digraph...
  343 nodes, 1105 edges  (0.3s)

[1] Full MIP  P=4  λ=0.35
2026-07-01 18:56:39.450 | INFO     | pycaalp.time_balancing.model:run_mip:430 - Running MIP solver ...
presolving:
(round 1, fast)       2 del vars, 2 del conss, 0 add conss, 0 chg bounds, 0 chg sides, 0 chg coeffs, 0 upgd conss, 0 impls, 69 clqs, 0 implints
(round 2, exhaustive) 2 del vars, 2 del conss, 0 add conss, 1 chg bounds, 0 chg sides, 0 chg coeffs, 4525 upgd conss, 0 impls, 69 clqs, 0 implints
   (0.3s) probing: 1000/1207 (82.9%) - 0 fixings, 0 aggregations, 130891 implications, 0 bound changes
   (0.3s) probing: 1001/1207 (82.9%) - 0 fixings, 0 aggregations, 130966 implications, 0 bound changes
   (0.3s) probing aborted: 1000/1000 successive useless probings
   (0.3s) symmetry computation started: requiring (bin +, int +, cont +), (fixed: bin -, int -, cont -)
   (0.3s) no symmetry present (symcode time: 0.00)
presolving (3 rounds: 3 fast, 2 medium, 2 exhaustive):
 2 deleted vars, 2 deleted constraints, 0 added constraints, 1 tightened bounds, 0 added holes, 0 changed sides, 0 changed coefficients
 0 implications, 15690 cliques, 0 implied integral variables (0 bin, 0 int, 0 cont)
presolved problem has 1208 variables (1207 bin, 0 int, 1 cont) and 4839 constraints
     69 constraints of type <setppc>
    314 constraints of type <linear>
   4456 constraints of type <logicor>
Presolving Time: 0.29

 time | node  | left  |LP iter|LP it/n|mem/heur|mdpt |vars |cons |rows |cuts |sepa|confs|strbr|  dualbound   | primalbound  |  gap   | compl. 
p 0.4s|     1 |     0 |   126 |     - | vbounds|   0 |1208 |4867 |4839 |   0 |  0 |  27 |   0 | 0.000000e+00 | 1.158359e+00 |    Inf | unknown
  0.4s|     1 |     0 |   471 |     - |    34M |   0 |1208 |4867 |4839 |   0 |  0 |  27 |   0 | 8.329273e-01 | 1.158359e+00 |  39.07%| unknown
  0.7s|     1 |     0 |   484 |     - |    39M |   0 |1208 |4875 |4843 |   4 |  1 |  35 |   0 | 8.329273e-01 | 1.158359e+00 |  39.07%| unknown
  1.1s|     1 |     0 |   492 |     - |    46M |   0 |1208 |4881 |4846 |   7 |  2 |  41 |   0 | 8.329273e-01 | 1.158359e+00 |  39.07%| unknown
  1.3s|     1 |     0 |   503 |     - |    54M |   0 |1208 |4882 |4850 |  11 |  3 |  42 |   0 | 8.329273e-01 | 1.158359e+00 |  39.07%| unknown
  1.7s|     1 |     0 |   515 |     - |    60M |   0 |1208 |4886 |4853 |  14 |  4 |  46 |   0 | 8.329273e-01 | 1.158359e+00 |  39.07%| unknown
  2.1s|     1 |     0 |   525 |     - |    66M |   0 |1208 |4887 |4855 |  16 |  5 |  47 |   0 | 8.329273e-01 | 1.158359e+00 |  39.07%| unknown
  2.5s|     1 |     0 |   534 |     - |    73M |   0 |1208 |4897 |4858 |  19 |  6 |  57 |   0 | 8.329273e-01 | 1.158359e+00 |  39.07%| unknown
  2.8s|     1 |     0 |   540 |     - |    81M |   0 |1208 |4898 |4860 |  21 |  7 |  58 |   0 | 8.329273e-01 | 1.158359e+00 |  39.07%| unknown
  3.3s|     1 |     0 |   543 |     - |    89M |   0 |1208 |4901 |4863 |  24 |  8 |  67 |   0 | 8.329273e-01 | 1.158359e+00 |  39.07%| unknown
  3.7s|     1 |     0 |   562 |     - |    95M |   0 |1208 |4903 |4864 |  25 |  9 |  69 |   0 | 8.329273e-01 | 1.158359e+00 |  39.07%| unknown
  4.2s|     1 |     0 |   570 |     - |   103M |   0 |1208 |4912 |4866 |  27 | 10 |  79 |   0 | 8.329273e-01 | 1.158359e+00 |  39.07%| unknown
  4.2s|     1 |     0 |   573 |     - |   103M |   0 |1208 |4913 |4868 |  29 | 11 |  80 |   0 | 8.329273e-01 | 1.158359e+00 |  39.07%| unknown
d 4.2s|     1 |     0 |  1239 |     - |farkasdi|   0 |1208 |4916 |4868 |   0 | 11 |  83 |   0 | 8.329273e-01 | 1.001510e+00 |  20.24%| unknown
L 4.3s|     1 |     0 |  1777 |     - |    rens|   0 |1208 |4925 |4868 |  29 | 11 |  92 |   0 | 8.329273e-01 | 9.880003e-01 |  18.62%| unknown
 time | node  | left  |LP iter|LP it/n|mem/heur|mdpt |vars |cons |rows |cuts |sepa|confs|strbr|  dualbound   | primalbound  |  gap   | compl. 
  4.4s|     1 |     0 |  1777 |     - |   103M |   0 |1208 |4923 |4868 |  29 | 11 |  92 |   0 | 8.329273e-01 | 9.880003e-01 |  18.62%| unknown
  4.4s|     1 |     0 |  1777 |     - |   103M |   0 |1208 |4933 |4848 |  29 | 11 | 102 |   0 | 8.329273e-01 | 9.880003e-01 |  18.62%| unknown
  4.4s|     1 |     0 |  1781 |     - |   104M |   0 |1208 |4919 |4849 |  30 | 12 | 102 |   0 | 8.329273e-01 | 9.880003e-01 |  18.62%| unknown
  4.7s|     1 |     2 |  1784 |     - |   104M |   0 |1208 |4915 |4849 |  30 | 13 | 109 |  27 | 8.329716e-01 | 9.880003e-01 |  18.61%| unknown
*10.3s|    48 |    10 |  4705 |  90.5 |strongbr|  16 |1208 |4948 |4823 |  57 |  1 | 265 | 880 | 8.329716e-01 | 9.247690e-01 |  11.02%|   4.01%
*10.3s|    48 |    10 |  4731 |  91.1 |    LP  |  16 |1208 |4935 |4823 |  57 |  3 | 278 | 883 | 8.329716e-01 | 9.246873e-01 |  11.01%|   4.01%
*10.6s|    54 |     8 |  4955 |  85.0 |    LP  |  16 |1208 |4844 |4823 |  57 |  2 | 283 | 941 | 8.329716e-01 | 8.571633e-01 |   2.90%|  15.12%
 14.2s|   100 |    14 |  7811 |  74.3 |   134M |  16 |1208 |4224 |4823 | 104 |  0 | 525 |1452 | 8.329729e-01 | 8.571633e-01 |   2.90%|  53.67%
 19.3s|   200 |    37 | 11801 |  57.0 |   156M |  16 |1208 |4328 |   0 | 306 |  0 | 785 |1718 | 8.332039e-01 | 8.571633e-01 |   2.88%|  57.59%
 24.9s|   300 |    51 | 16443 |  53.5 |   158M |  18 |1208 |4469 |   0 | 522 |  0 |1185 |1974 | 8.332039e-01 | 8.571633e-01 |   2.88%|  60.20%
 29.7s|   400 |    73 | 20490 |  50.2 |   155M |  20 |1208 |4611 |4844 | 734 |  5 |1401 |2118 | 8.332299e-01 | 8.571633e-01 |   2.87%|  61.95%
 35.7s|   500 |    83 | 25330 |  49.9 |   158M |  20 |1208 |4657 |4834 |1034 |  4 |1560 |2257 | 8.333342e-01 | 8.571633e-01 |   2.86%|  63.18%
 40.9s|   600 |    78 | 30249 |  49.7 |   159M |  20 |1208 |4798 |4838 |1291 |  0 |1834 |2388 | 8.334349e-01 | 8.571633e-01 |   2.85%|  64.87%
 45.4s|   700 |    97 | 33665 |  47.5 |   163M |  20 |1208 |4851 |4846 |1525 |  0 |1964 |2445 | 8.339661e-01 | 8.571633e-01 |   2.78%|  66.20%
 49.9s|   800 |    99 | 37264 |  46.1 |   164M |  20 |1208 |4953 |   0 |1736 |  0 |2164 |2519 | 8.339969e-01 | 8.571633e-01 |   2.78%|  67.21%
 time | node  | left  |LP iter|LP it/n|mem/heur|mdpt |vars |cons |rows |cuts |sepa|confs|strbr|  dualbound   | primalbound  |  gap   | compl. 
 55.6s|   900 |   108 | 42796 |  47.1 |   166M |  20 |1208 |5023 |4829 |2039 |  0 |2417 |2602 | 8.368995e-01 | 8.571633e-01 |   2.42%|  72.55%
 58.4s|  1000 |   141 | 46072 |  45.7 |   175M |  20 |1208 |5118 |4832 |2155 |  1 |2597 |2643 | 8.383182e-01 | 8.571633e-01 |   2.25%|  73.36%
 60.7s|  1100 |   152 | 49323 |  44.5 |   175M |  27 |1208 |5296 |   0 |2278 |  0 |2901 |2744 | 8.383490e-01 | 8.571633e-01 |   2.24%|  73.56%
 63.7s|  1200 |   152 | 52731 |  43.6 |   176M |  27 |1208 |5285 |4842 |2497 |  1 |3096 |2786 | 8.388992e-01 | 8.571633e-01 |   2.18%|  73.94%
 69.0s|  1300 |   148 | 56704 |  43.3 |   178M |  27 |1208 |5273 |   0 |2772 |  0 |3254 |2838 | 8.392523e-01 | 8.571633e-01 |   2.13%|  74.63%
 73.3s|  1400 |   124 | 60469 |  42.9 |   178M |  27 |1208 |5138 |4835 |2888 |  2 |3409 |2908 | 8.393804e-01 | 8.571633e-01 |   2.12%|  75.86%
 74.7s|  1500 |   116 | 62568 |  41.4 |   180M |  27 |1208 |5127 |4836 |2915 |  0 |3608 |2946 | 8.397913e-01 | 8.571633e-01 |   2.07%|  76.27%
 75.2s|  1600 |   103 | 64145 |  39.8 |   180M |  27 |1208 |5177 |4846 |2915 |  1 |3782 |2973 | 8.397956e-01 | 8.571633e-01 |   2.07%|  76.42%
 78.2s|  1700 |   100 | 67869 |  39.7 |   180M |  27 |1208 |5219 |4844 |3038 |  2 |4121 |3059 | 8.406319e-01 | 8.571633e-01 |   1.97%|  77.49%
 78.8s|  1800 |    99 | 69251 |  38.2 |   180M |  27 |1208 |5285 |4847 |3082 |  0 |4275 |3074 | 8.411125e-01 | 8.571633e-01 |   1.91%|  77.74%
 79.7s|  1900 |    71 | 72538 |  38.0 |   180M |  27 |1208 |5316 |4839 |3084 |  1 |4534 |3131 | 8.420999e-01 | 8.571633e-01 |   1.79%|  79.55%
 80.9s|  2000 |    45 | 74955 |  37.3 |   181M |  27 |1208 |5365 |4829 |3094 |  0 |4848 |3239 | 8.429868e-01 | 8.571633e-01 |   1.68%|  83.35%
 81.8s|  2100 |    16 | 77052 |  36.5 |   181M |  27 |1208 |5435 |4837 |3094 |  0 |5113 |3312 | 8.455785e-01 | 8.571633e-01 |   1.37%|  88.97%

SCIP Status        : problem is solved [optimal solution found]
Solving Time (sec) : 82.02
Solving Nodes      : 2127
Primal Bound       : +8.57163277477140e-01 (11 solutions)
Dual Bound         : +8.57163277477140e-01
Gap                : 0.00 %
objective value:                     0.85716327747714
x_('12_5', '13_1')                                  1 	(obj:0.0215043911007026)
x_('11_17', '12_5')                                 1 	(obj:0.0170025614754098)
x_('10_31', '11_17')                                1 	(obj:0.0186800617415372)
x_('9_42', '10_31')                                 1 	(obj:0.0441071428571429)
x_('8_45', '9_42')                                  1 	(obj:0.0294089903721051)
x_('7_37', '8_45')                                  1 	(obj:0.0317374487704918)
x_('6_35', '7_37')                                  1 	(obj:0.0348214285714286)
x_('5_30', '6_35')                                  1 	(obj:0.0250428864168618)
x_('4_25', '5_30')                                  1 	(obj:0.0602300351288056)
x_('3_20', '4_25')                                  1 	(obj:0.0603666569086651)
x_('2_14', '3_20')                                  1 	(obj:0.0608290398126464)
x_('1_10', '2_14')                                  1 	(obj:0.114457845433255)
x_('0_1', '1_10')                                   1 	(obj:0.0232142857142857)
y_0_0                                               1 	(obj:0)
y_1_0                                               1 	(obj:0)
y_2_0                                               1 	(obj:0)
y_3_1                                               1 	(obj:0)
y_4_1                                               1 	(obj:0)
y_5_1                                               1 	(obj:0)
y_6_2                                               1 	(obj:0)
y_7_2                                               1 	(obj:0)
y_8_2                                               1 	(obj:0)
y_9_2                                               1 	(obj:0)
y_10_3                                              1 	(obj:0)
y_11_3                                              1 	(obj:0)
y_12_3                                              1 	(obj:0)
z_('3268741', '3425762')_2                          1 	(obj:0)
z_('3268741', '1966592X')_0                         1 	(obj:0)
z_('1966592X', '3452192')_0                         1 	(obj:0)
z_('3452192', '1353870')_0                          1 	(obj:0)
z_('3452192', '3520162')_1                          1 	(obj:0)
z_('3520162', '3307092')_2                          1 	(obj:0)
z_('3520162', '3524054')_1                          1 	(obj:0)
z_('3268740', '3524054')_1                          1 	(obj:0)
z_('3524054', '3179975')_2                          1 	(obj:0)
z_('3179975', '3422998')_2                          1 	(obj:0)
z_('3422998', '2495223X')_3                         1 	(obj:0)
z_('3422998', '1353870_01')_3                       1 	(obj:0)
z_('2495223X', '2245784X')_3                        1 	(obj:0)
alpha                                3.51831325301205 	(obj:0.0897476945532004)
  obj=0.857  alpha=584.0s  time=82.13s

k = 1
  Subgraph edges — edge_w: 13 (1.2%)  bal_w: 13 (1.2%)  combined: 26 (2.4%)  blended: 13 (1.2%)  blended_union: 37 (3.3%)  diverse: 13 (1.2%)
  [3a] Subgraph / edge_w   k=1 …
2026-07-01 18:58:01.619 | INFO     | pycaalp.time_balancing.model:run_mip:430 - Running MIP solver ...
      obj=0.857 (vs_full=+0.00%)  alpha=584.0s  build=0.001s solve=0.057s  vs_full=+0.00%
  [3b] Subgraph / bal_w    k=1 …
2026-07-01 18:58:01.676 | INFO     | pycaalp.time_balancing.model:run_mip:430 - Running MIP solver ...
      obj=1.084 (vs_full=+26.51%)  alpha=597.8s  build=0.001s solve=0.251s  vs_full=+2.36%
  [3c] Subgraph / combined k=1 …
2026-07-01 18:58:01.927 | INFO     | pycaalp.time_balancing.model:run_mip:430 - Running MIP solver ...
      obj=0.857 (vs_full=+0.00%)  alpha=584.0s  build=0.002s solve=0.385s  vs_full=+0.00%
  [3d] Subgraph / blended  k=1 …
2026-07-01 18:58:02.312 | INFO     | pycaalp.time_balancing.model:run_mip:430 - Running MIP solver ...
      obj=0.902 (vs_full=+5.22%)  alpha=586.1s  build=0.001s solve=0.052s  vs_full=+0.36%
  [3e] Subgraph / bl-union k=1 …
2026-07-01 18:58:02.365 | INFO     | pycaalp.time_balancing.model:run_mip:430 - Running MIP solver ...
      obj=0.857 (vs_full=+0.00%)  alpha=584.0s  build=0.021s solve=0.678s  vs_full=+0.00%
  [3f] Subgraph / diverse  k=1 …
2026-07-01 18:58:03.043 | INFO     | pycaalp.time_balancing.model:run_mip:430 - Running MIP solver ...
      obj=0.902 (vs_full=+5.22%)  alpha=586.1s  build=0.012s solve=0.074s  vs_full=+0.36%

k = 2
  Subgraph edges — edge_w: 15 (1.4%)  bal_w: 15 (1.4%)  combined: 30 (2.7%)  blended: 15 (1.4%)  blended_union: 43 (3.9%)  diverse: 26 (2.4%)
  [3a] Subgraph / edge_w   k=2 …
2026-07-01 18:58:03.167 | INFO     | pycaalp.time_balancing.model:run_mip:430 - Running MIP solver ...
      obj=0.857 (vs_full=-0.00%)  alpha=584.0s  build=0.008s solve=0.132s  vs_full=+0.00%
  [3b] Subgraph / bal_w    k=2 …
2026-07-01 18:58:03.299 | INFO     | pycaalp.time_balancing.model:run_mip:430 - Running MIP solver ...
      obj=1.084 (vs_full=+26.51%)  alpha=597.8s  build=0.005s solve=0.514s  vs_full=+2.36%
  [3c] Subgraph / combined k=2 …
2026-07-01 18:58:03.813 | INFO     | pycaalp.time_balancing.model:run_mip:430 - Running MIP solver ...
      obj=0.857 (vs_full=-0.00%)  alpha=584.0s  build=0.006s solve=0.238s  vs_full=+0.00%
  [3d] Subgraph / blended  k=2 …
2026-07-01 18:58:04.051 | INFO     | pycaalp.time_balancing.model:run_mip:430 - Running MIP solver ...
      obj=0.902 (vs_full=+5.22%)  alpha=586.1s  build=0.005s solve=0.201s  vs_full=+0.36%
  [3e] Subgraph / bl-union k=2 …
2026-07-01 18:58:04.253 | INFO     | pycaalp.time_balancing.model:run_mip:430 - Running MIP solver ...
      obj=0.857 (vs_full=+0.00%)  alpha=584.0s  build=0.021s solve=0.387s  vs_full=+0.00%
  [3f] Subgraph / diverse  k=2 …
2026-07-01 18:58:04.639 | INFO     | pycaalp.time_balancing.model:run_mip:430 - Running MIP solver ...
      obj=0.902 (vs_full=+5.22%)  alpha=586.1s  build=0.005s solve=0.841s  vs_full=+0.36%

k = 5
  Subgraph edges — edge_w: 21 (1.9%)  bal_w: 27 (2.4%)  combined: 48 (4.3%)  blended: 21 (1.9%)  blended_union: 60 (5.4%)  diverse: 65 (5.9%)
  [3a] Subgraph / edge_w   k=5 …
2026-07-01 18:58:05.627 | INFO     | pycaalp.time_balancing.model:run_mip:430 - Running MIP solver ...
      obj=0.857 (vs_full=-0.00%)  alpha=584.0s  build=0.019s solve=0.484s  vs_full=+0.00%
  [3b] Subgraph / bal_w    k=5 …
2026-07-01 18:58:06.111 | INFO     | pycaalp.time_balancing.model:run_mip:430 - Running MIP solver ...
      obj=1.073 (vs_full=+25.17%)  alpha=597.8s  build=0.008s solve=1.231s  vs_full=+2.36%
  [3c] Subgraph / combined k=5 …
2026-07-01 18:58:07.343 | INFO     | pycaalp.time_balancing.model:run_mip:430 - Running MIP solver ...
      obj=0.857 (vs_full=+0.00%)  alpha=584.0s  build=0.020s solve=0.866s  vs_full=+0.00%
  [3d] Subgraph / blended  k=5 …
2026-07-01 18:58:08.209 | INFO     | pycaalp.time_balancing.model:run_mip:430 - Running MIP solver ...
      obj=0.902 (vs_full=+5.22%)  alpha=586.1s  build=0.021s solve=0.088s  vs_full=+0.36%
  [3e] Subgraph / bl-union k=5 …
2026-07-01 18:58:08.297 | INFO     | pycaalp.time_balancing.model:run_mip:430 - Running MIP solver ...
      obj=0.857 (vs_full=+0.00%)  alpha=584.0s  build=0.073s solve=0.903s  vs_full=+0.00%
  [3f] Subgraph / diverse  k=5 …
2026-07-01 18:58:09.200 | INFO     | pycaalp.time_balancing.model:run_mip:430 - Running MIP solver ...
      obj=0.867 (vs_full=+1.18%)  alpha=581.1s  build=0.007s solve=1.426s  vs_full=-0.50%

k = 10
  Subgraph edges — edge_w: 24 (2.2%)  bal_w: 38 (3.4%)  combined: 62 (5.6%)  blended: 24 (2.2%)  blended_union: 76 (6.9%)  diverse: 126 (11.4%)
  [3a] Subgraph / edge_w   k=10 …
2026-07-01 18:58:10.919 | INFO     | pycaalp.time_balancing.model:run_mip:430 - Running MIP solver ...
      obj=0.857 (vs_full=-0.00%)  alpha=584.0s  build=0.026s solve=0.264s  vs_full=+0.00%
  [3b] Subgraph / bal_w    k=10 …
2026-07-01 18:58:11.183 | INFO     | pycaalp.time_balancing.model:run_mip:430 - Running MIP solver ...
      obj=1.073 (vs_full=+25.17%)  alpha=597.8s  build=0.016s solve=1.506s  vs_full=+2.36%
  [3c] Subgraph / combined k=10 …
2026-07-01 18:58:12.689 | INFO     | pycaalp.time_balancing.model:run_mip:430 - Running MIP solver ...
      obj=0.857 (vs_full=-0.00%)  alpha=584.0s  build=0.041s solve=0.877s  vs_full=+0.00%
  [3d] Subgraph / blended  k=10 …
2026-07-01 18:58:13.567 | INFO     | pycaalp.time_balancing.model:run_mip:430 - Running MIP solver ...
      obj=0.902 (vs_full=+5.22%)  alpha=586.1s  build=0.033s solve=0.321s  vs_full=+0.36%
  [3e] Subgraph / bl-union k=10 …
2026-07-01 18:58:13.888 | INFO     | pycaalp.time_balancing.model:run_mip:430 - Running MIP solver ...
      obj=0.857 (vs_full=+0.00%)  alpha=584.0s  build=0.164s solve=0.421s  vs_full=+0.00%
  [3f] Subgraph / diverse  k=10 …
2026-07-01 18:58:14.310 | INFO     | pycaalp.time_balancing.model:run_mip:430 - Running MIP solver ...
      obj=0.867 (vs_full=+1.18%)  alpha=581.1s  build=0.012s solve=2.779s  vs_full=-0.50%

k = 20
  Subgraph edges — edge_w: 35 (3.2%)  bal_w: 42 (3.8%)  combined: 77 (7.0%)  blended: 30 (2.7%)  blended_union: 92 (8.3%)  diverse: 239 (21.6%)
  [3a] Subgraph / edge_w   k=20 …
2026-07-01 18:58:17.772 | INFO     | pycaalp.time_balancing.model:run_mip:430 - Running MIP solver ...
      obj=0.857 (vs_full=+0.00%)  alpha=584.0s  build=0.070s solve=0.638s  vs_full=+0.00%
  [3b] Subgraph / bal_w    k=20 …
2026-07-01 18:58:18.409 | INFO     | pycaalp.time_balancing.model:run_mip:430 - Running MIP solver ...
      obj=1.073 (vs_full=+25.17%)  alpha=597.8s  build=0.052s solve=0.914s  vs_full=+2.36%
  [3c] Subgraph / combined k=20 …
2026-07-01 18:58:19.323 | INFO     | pycaalp.time_balancing.model:run_mip:430 - Running MIP solver ...
      obj=0.857 (vs_full=+0.00%)  alpha=584.0s  build=0.133s solve=1.329s  vs_full=+0.00%
  [3d] Subgraph / blended  k=20 …
2026-07-01 18:58:20.653 | INFO     | pycaalp.time_balancing.model:run_mip:430 - Running MIP solver ...
      obj=0.902 (vs_full=+5.22%)  alpha=586.1s  build=0.136s solve=0.529s  vs_full=+0.36%
  [3e] Subgraph / bl-union k=20 …
2026-07-01 18:58:21.182 | INFO     | pycaalp.time_balancing.model:run_mip:430 - Running MIP solver ...
      obj=0.857 (vs_full=+0.00%)  alpha=584.0s  build=0.277s solve=1.584s  vs_full=+0.00%
  [3f] Subgraph / diverse  k=20 …
2026-07-01 18:58:22.767 | INFO     | pycaalp.time_balancing.model:run_mip:430 - Running MIP solver ...
      obj=0.867 (vs_full=+1.10%)  alpha=581.1s  build=0.014s solve=2.635s  vs_full=-0.50%

k = 50
  Subgraph edges — edge_w: 54 (4.9%)  bal_w: 63 (5.7%)  combined: 116 (10.5%)  blended: 38 (3.4%)  blended_union: 125 (11.3%)  diverse: 509 (46.1%)
  [3a] Subgraph / edge_w   k=50 …
2026-07-01 18:58:26.926 | INFO     | pycaalp.time_balancing.model:run_mip:430 - Running MIP solver ...
      obj=0.857 (vs_full=+0.00%)  alpha=584.0s  build=0.193s solve=2.535s  vs_full=+0.00%
  [3b] Subgraph / bal_w    k=50 …
2026-07-01 18:58:29.461 | INFO     | pycaalp.time_balancing.model:run_mip:430 - Running MIP solver ...
      obj=1.071 (vs_full=+24.91%)  alpha=602.7s  build=0.111s solve=0.768s  vs_full=+3.19%
  [3c] Subgraph / combined k=50 …
2026-07-01 18:58:30.230 | INFO     | pycaalp.time_balancing.model:run_mip:430 - Running MIP solver ...
      obj=0.857 (vs_full=+0.00%)  alpha=584.0s  build=0.296s solve=1.751s  vs_full=+0.00%
  [3d] Subgraph / blended  k=50 …
2026-07-01 18:58:31.980 | INFO     | pycaalp.time_balancing.model:run_mip:430 - Running MIP solver ...
      obj=0.902 (vs_full=+5.22%)  alpha=586.1s  build=0.218s solve=0.853s  vs_full=+0.36%
  [3e] Subgraph / bl-union k=50 …
2026-07-01 18:58:32.833 | INFO     | pycaalp.time_balancing.model:run_mip:430 - Running MIP solver ...
      obj=0.857 (vs_full=-0.00%)  alpha=584.0s  build=0.662s solve=2.289s  vs_full=+0.00%
  [3f] Subgraph / diverse  k=50 …
2026-07-01 18:58:35.123 | INFO     | pycaalp.time_balancing.model:run_mip:430 - Running MIP solver ...
      obj=0.861 (vs_full=+0.47%)  alpha=584.0s  build=0.043s solve=6.566s  vs_full=+0.00%

k = 100
  Subgraph edges — edge_w: 78 (7.1%)  bal_w: 86 (7.8%)  combined: 162 (14.7%)  blended: 48 (4.3%)  blended_union: 153 (13.8%)  diverse: 743 (67.2%)
  [3a] Subgraph / edge_w   k=100 …
2026-07-01 18:58:44.845 | INFO     | pycaalp.time_balancing.model:run_mip:430 - Running MIP solver ...
      obj=0.857 (vs_full=-0.00%)  alpha=584.0s  build=0.376s solve=0.819s  vs_full=+0.00%
  [3b] Subgraph / bal_w    k=100 …
2026-07-01 18:58:45.664 | INFO     | pycaalp.time_balancing.model:run_mip:430 - Running MIP solver ...
      obj=1.069 (vs_full=+24.65%)  alpha=597.8s  build=0.298s solve=1.266s  vs_full=+2.36%
  [3c] Subgraph / combined k=100 …
2026-07-01 18:58:46.931 | INFO     | pycaalp.time_balancing.model:run_mip:430 - Running MIP solver ...
      obj=0.857 (vs_full=+0.00%)  alpha=584.0s  build=0.599s solve=3.575s  vs_full=+0.00%
  [3d] Subgraph / blended  k=100 …
2026-07-01 18:58:50.506 | INFO     | pycaalp.time_balancing.model:run_mip:430 - Running MIP solver ...
      obj=0.885 (vs_full=+3.20%)  alpha=581.1s  build=0.510s solve=0.615s  vs_full=-0.50%
  [3e] Subgraph / bl-union k=100 …
2026-07-01 18:58:51.122 | INFO     | pycaalp.time_balancing.model:run_mip:430 - Running MIP solver ...
      obj=0.857 (vs_full=+0.00%)  alpha=584.0s  build=1.281s solve=2.551s  vs_full=+0.00%
  [3f] Subgraph / diverse  k=100 …
2026-07-01 18:58:53.673 | INFO     | pycaalp.time_balancing.model:run_mip:430 - Running MIP solver ...
      obj=0.858 (vs_full=+0.13%)  alpha=584.0s  build=0.091s solve=13.191s  vs_full=+0.00%

k = 200
  Subgraph edges — edge_w: 95 (8.6%)  bal_w: 111 (10.0%)  combined: 202 (18.3%)  blended: 49 (4.4%)  blended_union: 177 (16.0%)  diverse: 905 (81.9%)
  [3a] Subgraph / edge_w   k=200 …
2026-07-01 18:59:12.818 | INFO     | pycaalp.time_balancing.model:run_mip:430 - Running MIP solver ...
      obj=0.857 (vs_full=-0.00%)  alpha=584.0s  build=0.661s solve=0.949s  vs_full=+0.00%
  [3b] Subgraph / bal_w    k=200 …
2026-07-01 18:59:13.767 | INFO     | pycaalp.time_balancing.model:run_mip:430 - Running MIP solver ...
      obj=1.065 (vs_full=+24.25%)  alpha=586.1s  build=0.392s solve=3.061s  vs_full=+0.36%
  [3c] Subgraph / combined k=200 …
2026-07-01 18:59:16.829 | INFO     | pycaalp.time_balancing.model:run_mip:430 - Running MIP solver ...
      obj=0.857 (vs_full=-0.00%)  alpha=584.0s  build=1.147s solve=1.834s  vs_full=+0.00%
  [3d] Subgraph / blended  k=200 …
2026-07-01 18:59:18.663 | INFO     | pycaalp.time_balancing.model:run_mip:430 - Running MIP solver ...
      obj=0.885 (vs_full=+3.20%)  alpha=581.1s  build=0.982s solve=0.623s  vs_full=-0.50%
  [3e] Subgraph / bl-union k=200 …
2026-07-01 18:59:19.286 | INFO     | pycaalp.time_balancing.model:run_mip:430 - Running MIP solver ...
      obj=0.857 (vs_full=+0.00%)  alpha=584.0s  build=2.603s solve=2.884s  vs_full=+0.00%
  [3f] Subgraph / diverse  k=200 …
2026-07-01 18:59:22.170 | INFO     | pycaalp.time_balancing.model:run_mip:430 - Running MIP solver ...
      obj=0.857 (vs_full=+0.00%)  alpha=584.0s  build=0.169s solve=64.964s  vs_full=+0.00%

k = 500
  Subgraph edges — edge_w: 108 (9.8%)  bal_w: 153 (13.8%)  combined: 257 (23.3%)  blended: 134 (12.1%)  blended_union: 245 (22.2%)  diverse: 1043 (94.4%)
  [3a] Subgraph / edge_w   k=500 …
2026-07-01 19:00:41.489 | INFO     | pycaalp.time_balancing.model:run_mip:430 - Running MIP solver ...
      obj=0.857 (vs_full=+0.00%)  alpha=584.0s  build=1.752s solve=1.438s  vs_full=+0.00%
  [3b] Subgraph / bal_w    k=500 …
2026-07-01 19:00:42.928 | INFO     | pycaalp.time_balancing.model:run_mip:430 - Running MIP solver ...
      obj=1.062 (vs_full=+23.92%)  alpha=581.1s  build=1.138s solve=2.555s  vs_full=-0.50%
  [3c] Subgraph / combined k=500 …
2026-07-01 19:00:45.483 | INFO     | pycaalp.time_balancing.model:run_mip:430 - Running MIP solver ...
      obj=0.857 (vs_full=+0.00%)  alpha=584.0s  build=2.642s solve=2.771s  vs_full=+0.00%
  [3d] Subgraph / blended  k=500 …
2026-07-01 19:00:48.254 | INFO     | pycaalp.time_balancing.model:run_mip:430 - Running MIP solver ...
      obj=0.862 (vs_full=+0.55%)  alpha=584.0s  build=2.072s solve=1.681s  vs_full=+0.00%
  [3e] Subgraph / bl-union k=500 …
2026-07-01 19:00:49.936 | INFO     | pycaalp.time_balancing.model:run_mip:430 - Running MIP solver ...
      obj=0.857 (vs_full=+0.00%)  alpha=584.0s  build=6.136s solve=12.880s  vs_full=+0.00%
  [3f] Subgraph / diverse  k=500 …
2026-07-01 19:01:02.816 | INFO     | pycaalp.time_balancing.model:run_mip:430 - Running MIP solver ...
      obj=0.857 (vs_full=+0.00%)  alpha=584.0s  build=0.614s solve=16.724s  vs_full=+0.00%

k = 1000
  Subgraph edges — edge_w: 142 (12.9%)  bal_w: 211 (19.1%)  combined: 346 (31.3%)  blended: 187 (16.9%)  blended_union: 297 (26.9%)  diverse: 1101 (99.6%)
  [3a] Subgraph / edge_w   k=1000 …
2026-07-01 19:01:50.443 | INFO     | pycaalp.time_balancing.model:run_mip:430 - Running MIP solver ...
      obj=0.857 (vs_full=+0.00%)  alpha=584.0s  build=3.339s solve=1.674s  vs_full=+0.00%
  [3b] Subgraph / bal_w    k=1000 …
2026-07-01 19:01:52.118 | INFO     | pycaalp.time_balancing.model:run_mip:430 - Running MIP solver ...
      obj=1.059 (vs_full=+23.58%)  alpha=581.1s  build=2.874s solve=6.803s  vs_full=-0.50%
  [3c] Subgraph / combined k=1000 …
2026-07-01 19:01:58.921 | INFO     | pycaalp.time_balancing.model:run_mip:430 - Running MIP solver ...
      obj=0.857 (vs_full=+0.00%)  alpha=584.0s  build=6.425s solve=6.664s  vs_full=+0.00%
  [3d] Subgraph / blended  k=1000 …
2026-07-01 19:02:05.585 | INFO     | pycaalp.time_balancing.model:run_mip:430 - Running MIP solver ...
      obj=0.862 (vs_full=+0.55%)  alpha=584.0s  build=4.672s solve=3.302s  vs_full=+0.00%
  [3e] Subgraph / bl-union k=1000 …
2026-07-01 19:02:08.887 | INFO     | pycaalp.time_balancing.model:run_mip:430 - Running MIP solver ...
      obj=0.857 (vs_full=+0.00%)  alpha=584.0s  build=12.548s solve=2.802s  vs_full=+0.00%
  [3f] Subgraph / diverse  k=1000 …
2026-07-01 19:02:11.689 | INFO     | pycaalp.time_balancing.model:run_mip:430 - Running MIP solver ...
      obj=0.857 (vs_full=+0.00%)  alpha=584.0s  build=1.045s solve=130.118s  vs_full=+0.00%

k = 2000
  Subgraph edges — edge_w: 185 (16.7%)  bal_w: 292 (26.4%)  combined: 460 (41.6%)  blended: 228 (20.6%)  blended_union: 410 (37.1%)  diverse: 1105 (100.0%)
  [3a] Subgraph / edge_w   k=2000 …
2026-07-01 19:05:34.042 | INFO     | pycaalp.time_balancing.model:run_mip:430 - Running MIP solver ...
      obj=0.857 (vs_full=+0.00%)  alpha=584.0s  build=8.200s solve=3.205s  vs_full=+0.00%
  [3b] Subgraph / bal_w    k=2000 …
2026-07-01 19:05:37.247 | INFO     | pycaalp.time_balancing.model:run_mip:430 - Running MIP solver ...
      obj=1.059 (vs_full=+23.58%)  alpha=581.1s  build=6.828s solve=9.722s  vs_full=-0.50%
  [3c] Subgraph / combined k=2000 …
2026-07-01 19:05:46.969 | INFO     | pycaalp.time_balancing.model:run_mip:430 - Running MIP solver ...
      obj=0.857 (vs_full=+0.00%)  alpha=584.0s  build=14.700s solve=3.843s  vs_full=+0.00%
  [3d] Subgraph / blended  k=2000 …
2026-07-01 19:05:50.813 | INFO     | pycaalp.time_balancing.model:run_mip:430 - Running MIP solver ...
      obj=0.857 (vs_full=+0.02%)  alpha=584.0s  build=10.641s solve=1.842s  vs_full=+0.00%
  [3e] Subgraph / bl-union k=2000 …
2026-07-01 19:05:52.655 | INFO     | pycaalp.time_balancing.model:run_mip:430 - Running MIP solver ...
      obj=0.857 (vs_full=+0.00%)  alpha=584.0s  build=29.471s solve=9.135s  vs_full=+0.00%
  [3f] Subgraph / diverse  k=2000 …
2026-07-01 19:06:01.790 | INFO     | pycaalp.time_balancing.model:run_mip:430 - Running MIP solver ...
      obj=0.857 (vs_full=+0.00%)  alpha=584.0s  build=2.393s solve=91.698s  vs_full=+0.00%

k = 5000
  Subgraph edges — edge_w: 232 (21.0%)  bal_w: 431 (39.0%)  combined: 632 (57.2%)  blended: 337 (30.5%)  blended_union: 525 (47.5%)  diverse: 1105 (100.0%)
  [3a] Subgraph / edge_w   k=5000 …
2026-07-01 19:12:14.907 | INFO     | pycaalp.time_balancing.model:run_mip:430 - Running MIP solver ...
      obj=0.857 (vs_full=+0.00%)  alpha=584.0s  build=32.736s solve=10.637s  vs_full=+0.00%
  [3b] Subgraph / bal_w    k=5000 …
2026-07-01 19:12:25.544 | INFO     | pycaalp.time_balancing.model:run_mip:430 - Running MIP solver ...
      obj=1.002 (vs_full=+16.96%)  alpha=581.1s  build=23.928s solve=7.525s  vs_full=-0.50%
  [3c] Subgraph / combined k=5000 …
2026-07-01 19:12:33.069 | INFO     | pycaalp.time_balancing.model:run_mip:430 - Running MIP solver ...
      obj=0.857 (vs_full=+0.00%)  alpha=584.0s  build=66.646s solve=8.769s  vs_full=+0.00%
  [3d] Subgraph / blended  k=5000 …
2026-07-01 19:12:41.839 | INFO     | pycaalp.time_balancing.model:run_mip:430 - Running MIP solver ...
      obj=0.857 (vs_full=+0.00%)  alpha=584.0s  build=36.158s solve=8.836s  vs_full=+0.00%
  [3e] Subgraph / bl-union k=5000 …
2026-07-01 19:12:50.675 | INFO     | pycaalp.time_balancing.model:run_mip:430 - Running MIP solver ...
      obj=0.857 (vs_full=+0.00%)  alpha=584.0s  build=116.259s solve=29.713s  vs_full=+0.00%
  [3f] Subgraph / diverse  k=5000 …
2026-07-01 19:13:20.388 | INFO     | pycaalp.time_balancing.model:run_mip:430 - Running MIP solver ...
      obj=0.857 (vs_full=+0.00%)  alpha=584.0s  build=5.691s solve=91.070s  vs_full=+0.00%

Results saved to experiments/strategy_comparison/assembly_1_np_4/strategy_comparison_lambda_0.35.csv
Plot with:  python -m experiments.strategy_comparison.plot_k_sensitivity

============================================================================================================================
SUMMARY — assembly_1  P=4  λ=0.35
============================================================================================================================
Strategy       Weight                      k   Build    Solve    Total  Spdup       Obj   ObjvsF     Alpha    AlvsF   Edges  %Grph
----------------------------------------------------------------------------------------------------------------------------
full_mip       —                               0.000   82.130   82.130   1.0x     0.857    +0.00    584.04    +0.00    1105  100.0
subgraph_mip   edge_weight                 1   0.001    0.057    0.058 1406.4x     0.857    +0.00    584.04    +0.00      13    1.2
subgraph_mip   time_balanced_weight        1   0.001    0.251    0.252 326.4x     1.084   +26.51    597.84    +2.36      13    1.2
subgraph_mip   combined                    1   0.002    0.385    0.387 212.3x     0.857    +0.00    584.04    +0.00      26    2.4
subgraph_mip   blended                     1   0.001    0.052    0.053 1535.4x     0.902    +5.22    586.13    +0.36      13    1.2
subgraph_mip   blended_union               1   0.021    0.678    0.699 117.5x     0.857    +0.00    584.04    +0.00      37    3.4
subgraph_mip   diverse                     1   0.012    0.074    0.086 956.0x     0.902    +5.22    586.13    +0.36      13    1.2
subgraph_mip   edge_weight                 2   0.008    0.132    0.140 585.8x     0.857    -0.00    584.04    +0.00      15    1.4
subgraph_mip   time_balanced_weight        2   0.005    0.514    0.519 158.3x     1.084   +26.51    597.84    +2.36      15    1.4
subgraph_mip   combined                    2   0.006    0.238    0.245 335.7x     0.857    -0.00    584.04    +0.00      30    2.7
subgraph_mip   blended                     2   0.005    0.201    0.206 399.4x     0.902    +5.22    586.13    +0.36      15    1.4
subgraph_mip   blended_union               2   0.021    0.387    0.407 201.7x     0.857    +0.00    584.04    +0.00      43    3.9
subgraph_mip   diverse                     2   0.005    0.841    0.846  97.1x     0.902    +5.22    586.13    +0.36      26    2.4
subgraph_mip   edge_weight                 5   0.019    0.484    0.503 163.2x     0.857    -0.00    584.04    +0.00      21    1.9
subgraph_mip   time_balanced_weight        5   0.008    1.231    1.238  66.3x     1.073   +25.17    597.84    +2.36      27    2.4
subgraph_mip   combined                    5   0.020    0.866    0.886  92.7x     0.857    +0.00    584.04    +0.00      48    4.3
subgraph_mip   blended                     5   0.021    0.088    0.109 754.4x     0.902    +5.22    586.13    +0.36      21    1.9
subgraph_mip   blended_union               5   0.073    0.903    0.975  84.2x     0.857    +0.00    584.04    +0.00      60    5.4
subgraph_mip   diverse                     5   0.007    1.426    1.432  57.3x     0.867    +1.18    581.12    -0.50      65    5.9
subgraph_mip   edge_weight                10   0.026    0.264    0.290 282.9x     0.857    -0.00    584.04    +0.00      24    2.2
subgraph_mip   time_balanced_weight       10   0.016    1.506    1.522  54.0x     1.073   +25.17    597.84    +2.36      38    3.4
subgraph_mip   combined                   10   0.041    0.877    0.919  89.4x     0.857    -0.00    584.04    +0.00      62    5.6
subgraph_mip   blended                    10   0.033    0.321    0.354 231.9x     0.902    +5.22    586.13    +0.36      24    2.2
subgraph_mip   blended_union              10   0.164    0.421    0.585 140.4x     0.857    +0.00    584.04    +0.00      76    6.9
subgraph_mip   diverse                    10   0.012    2.779    2.792  29.4x     0.867    +1.18    581.12    -0.50     126   11.4
subgraph_mip   edge_weight                20   0.070    0.638    0.707 116.1x     0.857    +0.00    584.04    +0.00      35    3.2
subgraph_mip   time_balanced_weight       20   0.052    0.914    0.966  85.0x     1.073   +25.17    597.84    +2.36      42    3.8
subgraph_mip   combined                   20   0.133    1.329    1.462  56.2x     0.857    +0.00    584.04    +0.00      77    7.0
subgraph_mip   blended                    20   0.136    0.529    0.666 123.4x     0.902    +5.22    586.13    +0.36      30    2.7
subgraph_mip   blended_union              20   0.277    1.584    1.862  44.1x     0.857    +0.00    584.04    +0.00      92    8.3
subgraph_mip   diverse                    20   0.014    2.635    2.650  31.0x     0.867    +1.10    581.12    -0.50     239   21.6
subgraph_mip   edge_weight                50   0.193    2.535    2.728  30.1x     0.857    +0.00    584.04    +0.00      54    4.9
subgraph_mip   time_balanced_weight       50   0.111    0.768    0.879  93.4x     1.071   +24.91    602.68    +3.19      63    5.7
subgraph_mip   combined                   50   0.296    1.751    2.047  40.1x     0.857    +0.00    584.04    +0.00     116   10.5
subgraph_mip   blended                    50   0.218    0.853    1.071  76.7x     0.902    +5.22    586.13    +0.36      38    3.4
subgraph_mip   blended_union              50   0.662    2.289    2.951  27.8x     0.857    -0.00    584.04    +0.00     125   11.3
subgraph_mip   diverse                    50   0.043    6.566    6.609  12.4x     0.861    +0.47    584.04    +0.00     509   46.1
subgraph_mip   edge_weight               100   0.376    0.819    1.195  68.8x     0.857    -0.00    584.04    +0.00      78    7.1
subgraph_mip   time_balanced_weight      100   0.298    1.266    1.564  52.5x     1.069   +24.65    597.84    +2.36      86    7.8
subgraph_mip   combined                  100   0.599    3.575    4.175  19.7x     0.857    +0.00    584.04    +0.00     162   14.7
subgraph_mip   blended                   100   0.510    0.615    1.126  73.0x     0.885    +3.20    581.12    -0.50      48    4.3
subgraph_mip   blended_union             100   1.281    2.551    3.833  21.4x     0.857    +0.00    584.04    +0.00     153   13.8
subgraph_mip   diverse                   100   0.091   13.191   13.282   6.2x     0.858    +0.13    584.04    +0.00     743   67.2
subgraph_mip   edge_weight               200   0.661    0.949    1.610  51.0x     0.857    -0.00    584.04    +0.00      95    8.6
subgraph_mip   time_balanced_weight      200   0.392    3.061    3.453  23.8x     1.065   +24.25    586.13    +0.36     111   10.1
subgraph_mip   combined                  200   1.147    1.834    2.981  27.6x     0.857    -0.00    584.04    +0.00     202   18.3
subgraph_mip   blended                   200   0.982    0.623    1.605  51.2x     0.885    +3.20    581.12    -0.50      49    4.4
subgraph_mip   blended_union             200   2.603    2.884    5.487  15.0x     0.857    +0.00    584.04    +0.00     177   16.0
subgraph_mip   diverse                   200   0.169   64.964   65.133   1.3x     0.857    +0.00    584.04    +0.00     905   81.9
subgraph_mip   edge_weight               500   1.752    1.438    3.190  25.7x     0.857    +0.00    584.04    +0.00     108    9.8
subgraph_mip   time_balanced_weight      500   1.138    2.555    3.693  22.2x     1.062   +23.92    581.12    -0.50     153   13.8
subgraph_mip   combined                  500   2.642    2.771    5.414  15.2x     0.857    +0.00    584.04    +0.00     257   23.3
subgraph_mip   blended                   500   2.072    1.681    3.753  21.9x     0.862    +0.55    584.04    +0.00     134   12.1
subgraph_mip   blended_union             500   6.136   12.880   19.016   4.3x     0.857    +0.00    584.04    +0.00     245   22.2
subgraph_mip   diverse                   500   0.614   16.724   17.338   4.7x     0.857    +0.00    584.04    +0.00    1043   94.4
subgraph_mip   edge_weight              1000   3.339    1.674    5.014  16.4x     0.857    +0.00    584.04    +0.00     142   12.8
subgraph_mip   time_balanced_weight     1000   2.874    6.803    9.677   8.5x     1.059   +23.58    581.12    -0.50     211   19.1
subgraph_mip   combined                 1000   6.425    6.664   13.089   6.3x     0.857    +0.00    584.04    +0.00     346   31.3
subgraph_mip   blended                  1000   4.672    3.302    7.974  10.3x     0.862    +0.55    584.04    +0.00     187   16.9
subgraph_mip   blended_union            1000  12.548    2.802   15.350   5.3x     0.857    +0.00    584.04    +0.00     297   26.9
subgraph_mip   diverse                  1000   1.045  130.118  131.163   0.6x     0.857    +0.00    584.04    +0.00    1101   99.6
subgraph_mip   edge_weight              2000   8.200    3.205   11.405   7.2x     0.857    +0.00    584.04    +0.00     185   16.7
subgraph_mip   time_balanced_weight     2000   6.828    9.722   16.550   5.0x     1.059   +23.58    581.12    -0.50     292   26.4
subgraph_mip   combined                 2000  14.700    3.843   18.544   4.4x     0.857    +0.00    584.04    +0.00     460   41.6
subgraph_mip   blended                  2000  10.641    1.842   12.483   6.6x     0.857    +0.02    584.04    +0.00     228   20.6
subgraph_mip   blended_union            2000  29.471    9.135   38.607   2.1x     0.857    +0.00    584.04    +0.00     410   37.1
subgraph_mip   diverse                  2000   2.393   91.698   94.091   0.9x     0.857    +0.00    584.04    +0.00    1105  100.0
subgraph_mip   edge_weight              5000  32.736   10.637   43.374   1.9x     0.857    +0.00    584.04    +0.00     232   21.0
subgraph_mip   time_balanced_weight     5000  23.928    7.525   31.453   2.6x     1.002   +16.96    581.12    -0.50     431   39.0
subgraph_mip   combined                 5000  66.646    8.769   75.415   1.1x     0.857    +0.00    584.04    +0.00     632   57.2
subgraph_mip   blended                  5000  36.158    8.836   44.994   1.8x     0.857    +0.00    584.04    +0.00     337   30.5
subgraph_mip   blended_union            5000 116.259   29.713  145.972   0.6x     0.857    +0.00    584.04    +0.00     525   47.5
subgraph_mip   diverse                  5000   5.691   91.070   96.761   0.8x     0.857    +0.00    584.04    +0.00    1105  100.0
============================================================================================================================

----------------- λ = 0.4 -----------------
========================================================================
Strategy Comparison Experiment — assembly_1  P=4  λ=0.4
========================================================================

Building assembly digraph …
2026-07-01 18:56:39.301 | INFO     | pycaalp.gapp.assembly_digraph:compute_assembly_digraph_complete:395 - Computing assembly digraph...
  343 nodes, 1105 edges  (0.3s)

[1] Full MIP  P=4  λ=0.4
2026-07-01 18:56:39.582 | INFO     | pycaalp.time_balancing.model:run_mip:430 - Running MIP solver ...
presolving:
(round 1, fast)       2 del vars, 2 del conss, 0 add conss, 0 chg bounds, 0 chg sides, 0 chg coeffs, 0 upgd conss, 0 impls, 69 clqs, 0 implints
(round 2, exhaustive) 2 del vars, 2 del conss, 0 add conss, 1 chg bounds, 0 chg sides, 0 chg coeffs, 4525 upgd conss, 0 impls, 69 clqs, 0 implints
   (0.3s) probing: 1000/1207 (82.9%) - 0 fixings, 0 aggregations, 130891 implications, 0 bound changes
   (0.3s) probing: 1001/1207 (82.9%) - 0 fixings, 0 aggregations, 130966 implications, 0 bound changes
   (0.3s) probing aborted: 1000/1000 successive useless probings
   (0.3s) symmetry computation started: requiring (bin +, int +, cont +), (fixed: bin -, int -, cont -)
   (0.3s) no symmetry present (symcode time: 0.00)
presolving (3 rounds: 3 fast, 2 medium, 2 exhaustive):
 2 deleted vars, 2 deleted constraints, 0 added constraints, 1 tightened bounds, 0 added holes, 0 changed sides, 0 changed coefficients
 0 implications, 15690 cliques, 0 implied integral variables (0 bin, 0 int, 0 cont)
presolved problem has 1208 variables (1207 bin, 0 int, 1 cont) and 4839 constraints
     69 constraints of type <setppc>
    314 constraints of type <linear>
   4456 constraints of type <logicor>
Presolving Time: 0.32

 time | node  | left  |LP iter|LP it/n|mem/heur|mdpt |vars |cons |rows |cuts |sepa|confs|strbr|  dualbound   | primalbound  |  gap   | compl. 
p 0.5s|     1 |     0 |   125 |     - | vbounds|   0 |1208 |4867 |4839 |   0 |  0 |  27 |   0 | 0.000000e+00 | 1.158625e+00 |    Inf | unknown
  0.5s|     1 |     0 |   470 |     - |    34M |   0 |1208 |4867 |4839 |   0 |  0 |  27 |   0 | 8.329273e-01 | 1.158625e+00 |  39.10%| unknown
  0.7s|     1 |     0 |   483 |     - |    39M |   0 |1208 |4875 |4843 |   4 |  1 |  35 |   0 | 8.329273e-01 | 1.158625e+00 |  39.10%| unknown
  1.1s|     1 |     0 |   491 |     - |    46M |   0 |1208 |4881 |4846 |   7 |  2 |  41 |   0 | 8.329273e-01 | 1.158625e+00 |  39.10%| unknown
  1.4s|     1 |     0 |   502 |     - |    54M |   0 |1208 |4882 |4850 |  11 |  3 |  42 |   0 | 8.329273e-01 | 1.158625e+00 |  39.10%| unknown
  1.7s|     1 |     0 |   514 |     - |    60M |   0 |1208 |4886 |4853 |  14 |  4 |  46 |   0 | 8.329273e-01 | 1.158625e+00 |  39.10%| unknown
  2.2s|     1 |     0 |   524 |     - |    66M |   0 |1208 |4887 |4855 |  16 |  5 |  47 |   0 | 8.329273e-01 | 1.158625e+00 |  39.10%| unknown
  2.7s|     1 |     0 |   533 |     - |    73M |   0 |1208 |4897 |4858 |  19 |  6 |  57 |   0 | 8.329273e-01 | 1.158625e+00 |  39.10%| unknown
  3.1s|     1 |     0 |   539 |     - |    81M |   0 |1208 |4898 |4860 |  21 |  7 |  58 |   0 | 8.329273e-01 | 1.158625e+00 |  39.10%| unknown
  3.5s|     1 |     0 |   542 |     - |    89M |   0 |1208 |4901 |4863 |  24 |  8 |  67 |   0 | 8.329273e-01 | 1.158625e+00 |  39.10%| unknown
  4.0s|     1 |     0 |   561 |     - |    95M |   0 |1208 |4903 |4864 |  25 |  9 |  69 |   0 | 8.329273e-01 | 1.158625e+00 |  39.10%| unknown
  4.5s|     1 |     0 |   569 |     - |   103M |   0 |1208 |4912 |4866 |  27 | 10 |  79 |   0 | 8.329273e-01 | 1.158625e+00 |  39.10%| unknown
  4.5s|     1 |     0 |   572 |     - |   103M |   0 |1208 |4913 |4868 |  29 | 11 |  80 |   0 | 8.329273e-01 | 1.158625e+00 |  39.10%| unknown
d 4.7s|     1 |     0 |  1253 |     - |farkasdi|   0 |1208 |4916 |4868 |   0 | 11 |  83 |   0 | 8.329273e-01 | 9.542931e-01 |  14.57%| unknown
  4.8s|     1 |     0 |  1873 |     - |   104M |   0 |1208 |4946 |4868 |  29 | 11 | 117 |   0 | 8.329273e-01 | 9.542931e-01 |  14.57%| unknown
 time | node  | left  |LP iter|LP it/n|mem/heur|mdpt |vars |cons |rows |cuts |sepa|confs|strbr|  dualbound   | primalbound  |  gap   | compl. 
  4.8s|     1 |     0 |  1873 |     - |   104M |   0 |1208 |4956 |4828 |  29 | 11 | 127 |   0 | 8.329273e-01 | 9.542931e-01 |  14.57%| unknown
  4.8s|     1 |     0 |  1877 |     - |   104M |   0 |1208 |4929 |4829 |  30 | 12 | 127 |   0 | 8.329273e-01 | 9.542931e-01 |  14.57%| unknown
  5.0s|     1 |     2 |  1880 |     - |   104M |   0 |1208 |4920 |4829 |  30 | 13 | 132 |  24 | 8.329682e-01 | 9.542931e-01 |  14.57%| unknown
*11.3s|    51 |    12 |  4697 |  84.9 |    LP  |  10 |1208 |5014 |4808 | 112 |  3 | 345 | 825 | 8.329682e-01 | 9.438168e-01 |  13.31%|   1.75%
r11.6s|    62 |    13 |  4925 |  73.3 |shifting|  10 |1208 |5043 |4804 | 112 |  0 | 392 | 902 | 8.329682e-01 | 9.400319e-01 |  12.85%|   2.26%
r11.6s|    62 |    13 |  4970 |  74.1 |rounding|  10 |1208 |5043 |4807 | 115 |  1 | 392 | 902 | 8.329682e-01 | 9.372309e-01 |  12.52%|   2.26%
*13.4s|    87 |    15 |  5767 |  61.8 |    LP  |  13 |1208 |5068 |4808 | 148 |  1 | 465 |1116 | 8.329682e-01 | 8.705547e-01 |   4.51%|   8.26%
 14.8s|   100 |    10 |  6348 |  59.6 |   150M |  13 |1208 |4723 |4812 | 186 |  9 | 536 |1188 | 8.329682e-01 | 8.705547e-01 |   4.51%|  15.64%
r16.0s|   137 |    26 |  7196 |  49.6 |shifting|  13 |1208 |4695 |4808 | 203 |  3 | 567 |1310 | 8.329682e-01 | 8.704200e-01 |   4.50%|  26.05%
*16.1s|   142 |    29 |  7207 |  47.9 |    LP  |  14 |1208 |4636 |4804 | 203 |  2 | 567 |1315 | 8.329682e-01 | 8.696063e-01 |   4.40%|  26.06%
*16.8s|   162 |    25 |  7772 |  45.5 |    LP  |  14 |1208 |4570 |4803 | 206 |  2 | 598 |1436 | 8.329682e-01 | 8.606256e-01 |   3.32%|  29.93%
 20.9s|   200 |    39 | 10439 |  50.2 |   152M |  14 |1208 |4509 |4821 | 337 |  3 | 790 |1764 | 8.330040e-01 | 8.606256e-01 |   3.32%|  31.86%
 32.8s|   300 |    54 | 20897 |  68.4 |   161M |  15 |1208 |4729 |4814 | 960 |  1 |1197 |2182 | 8.330889e-01 | 8.606256e-01 |   3.31%|  34.27%
 41.3s|   400 |    72 | 27358 |  67.4 |   165M |  18 |1208 |4840 |4841 |1350 |  8 |1457 |2457 | 8.331070e-01 | 8.606256e-01 |   3.30%|  36.03%
 48.2s|   500 |    81 | 32457 |  64.1 |   167M |  18 |1208 |4855 |4837 |1697 |  9 |1660 |2645 | 8.331070e-01 | 8.606256e-01 |   3.30%|  42.11%
 time | node  | left  |LP iter|LP it/n|mem/heur|mdpt |vars |cons |rows |cuts |sepa|confs|strbr|  dualbound   | primalbound  |  gap   | compl. 
 53.2s|   600 |   112 | 36839 |  60.7 |   168M |  19 |1208 |4872 |4829 |1929 |  1 |1811 |2754 | 8.339674e-01 | 8.606256e-01 |   3.20%|  43.24%
 63.6s|   700 |   142 | 45641 |  64.6 |   173M |  19 |1208 |4709 |4815 |2437 |  2 |2173 |2886 | 8.339674e-01 | 8.606256e-01 |   3.20%|  45.83%
 73.8s|   800 |   169 | 53396 |  66.3 |   183M |  19 |1208 |4968 |4803 |2937 |  2 |2677 |3039 | 8.357384e-01 | 8.606256e-01 |   2.98%|  52.24%
 81.2s|   900 |   157 | 59457 |  65.6 |   185M |  19 |1208 |5003 |4804 |3334 |  4 |3063 |3164 | 8.364317e-01 | 8.606256e-01 |   2.89%|  60.53%
 84.8s|  1000 |   152 | 63926 |  63.5 |   186M |  19 |1208 |4969 |4823 |3522 |  1 |3431 |3223 | 8.382321e-01 | 8.606256e-01 |   2.67%|  66.49%
 88.2s|  1100 |   134 | 66642 |  60.2 |   186M |  19 |1208 |5079 |4830 |3662 |  1 |3731 |3274 | 8.397295e-01 | 8.606256e-01 |   2.49%|  68.45%
 90.6s|  1200 |   111 | 70391 |  58.3 |   187M |  19 |1208 |5145 |4822 |3742 |  0 |3979 |3336 | 8.410753e-01 | 8.606256e-01 |   2.32%|  71.79%
 94.0s|  1300 |    93 | 74051 |  56.7 |   188M |  19 |1208 |5198 |4822 |3889 |  0 |4326 |3392 | 8.433162e-01 | 8.606256e-01 |   2.05%|  76.79%
 96.1s|  1400 |    78 | 76727 |  54.5 |   188M |  19 |1208 |5094 |4829 |3928 |  4 |4515 |3460 | 8.445078e-01 | 8.606256e-01 |   1.91%|  82.19%
  102s|  1500 |    48 | 81304 |  53.9 |   194M |  19 |1208 |4429 |4821 |4129 |  0 |4853 |3524 | 8.466057e-01 | 8.606256e-01 |   1.66%|  86.99%

SCIP Status        : problem is solved [optimal solution found]
Solving Time (sec) : 103.64
Solving Nodes      : 1582
Primal Bound       : +8.60625553533580e-01 (16 solutions)
Dual Bound         : +8.60625553533580e-01
Gap                : 0.00 %
objective value:                     0.86062555353358
x_('12_5', '13_1')                                  1 	(obj:0.0198502071698793)
x_('11_17', '12_5')                                 1 	(obj:0.0156946721311475)
x_('10_31', '11_17')                                1 	(obj:0.0172431339152651)
x_('9_42', '10_31')                                 1 	(obj:0.0407142857142857)
x_('8_45', '9_42')                                  1 	(obj:0.0271467603434817)
x_('7_37', '8_45')                                  1 	(obj:0.029296106557377)
x_('6_35', '7_37')                                  1 	(obj:0.0321428571428571)
x_('5_30', '6_35')                                  1 	(obj:0.0231165105386417)
x_('4_25', '5_30')                                  1 	(obj:0.0555969555035129)
x_('3_20', '4_25')                                  1 	(obj:0.0557230679156909)
x_('2_14', '3_20')                                  1 	(obj:0.0561498829039813)
x_('1_10', '2_14')                                  1 	(obj:0.105653395784543)
x_('0_1', '1_10')                                   1 	(obj:0.0214285714285714)
y_0_0                                               1 	(obj:0)
y_1_0                                               1 	(obj:0)
y_2_0                                               1 	(obj:0)
y_3_1                                               1 	(obj:0)
y_4_1                                               1 	(obj:0)
y_5_1                                               1 	(obj:0)
y_6_2                                               1 	(obj:0)
y_7_2                                               1 	(obj:0)
y_8_2                                               1 	(obj:0)
y_9_2                                               1 	(obj:0)
y_10_3                                              1 	(obj:0)
y_11_3                                              1 	(obj:0)
y_12_3                                              1 	(obj:0)
z_('3268741', '3425762')_2                          1 	(obj:0)
z_('3268741', '1966592X')_0                         1 	(obj:0)
z_('1966592X', '3452192')_0                         1 	(obj:0)
z_('3452192', '1353870')_0                          1 	(obj:0)
z_('3452192', '3520162')_1                          1 	(obj:0)
z_('3520162', '3307092')_2                          1 	(obj:0)
z_('3520162', '3524054')_1                          1 	(obj:0)
z_('3268740', '3524054')_1                          1 	(obj:0)
z_('3524054', '3179975')_2                          1 	(obj:0)
z_('3179975', '3422998')_2                          1 	(obj:0)
z_('3422998', '2495223X')_3                         1 	(obj:0)
z_('3422998', '1353870_01')_3                       1 	(obj:0)
z_('2495223X', '2245784X')_3                        1 	(obj:0)
alpha                                3.51831325301205 	(obj:0.102568793775086)
  obj=0.861  alpha=584.0s  time=103.78s

k = 1
  Subgraph edges — edge_w: 13 (1.2%)  bal_w: 13 (1.2%)  combined: 26 (2.4%)  blended: 13 (1.2%)  blended_union: 37 (3.3%)  diverse: 13 (1.2%)
  [3a] Subgraph / edge_w   k=1 …
2026-07-01 18:58:23.384 | INFO     | pycaalp.time_balancing.model:run_mip:430 - Running MIP solver ...
      obj=0.861 (vs_full=+0.00%)  alpha=584.0s  build=0.001s solve=0.032s  vs_full=+0.00%
  [3b] Subgraph / bal_w    k=1 …
2026-07-01 18:58:23.416 | INFO     | pycaalp.time_balancing.model:run_mip:430 - Running MIP solver ...
      obj=1.072 (vs_full=+24.57%)  alpha=597.8s  build=0.001s solve=0.139s  vs_full=+2.36%
  [3c] Subgraph / combined k=1 …
2026-07-01 18:58:23.555 | INFO     | pycaalp.time_balancing.model:run_mip:430 - Running MIP solver ...
      obj=0.861 (vs_full=+0.00%)  alpha=584.0s  build=0.001s solve=0.244s  vs_full=+0.00%
  [3d] Subgraph / blended  k=1 …
2026-07-01 18:58:23.799 | INFO     | pycaalp.time_balancing.model:run_mip:430 - Running MIP solver ...
      obj=0.902 (vs_full=+4.83%)  alpha=586.1s  build=0.001s solve=0.047s  vs_full=+0.36%
  [3e] Subgraph / bl-union k=1 …
2026-07-01 18:58:23.846 | INFO     | pycaalp.time_balancing.model:run_mip:430 - Running MIP solver ...
      obj=0.861 (vs_full=+0.00%)  alpha=584.0s  build=0.011s solve=0.228s  vs_full=+0.00%
  [3f] Subgraph / diverse  k=1 …
2026-07-01 18:58:24.075 | INFO     | pycaalp.time_balancing.model:run_mip:430 - Running MIP solver ...
      obj=0.902 (vs_full=+4.83%)  alpha=586.1s  build=0.004s solve=0.024s  vs_full=+0.36%

k = 2
  Subgraph edges — edge_w: 15 (1.4%)  bal_w: 15 (1.4%)  combined: 30 (2.7%)  blended: 15 (1.4%)  blended_union: 43 (3.9%)  diverse: 26 (2.4%)
  [3a] Subgraph / edge_w   k=2 …
2026-07-01 18:58:24.169 | INFO     | pycaalp.time_balancing.model:run_mip:430 - Running MIP solver ...
      obj=0.861 (vs_full=+0.00%)  alpha=584.0s  build=0.004s solve=0.144s  vs_full=+0.00%
  [3b] Subgraph / bal_w    k=2 …
2026-07-01 18:58:24.314 | INFO     | pycaalp.time_balancing.model:run_mip:430 - Running MIP solver ...
      obj=1.072 (vs_full=+24.57%)  alpha=597.8s  build=0.003s solve=0.457s  vs_full=+2.36%
  [3c] Subgraph / combined k=2 …
2026-07-01 18:58:24.771 | INFO     | pycaalp.time_balancing.model:run_mip:430 - Running MIP solver ...
      obj=0.861 (vs_full=-0.00%)  alpha=584.0s  build=0.008s solve=0.227s  vs_full=+0.00%
  [3d] Subgraph / blended  k=2 …
2026-07-01 18:58:24.998 | INFO     | pycaalp.time_balancing.model:run_mip:430 - Running MIP solver ...
      obj=0.902 (vs_full=+4.83%)  alpha=586.1s  build=0.009s solve=0.065s  vs_full=+0.36%
  [3e] Subgraph / bl-union k=2 …
2026-07-01 18:58:25.063 | INFO     | pycaalp.time_balancing.model:run_mip:430 - Running MIP solver ...
      obj=0.861 (vs_full=+0.00%)  alpha=584.0s  build=0.043s solve=0.718s  vs_full=+0.00%
  [3f] Subgraph / diverse  k=2 …
2026-07-01 18:58:25.781 | INFO     | pycaalp.time_balancing.model:run_mip:430 - Running MIP solver ...
      obj=0.902 (vs_full=+4.83%)  alpha=586.1s  build=0.005s solve=0.264s  vs_full=+0.36%

k = 5
  Subgraph edges — edge_w: 21 (1.9%)  bal_w: 27 (2.4%)  combined: 48 (4.3%)  blended: 21 (1.9%)  blended_union: 60 (5.4%)  diverse: 65 (5.9%)
  [3a] Subgraph / edge_w   k=5 …
2026-07-01 18:58:26.225 | INFO     | pycaalp.time_balancing.model:run_mip:430 - Running MIP solver ...
      obj=0.861 (vs_full=-0.00%)  alpha=584.0s  build=0.020s solve=0.215s  vs_full=+0.00%
  [3b] Subgraph / bal_w    k=5 …
2026-07-01 18:58:26.440 | INFO     | pycaalp.time_balancing.model:run_mip:430 - Running MIP solver ...
      obj=1.061 (vs_full=+23.33%)  alpha=597.8s  build=0.009s solve=1.701s  vs_full=+2.36%
  [3c] Subgraph / combined k=5 …
2026-07-01 18:58:28.141 | INFO     | pycaalp.time_balancing.model:run_mip:430 - Running MIP solver ...
      obj=0.861 (vs_full=+0.00%)  alpha=584.0s  build=0.027s solve=0.664s  vs_full=+0.00%
  [3d] Subgraph / blended  k=5 …
2026-07-01 18:58:28.805 | INFO     | pycaalp.time_balancing.model:run_mip:430 - Running MIP solver ...
      obj=0.902 (vs_full=+4.83%)  alpha=586.1s  build=0.034s solve=0.148s  vs_full=+0.36%
  [3e] Subgraph / bl-union k=5 …
2026-07-01 18:58:28.953 | INFO     | pycaalp.time_balancing.model:run_mip:430 - Running MIP solver ...
      obj=0.861 (vs_full=+0.00%)  alpha=584.0s  build=0.075s solve=0.539s  vs_full=+0.00%
  [3f] Subgraph / diverse  k=5 …
2026-07-01 18:58:29.491 | INFO     | pycaalp.time_balancing.model:run_mip:430 - Running MIP solver ...
      obj=0.870 (vs_full=+1.05%)  alpha=581.1s  build=0.014s solve=0.960s  vs_full=-0.50%

k = 10
  Subgraph edges — edge_w: 24 (2.2%)  bal_w: 38 (3.4%)  combined: 62 (5.6%)  blended: 24 (2.2%)  blended_union: 76 (6.9%)  diverse: 126 (11.4%)
  [3a] Subgraph / edge_w   k=10 …
2026-07-01 18:58:30.770 | INFO     | pycaalp.time_balancing.model:run_mip:430 - Running MIP solver ...
      obj=0.861 (vs_full=+0.00%)  alpha=584.0s  build=0.057s solve=0.147s  vs_full=+0.00%
  [3b] Subgraph / bal_w    k=10 …
2026-07-01 18:58:30.917 | INFO     | pycaalp.time_balancing.model:run_mip:430 - Running MIP solver ...
      obj=1.061 (vs_full=+23.33%)  alpha=597.8s  build=0.016s solve=1.583s  vs_full=+2.36%
  [3c] Subgraph / combined k=10 …
2026-07-01 18:58:32.500 | INFO     | pycaalp.time_balancing.model:run_mip:430 - Running MIP solver ...
      obj=0.861 (vs_full=+0.00%)  alpha=584.0s  build=0.049s solve=1.218s  vs_full=+0.00%
  [3d] Subgraph / blended  k=10 …
2026-07-01 18:58:33.719 | INFO     | pycaalp.time_balancing.model:run_mip:430 - Running MIP solver ...
      obj=0.902 (vs_full=+4.83%)  alpha=586.1s  build=0.052s solve=0.220s  vs_full=+0.36%
  [3e] Subgraph / bl-union k=10 …
2026-07-01 18:58:33.939 | INFO     | pycaalp.time_balancing.model:run_mip:430 - Running MIP solver ...
      obj=0.861 (vs_full=+0.00%)  alpha=584.0s  build=0.135s solve=0.572s  vs_full=+0.00%
  [3f] Subgraph / diverse  k=10 …
2026-07-01 18:58:34.511 | INFO     | pycaalp.time_balancing.model:run_mip:430 - Running MIP solver ...
      obj=0.870 (vs_full=+1.05%)  alpha=581.1s  build=0.010s solve=0.968s  vs_full=-0.50%

k = 20
  Subgraph edges — edge_w: 35 (3.2%)  bal_w: 42 (3.8%)  combined: 77 (7.0%)  blended: 30 (2.7%)  blended_union: 92 (8.3%)  diverse: 239 (21.6%)
  [3a] Subgraph / edge_w   k=20 …
2026-07-01 18:58:36.073 | INFO     | pycaalp.time_balancing.model:run_mip:430 - Running MIP solver ...
      obj=0.861 (vs_full=+0.00%)  alpha=584.0s  build=0.082s solve=1.161s  vs_full=+0.00%
  [3b] Subgraph / bal_w    k=20 …
2026-07-01 18:58:37.235 | INFO     | pycaalp.time_balancing.model:run_mip:430 - Running MIP solver ...
      obj=1.061 (vs_full=+23.33%)  alpha=597.8s  build=0.047s solve=3.477s  vs_full=+2.36%
  [3c] Subgraph / combined k=20 …
2026-07-01 18:58:40.712 | INFO     | pycaalp.time_balancing.model:run_mip:430 - Running MIP solver ...
      obj=0.861 (vs_full=+0.00%)  alpha=584.0s  build=0.134s solve=1.563s  vs_full=+0.00%
  [3d] Subgraph / blended  k=20 …
2026-07-01 18:58:42.275 | INFO     | pycaalp.time_balancing.model:run_mip:430 - Running MIP solver ...
      obj=0.902 (vs_full=+4.83%)  alpha=586.1s  build=0.092s solve=0.844s  vs_full=+0.36%
  [3e] Subgraph / bl-union k=20 …
2026-07-01 18:58:43.119 | INFO     | pycaalp.time_balancing.model:run_mip:430 - Running MIP solver ...
      obj=0.861 (vs_full=+0.00%)  alpha=584.0s  build=0.207s solve=0.808s  vs_full=+0.00%
  [3f] Subgraph / diverse  k=20 …
2026-07-01 18:58:43.926 | INFO     | pycaalp.time_balancing.model:run_mip:430 - Running MIP solver ...
      obj=0.870 (vs_full=+1.05%)  alpha=581.1s  build=0.031s solve=1.410s  vs_full=-0.50%

k = 50
  Subgraph edges — edge_w: 54 (4.9%)  bal_w: 63 (5.7%)  combined: 116 (10.5%)  blended: 38 (3.4%)  blended_union: 125 (11.3%)  diverse: 507 (45.9%)
  [3a] Subgraph / edge_w   k=50 …
2026-07-01 18:58:46.821 | INFO     | pycaalp.time_balancing.model:run_mip:430 - Running MIP solver ...
      obj=0.861 (vs_full=+0.00%)  alpha=584.0s  build=0.160s solve=0.631s  vs_full=+0.00%
  [3b] Subgraph / bal_w    k=50 …
2026-07-01 18:58:47.452 | INFO     | pycaalp.time_balancing.model:run_mip:430 - Running MIP solver ...
      obj=1.060 (vs_full=+23.16%)  alpha=602.7s  build=0.126s solve=1.167s  vs_full=+3.19%
  [3c] Subgraph / combined k=50 …
2026-07-01 18:58:48.619 | INFO     | pycaalp.time_balancing.model:run_mip:430 - Running MIP solver ...
      obj=0.861 (vs_full=-0.00%)  alpha=584.0s  build=0.287s solve=2.312s  vs_full=+0.00%
  [3d] Subgraph / blended  k=50 …
2026-07-01 18:58:50.931 | INFO     | pycaalp.time_balancing.model:run_mip:430 - Running MIP solver ...
      obj=0.902 (vs_full=+4.83%)  alpha=586.1s  build=0.240s solve=0.544s  vs_full=+0.36%
  [3e] Subgraph / bl-union k=50 …
2026-07-01 18:58:51.476 | INFO     | pycaalp.time_balancing.model:run_mip:430 - Running MIP solver ...
      obj=0.861 (vs_full=+0.00%)  alpha=584.0s  build=0.644s solve=2.536s  vs_full=+0.00%
  [3f] Subgraph / diverse  k=50 …
2026-07-01 18:58:54.012 | INFO     | pycaalp.time_balancing.model:run_mip:430 - Running MIP solver ...
      obj=0.862 (vs_full=+0.12%)  alpha=584.0s  build=0.028s solve=7.706s  vs_full=+0.00%

k = 100
  Subgraph edges — edge_w: 78 (7.1%)  bal_w: 86 (7.8%)  combined: 162 (14.7%)  blended: 45 (4.1%)  blended_union: 153 (13.8%)  diverse: 748 (67.7%)
  [3a] Subgraph / edge_w   k=100 …
2026-07-01 18:59:05.627 | INFO     | pycaalp.time_balancing.model:run_mip:430 - Running MIP solver ...
      obj=0.861 (vs_full=+0.00%)  alpha=584.0s  build=0.653s solve=1.571s  vs_full=+0.00%
  [3b] Subgraph / bal_w    k=100 …
2026-07-01 18:59:07.198 | INFO     | pycaalp.time_balancing.model:run_mip:430 - Running MIP solver ...
      obj=1.057 (vs_full=+22.86%)  alpha=597.8s  build=0.265s solve=1.066s  vs_full=+2.36%
  [3c] Subgraph / combined k=100 …
2026-07-01 18:59:08.264 | INFO     | pycaalp.time_balancing.model:run_mip:430 - Running MIP solver ...
      obj=0.861 (vs_full=+0.00%)  alpha=584.0s  build=0.742s solve=0.946s  vs_full=+0.00%
  [3d] Subgraph / blended  k=100 …
2026-07-01 18:59:09.210 | INFO     | pycaalp.time_balancing.model:run_mip:430 - Running MIP solver ...
      obj=0.902 (vs_full=+4.81%)  alpha=595.5s  build=0.579s solve=0.614s  vs_full=+1.97%
  [3e] Subgraph / bl-union k=100 …
2026-07-01 18:59:09.825 | INFO     | pycaalp.time_balancing.model:run_mip:430 - Running MIP solver ...
      obj=0.861 (vs_full=+0.00%)  alpha=584.0s  build=1.530s solve=1.992s  vs_full=+0.00%
  [3f] Subgraph / diverse  k=100 …
2026-07-01 18:59:11.818 | INFO     | pycaalp.time_balancing.model:run_mip:430 - Running MIP solver ...
      obj=0.862 (vs_full=+0.12%)  alpha=584.0s  build=0.139s solve=16.883s  vs_full=+0.00%

k = 200
  Subgraph edges — edge_w: 95 (8.6%)  bal_w: 111 (10.0%)  combined: 202 (18.3%)  blended: 49 (4.4%)  blended_union: 177 (16.0%)  diverse: 901 (81.5%)
  [3a] Subgraph / edge_w   k=200 …
2026-07-01 18:59:34.683 | INFO     | pycaalp.time_balancing.model:run_mip:430 - Running MIP solver ...
      obj=0.861 (vs_full=+0.00%)  alpha=584.0s  build=0.785s solve=1.401s  vs_full=+0.00%
  [3b] Subgraph / bal_w    k=200 …
2026-07-01 18:59:36.084 | INFO     | pycaalp.time_balancing.model:run_mip:430 - Running MIP solver ...
      obj=1.053 (vs_full=+22.33%)  alpha=586.1s  build=0.442s solve=2.390s  vs_full=+0.36%
  [3c] Subgraph / combined k=200 …
2026-07-01 18:59:38.474 | INFO     | pycaalp.time_balancing.model:run_mip:430 - Running MIP solver ...
      obj=0.861 (vs_full=+0.00%)  alpha=584.0s  build=1.049s solve=2.370s  vs_full=+0.00%
  [3d] Subgraph / blended  k=200 …
2026-07-01 18:59:40.845 | INFO     | pycaalp.time_balancing.model:run_mip:430 - Running MIP solver ...
      obj=0.886 (vs_full=+2.90%)  alpha=581.1s  build=1.001s solve=2.211s  vs_full=-0.50%
  [3e] Subgraph / bl-union k=200 …
2026-07-01 18:59:43.056 | INFO     | pycaalp.time_balancing.model:run_mip:430 - Running MIP solver ...
      obj=0.861 (vs_full=+0.00%)  alpha=584.0s  build=2.488s solve=3.920s  vs_full=+0.00%
  [3f] Subgraph / diverse  k=200 …
2026-07-01 18:59:46.976 | INFO     | pycaalp.time_balancing.model:run_mip:430 - Running MIP solver ...
      obj=0.861 (vs_full=+0.00%)  alpha=584.0s  build=0.217s solve=34.443s  vs_full=+0.00%

k = 500
  Subgraph edges — edge_w: 108 (9.8%)  bal_w: 153 (13.8%)  combined: 257 (23.3%)  blended: 119 (10.8%)  blended_union: 245 (22.2%)  diverse: 1045 (94.6%)
  [3a] Subgraph / edge_w   k=500 …
2026-07-01 19:00:35.678 | INFO     | pycaalp.time_balancing.model:run_mip:430 - Running MIP solver ...
      obj=0.861 (vs_full=+0.00%)  alpha=584.0s  build=1.603s solve=0.749s  vs_full=+0.00%
  [3b] Subgraph / bal_w    k=500 …
2026-07-01 19:00:36.427 | INFO     | pycaalp.time_balancing.model:run_mip:430 - Running MIP solver ...
      obj=1.050 (vs_full=+21.95%)  alpha=581.1s  build=1.119s solve=2.832s  vs_full=-0.50%
  [3c] Subgraph / combined k=500 …
2026-07-01 19:00:39.259 | INFO     | pycaalp.time_balancing.model:run_mip:430 - Running MIP solver ...
      obj=0.861 (vs_full=+0.00%)  alpha=584.0s  build=2.967s solve=2.526s  vs_full=+0.00%
  [3d] Subgraph / blended  k=500 …
2026-07-01 19:00:41.785 | INFO     | pycaalp.time_balancing.model:run_mip:430 - Running MIP solver ...
      obj=0.881 (vs_full=+2.39%)  alpha=574.6s  build=1.952s solve=1.777s  vs_full=-1.61%
  [3e] Subgraph / bl-union k=500 …
2026-07-01 19:00:43.563 | INFO     | pycaalp.time_balancing.model:run_mip:430 - Running MIP solver ...
      obj=0.861 (vs_full=+0.00%)  alpha=584.0s  build=6.098s solve=7.894s  vs_full=+0.00%
  [3f] Subgraph / diverse  k=500 …
2026-07-01 19:00:51.457 | INFO     | pycaalp.time_balancing.model:run_mip:430 - Running MIP solver ...
      obj=0.861 (vs_full=+0.00%)  alpha=584.0s  build=0.520s solve=109.392s  vs_full=+0.00%

k = 1000
  Subgraph edges — edge_w: 142 (12.9%)  bal_w: 211 (19.1%)  combined: 346 (31.3%)  blended: 187 (16.9%)  blended_union: 297 (26.9%)  diverse: 1102 (99.7%)
  [3a] Subgraph / edge_w   k=1000 …
2026-07-01 19:03:12.451 | INFO     | pycaalp.time_balancing.model:run_mip:430 - Running MIP solver ...
      obj=0.861 (vs_full=+0.00%)  alpha=584.0s  build=3.673s solve=2.437s  vs_full=+0.00%
  [3b] Subgraph / bal_w    k=1000 …
2026-07-01 19:03:14.888 | INFO     | pycaalp.time_balancing.model:run_mip:430 - Running MIP solver ...
      obj=1.047 (vs_full=+21.64%)  alpha=581.1s  build=2.768s solve=6.082s  vs_full=-0.50%
  [3c] Subgraph / combined k=1000 …
2026-07-01 19:03:20.971 | INFO     | pycaalp.time_balancing.model:run_mip:430 - Running MIP solver ...
      obj=0.861 (vs_full=+0.00%)  alpha=584.0s  build=7.115s solve=3.128s  vs_full=+0.00%
  [3d] Subgraph / blended  k=1000 …
2026-07-01 19:03:24.099 | INFO     | pycaalp.time_balancing.model:run_mip:430 - Running MIP solver ...
      obj=0.865 (vs_full=+0.50%)  alpha=584.0s  build=4.122s solve=4.244s  vs_full=+0.00%
  [3e] Subgraph / bl-union k=1000 …
2026-07-01 19:03:28.343 | INFO     | pycaalp.time_balancing.model:run_mip:430 - Running MIP solver ...
      obj=0.861 (vs_full=+0.00%)  alpha=584.0s  build=12.858s solve=5.377s  vs_full=+0.00%
  [3f] Subgraph / diverse  k=1000 …
2026-07-01 19:03:33.720 | INFO     | pycaalp.time_balancing.model:run_mip:430 - Running MIP solver ...
      obj=0.861 (vs_full=+0.00%)  alpha=584.0s  build=1.065s solve=21.809s  vs_full=+0.00%

k = 2000
  Subgraph edges — edge_w: 185 (16.7%)  bal_w: 292 (26.4%)  combined: 460 (41.6%)  blended: 229 (20.7%)  blended_union: 410 (37.1%)  diverse: 1105 (100.0%)
  [3a] Subgraph / edge_w   k=2000 …
2026-07-01 19:05:05.789 | INFO     | pycaalp.time_balancing.model:run_mip:430 - Running MIP solver ...
      obj=0.861 (vs_full=+0.00%)  alpha=584.0s  build=8.209s solve=2.607s  vs_full=+0.00%
  [3b] Subgraph / bal_w    k=2000 …
2026-07-01 19:05:08.397 | INFO     | pycaalp.time_balancing.model:run_mip:430 - Running MIP solver ...
      obj=1.047 (vs_full=+21.64%)  alpha=581.1s  build=6.809s solve=13.126s  vs_full=-0.50%
  [3c] Subgraph / combined k=2000 …
2026-07-01 19:05:21.523 | INFO     | pycaalp.time_balancing.model:run_mip:430 - Running MIP solver ...
      obj=0.861 (vs_full=+0.00%)  alpha=584.0s  build=14.963s solve=5.006s  vs_full=+0.00%
  [3d] Subgraph / blended  k=2000 …
2026-07-01 19:05:26.529 | INFO     | pycaalp.time_balancing.model:run_mip:430 - Running MIP solver ...
      obj=0.863 (vs_full=+0.30%)  alpha=584.0s  build=9.093s solve=8.709s  vs_full=+0.00%
  [3e] Subgraph / bl-union k=2000 …
2026-07-01 19:05:35.238 | INFO     | pycaalp.time_balancing.model:run_mip:430 - Running MIP solver ...
      obj=0.861 (vs_full=+0.00%)  alpha=584.0s  build=29.112s solve=24.017s  vs_full=+0.00%
  [3f] Subgraph / diverse  k=2000 …
2026-07-01 19:05:59.255 | INFO     | pycaalp.time_balancing.model:run_mip:430 - Running MIP solver ...
      obj=0.861 (vs_full=+0.00%)  alpha=584.0s  build=2.074s solve=111.164s  vs_full=+0.00%

k = 5000
  Subgraph edges — edge_w: 232 (21.0%)  bal_w: 431 (39.0%)  combined: 632 (57.2%)  blended: 356 (32.2%)  blended_union: 525 (47.5%)  diverse: 1105 (100.0%)
  [3a] Subgraph / edge_w   k=5000 …
2026-07-01 19:12:17.330 | INFO     | pycaalp.time_balancing.model:run_mip:430 - Running MIP solver ...
      obj=0.861 (vs_full=+0.00%)  alpha=584.0s  build=33.414s solve=8.521s  vs_full=+0.00%
  [3b] Subgraph / bal_w    k=5000 …
2026-07-01 19:12:25.851 | INFO     | pycaalp.time_balancing.model:run_mip:430 - Running MIP solver ...
      obj=0.995 (vs_full=+15.55%)  alpha=581.1s  build=24.787s solve=9.986s  vs_full=-0.50%
  [3c] Subgraph / combined k=5000 …
2026-07-01 19:12:35.838 | INFO     | pycaalp.time_balancing.model:run_mip:430 - Running MIP solver ...
      obj=0.861 (vs_full=+0.00%)  alpha=584.0s  build=54.923s solve=13.843s  vs_full=+0.00%
  [3d] Subgraph / blended  k=5000 …
2026-07-01 19:12:49.681 | INFO     | pycaalp.time_balancing.model:run_mip:430 - Running MIP solver ...
      obj=0.861 (vs_full=+0.00%)  alpha=584.0s  build=35.390s solve=17.291s  vs_full=+0.00%
  [3e] Subgraph / bl-union k=5000 …
2026-07-01 19:13:06.973 | INFO     | pycaalp.time_balancing.model:run_mip:430 - Running MIP solver ...
      obj=0.861 (vs_full=+0.00%)  alpha=584.0s  build=112.866s solve=36.333s  vs_full=+0.00%
  [3f] Subgraph / diverse  k=5000 …
2026-07-01 19:13:43.306 | INFO     | pycaalp.time_balancing.model:run_mip:430 - Running MIP solver ...
      obj=0.861 (vs_full=+0.00%)  alpha=584.0s  build=5.530s solve=103.812s  vs_full=+0.00%

Results saved to experiments/strategy_comparison/assembly_1_np_4/strategy_comparison_lambda_0.4.csv
Plot with:  python -m experiments.strategy_comparison.plot_k_sensitivity

============================================================================================================================
SUMMARY — assembly_1  P=4  λ=0.4
============================================================================================================================
Strategy       Weight                      k   Build    Solve    Total  Spdup       Obj   ObjvsF     Alpha    AlvsF   Edges  %Grph
----------------------------------------------------------------------------------------------------------------------------
full_mip       —                               0.000  103.782  103.782   1.0x     0.861    +0.00    584.04    +0.00    1105  100.0
subgraph_mip   edge_weight                 1   0.001    0.032    0.033 3122.6x     0.861    +0.00    584.04    +0.00      13    1.2
subgraph_mip   time_balanced_weight        1   0.001    0.139    0.140 740.4x     1.072   +24.57    597.84    +2.36      13    1.2
subgraph_mip   combined                    1   0.001    0.244    0.246 422.3x     0.861    +0.00    584.04    +0.00      26    2.4
subgraph_mip   blended                     1   0.001    0.047    0.048 2167.4x     0.902    +4.83    586.13    +0.36      13    1.2
subgraph_mip   blended_union               1   0.011    0.228    0.239 433.4x     0.861    +0.00    584.04    +0.00      37    3.4
subgraph_mip   diverse                     1   0.004    0.024    0.028 3726.4x     0.902    +4.83    586.13    +0.36      13    1.2
subgraph_mip   edge_weight                 2   0.004    0.144    0.148 702.3x     0.861    +0.00    584.04    +0.00      15    1.4
subgraph_mip   time_balanced_weight        2   0.003    0.457    0.460 225.8x     1.072   +24.57    597.84    +2.36      15    1.4
subgraph_mip   combined                    2   0.008    0.227    0.235 441.7x     0.861    -0.00    584.04    +0.00      30    2.7
subgraph_mip   blended                     2   0.009    0.065    0.073 1412.5x     0.902    +4.83    586.13    +0.36      15    1.4
subgraph_mip   blended_union               2   0.043    0.718    0.761 136.4x     0.861    +0.00    584.04    +0.00      43    3.9
subgraph_mip   diverse                     2   0.005    0.264    0.268 387.0x     0.902    +4.83    586.13    +0.36      26    2.4
subgraph_mip   edge_weight                 5   0.020    0.215    0.235 441.6x     0.861    -0.00    584.04    +0.00      21    1.9
subgraph_mip   time_balanced_weight        5   0.009    1.701    1.710  60.7x     1.061   +23.33    597.84    +2.36      27    2.4
subgraph_mip   combined                    5   0.027    0.664    0.691 150.2x     0.861    +0.00    584.04    +0.00      48    4.3
subgraph_mip   blended                     5   0.034    0.148    0.182 570.4x     0.902    +4.83    586.13    +0.36      21    1.9
subgraph_mip   blended_union               5   0.075    0.539    0.614 169.1x     0.861    +0.00    584.04    +0.00      60    5.4
subgraph_mip   diverse                     5   0.014    0.960    0.974 106.6x     0.870    +1.05    581.12    -0.50      65    5.9
subgraph_mip   edge_weight                10   0.057    0.147    0.204 509.8x     0.861    +0.00    584.04    +0.00      24    2.2
subgraph_mip   time_balanced_weight       10   0.016    1.583    1.599  64.9x     1.061   +23.33    597.84    +2.36      38    3.4
subgraph_mip   combined                   10   0.049    1.218    1.268  81.9x     0.861    +0.00    584.04    +0.00      62    5.6
subgraph_mip   blended                    10   0.052    0.220    0.272 381.3x     0.902    +4.83    586.13    +0.36      24    2.2
subgraph_mip   blended_union              10   0.135    0.572    0.707 146.8x     0.861    +0.00    584.04    +0.00      76    6.9
subgraph_mip   diverse                    10   0.010    0.968    0.978 106.1x     0.870    +1.05    581.12    -0.50     126   11.4
subgraph_mip   edge_weight                20   0.082    1.161    1.243  83.5x     0.861    +0.00    584.04    +0.00      35    3.2
subgraph_mip   time_balanced_weight       20   0.047    3.477    3.524  29.4x     1.061   +23.33    597.84    +2.36      42    3.8
subgraph_mip   combined                   20   0.134    1.563    1.697  61.1x     0.861    +0.00    584.04    +0.00      77    7.0
subgraph_mip   blended                    20   0.092    0.844    0.936 110.9x     0.902    +4.83    586.13    +0.36      30    2.7
subgraph_mip   blended_union              20   0.207    0.808    1.015 102.2x     0.861    +0.00    584.04    +0.00      92    8.3
subgraph_mip   diverse                    20   0.031    1.410    1.441  72.0x     0.870    +1.05    581.12    -0.50     239   21.6
subgraph_mip   edge_weight                50   0.160    0.631    0.791 131.2x     0.861    +0.00    584.04    +0.00      54    4.9
subgraph_mip   time_balanced_weight       50   0.126    1.167    1.293  80.3x     1.060   +23.16    602.68    +3.19      63    5.7
subgraph_mip   combined                   50   0.287    2.312    2.598  39.9x     0.861    -0.00    584.04    +0.00     116   10.5
subgraph_mip   blended                    50   0.240    0.544    0.785 132.3x     0.902    +4.83    586.13    +0.36      38    3.4
subgraph_mip   blended_union              50   0.644    2.536    3.180  32.6x     0.861    +0.00    584.04    +0.00     125   11.3
subgraph_mip   diverse                    50   0.028    7.706    7.734  13.4x     0.862    +0.12    584.04    +0.00     507   45.9
subgraph_mip   edge_weight               100   0.653    1.571    2.224  46.7x     0.861    +0.00    584.04    +0.00      78    7.1
subgraph_mip   time_balanced_weight      100   0.265    1.066    1.331  78.0x     1.057   +22.86    597.84    +2.36      86    7.8
subgraph_mip   combined                  100   0.742    0.946    1.689  61.5x     0.861    +0.00    584.04    +0.00     162   14.7
subgraph_mip   blended                   100   0.579    0.614    1.193  87.0x     0.902    +4.81    595.55    +1.97      45    4.1
subgraph_mip   blended_union             100   1.530    1.992    3.523  29.5x     0.861    +0.00    584.04    +0.00     153   13.8
subgraph_mip   diverse                   100   0.139   16.883   17.022   6.1x     0.862    +0.12    584.04    +0.00     748   67.7
subgraph_mip   edge_weight               200   0.785    1.401    2.186  47.5x     0.861    +0.00    584.04    +0.00      95    8.6
subgraph_mip   time_balanced_weight      200   0.442    2.390    2.833  36.6x     1.053   +22.33    586.13    +0.36     111   10.1
subgraph_mip   combined                  200   1.049    2.370    3.420  30.4x     0.861    +0.00    584.04    +0.00     202   18.3
subgraph_mip   blended                   200   1.001    2.211    3.212  32.3x     0.886    +2.90    581.12    -0.50      49    4.4
subgraph_mip   blended_union             200   2.488    3.920    6.408  16.2x     0.861    +0.00    584.04    +0.00     177   16.0
subgraph_mip   diverse                   200   0.217   34.443   34.659   3.0x     0.861    +0.00    584.04    +0.00     901   81.5
subgraph_mip   edge_weight               500   1.603    0.749    2.352  44.1x     0.861    +0.00    584.04    +0.00     108    9.8
subgraph_mip   time_balanced_weight      500   1.119    2.832    3.951  26.3x     1.050   +21.95    581.12    -0.50     153   13.8
subgraph_mip   combined                  500   2.967    2.526    5.493  18.9x     0.861    +0.00    584.04    +0.00     257   23.3
subgraph_mip   blended                   500   1.952    1.777    3.729  27.8x     0.881    +2.39    574.62    -1.61     119   10.8
subgraph_mip   blended_union             500   6.098    7.894   13.992   7.4x     0.861    +0.00    584.04    +0.00     245   22.2
subgraph_mip   diverse                   500   0.520  109.392  109.912   0.9x     0.861    +0.00    584.04    +0.00    1045   94.6
subgraph_mip   edge_weight              1000   3.673    2.437    6.110  17.0x     0.861    +0.00    584.04    +0.00     142   12.8
subgraph_mip   time_balanced_weight     1000   2.768    6.082    8.850  11.7x     1.047   +21.64    581.12    -0.50     211   19.1
subgraph_mip   combined                 1000   7.115    3.128   10.244  10.1x     0.861    +0.00    584.04    +0.00     346   31.3
subgraph_mip   blended                  1000   4.122    4.244    8.366  12.4x     0.865    +0.50    584.04    +0.00     187   16.9
subgraph_mip   blended_union            1000  12.858    5.377   18.236   5.7x     0.861    +0.00    584.04    +0.00     297   26.9
subgraph_mip   diverse                  1000   1.065   21.809   22.874   4.5x     0.861    +0.00    584.04    +0.00    1102   99.7
subgraph_mip   edge_weight              2000   8.209    2.607   10.816   9.6x     0.861    +0.00    584.04    +0.00     185   16.7
subgraph_mip   time_balanced_weight     2000   6.809   13.126   19.935   5.2x     1.047   +21.64    581.12    -0.50     292   26.4
subgraph_mip   combined                 2000  14.963    5.006   19.969   5.2x     0.861    +0.00    584.04    +0.00     460   41.6
subgraph_mip   blended                  2000   9.093    8.709   17.801   5.8x     0.863    +0.30    584.04    +0.00     229   20.7
subgraph_mip   blended_union            2000  29.112   24.017   53.129   1.9x     0.861    +0.00    584.04    +0.00     410   37.1
subgraph_mip   diverse                  2000   2.074  111.164  113.238   0.9x     0.861    +0.00    584.04    +0.00    1105  100.0
subgraph_mip   edge_weight              5000  33.414    8.521   41.936   2.5x     0.861    +0.00    584.04    +0.00     232   21.0
subgraph_mip   time_balanced_weight     5000  24.787    9.986   34.773   3.0x     0.995   +15.55    581.12    -0.50     431   39.0
subgraph_mip   combined                 5000  54.923   13.843   68.767   1.5x     0.861    +0.00    584.04    +0.00     632   57.2
subgraph_mip   blended                  5000  35.390   17.291   52.681   2.0x     0.861    +0.00    584.04    +0.00     356   32.2
subgraph_mip   blended_union            5000 112.866   36.333  149.199   0.7x     0.861    +0.00    584.04    +0.00     525   47.5
subgraph_mip   diverse                  5000   5.530  103.812  109.342   0.9x     0.861    +0.00    584.04    +0.00    1105  100.0
============================================================================================================================

----------------- λ = 0.45 -----------------
========================================================================
Strategy Comparison Experiment — assembly_1  P=4  λ=0.45
========================================================================

Building assembly digraph …
2026-07-01 18:56:39.258 | INFO     | pycaalp.gapp.assembly_digraph:compute_assembly_digraph_complete:395 - Computing assembly digraph...
  343 nodes, 1105 edges  (0.3s)

[1] Full MIP  P=4  λ=0.45
2026-07-01 18:56:39.595 | INFO     | pycaalp.time_balancing.model:run_mip:430 - Running MIP solver ...
presolving:
(round 1, fast)       2 del vars, 2 del conss, 0 add conss, 0 chg bounds, 0 chg sides, 0 chg coeffs, 0 upgd conss, 0 impls, 69 clqs, 0 implints
(round 2, exhaustive) 2 del vars, 2 del conss, 0 add conss, 1 chg bounds, 0 chg sides, 0 chg coeffs, 4525 upgd conss, 0 impls, 69 clqs, 0 implints
   (0.3s) probing: 1000/1207 (82.9%) - 0 fixings, 0 aggregations, 130891 implications, 0 bound changes
   (0.3s) probing: 1001/1207 (82.9%) - 0 fixings, 0 aggregations, 130966 implications, 0 bound changes
   (0.3s) probing aborted: 1000/1000 successive useless probings
   (0.3s) symmetry computation started: requiring (bin +, int +, cont +), (fixed: bin -, int -, cont -)
   (0.3s) no symmetry present (symcode time: 0.00)
presolving (3 rounds: 3 fast, 2 medium, 2 exhaustive):
 2 deleted vars, 2 deleted constraints, 0 added constraints, 1 tightened bounds, 0 added holes, 0 changed sides, 0 changed coefficients
 0 implications, 15690 cliques, 0 implied integral variables (0 bin, 0 int, 0 cont)
presolved problem has 1208 variables (1207 bin, 0 int, 1 cont) and 4839 constraints
     69 constraints of type <setppc>
    314 constraints of type <linear>
   4456 constraints of type <logicor>
Presolving Time: 0.30

 time | node  | left  |LP iter|LP it/n|mem/heur|mdpt |vars |cons |rows |cuts |sepa|confs|strbr|  dualbound   | primalbound  |  gap   | compl. 
p 0.4s|     1 |     0 |   126 |     - | vbounds|   0 |1208 |4867 |4839 |   0 |  0 |  27 |   0 | 0.000000e+00 | 1.158892e+00 |    Inf | unknown
  0.4s|     1 |     0 |   471 |     - |    34M |   0 |1208 |4867 |4839 |   0 |  0 |  27 |   0 | 8.329273e-01 | 1.158892e+00 |  39.13%| unknown
  0.7s|     1 |     0 |   484 |     - |    39M |   0 |1208 |4875 |4843 |   4 |  1 |  35 |   0 | 8.329273e-01 | 1.158892e+00 |  39.13%| unknown
  1.0s|     1 |     0 |   492 |     - |    46M |   0 |1208 |4881 |4846 |   7 |  2 |  41 |   0 | 8.329273e-01 | 1.158892e+00 |  39.13%| unknown
  1.5s|     1 |     0 |   503 |     - |    54M |   0 |1208 |4882 |4850 |  11 |  3 |  42 |   0 | 8.329273e-01 | 1.158892e+00 |  39.13%| unknown
  2.0s|     1 |     0 |   515 |     - |    60M |   0 |1208 |4886 |4853 |  14 |  4 |  46 |   0 | 8.329273e-01 | 1.158892e+00 |  39.13%| unknown
  2.5s|     1 |     0 |   525 |     - |    66M |   0 |1208 |4887 |4855 |  16 |  5 |  47 |   0 | 8.329273e-01 | 1.158892e+00 |  39.13%| unknown
  2.9s|     1 |     0 |   534 |     - |    73M |   0 |1208 |4897 |4858 |  19 |  6 |  57 |   0 | 8.329273e-01 | 1.158892e+00 |  39.13%| unknown
  3.2s|     1 |     0 |   540 |     - |    81M |   0 |1208 |4898 |4860 |  21 |  7 |  58 |   0 | 8.329273e-01 | 1.158892e+00 |  39.13%| unknown
  3.8s|     1 |     0 |   543 |     - |    89M |   0 |1208 |4901 |4863 |  24 |  8 |  67 |   0 | 8.329273e-01 | 1.158892e+00 |  39.13%| unknown
  4.4s|     1 |     0 |   562 |     - |    95M |   0 |1208 |4903 |4864 |  25 |  9 |  69 |   0 | 8.329273e-01 | 1.158892e+00 |  39.13%| unknown
  4.9s|     1 |     0 |   570 |     - |   103M |   0 |1208 |4912 |4866 |  27 | 10 |  79 |   0 | 8.329273e-01 | 1.158892e+00 |  39.13%| unknown
  4.9s|     1 |     0 |   573 |     - |   103M |   0 |1208 |4913 |4868 |  29 | 11 |  80 |   0 | 8.329273e-01 | 1.158892e+00 |  39.13%| unknown
d 5.0s|     1 |     0 |  1287 |     - |farkasdi|   0 |1208 |4916 |4868 |   0 | 11 |  83 |   0 | 8.329273e-01 | 9.689754e-01 |  16.33%| unknown
  5.1s|     1 |     0 |  1865 |     - |   103M |   0 |1208 |4920 |4868 |  29 | 11 |  87 |   0 | 8.329273e-01 | 9.689754e-01 |  16.33%| unknown
 time | node  | left  |LP iter|LP it/n|mem/heur|mdpt |vars |cons |rows |cuts |sepa|confs|strbr|  dualbound   | primalbound  |  gap   | compl. 
  5.1s|     1 |     0 |  1865 |     - |   104M |   0 |1208 |4930 |4864 |  29 | 11 |  97 |   0 | 8.329273e-01 | 9.689754e-01 |  16.33%| unknown
  5.1s|     1 |     0 |  1869 |     - |   104M |   0 |1208 |4926 |4863 |  30 | 12 |  97 |   0 | 8.329273e-01 | 9.689754e-01 |  16.33%| unknown
  5.3s|     1 |     2 |  1872 |     - |   104M |   0 |1208 |4922 |4863 |  30 | 13 |  98 |  22 | 8.329648e-01 | 9.689754e-01 |  16.33%| unknown
* 8.8s|    19 |     8 |  3210 | 153.3 |strongbr|  11 |1208 |5013 |4841 |  65 |  1 | 241 | 440 | 8.329648e-01 | 9.509566e-01 |  14.17%|   0.27%
* 8.9s|    19 |     8 |  3215 | 153.6 |strongbr|  11 |1208 |5038 |4841 |  65 |  3 | 266 | 454 | 8.329648e-01 | 9.507230e-01 |  14.14%|   0.27%
* 8.9s|    19 |     8 |  3221 | 153.9 |strongbr|  11 |1208 |5043 |4841 |  65 |  4 | 271 | 458 | 8.329648e-01 | 9.506007e-01 |  14.12%|   0.27%
* 8.9s|    19 |     8 |  3235 | 154.7 |strongbr|  11 |1208 |5052 |4841 |  65 |  7 | 282 | 470 | 8.329648e-01 | 9.497746e-01 |  14.02%|   0.27%
 16.3s|   100 |    29 |  6405 |  60.1 |   148M |  15 |1208 |5055 |4839 | 205 |  0 | 564 |1258 | 8.329648e-01 | 9.497746e-01 |  14.02%|   2.18%
r16.9s|   103 |    23 |  6851 |  62.7 |shifting|  15 |1208 |5052 |4839 | 231 |  0 | 565 |1274 | 8.329648e-01 | 8.679869e-01 |   4.20%|   3.11%
*21.7s|   168 |    34 | 10223 |  58.5 |    LP  |  16 |1208 |4977 |4839 | 398 |  1 | 964 |1617 | 8.329648e-01 | 8.640878e-01 |   3.74%|   5.99%
 26.2s|   200 |    44 | 12147 |  58.8 |   160M |  16 |1208 |4725 |4855 | 554 |  4 |1028 |1762 | 8.329648e-01 | 8.640878e-01 |   3.74%|   8.36%
 33.6s|   300 |    70 | 16863 |  54.9 |   162M |  16 |1208 |4783 |4845 | 831 |  1 |1363 |2127 | 8.329955e-01 | 8.640878e-01 |   3.73%|  11.09%
 41.8s|   400 |    81 | 22393 |  55.0 |   166M |  16 |1208 |4982 |4871 |1223 | 13 |1704 |2389 | 8.330488e-01 | 8.640878e-01 |   3.73%|  14.13%
 47.9s|   500 |    92 | 29283 |  57.8 |   169M |  16 |1208 |5131 |4857 |1556 |  1 |1986 |2527 | 8.330616e-01 | 8.640878e-01 |   3.72%|  18.12%
 57.3s|   600 |   125 | 35395 |  58.3 |   170M |  16 |1208 |5247 |4839 |2005 |  1 |2291 |2717 | 8.331849e-01 | 8.640878e-01 |   3.71%|  22.89%
 time | node  | left  |LP iter|LP it/n|mem/heur|mdpt |vars |cons |rows |cuts |sepa|confs|strbr|  dualbound   | primalbound  |  gap   | compl. 
 61.4s|   700 |   153 | 40481 |  57.3 |   170M |  16 |1208 |5257 |4840 |2153 |  2 |2480 |2779 | 8.332477e-01 | 8.640878e-01 |   3.70%|  26.47%
 78.4s|   800 |   209 | 50024 |  62.0 |   173M |  16 |1208 |5496 |4840 |2936 |  1 |2916 |2885 | 8.337652e-01 | 8.640878e-01 |   3.64%|  27.90%
 91.9s|   900 |   206 | 57102 |  63.0 |   190M |  17 |1208 |5587 |4880 |3585 |  0 |3342 |3013 | 8.339846e-01 | 8.640878e-01 |   3.61%|  39.17%
 97.4s|  1000 |   196 | 60625 |  60.2 |   191M |  18 |1208 |5694 |4868 |3853 |  1 |3698 |3086 | 8.339985e-01 | 8.640878e-01 |   3.61%|  47.81%
  101s|  1100 |   197 | 63259 |  57.2 |   192M |  20 |1208 |5725 |4849 |3983 |  3 |3881 |3137 | 8.342013e-01 | 8.640878e-01 |   3.58%|  52.02%
  105s|  1200 |   174 | 67586 |  56.0 |   192M |  20 |1208 |5792 |4854 |4226 |  2 |4136 |3209 | 8.343315e-01 | 8.640878e-01 |   3.57%|  55.23%
  110s|  1300 |   182 | 71713 |  54.9 |   194M |  20 |1208 |5813 |   0 |4522 |  0 |4346 |3306 | 8.347519e-01 | 8.640878e-01 |   3.51%|  57.55%
  115s|  1400 |   196 | 77850 |  55.3 |   196M |  20 |1208 |5729 |4858 |4800 |  0 |4632 |3450 | 8.354209e-01 | 8.640878e-01 |   3.43%|  59.04%
  118s|  1500 |   200 | 80800 |  53.6 |   197M |  20 |1208 |5785 |   0 |4937 |  0 |4834 |3548 | 8.374701e-01 | 8.640878e-01 |   3.18%|  62.28%
  124s|  1600 |   208 | 84994 |  52.9 |   197M |  20 |1208 |5758 |   0 |5159 |  0 |5068 |3605 | 8.376751e-01 | 8.640878e-01 |   3.15%|  64.80%
  127s|  1700 |   205 | 87983 |  51.5 |   199M |  20 |1208 |5885 |4857 |5260 |  1 |5373 |3676 | 8.388490e-01 | 8.640878e-01 |   3.01%|  67.28%
  131s|  1800 |   199 | 91317 |  50.5 |   199M |  20 |1208 |5990 |4861 |5371 |  3 |5713 |3828 | 8.395708e-01 | 8.640878e-01 |   2.92%|  68.21%
  133s|  1900 |   195 | 93372 |  48.9 |   202M |  20 |1208 |6011 |4864 |5420 | 11 |5947 |3908 | 8.411700e-01 | 8.640878e-01 |   2.72%|  69.80%
  140s|  2000 |   176 | 97393 |  48.5 |   202M |  20 |1208 |5988 |4875 |5566 |  0 |6183 |3975 | 8.412499e-01 | 8.640878e-01 |   2.71%|  72.90%
  143s|  2100 |   158 |100868 |  47.8 |   202M |  20 |1208 |6081 |4859 |5652 |  3 |6409 |4020 | 8.418407e-01 | 8.640878e-01 |   2.64%|  73.65%
 time | node  | left  |LP iter|LP it/n|mem/heur|mdpt |vars |cons |rows |cuts |sepa|confs|strbr|  dualbound   | primalbound  |  gap   | compl. 
  145s|  2200 |   147 |103568 |  46.9 |   202M |  20 |1208 |6180 |4859 |5715 |  1 |6672 |4082 | 8.422479e-01 | 8.640878e-01 |   2.59%|  75.91%
  150s|  2300 |   126 |106591 |  46.2 |   203M |  20 |1208 |6253 |4855 |5847 |  0 |7123 |4219 | 8.424461e-01 | 8.640878e-01 |   2.57%|  78.44%
  152s|  2400 |    99 |110310 |  45.8 |   204M |  20 |1208 |6245 |   0 |5960 |  0 |7429 |4297 | 8.438639e-01 | 8.640878e-01 |   2.40%|  81.69%
  154s|  2500 |    84 |112697 |  44.9 |   204M |  20 |1208 |6306 |4857 |6008 |  1 |7688 |4349 | 8.449109e-01 | 8.640878e-01 |   2.27%|  84.64%
  156s|  2600 |    46 |115490 |  44.3 |   204M |  20 |1208 |6276 |4860 |6074 |  2 |7936 |4453 | 8.465058e-01 | 8.640878e-01 |   2.08%|  89.27%

SCIP Status        : problem is solved [optimal solution found]
Solving Time (sec) : 157.08
Solving Nodes      : 2694
Primal Bound       : +8.64087829590021e-01 (16 solutions)
Dual Bound         : +8.64087829590021e-01
Gap                : 0.00 %
objective value:                    0.864087829590021
x_('12_5', '13_1')                                  1 	(obj:0.018196023239056)
x_('11_17', '12_5')                                 1 	(obj:0.0143867827868852)
x_('10_31', '11_17')                                1 	(obj:0.015806206088993)
x_('9_42', '10_31')                                 1 	(obj:0.0373214285714286)
x_('8_45', '9_42')                                  1 	(obj:0.0248845303148582)
x_('7_37', '8_45')                                  1 	(obj:0.0268547643442623)
x_('6_35', '7_37')                                  1 	(obj:0.0294642857142857)
x_('5_30', '6_35')                                  1 	(obj:0.0211901346604215)
x_('4_25', '5_30')                                  1 	(obj:0.0509638758782201)
x_('3_20', '4_25')                                  1 	(obj:0.0510794789227166)
x_('2_14', '3_20')                                  1 	(obj:0.0514707259953162)
x_('1_10', '2_14')                                  1 	(obj:0.0968489461358314)
x_('0_1', '1_10')                                   1 	(obj:0.0196428571428571)
y_0_0                                               1 	(obj:0)
y_1_0                                               1 	(obj:0)
y_2_0                                               1 	(obj:0)
y_3_1                                               1 	(obj:0)
y_4_1                                               1 	(obj:0)
y_5_1                                               1 	(obj:0)
y_6_2                                               1 	(obj:0)
y_7_2                                               1 	(obj:0)
y_8_2                                               1 	(obj:0)
y_9_2                                               1 	(obj:0)
y_10_3                                              1 	(obj:0)
y_11_3                                              1 	(obj:0)
y_12_3                                              1 	(obj:0)
z_('3268741', '3425762')_2                          1 	(obj:0)
z_('3268741', '1966592X')_0                         1 	(obj:0)
z_('1966592X', '3452192')_0                         1 	(obj:0)
z_('3452192', '1353870')_0                          1 	(obj:0)
z_('3452192', '3520162')_1                          1 	(obj:0)
z_('3520162', '3307092')_2                          1 	(obj:0)
z_('3520162', '3524054')_1                          1 	(obj:0)
z_('3268740', '3524054')_1                          1 	(obj:0)
z_('3524054', '3179975')_2                          1 	(obj:0)
z_('3179975', '3422998')_2                          1 	(obj:0)
z_('3422998', '2495223X')_3                         1 	(obj:0)
z_('3422998', '1353870_01')_3                       1 	(obj:0)
z_('2495223X', '2245784X')_3                        1 	(obj:0)
alpha                                3.51831325301205 	(obj:0.115389892996972)
  obj=0.864  alpha=584.0s  time=157.21s

k = 1
  Subgraph edges — edge_w: 13 (1.2%)  bal_w: 13 (1.2%)  combined: 26 (2.4%)  blended: 13 (1.2%)  blended_union: 37 (3.3%)  diverse: 13 (1.2%)
  [3a] Subgraph / edge_w   k=1 …
2026-07-01 18:59:16.844 | INFO     | pycaalp.time_balancing.model:run_mip:430 - Running MIP solver ...
      obj=0.864 (vs_full=-0.00%)  alpha=584.0s  build=0.003s solve=0.045s  vs_full=+0.00%
  [3b] Subgraph / bal_w    k=1 …
2026-07-01 18:59:16.890 | INFO     | pycaalp.time_balancing.model:run_mip:430 - Running MIP solver ...
      obj=1.060 (vs_full=+22.63%)  alpha=597.8s  build=0.002s solve=0.149s  vs_full=+2.36%
  [3c] Subgraph / combined k=1 …
2026-07-01 18:59:17.039 | INFO     | pycaalp.time_balancing.model:run_mip:430 - Running MIP solver ...
      obj=0.864 (vs_full=-0.00%)  alpha=584.0s  build=0.003s solve=0.112s  vs_full=+0.00%
  [3d] Subgraph / blended  k=1 …
2026-07-01 18:59:17.150 | INFO     | pycaalp.time_balancing.model:run_mip:430 - Running MIP solver ...
      obj=0.902 (vs_full=+4.44%)  alpha=586.1s  build=0.002s solve=0.049s  vs_full=+0.36%
  [3e] Subgraph / bl-union k=1 …
2026-07-01 18:59:17.200 | INFO     | pycaalp.time_balancing.model:run_mip:430 - Running MIP solver ...
      obj=0.864 (vs_full=+0.00%)  alpha=584.0s  build=0.022s solve=0.180s  vs_full=+0.00%
  [3f] Subgraph / diverse  k=1 …
2026-07-01 18:59:17.380 | INFO     | pycaalp.time_balancing.model:run_mip:430 - Running MIP solver ...
      obj=0.902 (vs_full=+4.44%)  alpha=586.1s  build=0.004s solve=0.047s  vs_full=+0.36%

k = 2
  Subgraph edges — edge_w: 15 (1.4%)  bal_w: 15 (1.4%)  combined: 30 (2.7%)  blended: 15 (1.4%)  blended_union: 43 (3.9%)  diverse: 26 (2.4%)
  [3a] Subgraph / edge_w   k=2 …
2026-07-01 18:59:17.484 | INFO     | pycaalp.time_balancing.model:run_mip:430 - Running MIP solver ...
      obj=0.864 (vs_full=-0.00%)  alpha=584.0s  build=0.009s solve=0.235s  vs_full=+0.00%
  [3b] Subgraph / bal_w    k=2 …
2026-07-01 18:59:17.719 | INFO     | pycaalp.time_balancing.model:run_mip:430 - Running MIP solver ...
      obj=1.060 (vs_full=+22.63%)  alpha=597.8s  build=0.005s solve=0.307s  vs_full=+2.36%
  [3c] Subgraph / combined k=2 …
2026-07-01 18:59:18.027 | INFO     | pycaalp.time_balancing.model:run_mip:430 - Running MIP solver ...
      obj=0.864 (vs_full=-0.00%)  alpha=584.0s  build=0.011s solve=0.340s  vs_full=+0.00%
  [3d] Subgraph / blended  k=2 …
2026-07-01 18:59:18.366 | INFO     | pycaalp.time_balancing.model:run_mip:430 - Running MIP solver ...
      obj=0.902 (vs_full=+4.44%)  alpha=586.1s  build=0.005s solve=0.467s  vs_full=+0.36%
  [3e] Subgraph / bl-union k=2 …
2026-07-01 18:59:18.834 | INFO     | pycaalp.time_balancing.model:run_mip:430 - Running MIP solver ...
      obj=0.864 (vs_full=+0.00%)  alpha=584.0s  build=0.022s solve=1.047s  vs_full=+0.00%
  [3f] Subgraph / diverse  k=2 …
2026-07-01 18:59:19.880 | INFO     | pycaalp.time_balancing.model:run_mip:430 - Running MIP solver ...
      obj=0.902 (vs_full=+4.44%)  alpha=586.1s  build=0.005s solve=1.524s  vs_full=+0.36%

k = 5
  Subgraph edges — edge_w: 21 (1.9%)  bal_w: 27 (2.4%)  combined: 48 (4.3%)  blended: 21 (1.9%)  blended_union: 60 (5.4%)  diverse: 65 (5.9%)
  [3a] Subgraph / edge_w   k=5 …
2026-07-01 18:59:21.583 | INFO     | pycaalp.time_balancing.model:run_mip:430 - Running MIP solver ...
      obj=0.864 (vs_full=-0.00%)  alpha=584.0s  build=0.013s solve=0.516s  vs_full=+0.00%
  [3b] Subgraph / bal_w    k=5 …
2026-07-01 18:59:22.099 | INFO     | pycaalp.time_balancing.model:run_mip:430 - Running MIP solver ...
      obj=1.050 (vs_full=+21.51%)  alpha=597.8s  build=0.008s solve=1.871s  vs_full=+2.36%
  [3c] Subgraph / combined k=5 …
2026-07-01 18:59:23.970 | INFO     | pycaalp.time_balancing.model:run_mip:430 - Running MIP solver ...
      obj=0.864 (vs_full=+0.00%)  alpha=584.0s  build=0.040s solve=0.848s  vs_full=+0.00%
  [3d] Subgraph / blended  k=5 …
2026-07-01 18:59:24.817 | INFO     | pycaalp.time_balancing.model:run_mip:430 - Running MIP solver ...
      obj=0.902 (vs_full=+4.44%)  alpha=586.1s  build=0.031s solve=0.159s  vs_full=+0.36%
  [3e] Subgraph / bl-union k=5 …
2026-07-01 18:59:24.976 | INFO     | pycaalp.time_balancing.model:run_mip:430 - Running MIP solver ...
      obj=0.864 (vs_full=+0.00%)  alpha=584.0s  build=0.079s solve=0.555s  vs_full=+0.00%
  [3f] Subgraph / diverse  k=5 …
2026-07-01 18:59:25.531 | INFO     | pycaalp.time_balancing.model:run_mip:430 - Running MIP solver ...
      obj=0.902 (vs_full=+4.44%)  alpha=586.1s  build=0.007s solve=0.393s  vs_full=+0.36%

k = 10
  Subgraph edges — edge_w: 24 (2.2%)  bal_w: 38 (3.4%)  combined: 62 (5.6%)  blended: 24 (2.2%)  blended_union: 76 (6.9%)  diverse: 126 (11.4%)
  [3a] Subgraph / edge_w   k=10 …
2026-07-01 18:59:26.225 | INFO     | pycaalp.time_balancing.model:run_mip:430 - Running MIP solver ...
      obj=0.864 (vs_full=-0.00%)  alpha=584.0s  build=0.050s solve=0.430s  vs_full=+0.00%
  [3b] Subgraph / bal_w    k=10 …
2026-07-01 18:59:26.655 | INFO     | pycaalp.time_balancing.model:run_mip:430 - Running MIP solver ...
      obj=1.049 (vs_full=+21.40%)  alpha=586.1s  build=0.017s solve=1.558s  vs_full=+0.36%
  [3c] Subgraph / combined k=10 …
2026-07-01 18:59:28.213 | INFO     | pycaalp.time_balancing.model:run_mip:430 - Running MIP solver ...
      obj=0.864 (vs_full=+0.00%)  alpha=584.0s  build=0.042s solve=0.702s  vs_full=+0.00%
  [3d] Subgraph / blended  k=10 …
2026-07-01 18:59:28.915 | INFO     | pycaalp.time_balancing.model:run_mip:430 - Running MIP solver ...
      obj=0.902 (vs_full=+4.44%)  alpha=586.1s  build=0.044s solve=0.611s  vs_full=+0.36%
  [3e] Subgraph / bl-union k=10 …
2026-07-01 18:59:29.525 | INFO     | pycaalp.time_balancing.model:run_mip:430 - Running MIP solver ...
      obj=0.864 (vs_full=+0.00%)  alpha=584.0s  build=0.139s solve=1.023s  vs_full=+0.00%
  [3f] Subgraph / diverse  k=10 …
2026-07-01 18:59:30.548 | INFO     | pycaalp.time_balancing.model:run_mip:430 - Running MIP solver ...
      obj=0.877 (vs_full=+1.49%)  alpha=581.1s  build=0.010s solve=1.287s  vs_full=-0.50%

k = 20
  Subgraph edges — edge_w: 35 (3.2%)  bal_w: 42 (3.8%)  combined: 77 (7.0%)  blended: 30 (2.7%)  blended_union: 92 (8.3%)  diverse: 239 (21.6%)
  [3a] Subgraph / edge_w   k=20 …
2026-07-01 18:59:32.463 | INFO     | pycaalp.time_balancing.model:run_mip:430 - Running MIP solver ...
      obj=0.864 (vs_full=-0.00%)  alpha=584.0s  build=0.114s solve=0.564s  vs_full=+0.00%
  [3b] Subgraph / bal_w    k=20 …
2026-07-01 18:59:33.027 | INFO     | pycaalp.time_balancing.model:run_mip:430 - Running MIP solver ...
      obj=1.049 (vs_full=+21.40%)  alpha=586.1s  build=0.040s solve=0.668s  vs_full=+0.36%
  [3c] Subgraph / combined k=20 …
2026-07-01 18:59:33.696 | INFO     | pycaalp.time_balancing.model:run_mip:430 - Running MIP solver ...
      obj=0.864 (vs_full=-0.00%)  alpha=584.0s  build=0.117s solve=0.476s  vs_full=+0.00%
  [3d] Subgraph / blended  k=20 …
2026-07-01 18:59:34.172 | INFO     | pycaalp.time_balancing.model:run_mip:430 - Running MIP solver ...
      obj=0.902 (vs_full=+4.44%)  alpha=586.1s  build=0.099s solve=0.427s  vs_full=+0.36%
  [3e] Subgraph / bl-union k=20 …
2026-07-01 18:59:34.599 | INFO     | pycaalp.time_balancing.model:run_mip:430 - Running MIP solver ...
      obj=0.864 (vs_full=-0.00%)  alpha=584.0s  build=0.242s solve=1.151s  vs_full=+0.00%
  [3f] Subgraph / diverse  k=20 …
2026-07-01 18:59:35.750 | INFO     | pycaalp.time_balancing.model:run_mip:430 - Running MIP solver ...
      obj=0.867 (vs_full=+0.33%)  alpha=584.0s  build=0.015s solve=2.454s  vs_full=+0.00%

k = 50
  Subgraph edges — edge_w: 54 (4.9%)  bal_w: 63 (5.7%)  combined: 116 (10.5%)  blended: 38 (3.4%)  blended_union: 125 (11.3%)  diverse: 510 (46.2%)
  [3a] Subgraph / edge_w   k=50 …
2026-07-01 18:59:39.699 | INFO     | pycaalp.time_balancing.model:run_mip:430 - Running MIP solver ...
      obj=0.864 (vs_full=+0.00%)  alpha=584.0s  build=0.181s solve=1.107s  vs_full=+0.00%
  [3b] Subgraph / bal_w    k=50 …
2026-07-01 18:59:40.806 | INFO     | pycaalp.time_balancing.model:run_mip:430 - Running MIP solver ...
      obj=1.049 (vs_full=+21.38%)  alpha=597.8s  build=0.103s solve=0.925s  vs_full=+2.36%
  [3c] Subgraph / combined k=50 …
2026-07-01 18:59:41.732 | INFO     | pycaalp.time_balancing.model:run_mip:430 - Running MIP solver ...
      obj=0.864 (vs_full=+0.00%)  alpha=584.0s  build=0.292s solve=2.131s  vs_full=+0.00%
  [3d] Subgraph / blended  k=50 …
2026-07-01 18:59:43.863 | INFO     | pycaalp.time_balancing.model:run_mip:430 - Running MIP solver ...
      obj=0.902 (vs_full=+4.44%)  alpha=586.1s  build=0.270s solve=0.701s  vs_full=+0.36%
  [3e] Subgraph / bl-union k=50 …
2026-07-01 18:59:44.564 | INFO     | pycaalp.time_balancing.model:run_mip:430 - Running MIP solver ...
      obj=0.864 (vs_full=+0.00%)  alpha=584.0s  build=0.595s solve=1.348s  vs_full=+0.00%
  [3f] Subgraph / diverse  k=50 …
2026-07-01 18:59:45.912 | INFO     | pycaalp.time_balancing.model:run_mip:430 - Running MIP solver ...
      obj=0.867 (vs_full=+0.33%)  alpha=584.0s  build=0.054s solve=8.820s  vs_full=+0.00%

k = 100
  Subgraph edges — edge_w: 78 (7.1%)  bal_w: 86 (7.8%)  combined: 162 (14.7%)  blended: 45 (4.1%)  blended_union: 153 (13.8%)  diverse: 749 (67.8%)
  [3a] Subgraph / edge_w   k=100 …
2026-07-01 18:59:57.683 | INFO     | pycaalp.time_balancing.model:run_mip:430 - Running MIP solver ...
      obj=0.864 (vs_full=-0.00%)  alpha=584.0s  build=0.304s solve=1.664s  vs_full=+0.00%
  [3b] Subgraph / bal_w    k=100 …
2026-07-01 18:59:59.347 | INFO     | pycaalp.time_balancing.model:run_mip:430 - Running MIP solver ...
      obj=1.046 (vs_full=+21.07%)  alpha=597.8s  build=0.189s solve=1.511s  vs_full=+2.36%
  [3c] Subgraph / combined k=100 …
2026-07-01 19:00:00.858 | INFO     | pycaalp.time_balancing.model:run_mip:430 - Running MIP solver ...
      obj=0.864 (vs_full=+0.00%)  alpha=584.0s  build=0.579s solve=1.880s  vs_full=+0.00%
  [3d] Subgraph / blended  k=100 …
2026-07-01 19:00:02.738 | INFO     | pycaalp.time_balancing.model:run_mip:430 - Running MIP solver ...
      obj=0.902 (vs_full=+4.44%)  alpha=586.1s  build=0.438s solve=1.525s  vs_full=+0.36%
  [3e] Subgraph / bl-union k=100 …
2026-07-01 19:00:04.263 | INFO     | pycaalp.time_balancing.model:run_mip:430 - Running MIP solver ...
      obj=0.864 (vs_full=+0.00%)  alpha=584.0s  build=1.317s solve=4.097s  vs_full=+0.00%
  [3f] Subgraph / diverse  k=100 …
2026-07-01 19:00:08.360 | INFO     | pycaalp.time_balancing.model:run_mip:430 - Running MIP solver ...
      obj=0.866 (vs_full=+0.19%)  alpha=584.0s  build=0.123s solve=16.553s  vs_full=+0.00%

k = 200
  Subgraph edges — edge_w: 95 (8.6%)  bal_w: 111 (10.0%)  combined: 202 (18.3%)  blended: 50 (4.5%)  blended_union: 177 (16.0%)  diverse: 911 (82.4%)
  [3a] Subgraph / edge_w   k=200 …
2026-07-01 19:00:30.855 | INFO     | pycaalp.time_balancing.model:run_mip:430 - Running MIP solver ...
      obj=0.864 (vs_full=-0.00%)  alpha=584.0s  build=0.807s solve=1.173s  vs_full=+0.00%
  [3b] Subgraph / bal_w    k=200 …
2026-07-01 19:00:32.028 | INFO     | pycaalp.time_balancing.model:run_mip:430 - Running MIP solver ...
      obj=1.040 (vs_full=+20.41%)  alpha=586.1s  build=0.468s solve=2.118s  vs_full=+0.36%
  [3c] Subgraph / combined k=200 …
2026-07-01 19:00:34.146 | INFO     | pycaalp.time_balancing.model:run_mip:430 - Running MIP solver ...
      obj=0.864 (vs_full=-0.00%)  alpha=584.0s  build=1.083s solve=1.854s  vs_full=+0.00%
  [3d] Subgraph / blended  k=200 …
2026-07-01 19:00:36.000 | INFO     | pycaalp.time_balancing.model:run_mip:430 - Running MIP solver ...
      obj=0.887 (vs_full=+2.61%)  alpha=581.1s  build=0.965s solve=1.690s  vs_full=-0.50%
  [3e] Subgraph / bl-union k=200 …
2026-07-01 19:00:37.690 | INFO     | pycaalp.time_balancing.model:run_mip:430 - Running MIP solver ...
      obj=0.864 (vs_full=+0.00%)  alpha=584.0s  build=2.429s solve=2.034s  vs_full=+0.00%
  [3f] Subgraph / diverse  k=200 …
2026-07-01 19:00:39.725 | INFO     | pycaalp.time_balancing.model:run_mip:430 - Running MIP solver ...
      obj=0.866 (vs_full=+0.19%)  alpha=584.0s  build=0.190s solve=28.082s  vs_full=+0.00%

k = 500
  Subgraph edges — edge_w: 108 (9.8%)  bal_w: 153 (13.8%)  combined: 257 (23.3%)  blended: 122 (11.0%)  blended_union: 245 (22.2%)  diverse: 1041 (94.2%)
  [3a] Subgraph / edge_w   k=500 …
2026-07-01 19:01:22.405 | INFO     | pycaalp.time_balancing.model:run_mip:430 - Running MIP solver ...
      obj=0.864 (vs_full=-0.00%)  alpha=584.0s  build=1.673s solve=1.004s  vs_full=+0.00%
  [3b] Subgraph / bal_w    k=500 …
2026-07-01 19:01:23.408 | INFO     | pycaalp.time_balancing.model:run_mip:430 - Running MIP solver ...
      obj=1.037 (vs_full=+19.99%)  alpha=581.1s  build=1.142s solve=2.086s  vs_full=-0.50%
  [3c] Subgraph / combined k=500 …
2026-07-01 19:01:25.495 | INFO     | pycaalp.time_balancing.model:run_mip:430 - Running MIP solver ...
      obj=0.864 (vs_full=-0.00%)  alpha=584.0s  build=3.062s solve=2.556s  vs_full=+0.00%
  [3d] Subgraph / blended  k=500 …
2026-07-01 19:01:28.051 | INFO     | pycaalp.time_balancing.model:run_mip:430 - Running MIP solver ...
      obj=0.882 (vs_full=+2.04%)  alpha=574.6s  build=2.085s solve=1.115s  vs_full=-1.61%
  [3e] Subgraph / bl-union k=500 …
2026-07-01 19:01:29.166 | INFO     | pycaalp.time_balancing.model:run_mip:430 - Running MIP solver ...
      obj=0.864 (vs_full=+0.00%)  alpha=584.0s  build=6.121s solve=6.243s  vs_full=+0.00%
  [3f] Subgraph / diverse  k=500 …
2026-07-01 19:01:35.409 | INFO     | pycaalp.time_balancing.model:run_mip:430 - Running MIP solver ...
      obj=0.864 (vs_full=-0.00%)  alpha=584.0s  build=0.515s solve=30.803s  vs_full=+0.00%

k = 1000
  Subgraph edges — edge_w: 142 (12.9%)  bal_w: 211 (19.1%)  combined: 346 (31.3%)  blended: 196 (17.7%)  blended_union: 297 (26.9%)  diverse: 1102 (99.7%)
  [3a] Subgraph / edge_w   k=1000 …
2026-07-01 19:02:36.920 | INFO     | pycaalp.time_balancing.model:run_mip:430 - Running MIP solver ...
      obj=0.864 (vs_full=+0.00%)  alpha=584.0s  build=3.456s solve=1.634s  vs_full=+0.00%
  [3b] Subgraph / bal_w    k=1000 …
2026-07-01 19:02:38.555 | INFO     | pycaalp.time_balancing.model:run_mip:430 - Running MIP solver ...
      obj=1.034 (vs_full=+19.72%)  alpha=581.1s  build=2.932s solve=5.653s  vs_full=-0.50%
  [3c] Subgraph / combined k=1000 …
2026-07-01 19:02:44.208 | INFO     | pycaalp.time_balancing.model:run_mip:430 - Running MIP solver ...
      obj=0.864 (vs_full=-0.00%)  alpha=584.0s  build=6.771s solve=3.995s  vs_full=+0.00%
  [3d] Subgraph / blended  k=1000 …
2026-07-01 19:02:48.204 | INFO     | pycaalp.time_balancing.model:run_mip:430 - Running MIP solver ...
      obj=0.868 (vs_full=+0.46%)  alpha=584.0s  build=4.022s solve=3.810s  vs_full=+0.00%
  [3e] Subgraph / bl-union k=1000 …
2026-07-01 19:02:52.014 | INFO     | pycaalp.time_balancing.model:run_mip:430 - Running MIP solver ...
      obj=0.864 (vs_full=+0.00%)  alpha=584.0s  build=12.496s solve=18.374s  vs_full=+0.00%
  [3f] Subgraph / diverse  k=1000 …
2026-07-01 19:03:10.388 | INFO     | pycaalp.time_balancing.model:run_mip:430 - Running MIP solver ...
      obj=0.864 (vs_full=+0.00%)  alpha=584.0s  build=1.031s solve=25.552s  vs_full=+0.00%

k = 2000
  Subgraph edges — edge_w: 185 (16.7%)  bal_w: 292 (26.4%)  combined: 460 (41.6%)  blended: 229 (20.7%)  blended_union: 410 (37.1%)  diverse: 1105 (100.0%)
  [3a] Subgraph / edge_w   k=2000 …
2026-07-01 19:04:47.274 | INFO     | pycaalp.time_balancing.model:run_mip:430 - Running MIP solver ...
      obj=0.864 (vs_full=+0.00%)  alpha=584.0s  build=8.123s solve=1.869s  vs_full=+0.00%
  [3b] Subgraph / bal_w    k=2000 …
2026-07-01 19:04:49.142 | INFO     | pycaalp.time_balancing.model:run_mip:430 - Running MIP solver ...
      obj=1.034 (vs_full=+19.72%)  alpha=581.1s  build=6.996s solve=14.033s  vs_full=-0.50%
  [3c] Subgraph / combined k=2000 …
2026-07-01 19:05:03.175 | INFO     | pycaalp.time_balancing.model:run_mip:430 - Running MIP solver ...
      obj=0.864 (vs_full=+0.00%)  alpha=584.0s  build=15.995s solve=5.742s  vs_full=+0.00%
  [3d] Subgraph / blended  k=2000 …
2026-07-01 19:05:08.917 | INFO     | pycaalp.time_balancing.model:run_mip:430 - Running MIP solver ...
      obj=0.868 (vs_full=+0.46%)  alpha=584.0s  build=9.487s solve=3.210s  vs_full=+0.00%
  [3e] Subgraph / bl-union k=2000 …
2026-07-01 19:05:12.128 | INFO     | pycaalp.time_balancing.model:run_mip:430 - Running MIP solver ...
      obj=0.864 (vs_full=+0.00%)  alpha=584.0s  build=28.578s solve=15.070s  vs_full=+0.00%
  [3f] Subgraph / diverse  k=2000 …
2026-07-01 19:05:27.198 | INFO     | pycaalp.time_balancing.model:run_mip:430 - Running MIP solver ...
      obj=0.864 (vs_full=+0.00%)  alpha=584.0s  build=2.155s solve=157.961s  vs_full=+0.00%

k = 5000
  Subgraph edges — edge_w: 232 (21.0%)  bal_w: 431 (39.0%)  combined: 632 (57.2%)  blended: 394 (35.7%)  blended_union: 525 (47.5%)  diverse: 1105 (100.0%)
  [3a] Subgraph / edge_w   k=5000 …
2026-07-01 19:12:48.446 | INFO     | pycaalp.time_balancing.model:run_mip:430 - Running MIP solver ...
      obj=0.864 (vs_full=-0.00%)  alpha=584.0s  build=32.750s solve=3.665s  vs_full=+0.00%
  [3b] Subgraph / bal_w    k=5000 …
2026-07-01 19:12:52.111 | INFO     | pycaalp.time_balancing.model:run_mip:430 - Running MIP solver ...
      obj=0.986 (vs_full=+14.16%)  alpha=581.1s  build=33.767s solve=11.834s  vs_full=-0.50%
  [3c] Subgraph / combined k=5000 …
2026-07-01 19:13:03.945 | INFO     | pycaalp.time_balancing.model:run_mip:430 - Running MIP solver ...
      obj=0.864 (vs_full=-0.00%)  alpha=584.0s  build=59.401s solve=13.480s  vs_full=+0.00%
  [3d] Subgraph / blended  k=5000 …
2026-07-01 19:13:17.425 | INFO     | pycaalp.time_balancing.model:run_mip:430 - Running MIP solver ...
      obj=0.864 (vs_full=+0.00%)  alpha=584.0s  build=35.954s solve=16.325s  vs_full=+0.00%
  [3e] Subgraph / bl-union k=5000 …
2026-07-01 19:13:33.750 | INFO     | pycaalp.time_balancing.model:run_mip:430 - Running MIP solver ...
      obj=0.864 (vs_full=+0.00%)  alpha=584.0s  build=115.740s solve=34.441s  vs_full=+0.00%
  [3f] Subgraph / diverse  k=5000 …
2026-07-01 19:14:08.191 | INFO     | pycaalp.time_balancing.model:run_mip:430 - Running MIP solver ...
      obj=0.864 (vs_full=+0.00%)  alpha=584.0s  build=5.674s solve=143.105s  vs_full=+0.00%

Results saved to experiments/strategy_comparison/assembly_1_np_4/strategy_comparison_lambda_0.45.csv
Plot with:  python -m experiments.strategy_comparison.plot_k_sensitivity

============================================================================================================================
SUMMARY — assembly_1  P=4  λ=0.45
============================================================================================================================
Strategy       Weight                      k   Build    Solve    Total  Spdup       Obj   ObjvsF     Alpha    AlvsF   Edges  %Grph
----------------------------------------------------------------------------------------------------------------------------
full_mip       —                               0.000  157.212  157.212   1.0x     0.864    +0.00    584.04    +0.00    1105  100.0
subgraph_mip   edge_weight                 1   0.003    0.045    0.048 3270.9x     0.864    -0.00    584.04    +0.00      13    1.2
subgraph_mip   time_balanced_weight        1   0.002    0.149    0.151 1042.4x     1.060   +22.63    597.84    +2.36      13    1.2
subgraph_mip   combined                    1   0.003    0.112    0.115 1368.4x     0.864    -0.00    584.04    +0.00      26    2.4
subgraph_mip   blended                     1   0.002    0.049    0.052 3048.3x     0.902    +4.44    586.13    +0.36      13    1.2
subgraph_mip   blended_union               1   0.022    0.180    0.201 781.1x     0.864    +0.00    584.04    +0.00      37    3.4
subgraph_mip   diverse                     1   0.004    0.047    0.050 3114.4x     0.902    +4.44    586.13    +0.36      13    1.2
subgraph_mip   edge_weight                 2   0.009    0.235    0.244 644.9x     0.864    -0.00    584.04    +0.00      15    1.4
subgraph_mip   time_balanced_weight        2   0.005    0.307    0.313 502.7x     1.060   +22.63    597.84    +2.36      15    1.4
subgraph_mip   combined                    2   0.011    0.340    0.351 448.0x     0.864    -0.00    584.04    +0.00      30    2.7
subgraph_mip   blended                     2   0.005    0.467    0.472 333.0x     0.902    +4.44    586.13    +0.36      15    1.4
subgraph_mip   blended_union               2   0.022    1.047    1.069 147.1x     0.864    +0.00    584.04    +0.00      43    3.9
subgraph_mip   diverse                     2   0.005    1.524    1.529 102.8x     0.902    +4.44    586.13    +0.36      26    2.4
subgraph_mip   edge_weight                 5   0.013    0.516    0.529 297.2x     0.864    -0.00    584.04    +0.00      21    1.9
subgraph_mip   time_balanced_weight        5   0.008    1.871    1.879  83.7x     1.050   +21.51    597.84    +2.36      27    2.4
subgraph_mip   combined                    5   0.040    0.848    0.887 177.2x     0.864    +0.00    584.04    +0.00      48    4.3
subgraph_mip   blended                     5   0.031    0.159    0.190 826.7x     0.902    +4.44    586.13    +0.36      21    1.9
subgraph_mip   blended_union               5   0.079    0.555    0.634 248.1x     0.864    +0.00    584.04    +0.00      60    5.4
subgraph_mip   diverse                     5   0.007    0.393    0.400 393.3x     0.902    +4.44    586.13    +0.36      65    5.9
subgraph_mip   edge_weight                10   0.050    0.430    0.480 327.7x     0.864    -0.00    584.04    +0.00      24    2.2
subgraph_mip   time_balanced_weight       10   0.017    1.558    1.574  99.8x     1.049   +21.40    586.13    +0.36      38    3.4
subgraph_mip   combined                   10   0.042    0.702    0.743 211.5x     0.864    +0.00    584.04    +0.00      62    5.6
subgraph_mip   blended                    10   0.044    0.611    0.654 240.3x     0.902    +4.44    586.13    +0.36      24    2.2
subgraph_mip   blended_union              10   0.139    1.023    1.162 135.3x     0.864    +0.00    584.04    +0.00      76    6.9
subgraph_mip   diverse                    10   0.010    1.287    1.297 121.2x     0.877    +1.49    581.12    -0.50     126   11.4
subgraph_mip   edge_weight                20   0.114    0.564    0.678 231.9x     0.864    -0.00    584.04    +0.00      35    3.2
subgraph_mip   time_balanced_weight       20   0.040    0.668    0.708 222.0x     1.049   +21.40    586.13    +0.36      42    3.8
subgraph_mip   combined                   20   0.117    0.476    0.593 265.1x     0.864    -0.00    584.04    +0.00      77    7.0
subgraph_mip   blended                    20   0.099    0.427    0.527 298.6x     0.902    +4.44    586.13    +0.36      30    2.7
subgraph_mip   blended_union              20   0.242    1.151    1.393 112.9x     0.864    -0.00    584.04    +0.00      92    8.3
subgraph_mip   diverse                    20   0.015    2.454    2.468  63.7x     0.867    +0.33    584.04    +0.00     239   21.6
subgraph_mip   edge_weight                50   0.181    1.107    1.288 122.0x     0.864    +0.00    584.04    +0.00      54    4.9
subgraph_mip   time_balanced_weight       50   0.103    0.925    1.028 152.9x     1.049   +21.38    597.84    +2.36      63    5.7
subgraph_mip   combined                   50   0.292    2.131    2.423  64.9x     0.864    +0.00    584.04    +0.00     116   10.5
subgraph_mip   blended                    50   0.270    0.701    0.971 161.9x     0.902    +4.44    586.13    +0.36      38    3.4
subgraph_mip   blended_union              50   0.595    1.348    1.943  80.9x     0.864    +0.00    584.04    +0.00     125   11.3
subgraph_mip   diverse                    50   0.054    8.820    8.874  17.7x     0.867    +0.33    584.04    +0.00     510   46.1
subgraph_mip   edge_weight               100   0.304    1.664    1.968  79.9x     0.864    -0.00    584.04    +0.00      78    7.1
subgraph_mip   time_balanced_weight      100   0.189    1.511    1.700  92.5x     1.046   +21.07    597.84    +2.36      86    7.8
subgraph_mip   combined                  100   0.579    1.880    2.459  63.9x     0.864    +0.00    584.04    +0.00     162   14.7
subgraph_mip   blended                   100   0.438    1.525    1.963  80.1x     0.902    +4.44    586.13    +0.36      45    4.1
subgraph_mip   blended_union             100   1.317    4.097    5.414  29.0x     0.864    +0.00    584.04    +0.00     153   13.8
subgraph_mip   diverse                   100   0.123   16.553   16.676   9.4x     0.866    +0.19    584.04    +0.00     749   67.8
subgraph_mip   edge_weight               200   0.807    1.173    1.979  79.4x     0.864    -0.00    584.04    +0.00      95    8.6
subgraph_mip   time_balanced_weight      200   0.468    2.118    2.586  60.8x     1.040   +20.41    586.13    +0.36     111   10.1
subgraph_mip   combined                  200   1.083    1.854    2.937  53.5x     0.864    -0.00    584.04    +0.00     202   18.3
subgraph_mip   blended                   200   0.965    1.690    2.655  59.2x     0.887    +2.61    581.12    -0.50      50    4.5
subgraph_mip   blended_union             200   2.429    2.034    4.463  35.2x     0.864    +0.00    584.04    +0.00     177   16.0
subgraph_mip   diverse                   200   0.190   28.082   28.273   5.6x     0.866    +0.19    584.04    +0.00     911   82.4
subgraph_mip   edge_weight               500   1.673    1.004    2.677  58.7x     0.864    -0.00    584.04    +0.00     108    9.8
subgraph_mip   time_balanced_weight      500   1.142    2.086    3.228  48.7x     1.037   +19.99    581.12    -0.50     153   13.8
subgraph_mip   combined                  500   3.062    2.556    5.618  28.0x     0.864    -0.00    584.04    +0.00     257   23.3
subgraph_mip   blended                   500   2.085    1.115    3.199  49.1x     0.882    +2.04    574.62    -1.61     122   11.0
subgraph_mip   blended_union             500   6.121    6.243   12.364  12.7x     0.864    +0.00    584.04    +0.00     245   22.2
subgraph_mip   diverse                   500   0.515   30.803   31.318   5.0x     0.864    -0.00    584.04    +0.00    1041   94.2
subgraph_mip   edge_weight              1000   3.456    1.634    5.090  30.9x     0.864    +0.00    584.04    +0.00     142   12.8
subgraph_mip   time_balanced_weight     1000   2.932    5.653    8.585  18.3x     1.034   +19.72    581.12    -0.50     211   19.1
subgraph_mip   combined                 1000   6.771    3.995   10.767  14.6x     0.864    -0.00    584.04    +0.00     346   31.3
subgraph_mip   blended                  1000   4.022    3.810    7.832  20.1x     0.868    +0.46    584.04    +0.00     196   17.7
subgraph_mip   blended_union            1000  12.496   18.374   30.869   5.1x     0.864    +0.00    584.04    +0.00     297   26.9
subgraph_mip   diverse                  1000   1.031   25.552   26.583   5.9x     0.864    +0.00    584.04    +0.00    1102   99.7
subgraph_mip   edge_weight              2000   8.123    1.869    9.992  15.7x     0.864    +0.00    584.04    +0.00     185   16.7
subgraph_mip   time_balanced_weight     2000   6.996   14.033   21.028   7.5x     1.034   +19.72    581.12    -0.50     292   26.4
subgraph_mip   combined                 2000  15.995    5.742   21.737   7.2x     0.864    +0.00    584.04    +0.00     460   41.6
subgraph_mip   blended                  2000   9.487    3.210   12.697  12.4x     0.868    +0.46    584.04    +0.00     229   20.7
subgraph_mip   blended_union            2000  28.578   15.070   43.648   3.6x     0.864    +0.00    584.04    +0.00     410   37.1
subgraph_mip   diverse                  2000   2.155  157.961  160.116   1.0x     0.864    +0.00    584.04    +0.00    1105  100.0
subgraph_mip   edge_weight              5000  32.750    3.665   36.415   4.3x     0.864    -0.00    584.04    +0.00     232   21.0
subgraph_mip   time_balanced_weight     5000  33.767   11.834   45.601   3.5x     0.986   +14.16    581.12    -0.50     431   39.0
subgraph_mip   combined                 5000  59.401   13.480   72.881   2.2x     0.864    -0.00    584.04    +0.00     632   57.2
subgraph_mip   blended                  5000  35.954   16.325   52.279   3.0x     0.864    +0.00    584.04    +0.00     394   35.7
subgraph_mip   blended_union            5000 115.740   34.441  150.181   1.1x     0.864    +0.00    584.04    +0.00     525   47.5
subgraph_mip   diverse                  5000   5.674  143.105  148.779   1.1x     0.864    +0.00    584.04    +0.00    1105  100.0
============================================================================================================================

----------------- λ = 0.5 -----------------
========================================================================
Strategy Comparison Experiment — assembly_1  P=4  λ=0.5
========================================================================

Building assembly digraph …
2026-07-01 18:56:39.244 | INFO     | pycaalp.gapp.assembly_digraph:compute_assembly_digraph_complete:395 - Computing assembly digraph...
  343 nodes, 1105 edges  (0.3s)

[1] Full MIP  P=4  λ=0.5
2026-07-01 18:56:39.559 | INFO     | pycaalp.time_balancing.model:run_mip:430 - Running MIP solver ...
presolving:
(round 1, fast)       2 del vars, 2 del conss, 0 add conss, 0 chg bounds, 0 chg sides, 0 chg coeffs, 0 upgd conss, 0 impls, 69 clqs, 0 implints
(round 2, exhaustive) 2 del vars, 2 del conss, 0 add conss, 1 chg bounds, 0 chg sides, 0 chg coeffs, 4525 upgd conss, 0 impls, 69 clqs, 0 implints
   (0.3s) probing: 1000/1207 (82.9%) - 0 fixings, 0 aggregations, 130891 implications, 0 bound changes
   (0.3s) probing: 1001/1207 (82.9%) - 0 fixings, 0 aggregations, 130966 implications, 0 bound changes
   (0.3s) probing aborted: 1000/1000 successive useless probings
   (0.3s) symmetry computation started: requiring (bin +, int +, cont +), (fixed: bin -, int -, cont -)
   (0.3s) no symmetry present (symcode time: 0.00)
presolving (3 rounds: 3 fast, 2 medium, 2 exhaustive):
 2 deleted vars, 2 deleted constraints, 0 added constraints, 1 tightened bounds, 0 added holes, 0 changed sides, 0 changed coefficients
 0 implications, 15690 cliques, 0 implied integral variables (0 bin, 0 int, 0 cont)
presolved problem has 1208 variables (1207 bin, 0 int, 1 cont) and 4839 constraints
     69 constraints of type <setppc>
    314 constraints of type <linear>
   4456 constraints of type <logicor>
Presolving Time: 0.27

 time | node  | left  |LP iter|LP it/n|mem/heur|mdpt |vars |cons |rows |cuts |sepa|confs|strbr|  dualbound   | primalbound  |  gap   | compl. 
p 0.4s|     1 |     0 |   126 |     - | vbounds|   0 |1208 |4867 |4839 |   0 |  0 |  27 |   0 | 0.000000e+00 | 1.159158e+00 |    Inf | unknown
  0.4s|     1 |     0 |   471 |     - |    34M |   0 |1208 |4867 |4839 |   0 |  0 |  27 |   0 | 8.329273e-01 | 1.159158e+00 |  39.17%| unknown
  0.7s|     1 |     0 |   484 |     - |    39M |   0 |1208 |4875 |4843 |   4 |  1 |  35 |   0 | 8.329273e-01 | 1.159158e+00 |  39.17%| unknown
  1.0s|     1 |     0 |   492 |     - |    46M |   0 |1208 |4881 |4846 |   7 |  2 |  41 |   0 | 8.329273e-01 | 1.159158e+00 |  39.17%| unknown
  1.3s|     1 |     0 |   503 |     - |    54M |   0 |1208 |4882 |4850 |  11 |  3 |  42 |   0 | 8.329273e-01 | 1.159158e+00 |  39.17%| unknown
  1.8s|     1 |     0 |   515 |     - |    60M |   0 |1208 |4886 |4853 |  14 |  4 |  46 |   0 | 8.329273e-01 | 1.159158e+00 |  39.17%| unknown
  2.2s|     1 |     0 |   525 |     - |    66M |   0 |1208 |4887 |4855 |  16 |  5 |  47 |   0 | 8.329273e-01 | 1.159158e+00 |  39.17%| unknown
  2.6s|     1 |     0 |   534 |     - |    73M |   0 |1208 |4897 |4858 |  19 |  6 |  57 |   0 | 8.329273e-01 | 1.159158e+00 |  39.17%| unknown
  3.0s|     1 |     0 |   540 |     - |    81M |   0 |1208 |4898 |4860 |  21 |  7 |  58 |   0 | 8.329273e-01 | 1.159158e+00 |  39.17%| unknown
  3.4s|     1 |     0 |   543 |     - |    89M |   0 |1208 |4901 |4863 |  24 |  8 |  67 |   0 | 8.329273e-01 | 1.159158e+00 |  39.17%| unknown
  3.8s|     1 |     0 |   562 |     - |    95M |   0 |1208 |4903 |4864 |  25 |  9 |  69 |   0 | 8.329273e-01 | 1.159158e+00 |  39.17%| unknown
  4.4s|     1 |     0 |   569 |     - |   103M |   0 |1208 |4908 |4866 |  27 | 10 |  75 |   0 | 8.329273e-01 | 1.159158e+00 |  39.17%| unknown
  4.4s|     1 |     0 |   572 |     - |   103M |   0 |1208 |4915 |4869 |  30 | 11 |  82 |   0 | 8.329273e-01 | 1.159158e+00 |  39.17%| unknown
d 4.5s|     1 |     0 |  1143 |     - |farkasdi|   0 |1208 |4916 |4869 |   0 | 11 |  83 |   0 | 8.329273e-01 | 9.438737e-01 |  13.32%| unknown
  4.7s|     1 |     0 |  1413 |     - |   104M |   0 |1208 |4949 |4869 |  30 | 11 | 124 |   0 | 8.329273e-01 | 9.438737e-01 |  13.32%| unknown
 time | node  | left  |LP iter|LP it/n|mem/heur|mdpt |vars |cons |rows |cuts |sepa|confs|strbr|  dualbound   | primalbound  |  gap   | compl. 
  4.7s|     1 |     0 |  1413 |     - |   104M |   0 |1208 |4959 |4845 |  30 | 11 | 134 |   0 | 8.329273e-01 | 9.438737e-01 |  13.32%| unknown
  4.7s|     1 |     0 |  1422 |     - |   104M |   0 |1208 |4953 |4846 |  31 | 12 | 134 |   0 | 8.329273e-01 | 9.438737e-01 |  13.32%| unknown
  5.0s|     1 |     2 |  1431 |     - |   104M |   0 |1208 |4953 |4846 |  31 | 13 | 138 |  31 | 8.329614e-01 | 9.438737e-01 |  13.32%| unknown
*12.7s|    48 |    16 |  5032 |  97.4 |strongbr|  16 |1208 |4990 |4817 | 101 |  1 | 296 | 854 | 8.329614e-01 | 8.909996e-01 |   6.97%|  49.82%
*12.8s|    49 |    15 |  5094 |  96.6 |strongbr|  16 |1208 |3997 |4817 | 101 |  3 | 318 | 866 | 8.329614e-01 | 8.909465e-01 |   6.96%|  50.78%
 16.9s|   100 |    34 |  8415 |  80.4 |   154M |  16 |1208 |4190 |4827 | 201 |  3 | 609 |1302 | 8.330263e-01 | 8.909465e-01 |   6.95%|  56.67%
L20.4s|   149 |    52 | 10731 |  69.4 |    alns|  22 |1208 |4436 |   0 | 320 |  0 | 949 |1610 | 8.330861e-01 | 8.675501e-01 |   4.14%|  59.06%
 23.5s|   200 |    68 | 13809 |  67.1 |   159M |  22 |1208 |4515 |4827 | 461 |  4 |1277 |1811 | 8.331409e-01 | 8.675501e-01 |   4.13%|  60.35%
 29.4s|   300 |    77 | 18621 |  60.8 |   168M |  22 |1208 |4801 |4838 | 733 |  2 |1965 |2111 | 8.332461e-01 | 8.675501e-01 |   4.12%|  64.27%
 32.9s|   400 |    83 | 23031 |  56.6 |   170M |  22 |1208 |4759 |4824 | 885 |  0 |2433 |2425 | 8.335795e-01 | 8.675501e-01 |   4.08%|  67.24%
 35.1s|   500 |    93 | 26329 |  51.9 |   171M |  22 |1208 |4635 |4825 | 942 |  1 |2756 |2620 | 8.338704e-01 | 8.675501e-01 |   4.04%|  69.56%
 36.3s|   600 |   117 | 28735 |  47.2 |   172M |  22 |1208 |4799 |4825 | 965 |  2 |3092 |2759 | 8.339460e-01 | 8.675501e-01 |   4.03%|  70.81%
 39.8s|   700 |   119 | 31511 |  44.4 |   172M |  22 |1208 |4837 |4827 |1073 |  5 |3383 |2847 | 8.342709e-01 | 8.675501e-01 |   3.99%|  76.05%
 40.9s|   800 |   101 | 33519 |  41.4 |   173M |  22 |1208 |4876 |4827 |1118 |  1 |3608 |2907 | 8.343435e-01 | 8.675501e-01 |   3.98%|  79.22%
 43.0s|   900 |   109 | 36547 |  40.1 |   174M |  23 |1208 |4923 |4825 |1207 |  1 |3870 |3016 | 8.345731e-01 | 8.675501e-01 |   3.95%|  81.59%
 time | node  | left  |LP iter|LP it/n|mem/heur|mdpt |vars |cons |rows |cuts |sepa|confs|strbr|  dualbound   | primalbound  |  gap   | compl. 
 43.4s|  1000 |   110 | 37662 |  37.2 |   174M |  27 |1208 |5029 |4837 |1211 |  1 |4109 |3060 | 8.348459e-01 | 8.675501e-01 |   3.92%|  82.86%
 44.8s|  1100 |   114 | 39298 |  35.3 |   175M |  28 |1208 |4972 |4835 |1283 |  1 |4327 |3116 | 8.349702e-01 | 8.675501e-01 |   3.90%|  83.81%
 45.5s|  1200 |   101 | 40972 |  33.8 |   175M |  28 |1208 |5021 |4836 |1311 |  0 |4579 |3169 | 8.350936e-01 | 8.675501e-01 |   3.89%|  85.65%
 48.0s|  1300 |   107 | 44465 |  33.9 |   175M |  28 |1208 |5056 |4817 |1446 |  1 |4879 |3249 | 8.351587e-01 | 8.675501e-01 |   3.88%|  85.98%
 54.4s|  1400 |   120 | 50816 |  36.0 |   175M |  28 |1208 |5183 |4840 |1722 |  0 |5164 |3349 | 8.351742e-01 | 8.675501e-01 |   3.88%|  86.30%
 59.0s|  1500 |   111 | 55209 |  36.5 |   183M |  28 |1208 |5131 |4845 |1944 |  0 |5462 |3400 | 8.353676e-01 | 8.675501e-01 |   3.85%|  88.14%
 63.5s|  1600 |   107 | 59065 |  36.7 |   183M |  28 |1208 |5162 |   0 |2135 |  0 |5662 |3446 | 8.356223e-01 | 8.675501e-01 |   3.82%|  90.39%
 68.1s|  1700 |   138 | 63564 |  37.1 |   185M |  28 |1208 |5252 |4826 |2360 |  1 |5940 |3505 | 8.357353e-01 | 8.675501e-01 |   3.81%|  90.67%
 71.6s|  1800 |   155 | 67453 |  37.2 |   185M |  28 |1208 |5274 |4824 |2576 |  0 |6214 |3551 | 8.361857e-01 | 8.675501e-01 |   3.75%|  90.87%
 73.5s|  1900 |   164 | 70040 |  36.6 |   187M |  28 |1208 |5401 |4828 |2675 |  1 |6515 |3565 | 8.362632e-01 | 8.675501e-01 |   3.74%|  91.09%
 74.1s|  2000 |   164 | 71678 |  35.6 |   187M |  28 |1208 |5375 |   0 |2718 |  0 |6727 |3566 | 8.364461e-01 | 8.675501e-01 |   3.72%|  91.36%
 75.9s|  2100 |   170 | 73620 |  34.9 |   186M |  28 |1208 |5467 |   0 |2803 |  0 |7061 |3611 | 8.365348e-01 | 8.675501e-01 |   3.71%|  91.51%
 81.4s|  2200 |   170 | 79011 |  35.7 |   189M |  28 |1208 |5302 |4834 |2979 |  1 |7409 |3713 | 8.378005e-01 | 8.675501e-01 |   3.55%|  92.70%
 82.6s|  2300 |   149 | 80999 |  35.0 |   190M |  28 |1208 |5170 |4831 |3027 |  3 |7607 |3759 | 8.378335e-01 | 8.675501e-01 |   3.55%|  93.42%
 83.2s|  2400 |   155 | 82713 |  34.3 |   190M |  28 |1208 |5213 |4835 |3045 |  1 |7807 |3798 | 8.384238e-01 | 8.675501e-01 |   3.47%|  93.55%
 time | node  | left  |LP iter|LP it/n|mem/heur|mdpt |vars |cons |rows |cuts |sepa|confs|strbr|  dualbound   | primalbound  |  gap   | compl. 
 86.2s|  2500 |   150 | 85380 |  34.0 |   190M |  28 |1208 |5195 |4831 |3166 |  3 |8074 |3831 | 8.384816e-01 | 8.675501e-01 |   3.47%|  93.74%
 87.1s|  2600 |   143 | 87419 |  33.5 |   190M |  28 |1208 |5340 |   0 |3183 |  0 |8413 |3887 | 8.384839e-01 | 8.675501e-01 |   3.47%|  93.87%
 89.4s|  2700 |   150 | 90430 |  33.3 |   190M |  28 |1208 |5451 |4841 |3256 |  2 |8746 |4035 | 8.387845e-01 | 8.675501e-01 |   3.43%|  94.05%
 90.0s|  2800 |   132 | 92420 |  32.9 |   190M |  28 |1208 |5567 |4829 |3265 |  1 |9117 |4080 | 8.390469e-01 | 8.675501e-01 |   3.40%|  94.34%
 91.3s|  2900 |   122 | 94492 |  32.4 |   191M |  28 |1208 |5674 |4850 |3293 |  9 |9422 |4128 | 8.396309e-01 | 8.675501e-01 |   3.33%|  94.53%
 93.4s|  3000 |   126 | 97529 |  32.4 |   194M |  28 |1208 |5834 |4826 |3352 |  2 |9925 |4178 | 8.403741e-01 | 8.675501e-01 |   3.23%|  94.93%
 95.2s|  3100 |    98 |101277 |  32.5 |   194M |  28 |1208 |5193 |4830 |3421 |  5 |  10k|4292 | 8.407259e-01 | 8.675501e-01 |   3.19%|  95.83%
 96.2s|  3200 |   100 |104336 |  32.5 |   194M |  28 |1208 |5290 |4837 |3453 |  1 |  10k|4392 | 8.435326e-01 | 8.675501e-01 |   2.85%|  96.10%
 96.9s|  3300 |    75 |106205 |  32.1 |   194M |  28 |1208 |5315 |   0 |3465 |  0 |  11k|4471 | 8.447520e-01 | 8.675501e-01 |   2.70%|  96.40%
 97.4s|  3400 |    74 |108269 |  31.7 |   194M |  28 |1208 |5392 |4836 |3466 |  1 |  11k|4523 | 8.456357e-01 | 8.675501e-01 |   2.59%|  96.87%
 98.5s|  3500 |    43 |110616 |  31.5 |   195M |  28 |1208 |5325 |   0 |3486 |  0 |  11k|4596 | 8.458867e-01 | 8.675501e-01 |   2.56%|  97.77%

SCIP Status        : problem is solved [optimal solution found]
Solving Time (sec) : 98.95
Solving Nodes      : 3573
Primal Bound       : +8.67550105646461e-01 (12 solutions)
Dual Bound         : +8.67550105646461e-01
Gap                : 0.00 %
objective value:                    0.867550105646461
x_('12_5', '13_1')                                  1 	(obj:0.0165418393082328)
x_('11_17', '12_5')                                 1 	(obj:0.013078893442623)
x_('10_31', '11_17')                                1 	(obj:0.0143692782627209)
x_('9_42', '10_31')                                 1 	(obj:0.0339285714285714)
x_('8_45', '9_42')                                  1 	(obj:0.0226223002862347)
x_('7_37', '8_45')                                  1 	(obj:0.0244134221311475)
x_('6_35', '7_37')                                  1 	(obj:0.0267857142857143)
x_('5_30', '6_35')                                  1 	(obj:0.0192637587822014)
x_('4_25', '5_30')                                  1 	(obj:0.0463307962529274)
x_('3_20', '4_25')                                  1 	(obj:0.0464358899297424)
x_('2_14', '3_20')                                  1 	(obj:0.0467915690866511)
x_('1_10', '2_14')                                  1 	(obj:0.0880444964871194)
x_('0_1', '1_10')                                   1 	(obj:0.0178571428571429)
y_0_0                                               1 	(obj:0)
y_1_0                                               1 	(obj:0)
y_2_0                                               1 	(obj:0)
y_3_1                                               1 	(obj:0)
y_4_1                                               1 	(obj:0)
y_5_1                                               1 	(obj:0)
y_6_2                                               1 	(obj:0)
y_7_2                                               1 	(obj:0)
y_8_2                                               1 	(obj:0)
y_9_2                                               1 	(obj:0)
y_10_3                                              1 	(obj:0)
y_11_3                                              1 	(obj:0)
y_12_3                                              1 	(obj:0)
z_('3268741', '3425762')_2                          1 	(obj:0)
z_('3268741', '1966592X')_0                         1 	(obj:0)
z_('1966592X', '3452192')_0                         1 	(obj:0)
z_('3452192', '1353870')_0                          1 	(obj:0)
z_('3452192', '3520162')_1                          1 	(obj:0)
z_('3520162', '3307092')_2                          1 	(obj:0)
z_('3520162', '3524054')_1                          1 	(obj:0)
z_('3268740', '3524054')_1                          1 	(obj:0)
z_('3524054', '3179975')_2                          1 	(obj:0)
z_('3179975', '3422998')_2                          1 	(obj:0)
z_('3422998', '2495223X')_3                         1 	(obj:0)
z_('3422998', '1353870_01')_3                       1 	(obj:0)
z_('2495223X', '2245784X')_3                        1 	(obj:0)
alpha                                3.51831325301205 	(obj:0.128210992218858)
  obj=0.868  alpha=584.0s  time=99.05s

k = 1
  Subgraph edges — edge_w: 13 (1.2%)  bal_w: 13 (1.2%)  combined: 26 (2.4%)  blended: 13 (1.2%)  blended_union: 37 (3.3%)  diverse: 13 (1.2%)
  [3a] Subgraph / edge_w   k=1 …
2026-07-01 18:58:18.635 | INFO     | pycaalp.time_balancing.model:run_mip:430 - Running MIP solver ...
      obj=0.868 (vs_full=+0.00%)  alpha=584.0s  build=0.001s solve=0.055s  vs_full=+0.00%
  [3b] Subgraph / bal_w    k=1 …
2026-07-01 18:58:18.690 | INFO     | pycaalp.time_balancing.model:run_mip:430 - Running MIP solver ...
      obj=1.047 (vs_full=+20.72%)  alpha=597.8s  build=0.001s solve=0.092s  vs_full=+2.36%
  [3c] Subgraph / combined k=1 …
2026-07-01 18:58:18.783 | INFO     | pycaalp.time_balancing.model:run_mip:430 - Running MIP solver ...
      obj=0.868 (vs_full=+0.00%)  alpha=584.0s  build=0.002s solve=0.145s  vs_full=+0.00%
  [3d] Subgraph / blended  k=1 …
2026-07-01 18:58:18.928 | INFO     | pycaalp.time_balancing.model:run_mip:430 - Running MIP solver ...
      obj=0.903 (vs_full=+4.05%)  alpha=586.1s  build=0.001s solve=0.084s  vs_full=+0.36%
  [3e] Subgraph / bl-union k=1 …
2026-07-01 18:58:19.012 | INFO     | pycaalp.time_balancing.model:run_mip:430 - Running MIP solver ...
      obj=0.868 (vs_full=+0.00%)  alpha=584.0s  build=0.014s solve=0.656s  vs_full=+0.00%
  [3f] Subgraph / diverse  k=1 …
2026-07-01 18:58:19.669 | INFO     | pycaalp.time_balancing.model:run_mip:430 - Running MIP solver ...
      obj=0.903 (vs_full=+4.05%)  alpha=586.1s  build=0.008s solve=0.102s  vs_full=+0.36%

k = 2
  Subgraph edges — edge_w: 15 (1.4%)  bal_w: 15 (1.4%)  combined: 30 (2.7%)  blended: 15 (1.4%)  blended_union: 43 (3.9%)  diverse: 26 (2.4%)
  [3a] Subgraph / edge_w   k=2 …
2026-07-01 18:58:19.844 | INFO     | pycaalp.time_balancing.model:run_mip:430 - Running MIP solver ...
      obj=0.868 (vs_full=+0.00%)  alpha=584.0s  build=0.004s solve=0.061s  vs_full=+0.00%
  [3b] Subgraph / bal_w    k=2 …
2026-07-01 18:58:19.905 | INFO     | pycaalp.time_balancing.model:run_mip:430 - Running MIP solver ...
      obj=1.047 (vs_full=+20.72%)  alpha=597.8s  build=0.003s solve=0.171s  vs_full=+2.36%
  [3c] Subgraph / combined k=2 …
2026-07-01 18:58:20.076 | INFO     | pycaalp.time_balancing.model:run_mip:430 - Running MIP solver ...
      obj=0.868 (vs_full=+0.00%)  alpha=584.0s  build=0.010s solve=0.464s  vs_full=+0.00%
  [3d] Subgraph / blended  k=2 …
2026-07-01 18:58:20.541 | INFO     | pycaalp.time_balancing.model:run_mip:430 - Running MIP solver ...
      obj=0.903 (vs_full=+4.05%)  alpha=586.1s  build=0.009s solve=0.198s  vs_full=+0.36%
  [3e] Subgraph / bl-union k=2 …
2026-07-01 18:58:20.739 | INFO     | pycaalp.time_balancing.model:run_mip:430 - Running MIP solver ...
      obj=0.868 (vs_full=+0.00%)  alpha=584.0s  build=0.042s solve=1.089s  vs_full=+0.00%
  [3f] Subgraph / diverse  k=2 …
2026-07-01 18:58:21.827 | INFO     | pycaalp.time_balancing.model:run_mip:430 - Running MIP solver ...
      obj=0.903 (vs_full=+4.05%)  alpha=586.1s  build=0.005s solve=1.525s  vs_full=+0.36%

k = 5
  Subgraph edges — edge_w: 21 (1.9%)  bal_w: 27 (2.4%)  combined: 48 (4.3%)  blended: 21 (1.9%)  blended_union: 60 (5.4%)  diverse: 65 (5.9%)
  [3a] Subgraph / edge_w   k=5 …
2026-07-01 18:58:23.490 | INFO     | pycaalp.time_balancing.model:run_mip:430 - Running MIP solver ...
      obj=0.868 (vs_full=+0.00%)  alpha=584.0s  build=0.013s solve=0.232s  vs_full=+0.00%
  [3b] Subgraph / bal_w    k=5 …
2026-07-01 18:58:23.722 | INFO     | pycaalp.time_balancing.model:run_mip:430 - Running MIP solver ...
      obj=1.038 (vs_full=+19.70%)  alpha=597.8s  build=0.008s solve=0.803s  vs_full=+2.36%
  [3c] Subgraph / combined k=5 …
2026-07-01 18:58:24.526 | INFO     | pycaalp.time_balancing.model:run_mip:430 - Running MIP solver ...
      obj=0.868 (vs_full=+0.00%)  alpha=584.0s  build=0.021s solve=0.686s  vs_full=+0.00%
  [3d] Subgraph / blended  k=5 …
2026-07-01 18:58:25.212 | INFO     | pycaalp.time_balancing.model:run_mip:430 - Running MIP solver ...
      obj=0.903 (vs_full=+4.05%)  alpha=586.1s  build=0.021s solve=0.529s  vs_full=+0.36%
  [3e] Subgraph / bl-union k=5 …
2026-07-01 18:58:25.740 | INFO     | pycaalp.time_balancing.model:run_mip:430 - Running MIP solver ...
      obj=0.868 (vs_full=+0.00%)  alpha=584.0s  build=0.068s solve=0.396s  vs_full=+0.00%
  [3f] Subgraph / diverse  k=5 …
2026-07-01 18:58:26.137 | INFO     | pycaalp.time_balancing.model:run_mip:430 - Running MIP solver ...
      obj=0.903 (vs_full=+4.05%)  alpha=586.1s  build=0.007s solve=0.339s  vs_full=+0.36%

k = 10
  Subgraph edges — edge_w: 24 (2.2%)  bal_w: 38 (3.4%)  combined: 62 (5.6%)  blended: 24 (2.2%)  blended_union: 76 (6.9%)  diverse: 126 (11.4%)
  [3a] Subgraph / edge_w   k=10 …
2026-07-01 18:58:26.768 | INFO     | pycaalp.time_balancing.model:run_mip:430 - Running MIP solver ...
      obj=0.868 (vs_full=+0.00%)  alpha=584.0s  build=0.039s solve=0.303s  vs_full=+0.00%
  [3b] Subgraph / bal_w    k=10 …
2026-07-01 18:58:27.072 | INFO     | pycaalp.time_balancing.model:run_mip:430 - Running MIP solver ...
      obj=1.036 (vs_full=+19.41%)  alpha=586.1s  build=0.032s solve=2.831s  vs_full=+0.36%
  [3c] Subgraph / combined k=10 …
2026-07-01 18:58:29.902 | INFO     | pycaalp.time_balancing.model:run_mip:430 - Running MIP solver ...
      obj=0.868 (vs_full=+0.00%)  alpha=584.0s  build=0.067s solve=0.653s  vs_full=+0.00%
  [3d] Subgraph / blended  k=10 …
2026-07-01 18:58:30.555 | INFO     | pycaalp.time_balancing.model:run_mip:430 - Running MIP solver ...
      obj=0.903 (vs_full=+4.05%)  alpha=586.1s  build=0.047s solve=0.415s  vs_full=+0.36%
  [3e] Subgraph / bl-union k=10 …
2026-07-01 18:58:30.971 | INFO     | pycaalp.time_balancing.model:run_mip:430 - Running MIP solver ...
      obj=0.868 (vs_full=+0.00%)  alpha=584.0s  build=0.096s solve=0.580s  vs_full=+0.00%
  [3f] Subgraph / diverse  k=10 …
2026-07-01 18:58:31.551 | INFO     | pycaalp.time_balancing.model:run_mip:430 - Running MIP solver ...
      obj=0.879 (vs_full=+1.30%)  alpha=581.1s  build=0.010s solve=2.271s  vs_full=-0.50%

k = 20
  Subgraph edges — edge_w: 35 (3.2%)  bal_w: 42 (3.8%)  combined: 77 (7.0%)  blended: 30 (2.7%)  blended_union: 92 (8.3%)  diverse: 239 (21.6%)
  [3a] Subgraph / edge_w   k=20 …
2026-07-01 18:58:34.475 | INFO     | pycaalp.time_balancing.model:run_mip:430 - Running MIP solver ...
      obj=0.868 (vs_full=-0.00%)  alpha=584.0s  build=0.053s solve=1.306s  vs_full=+0.00%
  [3b] Subgraph / bal_w    k=20 …
2026-07-01 18:58:35.781 | INFO     | pycaalp.time_balancing.model:run_mip:430 - Running MIP solver ...
      obj=1.036 (vs_full=+19.41%)  alpha=586.1s  build=0.065s solve=1.704s  vs_full=+0.36%
  [3c] Subgraph / combined k=20 …
2026-07-01 18:58:37.485 | INFO     | pycaalp.time_balancing.model:run_mip:430 - Running MIP solver ...
      obj=0.868 (vs_full=+0.00%)  alpha=584.0s  build=0.147s solve=0.560s  vs_full=+0.00%
  [3d] Subgraph / blended  k=20 …
2026-07-01 18:58:38.045 | INFO     | pycaalp.time_balancing.model:run_mip:430 - Running MIP solver ...
      obj=0.903 (vs_full=+4.05%)  alpha=586.1s  build=0.091s solve=0.559s  vs_full=+0.36%
  [3e] Subgraph / bl-union k=20 …
2026-07-01 18:58:38.605 | INFO     | pycaalp.time_balancing.model:run_mip:430 - Running MIP solver ...
      obj=0.868 (vs_full=+0.00%)  alpha=584.0s  build=0.268s solve=0.878s  vs_full=+0.00%
  [3f] Subgraph / diverse  k=20 …
2026-07-01 18:58:39.483 | INFO     | pycaalp.time_balancing.model:run_mip:430 - Running MIP solver ...
      obj=0.872 (vs_full=+0.46%)  alpha=581.1s  build=0.029s solve=1.274s  vs_full=-0.50%

k = 50
  Subgraph edges — edge_w: 54 (4.9%)  bal_w: 63 (5.7%)  combined: 116 (10.5%)  blended: 38 (3.4%)  blended_union: 125 (11.3%)  diverse: 509 (46.1%)
  [3a] Subgraph / edge_w   k=50 …
2026-07-01 18:58:42.513 | INFO     | pycaalp.time_balancing.model:run_mip:430 - Running MIP solver ...
      obj=0.868 (vs_full=+0.00%)  alpha=584.0s  build=0.195s solve=0.721s  vs_full=+0.00%
  [3b] Subgraph / bal_w    k=50 …
2026-07-01 18:58:43.234 | INFO     | pycaalp.time_balancing.model:run_mip:430 - Running MIP solver ...
      obj=1.036 (vs_full=+19.41%)  alpha=586.1s  build=0.093s solve=0.977s  vs_full=+0.36%
  [3c] Subgraph / combined k=50 …
2026-07-01 18:58:44.211 | INFO     | pycaalp.time_balancing.model:run_mip:430 - Running MIP solver ...
      obj=0.868 (vs_full=+0.00%)  alpha=584.0s  build=0.330s solve=1.028s  vs_full=+0.00%
  [3d] Subgraph / blended  k=50 …
2026-07-01 18:58:45.239 | INFO     | pycaalp.time_balancing.model:run_mip:430 - Running MIP solver ...
      obj=0.903 (vs_full=+4.05%)  alpha=586.1s  build=0.280s solve=1.489s  vs_full=+0.36%
  [3e] Subgraph / bl-union k=50 …
2026-07-01 18:58:46.728 | INFO     | pycaalp.time_balancing.model:run_mip:430 - Running MIP solver ...
      obj=0.868 (vs_full=+0.00%)  alpha=584.0s  build=0.797s solve=1.616s  vs_full=+0.00%
  [3f] Subgraph / diverse  k=50 …
2026-07-01 18:58:48.345 | INFO     | pycaalp.time_balancing.model:run_mip:430 - Running MIP solver ...
      obj=0.868 (vs_full=+0.10%)  alpha=584.0s  build=0.061s solve=3.913s  vs_full=+0.00%

k = 100
  Subgraph edges — edge_w: 78 (7.1%)  bal_w: 86 (7.8%)  combined: 162 (14.7%)  blended: 45 (4.1%)  blended_union: 153 (13.8%)  diverse: 751 (68.0%)
  [3a] Subgraph / edge_w   k=100 …
2026-07-01 18:58:55.289 | INFO     | pycaalp.time_balancing.model:run_mip:430 - Running MIP solver ...
      obj=0.868 (vs_full=+0.00%)  alpha=584.0s  build=0.328s solve=0.882s  vs_full=+0.00%
  [3b] Subgraph / bal_w    k=100 …
2026-07-01 18:58:56.171 | INFO     | pycaalp.time_balancing.model:run_mip:430 - Running MIP solver ...
      obj=1.034 (vs_full=+19.20%)  alpha=586.1s  build=0.159s solve=1.510s  vs_full=+0.36%
  [3c] Subgraph / combined k=100 …
2026-07-01 18:58:57.681 | INFO     | pycaalp.time_balancing.model:run_mip:430 - Running MIP solver ...
      obj=0.868 (vs_full=+0.00%)  alpha=584.0s  build=0.498s solve=1.727s  vs_full=+0.00%
  [3d] Subgraph / blended  k=100 …
2026-07-01 18:58:59.407 | INFO     | pycaalp.time_balancing.model:run_mip:430 - Running MIP solver ...
      obj=0.903 (vs_full=+4.05%)  alpha=586.1s  build=0.550s solve=2.020s  vs_full=+0.36%
  [3e] Subgraph / bl-union k=100 …
2026-07-01 18:59:01.427 | INFO     | pycaalp.time_balancing.model:run_mip:430 - Running MIP solver ...
      obj=0.868 (vs_full=+0.00%)  alpha=584.0s  build=1.392s solve=1.664s  vs_full=+0.00%
  [3f] Subgraph / diverse  k=100 …
2026-07-01 18:59:03.092 | INFO     | pycaalp.time_balancing.model:run_mip:430 - Running MIP solver ...
      obj=0.868 (vs_full=+0.00%)  alpha=584.0s  build=0.105s solve=29.099s  vs_full=+0.00%

k = 200
  Subgraph edges — edge_w: 95 (8.6%)  bal_w: 111 (10.0%)  combined: 202 (18.3%)  blended: 53 (4.8%)  blended_union: 177 (16.0%)  diverse: 907 (82.1%)
  [3a] Subgraph / edge_w   k=200 …
2026-07-01 18:59:37.872 | INFO     | pycaalp.time_balancing.model:run_mip:430 - Running MIP solver ...
      obj=0.868 (vs_full=+0.00%)  alpha=584.0s  build=0.660s solve=1.025s  vs_full=+0.00%
  [3b] Subgraph / bal_w    k=200 …
2026-07-01 18:59:38.897 | INFO     | pycaalp.time_balancing.model:run_mip:430 - Running MIP solver ...
      obj=1.028 (vs_full=+18.52%)  alpha=586.1s  build=0.414s solve=3.919s  vs_full=+0.36%
  [3c] Subgraph / combined k=200 …
2026-07-01 18:59:42.816 | INFO     | pycaalp.time_balancing.model:run_mip:430 - Running MIP solver ...
      obj=0.868 (vs_full=+0.00%)  alpha=584.0s  build=1.108s solve=3.614s  vs_full=+0.00%
  [3d] Subgraph / blended  k=200 …
2026-07-01 18:59:46.430 | INFO     | pycaalp.time_balancing.model:run_mip:430 - Running MIP solver ...
      obj=0.888 (vs_full=+2.31%)  alpha=581.1s  build=0.868s solve=0.609s  vs_full=-0.50%
  [3e] Subgraph / bl-union k=200 …
2026-07-01 18:59:47.039 | INFO     | pycaalp.time_balancing.model:run_mip:430 - Running MIP solver ...
      obj=0.868 (vs_full=+0.00%)  alpha=584.0s  build=2.441s solve=2.677s  vs_full=+0.00%
  [3f] Subgraph / diverse  k=200 …
2026-07-01 18:59:49.717 | INFO     | pycaalp.time_balancing.model:run_mip:430 - Running MIP solver ...
      obj=0.868 (vs_full=+0.00%)  alpha=584.0s  build=0.190s solve=21.382s  vs_full=+0.00%

k = 500
  Subgraph edges — edge_w: 108 (9.8%)  bal_w: 153 (13.8%)  combined: 257 (23.3%)  blended: 130 (11.8%)  blended_union: 245 (22.2%)  diverse: 1042 (94.3%)
  [3a] Subgraph / edge_w   k=500 …
2026-07-01 19:00:26.043 | INFO     | pycaalp.time_balancing.model:run_mip:430 - Running MIP solver ...
      obj=0.868 (vs_full=+0.00%)  alpha=584.0s  build=1.781s solve=1.263s  vs_full=+0.00%
  [3b] Subgraph / bal_w    k=500 …
2026-07-01 19:00:27.306 | INFO     | pycaalp.time_balancing.model:run_mip:430 - Running MIP solver ...
      obj=1.024 (vs_full=+18.06%)  alpha=581.1s  build=1.178s solve=4.439s  vs_full=-0.50%
  [3c] Subgraph / combined k=500 …
2026-07-01 19:00:31.745 | INFO     | pycaalp.time_balancing.model:run_mip:430 - Running MIP solver ...
      obj=0.868 (vs_full=+0.00%)  alpha=584.0s  build=3.089s solve=2.506s  vs_full=+0.00%
  [3d] Subgraph / blended  k=500 …
2026-07-01 19:00:34.250 | INFO     | pycaalp.time_balancing.model:run_mip:430 - Running MIP solver ...
      obj=0.882 (vs_full=+1.69%)  alpha=574.6s  build=2.230s solve=1.511s  vs_full=-1.61%
  [3e] Subgraph / bl-union k=500 …
2026-07-01 19:00:35.761 | INFO     | pycaalp.time_balancing.model:run_mip:430 - Running MIP solver ...
      obj=0.868 (vs_full=+0.00%)  alpha=584.0s  build=6.003s solve=4.242s  vs_full=+0.00%
  [3f] Subgraph / diverse  k=500 …
2026-07-01 19:00:40.004 | INFO     | pycaalp.time_balancing.model:run_mip:430 - Running MIP solver ...
      obj=0.868 (vs_full=+0.00%)  alpha=584.0s  build=0.663s solve=122.278s  vs_full=+0.00%

k = 1000
  Subgraph edges — edge_w: 142 (12.9%)  bal_w: 211 (19.1%)  combined: 346 (31.3%)  blended: 167 (15.1%)  blended_union: 297 (26.9%)  diverse: 1100 (99.5%)
  [3a] Subgraph / edge_w   k=1000 …
2026-07-01 19:03:12.806 | INFO     | pycaalp.time_balancing.model:run_mip:430 - Running MIP solver ...
      obj=0.868 (vs_full=+0.00%)  alpha=584.0s  build=3.489s solve=3.231s  vs_full=+0.00%
  [3b] Subgraph / bal_w    k=1000 …
2026-07-01 19:03:16.037 | INFO     | pycaalp.time_balancing.model:run_mip:430 - Running MIP solver ...
      obj=1.022 (vs_full=+17.80%)  alpha=581.1s  build=2.867s solve=11.836s  vs_full=-0.50%
  [3c] Subgraph / combined k=1000 …
2026-07-01 19:03:27.873 | INFO     | pycaalp.time_balancing.model:run_mip:430 - Running MIP solver ...
      obj=0.868 (vs_full=+0.00%)  alpha=584.0s  build=6.117s solve=6.858s  vs_full=+0.00%
  [3d] Subgraph / blended  k=1000 …
2026-07-01 19:03:34.731 | INFO     | pycaalp.time_balancing.model:run_mip:430 - Running MIP solver ...
      obj=0.882 (vs_full=+1.69%)  alpha=574.6s  build=4.371s solve=2.914s  vs_full=-1.61%
  [3e] Subgraph / bl-union k=1000 …
2026-07-01 19:03:37.645 | INFO     | pycaalp.time_balancing.model:run_mip:430 - Running MIP solver ...
      obj=0.868 (vs_full=+0.00%)  alpha=584.0s  build=12.627s solve=16.275s  vs_full=+0.00%
  [3f] Subgraph / diverse  k=1000 …
2026-07-01 19:03:53.920 | INFO     | pycaalp.time_balancing.model:run_mip:430 - Running MIP solver ...
      obj=0.868 (vs_full=+0.00%)  alpha=584.0s  build=1.054s solve=124.685s  vs_full=+0.00%

k = 2000
  Subgraph edges — edge_w: 185 (16.7%)  bal_w: 292 (26.4%)  combined: 460 (41.6%)  blended: 228 (20.6%)  blended_union: 410 (37.1%)  diverse: 1105 (100.0%)
  [3a] Subgraph / edge_w   k=2000 …
2026-07-01 19:07:12.643 | INFO     | pycaalp.time_balancing.model:run_mip:430 - Running MIP solver ...
      obj=0.868 (vs_full=+0.00%)  alpha=584.0s  build=8.234s solve=2.237s  vs_full=+0.00%
  [3b] Subgraph / bal_w    k=2000 …
2026-07-01 19:07:14.880 | INFO     | pycaalp.time_balancing.model:run_mip:430 - Running MIP solver ...
      obj=1.022 (vs_full=+17.80%)  alpha=581.1s  build=7.456s solve=8.340s  vs_full=-0.50%
  [3c] Subgraph / combined k=2000 …
2026-07-01 19:07:23.221 | INFO     | pycaalp.time_balancing.model:run_mip:430 - Running MIP solver ...
      obj=0.868 (vs_full=+0.00%)  alpha=584.0s  build=15.174s solve=16.247s  vs_full=+0.00%
  [3d] Subgraph / blended  k=2000 …
2026-07-01 19:07:39.468 | INFO     | pycaalp.time_balancing.model:run_mip:430 - Running MIP solver ...
      obj=0.871 (vs_full=+0.42%)  alpha=584.0s  build=10.655s solve=7.499s  vs_full=+0.00%
  [3e] Subgraph / bl-union k=2000 …
2026-07-01 19:07:46.967 | INFO     | pycaalp.time_balancing.model:run_mip:430 - Running MIP solver ...
      obj=0.868 (vs_full=+0.00%)  alpha=584.0s  build=30.068s solve=21.079s  vs_full=+0.00%
  [3f] Subgraph / diverse  k=2000 …
2026-07-01 19:08:08.046 | INFO     | pycaalp.time_balancing.model:run_mip:430 - Running MIP solver ...
      obj=0.868 (vs_full=+0.00%)  alpha=584.0s  build=2.451s solve=99.857s  vs_full=+0.00%

k = 5000
  Subgraph edges — edge_w: 232 (21.0%)  bal_w: 431 (39.0%)  combined: 632 (57.2%)  blended: 433 (39.2%)  blended_union: 525 (47.5%)  diverse: 1105 (100.0%)
  [3a] Subgraph / edge_w   k=5000 …
2026-07-01 19:14:26.906 | INFO     | pycaalp.time_balancing.model:run_mip:430 - Running MIP solver ...
      obj=0.868 (vs_full=+0.00%)  alpha=584.0s  build=32.651s solve=9.746s  vs_full=+0.00%
  [3b] Subgraph / bal_w    k=5000 …
2026-07-01 19:14:36.652 | INFO     | pycaalp.time_balancing.model:run_mip:430 - Running MIP solver ...
      obj=0.978 (vs_full=+12.77%)  alpha=581.1s  build=24.706s solve=9.589s  vs_full=-0.50%
  [3c] Subgraph / combined k=5000 …
2026-07-01 19:14:46.241 | INFO     | pycaalp.time_balancing.model:run_mip:430 - Running MIP solver ...
      obj=0.868 (vs_full=+0.00%)  alpha=584.0s  build=60.587s solve=10.956s  vs_full=+0.00%
  [3d] Subgraph / blended  k=5000 …
2026-07-01 19:14:57.197 | INFO     | pycaalp.time_balancing.model:run_mip:430 - Running MIP solver ...
      obj=0.868 (vs_full=+0.01%)  alpha=584.0s  build=37.993s solve=19.673s  vs_full=+0.00%
  [3e] Subgraph / bl-union k=5000 …
2026-07-01 19:15:16.870 | INFO     | pycaalp.time_balancing.model:run_mip:430 - Running MIP solver ...
      obj=0.868 (vs_full=+0.00%)  alpha=584.0s  build=116.282s solve=16.677s  vs_full=+0.00%
  [3f] Subgraph / diverse  k=5000 …
2026-07-01 19:15:33.547 | INFO     | pycaalp.time_balancing.model:run_mip:430 - Running MIP solver ...
      obj=0.868 (vs_full=+0.00%)  alpha=584.0s  build=6.782s solve=84.511s  vs_full=+0.00%

Results saved to experiments/strategy_comparison/assembly_1_np_4/strategy_comparison_lambda_0.5.csv
Plot with:  python -m experiments.strategy_comparison.plot_k_sensitivity

============================================================================================================================
SUMMARY — assembly_1  P=4  λ=0.5
============================================================================================================================
Strategy       Weight                      k   Build    Solve    Total  Spdup       Obj   ObjvsF     Alpha    AlvsF   Edges  %Grph
----------------------------------------------------------------------------------------------------------------------------
full_mip       —                               0.000   99.048   99.048   1.0x     0.868    +0.00    584.04    +0.00    1105  100.0
subgraph_mip   edge_weight                 1   0.001    0.055    0.057 1748.0x     0.868    +0.00    584.04    +0.00      13    1.2
subgraph_mip   time_balanced_weight        1   0.001    0.092    0.093 1060.5x     1.047   +20.72    597.84    +2.36      13    1.2
subgraph_mip   combined                    1   0.002    0.145    0.147 676.0x     0.868    +0.00    584.04    +0.00      26    2.4
subgraph_mip   blended                     1   0.001    0.084    0.085 1160.1x     0.903    +4.05    586.13    +0.36      13    1.2
subgraph_mip   blended_union               1   0.014    0.656    0.670 147.8x     0.868    +0.00    584.04    +0.00      37    3.4
subgraph_mip   diverse                     1   0.008    0.102    0.110 899.9x     0.903    +4.05    586.13    +0.36      13    1.2
subgraph_mip   edge_weight                 2   0.004    0.061    0.065 1513.5x     0.868    +0.00    584.04    +0.00      15    1.4
subgraph_mip   time_balanced_weight        2   0.003    0.171    0.174 569.1x     1.047   +20.72    597.84    +2.36      15    1.4
subgraph_mip   combined                    2   0.010    0.464    0.474 208.8x     0.868    +0.00    584.04    +0.00      30    2.7
subgraph_mip   blended                     2   0.009    0.198    0.207 478.2x     0.903    +4.05    586.13    +0.36      15    1.4
subgraph_mip   blended_union               2   0.042    1.089    1.130  87.6x     0.868    +0.00    584.04    +0.00      43    3.9
subgraph_mip   diverse                     2   0.005    1.525    1.529  64.8x     0.903    +4.05    586.13    +0.36      26    2.4
subgraph_mip   edge_weight                 5   0.013    0.232    0.246 403.1x     0.868    +0.00    584.04    +0.00      21    1.9
subgraph_mip   time_balanced_weight        5   0.008    0.803    0.812 122.0x     1.038   +19.70    597.84    +2.36      27    2.4
subgraph_mip   combined                    5   0.021    0.686    0.706 140.2x     0.868    +0.00    584.04    +0.00      48    4.3
subgraph_mip   blended                     5   0.021    0.529    0.549 180.4x     0.903    +4.05    586.13    +0.36      21    1.9
subgraph_mip   blended_union               5   0.068    0.396    0.465 213.2x     0.868    +0.00    584.04    +0.00      60    5.4
subgraph_mip   diverse                     5   0.007    0.339    0.346 286.6x     0.903    +4.05    586.13    +0.36      65    5.9
subgraph_mip   edge_weight                10   0.039    0.303    0.343 289.1x     0.868    +0.00    584.04    +0.00      24    2.2
subgraph_mip   time_balanced_weight       10   0.032    2.831    2.863  34.6x     1.036   +19.41    586.13    +0.36      38    3.4
subgraph_mip   combined                   10   0.067    0.653    0.720 137.6x     0.868    +0.00    584.04    +0.00      62    5.6
subgraph_mip   blended                    10   0.047    0.415    0.463 214.1x     0.903    +4.05    586.13    +0.36      24    2.2
subgraph_mip   blended_union              10   0.096    0.580    0.676 146.5x     0.868    +0.00    584.04    +0.00      76    6.9
subgraph_mip   diverse                    10   0.010    2.271    2.281  43.4x     0.879    +1.30    581.12    -0.50     126   11.4
subgraph_mip   edge_weight                20   0.053    1.306    1.358  72.9x     0.868    -0.00    584.04    +0.00      35    3.2
subgraph_mip   time_balanced_weight       20   0.065    1.704    1.769  56.0x     1.036   +19.41    586.13    +0.36      42    3.8
subgraph_mip   combined                   20   0.147    0.560    0.707 140.1x     0.868    +0.00    584.04    +0.00      77    7.0
subgraph_mip   blended                    20   0.091    0.559    0.650 152.3x     0.903    +4.05    586.13    +0.36      30    2.7
subgraph_mip   blended_union              20   0.268    0.878    1.147  86.4x     0.868    +0.00    584.04    +0.00      92    8.3
subgraph_mip   diverse                    20   0.029    1.274    1.302  76.0x     0.872    +0.46    581.12    -0.50     239   21.6
subgraph_mip   edge_weight                50   0.195    0.721    0.916 108.1x     0.868    +0.00    584.04    +0.00      54    4.9
subgraph_mip   time_balanced_weight       50   0.093    0.977    1.070  92.6x     1.036   +19.41    586.13    +0.36      63    5.7
subgraph_mip   combined                   50   0.330    1.028    1.358  72.9x     0.868    +0.00    584.04    +0.00     116   10.5
subgraph_mip   blended                    50   0.280    1.489    1.768  56.0x     0.903    +4.05    586.13    +0.36      38    3.4
subgraph_mip   blended_union              50   0.797    1.616    2.413  41.0x     0.868    +0.00    584.04    +0.00     125   11.3
subgraph_mip   diverse                    50   0.061    3.913    3.974  24.9x     0.868    +0.10    584.04    +0.00     509   46.1
subgraph_mip   edge_weight               100   0.328    0.882    1.210  81.8x     0.868    +0.00    584.04    +0.00      78    7.1
subgraph_mip   time_balanced_weight      100   0.159    1.510    1.669  59.4x     1.034   +19.20    586.13    +0.36      86    7.8
subgraph_mip   combined                  100   0.498    1.727    2.224  44.5x     0.868    +0.00    584.04    +0.00     162   14.7
subgraph_mip   blended                   100   0.550    2.020    2.569  38.5x     0.903    +4.05    586.13    +0.36      45    4.1
subgraph_mip   blended_union             100   1.392    1.664    3.056  32.4x     0.868    +0.00    584.04    +0.00     153   13.8
subgraph_mip   diverse                   100   0.105   29.099   29.204   3.4x     0.868    +0.00    584.04    +0.00     751   68.0
subgraph_mip   edge_weight               200   0.660    1.025    1.685  58.8x     0.868    +0.00    584.04    +0.00      95    8.6
subgraph_mip   time_balanced_weight      200   0.414    3.919    4.332  22.9x     1.028   +18.52    586.13    +0.36     111   10.1
subgraph_mip   combined                  200   1.108    3.614    4.722  21.0x     0.868    +0.00    584.04    +0.00     202   18.3
subgraph_mip   blended                   200   0.868    0.609    1.477  67.0x     0.888    +2.31    581.12    -0.50      53    4.8
subgraph_mip   blended_union             200   2.441    2.677    5.118  19.4x     0.868    +0.00    584.04    +0.00     177   16.0
subgraph_mip   diverse                   200   0.190   21.382   21.572   4.6x     0.868    +0.00    584.04    +0.00     907   82.1
subgraph_mip   edge_weight               500   1.781    1.263    3.044  32.5x     0.868    +0.00    584.04    +0.00     108    9.8
subgraph_mip   time_balanced_weight      500   1.178    4.439    5.616  17.6x     1.024   +18.06    581.12    -0.50     153   13.8
subgraph_mip   combined                  500   3.089    2.506    5.595  17.7x     0.868    +0.00    584.04    +0.00     257   23.3
subgraph_mip   blended                   500   2.230    1.511    3.740  26.5x     0.882    +1.69    574.62    -1.61     130   11.8
subgraph_mip   blended_union             500   6.003    4.242   10.246   9.7x     0.868    +0.00    584.04    +0.00     245   22.2
subgraph_mip   diverse                   500   0.663  122.278  122.940   0.8x     0.868    +0.00    584.04    +0.00    1042   94.3
subgraph_mip   edge_weight              1000   3.489    3.231    6.720  14.7x     0.868    +0.00    584.04    +0.00     142   12.8
subgraph_mip   time_balanced_weight     1000   2.867   11.836   14.703   6.7x     1.022   +17.80    581.12    -0.50     211   19.1
subgraph_mip   combined                 1000   6.117    6.858   12.974   7.6x     0.868    +0.00    584.04    +0.00     346   31.3
subgraph_mip   blended                  1000   4.371    2.914    7.285  13.6x     0.882    +1.69    574.62    -1.61     167   15.1
subgraph_mip   blended_union            1000  12.627   16.275   28.901   3.4x     0.868    +0.00    584.04    +0.00     297   26.9
subgraph_mip   diverse                  1000   1.054  124.685  125.739   0.8x     0.868    +0.00    584.04    +0.00    1100   99.5
subgraph_mip   edge_weight              2000   8.234    2.237   10.471   9.5x     0.868    +0.00    584.04    +0.00     185   16.7
subgraph_mip   time_balanced_weight     2000   7.456    8.340   15.796   6.3x     1.022   +17.80    581.12    -0.50     292   26.4
subgraph_mip   combined                 2000  15.174   16.247   31.421   3.1x     0.868    +0.00    584.04    +0.00     460   41.6
subgraph_mip   blended                  2000  10.655    7.499   18.154   5.5x     0.871    +0.42    584.04    +0.00     228   20.6
subgraph_mip   blended_union            2000  30.068   21.079   51.147   1.9x     0.868    +0.00    584.04    +0.00     410   37.1
subgraph_mip   diverse                  2000   2.451   99.857  102.308   1.0x     0.868    +0.00    584.04    +0.00    1105  100.0
subgraph_mip   edge_weight              5000  32.651    9.746   42.397   2.3x     0.868    +0.00    584.04    +0.00     232   21.0
subgraph_mip   time_balanced_weight     5000  24.706    9.589   34.295   2.9x     0.978   +12.77    581.12    -0.50     431   39.0
subgraph_mip   combined                 5000  60.587   10.956   71.542   1.4x     0.868    +0.00    584.04    +0.00     632   57.2
subgraph_mip   blended                  5000  37.993   19.673   57.666   1.7x     0.868    +0.01    584.04    +0.00     433   39.2
subgraph_mip   blended_union            5000 116.282   16.677  132.959   0.7x     0.868    +0.00    584.04    +0.00     525   47.5
subgraph_mip   diverse                  5000   6.782   84.511   91.294   1.1x     0.868    +0.00    584.04    +0.00    1105  100.0
============================================================================================================================

----------------- λ = 0.55 -----------------
========================================================================
Strategy Comparison Experiment — assembly_1  P=4  λ=0.55
========================================================================

Building assembly digraph …
2026-07-01 18:56:39.180 | INFO     | pycaalp.gapp.assembly_digraph:compute_assembly_digraph_complete:395 - Computing assembly digraph...
  343 nodes, 1105 edges  (0.3s)

[1] Full MIP  P=4  λ=0.55
2026-07-01 18:56:39.474 | INFO     | pycaalp.time_balancing.model:run_mip:430 - Running MIP solver ...
presolving:
(round 1, fast)       2 del vars, 2 del conss, 0 add conss, 0 chg bounds, 0 chg sides, 0 chg coeffs, 0 upgd conss, 0 impls, 69 clqs, 0 implints
(round 2, exhaustive) 2 del vars, 2 del conss, 0 add conss, 1 chg bounds, 0 chg sides, 0 chg coeffs, 4525 upgd conss, 0 impls, 69 clqs, 0 implints
   (0.2s) probing: 1000/1207 (82.9%) - 0 fixings, 0 aggregations, 130891 implications, 0 bound changes
   (0.2s) probing: 1001/1207 (82.9%) - 0 fixings, 0 aggregations, 130966 implications, 0 bound changes
   (0.2s) probing aborted: 1000/1000 successive useless probings
   (0.3s) symmetry computation started: requiring (bin +, int +, cont +), (fixed: bin -, int -, cont -)
   (0.3s) no symmetry present (symcode time: 0.00)
presolving (3 rounds: 3 fast, 2 medium, 2 exhaustive):
 2 deleted vars, 2 deleted constraints, 0 added constraints, 1 tightened bounds, 0 added holes, 0 changed sides, 0 changed coefficients
 0 implications, 15690 cliques, 0 implied integral variables (0 bin, 0 int, 0 cont)
presolved problem has 1208 variables (1207 bin, 0 int, 1 cont) and 4839 constraints
     69 constraints of type <setppc>
    314 constraints of type <linear>
   4456 constraints of type <logicor>
Presolving Time: 0.27

 time | node  | left  |LP iter|LP it/n|mem/heur|mdpt |vars |cons |rows |cuts |sepa|confs|strbr|  dualbound   | primalbound  |  gap   | compl. 
p 0.4s|     1 |     0 |   126 |     - | vbounds|   0 |1208 |4867 |4839 |   0 |  0 |  27 |   0 | 0.000000e+00 | 1.159425e+00 |    Inf | unknown
  0.4s|     1 |     0 |   471 |     - |    34M |   0 |1208 |4867 |4839 |   0 |  0 |  27 |   0 | 8.329273e-01 | 1.159425e+00 |  39.20%| unknown
  0.7s|     1 |     0 |   484 |     - |    39M |   0 |1208 |4875 |4843 |   4 |  1 |  35 |   0 | 8.329273e-01 | 1.159425e+00 |  39.20%| unknown
  1.0s|     1 |     0 |   492 |     - |    46M |   0 |1208 |4881 |4846 |   7 |  2 |  41 |   0 | 8.329273e-01 | 1.159425e+00 |  39.20%| unknown
  1.3s|     1 |     0 |   503 |     - |    54M |   0 |1208 |4882 |4850 |  11 |  3 |  42 |   0 | 8.329273e-01 | 1.159425e+00 |  39.20%| unknown
  1.5s|     1 |     0 |   515 |     - |    60M |   0 |1208 |4886 |4853 |  14 |  4 |  46 |   0 | 8.329273e-01 | 1.159425e+00 |  39.20%| unknown
  1.9s|     1 |     0 |   525 |     - |    66M |   0 |1208 |4887 |4855 |  16 |  5 |  47 |   0 | 8.329273e-01 | 1.159425e+00 |  39.20%| unknown
  2.1s|     1 |     0 |   534 |     - |    73M |   0 |1208 |4897 |4858 |  19 |  6 |  57 |   0 | 8.329273e-01 | 1.159425e+00 |  39.20%| unknown
  2.5s|     1 |     0 |   540 |     - |    81M |   0 |1208 |4898 |4860 |  21 |  7 |  58 |   0 | 8.329273e-01 | 1.159425e+00 |  39.20%| unknown
  3.0s|     1 |     0 |   549 |     - |    89M |   0 |1208 |4901 |4863 |  24 |  8 |  67 |   0 | 8.329273e-01 | 1.159425e+00 |  39.20%| unknown
  3.5s|     1 |     0 |   565 |     - |    95M |   0 |1208 |4903 |4865 |  26 |  9 |  69 |   0 | 8.329273e-01 | 1.159425e+00 |  39.20%| unknown
  4.0s|     1 |     0 |   586 |     - |   106M |   0 |1208 |4913 |4867 |  28 | 10 |  79 |   0 | 8.329273e-01 | 1.159425e+00 |  39.20%| unknown
  4.0s|     1 |     0 |   587 |     - |   106M |   0 |1208 |4913 |4868 |  29 | 11 |  80 |   0 | 8.329273e-01 | 1.159425e+00 |  39.20%| unknown
d 4.1s|     1 |     0 |  1125 |     - |farkasdi|   0 |1208 |4914 |4868 |   0 | 11 |  81 |   0 | 8.329273e-01 | 9.528195e-01 |  14.39%| unknown
o 4.2s|     1 |     0 |  1678 |     - |feaspump|   0 |1208 |4914 |4868 |  29 | 11 |  81 |   0 | 8.329273e-01 | 8.710124e-01 |   4.57%| unknown
 time | node  | left  |LP iter|LP it/n|mem/heur|mdpt |vars |cons |rows |cuts |sepa|confs|strbr|  dualbound   | primalbound  |  gap   | compl. 
  4.3s|     1 |     0 |  1817 |     - |   106M |   0 |1208 |4920 |4868 |  29 | 11 |  92 |   0 | 8.329273e-01 | 8.710124e-01 |   4.57%| unknown
  4.3s|     1 |     0 |  1817 |     - |   106M |   0 |1208 |4920 |4448 |  29 | 11 |  93 |   0 | 8.329273e-01 | 8.710124e-01 |   4.57%| unknown
  4.3s|     1 |     0 |  1822 |     - |   107M |   0 |1208 |4727 |4432 |  31 | 12 |  93 |   0 | 8.329273e-01 | 8.710124e-01 |   4.57%| unknown
  4.3s|     1 |     0 |  1822 |     - |   107M |   0 |1208 |4454 |4432 |  31 | 13 | 103 |   0 | 8.329273e-01 | 8.710124e-01 |   4.57%| unknown
  4.3s|     1 |     0 |  1838 |     - |   107M |   0 |1208 |4454 |4434 |  33 | 14 | 103 |   0 | 8.329273e-01 | 8.710124e-01 |   4.57%| unknown
(run 1, node 1) restarting after 368 global fixings of integer variables

(restart) converted 31 cuts from the global cut pool into linear constraints

presolving:
(round 1, fast)       375 del vars, 1088 del conss, 0 add conss, 0 chg bounds, 0 chg sides, 347 chg coeffs, 0 upgd conss, 0 impls, 8568 clqs, 0 implints
(round 2, exhaustive) 375 del vars, 1088 del conss, 0 add conss, 0 chg bounds, 0 chg sides, 347 chg coeffs, 50 upgd conss, 0 impls, 8568 clqs, 0 implints
(round 3, exhaustive) 375 del vars, 1090 del conss, 0 add conss, 0 chg bounds, 2 chg sides, 405 chg coeffs, 50 upgd conss, 0 impls, 8570 clqs, 0 implints
(round 4, exhaustive) 375 del vars, 1090 del conss, 0 add conss, 0 chg bounds, 2 chg sides, 454 chg coeffs, 50 upgd conss, 0 impls, 8570 clqs, 0 implints
presolving (5 rounds: 5 fast, 4 medium, 4 exhaustive):
 375 deleted vars, 1092 deleted constraints, 0 added constraints, 0 tightened bounds, 0 added holes, 2 changed sides, 458 changed coefficients
 0 implications, 8570 cliques, 0 implied integral variables (0 bin, 0 int, 0 cont)
presolved problem has 833 variables (832 bin, 0 int, 1 cont) and 3403 constraints
      6 constraints of type <knapsack>
    111 constraints of type <setppc>
    222 constraints of type <linear>
   3064 constraints of type <logicor>
Presolving Time: 0.29
transformed 1/3 original solutions to the transformed problem space

 time | node  | left  |LP iter|LP it/n|mem/heur|mdpt |vars |cons |rows |cuts |sepa|confs|strbr|  dualbound   | primalbound  |  gap   | compl. 
  4.4s|     1 |     0 |  2158 |     - |    99M |   0 | 833 |3403 |3313 |   0 |  0 | 113 |   0 | 8.329273e-01 | 8.710124e-01 |   4.57%| unknown
  4.4s|     1 |     0 |  2158 |     - |    99M |   0 | 833 |3406 |3101 |   0 |  0 | 116 |   0 | 8.329273e-01 | 8.710124e-01 |   4.57%| unknown
  4.5s|     1 |     0 |  2180 |     - |   100M |   0 | 833 |3294 |3024 |   7 |  1 | 116 |   0 | 8.329273e-01 | 8.710124e-01 |   4.57%| unknown
  4.7s|     1 |     0 |  2192 |     - |   100M |   0 | 833 |3212 |3028 |  11 |  2 | 120 |   0 | 8.329273e-01 | 8.710124e-01 |   4.57%| unknown
  4.8s|     1 |     0 |  2214 |     - |   101M |   0 | 833 |3208 |3033 |  16 |  3 | 129 |   0 | 8.329273e-01 | 8.710124e-01 |   4.57%| unknown
  5.0s|     1 |     0 |  2224 |     - |   101M |   0 | 833 |3194 |3039 |  22 |  4 | 136 |   0 | 8.329273e-01 | 8.710124e-01 |   4.57%| unknown
  5.2s|     1 |     0 |  2237 |     - |   101M |   0 | 833 |3195 |3044 |  27 |  5 | 137 |   0 | 8.329273e-01 | 8.710124e-01 |   4.57%| unknown
  5.3s|     1 |     0 |  2246 |     - |   102M |   0 | 833 |3194 |3047 |  30 |  6 | 139 |   0 | 8.329273e-01 | 8.710124e-01 |   4.57%| unknown
  5.6s|     1 |     0 |  2257 |     - |   105M |   0 | 833 |3198 |3050 |  33 |  7 | 149 |   0 | 8.329273e-01 | 8.710124e-01 |   4.57%| unknown
  5.8s|     1 |     0 |  2270 |     - |   106M |   0 | 833 |3197 |3051 |  34 |  8 | 151 |   0 | 8.329273e-01 | 8.710124e-01 |   4.57%| unknown
  5.9s|     1 |     0 |  2302 |     - |   109M |   0 | 833 |3199 |3052 |  35 |  9 | 153 |   0 | 8.329273e-01 | 8.710124e-01 |   4.57%| unknown
  6.1s|     1 |     0 |  2312 |     - |   112M |   0 | 833 |3202 |3053 |  36 | 10 | 163 |   0 | 8.329273e-01 | 8.710124e-01 |   4.57%| unknown
  6.2s|     1 |     0 |  2315 |     - |   113M |   0 | 833 |3189 |3054 |  37 | 11 | 163 |   0 | 8.329273e-01 | 8.710124e-01 |   4.57%| unknown
  6.2s|     1 |     0 |  2315 |     - |   113M |   0 | 833 |3031 |3054 |  37 | 11 | 166 |   0 | 8.329273e-01 | 8.710124e-01 |   4.57%| unknown
  6.2s|     1 |     0 |  2324 |     - |   113M |   0 | 833 |3031 |3057 |  40 | 12 | 166 |   0 | 8.329273e-01 | 8.710124e-01 |   4.57%| unknown
 time | node  | left  |LP iter|LP it/n|mem/heur|mdpt |vars |cons |rows |cuts |sepa|confs|strbr|  dualbound   | primalbound  |  gap   | compl. 
  6.2s|     1 |     0 |  2331 |     - |   114M |   0 | 833 |2857 |3058 |  41 | 13 | 167 |   0 | 8.329273e-01 | 8.710124e-01 |   4.57%| unknown
  6.2s|     1 |     0 |  2335 |     - |   114M |   0 | 833 |2787 |3060 |  43 | 14 | 167 |   0 | 8.329273e-01 | 8.710124e-01 |   4.57%| unknown
  6.3s|     1 |     0 |  2339 |     - |   114M |   0 | 833 |2710 |3024 |  44 | 15 | 168 |   0 | 8.329273e-01 | 8.710124e-01 |   4.57%| unknown
  6.3s|     1 |     0 |  2345 |     - |   114M |   0 | 833 |2713 |3025 |  45 | 16 | 176 |   0 | 8.329273e-01 | 8.710124e-01 |   4.57%| unknown
  6.3s|     1 |     0 |  2349 |     - |   115M |   0 | 833 |2707 |3026 |  46 | 17 | 179 |   0 | 8.329273e-01 | 8.710124e-01 |   4.57%| unknown
  6.3s|     1 |     0 |  2352 |     - |   115M |   0 | 833 |2675 |3027 |  47 | 18 | 182 |   0 | 8.329273e-01 | 8.710124e-01 |   4.57%| unknown
  6.3s|     1 |     0 |  2353 |     - |   115M |   0 | 833 |2651 |3028 |  48 | 19 | 183 |   0 | 8.329273e-01 | 8.710124e-01 |   4.57%| unknown
  6.3s|     1 |     0 |  2354 |     - |   115M |   0 | 833 |2655 |3029 |  49 | 20 | 193 |   0 | 8.329273e-01 | 8.710124e-01 |   4.57%| unknown
(run 2, node 1) restarting after 212 global fixings of integer variables

(restart) converted 29 cuts from the global cut pool into linear constraints

presolving:
(round 1, fast)       215 del vars, 114 del conss, 0 add conss, 0 chg bounds, 0 chg sides, 159 chg coeffs, 0 upgd conss, 0 impls, 5459 clqs, 0 implints
(round 2, exhaustive) 215 del vars, 114 del conss, 0 add conss, 0 chg bounds, 0 chg sides, 162 chg coeffs, 30 upgd conss, 0 impls, 5459 clqs, 0 implints
(round 3, exhaustive) 215 del vars, 115 del conss, 0 add conss, 0 chg bounds, 1 chg sides, 177 chg coeffs, 30 upgd conss, 0 impls, 5460 clqs, 0 implints
(round 4, exhaustive) 215 del vars, 115 del conss, 0 add conss, 0 chg bounds, 1 chg sides, 191 chg coeffs, 30 upgd conss, 0 impls, 5461 clqs, 0 implints
(round 5, exhaustive) 215 del vars, 121 del conss, 0 add conss, 0 chg bounds, 1 chg sides, 258 chg coeffs, 30 upgd conss, 0 impls, 5461 clqs, 0 implints
presolving (6 rounds: 6 fast, 5 medium, 5 exhaustive):
 215 deleted vars, 121 deleted constraints, 0 added constraints, 0 tightened bounds, 0 added holes, 1 changed sides, 270 changed coefficients
 0 implications, 5461 cliques, 0 implied integral variables (0 bin, 0 int, 0 cont)
presolved problem has 618 variables (617 bin, 0 int, 1 cont) and 2577 constraints
     18 constraints of type <knapsack>
    107 constraints of type <setppc>
    177 constraints of type <linear>
   2275 constraints of type <logicor>
Presolving Time: 0.31
transformed 1/3 original solutions to the transformed problem space

 time | node  | left  |LP iter|LP it/n|mem/heur|mdpt |vars |cons |rows |cuts |sepa|confs|strbr|  dualbound   | primalbound  |  gap   | compl. 
  6.5s|     1 |     0 |  3238 |     - |   115M |   0 | 618 |2577 |2406 |   0 |  0 | 220 |   0 | 8.329273e-01 | 8.710124e-01 |   4.57%| unknown
  6.5s|     1 |     0 |  3238 |     - |   115M |   0 | 618 |2580 |2309 |   0 |  0 | 223 |   0 | 8.329273e-01 | 8.710124e-01 |   4.57%| unknown
  6.6s|     1 |     0 |  3271 |     - |   116M |   0 | 618 |2531 |2241 |   3 |  1 | 223 |   0 | 8.329273e-01 | 8.710124e-01 |   4.57%| unknown
  6.7s|     1 |     0 |  3314 |     - |   116M |   0 | 618 |2466 |2244 |   6 |  2 | 227 |   0 | 8.329282e-01 | 8.710124e-01 |   4.57%| unknown
  6.8s|     1 |     0 |  3343 |     - |   117M |   0 | 618 |2462 |2246 |   8 |  3 | 235 |   0 | 8.329298e-01 | 8.710124e-01 |   4.57%| unknown
  6.9s|     1 |     0 |  3355 |     - |   120M |   0 | 618 |2465 |2249 |  11 |  4 | 242 |   0 | 8.329300e-01 | 8.710124e-01 |   4.57%| unknown
  7.0s|     1 |     0 |  3385 |     - |   124M |   0 | 618 |2466 |2252 |  14 |  5 | 243 |   0 | 8.329304e-01 | 8.710124e-01 |   4.57%| unknown
  7.1s|     1 |     0 |  3399 |     - |   129M |   0 | 618 |2466 |2254 |  16 |  6 | 243 |   0 | 8.329308e-01 | 8.710124e-01 |   4.57%| unknown
  7.2s|     1 |     0 |  3418 |     - |   131M |   0 | 618 |2463 |2255 |  17 |  7 | 253 |   0 | 8.329313e-01 | 8.710124e-01 |   4.57%| unknown
  7.3s|     1 |     0 |  3474 |     - |   138M |   0 | 618 |2464 |2257 |  19 |  8 | 254 |   0 | 8.329351e-01 | 8.710124e-01 |   4.57%| unknown
  7.4s|     1 |     0 |  3499 |     - |   143M |   0 | 618 |2464 |2258 |  20 |  9 | 254 |   0 | 8.329364e-01 | 8.710124e-01 |   4.57%| unknown
  7.6s|     1 |     0 |  3518 |     - |   152M |   0 | 618 |2467 |2225 |  23 | 10 | 257 |   0 | 8.329369e-01 | 8.710124e-01 |   4.57%| unknown
  7.6s|     1 |     0 |  3536 |     - |   152M |   0 | 618 |2467 |2227 |  25 | 11 | 258 |   0 | 8.329619e-01 | 8.710124e-01 |   4.57%| unknown
(run 3, node 1) restarting after 35 global fixings of integer variables

(restart) converted 19 cuts from the global cut pool into linear constraints

presolving:
(round 1, fast)       40 del vars, 30 del conss, 0 add conss, 0 chg bounds, 0 chg sides, 424 chg coeffs, 0 upgd conss, 0 impls, 4694 clqs, 0 implints
(round 2, exhaustive) 40 del vars, 31 del conss, 0 add conss, 0 chg bounds, 0 chg sides, 425 chg coeffs, 17 upgd conss, 0 impls, 4694 clqs, 0 implints
(round 3, medium)     40 del vars, 32 del conss, 0 add conss, 0 chg bounds, 2 chg sides, 427 chg coeffs, 17 upgd conss, 0 impls, 4694 clqs, 0 implints
(round 4, exhaustive) 40 del vars, 47 del conss, 0 add conss, 0 chg bounds, 2 chg sides, 447 chg coeffs, 17 upgd conss, 0 impls, 4694 clqs, 0 implints
(round 5, exhaustive) 40 del vars, 49 del conss, 0 add conss, 0 chg bounds, 2 chg sides, 452 chg coeffs, 17 upgd conss, 0 impls, 4694 clqs, 0 implints
(round 6, exhaustive) 40 del vars, 49 del conss, 0 add conss, 0 chg bounds, 2 chg sides, 467 chg coeffs, 17 upgd conss, 0 impls, 4694 clqs, 0 implints
presolving (7 rounds: 7 fast, 6 medium, 5 exhaustive):
 40 deleted vars, 49 deleted constraints, 0 added constraints, 0 tightened bounds, 0 added holes, 2 changed sides, 472 changed coefficients
 0 implications, 4694 cliques, 0 implied integral variables (0 bin, 0 int, 0 cont)
presolved problem has 578 variables (577 bin, 0 int, 1 cont) and 2439 constraints
     24 constraints of type <knapsack>
     99 constraints of type <setppc>
    179 constraints of type <linear>
   2137 constraints of type <logicor>
Presolving Time: 0.33
transformed 1/3 original solutions to the transformed problem space

 time | node  | left  |LP iter|LP it/n|mem/heur|mdpt |vars |cons |rows |cuts |sepa|confs|strbr|  dualbound   | primalbound  |  gap   | compl. 
  7.8s|     1 |     0 |  4792 |     - |   148M |   0 | 578 |2439 |2246 |   0 |  0 | 274 |   0 | 8.329619e-01 | 8.710124e-01 |   4.57%| unknown
  7.8s|     1 |     0 |  4792 |     - |   148M |   0 | 578 |2439 |2184 |   0 |  0 | 274 |   0 | 8.329619e-01 | 8.710124e-01 |   4.57%| unknown
  7.9s|     1 |     0 |  4811 |     - |   148M |   0 | 578 |2400 |2167 |   3 |  1 | 274 |   0 | 8.329619e-01 | 8.710124e-01 |   4.57%| unknown
  8.1s|     1 |     0 |  4830 |     - |   148M |   0 | 578 |2383 |2170 |   6 |  2 | 274 |   0 | 8.329619e-01 | 8.710124e-01 |   4.57%| unknown
  8.2s|     1 |     0 |  4856 |     - |   148M |   0 | 578 |2371 |2176 |  12 |  3 | 275 |   0 | 8.329619e-01 | 8.710124e-01 |   4.57%| unknown
  8.4s|     1 |     0 |  4888 |     - |   149M |   0 | 578 |2369 |2179 |  15 |  4 | 275 |   0 | 8.330164e-01 | 8.710124e-01 |   4.56%| unknown
  8.6s|     1 |     0 |  4899 |     - |   149M |   0 | 578 |2379 |2182 |  18 |  5 | 285 |   0 | 8.330164e-01 | 8.710124e-01 |   4.56%| unknown
  8.7s|     1 |     0 |  4914 |     - |   149M |   0 | 578 |2388 |2185 |  21 |  6 | 295 |   0 | 8.330164e-01 | 8.710124e-01 |   4.56%| unknown
  8.9s|     1 |     0 |  4934 |     - |   150M |   0 | 578 |2387 |2189 |  25 |  7 | 295 |   0 | 8.330164e-01 | 8.710124e-01 |   4.56%| unknown
  9.0s|     1 |     0 |  4949 |     - |   153M |   0 | 578 |2386 |2194 |  30 |  8 | 295 |   0 | 8.330164e-01 | 8.710124e-01 |   4.56%| unknown
  9.2s|     1 |     0 |  4964 |     - |   155M |   0 | 578 |2386 |2197 |  33 |  9 | 299 |   0 | 8.330164e-01 | 8.710124e-01 |   4.56%| unknown
  9.4s|     1 |     0 |  4985 |     - |   156M |   0 | 578 |2388 |2199 |  35 | 10 | 301 |   0 | 8.330164e-01 | 8.710124e-01 |   4.56%| unknown
  9.4s|     1 |     0 |  5015 |     - |   157M |   0 | 578 |2389 |2201 |  37 | 11 | 302 |   0 | 8.330310e-01 | 8.710124e-01 |   4.56%| unknown
  9.4s|     1 |     0 |  5015 |     - |   157M |   0 | 578 |2361 |2201 |  37 | 11 | 303 |   0 | 8.330310e-01 | 8.710124e-01 |   4.56%| unknown
  9.4s|     1 |     0 |  5028 |     - |   157M |   0 | 578 |2361 |2139 |  41 | 12 | 303 |   0 | 8.330310e-01 | 8.710124e-01 |   4.56%| unknown
 time | node  | left  |LP iter|LP it/n|mem/heur|mdpt |vars |cons |rows |cuts |sepa|confs|strbr|  dualbound   | primalbound  |  gap   | compl. 
  9.5s|     1 |     0 |  5035 |     - |   157M |   0 | 578 |2316 |2143 |  45 | 13 | 307 |   0 | 8.330310e-01 | 8.710124e-01 |   4.56%| unknown
  9.5s|     1 |     0 |  5039 |     - |   157M |   0 | 578 |2317 |2145 |  47 | 14 | 310 |   0 | 8.330310e-01 | 8.710124e-01 |   4.56%| unknown
  9.5s|     1 |     0 |  5044 |     - |   157M |   0 | 578 |2324 |2146 |  48 | 15 | 318 |   0 | 8.330310e-01 | 8.710124e-01 |   4.56%| unknown
  9.5s|     1 |     0 |  5046 |     - |   158M |   0 | 578 |2322 |2147 |  49 | 16 | 319 |   0 | 8.330310e-01 | 8.710124e-01 |   4.56%| unknown
  9.5s|     1 |     0 |  5047 |     - |   158M |   0 | 578 |2320 |2149 |  51 | 17 | 322 |   0 | 8.330310e-01 | 8.710124e-01 |   4.56%| unknown
  9.6s|     1 |     0 |  5048 |     - |   158M |   0 | 578 |2301 |2133 |  52 | 18 | 323 |   0 | 8.330310e-01 | 8.710124e-01 |   4.56%| unknown
  9.6s|     1 |     0 |  5051 |     - |   158M |   0 | 578 |2300 |2134 |  53 | 19 | 325 |   0 | 8.330310e-01 | 8.710124e-01 |   4.56%| unknown
  9.6s|     1 |     0 |  5054 |     - |   159M |   0 | 578 |2306 |2135 |  54 | 20 | 332 |   0 | 8.330310e-01 | 8.710124e-01 |   4.56%| unknown
(run 4, node 1) restarting after 45 global fixings of integer variables

(restart) converted 24 cuts from the global cut pool into linear constraints

presolving:
(round 1, fast)       49 del vars, 18 del conss, 0 add conss, 0 chg bounds, 0 chg sides, 225 chg coeffs, 0 upgd conss, 0 impls, 4151 clqs, 0 implints
(round 2, exhaustive) 49 del vars, 18 del conss, 0 add conss, 0 chg bounds, 0 chg sides, 227 chg coeffs, 25 upgd conss, 0 impls, 4151 clqs, 0 implints
(round 3, exhaustive) 49 del vars, 18 del conss, 0 add conss, 0 chg bounds, 0 chg sides, 244 chg coeffs, 25 upgd conss, 0 impls, 4151 clqs, 0 implints
(round 4, exhaustive) 49 del vars, 21 del conss, 0 add conss, 0 chg bounds, 0 chg sides, 345 chg coeffs, 25 upgd conss, 0 impls, 4151 clqs, 0 implints
(round 5, exhaustive) 49 del vars, 21 del conss, 0 add conss, 0 chg bounds, 0 chg sides, 364 chg coeffs, 25 upgd conss, 0 impls, 4151 clqs, 0 implints
(round 6, exhaustive) 49 del vars, 24 del conss, 0 add conss, 0 chg bounds, 0 chg sides, 371 chg coeffs, 25 upgd conss, 0 impls, 4151 clqs, 0 implints
presolving (7 rounds: 7 fast, 6 medium, 6 exhaustive):
 49 deleted vars, 24 deleted constraints, 0 added constraints, 0 tightened bounds, 0 added holes, 0 changed sides, 374 changed coefficients
 0 implications, 4151 cliques, 0 implied integral variables (0 bin, 0 int, 0 cont)
presolved problem has 529 variables (528 bin, 0 int, 1 cont) and 2314 constraints
     39 constraints of type <knapsack>
     99 constraints of type <setppc>
    172 constraints of type <linear>
   2004 constraints of type <logicor>
Presolving Time: 0.37
transformed 1/3 original solutions to the transformed problem space

 time | node  | left  |LP iter|LP it/n|mem/heur|mdpt |vars |cons |rows |cuts |sepa|confs|strbr|  dualbound   | primalbound  |  gap   | compl. 
  9.7s|     1 |     0 |  5490 |     - |   154M |   0 | 529 |2314 |2067 |   0 |  0 | 341 |   0 | 8.330310e-01 | 8.710124e-01 |   4.56%| unknown
  9.7s|     1 |     0 |  5490 |     - |   154M |   0 | 529 |2322 |2029 |   0 |  0 | 349 |   0 | 8.330310e-01 | 8.710124e-01 |   4.56%| unknown
  9.8s|     1 |     0 |  5506 |     - |   154M |   0 | 529 |2303 |2024 |   5 |  1 | 349 |   0 | 8.330310e-01 | 8.710124e-01 |   4.56%| unknown
  9.9s|     1 |     0 |  5525 |     - |   154M |   0 | 529 |2298 |2025 |   6 |  2 | 351 |   0 | 8.330310e-01 | 8.710124e-01 |   4.56%| unknown
 10.0s|     1 |     0 |  5529 |     - |   157M |   0 | 529 |2299 |2029 |  10 |  3 | 354 |   0 | 8.330310e-01 | 8.710124e-01 |   4.56%| unknown
 10.1s|     1 |     0 |  5535 |     - |   159M |   0 | 529 |2299 |2031 |  12 |  4 | 362 |   0 | 8.330310e-01 | 8.710124e-01 |   4.56%| unknown
 10.3s|     1 |     0 |  5562 |     - |   160M |   0 | 529 |2299 |2034 |  15 |  5 | 362 |   0 | 8.330310e-01 | 8.710124e-01 |   4.56%| unknown
 10.4s|     1 |     0 |  5570 |     - |   161M |   0 | 529 |2300 |2039 |  20 |  6 | 365 |   0 | 8.330310e-01 | 8.710124e-01 |   4.56%| unknown
 10.5s|     1 |     0 |  5589 |     - |   162M |   0 | 529 |2306 |2041 |  22 |  7 | 374 |   0 | 8.330310e-01 | 8.710124e-01 |   4.56%| unknown
 10.7s|     1 |     0 |  5604 |     - |   166M |   0 | 529 |2307 |2044 |  25 |  8 | 375 |   0 | 8.330310e-01 | 8.710124e-01 |   4.56%| unknown
 10.9s|     1 |     0 |  5620 |     - |   165M |   0 | 529 |2317 |2046 |  27 |  9 | 385 |   0 | 8.330310e-01 | 8.710124e-01 |   4.56%| unknown
 11.1s|     1 |     0 |  5639 |     - |   169M |   0 | 529 |2320 |2048 |  29 | 10 | 388 |   0 | 8.330310e-01 | 8.710124e-01 |   4.56%| unknown
 11.1s|     1 |     0 |  5713 |     - |   169M |   0 | 529 |2321 |2050 |  31 | 11 | 389 |   0 | 8.330319e-01 | 8.710124e-01 |   4.56%| unknown
 11.1s|     1 |     0 |  5713 |     - |   169M |   0 | 529 |2305 |2050 |  31 | 11 | 389 |   0 | 8.330319e-01 | 8.710124e-01 |   4.56%| unknown
 11.1s|     1 |     0 |  5715 |     - |   170M |   0 | 529 |2305 |1968 |  32 | 12 | 389 |   0 | 8.330319e-01 | 8.710124e-01 |   4.56%| unknown
 time | node  | left  |LP iter|LP it/n|mem/heur|mdpt |vars |cons |rows |cuts |sepa|confs|strbr|  dualbound   | primalbound  |  gap   | compl. 
 11.1s|     1 |     0 |  5722 |     - |   170M |   0 | 529 |2262 |1969 |  33 | 13 | 389 |   0 | 8.330320e-01 | 8.710124e-01 |   4.56%| unknown
 11.1s|     1 |     0 |  5726 |     - |   170M |   0 | 529 |2226 |1972 |  36 | 14 | 392 |   0 | 8.330321e-01 | 8.710124e-01 |   4.56%| unknown
(run 5, node 1) restarting after 32 global fixings of integer variables

(restart) converted 24 cuts from the global cut pool into linear constraints

presolving:
(round 1, fast)       33 del vars, 45 del conss, 0 add conss, 0 chg bounds, 0 chg sides, 313 chg coeffs, 0 upgd conss, 0 impls, 2426 clqs, 0 implints
(round 2, exhaustive) 33 del vars, 47 del conss, 0 add conss, 0 chg bounds, 0 chg sides, 313 chg coeffs, 0 upgd conss, 0 impls, 2426 clqs, 0 implints
(round 3, exhaustive) 33 del vars, 47 del conss, 0 add conss, 0 chg bounds, 0 chg sides, 316 chg coeffs, 12 upgd conss, 0 impls, 2426 clqs, 0 implints
(round 4, exhaustive) 33 del vars, 65 del conss, 0 add conss, 0 chg bounds, 1 chg sides, 363 chg coeffs, 12 upgd conss, 0 impls, 2429 clqs, 0 implints
(round 5, exhaustive) 33 del vars, 65 del conss, 0 add conss, 0 chg bounds, 1 chg sides, 381 chg coeffs, 12 upgd conss, 0 impls, 2429 clqs, 0 implints
(round 6, exhaustive) 33 del vars, 67 del conss, 0 add conss, 0 chg bounds, 1 chg sides, 382 chg coeffs, 12 upgd conss, 0 impls, 2429 clqs, 0 implints
presolving (7 rounds: 7 fast, 6 medium, 6 exhaustive):
 33 deleted vars, 67 deleted constraints, 0 added constraints, 0 tightened bounds, 0 added holes, 1 changed sides, 382 changed coefficients
 0 implications, 2429 cliques, 0 implied integral variables (0 bin, 0 int, 0 cont)
presolved problem has 496 variables (495 bin, 0 int, 1 cont) and 2184 constraints
     50 constraints of type <knapsack>
     91 constraints of type <setppc>
    180 constraints of type <linear>
   1863 constraints of type <logicor>
Presolving Time: 0.40
transformed 1/3 original solutions to the transformed problem space

 time | node  | left  |LP iter|LP it/n|mem/heur|mdpt |vars |cons |rows |cuts |sepa|confs|strbr|  dualbound   | primalbound  |  gap   | compl. 
 11.3s|     1 |     0 |  6258 |     - |   166M |   0 | 496 |2184 |1919 |   0 |  0 | 397 |   0 | 8.330321e-01 | 8.710124e-01 |   4.56%| unknown
 11.4s|     1 |     0 |  6274 |     - |   166M |   0 | 496 |2191 |1921 |   2 |  1 | 404 |   0 | 8.330321e-01 | 8.710124e-01 |   4.56%| unknown
 11.5s|     1 |     0 |  6294 |     - |   166M |   0 | 496 |2193 |1925 |   6 |  2 | 406 |   0 | 8.330321e-01 | 8.710124e-01 |   4.56%| unknown
 11.7s|     1 |     0 |  6347 |     - |   166M |   0 | 496 |2193 |1927 |   8 |  3 | 406 |   0 | 8.330322e-01 | 8.710124e-01 |   4.56%| unknown
 11.8s|     1 |     0 |  6369 |     - |   166M |   0 | 496 |2198 |1928 |   9 |  4 | 411 |   0 | 8.330322e-01 | 8.710124e-01 |   4.56%| unknown
 12.0s|     1 |     0 |  6414 |     - |   168M |   0 | 496 |2199 |1929 |  10 |  5 | 412 |   0 | 8.330323e-01 | 8.710124e-01 |   4.56%| unknown
 12.2s|     1 |     0 |  6427 |     - |   172M |   0 | 496 |2200 |1930 |  11 |  6 | 413 |   0 | 8.330324e-01 | 8.710124e-01 |   4.56%| unknown
 12.3s|     1 |     0 |  6457 |     - |   173M |   0 | 496 |2202 |1932 |  13 |  7 | 415 |   0 | 8.330324e-01 | 8.710124e-01 |   4.56%| unknown
 12.4s|     1 |     0 |  6476 |     - |   176M |   0 | 496 |2203 |1934 |  15 |  8 | 416 |   0 | 8.330325e-01 | 8.710124e-01 |   4.56%| unknown
 12.6s|     1 |     0 |  6482 |     - |   177M |   0 | 496 |2204 |1935 |  16 |  9 | 417 |   0 | 8.330325e-01 | 8.710124e-01 |   4.56%| unknown
 12.8s|     1 |     0 |  6520 |     - |   182M |   0 | 496 |2207 |1936 |  17 | 10 | 420 |   0 | 8.330325e-01 | 8.710124e-01 |   4.56%| unknown
 12.8s|     1 |     0 |  6554 |     - |   182M |   0 | 496 |2209 |1938 |  19 | 11 | 423 |   0 | 8.330342e-01 | 8.710124e-01 |   4.56%| unknown
 13.0s|     1 |     2 |  6787 |     - |   182M |   0 | 496 |2218 |1938 |  19 | 11 | 432 |  19 | 8.330364e-01 | 8.710124e-01 |   4.56%| unknown
 19.8s|   100 |    14 | 15778 | 118.2 |   215M |  14 | 496 |2978 |1806 | 270 |  1 |1624 |1574 | 8.331698e-01 | 8.710124e-01 |   4.54%|  11.51%
 22.8s|   200 |    24 | 20871 |  85.2 |   217M |  16 | 496 |3248 |   0 | 484 |  0 |2151 |2150 | 8.331698e-01 | 8.710124e-01 |   4.54%|  25.22%
 time | node  | left  |LP iter|LP it/n|mem/heur|mdpt |vars |cons |rows |cuts |sepa|confs|strbr|  dualbound   | primalbound  |  gap   | compl. 
 26.3s|   300 |    22 | 27270 |  78.3 |   222M |  17 | 496 |3498 |1808 | 884 |  1 |2677 |2613 | 8.353693e-01 | 8.710124e-01 |   4.27%|  43.87%
 29.5s|   400 |    29 | 32051 |  70.7 |   224M |  19 | 496 |3690 |   0 |1180 |  0 |3058 |2935 | 8.419045e-01 | 8.710124e-01 |   3.46%|  54.70%

SCIP Status        : problem is solved [optimal solution found]
Solving Time (sec) : 30.90
Solving Nodes      : 468 (total of 473 nodes in 6 runs)
Primal Bound       : +8.71012381702901e-01 (12 solutions)
Dual Bound         : +8.71012381702901e-01
Gap                : 0.00 %
objective value:                    0.871012381702901
x_('12_5', '13_1')                                  1 	(obj:0.0148876553774095)
x_('11_17', '12_5')                                 1 	(obj:0.0117710040983607)
x_('10_31', '11_17')                                1 	(obj:0.0129323504364488)
x_('9_42', '10_31')                                 1 	(obj:0.0305357142857143)
x_('8_45', '9_42')                                  1 	(obj:0.0203600702576112)
x_('7_37', '8_45')                                  1 	(obj:0.0219720799180328)
x_('6_35', '7_37')                                  1 	(obj:0.0241071428571429)
x_('5_30', '6_35')                                  1 	(obj:0.0173373829039813)
x_('4_25', '5_30')                                  1 	(obj:0.0416977166276346)
x_('3_20', '4_25')                                  1 	(obj:0.0417923009367681)
x_('2_14', '3_20')                                  1 	(obj:0.0421124121779859)
x_('1_10', '2_14')                                  1 	(obj:0.0792400468384075)
x_('0_1', '1_10')                                   1 	(obj:0.0160714285714286)
y_0_0                                               1 	(obj:0)
y_1_0                                               1 	(obj:0)
y_2_0                                               1 	(obj:0)
y_3_1                                               1 	(obj:0)
y_4_1                                               1 	(obj:0)
y_5_1                                               1 	(obj:0)
y_6_2                                               1 	(obj:0)
y_7_2                                               1 	(obj:0)
y_8_2                               0.999999999999999 	(obj:0)
y_9_2                               0.999999999999998 	(obj:0)
y_10_3                                              1 	(obj:0)
y_11_3                                              1 	(obj:0)
y_12_3                                              1 	(obj:0)
z_('3268741', '3425762')_2                          1 	(obj:0)
z_('3268741', '1966592X')_0                         1 	(obj:0)
z_('1966592X', '3452192')_0                         1 	(obj:0)
z_('3452192', '1353870')_0                          1 	(obj:0)
z_('3452192', '3520162')_1                          1 	(obj:0)
z_('3520162', '3307092')_2                          1 	(obj:0)
z_('3520162', '3524054')_1                          1 	(obj:0)
z_('3268740', '3524054')_1                          1 	(obj:0)
z_('3524054', '3179975')_2                          1 	(obj:0)
z_('3179975', '3422998')_2          0.999999999999999 	(obj:0)
z_('3422998', '2495223X')_3                         1 	(obj:0)
z_('3422998', '1353870_01')_3                       1 	(obj:0)
z_('2495223X', '2245784X')_3                        1 	(obj:0)
alpha                                3.51831325301205 	(obj:0.141032091440744)
  obj=0.871  alpha=584.0s  time=31.01s

k = 1
  Subgraph edges — edge_w: 13 (1.2%)  bal_w: 13 (1.2%)  combined: 26 (2.4%)  blended: 13 (1.2%)  blended_union: 37 (3.3%)  diverse: 13 (1.2%)
  [3a] Subgraph / edge_w   k=1 …
2026-07-01 18:57:10.523 | INFO     | pycaalp.time_balancing.model:run_mip:430 - Running MIP solver ...
      obj=0.871 (vs_full=-0.00%)  alpha=584.0s  build=0.001s solve=0.036s  vs_full=+0.00%
  [3b] Subgraph / bal_w    k=1 …
2026-07-01 18:57:10.559 | INFO     | pycaalp.time_balancing.model:run_mip:430 - Running MIP solver ...
      obj=1.035 (vs_full=+18.82%)  alpha=597.8s  build=0.001s solve=0.111s  vs_full=+2.36%
  [3c] Subgraph / combined k=1 …
2026-07-01 18:57:10.671 | INFO     | pycaalp.time_balancing.model:run_mip:430 - Running MIP solver ...
      obj=0.871 (vs_full=-0.00%)  alpha=584.0s  build=0.002s solve=0.063s  vs_full=+0.00%
  [3d] Subgraph / blended  k=1 …
2026-07-01 18:57:10.734 | INFO     | pycaalp.time_balancing.model:run_mip:430 - Running MIP solver ...
      obj=0.903 (vs_full=+3.67%)  alpha=586.1s  build=0.002s solve=0.049s  vs_full=+0.36%
  [3e] Subgraph / bl-union k=1 …
2026-07-01 18:57:10.784 | INFO     | pycaalp.time_balancing.model:run_mip:430 - Running MIP solver ...
      obj=0.871 (vs_full=-0.00%)  alpha=584.0s  build=0.024s solve=1.806s  vs_full=+0.00%
  [3f] Subgraph / diverse  k=1 …
2026-07-01 18:57:12.590 | INFO     | pycaalp.time_balancing.model:run_mip:430 - Running MIP solver ...
      obj=0.903 (vs_full=+3.67%)  alpha=586.1s  build=0.008s solve=0.038s  vs_full=+0.36%

k = 2
  Subgraph edges — edge_w: 15 (1.4%)  bal_w: 15 (1.4%)  combined: 30 (2.7%)  blended: 15 (1.4%)  blended_union: 43 (3.9%)  diverse: 26 (2.4%)
  [3a] Subgraph / edge_w   k=2 …
2026-07-01 18:57:12.706 | INFO     | pycaalp.time_balancing.model:run_mip:430 - Running MIP solver ...
      obj=0.871 (vs_full=-0.00%)  alpha=584.0s  build=0.004s solve=0.351s  vs_full=+0.00%
  [3b] Subgraph / bal_w    k=2 …
2026-07-01 18:57:13.057 | INFO     | pycaalp.time_balancing.model:run_mip:430 - Running MIP solver ...
      obj=1.035 (vs_full=+18.82%)  alpha=597.8s  build=0.003s solve=0.166s  vs_full=+2.36%
  [3c] Subgraph / combined k=2 …
2026-07-01 18:57:13.222 | INFO     | pycaalp.time_balancing.model:run_mip:430 - Running MIP solver ...
      obj=0.871 (vs_full=-0.00%)  alpha=584.0s  build=0.012s solve=0.225s  vs_full=+0.00%
  [3d] Subgraph / blended  k=2 …
2026-07-01 18:57:13.447 | INFO     | pycaalp.time_balancing.model:run_mip:430 - Running MIP solver ...
      obj=0.903 (vs_full=+3.67%)  alpha=586.1s  build=0.009s solve=0.357s  vs_full=+0.36%
  [3e] Subgraph / bl-union k=2 …
2026-07-01 18:57:13.804 | INFO     | pycaalp.time_balancing.model:run_mip:430 - Running MIP solver ...
      obj=0.871 (vs_full=-0.00%)  alpha=584.0s  build=0.042s solve=1.287s  vs_full=+0.00%
  [3f] Subgraph / diverse  k=2 …
2026-07-01 18:57:15.092 | INFO     | pycaalp.time_balancing.model:run_mip:430 - Running MIP solver ...
      obj=0.903 (vs_full=+3.67%)  alpha=586.1s  build=0.008s solve=0.313s  vs_full=+0.36%

k = 5
  Subgraph edges — edge_w: 21 (1.9%)  bal_w: 27 (2.4%)  combined: 48 (4.3%)  blended: 21 (1.9%)  blended_union: 60 (5.4%)  diverse: 65 (5.9%)
  [3a] Subgraph / edge_w   k=5 …
2026-07-01 18:57:15.529 | INFO     | pycaalp.time_balancing.model:run_mip:430 - Running MIP solver ...
      obj=0.871 (vs_full=-0.00%)  alpha=584.0s  build=0.017s solve=0.272s  vs_full=+0.00%
  [3b] Subgraph / bal_w    k=5 …
2026-07-01 18:57:15.801 | INFO     | pycaalp.time_balancing.model:run_mip:430 - Running MIP solver ...
      obj=1.027 (vs_full=+17.90%)  alpha=597.8s  build=0.016s solve=0.788s  vs_full=+2.36%
  [3c] Subgraph / combined k=5 …
2026-07-01 18:57:16.589 | INFO     | pycaalp.time_balancing.model:run_mip:430 - Running MIP solver ...
      obj=0.871 (vs_full=-0.00%)  alpha=584.0s  build=0.020s solve=1.145s  vs_full=+0.00%
  [3d] Subgraph / blended  k=5 …
2026-07-01 18:57:17.734 | INFO     | pycaalp.time_balancing.model:run_mip:430 - Running MIP solver ...
      obj=0.903 (vs_full=+3.67%)  alpha=586.1s  build=0.015s solve=0.223s  vs_full=+0.36%
  [3e] Subgraph / bl-union k=5 …
2026-07-01 18:57:17.957 | INFO     | pycaalp.time_balancing.model:run_mip:430 - Running MIP solver ...
      obj=0.871 (vs_full=-0.00%)  alpha=584.0s  build=0.047s solve=1.418s  vs_full=+0.00%
  [3f] Subgraph / diverse  k=5 …
2026-07-01 18:57:19.375 | INFO     | pycaalp.time_balancing.model:run_mip:430 - Running MIP solver ...
      obj=0.903 (vs_full=+3.67%)  alpha=586.1s  build=0.009s solve=0.282s  vs_full=+0.36%

k = 10
  Subgraph edges — edge_w: 24 (2.2%)  bal_w: 38 (3.4%)  combined: 62 (5.6%)  blended: 24 (2.2%)  blended_union: 76 (6.9%)  diverse: 126 (11.4%)
  [3a] Subgraph / edge_w   k=10 …
2026-07-01 18:57:19.980 | INFO     | pycaalp.time_balancing.model:run_mip:430 - Running MIP solver ...
      obj=0.871 (vs_full=-0.00%)  alpha=584.0s  build=0.037s solve=0.293s  vs_full=+0.00%
  [3b] Subgraph / bal_w    k=10 …
2026-07-01 18:57:20.274 | INFO     | pycaalp.time_balancing.model:run_mip:430 - Running MIP solver ...
      obj=1.023 (vs_full=+17.44%)  alpha=586.1s  build=0.019s solve=1.576s  vs_full=+0.36%
  [3c] Subgraph / combined k=10 …
2026-07-01 18:57:21.850 | INFO     | pycaalp.time_balancing.model:run_mip:430 - Running MIP solver ...
      obj=0.871 (vs_full=-0.00%)  alpha=584.0s  build=0.073s solve=0.391s  vs_full=+0.00%
  [3d] Subgraph / blended  k=10 …
2026-07-01 18:57:22.241 | INFO     | pycaalp.time_balancing.model:run_mip:430 - Running MIP solver ...
      obj=0.903 (vs_full=+3.67%)  alpha=586.1s  build=0.060s solve=0.360s  vs_full=+0.36%
  [3e] Subgraph / bl-union k=10 …
2026-07-01 18:57:22.601 | INFO     | pycaalp.time_balancing.model:run_mip:430 - Running MIP solver ...
      obj=0.871 (vs_full=-0.00%)  alpha=584.0s  build=0.125s solve=1.989s  vs_full=+0.00%
  [3f] Subgraph / diverse  k=10 …
2026-07-01 18:57:24.589 | INFO     | pycaalp.time_balancing.model:run_mip:430 - Running MIP solver ...
      obj=0.903 (vs_full=+3.67%)  alpha=586.1s  build=0.009s solve=0.463s  vs_full=+0.36%

k = 20
  Subgraph edges — edge_w: 35 (3.2%)  bal_w: 42 (3.8%)  combined: 77 (7.0%)  blended: 30 (2.7%)  blended_union: 92 (8.3%)  diverse: 239 (21.6%)
  [3a] Subgraph / edge_w   k=20 …
2026-07-01 18:57:25.707 | INFO     | pycaalp.time_balancing.model:run_mip:430 - Running MIP solver ...
      obj=0.871 (vs_full=-0.00%)  alpha=584.0s  build=0.079s solve=0.252s  vs_full=+0.00%
  [3b] Subgraph / bal_w    k=20 …
2026-07-01 18:57:25.959 | INFO     | pycaalp.time_balancing.model:run_mip:430 - Running MIP solver ...
      obj=1.023 (vs_full=+17.44%)  alpha=586.1s  build=0.034s solve=0.512s  vs_full=+0.36%
  [3c] Subgraph / combined k=20 …
2026-07-01 18:57:26.471 | INFO     | pycaalp.time_balancing.model:run_mip:430 - Running MIP solver ...
      obj=0.871 (vs_full=-0.00%)  alpha=584.0s  build=0.128s solve=1.740s  vs_full=+0.00%
  [3d] Subgraph / blended  k=20 …
2026-07-01 18:57:28.211 | INFO     | pycaalp.time_balancing.model:run_mip:430 - Running MIP solver ...
      obj=0.903 (vs_full=+3.67%)  alpha=586.1s  build=0.090s solve=0.542s  vs_full=+0.36%
  [3e] Subgraph / bl-union k=20 …
2026-07-01 18:57:28.754 | INFO     | pycaalp.time_balancing.model:run_mip:430 - Running MIP solver ...
      obj=0.871 (vs_full=-0.00%)  alpha=584.0s  build=0.289s solve=0.646s  vs_full=+0.00%
  [3f] Subgraph / diverse  k=20 …
2026-07-01 18:57:29.400 | INFO     | pycaalp.time_balancing.model:run_mip:430 - Running MIP solver ...
      obj=0.875 (vs_full=+0.43%)  alpha=581.1s  build=0.034s solve=1.052s  vs_full=-0.50%

k = 50
  Subgraph edges — edge_w: 54 (4.9%)  bal_w: 63 (5.7%)  combined: 116 (10.5%)  blended: 38 (3.4%)  blended_union: 125 (11.3%)  diverse: 508 (46.0%)
  [3a] Subgraph / edge_w   k=50 …
2026-07-01 18:57:31.975 | INFO     | pycaalp.time_balancing.model:run_mip:430 - Running MIP solver ...
      obj=0.871 (vs_full=-0.00%)  alpha=584.0s  build=0.186s solve=1.589s  vs_full=+0.00%
  [3b] Subgraph / bal_w    k=50 …
2026-07-01 18:57:33.564 | INFO     | pycaalp.time_balancing.model:run_mip:430 - Running MIP solver ...
      obj=1.023 (vs_full=+17.44%)  alpha=586.1s  build=0.136s solve=0.777s  vs_full=+0.36%
  [3c] Subgraph / combined k=50 …
2026-07-01 18:57:34.341 | INFO     | pycaalp.time_balancing.model:run_mip:430 - Running MIP solver ...
      obj=0.871 (vs_full=-0.00%)  alpha=584.0s  build=0.274s solve=1.521s  vs_full=+0.00%
  [3d] Subgraph / blended  k=50 …
2026-07-01 18:57:35.863 | INFO     | pycaalp.time_balancing.model:run_mip:430 - Running MIP solver ...
      obj=0.903 (vs_full=+3.67%)  alpha=586.1s  build=0.286s solve=0.804s  vs_full=+0.36%
  [3e] Subgraph / bl-union k=50 …
2026-07-01 18:57:36.666 | INFO     | pycaalp.time_balancing.model:run_mip:430 - Running MIP solver ...
      obj=0.871 (vs_full=-0.00%)  alpha=584.0s  build=0.613s solve=0.916s  vs_full=+0.00%
  [3f] Subgraph / diverse  k=50 …
2026-07-01 18:57:37.583 | INFO     | pycaalp.time_balancing.model:run_mip:430 - Running MIP solver ...
      obj=0.872 (vs_full=+0.16%)  alpha=584.0s  build=0.027s solve=4.819s  vs_full=+0.00%

k = 100
  Subgraph edges — edge_w: 78 (7.1%)  bal_w: 86 (7.8%)  combined: 162 (14.7%)  blended: 68 (6.2%)  blended_union: 153 (13.8%)  diverse: 745 (67.4%)
  [3a] Subgraph / edge_w   k=100 …
2026-07-01 18:57:45.528 | INFO     | pycaalp.time_balancing.model:run_mip:430 - Running MIP solver ...
      obj=0.871 (vs_full=-0.00%)  alpha=584.0s  build=0.308s solve=0.867s  vs_full=+0.00%
  [3b] Subgraph / bal_w    k=100 …
2026-07-01 18:57:46.396 | INFO     | pycaalp.time_balancing.model:run_mip:430 - Running MIP solver ...
      obj=1.021 (vs_full=+17.25%)  alpha=586.1s  build=0.255s solve=2.410s  vs_full=+0.36%
  [3c] Subgraph / combined k=100 …
2026-07-01 18:57:48.806 | INFO     | pycaalp.time_balancing.model:run_mip:430 - Running MIP solver ...
      obj=0.871 (vs_full=-0.00%)  alpha=584.0s  build=0.657s solve=1.753s  vs_full=+0.00%
  [3d] Subgraph / blended  k=100 …
2026-07-01 18:57:50.558 | INFO     | pycaalp.time_balancing.model:run_mip:430 - Running MIP solver ...
      obj=0.903 (vs_full=+3.67%)  alpha=586.1s  build=0.498s solve=0.591s  vs_full=+0.36%
  [3e] Subgraph / bl-union k=100 …
2026-07-01 18:57:51.149 | INFO     | pycaalp.time_balancing.model:run_mip:430 - Running MIP solver ...
      obj=0.871 (vs_full=-0.00%)  alpha=584.0s  build=1.350s solve=1.833s  vs_full=+0.00%
  [3f] Subgraph / diverse  k=100 …
2026-07-01 18:57:52.983 | INFO     | pycaalp.time_balancing.model:run_mip:430 - Running MIP solver ...
      obj=0.872 (vs_full=+0.16%)  alpha=584.0s  build=0.058s solve=25.481s  vs_full=+0.00%

k = 200
  Subgraph edges — edge_w: 95 (8.6%)  bal_w: 111 (10.0%)  combined: 202 (18.3%)  blended: 75 (6.8%)  blended_union: 177 (16.0%)  diverse: 909 (82.3%)
  [3a] Subgraph / edge_w   k=200 …
2026-07-01 18:58:24.408 | INFO     | pycaalp.time_balancing.model:run_mip:430 - Running MIP solver ...
      obj=0.871 (vs_full=-0.00%)  alpha=584.0s  build=0.657s solve=0.982s  vs_full=+0.00%
  [3b] Subgraph / bal_w    k=200 …
2026-07-01 18:58:25.390 | INFO     | pycaalp.time_balancing.model:run_mip:430 - Running MIP solver ...
      obj=1.016 (vs_full=+16.64%)  alpha=586.1s  build=0.447s solve=2.417s  vs_full=+0.36%
  [3c] Subgraph / combined k=200 …
2026-07-01 18:58:27.807 | INFO     | pycaalp.time_balancing.model:run_mip:430 - Running MIP solver ...
      obj=0.871 (vs_full=-0.00%)  alpha=584.0s  build=1.132s solve=1.985s  vs_full=+0.00%
  [3d] Subgraph / blended  k=200 …
2026-07-01 18:58:29.793 | INFO     | pycaalp.time_balancing.model:run_mip:430 - Running MIP solver ...
      obj=0.903 (vs_full=+3.67%)  alpha=586.1s  build=1.019s solve=1.272s  vs_full=+0.36%
  [3e] Subgraph / bl-union k=200 …
2026-07-01 18:58:31.064 | INFO     | pycaalp.time_balancing.model:run_mip:430 - Running MIP solver ...
      obj=0.871 (vs_full=-0.00%)  alpha=584.0s  build=2.534s solve=1.816s  vs_full=+0.00%
  [3f] Subgraph / diverse  k=200 …
2026-07-01 18:58:32.881 | INFO     | pycaalp.time_balancing.model:run_mip:430 - Running MIP solver ...
      obj=0.871 (vs_full=-0.00%)  alpha=584.0s  build=0.155s solve=93.709s  vs_full=+0.00%

k = 500
  Subgraph edges — edge_w: 108 (9.8%)  bal_w: 153 (13.8%)  combined: 257 (23.3%)  blended: 114 (10.3%)  blended_union: 245 (22.2%)  diverse: 1051 (95.1%)
  [3a] Subgraph / edge_w   k=500 …
2026-07-01 19:00:20.888 | INFO     | pycaalp.time_balancing.model:run_mip:430 - Running MIP solver ...
      obj=0.871 (vs_full=-0.00%)  alpha=584.0s  build=1.661s solve=0.753s  vs_full=+0.00%
  [3b] Subgraph / bal_w    k=500 …
2026-07-01 19:00:21.641 | INFO     | pycaalp.time_balancing.model:run_mip:430 - Running MIP solver ...
      obj=1.012 (vs_full=+16.14%)  alpha=581.1s  build=1.186s solve=9.895s  vs_full=-0.50%
  [3c] Subgraph / combined k=500 …
2026-07-01 19:00:31.537 | INFO     | pycaalp.time_balancing.model:run_mip:430 - Running MIP solver ...
      obj=0.871 (vs_full=-0.00%)  alpha=584.0s  build=2.805s solve=2.553s  vs_full=+0.00%
  [3d] Subgraph / blended  k=500 …
2026-07-01 19:00:34.090 | INFO     | pycaalp.time_balancing.model:run_mip:430 - Running MIP solver ...
      obj=0.889 (vs_full=+2.02%)  alpha=581.1s  build=2.169s solve=1.585s  vs_full=-0.50%
  [3e] Subgraph / bl-union k=500 …
2026-07-01 19:00:35.675 | INFO     | pycaalp.time_balancing.model:run_mip:430 - Running MIP solver ...
      obj=0.871 (vs_full=-0.00%)  alpha=584.0s  build=6.005s solve=3.655s  vs_full=+0.00%
  [3f] Subgraph / diverse  k=500 …
2026-07-01 19:00:39.330 | INFO     | pycaalp.time_balancing.model:run_mip:430 - Running MIP solver ...
      obj=0.871 (vs_full=-0.00%)  alpha=584.0s  build=0.472s solve=121.135s  vs_full=+0.00%

k = 1000
  Subgraph edges — edge_w: 142 (12.9%)  bal_w: 211 (19.1%)  combined: 346 (31.3%)  blended: 171 (15.5%)  blended_union: 297 (26.9%)  diverse: 1103 (99.8%)
  [3a] Subgraph / edge_w   k=1000 …
2026-07-01 19:03:11.001 | INFO     | pycaalp.time_balancing.model:run_mip:430 - Running MIP solver ...
      obj=0.871 (vs_full=-0.00%)  alpha=584.0s  build=3.546s solve=1.762s  vs_full=+0.00%
  [3b] Subgraph / bal_w    k=1000 …
2026-07-01 19:03:12.763 | INFO     | pycaalp.time_balancing.model:run_mip:430 - Running MIP solver ...
      obj=1.010 (vs_full=+15.91%)  alpha=581.1s  build=2.798s solve=7.392s  vs_full=-0.50%
  [3c] Subgraph / combined k=1000 …
2026-07-01 19:03:20.155 | INFO     | pycaalp.time_balancing.model:run_mip:430 - Running MIP solver ...
      obj=0.871 (vs_full=-0.00%)  alpha=584.0s  build=6.279s solve=2.577s  vs_full=+0.00%
  [3d] Subgraph / blended  k=1000 …
2026-07-01 19:03:22.732 | INFO     | pycaalp.time_balancing.model:run_mip:430 - Running MIP solver ...
      obj=0.883 (vs_full=+1.35%)  alpha=574.6s  build=4.358s solve=2.752s  vs_full=-1.61%
  [3e] Subgraph / bl-union k=1000 …
2026-07-01 19:03:25.484 | INFO     | pycaalp.time_balancing.model:run_mip:430 - Running MIP solver ...
      obj=0.871 (vs_full=-0.00%)  alpha=584.0s  build=12.476s solve=9.044s  vs_full=+0.00%
  [3f] Subgraph / diverse  k=1000 …
2026-07-01 19:03:34.528 | INFO     | pycaalp.time_balancing.model:run_mip:430 - Running MIP solver ...
      obj=0.871 (vs_full=-0.00%)  alpha=584.0s  build=1.078s solve=53.166s  vs_full=+0.00%

k = 2000
  Subgraph edges — edge_w: 185 (16.7%)  bal_w: 292 (26.4%)  combined: 460 (41.6%)  blended: 257 (23.3%)  blended_union: 410 (37.1%)  diverse: 1105 (100.0%)
  [3a] Subgraph / edge_w   k=2000 …
2026-07-01 19:05:37.541 | INFO     | pycaalp.time_balancing.model:run_mip:430 - Running MIP solver ...
      obj=0.871 (vs_full=-0.00%)  alpha=584.0s  build=7.884s solve=1.608s  vs_full=+0.00%
  [3b] Subgraph / bal_w    k=2000 …
2026-07-01 19:05:39.150 | INFO     | pycaalp.time_balancing.model:run_mip:430 - Running MIP solver ...
      obj=1.010 (vs_full=+15.91%)  alpha=581.1s  build=6.649s solve=19.807s  vs_full=-0.50%
  [3c] Subgraph / combined k=2000 …
2026-07-01 19:05:58.958 | INFO     | pycaalp.time_balancing.model:run_mip:430 - Running MIP solver ...
      obj=0.871 (vs_full=-0.00%)  alpha=584.0s  build=14.440s solve=19.639s  vs_full=+0.00%
  [3d] Subgraph / blended  k=2000 …
2026-07-01 19:06:18.596 | INFO     | pycaalp.time_balancing.model:run_mip:430 - Running MIP solver ...
      obj=0.875 (vs_full=+0.48%)  alpha=581.1s  build=9.705s solve=4.074s  vs_full=-0.50%
  [3e] Subgraph / bl-union k=2000 …
2026-07-01 19:06:22.670 | INFO     | pycaalp.time_balancing.model:run_mip:430 - Running MIP solver ...
      obj=0.871 (vs_full=-0.00%)  alpha=584.0s  build=28.983s solve=20.345s  vs_full=+0.00%
  [3f] Subgraph / diverse  k=2000 …
2026-07-01 19:06:43.016 | INFO     | pycaalp.time_balancing.model:run_mip:430 - Running MIP solver ...
      obj=0.871 (vs_full=+0.00%)  alpha=584.0s  build=2.185s solve=36.526s  vs_full=+0.00%

k = 5000
  Subgraph edges — edge_w: 232 (21.0%)  bal_w: 431 (39.0%)  combined: 632 (57.2%)  blended: 413 (37.4%)  blended_union: 525 (47.5%)  diverse: 1105 (100.0%)
  [3a] Subgraph / edge_w   k=5000 …
2026-07-01 19:11:59.717 | INFO     | pycaalp.time_balancing.model:run_mip:430 - Running MIP solver ...
      obj=0.871 (vs_full=-0.00%)  alpha=584.0s  build=33.826s solve=17.028s  vs_full=+0.00%
  [3b] Subgraph / bal_w    k=5000 …
2026-07-01 19:12:16.745 | INFO     | pycaalp.time_balancing.model:run_mip:430 - Running MIP solver ...
      obj=0.970 (vs_full=+11.40%)  alpha=581.1s  build=25.882s solve=12.484s  vs_full=-0.50%
  [3c] Subgraph / combined k=5000 …
2026-07-01 19:12:29.229 | INFO     | pycaalp.time_balancing.model:run_mip:430 - Running MIP solver ...
      obj=0.871 (vs_full=-0.00%)  alpha=584.0s  build=65.256s solve=9.484s  vs_full=+0.00%
  [3d] Subgraph / blended  k=5000 …
2026-07-01 19:12:38.714 | INFO     | pycaalp.time_balancing.model:run_mip:430 - Running MIP solver ...
      obj=0.873 (vs_full=+0.18%)  alpha=584.0s  build=39.406s solve=10.215s  vs_full=+0.00%
  [3e] Subgraph / bl-union k=5000 …
2026-07-01 19:12:48.929 | INFO     | pycaalp.time_balancing.model:run_mip:430 - Running MIP solver ...
      obj=0.871 (vs_full=-0.00%)  alpha=584.0s  build=110.323s solve=58.378s  vs_full=+0.00%
  [3f] Subgraph / diverse  k=5000 …
2026-07-01 19:13:47.307 | INFO     | pycaalp.time_balancing.model:run_mip:430 - Running MIP solver ...
      obj=0.871 (vs_full=+0.00%)  alpha=584.0s  build=5.480s solve=35.732s  vs_full=+0.00%

Results saved to experiments/strategy_comparison/assembly_1_np_4/strategy_comparison_lambda_0.55.csv
Plot with:  python -m experiments.strategy_comparison.plot_k_sensitivity

============================================================================================================================
SUMMARY — assembly_1  P=4  λ=0.55
============================================================================================================================
Strategy       Weight                      k   Build    Solve    Total  Spdup       Obj   ObjvsF     Alpha    AlvsF   Edges  %Grph
----------------------------------------------------------------------------------------------------------------------------
full_mip       —                               0.000   31.010   31.010   1.0x     0.871    +0.00    584.04    +0.00    1105  100.0
subgraph_mip   edge_weight                 1   0.001    0.036    0.037 839.8x     0.871    -0.00    584.04    +0.00      13    1.2
subgraph_mip   time_balanced_weight        1   0.001    0.111    0.112 276.3x     1.035   +18.82    597.84    +2.36      13    1.2
subgraph_mip   combined                    1   0.002    0.063    0.065 477.7x     0.871    -0.00    584.04    +0.00      26    2.4
subgraph_mip   blended                     1   0.002    0.049    0.051 604.5x     0.903    +3.67    586.13    +0.36      13    1.2
subgraph_mip   blended_union               1   0.024    1.806    1.831  16.9x     0.871    -0.00    584.04    +0.00      37    3.4
subgraph_mip   diverse                     1   0.008    0.038    0.046 669.1x     0.903    +3.67    586.13    +0.36      13    1.2
subgraph_mip   edge_weight                 2   0.004    0.351    0.355  87.5x     0.871    -0.00    584.04    +0.00      15    1.4
subgraph_mip   time_balanced_weight        2   0.003    0.166    0.169 184.0x     1.035   +18.82    597.84    +2.36      15    1.4
subgraph_mip   combined                    2   0.012    0.225    0.237 130.9x     0.871    -0.00    584.04    +0.00      30    2.7
subgraph_mip   blended                     2   0.009    0.357    0.366  84.8x     0.903    +3.67    586.13    +0.36      15    1.4
subgraph_mip   blended_union               2   0.042    1.287    1.329  23.3x     0.871    -0.00    584.04    +0.00      43    3.9
subgraph_mip   diverse                     2   0.008    0.313    0.320  96.8x     0.903    +3.67    586.13    +0.36      26    2.4
subgraph_mip   edge_weight                 5   0.017    0.272    0.289 107.3x     0.871    -0.00    584.04    +0.00      21    1.9
subgraph_mip   time_balanced_weight        5   0.016    0.788    0.804  38.6x     1.027   +17.90    597.84    +2.36      27    2.4
subgraph_mip   combined                    5   0.020    1.145    1.164  26.6x     0.871    -0.00    584.04    +0.00      48    4.3
subgraph_mip   blended                     5   0.015    0.223    0.238 130.2x     0.903    +3.67    586.13    +0.36      21    1.9
subgraph_mip   blended_union               5   0.047    1.418    1.465  21.2x     0.871    -0.00    584.04    +0.00      60    5.4
subgraph_mip   diverse                     5   0.009    0.282    0.291 106.5x     0.903    +3.67    586.13    +0.36      65    5.9
subgraph_mip   edge_weight                10   0.037    0.293    0.330  94.0x     0.871    -0.00    584.04    +0.00      24    2.2
subgraph_mip   time_balanced_weight       10   0.019    1.576    1.595  19.4x     1.023   +17.44    586.13    +0.36      38    3.4
subgraph_mip   combined                   10   0.073    0.391    0.464  66.8x     0.871    -0.00    584.04    +0.00      62    5.6
subgraph_mip   blended                    10   0.060    0.360    0.420  73.9x     0.903    +3.67    586.13    +0.36      24    2.2
subgraph_mip   blended_union              10   0.125    1.989    2.114  14.7x     0.871    -0.00    584.04    +0.00      76    6.9
subgraph_mip   diverse                    10   0.009    0.463    0.472  65.7x     0.903    +3.67    586.13    +0.36     126   11.4
subgraph_mip   edge_weight                20   0.079    0.252    0.331  93.7x     0.871    -0.00    584.04    +0.00      35    3.2
subgraph_mip   time_balanced_weight       20   0.034    0.512    0.546  56.8x     1.023   +17.44    586.13    +0.36      42    3.8
subgraph_mip   combined                   20   0.128    1.740    1.868  16.6x     0.871    -0.00    584.04    +0.00      77    7.0
subgraph_mip   blended                    20   0.090    0.542    0.633  49.0x     0.903    +3.67    586.13    +0.36      30    2.7
subgraph_mip   blended_union              20   0.289    0.646    0.935  33.2x     0.871    -0.00    584.04    +0.00      92    8.3
subgraph_mip   diverse                    20   0.034    1.052    1.086  28.6x     0.875    +0.43    581.12    -0.50     239   21.6
subgraph_mip   edge_weight                50   0.186    1.589    1.775  17.5x     0.871    -0.00    584.04    +0.00      54    4.9
subgraph_mip   time_balanced_weight       50   0.136    0.777    0.913  34.0x     1.023   +17.44    586.13    +0.36      63    5.7
subgraph_mip   combined                   50   0.274    1.521    1.796  17.3x     0.871    -0.00    584.04    +0.00     116   10.5
subgraph_mip   blended                    50   0.286    0.804    1.089  28.5x     0.903    +3.67    586.13    +0.36      38    3.4
subgraph_mip   blended_union              50   0.613    0.916    1.529  20.3x     0.871    -0.00    584.04    +0.00     125   11.3
subgraph_mip   diverse                    50   0.027    4.819    4.847   6.4x     0.872    +0.16    584.04    +0.00     508   46.0
subgraph_mip   edge_weight               100   0.308    0.867    1.175  26.4x     0.871    -0.00    584.04    +0.00      78    7.1
subgraph_mip   time_balanced_weight      100   0.255    2.410    2.665  11.6x     1.021   +17.25    586.13    +0.36      86    7.8
subgraph_mip   combined                  100   0.657    1.753    2.410  12.9x     0.871    -0.00    584.04    +0.00     162   14.7
subgraph_mip   blended                   100   0.498    0.591    1.089  28.5x     0.903    +3.67    586.13    +0.36      68    6.2
subgraph_mip   blended_union             100   1.350    1.833    3.183   9.7x     0.871    -0.00    584.04    +0.00     153   13.8
subgraph_mip   diverse                   100   0.058   25.481   25.539   1.2x     0.872    +0.16    584.04    +0.00     745   67.4
subgraph_mip   edge_weight               200   0.657    0.982    1.639  18.9x     0.871    -0.00    584.04    +0.00      95    8.6
subgraph_mip   time_balanced_weight      200   0.447    2.417    2.863  10.8x     1.016   +16.64    586.13    +0.36     111   10.1
subgraph_mip   combined                  200   1.132    1.985    3.118   9.9x     0.871    -0.00    584.04    +0.00     202   18.3
subgraph_mip   blended                   200   1.019    1.272    2.291  13.5x     0.903    +3.67    586.13    +0.36      75    6.8
subgraph_mip   blended_union             200   2.534    1.816    4.350   7.1x     0.871    -0.00    584.04    +0.00     177   16.0
subgraph_mip   diverse                   200   0.155   93.709   93.864   0.3x     0.871    -0.00    584.04    +0.00     909   82.3
subgraph_mip   edge_weight               500   1.661    0.753    2.414  12.8x     0.871    -0.00    584.04    +0.00     108    9.8
subgraph_mip   time_balanced_weight      500   1.186    9.895   11.081   2.8x     1.012   +16.14    581.12    -0.50     153   13.8
subgraph_mip   combined                  500   2.805    2.553    5.358   5.8x     0.871    -0.00    584.04    +0.00     257   23.3
subgraph_mip   blended                   500   2.169    1.585    3.753   8.3x     0.889    +2.02    581.12    -0.50     114   10.3
subgraph_mip   blended_union             500   6.005    3.655    9.660   3.2x     0.871    -0.00    584.04    +0.00     245   22.2
subgraph_mip   diverse                   500   0.472  121.135  121.608   0.2x     0.871    -0.00    584.04    +0.00    1051   95.1
subgraph_mip   edge_weight              1000   3.546    1.762    5.307   5.8x     0.871    -0.00    584.04    +0.00     142   12.8
subgraph_mip   time_balanced_weight     1000   2.798    7.392   10.190   3.0x     1.010   +15.91    581.12    -0.50     211   19.1
subgraph_mip   combined                 1000   6.279    2.577    8.856   3.5x     0.871    -0.00    584.04    +0.00     346   31.3
subgraph_mip   blended                  1000   4.358    2.752    7.110   4.4x     0.883    +1.35    574.62    -1.61     171   15.5
subgraph_mip   blended_union            1000  12.476    9.044   21.521   1.4x     0.871    -0.00    584.04    +0.00     297   26.9
subgraph_mip   diverse                  1000   1.078   53.166   54.244   0.6x     0.871    -0.00    584.04    +0.00    1103   99.8
subgraph_mip   edge_weight              2000   7.884    1.608    9.493   3.3x     0.871    -0.00    584.04    +0.00     185   16.7
subgraph_mip   time_balanced_weight     2000   6.649   19.807   26.457   1.2x     1.010   +15.91    581.12    -0.50     292   26.4
subgraph_mip   combined                 2000  14.440   19.639   34.079   0.9x     0.871    -0.00    584.04    +0.00     460   41.6
subgraph_mip   blended                  2000   9.705    4.074   13.778   2.2x     0.875    +0.48    581.12    -0.50     257   23.3
subgraph_mip   blended_union            2000  28.983   20.345   49.328   0.6x     0.871    -0.00    584.04    +0.00     410   37.1
subgraph_mip   diverse                  2000   2.185   36.526   38.712   0.8x     0.871    +0.00    584.04    +0.00    1105  100.0
subgraph_mip   edge_weight              5000  33.826   17.028   50.854   0.6x     0.871    -0.00    584.04    +0.00     232   21.0
subgraph_mip   time_balanced_weight     5000  25.882   12.484   38.366   0.8x     0.970   +11.40    581.12    -0.50     431   39.0
subgraph_mip   combined                 5000  65.256    9.484   74.740   0.4x     0.871    -0.00    584.04    +0.00     632   57.2
subgraph_mip   blended                  5000  39.406   10.215   49.621   0.6x     0.873    +0.18    584.04    +0.00     413   37.4
subgraph_mip   blended_union            5000 110.323   58.378  168.701   0.2x     0.871    -0.00    584.04    +0.00     525   47.5
subgraph_mip   diverse                  5000   5.480   35.732   41.213   0.8x     0.871    +0.00    584.04    +0.00    1105  100.0
============================================================================================================================

----------------- λ = 0.6 -----------------
========================================================================
Strategy Comparison Experiment — assembly_1  P=4  λ=0.6
========================================================================

Building assembly digraph …
2026-07-01 18:56:39.133 | INFO     | pycaalp.gapp.assembly_digraph:compute_assembly_digraph_complete:395 - Computing assembly digraph...
  343 nodes, 1105 edges  (0.4s)

[1] Full MIP  P=4  λ=0.6
2026-07-01 18:56:39.510 | INFO     | pycaalp.time_balancing.model:run_mip:430 - Running MIP solver ...
presolving:
(round 1, fast)       2 del vars, 2 del conss, 0 add conss, 0 chg bounds, 0 chg sides, 0 chg coeffs, 0 upgd conss, 0 impls, 69 clqs, 0 implints
(round 2, exhaustive) 2 del vars, 2 del conss, 0 add conss, 1 chg bounds, 0 chg sides, 0 chg coeffs, 4525 upgd conss, 0 impls, 69 clqs, 0 implints
   (0.2s) probing: 1000/1207 (82.9%) - 0 fixings, 0 aggregations, 130891 implications, 0 bound changes
   (0.2s) probing: 1001/1207 (82.9%) - 0 fixings, 0 aggregations, 130966 implications, 0 bound changes
   (0.2s) probing aborted: 1000/1000 successive useless probings
   (0.3s) symmetry computation started: requiring (bin +, int +, cont +), (fixed: bin -, int -, cont -)
   (0.3s) no symmetry present (symcode time: 0.00)
presolving (3 rounds: 3 fast, 2 medium, 2 exhaustive):
 2 deleted vars, 2 deleted constraints, 0 added constraints, 1 tightened bounds, 0 added holes, 0 changed sides, 0 changed coefficients
 0 implications, 15690 cliques, 0 implied integral variables (0 bin, 0 int, 0 cont)
presolved problem has 1208 variables (1207 bin, 0 int, 1 cont) and 4839 constraints
     69 constraints of type <setppc>
    314 constraints of type <linear>
   4456 constraints of type <logicor>
Presolving Time: 0.26

 time | node  | left  |LP iter|LP it/n|mem/heur|mdpt |vars |cons |rows |cuts |sepa|confs|strbr|  dualbound   | primalbound  |  gap   | compl. 
p 0.4s|     1 |     0 |   126 |     - | vbounds|   0 |1208 |4867 |4839 |   0 |  0 |  27 |   0 | 0.000000e+00 | 1.159691e+00 |    Inf | unknown
  0.4s|     1 |     0 |   471 |     - |    34M |   0 |1208 |4867 |4839 |   0 |  0 |  27 |   0 | 8.329273e-01 | 1.159691e+00 |  39.23%| unknown
  0.6s|     1 |     0 |   484 |     - |    39M |   0 |1208 |4875 |4843 |   4 |  1 |  35 |   0 | 8.329273e-01 | 1.159691e+00 |  39.23%| unknown
  1.0s|     1 |     0 |   492 |     - |    46M |   0 |1208 |4881 |4846 |   7 |  2 |  41 |   0 | 8.329273e-01 | 1.159691e+00 |  39.23%| unknown
  1.4s|     1 |     0 |   503 |     - |    54M |   0 |1208 |4882 |4850 |  11 |  3 |  42 |   0 | 8.329273e-01 | 1.159691e+00 |  39.23%| unknown
  1.7s|     1 |     0 |   515 |     - |    60M |   0 |1208 |4886 |4853 |  14 |  4 |  46 |   0 | 8.329273e-01 | 1.159691e+00 |  39.23%| unknown
  2.3s|     1 |     0 |   525 |     - |    66M |   0 |1208 |4887 |4855 |  16 |  5 |  47 |   0 | 8.329273e-01 | 1.159691e+00 |  39.23%| unknown
  2.6s|     1 |     0 |   534 |     - |    73M |   0 |1208 |4897 |4858 |  19 |  6 |  57 |   0 | 8.329273e-01 | 1.159691e+00 |  39.23%| unknown
  2.9s|     1 |     0 |   540 |     - |    81M |   0 |1208 |4898 |4860 |  21 |  7 |  58 |   0 | 8.329273e-01 | 1.159691e+00 |  39.23%| unknown
  3.4s|     1 |     0 |   549 |     - |    89M |   0 |1208 |4901 |4863 |  24 |  8 |  67 |   0 | 8.329273e-01 | 1.159691e+00 |  39.23%| unknown
  3.8s|     1 |     0 |   565 |     - |    95M |   0 |1208 |4903 |4865 |  26 |  9 |  69 |   0 | 8.329273e-01 | 1.159691e+00 |  39.23%| unknown
  4.3s|     1 |     0 |   586 |     - |   106M |   0 |1208 |4913 |4867 |  28 | 10 |  79 |   0 | 8.329273e-01 | 1.159691e+00 |  39.23%| unknown
  4.3s|     1 |     0 |   587 |     - |   106M |   0 |1208 |4913 |4868 |  29 | 11 |  80 |   0 | 8.329273e-01 | 1.159691e+00 |  39.23%| unknown
d 4.4s|     1 |     0 |  1133 |     - |farkasdi|   0 |1208 |4914 |4868 |   0 | 11 |  81 |   0 | 8.329273e-01 | 9.637188e-01 |  15.70%| unknown
L 4.6s|     1 |     0 |  2181 |     - |    rens|   0 |1208 |4938 |4868 |  29 | 11 | 107 |   0 | 8.329273e-01 | 8.744747e-01 |   4.99%| unknown
 time | node  | left  |LP iter|LP it/n|mem/heur|mdpt |vars |cons |rows |cuts |sepa|confs|strbr|  dualbound   | primalbound  |  gap   | compl. 
  4.6s|     1 |     0 |  2181 |     - |   106M |   0 |1208 |4936 |4868 |  29 | 11 | 107 |   0 | 8.329273e-01 | 8.744747e-01 |   4.99%| unknown
  4.6s|     1 |     0 |  2181 |     - |   106M |   0 |1208 |4946 |4600 |  29 | 11 | 117 |   0 | 8.329273e-01 | 8.744747e-01 |   4.99%| unknown
  4.6s|     1 |     0 |  2196 |     - |   107M |   0 |1208 |4859 |4581 |  32 | 12 | 117 |   0 | 8.329273e-01 | 8.744747e-01 |   4.99%| unknown
  4.6s|     1 |     0 |  2200 |     - |   107M |   0 |1208 |4869 |4577 |  34 | 13 | 127 |   0 | 8.329273e-01 | 8.744747e-01 |   4.99%| unknown
  4.6s|     1 |     0 |  2200 |     - |   107M |   0 |1208 |4770 |4577 |  34 | 13 | 135 |   0 | 8.329273e-01 | 8.744747e-01 |   4.99%| unknown
  4.6s|     1 |     0 |  2205 |     - |   107M |   0 |1208 |4770 |4580 |  37 | 14 | 135 |   0 | 8.329273e-01 | 8.744747e-01 |   4.99%| unknown
  4.6s|     1 |     0 |  2206 |     - |   107M |   0 |1208 |4779 |4581 |  38 | 15 | 145 |   0 | 8.329273e-01 | 8.744747e-01 |   4.99%| unknown
(run 1, node 1) restarting after 178 global fixings of integer variables

(restart) converted 30 cuts from the global cut pool into linear constraints

presolving:
(round 1, fast)       180 del vars, 556 del conss, 0 add conss, 0 chg bounds, 0 chg sides, 219 chg coeffs, 0 upgd conss, 0 impls, 12412 clqs, 0 implints
(round 2, exhaustive) 180 del vars, 556 del conss, 0 add conss, 0 chg bounds, 0 chg sides, 219 chg coeffs, 55 upgd conss, 0 impls, 12412 clqs, 0 implints
(round 3, exhaustive) 180 del vars, 565 del conss, 0 add conss, 0 chg bounds, 1 chg sides, 434 chg coeffs, 55 upgd conss, 0 impls, 12414 clqs, 0 implints
(round 4, exhaustive) 180 del vars, 566 del conss, 0 add conss, 0 chg bounds, 1 chg sides, 551 chg coeffs, 55 upgd conss, 0 impls, 12414 clqs, 0 implints
presolving (5 rounds: 5 fast, 4 medium, 4 exhaustive):
 180 deleted vars, 568 deleted constraints, 0 added constraints, 0 tightened bounds, 0 added holes, 1 changed sides, 554 changed coefficients
 0 implications, 12414 cliques, 0 implied integral variables (0 bin, 0 int, 0 cont)
presolved problem has 1028 variables (1027 bin, 0 int, 1 cont) and 4249 constraints
      5 constraints of type <knapsack>
    119 constraints of type <setppc>
    265 constraints of type <linear>
   3860 constraints of type <logicor>
Presolving Time: 0.29
transformed 3/4 original solutions to the transformed problem space

 time | node  | left  |LP iter|LP it/n|mem/heur|mdpt |vars |cons |rows |cuts |sepa|confs|strbr|  dualbound   | primalbound  |  gap   | compl. 
  4.7s|     1 |     0 |  2552 |     - |   100M |   0 |1028 |4249 |4127 |   0 |  0 | 155 |   0 | 8.329273e-01 | 8.744747e-01 |   4.99%| unknown
  4.7s|     1 |     0 |  2552 |     - |   100M |   0 |1028 |4249 |3890 |   0 |  0 | 155 |   0 | 8.329273e-01 | 8.744747e-01 |   4.99%| unknown
  5.0s|     1 |     0 |  2562 |     - |   101M |   0 |1028 |4156 |3639 |   5 |  1 | 155 |   0 | 8.329273e-01 | 8.744747e-01 |   4.99%| unknown
  5.3s|     1 |     0 |  2574 |     - |   101M |   0 |1028 |4003 |3643 |   9 |  2 | 165 |   0 | 8.329273e-01 | 8.744747e-01 |   4.99%| unknown
  5.5s|     1 |     0 |  2590 |     - |   101M |   0 |1028 |3962 |3646 |  12 |  3 | 170 |   0 | 8.329273e-01 | 8.744747e-01 |   4.99%| unknown
  5.8s|     1 |     0 |  2611 |     - |   104M |   0 |1028 |3958 |3651 |  17 |  4 | 171 |   0 | 8.329273e-01 | 8.744747e-01 |   4.99%| unknown
  6.1s|     1 |     0 |  2626 |     - |   105M |   0 |1028 |3952 |3653 |  19 |  5 | 176 |   0 | 8.329273e-01 | 8.744747e-01 |   4.99%| unknown
  6.6s|     1 |     0 |  2637 |     - |   111M |   0 |1028 |3949 |3654 |  20 |  6 | 177 |   0 | 8.329273e-01 | 8.744747e-01 |   4.99%| unknown
  7.4s|     1 |     0 |  2643 |     - |   117M |   0 |1028 |3950 |3656 |  22 |  7 | 187 |   0 | 8.329273e-01 | 8.744747e-01 |   4.99%| unknown
  7.6s|     1 |     0 |  2655 |     - |   121M |   0 |1028 |3942 |3658 |  24 |  8 | 197 |   0 | 8.329273e-01 | 8.744747e-01 |   4.99%| unknown
  7.9s|     1 |     0 |  2663 |     - |   124M |   0 |1028 |3950 |3659 |  25 |  9 | 207 |   0 | 8.329273e-01 | 8.744747e-01 |   4.99%| unknown
  8.1s|     1 |     0 |  2672 |     - |   131M |   0 |1028 |3958 |3662 |  28 | 10 | 217 |   0 | 8.329273e-01 | 8.744747e-01 |   4.99%| unknown
  8.1s|     1 |     0 |  2674 |     - |   132M |   0 |1028 |3952 |3665 |  31 | 11 | 219 |   0 | 8.329273e-01 | 8.744747e-01 |   4.99%| unknown
  8.1s|     1 |     0 |  2674 |     - |   132M |   0 |1028 |3851 |3665 |  31 | 11 | 229 |   0 | 8.329273e-01 | 8.744747e-01 |   4.99%| unknown
  8.2s|     1 |     0 |  2677 |     - |   132M |   0 |1028 |3851 |3668 |  34 | 12 | 229 |   0 | 8.329273e-01 | 8.744747e-01 |   4.99%| unknown
 time | node  | left  |LP iter|LP it/n|mem/heur|mdpt |vars |cons |rows |cuts |sepa|confs|strbr|  dualbound   | primalbound  |  gap   | compl. 
  8.2s|     1 |     0 |  2678 |     - |   133M |   0 |1028 |3754 |3670 |  36 | 13 | 230 |   0 | 8.329273e-01 | 8.744747e-01 |   4.99%| unknown
(run 2, node 1) restarting after 182 global fixings of integer variables

(restart) converted 31 cuts from the global cut pool into linear constraints

presolving:
(round 1, fast)       183 del vars, 226 del conss, 0 add conss, 0 chg bounds, 0 chg sides, 452 chg coeffs, 0 upgd conss, 0 impls, 8252 clqs, 0 implints
(round 2, exhaustive) 183 del vars, 226 del conss, 0 add conss, 0 chg bounds, 0 chg sides, 454 chg coeffs, 23 upgd conss, 0 impls, 8252 clqs, 0 implints
(round 3, exhaustive) 183 del vars, 236 del conss, 0 add conss, 0 chg bounds, 0 chg sides, 689 chg coeffs, 23 upgd conss, 0 impls, 8255 clqs, 0 implints
presolving (4 rounds: 4 fast, 3 medium, 3 exhaustive):
 183 deleted vars, 236 deleted constraints, 0 added constraints, 0 tightened bounds, 0 added holes, 0 changed sides, 700 changed coefficients
 0 implications, 8256 cliques, 0 implied integral variables (0 bin, 0 int, 0 cont)
presolved problem has 845 variables (844 bin, 0 int, 1 cont) and 3528 constraints
      9 constraints of type <knapsack>
    109 constraints of type <setppc>
    254 constraints of type <linear>
   3156 constraints of type <logicor>
Presolving Time: 0.31
transformed 2/4 original solutions to the transformed problem space

 time | node  | left  |LP iter|LP it/n|mem/heur|mdpt |vars |cons |rows |cuts |sepa|confs|strbr|  dualbound   | primalbound  |  gap   | compl. 
  8.4s|     1 |     0 |  3870 |     - |   130M |   0 | 845 |3528 |3373 |   0 |  0 | 240 |   0 | 8.329273e-01 | 8.744747e-01 |   4.99%| unknown
  8.4s|     1 |     0 |  3870 |     - |   130M |   0 | 845 |3533 |3275 |   0 |  0 | 245 |   0 | 8.329273e-01 | 8.744747e-01 |   4.99%| unknown
  8.6s|     1 |     0 |  3951 |     - |   131M |   0 | 845 |3488 |3252 |   5 |  1 | 245 |   0 | 8.329290e-01 | 8.744747e-01 |   4.99%| unknown
  8.9s|     1 |     0 |  3991 |     - |   131M |   0 | 845 |3484 |3256 |   9 |  2 | 247 |   0 | 8.329307e-01 | 8.744747e-01 |   4.99%| unknown
  9.2s|     1 |     0 |  4029 |     - |   133M |   0 | 845 |3470 |3261 |  14 |  3 | 257 |   0 | 8.329367e-01 | 8.744747e-01 |   4.99%| unknown
  9.2s|     1 |     0 |  4029 |     - |   133M |   0 | 845 |3480 |3257 |  14 |  3 | 267 |   0 | 8.329367e-01 | 8.744747e-01 |   4.99%| unknown
  9.4s|     1 |     0 |  4090 |     - |   133M |   0 | 845 |3457 |3260 |  17 |  4 | 267 |   0 | 8.329447e-01 | 8.744747e-01 |   4.99%| unknown
  9.7s|     1 |     0 |  4113 |     - |   134M |   0 | 845 |3450 |3262 |  19 |  5 | 267 |   0 | 8.329484e-01 | 8.744747e-01 |   4.99%| unknown
  9.9s|     1 |     0 |  4149 |     - |   135M |   0 | 845 |3452 |3265 |  22 |  6 | 269 |   0 | 8.330192e-01 | 8.744747e-01 |   4.98%| unknown
 10.1s|     1 |     0 |  4167 |     - |   135M |   0 | 845 |3452 |3268 |  25 |  7 | 269 |   0 | 8.330192e-01 | 8.744747e-01 |   4.98%| unknown
 10.4s|     1 |     0 |  4178 |     - |   136M |   0 | 845 |3459 |3271 |  28 |  8 | 277 |   0 | 8.330192e-01 | 8.744747e-01 |   4.98%| unknown
 10.8s|     1 |     0 |  4192 |     - |   137M |   0 | 845 |3456 |3274 |  31 |  9 | 278 |   0 | 8.330192e-01 | 8.744747e-01 |   4.98%| unknown
 11.1s|     1 |     0 |  4200 |     - |   138M |   0 | 845 |3457 |3277 |  34 | 10 | 280 |   0 | 8.330192e-01 | 8.744747e-01 |   4.98%| unknown
 11.1s|     1 |     0 |  4202 |     - |   139M |   0 | 845 |3461 |3238 |  35 | 11 | 284 |   0 | 8.330192e-01 | 8.744747e-01 |   4.98%| unknown
 11.1s|     1 |     0 |  4202 |     - |   139M |   0 | 845 |3458 |3238 |  35 | 11 | 285 |   0 | 8.330192e-01 | 8.744747e-01 |   4.98%| unknown
 time | node  | left  |LP iter|LP it/n|mem/heur|mdpt |vars |cons |rows |cuts |sepa|confs|strbr|  dualbound   | primalbound  |  gap   | compl. 
 11.1s|     1 |     0 |  4203 |     - |   139M |   0 | 845 |3458 |3239 |  36 | 12 | 285 |   0 | 8.330192e-01 | 8.744747e-01 |   4.98%| unknown
 11.1s|     1 |     0 |  4204 |     - |   139M |   0 | 845 |3461 |3240 |  37 | 13 | 292 |   0 | 8.330192e-01 | 8.744747e-01 |   4.98%| unknown
 11.2s|     1 |     0 |  4206 |     - |   140M |   0 | 845 |3461 |3241 |  38 | 14 | 296 |   0 | 8.330192e-01 | 8.744747e-01 |   4.98%| unknown
 11.2s|     1 |     0 |  4209 |     - |   140M |   0 | 845 |3466 |3242 |  39 | 15 | 301 |   0 | 8.330192e-01 | 8.744747e-01 |   4.98%| unknown
 11.2s|     1 |     0 |  4210 |     - |   140M |   0 | 845 |3466 |3244 |  41 | 16 | 302 |   0 | 8.330192e-01 | 8.744747e-01 |   4.98%| unknown
 11.2s|     1 |     0 |  4211 |     - |   141M |   0 | 845 |3466 |3213 |  42 | 17 | 304 |   0 | 8.330192e-01 | 8.744747e-01 |   4.98%| unknown
 11.2s|     1 |     0 |  4212 |     - |   141M |   0 | 845 |3475 |3214 |  43 | 18 | 314 |   0 | 8.330192e-01 | 8.744747e-01 |   4.98%| unknown
 11.5s|     1 |     2 |  4901 |     - |   142M |   0 | 845 |3492 |3214 |  43 | 19 | 345 |  19 | 8.330226e-01 | 8.744747e-01 |   4.98%| unknown
(run 3, node 1) restarting after 32 global fixings of integer variables

(restart) converted 23 cuts from the global cut pool into linear constraints

presolving:
(round 1, fast)       38 del vars, 27 del conss, 0 add conss, 0 chg bounds, 0 chg sides, 18 chg coeffs, 0 upgd conss, 0 impls, 7872 clqs, 0 implints
(round 2, exhaustive) 38 del vars, 27 del conss, 0 add conss, 0 chg bounds, 0 chg sides, 18 chg coeffs, 21 upgd conss, 0 impls, 7872 clqs, 0 implints
(round 3, exhaustive) 38 del vars, 30 del conss, 0 add conss, 0 chg bounds, 0 chg sides, 18 chg coeffs, 21 upgd conss, 0 impls, 7873 clqs, 0 implints
(round 4, exhaustive) 38 del vars, 33 del conss, 0 add conss, 0 chg bounds, 0 chg sides, 172 chg coeffs, 21 upgd conss, 0 impls, 7873 clqs, 0 implints
presolving (5 rounds: 5 fast, 4 medium, 4 exhaustive):
 38 deleted vars, 33 deleted constraints, 0 added constraints, 0 tightened bounds, 0 added holes, 0 changed sides, 175 changed coefficients
 0 implications, 7873 cliques, 0 implied integral variables (0 bin, 0 int, 0 cont)
presolved problem has 807 variables (806 bin, 0 int, 1 cont) and 3482 constraints
     10 constraints of type <knapsack>
    114 constraints of type <setppc>
    255 constraints of type <linear>
   3103 constraints of type <logicor>
Presolving Time: 0.34
transformed 2/4 original solutions to the transformed problem space

 time | node  | left  |LP iter|LP it/n|mem/heur|mdpt |vars |cons |rows |cuts |sepa|confs|strbr|  dualbound   | primalbound  |  gap   | compl. 
 11.6s|     1 |     0 |  5314 |     - |   141M |   0 | 807 |3482 |3250 |   0 |  0 | 345 |  19 | 8.330226e-01 | 8.744747e-01 |   4.98%| unknown
 11.6s|     1 |     0 |  5314 |     - |   141M |   0 | 807 |3484 |3144 |   0 |  0 | 347 |  19 | 8.330226e-01 | 8.744747e-01 |   4.98%| unknown
 11.8s|     1 |     0 |  5326 |     - |   142M |   0 | 807 |3458 |3070 |   3 |  1 | 347 |  19 | 8.330226e-01 | 8.744747e-01 |   4.98%| unknown
 12.1s|     1 |     0 |  5332 |     - |   142M |   0 | 807 |3367 |3073 |   6 |  2 | 347 |  19 | 8.330226e-01 | 8.744747e-01 |   4.98%| unknown
 12.3s|     1 |     0 |  5343 |     - |   143M |   0 | 807 |3367 |3075 |   8 |  3 | 351 |  19 | 8.330226e-01 | 8.744747e-01 |   4.98%| unknown
 12.7s|     1 |     0 |  5369 |     - |   145M |   0 | 807 |3369 |3077 |  10 |  4 | 354 |  19 | 8.330226e-01 | 8.744747e-01 |   4.98%| unknown
 13.0s|     1 |     0 |  5377 |     - |   148M |   0 | 807 |3370 |3080 |  13 |  5 | 356 |  19 | 8.330226e-01 | 8.744747e-01 |   4.98%| unknown
 13.5s|     1 |     0 |  5393 |     - |   150M |   0 | 807 |3371 |3083 |  16 |  6 | 358 |  19 | 8.330226e-01 | 8.744747e-01 |   4.98%| unknown
 13.9s|     1 |     0 |  5409 |     - |   152M |   0 | 807 |3366 |3086 |  19 |  7 | 358 |  19 | 8.330226e-01 | 8.744747e-01 |   4.98%| unknown
 14.2s|     1 |     0 |  5429 |     - |   155M |   0 | 807 |3366 |3088 |  21 |  8 | 360 |  19 | 8.330226e-01 | 8.744747e-01 |   4.98%| unknown
 14.6s|     1 |     0 |  5441 |     - |   160M |   0 | 807 |3353 |3089 |  22 |  9 | 360 |  19 | 8.330226e-01 | 8.744747e-01 |   4.98%| unknown
 15.0s|     1 |     0 |  5458 |     - |   170M |   0 | 807 |3352 |3090 |  23 | 10 | 362 |  19 | 8.330226e-01 | 8.744747e-01 |   4.98%| unknown
 15.0s|     1 |     0 |  5474 |     - |   170M |   0 | 807 |3350 |3092 |  25 | 11 | 365 |  19 | 8.330226e-01 | 8.744747e-01 |   4.98%| unknown
 15.0s|     1 |     0 |  5474 |     - |   170M |   0 | 807 |3330 |3092 |  25 | 11 | 375 |  19 | 8.330226e-01 | 8.744747e-01 |   4.98%| unknown
 15.1s|     1 |     0 |  5491 |     - |   171M |   0 | 807 |3330 |3024 |  28 | 12 | 375 |  19 | 8.330226e-01 | 8.744747e-01 |   4.98%| unknown
 time | node  | left  |LP iter|LP it/n|mem/heur|mdpt |vars |cons |rows |cuts |sepa|confs|strbr|  dualbound   | primalbound  |  gap   | compl. 
 15.1s|     1 |     0 |  5499 |     - |   171M |   0 | 807 |3274 |3027 |  31 | 13 | 377 |  19 | 8.330226e-01 | 8.744747e-01 |   4.98%| unknown
 15.2s|     1 |     0 |  5505 |     - |   171M |   0 | 807 |3201 |3029 |  33 | 14 | 387 |  19 | 8.330226e-01 | 8.744747e-01 |   4.98%| unknown
 15.2s|     1 |     0 |  5508 |     - |   172M |   0 | 807 |3177 |3031 |  35 | 15 | 388 |  19 | 8.330226e-01 | 8.744747e-01 |   4.98%| unknown
 15.3s|     1 |     0 |  5516 |     - |   172M |   0 | 807 |3182 |3032 |  36 | 16 | 397 |  19 | 8.330226e-01 | 8.744747e-01 |   4.98%| unknown
 15.3s|     1 |     0 |  5530 |     - |   172M |   0 | 807 |3179 |3023 |  38 | 17 | 407 |  19 | 8.330226e-01 | 8.744747e-01 |   4.98%| unknown
 15.3s|     1 |     0 |  5536 |     - |   173M |   0 | 807 |3180 |3025 |  40 | 18 | 414 |  19 | 8.330226e-01 | 8.744747e-01 |   4.98%| unknown
 15.4s|     1 |     0 |  5543 |     - |   173M |   0 | 807 |3175 |3026 |  41 | 19 | 415 |  19 | 8.330226e-01 | 8.744747e-01 |   4.98%| unknown
 15.8s|     1 |     2 |  5745 |     - |   173M |   0 | 807 |3167 |3026 |  41 | 20 | 429 |  39 | 8.330230e-01 | 8.744747e-01 |   4.98%| unknown
 26.6s|   100 |    23 | 14567 | 120.0 |   207M |  15 | 807 |3865 |3006 | 323 |  4 |1468 |1509 | 8.330230e-01 | 8.744747e-01 |   4.98%|  14.61%
 33.3s|   200 |    45 | 23020 | 102.5 |   211M |  15 | 807 |4217 |   0 | 667 |  0 |2205 |2166 | 8.330230e-01 | 8.744747e-01 |   4.98%|  19.74%
 38.2s|   300 |    53 | 29631 |  90.4 |   215M |  15 | 807 |4247 |3000 | 949 |  2 |2610 |2462 | 8.334178e-01 | 8.744747e-01 |   4.93%|  23.94%
 43.6s|   400 |    53 | 36292 |  84.5 |   218M |  16 | 807 |4323 |   0 |1303 |  0 |2966 |2701 | 8.338187e-01 | 8.744747e-01 |   4.88%|  29.33%
 48.1s|   500 |    57 | 41305 |  77.7 |   219M |  16 | 807 |4478 |   0 |1672 |  0 |3263 |2857 | 8.352023e-01 | 8.744747e-01 |   4.70%|  34.91%
 53.3s|   600 |    63 | 50568 |  80.1 |   227M |  16 | 807 |4628 |3019 |2038 |  3 |3734 |3077 | 8.365511e-01 | 8.744747e-01 |   4.53%|  46.98%
 57.3s|   700 |    56 | 56926 |  77.8 |   228M |  16 | 807 |4742 |   0 |2279 |  0 |4076 |3193 | 8.453057e-01 | 8.744747e-01 |   3.45%|  54.71%
 time | node  | left  |LP iter|LP it/n|mem/heur|mdpt |vars |cons |rows |cuts |sepa|confs|strbr|  dualbound   | primalbound  |  gap   | compl. 
 62.5s|   800 |    14 | 64120 |  77.1 |   229M |  16 | 807 |4932 |   0 |2595 |  0 |4541 |3359 | 8.504742e-01 | 8.744747e-01 |   2.82%|  66.10%

SCIP Status        : problem is solved [optimal solution found]
Solving Time (sec) : 62.74
Solving Nodes      : 828 (total of 831 nodes in 4 runs)
Primal Bound       : +8.74474657759341e-01 (4 solutions)
Dual Bound         : +8.74474657759341e-01
Gap                : 0.00 %
objective value:                    0.874474657759341
x_('12_5', '13_1')                                  1 	(obj:0.0132334714465862)
x_('11_17', '12_5')                                 1 	(obj:0.0104631147540984)
x_('10_31', '11_17')                                1 	(obj:0.0114954226101767)
x_('9_42', '10_31')                                 1 	(obj:0.0271428571428571)
x_('8_45', '9_42')                                  1 	(obj:0.0180978402289878)
x_('7_37', '8_45')                                  1 	(obj:0.019530737704918)
x_('6_35', '7_37')                                  1 	(obj:0.0214285714285714)
x_('5_30', '6_35')                                  1 	(obj:0.0154110070257611)
x_('4_25', '5_30')                                  1 	(obj:0.0370646370023419)
x_('3_20', '4_25')                                  1 	(obj:0.0371487119437939)
x_('2_14', '3_20')                                  1 	(obj:0.0374332552693208)
x_('1_10', '2_14')                                  1 	(obj:0.0704355971896956)
x_('0_1', '1_10')                                   1 	(obj:0.0142857142857143)
y_0_0                                               1 	(obj:0)
y_1_0                                               1 	(obj:0)
y_2_0                                               1 	(obj:0)
y_3_1                                               1 	(obj:0)
y_4_1                                               1 	(obj:0)
y_5_1                                               1 	(obj:0)
y_6_2                                               1 	(obj:0)
y_7_2                                               1 	(obj:0)
y_8_2                                               1 	(obj:0)
y_9_2                                               1 	(obj:0)
y_10_3                                              1 	(obj:0)
y_11_3                                              1 	(obj:0)
y_12_3                                              1 	(obj:0)
z_('3268741', '3425762')_2                          1 	(obj:0)
z_('3268741', '1966592X')_0                         1 	(obj:0)
z_('1966592X', '3452192')_0                         1 	(obj:0)
z_('3452192', '1353870')_0                          1 	(obj:0)
z_('3452192', '3520162')_1                          1 	(obj:0)
z_('3520162', '3307092')_2                          1 	(obj:0)
z_('3520162', '3524054')_1                          1 	(obj:0)
z_('3268740', '3524054')_1                          1 	(obj:0)
z_('3524054', '3179975')_2                          1 	(obj:0)
z_('3179975', '3422998')_2                          1 	(obj:0)
z_('3422998', '2495223X')_3                         1 	(obj:0)
z_('3422998', '1353870_01')_3                       1 	(obj:0)
z_('2495223X', '2245784X')_3                        1 	(obj:0)
alpha                                3.51831325301205 	(obj:0.153853190662629)
  obj=0.875  alpha=584.0s  time=62.83s

k = 1
  Subgraph edges — edge_w: 13 (1.2%)  bal_w: 13 (1.2%)  combined: 26 (2.4%)  blended: 13 (1.2%)  blended_union: 37 (3.3%)  diverse: 13 (1.2%)
  [3a] Subgraph / edge_w   k=1 …
2026-07-01 18:57:42.359 | INFO     | pycaalp.time_balancing.model:run_mip:430 - Running MIP solver ...
      obj=0.875 (vs_full=-0.00%)  alpha=584.0s  build=0.001s solve=0.052s  vs_full=+0.00%
  [3b] Subgraph / bal_w    k=1 …
2026-07-01 18:57:42.411 | INFO     | pycaalp.time_balancing.model:run_mip:430 - Running MIP solver ...
      obj=1.022 (vs_full=+16.93%)  alpha=597.8s  build=0.001s solve=0.042s  vs_full=+2.36%
  [3c] Subgraph / combined k=1 …
2026-07-01 18:57:42.453 | INFO     | pycaalp.time_balancing.model:run_mip:430 - Running MIP solver ...
      obj=0.875 (vs_full=-0.00%)  alpha=584.0s  build=0.002s solve=1.202s  vs_full=+0.00%
  [3d] Subgraph / blended  k=1 …
2026-07-01 18:57:43.656 | INFO     | pycaalp.time_balancing.model:run_mip:430 - Running MIP solver ...
      obj=0.903 (vs_full=+3.29%)  alpha=586.1s  build=0.001s solve=0.173s  vs_full=+0.36%
  [3e] Subgraph / bl-union k=1 …
2026-07-01 18:57:43.829 | INFO     | pycaalp.time_balancing.model:run_mip:430 - Running MIP solver ...
      obj=0.875 (vs_full=-0.00%)  alpha=584.0s  build=0.012s solve=0.860s  vs_full=+0.00%
  [3f] Subgraph / diverse  k=1 …
2026-07-01 18:57:44.689 | INFO     | pycaalp.time_balancing.model:run_mip:430 - Running MIP solver ...
      obj=0.903 (vs_full=+3.29%)  alpha=586.1s  build=0.004s solve=0.147s  vs_full=+0.36%

k = 2
  Subgraph edges — edge_w: 15 (1.4%)  bal_w: 15 (1.4%)  combined: 30 (2.7%)  blended: 15 (1.4%)  blended_union: 43 (3.9%)  diverse: 26 (2.4%)
  [3a] Subgraph / edge_w   k=2 …
2026-07-01 18:57:44.925 | INFO     | pycaalp.time_balancing.model:run_mip:430 - Running MIP solver ...
      obj=0.875 (vs_full=-0.00%)  alpha=584.0s  build=0.004s solve=0.172s  vs_full=+0.00%
  [3b] Subgraph / bal_w    k=2 …
2026-07-01 18:57:45.097 | INFO     | pycaalp.time_balancing.model:run_mip:430 - Running MIP solver ...
      obj=1.022 (vs_full=+16.93%)  alpha=597.8s  build=0.003s solve=0.156s  vs_full=+2.36%
  [3c] Subgraph / combined k=2 …
2026-07-01 18:57:45.253 | INFO     | pycaalp.time_balancing.model:run_mip:430 - Running MIP solver ...
      obj=0.875 (vs_full=-0.00%)  alpha=584.0s  build=0.012s solve=0.353s  vs_full=+0.00%
  [3d] Subgraph / blended  k=2 …
2026-07-01 18:57:45.606 | INFO     | pycaalp.time_balancing.model:run_mip:430 - Running MIP solver ...
      obj=0.903 (vs_full=+3.29%)  alpha=586.1s  build=0.010s solve=0.317s  vs_full=+0.36%
  [3e] Subgraph / bl-union k=2 …
2026-07-01 18:57:45.924 | INFO     | pycaalp.time_balancing.model:run_mip:430 - Running MIP solver ...
      obj=0.875 (vs_full=+0.00%)  alpha=584.0s  build=0.047s solve=1.152s  vs_full=+0.00%
  [3f] Subgraph / diverse  k=2 …
2026-07-01 18:57:47.076 | INFO     | pycaalp.time_balancing.model:run_mip:430 - Running MIP solver ...
      obj=0.903 (vs_full=+3.29%)  alpha=586.1s  build=0.012s solve=0.336s  vs_full=+0.36%

k = 5
  Subgraph edges — edge_w: 21 (1.9%)  bal_w: 27 (2.4%)  combined: 48 (4.3%)  blended: 21 (1.9%)  blended_union: 60 (5.4%)  diverse: 65 (5.9%)
  [3a] Subgraph / edge_w   k=5 …
2026-07-01 18:57:47.782 | INFO     | pycaalp.time_balancing.model:run_mip:430 - Running MIP solver ...
      obj=0.875 (vs_full=-0.00%)  alpha=584.0s  build=0.036s solve=0.358s  vs_full=+0.00%
  [3b] Subgraph / bal_w    k=5 …
2026-07-01 18:57:48.141 | INFO     | pycaalp.time_balancing.model:run_mip:430 - Running MIP solver ...
      obj=1.014 (vs_full=+15.93%)  alpha=586.1s  build=0.024s solve=0.815s  vs_full=+0.36%
  [3c] Subgraph / combined k=5 …
2026-07-01 18:57:48.956 | INFO     | pycaalp.time_balancing.model:run_mip:430 - Running MIP solver ...
      obj=0.875 (vs_full=-0.00%)  alpha=584.0s  build=0.069s solve=0.734s  vs_full=+0.00%
  [3d] Subgraph / blended  k=5 …
2026-07-01 18:57:49.690 | INFO     | pycaalp.time_balancing.model:run_mip:430 - Running MIP solver ...
      obj=0.903 (vs_full=+3.29%)  alpha=586.1s  build=0.050s solve=0.291s  vs_full=+0.36%
  [3e] Subgraph / bl-union k=5 …
2026-07-01 18:57:49.981 | INFO     | pycaalp.time_balancing.model:run_mip:430 - Running MIP solver ...
      obj=0.875 (vs_full=+0.00%)  alpha=584.0s  build=0.166s solve=1.197s  vs_full=+0.00%
  [3f] Subgraph / diverse  k=5 …
2026-07-01 18:57:51.178 | INFO     | pycaalp.time_balancing.model:run_mip:430 - Running MIP solver ...
      obj=0.903 (vs_full=+3.29%)  alpha=586.1s  build=0.025s solve=0.382s  vs_full=+0.36%

k = 10
  Subgraph edges — edge_w: 24 (2.2%)  bal_w: 38 (3.4%)  combined: 62 (5.6%)  blended: 24 (2.2%)  blended_union: 76 (6.9%)  diverse: 126 (11.4%)
  [3a] Subgraph / edge_w   k=10 …
2026-07-01 18:57:51.904 | INFO     | pycaalp.time_balancing.model:run_mip:430 - Running MIP solver ...
      obj=0.875 (vs_full=-0.00%)  alpha=584.0s  build=0.048s solve=0.287s  vs_full=+0.00%
  [3b] Subgraph / bal_w    k=10 …
2026-07-01 18:57:52.191 | INFO     | pycaalp.time_balancing.model:run_mip:430 - Running MIP solver ...
      obj=1.010 (vs_full=+15.48%)  alpha=586.1s  build=0.016s solve=0.413s  vs_full=+0.36%
  [3c] Subgraph / combined k=10 …
2026-07-01 18:57:52.604 | INFO     | pycaalp.time_balancing.model:run_mip:430 - Running MIP solver ...
      obj=0.875 (vs_full=+0.00%)  alpha=584.0s  build=0.042s solve=0.585s  vs_full=+0.00%
  [3d] Subgraph / blended  k=10 …
2026-07-01 18:57:53.189 | INFO     | pycaalp.time_balancing.model:run_mip:430 - Running MIP solver ...
      obj=0.903 (vs_full=+3.29%)  alpha=586.1s  build=0.042s solve=0.436s  vs_full=+0.36%
  [3e] Subgraph / bl-union k=10 …
2026-07-01 18:57:53.625 | INFO     | pycaalp.time_balancing.model:run_mip:430 - Running MIP solver ...
      obj=0.875 (vs_full=-0.00%)  alpha=584.0s  build=0.172s solve=0.606s  vs_full=+0.00%
  [3f] Subgraph / diverse  k=10 …
2026-07-01 18:57:54.232 | INFO     | pycaalp.time_balancing.model:run_mip:430 - Running MIP solver ...
      obj=0.903 (vs_full=+3.29%)  alpha=586.1s  build=0.024s solve=1.003s  vs_full=+0.36%

k = 20
  Subgraph edges — edge_w: 35 (3.2%)  bal_w: 42 (3.8%)  combined: 77 (7.0%)  blended: 30 (2.7%)  blended_union: 92 (8.3%)  diverse: 239 (21.6%)
  [3a] Subgraph / edge_w   k=20 …
2026-07-01 18:57:55.846 | INFO     | pycaalp.time_balancing.model:run_mip:430 - Running MIP solver ...
      obj=0.875 (vs_full=+0.00%)  alpha=584.0s  build=0.077s solve=0.270s  vs_full=+0.00%
  [3b] Subgraph / bal_w    k=20 …
2026-07-01 18:57:56.116 | INFO     | pycaalp.time_balancing.model:run_mip:430 - Running MIP solver ...
      obj=1.010 (vs_full=+15.48%)  alpha=586.1s  build=0.059s solve=1.443s  vs_full=+0.36%
  [3c] Subgraph / combined k=20 …
2026-07-01 18:57:57.559 | INFO     | pycaalp.time_balancing.model:run_mip:430 - Running MIP solver ...
      obj=0.875 (vs_full=-0.00%)  alpha=584.0s  build=0.124s solve=1.018s  vs_full=+0.00%
  [3d] Subgraph / blended  k=20 …
2026-07-01 18:57:58.577 | INFO     | pycaalp.time_balancing.model:run_mip:430 - Running MIP solver ...
      obj=0.903 (vs_full=+3.29%)  alpha=586.1s  build=0.066s solve=0.594s  vs_full=+0.36%
  [3e] Subgraph / bl-union k=20 …
2026-07-01 18:57:59.171 | INFO     | pycaalp.time_balancing.model:run_mip:430 - Running MIP solver ...
      obj=0.875 (vs_full=-0.00%)  alpha=584.0s  build=0.257s solve=0.678s  vs_full=+0.00%
  [3f] Subgraph / diverse  k=20 …
2026-07-01 18:57:59.848 | INFO     | pycaalp.time_balancing.model:run_mip:430 - Running MIP solver ...
      obj=0.877 (vs_full=+0.33%)  alpha=581.1s  build=0.028s solve=1.397s  vs_full=-0.50%

k = 50
  Subgraph edges — edge_w: 54 (4.9%)  bal_w: 63 (5.7%)  combined: 116 (10.5%)  blended: 38 (3.4%)  blended_union: 125 (11.3%)  diverse: 507 (45.9%)
  [3a] Subgraph / edge_w   k=50 …
2026-07-01 18:58:03.035 | INFO     | pycaalp.time_balancing.model:run_mip:430 - Running MIP solver ...
      obj=0.875 (vs_full=+0.00%)  alpha=584.0s  build=0.213s solve=0.679s  vs_full=+0.00%
  [3b] Subgraph / bal_w    k=50 …
2026-07-01 18:58:03.715 | INFO     | pycaalp.time_balancing.model:run_mip:430 - Running MIP solver ...
      obj=1.010 (vs_full=+15.48%)  alpha=586.1s  build=0.108s solve=0.787s  vs_full=+0.36%
  [3c] Subgraph / combined k=50 …
2026-07-01 18:58:04.502 | INFO     | pycaalp.time_balancing.model:run_mip:430 - Running MIP solver ...
      obj=0.875 (vs_full=-0.00%)  alpha=584.0s  build=0.353s solve=1.674s  vs_full=+0.00%
  [3d] Subgraph / blended  k=50 …
2026-07-01 18:58:06.176 | INFO     | pycaalp.time_balancing.model:run_mip:430 - Running MIP solver ...
      obj=0.903 (vs_full=+3.29%)  alpha=586.1s  build=0.352s solve=0.272s  vs_full=+0.36%
  [3e] Subgraph / bl-union k=50 …
2026-07-01 18:58:06.448 | INFO     | pycaalp.time_balancing.model:run_mip:430 - Running MIP solver ...
      obj=0.875 (vs_full=-0.00%)  alpha=584.0s  build=0.719s solve=1.994s  vs_full=+0.00%
  [3f] Subgraph / diverse  k=50 …
2026-07-01 18:58:08.442 | INFO     | pycaalp.time_balancing.model:run_mip:430 - Running MIP solver ...
      obj=0.876 (vs_full=+0.14%)  alpha=584.0s  build=0.045s solve=9.365s  vs_full=+0.00%

k = 100
  Subgraph edges — edge_w: 78 (7.1%)  bal_w: 86 (7.8%)  combined: 162 (14.7%)  blended: 66 (6.0%)  blended_union: 153 (13.8%)  diverse: 749 (67.8%)
  [3a] Subgraph / edge_w   k=100 …
2026-07-01 18:58:20.614 | INFO     | pycaalp.time_balancing.model:run_mip:430 - Running MIP solver ...
      obj=0.875 (vs_full=-0.00%)  alpha=584.0s  build=0.339s solve=0.805s  vs_full=+0.00%
  [3b] Subgraph / bal_w    k=100 …
2026-07-01 18:58:21.420 | INFO     | pycaalp.time_balancing.model:run_mip:430 - Running MIP solver ...
      obj=1.008 (vs_full=+15.31%)  alpha=586.1s  build=0.219s solve=1.727s  vs_full=+0.36%
  [3c] Subgraph / combined k=100 …
2026-07-01 18:58:23.147 | INFO     | pycaalp.time_balancing.model:run_mip:430 - Running MIP solver ...
      obj=0.875 (vs_full=-0.00%)  alpha=584.0s  build=0.571s solve=1.041s  vs_full=+0.00%
  [3d] Subgraph / blended  k=100 …
2026-07-01 18:58:24.188 | INFO     | pycaalp.time_balancing.model:run_mip:430 - Running MIP solver ...
      obj=0.903 (vs_full=+3.29%)  alpha=586.1s  build=0.364s solve=0.535s  vs_full=+0.36%
  [3e] Subgraph / bl-union k=100 …
2026-07-01 18:58:24.723 | INFO     | pycaalp.time_balancing.model:run_mip:430 - Running MIP solver ...
      obj=0.875 (vs_full=-0.00%)  alpha=584.0s  build=1.219s solve=1.947s  vs_full=+0.00%
  [3f] Subgraph / diverse  k=100 …
2026-07-01 18:58:26.670 | INFO     | pycaalp.time_balancing.model:run_mip:430 - Running MIP solver ...
      obj=0.876 (vs_full=+0.14%)  alpha=584.0s  build=0.095s solve=16.206s  vs_full=+0.00%

k = 200
  Subgraph edges — edge_w: 95 (8.6%)  bal_w: 111 (10.0%)  combined: 202 (18.3%)  blended: 79 (7.1%)  blended_union: 177 (16.0%)  diverse: 911 (82.4%)
  [3a] Subgraph / edge_w   k=200 …
2026-07-01 18:58:48.463 | INFO     | pycaalp.time_balancing.model:run_mip:430 - Running MIP solver ...
      obj=0.875 (vs_full=-0.00%)  alpha=584.0s  build=0.562s solve=1.222s  vs_full=+0.00%
  [3b] Subgraph / bal_w    k=200 …
2026-07-01 18:58:49.686 | INFO     | pycaalp.time_balancing.model:run_mip:430 - Running MIP solver ...
      obj=1.004 (vs_full=+14.77%)  alpha=586.1s  build=0.413s solve=6.344s  vs_full=+0.36%
  [3c] Subgraph / combined k=200 …
2026-07-01 18:58:56.030 | INFO     | pycaalp.time_balancing.model:run_mip:430 - Running MIP solver ...
      obj=0.875 (vs_full=-0.00%)  alpha=584.0s  build=1.053s solve=4.771s  vs_full=+0.00%
  [3d] Subgraph / blended  k=200 …
2026-07-01 18:59:00.801 | INFO     | pycaalp.time_balancing.model:run_mip:430 - Running MIP solver ...
      obj=0.903 (vs_full=+3.29%)  alpha=586.1s  build=0.787s solve=1.442s  vs_full=+0.36%
  [3e] Subgraph / bl-union k=200 …
2026-07-01 18:59:02.244 | INFO     | pycaalp.time_balancing.model:run_mip:430 - Running MIP solver ...
      obj=0.875 (vs_full=-0.00%)  alpha=584.0s  build=2.400s solve=3.286s  vs_full=+0.00%
  [3f] Subgraph / diverse  k=200 …
2026-07-01 18:59:05.531 | INFO     | pycaalp.time_balancing.model:run_mip:430 - Running MIP solver ...
      obj=0.876 (vs_full=+0.14%)  alpha=584.0s  build=0.372s solve=156.349s  vs_full=+0.00%

k = 500
  Subgraph edges — edge_w: 108 (9.8%)  bal_w: 153 (13.8%)  combined: 257 (23.3%)  blended: 89 (8.1%)  blended_union: 245 (22.2%)  diverse: 1045 (94.6%)
  [3a] Subgraph / edge_w   k=500 …
2026-07-01 19:01:57.031 | INFO     | pycaalp.time_balancing.model:run_mip:430 - Running MIP solver ...
      obj=0.875 (vs_full=+0.00%)  alpha=584.0s  build=1.672s solve=1.202s  vs_full=+0.00%
  [3b] Subgraph / bal_w    k=500 …
2026-07-01 19:01:58.233 | INFO     | pycaalp.time_balancing.model:run_mip:430 - Running MIP solver ...
      obj=0.999 (vs_full=+14.23%)  alpha=581.1s  build=1.062s solve=4.305s  vs_full=-0.50%
  [3c] Subgraph / combined k=500 …
2026-07-01 19:02:02.538 | INFO     | pycaalp.time_balancing.model:run_mip:430 - Running MIP solver ...
      obj=0.875 (vs_full=+0.00%)  alpha=584.0s  build=2.812s solve=6.614s  vs_full=+0.00%
  [3d] Subgraph / blended  k=500 …
2026-07-01 19:02:09.152 | INFO     | pycaalp.time_balancing.model:run_mip:430 - Running MIP solver ...
      obj=0.903 (vs_full=+3.29%)  alpha=586.1s  build=2.230s solve=0.918s  vs_full=+0.36%
  [3e] Subgraph / bl-union k=500 …
2026-07-01 19:02:10.070 | INFO     | pycaalp.time_balancing.model:run_mip:430 - Running MIP solver ...
      obj=0.875 (vs_full=-0.00%)  alpha=584.0s  build=6.788s solve=3.679s  vs_full=+0.00%
  [3f] Subgraph / diverse  k=500 …
2026-07-01 19:02:13.750 | INFO     | pycaalp.time_balancing.model:run_mip:430 - Running MIP solver ...
      obj=0.875 (vs_full=-0.00%)  alpha=584.0s  build=0.585s solve=60.928s  vs_full=+0.00%

k = 1000
  Subgraph edges — edge_w: 142 (12.9%)  bal_w: 211 (19.1%)  combined: 346 (31.3%)  blended: 159 (14.4%)  blended_union: 297 (26.9%)  diverse: 1100 (99.5%)
  [3a] Subgraph / edge_w   k=1000 …
2026-07-01 19:03:46.639 | INFO     | pycaalp.time_balancing.model:run_mip:430 - Running MIP solver ...
      obj=0.875 (vs_full=+0.00%)  alpha=584.0s  build=3.441s solve=2.188s  vs_full=+0.00%
  [3b] Subgraph / bal_w    k=1000 …
2026-07-01 19:03:48.827 | INFO     | pycaalp.time_balancing.model:run_mip:430 - Running MIP solver ...
      obj=0.997 (vs_full=+14.03%)  alpha=581.1s  build=2.624s solve=12.068s  vs_full=-0.50%
  [3c] Subgraph / combined k=1000 …
2026-07-01 19:04:00.895 | INFO     | pycaalp.time_balancing.model:run_mip:430 - Running MIP solver ...
      obj=0.875 (vs_full=-0.00%)  alpha=584.0s  build=7.146s solve=4.063s  vs_full=+0.00%
  [3d] Subgraph / blended  k=1000 …
2026-07-01 19:04:04.958 | INFO     | pycaalp.time_balancing.model:run_mip:430 - Running MIP solver ...
      obj=0.883 (vs_full=+1.01%)  alpha=574.6s  build=4.881s solve=2.685s  vs_full=-1.61%
  [3e] Subgraph / bl-union k=1000 …
2026-07-01 19:04:07.643 | INFO     | pycaalp.time_balancing.model:run_mip:430 - Running MIP solver ...
      obj=0.875 (vs_full=-0.00%)  alpha=584.0s  build=12.663s solve=8.081s  vs_full=+0.00%
  [3f] Subgraph / diverse  k=1000 …
2026-07-01 19:04:15.724 | INFO     | pycaalp.time_balancing.model:run_mip:430 - Running MIP solver ...
      obj=0.875 (vs_full=-0.00%)  alpha=584.0s  build=1.206s solve=81.113s  vs_full=+0.00%

k = 2000
  Subgraph edges — edge_w: 185 (16.7%)  bal_w: 292 (26.4%)  combined: 460 (41.6%)  blended: 230 (20.8%)  blended_union: 410 (37.1%)  diverse: 1105 (100.0%)
  [3a] Subgraph / edge_w   k=2000 …
2026-07-01 19:06:53.881 | INFO     | pycaalp.time_balancing.model:run_mip:430 - Running MIP solver ...
      obj=0.875 (vs_full=+0.00%)  alpha=584.0s  build=8.348s solve=1.981s  vs_full=+0.00%
  [3b] Subgraph / bal_w    k=2000 …
2026-07-01 19:06:55.863 | INFO     | pycaalp.time_balancing.model:run_mip:430 - Running MIP solver ...
      obj=0.997 (vs_full=+14.03%)  alpha=581.1s  build=6.933s solve=25.516s  vs_full=-0.50%
  [3c] Subgraph / combined k=2000 …
2026-07-01 19:07:21.378 | INFO     | pycaalp.time_balancing.model:run_mip:430 - Running MIP solver ...
      obj=0.875 (vs_full=-0.00%)  alpha=584.0s  build=16.671s solve=6.469s  vs_full=+0.00%
  [3d] Subgraph / blended  k=2000 …
2026-07-01 19:07:27.847 | INFO     | pycaalp.time_balancing.model:run_mip:430 - Running MIP solver ...
      obj=0.883 (vs_full=+1.01%)  alpha=574.6s  build=11.405s solve=3.068s  vs_full=-1.61%
  [3e] Subgraph / bl-union k=2000 …
2026-07-01 19:07:30.915 | INFO     | pycaalp.time_balancing.model:run_mip:430 - Running MIP solver ...
      obj=0.875 (vs_full=-0.00%)  alpha=584.0s  build=31.490s solve=23.373s  vs_full=+0.00%
  [3f] Subgraph / diverse  k=2000 …
2026-07-01 19:07:54.288 | INFO     | pycaalp.time_balancing.model:run_mip:430 - Running MIP solver ...
      obj=0.875 (vs_full=+0.00%)  alpha=584.0s  build=2.198s solve=76.246s  vs_full=+0.00%

k = 5000
  Subgraph edges — edge_w: 232 (21.0%)  bal_w: 431 (39.0%)  combined: 632 (57.2%)  blended: 355 (32.1%)  blended_union: 525 (47.5%)  diverse: 1105 (100.0%)
  [3a] Subgraph / edge_w   k=5000 …
2026-07-01 19:13:52.038 | INFO     | pycaalp.time_balancing.model:run_mip:430 - Running MIP solver ...
      obj=0.875 (vs_full=-0.00%)  alpha=584.0s  build=32.697s solve=3.334s  vs_full=+0.00%
  [3b] Subgraph / bal_w    k=5000 …
2026-07-01 19:13:55.372 | INFO     | pycaalp.time_balancing.model:run_mip:430 - Running MIP solver ...
      obj=0.962 (vs_full=+10.03%)  alpha=581.1s  build=24.993s solve=20.577s  vs_full=-0.50%
  [3c] Subgraph / combined k=5000 …
2026-07-01 19:14:15.949 | INFO     | pycaalp.time_balancing.model:run_mip:430 - Running MIP solver ...
      obj=0.875 (vs_full=-0.00%)  alpha=584.0s  build=57.644s solve=41.385s  vs_full=+0.00%
  [3d] Subgraph / blended  k=5000 …
2026-07-01 19:14:57.334 | INFO     | pycaalp.time_balancing.model:run_mip:430 - Running MIP solver ...
      obj=0.877 (vs_full=+0.29%)  alpha=584.0s  build=43.293s solve=5.632s  vs_full=+0.00%
  [3e] Subgraph / bl-union k=5000 …
2026-07-01 19:15:02.966 | INFO     | pycaalp.time_balancing.model:run_mip:430 - Running MIP solver ...
      obj=0.875 (vs_full=-0.00%)  alpha=584.0s  build=117.271s solve=37.330s  vs_full=+0.00%
  [3f] Subgraph / diverse  k=5000 …
2026-07-01 19:15:40.296 | INFO     | pycaalp.time_balancing.model:run_mip:430 - Running MIP solver ...
      obj=0.875 (vs_full=+0.00%)  alpha=584.0s  build=5.606s solve=56.711s  vs_full=+0.00%

Results saved to experiments/strategy_comparison/assembly_1_np_4/strategy_comparison_lambda_0.6.csv
Plot with:  python -m experiments.strategy_comparison.plot_k_sensitivity

============================================================================================================================
SUMMARY — assembly_1  P=4  λ=0.6
============================================================================================================================
Strategy       Weight                      k   Build    Solve    Total  Spdup       Obj   ObjvsF     Alpha    AlvsF   Edges  %Grph
----------------------------------------------------------------------------------------------------------------------------
full_mip       —                               0.000   62.827   62.827   1.0x     0.875    +0.00    584.04    +0.00    1105  100.0
subgraph_mip   edge_weight                 1   0.001    0.052    0.054 1172.6x     0.875    -0.00    584.04    +0.00      13    1.2
subgraph_mip   time_balanced_weight        1   0.001    0.042    0.043 1468.0x     1.022   +16.93    597.84    +2.36      13    1.2
subgraph_mip   combined                    1   0.002    1.202    1.204  52.2x     0.875    -0.00    584.04    +0.00      26    2.4
subgraph_mip   blended                     1   0.001    0.173    0.174 360.1x     0.903    +3.29    586.13    +0.36      13    1.2
subgraph_mip   blended_union               1   0.012    0.860    0.872  72.0x     0.875    -0.00    584.04    +0.00      37    3.4
subgraph_mip   diverse                     1   0.004    0.147    0.151 415.2x     0.903    +3.29    586.13    +0.36      13    1.2
subgraph_mip   edge_weight                 2   0.004    0.172    0.176 357.7x     0.875    -0.00    584.04    +0.00      15    1.4
subgraph_mip   time_balanced_weight        2   0.003    0.156    0.159 394.7x     1.022   +16.93    597.84    +2.36      15    1.4
subgraph_mip   combined                    2   0.012    0.353    0.365 172.0x     0.875    -0.00    584.04    +0.00      30    2.7
subgraph_mip   blended                     2   0.010    0.317    0.327 191.9x     0.903    +3.29    586.13    +0.36      15    1.4
subgraph_mip   blended_union               2   0.047    1.152    1.199  52.4x     0.875    +0.00    584.04    +0.00      43    3.9
subgraph_mip   diverse                     2   0.012    0.336    0.347 180.9x     0.903    +3.29    586.13    +0.36      26    2.4
subgraph_mip   edge_weight                 5   0.036    0.358    0.394 159.3x     0.875    -0.00    584.04    +0.00      21    1.9
subgraph_mip   time_balanced_weight        5   0.024    0.815    0.839  74.9x     1.014   +15.93    586.13    +0.36      27    2.4
subgraph_mip   combined                    5   0.069    0.734    0.803  78.3x     0.875    -0.00    584.04    +0.00      48    4.3
subgraph_mip   blended                     5   0.050    0.291    0.341 184.4x     0.903    +3.29    586.13    +0.36      21    1.9
subgraph_mip   blended_union               5   0.166    1.197    1.363  46.1x     0.875    +0.00    584.04    +0.00      60    5.4
subgraph_mip   diverse                     5   0.025    0.382    0.408 154.1x     0.903    +3.29    586.13    +0.36      65    5.9
subgraph_mip   edge_weight                10   0.048    0.287    0.335 187.7x     0.875    -0.00    584.04    +0.00      24    2.2
subgraph_mip   time_balanced_weight       10   0.016    0.413    0.429 146.5x     1.010   +15.48    586.13    +0.36      38    3.4
subgraph_mip   combined                   10   0.042    0.585    0.626 100.3x     0.875    +0.00    584.04    +0.00      62    5.6
subgraph_mip   blended                    10   0.042    0.436    0.478 131.5x     0.903    +3.29    586.13    +0.36      24    2.2
subgraph_mip   blended_union              10   0.172    0.606    0.778  80.7x     0.875    -0.00    584.04    +0.00      76    6.9
subgraph_mip   diverse                    10   0.024    1.003    1.027  61.1x     0.903    +3.29    586.13    +0.36     126   11.4
subgraph_mip   edge_weight                20   0.077    0.270    0.347 181.1x     0.875    +0.00    584.04    +0.00      35    3.2
subgraph_mip   time_balanced_weight       20   0.059    1.443    1.501  41.8x     1.010   +15.48    586.13    +0.36      42    3.8
subgraph_mip   combined                   20   0.124    1.018    1.141  55.0x     0.875    -0.00    584.04    +0.00      77    7.0
subgraph_mip   blended                    20   0.066    0.594    0.660  95.2x     0.903    +3.29    586.13    +0.36      30    2.7
subgraph_mip   blended_union              20   0.257    0.678    0.935  67.2x     0.875    -0.00    584.04    +0.00      92    8.3
subgraph_mip   diverse                    20   0.028    1.397    1.425  44.1x     0.877    +0.33    581.12    -0.50     239   21.6
subgraph_mip   edge_weight                50   0.213    0.679    0.892  70.4x     0.875    +0.00    584.04    +0.00      54    4.9
subgraph_mip   time_balanced_weight       50   0.108    0.787    0.895  70.2x     1.010   +15.48    586.13    +0.36      63    5.7
subgraph_mip   combined                   50   0.353    1.674    2.027  31.0x     0.875    -0.00    584.04    +0.00     116   10.5
subgraph_mip   blended                    50   0.352    0.272    0.624 100.7x     0.903    +3.29    586.13    +0.36      38    3.4
subgraph_mip   blended_union              50   0.719    1.994    2.713  23.2x     0.875    -0.00    584.04    +0.00     125   11.3
subgraph_mip   diverse                    50   0.045    9.365    9.410   6.7x     0.876    +0.14    584.04    +0.00     507   45.9
subgraph_mip   edge_weight               100   0.339    0.805    1.145  54.9x     0.875    -0.00    584.04    +0.00      78    7.1
subgraph_mip   time_balanced_weight      100   0.219    1.727    1.946  32.3x     1.008   +15.31    586.13    +0.36      86    7.8
subgraph_mip   combined                  100   0.571    1.041    1.611  39.0x     0.875    -0.00    584.04    +0.00     162   14.7
subgraph_mip   blended                   100   0.364    0.535    0.899  69.9x     0.903    +3.29    586.13    +0.36      66    6.0
subgraph_mip   blended_union             100   1.219    1.947    3.166  19.9x     0.875    -0.00    584.04    +0.00     153   13.8
subgraph_mip   diverse                   100   0.095   16.206   16.301   3.9x     0.876    +0.14    584.04    +0.00     749   67.8
subgraph_mip   edge_weight               200   0.562    1.222    1.784  35.2x     0.875    -0.00    584.04    +0.00      95    8.6
subgraph_mip   time_balanced_weight      200   0.413    6.344    6.757   9.3x     1.004   +14.77    586.13    +0.36     111   10.1
subgraph_mip   combined                  200   1.053    4.771    5.824  10.8x     0.875    -0.00    584.04    +0.00     202   18.3
subgraph_mip   blended                   200   0.787    1.442    2.230  28.2x     0.903    +3.29    586.13    +0.36      79    7.2
subgraph_mip   blended_union             200   2.400    3.286    5.687  11.1x     0.875    -0.00    584.04    +0.00     177   16.0
subgraph_mip   diverse                   200   0.372  156.349  156.721   0.4x     0.876    +0.14    584.04    +0.00     911   82.4
subgraph_mip   edge_weight               500   1.672    1.202    2.874  21.9x     0.875    +0.00    584.04    +0.00     108    9.8
subgraph_mip   time_balanced_weight      500   1.062    4.305    5.367  11.7x     0.999   +14.23    581.12    -0.50     153   13.8
subgraph_mip   combined                  500   2.812    6.614    9.426   6.7x     0.875    +0.00    584.04    +0.00     257   23.3
subgraph_mip   blended                   500   2.230    0.918    3.148  20.0x     0.903    +3.29    586.13    +0.36      89    8.1
subgraph_mip   blended_union             500   6.788    3.679   10.468   6.0x     0.875    -0.00    584.04    +0.00     245   22.2
subgraph_mip   diverse                   500   0.585   60.928   61.513   1.0x     0.875    -0.00    584.04    +0.00    1045   94.6
subgraph_mip   edge_weight              1000   3.441    2.188    5.630  11.2x     0.875    +0.00    584.04    +0.00     142   12.8
subgraph_mip   time_balanced_weight     1000   2.624   12.068   14.691   4.3x     0.997   +14.03    581.12    -0.50     211   19.1
subgraph_mip   combined                 1000   7.146    4.063   11.209   5.6x     0.875    -0.00    584.04    +0.00     346   31.3
subgraph_mip   blended                  1000   4.881    2.685    7.566   8.3x     0.883    +1.01    574.62    -1.61     159   14.4
subgraph_mip   blended_union            1000  12.663    8.081   20.744   3.0x     0.875    -0.00    584.04    +0.00     297   26.9
subgraph_mip   diverse                  1000   1.206   81.113   82.319   0.8x     0.875    -0.00    584.04    +0.00    1100   99.5
subgraph_mip   edge_weight              2000   8.348    1.981   10.329   6.1x     0.875    +0.00    584.04    +0.00     185   16.7
subgraph_mip   time_balanced_weight     2000   6.933   25.516   32.449   1.9x     0.997   +14.03    581.12    -0.50     292   26.4
subgraph_mip   combined                 2000  16.671    6.469   23.139   2.7x     0.875    -0.00    584.04    +0.00     460   41.6
subgraph_mip   blended                  2000  11.405    3.068   14.473   4.3x     0.883    +1.01    574.62    -1.61     230   20.8
subgraph_mip   blended_union            2000  31.490   23.373   54.863   1.1x     0.875    -0.00    584.04    +0.00     410   37.1
subgraph_mip   diverse                  2000   2.198   76.246   78.444   0.8x     0.875    +0.00    584.04    +0.00    1105  100.0
subgraph_mip   edge_weight              5000  32.697    3.334   36.031   1.7x     0.875    -0.00    584.04    +0.00     232   21.0
subgraph_mip   time_balanced_weight     5000  24.993   20.577   45.569   1.4x     0.962   +10.03    581.12    -0.50     431   39.0
subgraph_mip   combined                 5000  57.644   41.385   99.028   0.6x     0.875    -0.00    584.04    +0.00     632   57.2
subgraph_mip   blended                  5000  43.293    5.632   48.924   1.3x     0.877    +0.29    584.04    +0.00     355   32.1
subgraph_mip   blended_union            5000 117.271   37.330  154.601   0.4x     0.875    -0.00    584.04    +0.00     525   47.5
subgraph_mip   diverse                  5000   5.606   56.711   62.317   1.0x     0.875    +0.00    584.04    +0.00    1105  100.0
============================================================================================================================

----------------- λ = 0.65 -----------------
========================================================================
Strategy Comparison Experiment — assembly_1  P=4  λ=0.65
========================================================================

Building assembly digraph …
2026-07-01 18:56:39.184 | INFO     | pycaalp.gapp.assembly_digraph:compute_assembly_digraph_complete:395 - Computing assembly digraph...
  343 nodes, 1105 edges  (0.3s)

[1] Full MIP  P=4  λ=0.65
2026-07-01 18:56:39.491 | INFO     | pycaalp.time_balancing.model:run_mip:430 - Running MIP solver ...
presolving:
(round 1, fast)       2 del vars, 2 del conss, 0 add conss, 0 chg bounds, 0 chg sides, 0 chg coeffs, 0 upgd conss, 0 impls, 69 clqs, 0 implints
(round 2, exhaustive) 2 del vars, 2 del conss, 0 add conss, 1 chg bounds, 0 chg sides, 0 chg coeffs, 4525 upgd conss, 0 impls, 69 clqs, 0 implints
   (0.2s) probing: 1000/1207 (82.9%) - 0 fixings, 0 aggregations, 130891 implications, 0 bound changes
   (0.2s) probing: 1001/1207 (82.9%) - 0 fixings, 0 aggregations, 130966 implications, 0 bound changes
   (0.2s) probing aborted: 1000/1000 successive useless probings
   (0.3s) symmetry computation started: requiring (bin +, int +, cont +), (fixed: bin -, int -, cont -)
   (0.3s) no symmetry present (symcode time: 0.00)
presolving (3 rounds: 3 fast, 2 medium, 2 exhaustive):
 2 deleted vars, 2 deleted constraints, 0 added constraints, 1 tightened bounds, 0 added holes, 0 changed sides, 0 changed coefficients
 0 implications, 15690 cliques, 0 implied integral variables (0 bin, 0 int, 0 cont)
presolved problem has 1208 variables (1207 bin, 0 int, 1 cont) and 4839 constraints
     69 constraints of type <setppc>
    314 constraints of type <linear>
   4456 constraints of type <logicor>
Presolving Time: 0.27

 time | node  | left  |LP iter|LP it/n|mem/heur|mdpt |vars |cons |rows |cuts |sepa|confs|strbr|  dualbound   | primalbound  |  gap   | compl. 
p 0.4s|     1 |     0 |   126 |     - | vbounds|   0 |1208 |4867 |4839 |   0 |  0 |  27 |   0 | 0.000000e+00 | 1.159958e+00 |    Inf | unknown
  0.4s|     1 |     0 |   471 |     - |    34M |   0 |1208 |4867 |4839 |   0 |  0 |  27 |   0 | 8.329273e-01 | 1.159958e+00 |  39.26%| unknown
  0.7s|     1 |     0 |   484 |     - |    39M |   0 |1208 |4875 |4843 |   4 |  1 |  35 |   0 | 8.329273e-01 | 1.159958e+00 |  39.26%| unknown
  1.1s|     1 |     0 |   492 |     - |    46M |   0 |1208 |4881 |4846 |   7 |  2 |  41 |   0 | 8.329273e-01 | 1.159958e+00 |  39.26%| unknown
  1.6s|     1 |     0 |   503 |     - |    54M |   0 |1208 |4882 |4850 |  11 |  3 |  42 |   0 | 8.329273e-01 | 1.159958e+00 |  39.26%| unknown
  2.0s|     1 |     0 |   515 |     - |    60M |   0 |1208 |4886 |4853 |  14 |  4 |  46 |   0 | 8.329273e-01 | 1.159958e+00 |  39.26%| unknown
  2.2s|     1 |     0 |   525 |     - |    66M |   0 |1208 |4887 |4855 |  16 |  5 |  47 |   0 | 8.329273e-01 | 1.159958e+00 |  39.26%| unknown
  2.7s|     1 |     0 |   534 |     - |    73M |   0 |1208 |4897 |4858 |  19 |  6 |  57 |   0 | 8.329273e-01 | 1.159958e+00 |  39.26%| unknown
  3.0s|     1 |     0 |   540 |     - |    81M |   0 |1208 |4898 |4860 |  21 |  7 |  58 |   0 | 8.329273e-01 | 1.159958e+00 |  39.26%| unknown
  3.5s|     1 |     0 |   549 |     - |    89M |   0 |1208 |4901 |4863 |  24 |  8 |  67 |   0 | 8.329273e-01 | 1.159958e+00 |  39.26%| unknown
  4.0s|     1 |     0 |   565 |     - |    95M |   0 |1208 |4903 |4865 |  26 |  9 |  69 |   0 | 8.329273e-01 | 1.159958e+00 |  39.26%| unknown
  4.5s|     1 |     0 |   586 |     - |   106M |   0 |1208 |4913 |4867 |  28 | 10 |  79 |   0 | 8.329273e-01 | 1.159958e+00 |  39.26%| unknown
  4.5s|     1 |     0 |   587 |     - |   106M |   0 |1208 |4913 |4868 |  29 | 11 |  80 |   0 | 8.329273e-01 | 1.159958e+00 |  39.26%| unknown
d 4.6s|     1 |     0 |  1155 |     - |farkasdi|   0 |1208 |4913 |4868 |   0 | 11 |  81 |   0 | 8.329273e-01 | 9.751963e-01 |  17.08%| unknown
o 4.7s|     1 |     0 |  1800 |     - |feaspump|   0 |1208 |4913 |4868 |  29 | 11 |  81 |   0 | 8.329273e-01 | 8.779369e-01 |   5.40%| unknown
 time | node  | left  |LP iter|LP it/n|mem/heur|mdpt |vars |cons |rows |cuts |sepa|confs|strbr|  dualbound   | primalbound  |  gap   | compl. 
  4.7s|     1 |     0 |  1988 |     - |   106M |   0 |1208 |4941 |4868 |  29 | 11 | 113 |   0 | 8.329273e-01 | 8.779369e-01 |   5.40%| unknown
  4.7s|     1 |     0 |  1988 |     - |   106M |   0 |1208 |4942 |4692 |  29 | 11 | 114 |   0 | 8.329273e-01 | 8.779369e-01 |   5.40%| unknown
  4.8s|     1 |     0 |  1989 |     - |   107M |   0 |1208 |4876 |4674 |  30 | 12 | 114 |   0 | 8.329273e-01 | 8.779369e-01 |   5.40%| unknown
  4.9s|     1 |     2 |  1991 |     - |   107M |   0 |1208 |4851 |4674 |  30 | 13 | 117 |  19 | 8.329512e-01 | 8.779369e-01 |   5.40%| unknown
(run 1, node 1) restarting after 48 global fixings of integer variables

(restart) converted 27 cuts from the global cut pool into linear constraints

presolving:
(round 1, fast)       50 del vars, 107 del conss, 0 add conss, 0 chg bounds, 0 chg sides, 90 chg coeffs, 0 upgd conss, 0 impls, 14363 clqs, 0 implints
(round 2, exhaustive) 50 del vars, 107 del conss, 0 add conss, 0 chg bounds, 0 chg sides, 90 chg coeffs, 29 upgd conss, 0 impls, 14363 clqs, 0 implints
(round 3, exhaustive) 50 del vars, 109 del conss, 0 add conss, 0 chg bounds, 1 chg sides, 166 chg coeffs, 29 upgd conss, 0 impls, 14365 clqs, 0 implints
presolving (4 rounds: 4 fast, 3 medium, 3 exhaustive):
 50 deleted vars, 111 deleted constraints, 0 added constraints, 0 tightened bounds, 0 added holes, 1 changed sides, 168 changed coefficients
 0 implications, 14365 cliques, 0 implied integral variables (0 bin, 0 int, 0 cont)
presolved problem has 1158 variables (1157 bin, 0 int, 1 cont) and 4767 constraints
      4 constraints of type <knapsack>
     97 constraints of type <setppc>
    311 constraints of type <linear>
   4355 constraints of type <logicor>
Presolving Time: 0.31
transformed 3/3 original solutions to the transformed problem space

 time | node  | left  |LP iter|LP it/n|mem/heur|mdpt |vars |cons |rows |cuts |sepa|confs|strbr|  dualbound   | primalbound  |  gap   | compl. 
  5.0s|     1 |     0 |  2394 |     - |    99M |   0 |1158 |4767 |4669 |   0 |  0 | 117 |  19 | 8.329512e-01 | 8.779369e-01 |   5.40%| unknown
  5.0s|     1 |     0 |  2394 |     - |    99M |   0 |1158 |4768 |4529 |   0 |  0 | 118 |  19 | 8.329512e-01 | 8.779369e-01 |   5.40%| unknown
  5.3s|     1 |     0 |  2411 |     - |   100M |   0 |1158 |4753 |4493 |   4 |  1 | 118 |  19 | 8.329512e-01 | 8.779369e-01 |   5.40%| unknown
  5.6s|     1 |     0 |  2423 |     - |   101M |   0 |1158 |4734 |4497 |   8 |  2 | 119 |  19 | 8.329512e-01 | 8.779369e-01 |   5.40%| unknown
  5.9s|     1 |     0 |  2437 |     - |   102M |   0 |1158 |4713 |4500 |  11 |  3 | 128 |  19 | 8.329512e-01 | 8.779369e-01 |   5.40%| unknown
  6.1s|     1 |     0 |  2452 |     - |   104M |   0 |1158 |4711 |4503 |  14 |  4 | 132 |  19 | 8.329512e-01 | 8.779369e-01 |   5.40%| unknown
  6.3s|     1 |     0 |  2462 |     - |   105M |   0 |1158 |4707 |4507 |  18 |  5 | 136 |  19 | 8.329512e-01 | 8.779369e-01 |   5.40%| unknown
  6.6s|     1 |     0 |  2480 |     - |   106M |   0 |1158 |4703 |4510 |  21 |  6 | 137 |  19 | 8.329512e-01 | 8.779369e-01 |   5.40%| unknown
  7.1s|     1 |     0 |  2495 |     - |   110M |   0 |1158 |4690 |4515 |  26 |  7 | 147 |  19 | 8.329512e-01 | 8.779369e-01 |   5.40%| unknown
  7.5s|     1 |     0 |  2511 |     - |   113M |   0 |1158 |4693 |4518 |  29 |  8 | 156 |  19 | 8.329512e-01 | 8.779369e-01 |   5.40%| unknown
  7.7s|     1 |     0 |  2536 |     - |   116M |   0 |1158 |4688 |4519 |  30 |  9 | 166 |  19 | 8.329512e-01 | 8.779369e-01 |   5.40%| unknown
  8.1s|     1 |     0 |  2541 |     - |   122M |   0 |1158 |4690 |4499 |  31 | 10 | 168 |  19 | 8.329512e-01 | 8.779369e-01 |   5.40%| unknown
  8.1s|     1 |     0 |  2543 |     - |   122M |   0 |1158 |4700 |4500 |  32 | 11 | 178 |  19 | 8.329512e-01 | 8.779369e-01 |   5.40%| unknown
  8.1s|     1 |     0 |  2543 |     - |   122M |   0 |1158 |4663 |4500 |  32 | 11 | 188 |  19 | 8.329512e-01 | 8.779369e-01 |   5.40%| unknown
  8.1s|     1 |     0 |  2550 |     - |   122M |   0 |1158 |4663 |4502 |  34 | 12 | 188 |  19 | 8.329512e-01 | 8.779369e-01 |   5.40%| unknown
 time | node  | left  |LP iter|LP it/n|mem/heur|mdpt |vars |cons |rows |cuts |sepa|confs|strbr|  dualbound   | primalbound  |  gap   | compl. 
  8.1s|     1 |     0 |  2556 |     - |   123M |   0 |1158 |4642 |4503 |  35 | 13 | 191 |  19 | 8.329512e-01 | 8.779369e-01 |   5.40%| unknown
  8.1s|     1 |     0 |  2557 |     - |   123M |   0 |1158 |4635 |4504 |  36 | 14 | 201 |  19 | 8.329512e-01 | 8.779369e-01 |   5.40%| unknown
  8.2s|     1 |     0 |  2560 |     - |   123M |   0 |1158 |4635 |4505 |  37 | 15 | 203 |  19 | 8.329512e-01 | 8.779369e-01 |   5.40%| unknown
  8.2s|     1 |     0 |  2561 |     - |   124M |   0 |1158 |4634 |4492 |  38 | 16 | 213 |  19 | 8.329512e-01 | 8.779369e-01 |   5.40%| unknown
  8.2s|     1 |     0 |  2565 |     - |   124M |   0 |1158 |4636 |4494 |  40 | 17 | 216 |  19 | 8.329512e-01 | 8.779369e-01 |   5.40%| unknown
  8.5s|     1 |     2 |  3110 |     - |   125M |   0 |1158 |4617 |4494 |  40 | 18 | 229 |  39 | 8.329512e-01 | 8.779369e-01 |   5.40%| unknown
* 9.1s|     4 |     3 |  3254 | 554.5 |strongbr|   3 |1158 |4608 |4474 |  40 |  2 | 236 | 106 | 8.329512e-01 | 8.776516e-01 |   5.37%| unknown
 18.8s|   100 |    26 | 12017 | 109.8 |   143M |  12 |1158 |5050 |4474 | 114 |  1 |1150 |1488 | 8.330211e-01 | 8.776516e-01 |   5.36%|  19.34%
 30.7s|   200 |    42 | 22551 | 107.6 |   163M |  19 |1158 |5432 |4492 | 632 |  2 |1834 |2068 | 8.331036e-01 | 8.776516e-01 |   5.35%|  31.07%
 40.8s|   300 |    78 | 31417 | 101.3 |   166M |  20 |1158 |5663 |4489 |1042 |  4 |2329 |2453 | 8.331681e-01 | 8.776516e-01 |   5.34%|  33.34%
 51.4s|   400 |    82 | 39705 |  96.7 |   174M |  20 |1158 |6124 |4483 |1459 |  3 |3077 |2829 | 8.331691e-01 | 8.776516e-01 |   5.34%|  37.91%
 56.8s|   500 |   101 | 46729 |  91.4 |   184M |  20 |1158 |6085 |4474 |1683 |  0 |3375 |2930 | 8.340154e-01 | 8.776516e-01 |   5.23%|  40.81%
 70.1s|   600 |   129 | 56436 |  92.3 |   186M |  20 |1158 |5958 |4493 |2251 |  0 |3750 |3136 | 8.343153e-01 | 8.776516e-01 |   5.19%|  43.43%
 76.9s|   700 |   121 | 64282 |  90.4 |   190M |  20 |1158 |5861 |4474 |2593 |  2 |4049 |3270 | 8.354135e-01 | 8.776516e-01 |   5.06%|  46.85%
 84.9s|   800 |   118 | 71984 |  88.7 |   194M |  20 |1158 |5965 |   0 |2908 |  0 |4495 |3428 | 8.374184e-01 | 8.776516e-01 |   4.80%|  50.18%
 time | node  | left  |LP iter|LP it/n|mem/heur|mdpt |vars |cons |rows |cuts |sepa|confs|strbr|  dualbound   | primalbound  |  gap   | compl. 
 89.4s|   900 |    86 | 78809 |  86.4 |   197M |  20 |1158 |6237 |4489 |3082 |  0 |5082 |3583 | 8.392254e-01 | 8.776516e-01 |   4.58%|  54.55%
 92.5s|  1000 |    35 | 84065 |  83.0 |   198M |  20 |1158 |6286 |4498 |3184 |  0 |5420 |3694 | 8.448209e-01 | 8.776516e-01 |   3.89%|  61.93%

SCIP Status        : problem is solved [optimal solution found]
Solving Time (sec) : 95.65
Solving Nodes      : 1057 (total of 1058 nodes in 2 runs)
Primal Bound       : +8.77651589206436e-01 (7 solutions)
Dual Bound         : +8.77651589206436e-01
Gap                : 0.00 %
objective value:                    0.877651589206436
x_('12_5', '13_1')                                  1 	(obj:0.0115792875157629)
x_('11_17', '12_5')                                 1 	(obj:0.00915522540983607)
x_('10_31', '11_17')                                1 	(obj:0.0100584947839046)
x_('9_42', '10_31')                                 1 	(obj:0.02375)
x_('8_45', '9_42')                                  1 	(obj:0.0158356102003643)
x_('7_37', '8_45')                                  1 	(obj:0.0170893954918033)
x_('6_35', '7_37')                                  1 	(obj:0.01875)
x_('5_30', '6_35')                                  1 	(obj:0.013484631147541)
x_('4_25', '5_30')                                  1 	(obj:0.0324315573770492)
x_('3_18', '4_25')                                  1 	(obj:0.0245655737704918)
x_('2_14', '3_18')                                  1 	(obj:0.0433401639344262)
x_('1_10', '2_14')                                  1 	(obj:0.0616311475409836)
x_('0_1', '1_10')                                   1 	(obj:0.0125)
y_0_0                                               1 	(obj:0)
y_1_0                                               1 	(obj:0)
y_2_0                                               1 	(obj:0)
y_3_1                                               1 	(obj:0)
y_4_1                                               1 	(obj:0)
y_5_1                                               1 	(obj:0)
y_6_2                                               1 	(obj:0)
y_7_2                                               1 	(obj:0)
y_8_2                                               1 	(obj:0)
y_9_2                                               1 	(obj:0)
y_10_3                                              1 	(obj:0)
y_11_3                                              1 	(obj:0)
y_12_3                                              1 	(obj:0)
z_('3268741', '3425762')_2                          1 	(obj:0)
z_('3268741', '1966592X')_1                         1 	(obj:0)
z_('1966592X', '3452192')_0                         1 	(obj:0)
z_('3452192', '1353870')_0                          1 	(obj:0)
z_('3452192', '3520162')_0                          1 	(obj:0)
z_('3520162', '3307092')_2                          1 	(obj:0)
z_('3520162', '3524054')_1                          1 	(obj:0)
z_('3268740', '3524054')_1                          1 	(obj:0)
z_('3524054', '3179975')_2                          1 	(obj:0)
z_('3179975', '3422998')_2                          1 	(obj:0)
z_('3422998', '2495223X')_3                         1 	(obj:0)
z_('3422998', '1353870_01')_3                       1 	(obj:0)
z_('2495223X', '2245784X')_3                        1 	(obj:0)
alpha                                3.50072289156626 	(obj:0.166674289884515)
  obj=0.878  alpha=581.1s  time=95.77s

k = 1
  Subgraph edges — edge_w: 13 (1.2%)  bal_w: 13 (1.2%)  combined: 26 (2.4%)  blended: 13 (1.2%)  blended_union: 37 (3.3%)  diverse: 13 (1.2%)
  [3a] Subgraph / edge_w   k=1 …
2026-07-01 18:58:15.294 | INFO     | pycaalp.time_balancing.model:run_mip:430 - Running MIP solver ...
      obj=0.878 (vs_full=+0.03%)  alpha=584.0s  build=0.001s solve=0.042s  vs_full=+0.50%
  [3b] Subgraph / bal_w    k=1 …
2026-07-01 18:58:15.336 | INFO     | pycaalp.time_balancing.model:run_mip:430 - Running MIP solver ...
      obj=1.010 (vs_full=+15.10%)  alpha=597.8s  build=0.001s solve=0.109s  vs_full=+2.88%
  [3c] Subgraph / combined k=1 …
2026-07-01 18:58:15.445 | INFO     | pycaalp.time_balancing.model:run_mip:430 - Running MIP solver ...
      obj=0.878 (vs_full=+0.03%)  alpha=584.0s  build=0.001s solve=0.249s  vs_full=+0.50%
  [3d] Subgraph / blended  k=1 …
2026-07-01 18:58:15.695 | INFO     | pycaalp.time_balancing.model:run_mip:430 - Running MIP solver ...
      obj=0.946 (vs_full=+7.83%)  alpha=574.6s  build=0.002s solve=0.134s  vs_full=-1.12%
  [3e] Subgraph / bl-union k=1 …
2026-07-01 18:58:15.829 | INFO     | pycaalp.time_balancing.model:run_mip:430 - Running MIP solver ...
      obj=0.878 (vs_full=+0.03%)  alpha=584.0s  build=0.024s solve=1.350s  vs_full=+0.50%
  [3f] Subgraph / diverse  k=1 …
2026-07-01 18:58:17.179 | INFO     | pycaalp.time_balancing.model:run_mip:430 - Running MIP solver ...
      obj=0.946 (vs_full=+7.83%)  alpha=574.6s  build=0.008s solve=0.188s  vs_full=-1.12%

k = 2
  Subgraph edges — edge_w: 15 (1.4%)  bal_w: 15 (1.4%)  combined: 30 (2.7%)  blended: 15 (1.4%)  blended_union: 43 (3.9%)  diverse: 26 (2.4%)
  [3a] Subgraph / edge_w   k=2 …
2026-07-01 18:58:17.415 | INFO     | pycaalp.time_balancing.model:run_mip:430 - Running MIP solver ...
      obj=0.878 (vs_full=+0.03%)  alpha=584.0s  build=0.007s solve=0.171s  vs_full=+0.50%
  [3b] Subgraph / bal_w    k=2 …
2026-07-01 18:58:17.586 | INFO     | pycaalp.time_balancing.model:run_mip:430 - Running MIP solver ...
      obj=1.010 (vs_full=+15.10%)  alpha=597.8s  build=0.003s solve=0.058s  vs_full=+2.88%
  [3c] Subgraph / combined k=2 …
2026-07-01 18:58:17.644 | INFO     | pycaalp.time_balancing.model:run_mip:430 - Running MIP solver ...
      obj=0.878 (vs_full=+0.03%)  alpha=584.0s  build=0.006s solve=0.436s  vs_full=+0.50%
  [3d] Subgraph / blended  k=2 …
2026-07-01 18:58:18.081 | INFO     | pycaalp.time_balancing.model:run_mip:430 - Running MIP solver ...
      obj=0.946 (vs_full=+7.83%)  alpha=574.6s  build=0.004s solve=0.281s  vs_full=-1.12%
  [3e] Subgraph / bl-union k=2 …
2026-07-01 18:58:18.362 | INFO     | pycaalp.time_balancing.model:run_mip:430 - Running MIP solver ...
      obj=0.878 (vs_full=+0.03%)  alpha=584.0s  build=0.022s solve=0.932s  vs_full=+0.50%
  [3f] Subgraph / diverse  k=2 …
2026-07-01 18:58:19.294 | INFO     | pycaalp.time_balancing.model:run_mip:430 - Running MIP solver ...
      obj=0.903 (vs_full=+2.95%)  alpha=586.1s  build=0.005s solve=2.202s  vs_full=+0.86%

k = 5
  Subgraph edges — edge_w: 21 (1.9%)  bal_w: 27 (2.4%)  combined: 48 (4.3%)  blended: 19 (1.7%)  blended_union: 60 (5.4%)  diverse: 65 (5.9%)
  [3a] Subgraph / edge_w   k=5 …
2026-07-01 18:58:21.677 | INFO     | pycaalp.time_balancing.model:run_mip:430 - Running MIP solver ...
      obj=0.878 (vs_full=+0.03%)  alpha=584.0s  build=0.013s solve=0.147s  vs_full=+0.50%
  [3b] Subgraph / bal_w    k=5 …
2026-07-01 18:58:21.824 | INFO     | pycaalp.time_balancing.model:run_mip:430 - Running MIP solver ...
      obj=1.000 (vs_full=+13.96%)  alpha=586.1s  build=0.008s solve=1.370s  vs_full=+0.86%
  [3c] Subgraph / combined k=5 …
2026-07-01 18:58:23.194 | INFO     | pycaalp.time_balancing.model:run_mip:430 - Running MIP solver ...
      obj=0.878 (vs_full=+0.03%)  alpha=584.0s  build=0.033s solve=0.361s  vs_full=+0.50%
  [3d] Subgraph / blended  k=5 …
2026-07-01 18:58:23.556 | INFO     | pycaalp.time_balancing.model:run_mip:430 - Running MIP solver ...
      obj=0.946 (vs_full=+7.83%)  alpha=574.6s  build=0.025s solve=0.345s  vs_full=-1.12%
  [3e] Subgraph / bl-union k=5 …
2026-07-01 18:58:23.900 | INFO     | pycaalp.time_balancing.model:run_mip:430 - Running MIP solver ...
      obj=0.878 (vs_full=+0.03%)  alpha=584.0s  build=0.095s solve=1.276s  vs_full=+0.50%
  [3f] Subgraph / diverse  k=5 …
2026-07-01 18:58:25.177 | INFO     | pycaalp.time_balancing.model:run_mip:430 - Running MIP solver ...
      obj=0.903 (vs_full=+2.95%)  alpha=586.1s  build=0.007s solve=0.307s  vs_full=+0.86%

k = 10
  Subgraph edges — edge_w: 24 (2.2%)  bal_w: 38 (3.4%)  combined: 62 (5.6%)  blended: 23 (2.1%)  blended_union: 76 (6.9%)  diverse: 126 (11.4%)
  [3a] Subgraph / edge_w   k=10 …
2026-07-01 18:58:25.737 | INFO     | pycaalp.time_balancing.model:run_mip:430 - Running MIP solver ...
      obj=0.878 (vs_full=+0.03%)  alpha=584.0s  build=0.035s solve=0.174s  vs_full=+0.50%
  [3b] Subgraph / bal_w    k=10 …
2026-07-01 18:58:25.911 | INFO     | pycaalp.time_balancing.model:run_mip:430 - Running MIP solver ...
      obj=0.997 (vs_full=+13.57%)  alpha=586.1s  build=0.016s solve=0.377s  vs_full=+0.86%
  [3c] Subgraph / combined k=10 …
2026-07-01 18:58:26.288 | INFO     | pycaalp.time_balancing.model:run_mip:430 - Running MIP solver ...
      obj=0.878 (vs_full=+0.03%)  alpha=584.0s  build=0.066s solve=1.103s  vs_full=+0.50%
  [3d] Subgraph / blended  k=10 …
2026-07-01 18:58:27.392 | INFO     | pycaalp.time_balancing.model:run_mip:430 - Running MIP solver ...
      obj=0.946 (vs_full=+7.83%)  alpha=574.6s  build=0.034s solve=0.534s  vs_full=-1.12%
  [3e] Subgraph / bl-union k=10 …
2026-07-01 18:58:27.926 | INFO     | pycaalp.time_balancing.model:run_mip:430 - Running MIP solver ...
      obj=0.878 (vs_full=+0.03%)  alpha=584.0s  build=0.093s solve=0.880s  vs_full=+0.50%
  [3f] Subgraph / diverse  k=10 …
2026-07-01 18:58:28.806 | INFO     | pycaalp.time_balancing.model:run_mip:430 - Running MIP solver ...
      obj=0.903 (vs_full=+2.95%)  alpha=586.1s  build=0.010s solve=0.675s  vs_full=+0.86%

k = 20
  Subgraph edges — edge_w: 35 (3.2%)  bal_w: 42 (3.8%)  combined: 77 (7.0%)  blended: 28 (2.5%)  blended_union: 92 (8.3%)  diverse: 239 (21.6%)
  [3a] Subgraph / edge_w   k=20 …
2026-07-01 18:58:30.111 | INFO     | pycaalp.time_balancing.model:run_mip:430 - Running MIP solver ...
      obj=0.878 (vs_full=+0.03%)  alpha=584.0s  build=0.076s solve=0.780s  vs_full=+0.50%
  [3b] Subgraph / bal_w    k=20 …
2026-07-01 18:58:30.891 | INFO     | pycaalp.time_balancing.model:run_mip:430 - Running MIP solver ...
      obj=0.997 (vs_full=+13.57%)  alpha=586.1s  build=0.035s solve=0.556s  vs_full=+0.86%
  [3c] Subgraph / combined k=20 …
2026-07-01 18:58:31.447 | INFO     | pycaalp.time_balancing.model:run_mip:430 - Running MIP solver ...
      obj=0.878 (vs_full=+0.03%)  alpha=584.0s  build=0.141s solve=0.718s  vs_full=+0.50%
  [3d] Subgraph / blended  k=20 …
2026-07-01 18:58:32.165 | INFO     | pycaalp.time_balancing.model:run_mip:430 - Running MIP solver ...
      obj=0.946 (vs_full=+7.83%)  alpha=574.6s  build=0.091s solve=0.867s  vs_full=-1.12%
  [3e] Subgraph / bl-union k=20 …
2026-07-01 18:58:33.032 | INFO     | pycaalp.time_balancing.model:run_mip:430 - Running MIP solver ...
      obj=0.878 (vs_full=+0.03%)  alpha=584.0s  build=0.266s solve=1.404s  vs_full=+0.50%
  [3f] Subgraph / diverse  k=20 …
2026-07-01 18:58:34.436 | INFO     | pycaalp.time_balancing.model:run_mip:430 - Running MIP solver ...
      obj=0.880 (vs_full=+0.25%)  alpha=581.1s  build=0.020s solve=2.813s  vs_full=+0.00%

k = 50
  Subgraph edges — edge_w: 54 (4.9%)  bal_w: 63 (5.7%)  combined: 116 (10.5%)  blended: 49 (4.4%)  blended_union: 125 (11.3%)  diverse: 505 (45.7%)
  [3a] Subgraph / edge_w   k=50 …
2026-07-01 18:58:38.720 | INFO     | pycaalp.time_balancing.model:run_mip:430 - Running MIP solver ...
      obj=0.878 (vs_full=+0.03%)  alpha=584.0s  build=0.210s solve=1.484s  vs_full=+0.50%
  [3b] Subgraph / bal_w    k=50 …
2026-07-01 18:58:40.204 | INFO     | pycaalp.time_balancing.model:run_mip:430 - Running MIP solver ...
      obj=0.997 (vs_full=+13.57%)  alpha=586.1s  build=0.118s solve=1.404s  vs_full=+0.86%
  [3c] Subgraph / combined k=50 …
2026-07-01 18:58:41.608 | INFO     | pycaalp.time_balancing.model:run_mip:430 - Running MIP solver ...
      obj=0.878 (vs_full=+0.03%)  alpha=584.0s  build=0.254s solve=1.960s  vs_full=+0.50%
  [3d] Subgraph / blended  k=50 …
2026-07-01 18:58:43.569 | INFO     | pycaalp.time_balancing.model:run_mip:430 - Running MIP solver ...
      obj=0.903 (vs_full=+2.95%)  alpha=586.1s  build=0.183s solve=0.632s  vs_full=+0.86%
  [3e] Subgraph / bl-union k=50 …
2026-07-01 18:58:44.201 | INFO     | pycaalp.time_balancing.model:run_mip:430 - Running MIP solver ...
      obj=0.878 (vs_full=+0.03%)  alpha=584.0s  build=0.650s solve=1.180s  vs_full=+0.50%
  [3f] Subgraph / diverse  k=50 …
2026-07-01 18:58:45.381 | INFO     | pycaalp.time_balancing.model:run_mip:430 - Running MIP solver ...
      obj=0.879 (vs_full=+0.12%)  alpha=581.1s  build=0.055s solve=9.375s  vs_full=+0.00%

k = 100
  Subgraph edges — edge_w: 78 (7.1%)  bal_w: 86 (7.8%)  combined: 162 (14.7%)  blended: 65 (5.9%)  blended_union: 153 (13.8%)  diverse: 741 (67.1%)
  [3a] Subgraph / edge_w   k=100 …
2026-07-01 18:58:59.786 | INFO     | pycaalp.time_balancing.model:run_mip:430 - Running MIP solver ...
      obj=0.878 (vs_full=+0.03%)  alpha=584.0s  build=0.439s solve=0.867s  vs_full=+0.50%
  [3b] Subgraph / bal_w    k=100 …
2026-07-01 18:59:00.653 | INFO     | pycaalp.time_balancing.model:run_mip:430 - Running MIP solver ...
      obj=0.996 (vs_full=+13.43%)  alpha=586.1s  build=0.361s solve=2.156s  vs_full=+0.86%
  [3c] Subgraph / combined k=100 …
2026-07-01 18:59:02.809 | INFO     | pycaalp.time_balancing.model:run_mip:430 - Running MIP solver ...
      obj=0.878 (vs_full=+0.03%)  alpha=584.0s  build=0.682s solve=2.453s  vs_full=+0.50%
  [3d] Subgraph / blended  k=100 …
2026-07-01 18:59:05.262 | INFO     | pycaalp.time_balancing.model:run_mip:430 - Running MIP solver ...
      obj=0.903 (vs_full=+2.95%)  alpha=586.1s  build=1.183s solve=0.547s  vs_full=+0.86%
  [3e] Subgraph / bl-union k=100 …
2026-07-01 18:59:05.809 | INFO     | pycaalp.time_balancing.model:run_mip:430 - Running MIP solver ...
      obj=0.878 (vs_full=+0.03%)  alpha=584.0s  build=2.296s solve=2.216s  vs_full=+0.50%
  [3f] Subgraph / diverse  k=100 …
2026-07-01 18:59:08.025 | INFO     | pycaalp.time_balancing.model:run_mip:430 - Running MIP solver ...
      obj=0.879 (vs_full=+0.12%)  alpha=581.1s  build=0.069s solve=38.587s  vs_full=+0.00%

k = 200
  Subgraph edges — edge_w: 95 (8.6%)  bal_w: 111 (10.0%)  combined: 202 (18.3%)  blended: 79 (7.1%)  blended_union: 177 (16.0%)  diverse: 902 (81.6%)
  [3a] Subgraph / edge_w   k=200 …
2026-07-01 18:59:53.067 | INFO     | pycaalp.time_balancing.model:run_mip:430 - Running MIP solver ...
      obj=0.878 (vs_full=+0.03%)  alpha=584.0s  build=0.647s solve=1.427s  vs_full=+0.50%
  [3b] Subgraph / bal_w    k=200 …
2026-07-01 18:59:54.495 | INFO     | pycaalp.time_balancing.model:run_mip:430 - Running MIP solver ...
      obj=0.991 (vs_full=+12.96%)  alpha=586.1s  build=0.457s solve=1.461s  vs_full=+0.86%
  [3c] Subgraph / combined k=200 …
2026-07-01 18:59:55.956 | INFO     | pycaalp.time_balancing.model:run_mip:430 - Running MIP solver ...
      obj=0.878 (vs_full=+0.03%)  alpha=584.0s  build=1.203s solve=2.520s  vs_full=+0.50%
  [3d] Subgraph / blended  k=200 …
2026-07-01 18:59:58.476 | INFO     | pycaalp.time_balancing.model:run_mip:430 - Running MIP solver ...
      obj=0.903 (vs_full=+2.95%)  alpha=586.1s  build=1.428s solve=0.469s  vs_full=+0.86%
  [3e] Subgraph / bl-union k=200 …
2026-07-01 18:59:58.946 | INFO     | pycaalp.time_balancing.model:run_mip:430 - Running MIP solver ...
      obj=0.878 (vs_full=+0.03%)  alpha=584.0s  build=2.497s solve=2.699s  vs_full=+0.50%
  [3f] Subgraph / diverse  k=200 …
2026-07-01 19:00:01.645 | INFO     | pycaalp.time_balancing.model:run_mip:430 - Running MIP solver ...
      obj=0.879 (vs_full=+0.12%)  alpha=581.1s  build=0.221s solve=146.525s  vs_full=+0.00%

k = 500
  Subgraph edges — edge_w: 108 (9.8%)  bal_w: 153 (13.8%)  combined: 257 (23.3%)  blended: 100 (9.0%)  blended_union: 245 (22.2%)  diverse: 1048 (94.8%)
  [3a] Subgraph / edge_w   k=500 …
2026-07-01 19:02:42.910 | INFO     | pycaalp.time_balancing.model:run_mip:430 - Running MIP solver ...
      obj=0.878 (vs_full=+0.00%)  alpha=581.1s  build=1.753s solve=1.333s  vs_full=+0.00%
  [3b] Subgraph / bal_w    k=500 …
2026-07-01 19:02:44.243 | INFO     | pycaalp.time_balancing.model:run_mip:430 - Running MIP solver ...
      obj=0.986 (vs_full=+12.37%)  alpha=581.1s  build=1.409s solve=2.819s  vs_full=+0.00%
  [3c] Subgraph / combined k=500 …
2026-07-01 19:02:47.062 | INFO     | pycaalp.time_balancing.model:run_mip:430 - Running MIP solver ...
      obj=0.878 (vs_full=+0.00%)  alpha=581.1s  build=2.858s solve=3.245s  vs_full=+0.00%
  [3d] Subgraph / blended  k=500 …
2026-07-01 19:02:50.307 | INFO     | pycaalp.time_balancing.model:run_mip:430 - Running MIP solver ...
      obj=0.903 (vs_full=+2.95%)  alpha=586.1s  build=2.113s solve=0.971s  vs_full=+0.86%
  [3e] Subgraph / bl-union k=500 …
2026-07-01 19:02:51.278 | INFO     | pycaalp.time_balancing.model:run_mip:430 - Running MIP solver ...
      obj=0.878 (vs_full=-0.00%)  alpha=581.1s  build=6.126s solve=3.176s  vs_full=+0.00%
  [3f] Subgraph / diverse  k=500 …
2026-07-01 19:02:54.454 | INFO     | pycaalp.time_balancing.model:run_mip:430 - Running MIP solver ...
      obj=0.878 (vs_full=-0.00%)  alpha=581.1s  build=0.480s solve=124.495s  vs_full=+0.00%

k = 1000
  Subgraph edges — edge_w: 142 (12.9%)  bal_w: 211 (19.1%)  combined: 346 (31.3%)  blended: 136 (12.3%)  blended_union: 297 (26.9%)  diverse: 1100 (99.5%)
  [3a] Subgraph / edge_w   k=1000 …
2026-07-01 19:05:30.007 | INFO     | pycaalp.time_balancing.model:run_mip:430 - Running MIP solver ...
      obj=0.878 (vs_full=+0.00%)  alpha=581.1s  build=3.255s solve=2.366s  vs_full=+0.00%
  [3b] Subgraph / bal_w    k=1000 …
2026-07-01 19:05:32.374 | INFO     | pycaalp.time_balancing.model:run_mip:430 - Running MIP solver ...
      obj=0.985 (vs_full=+12.20%)  alpha=581.1s  build=2.713s solve=11.305s  vs_full=+0.00%
  [3c] Subgraph / combined k=1000 …
2026-07-01 19:05:43.679 | INFO     | pycaalp.time_balancing.model:run_mip:430 - Running MIP solver ...
      obj=0.878 (vs_full=-0.00%)  alpha=581.1s  build=6.354s solve=9.106s  vs_full=+0.00%
  [3d] Subgraph / blended  k=1000 …
2026-07-01 19:05:52.785 | INFO     | pycaalp.time_balancing.model:run_mip:430 - Running MIP solver ...
      obj=0.891 (vs_full=+1.48%)  alpha=581.1s  build=4.790s solve=3.664s  vs_full=+0.00%
  [3e] Subgraph / bl-union k=1000 …
2026-07-01 19:05:56.449 | INFO     | pycaalp.time_balancing.model:run_mip:430 - Running MIP solver ...
      obj=0.878 (vs_full=+0.00%)  alpha=581.1s  build=12.819s solve=16.326s  vs_full=+0.00%
  [3f] Subgraph / diverse  k=1000 …
2026-07-01 19:06:12.775 | INFO     | pycaalp.time_balancing.model:run_mip:430 - Running MIP solver ...
      obj=0.878 (vs_full=+0.00%)  alpha=581.1s  build=1.126s solve=87.932s  vs_full=+0.00%

k = 2000
  Subgraph edges — edge_w: 185 (16.7%)  bal_w: 292 (26.4%)  combined: 460 (41.6%)  blended: 204 (18.5%)  blended_union: 410 (37.1%)  diverse: 1105 (100.0%)
  [3a] Subgraph / edge_w   k=2000 …
2026-07-01 19:09:04.761 | INFO     | pycaalp.time_balancing.model:run_mip:430 - Running MIP solver ...
      obj=0.878 (vs_full=+0.00%)  alpha=581.1s  build=8.699s solve=2.331s  vs_full=+0.00%
  [3b] Subgraph / bal_w    k=2000 …
2026-07-01 19:09:07.092 | INFO     | pycaalp.time_balancing.model:run_mip:430 - Running MIP solver ...
      obj=0.985 (vs_full=+12.20%)  alpha=581.1s  build=6.841s solve=32.766s  vs_full=+0.00%
  [3c] Subgraph / combined k=2000 …
2026-07-01 19:09:39.859 | INFO     | pycaalp.time_balancing.model:run_mip:430 - Running MIP solver ...
      obj=0.878 (vs_full=+0.00%)  alpha=581.1s  build=16.440s solve=25.143s  vs_full=+0.00%
  [3d] Subgraph / blended  k=2000 …
2026-07-01 19:10:05.002 | INFO     | pycaalp.time_balancing.model:run_mip:430 - Running MIP solver ...
      obj=0.884 (vs_full=+0.71%)  alpha=574.6s  build=12.106s solve=4.427s  vs_full=-1.12%
  [3e] Subgraph / bl-union k=2000 …
2026-07-01 19:10:09.430 | INFO     | pycaalp.time_balancing.model:run_mip:430 - Running MIP solver ...
      obj=0.878 (vs_full=+0.00%)  alpha=581.1s  build=37.559s solve=29.473s  vs_full=+0.00%
  [3f] Subgraph / diverse  k=2000 …
2026-07-01 19:10:38.903 | INFO     | pycaalp.time_balancing.model:run_mip:430 - Running MIP solver ...
      obj=0.878 (vs_full=+0.00%)  alpha=581.1s  build=2.408s solve=101.707s  vs_full=+0.00%

k = 5000
  Subgraph edges — edge_w: 232 (21.0%)  bal_w: 431 (39.0%)  combined: 632 (57.2%)  blended: 353 (31.9%)  blended_union: 525 (47.5%)  diverse: 1105 (100.0%)
  [3a] Subgraph / edge_w   k=5000 …
2026-07-01 19:16:44.130 | INFO     | pycaalp.time_balancing.model:run_mip:430 - Running MIP solver ...
      obj=0.878 (vs_full=+0.00%)  alpha=581.1s  build=33.939s solve=3.039s  vs_full=+0.00%
  [3b] Subgraph / bal_w    k=5000 …
2026-07-01 19:16:47.169 | INFO     | pycaalp.time_balancing.model:run_mip:430 - Running MIP solver ...
      obj=0.954 (vs_full=+8.71%)  alpha=581.1s  build=25.575s solve=26.783s  vs_full=+0.00%
  [3c] Subgraph / combined k=5000 …
2026-07-01 19:17:13.953 | INFO     | pycaalp.time_balancing.model:run_mip:430 - Running MIP solver ...
      obj=0.878 (vs_full=+0.00%)  alpha=581.1s  build=60.898s solve=15.045s  vs_full=+0.00%
  [3d] Subgraph / blended  k=5000 …
2026-07-01 19:17:28.998 | INFO     | pycaalp.time_balancing.model:run_mip:430 - Running MIP solver ...
      obj=0.884 (vs_full=+0.71%)  alpha=574.6s  build=44.618s solve=6.043s  vs_full=-1.12%
  [3e] Subgraph / bl-union k=5000 …
2026-07-01 19:17:35.041 | INFO     | pycaalp.time_balancing.model:run_mip:430 - Running MIP solver ...
      obj=0.878 (vs_full=-0.00%)  alpha=581.1s  build=94.460s solve=39.903s  vs_full=+0.00%
  [3f] Subgraph / diverse  k=5000 …
2026-07-01 19:18:14.945 | INFO     | pycaalp.time_balancing.model:run_mip:430 - Running MIP solver ...
      obj=0.878 (vs_full=+0.00%)  alpha=581.1s  build=4.030s solve=64.301s  vs_full=+0.00%

Results saved to experiments/strategy_comparison/assembly_1_np_4/strategy_comparison_lambda_0.65.csv
Plot with:  python -m experiments.strategy_comparison.plot_k_sensitivity

============================================================================================================================
SUMMARY — assembly_1  P=4  λ=0.65
============================================================================================================================
Strategy       Weight                      k   Build    Solve    Total  Spdup       Obj   ObjvsF     Alpha    AlvsF   Edges  %Grph
----------------------------------------------------------------------------------------------------------------------------
full_mip       —                               0.000   95.765   95.765   1.0x     0.878    +0.00    581.12    +0.00    1105  100.0
subgraph_mip   edge_weight                 1   0.001    0.042    0.043 2208.2x     0.878    +0.03    584.04    +0.50      13    1.2
subgraph_mip   time_balanced_weight        1   0.001    0.109    0.110 870.4x     1.010   +15.10    597.84    +2.88      13    1.2
subgraph_mip   combined                    1   0.001    0.249    0.251 381.6x     0.878    +0.03    584.04    +0.50      26    2.4
subgraph_mip   blended                     1   0.002    0.134    0.135 707.4x     0.946    +7.83    574.62    -1.12      13    1.2
subgraph_mip   blended_union               1   0.024    1.350    1.375  69.7x     0.878    +0.03    584.04    +0.50      37    3.4
subgraph_mip   diverse                     1   0.008    0.188    0.196 489.5x     0.946    +7.83    574.62    -1.12      13    1.2
subgraph_mip   edge_weight                 2   0.007    0.171    0.178 538.2x     0.878    +0.03    584.04    +0.50      15    1.4
subgraph_mip   time_balanced_weight        2   0.003    0.058    0.061 1559.9x     1.010   +15.10    597.84    +2.88      15    1.4
subgraph_mip   combined                    2   0.006    0.436    0.443 216.3x     0.878    +0.03    584.04    +0.50      30    2.7
subgraph_mip   blended                     2   0.004    0.281    0.285 335.5x     0.946    +7.83    574.62    -1.12      15    1.4
subgraph_mip   blended_union               2   0.022    0.932    0.953 100.4x     0.878    +0.03    584.04    +0.50      43    3.9
subgraph_mip   diverse                     2   0.005    2.202    2.207  43.4x     0.903    +2.95    586.13    +0.86      26    2.4
subgraph_mip   edge_weight                 5   0.013    0.147    0.160 599.5x     0.878    +0.03    584.04    +0.50      21    1.9
subgraph_mip   time_balanced_weight        5   0.008    1.370    1.378  69.5x     1.000   +13.96    586.13    +0.86      27    2.4
subgraph_mip   combined                    5   0.033    0.361    0.395 242.7x     0.878    +0.03    584.04    +0.50      48    4.3
subgraph_mip   blended                     5   0.025    0.345    0.369 259.4x     0.946    +7.83    574.62    -1.12      19    1.7
subgraph_mip   blended_union               5   0.095    1.276    1.372  69.8x     0.878    +0.03    584.04    +0.50      60    5.4
subgraph_mip   diverse                     5   0.007    0.307    0.314 304.8x     0.903    +2.95    586.13    +0.86      65    5.9
subgraph_mip   edge_weight                10   0.035    0.174    0.208 459.4x     0.878    +0.03    584.04    +0.50      24    2.2
subgraph_mip   time_balanced_weight       10   0.016    0.377    0.394 243.2x     0.997   +13.57    586.13    +0.86      38    3.4
subgraph_mip   combined                   10   0.066    1.103    1.169  81.9x     0.878    +0.03    584.04    +0.50      62    5.6
subgraph_mip   blended                    10   0.034    0.534    0.568 168.7x     0.946    +7.83    574.62    -1.12      23    2.1
subgraph_mip   blended_union              10   0.093    0.880    0.973  98.5x     0.878    +0.03    584.04    +0.50      76    6.9
subgraph_mip   diverse                    10   0.010    0.675    0.685 139.8x     0.903    +2.95    586.13    +0.86     126   11.4
subgraph_mip   edge_weight                20   0.076    0.780    0.856 111.9x     0.878    +0.03    584.04    +0.50      35    3.2
subgraph_mip   time_balanced_weight       20   0.035    0.556    0.591 161.9x     0.997   +13.57    586.13    +0.86      42    3.8
subgraph_mip   combined                   20   0.141    0.718    0.859 111.5x     0.878    +0.03    584.04    +0.50      77    7.0
subgraph_mip   blended                    20   0.091    0.867    0.958 100.0x     0.946    +7.83    574.62    -1.12      28    2.5
subgraph_mip   blended_union              20   0.266    1.404    1.669  57.4x     0.878    +0.03    584.04    +0.50      92    8.3
subgraph_mip   diverse                    20   0.020    2.813    2.833  33.8x     0.880    +0.25    581.12    +0.00     239   21.6
subgraph_mip   edge_weight                50   0.210    1.484    1.694  56.5x     0.878    +0.03    584.04    +0.50      54    4.9
subgraph_mip   time_balanced_weight       50   0.118    1.404    1.522  62.9x     0.997   +13.57    586.13    +0.86      63    5.7
subgraph_mip   combined                   50   0.254    1.960    2.215  43.2x     0.878    +0.03    584.04    +0.50     116   10.5
subgraph_mip   blended                    50   0.183    0.632    0.815 117.5x     0.903    +2.95    586.13    +0.86      49    4.4
subgraph_mip   blended_union              50   0.650    1.180    1.830  52.3x     0.878    +0.03    584.04    +0.50     125   11.3
subgraph_mip   diverse                    50   0.055    9.375    9.430  10.2x     0.879    +0.12    581.12    +0.00     505   45.7
subgraph_mip   edge_weight               100   0.439    0.867    1.306  73.3x     0.878    +0.03    584.04    +0.50      78    7.1
subgraph_mip   time_balanced_weight      100   0.361    2.156    2.517  38.0x     0.996   +13.43    586.13    +0.86      86    7.8
subgraph_mip   combined                  100   0.682    2.453    3.135  30.6x     0.878    +0.03    584.04    +0.50     162   14.7
subgraph_mip   blended                   100   1.183    0.547    1.730  55.4x     0.903    +2.95    586.13    +0.86      65    5.9
subgraph_mip   blended_union             100   2.296    2.216    4.512  21.2x     0.878    +0.03    584.04    +0.50     153   13.8
subgraph_mip   diverse                   100   0.069   38.587   38.656   2.5x     0.879    +0.12    581.12    +0.00     741   67.1
subgraph_mip   edge_weight               200   0.647    1.427    2.075  46.2x     0.878    +0.03    584.04    +0.50      95    8.6
subgraph_mip   time_balanced_weight      200   0.457    1.461    1.918  49.9x     0.991   +12.96    586.13    +0.86     111   10.1
subgraph_mip   combined                  200   1.203    2.520    3.723  25.7x     0.878    +0.03    584.04    +0.50     202   18.3
subgraph_mip   blended                   200   1.428    0.469    1.898  50.5x     0.903    +2.95    586.13    +0.86      79    7.2
subgraph_mip   blended_union             200   2.497    2.699    5.197  18.4x     0.878    +0.03    584.04    +0.50     177   16.0
subgraph_mip   diverse                   200   0.221  146.525  146.746   0.7x     0.879    +0.12    581.12    +0.00     902   81.6
subgraph_mip   edge_weight               500   1.753    1.333    3.086  31.0x     0.878    +0.00    581.12    +0.00     108    9.8
subgraph_mip   time_balanced_weight      500   1.409    2.819    4.228  22.6x     0.986   +12.37    581.12    +0.00     153   13.8
subgraph_mip   combined                  500   2.858    3.245    6.103  15.7x     0.878    +0.00    581.12    +0.00     257   23.3
subgraph_mip   blended                   500   2.113    0.971    3.084  31.1x     0.903    +2.95    586.13    +0.86     100    9.1
subgraph_mip   blended_union             500   6.126    3.176    9.302  10.3x     0.878    -0.00    581.12    +0.00     245   22.2
subgraph_mip   diverse                   500   0.480  124.495  124.975   0.8x     0.878    -0.00    581.12    +0.00    1048   94.8
subgraph_mip   edge_weight              1000   3.255    2.366    5.622  17.0x     0.878    +0.00    581.12    +0.00     142   12.8
subgraph_mip   time_balanced_weight     1000   2.713   11.305   14.018   6.8x     0.985   +12.20    581.12    +0.00     211   19.1
subgraph_mip   combined                 1000   6.354    9.106   15.460   6.2x     0.878    -0.00    581.12    +0.00     346   31.3
subgraph_mip   blended                  1000   4.790    3.664    8.454  11.3x     0.891    +1.48    581.12    +0.00     136   12.3
subgraph_mip   blended_union            1000  12.819   16.326   29.145   3.3x     0.878    +0.00    581.12    +0.00     297   26.9
subgraph_mip   diverse                  1000   1.126   87.932   89.058   1.1x     0.878    +0.00    581.12    +0.00    1100   99.5
subgraph_mip   edge_weight              2000   8.699    2.331   11.031   8.7x     0.878    +0.00    581.12    +0.00     185   16.7
subgraph_mip   time_balanced_weight     2000   6.841   32.766   39.607   2.4x     0.985   +12.20    581.12    +0.00     292   26.4
subgraph_mip   combined                 2000  16.440   25.143   41.583   2.3x     0.878    +0.00    581.12    +0.00     460   41.6
subgraph_mip   blended                  2000  12.106    4.427   16.534   5.8x     0.884    +0.71    574.62    -1.12     204   18.5
subgraph_mip   blended_union            2000  37.559   29.473   67.033   1.4x     0.878    +0.00    581.12    +0.00     410   37.1
subgraph_mip   diverse                  2000   2.408  101.707  104.115   0.9x     0.878    +0.00    581.12    +0.00    1105  100.0
subgraph_mip   edge_weight              5000  33.939    3.039   36.978   2.6x     0.878    +0.00    581.12    +0.00     232   21.0
subgraph_mip   time_balanced_weight     5000  25.575   26.783   52.359   1.8x     0.954    +8.71    581.12    +0.00     431   39.0
subgraph_mip   combined                 5000  60.898   15.045   75.943   1.3x     0.878    +0.00    581.12    +0.00     632   57.2
subgraph_mip   blended                  5000  44.618    6.043   50.661   1.9x     0.884    +0.71    574.62    -1.12     353   31.9
subgraph_mip   blended_union            5000  94.460   39.903  134.363   0.7x     0.878    -0.00    581.12    +0.00     525   47.5
subgraph_mip   diverse                  5000   4.030   64.301   68.332   1.4x     0.878    +0.00    581.12    +0.00    1105  100.0
============================================================================================================================

----------------- λ = 0.7 -----------------
========================================================================
Strategy Comparison Experiment — assembly_1  P=4  λ=0.7
========================================================================

Building assembly digraph …
2026-07-01 18:56:39.237 | INFO     | pycaalp.gapp.assembly_digraph:compute_assembly_digraph_complete:395 - Computing assembly digraph...
  343 nodes, 1105 edges  (0.3s)

[1] Full MIP  P=4  λ=0.7
2026-07-01 18:56:39.550 | INFO     | pycaalp.time_balancing.model:run_mip:430 - Running MIP solver ...
presolving:
(round 1, fast)       2 del vars, 2 del conss, 0 add conss, 0 chg bounds, 0 chg sides, 0 chg coeffs, 0 upgd conss, 0 impls, 69 clqs, 0 implints
(round 2, exhaustive) 2 del vars, 2 del conss, 0 add conss, 1 chg bounds, 0 chg sides, 0 chg coeffs, 4525 upgd conss, 0 impls, 69 clqs, 0 implints
   (0.3s) probing: 1000/1207 (82.9%) - 0 fixings, 0 aggregations, 130891 implications, 0 bound changes
   (0.3s) probing: 1001/1207 (82.9%) - 0 fixings, 0 aggregations, 130966 implications, 0 bound changes
   (0.3s) probing aborted: 1000/1000 successive useless probings
   (0.3s) symmetry computation started: requiring (bin +, int +, cont +), (fixed: bin -, int -, cont -)
   (0.3s) no symmetry present (symcode time: 0.00)
presolving (3 rounds: 3 fast, 2 medium, 2 exhaustive):
 2 deleted vars, 2 deleted constraints, 0 added constraints, 1 tightened bounds, 0 added holes, 0 changed sides, 0 changed coefficients
 0 implications, 15690 cliques, 0 implied integral variables (0 bin, 0 int, 0 cont)
presolved problem has 1208 variables (1207 bin, 0 int, 1 cont) and 4839 constraints
     69 constraints of type <setppc>
    314 constraints of type <linear>
   4456 constraints of type <logicor>
Presolving Time: 0.30

 time | node  | left  |LP iter|LP it/n|mem/heur|mdpt |vars |cons |rows |cuts |sepa|confs|strbr|  dualbound   | primalbound  |  gap   | compl. 
p 0.4s|     1 |     0 |   126 |     - | vbounds|   0 |1208 |4867 |4839 |   0 |  0 |  27 |   0 | 0.000000e+00 | 1.160224e+00 |    Inf | unknown
  0.4s|     1 |     0 |   471 |     - |    34M |   0 |1208 |4867 |4839 |   0 |  0 |  27 |   0 | 8.329273e-01 | 1.160224e+00 |  39.29%| unknown
  0.7s|     1 |     0 |   484 |     - |    39M |   0 |1208 |4875 |4843 |   4 |  1 |  35 |   0 | 8.329273e-01 | 1.160224e+00 |  39.29%| unknown
  1.1s|     1 |     0 |   492 |     - |    46M |   0 |1208 |4881 |4846 |   7 |  2 |  41 |   0 | 8.329273e-01 | 1.160224e+00 |  39.29%| unknown
  1.6s|     1 |     0 |   503 |     - |    54M |   0 |1208 |4882 |4850 |  11 |  3 |  42 |   0 | 8.329273e-01 | 1.160224e+00 |  39.29%| unknown
  2.1s|     1 |     0 |   515 |     - |    60M |   0 |1208 |4886 |4853 |  14 |  4 |  46 |   0 | 8.329273e-01 | 1.160224e+00 |  39.29%| unknown
  2.4s|     1 |     0 |   525 |     - |    66M |   0 |1208 |4887 |4855 |  16 |  5 |  47 |   0 | 8.329273e-01 | 1.160224e+00 |  39.29%| unknown
  2.9s|     1 |     0 |   534 |     - |    73M |   0 |1208 |4897 |4858 |  19 |  6 |  57 |   0 | 8.329273e-01 | 1.160224e+00 |  39.29%| unknown
  3.3s|     1 |     0 |   540 |     - |    81M |   0 |1208 |4898 |4860 |  21 |  7 |  58 |   0 | 8.329273e-01 | 1.160224e+00 |  39.29%| unknown
  3.9s|     1 |     0 |   549 |     - |    89M |   0 |1208 |4901 |4863 |  24 |  8 |  67 |   0 | 8.329273e-01 | 1.160224e+00 |  39.29%| unknown
  4.4s|     1 |     0 |   565 |     - |    95M |   0 |1208 |4903 |4865 |  26 |  9 |  69 |   0 | 8.329273e-01 | 1.160224e+00 |  39.29%| unknown
  4.8s|     1 |     0 |   586 |     - |   106M |   0 |1208 |4913 |4867 |  28 | 10 |  79 |   0 | 8.329273e-01 | 1.160224e+00 |  39.29%| unknown
  4.8s|     1 |     0 |   587 |     - |   106M |   0 |1208 |4913 |4868 |  29 | 11 |  80 |   0 | 8.329273e-01 | 1.160224e+00 |  39.29%| unknown
d 4.9s|     1 |     0 |  1168 |     - |farkasdi|   0 |1208 |4913 |4868 |   0 | 11 |  81 |   0 | 8.329273e-01 | 9.860130e-01 |  18.38%| unknown
L 5.7s|     1 |     0 |  7027 |     - |    rens|   0 |1208 |4935 |4868 |  29 | 11 | 105 |   0 | 8.329273e-01 | 8.813992e-01 |   5.82%| unknown
 time | node  | left  |LP iter|LP it/n|mem/heur|mdpt |vars |cons |rows |cuts |sepa|confs|strbr|  dualbound   | primalbound  |  gap   | compl. 
  5.7s|     1 |     0 |  7027 |     - |   106M |   0 |1208 |4933 |4868 |  29 | 11 | 105 |   0 | 8.329273e-01 | 8.813992e-01 |   5.82%| unknown
  5.7s|     1 |     0 |  7027 |     - |   106M |   0 |1208 |4943 |4752 |  29 | 11 | 115 |   0 | 8.329273e-01 | 8.813992e-01 |   5.82%| unknown
  5.7s|     1 |     0 |  7034 |     - |   107M |   0 |1208 |4922 |4751 |  32 | 12 | 115 |   0 | 8.329273e-01 | 8.813992e-01 |   5.82%| unknown
  5.7s|     1 |     0 |  7043 |     - |   107M |   0 |1208 |4923 |4753 |  34 | 13 | 116 |   0 | 8.329273e-01 | 8.813992e-01 |   5.82%| unknown
  6.0s|     1 |     2 |  7054 |     - |   107M |   0 |1208 |4921 |4753 |  34 | 13 | 118 |  24 | 8.329478e-01 | 8.813992e-01 |   5.82%| unknown
 19.6s|   100 |    19 | 18681 | 183.9 |   157M |  14 |1208 |5243 |4731 | 270 |  3 | 926 |1574 | 8.330418e-01 | 8.813992e-01 |   5.80%|  62.07%
 28.1s|   200 |    32 | 26635 | 131.4 |   161M |  17 |1208 |5580 |4728 | 518 |  1 |1410 |2208 | 8.335163e-01 | 8.813992e-01 |   5.74%|  63.66%
 31.4s|   300 |    36 | 32356 | 106.6 |   163M |  20 |1208 |5718 |4720 | 590 |  2 |1779 |2612 | 8.335163e-01 | 8.813992e-01 |   5.74%|  63.88%
 36.4s|   400 |    32 | 38364 |  95.0 |   166M |  20 |1208 |5815 |4743 | 783 |  5 |2107 |2882 | 8.341786e-01 | 8.813992e-01 |   5.66%|  65.03%
 40.3s|   500 |    22 | 43354 |  85.9 |   170M |  20 |1208 |5924 |4732 | 932 |  0 |2422 |3081 | 8.391591e-01 | 8.813992e-01 |   5.03%|  68.96%
 45.5s|   600 |    51 | 46607 |  77.0 |   172M |  20 |1208 |6023 |4725 |1094 |  1 |2754 |3222 | 8.393668e-01 | 8.813992e-01 |   5.01%|  69.66%
 54.6s|   700 |    90 | 52736 |  74.8 |   179M |  20 |1208 |6186 |4726 |1478 |  2 |3197 |3431 | 8.393668e-01 | 8.813992e-01 |   5.01%|  69.82%
 59.5s|   800 |   116 | 56921 |  70.6 |   183M |  20 |1208 |6184 |4740 |1706 |  0 |3626 |3584 | 8.416938e-01 | 8.813992e-01 |   4.72%|  71.83%
 61.7s|   900 |   123 | 59689 |  65.9 |   184M |  20 |1208 |6416 |4738 |1758 |  1 |4200 |3813 | 8.433885e-01 | 8.813992e-01 |   4.51%|  73.15%
 64.9s|  1000 |   129 | 62749 |  62.3 |   186M |  20 |1208 |6520 |4735 |1876 |  1 |4669 |4012 | 8.445298e-01 | 8.813992e-01 |   4.37%|  74.02%
 time | node  | left  |LP iter|LP it/n|mem/heur|mdpt |vars |cons |rows |cuts |sepa|confs|strbr|  dualbound   | primalbound  |  gap   | compl. 
 69.1s|  1100 |   124 | 66908 |  60.4 |   188M |  20 |1208 |6657 |4739 |2052 |  2 |5241 |4237 | 8.466181e-01 | 8.813992e-01 |   4.11%|  75.61%
 73.5s|  1200 |   125 | 70407 |  58.3 |   190M |  20 |1208 |6658 |   0 |2222 |  0 |5681 |4408 | 8.528548e-01 | 8.813992e-01 |   3.35%|  79.88%
 76.2s|  1300 |   131 | 73572 |  56.3 |   193M |  20 |1208 |6520 |4730 |2338 |  2 |6090 |4517 | 8.531859e-01 | 8.813992e-01 |   3.31%|  80.27%
 77.0s|  1400 |   126 | 75464 |  53.6 |   194M |  20 |1208 |6590 |4733 |2338 |  4 |6478 |4629 | 8.536135e-01 | 8.813992e-01 |   3.26%|  80.71%
 78.3s|  1500 |   108 | 77430 |  51.3 |   194M |  20 |1208 |6735 |4740 |2371 |  1 |6867 |4723 | 8.537866e-01 | 8.813992e-01 |   3.23%|  80.95%
 79.1s|  1600 |    98 | 79698 |  49.5 |   195M |  20 |1208 |6979 |4740 |2371 |  2 |7299 |4835 | 8.538469e-01 | 8.813992e-01 |   3.23%|  81.08%
*79.1s|  1603 |    93 | 79803 |  49.5 |    LP  |  20 |1208 |6994 |4741 |2372 |  3 |7314 |4840 | 8.538469e-01 | 8.805103e-01 |   3.12%|  81.08%
 80.1s|  1700 |    82 | 81740 |  47.8 |   195M |  20 |1208 |6988 |4741 |2372 |  1 |7664 |4983 | 8.541883e-01 | 8.805103e-01 |   3.08%|  85.39%
 81.0s|  1800 |    55 | 83813 |  46.3 |   196M |  20 |1208 |6888 |4736 |2372 |  1 |8075 |5136 | 8.545875e-01 | 8.805103e-01 |   3.03%|  91.47%

SCIP Status        : problem is solved [optimal solution found]
Solving Time (sec) : 81.84
Solving Nodes      : 1889
Primal Bound       : +8.80510263722940e-01 (6 solutions)
Dual Bound         : +8.80510263722940e-01
Gap                : 0.00 %
objective value:                     0.88051026372294
x_('12_5', '13_1')                                  1 	(obj:0.00992510358493965)
x_('11_17', '12_5')                                 1 	(obj:0.00784733606557377)
x_('10_31', '11_17')                                1 	(obj:0.00862156695763253)
x_('9_42', '10_31')                                 1 	(obj:0.0203571428571429)
x_('8_45', '9_42')                                  1 	(obj:0.0135733801717408)
x_('7_37', '8_45')                                  1 	(obj:0.0146480532786885)
x_('6_35', '7_37')                                  1 	(obj:0.0160714285714286)
x_('5_30', '6_35')                                  1 	(obj:0.0115582552693208)
x_('4_25', '5_30')                                  1 	(obj:0.0277984777517564)
x_('3_18', '4_25')                                  1 	(obj:0.021056206088993)
x_('2_14', '3_18')                                  1 	(obj:0.0371487119437939)
x_('1_10', '2_14')                                  1 	(obj:0.0528266978922717)
x_('0_1', '1_10')                                   1 	(obj:0.0107142857142857)
y_0_0                                               1 	(obj:0)
y_1_0                                               1 	(obj:0)
y_2_0                                               1 	(obj:0)
y_3_1                                               1 	(obj:0)
y_4_1                                               1 	(obj:0)
y_5_1                                               1 	(obj:0)
y_6_2                                               1 	(obj:0)
y_7_2                                               1 	(obj:0)
y_8_2                                               1 	(obj:0)
y_9_2                                               1 	(obj:0)
y_10_3                                              1 	(obj:0)
y_11_3                                              1 	(obj:0)
y_12_3                                              1 	(obj:0)
z_('3268741', '3425762')_2                          1 	(obj:0)
z_('3268741', '1966592X')_1                         1 	(obj:0)
z_('1966592X', '3452192')_0                         1 	(obj:0)
z_('3452192', '1353870')_0                          1 	(obj:0)
z_('3452192', '3520162')_0                          1 	(obj:0)
z_('3520162', '3307092')_2                          1 	(obj:0)
z_('3520162', '3524054')_1                          1 	(obj:0)
z_('3268740', '3524054')_1                          1 	(obj:0)
z_('3524054', '3179975')_2                          1 	(obj:0)
z_('3179975', '3422998')_2                          1 	(obj:0)
z_('3422998', '2495223X')_3                         1 	(obj:0)
z_('3422998', '1353870_01')_3                       1 	(obj:0)
z_('2495223X', '2245784X')_3                        1 	(obj:0)
alpha                                3.50072289156626 	(obj:0.179495389106401)
  obj=0.880  alpha=581.1s  time=81.95s

k = 1
  Subgraph edges — edge_w: 13 (1.2%)  bal_w: 13 (1.2%)  combined: 26 (2.4%)  blended: 13 (1.2%)  blended_union: 37 (3.3%)  diverse: 13 (1.2%)
  [3a] Subgraph / edge_w   k=1 …
2026-07-01 18:58:01.523 | INFO     | pycaalp.time_balancing.model:run_mip:430 - Running MIP solver ...
      obj=0.881 (vs_full=+0.10%)  alpha=584.0s  build=0.001s solve=0.063s  vs_full=+0.50%
  [3b] Subgraph / bal_w    k=1 …
2026-07-01 18:58:01.586 | INFO     | pycaalp.time_balancing.model:run_mip:430 - Running MIP solver ...
      obj=0.998 (vs_full=+13.32%)  alpha=597.8s  build=0.001s solve=0.146s  vs_full=+2.88%
  [3c] Subgraph / combined k=1 …
2026-07-01 18:58:01.732 | INFO     | pycaalp.time_balancing.model:run_mip:430 - Running MIP solver ...
      obj=0.881 (vs_full=+0.10%)  alpha=584.0s  build=0.002s solve=0.262s  vs_full=+0.50%
  [3d] Subgraph / blended  k=1 …
2026-07-01 18:58:01.994 | INFO     | pycaalp.time_balancing.model:run_mip:430 - Running MIP solver ...
      obj=0.938 (vs_full=+6.53%)  alpha=574.6s  build=0.001s solve=0.173s  vs_full=-1.12%
  [3e] Subgraph / bl-union k=1 …
2026-07-01 18:58:02.167 | INFO     | pycaalp.time_balancing.model:run_mip:430 - Running MIP solver ...
      obj=0.881 (vs_full=+0.10%)  alpha=584.0s  build=0.012s solve=0.300s  vs_full=+0.50%
  [3f] Subgraph / diverse  k=1 …
2026-07-01 18:58:02.467 | INFO     | pycaalp.time_balancing.model:run_mip:430 - Running MIP solver ...
      obj=0.938 (vs_full=+6.53%)  alpha=574.6s  build=0.004s solve=0.123s  vs_full=-1.12%

k = 2
  Subgraph edges — edge_w: 15 (1.4%)  bal_w: 15 (1.4%)  combined: 30 (2.7%)  blended: 15 (1.4%)  blended_union: 43 (3.9%)  diverse: 26 (2.4%)
  [3a] Subgraph / edge_w   k=2 …
2026-07-01 18:58:02.692 | INFO     | pycaalp.time_balancing.model:run_mip:430 - Running MIP solver ...
      obj=0.881 (vs_full=+0.10%)  alpha=584.0s  build=0.004s solve=0.210s  vs_full=+0.50%
  [3b] Subgraph / bal_w    k=2 …
2026-07-01 18:58:02.903 | INFO     | pycaalp.time_balancing.model:run_mip:430 - Running MIP solver ...
      obj=0.998 (vs_full=+13.32%)  alpha=597.8s  build=0.007s solve=0.115s  vs_full=+2.88%
  [3c] Subgraph / combined k=2 …
2026-07-01 18:58:03.018 | INFO     | pycaalp.time_balancing.model:run_mip:430 - Running MIP solver ...
      obj=0.881 (vs_full=+0.10%)  alpha=584.0s  build=0.016s solve=0.321s  vs_full=+0.50%
  [3d] Subgraph / blended  k=2 …
2026-07-01 18:58:03.339 | INFO     | pycaalp.time_balancing.model:run_mip:430 - Running MIP solver ...
      obj=0.938 (vs_full=+6.53%)  alpha=574.6s  build=0.010s solve=0.238s  vs_full=-1.12%
  [3e] Subgraph / bl-union k=2 …
2026-07-01 18:58:03.577 | INFO     | pycaalp.time_balancing.model:run_mip:430 - Running MIP solver ...
      obj=0.881 (vs_full=+0.10%)  alpha=584.0s  build=0.051s solve=0.333s  vs_full=+0.50%
  [3f] Subgraph / diverse  k=2 …
2026-07-01 18:58:03.910 | INFO     | pycaalp.time_balancing.model:run_mip:430 - Running MIP solver ...
      obj=0.904 (vs_full=+2.64%)  alpha=586.1s  build=0.014s solve=0.196s  vs_full=+0.86%

k = 5
  Subgraph edges — edge_w: 21 (1.9%)  bal_w: 27 (2.4%)  combined: 48 (4.3%)  blended: 19 (1.7%)  blended_union: 60 (5.4%)  diverse: 65 (5.9%)
  [3a] Subgraph / edge_w   k=5 …
2026-07-01 18:58:04.244 | INFO     | pycaalp.time_balancing.model:run_mip:430 - Running MIP solver ...
      obj=0.881 (vs_full=+0.10%)  alpha=584.0s  build=0.013s solve=0.247s  vs_full=+0.50%
  [3b] Subgraph / bal_w    k=5 …
2026-07-01 18:58:04.491 | INFO     | pycaalp.time_balancing.model:run_mip:430 - Running MIP solver ...
      obj=0.987 (vs_full=+12.06%)  alpha=586.1s  build=0.008s solve=0.791s  vs_full=+0.86%
  [3c] Subgraph / combined k=5 …
2026-07-01 18:58:05.282 | INFO     | pycaalp.time_balancing.model:run_mip:430 - Running MIP solver ...
      obj=0.881 (vs_full=+0.10%)  alpha=584.0s  build=0.021s solve=0.666s  vs_full=+0.50%
  [3d] Subgraph / blended  k=5 …
2026-07-01 18:58:05.948 | INFO     | pycaalp.time_balancing.model:run_mip:430 - Running MIP solver ...
      obj=0.938 (vs_full=+6.53%)  alpha=574.6s  build=0.012s solve=0.159s  vs_full=-1.12%
  [3e] Subgraph / bl-union k=5 …
2026-07-01 18:58:06.107 | INFO     | pycaalp.time_balancing.model:run_mip:430 - Running MIP solver ...
      obj=0.881 (vs_full=+0.10%)  alpha=584.0s  build=0.069s solve=0.385s  vs_full=+0.50%
  [3f] Subgraph / diverse  k=5 …
2026-07-01 18:58:06.492 | INFO     | pycaalp.time_balancing.model:run_mip:430 - Running MIP solver ...
      obj=0.904 (vs_full=+2.64%)  alpha=586.1s  build=0.015s solve=0.627s  vs_full=+0.86%

k = 10
  Subgraph edges — edge_w: 24 (2.2%)  bal_w: 38 (3.4%)  combined: 62 (5.6%)  blended: 23 (2.1%)  blended_union: 76 (6.9%)  diverse: 126 (11.4%)
  [3a] Subgraph / edge_w   k=10 …
2026-07-01 18:58:07.397 | INFO     | pycaalp.time_balancing.model:run_mip:430 - Running MIP solver ...
      obj=0.881 (vs_full=+0.10%)  alpha=584.0s  build=0.027s solve=0.250s  vs_full=+0.50%
  [3b] Subgraph / bal_w    k=10 …
2026-07-01 18:58:07.646 | INFO     | pycaalp.time_balancing.model:run_mip:430 - Running MIP solver ...
      obj=0.984 (vs_full=+11.72%)  alpha=586.1s  build=0.016s solve=0.624s  vs_full=+0.86%
  [3c] Subgraph / combined k=10 …
2026-07-01 18:58:08.270 | INFO     | pycaalp.time_balancing.model:run_mip:430 - Running MIP solver ...
      obj=0.881 (vs_full=+0.10%)  alpha=584.0s  build=0.043s solve=0.939s  vs_full=+0.50%
  [3d] Subgraph / blended  k=10 …
2026-07-01 18:58:09.209 | INFO     | pycaalp.time_balancing.model:run_mip:430 - Running MIP solver ...
      obj=0.938 (vs_full=+6.53%)  alpha=574.6s  build=0.026s solve=0.384s  vs_full=-1.12%
  [3e] Subgraph / bl-union k=10 …
2026-07-01 18:58:09.594 | INFO     | pycaalp.time_balancing.model:run_mip:430 - Running MIP solver ...
      obj=0.881 (vs_full=+0.10%)  alpha=584.0s  build=0.153s solve=0.458s  vs_full=+0.50%
  [3f] Subgraph / diverse  k=10 …
2026-07-01 18:58:10.051 | INFO     | pycaalp.time_balancing.model:run_mip:430 - Running MIP solver ...
      obj=0.904 (vs_full=+2.64%)  alpha=586.1s  build=0.012s solve=1.093s  vs_full=+0.86%

k = 20
  Subgraph edges — edge_w: 35 (3.2%)  bal_w: 42 (3.8%)  combined: 77 (7.0%)  blended: 28 (2.5%)  blended_union: 92 (8.3%)  diverse: 239 (21.6%)
  [3a] Subgraph / edge_w   k=20 …
2026-07-01 18:58:11.762 | INFO     | pycaalp.time_balancing.model:run_mip:430 - Running MIP solver ...
      obj=0.881 (vs_full=+0.10%)  alpha=584.0s  build=0.084s solve=0.439s  vs_full=+0.50%
  [3b] Subgraph / bal_w    k=20 …
2026-07-01 18:58:12.201 | INFO     | pycaalp.time_balancing.model:run_mip:430 - Running MIP solver ...
      obj=0.984 (vs_full=+11.72%)  alpha=586.1s  build=0.036s solve=0.516s  vs_full=+0.86%
  [3c] Subgraph / combined k=20 …
2026-07-01 18:58:12.717 | INFO     | pycaalp.time_balancing.model:run_mip:430 - Running MIP solver ...
      obj=0.881 (vs_full=+0.10%)  alpha=584.0s  build=0.126s solve=2.576s  vs_full=+0.50%
  [3d] Subgraph / blended  k=20 …
2026-07-01 18:58:15.294 | INFO     | pycaalp.time_balancing.model:run_mip:430 - Running MIP solver ...
      obj=0.938 (vs_full=+6.53%)  alpha=574.6s  build=0.078s solve=0.338s  vs_full=-1.12%
  [3e] Subgraph / bl-union k=20 …
2026-07-01 18:58:15.632 | INFO     | pycaalp.time_balancing.model:run_mip:430 - Running MIP solver ...
      obj=0.881 (vs_full=+0.10%)  alpha=584.0s  build=0.261s solve=0.968s  vs_full=+0.50%
  [3f] Subgraph / diverse  k=20 …
2026-07-01 18:58:16.601 | INFO     | pycaalp.time_balancing.model:run_mip:430 - Running MIP solver ...
      obj=0.904 (vs_full=+2.64%)  alpha=586.1s  build=0.032s solve=2.307s  vs_full=+0.86%

k = 50
  Subgraph edges — edge_w: 54 (4.9%)  bal_w: 63 (5.7%)  combined: 116 (10.5%)  blended: 32 (2.9%)  blended_union: 125 (11.3%)  diverse: 507 (45.9%)
  [3a] Subgraph / edge_w   k=50 …
2026-07-01 18:58:20.356 | INFO     | pycaalp.time_balancing.model:run_mip:430 - Running MIP solver ...
      obj=0.881 (vs_full=+0.10%)  alpha=584.0s  build=0.201s solve=2.038s  vs_full=+0.50%
  [3b] Subgraph / bal_w    k=50 …
2026-07-01 18:58:22.393 | INFO     | pycaalp.time_balancing.model:run_mip:430 - Running MIP solver ...
      obj=0.984 (vs_full=+11.72%)  alpha=586.1s  build=0.070s solve=0.698s  vs_full=+0.86%
  [3c] Subgraph / combined k=50 …
2026-07-01 18:58:23.091 | INFO     | pycaalp.time_balancing.model:run_mip:430 - Running MIP solver ...
      obj=0.881 (vs_full=+0.10%)  alpha=584.0s  build=0.276s solve=1.454s  vs_full=+0.50%
  [3d] Subgraph / blended  k=50 …
2026-07-01 18:58:24.545 | INFO     | pycaalp.time_balancing.model:run_mip:430 - Running MIP solver ...
      obj=0.938 (vs_full=+6.53%)  alpha=574.6s  build=0.202s solve=0.933s  vs_full=-1.12%
  [3e] Subgraph / bl-union k=50 …
2026-07-01 18:58:25.478 | INFO     | pycaalp.time_balancing.model:run_mip:430 - Running MIP solver ...
      obj=0.881 (vs_full=+0.10%)  alpha=584.0s  build=0.669s solve=1.072s  vs_full=+0.50%
  [3f] Subgraph / diverse  k=50 …
2026-07-01 18:58:26.550 | INFO     | pycaalp.time_balancing.model:run_mip:430 - Running MIP solver ...
      obj=0.881 (vs_full=+0.11%)  alpha=581.1s  build=0.029s solve=13.901s  vs_full=+0.00%

k = 100
  Subgraph edges — edge_w: 78 (7.1%)  bal_w: 86 (7.8%)  combined: 162 (14.7%)  blended: 40 (3.6%)  blended_union: 153 (13.8%)  diverse: 747 (67.6%)
  [3a] Subgraph / edge_w   k=100 …
2026-07-01 18:58:43.867 | INFO     | pycaalp.time_balancing.model:run_mip:430 - Running MIP solver ...
      obj=0.881 (vs_full=+0.10%)  alpha=584.0s  build=0.684s solve=0.853s  vs_full=+0.50%
  [3b] Subgraph / bal_w    k=100 …
2026-07-01 18:58:44.720 | INFO     | pycaalp.time_balancing.model:run_mip:430 - Running MIP solver ...
      obj=0.983 (vs_full=+11.60%)  alpha=586.1s  build=0.318s solve=0.950s  vs_full=+0.86%
  [3c] Subgraph / combined k=100 …
2026-07-01 18:58:45.670 | INFO     | pycaalp.time_balancing.model:run_mip:430 - Running MIP solver ...
      obj=0.881 (vs_full=+0.10%)  alpha=584.0s  build=0.787s solve=3.258s  vs_full=+0.50%
  [3d] Subgraph / blended  k=100 …
2026-07-01 18:58:48.929 | INFO     | pycaalp.time_balancing.model:run_mip:430 - Running MIP solver ...
      obj=0.938 (vs_full=+6.53%)  alpha=574.6s  build=0.352s solve=0.567s  vs_full=-1.12%
  [3e] Subgraph / bl-union k=100 …
2026-07-01 18:58:49.496 | INFO     | pycaalp.time_balancing.model:run_mip:430 - Running MIP solver ...
      obj=0.881 (vs_full=+0.10%)  alpha=584.0s  build=1.187s solve=2.174s  vs_full=+0.50%
  [3f] Subgraph / diverse  k=100 …
2026-07-01 18:58:51.670 | INFO     | pycaalp.time_balancing.model:run_mip:430 - Running MIP solver ...
      obj=0.881 (vs_full=+0.10%)  alpha=581.1s  build=0.088s solve=41.406s  vs_full=+0.00%

k = 200
  Subgraph edges — edge_w: 95 (8.6%)  bal_w: 111 (10.0%)  combined: 202 (18.3%)  blended: 45 (4.1%)  blended_union: 177 (16.0%)  diverse: 905 (81.9%)
  [3a] Subgraph / edge_w   k=200 …
2026-07-01 18:59:38.426 | INFO     | pycaalp.time_balancing.model:run_mip:430 - Running MIP solver ...
      obj=0.881 (vs_full=+0.10%)  alpha=584.0s  build=0.688s solve=1.008s  vs_full=+0.50%
  [3b] Subgraph / bal_w    k=200 …
2026-07-01 18:59:39.434 | INFO     | pycaalp.time_balancing.model:run_mip:430 - Running MIP solver ...
      obj=0.979 (vs_full=+11.20%)  alpha=586.1s  build=0.371s solve=1.196s  vs_full=+0.86%
  [3c] Subgraph / combined k=200 …
2026-07-01 18:59:40.630 | INFO     | pycaalp.time_balancing.model:run_mip:430 - Running MIP solver ...
      obj=0.881 (vs_full=+0.10%)  alpha=584.0s  build=1.087s solve=4.234s  vs_full=+0.50%
  [3d] Subgraph / blended  k=200 …
2026-07-01 18:59:44.864 | INFO     | pycaalp.time_balancing.model:run_mip:430 - Running MIP solver ...
      obj=0.938 (vs_full=+6.53%)  alpha=574.6s  build=0.668s solve=0.448s  vs_full=-1.12%
  [3e] Subgraph / bl-union k=200 …
2026-07-01 18:59:45.312 | INFO     | pycaalp.time_balancing.model:run_mip:430 - Running MIP solver ...
      obj=0.881 (vs_full=+0.10%)  alpha=584.0s  build=2.340s solve=1.309s  vs_full=+0.50%
  [3f] Subgraph / diverse  k=200 …
2026-07-01 18:59:46.621 | INFO     | pycaalp.time_balancing.model:run_mip:430 - Running MIP solver ...
      obj=0.880 (vs_full=+0.00%)  alpha=581.1s  build=0.195s solve=106.916s  vs_full=+0.00%

k = 500
  Subgraph edges — edge_w: 108 (9.8%)  bal_w: 153 (13.8%)  combined: 257 (23.3%)  blended: 85 (7.7%)  blended_union: 245 (22.2%)  diverse: 1044 (94.5%)
  [3a] Subgraph / edge_w   k=500 …
2026-07-01 19:01:48.937 | INFO     | pycaalp.time_balancing.model:run_mip:430 - Running MIP solver ...
      obj=0.880 (vs_full=+0.00%)  alpha=581.1s  build=2.129s solve=1.310s  vs_full=+0.00%
  [3b] Subgraph / bal_w    k=500 …
2026-07-01 19:01:50.246 | INFO     | pycaalp.time_balancing.model:run_mip:430 - Running MIP solver ...
      obj=0.974 (vs_full=+10.57%)  alpha=581.1s  build=1.307s solve=6.514s  vs_full=+0.00%
  [3c] Subgraph / combined k=500 …
2026-07-01 19:01:56.760 | INFO     | pycaalp.time_balancing.model:run_mip:430 - Running MIP solver ...
      obj=0.880 (vs_full=+0.00%)  alpha=581.1s  build=3.052s solve=5.541s  vs_full=+0.00%
  [3d] Subgraph / blended  k=500 …
2026-07-01 19:02:02.301 | INFO     | pycaalp.time_balancing.model:run_mip:430 - Running MIP solver ...
      obj=0.904 (vs_full=+2.64%)  alpha=586.1s  build=2.152s solve=0.805s  vs_full=+0.86%
  [3e] Subgraph / bl-union k=500 …
2026-07-01 19:02:03.106 | INFO     | pycaalp.time_balancing.model:run_mip:430 - Running MIP solver ...
      obj=0.880 (vs_full=+0.00%)  alpha=581.1s  build=6.246s solve=5.515s  vs_full=+0.00%
  [3f] Subgraph / diverse  k=500 …
2026-07-01 19:02:08.622 | INFO     | pycaalp.time_balancing.model:run_mip:430 - Running MIP solver ...
      obj=0.880 (vs_full=+0.00%)  alpha=581.1s  build=0.513s solve=113.591s  vs_full=+0.00%

k = 1000
  Subgraph edges — edge_w: 142 (12.9%)  bal_w: 211 (19.1%)  combined: 346 (31.3%)  blended: 106 (9.6%)  blended_union: 297 (26.9%)  diverse: 1100 (99.5%)
  [3a] Subgraph / edge_w   k=1000 …
2026-07-01 19:04:32.461 | INFO     | pycaalp.time_balancing.model:run_mip:430 - Running MIP solver ...
      obj=0.880 (vs_full=+0.00%)  alpha=581.1s  build=3.495s solve=1.590s  vs_full=+0.00%
  [3b] Subgraph / bal_w    k=1000 …
2026-07-01 19:04:34.051 | INFO     | pycaalp.time_balancing.model:run_mip:430 - Running MIP solver ...
      obj=0.972 (vs_full=+10.42%)  alpha=581.1s  build=2.682s solve=13.888s  vs_full=+0.00%
  [3c] Subgraph / combined k=1000 …
2026-07-01 19:04:47.939 | INFO     | pycaalp.time_balancing.model:run_mip:430 - Running MIP solver ...
      obj=0.880 (vs_full=+0.00%)  alpha=581.1s  build=5.991s solve=6.556s  vs_full=+0.00%
  [3d] Subgraph / blended  k=1000 …
2026-07-01 19:04:54.495 | INFO     | pycaalp.time_balancing.model:run_mip:430 - Running MIP solver ...
      obj=0.904 (vs_full=+2.64%)  alpha=586.1s  build=4.737s solve=1.399s  vs_full=+0.86%
  [3e] Subgraph / bl-union k=1000 …
2026-07-01 19:04:55.895 | INFO     | pycaalp.time_balancing.model:run_mip:430 - Running MIP solver ...
      obj=0.880 (vs_full=+0.00%)  alpha=581.1s  build=12.347s solve=12.714s  vs_full=+0.00%
  [3f] Subgraph / diverse  k=1000 …
2026-07-01 19:05:08.609 | INFO     | pycaalp.time_balancing.model:run_mip:430 - Running MIP solver ...
      obj=0.880 (vs_full=+0.00%)  alpha=581.1s  build=0.996s solve=178.874s  vs_full=+0.00%

k = 2000
  Subgraph edges — edge_w: 185 (16.7%)  bal_w: 292 (26.4%)  combined: 460 (41.6%)  blended: 168 (15.2%)  blended_union: 410 (37.1%)  diverse: 1105 (100.0%)
  [3a] Subgraph / edge_w   k=2000 …
2026-07-01 19:09:18.241 | INFO     | pycaalp.time_balancing.model:run_mip:430 - Running MIP solver ...
      obj=0.880 (vs_full=+0.00%)  alpha=581.1s  build=8.154s solve=3.222s  vs_full=+0.00%
  [3b] Subgraph / bal_w    k=2000 …
2026-07-01 19:09:21.463 | INFO     | pycaalp.time_balancing.model:run_mip:430 - Running MIP solver ...
      obj=0.972 (vs_full=+10.42%)  alpha=581.1s  build=7.046s solve=21.653s  vs_full=+0.00%
  [3c] Subgraph / combined k=2000 …
2026-07-01 19:09:43.117 | INFO     | pycaalp.time_balancing.model:run_mip:430 - Running MIP solver ...
      obj=0.880 (vs_full=+0.00%)  alpha=581.1s  build=15.098s solve=7.579s  vs_full=+0.00%
  [3d] Subgraph / blended  k=2000 …
2026-07-01 19:09:50.696 | INFO     | pycaalp.time_balancing.model:run_mip:430 - Running MIP solver ...
      obj=0.904 (vs_full=+2.64%)  alpha=586.1s  build=11.109s solve=1.549s  vs_full=+0.86%
  [3e] Subgraph / bl-union k=2000 …
2026-07-01 19:09:52.244 | INFO     | pycaalp.time_balancing.model:run_mip:430 - Running MIP solver ...
      obj=0.880 (vs_full=+0.00%)  alpha=581.1s  build=27.047s solve=29.506s  vs_full=+0.00%
  [3f] Subgraph / diverse  k=2000 …
2026-07-01 19:10:21.750 | INFO     | pycaalp.time_balancing.model:run_mip:430 - Running MIP solver ...
      obj=0.880 (vs_full=+0.00%)  alpha=581.1s  build=2.303s solve=84.545s  vs_full=+0.00%

k = 5000
  Subgraph edges — edge_w: 232 (21.0%)  bal_w: 431 (39.0%)  combined: 632 (57.2%)  blended: 301 (27.2%)  blended_union: 525 (47.5%)  diverse: 1105 (100.0%)
  [3a] Subgraph / edge_w   k=5000 …
2026-07-01 19:16:12.353 | INFO     | pycaalp.time_balancing.model:run_mip:430 - Running MIP solver ...
      obj=0.880 (vs_full=+0.00%)  alpha=581.1s  build=30.992s solve=7.075s  vs_full=+0.00%
  [3b] Subgraph / bal_w    k=5000 …
2026-07-01 19:16:19.428 | INFO     | pycaalp.time_balancing.model:run_mip:430 - Running MIP solver ...
      obj=0.946 (vs_full=+7.45%)  alpha=581.1s  build=24.700s solve=32.198s  vs_full=+0.00%
  [3c] Subgraph / combined k=5000 …
2026-07-01 19:16:51.626 | INFO     | pycaalp.time_balancing.model:run_mip:430 - Running MIP solver ...
      obj=0.880 (vs_full=+0.00%)  alpha=581.1s  build=56.978s solve=33.781s  vs_full=+0.00%
  [3d] Subgraph / blended  k=5000 …
2026-07-01 19:17:25.408 | INFO     | pycaalp.time_balancing.model:run_mip:430 - Running MIP solver ...
      obj=0.884 (vs_full=+0.44%)  alpha=574.6s  build=45.050s solve=3.213s  vs_full=-1.12%
  [3e] Subgraph / bl-union k=5000 …
2026-07-01 19:17:28.621 | INFO     | pycaalp.time_balancing.model:run_mip:430 - Running MIP solver ...
      obj=0.880 (vs_full=+0.00%)  alpha=581.1s  build=103.545s solve=34.320s  vs_full=+0.00%
  [3f] Subgraph / diverse  k=5000 …
2026-07-01 19:18:02.940 | INFO     | pycaalp.time_balancing.model:run_mip:430 - Running MIP solver ...
      obj=0.880 (vs_full=+0.00%)  alpha=581.1s  build=4.792s solve=57.384s  vs_full=+0.00%

Results saved to experiments/strategy_comparison/assembly_1_np_4/strategy_comparison_lambda_0.7.csv
Plot with:  python -m experiments.strategy_comparison.plot_k_sensitivity

============================================================================================================================
SUMMARY — assembly_1  P=4  λ=0.7
============================================================================================================================
Strategy       Weight                      k   Build    Solve    Total  Spdup       Obj   ObjvsF     Alpha    AlvsF   Edges  %Grph
----------------------------------------------------------------------------------------------------------------------------
full_mip       —                               0.000   81.952   81.952   1.0x     0.880    +0.00    581.12    +0.00    1105  100.0
subgraph_mip   edge_weight                 1   0.001    0.063    0.065 1267.7x     0.881    +0.10    584.04    +0.50      13    1.2
subgraph_mip   time_balanced_weight        1   0.001    0.146    0.147 558.7x     0.998   +13.32    597.84    +2.88      13    1.2
subgraph_mip   combined                    1   0.002    0.262    0.263 311.4x     0.881    +0.10    584.04    +0.50      26    2.4
subgraph_mip   blended                     1   0.001    0.173    0.174 470.8x     0.938    +6.53    574.62    -1.12      13    1.2
subgraph_mip   blended_union               1   0.012    0.300    0.312 263.1x     0.881    +0.10    584.04    +0.50      37    3.4
subgraph_mip   diverse                     1   0.004    0.123    0.127 644.2x     0.938    +6.53    574.62    -1.12      13    1.2
subgraph_mip   edge_weight                 2   0.004    0.210    0.215 381.5x     0.881    +0.10    584.04    +0.50      15    1.4
subgraph_mip   time_balanced_weight        2   0.007    0.115    0.122 672.9x     0.998   +13.32    597.84    +2.88      15    1.4
subgraph_mip   combined                    2   0.016    0.321    0.337 243.3x     0.881    +0.10    584.04    +0.50      30    2.7
subgraph_mip   blended                     2   0.010    0.238    0.247 331.2x     0.938    +6.53    574.62    -1.12      15    1.4
subgraph_mip   blended_union               2   0.051    0.333    0.385 213.1x     0.881    +0.10    584.04    +0.50      43    3.9
subgraph_mip   diverse                     2   0.014    0.196    0.210 391.0x     0.904    +2.64    586.13    +0.86      26    2.4
subgraph_mip   edge_weight                 5   0.013    0.247    0.260 315.3x     0.881    +0.10    584.04    +0.50      21    1.9
subgraph_mip   time_balanced_weight        5   0.008    0.791    0.799 102.6x     0.987   +12.06    586.13    +0.86      27    2.4
subgraph_mip   combined                    5   0.021    0.666    0.686 119.4x     0.881    +0.10    584.04    +0.50      48    4.3
subgraph_mip   blended                     5   0.012    0.159    0.171 478.4x     0.938    +6.53    574.62    -1.12      19    1.7
subgraph_mip   blended_union               5   0.069    0.385    0.453 180.8x     0.881    +0.10    584.04    +0.50      60    5.4
subgraph_mip   diverse                     5   0.015    0.627    0.642 127.7x     0.904    +2.64    586.13    +0.86      65    5.9
subgraph_mip   edge_weight                10   0.027    0.250    0.277 295.9x     0.881    +0.10    584.04    +0.50      24    2.2
subgraph_mip   time_balanced_weight       10   0.016    0.624    0.640 128.0x     0.984   +11.72    586.13    +0.86      38    3.4
subgraph_mip   combined                   10   0.043    0.939    0.982  83.5x     0.881    +0.10    584.04    +0.50      62    5.6
subgraph_mip   blended                    10   0.026    0.384    0.410 199.7x     0.938    +6.53    574.62    -1.12      23    2.1
subgraph_mip   blended_union              10   0.153    0.458    0.610 134.3x     0.881    +0.10    584.04    +0.50      76    6.9
subgraph_mip   diverse                    10   0.012    1.093    1.105  74.2x     0.904    +2.64    586.13    +0.86     126   11.4
subgraph_mip   edge_weight                20   0.084    0.439    0.523 156.7x     0.881    +0.10    584.04    +0.50      35    3.2
subgraph_mip   time_balanced_weight       20   0.036    0.516    0.552 148.5x     0.984   +11.72    586.13    +0.86      42    3.8
subgraph_mip   combined                   20   0.126    2.576    2.703  30.3x     0.881    +0.10    584.04    +0.50      77    7.0
subgraph_mip   blended                    20   0.078    0.338    0.416 197.1x     0.938    +6.53    574.62    -1.12      28    2.5
subgraph_mip   blended_union              20   0.261    0.968    1.230  66.6x     0.881    +0.10    584.04    +0.50      92    8.3
subgraph_mip   diverse                    20   0.032    2.307    2.339  35.0x     0.904    +2.64    586.13    +0.86     239   21.6
subgraph_mip   edge_weight                50   0.201    2.038    2.239  36.6x     0.881    +0.10    584.04    +0.50      54    4.9
subgraph_mip   time_balanced_weight       50   0.070    0.698    0.768 106.7x     0.984   +11.72    586.13    +0.86      63    5.7
subgraph_mip   combined                   50   0.276    1.454    1.730  47.4x     0.881    +0.10    584.04    +0.50     116   10.5
subgraph_mip   blended                    50   0.202    0.933    1.134  72.2x     0.938    +6.53    574.62    -1.12      32    2.9
subgraph_mip   blended_union              50   0.669    1.072    1.741  47.1x     0.881    +0.10    584.04    +0.50     125   11.3
subgraph_mip   diverse                    50   0.029   13.901   13.930   5.9x     0.881    +0.11    581.12    +0.00     507   45.9
subgraph_mip   edge_weight               100   0.684    0.853    1.537  53.3x     0.881    +0.10    584.04    +0.50      78    7.1
subgraph_mip   time_balanced_weight      100   0.318    0.950    1.268  64.6x     0.983   +11.60    586.13    +0.86      86    7.8
subgraph_mip   combined                  100   0.787    3.258    4.044  20.3x     0.881    +0.10    584.04    +0.50     162   14.7
subgraph_mip   blended                   100   0.352    0.567    0.919  89.1x     0.938    +6.53    574.62    -1.12      40    3.6
subgraph_mip   blended_union             100   1.187    2.174    3.361  24.4x     0.881    +0.10    584.04    +0.50     153   13.8
subgraph_mip   diverse                   100   0.088   41.406   41.494   2.0x     0.881    +0.10    581.12    +0.00     747   67.6
subgraph_mip   edge_weight               200   0.688    1.008    1.696  48.3x     0.881    +0.10    584.04    +0.50      95    8.6
subgraph_mip   time_balanced_weight      200   0.371    1.196    1.567  52.3x     0.979   +11.20    586.13    +0.86     111   10.1
subgraph_mip   combined                  200   1.087    4.234    5.321  15.4x     0.881    +0.10    584.04    +0.50     202   18.3
subgraph_mip   blended                   200   0.668    0.448    1.116  73.5x     0.938    +6.53    574.62    -1.12      45    4.1
subgraph_mip   blended_union             200   2.340    1.309    3.649  22.5x     0.881    +0.10    584.04    +0.50     177   16.0
subgraph_mip   diverse                   200   0.195  106.916  107.112   0.8x     0.880    +0.00    581.12    +0.00     905   81.9
subgraph_mip   edge_weight               500   2.129    1.310    3.438  23.8x     0.880    +0.00    581.12    +0.00     108    9.8
subgraph_mip   time_balanced_weight      500   1.307    6.514    7.821  10.5x     0.974   +10.57    581.12    +0.00     153   13.8
subgraph_mip   combined                  500   3.052    5.541    8.592   9.5x     0.880    +0.00    581.12    +0.00     257   23.3
subgraph_mip   blended                   500   2.152    0.805    2.957  27.7x     0.904    +2.64    586.13    +0.86      85    7.7
subgraph_mip   blended_union             500   6.246    5.515   11.761   7.0x     0.880    +0.00    581.12    +0.00     245   22.2
subgraph_mip   diverse                   500   0.513  113.591  114.104   0.7x     0.880    +0.00    581.12    +0.00    1044   94.5
subgraph_mip   edge_weight              1000   3.495    1.590    5.085  16.1x     0.880    +0.00    581.12    +0.00     142   12.8
subgraph_mip   time_balanced_weight     1000   2.682   13.888   16.570   5.0x     0.972   +10.42    581.12    +0.00     211   19.1
subgraph_mip   combined                 1000   5.991    6.556   12.548   6.5x     0.880    +0.00    581.12    +0.00     346   31.3
subgraph_mip   blended                  1000   4.737    1.399    6.137  13.3x     0.904    +2.64    586.13    +0.86     106    9.6
subgraph_mip   blended_union            1000  12.347   12.714   25.061   3.3x     0.880    +0.00    581.12    +0.00     297   26.9
subgraph_mip   diverse                  1000   0.996  178.874  179.870   0.5x     0.880    +0.00    581.12    +0.00    1100   99.5
subgraph_mip   edge_weight              2000   8.154    3.222   11.377   7.2x     0.880    +0.00    581.12    +0.00     185   16.7
subgraph_mip   time_balanced_weight     2000   7.046   21.653   28.699   2.9x     0.972   +10.42    581.12    +0.00     292   26.4
subgraph_mip   combined                 2000  15.098    7.579   22.677   3.6x     0.880    +0.00    581.12    +0.00     460   41.6
subgraph_mip   blended                  2000  11.109    1.549   12.658   6.5x     0.904    +2.64    586.13    +0.86     168   15.2
subgraph_mip   blended_union            2000  27.047   29.506   56.553   1.4x     0.880    +0.00    581.12    +0.00     410   37.1
subgraph_mip   diverse                  2000   2.303   84.545   86.848   0.9x     0.880    +0.00    581.12    +0.00    1105  100.0
subgraph_mip   edge_weight              5000  30.992    7.075   38.067   2.1x     0.880    +0.00    581.12    +0.00     232   21.0
subgraph_mip   time_balanced_weight     5000  24.700   32.198   56.898   1.4x     0.946    +7.45    581.12    +0.00     431   39.0
subgraph_mip   combined                 5000  56.978   33.781   90.759   0.9x     0.880    +0.00    581.12    +0.00     632   57.2
subgraph_mip   blended                  5000  45.050    3.213   48.263   1.7x     0.884    +0.44    574.62    -1.12     301   27.2
subgraph_mip   blended_union            5000 103.545   34.320  137.865   0.6x     0.880    +0.00    581.12    +0.00     525   47.5
subgraph_mip   diverse                  5000   4.792   57.384   62.176   1.3x     0.880    +0.00    581.12    +0.00    1105  100.0
============================================================================================================================

----------------- λ = 0.75 -----------------
========================================================================
Strategy Comparison Experiment — assembly_1  P=4  λ=0.75
========================================================================

Building assembly digraph …
2026-07-01 18:56:39.195 | INFO     | pycaalp.gapp.assembly_digraph:compute_assembly_digraph_complete:395 - Computing assembly digraph...
  343 nodes, 1105 edges  (0.3s)

[1] Full MIP  P=4  λ=0.75
2026-07-01 18:56:39.540 | INFO     | pycaalp.time_balancing.model:run_mip:430 - Running MIP solver ...
presolving:
(round 1, fast)       2 del vars, 2 del conss, 0 add conss, 0 chg bounds, 0 chg sides, 0 chg coeffs, 0 upgd conss, 0 impls, 69 clqs, 0 implints
(round 2, exhaustive) 2 del vars, 2 del conss, 0 add conss, 1 chg bounds, 0 chg sides, 0 chg coeffs, 4525 upgd conss, 0 impls, 69 clqs, 0 implints
   (0.3s) probing: 1000/1207 (82.9%) - 0 fixings, 0 aggregations, 130891 implications, 0 bound changes
   (0.3s) probing: 1001/1207 (82.9%) - 0 fixings, 0 aggregations, 130966 implications, 0 bound changes
   (0.3s) probing aborted: 1000/1000 successive useless probings
   (0.3s) symmetry computation started: requiring (bin +, int +, cont +), (fixed: bin -, int -, cont -)
   (0.3s) no symmetry present (symcode time: 0.00)
presolving (3 rounds: 3 fast, 2 medium, 2 exhaustive):
 2 deleted vars, 2 deleted constraints, 0 added constraints, 1 tightened bounds, 0 added holes, 0 changed sides, 0 changed coefficients
 0 implications, 15690 cliques, 0 implied integral variables (0 bin, 0 int, 0 cont)
presolved problem has 1208 variables (1207 bin, 0 int, 1 cont) and 4839 constraints
     69 constraints of type <setppc>
    314 constraints of type <linear>
   4456 constraints of type <logicor>
Presolving Time: 0.31

 time | node  | left  |LP iter|LP it/n|mem/heur|mdpt |vars |cons |rows |cuts |sepa|confs|strbr|  dualbound   | primalbound  |  gap   | compl. 
p 0.4s|     1 |     0 |   128 |     - | vbounds|   0 |1208 |4867 |4839 |   0 |  0 |  27 |   0 | 0.000000e+00 | 1.160491e+00 |    Inf | unknown
  0.4s|     1 |     0 |   473 |     - |    34M |   0 |1208 |4867 |4839 |   0 |  0 |  27 |   0 | 8.329273e-01 | 1.160491e+00 |  39.33%| unknown
  0.7s|     1 |     0 |   486 |     - |    39M |   0 |1208 |4875 |4843 |   4 |  1 |  35 |   0 | 8.329273e-01 | 1.160491e+00 |  39.33%| unknown
  1.2s|     1 |     0 |   495 |     - |    43M |   0 |1208 |4876 |4845 |   6 |  2 |  36 |   0 | 8.329273e-01 | 1.160491e+00 |  39.33%| unknown
  1.8s|     1 |     0 |   541 |     - |    49M |   0 |1208 |4880 |4849 |  10 |  3 |  40 |   0 | 8.329273e-01 | 1.160491e+00 |  39.33%| unknown
  2.2s|     1 |     0 |   549 |     - |    54M |   0 |1208 |4889 |4853 |  14 |  4 |  49 |   0 | 8.329273e-01 | 1.160491e+00 |  39.33%| unknown
  2.6s|     1 |     0 |   557 |     - |    63M |   0 |1208 |4891 |4856 |  17 |  5 |  51 |   0 | 8.329273e-01 | 1.160491e+00 |  39.33%| unknown
  2.9s|     1 |     0 |   576 |     - |    70M |   0 |1208 |4899 |4859 |  20 |  6 |  61 |   0 | 8.329273e-01 | 1.160491e+00 |  39.33%| unknown
  3.3s|     1 |     0 |   587 |     - |    79M |   0 |1208 |4906 |4861 |  22 |  7 |  69 |   0 | 8.329273e-01 | 1.160491e+00 |  39.33%| unknown
  3.6s|     1 |     0 |   608 |     - |    87M |   0 |1208 |4907 |4863 |  24 |  8 |  70 |   0 | 8.329273e-01 | 1.160491e+00 |  39.33%| unknown
  4.1s|     1 |     0 |   615 |     - |    94M |   0 |1208 |4916 |4867 |  28 |  9 |  80 |   0 | 8.329273e-01 | 1.160491e+00 |  39.33%| unknown
  4.5s|     1 |     0 |   648 |     - |   101M |   0 |1208 |4925 |4869 |  30 | 10 |  90 |   0 | 8.329273e-01 | 1.160491e+00 |  39.33%| unknown
  4.6s|     1 |     0 |   650 |     - |   101M |   0 |1208 |4927 |4871 |  32 | 11 |  92 |   0 | 8.329273e-01 | 1.160491e+00 |  39.33%| unknown
  5.1s|     1 |     2 |  1980 |     - |   102M |   0 |1208 |4947 |4871 |  32 | 11 | 122 |  23 | 8.329443e-01 | 1.160491e+00 |  39.32%| unknown
* 5.6s|     9 |     8 |  2135 | 201.6 |strongbr|   8 |1208 |4945 |4842 |  32 |  4 | 122 | 108 | 8.329443e-01 | 9.770979e-01 |  17.31%| unknown
 time | node  | left  |LP iter|LP it/n|mem/heur|mdpt |vars |cons |rows |cuts |sepa|confs|strbr|  dualbound   | primalbound  |  gap   | compl. 
* 6.3s|    15 |    10 |  2399 | 134.1 |    LP  |  12 |1208 |4969 |4846 |  42 |  5 | 150 | 205 | 8.329443e-01 | 9.770281e-01 |  17.30%| unknown
 21.6s|   100 |    44 | 13986 | 136.0 |   142M |  17 |1208 |5285 |4851 | 206 |  1 | 705 |1903 | 8.329443e-01 | 9.770281e-01 |  17.30%|   5.39%
 32.8s|   200 |    93 | 23105 | 113.5 |   146M |  17 |1208 |5547 |4853 | 482 |  3 |1140 |2467 | 8.329443e-01 | 9.770281e-01 |  17.30%|   5.82%
L34.1s|   215 |    62 | 24272 | 111.0 |crossove|  17 |1208 |5653 |4843 | 527 |  1 |1266 |2525 | 8.329443e-01 | 8.848615e-01 |   6.23%|   6.21%
 38.6s|   300 |    85 | 29626 |  97.3 |   148M |  21 |1208 |5629 |4842 | 680 |  1 |1401 |2635 | 8.329443e-01 | 8.848615e-01 |   6.23%|  11.38%
 42.0s|   400 |   125 | 34427 |  85.0 |   149M |  22 |1208 |5665 |4858 | 880 |  2 |1483 |2689 | 8.329443e-01 | 8.848615e-01 |   6.23%|  12.66%
L43.6s|   438 |   132 | 35901 |  81.0 |    rins|  22 |1208 |5661 |4853 | 953 |  1 |1502 |2692 | 8.329443e-01 | 8.833689e-01 |   6.05%|  13.26%
 45.5s|   500 |   149 | 38553 |  76.2 |   153M |  22 |1208 |5686 |4849 |1045 |  1 |1560 |2721 | 8.329443e-01 | 8.833689e-01 |   6.05%|  13.68%
 50.0s|   600 |   171 | 45428 |  75.0 |   156M |  22 |1208 |5738 |4851 |1213 |  1 |1750 |2861 | 8.329443e-01 | 8.833689e-01 |   6.05%|  16.69%
 51.4s|   700 |   197 | 47509 |  67.2 |   156M |  26 |1208 |5853 |4860 |1314 |  1 |1886 |2902 | 8.329443e-01 | 8.833689e-01 |   6.05%|  16.80%
 52.1s|   800 |   211 | 49468 |  61.3 |   157M |  29 |1208 |5929 |4853 |1355 |  1 |2021 |2942 | 8.329443e-01 | 8.833689e-01 |   6.05%|  16.89%
 54.8s|   900 |   249 | 53691 |  59.1 |   163M |  29 |1208 |5973 |4857 |1470 |  2 |2170 |2996 | 8.329580e-01 | 8.833689e-01 |   6.05%|  17.31%
 57.6s|  1000 |   284 | 58323 |  57.9 |   164M |  29 |1208 |5998 |4850 |1557 |  1 |2330 |3125 | 8.329635e-01 | 8.833689e-01 |   6.05%|  17.55%
 66.0s|  1100 |   342 | 65323 |  59.0 |   169M |  29 |1208 |5954 |4859 |1932 |  1 |2586 |3216 | 8.330586e-01 | 8.833689e-01 |   6.04%|  18.03%
 74.4s|  1200 |   393 | 73951 |  61.2 |   172M |  29 |1208 |5962 |4849 |2251 |  2 |2853 |3299 | 8.330824e-01 | 8.833689e-01 |   6.04%|  18.39%
 time | node  | left  |LP iter|LP it/n|mem/heur|mdpt |vars |cons |rows |cuts |sepa|confs|strbr|  dualbound   | primalbound  |  gap   | compl. 
 81.6s|  1300 |   422 | 84063 |  64.3 |   174M |  29 |1208 |6088 |4854 |2529 |  1 |3225 |3475 | 8.330970e-01 | 8.833689e-01 |   6.03%|  20.70%
 84.5s|  1400 |   470 | 89576 |  63.7 |   176M |  29 |1208 |6358 |4846 |2691 |  1 |3718 |3552 | 8.331153e-01 | 8.833689e-01 |   6.03%|  22.56%
 90.6s|  1500 |   512 | 96996 |  64.4 |   177M |  29 |1208 |6422 |4857 |2916 |  1 |4164 |3683 | 8.331291e-01 | 8.833689e-01 |   6.03%|  23.71%
 95.2s|  1600 |   542 |101241 |  63.0 |   180M |  29 |1208 |6464 |   0 |3082 |  0 |4443 |3771 | 8.331586e-01 | 8.833689e-01 |   6.03%|  24.61%
 98.8s|  1700 |   573 |106105 |  62.1 |   180M |  29 |1208 |6524 |   0 |3225 |  0 |4897 |3917 | 8.331860e-01 | 8.833689e-01 |   6.02%|  28.30%
  103s|  1800 |   581 |113538 |  62.8 |   181M |  29 |1208 |6349 |4851 |3440 |  1 |5139 |4031 | 8.332050e-01 | 8.833689e-01 |   6.02%|  30.88%
  108s|  1900 |   597 |121342 |  63.6 |   184M |  29 |1208 |6456 |4852 |3567 |  6 |5569 |4234 | 8.332320e-01 | 8.833689e-01 |   6.02%|  32.53%
  111s|  2000 |   619 |126037 |  62.8 |   185M |  29 |1208 |6292 |   0 |3654 |  0 |5837 |4354 | 8.332513e-01 | 8.833689e-01 |   6.01%|  33.89%
  115s|  2100 |   632 |131622 |  62.5 |   187M |  29 |1208 |6158 |4853 |3828 |  0 |6150 |4469 | 8.332918e-01 | 8.833689e-01 |   6.01%|  36.83%
  120s|  2200 |   648 |137642 |  62.4 |   195M |  29 |1208 |6129 |   0 |3997 |  0 |6364 |4531 | 8.333104e-01 | 8.833689e-01 |   6.01%|  38.40%
  122s|  2300 |   674 |141577 |  61.4 |   196M |  29 |1208 |6209 |4866 |4031 |  6 |6646 |4581 | 8.333993e-01 | 8.833689e-01 |   6.00%|  40.94%
  124s|  2400 |   676 |146510 |  60.9 |   196M |  29 |1208 |6313 |4854 |4106 |  1 |7054 |4706 | 8.334019e-01 | 8.833689e-01 |   6.00%|  43.55%
  126s|  2500 |   706 |151476 |  60.4 |   197M |  29 |1208 |6451 |4869 |4184 |  6 |7472 |4788 | 8.334742e-01 | 8.833689e-01 |   5.99%|  43.82%
  130s|  2600 |   719 |156572 |  60.0 |   198M |  29 |1208 |6440 |4851 |4268 | 10 |7887 |4912 | 8.335281e-01 | 8.833689e-01 |   5.98%|  46.75%
  133s|  2700 |   733 |161029 |  59.5 |   199M |  29 |1208 |6411 |   0 |4374 |  0 |8133 |4991 | 8.335639e-01 | 8.833689e-01 |   5.97%|  48.18%
 time | node  | left  |LP iter|LP it/n|mem/heur|mdpt |vars |cons |rows |cuts |sepa|confs|strbr|  dualbound   | primalbound  |  gap   | compl. 
  136s|  2800 |   741 |166730 |  59.4 |   202M |  29 |1208 |6404 |4845 |4418 |  2 |8385 |5144 | 8.337276e-01 | 8.833689e-01 |   5.95%|  49.26%
  142s|  2900 |   755 |171653 |  59.0 |   202M |  29 |1208 |6447 |4854 |4535 |  2 |8636 |5295 | 8.337421e-01 | 8.833689e-01 |   5.95%|  50.43%
  144s|  3000 |   776 |176020 |  58.5 |   202M |  29 |1208 |6447 |4857 |4600 |  1 |8829 |5327 | 8.337776e-01 | 8.833689e-01 |   5.95%|  52.30%
  146s|  3100 |   805 |180288 |  58.0 |   203M |  29 |1208 |6365 |4878 |4651 |  9 |9013 |5376 | 8.338561e-01 | 8.833689e-01 |   5.94%|  53.85%
  149s|  3200 |   825 |186074 |  58.0 |   204M |  29 |1208 |6487 |4856 |4754 |  0 |9355 |5509 | 8.339440e-01 | 8.833689e-01 |   5.93%|  55.62%
  151s|  3300 |   833 |190121 |  57.5 |   204M |  29 |1208 |6594 |4853 |4795 |  1 |9600 |5568 | 8.340065e-01 | 8.833689e-01 |   5.92%|  56.26%
  152s|  3400 |   857 |194471 |  57.1 |   205M |  29 |1208 |6617 |4849 |4868 |  2 |9810 |5619 | 8.340707e-01 | 8.833689e-01 |   5.91%|  56.47%
  153s|  3500 |   862 |198852 |  56.7 |   206M |  29 |1208 |6618 |4862 |4931 |  3 |9990 |5657 | 8.341666e-01 | 8.833689e-01 |   5.90%|  56.78%
  155s|  3600 |   871 |202885 |  56.2 |   206M |  29 |1208 |6585 |   0 |4999 |  0 |  10k|5702 | 8.341702e-01 | 8.833689e-01 |   5.90%|  57.48%
  159s|  3700 |   885 |208835 |  56.3 |   207M |  29 |1208 |6639 |4859 |5115 |  2 |  10k|5844 | 8.342851e-01 | 8.833689e-01 |   5.88%|  59.28%
  162s|  3800 |   891 |213245 |  56.0 |   207M |  29 |1208 |6624 |4852 |5203 |  0 |  10k|5896 | 8.342969e-01 | 8.833689e-01 |   5.88%|  59.90%
  164s|  3900 |   902 |217919 |  55.8 |   209M |  29 |1208 |6694 |4860 |5283 |  1 |  10k|5981 | 8.343666e-01 | 8.833689e-01 |   5.87%|  60.46%
  165s|  4000 |   915 |220583 |  55.0 |   210M |  29 |1208 |6774 |   0 |5322 |  0 |  10k|6060 | 8.343975e-01 | 8.833689e-01 |   5.87%|  61.25%
  167s|  4100 |   900 |225578 |  54.9 |   210M |  29 |1208 |6825 |4865 |5395 |  5 |  11k|6134 | 8.346864e-01 | 8.833689e-01 |   5.83%|  62.28%
  169s|  4200 |   916 |232098 |  55.2 |   214M |  29 |1208 |6810 |4862 |5485 |  1 |  11k|6185 | 8.347231e-01 | 8.833689e-01 |   5.83%|  62.38%
 time | node  | left  |LP iter|LP it/n|mem/heur|mdpt |vars |cons |rows |cuts |sepa|confs|strbr|  dualbound   | primalbound  |  gap   | compl. 
  171s|  4300 |   934 |235849 |  54.7 |   215M |  29 |1208 |6898 |4857 |5533 |  1 |  11k|6247 | 8.348593e-01 | 8.833689e-01 |   5.81%|  62.74%
  172s|  4400 |   929 |239688 |  54.4 |   215M |  29 |1208 |6850 |   0 |5603 |  0 |  11k|6285 | 8.349580e-01 | 8.833689e-01 |   5.80%|  63.78%
  173s|  4500 |   930 |243148 |  53.9 |   216M |  29 |1208 |6990 |4862 |5612 |  1 |  12k|6381 | 8.350748e-01 | 8.833689e-01 |   5.78%|  63.86%
  175s|  4600 |   915 |247377 |  53.7 |   216M |  29 |1208 |7004 |4854 |5660 |  1 |  12k|6533 | 8.352084e-01 | 8.833689e-01 |   5.77%|  64.50%
  175s|  4700 |   918 |251050 |  53.3 |   217M |  29 |1208 |7109 |4858 |5710 |  1 |  12k|6562 | 8.353051e-01 | 8.833689e-01 |   5.75%|  65.16%
  178s|  4800 |   909 |256367 |  53.3 |   217M |  29 |1208 |7186 |4855 |5747 |  0 |  12k|6756 | 8.355967e-01 | 8.833689e-01 |   5.72%|  66.10%
  179s|  4900 |   911 |260904 |  53.2 |   218M |  29 |1208 |7184 |4857 |5816 |  1 |  13k|6879 | 8.356697e-01 | 8.833689e-01 |   5.71%|  66.31%
  181s|  5000 |   912 |264253 |  52.8 |   218M |  29 |1208 |7132 |4857 |5882 |  2 |  13k|6915 | 8.357894e-01 | 8.833689e-01 |   5.69%|  66.52%
  182s|  5100 |   905 |268170 |  52.5 |   218M |  29 |1208 |7176 |4859 |5945 |  1 |  13k|6979 | 8.358176e-01 | 8.833689e-01 |   5.69%|  66.60%
  183s|  5200 |   898 |271978 |  52.2 |   219M |  29 |1208 |7216 |4860 |6034 |  2 |  13k|7034 | 8.359542e-01 | 8.833689e-01 |   5.67%|  67.59%
  185s|  5300 |   886 |275918 |  52.0 |   219M |  29 |1208 |7130 |4855 |6085 |  0 |  14k|7152 | 8.361117e-01 | 8.833689e-01 |   5.65%|  67.92%
  186s|  5400 |   887 |279442 |  51.7 |   219M |  29 |1208 |7152 |   0 |6154 |  0 |  14k|7212 | 8.361164e-01 | 8.833689e-01 |   5.65%|  68.03%
  189s|  5500 |   881 |285182 |  51.8 |   220M |  29 |1208 |7129 |4857 |6243 |  1 |  14k|7351 | 8.362061e-01 | 8.833689e-01 |   5.64%|  68.64%
  191s|  5600 |   873 |290062 |  51.7 |   221M |  29 |1208 |7120 |4866 |6335 |  5 |  14k|7405 | 8.362901e-01 | 8.833689e-01 |   5.63%|  69.04%
  195s|  5700 |   872 |296190 |  51.9 |   224M |  29 |1208 |7007 |4857 |6500 |  1 |  15k|7543 | 8.363241e-01 | 8.833689e-01 |   5.63%|  70.09%
 time | node  | left  |LP iter|LP it/n|mem/heur|mdpt |vars |cons |rows |cuts |sepa|confs|strbr|  dualbound   | primalbound  |  gap   | compl. 
  199s|  5800 |   866 |303343 |  52.2 |   225M |  29 |1208 |6910 |   0 |6641 |  0 |  15k|7660 | 8.363927e-01 | 8.833689e-01 |   5.62%|  70.90%
  201s|  5900 |   852 |307857 |  52.1 |   225M |  29 |1208 |6829 |4862 |6720 |  2 |  15k|7724 | 8.363927e-01 | 8.833689e-01 |   5.62%|  71.03%
  203s|  6000 |   825 |312361 |  52.0 |   226M |  29 |1208 |6912 |4866 |6775 |  6 |  15k|7922 | 8.365451e-01 | 8.833689e-01 |   5.60%|  71.74%
  206s|  6100 |   855 |316899 |  51.9 |   226M |  29 |1208 |6955 |4852 |6890 |  1 |  16k|8056 | 8.367346e-01 | 8.833689e-01 |   5.57%|  71.82%
  207s|  6200 |   850 |319886 |  51.5 |   227M |  29 |1208 |7001 |4892 |6971 |  1 |  16k|8126 | 8.367918e-01 | 8.833689e-01 |   5.57%|  72.24%
  210s|  6300 |   850 |324088 |  51.4 |   228M |  29 |1208 |6995 |4853 |7062 |  1 |  16k|8284 | 8.369635e-01 | 8.833689e-01 |   5.54%|  72.54%
  211s|  6400 |   864 |327160 |  51.0 |   228M |  29 |1208 |7024 |4860 |7113 |  1 |  16k|8333 | 8.369946e-01 | 8.833689e-01 |   5.54%|  72.68%
  212s|  6500 |   852 |331273 |  50.9 |   228M |  29 |1208 |7138 |4855 |7158 |  2 |  17k|8492 | 8.372787e-01 | 8.833689e-01 |   5.50%|  72.86%
  214s|  6600 |   829 |335476 |  50.8 |   229M |  29 |1208 |7283 |4860 |7194 |  1 |  17k|8615 | 8.375690e-01 | 8.833689e-01 |   5.47%|  73.82%
  215s|  6700 |   800 |339545 |  50.6 |   229M |  29 |1208 |7360 |4852 |7244 |  1 |  17k|8783 | 8.379389e-01 | 8.833689e-01 |   5.42%|  74.90%
  217s|  6800 |   832 |341947 |  50.2 |   229M |  29 |1208 |7500 |4857 |7293 |  1 |  18k|8845 | 8.380170e-01 | 8.833689e-01 |   5.41%|  74.94%
  217s|  6900 |   839 |343953 |  49.8 |   229M |  29 |1208 |7651 |4857 |7314 |  0 |  18k|8952 | 8.380212e-01 | 8.833689e-01 |   5.41%|  74.95%
  218s|  7000 |   829 |346096 |  49.4 |   230M |  29 |1208 |7893 |4858 |7348 |  0 |  18k|9091 | 8.381014e-01 | 8.833689e-01 |   5.40%|  74.97%
  219s|  7100 |   818 |349092 |  49.1 |   230M |  29 |1208 |7924 |4860 |7377 |  2 |  19k|9200 | 8.382505e-01 | 8.833689e-01 |   5.38%|  75.12%
  220s|  7200 |   800 |351977 |  48.8 |   230M |  29 |1208 |7873 |4853 |7410 |  4 |  19k|9295 | 8.383205e-01 | 8.833689e-01 |   5.37%|  76.04%
 time | node  | left  |LP iter|LP it/n|mem/heur|mdpt |vars |cons |rows |cuts |sepa|confs|strbr|  dualbound   | primalbound  |  gap   | compl. 
  222s|  7300 |   781 |355830 |  48.7 |   231M |  29 |1208 |7837 |4860 |7415 |  1 |  19k|9458 | 8.384280e-01 | 8.833689e-01 |   5.36%|  77.29%
  223s|  7400 |   767 |359433 |  48.5 |   231M |  29 |1208 |7751 |4853 |7419 |  3 |  20k|9617 | 8.385818e-01 | 8.833689e-01 |   5.34%|  77.98%
  224s|  7500 |   775 |362708 |  48.3 |   231M |  29 |1208 |7714 |   0 |7453 |  0 |  20k|9665 | 8.387490e-01 | 8.833689e-01 |   5.32%|  78.05%
  225s|  7600 |   759 |366743 |  48.2 |   232M |  29 |1208 |7740 |4860 |7481 |  1 |  20k|9802 | 8.388566e-01 | 8.833689e-01 |   5.31%|  78.17%
  227s|  7700 |   738 |370370 |  48.0 |   232M |  29 |1208 |7821 |4854 |7524 |  1 |  21k|9924 | 8.391646e-01 | 8.833689e-01 |   5.27%|  79.37%
  230s|  7800 |   714 |376040 |  48.1 |   233M |  29 |1208 |7769 |   0 |7599 |  0 |  21k|  10k| 8.394659e-01 | 8.833689e-01 |   5.23%|  81.18%
  232s|  7900 |   696 |382171 |  48.3 |   233M |  29 |1208 |7859 |4860 |7644 |  1 |  21k|  10k| 8.396104e-01 | 8.833689e-01 |   5.21%|  81.94%
  233s|  8000 |   685 |385872 |  48.2 |   234M |  29 |1208 |7840 |4858 |7716 |  1 |  22k|  10k| 8.401466e-01 | 8.833689e-01 |   5.14%|  82.61%
  234s|  8100 |   657 |389498 |  48.0 |   234M |  29 |1208 |7717 |4855 |7737 |  0 |  22k|  10k| 8.405200e-01 | 8.833689e-01 |   5.10%|  83.37%
  235s|  8200 |   644 |393570 |  47.9 |   235M |  29 |1208 |7855 |4856 |7770 |  2 |  22k|  10k| 8.409064e-01 | 8.833689e-01 |   5.05%|  83.47%
  236s|  8300 |   619 |395963 |  47.6 |   235M |  29 |1208 |7914 |4855 |7789 |  2 |  23k|  10k| 8.409447e-01 | 8.833689e-01 |   5.04%|  83.51%
  237s|  8400 |   594 |399826 |  47.5 |   235M |  29 |1208 |7869 |4860 |7824 |  1 |  23k|  10k| 8.413110e-01 | 8.833689e-01 |   5.00%|  84.11%
  238s|  8500 |   587 |403455 |  47.4 |   235M |  29 |1208 |7982 |4862 |7857 |  1 |  23k|  10k| 8.415199e-01 | 8.833689e-01 |   4.97%|  84.79%
  239s|  8600 |   546 |406427 |  47.2 |   235M |  29 |1208 |7946 |4862 |7884 |  0 |  24k|  10k| 8.419243e-01 | 8.833689e-01 |   4.92%|  85.37%
  240s|  8700 |   512 |409855 |  47.1 |   236M |  29 |1208 |8084 |   0 |7897 |  0 |  24k|  10k| 8.425803e-01 | 8.833689e-01 |   4.84%|  86.56%
 time | node  | left  |LP iter|LP it/n|mem/heur|mdpt |vars |cons |rows |cuts |sepa|confs|strbr|  dualbound   | primalbound  |  gap   | compl. 
  241s|  8800 |   455 |412559 |  46.8 |   236M |  29 |1208 |8039 |   0 |7919 |  0 |  24k|  10k| 8.433263e-01 | 8.833689e-01 |   4.75%|  87.84%
  243s|  8900 |   417 |415478 |  46.6 |   236M |  29 |1208 |8150 |4849 |7953 |  0 |  25k|  11k| 8.447927e-01 | 8.833689e-01 |   4.57%|  89.22%
  244s|  9000 |   401 |417668 |  46.4 |   236M |  29 |1208 |8197 |4861 |7966 |  0 |  25k|  11k| 8.451670e-01 | 8.833689e-01 |   4.52%|  89.99%
  245s|  9100 |   357 |419746 |  46.1 |   237M |  29 |1208 |8252 |   0 |7976 |  0 |  25k|  11k| 8.470343e-01 | 8.833689e-01 |   4.29%|  90.75%
  245s|  9200 |   319 |421656 |  45.8 |   238M |  29 |1208 |8292 |   0 |7997 |  0 |  26k|  11k| 8.491635e-01 | 8.833689e-01 |   4.03%|  91.88%
  246s|  9300 |   285 |423489 |  45.5 |   238M |  29 |1208 |8349 |4869 |8007 |  1 |  26k|  11k| 8.505050e-01 | 8.833689e-01 |   3.86%|  92.87%
  247s|  9400 |   204 |425233 |  45.2 |   238M |  29 |1208 |8453 |4869 |8023 |  0 |  26k|  11k| 8.529927e-01 | 8.833689e-01 |   3.56%|  93.63%
  248s|  9500 |   129 |427760 |  45.0 |   239M |  29 |1208 |8494 |4860 |8041 |  0 |  27k|  11k| 8.544258e-01 | 8.833689e-01 |   3.39%|  95.59%
  248s|  9600 |    33 |429884 |  44.7 |   239M |  29 |1208 |8384 |   0 |8051 |  0 |  27k|  11k| 8.625608e-01 | 8.833689e-01 |   2.41%|  98.81%

SCIP Status        : problem is solved [optimal solution found]
Solving Time (sec) : 248.63
Solving Nodes      : 9638
Primal Bound       : +8.83368938239443e-01 (13 solutions)
Dual Bound         : +8.83368938239443e-01
Gap                : 0.00 %
objective value:                    0.883368938239443
x_('12_5', '13_1')                                  1 	(obj:0.00827091965411638)
x_('11_17', '12_5')                                 1 	(obj:0.00653944672131148)
x_('10_31', '11_17')                                1 	(obj:0.00718463913136044)
x_('9_42', '10_31')                                 1 	(obj:0.0169642857142857)
x_('8_45', '9_42')                                  1 	(obj:0.0113111501431174)
x_('7_37', '8_45')                                  1 	(obj:0.0122067110655738)
x_('6_35', '7_37')                                  1 	(obj:0.0133928571428571)
x_('5_30', '6_35')                                  1 	(obj:0.0096318793911007)
x_('4_25', '5_30')                                  1 	(obj:0.0231653981264637)
x_('3_18', '4_25')                                  1 	(obj:0.0175468384074941)
x_('2_14', '3_18')                                  1 	(obj:0.0309572599531616)
x_('1_10', '2_14')                                  1 	(obj:0.0440222482435597)
x_('0_1', '1_10')                                   1 	(obj:0.00892857142857143)
y_0_0                                               1 	(obj:0)
y_1_0                                               1 	(obj:0)
y_2_0                                               1 	(obj:0)
y_3_1                                               1 	(obj:0)
y_4_1                                               1 	(obj:0)
y_5_1                                               1 	(obj:0)
y_6_2                                               1 	(obj:0)
y_7_2                                               1 	(obj:0)
y_8_2                                               1 	(obj:0)
y_9_2                                               1 	(obj:0)
y_10_3                                              1 	(obj:0)
y_11_3                                              1 	(obj:0)
y_12_3                                              1 	(obj:0)
z_('3268741', '3425762')_2                          1 	(obj:0)
z_('3268741', '1966592X')_1                         1 	(obj:0)
z_('1966592X', '3452192')_0                         1 	(obj:0)
z_('3452192', '1353870')_0                          1 	(obj:0)
z_('3452192', '3520162')_0                          1 	(obj:0)
z_('3520162', '3307092')_2                          1 	(obj:0)
z_('3520162', '3524054')_1                          1 	(obj:0)
z_('3268740', '3524054')_1                          1 	(obj:0)
z_('3524054', '3179975')_2                          1 	(obj:0)
z_('3179975', '3422998')_2                          1 	(obj:0)
z_('3422998', '2495223X')_3                         1 	(obj:0)
z_('3422998', '1353870_01')_3                       1 	(obj:0)
z_('2495223X', '2245784X')_3                        1 	(obj:0)
alpha                                3.50072289156626 	(obj:0.192316488328287)
  obj=0.883  alpha=581.1s  time=248.70s

k = 1
  Subgraph edges — edge_w: 13 (1.2%)  bal_w: 13 (1.2%)  combined: 26 (2.4%)  blended: 13 (1.2%)  blended_union: 37 (3.3%)  diverse: 13 (1.2%)
  [3a] Subgraph / edge_w   k=1 …
2026-07-01 19:00:48.268 | INFO     | pycaalp.time_balancing.model:run_mip:430 - Running MIP solver ...
      obj=0.885 (vs_full=+0.17%)  alpha=584.0s  build=0.001s solve=0.043s  vs_full=+0.50%
  [3b] Subgraph / bal_w    k=1 …
2026-07-01 19:00:48.311 | INFO     | pycaalp.time_balancing.model:run_mip:430 - Running MIP solver ...
      obj=0.985 (vs_full=+11.55%)  alpha=597.8s  build=0.001s solve=0.186s  vs_full=+2.88%
  [3c] Subgraph / combined k=1 …
2026-07-01 19:00:48.498 | INFO     | pycaalp.time_balancing.model:run_mip:430 - Running MIP solver ...
      obj=0.885 (vs_full=+0.17%)  alpha=584.0s  build=0.002s solve=0.288s  vs_full=+0.50%
  [3d] Subgraph / blended  k=1 …
2026-07-01 19:00:48.786 | INFO     | pycaalp.time_balancing.model:run_mip:430 - Running MIP solver ...
      obj=0.930 (vs_full=+5.23%)  alpha=574.6s  build=0.001s solve=0.085s  vs_full=-1.12%
  [3e] Subgraph / bl-union k=1 …
2026-07-01 19:00:48.871 | INFO     | pycaalp.time_balancing.model:run_mip:430 - Running MIP solver ...
      obj=0.885 (vs_full=+0.17%)  alpha=584.0s  build=0.016s solve=0.304s  vs_full=+0.50%
  [3f] Subgraph / diverse  k=1 …
2026-07-01 19:00:49.175 | INFO     | pycaalp.time_balancing.model:run_mip:430 - Running MIP solver ...
      obj=0.930 (vs_full=+5.23%)  alpha=574.6s  build=0.008s solve=0.139s  vs_full=-1.12%

k = 2
  Subgraph edges — edge_w: 15 (1.4%)  bal_w: 15 (1.4%)  combined: 30 (2.7%)  blended: 15 (1.4%)  blended_union: 43 (3.9%)  diverse: 26 (2.4%)
  [3a] Subgraph / edge_w   k=2 …
2026-07-01 19:00:49.385 | INFO     | pycaalp.time_balancing.model:run_mip:430 - Running MIP solver ...
      obj=0.885 (vs_full=+0.17%)  alpha=584.0s  build=0.008s solve=0.093s  vs_full=+0.50%
  [3b] Subgraph / bal_w    k=2 …
2026-07-01 19:00:49.479 | INFO     | pycaalp.time_balancing.model:run_mip:430 - Running MIP solver ...
      obj=0.985 (vs_full=+11.55%)  alpha=597.8s  build=0.007s solve=0.115s  vs_full=+2.88%
  [3c] Subgraph / combined k=2 …
2026-07-01 19:00:49.595 | INFO     | pycaalp.time_balancing.model:run_mip:430 - Running MIP solver ...
      obj=0.885 (vs_full=+0.17%)  alpha=584.0s  build=0.013s solve=1.655s  vs_full=+0.50%
  [3d] Subgraph / blended  k=2 …
2026-07-01 19:00:51.250 | INFO     | pycaalp.time_balancing.model:run_mip:430 - Running MIP solver ...
      obj=0.930 (vs_full=+5.23%)  alpha=574.6s  build=0.009s solve=0.370s  vs_full=-1.12%
  [3e] Subgraph / bl-union k=2 …
2026-07-01 19:00:51.620 | INFO     | pycaalp.time_balancing.model:run_mip:430 - Running MIP solver ...
      obj=0.885 (vs_full=+0.17%)  alpha=584.0s  build=0.028s solve=0.771s  vs_full=+0.50%
  [3f] Subgraph / diverse  k=2 …
2026-07-01 19:00:52.391 | INFO     | pycaalp.time_balancing.model:run_mip:430 - Running MIP solver ...
      obj=0.904 (vs_full=+2.34%)  alpha=586.1s  build=0.006s solve=1.409s  vs_full=+0.86%

k = 5
  Subgraph edges — edge_w: 21 (1.9%)  bal_w: 27 (2.4%)  combined: 48 (4.3%)  blended: 19 (1.7%)  blended_union: 60 (5.4%)  diverse: 65 (5.9%)
  [3a] Subgraph / edge_w   k=5 …
2026-07-01 19:00:53.941 | INFO     | pycaalp.time_balancing.model:run_mip:430 - Running MIP solver ...
      obj=0.885 (vs_full=+0.17%)  alpha=584.0s  build=0.016s solve=0.240s  vs_full=+0.50%
  [3b] Subgraph / bal_w    k=5 …
2026-07-01 19:00:54.181 | INFO     | pycaalp.time_balancing.model:run_mip:430 - Running MIP solver ...
      obj=0.973 (vs_full=+10.16%)  alpha=586.1s  build=0.014s solve=0.691s  vs_full=+0.86%
  [3c] Subgraph / combined k=5 …
2026-07-01 19:00:54.872 | INFO     | pycaalp.time_balancing.model:run_mip:430 - Running MIP solver ...
      obj=0.885 (vs_full=+0.17%)  alpha=584.0s  build=0.039s solve=0.509s  vs_full=+0.50%
  [3d] Subgraph / blended  k=5 …
2026-07-01 19:00:55.381 | INFO     | pycaalp.time_balancing.model:run_mip:430 - Running MIP solver ...
      obj=0.930 (vs_full=+5.23%)  alpha=574.6s  build=0.017s solve=0.265s  vs_full=-1.12%
  [3e] Subgraph / bl-union k=5 …
2026-07-01 19:00:55.646 | INFO     | pycaalp.time_balancing.model:run_mip:430 - Running MIP solver ...
      obj=0.885 (vs_full=+0.17%)  alpha=584.0s  build=0.048s solve=0.685s  vs_full=+0.50%
  [3f] Subgraph / diverse  k=5 …
2026-07-01 19:00:56.331 | INFO     | pycaalp.time_balancing.model:run_mip:430 - Running MIP solver ...
      obj=0.904 (vs_full=+2.34%)  alpha=586.1s  build=0.007s solve=1.431s  vs_full=+0.86%

k = 10
  Subgraph edges — edge_w: 24 (2.2%)  bal_w: 38 (3.4%)  combined: 62 (5.6%)  blended: 23 (2.1%)  blended_union: 76 (6.9%)  diverse: 126 (11.4%)
  [3a] Subgraph / edge_w   k=10 …
2026-07-01 19:00:58.074 | INFO     | pycaalp.time_balancing.model:run_mip:430 - Running MIP solver ...
      obj=0.885 (vs_full=+0.17%)  alpha=584.0s  build=0.027s solve=0.282s  vs_full=+0.50%
  [3b] Subgraph / bal_w    k=10 …
2026-07-01 19:00:58.356 | INFO     | pycaalp.time_balancing.model:run_mip:430 - Running MIP solver ...
      obj=0.971 (vs_full=+9.88%)  alpha=586.1s  build=0.016s solve=1.210s  vs_full=+0.86%
  [3c] Subgraph / combined k=10 …
2026-07-01 19:00:59.566 | INFO     | pycaalp.time_balancing.model:run_mip:430 - Running MIP solver ...
      obj=0.885 (vs_full=+0.17%)  alpha=584.0s  build=0.074s solve=0.881s  vs_full=+0.50%
  [3d] Subgraph / blended  k=10 …
2026-07-01 19:01:00.447 | INFO     | pycaalp.time_balancing.model:run_mip:430 - Running MIP solver ...
      obj=0.930 (vs_full=+5.23%)  alpha=574.6s  build=0.027s solve=0.217s  vs_full=-1.12%
  [3e] Subgraph / bl-union k=10 …
2026-07-01 19:01:00.664 | INFO     | pycaalp.time_balancing.model:run_mip:430 - Running MIP solver ...
      obj=0.885 (vs_full=+0.17%)  alpha=584.0s  build=0.155s solve=0.974s  vs_full=+0.50%
  [3f] Subgraph / diverse  k=10 …
2026-07-01 19:01:01.637 | INFO     | pycaalp.time_balancing.model:run_mip:430 - Running MIP solver ...
      obj=0.904 (vs_full=+2.34%)  alpha=586.1s  build=0.012s solve=1.544s  vs_full=+0.86%

k = 20
  Subgraph edges — edge_w: 35 (3.2%)  bal_w: 42 (3.8%)  combined: 77 (7.0%)  blended: 28 (2.5%)  blended_union: 92 (8.3%)  diverse: 239 (21.6%)
  [3a] Subgraph / edge_w   k=20 …
2026-07-01 19:01:03.845 | INFO     | pycaalp.time_balancing.model:run_mip:430 - Running MIP solver ...
      obj=0.885 (vs_full=+0.17%)  alpha=584.0s  build=0.094s solve=0.475s  vs_full=+0.50%
  [3b] Subgraph / bal_w    k=20 …
2026-07-01 19:01:04.320 | INFO     | pycaalp.time_balancing.model:run_mip:430 - Running MIP solver ...
      obj=0.971 (vs_full=+9.88%)  alpha=586.1s  build=0.036s solve=0.849s  vs_full=+0.86%
  [3c] Subgraph / combined k=20 …
2026-07-01 19:01:05.169 | INFO     | pycaalp.time_balancing.model:run_mip:430 - Running MIP solver ...
      obj=0.885 (vs_full=+0.17%)  alpha=584.0s  build=0.152s solve=0.708s  vs_full=+0.50%
  [3d] Subgraph / blended  k=20 …
2026-07-01 19:01:05.878 | INFO     | pycaalp.time_balancing.model:run_mip:430 - Running MIP solver ...
      obj=0.930 (vs_full=+5.23%)  alpha=574.6s  build=0.074s solve=0.554s  vs_full=-1.12%
  [3e] Subgraph / bl-union k=20 …
2026-07-01 19:01:06.432 | INFO     | pycaalp.time_balancing.model:run_mip:430 - Running MIP solver ...
      obj=0.885 (vs_full=+0.17%)  alpha=584.0s  build=0.271s solve=1.145s  vs_full=+0.50%
  [3f] Subgraph / diverse  k=20 …
2026-07-01 19:01:07.578 | INFO     | pycaalp.time_balancing.model:run_mip:430 - Running MIP solver ...
      obj=0.884 (vs_full=+0.09%)  alpha=581.1s  build=0.035s solve=2.622s  vs_full=+0.00%

k = 50
  Subgraph edges — edge_w: 54 (4.9%)  bal_w: 63 (5.7%)  combined: 116 (10.5%)  blended: 32 (2.9%)  blended_union: 125 (11.3%)  diverse: 505 (45.7%)
  [3a] Subgraph / edge_w   k=50 …
2026-07-01 19:01:11.707 | INFO     | pycaalp.time_balancing.model:run_mip:430 - Running MIP solver ...
      obj=0.885 (vs_full=+0.17%)  alpha=584.0s  build=0.194s solve=1.445s  vs_full=+0.50%
  [3b] Subgraph / bal_w    k=50 …
2026-07-01 19:01:13.151 | INFO     | pycaalp.time_balancing.model:run_mip:430 - Running MIP solver ...
      obj=0.971 (vs_full=+9.88%)  alpha=586.1s  build=0.124s solve=0.780s  vs_full=+0.86%
  [3c] Subgraph / combined k=50 …
2026-07-01 19:01:13.931 | INFO     | pycaalp.time_balancing.model:run_mip:430 - Running MIP solver ...
      obj=0.885 (vs_full=+0.17%)  alpha=584.0s  build=0.263s solve=0.900s  vs_full=+0.50%
  [3d] Subgraph / blended  k=50 …
2026-07-01 19:01:14.832 | INFO     | pycaalp.time_balancing.model:run_mip:430 - Running MIP solver ...
      obj=0.930 (vs_full=+5.23%)  alpha=574.6s  build=0.218s solve=1.376s  vs_full=-1.12%
  [3e] Subgraph / bl-union k=50 …
2026-07-01 19:01:16.208 | INFO     | pycaalp.time_balancing.model:run_mip:430 - Running MIP solver ...
      obj=0.885 (vs_full=+0.17%)  alpha=584.0s  build=0.648s solve=1.961s  vs_full=+0.50%
  [3f] Subgraph / diverse  k=50 …
2026-07-01 19:01:18.169 | INFO     | pycaalp.time_balancing.model:run_mip:430 - Running MIP solver ...
      obj=0.884 (vs_full=+0.09%)  alpha=581.1s  build=0.059s solve=12.373s  vs_full=+0.00%

k = 100
  Subgraph edges — edge_w: 78 (7.1%)  bal_w: 86 (7.8%)  combined: 162 (14.7%)  blended: 40 (3.6%)  blended_union: 153 (13.8%)  diverse: 739 (66.9%)
  [3a] Subgraph / edge_w   k=100 …
2026-07-01 19:01:34.132 | INFO     | pycaalp.time_balancing.model:run_mip:430 - Running MIP solver ...
      obj=0.885 (vs_full=+0.17%)  alpha=584.0s  build=0.355s solve=0.947s  vs_full=+0.50%
  [3b] Subgraph / bal_w    k=100 …
2026-07-01 19:01:35.080 | INFO     | pycaalp.time_balancing.model:run_mip:430 - Running MIP solver ...
      obj=0.969 (vs_full=+9.69%)  alpha=574.0s  build=0.266s solve=1.373s  vs_full=-1.23%
  [3c] Subgraph / combined k=100 …
2026-07-01 19:01:36.454 | INFO     | pycaalp.time_balancing.model:run_mip:430 - Running MIP solver ...
      obj=0.885 (vs_full=+0.17%)  alpha=584.0s  build=0.672s solve=3.947s  vs_full=+0.50%
  [3d] Subgraph / blended  k=100 …
2026-07-01 19:01:40.401 | INFO     | pycaalp.time_balancing.model:run_mip:430 - Running MIP solver ...
      obj=0.930 (vs_full=+5.23%)  alpha=574.6s  build=0.512s solve=1.474s  vs_full=-1.12%
  [3e] Subgraph / bl-union k=100 …
2026-07-01 19:01:41.874 | INFO     | pycaalp.time_balancing.model:run_mip:430 - Running MIP solver ...
      obj=0.885 (vs_full=+0.17%)  alpha=584.0s  build=1.565s solve=1.583s  vs_full=+0.50%
  [3f] Subgraph / diverse  k=100 …
2026-07-01 19:01:43.457 | INFO     | pycaalp.time_balancing.model:run_mip:430 - Running MIP solver ...
      obj=0.884 (vs_full=+0.09%)  alpha=581.1s  build=0.220s solve=172.024s  vs_full=+0.00%

k = 200
  Subgraph edges — edge_w: 95 (8.6%)  bal_w: 111 (10.0%)  combined: 202 (18.3%)  blended: 45 (4.1%)  blended_union: 177 (16.0%)  diverse: 908 (82.2%)
  [3a] Subgraph / edge_w   k=200 …
2026-07-01 19:04:40.865 | INFO     | pycaalp.time_balancing.model:run_mip:430 - Running MIP solver ...
      obj=0.885 (vs_full=+0.17%)  alpha=584.0s  build=0.588s solve=0.936s  vs_full=+0.50%
  [3b] Subgraph / bal_w    k=200 …
2026-07-01 19:04:41.802 | INFO     | pycaalp.time_balancing.model:run_mip:430 - Running MIP solver ...
      obj=0.967 (vs_full=+9.45%)  alpha=586.1s  build=0.378s solve=1.892s  vs_full=+0.86%
  [3c] Subgraph / combined k=200 …
2026-07-01 19:04:43.694 | INFO     | pycaalp.time_balancing.model:run_mip:430 - Running MIP solver ...
      obj=0.885 (vs_full=+0.17%)  alpha=584.0s  build=1.047s solve=5.528s  vs_full=+0.50%
  [3d] Subgraph / blended  k=200 …
2026-07-01 19:04:49.222 | INFO     | pycaalp.time_balancing.model:run_mip:430 - Running MIP solver ...
      obj=0.930 (vs_full=+5.23%)  alpha=574.6s  build=0.755s solve=0.549s  vs_full=-1.12%
  [3e] Subgraph / bl-union k=200 …
2026-07-01 19:04:49.772 | INFO     | pycaalp.time_balancing.model:run_mip:430 - Running MIP solver ...
      obj=0.885 (vs_full=+0.17%)  alpha=584.0s  build=2.457s solve=3.299s  vs_full=+0.50%
  [3f] Subgraph / diverse  k=200 …
2026-07-01 19:04:53.071 | INFO     | pycaalp.time_balancing.model:run_mip:430 - Running MIP solver ...
      obj=0.884 (vs_full=+0.09%)  alpha=581.1s  build=0.156s solve=208.382s  vs_full=+0.00%

k = 500
  Subgraph edges — edge_w: 108 (9.8%)  bal_w: 153 (13.8%)  combined: 257 (23.3%)  blended: 86 (7.8%)  blended_union: 245 (22.2%)  diverse: 1043 (94.4%)
  [3a] Subgraph / edge_w   k=500 …
2026-07-01 19:08:35.741 | INFO     | pycaalp.time_balancing.model:run_mip:430 - Running MIP solver ...
      obj=0.883 (vs_full=-0.00%)  alpha=581.1s  build=1.689s solve=1.531s  vs_full=+0.00%
  [3b] Subgraph / bal_w    k=500 …
2026-07-01 19:08:37.272 | INFO     | pycaalp.time_balancing.model:run_mip:430 - Running MIP solver ...
      obj=0.961 (vs_full=+8.78%)  alpha=581.1s  build=1.143s solve=5.090s  vs_full=+0.00%
  [3c] Subgraph / combined k=500 …
2026-07-01 19:08:42.362 | INFO     | pycaalp.time_balancing.model:run_mip:430 - Running MIP solver ...
      obj=0.883 (vs_full=-0.00%)  alpha=581.1s  build=2.843s solve=3.240s  vs_full=+0.00%
  [3d] Subgraph / blended  k=500 …
2026-07-01 19:08:45.603 | INFO     | pycaalp.time_balancing.model:run_mip:430 - Running MIP solver ...
      obj=0.904 (vs_full=+2.34%)  alpha=586.1s  build=2.142s solve=0.923s  vs_full=+0.86%
  [3e] Subgraph / bl-union k=500 …
2026-07-01 19:08:46.525 | INFO     | pycaalp.time_balancing.model:run_mip:430 - Running MIP solver ...
      obj=0.883 (vs_full=-0.00%)  alpha=581.1s  build=5.936s solve=6.942s  vs_full=+0.00%
  [3f] Subgraph / diverse  k=500 …
2026-07-01 19:08:53.468 | INFO     | pycaalp.time_balancing.model:run_mip:430 - Running MIP solver ...
      obj=0.883 (vs_full=+0.01%)  alpha=581.1s  build=0.534s solve=190.901s  vs_full=+0.00%

k = 1000
  Subgraph edges — edge_w: 142 (12.9%)  bal_w: 211 (19.1%)  combined: 346 (31.3%)  blended: 105 (9.5%)  blended_union: 297 (26.9%)  diverse: 1103 (99.8%)
  [3a] Subgraph / edge_w   k=1000 …
2026-07-01 19:12:34.860 | INFO     | pycaalp.time_balancing.model:run_mip:430 - Running MIP solver ...
      obj=0.883 (vs_full=-0.00%)  alpha=581.1s  build=3.452s solve=3.307s  vs_full=+0.00%
  [3b] Subgraph / bal_w    k=1000 …
2026-07-01 19:12:38.167 | INFO     | pycaalp.time_balancing.model:run_mip:430 - Running MIP solver ...
      obj=0.960 (vs_full=+8.66%)  alpha=581.1s  build=2.641s solve=11.783s  vs_full=+0.00%
  [3c] Subgraph / combined k=1000 …
2026-07-01 19:12:49.950 | INFO     | pycaalp.time_balancing.model:run_mip:430 - Running MIP solver ...
      obj=0.883 (vs_full=-0.00%)  alpha=581.1s  build=6.306s solve=3.444s  vs_full=+0.00%
  [3d] Subgraph / blended  k=1000 …
2026-07-01 19:12:53.395 | INFO     | pycaalp.time_balancing.model:run_mip:430 - Running MIP solver ...
      obj=0.904 (vs_full=+2.34%)  alpha=586.1s  build=4.970s solve=0.917s  vs_full=+0.86%
  [3e] Subgraph / bl-union k=1000 …
2026-07-01 19:12:54.312 | INFO     | pycaalp.time_balancing.model:run_mip:430 - Running MIP solver ...
      obj=0.883 (vs_full=-0.00%)  alpha=581.1s  build=11.949s solve=5.411s  vs_full=+0.00%
  [3f] Subgraph / diverse  k=1000 …
2026-07-01 19:12:59.723 | INFO     | pycaalp.time_balancing.model:run_mip:430 - Running MIP solver ...
      obj=0.883 (vs_full=-0.00%)  alpha=581.1s  build=1.172s solve=260.773s  vs_full=+0.00%

k = 2000
  Subgraph edges — edge_w: 185 (16.7%)  bal_w: 292 (26.4%)  combined: 460 (41.6%)  blended: 139 (12.6%)  blended_union: 410 (37.1%)  diverse: 1105 (100.0%)
  [3a] Subgraph / edge_w   k=2000 …
2026-07-01 19:18:11.824 | INFO     | pycaalp.time_balancing.model:run_mip:430 - Running MIP solver ...
      obj=0.883 (vs_full=-0.00%)  alpha=581.1s  build=5.423s solve=2.143s  vs_full=+0.00%
  [3b] Subgraph / bal_w    k=2000 …
2026-07-01 19:18:13.967 | INFO     | pycaalp.time_balancing.model:run_mip:430 - Running MIP solver ...
      obj=0.960 (vs_full=+8.66%)  alpha=581.1s  build=4.923s solve=19.853s  vs_full=+0.00%
  [3c] Subgraph / combined k=2000 …
2026-07-01 19:18:33.820 | INFO     | pycaalp.time_balancing.model:run_mip:430 - Running MIP solver ...
      obj=0.883 (vs_full=+0.00%)  alpha=581.1s  build=10.470s solve=8.389s  vs_full=+0.00%
  [3d] Subgraph / blended  k=2000 …
2026-07-01 19:18:42.210 | INFO     | pycaalp.time_balancing.model:run_mip:430 - Running MIP solver ...
      obj=0.904 (vs_full=+2.34%)  alpha=586.1s  build=8.573s solve=1.299s  vs_full=+0.86%
  [3e] Subgraph / bl-union k=2000 …
2026-07-01 19:18:43.509 | INFO     | pycaalp.time_balancing.model:run_mip:430 - Running MIP solver ...
      obj=0.883 (vs_full=-0.00%)  alpha=581.1s  build=20.382s solve=12.741s  vs_full=+0.00%
  [3f] Subgraph / diverse  k=2000 …
2026-07-01 19:18:56.250 | INFO     | pycaalp.time_balancing.model:run_mip:430 - Running MIP solver ...
      obj=0.883 (vs_full=+0.00%)  alpha=581.1s  build=1.557s solve=143.222s  vs_full=+0.00%

k = 5000
  Subgraph edges — edge_w: 232 (21.0%)  bal_w: 431 (39.0%)  combined: 632 (57.2%)  blended: 245 (22.2%)  blended_union: 525 (47.5%)  diverse: 1105 (100.0%)
  [3a] Subgraph / edge_w   k=5000 …
2026-07-01 19:24:02.398 | INFO     | pycaalp.time_balancing.model:run_mip:430 - Running MIP solver ...
      obj=0.883 (vs_full=-0.00%)  alpha=581.1s  build=18.742s solve=10.554s  vs_full=+0.00%
  [3b] Subgraph / bal_w    k=5000 …
2026-07-01 19:24:12.952 | INFO     | pycaalp.time_balancing.model:run_mip:430 - Running MIP solver ...
      obj=0.936 (vs_full=+5.92%)  alpha=567.5s  build=16.137s solve=26.250s  vs_full=-2.34%
  [3c] Subgraph / combined k=5000 …
2026-07-01 19:24:39.202 | INFO     | pycaalp.time_balancing.model:run_mip:430 - Running MIP solver ...
      obj=0.883 (vs_full=+0.00%)  alpha=581.1s  build=34.977s solve=36.022s  vs_full=+0.00%
  [3d] Subgraph / blended  k=5000 …
2026-07-01 19:25:15.224 | INFO     | pycaalp.time_balancing.model:run_mip:430 - Running MIP solver ...
      obj=0.904 (vs_full=+2.34%)  alpha=586.1s  build=25.885s solve=2.431s  vs_full=+0.86%
  [3e] Subgraph / bl-union k=5000 …
2026-07-01 19:25:17.656 | INFO     | pycaalp.time_balancing.model:run_mip:430 - Running MIP solver ...
      obj=0.883 (vs_full=-0.00%)  alpha=581.1s  build=63.898s solve=31.215s  vs_full=+0.00%
  [3f] Subgraph / diverse  k=5000 …
2026-07-01 19:25:48.871 | INFO     | pycaalp.time_balancing.model:run_mip:430 - Running MIP solver ...
      obj=0.883 (vs_full=+0.00%)  alpha=581.1s  build=3.288s solve=140.022s  vs_full=+0.00%

Results saved to experiments/strategy_comparison/assembly_1_np_4/strategy_comparison_lambda_0.75.csv
Plot with:  python -m experiments.strategy_comparison.plot_k_sensitivity

============================================================================================================================
SUMMARY — assembly_1  P=4  λ=0.75
============================================================================================================================
Strategy       Weight                      k   Build    Solve    Total  Spdup       Obj   ObjvsF     Alpha    AlvsF   Edges  %Grph
----------------------------------------------------------------------------------------------------------------------------
full_mip       —                               0.000  248.699  248.699   1.0x     0.883    +0.00    581.12    +0.00    1105  100.0
subgraph_mip   edge_weight                 1   0.001    0.043    0.044 5588.9x     0.885    +0.17    584.04    +0.50      13    1.2
subgraph_mip   time_balanced_weight        1   0.001    0.186    0.187 1328.2x     0.985   +11.55    597.84    +2.88      13    1.2
subgraph_mip   combined                    1   0.002    0.288    0.289 859.8x     0.885    +0.17    584.04    +0.50      26    2.4
subgraph_mip   blended                     1   0.001    0.085    0.086 2886.0x     0.930    +5.23    574.62    -1.12      13    1.2
subgraph_mip   blended_union               1   0.016    0.304    0.320 778.0x     0.885    +0.17    584.04    +0.50      37    3.4
subgraph_mip   diverse                     1   0.008    0.139    0.147 1693.1x     0.930    +5.23    574.62    -1.12      13    1.2
subgraph_mip   edge_weight                 2   0.008    0.093    0.101 2457.3x     0.885    +0.17    584.04    +0.50      15    1.4
subgraph_mip   time_balanced_weight        2   0.007    0.115    0.122 2033.9x     0.985   +11.55    597.84    +2.88      15    1.4
subgraph_mip   combined                    2   0.013    1.655    1.668 149.1x     0.885    +0.17    584.04    +0.50      30    2.7
subgraph_mip   blended                     2   0.009    0.370    0.379 656.0x     0.930    +5.23    574.62    -1.12      15    1.4
subgraph_mip   blended_union               2   0.028    0.771    0.799 311.2x     0.885    +0.17    584.04    +0.50      43    3.9
subgraph_mip   diverse                     2   0.006    1.409    1.415 175.8x     0.904    +2.34    586.13    +0.86      26    2.4
subgraph_mip   edge_weight                 5   0.016    0.240    0.256 971.3x     0.885    +0.17    584.04    +0.50      21    1.9
subgraph_mip   time_balanced_weight        5   0.014    0.691    0.705 352.7x     0.973   +10.16    586.13    +0.86      27    2.4
subgraph_mip   combined                    5   0.039    0.509    0.548 453.7x     0.885    +0.17    584.04    +0.50      48    4.3
subgraph_mip   blended                     5   0.017    0.265    0.281 883.5x     0.930    +5.23    574.62    -1.12      19    1.7
subgraph_mip   blended_union               5   0.048    0.685    0.733 339.4x     0.885    +0.17    584.04    +0.50      60    5.4
subgraph_mip   diverse                     5   0.007    1.431    1.438 173.0x     0.904    +2.34    586.13    +0.86      65    5.9
subgraph_mip   edge_weight                10   0.027    0.282    0.309 804.5x     0.885    +0.17    584.04    +0.50      24    2.2
subgraph_mip   time_balanced_weight       10   0.016    1.210    1.226 202.8x     0.971    +9.88    586.13    +0.86      38    3.4
subgraph_mip   combined                   10   0.074    0.881    0.955 260.3x     0.885    +0.17    584.04    +0.50      62    5.6
subgraph_mip   blended                    10   0.027    0.217    0.243 1022.1x     0.930    +5.23    574.62    -1.12      23    2.1
subgraph_mip   blended_union              10   0.155    0.974    1.129 220.3x     0.885    +0.17    584.04    +0.50      76    6.9
subgraph_mip   diverse                    10   0.012    1.544    1.556 159.8x     0.904    +2.34    586.13    +0.86     126   11.4
subgraph_mip   edge_weight                20   0.094    0.475    0.569 437.1x     0.885    +0.17    584.04    +0.50      35    3.2
subgraph_mip   time_balanced_weight       20   0.036    0.849    0.885 280.9x     0.971    +9.88    586.13    +0.86      42    3.8
subgraph_mip   combined                   20   0.152    0.708    0.860 289.0x     0.885    +0.17    584.04    +0.50      77    7.0
subgraph_mip   blended                    20   0.074    0.554    0.629 395.6x     0.930    +5.23    574.62    -1.12      28    2.5
subgraph_mip   blended_union              20   0.271    1.145    1.416 175.6x     0.885    +0.17    584.04    +0.50      92    8.3
subgraph_mip   diverse                    20   0.035    2.622    2.657  93.6x     0.884    +0.09    581.12    +0.00     239   21.6
subgraph_mip   edge_weight                50   0.194    1.445    1.639 151.7x     0.885    +0.17    584.04    +0.50      54    4.9
subgraph_mip   time_balanced_weight       50   0.124    0.780    0.903 275.4x     0.971    +9.88    586.13    +0.86      63    5.7
subgraph_mip   combined                   50   0.263    0.900    1.163 213.8x     0.885    +0.17    584.04    +0.50     116   10.5
subgraph_mip   blended                    50   0.218    1.376    1.594 156.0x     0.930    +5.23    574.62    -1.12      32    2.9
subgraph_mip   blended_union              50   0.648    1.961    2.609  95.3x     0.885    +0.17    584.04    +0.50     125   11.3
subgraph_mip   diverse                    50   0.059   12.373   12.432  20.0x     0.884    +0.09    581.12    +0.00     505   45.7
subgraph_mip   edge_weight               100   0.355    0.947    1.303 190.9x     0.885    +0.17    584.04    +0.50      78    7.1
subgraph_mip   time_balanced_weight      100   0.266    1.373    1.640 151.7x     0.969    +9.69    574.00    -1.23      86    7.8
subgraph_mip   combined                  100   0.672    3.947    4.619  53.8x     0.885    +0.17    584.04    +0.50     162   14.7
subgraph_mip   blended                   100   0.512    1.474    1.986 125.2x     0.930    +5.23    574.62    -1.12      40    3.6
subgraph_mip   blended_union             100   1.565    1.583    3.148  79.0x     0.885    +0.17    584.04    +0.50     153   13.8
subgraph_mip   diverse                   100   0.220  172.024  172.244   1.4x     0.884    +0.09    581.12    +0.00     739   66.9
subgraph_mip   edge_weight               200   0.588    0.936    1.525 163.1x     0.885    +0.17    584.04    +0.50      95    8.6
subgraph_mip   time_balanced_weight      200   0.378    1.892    2.270 109.5x     0.967    +9.45    586.13    +0.86     111   10.1
subgraph_mip   combined                  200   1.047    5.528    6.575  37.8x     0.885    +0.17    584.04    +0.50     202   18.3
subgraph_mip   blended                   200   0.755    0.549    1.305 190.6x     0.930    +5.23    574.62    -1.12      45    4.1
subgraph_mip   blended_union             200   2.457    3.299    5.757  43.2x     0.885    +0.17    584.04    +0.50     177   16.0
subgraph_mip   diverse                   200   0.156  208.382  208.539   1.2x     0.884    +0.09    581.12    +0.00     908   82.2
subgraph_mip   edge_weight               500   1.689    1.531    3.220  77.2x     0.883    -0.00    581.12    +0.00     108    9.8
subgraph_mip   time_balanced_weight      500   1.143    5.090    6.233  39.9x     0.961    +8.78    581.12    +0.00     153   13.8
subgraph_mip   combined                  500   2.843    3.240    6.084  40.9x     0.883    -0.00    581.12    +0.00     257   23.3
subgraph_mip   blended                   500   2.142    0.923    3.065  81.2x     0.904    +2.34    586.13    +0.86      86    7.8
subgraph_mip   blended_union             500   5.936    6.942   12.878  19.3x     0.883    -0.00    581.12    +0.00     245   22.2
subgraph_mip   diverse                   500   0.534  190.901  191.435   1.3x     0.883    +0.01    581.12    +0.00    1043   94.4
subgraph_mip   edge_weight              1000   3.452    3.307    6.760  36.8x     0.883    -0.00    581.12    +0.00     142   12.8
subgraph_mip   time_balanced_weight     1000   2.641   11.783   14.424  17.2x     0.960    +8.66    581.12    +0.00     211   19.1
subgraph_mip   combined                 1000   6.306    3.444    9.750  25.5x     0.883    -0.00    581.12    +0.00     346   31.3
subgraph_mip   blended                  1000   4.970    0.917    5.887  42.2x     0.904    +2.34    586.13    +0.86     105    9.5
subgraph_mip   blended_union            1000  11.949    5.411   17.361  14.3x     0.883    -0.00    581.12    +0.00     297   26.9
subgraph_mip   diverse                  1000   1.172  260.773  261.945   0.9x     0.883    -0.00    581.12    +0.00    1103   99.8
subgraph_mip   edge_weight              2000   5.423    2.143    7.565  32.9x     0.883    -0.00    581.12    +0.00     185   16.7
subgraph_mip   time_balanced_weight     2000   4.923   19.853   24.776  10.0x     0.960    +8.66    581.12    +0.00     292   26.4
subgraph_mip   combined                 2000  10.470    8.389   18.859  13.2x     0.883    +0.00    581.12    +0.00     460   41.6
subgraph_mip   blended                  2000   8.573    1.299    9.872  25.2x     0.904    +2.34    586.13    +0.86     139   12.6
subgraph_mip   blended_union            2000  20.382   12.741   33.123   7.5x     0.883    -0.00    581.12    +0.00     410   37.1
subgraph_mip   diverse                  2000   1.557  143.222  144.779   1.7x     0.883    +0.00    581.12    +0.00    1105  100.0
subgraph_mip   edge_weight              5000  18.742   10.554   29.296   8.5x     0.883    -0.00    581.12    +0.00     232   21.0
subgraph_mip   time_balanced_weight     5000  16.137   26.250   42.388   5.9x     0.936    +5.92    567.50    -2.34     431   39.0
subgraph_mip   combined                 5000  34.977   36.022   70.998   3.5x     0.883    +0.00    581.12    +0.00     632   57.2
subgraph_mip   blended                  5000  25.885    2.431   28.316   8.8x     0.904    +2.34    586.13    +0.86     245   22.2
subgraph_mip   blended_union            5000  63.898   31.215   95.113   2.6x     0.883    -0.00    581.12    +0.00     525   47.5
subgraph_mip   diverse                  5000   3.288  140.022  143.310   1.7x     0.883    +0.00    581.12    +0.00    1105  100.0
============================================================================================================================

----------------- λ = 0.8 -----------------
========================================================================
Strategy Comparison Experiment — assembly_1  P=4  λ=0.8
========================================================================

Building assembly digraph …
2026-07-01 19:06:10.252 | INFO     | pycaalp.gapp.assembly_digraph:compute_assembly_digraph_complete:395 - Computing assembly digraph...
  343 nodes, 1105 edges  (0.3s)

[1] Full MIP  P=4  λ=0.8
2026-07-01 19:06:10.531 | INFO     | pycaalp.time_balancing.model:run_mip:430 - Running MIP solver ...
presolving:
(round 1, fast)       2 del vars, 2 del conss, 0 add conss, 0 chg bounds, 0 chg sides, 0 chg coeffs, 0 upgd conss, 0 impls, 69 clqs, 0 implints
(round 2, exhaustive) 2 del vars, 2 del conss, 0 add conss, 1 chg bounds, 0 chg sides, 0 chg coeffs, 4525 upgd conss, 0 impls, 69 clqs, 0 implints
   (0.3s) probing: 1000/1207 (82.9%) - 0 fixings, 0 aggregations, 130891 implications, 0 bound changes
   (0.3s) probing: 1001/1207 (82.9%) - 0 fixings, 0 aggregations, 130966 implications, 0 bound changes
   (0.3s) probing aborted: 1000/1000 successive useless probings
   (0.3s) symmetry computation started: requiring (bin +, int +, cont +), (fixed: bin -, int -, cont -)
   (0.3s) no symmetry present (symcode time: 0.00)
presolving (3 rounds: 3 fast, 2 medium, 2 exhaustive):
 2 deleted vars, 2 deleted constraints, 0 added constraints, 1 tightened bounds, 0 added holes, 0 changed sides, 0 changed coefficients
 0 implications, 15690 cliques, 0 implied integral variables (0 bin, 0 int, 0 cont)
presolved problem has 1208 variables (1207 bin, 0 int, 1 cont) and 4839 constraints
     69 constraints of type <setppc>
    314 constraints of type <linear>
   4456 constraints of type <logicor>
Presolving Time: 0.33

 time | node  | left  |LP iter|LP it/n|mem/heur|mdpt |vars |cons |rows |cuts |sepa|confs|strbr|  dualbound   | primalbound  |  gap   | compl. 
p 0.4s|     1 |     0 |   121 |     - | vbounds|   0 |1208 |4867 |4839 |   0 |  0 |  27 |   0 | 0.000000e+00 | 1.160757e+00 |    Inf | unknown
  0.4s|     1 |     0 |   466 |     - |    34M |   0 |1208 |4867 |4839 |   0 |  0 |  27 |   0 | 8.329273e-01 | 1.160757e+00 |  39.36%| unknown
  0.8s|     1 |     0 |   479 |     - |    39M |   0 |1208 |4875 |4843 |   4 |  1 |  35 |   0 | 8.329273e-01 | 1.160757e+00 |  39.36%| unknown
  1.4s|     1 |     0 |   487 |     - |    43M |   0 |1208 |4876 |4845 |   6 |  2 |  36 |   0 | 8.329273e-01 | 1.160757e+00 |  39.36%| unknown
  1.8s|     1 |     0 |   516 |     - |    49M |   0 |1208 |4880 |4849 |  10 |  3 |  40 |   0 | 8.329273e-01 | 1.160757e+00 |  39.36%| unknown
  2.3s|     1 |     0 |   525 |     - |    55M |   0 |1208 |4888 |4851 |  12 |  4 |  48 |   0 | 8.329273e-01 | 1.160757e+00 |  39.36%| unknown
  2.8s|     1 |     0 |   552 |     - |    62M |   0 |1208 |4889 |4853 |  14 |  5 |  49 |   0 | 8.329273e-01 | 1.160757e+00 |  39.36%| unknown
  3.4s|     1 |     0 |   568 |     - |    69M |   0 |1208 |4892 |4857 |  18 |  6 |  52 |   0 | 8.329273e-01 | 1.160757e+00 |  39.36%| unknown
  3.9s|     1 |     0 |   588 |     - |    77M |   0 |1208 |4894 |4860 |  21 |  7 |  54 |   0 | 8.329273e-01 | 1.160757e+00 |  39.36%| unknown
  4.3s|     1 |     0 |   607 |     - |    84M |   0 |1208 |4897 |4862 |  23 |  8 |  57 |   0 | 8.329273e-01 | 1.160757e+00 |  39.36%| unknown
  4.8s|     1 |     0 |   624 |     - |    92M |   0 |1208 |4898 |4866 |  27 |  9 |  58 |   0 | 8.329273e-01 | 1.160757e+00 |  39.36%| unknown
  5.3s|     1 |     0 |   632 |     - |   100M |   0 |1208 |4908 |4868 |  29 | 10 |  68 |   0 | 8.329273e-01 | 1.160757e+00 |  39.36%| unknown
  5.3s|     1 |     0 |   641 |     - |   101M |   0 |1208 |4914 |4870 |  31 | 11 |  78 |   0 | 8.329273e-01 | 1.160757e+00 |  39.36%| unknown
o 5.5s|     1 |     0 |  1882 |     - |feaspump|   0 |1208 |4923 |4870 |  31 | 11 |  88 |   0 | 8.329273e-01 | 1.131486e+00 |  35.84%| unknown
L 5.6s|     1 |     0 |  2258 |     - |    rens|   0 |1208 |4948 |4870 |  31 | 11 | 117 |   0 | 8.329273e-01 | 8.883238e-01 |   6.65%| unknown
 time | node  | left  |LP iter|LP it/n|mem/heur|mdpt |vars |cons |rows |cuts |sepa|confs|strbr|  dualbound   | primalbound  |  gap   | compl. 
  5.6s|     1 |     0 |  2258 |     - |   101M |   0 |1208 |4946 |4870 |  31 | 11 | 117 |   0 | 8.329273e-01 | 8.883238e-01 |   6.65%| unknown
  5.7s|     1 |     0 |  2265 |     - |   102M |   0 |1208 |4944 |4868 |  32 | 12 | 117 |   0 | 8.329273e-01 | 8.883238e-01 |   6.65%| unknown
  5.7s|     1 |     0 |  2268 |     - |   102M |   0 |1208 |4949 |4869 |  33 | 13 | 126 |   0 | 8.329273e-01 | 8.883238e-01 |   6.65%| unknown
  6.0s|     1 |     2 |  2284 |     - |   102M |   0 |1208 |4939 |4869 |  33 | 13 | 128 |  22 | 8.329409e-01 | 8.883238e-01 |   6.65%| unknown
 21.4s|   100 |    41 | 11932 | 115.2 |   146M |  18 |1208 |5467 |4866 | 177 |  6 | 850 |1617 | 8.329409e-01 | 8.883238e-01 |   6.65%|   4.09%
 27.6s|   200 |    73 | 18612 |  90.9 |   157M |  18 |1208 |5781 |4864 | 307 |  6 |1364 |2166 | 8.329633e-01 | 8.883238e-01 |   6.65%|   6.57%
 34.5s|   300 |    95 | 28390 |  93.2 |   164M |  19 |1208 |5896 |4847 | 545 |  0 |1743 |2480 | 8.329636e-01 | 8.883238e-01 |   6.65%|   9.26%
 39.1s|   400 |   135 | 33244 |  82.0 |   165M |  19 |1208 |6127 |   0 | 681 |  0 |2100 |2721 | 8.329755e-01 | 8.883238e-01 |   6.64%|   9.85%
 49.0s|   500 |   157 | 42763 |  84.6 |   170M |  20 |1208 |6522 |4852 | 971 | 12 |2779 |3281 | 8.329899e-01 | 8.883238e-01 |   6.64%|  10.71%
 53.8s|   600 |   194 | 48259 |  79.7 |   171M |  20 |1208 |6560 |4843 |1177 |  1 |3060 |3446 | 8.329899e-01 | 8.883238e-01 |   6.64%|  12.37%
 61.9s|   700 |   223 | 56625 |  80.3 |   172M |  20 |1208 |6651 |4855 |1510 |  1 |3347 |3611 | 8.330127e-01 | 8.883238e-01 |   6.64%|  12.89%
 69.4s|   800 |   268 | 65197 |  80.9 |   180M |  20 |1208 |6651 |   0 |1775 |  0 |3695 |3726 | 8.330759e-01 | 8.883238e-01 |   6.63%|  13.59%
 75.1s|   900 |   326 | 72733 |  80.3 |   184M |  20 |1208 |6621 |4852 |1998 |  1 |4105 |3832 | 8.331124e-01 | 8.883238e-01 |   6.63%|  14.17%
 84.4s|  1000 |   365 | 80545 |  80.1 |   186M |  20 |1208 |6560 |4864 |2380 |  0 |4446 |3929 | 8.331124e-01 | 8.883238e-01 |   6.63%|  15.07%
 94.8s|  1100 |   408 | 88765 |  80.3 |   192M |  20 |1208 |6703 |4853 |2813 |  2 |4963 |4102 | 8.331785e-01 | 8.883238e-01 |   6.62%|  15.83%
 time | node  | left  |LP iter|LP it/n|mem/heur|mdpt |vars |cons |rows |cuts |sepa|confs|strbr|  dualbound   | primalbound  |  gap   | compl. 
  102s|  1200 |   441 | 98602 |  81.8 |   194M |  20 |1208 |6947 |4856 |3068 |  0 |5690 |4265 | 8.331882e-01 | 8.883238e-01 |   6.62%|  16.83%
  112s|  1300 |   470 |107700 |  82.5 |   196M |  20 |1208 |6937 |4855 |3514 |  1 |6123 |4422 | 8.332248e-01 | 8.883238e-01 |   6.61%|  18.14%
  120s|  1400 |   505 |115325 |  82.1 |   199M |  20 |1208 |7108 |4853 |3823 |  1 |6612 |4552 | 8.332248e-01 | 8.883238e-01 |   6.61%|  18.48%
  131s|  1500 |   517 |126622 |  84.1 |   205M |  20 |1208 |6999 |4853 |4274 |  3 |6944 |4758 | 8.335014e-01 | 8.883238e-01 |   6.58%|  19.94%
  142s|  1600 |   537 |136003 |  84.7 |   207M |  22 |1208 |7265 |4860 |4725 |  3 |7538 |4906 | 8.339443e-01 | 8.883238e-01 |   6.52%|  20.73%
  151s|  1700 |   564 |144585 |  84.8 |   210M |  22 |1208 |7424 |4858 |5039 |  2 |7991 |5032 | 8.340184e-01 | 8.883238e-01 |   6.51%|  21.30%
  165s|  1800 |   582 |154745 |  85.7 |   212M |  22 |1208 |7478 |4852 |5460 |  1 |8440 |5160 | 8.341266e-01 | 8.883238e-01 |   6.50%|  21.76%
  173s|  1900 |   599 |161518 |  84.8 |   214M |  22 |1208 |7705 |4863 |5687 |  0 |9020 |5303 | 8.341368e-01 | 8.883238e-01 |   6.50%|  22.24%
  181s|  2000 |   628 |169296 |  84.4 |   215M |  22 |1208 |7818 |4862 |6004 |  1 |9476 |5446 | 8.342809e-01 | 8.883238e-01 |   6.48%|  22.76%
  189s|  2100 |   638 |177036 |  84.1 |   216M |  22 |1208 |7836 |4868 |6306 |  1 |9970 |5539 | 8.343589e-01 | 8.883238e-01 |   6.47%|  23.94%
  196s|  2200 |   645 |185133 |  83.9 |   220M |  22 |1208 |7776 |   0 |6580 |  0 |  10k|5651 | 8.350117e-01 | 8.883238e-01 |   6.38%|  25.18%
  203s|  2300 |   656 |194357 |  84.3 |   226M |  22 |1208 |7726 |   0 |6918 |  0 |  10k|5829 | 8.355392e-01 | 8.883238e-01 |   6.32%|  26.33%
  209s|  2400 |   659 |201261 |  83.7 |   226M |  22 |1208 |7782 |4856 |7132 |  1 |  11k|5882 | 8.356064e-01 | 8.883238e-01 |   6.31%|  27.11%
  213s|  2500 |   653 |208623 |  83.3 |   229M |  22 |1208 |7955 |4859 |7245 |  4 |  11k|5995 | 8.357030e-01 | 8.883238e-01 |   6.30%|  27.60%
  218s|  2600 |   671 |216772 |  83.2 |   232M |  22 |1208 |8060 |4868 |7417 |  0 |  11k|6059 | 8.357540e-01 | 8.883238e-01 |   6.29%|  27.92%
 time | node  | left  |LP iter|LP it/n|mem/heur|mdpt |vars |cons |rows |cuts |sepa|confs|strbr|  dualbound   | primalbound  |  gap   | compl. 
  223s|  2700 |   703 |224295 |  82.9 |   233M |  22 |1208 |8166 |4855 |7657 |  1 |  12k|6187 | 8.359367e-01 | 8.883238e-01 |   6.27%|  28.78%
  231s|  2800 |   729 |233681 |  83.3 |   244M |  22 |1208 |8179 |4863 |7971 |  2 |  12k|6276 | 8.364505e-01 | 8.883238e-01 |   6.20%|  29.61%
  238s|  2900 |   733 |242651 |  83.5 |   244M |  22 |1208 |8157 |4862 |8209 |  2 |  13k|6347 | 8.366700e-01 | 8.883238e-01 |   6.17%|  30.35%
  243s|  3000 |   729 |248205 |  82.6 |   245M |  22 |1208 |8261 |4879 |8398 | 12 |  13k|6430 | 8.368706e-01 | 8.883238e-01 |   6.15%|  30.88%
* 244s|  3041 |   723 |249815 |  82.0 |    LP  |  22 |1208 |8252 |4853 |8450 |  2 |  13k|6446 | 8.370292e-01 | 8.877035e-01 |   6.05%|  31.33%
  248s|  3100 |   743 |257107 |  82.8 |   245M |  22 |1208 |8186 |4849 |8658 |  1 |  13k|6459 | 8.372943e-01 | 8.877035e-01 |   6.02%|  32.32%
  252s|  3200 |   720 |262233 |  81.8 |   246M |  22 |1208 |8104 |4866 |8747 |  1 |  13k|6470 | 8.374576e-01 | 8.877035e-01 |   6.00%|  36.40%
  254s|  3300 |   717 |267530 |  80.9 |   246M |  22 |1208 |8081 |4873 |8793 |  1 |  13k|6496 | 8.375809e-01 | 8.877035e-01 |   5.98%|  39.76%
  256s|  3400 |   713 |272067 |  79.9 |   249M |  22 |1208 |8160 |   0 |8851 |  0 |  14k|6517 | 8.378116e-01 | 8.877035e-01 |   5.96%|  41.41%
  256s|  3500 |   696 |274987 |  78.4 |   250M |  22 |1208 |8216 |4857 |8856 |  0 |  14k|6542 | 8.380979e-01 | 8.877035e-01 |   5.92%|  44.21%
  259s|  3600 |   696 |282629 |  78.4 |   250M |  22 |1208 |8414 |   0 |8918 |  0 |  14k|6626 | 8.385784e-01 | 8.877035e-01 |   5.86%|  45.88%
L 261s|  3641 |   678 |285365 |  78.3 |crossove|  22 |1208 |8469 |4872 |9007 |  5 |  14k|6643 | 8.387823e-01 | 8.862276e-01 |   5.66%|  47.56%
  263s|  3700 |   682 |288323 |  77.8 |   251M |  22 |1208 |8508 |   0 |9053 |  0 |  15k|6664 | 8.387828e-01 | 8.862276e-01 |   5.66%|  48.76%
  266s|  3800 |   688 |293363 |  77.1 |   256M |  22 |1208 |8528 |4886 |9144 |  2 |  15k|6734 | 8.392998e-01 | 8.862276e-01 |   5.59%|  50.50%
  269s|  3900 |   660 |297261 |  76.1 |   257M |  22 |1208 |8457 |   0 |9204 |  0 |  15k|6760 | 8.397340e-01 | 8.862276e-01 |   5.54%|  53.33%
 time | node  | left  |LP iter|LP it/n|mem/heur|mdpt |vars |cons |rows |cuts |sepa|confs|strbr|  dualbound   | primalbound  |  gap   | compl. 
  271s|  4000 |   663 |302364 |  75.5 |   257M |  22 |1208 |8514 |4861 |9303 |  1 |  15k|6807 | 8.401738e-01 | 8.862276e-01 |   5.48%|  54.80%
  275s|  4100 |   646 |307626 |  74.9 |   258M |  22 |1208 |8449 |4856 |9371 |  0 |  16k|6886 | 8.406580e-01 | 8.862276e-01 |   5.42%|  57.40%
  276s|  4200 |   638 |311617 |  74.1 |   259M |  22 |1208 |8473 |   0 |9378 |  0 |  16k|6956 | 8.412170e-01 | 8.862276e-01 |   5.35%|  59.28%
  278s|  4300 |   639 |315983 |  73.4 |   259M |  22 |1208 |8583 |4855 |9415 |  0 |  16k|7013 | 8.414362e-01 | 8.862276e-01 |   5.32%|  60.49%
  279s|  4400 |   618 |319409 |  72.5 |   259M |  22 |1208 |8754 |   0 |9424 |  0 |  16k|7126 | 8.418321e-01 | 8.862276e-01 |   5.27%|  62.62%
  280s|  4500 |   593 |322937 |  71.7 |   260M |  22 |1208 |8863 |4865 |9424 |  1 |  17k|7208 | 8.421207e-01 | 8.862276e-01 |   5.24%|  64.25%
L 282s|  4555 |   582 |324742 |  71.2 |    rins|  22 |1208 |8786 |4857 |9459 |  1 |  17k|7244 | 8.423233e-01 | 8.854721e-01 |   5.12%|  65.16%
  283s|  4600 |   571 |326929 |  71.0 |   262M |  22 |1208 |8833 |   0 |9502 |  0 |  17k|7269 | 8.425027e-01 | 8.854721e-01 |   5.10%|  65.92%
  286s|  4700 |   550 |331965 |  70.5 |   264M |  22 |1208 |8676 |   0 |9591 |  0 |  17k|7331 | 8.428435e-01 | 8.854721e-01 |   5.06%|  67.91%
  287s|  4800 |   532 |336042 |  69.9 |   264M |  22 |1208 |8781 |4856 |9615 |  2 |  17k|7394 | 8.434385e-01 | 8.854721e-01 |   4.98%|  69.96%
  288s|  4900 |   499 |338296 |  68.9 |   265M |  22 |1208 |8842 |   0 |9615 |  0 |  18k|7397 | 8.436460e-01 | 8.854721e-01 |   4.96%|  71.81%
  289s|  5000 |   464 |341637 |  68.2 |   265M |  22 |1208 |8875 |4864 |9624 |  1 |  18k|7439 | 8.439000e-01 | 8.854721e-01 |   4.93%|  74.33%
  291s|  5100 |   410 |345713 |  67.7 |   265M |  22 |1208 |9089 |4867 |9640 |  3 |  18k|7600 | 8.444920e-01 | 8.854721e-01 |   4.85%|  77.46%
  293s|  5200 |   370 |349646 |  67.2 |   266M |  22 |1208 |9211 |4847 |9668 |  1 |  19k|7656 | 8.449014e-01 | 8.854721e-01 |   4.80%|  80.08%
  294s|  5300 |   334 |353964 |  66.7 |   266M |  22 |1208 |9160 |4855 |9668 |  2 |  19k|7742 | 8.453354e-01 | 8.854721e-01 |   4.75%|  82.73%
 time | node  | left  |LP iter|LP it/n|mem/heur|mdpt |vars |cons |rows |cuts |sepa|confs|strbr|  dualbound   | primalbound  |  gap   | compl. 
  295s|  5400 |   289 |359620 |  66.5 |   266M |  22 |1208 |9105 |   0 |9682 |  0 |  19k|7824 | 8.456090e-01 | 8.854721e-01 |   4.71%|  85.50%
  297s|  5500 |   245 |364519 |  66.2 |   267M |  22 |1208 |9130 |4865 |9704 |  1 |  20k|7954 | 8.475925e-01 | 8.854721e-01 |   4.47%|  88.38%
  299s|  5600 |   185 |369559 |  65.9 |   267M |  22 |1208 |9287 |4882 |9705 |  1 |  20k|8085 | 8.483327e-01 | 8.854721e-01 |   4.38%|  91.18%
  301s|  5700 |   123 |374381 |  65.6 |   267M |  22 |1208 |9253 |4892 |9775 |  2 |  20k|8191 | 8.493794e-01 | 8.854721e-01 |   4.25%|  94.52%
  302s|  5800 |    56 |377041 |  64.9 |   267M |  22 |1208 |9017 |   0 |9775 |  0 |  21k|8268 | 8.516590e-01 | 8.854721e-01 |   3.97%|  97.19%
  305s|  5900 |    18 |381598 |  64.6 |   267M |  22 |1208 |8923 |   0 |9839 |  0 |  21k|8336 | 8.579616e-01 | 8.854721e-01 |   3.21%|  98.85%

SCIP Status        : problem is solved [optimal solution found]
Solving Time (sec) : 306.91
Solving Nodes      : 5979
Primal Bound       : +8.85472096783384e-01 (13 solutions)
Dual Bound         : +8.85472096783384e-01
Gap                : 0.00 %
objective value:                    0.885472096783384
x_('12_1', '13_1')                                  1 	(obj:0.00600945775535939)
x_('11_6', '12_1')                                  1 	(obj:0.00523155737704918)
x_('10_6', '11_6')                                  1 	(obj:0.00510453480945284)
x_('9_16', '10_6')                                  1 	(obj:0.00860175644028103)
x_('8_12', '9_16')                                  1 	(obj:0.00782617746552173)
x_('7_18', '8_12')                                  1 	(obj:0.00790310304449649)
x_('6_20', '7_18')                                  1 	(obj:0.0193877551020408)
x_('5_17', '6_20')                                  1 	(obj:0.0135733801717408)
x_('4_16', '5_17')                                  1 	(obj:0.015)
x_('3_14', '4_16')                                  1 	(obj:0.0115582552693208)
x_('2_12', '3_14')                                  1 	(obj:0.0308871975019516)
x_('1_10', '2_12')                                  1 	(obj:0.0371487119437939)
x_('0_1', '1_10')                                   1 	(obj:0.00714285714285714)
y_0_0                                               1 	(obj:0)
y_1_0                                               1 	(obj:0)
y_2_0                                               1 	(obj:0)
y_3_1                                               1 	(obj:0)
y_4_1                                               1 	(obj:0)
y_5_1                                               1 	(obj:0)
y_6_1                                               1 	(obj:0)
y_7_2                                               1 	(obj:0)
y_8_2                                               1 	(obj:0)
y_9_2                                               1 	(obj:0)
y_10_3                                              1 	(obj:0)
y_11_3                                              1 	(obj:0)
y_12_3                                              1 	(obj:0)
z_('3268741', '3425762')_3                          1 	(obj:0)
z_('3268741', '1966592X')_3                         1 	(obj:0)
z_('1966592X', '3452192')_2                         1 	(obj:0)
z_('3452192', '1353870')_0                          1 	(obj:0)
z_('3452192', '3520162')_0                          1 	(obj:0)
z_('3520162', '3307092')_1                          1 	(obj:0)
z_('3520162', '3524054')_0                          1 	(obj:0)
z_('3268740', '3524054')_1                          1 	(obj:0)
z_('3524054', '3179975')_1                          1 	(obj:0)
z_('3179975', '3422998')_1                          1 	(obj:0)
z_('3422998', '2495223X')_2                         1 	(obj:0)
z_('3422998', '1353870_01')_2                       1 	(obj:0)
z_('2495223X', '2245784X')_3                        1 	(obj:0)
alpha                                3.46156626506024 	(obj:0.205137587550172)
  obj=0.885  alpha=574.6s  time=307.11s

k = 1
  Subgraph edges — edge_w: 13 (1.2%)  bal_w: 13 (1.2%)  combined: 26 (2.4%)  blended: 13 (1.2%)  blended_union: 37 (3.3%)  diverse: 13 (1.2%)
  [3a] Subgraph / edge_w   k=1 …
2026-07-01 19:11:17.677 | INFO     | pycaalp.time_balancing.model:run_mip:430 - Running MIP solver ...
      obj=0.888 (vs_full=+0.32%)  alpha=584.0s  build=0.002s solve=0.067s  vs_full=+1.64%
  [3b] Subgraph / bal_w    k=1 …
2026-07-01 19:11:17.744 | INFO     | pycaalp.time_balancing.model:run_mip:430 - Running MIP solver ...
      obj=0.973 (vs_full=+9.89%)  alpha=597.8s  build=0.001s solve=0.149s  vs_full=+4.04%
  [3c] Subgraph / combined k=1 …
2026-07-01 19:11:17.893 | INFO     | pycaalp.time_balancing.model:run_mip:430 - Running MIP solver ...
      obj=0.888 (vs_full=+0.32%)  alpha=584.0s  build=0.002s solve=0.231s  vs_full=+1.64%
  [3d] Subgraph / blended  k=1 …
2026-07-01 19:11:18.125 | INFO     | pycaalp.time_balancing.model:run_mip:430 - Running MIP solver ...
      obj=0.921 (vs_full=+4.03%)  alpha=574.6s  build=0.001s solve=0.135s  vs_full=+0.00%
  [3e] Subgraph / bl-union k=1 …
2026-07-01 19:11:18.260 | INFO     | pycaalp.time_balancing.model:run_mip:430 - Running MIP solver ...
      obj=0.888 (vs_full=+0.32%)  alpha=584.0s  build=0.018s solve=0.271s  vs_full=+1.64%
  [3f] Subgraph / diverse  k=1 …
2026-07-01 19:11:18.531 | INFO     | pycaalp.time_balancing.model:run_mip:430 - Running MIP solver ...
      obj=0.921 (vs_full=+4.03%)  alpha=574.6s  build=0.009s solve=0.127s  vs_full=+0.00%

k = 2
  Subgraph edges — edge_w: 15 (1.4%)  bal_w: 15 (1.4%)  combined: 30 (2.7%)  blended: 15 (1.4%)  blended_union: 43 (3.9%)  diverse: 26 (2.4%)
  [3a] Subgraph / edge_w   k=2 …
2026-07-01 19:11:18.702 | INFO     | pycaalp.time_balancing.model:run_mip:430 - Running MIP solver ...
      obj=0.888 (vs_full=+0.32%)  alpha=584.0s  build=0.004s solve=0.090s  vs_full=+1.64%
  [3b] Subgraph / bal_w    k=2 …
2026-07-01 19:11:18.793 | INFO     | pycaalp.time_balancing.model:run_mip:430 - Running MIP solver ...
      obj=0.973 (vs_full=+9.89%)  alpha=597.8s  build=0.003s solve=0.141s  vs_full=+4.04%
  [3c] Subgraph / combined k=2 …
2026-07-01 19:11:18.934 | INFO     | pycaalp.time_balancing.model:run_mip:430 - Running MIP solver ...
      obj=0.888 (vs_full=+0.32%)  alpha=584.0s  build=0.008s solve=0.245s  vs_full=+1.64%
  [3d] Subgraph / blended  k=2 …
2026-07-01 19:11:19.179 | INFO     | pycaalp.time_balancing.model:run_mip:430 - Running MIP solver ...
      obj=0.921 (vs_full=+4.03%)  alpha=574.6s  build=0.004s solve=0.369s  vs_full=+0.00%
  [3e] Subgraph / bl-union k=2 …
2026-07-01 19:11:19.549 | INFO     | pycaalp.time_balancing.model:run_mip:430 - Running MIP solver ...
      obj=0.888 (vs_full=+0.32%)  alpha=584.0s  build=0.021s solve=0.375s  vs_full=+1.64%
  [3f] Subgraph / diverse  k=2 …
2026-07-01 19:11:19.924 | INFO     | pycaalp.time_balancing.model:run_mip:430 - Running MIP solver ...
      obj=0.904 (vs_full=+2.13%)  alpha=586.1s  build=0.005s solve=0.783s  vs_full=+2.00%

k = 5
  Subgraph edges — edge_w: 21 (1.9%)  bal_w: 27 (2.4%)  combined: 48 (4.3%)  blended: 19 (1.7%)  blended_union: 60 (5.4%)  diverse: 65 (5.9%)
  [3a] Subgraph / edge_w   k=5 …
2026-07-01 19:11:20.855 | INFO     | pycaalp.time_balancing.model:run_mip:430 - Running MIP solver ...
      obj=0.888 (vs_full=+0.32%)  alpha=584.0s  build=0.013s solve=0.270s  vs_full=+1.64%
  [3b] Subgraph / bal_w    k=5 …
2026-07-01 19:11:21.125 | INFO     | pycaalp.time_balancing.model:run_mip:430 - Running MIP solver ...
      obj=0.960 (vs_full=+8.37%)  alpha=586.1s  build=0.009s solve=0.468s  vs_full=+2.00%
  [3c] Subgraph / combined k=5 …
2026-07-01 19:11:21.593 | INFO     | pycaalp.time_balancing.model:run_mip:430 - Running MIP solver ...
      obj=0.888 (vs_full=+0.32%)  alpha=584.0s  build=0.022s solve=0.402s  vs_full=+1.64%
  [3d] Subgraph / blended  k=5 …
2026-07-01 19:11:21.995 | INFO     | pycaalp.time_balancing.model:run_mip:430 - Running MIP solver ...
      obj=0.921 (vs_full=+4.03%)  alpha=574.6s  build=0.012s solve=0.204s  vs_full=+0.00%
  [3e] Subgraph / bl-union k=5 …
2026-07-01 19:11:22.199 | INFO     | pycaalp.time_balancing.model:run_mip:430 - Running MIP solver ...
      obj=0.888 (vs_full=+0.32%)  alpha=584.0s  build=0.084s solve=1.029s  vs_full=+1.64%
  [3f] Subgraph / diverse  k=5 …
2026-07-01 19:11:23.228 | INFO     | pycaalp.time_balancing.model:run_mip:430 - Running MIP solver ...
      obj=0.904 (vs_full=+2.13%)  alpha=586.1s  build=0.007s solve=0.437s  vs_full=+2.00%

k = 10
  Subgraph edges — edge_w: 24 (2.2%)  bal_w: 38 (3.4%)  combined: 62 (5.6%)  blended: 23 (2.1%)  blended_union: 76 (6.9%)  diverse: 126 (11.4%)
  [3a] Subgraph / edge_w   k=10 …
2026-07-01 19:11:23.998 | INFO     | pycaalp.time_balancing.model:run_mip:430 - Running MIP solver ...
      obj=0.888 (vs_full=+0.32%)  alpha=584.0s  build=0.030s solve=0.178s  vs_full=+1.64%
  [3b] Subgraph / bal_w    k=10 …
2026-07-01 19:11:24.176 | INFO     | pycaalp.time_balancing.model:run_mip:430 - Running MIP solver ...
      obj=0.958 (vs_full=+8.15%)  alpha=586.1s  build=0.019s solve=1.114s  vs_full=+2.00%
  [3c] Subgraph / combined k=10 …
2026-07-01 19:11:25.290 | INFO     | pycaalp.time_balancing.model:run_mip:430 - Running MIP solver ...
      obj=0.888 (vs_full=+0.32%)  alpha=584.0s  build=0.053s solve=0.798s  vs_full=+1.64%
  [3d] Subgraph / blended  k=10 …
2026-07-01 19:11:26.088 | INFO     | pycaalp.time_balancing.model:run_mip:430 - Running MIP solver ...
      obj=0.921 (vs_full=+4.03%)  alpha=574.6s  build=0.052s solve=0.438s  vs_full=+0.00%
  [3e] Subgraph / bl-union k=10 …
2026-07-01 19:11:26.526 | INFO     | pycaalp.time_balancing.model:run_mip:430 - Running MIP solver ...
      obj=0.888 (vs_full=+0.32%)  alpha=584.0s  build=0.169s solve=0.883s  vs_full=+1.64%
  [3f] Subgraph / diverse  k=10 …
2026-07-01 19:11:27.409 | INFO     | pycaalp.time_balancing.model:run_mip:430 - Running MIP solver ...
      obj=0.904 (vs_full=+2.13%)  alpha=586.1s  build=0.010s solve=1.116s  vs_full=+2.00%

k = 20
  Subgraph edges — edge_w: 35 (3.2%)  bal_w: 42 (3.8%)  combined: 77 (7.0%)  blended: 28 (2.5%)  blended_union: 92 (8.3%)  diverse: 239 (21.6%)
  [3a] Subgraph / edge_w   k=20 …
2026-07-01 19:11:29.325 | INFO     | pycaalp.time_balancing.model:run_mip:430 - Running MIP solver ...
      obj=0.888 (vs_full=+0.32%)  alpha=584.0s  build=0.089s solve=0.991s  vs_full=+1.64%
  [3b] Subgraph / bal_w    k=20 …
2026-07-01 19:11:30.317 | INFO     | pycaalp.time_balancing.model:run_mip:430 - Running MIP solver ...
      obj=0.958 (vs_full=+8.15%)  alpha=586.1s  build=0.088s solve=1.373s  vs_full=+2.00%
  [3c] Subgraph / combined k=20 …
2026-07-01 19:11:31.689 | INFO     | pycaalp.time_balancing.model:run_mip:430 - Running MIP solver ...
      obj=0.888 (vs_full=+0.32%)  alpha=584.0s  build=0.170s solve=0.720s  vs_full=+1.64%
  [3d] Subgraph / blended  k=20 …
2026-07-01 19:11:32.410 | INFO     | pycaalp.time_balancing.model:run_mip:430 - Running MIP solver ...
      obj=0.921 (vs_full=+4.03%)  alpha=574.6s  build=0.048s solve=0.895s  vs_full=+0.00%
  [3e] Subgraph / bl-union k=20 …
2026-07-01 19:11:33.305 | INFO     | pycaalp.time_balancing.model:run_mip:430 - Running MIP solver ...
      obj=0.888 (vs_full=+0.32%)  alpha=584.0s  build=0.371s solve=1.048s  vs_full=+1.64%
  [3f] Subgraph / diverse  k=20 …
2026-07-01 19:11:34.353 | INFO     | pycaalp.time_balancing.model:run_mip:430 - Running MIP solver ...
      obj=0.887 (vs_full=+0.16%)  alpha=581.1s  build=0.033s solve=3.092s  vs_full=+1.13%

k = 50
  Subgraph edges — edge_w: 54 (4.9%)  bal_w: 63 (5.7%)  combined: 116 (10.5%)  blended: 32 (2.9%)  blended_union: 125 (11.3%)  diverse: 506 (45.8%)
  [3a] Subgraph / edge_w   k=50 …
2026-07-01 19:11:38.904 | INFO     | pycaalp.time_balancing.model:run_mip:430 - Running MIP solver ...
      obj=0.888 (vs_full=+0.32%)  alpha=584.0s  build=0.133s solve=0.694s  vs_full=+1.64%
  [3b] Subgraph / bal_w    k=50 …
2026-07-01 19:11:39.598 | INFO     | pycaalp.time_balancing.model:run_mip:430 - Running MIP solver ...
      obj=0.958 (vs_full=+8.15%)  alpha=586.1s  build=0.118s solve=0.729s  vs_full=+2.00%
  [3c] Subgraph / combined k=50 …
2026-07-01 19:11:40.327 | INFO     | pycaalp.time_balancing.model:run_mip:430 - Running MIP solver ...
      obj=0.888 (vs_full=+0.32%)  alpha=584.0s  build=0.275s solve=0.893s  vs_full=+1.64%
  [3d] Subgraph / blended  k=50 …
2026-07-01 19:11:41.220 | INFO     | pycaalp.time_balancing.model:run_mip:430 - Running MIP solver ...
      obj=0.921 (vs_full=+4.03%)  alpha=574.6s  build=0.179s solve=0.248s  vs_full=+0.00%
  [3e] Subgraph / bl-union k=50 …
2026-07-01 19:11:41.468 | INFO     | pycaalp.time_balancing.model:run_mip:430 - Running MIP solver ...
      obj=0.888 (vs_full=+0.32%)  alpha=584.0s  build=0.723s solve=1.605s  vs_full=+1.64%
  [3f] Subgraph / diverse  k=50 …
2026-07-01 19:11:43.073 | INFO     | pycaalp.time_balancing.model:run_mip:430 - Running MIP solver ...
      obj=0.887 (vs_full=+0.15%)  alpha=574.6s  build=0.031s solve=34.782s  vs_full=+0.00%

k = 100
  Subgraph edges — edge_w: 78 (7.1%)  bal_w: 86 (7.8%)  combined: 162 (14.7%)  blended: 40 (3.6%)  blended_union: 153 (13.8%)  diverse: 742 (67.1%)
  [3a] Subgraph / edge_w   k=100 …
2026-07-01 19:12:20.651 | INFO     | pycaalp.time_balancing.model:run_mip:430 - Running MIP solver ...
      obj=0.888 (vs_full=+0.32%)  alpha=584.0s  build=0.359s solve=0.852s  vs_full=+1.64%
  [3b] Subgraph / bal_w    k=100 …
2026-07-01 19:12:21.503 | INFO     | pycaalp.time_balancing.model:run_mip:430 - Running MIP solver ...
      obj=0.953 (vs_full=+7.57%)  alpha=574.0s  build=0.222s solve=1.156s  vs_full=-0.11%
  [3c] Subgraph / combined k=100 …
2026-07-01 19:12:22.660 | INFO     | pycaalp.time_balancing.model:run_mip:430 - Running MIP solver ...
      obj=0.888 (vs_full=+0.32%)  alpha=584.0s  build=0.522s solve=2.753s  vs_full=+1.64%
  [3d] Subgraph / blended  k=100 …
2026-07-01 19:12:25.413 | INFO     | pycaalp.time_balancing.model:run_mip:430 - Running MIP solver ...
      obj=0.921 (vs_full=+4.03%)  alpha=574.6s  build=0.351s solve=0.774s  vs_full=+0.00%
  [3e] Subgraph / bl-union k=100 …
2026-07-01 19:12:26.187 | INFO     | pycaalp.time_balancing.model:run_mip:430 - Running MIP solver ...
      obj=0.888 (vs_full=+0.32%)  alpha=584.0s  build=1.268s solve=3.393s  vs_full=+1.64%
  [3f] Subgraph / diverse  k=100 …
2026-07-01 19:12:29.580 | INFO     | pycaalp.time_balancing.model:run_mip:430 - Running MIP solver ...
      obj=0.887 (vs_full=+0.15%)  alpha=574.6s  build=0.074s solve=169.655s  vs_full=+0.00%

k = 200
  Subgraph edges — edge_w: 95 (8.6%)  bal_w: 111 (10.0%)  combined: 202 (18.3%)  blended: 45 (4.1%)  blended_union: 177 (16.0%)  diverse: 910 (82.4%)
  [3a] Subgraph / edge_w   k=200 …
2026-07-01 19:15:24.741 | INFO     | pycaalp.time_balancing.model:run_mip:430 - Running MIP solver ...
      obj=0.888 (vs_full=+0.32%)  alpha=584.0s  build=0.633s solve=1.715s  vs_full=+1.64%
  [3b] Subgraph / bal_w    k=200 …
2026-07-01 19:15:26.456 | INFO     | pycaalp.time_balancing.model:run_mip:430 - Running MIP solver ...
      obj=0.952 (vs_full=+7.47%)  alpha=574.0s  build=0.374s solve=1.677s  vs_full=-0.11%
  [3c] Subgraph / combined k=200 …
2026-07-01 19:15:28.134 | INFO     | pycaalp.time_balancing.model:run_mip:430 - Running MIP solver ...
      obj=0.888 (vs_full=+0.32%)  alpha=584.0s  build=1.116s solve=3.205s  vs_full=+1.64%
  [3d] Subgraph / blended  k=200 …
2026-07-01 19:15:31.338 | INFO     | pycaalp.time_balancing.model:run_mip:430 - Running MIP solver ...
      obj=0.921 (vs_full=+4.03%)  alpha=574.6s  build=0.709s solve=0.462s  vs_full=+0.00%
  [3e] Subgraph / bl-union k=200 …
2026-07-01 19:15:31.800 | INFO     | pycaalp.time_balancing.model:run_mip:430 - Running MIP solver ...
      obj=0.888 (vs_full=+0.32%)  alpha=584.0s  build=2.542s solve=2.157s  vs_full=+1.64%
  [3f] Subgraph / diverse  k=200 …
2026-07-01 19:15:33.957 | INFO     | pycaalp.time_balancing.model:run_mip:430 - Running MIP solver ...
      obj=0.885 (vs_full=-0.00%)  alpha=574.6s  build=0.131s solve=139.090s  vs_full=+0.00%

k = 500
  Subgraph edges — edge_w: 108 (9.8%)  bal_w: 153 (13.8%)  combined: 257 (23.3%)  blended: 53 (4.8%)  blended_union: 245 (22.2%)  diverse: 1049 (94.9%)
  [3a] Subgraph / edge_w   k=500 …
2026-07-01 19:18:03.287 | INFO     | pycaalp.time_balancing.model:run_mip:430 - Running MIP solver ...
      obj=0.886 (vs_full=+0.09%)  alpha=581.1s  build=1.286s solve=0.635s  vs_full=+1.13%
  [3b] Subgraph / bal_w    k=500 …
2026-07-01 19:18:03.922 | INFO     | pycaalp.time_balancing.model:run_mip:430 - Running MIP solver ...
      obj=0.948 (vs_full=+7.09%)  alpha=581.1s  build=0.839s solve=5.752s  vs_full=+1.13%
  [3c] Subgraph / combined k=500 …
2026-07-01 19:18:09.674 | INFO     | pycaalp.time_balancing.model:run_mip:430 - Running MIP solver ...
      obj=0.886 (vs_full=+0.09%)  alpha=581.1s  build=1.971s solve=2.621s  vs_full=+1.13%
  [3d] Subgraph / blended  k=500 …
2026-07-01 19:18:12.295 | INFO     | pycaalp.time_balancing.model:run_mip:430 - Running MIP solver ...
      obj=0.921 (vs_full=+4.03%)  alpha=574.6s  build=1.461s solve=0.389s  vs_full=+0.00%
  [3e] Subgraph / bl-union k=500 …
2026-07-01 19:18:12.684 | INFO     | pycaalp.time_balancing.model:run_mip:430 - Running MIP solver ...
      obj=0.885 (vs_full=-0.00%)  alpha=574.6s  build=4.372s solve=3.618s  vs_full=+0.00%
  [3f] Subgraph / diverse  k=500 …
2026-07-01 19:18:16.302 | INFO     | pycaalp.time_balancing.model:run_mip:430 - Running MIP solver ...
      obj=0.885 (vs_full=-0.00%)  alpha=574.6s  build=0.310s solve=173.249s  vs_full=+0.00%

k = 1000
  Subgraph edges — edge_w: 142 (12.9%)  bal_w: 211 (19.1%)  combined: 346 (31.3%)  blended: 59 (5.3%)  blended_union: 297 (26.9%)  diverse: 1099 (99.5%)
  [3a] Subgraph / edge_w   k=1000 …
2026-07-01 19:21:27.583 | INFO     | pycaalp.time_balancing.model:run_mip:430 - Running MIP solver ...
      obj=0.886 (vs_full=+0.09%)  alpha=581.1s  build=2.020s solve=1.268s  vs_full=+1.13%
  [3b] Subgraph / bal_w    k=1000 …
2026-07-01 19:21:28.851 | INFO     | pycaalp.time_balancing.model:run_mip:430 - Running MIP solver ...
      obj=0.947 (vs_full=+6.99%)  alpha=581.1s  build=1.669s solve=4.944s  vs_full=+1.13%
  [3c] Subgraph / combined k=1000 …
2026-07-01 19:21:33.796 | INFO     | pycaalp.time_balancing.model:run_mip:430 - Running MIP solver ...
      obj=0.886 (vs_full=+0.09%)  alpha=581.1s  build=3.629s solve=8.341s  vs_full=+1.13%
  [3d] Subgraph / blended  k=1000 …
2026-07-01 19:21:42.136 | INFO     | pycaalp.time_balancing.model:run_mip:430 - Running MIP solver ...
      obj=0.921 (vs_full=+4.03%)  alpha=574.6s  build=2.884s solve=0.272s  vs_full=+0.00%
  [3e] Subgraph / bl-union k=1000 …
2026-07-01 19:21:42.409 | INFO     | pycaalp.time_balancing.model:run_mip:430 - Running MIP solver ...
      obj=0.885 (vs_full=-0.00%)  alpha=574.6s  build=7.214s solve=6.965s  vs_full=+0.00%
  [3f] Subgraph / diverse  k=1000 …
2026-07-01 19:21:49.374 | INFO     | pycaalp.time_balancing.model:run_mip:430 - Running MIP solver ...
      obj=0.885 (vs_full=-0.00%)  alpha=574.6s  build=0.615s solve=158.200s  vs_full=+0.00%

k = 2000
  Subgraph edges — edge_w: 185 (16.7%)  bal_w: 292 (26.4%)  combined: 460 (41.6%)  blended: 148 (13.4%)  blended_union: 410 (37.1%)  diverse: 1105 (100.0%)
  [3a] Subgraph / edge_w   k=2000 …
2026-07-01 19:25:10.277 | INFO     | pycaalp.time_balancing.model:run_mip:430 - Running MIP solver ...
      obj=0.886 (vs_full=+0.09%)  alpha=581.1s  build=4.736s solve=0.780s  vs_full=+1.13%
  [3b] Subgraph / bal_w    k=2000 …
2026-07-01 19:25:11.057 | INFO     | pycaalp.time_balancing.model:run_mip:430 - Running MIP solver ...
      obj=0.947 (vs_full=+6.99%)  alpha=581.1s  build=3.998s solve=8.893s  vs_full=+1.13%
  [3c] Subgraph / combined k=2000 …
2026-07-01 19:25:19.951 | INFO     | pycaalp.time_balancing.model:run_mip:430 - Running MIP solver ...
      obj=0.886 (vs_full=+0.09%)  alpha=581.1s  build=8.800s solve=7.134s  vs_full=+1.13%
  [3d] Subgraph / blended  k=2000 …
2026-07-01 19:25:27.084 | INFO     | pycaalp.time_balancing.model:run_mip:430 - Running MIP solver ...
      obj=0.904 (vs_full=+2.13%)  alpha=586.1s  build=7.218s solve=1.250s  vs_full=+2.00%
  [3e] Subgraph / bl-union k=2000 …
2026-07-01 19:25:28.335 | INFO     | pycaalp.time_balancing.model:run_mip:430 - Running MIP solver ...
      obj=0.885 (vs_full=-0.00%)  alpha=574.6s  build=16.666s solve=8.256s  vs_full=+0.00%
  [3f] Subgraph / diverse  k=2000 …
2026-07-01 19:25:36.591 | INFO     | pycaalp.time_balancing.model:run_mip:430 - Running MIP solver ...
      obj=0.885 (vs_full=+0.00%)  alpha=574.6s  build=1.285s solve=164.424s  vs_full=+0.00%

k = 5000
  Subgraph edges — edge_w: 232 (21.0%)  bal_w: 431 (39.0%)  combined: 632 (57.2%)  blended: 196 (17.7%)  blended_union: 525 (47.5%)  diverse: 1105 (100.0%)
  [3a] Subgraph / edge_w   k=5000 …
2026-07-01 19:30:55.228 | INFO     | pycaalp.time_balancing.model:run_mip:430 - Running MIP solver ...
      obj=0.886 (vs_full=+0.09%)  alpha=581.1s  build=17.991s solve=5.829s  vs_full=+1.13%
  [3b] Subgraph / bal_w    k=5000 …
2026-07-01 19:31:01.057 | INFO     | pycaalp.time_balancing.model:run_mip:430 - Running MIP solver ...
      obj=0.924 (vs_full=+4.33%)  alpha=567.5s  build=15.265s solve=25.685s  vs_full=-1.24%
  [3c] Subgraph / combined k=5000 …
2026-07-01 19:31:26.742 | INFO     | pycaalp.time_balancing.model:run_mip:430 - Running MIP solver ...
      obj=0.886 (vs_full=+0.09%)  alpha=581.1s  build=33.738s solve=22.432s  vs_full=+1.13%
  [3d] Subgraph / blended  k=5000 …
2026-07-01 19:31:49.174 | INFO     | pycaalp.time_balancing.model:run_mip:430 - Running MIP solver ...
      obj=0.904 (vs_full=+2.13%)  alpha=586.1s  build=24.454s solve=4.307s  vs_full=+2.00%
  [3e] Subgraph / bl-union k=5000 …
2026-07-01 19:31:53.481 | INFO     | pycaalp.time_balancing.model:run_mip:430 - Running MIP solver ...
      obj=0.885 (vs_full=-0.00%)  alpha=574.6s  build=59.756s solve=34.745s  vs_full=+0.00%
  [3f] Subgraph / diverse  k=5000 …
2026-07-01 19:32:28.226 | INFO     | pycaalp.time_balancing.model:run_mip:430 - Running MIP solver ...
      obj=0.885 (vs_full=+0.00%)  alpha=574.6s  build=3.008s solve=153.682s  vs_full=+0.00%

Results saved to experiments/strategy_comparison/assembly_1_np_4/strategy_comparison_lambda_0.8.csv
Plot with:  python -m experiments.strategy_comparison.plot_k_sensitivity

============================================================================================================================
SUMMARY — assembly_1  P=4  λ=0.8
============================================================================================================================
Strategy       Weight                      k   Build    Solve    Total  Spdup       Obj   ObjvsF     Alpha    AlvsF   Edges  %Grph
----------------------------------------------------------------------------------------------------------------------------
full_mip       —                               0.000  307.112  307.112   1.0x     0.885    +0.00    574.62    +0.00    1105  100.0
subgraph_mip   edge_weight                 1   0.002    0.067    0.069 4457.6x     0.888    +0.32    584.04    +1.64      13    1.2
subgraph_mip   time_balanced_weight        1   0.001    0.149    0.150 2052.3x     0.973    +9.89    597.84    +4.04      13    1.2
subgraph_mip   combined                    1   0.002    0.231    0.233 1316.8x     0.888    +0.32    584.04    +1.64      26    2.4
subgraph_mip   blended                     1   0.001    0.135    0.136 2251.7x     0.921    +4.03    574.62    +0.00      13    1.2
subgraph_mip   blended_union               1   0.018    0.271    0.289 1062.4x     0.888    +0.32    584.04    +1.64      37    3.4
subgraph_mip   diverse                     1   0.009    0.127    0.136 2254.4x     0.921    +4.03    574.62    +0.00      13    1.2
subgraph_mip   edge_weight                 2   0.004    0.090    0.094 3256.6x     0.888    +0.32    584.04    +1.64      15    1.4
subgraph_mip   time_balanced_weight        2   0.003    0.141    0.143 2142.5x     0.973    +9.89    597.84    +4.04      15    1.4
subgraph_mip   combined                    2   0.008    0.245    0.254 1209.3x     0.888    +0.32    584.04    +1.64      30    2.7
subgraph_mip   blended                     2   0.004    0.369    0.373 823.1x     0.921    +4.03    574.62    +0.00      15    1.4
subgraph_mip   blended_union               2   0.021    0.375    0.396 775.8x     0.888    +0.32    584.04    +1.64      43    3.9
subgraph_mip   diverse                     2   0.005    0.783    0.787 390.1x     0.904    +2.13    586.13    +2.00      26    2.4
subgraph_mip   edge_weight                 5   0.013    0.270    0.283 1085.0x     0.888    +0.32    584.04    +1.64      21    1.9
subgraph_mip   time_balanced_weight        5   0.009    0.468    0.477 643.6x     0.960    +8.37    586.13    +2.00      27    2.4
subgraph_mip   combined                    5   0.022    0.402    0.424 724.4x     0.888    +0.32    584.04    +1.64      48    4.3
subgraph_mip   blended                     5   0.012    0.204    0.216 1420.5x     0.921    +4.03    574.62    +0.00      19    1.7
subgraph_mip   blended_union               5   0.084    1.029    1.113 275.9x     0.888    +0.32    584.04    +1.64      60    5.4
subgraph_mip   diverse                     5   0.007    0.437    0.444 691.4x     0.904    +2.13    586.13    +2.00      65    5.9
subgraph_mip   edge_weight                10   0.030    0.178    0.208 1476.6x     0.888    +0.32    584.04    +1.64      24    2.2
subgraph_mip   time_balanced_weight       10   0.019    1.114    1.133 271.1x     0.958    +8.15    586.13    +2.00      38    3.4
subgraph_mip   combined                   10   0.053    0.798    0.851 360.9x     0.888    +0.32    584.04    +1.64      62    5.6
subgraph_mip   blended                    10   0.052    0.438    0.490 627.1x     0.921    +4.03    574.62    +0.00      23    2.1
subgraph_mip   blended_union              10   0.169    0.883    1.052 292.0x     0.888    +0.32    584.04    +1.64      76    6.9
subgraph_mip   diverse                    10   0.010    1.116    1.125 272.9x     0.904    +2.13    586.13    +2.00     126   11.4
subgraph_mip   edge_weight                20   0.089    0.991    1.081 284.1x     0.888    +0.32    584.04    +1.64      35    3.2
subgraph_mip   time_balanced_weight       20   0.088    1.373    1.461 210.3x     0.958    +8.15    586.13    +2.00      42    3.8
subgraph_mip   combined                   20   0.170    0.720    0.890 344.9x     0.888    +0.32    584.04    +1.64      77    7.0
subgraph_mip   blended                    20   0.048    0.895    0.943 325.6x     0.921    +4.03    574.62    +0.00      28    2.5
subgraph_mip   blended_union              20   0.371    1.048    1.419 216.4x     0.888    +0.32    584.04    +1.64      92    8.3
subgraph_mip   diverse                    20   0.033    3.092    3.125  98.3x     0.887    +0.16    581.12    +1.13     239   21.6
subgraph_mip   edge_weight                50   0.133    0.694    0.827 371.5x     0.888    +0.32    584.04    +1.64      54    4.9
subgraph_mip   time_balanced_weight       50   0.118    0.729    0.847 362.7x     0.958    +8.15    586.13    +2.00      63    5.7
subgraph_mip   combined                   50   0.275    0.893    1.168 263.0x     0.888    +0.32    584.04    +1.64     116   10.5
subgraph_mip   blended                    50   0.179    0.248    0.427 718.9x     0.921    +4.03    574.62    +0.00      32    2.9
subgraph_mip   blended_union              50   0.723    1.605    2.328 131.9x     0.888    +0.32    584.04    +1.64     125   11.3
subgraph_mip   diverse                    50   0.031   34.782   34.813   8.8x     0.887    +0.15    574.62    +0.00     506   45.8
subgraph_mip   edge_weight               100   0.359    0.852    1.211 253.6x     0.888    +0.32    584.04    +1.64      78    7.1
subgraph_mip   time_balanced_weight      100   0.222    1.156    1.378 222.8x     0.953    +7.57    574.00    -0.11      86    7.8
subgraph_mip   combined                  100   0.522    2.753    3.275  93.8x     0.888    +0.32    584.04    +1.64     162   14.7
subgraph_mip   blended                   100   0.351    0.774    1.125 273.1x     0.921    +4.03    574.62    +0.00      40    3.6
subgraph_mip   blended_union             100   1.268    3.393    4.661  65.9x     0.888    +0.32    584.04    +1.64     153   13.8
subgraph_mip   diverse                   100   0.074  169.655  169.729   1.8x     0.887    +0.15    574.62    +0.00     742   67.2
subgraph_mip   edge_weight               200   0.633    1.715    2.348 130.8x     0.888    +0.32    584.04    +1.64      95    8.6
subgraph_mip   time_balanced_weight      200   0.374    1.677    2.051 149.7x     0.952    +7.47    574.00    -0.11     111   10.1
subgraph_mip   combined                  200   1.116    3.205    4.321  71.1x     0.888    +0.32    584.04    +1.64     202   18.3
subgraph_mip   blended                   200   0.709    0.462    1.171 262.2x     0.921    +4.03    574.62    +0.00      45    4.1
subgraph_mip   blended_union             200   2.542    2.157    4.699  65.4x     0.888    +0.32    584.04    +1.64     177   16.0
subgraph_mip   diverse                   200   0.131  139.090  139.221   2.2x     0.885    -0.00    574.62    +0.00     910   82.3
subgraph_mip   edge_weight               500   1.286    0.635    1.921 159.9x     0.886    +0.09    581.12    +1.13     108    9.8
subgraph_mip   time_balanced_weight      500   0.839    5.752    6.591  46.6x     0.948    +7.09    581.12    +1.13     153   13.8
subgraph_mip   combined                  500   1.971    2.621    4.592  66.9x     0.886    +0.09    581.12    +1.13     257   23.3
subgraph_mip   blended                   500   1.461    0.389    1.850 166.0x     0.921    +4.03    574.62    +0.00      53    4.8
subgraph_mip   blended_union             500   4.372    3.618    7.991  38.4x     0.885    -0.00    574.62    +0.00     245   22.2
subgraph_mip   diverse                   500   0.310  173.249  173.559   1.8x     0.885    -0.00    574.62    +0.00    1049   94.9
subgraph_mip   edge_weight              1000   2.020    1.268    3.288  93.4x     0.886    +0.09    581.12    +1.13     142   12.8
subgraph_mip   time_balanced_weight     1000   1.669    4.944    6.614  46.4x     0.947    +6.99    581.12    +1.13     211   19.1
subgraph_mip   combined                 1000   3.629    8.341   11.970  25.7x     0.886    +0.09    581.12    +1.13     346   31.3
subgraph_mip   blended                  1000   2.884    0.272    3.156  97.3x     0.921    +4.03    574.62    +0.00      59    5.3
subgraph_mip   blended_union            1000   7.214    6.965   14.180  21.7x     0.885    -0.00    574.62    +0.00     297   26.9
subgraph_mip   diverse                  1000   0.615  158.200  158.815   1.9x     0.885    -0.00    574.62    +0.00    1099   99.5
subgraph_mip   edge_weight              2000   4.736    0.780    5.516  55.7x     0.886    +0.09    581.12    +1.13     185   16.7
subgraph_mip   time_balanced_weight     2000   3.998    8.893   12.892  23.8x     0.947    +6.99    581.12    +1.13     292   26.4
subgraph_mip   combined                 2000   8.800    7.134   15.933  19.3x     0.886    +0.09    581.12    +1.13     460   41.6
subgraph_mip   blended                  2000   7.218    1.250    8.468  36.3x     0.904    +2.13    586.13    +2.00     148   13.4
subgraph_mip   blended_union            2000  16.666    8.256   24.922  12.3x     0.885    -0.00    574.62    +0.00     410   37.1
subgraph_mip   diverse                  2000   1.285  164.424  165.709   1.9x     0.885    +0.00    574.62    +0.00    1105  100.0
subgraph_mip   edge_weight              5000  17.991    5.829   23.820  12.9x     0.886    +0.09    581.12    +1.13     232   21.0
subgraph_mip   time_balanced_weight     5000  15.265   25.685   40.950   7.5x     0.924    +4.33    567.50    -1.24     431   39.0
subgraph_mip   combined                 5000  33.738   22.432   56.170   5.5x     0.886    +0.09    581.12    +1.13     632   57.2
subgraph_mip   blended                  5000  24.454    4.307   28.761  10.7x     0.904    +2.13    586.13    +2.00     196   17.7
subgraph_mip   blended_union            5000  59.756   34.745   94.501   3.2x     0.885    -0.00    574.62    +0.00     525   47.5
subgraph_mip   diverse                  5000   3.008  153.682  156.690   2.0x     0.885    +0.00    574.62    +0.00    1105  100.0
============================================================================================================================

----------------- λ = 0.85 -----------------
========================================================================
Strategy Comparison Experiment — assembly_1  P=4  λ=0.85
========================================================================

Building assembly digraph …
2026-07-01 19:06:16.778 | INFO     | pycaalp.gapp.assembly_digraph:compute_assembly_digraph_complete:395 - Computing assembly digraph...
  343 nodes, 1105 edges  (0.5s)

[1] Full MIP  P=4  λ=0.85
2026-07-01 19:06:17.245 | INFO     | pycaalp.time_balancing.model:run_mip:430 - Running MIP solver ...
presolving:
(round 1, fast)       2 del vars, 2 del conss, 0 add conss, 0 chg bounds, 0 chg sides, 0 chg coeffs, 0 upgd conss, 0 impls, 69 clqs, 0 implints
(round 2, exhaustive) 2 del vars, 2 del conss, 0 add conss, 1 chg bounds, 0 chg sides, 0 chg coeffs, 4525 upgd conss, 0 impls, 69 clqs, 0 implints
   (0.3s) probing: 1000/1207 (82.9%) - 0 fixings, 0 aggregations, 130891 implications, 0 bound changes
   (0.3s) probing: 1001/1207 (82.9%) - 0 fixings, 0 aggregations, 130966 implications, 0 bound changes
   (0.3s) probing aborted: 1000/1000 successive useless probings
   (0.3s) symmetry computation started: requiring (bin +, int +, cont +), (fixed: bin -, int -, cont -)
   (0.3s) no symmetry present (symcode time: 0.00)
presolving (3 rounds: 3 fast, 2 medium, 2 exhaustive):
 2 deleted vars, 2 deleted constraints, 0 added constraints, 1 tightened bounds, 0 added holes, 0 changed sides, 0 changed coefficients
 0 implications, 15690 cliques, 0 implied integral variables (0 bin, 0 int, 0 cont)
presolved problem has 1208 variables (1207 bin, 0 int, 1 cont) and 4839 constraints
     69 constraints of type <setppc>
    314 constraints of type <linear>
   4456 constraints of type <logicor>
Presolving Time: 0.34

 time | node  | left  |LP iter|LP it/n|mem/heur|mdpt |vars |cons |rows |cuts |sepa|confs|strbr|  dualbound   | primalbound  |  gap   | compl. 
p 0.5s|     1 |     0 |   128 |     - | vbounds|   0 |1208 |4867 |4839 |   0 |  0 |  27 |   0 | 0.000000e+00 | 1.161024e+00 |    Inf | unknown
  0.5s|     1 |     0 |   473 |     - |    34M |   0 |1208 |4867 |4839 |   0 |  0 |  27 |   0 | 8.329273e-01 | 1.161024e+00 |  39.39%| unknown
  0.9s|     1 |     0 |   486 |     - |    39M |   0 |1208 |4875 |4843 |   4 |  1 |  35 |   0 | 8.329273e-01 | 1.161024e+00 |  39.39%| unknown
  1.4s|     1 |     0 |   495 |     - |    43M |   0 |1208 |4876 |4845 |   6 |  2 |  36 |   0 | 8.329273e-01 | 1.161024e+00 |  39.39%| unknown
  2.0s|     1 |     0 |   541 |     - |    49M |   0 |1208 |4880 |4849 |  10 |  3 |  40 |   0 | 8.329273e-01 | 1.161024e+00 |  39.39%| unknown
  2.5s|     1 |     0 |   549 |     - |    54M |   0 |1208 |4889 |4853 |  14 |  4 |  49 |   0 | 8.329273e-01 | 1.161024e+00 |  39.39%| unknown
  2.8s|     1 |     0 |   557 |     - |    63M |   0 |1208 |4891 |4856 |  17 |  5 |  51 |   0 | 8.329273e-01 | 1.161024e+00 |  39.39%| unknown
  3.2s|     1 |     0 |   584 |     - |    70M |   0 |1208 |4899 |4859 |  20 |  6 |  61 |   0 | 8.329273e-01 | 1.161024e+00 |  39.39%| unknown
  3.5s|     1 |     0 |   599 |     - |    79M |   0 |1208 |4907 |4861 |  22 |  7 |  71 |   0 | 8.329273e-01 | 1.161024e+00 |  39.39%| unknown
  3.9s|     1 |     0 |   615 |     - |    87M |   0 |1208 |4917 |4864 |  25 |  8 |  81 |   0 | 8.329273e-01 | 1.161024e+00 |  39.39%| unknown
  4.3s|     1 |     0 |   636 |     - |    95M |   0 |1208 |4927 |4868 |  29 |  9 |  91 |   0 | 8.329273e-01 | 1.161024e+00 |  39.39%| unknown
  4.7s|     1 |     0 |   649 |     - |    98M |   0 |1208 |4935 |4873 |  34 | 10 |  99 |   0 | 8.329273e-01 | 1.161024e+00 |  39.39%| unknown
  4.7s|     1 |     0 |   716 |     - |    99M |   0 |1208 |4945 |4876 |  37 | 11 | 109 |   0 | 8.329279e-01 | 1.161024e+00 |  39.39%| unknown
d 5.1s|     1 |     0 |  2650 |     - |conflict|   0 |1208 |4964 |4876 |   0 | 11 | 135 |   0 | 8.329279e-01 | 1.144600e+00 |  37.42%| unknown
  5.1s|     1 |     0 |  2650 |     - |    99M |   0 |1208 |4963 |4876 |  37 | 11 | 135 |   0 | 8.329279e-01 | 1.144600e+00 |  37.42%| unknown
 time | node  | left  |LP iter|LP it/n|mem/heur|mdpt |vars |cons |rows |cuts |sepa|confs|strbr|  dualbound   | primalbound  |  gap   | compl. 
  5.1s|     1 |     0 |  2651 |     - |   100M |   0 |1208 |4961 |4878 |  39 | 12 | 137 |   0 | 8.329279e-01 | 1.144600e+00 |  37.42%| unknown
  5.5s|     1 |     2 |  2651 |     - |   100M |   0 |1208 |4959 |4878 |  39 | 13 | 143 |  22 | 8.329375e-01 | 1.144600e+00 |  37.42%| unknown
* 9.6s|    25 |    14 |  4297 | 154.5 |strongbr|  13 |1208 |5049 |4852 |  60 |  3 | 288 | 450 | 8.329375e-01 | 1.003592e+00 |  20.49%|   0.26%
r 9.7s|    27 |    15 |  4318 | 143.4 |rounding|  13 |1208 |5039 |4851 |  60 |  0 | 288 | 456 | 8.329375e-01 | 8.922550e-01 |   7.12%|   0.27%
 22.8s|   100 |    34 | 13339 | 128.8 |   156M |  15 |1208 |5559 |4859 | 260 |  7 |1085 |1757 | 8.329375e-01 | 8.922550e-01 |   7.12%|   1.38%
 33.1s|   200 |    78 | 22434 | 109.8 |   159M |  16 |1208 |5817 |4849 | 469 |  1 |1860 |2692 | 8.329375e-01 | 8.922550e-01 |   7.12%|   1.81%
L34.9s|   227 |    83 | 24830 | 107.3 |    rins|  16 |1208 |5866 |4850 | 530 |  1 |1982 |2866 | 8.329375e-01 | 8.917860e-01 |   7.07%|   2.49%
 40.2s|   300 |   117 | 30413 |  99.7 |   161M |  18 |1208 |5969 |4859 | 685 |  1 |2198 |3113 | 8.329421e-01 | 8.917860e-01 |   7.06%|   3.56%
 46.5s|   400 |   136 | 37841 |  93.4 |   165M |  21 |1208 |6055 |   0 | 904 |  0 |2522 |3341 | 8.329421e-01 | 8.917860e-01 |   7.06%|   6.78%
 50.8s|   500 |   170 | 43459 |  85.9 |   166M |  21 |1208 |6303 |   0 |1081 |  0 |2901 |3516 | 8.329431e-01 | 8.917860e-01 |   7.06%|   7.60%
 58.4s|   600 |   194 | 50831 |  83.9 |   168M |  21 |1208 |6660 |4857 |1302 |  2 |3439 |3844 | 8.329431e-01 | 8.917860e-01 |   7.06%|   8.49%
 62.4s|   700 |   230 | 54217 |  76.7 |   169M |  21 |1208 |6726 |4859 |1398 |  2 |3604 |3892 | 8.329433e-01 | 8.917860e-01 |   7.06%|   8.68%
 65.8s|   800 |   266 | 58830 |  72.9 |   170M |  21 |1208 |6707 |   0 |1519 |  0 |3809 |3986 | 8.329578e-01 | 8.917860e-01 |   7.06%|   9.34%
 74.6s|   900 |   332 | 68413 |  75.4 |   183M |  21 |1208 |6685 |   0 |1849 |  0 |4079 |4048 | 8.329635e-01 | 8.917860e-01 |   7.06%|   9.93%
 82.0s|  1000 |   396 | 78600 |  78.1 |   188M |  21 |1208 |6759 |4875 |2091 |  1 |4594 |4148 | 8.329686e-01 | 8.917860e-01 |   7.06%|  10.96%
 time | node  | left  |LP iter|LP it/n|mem/heur|mdpt |vars |cons |rows |cuts |sepa|confs|strbr|  dualbound   | primalbound  |  gap   | compl. 
L85.7s|  1056 |   423 | 83145 |  78.3 |    rins|  21 |1208 |6816 |4854 |2223 |  1 |4933 |4313 | 8.329866e-01 | 8.902076e-01 |   6.87%|  11.08%
 88.9s|  1100 |   439 | 86028 |  77.7 |   191M |  21 |1208 |6745 |4867 |2334 |  1 |5055 |4344 | 8.329866e-01 | 8.902076e-01 |   6.87%|  12.70%
 95.0s|  1200 |   482 | 97037 |  80.4 |   194M |  22 |1208 |6828 |4852 |2568 |  0 |5518 |4477 | 8.330143e-01 | 8.902076e-01 |   6.87%|  14.98%
L98.0s|  1257 |   503 |101441 |  80.3 |crossove|  22 |1208 |6855 |4861 |2680 |  1 |5753 |4518 | 8.330143e-01 | 8.895690e-01 |   6.79%|  16.81%
  101s|  1300 |   525 |104798 |  80.2 |   197M |  22 |1208 |6910 |4850 |2803 |  1 |5981 |4563 | 8.330143e-01 | 8.895690e-01 |   6.79%|  18.04%
  110s|  1400 |   586 |114780 |  81.6 |   203M |  22 |1208 |6735 |4849 |3125 |  1 |6327 |4639 | 8.330187e-01 | 8.895690e-01 |   6.79%|  21.28%
  119s|  1500 |   638 |125600 |  83.4 |   206M |  22 |1208 |6705 |4858 |3444 |  1 |6836 |4778 | 8.330274e-01 | 8.895690e-01 |   6.79%|  23.08%
  126s|  1600 |   675 |133370 |  83.0 |   210M |  22 |1208 |6778 |4862 |3676 |  1 |7269 |4912 | 8.330341e-01 | 8.895690e-01 |   6.79%|  25.89%
  134s|  1700 |   719 |141654 |  83.0 |   211M |  22 |1208 |6936 |4862 |3897 |  1 |7798 |5096 | 8.330464e-01 | 8.895690e-01 |   6.79%|  28.27%
  145s|  1800 |   767 |151662 |  84.0 |   213M |  22 |1208 |6797 |4866 |4280 |  1 |8152 |5292 | 8.330906e-01 | 8.895690e-01 |   6.78%|  29.58%
  157s|  1900 |   803 |161614 |  84.8 |   214M |  22 |1208 |6916 |   0 |4620 |  0 |8616 |5464 | 8.331284e-01 | 8.895690e-01 |   6.77%|  31.50%
  166s|  2000 |   831 |169160 |  84.3 |   222M |  22 |1208 |7043 |4864 |4789 |  1 |9079 |5634 | 8.332498e-01 | 8.895690e-01 |   6.76%|  33.97%
  177s|  2100 |   890 |179227 |  85.1 |   231M |  22 |1208 |6943 |4870 |5152 |  4 |9407 |5768 | 8.333087e-01 | 8.895690e-01 |   6.75%|  34.94%
  186s|  2200 |   938 |188034 |  85.2 |   232M |  22 |1208 |6971 |4856 |5468 |  1 |9833 |6003 | 8.333861e-01 | 8.895690e-01 |   6.74%|  36.26%
  190s|  2300 |   954 |194585 |  84.4 |   233M |  22 |1208 |6902 |4869 |5650 |  1 |  10k|6109 | 8.333861e-01 | 8.895690e-01 |   6.74%|  38.11%
 time | node  | left  |LP iter|LP it/n|mem/heur|mdpt |vars |cons |rows |cuts |sepa|confs|strbr|  dualbound   | primalbound  |  gap   | compl. 
  198s|  2400 |   987 |205336 |  85.3 |   235M |  22 |1208 |6882 |4870 |5955 |  1 |  10k|6230 | 8.334804e-01 | 8.895690e-01 |   6.73%|  39.77%
  203s|  2500 |  1008 |211539 |  84.4 |   237M |  22 |1208 |6826 |4858 |6175 |  1 |  10k|6322 | 8.335631e-01 | 8.895690e-01 |   6.72%|  40.94%
  209s|  2600 |  1046 |218481 |  83.8 |   238M |  22 |1208 |6790 |4864 |6363 |  1 |  10k|6404 | 8.336184e-01 | 8.895690e-01 |   6.71%|  42.24%
  216s|  2700 |  1082 |225828 |  83.5 |   238M |  22 |1208 |6760 |4874 |6588 |  2 |  10k|6524 | 8.336755e-01 | 8.895690e-01 |   6.70%|  43.38%
  221s|  2800 |  1093 |231445 |  82.5 |   239M |  22 |1208 |6814 |   0 |6743 |  0 |  11k|6605 | 8.337974e-01 | 8.895690e-01 |   6.69%|  45.23%
  227s|  2900 |  1133 |237955 |  81.9 |   244M |  22 |1208 |6802 |   0 |6950 |  0 |  11k|6664 | 8.338797e-01 | 8.895690e-01 |   6.68%|  47.16%
  230s|  3000 |  1147 |241620 |  80.4 |   245M |  22 |1208 |6899 |   0 |7062 |  0 |  11k|6723 | 8.338897e-01 | 8.895690e-01 |   6.68%|  48.04%
  238s|  3100 |  1177 |250670 |  80.7 |   249M |  22 |1208 |6880 |4867 |7403 |  2 |  11k|6777 | 8.339655e-01 | 8.895690e-01 |   6.67%|  49.16%
  242s|  3200 |  1179 |256380 |  80.0 |   249M |  22 |1208 |6966 |4862 |7507 |  2 |  12k|6853 | 8.340161e-01 | 8.895690e-01 |   6.66%|  50.43%
  245s|  3300 |  1198 |260191 |  78.7 |   250M |  22 |1208 |7033 |   0 |7598 |  0 |  12k|6955 | 8.341356e-01 | 8.895690e-01 |   6.65%|  51.26%
  249s|  3400 |  1238 |266623 |  78.3 |   251M |  22 |1208 |7207 |4871 |7748 |  1 |  12k|7079 | 8.342953e-01 | 8.895690e-01 |   6.63%|  51.63%
  252s|  3500 |  1240 |273201 |  77.9 |   251M |  23 |1208 |7344 |4869 |7874 |  2 |  13k|7214 | 8.344467e-01 | 8.895690e-01 |   6.61%|  51.89%
  255s|  3600 |  1252 |278357 |  77.2 |   252M |  23 |1208 |7290 |4853 |7973 |  2 |  13k|7281 | 8.345811e-01 | 8.895690e-01 |   6.59%|  53.12%
  258s|  3700 |  1261 |283944 |  76.6 |   254M |  23 |1208 |7354 |4860 |8116 |  1 |  13k|7361 | 8.346120e-01 | 8.895690e-01 |   6.58%|  53.60%
  262s|  3800 |  1256 |290307 |  76.3 |   255M |  23 |1208 |7344 |4858 |8235 |  1 |  13k|7448 | 8.346706e-01 | 8.895690e-01 |   6.58%|  55.37%
 time | node  | left  |LP iter|LP it/n|mem/heur|mdpt |vars |cons |rows |cuts |sepa|confs|strbr|  dualbound   | primalbound  |  gap   | compl. 
  268s|  3900 |  1253 |295837 |  75.7 |   256M |  23 |1208 |7299 |   0 |8432 |  0 |  13k|7487 | 8.347943e-01 | 8.895690e-01 |   6.56%|  55.97%
  270s|  4000 |  1268 |298568 |  74.5 |   266M |  24 |1208 |7558 |   0 |8508 |  0 |  14k|7538 | 8.348291e-01 | 8.895690e-01 |   6.56%|  56.59%
  274s|  4100 |  1285 |304552 |  74.2 |   267M |  24 |1208 |7482 |4860 |8633 |  0 |  14k|7606 | 8.350396e-01 | 8.895690e-01 |   6.53%|  57.09%
  277s|  4200 |  1293 |310674 |  73.8 |   268M |  24 |1208 |7365 |4850 |8783 |  1 |  14k|7643 | 8.354435e-01 | 8.895690e-01 |   6.48%|  58.10%
  280s|  4300 |  1313 |314435 |  73.0 |   268M |  24 |1208 |7390 |   0 |8879 |  0 |  14k|7662 | 8.354947e-01 | 8.895690e-01 |   6.47%|  58.57%
  283s|  4400 |  1340 |318996 |  72.4 |   269M |  24 |1208 |7366 |4866 |8974 |  1 |  15k|7693 | 8.357592e-01 | 8.895690e-01 |   6.44%|  59.11%
  287s|  4500 |  1347 |326229 |  72.4 |   269M |  24 |1208 |7364 |   0 |9116 |  0 |  15k|7742 | 8.357771e-01 | 8.895690e-01 |   6.44%|  59.61%
  290s|  4600 |  1342 |330543 |  71.7 |   270M |  24 |1208 |7368 |4861 |9208 |  1 |  15k|7785 | 8.359809e-01 | 8.895690e-01 |   6.41%|  60.18%
  290s|  4700 |  1350 |333844 |  70.9 |   270M |  24 |1208 |7448 |4854 |9215 |  1 |  15k|7820 | 8.360634e-01 | 8.895690e-01 |   6.40%|  60.37%
  293s|  4800 |  1347 |338279 |  70.4 |   272M |  24 |1208 |7552 |4855 |9290 |  0 |  16k|7898 | 8.360778e-01 | 8.895690e-01 |   6.40%|  61.06%
  295s|  4900 |  1350 |342403 |  69.8 |   272M |  24 |1208 |7584 |4867 |9353 |  5 |  16k|7935 | 8.362214e-01 | 8.895690e-01 |   6.38%|  61.67%
  298s|  5000 |  1358 |346894 |  69.3 |   274M |  24 |1208 |7649 |4856 |9499 |  1 |  16k|7987 | 8.364059e-01 | 8.895690e-01 |   6.36%|  62.33%
  300s|  5100 |  1361 |349639 |  68.5 |   274M |  24 |1208 |7784 |4857 |9540 |  1 |  16k|8063 | 8.364723e-01 | 8.895690e-01 |   6.35%|  62.51%
  301s|  5200 |  1367 |352151 |  67.6 |   274M |  24 |1208 |7828 |   0 |9548 |  0 |  17k|8099 | 8.366803e-01 | 8.895690e-01 |   6.32%|  62.94%
  303s|  5300 |  1375 |356567 |  67.2 |   275M |  24 |1208 |7770 |4862 |9594 |  1 |  17k|8148 | 8.367469e-01 | 8.895690e-01 |   6.31%|  63.18%
 time | node  | left  |LP iter|LP it/n|mem/heur|mdpt |vars |cons |rows |cuts |sepa|confs|strbr|  dualbound   | primalbound  |  gap   | compl. 
  305s|  5400 |  1368 |360693 |  66.7 |   275M |  24 |1208 |7730 |   0 |9655 |  0 |  17k|8233 | 8.367572e-01 | 8.895690e-01 |   6.31%|  63.91%
  308s|  5500 |  1364 |365905 |  66.4 |   276M |  24 |1208 |7745 |4868 |9729 |  1 |  17k|8284 | 8.368117e-01 | 8.895690e-01 |   6.30%|  64.72%
  309s|  5600 |  1368 |369128 |  65.8 |   276M |  24 |1208 |7772 |4861 |9787 |  1 |  18k|8306 | 8.368560e-01 | 8.895690e-01 |   6.30%|  64.91%
  312s|  5700 |  1366 |372468 |  65.3 |   277M |  24 |1208 |7770 |4860 |9877 |  3 |  18k|8357 | 8.371366e-01 | 8.895690e-01 |   6.26%|  65.19%
  313s|  5800 |  1360 |375558 |  64.7 |   277M |  24 |1208 |7781 |4867 |9877 |  1 |  18k|8391 | 8.372662e-01 | 8.895690e-01 |   6.25%|  65.60%
  314s|  5900 |  1342 |377855 |  64.0 |   278M |  24 |1208 |7747 |4867 |9887 |  1 |  18k|8440 | 8.372756e-01 | 8.895690e-01 |   6.25%|  66.04%
  316s|  6000 |  1361 |382678 |  63.7 |   278M |  24 |1208 |7691 |4857 |9951 |  0 |  18k|8534 | 8.374197e-01 | 8.895690e-01 |   6.23%|  66.28%
  317s|  6100 |  1360 |385218 |  63.1 |   278M |  26 |1208 |7865 |4862 |9965 |  0 |  19k|8599 | 8.374878e-01 | 8.895690e-01 |   6.22%|  66.64%
  318s|  6200 |  1345 |387816 |  62.5 |   279M |  26 |1208 |7876 |   0 |9970 |  0 |  19k|8639 | 8.375558e-01 | 8.895690e-01 |   6.21%|  67.13%
* 320s|  6264 |  1317 |390782 |  62.3 |    LP  |  26 |1208 |7885 |4855 |  10k|  2 |  19k|8674 | 8.376103e-01 | 8.860095e-01 |   5.78%|  67.70%
  321s|  6300 |  1323 |391792 |  62.1 |   279M |  26 |1208 |7956 |   0 |  10k|  0 |  19k|8685 | 8.376103e-01 | 8.860095e-01 |   5.78%|  67.73%
  323s|  6400 |  1324 |395537 |  61.7 |   279M |  26 |1208 |7962 |4859 |  10k|  1 |  19k|8735 | 8.378694e-01 | 8.860095e-01 |   5.75%|  68.26%
  326s|  6500 |  1309 |400027 |  61.5 |   280M |  26 |1208 |7987 |4853 |  10k|  1 |  20k|8802 | 8.379135e-01 | 8.860095e-01 |   5.74%|  68.94%
  327s|  6600 |  1310 |403322 |  61.0 |   280M |  26 |1208 |8086 |   0 |  10k|  0 |  20k|8851 | 8.380060e-01 | 8.860095e-01 |   5.73%|  69.23%
  329s|  6700 |  1307 |406449 |  60.6 |   280M |  26 |1208 |8159 |4874 |  10k|  1 |  20k|8921 | 8.380336e-01 | 8.860095e-01 |   5.72%|  69.77%
 time | node  | left  |LP iter|LP it/n|mem/heur|mdpt |vars |cons |rows |cuts |sepa|confs|strbr|  dualbound   | primalbound  |  gap   | compl. 
  329s|  6800 |  1313 |409191 |  60.1 |   281M |  26 |1208 |8235 |4861 |  10k|  1 |  21k|8979 | 8.380668e-01 | 8.860095e-01 |   5.72%|  70.19%
  331s|  6900 |  1315 |413649 |  59.9 |   281M |  26 |1208 |8184 |4856 |  10k|  0 |  21k|9043 | 8.381262e-01 | 8.860095e-01 |   5.71%|  70.72%
  333s|  7000 |  1320 |418429 |  59.7 |   282M |  26 |1208 |8217 |4865 |  10k|  5 |  21k|9148 | 8.382253e-01 | 8.860095e-01 |   5.70%|  71.15%
  334s|  7100 |  1309 |420943 |  59.2 |   282M |  26 |1208 |8253 |4860 |  10k|  2 |  21k|9198 | 8.382954e-01 | 8.860095e-01 |   5.69%|  71.55%
  335s|  7200 |  1294 |424729 |  58.9 |   282M |  26 |1208 |8333 |   0 |  10k|  0 |  22k|9274 | 8.383054e-01 | 8.860095e-01 |   5.69%|  71.97%
  337s|  7300 |  1270 |428444 |  58.6 |   282M |  26 |1208 |8393 |4861 |  10k|  3 |  22k|9408 | 8.383738e-01 | 8.860095e-01 |   5.68%|  72.74%
  338s|  7400 |  1262 |430887 |  58.2 |   283M |  26 |1208 |8302 |4857 |  10k|  1 |  22k|9445 | 8.384114e-01 | 8.860095e-01 |   5.68%|  73.19%
  341s|  7500 |  1264 |434579 |  57.9 |   289M |  26 |1208 |8264 |   0 |  10k|  0 |  22k|9511 | 8.384273e-01 | 8.860095e-01 |   5.68%|  73.63%
  341s|  7600 |  1252 |436746 |  57.4 |   290M |  26 |1208 |8207 |4859 |  10k|  0 |  23k|9519 | 8.384609e-01 | 8.860095e-01 |   5.67%|  74.25%
  342s|  7700 |  1224 |438448 |  56.9 |   290M |  26 |1208 |8280 |4870 |  10k|  2 |  23k|9534 | 8.385278e-01 | 8.860095e-01 |   5.66%|  75.00%
  343s|  7800 |  1212 |441806 |  56.6 |   290M |  26 |1208 |8326 |4873 |  10k|  4 |  23k|9614 | 8.385453e-01 | 8.860095e-01 |   5.66%|  75.34%
  344s|  7900 |  1209 |445082 |  56.3 |   290M |  26 |1208 |8347 |   0 |  10k|  0 |  23k|9627 | 8.386626e-01 | 8.860095e-01 |   5.65%|  75.72%
  347s|  8000 |  1190 |449068 |  56.1 |   290M |  26 |1208 |8448 |4858 |  10k|  1 |  24k|9679 | 8.387946e-01 | 8.860095e-01 |   5.63%|  76.37%
  349s|  8100 |  1180 |452701 |  55.8 |   291M |  26 |1208 |8447 |4872 |  10k|  1 |  24k|9718 | 8.388414e-01 | 8.860095e-01 |   5.62%|  76.83%
  350s|  8200 |  1157 |455442 |  55.5 |   291M |  26 |1208 |8543 |   0 |  10k|  0 |  24k|9824 | 8.388508e-01 | 8.860095e-01 |   5.62%|  77.36%
 time | node  | left  |LP iter|LP it/n|mem/heur|mdpt |vars |cons |rows |cuts |sepa|confs|strbr|  dualbound   | primalbound  |  gap   | compl. 
  352s|  8300 |  1150 |459070 |  55.2 |   291M |  26 |1208 |8472 |   0 |  10k|  0 |  25k|9910 | 8.390533e-01 | 8.860095e-01 |   5.60%|  77.82%
  353s|  8400 |  1157 |462168 |  55.0 |   291M |  26 |1208 |8584 |4867 |  10k|  1 |  25k|  10k| 8.391790e-01 | 8.860095e-01 |   5.58%|  78.34%
  354s|  8500 |  1137 |463666 |  54.5 |   292M |  26 |1208 |8666 |4864 |  10k|  2 |  25k|  10k| 8.392792e-01 | 8.860095e-01 |   5.57%|  78.86%
  355s|  8600 |  1119 |465807 |  54.1 |   292M |  26 |1208 |8709 |4860 |  10k|  0 |  25k|  10k| 8.393234e-01 | 8.860095e-01 |   5.56%|  79.17%
  356s|  8700 |  1112 |468818 |  53.8 |   292M |  26 |1208 |8782 |   0 |  10k|  0 |  26k|  10k| 8.394529e-01 | 8.860095e-01 |   5.55%|  79.73%
  359s|  8800 |  1106 |472782 |  53.7 |   292M |  26 |1208 |8717 |   0 |  10k|  0 |  26k|  10k| 8.394844e-01 | 8.860095e-01 |   5.54%|  80.04%
  360s|  8900 |  1086 |475849 |  53.4 |   292M |  26 |1208 |8670 |   0 |  10k|  0 |  26k|  10k| 8.395313e-01 | 8.860095e-01 |   5.54%|  80.60%
  361s|  9000 |  1080 |477838 |  53.0 |   293M |  26 |1208 |8772 |4862 |  10k|  1 |  27k|  10k| 8.395355e-01 | 8.860095e-01 |   5.54%|  80.91%
  362s|  9100 |  1079 |480191 |  52.7 |   293M |  26 |1208 |8752 |4864 |  10k|  1 |  27k|  10k| 8.395673e-01 | 8.860095e-01 |   5.53%|  81.27%
  362s|  9200 |  1063 |482479 |  52.4 |   293M |  26 |1208 |8756 |4862 |  10k|  1 |  27k|  10k| 8.395897e-01 | 8.860095e-01 |   5.53%|  81.54%
  363s|  9300 |  1042 |485005 |  52.1 |   293M |  26 |1208 |8797 |4867 |  10k|  1 |  27k|  10k| 8.396916e-01 | 8.860095e-01 |   5.52%|  81.97%
  364s|  9400 |  1036 |487595 |  51.8 |   293M |  26 |1208 |8791 |4874 |  11k|  0 |  28k|  10k| 8.397518e-01 | 8.860095e-01 |   5.51%|  82.21%
  365s|  9500 |  1029 |489984 |  51.5 |   294M |  26 |1208 |8871 |4869 |  11k|  1 |  28k|  10k| 8.397863e-01 | 8.860095e-01 |   5.50%|  82.46%
  365s|  9600 |  1020 |493427 |  51.3 |   294M |  26 |1208 |8933 |4867 |  11k|  0 |  28k|  10k| 8.398266e-01 | 8.860095e-01 |   5.50%|  82.74%
  367s|  9700 |   989 |498576 |  51.3 |   294M |  26 |1208 |8903 |4890 |  11k| 10 |  29k|  10k| 8.399281e-01 | 8.860095e-01 |   5.49%|  83.29%
 time | node  | left  |LP iter|LP it/n|mem/heur|mdpt |vars |cons |rows |cuts |sepa|confs|strbr|  dualbound   | primalbound  |  gap   | compl. 
  368s|  9800 |   990 |501918 |  51.2 |   294M |  26 |1208 |8964 |4866 |  11k|  1 |  29k|  10k| 8.399450e-01 | 8.860095e-01 |   5.48%|  83.60%
  369s|  9900 |   972 |504478 |  50.9 |   294M |  26 |1208 |9070 |4875 |  11k|  0 |  29k|  10k| 8.399951e-01 | 8.860095e-01 |   5.48%|  83.94%
  370s| 10000 |   959 |507363 |  50.7 |   294M |  26 |1208 |9085 |   0 |  11k|  0 |  29k|  11k| 8.400838e-01 | 8.860095e-01 |   5.47%|  84.24%
  371s| 10100 |   964 |511028 |  50.5 |   295M |  26 |1208 |9195 |4870 |  11k|  1 |  30k|  11k| 8.401667e-01 | 8.860095e-01 |   5.46%|  84.54%
  372s| 10200 |   923 |514787 |  50.4 |   295M |  26 |1208 |9140 |4878 |  11k|  1 |  30k|  11k| 8.402282e-01 | 8.860095e-01 |   5.45%|  85.20%
  373s| 10300 |   893 |517307 |  50.2 |   295M |  26 |1208 |9187 |4858 |  11k|  1 |  30k|  11k| 8.404321e-01 | 8.860095e-01 |   5.42%|  85.84%
  374s| 10400 |   878 |520277 |  50.0 |   295M |  26 |1208 |9171 |4862 |  11k|  1 |  30k|  11k| 8.404401e-01 | 8.860095e-01 |   5.42%|  86.14%
  375s| 10500 |   859 |523208 |  49.8 |   295M |  26 |1208 |9262 |4860 |  11k|  1 |  31k|  11k| 8.405003e-01 | 8.860095e-01 |   5.41%|  86.42%
  376s| 10600 |   837 |525882 |  49.6 |   295M |  26 |1208 |9448 |4871 |  11k|  1 |  31k|  11k| 8.406073e-01 | 8.860095e-01 |   5.40%|  86.67%
  377s| 10700 |   813 |528694 |  49.4 |   295M |  26 |1208 |9505 |4869 |  11k|  6 |  32k|  11k| 8.406546e-01 | 8.860095e-01 |   5.40%|  87.12%
  378s| 10800 |   791 |530801 |  49.1 |   296M |  29 |1208 |9576 |   0 |  11k|  0 |  32k|  11k| 8.407007e-01 | 8.860095e-01 |   5.39%|  87.44%
  378s| 10900 |   770 |534014 |  48.9 |   296M |  29 |1208 |9571 |   0 |  11k|  0 |  32k|  11k| 8.407251e-01 | 8.860095e-01 |   5.39%|  87.95%
  379s| 11000 |   742 |538102 |  48.9 |   296M |  29 |1208 |9567 |   0 |  11k|  0 |  33k|  11k| 8.408495e-01 | 8.860095e-01 |   5.37%|  88.32%
  380s| 11100 |   740 |541656 |  48.7 |   296M |  29 |1208 |9621 |4871 |  11k|  0 |  33k|  11k| 8.408994e-01 | 8.860095e-01 |   5.36%|  88.42%
  381s| 11200 |   737 |544193 |  48.5 |   296M |  29 |1208 |9786 |   0 |  11k|  0 |  33k|  11k| 8.409659e-01 | 8.860095e-01 |   5.36%|  88.51%
 time | node  | left  |LP iter|LP it/n|mem/heur|mdpt |vars |cons |rows |cuts |sepa|confs|strbr|  dualbound   | primalbound  |  gap   | compl. 
  382s| 11300 |   727 |547611 |  48.4 |   296M |  29 |1208 |9789 |   0 |  11k|  0 |  33k|  11k| 8.410858e-01 | 8.860095e-01 |   5.34%|  88.76%
  382s| 11400 |   715 |550252 |  48.2 |   296M |  29 |1208 |9748 |4869 |  11k|  1 |  34k|  11k| 8.410918e-01 | 8.860095e-01 |   5.34%|  89.08%
  383s| 11500 |   700 |552646 |  48.0 |   296M |  29 |1208 |9779 |4861 |  11k|  1 |  34k|  11k| 8.411259e-01 | 8.860095e-01 |   5.34%|  89.24%
  385s| 11600 |   685 |555481 |  47.8 |   296M |  29 |1208 |9709 |4860 |  11k|  2 |  34k|  11k| 8.413351e-01 | 8.860095e-01 |   5.31%|  89.51%
  386s| 11700 |   661 |559707 |  47.8 |   296M |  29 |1208 |9719 |   0 |  11k|  0 |  34k|  11k| 8.413677e-01 | 8.860095e-01 |   5.31%|  89.92%
  387s| 11800 |   645 |562366 |  47.6 |   297M |  29 |1208 |9641 |   0 |  11k|  0 |  35k|  11k| 8.414608e-01 | 8.860095e-01 |   5.29%|  90.21%
  387s| 11900 |   615 |565697 |  47.5 |   297M |  29 |1208 |9711 |4867 |  11k|  0 |  35k|  11k| 8.416745e-01 | 8.860095e-01 |   5.27%|  90.66%
  388s| 12000 |   598 |568933 |  47.4 |   297M |  29 |1208 |9809 |   0 |  11k|  0 |  35k|  12k| 8.419623e-01 | 8.860095e-01 |   5.23%|  90.92%
  389s| 12100 |   582 |570757 |  47.1 |   297M |  29 |1208 |9860 |   0 |  11k|  0 |  35k|  12k| 8.420336e-01 | 8.860095e-01 |   5.22%|  91.16%
  390s| 12200 |   572 |573479 |  47.0 |   297M |  29 |1208 |9932 |4867 |  11k|  2 |  36k|  12k| 8.421346e-01 | 8.860095e-01 |   5.21%|  91.40%
  391s| 12300 |   552 |575507 |  46.7 |   297M |  29 |1208 |  10k|   0 |  11k|  0 |  36k|  12k| 8.422908e-01 | 8.860095e-01 |   5.19%|  91.66%
  392s| 12400 |   523 |577966 |  46.6 |   297M |  29 |1208 |9845 |4872 |  11k|  0 |  36k|  12k| 8.423310e-01 | 8.860095e-01 |   5.19%|  92.09%
  393s| 12500 |   500 |580884 |  46.4 |   297M |  29 |1208 |9855 |4854 |  11k|  1 |  36k|  12k| 8.426369e-01 | 8.860095e-01 |   5.15%|  92.43%
  393s| 12600 |   500 |583439 |  46.3 |   300M |  29 |1208 |9951 |4859 |  11k|  1 |  37k|  12k| 8.426900e-01 | 8.860095e-01 |   5.14%|  92.61%
  394s| 12700 |   481 |585982 |  46.1 |   300M |  29 |1208 |9901 |4870 |  11k|  0 |  37k|  12k| 8.429248e-01 | 8.860095e-01 |   5.11%|  93.14%
 time | node  | left  |LP iter|LP it/n|mem/heur|mdpt |vars |cons |rows |cuts |sepa|confs|strbr|  dualbound   | primalbound  |  gap   | compl. 
  395s| 12800 |   450 |590568 |  46.1 |   300M |  29 |1208 |9911 |4863 |  11k|  0 |  37k|  12k| 8.429365e-01 | 8.860095e-01 |   5.11%|  93.52%
  396s| 12900 |   427 |593256 |  45.9 |   300M |  29 |1208 |9818 |4867 |  11k|  0 |  37k|  12k| 8.431274e-01 | 8.860095e-01 |   5.09%|  93.79%
  396s| 13000 |   418 |595565 |  45.8 |   300M |  29 |1208 |  10k|4869 |  11k|  2 |  38k|  12k| 8.432329e-01 | 8.860095e-01 |   5.07%|  93.95%
  397s| 13100 |   414 |598922 |  45.7 |   300M |  29 |1208 |  10k|   0 |  11k|  0 |  38k|  12k| 8.432380e-01 | 8.860095e-01 |   5.07%|  94.03%
  398s| 13200 |   398 |601967 |  45.6 |   300M |  29 |1208 |  10k|   0 |  11k|  0 |  38k|  12k| 8.435935e-01 | 8.860095e-01 |   5.03%|  94.32%
  399s| 13300 |   365 |605800 |  45.5 |   300M |  29 |1208 |  10k|4864 |  11k|  1 |  39k|  12k| 8.437562e-01 | 8.860095e-01 |   5.01%|  94.78%
  400s| 13400 |   340 |608355 |  45.4 |   300M |  29 |1208 |9978 |4859 |  11k|  3 |  39k|  12k| 8.438604e-01 | 8.860095e-01 |   4.99%|  95.09%
  401s| 13500 |   332 |612065 |  45.3 |   301M |  29 |1208 |  10k|4865 |  11k|  1 |  39k|  12k| 8.439047e-01 | 8.860095e-01 |   4.99%|  95.37%
  402s| 13600 |   298 |615010 |  45.2 |   301M |  29 |1208 |  10k|   0 |  11k|  0 |  40k|  12k| 8.440909e-01 | 8.860095e-01 |   4.97%|  95.72%
  402s| 13700 |   280 |617591 |  45.0 |   301M |  29 |1208 |  10k|   0 |  11k|  0 |  40k|  12k| 8.447277e-01 | 8.860095e-01 |   4.89%|  95.94%
  403s| 13800 |   266 |620492 |  44.9 |   301M |  29 |1208 |  10k|4863 |  11k|  1 |  40k|  12k| 8.451325e-01 | 8.860095e-01 |   4.84%|  96.19%
  404s| 13900 |   245 |624667 |  44.9 |   301M |  29 |1208 |  10k|   0 |  11k|  0 |  40k|  12k| 8.451602e-01 | 8.860095e-01 |   4.83%|  96.53%
  405s| 14000 |   234 |627053 |  44.8 |   301M |  29 |1208 |  10k|4856 |  11k|  2 |  41k|  12k| 8.456126e-01 | 8.860095e-01 |   4.78%|  96.67%
  406s| 14100 |   193 |630097 |  44.6 |   301M |  29 |1208 |9897 |4869 |  11k|  0 |  41k|  12k| 8.469119e-01 | 8.860095e-01 |   4.62%|  97.38%
  407s| 14200 |   169 |633155 |  44.6 |   301M |  29 |1208 |9609 |4862 |  11k|  1 |  41k|  12k| 8.482364e-01 | 8.860095e-01 |   4.45%|  97.94%
 time | node  | left  |LP iter|LP it/n|mem/heur|mdpt |vars |cons |rows |cuts |sepa|confs|strbr|  dualbound   | primalbound  |  gap   | compl. 
  409s| 14300 |   132 |637269 |  44.5 |   301M |  29 |1208 |9541 |4863 |  11k|  1 |  42k|  13k| 8.504361e-01 | 8.860095e-01 |   4.18%|  98.39%
  410s| 14400 |    87 |639589 |  44.4 |   301M |  29 |1208 |9391 |   0 |  11k|  0 |  42k|  13k| 8.551198e-01 | 8.860095e-01 |   3.61%|  98.87%
  411s| 14500 |    66 |643176 |  44.3 |   301M |  29 |1208 |9481 |4899 |  11k|  0 |  42k|  13k| 8.584969e-01 | 8.860095e-01 |   3.20%|  99.11%
  413s| 14600 |    47 |646695 |  44.3 |   301M |  29 |1208 |9562 |4871 |  11k|  1 |  42k|  13k| 8.593016e-01 | 8.860095e-01 |   3.11%|  99.44%
  414s| 14700 |    32 |648927 |  44.1 |   302M |  29 |1208 |9522 |4868 |  11k|  1 |  43k|  13k| 8.601400e-01 | 8.860095e-01 |   3.01%|  99.71%

SCIP Status        : problem is solved [optimal solution found]
Solving Time (sec) : 414.44
Solving Nodes      : 14783
Primal Bound       : +8.86009495324888e-01 (15 solutions)
Dual Bound         : +8.86009495324888e-01
Gap                : 0.00 %
objective value:                    0.886009495324888
x_('12_1', '13_1')                                  1 	(obj:0.00450709331651955)
x_('11_6', '12_1')                                  1 	(obj:0.00392366803278689)
x_('10_6', '11_6')                                  1 	(obj:0.00382840110708963)
x_('9_16', '10_6')                                  1 	(obj:0.00645131733021077)
x_('8_12', '9_16')                                  1 	(obj:0.0058696330991413)
x_('7_18', '8_12')                                  1 	(obj:0.00592732728337237)
x_('6_20', '7_18')                                  1 	(obj:0.0145408163265306)
x_('5_17', '6_20')                                  1 	(obj:0.0101800351288056)
x_('4_16', '5_17')                                  1 	(obj:0.01125)
x_('3_14', '4_16')                                  1 	(obj:0.00866869145199063)
x_('2_12', '3_14')                                  1 	(obj:0.0231653981264637)
x_('1_10', '2_12')                                  1 	(obj:0.0278615339578454)
x_('0_1', '1_10')                                   1 	(obj:0.00535714285714286)
y_0_0                                               1 	(obj:0)
y_1_0                                               1 	(obj:0)
y_2_0                                               1 	(obj:0)
y_3_1                                               1 	(obj:0)
y_4_1                                               1 	(obj:0)
y_5_1                                               1 	(obj:0)
y_6_1                                               1 	(obj:0)
y_7_2                                               1 	(obj:0)
y_8_2                                               1 	(obj:0)
y_9_2                                               1 	(obj:0)
y_10_3                                              1 	(obj:0)
y_11_3                                              1 	(obj:0)
y_12_3                                              1 	(obj:0)
z_('3268741', '3425762')_3                          1 	(obj:0)
z_('3268741', '1966592X')_3                         1 	(obj:0)
z_('1966592X', '3452192')_2                         1 	(obj:0)
z_('3452192', '1353870')_0                          1 	(obj:0)
z_('3452192', '3520162')_0                          1 	(obj:0)
z_('3520162', '3307092')_1                          1 	(obj:0)
z_('3520162', '3524054')_0                          1 	(obj:0)
z_('3268740', '3524054')_1                          1 	(obj:0)
z_('3524054', '3179975')_1                          1 	(obj:0)
z_('3179975', '3422998')_1                          1 	(obj:0)
z_('3422998', '2495223X')_2                         1 	(obj:0)
z_('3422998', '1353870_01')_2                       1 	(obj:0)
z_('2495223X', '2245784X')_3                        1 	(obj:0)
alpha                                3.46156626506024 	(obj:0.217958686772058)
  obj=0.886  alpha=574.6s  time=414.59s

k = 1
  Subgraph edges — edge_w: 13 (1.2%)  bal_w: 13 (1.2%)  combined: 26 (2.4%)  blended: 13 (1.2%)  blended_union: 37 (3.3%)  diverse: 13 (1.2%)
  [3a] Subgraph / edge_w   k=1 …
2026-07-01 19:13:11.898 | INFO     | pycaalp.time_balancing.model:run_mip:430 - Running MIP solver ...
      obj=0.892 (vs_full=+0.65%)  alpha=584.0s  build=0.006s solve=0.074s  vs_full=+1.64%
  [3b] Subgraph / bal_w    k=1 …
2026-07-01 19:13:11.972 | INFO     | pycaalp.time_balancing.model:run_mip:430 - Running MIP solver ...
      obj=0.961 (vs_full=+8.42%)  alpha=597.8s  build=0.001s solve=0.056s  vs_full=+4.04%
  [3c] Subgraph / combined k=1 …
2026-07-01 19:13:12.028 | INFO     | pycaalp.time_balancing.model:run_mip:430 - Running MIP solver ...
      obj=0.892 (vs_full=+0.65%)  alpha=584.0s  build=0.002s solve=0.371s  vs_full=+1.64%
  [3d] Subgraph / blended  k=1 …
2026-07-01 19:13:12.399 | INFO     | pycaalp.time_balancing.model:run_mip:430 - Running MIP solver ...
      obj=0.913 (vs_full=+3.02%)  alpha=574.6s  build=0.005s solve=0.145s  vs_full=+0.00%
  [3e] Subgraph / bl-union k=1 …
2026-07-01 19:13:12.544 | INFO     | pycaalp.time_balancing.model:run_mip:430 - Running MIP solver ...
      obj=0.892 (vs_full=+0.65%)  alpha=584.0s  build=0.036s solve=0.306s  vs_full=+1.64%
  [3f] Subgraph / diverse  k=1 …
2026-07-01 19:13:12.850 | INFO     | pycaalp.time_balancing.model:run_mip:430 - Running MIP solver ...
      obj=0.913 (vs_full=+3.02%)  alpha=574.6s  build=0.013s solve=0.138s  vs_full=+0.00%

k = 2
  Subgraph edges — edge_w: 15 (1.4%)  bal_w: 15 (1.4%)  combined: 30 (2.7%)  blended: 15 (1.4%)  blended_union: 43 (3.9%)  diverse: 26 (2.4%)
  [3a] Subgraph / edge_w   k=2 …
2026-07-01 19:13:13.041 | INFO     | pycaalp.time_balancing.model:run_mip:430 - Running MIP solver ...
      obj=0.892 (vs_full=+0.65%)  alpha=584.0s  build=0.004s solve=0.193s  vs_full=+1.64%
  [3b] Subgraph / bal_w    k=2 …
2026-07-01 19:13:13.233 | INFO     | pycaalp.time_balancing.model:run_mip:430 - Running MIP solver ...
      obj=0.961 (vs_full=+8.42%)  alpha=597.8s  build=0.003s solve=0.396s  vs_full=+4.04%
  [3c] Subgraph / combined k=2 …
2026-07-01 19:13:13.630 | INFO     | pycaalp.time_balancing.model:run_mip:430 - Running MIP solver ...
      obj=0.892 (vs_full=+0.65%)  alpha=584.0s  build=0.007s solve=0.240s  vs_full=+1.64%
  [3d] Subgraph / blended  k=2 …
2026-07-01 19:13:13.870 | INFO     | pycaalp.time_balancing.model:run_mip:430 - Running MIP solver ...
      obj=0.913 (vs_full=+3.02%)  alpha=574.6s  build=0.004s solve=0.821s  vs_full=+0.00%
  [3e] Subgraph / bl-union k=2 …
2026-07-01 19:13:14.691 | INFO     | pycaalp.time_balancing.model:run_mip:430 - Running MIP solver ...
      obj=0.892 (vs_full=+0.65%)  alpha=584.0s  build=0.022s solve=0.320s  vs_full=+1.64%
  [3f] Subgraph / diverse  k=2 …
2026-07-01 19:13:15.011 | INFO     | pycaalp.time_balancing.model:run_mip:430 - Running MIP solver ...
      obj=0.913 (vs_full=+3.02%)  alpha=574.6s  build=0.011s solve=0.796s  vs_full=+0.00%

k = 5
  Subgraph edges — edge_w: 21 (1.9%)  bal_w: 27 (2.4%)  combined: 48 (4.3%)  blended: 19 (1.7%)  blended_union: 60 (5.4%)  diverse: 65 (5.9%)
  [3a] Subgraph / edge_w   k=5 …
2026-07-01 19:13:15.994 | INFO     | pycaalp.time_balancing.model:run_mip:430 - Running MIP solver ...
      obj=0.892 (vs_full=+0.65%)  alpha=584.0s  build=0.013s solve=0.269s  vs_full=+1.64%
  [3b] Subgraph / bal_w    k=5 …
2026-07-01 19:13:16.263 | INFO     | pycaalp.time_balancing.model:run_mip:430 - Running MIP solver ...
      obj=0.946 (vs_full=+6.77%)  alpha=586.1s  build=0.012s solve=1.599s  vs_full=+2.00%
  [3c] Subgraph / combined k=5 …
2026-07-01 19:13:17.862 | INFO     | pycaalp.time_balancing.model:run_mip:430 - Running MIP solver ...
      obj=0.892 (vs_full=+0.65%)  alpha=584.0s  build=0.039s solve=0.872s  vs_full=+1.64%
  [3d] Subgraph / blended  k=5 …
2026-07-01 19:13:18.734 | INFO     | pycaalp.time_balancing.model:run_mip:430 - Running MIP solver ...
      obj=0.913 (vs_full=+3.02%)  alpha=574.6s  build=0.014s solve=0.368s  vs_full=+0.00%
  [3e] Subgraph / bl-union k=5 …
2026-07-01 19:13:19.102 | INFO     | pycaalp.time_balancing.model:run_mip:430 - Running MIP solver ...
      obj=0.892 (vs_full=+0.65%)  alpha=584.0s  build=0.095s solve=0.578s  vs_full=+1.64%
  [3f] Subgraph / diverse  k=5 …
2026-07-01 19:13:19.681 | INFO     | pycaalp.time_balancing.model:run_mip:430 - Running MIP solver ...
      obj=0.913 (vs_full=+3.02%)  alpha=574.6s  build=0.015s solve=0.422s  vs_full=+0.00%

k = 10
  Subgraph edges — edge_w: 24 (2.2%)  bal_w: 38 (3.4%)  combined: 62 (5.6%)  blended: 23 (2.1%)  blended_union: 76 (6.9%)  diverse: 126 (11.4%)
  [3a] Subgraph / edge_w   k=10 …
2026-07-01 19:13:20.376 | INFO     | pycaalp.time_balancing.model:run_mip:430 - Running MIP solver ...
      obj=0.892 (vs_full=+0.65%)  alpha=584.0s  build=0.026s solve=0.243s  vs_full=+1.64%
  [3b] Subgraph / bal_w    k=10 …
2026-07-01 19:13:20.619 | INFO     | pycaalp.time_balancing.model:run_mip:430 - Running MIP solver ...
      obj=0.945 (vs_full=+6.61%)  alpha=586.1s  build=0.021s solve=0.589s  vs_full=+2.00%
  [3c] Subgraph / combined k=10 …
2026-07-01 19:13:21.208 | INFO     | pycaalp.time_balancing.model:run_mip:430 - Running MIP solver ...
      obj=0.892 (vs_full=+0.65%)  alpha=584.0s  build=0.059s solve=0.830s  vs_full=+1.64%
  [3d] Subgraph / blended  k=10 …
2026-07-01 19:13:22.038 | INFO     | pycaalp.time_balancing.model:run_mip:430 - Running MIP solver ...
      obj=0.913 (vs_full=+3.02%)  alpha=574.6s  build=0.023s solve=0.796s  vs_full=+0.00%
  [3e] Subgraph / bl-union k=10 …
2026-07-01 19:13:22.834 | INFO     | pycaalp.time_balancing.model:run_mip:430 - Running MIP solver ...
      obj=0.892 (vs_full=+0.65%)  alpha=584.0s  build=0.124s solve=0.799s  vs_full=+1.64%
  [3f] Subgraph / diverse  k=10 …
2026-07-01 19:13:23.634 | INFO     | pycaalp.time_balancing.model:run_mip:430 - Running MIP solver ...
      obj=0.913 (vs_full=+3.02%)  alpha=574.6s  build=0.020s solve=0.966s  vs_full=+0.00%

k = 20
  Subgraph edges — edge_w: 35 (3.2%)  bal_w: 42 (3.8%)  combined: 77 (7.0%)  blended: 28 (2.5%)  blended_union: 92 (8.3%)  diverse: 239 (21.6%)
  [3a] Subgraph / edge_w   k=20 …
2026-07-01 19:13:25.259 | INFO     | pycaalp.time_balancing.model:run_mip:430 - Running MIP solver ...
      obj=0.892 (vs_full=+0.65%)  alpha=584.0s  build=0.105s solve=0.555s  vs_full=+1.64%
  [3b] Subgraph / bal_w    k=20 …
2026-07-01 19:13:25.814 | INFO     | pycaalp.time_balancing.model:run_mip:430 - Running MIP solver ...
      obj=0.945 (vs_full=+6.61%)  alpha=586.1s  build=0.035s solve=0.551s  vs_full=+2.00%
  [3c] Subgraph / combined k=20 …
2026-07-01 19:13:26.366 | INFO     | pycaalp.time_balancing.model:run_mip:430 - Running MIP solver ...
      obj=0.892 (vs_full=+0.65%)  alpha=584.0s  build=0.123s solve=0.913s  vs_full=+1.64%
  [3d] Subgraph / blended  k=20 …
2026-07-01 19:13:27.279 | INFO     | pycaalp.time_balancing.model:run_mip:430 - Running MIP solver ...
      obj=0.913 (vs_full=+3.02%)  alpha=574.6s  build=0.067s solve=0.372s  vs_full=+0.00%
  [3e] Subgraph / bl-union k=20 …
2026-07-01 19:13:27.651 | INFO     | pycaalp.time_balancing.model:run_mip:430 - Running MIP solver ...
      obj=0.892 (vs_full=+0.65%)  alpha=584.0s  build=0.301s solve=0.876s  vs_full=+1.64%
  [3f] Subgraph / diverse  k=20 …
2026-07-01 19:13:28.528 | INFO     | pycaalp.time_balancing.model:run_mip:430 - Running MIP solver ...
      obj=0.890 (vs_full=+0.40%)  alpha=581.1s  build=0.029s solve=3.880s  vs_full=+1.13%

k = 50
  Subgraph edges — edge_w: 54 (4.9%)  bal_w: 63 (5.7%)  combined: 116 (10.5%)  blended: 32 (2.9%)  blended_union: 125 (11.3%)  diverse: 506 (45.8%)
  [3a] Subgraph / edge_w   k=50 …
2026-07-01 19:13:33.900 | INFO     | pycaalp.time_balancing.model:run_mip:430 - Running MIP solver ...
      obj=0.892 (vs_full=+0.65%)  alpha=584.0s  build=0.202s solve=0.791s  vs_full=+1.64%
  [3b] Subgraph / bal_w    k=50 …
2026-07-01 19:13:34.691 | INFO     | pycaalp.time_balancing.model:run_mip:430 - Running MIP solver ...
      obj=0.945 (vs_full=+6.61%)  alpha=586.1s  build=0.111s solve=1.252s  vs_full=+2.00%
  [3c] Subgraph / combined k=50 …
2026-07-01 19:13:35.944 | INFO     | pycaalp.time_balancing.model:run_mip:430 - Running MIP solver ...
      obj=0.892 (vs_full=+0.65%)  alpha=584.0s  build=0.292s solve=1.442s  vs_full=+1.64%
  [3d] Subgraph / blended  k=50 …
2026-07-01 19:13:37.386 | INFO     | pycaalp.time_balancing.model:run_mip:430 - Running MIP solver ...
      obj=0.913 (vs_full=+3.02%)  alpha=574.6s  build=0.161s solve=0.288s  vs_full=+0.00%
  [3e] Subgraph / bl-union k=50 …
2026-07-01 19:13:37.674 | INFO     | pycaalp.time_balancing.model:run_mip:430 - Running MIP solver ...
      obj=0.892 (vs_full=+0.65%)  alpha=584.0s  build=0.687s solve=1.092s  vs_full=+1.64%
  [3f] Subgraph / diverse  k=50 …
2026-07-01 19:13:38.766 | INFO     | pycaalp.time_balancing.model:run_mip:430 - Running MIP solver ...
      obj=0.887 (vs_full=+0.11%)  alpha=574.6s  build=0.038s solve=34.526s  vs_full=+0.00%

k = 100
  Subgraph edges — edge_w: 78 (7.1%)  bal_w: 86 (7.8%)  combined: 162 (14.7%)  blended: 40 (3.6%)  blended_union: 153 (13.8%)  diverse: 740 (67.0%)
  [3a] Subgraph / edge_w   k=100 …
2026-07-01 19:14:16.002 | INFO     | pycaalp.time_balancing.model:run_mip:430 - Running MIP solver ...
      obj=0.892 (vs_full=+0.65%)  alpha=584.0s  build=0.375s solve=0.845s  vs_full=+1.64%
  [3b] Subgraph / bal_w    k=100 …
2026-07-01 19:14:16.847 | INFO     | pycaalp.time_balancing.model:run_mip:430 - Running MIP solver ...
      obj=0.936 (vs_full=+5.65%)  alpha=574.0s  build=0.230s solve=2.384s  vs_full=-0.11%
  [3c] Subgraph / combined k=100 …
2026-07-01 19:14:19.231 | INFO     | pycaalp.time_balancing.model:run_mip:430 - Running MIP solver ...
      obj=0.892 (vs_full=+0.65%)  alpha=584.0s  build=0.499s solve=2.221s  vs_full=+1.64%
  [3d] Subgraph / blended  k=100 …
2026-07-01 19:14:21.453 | INFO     | pycaalp.time_balancing.model:run_mip:430 - Running MIP solver ...
      obj=0.913 (vs_full=+3.02%)  alpha=574.6s  build=0.254s solve=1.738s  vs_full=+0.00%
  [3e] Subgraph / bl-union k=100 …
2026-07-01 19:14:23.191 | INFO     | pycaalp.time_balancing.model:run_mip:430 - Running MIP solver ...
      obj=0.892 (vs_full=+0.65%)  alpha=584.0s  build=1.255s solve=2.069s  vs_full=+1.64%
  [3f] Subgraph / diverse  k=100 …
2026-07-01 19:14:25.260 | INFO     | pycaalp.time_balancing.model:run_mip:430 - Running MIP solver ...
      obj=0.887 (vs_full=+0.11%)  alpha=574.6s  build=0.097s solve=96.868s  vs_full=+0.00%

k = 200
  Subgraph edges — edge_w: 95 (8.6%)  bal_w: 111 (10.0%)  combined: 202 (18.3%)  blended: 45 (4.1%)  blended_union: 177 (16.0%)  diverse: 909 (82.3%)
  [3a] Subgraph / edge_w   k=200 …
2026-07-01 19:16:07.007 | INFO     | pycaalp.time_balancing.model:run_mip:430 - Running MIP solver ...
      obj=0.892 (vs_full=+0.65%)  alpha=584.0s  build=0.600s solve=1.057s  vs_full=+1.64%
  [3b] Subgraph / bal_w    k=200 …
2026-07-01 19:16:08.064 | INFO     | pycaalp.time_balancing.model:run_mip:430 - Running MIP solver ...
      obj=0.935 (vs_full=+5.57%)  alpha=574.0s  build=0.400s solve=1.910s  vs_full=-0.11%
  [3c] Subgraph / combined k=200 …
2026-07-01 19:16:09.974 | INFO     | pycaalp.time_balancing.model:run_mip:430 - Running MIP solver ...
      obj=0.892 (vs_full=+0.65%)  alpha=584.0s  build=0.962s solve=3.882s  vs_full=+1.64%
  [3d] Subgraph / blended  k=200 …
2026-07-01 19:16:13.856 | INFO     | pycaalp.time_balancing.model:run_mip:430 - Running MIP solver ...
      obj=0.913 (vs_full=+3.02%)  alpha=574.6s  build=0.523s solve=0.569s  vs_full=+0.00%
  [3e] Subgraph / bl-union k=200 …
2026-07-01 19:16:14.425 | INFO     | pycaalp.time_balancing.model:run_mip:430 - Running MIP solver ...
      obj=0.892 (vs_full=+0.65%)  alpha=584.0s  build=2.239s solve=2.285s  vs_full=+1.64%
  [3f] Subgraph / diverse  k=200 …
2026-07-01 19:16:16.710 | INFO     | pycaalp.time_balancing.model:run_mip:430 - Running MIP solver ...
      obj=0.886 (vs_full=+0.02%)  alpha=574.6s  build=0.154s solve=149.035s  vs_full=+0.00%

k = 500
  Subgraph edges — edge_w: 108 (9.8%)  bal_w: 153 (13.8%)  combined: 257 (23.3%)  blended: 53 (4.8%)  blended_union: 245 (22.2%)  diverse: 1048 (94.8%)
  [3a] Subgraph / edge_w   k=500 …
2026-07-01 19:18:55.659 | INFO     | pycaalp.time_balancing.model:run_mip:430 - Running MIP solver ...
      obj=0.889 (vs_full=+0.35%)  alpha=581.1s  build=1.262s solve=0.860s  vs_full=+1.13%
  [3b] Subgraph / bal_w    k=500 …
2026-07-01 19:18:56.519 | INFO     | pycaalp.time_balancing.model:run_mip:430 - Running MIP solver ...
      obj=0.935 (vs_full=+5.57%)  alpha=574.0s  build=0.785s solve=2.867s  vs_full=-0.11%
  [3c] Subgraph / combined k=500 …
2026-07-01 19:18:59.386 | INFO     | pycaalp.time_balancing.model:run_mip:430 - Running MIP solver ...
      obj=0.889 (vs_full=+0.35%)  alpha=581.1s  build=2.097s solve=3.645s  vs_full=+1.13%
  [3d] Subgraph / blended  k=500 …
2026-07-01 19:19:03.031 | INFO     | pycaalp.time_balancing.model:run_mip:430 - Running MIP solver ...
      obj=0.913 (vs_full=+3.02%)  alpha=574.6s  build=1.391s solve=0.363s  vs_full=+0.00%
  [3e] Subgraph / bl-union k=500 …
2026-07-01 19:19:03.395 | INFO     | pycaalp.time_balancing.model:run_mip:430 - Running MIP solver ...
      obj=0.886 (vs_full=+0.00%)  alpha=574.6s  build=4.031s solve=4.634s  vs_full=+0.00%
  [3f] Subgraph / diverse  k=500 …
2026-07-01 19:19:08.029 | INFO     | pycaalp.time_balancing.model:run_mip:430 - Running MIP solver ...
      obj=0.886 (vs_full=+0.02%)  alpha=574.6s  build=0.348s solve=151.972s  vs_full=+0.00%

k = 1000
  Subgraph edges — edge_w: 142 (12.9%)  bal_w: 211 (19.1%)  combined: 346 (31.3%)  blended: 59 (5.3%)  blended_union: 297 (26.9%)  diverse: 1101 (99.6%)
  [3a] Subgraph / edge_w   k=1000 …
2026-07-01 19:21:58.033 | INFO     | pycaalp.time_balancing.model:run_mip:430 - Running MIP solver ...
      obj=0.889 (vs_full=+0.35%)  alpha=581.1s  build=2.040s solve=0.773s  vs_full=+1.13%
  [3b] Subgraph / bal_w    k=1000 …
2026-07-01 19:21:58.806 | INFO     | pycaalp.time_balancing.model:run_mip:430 - Running MIP solver ...
      obj=0.934 (vs_full=+5.45%)  alpha=574.0s  build=1.625s solve=7.063s  vs_full=-0.11%
  [3c] Subgraph / combined k=1000 …
2026-07-01 19:22:05.869 | INFO     | pycaalp.time_balancing.model:run_mip:430 - Running MIP solver ...
      obj=0.889 (vs_full=+0.35%)  alpha=581.1s  build=3.658s solve=9.999s  vs_full=+1.13%
  [3d] Subgraph / blended  k=1000 …
2026-07-01 19:22:15.868 | INFO     | pycaalp.time_balancing.model:run_mip:430 - Running MIP solver ...
      obj=0.913 (vs_full=+3.02%)  alpha=574.6s  build=2.836s solve=0.300s  vs_full=+0.00%
  [3e] Subgraph / bl-union k=1000 …
2026-07-01 19:22:16.168 | INFO     | pycaalp.time_balancing.model:run_mip:430 - Running MIP solver ...
      obj=0.886 (vs_full=+0.00%)  alpha=574.6s  build=7.263s solve=8.718s  vs_full=+0.00%
  [3f] Subgraph / diverse  k=1000 …
2026-07-01 19:22:24.886 | INFO     | pycaalp.time_balancing.model:run_mip:430 - Running MIP solver ...
      obj=0.886 (vs_full=+0.00%)  alpha=574.6s  build=0.610s solve=201.544s  vs_full=+0.00%

k = 2000
  Subgraph edges — edge_w: 185 (16.7%)  bal_w: 292 (26.4%)  combined: 460 (41.6%)  blended: 157 (14.2%)  blended_union: 410 (37.1%)  diverse: 1105 (100.0%)
  [3a] Subgraph / edge_w   k=2000 …
2026-07-01 19:26:29.326 | INFO     | pycaalp.time_balancing.model:run_mip:430 - Running MIP solver ...
      obj=0.889 (vs_full=+0.35%)  alpha=581.1s  build=4.731s solve=2.073s  vs_full=+1.13%
  [3b] Subgraph / bal_w    k=2000 …
2026-07-01 19:26:31.400 | INFO     | pycaalp.time_balancing.model:run_mip:430 - Running MIP solver ...
      obj=0.933 (vs_full=+5.35%)  alpha=574.0s  build=4.031s solve=10.085s  vs_full=-0.11%
  [3c] Subgraph / combined k=2000 …
2026-07-01 19:26:41.484 | INFO     | pycaalp.time_balancing.model:run_mip:430 - Running MIP solver ...
      obj=0.889 (vs_full=+0.35%)  alpha=581.1s  build=8.858s solve=11.160s  vs_full=+1.13%
  [3d] Subgraph / blended  k=2000 …
2026-07-01 19:26:52.645 | INFO     | pycaalp.time_balancing.model:run_mip:430 - Running MIP solver ...
      obj=0.913 (vs_full=+3.02%)  alpha=574.6s  build=7.243s solve=1.354s  vs_full=+0.00%
  [3e] Subgraph / bl-union k=2000 …
2026-07-01 19:26:53.999 | INFO     | pycaalp.time_balancing.model:run_mip:430 - Running MIP solver ...
      obj=0.886 (vs_full=+0.00%)  alpha=574.6s  build=16.790s solve=12.164s  vs_full=+0.00%
  [3f] Subgraph / diverse  k=2000 …
2026-07-01 19:27:06.164 | INFO     | pycaalp.time_balancing.model:run_mip:430 - Running MIP solver ...
      obj=0.886 (vs_full=+0.00%)  alpha=574.6s  build=1.243s solve=214.876s  vs_full=+0.00%

k = 5000
  Subgraph edges — edge_w: 232 (21.0%)  bal_w: 431 (39.0%)  combined: 632 (57.2%)  blended: 179 (16.2%)  blended_union: 525 (47.5%)  diverse: 1105 (100.0%)
  [3a] Subgraph / edge_w   k=5000 …
2026-07-01 19:33:14.330 | INFO     | pycaalp.time_balancing.model:run_mip:430 - Running MIP solver ...
      obj=0.889 (vs_full=+0.35%)  alpha=581.1s  build=17.596s solve=2.961s  vs_full=+1.13%
  [3b] Subgraph / bal_w    k=5000 …
2026-07-01 19:33:17.291 | INFO     | pycaalp.time_balancing.model:run_mip:430 - Running MIP solver ...
      obj=0.912 (vs_full=+2.94%)  alpha=567.5s  build=15.296s solve=39.899s  vs_full=-1.24%
  [3c] Subgraph / combined k=5000 …
2026-07-01 19:33:57.190 | INFO     | pycaalp.time_balancing.model:run_mip:430 - Running MIP solver ...
      obj=0.889 (vs_full=+0.35%)  alpha=581.1s  build=32.747s solve=37.147s  vs_full=+1.13%
  [3d] Subgraph / blended  k=5000 …
2026-07-01 19:34:34.338 | INFO     | pycaalp.time_balancing.model:run_mip:430 - Running MIP solver ...
      obj=0.913 (vs_full=+3.02%)  alpha=574.6s  build=24.473s solve=2.642s  vs_full=+0.00%
  [3e] Subgraph / bl-union k=5000 …
2026-07-01 19:34:36.980 | INFO     | pycaalp.time_balancing.model:run_mip:430 - Running MIP solver ...
      obj=0.886 (vs_full=+0.00%)  alpha=574.6s  build=60.209s solve=31.683s  vs_full=+0.00%
  [3f] Subgraph / diverse  k=5000 …
2026-07-01 19:35:08.663 | INFO     | pycaalp.time_balancing.model:run_mip:430 - Running MIP solver ...
      obj=0.886 (vs_full=+0.00%)  alpha=574.6s  build=2.970s solve=183.737s  vs_full=+0.00%

Results saved to experiments/strategy_comparison/assembly_1_np_4/strategy_comparison_lambda_0.85.csv
Plot with:  python -m experiments.strategy_comparison.plot_k_sensitivity

============================================================================================================================
SUMMARY — assembly_1  P=4  λ=0.85
============================================================================================================================
Strategy       Weight                      k   Build    Solve    Total  Spdup       Obj   ObjvsF     Alpha    AlvsF   Edges  %Grph
----------------------------------------------------------------------------------------------------------------------------
full_mip       —                               0.000  414.590  414.590   1.0x     0.886    +0.00    574.62    +0.00    1105  100.0
subgraph_mip   edge_weight                 1   0.006    0.074    0.080 5162.9x     0.892    +0.65    584.04    +1.64      13    1.2
subgraph_mip   time_balanced_weight        1   0.001    0.056    0.056 7339.1x     0.961    +8.42    597.84    +4.04      13    1.2
subgraph_mip   combined                    1   0.002    0.371    0.373 1111.7x     0.892    +0.65    584.04    +1.64      26    2.4
subgraph_mip   blended                     1   0.005    0.145    0.150 2762.6x     0.913    +3.02    574.62    +0.00      13    1.2
subgraph_mip   blended_union               1   0.036    0.306    0.341 1215.4x     0.892    +0.65    584.04    +1.64      37    3.4
subgraph_mip   diverse                     1   0.013    0.138    0.151 2743.3x     0.913    +3.02    574.62    +0.00      13    1.2
subgraph_mip   edge_weight                 2   0.004    0.193    0.197 2105.3x     0.892    +0.65    584.04    +1.64      15    1.4
subgraph_mip   time_balanced_weight        2   0.003    0.396    0.399 1037.9x     0.961    +8.42    597.84    +4.04      15    1.4
subgraph_mip   combined                    2   0.007    0.240    0.247 1678.2x     0.892    +0.65    584.04    +1.64      30    2.7
subgraph_mip   blended                     2   0.004    0.821    0.824 502.9x     0.913    +3.02    574.62    +0.00      15    1.4
subgraph_mip   blended_union               2   0.022    0.320    0.342 1210.7x     0.892    +0.65    584.04    +1.64      43    3.9
subgraph_mip   diverse                     2   0.011    0.796    0.806 514.1x     0.913    +3.02    574.62    +0.00      26    2.4
subgraph_mip   edge_weight                 5   0.013    0.269    0.281 1473.8x     0.892    +0.65    584.04    +1.64      21    1.9
subgraph_mip   time_balanced_weight        5   0.012    1.599    1.610 257.5x     0.946    +6.77    586.13    +2.00      27    2.4
subgraph_mip   combined                    5   0.039    0.872    0.911 454.9x     0.892    +0.65    584.04    +1.64      48    4.3
subgraph_mip   blended                     5   0.014    0.368    0.382 1085.9x     0.913    +3.02    574.62    +0.00      19    1.7
subgraph_mip   blended_union               5   0.095    0.578    0.673 616.1x     0.892    +0.65    584.04    +1.64      60    5.4
subgraph_mip   diverse                     5   0.015    0.422    0.437 948.2x     0.913    +3.02    574.62    +0.00      65    5.9
subgraph_mip   edge_weight                10   0.026    0.243    0.270 1537.8x     0.892    +0.65    584.04    +1.64      24    2.2
subgraph_mip   time_balanced_weight       10   0.021    0.589    0.610 680.1x     0.945    +6.61    586.13    +2.00      38    3.4
subgraph_mip   combined                   10   0.059    0.830    0.888 466.8x     0.892    +0.65    584.04    +1.64      62    5.6
subgraph_mip   blended                    10   0.023    0.796    0.819 506.2x     0.913    +3.02    574.62    +0.00      23    2.1
subgraph_mip   blended_union              10   0.124    0.799    0.923 449.0x     0.892    +0.65    584.04    +1.64      76    6.9
subgraph_mip   diverse                    10   0.020    0.966    0.986 420.5x     0.913    +3.02    574.62    +0.00     126   11.4
subgraph_mip   edge_weight                20   0.105    0.555    0.660 628.5x     0.892    +0.65    584.04    +1.64      35    3.2
subgraph_mip   time_balanced_weight       20   0.035    0.551    0.587 706.7x     0.945    +6.61    586.13    +2.00      42    3.8
subgraph_mip   combined                   20   0.123    0.913    1.036 400.2x     0.892    +0.65    584.04    +1.64      77    7.0
subgraph_mip   blended                    20   0.067    0.372    0.439 944.0x     0.913    +3.02    574.62    +0.00      28    2.5
subgraph_mip   blended_union              20   0.301    0.876    1.177 352.2x     0.892    +0.65    584.04    +1.64      92    8.3
subgraph_mip   diverse                    20   0.029    3.880    3.908 106.1x     0.890    +0.40    581.12    +1.13     239   21.6
subgraph_mip   edge_weight                50   0.202    0.791    0.994 417.2x     0.892    +0.65    584.04    +1.64      54    4.9
subgraph_mip   time_balanced_weight       50   0.111    1.252    1.364 304.1x     0.945    +6.61    586.13    +2.00      63    5.7
subgraph_mip   combined                   50   0.292    1.442    1.734 239.1x     0.892    +0.65    584.04    +1.64     116   10.5
subgraph_mip   blended                    50   0.161    0.288    0.449 922.9x     0.913    +3.02    574.62    +0.00      32    2.9
subgraph_mip   blended_union              50   0.687    1.092    1.778 233.1x     0.892    +0.65    584.04    +1.64     125   11.3
subgraph_mip   diverse                    50   0.038   34.526   34.564  12.0x     0.887    +0.11    574.62    +0.00     506   45.8
subgraph_mip   edge_weight               100   0.375    0.845    1.220 339.9x     0.892    +0.65    584.04    +1.64      78    7.1
subgraph_mip   time_balanced_weight      100   0.230    2.384    2.614 158.6x     0.936    +5.65    574.00    -0.11      86    7.8
subgraph_mip   combined                  100   0.499    2.221    2.720 152.4x     0.892    +0.65    584.04    +1.64     162   14.7
subgraph_mip   blended                   100   0.254    1.738    1.992 208.1x     0.913    +3.02    574.62    +0.00      40    3.6
subgraph_mip   blended_union             100   1.255    2.069    3.324 124.7x     0.892    +0.65    584.04    +1.64     153   13.8
subgraph_mip   diverse                   100   0.097   96.868   96.965   4.3x     0.887    +0.11    574.62    +0.00     740   67.0
subgraph_mip   edge_weight               200   0.600    1.057    1.657 250.2x     0.892    +0.65    584.04    +1.64      95    8.6
subgraph_mip   time_balanced_weight      200   0.400    1.910    2.310 179.5x     0.935    +5.57    574.00    -0.11     111   10.1
subgraph_mip   combined                  200   0.962    3.882    4.845  85.6x     0.892    +0.65    584.04    +1.64     202   18.3
subgraph_mip   blended                   200   0.523    0.569    1.091 379.9x     0.913    +3.02    574.62    +0.00      45    4.1
subgraph_mip   blended_union             200   2.239    2.285    4.524  91.7x     0.892    +0.65    584.04    +1.64     177   16.0
subgraph_mip   diverse                   200   0.154  149.035  149.189   2.8x     0.886    +0.02    574.62    +0.00     909   82.3
subgraph_mip   edge_weight               500   1.262    0.860    2.122 195.4x     0.889    +0.35    581.12    +1.13     108    9.8
subgraph_mip   time_balanced_weight      500   0.785    2.867    3.652 113.5x     0.935    +5.57    574.00    -0.11     153   13.8
subgraph_mip   combined                  500   2.097    3.645    5.742  72.2x     0.889    +0.35    581.12    +1.13     257   23.3
subgraph_mip   blended                   500   1.391    0.363    1.754 236.3x     0.913    +3.02    574.62    +0.00      53    4.8
subgraph_mip   blended_union             500   4.031    4.634    8.665  47.9x     0.886    +0.00    574.62    +0.00     245   22.2
subgraph_mip   diverse                   500   0.348  151.972  152.320   2.7x     0.886    +0.02    574.62    +0.00    1048   94.8
subgraph_mip   edge_weight              1000   2.040    0.773    2.813 147.4x     0.889    +0.35    581.12    +1.13     142   12.8
subgraph_mip   time_balanced_weight     1000   1.625    7.063    8.688  47.7x     0.934    +5.45    574.00    -0.11     211   19.1
subgraph_mip   combined                 1000   3.658    9.999   13.657  30.4x     0.889    +0.35    581.12    +1.13     346   31.3
subgraph_mip   blended                  1000   2.836    0.300    3.136 132.2x     0.913    +3.02    574.62    +0.00      59    5.3
subgraph_mip   blended_union            1000   7.263    8.718   15.982  25.9x     0.886    +0.00    574.62    +0.00     297   26.9
subgraph_mip   diverse                  1000   0.610  201.544  202.153   2.0x     0.886    +0.00    574.62    +0.00    1101   99.6
subgraph_mip   edge_weight              2000   4.731    2.073    6.804  60.9x     0.889    +0.35    581.12    +1.13     185   16.7
subgraph_mip   time_balanced_weight     2000   4.031   10.085   14.116  29.4x     0.933    +5.35    574.00    -0.11     292   26.4
subgraph_mip   combined                 2000   8.858   11.160   20.018  20.7x     0.889    +0.35    581.12    +1.13     460   41.6
subgraph_mip   blended                  2000   7.243    1.354    8.597  48.2x     0.913    +3.02    574.62    +0.00     157   14.2
subgraph_mip   blended_union            2000  16.790   12.164   28.955  14.3x     0.886    +0.00    574.62    +0.00     410   37.1
subgraph_mip   diverse                  2000   1.243  214.876  216.118   1.9x     0.886    +0.00    574.62    +0.00    1105  100.0
subgraph_mip   edge_weight              5000  17.596    2.961   20.556  20.2x     0.889    +0.35    581.12    +1.13     232   21.0
subgraph_mip   time_balanced_weight     5000  15.296   39.899   55.196   7.5x     0.912    +2.94    567.50    -1.24     431   39.0
subgraph_mip   combined                 5000  32.747   37.147   69.894   5.9x     0.889    +0.35    581.12    +1.13     632   57.2
subgraph_mip   blended                  5000  24.473    2.642   27.115  15.3x     0.913    +3.02    574.62    +0.00     179   16.2
subgraph_mip   blended_union            5000  60.209   31.683   91.892   4.5x     0.886    +0.00    574.62    +0.00     525   47.5
subgraph_mip   diverse                  5000   2.970  183.737  186.707   2.2x     0.886    +0.00    574.62    +0.00    1105  100.0
============================================================================================================================

----------------- λ = 0.9 -----------------
========================================================================
Strategy Comparison Experiment — assembly_1  P=4  λ=0.9
========================================================================

Building assembly digraph …
2026-07-01 19:07:14.917 | INFO     | pycaalp.gapp.assembly_digraph:compute_assembly_digraph_complete:395 - Computing assembly digraph...
  343 nodes, 1105 edges  (0.4s)

[1] Full MIP  P=4  λ=0.9
2026-07-01 19:07:15.292 | INFO     | pycaalp.time_balancing.model:run_mip:430 - Running MIP solver ...
presolving:
(round 1, fast)       2 del vars, 2 del conss, 0 add conss, 0 chg bounds, 0 chg sides, 0 chg coeffs, 0 upgd conss, 0 impls, 69 clqs, 0 implints
(round 2, exhaustive) 2 del vars, 2 del conss, 0 add conss, 1 chg bounds, 0 chg sides, 0 chg coeffs, 4525 upgd conss, 0 impls, 69 clqs, 0 implints
   (0.3s) probing: 1000/1207 (82.9%) - 0 fixings, 0 aggregations, 130891 implications, 0 bound changes
   (0.3s) probing: 1001/1207 (82.9%) - 0 fixings, 0 aggregations, 130966 implications, 0 bound changes
   (0.3s) probing aborted: 1000/1000 successive useless probings
   (0.3s) symmetry computation started: requiring (bin +, int +, cont +), (fixed: bin -, int -, cont -)
   (0.3s) no symmetry present (symcode time: 0.00)
presolving (3 rounds: 3 fast, 2 medium, 2 exhaustive):
 2 deleted vars, 2 deleted constraints, 0 added constraints, 1 tightened bounds, 0 added holes, 0 changed sides, 0 changed coefficients
 0 implications, 15690 cliques, 0 implied integral variables (0 bin, 0 int, 0 cont)
presolved problem has 1208 variables (1207 bin, 0 int, 1 cont) and 4839 constraints
     69 constraints of type <setppc>
    314 constraints of type <linear>
   4456 constraints of type <logicor>
Presolving Time: 0.33

 time | node  | left  |LP iter|LP it/n|mem/heur|mdpt |vars |cons |rows |cuts |sepa|confs|strbr|  dualbound   | primalbound  |  gap   | compl. 
p 0.5s|     1 |     0 |   121 |     - | vbounds|   0 |1208 |4867 |4839 |   0 |  0 |  27 |   0 | 0.000000e+00 | 1.161290e+00 |    Inf | unknown
  0.5s|     1 |     0 |   466 |     - |    34M |   0 |1208 |4867 |4839 |   0 |  0 |  27 |   0 | 8.329273e-01 | 1.161290e+00 |  39.42%| unknown
  1.0s|     1 |     0 |   480 |     - |    39M |   0 |1208 |4875 |4843 |   4 |  1 |  35 |   0 | 8.329273e-01 | 1.161290e+00 |  39.42%| unknown
  1.4s|     1 |     0 |   485 |     - |    43M |   0 |1208 |4885 |4846 |   7 |  2 |  45 |   0 | 8.329273e-01 | 1.161290e+00 |  39.42%| unknown
  1.9s|     1 |     0 |   503 |     - |    50M |   0 |1208 |4893 |4849 |  10 |  3 |  55 |   0 | 8.329273e-01 | 1.161290e+00 |  39.42%| unknown
  2.4s|     1 |     0 |   514 |     - |    56M |   0 |1208 |4902 |4851 |  12 |  4 |  65 |   0 | 8.329273e-01 | 1.161290e+00 |  39.42%| unknown
  2.9s|     1 |     0 |   529 |     - |    64M |   0 |1208 |4912 |4854 |  15 |  5 |  75 |   0 | 8.329273e-01 | 1.161290e+00 |  39.42%| unknown
  3.4s|     1 |     0 |   557 |     - |    72M |   0 |1208 |4915 |4856 |  17 |  6 |  78 |   0 | 8.329273e-01 | 1.161290e+00 |  39.42%| unknown
  3.9s|     1 |     0 |   583 |     - |    80M |   0 |1208 |4916 |4860 |  21 |  7 |  79 |   0 | 8.329273e-01 | 1.161290e+00 |  39.42%| unknown
  4.4s|     1 |     0 |   595 |     - |    87M |   0 |1208 |4924 |4864 |  25 |  8 |  87 |   0 | 8.329273e-01 | 1.161290e+00 |  39.42%| unknown
  4.8s|     1 |     0 |   617 |     - |    95M |   0 |1208 |4934 |4867 |  28 |  9 |  97 |   0 | 8.329273e-01 | 1.161290e+00 |  39.42%| unknown
  5.3s|     1 |     0 |   631 |     - |   101M |   0 |1208 |4943 |4870 |  31 | 10 | 107 |   0 | 8.329273e-01 | 1.161290e+00 |  39.42%| unknown
  5.3s|     1 |     0 |   638 |     - |   102M |   0 |1208 |4946 |4875 |  36 | 11 | 115 |   0 | 8.329273e-01 | 1.161290e+00 |  39.42%| unknown
d 5.4s|     1 |     0 |  1173 |     - |farkasdi|   0 |1208 |4950 |4875 |   0 | 11 | 122 |   0 | 8.329273e-01 | 1.029505e+00 |  23.60%| unknown
o 5.5s|     1 |     0 |  1597 |     - |feaspump|   0 |1208 |4950 |4875 |  36 | 11 | 122 |   0 | 8.329273e-01 | 1.029114e+00 |  23.55%| unknown
 time | node  | left  |LP iter|LP it/n|mem/heur|mdpt |vars |cons |rows |cuts |sepa|confs|strbr|  dualbound   | primalbound  |  gap   | compl. 
  5.5s|     1 |     0 |  1952 |     - |   102M |   0 |1208 |4960 |4875 |  36 | 11 | 139 |   0 | 8.329273e-01 | 1.029114e+00 |  23.55%| unknown
  5.6s|     1 |     0 |  1957 |     - |   103M |   0 |1208 |4964 |4875 |  38 | 12 | 145 |   0 | 8.329273e-01 | 1.029114e+00 |  23.55%| unknown
  5.6s|     1 |     0 |  1967 |     - |   103M |   0 |1208 |4973 |4877 |  40 | 13 | 155 |   0 | 8.329273e-01 | 1.029114e+00 |  23.55%| unknown
  5.9s|     1 |     2 |  1972 |     - |   103M |   0 |1208 |4969 |4877 |  40 | 13 | 162 |  21 | 8.329273e-01 | 1.029114e+00 |  23.55%| unknown
 22.7s|   100 |    56 | 11434 | 110.1 |   141M |  21 |1208 |5226 |4852 | 157 |  2 | 664 |1639 | 8.329273e-01 | 1.029114e+00 |  23.55%|   1.80%
 30.2s|   200 |   111 | 17657 |  86.1 |   150M |  22 |1208 |5546 |4850 | 288 |  1 |1149 |2296 | 8.329273e-01 | 1.029114e+00 |  23.55%|   2.01%
L30.3s|   203 |   112 | 17701 |  85.0 |    rins|  22 |1208 |5545 |4850 | 288 |  1 |1149 |2300 | 8.329273e-01 | 9.793942e-01 |  17.58%|   2.01%
d31.7s|   233 |   130 | 18655 |  78.1 |fracdivi|  22 |1208 |5602 |4857 |   0 |  1 |1233 |2329 | 8.329273e-01 | 9.747041e-01 |  17.02%|   2.07%
 34.8s|   300 |   165 | 22306 |  72.8 |   156M |  23 |1208 |5675 |4859 | 412 |  3 |1380 |2486 | 8.329273e-01 | 9.747041e-01 |  17.02%|   2.65%
 41.1s|   400 |   212 | 27703 |  68.1 |   159M |  24 |1208 |5822 |4862 | 631 |  4 |1606 |2743 | 8.329273e-01 | 9.747041e-01 |  17.02%|   2.82%
*41.2s|   414 |   211 | 27803 |  66.0 |    LP  |  24 |1208 |5850 |4854 | 631 |  1 |1634 |2743 | 8.329273e-01 | 9.536869e-01 |  14.50%|   2.83%
 46.5s|   500 |   244 | 33530 |  66.1 |   167M |  24 |1208 |5983 |4852 | 840 |  1 |1875 |2863 | 8.329273e-01 | 9.536869e-01 |  14.50%|   3.57%
*47.9s|   544 |   259 | 34955 |  63.4 |    LP  |  24 |1208 |6033 |4852 | 891 |  1 |1931 |2870 | 8.329273e-01 | 9.253026e-01 |  11.09%|   3.68%
 49.6s|   600 |   266 | 36364 |  59.8 |   168M |  24 |1208 |6142 |4855 | 951 |  1 |2093 |2897 | 8.329273e-01 | 9.253026e-01 |  11.09%|   4.11%
 52.8s|   700 |   303 | 41247 |  58.2 |   169M |  24 |1208 |6122 |4855 |1051 |  1 |2362 |3133 | 8.329273e-01 | 9.253026e-01 |  11.09%|   4.69%
 time | node  | left  |LP iter|LP it/n|mem/heur|mdpt |vars |cons |rows |cuts |sepa|confs|strbr|  dualbound   | primalbound  |  gap   | compl. 
L53.5s|   744 |   317 | 42899 |  57.0 |crossove|  24 |1208 |6171 |4846 |1063 |  1 |2480 |3184 | 8.329273e-01 | 9.197149e-01 |  10.42%|   4.99%
 55.5s|   800 |   339 | 44372 |  54.9 |   170M |  26 |1208 |6253 |4845 |1122 |  1 |2681 |3260 | 8.329273e-01 | 9.197149e-01 |  10.42%|   5.66%
 59.1s|   900 |   368 | 48654 |  53.5 |   172M |  26 |1208 |6315 |   0 |1305 |  0 |2889 |3395 | 8.329273e-01 | 9.197149e-01 |  10.42%|   7.43%
 62.1s|  1000 |   387 | 52660 |  52.2 |   173M |  26 |1208 |6366 |4846 |1380 |  1 |3084 |3518 | 8.329295e-01 | 9.197149e-01 |  10.42%|   7.91%
 69.6s|  1100 |   413 | 58257 |  52.5 |   178M |  26 |1208 |6451 |4855 |1696 |  8 |3342 |3622 | 8.329314e-01 | 9.197149e-01 |  10.42%|   8.83%
 72.2s|  1200 |   444 | 61617 |  50.9 |   179M |  26 |1208 |6398 |4855 |1824 |  1 |3450 |3701 | 8.329318e-01 | 9.197149e-01 |  10.42%|   9.84%
 76.1s|  1300 |   462 | 66457 |  50.8 |   182M |  26 |1208 |6377 |4845 |1986 |  1 |3675 |3855 | 8.329322e-01 | 9.197149e-01 |  10.42%|  11.77%
 82.8s|  1400 |   517 | 74158 |  52.6 |   195M |  26 |1208 |6444 |   0 |2344 |  0 |3992 |3889 | 8.329642e-01 | 9.197149e-01 |  10.41%|  14.33%
 90.3s|  1500 |   578 | 83244 |  55.2 |   206M |  26 |1208 |6496 |4863 |2778 |  2 |4438 |3935 | 8.329919e-01 | 9.197149e-01 |  10.41%|  16.18%
 96.1s|  1600 |   651 | 91111 |  56.6 |   211M |  26 |1208 |6459 |4854 |3091 |  1 |4858 |3963 | 8.329946e-01 | 9.197149e-01 |  10.41%|  17.20%
  102s|  1700 |   697 | 97521 |  57.1 |   214M |  26 |1208 |6614 |4855 |3373 |  1 |5351 |4052 | 8.330218e-01 | 9.197149e-01 |  10.41%|  19.26%
* 102s|  1704 |   674 | 97557 |  57.0 |    LP  |  26 |1208 |6608 |4872 |3373 |  1 |5367 |4052 | 8.330218e-01 | 9.118756e-01 |   9.47%|  19.30%
d 104s|  1776 |   705 |102664 |  57.5 |linesear|  26 |1208 |6600 |4855 |   0 |  1 |5570 |4083 | 8.330591e-01 | 8.998088e-01 |   8.01%|  21.58%
  105s|  1800 |   721 |104415 |  57.7 |   215M |  26 |1208 |6602 |4858 |3643 |  1 |5614 |4089 | 8.330678e-01 | 8.998088e-01 |   8.01%|  21.58%
  109s|  1900 |   764 |109757 |  57.5 |   216M |  26 |1208 |6560 |4860 |3918 |  1 |5943 |4112 | 8.330850e-01 | 8.998088e-01 |   8.01%|  23.76%
 time | node  | left  |LP iter|LP it/n|mem/heur|mdpt |vars |cons |rows |cuts |sepa|confs|strbr|  dualbound   | primalbound  |  gap   | compl. 
  114s|  2000 |   814 |117295 |  58.4 |   217M |  26 |1208 |6536 |   0 |4140 |  0 |6282 |4172 | 8.331022e-01 | 8.998088e-01 |   8.01%|  34.13%
  120s|  2100 |   870 |122960 |  58.3 |   222M |  26 |1208 |6599 |4856 |4409 |  1 |6556 |4251 | 8.331254e-01 | 8.998088e-01 |   8.00%|  34.81%
  122s|  2200 |   919 |126764 |  57.4 |   225M |  26 |1208 |6678 |4847 |4523 |  1 |6960 |4302 | 8.331332e-01 | 8.998088e-01 |   8.00%|  35.58%
  125s|  2300 |   966 |131142 |  56.8 |   226M |  26 |1208 |6822 |4861 |4726 |  1 |7345 |4360 | 8.331369e-01 | 8.998088e-01 |   8.00%|  36.55%
  128s|  2400 |  1023 |135357 |  56.2 |   227M |  26 |1208 |6882 |   0 |4859 |  0 |7608 |4396 | 8.331369e-01 | 8.998088e-01 |   8.00%|  37.11%
  133s|  2500 |  1061 |141302 |  56.3 |   229M |  26 |1208 |6993 |4868 |5072 |  1 |7925 |4433 | 8.331481e-01 | 8.998088e-01 |   8.00%|  38.09%
  137s|  2600 |  1120 |145871 |  55.9 |   233M |  26 |1208 |6955 |4864 |5244 |  1 |8120 |4470 | 8.331524e-01 | 8.998088e-01 |   8.00%|  38.70%
* 137s|  2646 |  1113 |146945 |  55.4 |    LP  |  26 |1208 |7032 |4855 |5260 |  1 |8243 |4471 | 8.331775e-01 | 8.919450e-01 |   7.05%|  39.24%
  137s|  2700 |  1124 |147884 |  54.6 |   236M |  26 |1208 |7062 |4847 |5267 |  1 |8348 |4479 | 8.331799e-01 | 8.919450e-01 |   7.05%|  39.45%
  141s|  2800 |  1168 |152453 |  54.3 |   237M |  26 |1208 |7065 |4869 |5443 |  1 |8628 |4520 | 8.331827e-01 | 8.919450e-01 |   7.05%|  40.46%
  142s|  2900 |  1201 |155958 |  53.6 |   237M |  26 |1208 |7193 |   0 |5496 |  0 |8947 |4552 | 8.331925e-01 | 8.919450e-01 |   7.05%|  41.35%
  143s|  3000 |  1241 |159862 |  53.1 |   238M |  26 |1208 |7100 |4878 |5508 |  1 |9274 |4655 | 8.332184e-01 | 8.919450e-01 |   7.05%|  42.28%
  146s|  3100 |  1284 |164083 |  52.8 |   239M |  26 |1208 |7037 |4861 |5633 |  1 |9453 |4691 | 8.332477e-01 | 8.919450e-01 |   7.04%|  43.09%
  148s|  3200 |  1311 |167430 |  52.2 |   240M |  26 |1208 |7074 |4852 |5675 |  1 |9679 |4800 | 8.333263e-01 | 8.919450e-01 |   7.03%|  44.25%
  151s|  3300 |  1335 |173508 |  52.4 |   241M |  26 |1208 |7096 |4854 |5785 |  1 |9996 |4932 | 8.333278e-01 | 8.919450e-01 |   7.03%|  45.28%
 time | node  | left  |LP iter|LP it/n|mem/heur|mdpt |vars |cons |rows |cuts |sepa|confs|strbr|  dualbound   | primalbound  |  gap   | compl. 
  152s|  3400 |  1363 |176754 |  51.8 |   242M |  26 |1208 |7177 |   0 |5824 |  0 |  10k|4981 | 8.333462e-01 | 8.919450e-01 |   7.03%|  46.01%
  153s|  3500 |  1397 |179123 |  51.0 |   243M |  26 |1208 |7246 |   0 |5850 |  0 |  10k|5000 | 8.333487e-01 | 8.919450e-01 |   7.03%|  46.35%
  154s|  3600 |  1415 |181664 |  50.3 |   244M |  26 |1208 |7358 |4858 |5871 |  0 |  10k|5071 | 8.334390e-01 | 8.919450e-01 |   7.02%|  46.85%
  156s|  3700 |  1435 |184267 |  49.7 |   244M |  26 |1208 |7300 |4870 |5951 |  1 |  10k|5120 | 8.334421e-01 | 8.919450e-01 |   7.02%|  47.81%
  157s|  3800 |  1461 |186484 |  48.9 |   245M |  26 |1208 |7368 |4859 |5990 |  1 |  11k|5203 | 8.334572e-01 | 8.919450e-01 |   7.02%|  48.56%
  159s|  3900 |  1494 |188760 |  48.3 |   246M |  26 |1208 |7395 |   0 |6037 |  0 |  11k|5277 | 8.334756e-01 | 8.919450e-01 |   7.02%|  48.92%
  162s|  4000 |  1514 |192643 |  48.0 |   246M |  26 |1208 |7477 |4861 |6104 |  1 |  11k|5383 | 8.334927e-01 | 8.919450e-01 |   7.01%|  49.68%
  163s|  4100 |  1521 |195277 |  47.5 |   249M |  26 |1208 |7568 |   0 |6169 |  0 |  11k|5425 | 8.335033e-01 | 8.919450e-01 |   7.01%|  50.47%
  167s|  4200 |  1544 |201169 |  47.8 |   249M |  27 |1208 |7578 |   0 |6301 |  0 |  12k|5551 | 8.335135e-01 | 8.919450e-01 |   7.01%|  51.09%
  169s|  4300 |  1563 |204922 |  47.5 |   250M |  27 |1208 |7566 |4856 |6340 |  1 |  12k|5621 | 8.335384e-01 | 8.919450e-01 |   7.01%|  51.82%
  172s|  4400 |  1585 |209502 |  47.5 |   250M |  27 |1208 |7566 |4854 |6432 |  1 |  12k|5726 | 8.335660e-01 | 8.919450e-01 |   7.00%|  52.60%
  172s|  4500 |  1593 |211720 |  46.9 |   251M |  27 |1208 |7527 |4867 |6440 |  0 |  13k|5828 | 8.335683e-01 | 8.919450e-01 |   7.00%|  52.98%
  173s|  4600 |  1615 |214385 |  46.5 |   252M |  27 |1208 |7635 |   0 |6457 |  0 |  13k|5886 | 8.335732e-01 | 8.919450e-01 |   7.00%|  53.32%
  175s|  4700 |  1620 |218501 |  46.4 |   253M |  27 |1208 |7612 |4861 |6476 |  1 |  13k|6053 | 8.335749e-01 | 8.919450e-01 |   7.00%|  54.19%
  176s|  4800 |  1632 |221887 |  46.1 |   253M |  27 |1208 |7688 |4859 |6508 |  1 |  13k|6186 | 8.336033e-01 | 8.919450e-01 |   7.00%|  55.09%
 time | node  | left  |LP iter|LP it/n|mem/heur|mdpt |vars |cons |rows |cuts |sepa|confs|strbr|  dualbound   | primalbound  |  gap   | compl. 
  177s|  4900 |  1646 |225301 |  45.9 |   254M |  27 |1208 |7728 |4859 |6520 |  1 |  14k|6297 | 8.336037e-01 | 8.919450e-01 |   7.00%|  55.47%
  178s|  5000 |  1654 |228412 |  45.6 |   255M |  27 |1208 |7663 |4853 |6535 |  1 |  14k|6363 | 8.336123e-01 | 8.919450e-01 |   7.00%|  55.77%
  179s|  5100 |  1671 |230734 |  45.1 |   255M |  27 |1208 |7776 |4856 |6542 |  2 |  14k|6446 | 8.336156e-01 | 8.919450e-01 |   7.00%|  56.14%
  180s|  5200 |  1682 |233550 |  44.8 |   256M |  27 |1208 |7805 |4865 |6560 |  2 |  15k|6563 | 8.336187e-01 | 8.919450e-01 |   7.00%|  57.16%
  181s|  5300 |  1684 |236123 |  44.5 |   256M |  27 |1208 |7919 |4861 |6578 |  0 |  15k|6675 | 8.336206e-01 | 8.919450e-01 |   7.00%|  57.64%
  182s|  5400 |  1683 |238193 |  44.0 |   257M |  27 |1208 |7931 |4854 |6583 |  1 |  15k|6738 | 8.336341e-01 | 8.919450e-01 |   6.99%|  58.32%
  183s|  5500 |  1697 |241139 |  43.8 |   258M |  27 |1208 |8002 |   0 |6625 |  0 |  15k|6813 | 8.336585e-01 | 8.919450e-01 |   6.99%|  58.46%
  184s|  5600 |  1693 |244479 |  43.6 |   258M |  27 |1208 |8198 |4854 |6659 |  4 |  16k|6936 | 8.336610e-01 | 8.919450e-01 |   6.99%|  58.92%
  185s|  5700 |  1693 |246917 |  43.2 |   259M |  27 |1208 |8216 |4852 |6666 |  1 |  16k|7005 | 8.336874e-01 | 8.919450e-01 |   6.99%|  59.41%
  187s|  5800 |  1705 |250132 |  43.0 |   262M |  27 |1208 |8354 |4851 |6705 |  0 |  16k|7158 | 8.337038e-01 | 8.919450e-01 |   6.99%|  59.68%
  188s|  5900 |  1703 |253005 |  42.8 |   263M |  27 |1208 |8550 |4867 |6716 |  5 |  17k|7288 | 8.337084e-01 | 8.919450e-01 |   6.99%|  60.20%
  189s|  6000 |  1700 |255142 |  42.4 |   263M |  27 |1208 |8560 |4863 |6761 |  1 |  17k|7359 | 8.337084e-01 | 8.919450e-01 |   6.99%|  60.73%
  190s|  6100 |  1707 |258151 |  42.2 |   264M |  27 |1208 |8518 |4869 |6798 |  2 |  17k|7446 | 8.337622e-01 | 8.919450e-01 |   6.98%|  61.39%
  191s|  6200 |  1713 |261163 |  42.0 |   264M |  27 |1208 |8556 |4861 |6822 |  5 |  18k|7531 | 8.337956e-01 | 8.919450e-01 |   6.97%|  61.77%
  193s|  6300 |  1718 |263968 |  41.8 |   265M |  27 |1208 |8544 |4862 |6870 |  1 |  18k|7563 | 8.337976e-01 | 8.919450e-01 |   6.97%|  62.06%
 time | node  | left  |LP iter|LP it/n|mem/heur|mdpt |vars |cons |rows |cuts |sepa|confs|strbr|  dualbound   | primalbound  |  gap   | compl. 
  194s|  6400 |  1722 |266730 |  41.6 |   265M |  27 |1208 |8569 |4865 |6874 |  3 |  18k|7693 | 8.338148e-01 | 8.919450e-01 |   6.97%|  62.34%
  195s|  6500 |  1708 |268983 |  41.3 |   266M |  27 |1208 |8509 |4858 |6895 |  1 |  18k|7715 | 8.338287e-01 | 8.919450e-01 |   6.97%|  63.04%
  196s|  6600 |  1709 |272041 |  41.1 |   267M |  27 |1208 |8461 |4863 |6912 |  1 |  19k|7768 | 8.338359e-01 | 8.919450e-01 |   6.97%|  63.70%
  196s|  6700 |  1700 |274510 |  40.9 |   267M |  27 |1208 |8488 |4854 |6914 |  1 |  19k|7795 | 8.338534e-01 | 8.919450e-01 |   6.97%|  64.36%
  197s|  6800 |  1699 |276184 |  40.5 |   268M |  27 |1208 |8509 |4855 |6924 |  1 |  19k|7846 | 8.338657e-01 | 8.919450e-01 |   6.97%|  64.73%
  198s|  6900 |  1724 |278482 |  40.3 |   268M |  27 |1208 |8658 |   0 |6946 |  0 |  20k|7927 | 8.338787e-01 | 8.919450e-01 |   6.96%|  64.96%
  198s|  7000 |  1721 |280586 |  40.0 |   268M |  27 |1208 |8732 |4868 |6955 |  1 |  20k|7965 | 8.338886e-01 | 8.919450e-01 |   6.96%|  65.21%
  199s|  7100 |  1709 |283289 |  39.8 |   268M |  27 |1208 |8794 |4861 |6962 |  0 |  20k|8042 | 8.339080e-01 | 8.919450e-01 |   6.96%|  65.68%
  200s|  7200 |  1713 |286427 |  39.7 |   269M |  27 |1208 |8861 |   0 |6993 |  0 |  20k|8085 | 8.339084e-01 | 8.919450e-01 |   6.96%|  65.98%
  200s|  7300 |  1717 |287875 |  39.4 |   269M |  27 |1208 |8929 |4859 |7006 |  1 |  21k|8106 | 8.339181e-01 | 8.919450e-01 |   6.96%|  66.19%
  201s|  7400 |  1695 |290155 |  39.1 |   269M |  27 |1208 |8953 |4863 |7009 |  0 |  21k|8176 | 8.339552e-01 | 8.919450e-01 |   6.95%|  66.80%
  202s|  7500 |  1697 |292682 |  39.0 |   270M |  27 |1208 |8976 |4856 |7034 |  1 |  21k|8225 | 8.339951e-01 | 8.919450e-01 |   6.95%|  67.00%
  203s|  7600 |  1713 |295046 |  38.8 |   270M |  27 |1208 |9032 |4867 |7050 |  1 |  21k|8270 | 8.340337e-01 | 8.919450e-01 |   6.94%|  67.01%
  203s|  7700 |  1705 |296989 |  38.5 |   270M |  27 |1208 |9223 |4859 |7065 |  1 |  22k|8386 | 8.340594e-01 | 8.919450e-01 |   6.94%|  67.18%
  204s|  7800 |  1726 |299210 |  38.3 |   270M |  27 |1208 |9226 |   0 |7110 |  0 |  22k|8415 | 8.340759e-01 | 8.919450e-01 |   6.94%|  67.30%
 time | node  | left  |LP iter|LP it/n|mem/heur|mdpt |vars |cons |rows |cuts |sepa|confs|strbr|  dualbound   | primalbound  |  gap   | compl. 
  205s|  7900 |  1730 |300796 |  38.0 |   271M |  27 |1208 |9226 |   0 |7127 |  0 |  22k|8430 | 8.340981e-01 | 8.919450e-01 |   6.94%|  67.57%
  206s|  8000 |  1727 |302475 |  37.7 |   271M |  27 |1208 |9353 |4866 |7143 |  1 |  22k|8488 | 8.341113e-01 | 8.919450e-01 |   6.93%|  67.77%
  207s|  8100 |  1743 |305186 |  37.6 |   271M |  27 |1208 |9279 |4861 |7181 |  1 |  22k|8536 | 8.341387e-01 | 8.919450e-01 |   6.93%|  68.03%
  207s|  8200 |  1749 |306673 |  37.3 |   272M |  27 |1208 |9365 |4861 |7187 |  1 |  23k|8556 | 8.341928e-01 | 8.919450e-01 |   6.92%|  68.25%
  208s|  8300 |  1773 |309347 |  37.2 |   272M |  27 |1208 |9248 |4868 |7208 |  1 |  23k|8589 | 8.342134e-01 | 8.919450e-01 |   6.92%|  68.50%
  209s|  8400 |  1774 |310986 |  37.0 |   272M |  27 |1208 |9273 |4853 |7240 |  1 |  23k|8596 | 8.342136e-01 | 8.919450e-01 |   6.92%|  68.59%
  210s|  8500 |  1763 |312598 |  36.7 |   273M |  27 |1208 |9359 |   0 |7255 |  0 |  23k|8653 | 8.342200e-01 | 8.919450e-01 |   6.92%|  68.79%
  211s|  8600 |  1769 |314871 |  36.6 |   274M |  27 |1208 |9345 |4862 |7264 |  1 |  24k|8678 | 8.342446e-01 | 8.919450e-01 |   6.92%|  69.19%
  213s|  8700 |  1785 |317333 |  36.4 |   274M |  27 |1208 |9284 |   0 |7339 |  0 |  24k|8692 | 8.342525e-01 | 8.919450e-01 |   6.92%|  69.56%
  213s|  8800 |  1790 |318906 |  36.2 |   274M |  27 |1208 |9345 |4866 |7355 |  1 |  24k|8700 | 8.342597e-01 | 8.919450e-01 |   6.91%|  69.77%
  214s|  8900 |  1808 |321119 |  36.0 |   275M |  27 |1208 |9429 |4853 |7367 |  1 |  24k|8719 | 8.343061e-01 | 8.919450e-01 |   6.91%|  69.79%
  214s|  9000 |  1816 |323124 |  35.8 |   275M |  27 |1208 |9448 |   0 |7368 |  0 |  24k|8737 | 8.343797e-01 | 8.919450e-01 |   6.90%|  69.97%
  215s|  9100 |  1805 |324905 |  35.6 |   276M |  27 |1208 |9454 |4862 |7374 |  1 |  24k|8794 | 8.344107e-01 | 8.919450e-01 |   6.90%|  70.23%
  216s|  9200 |  1819 |326716 |  35.5 |   276M |  27 |1208 |9446 |4862 |7399 |  1 |  25k|8803 | 8.344389e-01 | 8.919450e-01 |   6.89%|  70.51%
  216s|  9300 |  1827 |329283 |  35.4 |   277M |  27 |1208 |9417 |4871 |7417 |  0 |  25k|8817 | 8.344502e-01 | 8.919450e-01 |   6.89%|  70.60%
 time | node  | left  |LP iter|LP it/n|mem/heur|mdpt |vars |cons |rows |cuts |sepa|confs|strbr|  dualbound   | primalbound  |  gap   | compl. 
  217s|  9400 |  1829 |331016 |  35.2 |   277M |  27 |1208 |9567 |4865 |7429 |  1 |  25k|8840 | 8.344562e-01 | 8.919450e-01 |   6.89%|  70.76%
  217s|  9500 |  1816 |332707 |  35.0 |   277M |  27 |1208 |9648 |4858 |7432 |  1 |  25k|8868 | 8.344723e-01 | 8.919450e-01 |   6.89%|  70.99%
  218s|  9600 |  1825 |335022 |  34.8 |   277M |  27 |1208 |9617 |4867 |7452 |  1 |  26k|8920 | 8.344773e-01 | 8.919450e-01 |   6.89%|  71.19%
  219s|  9700 |  1834 |337124 |  34.7 |   277M |  27 |1208 |9662 |   0 |7455 |  0 |  26k|8979 | 8.345574e-01 | 8.919450e-01 |   6.88%|  71.25%
  220s|  9800 |  1818 |338898 |  34.5 |   278M |  27 |1208 |9663 |   0 |7474 |  0 |  26k|9007 | 8.345871e-01 | 8.919450e-01 |   6.87%|  71.55%
  221s|  9900 |  1822 |340931 |  34.4 |   278M |  27 |1208 |9740 |   0 |7475 |  0 |  26k|9024 | 8.346311e-01 | 8.919450e-01 |   6.87%|  71.87%
  221s| 10000 |  1834 |342775 |  34.2 |   278M |  27 |1208 |9850 |   0 |7489 |  0 |  27k|9044 | 8.346542e-01 | 8.919450e-01 |   6.86%|  71.91%
  222s| 10100 |  1849 |345178 |  34.1 |   278M |  27 |1208 |9846 |   0 |7513 |  0 |  27k|9083 | 8.346842e-01 | 8.919450e-01 |   6.86%|  72.00%
  223s| 10200 |  1867 |347301 |  34.0 |   279M |  27 |1208 |9782 |4854 |7528 |  2 |  27k|9086 | 8.347337e-01 | 8.919450e-01 |   6.85%|  72.15%
  223s| 10300 |  1859 |348371 |  33.8 |   279M |  27 |1208 |9899 |4868 |7542 |  1 |  27k|9087 | 8.347459e-01 | 8.919450e-01 |   6.85%|  72.22%
  224s| 10400 |  1850 |350062 |  33.6 |   280M |  27 |1208 |9884 |   0 |7557 |  0 |  28k|9090 | 8.347736e-01 | 8.919450e-01 |   6.85%|  72.37%
  224s| 10500 |  1847 |351662 |  33.4 |   281M |  27 |1208 |9887 |   0 |7562 |  0 |  28k|9123 | 8.347736e-01 | 8.919450e-01 |   6.85%|  72.52%
  225s| 10600 |  1858 |354122 |  33.4 |   281M |  27 |1208 |9885 |4868 |7572 |  1 |  28k|9137 | 8.348248e-01 | 8.919450e-01 |   6.84%|  72.66%
  225s| 10700 |  1853 |356842 |  33.3 |   282M |  27 |1208 |  10k|4871 |7587 |  2 |  28k|9225 | 8.348559e-01 | 8.919450e-01 |   6.84%|  72.71%
  227s| 10800 |  1877 |359667 |  33.3 |   282M |  27 |1208 |9928 |4861 |7640 |  1 |  28k|9239 | 8.348639e-01 | 8.919450e-01 |   6.84%|  72.82%
 time | node  | left  |LP iter|LP it/n|mem/heur|mdpt |vars |cons |rows |cuts |sepa|confs|strbr|  dualbound   | primalbound  |  gap   | compl. 
  227s| 10900 |  1877 |361914 |  33.2 |   282M |  27 |1208 |9875 |4855 |7647 |  1 |  29k|9287 | 8.348886e-01 | 8.919450e-01 |   6.83%|  73.02%
  228s| 11000 |  1865 |364391 |  33.1 |   282M |  27 |1208 |9611 |   0 |7655 |  0 |  29k|9341 | 8.348994e-01 | 8.919450e-01 |   6.83%|  73.38%
  229s| 11100 |  1861 |366773 |  33.0 |   283M |  27 |1208 |9526 |4857 |7676 |  1 |  29k|9358 | 8.349238e-01 | 8.919450e-01 |   6.83%|  73.60%
  230s| 11200 |  1855 |369075 |  32.9 |   283M |  27 |1208 |9480 |   0 |7707 |  0 |  29k|9391 | 8.349310e-01 | 8.919450e-01 |   6.83%|  73.98%
  230s| 11300 |  1880 |370466 |  32.7 |   283M |  28 |1208 |9621 |4863 |7719 |  1 |  30k|9413 | 8.349604e-01 | 8.919450e-01 |   6.82%|  74.04%
  231s| 11400 |  1884 |371336 |  32.5 |   283M |  28 |1208 |9817 |4864 |7733 |  1 |  30k|9426 | 8.349610e-01 | 8.919450e-01 |   6.82%|  74.09%
  232s| 11500 |  1875 |372661 |  32.4 |   284M |  28 |1208 |9920 |   0 |7784 |  0 |  30k|9431 | 8.349624e-01 | 8.919450e-01 |   6.82%|  74.19%
  233s| 11600 |  1862 |374578 |  32.2 |   284M |  28 |1208 |9935 |4861 |7822 |  1 |  30k|9447 | 8.349903e-01 | 8.919450e-01 |   6.82%|  74.36%
  234s| 11700 |  1862 |376125 |  32.1 |   284M |  28 |1208 |9957 |   0 |7854 |  0 |  30k|9454 | 8.349993e-01 | 8.919450e-01 |   6.82%|  74.51%
  235s| 11800 |  1861 |378651 |  32.0 |   284M |  28 |1208 |9837 |   0 |7859 |  0 |  31k|9493 | 8.350231e-01 | 8.919450e-01 |   6.82%|  74.54%
  235s| 11900 |  1848 |381561 |  32.0 |   285M |  28 |1208 |9858 |   0 |7867 |  0 |  31k|9532 | 8.350296e-01 | 8.919450e-01 |   6.82%|  74.61%
  236s| 12000 |  1838 |382723 |  31.9 |   291M |  28 |1208 |9819 |4867 |7899 |  2 |  31k|9536 | 8.350372e-01 | 8.919450e-01 |   6.82%|  74.84%
  237s| 12100 |  1841 |384434 |  31.7 |   291M |  28 |1208 |9875 |4860 |7911 |  2 |  31k|9546 | 8.350563e-01 | 8.919450e-01 |   6.81%|  74.89%
  237s| 12200 |  1839 |385761 |  31.6 |   291M |  28 |1208 |9894 |4853 |7920 |  1 |  32k|9547 | 8.350826e-01 | 8.919450e-01 |   6.81%|  75.09%
  237s| 12300 |  1829 |387526 |  31.5 |   291M |  28 |1208 |9957 |4865 |7926 |  1 |  32k|9555 | 8.350927e-01 | 8.919450e-01 |   6.81%|  75.17%
 time | node  | left  |LP iter|LP it/n|mem/heur|mdpt |vars |cons |rows |cuts |sepa|confs|strbr|  dualbound   | primalbound  |  gap   | compl. 
  238s| 12400 |  1818 |389663 |  31.4 |   291M |  28 |1208 |9925 |4855 |7950 |  1 |  32k|9572 | 8.351302e-01 | 8.919450e-01 |   6.80%|  75.52%
  240s| 12500 |  1817 |391553 |  31.3 |   291M |  28 |1208 |9973 |4856 |8002 |  2 |  32k|9586 | 8.351622e-01 | 8.919450e-01 |   6.80%|  75.76%
  240s| 12600 |  1819 |393447 |  31.2 |   292M |  28 |1208 |  10k|   0 |8015 |  0 |  32k|9593 | 8.352140e-01 | 8.919450e-01 |   6.79%|  75.78%
  241s| 12700 |  1801 |395031 |  31.1 |   292M |  28 |1208 |  10k|   0 |8018 |  0 |  33k|9600 | 8.352164e-01 | 8.919450e-01 |   6.79%|  76.01%
  241s| 12800 |  1792 |396525 |  30.9 |   292M |  28 |1208 |  10k|   0 |8024 |  0 |  33k|9614 | 8.352219e-01 | 8.919450e-01 |   6.79%|  76.04%
  242s| 12900 |  1774 |398005 |  30.8 |   292M |  28 |1208 |  10k|4855 |8039 |  1 |  33k|9649 | 8.352634e-01 | 8.919450e-01 |   6.79%|  76.20%
  242s| 13000 |  1783 |399811 |  30.7 |   292M |  28 |1208 |  10k|4866 |8043 |  1 |  34k|9694 | 8.352836e-01 | 8.919450e-01 |   6.78%|  76.21%
  243s| 13100 |  1758 |400984 |  30.6 |   292M |  28 |1208 |  10k|4857 |8047 |  0 |  34k|9717 | 8.353071e-01 | 8.919450e-01 |   6.78%|  76.39%
  243s| 13200 |  1751 |402664 |  30.5 |   293M |  28 |1208 |  10k|   0 |8053 |  0 |  34k|9744 | 8.353694e-01 | 8.919450e-01 |   6.77%|  76.49%
  244s| 13300 |  1728 |404573 |  30.4 |   293M |  28 |1208 |  10k|   0 |8063 |  0 |  34k|9799 | 8.353767e-01 | 8.919450e-01 |   6.77%|  76.70%
  244s| 13400 |  1713 |406247 |  30.3 |   293M |  28 |1208 |  10k|4861 |8071 |  1 |  35k|9863 | 8.353888e-01 | 8.919450e-01 |   6.77%|  76.80%
  245s| 13500 |  1718 |407813 |  30.2 |   293M |  28 |1208 |  10k|4858 |8074 |  1 |  35k|9896 | 8.354446e-01 | 8.919450e-01 |   6.76%|  76.82%
  245s| 13600 |  1721 |410061 |  30.1 |   294M |  28 |1208 |  10k|4863 |8090 |  0 |  35k|9940 | 8.354711e-01 | 8.919450e-01 |   6.76%|  76.93%
  247s| 13700 |  1725 |412735 |  30.1 |   294M |  28 |1208 |  10k|   0 |8140 |  0 |  35k|9992 | 8.355155e-01 | 8.919450e-01 |   6.75%|  77.17%
  248s| 13800 |  1696 |414528 |  30.0 |   294M |  28 |1208 |  10k|4869 |8160 |  2 |  36k|  10k| 8.355855e-01 | 8.919450e-01 |   6.74%|  77.47%
 time | node  | left  |LP iter|LP it/n|mem/heur|mdpt |vars |cons |rows |cuts |sepa|confs|strbr|  dualbound   | primalbound  |  gap   | compl. 
  248s| 13900 |  1705 |416485 |  29.9 |   294M |  28 |1208 |  10k|4865 |8172 |  1 |  36k|  10k| 8.355855e-01 | 8.919450e-01 |   6.74%|  77.53%
  250s| 14000 |  1690 |418661 |  29.9 |   294M |  28 |1208 |  10k|4862 |8223 |  1 |  36k|  10k| 8.356049e-01 | 8.919450e-01 |   6.74%|  77.84%
  250s| 14100 |  1679 |420012 |  29.8 |   294M |  28 |1208 |  10k|4861 |8225 |  1 |  37k|  10k| 8.356176e-01 | 8.919450e-01 |   6.74%|  77.95%
  251s| 14200 |  1682 |421641 |  29.7 |   295M |  28 |1208 |  10k|4858 |8230 |  1 |  37k|  10k| 8.356259e-01 | 8.919450e-01 |   6.74%|  78.24%
  251s| 14300 |  1670 |423248 |  29.6 |   295M |  28 |1208 |  11k|   0 |8237 |  0 |  37k|  10k| 8.356403e-01 | 8.919450e-01 |   6.74%|  78.42%
  252s| 14400 |  1673 |424969 |  29.5 |   295M |  28 |1208 |  11k|4867 |8264 |  1 |  37k|  10k| 8.357134e-01 | 8.919450e-01 |   6.73%|  78.44%
  252s| 14500 |  1678 |426230 |  29.4 |   295M |  28 |1208 |  11k|4853 |8280 |  2 |  38k|  10k| 8.357195e-01 | 8.919450e-01 |   6.73%|  78.46%
  255s| 14600 |  1660 |428157 |  29.3 |   295M |  28 |1208 |  11k|4855 |8356 |  1 |  38k|  10k| 8.357782e-01 | 8.919450e-01 |   6.72%|  78.83%
  256s| 14700 |  1660 |430713 |  29.3 |   295M |  28 |1208 |  10k|4871 |8429 |  1 |  38k|  10k| 8.358006e-01 | 8.919450e-01 |   6.72%|  78.91%
  258s| 14800 |  1656 |433065 |  29.2 |   296M |  28 |1208 |  10k|   0 |8468 |  0 |  39k|  10k| 8.358267e-01 | 8.919450e-01 |   6.71%|  79.02%
  259s| 14900 |  1630 |435442 |  29.2 |   296M |  28 |1208 |  10k|4866 |8512 |  1 |  39k|  10k| 8.358506e-01 | 8.919450e-01 |   6.71%|  79.39%
  259s| 15000 |  1614 |437509 |  29.1 |   296M |  28 |1208 |  10k|   0 |8523 |  0 |  39k|  10k| 8.360312e-01 | 8.919450e-01 |   6.69%|  79.51%
* 260s| 15056 |  1591 |438415 |  29.1 |    LP  |  28 |1208 |  10k|4860 |8525 |  2 |  39k|  10k| 8.360462e-01 | 8.865469e-01 |   6.04%|  79.65%
  260s| 15100 |  1594 |438989 |  29.0 |   296M |  28 |1208 |  10k|4860 |8535 |  2 |  39k|  10k| 8.360471e-01 | 8.865469e-01 |   6.04%|  79.68%
  260s| 15200 |  1583 |440539 |  28.9 |   296M |  28 |1208 |  10k|4857 |8542 |  1 |  40k|  10k| 8.360569e-01 | 8.865469e-01 |   6.04%|  79.79%
 time | node  | left  |LP iter|LP it/n|mem/heur|mdpt |vars |cons |rows |cuts |sepa|confs|strbr|  dualbound   | primalbound  |  gap   | compl. 
  261s| 15300 |  1582 |442461 |  28.9 |   296M |  28 |1208 |  10k|4864 |8551 |  1 |  40k|  10k| 8.360822e-01 | 8.865469e-01 |   6.04%|  79.93%
  262s| 15400 |  1565 |443571 |  28.8 |   296M |  28 |1208 |  10k|   0 |8560 |  0 |  40k|  10k| 8.360837e-01 | 8.865469e-01 |   6.04%|  80.19%
  262s| 15500 |  1540 |444972 |  28.7 |   297M |  28 |1208 |  11k|4857 |8563 |  4 |  40k|  10k| 8.361043e-01 | 8.865469e-01 |   6.03%|  80.55%
  263s| 15600 |  1527 |446805 |  28.6 |   297M |  28 |1208 |  10k|4856 |8575 |  0 |  41k|  10k| 8.361315e-01 | 8.865469e-01 |   6.03%|  80.78%
  263s| 15700 |  1530 |449398 |  28.6 |   297M |  28 |1208 |  11k|4862 |8586 |  1 |  41k|  11k| 8.362186e-01 | 8.865469e-01 |   6.02%|  80.95%
  264s| 15800 |  1507 |451842 |  28.6 |   297M |  28 |1208 |  11k|4861 |8588 |  0 |  41k|  11k| 8.362443e-01 | 8.865469e-01 |   6.02%|  81.20%
  265s| 15900 |  1499 |453626 |  28.5 |   297M |  28 |1208 |  11k|4861 |8589 |  1 |  42k|  11k| 8.363003e-01 | 8.865469e-01 |   6.01%|  81.45%
  266s| 16000 |  1480 |455660 |  28.4 |   297M |  28 |1208 |  11k|   0 |8621 |  0 |  42k|  11k| 8.363422e-01 | 8.865469e-01 |   6.00%|  81.75%
  267s| 16100 |  1475 |457332 |  28.4 |   297M |  28 |1208 |  11k|4862 |8636 |  1 |  42k|  11k| 8.364298e-01 | 8.865469e-01 |   5.99%|  81.95%
  267s| 16200 |  1443 |459364 |  28.3 |   297M |  28 |1208 |  11k|4861 |8639 |  2 |  42k|  11k| 8.364802e-01 | 8.865469e-01 |   5.99%|  82.33%
  268s| 16300 |  1441 |461128 |  28.3 |   298M |  28 |1208 |  11k|4865 |8647 |  1 |  43k|  11k| 8.364938e-01 | 8.865469e-01 |   5.98%|  82.46%
  269s| 16400 |  1404 |463514 |  28.2 |   298M |  28 |1208 |  11k|4854 |8649 |  0 |  43k|  11k| 8.365157e-01 | 8.865469e-01 |   5.98%|  82.89%
  269s| 16500 |  1401 |465557 |  28.2 |   298M |  28 |1208 |  11k|   0 |8659 |  0 |  43k|  11k| 8.366118e-01 | 8.865469e-01 |   5.97%|  83.20%
  270s| 16600 |  1393 |467577 |  28.1 |   298M |  28 |1208 |  11k|4854 |8684 |  1 |  44k|  11k| 8.368535e-01 | 8.865469e-01 |   5.94%|  83.31%
  272s| 16700 |  1378 |469755 |  28.1 |   298M |  28 |1208 |  11k|   0 |8709 |  0 |  44k|  11k| 8.368535e-01 | 8.865469e-01 |   5.94%|  83.55%
 time | node  | left  |LP iter|LP it/n|mem/heur|mdpt |vars |cons |rows |cuts |sepa|confs|strbr|  dualbound   | primalbound  |  gap   | compl. 
  272s| 16800 |  1356 |471675 |  28.0 |   298M |  28 |1208 |  11k|4854 |8717 |  1 |  45k|  11k| 8.369440e-01 | 8.865469e-01 |   5.93%|  83.95%
  273s| 16900 |  1312 |473453 |  28.0 |   299M |  28 |1208 |  11k|4859 |8745 |  1 |  45k|  12k| 8.370589e-01 | 8.865469e-01 |   5.91%|  84.57%
  274s| 17000 |  1314 |475055 |  27.9 |   299M |  28 |1208 |  11k|4862 |8778 |  1 |  45k|  12k| 8.371547e-01 | 8.865469e-01 |   5.90%|  84.80%
  275s| 17100 |  1300 |476934 |  27.9 |   300M |  28 |1208 |  11k|4856 |8781 |  1 |  45k|  12k| 8.373041e-01 | 8.865469e-01 |   5.88%|  85.00%
  275s| 17200 |  1278 |478961 |  27.8 |   300M |  28 |1208 |  11k|4864 |8786 |  1 |  46k|  12k| 8.373555e-01 | 8.865469e-01 |   5.87%|  85.30%
  276s| 17300 |  1256 |481063 |  27.8 |   300M |  28 |1208 |  11k|4864 |8798 |  1 |  46k|  12k| 8.374564e-01 | 8.865469e-01 |   5.86%|  85.70%
  277s| 17400 |  1247 |483131 |  27.7 |   300M |  28 |1208 |  11k|4849 |8801 |  3 |  46k|  12k| 8.375084e-01 | 8.865469e-01 |   5.86%|  85.83%
  277s| 17500 |  1210 |485522 |  27.7 |   300M |  28 |1208 |  11k|   0 |8802 |  0 |  47k|  12k| 8.375513e-01 | 8.865469e-01 |   5.85%|  86.24%
  278s| 17600 |  1206 |487081 |  27.6 |   301M |  28 |1208 |  11k|4867 |8811 |  2 |  47k|  12k| 8.376837e-01 | 8.865469e-01 |   5.83%|  86.35%
  279s| 17700 |  1205 |489449 |  27.6 |   301M |  28 |1208 |  11k|4864 |8820 |  1 |  47k|  12k| 8.377665e-01 | 8.865469e-01 |   5.82%|  86.52%
  279s| 17800 |  1175 |490762 |  27.5 |   301M |  28 |1208 |  11k|   0 |8820 |  0 |  48k|  12k| 8.379779e-01 | 8.865469e-01 |   5.80%|  86.71%
  280s| 17900 |  1130 |492415 |  27.5 |   301M |  28 |1208 |  11k|4863 |8820 |  0 |  48k|  12k| 8.380099e-01 | 8.865469e-01 |   5.79%|  87.28%
  281s| 18000 |  1110 |494016 |  27.4 |   301M |  28 |1208 |  11k|4860 |8822 |  1 |  48k|  12k| 8.380175e-01 | 8.865469e-01 |   5.79%|  87.47%
  282s| 18100 |  1086 |495566 |  27.4 |   301M |  28 |1208 |  11k|4852 |8828 |  1 |  49k|  12k| 8.381158e-01 | 8.865469e-01 |   5.78%|  87.88%
  282s| 18200 |  1096 |497632 |  27.3 |   301M |  28 |1208 |  11k|4857 |8832 |  2 |  49k|  12k| 8.384480e-01 | 8.865469e-01 |   5.74%|  87.97%
 time | node  | left  |LP iter|LP it/n|mem/heur|mdpt |vars |cons |rows |cuts |sepa|confs|strbr|  dualbound   | primalbound  |  gap   | compl. 
  283s| 18300 |  1074 |499071 |  27.2 |   301M |  28 |1208 |  11k|4865 |8842 |  8 |  49k|  13k| 8.384482e-01 | 8.865469e-01 |   5.74%|  88.08%
  283s| 18400 |  1060 |500738 |  27.2 |   302M |  28 |1208 |  11k|   0 |8842 |  0 |  49k|  13k| 8.384533e-01 | 8.865469e-01 |   5.74%|  88.28%
  284s| 18500 |  1036 |502840 |  27.2 |   302M |  29 |1208 |  11k|4865 |8847 |  1 |  50k|  13k| 8.385573e-01 | 8.865469e-01 |   5.72%|  88.60%
  284s| 18600 |  1009 |504296 |  27.1 |   302M |  29 |1208 |  11k|   0 |8853 |  0 |  50k|  13k| 8.387093e-01 | 8.865469e-01 |   5.70%|  88.94%
  285s| 18700 |  1024 |505629 |  27.0 |   302M |  29 |1208 |  11k|4866 |8856 |  3 |  50k|  13k| 8.387247e-01 | 8.865469e-01 |   5.70%|  89.07%
  285s| 18800 |  1005 |506874 |  26.9 |   302M |  29 |1208 |  12k|4866 |8858 |  1 |  50k|  13k| 8.388552e-01 | 8.865469e-01 |   5.69%|  89.09%
  286s| 18900 |  1000 |508052 |  26.9 |   302M |  29 |1208 |  12k|   0 |8866 |  0 |  51k|  13k| 8.389619e-01 | 8.865469e-01 |   5.67%|  89.17%
  286s| 19000 |   950 |509214 |  26.8 |   302M |  29 |1208 |  12k|4856 |8873 |  0 |  51k|  13k| 8.390009e-01 | 8.865469e-01 |   5.67%|  89.62%
  287s| 19100 |   939 |511477 |  26.8 |   302M |  29 |1208 |  12k|4858 |8879 |  1 |  51k|  13k| 8.391212e-01 | 8.865469e-01 |   5.65%|  89.82%
  288s| 19200 |   909 |512836 |  26.7 |   302M |  29 |1208 |  12k|4853 |8879 |  1 |  52k|  13k| 8.391677e-01 | 8.865469e-01 |   5.65%|  90.11%
  288s| 19300 |   913 |514062 |  26.6 |   302M |  29 |1208 |  12k|4858 |8886 |  1 |  52k|  13k| 8.392356e-01 | 8.865469e-01 |   5.64%|  90.17%
  288s| 19400 |   901 |514980 |  26.5 |   302M |  29 |1208 |  12k|   0 |8890 |  0 |  52k|  13k| 8.392356e-01 | 8.865469e-01 |   5.64%|  90.18%
  289s| 19500 |   914 |516444 |  26.5 |   302M |  29 |1208 |  12k|4866 |8896 |  2 |  52k|  13k| 8.393209e-01 | 8.865469e-01 |   5.63%|  90.25%
  289s| 19600 |   896 |517548 |  26.4 |   303M |  29 |1208 |  12k|4854 |8902 |  1 |  53k|  13k| 8.394119e-01 | 8.865469e-01 |   5.62%|  90.29%
  289s| 19700 |   895 |518884 |  26.3 |   303M |  29 |1208 |  12k|4859 |8905 |  1 |  53k|  13k| 8.395104e-01 | 8.865469e-01 |   5.60%|  90.41%
 time | node  | left  |LP iter|LP it/n|mem/heur|mdpt |vars |cons |rows |cuts |sepa|confs|strbr|  dualbound   | primalbound  |  gap   | compl. 
  290s| 19800 |   864 |520374 |  26.3 |   303M |  29 |1208 |  12k|4856 |8910 |  1 |  53k|  13k| 8.396049e-01 | 8.865469e-01 |   5.59%|  90.73%
  290s| 19900 |   823 |521535 |  26.2 |   303M |  29 |1208 |  12k|4863 |8914 |  1 |  54k|  13k| 8.396269e-01 | 8.865469e-01 |   5.59%|  91.06%
  291s| 20000 |   801 |522778 |  26.1 |   303M |  29 |1208 |  12k|4862 |8921 |  2 |  54k|  13k| 8.397064e-01 | 8.865469e-01 |   5.58%|  91.23%
  291s| 20100 |   778 |524346 |  26.1 |   303M |  29 |1208 |  12k|   0 |8923 |  0 |  54k|  13k| 8.398084e-01 | 8.865469e-01 |   5.57%|  91.56%
  292s| 20200 |   749 |525730 |  26.0 |   303M |  29 |1208 |  12k|   0 |8929 |  0 |  54k|  13k| 8.398453e-01 | 8.865469e-01 |   5.56%|  91.78%
  292s| 20300 |   718 |527444 |  26.0 |   303M |  29 |1208 |  12k|4861 |8940 |  1 |  55k|  13k| 8.399918e-01 | 8.865469e-01 |   5.54%|  92.17%
  293s| 20400 |   697 |529070 |  25.9 |   303M |  29 |1208 |  12k|   0 |8949 |  0 |  55k|  13k| 8.400816e-01 | 8.865469e-01 |   5.53%|  92.35%
  293s| 20500 |   651 |531005 |  25.9 |   304M |  29 |1208 |  12k|4865 |8949 |  0 |  55k|  13k| 8.406748e-01 | 8.865469e-01 |   5.46%|  92.81%
  294s| 20600 |   631 |533076 |  25.9 |   304M |  29 |1208 |  12k|4867 |8977 |  1 |  55k|  14k| 8.408768e-01 | 8.865469e-01 |   5.43%|  93.08%
  295s| 20700 |   586 |534790 |  25.8 |   304M |  29 |1208 |  12k|4857 |8977 |  1 |  56k|  14k| 8.413712e-01 | 8.865469e-01 |   5.37%|  93.57%
  295s| 20800 |   577 |536025 |  25.7 |   304M |  29 |1208 |  12k|4852 |8989 |  2 |  56k|  14k| 8.416282e-01 | 8.865469e-01 |   5.34%|  93.72%
  296s| 20900 |   540 |537623 |  25.7 |   304M |  29 |1208 |  12k|4859 |8991 |  0 |  56k|  14k| 8.416851e-01 | 8.865469e-01 |   5.33%|  94.03%
  297s| 21000 |   529 |538987 |  25.6 |   304M |  29 |1208 |  12k|4857 |8994 |  1 |  56k|  14k| 8.417160e-01 | 8.865469e-01 |   5.33%|  94.22%
  297s| 21100 |   515 |540507 |  25.6 |   304M |  29 |1208 |  12k|4861 |8995 |  2 |  57k|  14k| 8.418270e-01 | 8.865469e-01 |   5.31%|  94.42%
  297s| 21200 |   506 |541891 |  25.5 |   304M |  29 |1208 |  12k|   0 |9000 |  0 |  57k|  14k| 8.418909e-01 | 8.865469e-01 |   5.30%|  94.54%
 time | node  | left  |LP iter|LP it/n|mem/heur|mdpt |vars |cons |rows |cuts |sepa|confs|strbr|  dualbound   | primalbound  |  gap   | compl. 
  298s| 21300 |   475 |543274 |  25.5 |   304M |  29 |1208 |  12k|   0 |9007 |  0 |  57k|  14k| 8.429778e-01 | 8.865469e-01 |   5.17%|  94.91%
  298s| 21400 |   472 |544613 |  25.4 |   305M |  30 |1208 |  12k|4865 |9010 |  1 |  57k|  14k| 8.430725e-01 | 8.865469e-01 |   5.16%|  95.36%
  299s| 21500 |   453 |546326 |  25.4 |   305M |  32 |1208 |  12k|4864 |9019 |  1 |  58k|  14k| 8.432945e-01 | 8.865469e-01 |   5.13%|  95.40%
  299s| 21600 |   422 |548361 |  25.4 |   305M |  32 |1208 |  12k|4870 |9027 |  2 |  58k|  14k| 8.433524e-01 | 8.865469e-01 |   5.12%|  95.65%
  300s| 21700 |   415 |549847 |  25.3 |   305M |  32 |1208 |  12k|   0 |9030 |  0 |  58k|  14k| 8.434372e-01 | 8.865469e-01 |   5.11%|  95.73%
  300s| 21800 |   409 |551067 |  25.3 |   305M |  32 |1208 |  12k|   0 |9031 |  0 |  58k|  14k| 8.440178e-01 | 8.865469e-01 |   5.04%|  95.82%
  301s| 21900 |   364 |552235 |  25.2 |   305M |  32 |1208 |  12k|4861 |9033 |  1 |  58k|  14k| 8.441403e-01 | 8.865469e-01 |   5.02%|  96.22%
  301s| 22000 |   310 |553422 |  25.1 |   305M |  32 |1208 |  12k|4850 |9038 |  0 |  59k|  14k| 8.447149e-01 | 8.865469e-01 |   4.95%|  96.80%
  302s| 22100 |   297 |554808 |  25.1 |   305M |  32 |1208 |  12k|4858 |9049 |  1 |  59k|  14k| 8.450989e-01 | 8.865469e-01 |   4.90%|  96.96%
  302s| 22200 |   266 |556083 |  25.0 |   305M |  32 |1208 |  12k|4855 |9053 |  1 |  59k|  14k| 8.453453e-01 | 8.865469e-01 |   4.87%|  97.18%
  302s| 22300 |   248 |557405 |  25.0 |   305M |  32 |1208 |  12k|4858 |9060 |  1 |  59k|  14k| 8.455026e-01 | 8.865469e-01 |   4.85%|  97.36%
  303s| 22400 |   203 |558676 |  24.9 |   305M |  32 |1208 |  12k|4857 |9062 |  1 |  60k|  14k| 8.463503e-01 | 8.865469e-01 |   4.75%|  97.81%
  304s| 22500 |   166 |559787 |  24.9 |   305M |  32 |1208 |  12k|4857 |9086 |  1 |  60k|  14k| 8.486619e-01 | 8.865469e-01 |   4.46%|  98.24%
  304s| 22600 |   135 |560902 |  24.8 |   305M |  32 |1208 |  12k|4863 |9090 |  1 |  60k|  14k| 8.500268e-01 | 8.865469e-01 |   4.30%|  98.57%
  304s| 22700 |   143 |562210 |  24.7 |   305M |  32 |1208 |  12k|4866 |9095 |  2 |  61k|  14k| 8.501185e-01 | 8.865469e-01 |   4.29%|  98.59%
 time | node  | left  |LP iter|LP it/n|mem/heur|mdpt |vars |cons |rows |cuts |sepa|confs|strbr|  dualbound   | primalbound  |  gap   | compl. 
  305s| 22800 |   119 |563339 |  24.7 |   305M |  32 |1208 |  12k|4866 |9105 |  0 |  61k|  14k| 8.503534e-01 | 8.865469e-01 |   4.26%|  98.73%
  305s| 22900 |   125 |564499 |  24.6 |   305M |  32 |1208 |  12k|4857 |9113 |  1 |  61k|  14k| 8.505077e-01 | 8.865469e-01 |   4.24%|  98.81%
  305s| 23000 |    87 |565962 |  24.6 |   305M |  32 |1208 |  12k|4864 |9115 |  0 |  61k|  14k| 8.506619e-01 | 8.865469e-01 |   4.22%|  98.97%
  306s| 23100 |    63 |567037 |  24.5 |   305M |  32 |1208 |  12k|   0 |9123 |  0 |  61k|  14k| 8.520862e-01 | 8.865469e-01 |   4.04%|  99.20%
  307s| 23200 |    20 |568688 |  24.5 |   305M |  32 |1208 |  12k|   0 |9144 |  0 |  62k|  14k| 8.577295e-01 | 8.865469e-01 |   3.36%|  99.71%

SCIP Status        : problem is solved [optimal solution found]
Solving Time (sec) : 306.94
Solving Nodes      : 23252
Primal Bound       : +8.86546893866391e-01 (30 solutions)
Dual Bound         : +8.86546893866391e-01
Gap                : 0.00 %
objective value:                    0.886546893866391
x_('12_1', '13_1')                                  1 	(obj:0.0030047288776797)
x_('11_6', '12_1')                                  1 	(obj:0.00261577868852459)
x_('10_6', '11_6')                                  1 	(obj:0.00255226740472642)
x_('9_16', '10_6')                                  1 	(obj:0.00430087822014051)
x_('8_12', '9_16')                                  1 	(obj:0.00391308873276086)
x_('7_18', '8_12')                                  1 	(obj:0.00395155152224824)
x_('6_20', '7_18')                                  1 	(obj:0.00969387755102041)
x_('5_17', '6_20')                                  1 	(obj:0.00678669008587041)
x_('4_16', '5_17')                                  1 	(obj:0.0075)
x_('3_14', '4_16')                                  1 	(obj:0.00577912763466042)
x_('2_12', '3_14')                                  1 	(obj:0.0154435987509758)
x_('1_10', '2_12')                                  1 	(obj:0.018574355971897)
x_('0_1', '1_10')                                   1 	(obj:0.00357142857142857)
y_0_0                                               1 	(obj:0)
y_1_0                                               1 	(obj:0)
y_2_0                                               1 	(obj:0)
y_3_1                                               1 	(obj:0)
y_4_1                                               1 	(obj:0)
y_5_1                                               1 	(obj:0)
y_6_1                                               1 	(obj:0)
y_7_2                                               1 	(obj:0)
y_8_2                                               1 	(obj:0)
y_9_2                                               1 	(obj:0)
y_10_3                                              1 	(obj:0)
y_11_3                                              1 	(obj:0)
y_12_3                                              1 	(obj:0)
z_('3268741', '3425762')_3                          1 	(obj:0)
z_('3268741', '1966592X')_3                         1 	(obj:0)
z_('1966592X', '3452192')_2                         1 	(obj:0)
z_('3452192', '1353870')_0                          1 	(obj:0)
z_('3452192', '3520162')_0                          1 	(obj:0)
z_('3520162', '3307092')_1                          1 	(obj:0)
z_('3520162', '3524054')_0                          1 	(obj:0)
z_('3268740', '3524054')_1                          1 	(obj:0)
z_('3524054', '3179975')_1                          1 	(obj:0)
z_('3179975', '3422998')_1                          1 	(obj:0)
z_('3422998', '2495223X')_2                         1 	(obj:0)
z_('3422998', '1353870_01')_2                       1 	(obj:0)
z_('2495223X', '2245784X')_3                        1 	(obj:0)
alpha                                3.46156626506024 	(obj:0.230779785993944)
  obj=0.886  alpha=574.6s  time=307.04s

k = 1
  Subgraph edges — edge_w: 13 (1.2%)  bal_w: 13 (1.2%)  combined: 26 (2.4%)  blended: 13 (1.2%)  blended_union: 37 (3.3%)  diverse: 13 (1.2%)
  [3a] Subgraph / edge_w   k=1 …
2026-07-01 19:12:22.355 | INFO     | pycaalp.time_balancing.model:run_mip:430 - Running MIP solver ...
      obj=0.895 (vs_full=+0.98%)  alpha=584.0s  build=0.003s solve=0.036s  vs_full=+1.64%
  [3b] Subgraph / bal_w    k=1 …
2026-07-01 19:12:22.392 | INFO     | pycaalp.time_balancing.model:run_mip:430 - Running MIP solver ...
      obj=0.948 (vs_full=+6.96%)  alpha=597.8s  build=0.002s solve=0.053s  vs_full=+4.04%
  [3c] Subgraph / combined k=1 …
2026-07-01 19:12:22.445 | INFO     | pycaalp.time_balancing.model:run_mip:430 - Running MIP solver ...
      obj=0.895 (vs_full=+0.98%)  alpha=584.0s  build=0.003s solve=0.926s  vs_full=+1.64%
  [3d] Subgraph / blended  k=1 …
2026-07-01 19:12:23.372 | INFO     | pycaalp.time_balancing.model:run_mip:430 - Running MIP solver ...
      obj=0.904 (vs_full=+2.01%)  alpha=574.6s  build=0.002s solve=0.030s  vs_full=+0.00%
  [3e] Subgraph / bl-union k=1 …
2026-07-01 19:12:23.402 | INFO     | pycaalp.time_balancing.model:run_mip:430 - Running MIP solver ...
      obj=0.895 (vs_full=+0.98%)  alpha=584.0s  build=0.012s solve=0.342s  vs_full=+1.64%
  [3f] Subgraph / diverse  k=1 …
2026-07-01 19:12:23.744 | INFO     | pycaalp.time_balancing.model:run_mip:430 - Running MIP solver ...
      obj=0.904 (vs_full=+2.01%)  alpha=574.6s  build=0.004s solve=0.033s  vs_full=+0.00%

k = 2
  Subgraph edges — edge_w: 15 (1.4%)  bal_w: 15 (1.4%)  combined: 30 (2.7%)  blended: 15 (1.4%)  blended_union: 43 (3.9%)  diverse: 26 (2.4%)
  [3a] Subgraph / edge_w   k=2 …
2026-07-01 19:12:23.846 | INFO     | pycaalp.time_balancing.model:run_mip:430 - Running MIP solver ...
      obj=0.895 (vs_full=+0.98%)  alpha=584.0s  build=0.007s solve=0.032s  vs_full=+1.64%
  [3b] Subgraph / bal_w    k=2 …
2026-07-01 19:12:23.878 | INFO     | pycaalp.time_balancing.model:run_mip:430 - Running MIP solver ...
      obj=0.948 (vs_full=+6.96%)  alpha=597.8s  build=0.006s solve=0.224s  vs_full=+4.04%
  [3c] Subgraph / combined k=2 …
2026-07-01 19:12:24.102 | INFO     | pycaalp.time_balancing.model:run_mip:430 - Running MIP solver ...
      obj=0.895 (vs_full=+0.98%)  alpha=584.0s  build=0.014s solve=0.630s  vs_full=+1.64%
  [3d] Subgraph / blended  k=2 …
2026-07-01 19:12:24.732 | INFO     | pycaalp.time_balancing.model:run_mip:430 - Running MIP solver ...
      obj=0.904 (vs_full=+2.01%)  alpha=574.6s  build=0.008s solve=0.207s  vs_full=+0.00%
  [3e] Subgraph / bl-union k=2 …
2026-07-01 19:12:24.939 | INFO     | pycaalp.time_balancing.model:run_mip:430 - Running MIP solver ...
      obj=0.895 (vs_full=+0.98%)  alpha=584.0s  build=0.028s solve=0.320s  vs_full=+1.64%
  [3f] Subgraph / diverse  k=2 …
2026-07-01 19:12:25.259 | INFO     | pycaalp.time_balancing.model:run_mip:430 - Running MIP solver ...
      obj=0.904 (vs_full=+2.01%)  alpha=574.6s  build=0.005s solve=0.830s  vs_full=+0.00%

k = 5
  Subgraph edges — edge_w: 21 (1.9%)  bal_w: 27 (2.4%)  combined: 48 (4.3%)  blended: 19 (1.7%)  blended_union: 60 (5.4%)  diverse: 65 (5.9%)
  [3a] Subgraph / edge_w   k=5 …
2026-07-01 19:12:26.264 | INFO     | pycaalp.time_balancing.model:run_mip:430 - Running MIP solver ...
      obj=0.895 (vs_full=+0.98%)  alpha=584.0s  build=0.026s solve=0.611s  vs_full=+1.64%
  [3b] Subgraph / bal_w    k=5 …
2026-07-01 19:12:26.876 | INFO     | pycaalp.time_balancing.model:run_mip:430 - Running MIP solver ...
      obj=0.932 (vs_full=+5.18%)  alpha=586.1s  build=0.016s solve=1.285s  vs_full=+2.00%
  [3c] Subgraph / combined k=5 …
2026-07-01 19:12:28.160 | INFO     | pycaalp.time_balancing.model:run_mip:430 - Running MIP solver ...
      obj=0.895 (vs_full=+0.98%)  alpha=584.0s  build=0.032s solve=0.732s  vs_full=+1.64%
  [3d] Subgraph / blended  k=5 …
2026-07-01 19:12:28.892 | INFO     | pycaalp.time_balancing.model:run_mip:430 - Running MIP solver ...
      obj=0.904 (vs_full=+2.01%)  alpha=574.6s  build=0.020s solve=0.252s  vs_full=+0.00%
  [3e] Subgraph / bl-union k=5 …
2026-07-01 19:12:29.144 | INFO     | pycaalp.time_balancing.model:run_mip:430 - Running MIP solver ...
      obj=0.895 (vs_full=+0.98%)  alpha=584.0s  build=0.067s solve=0.494s  vs_full=+1.64%
  [3f] Subgraph / diverse  k=5 …
2026-07-01 19:12:29.639 | INFO     | pycaalp.time_balancing.model:run_mip:430 - Running MIP solver ...
      obj=0.904 (vs_full=+2.01%)  alpha=574.6s  build=0.013s solve=0.574s  vs_full=+0.00%

k = 10
  Subgraph edges — edge_w: 24 (2.2%)  bal_w: 38 (3.4%)  combined: 62 (5.6%)  blended: 23 (2.1%)  blended_union: 76 (6.9%)  diverse: 126 (11.4%)
  [3a] Subgraph / edge_w   k=10 …
2026-07-01 19:12:30.581 | INFO     | pycaalp.time_balancing.model:run_mip:430 - Running MIP solver ...
      obj=0.895 (vs_full=+0.98%)  alpha=584.0s  build=0.029s solve=0.377s  vs_full=+1.64%
  [3b] Subgraph / bal_w    k=10 …
2026-07-01 19:12:30.959 | INFO     | pycaalp.time_balancing.model:run_mip:430 - Running MIP solver ...
      obj=0.931 (vs_full=+5.07%)  alpha=586.1s  build=0.019s solve=2.338s  vs_full=+2.00%
  [3c] Subgraph / combined k=10 …
2026-07-01 19:12:33.297 | INFO     | pycaalp.time_balancing.model:run_mip:430 - Running MIP solver ...
      obj=0.895 (vs_full=+0.98%)  alpha=584.0s  build=0.085s solve=0.547s  vs_full=+1.64%
  [3d] Subgraph / blended  k=10 …
2026-07-01 19:12:33.845 | INFO     | pycaalp.time_balancing.model:run_mip:430 - Running MIP solver ...
      obj=0.904 (vs_full=+2.01%)  alpha=574.6s  build=0.024s solve=0.295s  vs_full=+0.00%
  [3e] Subgraph / bl-union k=10 …
2026-07-01 19:12:34.140 | INFO     | pycaalp.time_balancing.model:run_mip:430 - Running MIP solver ...
      obj=0.895 (vs_full=+0.98%)  alpha=584.0s  build=0.197s solve=0.800s  vs_full=+1.64%
  [3f] Subgraph / diverse  k=10 …
2026-07-01 19:12:34.940 | INFO     | pycaalp.time_balancing.model:run_mip:430 - Running MIP solver ...
      obj=0.904 (vs_full=+2.01%)  alpha=574.6s  build=0.014s solve=1.855s  vs_full=+0.00%

k = 20
  Subgraph edges — edge_w: 35 (3.2%)  bal_w: 42 (3.8%)  combined: 77 (7.0%)  blended: 28 (2.5%)  blended_union: 92 (8.3%)  diverse: 239 (21.6%)
  [3a] Subgraph / edge_w   k=20 …
2026-07-01 19:12:37.414 | INFO     | pycaalp.time_balancing.model:run_mip:430 - Running MIP solver ...
      obj=0.895 (vs_full=+0.98%)  alpha=584.0s  build=0.073s solve=0.689s  vs_full=+1.64%
  [3b] Subgraph / bal_w    k=20 …
2026-07-01 19:12:38.103 | INFO     | pycaalp.time_balancing.model:run_mip:430 - Running MIP solver ...
      obj=0.931 (vs_full=+5.07%)  alpha=586.1s  build=0.062s solve=0.484s  vs_full=+2.00%
  [3c] Subgraph / combined k=20 …
2026-07-01 19:12:38.587 | INFO     | pycaalp.time_balancing.model:run_mip:430 - Running MIP solver ...
      obj=0.895 (vs_full=+0.98%)  alpha=584.0s  build=0.121s solve=0.658s  vs_full=+1.64%
  [3d] Subgraph / blended  k=20 …
2026-07-01 19:12:39.245 | INFO     | pycaalp.time_balancing.model:run_mip:430 - Running MIP solver ...
      obj=0.904 (vs_full=+2.01%)  alpha=574.6s  build=0.078s solve=0.759s  vs_full=+0.00%
  [3e] Subgraph / bl-union k=20 …
2026-07-01 19:12:40.004 | INFO     | pycaalp.time_balancing.model:run_mip:430 - Running MIP solver ...
      obj=0.895 (vs_full=+0.98%)  alpha=584.0s  build=0.256s solve=1.042s  vs_full=+1.64%
  [3f] Subgraph / diverse  k=20 …
2026-07-01 19:12:41.046 | INFO     | pycaalp.time_balancing.model:run_mip:430 - Running MIP solver ...
      obj=0.892 (vs_full=+0.64%)  alpha=581.1s  build=0.028s solve=4.490s  vs_full=+1.13%

k = 50
  Subgraph edges — edge_w: 54 (4.9%)  bal_w: 63 (5.7%)  combined: 116 (10.5%)  blended: 32 (2.9%)  blended_union: 125 (11.3%)  diverse: 504 (45.6%)
  [3a] Subgraph / edge_w   k=50 …
2026-07-01 19:12:47.049 | INFO     | pycaalp.time_balancing.model:run_mip:430 - Running MIP solver ...
      obj=0.895 (vs_full=+0.98%)  alpha=584.0s  build=0.202s solve=0.609s  vs_full=+1.64%
  [3b] Subgraph / bal_w    k=50 …
2026-07-01 19:12:47.658 | INFO     | pycaalp.time_balancing.model:run_mip:430 - Running MIP solver ...
      obj=0.931 (vs_full=+5.07%)  alpha=586.1s  build=0.117s solve=0.702s  vs_full=+2.00%
  [3c] Subgraph / combined k=50 …
2026-07-01 19:12:48.360 | INFO     | pycaalp.time_balancing.model:run_mip:430 - Running MIP solver ...
      obj=0.895 (vs_full=+0.98%)  alpha=584.0s  build=0.279s solve=1.386s  vs_full=+1.64%
  [3d] Subgraph / blended  k=50 …
2026-07-01 19:12:49.746 | INFO     | pycaalp.time_balancing.model:run_mip:430 - Running MIP solver ...
      obj=0.904 (vs_full=+2.01%)  alpha=574.6s  build=0.145s solve=0.265s  vs_full=+0.00%
  [3e] Subgraph / bl-union k=50 …
2026-07-01 19:12:50.012 | INFO     | pycaalp.time_balancing.model:run_mip:430 - Running MIP solver ...
      obj=0.895 (vs_full=+0.98%)  alpha=584.0s  build=0.707s solve=1.464s  vs_full=+1.64%
  [3f] Subgraph / diverse  k=50 …
2026-07-01 19:12:51.476 | INFO     | pycaalp.time_balancing.model:run_mip:430 - Running MIP solver ...
      obj=0.892 (vs_full=+0.64%)  alpha=581.1s  build=0.062s solve=52.618s  vs_full=+1.13%

k = 100
  Subgraph edges — edge_w: 78 (7.1%)  bal_w: 86 (7.8%)  combined: 162 (14.7%)  blended: 40 (3.6%)  blended_union: 153 (13.8%)  diverse: 742 (67.1%)
  [3a] Subgraph / edge_w   k=100 …
2026-07-01 19:13:47.035 | INFO     | pycaalp.time_balancing.model:run_mip:430 - Running MIP solver ...
      obj=0.895 (vs_full=+0.98%)  alpha=584.0s  build=0.342s solve=0.951s  vs_full=+1.64%
  [3b] Subgraph / bal_w    k=100 …
2026-07-01 19:13:47.986 | INFO     | pycaalp.time_balancing.model:run_mip:430 - Running MIP solver ...
      obj=0.920 (vs_full=+3.73%)  alpha=574.0s  build=0.280s solve=1.537s  vs_full=-0.11%
  [3c] Subgraph / combined k=100 …
2026-07-01 19:13:49.523 | INFO     | pycaalp.time_balancing.model:run_mip:430 - Running MIP solver ...
      obj=0.895 (vs_full=+0.98%)  alpha=584.0s  build=0.571s solve=3.506s  vs_full=+1.64%
  [3d] Subgraph / blended  k=100 …
2026-07-01 19:13:53.029 | INFO     | pycaalp.time_balancing.model:run_mip:430 - Running MIP solver ...
      obj=0.904 (vs_full=+2.01%)  alpha=574.6s  build=0.285s solve=0.744s  vs_full=+0.00%
  [3e] Subgraph / bl-union k=100 …
2026-07-01 19:13:53.773 | INFO     | pycaalp.time_balancing.model:run_mip:430 - Running MIP solver ...
      obj=0.895 (vs_full=+0.98%)  alpha=584.0s  build=1.372s solve=1.729s  vs_full=+1.64%
  [3f] Subgraph / diverse  k=100 …
2026-07-01 19:13:55.503 | INFO     | pycaalp.time_balancing.model:run_mip:430 - Running MIP solver ...
      obj=0.887 (vs_full=+0.11%)  alpha=574.6s  build=0.091s solve=114.015s  vs_full=+0.00%

k = 200
  Subgraph edges — edge_w: 95 (8.6%)  bal_w: 111 (10.0%)  combined: 202 (18.3%)  blended: 45 (4.1%)  blended_union: 177 (16.0%)  diverse: 908 (82.2%)
  [3a] Subgraph / edge_w   k=200 …
2026-07-01 19:15:54.231 | INFO     | pycaalp.time_balancing.model:run_mip:430 - Running MIP solver ...
      obj=0.895 (vs_full=+0.98%)  alpha=584.0s  build=0.581s solve=0.971s  vs_full=+1.64%
  [3b] Subgraph / bal_w    k=200 …
2026-07-01 19:15:55.202 | INFO     | pycaalp.time_balancing.model:run_mip:430 - Running MIP solver ...
      obj=0.919 (vs_full=+3.68%)  alpha=574.0s  build=0.367s solve=1.297s  vs_full=-0.11%
  [3c] Subgraph / combined k=200 …
2026-07-01 19:15:56.499 | INFO     | pycaalp.time_balancing.model:run_mip:430 - Running MIP solver ...
      obj=0.895 (vs_full=+0.98%)  alpha=584.0s  build=0.917s solve=5.108s  vs_full=+1.64%
  [3d] Subgraph / blended  k=200 …
2026-07-01 19:16:01.607 | INFO     | pycaalp.time_balancing.model:run_mip:430 - Running MIP solver ...
      obj=0.904 (vs_full=+2.01%)  alpha=574.6s  build=0.580s solve=1.385s  vs_full=+0.00%
  [3e] Subgraph / bl-union k=200 …
2026-07-01 19:16:02.992 | INFO     | pycaalp.time_balancing.model:run_mip:430 - Running MIP solver ...
      obj=0.895 (vs_full=+0.98%)  alpha=584.0s  build=2.126s solve=2.094s  vs_full=+1.64%
  [3f] Subgraph / diverse  k=200 …
2026-07-01 19:16:05.086 | INFO     | pycaalp.time_balancing.model:run_mip:430 - Running MIP solver ...
      obj=0.887 (vs_full=+0.07%)  alpha=574.6s  build=0.142s solve=162.015s  vs_full=+0.00%

k = 500
  Subgraph edges — edge_w: 108 (9.8%)  bal_w: 153 (13.8%)  combined: 257 (23.3%)  blended: 53 (4.8%)  blended_union: 245 (22.2%)  diverse: 1043 (94.4%)
  [3a] Subgraph / edge_w   k=500 …
2026-07-01 19:18:57.270 | INFO     | pycaalp.time_balancing.model:run_mip:430 - Running MIP solver ...
      obj=0.892 (vs_full=+0.61%)  alpha=581.1s  build=1.313s solve=0.939s  vs_full=+1.13%
  [3b] Subgraph / bal_w    k=500 …
2026-07-01 19:18:58.209 | INFO     | pycaalp.time_balancing.model:run_mip:430 - Running MIP solver ...
      obj=0.919 (vs_full=+3.67%)  alpha=574.0s  build=0.856s solve=2.544s  vs_full=-0.11%
  [3c] Subgraph / combined k=500 …
2026-07-01 19:19:00.753 | INFO     | pycaalp.time_balancing.model:run_mip:430 - Running MIP solver ...
      obj=0.892 (vs_full=+0.61%)  alpha=581.1s  build=2.014s solve=3.500s  vs_full=+1.13%
  [3d] Subgraph / blended  k=500 …
2026-07-01 19:19:04.253 | INFO     | pycaalp.time_balancing.model:run_mip:430 - Running MIP solver ...
      obj=0.904 (vs_full=+2.01%)  alpha=574.6s  build=1.305s solve=0.426s  vs_full=+0.00%
  [3e] Subgraph / bl-union k=500 …
2026-07-01 19:19:04.679 | INFO     | pycaalp.time_balancing.model:run_mip:430 - Running MIP solver ...
      obj=0.886 (vs_full=+0.00%)  alpha=574.6s  build=4.284s solve=4.125s  vs_full=+0.00%
  [3f] Subgraph / diverse  k=500 …
2026-07-01 19:19:08.805 | INFO     | pycaalp.time_balancing.model:run_mip:430 - Running MIP solver ...
      obj=0.887 (vs_full=+0.01%)  alpha=574.6s  build=0.396s solve=321.390s  vs_full=+0.00%

k = 1000
  Subgraph edges — edge_w: 142 (12.9%)  bal_w: 211 (19.1%)  combined: 346 (31.3%)  blended: 59 (5.3%)  blended_union: 297 (26.9%)  diverse: 1100 (99.5%)
  [3a] Subgraph / edge_w   k=1000 …
2026-07-01 19:24:48.035 | INFO     | pycaalp.time_balancing.model:run_mip:430 - Running MIP solver ...
      obj=0.892 (vs_full=+0.61%)  alpha=581.1s  build=2.025s solve=1.117s  vs_full=+1.13%
  [3b] Subgraph / bal_w    k=1000 …
2026-07-01 19:24:49.152 | INFO     | pycaalp.time_balancing.model:run_mip:430 - Running MIP solver ...
      obj=0.918 (vs_full=+3.59%)  alpha=574.0s  build=1.619s solve=7.400s  vs_full=-0.11%
  [3c] Subgraph / combined k=1000 …
2026-07-01 19:24:56.552 | INFO     | pycaalp.time_balancing.model:run_mip:430 - Running MIP solver ...
      obj=0.892 (vs_full=+0.61%)  alpha=581.1s  build=3.661s solve=17.021s  vs_full=+1.13%
  [3d] Subgraph / blended  k=1000 …
2026-07-01 19:25:13.574 | INFO     | pycaalp.time_balancing.model:run_mip:430 - Running MIP solver ...
      obj=0.904 (vs_full=+2.01%)  alpha=574.6s  build=2.754s solve=1.078s  vs_full=+0.00%
  [3e] Subgraph / bl-union k=1000 …
2026-07-01 19:25:14.652 | INFO     | pycaalp.time_balancing.model:run_mip:430 - Running MIP solver ...
      obj=0.886 (vs_full=+0.00%)  alpha=574.6s  build=7.164s solve=3.057s  vs_full=+0.00%
  [3f] Subgraph / diverse  k=1000 …
2026-07-01 19:25:17.709 | INFO     | pycaalp.time_balancing.model:run_mip:430 - Running MIP solver ...
      obj=0.886 (vs_full=+0.00%)  alpha=574.6s  build=0.617s solve=249.206s  vs_full=+0.00%

k = 2000
  Subgraph edges — edge_w: 185 (16.7%)  bal_w: 292 (26.4%)  combined: 460 (41.6%)  blended: 154 (13.9%)  blended_union: 410 (37.1%)  diverse: 1105 (100.0%)
  [3a] Subgraph / edge_w   k=2000 …
2026-07-01 19:30:07.472 | INFO     | pycaalp.time_balancing.model:run_mip:430 - Running MIP solver ...
      obj=0.892 (vs_full=+0.61%)  alpha=581.1s  build=4.665s solve=3.591s  vs_full=+1.13%
  [3b] Subgraph / bal_w    k=2000 …
2026-07-01 19:30:11.063 | INFO     | pycaalp.time_balancing.model:run_mip:430 - Running MIP solver ...
      obj=0.918 (vs_full=+3.53%)  alpha=574.0s  build=3.854s solve=8.912s  vs_full=-0.11%
  [3c] Subgraph / combined k=2000 …
2026-07-01 19:30:19.975 | INFO     | pycaalp.time_balancing.model:run_mip:430 - Running MIP solver ...
      obj=0.892 (vs_full=+0.61%)  alpha=581.1s  build=8.321s solve=22.570s  vs_full=+1.13%
  [3d] Subgraph / blended  k=2000 …
2026-07-01 19:30:42.546 | INFO     | pycaalp.time_balancing.model:run_mip:430 - Running MIP solver ...
      obj=0.904 (vs_full=+2.01%)  alpha=574.6s  build=6.737s solve=2.153s  vs_full=+0.00%
  [3e] Subgraph / bl-union k=2000 …
2026-07-01 19:30:44.699 | INFO     | pycaalp.time_balancing.model:run_mip:430 - Running MIP solver ...
      obj=0.886 (vs_full=+0.00%)  alpha=574.6s  build=15.764s solve=27.486s  vs_full=+0.00%
  [3f] Subgraph / diverse  k=2000 …
2026-07-01 19:31:12.185 | INFO     | pycaalp.time_balancing.model:run_mip:430 - Running MIP solver ...
      obj=0.886 (vs_full=+0.00%)  alpha=574.6s  build=1.216s solve=164.021s  vs_full=+0.00%

k = 5000
  Subgraph edges — edge_w: 232 (21.0%)  bal_w: 431 (39.0%)  combined: 632 (57.2%)  blended: 173 (15.7%)  blended_union: 525 (47.5%)  diverse: 1105 (100.0%)
  [3a] Subgraph / edge_w   k=5000 …
2026-07-01 19:36:18.985 | INFO     | pycaalp.time_balancing.model:run_mip:430 - Running MIP solver ...
      obj=0.892 (vs_full=+0.61%)  alpha=581.1s  build=17.396s solve=1.457s  vs_full=+1.13%
  [3b] Subgraph / bal_w    k=5000 …
2026-07-01 19:36:20.442 | INFO     | pycaalp.time_balancing.model:run_mip:430 - Running MIP solver ...
      obj=0.900 (vs_full=+1.54%)  alpha=567.5s  build=15.179s solve=23.244s  vs_full=-1.24%
  [3c] Subgraph / combined k=5000 …
2026-07-01 19:36:43.687 | INFO     | pycaalp.time_balancing.model:run_mip:430 - Running MIP solver ...
      obj=0.892 (vs_full=+0.61%)  alpha=581.1s  build=32.402s solve=25.484s  vs_full=+1.13%
  [3d] Subgraph / blended  k=5000 …
2026-07-01 19:37:09.171 | INFO     | pycaalp.time_balancing.model:run_mip:430 - Running MIP solver ...
      obj=0.904 (vs_full=+2.01%)  alpha=574.6s  build=22.556s solve=1.343s  vs_full=+0.00%
  [3e] Subgraph / bl-union k=5000 …
2026-07-01 19:37:10.514 | INFO     | pycaalp.time_balancing.model:run_mip:430 - Running MIP solver ...
      obj=0.886 (vs_full=+0.00%)  alpha=574.6s  build=52.619s solve=38.035s  vs_full=+0.00%
  [3f] Subgraph / diverse  k=5000 …
2026-07-01 19:37:48.549 | INFO     | pycaalp.time_balancing.model:run_mip:430 - Running MIP solver ...
      obj=0.886 (vs_full=+0.00%)  alpha=574.6s  build=2.627s solve=130.228s  vs_full=+0.00%

Results saved to experiments/strategy_comparison/assembly_1_np_4/strategy_comparison_lambda_0.9.csv
Plot with:  python -m experiments.strategy_comparison.plot_k_sensitivity

============================================================================================================================
SUMMARY — assembly_1  P=4  λ=0.9
============================================================================================================================
Strategy       Weight                      k   Build    Solve    Total  Spdup       Obj   ObjvsF     Alpha    AlvsF   Edges  %Grph
----------------------------------------------------------------------------------------------------------------------------
full_mip       —                               0.000  307.037  307.037   1.0x     0.886    +0.00    574.62    +0.00    1105  100.0
subgraph_mip   edge_weight                 1   0.003    0.036    0.039 7794.2x     0.895    +0.98    584.04    +1.64      13    1.2
subgraph_mip   time_balanced_weight        1   0.002    0.053    0.055 5578.1x     0.948    +6.96    597.84    +4.04      13    1.2
subgraph_mip   combined                    1   0.003    0.926    0.929 330.5x     0.895    +0.98    584.04    +1.64      26    2.4
subgraph_mip   blended                     1   0.002    0.030    0.032 9600.1x     0.904    +2.01    574.62    +0.00      13    1.2
subgraph_mip   blended_union               1   0.012    0.342    0.354 867.5x     0.895    +0.98    584.04    +1.64      37    3.4
subgraph_mip   diverse                     1   0.004    0.033    0.037 8271.7x     0.904    +2.01    574.62    +0.00      13    1.2
subgraph_mip   edge_weight                 2   0.007    0.032    0.040 7701.0x     0.895    +0.98    584.04    +1.64      15    1.4
subgraph_mip   time_balanced_weight        2   0.006    0.224    0.230 1336.3x     0.948    +6.96    597.84    +4.04      15    1.4
subgraph_mip   combined                    2   0.014    0.630    0.644 476.5x     0.895    +0.98    584.04    +1.64      30    2.7
subgraph_mip   blended                     2   0.008    0.207    0.215 1430.2x     0.904    +2.01    574.62    +0.00      15    1.4
subgraph_mip   blended_union               2   0.028    0.320    0.348 882.5x     0.895    +0.98    584.04    +1.64      43    3.9
subgraph_mip   diverse                     2   0.005    0.830    0.835 367.7x     0.904    +2.01    574.62    +0.00      26    2.4
subgraph_mip   edge_weight                 5   0.026    0.611    0.638 481.4x     0.895    +0.98    584.04    +1.64      21    1.9
subgraph_mip   time_balanced_weight        5   0.016    1.285    1.300 236.1x     0.932    +5.18    586.13    +2.00      27    2.4
subgraph_mip   combined                    5   0.032    0.732    0.764 402.1x     0.895    +0.98    584.04    +1.64      48    4.3
subgraph_mip   blended                     5   0.020    0.252    0.272 1128.0x     0.904    +2.01    574.62    +0.00      19    1.7
subgraph_mip   blended_union               5   0.067    0.494    0.562 546.5x     0.895    +0.98    584.04    +1.64      60    5.4
subgraph_mip   diverse                     5   0.013    0.574    0.587 523.4x     0.904    +2.01    574.62    +0.00      65    5.9
subgraph_mip   edge_weight                10   0.029    0.377    0.406 755.6x     0.895    +0.98    584.04    +1.64      24    2.2
subgraph_mip   time_balanced_weight       10   0.019    2.338    2.357 130.2x     0.931    +5.07    586.13    +2.00      38    3.4
subgraph_mip   combined                   10   0.085    0.547    0.632 485.9x     0.895    +0.98    584.04    +1.64      62    5.6
subgraph_mip   blended                    10   0.024    0.295    0.319 962.6x     0.904    +2.01    574.62    +0.00      23    2.1
subgraph_mip   blended_union              10   0.197    0.800    0.997 307.8x     0.895    +0.98    584.04    +1.64      76    6.9
subgraph_mip   diverse                    10   0.014    1.855    1.870 164.2x     0.904    +2.01    574.62    +0.00     126   11.4
subgraph_mip   edge_weight                20   0.073    0.689    0.761 403.3x     0.895    +0.98    584.04    +1.64      35    3.2
subgraph_mip   time_balanced_weight       20   0.062    0.484    0.547 561.6x     0.931    +5.07    586.13    +2.00      42    3.8
subgraph_mip   combined                   20   0.121    0.658    0.778 394.4x     0.895    +0.98    584.04    +1.64      77    7.0
subgraph_mip   blended                    20   0.078    0.759    0.837 366.7x     0.904    +2.01    574.62    +0.00      28    2.5
subgraph_mip   blended_union              20   0.256    1.042    1.298 236.5x     0.895    +0.98    584.04    +1.64      92    8.3
subgraph_mip   diverse                    20   0.028    4.490    4.518  68.0x     0.892    +0.64    581.12    +1.13     239   21.6
subgraph_mip   edge_weight                50   0.202    0.609    0.811 378.6x     0.895    +0.98    584.04    +1.64      54    4.9
subgraph_mip   time_balanced_weight       50   0.117    0.702    0.819 374.8x     0.931    +5.07    586.13    +2.00      63    5.7
subgraph_mip   combined                   50   0.279    1.386    1.665 184.5x     0.895    +0.98    584.04    +1.64     116   10.5
subgraph_mip   blended                    50   0.145    0.265    0.411 747.9x     0.904    +2.01    574.62    +0.00      32    2.9
subgraph_mip   blended_union              50   0.707    1.464    2.171 141.4x     0.895    +0.98    584.04    +1.64     125   11.3
subgraph_mip   diverse                    50   0.062   52.618   52.680   5.8x     0.892    +0.64    581.12    +1.13     504   45.6
subgraph_mip   edge_weight               100   0.342    0.951    1.293 237.5x     0.895    +0.98    584.04    +1.64      78    7.1
subgraph_mip   time_balanced_weight      100   0.280    1.537    1.817 169.0x     0.920    +3.73    574.00    -0.11      86    7.8
subgraph_mip   combined                  100   0.571    3.506    4.077  75.3x     0.895    +0.98    584.04    +1.64     162   14.7
subgraph_mip   blended                   100   0.285    0.744    1.029 298.4x     0.904    +2.01    574.62    +0.00      40    3.6
subgraph_mip   blended_union             100   1.372    1.729    3.101  99.0x     0.895    +0.98    584.04    +1.64     153   13.8
subgraph_mip   diverse                   100   0.091  114.015  114.106   2.7x     0.887    +0.11    574.62    +0.00     742   67.2
subgraph_mip   edge_weight               200   0.581    0.971    1.552 197.8x     0.895    +0.98    584.04    +1.64      95    8.6
subgraph_mip   time_balanced_weight      200   0.367    1.297    1.663 184.6x     0.919    +3.68    574.00    -0.11     111   10.1
subgraph_mip   combined                  200   0.917    5.108    6.025  51.0x     0.895    +0.98    584.04    +1.64     202   18.3
subgraph_mip   blended                   200   0.580    1.385    1.965 156.2x     0.904    +2.01    574.62    +0.00      45    4.1
subgraph_mip   blended_union             200   2.126    2.094    4.220  72.8x     0.895    +0.98    584.04    +1.64     177   16.0
subgraph_mip   diverse                   200   0.142  162.015  162.158   1.9x     0.887    +0.07    574.62    +0.00     908   82.2
subgraph_mip   edge_weight               500   1.313    0.939    2.252 136.3x     0.892    +0.61    581.12    +1.13     108    9.8
subgraph_mip   time_balanced_weight      500   0.856    2.544    3.399  90.3x     0.919    +3.67    574.00    -0.11     153   13.8
subgraph_mip   combined                  500   2.014    3.500    5.514  55.7x     0.892    +0.61    581.12    +1.13     257   23.3
subgraph_mip   blended                   500   1.305    0.426    1.731 177.3x     0.904    +2.01    574.62    +0.00      53    4.8
subgraph_mip   blended_union             500   4.284    4.125    8.409  36.5x     0.886    +0.00    574.62    +0.00     245   22.2
subgraph_mip   diverse                   500   0.396  321.390  321.786   0.9x     0.887    +0.01    574.62    +0.00    1043   94.4
subgraph_mip   edge_weight              1000   2.025    1.117    3.142  97.7x     0.892    +0.61    581.12    +1.13     142   12.8
subgraph_mip   time_balanced_weight     1000   1.619    7.400    9.019  34.0x     0.918    +3.59    574.00    -0.11     211   19.1
subgraph_mip   combined                 1000   3.661   17.021   20.682  14.8x     0.892    +0.61    581.12    +1.13     346   31.3
subgraph_mip   blended                  1000   2.754    1.078    3.832  80.1x     0.904    +2.01    574.62    +0.00      59    5.3
subgraph_mip   blended_union            1000   7.164    3.057   10.221  30.0x     0.886    +0.00    574.62    +0.00     297   26.9
subgraph_mip   diverse                  1000   0.617  249.206  249.822   1.2x     0.886    +0.00    574.62    +0.00    1100   99.5
subgraph_mip   edge_weight              2000   4.665    3.591    8.256  37.2x     0.892    +0.61    581.12    +1.13     185   16.7
subgraph_mip   time_balanced_weight     2000   3.854    8.912   12.766  24.1x     0.918    +3.53    574.00    -0.11     292   26.4
subgraph_mip   combined                 2000   8.321   22.570   30.892   9.9x     0.892    +0.61    581.12    +1.13     460   41.6
subgraph_mip   blended                  2000   6.737    2.153    8.890  34.5x     0.904    +2.01    574.62    +0.00     154   13.9
subgraph_mip   blended_union            2000  15.764   27.486   43.250   7.1x     0.886    +0.00    574.62    +0.00     410   37.1
subgraph_mip   diverse                  2000   1.216  164.021  165.236   1.9x     0.886    +0.00    574.62    +0.00    1105  100.0
subgraph_mip   edge_weight              5000  17.396    1.457   18.853  16.3x     0.892    +0.61    581.12    +1.13     232   21.0
subgraph_mip   time_balanced_weight     5000  15.179   23.244   38.424   8.0x     0.900    +1.54    567.50    -1.24     431   39.0
subgraph_mip   combined                 5000  32.402   25.484   57.886   5.3x     0.892    +0.61    581.12    +1.13     632   57.2
subgraph_mip   blended                  5000  22.556    1.343   23.899  12.8x     0.904    +2.01    574.62    +0.00     173   15.7
subgraph_mip   blended_union            5000  52.619   38.035   90.654   3.4x     0.886    +0.00    574.62    +0.00     525   47.5
subgraph_mip   diverse                  5000   2.627  130.228  132.855   2.3x     0.886    +0.00    574.62    +0.00    1105  100.0
============================================================================================================================

----------------- λ = 0.95 -----------------
========================================================================
Strategy Comparison Experiment — assembly_1  P=4  λ=0.95
========================================================================

Building assembly digraph …
2026-07-01 19:07:28.180 | INFO     | pycaalp.gapp.assembly_digraph:compute_assembly_digraph_complete:395 - Computing assembly digraph...
  343 nodes, 1105 edges  (0.4s)

[1] Full MIP  P=4  λ=0.95
2026-07-01 19:07:28.570 | INFO     | pycaalp.time_balancing.model:run_mip:430 - Running MIP solver ...
presolving:
(round 1, fast)       2 del vars, 2 del conss, 0 add conss, 0 chg bounds, 0 chg sides, 0 chg coeffs, 0 upgd conss, 0 impls, 69 clqs, 0 implints
(round 2, exhaustive) 2 del vars, 2 del conss, 0 add conss, 1 chg bounds, 0 chg sides, 0 chg coeffs, 4525 upgd conss, 0 impls, 69 clqs, 0 implints
   (0.3s) probing: 1000/1207 (82.9%) - 0 fixings, 0 aggregations, 130891 implications, 0 bound changes
   (0.3s) probing: 1001/1207 (82.9%) - 0 fixings, 0 aggregations, 130966 implications, 0 bound changes
   (0.3s) probing aborted: 1000/1000 successive useless probings
   (0.4s) symmetry computation started: requiring (bin +, int +, cont +), (fixed: bin -, int -, cont -)
   (0.4s) no symmetry present (symcode time: 0.00)
presolving (3 rounds: 3 fast, 2 medium, 2 exhaustive):
 2 deleted vars, 2 deleted constraints, 0 added constraints, 1 tightened bounds, 0 added holes, 0 changed sides, 0 changed coefficients
 0 implications, 15690 cliques, 0 implied integral variables (0 bin, 0 int, 0 cont)
presolved problem has 1208 variables (1207 bin, 0 int, 1 cont) and 4839 constraints
     69 constraints of type <setppc>
    314 constraints of type <linear>
   4456 constraints of type <logicor>
Presolving Time: 0.37

 time | node  | left  |LP iter|LP it/n|mem/heur|mdpt |vars |cons |rows |cuts |sepa|confs|strbr|  dualbound   | primalbound  |  gap   | compl. 
p 0.4s|     1 |     0 |   126 |     - | vbounds|   0 |1208 |4867 |4839 |   0 |  0 |  27 |   0 | 0.000000e+00 | 1.161557e+00 |    Inf | unknown
  0.5s|     1 |     0 |   471 |     - |    34M |   0 |1208 |4867 |4839 |   0 |  0 |  27 |   0 | 8.329273e-01 | 1.161557e+00 |  39.45%| unknown
  0.8s|     1 |     0 |   485 |     - |    39M |   0 |1208 |4875 |4843 |   4 |  1 |  35 |   0 | 8.329273e-01 | 1.161557e+00 |  39.45%| unknown
  1.3s|     1 |     0 |   490 |     - |    43M |   0 |1208 |4885 |4846 |   7 |  2 |  45 |   0 | 8.329273e-01 | 1.161557e+00 |  39.45%| unknown
  1.8s|     1 |     0 |   508 |     - |    50M |   0 |1208 |4893 |4849 |  10 |  3 |  55 |   0 | 8.329273e-01 | 1.161557e+00 |  39.45%| unknown
  2.3s|     1 |     0 |   519 |     - |    56M |   0 |1208 |4902 |4851 |  12 |  4 |  65 |   0 | 8.329273e-01 | 1.161557e+00 |  39.45%| unknown
  2.9s|     1 |     0 |   534 |     - |    64M |   0 |1208 |4912 |4854 |  15 |  5 |  75 |   0 | 8.329273e-01 | 1.161557e+00 |  39.45%| unknown
  3.3s|     1 |     0 |   547 |     - |    72M |   0 |1208 |4915 |4856 |  17 |  6 |  78 |   0 | 8.329273e-01 | 1.161557e+00 |  39.45%| unknown
  3.9s|     1 |     0 |   594 |     - |    81M |   0 |1208 |4921 |4858 |  19 |  7 |  84 |   0 | 8.329273e-01 | 1.161557e+00 |  39.45%| unknown
  4.6s|     1 |     0 |   615 |     - |    90M |   0 |1208 |4926 |4862 |  23 |  8 |  89 |   0 | 8.329273e-01 | 1.161557e+00 |  39.45%| unknown
  5.4s|     1 |     0 |   621 |     - |    99M |   0 |1208 |4928 |4864 |  25 |  9 |  91 |   0 | 8.329273e-01 | 1.161557e+00 |  39.45%| unknown
  6.0s|     1 |     0 |   636 |     - |   106M |   0 |1208 |4937 |4866 |  27 | 10 | 101 |   0 | 8.329273e-01 | 1.161557e+00 |  39.45%| unknown
  6.0s|     1 |     0 |   643 |     - |   107M |   0 |1208 |4941 |4869 |  30 | 11 | 107 |   0 | 8.329273e-01 | 1.161557e+00 |  39.45%| unknown
d 6.1s|     1 |     0 |  1144 |     - |farkasdi|   0 |1208 |4947 |4869 |   0 | 11 | 117 |   0 | 8.329273e-01 | 1.040209e+00 |  24.89%| unknown
o 6.2s|     1 |     0 |  1452 |     - |feaspump|   0 |1208 |4947 |4869 |  30 | 11 | 117 |   0 | 8.329273e-01 | 8.987106e-01 |   7.90%| unknown
 time | node  | left  |LP iter|LP it/n|mem/heur|mdpt |vars |cons |rows |cuts |sepa|confs|strbr|  dualbound   | primalbound  |  gap   | compl. 
  6.3s|     1 |     0 |  1739 |     - |   107M |   0 |1208 |4979 |4869 |  30 | 11 | 152 |   0 | 8.329273e-01 | 8.987106e-01 |   7.90%| unknown
  6.3s|     1 |     0 |  1740 |     - |   108M |   0 |1208 |4984 |4870 |  32 | 12 | 158 |   0 | 8.329273e-01 | 8.987106e-01 |   7.90%| unknown
  6.3s|     1 |     0 |  1741 |     - |   108M |   0 |1208 |4992 |4872 |  34 | 13 | 168 |   0 | 8.329273e-01 | 8.987106e-01 |   7.90%| unknown
  6.5s|     1 |     2 |  1741 |     - |   108M |   0 |1208 |4999 |4872 |  34 | 13 | 178 |  19 | 8.329307e-01 | 8.987106e-01 |   7.90%| unknown
*10.2s|    20 |    13 |  2914 | 126.1 |    LP  |  14 |1208 |5109 |4852 |  55 |  5 | 360 | 424 | 8.329307e-01 | 8.955985e-01 |   7.52%| unknown
 22.9s|   100 |    45 | 15324 | 149.5 |   136M |  16 |1208 |5897 |4846 | 160 |  1 |1475 |1974 | 8.329307e-01 | 8.955985e-01 |   7.52%|   0.71%
L29.3s|   160 |    64 | 22824 | 140.3 |    alns|  20 |1208 |6145 |4858 | 256 |  3 |2285 |2882 | 8.329307e-01 | 8.949718e-01 |   7.45%|   0.83%
 30.6s|   200 |    74 | 24259 | 119.3 |   138M |  25 |1208 |6208 |4853 | 319 |  0 |2415 |2962 | 8.329307e-01 | 8.949718e-01 |   7.45%|   0.95%
 34.1s|   300 |   105 | 27664 |  90.8 |   142M |  25 |1208 |6424 |4846 | 483 |  1 |2853 |3168 | 8.329307e-01 | 8.949718e-01 |   7.45%|   3.46%
 38.7s|   400 |   149 | 32886 |  81.1 |   146M |  25 |1208 |6650 |4857 | 639 |  1 |3308 |3463 | 8.329327e-01 | 8.949718e-01 |   7.45%|   5.75%
L39.2s|   412 |   152 | 33276 |  79.7 |    rins|  25 |1208 |6739 |4857 | 655 |  1 |3405 |3506 | 8.329327e-01 | 8.948036e-01 |   7.43%|   5.75%
 42.4s|   500 |   173 | 36713 |  72.5 |   149M |  25 |1208 |6955 |   0 | 771 |  0 |3802 |3713 | 8.329327e-01 | 8.948036e-01 |   7.43%|   6.74%
 47.2s|   600 |   212 | 42106 |  69.4 |   151M |  25 |1208 |7012 |4861 | 934 |  1 |4238 |3924 | 8.329327e-01 | 8.948036e-01 |   7.43%|   7.46%
 52.8s|   700 |   250 | 48552 |  68.7 |   155M |  25 |1208 |7084 |4860 |1237 |  1 |4520 |4103 | 8.329337e-01 | 8.948036e-01 |   7.43%|   7.90%
 57.9s|   800 |   282 | 54314 |  67.3 |   159M |  25 |1208 |7209 |4853 |1422 |  7 |4863 |4280 | 8.329339e-01 | 8.948036e-01 |   7.43%|   8.76%
 time | node  | left  |LP iter|LP it/n|mem/heur|mdpt |vars |cons |rows |cuts |sepa|confs|strbr|  dualbound   | primalbound  |  gap   | compl. 
 61.9s|   900 |   319 | 58321 |  64.3 |   166M |  25 |1208 |7143 |4855 |1568 |  1 |5131 |4381 | 8.329339e-01 | 8.948036e-01 |   7.43%|  10.47%
 67.7s|  1000 |   390 | 65635 |  65.2 |   184M |  25 |1208 |6899 |4846 |1781 |  1 |5315 |4453 | 8.329361e-01 | 8.948036e-01 |   7.43%|  12.51%
 73.9s|  1100 |   445 | 73174 |  66.1 |   193M |  25 |1208 |6895 |4846 |2099 |  1 |5704 |4585 | 8.329413e-01 | 8.948036e-01 |   7.43%|  14.83%
 78.7s|  1200 |   520 | 82354 |  68.3 |   194M |  25 |1208 |6811 |4861 |2294 |  2 |6060 |4669 | 8.329429e-01 | 8.948036e-01 |   7.43%|  16.25%
 87.7s|  1300 |   588 | 93949 |  71.9 |   201M |  25 |1208 |6895 |4861 |2737 |  1 |6556 |4850 | 8.329494e-01 | 8.948036e-01 |   7.43%|  17.70%
 90.5s|  1400 |   647 |101876 |  72.4 |   203M |  25 |1208 |6998 |4857 |2878 |  0 |6927 |4991 | 8.329593e-01 | 8.948036e-01 |   7.42%|  18.06%
 97.5s|  1500 |   699 |112057 |  74.4 |   206M |  25 |1208 |7193 |   0 |3195 |  0 |7488 |5096 | 8.329644e-01 | 8.948036e-01 |   7.42%|  19.09%
  101s|  1600 |   761 |118449 |  73.8 |   207M |  25 |1208 |7140 |4870 |3326 |  4 |7873 |5172 | 8.329657e-01 | 8.948036e-01 |   7.42%|  20.75%
  103s|  1700 |   811 |124488 |  73.0 |   208M |  25 |1208 |7429 |   0 |3438 |  0 |8386 |5370 | 8.329657e-01 | 8.948036e-01 |   7.42%|  20.96%
  108s|  1800 |   855 |131424 |  72.8 |   209M |  25 |1208 |7487 |4859 |3653 |  1 |8837 |5433 | 8.329660e-01 | 8.948036e-01 |   7.42%|  22.15%
  113s|  1900 |   910 |137799 |  72.3 |   212M |  25 |1208 |7662 |   0 |3824 |  0 |9346 |5495 | 8.329662e-01 | 8.948036e-01 |   7.42%|  23.23%
  117s|  2000 |   959 |143332 |  71.4 |   216M |  25 |1208 |7625 |4851 |3990 |  1 |9696 |5561 | 8.329662e-01 | 8.948036e-01 |   7.42%|  23.71%
  123s|  2100 |  1011 |151802 |  72.1 |   217M |  25 |1208 |7614 |4862 |4241 |  1 |  10k|5721 | 8.329683e-01 | 8.948036e-01 |   7.42%|  24.58%
  130s|  2200 |  1067 |162434 |  73.6 |   221M |  25 |1208 |7504 |4854 |4502 |  2 |  10k|5825 | 8.329799e-01 | 8.948036e-01 |   7.42%|  25.39%
  134s|  2300 |  1106 |168266 |  73.0 |   226M |  25 |1208 |7715 |4861 |4619 |  1 |  11k|5954 | 8.329838e-01 | 8.948036e-01 |   7.42%|  26.45%
 time | node  | left  |LP iter|LP it/n|mem/heur|mdpt |vars |cons |rows |cuts |sepa|confs|strbr|  dualbound   | primalbound  |  gap   | compl. 
  141s|  2400 |  1162 |177498 |  73.8 |   228M |  25 |1208 |7807 |4858 |4893 |  1 |  11k|6091 | 8.329838e-01 | 8.948036e-01 |   7.42%|  26.89%
  149s|  2500 |  1209 |188249 |  75.1 |   234M |  25 |1208 |7889 |4853 |5260 |  1 |  12k|6280 | 8.330083e-01 | 8.948036e-01 |   7.42%|  27.54%
  152s|  2600 |  1223 |194090 |  74.5 |   235M |  25 |1208 |8035 |4860 |5374 |  1 |  12k|6394 | 8.330222e-01 | 8.948036e-01 |   7.42%|  28.20%
  154s|  2700 |  1256 |198601 |  73.4 |   236M |  25 |1208 |8215 |4854 |5441 |  1 |  13k|6504 | 8.330222e-01 | 8.948036e-01 |   7.42%|  28.89%
  160s|  2800 |  1302 |205307 |  73.2 |   237M |  25 |1208 |8204 |4852 |5630 |  1 |  13k|6582 | 8.330270e-01 | 8.948036e-01 |   7.42%|  29.40%
  167s|  2900 |  1355 |213999 |  73.6 |   251M |  25 |1208 |8088 |4871 |5840 |  6 |  13k|6663 | 8.330527e-01 | 8.948036e-01 |   7.41%|  30.03%
  173s|  3000 |  1376 |224153 |  74.6 |   252M |  25 |1208 |8101 |4855 |6044 |  1 |  14k|6806 | 8.330720e-01 | 8.948036e-01 |   7.41%|  30.65%
  174s|  3100 |  1401 |227597 |  73.3 |   253M |  25 |1208 |8307 |4854 |6068 |  1 |  14k|6919 | 8.330937e-01 | 8.948036e-01 |   7.41%|  31.13%
  177s|  3200 |  1440 |233805 |  72.9 |   253M |  25 |1208 |8253 |4854 |6191 |  1 |  15k|7043 | 8.330998e-01 | 8.948036e-01 |   7.41%|  31.88%
  181s|  3300 |  1445 |238663 |  72.2 |   254M |  25 |1208 |8293 |4860 |6376 |  1 |  15k|7135 | 8.331149e-01 | 8.948036e-01 |   7.40%|  32.36%
  184s|  3400 |  1459 |243412 |  71.5 |   255M |  25 |1208 |8361 |4852 |6546 |  3 |  15k|7225 | 8.331561e-01 | 8.948036e-01 |   7.40%|  33.43%
  190s|  3500 |  1480 |249717 |  71.2 |   257M |  25 |1208 |8519 |4856 |6779 |  1 |  16k|7356 | 8.331561e-01 | 8.948036e-01 |   7.40%|  33.63%
  193s|  3600 |  1516 |254446 |  70.6 |   257M |  27 |1208 |8577 |4871 |6918 |  6 |  16k|7403 | 8.331819e-01 | 8.948036e-01 |   7.40%|  34.28%
  197s|  3700 |  1547 |260795 |  70.4 |   264M |  27 |1208 |8522 |4863 |7094 |  1 |  16k|7517 | 8.331994e-01 | 8.948036e-01 |   7.39%|  34.92%
  201s|  3800 |  1582 |266934 |  70.1 |   266M |  27 |1208 |8478 |   0 |7273 |  0 |  16k|7608 | 8.332272e-01 | 8.948036e-01 |   7.39%|  35.46%
 time | node  | left  |LP iter|LP it/n|mem/heur|mdpt |vars |cons |rows |cuts |sepa|confs|strbr|  dualbound   | primalbound  |  gap   | compl. 
  206s|  3900 |  1610 |273305 |  70.0 |   270M |  27 |1208 |8348 |4855 |7452 |  2 |  17k|7655 | 8.332410e-01 | 8.948036e-01 |   7.39%|  35.77%
  207s|  4000 |  1615 |276395 |  69.0 |   271M |  27 |1208 |8405 |   0 |7479 |  0 |  17k|7693 | 8.332533e-01 | 8.948036e-01 |   7.39%|  37.03%
  212s|  4100 |  1623 |281355 |  68.5 |   271M |  27 |1208 |8455 |4862 |7681 |  0 |  17k|7736 | 8.332841e-01 | 8.948036e-01 |   7.38%|  37.59%
  215s|  4200 |  1649 |287036 |  68.2 |   272M |  27 |1208 |8434 |4860 |7848 |  1 |  17k|7780 | 8.333141e-01 | 8.948036e-01 |   7.38%|  39.00%
  217s|  4300 |  1667 |291044 |  67.6 |   272M |  27 |1208 |8580 |4858 |7936 |  1 |  18k|7821 | 8.333245e-01 | 8.948036e-01 |   7.38%|  39.64%
  219s|  4400 |  1678 |296778 |  67.3 |   273M |  27 |1208 |8669 |4858 |8053 |  1 |  18k|7897 | 8.333325e-01 | 8.948036e-01 |   7.38%|  40.82%
  221s|  4500 |  1693 |299846 |  66.5 |   273M |  27 |1208 |8800 |4857 |8104 |  1 |  18k|7938 | 8.333482e-01 | 8.948036e-01 |   7.37%|  41.75%
  223s|  4600 |  1713 |303408 |  65.9 |   274M |  27 |1208 |8756 |4851 |8155 |  1 |  19k|7970 | 8.333615e-01 | 8.948036e-01 |   7.37%|  42.51%
  226s|  4700 |  1754 |308977 |  65.6 |   275M |  27 |1208 |8762 |4863 |8334 |  1 |  19k|8009 | 8.333715e-01 | 8.948036e-01 |   7.37%|  43.04%
  227s|  4800 |  1771 |311219 |  64.7 |   275M |  27 |1208 |8910 |4859 |8370 |  1 |  19k|8036 | 8.333746e-01 | 8.948036e-01 |   7.37%|  43.64%
  228s|  4900 |  1788 |313644 |  63.9 |   275M |  27 |1208 |8983 |4856 |8396 |  1 |  19k|8057 | 8.333746e-01 | 8.948036e-01 |   7.37%|  43.72%
  230s|  5000 |  1830 |317647 |  63.4 |   276M |  27 |1208 |9017 |   0 |8447 |  0 |  20k|8105 | 8.333999e-01 | 8.948036e-01 |   7.37%|  43.79%
  232s|  5100 |  1876 |321682 |  63.0 |   276M |  27 |1208 |8992 |4855 |8577 |  1 |  20k|8141 | 8.334084e-01 | 8.948036e-01 |   7.37%|  43.84%
  234s|  5200 |  1903 |325045 |  62.4 |   276M |  27 |1208 |9034 |4860 |8689 |  1 |  20k|8185 | 8.334129e-01 | 8.948036e-01 |   7.37%|  43.92%
  236s|  5300 |  1896 |328037 |  61.8 |   277M |  27 |1208 |9060 |4850 |8740 |  1 |  20k|8247 | 8.334228e-01 | 8.948036e-01 |   7.36%|  44.28%
 time | node  | left  |LP iter|LP it/n|mem/heur|mdpt |vars |cons |rows |cuts |sepa|confs|strbr|  dualbound   | primalbound  |  gap   | compl. 
  238s|  5400 |  1901 |332309 |  61.5 |   278M |  27 |1208 |9215 |4875 |8864 |  9 |  21k|8278 | 8.334271e-01 | 8.948036e-01 |   7.36%|  44.81%
  241s|  5500 |  1924 |337266 |  61.2 |   279M |  27 |1208 |9274 |   0 |8984 |  0 |  21k|8302 | 8.334376e-01 | 8.948036e-01 |   7.36%|  44.94%
  242s|  5600 |  1955 |340157 |  60.7 |   279M |  27 |1208 |9290 |4860 |9017 |  1 |  21k|8313 | 8.334726e-01 | 8.948036e-01 |   7.36%|  45.89%
  244s|  5700 |  1961 |342730 |  60.0 |   280M |  27 |1208 |9341 |4855 |9078 |  1 |  21k|8334 | 8.334831e-01 | 8.948036e-01 |   7.36%|  46.12%
  246s|  5800 |  1985 |346011 |  59.6 |   281M |  27 |1208 |9399 |4857 |9160 |  1 |  22k|8383 | 8.335100e-01 | 8.948036e-01 |   7.35%|  46.29%
  250s|  5900 |  1976 |351704 |  59.5 |   281M |  27 |1208 |9391 |   0 |9313 |  0 |  22k|8449 | 8.335106e-01 | 8.948036e-01 |   7.35%|  48.41%
  251s|  6000 |  1992 |355391 |  59.2 |   282M |  27 |1208 |9438 |   0 |9340 |  0 |  22k|8506 | 8.335106e-01 | 8.948036e-01 |   7.35%|  48.56%
  254s|  6100 |  1990 |360857 |  59.1 |   283M |  27 |1208 |9433 |4854 |9485 |  1 |  23k|8527 | 8.335408e-01 | 8.948036e-01 |   7.35%|  49.37%
  255s|  6200 |  1990 |363590 |  58.6 |   284M |  27 |1208 |9573 |4866 |9498 |  3 |  23k|8564 | 8.335600e-01 | 8.948036e-01 |   7.35%|  49.53%
  256s|  6300 |  2007 |366389 |  58.1 |   284M |  27 |1208 |9463 |4851 |9556 |  1 |  23k|8574 | 8.335617e-01 | 8.948036e-01 |   7.35%|  49.77%
  257s|  6400 |  2019 |369000 |  57.6 |   285M |  27 |1208 |9452 |4851 |9595 |  1 |  23k|8617 | 8.335796e-01 | 8.948036e-01 |   7.34%|  50.27%
  258s|  6500 |  2005 |371318 |  57.1 |   285M |  27 |1208 |9565 |   0 |9609 |  0 |  24k|8655 | 8.335883e-01 | 8.948036e-01 |   7.34%|  50.76%
  260s|  6600 |  2005 |373963 |  56.6 |   285M |  27 |1208 |9692 |4860 |9644 |  1 |  24k|8672 | 8.336023e-01 | 8.948036e-01 |   7.34%|  51.24%
  261s|  6700 |  2008 |377454 |  56.3 |   286M |  27 |1208 |9779 |4858 |9699 |  1 |  24k|8721 | 8.336174e-01 | 8.948036e-01 |   7.34%|  51.80%
  262s|  6800 |  2021 |379856 |  55.8 |   287M |  27 |1208 |9959 |4856 |9732 |  2 |  25k|8766 | 8.336300e-01 | 8.948036e-01 |   7.34%|  51.92%
 time | node  | left  |LP iter|LP it/n|mem/heur|mdpt |vars |cons |rows |cuts |sepa|confs|strbr|  dualbound   | primalbound  |  gap   | compl. 
  263s|  6900 |  2013 |382473 |  55.4 |   288M |  27 |1208 |  10k|4855 |9745 |  2 |  25k|8802 | 8.336516e-01 | 8.948036e-01 |   7.34%|  52.61%
  264s|  7000 |  2022 |385926 |  55.1 |   290M |  27 |1208 |  10k|4863 |9785 |  1 |  25k|8843 | 8.336988e-01 | 8.948036e-01 |   7.33%|  52.71%
  265s|  7100 |  2038 |388663 |  54.7 |   291M |  27 |1208 |  10k|4858 |9826 |  1 |  26k|8855 | 8.337047e-01 | 8.948036e-01 |   7.33%|  52.78%
  266s|  7200 |  2034 |390878 |  54.2 |   291M |  27 |1208 |  10k|4856 |9828 |  0 |  26k|8870 | 8.337197e-01 | 8.948036e-01 |   7.33%|  53.26%
  266s|  7300 |  2021 |392808 |  53.7 |   292M |  27 |1208 |  10k|4868 |9839 |  1 |  26k|8876 | 8.337527e-01 | 8.948036e-01 |   7.32%|  54.40%
  267s|  7400 |  2021 |395345 |  53.4 |   292M |  27 |1208 |  10k|   0 |9852 |  0 |  26k|8894 | 8.337552e-01 | 8.948036e-01 |   7.32%|  54.78%
  268s|  7500 |  2018 |398009 |  53.0 |   292M |  27 |1208 |  10k|4858 |9871 |  2 |  27k|8918 | 8.337614e-01 | 8.948036e-01 |   7.32%|  54.87%
  269s|  7600 |  2010 |400875 |  52.7 |   293M |  27 |1208 |  10k|4857 |9887 |  1 |  27k|8995 | 8.337992e-01 | 8.948036e-01 |   7.32%|  55.06%
  269s|  7700 |  2020 |402395 |  52.2 |   293M |  33 |1208 |  10k|   0 |9901 |  0 |  27k|9046 | 8.338101e-01 | 8.948036e-01 |   7.32%|  55.08%
  272s|  7800 |  2007 |407001 |  52.1 |   294M |  33 |1208 |  10k|4867 |9975 |  1 |  28k|9095 | 8.338214e-01 | 8.948036e-01 |   7.31%|  55.60%
  273s|  7900 |  1985 |409530 |  51.8 |   294M |  33 |1208 |  10k|   0 |  10k|  0 |  28k|9116 | 8.338214e-01 | 8.948036e-01 |   7.31%|  55.98%
  274s|  8000 |  1956 |412377 |  51.5 |   294M |  33 |1208 |  10k|   0 |  10k|  0 |  28k|9180 | 8.338275e-01 | 8.948036e-01 |   7.31%|  56.56%
  275s|  8100 |  1924 |415687 |  51.3 |   295M |  33 |1208 |  10k|4853 |  10k|  1 |  29k|9236 | 8.338745e-01 | 8.948036e-01 |   7.31%|  57.00%
  276s|  8200 |  1912 |418396 |  51.0 |   299M |  33 |1208 |  10k|4853 |  10k|  1 |  29k|9276 | 8.338857e-01 | 8.948036e-01 |   7.31%|  57.40%
  277s|  8300 |  1898 |421819 |  50.8 |   299M |  33 |1208 |  10k|   0 |  10k|  0 |  29k|9293 | 8.339147e-01 | 8.948036e-01 |   7.30%|  57.60%
 time | node  | left  |LP iter|LP it/n|mem/heur|mdpt |vars |cons |rows |cuts |sepa|confs|strbr|  dualbound   | primalbound  |  gap   | compl. 
  280s|  8400 |  1892 |425461 |  50.6 |   299M |  33 |1208 |  10k|   0 |  10k|  0 |  30k|9385 | 8.339162e-01 | 8.948036e-01 |   7.30%|  58.13%
  281s|  8500 |  1876 |428889 |  50.4 |   300M |  33 |1208 |  10k|   0 |  10k|  0 |  30k|9422 | 8.339355e-01 | 8.948036e-01 |   7.30%|  59.26%
  282s|  8600 |  1854 |430970 |  50.1 |   300M |  33 |1208 |  11k|4856 |  10k|  0 |  31k|9467 | 8.339377e-01 | 8.948036e-01 |   7.30%|  59.39%
  283s|  8700 |  1853 |433058 |  49.7 |   300M |  33 |1208 |  11k|   0 |  10k|  0 |  31k|9491 | 8.339479e-01 | 8.948036e-01 |   7.30%|  59.93%
  283s|  8800 |  1850 |435152 |  49.4 |   301M |  33 |1208 |  11k|4859 |  10k|  1 |  31k|9529 | 8.339608e-01 | 8.948036e-01 |   7.30%|  59.97%
  284s|  8900 |  1844 |437858 |  49.1 |   301M |  33 |1208 |  11k|4856 |  10k|  1 |  32k|9594 | 8.339632e-01 | 8.948036e-01 |   7.30%|  60.06%
  285s|  9000 |  1812 |440268 |  48.9 |   302M |  33 |1208 |  11k|4851 |  10k|  1 |  32k|9624 | 8.339871e-01 | 8.948036e-01 |   7.29%|  60.26%
  286s|  9100 |  1793 |442716 |  48.6 |   302M |  33 |1208 |  11k|4867 |  10k|  1 |  32k|9668 | 8.340027e-01 | 8.948036e-01 |   7.29%|  60.84%
  287s|  9200 |  1782 |445503 |  48.4 |   302M |  33 |1208 |  11k|4852 |  10k|  0 |  33k|9681 | 8.340053e-01 | 8.948036e-01 |   7.29%|  60.98%
  289s|  9300 |  1769 |450089 |  48.3 |   303M |  33 |1208 |  11k|4859 |  10k|  1 |  33k|9766 | 8.340465e-01 | 8.948036e-01 |   7.28%|  61.21%
  291s|  9400 |  1752 |452932 |  48.1 |   303M |  33 |1208 |  11k|4854 |  10k|  3 |  33k|9802 | 8.340600e-01 | 8.948036e-01 |   7.28%|  61.36%
  291s|  9500 |  1750 |455080 |  47.9 |   303M |  33 |1208 |  11k|4861 |  10k|  1 |  33k|9829 | 8.340636e-01 | 8.948036e-01 |   7.28%|  61.48%
  292s|  9600 |  1737 |458266 |  47.7 |   303M |  33 |1208 |  11k|   0 |  10k|  0 |  34k|9902 | 8.341060e-01 | 8.948036e-01 |   7.28%|  62.12%
  293s|  9700 |  1704 |460043 |  47.4 |   304M |  33 |1208 |  11k|4851 |  10k|  1 |  34k|9919 | 8.341302e-01 | 8.948036e-01 |   7.27%|  62.37%
  294s|  9800 |  1699 |463112 |  47.2 |   304M |  33 |1208 |  11k|   0 |  10k|  0 |  35k|9961 | 8.341476e-01 | 8.948036e-01 |   7.27%|  62.50%
 time | node  | left  |LP iter|LP it/n|mem/heur|mdpt |vars |cons |rows |cuts |sepa|confs|strbr|  dualbound   | primalbound  |  gap   | compl. 
  294s|  9900 |  1669 |465994 |  47.0 |   304M |  33 |1208 |  10k|4862 |  10k|  0 |  35k|  10k| 8.341641e-01 | 8.948036e-01 |   7.27%|  63.10%
  295s| 10000 |  1649 |469408 |  46.9 |   304M |  33 |1208 |  11k|4855 |  10k|  3 |  35k|  10k| 8.341775e-01 | 8.948036e-01 |   7.27%|  63.65%
  297s| 10100 |  1637 |472144 |  46.7 |   304M |  33 |1208 |  11k|4868 |  10k|  1 |  36k|  10k| 8.341775e-01 | 8.948036e-01 |   7.27%|  63.80%
  297s| 10200 |  1608 |473961 |  46.4 |   304M |  33 |1208 |  11k|4855 |  10k|  1 |  36k|  10k| 8.342009e-01 | 8.948036e-01 |   7.26%|  64.15%
  299s| 10300 |  1581 |476589 |  46.2 |   305M |  33 |1208 |  11k|   0 |  10k|  0 |  36k|  10k| 8.342149e-01 | 8.948036e-01 |   7.26%|  64.23%
  299s| 10400 |  1552 |478358 |  46.0 |   305M |  33 |1208 |  11k|4858 |  10k|  1 |  37k|  10k| 8.342356e-01 | 8.948036e-01 |   7.26%|  64.50%
  300s| 10500 |  1532 |480457 |  45.7 |   305M |  33 |1208 |  11k|4870 |  10k|  1 |  37k|  10k| 8.342690e-01 | 8.948036e-01 |   7.26%|  64.60%
  301s| 10600 |  1518 |483734 |  45.6 |   305M |  33 |1208 |  11k|4855 |  10k|  1 |  37k|  10k| 8.343045e-01 | 8.948036e-01 |   7.25%|  65.50%
  302s| 10700 |  1514 |485419 |  45.3 |   305M |  33 |1208 |  11k|4856 |  10k|  1 |  37k|  10k| 8.343222e-01 | 8.948036e-01 |   7.25%|  66.25%
  303s| 10800 |  1481 |487079 |  45.1 |   305M |  33 |1208 |  11k|   0 |  10k|  0 |  38k|  10k| 8.343405e-01 | 8.948036e-01 |   7.25%|  66.92%
  304s| 10900 |  1472 |489625 |  44.9 |   305M |  33 |1208 |  11k|4866 |  10k|  1 |  38k|  10k| 8.343932e-01 | 8.948036e-01 |   7.24%|  67.05%
  305s| 11000 |  1449 |492388 |  44.7 |   305M |  33 |1208 |  11k|4863 |  10k|  1 |  38k|  10k| 8.344336e-01 | 8.948036e-01 |   7.23%|  67.31%
  306s| 11100 |  1446 |494576 |  44.5 |   306M |  33 |1208 |  11k|   0 |  10k|  0 |  39k|  10k| 8.344462e-01 | 8.948036e-01 |   7.23%|  67.44%
  307s| 11200 |  1433 |496273 |  44.3 |   306M |  33 |1208 |  11k|4860 |  10k|  0 |  39k|  10k| 8.344639e-01 | 8.948036e-01 |   7.23%|  67.71%
  309s| 11300 |  1425 |499345 |  44.1 |   306M |  33 |1208 |  11k|4857 |  10k|  1 |  39k|  10k| 8.344658e-01 | 8.948036e-01 |   7.23%|  67.86%
 time | node  | left  |LP iter|LP it/n|mem/heur|mdpt |vars |cons |rows |cuts |sepa|confs|strbr|  dualbound   | primalbound  |  gap   | compl. 
  309s| 11400 |  1393 |501390 |  43.9 |   306M |  33 |1208 |  11k|4857 |  10k|  1 |  40k|  10k| 8.344792e-01 | 8.948036e-01 |   7.23%|  68.06%
  310s| 11500 |  1356 |504261 |  43.8 |   307M |  33 |1208 |  11k|4853 |  10k|  2 |  40k|  10k| 8.345584e-01 | 8.948036e-01 |   7.22%|  68.89%
  311s| 11600 |  1324 |506250 |  43.6 |   307M |  33 |1208 |  11k|4861 |  10k|  1 |  40k|  10k| 8.346105e-01 | 8.948036e-01 |   7.21%|  69.77%
  312s| 11700 |  1308 |508395 |  43.4 |   307M |  33 |1208 |  11k|   0 |  10k|  0 |  41k|  10k| 8.346547e-01 | 8.948036e-01 |   7.21%|  70.60%
  313s| 11800 |  1268 |511520 |  43.3 |   307M |  33 |1208 |  12k|4852 |  10k|  1 |  41k|  11k| 8.347509e-01 | 8.948036e-01 |   7.19%|  70.76%
  313s| 11900 |  1251 |514390 |  43.2 |   307M |  33 |1208 |  12k|4857 |  10k|  1 |  42k|  11k| 8.347917e-01 | 8.948036e-01 |   7.19%|  71.28%
  314s| 12000 |  1229 |516277 |  43.0 |   307M |  33 |1208 |  12k|4855 |  10k|  5 |  42k|  11k| 8.348401e-01 | 8.948036e-01 |   7.18%|  71.48%
  315s| 12100 |  1200 |518439 |  42.8 |   308M |  33 |1208 |  12k|   0 |  10k|  0 |  42k|  11k| 8.349025e-01 | 8.948036e-01 |   7.17%|  72.04%
  315s| 12200 |  1182 |520975 |  42.7 |   308M |  33 |1208 |  12k|   0 |  10k|  0 |  43k|  11k| 8.349331e-01 | 8.948036e-01 |   7.17%|  72.15%
  316s| 12300 |  1162 |523064 |  42.5 |   308M |  33 |1208 |  12k|4863 |  10k|  1 |  43k|  11k| 8.349966e-01 | 8.948036e-01 |   7.16%|  72.57%
  317s| 12400 |  1115 |525881 |  42.4 |   308M |  33 |1208 |  12k|4860 |  10k|  0 |  44k|  11k| 8.350179e-01 | 8.948036e-01 |   7.16%|  72.78%
  317s| 12500 |  1084 |527954 |  42.2 |   308M |  33 |1208 |  12k|   0 |  10k|  0 |  44k|  11k| 8.350805e-01 | 8.948036e-01 |   7.15%|  73.22%
  318s| 12600 |  1033 |529765 |  42.0 |   309M |  33 |1208 |  10k|   0 |  10k|  0 |  44k|  11k| 8.351639e-01 | 8.948036e-01 |   7.14%|  73.55%
  319s| 12700 |  1022 |532105 |  41.9 |   309M |  33 |1208 |9723 |   0 |  10k|  0 |  45k|  11k| 8.352104e-01 | 8.948036e-01 |   7.14%|  73.78%
  320s| 12800 |   976 |534528 |  41.7 |   309M |  33 |1208 |9515 |   0 |  10k|  0 |  45k|  11k| 8.352248e-01 | 8.948036e-01 |   7.13%|  73.96%
 time | node  | left  |LP iter|LP it/n|mem/heur|mdpt |vars |cons |rows |cuts |sepa|confs|strbr|  dualbound   | primalbound  |  gap   | compl. 
  321s| 12900 |   955 |537597 |  41.6 |   310M |  33 |1208 |9423 |4860 |  10k|  2 |  46k|  11k| 8.353268e-01 | 8.948036e-01 |   7.12%|  74.29%
  322s| 13000 |   894 |539522 |  41.5 |   310M |  33 |1208 |9398 |   0 |  10k|  0 |  46k|  11k| 8.353902e-01 | 8.948036e-01 |   7.11%|  75.38%
* 323s| 13073 |   878 |542070 |  41.4 |strongbr|  33 |1208 |9223 |4858 |  10k|  1 |  46k|  11k| 8.354587e-01 | 8.884242e-01 |   6.34%|  76.34%
  323s| 13100 |   880 |542636 |  41.4 |   310M |  33 |1208 |9251 |4860 |  10k|  2 |  46k|  11k| 8.355518e-01 | 8.884242e-01 |   6.33%|  76.40%
* 324s| 13161 |   844 |543719 |  41.3 |strongbr|  33 |1208 |9281 |4862 |  10k|  2 |  47k|  11k| 8.356376e-01 | 8.871276e-01 |   6.16%|  77.29%
* 324s| 13165 |   848 |543759 |  41.3 |    LP  |  33 |1208 |9280 |4860 |  10k|  2 |  47k|  11k| 8.356376e-01 | 8.870843e-01 |   6.16%|  77.29%
  324s| 13200 |   838 |544118 |  41.2 |   310M |  33 |1208 |9329 |   0 |  10k|  0 |  47k|  11k| 8.356445e-01 | 8.870843e-01 |   6.16%|  77.54%
  324s| 13300 |   825 |545583 |  41.0 |   310M |  33 |1208 |9412 |   0 |  10k|  0 |  47k|  11k| 8.358045e-01 | 8.870843e-01 |   6.14%|  78.09%
  326s| 13400 |   812 |550097 |  41.0 |   311M |  33 |1208 |9591 |4870 |  10k|  1 |  47k|  11k| 8.359913e-01 | 8.870843e-01 |   6.11%|  78.92%
  326s| 13500 |   782 |551715 |  40.8 |   311M |  33 |1208 |9688 |   0 |  10k|  0 |  48k|  11k| 8.360708e-01 | 8.870843e-01 |   6.10%|  79.65%
  327s| 13600 |   749 |553993 |  40.7 |   311M |  33 |1208 |9755 |   0 |  11k|  0 |  48k|  11k| 8.361551e-01 | 8.870843e-01 |   6.09%|  80.67%
  328s| 13700 |   708 |556163 |  40.6 |   311M |  33 |1208 |9593 |4858 |  11k|  0 |  49k|  11k| 8.361915e-01 | 8.870843e-01 |   6.09%|  81.86%
  329s| 13800 |   694 |559135 |  40.5 |   311M |  33 |1208 |9765 |4864 |  11k|  0 |  49k|  12k| 8.361915e-01 | 8.870843e-01 |   6.09%|  82.54%
  329s| 13900 |   660 |561418 |  40.4 |   311M |  33 |1208 |9875 |   0 |  11k|  0 |  49k|  12k| 8.361972e-01 | 8.870843e-01 |   6.09%|  83.58%
  330s| 14000 |   613 |564203 |  40.3 |   311M |  33 |1208 |9884 |4861 |  11k|  1 |  50k|  12k| 8.367213e-01 | 8.870843e-01 |   6.02%|  85.06%
 time | node  | left  |LP iter|LP it/n|mem/heur|mdpt |vars |cons |rows |cuts |sepa|confs|strbr|  dualbound   | primalbound  |  gap   | compl. 
  330s| 14100 |   552 |565679 |  40.1 |   311M |  33 |1208 |  10k|4862 |  11k|  1 |  50k|  12k| 8.368148e-01 | 8.870843e-01 |   6.01%|  86.57%
  332s| 14200 |   533 |568481 |  40.0 |   311M |  33 |1208 |  10k|4863 |  11k|  1 |  50k|  12k| 8.368475e-01 | 8.870843e-01 |   6.00%|  87.26%
  333s| 14300 |   506 |570930 |  39.9 |   312M |  33 |1208 |  10k|4863 |  11k|  2 |  51k|  12k| 8.369226e-01 | 8.870843e-01 |   5.99%|  88.12%
  334s| 14400 |   457 |573333 |  39.8 |   312M |  33 |1208 |  10k|4860 |  11k|  1 |  51k|  12k| 8.373128e-01 | 8.870843e-01 |   5.94%|  89.46%
  334s| 14500 |   415 |575685 |  39.7 |   312M |  33 |1208 |  10k|4862 |  11k|  1 |  51k|  12k| 8.378480e-01 | 8.870843e-01 |   5.88%|  90.50%
  335s| 14600 |   392 |577187 |  39.5 |   312M |  33 |1208 |  10k|   0 |  11k|  0 |  52k|  12k| 8.379995e-01 | 8.870843e-01 |   5.86%|  91.11%
  335s| 14700 |   358 |579651 |  39.4 |   312M |  33 |1208 |  10k|4858 |  11k|  1 |  52k|  12k| 8.384443e-01 | 8.870843e-01 |   5.80%|  92.06%
  336s| 14800 |   326 |581365 |  39.2 |   312M |  33 |1208 |  10k|   0 |  11k|  0 |  52k|  12k| 8.386959e-01 | 8.870843e-01 |   5.77%|  92.73%
  336s| 14900 |   314 |583419 |  39.1 |   312M |  33 |1208 |  10k|4858 |  11k|  2 |  53k|  12k| 8.388277e-01 | 8.870843e-01 |   5.75%|  93.28%
  337s| 15000 |   297 |585914 |  39.0 |   312M |  33 |1208 |  11k|4860 |  11k|  1 |  53k|  12k| 8.388946e-01 | 8.870843e-01 |   5.74%|  93.73%
  338s| 15100 |   256 |588077 |  38.9 |   312M |  33 |1208 |  11k|4863 |  11k|  1 |  53k|  12k| 8.390584e-01 | 8.870843e-01 |   5.72%|  94.38%
  338s| 15200 |   235 |589580 |  38.8 |   312M |  33 |1208 |  11k|4860 |  11k|  1 |  54k|  12k| 8.393573e-01 | 8.870843e-01 |   5.69%|  94.93%
  339s| 15300 |   195 |592088 |  38.7 |   312M |  33 |1208 |  11k|4860 |  11k|  1 |  54k|  12k| 8.396709e-01 | 8.870843e-01 |   5.65%|  95.84%
  340s| 15400 |   145 |595058 |  38.6 |   312M |  33 |1208 |  11k|4866 |  11k|  1 |  54k|  12k| 8.399584e-01 | 8.870843e-01 |   5.61%|  96.90%
  340s| 15500 |   102 |598122 |  38.6 |   312M |  33 |1208 |  11k|4856 |  11k|  1 |  55k|  12k| 8.403332e-01 | 8.870843e-01 |   5.56%|  97.88%
 time | node  | left  |LP iter|LP it/n|mem/heur|mdpt |vars |cons |rows |cuts |sepa|confs|strbr|  dualbound   | primalbound  |  gap   | compl. 
  341s| 15600 |    81 |600463 |  38.5 |   312M |  33 |1208 |  11k|   0 |  11k|  0 |  55k|  12k| 8.405026e-01 | 8.870843e-01 |   5.54%|  98.31%
  341s| 15700 |    75 |601747 |  38.3 |   312M |  33 |1208 |  11k|   0 |  11k|  0 |  55k|  12k| 8.410287e-01 | 8.870843e-01 |   5.48%|  98.53%
  342s| 15800 |    39 |604512 |  38.2 |   311M |  33 |1208 |  11k|4864 |  11k|  1 |  56k|  12k| 8.422357e-01 | 8.870843e-01 |   5.32%|  99.21%
  342s| 15900 |    38 |605602 |  38.1 |   311M |  33 |1208 |  11k|   0 |  11k|  0 |  56k|  12k| 8.431511e-01 | 8.870843e-01 |   5.21%|  99.36%

SCIP Status        : problem is solved [optimal solution found]
Solving Time (sec) : 342.46
Solving Nodes      : 15977
Primal Bound       : +8.87084292407894e-01 (19 solutions)
Dual Bound         : +8.87084292407894e-01
Gap                : 0.00 %
objective value:                    0.887084292407894
x_('12_1', '13_1')                                  1 	(obj:0.00150236443883985)
x_('11_6', '12_1')                                  1 	(obj:0.0013078893442623)
x_('10_6', '11_6')                                  1 	(obj:0.00127613370236321)
x_('9_16', '10_6')                  0.999999999999999 	(obj:0.00215043911007026)
x_('8_12', '9_16')                  0.999999999999999 	(obj:0.00195654436638043)
x_('7_18', '8_12')                  0.999999999999999 	(obj:0.00197577576112412)
x_('6_20', '7_18')                                  1 	(obj:0.00484693877551021)
x_('5_17', '6_20')                                  1 	(obj:0.00339334504293521)
x_('4_16', '5_17')                                  1 	(obj:0.00375)
x_('3_14', '4_16')                                  1 	(obj:0.00288956381733021)
x_('2_12', '3_14')                                  1 	(obj:0.00772179937548791)
x_('1_10', '2_12')                                  1 	(obj:0.00928717798594849)
x_('0_1', '1_10')                                   1 	(obj:0.00178571428571429)
y_0_0                                               1 	(obj:0)
y_1_0                                               1 	(obj:0)
y_2_0                                               1 	(obj:0)
y_3_1                                               1 	(obj:0)
y_4_1                                               1 	(obj:0)
y_5_1                                               1 	(obj:0)
y_6_1                                               1 	(obj:0)
y_7_2                                               1 	(obj:0)
y_8_2                                               1 	(obj:0)
y_9_2                                               1 	(obj:0)
y_10_3                                              1 	(obj:0)
y_11_3                                              1 	(obj:0)
y_12_3                                              1 	(obj:0)
z_('3268741', '3425762')_3                          1 	(obj:0)
z_('3268741', '1966592X')_3                         1 	(obj:0)
z_('1966592X', '3452192')_2                         1 	(obj:0)
z_('3452192', '1353870')_0                          1 	(obj:0)
z_('3452192', '3520162')_0                          1 	(obj:0)
z_('3520162', '3307092')_1                          1 	(obj:0)
z_('3520162', '3524054')_0                          1 	(obj:0)
z_('3268740', '3524054')_1                          1 	(obj:0)
z_('3524054', '3179975')_1                          1 	(obj:0)
z_('3179975', '3422998')_1                          1 	(obj:0)
z_('3422998', '2495223X')_2                         1 	(obj:0)
z_('3422998', '1353870_01')_2       0.999999999999999 	(obj:0)
z_('2495223X', '2245784X')_3                        1 	(obj:0)
alpha                                3.46156626506024 	(obj:0.24360088521583)
  obj=0.887  alpha=574.6s  time=342.56s

k = 1
  Subgraph edges — edge_w: 13 (1.2%)  bal_w: 13 (1.2%)  combined: 26 (2.4%)  blended: 13 (1.2%)  blended_union: 37 (3.3%)  diverse: 13 (1.2%)
  [3a] Subgraph / edge_w   k=1 …
2026-07-01 19:13:11.163 | INFO     | pycaalp.time_balancing.model:run_mip:430 - Running MIP solver ...
      obj=0.899 (vs_full=+1.31%)  alpha=584.0s  build=0.004s solve=0.030s  vs_full=+1.64%
  [3b] Subgraph / bal_w    k=1 …
2026-07-01 19:13:11.193 | INFO     | pycaalp.time_balancing.model:run_mip:430 - Running MIP solver ...
      obj=0.936 (vs_full=+5.50%)  alpha=597.8s  build=0.002s solve=0.091s  vs_full=+4.04%
  [3c] Subgraph / combined k=1 …
2026-07-01 19:13:11.284 | INFO     | pycaalp.time_balancing.model:run_mip:430 - Running MIP solver ...
      obj=0.899 (vs_full=+1.31%)  alpha=584.0s  build=0.003s solve=1.370s  vs_full=+1.64%
  [3d] Subgraph / blended  k=1 …
2026-07-01 19:13:12.654 | INFO     | pycaalp.time_balancing.model:run_mip:430 - Running MIP solver ...
      obj=0.896 (vs_full=+1.01%)  alpha=574.6s  build=0.002s solve=0.061s  vs_full=+0.00%
  [3e] Subgraph / bl-union k=1 …
2026-07-01 19:13:12.715 | INFO     | pycaalp.time_balancing.model:run_mip:430 - Running MIP solver ...
      obj=0.899 (vs_full=+1.31%)  alpha=584.0s  build=0.014s solve=0.945s  vs_full=+1.64%
  [3f] Subgraph / diverse  k=1 …
2026-07-01 19:13:13.660 | INFO     | pycaalp.time_balancing.model:run_mip:430 - Running MIP solver ...
      obj=0.896 (vs_full=+1.01%)  alpha=574.6s  build=0.004s solve=0.058s  vs_full=+0.00%

k = 2
  Subgraph edges — edge_w: 15 (1.4%)  bal_w: 15 (1.4%)  combined: 30 (2.7%)  blended: 15 (1.4%)  blended_union: 43 (3.9%)  diverse: 26 (2.4%)
  [3a] Subgraph / edge_w   k=2 …
2026-07-01 19:13:13.781 | INFO     | pycaalp.time_balancing.model:run_mip:430 - Running MIP solver ...
      obj=0.899 (vs_full=+1.31%)  alpha=584.0s  build=0.008s solve=0.096s  vs_full=+1.64%
  [3b] Subgraph / bal_w    k=2 …
2026-07-01 19:13:13.877 | INFO     | pycaalp.time_balancing.model:run_mip:430 - Running MIP solver ...
      obj=0.936 (vs_full=+5.50%)  alpha=597.8s  build=0.006s solve=0.190s  vs_full=+4.04%
  [3c] Subgraph / combined k=2 …
2026-07-01 19:13:14.067 | INFO     | pycaalp.time_balancing.model:run_mip:430 - Running MIP solver ...
      obj=0.899 (vs_full=+1.31%)  alpha=584.0s  build=0.012s solve=0.257s  vs_full=+1.64%
  [3d] Subgraph / blended  k=2 …
2026-07-01 19:13:14.323 | INFO     | pycaalp.time_balancing.model:run_mip:430 - Running MIP solver ...
      obj=0.896 (vs_full=+1.01%)  alpha=574.6s  build=0.007s solve=0.265s  vs_full=+0.00%
  [3e] Subgraph / bl-union k=2 …
2026-07-01 19:13:14.589 | INFO     | pycaalp.time_balancing.model:run_mip:430 - Running MIP solver ...
      obj=0.898 (vs_full=+1.24%)  alpha=574.6s  build=0.025s solve=1.164s  vs_full=+0.00%
  [3f] Subgraph / diverse  k=2 …
2026-07-01 19:13:15.753 | INFO     | pycaalp.time_balancing.model:run_mip:430 - Running MIP solver ...
      obj=0.896 (vs_full=+1.01%)  alpha=574.6s  build=0.005s solve=0.598s  vs_full=+0.00%

k = 5
  Subgraph edges — edge_w: 21 (1.9%)  bal_w: 27 (2.4%)  combined: 48 (4.3%)  blended: 19 (1.7%)  blended_union: 60 (5.4%)  diverse: 65 (5.9%)
  [3a] Subgraph / edge_w   k=5 …
2026-07-01 19:13:16.508 | INFO     | pycaalp.time_balancing.model:run_mip:430 - Running MIP solver ...
      obj=0.899 (vs_full=+1.31%)  alpha=584.0s  build=0.023s solve=0.424s  vs_full=+1.64%
  [3b] Subgraph / bal_w    k=5 …
2026-07-01 19:13:16.932 | INFO     | pycaalp.time_balancing.model:run_mip:430 - Running MIP solver ...
      obj=0.919 (vs_full=+3.59%)  alpha=586.1s  build=0.016s solve=0.277s  vs_full=+2.00%
  [3c] Subgraph / combined k=5 …
2026-07-01 19:13:17.210 | INFO     | pycaalp.time_balancing.model:run_mip:430 - Running MIP solver ...
      obj=0.899 (vs_full=+1.31%)  alpha=584.0s  build=0.023s solve=0.417s  vs_full=+1.64%
  [3d] Subgraph / blended  k=5 …
2026-07-01 19:13:17.627 | INFO     | pycaalp.time_balancing.model:run_mip:430 - Running MIP solver ...
      obj=0.896 (vs_full=+1.01%)  alpha=574.6s  build=0.011s solve=0.190s  vs_full=+0.00%
  [3e] Subgraph / bl-union k=5 …
2026-07-01 19:13:17.817 | INFO     | pycaalp.time_balancing.model:run_mip:430 - Running MIP solver ...
      obj=0.897 (vs_full=+1.17%)  alpha=574.6s  build=0.078s solve=0.566s  vs_full=+0.00%
  [3f] Subgraph / diverse  k=5 …
2026-07-01 19:13:18.383 | INFO     | pycaalp.time_balancing.model:run_mip:430 - Running MIP solver ...
      obj=0.896 (vs_full=+1.01%)  alpha=574.6s  build=0.006s solve=0.569s  vs_full=+0.00%

k = 10
  Subgraph edges — edge_w: 24 (2.2%)  bal_w: 38 (3.4%)  combined: 62 (5.6%)  blended: 23 (2.1%)  blended_union: 76 (6.9%)  diverse: 126 (11.4%)
  [3a] Subgraph / edge_w   k=10 …
2026-07-01 19:13:19.261 | INFO     | pycaalp.time_balancing.model:run_mip:430 - Running MIP solver ...
      obj=0.899 (vs_full=+1.31%)  alpha=584.0s  build=0.044s solve=0.150s  vs_full=+1.64%
  [3b] Subgraph / bal_w    k=10 …
2026-07-01 19:13:19.412 | INFO     | pycaalp.time_balancing.model:run_mip:430 - Running MIP solver ...
      obj=0.918 (vs_full=+3.54%)  alpha=586.1s  build=0.021s solve=1.986s  vs_full=+2.00%
  [3c] Subgraph / combined k=10 …
2026-07-01 19:13:21.398 | INFO     | pycaalp.time_balancing.model:run_mip:430 - Running MIP solver ...
      obj=0.899 (vs_full=+1.31%)  alpha=584.0s  build=0.071s solve=0.922s  vs_full=+1.64%
  [3d] Subgraph / blended  k=10 …
2026-07-01 19:13:22.320 | INFO     | pycaalp.time_balancing.model:run_mip:430 - Running MIP solver ...
      obj=0.896 (vs_full=+1.01%)  alpha=574.6s  build=0.032s solve=0.448s  vs_full=+0.00%
  [3e] Subgraph / bl-union k=10 …
2026-07-01 19:13:22.768 | INFO     | pycaalp.time_balancing.model:run_mip:430 - Running MIP solver ...
      obj=0.897 (vs_full=+1.15%)  alpha=574.6s  build=0.123s solve=0.714s  vs_full=+0.00%
  [3f] Subgraph / diverse  k=10 …
2026-07-01 19:13:23.482 | INFO     | pycaalp.time_balancing.model:run_mip:430 - Running MIP solver ...
      obj=0.896 (vs_full=+1.01%)  alpha=574.6s  build=0.018s solve=1.221s  vs_full=+0.00%

k = 20
  Subgraph edges — edge_w: 35 (3.2%)  bal_w: 42 (3.8%)  combined: 77 (7.0%)  blended: 28 (2.5%)  blended_union: 92 (8.3%)  diverse: 239 (21.6%)
  [3a] Subgraph / edge_w   k=20 …
2026-07-01 19:13:25.368 | INFO     | pycaalp.time_balancing.model:run_mip:430 - Running MIP solver ...
      obj=0.899 (vs_full=+1.31%)  alpha=584.0s  build=0.085s solve=0.478s  vs_full=+1.64%
  [3b] Subgraph / bal_w    k=20 …
2026-07-01 19:13:25.846 | INFO     | pycaalp.time_balancing.model:run_mip:430 - Running MIP solver ...
      obj=0.918 (vs_full=+3.54%)  alpha=586.1s  build=0.036s solve=0.377s  vs_full=+2.00%
  [3c] Subgraph / combined k=20 …
2026-07-01 19:13:26.223 | INFO     | pycaalp.time_balancing.model:run_mip:430 - Running MIP solver ...
      obj=0.899 (vs_full=+1.31%)  alpha=584.0s  build=0.159s solve=0.721s  vs_full=+1.64%
  [3d] Subgraph / blended  k=20 …
2026-07-01 19:13:26.944 | INFO     | pycaalp.time_balancing.model:run_mip:430 - Running MIP solver ...
      obj=0.896 (vs_full=+1.01%)  alpha=574.6s  build=0.081s solve=0.730s  vs_full=+0.00%
  [3e] Subgraph / bl-union k=20 …
2026-07-01 19:13:27.674 | INFO     | pycaalp.time_balancing.model:run_mip:430 - Running MIP solver ...
      obj=0.897 (vs_full=+1.15%)  alpha=574.6s  build=0.284s solve=1.001s  vs_full=+0.00%
  [3f] Subgraph / diverse  k=20 …
2026-07-01 19:13:28.675 | INFO     | pycaalp.time_balancing.model:run_mip:430 - Running MIP solver ...
      obj=0.895 (vs_full=+0.89%)  alpha=581.1s  build=0.020s solve=3.977s  vs_full=+1.13%

k = 50
  Subgraph edges — edge_w: 54 (4.9%)  bal_w: 63 (5.7%)  combined: 116 (10.5%)  blended: 32 (2.9%)  blended_union: 125 (11.3%)  diverse: 504 (45.6%)
  [3a] Subgraph / edge_w   k=50 …
2026-07-01 19:13:34.245 | INFO     | pycaalp.time_balancing.model:run_mip:430 - Running MIP solver ...
      obj=0.899 (vs_full=+1.31%)  alpha=584.0s  build=0.210s solve=0.569s  vs_full=+1.64%
  [3b] Subgraph / bal_w    k=50 …
2026-07-01 19:13:34.814 | INFO     | pycaalp.time_balancing.model:run_mip:430 - Running MIP solver ...
      obj=0.918 (vs_full=+3.54%)  alpha=586.1s  build=0.105s solve=0.875s  vs_full=+2.00%
  [3c] Subgraph / combined k=50 …
2026-07-01 19:13:35.689 | INFO     | pycaalp.time_balancing.model:run_mip:430 - Running MIP solver ...
      obj=0.899 (vs_full=+1.31%)  alpha=584.0s  build=0.320s solve=1.351s  vs_full=+1.64%
  [3d] Subgraph / blended  k=50 …
2026-07-01 19:13:37.040 | INFO     | pycaalp.time_balancing.model:run_mip:430 - Running MIP solver ...
      obj=0.896 (vs_full=+1.01%)  alpha=574.6s  build=0.186s solve=0.822s  vs_full=+0.00%
  [3e] Subgraph / bl-union k=50 …
2026-07-01 19:13:37.862 | INFO     | pycaalp.time_balancing.model:run_mip:430 - Running MIP solver ...
      obj=0.897 (vs_full=+1.15%)  alpha=574.6s  build=0.741s solve=1.424s  vs_full=+0.00%
  [3f] Subgraph / diverse  k=50 …
2026-07-01 19:13:39.286 | INFO     | pycaalp.time_balancing.model:run_mip:430 - Running MIP solver ...
      obj=0.895 (vs_full=+0.89%)  alpha=581.1s  build=0.031s solve=57.914s  vs_full=+1.13%

k = 100
  Subgraph edges — edge_w: 78 (7.1%)  bal_w: 86 (7.8%)  combined: 162 (14.7%)  blended: 40 (3.6%)  blended_union: 153 (13.8%)  diverse: 743 (67.2%)
  [3a] Subgraph / edge_w   k=100 …
2026-07-01 19:14:39.952 | INFO     | pycaalp.time_balancing.model:run_mip:430 - Running MIP solver ...
      obj=0.899 (vs_full=+1.31%)  alpha=584.0s  build=0.364s solve=0.991s  vs_full=+1.64%
  [3b] Subgraph / bal_w    k=100 …
2026-07-01 19:14:40.943 | INFO     | pycaalp.time_balancing.model:run_mip:430 - Running MIP solver ...
      obj=0.903 (vs_full=+1.81%)  alpha=574.0s  build=0.236s solve=1.463s  vs_full=-0.11%
  [3c] Subgraph / combined k=100 …
2026-07-01 19:14:42.407 | INFO     | pycaalp.time_balancing.model:run_mip:430 - Running MIP solver ...
      obj=0.899 (vs_full=+1.31%)  alpha=584.0s  build=0.540s solve=2.025s  vs_full=+1.64%
  [3d] Subgraph / blended  k=100 …
2026-07-01 19:14:44.432 | INFO     | pycaalp.time_balancing.model:run_mip:430 - Running MIP solver ...
      obj=0.896 (vs_full=+1.01%)  alpha=574.6s  build=0.325s solve=0.827s  vs_full=+0.00%
  [3e] Subgraph / bl-union k=100 …
2026-07-01 19:14:45.259 | INFO     | pycaalp.time_balancing.model:run_mip:430 - Running MIP solver ...
      obj=0.897 (vs_full=+1.15%)  alpha=574.6s  build=1.219s solve=1.977s  vs_full=+0.00%
  [3f] Subgraph / diverse  k=100 …
2026-07-01 19:14:47.237 | INFO     | pycaalp.time_balancing.model:run_mip:430 - Running MIP solver ...
      obj=0.888 (vs_full=+0.13%)  alpha=574.6s  build=0.068s solve=133.312s  vs_full=+0.00%

k = 200
  Subgraph edges — edge_w: 95 (8.6%)  bal_w: 111 (10.0%)  combined: 202 (18.3%)  blended: 45 (4.1%)  blended_union: 177 (16.0%)  diverse: 906 (82.0%)
  [3a] Subgraph / edge_w   k=200 …
2026-07-01 19:17:04.261 | INFO     | pycaalp.time_balancing.model:run_mip:430 - Running MIP solver ...
      obj=0.899 (vs_full=+1.31%)  alpha=584.0s  build=0.478s solve=0.757s  vs_full=+1.64%
  [3b] Subgraph / bal_w    k=200 …
2026-07-01 19:17:05.018 | INFO     | pycaalp.time_balancing.model:run_mip:430 - Running MIP solver ...
      obj=0.903 (vs_full=+1.78%)  alpha=574.0s  build=0.264s solve=1.040s  vs_full=-0.11%
  [3c] Subgraph / combined k=200 …
2026-07-01 19:17:06.058 | INFO     | pycaalp.time_balancing.model:run_mip:430 - Running MIP solver ...
      obj=0.899 (vs_full=+1.31%)  alpha=584.0s  build=0.765s solve=3.472s  vs_full=+1.64%
  [3d] Subgraph / blended  k=200 …
2026-07-01 19:17:09.531 | INFO     | pycaalp.time_balancing.model:run_mip:430 - Running MIP solver ...
      obj=0.896 (vs_full=+1.01%)  alpha=574.6s  build=0.435s solve=0.708s  vs_full=+0.00%
  [3e] Subgraph / bl-union k=200 …
2026-07-01 19:17:10.239 | INFO     | pycaalp.time_balancing.model:run_mip:430 - Running MIP solver ...
      obj=0.897 (vs_full=+1.08%)  alpha=581.1s  build=1.659s solve=2.272s  vs_full=+1.13%
  [3f] Subgraph / diverse  k=200 …
2026-07-01 19:17:12.510 | INFO     | pycaalp.time_balancing.model:run_mip:430 - Running MIP solver ...
      obj=0.887 (vs_full=+0.04%)  alpha=574.6s  build=0.110s solve=123.852s  vs_full=+0.00%

k = 500
  Subgraph edges — edge_w: 108 (9.8%)  bal_w: 153 (13.8%)  combined: 257 (23.3%)  blended: 53 (4.8%)  blended_union: 245 (22.2%)  diverse: 1044 (94.5%)
  [3a] Subgraph / edge_w   k=500 …
2026-07-01 19:19:24.946 | INFO     | pycaalp.time_balancing.model:run_mip:430 - Running MIP solver ...
      obj=0.895 (vs_full=+0.87%)  alpha=581.1s  build=1.094s solve=0.637s  vs_full=+1.13%
  [3b] Subgraph / bal_w    k=500 …
2026-07-01 19:19:25.584 | INFO     | pycaalp.time_balancing.model:run_mip:430 - Running MIP solver ...
      obj=0.903 (vs_full=+1.78%)  alpha=574.0s  build=0.757s solve=2.997s  vs_full=-0.11%
  [3c] Subgraph / combined k=500 …
2026-07-01 19:19:28.580 | INFO     | pycaalp.time_balancing.model:run_mip:430 - Running MIP solver ...
      obj=0.895 (vs_full=+0.87%)  alpha=581.1s  build=1.793s solve=4.494s  vs_full=+1.13%
  [3d] Subgraph / blended  k=500 …
2026-07-01 19:19:33.075 | INFO     | pycaalp.time_balancing.model:run_mip:430 - Running MIP solver ...
      obj=0.896 (vs_full=+1.01%)  alpha=574.6s  build=1.132s solve=0.589s  vs_full=+0.00%
  [3e] Subgraph / bl-union k=500 …
2026-07-01 19:19:33.664 | INFO     | pycaalp.time_balancing.model:run_mip:430 - Running MIP solver ...
      obj=0.887 (vs_full=+0.00%)  alpha=574.6s  build=3.511s solve=1.897s  vs_full=+0.00%
  [3f] Subgraph / diverse  k=500 …
2026-07-01 19:19:35.561 | INFO     | pycaalp.time_balancing.model:run_mip:430 - Running MIP solver ...
      obj=0.887 (vs_full=+0.01%)  alpha=574.6s  build=0.297s solve=79.181s  vs_full=+0.00%

k = 1000
  Subgraph edges — edge_w: 142 (12.9%)  bal_w: 211 (19.1%)  combined: 346 (31.3%)  blended: 59 (5.3%)  blended_union: 297 (26.9%)  diverse: 1101 (99.6%)
  [3a] Subgraph / edge_w   k=1000 …
2026-07-01 19:21:12.791 | INFO     | pycaalp.time_balancing.model:run_mip:430 - Running MIP solver ...
      obj=0.895 (vs_full=+0.87%)  alpha=581.1s  build=2.059s solve=0.873s  vs_full=+1.13%
  [3b] Subgraph / bal_w    k=1000 …
2026-07-01 19:21:13.664 | INFO     | pycaalp.time_balancing.model:run_mip:430 - Running MIP solver ...
      obj=0.902 (vs_full=+1.71%)  alpha=571.7s  build=1.634s solve=5.671s  vs_full=-0.51%
  [3c] Subgraph / combined k=1000 …
2026-07-01 19:21:19.335 | INFO     | pycaalp.time_balancing.model:run_mip:430 - Running MIP solver ...
      obj=0.895 (vs_full=+0.87%)  alpha=581.1s  build=3.684s solve=13.189s  vs_full=+1.13%
  [3d] Subgraph / blended  k=1000 …
2026-07-01 19:21:32.523 | INFO     | pycaalp.time_balancing.model:run_mip:430 - Running MIP solver ...
      obj=0.896 (vs_full=+1.01%)  alpha=574.6s  build=2.775s solve=0.285s  vs_full=+0.00%
  [3e] Subgraph / bl-union k=1000 …
2026-07-01 19:21:32.808 | INFO     | pycaalp.time_balancing.model:run_mip:430 - Running MIP solver ...
      obj=0.887 (vs_full=+0.00%)  alpha=574.6s  build=7.266s solve=2.982s  vs_full=+0.00%
  [3f] Subgraph / diverse  k=1000 …
2026-07-01 19:21:35.791 | INFO     | pycaalp.time_balancing.model:run_mip:430 - Running MIP solver ...
      obj=0.887 (vs_full=+0.00%)  alpha=574.6s  build=0.631s solve=144.071s  vs_full=+0.00%

k = 2000
  Subgraph edges — edge_w: 185 (16.7%)  bal_w: 292 (26.4%)  combined: 460 (41.6%)  blended: 154 (13.9%)  blended_union: 410 (37.1%)  diverse: 1105 (100.0%)
  [3a] Subgraph / edge_w   k=2000 …
2026-07-01 19:24:42.580 | INFO     | pycaalp.time_balancing.model:run_mip:430 - Running MIP solver ...
      obj=0.895 (vs_full=+0.87%)  alpha=581.1s  build=4.790s solve=1.057s  vs_full=+1.13%
  [3b] Subgraph / bal_w    k=2000 …
2026-07-01 19:24:43.638 | INFO     | pycaalp.time_balancing.model:run_mip:430 - Running MIP solver ...
      obj=0.902 (vs_full=+1.67%)  alpha=571.7s  build=4.022s solve=10.275s  vs_full=-0.51%
  [3c] Subgraph / combined k=2000 …
2026-07-01 19:24:53.913 | INFO     | pycaalp.time_balancing.model:run_mip:430 - Running MIP solver ...
      obj=0.895 (vs_full=+0.87%)  alpha=581.1s  build=8.867s solve=19.114s  vs_full=+1.13%
  [3d] Subgraph / blended  k=2000 …
2026-07-01 19:25:13.027 | INFO     | pycaalp.time_balancing.model:run_mip:430 - Running MIP solver ...
      obj=0.896 (vs_full=+1.01%)  alpha=574.6s  build=7.054s solve=1.319s  vs_full=+0.00%
  [3e] Subgraph / bl-union k=2000 …
2026-07-01 19:25:14.346 | INFO     | pycaalp.time_balancing.model:run_mip:430 - Running MIP solver ...
      obj=0.887 (vs_full=+0.00%)  alpha=574.6s  build=16.743s solve=10.334s  vs_full=+0.00%
  [3f] Subgraph / diverse  k=2000 …
2026-07-01 19:25:24.680 | INFO     | pycaalp.time_balancing.model:run_mip:430 - Running MIP solver ...
      obj=0.887 (vs_full=+0.00%)  alpha=574.6s  build=1.243s solve=195.791s  vs_full=+0.00%

k = 5000
  Subgraph edges — edge_w: 232 (21.0%)  bal_w: 431 (39.0%)  combined: 632 (57.2%)  blended: 162 (14.7%)  blended_union: 525 (47.5%)  diverse: 1105 (100.0%)
  [3a] Subgraph / edge_w   k=5000 …
2026-07-01 19:31:13.586 | INFO     | pycaalp.time_balancing.model:run_mip:430 - Running MIP solver ...
      obj=0.895 (vs_full=+0.87%)  alpha=581.1s  build=17.826s solve=2.473s  vs_full=+1.13%
  [3b] Subgraph / bal_w    k=5000 …
2026-07-01 19:31:16.059 | INFO     | pycaalp.time_balancing.model:run_mip:430 - Running MIP solver ...
      obj=0.888 (vs_full=+0.15%)  alpha=567.5s  build=15.434s solve=16.514s  vs_full=-1.24%
  [3c] Subgraph / combined k=5000 …
2026-07-01 19:31:32.574 | INFO     | pycaalp.time_balancing.model:run_mip:430 - Running MIP solver ...
      obj=0.888 (vs_full=+0.15%)  alpha=567.5s  build=33.256s solve=44.151s  vs_full=-1.24%
  [3d] Subgraph / blended  k=5000 …
2026-07-01 19:32:16.725 | INFO     | pycaalp.time_balancing.model:run_mip:430 - Running MIP solver ...
      obj=0.896 (vs_full=+1.01%)  alpha=574.6s  build=23.982s solve=2.057s  vs_full=+0.00%
  [3e] Subgraph / bl-union k=5000 …
2026-07-01 19:32:18.782 | INFO     | pycaalp.time_balancing.model:run_mip:430 - Running MIP solver ...
      obj=0.887 (vs_full=+0.00%)  alpha=574.6s  build=59.593s solve=24.552s  vs_full=+0.00%
  [3f] Subgraph / diverse  k=5000 …
2026-07-01 19:32:43.334 | INFO     | pycaalp.time_balancing.model:run_mip:430 - Running MIP solver ...
      obj=0.887 (vs_full=+0.00%)  alpha=574.6s  build=3.024s solve=181.926s  vs_full=+0.00%

Results saved to experiments/strategy_comparison/assembly_1_np_4/strategy_comparison_lambda_0.95.csv
Plot with:  python -m experiments.strategy_comparison.plot_k_sensitivity

============================================================================================================================
SUMMARY — assembly_1  P=4  λ=0.95
============================================================================================================================
Strategy       Weight                      k   Build    Solve    Total  Spdup       Obj   ObjvsF     Alpha    AlvsF   Edges  %Grph
----------------------------------------------------------------------------------------------------------------------------
full_mip       —                               0.000  342.564  342.564   1.0x     0.887    +0.00    574.62    +0.00    1105  100.0
subgraph_mip   edge_weight                 1   0.004    0.030    0.034 10160.1x     0.899    +1.31    584.04    +1.64      13    1.2
subgraph_mip   time_balanced_weight        1   0.002    0.091    0.093 3698.9x     0.936    +5.50    597.84    +4.04      13    1.2
subgraph_mip   combined                    1   0.003    1.370    1.373 249.5x     0.899    +1.31    584.04    +1.64      26    2.4
subgraph_mip   blended                     1   0.002    0.061    0.063 5439.1x     0.896    +1.01    574.62    +0.00      13    1.2
subgraph_mip   blended_union               1   0.014    0.945    0.958 357.4x     0.899    +1.31    584.04    +1.64      37    3.4
subgraph_mip   diverse                     1   0.004    0.058    0.062 5508.8x     0.896    +1.01    574.62    +0.00      13    1.2
subgraph_mip   edge_weight                 2   0.008    0.096    0.104 3300.5x     0.899    +1.31    584.04    +1.64      15    1.4
subgraph_mip   time_balanced_weight        2   0.006    0.190    0.195 1753.3x     0.936    +5.50    597.84    +4.04      15    1.4
subgraph_mip   combined                    2   0.012    0.257    0.269 1274.0x     0.899    +1.31    584.04    +1.64      30    2.7
subgraph_mip   blended                     2   0.007    0.265    0.272 1261.3x     0.896    +1.01    574.62    +0.00      15    1.4
subgraph_mip   blended_union               2   0.025    1.164    1.189 288.2x     0.898    +1.24    574.62    +0.00      43    3.9
subgraph_mip   diverse                     2   0.005    0.598    0.603 568.2x     0.896    +1.01    574.62    +0.00      26    2.4
subgraph_mip   edge_weight                 5   0.023    0.424    0.447 766.1x     0.899    +1.31    584.04    +1.64      21    1.9
subgraph_mip   time_balanced_weight        5   0.016    0.277    0.293 1169.5x     0.919    +3.59    586.13    +2.00      27    2.4
subgraph_mip   combined                    5   0.023    0.417    0.440 778.0x     0.899    +1.31    584.04    +1.64      48    4.3
subgraph_mip   blended                     5   0.011    0.190    0.201 1707.1x     0.896    +1.01    574.62    +0.00      19    1.7
subgraph_mip   blended_union               5   0.078    0.566    0.645 531.4x     0.897    +1.17    574.62    +0.00      60    5.4
subgraph_mip   diverse                     5   0.006    0.569    0.575 595.3x     0.896    +1.01    574.62    +0.00      65    5.9
subgraph_mip   edge_weight                10   0.044    0.150    0.194 1765.9x     0.899    +1.31    584.04    +1.64      24    2.2
subgraph_mip   time_balanced_weight       10   0.021    1.986    2.007 170.7x     0.918    +3.54    586.13    +2.00      38    3.4
subgraph_mip   combined                   10   0.071    0.922    0.993 344.9x     0.899    +1.31    584.04    +1.64      62    5.6
subgraph_mip   blended                    10   0.032    0.448    0.480 713.5x     0.896    +1.01    574.62    +0.00      23    2.1
subgraph_mip   blended_union              10   0.123    0.714    0.836 409.6x     0.897    +1.15    574.62    +0.00      76    6.9
subgraph_mip   diverse                    10   0.018    1.221    1.238 276.6x     0.896    +1.01    574.62    +0.00     126   11.4
subgraph_mip   edge_weight                20   0.085    0.478    0.563 608.7x     0.899    +1.31    584.04    +1.64      35    3.2
subgraph_mip   time_balanced_weight       20   0.036    0.377    0.413 830.3x     0.918    +3.54    586.13    +2.00      42    3.8
subgraph_mip   combined                   20   0.159    0.721    0.880 389.5x     0.899    +1.31    584.04    +1.64      77    7.0
subgraph_mip   blended                    20   0.081    0.730    0.811 422.2x     0.896    +1.01    574.62    +0.00      28    2.5
subgraph_mip   blended_union              20   0.284    1.001    1.284 266.8x     0.897    +1.15    574.62    +0.00      92    8.3
subgraph_mip   diverse                    20   0.020    3.977    3.997  85.7x     0.895    +0.89    581.12    +1.13     239   21.6
subgraph_mip   edge_weight                50   0.210    0.569    0.779 439.6x     0.899    +1.31    584.04    +1.64      54    4.9
subgraph_mip   time_balanced_weight       50   0.105    0.875    0.979 349.8x     0.918    +3.54    586.13    +2.00      63    5.7
subgraph_mip   combined                   50   0.320    1.351    1.671 205.0x     0.899    +1.31    584.04    +1.64     116   10.5
subgraph_mip   blended                    50   0.186    0.822    1.008 339.8x     0.896    +1.01    574.62    +0.00      32    2.9
subgraph_mip   blended_union              50   0.741    1.424    2.165 158.2x     0.897    +1.15    574.62    +0.00     125   11.3
subgraph_mip   diverse                    50   0.031   57.914   57.945   5.9x     0.895    +0.89    581.12    +1.13     504   45.6
subgraph_mip   edge_weight               100   0.364    0.991    1.355 252.8x     0.899    +1.31    584.04    +1.64      78    7.1
subgraph_mip   time_balanced_weight      100   0.236    1.463    1.699 201.6x     0.903    +1.81    574.00    -0.11      86    7.8
subgraph_mip   combined                  100   0.540    2.025    2.565 133.6x     0.899    +1.31    584.04    +1.64     162   14.7
subgraph_mip   blended                   100   0.325    0.827    1.153 297.2x     0.896    +1.01    574.62    +0.00      40    3.6
subgraph_mip   blended_union             100   1.219    1.977    3.196 107.2x     0.897    +1.15    574.62    +0.00     153   13.8
subgraph_mip   diverse                   100   0.068  133.312  133.380   2.6x     0.888    +0.13    574.62    +0.00     743   67.2
subgraph_mip   edge_weight               200   0.478    0.757    1.234 277.5x     0.899    +1.31    584.04    +1.64      95    8.6
subgraph_mip   time_balanced_weight      200   0.264    1.040    1.305 262.6x     0.903    +1.78    574.00    -0.11     111   10.1
subgraph_mip   combined                  200   0.765    3.472    4.237  80.8x     0.899    +1.31    584.04    +1.64     202   18.3
subgraph_mip   blended                   200   0.435    0.708    1.143 299.8x     0.896    +1.01    574.62    +0.00      45    4.1
subgraph_mip   blended_union             200   1.659    2.272    3.931  87.2x     0.897    +1.08    581.12    +1.13     177   16.0
subgraph_mip   diverse                   200   0.110  123.852  123.962   2.8x     0.887    +0.04    574.62    +0.00     906   82.0
subgraph_mip   edge_weight               500   1.094    0.637    1.731 197.9x     0.895    +0.87    581.12    +1.13     108    9.8
subgraph_mip   time_balanced_weight      500   0.757    2.997    3.754  91.2x     0.903    +1.78    574.00    -0.11     153   13.8
subgraph_mip   combined                  500   1.793    4.494    6.287  54.5x     0.895    +0.87    581.12    +1.13     257   23.3
subgraph_mip   blended                   500   1.132    0.589    1.721 199.0x     0.896    +1.01    574.62    +0.00      53    4.8
subgraph_mip   blended_union             500   3.511    1.897    5.408  63.3x     0.887    +0.00    574.62    +0.00     245   22.2
subgraph_mip   diverse                   500   0.297   79.181   79.478   4.3x     0.887    +0.01    574.62    +0.00    1044   94.5
subgraph_mip   edge_weight              1000   2.059    0.873    2.932 116.8x     0.895    +0.87    581.12    +1.13     142   12.8
subgraph_mip   time_balanced_weight     1000   1.634    5.671    7.304  46.9x     0.902    +1.71    571.70    -0.51     211   19.1
subgraph_mip   combined                 1000   3.684   13.189   16.873  20.3x     0.895    +0.87    581.12    +1.13     346   31.3
subgraph_mip   blended                  1000   2.775    0.285    3.059 112.0x     0.896    +1.01    574.62    +0.00      59    5.3
subgraph_mip   blended_union            1000   7.266    2.982   10.248  33.4x     0.887    +0.00    574.62    +0.00     297   26.9
subgraph_mip   diverse                  1000   0.631  144.071  144.702   2.4x     0.887    +0.00    574.62    +0.00    1101   99.6
subgraph_mip   edge_weight              2000   4.790    1.057    5.847  58.6x     0.895    +0.87    581.12    +1.13     185   16.7
subgraph_mip   time_balanced_weight     2000   4.022   10.275   14.297  24.0x     0.902    +1.67    571.70    -0.51     292   26.4
subgraph_mip   combined                 2000   8.867   19.114   27.981  12.2x     0.895    +0.87    581.12    +1.13     460   41.6
subgraph_mip   blended                  2000   7.054    1.319    8.373  40.9x     0.896    +1.01    574.62    +0.00     154   13.9
subgraph_mip   blended_union            2000  16.743   10.334   27.077  12.7x     0.887    +0.00    574.62    +0.00     410   37.1
subgraph_mip   diverse                  2000   1.243  195.791  197.034   1.7x     0.887    +0.00    574.62    +0.00    1105  100.0
subgraph_mip   edge_weight              5000  17.826    2.473   20.299  16.9x     0.895    +0.87    581.12    +1.13     232   21.0
subgraph_mip   time_balanced_weight     5000  15.434   16.514   31.948  10.7x     0.888    +0.15    567.50    -1.24     431   39.0
subgraph_mip   combined                 5000  33.256   44.151   77.408   4.4x     0.888    +0.15    567.50    -1.24     632   57.2
subgraph_mip   blended                  5000  23.982    2.057   26.039  13.2x     0.896    +1.01    574.62    +0.00     162   14.7
subgraph_mip   blended_union            5000  59.593   24.552   84.145   4.1x     0.887    +0.00    574.62    +0.00     525   47.5
subgraph_mip   diverse                  5000   3.024  181.926  184.950   1.9x     0.887    +0.00    574.62    +0.00    1105  100.0
============================================================================================================================

----------------- λ = 1.0 -----------------
========================================================================
Strategy Comparison Experiment — assembly_1  P=4  λ=1.0
========================================================================

Building assembly digraph …
2026-07-01 19:14:23.821 | INFO     | pycaalp.gapp.assembly_digraph:compute_assembly_digraph_complete:395 - Computing assembly digraph...
  343 nodes, 1105 edges  (0.5s)

[1] Full MIP  P=4  λ=1.0
2026-07-01 19:14:24.329 | INFO     | pycaalp.time_balancing.model:run_mip:430 - Running MIP solver ...
presolving:
(round 1, fast)       2 del vars, 2 del conss, 0 add conss, 0 chg bounds, 0 chg sides, 0 chg coeffs, 0 upgd conss, 0 impls, 69 clqs, 0 implints
(round 2, exhaustive) 2 del vars, 2 del conss, 0 add conss, 1 chg bounds, 0 chg sides, 0 chg coeffs, 4525 upgd conss, 0 impls, 69 clqs, 0 implints
   (0.4s) probing: 1000/1207 (82.9%) - 0 fixings, 0 aggregations, 130891 implications, 0 bound changes
   (0.4s) probing: 1001/1207 (82.9%) - 0 fixings, 0 aggregations, 130966 implications, 0 bound changes
   (0.4s) probing aborted: 1000/1000 successive useless probings
   (0.5s) symmetry computation started: requiring (bin +, int +, cont +), (fixed: bin -, int -, cont -)
   (0.5s) no symmetry present (symcode time: 0.00)
presolving (3 rounds: 3 fast, 2 medium, 2 exhaustive):
 2 deleted vars, 2 deleted constraints, 0 added constraints, 1 tightened bounds, 0 added holes, 0 changed sides, 0 changed coefficients
 0 implications, 15690 cliques, 0 implied integral variables (0 bin, 0 int, 0 cont)
presolved problem has 1208 variables (1207 bin, 0 int, 1 cont) and 4839 constraints
     69 constraints of type <setppc>
    314 constraints of type <linear>
   4456 constraints of type <logicor>
Presolving Time: 0.48

 time | node  | left  |LP iter|LP it/n|mem/heur|mdpt |vars |cons |rows |cuts |sepa|confs|strbr|  dualbound   | primalbound  |  gap   | compl. 
p 0.5s|     1 |     0 |     0 |     - |  clique|   0 |1208 |4839 |4839 |   0 |  0 |   0 |   0 | 0.000000e+00 | 3.331709e+00 |    Inf | unknown
p 0.6s|     1 |     0 |    92 |     - | vbounds|   0 |1208 |4866 |4839 |   0 |  0 |  27 |   0 | 0.000000e+00 | 1.161823e+00 |    Inf | unknown
  0.6s|     1 |     0 |   241 |     - |    34M |   0 |1208 |4866 |4839 |   0 |  0 |  27 |   0 | 8.329273e-01 | 1.161823e+00 |  39.49%| unknown
  0.6s|     1 |     0 |   241 |     - |    35M |   0 |1208 |4868 |4839 |   0 |  0 |  29 |   0 | 8.329273e-01 | 1.161823e+00 |  39.49%| unknown
  0.8s|     1 |     0 |   278 |     - |    36M |   0 |1208 |4868 |4844 |   5 |  1 |  29 |   0 | 8.329273e-01 | 1.161823e+00 |  39.49%| unknown
  1.0s|     1 |     0 |   309 |     - |    39M |   0 |1208 |4869 |4851 |  12 |  2 |  30 |   0 | 8.329273e-01 | 1.161823e+00 |  39.49%| unknown
  1.2s|     1 |     0 |   368 |     - |    41M |   0 |1208 |4870 |4857 |  18 |  3 |  31 |   0 | 8.329273e-01 | 1.161823e+00 |  39.49%| unknown
  1.4s|     1 |     0 |   385 |     - |    43M |   0 |1208 |4870 |4861 |  22 |  4 |  31 |   0 | 8.329273e-01 | 1.161823e+00 |  39.49%| unknown
  1.5s|     1 |     0 |   423 |     - |    46M |   0 |1208 |4867 |4865 |  26 |  5 |  31 |   0 | 8.329273e-01 | 1.161823e+00 |  39.49%| unknown
  1.6s|     1 |     0 |   466 |     - |    51M |   0 |1208 |4867 |4869 |  30 |  6 |  32 |   0 | 8.329273e-01 | 1.161823e+00 |  39.49%| unknown
  1.8s|     1 |     0 |   513 |     - |    54M |   0 |1208 |4866 |4872 |  33 |  7 |  32 |   0 | 8.329273e-01 | 1.161823e+00 |  39.49%| unknown
  2.1s|     1 |     0 |   565 |     - |    60M |   0 |1208 |4866 |4876 |  37 |  8 |  33 |   0 | 8.329273e-01 | 1.161823e+00 |  39.49%| unknown
  2.2s|     1 |     0 |   590 |     - |    62M |   0 |1208 |4866 |4881 |  42 |  9 |  33 |   0 | 8.329273e-01 | 1.161823e+00 |  39.49%| unknown
  2.5s|     1 |     0 |   652 |     - |    65M |   0 |1208 |4867 |4884 |  45 | 10 |  34 |   0 | 8.329273e-01 | 1.161823e+00 |  39.49%| unknown
  2.5s|     1 |     0 |   706 |     - |    65M |   0 |1208 |4868 |4888 |  49 | 11 |  35 |   0 | 8.329273e-01 | 1.161823e+00 |  39.49%| unknown
 time | node  | left  |LP iter|LP it/n|mem/heur|mdpt |vars |cons |rows |cuts |sepa|confs|strbr|  dualbound   | primalbound  |  gap   | compl. 
o 2.6s|     1 |     0 |  2242 |     - |feaspump|   0 |1208 |4872 |4888 |  49 | 11 |  39 |   0 | 8.329273e-01 | 9.679621e-01 |  16.21%| unknown
  2.8s|     1 |     0 |  2413 |     - |    65M |   0 |1208 |4881 |4888 |  49 | 11 |  49 |   0 | 8.329273e-01 | 9.679621e-01 |  16.21%| unknown
  2.8s|     1 |     0 |  2430 |     - |    66M |   0 |1208 |4881 |4894 |  55 | 12 |  49 |   0 | 8.329273e-01 | 9.679621e-01 |  16.21%| unknown
  2.9s|     1 |     0 |  2444 |     - |    66M |   0 |1208 |4881 |4896 |  57 | 13 |  49 |   0 | 8.329273e-01 | 9.679621e-01 |  16.21%| unknown
  3.2s|     1 |     2 |  2450 |     - |    66M |   0 |1208 |4884 |4896 |  57 | 13 |  53 |  19 | 8.329273e-01 | 9.679621e-01 |  16.21%| unknown
  4.2s|   100 |    47 |  8547 |  79.8 |    69M |  12 |1208 |5009 |   0 |  63 |  0 | 193 |  39 | 8.329273e-01 | 9.679621e-01 |  16.21%|   5.05%
d 7.6s|   191 |    93 | 18824 |  95.7 |pscostdi|  13 |1208 |5317 |4862 |   0 |  1 | 656 |  44 | 8.329273e-01 | 9.356313e-01 |  12.33%|  10.04%
  8.0s|   200 |    93 | 19580 |  95.2 |    96M |  13 |1208 |5324 |4852 | 312 |  1 | 692 |  44 | 8.329273e-01 | 9.356313e-01 |  12.33%|  13.67%
L10.5s|   287 |   156 | 32290 | 110.6 |    alns|  22 |1208 |5494 |   0 | 428 |  0 | 982 |  47 | 8.329273e-01 | 9.346043e-01 |  12.21%|  14.53%
 10.7s|   300 |   157 | 33000 | 108.2 |   107M |  22 |1208 |5602 |4860 | 431 |  1 |1115 |  51 | 8.329273e-01 | 9.346043e-01 |  12.21%|  16.46%
L10.8s|   313 |   161 | 33358 | 104.8 |    alns|  22 |1208 |5633 |4862 | 435 |  2 |1160 |  55 | 8.329273e-01 | 9.335875e-01 |  12.09%|  16.46%
*13.0s|   396 |   224 | 38581 |  96.0 |strongbr|  22 |1208 |5778 |4862 | 603 |  1 |1501 |  60 | 8.329273e-01 | 9.234899e-01 |  10.87%|  17.93%
 13.2s|   400 |   226 | 38923 |  95.9 |   109M |  22 |1208 |5752 |4855 | 612 |  1 |1508 |  61 | 8.329273e-01 | 9.234899e-01 |  10.87%|  18.18%
 14.5s|   500 |   266 | 43602 |  86.1 |   111M |  22 |1208 |6009 |4864 | 666 |  1 |1983 |  94 | 8.329273e-01 | 9.234899e-01 |  10.87%|  19.81%
L16.4s|   596 |   301 | 48688 |  80.7 |    rins|  22 |1208 |6495 |4859 | 702 |  1 |2626 | 240 | 8.329273e-01 | 9.209257e-01 |  10.56%|  21.31%
 time | node  | left  |LP iter|LP it/n|mem/heur|mdpt |vars |cons |rows |cuts |sepa|confs|strbr|  dualbound   | primalbound  |  gap   | compl. 
 16.5s|   600 |   305 | 49062 |  80.8 |   113M |  22 |1208 |6483 |4860 | 702 |  1 |2635 | 240 | 8.329273e-01 | 9.209257e-01 |  10.56%|  21.31%
 17.6s|   700 |   323 | 53672 |  75.9 |   114M |  22 |1208 |6343 |4861 | 733 |  1 |2935 | 252 | 8.329273e-01 | 9.209257e-01 |  10.56%|  25.93%
 18.6s|   800 |   368 | 58281 |  72.1 |   115M |  22 |1208 |6658 |   0 | 760 |  0 |3461 | 269 | 8.329273e-01 | 9.209257e-01 |  10.56%|  27.13%
 19.7s|   900 |   386 | 63089 |  69.5 |   116M |  23 |1208 |6865 |4859 | 806 |  1 |3815 | 291 | 8.329273e-01 | 9.209257e-01 |  10.56%|  30.41%
r20.2s|   945 |   369 | 64801 |  68.0 |rounding|  24 |1208 |7032 |4862 | 831 |  3 |4070 | 326 | 8.329273e-01 | 8.866640e-01 |   6.45%|  31.86%
 20.7s|  1000 |   379 | 66981 |  66.4 |   118M |  24 |1208 |6987 |   0 | 866 |  0 |4230 | 331 | 8.329273e-01 | 8.866640e-01 |   6.45%|  33.32%
 21.6s|  1100 |   395 | 70394 |  63.5 |   119M |  24 |1208 |6927 |4852 | 912 |  1 |4513 | 346 | 8.329273e-01 | 8.866640e-01 |   6.45%|  37.67%
 22.4s|  1200 |   434 | 73538 |  60.8 |   121M |  24 |1208 |7053 |   0 | 940 |  0 |4778 | 360 | 8.329273e-01 | 8.866640e-01 |   6.45%|  39.92%
 23.2s|  1300 |   438 | 76296 |  58.2 |   122M |  24 |1208 |6984 |4859 | 963 |  1 |5049 | 385 | 8.329273e-01 | 8.866640e-01 |   6.45%|  42.28%
 24.0s|  1400 |   444 | 79698 |  56.5 |   123M |  24 |1208 |6855 |4861 | 989 |  0 |5338 | 408 | 8.329273e-01 | 8.866640e-01 |   6.45%|  44.06%
 24.9s|  1500 |   446 | 84187 |  55.7 |   124M |  25 |1208 |6885 |4860 |1015 |  1 |5723 | 414 | 8.329273e-01 | 8.866640e-01 |   6.45%|  45.64%
 26.6s|  1600 |   453 | 91642 |  56.9 |   125M |  25 |1208 |6959 |4857 |1059 |  1 |6082 | 471 | 8.329273e-01 | 8.866640e-01 |   6.45%|  47.15%
 27.6s|  1700 |   470 | 96438 |  56.4 |   126M |  25 |1208 |7082 |4857 |1076 |  2 |6523 | 512 | 8.329273e-01 | 8.866640e-01 |   6.45%|  48.59%
 28.7s|  1800 |   486 |102469 |  56.6 |   126M |  25 |1208 |6913 |4862 |1113 |  1 |6793 | 541 | 8.329273e-01 | 8.866640e-01 |   6.45%|  49.91%
 29.8s|  1900 |   496 |109704 |  57.4 |   127M |  25 |1208 |6843 |   0 |1131 |  0 |7003 | 551 | 8.329273e-01 | 8.866640e-01 |   6.45%|  51.27%
 time | node  | left  |LP iter|LP it/n|mem/heur|mdpt |vars |cons |rows |cuts |sepa|confs|strbr|  dualbound   | primalbound  |  gap   | compl. 
 30.5s|  2000 |   481 |112589 |  56.0 |   128M |  26 |1208 |6892 |4857 |1143 |  1 |7324 | 588 | 8.329273e-01 | 8.866640e-01 |   6.45%|  52.63%
 31.3s|  2100 |   494 |115878 |  54.9 |   129M |  26 |1208 |7004 |4863 |1177 |  2 |7637 | 623 | 8.329273e-01 | 8.866640e-01 |   6.45%|  53.19%
 32.2s|  2200 |   498 |118552 |  53.6 |   129M |  26 |1208 |7181 |   0 |1196 |  0 |8012 | 714 | 8.329273e-01 | 8.866640e-01 |   6.45%|  54.13%
 32.9s|  2300 |   505 |121274 |  52.5 |   130M |  26 |1208 |7110 |   0 |1245 |  0 |8277 | 754 | 8.329273e-01 | 8.866640e-01 |   6.45%|  54.73%
 33.4s|  2400 |   535 |124384 |  51.6 |   131M |  27 |1208 |7166 |4861 |1273 |  1 |8437 | 773 | 8.329273e-01 | 8.866640e-01 |   6.45%|  54.74%
Restart triggered after 50 consecutive estimations that the remaining tree will be large
(run 1, node 2492) performing user restart

(restart) converted 15 cuts from the global cut pool into linear constraints

presolving:
(round 1, fast)       1 del vars, 276 del conss, 0 add conss, 0 chg bounds, 0 chg sides, 133 chg coeffs, 0 upgd conss, 0 impls, 15687 clqs, 0 implints
(round 2, medium)     1 del vars, 276 del conss, 1 add conss, 0 chg bounds, 51 chg sides, 185 chg coeffs, 0 upgd conss, 0 impls, 15687 clqs, 0 implints
(round 3, exhaustive) 1 del vars, 277 del conss, 1 add conss, 0 chg bounds, 51 chg sides, 188 chg coeffs, 13 upgd conss, 0 impls, 15687 clqs, 0 implints
(round 4, exhaustive) 1 del vars, 834 del conss, 1 add conss, 0 chg bounds, 51 chg sides, 3750 chg coeffs, 13 upgd conss, 0 impls, 15687 clqs, 0 implints
(round 5, exhaustive) 1 del vars, 855 del conss, 1 add conss, 0 chg bounds, 51 chg sides, 3766 chg coeffs, 13 upgd conss, 0 impls, 15687 clqs, 0 implints
presolving (6 rounds: 6 fast, 5 medium, 4 exhaustive):
 1 deleted vars, 858 deleted constraints, 1 added constraints, 0 tightened bounds, 0 added holes, 51 changed sides, 3766 changed coefficients
 0 implications, 15687 cliques, 0 implied integral variables (0 bin, 0 int, 0 cont)
presolved problem has 1207 variables (1206 bin, 0 int, 1 cont) and 6423 constraints
     19 constraints of type <knapsack>
     88 constraints of type <setppc>
    318 constraints of type <linear>
   5998 constraints of type <logicor>
Presolving Time: 0.79
transformed 1/10 original solutions to the transformed problem space

 time | node  | left  |LP iter|LP it/n|mem/heur|mdpt |vars |cons |rows |cuts |sepa|confs|strbr|  dualbound   | primalbound  |  gap   | compl. 
 34.5s|     1 |     0 |128367 |     - |   131M |   0 |1207 |6423 |4701 |   0 |  0 |8661 | 811 | 8.329273e-01 | 8.866640e-01 |   6.45%| unknown
 34.7s|     1 |     0 |128435 |     - |   132M |   0 |1207 |6383 |4707 |   6 |  1 |8662 | 811 | 8.329273e-01 | 8.866640e-01 |   6.45%| unknown
 34.9s|     1 |     0 |128500 |     - |   132M |   0 |1207 |6384 |4717 |  16 |  2 |8663 | 811 | 8.329273e-01 | 8.866640e-01 |   6.45%| unknown
 35.1s|     1 |     0 |128543 |     - |   133M |   0 |1207 |6370 |4723 |  22 |  3 |8666 | 811 | 8.329273e-01 | 8.866640e-01 |   6.45%| unknown
 35.3s|     1 |     0 |128598 |     - |   133M |   0 |1207 |6371 |4729 |  28 |  4 |8667 | 811 | 8.329273e-01 | 8.866640e-01 |   6.45%| unknown
 35.5s|     1 |     0 |128668 |     - |   134M |   0 |1207 |6370 |4734 |  33 |  5 |8667 | 811 | 8.329273e-01 | 8.866640e-01 |   6.45%| unknown
 35.7s|     1 |     0 |128705 |     - |   134M |   0 |1207 |6368 |4738 |  37 |  6 |8672 | 811 | 8.329273e-01 | 8.866640e-01 |   6.45%| unknown
 35.9s|     1 |     0 |128722 |     - |   135M |   0 |1207 |6345 |4743 |  42 |  7 |8673 | 811 | 8.329273e-01 | 8.866640e-01 |   6.45%| unknown
 36.1s|     1 |     0 |128814 |     - |   136M |   0 |1207 |6334 |4748 |  47 |  8 |8675 | 811 | 8.329273e-01 | 8.866640e-01 |   6.45%| unknown
 36.3s|     1 |     0 |128830 |     - |   137M |   0 |1207 |6302 |4751 |  50 |  9 |8679 | 811 | 8.329273e-01 | 8.866640e-01 |   6.45%| unknown
 36.5s|     1 |     0 |128982 |     - |   140M |   0 |1207 |6293 |4759 |  58 | 10 |8681 | 811 | 8.329273e-01 | 8.866640e-01 |   6.45%| unknown
 36.6s|     1 |     0 |129029 |     - |   140M |   0 |1207 |6280 |4764 |  63 | 11 |8681 | 811 | 8.329273e-01 | 8.866640e-01 |   6.45%| unknown
 36.6s|     1 |     0 |129090 |     - |   141M |   0 |1207 |6262 |4767 |  66 | 12 |8691 | 811 | 8.329273e-01 | 8.866640e-01 |   6.45%| unknown
 36.9s|     1 |     2 |129104 |     - |   141M |   0 |1207 |6231 |4767 |  66 | 12 |8697 | 821 | 8.329273e-01 | 8.866640e-01 |   6.45%| unknown
 38.1s|   100 |    46 |133101 |  50.8 |   145M |  20 |1207 |6262 |4703 | 111 |  1 |8813 | 838 | 8.329273e-01 | 8.866640e-01 |   6.45%|   1.49%
 time | node  | left  |LP iter|LP it/n|mem/heur|mdpt |vars |cons |rows |cuts |sepa|confs|strbr|  dualbound   | primalbound  |  gap   | compl. 
 40.1s|   200 |    62 |138741 |  51.0 |   160M |  20 |1207 |6327 |4703 | 208 |  1 |9013 | 884 | 8.329273e-01 | 8.866640e-01 |   6.45%|   2.07%
 42.9s|   300 |   121 |149138 |  52.9 |   169M |  20 |1207 |6307 |4703 | 313 |  1 |9112 | 884 | 8.329273e-01 | 8.866640e-01 |   6.45%|   2.52%
 45.3s|   400 |   143 |158569 |  54.3 |   174M |  20 |1207 |6452 |4707 | 399 |  1 |9435 | 936 | 8.329273e-01 | 8.866640e-01 |   6.45%|   2.75%
 48.0s|   500 |   162 |166314 |  55.1 |   180M |  20 |1207 |6605 |   0 | 539 |  0 |9721 | 981 | 8.329273e-01 | 8.866640e-01 |   6.45%|   2.97%
 50.0s|   600 |   170 |171879 |  55.1 |   182M |  20 |1207 |6622 |   0 | 626 |  0 |9940 |1011 | 8.329273e-01 | 8.866640e-01 |   6.45%|   3.89%
 50.9s|   700 |   174 |175660 |  54.6 |   182M |  20 |1207 |6608 |4711 | 652 |  1 |  10k|1021 | 8.329273e-01 | 8.866640e-01 |   6.45%|   4.20%
 52.9s|   800 |   188 |182569 |  55.0 |   184M |  20 |1207 |6635 |4709 | 715 |  1 |  10k|1118 | 8.329273e-01 | 8.866640e-01 |   6.45%|   4.61%
 55.6s|   900 |   189 |189008 |  55.3 |   185M |  20 |1207 |6473 |4708 | 776 |  1 |  10k|1329 | 8.329273e-01 | 8.866640e-01 |   6.45%|   6.18%
 57.7s|  1000 |   201 |198152 |  56.3 |   185M |  20 |1207 |6363 |4704 | 898 |  1 |  10k|1365 | 8.329273e-01 | 8.866640e-01 |   6.45%|   7.88%
 62.4s|  1100 |   244 |216342 |  59.8 |   187M |  20 |1207 |6421 |4709 |1059 |  1 |  11k|1541 | 8.329273e-01 | 8.866640e-01 |   6.45%|   8.67%
 65.4s|  1200 |   258 |231745 |  62.4 |   190M |  20 |1207 |6477 |   0 |1169 |  0 |  11k|1588 | 8.329273e-01 | 8.866640e-01 |   6.45%|   8.86%
 68.3s|  1300 |   287 |246204 |  64.5 |   191M |  20 |1207 |6606 |4711 |1265 |  1 |  11k|1657 | 8.329273e-01 | 8.866640e-01 |   6.45%|   9.01%
 69.9s|  1400 |   289 |253421 |  64.7 |   191M |  20 |1207 |6763 |4712 |1288 |  1 |  12k|1762 | 8.329273e-01 | 8.866640e-01 |   6.45%|   9.11%
 76.1s|  1500 |   291 |280558 |  69.9 |   195M |  20 |1207 |6772 |4712 |1422 |  1 |  12k|2149 | 8.329273e-01 | 8.866640e-01 |   6.45%|   9.29%
 78.0s|  1600 |   279 |289810 |  70.5 |   196M |  20 |1207 |6919 |   0 |1432 |  0 |  13k|2361 | 8.329273e-01 | 8.866640e-01 |   6.45%|   9.41%
 time | node  | left  |LP iter|LP it/n|mem/heur|mdpt |vars |cons |rows |cuts |sepa|confs|strbr|  dualbound   | primalbound  |  gap   | compl. 
 81.6s|  1700 |   281 |305535 |  72.5 |   198M |  20 |1207 |6806 |4706 |1591 |  1 |  13k|2531 | 8.329273e-01 | 8.866640e-01 |   6.45%|   9.83%
 95.6s|  1800 |   298 |337028 |  78.2 |   202M |  20 |1207 |7528 |4713 |1930 |  1 |  14k|3729 | 8.329273e-01 | 8.866640e-01 |   6.45%|  10.24%
  103s|  1900 |   295 |349888 |  79.3 |   203M |  20 |1207 |7745 |4703 |2105 |  1 |  15k|4625 | 8.329273e-01 | 8.866640e-01 |   6.45%|  10.44%
* 105s|  1929 |   300 |350943 |  79.1 |strongbr|  20 |1207 |7959 |4721 |2227 |  4 |  15k|4732 | 8.329273e-01 | 8.831111e-01 |   6.02%|  10.56%
  110s|  2000 |   299 |358842 |  79.6 |   205M |  20 |1207 |7305 |4712 |2579 |  2 |  16k|5192 | 8.329273e-01 | 8.831111e-01 |   6.02%|  12.48%
  114s|  2100 |   294 |369532 |  80.2 |   206M |  20 |1207 |7404 |4720 |2754 |  1 |  17k|5676 | 8.329273e-01 | 8.831111e-01 |   6.02%|  15.39%
  117s|  2200 |   311 |377914 |  80.2 |   206M |  20 |1207 |7502 |   0 |2951 |  0 |  17k|5858 | 8.329273e-01 | 8.831111e-01 |   6.02%|  15.70%
  120s|  2300 |   305 |390915 |  81.3 |   207M |  20 |1207 |7689 |4708 |3083 |  3 |  17k|6201 | 8.329273e-01 | 8.831111e-01 |   6.02%|  16.86%
  121s|  2400 |   312 |394427 |  80.3 |   208M |  20 |1207 |7721 |4707 |3116 |  1 |  18k|6275 | 8.329273e-01 | 8.831111e-01 |   6.02%|  18.51%
  132s|  2500 |   347 |434905 |  86.8 |   211M |  20 |1207 |7474 |4722 |3446 |  4 |  18k|6957 | 8.329273e-01 | 8.831111e-01 |   6.02%|  20.07%
  138s|  2600 |   364 |458159 |  89.7 |   213M |  21 |1207 |7458 |4714 |3753 |  1 |  19k|7338 | 8.329273e-01 | 8.831111e-01 |   6.02%|  21.06%
  143s|  2700 |   386 |483042 |  92.8 |   216M |  21 |1207 |7573 |4720 |4035 |  1 |  19k|7635 | 8.329273e-01 | 8.831111e-01 |   6.02%|  21.87%
  144s|  2800 |   383 |489683 |  92.3 |   216M |  23 |1207 |7735 |4711 |4107 |  4 |  20k|7762 | 8.329273e-01 | 8.831111e-01 |   6.02%|  23.06%
  147s|  2900 |   391 |498250 |  92.1 |   217M |  23 |1207 |7809 |   0 |4183 |  0 |  20k|7982 | 8.329273e-01 | 8.831111e-01 |   6.02%|  23.74%
  149s|  3000 |   396 |503390 |  91.4 |   217M |  23 |1207 |7785 |   0 |4299 |  0 |  20k|8049 | 8.329273e-01 | 8.831111e-01 |   6.02%|  24.32%
 time | node  | left  |LP iter|LP it/n|mem/heur|mdpt |vars |cons |rows |cuts |sepa|confs|strbr|  dualbound   | primalbound  |  gap   | compl. 
  149s|  3100 |   392 |507597 |  90.5 |   217M |  24 |1207 |7878 |4725 |4388 |  6 |  20k|8053 | 8.329273e-01 | 8.831111e-01 |   6.02%|  24.96%
  151s|  3200 |   392 |519783 |  91.1 |   217M |  24 |1207 |7958 |4718 |4468 |  1 |  21k|8134 | 8.329273e-01 | 8.831111e-01 |   6.02%|  25.50%
d 154s|  3270 |   393 |531062 |  91.9 |conflict|  26 |1207 |7776 |4725 |   0 |  1 |  21k|8261 | 8.329273e-01 | 8.766234e-01 |   5.25%|  27.00%
  154s|  3300 |   398 |532988 |  91.8 |   218M |  26 |1207 |7582 |4716 |4652 |  1 |  21k|8272 | 8.329273e-01 | 8.766234e-01 |   5.25%|  27.96%
  156s|  3400 |   396 |538327 |  91.1 |   218M |  26 |1207 |7653 |   0 |4701 |  0 |  21k|8305 | 8.329273e-01 | 8.766234e-01 |   5.25%|  29.31%
  159s|  3500 |   418 |559333 |  93.1 |   219M |  26 |1207 |7393 |4715 |4961 |  1 |  21k|8416 | 8.329273e-01 | 8.766234e-01 |   5.25%|  31.54%
  164s|  3600 |   435 |582364 |  95.4 |   223M |  26 |1207 |7206 |4707 |5291 |  1 |  22k|8587 | 8.329273e-01 | 8.766234e-01 |   5.25%|  32.63%
  168s|  3700 |   434 |593281 |  95.6 |   228M |  26 |1207 |7256 |4715 |5568 |  1 |  22k|8693 | 8.329273e-01 | 8.766234e-01 |   5.25%|  35.58%
  171s|  3800 |   432 |608566 |  96.5 |   228M |  26 |1207 |7107 |   0 |5677 |  0 |  22k|8797 | 8.329273e-01 | 8.766234e-01 |   5.25%|  36.56%
  173s|  3900 |   433 |618971 |  96.6 |   231M |  26 |1207 |7204 |4708 |5863 |  1 |  22k|8838 | 8.329273e-01 | 8.766234e-01 |   5.25%|  37.26%
  178s|  4000 |   477 |649219 |  99.8 |   233M |  26 |1207 |7002 |4719 |6026 |  1 |  23k|8936 | 8.329273e-01 | 8.766234e-01 |   5.25%|  38.20%
  181s|  4100 |   476 |663296 | 100.4 |   234M |  26 |1207 |7152 |4716 |6139 |  1 |  23k|8963 | 8.329273e-01 | 8.766234e-01 |   5.25%|  40.00%
  182s|  4200 |   474 |675269 | 100.7 |   237M |  26 |1207 |7202 |4708 |6240 |  0 |  23k|8971 | 8.329273e-01 | 8.766234e-01 |   5.25%|  41.45%
  183s|  4300 |   477 |680788 | 100.0 |   237M |  26 |1207 |7159 |4733 |6392 |  3 |  24k|8977 | 8.329273e-01 | 8.766234e-01 |   5.25%|  42.98%
  185s|  4400 |   479 |691706 | 100.2 |   238M |  26 |1207 |7243 |4728 |6495 |  1 |  24k|8983 | 8.329273e-01 | 8.766234e-01 |   5.25%|  43.73%
 time | node  | left  |LP iter|LP it/n|mem/heur|mdpt |vars |cons |rows |cuts |sepa|confs|strbr|  dualbound   | primalbound  |  gap   | compl. 
  187s|  4500 |   473 |699254 |  99.8 |   238M |  26 |1207 |7178 |4709 |6578 |  1 |  24k|8996 | 8.329273e-01 | 8.766234e-01 |   5.25%|  46.00%
L 188s|  4535 |   475 |706290 | 100.3 |    rins|  26 |1207 |7242 |4721 |6700 |  1 |  24k|9008 | 8.329273e-01 | 8.766234e-01 |   5.25%|  46.25%
  189s|  4600 |   487 |711967 | 100.2 |   239M |  26 |1207 |7236 |   0 |6748 |  0 |  24k|9038 | 8.329273e-01 | 8.766234e-01 |   5.25%|  47.24%
  191s|  4700 |   501 |722867 | 100.3 |   240M |  26 |1207 |7280 |4718 |6835 |  0 |  24k|9066 | 8.329273e-01 | 8.766234e-01 |   5.25%|  47.57%
  194s|  4800 |   523 |743295 | 101.7 |   240M |  26 |1207 |7261 |4716 |7020 |  1 |  25k|9098 | 8.329273e-01 | 8.766234e-01 |   5.25%|  48.09%
  196s|  4900 |   527 |756815 | 102.2 |   240M |  26 |1207 |7319 |4724 |7100 |  1 |  25k|9111 | 8.329273e-01 | 8.766234e-01 |   5.25%|  48.28%
  197s|  5000 |   539 |767686 | 102.3 |   241M |  26 |1207 |7378 |4735 |7251 |  3 |  25k|9119 | 8.329273e-01 | 8.766234e-01 |   5.25%|  49.42%
  198s|  5100 |   538 |771904 | 101.5 |   241M |  26 |1207 |7437 |4720 |7333 |  0 |  25k|9122 | 8.329273e-01 | 8.766234e-01 |   5.25%|  49.71%
  200s|  5200 |   527 |777202 | 100.9 |   242M |  26 |1207 |7440 |4737 |7476 |  0 |  25k|9125 | 8.329273e-01 | 8.766234e-01 |   5.25%|  50.83%
  202s|  5300 |   532 |794236 | 101.7 |   242M |  26 |1207 |7544 |4713 |7592 |  1 |  26k|9209 | 8.329273e-01 | 8.766234e-01 |   5.25%|  52.39%
  205s|  5400 |   512 |810062 | 102.5 |   243M |  26 |1207 |7563 |4709 |7741 |  1 |  26k|9398 | 8.329273e-01 | 8.766234e-01 |   5.25%|  55.44%
  206s|  5500 |   511 |817760 | 102.1 |   243M |  26 |1207 |7716 |4707 |7768 |  1 |  26k|9577 | 8.329273e-01 | 8.766234e-01 |   5.25%|  57.44%
  208s|  5600 |   532 |829845 | 102.4 |   244M |  26 |1207 |7747 |4714 |7880 |  1 |  27k|9689 | 8.329273e-01 | 8.766234e-01 |   5.25%|  58.17%
  209s|  5700 |   518 |835607 | 101.8 |   244M |  26 |1207 |7796 |4720 |7962 |  2 |  27k|9736 | 8.329273e-01 | 8.766234e-01 |   5.25%|  59.42%
  211s|  5800 |   533 |843219 | 101.5 |   244M |  26 |1207 |7829 |   0 |8044 |  0 |  27k|9780 | 8.329273e-01 | 8.766234e-01 |   5.25%|  59.81%
 time | node  | left  |LP iter|LP it/n|mem/heur|mdpt |vars |cons |rows |cuts |sepa|confs|strbr|  dualbound   | primalbound  |  gap   | compl. 
  212s|  5900 |   532 |849978 | 101.1 |   247M |  26 |1207 |7876 |   0 |8143 |  0 |  27k|9822 | 8.329273e-01 | 8.766234e-01 |   5.25%|  61.10%
  217s|  6000 |   545 |873122 | 102.6 |   248M |  26 |1207 |7824 |   0 |8397 |  0 |  28k|9951 | 8.329273e-01 | 8.766234e-01 |   5.25%|  61.64%
  218s|  6100 |   530 |880021 | 102.3 |   249M |  26 |1207 |7750 |4721 |8454 |  1 |  28k|9972 | 8.329273e-01 | 8.766234e-01 |   5.25%|  63.51%
  220s|  6200 |   536 |889107 | 102.1 |   249M |  26 |1207 |7751 |   0 |8548 |  0 |  28k|  10k| 8.349008e-01 | 8.766234e-01 |   5.00%|  64.43%
  222s|  6300 |   495 |900596 | 102.3 |   250M |  26 |1207 |7809 |4722 |8644 |  1 |  28k|  10k| 8.349226e-01 | 8.766234e-01 |   4.99%|  66.61%
  225s|  6400 |   480 |911918 | 102.4 |   251M |  26 |1207 |7765 |   0 |8785 |  0 |  29k|  10k| 8.350927e-01 | 8.766234e-01 |   4.97%|  67.54%
  227s|  6500 |   460 |926285 | 102.9 |   251M |  26 |1207 |7726 |4716 |8840 |  2 |  29k|  10k| 8.367635e-01 | 8.766234e-01 |   4.76%|  69.53%
  228s|  6600 |   467 |933330 | 102.5 |   251M |  26 |1207 |7738 |4723 |8875 |  1 |  29k|  10k| 8.375524e-01 | 8.766234e-01 |   4.66%|  70.06%
  229s|  6700 |   463 |938031 | 101.9 |   251M |  26 |1207 |7655 |4716 |8899 |  1 |  29k|  10k| 8.380833e-01 | 8.766234e-01 |   4.60%|  70.68%
  232s|  6800 |   466 |950991 | 102.2 |   251M |  26 |1207 |7763 |4722 |9048 |  0 |  30k|  10k| 8.382297e-01 | 8.766234e-01 |   4.58%|  71.12%
  233s|  6900 |   453 |953624 | 101.4 |   251M |  26 |1207 |7908 |4720 |9077 |  1 |  30k|  10k| 8.383238e-01 | 8.766234e-01 |   4.57%|  72.18%
  234s|  7000 |   441 |958606 | 100.8 |   252M |  26 |1207 |7883 |4730 |9134 |  1 |  30k|  10k| 8.383540e-01 | 8.766234e-01 |   4.56%|  73.38%
  234s|  7100 |   431 |964089 | 100.4 |   252M |  26 |1207 |7961 |4722 |9137 |  2 |  30k|  10k| 8.383651e-01 | 8.766234e-01 |   4.56%|  74.14%
  236s|  7200 |   417 |967704 |  99.7 |   252M |  26 |1207 |8026 |4729 |9260 |  2 |  31k|  10k| 8.384429e-01 | 8.766234e-01 |   4.55%|  75.15%
  237s|  7300 |   397 |972195 |  99.1 |   252M |  26 |1207 |8185 |   0 |9260 |  0 |  31k|  10k| 8.384696e-01 | 8.766234e-01 |   4.55%|  75.86%
 time | node  | left  |LP iter|LP it/n|mem/heur|mdpt |vars |cons |rows |cuts |sepa|confs|strbr|  dualbound   | primalbound  |  gap   | compl. 
  238s|  7400 |   377 |980704 |  99.0 |   252M |  26 |1207 |8215 |   0 |9310 |  0 |  31k|  10k| 8.384696e-01 | 8.766234e-01 |   4.55%|  76.57%
  239s|  7500 |   345 |985850 |  98.5 |   253M |  26 |1207 |8218 |4721 |9327 |  1 |  32k|  10k| 8.386176e-01 | 8.766234e-01 |   4.53%|  78.96%
  240s|  7600 |   302 |989785 |  97.9 |   253M |  26 |1207 |8179 |4720 |9359 |  1 |  32k|  10k| 8.388122e-01 | 8.766234e-01 |   4.51%|  82.16%
  241s|  7700 |   280 |993816 |  97.4 |   253M |  26 |1207 |8286 |4717 |9382 |  1 |  32k|  10k| 8.390878e-01 | 8.766234e-01 |   4.47%|  83.66%
  242s|  7800 |   282 |  1001k|  97.2 |   253M |  26 |1207 |8368 |4721 |9415 |  1 |  32k|  10k| 8.393250e-01 | 8.766234e-01 |   4.44%|  84.45%
  243s|  7900 |   238 |  1005k|  96.6 |   253M |  26 |1207 |8382 |   0 |9415 |  0 |  33k|  10k| 8.395131e-01 | 8.766234e-01 |   4.42%|  85.98%
  243s|  8000 |   214 |  1010k|  96.2 |   253M |  26 |1207 |8484 |4722 |9424 |  1 |  33k|  10k| 8.396093e-01 | 8.766234e-01 |   4.41%|  87.00%
  244s|  8100 |   193 |  1015k|  95.7 |   253M |  26 |1207 |8525 |4718 |9456 |  0 |  33k|  10k| 8.396093e-01 | 8.766234e-01 |   4.41%|  87.80%
  245s|  8200 |   186 |  1018k|  95.1 |   254M |  26 |1207 |8418 |4715 |9488 |  1 |  33k|  11k| 8.398504e-01 | 8.766234e-01 |   4.38%|  88.35%
  246s|  8300 |   179 |  1023k|  94.7 |   254M |  26 |1207 |8461 |4709 |9540 |  1 |  33k|  11k| 8.401300e-01 | 8.766234e-01 |   4.34%|  89.27%
  246s|  8400 |   155 |  1027k|  94.2 |   254M |  26 |1207 |8547 |4726 |9561 |  1 |  34k|  11k| 8.407964e-01 | 8.766234e-01 |   4.26%|  90.16%
  247s|  8500 |   130 |  1029k|  93.5 |   254M |  26 |1207 |8341 |   0 |9577 |  0 |  34k|  11k| 8.411165e-01 | 8.766234e-01 |   4.22%|  91.17%
  247s|  8600 |   110 |  1032k|  92.9 |   254M |  26 |1207 |8330 |4718 |9604 |  1 |  34k|  11k| 8.415829e-01 | 8.766234e-01 |   4.16%|  92.37%
  248s|  8700 |    73 |  1034k|  92.3 |   254M |  26 |1207 |8305 |4722 |9642 |  1 |  34k|  11k| 8.418654e-01 | 8.766234e-01 |   4.13%|  94.67%
  248s|  8800 |    41 |  1037k|  91.8 |   254M |  26 |1207 |8204 |   0 |9663 |  0 |  34k|  11k| 8.441438e-01 | 8.766234e-01 |   3.85%|  96.91%
 time | node  | left  |LP iter|LP it/n|mem/heur|mdpt |vars |cons |rows |cuts |sepa|confs|strbr|  dualbound   | primalbound  |  gap   | compl. 
  249s|  8900 |    12 |  1039k|  91.1 |   254M |  26 |1207 |7630 |   0 |9689 |  0 |  35k|  11k| 8.631998e-01 | 8.766234e-01 |   1.56%|  99.44%

SCIP Status        : problem is solved [optimal solution found]
Solving Time (sec) : 249.32
Solving Nodes      : 8934 (total of 11426 nodes in 2 runs)
Primal Bound       : +8.76623350412069e-01 (13 solutions)
Dual Bound         : +8.76623350412069e-01
Gap                : 0.00 %
objective value:                    0.876623350412069
x_('12_1', '13_1')                                  1 	(obj:0)
x_('11_1', '12_1')                                  1 	(obj:0)
x_('10_3', '11_1')                                  1 	(obj:0)
x_('9_6', '10_3')                                   1 	(obj:0)
x_('8_2', '9_6')                                    1 	(obj:0)
x_('7_1', '8_2')                                    1 	(obj:0)
x_('6_4', '7_1')                                    1 	(obj:0)
x_('5_6', '6_4')                                    1 	(obj:0)
x_('4_4', '5_6')                                    1 	(obj:0)
x_('3_4', '4_4')                                    1 	(obj:0)
x_('2_3', '3_4')                                    1 	(obj:0)
x_('1_2', '2_3')                                    1 	(obj:0)
x_('0_1', '1_2')                                    1 	(obj:0)
y_0_0                                               1 	(obj:0)
y_1_0                                               1 	(obj:0)
y_2_0                                               1 	(obj:0)
y_3_0                                               1 	(obj:0)
y_4_1                                               1 	(obj:0)
y_5_1                                               1 	(obj:0)
y_6_1                                               1 	(obj:0)
y_7_2                                               1 	(obj:0)
y_8_2                                               1 	(obj:0)
y_9_3                                               1 	(obj:0)
y_10_3                                              1 	(obj:0)
y_11_3                                              1 	(obj:0)
y_12_3                                              1 	(obj:0)
z_('3268741', '3425762')_3                          1 	(obj:0)
z_('3268741', '1966592X')_3                         1 	(obj:0)
z_('1966592X', '3452192')_2                         1 	(obj:0)
z_('3452192', '1353870')_3                          1 	(obj:0)
z_('3452192', '3520162')_2                          1 	(obj:0)
z_('3520162', '3307092')_3                          1 	(obj:0)
z_('3520162', '3524054')_1                          1 	(obj:0)
z_('3268740', '3524054')_0                          1 	(obj:0)
z_('3524054', '3179975')_0                          1 	(obj:0)
z_('3179975', '3422998')_0                          1 	(obj:0)
z_('3422998', '2495223X')_1                         1 	(obj:0)
z_('3422998', '1353870_01')_0                       1 	(obj:0)
z_('2495223X', '2245784X')_1                        1 	(obj:0)
alpha                                3.41867469879518 	(obj:0.256421984437715)
  obj=0.877  alpha=567.5s  time=249.42s

k = 1
  Subgraph edges — edge_w: 13 (1.2%)  bal_w: 13 (1.2%)  combined: 26 (2.4%)  blended: 13 (1.2%)  blended_union: 37 (3.3%)  diverse: 13 (1.2%)
  [3a] Subgraph / edge_w   k=1 …
2026-07-01 19:18:33.768 | INFO     | pycaalp.time_balancing.model:run_mip:430 - Running MIP solver ...
      obj=0.902 (vs_full=+2.91%)  alpha=584.0s  build=0.001s solve=0.031s  vs_full=+2.91%
  [3b] Subgraph / bal_w    k=1 …
2026-07-01 19:18:33.800 | INFO     | pycaalp.time_balancing.model:run_mip:430 - Running MIP solver ...
      obj=0.923 (vs_full=+5.35%)  alpha=597.8s  build=0.001s solve=0.182s  vs_full=+5.35%
  [3c] Subgraph / combined k=1 …
2026-07-01 19:18:33.982 | INFO     | pycaalp.time_balancing.model:run_mip:430 - Running MIP solver ...
      obj=0.902 (vs_full=+2.91%)  alpha=584.0s  build=0.001s solve=0.590s  vs_full=+2.91%
  [3d] Subgraph / blended  k=1 …
2026-07-01 19:18:34.572 | INFO     | pycaalp.time_balancing.model:run_mip:430 - Running MIP solver ...
      obj=0.888 (vs_full=+1.25%)  alpha=574.6s  build=0.001s solve=0.026s  vs_full=+1.25%
  [3e] Subgraph / bl-union k=1 …
2026-07-01 19:18:34.598 | INFO     | pycaalp.time_balancing.model:run_mip:430 - Running MIP solver ...
      obj=0.888 (vs_full=+1.25%)  alpha=574.6s  build=0.010s solve=0.127s  vs_full=+1.25%
  [3f] Subgraph / diverse  k=1 …
2026-07-01 19:18:34.725 | INFO     | pycaalp.time_balancing.model:run_mip:430 - Running MIP solver ...
      obj=0.888 (vs_full=+1.25%)  alpha=574.6s  build=0.003s solve=0.027s  vs_full=+1.25%

k = 2
  Subgraph edges — edge_w: 15 (1.4%)  bal_w: 15 (1.4%)  combined: 30 (2.7%)  blended: 15 (1.4%)  blended_union: 43 (3.9%)  diverse: 26 (2.4%)
  [3a] Subgraph / edge_w   k=2 …
2026-07-01 19:18:34.791 | INFO     | pycaalp.time_balancing.model:run_mip:430 - Running MIP solver ...
      obj=0.902 (vs_full=+2.91%)  alpha=584.0s  build=0.004s solve=0.206s  vs_full=+2.91%
  [3b] Subgraph / bal_w    k=2 …
2026-07-01 19:18:34.996 | INFO     | pycaalp.time_balancing.model:run_mip:430 - Running MIP solver ...
      obj=0.923 (vs_full=+5.35%)  alpha=597.8s  build=0.003s solve=0.108s  vs_full=+5.35%
  [3c] Subgraph / combined k=2 …
2026-07-01 19:18:35.104 | INFO     | pycaalp.time_balancing.model:run_mip:430 - Running MIP solver ...
      obj=0.902 (vs_full=+2.91%)  alpha=584.0s  build=0.006s solve=1.182s  vs_full=+2.91%
  [3d] Subgraph / blended  k=2 …
2026-07-01 19:18:36.286 | INFO     | pycaalp.time_balancing.model:run_mip:430 - Running MIP solver ...
      obj=0.888 (vs_full=+1.25%)  alpha=574.6s  build=0.003s solve=0.223s  vs_full=+1.25%
  [3e] Subgraph / bl-union k=2 …
2026-07-01 19:18:36.509 | INFO     | pycaalp.time_balancing.model:run_mip:430 - Running MIP solver ...
      obj=0.888 (vs_full=+1.25%)  alpha=574.6s  build=0.019s solve=0.187s  vs_full=+1.25%
  [3f] Subgraph / diverse  k=2 …
2026-07-01 19:18:36.697 | INFO     | pycaalp.time_balancing.model:run_mip:430 - Running MIP solver ...
      obj=0.888 (vs_full=+1.25%)  alpha=574.6s  build=0.004s solve=0.334s  vs_full=+1.25%

k = 5
  Subgraph edges — edge_w: 21 (1.9%)  bal_w: 27 (2.4%)  combined: 48 (4.3%)  blended: 21 (1.9%)  blended_union: 60 (5.4%)  diverse: 65 (5.9%)
  [3a] Subgraph / edge_w   k=5 …
2026-07-01 19:18:37.127 | INFO     | pycaalp.time_balancing.model:run_mip:430 - Running MIP solver ...
      obj=0.902 (vs_full=+2.91%)  alpha=584.0s  build=0.011s solve=0.148s  vs_full=+2.91%
  [3b] Subgraph / bal_w    k=5 …
2026-07-01 19:18:37.275 | INFO     | pycaalp.time_balancing.model:run_mip:430 - Running MIP solver ...
      obj=0.905 (vs_full=+3.28%)  alpha=586.1s  build=0.007s solve=0.294s  vs_full=+3.28%
  [3c] Subgraph / combined k=5 …
2026-07-01 19:18:37.569 | INFO     | pycaalp.time_balancing.model:run_mip:430 - Running MIP solver ...
      obj=0.902 (vs_full=+2.91%)  alpha=584.0s  build=0.018s solve=0.190s  vs_full=+2.91%
  [3d] Subgraph / blended  k=5 …
2026-07-01 19:18:37.759 | INFO     | pycaalp.time_balancing.model:run_mip:430 - Running MIP solver ...
      obj=0.888 (vs_full=+1.25%)  alpha=574.6s  build=0.010s solve=0.219s  vs_full=+1.25%
  [3e] Subgraph / bl-union k=5 …
2026-07-01 19:18:37.979 | INFO     | pycaalp.time_balancing.model:run_mip:430 - Running MIP solver ...
      obj=0.888 (vs_full=+1.25%)  alpha=574.6s  build=0.045s solve=0.249s  vs_full=+1.25%
  [3f] Subgraph / diverse  k=5 …
2026-07-01 19:18:38.228 | INFO     | pycaalp.time_balancing.model:run_mip:430 - Running MIP solver ...
      obj=0.883 (vs_full=+0.74%)  alpha=571.7s  build=0.005s solve=0.306s  vs_full=+0.74%

k = 10
  Subgraph edges — edge_w: 24 (2.2%)  bal_w: 38 (3.4%)  combined: 62 (5.6%)  blended: 31 (2.8%)  blended_union: 76 (6.9%)  diverse: 126 (11.4%)
  [3a] Subgraph / edge_w   k=10 …
2026-07-01 19:18:38.718 | INFO     | pycaalp.time_balancing.model:run_mip:430 - Running MIP solver ...
      obj=0.902 (vs_full=+2.91%)  alpha=584.0s  build=0.023s solve=0.927s  vs_full=+2.91%
  [3b] Subgraph / bal_w    k=10 …
2026-07-01 19:18:39.645 | INFO     | pycaalp.time_balancing.model:run_mip:430 - Running MIP solver ...
      obj=0.905 (vs_full=+3.28%)  alpha=586.1s  build=0.014s solve=0.206s  vs_full=+3.28%
  [3c] Subgraph / combined k=10 …
2026-07-01 19:18:39.851 | INFO     | pycaalp.time_balancing.model:run_mip:430 - Running MIP solver ...
      obj=0.902 (vs_full=+2.91%)  alpha=584.0s  build=0.037s solve=0.319s  vs_full=+2.91%
  [3d] Subgraph / blended  k=10 …
2026-07-01 19:18:40.170 | INFO     | pycaalp.time_balancing.model:run_mip:430 - Running MIP solver ...
      obj=0.888 (vs_full=+1.25%)  alpha=574.6s  build=0.021s solve=0.173s  vs_full=+1.25%
  [3e] Subgraph / bl-union k=10 …
2026-07-01 19:18:40.343 | INFO     | pycaalp.time_balancing.model:run_mip:430 - Running MIP solver ...
      obj=0.888 (vs_full=+1.25%)  alpha=574.6s  build=0.082s solve=0.378s  vs_full=+1.25%
  [3f] Subgraph / diverse  k=10 …
2026-07-01 19:18:40.721 | INFO     | pycaalp.time_balancing.model:run_mip:430 - Running MIP solver ...
      obj=0.883 (vs_full=+0.74%)  alpha=571.7s  build=0.007s solve=1.429s  vs_full=+0.74%

k = 20
  Subgraph edges — edge_w: 35 (3.2%)  bal_w: 42 (3.8%)  combined: 77 (7.0%)  blended: 33 (3.0%)  blended_union: 92 (8.3%)  diverse: 239 (21.6%)
  [3a] Subgraph / edge_w   k=20 …
2026-07-01 19:18:42.546 | INFO     | pycaalp.time_balancing.model:run_mip:430 - Running MIP solver ...
      obj=0.902 (vs_full=+2.91%)  alpha=584.0s  build=0.048s solve=0.685s  vs_full=+2.91%
  [3b] Subgraph / bal_w    k=20 …
2026-07-01 19:18:43.231 | INFO     | pycaalp.time_balancing.model:run_mip:430 - Running MIP solver ...
      obj=0.905 (vs_full=+3.28%)  alpha=586.1s  build=0.032s solve=0.358s  vs_full=+3.28%
  [3c] Subgraph / combined k=20 …
2026-07-01 19:18:43.589 | INFO     | pycaalp.time_balancing.model:run_mip:430 - Running MIP solver ...
      obj=0.902 (vs_full=+2.91%)  alpha=584.0s  build=0.080s solve=0.436s  vs_full=+2.91%
  [3d] Subgraph / blended  k=20 …
2026-07-01 19:18:44.025 | INFO     | pycaalp.time_balancing.model:run_mip:430 - Running MIP solver ...
      obj=0.888 (vs_full=+1.25%)  alpha=574.6s  build=0.047s solve=0.203s  vs_full=+1.25%
  [3e] Subgraph / bl-union k=20 …
2026-07-01 19:18:44.229 | INFO     | pycaalp.time_balancing.model:run_mip:430 - Running MIP solver ...
      obj=0.888 (vs_full=+1.25%)  alpha=574.6s  build=0.179s solve=0.488s  vs_full=+1.25%
  [3f] Subgraph / diverse  k=20 …
2026-07-01 19:18:44.717 | INFO     | pycaalp.time_balancing.model:run_mip:430 - Running MIP solver ...
      obj=0.883 (vs_full=+0.74%)  alpha=571.7s  build=0.010s solve=3.647s  vs_full=+0.74%

k = 50
  Subgraph edges — edge_w: 54 (4.9%)  bal_w: 63 (5.7%)  combined: 116 (10.5%)  blended: 45 (4.1%)  blended_union: 125 (11.3%)  diverse: 498 (45.1%)
  [3a] Subgraph / edge_w   k=50 …
2026-07-01 19:18:49.308 | INFO     | pycaalp.time_balancing.model:run_mip:430 - Running MIP solver ...
      obj=0.902 (vs_full=+2.91%)  alpha=584.0s  build=0.118s solve=0.259s  vs_full=+2.91%
  [3b] Subgraph / bal_w    k=50 …
2026-07-01 19:18:49.567 | INFO     | pycaalp.time_balancing.model:run_mip:430 - Running MIP solver ...
      obj=0.905 (vs_full=+3.28%)  alpha=586.1s  build=0.087s solve=0.467s  vs_full=+3.28%
  [3c] Subgraph / combined k=50 …
2026-07-01 19:18:50.035 | INFO     | pycaalp.time_balancing.model:run_mip:430 - Running MIP solver ...
      obj=0.902 (vs_full=+2.91%)  alpha=584.0s  build=0.195s solve=1.278s  vs_full=+2.91%
  [3d] Subgraph / blended  k=50 …
2026-07-01 19:18:51.313 | INFO     | pycaalp.time_balancing.model:run_mip:430 - Running MIP solver ...
      obj=0.888 (vs_full=+1.25%)  alpha=574.6s  build=0.103s solve=0.254s  vs_full=+1.25%
  [3e] Subgraph / bl-union k=50 …
2026-07-01 19:18:51.566 | INFO     | pycaalp.time_balancing.model:run_mip:430 - Running MIP solver ...
      obj=0.888 (vs_full=+1.25%)  alpha=574.6s  build=0.418s solve=0.828s  vs_full=+1.25%
  [3f] Subgraph / diverse  k=50 …
2026-07-01 19:18:52.395 | INFO     | pycaalp.time_balancing.model:run_mip:430 - Running MIP solver ...
      obj=0.883 (vs_full=+0.74%)  alpha=571.7s  build=0.024s solve=20.369s  vs_full=+0.74%

k = 100
  Subgraph edges — edge_w: 78 (7.1%)  bal_w: 86 (7.8%)  combined: 162 (14.7%)  blended: 48 (4.3%)  blended_union: 153 (13.8%)  diverse: 741 (67.1%)
  [3a] Subgraph / edge_w   k=100 …
2026-07-01 19:19:14.626 | INFO     | pycaalp.time_balancing.model:run_mip:430 - Running MIP solver ...
      obj=0.902 (vs_full=+2.91%)  alpha=584.0s  build=0.218s solve=0.433s  vs_full=+2.91%
  [3b] Subgraph / bal_w    k=100 …
2026-07-01 19:19:15.059 | INFO     | pycaalp.time_balancing.model:run_mip:430 - Running MIP solver ...
      obj=0.887 (vs_full=+1.15%)  alpha=574.0s  build=0.169s solve=0.849s  vs_full=+1.15%
  [3c] Subgraph / combined k=100 …
2026-07-01 19:19:15.908 | INFO     | pycaalp.time_balancing.model:run_mip:430 - Running MIP solver ...
      obj=0.887 (vs_full=+1.15%)  alpha=574.0s  build=0.354s solve=1.786s  vs_full=+1.15%
  [3d] Subgraph / blended  k=100 …
2026-07-01 19:19:17.695 | INFO     | pycaalp.time_balancing.model:run_mip:430 - Running MIP solver ...
      obj=0.888 (vs_full=+1.25%)  alpha=574.6s  build=0.225s solve=1.138s  vs_full=+1.25%
  [3e] Subgraph / bl-union k=100 …
2026-07-01 19:19:18.832 | INFO     | pycaalp.time_balancing.model:run_mip:430 - Running MIP solver ...
      obj=0.888 (vs_full=+1.25%)  alpha=574.6s  build=0.843s solve=0.883s  vs_full=+1.25%
  [3f] Subgraph / diverse  k=100 …
2026-07-01 19:19:19.716 | INFO     | pycaalp.time_balancing.model:run_mip:430 - Running MIP solver ...
      obj=0.877 (vs_full=+0.00%)  alpha=567.5s  build=0.053s solve=86.125s  vs_full=+0.00%

k = 200
  Subgraph edges — edge_w: 95 (8.6%)  bal_w: 111 (10.0%)  combined: 202 (18.3%)  blended: 48 (4.3%)  blended_union: 177 (16.0%)  diverse: 911 (82.4%)
  [3a] Subgraph / edge_w   k=200 …
2026-07-01 19:20:49.090 | INFO     | pycaalp.time_balancing.model:run_mip:430 - Running MIP solver ...
      obj=0.902 (vs_full=+2.91%)  alpha=584.0s  build=0.427s solve=0.554s  vs_full=+2.91%
  [3b] Subgraph / bal_w    k=200 …
2026-07-01 19:20:49.644 | INFO     | pycaalp.time_balancing.model:run_mip:430 - Running MIP solver ...
      obj=0.887 (vs_full=+1.15%)  alpha=574.0s  build=0.240s solve=1.248s  vs_full=+1.15%
  [3c] Subgraph / combined k=200 …
2026-07-01 19:20:50.892 | INFO     | pycaalp.time_balancing.model:run_mip:430 - Running MIP solver ...
      obj=0.887 (vs_full=+1.15%)  alpha=574.0s  build=0.639s solve=2.115s  vs_full=+1.15%
  [3d] Subgraph / blended  k=200 …
2026-07-01 19:20:53.008 | INFO     | pycaalp.time_balancing.model:run_mip:430 - Running MIP solver ...
      obj=0.888 (vs_full=+1.25%)  alpha=574.6s  build=0.420s solve=1.022s  vs_full=+1.25%
  [3e] Subgraph / bl-union k=200 …
2026-07-01 19:20:54.030 | INFO     | pycaalp.time_balancing.model:run_mip:430 - Running MIP solver ...
      obj=0.888 (vs_full=+1.25%)  alpha=574.6s  build=1.421s solve=1.129s  vs_full=+1.25%
  [3f] Subgraph / diverse  k=200 …
2026-07-01 19:20:55.160 | INFO     | pycaalp.time_balancing.model:run_mip:430 - Running MIP solver ...
      obj=0.877 (vs_full=+0.00%)  alpha=567.5s  build=0.103s solve=97.664s  vs_full=+0.00%

k = 500
  Subgraph edges — edge_w: 108 (9.8%)  bal_w: 153 (13.8%)  combined: 257 (23.3%)  blended: 48 (4.3%)  blended_union: 245 (22.2%)  diverse: 1040 (94.1%)
  [3a] Subgraph / edge_w   k=500 …
2026-07-01 19:22:41.150 | INFO     | pycaalp.time_balancing.model:run_mip:430 - Running MIP solver ...
      obj=0.898 (vs_full=+2.40%)  alpha=581.1s  build=1.019s solve=0.631s  vs_full=+2.40%
  [3b] Subgraph / bal_w    k=500 …
2026-07-01 19:22:41.781 | INFO     | pycaalp.time_balancing.model:run_mip:430 - Running MIP solver ...
      obj=0.887 (vs_full=+1.15%)  alpha=574.0s  build=0.664s solve=1.753s  vs_full=+1.15%
  [3c] Subgraph / combined k=500 …
2026-07-01 19:22:43.534 | INFO     | pycaalp.time_balancing.model:run_mip:430 - Running MIP solver ...
      obj=0.887 (vs_full=+1.15%)  alpha=574.0s  build=1.695s solve=2.142s  vs_full=+1.15%
  [3d] Subgraph / blended  k=500 …
2026-07-01 19:22:45.676 | INFO     | pycaalp.time_balancing.model:run_mip:430 - Running MIP solver ...
      obj=0.888 (vs_full=+1.25%)  alpha=574.6s  build=1.137s solve=1.029s  vs_full=+1.25%
  [3e] Subgraph / bl-union k=500 …
2026-07-01 19:22:46.706 | INFO     | pycaalp.time_balancing.model:run_mip:430 - Running MIP solver ...
      obj=0.888 (vs_full=+1.25%)  alpha=574.6s  build=3.525s solve=2.322s  vs_full=+1.25%
  [3f] Subgraph / diverse  k=500 …
2026-07-01 19:22:49.028 | INFO     | pycaalp.time_balancing.model:run_mip:430 - Running MIP solver ...
      obj=0.877 (vs_full=+0.00%)  alpha=567.5s  build=0.286s solve=126.175s  vs_full=+0.00%

k = 1000
  Subgraph edges — edge_w: 142 (12.9%)  bal_w: 211 (19.1%)  combined: 346 (31.3%)  blended: 58 (5.2%)  blended_union: 297 (26.9%)  diverse: 1102 (99.7%)
  [3a] Subgraph / edge_w   k=1000 …
2026-07-01 19:25:12.777 | INFO     | pycaalp.time_balancing.model:run_mip:430 - Running MIP solver ...
      obj=0.898 (vs_full=+2.40%)  alpha=581.1s  build=2.012s solve=0.743s  vs_full=+2.40%
  [3b] Subgraph / bal_w    k=1000 …
2026-07-01 19:25:13.520 | INFO     | pycaalp.time_balancing.model:run_mip:430 - Running MIP solver ...
      obj=0.883 (vs_full=+0.74%)  alpha=571.7s  build=1.616s solve=3.776s  vs_full=+0.74%
  [3c] Subgraph / combined k=1000 …
2026-07-01 19:25:17.296 | INFO     | pycaalp.time_balancing.model:run_mip:430 - Running MIP solver ...
      obj=0.883 (vs_full=+0.74%)  alpha=571.7s  build=3.657s solve=5.239s  vs_full=+0.74%
  [3d] Subgraph / blended  k=1000 …
2026-07-01 19:25:22.535 | INFO     | pycaalp.time_balancing.model:run_mip:430 - Running MIP solver ...
      obj=0.888 (vs_full=+1.25%)  alpha=574.6s  build=2.494s solve=0.253s  vs_full=+1.25%
  [3e] Subgraph / bl-union k=1000 …
2026-07-01 19:25:22.788 | INFO     | pycaalp.time_balancing.model:run_mip:430 - Running MIP solver ...
      obj=0.888 (vs_full=+1.25%)  alpha=574.6s  build=7.196s solve=4.914s  vs_full=+1.25%
  [3f] Subgraph / diverse  k=1000 …
2026-07-01 19:25:27.702 | INFO     | pycaalp.time_balancing.model:run_mip:430 - Running MIP solver ...
      obj=0.877 (vs_full=+0.00%)  alpha=567.5s  build=0.599s solve=140.847s  vs_full=+0.00%

k = 2000
  Subgraph edges — edge_w: 185 (16.7%)  bal_w: 292 (26.4%)  combined: 460 (41.6%)  blended: 125 (11.3%)  blended_union: 410 (37.1%)  diverse: 1105 (100.0%)
  [3a] Subgraph / edge_w   k=2000 …
2026-07-01 19:28:28.985 | INFO     | pycaalp.time_balancing.model:run_mip:430 - Running MIP solver ...
      obj=0.898 (vs_full=+2.40%)  alpha=581.1s  build=4.766s solve=0.941s  vs_full=+2.40%
  [3b] Subgraph / bal_w    k=2000 …
2026-07-01 19:28:29.925 | INFO     | pycaalp.time_balancing.model:run_mip:430 - Running MIP solver ...
      obj=0.883 (vs_full=+0.74%)  alpha=571.7s  build=4.027s solve=7.567s  vs_full=+0.74%
  [3c] Subgraph / combined k=2000 …
2026-07-01 19:28:37.492 | INFO     | pycaalp.time_balancing.model:run_mip:430 - Running MIP solver ...
      obj=0.883 (vs_full=+0.74%)  alpha=571.7s  build=8.844s solve=13.786s  vs_full=+0.74%
  [3d] Subgraph / blended  k=2000 …
2026-07-01 19:28:51.278 | INFO     | pycaalp.time_balancing.model:run_mip:430 - Running MIP solver ...
      obj=0.883 (vs_full=+0.74%)  alpha=571.7s  build=5.818s solve=0.737s  vs_full=+0.74%
  [3e] Subgraph / bl-union k=2000 …
2026-07-01 19:28:52.015 | INFO     | pycaalp.time_balancing.model:run_mip:430 - Running MIP solver ...
      obj=0.883 (vs_full=+0.74%)  alpha=571.7s  build=15.788s solve=5.410s  vs_full=+0.74%
  [3f] Subgraph / diverse  k=2000 …
2026-07-01 19:28:57.425 | INFO     | pycaalp.time_balancing.model:run_mip:430 - Running MIP solver ...
      obj=0.877 (vs_full=+0.00%)  alpha=567.5s  build=1.193s solve=172.595s  vs_full=+0.00%

k = 5000
  Subgraph edges — edge_w: 232 (21.0%)  bal_w: 431 (39.0%)  combined: 632 (57.2%)  blended: 161 (14.6%)  blended_union: 525 (47.5%)  diverse: 1105 (100.0%)
  [3a] Subgraph / edge_w   k=5000 …
2026-07-01 19:34:18.894 | INFO     | pycaalp.time_balancing.model:run_mip:430 - Running MIP solver ...
      obj=0.898 (vs_full=+2.40%)  alpha=581.1s  build=17.556s solve=2.750s  vs_full=+2.40%
  [3b] Subgraph / bal_w    k=5000 …
2026-07-01 19:34:21.645 | INFO     | pycaalp.time_balancing.model:run_mip:430 - Running MIP solver ...
      obj=0.877 (vs_full=+0.00%)  alpha=567.5s  build=15.128s solve=13.991s  vs_full=+0.00%
  [3c] Subgraph / combined k=5000 …
2026-07-01 19:34:35.635 | INFO     | pycaalp.time_balancing.model:run_mip:430 - Running MIP solver ...
      obj=0.877 (vs_full=+0.00%)  alpha=567.5s  build=33.120s solve=37.441s  vs_full=+0.00%
  [3d] Subgraph / blended  k=5000 …
2026-07-01 19:35:13.077 | INFO     | pycaalp.time_balancing.model:run_mip:430 - Running MIP solver ...
      obj=0.883 (vs_full=+0.74%)  alpha=571.7s  build=21.350s solve=1.319s  vs_full=+0.74%
  [3e] Subgraph / bl-union k=5000 …
2026-07-01 19:35:14.395 | INFO     | pycaalp.time_balancing.model:run_mip:430 - Running MIP solver ...
      obj=0.883 (vs_full=+0.74%)  alpha=571.7s  build=58.827s solve=18.074s  vs_full=+0.74%
  [3f] Subgraph / diverse  k=5000 …
2026-07-01 19:35:32.469 | INFO     | pycaalp.time_balancing.model:run_mip:430 - Running MIP solver ...
      obj=0.877 (vs_full=+0.00%)  alpha=567.5s  build=2.894s solve=149.485s  vs_full=+0.00%

Results saved to experiments/strategy_comparison/assembly_1_np_4/strategy_comparison_lambda_1.0.csv
Plot with:  python -m experiments.strategy_comparison.plot_k_sensitivity

============================================================================================================================
SUMMARY — assembly_1  P=4  λ=1.0
============================================================================================================================
Strategy       Weight                      k   Build    Solve    Total  Spdup       Obj   ObjvsF     Alpha    AlvsF   Edges  %Grph
----------------------------------------------------------------------------------------------------------------------------
full_mip       —                               0.000  249.422  249.422   1.0x     0.877    +0.00    567.50    +0.00    1105  100.0
subgraph_mip   edge_weight                 1   0.001    0.031    0.033 7588.1x     0.902    +2.91    584.04    +2.91      13    1.2
subgraph_mip   time_balanced_weight        1   0.001    0.182    0.182 1367.0x     0.923    +5.35    597.84    +5.35      13    1.2
subgraph_mip   combined                    1   0.001    0.590    0.591 421.9x     0.902    +2.91    584.04    +2.91      26    2.4
subgraph_mip   blended                     1   0.001    0.026    0.027 9264.1x     0.888    +1.25    574.62    +1.25      13    1.2
subgraph_mip   blended_union               1   0.010    0.127    0.137 1818.9x     0.888    +1.25    574.62    +1.25      37    3.4
subgraph_mip   diverse                     1   0.003    0.027    0.030 8296.5x     0.888    +1.25    574.62    +1.25      13    1.2
subgraph_mip   edge_weight                 2   0.004    0.206    0.209 1190.9x     0.902    +2.91    584.04    +2.91      15    1.4
subgraph_mip   time_balanced_weight        2   0.003    0.108    0.110 2262.2x     0.923    +5.35    597.84    +5.35      15    1.4
subgraph_mip   combined                    2   0.006    1.182    1.188 209.9x     0.902    +2.91    584.04    +2.91      30    2.7
subgraph_mip   blended                     2   0.003    0.223    0.226 1102.6x     0.888    +1.25    574.62    +1.25      15    1.4
subgraph_mip   blended_union               2   0.019    0.187    0.206 1209.3x     0.888    +1.25    574.62    +1.25      43    3.9
subgraph_mip   diverse                     2   0.004    0.334    0.338 738.2x     0.888    +1.25    574.62    +1.25      26    2.4
subgraph_mip   edge_weight                 5   0.011    0.148    0.159 1571.3x     0.902    +2.91    584.04    +2.91      21    1.9
subgraph_mip   time_balanced_weight        5   0.007    0.294    0.301 828.9x     0.905    +3.28    586.13    +3.28      27    2.4
subgraph_mip   combined                    5   0.018    0.190    0.208 1199.1x     0.902    +2.91    584.04    +2.91      48    4.3
subgraph_mip   blended                     5   0.010    0.219    0.230 1086.4x     0.888    +1.25    574.62    +1.25      21    1.9
subgraph_mip   blended_union               5   0.045    0.249    0.294 848.4x     0.888    +1.25    574.62    +1.25      60    5.4
subgraph_mip   diverse                     5   0.005    0.306    0.311 801.9x     0.883    +0.74    571.70    +0.74      65    5.9
subgraph_mip   edge_weight                10   0.023    0.927    0.950 262.4x     0.902    +2.91    584.04    +2.91      24    2.2
subgraph_mip   time_balanced_weight       10   0.014    0.206    0.220 1133.5x     0.905    +3.28    586.13    +3.28      38    3.4
subgraph_mip   combined                   10   0.037    0.319    0.355 702.2x     0.902    +2.91    584.04    +2.91      62    5.6
subgraph_mip   blended                    10   0.021    0.173    0.194 1287.0x     0.888    +1.25    574.62    +1.25      31    2.8
subgraph_mip   blended_union              10   0.082    0.378    0.460 542.5x     0.888    +1.25    574.62    +1.25      76    6.9
subgraph_mip   diverse                    10   0.007    1.429    1.436 173.7x     0.883    +0.74    571.70    +0.74     126   11.4
subgraph_mip   edge_weight                20   0.048    0.685    0.733 340.1x     0.902    +2.91    584.04    +2.91      35    3.2
subgraph_mip   time_balanced_weight       20   0.032    0.358    0.390 639.4x     0.905    +3.28    586.13    +3.28      42    3.8
subgraph_mip   combined                   20   0.080    0.436    0.516 483.8x     0.902    +2.91    584.04    +2.91      77    7.0
subgraph_mip   blended                    20   0.047    0.203    0.250 998.6x     0.888    +1.25    574.62    +1.25      33    3.0
subgraph_mip   blended_union              20   0.179    0.488    0.667 373.8x     0.888    +1.25    574.62    +1.25      92    8.3
subgraph_mip   diverse                    20   0.010    3.647    3.657  68.2x     0.883    +0.74    571.70    +0.74     239   21.6
subgraph_mip   edge_weight                50   0.118    0.259    0.377 661.1x     0.902    +2.91    584.04    +2.91      54    4.9
subgraph_mip   time_balanced_weight       50   0.087    0.467    0.554 449.9x     0.905    +3.28    586.13    +3.28      63    5.7
subgraph_mip   combined                   50   0.195    1.278    1.473 169.4x     0.902    +2.91    584.04    +2.91     116   10.5
subgraph_mip   blended                    50   0.103    0.254    0.356 699.8x     0.888    +1.25    574.62    +1.25      45    4.1
subgraph_mip   blended_union              50   0.418    0.828    1.246 200.2x     0.888    +1.25    574.62    +1.25     125   11.3
subgraph_mip   diverse                    50   0.024   20.369   20.393  12.2x     0.883    +0.74    571.70    +0.74     498   45.1
subgraph_mip   edge_weight               100   0.218    0.433    0.652 382.7x     0.902    +2.91    584.04    +2.91      78    7.1
subgraph_mip   time_balanced_weight      100   0.169    0.849    1.018 245.1x     0.887    +1.15    574.00    +1.15      86    7.8
subgraph_mip   combined                  100   0.354    1.786    2.140 116.5x     0.887    +1.15    574.00    +1.15     162   14.7
subgraph_mip   blended                   100   0.225    1.138    1.363 183.0x     0.888    +1.25    574.62    +1.25      48    4.3
subgraph_mip   blended_union             100   0.843    0.883    1.726 144.5x     0.888    +1.25    574.62    +1.25     153   13.8
subgraph_mip   diverse                   100   0.053   86.125   86.177   2.9x     0.877    +0.00    567.50    +0.00     741   67.1
subgraph_mip   edge_weight               200   0.427    0.554    0.981 254.3x     0.902    +2.91    584.04    +2.91      95    8.6
subgraph_mip   time_balanced_weight      200   0.240    1.248    1.488 167.7x     0.887    +1.15    574.00    +1.15     111   10.1
subgraph_mip   combined                  200   0.639    2.115    2.755  90.5x     0.887    +1.15    574.00    +1.15     202   18.3
subgraph_mip   blended                   200   0.420    1.022    1.442 173.0x     0.888    +1.25    574.62    +1.25      48    4.3
subgraph_mip   blended_union             200   1.421    1.129    2.550  97.8x     0.888    +1.25    574.62    +1.25     177   16.0
subgraph_mip   diverse                   200   0.103   97.664   97.767   2.5x     0.877    +0.00    567.50    +0.00     911   82.4
subgraph_mip   edge_weight               500   1.019    0.631    1.650 151.2x     0.898    +2.40    581.12    +2.40     108    9.8
subgraph_mip   time_balanced_weight      500   0.664    1.753    2.418 103.2x     0.887    +1.15    574.00    +1.15     153   13.8
subgraph_mip   combined                  500   1.695    2.142    3.837  65.0x     0.887    +1.15    574.00    +1.15     257   23.3
subgraph_mip   blended                   500   1.137    1.029    2.166 115.2x     0.888    +1.25    574.62    +1.25      48    4.3
subgraph_mip   blended_union             500   3.525    2.322    5.847  42.7x     0.888    +1.25    574.62    +1.25     245   22.2
subgraph_mip   diverse                   500   0.286  126.175  126.461   2.0x     0.877    +0.00    567.50    +0.00    1040   94.1
subgraph_mip   edge_weight              1000   2.012    0.743    2.754  90.6x     0.898    +2.40    581.12    +2.40     142   12.8
subgraph_mip   time_balanced_weight     1000   1.616    3.776    5.392  46.3x     0.883    +0.74    571.70    +0.74     211   19.1
subgraph_mip   combined                 1000   3.657    5.239    8.896  28.0x     0.883    +0.74    571.70    +0.74     346   31.3
subgraph_mip   blended                  1000   2.494    0.253    2.747  90.8x     0.888    +1.25    574.62    +1.25      58    5.2
subgraph_mip   blended_union            1000   7.196    4.914   12.110  20.6x     0.888    +1.25    574.62    +1.25     297   26.9
subgraph_mip   diverse                  1000   0.599  140.847  141.446   1.8x     0.877    +0.00    567.50    +0.00    1102   99.7
subgraph_mip   edge_weight              2000   4.766    0.941    5.706  43.7x     0.898    +2.40    581.12    +2.40     185   16.7
subgraph_mip   time_balanced_weight     2000   4.027    7.567   11.593  21.5x     0.883    +0.74    571.70    +0.74     292   26.4
subgraph_mip   combined                 2000   8.844   13.786   22.629  11.0x     0.883    +0.74    571.70    +0.74     460   41.6
subgraph_mip   blended                  2000   5.818    0.737    6.555  38.0x     0.883    +0.74    571.70    +0.74     125   11.3
subgraph_mip   blended_union            2000  15.788    5.410   21.198  11.8x     0.883    +0.74    571.70    +0.74     410   37.1
subgraph_mip   diverse                  2000   1.193  172.595  173.788   1.4x     0.877    +0.00    567.50    +0.00    1105  100.0
subgraph_mip   edge_weight              5000  17.556    2.750   20.306  12.3x     0.898    +2.40    581.12    +2.40     232   21.0
subgraph_mip   time_balanced_weight     5000  15.128   13.991   29.118   8.6x     0.877    +0.00    567.50    +0.00     431   39.0
subgraph_mip   combined                 5000  33.120   37.441   70.561   3.5x     0.877    +0.00    567.50    +0.00     632   57.2
subgraph_mip   blended                  5000  21.350    1.319   22.669  11.0x     0.883    +0.74    571.70    +0.74     161   14.6
subgraph_mip   blended_union            5000  58.827   18.074   76.901   3.2x     0.883    +0.74    571.70    +0.74     525   47.5
subgraph_mip   diverse                  5000   2.894  149.485  152.379   1.6x     0.877    +0.00    567.50    +0.00    1105  100.0
============================================================================================================================
Combined CSV → experiments/strategy_comparison/assembly_1_np_4/strategy_comparison.csv
Saved experiments/strategy_comparison/assembly_1_np_4/lambda_sweep_quality_assembly_1_P4.svg
Saved experiments/strategy_comparison/assembly_1_np_4/lambda_sweep_makespan_assembly_1_P4.svg
Saved experiments/strategy_comparison/assembly_1_np_4/lambda_k_heatmap_obj_assembly_1_P4.svg
Saved experiments/strategy_comparison/assembly_1_np_4/lambda_k_heatmap_makespan_assembly_1_P4.svg
Saved experiments/strategy_comparison/assembly_1_np_4/lambda_min_k_assembly_1_P4.svg
Saved experiments/strategy_comparison/assembly_1_np_4/k_vs_subgraph_assembly_1_P4.svg
Saved experiments/strategy_comparison/assembly_1_np_4/lambda_sweep_quality_byk_assembly_1_P4.svg
Saved experiments/strategy_comparison/assembly_1_np_4/lambda_sweep_makespan_byk_assembly_1_P4.svg
Saved experiments/strategy_comparison/assembly_1_np_4/lambda_k_heatmap_obj_byk_assembly_1_P4.svg
Saved experiments/strategy_comparison/assembly_1_np_4/lambda_k_heatmap_makespan_byk_assembly_1_P4.svg
Saved experiments/strategy_comparison/assembly_1_np_4/lambda_sweep_timing_byk_assembly_1_P4.svg
Saved experiments/strategy_comparison/assembly_1_np_4/lambda_k_heatmap_time_byk_assembly_1_P4.svg
