instance,num_phases,w_balanced,strategy,weight_attr,k,digraph_nodes,digraph_edges,subgraph_edges,subgraph_pct,digraph_build_s,build_s,solve_s,elapsed_s,speedup_vs_full,objective,obj_vs_full_pct,alpha_abs,vs_full_pct,phase_time_min,phase_time_max,phase_time_std,imbalance_pct,abs_time_per_phase,ops_per_phase,n_ops_total
assembly_1,4,0.1,full_mip,—,,343,1105,1105,100.0,0.325,0.0,9.268,9.268,1.0,0.8399,0.0,584.04,0.0,495.7,584.04,34.455,16.38,"[584.04, 518, 559.11, 495.7]","[3, 3, 4, 3]",13
assembly_1,4,0.1,subgraph_mip,edge_weight,1,343,1105,13,1.18,0.325,0.002,0.024,0.026,355.89,0.8399,-0.0,584.04,0.0,495.7,584.04,34.455,16.38,"[584.04, 518, 559.11, 495.7]","[3, 3, 4, 3]",13
assembly_1,4,0.1,subgraph_mip,time_balanced_weight,1,343,1105,13,1.18,0.325,0.002,0.125,0.127,72.9,1.1463,36.49,597.84,2.36,398.88,597.84,81.458,36.9,"[586.13, 574, 398.88, 597.84]","[3, 3, 4, 3]",13
assembly_1,4,0.1,subgraph_mip,combined,1,343,1105,26,2.35,0.325,0.003,0.153,0.156,59.39,0.8399,-0.0,584.04,0.0,495.7,584.04,34.455,16.38,"[584.04, 518, 559.11, 495.7]","[3, 3, 4, 3]",13
assembly_1,4,0.1,subgraph_mip,blended,1,343,1105,13,1.18,0.325,0.002,0.057,0.058,158.71,0.8464,0.78,584.04,0.0,508.48,584.04,31.94,14.01,"[584.04, 508.48, 554.83, 509.5]","[3, 3, 4, 3]",13
assembly_1,4,0.1,subgraph_mip,blended_union,1,343,1105,37,3.35,0.325,0.01,0.159,0.168,55.05,0.8399,-0.0,584.04,0.0,495.7,584.04,34.455,16.38,"[584.04, 518, 559.11, 495.7]","[3, 3, 4, 3]",13
assembly_1,4,0.1,subgraph_mip,diverse,1,343,1105,13,1.18,0.325,0.004,0.058,0.061,150.79,0.8464,0.78,584.04,0.0,508.48,584.04,31.94,14.01,"[584.04, 508.48, 554.83, 509.5]","[3, 3, 4, 3]",13
assembly_1,4,0.1,subgraph_mip,edge_weight,2,343,1105,15,1.36,0.325,0.004,0.066,0.07,132.7,0.8399,-0.0,584.04,0.0,495.7,584.04,34.455,16.38,"[584.04, 518, 559.11, 495.7]","[3, 3, 4, 3]",13
assembly_1,4,0.1,subgraph_mip,time_balanced_weight,2,343,1105,15,1.36,0.325,0.002,0.187,0.189,49.06,1.1463,36.49,597.84,2.36,398.88,597.84,81.458,36.9,"[586.13, 574, 398.88, 597.84]","[3, 3, 4, 3]",13
assembly_1,4,0.1,subgraph_mip,combined,2,343,1105,30,2.71,0.325,0.005,0.246,0.251,36.91,0.8399,-0.0,584.04,0.0,495.7,584.04,34.455,16.38,"[584.04, 518, 559.11, 495.7]","[3, 3, 4, 3]",13
assembly_1,4,0.1,subgraph_mip,blended,2,343,1105,15,1.36,0.325,0.003,0.234,0.237,39.1,0.8464,0.78,584.04,0.0,508.48,584.04,31.94,14.01,"[584.04, 508.48, 554.83, 509.5]","[3, 3, 4, 3]",13
assembly_1,4,0.1,subgraph_mip,blended_union,2,343,1105,43,3.89,0.325,0.017,0.796,0.812,11.41,0.8399,-0.0,584.04,0.0,495.7,584.04,34.455,16.38,"[584.04, 518, 559.11, 495.7]","[3, 3, 4, 3]",13
assembly_1,4,0.1,subgraph_mip,diverse,2,343,1105,26,2.35,0.325,0.004,0.419,0.423,21.92,0.843,0.38,584.04,0.0,501.98,584.04,31.746,15.22,"[584.04, 518, 552.83, 501.98]","[3, 3, 4, 3]",13
assembly_1,4,0.1,subgraph_mip,edge_weight,5,343,1105,21,1.9,0.325,0.024,0.548,0.571,16.23,0.8399,-0.0,584.04,0.0,495.7,584.04,34.455,16.38,"[584.04, 518, 559.11, 495.7]","[3, 3, 4, 3]",13
assembly_1,4,0.1,subgraph_mip,time_balanced_weight,5,343,1105,27,2.44,0.325,0.014,0.206,0.22,42.11,1.1304,34.6,597.84,2.36,495.7,597.84,38.394,18.94,"[495.7, 516.63, 546.68, 597.84]","[3, 3, 4, 3]",13
assembly_1,4,0.1,subgraph_mip,combined,5,343,1105,48,4.34,0.325,0.028,0.663,0.691,13.42,0.8399,-0.0,584.04,0.0,495.7,584.04,34.455,16.38,"[584.04, 518, 559.11, 495.7]","[3, 3, 4, 3]",13
assembly_1,4,0.1,subgraph_mip,blended,5,343,1105,19,1.72,0.325,0.01,0.274,0.284,32.62,0.8464,0.78,584.04,0.0,508.48,584.04,31.94,14.01,"[584.04, 508.48, 554.83, 509.5]","[3, 3, 4, 3]",13
assembly_1,4,0.1,subgraph_mip,blended_union,5,343,1105,60,5.43,0.325,0.064,0.548,0.612,15.15,0.8399,-0.0,584.04,0.0,495.7,584.04,34.455,16.38,"[584.04, 518, 559.11, 495.7]","[3, 3, 4, 3]",13
assembly_1,4,0.1,subgraph_mip,diverse,5,343,1105,65,5.88,0.325,0.013,1.389,1.402,6.61,0.8399,-0.0,584.04,0.0,495.7,584.04,34.455,16.38,"[584.04, 518, 559.11, 495.7]","[3, 3, 4, 3]",13
assembly_1,4,0.1,subgraph_mip,edge_weight,10,343,1105,24,2.17,0.325,0.056,0.1,0.157,59.2,0.8399,-0.0,584.04,0.0,495.7,584.04,34.455,16.38,"[584.04, 518, 559.11, 495.7]","[3, 3, 4, 3]",13
assembly_1,4,0.1,subgraph_mip,time_balanced_weight,10,343,1105,38,3.44,0.325,0.018,0.502,0.52,17.83,1.1304,34.6,597.84,2.36,495.7,597.84,38.394,18.94,"[495.7, 516.63, 546.68, 597.84]","[3, 3, 4, 3]",13
assembly_1,4,0.1,subgraph_mip,combined,10,343,1105,62,5.61,0.325,0.06,0.347,0.407,22.77,0.8399,-0.0,584.04,0.0,495.7,584.04,34.455,16.38,"[584.04, 518, 559.11, 495.7]","[3, 3, 4, 3]",13
assembly_1,4,0.1,subgraph_mip,blended,10,343,1105,24,2.17,0.325,0.059,0.342,0.401,23.12,0.8438,0.47,584.04,0.0,509.5,584.04,29.067,13.82,"[584.04, 518, 545.31, 509.5]","[3, 3, 4, 3]",13
assembly_1,4,0.1,subgraph_mip,blended_union,10,343,1105,76,6.88,0.325,0.082,0.481,0.563,16.47,0.8399,-0.0,584.04,0.0,495.7,584.04,34.455,16.38,"[584.04, 518, 559.11, 495.7]","[3, 3, 4, 3]",13
assembly_1,4,0.1,subgraph_mip,diverse,10,343,1105,126,11.4,0.325,0.009,1.474,1.483,6.25,0.8399,-0.0,584.04,0.0,495.7,584.04,34.455,16.38,"[584.04, 518, 559.11, 495.7]","[3, 3, 4, 3]",13
assembly_1,4,0.1,subgraph_mip,edge_weight,20,343,1105,35,3.17,0.325,0.067,0.964,1.031,8.99,0.8399,0.0,584.04,0.0,495.7,584.04,34.455,16.38,"[584.04, 518, 559.11, 495.7]","[3, 3, 4, 3]",13
assembly_1,4,0.1,subgraph_mip,time_balanced_weight,20,343,1105,42,3.8,0.325,0.033,1.158,1.191,7.78,1.1304,34.6,597.84,2.36,495.7,597.84,38.394,18.94,"[495.7, 516.63, 546.68, 597.84]","[3, 3, 4, 3]",13
assembly_1,4,0.1,subgraph_mip,combined,20,343,1105,77,6.97,0.325,0.088,1.217,1.305,7.1,0.8399,-0.0,584.04,0.0,495.7,584.04,34.455,16.38,"[584.04, 518, 559.11, 495.7]","[3, 3, 4, 3]",13
assembly_1,4,0.1,subgraph_mip,blended,20,343,1105,33,2.99,0.325,0.082,1.166,1.248,7.43,0.8401,0.02,584.04,0.0,495.7,584.04,34.455,16.38,"[584.04, 518, 559.11, 495.7]","[3, 3, 4, 3]",13
assembly_1,4,0.1,subgraph_mip,blended_union,20,343,1105,92,8.33,0.325,0.211,2.255,2.466,3.76,0.8399,0.0,584.04,0.0,495.7,584.04,34.455,16.38,"[584.04, 518, 559.11, 495.7]","[3, 3, 4, 3]",13
assembly_1,4,0.1,subgraph_mip,diverse,20,343,1105,239,21.63,0.325,0.028,2.335,2.363,3.92,0.8399,-0.0,584.04,0.0,495.7,584.04,34.455,16.38,"[584.04, 518, 559.11, 495.7]","[3, 3, 4, 3]",13
assembly_1,4,0.1,subgraph_mip,edge_weight,50,343,1105,54,4.89,0.325,0.202,0.678,0.881,10.52,0.8399,-0.0,584.04,0.0,495.7,584.04,34.455,16.38,"[584.04, 518, 559.11, 495.7]","[3, 3, 4, 3]",13
assembly_1,4,0.1,subgraph_mip,time_balanced_weight,50,343,1105,63,5.7,0.325,0.135,3.604,3.739,2.48,1.1244,33.88,602.68,3.19,401.5,602.68,81.661,37.31,"[401.5, 554.83, 602.68, 597.84]","[2, 4, 4, 3]",13
assembly_1,4,0.1,subgraph_mip,combined,50,343,1105,116,10.5,0.325,0.306,1.155,1.46,6.35,0.8399,-0.0,584.04,0.0,495.7,584.04,34.455,16.38,"[584.04, 518, 559.11, 495.7]","[3, 3, 4, 3]",13
assembly_1,4,0.1,subgraph_mip,blended,50,343,1105,60,5.43,0.325,0.165,1.556,1.721,5.39,0.8399,-0.0,584.04,0.0,495.7,584.04,34.455,16.38,"[584.04, 518, 559.11, 495.7]","[3, 3, 4, 3]",13
assembly_1,4,0.1,subgraph_mip,blended_union,50,343,1105,125,11.31,0.325,0.667,1.496,2.163,4.29,0.8399,-0.0,584.04,0.0,495.7,584.04,34.455,16.38,"[584.04, 518, 559.11, 495.7]","[3, 3, 4, 3]",13
assembly_1,4,0.1,subgraph_mip,diverse,50,343,1105,511,46.24,0.325,0.059,3.612,3.671,2.52,0.8399,-0.0,584.04,0.0,495.7,584.04,34.455,16.38,"[584.04, 518, 559.11, 495.7]","[3, 3, 4, 3]",13
assembly_1,4,0.1,subgraph_mip,edge_weight,100,343,1105,78,7.06,0.325,0.317,1.048,1.365,6.79,0.8399,-0.0,584.04,0.0,495.7,584.04,34.455,16.38,"[584.04, 518, 559.11, 495.7]","[3, 3, 4, 3]",13
assembly_1,4,0.1,subgraph_mip,time_balanced_weight,100,343,1105,86,7.78,0.325,0.183,1.986,2.169,4.27,1.1243,33.87,597.84,2.36,495.7,597.84,38.394,18.94,"[495.7, 516.63, 546.68, 597.84]","[3, 3, 4, 3]",13
assembly_1,4,0.1,subgraph_mip,combined,100,343,1105,162,14.66,0.325,0.576,1.889,2.465,3.76,0.8399,-0.0,584.04,0.0,495.7,584.04,34.455,16.38,"[584.04, 518, 559.11, 495.7]","[3, 3, 4, 3]",13
assembly_1,4,0.1,subgraph_mip,blended,100,343,1105,74,6.7,0.325,0.365,1.993,2.359,3.93,0.8399,-0.0,584.04,0.0,495.7,584.04,34.455,16.38,"[584.04, 518, 559.11, 495.7]","[3, 3, 4, 3]",13
assembly_1,4,0.1,subgraph_mip,blended_union,100,343,1105,153,13.85,0.325,1.2,1.359,2.56,3.62,0.8399,-0.0,584.04,0.0,495.7,584.04,34.455,16.38,"[584.04, 518, 559.11, 495.7]","[3, 3, 4, 3]",13
assembly_1,4,0.1,subgraph_mip,diverse,100,343,1105,748,67.69,0.325,0.086,5.966,6.052,1.53,0.8399,-0.0,584.04,0.0,495.7,584.04,34.455,16.38,"[584.04, 518, 559.11, 495.7]","[3, 3, 4, 3]",13
assembly_1,4,0.1,subgraph_mip,edge_weight,200,343,1105,95,8.6,0.325,0.771,1.096,1.867,4.96,0.8399,-0.0,584.04,0.0,495.7,584.04,34.455,16.38,"[584.04, 518, 559.11, 495.7]","[3, 3, 4, 3]",13
assembly_1,4,0.1,subgraph_mip,time_balanced_weight,200,343,1105,111,10.05,0.325,0.465,1.937,2.402,3.86,1.1202,33.38,602.68,3.19,460.63,602.68,62.317,26.34,"[495.7, 460.63, 602.68, 597.84]","[3, 3, 4, 3]",13
assembly_1,4,0.1,subgraph_mip,combined,200,343,1105,202,18.28,0.325,1.142,1.365,2.508,3.7,0.8399,-0.0,584.04,0.0,495.7,584.04,34.455,16.38,"[584.04, 518, 559.11, 495.7]","[3, 3, 4, 3]",13
assembly_1,4,0.1,subgraph_mip,blended,200,343,1105,85,7.69,0.325,0.595,2.35,2.945,3.15,0.8399,-0.0,584.04,0.0,495.7,584.04,34.455,16.38,"[584.04, 518, 559.11, 495.7]","[3, 3, 4, 3]",13
assembly_1,4,0.1,subgraph_mip,blended_union,200,343,1105,177,16.02,0.325,2.691,1.829,4.52,2.05,0.8399,0.0,584.04,0.0,495.7,584.04,34.455,16.38,"[584.04, 518, 559.11, 495.7]","[3, 3, 4, 3]",13
assembly_1,4,0.1,subgraph_mip,diverse,200,343,1105,907,82.08,0.325,0.183,6.413,6.597,1.4,0.8399,-0.0,584.04,0.0,495.7,584.04,34.455,16.38,"[584.04, 518, 559.11, 495.7]","[3, 3, 4, 3]",13
assembly_1,4,0.1,subgraph_mip,edge_weight,500,343,1105,108,9.77,0.325,1.719,1.091,2.81,3.3,0.8399,0.0,584.04,0.0,495.7,584.04,34.455,16.38,"[584.04, 518, 559.11, 495.7]","[3, 3, 4, 3]",13
assembly_1,4,0.1,subgraph_mip,time_balanced_weight,500,343,1105,153,13.85,0.325,1.074,2.951,4.025,2.3,1.1202,33.38,602.68,3.19,460.63,602.68,62.317,26.34,"[495.7, 460.63, 602.68, 597.84]","[3, 3, 4, 3]",13
assembly_1,4,0.1,subgraph_mip,combined,500,343,1105,257,23.26,0.325,2.884,1.886,4.769,1.94,0.8399,-0.0,584.04,0.0,495.7,584.04,34.455,16.38,"[584.04, 518, 559.11, 495.7]","[3, 3, 4, 3]",13
assembly_1,4,0.1,subgraph_mip,blended,500,343,1105,101,9.14,0.325,1.609,1.604,3.213,2.88,0.8399,-0.0,584.04,0.0,495.7,584.04,34.455,16.38,"[584.04, 518, 559.11, 495.7]","[3, 3, 4, 3]",13
assembly_1,4,0.1,subgraph_mip,blended_union,500,343,1105,245,22.17,0.325,6.313,2.214,8.527,1.09,0.8399,-0.0,584.04,0.0,495.7,584.04,34.455,16.38,"[584.04, 518, 559.11, 495.7]","[3, 3, 4, 3]",13
assembly_1,4,0.1,subgraph_mip,diverse,500,343,1105,1043,94.39,0.325,0.509,8.177,8.686,1.07,0.8399,-0.0,584.04,0.0,495.7,584.04,34.455,16.38,"[584.04, 518, 559.11, 495.7]","[3, 3, 4, 3]",13
assembly_1,4,0.1,subgraph_mip,edge_weight,1000,343,1105,142,12.85,0.325,3.576,1.315,4.891,1.89,0.8399,-0.0,584.04,0.0,495.7,584.04,34.455,16.38,"[584.04, 518, 559.11, 495.7]","[3, 3, 4, 3]",13
assembly_1,4,0.1,subgraph_mip,time_balanced_weight,1000,343,1105,211,19.1,0.325,2.599,4.839,7.438,1.25,1.1202,33.38,602.68,3.19,401.5,602.68,81.661,37.31,"[401.5, 554.83, 602.68, 597.84]","[2, 4, 4, 3]",13
assembly_1,4,0.1,subgraph_mip,combined,1000,343,1105,346,31.31,0.325,6.399,4.63,11.028,0.84,0.8399,-0.0,584.04,0.0,495.7,584.04,34.455,16.38,"[584.04, 518, 559.11, 495.7]","[3, 3, 4, 3]",13
assembly_1,4,0.1,subgraph_mip,blended,1000,343,1105,117,10.59,0.325,3.444,2.315,5.759,1.61,0.8399,-0.0,584.04,0.0,495.7,584.04,34.455,16.38,"[584.04, 518, 559.11, 495.7]","[3, 3, 4, 3]",13
assembly_1,4,0.1,subgraph_mip,blended_union,1000,343,1105,297,26.88,0.325,11.177,3.648,14.826,0.63,0.8399,-0.0,584.04,0.0,495.7,584.04,34.455,16.38,"[584.04, 518, 559.11, 495.7]","[3, 3, 4, 3]",13
assembly_1,4,0.1,subgraph_mip,diverse,1000,343,1105,1100,99.55,0.325,0.993,12.391,13.384,0.69,0.8399,0.0,584.04,0.0,495.7,584.04,34.455,16.38,"[584.04, 518, 559.11, 495.7]","[3, 3, 4, 3]",13
assembly_1,4,0.1,subgraph_mip,edge_weight,2000,343,1105,185,16.74,0.325,8.279,2.53,10.809,0.86,0.8399,-0.0,584.04,0.0,495.7,584.04,34.455,16.38,"[584.04, 518, 559.11, 495.7]","[3, 3, 4, 3]",13
assembly_1,4,0.1,subgraph_mip,time_balanced_weight,2000,343,1105,292,26.43,0.325,6.819,5.824,12.643,0.73,1.1202,33.38,602.68,3.19,460.63,602.68,62.317,26.34,"[495.7, 460.63, 602.68, 597.84]","[3, 3, 4, 3]",13
assembly_1,4,0.1,subgraph_mip,combined,2000,343,1105,460,41.63,0.325,14.655,3.33,17.985,0.52,0.8399,-0.0,584.04,0.0,495.7,584.04,34.455,16.38,"[584.04, 518, 559.11, 495.7]","[3, 3, 4, 3]",13
assembly_1,4,0.1,subgraph_mip,blended,2000,343,1105,186,16.83,0.325,8.412,2.152,10.564,0.88,0.8399,-0.0,584.04,0.0,495.7,584.04,34.455,16.38,"[584.04, 518, 559.11, 495.7]","[3, 3, 4, 3]",13
assembly_1,4,0.1,subgraph_mip,blended_union,2000,343,1105,410,37.1,0.325,29.479,5.51,34.989,0.26,0.8399,-0.0,584.04,0.0,495.7,584.04,34.455,16.38,"[584.04, 518, 559.11, 495.7]","[3, 3, 4, 3]",13
assembly_1,4,0.1,subgraph_mip,diverse,2000,343,1105,1105,100.0,0.325,2.223,11.055,13.278,0.7,0.8399,0.0,584.04,0.0,495.7,584.04,34.455,16.38,"[584.04, 518, 559.11, 495.7]","[3, 3, 4, 3]",13
assembly_1,4,0.1,subgraph_mip,edge_weight,5000,343,1105,232,21.0,0.325,32.259,2.478,34.737,0.27,0.8399,-0.0,584.04,0.0,495.7,584.04,34.455,16.38,"[584.04, 518, 559.11, 495.7]","[3, 3, 4, 3]",13
assembly_1,4,0.1,subgraph_mip,time_balanced_weight,5000,343,1105,431,39.0,0.325,24.7,5.804,30.504,0.3,1.0429,24.17,581.12,-0.5,495.7,581.12,34.44,15.84,"[581.12, 516.63, 495.7, 563.4]","[3, 3, 3, 4]",13
assembly_1,4,0.1,subgraph_mip,combined,5000,343,1105,632,57.19,0.325,58.72,5.427,64.147,0.14,0.8399,-0.0,584.04,0.0,495.7,584.04,34.455,16.38,"[584.04, 518, 559.11, 495.7]","[3, 3, 4, 3]",13
assembly_1,4,0.1,subgraph_mip,blended,5000,343,1105,302,27.33,0.325,35.614,3.506,39.12,0.24,0.8399,-0.0,584.04,0.0,495.7,584.04,34.455,16.38,"[584.04, 518, 559.11, 495.7]","[3, 3, 4, 3]",13
assembly_1,4,0.1,subgraph_mip,blended_union,5000,343,1105,525,47.51,0.325,112.185,8.234,120.419,0.08,0.8399,-0.0,584.04,0.0,495.7,584.04,34.455,16.38,"[584.04, 518, 559.11, 495.7]","[3, 3, 4, 3]",13
assembly_1,4,0.1,subgraph_mip,diverse,5000,343,1105,1105,100.0,0.325,5.655,11.936,17.592,0.53,0.8399,0.0,584.04,0.0,495.7,584.04,34.455,16.38,"[584.04, 518, 559.11, 495.7]","[3, 3, 4, 3]",13
assembly_1,4,0.15,full_mip,—,,343,1105,1105,100.0,0.354,0.0,10.601,10.601,1.0,0.8433,0.0,584.04,0.0,495.7,584.04,34.455,16.38,"[584.04, 518, 559.11, 495.7]","[3, 3, 4, 3]",13
assembly_1,4,0.15,subgraph_mip,edge_weight,1,343,1105,13,1.18,0.354,0.001,0.022,0.024,449.48,0.8433,-0.0,584.04,0.0,495.7,584.04,34.455,16.38,"[584.04, 518, 559.11, 495.7]","[3, 3, 4, 3]",13
assembly_1,4,0.15,subgraph_mip,time_balanced_weight,1,343,1105,13,1.18,0.354,0.001,0.054,0.055,193.98,1.1339,34.46,597.84,2.36,398.88,597.84,81.458,36.9,"[586.13, 574, 398.88, 597.84]","[3, 3, 4, 3]",13
assembly_1,4,0.15,subgraph_mip,combined,1,343,1105,26,2.35,0.354,0.001,0.249,0.25,42.33,0.8433,0.0,584.04,0.0,495.7,584.04,34.455,16.38,"[584.04, 518, 559.11, 495.7]","[3, 3, 4, 3]",13
assembly_1,4,0.15,subgraph_mip,blended,1,343,1105,13,1.18,0.354,0.001,0.056,0.057,185.73,0.8495,0.73,584.04,0.0,508.48,584.04,31.94,14.01,"[584.04, 508.48, 554.83, 509.5]","[3, 3, 4, 3]",13
assembly_1,4,0.15,subgraph_mip,blended_union,1,343,1105,37,3.35,0.354,0.009,0.107,0.116,91.6,0.8433,0.0,584.04,0.0,495.7,584.04,34.455,16.38,"[584.04, 518, 559.11, 495.7]","[3, 3, 4, 3]",13
assembly_1,4,0.15,subgraph_mip,diverse,1,343,1105,13,1.18,0.354,0.003,0.065,0.068,154.82,0.8495,0.73,584.04,0.0,508.48,584.04,31.94,14.01,"[584.04, 508.48, 554.83, 509.5]","[3, 3, 4, 3]",13
assembly_1,4,0.15,subgraph_mip,edge_weight,2,343,1105,15,1.36,0.354,0.007,0.067,0.074,143.22,0.8433,-0.0,584.04,0.0,495.7,584.04,34.455,16.38,"[584.04, 518, 559.11, 495.7]","[3, 3, 4, 3]",13
assembly_1,4,0.15,subgraph_mip,time_balanced_weight,2,343,1105,15,1.36,0.354,0.006,0.132,0.138,76.81,1.1339,34.46,597.84,2.36,398.88,597.84,81.458,36.9,"[586.13, 574, 398.88, 597.84]","[3, 3, 4, 3]",13
assembly_1,4,0.15,subgraph_mip,combined,2,343,1105,30,2.71,0.354,0.007,0.187,0.195,54.45,0.8433,-0.0,584.04,0.0,495.7,584.04,34.455,16.38,"[584.04, 518, 559.11, 495.7]","[3, 3, 4, 3]",13
assembly_1,4,0.15,subgraph_mip,blended,2,343,1105,15,1.36,0.354,0.003,0.151,0.154,68.89,0.8495,0.73,584.04,0.0,508.48,584.04,31.94,14.01,"[584.04, 508.48, 554.83, 509.5]","[3, 3, 4, 3]",13
assembly_1,4,0.15,subgraph_mip,blended_union,2,343,1105,43,3.89,0.354,0.017,0.48,0.497,21.34,0.8433,-0.0,584.04,0.0,495.7,584.04,34.455,16.38,"[584.04, 518, 559.11, 495.7]","[3, 3, 4, 3]",13
assembly_1,4,0.15,subgraph_mip,diverse,2,343,1105,26,2.35,0.354,0.004,0.1,0.103,102.48,0.8495,0.73,584.04,0.0,508.48,584.04,31.94,14.01,"[584.04, 508.48, 554.83, 509.5]","[3, 3, 4, 3]",13
assembly_1,4,0.15,subgraph_mip,edge_weight,5,343,1105,21,1.9,0.354,0.013,0.16,0.173,61.32,0.8433,-0.0,584.04,0.0,495.7,584.04,34.455,16.38,"[584.04, 518, 559.11, 495.7]","[3, 3, 4, 3]",13
assembly_1,4,0.15,subgraph_mip,time_balanced_weight,5,343,1105,27,2.44,0.354,0.013,0.75,0.763,13.89,1.1189,32.68,597.84,2.36,495.7,597.84,38.394,18.94,"[495.7, 516.63, 546.68, 597.84]","[3, 3, 4, 3]",13
assembly_1,4,0.15,subgraph_mip,combined,5,343,1105,48,4.34,0.354,0.039,0.712,0.751,14.11,0.8433,0.0,584.04,0.0,495.7,584.04,34.455,16.38,"[584.04, 518, 559.11, 495.7]","[3, 3, 4, 3]",13
assembly_1,4,0.15,subgraph_mip,blended,5,343,1105,19,1.72,0.354,0.011,0.173,0.184,57.6,0.8495,0.73,584.04,0.0,508.48,584.04,31.94,14.01,"[584.04, 508.48, 554.83, 509.5]","[3, 3, 4, 3]",13
assembly_1,4,0.15,subgraph_mip,blended_union,5,343,1105,60,5.43,0.354,0.063,1.074,1.137,9.33,0.8433,0.0,584.04,0.0,495.7,584.04,34.455,16.38,"[584.04, 518, 559.11, 495.7]","[3, 3, 4, 3]",13
assembly_1,4,0.15,subgraph_mip,diverse,5,343,1105,65,5.88,0.354,0.01,0.677,0.687,15.43,0.8485,0.62,584.04,0.0,501.98,584.04,32.321,15.22,"[584.04, 516, 554.83, 501.98]","[3, 3, 4, 3]",13
assembly_1,4,0.15,subgraph_mip,edge_weight,10,343,1105,24,2.17,0.354,0.038,0.498,0.537,19.76,0.8433,-0.0,584.04,0.0,495.7,584.04,34.455,16.38,"[584.04, 518, 559.11, 495.7]","[3, 3, 4, 3]",13
assembly_1,4,0.15,subgraph_mip,time_balanced_weight,10,343,1105,38,3.44,0.354,0.021,0.365,0.387,27.42,1.1189,32.68,597.84,2.36,495.7,597.84,38.394,18.94,"[495.7, 516.63, 546.68, 597.84]","[3, 3, 4, 3]",13
assembly_1,4,0.15,subgraph_mip,combined,10,343,1105,62,5.61,0.354,0.091,0.929,1.019,10.4,0.8433,-0.0,584.04,0.0,495.7,584.04,34.455,16.38,"[584.04, 518, 559.11, 495.7]","[3, 3, 4, 3]",13
assembly_1,4,0.15,subgraph_mip,blended,10,343,1105,21,1.9,0.354,0.053,0.315,0.368,28.77,0.8495,0.73,584.04,0.0,508.48,584.04,31.94,14.01,"[584.04, 508.48, 554.83, 509.5]","[3, 3, 4, 3]",13
assembly_1,4,0.15,subgraph_mip,blended_union,10,343,1105,76,6.88,0.354,0.113,0.605,0.717,14.78,0.8433,0.0,584.04,0.0,495.7,584.04,34.455,16.38,"[584.04, 518, 559.11, 495.7]","[3, 3, 4, 3]",13
assembly_1,4,0.15,subgraph_mip,diverse,10,343,1105,126,11.4,0.354,0.021,2.848,2.869,3.7,0.8485,0.62,584.04,0.0,501.98,584.04,32.321,15.22,"[584.04, 516, 554.83, 501.98]","[3, 3, 4, 3]",13
assembly_1,4,0.15,subgraph_mip,edge_weight,20,343,1105,35,3.17,0.354,0.084,0.78,0.863,12.28,0.8433,-0.0,584.04,0.0,495.7,584.04,34.455,16.38,"[584.04, 518, 559.11, 495.7]","[3, 3, 4, 3]",13
assembly_1,4,0.15,subgraph_mip,time_balanced_weight,20,343,1105,42,3.8,0.354,0.058,0.476,0.534,19.87,1.1189,32.68,597.84,2.36,495.7,597.84,38.394,18.94,"[495.7, 516.63, 546.68, 597.84]","[3, 3, 4, 3]",13
assembly_1,4,0.15,subgraph_mip,combined,20,343,1105,77,6.97,0.354,0.114,1.199,1.314,8.07,0.8433,-0.0,584.04,0.0,495.7,584.04,34.455,16.38,"[584.04, 518, 559.11, 495.7]","[3, 3, 4, 3]",13
assembly_1,4,0.15,subgraph_mip,blended,20,343,1105,27,2.44,0.354,0.074,0.662,0.735,14.42,0.847,0.44,584.04,0.0,509.5,584.04,29.067,13.82,"[584.04, 518, 545.31, 509.5]","[3, 3, 4, 3]",13
assembly_1,4,0.15,subgraph_mip,blended_union,20,343,1105,92,8.33,0.354,0.298,1.722,2.02,5.25,0.8433,0.0,584.04,0.0,495.7,584.04,34.455,16.38,"[584.04, 518, 559.11, 495.7]","[3, 3, 4, 3]",13
assembly_1,4,0.15,subgraph_mip,diverse,20,343,1105,239,21.63,0.354,0.044,1.655,1.698,6.24,0.8439,0.07,584.04,0.0,495.7,584.04,34.455,16.38,"[584.04, 518, 559.11, 495.7]","[3, 3, 4, 3]",13
assembly_1,4,0.15,subgraph_mip,edge_weight,50,343,1105,54,4.89,0.354,0.218,1.186,1.404,7.55,0.8433,0.0,584.04,0.0,495.7,584.04,34.455,16.38,"[584.04, 518, 559.11, 495.7]","[3, 3, 4, 3]",13
assembly_1,4,0.15,subgraph_mip,time_balanced_weight,50,343,1105,63,5.7,0.354,0.099,0.489,0.588,18.04,1.1136,32.06,602.68,3.19,401.5,602.68,81.661,37.31,"[401.5, 554.83, 602.68, 597.84]","[2, 4, 4, 3]",13
assembly_1,4,0.15,subgraph_mip,combined,50,343,1105,116,10.5,0.354,0.286,1.629,1.915,5.54,0.8433,-0.0,584.04,0.0,495.7,584.04,34.455,16.38,"[584.04, 518, 559.11, 495.7]","[3, 3, 4, 3]",13
assembly_1,4,0.15,subgraph_mip,blended,50,343,1105,48,4.34,0.354,0.194,1.672,1.866,5.68,0.8435,0.02,584.04,0.0,495.7,584.04,34.455,16.38,"[584.04, 518, 559.11, 495.7]","[3, 3, 4, 3]",13
assembly_1,4,0.15,subgraph_mip,blended_union,50,343,1105,125,11.31,0.354,0.617,1.22,1.837,5.77,0.8433,-0.0,584.04,0.0,495.7,584.04,34.455,16.38,"[584.04, 518, 559.11, 495.7]","[3, 3, 4, 3]",13
assembly_1,4,0.15,subgraph_mip,diverse,50,343,1105,513,46.43,0.354,0.058,4.271,4.329,2.45,0.8439,0.07,584.04,0.0,495.7,584.04,34.455,16.38,"[584.04, 518, 559.11, 495.7]","[3, 3, 4, 3]",13
assembly_1,4,0.15,subgraph_mip,edge_weight,100,343,1105,78,7.06,0.354,0.299,0.589,0.889,11.93,0.8433,-0.0,584.04,0.0,495.7,584.04,34.455,16.38,"[584.04, 518, 559.11, 495.7]","[3, 3, 4, 3]",13
assembly_1,4,0.15,subgraph_mip,time_balanced_weight,100,343,1105,86,7.78,0.354,0.233,1.617,1.85,5.73,1.1131,31.99,597.84,2.36,495.7,597.84,38.394,18.94,"[495.7, 516.63, 546.68, 597.84]","[3, 3, 4, 3]",13
assembly_1,4,0.15,subgraph_mip,combined,100,343,1105,162,14.66,0.354,0.579,1.718,2.297,4.62,0.8433,-0.0,584.04,0.0,495.7,584.04,34.455,16.38,"[584.04, 518, 559.11, 495.7]","[3, 3, 4, 3]",13
assembly_1,4,0.15,subgraph_mip,blended,100,343,1105,71,6.43,0.354,0.281,1.364,1.645,6.45,0.8435,0.02,584.04,0.0,495.7,584.04,34.455,16.38,"[584.04, 518, 559.11, 495.7]","[3, 3, 4, 3]",13
assembly_1,4,0.15,subgraph_mip,blended_union,100,343,1105,153,13.85,0.354,1.312,2.44,3.752,2.83,0.8433,0.0,584.04,0.0,495.7,584.04,34.455,16.38,"[584.04, 518, 559.11, 495.7]","[3, 3, 4, 3]",13
assembly_1,4,0.15,subgraph_mip,diverse,100,343,1105,743,67.24,0.354,0.092,6.562,6.653,1.59,0.8439,0.07,584.04,0.0,495.7,584.04,34.455,16.38,"[584.04, 518, 559.11, 495.7]","[3, 3, 4, 3]",13
assembly_1,4,0.15,subgraph_mip,edge_weight,200,343,1105,95,8.6,0.354,0.691,0.971,1.662,6.38,0.8433,-0.0,584.04,0.0,495.7,584.04,34.455,16.38,"[584.04, 518, 559.11, 495.7]","[3, 3, 4, 3]",13
assembly_1,4,0.15,subgraph_mip,time_balanced_weight,200,343,1105,111,10.05,0.354,0.436,2.05,2.486,4.26,1.1097,31.59,602.68,3.19,460.63,602.68,62.317,26.34,"[495.7, 460.63, 602.68, 597.84]","[3, 3, 4, 3]",13
assembly_1,4,0.15,subgraph_mip,combined,200,343,1105,202,18.28,0.354,1.169,2.221,3.39,3.13,0.8433,0.0,584.04,0.0,495.7,584.04,34.455,16.38,"[584.04, 518, 559.11, 495.7]","[3, 3, 4, 3]",13
assembly_1,4,0.15,subgraph_mip,blended,200,343,1105,86,7.78,0.354,0.668,1.216,1.885,5.62,0.8433,0.0,584.04,0.0,495.7,584.04,34.455,16.38,"[584.04, 518, 559.11, 495.7]","[3, 3, 4, 3]",13
assembly_1,4,0.15,subgraph_mip,blended_union,200,343,1105,177,16.02,0.354,2.562,2.275,4.837,2.19,0.8433,-0.0,584.04,0.0,495.7,584.04,34.455,16.38,"[584.04, 518, 559.11, 495.7]","[3, 3, 4, 3]",13
assembly_1,4,0.15,subgraph_mip,diverse,200,343,1105,906,81.99,0.354,0.218,9.915,10.133,1.05,0.8439,0.07,584.04,0.0,495.7,584.04,34.455,16.38,"[584.04, 518, 559.11, 495.7]","[3, 3, 4, 3]",13
assembly_1,4,0.15,subgraph_mip,edge_weight,500,343,1105,108,9.77,0.354,1.722,0.72,2.442,4.34,0.8433,0.0,584.04,0.0,495.7,584.04,34.455,16.38,"[584.04, 518, 559.11, 495.7]","[3, 3, 4, 3]",13
assembly_1,4,0.15,subgraph_mip,time_balanced_weight,500,343,1105,153,13.85,0.354,1.159,3.643,4.802,2.21,1.1097,31.59,602.68,3.19,460.63,602.68,62.317,26.34,"[495.7, 460.63, 602.68, 597.84]","[3, 3, 4, 3]",13
assembly_1,4,0.15,subgraph_mip,combined,500,343,1105,257,23.26,0.354,2.885,2.367,5.253,2.02,0.8433,-0.0,584.04,0.0,495.7,584.04,34.455,16.38,"[584.04, 518, 559.11, 495.7]","[3, 3, 4, 3]",13
assembly_1,4,0.15,subgraph_mip,blended,500,343,1105,131,11.86,0.354,1.561,1.762,3.323,3.19,0.8433,-0.0,584.04,0.0,495.7,584.04,34.455,16.38,"[584.04, 518, 559.11, 495.7]","[3, 3, 4, 3]",13
assembly_1,4,0.15,subgraph_mip,blended_union,500,343,1105,245,22.17,0.354,6.302,4.421,10.723,0.99,0.8433,-0.0,584.04,0.0,495.7,584.04,34.455,16.38,"[584.04, 518, 559.11, 495.7]","[3, 3, 4, 3]",13
assembly_1,4,0.15,subgraph_mip,diverse,500,343,1105,1047,94.75,0.354,0.458,5.608,6.066,1.75,0.8433,-0.0,584.04,0.0,495.7,584.04,34.455,16.38,"[584.04, 518, 559.11, 495.7]","[3, 3, 4, 3]",13
assembly_1,4,0.15,subgraph_mip,edge_weight,1000,343,1105,142,12.85,0.354,3.173,2.262,5.434,1.95,0.8433,0.0,584.04,0.0,495.7,584.04,34.455,16.38,"[584.04, 518, 559.11, 495.7]","[3, 3, 4, 3]",13
assembly_1,4,0.15,subgraph_mip,time_balanced_weight,1000,343,1105,211,19.1,0.354,2.948,2.504,5.451,1.94,1.1091,31.51,581.12,-0.5,495.7,581.12,34.44,15.84,"[495.7, 516.63, 581.12, 563.4]","[3, 3, 3, 4]",13
assembly_1,4,0.15,subgraph_mip,combined,1000,343,1105,346,31.31,0.354,6.228,2.844,9.072,1.17,0.8433,-0.0,584.04,0.0,495.7,584.04,34.455,16.38,"[584.04, 518, 559.11, 495.7]","[3, 3, 4, 3]",13
assembly_1,4,0.15,subgraph_mip,blended,1000,343,1105,151,13.67,0.354,2.82,2.495,5.315,1.99,0.8433,-0.0,584.04,0.0,495.7,584.04,34.455,16.38,"[584.04, 518, 559.11, 495.7]","[3, 3, 4, 3]",13
assembly_1,4,0.15,subgraph_mip,blended_union,1000,343,1105,297,26.88,0.354,11.318,3.782,15.1,0.7,0.8433,0.0,584.04,0.0,495.7,584.04,34.455,16.38,"[584.04, 518, 559.11, 495.7]","[3, 3, 4, 3]",13
assembly_1,4,0.15,subgraph_mip,diverse,1000,343,1105,1105,100.0,0.354,0.961,12.836,13.797,0.77,0.8433,0.0,584.04,0.0,495.7,584.04,34.455,16.38,"[584.04, 518, 559.11, 495.7]","[3, 3, 4, 3]",13
assembly_1,4,0.15,subgraph_mip,edge_weight,2000,343,1105,185,16.74,0.354,7.974,2.581,10.555,1.0,0.8433,0.0,584.04,0.0,495.7,584.04,34.455,16.38,"[584.04, 518, 559.11, 495.7]","[3, 3, 4, 3]",13
assembly_1,4,0.15,subgraph_mip,time_balanced_weight,2000,343,1105,292,26.43,0.354,6.89,5.029,11.919,0.89,1.1091,31.51,581.12,-0.5,495.7,581.12,34.44,15.84,"[495.7, 516.63, 581.12, 563.4]","[3, 3, 3, 4]",13
assembly_1,4,0.15,subgraph_mip,combined,2000,343,1105,460,41.63,0.354,14.597,4.155,18.752,0.57,0.8433,-0.0,584.04,0.0,495.7,584.04,34.455,16.38,"[584.04, 518, 559.11, 495.7]","[3, 3, 4, 3]",13
assembly_1,4,0.15,subgraph_mip,blended,2000,343,1105,191,17.29,0.354,8.643,2.017,10.659,0.99,0.8433,-0.0,584.04,0.0,495.7,584.04,34.455,16.38,"[584.04, 518, 559.11, 495.7]","[3, 3, 4, 3]",13
assembly_1,4,0.15,subgraph_mip,blended_union,2000,343,1105,410,37.1,0.354,28.487,5.629,34.116,0.31,0.8433,-0.0,584.04,0.0,495.7,584.04,34.455,16.38,"[584.04, 518, 559.11, 495.7]","[3, 3, 4, 3]",13
assembly_1,4,0.15,subgraph_mip,diverse,2000,343,1105,1105,100.0,0.354,2.171,12.953,15.124,0.7,0.8433,0.0,584.04,0.0,495.7,584.04,34.455,16.38,"[584.04, 518, 559.11, 495.7]","[3, 3, 4, 3]",13
assembly_1,4,0.15,subgraph_mip,edge_weight,5000,343,1105,232,21.0,0.354,31.993,4.591,36.584,0.29,0.8433,-0.0,584.04,0.0,495.7,584.04,34.455,16.38,"[584.04, 518, 559.11, 495.7]","[3, 3, 4, 3]",13
assembly_1,4,0.15,subgraph_mip,time_balanced_weight,5000,343,1105,431,39.0,0.354,23.904,5.265,29.169,0.36,1.0348,22.71,581.12,-0.5,495.7,581.12,34.44,15.84,"[581.12, 516.63, 495.7, 563.4]","[3, 3, 3, 4]",13
assembly_1,4,0.15,subgraph_mip,combined,5000,343,1105,632,57.19,0.354,57.18,7.149,64.329,0.16,0.8433,-0.0,584.04,0.0,495.7,584.04,34.455,16.38,"[584.04, 518, 559.11, 495.7]","[3, 3, 4, 3]",13
assembly_1,4,0.15,subgraph_mip,blended,5000,343,1105,321,29.05,0.354,33.003,5.566,38.569,0.27,0.8433,-0.0,584.04,0.0,495.7,584.04,34.455,16.38,"[584.04, 518, 559.11, 495.7]","[3, 3, 4, 3]",13
assembly_1,4,0.15,subgraph_mip,blended_union,5000,343,1105,525,47.51,0.354,106.999,4.182,111.181,0.1,0.8433,-0.0,584.04,0.0,495.7,584.04,34.455,16.38,"[584.04, 518, 559.11, 495.7]","[3, 3, 4, 3]",13
assembly_1,4,0.15,subgraph_mip,diverse,5000,343,1105,1105,100.0,0.354,5.654,13.996,19.65,0.54,0.8433,0.0,584.04,0.0,495.7,584.04,34.455,16.38,"[584.04, 518, 559.11, 495.7]","[3, 3, 4, 3]",13
assembly_1,4,0.2,full_mip,—,,343,1105,1105,100.0,0.283,0.0,14.733,14.733,1.0,0.8468,0.0,584.04,0.0,495.7,584.04,34.455,16.38,"[584.04, 518, 559.11, 495.7]","[3, 3, 4, 3]",13
assembly_1,4,0.2,subgraph_mip,edge_weight,1,343,1105,13,1.18,0.283,0.001,0.12,0.122,121.24,0.8468,0.0,584.04,0.0,495.7,584.04,34.455,16.38,"[584.04, 518, 559.11, 495.7]","[3, 3, 4, 3]",13
assembly_1,4,0.2,subgraph_mip,time_balanced_weight,1,343,1105,13,1.18,0.283,0.001,0.057,0.057,256.85,1.1216,32.45,597.84,2.36,398.88,597.84,81.458,36.9,"[586.13, 574, 398.88, 597.84]","[3, 3, 4, 3]",13
assembly_1,4,0.2,subgraph_mip,combined,1,343,1105,26,2.35,0.283,0.001,0.049,0.05,292.19,0.8468,0.0,584.04,0.0,495.7,584.04,34.455,16.38,"[584.04, 518, 559.11, 495.7]","[3, 3, 4, 3]",13
assembly_1,4,0.2,subgraph_mip,blended,1,343,1105,13,1.18,0.283,0.001,0.034,0.035,418.82,0.8526,0.68,584.04,0.0,508.48,584.04,31.94,14.01,"[584.04, 508.48, 554.83, 509.5]","[3, 3, 4, 3]",13
assembly_1,4,0.2,subgraph_mip,blended_union,1,343,1105,37,3.35,0.283,0.009,1.326,1.336,11.03,0.8468,0.0,584.04,0.0,495.7,584.04,34.455,16.38,"[584.04, 518, 559.11, 495.7]","[3, 3, 4, 3]",13
assembly_1,4,0.2,subgraph_mip,diverse,1,343,1105,13,1.18,0.283,0.004,0.044,0.048,308.06,0.8526,0.68,584.04,0.0,508.48,584.04,31.94,14.01,"[584.04, 508.48, 554.83, 509.5]","[3, 3, 4, 3]",13
assembly_1,4,0.2,subgraph_mip,edge_weight,2,343,1105,15,1.36,0.283,0.01,0.1,0.11,133.75,0.8468,-0.0,584.04,0.0,495.7,584.04,34.455,16.38,"[584.04, 518, 559.11, 495.7]","[3, 3, 4, 3]",13
assembly_1,4,0.2,subgraph_mip,time_balanced_weight,2,343,1105,15,1.36,0.283,0.006,0.363,0.369,39.94,1.1216,32.45,597.84,2.36,398.88,597.84,81.458,36.9,"[586.13, 574, 398.88, 597.84]","[3, 3, 4, 3]",13
assembly_1,4,0.2,subgraph_mip,combined,2,343,1105,30,2.71,0.283,0.013,0.502,0.515,28.61,0.8468,0.0,584.04,0.0,495.7,584.04,34.455,16.38,"[584.04, 518, 559.11, 495.7]","[3, 3, 4, 3]",13
assembly_1,4,0.2,subgraph_mip,blended,2,343,1105,15,1.36,0.283,0.008,0.07,0.079,187.64,0.8526,0.68,584.04,0.0,508.48,584.04,31.94,14.01,"[584.04, 508.48, 554.83, 509.5]","[3, 3, 4, 3]",13
assembly_1,4,0.2,subgraph_mip,blended_union,2,343,1105,43,3.89,0.283,0.047,0.625,0.672,21.92,0.8468,0.0,584.04,0.0,495.7,584.04,34.455,16.38,"[584.04, 518, 559.11, 495.7]","[3, 3, 4, 3]",13
assembly_1,4,0.2,subgraph_mip,diverse,2,343,1105,26,2.35,0.283,0.005,0.31,0.314,46.89,0.8526,0.68,584.04,0.0,508.48,584.04,31.94,14.01,"[584.04, 508.48, 554.83, 509.5]","[3, 3, 4, 3]",13
assembly_1,4,0.2,subgraph_mip,edge_weight,5,343,1105,21,1.9,0.283,0.012,0.649,0.661,22.28,0.8468,0.0,584.04,0.0,495.7,584.04,34.455,16.38,"[584.04, 518, 559.11, 495.7]","[3, 3, 4, 3]",13
assembly_1,4,0.2,subgraph_mip,time_balanced_weight,5,343,1105,27,2.44,0.283,0.007,1.083,1.09,13.51,1.1074,30.78,597.84,2.36,495.7,597.84,38.394,18.94,"[495.7, 516.63, 546.68, 597.84]","[3, 3, 4, 3]",13
assembly_1,4,0.2,subgraph_mip,combined,5,343,1105,48,4.34,0.283,0.019,0.952,0.971,15.17,0.8468,0.0,584.04,0.0,495.7,584.04,34.455,16.38,"[584.04, 518, 559.11, 495.7]","[3, 3, 4, 3]",13
assembly_1,4,0.2,subgraph_mip,blended,5,343,1105,19,1.72,0.283,0.023,0.298,0.322,45.79,0.8526,0.68,584.04,0.0,508.48,584.04,31.94,14.01,"[584.04, 508.48, 554.83, 509.5]","[3, 3, 4, 3]",13
assembly_1,4,0.2,subgraph_mip,blended_union,5,343,1105,60,5.43,0.283,0.066,0.646,0.712,20.71,0.8468,0.0,584.04,0.0,495.7,584.04,34.455,16.38,"[584.04, 518, 559.11, 495.7]","[3, 3, 4, 3]",13
assembly_1,4,0.2,subgraph_mip,diverse,5,343,1105,65,5.88,0.283,0.01,0.928,0.938,15.71,0.8526,0.68,584.04,0.0,508.48,584.04,31.94,14.01,"[584.04, 508.48, 554.83, 509.5]","[3, 3, 4, 3]",13
assembly_1,4,0.2,subgraph_mip,edge_weight,10,343,1105,24,2.17,0.283,0.033,0.136,0.169,87.24,0.8468,0.0,584.04,0.0,495.7,584.04,34.455,16.38,"[584.04, 518, 559.11, 495.7]","[3, 3, 4, 3]",13
assembly_1,4,0.2,subgraph_mip,time_balanced_weight,10,343,1105,38,3.44,0.283,0.032,0.331,0.363,40.59,1.1074,30.78,597.84,2.36,495.7,597.84,38.394,18.94,"[495.7, 516.63, 546.68, 597.84]","[3, 3, 4, 3]",13
assembly_1,4,0.2,subgraph_mip,combined,10,343,1105,62,5.61,0.283,0.08,1.006,1.086,13.56,0.8468,0.0,584.04,0.0,495.7,584.04,34.455,16.38,"[584.04, 518, 559.11, 495.7]","[3, 3, 4, 3]",13
assembly_1,4,0.2,subgraph_mip,blended,10,343,1105,23,2.08,0.283,0.027,0.605,0.632,23.3,0.8526,0.68,584.04,0.0,508.48,584.04,31.94,14.01,"[584.04, 508.48, 554.83, 509.5]","[3, 3, 4, 3]",13
assembly_1,4,0.2,subgraph_mip,blended_union,10,343,1105,76,6.88,0.283,0.13,0.726,0.855,17.23,0.8468,0.0,584.04,0.0,495.7,584.04,34.455,16.38,"[584.04, 518, 559.11, 495.7]","[3, 3, 4, 3]",13
assembly_1,4,0.2,subgraph_mip,diverse,10,343,1105,126,11.4,0.283,0.022,1.418,1.44,10.23,0.8526,0.68,584.04,0.0,508.48,584.04,31.94,14.01,"[584.04, 508.48, 554.83, 509.5]","[3, 3, 4, 3]",13
assembly_1,4,0.2,subgraph_mip,edge_weight,20,343,1105,35,3.17,0.283,0.083,0.971,1.054,13.98,0.8468,0.0,584.04,0.0,495.7,584.04,34.455,16.38,"[584.04, 518, 559.11, 495.7]","[3, 3, 4, 3]",13
assembly_1,4,0.2,subgraph_mip,time_balanced_weight,20,343,1105,42,3.8,0.283,0.049,0.836,0.885,16.64,1.1074,30.78,597.84,2.36,495.7,597.84,38.394,18.94,"[495.7, 516.63, 546.68, 597.84]","[3, 3, 4, 3]",13
assembly_1,4,0.2,subgraph_mip,combined,20,343,1105,77,6.97,0.283,0.132,1.301,1.433,10.28,0.8468,0.0,584.04,0.0,495.7,584.04,34.455,16.38,"[584.04, 518, 559.11, 495.7]","[3, 3, 4, 3]",13
assembly_1,4,0.2,subgraph_mip,blended,20,343,1105,27,2.44,0.283,0.087,0.434,0.521,28.28,0.8526,0.68,584.04,0.0,508.48,584.04,31.94,14.01,"[584.04, 508.48, 554.83, 509.5]","[3, 3, 4, 3]",13
assembly_1,4,0.2,subgraph_mip,blended_union,20,343,1105,92,8.33,0.283,0.301,1.408,1.709,8.62,0.8468,-0.0,584.04,0.0,495.7,584.04,34.455,16.38,"[584.04, 518, 559.11, 495.7]","[3, 3, 4, 3]",13
assembly_1,4,0.2,subgraph_mip,diverse,20,343,1105,239,21.63,0.283,0.032,1.55,1.582,9.31,0.8517,0.58,584.04,0.0,495.7,584.04,37.791,16.38,"[584.04, 508.48, 568.63, 495.7]","[3, 3, 4, 3]",13
assembly_1,4,0.2,subgraph_mip,edge_weight,50,343,1105,54,4.89,0.283,0.224,1.404,1.628,9.05,0.8468,-0.0,584.04,0.0,495.7,584.04,34.455,16.38,"[584.04, 518, 559.11, 495.7]","[3, 3, 4, 3]",13
assembly_1,4,0.2,subgraph_mip,time_balanced_weight,50,343,1105,63,5.7,0.283,0.112,1.561,1.673,8.81,1.1029,30.25,602.68,3.19,401.5,602.68,81.661,37.31,"[401.5, 554.83, 602.68, 597.84]","[2, 4, 4, 3]",13
assembly_1,4,0.2,subgraph_mip,combined,50,343,1105,116,10.5,0.283,0.233,3.311,3.544,4.16,0.8468,0.0,584.04,0.0,495.7,584.04,34.455,16.38,"[584.04, 518, 559.11, 495.7]","[3, 3, 4, 3]",13
assembly_1,4,0.2,subgraph_mip,blended,50,343,1105,39,3.53,0.283,0.175,0.716,0.891,16.53,0.8526,0.68,584.04,0.0,508.48,584.04,31.94,14.01,"[584.04, 508.48, 554.83, 509.5]","[3, 3, 4, 3]",13
assembly_1,4,0.2,subgraph_mip,blended_union,50,343,1105,125,11.31,0.283,0.622,2.997,3.619,4.07,0.8468,0.0,584.04,0.0,495.7,584.04,34.455,16.38,"[584.04, 518, 559.11, 495.7]","[3, 3, 4, 3]",13
assembly_1,4,0.2,subgraph_mip,diverse,50,343,1105,507,45.88,0.283,0.053,4.106,4.159,3.54,0.8517,0.58,584.04,0.0,495.7,584.04,37.791,16.38,"[584.04, 508.48, 568.63, 495.7]","[3, 3, 4, 3]",13
assembly_1,4,0.2,subgraph_mip,edge_weight,100,343,1105,78,7.06,0.283,0.339,1.058,1.397,10.55,0.8468,-0.0,584.04,0.0,495.7,584.04,34.455,16.38,"[584.04, 518, 559.11, 495.7]","[3, 3, 4, 3]",13
assembly_1,4,0.2,subgraph_mip,time_balanced_weight,100,343,1105,86,7.78,0.283,0.257,2.127,2.383,6.18,1.102,30.14,597.84,2.36,495.7,597.84,38.394,18.94,"[495.7, 516.63, 546.68, 597.84]","[3, 3, 4, 3]",13
assembly_1,4,0.2,subgraph_mip,combined,100,343,1105,162,14.66,0.283,0.54,2.737,3.277,4.5,0.8468,0.0,584.04,0.0,495.7,584.04,34.455,16.38,"[584.04, 518, 559.11, 495.7]","[3, 3, 4, 3]",13
assembly_1,4,0.2,subgraph_mip,blended,100,343,1105,71,6.43,0.283,0.292,0.765,1.056,13.95,0.8502,0.41,584.04,0.0,509.5,584.04,29.067,13.82,"[584.04, 518, 545.31, 509.5]","[3, 3, 4, 3]",13
assembly_1,4,0.2,subgraph_mip,blended_union,100,343,1105,153,13.85,0.283,1.283,4.508,5.791,2.54,0.8468,0.0,584.04,0.0,495.7,584.04,34.455,16.38,"[584.04, 518, 559.11, 495.7]","[3, 3, 4, 3]",13
assembly_1,4,0.2,subgraph_mip,diverse,100,343,1105,748,67.69,0.283,0.118,11.248,11.366,1.3,0.8496,0.33,584.04,0.0,501.98,584.04,31.746,15.22,"[584.04, 518, 552.83, 501.98]","[3, 3, 4, 3]",13
assembly_1,4,0.2,subgraph_mip,edge_weight,200,343,1105,95,8.6,0.283,0.753,1.088,1.841,8.0,0.8468,0.0,584.04,0.0,495.7,584.04,34.455,16.38,"[584.04, 518, 559.11, 495.7]","[3, 3, 4, 3]",13
assembly_1,4,0.2,subgraph_mip,time_balanced_weight,200,343,1105,111,10.05,0.283,0.424,1.859,2.284,6.45,1.0992,29.81,602.68,3.19,401.5,602.68,81.661,37.31,"[401.5, 554.83, 602.68, 597.84]","[2, 4, 4, 3]",13
assembly_1,4,0.2,subgraph_mip,combined,200,343,1105,202,18.28,0.283,1.182,1.924,3.106,4.74,0.8468,0.0,584.04,0.0,495.7,584.04,34.455,16.38,"[584.04, 518, 559.11, 495.7]","[3, 3, 4, 3]",13
assembly_1,4,0.2,subgraph_mip,blended,200,343,1105,110,9.95,0.283,0.623,2.907,3.53,4.17,0.847,0.02,584.04,0.0,495.7,584.04,34.455,16.38,"[584.04, 518, 559.11, 495.7]","[3, 3, 4, 3]",13
assembly_1,4,0.2,subgraph_mip,blended_union,200,343,1105,177,16.02,0.283,2.602,1.364,3.965,3.72,0.8468,0.0,584.04,0.0,495.7,584.04,34.455,16.38,"[584.04, 518, 559.11, 495.7]","[3, 3, 4, 3]",13
assembly_1,4,0.2,subgraph_mip,diverse,200,343,1105,911,82.44,0.283,0.138,6.859,6.997,2.11,0.8492,0.28,584.04,0.0,495.7,584.04,34.455,16.38,"[584.04, 518, 559.11, 495.7]","[3, 3, 4, 3]",13
assembly_1,4,0.2,subgraph_mip,edge_weight,500,343,1105,108,9.77,0.283,1.773,1.175,2.947,5.0,0.8468,0.0,584.04,0.0,495.7,584.04,34.455,16.38,"[584.04, 518, 559.11, 495.7]","[3, 3, 4, 3]",13
assembly_1,4,0.2,subgraph_mip,time_balanced_weight,500,343,1105,153,13.85,0.283,1.096,2.406,3.503,4.21,1.0992,29.81,602.68,3.19,460.63,602.68,62.317,26.34,"[495.7, 460.63, 602.68, 597.84]","[3, 3, 4, 3]",13
assembly_1,4,0.2,subgraph_mip,combined,500,343,1105,257,23.26,0.283,2.817,1.989,4.806,3.07,0.8468,0.0,584.04,0.0,495.7,584.04,34.455,16.38,"[584.04, 518, 559.11, 495.7]","[3, 3, 4, 3]",13
assembly_1,4,0.2,subgraph_mip,blended,500,343,1105,149,13.48,0.283,1.891,1.536,3.427,4.3,0.847,0.02,584.04,0.0,495.7,584.04,34.455,16.38,"[584.04, 518, 559.11, 495.7]","[3, 3, 4, 3]",13
assembly_1,4,0.2,subgraph_mip,blended_union,500,343,1105,245,22.17,0.283,5.907,5.217,11.124,1.32,0.8468,0.0,584.04,0.0,495.7,584.04,34.455,16.38,"[584.04, 518, 559.11, 495.7]","[3, 3, 4, 3]",13
assembly_1,4,0.2,subgraph_mip,diverse,500,343,1105,1052,95.2,0.283,0.573,18.127,18.7,0.79,0.847,0.02,584.04,0.0,495.7,584.04,34.455,16.38,"[584.04, 518, 559.11, 495.7]","[3, 3, 4, 3]",13
assembly_1,4,0.2,subgraph_mip,edge_weight,1000,343,1105,142,12.85,0.283,4.532,1.638,6.17,2.39,0.8468,0.0,584.04,0.0,495.7,584.04,34.455,16.38,"[584.04, 518, 559.11, 495.7]","[3, 3, 4, 3]",13
assembly_1,4,0.2,subgraph_mip,time_balanced_weight,1000,343,1105,211,19.1,0.283,3.092,3.55,6.641,2.22,1.0966,29.51,581.12,-0.5,495.7,581.12,34.44,15.84,"[495.7, 516.63, 581.12, 563.4]","[3, 3, 3, 4]",13
assembly_1,4,0.2,subgraph_mip,combined,1000,343,1105,346,31.31,0.283,6.435,2.836,9.271,1.59,0.8468,0.0,584.04,0.0,495.7,584.04,34.455,16.38,"[584.04, 518, 559.11, 495.7]","[3, 3, 4, 3]",13
assembly_1,4,0.2,subgraph_mip,blended,1000,343,1105,170,15.38,0.283,3.975,1.557,5.532,2.66,0.8468,0.0,584.04,0.0,495.7,584.04,34.455,16.38,"[584.04, 518, 559.11, 495.7]","[3, 3, 4, 3]",13
assembly_1,4,0.2,subgraph_mip,blended_union,1000,343,1105,297,26.88,0.283,12.613,4.561,17.174,0.86,0.8468,0.0,584.04,0.0,495.7,584.04,34.455,16.38,"[584.04, 518, 559.11, 495.7]","[3, 3, 4, 3]",13
assembly_1,4,0.2,subgraph_mip,diverse,1000,343,1105,1100,99.55,0.283,1.059,19.451,20.51,0.72,0.8468,0.0,584.04,0.0,495.7,584.04,34.455,16.38,"[584.04, 518, 559.11, 495.7]","[3, 3, 4, 3]",13
assembly_1,4,0.2,subgraph_mip,edge_weight,2000,343,1105,185,16.74,0.283,8.135,2.404,10.539,1.4,0.8468,0.0,584.04,0.0,495.7,584.04,34.455,16.38,"[584.04, 518, 559.11, 495.7]","[3, 3, 4, 3]",13
assembly_1,4,0.2,subgraph_mip,time_balanced_weight,2000,343,1105,292,26.43,0.283,6.816,4.453,11.27,1.31,1.0966,29.51,581.12,-0.5,495.7,581.12,34.44,15.84,"[495.7, 516.63, 581.12, 563.4]","[3, 3, 3, 4]",13
assembly_1,4,0.2,subgraph_mip,combined,2000,343,1105,460,41.63,0.283,14.93,3.555,18.484,0.8,0.8468,0.0,584.04,0.0,495.7,584.04,34.455,16.38,"[584.04, 518, 559.11, 495.7]","[3, 3, 4, 3]",13
assembly_1,4,0.2,subgraph_mip,blended,2000,343,1105,216,19.55,0.283,9.268,1.758,11.026,1.34,0.8468,-0.0,584.04,0.0,495.7,584.04,34.455,16.38,"[584.04, 518, 559.11, 495.7]","[3, 3, 4, 3]",13
assembly_1,4,0.2,subgraph_mip,blended_union,2000,343,1105,410,37.1,0.283,30.769,6.923,37.691,0.39,0.8468,0.0,584.04,0.0,495.7,584.04,34.455,16.38,"[584.04, 518, 559.11, 495.7]","[3, 3, 4, 3]",13
assembly_1,4,0.2,subgraph_mip,diverse,2000,343,1105,1105,100.0,0.283,2.389,18.913,21.302,0.69,0.8468,0.0,584.04,0.0,495.7,584.04,34.455,16.38,"[584.04, 518, 559.11, 495.7]","[3, 3, 4, 3]",13
assembly_1,4,0.2,subgraph_mip,edge_weight,5000,343,1105,232,21.0,0.283,32.974,5.531,38.505,0.38,0.8468,0.0,584.04,0.0,495.7,584.04,34.455,16.38,"[584.04, 518, 559.11, 495.7]","[3, 3, 4, 3]",13
assembly_1,4,0.2,subgraph_mip,time_balanced_weight,5000,343,1105,431,39.0,0.283,25.898,4.838,30.736,0.48,1.0267,21.25,581.12,-0.5,495.7,581.12,34.44,15.84,"[581.12, 516.63, 495.7, 563.4]","[3, 3, 3, 4]",13
assembly_1,4,0.2,subgraph_mip,combined,5000,343,1105,632,57.19,0.283,59.106,9.662,68.768,0.21,0.8468,0.0,584.04,0.0,495.7,584.04,34.455,16.38,"[584.04, 518, 559.11, 495.7]","[3, 3, 4, 3]",13
assembly_1,4,0.2,subgraph_mip,blended,5000,343,1105,329,29.77,0.283,34.75,9.531,44.281,0.33,0.8468,0.0,584.04,0.0,495.7,584.04,34.455,16.38,"[584.04, 518, 559.11, 495.7]","[3, 3, 4, 3]",13
assembly_1,4,0.2,subgraph_mip,blended_union,5000,343,1105,525,47.51,0.283,114.139,9.357,123.496,0.12,0.8468,0.0,584.04,0.0,495.7,584.04,34.455,16.38,"[584.04, 518, 559.11, 495.7]","[3, 3, 4, 3]",13
assembly_1,4,0.2,subgraph_mip,diverse,5000,343,1105,1105,100.0,0.283,5.693,18.869,24.562,0.6,0.8468,0.0,584.04,0.0,495.7,584.04,34.455,16.38,"[584.04, 518, 559.11, 495.7]","[3, 3, 4, 3]",13
assembly_1,4,0.25,full_mip,—,,343,1105,1105,100.0,0.324,0.0,14.184,14.184,1.0,0.8502,0.0,584.04,0.0,495.7,584.04,34.455,16.38,"[584.04, 518, 559.11, 495.7]","[3, 3, 4, 3]",13
assembly_1,4,0.25,subgraph_mip,edge_weight,1,343,1105,13,1.18,0.324,0.001,0.032,0.033,429.27,0.8502,-0.0,584.04,0.0,495.7,584.04,34.455,16.38,"[584.04, 518, 559.11, 495.7]","[3, 3, 4, 3]",13
assembly_1,4,0.25,subgraph_mip,time_balanced_weight,1,343,1105,13,1.18,0.324,0.001,0.073,0.074,192.33,1.1092,30.46,597.84,2.36,398.88,597.84,81.458,36.9,"[586.13, 574, 398.88, 597.84]","[3, 3, 4, 3]",13
assembly_1,4,0.25,subgraph_mip,combined,1,343,1105,26,2.35,0.324,0.001,0.11,0.111,127.82,0.8502,0.0,584.04,0.0,495.7,584.04,34.455,16.38,"[584.04, 518, 559.11, 495.7]","[3, 3, 4, 3]",13
assembly_1,4,0.25,subgraph_mip,blended,1,343,1105,13,1.18,0.324,0.001,0.042,0.043,333.27,0.9014,6.01,586.13,0.36,502.2,586.13,31.528,15.57,"[502.2, 586.13, 520.92, 547.6]","[3, 3, 3, 4]",13
assembly_1,4,0.25,subgraph_mip,blended_union,1,343,1105,37,3.35,0.324,0.015,0.255,0.27,52.53,0.8502,-0.0,584.04,0.0,495.7,584.04,34.455,16.38,"[584.04, 518, 559.11, 495.7]","[3, 3, 4, 3]",13
assembly_1,4,0.25,subgraph_mip,diverse,1,343,1105,13,1.18,0.324,0.006,0.064,0.07,201.42,0.9014,6.01,586.13,0.36,502.2,586.13,31.528,15.57,"[502.2, 586.13, 520.92, 547.6]","[3, 3, 3, 4]",13
assembly_1,4,0.25,subgraph_mip,edge_weight,2,343,1105,15,1.36,0.324,0.008,0.138,0.146,97.08,0.8502,-0.0,584.04,0.0,495.7,584.04,34.455,16.38,"[584.04, 518, 559.11, 495.7]","[3, 3, 4, 3]",13
assembly_1,4,0.25,subgraph_mip,time_balanced_weight,2,343,1105,15,1.36,0.324,0.006,0.139,0.145,97.73,1.1092,30.46,597.84,2.36,398.88,597.84,81.458,36.9,"[586.13, 574, 398.88, 597.84]","[3, 3, 4, 3]",13
assembly_1,4,0.25,subgraph_mip,combined,2,343,1105,30,2.71,0.324,0.013,0.94,0.953,14.89,0.8502,-0.0,584.04,0.0,495.7,584.04,34.455,16.38,"[584.04, 518, 559.11, 495.7]","[3, 3, 4, 3]",13
assembly_1,4,0.25,subgraph_mip,blended,2,343,1105,15,1.36,0.324,0.011,0.2,0.21,67.47,0.9014,6.01,586.13,0.36,502.2,586.13,31.528,15.57,"[502.2, 586.13, 520.92, 547.6]","[3, 3, 3, 4]",13
assembly_1,4,0.25,subgraph_mip,blended_union,2,343,1105,43,3.89,0.324,0.042,0.444,0.486,29.19,0.8502,-0.0,584.04,0.0,495.7,584.04,34.455,16.38,"[584.04, 518, 559.11, 495.7]","[3, 3, 4, 3]",13
assembly_1,4,0.25,subgraph_mip,diverse,2,343,1105,26,2.35,0.324,0.01,0.279,0.289,49.13,0.9014,6.01,586.13,0.36,502.2,586.13,31.528,15.57,"[502.2, 586.13, 520.92, 547.6]","[3, 3, 3, 4]",13
assembly_1,4,0.25,subgraph_mip,edge_weight,5,343,1105,21,1.9,0.324,0.024,0.11,0.134,105.72,0.8502,0.0,584.04,0.0,495.7,584.04,34.455,16.38,"[584.04, 518, 559.11, 495.7]","[3, 3, 4, 3]",13
assembly_1,4,0.25,subgraph_mip,time_balanced_weight,5,343,1105,27,2.44,0.324,0.011,1.364,1.375,10.31,1.0959,28.9,597.84,2.36,495.7,597.84,38.394,18.94,"[495.7, 516.63, 546.68, 597.84]","[3, 3, 4, 3]",13
assembly_1,4,0.25,subgraph_mip,combined,5,343,1105,48,4.34,0.324,0.018,0.761,0.779,18.2,0.8502,0.0,584.04,0.0,495.7,584.04,34.455,16.38,"[584.04, 518, 559.11, 495.7]","[3, 3, 4, 3]",13
assembly_1,4,0.25,subgraph_mip,blended,5,343,1105,21,1.9,0.324,0.013,0.288,0.301,47.17,0.9014,6.01,586.13,0.36,502.2,586.13,31.528,15.57,"[502.2, 586.13, 520.92, 547.6]","[3, 3, 3, 4]",13
assembly_1,4,0.25,subgraph_mip,blended_union,5,343,1105,60,5.43,0.324,0.04,0.666,0.706,20.09,0.8502,-0.0,584.04,0.0,495.7,584.04,34.455,16.38,"[584.04, 518, 559.11, 495.7]","[3, 3, 4, 3]",13
assembly_1,4,0.25,subgraph_mip,diverse,5,343,1105,65,5.88,0.324,0.005,1.093,1.098,12.92,0.885,4.09,581.12,-0.5,511.5,581.12,27.859,12.91,"[581.12, 516.63, 511.5, 547.6]","[3, 3, 3, 4]",13
assembly_1,4,0.25,subgraph_mip,edge_weight,10,343,1105,24,2.17,0.324,0.025,0.218,0.243,58.43,0.8502,0.0,584.04,0.0,495.7,584.04,34.455,16.38,"[584.04, 518, 559.11, 495.7]","[3, 3, 4, 3]",13
assembly_1,4,0.25,subgraph_mip,time_balanced_weight,10,343,1105,38,3.44,0.324,0.015,1.215,1.23,11.54,1.0959,28.9,597.84,2.36,495.7,597.84,38.394,18.94,"[495.7, 516.63, 546.68, 597.84]","[3, 3, 4, 3]",13
assembly_1,4,0.25,subgraph_mip,combined,10,343,1105,62,5.61,0.324,0.038,1.088,1.126,12.59,0.8502,0.0,584.04,0.0,495.7,584.04,34.455,16.38,"[584.04, 518, 559.11, 495.7]","[3, 3, 4, 3]",13
assembly_1,4,0.25,subgraph_mip,blended,10,343,1105,24,2.17,0.324,0.067,0.351,0.418,33.93,0.9014,6.01,586.13,0.36,502.2,586.13,31.528,15.57,"[502.2, 586.13, 520.92, 547.6]","[3, 3, 3, 4]",13
assembly_1,4,0.25,subgraph_mip,blended_union,10,343,1105,76,6.88,0.324,0.154,0.607,0.76,18.65,0.8502,-0.0,584.04,0.0,495.7,584.04,34.455,16.38,"[584.04, 518, 559.11, 495.7]","[3, 3, 4, 3]",13
assembly_1,4,0.25,subgraph_mip,diverse,10,343,1105,126,11.4,0.324,0.01,0.479,0.488,29.05,0.885,4.09,581.12,-0.5,511.5,581.12,27.859,12.91,"[581.12, 516.63, 511.5, 547.6]","[3, 3, 3, 4]",13
assembly_1,4,0.25,subgraph_mip,edge_weight,20,343,1105,35,3.17,0.324,0.052,0.769,0.82,17.29,0.8502,-0.0,584.04,0.0,495.7,584.04,34.455,16.38,"[584.04, 518, 559.11, 495.7]","[3, 3, 4, 3]",13
assembly_1,4,0.25,subgraph_mip,time_balanced_weight,20,343,1105,42,3.8,0.324,0.038,1.56,1.598,8.88,1.0959,28.9,597.84,2.36,495.7,597.84,38.394,18.94,"[495.7, 516.63, 546.68, 597.84]","[3, 3, 4, 3]",13
assembly_1,4,0.25,subgraph_mip,combined,20,343,1105,77,6.97,0.324,0.145,0.886,1.031,13.76,0.8502,0.0,584.04,0.0,495.7,584.04,34.455,16.38,"[584.04, 518, 559.11, 495.7]","[3, 3, 4, 3]",13
assembly_1,4,0.25,subgraph_mip,blended,20,343,1105,30,2.71,0.324,0.104,0.352,0.456,31.1,0.9014,6.01,586.13,0.36,502.2,586.13,31.528,15.57,"[502.2, 586.13, 520.92, 547.6]","[3, 3, 3, 4]",13
assembly_1,4,0.25,subgraph_mip,blended_union,20,343,1105,92,8.33,0.324,0.171,2.654,2.826,5.02,0.8502,0.0,584.04,0.0,495.7,584.04,34.455,16.38,"[584.04, 518, 559.11, 495.7]","[3, 3, 4, 3]",13
assembly_1,4,0.25,subgraph_mip,diverse,20,343,1105,239,21.63,0.324,0.015,1.749,1.764,8.04,0.8526,0.28,584.04,0.0,495.7,584.04,37.791,16.38,"[584.04, 508.48, 568.63, 495.7]","[3, 3, 4, 3]",13
assembly_1,4,0.25,subgraph_mip,edge_weight,50,343,1105,54,4.89,0.324,0.199,0.605,0.804,17.63,0.8502,0.0,584.04,0.0,495.7,584.04,34.455,16.38,"[584.04, 518, 559.11, 495.7]","[3, 3, 4, 3]",13
assembly_1,4,0.25,subgraph_mip,time_balanced_weight,50,343,1105,63,5.7,0.324,0.098,0.659,0.758,18.72,1.0922,28.45,602.68,3.19,460.63,602.68,62.317,26.34,"[495.7, 460.63, 602.68, 597.84]","[3, 3, 4, 3]",13
assembly_1,4,0.25,subgraph_mip,combined,50,343,1105,116,10.5,0.324,0.24,2.378,2.618,5.42,0.8502,-0.0,584.04,0.0,495.7,584.04,34.455,16.38,"[584.04, 518, 559.11, 495.7]","[3, 3, 4, 3]",13
assembly_1,4,0.25,subgraph_mip,blended,50,343,1105,53,4.8,0.324,0.161,0.901,1.062,13.36,0.8557,0.64,584.04,0.0,508.48,584.04,31.94,14.01,"[584.04, 508.48, 554.83, 509.5]","[3, 3, 4, 3]",13
assembly_1,4,0.25,subgraph_mip,blended_union,50,343,1105,125,11.31,0.324,0.597,2.927,3.524,4.02,0.8502,-0.0,584.04,0.0,495.7,584.04,34.455,16.38,"[584.04, 518, 559.11, 495.7]","[3, 3, 4, 3]",13
assembly_1,4,0.25,subgraph_mip,diverse,50,343,1105,507,45.88,0.324,0.031,3.662,3.693,3.84,0.8526,0.28,584.04,0.0,495.7,584.04,37.791,16.38,"[584.04, 508.48, 568.63, 495.7]","[3, 3, 4, 3]",13
assembly_1,4,0.25,subgraph_mip,edge_weight,100,343,1105,78,7.06,0.324,0.352,0.669,1.022,13.88,0.8502,0.0,584.04,0.0,495.7,584.04,34.455,16.38,"[584.04, 518, 559.11, 495.7]","[3, 3, 4, 3]",13
assembly_1,4,0.25,subgraph_mip,time_balanced_weight,100,343,1105,86,7.78,0.324,0.217,1.41,1.627,8.72,1.0908,28.29,597.84,2.36,495.7,597.84,38.394,18.94,"[495.7, 516.63, 546.68, 597.84]","[3, 3, 4, 3]",13
assembly_1,4,0.25,subgraph_mip,combined,100,343,1105,162,14.66,0.324,0.49,1.161,1.651,8.59,0.8502,-0.0,584.04,0.0,495.7,584.04,34.455,16.38,"[584.04, 518, 559.11, 495.7]","[3, 3, 4, 3]",13
assembly_1,4,0.25,subgraph_mip,blended,100,343,1105,65,5.88,0.324,0.433,0.963,1.396,10.16,0.8557,0.64,584.04,0.0,508.48,584.04,31.94,14.01,"[584.04, 508.48, 554.83, 509.5]","[3, 3, 4, 3]",13
assembly_1,4,0.25,subgraph_mip,blended_union,100,343,1105,153,13.85,0.324,1.314,1.975,3.289,4.31,0.8502,-0.0,584.04,0.0,495.7,584.04,34.455,16.38,"[584.04, 518, 559.11, 495.7]","[3, 3, 4, 3]",13
assembly_1,4,0.25,subgraph_mip,diverse,100,343,1105,747,67.6,0.324,0.089,18.1,18.189,0.78,0.8526,0.28,584.04,0.0,495.7,584.04,37.791,16.38,"[584.04, 508.48, 568.63, 495.7]","[3, 3, 4, 3]",13
assembly_1,4,0.25,subgraph_mip,edge_weight,200,343,1105,95,8.6,0.324,0.735,1.43,2.166,6.55,0.8502,-0.0,584.04,0.0,495.7,584.04,34.455,16.38,"[584.04, 518, 559.11, 495.7]","[3, 3, 4, 3]",13
assembly_1,4,0.25,subgraph_mip,time_balanced_weight,200,343,1105,111,10.05,0.324,0.465,1.422,1.888,7.51,1.0887,28.04,602.68,3.19,460.63,602.68,62.317,26.34,"[495.7, 460.63, 602.68, 597.84]","[3, 3, 4, 3]",13
assembly_1,4,0.25,subgraph_mip,combined,200,343,1105,202,18.28,0.324,1.22,2.024,3.244,4.37,0.8502,0.0,584.04,0.0,495.7,584.04,34.455,16.38,"[584.04, 518, 559.11, 495.7]","[3, 3, 4, 3]",13
assembly_1,4,0.25,subgraph_mip,blended,200,343,1105,93,8.42,0.324,0.847,0.766,1.614,8.79,0.8557,0.64,584.04,0.0,508.48,584.04,31.94,14.01,"[584.04, 508.48, 554.83, 509.5]","[3, 3, 4, 3]",13
assembly_1,4,0.25,subgraph_mip,blended_union,200,343,1105,177,16.02,0.324,2.724,2.53,5.254,2.7,0.8502,0.0,584.04,0.0,495.7,584.04,34.455,16.38,"[584.04, 518, 559.11, 495.7]","[3, 3, 4, 3]",13
assembly_1,4,0.25,subgraph_mip,diverse,200,343,1105,906,81.99,0.324,0.156,23.149,23.305,0.61,0.8526,0.28,584.04,0.0,495.7,584.04,37.791,16.38,"[584.04, 508.48, 568.63, 495.7]","[3, 3, 4, 3]",13
assembly_1,4,0.25,subgraph_mip,edge_weight,500,343,1105,108,9.77,0.324,1.63,1.45,3.08,4.61,0.8502,0.0,584.04,0.0,495.7,584.04,34.455,16.38,"[584.04, 518, 559.11, 495.7]","[3, 3, 4, 3]",13
assembly_1,4,0.25,subgraph_mip,time_balanced_weight,500,343,1105,153,13.85,0.324,1.091,1.985,3.076,4.61,1.0875,27.9,581.12,-0.5,495.7,581.12,34.44,15.84,"[495.7, 516.63, 581.12, 563.4]","[3, 3, 3, 4]",13
assembly_1,4,0.25,subgraph_mip,combined,500,343,1105,257,23.26,0.324,2.631,1.767,4.398,3.22,0.8502,-0.0,584.04,0.0,495.7,584.04,34.455,16.38,"[584.04, 518, 559.11, 495.7]","[3, 3, 4, 3]",13
assembly_1,4,0.25,subgraph_mip,blended,500,343,1105,124,11.22,0.324,1.857,0.953,2.81,5.05,0.8535,0.38,584.04,0.0,509.5,584.04,29.067,13.82,"[584.04, 518, 545.31, 509.5]","[3, 3, 4, 3]",13
assembly_1,4,0.25,subgraph_mip,blended_union,500,343,1105,245,22.17,0.324,6.083,3.52,9.603,1.48,0.8502,0.0,584.04,0.0,495.7,584.04,34.455,16.38,"[584.04, 518, 559.11, 495.7]","[3, 3, 4, 3]",13
assembly_1,4,0.25,subgraph_mip,diverse,500,343,1105,1045,94.57,0.324,0.431,10.209,10.64,1.33,0.8502,0.0,584.04,0.0,495.7,584.04,34.455,16.38,"[584.04, 518, 559.11, 495.7]","[3, 3, 4, 3]",13
assembly_1,4,0.25,subgraph_mip,edge_weight,1000,343,1105,142,12.85,0.324,3.116,0.999,4.115,3.45,0.8502,0.0,584.04,0.0,495.7,584.04,34.455,16.38,"[584.04, 518, 559.11, 495.7]","[3, 3, 4, 3]",13
assembly_1,4,0.25,subgraph_mip,time_balanced_weight,1000,343,1105,211,19.1,0.324,2.695,3.117,5.812,2.44,1.0842,27.52,581.12,-0.5,495.7,581.12,34.44,15.84,"[495.7, 516.63, 581.12, 563.4]","[3, 3, 3, 4]",13
assembly_1,4,0.25,subgraph_mip,combined,1000,343,1105,346,31.31,0.324,6.235,4.254,10.489,1.35,0.8502,0.0,584.04,0.0,495.7,584.04,34.455,16.38,"[584.04, 518, 559.11, 495.7]","[3, 3, 4, 3]",13
assembly_1,4,0.25,subgraph_mip,blended,1000,343,1105,194,17.56,0.324,3.698,3.041,6.739,2.1,0.8504,0.02,584.04,0.0,495.7,584.04,34.455,16.38,"[584.04, 518, 559.11, 495.7]","[3, 3, 4, 3]",13
assembly_1,4,0.25,subgraph_mip,blended_union,1000,343,1105,297,26.88,0.324,12.115,5.777,17.891,0.79,0.8502,-0.0,584.04,0.0,495.7,584.04,34.455,16.38,"[584.04, 518, 559.11, 495.7]","[3, 3, 4, 3]",13
assembly_1,4,0.25,subgraph_mip,diverse,1000,343,1105,1103,99.82,0.324,1.059,17.69,18.749,0.76,0.8502,0.0,584.04,0.0,495.7,584.04,34.455,16.38,"[584.04, 518, 559.11, 495.7]","[3, 3, 4, 3]",13
assembly_1,4,0.25,subgraph_mip,edge_weight,2000,343,1105,185,16.74,0.324,7.812,1.995,9.807,1.45,0.8502,-0.0,584.04,0.0,495.7,584.04,34.455,16.38,"[584.04, 518, 559.11, 495.7]","[3, 3, 4, 3]",13
assembly_1,4,0.25,subgraph_mip,time_balanced_weight,2000,343,1105,292,26.43,0.324,6.579,4.13,10.708,1.32,1.0842,27.52,581.12,-0.5,495.7,581.12,34.44,15.84,"[495.7, 516.63, 581.12, 563.4]","[3, 3, 3, 4]",13
assembly_1,4,0.25,subgraph_mip,combined,2000,343,1105,460,41.63,0.324,14.867,6.448,21.315,0.67,0.8502,0.0,584.04,0.0,495.7,584.04,34.455,16.38,"[584.04, 518, 559.11, 495.7]","[3, 3, 4, 3]",13
assembly_1,4,0.25,subgraph_mip,blended,2000,343,1105,249,22.53,0.324,9.199,5.334,14.533,0.98,0.8502,0.0,584.04,0.0,495.7,584.04,34.455,16.38,"[584.04, 518, 559.11, 495.7]","[3, 3, 4, 3]",13
assembly_1,4,0.25,subgraph_mip,blended_union,2000,343,1105,410,37.1,0.324,28.468,6.512,34.979,0.41,0.8502,0.0,584.04,0.0,495.7,584.04,34.455,16.38,"[584.04, 518, 559.11, 495.7]","[3, 3, 4, 3]",13
assembly_1,4,0.25,subgraph_mip,diverse,2000,343,1105,1105,100.0,0.324,2.088,17.544,19.632,0.72,0.8502,0.0,584.04,0.0,495.7,584.04,34.455,16.38,"[584.04, 518, 559.11, 495.7]","[3, 3, 4, 3]",13
assembly_1,4,0.25,subgraph_mip,edge_weight,5000,343,1105,232,21.0,0.324,32.258,5.872,38.129,0.37,0.8502,0.0,584.04,0.0,495.7,584.04,34.455,16.38,"[584.04, 518, 559.11, 495.7]","[3, 3, 4, 3]",13
assembly_1,4,0.25,subgraph_mip,time_balanced_weight,5000,343,1105,431,39.0,0.324,25.004,4.845,29.849,0.48,1.0187,19.81,581.12,-0.5,495.7,581.12,34.44,15.84,"[581.12, 516.63, 495.7, 563.4]","[3, 3, 3, 4]",13
assembly_1,4,0.25,subgraph_mip,combined,5000,343,1105,632,57.19,0.324,55.86,12.559,68.418,0.21,0.8502,0.0,584.04,0.0,495.7,584.04,34.455,16.38,"[584.04, 518, 559.11, 495.7]","[3, 3, 4, 3]",13
assembly_1,4,0.25,subgraph_mip,blended,5000,343,1105,333,30.14,0.324,34.771,4.543,39.314,0.36,0.8502,0.0,584.04,0.0,495.7,584.04,34.455,16.38,"[584.04, 518, 559.11, 495.7]","[3, 3, 4, 3]",13
assembly_1,4,0.25,subgraph_mip,blended_union,5000,343,1105,525,47.51,0.324,106.402,8.883,115.286,0.12,0.8502,0.0,584.04,0.0,495.7,584.04,34.455,16.38,"[584.04, 518, 559.11, 495.7]","[3, 3, 4, 3]",13
assembly_1,4,0.25,subgraph_mip,diverse,5000,343,1105,1105,100.0,0.324,5.85,18.083,23.933,0.59,0.8502,0.0,584.04,0.0,495.7,584.04,34.455,16.38,"[584.04, 518, 559.11, 495.7]","[3, 3, 4, 3]",13
assembly_1,4,0.3,full_mip,—,,343,1105,1105,100.0,0.332,0.0,128.581,128.581,1.0,0.8537,0.0,584.04,0.0,495.7,584.04,34.455,16.38,"[584.04, 518, 559.11, 495.7]","[3, 3, 4, 3]",13
assembly_1,4,0.3,subgraph_mip,edge_weight,1,343,1105,13,1.18,0.332,0.001,0.042,0.044,2943.28,0.8537,-0.0,584.04,0.0,495.7,584.04,34.455,16.38,"[584.04, 518, 559.11, 495.7]","[3, 3, 4, 3]",13
assembly_1,4,0.3,subgraph_mip,time_balanced_weight,1,343,1105,13,1.18,0.332,0.001,0.086,0.087,1479.33,1.0968,28.48,597.84,2.36,398.88,597.84,81.458,36.9,"[586.13, 574, 398.88, 597.84]","[3, 3, 4, 3]",13
assembly_1,4,0.3,subgraph_mip,combined,1,343,1105,26,2.35,0.332,0.001,0.197,0.198,648.8,0.8537,0.0,584.04,0.0,495.7,584.04,34.455,16.38,"[584.04, 518, 559.11, 495.7]","[3, 3, 4, 3]",13
assembly_1,4,0.3,subgraph_mip,blended,1,343,1105,13,1.18,0.332,0.003,0.031,0.034,3774.46,0.9016,5.62,586.13,0.36,502.2,586.13,31.528,15.57,"[502.2, 586.13, 520.92, 547.6]","[3, 3, 3, 4]",13
assembly_1,4,0.3,subgraph_mip,blended_union,1,343,1105,37,3.35,0.332,0.014,0.238,0.251,511.28,0.8537,-0.0,584.04,0.0,495.7,584.04,34.455,16.38,"[584.04, 518, 559.11, 495.7]","[3, 3, 4, 3]",13
assembly_1,4,0.3,subgraph_mip,diverse,1,343,1105,13,1.18,0.332,0.004,0.032,0.036,3570.96,0.9016,5.62,586.13,0.36,502.2,586.13,31.528,15.57,"[502.2, 586.13, 520.92, 547.6]","[3, 3, 3, 4]",13
assembly_1,4,0.3,subgraph_mip,edge_weight,2,343,1105,15,1.36,0.332,0.004,0.111,0.115,1115.22,0.8537,-0.0,584.04,0.0,495.7,584.04,34.455,16.38,"[584.04, 518, 559.11, 495.7]","[3, 3, 4, 3]",13
assembly_1,4,0.3,subgraph_mip,time_balanced_weight,2,343,1105,15,1.36,0.332,0.003,0.094,0.097,1329.05,1.0968,28.48,597.84,2.36,398.88,597.84,81.458,36.9,"[586.13, 574, 398.88, 597.84]","[3, 3, 4, 3]",13
assembly_1,4,0.3,subgraph_mip,combined,2,343,1105,30,2.71,0.332,0.011,0.323,0.334,385.52,0.8537,-0.0,584.04,0.0,495.7,584.04,34.455,16.38,"[584.04, 518, 559.11, 495.7]","[3, 3, 4, 3]",13
assembly_1,4,0.3,subgraph_mip,blended,2,343,1105,15,1.36,0.332,0.005,0.101,0.106,1209.66,0.9016,5.62,586.13,0.36,502.2,586.13,31.528,15.57,"[502.2, 586.13, 520.92, 547.6]","[3, 3, 3, 4]",13
assembly_1,4,0.3,subgraph_mip,blended_union,2,343,1105,43,3.89,0.332,0.025,0.559,0.584,220.07,0.8537,-0.0,584.04,0.0,495.7,584.04,34.455,16.38,"[584.04, 518, 559.11, 495.7]","[3, 3, 4, 3]",13
assembly_1,4,0.3,subgraph_mip,diverse,2,343,1105,26,2.35,0.332,0.005,0.158,0.163,788.11,0.9016,5.62,586.13,0.36,502.2,586.13,31.528,15.57,"[502.2, 586.13, 520.92, 547.6]","[3, 3, 3, 4]",13
assembly_1,4,0.3,subgraph_mip,edge_weight,5,343,1105,21,1.9,0.332,0.013,0.429,0.441,291.34,0.8537,-0.0,584.04,0.0,495.7,584.04,34.455,16.38,"[584.04, 518, 559.11, 495.7]","[3, 3, 4, 3]",13
assembly_1,4,0.3,subgraph_mip,time_balanced_weight,5,343,1105,27,2.44,0.332,0.014,1.318,1.333,96.49,1.0844,27.03,597.84,2.36,495.7,597.84,38.394,18.94,"[495.7, 516.63, 546.68, 597.84]","[3, 3, 4, 3]",13
assembly_1,4,0.3,subgraph_mip,combined,5,343,1105,48,4.34,0.332,0.037,1.147,1.183,108.64,0.8537,0.0,584.04,0.0,495.7,584.04,34.455,16.38,"[584.04, 518, 559.11, 495.7]","[3, 3, 4, 3]",13
assembly_1,4,0.3,subgraph_mip,blended,5,343,1105,21,1.9,0.332,0.021,0.098,0.119,1081.63,0.9016,5.62,586.13,0.36,502.2,586.13,31.528,15.57,"[502.2, 586.13, 520.92, 547.6]","[3, 3, 3, 4]",13
assembly_1,4,0.3,subgraph_mip,blended_union,5,343,1105,60,5.43,0.332,0.088,0.458,0.546,235.36,0.8537,-0.0,584.04,0.0,495.7,584.04,34.455,16.38,"[584.04, 518, 559.11, 495.7]","[3, 3, 4, 3]",13
assembly_1,4,0.3,subgraph_mip,diverse,5,343,1105,65,5.88,0.332,0.015,0.804,0.819,156.98,0.865,1.32,581.12,-0.5,509.5,581.12,30.235,13.28,"[581.12, 511.4, 554.83, 509.5]","[3, 3, 4, 3]",13
assembly_1,4,0.3,subgraph_mip,edge_weight,10,343,1105,24,2.17,0.332,0.027,0.293,0.319,402.8,0.8537,0.0,584.04,0.0,495.7,584.04,34.455,16.38,"[584.04, 518, 559.11, 495.7]","[3, 3, 4, 3]",13
assembly_1,4,0.3,subgraph_mip,time_balanced_weight,10,343,1105,38,3.44,0.332,0.018,0.321,0.339,379.62,1.0844,27.03,597.84,2.36,495.7,597.84,38.394,18.94,"[495.7, 516.63, 546.68, 597.84]","[3, 3, 4, 3]",13
assembly_1,4,0.3,subgraph_mip,combined,10,343,1105,62,5.61,0.332,0.066,0.898,0.964,133.42,0.8537,-0.0,584.04,0.0,495.7,584.04,34.455,16.38,"[584.04, 518, 559.11, 495.7]","[3, 3, 4, 3]",13
assembly_1,4,0.3,subgraph_mip,blended,10,343,1105,24,2.17,0.332,0.048,0.24,0.288,446.98,0.9016,5.62,586.13,0.36,502.2,586.13,31.528,15.57,"[502.2, 586.13, 520.92, 547.6]","[3, 3, 3, 4]",13
assembly_1,4,0.3,subgraph_mip,blended_union,10,343,1105,76,6.88,0.332,0.125,0.561,0.687,187.21,0.8537,-0.0,584.04,0.0,495.7,584.04,34.455,16.38,"[584.04, 518, 559.11, 495.7]","[3, 3, 4, 3]",13
assembly_1,4,0.3,subgraph_mip,diverse,10,343,1105,126,11.4,0.332,0.012,0.706,0.719,178.88,0.865,1.32,581.12,-0.5,509.5,581.12,30.235,13.28,"[581.12, 511.4, 554.83, 509.5]","[3, 3, 4, 3]",13
assembly_1,4,0.3,subgraph_mip,edge_weight,20,343,1105,35,3.17,0.332,0.075,0.356,0.431,298.09,0.8537,0.0,584.04,0.0,495.7,584.04,34.455,16.38,"[584.04, 518, 559.11, 495.7]","[3, 3, 4, 3]",13
assembly_1,4,0.3,subgraph_mip,time_balanced_weight,20,343,1105,42,3.8,0.332,0.039,0.637,0.676,190.15,1.0844,27.03,597.84,2.36,495.7,597.84,38.394,18.94,"[495.7, 516.63, 546.68, 597.84]","[3, 3, 4, 3]",13
assembly_1,4,0.3,subgraph_mip,combined,20,343,1105,77,6.97,0.332,0.094,0.835,0.929,138.45,0.8537,-0.0,584.04,0.0,495.7,584.04,34.455,16.38,"[584.04, 518, 559.11, 495.7]","[3, 3, 4, 3]",13
assembly_1,4,0.3,subgraph_mip,blended,20,343,1105,30,2.71,0.332,0.072,0.453,0.525,244.92,0.9016,5.62,586.13,0.36,502.2,586.13,31.528,15.57,"[502.2, 586.13, 520.92, 547.6]","[3, 3, 3, 4]",13
assembly_1,4,0.3,subgraph_mip,blended_union,20,343,1105,92,8.33,0.332,0.181,0.805,0.985,130.48,0.8537,-0.0,584.04,0.0,495.7,584.04,34.455,16.38,"[584.04, 518, 559.11, 495.7]","[3, 3, 4, 3]",13
assembly_1,4,0.3,subgraph_mip,diverse,20,343,1105,239,21.63,0.332,0.014,0.978,0.992,129.65,0.8642,1.23,581.12,-0.5,495.7,581.12,36.361,15.84,"[581.12, 511.4, 568.63, 495.7]","[3, 3, 4, 3]",13
assembly_1,4,0.3,subgraph_mip,edge_weight,50,343,1105,54,4.89,0.332,0.206,0.815,1.021,125.9,0.8537,0.0,584.04,0.0,495.7,584.04,34.455,16.38,"[584.04, 518, 559.11, 495.7]","[3, 3, 4, 3]",13
assembly_1,4,0.3,subgraph_mip,time_balanced_weight,50,343,1105,63,5.7,0.332,0.111,0.75,0.86,149.46,1.0814,26.67,602.68,3.19,460.63,602.68,62.317,26.34,"[495.7, 460.63, 602.68, 597.84]","[3, 3, 4, 3]",13
assembly_1,4,0.3,subgraph_mip,combined,50,343,1105,116,10.5,0.332,0.212,1.392,1.604,80.17,0.8537,-0.0,584.04,0.0,495.7,584.04,34.455,16.38,"[584.04, 518, 559.11, 495.7]","[3, 3, 4, 3]",13
assembly_1,4,0.3,subgraph_mip,blended,50,343,1105,38,3.44,0.332,0.273,0.419,0.691,185.95,0.9016,5.62,586.13,0.36,502.2,586.13,31.528,15.57,"[502.2, 586.13, 520.92, 547.6]","[3, 3, 3, 4]",13
assembly_1,4,0.3,subgraph_mip,blended_union,50,343,1105,125,11.31,0.332,0.582,1.788,2.37,54.25,0.8537,0.0,584.04,0.0,495.7,584.04,34.455,16.38,"[584.04, 518, 559.11, 495.7]","[3, 3, 4, 3]",13
assembly_1,4,0.3,subgraph_mip,diverse,50,343,1105,507,45.88,0.332,0.034,11.875,11.91,10.8,0.8573,0.43,584.04,0.0,501.98,584.04,32.321,15.22,"[584.04, 516, 554.83, 501.98]","[3, 3, 4, 3]",13
assembly_1,4,0.3,subgraph_mip,edge_weight,100,343,1105,78,7.06,0.332,0.344,0.737,1.081,118.96,0.8537,0.0,584.04,0.0,495.7,584.04,34.455,16.38,"[584.04, 518, 559.11, 495.7]","[3, 3, 4, 3]",13
assembly_1,4,0.3,subgraph_mip,time_balanced_weight,100,343,1105,86,7.78,0.332,0.199,2.31,2.509,51.24,1.0797,26.47,597.84,2.36,495.7,597.84,38.394,18.94,"[495.7, 516.63, 546.68, 597.84]","[3, 3, 4, 3]",13
assembly_1,4,0.3,subgraph_mip,combined,100,343,1105,162,14.66,0.332,0.582,1.67,2.253,57.08,0.8537,-0.0,584.04,0.0,495.7,584.04,34.455,16.38,"[584.04, 518, 559.11, 495.7]","[3, 3, 4, 3]",13
assembly_1,4,0.3,subgraph_mip,blended,100,343,1105,48,4.34,0.332,0.434,2.745,3.18,40.44,0.8836,3.5,581.12,-0.5,511.5,581.12,27.859,12.91,"[581.12, 516.63, 511.5, 547.6]","[3, 3, 3, 4]",13
assembly_1,4,0.3,subgraph_mip,blended_union,100,343,1105,153,13.85,0.332,1.339,3.232,4.571,28.13,0.8537,-0.0,584.04,0.0,495.7,584.04,34.455,16.38,"[584.04, 518, 559.11, 495.7]","[3, 3, 4, 3]",13
assembly_1,4,0.3,subgraph_mip,diverse,100,343,1105,749,67.78,0.332,0.094,17.444,17.538,7.33,0.8558,0.25,584.04,0.0,495.7,584.04,34.455,16.38,"[584.04, 518, 559.11, 495.7]","[3, 3, 4, 3]",13
assembly_1,4,0.3,subgraph_mip,edge_weight,200,343,1105,95,8.6,0.332,0.672,1.51,2.181,58.95,0.8537,0.0,584.04,0.0,495.7,584.04,34.455,16.38,"[584.04, 518, 559.11, 495.7]","[3, 3, 4, 3]",13
assembly_1,4,0.3,subgraph_mip,time_balanced_weight,200,343,1105,111,10.05,0.332,0.372,2.174,2.545,50.51,1.0773,26.2,586.13,0.36,453.4,586.13,53.222,24.62,"[586.13, 536.2, 581.12, 453.4]","[3, 4, 3, 3]",13
assembly_1,4,0.3,subgraph_mip,combined,200,343,1105,202,18.28,0.332,1.087,2.343,3.429,37.49,0.8537,-0.0,584.04,0.0,495.7,584.04,34.455,16.38,"[584.04, 518, 559.11, 495.7]","[3, 3, 4, 3]",13
assembly_1,4,0.3,subgraph_mip,blended,200,343,1105,59,5.34,0.332,0.906,1.066,1.971,65.22,0.8801,3.09,574.62,-1.61,502.2,574.62,29.643,13.43,"[502.2, 561.11, 574.62, 518.92]","[3, 4, 3, 3]",13
assembly_1,4,0.3,subgraph_mip,blended_union,200,343,1105,177,16.02,0.332,2.55,3.447,5.997,21.44,0.8537,-0.0,584.04,0.0,495.7,584.04,34.455,16.38,"[584.04, 518, 559.11, 495.7]","[3, 3, 4, 3]",13
assembly_1,4,0.3,subgraph_mip,diverse,200,343,1105,903,81.72,0.332,0.136,38.689,38.825,3.31,0.8558,0.25,584.04,0.0,495.7,584.04,34.455,16.38,"[584.04, 518, 559.11, 495.7]","[3, 3, 4, 3]",13
assembly_1,4,0.3,subgraph_mip,edge_weight,500,343,1105,108,9.77,0.332,1.714,0.881,2.594,49.56,0.8537,-0.0,584.04,0.0,495.7,584.04,34.455,16.38,"[584.04, 518, 559.11, 495.7]","[3, 3, 4, 3]",13
assembly_1,4,0.3,subgraph_mip,time_balanced_weight,500,343,1105,153,13.85,0.332,1.133,2.146,3.279,39.22,1.0748,25.9,581.12,-0.5,495.7,581.12,34.44,15.84,"[495.7, 516.63, 581.12, 563.4]","[3, 3, 3, 4]",13
assembly_1,4,0.3,subgraph_mip,combined,500,343,1105,257,23.26,0.332,2.501,3.627,6.128,20.98,0.8537,-0.0,584.04,0.0,495.7,584.04,34.455,16.38,"[584.04, 518, 559.11, 495.7]","[3, 3, 4, 3]",13
assembly_1,4,0.3,subgraph_mip,blended,500,343,1105,129,11.67,0.332,2.008,2.22,4.228,30.41,0.8588,0.59,584.04,0.0,508.48,584.04,31.94,14.01,"[584.04, 508.48, 554.83, 509.5]","[3, 3, 4, 3]",13
assembly_1,4,0.3,subgraph_mip,blended_union,500,343,1105,245,22.17,0.332,6.186,2.548,8.735,14.72,0.8537,-0.0,584.04,0.0,495.7,584.04,34.455,16.38,"[584.04, 518, 559.11, 495.7]","[3, 3, 4, 3]",13
assembly_1,4,0.3,subgraph_mip,diverse,500,343,1105,1043,94.39,0.332,0.638,23.764,24.402,5.27,0.8543,0.07,584.04,0.0,495.7,584.04,34.455,16.38,"[584.04, 518, 559.11, 495.7]","[3, 3, 4, 3]",13
assembly_1,4,0.3,subgraph_mip,edge_weight,1000,343,1105,142,12.85,0.332,3.445,3.126,6.571,19.57,0.8537,-0.0,584.04,0.0,495.7,584.04,34.455,16.38,"[584.04, 518, 559.11, 495.7]","[3, 3, 4, 3]",13
assembly_1,4,0.3,subgraph_mip,time_balanced_weight,1000,343,1105,211,19.1,0.332,2.625,5.615,8.239,15.61,1.0717,25.54,581.12,-0.5,495.7,581.12,34.44,15.84,"[495.7, 516.63, 581.12, 563.4]","[3, 3, 3, 4]",13
assembly_1,4,0.3,subgraph_mip,combined,1000,343,1105,346,31.31,0.332,6.09,2.926,9.016,14.26,0.8537,-0.0,584.04,0.0,495.7,584.04,34.455,16.38,"[584.04, 518, 559.11, 495.7]","[3, 3, 4, 3]",13
assembly_1,4,0.3,subgraph_mip,blended,1000,343,1105,191,17.29,0.332,3.85,3.394,7.244,17.75,0.8567,0.36,584.04,0.0,509.5,584.04,29.067,13.82,"[584.04, 518, 545.31, 509.5]","[3, 3, 4, 3]",13
assembly_1,4,0.3,subgraph_mip,blended_union,1000,343,1105,297,26.88,0.332,13.021,5.619,18.64,6.9,0.8537,-0.0,584.04,0.0,495.7,584.04,34.455,16.38,"[584.04, 518, 559.11, 495.7]","[3, 3, 4, 3]",13
assembly_1,4,0.3,subgraph_mip,diverse,1000,343,1105,1100,99.55,0.332,1.136,35.251,36.388,3.53,0.8537,0.0,584.04,0.0,495.7,584.04,34.455,16.38,"[584.04, 518, 559.11, 495.7]","[3, 3, 4, 3]",13
assembly_1,4,0.3,subgraph_mip,edge_weight,2000,343,1105,185,16.74,0.332,7.76,3.558,11.317,11.36,0.8537,-0.0,584.04,0.0,495.7,584.04,34.455,16.38,"[584.04, 518, 559.11, 495.7]","[3, 3, 4, 3]",13
assembly_1,4,0.3,subgraph_mip,time_balanced_weight,2000,343,1105,292,26.43,0.332,6.676,7.363,14.04,9.16,1.0717,25.54,581.12,-0.5,495.7,581.12,34.44,15.84,"[495.7, 516.63, 581.12, 563.4]","[3, 3, 3, 4]",13
assembly_1,4,0.3,subgraph_mip,combined,2000,343,1105,460,41.63,0.332,14.317,4.535,18.852,6.82,0.8537,-0.0,584.04,0.0,495.7,584.04,34.455,16.38,"[584.04, 518, 559.11, 495.7]","[3, 3, 4, 3]",13
assembly_1,4,0.3,subgraph_mip,blended,2000,343,1105,243,21.99,0.332,9.547,3.183,12.73,10.1,0.8539,0.02,584.04,0.0,495.7,584.04,34.455,16.38,"[584.04, 518, 559.11, 495.7]","[3, 3, 4, 3]",13
assembly_1,4,0.3,subgraph_mip,blended_union,2000,343,1105,410,37.1,0.332,28.947,9.154,38.101,3.37,0.8537,-0.0,584.04,0.0,495.7,584.04,34.455,16.38,"[584.04, 518, 559.11, 495.7]","[3, 3, 4, 3]",13
assembly_1,4,0.3,subgraph_mip,diverse,2000,343,1105,1105,100.0,0.332,2.246,129.227,131.473,0.98,0.8537,0.0,584.04,0.0,495.7,584.04,34.455,16.38,"[584.04, 518, 559.11, 495.7]","[3, 3, 4, 3]",13
assembly_1,4,0.3,subgraph_mip,edge_weight,5000,343,1105,232,21.0,0.332,32.985,10.2,43.186,2.98,0.8537,0.0,584.04,0.0,495.7,584.04,34.455,16.38,"[584.04, 518, 559.11, 495.7]","[3, 3, 4, 3]",13
assembly_1,4,0.3,subgraph_mip,time_balanced_weight,5000,343,1105,431,39.0,0.332,26.42,4.264,30.684,4.19,1.0106,18.38,581.12,-0.5,495.7,581.12,34.44,15.84,"[581.12, 516.63, 495.7, 563.4]","[3, 3, 3, 4]",13
assembly_1,4,0.3,subgraph_mip,combined,5000,343,1105,632,57.19,0.332,62.726,14.029,76.755,1.68,0.8537,-0.0,584.04,0.0,495.7,584.04,34.455,16.38,"[584.04, 518, 559.11, 495.7]","[3, 3, 4, 3]",13
assembly_1,4,0.3,subgraph_mip,blended,5000,343,1105,330,29.86,0.332,43.117,6.968,50.084,2.57,0.8537,0.0,584.04,0.0,495.7,584.04,34.455,16.38,"[584.04, 518, 559.11, 495.7]","[3, 3, 4, 3]",13
assembly_1,4,0.3,subgraph_mip,blended_union,5000,343,1105,525,47.51,0.332,116.691,32.031,148.722,0.86,0.8537,0.0,584.04,0.0,495.7,584.04,34.455,16.38,"[584.04, 518, 559.11, 495.7]","[3, 3, 4, 3]",13
assembly_1,4,0.3,subgraph_mip,diverse,5000,343,1105,1105,100.0,0.332,6.719,138.893,145.612,0.88,0.8537,0.0,584.04,0.0,495.7,584.04,34.455,16.38,"[584.04, 518, 559.11, 495.7]","[3, 3, 4, 3]",13
assembly_1,4,0.35,full_mip,—,,343,1105,1105,100.0,0.336,0.0,82.13,82.13,1.0,0.8572,0.0,584.04,0.0,495.7,584.04,34.455,16.38,"[584.04, 518, 559.11, 495.7]","[3, 3, 4, 3]",13
assembly_1,4,0.35,subgraph_mip,edge_weight,1,343,1105,13,1.18,0.336,0.001,0.057,0.058,1406.38,0.8572,0.0,584.04,0.0,495.7,584.04,34.455,16.38,"[584.04, 518, 559.11, 495.7]","[3, 3, 4, 3]",13
assembly_1,4,0.35,subgraph_mip,time_balanced_weight,1,343,1105,13,1.18,0.336,0.001,0.251,0.252,326.37,1.0844,26.51,597.84,2.36,398.88,597.84,81.458,36.9,"[586.13, 574, 398.88, 597.84]","[3, 3, 4, 3]",13
assembly_1,4,0.35,subgraph_mip,combined,1,343,1105,26,2.35,0.336,0.002,0.385,0.387,212.32,0.8572,0.0,584.04,0.0,495.7,584.04,34.455,16.38,"[584.04, 518, 559.11, 495.7]","[3, 3, 4, 3]",13
assembly_1,4,0.35,subgraph_mip,blended,1,343,1105,13,1.18,0.336,0.001,0.052,0.053,1535.42,0.9019,5.22,586.13,0.36,502.2,586.13,31.528,15.57,"[502.2, 586.13, 520.92, 547.6]","[3, 3, 3, 4]",13
assembly_1,4,0.35,subgraph_mip,blended_union,1,343,1105,37,3.35,0.336,0.021,0.678,0.699,117.51,0.8572,0.0,584.04,0.0,495.7,584.04,34.455,16.38,"[584.04, 518, 559.11, 495.7]","[3, 3, 4, 3]",13
assembly_1,4,0.35,subgraph_mip,diverse,1,343,1105,13,1.18,0.336,0.012,0.074,0.086,956.03,0.9019,5.22,586.13,0.36,502.2,586.13,31.528,15.57,"[502.2, 586.13, 520.92, 547.6]","[3, 3, 3, 4]",13
assembly_1,4,0.35,subgraph_mip,edge_weight,2,343,1105,15,1.36,0.336,0.008,0.132,0.14,585.75,0.8572,-0.0,584.04,0.0,495.7,584.04,34.455,16.38,"[584.04, 518, 559.11, 495.7]","[3, 3, 4, 3]",13
assembly_1,4,0.35,subgraph_mip,time_balanced_weight,2,343,1105,15,1.36,0.336,0.005,0.514,0.519,158.28,1.0844,26.51,597.84,2.36,398.88,597.84,81.458,36.9,"[586.13, 574, 398.88, 597.84]","[3, 3, 4, 3]",13
assembly_1,4,0.35,subgraph_mip,combined,2,343,1105,30,2.71,0.336,0.006,0.238,0.245,335.66,0.8572,-0.0,584.04,0.0,495.7,584.04,34.455,16.38,"[584.04, 518, 559.11, 495.7]","[3, 3, 4, 3]",13
assembly_1,4,0.35,subgraph_mip,blended,2,343,1105,15,1.36,0.336,0.005,0.201,0.206,399.45,0.9019,5.22,586.13,0.36,502.2,586.13,31.528,15.57,"[502.2, 586.13, 520.92, 547.6]","[3, 3, 3, 4]",13
assembly_1,4,0.35,subgraph_mip,blended_union,2,343,1105,43,3.89,0.336,0.021,0.387,0.407,201.66,0.8572,0.0,584.04,0.0,495.7,584.04,34.455,16.38,"[584.04, 518, 559.11, 495.7]","[3, 3, 4, 3]",13
assembly_1,4,0.35,subgraph_mip,diverse,2,343,1105,26,2.35,0.336,0.005,0.841,0.846,97.11,0.9019,5.22,586.13,0.36,502.2,586.13,31.528,15.57,"[502.2, 586.13, 520.92, 547.6]","[3, 3, 3, 4]",13
assembly_1,4,0.35,subgraph_mip,edge_weight,5,343,1105,21,1.9,0.336,0.019,0.484,0.503,163.22,0.8572,-0.0,584.04,0.0,495.7,584.04,34.455,16.38,"[584.04, 518, 559.11, 495.7]","[3, 3, 4, 3]",13
assembly_1,4,0.35,subgraph_mip,time_balanced_weight,5,343,1105,27,2.44,0.336,0.008,1.231,1.238,66.31,1.0729,25.17,597.84,2.36,495.7,597.84,38.394,18.94,"[495.7, 516.63, 546.68, 597.84]","[3, 3, 4, 3]",13
assembly_1,4,0.35,subgraph_mip,combined,5,343,1105,48,4.34,0.336,0.02,0.866,0.886,92.69,0.8572,0.0,584.04,0.0,495.7,584.04,34.455,16.38,"[584.04, 518, 559.11, 495.7]","[3, 3, 4, 3]",13
assembly_1,4,0.35,subgraph_mip,blended,5,343,1105,21,1.9,0.336,0.021,0.088,0.109,754.35,0.9019,5.22,586.13,0.36,502.2,586.13,31.528,15.57,"[502.2, 586.13, 520.92, 547.6]","[3, 3, 3, 4]",13
assembly_1,4,0.35,subgraph_mip,blended_union,5,343,1105,60,5.43,0.336,0.073,0.903,0.975,84.2,0.8572,0.0,584.04,0.0,495.7,584.04,34.455,16.38,"[584.04, 518, 559.11, 495.7]","[3, 3, 4, 3]",13
assembly_1,4,0.35,subgraph_mip,diverse,5,343,1105,65,5.88,0.336,0.007,1.426,1.432,57.34,0.8673,1.18,581.12,-0.5,509.5,581.12,30.235,13.28,"[581.12, 511.4, 554.83, 509.5]","[3, 3, 4, 3]",13
assembly_1,4,0.35,subgraph_mip,edge_weight,10,343,1105,24,2.17,0.336,0.026,0.264,0.29,282.87,0.8572,-0.0,584.04,0.0,495.7,584.04,34.455,16.38,"[584.04, 518, 559.11, 495.7]","[3, 3, 4, 3]",13
assembly_1,4,0.35,subgraph_mip,time_balanced_weight,10,343,1105,38,3.44,0.336,0.016,1.506,1.522,53.95,1.0729,25.17,597.84,2.36,495.7,597.84,38.394,18.94,"[495.7, 516.63, 546.68, 597.84]","[3, 3, 4, 3]",13
assembly_1,4,0.35,subgraph_mip,combined,10,343,1105,62,5.61,0.336,0.041,0.877,0.919,89.41,0.8572,-0.0,584.04,0.0,495.7,584.04,34.455,16.38,"[584.04, 518, 559.11, 495.7]","[3, 3, 4, 3]",13
assembly_1,4,0.35,subgraph_mip,blended,10,343,1105,24,2.17,0.336,0.033,0.321,0.354,231.89,0.9019,5.22,586.13,0.36,502.2,586.13,31.528,15.57,"[502.2, 586.13, 520.92, 547.6]","[3, 3, 3, 4]",13
assembly_1,4,0.35,subgraph_mip,blended_union,10,343,1105,76,6.88,0.336,0.164,0.421,0.585,140.36,0.8572,0.0,584.04,0.0,495.7,584.04,34.455,16.38,"[584.04, 518, 559.11, 495.7]","[3, 3, 4, 3]",13
assembly_1,4,0.35,subgraph_mip,diverse,10,343,1105,126,11.4,0.336,0.012,2.779,2.792,29.42,0.8673,1.18,581.12,-0.5,509.5,581.12,30.235,13.28,"[581.12, 511.4, 554.83, 509.5]","[3, 3, 4, 3]",13
assembly_1,4,0.35,subgraph_mip,edge_weight,20,343,1105,35,3.17,0.336,0.07,0.638,0.707,116.13,0.8572,0.0,584.04,0.0,495.7,584.04,34.455,16.38,"[584.04, 518, 559.11, 495.7]","[3, 3, 4, 3]",13
assembly_1,4,0.35,subgraph_mip,time_balanced_weight,20,343,1105,42,3.8,0.336,0.052,0.914,0.966,85.01,1.0729,25.17,597.84,2.36,495.7,597.84,38.394,18.94,"[495.7, 516.63, 546.68, 597.84]","[3, 3, 4, 3]",13
assembly_1,4,0.35,subgraph_mip,combined,20,343,1105,77,6.97,0.336,0.133,1.329,1.462,56.16,0.8572,0.0,584.04,0.0,495.7,584.04,34.455,16.38,"[584.04, 518, 559.11, 495.7]","[3, 3, 4, 3]",13
assembly_1,4,0.35,subgraph_mip,blended,20,343,1105,30,2.71,0.336,0.136,0.529,0.666,123.39,0.9019,5.22,586.13,0.36,502.2,586.13,31.528,15.57,"[502.2, 586.13, 520.92, 547.6]","[3, 3, 3, 4]",13
assembly_1,4,0.35,subgraph_mip,blended_union,20,343,1105,92,8.33,0.336,0.277,1.584,1.862,44.12,0.8572,0.0,584.04,0.0,495.7,584.04,34.455,16.38,"[584.04, 518, 559.11, 495.7]","[3, 3, 4, 3]",13
assembly_1,4,0.35,subgraph_mip,diverse,20,343,1105,239,21.63,0.336,0.014,2.635,2.65,31.0,0.8666,1.1,581.12,-0.5,495.7,581.12,36.361,15.84,"[581.12, 511.4, 568.63, 495.7]","[3, 3, 4, 3]",13
assembly_1,4,0.35,subgraph_mip,edge_weight,50,343,1105,54,4.89,0.336,0.193,2.535,2.728,30.11,0.8572,0.0,584.04,0.0,495.7,584.04,34.455,16.38,"[584.04, 518, 559.11, 495.7]","[3, 3, 4, 3]",13
assembly_1,4,0.35,subgraph_mip,time_balanced_weight,50,343,1105,63,5.7,0.336,0.111,0.768,0.879,93.42,1.0707,24.91,602.68,3.19,460.63,602.68,62.317,26.34,"[495.7, 460.63, 602.68, 597.84]","[3, 3, 4, 3]",13
assembly_1,4,0.35,subgraph_mip,combined,50,343,1105,116,10.5,0.336,0.296,1.751,2.047,40.12,0.8572,0.0,584.04,0.0,495.7,584.04,34.455,16.38,"[584.04, 518, 559.11, 495.7]","[3, 3, 4, 3]",13
assembly_1,4,0.35,subgraph_mip,blended,50,343,1105,38,3.44,0.336,0.218,0.853,1.071,76.68,0.9019,5.22,586.13,0.36,502.2,586.13,31.528,15.57,"[502.2, 586.13, 520.92, 547.6]","[3, 3, 3, 4]",13
assembly_1,4,0.35,subgraph_mip,blended_union,50,343,1105,125,11.31,0.336,0.662,2.289,2.951,27.83,0.8572,-0.0,584.04,0.0,495.7,584.04,34.455,16.38,"[584.04, 518, 559.11, 495.7]","[3, 3, 4, 3]",13
assembly_1,4,0.35,subgraph_mip,diverse,50,343,1105,509,46.06,0.336,0.043,6.566,6.609,12.43,0.8612,0.47,584.04,0.0,495.7,584.04,37.791,16.38,"[584.04, 508.48, 568.63, 495.7]","[3, 3, 4, 3]",13
assembly_1,4,0.35,subgraph_mip,edge_weight,100,343,1105,78,7.06,0.336,0.376,0.819,1.195,68.75,0.8572,-0.0,584.04,0.0,495.7,584.04,34.455,16.38,"[584.04, 518, 559.11, 495.7]","[3, 3, 4, 3]",13
assembly_1,4,0.35,subgraph_mip,time_balanced_weight,100,343,1105,86,7.78,0.336,0.298,1.266,1.564,52.5,1.0685,24.65,597.84,2.36,495.7,597.84,38.394,18.94,"[495.7, 516.63, 546.68, 597.84]","[3, 3, 4, 3]",13
assembly_1,4,0.35,subgraph_mip,combined,100,343,1105,162,14.66,0.336,0.599,3.575,4.175,19.67,0.8572,0.0,584.04,0.0,495.7,584.04,34.455,16.38,"[584.04, 518, 559.11, 495.7]","[3, 3, 4, 3]",13
assembly_1,4,0.35,subgraph_mip,blended,100,343,1105,48,4.34,0.336,0.51,0.615,1.126,72.96,0.8846,3.2,581.12,-0.5,511.5,581.12,27.859,12.91,"[581.12, 516.63, 511.5, 547.6]","[3, 3, 3, 4]",13
assembly_1,4,0.35,subgraph_mip,blended_union,100,343,1105,153,13.85,0.336,1.281,2.551,3.833,21.43,0.8572,0.0,584.04,0.0,495.7,584.04,34.455,16.38,"[584.04, 518, 559.11, 495.7]","[3, 3, 4, 3]",13
assembly_1,4,0.35,subgraph_mip,diverse,100,343,1105,743,67.24,0.336,0.091,13.191,13.282,6.18,0.8582,0.13,584.04,0.0,495.7,584.04,35.076,16.38,"[584.04, 516, 561.11, 495.7]","[3, 3, 4, 3]",13
assembly_1,4,0.35,subgraph_mip,edge_weight,200,343,1105,95,8.6,0.336,0.661,0.949,1.61,51.01,0.8572,-0.0,584.04,0.0,495.7,584.04,34.455,16.38,"[584.04, 518, 559.11, 495.7]","[3, 3, 4, 3]",13
assembly_1,4,0.35,subgraph_mip,time_balanced_weight,200,343,1105,111,10.05,0.336,0.392,3.061,3.453,23.79,1.0651,24.25,586.13,0.36,453.4,586.13,53.222,24.62,"[586.13, 536.2, 581.12, 453.4]","[3, 4, 3, 3]",13
assembly_1,4,0.35,subgraph_mip,combined,200,343,1105,202,18.28,0.336,1.147,1.834,2.981,27.55,0.8572,-0.0,584.04,0.0,495.7,584.04,34.455,16.38,"[584.04, 518, 559.11, 495.7]","[3, 3, 4, 3]",13
assembly_1,4,0.35,subgraph_mip,blended,200,343,1105,49,4.43,0.336,0.982,0.623,1.605,51.17,0.8846,3.2,581.12,-0.5,511.5,581.12,27.859,12.91,"[581.12, 516.63, 511.5, 547.6]","[3, 3, 3, 4]",13
assembly_1,4,0.35,subgraph_mip,blended_union,200,343,1105,177,16.02,0.336,2.603,2.884,5.487,14.97,0.8572,0.0,584.04,0.0,495.7,584.04,34.455,16.38,"[584.04, 518, 559.11, 495.7]","[3, 3, 4, 3]",13
assembly_1,4,0.35,subgraph_mip,diverse,200,343,1105,905,81.9,0.336,0.169,64.964,65.133,1.26,0.8572,0.0,584.04,0.0,495.7,584.04,34.455,16.38,"[584.04, 518, 559.11, 495.7]","[3, 3, 4, 3]",13
assembly_1,4,0.35,subgraph_mip,edge_weight,500,343,1105,108,9.77,0.336,1.752,1.438,3.19,25.74,0.8572,0.0,584.04,0.0,495.7,584.04,34.455,16.38,"[584.04, 518, 559.11, 495.7]","[3, 3, 4, 3]",13
assembly_1,4,0.35,subgraph_mip,time_balanced_weight,500,343,1105,153,13.85,0.336,1.138,2.555,3.693,22.24,1.0622,23.92,581.12,-0.5,495.7,581.12,34.44,15.84,"[495.7, 516.63, 581.12, 563.4]","[3, 3, 3, 4]",13
assembly_1,4,0.35,subgraph_mip,combined,500,343,1105,257,23.26,0.336,2.642,2.771,5.414,15.17,0.8572,0.0,584.04,0.0,495.7,584.04,34.455,16.38,"[584.04, 518, 559.11, 495.7]","[3, 3, 4, 3]",13
assembly_1,4,0.35,subgraph_mip,blended,500,343,1105,134,12.13,0.336,2.072,1.681,3.753,21.88,0.8619,0.55,584.04,0.0,508.48,584.04,31.94,14.01,"[584.04, 508.48, 554.83, 509.5]","[3, 3, 4, 3]",13
assembly_1,4,0.35,subgraph_mip,blended_union,500,343,1105,245,22.17,0.336,6.136,12.88,19.016,4.32,0.8572,0.0,584.04,0.0,495.7,584.04,34.455,16.38,"[584.04, 518, 559.11, 495.7]","[3, 3, 4, 3]",13
assembly_1,4,0.35,subgraph_mip,diverse,500,343,1105,1043,94.39,0.336,0.614,16.724,17.338,4.74,0.8572,0.0,584.04,0.0,495.7,584.04,34.455,16.38,"[584.04, 518, 559.11, 495.7]","[3, 3, 4, 3]",13
assembly_1,4,0.35,subgraph_mip,edge_weight,1000,343,1105,142,12.85,0.336,3.339,1.674,5.014,16.38,0.8572,0.0,584.04,0.0,495.7,584.04,34.455,16.38,"[584.04, 518, 559.11, 495.7]","[3, 3, 4, 3]",13
assembly_1,4,0.35,subgraph_mip,time_balanced_weight,1000,343,1105,211,19.1,0.336,2.874,6.803,9.677,8.49,1.0593,23.58,581.12,-0.5,495.7,581.12,34.44,15.84,"[495.7, 516.63, 581.12, 563.4]","[3, 3, 3, 4]",13
assembly_1,4,0.35,subgraph_mip,combined,1000,343,1105,346,31.31,0.336,6.425,6.664,13.089,6.27,0.8572,0.0,584.04,0.0,495.7,584.04,34.455,16.38,"[584.04, 518, 559.11, 495.7]","[3, 3, 4, 3]",13
assembly_1,4,0.35,subgraph_mip,blended,1000,343,1105,187,16.92,0.336,4.672,3.302,7.974,10.3,0.8619,0.55,584.04,0.0,508.48,584.04,31.94,14.01,"[584.04, 508.48, 554.83, 509.5]","[3, 3, 4, 3]",13
assembly_1,4,0.35,subgraph_mip,blended_union,1000,343,1105,297,26.88,0.336,12.548,2.802,15.35,5.35,0.8572,0.0,584.04,0.0,495.7,584.04,34.455,16.38,"[584.04, 518, 559.11, 495.7]","[3, 3, 4, 3]",13
assembly_1,4,0.35,subgraph_mip,diverse,1000,343,1105,1101,99.64,0.336,1.045,130.118,131.163,0.63,0.8572,0.0,584.04,0.0,495.7,584.04,34.455,16.38,"[584.04, 518, 559.11, 495.7]","[3, 3, 4, 3]",13
assembly_1,4,0.35,subgraph_mip,edge_weight,2000,343,1105,185,16.74,0.336,8.2,3.205,11.405,7.2,0.8572,0.0,584.04,0.0,495.7,584.04,34.455,16.38,"[584.04, 518, 559.11, 495.7]","[3, 3, 4, 3]",13
assembly_1,4,0.35,subgraph_mip,time_balanced_weight,2000,343,1105,292,26.43,0.336,6.828,9.722,16.55,4.96,1.0593,23.58,581.12,-0.5,495.7,581.12,34.44,15.84,"[495.7, 516.63, 581.12, 563.4]","[3, 3, 3, 4]",13
assembly_1,4,0.35,subgraph_mip,combined,2000,343,1105,460,41.63,0.336,14.7,3.843,18.544,4.43,0.8572,0.0,584.04,0.0,495.7,584.04,34.455,16.38,"[584.04, 518, 559.11, 495.7]","[3, 3, 4, 3]",13
assembly_1,4,0.35,subgraph_mip,blended,2000,343,1105,228,20.63,0.336,10.641,1.842,12.483,6.58,0.8573,0.02,584.04,0.0,495.7,584.04,34.455,16.38,"[584.04, 518, 559.11, 495.7]","[3, 3, 4, 3]",13
assembly_1,4,0.35,subgraph_mip,blended_union,2000,343,1105,410,37.1,0.336,29.471,9.135,38.607,2.13,0.8572,0.0,584.04,0.0,495.7,584.04,34.455,16.38,"[584.04, 518, 559.11, 495.7]","[3, 3, 4, 3]",13
assembly_1,4,0.35,subgraph_mip,diverse,2000,343,1105,1105,100.0,0.336,2.393,91.698,94.091,0.87,0.8572,0.0,584.04,0.0,495.7,584.04,34.455,16.38,"[584.04, 518, 559.11, 495.7]","[3, 3, 4, 3]",13
assembly_1,4,0.35,subgraph_mip,edge_weight,5000,343,1105,232,21.0,0.336,32.736,10.637,43.374,1.89,0.8572,0.0,584.04,0.0,495.7,584.04,34.455,16.38,"[584.04, 518, 559.11, 495.7]","[3, 3, 4, 3]",13
assembly_1,4,0.35,subgraph_mip,time_balanced_weight,5000,343,1105,431,39.0,0.336,23.928,7.525,31.453,2.61,1.0025,16.96,581.12,-0.5,495.7,581.12,34.44,15.84,"[581.12, 516.63, 495.7, 563.4]","[3, 3, 3, 4]",13
assembly_1,4,0.35,subgraph_mip,combined,5000,343,1105,632,57.19,0.336,66.646,8.769,75.415,1.09,0.8572,0.0,584.04,0.0,495.7,584.04,34.455,16.38,"[584.04, 518, 559.11, 495.7]","[3, 3, 4, 3]",13
assembly_1,4,0.35,subgraph_mip,blended,5000,343,1105,337,30.5,0.336,36.158,8.836,44.994,1.83,0.8572,0.0,584.04,0.0,495.7,584.04,34.455,16.38,"[584.04, 518, 559.11, 495.7]","[3, 3, 4, 3]",13
assembly_1,4,0.35,subgraph_mip,blended_union,5000,343,1105,525,47.51,0.336,116.259,29.713,145.972,0.56,0.8572,0.0,584.04,0.0,495.7,584.04,34.455,16.38,"[584.04, 518, 559.11, 495.7]","[3, 3, 4, 3]",13
assembly_1,4,0.35,subgraph_mip,diverse,5000,343,1105,1105,100.0,0.336,5.691,91.07,96.761,0.85,0.8572,0.0,584.04,0.0,495.7,584.04,34.455,16.38,"[584.04, 518, 559.11, 495.7]","[3, 3, 4, 3]",13
assembly_1,4,0.4,full_mip,—,,343,1105,1105,100.0,0.281,0.0,103.782,103.782,1.0,0.8606,0.0,584.04,0.0,495.7,584.04,34.455,16.38,"[584.04, 518, 559.11, 495.7]","[3, 3, 4, 3]",13
assembly_1,4,0.4,subgraph_mip,edge_weight,1,343,1105,13,1.18,0.281,0.001,0.032,0.033,3122.63,0.8606,0.0,584.04,0.0,495.7,584.04,34.455,16.38,"[584.04, 518, 559.11, 495.7]","[3, 3, 4, 3]",13
assembly_1,4,0.4,subgraph_mip,time_balanced_weight,1,343,1105,13,1.18,0.281,0.001,0.139,0.14,740.37,1.072,24.57,597.84,2.36,398.88,597.84,81.458,36.9,"[586.13, 574, 398.88, 597.84]","[3, 3, 4, 3]",13
assembly_1,4,0.4,subgraph_mip,combined,1,343,1105,26,2.35,0.281,0.001,0.244,0.246,422.32,0.8606,0.0,584.04,0.0,495.7,584.04,34.455,16.38,"[584.04, 518, 559.11, 495.7]","[3, 3, 4, 3]",13
assembly_1,4,0.4,subgraph_mip,blended,1,343,1105,13,1.18,0.281,0.001,0.047,0.048,2167.4,0.9022,4.83,586.13,0.36,502.2,586.13,31.528,15.57,"[502.2, 586.13, 520.92, 547.6]","[3, 3, 3, 4]",13
assembly_1,4,0.4,subgraph_mip,blended_union,1,343,1105,37,3.35,0.281,0.011,0.228,0.239,433.36,0.8606,0.0,584.04,0.0,495.7,584.04,34.455,16.38,"[584.04, 518, 559.11, 495.7]","[3, 3, 4, 3]",13
assembly_1,4,0.4,subgraph_mip,diverse,1,343,1105,13,1.18,0.281,0.004,0.024,0.028,3726.4,0.9022,4.83,586.13,0.36,502.2,586.13,31.528,15.57,"[502.2, 586.13, 520.92, 547.6]","[3, 3, 3, 4]",13
assembly_1,4,0.4,subgraph_mip,edge_weight,2,343,1105,15,1.36,0.281,0.004,0.144,0.148,702.3,0.8606,0.0,584.04,0.0,495.7,584.04,34.455,16.38,"[584.04, 518, 559.11, 495.7]","[3, 3, 4, 3]",13
assembly_1,4,0.4,subgraph_mip,time_balanced_weight,2,343,1105,15,1.36,0.281,0.003,0.457,0.46,225.78,1.072,24.57,597.84,2.36,398.88,597.84,81.458,36.9,"[586.13, 574, 398.88, 597.84]","[3, 3, 4, 3]",13
assembly_1,4,0.4,subgraph_mip,combined,2,343,1105,30,2.71,0.281,0.008,0.227,0.235,441.66,0.8606,-0.0,584.04,0.0,495.7,584.04,34.455,16.38,"[584.04, 518, 559.11, 495.7]","[3, 3, 4, 3]",13
assembly_1,4,0.4,subgraph_mip,blended,2,343,1105,15,1.36,0.281,0.009,0.065,0.073,1412.45,0.9022,4.83,586.13,0.36,502.2,586.13,31.528,15.57,"[502.2, 586.13, 520.92, 547.6]","[3, 3, 3, 4]",13
assembly_1,4,0.4,subgraph_mip,blended_union,2,343,1105,43,3.89,0.281,0.043,0.718,0.761,136.43,0.8606,0.0,584.04,0.0,495.7,584.04,34.455,16.38,"[584.04, 518, 559.11, 495.7]","[3, 3, 4, 3]",13
assembly_1,4,0.4,subgraph_mip,diverse,2,343,1105,26,2.35,0.281,0.005,0.264,0.268,386.99,0.9022,4.83,586.13,0.36,502.2,586.13,31.528,15.57,"[502.2, 586.13, 520.92, 547.6]","[3, 3, 3, 4]",13
assembly_1,4,0.4,subgraph_mip,edge_weight,5,343,1105,21,1.9,0.281,0.02,0.215,0.235,441.63,0.8606,-0.0,584.04,0.0,495.7,584.04,34.455,16.38,"[584.04, 518, 559.11, 495.7]","[3, 3, 4, 3]",13
assembly_1,4,0.4,subgraph_mip,time_balanced_weight,5,343,1105,27,2.44,0.281,0.009,1.701,1.71,60.7,1.0614,23.33,597.84,2.36,495.7,597.84,38.394,18.94,"[495.7, 516.63, 546.68, 597.84]","[3, 3, 4, 3]",13
assembly_1,4,0.4,subgraph_mip,combined,5,343,1105,48,4.34,0.281,0.027,0.664,0.691,150.22,0.8606,0.0,584.04,0.0,495.7,584.04,34.455,16.38,"[584.04, 518, 559.11, 495.7]","[3, 3, 4, 3]",13
assembly_1,4,0.4,subgraph_mip,blended,5,343,1105,21,1.9,0.281,0.034,0.148,0.182,570.4,0.9022,4.83,586.13,0.36,502.2,586.13,31.528,15.57,"[502.2, 586.13, 520.92, 547.6]","[3, 3, 3, 4]",13
assembly_1,4,0.4,subgraph_mip,blended_union,5,343,1105,60,5.43,0.281,0.075,0.539,0.614,169.07,0.8606,0.0,584.04,0.0,495.7,584.04,34.455,16.38,"[584.04, 518, 559.11, 495.7]","[3, 3, 4, 3]",13
assembly_1,4,0.4,subgraph_mip,diverse,5,343,1105,65,5.88,0.281,0.014,0.96,0.974,106.56,0.8696,1.05,581.12,-0.5,509.5,581.12,30.235,13.28,"[581.12, 511.4, 554.83, 509.5]","[3, 3, 4, 3]",13
assembly_1,4,0.4,subgraph_mip,edge_weight,10,343,1105,24,2.17,0.281,0.057,0.147,0.204,509.84,0.8606,0.0,584.04,0.0,495.7,584.04,34.455,16.38,"[584.04, 518, 559.11, 495.7]","[3, 3, 4, 3]",13
assembly_1,4,0.4,subgraph_mip,time_balanced_weight,10,343,1105,38,3.44,0.281,0.016,1.583,1.599,64.92,1.0614,23.33,597.84,2.36,495.7,597.84,38.394,18.94,"[495.7, 516.63, 546.68, 597.84]","[3, 3, 4, 3]",13
assembly_1,4,0.4,subgraph_mip,combined,10,343,1105,62,5.61,0.281,0.049,1.218,1.268,81.88,0.8606,0.0,584.04,0.0,495.7,584.04,34.455,16.38,"[584.04, 518, 559.11, 495.7]","[3, 3, 4, 3]",13
assembly_1,4,0.4,subgraph_mip,blended,10,343,1105,24,2.17,0.281,0.052,0.22,0.272,381.32,0.9022,4.83,586.13,0.36,502.2,586.13,31.528,15.57,"[502.2, 586.13, 520.92, 547.6]","[3, 3, 3, 4]",13
assembly_1,4,0.4,subgraph_mip,blended_union,10,343,1105,76,6.88,0.281,0.135,0.572,0.707,146.8,0.8606,0.0,584.04,0.0,495.7,584.04,34.455,16.38,"[584.04, 518, 559.11, 495.7]","[3, 3, 4, 3]",13
assembly_1,4,0.4,subgraph_mip,diverse,10,343,1105,126,11.4,0.281,0.01,0.968,0.978,106.13,0.8696,1.05,581.12,-0.5,509.5,581.12,30.235,13.28,"[581.12, 511.4, 554.83, 509.5]","[3, 3, 4, 3]",13
assembly_1,4,0.4,subgraph_mip,edge_weight,20,343,1105,35,3.17,0.281,0.082,1.161,1.243,83.47,0.8606,0.0,584.04,0.0,495.7,584.04,34.455,16.38,"[584.04, 518, 559.11, 495.7]","[3, 3, 4, 3]",13
assembly_1,4,0.4,subgraph_mip,time_balanced_weight,20,343,1105,42,3.8,0.281,0.047,3.477,3.524,29.45,1.0614,23.33,597.84,2.36,495.7,597.84,38.394,18.94,"[495.7, 516.63, 546.68, 597.84]","[3, 3, 4, 3]",13
assembly_1,4,0.4,subgraph_mip,combined,20,343,1105,77,6.97,0.281,0.134,1.563,1.697,61.15,0.8606,0.0,584.04,0.0,495.7,584.04,34.455,16.38,"[584.04, 518, 559.11, 495.7]","[3, 3, 4, 3]",13
assembly_1,4,0.4,subgraph_mip,blended,20,343,1105,30,2.71,0.281,0.092,0.844,0.936,110.91,0.9022,4.83,586.13,0.36,502.2,586.13,31.528,15.57,"[502.2, 586.13, 520.92, 547.6]","[3, 3, 3, 4]",13
assembly_1,4,0.4,subgraph_mip,blended_union,20,343,1105,92,8.33,0.281,0.207,0.808,1.015,102.23,0.8606,0.0,584.04,0.0,495.7,584.04,34.455,16.38,"[584.04, 518, 559.11, 495.7]","[3, 3, 4, 3]",13
assembly_1,4,0.4,subgraph_mip,diverse,20,343,1105,239,21.63,0.281,0.031,1.41,1.441,72.03,0.8696,1.05,581.12,-0.5,509.5,581.12,30.235,13.28,"[581.12, 511.4, 554.83, 509.5]","[3, 3, 4, 3]",13
assembly_1,4,0.4,subgraph_mip,edge_weight,50,343,1105,54,4.89,0.281,0.16,0.631,0.791,131.18,0.8606,0.0,584.04,0.0,495.7,584.04,34.455,16.38,"[584.04, 518, 559.11, 495.7]","[3, 3, 4, 3]",13
assembly_1,4,0.4,subgraph_mip,time_balanced_weight,50,343,1105,63,5.7,0.281,0.126,1.167,1.293,80.26,1.0599,23.16,602.68,3.19,460.63,602.68,62.317,26.34,"[495.7, 460.63, 602.68, 597.84]","[3, 3, 4, 3]",13
assembly_1,4,0.4,subgraph_mip,combined,50,343,1105,116,10.5,0.281,0.287,2.312,2.598,39.94,0.8606,-0.0,584.04,0.0,495.7,584.04,34.455,16.38,"[584.04, 518, 559.11, 495.7]","[3, 3, 4, 3]",13
assembly_1,4,0.4,subgraph_mip,blended,50,343,1105,38,3.44,0.281,0.24,0.544,0.785,132.29,0.9022,4.83,586.13,0.36,502.2,586.13,31.528,15.57,"[502.2, 586.13, 520.92, 547.6]","[3, 3, 3, 4]",13
assembly_1,4,0.4,subgraph_mip,blended_union,50,343,1105,125,11.31,0.281,0.644,2.536,3.18,32.64,0.8606,0.0,584.04,0.0,495.7,584.04,34.455,16.38,"[584.04, 518, 559.11, 495.7]","[3, 3, 4, 3]",13
assembly_1,4,0.4,subgraph_mip,diverse,50,343,1105,507,45.88,0.281,0.028,7.706,7.734,13.42,0.8616,0.12,584.04,0.0,495.7,584.04,35.076,16.38,"[584.04, 516, 561.11, 495.7]","[3, 3, 4, 3]",13
assembly_1,4,0.4,subgraph_mip,edge_weight,100,343,1105,78,7.06,0.281,0.653,1.571,2.224,46.67,0.8606,0.0,584.04,0.0,495.7,584.04,34.455,16.38,"[584.04, 518, 559.11, 495.7]","[3, 3, 4, 3]",13
assembly_1,4,0.4,subgraph_mip,time_balanced_weight,100,343,1105,86,7.78,0.281,0.265,1.066,1.331,77.97,1.0573,22.86,597.84,2.36,495.7,597.84,38.394,18.94,"[495.7, 516.63, 546.68, 597.84]","[3, 3, 4, 3]",13
assembly_1,4,0.4,subgraph_mip,combined,100,343,1105,162,14.66,0.281,0.742,0.946,1.689,61.46,0.8606,0.0,584.04,0.0,495.7,584.04,34.455,16.38,"[584.04, 518, 559.11, 495.7]","[3, 3, 4, 3]",13
assembly_1,4,0.4,subgraph_mip,blended,100,343,1105,45,4.07,0.281,0.579,0.614,1.193,86.96,0.902,4.81,595.55,1.97,502.2,595.55,36.682,17.31,"[502.2, 595.55, 511.5, 547.6]","[3, 3, 3, 4]",13
assembly_1,4,0.4,subgraph_mip,blended_union,100,343,1105,153,13.85,0.281,1.53,1.992,3.523,29.46,0.8606,0.0,584.04,0.0,495.7,584.04,34.455,16.38,"[584.04, 518, 559.11, 495.7]","[3, 3, 4, 3]",13
assembly_1,4,0.4,subgraph_mip,diverse,100,343,1105,748,67.69,0.281,0.139,16.883,17.022,6.1,0.8616,0.12,584.04,0.0,495.7,584.04,35.076,16.38,"[584.04, 516, 561.11, 495.7]","[3, 3, 4, 3]",13
assembly_1,4,0.4,subgraph_mip,edge_weight,200,343,1105,95,8.6,0.281,0.785,1.401,2.186,47.49,0.8606,0.0,584.04,0.0,495.7,584.04,34.455,16.38,"[584.04, 518, 559.11, 495.7]","[3, 3, 4, 3]",13
assembly_1,4,0.4,subgraph_mip,time_balanced_weight,200,343,1105,111,10.05,0.281,0.442,2.39,2.833,36.64,1.0528,22.33,586.13,0.36,453.4,586.13,53.222,24.62,"[586.13, 536.2, 581.12, 453.4]","[3, 4, 3, 3]",13
assembly_1,4,0.4,subgraph_mip,combined,200,343,1105,202,18.28,0.281,1.049,2.37,3.42,30.35,0.8606,0.0,584.04,0.0,495.7,584.04,34.455,16.38,"[584.04, 518, 559.11, 495.7]","[3, 3, 4, 3]",13
assembly_1,4,0.4,subgraph_mip,blended,200,343,1105,49,4.43,0.281,1.001,2.211,3.212,32.31,0.8856,2.9,581.12,-0.5,511.5,581.12,27.859,12.91,"[581.12, 516.63, 511.5, 547.6]","[3, 3, 3, 4]",13
assembly_1,4,0.4,subgraph_mip,blended_union,200,343,1105,177,16.02,0.281,2.488,3.92,6.408,16.2,0.8606,0.0,584.04,0.0,495.7,584.04,34.455,16.38,"[584.04, 518, 559.11, 495.7]","[3, 3, 4, 3]",13
assembly_1,4,0.4,subgraph_mip,diverse,200,343,1105,901,81.54,0.281,0.217,34.443,34.659,2.99,0.8606,0.0,584.04,0.0,495.7,584.04,34.455,16.38,"[584.04, 518, 559.11, 495.7]","[3, 3, 4, 3]",13
assembly_1,4,0.4,subgraph_mip,edge_weight,500,343,1105,108,9.77,0.281,1.603,0.749,2.352,44.12,0.8606,0.0,584.04,0.0,495.7,584.04,34.455,16.38,"[584.04, 518, 559.11, 495.7]","[3, 3, 4, 3]",13
assembly_1,4,0.4,subgraph_mip,time_balanced_weight,500,343,1105,153,13.85,0.281,1.119,2.832,3.951,26.27,1.0495,21.95,581.12,-0.5,495.7,581.12,34.44,15.84,"[495.7, 516.63, 581.12, 563.4]","[3, 3, 3, 4]",13
assembly_1,4,0.4,subgraph_mip,combined,500,343,1105,257,23.26,0.281,2.967,2.526,5.493,18.89,0.8606,0.0,584.04,0.0,495.7,584.04,34.455,16.38,"[584.04, 518, 559.11, 495.7]","[3, 3, 4, 3]",13
assembly_1,4,0.4,subgraph_mip,blended,500,343,1105,119,10.77,0.281,1.952,1.777,3.729,27.83,0.8812,2.39,574.62,-1.61,502.2,574.62,29.643,13.43,"[502.2, 561.11, 574.62, 518.92]","[3, 4, 3, 3]",13
assembly_1,4,0.4,subgraph_mip,blended_union,500,343,1105,245,22.17,0.281,6.098,7.894,13.992,7.42,0.8606,0.0,584.04,0.0,495.7,584.04,34.455,16.38,"[584.04, 518, 559.11, 495.7]","[3, 3, 4, 3]",13
assembly_1,4,0.4,subgraph_mip,diverse,500,343,1105,1045,94.57,0.281,0.52,109.392,109.912,0.94,0.8606,0.0,584.04,0.0,495.7,584.04,34.455,16.38,"[584.04, 518, 559.11, 495.7]","[3, 3, 4, 3]",13
assembly_1,4,0.4,subgraph_mip,edge_weight,1000,343,1105,142,12.85,0.281,3.673,2.437,6.11,16.99,0.8606,0.0,584.04,0.0,495.7,584.04,34.455,16.38,"[584.04, 518, 559.11, 495.7]","[3, 3, 4, 3]",13
assembly_1,4,0.4,subgraph_mip,time_balanced_weight,1000,343,1105,211,19.1,0.281,2.768,6.082,8.85,11.73,1.0469,21.64,581.12,-0.5,495.7,581.12,34.44,15.84,"[495.7, 516.63, 581.12, 563.4]","[3, 3, 3, 4]",13
assembly_1,4,0.4,subgraph_mip,combined,1000,343,1105,346,31.31,0.281,7.115,3.128,10.244,10.13,0.8606,0.0,584.04,0.0,495.7,584.04,34.455,16.38,"[584.04, 518, 559.11, 495.7]","[3, 3, 4, 3]",13
assembly_1,4,0.4,subgraph_mip,blended,1000,343,1105,187,16.92,0.281,4.122,4.244,8.366,12.41,0.865,0.5,584.04,0.0,508.48,584.04,31.94,14.01,"[584.04, 508.48, 554.83, 509.5]","[3, 3, 4, 3]",13
assembly_1,4,0.4,subgraph_mip,blended_union,1000,343,1105,297,26.88,0.281,12.858,5.377,18.236,5.69,0.8606,0.0,584.04,0.0,495.7,584.04,34.455,16.38,"[584.04, 518, 559.11, 495.7]","[3, 3, 4, 3]",13
assembly_1,4,0.4,subgraph_mip,diverse,1000,343,1105,1102,99.73,0.281,1.065,21.809,22.874,4.54,0.8606,0.0,584.04,0.0,495.7,584.04,34.455,16.38,"[584.04, 518, 559.11, 495.7]","[3, 3, 4, 3]",13
assembly_1,4,0.4,subgraph_mip,edge_weight,2000,343,1105,185,16.74,0.281,8.209,2.607,10.816,9.6,0.8606,0.0,584.04,0.0,495.7,584.04,34.455,16.38,"[584.04, 518, 559.11, 495.7]","[3, 3, 4, 3]",13
assembly_1,4,0.4,subgraph_mip,time_balanced_weight,2000,343,1105,292,26.43,0.281,6.809,13.126,19.935,5.21,1.0469,21.64,581.12,-0.5,495.7,581.12,34.44,15.84,"[495.7, 516.63, 581.12, 563.4]","[3, 3, 3, 4]",13
assembly_1,4,0.4,subgraph_mip,combined,2000,343,1105,460,41.63,0.281,14.963,5.006,19.969,5.2,0.8606,0.0,584.04,0.0,495.7,584.04,34.455,16.38,"[584.04, 518, 559.11, 495.7]","[3, 3, 4, 3]",13
assembly_1,4,0.4,subgraph_mip,blended,2000,343,1105,229,20.72,0.281,9.093,8.709,17.801,5.83,0.8632,0.3,584.04,0.0,509.5,584.04,29.067,13.82,"[584.04, 518, 545.31, 509.5]","[3, 3, 4, 3]",13
assembly_1,4,0.4,subgraph_mip,blended_union,2000,343,1105,410,37.1,0.281,29.112,24.017,53.129,1.95,0.8606,0.0,584.04,0.0,495.7,584.04,34.455,16.38,"[584.04, 518, 559.11, 495.7]","[3, 3, 4, 3]",13
assembly_1,4,0.4,subgraph_mip,diverse,2000,343,1105,1105,100.0,0.281,2.074,111.164,113.238,0.92,0.8606,0.0,584.04,0.0,495.7,584.04,34.455,16.38,"[584.04, 518, 559.11, 495.7]","[3, 3, 4, 3]",13
assembly_1,4,0.4,subgraph_mip,edge_weight,5000,343,1105,232,21.0,0.281,33.414,8.521,41.936,2.47,0.8606,0.0,584.04,0.0,495.7,584.04,34.455,16.38,"[584.04, 518, 559.11, 495.7]","[3, 3, 4, 3]",13
assembly_1,4,0.4,subgraph_mip,time_balanced_weight,5000,343,1105,431,39.0,0.281,24.787,9.986,34.773,2.98,0.9945,15.55,581.12,-0.5,495.7,581.12,34.44,15.84,"[581.12, 516.63, 495.7, 563.4]","[3, 3, 3, 4]",13
assembly_1,4,0.4,subgraph_mip,combined,5000,343,1105,632,57.19,0.281,54.923,13.843,68.767,1.51,0.8606,0.0,584.04,0.0,495.7,584.04,34.455,16.38,"[584.04, 518, 559.11, 495.7]","[3, 3, 4, 3]",13
assembly_1,4,0.4,subgraph_mip,blended,5000,343,1105,356,32.22,0.281,35.39,17.291,52.681,1.97,0.8606,0.0,584.04,0.0,495.7,584.04,34.455,16.38,"[584.04, 518, 559.11, 495.7]","[3, 3, 4, 3]",13
assembly_1,4,0.4,subgraph_mip,blended_union,5000,343,1105,525,47.51,0.281,112.866,36.333,149.199,0.7,0.8606,0.0,584.04,0.0,495.7,584.04,34.455,16.38,"[584.04, 518, 559.11, 495.7]","[3, 3, 4, 3]",13
assembly_1,4,0.4,subgraph_mip,diverse,5000,343,1105,1105,100.0,0.281,5.53,103.812,109.342,0.95,0.8606,0.0,584.04,0.0,495.7,584.04,34.455,16.38,"[584.04, 518, 559.11, 495.7]","[3, 3, 4, 3]",13
assembly_1,4,0.45,full_mip,—,,343,1105,1105,100.0,0.336,0.0,157.212,157.212,1.0,0.8641,0.0,584.04,0.0,495.7,584.04,34.455,16.38,"[584.04, 518, 559.11, 495.7]","[3, 3, 4, 3]",13
assembly_1,4,0.45,subgraph_mip,edge_weight,1,343,1105,13,1.18,0.336,0.003,0.045,0.048,3270.86,0.8641,-0.0,584.04,0.0,495.7,584.04,34.455,16.38,"[584.04, 518, 559.11, 495.7]","[3, 3, 4, 3]",13
assembly_1,4,0.45,subgraph_mip,time_balanced_weight,1,343,1105,13,1.18,0.336,0.002,0.149,0.151,1042.38,1.0597,22.63,597.84,2.36,398.88,597.84,81.458,36.9,"[586.13, 574, 398.88, 597.84]","[3, 3, 4, 3]",13
assembly_1,4,0.45,subgraph_mip,combined,1,343,1105,26,2.35,0.336,0.003,0.112,0.115,1368.42,0.8641,-0.0,584.04,0.0,495.7,584.04,34.455,16.38,"[584.04, 518, 559.11, 495.7]","[3, 3, 4, 3]",13
assembly_1,4,0.45,subgraph_mip,blended,1,343,1105,13,1.18,0.336,0.002,0.049,0.052,3048.3,0.9025,4.44,586.13,0.36,502.2,586.13,31.528,15.57,"[502.2, 586.13, 520.92, 547.6]","[3, 3, 3, 4]",13
assembly_1,4,0.45,subgraph_mip,blended_union,1,343,1105,37,3.35,0.336,0.022,0.18,0.201,781.1,0.8641,0.0,584.04,0.0,495.7,584.04,34.455,16.38,"[584.04, 518, 559.11, 495.7]","[3, 3, 4, 3]",13
assembly_1,4,0.45,subgraph_mip,diverse,1,343,1105,13,1.18,0.336,0.004,0.047,0.05,3114.4,0.9025,4.44,586.13,0.36,502.2,586.13,31.528,15.57,"[502.2, 586.13, 520.92, 547.6]","[3, 3, 3, 4]",13
assembly_1,4,0.45,subgraph_mip,edge_weight,2,343,1105,15,1.36,0.336,0.009,0.235,0.244,644.93,0.8641,-0.0,584.04,0.0,495.7,584.04,34.455,16.38,"[584.04, 518, 559.11, 495.7]","[3, 3, 4, 3]",13
assembly_1,4,0.45,subgraph_mip,time_balanced_weight,2,343,1105,15,1.36,0.336,0.005,0.307,0.313,502.68,1.0597,22.63,597.84,2.36,398.88,597.84,81.458,36.9,"[586.13, 574, 398.88, 597.84]","[3, 3, 4, 3]",13
assembly_1,4,0.45,subgraph_mip,combined,2,343,1105,30,2.71,0.336,0.011,0.34,0.351,447.96,0.8641,-0.0,584.04,0.0,495.7,584.04,34.455,16.38,"[584.04, 518, 559.11, 495.7]","[3, 3, 4, 3]",13
assembly_1,4,0.45,subgraph_mip,blended,2,343,1105,15,1.36,0.336,0.005,0.467,0.472,333.01,0.9025,4.44,586.13,0.36,502.2,586.13,31.528,15.57,"[502.2, 586.13, 520.92, 547.6]","[3, 3, 3, 4]",13
assembly_1,4,0.45,subgraph_mip,blended_union,2,343,1105,43,3.89,0.336,0.022,1.047,1.069,147.09,0.8641,0.0,584.04,0.0,495.7,584.04,34.455,16.38,"[584.04, 518, 559.11, 495.7]","[3, 3, 4, 3]",13
assembly_1,4,0.45,subgraph_mip,diverse,2,343,1105,26,2.35,0.336,0.005,1.524,1.529,102.8,0.9025,4.44,586.13,0.36,502.2,586.13,31.528,15.57,"[502.2, 586.13, 520.92, 547.6]","[3, 3, 3, 4]",13
assembly_1,4,0.45,subgraph_mip,edge_weight,5,343,1105,21,1.9,0.336,0.013,0.516,0.529,297.2,0.8641,-0.0,584.04,0.0,495.7,584.04,34.455,16.38,"[584.04, 518, 559.11, 495.7]","[3, 3, 4, 3]",13
assembly_1,4,0.45,subgraph_mip,time_balanced_weight,5,343,1105,27,2.44,0.336,0.008,1.871,1.879,83.68,1.05,21.51,597.84,2.36,495.7,597.84,38.394,18.94,"[495.7, 516.63, 546.68, 597.84]","[3, 3, 4, 3]",13
assembly_1,4,0.45,subgraph_mip,combined,5,343,1105,48,4.34,0.336,0.04,0.848,0.887,177.22,0.8641,0.0,584.04,0.0,495.7,584.04,34.455,16.38,"[584.04, 518, 559.11, 495.7]","[3, 3, 4, 3]",13
assembly_1,4,0.45,subgraph_mip,blended,5,343,1105,21,1.9,0.336,0.031,0.159,0.19,826.72,0.9025,4.44,586.13,0.36,502.2,586.13,31.528,15.57,"[502.2, 586.13, 520.92, 547.6]","[3, 3, 3, 4]",13
assembly_1,4,0.45,subgraph_mip,blended_union,5,343,1105,60,5.43,0.336,0.079,0.555,0.634,248.09,0.8641,0.0,584.04,0.0,495.7,584.04,34.455,16.38,"[584.04, 518, 559.11, 495.7]","[3, 3, 4, 3]",13
assembly_1,4,0.45,subgraph_mip,diverse,5,343,1105,65,5.88,0.336,0.007,0.393,0.4,393.34,0.9025,4.44,586.13,0.36,502.2,586.13,31.528,15.57,"[502.2, 586.13, 520.92, 547.6]","[3, 3, 3, 4]",13
assembly_1,4,0.45,subgraph_mip,edge_weight,10,343,1105,24,2.17,0.336,0.05,0.43,0.48,327.67,0.8641,-0.0,584.04,0.0,495.7,584.04,34.455,16.38,"[584.04, 518, 559.11, 495.7]","[3, 3, 4, 3]",13
assembly_1,4,0.45,subgraph_mip,time_balanced_weight,10,343,1105,38,3.44,0.336,0.017,1.558,1.574,99.85,1.049,21.4,586.13,0.36,453.4,586.13,51.942,24.62,"[586.13, 574, 543.32, 453.4]","[3, 3, 4, 3]",13
assembly_1,4,0.45,subgraph_mip,combined,10,343,1105,62,5.61,0.336,0.042,0.702,0.743,211.48,0.8641,0.0,584.04,0.0,495.7,584.04,34.455,16.38,"[584.04, 518, 559.11, 495.7]","[3, 3, 4, 3]",13
assembly_1,4,0.45,subgraph_mip,blended,10,343,1105,24,2.17,0.336,0.044,0.611,0.654,240.3,0.9025,4.44,586.13,0.36,502.2,586.13,31.528,15.57,"[502.2, 586.13, 520.92, 547.6]","[3, 3, 3, 4]",13
assembly_1,4,0.45,subgraph_mip,blended_union,10,343,1105,76,6.88,0.336,0.139,1.023,1.162,135.35,0.8641,0.0,584.04,0.0,495.7,584.04,34.455,16.38,"[584.04, 518, 559.11, 495.7]","[3, 3, 4, 3]",13
assembly_1,4,0.45,subgraph_mip,diverse,10,343,1105,126,11.4,0.336,0.01,1.287,1.297,121.2,0.877,1.49,581.12,-0.5,511.4,581.12,29.509,12.93,"[581.12, 511.4, 552.83, 511.5]","[3, 3, 4, 3]",13
assembly_1,4,0.45,subgraph_mip,edge_weight,20,343,1105,35,3.17,0.336,0.114,0.564,0.678,231.89,0.8641,-0.0,584.04,0.0,495.7,584.04,34.455,16.38,"[584.04, 518, 559.11, 495.7]","[3, 3, 4, 3]",13
assembly_1,4,0.45,subgraph_mip,time_balanced_weight,20,343,1105,42,3.8,0.336,0.04,0.668,0.708,221.96,1.049,21.4,586.13,0.36,453.4,586.13,51.942,24.62,"[586.13, 574, 543.32, 453.4]","[3, 3, 4, 3]",13
assembly_1,4,0.45,subgraph_mip,combined,20,343,1105,77,6.97,0.336,0.117,0.476,0.593,265.06,0.8641,-0.0,584.04,0.0,495.7,584.04,34.455,16.38,"[584.04, 518, 559.11, 495.7]","[3, 3, 4, 3]",13
assembly_1,4,0.45,subgraph_mip,blended,20,343,1105,30,2.71,0.336,0.099,0.427,0.527,298.56,0.9025,4.44,586.13,0.36,502.2,586.13,31.528,15.57,"[502.2, 586.13, 520.92, 547.6]","[3, 3, 3, 4]",13
assembly_1,4,0.45,subgraph_mip,blended_union,20,343,1105,92,8.33,0.336,0.242,1.151,1.393,112.86,0.8641,-0.0,584.04,0.0,495.7,584.04,34.455,16.38,"[584.04, 518, 559.11, 495.7]","[3, 3, 4, 3]",13
assembly_1,4,0.45,subgraph_mip,diverse,20,343,1105,239,21.63,0.336,0.015,2.454,2.468,63.69,0.8669,0.33,584.04,0.0,501.98,584.04,32.321,15.22,"[584.04, 516, 554.83, 501.98]","[3, 3, 4, 3]",13
assembly_1,4,0.45,subgraph_mip,edge_weight,50,343,1105,54,4.89,0.336,0.181,1.107,1.288,122.04,0.8641,0.0,584.04,0.0,495.7,584.04,34.455,16.38,"[584.04, 518, 559.11, 495.7]","[3, 3, 4, 3]",13
assembly_1,4,0.45,subgraph_mip,time_balanced_weight,50,343,1105,63,5.7,0.336,0.103,0.925,1.028,152.95,1.0488,21.38,597.84,2.36,495.7,597.84,38.394,18.94,"[495.7, 516.63, 546.68, 597.84]","[3, 3, 4, 3]",13
assembly_1,4,0.45,subgraph_mip,combined,50,343,1105,116,10.5,0.336,0.292,2.131,2.423,64.89,0.8641,0.0,584.04,0.0,495.7,584.04,34.455,16.38,"[584.04, 518, 559.11, 495.7]","[3, 3, 4, 3]",13
assembly_1,4,0.45,subgraph_mip,blended,50,343,1105,38,3.44,0.336,0.27,0.701,0.971,161.86,0.9025,4.44,586.13,0.36,502.2,586.13,31.528,15.57,"[502.2, 586.13, 520.92, 547.6]","[3, 3, 3, 4]",13
assembly_1,4,0.45,subgraph_mip,blended_union,50,343,1105,125,11.31,0.336,0.595,1.348,1.943,80.91,0.8641,0.0,584.04,0.0,495.7,584.04,34.455,16.38,"[584.04, 518, 559.11, 495.7]","[3, 3, 4, 3]",13
assembly_1,4,0.45,subgraph_mip,diverse,50,343,1105,510,46.15,0.336,0.054,8.82,8.874,17.72,0.8669,0.33,584.04,0.0,501.98,584.04,32.321,15.22,"[584.04, 516, 554.83, 501.98]","[3, 3, 4, 3]",13
assembly_1,4,0.45,subgraph_mip,edge_weight,100,343,1105,78,7.06,0.336,0.304,1.664,1.968,79.87,0.8641,-0.0,584.04,0.0,495.7,584.04,34.455,16.38,"[584.04, 518, 559.11, 495.7]","[3, 3, 4, 3]",13
assembly_1,4,0.45,subgraph_mip,time_balanced_weight,100,343,1105,86,7.78,0.336,0.189,1.511,1.7,92.46,1.0462,21.07,597.84,2.36,495.7,597.84,38.394,18.94,"[495.7, 516.63, 546.68, 597.84]","[3, 3, 4, 3]",13
assembly_1,4,0.45,subgraph_mip,combined,100,343,1105,162,14.66,0.336,0.579,1.88,2.459,63.94,0.8641,0.0,584.04,0.0,495.7,584.04,34.455,16.38,"[584.04, 518, 559.11, 495.7]","[3, 3, 4, 3]",13
assembly_1,4,0.45,subgraph_mip,blended,100,343,1105,45,4.07,0.336,0.438,1.525,1.963,80.09,0.9025,4.44,586.13,0.36,502.2,586.13,31.528,15.57,"[502.2, 586.13, 520.92, 547.6]","[3, 3, 3, 4]",13
assembly_1,4,0.45,subgraph_mip,blended_union,100,343,1105,153,13.85,0.336,1.317,4.097,5.414,29.04,0.8641,0.0,584.04,0.0,495.7,584.04,34.455,16.38,"[584.04, 518, 559.11, 495.7]","[3, 3, 4, 3]",13
assembly_1,4,0.45,subgraph_mip,diverse,100,343,1105,749,67.78,0.336,0.123,16.553,16.676,9.43,0.8657,0.19,584.04,0.0,495.7,584.04,34.455,16.38,"[584.04, 518, 559.11, 495.7]","[3, 3, 4, 3]",13
assembly_1,4,0.45,subgraph_mip,edge_weight,200,343,1105,95,8.6,0.336,0.807,1.173,1.979,79.42,0.8641,-0.0,584.04,0.0,495.7,584.04,34.455,16.38,"[584.04, 518, 559.11, 495.7]","[3, 3, 4, 3]",13
assembly_1,4,0.45,subgraph_mip,time_balanced_weight,200,343,1105,111,10.05,0.336,0.468,2.118,2.586,60.8,1.0405,20.41,586.13,0.36,453.4,586.13,53.222,24.62,"[586.13, 536.2, 581.12, 453.4]","[3, 4, 3, 3]",13
assembly_1,4,0.45,subgraph_mip,combined,200,343,1105,202,18.28,0.336,1.083,1.854,2.937,53.53,0.8641,-0.0,584.04,0.0,495.7,584.04,34.455,16.38,"[584.04, 518, 559.11, 495.7]","[3, 3, 4, 3]",13
assembly_1,4,0.45,subgraph_mip,blended,200,343,1105,50,4.52,0.336,0.965,1.69,2.655,59.21,0.8866,2.61,581.12,-0.5,511.5,581.12,27.859,12.91,"[581.12, 516.63, 511.5, 547.6]","[3, 3, 3, 4]",13
assembly_1,4,0.45,subgraph_mip,blended_union,200,343,1105,177,16.02,0.336,2.429,2.034,4.463,35.22,0.8641,0.0,584.04,0.0,495.7,584.04,34.455,16.38,"[584.04, 518, 559.11, 495.7]","[3, 3, 4, 3]",13
assembly_1,4,0.45,subgraph_mip,diverse,200,343,1105,911,82.44,0.336,0.19,28.082,28.273,5.56,0.8657,0.19,584.04,0.0,495.7,584.04,34.455,16.38,"[584.04, 518, 559.11, 495.7]","[3, 3, 4, 3]",13
assembly_1,4,0.45,subgraph_mip,edge_weight,500,343,1105,108,9.77,0.336,1.673,1.004,2.677,58.73,0.8641,-0.0,584.04,0.0,495.7,584.04,34.455,16.38,"[584.04, 518, 559.11, 495.7]","[3, 3, 4, 3]",13
assembly_1,4,0.45,subgraph_mip,time_balanced_weight,500,343,1105,153,13.85,0.336,1.142,2.086,3.228,48.7,1.0369,19.99,581.12,-0.5,495.7,581.12,34.44,15.84,"[495.7, 516.63, 581.12, 563.4]","[3, 3, 3, 4]",13
assembly_1,4,0.45,subgraph_mip,combined,500,343,1105,257,23.26,0.336,3.062,2.556,5.618,27.98,0.8641,-0.0,584.04,0.0,495.7,584.04,34.455,16.38,"[584.04, 518, 559.11, 495.7]","[3, 3, 4, 3]",13
assembly_1,4,0.45,subgraph_mip,blended,500,343,1105,122,11.04,0.336,2.085,1.115,3.199,49.14,0.8817,2.04,574.62,-1.61,502.2,574.62,29.643,13.43,"[502.2, 561.11, 574.62, 518.92]","[3, 4, 3, 3]",13
assembly_1,4,0.45,subgraph_mip,blended_union,500,343,1105,245,22.17,0.336,6.121,6.243,12.364,12.72,0.8641,0.0,584.04,0.0,495.7,584.04,34.455,16.38,"[584.04, 518, 559.11, 495.7]","[3, 3, 4, 3]",13
assembly_1,4,0.45,subgraph_mip,diverse,500,343,1105,1041,94.21,0.336,0.515,30.803,31.318,5.02,0.8641,-0.0,584.04,0.0,495.7,584.04,34.455,16.38,"[584.04, 518, 559.11, 495.7]","[3, 3, 4, 3]",13
assembly_1,4,0.45,subgraph_mip,edge_weight,1000,343,1105,142,12.85,0.336,3.456,1.634,5.09,30.88,0.8641,0.0,584.04,0.0,495.7,584.04,34.455,16.38,"[584.04, 518, 559.11, 495.7]","[3, 3, 4, 3]",13
assembly_1,4,0.45,subgraph_mip,time_balanced_weight,1000,343,1105,211,19.1,0.336,2.932,5.653,8.585,18.31,1.0344,19.72,581.12,-0.5,495.7,581.12,34.44,15.84,"[495.7, 516.63, 581.12, 563.4]","[3, 3, 3, 4]",13
assembly_1,4,0.45,subgraph_mip,combined,1000,343,1105,346,31.31,0.336,6.771,3.995,10.767,14.6,0.8641,-0.0,584.04,0.0,495.7,584.04,34.455,16.38,"[584.04, 518, 559.11, 495.7]","[3, 3, 4, 3]",13
assembly_1,4,0.45,subgraph_mip,blended,1000,343,1105,196,17.74,0.336,4.022,3.81,7.832,20.07,0.8681,0.46,584.04,0.0,508.48,584.04,31.94,14.01,"[584.04, 508.48, 554.83, 509.5]","[3, 3, 4, 3]",13
assembly_1,4,0.45,subgraph_mip,blended_union,1000,343,1105,297,26.88,0.336,12.496,18.374,30.869,5.09,0.8641,0.0,584.04,0.0,495.7,584.04,34.455,16.38,"[584.04, 518, 559.11, 495.7]","[3, 3, 4, 3]",13
assembly_1,4,0.45,subgraph_mip,diverse,1000,343,1105,1102,99.73,0.336,1.031,25.552,26.583,5.91,0.8641,0.0,584.04,0.0,495.7,584.04,34.455,16.38,"[584.04, 518, 559.11, 495.7]","[3, 3, 4, 3]",13
assembly_1,4,0.45,subgraph_mip,edge_weight,2000,343,1105,185,16.74,0.336,8.123,1.869,9.992,15.73,0.8641,0.0,584.04,0.0,495.7,584.04,34.455,16.38,"[584.04, 518, 559.11, 495.7]","[3, 3, 4, 3]",13
assembly_1,4,0.45,subgraph_mip,time_balanced_weight,2000,343,1105,292,26.43,0.336,6.996,14.033,21.028,7.48,1.0344,19.72,581.12,-0.5,495.7,581.12,34.44,15.84,"[495.7, 516.63, 581.12, 563.4]","[3, 3, 3, 4]",13
assembly_1,4,0.45,subgraph_mip,combined,2000,343,1105,460,41.63,0.336,15.995,5.742,21.737,7.23,0.8641,0.0,584.04,0.0,495.7,584.04,34.455,16.38,"[584.04, 518, 559.11, 495.7]","[3, 3, 4, 3]",13
assembly_1,4,0.45,subgraph_mip,blended,2000,343,1105,229,20.72,0.336,9.487,3.21,12.697,12.38,0.8681,0.46,584.04,0.0,508.48,584.04,31.94,14.01,"[584.04, 508.48, 554.83, 509.5]","[3, 3, 4, 3]",13
assembly_1,4,0.45,subgraph_mip,blended_union,2000,343,1105,410,37.1,0.336,28.578,15.07,43.648,3.6,0.8641,0.0,584.04,0.0,495.7,584.04,34.455,16.38,"[584.04, 518, 559.11, 495.7]","[3, 3, 4, 3]",13
assembly_1,4,0.45,subgraph_mip,diverse,2000,343,1105,1105,100.0,0.336,2.155,157.961,160.116,0.98,0.8641,0.0,584.04,0.0,495.7,584.04,34.455,16.38,"[584.04, 518, 559.11, 495.7]","[3, 3, 4, 3]",13
assembly_1,4,0.45,subgraph_mip,edge_weight,5000,343,1105,232,21.0,0.336,32.75,3.665,36.415,4.32,0.8641,-0.0,584.04,0.0,495.7,584.04,34.455,16.38,"[584.04, 518, 559.11, 495.7]","[3, 3, 4, 3]",13
assembly_1,4,0.45,subgraph_mip,time_balanced_weight,5000,343,1105,431,39.0,0.336,33.767,11.834,45.601,3.45,0.9864,14.16,581.12,-0.5,495.7,581.12,34.44,15.84,"[581.12, 516.63, 495.7, 563.4]","[3, 3, 3, 4]",13
assembly_1,4,0.45,subgraph_mip,combined,5000,343,1105,632,57.19,0.336,59.401,13.48,72.881,2.16,0.8641,-0.0,584.04,0.0,495.7,584.04,34.455,16.38,"[584.04, 518, 559.11, 495.7]","[3, 3, 4, 3]",13
assembly_1,4,0.45,subgraph_mip,blended,5000,343,1105,394,35.66,0.336,35.954,16.325,52.279,3.01,0.8641,0.0,584.04,0.0,495.7,584.04,34.455,16.38,"[584.04, 518, 559.11, 495.7]","[3, 3, 4, 3]",13
assembly_1,4,0.45,subgraph_mip,blended_union,5000,343,1105,525,47.51,0.336,115.74,34.441,150.181,1.05,0.8641,0.0,584.04,0.0,495.7,584.04,34.455,16.38,"[584.04, 518, 559.11, 495.7]","[3, 3, 4, 3]",13
assembly_1,4,0.45,subgraph_mip,diverse,5000,343,1105,1105,100.0,0.336,5.674,143.105,148.779,1.06,0.8641,0.0,584.04,0.0,495.7,584.04,34.455,16.38,"[584.04, 518, 559.11, 495.7]","[3, 3, 4, 3]",13
assembly_1,4,0.5,full_mip,—,,343,1105,1105,100.0,0.321,0.0,99.048,99.048,1.0,0.8676,0.0,584.04,0.0,495.7,584.04,34.455,16.38,"[584.04, 518, 559.11, 495.7]","[3, 3, 4, 3]",13
assembly_1,4,0.5,subgraph_mip,edge_weight,1,343,1105,13,1.18,0.321,0.001,0.055,0.057,1748.02,0.8676,0.0,584.04,0.0,495.7,584.04,34.455,16.38,"[584.04, 518, 559.11, 495.7]","[3, 3, 4, 3]",13
assembly_1,4,0.5,subgraph_mip,time_balanced_weight,1,343,1105,13,1.18,0.321,0.001,0.092,0.093,1060.46,1.0473,20.72,597.84,2.36,398.88,597.84,81.458,36.9,"[586.13, 574, 398.88, 597.84]","[3, 3, 4, 3]",13
assembly_1,4,0.5,subgraph_mip,combined,1,343,1105,26,2.35,0.321,0.002,0.145,0.147,675.99,0.8676,0.0,584.04,0.0,495.7,584.04,34.455,16.38,"[584.04, 518, 559.11, 495.7]","[3, 3, 4, 3]",13
assembly_1,4,0.5,subgraph_mip,blended,1,343,1105,13,1.18,0.321,0.001,0.084,0.085,1160.11,0.9027,4.05,586.13,0.36,502.2,586.13,31.528,15.57,"[502.2, 586.13, 520.92, 547.6]","[3, 3, 3, 4]",13
assembly_1,4,0.5,subgraph_mip,blended_union,1,343,1105,37,3.35,0.321,0.014,0.656,0.67,147.75,0.8676,0.0,584.04,0.0,495.7,584.04,34.455,16.38,"[584.04, 518, 559.11, 495.7]","[3, 3, 4, 3]",13
assembly_1,4,0.5,subgraph_mip,diverse,1,343,1105,13,1.18,0.321,0.008,0.102,0.11,899.93,0.9027,4.05,586.13,0.36,502.2,586.13,31.528,15.57,"[502.2, 586.13, 520.92, 547.6]","[3, 3, 3, 4]",13
assembly_1,4,0.5,subgraph_mip,edge_weight,2,343,1105,15,1.36,0.321,0.004,0.061,0.065,1513.53,0.8676,0.0,584.04,0.0,495.7,584.04,34.455,16.38,"[584.04, 518, 559.11, 495.7]","[3, 3, 4, 3]",13
assembly_1,4,0.5,subgraph_mip,time_balanced_weight,2,343,1105,15,1.36,0.321,0.003,0.171,0.174,569.09,1.0473,20.72,597.84,2.36,398.88,597.84,81.458,36.9,"[586.13, 574, 398.88, 597.84]","[3, 3, 4, 3]",13
assembly_1,4,0.5,subgraph_mip,combined,2,343,1105,30,2.71,0.321,0.01,0.464,0.474,208.84,0.8676,0.0,584.04,0.0,495.7,584.04,34.455,16.38,"[584.04, 518, 559.11, 495.7]","[3, 3, 4, 3]",13
assembly_1,4,0.5,subgraph_mip,blended,2,343,1105,15,1.36,0.321,0.009,0.198,0.207,478.18,0.9027,4.05,586.13,0.36,502.2,586.13,31.528,15.57,"[502.2, 586.13, 520.92, 547.6]","[3, 3, 3, 4]",13
assembly_1,4,0.5,subgraph_mip,blended_union,2,343,1105,43,3.89,0.321,0.042,1.089,1.13,87.62,0.8676,0.0,584.04,0.0,495.7,584.04,34.455,16.38,"[584.04, 518, 559.11, 495.7]","[3, 3, 4, 3]",13
assembly_1,4,0.5,subgraph_mip,diverse,2,343,1105,26,2.35,0.321,0.005,1.525,1.529,64.77,0.9027,4.05,586.13,0.36,502.2,586.13,31.528,15.57,"[502.2, 586.13, 520.92, 547.6]","[3, 3, 3, 4]",13
assembly_1,4,0.5,subgraph_mip,edge_weight,5,343,1105,21,1.9,0.321,0.013,0.232,0.246,403.07,0.8676,0.0,584.04,0.0,495.7,584.04,34.455,16.38,"[584.04, 518, 559.11, 495.7]","[3, 3, 4, 3]",13
assembly_1,4,0.5,subgraph_mip,time_balanced_weight,5,343,1105,27,2.44,0.321,0.008,0.803,0.812,122.05,1.0385,19.7,597.84,2.36,495.7,597.84,38.394,18.94,"[495.7, 516.63, 546.68, 597.84]","[3, 3, 4, 3]",13
assembly_1,4,0.5,subgraph_mip,combined,5,343,1105,48,4.34,0.321,0.021,0.686,0.706,140.22,0.8676,0.0,584.04,0.0,495.7,584.04,34.455,16.38,"[584.04, 518, 559.11, 495.7]","[3, 3, 4, 3]",13
assembly_1,4,0.5,subgraph_mip,blended,5,343,1105,21,1.9,0.321,0.021,0.529,0.549,180.37,0.9027,4.05,586.13,0.36,502.2,586.13,31.528,15.57,"[502.2, 586.13, 520.92, 547.6]","[3, 3, 3, 4]",13
assembly_1,4,0.5,subgraph_mip,blended_union,5,343,1105,60,5.43,0.321,0.068,0.396,0.465,213.22,0.8676,0.0,584.04,0.0,495.7,584.04,34.455,16.38,"[584.04, 518, 559.11, 495.7]","[3, 3, 4, 3]",13
assembly_1,4,0.5,subgraph_mip,diverse,5,343,1105,65,5.88,0.321,0.007,0.339,0.346,286.62,0.9027,4.05,586.13,0.36,502.2,586.13,31.528,15.57,"[502.2, 586.13, 520.92, 547.6]","[3, 3, 3, 4]",13
assembly_1,4,0.5,subgraph_mip,edge_weight,10,343,1105,24,2.17,0.321,0.039,0.303,0.343,289.08,0.8676,0.0,584.04,0.0,495.7,584.04,34.455,16.38,"[584.04, 518, 559.11, 495.7]","[3, 3, 4, 3]",13
assembly_1,4,0.5,subgraph_mip,time_balanced_weight,10,343,1105,38,3.44,0.321,0.032,2.831,2.863,34.6,1.0359,19.41,586.13,0.36,453.4,586.13,51.942,24.62,"[586.13, 574, 543.32, 453.4]","[3, 3, 4, 3]",13
assembly_1,4,0.5,subgraph_mip,combined,10,343,1105,62,5.61,0.321,0.067,0.653,0.72,137.6,0.8676,0.0,584.04,0.0,495.7,584.04,34.455,16.38,"[584.04, 518, 559.11, 495.7]","[3, 3, 4, 3]",13
assembly_1,4,0.5,subgraph_mip,blended,10,343,1105,24,2.17,0.321,0.047,0.415,0.463,214.07,0.9027,4.05,586.13,0.36,502.2,586.13,31.528,15.57,"[502.2, 586.13, 520.92, 547.6]","[3, 3, 3, 4]",13
assembly_1,4,0.5,subgraph_mip,blended_union,10,343,1105,76,6.88,0.321,0.096,0.58,0.676,146.49,0.8676,0.0,584.04,0.0,495.7,584.04,34.455,16.38,"[584.04, 518, 559.11, 495.7]","[3, 3, 4, 3]",13
assembly_1,4,0.5,subgraph_mip,diverse,10,343,1105,126,11.4,0.321,0.01,2.271,2.281,43.42,0.8788,1.3,581.12,-0.5,511.4,581.12,29.509,12.93,"[581.12, 511.4, 552.83, 511.5]","[3, 3, 4, 3]",13
assembly_1,4,0.5,subgraph_mip,edge_weight,20,343,1105,35,3.17,0.321,0.053,1.306,1.358,72.92,0.8676,-0.0,584.04,0.0,495.7,584.04,34.455,16.38,"[584.04, 518, 559.11, 495.7]","[3, 3, 4, 3]",13
assembly_1,4,0.5,subgraph_mip,time_balanced_weight,20,343,1105,42,3.8,0.321,0.065,1.704,1.769,55.99,1.0359,19.41,586.13,0.36,453.4,586.13,51.942,24.62,"[586.13, 574, 543.32, 453.4]","[3, 3, 4, 3]",13
assembly_1,4,0.5,subgraph_mip,combined,20,343,1105,77,6.97,0.321,0.147,0.56,0.707,140.08,0.8676,0.0,584.04,0.0,495.7,584.04,34.455,16.38,"[584.04, 518, 559.11, 495.7]","[3, 3, 4, 3]",13
assembly_1,4,0.5,subgraph_mip,blended,20,343,1105,30,2.71,0.321,0.091,0.559,0.65,152.3,0.9027,4.05,586.13,0.36,502.2,586.13,31.528,15.57,"[502.2, 586.13, 520.92, 547.6]","[3, 3, 3, 4]",13
assembly_1,4,0.5,subgraph_mip,blended_union,20,343,1105,92,8.33,0.321,0.268,0.878,1.147,86.38,0.8676,0.0,584.04,0.0,495.7,584.04,34.455,16.38,"[584.04, 518, 559.11, 495.7]","[3, 3, 4, 3]",13
assembly_1,4,0.5,subgraph_mip,diverse,20,343,1105,239,21.63,0.321,0.029,1.274,1.302,76.05,0.8715,0.46,581.12,-0.5,495.7,581.12,33.693,15.84,"[581.12, 518.92, 561.11, 495.7]","[3, 3, 4, 3]",13
assembly_1,4,0.5,subgraph_mip,edge_weight,50,343,1105,54,4.89,0.321,0.195,0.721,0.916,108.08,0.8676,0.0,584.04,0.0,495.7,584.04,34.455,16.38,"[584.04, 518, 559.11, 495.7]","[3, 3, 4, 3]",13
assembly_1,4,0.5,subgraph_mip,time_balanced_weight,50,343,1105,63,5.7,0.321,0.093,0.977,1.07,92.61,1.0359,19.41,586.13,0.36,453.4,586.13,51.942,24.62,"[586.13, 574, 543.32, 453.4]","[3, 3, 4, 3]",13
assembly_1,4,0.5,subgraph_mip,combined,50,343,1105,116,10.5,0.321,0.33,1.028,1.358,72.92,0.8676,0.0,584.04,0.0,495.7,584.04,34.455,16.38,"[584.04, 518, 559.11, 495.7]","[3, 3, 4, 3]",13
assembly_1,4,0.5,subgraph_mip,blended,50,343,1105,38,3.44,0.321,0.28,1.489,1.768,56.01,0.9027,4.05,586.13,0.36,502.2,586.13,31.528,15.57,"[502.2, 586.13, 520.92, 547.6]","[3, 3, 3, 4]",13
assembly_1,4,0.5,subgraph_mip,blended_union,50,343,1105,125,11.31,0.321,0.797,1.616,2.413,41.05,0.8676,0.0,584.04,0.0,495.7,584.04,34.455,16.38,"[584.04, 518, 559.11, 495.7]","[3, 3, 4, 3]",13
assembly_1,4,0.5,subgraph_mip,diverse,50,343,1105,509,46.06,0.321,0.061,3.913,3.974,24.93,0.8684,0.1,584.04,0.0,495.7,584.04,35.076,16.38,"[584.04, 516, 561.11, 495.7]","[3, 3, 4, 3]",13
assembly_1,4,0.5,subgraph_mip,edge_weight,100,343,1105,78,7.06,0.321,0.328,0.882,1.21,81.85,0.8676,0.0,584.04,0.0,495.7,584.04,34.455,16.38,"[584.04, 518, 559.11, 495.7]","[3, 3, 4, 3]",13
assembly_1,4,0.5,subgraph_mip,time_balanced_weight,100,343,1105,86,7.78,0.321,0.159,1.51,1.669,59.35,1.0341,19.2,586.13,0.36,453.4,586.13,51.942,24.62,"[586.13, 574, 543.32, 453.4]","[3, 3, 4, 3]",13
assembly_1,4,0.5,subgraph_mip,combined,100,343,1105,162,14.66,0.321,0.498,1.727,2.224,44.53,0.8676,0.0,584.04,0.0,495.7,584.04,34.455,16.38,"[584.04, 518, 559.11, 495.7]","[3, 3, 4, 3]",13
assembly_1,4,0.5,subgraph_mip,blended,100,343,1105,45,4.07,0.321,0.55,2.02,2.569,38.55,0.9027,4.05,586.13,0.36,502.2,586.13,31.528,15.57,"[502.2, 586.13, 520.92, 547.6]","[3, 3, 3, 4]",13
assembly_1,4,0.5,subgraph_mip,blended_union,100,343,1105,153,13.85,0.321,1.392,1.664,3.056,32.41,0.8676,0.0,584.04,0.0,495.7,584.04,34.455,16.38,"[584.04, 518, 559.11, 495.7]","[3, 3, 4, 3]",13
assembly_1,4,0.5,subgraph_mip,diverse,100,343,1105,751,67.96,0.321,0.105,29.099,29.204,3.39,0.8676,0.0,584.04,0.0,495.7,584.04,34.455,16.38,"[584.04, 518, 559.11, 495.7]","[3, 3, 4, 3]",13
assembly_1,4,0.5,subgraph_mip,edge_weight,200,343,1105,95,8.6,0.321,0.66,1.025,1.685,58.77,0.8676,0.0,584.04,0.0,495.7,584.04,34.455,16.38,"[584.04, 518, 559.11, 495.7]","[3, 3, 4, 3]",13
assembly_1,4,0.5,subgraph_mip,time_balanced_weight,200,343,1105,111,10.05,0.321,0.414,3.919,4.332,22.86,1.0282,18.52,586.13,0.36,453.4,586.13,53.222,24.62,"[586.13, 536.2, 581.12, 453.4]","[3, 4, 3, 3]",13
assembly_1,4,0.5,subgraph_mip,combined,200,343,1105,202,18.28,0.321,1.108,3.614,4.722,20.98,0.8676,0.0,584.04,0.0,495.7,584.04,34.455,16.38,"[584.04, 518, 559.11, 495.7]","[3, 3, 4, 3]",13
assembly_1,4,0.5,subgraph_mip,blended,200,343,1105,53,4.8,0.321,0.868,0.609,1.477,67.04,0.8876,2.31,581.12,-0.5,511.5,581.12,27.859,12.91,"[581.12, 516.63, 511.5, 547.6]","[3, 3, 3, 4]",13
assembly_1,4,0.5,subgraph_mip,blended_union,200,343,1105,177,16.02,0.321,2.441,2.677,5.118,19.35,0.8676,0.0,584.04,0.0,495.7,584.04,34.455,16.38,"[584.04, 518, 559.11, 495.7]","[3, 3, 4, 3]",13
assembly_1,4,0.5,subgraph_mip,diverse,200,343,1105,907,82.08,0.321,0.19,21.382,21.572,4.59,0.8676,0.0,584.04,0.0,495.7,584.04,34.455,16.38,"[584.04, 518, 559.11, 495.7]","[3, 3, 4, 3]",13
assembly_1,4,0.5,subgraph_mip,edge_weight,500,343,1105,108,9.77,0.321,1.781,1.263,3.044,32.54,0.8676,0.0,584.04,0.0,495.7,584.04,34.455,16.38,"[584.04, 518, 559.11, 495.7]","[3, 3, 4, 3]",13
assembly_1,4,0.5,subgraph_mip,time_balanced_weight,500,343,1105,153,13.85,0.321,1.178,4.439,5.616,17.64,1.0242,18.06,581.12,-0.5,495.7,581.12,34.44,15.84,"[495.7, 516.63, 581.12, 563.4]","[3, 3, 3, 4]",13
assembly_1,4,0.5,subgraph_mip,combined,500,343,1105,257,23.26,0.321,3.089,2.506,5.595,17.7,0.8676,0.0,584.04,0.0,495.7,584.04,34.455,16.38,"[584.04, 518, 559.11, 495.7]","[3, 3, 4, 3]",13
assembly_1,4,0.5,subgraph_mip,blended,500,343,1105,130,11.76,0.321,2.23,1.511,3.74,26.48,0.8822,1.69,574.62,-1.61,502.2,574.62,29.643,13.43,"[502.2, 561.11, 574.62, 518.92]","[3, 4, 3, 3]",13
assembly_1,4,0.5,subgraph_mip,blended_union,500,343,1105,245,22.17,0.321,6.003,4.242,10.246,9.67,0.8676,0.0,584.04,0.0,495.7,584.04,34.455,16.38,"[584.04, 518, 559.11, 495.7]","[3, 3, 4, 3]",13
assembly_1,4,0.5,subgraph_mip,diverse,500,343,1105,1042,94.3,0.321,0.663,122.278,122.94,0.81,0.8676,0.0,584.04,0.0,495.7,584.04,34.455,16.38,"[584.04, 518, 559.11, 495.7]","[3, 3, 4, 3]",13
assembly_1,4,0.5,subgraph_mip,edge_weight,1000,343,1105,142,12.85,0.321,3.489,3.231,6.72,14.74,0.8676,0.0,584.04,0.0,495.7,584.04,34.455,16.38,"[584.04, 518, 559.11, 495.7]","[3, 3, 4, 3]",13
assembly_1,4,0.5,subgraph_mip,time_balanced_weight,1000,343,1105,211,19.1,0.321,2.867,11.836,14.703,6.74,1.022,17.8,581.12,-0.5,495.7,581.12,34.44,15.84,"[495.7, 516.63, 581.12, 563.4]","[3, 3, 3, 4]",13
assembly_1,4,0.5,subgraph_mip,combined,1000,343,1105,346,31.31,0.321,6.117,6.858,12.974,7.63,0.8676,0.0,584.04,0.0,495.7,584.04,34.455,16.38,"[584.04, 518, 559.11, 495.7]","[3, 3, 4, 3]",13
assembly_1,4,0.5,subgraph_mip,blended,1000,343,1105,167,15.11,0.321,4.371,2.914,7.285,13.6,0.8822,1.69,574.62,-1.61,502.2,574.62,29.643,13.43,"[502.2, 561.11, 574.62, 518.92]","[3, 4, 3, 3]",13
assembly_1,4,0.5,subgraph_mip,blended_union,1000,343,1105,297,26.88,0.321,12.627,16.275,28.901,3.43,0.8676,0.0,584.04,0.0,495.7,584.04,34.455,16.38,"[584.04, 518, 559.11, 495.7]","[3, 3, 4, 3]",13
assembly_1,4,0.5,subgraph_mip,diverse,1000,343,1105,1100,99.55,0.321,1.054,124.685,125.739,0.79,0.8676,0.0,584.04,0.0,495.7,584.04,34.455,16.38,"[584.04, 518, 559.11, 495.7]","[3, 3, 4, 3]",13
assembly_1,4,0.5,subgraph_mip,edge_weight,2000,343,1105,185,16.74,0.321,8.234,2.237,10.471,9.46,0.8676,0.0,584.04,0.0,495.7,584.04,34.455,16.38,"[584.04, 518, 559.11, 495.7]","[3, 3, 4, 3]",13
assembly_1,4,0.5,subgraph_mip,time_balanced_weight,2000,343,1105,292,26.43,0.321,7.456,8.34,15.796,6.27,1.022,17.8,581.12,-0.5,495.7,581.12,34.44,15.84,"[495.7, 516.63, 581.12, 563.4]","[3, 3, 3, 4]",13
assembly_1,4,0.5,subgraph_mip,combined,2000,343,1105,460,41.63,0.321,15.174,16.247,31.421,3.15,0.8676,0.0,584.04,0.0,495.7,584.04,34.455,16.38,"[584.04, 518, 559.11, 495.7]","[3, 3, 4, 3]",13
assembly_1,4,0.5,subgraph_mip,blended,2000,343,1105,228,20.63,0.321,10.655,7.499,18.154,5.46,0.8712,0.42,584.04,0.0,508.48,584.04,31.94,14.01,"[584.04, 508.48, 554.83, 509.5]","[3, 3, 4, 3]",13
assembly_1,4,0.5,subgraph_mip,blended_union,2000,343,1105,410,37.1,0.321,30.068,21.079,51.147,1.94,0.8676,0.0,584.04,0.0,495.7,584.04,34.455,16.38,"[584.04, 518, 559.11, 495.7]","[3, 3, 4, 3]",13
assembly_1,4,0.5,subgraph_mip,diverse,2000,343,1105,1105,100.0,0.321,2.451,99.857,102.308,0.97,0.8676,0.0,584.04,0.0,495.7,584.04,34.455,16.38,"[584.04, 518, 559.11, 495.7]","[3, 3, 4, 3]",13
assembly_1,4,0.5,subgraph_mip,edge_weight,5000,343,1105,232,21.0,0.321,32.651,9.746,42.397,2.34,0.8676,0.0,584.04,0.0,495.7,584.04,34.455,16.38,"[584.04, 518, 559.11, 495.7]","[3, 3, 4, 3]",13
assembly_1,4,0.5,subgraph_mip,time_balanced_weight,5000,343,1105,431,39.0,0.321,24.706,9.589,34.295,2.89,0.9783,12.77,581.12,-0.5,495.7,581.12,34.44,15.84,"[581.12, 516.63, 495.7, 563.4]","[3, 3, 3, 4]",13
assembly_1,4,0.5,subgraph_mip,combined,5000,343,1105,632,57.19,0.321,60.587,10.956,71.542,1.38,0.8676,0.0,584.04,0.0,495.7,584.04,34.455,16.38,"[584.04, 518, 559.11, 495.7]","[3, 3, 4, 3]",13
assembly_1,4,0.5,subgraph_mip,blended,5000,343,1105,433,39.19,0.321,37.993,19.673,57.666,1.72,0.8677,0.01,584.04,0.0,495.7,584.04,34.455,16.38,"[584.04, 518, 559.11, 495.7]","[3, 3, 4, 3]",13
assembly_1,4,0.5,subgraph_mip,blended_union,5000,343,1105,525,47.51,0.321,116.282,16.677,132.959,0.74,0.8676,0.0,584.04,0.0,495.7,584.04,34.455,16.38,"[584.04, 518, 559.11, 495.7]","[3, 3, 4, 3]",13
assembly_1,4,0.5,subgraph_mip,diverse,5000,343,1105,1105,100.0,0.321,6.782,84.511,91.294,1.08,0.8676,0.0,584.04,0.0,495.7,584.04,34.455,16.38,"[584.04, 518, 559.11, 495.7]","[3, 3, 4, 3]",13
assembly_1,4,0.55,full_mip,—,,343,1105,1105,100.0,0.296,0.0,31.01,31.01,1.0,0.871,0.0,584.04,0.0,495.7,584.04,34.455,16.38,"[584.04, 518, 559.11, 495.7]","[3, 3, 4, 3]",13
assembly_1,4,0.55,subgraph_mip,edge_weight,1,343,1105,13,1.18,0.296,0.001,0.036,0.037,839.8,0.871,-0.0,584.04,0.0,495.7,584.04,34.455,16.38,"[584.04, 518, 559.11, 495.7]","[3, 3, 4, 3]",13
assembly_1,4,0.55,subgraph_mip,time_balanced_weight,1,343,1105,13,1.18,0.296,0.001,0.111,0.112,276.3,1.0349,18.82,597.84,2.36,398.88,597.84,81.458,36.9,"[586.13, 574, 398.88, 597.84]","[3, 3, 4, 3]",13
assembly_1,4,0.55,subgraph_mip,combined,1,343,1105,26,2.35,0.296,0.002,0.063,0.065,477.68,0.871,-0.0,584.04,0.0,495.7,584.04,34.455,16.38,"[584.04, 518, 559.11, 495.7]","[3, 3, 4, 3]",13
assembly_1,4,0.55,subgraph_mip,blended,1,343,1105,13,1.18,0.296,0.002,0.049,0.051,604.51,0.903,3.67,586.13,0.36,502.2,586.13,31.528,15.57,"[502.2, 586.13, 520.92, 547.6]","[3, 3, 3, 4]",13
assembly_1,4,0.55,subgraph_mip,blended_union,1,343,1105,37,3.35,0.296,0.024,1.806,1.831,16.94,0.871,-0.0,584.04,0.0,495.7,584.04,34.455,16.38,"[584.04, 518, 559.11, 495.7]","[3, 3, 4, 3]",13
assembly_1,4,0.55,subgraph_mip,diverse,1,343,1105,13,1.18,0.296,0.008,0.038,0.046,669.08,0.903,3.67,586.13,0.36,502.2,586.13,31.528,15.57,"[502.2, 586.13, 520.92, 547.6]","[3, 3, 3, 4]",13
assembly_1,4,0.55,subgraph_mip,edge_weight,2,343,1105,15,1.36,0.296,0.004,0.351,0.355,87.45,0.871,-0.0,584.04,0.0,495.7,584.04,34.455,16.38,"[584.04, 518, 559.11, 495.7]","[3, 3, 4, 3]",13
assembly_1,4,0.55,subgraph_mip,time_balanced_weight,2,343,1105,15,1.36,0.296,0.003,0.166,0.169,183.98,1.0349,18.82,597.84,2.36,398.88,597.84,81.458,36.9,"[586.13, 574, 398.88, 597.84]","[3, 3, 4, 3]",13
assembly_1,4,0.55,subgraph_mip,combined,2,343,1105,30,2.71,0.296,0.012,0.225,0.237,130.9,0.871,-0.0,584.04,0.0,495.7,584.04,34.455,16.38,"[584.04, 518, 559.11, 495.7]","[3, 3, 4, 3]",13
assembly_1,4,0.55,subgraph_mip,blended,2,343,1105,15,1.36,0.296,0.009,0.357,0.366,84.79,0.903,3.67,586.13,0.36,502.2,586.13,31.528,15.57,"[502.2, 586.13, 520.92, 547.6]","[3, 3, 3, 4]",13
assembly_1,4,0.55,subgraph_mip,blended_union,2,343,1105,43,3.89,0.296,0.042,1.287,1.329,23.33,0.871,-0.0,584.04,0.0,495.7,584.04,34.455,16.38,"[584.04, 518, 559.11, 495.7]","[3, 3, 4, 3]",13
assembly_1,4,0.55,subgraph_mip,diverse,2,343,1105,26,2.35,0.296,0.008,0.313,0.32,96.79,0.903,3.67,586.13,0.36,502.2,586.13,31.528,15.57,"[502.2, 586.13, 520.92, 547.6]","[3, 3, 3, 4]",13
assembly_1,4,0.55,subgraph_mip,edge_weight,5,343,1105,21,1.9,0.296,0.017,0.272,0.289,107.27,0.871,-0.0,584.04,0.0,495.7,584.04,34.455,16.38,"[584.04, 518, 559.11, 495.7]","[3, 3, 4, 3]",13
assembly_1,4,0.55,subgraph_mip,time_balanced_weight,5,343,1105,27,2.44,0.296,0.016,0.788,0.804,38.57,1.027,17.9,597.84,2.36,495.7,597.84,38.394,18.94,"[495.7, 516.63, 546.68, 597.84]","[3, 3, 4, 3]",13
assembly_1,4,0.55,subgraph_mip,combined,5,343,1105,48,4.34,0.296,0.02,1.145,1.164,26.63,0.871,-0.0,584.04,0.0,495.7,584.04,34.455,16.38,"[584.04, 518, 559.11, 495.7]","[3, 3, 4, 3]",13
assembly_1,4,0.55,subgraph_mip,blended,5,343,1105,21,1.9,0.296,0.015,0.223,0.238,130.25,0.903,3.67,586.13,0.36,502.2,586.13,31.528,15.57,"[502.2, 586.13, 520.92, 547.6]","[3, 3, 3, 4]",13
assembly_1,4,0.55,subgraph_mip,blended_union,5,343,1105,60,5.43,0.296,0.047,1.418,1.465,21.17,0.871,-0.0,584.04,0.0,495.7,584.04,34.455,16.38,"[584.04, 518, 559.11, 495.7]","[3, 3, 4, 3]",13
assembly_1,4,0.55,subgraph_mip,diverse,5,343,1105,65,5.88,0.296,0.009,0.282,0.291,106.5,0.903,3.67,586.13,0.36,502.2,586.13,31.528,15.57,"[502.2, 586.13, 520.92, 547.6]","[3, 3, 3, 4]",13
assembly_1,4,0.55,subgraph_mip,edge_weight,10,343,1105,24,2.17,0.296,0.037,0.293,0.33,93.97,0.871,-0.0,584.04,0.0,495.7,584.04,34.455,16.38,"[584.04, 518, 559.11, 495.7]","[3, 3, 4, 3]",13
assembly_1,4,0.55,subgraph_mip,time_balanced_weight,10,343,1105,38,3.44,0.296,0.019,1.576,1.595,19.45,1.0229,17.44,586.13,0.36,453.4,586.13,51.942,24.62,"[586.13, 574, 543.32, 453.4]","[3, 3, 4, 3]",13
assembly_1,4,0.55,subgraph_mip,combined,10,343,1105,62,5.61,0.296,0.073,0.391,0.464,66.84,0.871,-0.0,584.04,0.0,495.7,584.04,34.455,16.38,"[584.04, 518, 559.11, 495.7]","[3, 3, 4, 3]",13
assembly_1,4,0.55,subgraph_mip,blended,10,343,1105,24,2.17,0.296,0.06,0.36,0.42,73.92,0.903,3.67,586.13,0.36,502.2,586.13,31.528,15.57,"[502.2, 586.13, 520.92, 547.6]","[3, 3, 3, 4]",13
assembly_1,4,0.55,subgraph_mip,blended_union,10,343,1105,76,6.88,0.296,0.125,1.989,2.114,14.67,0.871,-0.0,584.04,0.0,495.7,584.04,34.455,16.38,"[584.04, 518, 559.11, 495.7]","[3, 3, 4, 3]",13
assembly_1,4,0.55,subgraph_mip,diverse,10,343,1105,126,11.4,0.296,0.009,0.463,0.472,65.71,0.903,3.67,586.13,0.36,502.2,586.13,31.528,15.57,"[502.2, 586.13, 520.92, 547.6]","[3, 3, 3, 4]",13
assembly_1,4,0.55,subgraph_mip,edge_weight,20,343,1105,35,3.17,0.296,0.079,0.252,0.331,93.69,0.871,-0.0,584.04,0.0,495.7,584.04,34.455,16.38,"[584.04, 518, 559.11, 495.7]","[3, 3, 4, 3]",13
assembly_1,4,0.55,subgraph_mip,time_balanced_weight,20,343,1105,42,3.8,0.296,0.034,0.512,0.546,56.76,1.0229,17.44,586.13,0.36,453.4,586.13,51.942,24.62,"[586.13, 574, 543.32, 453.4]","[3, 3, 4, 3]",13
assembly_1,4,0.55,subgraph_mip,combined,20,343,1105,77,6.97,0.296,0.128,1.74,1.868,16.6,0.871,-0.0,584.04,0.0,495.7,584.04,34.455,16.38,"[584.04, 518, 559.11, 495.7]","[3, 3, 4, 3]",13
assembly_1,4,0.55,subgraph_mip,blended,20,343,1105,30,2.71,0.296,0.09,0.542,0.633,49.02,0.903,3.67,586.13,0.36,502.2,586.13,31.528,15.57,"[502.2, 586.13, 520.92, 547.6]","[3, 3, 3, 4]",13
assembly_1,4,0.55,subgraph_mip,blended_union,20,343,1105,92,8.33,0.296,0.289,0.646,0.935,33.17,0.871,-0.0,584.04,0.0,495.7,584.04,34.455,16.38,"[584.04, 518, 559.11, 495.7]","[3, 3, 4, 3]",13
assembly_1,4,0.55,subgraph_mip,diverse,20,343,1105,239,21.63,0.296,0.034,1.052,1.086,28.56,0.8748,0.43,581.12,-0.5,495.7,581.12,36.361,15.84,"[581.12, 511.4, 568.63, 495.7]","[3, 3, 4, 3]",13
assembly_1,4,0.55,subgraph_mip,edge_weight,50,343,1105,54,4.89,0.296,0.186,1.589,1.775,17.47,0.871,-0.0,584.04,0.0,495.7,584.04,34.455,16.38,"[584.04, 518, 559.11, 495.7]","[3, 3, 4, 3]",13
assembly_1,4,0.55,subgraph_mip,time_balanced_weight,50,343,1105,63,5.7,0.296,0.136,0.777,0.913,33.97,1.0229,17.44,586.13,0.36,453.4,586.13,51.942,24.62,"[586.13, 574, 543.32, 453.4]","[3, 3, 4, 3]",13
assembly_1,4,0.55,subgraph_mip,combined,50,343,1105,116,10.5,0.296,0.274,1.521,1.796,17.27,0.871,-0.0,584.04,0.0,495.7,584.04,34.455,16.38,"[584.04, 518, 559.11, 495.7]","[3, 3, 4, 3]",13
assembly_1,4,0.55,subgraph_mip,blended,50,343,1105,38,3.44,0.296,0.286,0.804,1.089,28.46,0.903,3.67,586.13,0.36,502.2,586.13,31.528,15.57,"[502.2, 586.13, 520.92, 547.6]","[3, 3, 3, 4]",13
assembly_1,4,0.55,subgraph_mip,blended_union,50,343,1105,125,11.31,0.296,0.613,0.916,1.529,20.28,0.871,-0.0,584.04,0.0,495.7,584.04,34.455,16.38,"[584.04, 518, 559.11, 495.7]","[3, 3, 4, 3]",13
assembly_1,4,0.55,subgraph_mip,diverse,50,343,1105,508,45.97,0.296,0.027,4.819,4.847,6.4,0.8724,0.16,584.04,0.0,495.7,584.04,37.791,16.38,"[584.04, 508.48, 568.63, 495.7]","[3, 3, 4, 3]",13
assembly_1,4,0.55,subgraph_mip,edge_weight,100,343,1105,78,7.06,0.296,0.308,0.867,1.175,26.4,0.871,-0.0,584.04,0.0,495.7,584.04,34.455,16.38,"[584.04, 518, 559.11, 495.7]","[3, 3, 4, 3]",13
assembly_1,4,0.55,subgraph_mip,time_balanced_weight,100,343,1105,86,7.78,0.296,0.255,2.41,2.665,11.63,1.0212,17.25,586.13,0.36,453.4,586.13,51.942,24.62,"[586.13, 574, 543.32, 453.4]","[3, 3, 4, 3]",13
assembly_1,4,0.55,subgraph_mip,combined,100,343,1105,162,14.66,0.296,0.657,1.753,2.41,12.87,0.871,-0.0,584.04,0.0,495.7,584.04,34.455,16.38,"[584.04, 518, 559.11, 495.7]","[3, 3, 4, 3]",13
assembly_1,4,0.55,subgraph_mip,blended,100,343,1105,68,6.15,0.296,0.498,0.591,1.089,28.48,0.903,3.67,586.13,0.36,502.2,586.13,31.528,15.57,"[502.2, 586.13, 520.92, 547.6]","[3, 3, 3, 4]",13
assembly_1,4,0.55,subgraph_mip,blended_union,100,343,1105,153,13.85,0.296,1.35,1.833,3.183,9.74,0.871,-0.0,584.04,0.0,495.7,584.04,34.455,16.38,"[584.04, 518, 559.11, 495.7]","[3, 3, 4, 3]",13
assembly_1,4,0.55,subgraph_mip,diverse,100,343,1105,745,67.42,0.296,0.058,25.481,25.539,1.21,0.8724,0.16,584.04,0.0,495.7,584.04,37.791,16.38,"[584.04, 508.48, 568.63, 495.7]","[3, 3, 4, 3]",13
assembly_1,4,0.55,subgraph_mip,edge_weight,200,343,1105,95,8.6,0.296,0.657,0.982,1.639,18.92,0.871,-0.0,584.04,0.0,495.7,584.04,34.455,16.38,"[584.04, 518, 559.11, 495.7]","[3, 3, 4, 3]",13
assembly_1,4,0.55,subgraph_mip,time_balanced_weight,200,343,1105,111,10.05,0.296,0.447,2.417,2.863,10.83,1.0159,16.64,586.13,0.36,453.4,586.13,53.222,24.62,"[586.13, 536.2, 581.12, 453.4]","[3, 4, 3, 3]",13
assembly_1,4,0.55,subgraph_mip,combined,200,343,1105,202,18.28,0.296,1.132,1.985,3.118,9.95,0.871,-0.0,584.04,0.0,495.7,584.04,34.455,16.38,"[584.04, 518, 559.11, 495.7]","[3, 3, 4, 3]",13
assembly_1,4,0.55,subgraph_mip,blended,200,343,1105,75,6.79,0.296,1.019,1.272,2.291,13.54,0.903,3.67,586.13,0.36,502.2,586.13,31.528,15.57,"[502.2, 586.13, 520.92, 547.6]","[3, 3, 3, 4]",13
assembly_1,4,0.55,subgraph_mip,blended_union,200,343,1105,177,16.02,0.296,2.534,1.816,4.35,7.13,0.871,-0.0,584.04,0.0,495.7,584.04,34.455,16.38,"[584.04, 518, 559.11, 495.7]","[3, 3, 4, 3]",13
assembly_1,4,0.55,subgraph_mip,diverse,200,343,1105,909,82.26,0.296,0.155,93.709,93.864,0.33,0.871,-0.0,584.04,0.0,495.7,584.04,34.455,16.38,"[584.04, 518, 559.11, 495.7]","[3, 3, 4, 3]",13
assembly_1,4,0.55,subgraph_mip,edge_weight,500,343,1105,108,9.77,0.296,1.661,0.753,2.414,12.85,0.871,-0.0,584.04,0.0,495.7,584.04,34.455,16.38,"[584.04, 518, 559.11, 495.7]","[3, 3, 4, 3]",13
assembly_1,4,0.55,subgraph_mip,time_balanced_weight,500,343,1105,153,13.85,0.296,1.186,9.895,11.081,2.8,1.0116,16.14,581.12,-0.5,495.7,581.12,34.44,15.84,"[495.7, 516.63, 581.12, 563.4]","[3, 3, 3, 4]",13
assembly_1,4,0.55,subgraph_mip,combined,500,343,1105,257,23.26,0.296,2.805,2.553,5.358,5.79,0.871,-0.0,584.04,0.0,495.7,584.04,34.455,16.38,"[584.04, 518, 559.11, 495.7]","[3, 3, 4, 3]",13
assembly_1,4,0.55,subgraph_mip,blended,500,343,1105,114,10.32,0.296,2.169,1.585,3.753,8.26,0.8886,2.02,581.12,-0.5,511.5,581.12,27.859,12.91,"[581.12, 516.63, 511.5, 547.6]","[3, 3, 3, 4]",13
assembly_1,4,0.55,subgraph_mip,blended_union,500,343,1105,245,22.17,0.296,6.005,3.655,9.66,3.21,0.871,-0.0,584.04,0.0,495.7,584.04,34.455,16.38,"[584.04, 518, 559.11, 495.7]","[3, 3, 4, 3]",13
assembly_1,4,0.55,subgraph_mip,diverse,500,343,1105,1051,95.11,0.296,0.472,121.135,121.608,0.25,0.871,-0.0,584.04,0.0,495.7,584.04,34.455,16.38,"[584.04, 518, 559.11, 495.7]","[3, 3, 4, 3]",13
assembly_1,4,0.55,subgraph_mip,edge_weight,1000,343,1105,142,12.85,0.296,3.546,1.762,5.307,5.84,0.871,-0.0,584.04,0.0,495.7,584.04,34.455,16.38,"[584.04, 518, 559.11, 495.7]","[3, 3, 4, 3]",13
assembly_1,4,0.55,subgraph_mip,time_balanced_weight,1000,343,1105,211,19.1,0.296,2.798,7.392,10.19,3.04,1.0096,15.91,581.12,-0.5,495.7,581.12,34.44,15.84,"[495.7, 516.63, 581.12, 563.4]","[3, 3, 3, 4]",13
assembly_1,4,0.55,subgraph_mip,combined,1000,343,1105,346,31.31,0.296,6.279,2.577,8.856,3.5,0.871,-0.0,584.04,0.0,495.7,584.04,34.455,16.38,"[584.04, 518, 559.11, 495.7]","[3, 3, 4, 3]",13
assembly_1,4,0.55,subgraph_mip,blended,1000,343,1105,171,15.48,0.296,4.358,2.752,7.11,4.36,0.8828,1.35,574.62,-1.61,502.2,574.62,29.643,13.43,"[502.2, 561.11, 574.62, 518.92]","[3, 4, 3, 3]",13
assembly_1,4,0.55,subgraph_mip,blended_union,1000,343,1105,297,26.88,0.296,12.476,9.044,21.521,1.44,0.871,-0.0,584.04,0.0,495.7,584.04,34.455,16.38,"[584.04, 518, 559.11, 495.7]","[3, 3, 4, 3]",13
assembly_1,4,0.55,subgraph_mip,diverse,1000,343,1105,1103,99.82,0.296,1.078,53.166,54.244,0.57,0.871,-0.0,584.04,0.0,495.7,584.04,34.455,16.38,"[584.04, 518, 559.11, 495.7]","[3, 3, 4, 3]",13
assembly_1,4,0.55,subgraph_mip,edge_weight,2000,343,1105,185,16.74,0.296,7.884,1.608,9.493,3.27,0.871,-0.0,584.04,0.0,495.7,584.04,34.455,16.38,"[584.04, 518, 559.11, 495.7]","[3, 3, 4, 3]",13
assembly_1,4,0.55,subgraph_mip,time_balanced_weight,2000,343,1105,292,26.43,0.296,6.649,19.807,26.457,1.17,1.0096,15.91,581.12,-0.5,495.7,581.12,34.44,15.84,"[495.7, 516.63, 581.12, 563.4]","[3, 3, 3, 4]",13
assembly_1,4,0.55,subgraph_mip,combined,2000,343,1105,460,41.63,0.296,14.44,19.639,34.079,0.91,0.871,-0.0,584.04,0.0,495.7,584.04,34.455,16.38,"[584.04, 518, 559.11, 495.7]","[3, 3, 4, 3]",13
assembly_1,4,0.55,subgraph_mip,blended,2000,343,1105,257,23.26,0.296,9.705,4.074,13.778,2.25,0.8752,0.48,581.12,-0.5,509.5,581.12,30.235,13.28,"[581.12, 511.4, 554.83, 509.5]","[3, 3, 4, 3]",13
assembly_1,4,0.55,subgraph_mip,blended_union,2000,343,1105,410,37.1,0.296,28.983,20.345,49.328,0.63,0.871,-0.0,584.04,0.0,495.7,584.04,34.455,16.38,"[584.04, 518, 559.11, 495.7]","[3, 3, 4, 3]",13
assembly_1,4,0.55,subgraph_mip,diverse,2000,343,1105,1105,100.0,0.296,2.185,36.526,38.712,0.8,0.871,0.0,584.04,0.0,495.7,584.04,34.455,16.38,"[584.04, 518, 559.11, 495.7]","[3, 3, 4, 3]",13
assembly_1,4,0.55,subgraph_mip,edge_weight,5000,343,1105,232,21.0,0.296,33.826,17.028,50.854,0.61,0.871,-0.0,584.04,0.0,495.7,584.04,34.455,16.38,"[584.04, 518, 559.11, 495.7]","[3, 3, 4, 3]",13
assembly_1,4,0.55,subgraph_mip,time_balanced_weight,5000,343,1105,431,39.0,0.296,25.882,12.484,38.366,0.81,0.9703,11.4,581.12,-0.5,495.7,581.12,34.44,15.84,"[581.12, 516.63, 495.7, 563.4]","[3, 3, 3, 4]",13
assembly_1,4,0.55,subgraph_mip,combined,5000,343,1105,632,57.19,0.296,65.256,9.484,74.74,0.41,0.871,-0.0,584.04,0.0,495.7,584.04,34.455,16.38,"[584.04, 518, 559.11, 495.7]","[3, 3, 4, 3]",13
assembly_1,4,0.55,subgraph_mip,blended,5000,343,1105,413,37.38,0.296,39.406,10.215,49.621,0.62,0.8726,0.18,584.04,0.0,495.7,584.04,34.455,16.38,"[584.04, 518, 559.11, 495.7]","[3, 3, 4, 3]",13
assembly_1,4,0.55,subgraph_mip,blended_union,5000,343,1105,525,47.51,0.296,110.323,58.378,168.701,0.18,0.871,-0.0,584.04,0.0,495.7,584.04,34.455,16.38,"[584.04, 518, 559.11, 495.7]","[3, 3, 4, 3]",13
assembly_1,4,0.55,subgraph_mip,diverse,5000,343,1105,1105,100.0,0.296,5.48,35.732,41.213,0.75,0.871,0.0,584.04,0.0,495.7,584.04,34.455,16.38,"[584.04, 518, 559.11, 495.7]","[3, 3, 4, 3]",13
assembly_1,4,0.6,full_mip,—,,343,1105,1105,100.0,0.379,0.0,62.827,62.827,1.0,0.8745,0.0,584.04,0.0,495.7,584.04,34.455,16.38,"[584.04, 518, 559.11, 495.7]","[3, 3, 4, 3]",13
assembly_1,4,0.6,subgraph_mip,edge_weight,1,343,1105,13,1.18,0.379,0.001,0.052,0.054,1172.58,0.8745,-0.0,584.04,0.0,495.7,584.04,34.455,16.38,"[584.04, 518, 559.11, 495.7]","[3, 3, 4, 3]",13
assembly_1,4,0.6,subgraph_mip,time_balanced_weight,1,343,1105,13,1.18,0.379,0.001,0.042,0.043,1467.95,1.0225,16.93,597.84,2.36,398.88,597.84,81.458,36.9,"[586.13, 574, 398.88, 597.84]","[3, 3, 4, 3]",13
assembly_1,4,0.6,subgraph_mip,combined,1,343,1105,26,2.35,0.379,0.002,1.202,1.204,52.19,0.8745,-0.0,584.04,0.0,495.7,584.04,34.455,16.38,"[584.04, 518, 559.11, 495.7]","[3, 3, 4, 3]",13
assembly_1,4,0.6,subgraph_mip,blended,1,343,1105,13,1.18,0.379,0.001,0.173,0.174,360.08,0.9033,3.29,586.13,0.36,502.2,586.13,31.528,15.57,"[502.2, 586.13, 520.92, 547.6]","[3, 3, 3, 4]",13
assembly_1,4,0.6,subgraph_mip,blended_union,1,343,1105,37,3.35,0.379,0.012,0.86,0.872,72.03,0.8745,-0.0,584.04,0.0,495.7,584.04,34.455,16.38,"[584.04, 518, 559.11, 495.7]","[3, 3, 4, 3]",13
assembly_1,4,0.6,subgraph_mip,diverse,1,343,1105,13,1.18,0.379,0.004,0.147,0.151,415.23,0.9033,3.29,586.13,0.36,502.2,586.13,31.528,15.57,"[502.2, 586.13, 520.92, 547.6]","[3, 3, 3, 4]",13
assembly_1,4,0.6,subgraph_mip,edge_weight,2,343,1105,15,1.36,0.379,0.004,0.172,0.176,357.66,0.8745,-0.0,584.04,0.0,495.7,584.04,34.455,16.38,"[584.04, 518, 559.11, 495.7]","[3, 3, 4, 3]",13
assembly_1,4,0.6,subgraph_mip,time_balanced_weight,2,343,1105,15,1.36,0.379,0.003,0.156,0.159,394.7,1.0225,16.93,597.84,2.36,398.88,597.84,81.458,36.9,"[586.13, 574, 398.88, 597.84]","[3, 3, 4, 3]",13
assembly_1,4,0.6,subgraph_mip,combined,2,343,1105,30,2.71,0.379,0.012,0.353,0.365,172.01,0.8745,-0.0,584.04,0.0,495.7,584.04,34.455,16.38,"[584.04, 518, 559.11, 495.7]","[3, 3, 4, 3]",13
assembly_1,4,0.6,subgraph_mip,blended,2,343,1105,15,1.36,0.379,0.01,0.317,0.327,191.92,0.9033,3.29,586.13,0.36,502.2,586.13,31.528,15.57,"[502.2, 586.13, 520.92, 547.6]","[3, 3, 3, 4]",13
assembly_1,4,0.6,subgraph_mip,blended_union,2,343,1105,43,3.89,0.379,0.047,1.152,1.199,52.38,0.8745,0.0,584.04,0.0,495.7,584.04,34.455,16.38,"[584.04, 518, 559.11, 495.7]","[3, 3, 4, 3]",13
assembly_1,4,0.6,subgraph_mip,diverse,2,343,1105,26,2.35,0.379,0.012,0.336,0.347,180.9,0.9033,3.29,586.13,0.36,502.2,586.13,31.528,15.57,"[502.2, 586.13, 520.92, 547.6]","[3, 3, 3, 4]",13
assembly_1,4,0.6,subgraph_mip,edge_weight,5,343,1105,21,1.9,0.379,0.036,0.358,0.394,159.32,0.8745,-0.0,584.04,0.0,495.7,584.04,34.455,16.38,"[584.04, 518, 559.11, 495.7]","[3, 3, 4, 3]",13
assembly_1,4,0.6,subgraph_mip,time_balanced_weight,5,343,1105,27,2.44,0.379,0.024,0.815,0.839,74.86,1.0138,15.93,586.13,0.36,412.68,586.13,73.197,32.17,"[586.13, 574, 584.04, 412.68]","[3, 3, 3, 4]",13
assembly_1,4,0.6,subgraph_mip,combined,5,343,1105,48,4.34,0.379,0.069,0.734,0.803,78.29,0.8745,-0.0,584.04,0.0,495.7,584.04,34.455,16.38,"[584.04, 518, 559.11, 495.7]","[3, 3, 4, 3]",13
assembly_1,4,0.6,subgraph_mip,blended,5,343,1105,21,1.9,0.379,0.05,0.291,0.341,184.4,0.9033,3.29,586.13,0.36,502.2,586.13,31.528,15.57,"[502.2, 586.13, 520.92, 547.6]","[3, 3, 3, 4]",13
assembly_1,4,0.6,subgraph_mip,blended_union,5,343,1105,60,5.43,0.379,0.166,1.197,1.363,46.09,0.8745,0.0,584.04,0.0,495.7,584.04,34.455,16.38,"[584.04, 518, 559.11, 495.7]","[3, 3, 4, 3]",13
assembly_1,4,0.6,subgraph_mip,diverse,5,343,1105,65,5.88,0.379,0.025,0.382,0.408,154.12,0.9033,3.29,586.13,0.36,502.2,586.13,31.528,15.57,"[502.2, 586.13, 520.92, 547.6]","[3, 3, 3, 4]",13
assembly_1,4,0.6,subgraph_mip,edge_weight,10,343,1105,24,2.17,0.379,0.048,0.287,0.335,187.65,0.8745,-0.0,584.04,0.0,495.7,584.04,34.455,16.38,"[584.04, 518, 559.11, 495.7]","[3, 3, 4, 3]",13
assembly_1,4,0.6,subgraph_mip,time_balanced_weight,10,343,1105,38,3.44,0.379,0.016,0.413,0.429,146.54,1.0098,15.48,586.13,0.36,453.4,586.13,51.942,24.62,"[586.13, 574, 543.32, 453.4]","[3, 3, 4, 3]",13
assembly_1,4,0.6,subgraph_mip,combined,10,343,1105,62,5.61,0.379,0.042,0.585,0.626,100.3,0.8745,0.0,584.04,0.0,495.7,584.04,34.455,16.38,"[584.04, 518, 559.11, 495.7]","[3, 3, 4, 3]",13
assembly_1,4,0.6,subgraph_mip,blended,10,343,1105,24,2.17,0.379,0.042,0.436,0.478,131.5,0.9033,3.29,586.13,0.36,502.2,586.13,31.528,15.57,"[502.2, 586.13, 520.92, 547.6]","[3, 3, 3, 4]",13
assembly_1,4,0.6,subgraph_mip,blended_union,10,343,1105,76,6.88,0.379,0.172,0.606,0.778,80.74,0.8745,-0.0,584.04,0.0,495.7,584.04,34.455,16.38,"[584.04, 518, 559.11, 495.7]","[3, 3, 4, 3]",13
assembly_1,4,0.6,subgraph_mip,diverse,10,343,1105,126,11.4,0.379,0.024,1.003,1.027,61.15,0.9033,3.29,586.13,0.36,502.2,586.13,31.528,15.57,"[502.2, 586.13, 520.92, 547.6]","[3, 3, 3, 4]",13
assembly_1,4,0.6,subgraph_mip,edge_weight,20,343,1105,35,3.17,0.379,0.077,0.27,0.347,181.14,0.8745,0.0,584.04,0.0,495.7,584.04,34.455,16.38,"[584.04, 518, 559.11, 495.7]","[3, 3, 4, 3]",13
assembly_1,4,0.6,subgraph_mip,time_balanced_weight,20,343,1105,42,3.8,0.379,0.059,1.443,1.501,41.84,1.0098,15.48,586.13,0.36,453.4,586.13,51.942,24.62,"[586.13, 574, 543.32, 453.4]","[3, 3, 4, 3]",13
assembly_1,4,0.6,subgraph_mip,combined,20,343,1105,77,6.97,0.379,0.124,1.018,1.141,55.04,0.8745,-0.0,584.04,0.0,495.7,584.04,34.455,16.38,"[584.04, 518, 559.11, 495.7]","[3, 3, 4, 3]",13
assembly_1,4,0.6,subgraph_mip,blended,20,343,1105,30,2.71,0.379,0.066,0.594,0.66,95.2,0.9033,3.29,586.13,0.36,502.2,586.13,31.528,15.57,"[502.2, 586.13, 520.92, 547.6]","[3, 3, 3, 4]",13
assembly_1,4,0.6,subgraph_mip,blended_union,20,343,1105,92,8.33,0.379,0.257,0.678,0.935,67.21,0.8745,-0.0,584.04,0.0,495.7,584.04,34.455,16.38,"[584.04, 518, 559.11, 495.7]","[3, 3, 4, 3]",13
assembly_1,4,0.6,subgraph_mip,diverse,20,343,1105,239,21.63,0.379,0.028,1.397,1.425,44.1,0.8773,0.33,581.12,-0.5,495.7,581.12,36.361,15.84,"[581.12, 511.4, 568.63, 495.7]","[3, 3, 4, 3]",13
assembly_1,4,0.6,subgraph_mip,edge_weight,50,343,1105,54,4.89,0.379,0.213,0.679,0.892,70.42,0.8745,0.0,584.04,0.0,495.7,584.04,34.455,16.38,"[584.04, 518, 559.11, 495.7]","[3, 3, 4, 3]",13
assembly_1,4,0.6,subgraph_mip,time_balanced_weight,50,343,1105,63,5.7,0.379,0.108,0.787,0.895,70.21,1.0098,15.48,586.13,0.36,453.4,586.13,51.942,24.62,"[586.13, 574, 543.32, 453.4]","[3, 3, 4, 3]",13
assembly_1,4,0.6,subgraph_mip,combined,50,343,1105,116,10.5,0.379,0.353,1.674,2.027,30.99,0.8745,-0.0,584.04,0.0,495.7,584.04,34.455,16.38,"[584.04, 518, 559.11, 495.7]","[3, 3, 4, 3]",13
assembly_1,4,0.6,subgraph_mip,blended,50,343,1105,38,3.44,0.379,0.352,0.272,0.624,100.68,0.9033,3.29,586.13,0.36,502.2,586.13,31.528,15.57,"[502.2, 586.13, 520.92, 547.6]","[3, 3, 3, 4]",13
assembly_1,4,0.6,subgraph_mip,blended_union,50,343,1105,125,11.31,0.379,0.719,1.994,2.713,23.16,0.8745,-0.0,584.04,0.0,495.7,584.04,34.455,16.38,"[584.04, 518, 559.11, 495.7]","[3, 3, 4, 3]",13
assembly_1,4,0.6,subgraph_mip,diverse,50,343,1105,507,45.88,0.379,0.045,9.365,9.41,6.68,0.8757,0.14,584.04,0.0,495.7,584.04,37.791,16.38,"[584.04, 508.48, 568.63, 495.7]","[3, 3, 4, 3]",13
assembly_1,4,0.6,subgraph_mip,edge_weight,100,343,1105,78,7.06,0.379,0.339,0.805,1.145,54.88,0.8745,-0.0,584.04,0.0,495.7,584.04,34.455,16.38,"[584.04, 518, 559.11, 495.7]","[3, 3, 4, 3]",13
assembly_1,4,0.6,subgraph_mip,time_balanced_weight,100,343,1105,86,7.78,0.379,0.219,1.727,1.946,32.28,1.0084,15.31,586.13,0.36,453.4,586.13,51.942,24.62,"[586.13, 574, 543.32, 453.4]","[3, 3, 4, 3]",13
assembly_1,4,0.6,subgraph_mip,combined,100,343,1105,162,14.66,0.379,0.571,1.041,1.611,38.99,0.8745,-0.0,584.04,0.0,495.7,584.04,34.455,16.38,"[584.04, 518, 559.11, 495.7]","[3, 3, 4, 3]",13
assembly_1,4,0.6,subgraph_mip,blended,100,343,1105,66,5.97,0.379,0.364,0.535,0.899,69.87,0.9033,3.29,586.13,0.36,502.2,586.13,31.528,15.57,"[502.2, 586.13, 520.92, 547.6]","[3, 3, 3, 4]",13
assembly_1,4,0.6,subgraph_mip,blended_union,100,343,1105,153,13.85,0.379,1.219,1.947,3.166,19.85,0.8745,-0.0,584.04,0.0,495.7,584.04,34.455,16.38,"[584.04, 518, 559.11, 495.7]","[3, 3, 4, 3]",13
assembly_1,4,0.6,subgraph_mip,diverse,100,343,1105,749,67.78,0.379,0.095,16.206,16.301,3.85,0.8757,0.14,584.04,0.0,495.7,584.04,37.791,16.38,"[584.04, 508.48, 568.63, 495.7]","[3, 3, 4, 3]",13
assembly_1,4,0.6,subgraph_mip,edge_weight,200,343,1105,95,8.6,0.379,0.562,1.222,1.784,35.21,0.8745,-0.0,584.04,0.0,495.7,584.04,34.455,16.38,"[584.04, 518, 559.11, 495.7]","[3, 3, 4, 3]",13
assembly_1,4,0.6,subgraph_mip,time_balanced_weight,200,343,1105,111,10.05,0.379,0.413,6.344,6.757,9.3,1.0036,14.77,586.13,0.36,453.4,586.13,53.222,24.62,"[586.13, 536.2, 581.12, 453.4]","[3, 4, 3, 3]",13
assembly_1,4,0.6,subgraph_mip,combined,200,343,1105,202,18.28,0.379,1.053,4.771,5.824,10.79,0.8745,-0.0,584.04,0.0,495.7,584.04,34.455,16.38,"[584.04, 518, 559.11, 495.7]","[3, 3, 4, 3]",13
assembly_1,4,0.6,subgraph_mip,blended,200,343,1105,79,7.15,0.379,0.787,1.442,2.23,28.18,0.9033,3.29,586.13,0.36,502.2,586.13,31.528,15.57,"[502.2, 586.13, 520.92, 547.6]","[3, 3, 3, 4]",13
assembly_1,4,0.6,subgraph_mip,blended_union,200,343,1105,177,16.02,0.379,2.4,3.286,5.687,11.05,0.8745,-0.0,584.04,0.0,495.7,584.04,34.455,16.38,"[584.04, 518, 559.11, 495.7]","[3, 3, 4, 3]",13
assembly_1,4,0.6,subgraph_mip,diverse,200,343,1105,911,82.44,0.379,0.372,156.349,156.721,0.4,0.8757,0.14,584.04,0.0,495.7,584.04,34.455,16.38,"[584.04, 518, 559.11, 495.7]","[3, 3, 4, 3]",13
assembly_1,4,0.6,subgraph_mip,edge_weight,500,343,1105,108,9.77,0.379,1.672,1.202,2.874,21.86,0.8745,0.0,584.04,0.0,495.7,584.04,34.455,16.38,"[584.04, 518, 559.11, 495.7]","[3, 3, 4, 3]",13
assembly_1,4,0.6,subgraph_mip,time_balanced_weight,500,343,1105,153,13.85,0.379,1.062,4.305,5.367,11.71,0.9989,14.23,581.12,-0.5,495.7,581.12,34.44,15.84,"[495.7, 516.63, 581.12, 563.4]","[3, 3, 3, 4]",13
assembly_1,4,0.6,subgraph_mip,combined,500,343,1105,257,23.26,0.379,2.812,6.614,9.426,6.66,0.8745,0.0,584.04,0.0,495.7,584.04,34.455,16.38,"[584.04, 518, 559.11, 495.7]","[3, 3, 4, 3]",13
assembly_1,4,0.6,subgraph_mip,blended,500,343,1105,89,8.05,0.379,2.23,0.918,3.148,19.96,0.9033,3.29,586.13,0.36,502.2,586.13,31.528,15.57,"[502.2, 586.13, 520.92, 547.6]","[3, 3, 3, 4]",13
assembly_1,4,0.6,subgraph_mip,blended_union,500,343,1105,245,22.17,0.379,6.788,3.679,10.468,6.0,0.8745,-0.0,584.04,0.0,495.7,584.04,34.455,16.38,"[584.04, 518, 559.11, 495.7]","[3, 3, 4, 3]",13
assembly_1,4,0.6,subgraph_mip,diverse,500,343,1105,1045,94.57,0.379,0.585,60.928,61.513,1.02,0.8745,-0.0,584.04,0.0,495.7,584.04,34.455,16.38,"[584.04, 518, 559.11, 495.7]","[3, 3, 4, 3]",13
assembly_1,4,0.6,subgraph_mip,edge_weight,1000,343,1105,142,12.85,0.379,3.441,2.188,5.63,11.16,0.8745,0.0,584.04,0.0,495.7,584.04,34.455,16.38,"[584.04, 518, 559.11, 495.7]","[3, 3, 4, 3]",13
assembly_1,4,0.6,subgraph_mip,time_balanced_weight,1000,343,1105,211,19.1,0.379,2.624,12.068,14.691,4.28,0.9971,14.03,581.12,-0.5,495.7,581.12,34.44,15.84,"[495.7, 516.63, 581.12, 563.4]","[3, 3, 3, 4]",13
assembly_1,4,0.6,subgraph_mip,combined,1000,343,1105,346,31.31,0.379,7.146,4.063,11.209,5.61,0.8745,-0.0,584.04,0.0,495.7,584.04,34.455,16.38,"[584.04, 518, 559.11, 495.7]","[3, 3, 4, 3]",13
assembly_1,4,0.6,subgraph_mip,blended,1000,343,1105,159,14.39,0.379,4.881,2.685,7.566,8.3,0.8833,1.01,574.62,-1.61,502.2,574.62,29.643,13.43,"[502.2, 561.11, 574.62, 518.92]","[3, 4, 3, 3]",13
assembly_1,4,0.6,subgraph_mip,blended_union,1000,343,1105,297,26.88,0.379,12.663,8.081,20.744,3.03,0.8745,-0.0,584.04,0.0,495.7,584.04,34.455,16.38,"[584.04, 518, 559.11, 495.7]","[3, 3, 4, 3]",13
assembly_1,4,0.6,subgraph_mip,diverse,1000,343,1105,1100,99.55,0.379,1.206,81.113,82.319,0.76,0.8745,-0.0,584.04,0.0,495.7,584.04,34.455,16.38,"[584.04, 518, 559.11, 495.7]","[3, 3, 4, 3]",13
assembly_1,4,0.6,subgraph_mip,edge_weight,2000,343,1105,185,16.74,0.379,8.348,1.981,10.329,6.08,0.8745,0.0,584.04,0.0,495.7,584.04,34.455,16.38,"[584.04, 518, 559.11, 495.7]","[3, 3, 4, 3]",13
assembly_1,4,0.6,subgraph_mip,time_balanced_weight,2000,343,1105,292,26.43,0.379,6.933,25.516,32.449,1.94,0.9971,14.03,581.12,-0.5,495.7,581.12,34.44,15.84,"[495.7, 516.63, 581.12, 563.4]","[3, 3, 3, 4]",13
assembly_1,4,0.6,subgraph_mip,combined,2000,343,1105,460,41.63,0.379,16.671,6.469,23.139,2.72,0.8745,-0.0,584.04,0.0,495.7,584.04,34.455,16.38,"[584.04, 518, 559.11, 495.7]","[3, 3, 4, 3]",13
assembly_1,4,0.6,subgraph_mip,blended,2000,343,1105,230,20.81,0.379,11.405,3.068,14.473,4.34,0.8833,1.01,574.62,-1.61,502.2,574.62,29.643,13.43,"[502.2, 561.11, 574.62, 518.92]","[3, 4, 3, 3]",13
assembly_1,4,0.6,subgraph_mip,blended_union,2000,343,1105,410,37.1,0.379,31.49,23.373,54.863,1.15,0.8745,-0.0,584.04,0.0,495.7,584.04,34.455,16.38,"[584.04, 518, 559.11, 495.7]","[3, 3, 4, 3]",13
assembly_1,4,0.6,subgraph_mip,diverse,2000,343,1105,1105,100.0,0.379,2.198,76.246,78.444,0.8,0.8745,0.0,584.04,0.0,495.7,584.04,34.455,16.38,"[584.04, 518, 559.11, 495.7]","[3, 3, 4, 3]",13
assembly_1,4,0.6,subgraph_mip,edge_weight,5000,343,1105,232,21.0,0.379,32.697,3.334,36.031,1.74,0.8745,-0.0,584.04,0.0,495.7,584.04,34.455,16.38,"[584.04, 518, 559.11, 495.7]","[3, 3, 4, 3]",13
assembly_1,4,0.6,subgraph_mip,time_balanced_weight,5000,343,1105,431,39.0,0.379,24.993,20.577,45.569,1.38,0.9622,10.03,581.12,-0.5,495.7,581.12,34.44,15.84,"[581.12, 516.63, 495.7, 563.4]","[3, 3, 3, 4]",13
assembly_1,4,0.6,subgraph_mip,combined,5000,343,1105,632,57.19,0.379,57.644,41.385,99.028,0.63,0.8745,-0.0,584.04,0.0,495.7,584.04,34.455,16.38,"[584.04, 518, 559.11, 495.7]","[3, 3, 4, 3]",13
assembly_1,4,0.6,subgraph_mip,blended,5000,343,1105,355,32.13,0.379,43.293,5.632,48.924,1.28,0.877,0.29,584.04,0.0,495.7,584.04,37.791,16.38,"[584.04, 508.48, 568.63, 495.7]","[3, 3, 4, 3]",13
assembly_1,4,0.6,subgraph_mip,blended_union,5000,343,1105,525,47.51,0.379,117.271,37.33,154.601,0.41,0.8745,-0.0,584.04,0.0,495.7,584.04,34.455,16.38,"[584.04, 518, 559.11, 495.7]","[3, 3, 4, 3]",13
assembly_1,4,0.6,subgraph_mip,diverse,5000,343,1105,1105,100.0,0.379,5.606,56.711,62.317,1.01,0.8745,0.0,584.04,0.0,495.7,584.04,34.455,16.38,"[584.04, 518, 559.11, 495.7]","[3, 3, 4, 3]",13
assembly_1,4,0.65,full_mip,—,,343,1105,1105,100.0,0.309,0.0,95.765,95.765,1.0,0.8777,0.0,581.12,0.0,495.7,581.12,33.091,15.84,"[581.12, 520.92, 559.11, 495.7]","[3, 3, 4, 3]",13
assembly_1,4,0.65,subgraph_mip,edge_weight,1,343,1105,13,1.18,0.309,0.001,0.042,0.043,2208.23,0.8779,0.03,584.04,0.5,495.7,584.04,34.455,16.38,"[584.04, 518, 559.11, 495.7]","[3, 3, 4, 3]",13
assembly_1,4,0.65,subgraph_mip,time_balanced_weight,1,343,1105,13,1.18,0.309,0.001,0.109,0.11,870.43,1.0101,15.1,597.84,2.88,398.88,597.84,81.458,36.9,"[586.13, 574, 398.88, 597.84]","[3, 3, 4, 3]",13
assembly_1,4,0.65,subgraph_mip,combined,1,343,1105,26,2.35,0.309,0.001,0.249,0.251,381.58,0.8779,0.03,584.04,0.5,495.7,584.04,34.455,16.38,"[584.04, 518, 559.11, 495.7]","[3, 3, 4, 3]",13
assembly_1,4,0.65,subgraph_mip,blended,1,343,1105,13,1.18,0.309,0.002,0.134,0.135,707.38,0.9464,7.83,574.62,-1.12,518.92,574.62,22.439,10.33,"[542.48, 520.83, 574.62, 518.92]","[4, 3, 3, 3]",13
assembly_1,4,0.65,subgraph_mip,blended_union,1,343,1105,37,3.35,0.309,0.024,1.35,1.375,69.66,0.8779,0.03,584.04,0.5,495.7,584.04,34.455,16.38,"[584.04, 518, 559.11, 495.7]","[3, 3, 4, 3]",13
assembly_1,4,0.65,subgraph_mip,diverse,1,343,1105,13,1.18,0.309,0.008,0.188,0.196,489.54,0.9464,7.83,574.62,-1.12,518.92,574.62,22.439,10.33,"[542.48, 520.83, 574.62, 518.92]","[4, 3, 3, 3]",13
assembly_1,4,0.65,subgraph_mip,edge_weight,2,343,1105,15,1.36,0.309,0.007,0.171,0.178,538.25,0.8779,0.03,584.04,0.5,495.7,584.04,34.455,16.38,"[584.04, 518, 559.11, 495.7]","[3, 3, 4, 3]",13
assembly_1,4,0.65,subgraph_mip,time_balanced_weight,2,343,1105,15,1.36,0.309,0.003,0.058,0.061,1559.94,1.0101,15.1,597.84,2.88,398.88,597.84,81.458,36.9,"[586.13, 574, 398.88, 597.84]","[3, 3, 4, 3]",13
assembly_1,4,0.65,subgraph_mip,combined,2,343,1105,30,2.71,0.309,0.006,0.436,0.443,216.31,0.8779,0.03,584.04,0.5,495.7,584.04,34.455,16.38,"[584.04, 518, 559.11, 495.7]","[3, 3, 4, 3]",13
assembly_1,4,0.65,subgraph_mip,blended,2,343,1105,15,1.36,0.309,0.004,0.281,0.285,335.52,0.9464,7.83,574.62,-1.12,518.92,574.62,22.439,10.33,"[542.48, 520.83, 574.62, 518.92]","[4, 3, 3, 3]",13
assembly_1,4,0.65,subgraph_mip,blended_union,2,343,1105,43,3.89,0.309,0.022,0.932,0.953,100.44,0.8779,0.03,584.04,0.5,495.7,584.04,34.455,16.38,"[584.04, 518, 559.11, 495.7]","[3, 3, 4, 3]",13
assembly_1,4,0.65,subgraph_mip,diverse,2,343,1105,26,2.35,0.309,0.005,2.202,2.207,43.39,0.9035,2.95,586.13,0.86,502.2,586.13,31.528,15.57,"[502.2, 586.13, 520.92, 547.6]","[3, 3, 3, 4]",13
assembly_1,4,0.65,subgraph_mip,edge_weight,5,343,1105,21,1.9,0.309,0.013,0.147,0.16,599.54,0.8779,0.03,584.04,0.5,495.7,584.04,34.455,16.38,"[584.04, 518, 559.11, 495.7]","[3, 3, 4, 3]",13
assembly_1,4,0.65,subgraph_mip,time_balanced_weight,5,343,1105,27,2.44,0.309,0.008,1.37,1.378,69.5,1.0002,13.96,586.13,0.86,412.68,586.13,73.197,32.17,"[586.13, 574, 584.04, 412.68]","[3, 3, 3, 4]",13
assembly_1,4,0.65,subgraph_mip,combined,5,343,1105,48,4.34,0.309,0.033,0.361,0.395,242.74,0.8779,0.03,584.04,0.5,495.7,584.04,34.455,16.38,"[584.04, 518, 559.11, 495.7]","[3, 3, 4, 3]",13
assembly_1,4,0.65,subgraph_mip,blended,5,343,1105,19,1.72,0.309,0.025,0.345,0.369,259.4,0.9464,7.83,574.62,-1.12,518.92,574.62,22.439,10.33,"[542.48, 520.83, 574.62, 518.92]","[4, 3, 3, 3]",13
assembly_1,4,0.65,subgraph_mip,blended_union,5,343,1105,60,5.43,0.309,0.095,1.276,1.372,69.82,0.8779,0.03,584.04,0.5,495.7,584.04,34.455,16.38,"[584.04, 518, 559.11, 495.7]","[3, 3, 4, 3]",13
assembly_1,4,0.65,subgraph_mip,diverse,5,343,1105,65,5.88,0.309,0.007,0.307,0.314,304.81,0.9035,2.95,586.13,0.86,502.2,586.13,31.528,15.57,"[502.2, 586.13, 520.92, 547.6]","[3, 3, 3, 4]",13
assembly_1,4,0.65,subgraph_mip,edge_weight,10,343,1105,24,2.17,0.309,0.035,0.174,0.208,459.39,0.8779,0.03,584.04,0.5,495.7,584.04,34.455,16.38,"[584.04, 518, 559.11, 495.7]","[3, 3, 4, 3]",13
assembly_1,4,0.65,subgraph_mip,time_balanced_weight,10,343,1105,38,3.44,0.309,0.016,0.377,0.394,243.22,0.9968,13.57,586.13,0.86,453.4,586.13,51.942,24.62,"[586.13, 574, 543.32, 453.4]","[3, 3, 4, 3]",13
assembly_1,4,0.65,subgraph_mip,combined,10,343,1105,62,5.61,0.309,0.066,1.103,1.169,81.92,0.8779,0.03,584.04,0.5,495.7,584.04,34.455,16.38,"[584.04, 518, 559.11, 495.7]","[3, 3, 4, 3]",13
assembly_1,4,0.65,subgraph_mip,blended,10,343,1105,23,2.08,0.309,0.034,0.534,0.568,168.73,0.9464,7.83,574.62,-1.12,518.92,574.62,22.439,10.33,"[542.48, 520.83, 574.62, 518.92]","[4, 3, 3, 3]",13
assembly_1,4,0.65,subgraph_mip,blended_union,10,343,1105,76,6.88,0.309,0.093,0.88,0.973,98.47,0.8779,0.03,584.04,0.5,495.7,584.04,34.455,16.38,"[584.04, 518, 559.11, 495.7]","[3, 3, 4, 3]",13
assembly_1,4,0.65,subgraph_mip,diverse,10,343,1105,126,11.4,0.309,0.01,0.675,0.685,139.76,0.9035,2.95,586.13,0.86,502.2,586.13,31.528,15.57,"[502.2, 586.13, 520.92, 547.6]","[3, 3, 3, 4]",13
assembly_1,4,0.65,subgraph_mip,edge_weight,20,343,1105,35,3.17,0.309,0.076,0.78,0.856,111.89,0.8779,0.03,584.04,0.5,495.7,584.04,34.455,16.38,"[584.04, 518, 559.11, 495.7]","[3, 3, 4, 3]",13
assembly_1,4,0.65,subgraph_mip,time_balanced_weight,20,343,1105,42,3.8,0.309,0.035,0.556,0.591,161.94,0.9968,13.57,586.13,0.86,453.4,586.13,51.942,24.62,"[586.13, 574, 543.32, 453.4]","[3, 3, 4, 3]",13
assembly_1,4,0.65,subgraph_mip,combined,20,343,1105,77,6.97,0.309,0.141,0.718,0.859,111.54,0.8779,0.03,584.04,0.5,495.7,584.04,34.455,16.38,"[584.04, 518, 559.11, 495.7]","[3, 3, 4, 3]",13
assembly_1,4,0.65,subgraph_mip,blended,20,343,1105,28,2.53,0.309,0.091,0.867,0.958,99.96,0.9464,7.83,574.62,-1.12,518.92,574.62,22.439,10.33,"[542.48, 520.83, 574.62, 518.92]","[4, 3, 3, 3]",13
assembly_1,4,0.65,subgraph_mip,blended_union,20,343,1105,92,8.33,0.309,0.266,1.404,1.669,57.36,0.8779,0.03,584.04,0.5,495.7,584.04,34.455,16.38,"[584.04, 518, 559.11, 495.7]","[3, 3, 4, 3]",13
assembly_1,4,0.65,subgraph_mip,diverse,20,343,1105,239,21.63,0.309,0.02,2.813,2.833,33.8,0.8799,0.25,581.12,0.0,495.7,581.12,36.361,15.84,"[581.12, 511.4, 568.63, 495.7]","[3, 3, 4, 3]",13
assembly_1,4,0.65,subgraph_mip,edge_weight,50,343,1105,54,4.89,0.309,0.21,1.484,1.694,56.53,0.8779,0.03,584.04,0.5,495.7,584.04,34.455,16.38,"[584.04, 518, 559.11, 495.7]","[3, 3, 4, 3]",13
assembly_1,4,0.65,subgraph_mip,time_balanced_weight,50,343,1105,63,5.7,0.309,0.118,1.404,1.522,62.91,0.9968,13.57,586.13,0.86,453.4,586.13,51.942,24.62,"[586.13, 574, 543.32, 453.4]","[3, 3, 4, 3]",13
assembly_1,4,0.65,subgraph_mip,combined,50,343,1105,116,10.5,0.309,0.254,1.96,2.215,43.24,0.8779,0.03,584.04,0.5,495.7,584.04,34.455,16.38,"[584.04, 518, 559.11, 495.7]","[3, 3, 4, 3]",13
assembly_1,4,0.65,subgraph_mip,blended,50,343,1105,49,4.43,0.309,0.183,0.632,0.815,117.47,0.9035,2.95,586.13,0.86,502.2,586.13,31.528,15.57,"[502.2, 586.13, 520.92, 547.6]","[3, 3, 3, 4]",13
assembly_1,4,0.65,subgraph_mip,blended_union,50,343,1105,125,11.31,0.309,0.65,1.18,1.83,52.33,0.8779,0.03,584.04,0.5,495.7,584.04,34.455,16.38,"[584.04, 518, 559.11, 495.7]","[3, 3, 4, 3]",13
assembly_1,4,0.65,subgraph_mip,diverse,50,343,1105,505,45.7,0.309,0.055,9.375,9.43,10.16,0.8787,0.12,581.12,0.0,495.7,581.12,36.361,15.84,"[581.12, 511.4, 568.63, 495.7]","[3, 3, 4, 3]",13
assembly_1,4,0.65,subgraph_mip,edge_weight,100,343,1105,78,7.06,0.309,0.439,0.867,1.306,73.34,0.8779,0.03,584.04,0.5,495.7,584.04,34.455,16.38,"[584.04, 518, 559.11, 495.7]","[3, 3, 4, 3]",13
assembly_1,4,0.65,subgraph_mip,time_balanced_weight,100,343,1105,86,7.78,0.309,0.361,2.156,2.517,38.05,0.9955,13.43,586.13,0.86,453.4,586.13,51.942,24.62,"[586.13, 574, 543.32, 453.4]","[3, 3, 4, 3]",13
assembly_1,4,0.65,subgraph_mip,combined,100,343,1105,162,14.66,0.309,0.682,2.453,3.135,30.55,0.8779,0.03,584.04,0.5,495.7,584.04,34.455,16.38,"[584.04, 518, 559.11, 495.7]","[3, 3, 4, 3]",13
assembly_1,4,0.65,subgraph_mip,blended,100,343,1105,65,5.88,0.309,1.183,0.547,1.73,55.35,0.9035,2.95,586.13,0.86,502.2,586.13,31.528,15.57,"[502.2, 586.13, 520.92, 547.6]","[3, 3, 3, 4]",13
assembly_1,4,0.65,subgraph_mip,blended_union,100,343,1105,153,13.85,0.309,2.296,2.216,4.512,21.23,0.8779,0.03,584.04,0.5,495.7,584.04,34.455,16.38,"[584.04, 518, 559.11, 495.7]","[3, 3, 4, 3]",13
assembly_1,4,0.65,subgraph_mip,diverse,100,343,1105,741,67.06,0.309,0.069,38.587,38.656,2.48,0.8787,0.12,581.12,0.0,495.7,581.12,36.361,15.84,"[581.12, 511.4, 568.63, 495.7]","[3, 3, 4, 3]",13
assembly_1,4,0.65,subgraph_mip,edge_weight,200,343,1105,95,8.6,0.309,0.647,1.427,2.075,46.16,0.8779,0.03,584.04,0.5,495.7,584.04,34.455,16.38,"[584.04, 518, 559.11, 495.7]","[3, 3, 4, 3]",13
assembly_1,4,0.65,subgraph_mip,time_balanced_weight,200,343,1105,111,10.05,0.309,0.457,1.461,1.918,49.93,0.9914,12.96,586.13,0.86,453.4,586.13,53.222,24.62,"[586.13, 536.2, 581.12, 453.4]","[3, 4, 3, 3]",13
assembly_1,4,0.65,subgraph_mip,combined,200,343,1105,202,18.28,0.309,1.203,2.52,3.723,25.73,0.8779,0.03,584.04,0.5,495.7,584.04,34.455,16.38,"[584.04, 518, 559.11, 495.7]","[3, 3, 4, 3]",13
assembly_1,4,0.65,subgraph_mip,blended,200,343,1105,79,7.15,0.309,1.428,0.469,1.898,50.47,0.9035,2.95,586.13,0.86,502.2,586.13,31.528,15.57,"[502.2, 586.13, 520.92, 547.6]","[3, 3, 3, 4]",13
assembly_1,4,0.65,subgraph_mip,blended_union,200,343,1105,177,16.02,0.309,2.497,2.699,5.197,18.43,0.8779,0.03,584.04,0.5,495.7,584.04,34.455,16.38,"[584.04, 518, 559.11, 495.7]","[3, 3, 4, 3]",13
assembly_1,4,0.65,subgraph_mip,diverse,200,343,1105,902,81.63,0.309,0.221,146.525,146.746,0.65,0.8787,0.12,581.12,0.0,495.7,581.12,33.091,15.84,"[581.12, 520.92, 559.11, 495.7]","[3, 3, 4, 3]",13
assembly_1,4,0.65,subgraph_mip,edge_weight,500,343,1105,108,9.77,0.309,1.753,1.333,3.086,31.03,0.8777,0.0,581.12,0.0,495.7,581.12,33.091,15.84,"[581.12, 520.92, 559.11, 495.7]","[3, 3, 4, 3]",13
assembly_1,4,0.65,subgraph_mip,time_balanced_weight,500,343,1105,153,13.85,0.309,1.409,2.819,4.228,22.65,0.9862,12.37,581.12,0.0,495.7,581.12,34.44,15.84,"[495.7, 516.63, 581.12, 563.4]","[3, 3, 3, 4]",13
assembly_1,4,0.65,subgraph_mip,combined,500,343,1105,257,23.26,0.309,2.858,3.245,6.103,15.69,0.8777,0.0,581.12,0.0,495.7,581.12,33.091,15.84,"[581.12, 520.92, 559.11, 495.7]","[3, 3, 4, 3]",13
assembly_1,4,0.65,subgraph_mip,blended,500,343,1105,100,9.05,0.309,2.113,0.971,3.084,31.05,0.9035,2.95,586.13,0.86,502.2,586.13,31.528,15.57,"[502.2, 586.13, 520.92, 547.6]","[3, 3, 3, 4]",13
assembly_1,4,0.65,subgraph_mip,blended_union,500,343,1105,245,22.17,0.309,6.126,3.176,9.302,10.29,0.8777,-0.0,581.12,0.0,495.7,581.12,33.091,15.84,"[581.12, 520.92, 559.11, 495.7]","[3, 3, 4, 3]",13
assembly_1,4,0.65,subgraph_mip,diverse,500,343,1105,1048,94.84,0.309,0.48,124.495,124.975,0.77,0.8777,-0.0,581.12,0.0,495.7,581.12,33.091,15.84,"[581.12, 520.92, 559.11, 495.7]","[3, 3, 4, 3]",13
assembly_1,4,0.65,subgraph_mip,edge_weight,1000,343,1105,142,12.85,0.309,3.255,2.366,5.622,17.04,0.8777,0.0,581.12,0.0,495.7,581.12,33.091,15.84,"[581.12, 520.92, 559.11, 495.7]","[3, 3, 4, 3]",13
assembly_1,4,0.65,subgraph_mip,time_balanced_weight,1000,343,1105,211,19.1,0.309,2.713,11.305,14.018,6.83,0.9847,12.2,581.12,0.0,495.7,581.12,34.44,15.84,"[495.7, 516.63, 581.12, 563.4]","[3, 3, 3, 4]",13
assembly_1,4,0.65,subgraph_mip,combined,1000,343,1105,346,31.31,0.309,6.354,9.106,15.46,6.19,0.8777,-0.0,581.12,0.0,495.7,581.12,33.091,15.84,"[581.12, 520.92, 559.11, 495.7]","[3, 3, 4, 3]",13
assembly_1,4,0.65,subgraph_mip,blended,1000,343,1105,136,12.31,0.309,4.79,3.664,8.454,11.33,0.8906,1.48,581.12,0.0,511.5,581.12,27.859,12.91,"[581.12, 516.63, 511.5, 547.6]","[3, 3, 3, 4]",13
assembly_1,4,0.65,subgraph_mip,blended_union,1000,343,1105,297,26.88,0.309,12.819,16.326,29.145,3.29,0.8777,0.0,581.12,0.0,495.7,581.12,33.091,15.84,"[581.12, 520.92, 559.11, 495.7]","[3, 3, 4, 3]",13
assembly_1,4,0.65,subgraph_mip,diverse,1000,343,1105,1100,99.55,0.309,1.126,87.932,89.058,1.08,0.8777,0.0,581.12,0.0,495.7,581.12,33.091,15.84,"[581.12, 520.92, 559.11, 495.7]","[3, 3, 4, 3]",13
assembly_1,4,0.65,subgraph_mip,edge_weight,2000,343,1105,185,16.74,0.309,8.699,2.331,11.031,8.68,0.8777,0.0,581.12,0.0,495.7,581.12,33.091,15.84,"[581.12, 520.92, 559.11, 495.7]","[3, 3, 4, 3]",13
assembly_1,4,0.65,subgraph_mip,time_balanced_weight,2000,343,1105,292,26.43,0.309,6.841,32.766,39.607,2.42,0.9847,12.2,581.12,0.0,495.7,581.12,34.44,15.84,"[495.7, 516.63, 581.12, 563.4]","[3, 3, 3, 4]",13
assembly_1,4,0.65,subgraph_mip,combined,2000,343,1105,460,41.63,0.309,16.44,25.143,41.583,2.3,0.8777,0.0,581.12,0.0,495.7,581.12,33.091,15.84,"[581.12, 520.92, 559.11, 495.7]","[3, 3, 4, 3]",13
assembly_1,4,0.65,subgraph_mip,blended,2000,343,1105,204,18.46,0.309,12.106,4.427,16.534,5.79,0.8839,0.71,574.62,-1.12,502.2,574.62,29.643,13.43,"[502.2, 561.11, 574.62, 518.92]","[3, 4, 3, 3]",13
assembly_1,4,0.65,subgraph_mip,blended_union,2000,343,1105,410,37.1,0.309,37.559,29.473,67.033,1.43,0.8777,0.0,581.12,0.0,495.7,581.12,33.091,15.84,"[581.12, 520.92, 559.11, 495.7]","[3, 3, 4, 3]",13
assembly_1,4,0.65,subgraph_mip,diverse,2000,343,1105,1105,100.0,0.309,2.408,101.707,104.115,0.92,0.8777,0.0,581.12,0.0,495.7,581.12,33.091,15.84,"[581.12, 520.92, 559.11, 495.7]","[3, 3, 4, 3]",13
assembly_1,4,0.65,subgraph_mip,edge_weight,5000,343,1105,232,21.0,0.309,33.939,3.039,36.978,2.59,0.8777,0.0,581.12,0.0,495.7,581.12,33.091,15.84,"[581.12, 520.92, 559.11, 495.7]","[3, 3, 4, 3]",13
assembly_1,4,0.65,subgraph_mip,time_balanced_weight,5000,343,1105,431,39.0,0.309,25.575,26.783,52.359,1.83,0.9541,8.71,581.12,0.0,495.7,581.12,34.44,15.84,"[581.12, 516.63, 495.7, 563.4]","[3, 3, 3, 4]",13
assembly_1,4,0.65,subgraph_mip,combined,5000,343,1105,632,57.19,0.309,60.898,15.045,75.943,1.26,0.8777,0.0,581.12,0.0,495.7,581.12,33.091,15.84,"[581.12, 520.92, 559.11, 495.7]","[3, 3, 4, 3]",13
assembly_1,4,0.65,subgraph_mip,blended,5000,343,1105,353,31.95,0.309,44.618,6.043,50.661,1.89,0.8839,0.71,574.62,-1.12,502.2,574.62,29.643,13.43,"[502.2, 561.11, 574.62, 518.92]","[3, 4, 3, 3]",13
assembly_1,4,0.65,subgraph_mip,blended_union,5000,343,1105,525,47.51,0.309,94.46,39.903,134.363,0.71,0.8777,-0.0,581.12,0.0,495.7,581.12,33.091,15.84,"[581.12, 520.92, 559.11, 495.7]","[3, 3, 4, 3]",13
assembly_1,4,0.65,subgraph_mip,diverse,5000,343,1105,1105,100.0,0.309,4.03,64.301,68.332,1.4,0.8777,0.0,581.12,0.0,495.7,581.12,33.091,15.84,"[581.12, 520.92, 559.11, 495.7]","[3, 3, 4, 3]",13
assembly_1,4,0.7,full_mip,—,,343,1105,1105,100.0,0.311,0.0,81.952,81.952,1.0,0.8805,0.0,581.12,0.0,495.7,581.12,33.091,15.84,"[581.12, 520.92, 559.11, 495.7]","[3, 3, 4, 3]",13
assembly_1,4,0.7,subgraph_mip,edge_weight,1,343,1105,13,1.18,0.311,0.001,0.063,0.065,1267.65,0.8814,0.1,584.04,0.5,495.7,584.04,34.455,16.38,"[584.04, 518, 559.11, 495.7]","[3, 3, 4, 3]",13
assembly_1,4,0.7,subgraph_mip,time_balanced_weight,1,343,1105,13,1.18,0.311,0.001,0.146,0.147,558.74,0.9978,13.32,597.84,2.88,398.88,597.84,81.458,36.9,"[586.13, 574, 398.88, 597.84]","[3, 3, 4, 3]",13
assembly_1,4,0.7,subgraph_mip,combined,1,343,1105,26,2.35,0.311,0.002,0.262,0.263,311.4,0.8814,0.1,584.04,0.5,495.7,584.04,34.455,16.38,"[584.04, 518, 559.11, 495.7]","[3, 3, 4, 3]",13
assembly_1,4,0.7,subgraph_mip,blended,1,343,1105,13,1.18,0.311,0.001,0.173,0.174,470.78,0.938,6.53,574.62,-1.12,518.92,574.62,22.439,10.33,"[542.48, 520.83, 574.62, 518.92]","[4, 3, 3, 3]",13
assembly_1,4,0.7,subgraph_mip,blended_union,1,343,1105,37,3.35,0.311,0.012,0.3,0.312,263.09,0.8814,0.1,584.04,0.5,495.7,584.04,34.455,16.38,"[584.04, 518, 559.11, 495.7]","[3, 3, 4, 3]",13
assembly_1,4,0.7,subgraph_mip,diverse,1,343,1105,13,1.18,0.311,0.004,0.123,0.127,644.16,0.938,6.53,574.62,-1.12,518.92,574.62,22.439,10.33,"[542.48, 520.83, 574.62, 518.92]","[4, 3, 3, 3]",13
assembly_1,4,0.7,subgraph_mip,edge_weight,2,343,1105,15,1.36,0.311,0.004,0.21,0.215,381.47,0.8814,0.1,584.04,0.5,495.7,584.04,34.455,16.38,"[584.04, 518, 559.11, 495.7]","[3, 3, 4, 3]",13
assembly_1,4,0.7,subgraph_mip,time_balanced_weight,2,343,1105,15,1.36,0.311,0.007,0.115,0.122,672.91,0.9978,13.32,597.84,2.88,398.88,597.84,81.458,36.9,"[586.13, 574, 398.88, 597.84]","[3, 3, 4, 3]",13
assembly_1,4,0.7,subgraph_mip,combined,2,343,1105,30,2.71,0.311,0.016,0.321,0.337,243.34,0.8814,0.1,584.04,0.5,495.7,584.04,34.455,16.38,"[584.04, 518, 559.11, 495.7]","[3, 3, 4, 3]",13
assembly_1,4,0.7,subgraph_mip,blended,2,343,1105,15,1.36,0.311,0.01,0.238,0.247,331.22,0.938,6.53,574.62,-1.12,518.92,574.62,22.439,10.33,"[542.48, 520.83, 574.62, 518.92]","[4, 3, 3, 3]",13
assembly_1,4,0.7,subgraph_mip,blended_union,2,343,1105,43,3.89,0.311,0.051,0.333,0.385,213.13,0.8814,0.1,584.04,0.5,495.7,584.04,34.455,16.38,"[584.04, 518, 559.11, 495.7]","[3, 3, 4, 3]",13
assembly_1,4,0.7,subgraph_mip,diverse,2,343,1105,26,2.35,0.311,0.014,0.196,0.21,391.03,0.9038,2.64,586.13,0.86,502.2,586.13,31.528,15.57,"[502.2, 586.13, 520.92, 547.6]","[3, 3, 3, 4]",13
assembly_1,4,0.7,subgraph_mip,edge_weight,5,343,1105,21,1.9,0.311,0.013,0.247,0.26,315.3,0.8814,0.1,584.04,0.5,495.7,584.04,34.455,16.38,"[584.04, 518, 559.11, 495.7]","[3, 3, 4, 3]",13
assembly_1,4,0.7,subgraph_mip,time_balanced_weight,5,343,1105,27,2.44,0.311,0.008,0.791,0.799,102.57,0.9867,12.06,586.13,0.86,412.68,586.13,73.197,32.17,"[586.13, 574, 584.04, 412.68]","[3, 3, 3, 4]",13
assembly_1,4,0.7,subgraph_mip,combined,5,343,1105,48,4.34,0.311,0.021,0.666,0.686,119.4,0.8814,0.1,584.04,0.5,495.7,584.04,34.455,16.38,"[584.04, 518, 559.11, 495.7]","[3, 3, 4, 3]",13
assembly_1,4,0.7,subgraph_mip,blended,5,343,1105,19,1.72,0.311,0.012,0.159,0.171,478.38,0.938,6.53,574.62,-1.12,518.92,574.62,22.439,10.33,"[542.48, 520.83, 574.62, 518.92]","[4, 3, 3, 3]",13
assembly_1,4,0.7,subgraph_mip,blended_union,5,343,1105,60,5.43,0.311,0.069,0.385,0.453,180.82,0.8814,0.1,584.04,0.5,495.7,584.04,34.455,16.38,"[584.04, 518, 559.11, 495.7]","[3, 3, 4, 3]",13
assembly_1,4,0.7,subgraph_mip,diverse,5,343,1105,65,5.88,0.311,0.015,0.627,0.642,127.67,0.9038,2.64,586.13,0.86,502.2,586.13,31.528,15.57,"[502.2, 586.13, 520.92, 547.6]","[3, 3, 3, 4]",13
assembly_1,4,0.7,subgraph_mip,edge_weight,10,343,1105,24,2.17,0.311,0.027,0.25,0.277,295.91,0.8814,0.1,584.04,0.5,495.7,584.04,34.455,16.38,"[584.04, 518, 559.11, 495.7]","[3, 3, 4, 3]",13
assembly_1,4,0.7,subgraph_mip,time_balanced_weight,10,343,1105,38,3.44,0.311,0.016,0.624,0.64,128.01,0.9837,11.72,586.13,0.86,453.4,586.13,51.942,24.62,"[586.13, 574, 543.32, 453.4]","[3, 3, 4, 3]",13
assembly_1,4,0.7,subgraph_mip,combined,10,343,1105,62,5.61,0.311,0.043,0.939,0.982,83.49,0.8814,0.1,584.04,0.5,495.7,584.04,34.455,16.38,"[584.04, 518, 559.11, 495.7]","[3, 3, 4, 3]",13
assembly_1,4,0.7,subgraph_mip,blended,10,343,1105,23,2.08,0.311,0.026,0.384,0.41,199.65,0.938,6.53,574.62,-1.12,518.92,574.62,22.439,10.33,"[542.48, 520.83, 574.62, 518.92]","[4, 3, 3, 3]",13
assembly_1,4,0.7,subgraph_mip,blended_union,10,343,1105,76,6.88,0.311,0.153,0.458,0.61,134.26,0.8814,0.1,584.04,0.5,495.7,584.04,34.455,16.38,"[584.04, 518, 559.11, 495.7]","[3, 3, 4, 3]",13
assembly_1,4,0.7,subgraph_mip,diverse,10,343,1105,126,11.4,0.311,0.012,1.093,1.105,74.15,0.9038,2.64,586.13,0.86,502.2,586.13,31.528,15.57,"[502.2, 586.13, 520.92, 547.6]","[3, 3, 3, 4]",13
assembly_1,4,0.7,subgraph_mip,edge_weight,20,343,1105,35,3.17,0.311,0.084,0.439,0.523,156.67,0.8814,0.1,584.04,0.5,495.7,584.04,34.455,16.38,"[584.04, 518, 559.11, 495.7]","[3, 3, 4, 3]",13
assembly_1,4,0.7,subgraph_mip,time_balanced_weight,20,343,1105,42,3.8,0.311,0.036,0.516,0.552,148.49,0.9837,11.72,586.13,0.86,453.4,586.13,51.942,24.62,"[586.13, 574, 543.32, 453.4]","[3, 3, 4, 3]",13
assembly_1,4,0.7,subgraph_mip,combined,20,343,1105,77,6.97,0.311,0.126,2.576,2.703,30.32,0.8814,0.1,584.04,0.5,495.7,584.04,34.455,16.38,"[584.04, 518, 559.11, 495.7]","[3, 3, 4, 3]",13
assembly_1,4,0.7,subgraph_mip,blended,20,343,1105,28,2.53,0.311,0.078,0.338,0.416,197.07,0.938,6.53,574.62,-1.12,518.92,574.62,22.439,10.33,"[542.48, 520.83, 574.62, 518.92]","[4, 3, 3, 3]",13
assembly_1,4,0.7,subgraph_mip,blended_union,20,343,1105,92,8.33,0.311,0.261,0.968,1.23,66.63,0.8814,0.1,584.04,0.5,495.7,584.04,34.455,16.38,"[584.04, 518, 559.11, 495.7]","[3, 3, 4, 3]",13
assembly_1,4,0.7,subgraph_mip,diverse,20,343,1105,239,21.63,0.311,0.032,2.307,2.339,35.04,0.9038,2.64,586.13,0.86,502.2,586.13,31.528,15.57,"[502.2, 586.13, 520.92, 547.6]","[3, 3, 3, 4]",13
assembly_1,4,0.7,subgraph_mip,edge_weight,50,343,1105,54,4.89,0.311,0.201,2.038,2.239,36.6,0.8814,0.1,584.04,0.5,495.7,584.04,34.455,16.38,"[584.04, 518, 559.11, 495.7]","[3, 3, 4, 3]",13
assembly_1,4,0.7,subgraph_mip,time_balanced_weight,50,343,1105,63,5.7,0.311,0.07,0.698,0.768,106.69,0.9837,11.72,586.13,0.86,453.4,586.13,51.942,24.62,"[586.13, 574, 543.32, 453.4]","[3, 3, 4, 3]",13
assembly_1,4,0.7,subgraph_mip,combined,50,343,1105,116,10.5,0.311,0.276,1.454,1.73,47.36,0.8814,0.1,584.04,0.5,495.7,584.04,34.455,16.38,"[584.04, 518, 559.11, 495.7]","[3, 3, 4, 3]",13
assembly_1,4,0.7,subgraph_mip,blended,50,343,1105,32,2.9,0.311,0.202,0.933,1.134,72.25,0.938,6.53,574.62,-1.12,518.92,574.62,22.439,10.33,"[542.48, 520.83, 574.62, 518.92]","[4, 3, 3, 3]",13
assembly_1,4,0.7,subgraph_mip,blended_union,50,343,1105,125,11.31,0.311,0.669,1.072,1.741,47.08,0.8814,0.1,584.04,0.5,495.7,584.04,34.455,16.38,"[584.04, 518, 559.11, 495.7]","[3, 3, 4, 3]",13
assembly_1,4,0.7,subgraph_mip,diverse,50,343,1105,507,45.88,0.311,0.029,13.901,13.93,5.88,0.8814,0.11,581.12,0.0,495.7,581.12,36.361,15.84,"[581.12, 511.4, 568.63, 495.7]","[3, 3, 4, 3]",13
assembly_1,4,0.7,subgraph_mip,edge_weight,100,343,1105,78,7.06,0.311,0.684,0.853,1.537,53.33,0.8814,0.1,584.04,0.5,495.7,584.04,34.455,16.38,"[584.04, 518, 559.11, 495.7]","[3, 3, 4, 3]",13
assembly_1,4,0.7,subgraph_mip,time_balanced_weight,100,343,1105,86,7.78,0.311,0.318,0.95,1.268,64.61,0.9826,11.6,586.13,0.86,453.4,586.13,51.942,24.62,"[586.13, 574, 543.32, 453.4]","[3, 3, 4, 3]",13
assembly_1,4,0.7,subgraph_mip,combined,100,343,1105,162,14.66,0.311,0.787,3.258,4.044,20.26,0.8814,0.1,584.04,0.5,495.7,584.04,34.455,16.38,"[584.04, 518, 559.11, 495.7]","[3, 3, 4, 3]",13
assembly_1,4,0.7,subgraph_mip,blended,100,343,1105,40,3.62,0.311,0.352,0.567,0.919,89.14,0.938,6.53,574.62,-1.12,518.92,574.62,22.439,10.33,"[542.48, 520.83, 574.62, 518.92]","[4, 3, 3, 3]",13
assembly_1,4,0.7,subgraph_mip,blended_union,100,343,1105,153,13.85,0.311,1.187,2.174,3.361,24.38,0.8814,0.1,584.04,0.5,495.7,584.04,34.455,16.38,"[584.04, 518, 559.11, 495.7]","[3, 3, 4, 3]",13
assembly_1,4,0.7,subgraph_mip,diverse,100,343,1105,747,67.6,0.311,0.088,41.406,41.494,1.98,0.8814,0.1,581.12,0.0,495.7,581.12,33.091,15.84,"[581.12, 520.92, 559.11, 495.7]","[3, 3, 4, 3]",13
assembly_1,4,0.7,subgraph_mip,edge_weight,200,343,1105,95,8.6,0.311,0.688,1.008,1.696,48.32,0.8814,0.1,584.04,0.5,495.7,584.04,34.455,16.38,"[584.04, 518, 559.11, 495.7]","[3, 3, 4, 3]",13
assembly_1,4,0.7,subgraph_mip,time_balanced_weight,200,343,1105,111,10.05,0.311,0.371,1.196,1.567,52.29,0.9791,11.2,586.13,0.86,453.4,586.13,53.222,24.62,"[586.13, 536.2, 581.12, 453.4]","[3, 4, 3, 3]",13
assembly_1,4,0.7,subgraph_mip,combined,200,343,1105,202,18.28,0.311,1.087,4.234,5.321,15.4,0.8814,0.1,584.04,0.5,495.7,584.04,34.455,16.38,"[584.04, 518, 559.11, 495.7]","[3, 3, 4, 3]",13
assembly_1,4,0.7,subgraph_mip,blended,200,343,1105,45,4.07,0.311,0.668,0.448,1.116,73.46,0.938,6.53,574.62,-1.12,518.92,574.62,22.439,10.33,"[542.48, 520.83, 574.62, 518.92]","[4, 3, 3, 3]",13
assembly_1,4,0.7,subgraph_mip,blended_union,200,343,1105,177,16.02,0.311,2.34,1.309,3.649,22.46,0.8814,0.1,584.04,0.5,495.7,584.04,34.455,16.38,"[584.04, 518, 559.11, 495.7]","[3, 3, 4, 3]",13
assembly_1,4,0.7,subgraph_mip,diverse,200,343,1105,905,81.9,0.311,0.195,106.916,107.112,0.77,0.8805,0.0,581.12,0.0,495.7,581.12,33.091,15.84,"[581.12, 520.92, 559.11, 495.7]","[3, 3, 4, 3]",13
assembly_1,4,0.7,subgraph_mip,edge_weight,500,343,1105,108,9.77,0.311,2.129,1.31,3.438,23.83,0.8805,0.0,581.12,0.0,495.7,581.12,33.091,15.84,"[581.12, 520.92, 559.11, 495.7]","[3, 3, 4, 3]",13
assembly_1,4,0.7,subgraph_mip,time_balanced_weight,500,343,1105,153,13.85,0.311,1.307,6.514,7.821,10.48,0.9736,10.57,581.12,0.0,495.7,581.12,34.44,15.84,"[495.7, 516.63, 581.12, 563.4]","[3, 3, 3, 4]",13
assembly_1,4,0.7,subgraph_mip,combined,500,343,1105,257,23.26,0.311,3.052,5.541,8.592,9.54,0.8805,0.0,581.12,0.0,495.7,581.12,33.091,15.84,"[581.12, 520.92, 559.11, 495.7]","[3, 3, 4, 3]",13
assembly_1,4,0.7,subgraph_mip,blended,500,343,1105,85,7.69,0.311,2.152,0.805,2.957,27.71,0.9038,2.64,586.13,0.86,502.2,586.13,31.528,15.57,"[502.2, 586.13, 520.92, 547.6]","[3, 3, 3, 4]",13
assembly_1,4,0.7,subgraph_mip,blended_union,500,343,1105,245,22.17,0.311,6.246,5.515,11.761,6.97,0.8805,0.0,581.12,0.0,495.7,581.12,33.091,15.84,"[581.12, 520.92, 559.11, 495.7]","[3, 3, 4, 3]",13
assembly_1,4,0.7,subgraph_mip,diverse,500,343,1105,1044,94.48,0.311,0.513,113.591,114.104,0.72,0.8805,0.0,581.12,0.0,495.7,581.12,33.091,15.84,"[581.12, 520.92, 559.11, 495.7]","[3, 3, 4, 3]",13
assembly_1,4,0.7,subgraph_mip,edge_weight,1000,343,1105,142,12.85,0.311,3.495,1.59,5.085,16.12,0.8805,0.0,581.12,0.0,495.7,581.12,33.091,15.84,"[581.12, 520.92, 559.11, 495.7]","[3, 3, 4, 3]",13
assembly_1,4,0.7,subgraph_mip,time_balanced_weight,1000,343,1105,211,19.1,0.311,2.682,13.888,16.57,4.95,0.9723,10.42,581.12,0.0,495.7,581.12,34.44,15.84,"[495.7, 516.63, 581.12, 563.4]","[3, 3, 3, 4]",13
assembly_1,4,0.7,subgraph_mip,combined,1000,343,1105,346,31.31,0.311,5.991,6.556,12.548,6.53,0.8805,0.0,581.12,0.0,495.7,581.12,33.091,15.84,"[581.12, 520.92, 559.11, 495.7]","[3, 3, 4, 3]",13
assembly_1,4,0.7,subgraph_mip,blended,1000,343,1105,106,9.59,0.311,4.737,1.399,6.137,13.35,0.9038,2.64,586.13,0.86,502.2,586.13,31.528,15.57,"[502.2, 586.13, 520.92, 547.6]","[3, 3, 3, 4]",13
assembly_1,4,0.7,subgraph_mip,blended_union,1000,343,1105,297,26.88,0.311,12.347,12.714,25.061,3.27,0.8805,0.0,581.12,0.0,495.7,581.12,33.091,15.84,"[581.12, 520.92, 559.11, 495.7]","[3, 3, 4, 3]",13
assembly_1,4,0.7,subgraph_mip,diverse,1000,343,1105,1100,99.55,0.311,0.996,178.874,179.87,0.46,0.8805,0.0,581.12,0.0,495.7,581.12,33.091,15.84,"[581.12, 520.92, 559.11, 495.7]","[3, 3, 4, 3]",13
assembly_1,4,0.7,subgraph_mip,edge_weight,2000,343,1105,185,16.74,0.311,8.154,3.222,11.377,7.2,0.8805,0.0,581.12,0.0,495.7,581.12,33.091,15.84,"[581.12, 520.92, 559.11, 495.7]","[3, 3, 4, 3]",13
assembly_1,4,0.7,subgraph_mip,time_balanced_weight,2000,343,1105,292,26.43,0.311,7.046,21.653,28.699,2.86,0.9723,10.42,581.12,0.0,495.7,581.12,34.44,15.84,"[495.7, 516.63, 581.12, 563.4]","[3, 3, 3, 4]",13
assembly_1,4,0.7,subgraph_mip,combined,2000,343,1105,460,41.63,0.311,15.098,7.579,22.677,3.61,0.8805,0.0,581.12,0.0,495.7,581.12,33.091,15.84,"[581.12, 520.92, 559.11, 495.7]","[3, 3, 4, 3]",13
assembly_1,4,0.7,subgraph_mip,blended,2000,343,1105,168,15.2,0.311,11.109,1.549,12.658,6.47,0.9038,2.64,586.13,0.86,502.2,586.13,31.528,15.57,"[502.2, 586.13, 520.92, 547.6]","[3, 3, 3, 4]",13
assembly_1,4,0.7,subgraph_mip,blended_union,2000,343,1105,410,37.1,0.311,27.047,29.506,56.553,1.45,0.8805,0.0,581.12,0.0,495.7,581.12,33.091,15.84,"[581.12, 520.92, 559.11, 495.7]","[3, 3, 4, 3]",13
assembly_1,4,0.7,subgraph_mip,diverse,2000,343,1105,1105,100.0,0.311,2.303,84.545,86.848,0.94,0.8805,0.0,581.12,0.0,495.7,581.12,33.091,15.84,"[581.12, 520.92, 559.11, 495.7]","[3, 3, 4, 3]",13
assembly_1,4,0.7,subgraph_mip,edge_weight,5000,343,1105,232,21.0,0.311,30.992,7.075,38.067,2.15,0.8805,0.0,581.12,0.0,495.7,581.12,33.091,15.84,"[581.12, 520.92, 559.11, 495.7]","[3, 3, 4, 3]",13
assembly_1,4,0.7,subgraph_mip,time_balanced_weight,5000,343,1105,431,39.0,0.311,24.7,32.198,56.898,1.44,0.9461,7.45,581.12,0.0,495.7,581.12,34.44,15.84,"[581.12, 516.63, 495.7, 563.4]","[3, 3, 3, 4]",13
assembly_1,4,0.7,subgraph_mip,combined,5000,343,1105,632,57.19,0.311,56.978,33.781,90.759,0.9,0.8805,0.0,581.12,0.0,495.7,581.12,33.091,15.84,"[581.12, 520.92, 559.11, 495.7]","[3, 3, 4, 3]",13
assembly_1,4,0.7,subgraph_mip,blended,5000,343,1105,301,27.24,0.311,45.05,3.213,48.263,1.7,0.8844,0.44,574.62,-1.12,502.2,574.62,29.643,13.43,"[502.2, 561.11, 574.62, 518.92]","[3, 4, 3, 3]",13
assembly_1,4,0.7,subgraph_mip,blended_union,5000,343,1105,525,47.51,0.311,103.545,34.32,137.865,0.59,0.8805,0.0,581.12,0.0,495.7,581.12,33.091,15.84,"[581.12, 520.92, 559.11, 495.7]","[3, 3, 4, 3]",13
assembly_1,4,0.7,subgraph_mip,diverse,5000,343,1105,1105,100.0,0.311,4.792,57.384,62.176,1.32,0.8805,0.0,581.12,0.0,495.7,581.12,33.091,15.84,"[581.12, 520.92, 559.11, 495.7]","[3, 3, 4, 3]",13
assembly_1,4,0.75,full_mip,—,,343,1105,1105,100.0,0.349,0.0,248.699,248.699,1.0,0.8834,0.0,581.12,0.0,495.7,581.12,33.091,15.84,"[581.12, 520.92, 559.11, 495.7]","[3, 3, 4, 3]",13
assembly_1,4,0.75,subgraph_mip,edge_weight,1,343,1105,13,1.18,0.349,0.001,0.043,0.044,5588.88,0.8849,0.17,584.04,0.5,495.7,584.04,34.455,16.38,"[584.04, 518, 559.11, 495.7]","[3, 3, 4, 3]",13
assembly_1,4,0.75,subgraph_mip,time_balanced_weight,1,343,1105,13,1.18,0.349,0.001,0.186,0.187,1328.25,0.9854,11.55,597.84,2.88,398.88,597.84,81.458,36.9,"[586.13, 574, 398.88, 597.84]","[3, 3, 4, 3]",13
assembly_1,4,0.75,subgraph_mip,combined,1,343,1105,26,2.35,0.349,0.002,0.288,0.289,859.75,0.8849,0.17,584.04,0.5,495.7,584.04,34.455,16.38,"[584.04, 518, 559.11, 495.7]","[3, 3, 4, 3]",13
assembly_1,4,0.75,subgraph_mip,blended,1,343,1105,13,1.18,0.349,0.001,0.085,0.086,2885.97,0.9296,5.23,574.62,-1.12,518.92,574.62,22.439,10.33,"[542.48, 520.83, 574.62, 518.92]","[4, 3, 3, 3]",13
assembly_1,4,0.75,subgraph_mip,blended_union,1,343,1105,37,3.35,0.349,0.016,0.304,0.32,777.95,0.8849,0.17,584.04,0.5,495.7,584.04,34.455,16.38,"[584.04, 518, 559.11, 495.7]","[3, 3, 4, 3]",13
assembly_1,4,0.75,subgraph_mip,diverse,1,343,1105,13,1.18,0.349,0.008,0.139,0.147,1693.13,0.9296,5.23,574.62,-1.12,518.92,574.62,22.439,10.33,"[542.48, 520.83, 574.62, 518.92]","[4, 3, 3, 3]",13
assembly_1,4,0.75,subgraph_mip,edge_weight,2,343,1105,15,1.36,0.349,0.008,0.093,0.101,2457.29,0.8849,0.17,584.04,0.5,495.7,584.04,34.455,16.38,"[584.04, 518, 559.11, 495.7]","[3, 3, 4, 3]",13
assembly_1,4,0.75,subgraph_mip,time_balanced_weight,2,343,1105,15,1.36,0.349,0.007,0.115,0.122,2033.9,0.9854,11.55,597.84,2.88,398.88,597.84,81.458,36.9,"[586.13, 574, 398.88, 597.84]","[3, 3, 4, 3]",13
assembly_1,4,0.75,subgraph_mip,combined,2,343,1105,30,2.71,0.349,0.013,1.655,1.668,149.1,0.8849,0.17,584.04,0.5,495.7,584.04,34.455,16.38,"[584.04, 518, 559.11, 495.7]","[3, 3, 4, 3]",13
assembly_1,4,0.75,subgraph_mip,blended,2,343,1105,15,1.36,0.349,0.009,0.37,0.379,655.96,0.9296,5.23,574.62,-1.12,518.92,574.62,22.439,10.33,"[542.48, 520.83, 574.62, 518.92]","[4, 3, 3, 3]",13
assembly_1,4,0.75,subgraph_mip,blended_union,2,343,1105,43,3.89,0.349,0.028,0.771,0.799,311.19,0.8849,0.17,584.04,0.5,495.7,584.04,34.455,16.38,"[584.04, 518, 559.11, 495.7]","[3, 3, 4, 3]",13
assembly_1,4,0.75,subgraph_mip,diverse,2,343,1105,26,2.35,0.349,0.006,1.409,1.415,175.77,0.9041,2.34,586.13,0.86,502.2,586.13,31.528,15.57,"[502.2, 586.13, 520.92, 547.6]","[3, 3, 3, 4]",13
assembly_1,4,0.75,subgraph_mip,edge_weight,5,343,1105,21,1.9,0.349,0.016,0.24,0.256,971.29,0.8849,0.17,584.04,0.5,495.7,584.04,34.455,16.38,"[584.04, 518, 559.11, 495.7]","[3, 3, 4, 3]",13
assembly_1,4,0.75,subgraph_mip,time_balanced_weight,5,343,1105,27,2.44,0.349,0.014,0.691,0.705,352.7,0.9731,10.16,586.13,0.86,412.68,586.13,73.197,32.17,"[586.13, 574, 584.04, 412.68]","[3, 3, 3, 4]",13
assembly_1,4,0.75,subgraph_mip,combined,5,343,1105,48,4.34,0.349,0.039,0.509,0.548,453.67,0.8849,0.17,584.04,0.5,495.7,584.04,34.455,16.38,"[584.04, 518, 559.11, 495.7]","[3, 3, 4, 3]",13
assembly_1,4,0.75,subgraph_mip,blended,5,343,1105,19,1.72,0.349,0.017,0.265,0.281,883.55,0.9296,5.23,574.62,-1.12,518.92,574.62,22.439,10.33,"[542.48, 520.83, 574.62, 518.92]","[4, 3, 3, 3]",13
assembly_1,4,0.75,subgraph_mip,blended_union,5,343,1105,60,5.43,0.349,0.048,0.685,0.733,339.35,0.8849,0.17,584.04,0.5,495.7,584.04,34.455,16.38,"[584.04, 518, 559.11, 495.7]","[3, 3, 4, 3]",13
assembly_1,4,0.75,subgraph_mip,diverse,5,343,1105,65,5.88,0.349,0.007,1.431,1.438,172.96,0.9041,2.34,586.13,0.86,502.2,586.13,31.528,15.57,"[502.2, 586.13, 520.92, 547.6]","[3, 3, 3, 4]",13
assembly_1,4,0.75,subgraph_mip,edge_weight,10,343,1105,24,2.17,0.349,0.027,0.282,0.309,804.53,0.8849,0.17,584.04,0.5,495.7,584.04,34.455,16.38,"[584.04, 518, 559.11, 495.7]","[3, 3, 4, 3]",13
assembly_1,4,0.75,subgraph_mip,time_balanced_weight,10,343,1105,38,3.44,0.349,0.016,1.21,1.226,202.83,0.9707,9.88,586.13,0.86,453.4,586.13,51.942,24.62,"[586.13, 574, 543.32, 453.4]","[3, 3, 4, 3]",13
assembly_1,4,0.75,subgraph_mip,combined,10,343,1105,62,5.61,0.349,0.074,0.881,0.955,260.31,0.8849,0.17,584.04,0.5,495.7,584.04,34.455,16.38,"[584.04, 518, 559.11, 495.7]","[3, 3, 4, 3]",13
assembly_1,4,0.75,subgraph_mip,blended,10,343,1105,23,2.08,0.349,0.027,0.217,0.243,1022.11,0.9296,5.23,574.62,-1.12,518.92,574.62,22.439,10.33,"[542.48, 520.83, 574.62, 518.92]","[4, 3, 3, 3]",13
assembly_1,4,0.75,subgraph_mip,blended_union,10,343,1105,76,6.88,0.349,0.155,0.974,1.129,220.3,0.8849,0.17,584.04,0.5,495.7,584.04,34.455,16.38,"[584.04, 518, 559.11, 495.7]","[3, 3, 4, 3]",13
assembly_1,4,0.75,subgraph_mip,diverse,10,343,1105,126,11.4,0.349,0.012,1.544,1.556,159.83,0.9041,2.34,586.13,0.86,502.2,586.13,31.528,15.57,"[502.2, 586.13, 520.92, 547.6]","[3, 3, 3, 4]",13
assembly_1,4,0.75,subgraph_mip,edge_weight,20,343,1105,35,3.17,0.349,0.094,0.475,0.569,437.11,0.8849,0.17,584.04,0.5,495.7,584.04,34.455,16.38,"[584.04, 518, 559.11, 495.7]","[3, 3, 4, 3]",13
assembly_1,4,0.75,subgraph_mip,time_balanced_weight,20,343,1105,42,3.8,0.349,0.036,0.849,0.885,280.9,0.9707,9.88,586.13,0.86,453.4,586.13,51.942,24.62,"[586.13, 574, 543.32, 453.4]","[3, 3, 4, 3]",13
assembly_1,4,0.75,subgraph_mip,combined,20,343,1105,77,6.97,0.349,0.152,0.708,0.86,289.02,0.8849,0.17,584.04,0.5,495.7,584.04,34.455,16.38,"[584.04, 518, 559.11, 495.7]","[3, 3, 4, 3]",13
assembly_1,4,0.75,subgraph_mip,blended,20,343,1105,28,2.53,0.349,0.074,0.554,0.629,395.59,0.9296,5.23,574.62,-1.12,518.92,574.62,22.439,10.33,"[542.48, 520.83, 574.62, 518.92]","[4, 3, 3, 3]",13
assembly_1,4,0.75,subgraph_mip,blended_union,20,343,1105,92,8.33,0.349,0.271,1.145,1.416,175.58,0.8849,0.17,584.04,0.5,495.7,584.04,34.455,16.38,"[584.04, 518, 559.11, 495.7]","[3, 3, 4, 3]",13
assembly_1,4,0.75,subgraph_mip,diverse,20,343,1105,239,21.63,0.349,0.035,2.622,2.657,93.6,0.8842,0.09,581.12,0.0,495.7,581.12,36.361,15.84,"[581.12, 511.4, 568.63, 495.7]","[3, 3, 4, 3]",13
assembly_1,4,0.75,subgraph_mip,edge_weight,50,343,1105,54,4.89,0.349,0.194,1.445,1.639,151.73,0.8849,0.17,584.04,0.5,495.7,584.04,34.455,16.38,"[584.04, 518, 559.11, 495.7]","[3, 3, 4, 3]",13
assembly_1,4,0.75,subgraph_mip,time_balanced_weight,50,343,1105,63,5.7,0.349,0.124,0.78,0.903,275.35,0.9707,9.88,586.13,0.86,453.4,586.13,51.942,24.62,"[586.13, 574, 543.32, 453.4]","[3, 3, 4, 3]",13
assembly_1,4,0.75,subgraph_mip,combined,50,343,1105,116,10.5,0.349,0.263,0.9,1.163,213.78,0.8849,0.17,584.04,0.5,495.7,584.04,34.455,16.38,"[584.04, 518, 559.11, 495.7]","[3, 3, 4, 3]",13
assembly_1,4,0.75,subgraph_mip,blended,50,343,1105,32,2.9,0.349,0.218,1.376,1.594,156.04,0.9296,5.23,574.62,-1.12,518.92,574.62,22.439,10.33,"[542.48, 520.83, 574.62, 518.92]","[4, 3, 3, 3]",13
assembly_1,4,0.75,subgraph_mip,blended_union,50,343,1105,125,11.31,0.349,0.648,1.961,2.609,95.32,0.8849,0.17,584.04,0.5,495.7,584.04,34.455,16.38,"[584.04, 518, 559.11, 495.7]","[3, 3, 4, 3]",13
assembly_1,4,0.75,subgraph_mip,diverse,50,343,1105,505,45.7,0.349,0.059,12.373,12.432,20.01,0.8842,0.09,581.12,0.0,495.7,581.12,36.361,15.84,"[581.12, 511.4, 568.63, 495.7]","[3, 3, 4, 3]",13
assembly_1,4,0.75,subgraph_mip,edge_weight,100,343,1105,78,7.06,0.349,0.355,0.947,1.303,190.91,0.8849,0.17,584.04,0.5,495.7,584.04,34.455,16.38,"[584.04, 518, 559.11, 495.7]","[3, 3, 4, 3]",13
assembly_1,4,0.75,subgraph_mip,time_balanced_weight,100,343,1105,86,7.78,0.349,0.266,1.373,1.64,151.68,0.969,9.69,574,-1.23,514.33,574,23.634,11.07,"[514.33, 574, 520.92, 547.6]","[3, 3, 3, 4]",13
assembly_1,4,0.75,subgraph_mip,combined,100,343,1105,162,14.66,0.349,0.672,3.947,4.619,53.84,0.8849,0.17,584.04,0.5,495.7,584.04,34.455,16.38,"[584.04, 518, 559.11, 495.7]","[3, 3, 4, 3]",13
assembly_1,4,0.75,subgraph_mip,blended,100,343,1105,40,3.62,0.349,0.512,1.474,1.986,125.24,0.9296,5.23,574.62,-1.12,518.92,574.62,22.439,10.33,"[542.48, 520.83, 574.62, 518.92]","[4, 3, 3, 3]",13
assembly_1,4,0.75,subgraph_mip,blended_union,100,343,1105,153,13.85,0.349,1.565,1.583,3.148,79.01,0.8849,0.17,584.04,0.5,495.7,584.04,34.455,16.38,"[584.04, 518, 559.11, 495.7]","[3, 3, 4, 3]",13
assembly_1,4,0.75,subgraph_mip,diverse,100,343,1105,739,66.88,0.349,0.22,172.024,172.244,1.44,0.8842,0.09,581.12,0.0,495.7,581.12,36.361,15.84,"[581.12, 511.4, 568.63, 495.7]","[3, 3, 4, 3]",13
assembly_1,4,0.75,subgraph_mip,edge_weight,200,343,1105,95,8.6,0.349,0.588,0.936,1.525,163.09,0.8849,0.17,584.04,0.5,495.7,584.04,34.455,16.38,"[584.04, 518, 559.11, 495.7]","[3, 3, 4, 3]",13
assembly_1,4,0.75,subgraph_mip,time_balanced_weight,200,343,1105,111,10.05,0.349,0.378,1.892,2.27,109.54,0.9668,9.45,586.13,0.86,453.4,586.13,53.222,24.62,"[586.13, 536.2, 581.12, 453.4]","[3, 4, 3, 3]",13
assembly_1,4,0.75,subgraph_mip,combined,200,343,1105,202,18.28,0.349,1.047,5.528,6.575,37.82,0.8849,0.17,584.04,0.5,495.7,584.04,34.455,16.38,"[584.04, 518, 559.11, 495.7]","[3, 3, 4, 3]",13
assembly_1,4,0.75,subgraph_mip,blended,200,343,1105,45,4.07,0.349,0.755,0.549,1.305,190.63,0.9296,5.23,574.62,-1.12,518.92,574.62,22.439,10.33,"[542.48, 520.83, 574.62, 518.92]","[4, 3, 3, 3]",13
assembly_1,4,0.75,subgraph_mip,blended_union,200,343,1105,177,16.02,0.349,2.457,3.299,5.757,43.2,0.8849,0.17,584.04,0.5,495.7,584.04,34.455,16.38,"[584.04, 518, 559.11, 495.7]","[3, 3, 4, 3]",13
assembly_1,4,0.75,subgraph_mip,diverse,200,343,1105,908,82.17,0.349,0.156,208.382,208.539,1.19,0.8842,0.09,581.12,0.0,495.7,581.12,36.361,15.84,"[581.12, 511.4, 568.63, 495.7]","[3, 3, 4, 3]",13
assembly_1,4,0.75,subgraph_mip,edge_weight,500,343,1105,108,9.77,0.349,1.689,1.531,3.22,77.24,0.8834,-0.0,581.12,0.0,495.7,581.12,33.091,15.84,"[581.12, 520.92, 559.11, 495.7]","[3, 3, 4, 3]",13
assembly_1,4,0.75,subgraph_mip,time_balanced_weight,500,343,1105,153,13.85,0.349,1.143,5.09,6.233,39.9,0.9609,8.78,581.12,0.0,495.7,581.12,34.44,15.84,"[495.7, 516.63, 581.12, 563.4]","[3, 3, 3, 4]",13
assembly_1,4,0.75,subgraph_mip,combined,500,343,1105,257,23.26,0.349,2.843,3.24,6.084,40.88,0.8834,-0.0,581.12,0.0,495.7,581.12,33.091,15.84,"[581.12, 520.92, 559.11, 495.7]","[3, 3, 4, 3]",13
assembly_1,4,0.75,subgraph_mip,blended,500,343,1105,86,7.78,0.349,2.142,0.923,3.065,81.15,0.9041,2.34,586.13,0.86,502.2,586.13,31.528,15.57,"[502.2, 586.13, 520.92, 547.6]","[3, 3, 3, 4]",13
assembly_1,4,0.75,subgraph_mip,blended_union,500,343,1105,245,22.17,0.349,5.936,6.942,12.878,19.31,0.8834,-0.0,581.12,0.0,495.7,581.12,33.091,15.84,"[581.12, 520.92, 559.11, 495.7]","[3, 3, 4, 3]",13
assembly_1,4,0.75,subgraph_mip,diverse,500,343,1105,1043,94.39,0.349,0.534,190.901,191.435,1.3,0.8834,0.01,581.12,0.0,495.7,581.12,33.091,15.84,"[581.12, 520.92, 559.11, 495.7]","[3, 3, 4, 3]",13
assembly_1,4,0.75,subgraph_mip,edge_weight,1000,343,1105,142,12.85,0.349,3.452,3.307,6.76,36.79,0.8834,-0.0,581.12,0.0,495.7,581.12,33.091,15.84,"[581.12, 520.92, 559.11, 495.7]","[3, 3, 4, 3]",13
assembly_1,4,0.75,subgraph_mip,time_balanced_weight,1000,343,1105,211,19.1,0.349,2.641,11.783,14.424,17.24,0.9598,8.66,581.12,0.0,495.7,581.12,34.44,15.84,"[495.7, 516.63, 581.12, 563.4]","[3, 3, 3, 4]",13
assembly_1,4,0.75,subgraph_mip,combined,1000,343,1105,346,31.31,0.349,6.306,3.444,9.75,25.51,0.8834,-0.0,581.12,0.0,495.7,581.12,33.091,15.84,"[581.12, 520.92, 559.11, 495.7]","[3, 3, 4, 3]",13
assembly_1,4,0.75,subgraph_mip,blended,1000,343,1105,105,9.5,0.349,4.97,0.917,5.887,42.25,0.9041,2.34,586.13,0.86,502.2,586.13,31.528,15.57,"[502.2, 586.13, 520.92, 547.6]","[3, 3, 3, 4]",13
assembly_1,4,0.75,subgraph_mip,blended_union,1000,343,1105,297,26.88,0.349,11.949,5.411,17.361,14.33,0.8834,-0.0,581.12,0.0,495.7,581.12,33.091,15.84,"[581.12, 520.92, 559.11, 495.7]","[3, 3, 4, 3]",13
assembly_1,4,0.75,subgraph_mip,diverse,1000,343,1105,1103,99.82,0.349,1.172,260.773,261.945,0.95,0.8834,-0.0,581.12,0.0,495.7,581.12,33.091,15.84,"[581.12, 520.92, 559.11, 495.7]","[3, 3, 4, 3]",13
assembly_1,4,0.75,subgraph_mip,edge_weight,2000,343,1105,185,16.74,0.349,5.423,2.143,7.565,32.87,0.8834,-0.0,581.12,0.0,495.7,581.12,33.091,15.84,"[581.12, 520.92, 559.11, 495.7]","[3, 3, 4, 3]",13
assembly_1,4,0.75,subgraph_mip,time_balanced_weight,2000,343,1105,292,26.43,0.349,4.923,19.853,24.776,10.04,0.9598,8.66,581.12,0.0,495.7,581.12,34.44,15.84,"[495.7, 516.63, 581.12, 563.4]","[3, 3, 3, 4]",13
assembly_1,4,0.75,subgraph_mip,combined,2000,343,1105,460,41.63,0.349,10.47,8.389,18.859,13.19,0.8834,0.0,581.12,0.0,495.7,581.12,33.091,15.84,"[581.12, 520.92, 559.11, 495.7]","[3, 3, 4, 3]",13
assembly_1,4,0.75,subgraph_mip,blended,2000,343,1105,139,12.58,0.349,8.573,1.299,9.872,25.19,0.9041,2.34,586.13,0.86,502.2,586.13,31.528,15.57,"[502.2, 586.13, 520.92, 547.6]","[3, 3, 3, 4]",13
assembly_1,4,0.75,subgraph_mip,blended_union,2000,343,1105,410,37.1,0.349,20.382,12.741,33.123,7.51,0.8834,-0.0,581.12,0.0,495.7,581.12,33.091,15.84,"[581.12, 520.92, 559.11, 495.7]","[3, 3, 4, 3]",13
assembly_1,4,0.75,subgraph_mip,diverse,2000,343,1105,1105,100.0,0.349,1.557,143.222,144.779,1.72,0.8834,0.0,581.12,0.0,495.7,581.12,33.091,15.84,"[581.12, 520.92, 559.11, 495.7]","[3, 3, 4, 3]",13
assembly_1,4,0.75,subgraph_mip,edge_weight,5000,343,1105,232,21.0,0.349,18.742,10.554,29.296,8.49,0.8834,-0.0,581.12,0.0,495.7,581.12,33.091,15.84,"[581.12, 520.92, 559.11, 495.7]","[3, 3, 4, 3]",13
assembly_1,4,0.75,subgraph_mip,time_balanced_weight,5000,343,1105,431,39.0,0.349,16.137,26.25,42.388,5.87,0.9356,5.92,567.5,-2.34,486.92,567.5,31.02,14.94,"[554.83, 567.5, 486.92, 547.6]","[4, 3, 2, 4]",13
assembly_1,4,0.75,subgraph_mip,combined,5000,343,1105,632,57.19,0.349,34.977,36.022,70.998,3.5,0.8834,0.0,581.12,0.0,495.7,581.12,33.091,15.84,"[581.12, 520.92, 559.11, 495.7]","[3, 3, 4, 3]",13
assembly_1,4,0.75,subgraph_mip,blended,5000,343,1105,245,22.17,0.349,25.885,2.431,28.316,8.78,0.9041,2.34,586.13,0.86,502.2,586.13,31.528,15.57,"[502.2, 586.13, 520.92, 547.6]","[3, 3, 3, 4]",13
assembly_1,4,0.75,subgraph_mip,blended_union,5000,343,1105,525,47.51,0.349,63.898,31.215,95.113,2.61,0.8834,-0.0,581.12,0.0,495.7,581.12,33.091,15.84,"[581.12, 520.92, 559.11, 495.7]","[3, 3, 4, 3]",13
assembly_1,4,0.75,subgraph_mip,diverse,5000,343,1105,1105,100.0,0.349,3.288,140.022,143.31,1.74,0.8834,0.0,581.12,0.0,495.7,581.12,33.091,15.84,"[581.12, 520.92, 559.11, 495.7]","[3, 3, 4, 3]",13
assembly_1,4,0.8,full_mip,—,,343,1105,1105,100.0,0.281,0.0,307.112,307.112,1.0,0.8855,0.0,574.62,0.0,502.2,574.62,29.643,13.43,"[502.2, 561.11, 574.62, 518.92]","[3, 4, 3, 3]",13
assembly_1,4,0.8,subgraph_mip,edge_weight,1,343,1105,13,1.18,0.281,0.002,0.067,0.069,4457.59,0.8883,0.32,584.04,1.64,495.7,584.04,34.455,16.38,"[584.04, 518, 559.11, 495.7]","[3, 3, 4, 3]",13
assembly_1,4,0.8,subgraph_mip,time_balanced_weight,1,343,1105,13,1.18,0.281,0.001,0.149,0.15,2052.35,0.973,9.89,597.84,4.04,398.88,597.84,81.458,36.9,"[586.13, 574, 398.88, 597.84]","[3, 3, 4, 3]",13
assembly_1,4,0.8,subgraph_mip,combined,1,343,1105,26,2.35,0.281,0.002,0.231,0.233,1316.76,0.8883,0.32,584.04,1.64,495.7,584.04,34.455,16.38,"[584.04, 518, 559.11, 495.7]","[3, 3, 4, 3]",13
assembly_1,4,0.8,subgraph_mip,blended,1,343,1105,13,1.18,0.281,0.001,0.135,0.136,2251.68,0.9212,4.03,574.62,0.0,518.92,574.62,22.439,10.33,"[542.48, 520.83, 574.62, 518.92]","[4, 3, 3, 3]",13
assembly_1,4,0.8,subgraph_mip,blended_union,1,343,1105,37,3.35,0.281,0.018,0.271,0.289,1062.42,0.8883,0.32,584.04,1.64,495.7,584.04,34.455,16.38,"[584.04, 518, 559.11, 495.7]","[3, 3, 4, 3]",13
assembly_1,4,0.8,subgraph_mip,diverse,1,343,1105,13,1.18,0.281,0.009,0.127,0.136,2254.37,0.9212,4.03,574.62,0.0,518.92,574.62,22.439,10.33,"[542.48, 520.83, 574.62, 518.92]","[4, 3, 3, 3]",13
assembly_1,4,0.8,subgraph_mip,edge_weight,2,343,1105,15,1.36,0.281,0.004,0.09,0.094,3256.58,0.8883,0.32,584.04,1.64,495.7,584.04,34.455,16.38,"[584.04, 518, 559.11, 495.7]","[3, 3, 4, 3]",13
assembly_1,4,0.8,subgraph_mip,time_balanced_weight,2,343,1105,15,1.36,0.281,0.003,0.141,0.143,2142.54,0.973,9.89,597.84,4.04,398.88,597.84,81.458,36.9,"[586.13, 574, 398.88, 597.84]","[3, 3, 4, 3]",13
assembly_1,4,0.8,subgraph_mip,combined,2,343,1105,30,2.71,0.281,0.008,0.245,0.254,1209.3,0.8883,0.32,584.04,1.64,495.7,584.04,34.455,16.38,"[584.04, 518, 559.11, 495.7]","[3, 3, 4, 3]",13
assembly_1,4,0.8,subgraph_mip,blended,2,343,1105,15,1.36,0.281,0.004,0.369,0.373,823.13,0.9212,4.03,574.62,0.0,518.92,574.62,22.439,10.33,"[542.48, 520.83, 574.62, 518.92]","[4, 3, 3, 3]",13
assembly_1,4,0.8,subgraph_mip,blended_union,2,343,1105,43,3.89,0.281,0.021,0.375,0.396,775.84,0.8883,0.32,584.04,1.64,495.7,584.04,34.455,16.38,"[584.04, 518, 559.11, 495.7]","[3, 3, 4, 3]",13
assembly_1,4,0.8,subgraph_mip,diverse,2,343,1105,26,2.35,0.281,0.005,0.783,0.787,390.11,0.9043,2.13,586.13,2.0,502.2,586.13,31.528,15.57,"[502.2, 586.13, 520.92, 547.6]","[3, 3, 3, 4]",13
assembly_1,4,0.8,subgraph_mip,edge_weight,5,343,1105,21,1.9,0.281,0.013,0.27,0.283,1084.98,0.8883,0.32,584.04,1.64,495.7,584.04,34.455,16.38,"[584.04, 518, 559.11, 495.7]","[3, 3, 4, 3]",13
assembly_1,4,0.8,subgraph_mip,time_balanced_weight,5,343,1105,27,2.44,0.281,0.009,0.468,0.477,643.65,0.9596,8.37,586.13,2.0,412.68,586.13,73.197,32.17,"[586.13, 574, 584.04, 412.68]","[3, 3, 3, 4]",13
assembly_1,4,0.8,subgraph_mip,combined,5,343,1105,48,4.34,0.281,0.022,0.402,0.424,724.41,0.8883,0.32,584.04,1.64,495.7,584.04,34.455,16.38,"[584.04, 518, 559.11, 495.7]","[3, 3, 4, 3]",13
assembly_1,4,0.8,subgraph_mip,blended,5,343,1105,19,1.72,0.281,0.012,0.204,0.216,1420.51,0.9212,4.03,574.62,0.0,518.92,574.62,22.439,10.33,"[542.48, 520.83, 574.62, 518.92]","[4, 3, 3, 3]",13
assembly_1,4,0.8,subgraph_mip,blended_union,5,343,1105,60,5.43,0.281,0.084,1.029,1.113,275.94,0.8883,0.32,584.04,1.64,495.7,584.04,34.455,16.38,"[584.04, 518, 559.11, 495.7]","[3, 3, 4, 3]",13
assembly_1,4,0.8,subgraph_mip,diverse,5,343,1105,65,5.88,0.281,0.007,0.437,0.444,691.39,0.9043,2.13,586.13,2.0,502.2,586.13,31.528,15.57,"[502.2, 586.13, 520.92, 547.6]","[3, 3, 3, 4]",13
assembly_1,4,0.8,subgraph_mip,edge_weight,10,343,1105,24,2.17,0.281,0.03,0.178,0.208,1476.56,0.8883,0.32,584.04,1.64,495.7,584.04,34.455,16.38,"[584.04, 518, 559.11, 495.7]","[3, 3, 4, 3]",13
assembly_1,4,0.8,subgraph_mip,time_balanced_weight,10,343,1105,38,3.44,0.281,0.019,1.114,1.133,271.12,0.9576,8.15,586.13,2.0,453.4,586.13,51.942,24.62,"[586.13, 574, 543.32, 453.4]","[3, 3, 4, 3]",13
assembly_1,4,0.8,subgraph_mip,combined,10,343,1105,62,5.61,0.281,0.053,0.798,0.851,360.88,0.8883,0.32,584.04,1.64,495.7,584.04,34.455,16.38,"[584.04, 518, 559.11, 495.7]","[3, 3, 4, 3]",13
assembly_1,4,0.8,subgraph_mip,blended,10,343,1105,23,2.08,0.281,0.052,0.438,0.49,627.1,0.9212,4.03,574.62,0.0,518.92,574.62,22.439,10.33,"[542.48, 520.83, 574.62, 518.92]","[4, 3, 3, 3]",13
assembly_1,4,0.8,subgraph_mip,blended_union,10,343,1105,76,6.88,0.281,0.169,0.883,1.052,291.99,0.8883,0.32,584.04,1.64,495.7,584.04,34.455,16.38,"[584.04, 518, 559.11, 495.7]","[3, 3, 4, 3]",13
assembly_1,4,0.8,subgraph_mip,diverse,10,343,1105,126,11.4,0.281,0.01,1.116,1.125,272.93,0.9043,2.13,586.13,2.0,502.2,586.13,31.528,15.57,"[502.2, 586.13, 520.92, 547.6]","[3, 3, 3, 4]",13
assembly_1,4,0.8,subgraph_mip,edge_weight,20,343,1105,35,3.17,0.281,0.089,0.991,1.081,284.15,0.8883,0.32,584.04,1.64,495.7,584.04,34.455,16.38,"[584.04, 518, 559.11, 495.7]","[3, 3, 4, 3]",13
assembly_1,4,0.8,subgraph_mip,time_balanced_weight,20,343,1105,42,3.8,0.281,0.088,1.373,1.461,210.26,0.9576,8.15,586.13,2.0,453.4,586.13,51.942,24.62,"[586.13, 574, 543.32, 453.4]","[3, 3, 4, 3]",13
assembly_1,4,0.8,subgraph_mip,combined,20,343,1105,77,6.97,0.281,0.17,0.72,0.89,344.89,0.8883,0.32,584.04,1.64,495.7,584.04,34.455,16.38,"[584.04, 518, 559.11, 495.7]","[3, 3, 4, 3]",13
assembly_1,4,0.8,subgraph_mip,blended,20,343,1105,28,2.53,0.281,0.048,0.895,0.943,325.62,0.9212,4.03,574.62,0.0,518.92,574.62,22.439,10.33,"[542.48, 520.83, 574.62, 518.92]","[4, 3, 3, 3]",13
assembly_1,4,0.8,subgraph_mip,blended_union,20,343,1105,92,8.33,0.281,0.371,1.048,1.419,216.43,0.8883,0.32,584.04,1.64,495.7,584.04,34.455,16.38,"[584.04, 518, 559.11, 495.7]","[3, 3, 4, 3]",13
assembly_1,4,0.8,subgraph_mip,diverse,20,343,1105,239,21.63,0.281,0.033,3.092,3.125,98.26,0.8869,0.16,581.12,1.13,495.7,581.12,36.361,15.84,"[581.12, 511.4, 568.63, 495.7]","[3, 3, 4, 3]",13
assembly_1,4,0.8,subgraph_mip,edge_weight,50,343,1105,54,4.89,0.281,0.133,0.694,0.827,371.53,0.8883,0.32,584.04,1.64,495.7,584.04,34.455,16.38,"[584.04, 518, 559.11, 495.7]","[3, 3, 4, 3]",13
assembly_1,4,0.8,subgraph_mip,time_balanced_weight,50,343,1105,63,5.7,0.281,0.118,0.729,0.847,362.73,0.9576,8.15,586.13,2.0,453.4,586.13,51.942,24.62,"[586.13, 574, 543.32, 453.4]","[3, 3, 4, 3]",13
assembly_1,4,0.8,subgraph_mip,combined,50,343,1105,116,10.5,0.281,0.275,0.893,1.168,262.96,0.8883,0.32,584.04,1.64,495.7,584.04,34.455,16.38,"[584.04, 518, 559.11, 495.7]","[3, 3, 4, 3]",13
assembly_1,4,0.8,subgraph_mip,blended,50,343,1105,32,2.9,0.281,0.179,0.248,0.427,718.93,0.9212,4.03,574.62,0.0,518.92,574.62,22.439,10.33,"[542.48, 520.83, 574.62, 518.92]","[4, 3, 3, 3]",13
assembly_1,4,0.8,subgraph_mip,blended_union,50,343,1105,125,11.31,0.281,0.723,1.605,2.328,131.95,0.8883,0.32,584.04,1.64,495.7,584.04,34.455,16.38,"[584.04, 518, 559.11, 495.7]","[3, 3, 4, 3]",13
assembly_1,4,0.8,subgraph_mip,diverse,50,343,1105,506,45.79,0.281,0.031,34.782,34.813,8.82,0.8868,0.15,574.62,0.0,502.2,574.62,29.643,13.43,"[502.2, 561.11, 574.62, 518.92]","[3, 4, 3, 3]",13
assembly_1,4,0.8,subgraph_mip,edge_weight,100,343,1105,78,7.06,0.281,0.359,0.852,1.211,253.64,0.8883,0.32,584.04,1.64,495.7,584.04,34.455,16.38,"[584.04, 518, 559.11, 495.7]","[3, 3, 4, 3]",13
assembly_1,4,0.8,subgraph_mip,time_balanced_weight,100,343,1105,86,7.78,0.281,0.222,1.156,1.378,222.84,0.9525,7.57,574,-0.11,514.33,574,23.634,11.07,"[514.33, 574, 520.92, 547.6]","[3, 3, 3, 4]",13
assembly_1,4,0.8,subgraph_mip,combined,100,343,1105,162,14.66,0.281,0.522,2.753,3.275,93.77,0.8883,0.32,584.04,1.64,495.7,584.04,34.455,16.38,"[584.04, 518, 559.11, 495.7]","[3, 3, 4, 3]",13
assembly_1,4,0.8,subgraph_mip,blended,100,343,1105,40,3.62,0.281,0.351,0.774,1.125,273.11,0.9212,4.03,574.62,0.0,518.92,574.62,22.439,10.33,"[542.48, 520.83, 574.62, 518.92]","[4, 3, 3, 3]",13
assembly_1,4,0.8,subgraph_mip,blended_union,100,343,1105,153,13.85,0.281,1.268,3.393,4.661,65.89,0.8883,0.32,584.04,1.64,495.7,584.04,34.455,16.38,"[584.04, 518, 559.11, 495.7]","[3, 3, 4, 3]",13
assembly_1,4,0.8,subgraph_mip,diverse,100,343,1105,742,67.15,0.281,0.074,169.655,169.729,1.81,0.8868,0.15,574.62,0.0,502.2,574.62,29.643,13.43,"[502.2, 561.11, 574.62, 518.92]","[3, 4, 3, 3]",13
assembly_1,4,0.8,subgraph_mip,edge_weight,200,343,1105,95,8.6,0.281,0.633,1.715,2.348,130.79,0.8883,0.32,584.04,1.64,495.7,584.04,34.455,16.38,"[584.04, 518, 559.11, 495.7]","[3, 3, 4, 3]",13
assembly_1,4,0.8,subgraph_mip,time_balanced_weight,200,343,1105,111,10.05,0.281,0.374,1.677,2.051,149.72,0.9516,7.47,574,-0.11,514.33,574,23.634,11.07,"[514.33, 574, 520.92, 547.6]","[3, 3, 3, 4]",13
assembly_1,4,0.8,subgraph_mip,combined,200,343,1105,202,18.28,0.281,1.116,3.205,4.321,71.08,0.8883,0.32,584.04,1.64,495.7,584.04,34.455,16.38,"[584.04, 518, 559.11, 495.7]","[3, 3, 4, 3]",13
assembly_1,4,0.8,subgraph_mip,blended,200,343,1105,45,4.07,0.281,0.709,0.462,1.171,262.23,0.9212,4.03,574.62,0.0,518.92,574.62,22.439,10.33,"[542.48, 520.83, 574.62, 518.92]","[4, 3, 3, 3]",13
assembly_1,4,0.8,subgraph_mip,blended_union,200,343,1105,177,16.02,0.281,2.542,2.157,4.699,65.36,0.8883,0.32,584.04,1.64,495.7,584.04,34.455,16.38,"[584.04, 518, 559.11, 495.7]","[3, 3, 4, 3]",13
assembly_1,4,0.8,subgraph_mip,diverse,200,343,1105,910,82.35,0.281,0.131,139.09,139.221,2.21,0.8855,-0.0,574.62,0.0,502.2,574.62,29.643,13.43,"[502.2, 561.11, 574.62, 518.92]","[3, 4, 3, 3]",13
assembly_1,4,0.8,subgraph_mip,edge_weight,500,343,1105,108,9.77,0.281,1.286,0.635,1.921,159.89,0.8862,0.09,581.12,1.13,495.7,581.12,33.091,15.84,"[581.12, 520.92, 559.11, 495.7]","[3, 3, 4, 3]",13
assembly_1,4,0.8,subgraph_mip,time_balanced_weight,500,343,1105,153,13.85,0.281,0.839,5.752,6.591,46.6,0.9483,7.09,581.12,1.13,495.7,581.12,34.44,15.84,"[495.7, 516.63, 581.12, 563.4]","[3, 3, 3, 4]",13
assembly_1,4,0.8,subgraph_mip,combined,500,343,1105,257,23.26,0.281,1.971,2.621,4.592,66.88,0.8862,0.09,581.12,1.13,495.7,581.12,33.091,15.84,"[581.12, 520.92, 559.11, 495.7]","[3, 3, 4, 3]",13
assembly_1,4,0.8,subgraph_mip,blended,500,343,1105,53,4.8,0.281,1.461,0.389,1.85,166.02,0.9212,4.03,574.62,0.0,518.92,574.62,22.439,10.33,"[542.48, 520.83, 574.62, 518.92]","[4, 3, 3, 3]",13
assembly_1,4,0.8,subgraph_mip,blended_union,500,343,1105,245,22.17,0.281,4.372,3.618,7.991,38.43,0.8855,-0.0,574.62,0.0,502.2,574.62,29.643,13.43,"[502.2, 561.11, 574.62, 518.92]","[3, 4, 3, 3]",13
assembly_1,4,0.8,subgraph_mip,diverse,500,343,1105,1049,94.93,0.281,0.31,173.249,173.559,1.77,0.8855,-0.0,574.62,0.0,502.2,574.62,29.643,13.43,"[502.2, 561.11, 574.62, 518.92]","[3, 4, 3, 3]",13
assembly_1,4,0.8,subgraph_mip,edge_weight,1000,343,1105,142,12.85,0.281,2.02,1.268,3.288,93.41,0.8862,0.09,581.12,1.13,495.7,581.12,33.091,15.84,"[581.12, 520.92, 559.11, 495.7]","[3, 3, 4, 3]",13
assembly_1,4,0.8,subgraph_mip,time_balanced_weight,1000,343,1105,211,19.1,0.281,1.669,4.944,6.614,46.44,0.9474,6.99,581.12,1.13,495.7,581.12,34.44,15.84,"[495.7, 516.63, 581.12, 563.4]","[3, 3, 3, 4]",13
assembly_1,4,0.8,subgraph_mip,combined,1000,343,1105,346,31.31,0.281,3.629,8.341,11.97,25.66,0.8862,0.09,581.12,1.13,495.7,581.12,33.091,15.84,"[581.12, 520.92, 559.11, 495.7]","[3, 3, 4, 3]",13
assembly_1,4,0.8,subgraph_mip,blended,1000,343,1105,59,5.34,0.281,2.884,0.272,3.156,97.3,0.9212,4.03,574.62,0.0,518.92,574.62,22.439,10.33,"[542.48, 520.83, 574.62, 518.92]","[4, 3, 3, 3]",13
assembly_1,4,0.8,subgraph_mip,blended_union,1000,343,1105,297,26.88,0.281,7.214,6.965,14.18,21.66,0.8855,-0.0,574.62,0.0,502.2,574.62,29.643,13.43,"[502.2, 561.11, 574.62, 518.92]","[3, 4, 3, 3]",13
assembly_1,4,0.8,subgraph_mip,diverse,1000,343,1105,1099,99.46,0.281,0.615,158.2,158.815,1.93,0.8855,-0.0,574.62,0.0,502.2,574.62,29.643,13.43,"[502.2, 561.11, 574.62, 518.92]","[3, 4, 3, 3]",13
assembly_1,4,0.8,subgraph_mip,edge_weight,2000,343,1105,185,16.74,0.281,4.736,0.78,5.516,55.68,0.8862,0.09,581.12,1.13,495.7,581.12,33.091,15.84,"[581.12, 520.92, 559.11, 495.7]","[3, 3, 4, 3]",13
assembly_1,4,0.8,subgraph_mip,time_balanced_weight,2000,343,1105,292,26.43,0.281,3.998,8.893,12.892,23.82,0.9474,6.99,581.12,1.13,495.7,581.12,34.44,15.84,"[495.7, 516.63, 581.12, 563.4]","[3, 3, 3, 4]",13
assembly_1,4,0.8,subgraph_mip,combined,2000,343,1105,460,41.63,0.281,8.8,7.134,15.933,19.27,0.8862,0.09,581.12,1.13,495.7,581.12,33.091,15.84,"[581.12, 520.92, 559.11, 495.7]","[3, 3, 4, 3]",13
assembly_1,4,0.8,subgraph_mip,blended,2000,343,1105,148,13.39,0.281,7.218,1.25,8.468,36.27,0.9043,2.13,586.13,2.0,502.2,586.13,31.528,15.57,"[502.2, 586.13, 520.92, 547.6]","[3, 3, 3, 4]",13
assembly_1,4,0.8,subgraph_mip,blended_union,2000,343,1105,410,37.1,0.281,16.666,8.256,24.922,12.32,0.8855,-0.0,574.62,0.0,502.2,574.62,29.643,13.43,"[502.2, 561.11, 574.62, 518.92]","[3, 4, 3, 3]",13
assembly_1,4,0.8,subgraph_mip,diverse,2000,343,1105,1105,100.0,0.281,1.285,164.424,165.709,1.85,0.8855,0.0,574.62,0.0,502.2,574.62,29.643,13.43,"[502.2, 561.11, 574.62, 518.92]","[3, 4, 3, 3]",13
assembly_1,4,0.8,subgraph_mip,edge_weight,5000,343,1105,232,21.0,0.281,17.991,5.829,23.82,12.89,0.8862,0.09,581.12,1.13,495.7,581.12,33.091,15.84,"[581.12, 520.92, 559.11, 495.7]","[3, 3, 4, 3]",13
assembly_1,4,0.8,subgraph_mip,time_balanced_weight,5000,343,1105,431,39.0,0.281,15.265,25.685,40.95,7.5,0.9238,4.33,567.5,-1.24,486.92,567.5,31.02,14.94,"[554.83, 567.5, 486.92, 547.6]","[4, 3, 2, 4]",13
assembly_1,4,0.8,subgraph_mip,combined,5000,343,1105,632,57.19,0.281,33.738,22.432,56.17,5.47,0.8862,0.09,581.12,1.13,495.7,581.12,33.091,15.84,"[581.12, 520.92, 559.11, 495.7]","[3, 3, 4, 3]",13
assembly_1,4,0.8,subgraph_mip,blended,5000,343,1105,196,17.74,0.281,24.454,4.307,28.761,10.68,0.9043,2.13,586.13,2.0,502.2,586.13,31.528,15.57,"[502.2, 586.13, 520.92, 547.6]","[3, 3, 3, 4]",13
assembly_1,4,0.8,subgraph_mip,blended_union,5000,343,1105,525,47.51,0.281,59.756,34.745,94.501,3.25,0.8855,-0.0,574.62,0.0,502.2,574.62,29.643,13.43,"[502.2, 561.11, 574.62, 518.92]","[3, 4, 3, 3]",13
assembly_1,4,0.8,subgraph_mip,diverse,5000,343,1105,1105,100.0,0.281,3.008,153.682,156.69,1.96,0.8855,0.0,574.62,0.0,502.2,574.62,29.643,13.43,"[502.2, 561.11, 574.62, 518.92]","[3, 4, 3, 3]",13
assembly_1,4,0.85,full_mip,—,,343,1105,1105,100.0,0.472,0.0,414.59,414.59,1.0,0.886,0.0,574.62,0.0,502.2,574.62,29.643,13.43,"[502.2, 561.11, 574.62, 518.92]","[3, 4, 3, 3]",13
assembly_1,4,0.85,subgraph_mip,edge_weight,1,343,1105,13,1.18,0.472,0.006,0.074,0.08,5162.95,0.8918,0.65,584.04,1.64,495.7,584.04,34.455,16.38,"[584.04, 518, 559.11, 495.7]","[3, 3, 4, 3]",13
assembly_1,4,0.85,subgraph_mip,time_balanced_weight,1,343,1105,13,1.18,0.472,0.001,0.056,0.056,7339.06,0.9606,8.42,597.84,4.04,398.88,597.84,81.458,36.9,"[586.13, 574, 398.88, 597.84]","[3, 3, 4, 3]",13
assembly_1,4,0.85,subgraph_mip,combined,1,343,1105,26,2.35,0.472,0.002,0.371,0.373,1111.66,0.8918,0.65,584.04,1.64,495.7,584.04,34.455,16.38,"[584.04, 518, 559.11, 495.7]","[3, 3, 4, 3]",13
assembly_1,4,0.85,subgraph_mip,blended,1,343,1105,13,1.18,0.472,0.005,0.145,0.15,2762.56,0.9128,3.02,574.62,0.0,518.92,574.62,22.439,10.33,"[542.48, 520.83, 574.62, 518.92]","[4, 3, 3, 3]",13
assembly_1,4,0.85,subgraph_mip,blended_union,1,343,1105,37,3.35,0.472,0.036,0.306,0.341,1215.4,0.8918,0.65,584.04,1.64,495.7,584.04,34.455,16.38,"[584.04, 518, 559.11, 495.7]","[3, 3, 4, 3]",13
assembly_1,4,0.85,subgraph_mip,diverse,1,343,1105,13,1.18,0.472,0.013,0.138,0.151,2743.32,0.9128,3.02,574.62,0.0,518.92,574.62,22.439,10.33,"[542.48, 520.83, 574.62, 518.92]","[4, 3, 3, 3]",13
assembly_1,4,0.85,subgraph_mip,edge_weight,2,343,1105,15,1.36,0.472,0.004,0.193,0.197,2105.29,0.8918,0.65,584.04,1.64,495.7,584.04,34.455,16.38,"[584.04, 518, 559.11, 495.7]","[3, 3, 4, 3]",13
assembly_1,4,0.85,subgraph_mip,time_balanced_weight,2,343,1105,15,1.36,0.472,0.003,0.396,0.399,1037.86,0.9606,8.42,597.84,4.04,398.88,597.84,81.458,36.9,"[586.13, 574, 398.88, 597.84]","[3, 3, 4, 3]",13
assembly_1,4,0.85,subgraph_mip,combined,2,343,1105,30,2.71,0.472,0.007,0.24,0.247,1678.23,0.8918,0.65,584.04,1.64,495.7,584.04,34.455,16.38,"[584.04, 518, 559.11, 495.7]","[3, 3, 4, 3]",13
assembly_1,4,0.85,subgraph_mip,blended,2,343,1105,15,1.36,0.472,0.004,0.821,0.824,502.88,0.9128,3.02,574.62,0.0,518.92,574.62,22.439,10.33,"[542.48, 520.83, 574.62, 518.92]","[4, 3, 3, 3]",13
assembly_1,4,0.85,subgraph_mip,blended_union,2,343,1105,43,3.89,0.472,0.022,0.32,0.342,1210.7,0.8918,0.65,584.04,1.64,495.7,584.04,34.455,16.38,"[584.04, 518, 559.11, 495.7]","[3, 3, 4, 3]",13
assembly_1,4,0.85,subgraph_mip,diverse,2,343,1105,26,2.35,0.472,0.011,0.796,0.806,514.08,0.9128,3.02,574.62,0.0,518.92,574.62,22.439,10.33,"[542.48, 520.83, 574.62, 518.92]","[4, 3, 3, 3]",13
assembly_1,4,0.85,subgraph_mip,edge_weight,5,343,1105,21,1.9,0.472,0.013,0.269,0.281,1473.8,0.8918,0.65,584.04,1.64,495.7,584.04,34.455,16.38,"[584.04, 518, 559.11, 495.7]","[3, 3, 4, 3]",13
assembly_1,4,0.85,subgraph_mip,time_balanced_weight,5,343,1105,27,2.44,0.472,0.012,1.599,1.61,257.46,0.946,6.77,586.13,2.0,412.68,586.13,73.197,32.17,"[586.13, 574, 584.04, 412.68]","[3, 3, 3, 4]",13
assembly_1,4,0.85,subgraph_mip,combined,5,343,1105,48,4.34,0.472,0.039,0.872,0.911,454.91,0.8918,0.65,584.04,1.64,495.7,584.04,34.455,16.38,"[584.04, 518, 559.11, 495.7]","[3, 3, 4, 3]",13
assembly_1,4,0.85,subgraph_mip,blended,5,343,1105,19,1.72,0.472,0.014,0.368,0.382,1085.88,0.9128,3.02,574.62,0.0,518.92,574.62,22.439,10.33,"[542.48, 520.83, 574.62, 518.92]","[4, 3, 3, 3]",13
assembly_1,4,0.85,subgraph_mip,blended_union,5,343,1105,60,5.43,0.472,0.095,0.578,0.673,616.11,0.8918,0.65,584.04,1.64,495.7,584.04,34.455,16.38,"[584.04, 518, 559.11, 495.7]","[3, 3, 4, 3]",13
assembly_1,4,0.85,subgraph_mip,diverse,5,343,1105,65,5.88,0.472,0.015,0.422,0.437,948.2,0.9128,3.02,574.62,0.0,518.92,574.62,22.439,10.33,"[542.48, 520.83, 574.62, 518.92]","[4, 3, 3, 3]",13
assembly_1,4,0.85,subgraph_mip,edge_weight,10,343,1105,24,2.17,0.472,0.026,0.243,0.27,1537.81,0.8918,0.65,584.04,1.64,495.7,584.04,34.455,16.38,"[584.04, 518, 559.11, 495.7]","[3, 3, 4, 3]",13
assembly_1,4,0.85,subgraph_mip,time_balanced_weight,10,343,1105,38,3.44,0.472,0.021,0.589,0.61,680.15,0.9446,6.61,586.13,2.0,453.4,586.13,51.942,24.62,"[586.13, 574, 543.32, 453.4]","[3, 3, 4, 3]",13
assembly_1,4,0.85,subgraph_mip,combined,10,343,1105,62,5.61,0.472,0.059,0.83,0.888,466.78,0.8918,0.65,584.04,1.64,495.7,584.04,34.455,16.38,"[584.04, 518, 559.11, 495.7]","[3, 3, 4, 3]",13
assembly_1,4,0.85,subgraph_mip,blended,10,343,1105,23,2.08,0.472,0.023,0.796,0.819,506.25,0.9128,3.02,574.62,0.0,518.92,574.62,22.439,10.33,"[542.48, 520.83, 574.62, 518.92]","[4, 3, 3, 3]",13
assembly_1,4,0.85,subgraph_mip,blended_union,10,343,1105,76,6.88,0.472,0.124,0.799,0.923,449.03,0.8918,0.65,584.04,1.64,495.7,584.04,34.455,16.38,"[584.04, 518, 559.11, 495.7]","[3, 3, 4, 3]",13
assembly_1,4,0.85,subgraph_mip,diverse,10,343,1105,126,11.4,0.472,0.02,0.966,0.986,420.53,0.9128,3.02,574.62,0.0,518.92,574.62,22.439,10.33,"[542.48, 520.83, 574.62, 518.92]","[4, 3, 3, 3]",13
assembly_1,4,0.85,subgraph_mip,edge_weight,20,343,1105,35,3.17,0.472,0.105,0.555,0.66,628.49,0.8918,0.65,584.04,1.64,495.7,584.04,34.455,16.38,"[584.04, 518, 559.11, 495.7]","[3, 3, 4, 3]",13
assembly_1,4,0.85,subgraph_mip,time_balanced_weight,20,343,1105,42,3.8,0.472,0.035,0.551,0.587,706.7,0.9446,6.61,586.13,2.0,453.4,586.13,51.942,24.62,"[586.13, 574, 543.32, 453.4]","[3, 3, 4, 3]",13
assembly_1,4,0.85,subgraph_mip,combined,20,343,1105,77,6.97,0.472,0.123,0.913,1.036,400.16,0.8918,0.65,584.04,1.64,495.7,584.04,34.455,16.38,"[584.04, 518, 559.11, 495.7]","[3, 3, 4, 3]",13
assembly_1,4,0.85,subgraph_mip,blended,20,343,1105,28,2.53,0.472,0.067,0.372,0.439,943.97,0.9128,3.02,574.62,0.0,518.92,574.62,22.439,10.33,"[542.48, 520.83, 574.62, 518.92]","[4, 3, 3, 3]",13
assembly_1,4,0.85,subgraph_mip,blended_union,20,343,1105,92,8.33,0.472,0.301,0.876,1.177,352.19,0.8918,0.65,584.04,1.64,495.7,584.04,34.455,16.38,"[584.04, 518, 559.11, 495.7]","[3, 3, 4, 3]",13
assembly_1,4,0.85,subgraph_mip,diverse,20,343,1105,239,21.63,0.472,0.029,3.88,3.908,106.08,0.8896,0.4,581.12,1.13,495.7,581.12,36.361,15.84,"[581.12, 511.4, 568.63, 495.7]","[3, 3, 4, 3]",13
assembly_1,4,0.85,subgraph_mip,edge_weight,50,343,1105,54,4.89,0.472,0.202,0.791,0.994,417.25,0.8918,0.65,584.04,1.64,495.7,584.04,34.455,16.38,"[584.04, 518, 559.11, 495.7]","[3, 3, 4, 3]",13
assembly_1,4,0.85,subgraph_mip,time_balanced_weight,50,343,1105,63,5.7,0.472,0.111,1.252,1.364,304.06,0.9446,6.61,586.13,2.0,453.4,586.13,51.942,24.62,"[586.13, 574, 543.32, 453.4]","[3, 3, 4, 3]",13
assembly_1,4,0.85,subgraph_mip,combined,50,343,1105,116,10.5,0.472,0.292,1.442,1.734,239.06,0.8918,0.65,584.04,1.64,495.7,584.04,34.455,16.38,"[584.04, 518, 559.11, 495.7]","[3, 3, 4, 3]",13
assembly_1,4,0.85,subgraph_mip,blended,50,343,1105,32,2.9,0.472,0.161,0.288,0.449,922.85,0.9128,3.02,574.62,0.0,518.92,574.62,22.439,10.33,"[542.48, 520.83, 574.62, 518.92]","[4, 3, 3, 3]",13
assembly_1,4,0.85,subgraph_mip,blended_union,50,343,1105,125,11.31,0.472,0.687,1.092,1.778,233.14,0.8918,0.65,584.04,1.64,495.7,584.04,34.455,16.38,"[584.04, 518, 559.11, 495.7]","[3, 3, 4, 3]",13
assembly_1,4,0.85,subgraph_mip,diverse,50,343,1105,506,45.79,0.472,0.038,34.526,34.564,11.99,0.887,0.11,574.62,0.0,502.2,574.62,29.643,13.43,"[502.2, 561.11, 574.62, 518.92]","[3, 4, 3, 3]",13
assembly_1,4,0.85,subgraph_mip,edge_weight,100,343,1105,78,7.06,0.472,0.375,0.845,1.22,339.92,0.8918,0.65,584.04,1.64,495.7,584.04,34.455,16.38,"[584.04, 518, 559.11, 495.7]","[3, 3, 4, 3]",13
assembly_1,4,0.85,subgraph_mip,time_balanced_weight,100,343,1105,86,7.78,0.472,0.23,2.384,2.614,158.62,0.9361,5.65,574,-0.11,514.33,574,23.634,11.07,"[514.33, 574, 520.92, 547.6]","[3, 3, 3, 4]",13
assembly_1,4,0.85,subgraph_mip,combined,100,343,1105,162,14.66,0.472,0.499,2.221,2.72,152.4,0.8918,0.65,584.04,1.64,495.7,584.04,34.455,16.38,"[584.04, 518, 559.11, 495.7]","[3, 3, 4, 3]",13
assembly_1,4,0.85,subgraph_mip,blended,100,343,1105,40,3.62,0.472,0.254,1.738,1.992,208.12,0.9128,3.02,574.62,0.0,518.92,574.62,22.439,10.33,"[542.48, 520.83, 574.62, 518.92]","[4, 3, 3, 3]",13
assembly_1,4,0.85,subgraph_mip,blended_union,100,343,1105,153,13.85,0.472,1.255,2.069,3.324,124.74,0.8918,0.65,584.04,1.64,495.7,584.04,34.455,16.38,"[584.04, 518, 559.11, 495.7]","[3, 3, 4, 3]",13
assembly_1,4,0.85,subgraph_mip,diverse,100,343,1105,740,66.97,0.472,0.097,96.868,96.965,4.28,0.887,0.11,574.62,0.0,502.2,574.62,29.643,13.43,"[502.2, 561.11, 574.62, 518.92]","[3, 4, 3, 3]",13
assembly_1,4,0.85,subgraph_mip,edge_weight,200,343,1105,95,8.6,0.472,0.6,1.057,1.657,250.16,0.8918,0.65,584.04,1.64,495.7,584.04,34.455,16.38,"[584.04, 518, 559.11, 495.7]","[3, 3, 4, 3]",13
assembly_1,4,0.85,subgraph_mip,time_balanced_weight,200,343,1105,111,10.05,0.472,0.4,1.91,2.31,179.47,0.9354,5.57,574,-0.11,514.33,574,23.634,11.07,"[514.33, 574, 520.92, 547.6]","[3, 3, 3, 4]",13
assembly_1,4,0.85,subgraph_mip,combined,200,343,1105,202,18.28,0.472,0.962,3.882,4.845,85.58,0.8918,0.65,584.04,1.64,495.7,584.04,34.455,16.38,"[584.04, 518, 559.11, 495.7]","[3, 3, 4, 3]",13
assembly_1,4,0.85,subgraph_mip,blended,200,343,1105,45,4.07,0.472,0.523,0.569,1.091,379.93,0.9128,3.02,574.62,0.0,518.92,574.62,22.439,10.33,"[542.48, 520.83, 574.62, 518.92]","[4, 3, 3, 3]",13
assembly_1,4,0.85,subgraph_mip,blended_union,200,343,1105,177,16.02,0.472,2.239,2.285,4.524,91.65,0.8918,0.65,584.04,1.64,495.7,584.04,34.455,16.38,"[584.04, 518, 559.11, 495.7]","[3, 3, 4, 3]",13
assembly_1,4,0.85,subgraph_mip,diverse,200,343,1105,909,82.26,0.472,0.154,149.035,149.189,2.78,0.8862,0.02,574.62,0.0,502.2,574.62,29.643,13.43,"[502.2, 561.11, 574.62, 518.92]","[3, 4, 3, 3]",13
assembly_1,4,0.85,subgraph_mip,edge_weight,500,343,1105,108,9.77,0.472,1.262,0.86,2.122,195.42,0.8891,0.35,581.12,1.13,495.7,581.12,33.091,15.84,"[581.12, 520.92, 559.11, 495.7]","[3, 3, 4, 3]",13
assembly_1,4,0.85,subgraph_mip,time_balanced_weight,500,343,1105,153,13.85,0.472,0.785,2.867,3.652,113.53,0.9353,5.57,574,-0.11,505.12,574,29.903,12.77,"[514.33, 574, 505.12, 563.4]","[3, 3, 3, 4]",13
assembly_1,4,0.85,subgraph_mip,combined,500,343,1105,257,23.26,0.472,2.097,3.645,5.742,72.2,0.8891,0.35,581.12,1.13,495.7,581.12,33.091,15.84,"[581.12, 520.92, 559.11, 495.7]","[3, 3, 4, 3]",13
assembly_1,4,0.85,subgraph_mip,blended,500,343,1105,53,4.8,0.472,1.391,0.363,1.754,236.32,0.9128,3.02,574.62,0.0,518.92,574.62,22.439,10.33,"[542.48, 520.83, 574.62, 518.92]","[4, 3, 3, 3]",13
assembly_1,4,0.85,subgraph_mip,blended_union,500,343,1105,245,22.17,0.472,4.031,4.634,8.665,47.85,0.886,0.0,574.62,0.0,502.2,574.62,29.643,13.43,"[502.2, 561.11, 574.62, 518.92]","[3, 4, 3, 3]",13
assembly_1,4,0.85,subgraph_mip,diverse,500,343,1105,1048,94.84,0.472,0.348,151.972,152.32,2.72,0.8862,0.02,574.62,0.0,502.2,574.62,29.643,13.43,"[502.2, 561.11, 574.62, 518.92]","[3, 4, 3, 3]",13
assembly_1,4,0.85,subgraph_mip,edge_weight,1000,343,1105,142,12.85,0.472,2.04,0.773,2.813,147.4,0.8891,0.35,581.12,1.13,495.7,581.12,33.091,15.84,"[581.12, 520.92, 559.11, 495.7]","[3, 3, 4, 3]",13
assembly_1,4,0.85,subgraph_mip,time_balanced_weight,1000,343,1105,211,19.1,0.472,1.625,7.063,8.688,47.72,0.9343,5.45,574,-0.11,505.12,574,25.126,12.77,"[574, 530.13, 505.12, 547.6]","[3, 3, 3, 4]",13
assembly_1,4,0.85,subgraph_mip,combined,1000,343,1105,346,31.31,0.472,3.658,9.999,13.657,30.36,0.8891,0.35,581.12,1.13,495.7,581.12,33.091,15.84,"[581.12, 520.92, 559.11, 495.7]","[3, 3, 4, 3]",13
assembly_1,4,0.85,subgraph_mip,blended,1000,343,1105,59,5.34,0.472,2.836,0.3,3.136,132.22,0.9128,3.02,574.62,0.0,518.92,574.62,22.439,10.33,"[542.48, 520.83, 574.62, 518.92]","[4, 3, 3, 3]",13
assembly_1,4,0.85,subgraph_mip,blended_union,1000,343,1105,297,26.88,0.472,7.263,8.718,15.982,25.94,0.886,0.0,574.62,0.0,502.2,574.62,29.643,13.43,"[502.2, 561.11, 574.62, 518.92]","[3, 4, 3, 3]",13
assembly_1,4,0.85,subgraph_mip,diverse,1000,343,1105,1101,99.64,0.472,0.61,201.544,202.153,2.05,0.886,0.0,574.62,0.0,502.2,574.62,29.643,13.43,"[502.2, 561.11, 574.62, 518.92]","[3, 4, 3, 3]",13
assembly_1,4,0.85,subgraph_mip,edge_weight,2000,343,1105,185,16.74,0.472,4.731,2.073,6.804,60.93,0.8891,0.35,581.12,1.13,495.7,581.12,33.091,15.84,"[581.12, 520.92, 559.11, 495.7]","[3, 3, 4, 3]",13
assembly_1,4,0.85,subgraph_mip,time_balanced_weight,2000,343,1105,292,26.43,0.472,4.031,10.085,14.116,29.37,0.9334,5.35,574,-0.11,495.7,574,28.169,14.52,"[574, 539.55, 495.7, 547.6]","[3, 3, 3, 4]",13
assembly_1,4,0.85,subgraph_mip,combined,2000,343,1105,460,41.63,0.472,8.858,11.16,20.018,20.71,0.8891,0.35,581.12,1.13,495.7,581.12,33.091,15.84,"[581.12, 520.92, 559.11, 495.7]","[3, 3, 4, 3]",13
assembly_1,4,0.85,subgraph_mip,blended,2000,343,1105,157,14.21,0.472,7.243,1.354,8.597,48.22,0.9128,3.02,574.62,0.0,518.92,574.62,22.439,10.33,"[542.48, 520.83, 574.62, 518.92]","[4, 3, 3, 3]",13
assembly_1,4,0.85,subgraph_mip,blended_union,2000,343,1105,410,37.1,0.472,16.79,12.164,28.955,14.32,0.886,0.0,574.62,0.0,502.2,574.62,29.643,13.43,"[502.2, 561.11, 574.62, 518.92]","[3, 4, 3, 3]",13
assembly_1,4,0.85,subgraph_mip,diverse,2000,343,1105,1105,100.0,0.472,1.243,214.876,216.118,1.92,0.886,0.0,574.62,0.0,502.2,574.62,29.643,13.43,"[502.2, 561.11, 574.62, 518.92]","[3, 4, 3, 3]",13
assembly_1,4,0.85,subgraph_mip,edge_weight,5000,343,1105,232,21.0,0.472,17.596,2.961,20.556,20.17,0.8891,0.35,581.12,1.13,495.7,581.12,33.091,15.84,"[581.12, 520.92, 559.11, 495.7]","[3, 3, 4, 3]",13
assembly_1,4,0.85,subgraph_mip,time_balanced_weight,5000,343,1105,431,39.0,0.472,15.296,39.899,55.196,7.51,0.912,2.94,567.5,-1.24,486.92,567.5,31.02,14.94,"[554.83, 567.5, 486.92, 547.6]","[4, 3, 2, 4]",13
assembly_1,4,0.85,subgraph_mip,combined,5000,343,1105,632,57.19,0.472,32.747,37.147,69.894,5.93,0.8891,0.35,581.12,1.13,495.7,581.12,33.091,15.84,"[581.12, 520.92, 559.11, 495.7]","[3, 3, 4, 3]",13
assembly_1,4,0.85,subgraph_mip,blended,5000,343,1105,179,16.2,0.472,24.473,2.642,27.115,15.29,0.9128,3.02,574.62,0.0,518.92,574.62,22.439,10.33,"[542.48, 520.83, 574.62, 518.92]","[4, 3, 3, 3]",13
assembly_1,4,0.85,subgraph_mip,blended_union,5000,343,1105,525,47.51,0.472,60.209,31.683,91.892,4.51,0.886,0.0,574.62,0.0,502.2,574.62,29.643,13.43,"[502.2, 561.11, 574.62, 518.92]","[3, 4, 3, 3]",13
assembly_1,4,0.85,subgraph_mip,diverse,5000,343,1105,1105,100.0,0.472,2.97,183.737,186.707,2.22,0.886,0.0,574.62,0.0,502.2,574.62,29.643,13.43,"[502.2, 561.11, 574.62, 518.92]","[3, 4, 3, 3]",13
assembly_1,4,0.9,full_mip,—,,343,1105,1105,100.0,0.371,0.0,307.037,307.037,1.0,0.8865,0.0,574.62,0.0,502.2,574.62,29.643,13.43,"[502.2, 561.11, 574.62, 518.92]","[3, 4, 3, 3]",13
assembly_1,4,0.9,subgraph_mip,edge_weight,1,343,1105,13,1.18,0.371,0.003,0.036,0.039,7794.19,0.8952,0.98,584.04,1.64,495.7,584.04,34.455,16.38,"[584.04, 518, 559.11, 495.7]","[3, 3, 4, 3]",13
assembly_1,4,0.9,subgraph_mip,time_balanced_weight,1,343,1105,13,1.18,0.371,0.002,0.053,0.055,5578.12,0.9482,6.96,597.84,4.04,398.88,597.84,81.458,36.9,"[586.13, 574, 398.88, 597.84]","[3, 3, 4, 3]",13
assembly_1,4,0.9,subgraph_mip,combined,1,343,1105,26,2.35,0.371,0.003,0.926,0.929,330.46,0.8952,0.98,584.04,1.64,495.7,584.04,34.455,16.38,"[584.04, 518, 559.11, 495.7]","[3, 3, 4, 3]",13
assembly_1,4,0.9,subgraph_mip,blended,1,343,1105,13,1.18,0.371,0.002,0.03,0.032,9600.15,0.9044,2.01,574.62,0.0,518.92,574.62,22.439,10.33,"[542.48, 520.83, 574.62, 518.92]","[4, 3, 3, 3]",13
assembly_1,4,0.9,subgraph_mip,blended_union,1,343,1105,37,3.35,0.371,0.012,0.342,0.354,867.51,0.8952,0.98,584.04,1.64,495.7,584.04,34.455,16.38,"[584.04, 518, 559.11, 495.7]","[3, 3, 4, 3]",13
assembly_1,4,0.9,subgraph_mip,diverse,1,343,1105,13,1.18,0.371,0.004,0.033,0.037,8271.7,0.9044,2.01,574.62,0.0,518.92,574.62,22.439,10.33,"[542.48, 520.83, 574.62, 518.92]","[4, 3, 3, 3]",13
assembly_1,4,0.9,subgraph_mip,edge_weight,2,343,1105,15,1.36,0.371,0.007,0.032,0.04,7700.98,0.8952,0.98,584.04,1.64,495.7,584.04,34.455,16.38,"[584.04, 518, 559.11, 495.7]","[3, 3, 4, 3]",13
assembly_1,4,0.9,subgraph_mip,time_balanced_weight,2,343,1105,15,1.36,0.371,0.006,0.224,0.23,1336.29,0.9482,6.96,597.84,4.04,398.88,597.84,81.458,36.9,"[586.13, 574, 398.88, 597.84]","[3, 3, 4, 3]",13
assembly_1,4,0.9,subgraph_mip,combined,2,343,1105,30,2.71,0.371,0.014,0.63,0.644,476.46,0.8952,0.98,584.04,1.64,495.7,584.04,34.455,16.38,"[584.04, 518, 559.11, 495.7]","[3, 3, 4, 3]",13
assembly_1,4,0.9,subgraph_mip,blended,2,343,1105,15,1.36,0.371,0.008,0.207,0.215,1430.2,0.9044,2.01,574.62,0.0,518.92,574.62,22.439,10.33,"[542.48, 520.83, 574.62, 518.92]","[4, 3, 3, 3]",13
assembly_1,4,0.9,subgraph_mip,blended_union,2,343,1105,43,3.89,0.371,0.028,0.32,0.348,882.55,0.8952,0.98,584.04,1.64,495.7,584.04,34.455,16.38,"[584.04, 518, 559.11, 495.7]","[3, 3, 4, 3]",13
assembly_1,4,0.9,subgraph_mip,diverse,2,343,1105,26,2.35,0.371,0.005,0.83,0.835,367.68,0.9044,2.01,574.62,0.0,518.92,574.62,22.439,10.33,"[542.48, 520.83, 574.62, 518.92]","[4, 3, 3, 3]",13
assembly_1,4,0.9,subgraph_mip,edge_weight,5,343,1105,21,1.9,0.371,0.026,0.611,0.638,481.44,0.8952,0.98,584.04,1.64,495.7,584.04,34.455,16.38,"[584.04, 518, 559.11, 495.7]","[3, 3, 4, 3]",13
assembly_1,4,0.9,subgraph_mip,time_balanced_weight,5,343,1105,27,2.44,0.371,0.016,1.285,1.3,236.14,0.9325,5.18,586.13,2.0,412.68,586.13,73.197,32.17,"[586.13, 574, 584.04, 412.68]","[3, 3, 3, 4]",13
assembly_1,4,0.9,subgraph_mip,combined,5,343,1105,48,4.34,0.371,0.032,0.732,0.764,402.14,0.8952,0.98,584.04,1.64,495.7,584.04,34.455,16.38,"[584.04, 518, 559.11, 495.7]","[3, 3, 4, 3]",13
assembly_1,4,0.9,subgraph_mip,blended,5,343,1105,19,1.72,0.371,0.02,0.252,0.272,1127.97,0.9044,2.01,574.62,0.0,518.92,574.62,22.439,10.33,"[542.48, 520.83, 574.62, 518.92]","[4, 3, 3, 3]",13
assembly_1,4,0.9,subgraph_mip,blended_union,5,343,1105,60,5.43,0.371,0.067,0.494,0.562,546.52,0.8952,0.98,584.04,1.64,495.7,584.04,34.455,16.38,"[584.04, 518, 559.11, 495.7]","[3, 3, 4, 3]",13
assembly_1,4,0.9,subgraph_mip,diverse,5,343,1105,65,5.88,0.371,0.013,0.574,0.587,523.39,0.9044,2.01,574.62,0.0,518.92,574.62,22.439,10.33,"[542.48, 520.83, 574.62, 518.92]","[4, 3, 3, 3]",13
assembly_1,4,0.9,subgraph_mip,edge_weight,10,343,1105,24,2.17,0.371,0.029,0.377,0.406,755.61,0.8952,0.98,584.04,1.64,495.7,584.04,34.455,16.38,"[584.04, 518, 559.11, 495.7]","[3, 3, 4, 3]",13
assembly_1,4,0.9,subgraph_mip,time_balanced_weight,10,343,1105,38,3.44,0.371,0.019,2.338,2.357,130.25,0.9315,5.07,586.13,2.0,453.4,586.13,51.942,24.62,"[586.13, 574, 543.32, 453.4]","[3, 3, 4, 3]",13
assembly_1,4,0.9,subgraph_mip,combined,10,343,1105,62,5.61,0.371,0.085,0.547,0.632,485.85,0.8952,0.98,584.04,1.64,495.7,584.04,34.455,16.38,"[584.04, 518, 559.11, 495.7]","[3, 3, 4, 3]",13
assembly_1,4,0.9,subgraph_mip,blended,10,343,1105,23,2.08,0.371,0.024,0.295,0.319,962.6,0.9044,2.01,574.62,0.0,518.92,574.62,22.439,10.33,"[542.48, 520.83, 574.62, 518.92]","[4, 3, 3, 3]",13
assembly_1,4,0.9,subgraph_mip,blended_union,10,343,1105,76,6.88,0.371,0.197,0.8,0.997,307.83,0.8952,0.98,584.04,1.64,495.7,584.04,34.455,16.38,"[584.04, 518, 559.11, 495.7]","[3, 3, 4, 3]",13
assembly_1,4,0.9,subgraph_mip,diverse,10,343,1105,126,11.4,0.371,0.014,1.855,1.87,164.22,0.9044,2.01,574.62,0.0,518.92,574.62,22.439,10.33,"[542.48, 520.83, 574.62, 518.92]","[4, 3, 3, 3]",13
assembly_1,4,0.9,subgraph_mip,edge_weight,20,343,1105,35,3.17,0.371,0.073,0.689,0.761,403.31,0.8952,0.98,584.04,1.64,495.7,584.04,34.455,16.38,"[584.04, 518, 559.11, 495.7]","[3, 3, 4, 3]",13
assembly_1,4,0.9,subgraph_mip,time_balanced_weight,20,343,1105,42,3.8,0.371,0.062,0.484,0.547,561.63,0.9315,5.07,586.13,2.0,453.4,586.13,51.942,24.62,"[586.13, 574, 543.32, 453.4]","[3, 3, 4, 3]",13
assembly_1,4,0.9,subgraph_mip,combined,20,343,1105,77,6.97,0.371,0.121,0.658,0.778,394.42,0.8952,0.98,584.04,1.64,495.7,584.04,34.455,16.38,"[584.04, 518, 559.11, 495.7]","[3, 3, 4, 3]",13
assembly_1,4,0.9,subgraph_mip,blended,20,343,1105,28,2.53,0.371,0.078,0.759,0.837,366.72,0.9044,2.01,574.62,0.0,518.92,574.62,22.439,10.33,"[542.48, 520.83, 574.62, 518.92]","[4, 3, 3, 3]",13
assembly_1,4,0.9,subgraph_mip,blended_union,20,343,1105,92,8.33,0.371,0.256,1.042,1.298,236.46,0.8952,0.98,584.04,1.64,495.7,584.04,34.455,16.38,"[584.04, 518, 559.11, 495.7]","[3, 3, 4, 3]",13
assembly_1,4,0.9,subgraph_mip,diverse,20,343,1105,239,21.63,0.371,0.028,4.49,4.518,67.96,0.8923,0.64,581.12,1.13,495.7,581.12,36.361,15.84,"[581.12, 511.4, 568.63, 495.7]","[3, 3, 4, 3]",13
assembly_1,4,0.9,subgraph_mip,edge_weight,50,343,1105,54,4.89,0.371,0.202,0.609,0.811,378.64,0.8952,0.98,584.04,1.64,495.7,584.04,34.455,16.38,"[584.04, 518, 559.11, 495.7]","[3, 3, 4, 3]",13
assembly_1,4,0.9,subgraph_mip,time_balanced_weight,50,343,1105,63,5.7,0.371,0.117,0.702,0.819,374.79,0.9315,5.07,586.13,2.0,453.4,586.13,51.942,24.62,"[586.13, 574, 543.32, 453.4]","[3, 3, 4, 3]",13
assembly_1,4,0.9,subgraph_mip,combined,50,343,1105,116,10.5,0.371,0.279,1.386,1.665,184.46,0.8952,0.98,584.04,1.64,495.7,584.04,34.455,16.38,"[584.04, 518, 559.11, 495.7]","[3, 3, 4, 3]",13
assembly_1,4,0.9,subgraph_mip,blended,50,343,1105,32,2.9,0.371,0.145,0.265,0.411,747.89,0.9044,2.01,574.62,0.0,518.92,574.62,22.439,10.33,"[542.48, 520.83, 574.62, 518.92]","[4, 3, 3, 3]",13
assembly_1,4,0.9,subgraph_mip,blended_union,50,343,1105,125,11.31,0.371,0.707,1.464,2.171,141.43,0.8952,0.98,584.04,1.64,495.7,584.04,34.455,16.38,"[584.04, 518, 559.11, 495.7]","[3, 3, 4, 3]",13
assembly_1,4,0.9,subgraph_mip,diverse,50,343,1105,504,45.61,0.371,0.062,52.618,52.68,5.83,0.8923,0.64,581.12,1.13,495.7,581.12,36.361,15.84,"[581.12, 511.4, 568.63, 495.7]","[3, 3, 4, 3]",13
assembly_1,4,0.9,subgraph_mip,edge_weight,100,343,1105,78,7.06,0.371,0.342,0.951,1.293,237.51,0.8952,0.98,584.04,1.64,495.7,584.04,34.455,16.38,"[584.04, 518, 559.11, 495.7]","[3, 3, 4, 3]",13
assembly_1,4,0.9,subgraph_mip,time_balanced_weight,100,343,1105,86,7.78,0.371,0.28,1.537,1.817,169.01,0.9196,3.73,574,-0.11,514.33,574,23.634,11.07,"[514.33, 574, 520.92, 547.6]","[3, 3, 3, 4]",13
assembly_1,4,0.9,subgraph_mip,combined,100,343,1105,162,14.66,0.371,0.571,3.506,4.077,75.31,0.8952,0.98,584.04,1.64,495.7,584.04,34.455,16.38,"[584.04, 518, 559.11, 495.7]","[3, 3, 4, 3]",13
assembly_1,4,0.9,subgraph_mip,blended,100,343,1105,40,3.62,0.371,0.285,0.744,1.029,298.37,0.9044,2.01,574.62,0.0,518.92,574.62,22.439,10.33,"[542.48, 520.83, 574.62, 518.92]","[4, 3, 3, 3]",13
assembly_1,4,0.9,subgraph_mip,blended_union,100,343,1105,153,13.85,0.371,1.372,1.729,3.101,99.0,0.8952,0.98,584.04,1.64,495.7,584.04,34.455,16.38,"[584.04, 518, 559.11, 495.7]","[3, 3, 4, 3]",13
assembly_1,4,0.9,subgraph_mip,diverse,100,343,1105,742,67.15,0.371,0.091,114.015,114.106,2.69,0.8875,0.11,574.62,0.0,502.2,574.62,29.643,13.43,"[502.2, 561.11, 574.62, 518.92]","[3, 4, 3, 3]",13
assembly_1,4,0.9,subgraph_mip,edge_weight,200,343,1105,95,8.6,0.371,0.581,0.971,1.552,197.85,0.8952,0.98,584.04,1.64,495.7,584.04,34.455,16.38,"[584.04, 518, 559.11, 495.7]","[3, 3, 4, 3]",13
assembly_1,4,0.9,subgraph_mip,time_balanced_weight,200,343,1105,111,10.05,0.371,0.367,1.297,1.663,184.57,0.9191,3.68,574,-0.11,514.33,574,23.634,11.07,"[514.33, 574, 520.92, 547.6]","[3, 3, 3, 4]",13
assembly_1,4,0.9,subgraph_mip,combined,200,343,1105,202,18.28,0.371,0.917,5.108,6.025,50.96,0.8952,0.98,584.04,1.64,495.7,584.04,34.455,16.38,"[584.04, 518, 559.11, 495.7]","[3, 3, 4, 3]",13
assembly_1,4,0.9,subgraph_mip,blended,200,343,1105,45,4.07,0.371,0.58,1.385,1.965,156.25,0.9044,2.01,574.62,0.0,518.92,574.62,22.439,10.33,"[542.48, 520.83, 574.62, 518.92]","[4, 3, 3, 3]",13
assembly_1,4,0.9,subgraph_mip,blended_union,200,343,1105,177,16.02,0.371,2.126,2.094,4.22,72.76,0.8952,0.98,584.04,1.64,495.7,584.04,34.455,16.38,"[584.04, 518, 559.11, 495.7]","[3, 3, 4, 3]",13
assembly_1,4,0.9,subgraph_mip,diverse,200,343,1105,908,82.17,0.371,0.142,162.015,162.158,1.89,0.8872,0.07,574.62,0.0,502.2,574.62,29.643,13.43,"[502.2, 561.11, 574.62, 518.92]","[3, 4, 3, 3]",13
assembly_1,4,0.9,subgraph_mip,edge_weight,500,343,1105,108,9.77,0.371,1.313,0.939,2.252,136.34,0.8919,0.61,581.12,1.13,495.7,581.12,33.091,15.84,"[581.12, 520.92, 559.11, 495.7]","[3, 3, 4, 3]",13
assembly_1,4,0.9,subgraph_mip,time_balanced_weight,500,343,1105,153,13.85,0.371,0.856,2.544,3.399,90.32,0.9191,3.67,574,-0.11,505.12,574,29.903,12.77,"[514.33, 574, 505.12, 563.4]","[3, 3, 3, 4]",13
assembly_1,4,0.9,subgraph_mip,combined,500,343,1105,257,23.26,0.371,2.014,3.5,5.514,55.68,0.8919,0.61,581.12,1.13,495.7,581.12,33.091,15.84,"[581.12, 520.92, 559.11, 495.7]","[3, 3, 4, 3]",13
assembly_1,4,0.9,subgraph_mip,blended,500,343,1105,53,4.8,0.371,1.305,0.426,1.731,177.34,0.9044,2.01,574.62,0.0,518.92,574.62,22.439,10.33,"[542.48, 520.83, 574.62, 518.92]","[4, 3, 3, 3]",13
assembly_1,4,0.9,subgraph_mip,blended_union,500,343,1105,245,22.17,0.371,4.284,4.125,8.409,36.51,0.8865,0.0,574.62,0.0,502.2,574.62,29.643,13.43,"[502.2, 561.11, 574.62, 518.92]","[3, 4, 3, 3]",13
assembly_1,4,0.9,subgraph_mip,diverse,500,343,1105,1043,94.39,0.371,0.396,321.39,321.786,0.95,0.8867,0.01,574.62,0.0,502.2,574.62,29.643,13.43,"[502.2, 561.11, 574.62, 518.92]","[3, 4, 3, 3]",13
assembly_1,4,0.9,subgraph_mip,edge_weight,1000,343,1105,142,12.85,0.371,2.025,1.117,3.142,97.72,0.8919,0.61,581.12,1.13,495.7,581.12,33.091,15.84,"[581.12, 520.92, 559.11, 495.7]","[3, 3, 4, 3]",13
assembly_1,4,0.9,subgraph_mip,time_balanced_weight,1000,343,1105,211,19.1,0.371,1.619,7.4,9.019,34.04,0.9184,3.59,574,-0.11,505.12,574,25.126,12.77,"[574, 530.13, 505.12, 547.6]","[3, 3, 3, 4]",13
assembly_1,4,0.9,subgraph_mip,combined,1000,343,1105,346,31.31,0.371,3.661,17.021,20.682,14.85,0.8919,0.61,581.12,1.13,495.7,581.12,33.091,15.84,"[581.12, 520.92, 559.11, 495.7]","[3, 3, 4, 3]",13
assembly_1,4,0.9,subgraph_mip,blended,1000,343,1105,59,5.34,0.371,2.754,1.078,3.832,80.12,0.9044,2.01,574.62,0.0,518.92,574.62,22.439,10.33,"[542.48, 520.83, 574.62, 518.92]","[4, 3, 3, 3]",13
assembly_1,4,0.9,subgraph_mip,blended_union,1000,343,1105,297,26.88,0.371,7.164,3.057,10.221,30.04,0.8865,0.0,574.62,0.0,502.2,574.62,29.643,13.43,"[502.2, 561.11, 574.62, 518.92]","[3, 4, 3, 3]",13
assembly_1,4,0.9,subgraph_mip,diverse,1000,343,1105,1100,99.55,0.371,0.617,249.206,249.822,1.23,0.8865,0.0,574.62,0.0,502.2,574.62,29.643,13.43,"[502.2, 561.11, 574.62, 518.92]","[3, 4, 3, 3]",13
assembly_1,4,0.9,subgraph_mip,edge_weight,2000,343,1105,185,16.74,0.371,4.665,3.591,8.256,37.19,0.8919,0.61,581.12,1.13,495.7,581.12,33.091,15.84,"[581.12, 520.92, 559.11, 495.7]","[3, 3, 4, 3]",13
assembly_1,4,0.9,subgraph_mip,time_balanced_weight,2000,343,1105,292,26.43,0.371,3.854,8.912,12.766,24.05,0.9178,3.53,574,-0.11,495.7,574,28.169,14.52,"[574, 539.55, 495.7, 547.6]","[3, 3, 3, 4]",13
assembly_1,4,0.9,subgraph_mip,combined,2000,343,1105,460,41.63,0.371,8.321,22.57,30.892,9.94,0.8919,0.61,581.12,1.13,495.7,581.12,33.091,15.84,"[581.12, 520.92, 559.11, 495.7]","[3, 3, 4, 3]",13
assembly_1,4,0.9,subgraph_mip,blended,2000,343,1105,154,13.94,0.371,6.737,2.153,8.89,34.54,0.9044,2.01,574.62,0.0,518.92,574.62,22.439,10.33,"[542.48, 520.83, 574.62, 518.92]","[4, 3, 3, 3]",13
assembly_1,4,0.9,subgraph_mip,blended_union,2000,343,1105,410,37.1,0.371,15.764,27.486,43.25,7.1,0.8865,0.0,574.62,0.0,502.2,574.62,29.643,13.43,"[502.2, 561.11, 574.62, 518.92]","[3, 4, 3, 3]",13
assembly_1,4,0.9,subgraph_mip,diverse,2000,343,1105,1105,100.0,0.371,1.216,164.021,165.236,1.86,0.8865,0.0,574.62,0.0,502.2,574.62,29.643,13.43,"[502.2, 561.11, 574.62, 518.92]","[3, 4, 3, 3]",13
assembly_1,4,0.9,subgraph_mip,edge_weight,5000,343,1105,232,21.0,0.371,17.396,1.457,18.853,16.29,0.8919,0.61,581.12,1.13,495.7,581.12,33.091,15.84,"[581.12, 520.92, 559.11, 495.7]","[3, 3, 4, 3]",13
assembly_1,4,0.9,subgraph_mip,time_balanced_weight,5000,343,1105,431,39.0,0.371,15.179,23.244,38.424,7.99,0.9002,1.54,567.5,-1.24,486.92,567.5,31.02,14.94,"[554.83, 567.5, 486.92, 547.6]","[4, 3, 2, 4]",13
assembly_1,4,0.9,subgraph_mip,combined,5000,343,1105,632,57.19,0.371,32.402,25.484,57.886,5.3,0.8919,0.61,581.12,1.13,495.7,581.12,33.091,15.84,"[581.12, 520.92, 559.11, 495.7]","[3, 3, 4, 3]",13
assembly_1,4,0.9,subgraph_mip,blended,5000,343,1105,173,15.66,0.371,22.556,1.343,23.899,12.85,0.9044,2.01,574.62,0.0,518.92,574.62,22.439,10.33,"[542.48, 520.83, 574.62, 518.92]","[4, 3, 3, 3]",13
assembly_1,4,0.9,subgraph_mip,blended_union,5000,343,1105,525,47.51,0.371,52.619,38.035,90.654,3.39,0.8865,0.0,574.62,0.0,502.2,574.62,29.643,13.43,"[502.2, 561.11, 574.62, 518.92]","[3, 4, 3, 3]",13
assembly_1,4,0.9,subgraph_mip,diverse,5000,343,1105,1105,100.0,0.371,2.627,130.228,132.855,2.31,0.8865,0.0,574.62,0.0,502.2,574.62,29.643,13.43,"[502.2, 561.11, 574.62, 518.92]","[3, 4, 3, 3]",13
assembly_1,4,0.95,full_mip,—,,343,1105,1105,100.0,0.398,0.0,342.564,342.564,1.0,0.8871,0.0,574.62,0.0,502.2,574.62,29.643,13.43,"[502.2, 561.11, 574.62, 518.92]","[3, 4, 3, 3]",13
assembly_1,4,0.95,subgraph_mip,edge_weight,1,343,1105,13,1.18,0.398,0.004,0.03,0.034,10160.08,0.8987,1.31,584.04,1.64,495.7,584.04,34.455,16.38,"[584.04, 518, 559.11, 495.7]","[3, 3, 4, 3]",13
assembly_1,4,0.95,subgraph_mip,time_balanced_weight,1,343,1105,13,1.18,0.398,0.002,0.091,0.093,3698.92,0.9359,5.5,597.84,4.04,398.88,597.84,81.458,36.9,"[586.13, 574, 398.88, 597.84]","[3, 3, 4, 3]",13
assembly_1,4,0.95,subgraph_mip,combined,1,343,1105,26,2.35,0.398,0.003,1.37,1.373,249.47,0.8987,1.31,584.04,1.64,495.7,584.04,34.455,16.38,"[584.04, 518, 559.11, 495.7]","[3, 3, 4, 3]",13
assembly_1,4,0.95,subgraph_mip,blended,1,343,1105,13,1.18,0.398,0.002,0.061,0.063,5439.1,0.896,1.01,574.62,0.0,518.92,574.62,22.439,10.33,"[542.48, 520.83, 574.62, 518.92]","[4, 3, 3, 3]",13
assembly_1,4,0.95,subgraph_mip,blended_union,1,343,1105,37,3.35,0.398,0.014,0.945,0.958,357.4,0.8987,1.31,584.04,1.64,495.7,584.04,34.455,16.38,"[584.04, 518, 559.11, 495.7]","[3, 3, 4, 3]",13
assembly_1,4,0.95,subgraph_mip,diverse,1,343,1105,13,1.18,0.398,0.004,0.058,0.062,5508.83,0.896,1.01,574.62,0.0,518.92,574.62,22.439,10.33,"[542.48, 520.83, 574.62, 518.92]","[4, 3, 3, 3]",13
assembly_1,4,0.95,subgraph_mip,edge_weight,2,343,1105,15,1.36,0.398,0.008,0.096,0.104,3300.51,0.8987,1.31,584.04,1.64,495.7,584.04,34.455,16.38,"[584.04, 518, 559.11, 495.7]","[3, 3, 4, 3]",13
assembly_1,4,0.95,subgraph_mip,time_balanced_weight,2,343,1105,15,1.36,0.398,0.006,0.19,0.195,1753.29,0.9359,5.5,597.84,4.04,398.88,597.84,81.458,36.9,"[586.13, 574, 398.88, 597.84]","[3, 3, 4, 3]",13
assembly_1,4,0.95,subgraph_mip,combined,2,343,1105,30,2.71,0.398,0.012,0.257,0.269,1274.02,0.8987,1.31,584.04,1.64,495.7,584.04,34.455,16.38,"[584.04, 518, 559.11, 495.7]","[3, 3, 4, 3]",13
assembly_1,4,0.95,subgraph_mip,blended,2,343,1105,15,1.36,0.398,0.007,0.265,0.272,1261.35,0.896,1.01,574.62,0.0,518.92,574.62,22.439,10.33,"[542.48, 520.83, 574.62, 518.92]","[4, 3, 3, 3]",13
assembly_1,4,0.95,subgraph_mip,blended_union,2,343,1105,43,3.89,0.398,0.025,1.164,1.189,288.2,0.898,1.24,574.62,0.0,518.92,574.62,22.439,10.33,"[542.48, 520.83, 574.62, 518.92]","[4, 3, 3, 3]",13
assembly_1,4,0.95,subgraph_mip,diverse,2,343,1105,26,2.35,0.398,0.005,0.598,0.603,568.23,0.896,1.01,574.62,0.0,518.92,574.62,22.439,10.33,"[542.48, 520.83, 574.62, 518.92]","[4, 3, 3, 3]",13
assembly_1,4,0.95,subgraph_mip,edge_weight,5,343,1105,21,1.9,0.398,0.023,0.424,0.447,766.14,0.8987,1.31,584.04,1.64,495.7,584.04,34.455,16.38,"[584.04, 518, 559.11, 495.7]","[3, 3, 4, 3]",13
assembly_1,4,0.95,subgraph_mip,time_balanced_weight,5,343,1105,27,2.44,0.398,0.016,0.277,0.293,1169.51,0.9189,3.59,586.13,2.0,412.68,586.13,73.197,32.17,"[586.13, 574, 584.04, 412.68]","[3, 3, 3, 4]",13
assembly_1,4,0.95,subgraph_mip,combined,5,343,1105,48,4.34,0.398,0.023,0.417,0.44,777.97,0.8987,1.31,584.04,1.64,495.7,584.04,34.455,16.38,"[584.04, 518, 559.11, 495.7]","[3, 3, 4, 3]",13
assembly_1,4,0.95,subgraph_mip,blended,5,343,1105,19,1.72,0.398,0.011,0.19,0.201,1707.1,0.896,1.01,574.62,0.0,518.92,574.62,22.439,10.33,"[542.48, 520.83, 574.62, 518.92]","[4, 3, 3, 3]",13
assembly_1,4,0.95,subgraph_mip,blended_union,5,343,1105,60,5.43,0.398,0.078,0.566,0.645,531.42,0.8975,1.17,574.62,0.0,518.92,574.62,22.439,10.33,"[542.48, 520.83, 574.62, 518.92]","[4, 3, 3, 3]",13
assembly_1,4,0.95,subgraph_mip,diverse,5,343,1105,65,5.88,0.398,0.006,0.569,0.575,595.29,0.896,1.01,574.62,0.0,518.92,574.62,22.439,10.33,"[542.48, 520.83, 574.62, 518.92]","[4, 3, 3, 3]",13
assembly_1,4,0.95,subgraph_mip,edge_weight,10,343,1105,24,2.17,0.398,0.044,0.15,0.194,1765.94,0.8987,1.31,584.04,1.64,495.7,584.04,34.455,16.38,"[584.04, 518, 559.11, 495.7]","[3, 3, 4, 3]",13
assembly_1,4,0.95,subgraph_mip,time_balanced_weight,10,343,1105,38,3.44,0.398,0.021,1.986,2.007,170.68,0.9185,3.54,586.13,2.0,453.4,586.13,51.942,24.62,"[586.13, 574, 543.32, 453.4]","[3, 3, 4, 3]",13
assembly_1,4,0.95,subgraph_mip,combined,10,343,1105,62,5.61,0.398,0.071,0.922,0.993,344.87,0.8987,1.31,584.04,1.64,495.7,584.04,34.455,16.38,"[584.04, 518, 559.11, 495.7]","[3, 3, 4, 3]",13
assembly_1,4,0.95,subgraph_mip,blended,10,343,1105,23,2.08,0.398,0.032,0.448,0.48,713.48,0.896,1.01,574.62,0.0,518.92,574.62,22.439,10.33,"[542.48, 520.83, 574.62, 518.92]","[4, 3, 3, 3]",13
assembly_1,4,0.95,subgraph_mip,blended_union,10,343,1105,76,6.88,0.398,0.123,0.714,0.836,409.59,0.8973,1.15,574.62,0.0,518.92,574.62,22.439,10.33,"[542.48, 520.83, 574.62, 518.92]","[4, 3, 3, 3]",13
assembly_1,4,0.95,subgraph_mip,diverse,10,343,1105,126,11.4,0.398,0.018,1.221,1.238,276.61,0.896,1.01,574.62,0.0,518.92,574.62,22.439,10.33,"[542.48, 520.83, 574.62, 518.92]","[4, 3, 3, 3]",13
assembly_1,4,0.95,subgraph_mip,edge_weight,20,343,1105,35,3.17,0.398,0.085,0.478,0.563,608.66,0.8987,1.31,584.04,1.64,495.7,584.04,34.455,16.38,"[584.04, 518, 559.11, 495.7]","[3, 3, 4, 3]",13
assembly_1,4,0.95,subgraph_mip,time_balanced_weight,20,343,1105,42,3.8,0.398,0.036,0.377,0.413,830.34,0.9185,3.54,586.13,2.0,453.4,586.13,51.942,24.62,"[586.13, 574, 543.32, 453.4]","[3, 3, 4, 3]",13
assembly_1,4,0.95,subgraph_mip,combined,20,343,1105,77,6.97,0.398,0.159,0.721,0.88,389.48,0.8987,1.31,584.04,1.64,495.7,584.04,34.455,16.38,"[584.04, 518, 559.11, 495.7]","[3, 3, 4, 3]",13
assembly_1,4,0.95,subgraph_mip,blended,20,343,1105,28,2.53,0.398,0.081,0.73,0.811,422.21,0.896,1.01,574.62,0.0,518.92,574.62,22.439,10.33,"[542.48, 520.83, 574.62, 518.92]","[4, 3, 3, 3]",13
assembly_1,4,0.95,subgraph_mip,blended_union,20,343,1105,92,8.33,0.398,0.284,1.001,1.284,266.75,0.8973,1.15,574.62,0.0,518.92,574.62,22.439,10.33,"[542.48, 520.83, 574.62, 518.92]","[4, 3, 3, 3]",13
assembly_1,4,0.95,subgraph_mip,diverse,20,343,1105,239,21.63,0.398,0.02,3.977,3.997,85.7,0.895,0.89,581.12,1.13,495.7,581.12,36.361,15.84,"[581.12, 511.4, 568.63, 495.7]","[3, 3, 4, 3]",13
assembly_1,4,0.95,subgraph_mip,edge_weight,50,343,1105,54,4.89,0.398,0.21,0.569,0.779,439.6,0.8987,1.31,584.04,1.64,495.7,584.04,34.455,16.38,"[584.04, 518, 559.11, 495.7]","[3, 3, 4, 3]",13
assembly_1,4,0.95,subgraph_mip,time_balanced_weight,50,343,1105,63,5.7,0.398,0.105,0.875,0.979,349.76,0.9185,3.54,586.13,2.0,453.4,586.13,51.942,24.62,"[586.13, 574, 543.32, 453.4]","[3, 3, 4, 3]",13
assembly_1,4,0.95,subgraph_mip,combined,50,343,1105,116,10.5,0.398,0.32,1.351,1.671,205.04,0.8987,1.31,584.04,1.64,495.7,584.04,34.455,16.38,"[584.04, 518, 559.11, 495.7]","[3, 3, 4, 3]",13
assembly_1,4,0.95,subgraph_mip,blended,50,343,1105,32,2.9,0.398,0.186,0.822,1.008,339.79,0.896,1.01,574.62,0.0,518.92,574.62,22.439,10.33,"[542.48, 520.83, 574.62, 518.92]","[4, 3, 3, 3]",13
assembly_1,4,0.95,subgraph_mip,blended_union,50,343,1105,125,11.31,0.398,0.741,1.424,2.165,158.24,0.8973,1.15,574.62,0.0,518.92,574.62,22.439,10.33,"[542.48, 520.83, 574.62, 518.92]","[4, 3, 3, 3]",13
assembly_1,4,0.95,subgraph_mip,diverse,50,343,1105,504,45.61,0.398,0.031,57.914,57.945,5.91,0.895,0.89,581.12,1.13,495.7,581.12,36.361,15.84,"[581.12, 511.4, 568.63, 495.7]","[3, 3, 4, 3]",13
assembly_1,4,0.95,subgraph_mip,edge_weight,100,343,1105,78,7.06,0.398,0.364,0.991,1.355,252.75,0.8987,1.31,584.04,1.64,495.7,584.04,34.455,16.38,"[584.04, 518, 559.11, 495.7]","[3, 3, 4, 3]",13
assembly_1,4,0.95,subgraph_mip,time_balanced_weight,100,343,1105,86,7.78,0.398,0.236,1.463,1.699,201.63,0.9031,1.81,574,-0.11,514.33,574,23.634,11.07,"[514.33, 574, 520.92, 547.6]","[3, 3, 3, 4]",13
assembly_1,4,0.95,subgraph_mip,combined,100,343,1105,162,14.66,0.398,0.54,2.025,2.565,133.58,0.8987,1.31,584.04,1.64,495.7,584.04,34.455,16.38,"[584.04, 518, 559.11, 495.7]","[3, 3, 4, 3]",13
assembly_1,4,0.95,subgraph_mip,blended,100,343,1105,40,3.62,0.398,0.325,0.827,1.153,297.2,0.896,1.01,574.62,0.0,518.92,574.62,22.439,10.33,"[542.48, 520.83, 574.62, 518.92]","[4, 3, 3, 3]",13
assembly_1,4,0.95,subgraph_mip,blended_union,100,343,1105,153,13.85,0.398,1.219,1.977,3.196,107.19,0.8973,1.15,574.62,0.0,518.92,574.62,22.439,10.33,"[542.48, 520.83, 574.62, 518.92]","[4, 3, 3, 3]",13
assembly_1,4,0.95,subgraph_mip,diverse,100,343,1105,743,67.24,0.398,0.068,133.312,133.38,2.57,0.8883,0.13,574.62,0.0,502.2,574.62,29.643,13.43,"[502.2, 561.11, 574.62, 518.92]","[3, 4, 3, 3]",13
assembly_1,4,0.95,subgraph_mip,edge_weight,200,343,1105,95,8.6,0.398,0.478,0.757,1.234,277.51,0.8987,1.31,584.04,1.64,495.7,584.04,34.455,16.38,"[584.04, 518, 559.11, 495.7]","[3, 3, 4, 3]",13
assembly_1,4,0.95,subgraph_mip,time_balanced_weight,200,343,1105,111,10.05,0.398,0.264,1.04,1.305,262.55,0.9029,1.78,574,-0.11,514.33,574,23.634,11.07,"[514.33, 574, 520.92, 547.6]","[3, 3, 3, 4]",13
assembly_1,4,0.95,subgraph_mip,combined,200,343,1105,202,18.28,0.398,0.765,3.472,4.237,80.84,0.8987,1.31,584.04,1.64,495.7,584.04,34.455,16.38,"[584.04, 518, 559.11, 495.7]","[3, 3, 4, 3]",13
assembly_1,4,0.95,subgraph_mip,blended,200,343,1105,45,4.07,0.398,0.435,0.708,1.143,299.75,0.896,1.01,574.62,0.0,518.92,574.62,22.439,10.33,"[542.48, 520.83, 574.62, 518.92]","[4, 3, 3, 3]",13
assembly_1,4,0.95,subgraph_mip,blended_union,200,343,1105,177,16.02,0.398,1.659,2.272,3.931,87.15,0.8967,1.08,581.12,1.13,511.5,581.12,27.859,12.91,"[581.12, 516.63, 511.5, 547.6]","[3, 3, 3, 4]",13
assembly_1,4,0.95,subgraph_mip,diverse,200,343,1105,906,81.99,0.398,0.11,123.852,123.962,2.76,0.8874,0.04,574.62,0.0,502.2,574.62,29.643,13.43,"[502.2, 561.11, 574.62, 518.92]","[3, 4, 3, 3]",13
assembly_1,4,0.95,subgraph_mip,edge_weight,500,343,1105,108,9.77,0.398,1.094,0.637,1.731,197.89,0.8948,0.87,581.12,1.13,495.7,581.12,33.091,15.84,"[581.12, 520.92, 559.11, 495.7]","[3, 3, 4, 3]",13
assembly_1,4,0.95,subgraph_mip,time_balanced_weight,500,343,1105,153,13.85,0.398,0.757,2.997,3.754,91.25,0.9029,1.78,574,-0.11,505.12,574,29.903,12.77,"[514.33, 574, 505.12, 563.4]","[3, 3, 3, 4]",13
assembly_1,4,0.95,subgraph_mip,combined,500,343,1105,257,23.26,0.398,1.793,4.494,6.287,54.49,0.8948,0.87,581.12,1.13,495.7,581.12,33.091,15.84,"[581.12, 520.92, 559.11, 495.7]","[3, 3, 4, 3]",13
assembly_1,4,0.95,subgraph_mip,blended,500,343,1105,53,4.8,0.398,1.132,0.589,1.721,199.01,0.896,1.01,574.62,0.0,518.92,574.62,22.439,10.33,"[542.48, 520.83, 574.62, 518.92]","[4, 3, 3, 3]",13
assembly_1,4,0.95,subgraph_mip,blended_union,500,343,1105,245,22.17,0.398,3.511,1.897,5.408,63.34,0.8871,0.0,574.62,0.0,502.2,574.62,29.643,13.43,"[502.2, 561.11, 574.62, 518.92]","[3, 4, 3, 3]",13
assembly_1,4,0.95,subgraph_mip,diverse,500,343,1105,1044,94.48,0.398,0.297,79.181,79.478,4.31,0.8871,0.01,574.62,0.0,502.2,574.62,29.643,13.43,"[502.2, 561.11, 574.62, 518.92]","[3, 4, 3, 3]",13
assembly_1,4,0.95,subgraph_mip,edge_weight,1000,343,1105,142,12.85,0.398,2.059,0.873,2.932,116.82,0.8948,0.87,581.12,1.13,495.7,581.12,33.091,15.84,"[581.12, 520.92, 559.11, 495.7]","[3, 3, 4, 3]",13
assembly_1,4,0.95,subgraph_mip,time_balanced_weight,1000,343,1105,211,19.1,0.398,1.634,5.671,7.304,46.9,0.9023,1.71,571.7,-0.51,505.12,571.7,28.778,12.35,"[516.63, 571.7, 505.12, 563.4]","[3, 3, 3, 4]",13
assembly_1,4,0.95,subgraph_mip,combined,1000,343,1105,346,31.31,0.398,3.684,13.189,16.873,20.3,0.8948,0.87,581.12,1.13,495.7,581.12,33.091,15.84,"[581.12, 520.92, 559.11, 495.7]","[3, 3, 4, 3]",13
assembly_1,4,0.95,subgraph_mip,blended,1000,343,1105,59,5.34,0.398,2.775,0.285,3.059,111.97,0.896,1.01,574.62,0.0,518.92,574.62,22.439,10.33,"[542.48, 520.83, 574.62, 518.92]","[4, 3, 3, 3]",13
assembly_1,4,0.95,subgraph_mip,blended_union,1000,343,1105,297,26.88,0.398,7.266,2.982,10.248,33.43,0.8871,0.0,574.62,0.0,502.2,574.62,29.643,13.43,"[502.2, 561.11, 574.62, 518.92]","[3, 4, 3, 3]",13
assembly_1,4,0.95,subgraph_mip,diverse,1000,343,1105,1101,99.64,0.398,0.631,144.071,144.702,2.37,0.8871,0.0,574.62,0.0,502.2,574.62,29.643,13.43,"[502.2, 561.11, 574.62, 518.92]","[3, 4, 3, 3]",13
assembly_1,4,0.95,subgraph_mip,edge_weight,2000,343,1105,185,16.74,0.398,4.79,1.057,5.847,58.58,0.8948,0.87,581.12,1.13,495.7,581.12,33.091,15.84,"[581.12, 520.92, 559.11, 495.7]","[3, 3, 4, 3]",13
assembly_1,4,0.95,subgraph_mip,time_balanced_weight,2000,343,1105,292,26.43,0.398,4.022,10.275,14.297,23.96,0.9019,1.67,571.7,-0.51,505.12,571.7,28.778,12.35,"[516.63, 571.7, 505.12, 563.4]","[3, 3, 3, 4]",13
assembly_1,4,0.95,subgraph_mip,combined,2000,343,1105,460,41.63,0.398,8.867,19.114,27.981,12.24,0.8948,0.87,581.12,1.13,495.7,581.12,33.091,15.84,"[581.12, 520.92, 559.11, 495.7]","[3, 3, 4, 3]",13
assembly_1,4,0.95,subgraph_mip,blended,2000,343,1105,154,13.94,0.398,7.054,1.319,8.373,40.91,0.896,1.01,574.62,0.0,518.92,574.62,22.439,10.33,"[542.48, 520.83, 574.62, 518.92]","[4, 3, 3, 3]",13
assembly_1,4,0.95,subgraph_mip,blended_union,2000,343,1105,410,37.1,0.398,16.743,10.334,27.077,12.65,0.8871,0.0,574.62,0.0,502.2,574.62,29.643,13.43,"[502.2, 561.11, 574.62, 518.92]","[3, 4, 3, 3]",13
assembly_1,4,0.95,subgraph_mip,diverse,2000,343,1105,1105,100.0,0.398,1.243,195.791,197.034,1.74,0.8871,0.0,574.62,0.0,502.2,574.62,29.643,13.43,"[502.2, 561.11, 574.62, 518.92]","[3, 4, 3, 3]",13
assembly_1,4,0.95,subgraph_mip,edge_weight,5000,343,1105,232,21.0,0.398,17.826,2.473,20.299,16.88,0.8948,0.87,581.12,1.13,495.7,581.12,33.091,15.84,"[581.12, 520.92, 559.11, 495.7]","[3, 3, 4, 3]",13
assembly_1,4,0.95,subgraph_mip,time_balanced_weight,5000,343,1105,431,39.0,0.398,15.434,16.514,31.948,10.72,0.8884,0.15,567.5,-1.24,486.92,567.5,31.02,14.94,"[554.83, 567.5, 486.92, 547.6]","[4, 3, 2, 4]",13
assembly_1,4,0.95,subgraph_mip,combined,5000,343,1105,632,57.19,0.398,33.256,44.151,77.408,4.43,0.8884,0.15,567.5,-1.24,486.92,567.5,31.02,14.94,"[554.83, 567.5, 486.92, 547.6]","[4, 3, 2, 4]",13
assembly_1,4,0.95,subgraph_mip,blended,5000,343,1105,162,14.66,0.398,23.982,2.057,26.039,13.16,0.896,1.01,574.62,0.0,518.92,574.62,22.439,10.33,"[542.48, 520.83, 574.62, 518.92]","[4, 3, 3, 3]",13
assembly_1,4,0.95,subgraph_mip,blended_union,5000,343,1105,525,47.51,0.398,59.593,24.552,84.145,4.07,0.8871,0.0,574.62,0.0,502.2,574.62,29.643,13.43,"[502.2, 561.11, 574.62, 518.92]","[3, 4, 3, 3]",13
assembly_1,4,0.95,subgraph_mip,diverse,5000,343,1105,1105,100.0,0.398,3.024,181.926,184.95,1.85,0.8871,0.0,574.62,0.0,502.2,574.62,29.643,13.43,"[502.2, 561.11, 574.62, 518.92]","[3, 4, 3, 3]",13
assembly_1,4,1.0,full_mip,—,,343,1105,1105,100.0,0.509,0.0,249.422,249.422,1.0,0.8766,0.0,567.5,0.0,486.92,567.5,31.02,14.94,"[554.83, 567.5, 486.92, 547.6]","[4, 3, 2, 4]",13
assembly_1,4,1.0,subgraph_mip,edge_weight,1,343,1105,13,1.18,0.509,0.001,0.031,0.033,7588.07,0.9022,2.91,584.04,2.91,495.7,584.04,34.455,16.38,"[584.04, 518, 559.11, 495.7]","[3, 3, 4, 3]",13
assembly_1,4,1.0,subgraph_mip,time_balanced_weight,1,343,1105,13,1.18,0.509,0.001,0.182,0.182,1367.04,0.9235,5.35,597.84,5.35,398.88,597.84,81.458,36.9,"[586.13, 574, 398.88, 597.84]","[3, 3, 4, 3]",13
assembly_1,4,1.0,subgraph_mip,combined,1,343,1105,26,2.35,0.509,0.001,0.59,0.591,421.93,0.9022,2.91,584.04,2.91,495.7,584.04,34.455,16.38,"[584.04, 518, 559.11, 495.7]","[3, 3, 4, 3]",13
assembly_1,4,1.0,subgraph_mip,blended,1,343,1105,13,1.18,0.509,0.001,0.026,0.027,9264.1,0.8876,1.25,574.62,1.25,518.92,574.62,22.439,10.33,"[542.48, 520.83, 574.62, 518.92]","[4, 3, 3, 3]",13
assembly_1,4,1.0,subgraph_mip,blended_union,1,343,1105,37,3.35,0.509,0.01,0.127,0.137,1818.89,0.8876,1.25,574.62,1.25,518.92,574.62,22.439,10.33,"[542.48, 520.83, 574.62, 518.92]","[4, 3, 3, 3]",13
assembly_1,4,1.0,subgraph_mip,diverse,1,343,1105,13,1.18,0.509,0.003,0.027,0.03,8296.5,0.8876,1.25,574.62,1.25,518.92,574.62,22.439,10.33,"[542.48, 520.83, 574.62, 518.92]","[4, 3, 3, 3]",13
assembly_1,4,1.0,subgraph_mip,edge_weight,2,343,1105,15,1.36,0.509,0.004,0.206,0.209,1190.88,0.9022,2.91,584.04,2.91,495.7,584.04,34.455,16.38,"[584.04, 518, 559.11, 495.7]","[3, 3, 4, 3]",13
assembly_1,4,1.0,subgraph_mip,time_balanced_weight,2,343,1105,15,1.36,0.509,0.003,0.108,0.11,2262.22,0.9235,5.35,597.84,5.35,398.88,597.84,81.458,36.9,"[586.13, 574, 398.88, 597.84]","[3, 3, 4, 3]",13
assembly_1,4,1.0,subgraph_mip,combined,2,343,1105,30,2.71,0.509,0.006,1.182,1.188,209.94,0.9022,2.91,584.04,2.91,495.7,584.04,34.455,16.38,"[584.04, 518, 559.11, 495.7]","[3, 3, 4, 3]",13
assembly_1,4,1.0,subgraph_mip,blended,2,343,1105,15,1.36,0.509,0.003,0.223,0.226,1102.61,0.8876,1.25,574.62,1.25,518.92,574.62,22.439,10.33,"[542.48, 520.83, 574.62, 518.92]","[4, 3, 3, 3]",13
assembly_1,4,1.0,subgraph_mip,blended_union,2,343,1105,43,3.89,0.509,0.019,0.187,0.206,1209.31,0.8876,1.25,574.62,1.25,518.92,574.62,22.439,10.33,"[542.48, 520.83, 574.62, 518.92]","[4, 3, 3, 3]",13
assembly_1,4,1.0,subgraph_mip,diverse,2,343,1105,26,2.35,0.509,0.004,0.334,0.338,738.21,0.8876,1.25,574.62,1.25,518.92,574.62,22.439,10.33,"[542.48, 520.83, 574.62, 518.92]","[4, 3, 3, 3]",13
assembly_1,4,1.0,subgraph_mip,edge_weight,5,343,1105,21,1.9,0.509,0.011,0.148,0.159,1571.27,0.9022,2.91,584.04,2.91,495.7,584.04,34.455,16.38,"[584.04, 518, 559.11, 495.7]","[3, 3, 4, 3]",13
assembly_1,4,1.0,subgraph_mip,time_balanced_weight,5,343,1105,27,2.44,0.509,0.007,0.294,0.301,828.87,0.9054,3.28,586.13,3.28,412.68,586.13,73.197,32.17,"[586.13, 574, 584.04, 412.68]","[3, 3, 3, 4]",13
assembly_1,4,1.0,subgraph_mip,combined,5,343,1105,48,4.34,0.509,0.018,0.19,0.208,1199.11,0.9022,2.91,584.04,2.91,495.7,584.04,34.455,16.38,"[584.04, 518, 559.11, 495.7]","[3, 3, 4, 3]",13
assembly_1,4,1.0,subgraph_mip,blended,5,343,1105,21,1.9,0.509,0.01,0.219,0.23,1086.44,0.8876,1.25,574.62,1.25,518.92,574.62,22.439,10.33,"[542.48, 520.83, 574.62, 518.92]","[4, 3, 3, 3]",13
assembly_1,4,1.0,subgraph_mip,blended_union,5,343,1105,60,5.43,0.509,0.045,0.249,0.294,848.36,0.8876,1.25,574.62,1.25,518.92,574.62,22.439,10.33,"[542.48, 520.83, 574.62, 518.92]","[4, 3, 3, 3]",13
assembly_1,4,1.0,subgraph_mip,diverse,5,343,1105,65,5.88,0.509,0.005,0.306,0.311,801.91,0.8831,0.74,571.7,0.74,516.63,571.7,22.194,10.21,"[516.63, 571.7, 520.92, 547.6]","[3, 3, 3, 4]",13
assembly_1,4,1.0,subgraph_mip,edge_weight,10,343,1105,24,2.17,0.509,0.023,0.927,0.95,262.45,0.9022,2.91,584.04,2.91,495.7,584.04,34.455,16.38,"[584.04, 518, 559.11, 495.7]","[3, 3, 4, 3]",13
assembly_1,4,1.0,subgraph_mip,time_balanced_weight,10,343,1105,38,3.44,0.509,0.014,0.206,0.22,1133.52,0.9054,3.28,586.13,3.28,489.84,586.13,41.516,17.86,"[586.13, 574, 489.84, 506.88]","[3, 3, 2, 5]",13
assembly_1,4,1.0,subgraph_mip,combined,10,343,1105,62,5.61,0.509,0.037,0.319,0.355,702.16,0.9022,2.91,584.04,2.91,495.7,584.04,34.455,16.38,"[584.04, 518, 559.11, 495.7]","[3, 3, 4, 3]",13
assembly_1,4,1.0,subgraph_mip,blended,10,343,1105,31,2.81,0.509,0.021,0.173,0.194,1286.97,0.8876,1.25,574.62,1.25,518.92,574.62,22.439,10.33,"[542.48, 520.83, 574.62, 518.92]","[4, 3, 3, 3]",13
assembly_1,4,1.0,subgraph_mip,blended_union,10,343,1105,76,6.88,0.509,0.082,0.378,0.46,542.51,0.8876,1.25,574.62,1.25,518.92,574.62,22.439,10.33,"[542.48, 520.83, 574.62, 518.92]","[4, 3, 3, 3]",13
assembly_1,4,1.0,subgraph_mip,diverse,10,343,1105,126,11.4,0.509,0.007,1.429,1.436,173.74,0.8831,0.74,571.7,0.74,516.63,571.7,22.194,10.21,"[516.63, 571.7, 520.92, 547.6]","[3, 3, 3, 4]",13
assembly_1,4,1.0,subgraph_mip,edge_weight,20,343,1105,35,3.17,0.509,0.048,0.685,0.733,340.07,0.9022,2.91,584.04,2.91,495.7,584.04,34.455,16.38,"[584.04, 518, 559.11, 495.7]","[3, 3, 4, 3]",13
assembly_1,4,1.0,subgraph_mip,time_balanced_weight,20,343,1105,42,3.8,0.509,0.032,0.358,0.39,639.44,0.9054,3.28,586.13,3.28,412.68,586.13,73.197,32.17,"[586.13, 574, 584.04, 412.68]","[3, 3, 3, 4]",13
assembly_1,4,1.0,subgraph_mip,combined,20,343,1105,77,6.97,0.509,0.08,0.436,0.516,483.78,0.9022,2.91,584.04,2.91,495.7,584.04,34.455,16.38,"[584.04, 518, 559.11, 495.7]","[3, 3, 4, 3]",13
assembly_1,4,1.0,subgraph_mip,blended,20,343,1105,33,2.99,0.509,0.047,0.203,0.25,998.6,0.8876,1.25,574.62,1.25,518.92,574.62,22.439,10.33,"[542.48, 520.83, 574.62, 518.92]","[4, 3, 3, 3]",13
assembly_1,4,1.0,subgraph_mip,blended_union,20,343,1105,92,8.33,0.509,0.179,0.488,0.667,373.76,0.8876,1.25,574.62,1.25,518.92,574.62,22.439,10.33,"[542.48, 520.83, 574.62, 518.92]","[4, 3, 3, 3]",13
assembly_1,4,1.0,subgraph_mip,diverse,20,343,1105,239,21.63,0.509,0.01,3.647,3.657,68.2,0.8831,0.74,571.7,0.74,516.63,571.7,22.194,10.21,"[516.63, 571.7, 520.92, 547.6]","[3, 3, 3, 4]",13
assembly_1,4,1.0,subgraph_mip,edge_weight,50,343,1105,54,4.89,0.509,0.118,0.259,0.377,661.07,0.9022,2.91,584.04,2.91,495.7,584.04,35.076,16.38,"[584.04, 516, 561.11, 495.7]","[3, 3, 4, 3]",13
assembly_1,4,1.0,subgraph_mip,time_balanced_weight,50,343,1105,63,5.7,0.509,0.087,0.467,0.554,449.92,0.9054,3.28,586.13,3.28,447.12,586.13,54.773,25.78,"[586.13, 574, 549.6, 447.12]","[3, 3, 4, 3]",13
assembly_1,4,1.0,subgraph_mip,combined,50,343,1105,116,10.5,0.509,0.195,1.278,1.473,169.38,0.9022,2.91,584.04,2.91,495.7,584.04,34.455,16.38,"[584.04, 518, 559.11, 495.7]","[3, 3, 4, 3]",13
assembly_1,4,1.0,subgraph_mip,blended,50,343,1105,45,4.07,0.509,0.103,0.254,0.356,699.78,0.8876,1.25,574.62,1.25,518.92,574.62,22.439,10.33,"[542.48, 520.83, 574.62, 518.92]","[4, 3, 3, 3]",13
assembly_1,4,1.0,subgraph_mip,blended_union,50,343,1105,125,11.31,0.509,0.418,0.828,1.246,200.19,0.8876,1.25,574.62,1.25,518.92,574.62,22.439,10.33,"[542.48, 520.83, 574.62, 518.92]","[4, 3, 3, 3]",13
assembly_1,4,1.0,subgraph_mip,diverse,50,343,1105,498,45.07,0.509,0.024,20.369,20.393,12.23,0.8831,0.74,571.7,0.74,516.63,571.7,22.194,10.21,"[516.63, 571.7, 520.92, 547.6]","[3, 3, 3, 4]",13
assembly_1,4,1.0,subgraph_mip,edge_weight,100,343,1105,78,7.06,0.509,0.218,0.433,0.652,382.7,0.9022,2.91,584.04,2.91,495.7,584.04,40.051,16.38,"[584.04, 574, 503.11, 495.7]","[3, 3, 4, 3]",13
assembly_1,4,1.0,subgraph_mip,time_balanced_weight,100,343,1105,86,7.78,0.509,0.169,0.849,1.018,245.06,0.8867,1.15,574,1.15,514.33,574,23.634,11.07,"[514.33, 574, 520.92, 547.6]","[3, 3, 3, 4]",13
assembly_1,4,1.0,subgraph_mip,combined,100,343,1105,162,14.66,0.509,0.354,1.786,2.14,116.53,0.8867,1.15,574,1.15,514.33,574,23.634,11.07,"[514.33, 574, 520.92, 547.6]","[3, 3, 3, 4]",13
assembly_1,4,1.0,subgraph_mip,blended,100,343,1105,48,4.34,0.509,0.225,1.138,1.363,183.03,0.8876,1.25,574.62,1.25,518.92,574.62,22.439,10.33,"[542.48, 520.83, 574.62, 518.92]","[4, 3, 3, 3]",13
assembly_1,4,1.0,subgraph_mip,blended_union,100,343,1105,153,13.85,0.509,0.843,0.883,1.726,144.52,0.8876,1.25,574.62,1.25,518.92,574.62,22.439,10.33,"[542.48, 520.83, 574.62, 518.92]","[4, 3, 3, 3]",13
assembly_1,4,1.0,subgraph_mip,diverse,100,343,1105,741,67.06,0.509,0.053,86.125,86.177,2.89,0.8766,0.0,567.5,0.0,486.92,567.5,31.02,14.94,"[554.83, 567.5, 486.92, 547.6]","[4, 3, 2, 4]",13
assembly_1,4,1.0,subgraph_mip,edge_weight,200,343,1105,95,8.6,0.509,0.427,0.554,0.981,254.32,0.9022,2.91,584.04,2.91,468.68,584.04,45.489,21.39,"[584.04, 574, 530.13, 468.68]","[3, 3, 3, 4]",13
assembly_1,4,1.0,subgraph_mip,time_balanced_weight,200,343,1105,111,10.05,0.509,0.24,1.248,1.488,167.67,0.8867,1.15,574,1.15,511.4,574,27.035,11.61,"[514.33, 574, 511.4, 557.12]","[3, 3, 3, 4]",13
assembly_1,4,1.0,subgraph_mip,combined,200,343,1105,202,18.28,0.509,0.639,2.115,2.755,90.54,0.8867,1.15,574,1.15,511.4,574,27.035,11.61,"[514.33, 574, 511.4, 557.12]","[3, 3, 3, 4]",13
assembly_1,4,1.0,subgraph_mip,blended,200,343,1105,48,4.34,0.509,0.42,1.022,1.442,172.97,0.8876,1.25,574.62,1.25,518.92,574.62,22.439,10.33,"[542.48, 520.83, 574.62, 518.92]","[4, 3, 3, 3]",13
assembly_1,4,1.0,subgraph_mip,blended_union,200,343,1105,177,16.02,0.509,1.421,1.129,2.55,97.8,0.8876,1.25,574.62,1.25,518.92,574.62,22.439,10.33,"[542.48, 520.83, 574.62, 518.92]","[4, 3, 3, 3]",13
assembly_1,4,1.0,subgraph_mip,diverse,200,343,1105,911,82.44,0.509,0.103,97.664,97.767,2.55,0.8766,0.0,567.5,0.0,486.92,567.5,31.02,14.94,"[554.83, 567.5, 486.92, 547.6]","[4, 3, 2, 4]",13
assembly_1,4,1.0,subgraph_mip,edge_weight,500,343,1105,108,9.77,0.509,1.019,0.631,1.65,151.15,0.8977,2.4,581.12,2.4,509.5,581.12,27.436,13.28,"[581.12, 520.92, 545.31, 509.5]","[3, 3, 4, 3]",13
assembly_1,4,1.0,subgraph_mip,time_balanced_weight,500,343,1105,153,13.85,0.509,0.664,1.753,2.418,103.17,0.8867,1.15,574,1.15,514.33,574,23.634,11.07,"[574, 514.33, 520.92, 547.6]","[3, 3, 3, 4]",13
assembly_1,4,1.0,subgraph_mip,combined,500,343,1105,257,23.26,0.509,1.695,2.142,3.837,65.01,0.8867,1.15,574,1.15,511.4,574,27.035,11.61,"[514.33, 574, 511.4, 557.12]","[3, 3, 3, 4]",13
assembly_1,4,1.0,subgraph_mip,blended,500,343,1105,48,4.34,0.509,1.137,1.029,2.166,115.16,0.8876,1.25,574.62,1.25,518.92,574.62,22.439,10.33,"[542.48, 520.83, 574.62, 518.92]","[4, 3, 3, 3]",13
assembly_1,4,1.0,subgraph_mip,blended_union,500,343,1105,245,22.17,0.509,3.525,2.322,5.847,42.66,0.8876,1.25,574.62,1.25,502.2,574.62,29.643,13.43,"[502.2, 561.11, 574.62, 518.92]","[3, 4, 3, 3]",13
assembly_1,4,1.0,subgraph_mip,diverse,500,343,1105,1040,94.12,0.509,0.286,126.175,126.461,1.97,0.8766,0.0,567.5,0.0,486.92,567.5,31.02,14.94,"[554.83, 567.5, 486.92, 547.6]","[4, 3, 2, 4]",13
assembly_1,4,1.0,subgraph_mip,edge_weight,1000,343,1105,142,12.85,0.509,2.012,0.743,2.754,90.56,0.8977,2.4,581.12,2.4,470.68,581.12,44.715,20.48,"[581.12, 576.92, 528.13, 470.68]","[3, 3, 3, 4]",13
assembly_1,4,1.0,subgraph_mip,time_balanced_weight,1000,343,1105,211,19.1,0.509,1.616,3.776,5.392,46.26,0.8831,0.74,571.7,0.74,516.63,571.7,22.194,10.21,"[516.63, 571.7, 520.92, 547.6]","[3, 3, 3, 4]",13
assembly_1,4,1.0,subgraph_mip,combined,1000,343,1105,346,31.31,0.509,3.657,5.239,8.896,28.04,0.8831,0.74,571.7,0.74,516.63,571.7,22.194,10.21,"[516.63, 571.7, 520.92, 547.6]","[3, 3, 3, 4]",13
assembly_1,4,1.0,subgraph_mip,blended,1000,343,1105,58,5.25,0.509,2.494,0.253,2.747,90.8,0.8876,1.25,574.62,1.25,518.92,574.62,22.439,10.33,"[542.48, 520.83, 574.62, 518.92]","[4, 3, 3, 3]",13
assembly_1,4,1.0,subgraph_mip,blended_union,1000,343,1105,297,26.88,0.509,7.196,4.914,12.11,20.6,0.8876,1.25,574.62,1.25,502.2,574.62,29.643,13.43,"[502.2, 561.11, 574.62, 518.92]","[3, 4, 3, 3]",13
assembly_1,4,1.0,subgraph_mip,diverse,1000,343,1105,1102,99.73,0.509,0.599,140.847,141.446,1.76,0.8766,0.0,567.5,0.0,486.92,567.5,31.02,14.94,"[554.83, 567.5, 486.92, 547.6]","[4, 3, 2, 4]",13
assembly_1,4,1.0,subgraph_mip,edge_weight,2000,343,1105,185,16.74,0.509,4.766,0.941,5.706,43.71,0.8977,2.4,581.12,2.4,495.7,581.12,30.261,15.84,"[581.12, 542.48, 537.55, 495.7]","[3, 4, 3, 3]",13
assembly_1,4,1.0,subgraph_mip,time_balanced_weight,2000,343,1105,292,26.43,0.509,4.027,7.567,11.593,21.51,0.8831,0.74,571.7,0.74,511.4,571.7,25.786,11.18,"[516.63, 571.7, 511.4, 557.12]","[3, 3, 3, 4]",13
assembly_1,4,1.0,subgraph_mip,combined,2000,343,1105,460,41.63,0.509,8.844,13.786,22.629,11.02,0.8831,0.74,571.7,0.74,505.12,571.7,28.778,12.35,"[516.63, 571.7, 505.12, 563.4]","[3, 3, 3, 4]",13
assembly_1,4,1.0,subgraph_mip,blended,2000,343,1105,125,11.31,0.509,5.818,0.737,6.555,38.05,0.8831,0.74,571.7,0.74,516.63,571.7,22.194,10.21,"[516.63, 571.7, 520.92, 547.6]","[3, 3, 3, 4]",13
assembly_1,4,1.0,subgraph_mip,blended_union,2000,343,1105,410,37.1,0.509,15.788,5.41,21.198,11.77,0.8831,0.74,571.7,0.74,516.63,571.7,22.831,10.21,"[516.63, 571.7, 549.6, 518.92]","[3, 3, 4, 3]",13
assembly_1,4,1.0,subgraph_mip,diverse,2000,343,1105,1105,100.0,0.509,1.193,172.595,173.788,1.44,0.8766,0.0,567.5,0.0,486.92,567.5,31.02,14.94,"[554.83, 567.5, 486.92, 547.6]","[4, 3, 2, 4]",13
assembly_1,4,1.0,subgraph_mip,edge_weight,5000,343,1105,232,21.0,0.509,17.556,2.75,20.306,12.28,0.8977,2.4,581.12,2.4,509.5,581.12,26.874,13.28,"[581.12, 542.48, 523.75, 509.5]","[3, 4, 3, 3]",13
assembly_1,4,1.0,subgraph_mip,time_balanced_weight,5000,343,1105,431,39.0,0.509,15.128,13.991,29.118,8.57,0.8766,0.0,567.5,0.0,486.92,567.5,31.02,14.94,"[554.83, 567.5, 486.92, 547.6]","[4, 3, 2, 4]",13
assembly_1,4,1.0,subgraph_mip,combined,5000,343,1105,632,57.19,0.509,33.12,37.441,70.561,3.53,0.8766,0.0,567.5,0.0,486.92,567.5,31.02,14.94,"[554.83, 567.5, 486.92, 547.6]","[4, 3, 2, 4]",13
assembly_1,4,1.0,subgraph_mip,blended,5000,343,1105,161,14.57,0.509,21.35,1.319,22.669,11.0,0.8831,0.74,571.7,0.74,516.63,571.7,22.194,10.21,"[516.63, 571.7, 520.92, 547.6]","[3, 3, 3, 4]",13
assembly_1,4,1.0,subgraph_mip,blended_union,5000,343,1105,525,47.51,0.509,58.827,18.074,76.901,3.24,0.8831,0.74,571.7,0.74,516.63,571.7,22.831,10.21,"[516.63, 571.7, 549.6, 518.92]","[3, 3, 4, 3]",13
assembly_1,4,1.0,subgraph_mip,diverse,5000,343,1105,1105,100.0,0.509,2.894,149.485,152.379,1.64,0.8766,0.0,567.5,0.0,486.92,567.5,31.02,14.94,"[554.83, 567.5, 486.92, 547.6]","[4, 3, 2, 4]",13
