================ strategy-comparison sweep ================
date         : 2026-07-01T18:28:47+02:00
host         : TUMWUTG-MIT148
git commit   : 15cddf4 (research/wgp-2026)
python       : Python 3.14.4
instance     : assembly_1
parts file   : data/assembly_1/assembly_1_parts.json
dfm file     : None
num_phases   : 3
lambda grid  : 0.1 0.15 0.2 0.25 0.3 0.35 0.4 0.45 0.5 0.55 0.6 0.65 0.7 0.75 0.8 0.85 0.9 0.95 1.0
k values     : [1, 2, 5, 10, 20, 50, 100, 200, 500, 1000, 2000, 5000]
jobs (par.)  : 14
rundir       : experiments/strategy_comparison/assembly_1_np_3
==========================================================

----------------- λ = 0.1 -----------------
========================================================================
Strategy Comparison Experiment — assembly_1  P=3  λ=0.1
========================================================================

Building assembly digraph …
2026-07-01 18:28:48.446 | INFO     | pycaalp.gapp.assembly_digraph:compute_assembly_digraph_complete:395 - Computing assembly digraph...
  343 nodes, 1105 edges  (0.3s)

[1] Full MIP  P=3  λ=0.1
2026-07-01 18:28:48.734 | INFO     | pycaalp.time_balancing.model:run_mip:430 - Running MIP solver ...
presolving:
(round 1, fast)       2 del vars, 2 del conss, 0 add conss, 0 chg bounds, 0 chg sides, 0 chg coeffs, 0 upgd conss, 0 impls, 69 clqs, 0 implints
(round 2, exhaustive) 2 del vars, 2 del conss, 0 add conss, 1 chg bounds, 0 chg sides, 0 chg coeffs, 3408 upgd conss, 0 impls, 69 clqs, 0 implints
   (0.2s) probing: 1000/1181 (84.7%) - 0 fixings, 0 aggregations, 131997 implications, 0 bound changes
   (0.2s) probing: 1001/1181 (84.8%) - 0 fixings, 0 aggregations, 132060 implications, 0 bound changes
   (0.2s) probing aborted: 1000/1000 successive useless probings
   (0.2s) symmetry computation started: requiring (bin +, int +, cont +), (fixed: bin -, int -, cont -)
   (0.2s) no symmetry present (symcode time: 0.00)
presolving (3 rounds: 3 fast, 2 medium, 2 exhaustive):
 2 deleted vars, 2 deleted constraints, 0 added constraints, 1 tightened bounds, 0 added holes, 0 changed sides, 0 changed coefficients
 0 implications, 12312 cliques, 0 implied integral variables (0 bin, 0 int, 0 cont)
presolved problem has 1182 variables (1181 bin, 0 int, 1 cont) and 3721 constraints
     69 constraints of type <setppc>
    313 constraints of type <linear>
   3339 constraints of type <logicor>
Presolving Time: 0.17

 time | node  | left  |LP iter|LP it/n|mem/heur|mdpt |vars |cons |rows |cuts |sepa|confs|strbr|  dualbound   | primalbound  |  gap   | compl. 
p 0.2s|     1 |     0 |     0 |     - | vbounds|   0 |1182 |3752 |3721 |   0 |  0 |  30 |   0 | 0.000000e+00 | 1.340893e+00 |    Inf | unknown
p 0.3s|     1 |     0 |    89 |     - | vbounds|   0 |1182 |3764 |3721 |   0 |  0 |  42 |   0 | 0.000000e+00 | 1.175249e+00 |    Inf | unknown
  0.3s|     1 |     0 |   381 |     - |    29M |   0 |1182 |3764 |3721 |   0 |  0 |  42 |   0 | 8.329273e-01 | 1.175249e+00 |  41.10%| unknown
  0.5s|     1 |     0 |   440 |     - |    31M |   0 |1182 |3765 |3724 |   3 |  1 |  43 |   0 | 8.329446e-01 | 1.175249e+00 |  41.10%| unknown
  0.8s|     1 |     0 |   464 |     - |    36M |   0 |1182 |3775 |3727 |   6 |  2 |  53 |   0 | 8.329657e-01 | 1.175249e+00 |  41.09%| unknown
  1.1s|     1 |     0 |   483 |     - |    45M |   0 |1182 |3771 |3730 |   9 |  3 |  53 |   0 | 8.331347e-01 | 1.175249e+00 |  41.06%| unknown
  1.5s|     1 |     0 |   488 |     - |    50M |   0 |1182 |3773 |3732 |  11 |  4 |  55 |   0 | 8.331347e-01 | 1.175249e+00 |  41.06%| unknown
  1.9s|     1 |     0 |   502 |     - |    56M |   0 |1182 |3771 |3733 |  12 |  5 |  55 |   0 | 8.331347e-01 | 1.175249e+00 |  41.06%| unknown
  2.4s|     1 |     0 |   509 |     - |    66M |   0 |1182 |3779 |3736 |  15 |  6 |  65 |   0 | 8.331347e-01 | 1.175249e+00 |  41.06%| unknown
  2.7s|     1 |     0 |   528 |     - |    71M |   0 |1182 |3784 |3739 |  18 |  7 |  75 |   0 | 8.331347e-01 | 1.175249e+00 |  41.06%| unknown
  3.4s|     1 |     0 |   540 |     - |    80M |   0 |1182 |3794 |3740 |  19 |  8 |  85 |   0 | 8.331347e-01 | 1.175249e+00 |  41.06%| unknown
  4.0s|     1 |     0 |   568 |     - |    89M |   0 |1182 |3794 |3742 |  21 |  9 |  86 |   0 | 8.331355e-01 | 1.175249e+00 |  41.06%| unknown
  4.3s|     1 |     0 |   575 |     - |    99M |   0 |1182 |3796 |3743 |  22 | 10 |  88 |   0 | 8.331372e-01 | 1.175249e+00 |  41.06%| unknown
  4.4s|     1 |     0 |   582 |     - |    99M |   0 |1182 |3797 |3745 |  24 | 11 |  89 |   0 | 8.331377e-01 | 1.175249e+00 |  41.06%| unknown
  4.4s|     1 |     0 |   590 |     - |   100M |   0 |1182 |3799 |3748 |  27 | 12 |  91 |   0 | 8.331377e-01 | 1.175249e+00 |  41.06%| unknown
 time | node  | left  |LP iter|LP it/n|mem/heur|mdpt |vars |cons |rows |cuts |sepa|confs|strbr|  dualbound   | primalbound  |  gap   | compl. 
  4.4s|     1 |     0 |   604 |     - |   100M |   0 |1182 |3801 |3750 |  29 | 13 |  93 |   0 | 8.331382e-01 | 1.175249e+00 |  41.06%| unknown
d 4.5s|     1 |     0 |   994 |     - |farkasdi|   0 |1182 |3802 |3750 |   0 | 13 |  94 |   0 | 8.331382e-01 | 8.512011e-01 |   2.17%| unknown
o 4.5s|     1 |     0 |  1418 |     - |feaspump|   0 |1182 |3802 |3750 |  29 | 13 |  94 |   0 | 8.331382e-01 | 8.465922e-01 |   1.61%| unknown
L 4.5s|     1 |     0 |  1528 |     - |    rens|   0 |1182 |3809 |3750 |  29 | 13 | 144 |   0 | 8.331382e-01 | 8.455414e-01 |   1.49%| unknown
  4.6s|     1 |     0 |  1528 |     - |   100M |   0 |1182 |3747 |3750 |  29 | 13 | 144 |   0 | 8.331382e-01 | 8.455414e-01 |   1.49%| unknown
  4.6s|     1 |     0 |  1528 |     - |   100M |   0 |1182 |3748 |1980 |  29 | 13 | 145 |   0 | 8.331382e-01 | 8.455414e-01 |   1.49%| unknown
  4.6s|     1 |     0 |  1533 |     - |   101M |   0 |1182 |3410 |1966 |  31 | 14 | 145 |   0 | 8.331382e-01 | 8.455414e-01 |   1.49%| unknown
  4.6s|     1 |     0 |  1534 |     - |   101M |   0 |1182 |3412 |1967 |  32 | 15 | 147 |   0 | 8.331382e-01 | 8.455414e-01 |   1.49%| unknown
  4.6s|     1 |     0 |  1534 |     - |   101M |   0 |1182 |1947 |1967 |  32 | 15 | 157 |   0 | 8.331382e-01 | 8.455414e-01 |   1.49%| unknown
  4.6s|     1 |     0 |  1535 |     - |   101M |   0 |1182 |1947 |1968 |  33 | 16 | 157 |   0 | 8.331384e-01 | 8.455414e-01 |   1.49%| unknown
  4.6s|     1 |     0 |  1536 |     - |   101M |   0 |1182 |1949 |1969 |  34 | 17 | 159 |   0 | 8.331384e-01 | 8.455414e-01 |   1.49%| unknown
(run 1, node 1) restarting after 957 global fixings of integer variables

(restart) converted 32 cuts from the global cut pool into linear constraints

presolving:
(round 1, fast)       961 del vars, 1305 del conss, 0 add conss, 0 chg bounds, 0 chg sides, 1321 chg coeffs, 0 upgd conss, 0 impls, 589 clqs, 0 implints
(round 2, exhaustive) 961 del vars, 1306 del conss, 0 add conss, 0 chg bounds, 1 chg sides, 1321 chg coeffs, 0 upgd conss, 0 impls, 589 clqs, 0 implints
(round 3, exhaustive) 961 del vars, 1306 del conss, 0 add conss, 0 chg bounds, 1 chg sides, 1321 chg coeffs, 24 upgd conss, 0 impls, 589 clqs, 0 implints
(round 4, exhaustive) 961 del vars, 1306 del conss, 0 add conss, 0 chg bounds, 1 chg sides, 1323 chg coeffs, 24 upgd conss, 0 impls, 589 clqs, 0 implints
(round 5, exhaustive) 961 del vars, 1316 del conss, 0 add conss, 0 chg bounds, 1 chg sides, 1340 chg coeffs, 24 upgd conss, 0 impls, 589 clqs, 0 implints
(round 6, exhaustive) 961 del vars, 1316 del conss, 0 add conss, 0 chg bounds, 1 chg sides, 1347 chg coeffs, 24 upgd conss, 0 impls, 589 clqs, 0 implints
presolving (7 rounds: 7 fast, 6 medium, 6 exhaustive):
 961 deleted vars, 1316 deleted constraints, 0 added constraints, 0 tightened bounds, 0 added holes, 1 changed sides, 1348 changed coefficients
 0 implications, 589 cliques, 0 implied integral variables (0 bin, 0 int, 0 cont)
presolved problem has 221 variables (220 bin, 0 int, 1 cont) and 664 constraints
      7 constraints of type <knapsack>
     74 constraints of type <setppc>
     62 constraints of type <linear>
    521 constraints of type <logicor>
Presolving Time: 0.17
transformed 3/5 original solutions to the transformed problem space

 time | node  | left  |LP iter|LP it/n|mem/heur|mdpt |vars |cons |rows |cuts |sepa|confs|strbr|  dualbound   | primalbound  |  gap   | compl. 
  4.7s|     1 |     0 |  1742 |     - |    94M |   0 | 221 | 664 | 599 |   0 |  0 | 160 |   0 | 8.331384e-01 | 8.455414e-01 |   1.49%| unknown
  4.7s|     1 |     0 |  1742 |     - |    94M |   0 | 221 | 665 | 588 |   0 |  0 | 161 |   0 | 8.331384e-01 | 8.455414e-01 |   1.49%| unknown
  4.7s|     1 |     0 |  1757 |     - |    95M |   0 | 221 | 661 | 584 |   5 |  1 | 161 |   0 | 8.331391e-01 | 8.455414e-01 |   1.49%| unknown
  4.8s|     1 |     0 |  1771 |     - |    95M |   0 | 221 | 663 | 586 |   7 |  2 | 169 |   0 | 8.331565e-01 | 8.455414e-01 |   1.49%| unknown
  4.8s|     1 |     0 |  1777 |     - |    95M |   0 | 221 | 660 | 588 |   9 |  3 | 170 |   0 | 8.331565e-01 | 8.455414e-01 |   1.49%| unknown
  4.8s|     1 |     0 |  1798 |     - |    97M |   0 | 221 | 659 | 591 |  12 |  4 | 172 |   0 | 8.331565e-01 | 8.455414e-01 |   1.49%| unknown
  4.9s|     1 |     0 |  1805 |     - |    97M |   0 | 221 | 666 | 593 |  14 |  5 | 179 |   0 | 8.331565e-01 | 8.455414e-01 |   1.49%| unknown
  4.9s|     1 |     0 |  1815 |     - |    97M |   0 | 221 | 666 | 596 |  17 |  6 | 179 |   0 | 8.331565e-01 | 8.455414e-01 |   1.49%| unknown
  4.9s|     1 |     0 |  1824 |     - |    98M |   0 | 221 | 668 | 599 |  20 |  7 | 181 |   0 | 8.331565e-01 | 8.455414e-01 |   1.49%| unknown
  5.0s|     1 |     0 |  1829 |     - |    99M |   0 | 221 | 669 | 601 |  22 |  8 | 182 |   0 | 8.331565e-01 | 8.455414e-01 |   1.49%| unknown
  5.0s|     1 |     0 |  1851 |     - |    99M |   0 | 221 | 672 | 603 |  24 |  9 | 185 |   0 | 8.331565e-01 | 8.455414e-01 |   1.49%| unknown
  5.0s|     1 |     0 |  1857 |     - |   100M |   0 | 221 | 677 | 605 |  26 | 10 | 190 |   0 | 8.331565e-01 | 8.455414e-01 |   1.49%| unknown
  5.0s|     1 |     0 |  1870 |     - |   100M |   0 | 221 | 678 | 607 |  28 | 11 | 191 |   0 | 8.331783e-01 | 8.455414e-01 |   1.48%| unknown
  5.1s|     1 |     0 |  1871 |     - |   100M |   0 | 221 | 681 | 582 |  30 | 12 | 194 |   0 | 8.331783e-01 | 8.455414e-01 |   1.48%| unknown
  5.1s|     1 |     0 |  2290 |     - |   100M |   0 | 221 | 705 | 582 |  30 | 12 | 221 |  21 | 8.331865e-01 | 8.455414e-01 |   1.48%| unknown
 time | node  | left  |LP iter|LP it/n|mem/heur|mdpt |vars |cons |rows |cuts |sepa|confs|strbr|  dualbound   | primalbound  |  gap   | compl. 
  5.1s|     1 |     0 |  2292 |     - |   101M |   0 | 221 | 669 | 475 |  32 | 13 | 221 |  21 | 8.331865e-01 | 8.455414e-01 |   1.48%| unknown
(run 2, node 1) restarting after 12 global fixings of integer variables

(restart) converted 27 cuts from the global cut pool into linear constraints

presolving:
(round 1, fast)       21 del vars, 69 del conss, 2 add conss, 0 chg bounds, 0 chg sides, 44 chg coeffs, 0 upgd conss, 0 impls, 472 clqs, 0 implints
(round 2, fast)       21 del vars, 71 del conss, 4 add conss, 0 chg bounds, 0 chg sides, 44 chg coeffs, 0 upgd conss, 0 impls, 472 clqs, 0 implints
(round 3, exhaustive) 21 del vars, 71 del conss, 4 add conss, 0 chg bounds, 0 chg sides, 44 chg coeffs, 12 upgd conss, 0 impls, 472 clqs, 0 implints
(round 4, fast)       21 del vars, 72 del conss, 4 add conss, 0 chg bounds, 0 chg sides, 44 chg coeffs, 12 upgd conss, 0 impls, 472 clqs, 0 implints
(round 5, exhaustive) 21 del vars, 72 del conss, 4 add conss, 0 chg bounds, 0 chg sides, 45 chg coeffs, 12 upgd conss, 0 impls, 472 clqs, 0 implints
(round 6, exhaustive) 21 del vars, 73 del conss, 4 add conss, 0 chg bounds, 0 chg sides, 45 chg coeffs, 12 upgd conss, 0 impls, 472 clqs, 0 implints
(round 7, exhaustive) 21 del vars, 90 del conss, 4 add conss, 0 chg bounds, 0 chg sides, 101 chg coeffs, 12 upgd conss, 0 impls, 472 clqs, 0 implints
(round 8, exhaustive) 21 del vars, 90 del conss, 4 add conss, 0 chg bounds, 0 chg sides, 106 chg coeffs, 12 upgd conss, 0 impls, 472 clqs, 0 implints
(round 9, exhaustive) 21 del vars, 91 del conss, 4 add conss, 0 chg bounds, 0 chg sides, 106 chg coeffs, 12 upgd conss, 0 impls, 472 clqs, 0 implints
presolving (10 rounds: 10 fast, 7 medium, 7 exhaustive):
 21 deleted vars, 91 deleted constraints, 4 added constraints, 0 tightened bounds, 0 added holes, 0 changed sides, 106 changed coefficients
 0 implications, 472 cliques, 0 implied integral variables (0 bin, 0 int, 0 cont)
presolved problem has 200 variables (199 bin, 0 int, 1 cont) and 580 constraints
     10 constraints of type <knapsack>
     58 constraints of type <setppc>
     77 constraints of type <linear>
    435 constraints of type <logicor>
Presolving Time: 0.18
transformed 3/5 original solutions to the transformed problem space

 time | node  | left  |LP iter|LP it/n|mem/heur|mdpt |vars |cons |rows |cuts |sepa|confs|strbr|  dualbound   | primalbound  |  gap   | compl. 
  5.1s|     1 |     0 |  2475 |     - |    99M |   0 | 200 | 580 | 480 |   0 |  0 | 226 |  21 | 8.331865e-01 | 8.455414e-01 |   1.48%| unknown
  5.2s|     1 |     0 |  2486 |     - |    99M |   0 | 200 | 588 | 481 |   1 |  1 | 234 |  21 | 8.331865e-01 | 8.455414e-01 |   1.48%| unknown
  5.2s|     1 |     0 |  2498 |     - |    99M |   0 | 200 | 592 | 482 |   2 |  2 | 238 |  21 | 8.331865e-01 | 8.455414e-01 |   1.48%| unknown
  5.2s|     1 |     0 |  2529 |     - |    99M |   0 | 200 | 592 | 484 |   4 |  3 | 238 |  21 | 8.331865e-01 | 8.455414e-01 |   1.48%| unknown
  5.3s|     1 |     0 |  2543 |     - |    99M |   0 | 200 | 593 | 485 |   5 |  4 | 239 |  21 | 8.331865e-01 | 8.455414e-01 |   1.48%| unknown
  5.3s|     1 |     0 |  2558 |     - |    99M |   0 | 200 | 596 | 487 |   7 |  5 | 242 |  21 | 8.331865e-01 | 8.455414e-01 |   1.48%| unknown
  5.3s|     1 |     0 |  2584 |     - |   100M |   0 | 200 | 598 | 489 |   9 |  6 | 244 |  21 | 8.331865e-01 | 8.455414e-01 |   1.48%| unknown
  5.3s|     1 |     0 |  2601 |     - |   100M |   0 | 200 | 599 | 492 |  12 |  7 | 245 |  21 | 8.331865e-01 | 8.455414e-01 |   1.48%| unknown
  5.4s|     1 |     0 |  2605 |     - |   100M |   0 | 200 | 602 | 493 |  13 |  8 | 248 |  21 | 8.331865e-01 | 8.455414e-01 |   1.48%| unknown
  5.5s|     1 |     0 |  2641 |     - |   100M |   0 | 200 | 603 | 494 |  14 |  9 | 249 |  21 | 8.332042e-01 | 8.455414e-01 |   1.48%| unknown
  5.5s|     1 |     0 |  2648 |     - |   100M |   0 | 200 | 603 | 455 |  16 | 10 | 249 |  21 | 8.332042e-01 | 8.455414e-01 |   1.48%| unknown
  5.5s|     1 |     0 |  2651 |     - |   100M |   0 | 200 | 605 | 456 |  17 | 11 | 251 |  21 | 8.332042e-01 | 8.455414e-01 |   1.48%| unknown
  5.5s|     1 |     0 |  2672 |     - |   100M |   0 | 200 | 606 | 457 |  18 | 12 | 252 |  21 | 8.332080e-01 | 8.455414e-01 |   1.48%| unknown
L 5.5s|     1 |     0 |  3026 |     - |    rens|   0 | 200 | 606 | 457 |  18 | 12 | 258 |  21 | 8.332080e-01 | 8.416414e-01 |   1.01%| unknown
  5.5s|     1 |     0 |  3026 |     - |   100M |   0 | 200 | 606 | 457 |  18 | 12 | 258 |  21 | 8.332080e-01 | 8.416414e-01 |   1.01%| unknown
 time | node  | left  |LP iter|LP it/n|mem/heur|mdpt |vars |cons |rows |cuts |sepa|confs|strbr|  dualbound   | primalbound  |  gap   | compl. 
  5.6s|     1 |     0 |  3026 |     - |   100M |   0 | 200 | 608 | 427 |  18 | 12 | 260 |  21 | 8.332080e-01 | 8.416414e-01 |   1.01%| unknown
  5.6s|     1 |     0 |  3044 |     - |   100M |   0 | 200 | 599 | 410 |  19 | 13 | 260 |  21 | 8.332080e-01 | 8.416414e-01 |   1.01%| unknown
  5.6s|     1 |     0 |  3052 |     - |   100M |   0 | 200 | 600 | 411 |  20 | 14 | 261 |  21 | 8.332080e-01 | 8.416414e-01 |   1.01%| unknown
  5.6s|     1 |     0 |  3052 |     - |   100M |   0 | 200 | 555 | 411 |  20 | 14 | 261 |  21 | 8.332080e-01 | 8.416414e-01 |   1.01%| unknown
  5.6s|     1 |     0 |  3070 |     - |   100M |   0 | 200 | 555 | 412 |  21 | 15 | 261 |  21 | 8.332080e-01 | 8.416414e-01 |   1.01%| unknown
  5.6s|     1 |     0 |  3076 |     - |   100M |   0 | 200 | 555 | 409 |  22 | 16 | 261 |  21 | 8.332088e-01 | 8.416414e-01 |   1.01%| unknown
(run 3, node 1) restarting after 31 global fixings of integer variables

(restart) converted 17 cuts from the global cut pool into linear constraints

presolving:
(round 1, fast)       31 del vars, 34 del conss, 1 add conss, 0 chg bounds, 0 chg sides, 215 chg coeffs, 0 upgd conss, 0 impls, 298 clqs, 0 implints
(round 2, exhaustive) 31 del vars, 34 del conss, 1 add conss, 0 chg bounds, 0 chg sides, 215 chg coeffs, 7 upgd conss, 0 impls, 298 clqs, 0 implints
(round 3, exhaustive) 31 del vars, 36 del conss, 1 add conss, 0 chg bounds, 0 chg sides, 215 chg coeffs, 7 upgd conss, 0 impls, 298 clqs, 0 implints
(round 4, exhaustive) 31 del vars, 36 del conss, 1 add conss, 0 chg bounds, 0 chg sides, 217 chg coeffs, 7 upgd conss, 0 impls, 298 clqs, 0 implints
presolving (5 rounds: 5 fast, 4 medium, 4 exhaustive):
 31 deleted vars, 36 deleted constraints, 1 added constraints, 0 tightened bounds, 0 added holes, 0 changed sides, 217 changed coefficients
 0 implications, 298 cliques, 0 implied integral variables (0 bin, 0 int, 0 cont)
presolved problem has 169 variables (168 bin, 0 int, 1 cont) and 539 constraints
     10 constraints of type <knapsack>
     58 constraints of type <setppc>
     83 constraints of type <linear>
    386 constraints of type <logicor>
      2 constraints of type <bounddisjunction>
Presolving Time: 0.19
transformed 5/7 original solutions to the transformed problem space

 time | node  | left  |LP iter|LP it/n|mem/heur|mdpt |vars |cons |rows |cuts |sepa|confs|strbr|  dualbound   | primalbound  |  gap   | compl. 
  5.6s|     1 |     0 |  3383 |     - |   100M |   0 | 169 | 539 | 415 |   0 |  0 | 263 |  21 | 8.332088e-01 | 8.416414e-01 |   1.01%| unknown
  5.6s|     1 |     0 |  3405 |     - |   100M |   0 | 169 | 543 | 417 |   2 |  1 | 267 |  21 | 8.332088e-01 | 8.416414e-01 |   1.01%| unknown
  5.7s|     1 |     0 |  3414 |     - |   100M |   0 | 169 | 544 | 420 |   5 |  2 | 268 |  21 | 8.332088e-01 | 8.416414e-01 |   1.01%| unknown
  5.7s|     1 |     0 |  3423 |     - |   101M |   0 | 169 | 545 | 421 |   6 |  3 | 269 |  21 | 8.332115e-01 | 8.416414e-01 |   1.01%| unknown
  5.7s|     1 |     0 |  3434 |     - |   101M |   0 | 169 | 549 | 422 |   7 |  4 | 273 |  21 | 8.332115e-01 | 8.416414e-01 |   1.01%| unknown
  5.8s|     1 |     0 |  3441 |     - |   103M |   0 | 169 | 553 | 423 |   8 |  5 | 277 |  21 | 8.332116e-01 | 8.416414e-01 |   1.01%| unknown
  5.8s|     1 |     0 |  3459 |     - |   103M |   0 | 169 | 554 | 424 |   9 |  6 | 278 |  21 | 8.332116e-01 | 8.416414e-01 |   1.01%| unknown
  5.8s|     1 |     0 |  3472 |     - |   103M |   0 | 169 | 559 | 425 |  10 |  7 | 283 |  21 | 8.332116e-01 | 8.416414e-01 |   1.01%| unknown
  5.9s|     1 |     0 |  3476 |     - |   103M |   0 | 169 | 560 | 426 |  11 |  8 | 284 |  21 | 8.332116e-01 | 8.416414e-01 |   1.01%| unknown
  5.9s|     1 |     0 |  3480 |     - |   104M |   0 | 169 | 560 | 427 |  12 |  9 | 284 |  21 | 8.332116e-01 | 8.416414e-01 |   1.01%| unknown
  6.0s|     1 |     0 |  3504 |     - |   105M |   0 | 169 | 561 | 428 |  13 | 10 | 285 |  21 | 8.332116e-01 | 8.416414e-01 |   1.01%| unknown
  6.0s|     1 |     0 |  3524 |     - |   105M |   0 | 169 | 563 | 376 |  15 | 11 | 287 |  21 | 8.332116e-01 | 8.416414e-01 |   1.01%| unknown
L 6.0s|     1 |     0 |  3959 |     - |    rens|   0 | 169 | 571 | 376 |  15 | 11 | 296 |  21 | 8.332116e-01 | 8.411726e-01 |   0.96%| unknown
  6.0s|     1 |     0 |  3959 |     - |   105M |   0 | 169 | 570 | 376 |  15 | 11 | 296 |  21 | 8.332116e-01 | 8.411726e-01 |   0.96%| unknown
  6.0s|     1 |     0 |  3959 |     - |   105M |   0 | 169 | 572 | 356 |  15 | 11 | 298 |  21 | 8.332116e-01 | 8.411726e-01 |   0.96%| unknown
 time | node  | left  |LP iter|LP it/n|mem/heur|mdpt |vars |cons |rows |cuts |sepa|confs|strbr|  dualbound   | primalbound  |  gap   | compl. 
  6.0s|     1 |     0 |  3973 |     - |   105M |   0 | 169 | 567 | 358 |  17 | 12 | 298 |  21 | 8.332117e-01 | 8.411726e-01 |   0.96%| unknown
  6.0s|     1 |     0 |  3993 |     - |   105M |   0 | 169 | 573 | 359 |  18 | 13 | 304 |  21 | 8.332238e-01 | 8.411726e-01 |   0.95%| unknown
  6.1s|     1 |     0 |  3995 |     - |   105M |   0 | 169 | 568 | 359 |  18 | 13 | 308 |  41 | 8.332298e-01 | 8.411726e-01 |   0.95%| unknown
  6.1s|     1 |     0 |  4004 |     - |   105M |   0 | 169 | 563 | 357 |  20 | 14 | 309 |  41 | 8.332298e-01 | 8.411726e-01 |   0.95%| unknown
  6.1s|     1 |     0 |  4006 |     - |   105M |   0 | 169 | 563 | 358 |  21 | 15 | 309 |  41 | 8.332298e-01 | 8.411726e-01 |   0.95%| unknown
  6.1s|     1 |     2 |  4006 |     - |   105M |   0 | 169 | 566 | 358 |  21 | 15 | 312 |  58 | 8.332298e-01 | 8.411726e-01 |   0.95%| unknown

SCIP Status        : problem is solved [optimal solution found]
Solving Time (sec) : 6.22
Solving Nodes      : 11 (total of 14 nodes in 4 runs)
Primal Bound       : +8.41172580605904e-01 (8 solutions)
Dual Bound         : +8.41172580605904e-01
Gap                : 0.00 %
objective value:                    0.841172580605904
x_('12_5', '13_1')                                  1 	(obj:0.029775310754819)
x_('11_17', '12_5')                                 1 	(obj:0.0235420081967213)
x_('10_31', '11_17')                                1 	(obj:0.0258647008728976)
x_('9_42', '10_31')                                 1 	(obj:0.0610714285714286)
x_('8_38', '9_42')                                  1 	(obj:0.0390614754098361)
x_('7_37', '8_38')                                  1 	(obj:0.0458101580796253)
x_('6_35', '7_37')                                  1 	(obj:0.0482142857142857)
x_('5_30', '6_35')                                  1 	(obj:0.0346747658079625)
x_('4_25', '5_30')                                  1 	(obj:0.0833954332552693)
x_('3_20', '4_25')                                  1 	(obj:0.0835846018735363)
x_('2_14', '3_20')                                  1 	(obj:0.0842248243559719)
x_('1_10', '2_14')                                  1 	(obj:0.158480093676815)
x_('0_1', '1_10')                                   1 	(obj:0.0321428571428571)
y_0_0                                               1 	(obj:0)
y_1_0                                               1 	(obj:0)
y_2_0                                               1 	(obj:0)
y_3_1                                               1 	(obj:0)
y_4_1                                               1 	(obj:0)
y_5_1                                               1 	(obj:0)
y_6_1                                               1 	(obj:0)
y_7_1                                               1 	(obj:0)
y_8_2                                               1 	(obj:0)
y_9_2                                               1 	(obj:0)
y_10_2                                              1 	(obj:0)
y_11_2                                              1 	(obj:0)
y_12_2                                              1 	(obj:0)
z_('3268741', '3425762')_2                          1 	(obj:0)
z_('3268741', '1966592X')_0                         1 	(obj:0)
z_('1966592X', '3452192')_0                         1 	(obj:0)
z_('3452192', '1353870')_0                          1 	(obj:0)
z_('3452192', '3520162')_1                          1 	(obj:0)
z_('3520162', '3307092')_1                          1 	(obj:0)
z_('3520162', '3524054')_1                          1 	(obj:0)
z_('3268740', '3524054')_1                          1 	(obj:0)
z_('3524054', '3179975')_1                          1 	(obj:0)
z_('3179975', '3422998')_2                          1 	(obj:0)
z_('3422998', '2495223X')_2                         1 	(obj:0)
z_('3422998', '1353870_01')_2                       1 	(obj:0)
z_('2495223X', '2245784X')_2                        1 	(obj:0)
alpha                                4.74897590361446 	(obj:0.0192316488328287)
  obj=0.841  alpha=788.3s  time=6.27s

k = 1
  Subgraph edges — edge_w: 13 (1.2%)  bal_w: 13 (1.2%)  combined: 26 (2.4%)  blended: 13 (1.2%)  blended_union: 37 (3.3%)  diverse: 13 (1.2%)
  [3a] Subgraph / edge_w   k=1 …
2026-07-01 18:28:55.053 | INFO     | pycaalp.time_balancing.model:run_mip:430 - Running MIP solver ...
      obj=0.841 (vs_full=+0.03%)  alpha=792.0s  build=0.002s solve=0.038s  vs_full=+0.47%
  [3b] Subgraph / bal_w    k=1 …
2026-07-01 18:28:55.091 | INFO     | pycaalp.time_balancing.model:run_mip:430 - Running MIP solver ...
      obj=1.131 (vs_full=+34.46%)  alpha=731.8s  build=0.002s solve=0.016s  vs_full=-7.17%
  [3c] Subgraph / combined k=1 …
2026-07-01 18:28:55.108 | INFO     | pycaalp.time_balancing.model:run_mip:430 - Running MIP solver ...
      obj=0.841 (vs_full=+0.03%)  alpha=792.0s  build=0.003s solve=0.212s  vs_full=+0.47%
  [3d] Subgraph / blended  k=1 …
2026-07-01 18:28:55.320 | INFO     | pycaalp.time_balancing.model:run_mip:430 - Running MIP solver ...
      obj=0.849 (vs_full=+0.94%)  alpha=758.6s  build=0.002s solve=0.016s  vs_full=-3.77%
  [3e] Subgraph / bl-union k=1 …
2026-07-01 18:28:55.336 | INFO     | pycaalp.time_balancing.model:run_mip:430 - Running MIP solver ...
      obj=0.841 (vs_full=+0.03%)  alpha=792.0s  build=0.025s solve=0.083s  vs_full=+0.47%
  [3f] Subgraph / diverse  k=1 …
2026-07-01 18:28:55.419 | INFO     | pycaalp.time_balancing.model:run_mip:430 - Running MIP solver ...
      obj=0.849 (vs_full=+0.94%)  alpha=758.6s  build=0.010s solve=0.016s  vs_full=-3.77%

k = 2
  Subgraph edges — edge_w: 15 (1.4%)  bal_w: 15 (1.4%)  combined: 30 (2.7%)  blended: 15 (1.4%)  blended_union: 42 (3.8%)  diverse: 26 (2.4%)
  [3a] Subgraph / edge_w   k=2 …
2026-07-01 18:28:55.472 | INFO     | pycaalp.time_balancing.model:run_mip:430 - Running MIP solver ...
      obj=0.841 (vs_full=-0.00%)  alpha=788.3s  build=0.003s solve=0.040s  vs_full=+0.00%
  [3b] Subgraph / bal_w    k=2 …
2026-07-01 18:28:55.512 | INFO     | pycaalp.time_balancing.model:run_mip:430 - Running MIP solver ...
      obj=1.122 (vs_full=+33.43%)  alpha=731.8s  build=0.004s solve=0.053s  vs_full=-7.17%
  [3c] Subgraph / combined k=2 …
2026-07-01 18:28:55.564 | INFO     | pycaalp.time_balancing.model:run_mip:430 - Running MIP solver ...
      obj=0.841 (vs_full=+0.00%)  alpha=788.3s  build=0.007s solve=0.078s  vs_full=+0.00%
  [3d] Subgraph / blended  k=2 …
2026-07-01 18:28:55.642 | INFO     | pycaalp.time_balancing.model:run_mip:430 - Running MIP solver ...
      obj=0.849 (vs_full=+0.94%)  alpha=758.6s  build=0.003s solve=0.106s  vs_full=-3.77%
  [3e] Subgraph / bl-union k=2 …
2026-07-01 18:28:55.748 | INFO     | pycaalp.time_balancing.model:run_mip:430 - Running MIP solver ...
      obj=0.841 (vs_full=+0.00%)  alpha=788.3s  build=0.015s solve=0.246s  vs_full=+0.00%
  [3f] Subgraph / diverse  k=2 …
2026-07-01 18:28:55.994 | INFO     | pycaalp.time_balancing.model:run_mip:430 - Running MIP solver ...
      obj=0.849 (vs_full=+0.94%)  alpha=758.6s  build=0.004s solve=0.097s  vs_full=-3.77%

k = 5
  Subgraph edges — edge_w: 21 (1.9%)  bal_w: 44 (4.0%)  combined: 65 (5.9%)  blended: 21 (1.9%)  blended_union: 60 (5.4%)  diverse: 65 (5.9%)
  [3a] Subgraph / edge_w   k=5 …
2026-07-01 18:28:56.189 | INFO     | pycaalp.time_balancing.model:run_mip:430 - Running MIP solver ...
      obj=0.841 (vs_full=+0.00%)  alpha=788.3s  build=0.010s solve=0.132s  vs_full=+0.00%
  [3b] Subgraph / bal_w    k=5 …
2026-07-01 18:28:56.321 | INFO     | pycaalp.time_balancing.model:run_mip:430 - Running MIP solver ...
      obj=1.122 (vs_full=+33.43%)  alpha=731.8s  build=0.014s solve=0.100s  vs_full=-7.17%
  [3c] Subgraph / combined k=5 …
2026-07-01 18:28:56.421 | INFO     | pycaalp.time_balancing.model:run_mip:430 - Running MIP solver ...
      obj=0.841 (vs_full=+0.00%)  alpha=788.3s  build=0.023s solve=0.282s  vs_full=+0.00%
  [3d] Subgraph / blended  k=5 …
2026-07-01 18:28:56.704 | INFO     | pycaalp.time_balancing.model:run_mip:430 - Running MIP solver ...
      obj=0.849 (vs_full=+0.94%)  alpha=758.6s  build=0.010s solve=0.067s  vs_full=-3.77%
  [3e] Subgraph / bl-union k=5 …
2026-07-01 18:28:56.771 | INFO     | pycaalp.time_balancing.model:run_mip:430 - Running MIP solver ...
      obj=0.841 (vs_full=-0.00%)  alpha=788.3s  build=0.035s solve=0.342s  vs_full=+0.00%
  [3f] Subgraph / diverse  k=5 …
2026-07-01 18:28:57.113 | INFO     | pycaalp.time_balancing.model:run_mip:430 - Running MIP solver ...
      obj=0.849 (vs_full=+0.94%)  alpha=758.6s  build=0.005s solve=0.371s  vs_full=-3.77%

k = 10
  Subgraph edges — edge_w: 24 (2.2%)  bal_w: 57 (5.2%)  combined: 81 (7.3%)  blended: 26 (2.4%)  blended_union: 75 (6.8%)  diverse: 126 (11.4%)
  [3a] Subgraph / edge_w   k=10 …
2026-07-01 18:28:57.696 | INFO     | pycaalp.time_balancing.model:run_mip:430 - Running MIP solver ...
      obj=0.841 (vs_full=-0.00%)  alpha=788.3s  build=0.021s solve=0.109s  vs_full=+0.00%
  [3b] Subgraph / bal_w    k=10 …
2026-07-01 18:28:57.805 | INFO     | pycaalp.time_balancing.model:run_mip:430 - Running MIP solver ...
      obj=1.119 (vs_full=+33.02%)  alpha=798.4s  build=0.028s solve=0.473s  vs_full=+1.27%
  [3c] Subgraph / combined k=10 …
2026-07-01 18:28:58.278 | INFO     | pycaalp.time_balancing.model:run_mip:430 - Running MIP solver ...
      obj=0.841 (vs_full=+0.00%)  alpha=788.3s  build=0.048s solve=0.356s  vs_full=+0.00%
  [3d] Subgraph / blended  k=10 …
2026-07-01 18:28:58.634 | INFO     | pycaalp.time_balancing.model:run_mip:430 - Running MIP solver ...
      obj=0.849 (vs_full=+0.94%)  alpha=758.6s  build=0.021s solve=0.138s  vs_full=-3.77%
  [3e] Subgraph / bl-union k=10 …
2026-07-01 18:28:58.772 | INFO     | pycaalp.time_balancing.model:run_mip:430 - Running MIP solver ...
      obj=0.841 (vs_full=-0.00%)  alpha=788.3s  build=0.081s solve=0.508s  vs_full=+0.00%
  [3f] Subgraph / diverse  k=10 …
2026-07-01 18:28:59.280 | INFO     | pycaalp.time_balancing.model:run_mip:430 - Running MIP solver ...
      obj=0.849 (vs_full=+0.94%)  alpha=758.6s  build=0.012s solve=0.375s  vs_full=-3.77%

k = 20
  Subgraph edges — edge_w: 35 (3.2%)  bal_w: 73 (6.6%)  combined: 107 (9.7%)  blended: 34 (3.1%)  blended_union: 93 (8.4%)  diverse: 239 (21.6%)
  [3a] Subgraph / edge_w   k=20 …
2026-07-01 18:29:00.227 | INFO     | pycaalp.time_balancing.model:run_mip:430 - Running MIP solver ...
      obj=0.841 (vs_full=+0.00%)  alpha=788.3s  build=0.047s solve=0.573s  vs_full=+0.00%
  [3b] Subgraph / bal_w    k=20 …
2026-07-01 18:29:00.800 | INFO     | pycaalp.time_balancing.model:run_mip:430 - Running MIP solver ...
      obj=1.030 (vs_full=+22.41%)  alpha=754.4s  build=0.083s solve=0.271s  vs_full=-4.30%
  [3c] Subgraph / combined k=20 …
2026-07-01 18:29:01.071 | INFO     | pycaalp.time_balancing.model:run_mip:430 - Running MIP solver ...
      obj=0.841 (vs_full=+0.00%)  alpha=788.3s  build=0.177s solve=0.556s  vs_full=+0.00%
  [3d] Subgraph / blended  k=20 …
2026-07-01 18:29:01.627 | INFO     | pycaalp.time_balancing.model:run_mip:430 - Running MIP solver ...
      obj=0.849 (vs_full=+0.94%)  alpha=758.6s  build=0.056s solve=0.155s  vs_full=-3.77%
  [3e] Subgraph / bl-union k=20 …
2026-07-01 18:29:01.782 | INFO     | pycaalp.time_balancing.model:run_mip:430 - Running MIP solver ...
      obj=0.841 (vs_full=+0.00%)  alpha=788.3s  build=0.194s solve=1.377s  vs_full=+0.00%
  [3f] Subgraph / diverse  k=20 …
2026-07-01 18:29:03.160 | INFO     | pycaalp.time_balancing.model:run_mip:430 - Running MIP solver ...
      obj=0.843 (vs_full=+0.21%)  alpha=792.0s  build=0.014s solve=0.936s  vs_full=+0.47%

k = 50
  Subgraph edges — edge_w: 54 (4.9%)  bal_w: 141 (12.8%)  combined: 190 (17.2%)  blended: 62 (5.6%)  blended_union: 146 (13.2%)  diverse: 510 (46.2%)
  [3a] Subgraph / edge_w   k=50 …
2026-07-01 18:29:05.494 | INFO     | pycaalp.time_balancing.model:run_mip:430 - Running MIP solver ...
      obj=0.841 (vs_full=+0.00%)  alpha=788.3s  build=0.148s solve=0.534s  vs_full=+0.00%
  [3b] Subgraph / bal_w    k=50 …
2026-07-01 18:29:06.028 | INFO     | pycaalp.time_balancing.model:run_mip:430 - Running MIP solver ...
      obj=1.029 (vs_full=+22.35%)  alpha=754.4s  build=0.202s solve=1.131s  vs_full=-4.30%
  [3c] Subgraph / combined k=50 …
2026-07-01 18:29:07.159 | INFO     | pycaalp.time_balancing.model:run_mip:430 - Running MIP solver ...
      obj=0.841 (vs_full=-0.00%)  alpha=788.3s  build=0.380s solve=1.161s  vs_full=+0.00%
  [3d] Subgraph / blended  k=50 …
2026-07-01 18:29:08.321 | INFO     | pycaalp.time_balancing.model:run_mip:430 - Running MIP solver ...
      obj=0.842 (vs_full=+0.15%)  alpha=780.8s  build=0.174s solve=0.364s  vs_full=-0.95%
  [3e] Subgraph / bl-union k=50 …
2026-07-01 18:29:08.685 | INFO     | pycaalp.time_balancing.model:run_mip:430 - Running MIP solver ...
      obj=0.841 (vs_full=+0.00%)  alpha=788.3s  build=0.461s solve=0.958s  vs_full=+0.00%
  [3f] Subgraph / diverse  k=50 …
2026-07-01 18:29:09.643 | INFO     | pycaalp.time_balancing.model:run_mip:430 - Running MIP solver ...
      obj=0.843 (vs_full=+0.21%)  alpha=792.0s  build=0.033s solve=3.038s  vs_full=+0.47%

k = 100
  Subgraph edges — edge_w: 78 (7.1%)  bal_w: 189 (17.1%)  combined: 257 (23.3%)  blended: 103 (9.3%)  blended_union: 190 (17.2%)  diverse: 748 (67.7%)
  [3a] Subgraph / edge_w   k=100 …
2026-07-01 18:29:15.862 | INFO     | pycaalp.time_balancing.model:run_mip:430 - Running MIP solver ...
      obj=0.841 (vs_full=+0.00%)  alpha=788.3s  build=0.349s solve=1.021s  vs_full=+0.00%
  [3b] Subgraph / bal_w    k=100 …
2026-07-01 18:29:16.884 | INFO     | pycaalp.time_balancing.model:run_mip:430 - Running MIP solver ...
      obj=1.009 (vs_full=+19.92%)  alpha=814.2s  build=0.497s solve=0.921s  vs_full=+3.28%
  [3c] Subgraph / combined k=100 …
2026-07-01 18:29:17.805 | INFO     | pycaalp.time_balancing.model:run_mip:430 - Running MIP solver ...
      obj=0.841 (vs_full=+0.00%)  alpha=788.3s  build=0.876s solve=1.576s  vs_full=+0.00%
  [3d] Subgraph / blended  k=100 …
2026-07-01 18:29:19.381 | INFO     | pycaalp.time_balancing.model:run_mip:430 - Running MIP solver ...
      obj=0.842 (vs_full=+0.15%)  alpha=780.8s  build=0.409s solve=0.613s  vs_full=-0.95%
  [3e] Subgraph / bl-union k=100 …
2026-07-01 18:29:19.995 | INFO     | pycaalp.time_balancing.model:run_mip:430 - Running MIP solver ...
      obj=0.841 (vs_full=+0.00%)  alpha=788.3s  build=0.994s solve=1.308s  vs_full=+0.00%
  [3f] Subgraph / diverse  k=100 …
2026-07-01 18:29:21.303 | INFO     | pycaalp.time_balancing.model:run_mip:430 - Running MIP solver ...
      obj=0.843 (vs_full=+0.18%)  alpha=792.0s  build=0.056s solve=3.988s  vs_full=+0.47%

k = 200
  Subgraph edges — edge_w: 95 (8.6%)  bal_w: 258 (23.3%)  combined: 339 (30.7%)  blended: 122 (11.0%)  blended_union: 203 (18.4%)  diverse: 913 (82.6%)
  [3a] Subgraph / edge_w   k=200 …
2026-07-01 18:29:31.978 | INFO     | pycaalp.time_balancing.model:run_mip:430 - Running MIP solver ...
      obj=0.841 (vs_full=+0.00%)  alpha=788.3s  build=0.644s solve=0.693s  vs_full=+0.00%
  [3b] Subgraph / bal_w    k=200 …
2026-07-01 18:29:32.671 | INFO     | pycaalp.time_balancing.model:run_mip:430 - Running MIP solver ...
      obj=1.004 (vs_full=+19.37%)  alpha=814.2s  build=1.005s solve=1.191s  vs_full=+3.28%
  [3c] Subgraph / combined k=200 …
2026-07-01 18:29:33.863 | INFO     | pycaalp.time_balancing.model:run_mip:430 - Running MIP solver ...
      obj=0.841 (vs_full=-0.00%)  alpha=788.3s  build=1.585s solve=1.569s  vs_full=+0.00%
  [3d] Subgraph / blended  k=200 …
2026-07-01 18:29:35.432 | INFO     | pycaalp.time_balancing.model:run_mip:430 - Running MIP solver ...
      obj=0.842 (vs_full=+0.15%)  alpha=780.8s  build=0.984s solve=1.297s  vs_full=-0.95%
  [3e] Subgraph / bl-union k=200 …
2026-07-01 18:29:36.729 | INFO     | pycaalp.time_balancing.model:run_mip:430 - Running MIP solver ...
      obj=0.841 (vs_full=+0.00%)  alpha=788.3s  build=2.280s solve=1.083s  vs_full=+0.00%
  [3f] Subgraph / diverse  k=200 …
2026-07-01 18:29:37.812 | INFO     | pycaalp.time_balancing.model:run_mip:430 - Running MIP solver ...
      obj=0.843 (vs_full=+0.18%)  alpha=792.0s  build=0.188s solve=5.227s  vs_full=+0.47%

k = 500
  Subgraph edges — edge_w: 108 (9.8%)  bal_w: 399 (36.1%)  combined: 459 (41.5%)  blended: 147 (13.3%)  blended_union: 247 (22.4%)  diverse: 1045 (94.6%)
  [3a] Subgraph / edge_w   k=500 …
2026-07-01 18:29:57.347 | INFO     | pycaalp.time_balancing.model:run_mip:430 - Running MIP solver ...
      obj=0.841 (vs_full=+0.00%)  alpha=788.3s  build=1.478s solve=0.564s  vs_full=+0.00%
  [3b] Subgraph / bal_w    k=500 …
2026-07-01 18:29:57.911 | INFO     | pycaalp.time_balancing.model:run_mip:430 - Running MIP solver ...
      obj=0.990 (vs_full=+17.68%)  alpha=788.3s  build=1.741s solve=2.770s  vs_full=+0.00%
  [3c] Subgraph / combined k=500 …
2026-07-01 18:30:00.682 | INFO     | pycaalp.time_balancing.model:run_mip:430 - Running MIP solver ...
      obj=0.841 (vs_full=+0.00%)  alpha=788.3s  build=3.419s solve=2.621s  vs_full=+0.00%
  [3d] Subgraph / blended  k=500 …
2026-07-01 18:30:03.303 | INFO     | pycaalp.time_balancing.model:run_mip:430 - Running MIP solver ...
      obj=0.842 (vs_full=+0.15%)  alpha=780.8s  build=2.034s solve=1.021s  vs_full=-0.95%
  [3e] Subgraph / bl-union k=500 …
2026-07-01 18:30:04.324 | INFO     | pycaalp.time_balancing.model:run_mip:430 - Running MIP solver ...
      obj=0.841 (vs_full=+0.00%)  alpha=788.3s  build=5.188s solve=2.747s  vs_full=+0.00%
  [3f] Subgraph / diverse  k=500 …
2026-07-01 18:30:07.071 | INFO     | pycaalp.time_balancing.model:run_mip:430 - Running MIP solver ...
      obj=0.841 (vs_full=+0.03%)  alpha=792.0s  build=0.447s solve=8.868s  vs_full=+0.47%

k = 1000
  Subgraph edges — edge_w: 142 (12.9%)  bal_w: 500 (45.2%)  combined: 578 (52.3%)  blended: 197 (17.8%)  blended_union: 284 (25.7%)  diverse: 1099 (99.5%)
  [3a] Subgraph / edge_w   k=1000 …
2026-07-01 18:30:46.888 | INFO     | pycaalp.time_balancing.model:run_mip:430 - Running MIP solver ...
      obj=0.841 (vs_full=+0.00%)  alpha=788.3s  build=3.217s solve=0.835s  vs_full=+0.00%
  [3b] Subgraph / bal_w    k=1000 …
2026-07-01 18:30:47.723 | INFO     | pycaalp.time_balancing.model:run_mip:430 - Running MIP solver ...
      obj=0.990 (vs_full=+17.68%)  alpha=788.3s  build=3.672s solve=3.680s  vs_full=+0.00%
  [3c] Subgraph / combined k=1000 …
2026-07-01 18:30:51.402 | INFO     | pycaalp.time_balancing.model:run_mip:430 - Running MIP solver ...
      obj=0.841 (vs_full=+0.00%)  alpha=788.3s  build=7.253s solve=2.972s  vs_full=+0.00%
  [3d] Subgraph / blended  k=1000 …
2026-07-01 18:30:54.375 | INFO     | pycaalp.time_balancing.model:run_mip:430 - Running MIP solver ...
      obj=0.842 (vs_full=+0.15%)  alpha=780.8s  build=4.664s solve=1.274s  vs_full=-0.95%
  [3e] Subgraph / bl-union k=1000 …
2026-07-01 18:30:55.649 | INFO     | pycaalp.time_balancing.model:run_mip:430 - Running MIP solver ...
      obj=0.841 (vs_full=+0.00%)  alpha=788.3s  build=10.931s solve=2.423s  vs_full=+0.00%
  [3f] Subgraph / diverse  k=1000 …
2026-07-01 18:30:58.072 | INFO     | pycaalp.time_balancing.model:run_mip:430 - Running MIP solver ...
      obj=0.841 (vs_full=+0.00%)  alpha=788.3s  build=1.212s solve=8.412s  vs_full=+0.00%

k = 2000
  Subgraph edges — edge_w: 185 (16.7%)  bal_w: 630 (57.0%)  combined: 685 (62.0%)  blended: 219 (19.8%)  blended_union: 335 (30.3%)  diverse: 1105 (100.0%)
  [3a] Subgraph / edge_w   k=2000 …
2026-07-01 18:32:16.483 | INFO     | pycaalp.time_balancing.model:run_mip:430 - Running MIP solver ...
      obj=0.841 (vs_full=+0.00%)  alpha=788.3s  build=7.898s solve=1.417s  vs_full=+0.00%
  [3b] Subgraph / bal_w    k=2000 …
2026-07-01 18:32:17.900 | INFO     | pycaalp.time_balancing.model:run_mip:430 - Running MIP solver ...
      obj=0.985 (vs_full=+17.10%)  alpha=788.3s  build=8.306s solve=2.887s  vs_full=+0.00%
  [3c] Subgraph / combined k=2000 …
2026-07-01 18:32:20.787 | INFO     | pycaalp.time_balancing.model:run_mip:430 - Running MIP solver ...
      obj=0.841 (vs_full=+0.00%)  alpha=788.3s  build=16.222s solve=4.055s  vs_full=+0.00%
  [3d] Subgraph / blended  k=2000 …
2026-07-01 18:32:24.843 | INFO     | pycaalp.time_balancing.model:run_mip:430 - Running MIP solver ...
      obj=0.842 (vs_full=+0.15%)  alpha=780.8s  build=9.952s solve=0.736s  vs_full=-0.95%
  [3e] Subgraph / bl-union k=2000 …
2026-07-01 18:32:25.581 | INFO     | pycaalp.time_balancing.model:run_mip:430 - Running MIP solver ...
      obj=0.841 (vs_full=-0.00%)  alpha=788.3s  build=25.670s solve=2.598s  vs_full=+0.00%
  [3f] Subgraph / diverse  k=2000 …
2026-07-01 18:32:28.180 | INFO     | pycaalp.time_balancing.model:run_mip:430 - Running MIP solver ...
      obj=0.841 (vs_full=+0.00%)  alpha=788.3s  build=1.951s solve=7.786s  vs_full=+0.00%

k = 5000
  Subgraph edges — edge_w: 232 (21.0%)  bal_w: 799 (72.3%)  combined: 830 (75.1%)  blended: 253 (22.9%)  blended_union: 355 (32.1%)  diverse: 1105 (100.0%)
  [3a] Subgraph / edge_w   k=5000 …
2026-07-01 18:36:46.024 | INFO     | pycaalp.time_balancing.model:run_mip:430 - Running MIP solver ...
      obj=0.841 (vs_full=-0.00%)  alpha=788.3s  build=30.640s solve=1.678s  vs_full=+0.00%
  [3b] Subgraph / bal_w    k=5000 …
2026-07-01 18:36:47.703 | INFO     | pycaalp.time_balancing.model:run_mip:430 - Running MIP solver ...
      obj=0.984 (vs_full=+16.93%)  alpha=788.3s  build=25.738s solve=6.367s  vs_full=+0.00%
  [3c] Subgraph / combined k=5000 …
2026-07-01 18:36:54.070 | INFO     | pycaalp.time_balancing.model:run_mip:430 - Running MIP solver ...
      obj=0.841 (vs_full=+0.00%)  alpha=788.3s  build=57.467s solve=4.911s  vs_full=+0.00%
  [3d] Subgraph / blended  k=5000 …
2026-07-01 18:36:58.981 | INFO     | pycaalp.time_balancing.model:run_mip:430 - Running MIP solver ...
      obj=0.842 (vs_full=+0.15%)  alpha=780.8s  build=36.624s solve=1.503s  vs_full=-0.95%
  [3e] Subgraph / bl-union k=5000 …
2026-07-01 18:37:00.484 | INFO     | pycaalp.time_balancing.model:run_mip:430 - Running MIP solver ...
      obj=0.841 (vs_full=+0.00%)  alpha=788.3s  build=94.185s solve=2.678s  vs_full=+0.00%
  [3f] Subgraph / diverse  k=5000 …
2026-07-01 18:37:03.162 | INFO     | pycaalp.time_balancing.model:run_mip:430 - Running MIP solver ...
      obj=0.841 (vs_full=+0.00%)  alpha=788.3s  build=5.404s solve=7.658s  vs_full=+0.00%

Results saved to experiments/strategy_comparison/assembly_1_np_3/strategy_comparison_lambda_0.1.csv
Plot with:  python -m experiments.strategy_comparison.plot_k_sensitivity

============================================================================================================================
SUMMARY — assembly_1  P=3  λ=0.1
============================================================================================================================
Strategy       Weight                      k   Build    Solve    Total  Spdup       Obj   ObjvsF     Alpha    AlvsF   Edges  %Grph
----------------------------------------------------------------------------------------------------------------------------
full_mip       —                               0.000    6.274    6.274   1.0x     0.841    +0.00    788.33    +0.00    1105  100.0
subgraph_mip   edge_weight                 1   0.002    0.038    0.041 153.9x     0.841    +0.03    792.00    +0.47      13    1.2
subgraph_mip   time_balanced_weight        1   0.002    0.016    0.019 336.2x     1.131   +34.46    731.84    -7.17      13    1.2
subgraph_mip   combined                    1   0.003    0.212    0.215  29.1x     0.841    +0.03    792.00    +0.47      26    2.4
subgraph_mip   blended                     1   0.002    0.016    0.018 347.4x     0.849    +0.94    758.63    -3.77      13    1.2
subgraph_mip   blended_union               1   0.025    0.083    0.108  58.2x     0.841    +0.03    792.00    +0.47      37    3.4
subgraph_mip   diverse                     1   0.010    0.016    0.026 245.9x     0.849    +0.94    758.63    -3.77      13    1.2
subgraph_mip   edge_weight                 2   0.003    0.040    0.043 145.7x     0.841    -0.00    788.33    +0.00      15    1.4
subgraph_mip   time_balanced_weight        2   0.004    0.053    0.057 110.8x     1.122   +33.43    731.84    -7.17      15    1.4
subgraph_mip   combined                    2   0.007    0.078    0.084  74.3x     0.841    +0.00    788.33    +0.00      30    2.7
subgraph_mip   blended                     2   0.003    0.106    0.109  57.6x     0.849    +0.94    758.63    -3.77      15    1.4
subgraph_mip   blended_union               2   0.015    0.246    0.261  24.0x     0.841    +0.00    788.33    +0.00      42    3.8
subgraph_mip   diverse                     2   0.004    0.097    0.101  62.1x     0.849    +0.94    758.63    -3.77      26    2.4
subgraph_mip   edge_weight                 5   0.010    0.132    0.142  44.1x     0.841    +0.00    788.33    +0.00      21    1.9
subgraph_mip   time_balanced_weight        5   0.014    0.100    0.114  54.9x     1.122   +33.43    731.84    -7.17      44    4.0
subgraph_mip   combined                    5   0.023    0.282    0.305  20.6x     0.841    +0.00    788.33    +0.00      65    5.9
subgraph_mip   blended                     5   0.010    0.067    0.077  81.0x     0.849    +0.94    758.63    -3.77      21    1.9
subgraph_mip   blended_union               5   0.035    0.342    0.376  16.7x     0.841    -0.00    788.33    +0.00      60    5.4
subgraph_mip   diverse                     5   0.005    0.371    0.376  16.7x     0.849    +0.94    758.63    -3.77      65    5.9
subgraph_mip   edge_weight                10   0.021    0.109    0.130  48.4x     0.841    -0.00    788.33    +0.00      24    2.2
subgraph_mip   time_balanced_weight       10   0.028    0.473    0.500  12.5x     1.119   +33.02    798.38    +1.27      57    5.2
subgraph_mip   combined                   10   0.048    0.356    0.404  15.5x     0.841    +0.00    788.33    +0.00      81    7.3
subgraph_mip   blended                    10   0.021    0.138    0.160  39.3x     0.849    +0.94    758.63    -3.77      26    2.4
subgraph_mip   blended_union              10   0.081    0.508    0.590  10.6x     0.841    -0.00    788.33    +0.00      75    6.8
subgraph_mip   diverse                    10   0.012    0.375    0.388  16.2x     0.849    +0.94    758.63    -3.77     126   11.4
subgraph_mip   edge_weight                20   0.047    0.573    0.621  10.1x     0.841    +0.00    788.33    +0.00      35    3.2
subgraph_mip   time_balanced_weight       20   0.083    0.271    0.353  17.8x     1.030   +22.41    754.42    -4.30      73    6.6
subgraph_mip   combined                   20   0.177    0.556    0.733   8.6x     0.841    +0.00    788.33    +0.00     107    9.7
subgraph_mip   blended                    20   0.056    0.155    0.210  29.8x     0.849    +0.94    758.63    -3.77      34    3.1
subgraph_mip   blended_union              20   0.194    1.377    1.571   4.0x     0.841    +0.00    788.33    +0.00      93    8.4
subgraph_mip   diverse                    20   0.014    0.936    0.950   6.6x     0.843    +0.21    792.00    +0.47     239   21.6
subgraph_mip   edge_weight                50   0.148    0.534    0.683   9.2x     0.841    +0.00    788.33    +0.00      54    4.9
subgraph_mip   time_balanced_weight       50   0.202    1.131    1.333   4.7x     1.029   +22.35    754.42    -4.30     141   12.8
subgraph_mip   combined                   50   0.380    1.161    1.541   4.1x     0.841    -0.00    788.33    +0.00     190   17.2
subgraph_mip   blended                    50   0.174    0.364    0.538  11.7x     0.842    +0.15    780.81    -0.95      62    5.6
subgraph_mip   blended_union              50   0.461    0.958    1.419   4.4x     0.841    +0.00    788.33    +0.00     146   13.2
subgraph_mip   diverse                    50   0.033    3.038    3.070   2.0x     0.843    +0.21    792.00    +0.47     510   46.1
subgraph_mip   edge_weight               100   0.349    1.021    1.370   4.6x     0.841    +0.00    788.33    +0.00      78    7.1
subgraph_mip   time_balanced_weight      100   0.497    0.921    1.418   4.4x     1.009   +19.92    814.18    +3.28     189   17.1
subgraph_mip   combined                  100   0.876    1.576    2.452   2.6x     0.841    +0.00    788.33    +0.00     257   23.3
subgraph_mip   blended                   100   0.409    0.613    1.022   6.1x     0.842    +0.15    780.81    -0.95     103    9.3
subgraph_mip   blended_union             100   0.994    1.308    2.302   2.7x     0.841    +0.00    788.33    +0.00     190   17.2
subgraph_mip   diverse                   100   0.056    3.988    4.044   1.6x     0.843    +0.18    792.00    +0.47     748   67.7
subgraph_mip   edge_weight               200   0.644    0.693    1.338   4.7x     0.841    +0.00    788.33    +0.00      95    8.6
subgraph_mip   time_balanced_weight      200   1.005    1.191    2.196   2.9x     1.004   +19.37    814.18    +3.28     258   23.4
subgraph_mip   combined                  200   1.585    1.569    3.154   2.0x     0.841    -0.00    788.33    +0.00     339   30.7
subgraph_mip   blended                   200   0.984    1.297    2.281   2.8x     0.842    +0.15    780.81    -0.95     122   11.0
subgraph_mip   blended_union             200   2.280    1.083    3.363   1.9x     0.841    +0.00    788.33    +0.00     203   18.4
subgraph_mip   diverse                   200   0.188    5.227    5.415   1.2x     0.843    +0.18    792.00    +0.47     913   82.6
subgraph_mip   edge_weight               500   1.478    0.564    2.043   3.1x     0.841    +0.00    788.33    +0.00     108    9.8
subgraph_mip   time_balanced_weight      500   1.741    2.770    4.512   1.4x     0.990   +17.68    788.33    +0.00     399   36.1
subgraph_mip   combined                  500   3.419    2.621    6.040   1.0x     0.841    +0.00    788.33    +0.00     459   41.5
subgraph_mip   blended                   500   2.034    1.021    3.054   2.0x     0.842    +0.15    780.81    -0.95     147   13.3
subgraph_mip   blended_union             500   5.188    2.747    7.934   0.8x     0.841    +0.00    788.33    +0.00     247   22.4
subgraph_mip   diverse                   500   0.447    8.868    9.314   0.7x     0.841    +0.03    792.00    +0.47    1045   94.6
subgraph_mip   edge_weight              1000   3.217    0.835    4.052   1.6x     0.841    +0.00    788.33    +0.00     142   12.8
subgraph_mip   time_balanced_weight     1000   3.672    3.680    7.352   0.8x     0.990   +17.68    788.33    +0.00     500   45.2
subgraph_mip   combined                 1000   7.253    2.972   10.225   0.6x     0.841    +0.00    788.33    +0.00     578   52.3
subgraph_mip   blended                  1000   4.664    1.274    5.938   1.1x     0.842    +0.15    780.81    -0.95     197   17.8
subgraph_mip   blended_union            1000  10.931    2.423   13.354   0.5x     0.841    +0.00    788.33    +0.00     284   25.7
subgraph_mip   diverse                  1000   1.212    8.412    9.624   0.7x     0.841    +0.00    788.33    +0.00    1099   99.5
subgraph_mip   edge_weight              2000   7.898    1.417    9.315   0.7x     0.841    +0.00    788.33    +0.00     185   16.7
subgraph_mip   time_balanced_weight     2000   8.306    2.887   11.194   0.6x     0.985   +17.10    788.33    +0.00     630   57.0
subgraph_mip   combined                 2000  16.222    4.055   20.277   0.3x     0.841    +0.00    788.33    +0.00     685   62.0
subgraph_mip   blended                  2000   9.952    0.736   10.688   0.6x     0.842    +0.15    780.81    -0.95     219   19.8
subgraph_mip   blended_union            2000  25.670    2.598   28.269   0.2x     0.841    -0.00    788.33    +0.00     335   30.3
subgraph_mip   diverse                  2000   1.951    7.786    9.736   0.6x     0.841    +0.00    788.33    +0.00    1105  100.0
subgraph_mip   edge_weight              5000  30.640    1.678   32.318   0.2x     0.841    -0.00    788.33    +0.00     232   21.0
subgraph_mip   time_balanced_weight     5000  25.738    6.367   32.105   0.2x     0.984   +16.93    788.33    +0.00     799   72.3
subgraph_mip   combined                 5000  57.467    4.911   62.379   0.1x     0.841    +0.00    788.33    +0.00     830   75.1
subgraph_mip   blended                  5000  36.624    1.503   38.127   0.2x     0.842    +0.15    780.81    -0.95     253   22.9
subgraph_mip   blended_union            5000  94.185    2.678   96.863   0.1x     0.841    +0.00    788.33    +0.00     355   32.1
subgraph_mip   diverse                  5000   5.404    7.658   13.062   0.5x     0.841    +0.00    788.33    +0.00    1105  100.0
============================================================================================================================

----------------- λ = 0.15 -----------------
========================================================================
Strategy Comparison Experiment — assembly_1  P=3  λ=0.15
========================================================================

Building assembly digraph …
2026-07-01 18:28:48.573 | INFO     | pycaalp.gapp.assembly_digraph:compute_assembly_digraph_complete:395 - Computing assembly digraph...
  343 nodes, 1105 edges  (0.3s)

[1] Full MIP  P=3  λ=0.15
2026-07-01 18:28:48.903 | INFO     | pycaalp.time_balancing.model:run_mip:430 - Running MIP solver ...
presolving:
(round 1, fast)       2 del vars, 2 del conss, 0 add conss, 0 chg bounds, 0 chg sides, 0 chg coeffs, 0 upgd conss, 0 impls, 69 clqs, 0 implints
(round 2, exhaustive) 2 del vars, 2 del conss, 0 add conss, 1 chg bounds, 0 chg sides, 0 chg coeffs, 3408 upgd conss, 0 impls, 69 clqs, 0 implints
   (0.3s) probing: 1000/1181 (84.7%) - 0 fixings, 0 aggregations, 131997 implications, 0 bound changes
   (0.3s) probing: 1001/1181 (84.8%) - 0 fixings, 0 aggregations, 132060 implications, 0 bound changes
   (0.3s) probing aborted: 1000/1000 successive useless probings
   (0.3s) symmetry computation started: requiring (bin +, int +, cont +), (fixed: bin -, int -, cont -)
   (0.3s) no symmetry present (symcode time: 0.00)
presolving (3 rounds: 3 fast, 2 medium, 2 exhaustive):
 2 deleted vars, 2 deleted constraints, 0 added constraints, 1 tightened bounds, 0 added holes, 0 changed sides, 0 changed coefficients
 0 implications, 12312 cliques, 0 implied integral variables (0 bin, 0 int, 0 cont)
presolved problem has 1182 variables (1181 bin, 0 int, 1 cont) and 3721 constraints
     69 constraints of type <setppc>
    313 constraints of type <linear>
   3339 constraints of type <logicor>
Presolving Time: 0.29

 time | node  | left  |LP iter|LP it/n|mem/heur|mdpt |vars |cons |rows |cuts |sepa|confs|strbr|  dualbound   | primalbound  |  gap   | compl. 
p 0.3s|     1 |     0 |     0 |     - | vbounds|   0 |1182 |3752 |3721 |   0 |  0 |  30 |   0 | 0.000000e+00 | 1.398269e+00 |    Inf | unknown
p 0.4s|     1 |     0 |    89 |     - | vbounds|   0 |1182 |3764 |3721 |   0 |  0 |  42 |   0 | 0.000000e+00 | 1.184627e+00 |    Inf | unknown
  0.4s|     1 |     0 |   381 |     - |    29M |   0 |1182 |3764 |3721 |   0 |  0 |  42 |   0 | 8.329273e-01 | 1.184627e+00 |  42.22%| unknown
  0.6s|     1 |     0 |   440 |     - |    31M |   0 |1182 |3765 |3724 |   3 |  1 |  43 |   0 | 8.329436e-01 | 1.184627e+00 |  42.22%| unknown
  0.9s|     1 |     0 |   459 |     - |    36M |   0 |1182 |3775 |3727 |   6 |  2 |  53 |   0 | 8.329635e-01 | 1.184627e+00 |  42.22%| unknown
  1.3s|     1 |     0 |   480 |     - |    45M |   0 |1182 |3771 |3729 |   8 |  3 |  53 |   0 | 8.331232e-01 | 1.184627e+00 |  42.19%| unknown
  1.8s|     1 |     0 |   504 |     - |    51M |   0 |1182 |3773 |3732 |  11 |  4 |  55 |   0 | 8.331232e-01 | 1.184627e+00 |  42.19%| unknown
  2.2s|     1 |     0 |   515 |     - |    58M |   0 |1182 |3774 |3735 |  14 |  5 |  56 |   0 | 8.331232e-01 | 1.184627e+00 |  42.19%| unknown
  2.6s|     1 |     0 |   530 |     - |    63M |   0 |1182 |3780 |3737 |  16 |  6 |  64 |   0 | 8.331232e-01 | 1.184627e+00 |  42.19%| unknown
  3.2s|     1 |     0 |   535 |     - |    72M |   0 |1182 |3788 |3739 |  18 |  7 |  74 |   0 | 8.331232e-01 | 1.184627e+00 |  42.19%| unknown
  3.6s|     1 |     0 |   546 |     - |    81M |   0 |1182 |3789 |3742 |  21 |  8 |  76 |   0 | 8.331232e-01 | 1.184627e+00 |  42.19%| unknown
  4.2s|     1 |     0 |   559 |     - |    91M |   0 |1182 |3792 |3744 |  23 |  9 |  85 |   0 | 8.331232e-01 | 1.184627e+00 |  42.19%| unknown
  4.6s|     1 |     0 |   565 |     - |   105M |   0 |1182 |3793 |3746 |  25 | 10 |  86 |   0 | 8.331232e-01 | 1.184627e+00 |  42.19%| unknown
  4.6s|     1 |     0 |   590 |     - |   105M |   0 |1182 |3803 |3748 |  27 | 11 |  96 |   0 | 8.331232e-01 | 1.184627e+00 |  42.19%| unknown
  4.6s|     1 |     0 |   591 |     - |   105M |   0 |1182 |3811 |3750 |  29 | 12 | 104 |   0 | 8.331232e-01 | 1.184627e+00 |  42.19%| unknown
 time | node  | left  |LP iter|LP it/n|mem/heur|mdpt |vars |cons |rows |cuts |sepa|confs|strbr|  dualbound   | primalbound  |  gap   | compl. 
  4.6s|     1 |     0 |   592 |     - |   106M |   0 |1182 |3821 |3751 |  30 | 13 | 114 |   0 | 8.331232e-01 | 1.184627e+00 |  42.19%| unknown
d 4.7s|     1 |     0 |   983 |     - |farkasdi|   0 |1182 |3830 |3751 |   0 | 13 | 124 |   0 | 8.331232e-01 | 8.529418e-01 |   2.38%| unknown
L 4.8s|     1 |     0 |  1718 |     - |    rens|   0 |1182 |3848 |3751 |  30 | 13 | 149 |   0 | 8.331232e-01 | 8.451800e-01 |   1.45%| unknown
  4.8s|     1 |     0 |  1718 |     - |   106M |   0 |1182 |3841 |3751 |  30 | 13 | 149 |   0 | 8.331232e-01 | 8.451800e-01 |   1.45%| unknown
  4.8s|     1 |     0 |  1718 |     - |   106M |   0 |1182 |3842 |1994 |  30 | 13 | 150 |   0 | 8.331232e-01 | 8.451800e-01 |   1.45%| unknown
  4.8s|     1 |     0 |  1719 |     - |   106M |   0 |1182 |3666 |1979 |  31 | 14 | 150 |   0 | 8.331232e-01 | 8.451800e-01 |   1.45%| unknown
  4.8s|     1 |     0 |  1725 |     - |   106M |   0 |1182 |3667 |1972 |  32 | 15 | 151 |   0 | 8.331232e-01 | 8.451800e-01 |   1.45%| unknown
  4.8s|     1 |     0 |  1725 |     - |   106M |   0 |1182 |2858 |1972 |  32 | 15 | 152 |   0 | 8.331232e-01 | 8.451800e-01 |   1.45%| unknown
  4.8s|     1 |     0 |  1729 |     - |   106M |   0 |1182 |2858 |1973 |  33 | 16 | 152 |   0 | 8.331232e-01 | 8.451800e-01 |   1.45%| unknown
(run 1, node 1) restarting after 957 global fixings of integer variables

(restart) converted 22 cuts from the global cut pool into linear constraints

presolving:
(round 1, fast)       961 del vars, 2231 del conss, 0 add conss, 0 chg bounds, 0 chg sides, 1344 chg coeffs, 0 upgd conss, 0 impls, 585 clqs, 0 implints
(round 2, exhaustive) 961 del vars, 2231 del conss, 0 add conss, 0 chg bounds, 0 chg sides, 1344 chg coeffs, 23 upgd conss, 0 impls, 585 clqs, 0 implints
(round 3, exhaustive) 961 del vars, 2231 del conss, 0 add conss, 0 chg bounds, 0 chg sides, 1349 chg coeffs, 23 upgd conss, 0 impls, 587 clqs, 0 implints
(round 4, exhaustive) 961 del vars, 2231 del conss, 0 add conss, 0 chg bounds, 0 chg sides, 1351 chg coeffs, 23 upgd conss, 0 impls, 587 clqs, 0 implints
(round 5, exhaustive) 961 del vars, 2239 del conss, 0 add conss, 0 chg bounds, 0 chg sides, 1363 chg coeffs, 23 upgd conss, 0 impls, 587 clqs, 0 implints
presolving (6 rounds: 6 fast, 5 medium, 5 exhaustive):
 961 deleted vars, 2239 deleted constraints, 0 added constraints, 0 tightened bounds, 0 added holes, 0 changed sides, 1364 changed coefficients
 0 implications, 587 cliques, 0 implied integral variables (0 bin, 0 int, 0 cont)
presolved problem has 221 variables (220 bin, 0 int, 1 cont) and 642 constraints
      6 constraints of type <knapsack>
     68 constraints of type <setppc>
     54 constraints of type <linear>
    514 constraints of type <logicor>
Presolving Time: 0.30
transformed 4/6 original solutions to the transformed problem space

 time | node  | left  |LP iter|LP it/n|mem/heur|mdpt |vars |cons |rows |cuts |sepa|confs|strbr|  dualbound   | primalbound  |  gap   | compl. 
  4.8s|     1 |     0 |  1891 |     - |    97M |   0 | 221 | 642 | 590 |   0 |  0 | 154 |   0 | 8.331232e-01 | 8.451800e-01 |   1.45%| unknown
  4.8s|     1 |     0 |  1891 |     - |    97M |   0 | 221 | 648 | 578 |   0 |  0 | 160 |   0 | 8.331232e-01 | 8.451800e-01 |   1.45%| unknown
  4.9s|     1 |     0 |  1924 |     - |    97M |   0 | 221 | 647 | 573 |   4 |  1 | 160 |   0 | 8.331232e-01 | 8.451800e-01 |   1.45%| unknown
  4.9s|     1 |     0 |  1955 |     - |    97M |   0 | 221 | 638 | 576 |   7 |  2 | 161 |   0 | 8.331232e-01 | 8.451800e-01 |   1.45%| unknown
  4.9s|     1 |     0 |  1968 |     - |    97M |   0 | 221 | 637 | 580 |  11 |  3 | 166 |   0 | 8.331245e-01 | 8.451800e-01 |   1.45%| unknown
  5.0s|     1 |     0 |  1987 |     - |    97M |   0 | 221 | 638 | 582 |  13 |  4 | 167 |   0 | 8.331249e-01 | 8.451800e-01 |   1.45%| unknown
  5.0s|     1 |     0 |  1996 |     - |    99M |   0 | 221 | 640 | 583 |  14 |  5 | 169 |   0 | 8.331378e-01 | 8.451800e-01 |   1.45%| unknown
  5.0s|     1 |     0 |  2020 |     - |    99M |   0 | 221 | 641 | 584 |  15 |  6 | 170 |   0 | 8.331387e-01 | 8.451800e-01 |   1.45%| unknown
  5.1s|     1 |     0 |  2041 |     - |   100M |   0 | 221 | 642 | 586 |  17 |  7 | 171 |   0 | 8.331391e-01 | 8.451800e-01 |   1.45%| unknown
  5.1s|     1 |     0 |  2054 |     - |   101M |   0 | 221 | 647 | 587 |  18 |  8 | 176 |   0 | 8.331395e-01 | 8.451800e-01 |   1.45%| unknown
  5.2s|     1 |     0 |  2106 |     - |   103M |   0 | 221 | 648 | 588 |  19 |  9 | 177 |   0 | 8.331625e-01 | 8.451800e-01 |   1.44%| unknown
  5.2s|     1 |     0 |  2111 |     - |   103M |   0 | 221 | 649 | 579 |  20 | 10 | 178 |   0 | 8.331630e-01 | 8.451800e-01 |   1.44%| unknown
  5.2s|     1 |     0 |  2122 |     - |   103M |   0 | 221 | 649 | 581 |  22 | 11 | 180 |   0 | 8.331631e-01 | 8.451800e-01 |   1.44%| unknown
  5.3s|     1 |     2 |  2472 |     - |   103M |   0 | 221 | 660 | 581 |  22 | 11 | 195 |  19 | 8.331659e-01 | 8.451800e-01 |   1.44%| unknown
(run 2, node 1) restarting after 6 global fixings of integer variables

(restart) converted 18 cuts from the global cut pool into linear constraints

presolving:
(round 1, fast)       9 del vars, 5 del conss, 0 add conss, 0 chg bounds, 0 chg sides, 6 chg coeffs, 0 upgd conss, 0 impls, 565 clqs, 0 implints
(round 2, exhaustive) 9 del vars, 6 del conss, 0 add conss, 0 chg bounds, 0 chg sides, 6 chg coeffs, 0 upgd conss, 0 impls, 565 clqs, 0 implints
(round 3, exhaustive) 9 del vars, 6 del conss, 0 add conss, 0 chg bounds, 0 chg sides, 6 chg coeffs, 8 upgd conss, 0 impls, 565 clqs, 0 implints
(round 4, exhaustive) 9 del vars, 6 del conss, 0 add conss, 0 chg bounds, 0 chg sides, 8 chg coeffs, 8 upgd conss, 0 impls, 566 clqs, 0 implints
(round 5, exhaustive) 9 del vars, 8 del conss, 0 add conss, 0 chg bounds, 0 chg sides, 8 chg coeffs, 8 upgd conss, 0 impls, 566 clqs, 0 implints
(round 6, exhaustive) 9 del vars, 8 del conss, 0 add conss, 0 chg bounds, 0 chg sides, 27 chg coeffs, 8 upgd conss, 0 impls, 566 clqs, 0 implints
(round 7, exhaustive) 9 del vars, 9 del conss, 0 add conss, 0 chg bounds, 0 chg sides, 27 chg coeffs, 8 upgd conss, 0 impls, 566 clqs, 0 implints
presolving (8 rounds: 8 fast, 7 medium, 7 exhaustive):
 9 deleted vars, 9 deleted constraints, 0 added constraints, 0 tightened bounds, 0 added holes, 0 changed sides, 27 changed coefficients
 0 implications, 566 cliques, 0 implied integral variables (0 bin, 0 int, 0 cont)
presolved problem has 212 variables (211 bin, 0 int, 1 cont) and 669 constraints
     10 constraints of type <knapsack>
     69 constraints of type <setppc>
     64 constraints of type <linear>
    526 constraints of type <logicor>
Presolving Time: 0.30
transformed 5/12 original solutions to the transformed problem space

 time | node  | left  |LP iter|LP it/n|mem/heur|mdpt |vars |cons |rows |cuts |sepa|confs|strbr|  dualbound   | primalbound  |  gap   | compl. 
  5.3s|     1 |     0 |  2736 |     - |    98M |   0 | 212 | 669 | 583 |   0 |  0 | 195 |  19 | 8.331659e-01 | 8.451800e-01 |   1.44%| unknown
  5.3s|     1 |     0 |  2742 |     - |    98M |   0 | 212 | 670 | 586 |   3 |  1 | 196 |  19 | 8.331659e-01 | 8.451800e-01 |   1.44%| unknown
  5.4s|     1 |     0 |  2755 |     - |    98M |   0 | 212 | 672 | 588 |   5 |  2 | 198 |  19 | 8.331659e-01 | 8.451800e-01 |   1.44%| unknown
  5.4s|     1 |     0 |  2760 |     - |    98M |   0 | 212 | 679 | 590 |   7 |  3 | 205 |  19 | 8.331659e-01 | 8.451800e-01 |   1.44%| unknown
  5.4s|     1 |     0 |  2803 |     - |    98M |   0 | 212 | 687 | 591 |   8 |  4 | 213 |  19 | 8.331659e-01 | 8.451800e-01 |   1.44%| unknown
  5.5s|     1 |     0 |  2817 |     - |    98M |   0 | 212 | 688 | 593 |  10 |  5 | 214 |  19 | 8.331659e-01 | 8.451800e-01 |   1.44%| unknown
  5.5s|     1 |     0 |  2833 |     - |   101M |   0 | 212 | 690 | 594 |  11 |  6 | 216 |  19 | 8.331659e-01 | 8.451800e-01 |   1.44%| unknown
  5.6s|     1 |     0 |  2843 |     - |   101M |   0 | 212 | 694 | 595 |  12 |  7 | 220 |  19 | 8.331659e-01 | 8.451800e-01 |   1.44%| unknown
  5.6s|     1 |     0 |  2859 |     - |   101M |   0 | 212 | 701 | 596 |  13 |  8 | 227 |  19 | 8.331659e-01 | 8.451800e-01 |   1.44%| unknown
  5.7s|     1 |     0 |  2867 |     - |   102M |   0 | 212 | 703 | 597 |  14 |  9 | 229 |  19 | 8.331659e-01 | 8.451800e-01 |   1.44%| unknown
  5.7s|     1 |     0 |  2881 |     - |   102M |   0 | 212 | 706 | 599 |  16 | 10 | 232 |  19 | 8.331659e-01 | 8.451800e-01 |   1.44%| unknown
  5.7s|     1 |     0 |  2911 |     - |   102M |   0 | 212 | 708 | 573 |  18 | 11 | 234 |  19 | 8.331659e-01 | 8.451800e-01 |   1.44%| unknown
  5.9s|     1 |     0 |  3341 |     - |   102M |   0 | 212 | 723 | 573 |  18 | 11 | 253 |  39 | 8.331661e-01 | 8.451800e-01 |   1.44%| unknown
  5.9s|     1 |     0 |  3371 |     - |   102M |   0 | 212 | 723 | 503 |  20 | 12 | 258 |  39 | 8.331682e-01 | 8.451800e-01 |   1.44%| unknown
  5.9s|     1 |     0 |  3385 |     - |   102M |   0 | 212 | 724 | 504 |  21 | 13 | 259 |  39 | 8.331686e-01 | 8.451800e-01 |   1.44%| unknown
 time | node  | left  |LP iter|LP it/n|mem/heur|mdpt |vars |cons |rows |cuts |sepa|confs|strbr|  dualbound   | primalbound  |  gap   | compl. 
  5.9s|     1 |     2 |  3385 |     - |   102M |   0 | 212 | 671 | 504 |  21 | 13 | 260 |  56 | 8.331768e-01 | 8.451800e-01 |   1.44%| unknown

SCIP Status        : problem is solved [optimal solution found]
Solving Time (sec) : 6.60
Solving Nodes      : 31 (total of 33 nodes in 3 runs)
Primal Bound       : +8.45180013291064e-01 (14 solutions)
Dual Bound         : +8.45180013291064e-01
Gap                : 0.00 %
objective value:                    0.845180013291064
x_('12_5', '13_1')                                  1 	(obj:0.0281211268239957)
x_('11_17', '12_5')                                 1 	(obj:0.022234118852459)
x_('10_31', '11_17')                                1 	(obj:0.0244277730466255)
x_('9_42', '10_31')                                 1 	(obj:0.0576785714285714)
x_('8_38', '9_42')                                  1 	(obj:0.036891393442623)
x_('7_37', '8_38')                                  1 	(obj:0.0432651492974239)
x_('6_35', '7_37')                                  1 	(obj:0.0455357142857143)
x_('5_30', '6_35')                                  1 	(obj:0.0327483899297424)
x_('4_25', '5_30')                                  1 	(obj:0.0787623536299766)
x_('3_20', '4_25')                                  1 	(obj:0.0789410128805621)
x_('2_14', '3_20')                                  1 	(obj:0.0795456674473068)
x_('1_10', '2_14')                                  1 	(obj:0.149675644028103)
x_('0_1', '1_10')                                   1 	(obj:0.0303571428571429)
y_0_0                                               1 	(obj:0)
y_1_0                                               1 	(obj:0)
y_2_0                                               1 	(obj:0)
y_3_1                                               1 	(obj:0)
y_4_1                                               1 	(obj:0)
y_5_1                                               1 	(obj:0)
y_6_1                                               1 	(obj:0)
y_7_1                                               1 	(obj:0)
y_8_2                                               1 	(obj:0)
y_9_2                                               1 	(obj:0)
y_10_2                                              1 	(obj:0)
y_11_2                                              1 	(obj:0)
y_12_2                                              1 	(obj:0)
z_('3268741', '3425762')_2                          1 	(obj:0)
z_('3268741', '1966592X')_0                         1 	(obj:0)
z_('1966592X', '3452192')_0                         1 	(obj:0)
z_('3452192', '1353870')_0                          1 	(obj:0)
z_('3452192', '3520162')_1                          1 	(obj:0)
z_('3520162', '3307092')_1                          1 	(obj:0)
z_('3520162', '3524054')_1                          1 	(obj:0)
z_('3268740', '3524054')_1                          1 	(obj:0)
z_('3524054', '3179975')_1                          1 	(obj:0)
z_('3179975', '3422998')_2                          1 	(obj:0)
z_('3422998', '2495223X')_2                         1 	(obj:0)
z_('3422998', '1353870_01')_2                       1 	(obj:0)
z_('2495223X', '2245784X')_2                        1 	(obj:0)
alpha                                4.74897590361446 	(obj:0.028847473249243)
  obj=0.845  alpha=788.3s  time=6.68s

k = 1
  Subgraph edges — edge_w: 13 (1.2%)  bal_w: 13 (1.2%)  combined: 26 (2.4%)  blended: 13 (1.2%)  blended_union: 37 (3.3%)  diverse: 13 (1.2%)
  [3a] Subgraph / edge_w   k=1 …
2026-07-01 18:28:55.629 | INFO     | pycaalp.time_balancing.model:run_mip:430 - Running MIP solver ...
      obj=0.846 (vs_full=+0.05%)  alpha=792.0s  build=0.002s solve=0.030s  vs_full=+0.47%
  [3b] Subgraph / bal_w    k=1 …
2026-07-01 18:28:55.659 | INFO     | pycaalp.time_balancing.model:run_mip:430 - Running MIP solver ...
      obj=1.115 (vs_full=+31.96%)  alpha=731.8s  build=0.003s solve=0.014s  vs_full=-7.17%
  [3c] Subgraph / combined k=1 …
2026-07-01 18:28:55.672 | INFO     | pycaalp.time_balancing.model:run_mip:430 - Running MIP solver ...
      obj=0.846 (vs_full=+0.05%)  alpha=792.0s  build=0.003s solve=0.132s  vs_full=+0.47%
  [3d] Subgraph / blended  k=1 …
2026-07-01 18:28:55.805 | INFO     | pycaalp.time_balancing.model:run_mip:430 - Running MIP solver ...
      obj=0.851 (vs_full=+0.66%)  alpha=758.6s  build=0.002s solve=0.037s  vs_full=-3.77%
  [3e] Subgraph / bl-union k=1 …
2026-07-01 18:28:55.842 | INFO     | pycaalp.time_balancing.model:run_mip:430 - Running MIP solver ...
      obj=0.846 (vs_full=+0.05%)  alpha=792.0s  build=0.029s solve=0.502s  vs_full=+0.47%
  [3f] Subgraph / diverse  k=1 …
2026-07-01 18:28:56.344 | INFO     | pycaalp.time_balancing.model:run_mip:430 - Running MIP solver ...
      obj=0.851 (vs_full=+0.66%)  alpha=758.6s  build=0.011s solve=0.017s  vs_full=-3.77%

k = 2
  Subgraph edges — edge_w: 15 (1.4%)  bal_w: 15 (1.4%)  combined: 30 (2.7%)  blended: 15 (1.4%)  blended_union: 42 (3.8%)  diverse: 26 (2.4%)
  [3a] Subgraph / edge_w   k=2 …
2026-07-01 18:28:56.442 | INFO     | pycaalp.time_balancing.model:run_mip:430 - Running MIP solver ...
      obj=0.845 (vs_full=+0.00%)  alpha=788.3s  build=0.004s solve=0.378s  vs_full=+0.00%
  [3b] Subgraph / bal_w    k=2 …
2026-07-01 18:28:56.821 | INFO     | pycaalp.time_balancing.model:run_mip:430 - Running MIP solver ...
      obj=1.107 (vs_full=+30.99%)  alpha=731.8s  build=0.004s solve=0.166s  vs_full=-7.17%
  [3c] Subgraph / combined k=2 …
2026-07-01 18:28:56.987 | INFO     | pycaalp.time_balancing.model:run_mip:430 - Running MIP solver ...
      obj=0.845 (vs_full=+0.00%)  alpha=788.3s  build=0.007s solve=0.420s  vs_full=+0.00%
  [3d] Subgraph / blended  k=2 …
2026-07-01 18:28:57.407 | INFO     | pycaalp.time_balancing.model:run_mip:430 - Running MIP solver ...
      obj=0.851 (vs_full=+0.66%)  alpha=758.6s  build=0.013s solve=0.188s  vs_full=-3.77%
  [3e] Subgraph / bl-union k=2 …
2026-07-01 18:28:57.595 | INFO     | pycaalp.time_balancing.model:run_mip:430 - Running MIP solver ...
      obj=0.845 (vs_full=-0.00%)  alpha=788.3s  build=0.034s solve=0.886s  vs_full=+0.00%
  [3f] Subgraph / diverse  k=2 …
2026-07-01 18:28:58.481 | INFO     | pycaalp.time_balancing.model:run_mip:430 - Running MIP solver ...
      obj=0.851 (vs_full=+0.66%)  alpha=758.6s  build=0.019s solve=0.297s  vs_full=-3.77%

k = 5
  Subgraph edges — edge_w: 21 (1.9%)  bal_w: 44 (4.0%)  combined: 65 (5.9%)  blended: 21 (1.9%)  blended_union: 60 (5.4%)  diverse: 65 (5.9%)
  [3a] Subgraph / edge_w   k=5 …
2026-07-01 18:28:58.933 | INFO     | pycaalp.time_balancing.model:run_mip:430 - Running MIP solver ...
      obj=0.845 (vs_full=-0.00%)  alpha=788.3s  build=0.014s solve=0.337s  vs_full=+0.00%
  [3b] Subgraph / bal_w    k=5 …
2026-07-01 18:28:59.271 | INFO     | pycaalp.time_balancing.model:run_mip:430 - Running MIP solver ...
      obj=1.107 (vs_full=+30.99%)  alpha=731.8s  build=0.026s solve=0.151s  vs_full=-7.17%
  [3c] Subgraph / combined k=5 …
2026-07-01 18:28:59.422 | INFO     | pycaalp.time_balancing.model:run_mip:430 - Running MIP solver ...
      obj=0.845 (vs_full=+0.00%)  alpha=788.3s  build=0.055s solve=0.498s  vs_full=+0.00%
  [3d] Subgraph / blended  k=5 …
2026-07-01 18:28:59.920 | INFO     | pycaalp.time_balancing.model:run_mip:430 - Running MIP solver ...
      obj=0.851 (vs_full=+0.66%)  alpha=758.6s  build=0.014s solve=0.193s  vs_full=-3.77%
  [3e] Subgraph / bl-union k=5 …
2026-07-01 18:29:00.113 | INFO     | pycaalp.time_balancing.model:run_mip:430 - Running MIP solver ...
      obj=0.845 (vs_full=-0.00%)  alpha=788.3s  build=0.039s solve=0.536s  vs_full=+0.00%
  [3f] Subgraph / diverse  k=5 …
2026-07-01 18:29:00.650 | INFO     | pycaalp.time_balancing.model:run_mip:430 - Running MIP solver ...
      obj=0.851 (vs_full=+0.66%)  alpha=758.6s  build=0.007s solve=0.413s  vs_full=-3.77%

k = 10
  Subgraph edges — edge_w: 24 (2.2%)  bal_w: 57 (5.2%)  combined: 81 (7.3%)  blended: 26 (2.4%)  blended_union: 75 (6.8%)  diverse: 126 (11.4%)
  [3a] Subgraph / edge_w   k=10 …
2026-07-01 18:29:01.496 | INFO     | pycaalp.time_balancing.model:run_mip:430 - Running MIP solver ...
      obj=0.845 (vs_full=+0.00%)  alpha=788.3s  build=0.068s solve=0.358s  vs_full=+0.00%
  [3b] Subgraph / bal_w    k=10 …
2026-07-01 18:29:01.854 | INFO     | pycaalp.time_balancing.model:run_mip:430 - Running MIP solver ...
      obj=1.106 (vs_full=+30.82%)  alpha=731.8s  build=0.062s solve=1.891s  vs_full=-7.17%
  [3c] Subgraph / combined k=10 …
2026-07-01 18:29:03.745 | INFO     | pycaalp.time_balancing.model:run_mip:430 - Running MIP solver ...
      obj=0.845 (vs_full=+0.00%)  alpha=788.3s  build=0.085s solve=0.559s  vs_full=+0.00%
  [3d] Subgraph / blended  k=10 …
2026-07-01 18:29:04.304 | INFO     | pycaalp.time_balancing.model:run_mip:430 - Running MIP solver ...
      obj=0.851 (vs_full=+0.66%)  alpha=758.6s  build=0.061s solve=0.426s  vs_full=-3.77%
  [3e] Subgraph / bl-union k=10 …
2026-07-01 18:29:04.730 | INFO     | pycaalp.time_balancing.model:run_mip:430 - Running MIP solver ...
      obj=0.845 (vs_full=-0.00%)  alpha=788.3s  build=0.132s solve=0.908s  vs_full=+0.00%
  [3f] Subgraph / diverse  k=10 …
2026-07-01 18:29:05.638 | INFO     | pycaalp.time_balancing.model:run_mip:430 - Running MIP solver ...
      obj=0.851 (vs_full=+0.66%)  alpha=758.6s  build=0.027s solve=0.669s  vs_full=-3.77%

k = 20
  Subgraph edges — edge_w: 35 (3.2%)  bal_w: 73 (6.6%)  combined: 107 (9.7%)  blended: 34 (3.1%)  blended_union: 93 (8.4%)  diverse: 239 (21.6%)
  [3a] Subgraph / edge_w   k=20 …
2026-07-01 18:29:07.080 | INFO     | pycaalp.time_balancing.model:run_mip:430 - Running MIP solver ...
      obj=0.845 (vs_full=+0.00%)  alpha=788.3s  build=0.081s solve=0.425s  vs_full=+0.00%
  [3b] Subgraph / bal_w    k=20 …
2026-07-01 18:29:07.505 | INFO     | pycaalp.time_balancing.model:run_mip:430 - Running MIP solver ...
      obj=1.021 (vs_full=+20.80%)  alpha=754.4s  build=0.112s solve=0.329s  vs_full=-4.30%
  [3c] Subgraph / combined k=20 …
2026-07-01 18:29:07.835 | INFO     | pycaalp.time_balancing.model:run_mip:430 - Running MIP solver ...
      obj=0.845 (vs_full=+0.00%)  alpha=788.3s  build=0.181s solve=1.207s  vs_full=+0.00%
  [3d] Subgraph / blended  k=20 …
2026-07-01 18:29:09.042 | INFO     | pycaalp.time_balancing.model:run_mip:430 - Running MIP solver ...
      obj=0.851 (vs_full=+0.66%)  alpha=758.6s  build=0.083s solve=0.221s  vs_full=-3.77%
  [3e] Subgraph / bl-union k=20 …
2026-07-01 18:29:09.263 | INFO     | pycaalp.time_balancing.model:run_mip:430 - Running MIP solver ...
      obj=0.845 (vs_full=+0.00%)  alpha=788.3s  build=0.287s solve=1.238s  vs_full=+0.00%
  [3f] Subgraph / diverse  k=20 …
2026-07-01 18:29:10.501 | INFO     | pycaalp.time_balancing.model:run_mip:430 - Running MIP solver ...
      obj=0.851 (vs_full=+0.66%)  alpha=758.6s  build=0.028s solve=1.477s  vs_full=-3.77%

k = 50
  Subgraph edges — edge_w: 54 (4.9%)  bal_w: 141 (12.8%)  combined: 190 (17.2%)  blended: 56 (5.1%)  blended_union: 146 (13.2%)  diverse: 511 (46.2%)
  [3a] Subgraph / edge_w   k=50 …
2026-07-01 18:29:13.723 | INFO     | pycaalp.time_balancing.model:run_mip:430 - Running MIP solver ...
      obj=0.845 (vs_full=+0.00%)  alpha=788.3s  build=0.225s solve=0.595s  vs_full=+0.00%
  [3b] Subgraph / bal_w    k=50 …
2026-07-01 18:29:14.318 | INFO     | pycaalp.time_balancing.model:run_mip:430 - Running MIP solver ...
      obj=1.020 (vs_full=+20.75%)  alpha=754.4s  build=0.264s solve=1.214s  vs_full=-4.30%
  [3c] Subgraph / combined k=50 …
2026-07-01 18:29:15.532 | INFO     | pycaalp.time_balancing.model:run_mip:430 - Running MIP solver ...
      obj=0.845 (vs_full=+0.00%)  alpha=788.3s  build=0.409s solve=1.431s  vs_full=+0.00%
  [3d] Subgraph / blended  k=50 …
2026-07-01 18:29:16.963 | INFO     | pycaalp.time_balancing.model:run_mip:430 - Running MIP solver ...
      obj=0.851 (vs_full=+0.66%)  alpha=758.6s  build=0.199s solve=0.682s  vs_full=-3.77%
  [3e] Subgraph / bl-union k=50 …
2026-07-01 18:29:17.645 | INFO     | pycaalp.time_balancing.model:run_mip:430 - Running MIP solver ...
      obj=0.845 (vs_full=+0.00%)  alpha=788.3s  build=0.594s solve=1.463s  vs_full=+0.00%
  [3f] Subgraph / diverse  k=50 …
2026-07-01 18:29:19.109 | INFO     | pycaalp.time_balancing.model:run_mip:430 - Running MIP solver ...
      obj=0.847 (vs_full=+0.23%)  alpha=792.0s  build=0.054s solve=3.449s  vs_full=+0.47%

k = 100
  Subgraph edges — edge_w: 78 (7.1%)  bal_w: 189 (17.1%)  combined: 257 (23.3%)  blended: 93 (8.4%)  blended_union: 190 (17.2%)  diverse: 745 (67.4%)
  [3a] Subgraph / edge_w   k=100 …
2026-07-01 18:29:26.144 | INFO     | pycaalp.time_balancing.model:run_mip:430 - Running MIP solver ...
      obj=0.845 (vs_full=+0.00%)  alpha=788.3s  build=0.416s solve=0.527s  vs_full=+0.00%
  [3b] Subgraph / bal_w    k=100 …
2026-07-01 18:29:26.672 | INFO     | pycaalp.time_balancing.model:run_mip:430 - Running MIP solver ...
      obj=1.005 (vs_full=+18.92%)  alpha=814.2s  build=0.586s solve=1.885s  vs_full=+3.28%
  [3c] Subgraph / combined k=100 …
2026-07-01 18:29:28.557 | INFO     | pycaalp.time_balancing.model:run_mip:430 - Running MIP solver ...
      obj=0.845 (vs_full=-0.00%)  alpha=788.3s  build=0.915s solve=1.583s  vs_full=+0.00%
  [3d] Subgraph / blended  k=100 …
2026-07-01 18:29:30.140 | INFO     | pycaalp.time_balancing.model:run_mip:430 - Running MIP solver ...
      obj=0.851 (vs_full=+0.66%)  alpha=758.6s  build=0.433s solve=1.179s  vs_full=-3.77%
  [3e] Subgraph / bl-union k=100 …
2026-07-01 18:29:31.319 | INFO     | pycaalp.time_balancing.model:run_mip:430 - Running MIP solver ...
      obj=0.845 (vs_full=+0.00%)  alpha=788.3s  build=1.166s solve=1.450s  vs_full=+0.00%
  [3f] Subgraph / diverse  k=100 …
2026-07-01 18:29:32.769 | INFO     | pycaalp.time_balancing.model:run_mip:430 - Running MIP solver ...
      obj=0.847 (vs_full=+0.20%)  alpha=792.0s  build=0.070s solve=8.593s  vs_full=+0.47%

k = 200
  Subgraph edges — edge_w: 95 (8.6%)  bal_w: 258 (23.3%)  combined: 339 (30.7%)  blended: 120 (10.9%)  blended_union: 203 (18.4%)  diverse: 911 (82.4%)
  [3a] Subgraph / edge_w   k=200 …
2026-07-01 18:29:47.351 | INFO     | pycaalp.time_balancing.model:run_mip:430 - Running MIP solver ...
      obj=0.845 (vs_full=+0.00%)  alpha=788.3s  build=0.669s solve=0.608s  vs_full=+0.00%
  [3b] Subgraph / bal_w    k=200 …
2026-07-01 18:29:47.959 | INFO     | pycaalp.time_balancing.model:run_mip:430 - Running MIP solver ...
      obj=1.000 (vs_full=+18.27%)  alpha=747.1s  build=0.780s solve=1.264s  vs_full=-5.23%
  [3c] Subgraph / combined k=200 …
2026-07-01 18:29:49.223 | INFO     | pycaalp.time_balancing.model:run_mip:430 - Running MIP solver ...
      obj=0.845 (vs_full=+0.00%)  alpha=788.3s  build=1.404s solve=1.975s  vs_full=+0.00%
  [3d] Subgraph / blended  k=200 …
2026-07-01 18:29:51.199 | INFO     | pycaalp.time_balancing.model:run_mip:430 - Running MIP solver ...
      obj=0.851 (vs_full=+0.66%)  alpha=758.6s  build=0.818s solve=0.951s  vs_full=-3.77%
  [3e] Subgraph / bl-union k=200 …
2026-07-01 18:29:52.150 | INFO     | pycaalp.time_balancing.model:run_mip:430 - Running MIP solver ...
      obj=0.845 (vs_full=+0.00%)  alpha=788.3s  build=2.113s solve=1.262s  vs_full=+0.00%
  [3f] Subgraph / diverse  k=200 …
2026-07-01 18:29:53.411 | INFO     | pycaalp.time_balancing.model:run_mip:430 - Running MIP solver ...
      obj=0.847 (vs_full=+0.20%)  alpha=792.0s  build=0.204s solve=7.048s  vs_full=+0.47%

k = 500
  Subgraph edges — edge_w: 108 (9.8%)  bal_w: 399 (36.1%)  combined: 459 (41.5%)  blended: 158 (14.3%)  blended_union: 247 (22.4%)  diverse: 1048 (94.8%)
  [3a] Subgraph / edge_w   k=500 …
2026-07-01 18:30:16.990 | INFO     | pycaalp.time_balancing.model:run_mip:430 - Running MIP solver ...
      obj=0.845 (vs_full=+0.00%)  alpha=788.3s  build=2.214s solve=0.690s  vs_full=+0.00%
  [3b] Subgraph / bal_w    k=500 …
2026-07-01 18:30:17.679 | INFO     | pycaalp.time_balancing.model:run_mip:430 - Running MIP solver ...
      obj=0.986 (vs_full=+16.62%)  alpha=788.3s  build=2.436s solve=2.490s  vs_full=+0.00%
  [3c] Subgraph / combined k=500 …
2026-07-01 18:30:20.170 | INFO     | pycaalp.time_balancing.model:run_mip:430 - Running MIP solver ...
      obj=0.845 (vs_full=+0.00%)  alpha=788.3s  build=3.956s solve=3.280s  vs_full=+0.00%
  [3d] Subgraph / blended  k=500 …
2026-07-01 18:30:23.450 | INFO     | pycaalp.time_balancing.model:run_mip:430 - Running MIP solver ...
      obj=0.846 (vs_full=+0.08%)  alpha=780.8s  build=2.011s solve=1.842s  vs_full=-0.95%
  [3e] Subgraph / bl-union k=500 …
2026-07-01 18:30:25.293 | INFO     | pycaalp.time_balancing.model:run_mip:430 - Running MIP solver ...
      obj=0.845 (vs_full=+0.00%)  alpha=788.3s  build=5.419s solve=1.739s  vs_full=+0.00%
  [3f] Subgraph / diverse  k=500 …
2026-07-01 18:30:27.032 | INFO     | pycaalp.time_balancing.model:run_mip:430 - Running MIP solver ...
      obj=0.845 (vs_full=+0.00%)  alpha=788.3s  build=0.493s solve=10.459s  vs_full=+0.00%

k = 1000
  Subgraph edges — edge_w: 142 (12.9%)  bal_w: 500 (45.2%)  combined: 578 (52.3%)  blended: 187 (16.9%)  blended_union: 284 (25.7%)  diverse: 1101 (99.6%)
  [3a] Subgraph / edge_w   k=1000 …
2026-07-01 18:31:09.056 | INFO     | pycaalp.time_balancing.model:run_mip:430 - Running MIP solver ...
      obj=0.845 (vs_full=+0.00%)  alpha=788.3s  build=3.372s solve=2.014s  vs_full=+0.00%
  [3b] Subgraph / bal_w    k=1000 …
2026-07-01 18:31:11.070 | INFO     | pycaalp.time_balancing.model:run_mip:430 - Running MIP solver ...
      obj=0.986 (vs_full=+16.62%)  alpha=788.3s  build=4.210s solve=3.988s  vs_full=+0.00%
  [3c] Subgraph / combined k=1000 …
2026-07-01 18:31:15.058 | INFO     | pycaalp.time_balancing.model:run_mip:430 - Running MIP solver ...
      obj=0.845 (vs_full=+0.00%)  alpha=788.3s  build=7.474s solve=3.073s  vs_full=+0.00%
  [3d] Subgraph / blended  k=1000 …
2026-07-01 18:31:18.131 | INFO     | pycaalp.time_balancing.model:run_mip:430 - Running MIP solver ...
      obj=0.846 (vs_full=+0.08%)  alpha=780.8s  build=4.360s solve=1.928s  vs_full=-0.95%
  [3e] Subgraph / bl-union k=1000 …
2026-07-01 18:31:20.060 | INFO     | pycaalp.time_balancing.model:run_mip:430 - Running MIP solver ...
      obj=0.845 (vs_full=+0.00%)  alpha=788.3s  build=11.135s solve=3.760s  vs_full=+0.00%
  [3f] Subgraph / diverse  k=1000 …
2026-07-01 18:31:23.820 | INFO     | pycaalp.time_balancing.model:run_mip:430 - Running MIP solver ...
      obj=0.845 (vs_full=+0.00%)  alpha=788.3s  build=1.014s solve=7.435s  vs_full=+0.00%

k = 2000
  Subgraph edges — edge_w: 185 (16.7%)  bal_w: 630 (57.0%)  combined: 685 (62.0%)  blended: 214 (19.4%)  blended_union: 335 (30.3%)  diverse: 1105 (100.0%)
  [3a] Subgraph / edge_w   k=2000 …
2026-07-01 18:32:44.507 | INFO     | pycaalp.time_balancing.model:run_mip:430 - Running MIP solver ...
      obj=0.845 (vs_full=+0.00%)  alpha=788.3s  build=8.203s solve=1.522s  vs_full=+0.00%
  [3b] Subgraph / bal_w    k=2000 …
2026-07-01 18:32:46.029 | INFO     | pycaalp.time_balancing.model:run_mip:430 - Running MIP solver ...
      obj=0.981 (vs_full=+16.08%)  alpha=788.3s  build=8.422s solve=3.253s  vs_full=+0.00%
  [3c] Subgraph / combined k=2000 …
2026-07-01 18:32:49.282 | INFO     | pycaalp.time_balancing.model:run_mip:430 - Running MIP solver ...
      obj=0.845 (vs_full=+0.00%)  alpha=788.3s  build=16.343s solve=4.687s  vs_full=+0.00%
  [3d] Subgraph / blended  k=2000 …
2026-07-01 18:32:53.969 | INFO     | pycaalp.time_balancing.model:run_mip:430 - Running MIP solver ...
      obj=0.846 (vs_full=+0.08%)  alpha=780.8s  build=10.010s solve=2.219s  vs_full=-0.95%
  [3e] Subgraph / bl-union k=2000 …
2026-07-01 18:32:56.189 | INFO     | pycaalp.time_balancing.model:run_mip:430 - Running MIP solver ...
      obj=0.845 (vs_full=+0.00%)  alpha=788.3s  build=27.974s solve=2.093s  vs_full=+0.00%
  [3f] Subgraph / diverse  k=2000 …
2026-07-01 18:32:58.282 | INFO     | pycaalp.time_balancing.model:run_mip:430 - Running MIP solver ...
      obj=0.845 (vs_full=+0.00%)  alpha=788.3s  build=2.300s solve=7.527s  vs_full=+0.00%

k = 5000
  Subgraph edges — edge_w: 232 (21.0%)  bal_w: 799 (72.3%)  combined: 830 (75.1%)  blended: 252 (22.8%)  blended_union: 355 (32.1%)  diverse: 1105 (100.0%)
  [3a] Subgraph / edge_w   k=5000 …
2026-07-01 18:37:28.010 | INFO     | pycaalp.time_balancing.model:run_mip:430 - Running MIP solver ...
      obj=0.845 (vs_full=+0.00%)  alpha=788.3s  build=33.255s solve=2.682s  vs_full=+0.00%
  [3b] Subgraph / bal_w    k=5000 …
2026-07-01 18:37:30.692 | INFO     | pycaalp.time_balancing.model:run_mip:430 - Running MIP solver ...
      obj=0.980 (vs_full=+15.91%)  alpha=788.3s  build=26.802s solve=8.701s  vs_full=+0.00%
  [3c] Subgraph / combined k=5000 …
2026-07-01 18:37:39.393 | INFO     | pycaalp.time_balancing.model:run_mip:430 - Running MIP solver ...
      obj=0.845 (vs_full=+0.00%)  alpha=788.3s  build=59.921s solve=7.837s  vs_full=+0.00%
  [3d] Subgraph / blended  k=5000 …
2026-07-01 18:37:47.230 | INFO     | pycaalp.time_balancing.model:run_mip:430 - Running MIP solver ...
      obj=0.846 (vs_full=+0.08%)  alpha=780.8s  build=38.492s solve=1.833s  vs_full=-0.95%
  [3e] Subgraph / bl-union k=5000 …
2026-07-01 18:37:49.063 | INFO     | pycaalp.time_balancing.model:run_mip:430 - Running MIP solver ...
      obj=0.845 (vs_full=+0.00%)  alpha=788.3s  build=98.051s solve=3.437s  vs_full=+0.00%
  [3f] Subgraph / diverse  k=5000 …
2026-07-01 18:37:52.500 | INFO     | pycaalp.time_balancing.model:run_mip:430 - Running MIP solver ...
      obj=0.845 (vs_full=+0.00%)  alpha=788.3s  build=5.680s solve=8.045s  vs_full=+0.00%

Results saved to experiments/strategy_comparison/assembly_1_np_3/strategy_comparison_lambda_0.15.csv
Plot with:  python -m experiments.strategy_comparison.plot_k_sensitivity

============================================================================================================================
SUMMARY — assembly_1  P=3  λ=0.15
============================================================================================================================
Strategy       Weight                      k   Build    Solve    Total  Spdup       Obj   ObjvsF     Alpha    AlvsF   Edges  %Grph
----------------------------------------------------------------------------------------------------------------------------
full_mip       —                               0.000    6.675    6.675   1.0x     0.845    +0.00    788.33    +0.00    1105  100.0
subgraph_mip   edge_weight                 1   0.002    0.030    0.032 205.4x     0.846    +0.05    792.00    +0.47      13    1.2
subgraph_mip   time_balanced_weight        1   0.003    0.014    0.016 407.2x     1.115   +31.96    731.84    -7.17      13    1.2
subgraph_mip   combined                    1   0.003    0.132    0.135  49.4x     0.846    +0.05    792.00    +0.47      26    2.4
subgraph_mip   blended                     1   0.002    0.037    0.039 171.4x     0.851    +0.66    758.63    -3.77      13    1.2
subgraph_mip   blended_union               1   0.029    0.502    0.531  12.6x     0.846    +0.05    792.00    +0.47      37    3.4
subgraph_mip   diverse                     1   0.011    0.017    0.028 240.9x     0.851    +0.66    758.63    -3.77      13    1.2
subgraph_mip   edge_weight                 2   0.004    0.378    0.382  17.5x     0.845    +0.00    788.33    +0.00      15    1.4
subgraph_mip   time_balanced_weight        2   0.004    0.166    0.170  39.2x     1.107   +30.99    731.84    -7.17      15    1.4
subgraph_mip   combined                    2   0.007    0.420    0.427  15.6x     0.845    +0.00    788.33    +0.00      30    2.7
subgraph_mip   blended                     2   0.013    0.188    0.201  33.2x     0.851    +0.66    758.63    -3.77      15    1.4
subgraph_mip   blended_union               2   0.034    0.886    0.919   7.3x     0.845    -0.00    788.33    +0.00      42    3.8
subgraph_mip   diverse                     2   0.019    0.297    0.316  21.1x     0.851    +0.66    758.63    -3.77      26    2.4
subgraph_mip   edge_weight                 5   0.014    0.337    0.352  19.0x     0.845    -0.00    788.33    +0.00      21    1.9
subgraph_mip   time_balanced_weight        5   0.026    0.151    0.177  37.8x     1.107   +30.99    731.84    -7.17      44    4.0
subgraph_mip   combined                    5   0.055    0.498    0.553  12.1x     0.845    +0.00    788.33    +0.00      65    5.9
subgraph_mip   blended                     5   0.014    0.193    0.207  32.3x     0.851    +0.66    758.63    -3.77      21    1.9
subgraph_mip   blended_union               5   0.039    0.536    0.575  11.6x     0.845    -0.00    788.33    +0.00      60    5.4
subgraph_mip   diverse                     5   0.007    0.413    0.419  15.9x     0.851    +0.66    758.63    -3.77      65    5.9
subgraph_mip   edge_weight                10   0.068    0.358    0.426  15.7x     0.845    +0.00    788.33    +0.00      24    2.2
subgraph_mip   time_balanced_weight       10   0.062    1.891    1.952   3.4x     1.106   +30.82    731.84    -7.17      57    5.2
subgraph_mip   combined                   10   0.085    0.559    0.643  10.4x     0.845    +0.00    788.33    +0.00      81    7.3
subgraph_mip   blended                    10   0.061    0.426    0.487  13.7x     0.851    +0.66    758.63    -3.77      26    2.4
subgraph_mip   blended_union              10   0.132    0.908    1.040   6.4x     0.845    -0.00    788.33    +0.00      75    6.8
subgraph_mip   diverse                    10   0.027    0.669    0.696   9.6x     0.851    +0.66    758.63    -3.77     126   11.4
subgraph_mip   edge_weight                20   0.081    0.425    0.506  13.2x     0.845    +0.00    788.33    +0.00      35    3.2
subgraph_mip   time_balanced_weight       20   0.112    0.329    0.442  15.1x     1.021   +20.80    754.42    -4.30      73    6.6
subgraph_mip   combined                   20   0.181    1.207    1.389   4.8x     0.845    +0.00    788.33    +0.00     107    9.7
subgraph_mip   blended                    20   0.083    0.221    0.303  22.0x     0.851    +0.66    758.63    -3.77      34    3.1
subgraph_mip   blended_union              20   0.287    1.238    1.525   4.4x     0.845    +0.00    788.33    +0.00      93    8.4
subgraph_mip   diverse                    20   0.028    1.477    1.505   4.4x     0.851    +0.66    758.63    -3.77     239   21.6
subgraph_mip   edge_weight                50   0.225    0.595    0.820   8.2x     0.845    +0.00    788.33    +0.00      54    4.9
subgraph_mip   time_balanced_weight       50   0.264    1.214    1.478   4.5x     1.020   +20.75    754.42    -4.30     141   12.8
subgraph_mip   combined                   50   0.409    1.431    1.840   3.6x     0.845    +0.00    788.33    +0.00     190   17.2
subgraph_mip   blended                    50   0.199    0.682    0.881   7.6x     0.851    +0.66    758.63    -3.77      56    5.1
subgraph_mip   blended_union              50   0.594    1.463    2.057   3.2x     0.845    +0.00    788.33    +0.00     146   13.2
subgraph_mip   diverse                    50   0.054    3.449    3.503   1.9x     0.847    +0.23    792.00    +0.47     511   46.2
subgraph_mip   edge_weight               100   0.416    0.527    0.943   7.1x     0.845    +0.00    788.33    +0.00      78    7.1
subgraph_mip   time_balanced_weight      100   0.586    1.885    2.471   2.7x     1.005   +18.92    814.18    +3.28     189   17.1
subgraph_mip   combined                  100   0.915    1.583    2.498   2.7x     0.845    -0.00    788.33    +0.00     257   23.3
subgraph_mip   blended                   100   0.433    1.179    1.611   4.1x     0.851    +0.66    758.63    -3.77      93    8.4
subgraph_mip   blended_union             100   1.166    1.450    2.617   2.5x     0.845    +0.00    788.33    +0.00     190   17.2
subgraph_mip   diverse                   100   0.070    8.593    8.663   0.8x     0.847    +0.20    792.00    +0.47     745   67.4
subgraph_mip   edge_weight               200   0.669    0.608    1.277   5.2x     0.845    +0.00    788.33    +0.00      95    8.6
subgraph_mip   time_balanced_weight      200   0.780    1.264    2.045   3.3x     1.000   +18.27    747.12    -5.23     258   23.4
subgraph_mip   combined                  200   1.404    1.975    3.379   2.0x     0.845    +0.00    788.33    +0.00     339   30.7
subgraph_mip   blended                   200   0.818    0.951    1.768   3.8x     0.851    +0.66    758.63    -3.77     120   10.9
subgraph_mip   blended_union             200   2.113    1.262    3.375   2.0x     0.845    +0.00    788.33    +0.00     203   18.4
subgraph_mip   diverse                   200   0.204    7.048    7.252   0.9x     0.847    +0.20    792.00    +0.47     911   82.4
subgraph_mip   edge_weight               500   2.214    0.690    2.904   2.3x     0.845    +0.00    788.33    +0.00     108    9.8
subgraph_mip   time_balanced_weight      500   2.436    2.490    4.927   1.4x     0.986   +16.62    788.33    +0.00     399   36.1
subgraph_mip   combined                  500   3.956    3.280    7.237   0.9x     0.845    +0.00    788.33    +0.00     459   41.5
subgraph_mip   blended                   500   2.011    1.842    3.854   1.7x     0.846    +0.08    780.81    -0.95     158   14.3
subgraph_mip   blended_union             500   5.419    1.739    7.158   0.9x     0.845    +0.00    788.33    +0.00     247   22.4
subgraph_mip   diverse                   500   0.493   10.459   10.951   0.6x     0.845    +0.00    788.33    +0.00    1048   94.8
subgraph_mip   edge_weight              1000   3.372    2.014    5.386   1.2x     0.845    +0.00    788.33    +0.00     142   12.8
subgraph_mip   time_balanced_weight     1000   4.210    3.988    8.197   0.8x     0.986   +16.62    788.33    +0.00     500   45.2
subgraph_mip   combined                 1000   7.474    3.073   10.547   0.6x     0.845    +0.00    788.33    +0.00     578   52.3
subgraph_mip   blended                  1000   4.360    1.928    6.288   1.1x     0.846    +0.08    780.81    -0.95     187   16.9
subgraph_mip   blended_union            1000  11.135    3.760   14.895   0.5x     0.845    +0.00    788.33    +0.00     284   25.7
subgraph_mip   diverse                  1000   1.014    7.435    8.449   0.8x     0.845    +0.00    788.33    +0.00    1101   99.6
subgraph_mip   edge_weight              2000   8.203    1.522    9.725   0.7x     0.845    +0.00    788.33    +0.00     185   16.7
subgraph_mip   time_balanced_weight     2000   8.422    3.253   11.675   0.6x     0.981   +16.08    788.33    +0.00     630   57.0
subgraph_mip   combined                 2000  16.343    4.687   21.030   0.3x     0.845    +0.00    788.33    +0.00     685   62.0
subgraph_mip   blended                  2000  10.010    2.219   12.229   0.6x     0.846    +0.08    780.81    -0.95     214   19.4
subgraph_mip   blended_union            2000  27.974    2.093   30.067   0.2x     0.845    +0.00    788.33    +0.00     335   30.3
subgraph_mip   diverse                  2000   2.300    7.527    9.826   0.7x     0.845    +0.00    788.33    +0.00    1105  100.0
subgraph_mip   edge_weight              5000  33.255    2.682   35.937   0.2x     0.845    +0.00    788.33    +0.00     232   21.0
subgraph_mip   time_balanced_weight     5000  26.802    8.701   35.503   0.2x     0.980   +15.91    788.33    +0.00     799   72.3
subgraph_mip   combined                 5000  59.921    7.837   67.757   0.1x     0.845    +0.00    788.33    +0.00     830   75.1
subgraph_mip   blended                  5000  38.492    1.833   40.325   0.2x     0.846    +0.08    780.81    -0.95     252   22.8
subgraph_mip   blended_union            5000  98.051    3.437  101.488   0.1x     0.845    +0.00    788.33    +0.00     355   32.1
subgraph_mip   diverse                  5000   5.680    8.045   13.724   0.5x     0.845    +0.00    788.33    +0.00    1105  100.0
============================================================================================================================

----------------- λ = 0.2 -----------------
========================================================================
Strategy Comparison Experiment — assembly_1  P=3  λ=0.2
========================================================================

Building assembly digraph …
2026-07-01 18:28:48.445 | INFO     | pycaalp.gapp.assembly_digraph:compute_assembly_digraph_complete:395 - Computing assembly digraph...
  343 nodes, 1105 edges  (0.4s)

[1] Full MIP  P=3  λ=0.2
2026-07-01 18:28:48.818 | INFO     | pycaalp.time_balancing.model:run_mip:430 - Running MIP solver ...
presolving:
(round 1, fast)       2 del vars, 2 del conss, 0 add conss, 0 chg bounds, 0 chg sides, 0 chg coeffs, 0 upgd conss, 0 impls, 69 clqs, 0 implints
(round 2, exhaustive) 2 del vars, 2 del conss, 0 add conss, 1 chg bounds, 0 chg sides, 0 chg coeffs, 3408 upgd conss, 0 impls, 69 clqs, 0 implints
   (0.3s) probing: 1000/1181 (84.7%) - 0 fixings, 0 aggregations, 131997 implications, 0 bound changes
   (0.3s) probing: 1001/1181 (84.8%) - 0 fixings, 0 aggregations, 132060 implications, 0 bound changes
   (0.3s) probing aborted: 1000/1000 successive useless probings
   (0.3s) symmetry computation started: requiring (bin +, int +, cont +), (fixed: bin -, int -, cont -)
   (0.3s) no symmetry present (symcode time: 0.00)
presolving (3 rounds: 3 fast, 2 medium, 2 exhaustive):
 2 deleted vars, 2 deleted constraints, 0 added constraints, 1 tightened bounds, 0 added holes, 0 changed sides, 0 changed coefficients
 0 implications, 12312 cliques, 0 implied integral variables (0 bin, 0 int, 0 cont)
presolved problem has 1182 variables (1181 bin, 0 int, 1 cont) and 3721 constraints
     69 constraints of type <setppc>
    313 constraints of type <linear>
   3339 constraints of type <logicor>
Presolving Time: 0.29

 time | node  | left  |LP iter|LP it/n|mem/heur|mdpt |vars |cons |rows |cuts |sepa|confs|strbr|  dualbound   | primalbound  |  gap   | compl. 
p 0.3s|     1 |     0 |     0 |     - | vbounds|   0 |1182 |3752 |3721 |   0 |  0 |  30 |   0 | 0.000000e+00 | 1.455645e+00 |    Inf | unknown
p 0.4s|     1 |     0 |    89 |     - | vbounds|   0 |1182 |3764 |3721 |   0 |  0 |  42 |   0 | 0.000000e+00 | 1.194004e+00 |    Inf | unknown
  0.4s|     1 |     0 |   381 |     - |    29M |   0 |1182 |3764 |3721 |   0 |  0 |  42 |   0 | 8.329273e-01 | 1.194004e+00 |  43.35%| unknown
  0.7s|     1 |     0 |   440 |     - |    31M |   0 |1182 |3765 |3724 |   3 |  1 |  43 |   0 | 8.329427e-01 | 1.194004e+00 |  43.35%| unknown
  1.0s|     1 |     0 |   468 |     - |    36M |   0 |1182 |3775 |3727 |   6 |  2 |  53 |   0 | 8.329614e-01 | 1.194004e+00 |  43.34%| unknown
  1.3s|     1 |     0 |   503 |     - |    43M |   0 |1182 |3776 |3728 |   7 |  3 |  54 |   0 | 8.331116e-01 | 1.194004e+00 |  43.32%| unknown
r 1.3s|     1 |     0 |   503 |     - |shifting|   0 |1182 |3777 |3728 |   7 |  3 |  55 |   0 | 8.331116e-01 | 8.963884e-01 |   7.60%| unknown
  1.6s|     1 |     0 |   514 |     - |    52M |   0 |1182 |3777 |3730 |   9 |  4 |  55 |   0 | 8.331116e-01 | 8.963884e-01 |   7.60%| unknown
  1.6s|     1 |     0 |   514 |     - |    52M |   0 |1182 |3781 |3397 |   9 |  4 |  65 |   0 | 8.331116e-01 | 8.963884e-01 |   7.60%| unknown
  1.9s|     1 |     0 |   525 |     - |    59M |   0 |1182 |3660 |3385 |  11 |  5 |  65 |   0 | 8.331116e-01 | 8.963884e-01 |   7.60%| unknown
  2.3s|     1 |     0 |   534 |     - |    66M |   0 |1182 |3654 |3387 |  13 |  6 |  66 |   0 | 8.331116e-01 | 8.963884e-01 |   7.60%| unknown
  2.6s|     1 |     0 |   553 |     - |    69M |   0 |1182 |3626 |3388 |  14 |  7 |  66 |   0 | 8.331116e-01 | 8.963884e-01 |   7.60%| unknown
  2.9s|     1 |     0 |   564 |     - |    77M |   0 |1182 |3616 |3390 |  16 |  8 |  67 |   0 | 8.331116e-01 | 8.963884e-01 |   7.60%| unknown
  3.3s|     1 |     0 |   565 |     - |    85M |   0 |1182 |3568 |3392 |  18 |  9 |  71 |   0 | 8.331116e-01 | 8.963884e-01 |   7.60%| unknown
  3.5s|     1 |     0 |   567 |     - |    97M |   0 |1182 |3566 |3395 |  21 | 10 |  81 |   0 | 8.331116e-01 | 8.963884e-01 |   7.60%| unknown
 time | node  | left  |LP iter|LP it/n|mem/heur|mdpt |vars |cons |rows |cuts |sepa|confs|strbr|  dualbound   | primalbound  |  gap   | compl. 
  3.6s|     1 |     0 |   579 |     - |    97M |   0 |1182 |3574 |3396 |  22 | 11 |  91 |   0 | 8.331116e-01 | 8.963884e-01 |   7.60%| unknown
  3.6s|     1 |     0 |   584 |     - |    97M |   0 |1182 |3573 |3399 |  25 | 12 |  92 |   0 | 8.331116e-01 | 8.963884e-01 |   7.60%| unknown
  3.6s|     1 |     0 |   585 |     - |    98M |   0 |1182 |3577 |3400 |  26 | 13 | 100 |   0 | 8.331116e-01 | 8.963884e-01 |   7.60%| unknown
  3.6s|     1 |     0 |   585 |     - |    98M |   0 |1182 |3507 |3400 |  26 | 14 | 107 |   0 | 8.331116e-01 | 8.963884e-01 |   7.60%| unknown
d 3.7s|     1 |     0 |  1090 |     - |farkasdi|   0 |1182 |3505 |3400 |   0 | 15 | 107 |   0 | 8.331116e-01 | 8.762610e-01 |   5.18%| unknown
o 3.7s|     1 |     0 |  1321 |     - |feaspump|   0 |1182 |3505 |3400 |  26 | 15 | 107 |   0 | 8.331116e-01 | 8.579251e-01 |   2.98%| unknown
(run 1, node 1) restarting after 380 global fixings of integer variables

(restart) converted 25 cuts from the global cut pool into linear constraints

presolving:
(round 1, fast)       387 del vars, 927 del conss, 0 add conss, 0 chg bounds, 0 chg sides, 438 chg coeffs, 0 upgd conss, 0 impls, 6616 clqs, 0 implints
(round 2, exhaustive) 387 del vars, 928 del conss, 0 add conss, 0 chg bounds, 0 chg sides, 438 chg coeffs, 44 upgd conss, 0 impls, 6616 clqs, 0 implints
(round 3, exhaustive) 387 del vars, 930 del conss, 0 add conss, 0 chg bounds, 0 chg sides, 517 chg coeffs, 44 upgd conss, 0 impls, 6617 clqs, 0 implints
(round 4, exhaustive) 387 del vars, 930 del conss, 0 add conss, 0 chg bounds, 0 chg sides, 537 chg coeffs, 44 upgd conss, 0 impls, 6617 clqs, 0 implints
presolving (5 rounds: 5 fast, 4 medium, 4 exhaustive):
 387 deleted vars, 930 deleted constraints, 0 added constraints, 0 tightened bounds, 0 added holes, 0 changed sides, 537 changed coefficients
 0 implications, 6617 cliques, 0 implied integral variables (0 bin, 0 int, 0 cont)
presolved problem has 795 variables (794 bin, 0 int, 1 cont) and 2610 constraints
      3 constraints of type <knapsack>
    112 constraints of type <setppc>
    217 constraints of type <linear>
   2278 constraints of type <logicor>
Presolving Time: 0.30
transformed 3/5 original solutions to the transformed problem space

 time | node  | left  |LP iter|LP it/n|mem/heur|mdpt |vars |cons |rows |cuts |sepa|confs|strbr|  dualbound   | primalbound  |  gap   | compl. 
  3.8s|     1 |     0 |  1687 |     - |    92M |   0 | 795 |2610 |2518 |   0 |  0 | 118 |   0 | 8.331116e-01 | 8.579251e-01 |   2.98%| unknown
  3.8s|     1 |     0 |  1687 |     - |    92M |   0 | 795 |2612 |1982 |   0 |  0 | 120 |   0 | 8.331116e-01 | 8.579251e-01 |   2.98%| unknown
  3.9s|     1 |     0 |  1697 |     - |    93M |   0 | 795 |2456 |1922 |   4 |  1 | 120 |   0 | 8.331116e-01 | 8.579251e-01 |   2.98%| unknown
  4.0s|     1 |     0 |  1749 |     - |    93M |   0 | 795 |2352 |1924 |   6 |  2 | 130 |   0 | 8.331151e-01 | 8.579251e-01 |   2.98%| unknown
  4.2s|     1 |     0 |  1756 |     - |    93M |   0 | 795 |2301 |1925 |   7 |  3 | 130 |   0 | 8.331163e-01 | 8.579251e-01 |   2.98%| unknown
  4.4s|     1 |     0 |  1764 |     - |    94M |   0 | 795 |2281 |1927 |   9 |  4 | 130 |   0 | 8.331310e-01 | 8.579251e-01 |   2.98%| unknown
  4.5s|     1 |     0 |  1781 |     - |    95M |   0 | 795 |2270 |1930 |  12 |  5 | 132 |   0 | 8.331504e-01 | 8.579251e-01 |   2.97%| unknown
  4.7s|     1 |     0 |  1790 |     - |    97M |   0 | 795 |2163 |1931 |  13 |  6 | 132 |   0 | 8.331504e-01 | 8.579251e-01 |   2.97%| unknown
  4.9s|     1 |     0 |  1802 |     - |   100M |   0 | 795 |2162 |1935 |  17 |  7 | 142 |   0 | 8.331504e-01 | 8.579251e-01 |   2.97%| unknown
  5.1s|     1 |     0 |  1808 |     - |   100M |   0 | 795 |2155 |1937 |  19 |  8 | 144 |   0 | 8.331504e-01 | 8.579251e-01 |   2.97%| unknown
  5.2s|     1 |     0 |  1820 |     - |   101M |   0 | 795 |2157 |1938 |  20 |  9 | 146 |   0 | 8.331504e-01 | 8.579251e-01 |   2.97%| unknown
  5.5s|     1 |     0 |  1849 |     - |   105M |   0 | 795 |2153 |1917 |  23 | 10 | 147 |   0 | 8.331504e-01 | 8.579251e-01 |   2.97%| unknown
  5.5s|     1 |     0 |  1852 |     - |   105M |   0 | 795 |2151 |1918 |  24 | 11 | 151 |   0 | 8.331504e-01 | 8.579251e-01 |   2.97%| unknown
  5.5s|     1 |     0 |  1861 |     - |   105M |   0 | 795 |2134 |1919 |  25 | 12 | 152 |   0 | 8.331504e-01 | 8.579251e-01 |   2.97%| unknown
  5.5s|     1 |     0 |  1862 |     - |   105M |   0 | 795 |2135 |1920 |  26 | 13 | 153 |   0 | 8.331504e-01 | 8.579251e-01 |   2.97%| unknown
 time | node  | left  |LP iter|LP it/n|mem/heur|mdpt |vars |cons |rows |cuts |sepa|confs|strbr|  dualbound   | primalbound  |  gap   | compl. 
  5.6s|     1 |     0 |  1862 |     - |   105M |   0 | 795 |1793 |1920 |  26 | 13 | 160 |   0 | 8.331504e-01 | 8.579251e-01 |   2.97%| unknown
  5.6s|     1 |     0 |  1863 |     - |   105M |   0 | 795 |1793 |1921 |  27 | 14 | 160 |   0 | 8.331504e-01 | 8.579251e-01 |   2.97%| unknown
d 5.6s|     1 |     0 |  2053 |     - |farkasdi|   0 | 795 |1680 |1921 |   0 | 15 | 169 |   0 | 8.331504e-01 | 8.514838e-01 |   2.20%| unknown
L 5.6s|     1 |     0 |  2114 |     - |    rens|   0 | 795 |1687 |1921 |  27 | 15 | 177 |   0 | 8.331504e-01 | 8.500766e-01 |   2.03%| unknown
(run 2, node 1) restarting after 375 global fixings of integer variables

(restart) converted 23 cuts from the global cut pool into linear constraints

presolving:
(round 1, fast)       377 del vars, 331 del conss, 0 add conss, 0 chg bounds, 0 chg sides, 443 chg coeffs, 0 upgd conss, 0 impls, 1605 clqs, 0 implints
(round 2, exhaustive) 377 del vars, 331 del conss, 0 add conss, 0 chg bounds, 0 chg sides, 443 chg coeffs, 19 upgd conss, 0 impls, 1605 clqs, 0 implints
(round 3, exhaustive) 377 del vars, 341 del conss, 0 add conss, 0 chg bounds, 0 chg sides, 466 chg coeffs, 19 upgd conss, 0 impls, 1607 clqs, 0 implints
presolving (4 rounds: 4 fast, 3 medium, 3 exhaustive):
 377 deleted vars, 342 deleted constraints, 0 added constraints, 0 tightened bounds, 0 added holes, 0 changed sides, 467 changed coefficients
 0 implications, 1608 cliques, 0 implied integral variables (0 bin, 0 int, 0 cont)
presolved problem has 418 variables (417 bin, 0 int, 1 cont) and 1368 constraints
     12 constraints of type <knapsack>
     76 constraints of type <setppc>
    132 constraints of type <linear>
   1141 constraints of type <logicor>
      7 constraints of type <bounddisjunction>
Presolving Time: 0.32
transformed 3/7 original solutions to the transformed problem space

 time | node  | left  |LP iter|LP it/n|mem/heur|mdpt |vars |cons |rows |cuts |sepa|confs|strbr|  dualbound   | primalbound  |  gap   | compl. 
  5.7s|     1 |     0 |  2498 |     - |   102M |   0 | 418 |1368 |1269 |   0 |  0 | 177 |   0 | 8.331504e-01 | 8.500766e-01 |   2.03%| unknown
  5.7s|     1 |     0 |  2498 |     - |   102M |   0 | 418 |1370 |1158 |   0 |  0 | 179 |   0 | 8.331504e-01 | 8.500766e-01 |   2.03%| unknown
  5.8s|     1 |     0 |  2503 |     - |   102M |   0 | 418 |1300 |1131 |   3 |  1 | 179 |   0 | 8.331504e-01 | 8.500766e-01 |   2.03%| unknown
  5.9s|     1 |     0 |  2525 |     - |   104M |   0 | 418 |1296 |1132 |   4 |  2 | 189 |   0 | 8.331504e-01 | 8.500766e-01 |   2.03%| unknown
  5.9s|     1 |     0 |  2541 |     - |   104M |   0 | 418 |1288 |1134 |   6 |  3 | 199 |   0 | 8.331504e-01 | 8.500766e-01 |   2.03%| unknown
  6.0s|     1 |     0 |  2544 |     - |   104M |   0 | 418 |1293 |1135 |   7 |  4 | 209 |   0 | 8.331504e-01 | 8.500766e-01 |   2.03%| unknown
  6.2s|     1 |     0 |  2588 |     - |   106M |   0 | 418 |1295 |1136 |   8 |  5 | 218 |   0 | 8.331515e-01 | 8.500766e-01 |   2.03%| unknown
  6.5s|     1 |     0 |  2613 |     - |   107M |   0 | 418 |1294 |1138 |  10 |  6 | 222 |   0 | 8.331554e-01 | 8.500766e-01 |   2.03%| unknown
  6.7s|     1 |     0 |  2641 |     - |   108M |   0 | 418 |1294 |1141 |  13 |  7 | 223 |   0 | 8.331671e-01 | 8.500766e-01 |   2.03%| unknown
  6.8s|     1 |     0 |  2679 |     - |   111M |   0 | 418 |1288 |1142 |  14 |  8 | 223 |   0 | 8.331671e-01 | 8.500766e-01 |   2.03%| unknown
  6.9s|     1 |     0 |  2699 |     - |   114M |   0 | 418 |1289 |1143 |  15 |  9 | 224 |   0 | 8.331674e-01 | 8.500766e-01 |   2.03%| unknown
  7.0s|     1 |     0 |  2707 |     - |   115M |   0 | 418 |1285 |1144 |  16 | 10 | 224 |   0 | 8.331675e-01 | 8.500766e-01 |   2.03%| unknown
  7.0s|     1 |     0 |  2716 |     - |   115M |   0 | 418 |1284 |1145 |  17 | 11 | 224 |   0 | 8.331706e-01 | 8.500766e-01 |   2.03%| unknown
  7.0s|     1 |     0 |  2716 |     - |   115M |   0 | 418 |1270 |1145 |  17 | 11 | 225 |   0 | 8.331706e-01 | 8.500766e-01 |   2.03%| unknown
  7.1s|     1 |     0 |  2736 |     - |   115M |   0 | 418 |1270 |1112 |  19 | 12 | 225 |   0 | 8.331716e-01 | 8.500766e-01 |   2.03%| unknown
 time | node  | left  |LP iter|LP it/n|mem/heur|mdpt |vars |cons |rows |cuts |sepa|confs|strbr|  dualbound   | primalbound  |  gap   | compl. 
  7.1s|     1 |     0 |  2739 |     - |   115M |   0 | 418 |1263 |1113 |  20 | 13 | 226 |   0 | 8.331723e-01 | 8.500766e-01 |   2.03%| unknown
  7.1s|     1 |     0 |  2743 |     - |   115M |   0 | 418 |1248 |1114 |  21 | 14 | 232 |   0 | 8.331731e-01 | 8.500766e-01 |   2.03%| unknown
  7.1s|     1 |     0 |  2744 |     - |   115M |   0 | 418 |1256 |1115 |  22 | 15 | 241 |   0 | 8.331731e-01 | 8.500766e-01 |   2.03%| unknown
  7.1s|     1 |     0 |  2745 |     - |   116M |   0 | 418 |1256 |1116 |  23 | 16 | 241 |   0 | 8.331731e-01 | 8.500766e-01 |   2.03%| unknown
  7.2s|     1 |     0 |  2756 |     - |   116M |   0 | 418 |1257 |1117 |  24 | 17 | 243 |   0 | 8.331742e-01 | 8.500766e-01 |   2.03%| unknown
  7.2s|     1 |     0 |  2759 |     - |   116M |   0 | 418 |1264 |1107 |  25 | 18 | 252 |   0 | 8.331743e-01 | 8.500766e-01 |   2.03%| unknown
  7.2s|     1 |     0 |  2774 |     - |   116M |   0 | 418 |1265 |1108 |  26 | 19 | 253 |   0 | 8.331776e-01 | 8.500766e-01 |   2.03%| unknown
  7.3s|     1 |     0 |  2775 |     - |   116M |   0 | 418 |1264 |1109 |  27 | 20 | 253 |   0 | 8.331777e-01 | 8.500766e-01 |   2.03%| unknown
  7.3s|     1 |     0 |  2776 |     - |   116M |   0 | 418 |1262 |1110 |  28 | 21 | 253 |   0 | 8.331777e-01 | 8.500766e-01 |   2.03%| unknown
  7.3s|     1 |     0 |  2778 |     - |   116M |   0 | 418 |1262 |1111 |  29 | 22 | 253 |   0 | 8.331805e-01 | 8.500766e-01 |   2.03%| unknown
(run 3, node 1) restarting after 56 global fixings of integer variables

(restart) converted 23 cuts from the global cut pool into linear constraints

presolving:
(round 1, fast)       59 del vars, 14 del conss, 0 add conss, 0 chg bounds, 0 chg sides, 32 chg coeffs, 0 upgd conss, 0 impls, 1133 clqs, 0 implints
(round 2, exhaustive) 59 del vars, 14 del conss, 0 add conss, 0 chg bounds, 0 chg sides, 35 chg coeffs, 16 upgd conss, 0 impls, 1133 clqs, 0 implints
(round 3, exhaustive) 59 del vars, 20 del conss, 0 add conss, 0 chg bounds, 0 chg sides, 90 chg coeffs, 16 upgd conss, 0 impls, 1133 clqs, 0 implints
(round 4, exhaustive) 59 del vars, 20 del conss, 0 add conss, 0 chg bounds, 0 chg sides, 101 chg coeffs, 16 upgd conss, 0 impls, 1133 clqs, 0 implints
presolving (5 rounds: 5 fast, 4 medium, 4 exhaustive):
 59 deleted vars, 20 deleted constraints, 0 added constraints, 0 tightened bounds, 0 added holes, 0 changed sides, 101 changed coefficients
 0 implications, 1133 cliques, 0 implied integral variables (0 bin, 0 int, 0 cont)
presolved problem has 359 variables (358 bin, 0 int, 1 cont) and 1292 constraints
     15 constraints of type <knapsack>
     81 constraints of type <setppc>
    133 constraints of type <linear>
   1055 constraints of type <logicor>
      8 constraints of type <bounddisjunction>
Presolving Time: 0.33
transformed 3/7 original solutions to the transformed problem space

 time | node  | left  |LP iter|LP it/n|mem/heur|mdpt |vars |cons |rows |cuts |sepa|confs|strbr|  dualbound   | primalbound  |  gap   | compl. 
  7.4s|     1 |     0 |  3414 |     - |   110M |   0 | 359 |1292 |1103 |   0 |  0 | 284 |   0 | 8.331805e-01 | 8.500766e-01 |   2.03%| unknown
  7.4s|     1 |     0 |  3414 |     - |   110M |   0 | 359 |1292 |1042 |   0 |  0 | 284 |   0 | 8.331805e-01 | 8.500766e-01 |   2.03%| unknown
  7.6s|     1 |     0 |  3448 |     - |   110M |   0 | 359 |1289 |1035 |   3 |  1 | 284 |   0 | 8.331999e-01 | 8.500766e-01 |   2.03%| unknown
  7.9s|     1 |     0 |  3458 |     - |   110M |   0 | 359 |1273 |1037 |   5 |  2 | 285 |   0 | 8.331999e-01 | 8.500766e-01 |   2.03%| unknown
  8.1s|     1 |     0 |  3466 |     - |   110M |   0 | 359 |1271 |1039 |   7 |  3 | 292 |   0 | 8.331999e-01 | 8.500766e-01 |   2.03%| unknown
  8.7s|     1 |     0 |  3482 |     - |   110M |   0 | 359 |1264 |1040 |   8 |  4 | 293 |   0 | 8.331999e-01 | 8.500766e-01 |   2.03%| unknown
  8.8s|     1 |     0 |  3492 |     - |   111M |   0 | 359 |1258 |1041 |   9 |  5 | 293 |   0 | 8.331999e-01 | 8.500766e-01 |   2.03%| unknown
  8.9s|     1 |     0 |  3537 |     - |   113M |   0 | 359 |1260 |1043 |  11 |  6 | 295 |   0 | 8.332240e-01 | 8.500766e-01 |   2.02%| unknown
  9.0s|     1 |     0 |  3554 |     - |   113M |   0 | 359 |1266 |1045 |  13 |  7 | 303 |   0 | 8.332260e-01 | 8.500766e-01 |   2.02%| unknown
  9.2s|     1 |     0 |  3566 |     - |   116M |   0 | 359 |1267 |1047 |  15 |  8 | 304 |   0 | 8.332338e-01 | 8.500766e-01 |   2.02%| unknown
  9.5s|     1 |     0 |  3615 |     - |   117M |   0 | 359 |1265 |1048 |  16 |  9 | 305 |   0 | 8.332503e-01 | 8.500766e-01 |   2.02%| unknown
  9.7s|     1 |     0 |  3632 |     - |   120M |   0 | 359 |1263 |1050 |  18 | 10 | 311 |   0 | 8.332503e-01 | 8.500766e-01 |   2.02%| unknown
  9.8s|     1 |     0 |  3662 |     - |   120M |   0 | 359 |1263 | 997 |  21 | 11 | 311 |   0 | 8.332514e-01 | 8.500766e-01 |   2.02%| unknown
  9.8s|     1 |     0 |  3662 |     - |   120M |   0 | 359 |1240 | 997 |  21 | 11 | 311 |   0 | 8.332514e-01 | 8.500766e-01 |   2.02%| unknown
  9.8s|     1 |     0 |  3708 |     - |   121M |   0 | 359 |1240 | 999 |  23 | 12 | 311 |   0 | 8.332731e-01 | 8.500766e-01 |   2.02%| unknown
 time | node  | left  |LP iter|LP it/n|mem/heur|mdpt |vars |cons |rows |cuts |sepa|confs|strbr|  dualbound   | primalbound  |  gap   | compl. 
  9.8s|     1 |     0 |  3717 |     - |   121M |   0 | 359 |1234 |1000 |  24 | 13 | 311 |   0 | 8.332731e-01 | 8.500766e-01 |   2.02%| unknown
  9.8s|     1 |     0 |  3725 |     - |   121M |   0 | 359 |1233 |1002 |  26 | 14 | 311 |   0 | 8.332731e-01 | 8.500766e-01 |   2.02%| unknown
  9.9s|     1 |     0 |  3729 |     - |   121M |   0 | 359 |1233 |1004 |  28 | 15 | 312 |   0 | 8.332732e-01 | 8.500766e-01 |   2.02%| unknown
  9.9s|     1 |     0 |  3738 |     - |   121M |   0 | 359 |1233 |1006 |  30 | 16 | 316 |   0 | 8.332736e-01 | 8.500766e-01 |   2.02%| unknown
  9.9s|     1 |     0 |  3764 |     - |   121M |   0 | 359 |1236 | 998 |  32 | 17 | 320 |   0 | 8.332807e-01 | 8.500766e-01 |   2.02%| unknown
  9.9s|     1 |     0 |  3785 |     - |   121M |   0 | 359 |1246 |1000 |  34 | 18 | 330 |   0 | 8.332868e-01 | 8.500766e-01 |   2.01%| unknown
  9.9s|     1 |     0 |  3786 |     - |   121M |   0 | 359 |1245 |1001 |  35 | 19 | 330 |   0 | 8.332868e-01 | 8.500766e-01 |   2.01%| unknown
  9.9s|     1 |     0 |  3788 |     - |   121M |   0 | 359 |1242 |1002 |  36 | 20 | 331 |   0 | 8.332868e-01 | 8.500766e-01 |   2.01%| unknown
  9.9s|     1 |     0 |  3789 |     - |   121M |   0 | 359 |1242 |1003 |  37 | 21 | 332 |   0 | 8.332875e-01 | 8.500766e-01 |   2.01%| unknown
L10.0s|     1 |     0 |  4252 |     - |    rens|   0 | 359 |1238 |1003 |  37 | 22 | 337 |   0 | 8.332875e-01 | 8.491874e-01 |   1.91%| unknown
(run 4, node 1) restarting after 27 global fixings of integer variables

(restart) converted 28 cuts from the global cut pool into linear constraints

presolving:
(round 1, fast)       29 del vars, 12 del conss, 0 add conss, 0 chg bounds, 0 chg sides, 78 chg coeffs, 0 upgd conss, 0 impls, 1078 clqs, 0 implints
(round 2, exhaustive) 29 del vars, 12 del conss, 0 add conss, 0 chg bounds, 0 chg sides, 78 chg coeffs, 19 upgd conss, 0 impls, 1078 clqs, 0 implints
(round 3, exhaustive) 29 del vars, 12 del conss, 0 add conss, 0 chg bounds, 0 chg sides, 83 chg coeffs, 19 upgd conss, 0 impls, 1078 clqs, 0 implints
(round 4, exhaustive) 29 del vars, 16 del conss, 0 add conss, 0 chg bounds, 0 chg sides, 100 chg coeffs, 19 upgd conss, 0 impls, 1078 clqs, 0 implints
(round 5, exhaustive) 29 del vars, 19 del conss, 0 add conss, 0 chg bounds, 0 chg sides, 100 chg coeffs, 19 upgd conss, 0 impls, 1078 clqs, 0 implints
(round 6, exhaustive) 29 del vars, 19 del conss, 0 add conss, 0 chg bounds, 0 chg sides, 106 chg coeffs, 19 upgd conss, 0 impls, 1078 clqs, 0 implints
presolving (7 rounds: 7 fast, 6 medium, 6 exhaustive):
 29 deleted vars, 19 deleted constraints, 0 added constraints, 0 tightened bounds, 0 added holes, 0 changed sides, 106 changed coefficients
 0 implications, 1078 cliques, 0 implied integral variables (0 bin, 0 int, 0 cont)
presolved problem has 330 variables (329 bin, 0 int, 1 cont) and 1247 constraints
     26 constraints of type <knapsack>
     84 constraints of type <setppc>
    141 constraints of type <linear>
    991 constraints of type <logicor>
      5 constraints of type <bounddisjunction>
Presolving Time: 0.37
transformed 4/8 original solutions to the transformed problem space

 time | node  | left  |LP iter|LP it/n|mem/heur|mdpt |vars |cons |rows |cuts |sepa|confs|strbr|  dualbound   | primalbound  |  gap   | compl. 
 10.1s|     1 |     0 |  4606 |     - |   119M |   0 | 330 |1247 |1031 |   0 |  0 | 337 |   0 | 8.332875e-01 | 8.491874e-01 |   1.91%| unknown
 10.1s|     1 |     0 |  4606 |     - |   119M |   0 | 330 |1247 |1013 |   0 |  0 | 337 |   0 | 8.332875e-01 | 8.491874e-01 |   1.91%| unknown
 10.3s|     1 |     0 |  4609 |     - |   119M |   0 | 330 |1244 |1015 |   2 |  1 | 337 |   0 | 8.332875e-01 | 8.491874e-01 |   1.91%| unknown
 10.5s|     1 |     0 |  4613 |     - |   119M |   0 | 330 |1246 |1017 |   4 |  2 | 341 |   0 | 8.332875e-01 | 8.491874e-01 |   1.91%| unknown
 10.6s|     1 |     0 |  4623 |     - |   120M |   0 | 330 |1247 |1019 |   6 |  3 | 342 |   0 | 8.332875e-01 | 8.491874e-01 |   1.91%| unknown
 10.8s|     1 |     0 |  4639 |     - |   122M |   0 | 330 |1255 |1020 |   7 |  4 | 352 |   0 | 8.332981e-01 | 8.491874e-01 |   1.91%| unknown
 11.0s|     1 |     0 |  4643 |     - |   123M |   0 | 330 |1257 |1022 |   9 |  5 | 354 |   0 | 8.332981e-01 | 8.491874e-01 |   1.91%| unknown
 11.1s|     1 |     0 |  4647 |     - |   123M |   0 | 330 |1256 |1024 |  11 |  6 | 357 |   0 | 8.332981e-01 | 8.491874e-01 |   1.91%| unknown
 11.3s|     1 |     0 |  4653 |     - |   125M |   0 | 330 |1257 |1026 |  13 |  7 | 359 |   0 | 8.332981e-01 | 8.491874e-01 |   1.91%| unknown
 11.4s|     1 |     0 |  4660 |     - |   125M |   0 | 330 |1258 |1028 |  15 |  8 | 360 |   0 | 8.332981e-01 | 8.491874e-01 |   1.91%| unknown
 11.6s|     1 |     0 |  4663 |     - |   126M |   0 | 330 |1261 |1029 |  16 |  9 | 363 |   0 | 8.332981e-01 | 8.491874e-01 |   1.91%| unknown
 11.7s|     1 |     0 |  4664 |     - |   128M |   0 | 330 |1263 |1030 |  17 | 10 | 365 |   0 | 8.332999e-01 | 8.491874e-01 |   1.91%| unknown
 11.8s|     1 |     0 |  4678 |     - |   128M |   0 | 330 |1262 | 950 |  19 | 11 | 365 |   0 | 8.332999e-01 | 8.491874e-01 |   1.91%| unknown
 11.8s|     1 |     0 |  4678 |     - |   128M |   0 | 330 |1257 | 950 |  19 | 11 | 365 |   0 | 8.332999e-01 | 8.491874e-01 |   1.91%| unknown
 11.8s|     1 |     0 |  4681 |     - |   128M |   0 | 330 |1257 | 951 |  20 | 12 | 365 |   0 | 8.332999e-01 | 8.491874e-01 |   1.91%| unknown
 time | node  | left  |LP iter|LP it/n|mem/heur|mdpt |vars |cons |rows |cuts |sepa|confs|strbr|  dualbound   | primalbound  |  gap   | compl. 
 11.8s|     1 |     0 |  4685 |     - |   128M |   0 | 330 |1259 | 952 |  21 | 13 | 367 |   0 | 8.332999e-01 | 8.491874e-01 |   1.91%| unknown
 11.8s|     1 |     0 |  4708 |     - |   128M |   0 | 330 |1258 | 955 |  24 | 14 | 368 |   0 | 8.332999e-01 | 8.491874e-01 |   1.91%| unknown
 11.8s|     1 |     0 |  4714 |     - |   128M |   0 | 330 |1260 | 957 |  26 | 15 | 370 |   0 | 8.332999e-01 | 8.491874e-01 |   1.91%| unknown
 11.9s|     1 |     0 |  4720 |     - |   128M |   0 | 330 |1263 | 959 |  28 | 16 | 373 |   0 | 8.332999e-01 | 8.491874e-01 |   1.91%| unknown
 11.9s|     1 |     0 |  4721 |     - |   128M |   0 | 330 |1264 | 948 |  29 | 17 | 374 |   0 | 8.332999e-01 | 8.491874e-01 |   1.91%| unknown
 11.9s|     1 |     0 |  4759 |     - |   128M |   0 | 330 |1270 | 950 |  31 | 18 | 380 |   0 | 8.333343e-01 | 8.491874e-01 |   1.90%| unknown
 11.9s|     1 |     0 |  4763 |     - |   128M |   0 | 330 |1271 | 954 |  35 | 19 | 381 |   0 | 8.333343e-01 | 8.491874e-01 |   1.90%| unknown
 11.9s|     1 |     0 |  4784 |     - |   128M |   0 | 330 |1269 | 956 |  37 | 20 | 381 |   0 | 8.333353e-01 | 8.491874e-01 |   1.90%| unknown
 11.9s|     1 |     0 |  4789 |     - |   128M |   0 | 330 |1273 | 957 |  38 | 21 | 385 |   0 | 8.333353e-01 | 8.491874e-01 |   1.90%| unknown
 12.0s|     1 |     0 |  4806 |     - |   128M |   0 | 330 |1278 | 959 |  40 | 22 | 390 |   0 | 8.333382e-01 | 8.491874e-01 |   1.90%| unknown
 12.1s|     1 |     2 |  5149 |     - |   129M |   0 | 330 |1279 | 959 |  40 | 22 | 398 |  19 | 8.333609e-01 | 8.491874e-01 |   1.90%| unknown

SCIP Status        : problem is solved [optimal solution found]
Solving Time (sec) : 14.44
Solving Nodes      : 78 (total of 82 nodes in 5 runs)
Primal Bound       : +8.49187445976224e-01 (9 solutions)
Dual Bound         : +8.49187445976224e-01
Gap                : 0.00 %
objective value:                    0.849187445976224
x_('12_5', '13_1')                                  1 	(obj:0.0264669428931724)
x_('11_17', '12_5')                                 1 	(obj:0.0209262295081967)
x_('10_31', '11_17')                                1 	(obj:0.0229908452203534)
x_('9_42', '10_31')                                 1 	(obj:0.0542857142857143)
x_('8_38', '9_42')                                  1 	(obj:0.0347213114754098)
x_('7_37', '8_38')                                  1 	(obj:0.0407201405152225)
x_('6_35', '7_37')                                  1 	(obj:0.0428571428571429)
x_('5_30', '6_35')                                  1 	(obj:0.0308220140515222)
x_('4_25', '5_30')                                  1 	(obj:0.0741292740046838)
x_('3_20', '4_25')                                  1 	(obj:0.0742974238875878)
x_('2_14', '3_20')                                  1 	(obj:0.0748665105386417)
x_('1_10', '2_14')                                  1 	(obj:0.140871194379391)
x_('0_1', '1_10')                                   1 	(obj:0.0285714285714286)
y_0_0                                               1 	(obj:0)
y_1_0                                               1 	(obj:0)
y_2_0                                               1 	(obj:0)
y_3_1                                               1 	(obj:0)
y_4_1                                               1 	(obj:0)
y_5_1                                               1 	(obj:0)
y_6_1                                               1 	(obj:0)
y_7_1                                               1 	(obj:0)
y_8_2                                               1 	(obj:0)
y_9_2                                               1 	(obj:0)
y_10_2                                              1 	(obj:0)
y_11_2                                              1 	(obj:0)
y_12_2                                              1 	(obj:0)
z_('3268741', '3425762')_2                          1 	(obj:0)
z_('3268741', '1966592X')_0                         1 	(obj:0)
z_('1966592X', '3452192')_0                         1 	(obj:0)
z_('3452192', '1353870')_0                          1 	(obj:0)
z_('3452192', '3520162')_1                          1 	(obj:0)
z_('3520162', '3307092')_1                          1 	(obj:0)
z_('3520162', '3524054')_1                          1 	(obj:0)
z_('3268740', '3524054')_1                          1 	(obj:0)
z_('3524054', '3179975')_1                          1 	(obj:0)
z_('3179975', '3422998')_2                          1 	(obj:0)
z_('3422998', '2495223X')_2                         1 	(obj:0)
z_('3422998', '1353870_01')_2                       1 	(obj:0)
z_('2495223X', '2245784X')_2                        1 	(obj:0)
alpha                                4.74897590361446 	(obj:0.0384632976656573)
  obj=0.849  alpha=788.3s  time=14.53s

k = 1
  Subgraph edges — edge_w: 13 (1.2%)  bal_w: 13 (1.2%)  combined: 26 (2.4%)  blended: 13 (1.2%)  blended_union: 37 (3.3%)  diverse: 13 (1.2%)
  [3a] Subgraph / edge_w   k=1 …
2026-07-01 18:29:03.390 | INFO     | pycaalp.time_balancing.model:run_mip:430 - Running MIP solver ...
      obj=0.850 (vs_full=+0.08%)  alpha=792.0s  build=0.002s solve=0.082s  vs_full=+0.47%
  [3b] Subgraph / bal_w    k=1 …
2026-07-01 18:29:03.473 | INFO     | pycaalp.time_balancing.model:run_mip:430 - Running MIP solver ...
      obj=1.100 (vs_full=+29.48%)  alpha=731.8s  build=0.001s solve=0.059s  vs_full=-7.17%
  [3c] Subgraph / combined k=1 …
2026-07-01 18:29:03.532 | INFO     | pycaalp.time_balancing.model:run_mip:430 - Running MIP solver ...
      obj=0.850 (vs_full=+0.08%)  alpha=792.0s  build=0.002s solve=0.298s  vs_full=+0.47%
  [3d] Subgraph / blended  k=1 …
2026-07-01 18:29:03.832 | INFO     | pycaalp.time_balancing.model:run_mip:430 - Running MIP solver ...
      obj=0.852 (vs_full=+0.38%)  alpha=758.6s  build=0.004s solve=0.052s  vs_full=-3.77%
  [3e] Subgraph / bl-union k=1 …
2026-07-01 18:29:03.884 | INFO     | pycaalp.time_balancing.model:run_mip:430 - Running MIP solver ...
      obj=0.850 (vs_full=+0.08%)  alpha=792.0s  build=0.026s solve=0.562s  vs_full=+0.47%
  [3f] Subgraph / diverse  k=1 …
2026-07-01 18:29:04.446 | INFO     | pycaalp.time_balancing.model:run_mip:430 - Running MIP solver ...
      obj=0.852 (vs_full=+0.38%)  alpha=758.6s  build=0.009s solve=0.056s  vs_full=-3.77%

k = 2
  Subgraph edges — edge_w: 15 (1.4%)  bal_w: 15 (1.4%)  combined: 30 (2.7%)  blended: 15 (1.4%)  blended_union: 42 (3.8%)  diverse: 26 (2.4%)
  [3a] Subgraph / edge_w   k=2 …
2026-07-01 18:29:04.675 | INFO     | pycaalp.time_balancing.model:run_mip:430 - Running MIP solver ...
      obj=0.849 (vs_full=+0.00%)  alpha=788.3s  build=0.016s solve=0.117s  vs_full=+0.00%
  [3b] Subgraph / bal_w    k=2 …
2026-07-01 18:29:04.792 | INFO     | pycaalp.time_balancing.model:run_mip:430 - Running MIP solver ...
      obj=1.092 (vs_full=+28.58%)  alpha=731.8s  build=0.017s solve=0.042s  vs_full=-7.17%
  [3c] Subgraph / combined k=2 …
2026-07-01 18:29:04.834 | INFO     | pycaalp.time_balancing.model:run_mip:430 - Running MIP solver ...
      obj=0.849 (vs_full=-0.00%)  alpha=788.3s  build=0.037s solve=0.362s  vs_full=+0.00%
  [3d] Subgraph / blended  k=2 …
2026-07-01 18:29:05.197 | INFO     | pycaalp.time_balancing.model:run_mip:430 - Running MIP solver ...
      obj=0.852 (vs_full=+0.38%)  alpha=758.6s  build=0.014s solve=0.101s  vs_full=-3.77%
  [3e] Subgraph / bl-union k=2 …
2026-07-01 18:29:05.298 | INFO     | pycaalp.time_balancing.model:run_mip:430 - Running MIP solver ...
      obj=0.849 (vs_full=+0.00%)  alpha=788.3s  build=0.073s solve=0.851s  vs_full=+0.00%
  [3f] Subgraph / diverse  k=2 …
2026-07-01 18:29:06.149 | INFO     | pycaalp.time_balancing.model:run_mip:430 - Running MIP solver ...
      obj=0.852 (vs_full=+0.38%)  alpha=758.6s  build=0.015s solve=0.035s  vs_full=-3.77%

k = 5
  Subgraph edges — edge_w: 21 (1.9%)  bal_w: 44 (4.0%)  combined: 65 (5.9%)  blended: 21 (1.9%)  blended_union: 60 (5.4%)  diverse: 65 (5.9%)
  [3a] Subgraph / edge_w   k=5 …
2026-07-01 18:29:06.364 | INFO     | pycaalp.time_balancing.model:run_mip:430 - Running MIP solver ...
      obj=0.849 (vs_full=-0.00%)  alpha=788.3s  build=0.019s solve=0.210s  vs_full=+0.00%
  [3b] Subgraph / bal_w    k=5 …
2026-07-01 18:29:06.575 | INFO     | pycaalp.time_balancing.model:run_mip:430 - Running MIP solver ...
      obj=1.092 (vs_full=+28.58%)  alpha=731.8s  build=0.018s solve=0.119s  vs_full=-7.17%
  [3c] Subgraph / combined k=5 …
2026-07-01 18:29:06.694 | INFO     | pycaalp.time_balancing.model:run_mip:430 - Running MIP solver ...
      obj=0.849 (vs_full=+0.00%)  alpha=788.3s  build=0.039s solve=0.432s  vs_full=+0.00%
  [3d] Subgraph / blended  k=5 …
2026-07-01 18:29:07.126 | INFO     | pycaalp.time_balancing.model:run_mip:430 - Running MIP solver ...
      obj=0.852 (vs_full=+0.38%)  alpha=758.6s  build=0.030s solve=0.214s  vs_full=-3.77%
  [3e] Subgraph / bl-union k=5 …
2026-07-01 18:29:07.340 | INFO     | pycaalp.time_balancing.model:run_mip:430 - Running MIP solver ...
      obj=0.849 (vs_full=+0.00%)  alpha=788.3s  build=0.057s solve=1.379s  vs_full=+0.00%
  [3f] Subgraph / diverse  k=5 …
2026-07-01 18:29:08.719 | INFO     | pycaalp.time_balancing.model:run_mip:430 - Running MIP solver ...
      obj=0.852 (vs_full=+0.38%)  alpha=758.6s  build=0.018s solve=0.416s  vs_full=-3.77%

k = 10
  Subgraph edges — edge_w: 24 (2.2%)  bal_w: 57 (5.2%)  combined: 81 (7.3%)  blended: 26 (2.4%)  blended_union: 75 (6.8%)  diverse: 126 (11.4%)
  [3a] Subgraph / edge_w   k=10 …
2026-07-01 18:29:09.476 | INFO     | pycaalp.time_balancing.model:run_mip:430 - Running MIP solver ...
      obj=0.849 (vs_full=+0.00%)  alpha=788.3s  build=0.038s solve=0.153s  vs_full=+0.00%
  [3b] Subgraph / bal_w    k=10 …
2026-07-01 18:29:09.629 | INFO     | pycaalp.time_balancing.model:run_mip:430 - Running MIP solver ...
      obj=1.091 (vs_full=+28.42%)  alpha=731.8s  build=0.039s solve=0.752s  vs_full=-7.17%
  [3c] Subgraph / combined k=10 …
2026-07-01 18:29:10.381 | INFO     | pycaalp.time_balancing.model:run_mip:430 - Running MIP solver ...
      obj=0.849 (vs_full=+0.00%)  alpha=788.3s  build=0.090s solve=0.815s  vs_full=+0.00%
  [3d] Subgraph / blended  k=10 …
2026-07-01 18:29:11.196 | INFO     | pycaalp.time_balancing.model:run_mip:430 - Running MIP solver ...
      obj=0.852 (vs_full=+0.38%)  alpha=758.6s  build=0.032s solve=0.411s  vs_full=-3.77%
  [3e] Subgraph / bl-union k=10 …
2026-07-01 18:29:11.607 | INFO     | pycaalp.time_balancing.model:run_mip:430 - Running MIP solver ...
      obj=0.849 (vs_full=-0.00%)  alpha=788.3s  build=0.118s solve=0.697s  vs_full=+0.00%
  [3f] Subgraph / diverse  k=10 …
2026-07-01 18:29:12.304 | INFO     | pycaalp.time_balancing.model:run_mip:430 - Running MIP solver ...
      obj=0.852 (vs_full=+0.38%)  alpha=758.6s  build=0.024s solve=1.277s  vs_full=-3.77%

k = 20
  Subgraph edges — edge_w: 35 (3.2%)  bal_w: 73 (6.6%)  combined: 107 (9.7%)  blended: 34 (3.1%)  blended_union: 93 (8.4%)  diverse: 239 (21.6%)
  [3a] Subgraph / edge_w   k=20 …
2026-07-01 18:29:14.368 | INFO     | pycaalp.time_balancing.model:run_mip:430 - Running MIP solver ...
      obj=0.849 (vs_full=+0.00%)  alpha=788.3s  build=0.081s solve=0.460s  vs_full=+0.00%
  [3b] Subgraph / bal_w    k=20 …
2026-07-01 18:29:14.828 | INFO     | pycaalp.time_balancing.model:run_mip:430 - Running MIP solver ...
      obj=1.012 (vs_full=+19.22%)  alpha=754.4s  build=0.121s solve=0.422s  vs_full=-4.30%
  [3c] Subgraph / combined k=20 …
2026-07-01 18:29:15.249 | INFO     | pycaalp.time_balancing.model:run_mip:430 - Running MIP solver ...
      obj=0.849 (vs_full=+0.00%)  alpha=788.3s  build=0.240s solve=0.870s  vs_full=+0.00%
  [3d] Subgraph / blended  k=20 …
2026-07-01 18:29:16.119 | INFO     | pycaalp.time_balancing.model:run_mip:430 - Running MIP solver ...
      obj=0.852 (vs_full=+0.38%)  alpha=758.6s  build=0.077s solve=0.252s  vs_full=-3.77%
  [3e] Subgraph / bl-union k=20 …
2026-07-01 18:29:16.371 | INFO     | pycaalp.time_balancing.model:run_mip:430 - Running MIP solver ...
      obj=0.849 (vs_full=-0.00%)  alpha=788.3s  build=0.251s solve=1.875s  vs_full=+0.00%
  [3f] Subgraph / diverse  k=20 …
2026-07-01 18:29:18.246 | INFO     | pycaalp.time_balancing.model:run_mip:430 - Running MIP solver ...
      obj=0.852 (vs_full=+0.38%)  alpha=758.6s  build=0.016s solve=1.587s  vs_full=-3.77%

k = 50
  Subgraph edges — edge_w: 54 (4.9%)  bal_w: 141 (12.8%)  combined: 190 (17.2%)  blended: 56 (5.1%)  blended_union: 146 (13.2%)  diverse: 513 (46.4%)
  [3a] Subgraph / edge_w   k=50 …
2026-07-01 18:29:22.017 | INFO     | pycaalp.time_balancing.model:run_mip:430 - Running MIP solver ...
      obj=0.849 (vs_full=-0.00%)  alpha=788.3s  build=0.158s solve=1.023s  vs_full=+0.00%
  [3b] Subgraph / bal_w    k=50 …
2026-07-01 18:29:23.040 | INFO     | pycaalp.time_balancing.model:run_mip:430 - Running MIP solver ...
      obj=1.012 (vs_full=+19.16%)  alpha=754.4s  build=0.281s solve=1.572s  vs_full=-4.30%
  [3c] Subgraph / combined k=50 …
2026-07-01 18:29:24.613 | INFO     | pycaalp.time_balancing.model:run_mip:430 - Running MIP solver ...
      obj=0.849 (vs_full=+0.00%)  alpha=788.3s  build=0.484s solve=1.419s  vs_full=+0.00%
  [3d] Subgraph / blended  k=50 …
2026-07-01 18:29:26.032 | INFO     | pycaalp.time_balancing.model:run_mip:430 - Running MIP solver ...
      obj=0.852 (vs_full=+0.38%)  alpha=758.6s  build=0.258s solve=0.223s  vs_full=-3.77%
  [3e] Subgraph / bl-union k=50 …
2026-07-01 18:29:26.255 | INFO     | pycaalp.time_balancing.model:run_mip:430 - Running MIP solver ...
      obj=0.849 (vs_full=+0.00%)  alpha=788.3s  build=0.923s solve=1.514s  vs_full=+0.00%
  [3f] Subgraph / diverse  k=50 …
2026-07-01 18:29:27.770 | INFO     | pycaalp.time_balancing.model:run_mip:430 - Running MIP solver ...
      obj=0.851 (vs_full=+0.22%)  alpha=792.0s  build=0.080s solve=3.341s  vs_full=+0.47%

k = 100
  Subgraph edges — edge_w: 78 (7.1%)  bal_w: 189 (17.1%)  combined: 257 (23.3%)  blended: 106 (9.6%)  blended_union: 190 (17.2%)  diverse: 744 (67.3%)
  [3a] Subgraph / edge_w   k=100 …
2026-07-01 18:29:36.090 | INFO     | pycaalp.time_balancing.model:run_mip:430 - Running MIP solver ...
      obj=0.849 (vs_full=-0.00%)  alpha=788.3s  build=0.333s solve=0.949s  vs_full=+0.00%
  [3b] Subgraph / bal_w    k=100 …
2026-07-01 18:29:37.039 | INFO     | pycaalp.time_balancing.model:run_mip:430 - Running MIP solver ...
      obj=1.002 (vs_full=+17.93%)  alpha=814.2s  build=0.397s solve=1.519s  vs_full=+3.28%
  [3c] Subgraph / combined k=100 …
2026-07-01 18:29:38.558 | INFO     | pycaalp.time_balancing.model:run_mip:430 - Running MIP solver ...
      obj=0.849 (vs_full=+0.00%)  alpha=788.3s  build=1.061s solve=1.836s  vs_full=+0.00%
  [3d] Subgraph / blended  k=100 …
2026-07-01 18:29:40.394 | INFO     | pycaalp.time_balancing.model:run_mip:430 - Running MIP solver ...
      obj=0.852 (vs_full=+0.38%)  alpha=758.6s  build=1.372s solve=0.918s  vs_full=-3.77%
  [3e] Subgraph / bl-union k=100 …
2026-07-01 18:29:41.312 | INFO     | pycaalp.time_balancing.model:run_mip:430 - Running MIP solver ...
      obj=0.849 (vs_full=+0.00%)  alpha=788.3s  build=1.724s solve=1.342s  vs_full=+0.00%
  [3f] Subgraph / diverse  k=100 …
2026-07-01 18:29:42.654 | INFO     | pycaalp.time_balancing.model:run_mip:430 - Running MIP solver ...
      obj=0.851 (vs_full=+0.16%)  alpha=780.8s  build=0.092s solve=4.635s  vs_full=-0.95%

k = 200
  Subgraph edges — edge_w: 95 (8.6%)  bal_w: 258 (23.3%)  combined: 339 (30.7%)  blended: 139 (12.6%)  blended_union: 203 (18.4%)  diverse: 905 (81.9%)
  [3a] Subgraph / edge_w   k=200 …
2026-07-01 18:29:53.209 | INFO     | pycaalp.time_balancing.model:run_mip:430 - Running MIP solver ...
      obj=0.849 (vs_full=-0.00%)  alpha=788.3s  build=0.675s solve=0.773s  vs_full=+0.00%
  [3b] Subgraph / bal_w    k=200 …
2026-07-01 18:29:53.982 | INFO     | pycaalp.time_balancing.model:run_mip:430 - Running MIP solver ...
      obj=0.992 (vs_full=+16.78%)  alpha=747.1s  build=0.825s solve=1.453s  vs_full=-5.23%
  [3c] Subgraph / combined k=200 …
2026-07-01 18:29:55.435 | INFO     | pycaalp.time_balancing.model:run_mip:430 - Running MIP solver ...
      obj=0.849 (vs_full=-0.00%)  alpha=788.3s  build=1.436s solve=2.149s  vs_full=+0.00%
  [3d] Subgraph / blended  k=200 …
2026-07-01 18:29:57.584 | INFO     | pycaalp.time_balancing.model:run_mip:430 - Running MIP solver ...
      obj=0.852 (vs_full=+0.38%)  alpha=758.6s  build=0.821s solve=1.414s  vs_full=-3.77%
  [3e] Subgraph / bl-union k=200 …
2026-07-01 18:29:58.998 | INFO     | pycaalp.time_balancing.model:run_mip:430 - Running MIP solver ...
      obj=0.849 (vs_full=+0.00%)  alpha=788.3s  build=2.012s solve=2.090s  vs_full=+0.00%
  [3f] Subgraph / diverse  k=200 …
2026-07-01 18:30:01.089 | INFO     | pycaalp.time_balancing.model:run_mip:430 - Running MIP solver ...
      obj=0.851 (vs_full=+0.16%)  alpha=780.8s  build=0.152s solve=8.615s  vs_full=-0.95%

k = 500
  Subgraph edges — edge_w: 108 (9.8%)  bal_w: 399 (36.1%)  combined: 459 (41.5%)  blended: 168 (15.2%)  blended_union: 247 (22.4%)  diverse: 1044 (94.5%)
  [3a] Subgraph / edge_w   k=500 …
2026-07-01 18:30:24.559 | INFO     | pycaalp.time_balancing.model:run_mip:430 - Running MIP solver ...
      obj=0.849 (vs_full=+0.00%)  alpha=788.3s  build=1.551s solve=0.704s  vs_full=+0.00%
  [3b] Subgraph / bal_w    k=500 …
2026-07-01 18:30:25.263 | INFO     | pycaalp.time_balancing.model:run_mip:430 - Running MIP solver ...
      obj=0.981 (vs_full=+15.57%)  alpha=788.3s  build=1.896s solve=2.837s  vs_full=+0.00%
  [3c] Subgraph / combined k=500 …
2026-07-01 18:30:28.100 | INFO     | pycaalp.time_balancing.model:run_mip:430 - Running MIP solver ...
      obj=0.849 (vs_full=+0.00%)  alpha=788.3s  build=3.191s solve=3.202s  vs_full=+0.00%
  [3d] Subgraph / blended  k=500 …
2026-07-01 18:30:31.302 | INFO     | pycaalp.time_balancing.model:run_mip:430 - Running MIP solver ...
      obj=0.852 (vs_full=+0.38%)  alpha=758.6s  build=2.039s solve=0.902s  vs_full=-3.77%
  [3e] Subgraph / bl-union k=500 …
2026-07-01 18:30:32.205 | INFO     | pycaalp.time_balancing.model:run_mip:430 - Running MIP solver ...
      obj=0.849 (vs_full=+0.00%)  alpha=788.3s  build=5.654s solve=2.106s  vs_full=+0.00%
  [3f] Subgraph / diverse  k=500 …
2026-07-01 18:30:34.311 | INFO     | pycaalp.time_balancing.model:run_mip:430 - Running MIP solver ...
      obj=0.850 (vs_full=+0.05%)  alpha=788.3s  build=0.523s solve=10.905s  vs_full=+0.00%

k = 1000
  Subgraph edges — edge_w: 142 (12.9%)  bal_w: 500 (45.2%)  combined: 578 (52.3%)  blended: 173 (15.7%)  blended_union: 284 (25.7%)  diverse: 1100 (99.5%)
  [3a] Subgraph / edge_w   k=1000 …
2026-07-01 18:31:16.940 | INFO     | pycaalp.time_balancing.model:run_mip:430 - Running MIP solver ...
      obj=0.849 (vs_full=+0.00%)  alpha=788.3s  build=3.688s solve=1.068s  vs_full=+0.00%
  [3b] Subgraph / bal_w    k=1000 …
2026-07-01 18:31:18.008 | INFO     | pycaalp.time_balancing.model:run_mip:430 - Running MIP solver ...
      obj=0.981 (vs_full=+15.57%)  alpha=788.3s  build=4.040s solve=4.607s  vs_full=+0.00%
  [3c] Subgraph / combined k=1000 …
2026-07-01 18:31:22.615 | INFO     | pycaalp.time_balancing.model:run_mip:430 - Running MIP solver ...
      obj=0.849 (vs_full=+0.00%)  alpha=788.3s  build=7.205s solve=5.178s  vs_full=+0.00%
  [3d] Subgraph / blended  k=1000 …
2026-07-01 18:31:27.793 | INFO     | pycaalp.time_balancing.model:run_mip:430 - Running MIP solver ...
      obj=0.852 (vs_full=+0.38%)  alpha=758.6s  build=4.502s solve=1.715s  vs_full=-3.77%
  [3e] Subgraph / bl-union k=1000 …
2026-07-01 18:31:29.508 | INFO     | pycaalp.time_balancing.model:run_mip:430 - Running MIP solver ...
      obj=0.849 (vs_full=+0.00%)  alpha=788.3s  build=11.290s solve=2.970s  vs_full=+0.00%
  [3f] Subgraph / diverse  k=1000 …
2026-07-01 18:31:32.479 | INFO     | pycaalp.time_balancing.model:run_mip:430 - Running MIP solver ...
      obj=0.849 (vs_full=+0.00%)  alpha=788.3s  build=0.997s solve=7.118s  vs_full=+0.00%

k = 2000
  Subgraph edges — edge_w: 185 (16.7%)  bal_w: 630 (57.0%)  combined: 685 (62.0%)  blended: 202 (18.3%)  blended_union: 335 (30.3%)  diverse: 1105 (100.0%)
  [3a] Subgraph / edge_w   k=2000 …
2026-07-01 18:32:52.750 | INFO     | pycaalp.time_balancing.model:run_mip:430 - Running MIP solver ...
      obj=0.849 (vs_full=+0.00%)  alpha=788.3s  build=8.344s solve=1.445s  vs_full=+0.00%
  [3b] Subgraph / bal_w    k=2000 …
2026-07-01 18:32:54.195 | INFO     | pycaalp.time_balancing.model:run_mip:430 - Running MIP solver ...
      obj=0.977 (vs_full=+15.06%)  alpha=788.3s  build=8.045s solve=4.900s  vs_full=+0.00%
  [3c] Subgraph / combined k=2000 …
2026-07-01 18:32:59.095 | INFO     | pycaalp.time_balancing.model:run_mip:430 - Running MIP solver ...
      obj=0.849 (vs_full=+0.00%)  alpha=788.3s  build=15.940s solve=6.420s  vs_full=+0.00%
  [3d] Subgraph / blended  k=2000 …
2026-07-01 18:33:05.516 | INFO     | pycaalp.time_balancing.model:run_mip:430 - Running MIP solver ...
      obj=0.852 (vs_full=+0.38%)  alpha=758.6s  build=10.824s solve=1.209s  vs_full=-3.77%
  [3e] Subgraph / bl-union k=2000 …
2026-07-01 18:33:06.725 | INFO     | pycaalp.time_balancing.model:run_mip:430 - Running MIP solver ...
      obj=0.849 (vs_full=+0.00%)  alpha=788.3s  build=27.740s solve=2.694s  vs_full=+0.00%
  [3f] Subgraph / diverse  k=2000 …
2026-07-01 18:33:09.419 | INFO     | pycaalp.time_balancing.model:run_mip:430 - Running MIP solver ...
      obj=0.849 (vs_full=+0.00%)  alpha=788.3s  build=2.259s solve=12.147s  vs_full=+0.00%

k = 5000
  Subgraph edges — edge_w: 232 (21.0%)  bal_w: 799 (72.3%)  combined: 830 (75.1%)  blended: 248 (22.4%)  blended_union: 355 (32.1%)  diverse: 1105 (100.0%)
  [3a] Subgraph / edge_w   k=5000 …
2026-07-01 18:37:46.202 | INFO     | pycaalp.time_balancing.model:run_mip:430 - Running MIP solver ...
      obj=0.849 (vs_full=-0.00%)  alpha=788.3s  build=33.435s solve=2.316s  vs_full=+0.00%
  [3b] Subgraph / bal_w    k=5000 …
2026-07-01 18:37:48.519 | INFO     | pycaalp.time_balancing.model:run_mip:430 - Running MIP solver ...
      obj=0.976 (vs_full=+14.91%)  alpha=788.3s  build=26.548s solve=7.781s  vs_full=+0.00%
  [3c] Subgraph / combined k=5000 …
2026-07-01 18:37:56.300 | INFO     | pycaalp.time_balancing.model:run_mip:430 - Running MIP solver ...
      obj=0.849 (vs_full=+0.00%)  alpha=788.3s  build=60.290s solve=5.819s  vs_full=+0.00%
  [3d] Subgraph / blended  k=5000 …
2026-07-01 18:38:02.118 | INFO     | pycaalp.time_balancing.model:run_mip:430 - Running MIP solver ...
      obj=0.849 (vs_full=+0.02%)  alpha=780.8s  build=38.745s solve=1.699s  vs_full=-0.95%
  [3e] Subgraph / bl-union k=5000 …
2026-07-01 18:38:03.817 | INFO     | pycaalp.time_balancing.model:run_mip:430 - Running MIP solver ...
      obj=0.849 (vs_full=+0.00%)  alpha=788.3s  build=100.087s solve=4.742s  vs_full=+0.00%
  [3f] Subgraph / diverse  k=5000 …
2026-07-01 18:38:08.560 | INFO     | pycaalp.time_balancing.model:run_mip:430 - Running MIP solver ...
      obj=0.849 (vs_full=+0.00%)  alpha=788.3s  build=5.531s solve=13.618s  vs_full=+0.00%

Results saved to experiments/strategy_comparison/assembly_1_np_3/strategy_comparison_lambda_0.2.csv
Plot with:  python -m experiments.strategy_comparison.plot_k_sensitivity

============================================================================================================================
SUMMARY — assembly_1  P=3  λ=0.2
============================================================================================================================
Strategy       Weight                      k   Build    Solve    Total  Spdup       Obj   ObjvsF     Alpha    AlvsF   Edges  %Grph
----------------------------------------------------------------------------------------------------------------------------
full_mip       —                               0.000   14.528   14.528   1.0x     0.849    +0.00    788.33    +0.00    1105  100.0
subgraph_mip   edge_weight                 1   0.002    0.082    0.084 173.2x     0.850    +0.08    792.00    +0.47      13    1.2
subgraph_mip   time_balanced_weight        1   0.001    0.059    0.060 240.3x     1.100   +29.48    731.84    -7.17      13    1.2
subgraph_mip   combined                    1   0.002    0.298    0.300  48.4x     0.850    +0.08    792.00    +0.47      26    2.4
subgraph_mip   blended                     1   0.004    0.052    0.056 260.1x     0.852    +0.38    758.63    -3.77      13    1.2
subgraph_mip   blended_union               1   0.026    0.562    0.589  24.7x     0.850    +0.08    792.00    +0.47      37    3.4
subgraph_mip   diverse                     1   0.009    0.056    0.065 222.5x     0.852    +0.38    758.63    -3.77      13    1.2
subgraph_mip   edge_weight                 2   0.016    0.117    0.133 109.2x     0.849    +0.00    788.33    +0.00      15    1.4
subgraph_mip   time_balanced_weight        2   0.017    0.042    0.058 248.9x     1.092   +28.58    731.84    -7.17      15    1.4
subgraph_mip   combined                    2   0.037    0.362    0.399  36.4x     0.849    -0.00    788.33    +0.00      30    2.7
subgraph_mip   blended                     2   0.014    0.101    0.115 126.0x     0.852    +0.38    758.63    -3.77      15    1.4
subgraph_mip   blended_union               2   0.073    0.851    0.924  15.7x     0.849    +0.00    788.33    +0.00      42    3.8
subgraph_mip   diverse                     2   0.015    0.035    0.051 287.1x     0.852    +0.38    758.63    -3.77      26    2.4
subgraph_mip   edge_weight                 5   0.019    0.210    0.229  63.5x     0.849    -0.00    788.33    +0.00      21    1.9
subgraph_mip   time_balanced_weight        5   0.018    0.119    0.137 105.9x     1.092   +28.58    731.84    -7.17      44    4.0
subgraph_mip   combined                    5   0.039    0.432    0.470  30.9x     0.849    +0.00    788.33    +0.00      65    5.9
subgraph_mip   blended                     5   0.030    0.214    0.244  59.6x     0.852    +0.38    758.63    -3.77      21    1.9
subgraph_mip   blended_union               5   0.057    1.379    1.436  10.1x     0.849    +0.00    788.33    +0.00      60    5.4
subgraph_mip   diverse                     5   0.018    0.416    0.433  33.5x     0.852    +0.38    758.63    -3.77      65    5.9
subgraph_mip   edge_weight                10   0.038    0.153    0.191  76.0x     0.849    +0.00    788.33    +0.00      24    2.2
subgraph_mip   time_balanced_weight       10   0.039    0.752    0.791  18.4x     1.091   +28.42    731.84    -7.17      57    5.2
subgraph_mip   combined                   10   0.090    0.815    0.905  16.1x     0.849    +0.00    788.33    +0.00      81    7.3
subgraph_mip   blended                    10   0.032    0.411    0.442  32.8x     0.852    +0.38    758.63    -3.77      26    2.4
subgraph_mip   blended_union              10   0.118    0.697    0.815  17.8x     0.849    -0.00    788.33    +0.00      75    6.8
subgraph_mip   diverse                    10   0.024    1.277    1.301  11.2x     0.852    +0.38    758.63    -3.77     126   11.4
subgraph_mip   edge_weight                20   0.081    0.460    0.540  26.9x     0.849    +0.00    788.33    +0.00      35    3.2
subgraph_mip   time_balanced_weight       20   0.121    0.422    0.543  26.8x     1.012   +19.22    754.42    -4.30      73    6.6
subgraph_mip   combined                   20   0.240    0.870    1.110  13.1x     0.849    +0.00    788.33    +0.00     107    9.7
subgraph_mip   blended                    20   0.077    0.252    0.328  44.3x     0.852    +0.38    758.63    -3.77      34    3.1
subgraph_mip   blended_union              20   0.251    1.875    2.126   6.8x     0.849    -0.00    788.33    +0.00      93    8.4
subgraph_mip   diverse                    20   0.016    1.587    1.603   9.1x     0.852    +0.38    758.63    -3.77     239   21.6
subgraph_mip   edge_weight                50   0.158    1.023    1.181  12.3x     0.849    -0.00    788.33    +0.00      54    4.9
subgraph_mip   time_balanced_weight       50   0.281    1.572    1.853   7.8x     1.012   +19.16    754.42    -4.30     141   12.8
subgraph_mip   combined                   50   0.484    1.419    1.903   7.6x     0.849    +0.00    788.33    +0.00     190   17.2
subgraph_mip   blended                    50   0.258    0.223    0.481  30.2x     0.852    +0.38    758.63    -3.77      56    5.1
subgraph_mip   blended_union              50   0.923    1.514    2.437   6.0x     0.849    +0.00    788.33    +0.00     146   13.2
subgraph_mip   diverse                    50   0.080    3.341    3.422   4.2x     0.851    +0.22    792.00    +0.47     513   46.4
subgraph_mip   edge_weight               100   0.333    0.949    1.282  11.3x     0.849    -0.00    788.33    +0.00      78    7.1
subgraph_mip   time_balanced_weight      100   0.397    1.519    1.915   7.6x     1.002   +17.93    814.18    +3.28     189   17.1
subgraph_mip   combined                  100   1.061    1.836    2.896   5.0x     0.849    +0.00    788.33    +0.00     257   23.3
subgraph_mip   blended                   100   1.372    0.918    2.290   6.3x     0.852    +0.38    758.63    -3.77     106    9.6
subgraph_mip   blended_union             100   1.724    1.342    3.066   4.7x     0.849    +0.00    788.33    +0.00     190   17.2
subgraph_mip   diverse                   100   0.092    4.635    4.727   3.1x     0.851    +0.16    780.81    -0.95     744   67.3
subgraph_mip   edge_weight               200   0.675    0.773    1.447  10.0x     0.849    -0.00    788.33    +0.00      95    8.6
subgraph_mip   time_balanced_weight      200   0.825    1.453    2.278   6.4x     0.992   +16.78    747.12    -5.23     258   23.4
subgraph_mip   combined                  200   1.436    2.149    3.585   4.0x     0.849    -0.00    788.33    +0.00     339   30.7
subgraph_mip   blended                   200   0.821    1.414    2.235   6.5x     0.852    +0.38    758.63    -3.77     139   12.6
subgraph_mip   blended_union             200   2.012    2.090    4.102   3.5x     0.849    +0.00    788.33    +0.00     203   18.4
subgraph_mip   diverse                   200   0.152    8.615    8.767   1.7x     0.851    +0.16    780.81    -0.95     905   81.9
subgraph_mip   edge_weight               500   1.551    0.704    2.256   6.4x     0.849    +0.00    788.33    +0.00     108    9.8
subgraph_mip   time_balanced_weight      500   1.896    2.837    4.733   3.1x     0.981   +15.57    788.33    +0.00     399   36.1
subgraph_mip   combined                  500   3.191    3.202    6.393   2.3x     0.849    +0.00    788.33    +0.00     459   41.5
subgraph_mip   blended                   500   2.039    0.902    2.941   4.9x     0.852    +0.38    758.63    -3.77     168   15.2
subgraph_mip   blended_union             500   5.654    2.106    7.760   1.9x     0.849    +0.00    788.33    +0.00     247   22.4
subgraph_mip   diverse                   500   0.523   10.905   11.428   1.3x     0.850    +0.05    788.33    +0.00    1044   94.5
subgraph_mip   edge_weight              1000   3.688    1.068    4.756   3.0x     0.849    +0.00    788.33    +0.00     142   12.8
subgraph_mip   time_balanced_weight     1000   4.040    4.607    8.647   1.7x     0.981   +15.57    788.33    +0.00     500   45.2
subgraph_mip   combined                 1000   7.205    5.178   12.384   1.2x     0.849    +0.00    788.33    +0.00     578   52.3
subgraph_mip   blended                  1000   4.502    1.715    6.218   2.3x     0.852    +0.38    758.63    -3.77     173   15.7
subgraph_mip   blended_union            1000  11.290    2.970   14.261   1.0x     0.849    +0.00    788.33    +0.00     284   25.7
subgraph_mip   diverse                  1000   0.997    7.118    8.116   1.8x     0.849    +0.00    788.33    +0.00    1100   99.5
subgraph_mip   edge_weight              2000   8.344    1.445    9.790   1.5x     0.849    +0.00    788.33    +0.00     185   16.7
subgraph_mip   time_balanced_weight     2000   8.045    4.900   12.945   1.1x     0.977   +15.06    788.33    +0.00     630   57.0
subgraph_mip   combined                 2000  15.940    6.420   22.360   0.7x     0.849    +0.00    788.33    +0.00     685   62.0
subgraph_mip   blended                  2000  10.824    1.209   12.033   1.2x     0.852    +0.38    758.63    -3.77     202   18.3
subgraph_mip   blended_union            2000  27.740    2.694   30.433   0.5x     0.849    +0.00    788.33    +0.00     335   30.3
subgraph_mip   diverse                  2000   2.259   12.147   14.406   1.0x     0.849    +0.00    788.33    +0.00    1105  100.0
subgraph_mip   edge_weight              5000  33.435    2.316   35.751   0.4x     0.849    -0.00    788.33    +0.00     232   21.0
subgraph_mip   time_balanced_weight     5000  26.548    7.781   34.329   0.4x     0.976   +14.91    788.33    +0.00     799   72.3
subgraph_mip   combined                 5000  60.290    5.819   66.108   0.2x     0.849    +0.00    788.33    +0.00     830   75.1
subgraph_mip   blended                  5000  38.745    1.699   40.444   0.4x     0.849    +0.02    780.81    -0.95     248   22.4
subgraph_mip   blended_union            5000 100.087    4.742  104.829   0.1x     0.849    +0.00    788.33    +0.00     355   32.1
subgraph_mip   diverse                  5000   5.531   13.618   19.149   0.8x     0.849    +0.00    788.33    +0.00    1105  100.0
============================================================================================================================

----------------- λ = 0.25 -----------------
========================================================================
Strategy Comparison Experiment — assembly_1  P=3  λ=0.25
========================================================================

Building assembly digraph …
2026-07-01 18:28:48.541 | INFO     | pycaalp.gapp.assembly_digraph:compute_assembly_digraph_complete:395 - Computing assembly digraph...
  343 nodes, 1105 edges  (0.3s)

[1] Full MIP  P=3  λ=0.25
2026-07-01 18:28:48.827 | INFO     | pycaalp.time_balancing.model:run_mip:430 - Running MIP solver ...
presolving:
(round 1, fast)       2 del vars, 2 del conss, 0 add conss, 0 chg bounds, 0 chg sides, 0 chg coeffs, 0 upgd conss, 0 impls, 69 clqs, 0 implints
(round 2, exhaustive) 2 del vars, 2 del conss, 0 add conss, 1 chg bounds, 0 chg sides, 0 chg coeffs, 3408 upgd conss, 0 impls, 69 clqs, 0 implints
   (0.2s) probing: 1000/1181 (84.7%) - 0 fixings, 0 aggregations, 131997 implications, 0 bound changes
   (0.2s) probing: 1001/1181 (84.8%) - 0 fixings, 0 aggregations, 132060 implications, 0 bound changes
   (0.2s) probing aborted: 1000/1000 successive useless probings
   (0.2s) symmetry computation started: requiring (bin +, int +, cont +), (fixed: bin -, int -, cont -)
   (0.2s) no symmetry present (symcode time: 0.00)
presolving (3 rounds: 3 fast, 2 medium, 2 exhaustive):
 2 deleted vars, 2 deleted constraints, 0 added constraints, 1 tightened bounds, 0 added holes, 0 changed sides, 0 changed coefficients
 0 implications, 12312 cliques, 0 implied integral variables (0 bin, 0 int, 0 cont)
presolved problem has 1182 variables (1181 bin, 0 int, 1 cont) and 3721 constraints
     69 constraints of type <setppc>
    313 constraints of type <linear>
   3339 constraints of type <logicor>
Presolving Time: 0.23

 time | node  | left  |LP iter|LP it/n|mem/heur|mdpt |vars |cons |rows |cuts |sepa|confs|strbr|  dualbound   | primalbound  |  gap   | compl. 
p 0.2s|     1 |     0 |     0 |     - | vbounds|   0 |1182 |3752 |3721 |   0 |  0 |  30 |   0 | 0.000000e+00 | 1.513021e+00 |    Inf | unknown
p 0.3s|     1 |     0 |    89 |     - | vbounds|   0 |1182 |3764 |3721 |   0 |  0 |  42 |   0 | 0.000000e+00 | 1.203382e+00 |    Inf | unknown
  0.3s|     1 |     0 |   381 |     - |    29M |   0 |1182 |3764 |3721 |   0 |  0 |  42 |   0 | 8.329273e-01 | 1.203382e+00 |  44.48%| unknown
  0.6s|     1 |     0 |   440 |     - |    31M |   0 |1182 |3765 |3724 |   3 |  1 |  43 |   0 | 8.329417e-01 | 1.203382e+00 |  44.47%| unknown
  0.9s|     1 |     0 |   479 |     - |    36M |   0 |1182 |3775 |3726 |   5 |  2 |  53 |   0 | 8.329593e-01 | 1.203382e+00 |  44.47%| unknown
  1.2s|     1 |     0 |   502 |     - |    43M |   0 |1182 |3775 |3728 |   7 |  3 |  53 |   0 | 8.331001e-01 | 1.203382e+00 |  44.45%| unknown
  1.5s|     1 |     0 |   521 |     - |    50M |   0 |1182 |3769 |3732 |  11 |  4 |  53 |   0 | 8.331001e-01 | 1.203382e+00 |  44.45%| unknown
  1.8s|     1 |     0 |   540 |     - |    52M |   0 |1182 |3768 |3735 |  14 |  5 |  53 |   0 | 8.331001e-01 | 1.203382e+00 |  44.45%| unknown
  2.3s|     1 |     0 |   548 |     - |    56M |   0 |1182 |3771 |3736 |  15 |  6 |  56 |   0 | 8.331001e-01 | 1.203382e+00 |  44.45%| unknown
  2.8s|     1 |     0 |   558 |     - |    63M |   0 |1182 |3768 |3737 |  16 |  7 |  57 |   0 | 8.331001e-01 | 1.203382e+00 |  44.45%| unknown
  3.3s|     1 |     0 |   578 |     - |    72M |   0 |1182 |3773 |3741 |  20 |  8 |  65 |   0 | 8.331001e-01 | 1.203382e+00 |  44.45%| unknown
  3.9s|     1 |     0 |   584 |     - |    81M |   0 |1182 |3783 |3743 |  22 |  9 |  75 |   0 | 8.331001e-01 | 1.203382e+00 |  44.45%| unknown
  4.4s|     1 |     0 |   592 |     - |    89M |   0 |1182 |3785 |3745 |  24 | 10 |  77 |   0 | 8.331001e-01 | 1.203382e+00 |  44.45%| unknown
  4.4s|     1 |     0 |   600 |     - |    89M |   0 |1182 |3786 |3747 |  26 | 11 |  78 |   0 | 8.331001e-01 | 1.203382e+00 |  44.45%| unknown
  4.5s|     1 |     0 |   607 |     - |    90M |   0 |1182 |3787 |3749 |  28 | 12 |  79 |   0 | 8.331001e-01 | 1.203382e+00 |  44.45%| unknown
 time | node  | left  |LP iter|LP it/n|mem/heur|mdpt |vars |cons |rows |cuts |sepa|confs|strbr|  dualbound   | primalbound  |  gap   | compl. 
  4.5s|     1 |     0 |   623 |     - |    90M |   0 |1182 |3796 |3751 |  30 | 13 |  89 |   0 | 8.331001e-01 | 1.203382e+00 |  44.45%| unknown
  4.5s|     1 |     0 |   630 |     - |    91M |   0 |1182 |3803 |3753 |  32 | 14 |  97 |   0 | 8.331001e-01 | 1.203382e+00 |  44.45%| unknown
d 4.6s|     1 |     0 |  1195 |     - |farkasdi|   0 |1182 |3804 |3753 |   0 | 14 |  98 |   0 | 8.331001e-01 | 8.727511e-01 |   4.76%| unknown
L 4.7s|     1 |     0 |  1856 |     - |    rens|   0 |1182 |3814 |3753 |  32 | 14 | 112 |   0 | 8.331001e-01 | 8.531949e-01 |   2.41%| unknown
  4.7s|     1 |     0 |  1856 |     - |    91M |   0 |1182 |3812 |3753 |  32 | 14 | 112 |   0 | 8.331001e-01 | 8.531949e-01 |   2.41%| unknown
  4.7s|     1 |     0 |  1856 |     - |    91M |   0 |1182 |3813 |2272 |  32 | 14 | 118 |   0 | 8.331001e-01 | 8.531949e-01 |   2.41%| unknown
  4.7s|     1 |     0 |  1861 |     - |    91M |   0 |1182 |3264 |2257 |  33 | 15 | 118 |   0 | 8.331001e-01 | 8.531949e-01 |   2.41%| unknown
  4.7s|     1 |     0 |  1864 |     - |    91M |   0 |1182 |3268 |2248 |  34 | 16 | 124 |   0 | 8.331001e-01 | 8.531949e-01 |   2.41%| unknown
  4.7s|     1 |     0 |  1864 |     - |    91M |   0 |1182 |2011 |2248 |  34 | 16 | 124 |   0 | 8.331001e-01 | 8.531949e-01 |   2.41%| unknown
  4.8s|     1 |     0 |  1877 |     - |    91M |   0 |1182 |2011 |2249 |  35 | 17 | 124 |   0 | 8.331001e-01 | 8.531949e-01 |   2.41%| unknown
  4.8s|     1 |     0 |  1878 |     - |    91M |   0 |1182 |2012 |2251 |  37 | 18 | 125 |   0 | 8.331001e-01 | 8.531949e-01 |   2.41%| unknown
(run 1, node 1) restarting after 807 global fixings of integer variables

(restart) converted 26 cuts from the global cut pool into linear constraints

presolving:
(round 1, fast)       811 del vars, 869 del conss, 0 add conss, 0 chg bounds, 0 chg sides, 630 chg coeffs, 0 upgd conss, 0 impls, 1429 clqs, 0 implints
(round 2, exhaustive) 811 del vars, 869 del conss, 0 add conss, 0 chg bounds, 0 chg sides, 630 chg coeffs, 32 upgd conss, 0 impls, 1429 clqs, 0 implints
(round 3, exhaustive) 811 del vars, 877 del conss, 0 add conss, 0 chg bounds, 0 chg sides, 662 chg coeffs, 32 upgd conss, 0 impls, 1430 clqs, 0 implints
presolving (4 rounds: 4 fast, 3 medium, 3 exhaustive):
 811 deleted vars, 877 deleted constraints, 0 added constraints, 0 tightened bounds, 0 added holes, 0 changed sides, 663 changed coefficients
 0 implications, 1430 cliques, 0 implied integral variables (0 bin, 0 int, 0 cont)
presolved problem has 371 variables (370 bin, 0 int, 1 cont) and 1162 constraints
      5 constraints of type <knapsack>
     83 constraints of type <setppc>
    100 constraints of type <linear>
    974 constraints of type <logicor>
Presolving Time: 0.25
transformed 3/5 original solutions to the transformed problem space

 time | node  | left  |LP iter|LP it/n|mem/heur|mdpt |vars |cons |rows |cuts |sepa|confs|strbr|  dualbound   | primalbound  |  gap   | compl. 
  4.8s|     1 |     0 |  2098 |     - |    85M |   0 | 371 |1162 |1096 |   0 |  0 | 126 |   0 | 8.331001e-01 | 8.531949e-01 |   2.41%| unknown
  4.8s|     1 |     0 |  2098 |     - |    85M |   0 | 371 |1164 |1046 |   0 |  0 | 128 |   0 | 8.331001e-01 | 8.531949e-01 |   2.41%| unknown
  4.9s|     1 |     0 |  2142 |     - |    85M |   0 | 371 |1149 |1001 |   4 |  1 | 128 |   0 | 8.331002e-01 | 8.531949e-01 |   2.41%| unknown
  4.9s|     1 |     0 |  2175 |     - |    85M |   0 | 371 |1110 |1004 |   7 |  2 | 130 |   0 | 8.331042e-01 | 8.531949e-01 |   2.41%| unknown
  5.0s|     1 |     0 |  2208 |     - |    86M |   0 | 371 |1099 |1005 |   8 |  3 | 130 |   0 | 8.331089e-01 | 8.531949e-01 |   2.41%| unknown
  5.0s|     1 |     0 |  2211 |     - |    86M |   0 | 371 |1105 |1007 |  10 |  4 | 137 |   0 | 8.331094e-01 | 8.531949e-01 |   2.41%| unknown
  5.1s|     1 |     0 |  2239 |     - |    88M |   0 | 371 |1111 |1011 |  14 |  5 | 143 |   0 | 8.331365e-01 | 8.531949e-01 |   2.41%| unknown
  5.1s|     1 |     0 |  2247 |     - |    88M |   0 | 371 |1115 |1013 |  16 |  6 | 149 |   0 | 8.331365e-01 | 8.531949e-01 |   2.41%| unknown
  5.1s|     1 |     0 |  2252 |     - |    89M |   0 | 371 |1121 |1015 |  18 |  7 | 159 |   0 | 8.331365e-01 | 8.531949e-01 |   2.41%| unknown
  5.2s|     1 |     0 |  2260 |     - |    91M |   0 | 371 |1122 |1017 |  20 |  8 | 160 |   0 | 8.331365e-01 | 8.531949e-01 |   2.41%| unknown
  5.3s|     1 |     0 |  2292 |     - |    93M |   0 | 371 |1127 |1019 |  22 |  9 | 170 |   0 | 8.331365e-01 | 8.531949e-01 |   2.41%| unknown
  5.4s|     1 |     0 |  2300 |     - |    96M |   0 | 371 |1129 |1021 |  24 | 10 | 177 |   0 | 8.331365e-01 | 8.531949e-01 |   2.41%| unknown
  5.4s|     1 |     0 |  2303 |     - |    96M |   0 | 371 |1137 |1022 |  25 | 11 | 185 |   0 | 8.331365e-01 | 8.531949e-01 |   2.41%| unknown
  5.4s|     1 |     0 |  2309 |     - |    96M |   0 | 371 |1137 |1023 |  26 | 12 | 186 |   0 | 8.331365e-01 | 8.531949e-01 |   2.41%| unknown
  5.4s|     1 |     0 |  2316 |     - |    96M |   0 | 371 |1139 |1025 |  28 | 13 | 188 |   0 | 8.331365e-01 | 8.531949e-01 |   2.41%| unknown
 time | node  | left  |LP iter|LP it/n|mem/heur|mdpt |vars |cons |rows |cuts |sepa|confs|strbr|  dualbound   | primalbound  |  gap   | compl. 
  5.4s|     1 |     0 |  2345 |     - |    96M |   0 | 371 |1141 |1026 |  29 | 14 | 190 |   0 | 8.331365e-01 | 8.531949e-01 |   2.41%| unknown
  5.4s|     1 |     0 |  2345 |     - |    96M |   0 | 371 |1111 |1026 |  29 | 14 | 197 |   0 | 8.331365e-01 | 8.531949e-01 |   2.41%| unknown
  5.5s|     1 |     0 |  2346 |     - |    96M |   0 | 371 |1111 | 994 |  30 | 15 | 197 |   0 | 8.331365e-01 | 8.531949e-01 |   2.41%| unknown
(run 2, node 1) restarting after 39 global fixings of integer variables

(restart) converted 16 cuts from the global cut pool into linear constraints

presolving:
(round 1, fast)       41 del vars, 16 del conss, 0 add conss, 0 chg bounds, 0 chg sides, 72 chg coeffs, 0 upgd conss, 0 impls, 1039 clqs, 0 implints
(round 2, exhaustive) 41 del vars, 16 del conss, 0 add conss, 0 chg bounds, 0 chg sides, 72 chg coeffs, 10 upgd conss, 0 impls, 1039 clqs, 0 implints
(round 3, exhaustive) 41 del vars, 18 del conss, 0 add conss, 0 chg bounds, 0 chg sides, 74 chg coeffs, 10 upgd conss, 0 impls, 1040 clqs, 0 implints
(round 4, exhaustive) 41 del vars, 22 del conss, 0 add conss, 0 chg bounds, 0 chg sides, 151 chg coeffs, 10 upgd conss, 0 impls, 1040 clqs, 0 implints
presolving (5 rounds: 5 fast, 4 medium, 4 exhaustive):
 41 deleted vars, 22 deleted constraints, 0 added constraints, 0 tightened bounds, 0 added holes, 0 changed sides, 152 changed coefficients
 0 implications, 1040 cliques, 0 implied integral variables (0 bin, 0 int, 0 cont)
presolved problem has 330 variables (329 bin, 0 int, 1 cont) and 1126 constraints
      8 constraints of type <knapsack>
     81 constraints of type <setppc>
    102 constraints of type <linear>
    935 constraints of type <logicor>
Presolving Time: 0.26
transformed 1/5 original solutions to the transformed problem space

 time | node  | left  |LP iter|LP it/n|mem/heur|mdpt |vars |cons |rows |cuts |sepa|confs|strbr|  dualbound   | primalbound  |  gap   | compl. 
  5.5s|     1 |     0 |  3075 |     - |    94M |   0 | 330 |1126 | 974 |   0 |  0 | 223 |   0 | 8.331365e-01 | 8.531949e-01 |   2.41%| unknown
  5.5s|     1 |     0 |  3075 |     - |    94M |   0 | 330 |1132 | 965 |   0 |  0 | 229 |   0 | 8.331365e-01 | 8.531949e-01 |   2.41%| unknown
  5.6s|     1 |     0 |  3105 |     - |    94M |   0 | 330 |1129 | 964 |   3 |  1 | 229 |   0 | 8.331365e-01 | 8.531949e-01 |   2.41%| unknown
  5.7s|     1 |     0 |  3131 |     - |    94M |   0 | 330 |1127 | 966 |   5 |  2 | 230 |   0 | 8.331365e-01 | 8.531949e-01 |   2.41%| unknown
  5.7s|     1 |     0 |  3152 |     - |    94M |   0 | 330 |1127 | 967 |   6 |  3 | 235 |   0 | 8.331373e-01 | 8.531949e-01 |   2.41%| unknown
  5.8s|     1 |     0 |  3162 |     - |    95M |   0 | 330 |1129 | 969 |   8 |  4 | 237 |   0 | 8.331375e-01 | 8.531949e-01 |   2.41%| unknown
  5.9s|     1 |     0 |  3173 |     - |    95M |   0 | 330 |1129 | 970 |   9 |  5 | 237 |   0 | 8.331379e-01 | 8.531949e-01 |   2.41%| unknown
  6.0s|     1 |     0 |  3181 |     - |    97M |   0 | 330 |1130 | 971 |  10 |  6 | 238 |   0 | 8.331381e-01 | 8.531949e-01 |   2.41%| unknown
  6.0s|     1 |     0 |  3192 |     - |    97M |   0 | 330 |1131 | 972 |  11 |  7 | 239 |   0 | 8.331386e-01 | 8.531949e-01 |   2.41%| unknown
  6.1s|     1 |     0 |  3195 |     - |    99M |   0 | 330 |1140 | 974 |  13 |  8 | 248 |   0 | 8.331386e-01 | 8.531949e-01 |   2.41%| unknown
  6.1s|     1 |     0 |  3208 |     - |    99M |   0 | 330 |1141 | 975 |  14 |  9 | 249 |   0 | 8.331389e-01 | 8.531949e-01 |   2.41%| unknown
  6.2s|     1 |     0 |  3225 |     - |    99M |   0 | 330 |1142 | 976 |  15 | 10 | 250 |   0 | 8.331399e-01 | 8.531949e-01 |   2.41%| unknown
  6.2s|     1 |     0 |  3230 |     - |    99M |   0 | 330 |1143 | 977 |  16 | 11 | 251 |   0 | 8.331399e-01 | 8.531949e-01 |   2.41%| unknown
  6.3s|     1 |     2 |  3626 |     - |    99M |   0 | 330 |1180 | 977 |  16 | 11 | 289 |  19 | 8.331534e-01 | 8.531949e-01 |   2.41%| unknown
* 6.5s|    12 |     7 |  3921 | 192.1 |strongbr|   9 | 330 |1193 | 933 |  16 |  2 | 319 | 136 | 8.331812e-01 | 8.523638e-01 |   2.30%|   0.41%

SCIP Status        : problem is solved [optimal solution found]
Solving Time (sec) : 7.36
Solving Nodes      : 91 (total of 93 nodes in 3 runs)
Primal Bound       : +8.52363758552124e-01 (10 solutions)
Dual Bound         : +8.52363758552124e-01
Gap                : 0.00 %
objective value:                    0.852363758552124
x_('12_5', '13_1')                                  1 	(obj:0.0248127589623491)
x_('11_17', '12_5')                                 1 	(obj:0.0196183401639344)
x_('10_31', '11_17')                                1 	(obj:0.0215539173940813)
x_('9_42', '10_31')                                 1 	(obj:0.0508928571428571)
x_('8_45', '9_42')                                  1 	(obj:0.0339334504293521)
x_('7_37', '8_45')                                  1 	(obj:0.0366201331967213)
x_('6_35', '7_37')                                  1 	(obj:0.0401785714285714)
x_('5_25', '6_35')                                  1 	(obj:0.0350936768149883)
x_('4_21', '5_25')                                  1 	(obj:0.0346747658079625)
x_('3_18', '4_21')                                  1 	(obj:0.0868702429742389)
x_('2_14', '3_18')                                  1 	(obj:0.0928717798594848)
x_('1_10', '2_14')                                  1 	(obj:0.132066744730679)
x_('0_1', '1_10')                                   1 	(obj:0.0267857142857143)
y_0_0                                               1 	(obj:0)
y_1_0                                               1 	(obj:0)
y_2_0                                               1 	(obj:0)
y_3_0                                               1 	(obj:0)
y_4_1                                               1 	(obj:0)
y_5_1                                               1 	(obj:0)
y_6_1                                               1 	(obj:0)
y_7_1                                               1 	(obj:0)
y_8_1                                               1 	(obj:0)
y_9_2                                               1 	(obj:0)
y_10_2                                              1 	(obj:0)
y_11_2                                              1 	(obj:0)
y_12_2                                              1 	(obj:0)
z_('3268741', '3425762')_1                          1 	(obj:0)
z_('3268741', '1966592X')_1                         1 	(obj:0)
z_('1966592X', '3452192')_0                         1 	(obj:0)
z_('3452192', '1353870')_0                          1 	(obj:0)
z_('3452192', '3520162')_0                          1 	(obj:0)
z_('3520162', '3307092')_1                          1 	(obj:0)
z_('3520162', '3524054')_0                          1 	(obj:0)
z_('3268740', '3524054')_1                          1 	(obj:0)
z_('3524054', '3179975')_1                          1 	(obj:0)
z_('3179975', '3422998')_2                          1 	(obj:0)
z_('3422998', '2495223X')_2                         1 	(obj:0)
z_('3422998', '1353870_01')_2                       1 	(obj:0)
z_('2495223X', '2245784X')_2                        1 	(obj:0)
alpha                                4.50072289156626 	(obj:0.0480791220820717)
  obj=0.852  alpha=747.1s  time=7.42s

k = 1
  Subgraph edges — edge_w: 13 (1.2%)  bal_w: 13 (1.2%)  combined: 26 (2.4%)  blended: 13 (1.2%)  blended_union: 37 (3.3%)  diverse: 13 (1.2%)
  [3a] Subgraph / edge_w   k=1 …
2026-07-01 18:28:56.264 | INFO     | pycaalp.time_balancing.model:run_mip:430 - Running MIP solver ...
      obj=0.854 (vs_full=+0.20%)  alpha=792.0s  build=0.001s solve=0.022s  vs_full=+6.01%
  [3b] Subgraph / bal_w    k=1 …
2026-07-01 18:28:56.287 | INFO     | pycaalp.time_balancing.model:run_mip:430 - Running MIP solver ...
      obj=1.084 (vs_full=+27.16%)  alpha=731.8s  build=0.001s solve=0.024s  vs_full=-2.05%
  [3c] Subgraph / combined k=1 …
2026-07-01 18:28:56.311 | INFO     | pycaalp.time_balancing.model:run_mip:430 - Running MIP solver ...
      obj=0.854 (vs_full=+0.20%)  alpha=792.0s  build=0.001s solve=0.174s  vs_full=+6.01%
  [3d] Subgraph / blended  k=1 …
2026-07-01 18:28:56.485 | INFO     | pycaalp.time_balancing.model:run_mip:430 - Running MIP solver ...
      obj=0.854 (vs_full=+0.20%)  alpha=758.6s  build=0.001s solve=0.020s  vs_full=+1.54%
  [3e] Subgraph / bl-union k=1 …
2026-07-01 18:28:56.505 | INFO     | pycaalp.time_balancing.model:run_mip:430 - Running MIP solver ...
      obj=0.854 (vs_full=+0.15%)  alpha=747.1s  build=0.010s solve=0.342s  vs_full=+0.00%
  [3f] Subgraph / diverse  k=1 …
2026-07-01 18:28:56.847 | INFO     | pycaalp.time_balancing.model:run_mip:430 - Running MIP solver ...
      obj=0.854 (vs_full=+0.20%)  alpha=758.6s  build=0.004s solve=0.018s  vs_full=+1.54%

k = 2
  Subgraph edges — edge_w: 15 (1.4%)  bal_w: 15 (1.4%)  combined: 30 (2.7%)  blended: 15 (1.4%)  blended_union: 42 (3.8%)  diverse: 26 (2.4%)
  [3a] Subgraph / edge_w   k=2 …
2026-07-01 18:28:56.908 | INFO     | pycaalp.time_balancing.model:run_mip:430 - Running MIP solver ...
      obj=0.853 (vs_full=+0.10%)  alpha=788.3s  build=0.003s solve=0.179s  vs_full=+5.52%
  [3b] Subgraph / bal_w    k=2 …
2026-07-01 18:28:57.087 | INFO     | pycaalp.time_balancing.model:run_mip:430 - Running MIP solver ...
      obj=1.077 (vs_full=+26.31%)  alpha=731.8s  build=0.004s solve=0.094s  vs_full=-2.05%
  [3c] Subgraph / combined k=2 …
2026-07-01 18:28:57.182 | INFO     | pycaalp.time_balancing.model:run_mip:430 - Running MIP solver ...
      obj=0.853 (vs_full=+0.10%)  alpha=788.3s  build=0.009s solve=0.075s  vs_full=+5.52%
  [3d] Subgraph / blended  k=2 …
2026-07-01 18:28:57.257 | INFO     | pycaalp.time_balancing.model:run_mip:430 - Running MIP solver ...
      obj=0.854 (vs_full=+0.20%)  alpha=758.6s  build=0.003s solve=0.057s  vs_full=+1.54%
  [3e] Subgraph / bl-union k=2 …
2026-07-01 18:28:57.314 | INFO     | pycaalp.time_balancing.model:run_mip:430 - Running MIP solver ...
      obj=0.853 (vs_full=+0.10%)  alpha=788.3s  build=0.019s solve=0.242s  vs_full=+5.52%
  [3f] Subgraph / diverse  k=2 …
2026-07-01 18:28:57.557 | INFO     | pycaalp.time_balancing.model:run_mip:430 - Running MIP solver ...
      obj=0.854 (vs_full=+0.20%)  alpha=758.6s  build=0.004s solve=0.100s  vs_full=+1.54%

k = 5
  Subgraph edges — edge_w: 21 (1.9%)  bal_w: 44 (4.0%)  combined: 65 (5.9%)  blended: 21 (1.9%)  blended_union: 60 (5.4%)  diverse: 65 (5.9%)
  [3a] Subgraph / edge_w   k=5 …
2026-07-01 18:28:57.789 | INFO     | pycaalp.time_balancing.model:run_mip:430 - Running MIP solver ...
      obj=0.853 (vs_full=+0.10%)  alpha=788.3s  build=0.011s solve=0.143s  vs_full=+5.52%
  [3b] Subgraph / bal_w    k=5 …
2026-07-01 18:28:57.932 | INFO     | pycaalp.time_balancing.model:run_mip:430 - Running MIP solver ...
      obj=1.077 (vs_full=+26.31%)  alpha=731.8s  build=0.016s solve=0.112s  vs_full=-2.05%
  [3c] Subgraph / combined k=5 …
2026-07-01 18:28:58.044 | INFO     | pycaalp.time_balancing.model:run_mip:430 - Running MIP solver ...
      obj=0.853 (vs_full=+0.10%)  alpha=788.3s  build=0.035s solve=0.328s  vs_full=+5.52%
  [3d] Subgraph / blended  k=5 …
2026-07-01 18:28:58.372 | INFO     | pycaalp.time_balancing.model:run_mip:430 - Running MIP solver ...
      obj=0.854 (vs_full=+0.20%)  alpha=758.6s  build=0.014s solve=0.094s  vs_full=+1.54%
  [3e] Subgraph / bl-union k=5 …
2026-07-01 18:28:58.466 | INFO     | pycaalp.time_balancing.model:run_mip:430 - Running MIP solver ...
      obj=0.853 (vs_full=+0.10%)  alpha=788.3s  build=0.046s solve=0.604s  vs_full=+5.52%
  [3f] Subgraph / diverse  k=5 …
2026-07-01 18:28:59.071 | INFO     | pycaalp.time_balancing.model:run_mip:430 - Running MIP solver ...
      obj=0.854 (vs_full=+0.20%)  alpha=758.6s  build=0.010s solve=0.495s  vs_full=+1.54%

k = 10
  Subgraph edges — edge_w: 24 (2.2%)  bal_w: 57 (5.2%)  combined: 81 (7.3%)  blended: 26 (2.4%)  blended_union: 75 (6.8%)  diverse: 126 (11.4%)
  [3a] Subgraph / edge_w   k=10 …
2026-07-01 18:28:59.835 | INFO     | pycaalp.time_balancing.model:run_mip:430 - Running MIP solver ...
      obj=0.853 (vs_full=+0.10%)  alpha=788.3s  build=0.023s solve=0.145s  vs_full=+5.52%
  [3b] Subgraph / bal_w    k=10 …
2026-07-01 18:28:59.981 | INFO     | pycaalp.time_balancing.model:run_mip:430 - Running MIP solver ...
      obj=1.075 (vs_full=+26.16%)  alpha=731.8s  build=0.029s solve=0.584s  vs_full=-2.05%
  [3c] Subgraph / combined k=10 …
2026-07-01 18:29:00.564 | INFO     | pycaalp.time_balancing.model:run_mip:430 - Running MIP solver ...
      obj=0.853 (vs_full=+0.10%)  alpha=788.3s  build=0.057s solve=0.457s  vs_full=+5.52%
  [3d] Subgraph / blended  k=10 …
2026-07-01 18:29:01.021 | INFO     | pycaalp.time_balancing.model:run_mip:430 - Running MIP solver ...
      obj=0.854 (vs_full=+0.20%)  alpha=758.6s  build=0.027s solve=0.144s  vs_full=+1.54%
  [3e] Subgraph / bl-union k=10 …
2026-07-01 18:29:01.166 | INFO     | pycaalp.time_balancing.model:run_mip:430 - Running MIP solver ...
      obj=0.853 (vs_full=+0.10%)  alpha=788.3s  build=0.124s solve=1.181s  vs_full=+5.52%
  [3f] Subgraph / diverse  k=10 …
2026-07-01 18:29:02.346 | INFO     | pycaalp.time_balancing.model:run_mip:430 - Running MIP solver ...
      obj=0.854 (vs_full=+0.20%)  alpha=758.6s  build=0.011s solve=1.286s  vs_full=+1.54%

k = 20
  Subgraph edges — edge_w: 35 (3.2%)  bal_w: 73 (6.6%)  combined: 107 (9.7%)  blended: 34 (3.1%)  blended_union: 93 (8.4%)  diverse: 239 (21.6%)
  [3a] Subgraph / edge_w   k=20 …
2026-07-01 18:29:04.174 | INFO     | pycaalp.time_balancing.model:run_mip:430 - Running MIP solver ...
      obj=0.853 (vs_full=+0.10%)  alpha=788.3s  build=0.065s solve=0.301s  vs_full=+5.52%
  [3b] Subgraph / bal_w    k=20 …
2026-07-01 18:29:04.475 | INFO     | pycaalp.time_balancing.model:run_mip:430 - Running MIP solver ...
      obj=1.004 (vs_full=+17.76%)  alpha=754.4s  build=0.074s solve=0.255s  vs_full=+0.98%
  [3c] Subgraph / combined k=20 …
2026-07-01 18:29:04.730 | INFO     | pycaalp.time_balancing.model:run_mip:430 - Running MIP solver ...
      obj=0.853 (vs_full=+0.10%)  alpha=788.3s  build=0.140s solve=0.763s  vs_full=+5.52%
  [3d] Subgraph / blended  k=20 …
2026-07-01 18:29:05.493 | INFO     | pycaalp.time_balancing.model:run_mip:430 - Running MIP solver ...
      obj=0.854 (vs_full=+0.20%)  alpha=758.6s  build=0.064s solve=0.288s  vs_full=+1.54%
  [3e] Subgraph / bl-union k=20 …
2026-07-01 18:29:05.782 | INFO     | pycaalp.time_balancing.model:run_mip:430 - Running MIP solver ...
      obj=0.853 (vs_full=+0.10%)  alpha=788.3s  build=0.179s solve=1.074s  vs_full=+5.52%
  [3f] Subgraph / diverse  k=20 …
2026-07-01 18:29:06.855 | INFO     | pycaalp.time_balancing.model:run_mip:430 - Running MIP solver ...
      obj=0.854 (vs_full=+0.20%)  alpha=758.6s  build=0.020s solve=1.556s  vs_full=+1.54%

k = 50
  Subgraph edges — edge_w: 54 (4.9%)  bal_w: 141 (12.8%)  combined: 190 (17.2%)  blended: 71 (6.4%)  blended_union: 146 (13.2%)  diverse: 513 (46.4%)
  [3a] Subgraph / edge_w   k=50 …
2026-07-01 18:29:10.205 | INFO     | pycaalp.time_balancing.model:run_mip:430 - Running MIP solver ...
      obj=0.853 (vs_full=+0.05%)  alpha=780.8s  build=0.182s solve=0.534s  vs_full=+4.51%
  [3b] Subgraph / bal_w    k=50 …
2026-07-01 18:29:10.739 | INFO     | pycaalp.time_balancing.model:run_mip:430 - Running MIP solver ...
      obj=1.003 (vs_full=+17.71%)  alpha=754.4s  build=0.297s solve=1.106s  vs_full=+0.98%
  [3c] Subgraph / combined k=50 …
2026-07-01 18:29:11.845 | INFO     | pycaalp.time_balancing.model:run_mip:430 - Running MIP solver ...
      obj=0.853 (vs_full=+0.05%)  alpha=780.8s  build=0.451s solve=0.812s  vs_full=+4.51%
  [3d] Subgraph / blended  k=50 …
2026-07-01 18:29:12.658 | INFO     | pycaalp.time_balancing.model:run_mip:430 - Running MIP solver ...
      obj=0.854 (vs_full=+0.20%)  alpha=758.6s  build=0.225s solve=0.842s  vs_full=+1.54%
  [3e] Subgraph / bl-union k=50 …
2026-07-01 18:29:13.500 | INFO     | pycaalp.time_balancing.model:run_mip:430 - Running MIP solver ...
      obj=0.853 (vs_full=+0.05%)  alpha=780.8s  build=0.582s solve=1.476s  vs_full=+4.51%
  [3f] Subgraph / diverse  k=50 …
2026-07-01 18:29:14.976 | INFO     | pycaalp.time_balancing.model:run_mip:430 - Running MIP solver ...
      obj=0.854 (vs_full=+0.20%)  alpha=758.6s  build=0.056s solve=2.638s  vs_full=+1.54%

k = 100
  Subgraph edges — edge_w: 78 (7.1%)  bal_w: 189 (17.1%)  combined: 257 (23.3%)  blended: 106 (9.6%)  blended_union: 190 (17.2%)  diverse: 745 (67.4%)
  [3a] Subgraph / edge_w   k=100 …
2026-07-01 18:29:20.876 | INFO     | pycaalp.time_balancing.model:run_mip:430 - Running MIP solver ...
      obj=0.853 (vs_full=+0.05%)  alpha=780.8s  build=0.314s solve=0.709s  vs_full=+4.51%
  [3b] Subgraph / bal_w    k=100 …
2026-07-01 18:29:21.585 | INFO     | pycaalp.time_balancing.model:run_mip:430 - Running MIP solver ...
      obj=0.998 (vs_full=+17.06%)  alpha=814.2s  build=0.490s solve=2.064s  vs_full=+8.98%
  [3c] Subgraph / combined k=100 …
2026-07-01 18:29:23.650 | INFO     | pycaalp.time_balancing.model:run_mip:430 - Running MIP solver ...
      obj=0.853 (vs_full=+0.05%)  alpha=780.8s  build=0.797s solve=2.082s  vs_full=+4.51%
  [3d] Subgraph / blended  k=100 …
2026-07-01 18:29:25.732 | INFO     | pycaalp.time_balancing.model:run_mip:430 - Running MIP solver ...
      obj=0.854 (vs_full=+0.20%)  alpha=758.6s  build=0.446s solve=1.322s  vs_full=+1.54%
  [3e] Subgraph / bl-union k=100 …
2026-07-01 18:29:27.054 | INFO     | pycaalp.time_balancing.model:run_mip:430 - Running MIP solver ...
      obj=0.853 (vs_full=+0.05%)  alpha=780.8s  build=1.135s solve=1.503s  vs_full=+4.51%
  [3f] Subgraph / diverse  k=100 …
2026-07-01 18:29:28.557 | INFO     | pycaalp.time_balancing.model:run_mip:430 - Running MIP solver ...
      obj=0.854 (vs_full=+0.18%)  alpha=780.8s  build=0.079s solve=8.490s  vs_full=+4.51%

k = 200
  Subgraph edges — edge_w: 95 (8.6%)  bal_w: 258 (23.3%)  combined: 339 (30.7%)  blended: 143 (12.9%)  blended_union: 203 (18.4%)  diverse: 910 (82.4%)
  [3a] Subgraph / edge_w   k=200 …
2026-07-01 18:29:42.965 | INFO     | pycaalp.time_balancing.model:run_mip:430 - Running MIP solver ...
      obj=0.853 (vs_full=+0.05%)  alpha=780.8s  build=0.715s solve=0.649s  vs_full=+4.51%
  [3b] Subgraph / bal_w    k=200 …
2026-07-01 18:29:43.614 | INFO     | pycaalp.time_balancing.model:run_mip:430 - Running MIP solver ...
      obj=0.984 (vs_full=+15.42%)  alpha=747.1s  build=0.790s solve=2.167s  vs_full=+0.00%
  [3c] Subgraph / combined k=200 …
2026-07-01 18:29:45.782 | INFO     | pycaalp.time_balancing.model:run_mip:430 - Running MIP solver ...
      obj=0.853 (vs_full=+0.05%)  alpha=780.8s  build=1.447s solve=1.842s  vs_full=+4.51%
  [3d] Subgraph / blended  k=200 …
2026-07-01 18:29:47.624 | INFO     | pycaalp.time_balancing.model:run_mip:430 - Running MIP solver ...
      obj=0.854 (vs_full=+0.20%)  alpha=758.6s  build=0.710s solve=0.939s  vs_full=+1.54%
  [3e] Subgraph / bl-union k=200 …
2026-07-01 18:29:48.563 | INFO     | pycaalp.time_balancing.model:run_mip:430 - Running MIP solver ...
      obj=0.853 (vs_full=+0.05%)  alpha=780.8s  build=2.082s solve=1.403s  vs_full=+4.51%
  [3f] Subgraph / diverse  k=200 …
2026-07-01 18:29:49.966 | INFO     | pycaalp.time_balancing.model:run_mip:430 - Running MIP solver ...
      obj=0.854 (vs_full=+0.18%)  alpha=780.8s  build=0.174s solve=9.627s  vs_full=+4.51%

k = 500
  Subgraph edges — edge_w: 108 (9.8%)  bal_w: 399 (36.1%)  combined: 459 (41.5%)  blended: 164 (14.8%)  blended_union: 247 (22.4%)  diverse: 1047 (94.8%)
  [3a] Subgraph / edge_w   k=500 …
2026-07-01 18:30:15.050 | INFO     | pycaalp.time_balancing.model:run_mip:430 - Running MIP solver ...
      obj=0.853 (vs_full=+0.05%)  alpha=780.8s  build=1.659s solve=0.591s  vs_full=+4.51%
  [3b] Subgraph / bal_w    k=500 …
2026-07-01 18:30:15.641 | INFO     | pycaalp.time_balancing.model:run_mip:430 - Running MIP solver ...
      obj=0.977 (vs_full=+14.62%)  alpha=758.6s  build=1.967s solve=2.722s  vs_full=+1.54%
  [3c] Subgraph / combined k=500 …
2026-07-01 18:30:18.363 | INFO     | pycaalp.time_balancing.model:run_mip:430 - Running MIP solver ...
      obj=0.853 (vs_full=+0.05%)  alpha=780.8s  build=3.829s solve=3.697s  vs_full=+4.51%
  [3d] Subgraph / blended  k=500 …
2026-07-01 18:30:22.060 | INFO     | pycaalp.time_balancing.model:run_mip:430 - Running MIP solver ...
      obj=0.854 (vs_full=+0.20%)  alpha=758.6s  build=2.048s solve=0.505s  vs_full=+1.54%
  [3e] Subgraph / bl-union k=500 …
2026-07-01 18:30:22.566 | INFO     | pycaalp.time_balancing.model:run_mip:430 - Running MIP solver ...
      obj=0.853 (vs_full=+0.05%)  alpha=780.8s  build=5.463s solve=2.241s  vs_full=+4.51%
  [3f] Subgraph / diverse  k=500 …
2026-07-01 18:30:24.807 | INFO     | pycaalp.time_balancing.model:run_mip:430 - Running MIP solver ...
      obj=0.853 (vs_full=+0.07%)  alpha=747.1s  build=0.490s solve=15.272s  vs_full=+0.00%

k = 1000
  Subgraph edges — edge_w: 142 (12.9%)  bal_w: 500 (45.2%)  combined: 578 (52.3%)  blended: 172 (15.6%)  blended_union: 284 (25.7%)  diverse: 1099 (99.5%)
  [3a] Subgraph / edge_w   k=1000 …
2026-07-01 18:31:11.183 | INFO     | pycaalp.time_balancing.model:run_mip:430 - Running MIP solver ...
      obj=0.852 (vs_full=-0.00%)  alpha=747.1s  build=3.233s solve=1.655s  vs_full=+0.00%
  [3b] Subgraph / bal_w    k=1000 …
2026-07-01 18:31:12.838 | INFO     | pycaalp.time_balancing.model:run_mip:430 - Running MIP solver ...
      obj=0.974 (vs_full=+14.31%)  alpha=747.1s  build=3.768s solve=6.032s  vs_full=+0.00%
  [3c] Subgraph / combined k=1000 …
2026-07-01 18:31:18.871 | INFO     | pycaalp.time_balancing.model:run_mip:430 - Running MIP solver ...
      obj=0.852 (vs_full=+0.00%)  alpha=747.1s  build=7.122s solve=3.882s  vs_full=+0.00%
  [3d] Subgraph / blended  k=1000 …
2026-07-01 18:31:22.753 | INFO     | pycaalp.time_balancing.model:run_mip:430 - Running MIP solver ...
      obj=0.854 (vs_full=+0.20%)  alpha=758.6s  build=4.397s solve=0.836s  vs_full=+1.54%
  [3e] Subgraph / bl-union k=1000 …
2026-07-01 18:31:23.589 | INFO     | pycaalp.time_balancing.model:run_mip:430 - Running MIP solver ...
      obj=0.852 (vs_full=-0.00%)  alpha=747.1s  build=11.522s solve=2.899s  vs_full=+0.00%
  [3f] Subgraph / diverse  k=1000 …
2026-07-01 18:31:26.487 | INFO     | pycaalp.time_balancing.model:run_mip:430 - Running MIP solver ...
      obj=0.852 (vs_full=+0.00%)  alpha=747.1s  build=1.061s solve=13.397s  vs_full=+0.00%

k = 2000
  Subgraph edges — edge_w: 185 (16.7%)  bal_w: 630 (57.0%)  combined: 685 (62.0%)  blended: 202 (18.3%)  blended_union: 335 (30.3%)  diverse: 1105 (100.0%)
  [3a] Subgraph / edge_w   k=2000 …
2026-07-01 18:32:49.551 | INFO     | pycaalp.time_balancing.model:run_mip:430 - Running MIP solver ...
      obj=0.852 (vs_full=+0.00%)  alpha=747.1s  build=8.082s solve=1.666s  vs_full=+0.00%
  [3b] Subgraph / bal_w    k=2000 …
2026-07-01 18:32:51.217 | INFO     | pycaalp.time_balancing.model:run_mip:430 - Running MIP solver ...
      obj=0.972 (vs_full=+14.08%)  alpha=747.1s  build=7.861s solve=4.819s  vs_full=+0.00%
  [3c] Subgraph / combined k=2000 …
2026-07-01 18:32:56.036 | INFO     | pycaalp.time_balancing.model:run_mip:430 - Running MIP solver ...
      obj=0.852 (vs_full=+0.00%)  alpha=747.1s  build=16.030s solve=4.023s  vs_full=+0.00%
  [3d] Subgraph / blended  k=2000 …
2026-07-01 18:33:00.060 | INFO     | pycaalp.time_balancing.model:run_mip:430 - Running MIP solver ...
      obj=0.854 (vs_full=+0.20%)  alpha=758.6s  build=9.715s solve=0.834s  vs_full=+1.54%
  [3e] Subgraph / bl-union k=2000 …
2026-07-01 18:33:00.893 | INFO     | pycaalp.time_balancing.model:run_mip:430 - Running MIP solver ...
      obj=0.852 (vs_full=+0.00%)  alpha=747.1s  build=25.943s solve=3.833s  vs_full=+0.00%
  [3f] Subgraph / diverse  k=2000 …
2026-07-01 18:33:04.726 | INFO     | pycaalp.time_balancing.model:run_mip:430 - Running MIP solver ...
      obj=0.852 (vs_full=+0.00%)  alpha=747.1s  build=2.034s solve=8.607s  vs_full=+0.00%

k = 5000
  Subgraph edges — edge_w: 232 (21.0%)  bal_w: 799 (72.3%)  combined: 830 (75.1%)  blended: 232 (21.0%)  blended_union: 355 (32.1%)  diverse: 1105 (100.0%)
  [3a] Subgraph / edge_w   k=5000 …
2026-07-01 18:37:24.392 | INFO     | pycaalp.time_balancing.model:run_mip:430 - Running MIP solver ...
      obj=0.852 (vs_full=-0.00%)  alpha=747.1s  build=30.087s solve=2.222s  vs_full=+0.00%
  [3b] Subgraph / bal_w    k=5000 …
2026-07-01 18:37:26.614 | INFO     | pycaalp.time_balancing.model:run_mip:430 - Running MIP solver ...
      obj=0.971 (vs_full=+13.92%)  alpha=747.1s  build=26.339s solve=8.642s  vs_full=+0.00%
  [3c] Subgraph / combined k=5000 …
2026-07-01 18:37:35.256 | INFO     | pycaalp.time_balancing.model:run_mip:430 - Running MIP solver ...
      obj=0.852 (vs_full=+0.00%)  alpha=747.1s  build=58.391s solve=8.633s  vs_full=+0.00%
  [3d] Subgraph / blended  k=5000 …
2026-07-01 18:37:43.889 | INFO     | pycaalp.time_balancing.model:run_mip:430 - Running MIP solver ...
      obj=0.854 (vs_full=+0.20%)  alpha=758.6s  build=35.861s solve=1.147s  vs_full=+1.54%
  [3e] Subgraph / bl-union k=5000 …
2026-07-01 18:37:45.036 | INFO     | pycaalp.time_balancing.model:run_mip:430 - Running MIP solver ...
      obj=0.852 (vs_full=-0.00%)  alpha=747.1s  build=95.101s solve=4.401s  vs_full=+0.00%
  [3f] Subgraph / diverse  k=5000 …
2026-07-01 18:37:49.437 | INFO     | pycaalp.time_balancing.model:run_mip:430 - Running MIP solver ...
      obj=0.852 (vs_full=+0.00%)  alpha=747.1s  build=5.280s solve=8.483s  vs_full=+0.00%

Results saved to experiments/strategy_comparison/assembly_1_np_3/strategy_comparison_lambda_0.25.csv
Plot with:  python -m experiments.strategy_comparison.plot_k_sensitivity

============================================================================================================================
SUMMARY — assembly_1  P=3  λ=0.25
============================================================================================================================
Strategy       Weight                      k   Build    Solve    Total  Spdup       Obj   ObjvsF     Alpha    AlvsF   Edges  %Grph
----------------------------------------------------------------------------------------------------------------------------
full_mip       —                               0.000    7.419    7.419   1.0x     0.852    +0.00    747.12    +0.00    1105  100.0
subgraph_mip   edge_weight                 1   0.001    0.022    0.024 313.6x     0.854    +0.20    792.00    +6.01      13    1.2
subgraph_mip   time_balanced_weight        1   0.001    0.024    0.025 298.2x     1.084   +27.16    731.84    -2.05      13    1.2
subgraph_mip   combined                    1   0.001    0.174    0.175  42.3x     0.854    +0.20    792.00    +6.01      26    2.4
subgraph_mip   blended                     1   0.001    0.020    0.020 365.0x     0.854    +0.20    758.63    +1.54      13    1.2
subgraph_mip   blended_union               1   0.010    0.342    0.351  21.1x     0.854    +0.15    747.12    +0.00      37    3.4
subgraph_mip   diverse                     1   0.004    0.018    0.023 327.4x     0.854    +0.20    758.63    +1.54      13    1.2
subgraph_mip   edge_weight                 2   0.003    0.179    0.183  40.6x     0.853    +0.10    788.33    +5.52      15    1.4
subgraph_mip   time_balanced_weight        2   0.004    0.094    0.099  75.3x     1.077   +26.31    731.84    -2.05      15    1.4
subgraph_mip   combined                    2   0.009    0.075    0.084  88.7x     0.853    +0.10    788.33    +5.52      30    2.7
subgraph_mip   blended                     2   0.003    0.057    0.060 122.8x     0.854    +0.20    758.63    +1.54      15    1.4
subgraph_mip   blended_union               2   0.019    0.242    0.262  28.3x     0.853    +0.10    788.33    +5.52      42    3.8
subgraph_mip   diverse                     2   0.004    0.100    0.103  71.8x     0.854    +0.20    758.63    +1.54      26    2.4
subgraph_mip   edge_weight                 5   0.011    0.143    0.154  48.1x     0.853    +0.10    788.33    +5.52      21    1.9
subgraph_mip   time_balanced_weight        5   0.016    0.112    0.128  58.1x     1.077   +26.31    731.84    -2.05      44    4.0
subgraph_mip   combined                    5   0.035    0.328    0.363  20.4x     0.853    +0.10    788.33    +5.52      65    5.9
subgraph_mip   blended                     5   0.014    0.094    0.108  68.9x     0.854    +0.20    758.63    +1.54      21    1.9
subgraph_mip   blended_union               5   0.046    0.604    0.650  11.4x     0.853    +0.10    788.33    +5.52      60    5.4
subgraph_mip   diverse                     5   0.010    0.495    0.505  14.7x     0.854    +0.20    758.63    +1.54      65    5.9
subgraph_mip   edge_weight                10   0.023    0.145    0.168  44.3x     0.853    +0.10    788.33    +5.52      24    2.2
subgraph_mip   time_balanced_weight       10   0.029    0.584    0.613  12.1x     1.075   +26.16    731.84    -2.05      57    5.2
subgraph_mip   combined                   10   0.057    0.457    0.515  14.4x     0.853    +0.10    788.33    +5.52      81    7.3
subgraph_mip   blended                    10   0.027    0.144    0.171  43.5x     0.854    +0.20    758.63    +1.54      26    2.4
subgraph_mip   blended_union              10   0.124    1.181    1.304   5.7x     0.853    +0.10    788.33    +5.52      75    6.8
subgraph_mip   diverse                    10   0.011    1.286    1.297   5.7x     0.854    +0.20    758.63    +1.54     126   11.4
subgraph_mip   edge_weight                20   0.065    0.301    0.366  20.3x     0.853    +0.10    788.33    +5.52      35    3.2
subgraph_mip   time_balanced_weight       20   0.074    0.255    0.328  22.6x     1.004   +17.76    754.42    +0.98      73    6.6
subgraph_mip   combined                   20   0.140    0.763    0.903   8.2x     0.853    +0.10    788.33    +5.52     107    9.7
subgraph_mip   blended                    20   0.064    0.288    0.353  21.0x     0.854    +0.20    758.63    +1.54      34    3.1
subgraph_mip   blended_union              20   0.179    1.074    1.252   5.9x     0.853    +0.10    788.33    +5.52      93    8.4
subgraph_mip   diverse                    20   0.020    1.556    1.577   4.7x     0.854    +0.20    758.63    +1.54     239   21.6
subgraph_mip   edge_weight                50   0.182    0.534    0.716  10.4x     0.853    +0.05    780.81    +4.51      54    4.9
subgraph_mip   time_balanced_weight       50   0.297    1.106    1.403   5.3x     1.003   +17.71    754.42    +0.98     141   12.8
subgraph_mip   combined                   50   0.451    0.812    1.263   5.9x     0.853    +0.05    780.81    +4.51     190   17.2
subgraph_mip   blended                    50   0.225    0.842    1.068   7.0x     0.854    +0.20    758.63    +1.54      71    6.4
subgraph_mip   blended_union              50   0.582    1.476    2.058   3.6x     0.853    +0.05    780.81    +4.51     146   13.2
subgraph_mip   diverse                    50   0.056    2.638    2.694   2.8x     0.854    +0.20    758.63    +1.54     513   46.4
subgraph_mip   edge_weight               100   0.314    0.709    1.023   7.2x     0.853    +0.05    780.81    +4.51      78    7.1
subgraph_mip   time_balanced_weight      100   0.490    2.064    2.554   2.9x     0.998   +17.06    814.18    +8.98     189   17.1
subgraph_mip   combined                  100   0.797    2.082    2.879   2.6x     0.853    +0.05    780.81    +4.51     257   23.3
subgraph_mip   blended                   100   0.446    1.322    1.768   4.2x     0.854    +0.20    758.63    +1.54     106    9.6
subgraph_mip   blended_union             100   1.135    1.503    2.638   2.8x     0.853    +0.05    780.81    +4.51     190   17.2
subgraph_mip   diverse                   100   0.079    8.490    8.569   0.9x     0.854    +0.18    780.81    +4.51     745   67.4
subgraph_mip   edge_weight               200   0.715    0.649    1.363   5.4x     0.853    +0.05    780.81    +4.51      95    8.6
subgraph_mip   time_balanced_weight      200   0.790    2.167    2.957   2.5x     0.984   +15.42    747.12    +0.00     258   23.4
subgraph_mip   combined                  200   1.447    1.842    3.289   2.3x     0.853    +0.05    780.81    +4.51     339   30.7
subgraph_mip   blended                   200   0.710    0.939    1.649   4.5x     0.854    +0.20    758.63    +1.54     143   12.9
subgraph_mip   blended_union             200   2.082    1.403    3.485   2.1x     0.853    +0.05    780.81    +4.51     203   18.4
subgraph_mip   diverse                   200   0.174    9.627    9.801   0.8x     0.854    +0.18    780.81    +4.51     910   82.3
subgraph_mip   edge_weight               500   1.659    0.591    2.250   3.3x     0.853    +0.05    780.81    +4.51     108    9.8
subgraph_mip   time_balanced_weight      500   1.967    2.722    4.689   1.6x     0.977   +14.62    758.63    +1.54     399   36.1
subgraph_mip   combined                  500   3.829    3.697    7.526   1.0x     0.853    +0.05    780.81    +4.51     459   41.5
subgraph_mip   blended                   500   2.048    0.505    2.553   2.9x     0.854    +0.20    758.63    +1.54     164   14.8
subgraph_mip   blended_union             500   5.463    2.241    7.705   1.0x     0.853    +0.05    780.81    +4.51     247   22.4
subgraph_mip   diverse                   500   0.490   15.272   15.763   0.5x     0.853    +0.07    747.12    +0.00    1047   94.8
subgraph_mip   edge_weight              1000   3.233    1.655    4.888   1.5x     0.852    -0.00    747.12    +0.00     142   12.8
subgraph_mip   time_balanced_weight     1000   3.768    6.032    9.801   0.8x     0.974   +14.31    747.12    +0.00     500   45.2
subgraph_mip   combined                 1000   7.122    3.882   11.004   0.7x     0.852    +0.00    747.12    +0.00     578   52.3
subgraph_mip   blended                  1000   4.397    0.836    5.233   1.4x     0.854    +0.20    758.63    +1.54     172   15.6
subgraph_mip   blended_union            1000  11.522    2.899   14.421   0.5x     0.852    -0.00    747.12    +0.00     284   25.7
subgraph_mip   diverse                  1000   1.061   13.397   14.458   0.5x     0.852    +0.00    747.12    +0.00    1099   99.5
subgraph_mip   edge_weight              2000   8.082    1.666    9.749   0.8x     0.852    +0.00    747.12    +0.00     185   16.7
subgraph_mip   time_balanced_weight     2000   7.861    4.819   12.680   0.6x     0.972   +14.08    747.12    +0.00     630   57.0
subgraph_mip   combined                 2000  16.030    4.023   20.053   0.4x     0.852    +0.00    747.12    +0.00     685   62.0
subgraph_mip   blended                  2000   9.715    0.834   10.549   0.7x     0.854    +0.20    758.63    +1.54     202   18.3
subgraph_mip   blended_union            2000  25.943    3.833   29.776   0.2x     0.852    +0.00    747.12    +0.00     335   30.3
subgraph_mip   diverse                  2000   2.034    8.607   10.641   0.7x     0.852    +0.00    747.12    +0.00    1105  100.0
subgraph_mip   edge_weight              5000  30.087    2.222   32.309   0.2x     0.852    -0.00    747.12    +0.00     232   21.0
subgraph_mip   time_balanced_weight     5000  26.339    8.642   34.981   0.2x     0.971   +13.92    747.12    +0.00     799   72.3
subgraph_mip   combined                 5000  58.391    8.633   67.024   0.1x     0.852    +0.00    747.12    +0.00     830   75.1
subgraph_mip   blended                  5000  35.861    1.147   37.007   0.2x     0.854    +0.20    758.63    +1.54     232   21.0
subgraph_mip   blended_union            5000  95.101    4.401   99.501   0.1x     0.852    -0.00    747.12    +0.00     355   32.1
subgraph_mip   diverse                  5000   5.280    8.483   13.763   0.5x     0.852    +0.00    747.12    +0.00    1105  100.0
============================================================================================================================

----------------- λ = 0.3 -----------------
========================================================================
Strategy Comparison Experiment — assembly_1  P=3  λ=0.3
========================================================================

Building assembly digraph …
2026-07-01 18:28:48.524 | INFO     | pycaalp.gapp.assembly_digraph:compute_assembly_digraph_complete:395 - Computing assembly digraph...
  343 nodes, 1105 edges  (0.4s)

[1] Full MIP  P=3  λ=0.3
2026-07-01 18:28:48.879 | INFO     | pycaalp.time_balancing.model:run_mip:430 - Running MIP solver ...
presolving:
(round 1, fast)       2 del vars, 2 del conss, 0 add conss, 0 chg bounds, 0 chg sides, 0 chg coeffs, 0 upgd conss, 0 impls, 69 clqs, 0 implints
(round 2, exhaustive) 2 del vars, 2 del conss, 0 add conss, 1 chg bounds, 0 chg sides, 0 chg coeffs, 3408 upgd conss, 0 impls, 69 clqs, 0 implints
   (0.2s) probing: 1000/1181 (84.7%) - 0 fixings, 0 aggregations, 131997 implications, 0 bound changes
   (0.2s) probing: 1001/1181 (84.8%) - 0 fixings, 0 aggregations, 132060 implications, 0 bound changes
   (0.2s) probing aborted: 1000/1000 successive useless probings
   (0.2s) symmetry computation started: requiring (bin +, int +, cont +), (fixed: bin -, int -, cont -)
   (0.3s) no symmetry present (symcode time: 0.00)
presolving (3 rounds: 3 fast, 2 medium, 2 exhaustive):
 2 deleted vars, 2 deleted constraints, 0 added constraints, 1 tightened bounds, 0 added holes, 0 changed sides, 0 changed coefficients
 0 implications, 12312 cliques, 0 implied integral variables (0 bin, 0 int, 0 cont)
presolved problem has 1182 variables (1181 bin, 0 int, 1 cont) and 3721 constraints
     69 constraints of type <setppc>
    313 constraints of type <linear>
   3339 constraints of type <logicor>
Presolving Time: 0.25

 time | node  | left  |LP iter|LP it/n|mem/heur|mdpt |vars |cons |rows |cuts |sepa|confs|strbr|  dualbound   | primalbound  |  gap   | compl. 
p 0.3s|     1 |     0 |     0 |     - | vbounds|   0 |1182 |3752 |3721 |   0 |  0 |  30 |   0 | 0.000000e+00 | 1.570397e+00 |    Inf | unknown
p 0.3s|     1 |     0 |    89 |     - | vbounds|   0 |1182 |3764 |3721 |   0 |  0 |  42 |   0 | 0.000000e+00 | 1.209115e+00 |    Inf | unknown
  0.3s|     1 |     0 |   381 |     - |    29M |   0 |1182 |3764 |3721 |   0 |  0 |  42 |   0 | 8.329273e-01 | 1.209115e+00 |  45.16%| unknown
  0.6s|     1 |     0 |   440 |     - |    31M |   0 |1182 |3765 |3724 |   3 |  1 |  43 |   0 | 8.329408e-01 | 1.209115e+00 |  45.16%| unknown
  0.9s|     1 |     0 |   470 |     - |    36M |   0 |1182 |3775 |3727 |   6 |  2 |  53 |   0 | 8.329572e-01 | 1.209115e+00 |  45.16%| unknown
  1.2s|     1 |     0 |   503 |     - |    43M |   0 |1182 |3776 |3728 |   7 |  3 |  54 |   0 | 8.330886e-01 | 1.209115e+00 |  45.14%| unknown
  1.4s|     1 |     0 |   510 |     - |    50M |   0 |1182 |3777 |3731 |  10 |  4 |  55 |   0 | 8.330886e-01 | 1.209115e+00 |  45.14%| unknown
r 1.4s|     1 |     0 |   510 |     - |shifting|   0 |1182 |3777 |3731 |  10 |  4 |  55 |   0 | 8.330886e-01 | 8.934007e-01 |   7.24%| unknown
  1.6s|     1 |     0 |   521 |     - |    57M |   0 |1182 |3777 |3732 |  11 |  5 |  55 |   0 | 8.330886e-01 | 8.934007e-01 |   7.24%| unknown
  1.6s|     1 |     0 |   521 |     - |    57M |   0 |1182 |3782 |3447 |  11 |  5 |  64 |   0 | 8.330886e-01 | 8.934007e-01 |   7.24%| unknown
  1.9s|     1 |     0 |   533 |     - |    66M |   0 |1182 |3642 |3434 |  12 |  6 |  64 |   0 | 8.330886e-01 | 8.934007e-01 |   7.24%| unknown
  2.3s|     1 |     0 |   536 |     - |    70M |   0 |1182 |3606 |3435 |  13 |  7 |  66 |   0 | 8.330886e-01 | 8.934007e-01 |   7.24%| unknown
  2.7s|     1 |     0 |   552 |     - |    73M |   0 |1182 |3560 |3437 |  15 |  8 |  66 |   0 | 8.330886e-01 | 8.934007e-01 |   7.24%| unknown
  3.2s|     1 |     0 |   554 |     - |    81M |   0 |1182 |3556 |3438 |  16 |  9 |  76 |   0 | 8.330886e-01 | 8.934007e-01 |   7.24%| unknown
  3.5s|     1 |     0 |   566 |     - |    86M |   0 |1182 |3550 |3440 |  18 | 10 |  77 |   0 | 8.330886e-01 | 8.934007e-01 |   7.24%| unknown
 time | node  | left  |LP iter|LP it/n|mem/heur|mdpt |vars |cons |rows |cuts |sepa|confs|strbr|  dualbound   | primalbound  |  gap   | compl. 
  3.6s|     1 |     0 |   574 |     - |    87M |   0 |1182 |3551 |3441 |  19 | 11 |  79 |   0 | 8.330886e-01 | 8.934007e-01 |   7.24%| unknown
  3.6s|     1 |     0 |   578 |     - |    87M |   0 |1182 |3549 |3444 |  22 | 12 |  80 |   0 | 8.330886e-01 | 8.934007e-01 |   7.24%| unknown
  3.6s|     1 |     0 |   579 |     - |    87M |   0 |1182 |3551 |3445 |  23 | 13 |  87 |   0 | 8.330886e-01 | 8.934007e-01 |   7.24%| unknown
  3.6s|     1 |     0 |   581 |     - |    88M |   0 |1182 |3543 |3446 |  24 | 14 |  97 |   0 | 8.330886e-01 | 8.934007e-01 |   7.24%| unknown
  3.6s|     1 |     0 |   581 |     - |    88M |   0 |1182 |3494 |3446 |  24 | 15 | 107 |   0 | 8.330886e-01 | 8.934007e-01 |   7.24%| unknown
d 3.7s|     1 |     0 |   884 |     - |farkasdi|   0 |1182 |3493 |3446 |   0 | 16 | 107 |   0 | 8.330886e-01 | 8.713040e-01 |   4.59%| unknown
o 3.7s|     1 |     0 |  1150 |     - |feaspump|   0 |1182 |3493 |3446 |  24 | 16 | 107 |   0 | 8.330886e-01 | 8.703088e-01 |   4.47%| unknown
(run 1, node 1) restarting after 321 global fixings of integer variables

(restart) converted 22 cuts from the global cut pool into linear constraints

presolving:
(round 1, fast)       325 del vars, 708 del conss, 0 add conss, 0 chg bounds, 0 chg sides, 166 chg coeffs, 0 upgd conss, 0 impls, 7493 clqs, 0 implints
(round 2, exhaustive) 325 del vars, 708 del conss, 0 add conss, 0 chg bounds, 0 chg sides, 166 chg coeffs, 48 upgd conss, 0 impls, 7493 clqs, 0 implints
(round 3, exhaustive) 325 del vars, 710 del conss, 0 add conss, 0 chg bounds, 0 chg sides, 294 chg coeffs, 48 upgd conss, 0 impls, 7493 clqs, 0 implints
(round 4, exhaustive) 325 del vars, 710 del conss, 0 add conss, 0 chg bounds, 0 chg sides, 320 chg coeffs, 48 upgd conss, 0 impls, 7493 clqs, 0 implints
presolving (5 rounds: 5 fast, 4 medium, 4 exhaustive):
 325 deleted vars, 710 deleted constraints, 0 added constraints, 0 tightened bounds, 0 added holes, 0 changed sides, 320 changed coefficients
 0 implications, 7493 cliques, 0 implied integral variables (0 bin, 0 int, 0 cont)
presolved problem has 857 variables (856 bin, 0 int, 1 cont) and 2819 constraints
    120 constraints of type <setppc>
    230 constraints of type <linear>
   2469 constraints of type <logicor>
Presolving Time: 0.27
transformed 4/5 original solutions to the transformed problem space

 time | node  | left  |LP iter|LP it/n|mem/heur|mdpt |vars |cons |rows |cuts |sepa|confs|strbr|  dualbound   | primalbound  |  gap   | compl. 
  3.9s|     1 |     0 |  1715 |     - |    86M |   0 | 857 |2819 |2716 |   0 |  0 | 128 |   0 | 8.330886e-01 | 8.703088e-01 |   4.47%| unknown
  3.9s|     1 |     0 |  1715 |     - |    86M |   0 | 857 |2821 |2328 |   0 |  0 | 130 |   0 | 8.330886e-01 | 8.703088e-01 |   4.47%| unknown
  4.0s|     1 |     0 |  1729 |     - |    86M |   0 | 857 |2717 |2239 |   4 |  1 | 130 |   0 | 8.330886e-01 | 8.703088e-01 |   4.47%| unknown
  4.2s|     1 |     0 |  1736 |     - |    89M |   0 | 857 |2662 |2242 |   7 |  2 | 132 |   0 | 8.330886e-01 | 8.703088e-01 |   4.47%| unknown
  4.4s|     1 |     0 |  1745 |     - |    89M |   0 | 857 |2636 |2244 |   9 |  3 | 133 |   0 | 8.330886e-01 | 8.703088e-01 |   4.47%| unknown
  4.6s|     1 |     0 |  1751 |     - |    89M |   0 | 857 |2523 |2247 |  12 |  4 | 143 |   0 | 8.330886e-01 | 8.703088e-01 |   4.47%| unknown
  4.8s|     1 |     0 |  1768 |     - |    90M |   0 | 857 |2499 |2249 |  14 |  5 | 151 |   0 | 8.330886e-01 | 8.703088e-01 |   4.47%| unknown
  5.0s|     1 |     0 |  1774 |     - |    93M |   0 | 857 |2471 |2251 |  16 |  6 | 153 |   0 | 8.330886e-01 | 8.703088e-01 |   4.47%| unknown
  5.3s|     1 |     0 |  1787 |     - |    95M |   0 | 857 |2438 |2253 |  18 |  7 | 160 |   0 | 8.330886e-01 | 8.703088e-01 |   4.47%| unknown
  5.6s|     1 |     0 |  1797 |     - |   100M |   0 | 857 |2440 |2254 |  19 |  8 | 170 |   0 | 8.330886e-01 | 8.703088e-01 |   4.47%| unknown
  5.9s|     1 |     0 |  1803 |     - |   110M |   0 | 857 |2444 |2258 |  23 |  9 | 180 |   0 | 8.330886e-01 | 8.703088e-01 |   4.47%| unknown
  6.2s|     1 |     0 |  1809 |     - |   118M |   0 | 857 |2433 |2261 |  26 | 10 | 180 |   0 | 8.330886e-01 | 8.703088e-01 |   4.47%| unknown
  6.2s|     1 |     0 |  1821 |     - |   118M |   0 | 857 |2440 |2263 |  28 | 11 | 187 |   0 | 8.330886e-01 | 8.703088e-01 |   4.47%| unknown
  6.2s|     1 |     0 |  1821 |     - |   118M |   0 | 857 |2125 |2263 |  28 | 11 | 193 |   0 | 8.330886e-01 | 8.703088e-01 |   4.47%| unknown
  6.2s|     1 |     0 |  1829 |     - |   118M |   0 | 857 |2125 |2265 |  30 | 12 | 193 |   0 | 8.330886e-01 | 8.703088e-01 |   4.47%| unknown
 time | node  | left  |LP iter|LP it/n|mem/heur|mdpt |vars |cons |rows |cuts |sepa|confs|strbr|  dualbound   | primalbound  |  gap   | compl. 
  6.2s|     1 |     0 |  1830 |     - |   119M |   0 | 857 |1985 |2266 |  31 | 13 | 194 |   0 | 8.330886e-01 | 8.703088e-01 |   4.47%| unknown
(run 2, node 1) restarting after 386 global fixings of integer variables

(restart) converted 25 cuts from the global cut pool into linear constraints

presolving:
(round 1, fast)       387 del vars, 248 del conss, 0 add conss, 0 chg bounds, 0 chg sides, 864 chg coeffs, 0 upgd conss, 0 impls, 1789 clqs, 0 implints
(round 2, exhaustive) 387 del vars, 249 del conss, 0 add conss, 0 chg bounds, 0 chg sides, 864 chg coeffs, 8 upgd conss, 0 impls, 1789 clqs, 0 implints
(round 3, fast)       387 del vars, 251 del conss, 0 add conss, 0 chg bounds, 0 chg sides, 864 chg coeffs, 8 upgd conss, 0 impls, 1789 clqs, 0 implints
(round 4, exhaustive) 387 del vars, 258 del conss, 0 add conss, 0 chg bounds, 0 chg sides, 990 chg coeffs, 8 upgd conss, 0 impls, 1790 clqs, 0 implints
presolving (5 rounds: 5 fast, 3 medium, 3 exhaustive):
 387 deleted vars, 259 deleted constraints, 0 added constraints, 0 tightened bounds, 0 added holes, 0 changed sides, 992 changed coefficients
 0 implications, 1790 cliques, 0 implied integral variables (0 bin, 0 int, 0 cont)
presolved problem has 470 variables (469 bin, 0 int, 1 cont) and 1551 constraints
      4 constraints of type <knapsack>
     68 constraints of type <setppc>
    155 constraints of type <linear>
   1324 constraints of type <logicor>
Presolving Time: 0.29
transformed 3/5 original solutions to the transformed problem space

 time | node  | left  |LP iter|LP it/n|mem/heur|mdpt |vars |cons |rows |cuts |sepa|confs|strbr|  dualbound   | primalbound  |  gap   | compl. 
  6.4s|     1 |     0 |  2586 |     - |   108M |   0 | 470 |1551 |1432 |   0 |  0 | 224 |   0 | 8.330886e-01 | 8.703088e-01 |   4.47%| unknown
  6.5s|     1 |     0 |  2609 |     - |   109M |   0 | 470 |1553 |1436 |   4 |  1 | 226 |   0 | 8.330886e-01 | 8.703088e-01 |   4.47%| unknown
  6.6s|     1 |     0 |  2615 |     - |   110M |   0 | 470 |1561 |1437 |   5 |  2 | 234 |   0 | 8.330886e-01 | 8.703088e-01 |   4.47%| unknown
  6.6s|     1 |     0 |  2648 |     - |   113M |   0 | 470 |1571 |1439 |   7 |  3 | 244 |   0 | 8.330886e-01 | 8.703088e-01 |   4.47%| unknown
  6.8s|     1 |     0 |  2672 |     - |   117M |   0 | 470 |1573 |1442 |  10 |  4 | 246 |   0 | 8.330886e-01 | 8.703088e-01 |   4.47%| unknown
  6.9s|     1 |     0 |  2673 |     - |   123M |   0 | 470 |1574 |1443 |  11 |  5 | 247 |   0 | 8.330886e-01 | 8.703088e-01 |   4.47%| unknown
  7.1s|     1 |     0 |  2709 |     - |   124M |   0 | 470 |1584 |1444 |  12 |  6 | 257 |   0 | 8.330886e-01 | 8.703088e-01 |   4.47%| unknown
  7.2s|     1 |     0 |  2724 |     - |   129M |   0 | 470 |1584 |1445 |  13 |  7 | 257 |   0 | 8.330886e-01 | 8.703088e-01 |   4.47%| unknown
  7.3s|     1 |     0 |  2735 |     - |   136M |   0 | 470 |1584 |1446 |  14 |  8 | 257 |   0 | 8.330892e-01 | 8.703088e-01 |   4.47%| unknown
  7.4s|     1 |     0 |  2753 |     - |   137M |   0 | 470 |1585 |1447 |  15 |  9 | 258 |   0 | 8.330894e-01 | 8.703088e-01 |   4.47%| unknown
  7.5s|     1 |     0 |  2776 |     - |   141M |   0 | 470 |1585 |1449 |  17 | 10 | 258 |   0 | 8.330895e-01 | 8.703088e-01 |   4.47%| unknown
  7.6s|     1 |     0 |  2783 |     - |   142M |   0 | 470 |1591 |1450 |  18 | 11 | 265 |   0 | 8.330896e-01 | 8.703088e-01 |   4.47%| unknown
  7.6s|     1 |     0 |  2784 |     - |   142M |   0 | 470 |1597 |1451 |  19 | 12 | 272 |   0 | 8.330896e-01 | 8.703088e-01 |   4.47%| unknown
  7.6s|     1 |     0 |  2786 |     - |   142M |   0 | 470 |1600 |1452 |  20 | 13 | 275 |   0 | 8.330896e-01 | 8.703088e-01 |   4.47%| unknown
  7.6s|     1 |     0 |  2787 |     - |   142M |   0 | 470 |1605 |1415 |  21 | 14 | 282 |   0 | 8.330897e-01 | 8.703088e-01 |   4.47%| unknown
 time | node  | left  |LP iter|LP it/n|mem/heur|mdpt |vars |cons |rows |cuts |sepa|confs|strbr|  dualbound   | primalbound  |  gap   | compl. 
L 7.7s|     1 |     0 |  3279 |     - |    rens|   0 | 470 |1608 |1415 |  21 | 14 | 296 |   0 | 8.330897e-01 | 8.572023e-01 |   2.89%| unknown
  7.7s|     1 |     0 |  3279 |     - |   142M |   0 | 470 |1608 |1415 |  21 | 14 | 296 |   0 | 8.330897e-01 | 8.572023e-01 |   2.89%| unknown
  7.7s|     1 |     0 |  3279 |     - |   142M |   0 | 470 |1612 |1385 |  21 | 14 | 300 |   0 | 8.330897e-01 | 8.572023e-01 |   2.89%| unknown
  7.7s|     1 |     0 |  3282 |     - |   142M |   0 | 470 |1602 |1387 |  23 | 15 | 300 |   0 | 8.330897e-01 | 8.572023e-01 |   2.89%| unknown
  7.7s|     1 |     0 |  3298 |     - |   142M |   0 | 470 |1603 |1388 |  24 | 16 | 301 |   0 | 8.330897e-01 | 8.572023e-01 |   2.89%| unknown
  7.7s|     1 |     0 |  3298 |     - |   142M |   0 | 470 |1589 |1388 |  24 | 16 | 302 |   0 | 8.330897e-01 | 8.572023e-01 |   2.89%| unknown
  7.7s|     1 |     0 |  3305 |     - |   142M |   0 | 470 |1589 |1388 |  25 | 17 | 302 |   0 | 8.330897e-01 | 8.572023e-01 |   2.89%| unknown
  7.7s|     1 |     0 |  3306 |     - |   142M |   0 | 470 |1592 |1389 |  26 | 18 | 306 |   0 | 8.330897e-01 | 8.572023e-01 |   2.89%| unknown
  7.8s|     1 |     2 |  3306 |     - |   142M |   0 | 470 |1581 |1389 |  26 | 18 | 306 |  19 | 8.330910e-01 | 8.572023e-01 |   2.89%| unknown
(run 3, node 1) restarting after 15 global fixings of integer variables

(restart) converted 15 cuts from the global cut pool into linear constraints

presolving:
(round 1, fast)       15 del vars, 25 del conss, 0 add conss, 0 chg bounds, 0 chg sides, 39 chg coeffs, 0 upgd conss, 0 impls, 1726 clqs, 0 implints
(round 2, exhaustive) 15 del vars, 25 del conss, 0 add conss, 0 chg bounds, 0 chg sides, 40 chg coeffs, 4 upgd conss, 0 impls, 1726 clqs, 0 implints
(round 3, exhaustive) 15 del vars, 27 del conss, 0 add conss, 0 chg bounds, 0 chg sides, 92 chg coeffs, 4 upgd conss, 0 impls, 1726 clqs, 0 implints
(round 4, exhaustive) 15 del vars, 27 del conss, 0 add conss, 0 chg bounds, 0 chg sides, 106 chg coeffs, 4 upgd conss, 0 impls, 1726 clqs, 0 implints
presolving (5 rounds: 5 fast, 4 medium, 4 exhaustive):
 15 deleted vars, 27 deleted constraints, 0 added constraints, 0 tightened bounds, 0 added holes, 0 changed sides, 106 changed coefficients
 0 implications, 1726 cliques, 0 implied integral variables (0 bin, 0 int, 0 cont)
presolved problem has 455 variables (454 bin, 0 int, 1 cont) and 1569 constraints
      4 constraints of type <knapsack>
     78 constraints of type <setppc>
    164 constraints of type <linear>
   1323 constraints of type <logicor>
Presolving Time: 0.30
transformed 4/6 original solutions to the transformed problem space

 time | node  | left  |LP iter|LP it/n|mem/heur|mdpt |vars |cons |rows |cuts |sepa|confs|strbr|  dualbound   | primalbound  |  gap   | compl. 
  7.8s|     1 |     0 |  3693 |     - |   133M |   0 | 455 |1569 |1400 |   0 |  0 | 306 |  19 | 8.330910e-01 | 8.572023e-01 |   2.89%| unknown
  7.9s|     1 |     0 |  3693 |     - |   133M |   0 | 455 |1570 |1331 |   0 |  0 | 307 |  19 | 8.330910e-01 | 8.572023e-01 |   2.89%| unknown
  8.0s|     1 |     0 |  3721 |     - |   133M |   0 | 455 |1566 |1320 |   4 |  1 | 307 |  19 | 8.330910e-01 | 8.572023e-01 |   2.89%| unknown
  8.1s|     1 |     0 |  3740 |     - |   133M |   0 | 455 |1547 |1322 |   6 |  2 | 307 |  19 | 8.330910e-01 | 8.572023e-01 |   2.89%| unknown
  8.2s|     1 |     0 |  3749 |     - |   134M |   0 | 455 |1544 |1323 |   7 |  3 | 308 |  19 | 8.330910e-01 | 8.572023e-01 |   2.89%| unknown
  8.3s|     1 |     0 |  3780 |     - |   134M |   0 | 455 |1545 |1324 |   8 |  4 | 309 |  19 | 8.330910e-01 | 8.572023e-01 |   2.89%| unknown
  8.4s|     1 |     0 |  3785 |     - |   136M |   0 | 455 |1546 |1327 |  11 |  5 | 310 |  19 | 8.330910e-01 | 8.572023e-01 |   2.89%| unknown
  8.5s|     1 |     0 |  3817 |     - |   140M |   0 | 455 |1542 |1329 |  13 |  6 | 312 |  19 | 8.330910e-01 | 8.572023e-01 |   2.89%| unknown
  8.6s|     1 |     0 |  3846 |     - |   142M |   0 | 455 |1542 |1331 |  15 |  7 | 318 |  19 | 8.330910e-01 | 8.572023e-01 |   2.89%| unknown
  8.7s|     1 |     0 |  3862 |     - |   144M |   0 | 455 |1546 |1332 |  16 |  8 | 322 |  19 | 8.330910e-01 | 8.572023e-01 |   2.89%| unknown
  8.8s|     1 |     0 |  3885 |     - |   146M |   0 | 455 |1540 |1333 |  17 |  9 | 322 |  19 | 8.330910e-01 | 8.572023e-01 |   2.89%| unknown
  8.9s|     1 |     0 |  3927 |     - |   159M |   0 | 455 |1541 |1292 |  19 | 10 | 323 |  19 | 8.330910e-01 | 8.572023e-01 |   2.89%| unknown
  8.9s|     1 |     0 |  3928 |     - |   160M |   0 | 455 |1536 |1293 |  20 | 11 | 324 |  19 | 8.330910e-01 | 8.572023e-01 |   2.89%| unknown
  8.9s|     1 |     0 |  3937 |     - |   160M |   0 | 455 |1536 |1294 |  21 | 12 | 325 |  19 | 8.330910e-01 | 8.572023e-01 |   2.89%| unknown
  8.9s|     1 |     0 |  3937 |     - |   160M |   0 | 455 |1504 |1294 |  21 | 12 | 332 |  19 | 8.330910e-01 | 8.572023e-01 |   2.89%| unknown
 time | node  | left  |LP iter|LP it/n|mem/heur|mdpt |vars |cons |rows |cuts |sepa|confs|strbr|  dualbound   | primalbound  |  gap   | compl. 
  9.0s|     1 |     0 |  3953 |     - |   160M |   0 | 455 |1504 |1295 |  22 | 13 | 332 |  19 | 8.330910e-01 | 8.572023e-01 |   2.89%| unknown
  9.0s|     1 |     0 |  3968 |     - |   160M |   0 | 455 |1499 |1296 |  23 | 14 | 332 |  19 | 8.330910e-01 | 8.572023e-01 |   2.89%| unknown
  9.0s|     1 |     0 |  3989 |     - |   160M |   0 | 455 |1500 |1293 |  24 | 15 | 333 |  19 | 8.330910e-01 | 8.572023e-01 |   2.89%| unknown
  9.1s|     1 |     0 |  3998 |     - |   160M |   0 | 455 |1495 |1294 |  25 | 16 | 333 |  19 | 8.330910e-01 | 8.572023e-01 |   2.89%| unknown
  9.1s|     1 |     0 |  4003 |     - |   160M |   0 | 455 |1502 |1295 |  26 | 17 | 343 |  19 | 8.330910e-01 | 8.572023e-01 |   2.89%| unknown
  9.1s|     1 |     0 |  4008 |     - |   160M |   0 | 455 |1499 |1296 |  27 | 18 | 343 |  19 | 8.330910e-01 | 8.572023e-01 |   2.89%| unknown
  9.1s|     1 |     0 |  4017 |     - |   160M |   0 | 455 |1500 |1297 |  28 | 19 | 344 |  19 | 8.330910e-01 | 8.572023e-01 |   2.89%| unknown
  9.2s|     1 |     0 |  4024 |     - |   160M |   0 | 455 |1502 |1298 |  29 | 20 | 347 |  19 | 8.330910e-01 | 8.572023e-01 |   2.89%| unknown
  9.2s|     1 |     0 |  4026 |     - |   160M |   0 | 455 |1502 |1288 |  30 | 21 | 349 |  19 | 8.330910e-01 | 8.572023e-01 |   2.89%| unknown
  9.2s|     1 |     0 |  4030 |     - |   160M |   0 | 455 |1496 |1289 |  31 | 22 | 349 |  19 | 8.330910e-01 | 8.572023e-01 |   2.89%| unknown
  9.2s|     1 |     0 |  4048 |     - |   160M |   0 | 455 |1496 |1290 |  32 | 23 | 349 |  19 | 8.330910e-01 | 8.572023e-01 |   2.89%| unknown
  9.4s|     1 |     2 |  4375 |     - |   160M |   0 | 455 |1507 |1290 |  32 | 23 | 377 |  38 | 8.330971e-01 | 8.572023e-01 |   2.89%| unknown
* 9.6s|     9 |     8 |  4495 | 196.8 |strongbr|   8 | 455 |1496 |1268 |  32 |  3 | 387 | 139 | 8.330971e-01 | 8.567748e-01 |   2.84%| unknown
* 9.6s|     9 |     8 |  4495 | 196.8 |strongbr|   8 | 455 |1496 |1268 |  32 |  3 | 387 | 140 | 8.330971e-01 | 8.562534e-01 |   2.78%| unknown
*10.2s|    17 |     8 |  5075 | 144.5 |strongbr|  12 | 455 |1517 |1276 |  66 |  1 | 439 | 214 | 8.330971e-01 | 8.557285e-01 |   2.72%|   4.05%
 time | node  | left  |LP iter|LP it/n|mem/heur|mdpt |vars |cons |rows |cuts |sepa|confs|strbr|  dualbound   | primalbound  |  gap   | compl. 
 13.1s|   100 |    11 |  9188 |  67.2 |   184M |  12 | 455 |1818 |1268 | 170 |  1 | 951 |1013 | 8.331064e-01 | 8.557285e-01 |   2.72%|  55.55%
 15.7s|   200 |     7 | 12719 |  51.4 |   185M |  15 | 455 |2126 |1278 | 342 |  0 |1513 |1533 | 8.435205e-01 | 8.557285e-01 |   1.45%|  95.19%
*15.7s|   201 |     6 | 12733 |  51.2 |    LP  |  15 | 455 |2126 |1278 | 342 |  2 |1513 |1533 | 8.435205e-01 | 8.532437e-01 |   1.15%|  95.19%

SCIP Status        : problem is solved [optimal solution found]
Solving Time (sec) : 16.16
Solving Nodes      : 220 (total of 223 nodes in 4 runs)
Primal Bound       : +8.53243722744966e-01 (16 solutions)
Dual Bound         : +8.53243722744966e-01
Gap                : 0.00 %
objective value:                    0.853243722744966
x_('12_5', '13_1')                                  1 	(obj:0.0231585750315258)
x_('11_17', '12_5')                                 1 	(obj:0.0183104508196721)
x_('10_31', '11_17')                                1 	(obj:0.0201169895678092)
x_('9_42', '10_31')                                 1 	(obj:0.0475)
x_('8_45', '9_42')                                  1 	(obj:0.0316712204007286)
x_('7_37', '8_45')                                  1 	(obj:0.0341787909836066)
x_('6_35', '7_37')                                  1 	(obj:0.0375)
x_('5_25', '6_35')                                  1 	(obj:0.0327540983606557)
x_('4_21', '5_25')                                  1 	(obj:0.0323631147540984)
x_('3_18', '4_21')                                  1 	(obj:0.0810788934426229)
x_('2_14', '3_18')                                  1 	(obj:0.0866803278688524)
x_('1_10', '2_14')                                  1 	(obj:0.123262295081967)
x_('0_1', '1_10')                                   1 	(obj:0.025)
y_0_0                                               1 	(obj:0)
y_1_0                                               1 	(obj:0)
y_2_0                                               1 	(obj:0)
y_3_0                                               1 	(obj:0)
y_4_1                                               1 	(obj:0)
y_5_1                                               1 	(obj:0)
y_6_1                                               1 	(obj:0)
y_7_1                                               1 	(obj:0)
y_8_1                                               1 	(obj:0)
y_9_2                                               1 	(obj:0)
y_10_2                                              1 	(obj:0)
y_11_2                                              1 	(obj:0)
y_12_2                                              1 	(obj:0)
z_('3268741', '3425762')_1                          1 	(obj:0)
z_('3268741', '1966592X')_1                         1 	(obj:0)
z_('1966592X', '3452192')_0                         1 	(obj:0)
z_('3452192', '1353870')_0                          1 	(obj:0)
z_('3452192', '3520162')_0                          1 	(obj:0)
z_('3520162', '3307092')_1                          1 	(obj:0)
z_('3520162', '3524054')_0                          1 	(obj:0)
z_('3268740', '3524054')_1                          1 	(obj:0)
z_('3524054', '3179975')_1                          1 	(obj:0)
z_('3179975', '3422998')_2                          1 	(obj:0)
z_('3422998', '2495223X')_2                         1 	(obj:0)
z_('3422998', '1353870_01')_2                       1 	(obj:0)
z_('2495223X', '2245784X')_2                        1 	(obj:0)
alpha                                4.50072289156626 	(obj:0.057694946498486)
  obj=0.853  alpha=747.1s  time=16.23s

k = 1
  Subgraph edges — edge_w: 13 (1.2%)  bal_w: 13 (1.2%)  combined: 26 (2.4%)  blended: 13 (1.2%)  blended_union: 37 (3.3%)  diverse: 13 (1.2%)
  [3a] Subgraph / edge_w   k=1 …
2026-07-01 18:29:05.137 | INFO     | pycaalp.time_balancing.model:run_mip:430 - Running MIP solver ...
      obj=0.858 (vs_full=+0.59%)  alpha=792.0s  build=0.002s solve=0.022s  vs_full=+6.01%
  [3b] Subgraph / bal_w    k=1 …
2026-07-01 18:29:05.160 | INFO     | pycaalp.time_balancing.model:run_mip:430 - Running MIP solver ...
      obj=1.068 (vs_full=+25.18%)  alpha=731.8s  build=0.001s solve=0.021s  vs_full=-2.05%
  [3c] Subgraph / combined k=1 …
2026-07-01 18:29:05.181 | INFO     | pycaalp.time_balancing.model:run_mip:430 - Running MIP solver ...
      obj=0.858 (vs_full=+0.59%)  alpha=792.0s  build=0.002s solve=0.142s  vs_full=+6.01%
  [3d] Subgraph / blended  k=1 …
2026-07-01 18:29:05.322 | INFO     | pycaalp.time_balancing.model:run_mip:430 - Running MIP solver ...
      obj=0.869 (vs_full=+1.85%)  alpha=747.1s  build=0.001s solve=0.018s  vs_full=+0.00%
  [3e] Subgraph / bl-union k=1 …
2026-07-01 18:29:05.341 | INFO     | pycaalp.time_balancing.model:run_mip:430 - Running MIP solver ...
      obj=0.854 (vs_full=+0.14%)  alpha=747.1s  build=0.013s solve=0.175s  vs_full=+0.00%
  [3f] Subgraph / diverse  k=1 …
2026-07-01 18:29:05.516 | INFO     | pycaalp.time_balancing.model:run_mip:430 - Running MIP solver ...
      obj=0.869 (vs_full=+1.85%)  alpha=747.1s  build=0.005s solve=0.018s  vs_full=+0.00%

k = 2
  Subgraph edges — edge_w: 15 (1.4%)  bal_w: 15 (1.4%)  combined: 30 (2.7%)  blended: 15 (1.4%)  blended_union: 42 (3.8%)  diverse: 26 (2.4%)
  [3a] Subgraph / edge_w   k=2 …
2026-07-01 18:29:05.583 | INFO     | pycaalp.time_balancing.model:run_mip:430 - Running MIP solver ...
      obj=0.857 (vs_full=+0.46%)  alpha=788.3s  build=0.004s solve=0.192s  vs_full=+5.52%
  [3b] Subgraph / bal_w    k=2 …
2026-07-01 18:29:05.776 | INFO     | pycaalp.time_balancing.model:run_mip:430 - Running MIP solver ...
      obj=1.061 (vs_full=+24.39%)  alpha=731.8s  build=0.005s solve=0.064s  vs_full=-2.05%
  [3c] Subgraph / combined k=2 …
2026-07-01 18:29:05.840 | INFO     | pycaalp.time_balancing.model:run_mip:430 - Running MIP solver ...
      obj=0.857 (vs_full=+0.46%)  alpha=788.3s  build=0.010s solve=0.247s  vs_full=+5.52%
  [3d] Subgraph / blended  k=2 …
2026-07-01 18:29:06.087 | INFO     | pycaalp.time_balancing.model:run_mip:430 - Running MIP solver ...
      obj=0.869 (vs_full=+1.85%)  alpha=747.1s  build=0.005s solve=0.082s  vs_full=+0.00%
  [3e] Subgraph / bl-union k=2 …
2026-07-01 18:29:06.170 | INFO     | pycaalp.time_balancing.model:run_mip:430 - Running MIP solver ...
      obj=0.854 (vs_full=+0.14%)  alpha=747.1s  build=0.021s solve=0.576s  vs_full=+0.00%
  [3f] Subgraph / diverse  k=2 …
2026-07-01 18:29:06.746 | INFO     | pycaalp.time_balancing.model:run_mip:430 - Running MIP solver ...
      obj=0.869 (vs_full=+1.85%)  alpha=747.1s  build=0.005s solve=0.046s  vs_full=+0.00%

k = 5
  Subgraph edges — edge_w: 21 (1.9%)  bal_w: 44 (4.0%)  combined: 65 (5.9%)  blended: 29 (2.6%)  blended_union: 60 (5.4%)  diverse: 65 (5.9%)
  [3a] Subgraph / edge_w   k=5 …
2026-07-01 18:29:06.987 | INFO     | pycaalp.time_balancing.model:run_mip:430 - Running MIP solver ...
      obj=0.857 (vs_full=+0.46%)  alpha=788.3s  build=0.014s solve=0.221s  vs_full=+5.52%
  [3b] Subgraph / bal_w    k=5 …
2026-07-01 18:29:07.208 | INFO     | pycaalp.time_balancing.model:run_mip:430 - Running MIP solver ...
      obj=1.061 (vs_full=+24.39%)  alpha=731.8s  build=0.025s solve=0.109s  vs_full=-2.05%
  [3c] Subgraph / combined k=5 …
2026-07-01 18:29:07.317 | INFO     | pycaalp.time_balancing.model:run_mip:430 - Running MIP solver ...
      obj=0.857 (vs_full=+0.46%)  alpha=788.3s  build=0.048s solve=0.568s  vs_full=+5.52%
  [3d] Subgraph / blended  k=5 …
2026-07-01 18:29:07.885 | INFO     | pycaalp.time_balancing.model:run_mip:430 - Running MIP solver ...
      obj=0.856 (vs_full=+0.29%)  alpha=758.6s  build=0.028s solve=0.490s  vs_full=+1.54%
  [3e] Subgraph / bl-union k=5 …
2026-07-01 18:29:08.375 | INFO     | pycaalp.time_balancing.model:run_mip:430 - Running MIP solver ...
      obj=0.854 (vs_full=+0.14%)  alpha=747.1s  build=0.066s solve=1.856s  vs_full=+0.00%
  [3f] Subgraph / diverse  k=5 …
2026-07-01 18:29:10.231 | INFO     | pycaalp.time_balancing.model:run_mip:430 - Running MIP solver ...
      obj=0.857 (vs_full=+0.41%)  alpha=758.6s  build=0.013s solve=0.319s  vs_full=+1.54%

k = 10
  Subgraph edges — edge_w: 24 (2.2%)  bal_w: 57 (5.2%)  combined: 81 (7.3%)  blended: 37 (3.3%)  blended_union: 75 (6.8%)  diverse: 126 (11.4%)
  [3a] Subgraph / edge_w   k=10 …
2026-07-01 18:29:10.879 | INFO     | pycaalp.time_balancing.model:run_mip:430 - Running MIP solver ...
      obj=0.857 (vs_full=+0.46%)  alpha=788.3s  build=0.047s solve=0.576s  vs_full=+5.52%
  [3b] Subgraph / bal_w    k=10 …
2026-07-01 18:29:11.455 | INFO     | pycaalp.time_balancing.model:run_mip:430 - Running MIP solver ...
      obj=1.060 (vs_full=+24.25%)  alpha=731.8s  build=0.038s solve=0.766s  vs_full=-2.05%
  [3c] Subgraph / combined k=10 …
2026-07-01 18:29:12.221 | INFO     | pycaalp.time_balancing.model:run_mip:430 - Running MIP solver ...
      obj=0.857 (vs_full=+0.46%)  alpha=788.3s  build=0.087s solve=0.840s  vs_full=+5.52%
  [3d] Subgraph / blended  k=10 …
2026-07-01 18:29:13.061 | INFO     | pycaalp.time_balancing.model:run_mip:430 - Running MIP solver ...
      obj=0.856 (vs_full=+0.29%)  alpha=758.6s  build=0.028s solve=0.352s  vs_full=+1.54%
  [3e] Subgraph / bl-union k=10 …
2026-07-01 18:29:13.414 | INFO     | pycaalp.time_balancing.model:run_mip:430 - Running MIP solver ...
      obj=0.854 (vs_full=+0.14%)  alpha=747.1s  build=0.118s solve=1.194s  vs_full=+0.00%
  [3f] Subgraph / diverse  k=10 …
2026-07-01 18:29:14.608 | INFO     | pycaalp.time_balancing.model:run_mip:430 - Running MIP solver ...
      obj=0.856 (vs_full=+0.35%)  alpha=758.6s  build=0.010s solve=0.432s  vs_full=+1.54%

k = 20
  Subgraph edges — edge_w: 35 (3.2%)  bal_w: 73 (6.6%)  combined: 107 (9.7%)  blended: 56 (5.1%)  blended_union: 93 (8.4%)  diverse: 239 (21.6%)
  [3a] Subgraph / edge_w   k=20 …
2026-07-01 18:29:15.766 | INFO     | pycaalp.time_balancing.model:run_mip:430 - Running MIP solver ...
      obj=0.857 (vs_full=+0.46%)  alpha=788.3s  build=0.091s solve=0.383s  vs_full=+5.52%
  [3b] Subgraph / bal_w    k=20 …
2026-07-01 18:29:16.148 | INFO     | pycaalp.time_balancing.model:run_mip:430 - Running MIP solver ...
      obj=0.995 (vs_full=+16.62%)  alpha=754.4s  build=0.102s solve=0.190s  vs_full=+0.98%
  [3c] Subgraph / combined k=20 …
2026-07-01 18:29:16.338 | INFO     | pycaalp.time_balancing.model:run_mip:430 - Running MIP solver ...
      obj=0.857 (vs_full=+0.46%)  alpha=788.3s  build=0.174s solve=1.092s  vs_full=+5.52%
  [3d] Subgraph / blended  k=20 …
2026-07-01 18:29:17.431 | INFO     | pycaalp.time_balancing.model:run_mip:430 - Running MIP solver ...
      obj=0.856 (vs_full=+0.29%)  alpha=758.6s  build=0.094s solve=0.767s  vs_full=+1.54%
  [3e] Subgraph / bl-union k=20 …
2026-07-01 18:29:18.198 | INFO     | pycaalp.time_balancing.model:run_mip:430 - Running MIP solver ...
      obj=0.854 (vs_full=+0.14%)  alpha=747.1s  build=0.249s solve=0.926s  vs_full=+0.00%
  [3f] Subgraph / diverse  k=20 …
2026-07-01 18:29:19.124 | INFO     | pycaalp.time_balancing.model:run_mip:430 - Running MIP solver ...
      obj=0.856 (vs_full=+0.29%)  alpha=758.6s  build=0.016s solve=1.342s  vs_full=+1.54%

k = 50
  Subgraph edges — edge_w: 54 (4.9%)  bal_w: 141 (12.8%)  combined: 190 (17.2%)  blended: 72 (6.5%)  blended_union: 146 (13.2%)  diverse: 511 (46.2%)
  [3a] Subgraph / edge_w   k=50 …
2026-07-01 18:29:21.980 | INFO     | pycaalp.time_balancing.model:run_mip:430 - Running MIP solver ...
      obj=0.856 (vs_full=+0.35%)  alpha=780.8s  build=0.191s solve=0.470s  vs_full=+4.51%
  [3b] Subgraph / bal_w    k=50 …
2026-07-01 18:29:22.450 | INFO     | pycaalp.time_balancing.model:run_mip:430 - Running MIP solver ...
      obj=0.995 (vs_full=+16.58%)  alpha=754.4s  build=0.252s solve=2.666s  vs_full=+0.98%
  [3c] Subgraph / combined k=50 …
2026-07-01 18:29:25.116 | INFO     | pycaalp.time_balancing.model:run_mip:430 - Running MIP solver ...
      obj=0.856 (vs_full=+0.35%)  alpha=780.8s  build=0.328s solve=2.284s  vs_full=+4.51%
  [3d] Subgraph / blended  k=50 …
2026-07-01 18:29:27.401 | INFO     | pycaalp.time_balancing.model:run_mip:430 - Running MIP solver ...
      obj=0.856 (vs_full=+0.29%)  alpha=758.6s  build=0.240s solve=1.373s  vs_full=+1.54%
  [3e] Subgraph / bl-union k=50 …
2026-07-01 18:29:28.774 | INFO     | pycaalp.time_balancing.model:run_mip:430 - Running MIP solver ...
      obj=0.854 (vs_full=+0.14%)  alpha=747.1s  build=0.476s solve=1.137s  vs_full=+0.00%
  [3f] Subgraph / diverse  k=50 …
2026-07-01 18:29:29.912 | INFO     | pycaalp.time_balancing.model:run_mip:430 - Running MIP solver ...
      obj=0.856 (vs_full=+0.29%)  alpha=758.6s  build=0.028s solve=2.307s  vs_full=+1.54%

k = 100
  Subgraph edges — edge_w: 78 (7.1%)  bal_w: 189 (17.1%)  combined: 257 (23.3%)  blended: 111 (10.0%)  blended_union: 190 (17.2%)  diverse: 744 (67.3%)
  [3a] Subgraph / edge_w   k=100 …
2026-07-01 18:29:35.253 | INFO     | pycaalp.time_balancing.model:run_mip:430 - Running MIP solver ...
      obj=0.856 (vs_full=+0.35%)  alpha=780.8s  build=0.415s solve=0.433s  vs_full=+4.51%
  [3b] Subgraph / bal_w    k=100 …
2026-07-01 18:29:35.686 | INFO     | pycaalp.time_balancing.model:run_mip:430 - Running MIP solver ...
      obj=0.994 (vs_full=+16.52%)  alpha=814.2s  build=0.474s solve=1.370s  vs_full=+8.98%
  [3c] Subgraph / combined k=100 …
2026-07-01 18:29:37.056 | INFO     | pycaalp.time_balancing.model:run_mip:430 - Running MIP solver ...
      obj=0.856 (vs_full=+0.35%)  alpha=780.8s  build=0.886s solve=1.253s  vs_full=+4.51%
  [3d] Subgraph / blended  k=100 …
2026-07-01 18:29:38.310 | INFO     | pycaalp.time_balancing.model:run_mip:430 - Running MIP solver ...
      obj=0.856 (vs_full=+0.29%)  alpha=758.6s  build=0.401s solve=1.662s  vs_full=+1.54%
  [3e] Subgraph / bl-union k=100 …
2026-07-01 18:29:39.973 | INFO     | pycaalp.time_balancing.model:run_mip:430 - Running MIP solver ...
      obj=0.854 (vs_full=+0.14%)  alpha=747.1s  build=0.803s solve=1.536s  vs_full=+0.00%
  [3f] Subgraph / diverse  k=100 …
2026-07-01 18:29:41.509 | INFO     | pycaalp.time_balancing.model:run_mip:430 - Running MIP solver ...
      obj=0.856 (vs_full=+0.29%)  alpha=758.6s  build=0.056s solve=8.067s  vs_full=+1.54%

k = 200
  Subgraph edges — edge_w: 95 (8.6%)  bal_w: 258 (23.3%)  combined: 339 (30.7%)  blended: 137 (12.4%)  blended_union: 203 (18.4%)  diverse: 917 (83.0%)
  [3a] Subgraph / edge_w   k=200 …
2026-07-01 18:29:55.653 | INFO     | pycaalp.time_balancing.model:run_mip:430 - Running MIP solver ...
      obj=0.856 (vs_full=+0.35%)  alpha=780.8s  build=0.707s solve=0.615s  vs_full=+4.51%
  [3b] Subgraph / bal_w    k=200 …
2026-07-01 18:29:56.268 | INFO     | pycaalp.time_balancing.model:run_mip:430 - Running MIP solver ...
      obj=0.976 (vs_full=+14.38%)  alpha=747.1s  build=0.817s solve=1.739s  vs_full=+0.00%
  [3c] Subgraph / combined k=200 …
2026-07-01 18:29:58.007 | INFO     | pycaalp.time_balancing.model:run_mip:430 - Running MIP solver ...
      obj=0.856 (vs_full=+0.35%)  alpha=780.8s  build=1.564s solve=3.266s  vs_full=+4.51%
  [3d] Subgraph / blended  k=200 …
2026-07-01 18:30:01.274 | INFO     | pycaalp.time_balancing.model:run_mip:430 - Running MIP solver ...
      obj=0.856 (vs_full=+0.29%)  alpha=758.6s  build=0.739s solve=1.448s  vs_full=+1.54%
  [3e] Subgraph / bl-union k=200 …
2026-07-01 18:30:02.722 | INFO     | pycaalp.time_balancing.model:run_mip:430 - Running MIP solver ...
      obj=0.854 (vs_full=+0.14%)  alpha=747.1s  build=2.102s solve=2.077s  vs_full=+0.00%
  [3f] Subgraph / diverse  k=200 …
2026-07-01 18:30:04.799 | INFO     | pycaalp.time_balancing.model:run_mip:430 - Running MIP solver ...
      obj=0.856 (vs_full=+0.29%)  alpha=758.6s  build=0.148s solve=10.386s  vs_full=+1.54%

k = 500
  Subgraph edges — edge_w: 108 (9.8%)  bal_w: 399 (36.1%)  combined: 459 (41.5%)  blended: 160 (14.5%)  blended_union: 247 (22.4%)  diverse: 1050 (95.0%)
  [3a] Subgraph / edge_w   k=500 …
2026-07-01 18:30:29.433 | INFO     | pycaalp.time_balancing.model:run_mip:430 - Running MIP solver ...
      obj=0.856 (vs_full=+0.35%)  alpha=780.8s  build=1.552s solve=0.717s  vs_full=+4.51%
  [3b] Subgraph / bal_w    k=500 …
2026-07-01 18:30:30.150 | INFO     | pycaalp.time_balancing.model:run_mip:430 - Running MIP solver ...
      obj=0.971 (vs_full=+13.74%)  alpha=758.6s  build=1.755s solve=2.760s  vs_full=+1.54%
  [3c] Subgraph / combined k=500 …
2026-07-01 18:30:32.910 | INFO     | pycaalp.time_balancing.model:run_mip:430 - Running MIP solver ...
      obj=0.856 (vs_full=+0.35%)  alpha=780.8s  build=3.335s solve=2.155s  vs_full=+4.51%
  [3d] Subgraph / blended  k=500 …
2026-07-01 18:30:35.065 | INFO     | pycaalp.time_balancing.model:run_mip:430 - Running MIP solver ...
      obj=0.856 (vs_full=+0.29%)  alpha=758.6s  build=1.746s solve=1.450s  vs_full=+1.54%
  [3e] Subgraph / bl-union k=500 …
2026-07-01 18:30:36.514 | INFO     | pycaalp.time_balancing.model:run_mip:430 - Running MIP solver ...
      obj=0.854 (vs_full=+0.14%)  alpha=747.1s  build=5.244s solve=1.854s  vs_full=+0.00%
  [3f] Subgraph / diverse  k=500 …
2026-07-01 18:30:38.369 | INFO     | pycaalp.time_balancing.model:run_mip:430 - Running MIP solver ...
      obj=0.853 (vs_full=-0.00%)  alpha=747.1s  build=0.614s solve=11.050s  vs_full=+0.00%

k = 1000
  Subgraph edges — edge_w: 142 (12.9%)  bal_w: 500 (45.2%)  combined: 578 (52.3%)  blended: 167 (15.1%)  blended_union: 284 (25.7%)  diverse: 1097 (99.3%)
  [3a] Subgraph / edge_w   k=1000 …
2026-07-01 18:31:20.568 | INFO     | pycaalp.time_balancing.model:run_mip:430 - Running MIP solver ...
      obj=0.853 (vs_full=-0.00%)  alpha=747.1s  build=3.218s solve=1.147s  vs_full=+0.00%
  [3b] Subgraph / bal_w    k=1000 …
2026-07-01 18:31:21.715 | INFO     | pycaalp.time_balancing.model:run_mip:430 - Running MIP solver ...
      obj=0.967 (vs_full=+13.34%)  alpha=747.1s  build=4.065s solve=5.088s  vs_full=+0.00%
  [3c] Subgraph / combined k=1000 …
2026-07-01 18:31:26.803 | INFO     | pycaalp.time_balancing.model:run_mip:430 - Running MIP solver ...
      obj=0.853 (vs_full=+0.00%)  alpha=747.1s  build=7.406s solve=4.617s  vs_full=+0.00%
  [3d] Subgraph / blended  k=1000 …
2026-07-01 18:31:31.419 | INFO     | pycaalp.time_balancing.model:run_mip:430 - Running MIP solver ...
      obj=0.856 (vs_full=+0.29%)  alpha=758.6s  build=4.338s solve=2.114s  vs_full=+1.54%
  [3e] Subgraph / bl-union k=1000 …
2026-07-01 18:31:33.534 | INFO     | pycaalp.time_balancing.model:run_mip:430 - Running MIP solver ...
      obj=0.853 (vs_full=+0.00%)  alpha=747.1s  build=11.173s solve=2.452s  vs_full=+0.00%
  [3f] Subgraph / diverse  k=1000 …
2026-07-01 18:31:35.986 | INFO     | pycaalp.time_balancing.model:run_mip:430 - Running MIP solver ...
      obj=0.853 (vs_full=+0.00%)  alpha=747.1s  build=0.948s solve=13.117s  vs_full=+0.00%

k = 2000
  Subgraph edges — edge_w: 185 (16.7%)  bal_w: 630 (57.0%)  combined: 685 (62.0%)  blended: 202 (18.3%)  blended_union: 335 (30.3%)  diverse: 1105 (100.0%)
  [3a] Subgraph / edge_w   k=2000 …
2026-07-01 18:32:57.930 | INFO     | pycaalp.time_balancing.model:run_mip:430 - Running MIP solver ...
      obj=0.853 (vs_full=+0.00%)  alpha=747.1s  build=7.839s solve=1.070s  vs_full=+0.00%
  [3b] Subgraph / bal_w    k=2000 …
2026-07-01 18:32:59.001 | INFO     | pycaalp.time_balancing.model:run_mip:430 - Running MIP solver ...
      obj=0.965 (vs_full=+13.13%)  alpha=747.1s  build=7.998s solve=3.952s  vs_full=+0.00%
  [3c] Subgraph / combined k=2000 …
2026-07-01 18:33:02.953 | INFO     | pycaalp.time_balancing.model:run_mip:430 - Running MIP solver ...
      obj=0.853 (vs_full=+0.00%)  alpha=747.1s  build=15.464s solve=3.856s  vs_full=+0.00%
  [3d] Subgraph / blended  k=2000 …
2026-07-01 18:33:06.809 | INFO     | pycaalp.time_balancing.model:run_mip:430 - Running MIP solver ...
      obj=0.856 (vs_full=+0.29%)  alpha=758.6s  build=9.429s solve=1.836s  vs_full=+1.54%
  [3e] Subgraph / bl-union k=2000 …
2026-07-01 18:33:08.645 | INFO     | pycaalp.time_balancing.model:run_mip:430 - Running MIP solver ...
      obj=0.853 (vs_full=+0.00%)  alpha=747.1s  build=25.982s solve=4.786s  vs_full=+0.00%
  [3f] Subgraph / diverse  k=2000 …
2026-07-01 18:33:13.432 | INFO     | pycaalp.time_balancing.model:run_mip:430 - Running MIP solver ...
      obj=0.853 (vs_full=+0.00%)  alpha=747.1s  build=2.115s solve=18.801s  vs_full=+0.00%

k = 5000
  Subgraph edges — edge_w: 232 (21.0%)  bal_w: 799 (72.3%)  combined: 830 (75.1%)  blended: 232 (21.0%)  blended_union: 355 (32.1%)  diverse: 1105 (100.0%)
  [3a] Subgraph / edge_w   k=5000 …
2026-07-01 18:37:47.064 | INFO     | pycaalp.time_balancing.model:run_mip:430 - Running MIP solver ...
      obj=0.853 (vs_full=+0.00%)  alpha=747.1s  build=30.670s solve=2.911s  vs_full=+0.00%
  [3b] Subgraph / bal_w    k=5000 …
2026-07-01 18:37:49.975 | INFO     | pycaalp.time_balancing.model:run_mip:430 - Running MIP solver ...
      obj=0.964 (vs_full=+12.98%)  alpha=747.1s  build=26.674s solve=10.908s  vs_full=+0.00%
  [3c] Subgraph / combined k=5000 …
2026-07-01 18:38:00.883 | INFO     | pycaalp.time_balancing.model:run_mip:430 - Running MIP solver ...
      obj=0.853 (vs_full=+0.00%)  alpha=747.1s  build=59.058s solve=11.339s  vs_full=+0.00%
  [3d] Subgraph / blended  k=5000 …
2026-07-01 18:38:12.222 | INFO     | pycaalp.time_balancing.model:run_mip:430 - Running MIP solver ...
      obj=0.856 (vs_full=+0.29%)  alpha=758.6s  build=36.189s solve=1.542s  vs_full=+1.54%
  [3e] Subgraph / bl-union k=5000 …
2026-07-01 18:38:13.764 | INFO     | pycaalp.time_balancing.model:run_mip:430 - Running MIP solver ...
      obj=0.853 (vs_full=+0.00%)  alpha=747.1s  build=96.646s solve=4.530s  vs_full=+0.00%
  [3f] Subgraph / diverse  k=5000 …
2026-07-01 18:38:18.294 | INFO     | pycaalp.time_balancing.model:run_mip:430 - Running MIP solver ...
      obj=0.853 (vs_full=+0.00%)  alpha=747.1s  build=5.593s solve=16.682s  vs_full=+0.00%

Results saved to experiments/strategy_comparison/assembly_1_np_3/strategy_comparison_lambda_0.3.csv
Plot with:  python -m experiments.strategy_comparison.plot_k_sensitivity

============================================================================================================================
SUMMARY — assembly_1  P=3  λ=0.3
============================================================================================================================
Strategy       Weight                      k   Build    Solve    Total  Spdup       Obj   ObjvsF     Alpha    AlvsF   Edges  %Grph
----------------------------------------------------------------------------------------------------------------------------
full_mip       —                               0.000   16.234   16.234   1.0x     0.853    +0.00    747.12    +0.00    1105  100.0
subgraph_mip   edge_weight                 1   0.002    0.022    0.024 677.4x     0.858    +0.59    792.00    +6.01      13    1.2
subgraph_mip   time_balanced_weight        1   0.001    0.021    0.022 733.7x     1.068   +25.18    731.84    -2.05      13    1.2
subgraph_mip   combined                    1   0.002    0.142    0.143 113.3x     0.858    +0.59    792.00    +6.01      26    2.4
subgraph_mip   blended                     1   0.001    0.018    0.019 834.7x     0.869    +1.85    747.12    +0.00      13    1.2
subgraph_mip   blended_union               1   0.013    0.175    0.188  86.2x     0.854    +0.14    747.12    +0.00      37    3.4
subgraph_mip   diverse                     1   0.005    0.018    0.023 721.3x     0.869    +1.85    747.12    +0.00      13    1.2
subgraph_mip   edge_weight                 2   0.004    0.192    0.197  82.5x     0.857    +0.46    788.33    +5.52      15    1.4
subgraph_mip   time_balanced_weight        2   0.005    0.064    0.070 233.5x     1.061   +24.39    731.84    -2.05      15    1.4
subgraph_mip   combined                    2   0.010    0.247    0.257  63.3x     0.857    +0.46    788.33    +5.52      30    2.7
subgraph_mip   blended                     2   0.005    0.082    0.087 187.5x     0.869    +1.85    747.12    +0.00      15    1.4
subgraph_mip   blended_union               2   0.021    0.576    0.597  27.2x     0.854    +0.14    747.12    +0.00      42    3.8
subgraph_mip   diverse                     2   0.005    0.046    0.051 319.1x     0.869    +1.85    747.12    +0.00      26    2.4
subgraph_mip   edge_weight                 5   0.014    0.221    0.235  69.0x     0.857    +0.46    788.33    +5.52      21    1.9
subgraph_mip   time_balanced_weight        5   0.025    0.109    0.133 121.8x     1.061   +24.39    731.84    -2.05      44    4.0
subgraph_mip   combined                    5   0.048    0.568    0.616  26.3x     0.857    +0.46    788.33    +5.52      65    5.9
subgraph_mip   blended                     5   0.028    0.490    0.517  31.4x     0.856    +0.29    758.63    +1.54      29    2.6
subgraph_mip   blended_union               5   0.066    1.856    1.922   8.4x     0.854    +0.14    747.12    +0.00      60    5.4
subgraph_mip   diverse                     5   0.013    0.319    0.332  48.9x     0.857    +0.41    758.63    +1.54      65    5.9
subgraph_mip   edge_weight                10   0.047    0.576    0.623  26.1x     0.857    +0.46    788.33    +5.52      24    2.2
subgraph_mip   time_balanced_weight       10   0.038    0.766    0.804  20.2x     1.060   +24.25    731.84    -2.05      57    5.2
subgraph_mip   combined                   10   0.087    0.840    0.927  17.5x     0.857    +0.46    788.33    +5.52      81    7.3
subgraph_mip   blended                    10   0.028    0.352    0.381  42.6x     0.856    +0.29    758.63    +1.54      37    3.4
subgraph_mip   blended_union              10   0.118    1.194    1.312  12.4x     0.854    +0.14    747.12    +0.00      75    6.8
subgraph_mip   diverse                    10   0.010    0.432    0.442  36.8x     0.856    +0.35    758.63    +1.54     126   11.4
subgraph_mip   edge_weight                20   0.091    0.383    0.473  34.3x     0.857    +0.46    788.33    +5.52      35    3.2
subgraph_mip   time_balanced_weight       20   0.102    0.190    0.292  55.5x     0.995   +16.62    754.42    +0.98      73    6.6
subgraph_mip   combined                   20   0.174    1.092    1.266  12.8x     0.857    +0.46    788.33    +5.52     107    9.7
subgraph_mip   blended                    20   0.094    0.767    0.861  18.9x     0.856    +0.29    758.63    +1.54      56    5.1
subgraph_mip   blended_union              20   0.249    0.926    1.175  13.8x     0.854    +0.14    747.12    +0.00      93    8.4
subgraph_mip   diverse                    20   0.016    1.342    1.357  12.0x     0.856    +0.29    758.63    +1.54     239   21.6
subgraph_mip   edge_weight                50   0.191    0.470    0.661  24.6x     0.856    +0.35    780.81    +4.51      54    4.9
subgraph_mip   time_balanced_weight       50   0.252    2.666    2.917   5.6x     0.995   +16.58    754.42    +0.98     141   12.8
subgraph_mip   combined                   50   0.328    2.284    2.612   6.2x     0.856    +0.35    780.81    +4.51     190   17.2
subgraph_mip   blended                    50   0.240    1.373    1.613  10.1x     0.856    +0.29    758.63    +1.54      72    6.5
subgraph_mip   blended_union              50   0.476    1.137    1.613  10.1x     0.854    +0.14    747.12    +0.00     146   13.2
subgraph_mip   diverse                    50   0.028    2.307    2.334   7.0x     0.856    +0.29    758.63    +1.54     511   46.2
subgraph_mip   edge_weight               100   0.415    0.433    0.847  19.2x     0.856    +0.35    780.81    +4.51      78    7.1
subgraph_mip   time_balanced_weight      100   0.474    1.370    1.844   8.8x     0.994   +16.52    814.18    +8.98     189   17.1
subgraph_mip   combined                  100   0.886    1.253    2.140   7.6x     0.856    +0.35    780.81    +4.51     257   23.3
subgraph_mip   blended                   100   0.401    1.662    2.063   7.9x     0.856    +0.29    758.63    +1.54     111   10.1
subgraph_mip   blended_union             100   0.803    1.536    2.339   6.9x     0.854    +0.14    747.12    +0.00     190   17.2
subgraph_mip   diverse                   100   0.056    8.067    8.123   2.0x     0.856    +0.29    758.63    +1.54     744   67.3
subgraph_mip   edge_weight               200   0.707    0.615    1.321  12.3x     0.856    +0.35    780.81    +4.51      95    8.6
subgraph_mip   time_balanced_weight      200   0.817    1.739    2.556   6.3x     0.976   +14.38    747.12    +0.00     258   23.4
subgraph_mip   combined                  200   1.564    3.266    4.830   3.4x     0.856    +0.35    780.81    +4.51     339   30.7
subgraph_mip   blended                   200   0.739    1.448    2.187   7.4x     0.856    +0.29    758.63    +1.54     137   12.4
subgraph_mip   blended_union             200   2.102    2.077    4.178   3.9x     0.854    +0.14    747.12    +0.00     203   18.4
subgraph_mip   diverse                   200   0.148   10.386   10.534   1.5x     0.856    +0.29    758.63    +1.54     917   83.0
subgraph_mip   edge_weight               500   1.552    0.717    2.269   7.2x     0.856    +0.35    780.81    +4.51     108    9.8
subgraph_mip   time_balanced_weight      500   1.755    2.760    4.515   3.6x     0.971   +13.74    758.63    +1.54     399   36.1
subgraph_mip   combined                  500   3.335    2.155    5.490   3.0x     0.856    +0.35    780.81    +4.51     459   41.5
subgraph_mip   blended                   500   1.746    1.450    3.196   5.1x     0.856    +0.29    758.63    +1.54     160   14.5
subgraph_mip   blended_union             500   5.244    1.854    7.099   2.3x     0.854    +0.14    747.12    +0.00     247   22.4
subgraph_mip   diverse                   500   0.614   11.050   11.663   1.4x     0.853    -0.00    747.12    +0.00    1050   95.0
subgraph_mip   edge_weight              1000   3.218    1.147    4.365   3.7x     0.853    -0.00    747.12    +0.00     142   12.8
subgraph_mip   time_balanced_weight     1000   4.065    5.088    9.153   1.8x     0.967   +13.34    747.12    +0.00     500   45.2
subgraph_mip   combined                 1000   7.406    4.617   12.023   1.4x     0.853    +0.00    747.12    +0.00     578   52.3
subgraph_mip   blended                  1000   4.338    2.114    6.453   2.5x     0.856    +0.29    758.63    +1.54     167   15.1
subgraph_mip   blended_union            1000  11.173    2.452   13.626   1.2x     0.853    +0.00    747.12    +0.00     284   25.7
subgraph_mip   diverse                  1000   0.948   13.117   14.065   1.1x     0.853    +0.00    747.12    +0.00    1097   99.3
subgraph_mip   edge_weight              2000   7.839    1.070    8.909   1.8x     0.853    +0.00    747.12    +0.00     185   16.7
subgraph_mip   time_balanced_weight     2000   7.998    3.952   11.950   1.4x     0.965   +13.13    747.12    +0.00     630   57.0
subgraph_mip   combined                 2000  15.464    3.856   19.320   0.8x     0.853    +0.00    747.12    +0.00     685   62.0
subgraph_mip   blended                  2000   9.429    1.836   11.265   1.4x     0.856    +0.29    758.63    +1.54     202   18.3
subgraph_mip   blended_union            2000  25.982    4.786   30.768   0.5x     0.853    +0.00    747.12    +0.00     335   30.3
subgraph_mip   diverse                  2000   2.115   18.801   20.916   0.8x     0.853    +0.00    747.12    +0.00    1105  100.0
subgraph_mip   edge_weight              5000  30.670    2.911   33.581   0.5x     0.853    +0.00    747.12    +0.00     232   21.0
subgraph_mip   time_balanced_weight     5000  26.674   10.908   37.582   0.4x     0.964   +12.98    747.12    +0.00     799   72.3
subgraph_mip   combined                 5000  59.058   11.339   70.397   0.2x     0.853    +0.00    747.12    +0.00     830   75.1
subgraph_mip   blended                  5000  36.189    1.542   37.731   0.4x     0.856    +0.29    758.63    +1.54     232   21.0
subgraph_mip   blended_union            5000  96.646    4.530  101.177   0.2x     0.853    +0.00    747.12    +0.00     355   32.1
subgraph_mip   diverse                  5000   5.593   16.682   22.275   0.7x     0.853    +0.00    747.12    +0.00    1105  100.0
============================================================================================================================

----------------- λ = 0.35 -----------------
========================================================================
Strategy Comparison Experiment — assembly_1  P=3  λ=0.35
========================================================================

Building assembly digraph …
2026-07-01 18:28:48.583 | INFO     | pycaalp.gapp.assembly_digraph:compute_assembly_digraph_complete:395 - Computing assembly digraph...
  343 nodes, 1105 edges  (0.4s)

[1] Full MIP  P=3  λ=0.35
2026-07-01 18:28:48.971 | INFO     | pycaalp.time_balancing.model:run_mip:430 - Running MIP solver ...
presolving:
(round 1, fast)       2 del vars, 2 del conss, 0 add conss, 0 chg bounds, 0 chg sides, 0 chg coeffs, 0 upgd conss, 0 impls, 69 clqs, 0 implints
(round 2, exhaustive) 2 del vars, 2 del conss, 0 add conss, 1 chg bounds, 0 chg sides, 0 chg coeffs, 3408 upgd conss, 0 impls, 69 clqs, 0 implints
   (0.3s) probing: 1000/1181 (84.7%) - 0 fixings, 0 aggregations, 131997 implications, 0 bound changes
   (0.3s) probing: 1001/1181 (84.8%) - 0 fixings, 0 aggregations, 132060 implications, 0 bound changes
   (0.3s) probing aborted: 1000/1000 successive useless probings
   (0.3s) symmetry computation started: requiring (bin +, int +, cont +), (fixed: bin -, int -, cont -)
   (0.3s) no symmetry present (symcode time: 0.00)
presolving (3 rounds: 3 fast, 2 medium, 2 exhaustive):
 2 deleted vars, 2 deleted constraints, 0 added constraints, 1 tightened bounds, 0 added holes, 0 changed sides, 0 changed coefficients
 0 implications, 12312 cliques, 0 implied integral variables (0 bin, 0 int, 0 cont)
presolved problem has 1182 variables (1181 bin, 0 int, 1 cont) and 3721 constraints
     69 constraints of type <setppc>
    313 constraints of type <linear>
   3339 constraints of type <logicor>
Presolving Time: 0.30

 time | node  | left  |LP iter|LP it/n|mem/heur|mdpt |vars |cons |rows |cuts |sepa|confs|strbr|  dualbound   | primalbound  |  gap   | compl. 
p 0.3s|     1 |     0 |     0 |     - | vbounds|   0 |1182 |3752 |3721 |   0 |  0 |  30 |   0 | 0.000000e+00 | 1.627773e+00 |    Inf | unknown
p 0.4s|     1 |     0 |    89 |     - | vbounds|   0 |1182 |3764 |3721 |   0 |  0 |  42 |   0 | 0.000000e+00 | 1.214837e+00 |    Inf | unknown
  0.4s|     1 |     0 |   381 |     - |    29M |   0 |1182 |3764 |3721 |   0 |  0 |  42 |   0 | 8.329273e-01 | 1.214837e+00 |  45.85%| unknown
  0.7s|     1 |     0 |   440 |     - |    31M |   0 |1182 |3765 |3724 |   3 |  1 |  43 |   0 | 8.329398e-01 | 1.214837e+00 |  45.85%| unknown
  1.0s|     1 |     0 |   464 |     - |    36M |   0 |1182 |3775 |3727 |   6 |  2 |  53 |   0 | 8.329550e-01 | 1.214837e+00 |  45.85%| unknown
  1.3s|     1 |     0 |   481 |     - |    44M |   0 |1182 |3771 |3729 |   8 |  3 |  53 |   0 | 8.330771e-01 | 1.214837e+00 |  45.83%| unknown
  1.6s|     1 |     0 |   509 |     - |    51M |   0 |1182 |3774 |3731 |  10 |  4 |  56 |   0 | 8.330771e-01 | 1.214837e+00 |  45.83%| unknown
  2.2s|     1 |     0 |   538 |     - |    57M |   0 |1182 |3775 |3734 |  13 |  5 |  57 |   0 | 8.330771e-01 | 1.214837e+00 |  45.83%| unknown
  2.7s|     1 |     0 |   555 |     - |    65M |   0 |1182 |3772 |3737 |  16 |  6 |  57 |   0 | 8.330771e-01 | 1.214837e+00 |  45.83%| unknown
  3.0s|     1 |     0 |   569 |     - |    68M |   0 |1182 |3773 |3739 |  18 |  7 |  58 |   0 | 8.330771e-01 | 1.214837e+00 |  45.83%| unknown
  3.6s|     1 |     0 |   605 |     - |    70M |   0 |1182 |3773 |3741 |  20 |  8 |  59 |   0 | 8.330809e-01 | 1.214837e+00 |  45.82%| unknown
  4.0s|     1 |     0 |   620 |     - |    80M |   0 |1182 |3783 |3742 |  21 |  9 |  69 |   0 | 8.330827e-01 | 1.214837e+00 |  45.82%| unknown
  4.4s|     1 |     0 |   652 |     - |    92M |   0 |1182 |3788 |3744 |  23 | 10 |  74 |   0 | 8.330836e-01 | 1.214837e+00 |  45.82%| unknown
  4.4s|     1 |     0 |   674 |     - |    92M |   0 |1182 |3791 |3746 |  25 | 11 |  78 |   0 | 8.330927e-01 | 1.214837e+00 |  45.82%| unknown
  4.4s|     1 |     0 |   686 |     - |    93M |   0 |1182 |3799 |3749 |  28 | 12 |  86 |   0 | 8.330928e-01 | 1.214837e+00 |  45.82%| unknown
 time | node  | left  |LP iter|LP it/n|mem/heur|mdpt |vars |cons |rows |cuts |sepa|confs|strbr|  dualbound   | primalbound  |  gap   | compl. 
  4.4s|     1 |     0 |   702 |     - |    93M |   0 |1182 |3799 |3750 |  29 | 13 |  86 |   0 | 8.331085e-01 | 1.214837e+00 |  45.82%| unknown
d 4.6s|     1 |     0 |  2332 |     - |farkasdi|   0 |1182 |3800 |3750 |   0 | 13 |  87 |   0 | 8.331085e-01 | 1.039775e+00 |  24.81%| unknown
L 4.7s|     1 |     0 |  2550 |     - |    rens|   0 |1182 |3796 |3750 |  29 | 13 |  87 |   0 | 8.331085e-01 | 9.884149e-01 |  18.64%| unknown
  4.7s|     1 |     0 |  2550 |     - |    93M |   0 |1182 |3796 |3750 |  29 | 13 |  87 |   0 | 8.331085e-01 | 9.884149e-01 |  18.64%| unknown
  4.7s|     1 |     0 |  2550 |     - |    93M |   0 |1182 |3797 |3738 |  29 | 13 |  88 |   0 | 8.331085e-01 | 9.884149e-01 |  18.64%| unknown
  4.7s|     1 |     0 |  2556 |     - |    93M |   0 |1182 |3797 |3733 |  30 | 14 |  88 |   0 | 8.331085e-01 | 9.884149e-01 |  18.64%| unknown
  4.8s|     1 |     2 |  2560 |     - |    93M |   0 |1182 |3797 |3733 |  30 | 15 |  89 |  19 | 8.331118e-01 | 9.884149e-01 |  18.64%| unknown
* 5.8s|     7 |     4 |  3167 | 424.7 |strongbr|   5 |1182 |3811 |3711 |  30 |  1 | 127 | 216 | 8.331352e-01 | 9.496904e-01 |  13.99%|   2.30%
* 5.8s|     7 |     4 |  3172 | 425.5 |strongbr|   5 |1182 |3811 |3711 |  30 |  3 | 127 | 217 | 8.331352e-01 | 9.495951e-01 |  13.98%|   2.30%
* 5.9s|     7 |     4 |  3209 | 431.7 |    LP  |   5 |1182 |3829 |3711 |  30 | 10 | 149 | 228 | 8.331352e-01 | 9.486328e-01 |  13.86%|   2.30%
* 7.7s|    29 |     8 |  4089 | 123.9 |strongbr|  10 |1182 |3838 |3711 |  31 |  2 | 213 | 488 | 8.331352e-01 | 8.625481e-01 |   3.53%|   8.46%
 16.1s|   100 |    19 |  6507 |  59.5 |   117M |  17 |1182 |3534 |3711 | 165 |  4 | 577 |1113 | 8.333307e-01 | 8.625481e-01 |   3.51%|  22.81%
r17.4s|   135 |    24 |  7207 |  49.2 |randroun|  19 |1182 |3600 |3711 | 183 |  0 | 730 |1226 | 8.334365e-01 | 8.624715e-01 |   3.48%|  23.76%
r18.3s|   146 |    23 |  7520 |  47.6 |randroun|  19 |1182 |3627 |3719 | 216 |  0 | 763 |1237 | 8.335298e-01 | 8.615835e-01 |   3.37%|  26.94%
 20.4s|   200 |    23 |  9230 |  43.3 |   118M |  21 |1182 |3680 |3711 | 274 |  4 |1027 |1490 | 8.340178e-01 | 8.615835e-01 |   3.31%|  39.15%
 time | node  | left  |LP iter|LP it/n|mem/heur|mdpt |vars |cons |rows |cuts |sepa|confs|strbr|  dualbound   | primalbound  |  gap   | compl. 
r20.4s|   201 |    22 |  9236 |  43.1 |rounding|  21 |1182 |3677 |3711 | 274 |  0 |1027 |1490 | 8.340408e-01 | 8.612097e-01 |   3.26%|  41.47%
 23.4s|   300 |    23 | 11350 |  35.9 |   121M |  21 |1182 |3855 |   0 | 361 |  0 |1427 |1800 | 8.340408e-01 | 8.612097e-01 |   3.26%|  55.33%
*25.5s|   381 |    36 | 13095 |  32.8 |    LP  |  21 |1182 |3813 |3723 | 444 |  2 |1541 |1898 | 8.340446e-01 | 8.611944e-01 |   3.26%|  65.24%
 26.0s|   400 |    33 | 13765 |  32.9 |   123M |  21 |1182 |3811 |3712 | 455 |  2 |1610 |1952 | 8.340446e-01 | 8.611944e-01 |   3.26%|  69.87%
*26.0s|   403 |    32 | 13814 |  32.8 |    LP  |  21 |1182 |3819 |3712 | 455 |  5 |1619 |1957 | 8.340446e-01 | 8.542734e-01 |   2.43%|  69.88%
r26.3s|   415 |    32 | 14015 |  32.4 |shifting|  21 |1182 |3718 |3714 | 463 |  0 |1620 |1969 | 8.340446e-01 | 8.541237e-01 |   2.41%|  70.68%
 30.6s|   500 |    37 | 17021 |  32.9 |   125M |  21 |1182 |3664 |3713 | 652 |  2 |1813 |2130 | 8.344795e-01 | 8.541237e-01 |   2.35%|  80.30%
 35.6s|   600 |    31 | 20591 |  33.3 |   125M |  21 |1182 |3230 |3726 | 827 |  0 |2054 |2274 | 8.349847e-01 | 8.541237e-01 |   2.29%|  87.97%
 37.9s|   700 |    26 | 23586 |  32.9 |   126M |  21 |1182 |3226 |   0 | 913 |  0 |2266 |2438 | 8.398090e-01 | 8.541237e-01 |   1.70%|  94.05%
 44.1s|   800 |     2 | 26664 |  32.6 |   133M |  21 |1182 |3209 |3730 |1145 |  0 |2396 |2497 | 8.490900e-01 | 8.541237e-01 |   0.59%|  99.71%

SCIP Status        : problem is solved [optimal solution found]
Solving Time (sec) : 44.17
Solving Nodes      : 802
Primal Bound       : +8.54123686937808e-01 (26 solutions)
Dual Bound         : +8.54123686937808e-01
Gap                : 0.00 %
objective value:                    0.854123686937808
x_('12_5', '13_1')                                  1 	(obj:0.0215043911007026)
x_('11_17', '12_5')                 0.999999999999998 	(obj:0.0170025614754098)
x_('10_31', '11_17')                0.999999999999998 	(obj:0.0186800617415372)
x_('9_42', '10_31')                 0.999999999999998 	(obj:0.0441071428571429)
x_('8_45', '9_42')                                  1 	(obj:0.0294089903721051)
x_('7_37', '8_45')                                  1 	(obj:0.0317374487704918)
x_('6_35', '7_37')                                  1 	(obj:0.0348214285714286)
x_('5_25', '6_35')                                  1 	(obj:0.0304145199063232)
x_('4_21', '5_25')                                  1 	(obj:0.0300514637002342)
x_('3_18', '4_21')                                  1 	(obj:0.075287543911007)
x_('2_14', '3_18')                                  1 	(obj:0.0804888758782201)
x_('1_10', '2_14')                                  1 	(obj:0.114457845433255)
x_('0_1', '1_10')                                   1 	(obj:0.0232142857142857)
y_0_0                                               1 	(obj:0)
y_1_0                                               1 	(obj:0)
y_2_0                                               1 	(obj:0)
y_3_0                                               1 	(obj:0)
y_4_1                                               1 	(obj:0)
y_5_1                                               1 	(obj:0)
y_6_1                                               1 	(obj:0)
y_7_1                                               1 	(obj:0)
y_8_1                                               1 	(obj:0)
y_9_2                                               1 	(obj:0)
y_10_2                                              1 	(obj:0)
y_11_2                              0.999999999999998 	(obj:0)
y_12_2                              0.999999999999998 	(obj:0)
z_('3268741', '3425762')_1                          1 	(obj:0)
z_('3268741', '1966592X')_1                         1 	(obj:0)
z_('1966592X', '3452192')_0                         1 	(obj:0)
z_('3452192', '1353870')_0                          1 	(obj:0)
z_('3452192', '3520162')_0                          1 	(obj:0)
z_('3520162', '3307092')_1                          1 	(obj:0)
z_('3520162', '3524054')_0                          1 	(obj:0)
z_('3268740', '3524054')_1                          1 	(obj:0)
z_('3524054', '3179975')_1                          1 	(obj:0)
z_('3179975', '3422998')_2                          1 	(obj:0)
z_('3422998', '2495223X')_2                         1 	(obj:0)
z_('3422998', '1353870_01')_2                       1 	(obj:0)
z_('2495223X', '2245784X')_2                        1 	(obj:0)
alpha                                4.50072289156626 	(obj:0.0673107709149003)
  obj=0.854  alpha=747.1s  time=44.53s

k = 1
  Subgraph edges — edge_w: 13 (1.2%)  bal_w: 13 (1.2%)  combined: 26 (2.4%)  blended: 13 (1.2%)  blended_union: 37 (3.3%)  diverse: 13 (1.2%)
  [3a] Subgraph / edge_w   k=1 …
2026-07-01 18:29:33.566 | INFO     | pycaalp.time_balancing.model:run_mip:430 - Running MIP solver ...
      obj=0.863 (vs_full=+0.99%)  alpha=792.0s  build=0.004s solve=0.082s  vs_full=+6.01%
  [3b] Subgraph / bal_w    k=1 …
2026-07-01 18:29:33.648 | INFO     | pycaalp.time_balancing.model:run_mip:430 - Running MIP solver ...
      obj=1.052 (vs_full=+23.21%)  alpha=731.8s  build=0.010s solve=0.131s  vs_full=-2.05%
  [3c] Subgraph / combined k=1 …
2026-07-01 18:29:33.779 | INFO     | pycaalp.time_balancing.model:run_mip:430 - Running MIP solver ...
      obj=0.863 (vs_full=+0.99%)  alpha=792.0s  build=0.003s solve=0.789s  vs_full=+6.01%
  [3d] Subgraph / blended  k=1 …
2026-07-01 18:29:34.568 | INFO     | pycaalp.time_balancing.model:run_mip:430 - Running MIP solver ...
      obj=0.869 (vs_full=+1.72%)  alpha=747.1s  build=0.006s solve=0.069s  vs_full=+0.00%
  [3e] Subgraph / bl-union k=1 …
2026-07-01 18:29:34.637 | INFO     | pycaalp.time_balancing.model:run_mip:430 - Running MIP solver ...
      obj=0.855 (vs_full=+0.13%)  alpha=747.1s  build=0.032s solve=0.918s  vs_full=+0.00%
  [3f] Subgraph / diverse  k=1 …
2026-07-01 18:29:35.555 | INFO     | pycaalp.time_balancing.model:run_mip:430 - Running MIP solver ...
      obj=0.869 (vs_full=+1.72%)  alpha=747.1s  build=0.010s solve=0.017s  vs_full=+0.00%

k = 2
  Subgraph edges — edge_w: 15 (1.4%)  bal_w: 15 (1.4%)  combined: 30 (2.7%)  blended: 15 (1.4%)  blended_union: 42 (3.8%)  diverse: 26 (2.4%)
  [3a] Subgraph / edge_w   k=2 …
2026-07-01 18:29:35.619 | INFO     | pycaalp.time_balancing.model:run_mip:430 - Running MIP solver ...
      obj=0.861 (vs_full=+0.83%)  alpha=788.3s  build=0.004s solve=0.092s  vs_full=+5.52%
  [3b] Subgraph / bal_w    k=2 …
2026-07-01 18:29:35.711 | INFO     | pycaalp.time_balancing.model:run_mip:430 - Running MIP solver ...
      obj=1.046 (vs_full=+22.48%)  alpha=731.8s  build=0.005s solve=0.076s  vs_full=-2.05%
  [3c] Subgraph / combined k=2 …
2026-07-01 18:29:35.787 | INFO     | pycaalp.time_balancing.model:run_mip:430 - Running MIP solver ...
      obj=0.861 (vs_full=+0.83%)  alpha=788.3s  build=0.009s solve=0.140s  vs_full=+5.52%
  [3d] Subgraph / blended  k=2 …
2026-07-01 18:29:35.927 | INFO     | pycaalp.time_balancing.model:run_mip:430 - Running MIP solver ...
      obj=0.869 (vs_full=+1.72%)  alpha=747.1s  build=0.004s solve=0.033s  vs_full=+0.00%
  [3e] Subgraph / bl-union k=2 …
2026-07-01 18:29:35.961 | INFO     | pycaalp.time_balancing.model:run_mip:430 - Running MIP solver ...
      obj=0.855 (vs_full=+0.13%)  alpha=747.1s  build=0.020s solve=0.330s  vs_full=+0.00%
  [3f] Subgraph / diverse  k=2 …
2026-07-01 18:29:36.290 | INFO     | pycaalp.time_balancing.model:run_mip:430 - Running MIP solver ...
      obj=0.869 (vs_full=+1.72%)  alpha=747.1s  build=0.004s solve=0.601s  vs_full=+0.00%

k = 5
  Subgraph edges — edge_w: 21 (1.9%)  bal_w: 44 (4.0%)  combined: 65 (5.9%)  blended: 21 (1.9%)  blended_union: 60 (5.4%)  diverse: 65 (5.9%)
  [3a] Subgraph / edge_w   k=5 …
2026-07-01 18:29:37.051 | INFO     | pycaalp.time_balancing.model:run_mip:430 - Running MIP solver ...
      obj=0.861 (vs_full=+0.83%)  alpha=788.3s  build=0.014s solve=0.329s  vs_full=+5.52%
  [3b] Subgraph / bal_w    k=5 …
2026-07-01 18:29:37.380 | INFO     | pycaalp.time_balancing.model:run_mip:430 - Running MIP solver ...
      obj=1.046 (vs_full=+22.48%)  alpha=731.8s  build=0.035s solve=0.206s  vs_full=-2.05%
  [3c] Subgraph / combined k=5 …
2026-07-01 18:29:37.587 | INFO     | pycaalp.time_balancing.model:run_mip:430 - Running MIP solver ...
      obj=0.861 (vs_full=+0.83%)  alpha=788.3s  build=0.035s solve=0.566s  vs_full=+5.52%
  [3d] Subgraph / blended  k=5 …
2026-07-01 18:29:38.153 | INFO     | pycaalp.time_balancing.model:run_mip:430 - Running MIP solver ...
      obj=0.869 (vs_full=+1.72%)  alpha=747.1s  build=0.014s solve=0.118s  vs_full=+0.00%
  [3e] Subgraph / bl-union k=5 …
2026-07-01 18:29:38.271 | INFO     | pycaalp.time_balancing.model:run_mip:430 - Running MIP solver ...
      obj=0.855 (vs_full=+0.13%)  alpha=747.1s  build=0.046s solve=1.069s  vs_full=+0.00%
  [3f] Subgraph / diverse  k=5 …
2026-07-01 18:29:39.340 | INFO     | pycaalp.time_balancing.model:run_mip:430 - Running MIP solver ...
      obj=0.858 (vs_full=+0.49%)  alpha=758.6s  build=0.015s solve=1.291s  vs_full=+1.54%

k = 10
  Subgraph edges — edge_w: 24 (2.2%)  bal_w: 57 (5.2%)  combined: 81 (7.3%)  blended: 26 (2.4%)  blended_union: 75 (6.8%)  diverse: 126 (11.4%)
  [3a] Subgraph / edge_w   k=10 …
2026-07-01 18:29:40.971 | INFO     | pycaalp.time_balancing.model:run_mip:430 - Running MIP solver ...
      obj=0.861 (vs_full=+0.83%)  alpha=788.3s  build=0.026s solve=0.173s  vs_full=+5.52%
  [3b] Subgraph / bal_w    k=10 …
2026-07-01 18:29:41.144 | INFO     | pycaalp.time_balancing.model:run_mip:430 - Running MIP solver ...
      obj=1.045 (vs_full=+22.35%)  alpha=731.8s  build=0.035s solve=0.271s  vs_full=-2.05%
  [3c] Subgraph / combined k=10 …
2026-07-01 18:29:41.415 | INFO     | pycaalp.time_balancing.model:run_mip:430 - Running MIP solver ...
      obj=0.861 (vs_full=+0.83%)  alpha=788.3s  build=0.089s solve=0.383s  vs_full=+5.52%
  [3d] Subgraph / blended  k=10 …
2026-07-01 18:29:41.798 | INFO     | pycaalp.time_balancing.model:run_mip:430 - Running MIP solver ...
      obj=0.869 (vs_full=+1.72%)  alpha=747.1s  build=0.033s solve=0.356s  vs_full=+0.00%
  [3e] Subgraph / bl-union k=10 …
2026-07-01 18:29:42.155 | INFO     | pycaalp.time_balancing.model:run_mip:430 - Running MIP solver ...
      obj=0.855 (vs_full=+0.13%)  alpha=747.1s  build=0.148s solve=1.048s  vs_full=+0.00%
  [3f] Subgraph / diverse  k=10 …
2026-07-01 18:29:43.203 | INFO     | pycaalp.time_balancing.model:run_mip:430 - Running MIP solver ...
      obj=0.858 (vs_full=+0.44%)  alpha=758.6s  build=0.010s solve=1.260s  vs_full=+1.54%

k = 20
  Subgraph edges — edge_w: 35 (3.2%)  bal_w: 73 (6.6%)  combined: 107 (9.7%)  blended: 33 (3.0%)  blended_union: 93 (8.4%)  diverse: 239 (21.6%)
  [3a] Subgraph / edge_w   k=20 …
2026-07-01 18:29:45.057 | INFO     | pycaalp.time_balancing.model:run_mip:430 - Running MIP solver ...
      obj=0.861 (vs_full=+0.83%)  alpha=788.3s  build=0.054s solve=0.327s  vs_full=+5.52%
  [3b] Subgraph / bal_w    k=20 …
2026-07-01 18:29:45.384 | INFO     | pycaalp.time_balancing.model:run_mip:430 - Running MIP solver ...
      obj=0.986 (vs_full=+15.49%)  alpha=754.4s  build=0.068s solve=0.292s  vs_full=+0.98%
  [3c] Subgraph / combined k=20 …
2026-07-01 18:29:45.676 | INFO     | pycaalp.time_balancing.model:run_mip:430 - Running MIP solver ...
      obj=0.861 (vs_full=+0.83%)  alpha=788.3s  build=0.161s solve=0.795s  vs_full=+5.52%
  [3d] Subgraph / blended  k=20 …
2026-07-01 18:29:46.471 | INFO     | pycaalp.time_balancing.model:run_mip:430 - Running MIP solver ...
      obj=0.869 (vs_full=+1.72%)  alpha=747.1s  build=0.080s solve=0.317s  vs_full=+0.00%
  [3e] Subgraph / bl-union k=20 …
2026-07-01 18:29:46.789 | INFO     | pycaalp.time_balancing.model:run_mip:430 - Running MIP solver ...
      obj=0.855 (vs_full=+0.13%)  alpha=747.1s  build=0.213s solve=0.887s  vs_full=-0.00%
  [3f] Subgraph / diverse  k=20 …
2026-07-01 18:29:47.676 | INFO     | pycaalp.time_balancing.model:run_mip:430 - Running MIP solver ...
      obj=0.857 (vs_full=+0.38%)  alpha=758.6s  build=0.018s solve=1.550s  vs_full=+1.54%

k = 50
  Subgraph edges — edge_w: 54 (4.9%)  bal_w: 141 (12.8%)  combined: 190 (17.2%)  blended: 64 (5.8%)  blended_union: 146 (13.2%)  diverse: 510 (46.2%)
  [3a] Subgraph / edge_w   k=50 …
2026-07-01 18:29:50.869 | INFO     | pycaalp.time_balancing.model:run_mip:430 - Running MIP solver ...
      obj=0.860 (vs_full=+0.65%)  alpha=780.8s  build=0.178s solve=0.535s  vs_full=+4.51%
  [3b] Subgraph / bal_w    k=50 …
2026-07-01 18:29:51.404 | INFO     | pycaalp.time_balancing.model:run_mip:430 - Running MIP solver ...
      obj=0.986 (vs_full=+15.45%)  alpha=754.4s  build=0.249s solve=1.260s  vs_full=+0.98%
  [3c] Subgraph / combined k=50 …
2026-07-01 18:29:52.664 | INFO     | pycaalp.time_balancing.model:run_mip:430 - Running MIP solver ...
      obj=0.860 (vs_full=+0.65%)  alpha=780.8s  build=0.414s solve=1.080s  vs_full=+4.51%
  [3d] Subgraph / blended  k=50 …
2026-07-01 18:29:53.744 | INFO     | pycaalp.time_balancing.model:run_mip:430 - Running MIP solver ...
      obj=0.863 (vs_full=+1.05%)  alpha=747.1s  build=0.228s solve=0.737s  vs_full=+0.00%
  [3e] Subgraph / bl-union k=50 …
2026-07-01 18:29:54.481 | INFO     | pycaalp.time_balancing.model:run_mip:430 - Running MIP solver ...
      obj=0.855 (vs_full=+0.13%)  alpha=747.1s  build=0.537s solve=1.172s  vs_full=+0.00%
  [3f] Subgraph / diverse  k=50 …
2026-07-01 18:29:55.653 | INFO     | pycaalp.time_balancing.model:run_mip:430 - Running MIP solver ...
      obj=0.857 (vs_full=+0.38%)  alpha=758.6s  build=0.037s solve=3.283s  vs_full=+1.54%

k = 100
  Subgraph edges — edge_w: 78 (7.1%)  bal_w: 189 (17.1%)  combined: 257 (23.3%)  blended: 80 (7.2%)  blended_union: 190 (17.2%)  diverse: 745 (67.4%)
  [3a] Subgraph / edge_w   k=100 …
2026-07-01 18:30:02.997 | INFO     | pycaalp.time_balancing.model:run_mip:430 - Running MIP solver ...
      obj=0.860 (vs_full=+0.65%)  alpha=780.8s  build=0.415s solve=0.913s  vs_full=+4.51%
  [3b] Subgraph / bal_w    k=100 …
2026-07-01 18:30:03.910 | INFO     | pycaalp.time_balancing.model:run_mip:430 - Running MIP solver ...
      obj=0.986 (vs_full=+15.45%)  alpha=754.4s  build=0.481s solve=2.828s  vs_full=+0.98%
  [3c] Subgraph / combined k=100 …
2026-07-01 18:30:06.738 | INFO     | pycaalp.time_balancing.model:run_mip:430 - Running MIP solver ...
      obj=0.860 (vs_full=+0.65%)  alpha=780.8s  build=1.013s solve=1.860s  vs_full=+4.51%
  [3d] Subgraph / blended  k=100 …
2026-07-01 18:30:08.598 | INFO     | pycaalp.time_balancing.model:run_mip:430 - Running MIP solver ...
      obj=0.863 (vs_full=+1.05%)  alpha=747.1s  build=0.616s solve=0.489s  vs_full=+0.00%
  [3e] Subgraph / bl-union k=100 …
2026-07-01 18:30:09.087 | INFO     | pycaalp.time_balancing.model:run_mip:430 - Running MIP solver ...
      obj=0.855 (vs_full=+0.13%)  alpha=747.1s  build=1.449s solve=1.712s  vs_full=+0.00%
  [3f] Subgraph / diverse  k=100 …
2026-07-01 18:30:10.799 | INFO     | pycaalp.time_balancing.model:run_mip:430 - Running MIP solver ...
      obj=0.857 (vs_full=+0.38%)  alpha=758.6s  build=0.087s solve=7.563s  vs_full=+1.54%

k = 200
  Subgraph edges — edge_w: 95 (8.6%)  bal_w: 258 (23.3%)  combined: 339 (30.7%)  blended: 117 (10.6%)  blended_union: 203 (18.4%)  diverse: 911 (82.4%)
  [3a] Subgraph / edge_w   k=200 …
2026-07-01 18:30:24.679 | INFO     | pycaalp.time_balancing.model:run_mip:430 - Running MIP solver ...
      obj=0.860 (vs_full=+0.65%)  alpha=780.8s  build=0.601s solve=0.693s  vs_full=+4.51%
  [3b] Subgraph / bal_w    k=200 …
2026-07-01 18:30:25.371 | INFO     | pycaalp.time_balancing.model:run_mip:430 - Running MIP solver ...
      obj=0.968 (vs_full=+13.34%)  alpha=747.1s  build=0.876s solve=1.594s  vs_full=+0.00%
  [3c] Subgraph / combined k=200 …
2026-07-01 18:30:26.966 | INFO     | pycaalp.time_balancing.model:run_mip:430 - Running MIP solver ...
      obj=0.860 (vs_full=+0.65%)  alpha=780.8s  build=1.369s solve=1.945s  vs_full=+4.51%
  [3d] Subgraph / blended  k=200 …
2026-07-01 18:30:28.911 | INFO     | pycaalp.time_balancing.model:run_mip:430 - Running MIP solver ...
      obj=0.857 (vs_full=+0.38%)  alpha=758.6s  build=0.792s solve=0.722s  vs_full=+1.54%
  [3e] Subgraph / bl-union k=200 …
2026-07-01 18:30:29.633 | INFO     | pycaalp.time_balancing.model:run_mip:430 - Running MIP solver ...
      obj=0.855 (vs_full=+0.13%)  alpha=747.1s  build=2.547s solve=1.365s  vs_full=+0.00%
  [3f] Subgraph / diverse  k=200 …
2026-07-01 18:30:30.999 | INFO     | pycaalp.time_balancing.model:run_mip:430 - Running MIP solver ...
      obj=0.857 (vs_full=+0.30%)  alpha=747.1s  build=0.130s solve=10.862s  vs_full=+0.00%

k = 500
  Subgraph edges — edge_w: 108 (9.8%)  bal_w: 399 (36.1%)  combined: 459 (41.5%)  blended: 156 (14.1%)  blended_union: 247 (22.4%)  diverse: 1047 (94.8%)
  [3a] Subgraph / edge_w   k=500 …
2026-07-01 18:30:56.326 | INFO     | pycaalp.time_balancing.model:run_mip:430 - Running MIP solver ...
      obj=0.860 (vs_full=+0.65%)  alpha=780.8s  build=1.642s solve=0.463s  vs_full=+4.51%
  [3b] Subgraph / bal_w    k=500 …
2026-07-01 18:30:56.789 | INFO     | pycaalp.time_balancing.model:run_mip:430 - Running MIP solver ...
      obj=0.964 (vs_full=+12.85%)  alpha=758.6s  build=1.825s solve=3.396s  vs_full=+1.54%
  [3c] Subgraph / combined k=500 …
2026-07-01 18:31:00.186 | INFO     | pycaalp.time_balancing.model:run_mip:430 - Running MIP solver ...
      obj=0.860 (vs_full=+0.65%)  alpha=780.8s  build=3.412s solve=2.301s  vs_full=+4.51%
  [3d] Subgraph / blended  k=500 …
2026-07-01 18:31:02.487 | INFO     | pycaalp.time_balancing.model:run_mip:430 - Running MIP solver ...
      obj=0.857 (vs_full=+0.38%)  alpha=758.6s  build=1.978s solve=0.884s  vs_full=+1.54%
  [3e] Subgraph / bl-union k=500 …
2026-07-01 18:31:03.371 | INFO     | pycaalp.time_balancing.model:run_mip:430 - Running MIP solver ...
      obj=0.855 (vs_full=+0.13%)  alpha=747.1s  build=5.209s solve=2.143s  vs_full=+0.00%
  [3f] Subgraph / diverse  k=500 …
2026-07-01 18:31:05.515 | INFO     | pycaalp.time_balancing.model:run_mip:430 - Running MIP solver ...
      obj=0.854 (vs_full=+0.00%)  alpha=747.1s  build=0.399s solve=17.199s  vs_full=+0.00%

k = 1000
  Subgraph edges — edge_w: 142 (12.9%)  bal_w: 500 (45.2%)  combined: 578 (52.3%)  blended: 169 (15.3%)  blended_union: 284 (25.7%)  diverse: 1100 (99.5%)
  [3a] Subgraph / edge_w   k=1000 …
2026-07-01 18:31:55.157 | INFO     | pycaalp.time_balancing.model:run_mip:430 - Running MIP solver ...
      obj=0.854 (vs_full=+0.00%)  alpha=747.1s  build=4.051s solve=0.793s  vs_full=+0.00%
  [3b] Subgraph / bal_w    k=1000 …
2026-07-01 18:31:55.951 | INFO     | pycaalp.time_balancing.model:run_mip:430 - Running MIP solver ...
      obj=0.960 (vs_full=+12.38%)  alpha=747.1s  build=4.028s solve=5.554s  vs_full=+0.00%
  [3c] Subgraph / combined k=1000 …
2026-07-01 18:32:01.505 | INFO     | pycaalp.time_balancing.model:run_mip:430 - Running MIP solver ...
      obj=0.854 (vs_full=+0.00%)  alpha=747.1s  build=7.693s solve=3.871s  vs_full=+0.00%
  [3d] Subgraph / blended  k=1000 …
2026-07-01 18:32:05.375 | INFO     | pycaalp.time_balancing.model:run_mip:430 - Running MIP solver ...
      obj=0.857 (vs_full=+0.38%)  alpha=758.6s  build=4.338s solve=1.371s  vs_full=+1.54%
  [3e] Subgraph / bl-union k=1000 …
2026-07-01 18:32:06.747 | INFO     | pycaalp.time_balancing.model:run_mip:430 - Running MIP solver ...
      obj=0.854 (vs_full=+0.00%)  alpha=747.1s  build=11.376s solve=4.218s  vs_full=+0.00%
  [3f] Subgraph / diverse  k=1000 …
2026-07-01 18:32:10.964 | INFO     | pycaalp.time_balancing.model:run_mip:430 - Running MIP solver ...
      obj=0.854 (vs_full=+0.00%)  alpha=747.1s  build=0.956s solve=19.284s  vs_full=+0.00%

k = 2000
  Subgraph edges — edge_w: 185 (16.7%)  bal_w: 630 (57.0%)  combined: 685 (62.0%)  blended: 194 (17.6%)  blended_union: 335 (30.3%)  diverse: 1105 (100.0%)
  [3a] Subgraph / edge_w   k=2000 …
2026-07-01 18:33:43.156 | INFO     | pycaalp.time_balancing.model:run_mip:430 - Running MIP solver ...
      obj=0.854 (vs_full=+0.00%)  alpha=747.1s  build=7.981s solve=1.768s  vs_full=+0.00%
  [3b] Subgraph / bal_w    k=2000 …
2026-07-01 18:33:44.924 | INFO     | pycaalp.time_balancing.model:run_mip:430 - Running MIP solver ...
      obj=0.958 (vs_full=+12.18%)  alpha=747.1s  build=8.307s solve=5.436s  vs_full=+0.00%
  [3c] Subgraph / combined k=2000 …
2026-07-01 18:33:50.360 | INFO     | pycaalp.time_balancing.model:run_mip:430 - Running MIP solver ...
      obj=0.854 (vs_full=+0.00%)  alpha=747.1s  build=16.451s solve=4.495s  vs_full=+0.00%
  [3d] Subgraph / blended  k=2000 …
2026-07-01 18:33:54.856 | INFO     | pycaalp.time_balancing.model:run_mip:430 - Running MIP solver ...
      obj=0.857 (vs_full=+0.38%)  alpha=758.6s  build=9.787s solve=0.935s  vs_full=+1.54%
  [3e] Subgraph / bl-union k=2000 …
2026-07-01 18:33:55.791 | INFO     | pycaalp.time_balancing.model:run_mip:430 - Running MIP solver ...
      obj=0.854 (vs_full=+0.00%)  alpha=747.1s  build=28.245s solve=5.804s  vs_full=+0.00%
  [3f] Subgraph / diverse  k=2000 …
2026-07-01 18:34:01.595 | INFO     | pycaalp.time_balancing.model:run_mip:430 - Running MIP solver ...
      obj=0.854 (vs_full=+0.00%)  alpha=747.1s  build=2.136s solve=40.323s  vs_full=+0.00%

k = 5000
  Subgraph edges — edge_w: 232 (21.0%)  bal_w: 799 (72.3%)  combined: 830 (75.1%)  blended: 220 (19.9%)  blended_union: 355 (32.1%)  diverse: 1105 (100.0%)
  [3a] Subgraph / edge_w   k=5000 …
2026-07-01 18:39:09.716 | INFO     | pycaalp.time_balancing.model:run_mip:430 - Running MIP solver ...
      obj=0.854 (vs_full=+0.00%)  alpha=747.1s  build=31.723s solve=3.153s  vs_full=+0.00%
  [3b] Subgraph / bal_w    k=5000 …
2026-07-01 18:39:12.868 | INFO     | pycaalp.time_balancing.model:run_mip:430 - Running MIP solver ...
      obj=0.957 (vs_full=+12.04%)  alpha=747.1s  build=28.040s solve=9.068s  vs_full=+0.00%
  [3c] Subgraph / combined k=5000 …
2026-07-01 18:39:21.936 | INFO     | pycaalp.time_balancing.model:run_mip:430 - Running MIP solver ...
      obj=0.854 (vs_full=+0.00%)  alpha=747.1s  build=58.176s solve=7.956s  vs_full=+0.00%
  [3d] Subgraph / blended  k=5000 …
2026-07-01 18:39:29.892 | INFO     | pycaalp.time_balancing.model:run_mip:430 - Running MIP solver ...
      obj=0.857 (vs_full=+0.30%)  alpha=747.1s  build=35.709s solve=1.615s  vs_full=+0.00%
  [3e] Subgraph / bl-union k=5000 …
2026-07-01 18:39:31.507 | INFO     | pycaalp.time_balancing.model:run_mip:430 - Running MIP solver ...
      obj=0.854 (vs_full=+0.00%)  alpha=747.1s  build=108.336s solve=5.639s  vs_full=+0.00%
  [3f] Subgraph / diverse  k=5000 …
2026-07-01 18:39:37.147 | INFO     | pycaalp.time_balancing.model:run_mip:430 - Running MIP solver ...
      obj=0.854 (vs_full=+0.00%)  alpha=747.1s  build=5.812s solve=39.164s  vs_full=+0.00%

Results saved to experiments/strategy_comparison/assembly_1_np_3/strategy_comparison_lambda_0.35.csv
Plot with:  python -m experiments.strategy_comparison.plot_k_sensitivity

============================================================================================================================
SUMMARY — assembly_1  P=3  λ=0.35
============================================================================================================================
Strategy       Weight                      k   Build    Solve    Total  Spdup       Obj   ObjvsF     Alpha    AlvsF   Edges  %Grph
----------------------------------------------------------------------------------------------------------------------------
full_mip       —                               0.000   44.528   44.528   1.0x     0.854    +0.00    747.12    +0.00    1105  100.0
subgraph_mip   edge_weight                 1   0.004    0.082    0.085 521.7x     0.863    +0.99    792.00    +6.01      13    1.2
subgraph_mip   time_balanced_weight        1   0.010    0.131    0.141 315.9x     1.052   +23.21    731.84    -2.05      13    1.2
subgraph_mip   combined                    1   0.003    0.789    0.792  56.2x     0.863    +0.99    792.00    +6.01      26    2.4
subgraph_mip   blended                     1   0.006    0.069    0.076 589.4x     0.869    +1.72    747.12    +0.00      13    1.2
subgraph_mip   blended_union               1   0.032    0.918    0.950  46.9x     0.855    +0.13    747.12    +0.00      37    3.4
subgraph_mip   diverse                     1   0.010    0.017    0.026 1683.7x     0.869    +1.72    747.12    +0.00      13    1.2
subgraph_mip   edge_weight                 2   0.004    0.092    0.096 464.6x     0.861    +0.83    788.33    +5.52      15    1.4
subgraph_mip   time_balanced_weight        2   0.005    0.076    0.081 550.1x     1.046   +22.48    731.84    -2.05      15    1.4
subgraph_mip   combined                    2   0.009    0.140    0.149 298.2x     0.861    +0.83    788.33    +5.52      30    2.7
subgraph_mip   blended                     2   0.004    0.033    0.038 1184.0x     0.869    +1.72    747.12    +0.00      15    1.4
subgraph_mip   blended_union               2   0.020    0.330    0.349 127.5x     0.855    +0.13    747.12    +0.00      42    3.8
subgraph_mip   diverse                     2   0.004    0.601    0.606  73.5x     0.869    +1.72    747.12    +0.00      26    2.4
subgraph_mip   edge_weight                 5   0.014    0.329    0.343 130.0x     0.861    +0.83    788.33    +5.52      21    1.9
subgraph_mip   time_balanced_weight        5   0.035    0.206    0.242 184.3x     1.046   +22.48    731.84    -2.05      44    4.0
subgraph_mip   combined                    5   0.035    0.566    0.602  74.0x     0.861    +0.83    788.33    +5.52      65    5.9
subgraph_mip   blended                     5   0.014    0.118    0.132 338.3x     0.869    +1.72    747.12    +0.00      21    1.9
subgraph_mip   blended_union               5   0.046    1.069    1.115  40.0x     0.855    +0.13    747.12    +0.00      60    5.4
subgraph_mip   diverse                     5   0.015    1.291    1.306  34.1x     0.858    +0.49    758.63    +1.54      65    5.9
subgraph_mip   edge_weight                10   0.026    0.173    0.199 223.6x     0.861    +0.83    788.33    +5.52      24    2.2
subgraph_mip   time_balanced_weight       10   0.035    0.271    0.305 145.8x     1.045   +22.35    731.84    -2.05      57    5.2
subgraph_mip   combined                   10   0.089    0.383    0.472  94.2x     0.861    +0.83    788.33    +5.52      81    7.3
subgraph_mip   blended                    10   0.033    0.356    0.389 114.5x     0.869    +1.72    747.12    +0.00      26    2.4
subgraph_mip   blended_union              10   0.148    1.048    1.196  37.2x     0.855    +0.13    747.12    +0.00      75    6.8
subgraph_mip   diverse                    10   0.010    1.260    1.270  35.1x     0.858    +0.44    758.63    +1.54     126   11.4
subgraph_mip   edge_weight                20   0.054    0.327    0.381 116.9x     0.861    +0.83    788.33    +5.52      35    3.2
subgraph_mip   time_balanced_weight       20   0.068    0.292    0.360 123.8x     0.986   +15.49    754.42    +0.98      73    6.6
subgraph_mip   combined                   20   0.161    0.795    0.957  46.5x     0.861    +0.83    788.33    +5.52     107    9.7
subgraph_mip   blended                    20   0.080    0.317    0.397 112.2x     0.869    +1.72    747.12    +0.00      33    3.0
subgraph_mip   blended_union              20   0.213    0.887    1.100  40.5x     0.855    +0.13    747.12    -0.00      93    8.4
subgraph_mip   diverse                    20   0.018    1.550    1.568  28.4x     0.857    +0.38    758.63    +1.54     239   21.6
subgraph_mip   edge_weight                50   0.178    0.535    0.713  62.5x     0.860    +0.65    780.81    +4.51      54    4.9
subgraph_mip   time_balanced_weight       50   0.249    1.260    1.509  29.5x     0.986   +15.45    754.42    +0.98     141   12.8
subgraph_mip   combined                   50   0.414    1.080    1.495  29.8x     0.860    +0.65    780.81    +4.51     190   17.2
subgraph_mip   blended                    50   0.228    0.737    0.965  46.2x     0.863    +1.05    747.12    +0.00      64    5.8
subgraph_mip   blended_union              50   0.537    1.172    1.709  26.1x     0.855    +0.13    747.12    +0.00     146   13.2
subgraph_mip   diverse                    50   0.037    3.283    3.320  13.4x     0.857    +0.38    758.63    +1.54     510   46.1
subgraph_mip   edge_weight               100   0.415    0.913    1.328  33.5x     0.860    +0.65    780.81    +4.51      78    7.1
subgraph_mip   time_balanced_weight      100   0.481    2.828    3.309  13.5x     0.986   +15.45    754.42    +0.98     189   17.1
subgraph_mip   combined                  100   1.013    1.860    2.873  15.5x     0.860    +0.65    780.81    +4.51     257   23.3
subgraph_mip   blended                   100   0.616    0.489    1.105  40.3x     0.863    +1.05    747.12    +0.00      80    7.2
subgraph_mip   blended_union             100   1.449    1.712    3.161  14.1x     0.855    +0.13    747.12    +0.00     190   17.2
subgraph_mip   diverse                   100   0.087    7.563    7.650   5.8x     0.857    +0.38    758.63    +1.54     745   67.4
subgraph_mip   edge_weight               200   0.601    0.693    1.294  34.4x     0.860    +0.65    780.81    +4.51      95    8.6
subgraph_mip   time_balanced_weight      200   0.876    1.594    2.471  18.0x     0.968   +13.34    747.12    +0.00     258   23.4
subgraph_mip   combined                  200   1.369    1.945    3.314  13.4x     0.860    +0.65    780.81    +4.51     339   30.7
subgraph_mip   blended                   200   0.792    0.722    1.514  29.4x     0.857    +0.38    758.63    +1.54     117   10.6
subgraph_mip   blended_union             200   2.547    1.365    3.913  11.4x     0.855    +0.13    747.12    +0.00     203   18.4
subgraph_mip   diverse                   200   0.130   10.862   10.992   4.0x     0.857    +0.30    747.12    +0.00     911   82.4
subgraph_mip   edge_weight               500   1.642    0.463    2.106  21.1x     0.860    +0.65    780.81    +4.51     108    9.8
subgraph_mip   time_balanced_weight      500   1.825    3.396    5.222   8.5x     0.964   +12.85    758.63    +1.54     399   36.1
subgraph_mip   combined                  500   3.412    2.301    5.712   7.8x     0.860    +0.65    780.81    +4.51     459   41.5
subgraph_mip   blended                   500   1.978    0.884    2.862  15.6x     0.857    +0.38    758.63    +1.54     156   14.1
subgraph_mip   blended_union             500   5.209    2.143    7.352   6.1x     0.855    +0.13    747.12    +0.00     247   22.4
subgraph_mip   diverse                   500   0.399   17.199   17.598   2.5x     0.854    +0.00    747.12    +0.00    1047   94.8
subgraph_mip   edge_weight              1000   4.051    0.793    4.844   9.2x     0.854    +0.00    747.12    +0.00     142   12.8
subgraph_mip   time_balanced_weight     1000   4.028    5.554    9.582   4.7x     0.960   +12.38    747.12    +0.00     500   45.2
subgraph_mip   combined                 1000   7.693    3.871   11.564   3.9x     0.854    +0.00    747.12    +0.00     578   52.3
subgraph_mip   blended                  1000   4.338    1.371    5.709   7.8x     0.857    +0.38    758.63    +1.54     169   15.3
subgraph_mip   blended_union            1000  11.376    4.218   15.593   2.9x     0.854    +0.00    747.12    +0.00     284   25.7
subgraph_mip   diverse                  1000   0.956   19.284   20.241   2.2x     0.854    +0.00    747.12    +0.00    1100   99.5
subgraph_mip   edge_weight              2000   7.981    1.768    9.749   4.6x     0.854    +0.00    747.12    +0.00     185   16.7
subgraph_mip   time_balanced_weight     2000   8.307    5.436   13.743   3.2x     0.958   +12.18    747.12    +0.00     630   57.0
subgraph_mip   combined                 2000  16.451    4.495   20.946   2.1x     0.854    +0.00    747.12    +0.00     685   62.0
subgraph_mip   blended                  2000   9.787    0.935   10.722   4.2x     0.857    +0.38    758.63    +1.54     194   17.6
subgraph_mip   blended_union            2000  28.245    5.804   34.049   1.3x     0.854    +0.00    747.12    +0.00     335   30.3
subgraph_mip   diverse                  2000   2.136   40.323   42.458   1.1x     0.854    +0.00    747.12    +0.00    1105  100.0
subgraph_mip   edge_weight              5000  31.723    3.153   34.876   1.3x     0.854    +0.00    747.12    +0.00     232   21.0
subgraph_mip   time_balanced_weight     5000  28.040    9.068   37.108   1.2x     0.957   +12.04    747.12    +0.00     799   72.3
subgraph_mip   combined                 5000  58.176    7.956   66.132   0.7x     0.854    +0.00    747.12    +0.00     830   75.1
subgraph_mip   blended                  5000  35.709    1.615   37.324   1.2x     0.857    +0.30    747.12    +0.00     220   19.9
subgraph_mip   blended_union            5000 108.336    5.639  113.976   0.4x     0.854    +0.00    747.12    +0.00     355   32.1
subgraph_mip   diverse                  5000   5.812   39.164   44.976   1.0x     0.854    +0.00    747.12    +0.00    1105  100.0
============================================================================================================================

----------------- λ = 0.4 -----------------
========================================================================
Strategy Comparison Experiment — assembly_1  P=3  λ=0.4
========================================================================

Building assembly digraph …
2026-07-01 18:28:48.530 | INFO     | pycaalp.gapp.assembly_digraph:compute_assembly_digraph_complete:395 - Computing assembly digraph...
  343 nodes, 1105 edges  (0.3s)

[1] Full MIP  P=3  λ=0.4
2026-07-01 18:28:48.858 | INFO     | pycaalp.time_balancing.model:run_mip:430 - Running MIP solver ...
presolving:
(round 1, fast)       2 del vars, 2 del conss, 0 add conss, 0 chg bounds, 0 chg sides, 0 chg coeffs, 0 upgd conss, 0 impls, 69 clqs, 0 implints
(round 2, exhaustive) 2 del vars, 2 del conss, 0 add conss, 1 chg bounds, 0 chg sides, 0 chg coeffs, 3408 upgd conss, 0 impls, 69 clqs, 0 implints
   (0.2s) probing: 1000/1181 (84.7%) - 0 fixings, 0 aggregations, 131997 implications, 0 bound changes
   (0.2s) probing: 1001/1181 (84.8%) - 0 fixings, 0 aggregations, 132060 implications, 0 bound changes
   (0.2s) probing aborted: 1000/1000 successive useless probings
   (0.2s) symmetry computation started: requiring (bin +, int +, cont +), (fixed: bin -, int -, cont -)
   (0.2s) no symmetry present (symcode time: 0.00)
presolving (3 rounds: 3 fast, 2 medium, 2 exhaustive):
 2 deleted vars, 2 deleted constraints, 0 added constraints, 1 tightened bounds, 0 added holes, 0 changed sides, 0 changed coefficients
 0 implications, 12312 cliques, 0 implied integral variables (0 bin, 0 int, 0 cont)
presolved problem has 1182 variables (1181 bin, 0 int, 1 cont) and 3721 constraints
     69 constraints of type <setppc>
    313 constraints of type <linear>
   3339 constraints of type <logicor>
Presolving Time: 0.22

 time | node  | left  |LP iter|LP it/n|mem/heur|mdpt |vars |cons |rows |cuts |sepa|confs|strbr|  dualbound   | primalbound  |  gap   | compl. 
p 0.2s|     1 |     0 |     0 |     - | vbounds|   0 |1182 |3752 |3721 |   0 |  0 |  30 |   0 | 0.000000e+00 | 1.685149e+00 |    Inf | unknown
p 0.3s|     1 |     0 |    89 |     - | vbounds|   0 |1182 |3764 |3721 |   0 |  0 |  42 |   0 | 0.000000e+00 | 1.220559e+00 |    Inf | unknown
  0.3s|     1 |     0 |   381 |     - |    29M |   0 |1182 |3764 |3721 |   0 |  0 |  42 |   0 | 8.329273e-01 | 1.220559e+00 |  46.54%| unknown
  0.6s|     1 |     0 |   440 |     - |    31M |   0 |1182 |3765 |3724 |   3 |  1 |  43 |   0 | 8.329388e-01 | 1.220559e+00 |  46.54%| unknown
  0.9s|     1 |     0 |   472 |     - |    36M |   0 |1182 |3775 |3727 |   6 |  2 |  53 |   0 | 8.329529e-01 | 1.220559e+00 |  46.53%| unknown
  1.2s|     1 |     0 |   519 |     - |    43M |   0 |1182 |3776 |3728 |   7 |  3 |  54 |   0 | 8.330656e-01 | 1.220559e+00 |  46.51%| unknown
  1.6s|     1 |     0 |   527 |     - |    50M |   0 |1182 |3779 |3731 |  10 |  4 |  62 |   0 | 8.330656e-01 | 1.220559e+00 |  46.51%| unknown
  2.0s|     1 |     0 |   540 |     - |    60M |   0 |1182 |3788 |3734 |  13 |  5 |  72 |   0 | 8.330656e-01 | 1.220559e+00 |  46.51%| unknown
  2.3s|     1 |     0 |   554 |     - |    67M |   0 |1182 |3790 |3737 |  16 |  6 |  77 |   0 | 8.330656e-01 | 1.220559e+00 |  46.51%| unknown
  2.8s|     1 |     0 |   566 |     - |    74M |   0 |1182 |3797 |3738 |  17 |  7 |  85 |   0 | 8.330656e-01 | 1.220559e+00 |  46.51%| unknown
  3.3s|     1 |     0 |   579 |     - |    81M |   0 |1182 |3798 |3739 |  18 |  8 |  86 |   0 | 8.330656e-01 | 1.220559e+00 |  46.51%| unknown
  3.6s|     1 |     0 |   596 |     - |    88M |   0 |1182 |3803 |3741 |  20 |  9 |  96 |   0 | 8.330656e-01 | 1.220559e+00 |  46.51%| unknown
  4.0s|     1 |     0 |   600 |     - |    97M |   0 |1182 |3813 |3743 |  22 | 10 | 106 |   0 | 8.330656e-01 | 1.220559e+00 |  46.51%| unknown
  4.0s|     1 |     0 |   602 |     - |    97M |   0 |1182 |3814 |3745 |  24 | 11 | 107 |   0 | 8.330656e-01 | 1.220559e+00 |  46.51%| unknown
  4.0s|     1 |     0 |   609 |     - |    98M |   0 |1182 |3815 |3747 |  26 | 12 | 108 |   0 | 8.330656e-01 | 1.220559e+00 |  46.51%| unknown
 time | node  | left  |LP iter|LP it/n|mem/heur|mdpt |vars |cons |rows |cuts |sepa|confs|strbr|  dualbound   | primalbound  |  gap   | compl. 
  4.0s|     1 |     0 |   615 |     - |    98M |   0 |1182 |3820 |3749 |  28 | 13 | 116 |   0 | 8.330656e-01 | 1.220559e+00 |  46.51%| unknown
  4.0s|     1 |     0 |   620 |     - |    98M |   0 |1182 |3820 |3752 |  31 | 14 | 117 |   0 | 8.330656e-01 | 1.220559e+00 |  46.51%| unknown
d 4.1s|     1 |     0 |  1109 |     - |farkasdi|   0 |1182 |3818 |3752 |   0 | 14 | 118 |   0 | 8.330656e-01 | 1.068767e+00 |  28.29%| unknown
  4.3s|     1 |     0 |  2024 |     - |    99M |   0 |1182 |3819 |3752 |  31 | 14 | 124 |   0 | 8.330656e-01 | 1.068767e+00 |  28.29%| unknown
  4.4s|     1 |     2 |  2024 |     - |    99M |   0 |1182 |3816 |3752 |  31 | 15 | 126 |  19 | 8.330708e-01 | 1.068767e+00 |  28.29%| unknown
* 6.9s|    14 |     8 |  3096 | 197.3 |strongbr|   8 |1182 |3808 |3728 |  31 |  1 | 154 | 352 | 8.330708e-01 | 8.860834e-01 |   6.36%|   4.93%
* 7.0s|    22 |     7 |  3185 | 126.4 |strongbr|  11 |1182 |3635 |3728 |  31 |  2 | 176 | 390 | 8.330708e-01 | 8.825543e-01 |   5.94%|   6.51%
* 7.7s|    28 |    13 |  3430 | 107.4 |strongbr|  11 |1182 |3656 |3745 |  50 | 11 | 212 | 469 | 8.330708e-01 | 8.685352e-01 |   4.26%|   6.63%
* 8.3s|    33 |    16 |  3680 |  98.4 |strongbr|  14 |1182 |3499 |3735 |  70 |  1 | 218 | 558 | 8.330708e-01 | 8.631592e-01 |   3.61%|   7.73%
* 8.3s|    34 |    16 |  3696 |  95.9 |strongbr|  15 |1182 |3320 |3735 |  70 |  1 | 218 | 561 | 8.330708e-01 | 8.590384e-01 |   3.12%|   7.88%
r11.4s|    92 |    22 |  5755 |  57.4 |shifting|  17 |1182 |3401 |3733 | 188 |  2 | 588 |1016 | 8.331226e-01 | 8.569346e-01 |   2.86%|  26.56%
 12.5s|   100 |    23 |  6293 |  58.2 |   129M |  17 |1182 |3453 |3728 | 219 |  1 | 686 |1081 | 8.331226e-01 | 8.569346e-01 |   2.86%|  34.28%
 18.9s|   200 |    43 |  9367 |  44.4 |   132M |  19 |1182 |3667 |3743 | 420 |  1 |1030 |1471 | 8.331271e-01 | 8.569346e-01 |   2.86%|  39.36%
 23.1s|   300 |    62 | 11766 |  37.6 |   133M |  19 |1182 |3655 |3737 | 595 |  2 |1273 |1636 | 8.333976e-01 | 8.569346e-01 |   2.82%|  45.01%
 24.8s|   400 |    61 | 13925 |  33.6 |   133M |  19 |1182 |3737 |3728 | 657 |  0 |1592 |1829 | 8.334834e-01 | 8.569346e-01 |   2.81%|  52.05%
 time | node  | left  |LP iter|LP it/n|mem/heur|mdpt |vars |cons |rows |cuts |sepa|confs|strbr|  dualbound   | primalbound  |  gap   | compl. 
 28.6s|   500 |    78 | 16944 |  32.9 |   136M |  19 |1182 |3890 |3744 | 915 |  9 |1894 |2022 | 8.335979e-01 | 8.569346e-01 |   2.80%|  56.49%
 32.1s|   600 |    98 | 19553 |  31.8 |   140M |  19 |1182 |3974 |3740 |1117 |  1 |2130 |2187 | 8.338869e-01 | 8.569346e-01 |   2.76%|  57.07%
*34.2s|   653 |   102 | 21551 |  32.2 |    LP  |  19 |1182 |4032 |3737 |1263 |  2 |2276 |2264 | 8.346334e-01 | 8.550037e-01 |   2.44%|  59.12%
 36.4s|   700 |   100 | 22917 |  32.0 |   142M |  20 |1182 |3981 |3736 |1377 |  2 |2390 |2327 | 8.347160e-01 | 8.550037e-01 |   2.43%|  61.07%
 37.9s|   800 |    82 | 25090 |  30.7 |   142M |  20 |1182 |3983 |3742 |1482 |  4 |2577 |2381 | 8.362562e-01 | 8.550037e-01 |   2.24%|  70.41%
 40.5s|   900 |    59 | 29323 |  32.0 |   143M |  20 |1182 |4107 |   0 |1637 |  0 |2962 |2528 | 8.373991e-01 | 8.550037e-01 |   2.10%|  80.00%
 45.2s|  1000 |    33 | 33878 |  33.4 |   146M |  20 |1182 |4186 |3737 |1925 |  0 |3302 |2705 | 8.399487e-01 | 8.550037e-01 |   1.79%|  87.61%

SCIP Status        : problem is solved [optimal solution found]
Solving Time (sec) : 46.50
Solving Nodes      : 1084
Primal Bound       : +8.55003651130650e-01 (20 solutions)
Dual Bound         : +8.55003651130650e-01
Gap                : 0.00 %
objective value:                     0.85500365113065
x_('12_5', '13_1')                                  1 	(obj:0.0198502071698793)
x_('11_17', '12_5')                                 1 	(obj:0.0156946721311475)
x_('10_31', '11_17')                                1 	(obj:0.0172431339152651)
x_('9_42', '10_31')                                 1 	(obj:0.0407142857142857)
x_('8_45', '9_42')                  0.999999999999978 	(obj:0.0271467603434817)
x_('7_37', '8_45')                  0.999999999999978 	(obj:0.029296106557377)
x_('6_35', '7_37')                  0.999999999999978 	(obj:0.0321428571428571)
x_('5_25', '6_35')                  0.999999999999978 	(obj:0.0280749414519906)
x_('4_21', '5_25')                                  1 	(obj:0.02773981264637)
x_('3_18', '4_21')                                  1 	(obj:0.0694961943793911)
x_('2_14', '3_18')                                  1 	(obj:0.0742974238875878)
x_('1_10', '2_14')                                  1 	(obj:0.105653395784543)
x_('0_1', '1_10')                                   1 	(obj:0.0214285714285714)
y_0_0                                               1 	(obj:0)
y_1_0                                               1 	(obj:0)
y_2_0                                               1 	(obj:0)
y_3_0                                               1 	(obj:0)
y_4_1                                               1 	(obj:0)
y_5_1                                               1 	(obj:0)
y_6_1                                               1 	(obj:0)
y_7_1                                               1 	(obj:0)
y_8_1                                               1 	(obj:0)
y_9_2                                               1 	(obj:0)
y_10_2                                              1 	(obj:0)
y_11_2                                              1 	(obj:0)
y_12_2                                              1 	(obj:0)
z_('3268741', '3425762')_1                          1 	(obj:0)
z_('3268741', '1966592X')_1                         1 	(obj:0)
z_('1966592X', '3452192')_0                         1 	(obj:0)
z_('3452192', '1353870')_0                          1 	(obj:0)
z_('3452192', '3520162')_0                          1 	(obj:0)
z_('3520162', '3307092')_1                          1 	(obj:0)
z_('3520162', '3524054')_0                          1 	(obj:0)
z_('3268740', '3524054')_1                          1 	(obj:0)
z_('3524054', '3179975')_1                          1 	(obj:0)
z_('3179975', '3422998')_2                          1 	(obj:0)
z_('3422998', '2495223X')_2                         1 	(obj:0)
z_('3422998', '1353870_01')_2                       1 	(obj:0)
z_('2495223X', '2245784X')_2                        1 	(obj:0)
alpha                                4.50072289156626 	(obj:0.0769265953313146)
  obj=0.855  alpha=747.1s  time=46.60s

k = 1
  Subgraph edges — edge_w: 13 (1.2%)  bal_w: 13 (1.2%)  combined: 26 (2.4%)  blended: 13 (1.2%)  blended_union: 37 (3.3%)  diverse: 13 (1.2%)
  [3a] Subgraph / edge_w   k=1 …
2026-07-01 18:29:35.476 | INFO     | pycaalp.time_balancing.model:run_mip:430 - Running MIP solver ...
      obj=0.867 (vs_full=+1.38%)  alpha=792.0s  build=0.002s solve=0.042s  vs_full=+6.01%
  [3b] Subgraph / bal_w    k=1 …
2026-07-01 18:29:35.519 | INFO     | pycaalp.time_balancing.model:run_mip:430 - Running MIP solver ...
      obj=1.037 (vs_full=+21.24%)  alpha=731.8s  build=0.001s solve=0.032s  vs_full=-2.05%
  [3c] Subgraph / combined k=1 …
2026-07-01 18:29:35.551 | INFO     | pycaalp.time_balancing.model:run_mip:430 - Running MIP solver ...
      obj=0.867 (vs_full=+1.38%)  alpha=792.0s  build=0.002s solve=0.085s  vs_full=+6.01%
  [3d] Subgraph / blended  k=1 …
2026-07-01 18:29:35.636 | INFO     | pycaalp.time_balancing.model:run_mip:430 - Running MIP solver ...
      obj=0.869 (vs_full=+1.58%)  alpha=747.1s  build=0.001s solve=0.030s  vs_full=-0.00%
  [3e] Subgraph / bl-union k=1 …
2026-07-01 18:29:35.667 | INFO     | pycaalp.time_balancing.model:run_mip:430 - Running MIP solver ...
      obj=0.856 (vs_full=+0.12%)  alpha=747.1s  build=0.012s solve=0.410s  vs_full=+0.00%
  [3f] Subgraph / diverse  k=1 …
2026-07-01 18:29:36.076 | INFO     | pycaalp.time_balancing.model:run_mip:430 - Running MIP solver ...
      obj=0.869 (vs_full=+1.58%)  alpha=747.1s  build=0.004s solve=0.026s  vs_full=-0.00%

k = 2
  Subgraph edges — edge_w: 15 (1.4%)  bal_w: 15 (1.4%)  combined: 30 (2.7%)  blended: 15 (1.4%)  blended_union: 42 (3.8%)  diverse: 26 (2.4%)
  [3a] Subgraph / edge_w   k=2 …
2026-07-01 18:29:36.180 | INFO     | pycaalp.time_balancing.model:run_mip:430 - Running MIP solver ...
      obj=0.865 (vs_full=+1.19%)  alpha=788.3s  build=0.008s solve=0.031s  vs_full=+5.52%
  [3b] Subgraph / bal_w    k=2 …
2026-07-01 18:29:36.211 | INFO     | pycaalp.time_balancing.model:run_mip:430 - Running MIP solver ...
      obj=1.031 (vs_full=+20.57%)  alpha=731.8s  build=0.010s solve=0.058s  vs_full=-2.05%
  [3c] Subgraph / combined k=2 …
2026-07-01 18:29:36.269 | INFO     | pycaalp.time_balancing.model:run_mip:430 - Running MIP solver ...
      obj=0.865 (vs_full=+1.19%)  alpha=788.3s  build=0.021s solve=0.163s  vs_full=+5.52%
  [3d] Subgraph / blended  k=2 …
2026-07-01 18:29:36.432 | INFO     | pycaalp.time_balancing.model:run_mip:430 - Running MIP solver ...
      obj=0.869 (vs_full=+1.58%)  alpha=747.1s  build=0.010s solve=0.042s  vs_full=-0.00%
  [3e] Subgraph / bl-union k=2 …
2026-07-01 18:29:36.473 | INFO     | pycaalp.time_balancing.model:run_mip:430 - Running MIP solver ...
      obj=0.856 (vs_full=+0.12%)  alpha=747.1s  build=0.025s solve=0.803s  vs_full=+0.00%
  [3f] Subgraph / diverse  k=2 …
2026-07-01 18:29:37.276 | INFO     | pycaalp.time_balancing.model:run_mip:430 - Running MIP solver ...
      obj=0.869 (vs_full=+1.58%)  alpha=747.1s  build=0.004s solve=0.035s  vs_full=+0.00%

k = 5
  Subgraph edges — edge_w: 21 (1.9%)  bal_w: 44 (4.0%)  combined: 65 (5.9%)  blended: 21 (1.9%)  blended_union: 60 (5.4%)  diverse: 65 (5.9%)
  [3a] Subgraph / edge_w   k=5 …
2026-07-01 18:29:37.482 | INFO     | pycaalp.time_balancing.model:run_mip:430 - Running MIP solver ...
      obj=0.865 (vs_full=+1.19%)  alpha=788.3s  build=0.023s solve=0.219s  vs_full=+5.52%
  [3b] Subgraph / bal_w    k=5 …
2026-07-01 18:29:37.701 | INFO     | pycaalp.time_balancing.model:run_mip:430 - Running MIP solver ...
      obj=1.031 (vs_full=+20.57%)  alpha=731.8s  build=0.025s solve=0.203s  vs_full=-2.05%
  [3c] Subgraph / combined k=5 …
2026-07-01 18:29:37.905 | INFO     | pycaalp.time_balancing.model:run_mip:430 - Running MIP solver ...
      obj=0.865 (vs_full=+1.19%)  alpha=788.3s  build=0.032s solve=0.455s  vs_full=+5.52%
  [3d] Subgraph / blended  k=5 …
2026-07-01 18:29:38.360 | INFO     | pycaalp.time_balancing.model:run_mip:430 - Running MIP solver ...
      obj=0.869 (vs_full=+1.58%)  alpha=747.1s  build=0.026s solve=0.097s  vs_full=+0.00%
  [3e] Subgraph / bl-union k=5 …
2026-07-01 18:29:38.458 | INFO     | pycaalp.time_balancing.model:run_mip:430 - Running MIP solver ...
      obj=0.856 (vs_full=+0.12%)  alpha=747.1s  build=0.058s solve=0.608s  vs_full=+0.00%
  [3f] Subgraph / diverse  k=5 …
2026-07-01 18:29:39.066 | INFO     | pycaalp.time_balancing.model:run_mip:430 - Running MIP solver ...
      obj=0.860 (vs_full=+0.57%)  alpha=758.6s  build=0.007s solve=1.043s  vs_full=+1.54%

k = 10
  Subgraph edges — edge_w: 24 (2.2%)  bal_w: 57 (5.2%)  combined: 81 (7.3%)  blended: 26 (2.4%)  blended_union: 75 (6.8%)  diverse: 126 (11.4%)
  [3a] Subgraph / edge_w   k=10 …
2026-07-01 18:29:40.475 | INFO     | pycaalp.time_balancing.model:run_mip:430 - Running MIP solver ...
      obj=0.865 (vs_full=+1.19%)  alpha=788.3s  build=0.053s solve=0.240s  vs_full=+5.52%
  [3b] Subgraph / bal_w    k=10 …
2026-07-01 18:29:40.715 | INFO     | pycaalp.time_balancing.model:run_mip:430 - Running MIP solver ...
      obj=1.030 (vs_full=+20.45%)  alpha=731.8s  build=0.045s solve=0.328s  vs_full=-2.05%
  [3c] Subgraph / combined k=10 …
2026-07-01 18:29:41.043 | INFO     | pycaalp.time_balancing.model:run_mip:430 - Running MIP solver ...
      obj=0.865 (vs_full=+1.19%)  alpha=788.3s  build=0.089s solve=0.577s  vs_full=+5.52%
  [3d] Subgraph / blended  k=10 …
2026-07-01 18:29:41.621 | INFO     | pycaalp.time_balancing.model:run_mip:430 - Running MIP solver ...
      obj=0.869 (vs_full=+1.58%)  alpha=747.1s  build=0.054s solve=0.111s  vs_full=+0.00%
  [3e] Subgraph / bl-union k=10 …
2026-07-01 18:29:41.732 | INFO     | pycaalp.time_balancing.model:run_mip:430 - Running MIP solver ...
      obj=0.856 (vs_full=+0.12%)  alpha=747.1s  build=0.115s solve=0.688s  vs_full=+0.00%
  [3f] Subgraph / diverse  k=10 …
2026-07-01 18:29:42.421 | INFO     | pycaalp.time_balancing.model:run_mip:430 - Running MIP solver ...
      obj=0.860 (vs_full=+0.52%)  alpha=758.6s  build=0.010s solve=0.691s  vs_full=+1.54%

k = 20
  Subgraph edges — edge_w: 35 (3.2%)  bal_w: 73 (6.6%)  combined: 107 (9.7%)  blended: 33 (3.0%)  blended_union: 93 (8.4%)  diverse: 239 (21.6%)
  [3a] Subgraph / edge_w   k=20 …
2026-07-01 18:29:43.851 | INFO     | pycaalp.time_balancing.model:run_mip:430 - Running MIP solver ...
      obj=0.865 (vs_full=+1.19%)  alpha=788.3s  build=0.074s solve=0.490s  vs_full=+5.52%
  [3b] Subgraph / bal_w    k=20 …
2026-07-01 18:29:44.342 | INFO     | pycaalp.time_balancing.model:run_mip:430 - Running MIP solver ...
      obj=0.978 (vs_full=+14.36%)  alpha=754.4s  build=0.118s solve=0.324s  vs_full=+0.98%
  [3c] Subgraph / combined k=20 …
2026-07-01 18:29:44.666 | INFO     | pycaalp.time_balancing.model:run_mip:430 - Running MIP solver ...
      obj=0.865 (vs_full=+1.19%)  alpha=788.3s  build=0.181s solve=1.113s  vs_full=+5.52%
  [3d] Subgraph / blended  k=20 …
2026-07-01 18:29:45.779 | INFO     | pycaalp.time_balancing.model:run_mip:430 - Running MIP solver ...
      obj=0.869 (vs_full=+1.58%)  alpha=747.1s  build=0.091s solve=0.090s  vs_full=+0.00%
  [3e] Subgraph / bl-union k=20 …
2026-07-01 18:29:45.869 | INFO     | pycaalp.time_balancing.model:run_mip:430 - Running MIP solver ...
      obj=0.856 (vs_full=+0.12%)  alpha=747.1s  build=0.250s solve=1.007s  vs_full=+0.00%
  [3f] Subgraph / diverse  k=20 …
2026-07-01 18:29:46.876 | INFO     | pycaalp.time_balancing.model:run_mip:430 - Running MIP solver ...
      obj=0.858 (vs_full=+0.39%)  alpha=747.1s  build=0.026s solve=0.882s  vs_full=+0.00%

k = 50
  Subgraph edges — edge_w: 54 (4.9%)  bal_w: 141 (12.8%)  combined: 190 (17.2%)  blended: 56 (5.1%)  blended_union: 146 (13.2%)  diverse: 513 (46.4%)
  [3a] Subgraph / edge_w   k=50 …
2026-07-01 18:29:49.332 | INFO     | pycaalp.time_balancing.model:run_mip:430 - Running MIP solver ...
      obj=0.863 (vs_full=+0.95%)  alpha=780.8s  build=0.190s solve=0.412s  vs_full=+4.51%
  [3b] Subgraph / bal_w    k=50 …
2026-07-01 18:29:49.744 | INFO     | pycaalp.time_balancing.model:run_mip:430 - Running MIP solver ...
      obj=0.977 (vs_full=+14.22%)  alpha=731.8s  build=0.240s solve=1.191s  vs_full=-2.05%
  [3c] Subgraph / combined k=50 …
2026-07-01 18:29:50.935 | INFO     | pycaalp.time_balancing.model:run_mip:430 - Running MIP solver ...
      obj=0.863 (vs_full=+0.95%)  alpha=780.8s  build=0.382s solve=1.391s  vs_full=+4.51%
  [3d] Subgraph / blended  k=50 …
2026-07-01 18:29:52.325 | INFO     | pycaalp.time_balancing.model:run_mip:430 - Running MIP solver ...
      obj=0.869 (vs_full=+1.58%)  alpha=747.1s  build=0.185s solve=0.456s  vs_full=+0.00%
  [3e] Subgraph / bl-union k=50 …
2026-07-01 18:29:52.782 | INFO     | pycaalp.time_balancing.model:run_mip:430 - Running MIP solver ...
      obj=0.856 (vs_full=+0.12%)  alpha=747.1s  build=0.532s solve=1.518s  vs_full=-0.00%
  [3f] Subgraph / diverse  k=50 …
2026-07-01 18:29:54.300 | INFO     | pycaalp.time_balancing.model:run_mip:430 - Running MIP solver ...
      obj=0.858 (vs_full=+0.39%)  alpha=747.1s  build=0.045s solve=3.118s  vs_full=+0.00%

k = 100
  Subgraph edges — edge_w: 78 (7.1%)  bal_w: 189 (17.1%)  combined: 257 (23.3%)  blended: 63 (5.7%)  blended_union: 190 (17.2%)  diverse: 740 (67.0%)
  [3a] Subgraph / edge_w   k=100 …
2026-07-01 18:30:00.452 | INFO     | pycaalp.time_balancing.model:run_mip:430 - Running MIP solver ...
      obj=0.863 (vs_full=+0.95%)  alpha=780.8s  build=0.367s solve=0.618s  vs_full=+4.51%
  [3b] Subgraph / bal_w    k=100 …
2026-07-01 18:30:01.071 | INFO     | pycaalp.time_balancing.model:run_mip:430 - Running MIP solver ...
      obj=0.977 (vs_full=+14.22%)  alpha=731.8s  build=0.498s solve=2.175s  vs_full=-2.05%
  [3c] Subgraph / combined k=100 …
2026-07-01 18:30:03.246 | INFO     | pycaalp.time_balancing.model:run_mip:430 - Running MIP solver ...
      obj=0.863 (vs_full=+0.95%)  alpha=780.8s  build=0.734s solve=1.674s  vs_full=+4.51%
  [3d] Subgraph / blended  k=100 …
2026-07-01 18:30:04.920 | INFO     | pycaalp.time_balancing.model:run_mip:430 - Running MIP solver ...
      obj=0.869 (vs_full=+1.58%)  alpha=747.1s  build=0.315s solve=0.508s  vs_full=+0.00%
  [3e] Subgraph / bl-union k=100 …
2026-07-01 18:30:05.428 | INFO     | pycaalp.time_balancing.model:run_mip:430 - Running MIP solver ...
      obj=0.856 (vs_full=+0.12%)  alpha=747.1s  build=0.999s solve=1.358s  vs_full=-0.00%
  [3f] Subgraph / diverse  k=100 …
2026-07-01 18:30:06.786 | INFO     | pycaalp.time_balancing.model:run_mip:430 - Running MIP solver ...
      obj=0.858 (vs_full=+0.39%)  alpha=747.1s  build=0.121s solve=7.929s  vs_full=+0.00%

k = 200
  Subgraph edges — edge_w: 95 (8.6%)  bal_w: 258 (23.3%)  combined: 339 (30.7%)  blended: 90 (8.1%)  blended_union: 203 (18.4%)  diverse: 906 (82.0%)
  [3a] Subgraph / edge_w   k=200 …
2026-07-01 18:30:20.913 | INFO     | pycaalp.time_balancing.model:run_mip:430 - Running MIP solver ...
      obj=0.863 (vs_full=+0.95%)  alpha=780.8s  build=0.677s solve=0.813s  vs_full=+4.51%
  [3b] Subgraph / bal_w    k=200 …
2026-07-01 18:30:21.725 | INFO     | pycaalp.time_balancing.model:run_mip:430 - Running MIP solver ...
      obj=0.960 (vs_full=+12.30%)  alpha=747.1s  build=0.911s solve=1.652s  vs_full=+0.00%
  [3c] Subgraph / combined k=200 …
2026-07-01 18:30:23.378 | INFO     | pycaalp.time_balancing.model:run_mip:430 - Running MIP solver ...
      obj=0.863 (vs_full=+0.95%)  alpha=780.8s  build=1.532s solve=1.853s  vs_full=+4.51%
  [3d] Subgraph / blended  k=200 …
2026-07-01 18:30:25.231 | INFO     | pycaalp.time_balancing.model:run_mip:430 - Running MIP solver ...
      obj=0.863 (vs_full=+0.97%)  alpha=747.1s  build=0.832s solve=0.344s  vs_full=+0.00%
  [3e] Subgraph / bl-union k=200 …
2026-07-01 18:30:25.575 | INFO     | pycaalp.time_balancing.model:run_mip:430 - Running MIP solver ...
      obj=0.856 (vs_full=+0.12%)  alpha=747.1s  build=2.077s solve=1.336s  vs_full=-0.00%
  [3f] Subgraph / diverse  k=200 …
2026-07-01 18:30:26.912 | INFO     | pycaalp.time_balancing.model:run_mip:430 - Running MIP solver ...
      obj=0.857 (vs_full=+0.27%)  alpha=747.1s  build=0.169s solve=34.793s  vs_full=+0.00%

k = 500
  Subgraph edges — edge_w: 108 (9.8%)  bal_w: 399 (36.1%)  combined: 459 (41.5%)  blended: 147 (13.3%)  blended_union: 247 (22.4%)  diverse: 1043 (94.4%)
  [3a] Subgraph / edge_w   k=500 …
2026-07-01 18:31:16.469 | INFO     | pycaalp.time_balancing.model:run_mip:430 - Running MIP solver ...
      obj=0.863 (vs_full=+0.95%)  alpha=780.8s  build=1.598s solve=0.881s  vs_full=+4.51%
  [3b] Subgraph / bal_w    k=500 …
2026-07-01 18:31:17.351 | INFO     | pycaalp.time_balancing.model:run_mip:430 - Running MIP solver ...
      obj=0.956 (vs_full=+11.85%)  alpha=731.8s  build=1.794s solve=2.743s  vs_full=-2.05%
  [3c] Subgraph / combined k=500 …
2026-07-01 18:31:20.094 | INFO     | pycaalp.time_balancing.model:run_mip:430 - Running MIP solver ...
      obj=0.862 (vs_full=+0.87%)  alpha=758.6s  build=3.554s solve=2.551s  vs_full=+1.54%
  [3d] Subgraph / blended  k=500 …
2026-07-01 18:31:22.645 | INFO     | pycaalp.time_balancing.model:run_mip:430 - Running MIP solver ...
      obj=0.859 (vs_full=+0.47%)  alpha=758.6s  build=2.072s solve=0.729s  vs_full=+1.54%
  [3e] Subgraph / bl-union k=500 …
2026-07-01 18:31:23.374 | INFO     | pycaalp.time_balancing.model:run_mip:430 - Running MIP solver ...
      obj=0.856 (vs_full=+0.12%)  alpha=747.1s  build=5.291s solve=1.430s  vs_full=-0.00%
  [3f] Subgraph / diverse  k=500 …
2026-07-01 18:31:24.804 | INFO     | pycaalp.time_balancing.model:run_mip:430 - Running MIP solver ...
      obj=0.857 (vs_full=+0.27%)  alpha=747.1s  build=0.455s solve=23.950s  vs_full=+0.00%

k = 1000
  Subgraph edges — edge_w: 142 (12.9%)  bal_w: 500 (45.2%)  combined: 578 (52.3%)  blended: 168 (15.2%)  blended_union: 284 (25.7%)  diverse: 1098 (99.4%)
  [3a] Subgraph / edge_w   k=1000 …
2026-07-01 18:32:19.394 | INFO     | pycaalp.time_balancing.model:run_mip:430 - Running MIP solver ...
      obj=0.855 (vs_full=+0.00%)  alpha=747.1s  build=3.355s solve=1.079s  vs_full=-0.00%
  [3b] Subgraph / bal_w    k=1000 …
2026-07-01 18:32:20.473 | INFO     | pycaalp.time_balancing.model:run_mip:430 - Running MIP solver ...
      obj=0.953 (vs_full=+11.41%)  alpha=747.1s  build=3.882s solve=5.032s  vs_full=+0.00%
  [3c] Subgraph / combined k=1000 …
2026-07-01 18:32:25.505 | INFO     | pycaalp.time_balancing.model:run_mip:430 - Running MIP solver ...
      obj=0.855 (vs_full=+0.00%)  alpha=747.1s  build=7.284s solve=2.703s  vs_full=+0.00%
  [3d] Subgraph / blended  k=1000 …
2026-07-01 18:32:28.207 | INFO     | pycaalp.time_balancing.model:run_mip:430 - Running MIP solver ...
      obj=0.859 (vs_full=+0.47%)  alpha=758.6s  build=4.080s solve=0.883s  vs_full=+1.54%
  [3e] Subgraph / bl-union k=1000 …
2026-07-01 18:32:29.091 | INFO     | pycaalp.time_balancing.model:run_mip:430 - Running MIP solver ...
      obj=0.855 (vs_full=+0.00%)  alpha=747.1s  build=10.964s solve=2.448s  vs_full=-0.00%
  [3f] Subgraph / diverse  k=1000 …
2026-07-01 18:32:31.539 | INFO     | pycaalp.time_balancing.model:run_mip:430 - Running MIP solver ...
      obj=0.855 (vs_full=+0.00%)  alpha=747.1s  build=1.074s solve=21.693s  vs_full=+0.00%

k = 2000
  Subgraph edges — edge_w: 185 (16.7%)  bal_w: 630 (57.0%)  combined: 685 (62.0%)  blended: 198 (17.9%)  blended_union: 335 (30.3%)  diverse: 1105 (100.0%)
  [3a] Subgraph / edge_w   k=2000 …
2026-07-01 18:34:01.090 | INFO     | pycaalp.time_balancing.model:run_mip:430 - Running MIP solver ...
      obj=0.855 (vs_full=+0.00%)  alpha=747.1s  build=7.877s solve=2.111s  vs_full=-0.00%
  [3b] Subgraph / bal_w    k=2000 …
2026-07-01 18:34:03.201 | INFO     | pycaalp.time_balancing.model:run_mip:430 - Running MIP solver ...
      obj=0.951 (vs_full=+11.23%)  alpha=747.1s  build=7.852s solve=5.388s  vs_full=+0.00%
  [3c] Subgraph / combined k=2000 …
2026-07-01 18:34:08.588 | INFO     | pycaalp.time_balancing.model:run_mip:430 - Running MIP solver ...
      obj=0.855 (vs_full=+0.00%)  alpha=747.1s  build=16.354s solve=7.577s  vs_full=+0.00%
  [3d] Subgraph / blended  k=2000 …
2026-07-01 18:34:16.165 | INFO     | pycaalp.time_balancing.model:run_mip:430 - Running MIP solver ...
      obj=0.859 (vs_full=+0.47%)  alpha=758.6s  build=8.527s solve=1.739s  vs_full=+1.54%
  [3e] Subgraph / bl-union k=2000 …
2026-07-01 18:34:17.904 | INFO     | pycaalp.time_balancing.model:run_mip:430 - Running MIP solver ...
      obj=0.855 (vs_full=+0.00%)  alpha=747.1s  build=25.175s solve=4.151s  vs_full=+0.00%
  [3f] Subgraph / diverse  k=2000 …
2026-07-01 18:34:22.055 | INFO     | pycaalp.time_balancing.model:run_mip:430 - Running MIP solver ...
      obj=0.855 (vs_full=+0.00%)  alpha=747.1s  build=2.072s solve=50.767s  vs_full=+0.00%

k = 5000
  Subgraph edges — edge_w: 232 (21.0%)  bal_w: 799 (72.3%)  combined: 830 (75.1%)  blended: 219 (19.8%)  blended_union: 355 (32.1%)  diverse: 1105 (100.0%)
  [3a] Subgraph / edge_w   k=5000 …
2026-07-01 18:39:20.694 | INFO     | pycaalp.time_balancing.model:run_mip:430 - Running MIP solver ...
      obj=0.855 (vs_full=+0.00%)  alpha=747.1s  build=30.317s solve=2.002s  vs_full=-0.00%
  [3b] Subgraph / bal_w    k=5000 …
2026-07-01 18:39:22.695 | INFO     | pycaalp.time_balancing.model:run_mip:430 - Running MIP solver ...
      obj=0.950 (vs_full=+11.10%)  alpha=747.1s  build=25.638s solve=8.610s  vs_full=+0.00%
  [3c] Subgraph / combined k=5000 …
2026-07-01 18:39:31.305 | INFO     | pycaalp.time_balancing.model:run_mip:430 - Running MIP solver ...
      obj=0.855 (vs_full=+0.00%)  alpha=747.1s  build=57.865s solve=9.013s  vs_full=+0.00%
  [3d] Subgraph / blended  k=5000 …
2026-07-01 18:39:40.318 | INFO     | pycaalp.time_balancing.model:run_mip:430 - Running MIP solver ...
      obj=0.857 (vs_full=+0.28%)  alpha=747.1s  build=34.731s solve=1.741s  vs_full=-0.00%
  [3e] Subgraph / bl-union k=5000 …
2026-07-01 18:39:42.059 | INFO     | pycaalp.time_balancing.model:run_mip:430 - Running MIP solver ...
      obj=0.855 (vs_full=+0.00%)  alpha=747.1s  build=93.759s solve=6.535s  vs_full=+0.00%
  [3f] Subgraph / diverse  k=5000 …
2026-07-01 18:39:48.594 | INFO     | pycaalp.time_balancing.model:run_mip:430 - Running MIP solver ...
      obj=0.855 (vs_full=+0.00%)  alpha=747.1s  build=5.562s solve=48.864s  vs_full=+0.00%

Results saved to experiments/strategy_comparison/assembly_1_np_3/strategy_comparison_lambda_0.4.csv
Plot with:  python -m experiments.strategy_comparison.plot_k_sensitivity

============================================================================================================================
SUMMARY — assembly_1  P=3  λ=0.4
============================================================================================================================
Strategy       Weight                      k   Build    Solve    Total  Spdup       Obj   ObjvsF     Alpha    AlvsF   Edges  %Grph
----------------------------------------------------------------------------------------------------------------------------
full_mip       —                               0.000   46.597   46.597   1.0x     0.855    +0.00    747.12    +0.00    1105  100.0
subgraph_mip   edge_weight                 1   0.002    0.042    0.044 1060.2x     0.867    +1.38    792.00    +6.01      13    1.2
subgraph_mip   time_balanced_weight        1   0.001    0.032    0.033 1408.7x     1.037   +21.24    731.84    -2.05      13    1.2
subgraph_mip   combined                    1   0.002    0.085    0.086 539.6x     0.867    +1.38    792.00    +6.01      26    2.4
subgraph_mip   blended                     1   0.001    0.030    0.031 1487.7x     0.869    +1.58    747.12    -0.00      13    1.2
subgraph_mip   blended_union               1   0.012    0.410    0.422 110.4x     0.856    +0.12    747.12    +0.00      37    3.4
subgraph_mip   diverse                     1   0.004    0.026    0.030 1566.6x     0.869    +1.58    747.12    -0.00      13    1.2
subgraph_mip   edge_weight                 2   0.008    0.031    0.039 1207.4x     0.865    +1.19    788.33    +5.52      15    1.4
subgraph_mip   time_balanced_weight        2   0.010    0.058    0.068 690.2x     1.031   +20.57    731.84    -2.05      15    1.4
subgraph_mip   combined                    2   0.021    0.163    0.184 253.8x     0.865    +1.19    788.33    +5.52      30    2.7
subgraph_mip   blended                     2   0.010    0.042    0.051 909.8x     0.869    +1.58    747.12    -0.00      15    1.4
subgraph_mip   blended_union               2   0.025    0.803    0.828  56.3x     0.856    +0.12    747.12    +0.00      42    3.8
subgraph_mip   diverse                     2   0.004    0.035    0.039 1184.6x     0.869    +1.58    747.12    +0.00      26    2.4
subgraph_mip   edge_weight                 5   0.023    0.219    0.242 192.3x     0.865    +1.19    788.33    +5.52      21    1.9
subgraph_mip   time_balanced_weight        5   0.025    0.203    0.228 204.2x     1.031   +20.57    731.84    -2.05      44    4.0
subgraph_mip   combined                    5   0.032    0.455    0.487  95.6x     0.865    +1.19    788.33    +5.52      65    5.9
subgraph_mip   blended                     5   0.026    0.097    0.124 376.7x     0.869    +1.58    747.12    +0.00      21    1.9
subgraph_mip   blended_union               5   0.058    0.608    0.666  70.0x     0.856    +0.12    747.12    +0.00      60    5.4
subgraph_mip   diverse                     5   0.007    1.043    1.049  44.4x     0.860    +0.57    758.63    +1.54      65    5.9
subgraph_mip   edge_weight                10   0.053    0.240    0.294 158.7x     0.865    +1.19    788.33    +5.52      24    2.2
subgraph_mip   time_balanced_weight       10   0.045    0.328    0.373 125.1x     1.030   +20.45    731.84    -2.05      57    5.2
subgraph_mip   combined                   10   0.089    0.577    0.666  70.0x     0.865    +1.19    788.33    +5.52      81    7.3
subgraph_mip   blended                    10   0.054    0.111    0.165 281.9x     0.869    +1.58    747.12    +0.00      26    2.4
subgraph_mip   blended_union              10   0.115    0.688    0.804  58.0x     0.856    +0.12    747.12    +0.00      75    6.8
subgraph_mip   diverse                    10   0.010    0.691    0.701  66.5x     0.860    +0.52    758.63    +1.54     126   11.4
subgraph_mip   edge_weight                20   0.074    0.490    0.564  82.6x     0.865    +1.19    788.33    +5.52      35    3.2
subgraph_mip   time_balanced_weight       20   0.118    0.324    0.443 105.3x     0.978   +14.36    754.42    +0.98      73    6.6
subgraph_mip   combined                   20   0.181    1.113    1.294  36.0x     0.865    +1.19    788.33    +5.52     107    9.7
subgraph_mip   blended                    20   0.091    0.090    0.180 258.4x     0.869    +1.58    747.12    +0.00      33    3.0
subgraph_mip   blended_union              20   0.250    1.007    1.256  37.1x     0.856    +0.12    747.12    +0.00      93    8.4
subgraph_mip   diverse                    20   0.026    0.882    0.909  51.3x     0.858    +0.39    747.12    +0.00     239   21.6
subgraph_mip   edge_weight                50   0.190    0.412    0.602  77.4x     0.863    +0.95    780.81    +4.51      54    4.9
subgraph_mip   time_balanced_weight       50   0.240    1.191    1.431  32.6x     0.977   +14.22    731.84    -2.05     141   12.8
subgraph_mip   combined                   50   0.382    1.391    1.773  26.3x     0.863    +0.95    780.81    +4.51     190   17.2
subgraph_mip   blended                    50   0.185    0.456    0.641  72.7x     0.869    +1.58    747.12    +0.00      56    5.1
subgraph_mip   blended_union              50   0.532    1.518    2.050  22.7x     0.856    +0.12    747.12    -0.00     146   13.2
subgraph_mip   diverse                    50   0.045    3.118    3.163  14.7x     0.858    +0.39    747.12    +0.00     513   46.4
subgraph_mip   edge_weight               100   0.367    0.618    0.986  47.3x     0.863    +0.95    780.81    +4.51      78    7.1
subgraph_mip   time_balanced_weight      100   0.498    2.175    2.673  17.4x     0.977   +14.22    731.84    -2.05     189   17.1
subgraph_mip   combined                  100   0.734    1.674    2.408  19.4x     0.863    +0.95    780.81    +4.51     257   23.3
subgraph_mip   blended                   100   0.315    0.508    0.823  56.6x     0.869    +1.58    747.12    +0.00      63    5.7
subgraph_mip   blended_union             100   0.999    1.358    2.356  19.8x     0.856    +0.12    747.12    -0.00     190   17.2
subgraph_mip   diverse                   100   0.121    7.929    8.050   5.8x     0.858    +0.39    747.12    +0.00     740   67.0
subgraph_mip   edge_weight               200   0.677    0.813    1.490  31.3x     0.863    +0.95    780.81    +4.51      95    8.6
subgraph_mip   time_balanced_weight      200   0.911    1.652    2.563  18.2x     0.960   +12.30    747.12    +0.00     258   23.4
subgraph_mip   combined                  200   1.532    1.853    3.385  13.8x     0.863    +0.95    780.81    +4.51     339   30.7
subgraph_mip   blended                   200   0.832    0.344    1.176  39.6x     0.863    +0.97    747.12    +0.00      90    8.1
subgraph_mip   blended_union             200   2.077    1.336    3.413  13.7x     0.856    +0.12    747.12    -0.00     203   18.4
subgraph_mip   diverse                   200   0.169   34.793   34.962   1.3x     0.857    +0.27    747.12    +0.00     906   82.0
subgraph_mip   edge_weight               500   1.598    0.881    2.479  18.8x     0.863    +0.95    780.81    +4.51     108    9.8
subgraph_mip   time_balanced_weight      500   1.794    2.743    4.537  10.3x     0.956   +11.85    731.84    -2.05     399   36.1
subgraph_mip   combined                  500   3.554    2.551    6.105   7.6x     0.862    +0.87    758.63    +1.54     459   41.5
subgraph_mip   blended                   500   2.072    0.729    2.801  16.6x     0.859    +0.47    758.63    +1.54     147   13.3
subgraph_mip   blended_union             500   5.291    1.430    6.721   6.9x     0.856    +0.12    747.12    -0.00     247   22.4
subgraph_mip   diverse                   500   0.455   23.950   24.405   1.9x     0.857    +0.27    747.12    +0.00    1043   94.4
subgraph_mip   edge_weight              1000   3.355    1.079    4.434  10.5x     0.855    +0.00    747.12    -0.00     142   12.8
subgraph_mip   time_balanced_weight     1000   3.882    5.032    8.914   5.2x     0.953   +11.41    747.12    +0.00     500   45.2
subgraph_mip   combined                 1000   7.284    2.703    9.986   4.7x     0.855    +0.00    747.12    +0.00     578   52.3
subgraph_mip   blended                  1000   4.080    0.883    4.963   9.4x     0.859    +0.47    758.63    +1.54     168   15.2
subgraph_mip   blended_union            1000  10.964    2.448   13.412   3.5x     0.855    +0.00    747.12    -0.00     284   25.7
subgraph_mip   diverse                  1000   1.074   21.693   22.768   2.0x     0.855    +0.00    747.12    +0.00    1098   99.4
subgraph_mip   edge_weight              2000   7.877    2.111    9.988   4.7x     0.855    +0.00    747.12    -0.00     185   16.7
subgraph_mip   time_balanced_weight     2000   7.852    5.388   13.239   3.5x     0.951   +11.23    747.12    +0.00     630   57.0
subgraph_mip   combined                 2000  16.354    7.577   23.931   1.9x     0.855    +0.00    747.12    +0.00     685   62.0
subgraph_mip   blended                  2000   8.527    1.739   10.266   4.5x     0.859    +0.47    758.63    +1.54     198   17.9
subgraph_mip   blended_union            2000  25.175    4.151   29.326   1.6x     0.855    +0.00    747.12    +0.00     335   30.3
subgraph_mip   diverse                  2000   2.072   50.767   52.839   0.9x     0.855    +0.00    747.12    +0.00    1105  100.0
subgraph_mip   edge_weight              5000  30.317    2.002   32.319   1.4x     0.855    +0.00    747.12    -0.00     232   21.0
subgraph_mip   time_balanced_weight     5000  25.638    8.610   34.248   1.4x     0.950   +11.10    747.12    +0.00     799   72.3
subgraph_mip   combined                 5000  57.865    9.013   66.878   0.7x     0.855    +0.00    747.12    +0.00     830   75.1
subgraph_mip   blended                  5000  34.731    1.741   36.472   1.3x     0.857    +0.28    747.12    -0.00     219   19.8
subgraph_mip   blended_union            5000  93.759    6.535  100.293   0.5x     0.855    +0.00    747.12    +0.00     355   32.1
subgraph_mip   diverse                  5000   5.562   48.864   54.426   0.9x     0.855    +0.00    747.12    +0.00    1105  100.0
============================================================================================================================

----------------- λ = 0.45 -----------------
========================================================================
Strategy Comparison Experiment — assembly_1  P=3  λ=0.45
========================================================================

Building assembly digraph …
2026-07-01 18:28:48.558 | INFO     | pycaalp.gapp.assembly_digraph:compute_assembly_digraph_complete:395 - Computing assembly digraph...
  343 nodes, 1105 edges  (0.4s)

[1] Full MIP  P=3  λ=0.45
2026-07-01 18:28:48.926 | INFO     | pycaalp.time_balancing.model:run_mip:430 - Running MIP solver ...
presolving:
(round 1, fast)       2 del vars, 2 del conss, 0 add conss, 0 chg bounds, 0 chg sides, 0 chg coeffs, 0 upgd conss, 0 impls, 69 clqs, 0 implints
(round 2, exhaustive) 2 del vars, 2 del conss, 0 add conss, 1 chg bounds, 0 chg sides, 0 chg coeffs, 3408 upgd conss, 0 impls, 69 clqs, 0 implints
   (0.2s) probing: 1000/1181 (84.7%) - 0 fixings, 0 aggregations, 131997 implications, 0 bound changes
   (0.2s) probing: 1001/1181 (84.8%) - 0 fixings, 0 aggregations, 132060 implications, 0 bound changes
   (0.2s) probing aborted: 1000/1000 successive useless probings
   (0.2s) symmetry computation started: requiring (bin +, int +, cont +), (fixed: bin -, int -, cont -)
   (0.2s) no symmetry present (symcode time: 0.00)
presolving (3 rounds: 3 fast, 2 medium, 2 exhaustive):
 2 deleted vars, 2 deleted constraints, 0 added constraints, 1 tightened bounds, 0 added holes, 0 changed sides, 0 changed coefficients
 0 implications, 12312 cliques, 0 implied integral variables (0 bin, 0 int, 0 cont)
presolved problem has 1182 variables (1181 bin, 0 int, 1 cont) and 3721 constraints
     69 constraints of type <setppc>
    313 constraints of type <linear>
   3339 constraints of type <logicor>
Presolving Time: 0.21

 time | node  | left  |LP iter|LP it/n|mem/heur|mdpt |vars |cons |rows |cuts |sepa|confs|strbr|  dualbound   | primalbound  |  gap   | compl. 
p 0.2s|     1 |     0 |     0 |     - | vbounds|   0 |1182 |3752 |3721 |   0 |  0 |  30 |   0 | 0.000000e+00 | 1.742525e+00 |    Inf | unknown
p 0.3s|     1 |     0 |    89 |     - | vbounds|   0 |1182 |3764 |3721 |   0 |  0 |  42 |   0 | 0.000000e+00 | 1.226282e+00 |    Inf | unknown
  0.3s|     1 |     0 |   381 |     - |    29M |   0 |1182 |3764 |3721 |   0 |  0 |  42 |   0 | 8.329273e-01 | 1.226282e+00 |  47.23%| unknown
  0.5s|     1 |     0 |   443 |     - |    31M |   0 |1182 |3765 |3724 |   3 |  1 |  43 |   0 | 8.329379e-01 | 1.226282e+00 |  47.22%| unknown
  0.8s|     1 |     0 |   475 |     - |    36M |   0 |1182 |3775 |3726 |   5 |  2 |  53 |   0 | 8.329508e-01 | 1.226282e+00 |  47.22%| unknown
  1.2s|     1 |     0 |   492 |     - |    40M |   0 |1182 |3776 |3728 |   7 |  3 |  54 |   0 | 8.330540e-01 | 1.226282e+00 |  47.20%| unknown
  1.6s|     1 |     0 |   495 |     - |    47M |   0 |1182 |3777 |3729 |   8 |  4 |  55 |   0 | 8.330540e-01 | 1.226282e+00 |  47.20%| unknown
  2.0s|     1 |     0 |   500 |     - |    53M |   0 |1182 |3772 |3731 |  10 |  5 |  55 |   0 | 8.330540e-01 | 1.226282e+00 |  47.20%| unknown
  2.5s|     1 |     0 |   506 |     - |    59M |   0 |1182 |3773 |3734 |  13 |  6 |  56 |   0 | 8.330540e-01 | 1.226282e+00 |  47.20%| unknown
  2.9s|     1 |     0 |   557 |     - |    68M |   0 |1182 |3781 |3735 |  14 |  7 |  66 |   0 | 8.330549e-01 | 1.226282e+00 |  47.20%| unknown
  3.3s|     1 |     0 |   579 |     - |    76M |   0 |1182 |3783 |3738 |  17 |  8 |  68 |   0 | 8.330575e-01 | 1.226282e+00 |  47.20%| unknown
  3.8s|     1 |     0 |   590 |     - |    83M |   0 |1182 |3785 |3740 |  19 |  9 |  77 |   0 | 8.330575e-01 | 1.226282e+00 |  47.20%| unknown
  4.4s|     1 |     0 |   599 |     - |    88M |   0 |1182 |3785 |3741 |  20 | 10 |  77 |   0 | 8.330575e-01 | 1.226282e+00 |  47.20%| unknown
  4.5s|     1 |     0 |   621 |     - |    88M |   0 |1182 |3785 |3743 |  22 | 11 |  77 |   0 | 8.330605e-01 | 1.226282e+00 |  47.20%| unknown
  4.5s|     1 |     0 |   660 |     - |    89M |   0 |1182 |3787 |3745 |  24 | 12 |  79 |   0 | 8.330807e-01 | 1.226282e+00 |  47.20%| unknown
 time | node  | left  |LP iter|LP it/n|mem/heur|mdpt |vars |cons |rows |cuts |sepa|confs|strbr|  dualbound   | primalbound  |  gap   | compl. 
  4.5s|     1 |     0 |   666 |     - |    89M |   0 |1182 |3787 |3747 |  26 | 13 |  79 |   0 | 8.330807e-01 | 1.226282e+00 |  47.20%| unknown
d 4.6s|     1 |     0 |  1306 |     - |farkasdi|   0 |1182 |3786 |3747 |   0 | 14 |  79 |   0 | 8.330807e-01 | 9.014845e-01 |   8.21%| unknown
d 4.6s|     1 |     0 |  1598 |     - |conflict|   0 |1182 |3816 |3747 |   0 | 14 | 112 |   0 | 8.330807e-01 | 8.914156e-01 |   7.00%| unknown
L 4.6s|     1 |     0 |  1607 |     - |    rens|   0 |1182 |3816 |3747 |  26 | 14 | 112 |   0 | 8.330807e-01 | 8.711646e-01 |   4.57%| unknown
  4.6s|     1 |     0 |  1607 |     - |    90M |   0 |1182 |3815 |3747 |  26 | 14 | 112 |   0 | 8.330807e-01 | 8.711646e-01 |   4.57%| unknown
  4.6s|     1 |     0 |  1607 |     - |    90M |   0 |1182 |3821 |3314 |  26 | 14 | 118 |   0 | 8.330807e-01 | 8.711646e-01 |   4.57%| unknown
  4.7s|     1 |     0 |  1607 |     - |    90M |   0 |1182 |3671 |3304 |  26 | 15 | 118 |   0 | 8.330807e-01 | 8.711646e-01 |   4.57%| unknown
  4.7s|     1 |     0 |  1607 |     - |    90M |   0 |1182 |3558 |3304 |  26 | 15 | 118 |   0 | 8.330807e-01 | 8.711646e-01 |   4.57%| unknown
(run 1, node 1) restarting after 487 global fixings of integer variables

(restart) converted 26 cuts from the global cut pool into linear constraints

presolving:
(round 1, fast)       491 del vars, 1320 del conss, 0 add conss, 0 chg bounds, 0 chg sides, 514 chg coeffs, 0 upgd conss, 0 impls, 5228 clqs, 0 implints
(round 2, exhaustive) 491 del vars, 1321 del conss, 0 add conss, 0 chg bounds, 0 chg sides, 514 chg coeffs, 50 upgd conss, 0 impls, 5228 clqs, 0 implints
(round 3, exhaustive) 491 del vars, 1329 del conss, 0 add conss, 0 chg bounds, 0 chg sides, 562 chg coeffs, 50 upgd conss, 0 impls, 5228 clqs, 0 implints
(round 4, exhaustive) 491 del vars, 1330 del conss, 0 add conss, 0 chg bounds, 0 chg sides, 578 chg coeffs, 50 upgd conss, 0 impls, 5228 clqs, 0 implints
presolving (5 rounds: 5 fast, 4 medium, 4 exhaustive):
 491 deleted vars, 1330 deleted constraints, 0 added constraints, 0 tightened bounds, 0 added holes, 0 changed sides, 578 changed coefficients
 0 implications, 5228 cliques, 0 implied integral variables (0 bin, 0 int, 0 cont)
presolved problem has 691 variables (690 bin, 0 int, 1 cont) and 2254 constraints
      3 constraints of type <knapsack>
    113 constraints of type <setppc>
    184 constraints of type <linear>
   1954 constraints of type <logicor>
Presolving Time: 0.23
transformed 4/6 original solutions to the transformed problem space

 time | node  | left  |LP iter|LP it/n|mem/heur|mdpt |vars |cons |rows |cuts |sepa|confs|strbr|  dualbound   | primalbound  |  gap   | compl. 
  4.7s|     1 |     0 |  2096 |     - |    85M |   0 | 691 |2254 |2168 |   0 |  0 | 118 |   0 | 8.330807e-01 | 8.711646e-01 |   4.57%| unknown
  4.7s|     1 |     0 |  2096 |     - |    85M |   0 | 691 |2264 |2012 |   0 |  0 | 128 |   0 | 8.330807e-01 | 8.711646e-01 |   4.57%| unknown
  4.9s|     1 |     0 |  2115 |     - |    86M |   0 | 691 |2192 |1907 |   3 |  1 | 128 |   0 | 8.330807e-01 | 8.711646e-01 |   4.57%| unknown
  5.0s|     1 |     0 |  2121 |     - |    88M |   0 | 691 |2132 |1911 |   7 |  2 | 129 |   0 | 8.330807e-01 | 8.711646e-01 |   4.57%| unknown
  5.2s|     1 |     0 |  2127 |     - |    89M |   0 | 691 |2126 |1913 |   9 |  3 | 134 |   0 | 8.330807e-01 | 8.711646e-01 |   4.57%| unknown
  5.3s|     1 |     0 |  2132 |     - |    92M |   0 | 691 |2129 |1916 |  12 |  4 | 137 |   0 | 8.330807e-01 | 8.711646e-01 |   4.57%| unknown
  5.6s|     1 |     0 |  2136 |     - |    95M |   0 | 691 |2126 |1917 |  13 |  5 | 139 |   0 | 8.330807e-01 | 8.711646e-01 |   4.57%| unknown
  5.7s|     1 |     0 |  2145 |     - |    96M |   0 | 691 |2110 |1919 |  15 |  6 | 142 |   0 | 8.330807e-01 | 8.711646e-01 |   4.57%| unknown
  5.8s|     1 |     0 |  2151 |     - |    98M |   0 | 691 |2111 |1920 |  16 |  7 | 150 |   0 | 8.330807e-01 | 8.711646e-01 |   4.57%| unknown
  6.0s|     1 |     0 |  2155 |     - |   101M |   0 | 691 |2109 |1922 |  18 |  8 | 151 |   0 | 8.330807e-01 | 8.711646e-01 |   4.57%| unknown
  6.4s|     1 |     0 |  2161 |     - |   111M |   0 | 691 |2095 |1923 |  19 |  9 | 161 |   0 | 8.330807e-01 | 8.711646e-01 |   4.57%| unknown
  6.7s|     1 |     0 |  2164 |     - |   117M |   0 | 691 |2085 |1924 |  20 | 10 | 171 |   0 | 8.330807e-01 | 8.711646e-01 |   4.57%| unknown
  6.7s|     1 |     0 |  2173 |     - |   117M |   0 | 691 |2083 |1926 |  22 | 11 | 173 |   0 | 8.330807e-01 | 8.711646e-01 |   4.57%| unknown
  6.7s|     1 |     0 |  2173 |     - |   117M |   0 | 691 |1996 |1926 |  22 | 11 | 174 |   0 | 8.330807e-01 | 8.711646e-01 |   4.57%| unknown
  6.7s|     1 |     0 |  2174 |     - |   118M |   0 | 691 |1996 |1927 |  23 | 12 | 174 |   0 | 8.330807e-01 | 8.711646e-01 |   4.57%| unknown
 time | node  | left  |LP iter|LP it/n|mem/heur|mdpt |vars |cons |rows |cuts |sepa|confs|strbr|  dualbound   | primalbound  |  gap   | compl. 
  6.8s|     1 |     0 |  2179 |     - |   118M |   0 | 691 |1944 |1904 |  24 | 13 | 178 |   0 | 8.330807e-01 | 8.711646e-01 |   4.57%| unknown
  6.8s|     1 |     0 |  2186 |     - |   118M |   0 | 691 |1891 |1906 |  26 | 14 | 180 |   0 | 8.330807e-01 | 8.711646e-01 |   4.57%| unknown
  6.8s|     1 |     0 |  2192 |     - |   118M |   0 | 691 |1852 |1907 |  27 | 15 | 189 |   0 | 8.330807e-01 | 8.711646e-01 |   4.57%| unknown
  6.8s|     1 |     0 |  2194 |     - |   118M |   0 | 691 |1837 |1908 |  28 | 16 | 199 |   0 | 8.330807e-01 | 8.711646e-01 |   4.57%| unknown
(run 2, node 1) restarting after 179 global fixings of integer variables

(restart) converted 23 cuts from the global cut pool into linear constraints

presolving:
(round 1, fast)       183 del vars, 121 del conss, 0 add conss, 0 chg bounds, 0 chg sides, 318 chg coeffs, 0 upgd conss, 0 impls, 3132 clqs, 0 implints
(round 2, exhaustive) 183 del vars, 122 del conss, 0 add conss, 0 chg bounds, 0 chg sides, 318 chg coeffs, 15 upgd conss, 0 impls, 3132 clqs, 0 implints
(round 3, exhaustive) 183 del vars, 128 del conss, 0 add conss, 0 chg bounds, 1 chg sides, 435 chg coeffs, 15 upgd conss, 0 impls, 3134 clqs, 0 implints
(round 4, exhaustive) 183 del vars, 130 del conss, 0 add conss, 0 chg bounds, 1 chg sides, 440 chg coeffs, 15 upgd conss, 0 impls, 3134 clqs, 0 implints
(round 5, exhaustive) 183 del vars, 130 del conss, 0 add conss, 0 chg bounds, 1 chg sides, 448 chg coeffs, 15 upgd conss, 0 impls, 3134 clqs, 0 implints
presolving (6 rounds: 6 fast, 5 medium, 5 exhaustive):
 183 deleted vars, 131 deleted constraints, 0 added constraints, 0 tightened bounds, 0 added holes, 1 changed sides, 452 changed coefficients
 0 implications, 3135 cliques, 0 implied integral variables (0 bin, 0 int, 0 cont)
presolved problem has 508 variables (507 bin, 0 int, 1 cont) and 1722 constraints
     12 constraints of type <knapsack>
     91 constraints of type <setppc>
    156 constraints of type <linear>
   1463 constraints of type <logicor>
Presolving Time: 0.24
transformed 4/6 original solutions to the transformed problem space

 time | node  | left  |LP iter|LP it/n|mem/heur|mdpt |vars |cons |rows |cuts |sepa|confs|strbr|  dualbound   | primalbound  |  gap   | compl. 
  7.0s|     1 |     0 |  3101 |     - |   112M |   0 | 508 |1722 |1577 |   0 |  0 | 216 |   0 | 8.330807e-01 | 8.711646e-01 |   4.57%| unknown
  7.0s|     1 |     0 |  3101 |     - |   112M |   0 | 508 |1722 |1559 |   0 |  0 | 216 |   0 | 8.330807e-01 | 8.711646e-01 |   4.57%| unknown
  7.2s|     1 |     0 |  3107 |     - |   112M |   0 | 508 |1715 |1522 |   3 |  1 | 216 |   0 | 8.330807e-01 | 8.711646e-01 |   4.57%| unknown
  7.4s|     1 |     0 |  3139 |     - |   112M |   0 | 508 |1700 |1524 |   5 |  2 | 217 |   0 | 8.330835e-01 | 8.711646e-01 |   4.57%| unknown
  7.6s|     1 |     0 |  3155 |     - |   113M |   0 | 508 |1701 |1527 |   8 |  3 | 218 |   0 | 8.330835e-01 | 8.711646e-01 |   4.57%| unknown
  8.1s|     1 |     0 |  3186 |     - |   115M |   0 | 508 |1704 |1530 |  11 |  4 | 228 |   0 | 8.330863e-01 | 8.711646e-01 |   4.57%| unknown
  8.7s|     1 |     0 |  3206 |     - |   117M |   0 | 508 |1705 |1532 |  13 |  5 | 229 |   0 | 8.330865e-01 | 8.711646e-01 |   4.57%| unknown
  9.1s|     1 |     0 |  3221 |     - |   123M |   0 | 508 |1701 |1534 |  15 |  6 | 229 |   0 | 8.330866e-01 | 8.711646e-01 |   4.57%| unknown
  9.7s|     1 |     0 |  3231 |     - |   126M |   0 | 508 |1706 |1536 |  17 |  7 | 238 |   0 | 8.330868e-01 | 8.711646e-01 |   4.57%| unknown
  9.9s|     1 |     0 |  3244 |     - |   127M |   0 | 508 |1711 |1537 |  18 |  8 | 246 |   0 | 8.330871e-01 | 8.711646e-01 |   4.57%| unknown
 10.0s|     1 |     0 |  3247 |     - |   130M |   0 | 508 |1713 |1538 |  19 |  9 | 249 |   0 | 8.330872e-01 | 8.711646e-01 |   4.57%| unknown
 10.2s|     1 |     0 |  3261 |     - |   135M |   0 | 508 |1712 |1539 |  20 | 10 | 249 |   0 | 8.330872e-01 | 8.711646e-01 |   4.57%| unknown
 10.3s|     1 |     0 |  3262 |     - |   135M |   0 | 508 |1710 |1540 |  21 | 11 | 249 |   0 | 8.330872e-01 | 8.711646e-01 |   4.57%| unknown
 10.3s|     1 |     0 |  3262 |     - |   135M |   0 | 508 |1677 |1540 |  21 | 11 | 249 |   0 | 8.330872e-01 | 8.711646e-01 |   4.57%| unknown
 10.3s|     1 |     0 |  3265 |     - |   135M |   0 | 508 |1677 |1541 |  22 | 12 | 249 |   0 | 8.330874e-01 | 8.711646e-01 |   4.57%| unknown
 time | node  | left  |LP iter|LP it/n|mem/heur|mdpt |vars |cons |rows |cuts |sepa|confs|strbr|  dualbound   | primalbound  |  gap   | compl. 
 10.4s|     1 |     0 |  3278 |     - |   135M |   0 | 508 |1678 |1542 |  23 | 13 | 250 |   0 | 8.330877e-01 | 8.711646e-01 |   4.57%| unknown
 10.4s|     1 |     0 |  3281 |     - |   135M |   0 | 508 |1673 |1543 |  24 | 14 | 250 |   0 | 8.330878e-01 | 8.711646e-01 |   4.57%| unknown
 10.5s|     1 |     0 |  3282 |     - |   135M |   0 | 508 |1666 |1499 |  25 | 15 | 250 |   0 | 8.330878e-01 | 8.711646e-01 |   4.57%| unknown
 10.5s|     1 |     0 |  3300 |     - |   135M |   0 | 508 |1634 |1500 |  26 | 16 | 250 |   0 | 8.330909e-01 | 8.711646e-01 |   4.57%| unknown
 10.6s|     1 |     0 |  3320 |     - |   136M |   0 | 508 |1633 |1501 |  27 | 17 | 252 |   0 | 8.330910e-01 | 8.711646e-01 |   4.57%| unknown
 10.6s|     1 |     0 |  3325 |     - |   136M |   0 | 508 |1620 |1504 |  30 | 18 | 252 |   0 | 8.330910e-01 | 8.711646e-01 |   4.57%| unknown
 10.6s|     1 |     0 |  3328 |     - |   136M |   0 | 508 |1625 |1505 |  31 | 19 | 258 |   0 | 8.330910e-01 | 8.711646e-01 |   4.57%| unknown
 10.7s|     1 |     0 |  3330 |     - |   136M |   0 | 508 |1626 |1506 |  32 | 20 | 263 |   0 | 8.330912e-01 | 8.711646e-01 |   4.57%| unknown
 10.7s|     1 |     0 |  3334 |     - |   136M |   0 | 508 |1626 |1498 |  33 | 21 | 264 |   0 | 8.330912e-01 | 8.711646e-01 |   4.57%| unknown
 10.8s|     1 |     0 |  3335 |     - |   136M |   0 | 508 |1620 |1499 |  34 | 22 | 264 |   0 | 8.330912e-01 | 8.711646e-01 |   4.57%| unknown
L10.9s|     1 |     0 |  3852 |     - |    rens|   0 | 508 |1644 |1499 |  34 | 22 | 301 |   0 | 8.330912e-01 | 8.692246e-01 |   4.34%| unknown
(run 3, node 1) restarting after 37 global fixings of integer variables

(restart) converted 18 cuts from the global cut pool into linear constraints

presolving:
(round 1, fast)       38 del vars, 25 del conss, 0 add conss, 0 chg bounds, 0 chg sides, 138 chg coeffs, 0 upgd conss, 0 impls, 1800 clqs, 0 implints
(round 2, exhaustive) 38 del vars, 26 del conss, 0 add conss, 0 chg bounds, 0 chg sides, 138 chg coeffs, 3 upgd conss, 0 impls, 1800 clqs, 0 implints
(round 3, exhaustive) 38 del vars, 37 del conss, 0 add conss, 0 chg bounds, 0 chg sides, 235 chg coeffs, 3 upgd conss, 0 impls, 1800 clqs, 0 implints
presolving (4 rounds: 4 fast, 3 medium, 3 exhaustive):
 38 deleted vars, 37 deleted constraints, 0 added constraints, 0 tightened bounds, 0 added holes, 0 changed sides, 235 changed coefficients
 0 implications, 1800 cliques, 0 implied integral variables (0 bin, 0 int, 0 cont)
presolved problem has 470 variables (469 bin, 0 int, 1 cont) and 1625 constraints
     13 constraints of type <knapsack>
     77 constraints of type <setppc>
    166 constraints of type <linear>
   1369 constraints of type <logicor>
Presolving Time: 0.26
transformed 2/7 original solutions to the transformed problem space

 time | node  | left  |LP iter|LP it/n|mem/heur|mdpt |vars |cons |rows |cuts |sepa|confs|strbr|  dualbound   | primalbound  |  gap   | compl. 
 10.9s|     1 |     0 |  4272 |     - |   133M |   0 | 470 |1625 |1452 |   0 |  0 | 301 |   0 | 8.330912e-01 | 8.692246e-01 |   4.34%| unknown
 10.9s|     1 |     0 |  4272 |     - |   133M |   0 | 470 |1626 |1443 |   0 |  0 | 302 |   0 | 8.330912e-01 | 8.692246e-01 |   4.34%| unknown
 11.1s|     1 |     0 |  4279 |     - |   137M |   0 | 470 |1623 |1448 |   5 |  1 | 302 |   0 | 8.330913e-01 | 8.692246e-01 |   4.34%| unknown
 11.4s|     1 |     0 |  4286 |     - |   138M |   0 | 470 |1622 |1449 |   6 |  2 | 303 |   0 | 8.330913e-01 | 8.692246e-01 |   4.34%| unknown
 11.6s|     1 |     0 |  4288 |     - |   142M |   0 | 470 |1626 |1451 |   8 |  3 | 308 |   0 | 8.330913e-01 | 8.692246e-01 |   4.34%| unknown
 11.8s|     1 |     0 |  4290 |     - |   142M |   0 | 470 |1631 |1452 |   9 |  4 | 314 |   0 | 8.330914e-01 | 8.692246e-01 |   4.34%| unknown
 12.0s|     1 |     0 |  4296 |     - |   145M |   0 | 470 |1641 |1453 |  10 |  5 | 324 |   0 | 8.330914e-01 | 8.692246e-01 |   4.34%| unknown
 12.2s|     1 |     0 |  4300 |     - |   148M |   0 | 470 |1646 |1454 |  11 |  6 | 329 |   0 | 8.330914e-01 | 8.692246e-01 |   4.34%| unknown
 12.4s|     1 |     0 |  4317 |     - |   148M |   0 | 470 |1646 |1455 |  12 |  7 | 329 |   0 | 8.330915e-01 | 8.692246e-01 |   4.34%| unknown
 12.6s|     1 |     0 |  4334 |     - |   150M |   0 | 470 |1647 |1458 |  15 |  8 | 330 |   0 | 8.330919e-01 | 8.692246e-01 |   4.34%| unknown
 12.9s|     1 |     0 |  4370 |     - |   152M |   0 | 470 |1649 |1459 |  16 |  9 | 332 |   0 | 8.330925e-01 | 8.692246e-01 |   4.34%| unknown
 13.1s|     1 |     0 |  4388 |     - |   154M |   0 | 470 |1651 |1460 |  17 | 10 | 334 |   0 | 8.330928e-01 | 8.692246e-01 |   4.34%| unknown
 13.2s|     1 |     0 |  4390 |     - |   154M |   0 | 470 |1659 |1461 |  18 | 11 | 342 |   0 | 8.330929e-01 | 8.692246e-01 |   4.34%| unknown
 13.6s|     1 |     2 |  4844 |     - |   154M |   0 | 470 |1671 |1461 |  18 | 11 | 355 |  19 | 8.330973e-01 | 8.692246e-01 |   4.34%| unknown
 18.8s|   100 |    11 |  9241 |  67.1 |   177M |  12 | 470 |2123 |1388 | 161 |  5 |1042 |1061 | 8.338573e-01 | 8.692246e-01 |   4.24%|  18.20%
 time | node  | left  |LP iter|LP it/n|mem/heur|mdpt |vars |cons |rows |cuts |sepa|confs|strbr|  dualbound   | primalbound  |  gap   | compl. 
*19.4s|   124 |    13 |  9922 |  59.7 |    LP  |  12 | 470 |2174 |1410 | 206 |  9 |1113 |1129 | 8.338597e-01 | 8.558836e-01 |   2.64%|  19.32%
 20.8s|   200 |    17 | 11969 |  47.4 |   178M |  12 | 470 |2267 |1388 | 300 |  1 |1311 |1371 | 8.341900e-01 | 8.558836e-01 |   2.60%|  57.86%

SCIP Status        : problem is solved [optimal solution found]
Solving Time (sec) : 23.24
Solving Nodes      : 287 (total of 290 nodes in 4 runs)
Primal Bound       : +8.55883615323492e-01 (15 solutions)
Dual Bound         : +8.55883615323492e-01
Gap                : 0.00 %
objective value:                    0.855883615323492
x_('12_5', '13_1')                                  1 	(obj:0.018196023239056)
x_('11_17', '12_5')                                 1 	(obj:0.0143867827868852)
x_('10_31', '11_17')                                1 	(obj:0.015806206088993)
x_('9_42', '10_31')                                 1 	(obj:0.0373214285714286)
x_('8_45', '9_42')                                  1 	(obj:0.0248845303148582)
x_('7_37', '8_45')                                  1 	(obj:0.0268547643442623)
x_('6_35', '7_37')                  0.999999999999997 	(obj:0.0294642857142857)
x_('5_25', '6_35')                  0.999999999999993 	(obj:0.0257353629976581)
x_('4_21', '5_25')                  0.999999999999993 	(obj:0.0254281615925059)
x_('3_18', '4_21')                  0.999999999999997 	(obj:0.0637048448477752)
x_('2_14', '3_18')                  0.999999999999997 	(obj:0.0681059718969555)
x_('1_10', '2_14')                  0.999999999999997 	(obj:0.0968489461358314)
x_('0_1', '1_10')                                   1 	(obj:0.0196428571428571)
y_0_0                                               1 	(obj:0)
y_1_0                                               1 	(obj:0)
y_2_0                                               1 	(obj:0)
y_3_0                                               1 	(obj:0)
y_4_1                                               1 	(obj:0)
y_5_1                                               1 	(obj:0)
y_6_1                                               1 	(obj:0)
y_7_1                                               1 	(obj:0)
y_8_1                                               1 	(obj:0)
y_9_2                               0.999999999999985 	(obj:0)
y_10_2                                              1 	(obj:0)
y_11_2                                              1 	(obj:0)
y_12_2                                              1 	(obj:0)
z_('3268741', '3425762')_1                          1 	(obj:0)
z_('3268741', '1966592X')_1         0.999999999999993 	(obj:0)
z_('1966592X', '3452192')_0         0.999999999999997 	(obj:0)
z_('3452192', '1353870')_0                          1 	(obj:0)
z_('3452192', '3520162')_0                          1 	(obj:0)
z_('3520162', '3307092')_1                          1 	(obj:0)
z_('3520162', '3524054')_0                          1 	(obj:0)
z_('3268740', '3524054')_1                          1 	(obj:0)
z_('3524054', '3179975')_1          0.999999999999997 	(obj:0)
z_('3179975', '3422998')_2          0.999999999999985 	(obj:0)
z_('3422998', '2495223X')_2                         1 	(obj:0)
z_('3422998', '1353870_01')_2                       1 	(obj:0)
z_('2495223X', '2245784X')_2                        1 	(obj:0)
alpha                                4.50072289156626 	(obj:0.086542419747729)
  obj=0.856  alpha=747.1s  time=23.31s

k = 1
  Subgraph edges — edge_w: 13 (1.2%)  bal_w: 13 (1.2%)  combined: 26 (2.4%)  blended: 13 (1.2%)  blended_union: 37 (3.3%)  diverse: 13 (1.2%)
  [3a] Subgraph / edge_w   k=1 …
2026-07-01 18:29:12.257 | INFO     | pycaalp.time_balancing.model:run_mip:430 - Running MIP solver ...
      obj=0.871 (vs_full=+1.77%)  alpha=792.0s  build=0.001s solve=0.055s  vs_full=+6.01%
  [3b] Subgraph / bal_w    k=1 …
2026-07-01 18:29:12.312 | INFO     | pycaalp.time_balancing.model:run_mip:430 - Running MIP solver ...
      obj=1.021 (vs_full=+19.28%)  alpha=731.8s  build=0.001s solve=0.028s  vs_full=-2.05%
  [3c] Subgraph / combined k=1 …
2026-07-01 18:29:12.340 | INFO     | pycaalp.time_balancing.model:run_mip:430 - Running MIP solver ...
      obj=0.871 (vs_full=+1.77%)  alpha=792.0s  build=0.002s solve=0.064s  vs_full=+6.01%
  [3d] Subgraph / blended  k=1 …
2026-07-01 18:29:12.405 | INFO     | pycaalp.time_balancing.model:run_mip:430 - Running MIP solver ...
      obj=0.868 (vs_full=+1.45%)  alpha=747.1s  build=0.001s solve=0.015s  vs_full=+0.00%
  [3e] Subgraph / bl-union k=1 …
2026-07-01 18:29:12.419 | INFO     | pycaalp.time_balancing.model:run_mip:430 - Running MIP solver ...
      obj=0.857 (vs_full=+0.11%)  alpha=747.1s  build=0.011s solve=0.463s  vs_full=+0.00%
  [3f] Subgraph / diverse  k=1 …
2026-07-01 18:29:12.883 | INFO     | pycaalp.time_balancing.model:run_mip:430 - Running MIP solver ...
      obj=0.868 (vs_full=+1.45%)  alpha=747.1s  build=0.004s solve=0.021s  vs_full=+0.00%

k = 2
  Subgraph edges — edge_w: 15 (1.4%)  bal_w: 15 (1.4%)  combined: 30 (2.7%)  blended: 15 (1.4%)  blended_union: 42 (3.8%)  diverse: 26 (2.4%)
  [3a] Subgraph / edge_w   k=2 …
2026-07-01 18:29:12.968 | INFO     | pycaalp.time_balancing.model:run_mip:430 - Running MIP solver ...
      obj=0.869 (vs_full=+1.56%)  alpha=788.3s  build=0.008s solve=0.027s  vs_full=+5.52%
  [3b] Subgraph / bal_w    k=2 …
2026-07-01 18:29:12.995 | INFO     | pycaalp.time_balancing.model:run_mip:430 - Running MIP solver ...
      obj=1.016 (vs_full=+18.66%)  alpha=731.8s  build=0.012s solve=0.119s  vs_full=-2.05%
  [3c] Subgraph / combined k=2 …
2026-07-01 18:29:13.115 | INFO     | pycaalp.time_balancing.model:run_mip:430 - Running MIP solver ...
      obj=0.869 (vs_full=+1.56%)  alpha=788.3s  build=0.017s solve=0.223s  vs_full=+5.52%
  [3d] Subgraph / blended  k=2 …
2026-07-01 18:29:13.339 | INFO     | pycaalp.time_balancing.model:run_mip:430 - Running MIP solver ...
      obj=0.868 (vs_full=+1.45%)  alpha=747.1s  build=0.004s solve=0.070s  vs_full=+0.00%
  [3e] Subgraph / bl-union k=2 …
2026-07-01 18:29:13.409 | INFO     | pycaalp.time_balancing.model:run_mip:430 - Running MIP solver ...
      obj=0.857 (vs_full=+0.11%)  alpha=747.1s  build=0.019s solve=0.388s  vs_full=+0.00%
  [3f] Subgraph / diverse  k=2 …
2026-07-01 18:29:13.797 | INFO     | pycaalp.time_balancing.model:run_mip:430 - Running MIP solver ...
      obj=0.868 (vs_full=+1.45%)  alpha=747.1s  build=0.004s solve=0.044s  vs_full=+0.00%

k = 5
  Subgraph edges — edge_w: 21 (1.9%)  bal_w: 44 (4.0%)  combined: 65 (5.9%)  blended: 21 (1.9%)  blended_union: 60 (5.4%)  diverse: 65 (5.9%)
  [3a] Subgraph / edge_w   k=5 …
2026-07-01 18:29:14.060 | INFO     | pycaalp.time_balancing.model:run_mip:430 - Running MIP solver ...
      obj=0.869 (vs_full=+1.56%)  alpha=788.3s  build=0.013s solve=0.123s  vs_full=+5.52%
  [3b] Subgraph / bal_w    k=5 …
2026-07-01 18:29:14.183 | INFO     | pycaalp.time_balancing.model:run_mip:430 - Running MIP solver ...
      obj=1.016 (vs_full=+18.66%)  alpha=731.8s  build=0.017s solve=0.235s  vs_full=-2.05%
  [3c] Subgraph / combined k=5 …
2026-07-01 18:29:14.418 | INFO     | pycaalp.time_balancing.model:run_mip:430 - Running MIP solver ...
      obj=0.869 (vs_full=+1.56%)  alpha=788.3s  build=0.048s solve=0.481s  vs_full=+5.52%
  [3d] Subgraph / blended  k=5 …
2026-07-01 18:29:14.898 | INFO     | pycaalp.time_balancing.model:run_mip:430 - Running MIP solver ...
      obj=0.868 (vs_full=+1.45%)  alpha=747.1s  build=0.043s solve=0.117s  vs_full=+0.00%
  [3e] Subgraph / bl-union k=5 …
2026-07-01 18:29:15.016 | INFO     | pycaalp.time_balancing.model:run_mip:430 - Running MIP solver ...
      obj=0.857 (vs_full=+0.11%)  alpha=747.1s  build=0.085s solve=1.326s  vs_full=+0.00%
  [3f] Subgraph / diverse  k=5 …
2026-07-01 18:29:16.342 | INFO     | pycaalp.time_balancing.model:run_mip:430 - Running MIP solver ...
      obj=0.862 (vs_full=+0.66%)  alpha=758.6s  build=0.013s solve=0.506s  vs_full=+1.54%

k = 10
  Subgraph edges — edge_w: 24 (2.2%)  bal_w: 57 (5.2%)  combined: 81 (7.3%)  blended: 26 (2.4%)  blended_union: 75 (6.8%)  diverse: 126 (11.4%)
  [3a] Subgraph / edge_w   k=10 …
2026-07-01 18:29:17.185 | INFO     | pycaalp.time_balancing.model:run_mip:430 - Running MIP solver ...
      obj=0.869 (vs_full=+1.56%)  alpha=788.3s  build=0.026s solve=0.186s  vs_full=+5.52%
  [3b] Subgraph / bal_w    k=10 …
2026-07-01 18:29:17.371 | INFO     | pycaalp.time_balancing.model:run_mip:430 - Running MIP solver ...
      obj=1.015 (vs_full=+18.55%)  alpha=731.8s  build=0.061s solve=0.308s  vs_full=-2.05%
  [3c] Subgraph / combined k=10 …
2026-07-01 18:29:17.679 | INFO     | pycaalp.time_balancing.model:run_mip:430 - Running MIP solver ...
      obj=0.869 (vs_full=+1.56%)  alpha=788.3s  build=0.064s solve=0.561s  vs_full=+5.52%
  [3d] Subgraph / blended  k=10 …
2026-07-01 18:29:18.240 | INFO     | pycaalp.time_balancing.model:run_mip:430 - Running MIP solver ...
      obj=0.868 (vs_full=+1.45%)  alpha=747.1s  build=0.032s solve=0.157s  vs_full=+0.00%
  [3e] Subgraph / bl-union k=10 …
2026-07-01 18:29:18.397 | INFO     | pycaalp.time_balancing.model:run_mip:430 - Running MIP solver ...
      obj=0.857 (vs_full=+0.11%)  alpha=747.1s  build=0.131s solve=2.068s  vs_full=+0.00%
  [3f] Subgraph / diverse  k=10 …
2026-07-01 18:29:20.465 | INFO     | pycaalp.time_balancing.model:run_mip:430 - Running MIP solver ...
      obj=0.861 (vs_full=+0.61%)  alpha=758.6s  build=0.021s solve=0.598s  vs_full=+1.54%

k = 20
  Subgraph edges — edge_w: 35 (3.2%)  bal_w: 73 (6.6%)  combined: 107 (9.7%)  blended: 33 (3.0%)  blended_union: 93 (8.4%)  diverse: 239 (21.6%)
  [3a] Subgraph / edge_w   k=20 …
2026-07-01 18:29:22.166 | INFO     | pycaalp.time_balancing.model:run_mip:430 - Running MIP solver ...
      obj=0.869 (vs_full=+1.56%)  alpha=788.3s  build=0.160s solve=0.658s  vs_full=+5.52%
  [3b] Subgraph / bal_w    k=20 …
2026-07-01 18:29:22.824 | INFO     | pycaalp.time_balancing.model:run_mip:430 - Running MIP solver ...
      obj=0.969 (vs_full=+13.23%)  alpha=754.4s  build=0.226s solve=0.246s  vs_full=+0.98%
  [3c] Subgraph / combined k=20 …
2026-07-01 18:29:23.070 | INFO     | pycaalp.time_balancing.model:run_mip:430 - Running MIP solver ...
      obj=0.869 (vs_full=+1.56%)  alpha=788.3s  build=0.343s solve=0.901s  vs_full=+5.52%
  [3d] Subgraph / blended  k=20 …
2026-07-01 18:29:23.971 | INFO     | pycaalp.time_balancing.model:run_mip:430 - Running MIP solver ...
      obj=0.868 (vs_full=+1.45%)  alpha=747.1s  build=0.159s solve=0.176s  vs_full=+0.00%
  [3e] Subgraph / bl-union k=20 …
2026-07-01 18:29:24.147 | INFO     | pycaalp.time_balancing.model:run_mip:430 - Running MIP solver ...
      obj=0.857 (vs_full=+0.11%)  alpha=747.1s  build=0.202s solve=1.018s  vs_full=+0.00%
  [3f] Subgraph / diverse  k=20 …
2026-07-01 18:29:25.166 | INFO     | pycaalp.time_balancing.model:run_mip:430 - Running MIP solver ...
      obj=0.861 (vs_full=+0.56%)  alpha=758.6s  build=0.014s solve=0.866s  vs_full=+1.54%

k = 50
  Subgraph edges — edge_w: 54 (4.9%)  bal_w: 141 (12.8%)  combined: 190 (17.2%)  blended: 56 (5.1%)  blended_union: 146 (13.2%)  diverse: 511 (46.2%)
  [3a] Subgraph / edge_w   k=50 …
2026-07-01 18:29:27.865 | INFO     | pycaalp.time_balancing.model:run_mip:430 - Running MIP solver ...
      obj=0.867 (vs_full=+1.25%)  alpha=780.8s  build=0.216s solve=0.465s  vs_full=+4.51%
  [3b] Subgraph / bal_w    k=50 …
2026-07-01 18:29:28.330 | INFO     | pycaalp.time_balancing.model:run_mip:430 - Running MIP solver ...
      obj=0.966 (vs_full=+12.85%)  alpha=731.8s  build=0.256s solve=2.690s  vs_full=-2.05%
  [3c] Subgraph / combined k=50 …
2026-07-01 18:29:31.020 | INFO     | pycaalp.time_balancing.model:run_mip:430 - Running MIP solver ...
      obj=0.867 (vs_full=+1.25%)  alpha=780.8s  build=0.517s solve=1.127s  vs_full=+4.51%
  [3d] Subgraph / blended  k=50 …
2026-07-01 18:29:32.147 | INFO     | pycaalp.time_balancing.model:run_mip:430 - Running MIP solver ...
      obj=0.868 (vs_full=+1.45%)  alpha=747.1s  build=0.246s solve=0.404s  vs_full=+0.00%
  [3e] Subgraph / bl-union k=50 …
2026-07-01 18:29:32.551 | INFO     | pycaalp.time_balancing.model:run_mip:430 - Running MIP solver ...
      obj=0.857 (vs_full=+0.11%)  alpha=747.1s  build=0.561s solve=2.412s  vs_full=+0.00%
  [3f] Subgraph / diverse  k=50 …
2026-07-01 18:29:34.963 | INFO     | pycaalp.time_balancing.model:run_mip:430 - Running MIP solver ...
      obj=0.859 (vs_full=+0.36%)  alpha=747.1s  build=0.037s solve=2.743s  vs_full=+0.00%

k = 100
  Subgraph edges — edge_w: 78 (7.1%)  bal_w: 189 (17.1%)  combined: 257 (23.3%)  blended: 63 (5.7%)  blended_union: 190 (17.2%)  diverse: 742 (67.1%)
  [3a] Subgraph / edge_w   k=100 …
2026-07-01 18:29:40.892 | INFO     | pycaalp.time_balancing.model:run_mip:430 - Running MIP solver ...
      obj=0.867 (vs_full=+1.25%)  alpha=780.8s  build=0.345s solve=0.574s  vs_full=+4.51%
  [3b] Subgraph / bal_w    k=100 …
2026-07-01 18:29:41.467 | INFO     | pycaalp.time_balancing.model:run_mip:430 - Running MIP solver ...
      obj=0.966 (vs_full=+12.85%)  alpha=731.8s  build=0.475s solve=2.161s  vs_full=-2.05%
  [3c] Subgraph / combined k=100 …
2026-07-01 18:29:43.627 | INFO     | pycaalp.time_balancing.model:run_mip:430 - Running MIP solver ...
      obj=0.867 (vs_full=+1.25%)  alpha=780.8s  build=0.807s solve=1.511s  vs_full=+4.51%
  [3d] Subgraph / blended  k=100 …
2026-07-01 18:29:45.139 | INFO     | pycaalp.time_balancing.model:run_mip:430 - Running MIP solver ...
      obj=0.868 (vs_full=+1.45%)  alpha=747.1s  build=0.430s solve=0.589s  vs_full=+0.00%
  [3e] Subgraph / bl-union k=100 …
2026-07-01 18:29:45.728 | INFO     | pycaalp.time_balancing.model:run_mip:430 - Running MIP solver ...
      obj=0.857 (vs_full=+0.11%)  alpha=747.1s  build=1.047s solve=1.242s  vs_full=+0.00%
  [3f] Subgraph / diverse  k=100 …
2026-07-01 18:29:46.970 | INFO     | pycaalp.time_balancing.model:run_mip:430 - Running MIP solver ...
      obj=0.859 (vs_full=+0.36%)  alpha=747.1s  build=0.083s solve=21.443s  vs_full=+0.00%

k = 200
  Subgraph edges — edge_w: 95 (8.6%)  bal_w: 258 (23.3%)  combined: 339 (30.7%)  blended: 64 (5.8%)  blended_union: 203 (18.4%)  diverse: 910 (82.4%)
  [3a] Subgraph / edge_w   k=200 …
2026-07-01 18:30:14.645 | INFO     | pycaalp.time_balancing.model:run_mip:430 - Running MIP solver ...
      obj=0.867 (vs_full=+1.25%)  alpha=780.8s  build=0.674s solve=0.675s  vs_full=+4.51%
  [3b] Subgraph / bal_w    k=200 …
2026-07-01 18:30:15.320 | INFO     | pycaalp.time_balancing.model:run_mip:430 - Running MIP solver ...
      obj=0.952 (vs_full=+11.26%)  alpha=747.1s  build=0.840s solve=3.174s  vs_full=+0.00%
  [3c] Subgraph / combined k=200 …
2026-07-01 18:30:18.494 | INFO     | pycaalp.time_balancing.model:run_mip:430 - Running MIP solver ...
      obj=0.865 (vs_full=+1.09%)  alpha=747.1s  build=1.477s solve=2.763s  vs_full=+0.00%
  [3d] Subgraph / blended  k=200 …
2026-07-01 18:30:21.257 | INFO     | pycaalp.time_balancing.model:run_mip:430 - Running MIP solver ...
      obj=0.868 (vs_full=+1.45%)  alpha=747.1s  build=0.830s solve=0.508s  vs_full=+0.00%
  [3e] Subgraph / bl-union k=200 …
2026-07-01 18:30:21.766 | INFO     | pycaalp.time_balancing.model:run_mip:430 - Running MIP solver ...
      obj=0.857 (vs_full=+0.11%)  alpha=747.1s  build=2.258s solve=2.387s  vs_full=+0.00%
  [3f] Subgraph / diverse  k=200 …
2026-07-01 18:30:24.153 | INFO     | pycaalp.time_balancing.model:run_mip:430 - Running MIP solver ...
      obj=0.858 (vs_full=+0.25%)  alpha=747.1s  build=0.153s solve=39.162s  vs_full=+0.00%

k = 500
  Subgraph edges — edge_w: 108 (9.8%)  bal_w: 399 (36.1%)  combined: 459 (41.5%)  blended: 137 (12.4%)  blended_union: 247 (22.4%)  diverse: 1044 (94.5%)
  [3a] Subgraph / edge_w   k=500 …
2026-07-01 18:31:18.635 | INFO     | pycaalp.time_balancing.model:run_mip:430 - Running MIP solver ...
      obj=0.867 (vs_full=+1.25%)  alpha=780.8s  build=1.676s solve=0.740s  vs_full=+4.51%
  [3b] Subgraph / bal_w    k=500 …
2026-07-01 18:31:19.375 | INFO     | pycaalp.time_balancing.model:run_mip:430 - Running MIP solver ...
      obj=0.947 (vs_full=+10.68%)  alpha=731.8s  build=2.011s solve=4.353s  vs_full=-2.05%
  [3c] Subgraph / combined k=500 …
2026-07-01 18:31:23.729 | INFO     | pycaalp.time_balancing.model:run_mip:430 - Running MIP solver ...
      obj=0.864 (vs_full=+0.93%)  alpha=758.6s  build=3.482s solve=5.203s  vs_full=+1.54%
  [3d] Subgraph / blended  k=500 …
2026-07-01 18:31:28.932 | INFO     | pycaalp.time_balancing.model:run_mip:430 - Running MIP solver ...
      obj=0.864 (vs_full=+0.89%)  alpha=747.1s  build=2.002s solve=1.242s  vs_full=+0.00%
  [3e] Subgraph / bl-union k=500 …
2026-07-01 18:31:30.173 | INFO     | pycaalp.time_balancing.model:run_mip:430 - Running MIP solver ...
      obj=0.857 (vs_full=+0.11%)  alpha=747.1s  build=5.631s solve=1.971s  vs_full=+0.00%
  [3f] Subgraph / diverse  k=500 …
2026-07-01 18:31:32.144 | INFO     | pycaalp.time_balancing.model:run_mip:430 - Running MIP solver ...
      obj=0.856 (vs_full=+0.01%)  alpha=747.1s  build=0.517s solve=21.590s  vs_full=+0.00%

k = 1000
  Subgraph edges — edge_w: 142 (12.9%)  bal_w: 500 (45.2%)  combined: 578 (52.3%)  blended: 149 (13.5%)  blended_union: 284 (25.7%)  diverse: 1098 (99.4%)
  [3a] Subgraph / edge_w   k=1000 …
2026-07-01 18:32:26.169 | INFO     | pycaalp.time_balancing.model:run_mip:430 - Running MIP solver ...
      obj=0.856 (vs_full=-0.00%)  alpha=747.1s  build=3.168s solve=1.042s  vs_full=+0.00%
  [3b] Subgraph / bal_w    k=1000 …
2026-07-01 18:32:27.211 | INFO     | pycaalp.time_balancing.model:run_mip:430 - Running MIP solver ...
      obj=0.945 (vs_full=+10.45%)  alpha=747.1s  build=3.875s solve=6.631s  vs_full=+0.00%
  [3c] Subgraph / combined k=1000 …
2026-07-01 18:32:33.842 | INFO     | pycaalp.time_balancing.model:run_mip:430 - Running MIP solver ...
      obj=0.856 (vs_full=+0.00%)  alpha=747.1s  build=7.252s solve=4.011s  vs_full=+0.00%
  [3d] Subgraph / blended  k=1000 …
2026-07-01 18:32:37.853 | INFO     | pycaalp.time_balancing.model:run_mip:430 - Running MIP solver ...
      obj=0.864 (vs_full=+0.89%)  alpha=747.1s  build=4.265s solve=0.595s  vs_full=+0.00%
  [3e] Subgraph / bl-union k=1000 …
2026-07-01 18:32:38.449 | INFO     | pycaalp.time_balancing.model:run_mip:430 - Running MIP solver ...
      obj=0.856 (vs_full=+0.00%)  alpha=747.1s  build=11.853s solve=2.437s  vs_full=+0.00%
  [3f] Subgraph / diverse  k=1000 …
2026-07-01 18:32:40.886 | INFO     | pycaalp.time_balancing.model:run_mip:430 - Running MIP solver ...
      obj=0.856 (vs_full=+0.01%)  alpha=747.1s  build=2.021s solve=19.520s  vs_full=+0.00%

k = 2000
  Subgraph edges — edge_w: 185 (16.7%)  bal_w: 630 (57.0%)  combined: 685 (62.0%)  blended: 199 (18.0%)  blended_union: 335 (30.3%)  diverse: 1105 (100.0%)
  [3a] Subgraph / edge_w   k=2000 …
2026-07-01 18:34:12.834 | INFO     | pycaalp.time_balancing.model:run_mip:430 - Running MIP solver ...
      obj=0.856 (vs_full=-0.00%)  alpha=747.1s  build=8.273s solve=1.139s  vs_full=+0.00%
  [3b] Subgraph / bal_w    k=2000 …
2026-07-01 18:34:13.974 | INFO     | pycaalp.time_balancing.model:run_mip:430 - Running MIP solver ...
      obj=0.944 (vs_full=+10.29%)  alpha=747.1s  build=7.977s solve=7.980s  vs_full=+0.00%
  [3c] Subgraph / combined k=2000 …
2026-07-01 18:34:21.954 | INFO     | pycaalp.time_balancing.model:run_mip:430 - Running MIP solver ...
      obj=0.856 (vs_full=+0.00%)  alpha=747.1s  build=17.858s solve=5.813s  vs_full=+0.00%
  [3d] Subgraph / blended  k=2000 …
2026-07-01 18:34:27.768 | INFO     | pycaalp.time_balancing.model:run_mip:430 - Running MIP solver ...
      obj=0.861 (vs_full=+0.56%)  alpha=758.6s  build=9.546s solve=1.007s  vs_full=+1.54%
  [3e] Subgraph / bl-union k=2000 …
2026-07-01 18:34:28.774 | INFO     | pycaalp.time_balancing.model:run_mip:430 - Running MIP solver ...
      obj=0.856 (vs_full=+0.00%)  alpha=747.1s  build=26.720s solve=3.029s  vs_full=+0.00%
  [3f] Subgraph / diverse  k=2000 …
2026-07-01 18:34:31.804 | INFO     | pycaalp.time_balancing.model:run_mip:430 - Running MIP solver ...
      obj=0.856 (vs_full=+0.00%)  alpha=747.1s  build=2.053s solve=19.870s  vs_full=+0.00%

k = 5000
  Subgraph edges — edge_w: 232 (21.0%)  bal_w: 799 (72.3%)  combined: 830 (75.1%)  blended: 218 (19.7%)  blended_union: 355 (32.1%)  diverse: 1105 (100.0%)
  [3a] Subgraph / edge_w   k=5000 …
2026-07-01 18:39:11.391 | INFO     | pycaalp.time_balancing.model:run_mip:430 - Running MIP solver ...
      obj=0.856 (vs_full=-0.00%)  alpha=747.1s  build=31.971s solve=1.982s  vs_full=+0.00%
  [3b] Subgraph / bal_w    k=5000 …
2026-07-01 18:39:13.372 | INFO     | pycaalp.time_balancing.model:run_mip:430 - Running MIP solver ...
      obj=0.943 (vs_full=+10.17%)  alpha=747.1s  build=26.103s solve=9.900s  vs_full=+0.00%
  [3c] Subgraph / combined k=5000 …
2026-07-01 18:39:23.273 | INFO     | pycaalp.time_balancing.model:run_mip:430 - Running MIP solver ...
      obj=0.856 (vs_full=-0.00%)  alpha=747.1s  build=58.584s solve=12.477s  vs_full=+0.00%
  [3d] Subgraph / blended  k=5000 …
2026-07-01 18:39:35.750 | INFO     | pycaalp.time_balancing.model:run_mip:430 - Running MIP solver ...
      obj=0.858 (vs_full=+0.25%)  alpha=747.1s  build=35.437s solve=2.523s  vs_full=+0.00%
  [3e] Subgraph / bl-union k=5000 …
2026-07-01 18:39:38.273 | INFO     | pycaalp.time_balancing.model:run_mip:430 - Running MIP solver ...
      obj=0.856 (vs_full=-0.00%)  alpha=747.1s  build=102.097s solve=4.816s  vs_full=+0.00%
  [3f] Subgraph / diverse  k=5000 …
2026-07-01 18:39:43.088 | INFO     | pycaalp.time_balancing.model:run_mip:430 - Running MIP solver ...
      obj=0.856 (vs_full=+0.00%)  alpha=747.1s  build=5.525s solve=20.870s  vs_full=+0.00%

Results saved to experiments/strategy_comparison/assembly_1_np_3/strategy_comparison_lambda_0.45.csv
Plot with:  python -m experiments.strategy_comparison.plot_k_sensitivity

============================================================================================================================
SUMMARY — assembly_1  P=3  λ=0.45
============================================================================================================================
Strategy       Weight                      k   Build    Solve    Total  Spdup       Obj   ObjvsF     Alpha    AlvsF   Edges  %Grph
----------------------------------------------------------------------------------------------------------------------------
full_mip       —                               0.000   23.311   23.311   1.0x     0.856    +0.00    747.12    +0.00    1105  100.0
subgraph_mip   edge_weight                 1   0.001    0.055    0.057 412.5x     0.871    +1.77    792.00    +6.01      13    1.2
subgraph_mip   time_balanced_weight        1   0.001    0.028    0.029 809.0x     1.021   +19.28    731.84    -2.05      13    1.2
subgraph_mip   combined                    1   0.002    0.064    0.066 353.9x     0.871    +1.77    792.00    +6.01      26    2.4
subgraph_mip   blended                     1   0.001    0.015    0.016 1493.8x     0.868    +1.45    747.12    +0.00      13    1.2
subgraph_mip   blended_union               1   0.011    0.463    0.474  49.1x     0.857    +0.11    747.12    +0.00      37    3.4
subgraph_mip   diverse                     1   0.004    0.021    0.025 936.6x     0.868    +1.45    747.12    +0.00      13    1.2
subgraph_mip   edge_weight                 2   0.008    0.027    0.035 667.0x     0.869    +1.56    788.33    +5.52      15    1.4
subgraph_mip   time_balanced_weight        2   0.012    0.119    0.131 178.1x     1.016   +18.66    731.84    -2.05      15    1.4
subgraph_mip   combined                    2   0.017    0.223    0.240  97.0x     0.869    +1.56    788.33    +5.52      30    2.7
subgraph_mip   blended                     2   0.004    0.070    0.075 312.7x     0.868    +1.45    747.12    +0.00      15    1.4
subgraph_mip   blended_union               2   0.019    0.388    0.407  57.3x     0.857    +0.11    747.12    +0.00      42    3.8
subgraph_mip   diverse                     2   0.004    0.044    0.048 484.2x     0.868    +1.45    747.12    +0.00      26    2.4
subgraph_mip   edge_weight                 5   0.013    0.123    0.135 172.1x     0.869    +1.56    788.33    +5.52      21    1.9
subgraph_mip   time_balanced_weight        5   0.017    0.235    0.252  92.4x     1.016   +18.66    731.84    -2.05      44    4.0
subgraph_mip   combined                    5   0.048    0.481    0.529  44.0x     0.869    +1.56    788.33    +5.52      65    5.9
subgraph_mip   blended                     5   0.043    0.117    0.160 145.6x     0.868    +1.45    747.12    +0.00      21    1.9
subgraph_mip   blended_union               5   0.085    1.326    1.411  16.5x     0.857    +0.11    747.12    +0.00      60    5.4
subgraph_mip   diverse                     5   0.013    0.506    0.519  44.9x     0.862    +0.66    758.63    +1.54      65    5.9
subgraph_mip   edge_weight                10   0.026    0.186    0.212 109.9x     0.869    +1.56    788.33    +5.52      24    2.2
subgraph_mip   time_balanced_weight       10   0.061    0.308    0.369  63.2x     1.015   +18.55    731.84    -2.05      57    5.2
subgraph_mip   combined                   10   0.064    0.561    0.625  37.3x     0.869    +1.56    788.33    +5.52      81    7.3
subgraph_mip   blended                    10   0.032    0.157    0.189 123.4x     0.868    +1.45    747.12    +0.00      26    2.4
subgraph_mip   blended_union              10   0.131    2.068    2.199  10.6x     0.857    +0.11    747.12    +0.00      75    6.8
subgraph_mip   diverse                    10   0.021    0.598    0.619  37.7x     0.861    +0.61    758.63    +1.54     126   11.4
subgraph_mip   edge_weight                20   0.160    0.658    0.817  28.5x     0.869    +1.56    788.33    +5.52      35    3.2
subgraph_mip   time_balanced_weight       20   0.226    0.246    0.472  49.4x     0.969   +13.23    754.42    +0.98      73    6.6
subgraph_mip   combined                   20   0.343    0.901    1.244  18.7x     0.869    +1.56    788.33    +5.52     107    9.7
subgraph_mip   blended                    20   0.159    0.176    0.335  69.6x     0.868    +1.45    747.12    +0.00      33    3.0
subgraph_mip   blended_union              20   0.202    1.018    1.220  19.1x     0.857    +0.11    747.12    +0.00      93    8.4
subgraph_mip   diverse                    20   0.014    0.866    0.880  26.5x     0.861    +0.56    758.63    +1.54     239   21.6
subgraph_mip   edge_weight                50   0.216    0.465    0.681  34.2x     0.867    +1.25    780.81    +4.51      54    4.9
subgraph_mip   time_balanced_weight       50   0.256    2.690    2.947   7.9x     0.966   +12.85    731.84    -2.05     141   12.8
subgraph_mip   combined                   50   0.517    1.127    1.643  14.2x     0.867    +1.25    780.81    +4.51     190   17.2
subgraph_mip   blended                    50   0.246    0.404    0.650  35.9x     0.868    +1.45    747.12    +0.00      56    5.1
subgraph_mip   blended_union              50   0.561    2.412    2.973   7.8x     0.857    +0.11    747.12    +0.00     146   13.2
subgraph_mip   diverse                    50   0.037    2.743    2.780   8.4x     0.859    +0.36    747.12    +0.00     511   46.2
subgraph_mip   edge_weight               100   0.345    0.574    0.919  25.4x     0.867    +1.25    780.81    +4.51      78    7.1
subgraph_mip   time_balanced_weight      100   0.475    2.161    2.635   8.8x     0.966   +12.85    731.84    -2.05     189   17.1
subgraph_mip   combined                  100   0.807    1.511    2.318  10.1x     0.867    +1.25    780.81    +4.51     257   23.3
subgraph_mip   blended                   100   0.430    0.589    1.019  22.9x     0.868    +1.45    747.12    +0.00      63    5.7
subgraph_mip   blended_union             100   1.047    1.242    2.289  10.2x     0.857    +0.11    747.12    +0.00     190   17.2
subgraph_mip   diverse                   100   0.083   21.443   21.526   1.1x     0.859    +0.36    747.12    +0.00     742   67.2
subgraph_mip   edge_weight               200   0.674    0.675    1.350  17.3x     0.867    +1.25    780.81    +4.51      95    8.6
subgraph_mip   time_balanced_weight      200   0.840    3.174    4.014   5.8x     0.952   +11.26    747.12    +0.00     258   23.4
subgraph_mip   combined                  200   1.477    2.763    4.240   5.5x     0.865    +1.09    747.12    +0.00     339   30.7
subgraph_mip   blended                   200   0.830    0.508    1.338  17.4x     0.868    +1.45    747.12    +0.00      64    5.8
subgraph_mip   blended_union             200   2.258    2.387    4.645   5.0x     0.857    +0.11    747.12    +0.00     203   18.4
subgraph_mip   diverse                   200   0.153   39.162   39.315   0.6x     0.858    +0.25    747.12    +0.00     910   82.3
subgraph_mip   edge_weight               500   1.676    0.740    2.416   9.7x     0.867    +1.25    780.81    +4.51     108    9.8
subgraph_mip   time_balanced_weight      500   2.011    4.353    6.364   3.7x     0.947   +10.68    731.84    -2.05     399   36.1
subgraph_mip   combined                  500   3.482    5.203    8.685   2.7x     0.864    +0.93    758.63    +1.54     459   41.5
subgraph_mip   blended                   500   2.002    1.242    3.243   7.2x     0.864    +0.89    747.12    +0.00     137   12.4
subgraph_mip   blended_union             500   5.631    1.971    7.602   3.1x     0.857    +0.11    747.12    +0.00     247   22.4
subgraph_mip   diverse                   500   0.517   21.590   22.107   1.1x     0.856    +0.01    747.12    +0.00    1044   94.5
subgraph_mip   edge_weight              1000   3.168    1.042    4.210   5.5x     0.856    -0.00    747.12    +0.00     142   12.8
subgraph_mip   time_balanced_weight     1000   3.875    6.631   10.506   2.2x     0.945   +10.45    747.12    +0.00     500   45.2
subgraph_mip   combined                 1000   7.252    4.011   11.263   2.1x     0.856    +0.00    747.12    +0.00     578   52.3
subgraph_mip   blended                  1000   4.265    0.595    4.861   4.8x     0.864    +0.89    747.12    +0.00     149   13.5
subgraph_mip   blended_union            1000  11.853    2.437   14.290   1.6x     0.856    +0.00    747.12    +0.00     284   25.7
subgraph_mip   diverse                  1000   2.021   19.520   21.540   1.1x     0.856    +0.01    747.12    +0.00    1098   99.4
subgraph_mip   edge_weight              2000   8.273    1.139    9.413   2.5x     0.856    -0.00    747.12    +0.00     185   16.7
subgraph_mip   time_balanced_weight     2000   7.977    7.980   15.957   1.5x     0.944   +10.29    747.12    +0.00     630   57.0
subgraph_mip   combined                 2000  17.858    5.813   23.672   1.0x     0.856    +0.00    747.12    +0.00     685   62.0
subgraph_mip   blended                  2000   9.546    1.007   10.553   2.2x     0.861    +0.56    758.63    +1.54     199   18.0
subgraph_mip   blended_union            2000  26.720    3.029   29.750   0.8x     0.856    +0.00    747.12    +0.00     335   30.3
subgraph_mip   diverse                  2000   2.053   19.870   21.923   1.1x     0.856    +0.00    747.12    +0.00    1105  100.0
subgraph_mip   edge_weight              5000  31.971    1.982   33.952   0.7x     0.856    -0.00    747.12    +0.00     232   21.0
subgraph_mip   time_balanced_weight     5000  26.103    9.900   36.003   0.7x     0.943   +10.17    747.12    +0.00     799   72.3
subgraph_mip   combined                 5000  58.584   12.477   71.062   0.3x     0.856    -0.00    747.12    +0.00     830   75.1
subgraph_mip   blended                  5000  35.437    2.523   37.959   0.6x     0.858    +0.25    747.12    +0.00     218   19.7
subgraph_mip   blended_union            5000 102.097    4.816  106.913   0.2x     0.856    -0.00    747.12    +0.00     355   32.1
subgraph_mip   diverse                  5000   5.525   20.870   26.395   0.9x     0.856    +0.00    747.12    +0.00    1105  100.0
============================================================================================================================

----------------- λ = 0.5 -----------------
========================================================================
Strategy Comparison Experiment — assembly_1  P=3  λ=0.5
========================================================================

Building assembly digraph …
2026-07-01 18:28:48.535 | INFO     | pycaalp.gapp.assembly_digraph:compute_assembly_digraph_complete:395 - Computing assembly digraph...
  343 nodes, 1105 edges  (0.3s)

[1] Full MIP  P=3  λ=0.5
2026-07-01 18:28:48.842 | INFO     | pycaalp.time_balancing.model:run_mip:430 - Running MIP solver ...
presolving:
(round 1, fast)       2 del vars, 2 del conss, 0 add conss, 0 chg bounds, 0 chg sides, 0 chg coeffs, 0 upgd conss, 0 impls, 69 clqs, 0 implints
(round 2, exhaustive) 2 del vars, 2 del conss, 0 add conss, 1 chg bounds, 0 chg sides, 0 chg coeffs, 3408 upgd conss, 0 impls, 69 clqs, 0 implints
   (0.3s) probing: 1000/1181 (84.7%) - 0 fixings, 0 aggregations, 131997 implications, 0 bound changes
   (0.3s) probing: 1001/1181 (84.8%) - 0 fixings, 0 aggregations, 132060 implications, 0 bound changes
   (0.3s) probing aborted: 1000/1000 successive useless probings
   (0.3s) symmetry computation started: requiring (bin +, int +, cont +), (fixed: bin -, int -, cont -)
   (0.3s) no symmetry present (symcode time: 0.00)
presolving (3 rounds: 3 fast, 2 medium, 2 exhaustive):
 2 deleted vars, 2 deleted constraints, 0 added constraints, 1 tightened bounds, 0 added holes, 0 changed sides, 0 changed coefficients
 0 implications, 12312 cliques, 0 implied integral variables (0 bin, 0 int, 0 cont)
presolved problem has 1182 variables (1181 bin, 0 int, 1 cont) and 3721 constraints
     69 constraints of type <setppc>
    313 constraints of type <linear>
   3339 constraints of type <logicor>
Presolving Time: 0.29

 time | node  | left  |LP iter|LP it/n|mem/heur|mdpt |vars |cons |rows |cuts |sepa|confs|strbr|  dualbound   | primalbound  |  gap   | compl. 
p 0.3s|     1 |     0 |     0 |     - | vbounds|   0 |1182 |3752 |3721 |   0 |  0 |  30 |   0 | 0.000000e+00 | 1.799901e+00 |    Inf | unknown
p 0.4s|     1 |     0 |    89 |     - | vbounds|   0 |1182 |3764 |3721 |   0 |  0 |  42 |   0 | 0.000000e+00 | 1.232004e+00 |    Inf | unknown
  0.4s|     1 |     0 |   381 |     - |    29M |   0 |1182 |3764 |3721 |   0 |  0 |  42 |   0 | 8.329273e-01 | 1.232004e+00 |  47.91%| unknown
  0.6s|     1 |     0 |   440 |     - |    31M |   0 |1182 |3765 |3724 |   3 |  1 |  43 |   0 | 8.329369e-01 | 1.232004e+00 |  47.91%| unknown
  0.9s|     1 |     0 |   481 |     - |    36M |   0 |1182 |3775 |3726 |   5 |  2 |  53 |   0 | 8.329486e-01 | 1.232004e+00 |  47.91%| unknown
  1.2s|     1 |     0 |   499 |     - |    43M |   0 |1182 |3770 |3728 |   7 |  3 |  53 |   0 | 8.330425e-01 | 1.232004e+00 |  47.89%| unknown
  1.6s|     1 |     0 |   522 |     - |    52M |   0 |1182 |3772 |3731 |  10 |  4 |  55 |   0 | 8.330425e-01 | 1.232004e+00 |  47.89%| unknown
  1.9s|     1 |     0 |   534 |     - |    59M |   0 |1182 |3779 |3734 |  13 |  5 |  65 |   0 | 8.330425e-01 | 1.232004e+00 |  47.89%| unknown
  2.4s|     1 |     0 |   556 |     - |    71M |   0 |1182 |3780 |3738 |  17 |  6 |  66 |   0 | 8.330425e-01 | 1.232004e+00 |  47.89%| unknown
  2.9s|     1 |     0 |   565 |     - |    80M |   0 |1182 |3789 |3741 |  20 |  7 |  75 |   0 | 8.330425e-01 | 1.232004e+00 |  47.89%| unknown
  3.4s|     1 |     0 |   579 |     - |    90M |   0 |1182 |3795 |3742 |  21 |  8 |  81 |   0 | 8.330425e-01 | 1.232004e+00 |  47.89%| unknown
  3.8s|     1 |     0 |   606 |     - |   102M |   0 |1182 |3797 |3746 |  25 |  9 |  83 |   0 | 8.330497e-01 | 1.232004e+00 |  47.89%| unknown
  4.2s|     1 |     0 |   617 |     - |   115M |   0 |1182 |3797 |3747 |  26 | 10 |  83 |   0 | 8.330497e-01 | 1.232004e+00 |  47.89%| unknown
  4.3s|     1 |     0 |   635 |     - |   116M |   0 |1182 |3799 |3748 |  27 | 11 |  85 |   0 | 8.330503e-01 | 1.232004e+00 |  47.89%| unknown
d 4.3s|     1 |     0 |  1229 |     - |farkasdi|   0 |1182 |3798 |3748 |   0 | 11 |  85 |   0 | 8.330503e-01 | 8.957871e-01 |   7.53%| unknown
 time | node  | left  |LP iter|LP it/n|mem/heur|mdpt |vars |cons |rows |cuts |sepa|confs|strbr|  dualbound   | primalbound  |  gap   | compl. 
L 4.4s|     1 |     0 |  1717 |     - |    rens|   0 |1182 |3796 |3748 |  27 | 11 |  88 |   0 | 8.330503e-01 | 8.950762e-01 |   7.45%| unknown
  4.4s|     1 |     0 |  1717 |     - |   116M |   0 |1182 |3796 |3748 |  27 | 11 |  88 |   0 | 8.330503e-01 | 8.950762e-01 |   7.45%| unknown
  4.4s|     1 |     0 |  1717 |     - |   116M |   0 |1182 |3796 |3604 |  27 | 11 |  88 |   0 | 8.330503e-01 | 8.950762e-01 |   7.45%| unknown
  4.4s|     1 |     0 |  1738 |     - |   116M |   0 |1182 |3739 |3593 |  29 | 12 |  88 |   0 | 8.330668e-01 | 8.950762e-01 |   7.44%| unknown
  4.4s|     1 |     0 |  1738 |     - |   116M |   0 |1182 |3716 |3593 |  29 | 13 |  94 |   0 | 8.330668e-01 | 8.950762e-01 |   7.44%| unknown
(run 1, node 1) restarting after 102 global fixings of integer variables

(restart) converted 27 cuts from the global cut pool into linear constraints

presolving:
(round 1, fast)       105 del vars, 242 del conss, 0 add conss, 0 chg bounds, 0 chg sides, 117 chg coeffs, 0 upgd conss, 0 impls, 10637 clqs, 0 implints
(round 2, exhaustive) 105 del vars, 242 del conss, 0 add conss, 0 chg bounds, 0 chg sides, 117 chg coeffs, 36 upgd conss, 0 impls, 10637 clqs, 0 implints
(round 3, medium)     105 del vars, 242 del conss, 0 add conss, 0 chg bounds, 3 chg sides, 120 chg coeffs, 36 upgd conss, 0 impls, 10639 clqs, 0 implints
(round 4, exhaustive) 105 del vars, 244 del conss, 0 add conss, 0 chg bounds, 3 chg sides, 173 chg coeffs, 36 upgd conss, 0 impls, 10639 clqs, 0 implints
presolving (5 rounds: 5 fast, 4 medium, 3 exhaustive):
 105 deleted vars, 244 deleted constraints, 0 added constraints, 0 tightened bounds, 0 added holes, 3 changed sides, 174 changed coefficients
 0 implications, 10639 cliques, 0 implied integral variables (0 bin, 0 int, 0 cont)
presolved problem has 1077 variables (1076 bin, 0 int, 1 cont) and 3499 constraints
      7 constraints of type <knapsack>
    105 constraints of type <setppc>
    291 constraints of type <linear>
   3096 constraints of type <logicor>
Presolving Time: 0.32
transformed 4/5 original solutions to the transformed problem space

 time | node  | left  |LP iter|LP it/n|mem/heur|mdpt |vars |cons |rows |cuts |sepa|confs|strbr|  dualbound   | primalbound  |  gap   | compl. 
  4.5s|     1 |     0 |  2171 |     - |   110M |   0 |1077 |3499 |3425 |   0 |  0 |  94 |   0 | 8.330668e-01 | 8.950762e-01 |   7.44%| unknown
  4.5s|     1 |     0 |  2171 |     - |   111M |   0 |1077 |3506 |3326 |   0 |  0 | 101 |   0 | 8.330668e-01 | 8.950762e-01 |   7.44%| unknown
  4.9s|     1 |     0 |  2181 |     - |   115M |   0 |1077 |3463 |3245 |   2 |  1 | 101 |   0 | 8.330668e-01 | 8.950762e-01 |   7.44%| unknown
  5.2s|     1 |     0 |  2194 |     - |   116M |   0 |1077 |3396 |3249 |   6 |  2 | 107 |   0 | 8.330668e-01 | 8.950762e-01 |   7.44%| unknown
  5.6s|     1 |     0 |  2210 |     - |   118M |   0 |1077 |3391 |3252 |   9 |  3 | 109 |   0 | 8.330668e-01 | 8.950762e-01 |   7.44%| unknown
  5.9s|     1 |     0 |  2247 |     - |   121M |   0 |1077 |3384 |3253 |  10 |  4 | 119 |   0 | 8.330684e-01 | 8.950762e-01 |   7.44%| unknown
  6.8s|     1 |     0 |  2262 |     - |   123M |   0 |1077 |3386 |3255 |  12 |  5 | 121 |   0 | 8.330740e-01 | 8.950762e-01 |   7.44%| unknown
  7.0s|     1 |     0 |  2301 |     - |   129M |   0 |1077 |3374 |3256 |  13 |  6 | 124 |   0 | 8.330803e-01 | 8.950762e-01 |   7.44%| unknown
  7.9s|     1 |     0 |  2313 |     - |   129M |   0 |1077 |3383 |3257 |  14 |  7 | 134 |   0 | 8.330807e-01 | 8.950762e-01 |   7.44%| unknown
  9.1s|     1 |     0 |  2346 |     - |   132M |   0 |1077 |3379 |3260 |  17 |  8 | 135 |   0 | 8.331076e-01 | 8.950762e-01 |   7.44%| unknown
 10.0s|     1 |     0 |  2358 |     - |   147M |   0 |1077 |3376 |3262 |  19 |  9 | 136 |   0 | 8.331076e-01 | 8.950762e-01 |   7.44%| unknown
 10.5s|     1 |     0 |  2365 |     - |   150M |   0 |1077 |3369 |3243 |  21 | 10 | 138 |   0 | 8.331076e-01 | 8.950762e-01 |   7.44%| unknown
 10.6s|     1 |     0 |  2417 |     - |   150M |   0 |1077 |3369 |3245 |  23 | 11 | 140 |   0 | 8.331182e-01 | 8.950762e-01 |   7.44%| unknown
 10.6s|     1 |     0 |  2424 |     - |   150M |   0 |1077 |3368 |3246 |  24 | 12 | 141 |   0 | 8.331191e-01 | 8.950762e-01 |   7.44%| unknown
 10.6s|     1 |     0 |  2452 |     - |   151M |   0 |1077 |3360 |3248 |  26 | 13 | 141 |   0 | 8.331280e-01 | 8.950762e-01 |   7.44%| unknown
 time | node  | left  |LP iter|LP it/n|mem/heur|mdpt |vars |cons |rows |cuts |sepa|confs|strbr|  dualbound   | primalbound  |  gap   | compl. 
 10.7s|     1 |     0 |  2491 |     - |   152M |   0 |1077 |3358 |3250 |  28 | 14 | 141 |   0 | 8.331353e-01 | 8.950762e-01 |   7.43%| unknown
 10.7s|     1 |     0 |  2492 |     - |   153M |   0 |1077 |3358 |3251 |  29 | 15 | 142 |   0 | 8.331355e-01 | 8.950762e-01 |   7.43%| unknown
 10.7s|     1 |     0 |  2494 |     - |   153M |   0 |1077 |3368 |3248 |  30 | 16 | 152 |   0 | 8.331362e-01 | 8.950762e-01 |   7.43%| unknown
 10.7s|     1 |     0 |  2494 |     - |   153M |   0 |1077 |3337 |3248 |  30 | 16 | 162 |   0 | 8.331362e-01 | 8.950762e-01 |   7.43%| unknown
 10.8s|     1 |     0 |  2522 |     - |   153M |   0 |1077 |3337 |3249 |  31 | 17 | 162 |   0 | 8.331821e-01 | 8.950762e-01 |   7.43%| unknown
 10.8s|     1 |     0 |  2525 |     - |   153M |   0 |1077 |3329 |3251 |  33 | 18 | 163 |   0 | 8.331821e-01 | 8.950762e-01 |   7.43%| unknown
 10.8s|     1 |     0 |  2526 |     - |   153M |   0 |1077 |3331 |3253 |  35 | 19 | 168 |   0 | 8.331821e-01 | 8.950762e-01 |   7.43%| unknown
(run 2, node 1) restarting after 73 global fixings of integer variables

(restart) converted 28 cuts from the global cut pool into linear constraints

presolving:
(round 1, fast)       77 del vars, 12 del conss, 0 add conss, 0 chg bounds, 0 chg sides, 36 chg coeffs, 0 upgd conss, 0 impls, 9056 clqs, 0 implints
(round 2, exhaustive) 77 del vars, 12 del conss, 0 add conss, 0 chg bounds, 0 chg sides, 37 chg coeffs, 31 upgd conss, 0 impls, 9056 clqs, 0 implints
(round 3, exhaustive) 77 del vars, 16 del conss, 0 add conss, 0 chg bounds, 0 chg sides, 137 chg coeffs, 31 upgd conss, 0 impls, 9057 clqs, 0 implints
presolving (4 rounds: 4 fast, 3 medium, 3 exhaustive):
 77 deleted vars, 16 deleted constraints, 0 added constraints, 0 tightened bounds, 0 added holes, 0 changed sides, 147 changed coefficients
 0 implications, 9057 cliques, 0 implied integral variables (0 bin, 0 int, 0 cont)
presolved problem has 1000 variables (999 bin, 0 int, 1 cont) and 3371 constraints
     14 constraints of type <knapsack>
    115 constraints of type <setppc>
    285 constraints of type <linear>
   2957 constraints of type <logicor>
Presolving Time: 0.36
transformed 4/5 original solutions to the transformed problem space

 time | node  | left  |LP iter|LP it/n|mem/heur|mdpt |vars |cons |rows |cuts |sepa|confs|strbr|  dualbound   | primalbound  |  gap   | compl. 
 11.2s|     1 |     0 |  3920 |     - |   145M |   0 |1000 |3371 |3212 |   0 |  0 | 206 |   0 | 8.331821e-01 | 8.950762e-01 |   7.43%| unknown
 11.2s|     1 |     0 |  3920 |     - |   145M |   0 |1000 |3372 |3112 |   0 |  0 | 207 |   0 | 8.331821e-01 | 8.950762e-01 |   7.43%| unknown
 11.7s|     1 |     0 |  3929 |     - |   145M |   0 |1000 |3355 |2926 |   2 |  1 | 207 |   0 | 8.331821e-01 | 8.950762e-01 |   7.43%| unknown
 12.1s|     1 |     0 |  3951 |     - |   147M |   0 |1000 |3260 |2928 |   4 |  2 | 208 |   0 | 8.332171e-01 | 8.950762e-01 |   7.42%| unknown
 12.4s|     1 |     0 |  3964 |     - |   152M |   0 |1000 |3264 |2932 |   8 |  3 | 215 |   0 | 8.332171e-01 | 8.950762e-01 |   7.42%| unknown
 12.8s|     1 |     0 |  3975 |     - |   155M |   0 |1000 |3247 |2934 |  10 |  4 | 215 |   0 | 8.332171e-01 | 8.950762e-01 |   7.42%| unknown
 13.4s|     1 |     0 |  3993 |     - |   157M |   0 |1000 |3210 |2936 |  12 |  5 | 217 |   0 | 8.332171e-01 | 8.950762e-01 |   7.42%| unknown
 14.1s|     1 |     0 |  4012 |     - |   157M |   0 |1000 |3211 |2937 |  13 |  6 | 218 |   0 | 8.332171e-01 | 8.950762e-01 |   7.42%| unknown
 14.7s|     1 |     0 |  4016 |     - |   161M |   0 |1000 |3210 |2938 |  14 |  7 | 220 |   0 | 8.332171e-01 | 8.950762e-01 |   7.42%| unknown
 15.5s|     1 |     0 |  4059 |     - |   166M |   0 |1000 |3211 |2940 |  16 |  8 | 221 |   0 | 8.332875e-01 | 8.950762e-01 |   7.42%| unknown
 16.4s|     1 |     0 |  4081 |     - |   167M |   0 |1000 |3199 |2943 |  19 |  9 | 222 |   0 | 8.332875e-01 | 8.950762e-01 |   7.42%| unknown
 16.9s|     1 |     0 |  4103 |     - |   172M |   0 |1000 |3201 |2944 |  20 | 10 | 224 |   0 | 8.332875e-01 | 8.950762e-01 |   7.42%| unknown
 17.0s|     1 |     0 |  4129 |     - |   172M |   0 |1000 |3187 |2945 |  21 | 11 | 234 |   0 | 8.332895e-01 | 8.950762e-01 |   7.41%| unknown
 17.0s|     1 |     0 |  4129 |     - |   172M |   0 |1000 |3098 |2945 |  21 | 11 | 244 |   0 | 8.332895e-01 | 8.950762e-01 |   7.41%| unknown
 17.0s|     1 |     0 |  4132 |     - |   173M |   0 |1000 |3098 |2948 |  24 | 12 | 244 |   0 | 8.332896e-01 | 8.950762e-01 |   7.41%| unknown
 time | node  | left  |LP iter|LP it/n|mem/heur|mdpt |vars |cons |rows |cuts |sepa|confs|strbr|  dualbound   | primalbound  |  gap   | compl. 
L17.3s|     1 |     0 |  4883 |     - |    rens|   0 |1000 |3109 |2948 |  24 | 13 | 262 |   0 | 8.332896e-01 | 8.752428e-01 |   5.03%| unknown
(run 3, node 1) restarting after 123 global fixings of integer variables

(restart) converted 20 cuts from the global cut pool into linear constraints

presolving:
(round 1, fast)       123 del vars, 94 del conss, 0 add conss, 0 chg bounds, 0 chg sides, 97 chg coeffs, 0 upgd conss, 0 impls, 7664 clqs, 0 implints
(round 2, exhaustive) 123 del vars, 94 del conss, 0 add conss, 0 chg bounds, 0 chg sides, 99 chg coeffs, 23 upgd conss, 0 impls, 7664 clqs, 0 implints
(round 3, exhaustive) 123 del vars, 95 del conss, 0 add conss, 0 chg bounds, 0 chg sides, 136 chg coeffs, 23 upgd conss, 0 impls, 7666 clqs, 0 implints
presolving (4 rounds: 4 fast, 3 medium, 3 exhaustive):
 123 deleted vars, 95 deleted constraints, 0 added constraints, 0 tightened bounds, 0 added holes, 0 changed sides, 140 changed coefficients
 0 implications, 7666 cliques, 0 implied integral variables (0 bin, 0 int, 0 cont)
presolved problem has 877 variables (876 bin, 0 int, 1 cont) and 3034 constraints
     21 constraints of type <knapsack>
    116 constraints of type <setppc>
    274 constraints of type <linear>
   2623 constraints of type <logicor>
Presolving Time: 0.39
transformed 5/6 original solutions to the transformed problem space

 time | node  | left  |LP iter|LP it/n|mem/heur|mdpt |vars |cons |rows |cuts |sepa|confs|strbr|  dualbound   | primalbound  |  gap   | compl. 
 17.4s|     1 |     0 |  5549 |     - |   161M |   0 | 877 |3034 |2837 |   0 |  0 | 262 |   0 | 8.332896e-01 | 8.752428e-01 |   5.03%| unknown
 17.4s|     1 |     0 |  5549 |     - |   161M |   0 | 877 |3044 |2687 |   0 |  0 | 272 |   0 | 8.332896e-01 | 8.752428e-01 |   5.03%| unknown
 17.9s|     1 |     0 |  5560 |     - |   162M |   0 | 877 |3006 |2632 |   5 |  1 | 272 |   0 | 8.332896e-01 | 8.752428e-01 |   5.03%| unknown
 18.3s|     1 |     0 |  5587 |     - |   164M |   0 | 877 |2983 |2634 |   7 |  2 | 273 |   0 | 8.332896e-01 | 8.752428e-01 |   5.03%| unknown
 18.8s|     1 |     0 |  5631 |     - |   169M |   0 | 877 |2915 |2636 |   9 |  3 | 274 |   0 | 8.332900e-01 | 8.752428e-01 |   5.03%| unknown
 19.2s|     1 |     0 |  5644 |     - |   170M |   0 | 877 |2917 |2637 |  10 |  4 | 284 |   0 | 8.332901e-01 | 8.752428e-01 |   5.03%| unknown
 19.7s|     1 |     0 |  5654 |     - |   172M |   0 | 877 |2914 |2638 |  11 |  5 | 284 |   0 | 8.332903e-01 | 8.752428e-01 |   5.03%| unknown
 20.1s|     1 |     0 |  5666 |     - |   178M |   0 | 877 |2906 |2639 |  12 |  6 | 284 |   0 | 8.332903e-01 | 8.752428e-01 |   5.03%| unknown
 20.5s|     1 |     0 |  5684 |     - |   182M |   0 | 877 |2903 |2641 |  14 |  7 | 289 |   0 | 8.332905e-01 | 8.752428e-01 |   5.03%| unknown
 20.9s|     1 |     0 |  5691 |     - |   193M |   0 | 877 |2898 |2643 |  16 |  8 | 291 |   0 | 8.332906e-01 | 8.752428e-01 |   5.03%| unknown
 21.3s|     1 |     0 |  5703 |     - |   193M |   0 | 877 |2898 |2645 |  18 |  9 | 297 |   0 | 8.332908e-01 | 8.752428e-01 |   5.03%| unknown
 21.8s|     1 |     0 |  5720 |     - |   193M |   0 | 877 |2890 |2647 |  20 | 10 | 304 |   0 | 8.332910e-01 | 8.752428e-01 |   5.03%| unknown
 21.8s|     1 |     0 |  5766 |     - |   193M |   0 | 877 |2894 |2649 |  22 | 11 | 308 |   0 | 8.332930e-01 | 8.752428e-01 |   5.03%| unknown
 21.8s|     1 |     0 |  5766 |     - |   193M |   0 | 877 |2787 |2649 |  22 | 11 | 308 |   0 | 8.332930e-01 | 8.752428e-01 |   5.03%| unknown
 21.9s|     1 |     0 |  5779 |     - |   193M |   0 | 877 |2787 |2651 |  24 | 12 | 308 |   0 | 8.332931e-01 | 8.752428e-01 |   5.03%| unknown
 time | node  | left  |LP iter|LP it/n|mem/heur|mdpt |vars |cons |rows |cuts |sepa|confs|strbr|  dualbound   | primalbound  |  gap   | compl. 
 22.0s|     1 |     0 |  5802 |     - |   193M |   0 | 877 |2785 |2652 |  25 | 13 | 317 |   0 | 8.332934e-01 | 8.752428e-01 |   5.03%| unknown
 22.0s|     1 |     0 |  5862 |     - |   194M |   0 | 877 |2783 |2591 |  26 | 14 | 318 |   0 | 8.332958e-01 | 8.752428e-01 |   5.03%| unknown
 22.1s|     1 |     0 |  5869 |     - |   194M |   0 | 877 |2782 |2592 |  27 | 15 | 319 |   0 | 8.332958e-01 | 8.752428e-01 |   5.03%| unknown
 22.1s|     1 |     0 |  5870 |     - |   194M |   0 | 877 |2782 |2593 |  28 | 16 | 320 |   0 | 8.332958e-01 | 8.752428e-01 |   5.03%| unknown
(run 4, node 1) restarting after 90 global fixings of integer variables

(restart) converted 21 cuts from the global cut pool into linear constraints

presolving:
(round 1, fast)       93 del vars, 38 del conss, 0 add conss, 0 chg bounds, 0 chg sides, 228 chg coeffs, 0 upgd conss, 0 impls, 6121 clqs, 0 implints
(round 2, exhaustive) 93 del vars, 39 del conss, 0 add conss, 0 chg bounds, 0 chg sides, 232 chg coeffs, 28 upgd conss, 0 impls, 6121 clqs, 0 implints
(round 3, exhaustive) 93 del vars, 45 del conss, 0 add conss, 0 chg bounds, 0 chg sides, 278 chg coeffs, 28 upgd conss, 0 impls, 6121 clqs, 0 implints
(round 4, exhaustive) 93 del vars, 46 del conss, 0 add conss, 0 chg bounds, 0 chg sides, 303 chg coeffs, 28 upgd conss, 0 impls, 6121 clqs, 0 implints
(round 5, exhaustive) 93 del vars, 49 del conss, 0 add conss, 0 chg bounds, 0 chg sides, 305 chg coeffs, 28 upgd conss, 0 impls, 6121 clqs, 0 implints
presolving (6 rounds: 6 fast, 5 medium, 5 exhaustive):
 93 deleted vars, 49 deleted constraints, 0 added constraints, 0 tightened bounds, 0 added holes, 0 changed sides, 307 changed coefficients
 0 implications, 6121 cliques, 0 implied integral variables (0 bin, 0 int, 0 cont)
presolved problem has 784 variables (783 bin, 0 int, 1 cont) and 2762 constraints
     27 constraints of type <knapsack>
    125 constraints of type <setppc>
    255 constraints of type <linear>
   2355 constraints of type <logicor>
Presolving Time: 0.43
transformed 5/7 original solutions to the transformed problem space

 time | node  | left  |LP iter|LP it/n|mem/heur|mdpt |vars |cons |rows |cuts |sepa|confs|strbr|  dualbound   | primalbound  |  gap   | compl. 
 22.4s|     1 |     0 |  7014 |     - |   181M |   0 | 784 |2762 |2543 |   0 |  0 | 339 |   0 | 8.332958e-01 | 8.752428e-01 |   5.03%| unknown
 22.4s|     1 |     0 |  7014 |     - |   181M |   0 | 784 |2762 |2386 |   0 |  0 | 339 |   0 | 8.332958e-01 | 8.752428e-01 |   5.03%| unknown
 22.8s|     1 |     0 |  7036 |     - |   181M |   0 | 784 |2674 |2282 |   2 |  1 | 339 |   0 | 8.332962e-01 | 8.752428e-01 |   5.03%| unknown
 23.2s|     1 |     0 |  7063 |     - |   183M |   0 | 784 |2604 |2284 |   4 |  2 | 341 |   0 | 8.332962e-01 | 8.752428e-01 |   5.03%| unknown
 23.5s|     1 |     0 |  7080 |     - |   186M |   0 | 784 |2578 |2286 |   6 |  3 | 341 |   0 | 8.332968e-01 | 8.752428e-01 |   5.03%| unknown
 23.8s|     1 |     0 |  7083 |     - |   187M |   0 | 784 |2577 |2288 |   8 |  4 | 342 |   0 | 8.332968e-01 | 8.752428e-01 |   5.03%| unknown
 24.2s|     1 |     0 |  7093 |     - |   188M |   0 | 784 |2578 |2291 |  11 |  5 | 343 |   0 | 8.332968e-01 | 8.752428e-01 |   5.03%| unknown
 24.5s|     1 |     0 |  7107 |     - |   188M |   0 | 784 |2568 |2286 |  12 |  6 | 347 |   0 | 8.332968e-01 | 8.752428e-01 |   5.03%| unknown
 24.8s|     1 |     0 |  7144 |     - |   188M |   0 | 784 |2566 |2287 |  13 |  7 | 348 |   0 | 8.332982e-01 | 8.752428e-01 |   5.03%| unknown
 25.2s|     1 |     0 |  7147 |     - |   188M |   0 | 784 |2570 |2289 |  15 |  8 | 358 |   0 | 8.332982e-01 | 8.752428e-01 |   5.03%| unknown
 25.5s|     1 |     0 |  7182 |     - |   188M |   0 | 784 |2579 |2290 |  16 |  9 | 368 |   0 | 8.332983e-01 | 8.752428e-01 |   5.03%| unknown
 25.9s|     1 |     0 |  7199 |     - |   188M |   0 | 784 |2573 |2213 |  17 | 10 | 376 |   0 | 8.332983e-01 | 8.752428e-01 |   5.03%| unknown
 25.9s|     1 |     0 |  7202 |     - |   189M |   0 | 784 |2568 |2214 |  18 | 11 | 376 |   0 | 8.332983e-01 | 8.752428e-01 |   5.03%| unknown
 25.9s|     1 |     0 |  7202 |     - |   189M |   0 | 784 |2435 |2214 |  18 | 11 | 386 |   0 | 8.332983e-01 | 8.752428e-01 |   5.03%| unknown
(run 5, node 1) restarting after 220 global fixings of integer variables

(restart) converted 13 cuts from the global cut pool into linear constraints

presolving:
(round 1, fast)       222 del vars, 374 del conss, 0 add conss, 0 chg bounds, 0 chg sides, 392 chg coeffs, 0 upgd conss, 0 impls, 3867 clqs, 0 implints
(round 2, exhaustive) 222 del vars, 375 del conss, 0 add conss, 0 chg bounds, 0 chg sides, 392 chg coeffs, 20 upgd conss, 0 impls, 3867 clqs, 0 implints
(round 3, exhaustive) 222 del vars, 379 del conss, 0 add conss, 0 chg bounds, 0 chg sides, 421 chg coeffs, 20 upgd conss, 0 impls, 3867 clqs, 0 implints
presolving (4 rounds: 4 fast, 3 medium, 3 exhaustive):
 222 deleted vars, 380 deleted constraints, 0 added constraints, 0 tightened bounds, 0 added holes, 0 changed sides, 426 changed coefficients
 0 implications, 3867 cliques, 0 implied integral variables (0 bin, 0 int, 0 cont)
presolved problem has 562 variables (561 bin, 0 int, 1 cont) and 2091 constraints
     30 constraints of type <knapsack>
    112 constraints of type <setppc>
    207 constraints of type <linear>
   1742 constraints of type <logicor>
Presolving Time: 0.45
transformed 6/8 original solutions to the transformed problem space

 time | node  | left  |LP iter|LP it/n|mem/heur|mdpt |vars |cons |rows |cuts |sepa|confs|strbr|  dualbound   | primalbound  |  gap   | compl. 
 26.1s|     1 |     0 |  8137 |     - |   189M |   0 | 562 |2091 |1824 |   0 |  0 | 411 |   0 | 8.332983e-01 | 8.752428e-01 |   5.03%| unknown
 26.1s|     1 |     0 |  8137 |     - |   189M |   0 | 562 |2096 |1779 |   0 |  0 | 416 |   0 | 8.332983e-01 | 8.752428e-01 |   5.03%| unknown
 26.3s|     1 |     0 |  8141 |     - |   189M |   0 | 562 |2074 |1760 |   2 |  1 | 416 |   0 | 8.332983e-01 | 8.752428e-01 |   5.03%| unknown
 26.5s|     1 |     0 |  8141 |     - |   190M |   0 | 562 |2049 |1760 |   2 |  2 | 417 |   0 | 8.332983e-01 | 8.752428e-01 |   5.03%| unknown
(run 6, node 1) restarting after 41 global fixings of integer variables

presolving:
(round 1, fast)       45 del vars, 105 del conss, 0 add conss, 0 chg bounds, 0 chg sides, 285 chg coeffs, 0 upgd conss, 0 impls, 3216 clqs, 0 implints
(round 2, exhaustive) 45 del vars, 105 del conss, 0 add conss, 0 chg bounds, 0 chg sides, 287 chg coeffs, 2 upgd conss, 0 impls, 3216 clqs, 0 implints
presolving (3 rounds: 3 fast, 2 medium, 2 exhaustive):
 45 deleted vars, 106 deleted constraints, 0 added constraints, 0 tightened bounds, 0 added holes, 0 changed sides, 293 changed coefficients
 0 implications, 3216 cliques, 0 implied integral variables (0 bin, 0 int, 0 cont)
presolved problem has 517 variables (516 bin, 0 int, 1 cont) and 1957 constraints
     30 constraints of type <knapsack>
     99 constraints of type <setppc>
    198 constraints of type <linear>
   1630 constraints of type <logicor>
Presolving Time: 0.48
transformed 6/8 original solutions to the transformed problem space

 time | node  | left  |LP iter|LP it/n|mem/heur|mdpt |vars |cons |rows |cuts |sepa|confs|strbr|  dualbound   | primalbound  |  gap   | compl. 
 26.9s|     1 |     0 |  9556 |     - |   190M |   0 | 517 |1957 |1674 |   0 |  0 | 432 |   0 | 8.332983e-01 | 8.752428e-01 |   5.03%| unknown
 27.0s|     1 |     0 |  9556 |     - |   190M |   0 | 517 |1958 |1634 |   0 |  0 | 433 |   0 | 8.332983e-01 | 8.752428e-01 |   5.03%| unknown
 27.2s|     1 |     0 |  9558 |     - |   190M |   0 | 517 |1938 |1610 |   2 |  1 | 433 |   0 | 8.332983e-01 | 8.752428e-01 |   5.03%| unknown
 27.6s|     1 |     2 |  9695 |     - |   190M |   0 | 517 |1921 |1610 |   2 |  2 | 439 |  19 | 8.333123e-01 | 8.752428e-01 |   5.03%| unknown
(run 7, node 1) restarting after 16 global fixings of integer variables

presolving:
(round 1, fast)       20 del vars, 35 del conss, 0 add conss, 0 chg bounds, 0 chg sides, 306 chg coeffs, 0 upgd conss, 0 impls, 3085 clqs, 0 implints
(round 2, exhaustive) 20 del vars, 35 del conss, 0 add conss, 0 chg bounds, 0 chg sides, 307 chg coeffs, 4 upgd conss, 0 impls, 3085 clqs, 0 implints
(round 3, exhaustive) 20 del vars, 42 del conss, 0 add conss, 0 chg bounds, 0 chg sides, 307 chg coeffs, 4 upgd conss, 0 impls, 3085 clqs, 0 implints
(round 4, exhaustive) 20 del vars, 42 del conss, 0 add conss, 0 chg bounds, 0 chg sides, 324 chg coeffs, 4 upgd conss, 0 impls, 3085 clqs, 0 implints
presolving (5 rounds: 5 fast, 4 medium, 4 exhaustive):
 20 deleted vars, 42 deleted constraints, 0 added constraints, 0 tightened bounds, 0 added holes, 0 changed sides, 324 changed coefficients
 0 implications, 3085 cliques, 0 implied integral variables (0 bin, 0 int, 0 cont)
presolved problem has 497 variables (496 bin, 0 int, 1 cont) and 1879 constraints
     30 constraints of type <knapsack>
     93 constraints of type <setppc>
    192 constraints of type <linear>
   1564 constraints of type <logicor>
Presolving Time: 0.50
transformed 3/8 original solutions to the transformed problem space

 time | node  | left  |LP iter|LP it/n|mem/heur|mdpt |vars |cons |rows |cuts |sepa|confs|strbr|  dualbound   | primalbound  |  gap   | compl. 
 27.7s|     1 |     0 | 10516 |     - |   190M |   0 | 497 |1879 |1601 |   0 |  0 | 439 |  19 | 8.333123e-01 | 8.752428e-01 |   5.03%| unknown
 27.7s|     1 |     0 | 10516 |     - |   190M |   0 | 497 |1880 |1576 |   0 |  0 | 440 |  19 | 8.333123e-01 | 8.752428e-01 |   5.03%| unknown
 27.9s|     1 |     0 | 10518 |     - |   191M |   0 | 497 |1876 |1508 |   2 |  1 | 440 |  19 | 8.333123e-01 | 8.752428e-01 |   5.03%| unknown
 28.2s|     1 |     2 | 10684 |     - |   191M |   0 | 497 |1841 |1508 |   2 |  2 | 455 |  38 | 8.333123e-01 | 8.752428e-01 |   5.03%| unknown
*30.1s|    38 |    11 | 12493 | 124.2 |strongbr|  10 | 497 |2027 |1416 |  41 |  3 | 764 | 556 | 8.333123e-01 | 8.742026e-01 |   4.91%|   3.08%
*30.1s|    40 |    13 | 12526 | 119.5 |    LP  |  10 | 497 |2029 |1416 |  41 |  5 | 774 | 566 | 8.333123e-01 | 8.732320e-01 |   4.79%|   3.08%
 34.3s|   100 |     7 | 16884 |  93.0 |   199M |  11 | 497 |2336 |1417 | 266 |  5 |1272 |1205 | 8.338372e-01 | 8.732320e-01 |   4.72%|  43.45%
r35.9s|   129 |    15 | 18519 |  85.1 |shifting|  11 | 497 |2379 |1421 | 291 |  2 |1444 |1614 | 8.338374e-01 | 8.714712e-01 |   4.51%|  51.30%
 37.2s|   200 |    32 | 20188 |  63.9 |   201M |  17 | 497 |2481 |1417 | 370 |  2 |1626 |1853 | 8.338728e-01 | 8.714712e-01 |   4.51%|  57.49%
*38.9s|   278 |    33 | 22462 |  54.3 |    LP  |  17 | 497 |2552 |1429 | 516 |  5 |1801 |2068 | 8.339684e-01 | 8.623483e-01 |   3.40%|  62.26%
*39.3s|   293 |    32 | 22917 |  53.1 |    LP  |  17 | 497 |2523 |1417 | 560 |  2 |1831 |2110 | 8.339697e-01 | 8.587409e-01 |   2.97%|  64.31%
 39.4s|   300 |    31 | 23025 |  52.3 |   202M |  17 | 497 |2498 |1423 | 576 |  1 |1831 |2111 | 8.339697e-01 | 8.587409e-01 |   2.97%|  65.79%
*40.9s|   358 |    41 | 25435 |  50.6 |    LP  |  17 | 497 |2587 |1426 | 717 |  2 |1986 |2243 | 8.355916e-01 | 8.567636e-01 |   2.53%|  66.64%
 42.0s|   400 |    30 | 26997 |  49.2 |   206M |  17 | 497 |2600 |1417 | 796 |  1 |2111 |2319 | 8.359450e-01 | 8.567636e-01 |   2.49%|  78.97%
 45.8s|   500 |     8 | 30197 |  45.8 |   211M |  17 | 497 |2677 |1436 |1031 |  3 |2421 |2563 | 8.477214e-01 | 8.567636e-01 |   1.07%|  97.04%

SCIP Status        : problem is solved [optimal solution found]
Solving Time (sec) : 46.07
Solving Nodes      : 515 (total of 522 nodes in 8 runs)
Primal Bound       : +8.56763579516335e-01 (21 solutions)
Dual Bound         : +8.56763579516335e-01
Gap                : 0.00 %
objective value:                    0.856763579516335
x_('12_5', '13_1')                                  1 	(obj:0.0165418393082328)
x_('11_17', '12_5')                                 1 	(obj:0.013078893442623)
x_('10_31', '11_17')                                1 	(obj:0.0143692782627209)
x_('9_42', '10_31')                                 1 	(obj:0.0339285714285714)
x_('8_45', '9_42')                                  1 	(obj:0.0226223002862347)
x_('7_37', '8_45')                                  1 	(obj:0.0244134221311475)
x_('6_35', '7_37')                                  1 	(obj:0.0267857142857143)
x_('5_25', '6_35')                                  1 	(obj:0.0233957845433255)
x_('4_21', '5_25')                                  1 	(obj:0.0231165105386417)
x_('3_18', '4_21')                                  1 	(obj:0.0579134953161592)
x_('2_14', '3_18')                                  1 	(obj:0.0619145199063232)
x_('1_10', '2_14')                                  1 	(obj:0.0880444964871194)
x_('0_1', '1_10')                                   1 	(obj:0.0178571428571429)
y_0_0                                               1 	(obj:0)
y_1_0                                               1 	(obj:0)
y_2_0                                               1 	(obj:0)
y_3_0                                               1 	(obj:0)
y_4_1                                               1 	(obj:0)
y_5_1                                               1 	(obj:0)
y_6_1                                               1 	(obj:0)
y_7_1                                               1 	(obj:0)
y_8_1                                               1 	(obj:0)
y_9_2                                               1 	(obj:0)
y_10_2                                              1 	(obj:0)
y_11_2                                              1 	(obj:0)
y_12_2                                              1 	(obj:0)
z_('3268741', '3425762')_1                          1 	(obj:0)
z_('3268741', '1966592X')_1                         1 	(obj:0)
z_('1966592X', '3452192')_0                         1 	(obj:0)
z_('3452192', '1353870')_0                          1 	(obj:0)
z_('3452192', '3520162')_0                          1 	(obj:0)
z_('3520162', '3307092')_1                          1 	(obj:0)
z_('3520162', '3524054')_0                          1 	(obj:0)
z_('3268740', '3524054')_1                          1 	(obj:0)
z_('3524054', '3179975')_1                          1 	(obj:0)
z_('3179975', '3422998')_2                          1 	(obj:0)
z_('3422998', '2495223X')_2                         1 	(obj:0)
z_('3422998', '1353870_01')_2                       1 	(obj:0)
z_('2495223X', '2245784X')_2                        1 	(obj:0)
alpha                                4.50072289156626 	(obj:0.0961582441641433)
  obj=0.857  alpha=747.1s  time=46.23s

k = 1
  Subgraph edges — edge_w: 13 (1.2%)  bal_w: 13 (1.2%)  combined: 26 (2.4%)  blended: 13 (1.2%)  blended_union: 37 (3.3%)  diverse: 13 (1.2%)
  [3a] Subgraph / edge_w   k=1 …
2026-07-01 18:29:35.128 | INFO     | pycaalp.time_balancing.model:run_mip:430 - Running MIP solver ...
      obj=0.875 (vs_full=+2.16%)  alpha=792.0s  build=0.003s solve=0.076s  vs_full=+6.01%
  [3b] Subgraph / bal_w    k=1 …
2026-07-01 18:29:35.204 | INFO     | pycaalp.time_balancing.model:run_mip:430 - Running MIP solver ...
      obj=1.005 (vs_full=+17.32%)  alpha=731.8s  build=0.002s solve=0.090s  vs_full=-2.05%
  [3c] Subgraph / combined k=1 …
2026-07-01 18:29:35.295 | INFO     | pycaalp.time_balancing.model:run_mip:430 - Running MIP solver ...
      obj=0.875 (vs_full=+2.16%)  alpha=792.0s  build=0.005s solve=0.138s  vs_full=+6.01%
  [3d] Subgraph / blended  k=1 …
2026-07-01 18:29:35.433 | INFO     | pycaalp.time_balancing.model:run_mip:430 - Running MIP solver ...
      obj=0.868 (vs_full=+1.32%)  alpha=747.1s  build=0.004s solve=0.034s  vs_full=-0.00%
  [3e] Subgraph / bl-union k=1 …
2026-07-01 18:29:35.467 | INFO     | pycaalp.time_balancing.model:run_mip:430 - Running MIP solver ...
      obj=0.858 (vs_full=+0.10%)  alpha=747.1s  build=0.029s solve=0.618s  vs_full=+0.00%
  [3f] Subgraph / diverse  k=1 …
2026-07-01 18:29:36.085 | INFO     | pycaalp.time_balancing.model:run_mip:430 - Running MIP solver ...
      obj=0.868 (vs_full=+1.32%)  alpha=747.1s  build=0.011s solve=0.026s  vs_full=-0.00%

k = 2
  Subgraph edges — edge_w: 15 (1.4%)  bal_w: 15 (1.4%)  combined: 30 (2.7%)  blended: 15 (1.4%)  blended_union: 42 (3.8%)  diverse: 26 (2.4%)
  [3a] Subgraph / edge_w   k=2 …
2026-07-01 18:29:36.218 | INFO     | pycaalp.time_balancing.model:run_mip:430 - Running MIP solver ...
      obj=0.873 (vs_full=+1.92%)  alpha=788.3s  build=0.008s solve=0.088s  vs_full=+5.52%
  [3b] Subgraph / bal_w    k=2 …
2026-07-01 18:29:36.306 | INFO     | pycaalp.time_balancing.model:run_mip:430 - Running MIP solver ...
      obj=1.000 (vs_full=+16.76%)  alpha=731.8s  build=0.014s solve=0.041s  vs_full=-2.05%
  [3c] Subgraph / combined k=2 …
2026-07-01 18:29:36.347 | INFO     | pycaalp.time_balancing.model:run_mip:430 - Running MIP solver ...
      obj=0.873 (vs_full=+1.92%)  alpha=788.3s  build=0.019s solve=0.133s  vs_full=+5.52%
  [3d] Subgraph / blended  k=2 …
2026-07-01 18:29:36.481 | INFO     | pycaalp.time_balancing.model:run_mip:430 - Running MIP solver ...
      obj=0.868 (vs_full=+1.32%)  alpha=747.1s  build=0.009s solve=0.059s  vs_full=-0.00%
  [3e] Subgraph / bl-union k=2 …
2026-07-01 18:29:36.540 | INFO     | pycaalp.time_balancing.model:run_mip:430 - Running MIP solver ...
      obj=0.858 (vs_full=+0.10%)  alpha=747.1s  build=0.046s solve=0.618s  vs_full=+0.00%
  [3f] Subgraph / diverse  k=2 …
2026-07-01 18:29:37.158 | INFO     | pycaalp.time_balancing.model:run_mip:430 - Running MIP solver ...
      obj=0.868 (vs_full=+1.32%)  alpha=747.1s  build=0.011s solve=0.038s  vs_full=+0.00%

k = 5
  Subgraph edges — edge_w: 21 (1.9%)  bal_w: 44 (4.0%)  combined: 65 (5.9%)  blended: 21 (1.9%)  blended_union: 60 (5.4%)  diverse: 65 (5.9%)
  [3a] Subgraph / edge_w   k=5 …
2026-07-01 18:29:37.329 | INFO     | pycaalp.time_balancing.model:run_mip:430 - Running MIP solver ...
      obj=0.873 (vs_full=+1.92%)  alpha=788.3s  build=0.013s solve=0.211s  vs_full=+5.52%
  [3b] Subgraph / bal_w    k=5 …
2026-07-01 18:29:37.540 | INFO     | pycaalp.time_balancing.model:run_mip:430 - Running MIP solver ...
      obj=1.000 (vs_full=+16.76%)  alpha=731.8s  build=0.018s solve=0.300s  vs_full=-2.05%
  [3c] Subgraph / combined k=5 …
2026-07-01 18:29:37.839 | INFO     | pycaalp.time_balancing.model:run_mip:430 - Running MIP solver ...
      obj=0.873 (vs_full=+1.92%)  alpha=788.3s  build=0.031s solve=0.205s  vs_full=+5.52%
  [3d] Subgraph / blended  k=5 …
2026-07-01 18:29:38.045 | INFO     | pycaalp.time_balancing.model:run_mip:430 - Running MIP solver ...
      obj=0.868 (vs_full=+1.32%)  alpha=747.1s  build=0.019s solve=0.219s  vs_full=+0.00%
  [3e] Subgraph / bl-union k=5 …
2026-07-01 18:29:38.264 | INFO     | pycaalp.time_balancing.model:run_mip:430 - Running MIP solver ...
      obj=0.858 (vs_full=+0.10%)  alpha=747.1s  build=0.046s solve=0.965s  vs_full=+0.00%
  [3f] Subgraph / diverse  k=5 …
2026-07-01 18:29:39.229 | INFO     | pycaalp.time_balancing.model:run_mip:430 - Running MIP solver ...
      obj=0.863 (vs_full=+0.74%)  alpha=758.6s  build=0.007s solve=0.643s  vs_full=+1.54%

k = 10
  Subgraph edges — edge_w: 24 (2.2%)  bal_w: 57 (5.2%)  combined: 81 (7.3%)  blended: 26 (2.4%)  blended_union: 75 (6.8%)  diverse: 126 (11.4%)
  [3a] Subgraph / edge_w   k=10 …
2026-07-01 18:29:40.205 | INFO     | pycaalp.time_balancing.model:run_mip:430 - Running MIP solver ...
      obj=0.873 (vs_full=+1.92%)  alpha=788.3s  build=0.032s solve=0.183s  vs_full=+5.52%
  [3b] Subgraph / bal_w    k=10 …
2026-07-01 18:29:40.388 | INFO     | pycaalp.time_balancing.model:run_mip:430 - Running MIP solver ...
      obj=1.000 (vs_full=+16.66%)  alpha=731.8s  build=0.039s solve=0.685s  vs_full=-2.05%
  [3c] Subgraph / combined k=10 …
2026-07-01 18:29:41.073 | INFO     | pycaalp.time_balancing.model:run_mip:430 - Running MIP solver ...
      obj=0.873 (vs_full=+1.92%)  alpha=788.3s  build=0.096s solve=0.282s  vs_full=+5.52%
  [3d] Subgraph / blended  k=10 …
2026-07-01 18:29:41.355 | INFO     | pycaalp.time_balancing.model:run_mip:430 - Running MIP solver ...
      obj=0.868 (vs_full=+1.32%)  alpha=747.1s  build=0.039s solve=0.254s  vs_full=+0.00%
  [3e] Subgraph / bl-union k=10 …
2026-07-01 18:29:41.609 | INFO     | pycaalp.time_balancing.model:run_mip:430 - Running MIP solver ...
      obj=0.858 (vs_full=+0.10%)  alpha=747.1s  build=0.117s solve=0.354s  vs_full=+0.00%
  [3f] Subgraph / diverse  k=10 …
2026-07-01 18:29:41.963 | INFO     | pycaalp.time_balancing.model:run_mip:430 - Running MIP solver ...
      obj=0.863 (vs_full=+0.69%)  alpha=758.6s  build=0.009s solve=0.859s  vs_full=+1.54%

k = 20
  Subgraph edges — edge_w: 35 (3.2%)  bal_w: 73 (6.6%)  combined: 107 (9.7%)  blended: 33 (3.0%)  blended_union: 93 (8.4%)  diverse: 239 (21.6%)
  [3a] Subgraph / edge_w   k=20 …
2026-07-01 18:29:43.489 | INFO     | pycaalp.time_balancing.model:run_mip:430 - Running MIP solver ...
      obj=0.873 (vs_full=+1.92%)  alpha=788.3s  build=0.072s solve=0.548s  vs_full=+5.52%
  [3b] Subgraph / bal_w    k=20 …
2026-07-01 18:29:44.037 | INFO     | pycaalp.time_balancing.model:run_mip:430 - Running MIP solver ...
      obj=0.961 (vs_full=+12.11%)  alpha=754.4s  build=0.096s solve=0.344s  vs_full=+0.98%
  [3c] Subgraph / combined k=20 …
2026-07-01 18:29:44.380 | INFO     | pycaalp.time_balancing.model:run_mip:430 - Running MIP solver ...
      obj=0.873 (vs_full=+1.92%)  alpha=788.3s  build=0.178s solve=1.836s  vs_full=+5.52%
  [3d] Subgraph / blended  k=20 …
2026-07-01 18:29:46.216 | INFO     | pycaalp.time_balancing.model:run_mip:430 - Running MIP solver ...
      obj=0.868 (vs_full=+1.32%)  alpha=747.1s  build=0.097s solve=0.239s  vs_full=+0.00%
  [3e] Subgraph / bl-union k=20 …
2026-07-01 18:29:46.455 | INFO     | pycaalp.time_balancing.model:run_mip:430 - Running MIP solver ...
      obj=0.858 (vs_full=+0.10%)  alpha=747.1s  build=0.196s solve=2.600s  vs_full=+0.00%
  [3f] Subgraph / diverse  k=20 …
2026-07-01 18:29:49.055 | INFO     | pycaalp.time_balancing.model:run_mip:430 - Running MIP solver ...
      obj=0.862 (vs_full=+0.65%)  alpha=758.6s  build=0.028s solve=0.867s  vs_full=+1.54%

k = 50
  Subgraph edges — edge_w: 54 (4.9%)  bal_w: 141 (12.8%)  combined: 190 (17.2%)  blended: 56 (5.1%)  blended_union: 146 (13.2%)  diverse: 512 (46.3%)
  [3a] Subgraph / edge_w   k=50 …
2026-07-01 18:29:51.548 | INFO     | pycaalp.time_balancing.model:run_mip:430 - Running MIP solver ...
      obj=0.870 (vs_full=+1.55%)  alpha=780.8s  build=0.189s solve=0.949s  vs_full=+4.51%
  [3b] Subgraph / bal_w    k=50 …
2026-07-01 18:29:52.497 | INFO     | pycaalp.time_balancing.model:run_mip:430 - Running MIP solver ...
      obj=0.955 (vs_full=+11.49%)  alpha=731.8s  build=0.260s solve=1.618s  vs_full=-2.05%
  [3c] Subgraph / combined k=50 …
2026-07-01 18:29:54.115 | INFO     | pycaalp.time_balancing.model:run_mip:430 - Running MIP solver ...
      obj=0.870 (vs_full=+1.55%)  alpha=780.8s  build=0.370s solve=1.205s  vs_full=+4.51%
  [3d] Subgraph / blended  k=50 …
2026-07-01 18:29:55.321 | INFO     | pycaalp.time_balancing.model:run_mip:430 - Running MIP solver ...
      obj=0.868 (vs_full=+1.32%)  alpha=747.1s  build=0.238s solve=0.416s  vs_full=+0.00%
  [3e] Subgraph / bl-union k=50 …
2026-07-01 18:29:55.737 | INFO     | pycaalp.time_balancing.model:run_mip:430 - Running MIP solver ...
      obj=0.858 (vs_full=+0.10%)  alpha=747.1s  build=0.542s solve=0.930s  vs_full=+0.00%
  [3f] Subgraph / diverse  k=50 …
2026-07-01 18:29:56.668 | INFO     | pycaalp.time_balancing.model:run_mip:430 - Running MIP solver ...
      obj=0.860 (vs_full=+0.33%)  alpha=747.1s  build=0.027s solve=8.856s  vs_full=+0.00%

k = 100
  Subgraph edges — edge_w: 78 (7.1%)  bal_w: 189 (17.1%)  combined: 257 (23.3%)  blended: 63 (5.7%)  blended_union: 190 (17.2%)  diverse: 746 (67.5%)
  [3a] Subgraph / edge_w   k=100 …
2026-07-01 18:30:09.010 | INFO     | pycaalp.time_balancing.model:run_mip:430 - Running MIP solver ...
      obj=0.870 (vs_full=+1.55%)  alpha=780.8s  build=0.403s solve=0.516s  vs_full=+4.51%
  [3b] Subgraph / bal_w    k=100 …
2026-07-01 18:30:09.526 | INFO     | pycaalp.time_balancing.model:run_mip:430 - Running MIP solver ...
      obj=0.955 (vs_full=+11.49%)  alpha=731.8s  build=0.656s solve=3.238s  vs_full=-2.05%
  [3c] Subgraph / combined k=100 …
2026-07-01 18:30:12.764 | INFO     | pycaalp.time_balancing.model:run_mip:430 - Running MIP solver ...
      obj=0.870 (vs_full=+1.55%)  alpha=780.8s  build=0.848s solve=1.479s  vs_full=+4.51%
  [3d] Subgraph / blended  k=100 …
2026-07-01 18:30:14.244 | INFO     | pycaalp.time_balancing.model:run_mip:430 - Running MIP solver ...
      obj=0.868 (vs_full=+1.32%)  alpha=747.1s  build=0.377s solve=0.512s  vs_full=+0.00%
  [3e] Subgraph / bl-union k=100 …
2026-07-01 18:30:14.755 | INFO     | pycaalp.time_balancing.model:run_mip:430 - Running MIP solver ...
      obj=0.858 (vs_full=+0.10%)  alpha=747.1s  build=1.114s solve=1.308s  vs_full=+0.00%
  [3f] Subgraph / diverse  k=100 …
2026-07-01 18:30:16.063 | INFO     | pycaalp.time_balancing.model:run_mip:430 - Running MIP solver ...
      obj=0.860 (vs_full=+0.33%)  alpha=747.1s  build=0.089s solve=17.284s  vs_full=+0.00%

k = 200
  Subgraph edges — edge_w: 95 (8.6%)  bal_w: 258 (23.3%)  combined: 339 (30.7%)  blended: 64 (5.8%)  blended_union: 203 (18.4%)  diverse: 909 (82.3%)
  [3a] Subgraph / edge_w   k=200 …
2026-07-01 18:30:39.747 | INFO     | pycaalp.time_balancing.model:run_mip:430 - Running MIP solver ...
      obj=0.870 (vs_full=+1.55%)  alpha=780.8s  build=0.692s solve=0.790s  vs_full=+4.51%
  [3b] Subgraph / bal_w    k=200 …
2026-07-01 18:30:40.537 | INFO     | pycaalp.time_balancing.model:run_mip:430 - Running MIP solver ...
      obj=0.944 (vs_full=+10.23%)  alpha=747.1s  build=0.886s solve=1.708s  vs_full=+0.00%
  [3c] Subgraph / combined k=200 …
2026-07-01 18:30:42.245 | INFO     | pycaalp.time_balancing.model:run_mip:430 - Running MIP solver ...
      obj=0.865 (vs_full=+0.99%)  alpha=747.1s  build=1.538s solve=1.506s  vs_full=+0.00%
  [3d] Subgraph / blended  k=200 …
2026-07-01 18:30:43.752 | INFO     | pycaalp.time_balancing.model:run_mip:430 - Running MIP solver ...
      obj=0.868 (vs_full=+1.32%)  alpha=747.1s  build=0.895s solve=0.470s  vs_full=+0.00%
  [3e] Subgraph / bl-union k=200 …
2026-07-01 18:30:44.222 | INFO     | pycaalp.time_balancing.model:run_mip:430 - Running MIP solver ...
      obj=0.858 (vs_full=+0.10%)  alpha=747.1s  build=2.216s solve=1.381s  vs_full=+0.00%
  [3f] Subgraph / diverse  k=200 …
2026-07-01 18:30:45.603 | INFO     | pycaalp.time_balancing.model:run_mip:430 - Running MIP solver ...
      obj=0.857 (vs_full=+0.00%)  alpha=747.1s  build=0.174s solve=14.612s  vs_full=+0.00%

k = 500
  Subgraph edges — edge_w: 108 (9.8%)  bal_w: 399 (36.1%)  combined: 459 (41.5%)  blended: 120 (10.9%)  blended_union: 247 (22.4%)  diverse: 1044 (94.5%)
  [3a] Subgraph / edge_w   k=500 …
2026-07-01 18:31:15.228 | INFO     | pycaalp.time_balancing.model:run_mip:430 - Running MIP solver ...
      obj=0.870 (vs_full=+1.55%)  alpha=780.8s  build=1.606s solve=0.725s  vs_full=+4.51%
  [3b] Subgraph / bal_w    k=500 …
2026-07-01 18:31:15.952 | INFO     | pycaalp.time_balancing.model:run_mip:430 - Running MIP solver ...
      obj=0.938 (vs_full=+9.51%)  alpha=731.8s  build=1.969s solve=7.959s  vs_full=-2.05%
  [3c] Subgraph / combined k=500 …
2026-07-01 18:31:23.912 | INFO     | pycaalp.time_balancing.model:run_mip:430 - Running MIP solver ...
      obj=0.865 (vs_full=+0.98%)  alpha=758.6s  build=3.484s solve=4.456s  vs_full=+1.54%
  [3d] Subgraph / blended  k=500 …
2026-07-01 18:31:28.368 | INFO     | pycaalp.time_balancing.model:run_mip:430 - Running MIP solver ...
      obj=0.864 (vs_full=+0.81%)  alpha=747.1s  build=2.156s solve=0.829s  vs_full=+0.00%
  [3e] Subgraph / bl-union k=500 …
2026-07-01 18:31:29.198 | INFO     | pycaalp.time_balancing.model:run_mip:430 - Running MIP solver ...
      obj=0.858 (vs_full=+0.10%)  alpha=747.1s  build=5.310s solve=1.939s  vs_full=+0.00%
  [3f] Subgraph / diverse  k=500 …
2026-07-01 18:31:31.136 | INFO     | pycaalp.time_balancing.model:run_mip:430 - Running MIP solver ...
      obj=0.857 (vs_full=+0.00%)  alpha=747.1s  build=0.488s solve=12.823s  vs_full=+0.00%

k = 1000
  Subgraph edges — edge_w: 142 (12.9%)  bal_w: 500 (45.2%)  combined: 578 (52.3%)  blended: 148 (13.4%)  blended_union: 284 (25.7%)  diverse: 1099 (99.5%)
  [3a] Subgraph / edge_w   k=1000 …
2026-07-01 18:32:15.416 | INFO     | pycaalp.time_balancing.model:run_mip:430 - Running MIP solver ...
      obj=0.857 (vs_full=-0.00%)  alpha=747.1s  build=3.447s solve=0.840s  vs_full=+0.00%
  [3b] Subgraph / bal_w    k=1000 …
2026-07-01 18:32:16.256 | INFO     | pycaalp.time_balancing.model:run_mip:430 - Running MIP solver ...
      obj=0.938 (vs_full=+9.49%)  alpha=747.1s  build=3.932s solve=6.708s  vs_full=+0.00%
  [3c] Subgraph / combined k=1000 …
2026-07-01 18:32:22.963 | INFO     | pycaalp.time_balancing.model:run_mip:430 - Running MIP solver ...
      obj=0.857 (vs_full=-0.00%)  alpha=747.1s  build=7.358s solve=5.305s  vs_full=+0.00%
  [3d] Subgraph / blended  k=1000 …
2026-07-01 18:32:28.268 | INFO     | pycaalp.time_balancing.model:run_mip:430 - Running MIP solver ...
      obj=0.864 (vs_full=+0.81%)  alpha=747.1s  build=4.348s solve=1.013s  vs_full=+0.00%
  [3e] Subgraph / bl-union k=1000 …
2026-07-01 18:32:29.281 | INFO     | pycaalp.time_balancing.model:run_mip:430 - Running MIP solver ...
      obj=0.857 (vs_full=+0.00%)  alpha=747.1s  build=11.008s solve=2.531s  vs_full=+0.00%
  [3f] Subgraph / diverse  k=1000 …
2026-07-01 18:32:31.812 | INFO     | pycaalp.time_balancing.model:run_mip:430 - Running MIP solver ...
      obj=0.857 (vs_full=+0.00%)  alpha=747.1s  build=1.363s solve=40.830s  vs_full=+0.00%

k = 2000
  Subgraph edges — edge_w: 185 (16.7%)  bal_w: 630 (57.0%)  combined: 685 (62.0%)  blended: 179 (16.2%)  blended_union: 335 (30.3%)  diverse: 1105 (100.0%)
  [3a] Subgraph / edge_w   k=2000 …
2026-07-01 18:34:25.431 | INFO     | pycaalp.time_balancing.model:run_mip:430 - Running MIP solver ...
      obj=0.857 (vs_full=+0.00%)  alpha=747.1s  build=7.885s solve=1.374s  vs_full=+0.00%
  [3b] Subgraph / bal_w    k=2000 …
2026-07-01 18:34:26.806 | INFO     | pycaalp.time_balancing.model:run_mip:430 - Running MIP solver ...
      obj=0.937 (vs_full=+9.34%)  alpha=747.1s  build=9.691s solve=15.497s  vs_full=+0.00%
  [3c] Subgraph / combined k=2000 …
2026-07-01 18:34:42.303 | INFO     | pycaalp.time_balancing.model:run_mip:430 - Running MIP solver ...
      obj=0.857 (vs_full=+0.00%)  alpha=747.1s  build=16.220s solve=9.986s  vs_full=+0.00%
  [3d] Subgraph / blended  k=2000 …
2026-07-01 18:34:52.289 | INFO     | pycaalp.time_balancing.model:run_mip:430 - Running MIP solver ...
      obj=0.864 (vs_full=+0.81%)  alpha=747.1s  build=9.876s solve=0.658s  vs_full=+0.00%
  [3e] Subgraph / bl-union k=2000 …
2026-07-01 18:34:52.948 | INFO     | pycaalp.time_balancing.model:run_mip:430 - Running MIP solver ...
      obj=0.857 (vs_full=+0.00%)  alpha=747.1s  build=26.866s solve=4.003s  vs_full=+0.00%
  [3f] Subgraph / diverse  k=2000 …
2026-07-01 18:34:56.951 | INFO     | pycaalp.time_balancing.model:run_mip:430 - Running MIP solver ...
      obj=0.857 (vs_full=+0.00%)  alpha=747.1s  build=2.251s solve=41.845s  vs_full=+0.00%

k = 5000
  Subgraph edges — edge_w: 232 (21.0%)  bal_w: 799 (72.3%)  combined: 830 (75.1%)  blended: 218 (19.7%)  blended_union: 355 (32.1%)  diverse: 1105 (100.0%)
  [3a] Subgraph / edge_w   k=5000 …
2026-07-01 18:40:08.371 | INFO     | pycaalp.time_balancing.model:run_mip:430 - Running MIP solver ...
      obj=0.857 (vs_full=-0.00%)  alpha=747.1s  build=30.828s solve=2.571s  vs_full=+0.00%
  [3b] Subgraph / bal_w    k=5000 …
2026-07-01 18:40:10.942 | INFO     | pycaalp.time_balancing.model:run_mip:430 - Running MIP solver ...
      obj=0.936 (vs_full=+9.23%)  alpha=747.1s  build=27.483s solve=33.626s  vs_full=+0.00%
  [3c] Subgraph / combined k=5000 …
2026-07-01 18:40:44.568 | INFO     | pycaalp.time_balancing.model:run_mip:430 - Running MIP solver ...
      obj=0.857 (vs_full=+0.00%)  alpha=747.1s  build=61.329s solve=13.444s  vs_full=+0.00%
  [3d] Subgraph / blended  k=5000 …
2026-07-01 18:40:58.012 | INFO     | pycaalp.time_balancing.model:run_mip:430 - Running MIP solver ...
      obj=0.859 (vs_full=+0.23%)  alpha=747.1s  build=36.820s solve=1.615s  vs_full=+0.00%
  [3e] Subgraph / bl-union k=5000 …
2026-07-01 18:40:59.627 | INFO     | pycaalp.time_balancing.model:run_mip:430 - Running MIP solver ...
      obj=0.857 (vs_full=+0.00%)  alpha=747.1s  build=107.745s solve=3.528s  vs_full=+0.00%
  [3f] Subgraph / diverse  k=5000 …
2026-07-01 18:41:03.156 | INFO     | pycaalp.time_balancing.model:run_mip:430 - Running MIP solver ...
      obj=0.857 (vs_full=+0.00%)  alpha=747.1s  build=5.368s solve=34.332s  vs_full=+0.00%

Results saved to experiments/strategy_comparison/assembly_1_np_3/strategy_comparison_lambda_0.5.csv
Plot with:  python -m experiments.strategy_comparison.plot_k_sensitivity

============================================================================================================================
SUMMARY — assembly_1  P=3  λ=0.5
============================================================================================================================
Strategy       Weight                      k   Build    Solve    Total  Spdup       Obj   ObjvsF     Alpha    AlvsF   Edges  %Grph
----------------------------------------------------------------------------------------------------------------------------
full_mip       —                               0.000   46.232   46.232   1.0x     0.857    +0.00    747.12    +0.00    1105  100.0
subgraph_mip   edge_weight                 1   0.003    0.076    0.079 583.2x     0.875    +2.16    792.00    +6.01      13    1.2
subgraph_mip   time_balanced_weight        1   0.002    0.090    0.092 500.8x     1.005   +17.32    731.84    -2.05      13    1.2
subgraph_mip   combined                    1   0.005    0.138    0.143 323.6x     0.875    +2.16    792.00    +6.01      26    2.4
subgraph_mip   blended                     1   0.004    0.034    0.038 1231.7x     0.868    +1.32    747.12    -0.00      13    1.2
subgraph_mip   blended_union               1   0.029    0.618    0.647  71.5x     0.858    +0.10    747.12    +0.00      37    3.4
subgraph_mip   diverse                     1   0.011    0.026    0.037 1237.2x     0.868    +1.32    747.12    -0.00      13    1.2
subgraph_mip   edge_weight                 2   0.008    0.088    0.095 484.9x     0.873    +1.92    788.33    +5.52      15    1.4
subgraph_mip   time_balanced_weight        2   0.014    0.041    0.055 842.6x     1.000   +16.76    731.84    -2.05      15    1.4
subgraph_mip   combined                    2   0.019    0.133    0.152 303.8x     0.873    +1.92    788.33    +5.52      30    2.7
subgraph_mip   blended                     2   0.009    0.059    0.068 679.8x     0.868    +1.32    747.12    -0.00      15    1.4
subgraph_mip   blended_union               2   0.046    0.618    0.663  69.7x     0.858    +0.10    747.12    +0.00      42    3.8
subgraph_mip   diverse                     2   0.011    0.038    0.049 951.1x     0.868    +1.32    747.12    +0.00      26    2.4
subgraph_mip   edge_weight                 5   0.013    0.211    0.224 206.8x     0.873    +1.92    788.33    +5.52      21    1.9
subgraph_mip   time_balanced_weight        5   0.018    0.300    0.317 145.7x     1.000   +16.76    731.84    -2.05      44    4.0
subgraph_mip   combined                    5   0.031    0.205    0.236 195.8x     0.873    +1.92    788.33    +5.52      65    5.9
subgraph_mip   blended                     5   0.019    0.219    0.238 194.3x     0.868    +1.32    747.12    +0.00      21    1.9
subgraph_mip   blended_union               5   0.046    0.965    1.011  45.7x     0.858    +0.10    747.12    +0.00      60    5.4
subgraph_mip   diverse                     5   0.007    0.643    0.649  71.2x     0.863    +0.74    758.63    +1.54      65    5.9
subgraph_mip   edge_weight                10   0.032    0.183    0.215 214.7x     0.873    +1.92    788.33    +5.52      24    2.2
subgraph_mip   time_balanced_weight       10   0.039    0.685    0.723  63.9x     1.000   +16.66    731.84    -2.05      57    5.2
subgraph_mip   combined                   10   0.096    0.282    0.378 122.3x     0.873    +1.92    788.33    +5.52      81    7.3
subgraph_mip   blended                    10   0.039    0.254    0.293 157.7x     0.868    +1.32    747.12    +0.00      26    2.4
subgraph_mip   blended_union              10   0.117    0.354    0.471  98.2x     0.858    +0.10    747.12    +0.00      75    6.8
subgraph_mip   diverse                    10   0.009    0.859    0.868  53.2x     0.863    +0.69    758.63    +1.54     126   11.4
subgraph_mip   edge_weight                20   0.072    0.548    0.619  74.7x     0.873    +1.92    788.33    +5.52      35    3.2
subgraph_mip   time_balanced_weight       20   0.096    0.344    0.440 105.2x     0.961   +12.11    754.42    +0.98      73    6.6
subgraph_mip   combined                   20   0.178    1.836    2.014  22.9x     0.873    +1.92    788.33    +5.52     107    9.7
subgraph_mip   blended                    20   0.097    0.239    0.335 137.9x     0.868    +1.32    747.12    +0.00      33    3.0
subgraph_mip   blended_union              20   0.196    2.600    2.796  16.5x     0.858    +0.10    747.12    +0.00      93    8.4
subgraph_mip   diverse                    20   0.028    0.867    0.895  51.7x     0.862    +0.65    758.63    +1.54     239   21.6
subgraph_mip   edge_weight                50   0.189    0.949    1.138  40.6x     0.870    +1.55    780.81    +4.51      54    4.9
subgraph_mip   time_balanced_weight       50   0.260    1.618    1.878  24.6x     0.955   +11.49    731.84    -2.05     141   12.8
subgraph_mip   combined                   50   0.370    1.205    1.575  29.4x     0.870    +1.55    780.81    +4.51     190   17.2
subgraph_mip   blended                    50   0.238    0.416    0.654  70.6x     0.868    +1.32    747.12    +0.00      56    5.1
subgraph_mip   blended_union              50   0.542    0.930    1.472  31.4x     0.858    +0.10    747.12    +0.00     146   13.2
subgraph_mip   diverse                    50   0.027    8.856    8.883   5.2x     0.860    +0.33    747.12    +0.00     512   46.3
subgraph_mip   edge_weight               100   0.403    0.516    0.919  50.3x     0.870    +1.55    780.81    +4.51      78    7.1
subgraph_mip   time_balanced_weight      100   0.656    3.238    3.894  11.9x     0.955   +11.49    731.84    -2.05     189   17.1
subgraph_mip   combined                  100   0.848    1.479    2.327  19.9x     0.870    +1.55    780.81    +4.51     257   23.3
subgraph_mip   blended                   100   0.377    0.512    0.888  52.0x     0.868    +1.32    747.12    +0.00      63    5.7
subgraph_mip   blended_union             100   1.114    1.308    2.421  19.1x     0.858    +0.10    747.12    +0.00     190   17.2
subgraph_mip   diverse                   100   0.089   17.284   17.372   2.7x     0.860    +0.33    747.12    +0.00     746   67.5
subgraph_mip   edge_weight               200   0.692    0.790    1.482  31.2x     0.870    +1.55    780.81    +4.51      95    8.6
subgraph_mip   time_balanced_weight      200   0.886    1.708    2.594  17.8x     0.944   +10.23    747.12    +0.00     258   23.4
subgraph_mip   combined                  200   1.538    1.506    3.044  15.2x     0.865    +0.99    747.12    +0.00     339   30.7
subgraph_mip   blended                   200   0.895    0.470    1.366  33.9x     0.868    +1.32    747.12    +0.00      64    5.8
subgraph_mip   blended_union             200   2.216    1.381    3.597  12.8x     0.858    +0.10    747.12    +0.00     203   18.4
subgraph_mip   diverse                   200   0.174   14.612   14.786   3.1x     0.857    +0.00    747.12    +0.00     909   82.3
subgraph_mip   edge_weight               500   1.606    0.725    2.331  19.8x     0.870    +1.55    780.81    +4.51     108    9.8
subgraph_mip   time_balanced_weight      500   1.969    7.959    9.928   4.7x     0.938    +9.51    731.84    -2.05     399   36.1
subgraph_mip   combined                  500   3.484    4.456    7.940   5.8x     0.865    +0.98    758.63    +1.54     459   41.5
subgraph_mip   blended                   500   2.156    0.829    2.985  15.5x     0.864    +0.81    747.12    +0.00     120   10.9
subgraph_mip   blended_union             500   5.310    1.939    7.249   6.4x     0.858    +0.10    747.12    +0.00     247   22.4
subgraph_mip   diverse                   500   0.488   12.823   13.311   3.5x     0.857    +0.00    747.12    +0.00    1044   94.5
subgraph_mip   edge_weight              1000   3.447    0.840    4.287  10.8x     0.857    -0.00    747.12    +0.00     142   12.8
subgraph_mip   time_balanced_weight     1000   3.932    6.708   10.640   4.3x     0.938    +9.49    747.12    +0.00     500   45.2
subgraph_mip   combined                 1000   7.358    5.305   12.662   3.6x     0.857    -0.00    747.12    +0.00     578   52.3
subgraph_mip   blended                  1000   4.348    1.013    5.361   8.6x     0.864    +0.81    747.12    +0.00     148   13.4
subgraph_mip   blended_union            1000  11.008    2.531   13.539   3.4x     0.857    +0.00    747.12    +0.00     284   25.7
subgraph_mip   diverse                  1000   1.363   40.830   42.193   1.1x     0.857    +0.00    747.12    +0.00    1099   99.5
subgraph_mip   edge_weight              2000   7.885    1.374    9.260   5.0x     0.857    +0.00    747.12    +0.00     185   16.7
subgraph_mip   time_balanced_weight     2000   9.691   15.497   25.188   1.8x     0.937    +9.34    747.12    +0.00     630   57.0
subgraph_mip   combined                 2000  16.220    9.986   26.205   1.8x     0.857    +0.00    747.12    +0.00     685   62.0
subgraph_mip   blended                  2000   9.876    0.658   10.534   4.4x     0.864    +0.81    747.12    +0.00     179   16.2
subgraph_mip   blended_union            2000  26.866    4.003   30.870   1.5x     0.857    +0.00    747.12    +0.00     335   30.3
subgraph_mip   diverse                  2000   2.251   41.845   44.096   1.1x     0.857    +0.00    747.12    +0.00    1105  100.0
subgraph_mip   edge_weight              5000  30.828    2.571   33.399   1.4x     0.857    -0.00    747.12    +0.00     232   21.0
subgraph_mip   time_balanced_weight     5000  27.483   33.626   61.109   0.8x     0.936    +9.23    747.12    +0.00     799   72.3
subgraph_mip   combined                 5000  61.329   13.444   74.774   0.6x     0.857    +0.00    747.12    +0.00     830   75.1
subgraph_mip   blended                  5000  36.820    1.615   38.436   1.2x     0.859    +0.23    747.12    +0.00     218   19.7
subgraph_mip   blended_union            5000 107.745    3.528  111.274   0.4x     0.857    +0.00    747.12    +0.00     355   32.1
subgraph_mip   diverse                  5000   5.368   34.332   39.701   1.2x     0.857    +0.00    747.12    +0.00    1105  100.0
============================================================================================================================

----------------- λ = 0.55 -----------------
========================================================================
Strategy Comparison Experiment — assembly_1  P=3  λ=0.55
========================================================================

Building assembly digraph …
2026-07-01 18:28:48.618 | INFO     | pycaalp.gapp.assembly_digraph:compute_assembly_digraph_complete:395 - Computing assembly digraph...
  343 nodes, 1105 edges  (0.4s)

[1] Full MIP  P=3  λ=0.55
2026-07-01 18:28:48.991 | INFO     | pycaalp.time_balancing.model:run_mip:430 - Running MIP solver ...
presolving:
(round 1, fast)       2 del vars, 2 del conss, 0 add conss, 0 chg bounds, 0 chg sides, 0 chg coeffs, 0 upgd conss, 0 impls, 69 clqs, 0 implints
(round 2, exhaustive) 2 del vars, 2 del conss, 0 add conss, 1 chg bounds, 0 chg sides, 0 chg coeffs, 3408 upgd conss, 0 impls, 69 clqs, 0 implints
   (0.2s) probing: 1000/1181 (84.7%) - 0 fixings, 0 aggregations, 131997 implications, 0 bound changes
   (0.2s) probing: 1001/1181 (84.8%) - 0 fixings, 0 aggregations, 132060 implications, 0 bound changes
   (0.2s) probing aborted: 1000/1000 successive useless probings
   (0.2s) symmetry computation started: requiring (bin +, int +, cont +), (fixed: bin -, int -, cont -)
   (0.2s) no symmetry present (symcode time: 0.00)
presolving (3 rounds: 3 fast, 2 medium, 2 exhaustive):
 2 deleted vars, 2 deleted constraints, 0 added constraints, 1 tightened bounds, 0 added holes, 0 changed sides, 0 changed coefficients
 0 implications, 12312 cliques, 0 implied integral variables (0 bin, 0 int, 0 cont)
presolved problem has 1182 variables (1181 bin, 0 int, 1 cont) and 3721 constraints
     69 constraints of type <setppc>
    313 constraints of type <linear>
   3339 constraints of type <logicor>
Presolving Time: 0.21

 time | node  | left  |LP iter|LP it/n|mem/heur|mdpt |vars |cons |rows |cuts |sepa|confs|strbr|  dualbound   | primalbound  |  gap   | compl. 
p 0.2s|     1 |     0 |     0 |     - | vbounds|   0 |1182 |3752 |3721 |   0 |  0 |  30 |   0 | 0.000000e+00 | 1.857277e+00 |    Inf | unknown
p 0.3s|     1 |     0 |    89 |     - | vbounds|   0 |1182 |3764 |3721 |   0 |  0 |  42 |   0 | 0.000000e+00 | 1.237726e+00 |    Inf | unknown
  0.3s|     1 |     0 |   381 |     - |    29M |   0 |1182 |3764 |3721 |   0 |  0 |  42 |   0 | 8.329273e-01 | 1.237726e+00 |  48.60%| unknown
  0.5s|     1 |     0 |   440 |     - |    31M |   0 |1182 |3765 |3724 |   3 |  1 |  43 |   0 | 8.329360e-01 | 1.237726e+00 |  48.60%| unknown
  0.8s|     1 |     0 |   464 |     - |    36M |   0 |1182 |3775 |3727 |   6 |  2 |  53 |   0 | 8.329465e-01 | 1.237726e+00 |  48.60%| unknown
  1.1s|     1 |     0 |   481 |     - |    43M |   0 |1182 |3777 |3730 |   9 |  3 |  55 |   0 | 8.330310e-01 | 1.237726e+00 |  48.58%| unknown
  1.3s|     1 |     0 |   504 |     - |    47M |   0 |1182 |3773 |3732 |  11 |  4 |  55 |   0 | 8.330310e-01 | 1.237726e+00 |  48.58%| unknown
  1.8s|     1 |     0 |   511 |     - |    53M |   0 |1182 |3775 |3733 |  12 |  5 |  57 |   0 | 8.330310e-01 | 1.237726e+00 |  48.58%| unknown
  2.2s|     1 |     0 |   519 |     - |    61M |   0 |1182 |3776 |3735 |  14 |  6 |  58 |   0 | 8.330310e-01 | 1.237726e+00 |  48.58%| unknown
  2.8s|     1 |     0 |   525 |     - |    67M |   0 |1182 |3782 |3737 |  16 |  7 |  68 |   0 | 8.330310e-01 | 1.237726e+00 |  48.58%| unknown
  3.3s|     1 |     0 |   529 |     - |    76M |   0 |1182 |3788 |3739 |  18 |  8 |  78 |   0 | 8.330310e-01 | 1.237726e+00 |  48.58%| unknown
  3.8s|     1 |     0 |   567 |     - |    81M |   0 |1182 |3790 |3741 |  20 |  9 |  80 |   0 | 8.330310e-01 | 1.237726e+00 |  48.58%| unknown
  4.3s|     1 |     0 |   573 |     - |    88M |   0 |1182 |3789 |3745 |  24 | 10 |  81 |   0 | 8.330310e-01 | 1.237726e+00 |  48.58%| unknown
  4.3s|     1 |     0 |   576 |     - |    88M |   0 |1182 |3796 |3747 |  26 | 11 |  88 |   0 | 8.330310e-01 | 1.237726e+00 |  48.58%| unknown
  4.3s|     1 |     0 |   593 |     - |    89M |   0 |1182 |3797 |3749 |  28 | 12 |  89 |   0 | 8.330311e-01 | 1.237726e+00 |  48.58%| unknown
 time | node  | left  |LP iter|LP it/n|mem/heur|mdpt |vars |cons |rows |cuts |sepa|confs|strbr|  dualbound   | primalbound  |  gap   | compl. 
  4.4s|     1 |     0 |   597 |     - |    89M |   0 |1182 |3800 |3752 |  31 | 13 |  92 |   0 | 8.330312e-01 | 1.237726e+00 |  48.58%| unknown
  4.4s|     1 |     0 |   598 |     - |    89M |   0 |1182 |3801 |3753 |  32 | 14 |  93 |   0 | 8.330313e-01 | 1.237726e+00 |  48.58%| unknown
  4.4s|     1 |     0 |   601 |     - |    90M |   0 |1182 |3800 |3754 |  33 | 15 |  93 |   0 | 8.330313e-01 | 1.237726e+00 |  48.58%| unknown
d 4.5s|     1 |     0 |  1128 |     - |farkasdi|   0 |1182 |3801 |3754 |   0 | 15 |  94 |   0 | 8.330313e-01 | 9.029225e-01 |   8.39%| unknown
L 4.6s|     1 |     0 |  1931 |     - |    rens|   0 |1182 |3797 |3754 |  33 | 15 |  96 |   0 | 8.330313e-01 | 8.772395e-01 |   5.31%| unknown
  4.6s|     1 |     0 |  1931 |     - |    90M |   0 |1182 |3796 |3754 |  33 | 15 |  96 |   0 | 8.330313e-01 | 8.772395e-01 |   5.31%| unknown
  4.6s|     1 |     0 |  1931 |     - |    90M |   0 |1182 |3796 |3535 |  33 | 15 |  96 |   0 | 8.330313e-01 | 8.772395e-01 |   5.31%| unknown
  4.6s|     1 |     0 |  1933 |     - |    90M |   0 |1182 |3729 |3522 |  34 | 16 |  96 |   0 | 8.330313e-01 | 8.772395e-01 |   5.31%| unknown
  4.6s|     1 |     0 |  1933 |     - |    90M |   0 |1182 |3658 |3522 |  34 | 17 |  96 |   0 | 8.330313e-01 | 8.772395e-01 |   5.31%| unknown
  4.7s|     1 |     0 |  1936 |     - |    91M |   0 |1182 |3658 |3523 |  35 | 18 |  96 |   0 | 8.330313e-01 | 8.772395e-01 |   5.31%| unknown
(run 1, node 1) restarting after 182 global fixings of integer variables

(restart) converted 31 cuts from the global cut pool into linear constraints

presolving:
(round 1, fast)       184 del vars, 439 del conss, 0 add conss, 0 chg bounds, 0 chg sides, 173 chg coeffs, 0 upgd conss, 0 impls, 9699 clqs, 0 implints
(round 2, exhaustive) 184 del vars, 442 del conss, 0 add conss, 0 chg bounds, 2 chg sides, 173 chg coeffs, 0 upgd conss, 0 impls, 9699 clqs, 0 implints
(round 3, exhaustive) 184 del vars, 442 del conss, 0 add conss, 0 chg bounds, 2 chg sides, 173 chg coeffs, 54 upgd conss, 0 impls, 9699 clqs, 0 implints
(round 4, exhaustive) 184 del vars, 442 del conss, 0 add conss, 0 chg bounds, 3 chg sides, 221 chg coeffs, 54 upgd conss, 0 impls, 9700 clqs, 0 implints
presolving (5 rounds: 5 fast, 4 medium, 4 exhaustive):
 184 deleted vars, 442 deleted constraints, 0 added constraints, 0 tightened bounds, 0 added holes, 3 changed sides, 228 changed coefficients
 0 implications, 9700 cliques, 0 implied integral variables (0 bin, 0 int, 0 cont)
presolved problem has 998 variables (997 bin, 0 int, 1 cont) and 3249 constraints
      7 constraints of type <knapsack>
    124 constraints of type <setppc>
    264 constraints of type <linear>
   2854 constraints of type <logicor>
Presolving Time: 0.24
transformed 3/5 original solutions to the transformed problem space

 time | node  | left  |LP iter|LP it/n|mem/heur|mdpt |vars |cons |rows |cuts |sepa|confs|strbr|  dualbound   | primalbound  |  gap   | compl. 
  4.8s|     1 |     0 |  2528 |     - |    88M |   0 | 998 |3249 |3174 |   0 |  0 |  98 |   0 | 8.330313e-01 | 8.772395e-01 |   5.31%| unknown
  4.8s|     1 |     0 |  2528 |     - |    88M |   0 | 998 |3249 |2988 |   0 |  0 |  98 |   0 | 8.330313e-01 | 8.772395e-01 |   5.31%| unknown
  5.0s|     1 |     0 |  2538 |     - |    89M |   0 | 998 |3165 |2786 |   3 |  1 |  98 |   0 | 8.330313e-01 | 8.772395e-01 |   5.31%| unknown
  5.3s|     1 |     0 |  2546 |     - |    92M |   0 | 998 |3080 |2790 |   7 |  2 | 100 |   0 | 8.330315e-01 | 8.772395e-01 |   5.31%| unknown
  5.5s|     1 |     0 |  2560 |     - |    95M |   0 | 998 |3066 |2791 |   8 |  3 | 101 |   0 | 8.330317e-01 | 8.772395e-01 |   5.31%| unknown
  5.8s|     1 |     0 |  2569 |     - |   101M |   0 | 998 |3034 |2792 |   9 |  4 | 102 |   0 | 8.330318e-01 | 8.772395e-01 |   5.31%| unknown
  6.3s|     1 |     0 |  2575 |     - |   106M |   0 | 998 |3006 |2793 |  10 |  5 | 102 |   0 | 8.330319e-01 | 8.772395e-01 |   5.31%| unknown
  6.7s|     1 |     0 |  2597 |     - |   113M |   0 | 998 |2985 |2795 |  12 |  6 | 102 |   0 | 8.330321e-01 | 8.772395e-01 |   5.31%| unknown
  7.1s|     1 |     0 |  2608 |     - |   122M |   0 | 998 |2982 |2796 |  13 |  7 | 103 |   0 | 8.330322e-01 | 8.772395e-01 |   5.31%| unknown
  7.6s|     1 |     0 |  2632 |     - |   130M |   0 | 998 |2976 |2798 |  15 |  8 | 113 |   0 | 8.330322e-01 | 8.772395e-01 |   5.31%| unknown
  8.4s|     1 |     0 |  2650 |     - |   145M |   0 | 998 |2978 |2799 |  16 |  9 | 115 |   0 | 8.330322e-01 | 8.772395e-01 |   5.31%| unknown
  8.9s|     1 |     0 |  2665 |     - |   155M |   0 | 998 |2960 |2802 |  19 | 10 | 115 |   0 | 8.330323e-01 | 8.772395e-01 |   5.31%| unknown
  9.1s|     1 |     0 |  2694 |     - |   155M |   0 | 998 |2960 |2803 |  20 | 11 | 117 |   0 | 8.330342e-01 | 8.772395e-01 |   5.31%| unknown
  9.2s|     1 |     0 |  2727 |     - |   156M |   0 | 998 |2961 |2805 |  22 | 12 | 118 |   0 | 8.330398e-01 | 8.772395e-01 |   5.31%| unknown
  9.3s|     1 |     0 |  2729 |     - |   156M |   0 | 998 |2961 |2785 |  24 | 13 | 118 |   0 | 8.330398e-01 | 8.772395e-01 |   5.31%| unknown
 time | node  | left  |LP iter|LP it/n|mem/heur|mdpt |vars |cons |rows |cuts |sepa|confs|strbr|  dualbound   | primalbound  |  gap   | compl. 
  9.3s|     1 |     0 |  2729 |     - |   156M |   0 | 998 |2861 |2785 |  24 | 13 | 119 |   0 | 8.330398e-01 | 8.772395e-01 |   5.31%| unknown
  9.3s|     1 |     0 |  2748 |     - |   156M |   0 | 998 |2861 |2786 |  25 | 14 | 119 |   0 | 8.330408e-01 | 8.772395e-01 |   5.31%| unknown
  9.4s|     1 |     0 |  2765 |     - |   156M |   0 | 998 |2801 |2787 |  26 | 15 | 120 |   0 | 8.330408e-01 | 8.772395e-01 |   5.31%| unknown
  9.5s|     1 |     0 |  2769 |     - |   156M |   0 | 998 |2748 |2788 |  27 | 16 | 120 |   0 | 8.330408e-01 | 8.772395e-01 |   5.31%| unknown
  9.5s|     1 |     0 |  2772 |     - |   157M |   0 | 998 |2742 |2790 |  29 | 17 | 122 |   0 | 8.330408e-01 | 8.772395e-01 |   5.31%| unknown
  9.6s|     1 |     0 |  2773 |     - |   157M |   0 | 998 |2741 |2791 |  30 | 18 | 123 |   0 | 8.330408e-01 | 8.772395e-01 |   5.31%| unknown
(run 2, node 1) restarting after 197 global fixings of integer variables

(restart) converted 26 cuts from the global cut pool into linear constraints

presolving:
(round 1, fast)       199 del vars, 112 del conss, 0 add conss, 0 chg bounds, 0 chg sides, 128 chg coeffs, 0 upgd conss, 0 impls, 6255 clqs, 0 implints
(round 2, exhaustive) 199 del vars, 113 del conss, 0 add conss, 0 chg bounds, 0 chg sides, 136 chg coeffs, 34 upgd conss, 0 impls, 6255 clqs, 0 implints
(round 3, exhaustive) 199 del vars, 117 del conss, 0 add conss, 0 chg bounds, 0 chg sides, 148 chg coeffs, 34 upgd conss, 0 impls, 6257 clqs, 0 implints
presolving (4 rounds: 4 fast, 3 medium, 3 exhaustive):
 199 deleted vars, 117 deleted constraints, 0 added constraints, 0 tightened bounds, 0 added holes, 0 changed sides, 160 changed coefficients
 0 implications, 6257 cliques, 0 implied integral variables (0 bin, 0 int, 0 cont)
presolved problem has 799 variables (798 bin, 0 int, 1 cont) and 2646 constraints
     16 constraints of type <knapsack>
    113 constraints of type <setppc>
    235 constraints of type <linear>
   2282 constraints of type <logicor>
Presolving Time: 0.28
transformed 2/5 original solutions to the transformed problem space

 time | node  | left  |LP iter|LP it/n|mem/heur|mdpt |vars |cons |rows |cuts |sepa|confs|strbr|  dualbound   | primalbound  |  gap   | compl. 
  9.9s|     1 |     0 |  3626 |     - |   142M |   0 | 799 |2646 |2548 |   0 |  0 | 136 |   0 | 8.330408e-01 | 8.772395e-01 |   5.31%| unknown
  9.9s|     1 |     0 |  3626 |     - |   142M |   0 | 799 |2647 |2418 |   0 |  0 | 137 |   0 | 8.330408e-01 | 8.772395e-01 |   5.31%| unknown
 10.2s|     1 |     0 |  3649 |     - |   143M |   0 | 799 |2605 |2324 |   3 |  1 | 137 |   0 | 8.330408e-01 | 8.772395e-01 |   5.31%| unknown
 10.7s|     1 |     0 |  3667 |     - |   143M |   0 | 799 |2559 |2326 |   5 |  2 | 139 |   0 | 8.330409e-01 | 8.772395e-01 |   5.31%| unknown
 11.0s|     1 |     0 |  3690 |     - |   143M |   0 | 799 |2532 |2328 |   7 |  3 | 141 |   0 | 8.330409e-01 | 8.772395e-01 |   5.31%| unknown
 11.4s|     1 |     0 |  3743 |     - |   145M |   0 | 799 |2532 |2330 |   9 |  4 | 143 |   0 | 8.330411e-01 | 8.772395e-01 |   5.31%| unknown
 11.7s|     1 |     0 |  3759 |     - |   146M |   0 | 799 |2520 |2333 |  12 |  5 | 144 |   0 | 8.330411e-01 | 8.772395e-01 |   5.31%| unknown
 12.1s|     1 |     0 |  3789 |     - |   148M |   0 | 799 |2513 |2336 |  15 |  6 | 152 |   0 | 8.330412e-01 | 8.772395e-01 |   5.31%| unknown
 12.4s|     1 |     0 |  3813 |     - |   148M |   0 | 799 |2503 |2338 |  17 |  7 | 154 |   0 | 8.330412e-01 | 8.772395e-01 |   5.31%| unknown
 12.6s|     1 |     0 |  3835 |     - |   153M |   0 | 799 |2512 |2339 |  18 |  8 | 164 |   0 | 8.330412e-01 | 8.772395e-01 |   5.31%| unknown
 13.2s|     1 |     0 |  3849 |     - |   155M |   0 | 799 |2507 |2340 |  19 |  9 | 166 |   0 | 8.330413e-01 | 8.772395e-01 |   5.31%| unknown
 13.8s|     1 |     0 |  3861 |     - |   159M |   0 | 799 |2508 |2342 |  21 | 10 | 167 |   0 | 8.330413e-01 | 8.772395e-01 |   5.31%| unknown
 13.8s|     1 |     0 |  3865 |     - |   159M |   0 | 799 |2506 |2344 |  23 | 11 | 169 |   0 | 8.330413e-01 | 8.772395e-01 |   5.31%| unknown
 13.8s|     1 |     0 |  3865 |     - |   159M |   0 | 799 |2386 |2344 |  23 | 11 | 173 |   0 | 8.330413e-01 | 8.772395e-01 |   5.31%| unknown
 13.9s|     1 |     0 |  3868 |     - |   160M |   0 | 799 |2386 |2345 |  24 | 12 | 173 |   0 | 8.330413e-01 | 8.772395e-01 |   5.31%| unknown
 time | node  | left  |LP iter|LP it/n|mem/heur|mdpt |vars |cons |rows |cuts |sepa|confs|strbr|  dualbound   | primalbound  |  gap   | compl. 
 14.0s|     1 |     0 |  3877 |     - |   160M |   0 | 799 |2370 |2347 |  26 | 13 | 183 |   0 | 8.330413e-01 | 8.772395e-01 |   5.31%| unknown
 14.0s|     1 |     0 |  3883 |     - |   160M |   0 | 799 |2377 |2349 |  28 | 14 | 193 |   0 | 8.330413e-01 | 8.772395e-01 |   5.31%| unknown
 14.1s|     1 |     0 |  3903 |     - |   160M |   0 | 799 |2379 |2302 |  30 | 15 | 199 |   0 | 8.330413e-01 | 8.772395e-01 |   5.31%| unknown
 14.1s|     1 |     0 |  3905 |     - |   160M |   0 | 799 |2374 |2303 |  31 | 16 | 200 |   0 | 8.330413e-01 | 8.772395e-01 |   5.31%| unknown
 14.1s|     1 |     0 |  3926 |     - |   161M |   0 | 799 |2370 |2304 |  32 | 17 | 206 |   0 | 8.330524e-01 | 8.772395e-01 |   5.30%| unknown
 14.2s|     1 |     0 |  3927 |     - |   161M |   0 | 799 |2362 |2305 |  33 | 18 | 206 |   0 | 8.330528e-01 | 8.772395e-01 |   5.30%| unknown
(run 3, node 1) restarting after 125 global fixings of integer variables

(restart) converted 26 cuts from the global cut pool into linear constraints

presolving:
(round 1, fast)       127 del vars, 62 del conss, 0 add conss, 0 chg bounds, 0 chg sides, 89 chg coeffs, 0 upgd conss, 0 impls, 5181 clqs, 0 implints
(round 2, exhaustive) 127 del vars, 62 del conss, 0 add conss, 0 chg bounds, 0 chg sides, 95 chg coeffs, 31 upgd conss, 0 impls, 5181 clqs, 0 implints
(round 3, exhaustive) 127 del vars, 62 del conss, 0 add conss, 0 chg bounds, 0 chg sides, 108 chg coeffs, 31 upgd conss, 0 impls, 5183 clqs, 0 implints
presolving (4 rounds: 4 fast, 3 medium, 3 exhaustive):
 127 deleted vars, 62 deleted constraints, 0 added constraints, 0 tightened bounds, 0 added holes, 0 changed sides, 110 changed coefficients
 0 implications, 5183 cliques, 0 implied integral variables (0 bin, 0 int, 0 cont)
presolved problem has 672 variables (671 bin, 0 int, 1 cont) and 2324 constraints
     25 constraints of type <knapsack>
    121 constraints of type <setppc>
    214 constraints of type <linear>
   1964 constraints of type <logicor>
Presolving Time: 0.30
transformed 2/5 original solutions to the transformed problem space

 time | node  | left  |LP iter|LP it/n|mem/heur|mdpt |vars |cons |rows |cuts |sepa|confs|strbr|  dualbound   | primalbound  |  gap   | compl. 
 14.4s|     1 |     0 |  5097 |     - |   156M |   0 | 672 |2324 |2165 |   0 |  0 | 208 |   0 | 8.330528e-01 | 8.772395e-01 |   5.30%| unknown
 14.4s|     1 |     0 |  5097 |     - |   156M |   0 | 672 |2325 |2089 |   0 |  0 | 209 |   0 | 8.330528e-01 | 8.772395e-01 |   5.30%| unknown
 14.9s|     1 |     0 |  5141 |     - |   157M |   0 | 672 |2303 |1946 |   5 |  1 | 209 |   0 | 8.330548e-01 | 8.772395e-01 |   5.30%| unknown
 15.2s|     1 |     0 |  5150 |     - |   159M |   0 | 672 |2256 |1947 |   6 |  2 | 213 |   0 | 8.330548e-01 | 8.772395e-01 |   5.30%| unknown
 15.7s|     1 |     0 |  5154 |     - |   159M |   0 | 672 |2189 |1948 |   7 |  3 | 213 |   0 | 8.330548e-01 | 8.772395e-01 |   5.30%| unknown
 16.1s|     1 |     0 |  5160 |     - |   159M |   0 | 672 |2182 |1949 |   8 |  4 | 215 |   0 | 8.330548e-01 | 8.772395e-01 |   5.30%| unknown
 16.6s|     1 |     0 |  5192 |     - |   160M |   0 | 672 |2163 |1950 |   9 |  5 | 216 |   0 | 8.330578e-01 | 8.772395e-01 |   5.30%| unknown
 16.8s|     1 |     0 |  5222 |     - |   161M |   0 | 672 |2164 |1953 |  12 |  6 | 217 |   0 | 8.330594e-01 | 8.772395e-01 |   5.30%| unknown
 17.1s|     1 |     0 |  5258 |     - |   164M |   0 | 672 |2153 |1954 |  13 |  7 | 217 |   0 | 8.330607e-01 | 8.772395e-01 |   5.30%| unknown
 17.4s|     1 |     0 |  5291 |     - |   165M |   0 | 672 |2153 |1956 |  15 |  8 | 217 |   0 | 8.330613e-01 | 8.772395e-01 |   5.30%| unknown
 17.6s|     1 |     0 |  5326 |     - |   167M |   0 | 672 |2156 |1959 |  18 |  9 | 220 |   0 | 8.330614e-01 | 8.772395e-01 |   5.30%| unknown
 17.9s|     1 |     0 |  5351 |     - |   168M |   0 | 672 |2153 |1960 |  19 | 10 | 220 |   0 | 8.330625e-01 | 8.772395e-01 |   5.30%| unknown
 18.0s|     1 |     0 |  5357 |     - |   169M |   0 | 672 |2151 |1962 |  21 | 11 | 221 |   0 | 8.330626e-01 | 8.772395e-01 |   5.30%| unknown
 18.0s|     1 |     0 |  5362 |     - |   169M |   0 | 672 |2138 |1964 |  23 | 12 | 223 |   0 | 8.330626e-01 | 8.772395e-01 |   5.30%| unknown
 18.0s|     1 |     0 |  5362 |     - |   169M |   0 | 672 |2072 |1964 |  23 | 12 | 223 |   0 | 8.330626e-01 | 8.772395e-01 |   5.30%| unknown
 time | node  | left  |LP iter|LP it/n|mem/heur|mdpt |vars |cons |rows |cuts |sepa|confs|strbr|  dualbound   | primalbound  |  gap   | compl. 
 18.1s|     1 |     0 |  5371 |     - |   169M |   0 | 672 |2072 |1966 |  25 | 13 | 223 |   0 | 8.330626e-01 | 8.772395e-01 |   5.30%| unknown
 18.1s|     1 |     0 |  5384 |     - |   169M |   0 | 672 |2066 |1968 |  27 | 14 | 224 |   0 | 8.330629e-01 | 8.772395e-01 |   5.30%| unknown
 18.2s|     1 |     0 |  5397 |     - |   169M |   0 | 672 |2057 |1897 |  28 | 15 | 224 |   0 | 8.330629e-01 | 8.772395e-01 |   5.30%| unknown
 18.2s|     1 |     0 |  5444 |     - |   170M |   0 | 672 |2058 |1899 |  30 | 16 | 229 |   0 | 8.330632e-01 | 8.772395e-01 |   5.30%| unknown
 18.3s|     1 |     0 |  5463 |     - |   170M |   0 | 672 |2064 |1901 |  32 | 17 | 239 |   0 | 8.330632e-01 | 8.772395e-01 |   5.30%| unknown
 18.3s|     1 |     0 |  5535 |     - |   170M |   0 | 672 |2073 |1903 |  34 | 18 | 249 |   0 | 8.330758e-01 | 8.772395e-01 |   5.30%| unknown
 18.3s|     1 |     0 |  5537 |     - |   170M |   0 | 672 |2073 |1905 |  36 | 19 | 249 |   0 | 8.330758e-01 | 8.772395e-01 |   5.30%| unknown
 18.4s|     1 |     0 |  5546 |     - |   170M |   0 | 672 |2074 |1906 |  37 | 20 | 250 |   0 | 8.330792e-01 | 8.772395e-01 |   5.30%| unknown
 18.4s|     1 |     0 |  5557 |     - |   170M |   0 | 672 |2074 |1900 |  38 | 21 | 250 |   0 | 8.330792e-01 | 8.772395e-01 |   5.30%| unknown
 18.4s|     1 |     0 |  5571 |     - |   170M |   0 | 672 |2079 |1901 |  39 | 22 | 258 |   0 | 8.330794e-01 | 8.772395e-01 |   5.30%| unknown
 18.4s|     1 |     0 |  5634 |     - |   170M |   0 | 672 |2080 |1903 |  41 | 23 | 259 |   0 | 8.331557e-01 | 8.772395e-01 |   5.29%| unknown
 18.5s|     1 |     0 |  5641 |     - |   170M |   0 | 672 |2080 |1905 |  43 | 24 | 260 |   0 | 8.331564e-01 | 8.772395e-01 |   5.29%| unknown
(run 4, node 1) restarting after 98 global fixings of integer variables

(restart) converted 27 cuts from the global cut pool into linear constraints

presolving:
(round 1, fast)       100 del vars, 52 del conss, 0 add conss, 0 chg bounds, 0 chg sides, 170 chg coeffs, 0 upgd conss, 0 impls, 3937 clqs, 0 implints
(round 2, exhaustive) 100 del vars, 53 del conss, 0 add conss, 0 chg bounds, 0 chg sides, 171 chg coeffs, 23 upgd conss, 0 impls, 3937 clqs, 0 implints
(round 3, exhaustive) 100 del vars, 59 del conss, 0 add conss, 0 chg bounds, 0 chg sides, 226 chg coeffs, 23 upgd conss, 0 impls, 3938 clqs, 0 implints
presolving (4 rounds: 4 fast, 3 medium, 3 exhaustive):
 100 deleted vars, 59 deleted constraints, 0 added constraints, 0 tightened bounds, 0 added holes, 0 changed sides, 231 changed coefficients
 0 implications, 3938 cliques, 0 implied integral variables (0 bin, 0 int, 0 cont)
presolved problem has 572 variables (571 bin, 0 int, 1 cont) and 2059 constraints
     36 constraints of type <knapsack>
    112 constraints of type <setppc>
    207 constraints of type <linear>
   1704 constraints of type <logicor>
Presolving Time: 0.33
transformed 3/6 original solutions to the transformed problem space

 time | node  | left  |LP iter|LP it/n|mem/heur|mdpt |vars |cons |rows |cuts |sepa|confs|strbr|  dualbound   | primalbound  |  gap   | compl. 
 18.7s|     1 |     0 |  6698 |     - |   164M |   0 | 572 |2059 |1857 |   0 |  0 | 282 |   0 | 8.331564e-01 | 8.772395e-01 |   5.29%| unknown
 18.7s|     1 |     0 |  6698 |     - |   164M |   0 | 572 |2065 |1798 |   0 |  0 | 288 |   0 | 8.331564e-01 | 8.772395e-01 |   5.29%| unknown
 18.9s|     1 |     0 |  6703 |     - |   165M |   0 | 572 |2039 |1758 |   5 |  1 | 288 |   0 | 8.331564e-01 | 8.772395e-01 |   5.29%| unknown
 19.1s|     1 |     0 |  6754 |     - |   165M |   0 | 572 |2004 |1761 |   8 |  2 | 288 |   0 | 8.331565e-01 | 8.772395e-01 |   5.29%| unknown
 19.3s|     1 |     0 |  6785 |     - |   165M |   0 | 572 |2002 |1763 |  10 |  3 | 288 |   0 | 8.331565e-01 | 8.772395e-01 |   5.29%| unknown
 19.6s|     1 |     0 |  6795 |     - |   165M |   0 | 572 |1997 |1765 |  12 |  4 | 288 |   0 | 8.331565e-01 | 8.772395e-01 |   5.29%| unknown
 19.8s|     1 |     0 |  6815 |     - |   165M |   0 | 572 |1989 |1767 |  14 |  5 | 291 |   0 | 8.332079e-01 | 8.772395e-01 |   5.28%| unknown
 20.0s|     1 |     0 |  6822 |     - |   165M |   0 | 572 |1993 |1769 |  16 |  6 | 295 |   0 | 8.332079e-01 | 8.772395e-01 |   5.28%| unknown
 20.3s|     1 |     0 |  6832 |     - |   166M |   0 | 572 |1988 |1770 |  17 |  7 | 295 |   0 | 8.332079e-01 | 8.772395e-01 |   5.28%| unknown
 20.5s|     1 |     0 |  6845 |     - |   167M |   0 | 572 |1995 |1771 |  18 |  8 | 305 |   0 | 8.332079e-01 | 8.772395e-01 |   5.28%| unknown
 20.8s|     1 |     0 |  6849 |     - |   169M |   0 | 572 |1998 |1774 |  21 |  9 | 308 |   0 | 8.332079e-01 | 8.772395e-01 |   5.28%| unknown
 21.0s|     1 |     0 |  6862 |     - |   171M |   0 | 572 |1992 |1776 |  23 | 10 | 310 |   0 | 8.332079e-01 | 8.772395e-01 |   5.28%| unknown
 21.0s|     1 |     0 |  6875 |     - |   171M |   0 | 572 |1992 |1685 |  25 | 11 | 310 |   0 | 8.332080e-01 | 8.772395e-01 |   5.28%| unknown
(run 5, node 1) restarting after 30 global fixings of integer variables

(restart) converted 21 cuts from the global cut pool into linear constraints

presolving:
(round 1, fast)       37 del vars, 21 del conss, 0 add conss, 0 chg bounds, 0 chg sides, 350 chg coeffs, 0 upgd conss, 0 impls, 3570 clqs, 0 implints
(round 2, exhaustive) 37 del vars, 21 del conss, 0 add conss, 0 chg bounds, 0 chg sides, 355 chg coeffs, 17 upgd conss, 0 impls, 3570 clqs, 0 implints
(round 3, exhaustive) 37 del vars, 44 del conss, 0 add conss, 0 chg bounds, 0 chg sides, 390 chg coeffs, 17 upgd conss, 0 impls, 3570 clqs, 0 implints
(round 4, exhaustive) 37 del vars, 44 del conss, 0 add conss, 0 chg bounds, 0 chg sides, 408 chg coeffs, 17 upgd conss, 0 impls, 3570 clqs, 0 implints
presolving (5 rounds: 5 fast, 4 medium, 4 exhaustive):
 37 deleted vars, 44 deleted constraints, 0 added constraints, 0 tightened bounds, 0 added holes, 0 changed sides, 409 changed coefficients
 0 implications, 3570 cliques, 0 implied integral variables (0 bin, 0 int, 0 cont)
presolved problem has 535 variables (534 bin, 0 int, 1 cont) and 1967 constraints
     42 constraints of type <knapsack>
    102 constraints of type <setppc>
    211 constraints of type <linear>
   1612 constraints of type <logicor>
Presolving Time: 0.38
transformed 3/6 original solutions to the transformed problem space

 time | node  | left  |LP iter|LP it/n|mem/heur|mdpt |vars |cons |rows |cuts |sepa|confs|strbr|  dualbound   | primalbound  |  gap   | compl. 
 21.2s|     1 |     0 |  7593 |     - |   169M |   0 | 535 |1967 |1761 |   0 |  0 | 318 |   0 | 8.332080e-01 | 8.772395e-01 |   5.28%| unknown
 21.3s|     1 |     0 |  7593 |     - |   169M |   0 | 535 |1968 |1713 |   0 |  0 | 319 |   0 | 8.332080e-01 | 8.772395e-01 |   5.28%| unknown
 21.6s|     1 |     0 |  7604 |     - |   169M |   0 | 535 |1959 |1681 |   2 |  1 | 319 |   0 | 8.332080e-01 | 8.772395e-01 |   5.28%| unknown
 21.8s|     1 |     0 |  7608 |     - |   170M |   0 | 535 |1947 |1683 |   4 |  2 | 329 |   0 | 8.332080e-01 | 8.772395e-01 |   5.28%| unknown
 22.0s|     1 |     0 |  7632 |     - |   170M |   0 | 535 |1949 |1685 |   6 |  3 | 339 |   0 | 8.332080e-01 | 8.772395e-01 |   5.28%| unknown
 22.3s|     1 |     0 |  7644 |     - |   170M |   0 | 535 |1938 |1687 |   8 |  4 | 340 |   0 | 8.332080e-01 | 8.772395e-01 |   5.28%| unknown
 22.7s|     1 |     0 |  7655 |     - |   171M |   0 | 535 |1937 |1688 |   9 |  5 | 340 |   0 | 8.332080e-01 | 8.772395e-01 |   5.28%| unknown
 22.9s|     1 |     0 |  7664 |     - |   171M |   0 | 535 |1940 |1689 |  10 |  6 | 343 |   0 | 8.332080e-01 | 8.772395e-01 |   5.28%| unknown
 23.1s|     1 |     0 |  7674 |     - |   172M |   0 | 535 |1934 |1691 |  12 |  7 | 344 |   0 | 8.332080e-01 | 8.772395e-01 |   5.28%| unknown
 23.4s|     1 |     0 |  7699 |     - |   174M |   0 | 535 |1935 |1693 |  14 |  8 | 345 |   0 | 8.332080e-01 | 8.772395e-01 |   5.28%| unknown
 23.7s|     1 |     0 |  7706 |     - |   176M |   0 | 535 |1934 |1694 |  15 |  9 | 345 |   0 | 8.332080e-01 | 8.772395e-01 |   5.28%| unknown
 24.0s|     1 |     0 |  7711 |     - |   183M |   0 | 535 |1930 |1695 |  16 | 10 | 348 |   0 | 8.332080e-01 | 8.772395e-01 |   5.28%| unknown
 24.1s|     1 |     0 |  7736 |     - |   183M |   0 | 535 |1929 |1696 |  17 | 11 | 348 |   0 | 8.332080e-01 | 8.772395e-01 |   5.28%| unknown
 24.1s|     1 |     0 |  7736 |     - |   183M |   0 | 535 |1926 |1696 |  17 | 11 | 349 |   0 | 8.332080e-01 | 8.772395e-01 |   5.28%| unknown
 24.2s|     1 |     0 |  7755 |     - |   183M |   0 | 535 |1926 |1698 |  19 | 12 | 349 |   0 | 8.332080e-01 | 8.772395e-01 |   5.28%| unknown
 time | node  | left  |LP iter|LP it/n|mem/heur|mdpt |vars |cons |rows |cuts |sepa|confs|strbr|  dualbound   | primalbound  |  gap   | compl. 
 24.2s|     1 |     0 |  7771 |     - |   183M |   0 | 535 |1918 |1700 |  21 | 13 | 352 |   0 | 8.332080e-01 | 8.772395e-01 |   5.28%| unknown
 24.3s|     1 |     0 |  7777 |     - |   184M |   0 | 535 |1917 |1591 |  23 | 14 | 352 |   0 | 8.332080e-01 | 8.772395e-01 |   5.28%| unknown
 24.3s|     1 |     0 |  7793 |     - |   184M |   0 | 535 |1917 |1592 |  24 | 15 | 353 |   0 | 8.332080e-01 | 8.772395e-01 |   5.28%| unknown
 24.4s|     1 |     0 |  7797 |     - |   184M |   0 | 535 |1920 |1593 |  25 | 16 | 358 |   0 | 8.332080e-01 | 8.772395e-01 |   5.28%| unknown
 24.4s|     1 |     0 |  7799 |     - |   184M |   0 | 535 |1920 |1594 |  26 | 17 | 364 |   0 | 8.332080e-01 | 8.772395e-01 |   5.28%| unknown
 24.4s|     1 |     0 |  7846 |     - |   184M |   0 | 535 |1921 |1595 |  27 | 18 | 365 |   0 | 8.332080e-01 | 8.772395e-01 |   5.28%| unknown
 24.4s|     1 |     0 |  7854 |     - |   184M |   0 | 535 |1925 |1590 |  28 | 19 | 371 |   0 | 8.332080e-01 | 8.772395e-01 |   5.28%| unknown
 24.5s|     1 |     0 |  7882 |     - |   185M |   0 | 535 |1934 |1591 |  29 | 20 | 381 |   0 | 8.332319e-01 | 8.772395e-01 |   5.28%| unknown
 24.5s|     1 |     0 |  7908 |     - |   185M |   0 | 535 |1927 |1592 |  30 | 21 | 381 |   0 | 8.332415e-01 | 8.772395e-01 |   5.28%| unknown
 24.5s|     1 |     0 |  7916 |     - |   185M |   0 | 535 |1933 |1595 |  33 | 22 | 388 |   0 | 8.332415e-01 | 8.772395e-01 |   5.28%| unknown
d24.5s|     1 |     0 |  7999 |     - |conflict|   0 | 535 |1940 |1595 |   0 | 22 | 398 |   0 | 8.332415e-01 | 8.640033e-01 |   3.69%| unknown
 24.5s|     1 |     0 |  7999 |     - |   185M |   0 | 535 |1940 |1595 |  33 | 22 | 398 |   0 | 8.332415e-01 | 8.640033e-01 |   3.69%| unknown
 24.6s|     1 |     0 |  7999 |     - |   185M |   0 | 535 |1948 |1573 |  33 | 22 | 406 |   0 | 8.332415e-01 | 8.640033e-01 |   3.69%| unknown
 24.6s|     1 |     0 |  7999 |     - |   185M |   0 | 535 |1939 |1569 |  33 | 23 | 406 |   0 | 8.332415e-01 | 8.640033e-01 |   3.69%| unknown
 24.6s|     1 |     0 |  7999 |     - |   185M |   0 | 535 |1901 |1569 |  33 | 23 | 406 |   0 | 8.332415e-01 | 8.640033e-01 |   3.69%| unknown
(run 6, node 1) restarting after 64 global fixings of integer variables

(restart) converted 24 cuts from the global cut pool into linear constraints

presolving:
(round 1, fast)       65 del vars, 150 del conss, 0 add conss, 0 chg bounds, 0 chg sides, 450 chg coeffs, 0 upgd conss, 0 impls, 1805 clqs, 0 implints
(round 2, exhaustive) 65 del vars, 150 del conss, 0 add conss, 1 chg bounds, 0 chg sides, 450 chg coeffs, 6 upgd conss, 0 impls, 1805 clqs, 0 implints
(round 3, exhaustive) 65 del vars, 157 del conss, 0 add conss, 1 chg bounds, 0 chg sides, 481 chg coeffs, 6 upgd conss, 0 impls, 1805 clqs, 0 implints
presolving (4 rounds: 4 fast, 3 medium, 3 exhaustive):
 65 deleted vars, 157 deleted constraints, 0 added constraints, 1 tightened bounds, 0 added holes, 0 changed sides, 483 changed coefficients
 0 implications, 1805 cliques, 0 implied integral variables (0 bin, 0 int, 0 cont)
presolved problem has 470 variables (469 bin, 0 int, 1 cont) and 1768 constraints
     47 constraints of type <knapsack>
     83 constraints of type <setppc>
    219 constraints of type <linear>
   1419 constraints of type <logicor>
Presolving Time: 0.41
transformed 4/7 original solutions to the transformed problem space

 time | node  | left  |LP iter|LP it/n|mem/heur|mdpt |vars |cons |rows |cuts |sepa|confs|strbr|  dualbound   | primalbound  |  gap   | compl. 
 24.7s|     1 |     0 |  8499 |     - |   176M |   0 | 470 |1768 |1537 |   0 |  0 | 406 |   0 | 8.332415e-01 | 8.640033e-01 |   3.69%| unknown
 24.9s|     1 |     0 |  8506 |     - |   177M |   0 | 470 |1772 |1540 |   3 |  1 | 410 |   0 | 8.332415e-01 | 8.640033e-01 |   3.69%| unknown
 25.1s|     1 |     0 |  8521 |     - |   177M |   0 | 470 |1773 |1541 |   4 |  2 | 411 |   0 | 8.332415e-01 | 8.640033e-01 |   3.69%| unknown
 25.3s|     1 |     0 |  8533 |     - |   177M |   0 | 470 |1775 |1544 |   7 |  3 | 413 |   0 | 8.332415e-01 | 8.640033e-01 |   3.69%| unknown
 25.5s|     1 |     0 |  8539 |     - |   177M |   0 | 470 |1777 |1546 |   9 |  4 | 415 |   0 | 8.332415e-01 | 8.640033e-01 |   3.69%| unknown
 25.7s|     1 |     0 |  8547 |     - |   177M |   0 | 470 |1782 |1548 |  11 |  5 | 420 |   0 | 8.332415e-01 | 8.640033e-01 |   3.69%| unknown
 26.0s|     1 |     0 |  8564 |     - |   177M |   0 | 470 |1785 |1550 |  13 |  6 | 423 |   0 | 8.332415e-01 | 8.640033e-01 |   3.69%| unknown
 26.2s|     1 |     0 |  8585 |     - |   178M |   0 | 470 |1795 |1552 |  15 |  7 | 433 |   0 | 8.332415e-01 | 8.640033e-01 |   3.69%| unknown
 26.4s|     1 |     0 |  8594 |     - |   179M |   0 | 470 |1804 |1555 |  18 |  8 | 442 |   0 | 8.332415e-01 | 8.640033e-01 |   3.69%| unknown
 26.6s|     1 |     0 |  8605 |     - |   179M |   0 | 470 |1813 |1556 |  19 |  9 | 451 |   0 | 8.332415e-01 | 8.640033e-01 |   3.69%| unknown
 26.8s|     1 |     0 |  8632 |     - |   179M |   0 | 470 |1817 |1558 |  21 | 10 | 455 |   0 | 8.332416e-01 | 8.640033e-01 |   3.69%| unknown
 27.1s|     1 |     2 |  9309 |     - |   179M |   0 | 470 |1838 |1558 |  21 | 11 | 483 |  21 | 8.332416e-01 | 8.640033e-01 |   3.69%| unknown
*30.9s|    84 |    13 | 13508 |  89.8 |strongbr|  10 | 470 |2260 |1401 |  64 |  3 |1159 | 951 | 8.341809e-01 | 8.638508e-01 |   3.56%|  14.11%
 31.5s|   100 |    17 | 14157 |  82.3 |   181M |  10 | 470 |2368 |1401 |  64 |  2 |1301 |1177 | 8.343071e-01 | 8.638508e-01 |   3.54%|  19.90%
*31.6s|   109 |    14 | 14353 |  77.5 |    LP  |  10 | 470 |2401 |1411 |  80 |  4 |1336 |1194 | 8.343071e-01 | 8.594231e-01 |   3.01%|  20.15%
 time | node  | left  |LP iter|LP it/n|mem/heur|mdpt |vars |cons |rows |cuts |sepa|confs|strbr|  dualbound   | primalbound  |  gap   | compl. 
*33.9s|   158 |    11 | 16921 |  70.0 |strongbr|  10 | 470 |2464 |1403 | 119 |  7 |1603 |1591 | 8.388764e-01 | 8.576435e-01 |   2.24%|  51.96%
 35.0s|   200 |     7 | 18406 |  62.9 |   186M |  10 | 470 |2540 |1403 | 154 |  1 |1776 |1770 | 8.422648e-01 | 8.576435e-01 |   1.83%|  78.15%

SCIP Status        : problem is solved [optimal solution found]
Solving Time (sec) : 35.61
Solving Nodes      : 249 (total of 255 nodes in 7 runs)
Primal Bound       : +8.57643543709177e-01 (13 solutions)
Dual Bound         : +8.57643543709177e-01
Gap                : 0.00 %
objective value:                    0.857643543709177
x_('12_5', '13_1')                                  1 	(obj:0.0148876553774095)
x_('11_17', '12_5')                                 1 	(obj:0.0117710040983607)
x_('10_31', '11_17')                                1 	(obj:0.0129323504364488)
x_('9_42', '10_31')                                 1 	(obj:0.0305357142857143)
x_('8_45', '9_42')                                  1 	(obj:0.0203600702576112)
x_('7_37', '8_45')                                  1 	(obj:0.0219720799180328)
x_('6_35', '7_37')                                  1 	(obj:0.0241071428571429)
x_('5_25', '6_35')                                  1 	(obj:0.021056206088993)
x_('4_21', '5_25')                                  1 	(obj:0.0208048594847775)
x_('3_18', '4_21')                                  1 	(obj:0.0521221457845433)
x_('2_14', '3_18')                                  1 	(obj:0.0557230679156909)
x_('1_10', '2_14')                                  1 	(obj:0.0792400468384075)
x_('0_1', '1_10')                                   1 	(obj:0.0160714285714286)
y_0_0                                               1 	(obj:0)
y_1_0                                               1 	(obj:0)
y_2_0                                               1 	(obj:0)
y_3_0                                               1 	(obj:0)
y_4_1                                               1 	(obj:0)
y_5_1                                               1 	(obj:0)
y_6_1                                               1 	(obj:0)
y_7_1                                               1 	(obj:0)
y_8_1                                               1 	(obj:0)
y_9_2                                               1 	(obj:0)
y_10_2                                              1 	(obj:0)
y_11_2                                              1 	(obj:0)
y_12_2                                              1 	(obj:0)
z_('3268741', '3425762')_1                          1 	(obj:0)
z_('3268741', '1966592X')_1                         1 	(obj:0)
z_('1966592X', '3452192')_0                         1 	(obj:0)
z_('3452192', '1353870')_0                          1 	(obj:0)
z_('3452192', '3520162')_0                          1 	(obj:0)
z_('3520162', '3307092')_1                          1 	(obj:0)
z_('3520162', '3524054')_0                          1 	(obj:0)
z_('3268740', '3524054')_1                          1 	(obj:0)
z_('3524054', '3179975')_1                          1 	(obj:0)
z_('3179975', '3422998')_2                          1 	(obj:0)
z_('3422998', '2495223X')_2                         1 	(obj:0)
z_('3422998', '1353870_01')_2                       1 	(obj:0)
z_('2495223X', '2245784X')_2                        1 	(obj:0)
alpha                                4.50072289156626 	(obj:0.105774068580558)
  obj=0.858  alpha=747.1s  time=35.70s

k = 1
  Subgraph edges — edge_w: 13 (1.2%)  bal_w: 13 (1.2%)  combined: 26 (2.4%)  blended: 13 (1.2%)  blended_union: 37 (3.3%)  diverse: 13 (1.2%)
  [3a] Subgraph / edge_w   k=1 …
2026-07-01 18:29:24.714 | INFO     | pycaalp.time_balancing.model:run_mip:430 - Running MIP solver ...
      obj=0.879 (vs_full=+2.55%)  alpha=792.0s  build=0.002s solve=0.050s  vs_full=+6.01%
  [3b] Subgraph / bal_w    k=1 …
2026-07-01 18:29:24.764 | INFO     | pycaalp.time_balancing.model:run_mip:430 - Running MIP solver ...
      obj=0.989 (vs_full=+15.37%)  alpha=731.8s  build=0.001s solve=0.029s  vs_full=-2.05%
  [3c] Subgraph / combined k=1 …
2026-07-01 18:29:24.794 | INFO     | pycaalp.time_balancing.model:run_mip:430 - Running MIP solver ...
      obj=0.879 (vs_full=+2.55%)  alpha=792.0s  build=0.002s solve=0.141s  vs_full=+6.01%
  [3d] Subgraph / blended  k=1 …
2026-07-01 18:29:24.935 | INFO     | pycaalp.time_balancing.model:run_mip:430 - Running MIP solver ...
      obj=0.868 (vs_full=+1.18%)  alpha=747.1s  build=0.001s solve=0.015s  vs_full=+0.00%
  [3e] Subgraph / bl-union k=1 …
2026-07-01 18:29:24.950 | INFO     | pycaalp.time_balancing.model:run_mip:430 - Running MIP solver ...
      obj=0.858 (vs_full=+0.09%)  alpha=747.1s  build=0.012s solve=0.557s  vs_full=+0.00%
  [3f] Subgraph / diverse  k=1 …
2026-07-01 18:29:25.507 | INFO     | pycaalp.time_balancing.model:run_mip:430 - Running MIP solver ...
      obj=0.868 (vs_full=+1.18%)  alpha=747.1s  build=0.007s solve=0.033s  vs_full=+0.00%

k = 2
  Subgraph edges — edge_w: 15 (1.4%)  bal_w: 15 (1.4%)  combined: 30 (2.7%)  blended: 15 (1.4%)  blended_union: 42 (3.8%)  diverse: 26 (2.4%)
  [3a] Subgraph / edge_w   k=2 …
2026-07-01 18:29:25.615 | INFO     | pycaalp.time_balancing.model:run_mip:430 - Running MIP solver ...
      obj=0.877 (vs_full=+2.28%)  alpha=788.3s  build=0.007s solve=0.186s  vs_full=+5.52%
  [3b] Subgraph / bal_w    k=2 …
2026-07-01 18:29:25.801 | INFO     | pycaalp.time_balancing.model:run_mip:430 - Running MIP solver ...
      obj=0.985 (vs_full=+14.86%)  alpha=731.8s  build=0.005s solve=0.137s  vs_full=-2.05%
  [3c] Subgraph / combined k=2 …
2026-07-01 18:29:25.938 | INFO     | pycaalp.time_balancing.model:run_mip:430 - Running MIP solver ...
      obj=0.877 (vs_full=+2.28%)  alpha=788.3s  build=0.009s solve=0.209s  vs_full=+5.52%
  [3d] Subgraph / blended  k=2 …
2026-07-01 18:29:26.148 | INFO     | pycaalp.time_balancing.model:run_mip:430 - Running MIP solver ...
      obj=0.868 (vs_full=+1.18%)  alpha=747.1s  build=0.004s solve=0.063s  vs_full=+0.00%
  [3e] Subgraph / bl-union k=2 …
2026-07-01 18:29:26.211 | INFO     | pycaalp.time_balancing.model:run_mip:430 - Running MIP solver ...
      obj=0.858 (vs_full=+0.09%)  alpha=747.1s  build=0.035s solve=0.601s  vs_full=+0.00%
  [3f] Subgraph / diverse  k=2 …
2026-07-01 18:29:26.813 | INFO     | pycaalp.time_balancing.model:run_mip:430 - Running MIP solver ...
      obj=0.868 (vs_full=+1.18%)  alpha=747.1s  build=0.012s solve=0.423s  vs_full=+0.00%

k = 5
  Subgraph edges — edge_w: 21 (1.9%)  bal_w: 44 (4.0%)  combined: 65 (5.9%)  blended: 21 (1.9%)  blended_union: 60 (5.4%)  diverse: 65 (5.9%)
  [3a] Subgraph / edge_w   k=5 …
2026-07-01 18:29:27.402 | INFO     | pycaalp.time_balancing.model:run_mip:430 - Running MIP solver ...
      obj=0.877 (vs_full=+2.28%)  alpha=788.3s  build=0.023s solve=0.110s  vs_full=+5.52%
  [3b] Subgraph / bal_w    k=5 …
2026-07-01 18:29:27.513 | INFO     | pycaalp.time_balancing.model:run_mip:430 - Running MIP solver ...
      obj=0.985 (vs_full=+14.86%)  alpha=731.8s  build=0.020s solve=0.246s  vs_full=-2.05%
  [3c] Subgraph / combined k=5 …
2026-07-01 18:29:27.759 | INFO     | pycaalp.time_balancing.model:run_mip:430 - Running MIP solver ...
      obj=0.877 (vs_full=+2.28%)  alpha=788.3s  build=0.030s solve=0.533s  vs_full=+5.52%
  [3d] Subgraph / blended  k=5 …
2026-07-01 18:29:28.292 | INFO     | pycaalp.time_balancing.model:run_mip:430 - Running MIP solver ...
      obj=0.868 (vs_full=+1.18%)  alpha=747.1s  build=0.020s solve=0.127s  vs_full=+0.00%
  [3e] Subgraph / bl-union k=5 …
2026-07-01 18:29:28.419 | INFO     | pycaalp.time_balancing.model:run_mip:430 - Running MIP solver ...
      obj=0.858 (vs_full=+0.09%)  alpha=747.1s  build=0.068s solve=1.141s  vs_full=+0.00%
  [3f] Subgraph / diverse  k=5 …
2026-07-01 18:29:29.560 | INFO     | pycaalp.time_balancing.model:run_mip:430 - Running MIP solver ...
      obj=0.868 (vs_full=+1.18%)  alpha=747.1s  build=0.006s solve=0.279s  vs_full=+0.00%

k = 10
  Subgraph edges — edge_w: 24 (2.2%)  bal_w: 57 (5.2%)  combined: 81 (7.3%)  blended: 26 (2.4%)  blended_union: 75 (6.8%)  diverse: 126 (11.4%)
  [3a] Subgraph / edge_w   k=10 …
2026-07-01 18:29:30.211 | INFO     | pycaalp.time_balancing.model:run_mip:430 - Running MIP solver ...
      obj=0.877 (vs_full=+2.28%)  alpha=788.3s  build=0.027s solve=0.235s  vs_full=+5.52%
  [3b] Subgraph / bal_w    k=10 …
2026-07-01 18:29:30.447 | INFO     | pycaalp.time_balancing.model:run_mip:430 - Running MIP solver ...
      obj=0.984 (vs_full=+14.77%)  alpha=731.8s  build=0.060s solve=0.391s  vs_full=-2.05%
  [3c] Subgraph / combined k=10 …
2026-07-01 18:29:30.838 | INFO     | pycaalp.time_balancing.model:run_mip:430 - Running MIP solver ...
      obj=0.877 (vs_full=+2.28%)  alpha=788.3s  build=0.098s solve=0.524s  vs_full=+5.52%
  [3d] Subgraph / blended  k=10 …
2026-07-01 18:29:31.362 | INFO     | pycaalp.time_balancing.model:run_mip:430 - Running MIP solver ...
      obj=0.868 (vs_full=+1.18%)  alpha=747.1s  build=0.032s solve=0.254s  vs_full=+0.00%
  [3e] Subgraph / bl-union k=10 …
2026-07-01 18:29:31.615 | INFO     | pycaalp.time_balancing.model:run_mip:430 - Running MIP solver ...
      obj=0.858 (vs_full=+0.09%)  alpha=747.1s  build=0.145s solve=0.351s  vs_full=+0.00%
  [3f] Subgraph / diverse  k=10 …
2026-07-01 18:29:31.966 | INFO     | pycaalp.time_balancing.model:run_mip:430 - Running MIP solver ...
      obj=0.868 (vs_full=+1.18%)  alpha=747.1s  build=0.010s solve=0.607s  vs_full=+0.00%

k = 20
  Subgraph edges — edge_w: 35 (3.2%)  bal_w: 73 (6.6%)  combined: 107 (9.7%)  blended: 33 (3.0%)  blended_union: 93 (8.4%)  diverse: 239 (21.6%)
  [3a] Subgraph / edge_w   k=20 …
2026-07-01 18:29:34.008 | INFO     | pycaalp.time_balancing.model:run_mip:430 - Running MIP solver ...
      obj=0.877 (vs_full=+2.28%)  alpha=788.3s  build=0.107s solve=1.084s  vs_full=+5.52%
  [3b] Subgraph / bal_w    k=20 …
2026-07-01 18:29:35.092 | INFO     | pycaalp.time_balancing.model:run_mip:430 - Running MIP solver ...
      obj=0.952 (vs_full=+10.98%)  alpha=754.4s  build=0.076s solve=0.970s  vs_full=+0.98%
  [3c] Subgraph / combined k=20 …
2026-07-01 18:29:36.063 | INFO     | pycaalp.time_balancing.model:run_mip:430 - Running MIP solver ...
      obj=0.877 (vs_full=+2.28%)  alpha=788.3s  build=0.194s solve=0.565s  vs_full=+5.52%
  [3d] Subgraph / blended  k=20 …
2026-07-01 18:29:36.628 | INFO     | pycaalp.time_balancing.model:run_mip:430 - Running MIP solver ...
      obj=0.868 (vs_full=+1.18%)  alpha=747.1s  build=0.076s solve=0.127s  vs_full=+0.00%
  [3e] Subgraph / bl-union k=20 …
2026-07-01 18:29:36.755 | INFO     | pycaalp.time_balancing.model:run_mip:430 - Running MIP solver ...
      obj=0.858 (vs_full=+0.09%)  alpha=747.1s  build=0.854s solve=0.752s  vs_full=+0.00%
  [3f] Subgraph / diverse  k=20 …
2026-07-01 18:29:37.507 | INFO     | pycaalp.time_balancing.model:run_mip:430 - Running MIP solver ...
      obj=0.864 (vs_full=+0.74%)  alpha=747.1s  build=0.127s solve=0.706s  vs_full=+0.00%

k = 50
  Subgraph edges — edge_w: 54 (4.9%)  bal_w: 141 (12.8%)  combined: 190 (17.2%)  blended: 56 (5.1%)  blended_union: 146 (13.2%)  diverse: 511 (46.2%)
  [3a] Subgraph / edge_w   k=50 …
2026-07-01 18:29:39.950 | INFO     | pycaalp.time_balancing.model:run_mip:430 - Running MIP solver ...
      obj=0.874 (vs_full=+1.85%)  alpha=780.8s  build=0.191s solve=0.609s  vs_full=+4.51%
  [3b] Subgraph / bal_w    k=50 …
2026-07-01 18:29:40.559 | INFO     | pycaalp.time_balancing.model:run_mip:430 - Running MIP solver ...
      obj=0.944 (vs_full=+10.12%)  alpha=731.8s  build=0.252s solve=1.382s  vs_full=-2.05%
  [3c] Subgraph / combined k=50 …
2026-07-01 18:29:41.941 | INFO     | pycaalp.time_balancing.model:run_mip:430 - Running MIP solver ...
      obj=0.874 (vs_full=+1.85%)  alpha=780.8s  build=0.450s solve=1.679s  vs_full=+4.51%
  [3d] Subgraph / blended  k=50 …
2026-07-01 18:29:43.620 | INFO     | pycaalp.time_balancing.model:run_mip:430 - Running MIP solver ...
      obj=0.868 (vs_full=+1.18%)  alpha=747.1s  build=0.246s solve=0.319s  vs_full=+0.00%
  [3e] Subgraph / bl-union k=50 …
2026-07-01 18:29:43.939 | INFO     | pycaalp.time_balancing.model:run_mip:430 - Running MIP solver ...
      obj=0.858 (vs_full=+0.09%)  alpha=747.1s  build=0.545s solve=0.886s  vs_full=+0.00%
  [3f] Subgraph / diverse  k=50 …
2026-07-01 18:29:44.825 | INFO     | pycaalp.time_balancing.model:run_mip:430 - Running MIP solver ...
      obj=0.860 (vs_full=+0.29%)  alpha=747.1s  build=0.052s solve=4.538s  vs_full=+0.00%

k = 100
  Subgraph edges — edge_w: 78 (7.1%)  bal_w: 189 (17.1%)  combined: 257 (23.3%)  blended: 63 (5.7%)  blended_union: 190 (17.2%)  diverse: 746 (67.5%)
  [3a] Subgraph / edge_w   k=100 …
2026-07-01 18:29:52.461 | INFO     | pycaalp.time_balancing.model:run_mip:430 - Running MIP solver ...
      obj=0.874 (vs_full=+1.85%)  alpha=780.8s  build=0.308s solve=0.363s  vs_full=+4.51%
  [3b] Subgraph / bal_w    k=100 …
2026-07-01 18:29:52.824 | INFO     | pycaalp.time_balancing.model:run_mip:430 - Running MIP solver ...
      obj=0.944 (vs_full=+10.12%)  alpha=731.8s  build=0.433s solve=2.782s  vs_full=-2.05%
  [3c] Subgraph / combined k=100 …
2026-07-01 18:29:55.606 | INFO     | pycaalp.time_balancing.model:run_mip:430 - Running MIP solver ...
      obj=0.874 (vs_full=+1.85%)  alpha=780.8s  build=0.776s solve=3.019s  vs_full=+4.51%
  [3d] Subgraph / blended  k=100 …
2026-07-01 18:29:58.625 | INFO     | pycaalp.time_balancing.model:run_mip:430 - Running MIP solver ...
      obj=0.868 (vs_full=+1.18%)  alpha=747.1s  build=0.415s solve=0.385s  vs_full=+0.00%
  [3e] Subgraph / bl-union k=100 …
2026-07-01 18:29:59.010 | INFO     | pycaalp.time_balancing.model:run_mip:430 - Running MIP solver ...
      obj=0.858 (vs_full=+0.09%)  alpha=747.1s  build=1.061s solve=1.094s  vs_full=+0.00%
  [3f] Subgraph / diverse  k=100 …
2026-07-01 18:30:00.104 | INFO     | pycaalp.time_balancing.model:run_mip:430 - Running MIP solver ...
      obj=0.860 (vs_full=+0.29%)  alpha=747.1s  build=0.105s solve=15.184s  vs_full=+0.00%

k = 200
  Subgraph edges — edge_w: 95 (8.6%)  bal_w: 258 (23.3%)  combined: 339 (30.7%)  blended: 64 (5.8%)  blended_union: 203 (18.4%)  diverse: 912 (82.5%)
  [3a] Subgraph / edge_w   k=200 …
2026-07-01 18:30:21.217 | INFO     | pycaalp.time_balancing.model:run_mip:430 - Running MIP solver ...
      obj=0.874 (vs_full=+1.85%)  alpha=780.8s  build=0.591s solve=0.379s  vs_full=+4.51%
  [3b] Subgraph / bal_w    k=200 …
2026-07-01 18:30:21.597 | INFO     | pycaalp.time_balancing.model:run_mip:430 - Running MIP solver ...
      obj=0.936 (vs_full=+9.20%)  alpha=747.1s  build=0.778s solve=2.871s  vs_full=+0.00%
  [3c] Subgraph / combined k=200 …
2026-07-01 18:30:24.468 | INFO     | pycaalp.time_balancing.model:run_mip:430 - Running MIP solver ...
      obj=0.865 (vs_full=+0.89%)  alpha=747.1s  build=1.471s solve=1.706s  vs_full=+0.00%
  [3d] Subgraph / blended  k=200 …
2026-07-01 18:30:26.174 | INFO     | pycaalp.time_balancing.model:run_mip:430 - Running MIP solver ...
      obj=0.868 (vs_full=+1.18%)  alpha=747.1s  build=0.787s solve=0.390s  vs_full=+0.00%
  [3e] Subgraph / bl-union k=200 …
2026-07-01 18:30:26.564 | INFO     | pycaalp.time_balancing.model:run_mip:430 - Running MIP solver ...
      obj=0.858 (vs_full=+0.09%)  alpha=747.1s  build=2.121s solve=1.278s  vs_full=+0.00%
  [3f] Subgraph / diverse  k=200 …
2026-07-01 18:30:27.842 | INFO     | pycaalp.time_balancing.model:run_mip:430 - Running MIP solver ...
      obj=0.858 (vs_full=+0.00%)  alpha=747.1s  build=0.181s solve=21.549s  vs_full=+0.00%

k = 500
  Subgraph edges — edge_w: 108 (9.8%)  bal_w: 399 (36.1%)  combined: 459 (41.5%)  blended: 70 (6.3%)  blended_union: 247 (22.4%)  diverse: 1043 (94.4%)
  [3a] Subgraph / edge_w   k=500 …
2026-07-01 18:31:04.351 | INFO     | pycaalp.time_balancing.model:run_mip:430 - Running MIP solver ...
      obj=0.874 (vs_full=+1.85%)  alpha=780.8s  build=1.617s solve=0.700s  vs_full=+4.51%
  [3b] Subgraph / bal_w    k=500 …
2026-07-01 18:31:05.051 | INFO     | pycaalp.time_balancing.model:run_mip:430 - Running MIP solver ...
      obj=0.929 (vs_full=+8.35%)  alpha=731.8s  build=1.902s solve=5.849s  vs_full=-2.05%
  [3c] Subgraph / combined k=500 …
2026-07-01 18:31:10.900 | INFO     | pycaalp.time_balancing.model:run_mip:430 - Running MIP solver ...
      obj=0.865 (vs_full=+0.89%)  alpha=747.1s  build=3.596s solve=4.103s  vs_full=+0.00%
  [3d] Subgraph / blended  k=500 …
2026-07-01 18:31:15.004 | INFO     | pycaalp.time_balancing.model:run_mip:430 - Running MIP solver ...
      obj=0.868 (vs_full=+1.18%)  alpha=747.1s  build=2.050s solve=0.636s  vs_full=+0.00%
  [3e] Subgraph / bl-union k=500 …
2026-07-01 18:31:15.640 | INFO     | pycaalp.time_balancing.model:run_mip:430 - Running MIP solver ...
      obj=0.858 (vs_full=+0.09%)  alpha=747.1s  build=5.289s solve=2.383s  vs_full=+0.00%
  [3f] Subgraph / diverse  k=500 …
2026-07-01 18:31:18.023 | INFO     | pycaalp.time_balancing.model:run_mip:430 - Running MIP solver ...
      obj=0.858 (vs_full=+0.00%)  alpha=747.1s  build=0.506s solve=43.749s  vs_full=+0.00%

k = 1000
  Subgraph edges — edge_w: 142 (12.9%)  bal_w: 500 (45.2%)  combined: 578 (52.3%)  blended: 148 (13.4%)  blended_union: 284 (25.7%)  diverse: 1102 (99.7%)
  [3a] Subgraph / edge_w   k=1000 …
2026-07-01 18:32:34.290 | INFO     | pycaalp.time_balancing.model:run_mip:430 - Running MIP solver ...
      obj=0.858 (vs_full=+0.00%)  alpha=747.1s  build=3.146s solve=0.793s  vs_full=+0.00%
  [3b] Subgraph / bal_w    k=1000 …
2026-07-01 18:32:35.083 | INFO     | pycaalp.time_balancing.model:run_mip:430 - Running MIP solver ...
      obj=0.929 (vs_full=+8.35%)  alpha=731.8s  build=4.031s solve=8.590s  vs_full=-2.05%
  [3c] Subgraph / combined k=1000 …
2026-07-01 18:32:43.673 | INFO     | pycaalp.time_balancing.model:run_mip:430 - Running MIP solver ...
      obj=0.858 (vs_full=+0.00%)  alpha=747.1s  build=7.476s solve=8.606s  vs_full=+0.00%
  [3d] Subgraph / blended  k=1000 …
2026-07-01 18:32:52.279 | INFO     | pycaalp.time_balancing.model:run_mip:430 - Running MIP solver ...
      obj=0.864 (vs_full=+0.72%)  alpha=747.1s  build=4.273s solve=0.691s  vs_full=+0.00%
  [3e] Subgraph / bl-union k=1000 …
2026-07-01 18:32:52.970 | INFO     | pycaalp.time_balancing.model:run_mip:430 - Running MIP solver ...
      obj=0.858 (vs_full=+0.00%)  alpha=747.1s  build=12.538s solve=2.262s  vs_full=+0.00%
  [3f] Subgraph / diverse  k=1000 …
2026-07-01 18:32:55.232 | INFO     | pycaalp.time_balancing.model:run_mip:430 - Running MIP solver ...
      obj=0.858 (vs_full=+0.00%)  alpha=747.1s  build=1.052s solve=54.222s  vs_full=+0.00%

k = 2000
  Subgraph edges — edge_w: 185 (16.7%)  bal_w: 630 (57.0%)  combined: 685 (62.0%)  blended: 180 (16.3%)  blended_union: 335 (30.3%)  diverse: 1105 (100.0%)
  [3a] Subgraph / edge_w   k=2000 …
2026-07-01 18:35:02.471 | INFO     | pycaalp.time_balancing.model:run_mip:430 - Running MIP solver ...
      obj=0.858 (vs_full=+0.00%)  alpha=747.1s  build=8.026s solve=1.764s  vs_full=+0.00%
  [3b] Subgraph / bal_w    k=2000 …
2026-07-01 18:35:04.235 | INFO     | pycaalp.time_balancing.model:run_mip:430 - Running MIP solver ...
      obj=0.929 (vs_full=+8.33%)  alpha=731.8s  build=8.257s solve=14.732s  vs_full=-2.05%
  [3c] Subgraph / combined k=2000 …
2026-07-01 18:35:18.967 | INFO     | pycaalp.time_balancing.model:run_mip:430 - Running MIP solver ...
      obj=0.858 (vs_full=+0.00%)  alpha=747.1s  build=16.627s solve=11.144s  vs_full=+0.00%
  [3d] Subgraph / blended  k=2000 …
2026-07-01 18:35:30.111 | INFO     | pycaalp.time_balancing.model:run_mip:430 - Running MIP solver ...
      obj=0.864 (vs_full=+0.72%)  alpha=747.1s  build=11.035s solve=0.752s  vs_full=+0.00%
  [3e] Subgraph / bl-union k=2000 …
2026-07-01 18:35:30.863 | INFO     | pycaalp.time_balancing.model:run_mip:430 - Running MIP solver ...
      obj=0.858 (vs_full=+0.00%)  alpha=747.1s  build=26.626s solve=3.544s  vs_full=+0.00%
  [3f] Subgraph / diverse  k=2000 …
2026-07-01 18:35:34.407 | INFO     | pycaalp.time_balancing.model:run_mip:430 - Running MIP solver ...
      obj=0.858 (vs_full=+0.00%)  alpha=747.1s  build=2.445s solve=31.307s  vs_full=+0.00%

k = 5000
  Subgraph edges — edge_w: 232 (21.0%)  bal_w: 799 (72.3%)  combined: 830 (75.1%)  blended: 230 (20.8%)  blended_union: 355 (32.1%)  diverse: 1105 (100.0%)
  [3a] Subgraph / edge_w   k=5000 …
2026-07-01 18:40:32.350 | INFO     | pycaalp.time_balancing.model:run_mip:430 - Running MIP solver ...
      obj=0.858 (vs_full=+0.00%)  alpha=747.1s  build=31.986s solve=1.964s  vs_full=+0.00%
  [3b] Subgraph / bal_w    k=5000 …
2026-07-01 18:40:34.314 | INFO     | pycaalp.time_balancing.model:run_mip:430 - Running MIP solver ...
      obj=0.929 (vs_full=+8.30%)  alpha=747.1s  build=26.259s solve=37.411s  vs_full=+0.00%
  [3c] Subgraph / combined k=5000 …
2026-07-01 18:41:11.725 | INFO     | pycaalp.time_balancing.model:run_mip:430 - Running MIP solver ...
      obj=0.858 (vs_full=+0.00%)  alpha=747.1s  build=60.940s solve=19.969s  vs_full=+0.00%
  [3d] Subgraph / blended  k=5000 …
2026-07-01 18:41:31.695 | INFO     | pycaalp.time_balancing.model:run_mip:430 - Running MIP solver ...
      obj=0.859 (vs_full=+0.21%)  alpha=747.1s  build=41.909s solve=1.023s  vs_full=+0.00%
  [3e] Subgraph / bl-union k=5000 …
2026-07-01 18:41:32.717 | INFO     | pycaalp.time_balancing.model:run_mip:430 - Running MIP solver ...
      obj=0.858 (vs_full=+0.00%)  alpha=747.1s  build=100.731s solve=3.133s  vs_full=+0.00%
  [3f] Subgraph / diverse  k=5000 …
2026-07-01 18:41:35.851 | INFO     | pycaalp.time_balancing.model:run_mip:430 - Running MIP solver ...
      obj=0.858 (vs_full=+0.00%)  alpha=747.1s  build=4.810s solve=25.558s  vs_full=+0.00%

Results saved to experiments/strategy_comparison/assembly_1_np_3/strategy_comparison_lambda_0.55.csv
Plot with:  python -m experiments.strategy_comparison.plot_k_sensitivity

============================================================================================================================
SUMMARY — assembly_1  P=3  λ=0.55
============================================================================================================================
Strategy       Weight                      k   Build    Solve    Total  Spdup       Obj   ObjvsF     Alpha    AlvsF   Edges  %Grph
----------------------------------------------------------------------------------------------------------------------------
full_mip       —                               0.000   35.698   35.698   1.0x     0.858    +0.00    747.12    +0.00    1105  100.0
subgraph_mip   edge_weight                 1   0.002    0.050    0.051 697.3x     0.879    +2.55    792.00    +6.01      13    1.2
subgraph_mip   time_balanced_weight        1   0.001    0.029    0.030 1171.4x     0.989   +15.37    731.84    -2.05      13    1.2
subgraph_mip   combined                    1   0.002    0.141    0.143 249.7x     0.879    +2.55    792.00    +6.01      26    2.4
subgraph_mip   blended                     1   0.001    0.015    0.016 2237.9x     0.868    +1.18    747.12    +0.00      13    1.2
subgraph_mip   blended_union               1   0.012    0.557    0.568  62.8x     0.858    +0.09    747.12    +0.00      37    3.4
subgraph_mip   diverse                     1   0.007    0.033    0.041 878.5x     0.868    +1.18    747.12    +0.00      13    1.2
subgraph_mip   edge_weight                 2   0.007    0.186    0.193 184.7x     0.877    +2.28    788.33    +5.52      15    1.4
subgraph_mip   time_balanced_weight        2   0.005    0.137    0.142 250.6x     0.985   +14.86    731.84    -2.05      15    1.4
subgraph_mip   combined                    2   0.009    0.209    0.219 163.2x     0.877    +2.28    788.33    +5.52      30    2.7
subgraph_mip   blended                     2   0.004    0.063    0.068 526.8x     0.868    +1.18    747.12    +0.00      15    1.4
subgraph_mip   blended_union               2   0.035    0.601    0.636  56.1x     0.858    +0.09    747.12    +0.00      42    3.8
subgraph_mip   diverse                     2   0.012    0.423    0.435  82.0x     0.868    +1.18    747.12    +0.00      26    2.4
subgraph_mip   edge_weight                 5   0.023    0.110    0.133 268.0x     0.877    +2.28    788.33    +5.52      21    1.9
subgraph_mip   time_balanced_weight        5   0.020    0.246    0.266 134.1x     0.985   +14.86    731.84    -2.05      44    4.0
subgraph_mip   combined                    5   0.030    0.533    0.562  63.5x     0.877    +2.28    788.33    +5.52      65    5.9
subgraph_mip   blended                     5   0.020    0.127    0.147 242.7x     0.868    +1.18    747.12    +0.00      21    1.9
subgraph_mip   blended_union               5   0.068    1.141    1.209  29.5x     0.858    +0.09    747.12    +0.00      60    5.4
subgraph_mip   diverse                     5   0.006    0.279    0.286 125.0x     0.868    +1.18    747.12    +0.00      65    5.9
subgraph_mip   edge_weight                10   0.027    0.235    0.263 135.9x     0.877    +2.28    788.33    +5.52      24    2.2
subgraph_mip   time_balanced_weight       10   0.060    0.391    0.451  79.2x     0.984   +14.77    731.84    -2.05      57    5.2
subgraph_mip   combined                   10   0.098    0.524    0.622  57.4x     0.877    +2.28    788.33    +5.52      81    7.3
subgraph_mip   blended                    10   0.032    0.254    0.285 125.2x     0.868    +1.18    747.12    +0.00      26    2.4
subgraph_mip   blended_union              10   0.145    0.351    0.495  72.1x     0.858    +0.09    747.12    +0.00      75    6.8
subgraph_mip   diverse                    10   0.010    0.607    0.616  57.9x     0.868    +1.18    747.12    +0.00     126   11.4
subgraph_mip   edge_weight                20   0.107    1.084    1.191  30.0x     0.877    +2.28    788.33    +5.52      35    3.2
subgraph_mip   time_balanced_weight       20   0.076    0.970    1.047  34.1x     0.952   +10.98    754.42    +0.98      73    6.6
subgraph_mip   combined                   20   0.194    0.565    0.759  47.0x     0.877    +2.28    788.33    +5.52     107    9.7
subgraph_mip   blended                    20   0.076    0.127    0.203 176.1x     0.868    +1.18    747.12    +0.00      33    3.0
subgraph_mip   blended_union              20   0.854    0.752    1.607  22.2x     0.858    +0.09    747.12    +0.00      93    8.4
subgraph_mip   diverse                    20   0.127    0.706    0.833  42.8x     0.864    +0.74    747.12    +0.00     239   21.6
subgraph_mip   edge_weight                50   0.191    0.609    0.800  44.6x     0.874    +1.85    780.81    +4.51      54    4.9
subgraph_mip   time_balanced_weight       50   0.252    1.382    1.633  21.9x     0.944   +10.12    731.84    -2.05     141   12.8
subgraph_mip   combined                   50   0.450    1.679    2.129  16.8x     0.874    +1.85    780.81    +4.51     190   17.2
subgraph_mip   blended                    50   0.246    0.319    0.565  63.2x     0.868    +1.18    747.12    +0.00      56    5.1
subgraph_mip   blended_union              50   0.545    0.886    1.431  24.9x     0.858    +0.09    747.12    +0.00     146   13.2
subgraph_mip   diverse                    50   0.052    4.538    4.591   7.8x     0.860    +0.29    747.12    +0.00     511   46.2
subgraph_mip   edge_weight               100   0.308    0.363    0.671  53.2x     0.874    +1.85    780.81    +4.51      78    7.1
subgraph_mip   time_balanced_weight      100   0.433    2.782    3.215  11.1x     0.944   +10.12    731.84    -2.05     189   17.1
subgraph_mip   combined                  100   0.776    3.019    3.795   9.4x     0.874    +1.85    780.81    +4.51     257   23.3
subgraph_mip   blended                   100   0.415    0.385    0.800  44.6x     0.868    +1.18    747.12    +0.00      63    5.7
subgraph_mip   blended_union             100   1.061    1.094    2.155  16.6x     0.858    +0.09    747.12    +0.00     190   17.2
subgraph_mip   diverse                   100   0.105   15.184   15.288   2.3x     0.860    +0.29    747.12    +0.00     746   67.5
subgraph_mip   edge_weight               200   0.591    0.379    0.970  36.8x     0.874    +1.85    780.81    +4.51      95    8.6
subgraph_mip   time_balanced_weight      200   0.778    2.871    3.649   9.8x     0.936    +9.20    747.12    +0.00     258   23.4
subgraph_mip   combined                  200   1.471    1.706    3.177  11.2x     0.865    +0.89    747.12    +0.00     339   30.7
subgraph_mip   blended                   200   0.787    0.390    1.177  30.3x     0.868    +1.18    747.12    +0.00      64    5.8
subgraph_mip   blended_union             200   2.121    1.278    3.399  10.5x     0.858    +0.09    747.12    +0.00     203   18.4
subgraph_mip   diverse                   200   0.181   21.549   21.730   1.6x     0.858    +0.00    747.12    +0.00     912   82.5
subgraph_mip   edge_weight               500   1.617    0.700    2.318  15.4x     0.874    +1.85    780.81    +4.51     108    9.8
subgraph_mip   time_balanced_weight      500   1.902    5.849    7.751   4.6x     0.929    +8.35    731.84    -2.05     399   36.1
subgraph_mip   combined                  500   3.596    4.103    7.699   4.6x     0.865    +0.89    747.12    +0.00     459   41.5
subgraph_mip   blended                   500   2.050    0.636    2.686  13.3x     0.868    +1.18    747.12    +0.00      70    6.3
subgraph_mip   blended_union             500   5.289    2.383    7.671   4.7x     0.858    +0.09    747.12    +0.00     247   22.4
subgraph_mip   diverse                   500   0.506   43.749   44.255   0.8x     0.858    +0.00    747.12    +0.00    1043   94.4
subgraph_mip   edge_weight              1000   3.146    0.793    3.939   9.1x     0.858    +0.00    747.12    +0.00     142   12.8
subgraph_mip   time_balanced_weight     1000   4.031    8.590   12.621   2.8x     0.929    +8.35    731.84    -2.05     500   45.2
subgraph_mip   combined                 1000   7.476    8.606   16.082   2.2x     0.858    +0.00    747.12    +0.00     578   52.3
subgraph_mip   blended                  1000   4.273    0.691    4.964   7.2x     0.864    +0.72    747.12    +0.00     148   13.4
subgraph_mip   blended_union            1000  12.538    2.262   14.800   2.4x     0.858    +0.00    747.12    +0.00     284   25.7
subgraph_mip   diverse                  1000   1.052   54.222   55.275   0.7x     0.858    +0.00    747.12    +0.00    1102   99.7
subgraph_mip   edge_weight              2000   8.026    1.764    9.790   3.6x     0.858    +0.00    747.12    +0.00     185   16.7
subgraph_mip   time_balanced_weight     2000   8.257   14.732   22.989   1.6x     0.929    +8.33    731.84    -2.05     630   57.0
subgraph_mip   combined                 2000  16.627   11.144   27.771   1.3x     0.858    +0.00    747.12    +0.00     685   62.0
subgraph_mip   blended                  2000  11.035    0.752   11.787   3.0x     0.864    +0.72    747.12    +0.00     180   16.3
subgraph_mip   blended_union            2000  26.626    3.544   30.170   1.2x     0.858    +0.00    747.12    +0.00     335   30.3
subgraph_mip   diverse                  2000   2.445   31.307   33.751   1.1x     0.858    +0.00    747.12    +0.00    1105  100.0
subgraph_mip   edge_weight              5000  31.986    1.964   33.950   1.1x     0.858    +0.00    747.12    +0.00     232   21.0
subgraph_mip   time_balanced_weight     5000  26.259   37.411   63.670   0.6x     0.929    +8.30    747.12    +0.00     799   72.3
subgraph_mip   combined                 5000  60.940   19.969   80.909   0.4x     0.858    +0.00    747.12    +0.00     830   75.1
subgraph_mip   blended                  5000  41.909    1.023   42.932   0.8x     0.859    +0.21    747.12    +0.00     230   20.8
subgraph_mip   blended_union            5000 100.731    3.133  103.864   0.3x     0.858    +0.00    747.12    +0.00     355   32.1
subgraph_mip   diverse                  5000   4.810   25.558   30.368   1.2x     0.858    +0.00    747.12    +0.00    1105  100.0
============================================================================================================================

----------------- λ = 0.6 -----------------
========================================================================
Strategy Comparison Experiment — assembly_1  P=3  λ=0.6
========================================================================

Building assembly digraph …
2026-07-01 18:28:48.557 | INFO     | pycaalp.gapp.assembly_digraph:compute_assembly_digraph_complete:395 - Computing assembly digraph...
  343 nodes, 1105 edges  (0.3s)

[1] Full MIP  P=3  λ=0.6
2026-07-01 18:28:48.808 | INFO     | pycaalp.time_balancing.model:run_mip:430 - Running MIP solver ...
presolving:
(round 1, fast)       2 del vars, 2 del conss, 0 add conss, 0 chg bounds, 0 chg sides, 0 chg coeffs, 0 upgd conss, 0 impls, 69 clqs, 0 implints
(round 2, exhaustive) 2 del vars, 2 del conss, 0 add conss, 1 chg bounds, 0 chg sides, 0 chg coeffs, 3408 upgd conss, 0 impls, 69 clqs, 0 implints
   (0.3s) probing: 1000/1181 (84.7%) - 0 fixings, 0 aggregations, 131997 implications, 0 bound changes
   (0.3s) probing: 1001/1181 (84.8%) - 0 fixings, 0 aggregations, 132060 implications, 0 bound changes
   (0.3s) probing aborted: 1000/1000 successive useless probings
   (0.3s) symmetry computation started: requiring (bin +, int +, cont +), (fixed: bin -, int -, cont -)
   (0.3s) no symmetry present (symcode time: 0.00)
presolving (3 rounds: 3 fast, 2 medium, 2 exhaustive):
 2 deleted vars, 2 deleted constraints, 0 added constraints, 1 tightened bounds, 0 added holes, 0 changed sides, 0 changed coefficients
 0 implications, 12312 cliques, 0 implied integral variables (0 bin, 0 int, 0 cont)
presolved problem has 1182 variables (1181 bin, 0 int, 1 cont) and 3721 constraints
     69 constraints of type <setppc>
    313 constraints of type <linear>
   3339 constraints of type <logicor>
Presolving Time: 0.28

 time | node  | left  |LP iter|LP it/n|mem/heur|mdpt |vars |cons |rows |cuts |sepa|confs|strbr|  dualbound   | primalbound  |  gap   | compl. 
p 0.3s|     1 |     0 |     0 |     - | vbounds|   0 |1182 |3752 |3721 |   0 |  0 |  30 |   0 | 0.000000e+00 | 1.914653e+00 |    Inf | unknown
p 0.4s|     1 |     0 |    89 |     - | vbounds|   0 |1182 |3764 |3721 |   0 |  0 |  42 |   0 | 0.000000e+00 | 1.243449e+00 |    Inf | unknown
  0.4s|     1 |     0 |   381 |     - |    29M |   0 |1182 |3764 |3721 |   0 |  0 |  42 |   0 | 8.329273e-01 | 1.243449e+00 |  49.29%| unknown
  0.7s|     1 |     0 |   440 |     - |    31M |   0 |1182 |3765 |3724 |   3 |  1 |  43 |   0 | 8.329350e-01 | 1.243449e+00 |  49.29%| unknown
  1.1s|     1 |     0 |   470 |     - |    36M |   0 |1182 |3775 |3727 |   6 |  2 |  53 |   0 | 8.329444e-01 | 1.243449e+00 |  49.28%| unknown
  1.4s|     1 |     0 |   513 |     - |    44M |   0 |1182 |3776 |3728 |   7 |  3 |  54 |   0 | 8.330195e-01 | 1.243449e+00 |  49.27%| unknown
  1.8s|     1 |     0 |   524 |     - |    50M |   0 |1182 |3780 |3730 |   9 |  4 |  64 |   0 | 8.330195e-01 | 1.243449e+00 |  49.27%| unknown
  2.2s|     1 |     0 |   530 |     - |    57M |   0 |1182 |3782 |3731 |  10 |  5 |  66 |   0 | 8.330195e-01 | 1.243449e+00 |  49.27%| unknown
  2.6s|     1 |     0 |   543 |     - |    67M |   0 |1182 |3778 |3732 |  11 |  6 |  66 |   0 | 8.330195e-01 | 1.243449e+00 |  49.27%| unknown
  3.0s|     1 |     0 |   549 |     - |    72M |   0 |1182 |3780 |3734 |  13 |  7 |  68 |   0 | 8.330195e-01 | 1.243449e+00 |  49.27%| unknown
  3.3s|     1 |     0 |   559 |     - |    78M |   0 |1182 |3784 |3735 |  14 |  8 |  72 |   0 | 8.330195e-01 | 1.243449e+00 |  49.27%| unknown
  3.8s|     1 |     0 |   568 |     - |    86M |   0 |1182 |3791 |3738 |  17 |  9 |  81 |   0 | 8.330195e-01 | 1.243449e+00 |  49.27%| unknown
  4.1s|     1 |     0 |   585 |     - |    94M |   0 |1182 |3793 |3741 |  20 | 10 |  83 |   0 | 8.330195e-01 | 1.243449e+00 |  49.27%| unknown
  4.1s|     1 |     0 |   596 |     - |    95M |   0 |1182 |3801 |3743 |  22 | 11 |  93 |   0 | 8.330195e-01 | 1.243449e+00 |  49.27%| unknown
  4.1s|     1 |     0 |   598 |     - |    95M |   0 |1182 |3802 |3745 |  24 | 12 |  94 |   0 | 8.330195e-01 | 1.243449e+00 |  49.27%| unknown
 time | node  | left  |LP iter|LP it/n|mem/heur|mdpt |vars |cons |rows |cuts |sepa|confs|strbr|  dualbound   | primalbound  |  gap   | compl. 
d 4.2s|     1 |     0 |  1085 |     - |farkasdi|   0 |1182 |3806 |3745 |   0 | 12 |  99 |   0 | 8.330195e-01 | 9.230345e-01 |  10.81%| unknown
L 4.3s|     1 |     0 |  1582 |     - |    rens|   0 |1182 |3806 |3745 |  24 | 12 | 103 |   0 | 8.330195e-01 | 8.812469e-01 |   5.79%| unknown
  4.3s|     1 |     0 |  1582 |     - |    95M |   0 |1182 |3806 |3745 |  24 | 12 | 103 |   0 | 8.330195e-01 | 8.812469e-01 |   5.79%| unknown
  4.3s|     1 |     0 |  1582 |     - |    95M |   0 |1182 |3816 |3598 |  24 | 12 | 113 |   0 | 8.330195e-01 | 8.812469e-01 |   5.79%| unknown
  4.3s|     1 |     0 |  1620 |     - |    96M |   0 |1182 |3795 |3586 |  25 | 13 | 113 |   0 | 8.330201e-01 | 8.812469e-01 |   5.79%| unknown
  4.3s|     1 |     0 |  1623 |     - |    96M |   0 |1182 |3795 |3587 |  26 | 14 | 113 |   0 | 8.330201e-01 | 8.812469e-01 |   5.79%| unknown
  4.3s|     1 |     0 |  1623 |     - |    96M |   0 |1182 |3754 |3587 |  26 | 14 | 114 |   0 | 8.330201e-01 | 8.812469e-01 |   5.79%| unknown
  4.3s|     1 |     0 |  1627 |     - |    96M |   0 |1182 |3754 |3590 |  29 | 15 | 114 |   0 | 8.330202e-01 | 8.812469e-01 |   5.79%| unknown
(run 1, node 1) restarting after 103 global fixings of integer variables

(restart) converted 26 cuts from the global cut pool into linear constraints

presolving:
(round 1, fast)       106 del vars, 269 del conss, 0 add conss, 0 chg bounds, 0 chg sides, 122 chg coeffs, 0 upgd conss, 0 impls, 10624 clqs, 0 implints
(round 2, exhaustive) 106 del vars, 269 del conss, 0 add conss, 0 chg bounds, 0 chg sides, 122 chg coeffs, 33 upgd conss, 0 impls, 10624 clqs, 0 implints
(round 3, exhaustive) 106 del vars, 271 del conss, 0 add conss, 0 chg bounds, 0 chg sides, 176 chg coeffs, 33 upgd conss, 0 impls, 10625 clqs, 0 implints
presolving (4 rounds: 4 fast, 3 medium, 3 exhaustive):
 106 deleted vars, 271 deleted constraints, 0 added constraints, 0 tightened bounds, 0 added holes, 0 changed sides, 201 changed coefficients
 0 implications, 10625 cliques, 0 implied integral variables (0 bin, 0 int, 0 cont)
presolved problem has 1076 variables (1075 bin, 0 int, 1 cont) and 3510 constraints
      3 constraints of type <knapsack>
    105 constraints of type <setppc>
    293 constraints of type <linear>
   3109 constraints of type <logicor>
Presolving Time: 0.31
transformed 4/5 original solutions to the transformed problem space

 time | node  | left  |LP iter|LP it/n|mem/heur|mdpt |vars |cons |rows |cuts |sepa|confs|strbr|  dualbound   | primalbound  |  gap   | compl. 
  4.5s|     1 |     0 |  2340 |     - |    93M |   0 |1076 |3510 |3421 |   0 |  0 | 115 |   0 | 8.330202e-01 | 8.812469e-01 |   5.79%| unknown
  4.5s|     1 |     0 |  2340 |     - |    93M |   0 |1076 |3512 |3316 |   0 |  0 | 117 |   0 | 8.330202e-01 | 8.812469e-01 |   5.79%| unknown
  4.8s|     1 |     0 |  2349 |     - |    97M |   0 |1076 |3480 |3253 |   3 |  1 | 117 |   0 | 8.330205e-01 | 8.812469e-01 |   5.79%| unknown
  5.1s|     1 |     0 |  2409 |     - |    99M |   0 |1076 |3441 |3255 |   5 |  2 | 117 |   0 | 8.330216e-01 | 8.812469e-01 |   5.79%| unknown
  5.5s|     1 |     0 |  2435 |     - |   110M |   0 |1076 |3430 |3259 |   9 |  3 | 124 |   0 | 8.330221e-01 | 8.812469e-01 |   5.79%| unknown
  6.0s|     1 |     0 |  2453 |     - |   118M |   0 |1076 |3428 |3260 |  10 |  4 | 124 |   0 | 8.330236e-01 | 8.812469e-01 |   5.79%| unknown
  6.4s|     1 |     0 |  2472 |     - |   123M |   0 |1076 |3425 |3261 |  11 |  5 | 124 |   0 | 8.330238e-01 | 8.812469e-01 |   5.79%| unknown
  6.8s|     1 |     0 |  2511 |     - |   133M |   0 |1076 |3426 |3263 |  13 |  6 | 131 |   0 | 8.330257e-01 | 8.812469e-01 |   5.79%| unknown
  7.2s|     1 |     0 |  2519 |     - |   145M |   0 |1076 |3427 |3266 |  16 |  7 | 132 |   0 | 8.330258e-01 | 8.812469e-01 |   5.79%| unknown
  7.5s|     1 |     0 |  2529 |     - |   147M |   0 |1076 |3407 |3267 |  17 |  8 | 133 |   0 | 8.330258e-01 | 8.812469e-01 |   5.79%| unknown
  7.8s|     1 |     0 |  2547 |     - |   158M |   0 |1076 |3407 |3269 |  19 |  9 | 133 |   0 | 8.330261e-01 | 8.812469e-01 |   5.79%| unknown
  8.1s|     1 |     0 |  2579 |     - |   168M |   0 |1076 |3408 |3270 |  20 | 10 | 134 |   0 | 8.330266e-01 | 8.812469e-01 |   5.79%| unknown
  8.1s|     1 |     0 |  2589 |     - |   168M |   0 |1076 |3405 |3271 |  21 | 11 | 134 |   0 | 8.330268e-01 | 8.812469e-01 |   5.79%| unknown
  8.1s|     1 |     0 |  2602 |     - |   169M |   0 |1076 |3388 |3273 |  23 | 12 | 135 |   0 | 8.330272e-01 | 8.812469e-01 |   5.79%| unknown
  8.1s|     1 |     0 |  2632 |     - |   169M |   0 |1076 |3391 |3274 |  24 | 13 | 145 |   0 | 8.330389e-01 | 8.812469e-01 |   5.79%| unknown
 time | node  | left  |LP iter|LP it/n|mem/heur|mdpt |vars |cons |rows |cuts |sepa|confs|strbr|  dualbound   | primalbound  |  gap   | compl. 
  8.2s|     1 |     0 |  2632 |     - |   169M |   0 |1076 |3371 |3274 |  24 | 13 | 145 |   0 | 8.330389e-01 | 8.812469e-01 |   5.79%| unknown
  8.2s|     1 |     0 |  2633 |     - |   169M |   0 |1076 |3371 |3254 |  25 | 14 | 145 |   0 | 8.330389e-01 | 8.812469e-01 |   5.79%| unknown
(run 2, node 1) restarting after 64 global fixings of integer variables

(restart) converted 21 cuts from the global cut pool into linear constraints

presolving:
(round 1, fast)       67 del vars, 35 del conss, 0 add conss, 0 chg bounds, 0 chg sides, 36 chg coeffs, 0 upgd conss, 0 impls, 9789 clqs, 0 implints
(round 2, exhaustive) 67 del vars, 35 del conss, 0 add conss, 0 chg bounds, 0 chg sides, 36 chg coeffs, 24 upgd conss, 0 impls, 9789 clqs, 0 implints
(round 3, exhaustive) 67 del vars, 37 del conss, 0 add conss, 0 chg bounds, 0 chg sides, 64 chg coeffs, 24 upgd conss, 0 impls, 9791 clqs, 0 implints
presolving (4 rounds: 4 fast, 3 medium, 3 exhaustive):
 67 deleted vars, 37 deleted constraints, 0 added constraints, 0 tightened bounds, 0 added holes, 0 changed sides, 67 changed coefficients
 0 implications, 9791 cliques, 0 implied integral variables (0 bin, 0 int, 0 cont)
presolved problem has 1009 variables (1008 bin, 0 int, 1 cont) and 3363 constraints
     11 constraints of type <knapsack>
    112 constraints of type <setppc>
    288 constraints of type <linear>
   2952 constraints of type <logicor>
Presolving Time: 0.33
transformed 4/5 original solutions to the transformed problem space

 time | node  | left  |LP iter|LP it/n|mem/heur|mdpt |vars |cons |rows |cuts |sepa|confs|strbr|  dualbound   | primalbound  |  gap   | compl. 
  8.4s|     1 |     0 |  3990 |     - |   143M |   0 |1009 |3363 |3234 |   0 |  0 | 161 |   0 | 8.330389e-01 | 8.812469e-01 |   5.79%| unknown
  8.4s|     1 |     0 |  3990 |     - |   143M |   0 |1009 |3364 |3147 |   0 |  0 | 162 |   0 | 8.330389e-01 | 8.812469e-01 |   5.79%| unknown
  8.6s|     1 |     0 |  3996 |     - |   144M |   0 |1009 |3359 |3049 |   2 |  1 | 162 |   0 | 8.330389e-01 | 8.812469e-01 |   5.79%| unknown
  8.8s|     1 |     0 |  4005 |     - |   144M |   0 |1009 |3288 |3051 |   4 |  2 | 172 |   0 | 8.330389e-01 | 8.812469e-01 |   5.79%| unknown
  9.1s|     1 |     0 |  4011 |     - |   147M |   0 |1009 |3243 |3052 |   5 |  3 | 182 |   0 | 8.330389e-01 | 8.812469e-01 |   5.79%| unknown
  9.3s|     1 |     0 |  4022 |     - |   149M |   0 |1009 |3249 |3053 |   6 |  4 | 192 |   0 | 8.330389e-01 | 8.812469e-01 |   5.79%| unknown
  9.5s|     1 |     0 |  4027 |     - |   151M |   0 |1009 |3250 |3055 |   8 |  5 | 193 |   0 | 8.330389e-01 | 8.812469e-01 |   5.79%| unknown
  9.6s|     1 |     0 |  4073 |     - |   155M |   0 |1009 |3250 |3058 |  11 |  6 | 194 |   0 | 8.330424e-01 | 8.812469e-01 |   5.79%| unknown
  9.8s|     1 |     0 |  4085 |     - |   164M |   0 |1009 |3249 |3059 |  12 |  7 | 204 |   0 | 8.330429e-01 | 8.812469e-01 |   5.79%| unknown
 10.1s|     1 |     0 |  4110 |     - |   173M |   0 |1009 |3247 |3060 |  13 |  8 | 204 |   0 | 8.330470e-01 | 8.812469e-01 |   5.79%| unknown
 10.4s|     1 |     0 |  4113 |     - |   184M |   0 |1009 |3247 |3061 |  14 |  9 | 210 |   0 | 8.330470e-01 | 8.812469e-01 |   5.79%| unknown
 10.6s|     1 |     0 |  4149 |     - |   197M |   0 |1009 |3242 |3063 |  16 | 10 | 210 |   0 | 8.330480e-01 | 8.812469e-01 |   5.79%| unknown
 10.7s|     1 |     0 |  4160 |     - |   197M |   0 |1009 |3244 |3028 |  17 | 11 | 212 |   0 | 8.330484e-01 | 8.812469e-01 |   5.79%| unknown
 10.7s|     1 |     0 |  4178 |     - |   198M |   0 |1009 |3244 |3029 |  18 | 12 | 212 |   0 | 8.330539e-01 | 8.812469e-01 |   5.79%| unknown
 10.7s|     1 |     0 |  4178 |     - |   198M |   0 |1009 |3154 |3029 |  18 | 12 | 212 |   0 | 8.330539e-01 | 8.812469e-01 |   5.79%| unknown
 time | node  | left  |LP iter|LP it/n|mem/heur|mdpt |vars |cons |rows |cuts |sepa|confs|strbr|  dualbound   | primalbound  |  gap   | compl. 
 10.7s|     1 |     0 |  4181 |     - |   198M |   0 |1009 |3154 |3030 |  19 | 13 | 212 |   0 | 8.330539e-01 | 8.812469e-01 |   5.79%| unknown
 10.7s|     1 |     0 |  4184 |     - |   198M |   0 |1009 |3147 |3031 |  20 | 14 | 212 |   0 | 8.330540e-01 | 8.812469e-01 |   5.79%| unknown
 10.7s|     1 |     0 |  4209 |     - |   199M |   0 |1009 |3146 |3033 |  22 | 15 | 212 |   0 | 8.330540e-01 | 8.812469e-01 |   5.79%| unknown
 10.8s|     1 |     0 |  4215 |     - |   199M |   0 |1009 |3145 |3034 |  23 | 16 | 218 |   0 | 8.330541e-01 | 8.812469e-01 |   5.79%| unknown
 10.8s|     1 |     0 |  4221 |     - |   199M |   0 |1009 |3151 |3027 |  24 | 17 | 228 |   0 | 8.330541e-01 | 8.812469e-01 |   5.79%| unknown
 10.8s|     1 |     0 |  4251 |     - |   200M |   0 |1009 |3150 |3028 |  25 | 18 | 228 |   0 | 8.330542e-01 | 8.812469e-01 |   5.79%| unknown
 10.8s|     1 |     0 |  4255 |     - |   200M |   0 |1009 |3147 |3029 |  26 | 19 | 228 |   0 | 8.330542e-01 | 8.812469e-01 |   5.79%| unknown
 10.9s|     1 |     0 |  4256 |     - |   200M |   0 |1009 |3156 |3030 |  27 | 20 | 238 |   0 | 8.330542e-01 | 8.812469e-01 |   5.79%| unknown
 10.9s|     1 |     0 |  4262 |     - |   200M |   0 |1009 |3157 |3031 |  28 | 21 | 239 |   0 | 8.330542e-01 | 8.812469e-01 |   5.79%| unknown
 10.9s|     1 |     0 |  4277 |     - |   200M |   0 |1009 |3156 |3033 |  30 | 22 | 239 |   0 | 8.330542e-01 | 8.812469e-01 |   5.79%| unknown
 10.9s|     1 |     0 |  4278 |     - |   200M |   0 |1009 |3155 |3029 |  32 | 23 | 240 |   0 | 8.330542e-01 | 8.812469e-01 |   5.79%| unknown
(run 3, node 1) restarting after 82 global fixings of integer variables

(restart) converted 21 cuts from the global cut pool into linear constraints

presolving:
(round 1, fast)       84 del vars, 20 del conss, 0 add conss, 0 chg bounds, 0 chg sides, 54 chg coeffs, 0 upgd conss, 0 impls, 8109 clqs, 0 implints
(round 2, exhaustive) 84 del vars, 20 del conss, 0 add conss, 0 chg bounds, 0 chg sides, 56 chg coeffs, 22 upgd conss, 0 impls, 8109 clqs, 0 implints
(round 3, exhaustive) 84 del vars, 22 del conss, 0 add conss, 0 chg bounds, 0 chg sides, 128 chg coeffs, 22 upgd conss, 0 impls, 8109 clqs, 0 implints
(round 4, exhaustive) 84 del vars, 23 del conss, 0 add conss, 0 chg bounds, 0 chg sides, 153 chg coeffs, 22 upgd conss, 0 impls, 8109 clqs, 0 implints
presolving (5 rounds: 5 fast, 4 medium, 4 exhaustive):
 84 deleted vars, 23 deleted constraints, 0 added constraints, 0 tightened bounds, 0 added holes, 0 changed sides, 153 changed coefficients
 0 implications, 8109 cliques, 0 implied integral variables (0 bin, 0 int, 0 cont)
presolved problem has 925 variables (924 bin, 0 int, 1 cont) and 3134 constraints
     12 constraints of type <knapsack>
    121 constraints of type <setppc>
    281 constraints of type <linear>
   2720 constraints of type <logicor>
Presolving Time: 0.36
transformed 5/6 original solutions to the transformed problem space

 time | node  | left  |LP iter|LP it/n|mem/heur|mdpt |vars |cons |rows |cuts |sepa|confs|strbr|  dualbound   | primalbound  |  gap   | compl. 
 11.2s|     1 |     0 |  5424 |     - |   173M |   0 | 925 |3134 |2977 |   0 |  0 | 246 |   0 | 8.330542e-01 | 8.812469e-01 |   5.79%| unknown
 11.2s|     1 |     0 |  5424 |     - |   173M |   0 | 925 |3139 |2886 |   0 |  0 | 251 |   0 | 8.330542e-01 | 8.812469e-01 |   5.79%| unknown
 11.7s|     1 |     0 |  5436 |     - |   177M |   0 | 925 |3090 |2727 |   1 |  1 | 251 |   0 | 8.330543e-01 | 8.812469e-01 |   5.79%| unknown
 12.0s|     1 |     0 |  5469 |     - |   180M |   0 | 925 |3022 |2728 |   2 |  2 | 261 |   0 | 8.330545e-01 | 8.812469e-01 |   5.79%| unknown
 12.3s|     1 |     0 |  5493 |     - |   188M |   0 | 925 |2989 |2729 |   3 |  3 | 261 |   0 | 8.330546e-01 | 8.812469e-01 |   5.79%| unknown
 12.5s|     1 |     0 |  5523 |     - |   194M |   0 | 925 |2994 |2730 |   4 |  4 | 267 |   0 | 8.330547e-01 | 8.812469e-01 |   5.78%| unknown
 13.0s|     1 |     0 |  5545 |     - |   197M |   0 | 925 |3002 |2731 |   5 |  5 | 275 |   0 | 8.330549e-01 | 8.812469e-01 |   5.78%| unknown
 13.4s|     1 |     0 |  5577 |     - |   199M |   0 | 925 |2997 |2732 |   6 |  6 | 279 |   0 | 8.330551e-01 | 8.812469e-01 |   5.78%| unknown
 13.9s|     1 |     0 |  5579 |     - |   203M |   0 | 925 |2999 |2734 |   8 |  7 | 281 |   0 | 8.330551e-01 | 8.812469e-01 |   5.78%| unknown
 14.5s|     1 |     0 |  5605 |     - |   207M |   0 | 925 |2983 |2735 |   9 |  8 | 281 |   0 | 8.330551e-01 | 8.812469e-01 |   5.78%| unknown
 14.8s|     1 |     0 |  5619 |     - |   208M |   0 | 925 |2984 |2736 |  10 |  9 | 291 |   0 | 8.330551e-01 | 8.812469e-01 |   5.78%| unknown
 15.2s|     1 |     0 |  5655 |     - |   225M |   0 | 925 |2969 |2737 |  11 | 10 | 292 |   0 | 8.330575e-01 | 8.812469e-01 |   5.78%| unknown
 15.3s|     1 |     0 |  5684 |     - |   225M |   0 | 925 |2977 |2739 |  13 | 11 | 302 |   0 | 8.330586e-01 | 8.812469e-01 |   5.78%| unknown
 15.3s|     1 |     0 |  5688 |     - |   226M |   0 | 925 |2981 |2740 |  14 | 12 | 307 |   0 | 8.330587e-01 | 8.812469e-01 |   5.78%| unknown
 15.4s|     1 |     0 |  5689 |     - |   226M |   0 | 925 |2982 |2741 |  15 | 13 | 308 |   0 | 8.330587e-01 | 8.812469e-01 |   5.78%| unknown
 time | node  | left  |LP iter|LP it/n|mem/heur|mdpt |vars |cons |rows |cuts |sepa|confs|strbr|  dualbound   | primalbound  |  gap   | compl. 
 15.4s|     1 |     0 |  5698 |     - |   226M |   0 | 925 |2976 |2690 |  16 | 14 | 309 |   0 | 8.330587e-01 | 8.812469e-01 |   5.78%| unknown
 15.4s|     1 |     0 |  5698 |     - |   226M |   0 | 925 |2910 |2690 |  16 | 14 | 313 |   0 | 8.330587e-01 | 8.812469e-01 |   5.78%| unknown
 15.5s|     1 |     0 |  5712 |     - |   227M |   0 | 925 |2910 |2691 |  17 | 15 | 313 |   0 | 8.330590e-01 | 8.812469e-01 |   5.78%| unknown
 15.5s|     1 |     0 |  5724 |     - |   227M |   0 | 925 |2905 |2695 |  21 | 16 | 321 |   0 | 8.330596e-01 | 8.812469e-01 |   5.78%| unknown
 15.6s|     1 |     0 |  5736 |     - |   227M |   0 | 925 |2885 |2697 |  23 | 17 | 324 |   0 | 8.330596e-01 | 8.812469e-01 |   5.78%| unknown
 15.6s|     1 |     0 |  5740 |     - |   227M |   0 | 925 |2882 |2699 |  25 | 18 | 324 |   0 | 8.330597e-01 | 8.812469e-01 |   5.78%| unknown
 15.6s|     1 |     0 |  5743 |     - |   228M |   0 | 925 |2881 |2701 |  27 | 19 | 324 |   0 | 8.330597e-01 | 8.812469e-01 |   5.78%| unknown
 15.7s|     1 |     0 |  5751 |     - |   228M |   0 | 925 |2872 |2695 |  29 | 20 | 325 |   0 | 8.330597e-01 | 8.812469e-01 |   5.78%| unknown
 15.7s|     1 |     0 |  5752 |     - |   228M |   0 | 925 |2871 |2697 |  31 | 21 | 327 |   0 | 8.330597e-01 | 8.812469e-01 |   5.78%| unknown
 15.8s|     1 |     0 |  5788 |     - |   228M |   0 | 925 |2868 |2698 |  32 | 22 | 328 |   0 | 8.330633e-01 | 8.812469e-01 |   5.78%| unknown
 15.8s|     1 |     0 |  5792 |     - |   228M |   0 | 925 |2870 |2699 |  33 | 23 | 330 |   0 | 8.330633e-01 | 8.812469e-01 |   5.78%| unknown
(run 4, node 1) restarting after 106 global fixings of integer variables

(restart) converted 21 cuts from the global cut pool into linear constraints

presolving:
(round 1, fast)       109 del vars, 19 del conss, 0 add conss, 0 chg bounds, 0 chg sides, 84 chg coeffs, 0 upgd conss, 0 impls, 6792 clqs, 0 implints
(round 2, exhaustive) 109 del vars, 20 del conss, 0 add conss, 0 chg bounds, 0 chg sides, 84 chg coeffs, 21 upgd conss, 0 impls, 6792 clqs, 0 implints
(round 3, exhaustive) 109 del vars, 24 del conss, 0 add conss, 0 chg bounds, 0 chg sides, 232 chg coeffs, 21 upgd conss, 0 impls, 6792 clqs, 0 implints
presolving (4 rounds: 4 fast, 3 medium, 3 exhaustive):
 109 deleted vars, 24 deleted constraints, 0 added constraints, 0 tightened bounds, 0 added holes, 0 changed sides, 239 changed coefficients
 0 implications, 6792 cliques, 0 implied integral variables (0 bin, 0 int, 0 cont)
presolved problem has 816 variables (815 bin, 0 int, 1 cont) and 2860 constraints
     18 constraints of type <knapsack>
    114 constraints of type <setppc>
    272 constraints of type <linear>
   2456 constraints of type <logicor>
Presolving Time: 0.39
transformed 4/6 original solutions to the transformed problem space

 time | node  | left  |LP iter|LP it/n|mem/heur|mdpt |vars |cons |rows |cuts |sepa|confs|strbr|  dualbound   | primalbound  |  gap   | compl. 
 16.2s|     1 |     0 |  7062 |     - |   176M |   0 | 816 |2860 |2643 |   0 |  0 | 349 |   0 | 8.330634e-01 | 8.812469e-01 |   5.78%| unknown
 16.2s|     1 |     0 |  7062 |     - |   176M |   0 | 816 |2869 |2574 |   0 |  0 | 358 |   0 | 8.330634e-01 | 8.812469e-01 |   5.78%| unknown
 16.5s|     1 |     0 |  7074 |     - |   177M |   0 | 816 |2851 |2528 |   3 |  1 | 358 |   0 | 8.330634e-01 | 8.812469e-01 |   5.78%| unknown
 16.8s|     1 |     0 |  7085 |     - |   180M |   0 | 816 |2832 |2529 |   4 |  2 | 368 |   0 | 8.330634e-01 | 8.812469e-01 |   5.78%| unknown
 17.3s|     1 |     0 |  7096 |     - |   190M |   0 | 816 |2817 |2530 |   5 |  3 | 372 |   0 | 8.330634e-01 | 8.812469e-01 |   5.78%| unknown
 17.6s|     1 |     0 |  7112 |     - |   192M |   0 | 816 |2799 |2532 |   7 |  4 | 374 |   0 | 8.330635e-01 | 8.812469e-01 |   5.78%| unknown
 18.0s|     1 |     0 |  7139 |     - |   197M |   0 | 816 |2799 |2533 |   8 |  5 | 384 |   0 | 8.330635e-01 | 8.812469e-01 |   5.78%| unknown
 18.3s|     1 |     0 |  7149 |     - |   202M |   0 | 816 |2807 |2534 |   9 |  6 | 394 |   0 | 8.330635e-01 | 8.812469e-01 |   5.78%| unknown
 18.6s|     1 |     0 |  7169 |     - |   212M |   0 | 816 |2807 |2536 |  11 |  7 | 398 |   0 | 8.330635e-01 | 8.812469e-01 |   5.78%| unknown
 19.0s|     1 |     0 |  7185 |     - |   214M |   0 | 816 |2808 |2537 |  12 |  8 | 400 |   0 | 8.330635e-01 | 8.812469e-01 |   5.78%| unknown
 19.4s|     1 |     0 |  7207 |     - |   221M |   0 | 816 |2804 |2540 |  15 |  9 | 400 |   0 | 8.330635e-01 | 8.812469e-01 |   5.78%| unknown
 19.8s|     1 |     0 |  7235 |     - |   235M |   0 | 816 |2808 |2541 |  16 | 10 | 404 |   0 | 8.330635e-01 | 8.812469e-01 |   5.78%| unknown
 19.9s|     1 |     0 |  7247 |     - |   236M |   0 | 816 |2812 |2472 |  17 | 11 | 408 |   0 | 8.330635e-01 | 8.812469e-01 |   5.78%| unknown
 19.9s|     1 |     0 |  7247 |     - |   236M |   0 | 816 |2802 |2472 |  17 | 11 | 410 |   0 | 8.330635e-01 | 8.812469e-01 |   5.78%| unknown
 19.9s|     1 |     0 |  7254 |     - |   236M |   0 | 816 |2802 |2473 |  18 | 12 | 410 |   0 | 8.330636e-01 | 8.812469e-01 |   5.78%| unknown
 time | node  | left  |LP iter|LP it/n|mem/heur|mdpt |vars |cons |rows |cuts |sepa|confs|strbr|  dualbound   | primalbound  |  gap   | compl. 
 19.9s|     1 |     0 |  7259 |     - |   236M |   0 | 816 |2811 |2474 |  19 | 13 | 420 |   0 | 8.330636e-01 | 8.812469e-01 |   5.78%| unknown
 20.0s|     1 |     0 |  7270 |     - |   236M |   0 | 816 |2821 |2475 |  20 | 14 | 430 |   0 | 8.330636e-01 | 8.812469e-01 |   5.78%| unknown
 20.0s|     1 |     0 |  7271 |     - |   237M |   0 | 816 |2821 |2476 |  21 | 15 | 432 |   0 | 8.330636e-01 | 8.812469e-01 |   5.78%| unknown
 20.0s|     1 |     0 |  7281 |     - |   237M |   0 | 816 |2819 |2477 |  22 | 16 | 432 |   0 | 8.330636e-01 | 8.812469e-01 |   5.78%| unknown
 20.1s|     1 |     0 |  7285 |     - |   237M |   0 | 816 |2816 |2473 |  24 | 17 | 434 |   0 | 8.330636e-01 | 8.812469e-01 |   5.78%| unknown
 20.1s|     1 |     0 |  7288 |     - |   237M |   0 | 816 |2823 |2475 |  26 | 18 | 444 |   0 | 8.330636e-01 | 8.812469e-01 |   5.78%| unknown
 20.2s|     1 |     0 |  7290 |     - |   237M |   0 | 816 |2821 |2476 |  27 | 19 | 445 |   0 | 8.330636e-01 | 8.812469e-01 |   5.78%| unknown
 20.2s|     1 |     0 |  7291 |     - |   237M |   0 | 816 |2818 |2477 |  28 | 20 | 446 |   0 | 8.330636e-01 | 8.812469e-01 |   5.78%| unknown
 20.3s|     1 |     0 |  7294 |     - |   237M |   0 | 816 |2818 |2478 |  29 | 21 | 447 |   0 | 8.330636e-01 | 8.812469e-01 |   5.78%| unknown
 20.3s|     1 |     0 |  7295 |     - |   237M |   0 | 816 |2813 |2479 |  30 | 22 | 447 |   0 | 8.330636e-01 | 8.812469e-01 |   5.78%| unknown
 20.6s|     1 |     2 |  7375 |     - |   237M |   0 | 816 |2807 |2479 |  30 | 22 | 470 |  21 | 8.330640e-01 | 8.812469e-01 |   5.78%| unknown
(run 5, node 1) restarting after 38 global fixings of integer variables

(restart) converted 26 cuts from the global cut pool into linear constraints

presolving:
(round 1, fast)       43 del vars, 25 del conss, 0 add conss, 0 chg bounds, 0 chg sides, 93 chg coeffs, 0 upgd conss, 0 impls, 6042 clqs, 0 implints
(round 2, exhaustive) 43 del vars, 25 del conss, 0 add conss, 0 chg bounds, 0 chg sides, 95 chg coeffs, 17 upgd conss, 0 impls, 6042 clqs, 0 implints
(round 3, exhaustive) 43 del vars, 43 del conss, 0 add conss, 0 chg bounds, 0 chg sides, 172 chg coeffs, 17 upgd conss, 0 impls, 6042 clqs, 0 implints
presolving (4 rounds: 4 fast, 3 medium, 3 exhaustive):
 43 deleted vars, 44 deleted constraints, 0 added constraints, 0 tightened bounds, 0 added holes, 0 changed sides, 180 changed coefficients
 0 implications, 6042 cliques, 0 implied integral variables (0 bin, 0 int, 0 cont)
presolved problem has 773 variables (772 bin, 0 int, 1 cont) and 2789 constraints
     22 constraints of type <knapsack>
    116 constraints of type <setppc>
    279 constraints of type <linear>
   2372 constraints of type <logicor>
Presolving Time: 0.45
transformed 2/7 original solutions to the transformed problem space

 time | node  | left  |LP iter|LP it/n|mem/heur|mdpt |vars |cons |rows |cuts |sepa|confs|strbr|  dualbound   | primalbound  |  gap   | compl. 
 20.7s|     1 |     0 |  8044 |     - |   195M |   0 | 773 |2789 |2529 |   0 |  0 | 470 |  21 | 8.330640e-01 | 8.812469e-01 |   5.78%| unknown
 20.7s|     1 |     0 |  8044 |     - |   195M |   0 | 773 |2794 |2514 |   0 |  0 | 475 |  21 | 8.330640e-01 | 8.812469e-01 |   5.78%| unknown
 21.1s|     1 |     0 |  8058 |     - |   196M |   0 | 773 |2788 |2488 |   3 |  1 | 475 |  21 | 8.330640e-01 | 8.812469e-01 |   5.78%| unknown
 21.5s|     1 |     0 |  8073 |     - |   198M |   0 | 773 |2778 |2491 |   6 |  2 | 475 |  21 | 8.330640e-01 | 8.812469e-01 |   5.78%| unknown
 21.8s|     1 |     0 |  8117 |     - |   208M |   0 | 773 |2778 |2492 |   7 |  3 | 479 |  21 | 8.330640e-01 | 8.812469e-01 |   5.78%| unknown
 22.2s|     1 |     0 |  8145 |     - |   208M |   0 | 773 |2781 |2494 |   9 |  4 | 485 |  21 | 8.330640e-01 | 8.812469e-01 |   5.78%| unknown
 22.7s|     1 |     0 |  8197 |     - |   210M |   0 | 773 |2779 |2495 |  10 |  5 | 486 |  21 | 8.330640e-01 | 8.812469e-01 |   5.78%| unknown
 23.1s|     1 |     0 |  8202 |     - |   214M |   0 | 773 |2780 |2496 |  11 |  6 | 491 |  21 | 8.330640e-01 | 8.812469e-01 |   5.78%| unknown
 23.5s|     1 |     0 |  8213 |     - |   221M |   0 | 773 |2779 |2498 |  13 |  7 | 491 |  21 | 8.330640e-01 | 8.812469e-01 |   5.78%| unknown
 23.9s|     1 |     0 |  8239 |     - |   225M |   0 | 773 |2780 |2499 |  14 |  8 | 493 |  21 | 8.330640e-01 | 8.812469e-01 |   5.78%| unknown
 24.3s|     1 |     0 |  8260 |     - |   228M |   0 | 773 |2789 |2501 |  16 |  9 | 503 |  21 | 8.330640e-01 | 8.812469e-01 |   5.78%| unknown
 24.7s|     1 |     0 |  8279 |     - |   243M |   0 | 773 |2797 |2503 |  18 | 10 | 513 |  21 | 8.330640e-01 | 8.812469e-01 |   5.78%| unknown
 24.8s|     1 |     0 |  8292 |     - |   243M |   0 | 773 |2796 |2505 |  20 | 11 | 513 |  21 | 8.330640e-01 | 8.812469e-01 |   5.78%| unknown
 25.0s|     1 |     0 |  8294 |     - |   243M |   0 | 773 |2802 |2506 |  21 | 12 | 519 |  21 | 8.330640e-01 | 8.812469e-01 |   5.78%| unknown
 25.3s|     1 |     2 |  8454 |     - |   243M |   0 | 773 |2811 |2506 |  21 | 12 | 532 |  40 | 8.330726e-01 | 8.812469e-01 |   5.78%| unknown
 time | node  | left  |LP iter|LP it/n|mem/heur|mdpt |vars |cons |rows |cuts |sepa|confs|strbr|  dualbound   | primalbound  |  gap   | compl. 
*28.3s|    32 |    18 |  9706 | 122.8 |    LP  |  12 | 773 |2795 |2390 |  38 |  3 | 675 | 491 | 8.330726e-01 | 8.797009e-01 |   5.60%|   6.38%
*28.6s|    33 |    17 |  9866 | 123.8 |strongbr|  12 | 773 |2795 |2408 |  59 | 11 | 675 | 492 | 8.330726e-01 | 8.588139e-01 |   3.09%|   6.42%
*29.6s|    51 |    19 | 10729 |  98.9 |strongbr|  12 | 773 |2675 |2392 | 102 |  4 | 792 | 617 | 8.330726e-01 | 8.585235e-01 |   3.06%|  12.07%
 33.0s|   100 |    32 | 12927 |  73.5 |   253M |  15 | 773 |2750 |2392 | 191 |  5 | 999 |1004 | 8.331266e-01 | 8.585235e-01 |   3.05%|  22.99%
 39.6s|   200 |    46 | 17848 |  61.6 |   257M |  19 | 773 |3004 |2391 | 464 |  1 |1540 |1583 | 8.336016e-01 | 8.585235e-01 |   2.99%|  42.94%
 46.2s|   300 |    65 | 23421 |  59.7 |   262M |  19 | 773 |3101 |   0 | 775 |  0 |1898 |1974 | 8.336815e-01 | 8.585235e-01 |   2.98%|  47.81%
 48.8s|   400 |    67 | 26479 |  52.5 |   262M |  19 | 773 |3381 |2393 | 930 |  1 |2314 |2152 | 8.344754e-01 | 8.585235e-01 |   2.88%|  65.90%
 52.1s|   500 |    57 | 30109 |  49.2 |   263M |  19 | 773 |3576 |2392 |1113 |  1 |2740 |2332 | 8.344760e-01 | 8.585235e-01 |   2.88%|  72.24%
 55.1s|   600 |    30 | 34256 |  48.0 |   264M |  19 | 773 |3742 |2393 |1284 |  1 |3140 |2455 | 8.372018e-01 | 8.585235e-01 |   2.55%|  84.18%

SCIP Status        : problem is solved [optimal solution found]
Solving Time (sec) : 56.23
Solving Nodes      : 666 (total of 671 nodes in 6 runs)
Primal Bound       : +8.58523507902019e-01 (17 solutions)
Dual Bound         : +8.58523507902019e-01
Gap                : 0.00 %
objective value:                    0.858523507902019
x_('12_5', '13_1')                                  1 	(obj:0.0132334714465862)
x_('11_17', '12_5')                                 1 	(obj:0.0104631147540984)
x_('10_31', '11_17')                                1 	(obj:0.0114954226101767)
x_('9_42', '10_31')                                 1 	(obj:0.0271428571428571)
x_('8_45', '9_42')                                  1 	(obj:0.0180978402289878)
x_('7_37', '8_45')                                  1 	(obj:0.019530737704918)
x_('6_35', '7_37')                                  1 	(obj:0.0214285714285714)
x_('5_25', '6_35')                                  1 	(obj:0.0187166276346604)
x_('4_21', '5_25')                                  1 	(obj:0.0184932084309134)
x_('3_18', '4_21')                                  1 	(obj:0.0463307962529274)
x_('2_14', '3_18')                                  1 	(obj:0.0495316159250586)
x_('1_10', '2_14')                                  1 	(obj:0.0704355971896956)
x_('0_1', '1_10')                                   1 	(obj:0.0142857142857143)
y_0_0                                               1 	(obj:0)
y_1_0                                               1 	(obj:0)
y_2_0                                               1 	(obj:0)
y_3_0                                               1 	(obj:0)
y_4_1                                               1 	(obj:0)
y_5_1                                               1 	(obj:0)
y_6_1                                               1 	(obj:0)
y_7_1                                               1 	(obj:0)
y_8_1                                               1 	(obj:0)
y_9_2                                               1 	(obj:0)
y_10_2                                              1 	(obj:0)
y_11_2                                              1 	(obj:0)
y_12_2                                              1 	(obj:0)
z_('3268741', '3425762')_1                          1 	(obj:0)
z_('3268741', '1966592X')_1                         1 	(obj:0)
z_('1966592X', '3452192')_0                         1 	(obj:0)
z_('3452192', '1353870')_0                          1 	(obj:0)
z_('3452192', '3520162')_0                          1 	(obj:0)
z_('3520162', '3307092')_1                          1 	(obj:0)
z_('3520162', '3524054')_0                          1 	(obj:0)
z_('3268740', '3524054')_1                          1 	(obj:0)
z_('3524054', '3179975')_1                          1 	(obj:0)
z_('3179975', '3422998')_2                          1 	(obj:0)
z_('3422998', '2495223X')_2                         1 	(obj:0)
z_('3422998', '1353870_01')_2                       1 	(obj:0)
z_('2495223X', '2245784X')_2                        1 	(obj:0)
alpha                                4.50072289156626 	(obj:0.115389892996972)
  obj=0.859  alpha=747.1s  time=56.30s

k = 1
  Subgraph edges — edge_w: 13 (1.2%)  bal_w: 13 (1.2%)  combined: 26 (2.4%)  blended: 13 (1.2%)  blended_union: 37 (3.3%)  diverse: 13 (1.2%)
  [3a] Subgraph / edge_w   k=1 …
2026-07-01 18:29:45.137 | INFO     | pycaalp.time_balancing.model:run_mip:430 - Running MIP solver ...
      obj=0.884 (vs_full=+2.93%)  alpha=792.0s  build=0.001s solve=0.035s  vs_full=+6.01%
  [3b] Subgraph / bal_w    k=1 …
2026-07-01 18:29:45.172 | INFO     | pycaalp.time_balancing.model:run_mip:430 - Running MIP solver ...
      obj=0.974 (vs_full=+13.42%)  alpha=731.8s  build=0.001s solve=0.039s  vs_full=-2.05%
  [3c] Subgraph / combined k=1 …
2026-07-01 18:29:45.212 | INFO     | pycaalp.time_balancing.model:run_mip:430 - Running MIP solver ...
      obj=0.884 (vs_full=+2.93%)  alpha=792.0s  build=0.002s solve=0.670s  vs_full=+6.01%
  [3d] Subgraph / blended  k=1 …
2026-07-01 18:29:45.883 | INFO     | pycaalp.time_balancing.model:run_mip:430 - Running MIP solver ...
      obj=0.868 (vs_full=+1.05%)  alpha=747.1s  build=0.001s solve=0.034s  vs_full=+0.00%
  [3e] Subgraph / bl-union k=1 …
2026-07-01 18:29:45.916 | INFO     | pycaalp.time_balancing.model:run_mip:430 - Running MIP solver ...
      obj=0.859 (vs_full=+0.08%)  alpha=747.1s  build=0.016s solve=0.610s  vs_full=+0.00%
  [3f] Subgraph / diverse  k=1 …
2026-07-01 18:29:46.527 | INFO     | pycaalp.time_balancing.model:run_mip:430 - Running MIP solver ...
      obj=0.868 (vs_full=+1.05%)  alpha=747.1s  build=0.010s solve=0.022s  vs_full=+0.00%

k = 2
  Subgraph edges — edge_w: 15 (1.4%)  bal_w: 15 (1.4%)  combined: 30 (2.7%)  blended: 15 (1.4%)  blended_union: 42 (3.8%)  diverse: 26 (2.4%)
  [3a] Subgraph / edge_w   k=2 …
2026-07-01 18:29:46.615 | INFO     | pycaalp.time_balancing.model:run_mip:430 - Running MIP solver ...
      obj=0.881 (vs_full=+2.65%)  alpha=788.3s  build=0.004s solve=0.240s  vs_full=+5.52%
  [3b] Subgraph / bal_w    k=2 …
2026-07-01 18:29:46.855 | INFO     | pycaalp.time_balancing.model:run_mip:430 - Running MIP solver ...
      obj=0.970 (vs_full=+12.97%)  alpha=731.8s  build=0.005s solve=0.069s  vs_full=-2.05%
  [3c] Subgraph / combined k=2 …
2026-07-01 18:29:46.924 | INFO     | pycaalp.time_balancing.model:run_mip:430 - Running MIP solver ...
      obj=0.881 (vs_full=+2.65%)  alpha=788.3s  build=0.009s solve=0.177s  vs_full=+5.52%
  [3d] Subgraph / blended  k=2 …
2026-07-01 18:29:47.101 | INFO     | pycaalp.time_balancing.model:run_mip:430 - Running MIP solver ...
      obj=0.868 (vs_full=+1.05%)  alpha=747.1s  build=0.004s solve=0.038s  vs_full=+0.00%
  [3e] Subgraph / bl-union k=2 …
2026-07-01 18:29:47.139 | INFO     | pycaalp.time_balancing.model:run_mip:430 - Running MIP solver ...
      obj=0.859 (vs_full=+0.08%)  alpha=747.1s  build=0.036s solve=0.302s  vs_full=+0.00%
  [3f] Subgraph / diverse  k=2 …
2026-07-01 18:29:47.441 | INFO     | pycaalp.time_balancing.model:run_mip:430 - Running MIP solver ...
      obj=0.868 (vs_full=+1.05%)  alpha=747.1s  build=0.008s solve=0.128s  vs_full=+0.00%

k = 5
  Subgraph edges — edge_w: 21 (1.9%)  bal_w: 44 (4.0%)  combined: 65 (5.9%)  blended: 21 (1.9%)  blended_union: 60 (5.4%)  diverse: 65 (5.9%)
  [3a] Subgraph / edge_w   k=5 …
2026-07-01 18:29:47.734 | INFO     | pycaalp.time_balancing.model:run_mip:430 - Running MIP solver ...
      obj=0.881 (vs_full=+2.65%)  alpha=788.3s  build=0.023s solve=0.198s  vs_full=+5.52%
  [3b] Subgraph / bal_w    k=5 …
2026-07-01 18:29:47.932 | INFO     | pycaalp.time_balancing.model:run_mip:430 - Running MIP solver ...
      obj=0.970 (vs_full=+12.97%)  alpha=731.8s  build=0.031s solve=0.298s  vs_full=-2.05%
  [3c] Subgraph / combined k=5 …
2026-07-01 18:29:48.230 | INFO     | pycaalp.time_balancing.model:run_mip:430 - Running MIP solver ...
      obj=0.881 (vs_full=+2.65%)  alpha=788.3s  build=0.030s solve=0.210s  vs_full=+5.52%
  [3d] Subgraph / blended  k=5 …
2026-07-01 18:29:48.441 | INFO     | pycaalp.time_balancing.model:run_mip:430 - Running MIP solver ...
      obj=0.868 (vs_full=+1.05%)  alpha=747.1s  build=0.013s solve=0.090s  vs_full=+0.00%
  [3e] Subgraph / bl-union k=5 …
2026-07-01 18:29:48.530 | INFO     | pycaalp.time_balancing.model:run_mip:430 - Running MIP solver ...
      obj=0.859 (vs_full=+0.08%)  alpha=747.1s  build=0.061s solve=0.630s  vs_full=+0.00%
  [3f] Subgraph / diverse  k=5 …
2026-07-01 18:29:49.161 | INFO     | pycaalp.time_balancing.model:run_mip:430 - Running MIP solver ...
      obj=0.868 (vs_full=+1.05%)  alpha=747.1s  build=0.006s solve=0.242s  vs_full=+0.00%

k = 10
  Subgraph edges — edge_w: 24 (2.2%)  bal_w: 57 (5.2%)  combined: 81 (7.3%)  blended: 26 (2.4%)  blended_union: 75 (6.8%)  diverse: 126 (11.4%)
  [3a] Subgraph / edge_w   k=10 …
2026-07-01 18:29:49.727 | INFO     | pycaalp.time_balancing.model:run_mip:430 - Running MIP solver ...
      obj=0.881 (vs_full=+2.65%)  alpha=788.3s  build=0.038s solve=0.395s  vs_full=+5.52%
  [3b] Subgraph / bal_w    k=10 …
2026-07-01 18:29:50.123 | INFO     | pycaalp.time_balancing.model:run_mip:430 - Running MIP solver ...
      obj=0.969 (vs_full=+12.89%)  alpha=731.8s  build=0.049s solve=0.353s  vs_full=-2.05%
  [3c] Subgraph / combined k=10 …
2026-07-01 18:29:50.476 | INFO     | pycaalp.time_balancing.model:run_mip:430 - Running MIP solver ...
      obj=0.881 (vs_full=+2.65%)  alpha=788.3s  build=0.073s solve=0.533s  vs_full=+5.52%
  [3d] Subgraph / blended  k=10 …
2026-07-01 18:29:51.010 | INFO     | pycaalp.time_balancing.model:run_mip:430 - Running MIP solver ...
      obj=0.868 (vs_full=+1.05%)  alpha=747.1s  build=0.042s solve=0.248s  vs_full=+0.00%
  [3e] Subgraph / bl-union k=10 …
2026-07-01 18:29:51.258 | INFO     | pycaalp.time_balancing.model:run_mip:430 - Running MIP solver ...
      obj=0.859 (vs_full=+0.08%)  alpha=747.1s  build=0.112s solve=0.333s  vs_full=+0.00%
  [3f] Subgraph / diverse  k=10 …
2026-07-01 18:29:51.591 | INFO     | pycaalp.time_balancing.model:run_mip:430 - Running MIP solver ...
      obj=0.868 (vs_full=+1.05%)  alpha=747.1s  build=0.011s solve=0.412s  vs_full=+0.00%

k = 20
  Subgraph edges — edge_w: 35 (3.2%)  bal_w: 73 (6.6%)  combined: 107 (9.7%)  blended: 33 (3.0%)  blended_union: 93 (8.4%)  diverse: 239 (21.6%)
  [3a] Subgraph / edge_w   k=20 …
2026-07-01 18:29:52.698 | INFO     | pycaalp.time_balancing.model:run_mip:430 - Running MIP solver ...
      obj=0.881 (vs_full=+2.65%)  alpha=788.3s  build=0.082s solve=0.322s  vs_full=+5.52%
  [3b] Subgraph / bal_w    k=20 …
2026-07-01 18:29:53.020 | INFO     | pycaalp.time_balancing.model:run_mip:430 - Running MIP solver ...
      obj=0.943 (vs_full=+9.86%)  alpha=754.4s  build=0.117s solve=0.352s  vs_full=+0.98%
  [3c] Subgraph / combined k=20 …
2026-07-01 18:29:53.372 | INFO     | pycaalp.time_balancing.model:run_mip:430 - Running MIP solver ...
      obj=0.880 (vs_full=+2.49%)  alpha=754.4s  build=0.179s solve=0.719s  vs_full=+0.98%
  [3d] Subgraph / blended  k=20 …
2026-07-01 18:29:54.091 | INFO     | pycaalp.time_balancing.model:run_mip:430 - Running MIP solver ...
      obj=0.868 (vs_full=+1.05%)  alpha=747.1s  build=0.057s solve=0.107s  vs_full=+0.00%
  [3e] Subgraph / bl-union k=20 …
2026-07-01 18:29:54.199 | INFO     | pycaalp.time_balancing.model:run_mip:430 - Running MIP solver ...
      obj=0.859 (vs_full=+0.08%)  alpha=747.1s  build=0.234s solve=0.737s  vs_full=+0.00%
  [3f] Subgraph / diverse  k=20 …
2026-07-01 18:29:54.936 | INFO     | pycaalp.time_balancing.model:run_mip:430 - Running MIP solver ...
      obj=0.868 (vs_full=+1.05%)  alpha=747.1s  build=0.027s solve=3.417s  vs_full=+0.00%

k = 50
  Subgraph edges — edge_w: 54 (4.9%)  bal_w: 141 (12.8%)  combined: 190 (17.2%)  blended: 56 (5.1%)  blended_union: 146 (13.2%)  diverse: 509 (46.1%)
  [3a] Subgraph / edge_w   k=50 …
2026-07-01 18:29:59.902 | INFO     | pycaalp.time_balancing.model:run_mip:430 - Running MIP solver ...
      obj=0.877 (vs_full=+2.15%)  alpha=780.8s  build=0.170s solve=0.335s  vs_full=+4.51%
  [3b] Subgraph / bal_w    k=50 …
2026-07-01 18:30:00.238 | INFO     | pycaalp.time_balancing.model:run_mip:430 - Running MIP solver ...
      obj=0.934 (vs_full=+8.76%)  alpha=731.8s  build=0.271s solve=1.282s  vs_full=-2.05%
  [3c] Subgraph / combined k=50 …
2026-07-01 18:30:01.520 | INFO     | pycaalp.time_balancing.model:run_mip:430 - Running MIP solver ...
      obj=0.877 (vs_full=+2.15%)  alpha=780.8s  build=0.364s solve=1.596s  vs_full=+4.51%
  [3d] Subgraph / blended  k=50 …
2026-07-01 18:30:03.116 | INFO     | pycaalp.time_balancing.model:run_mip:430 - Running MIP solver ...
      obj=0.868 (vs_full=+1.05%)  alpha=747.1s  build=0.147s solve=0.459s  vs_full=+0.00%
  [3e] Subgraph / bl-union k=50 …
2026-07-01 18:30:03.575 | INFO     | pycaalp.time_balancing.model:run_mip:430 - Running MIP solver ...
      obj=0.859 (vs_full=+0.08%)  alpha=747.1s  build=0.561s solve=2.010s  vs_full=+0.00%
  [3f] Subgraph / diverse  k=50 …
2026-07-01 18:30:05.585 | INFO     | pycaalp.time_balancing.model:run_mip:430 - Running MIP solver ...
      obj=0.860 (vs_full=+0.18%)  alpha=747.1s  build=0.037s solve=4.862s  vs_full=+0.00%

k = 100
  Subgraph edges — edge_w: 78 (7.1%)  bal_w: 189 (17.1%)  combined: 257 (23.3%)  blended: 63 (5.7%)  blended_union: 190 (17.2%)  diverse: 743 (67.2%)
  [3a] Subgraph / edge_w   k=100 …
2026-07-01 18:30:13.594 | INFO     | pycaalp.time_balancing.model:run_mip:430 - Running MIP solver ...
      obj=0.877 (vs_full=+2.15%)  alpha=780.8s  build=0.351s solve=0.520s  vs_full=+4.51%
  [3b] Subgraph / bal_w    k=100 …
2026-07-01 18:30:14.115 | INFO     | pycaalp.time_balancing.model:run_mip:430 - Running MIP solver ...
      obj=0.934 (vs_full=+8.76%)  alpha=731.8s  build=0.455s solve=1.929s  vs_full=-2.05%
  [3c] Subgraph / combined k=100 …
2026-07-01 18:30:16.044 | INFO     | pycaalp.time_balancing.model:run_mip:430 - Running MIP solver ...
      obj=0.877 (vs_full=+2.15%)  alpha=780.8s  build=0.811s solve=3.248s  vs_full=+4.51%
  [3d] Subgraph / blended  k=100 …
2026-07-01 18:30:19.292 | INFO     | pycaalp.time_balancing.model:run_mip:430 - Running MIP solver ...
      obj=0.868 (vs_full=+1.05%)  alpha=747.1s  build=0.426s solve=0.250s  vs_full=+0.00%
  [3e] Subgraph / bl-union k=100 …
2026-07-01 18:30:19.542 | INFO     | pycaalp.time_balancing.model:run_mip:430 - Running MIP solver ...
      obj=0.859 (vs_full=+0.08%)  alpha=747.1s  build=1.035s solve=1.022s  vs_full=+0.00%
  [3f] Subgraph / diverse  k=100 …
2026-07-01 18:30:20.565 | INFO     | pycaalp.time_balancing.model:run_mip:430 - Running MIP solver ...
      obj=0.860 (vs_full=+0.18%)  alpha=747.1s  build=0.069s solve=15.328s  vs_full=+0.00%

k = 200
  Subgraph edges — edge_w: 95 (8.6%)  bal_w: 258 (23.3%)  combined: 339 (30.7%)  blended: 64 (5.8%)  blended_union: 203 (18.4%)  diverse: 913 (82.6%)
  [3a] Subgraph / edge_w   k=200 …
2026-07-01 18:30:42.009 | INFO     | pycaalp.time_balancing.model:run_mip:430 - Running MIP solver ...
      obj=0.877 (vs_full=+2.15%)  alpha=780.8s  build=0.712s solve=0.633s  vs_full=+4.51%
  [3b] Subgraph / bal_w    k=200 …
2026-07-01 18:30:42.642 | INFO     | pycaalp.time_balancing.model:run_mip:430 - Running MIP solver ...
      obj=0.929 (vs_full=+8.17%)  alpha=747.1s  build=0.797s solve=1.918s  vs_full=+0.00%
  [3c] Subgraph / combined k=200 …
2026-07-01 18:30:44.560 | INFO     | pycaalp.time_balancing.model:run_mip:430 - Running MIP solver ...
      obj=0.865 (vs_full=+0.79%)  alpha=747.1s  build=1.482s solve=1.778s  vs_full=+0.00%
  [3d] Subgraph / blended  k=200 …
2026-07-01 18:30:46.339 | INFO     | pycaalp.time_balancing.model:run_mip:430 - Running MIP solver ...
      obj=0.868 (vs_full=+1.05%)  alpha=747.1s  build=0.786s solve=0.597s  vs_full=+0.00%
  [3e] Subgraph / bl-union k=200 …
2026-07-01 18:30:46.936 | INFO     | pycaalp.time_balancing.model:run_mip:430 - Running MIP solver ...
      obj=0.859 (vs_full=+0.08%)  alpha=747.1s  build=2.175s solve=1.273s  vs_full=+0.00%
  [3f] Subgraph / diverse  k=200 …
2026-07-01 18:30:48.209 | INFO     | pycaalp.time_balancing.model:run_mip:430 - Running MIP solver ...
      obj=0.860 (vs_full=+0.18%)  alpha=747.1s  build=0.164s solve=25.655s  vs_full=+0.00%

k = 500
  Subgraph edges — edge_w: 108 (9.8%)  bal_w: 399 (36.1%)  combined: 459 (41.5%)  blended: 70 (6.3%)  blended_union: 247 (22.4%)  diverse: 1047 (94.8%)
  [3a] Subgraph / edge_w   k=500 …
2026-07-01 18:31:28.916 | INFO     | pycaalp.time_balancing.model:run_mip:430 - Running MIP solver ...
      obj=0.877 (vs_full=+2.15%)  alpha=780.8s  build=1.726s solve=0.470s  vs_full=+4.51%
  [3b] Subgraph / bal_w    k=500 …
2026-07-01 18:31:29.386 | INFO     | pycaalp.time_balancing.model:run_mip:430 - Running MIP solver ...
      obj=0.920 (vs_full=+7.18%)  alpha=731.8s  build=1.868s solve=6.270s  vs_full=-2.05%
  [3c] Subgraph / combined k=500 …
2026-07-01 18:31:35.656 | INFO     | pycaalp.time_balancing.model:run_mip:430 - Running MIP solver ...
      obj=0.865 (vs_full=+0.79%)  alpha=747.1s  build=3.525s solve=5.173s  vs_full=+0.00%
  [3d] Subgraph / blended  k=500 …
2026-07-01 18:31:40.829 | INFO     | pycaalp.time_balancing.model:run_mip:430 - Running MIP solver ...
      obj=0.868 (vs_full=+1.05%)  alpha=747.1s  build=2.073s solve=0.512s  vs_full=+0.00%
  [3e] Subgraph / bl-union k=500 …
2026-07-01 18:31:41.341 | INFO     | pycaalp.time_balancing.model:run_mip:430 - Running MIP solver ...
      obj=0.859 (vs_full=+0.08%)  alpha=747.1s  build=5.363s solve=1.645s  vs_full=+0.00%
  [3f] Subgraph / diverse  k=500 …
2026-07-01 18:31:42.986 | INFO     | pycaalp.time_balancing.model:run_mip:430 - Running MIP solver ...
      obj=0.859 (vs_full=+0.00%)  alpha=747.1s  build=0.498s solve=60.235s  vs_full=+0.00%

k = 1000
  Subgraph edges — edge_w: 142 (12.9%)  bal_w: 500 (45.2%)  combined: 578 (52.3%)  blended: 149 (13.5%)  blended_union: 284 (25.7%)  diverse: 1098 (99.4%)
  [3a] Subgraph / edge_w   k=1000 …
2026-07-01 18:33:15.029 | INFO     | pycaalp.time_balancing.model:run_mip:430 - Running MIP solver ...
      obj=0.859 (vs_full=+0.00%)  alpha=747.1s  build=3.633s solve=0.717s  vs_full=+0.00%
  [3b] Subgraph / bal_w    k=1000 …
2026-07-01 18:33:15.747 | INFO     | pycaalp.time_balancing.model:run_mip:430 - Running MIP solver ...
      obj=0.920 (vs_full=+7.18%)  alpha=731.8s  build=3.773s solve=9.495s  vs_full=-2.05%
  [3c] Subgraph / combined k=1000 …
2026-07-01 18:33:25.242 | INFO     | pycaalp.time_balancing.model:run_mip:430 - Running MIP solver ...
      obj=0.859 (vs_full=+0.00%)  alpha=747.1s  build=7.469s solve=7.690s  vs_full=+0.00%
  [3d] Subgraph / blended  k=1000 …
2026-07-01 18:33:32.932 | INFO     | pycaalp.time_balancing.model:run_mip:430 - Running MIP solver ...
      obj=0.864 (vs_full=+0.64%)  alpha=747.1s  build=4.312s solve=0.811s  vs_full=+0.00%
  [3e] Subgraph / bl-union k=1000 …
2026-07-01 18:33:33.743 | INFO     | pycaalp.time_balancing.model:run_mip:430 - Running MIP solver ...
      obj=0.859 (vs_full=+0.00%)  alpha=747.1s  build=11.474s solve=1.610s  vs_full=+0.00%
  [3f] Subgraph / diverse  k=1000 …
2026-07-01 18:33:35.354 | INFO     | pycaalp.time_balancing.model:run_mip:430 - Running MIP solver ...
      obj=0.859 (vs_full=+0.00%)  alpha=747.1s  build=1.145s solve=91.407s  vs_full=+0.00%

k = 2000
  Subgraph edges — edge_w: 185 (16.7%)  bal_w: 630 (57.0%)  combined: 685 (62.0%)  blended: 178 (16.1%)  blended_union: 335 (30.3%)  diverse: 1105 (100.0%)
  [3a] Subgraph / edge_w   k=2000 …
2026-07-01 18:36:14.683 | INFO     | pycaalp.time_balancing.model:run_mip:430 - Running MIP solver ...
      obj=0.859 (vs_full=+0.00%)  alpha=747.1s  build=7.987s solve=0.925s  vs_full=+0.00%
  [3b] Subgraph / bal_w    k=2000 …
2026-07-01 18:36:15.608 | INFO     | pycaalp.time_balancing.model:run_mip:430 - Running MIP solver ...
      obj=0.920 (vs_full=+7.17%)  alpha=731.8s  build=7.827s solve=29.026s  vs_full=-2.05%
  [3c] Subgraph / combined k=2000 …
2026-07-01 18:36:44.634 | INFO     | pycaalp.time_balancing.model:run_mip:430 - Running MIP solver ...
      obj=0.859 (vs_full=+0.00%)  alpha=747.1s  build=15.479s solve=12.653s  vs_full=+0.00%
  [3d] Subgraph / blended  k=2000 …
2026-07-01 18:36:57.287 | INFO     | pycaalp.time_balancing.model:run_mip:430 - Running MIP solver ...
      obj=0.864 (vs_full=+0.64%)  alpha=747.1s  build=9.394s solve=0.998s  vs_full=+0.00%
  [3e] Subgraph / bl-union k=2000 …
2026-07-01 18:36:58.285 | INFO     | pycaalp.time_balancing.model:run_mip:430 - Running MIP solver ...
      obj=0.859 (vs_full=+0.00%)  alpha=747.1s  build=25.393s solve=3.720s  vs_full=+0.00%
  [3f] Subgraph / diverse  k=2000 …
2026-07-01 18:37:02.006 | INFO     | pycaalp.time_balancing.model:run_mip:430 - Running MIP solver ...
      obj=0.859 (vs_full=+0.00%)  alpha=747.1s  build=1.841s solve=60.657s  vs_full=+0.00%

k = 5000
  Subgraph edges — edge_w: 232 (21.0%)  bal_w: 799 (72.3%)  combined: 830 (75.1%)  blended: 259 (23.4%)  blended_union: 355 (32.1%)  diverse: 1105 (100.0%)
  [3a] Subgraph / edge_w   k=5000 …
2026-07-01 18:41:58.602 | INFO     | pycaalp.time_balancing.model:run_mip:430 - Running MIP solver ...
      obj=0.859 (vs_full=+0.00%)  alpha=747.1s  build=28.448s solve=3.324s  vs_full=+0.00%
  [3b] Subgraph / bal_w    k=5000 …
2026-07-01 18:42:01.926 | INFO     | pycaalp.time_balancing.model:run_mip:430 - Running MIP solver ...
      obj=0.920 (vs_full=+7.17%)  alpha=731.8s  build=25.970s solve=20.209s  vs_full=-2.05%
  [3c] Subgraph / combined k=5000 …
2026-07-01 18:42:22.135 | INFO     | pycaalp.time_balancing.model:run_mip:430 - Running MIP solver ...
      obj=0.859 (vs_full=+0.00%)  alpha=747.1s  build=59.442s solve=25.524s  vs_full=+0.00%
  [3d] Subgraph / blended  k=5000 …
2026-07-01 18:42:47.659 | INFO     | pycaalp.time_balancing.model:run_mip:430 - Running MIP solver ...
      obj=0.864 (vs_full=+0.64%)  alpha=747.1s  build=33.615s solve=1.521s  vs_full=+0.00%
  [3e] Subgraph / bl-union k=5000 …
2026-07-01 18:42:49.179 | INFO     | pycaalp.time_balancing.model:run_mip:430 - Running MIP solver ...
      obj=0.859 (vs_full=+0.00%)  alpha=747.1s  build=84.033s solve=3.464s  vs_full=+0.00%
  [3f] Subgraph / diverse  k=5000 …
2026-07-01 18:42:52.644 | INFO     | pycaalp.time_balancing.model:run_mip:430 - Running MIP solver ...
      obj=0.859 (vs_full=+0.00%)  alpha=747.1s  build=4.429s solve=42.984s  vs_full=+0.00%

Results saved to experiments/strategy_comparison/assembly_1_np_3/strategy_comparison_lambda_0.6.csv
Plot with:  python -m experiments.strategy_comparison.plot_k_sensitivity

============================================================================================================================
SUMMARY — assembly_1  P=3  λ=0.6
============================================================================================================================
Strategy       Weight                      k   Build    Solve    Total  Spdup       Obj   ObjvsF     Alpha    AlvsF   Edges  %Grph
----------------------------------------------------------------------------------------------------------------------------
full_mip       —                               0.000   56.299   56.299   1.0x     0.859    +0.00    747.12    +0.00    1105  100.0
subgraph_mip   edge_weight                 1   0.001    0.035    0.037 1538.5x     0.884    +2.93    792.00    +6.01      13    1.2
subgraph_mip   time_balanced_weight        1   0.001    0.039    0.040 1393.4x     0.974   +13.42    731.84    -2.05      13    1.2
subgraph_mip   combined                    1   0.002    0.670    0.672  83.8x     0.884    +2.93    792.00    +6.01      26    2.4
subgraph_mip   blended                     1   0.001    0.034    0.034 1632.4x     0.868    +1.05    747.12    +0.00      13    1.2
subgraph_mip   blended_union               1   0.016    0.610    0.626  89.9x     0.859    +0.08    747.12    +0.00      37    3.4
subgraph_mip   diverse                     1   0.010    0.022    0.032 1766.2x     0.868    +1.05    747.12    +0.00      13    1.2
subgraph_mip   edge_weight                 2   0.004    0.240    0.244 230.4x     0.881    +2.65    788.33    +5.52      15    1.4
subgraph_mip   time_balanced_weight        2   0.005    0.069    0.074 760.2x     0.970   +12.97    731.84    -2.05      15    1.4
subgraph_mip   combined                    2   0.009    0.177    0.186 303.3x     0.881    +2.65    788.33    +5.52      30    2.7
subgraph_mip   blended                     2   0.004    0.038    0.041 1357.9x     0.868    +1.05    747.12    +0.00      15    1.4
subgraph_mip   blended_union               2   0.036    0.302    0.338 166.4x     0.859    +0.08    747.12    +0.00      42    3.8
subgraph_mip   diverse                     2   0.008    0.128    0.135 415.5x     0.868    +1.05    747.12    +0.00      26    2.4
subgraph_mip   edge_weight                 5   0.023    0.198    0.221 254.4x     0.881    +2.65    788.33    +5.52      21    1.9
subgraph_mip   time_balanced_weight        5   0.031    0.298    0.329 171.1x     0.970   +12.97    731.84    -2.05      44    4.0
subgraph_mip   combined                    5   0.030    0.210    0.240 234.1x     0.881    +2.65    788.33    +5.52      65    5.9
subgraph_mip   blended                     5   0.013    0.090    0.102 550.4x     0.868    +1.05    747.12    +0.00      21    1.9
subgraph_mip   blended_union               5   0.061    0.630    0.692  81.4x     0.859    +0.08    747.12    +0.00      60    5.4
subgraph_mip   diverse                     5   0.006    0.242    0.248 226.6x     0.868    +1.05    747.12    +0.00      65    5.9
subgraph_mip   edge_weight                10   0.038    0.395    0.433 130.0x     0.881    +2.65    788.33    +5.52      24    2.2
subgraph_mip   time_balanced_weight       10   0.049    0.353    0.402 140.1x     0.969   +12.89    731.84    -2.05      57    5.2
subgraph_mip   combined                   10   0.073    0.533    0.606  92.9x     0.881    +2.65    788.33    +5.52      81    7.3
subgraph_mip   blended                    10   0.042    0.248    0.290 193.9x     0.868    +1.05    747.12    +0.00      26    2.4
subgraph_mip   blended_union              10   0.112    0.333    0.445 126.7x     0.859    +0.08    747.12    +0.00      75    6.8
subgraph_mip   diverse                    10   0.011    0.412    0.422 133.3x     0.868    +1.05    747.12    +0.00     126   11.4
subgraph_mip   edge_weight                20   0.082    0.322    0.405 139.1x     0.881    +2.65    788.33    +5.52      35    3.2
subgraph_mip   time_balanced_weight       20   0.117    0.352    0.469 120.1x     0.943    +9.86    754.42    +0.98      73    6.6
subgraph_mip   combined                   20   0.179    0.719    0.897  62.7x     0.880    +2.49    754.42    +0.98     107    9.7
subgraph_mip   blended                    20   0.057    0.107    0.164 343.1x     0.868    +1.05    747.12    +0.00      33    3.0
subgraph_mip   blended_union              20   0.234    0.737    0.971  58.0x     0.859    +0.08    747.12    +0.00      93    8.4
subgraph_mip   diverse                    20   0.027    3.417    3.444  16.4x     0.868    +1.05    747.12    +0.00     239   21.6
subgraph_mip   edge_weight                50   0.170    0.335    0.505 111.4x     0.877    +2.15    780.81    +4.51      54    4.9
subgraph_mip   time_balanced_weight       50   0.271    1.282    1.552  36.3x     0.934    +8.76    731.84    -2.05     141   12.8
subgraph_mip   combined                   50   0.364    1.596    1.960  28.7x     0.877    +2.15    780.81    +4.51     190   17.2
subgraph_mip   blended                    50   0.147    0.459    0.606  92.9x     0.868    +1.05    747.12    +0.00      56    5.1
subgraph_mip   blended_union              50   0.561    2.010    2.572  21.9x     0.859    +0.08    747.12    +0.00     146   13.2
subgraph_mip   diverse                    50   0.037    4.862    4.899  11.5x     0.860    +0.18    747.12    +0.00     509   46.1
subgraph_mip   edge_weight               100   0.351    0.520    0.872  64.6x     0.877    +2.15    780.81    +4.51      78    7.1
subgraph_mip   time_balanced_weight      100   0.455    1.929    2.383  23.6x     0.934    +8.76    731.84    -2.05     189   17.1
subgraph_mip   combined                  100   0.811    3.248    4.059  13.9x     0.877    +2.15    780.81    +4.51     257   23.3
subgraph_mip   blended                   100   0.426    0.250    0.675  83.4x     0.868    +1.05    747.12    +0.00      63    5.7
subgraph_mip   blended_union             100   1.035    1.022    2.057  27.4x     0.859    +0.08    747.12    +0.00     190   17.2
subgraph_mip   diverse                   100   0.069   15.328   15.398   3.7x     0.860    +0.18    747.12    +0.00     743   67.2
subgraph_mip   edge_weight               200   0.712    0.633    1.345  41.9x     0.877    +2.15    780.81    +4.51      95    8.6
subgraph_mip   time_balanced_weight      200   0.797    1.918    2.716  20.7x     0.929    +8.17    747.12    +0.00     258   23.4
subgraph_mip   combined                  200   1.482    1.778    3.261  17.3x     0.865    +0.79    747.12    +0.00     339   30.7
subgraph_mip   blended                   200   0.786    0.597    1.382  40.7x     0.868    +1.05    747.12    +0.00      64    5.8
subgraph_mip   blended_union             200   2.175    1.273    3.448  16.3x     0.859    +0.08    747.12    +0.00     203   18.4
subgraph_mip   diverse                   200   0.164   25.655   25.819   2.2x     0.860    +0.18    747.12    +0.00     913   82.6
subgraph_mip   edge_weight               500   1.726    0.470    2.196  25.6x     0.877    +2.15    780.81    +4.51     108    9.8
subgraph_mip   time_balanced_weight      500   1.868    6.270    8.137   6.9x     0.920    +7.18    731.84    -2.05     399   36.1
subgraph_mip   combined                  500   3.525    5.173    8.698   6.5x     0.865    +0.79    747.12    +0.00     459   41.5
subgraph_mip   blended                   500   2.073    0.512    2.585  21.8x     0.868    +1.05    747.12    +0.00      70    6.3
subgraph_mip   blended_union             500   5.363    1.645    7.008   8.0x     0.859    +0.08    747.12    +0.00     247   22.4
subgraph_mip   diverse                   500   0.498   60.235   60.733   0.9x     0.859    +0.00    747.12    +0.00    1047   94.8
subgraph_mip   edge_weight              1000   3.633    0.717    4.350  12.9x     0.859    +0.00    747.12    +0.00     142   12.8
subgraph_mip   time_balanced_weight     1000   3.773    9.495   13.269   4.2x     0.920    +7.18    731.84    -2.05     500   45.2
subgraph_mip   combined                 1000   7.469    7.690   15.159   3.7x     0.859    +0.00    747.12    +0.00     578   52.3
subgraph_mip   blended                  1000   4.312    0.811    5.124  11.0x     0.864    +0.64    747.12    +0.00     149   13.5
subgraph_mip   blended_union            1000  11.474    1.610   13.085   4.3x     0.859    +0.00    747.12    +0.00     284   25.7
subgraph_mip   diverse                  1000   1.145   91.407   92.552   0.6x     0.859    +0.00    747.12    +0.00    1098   99.4
subgraph_mip   edge_weight              2000   7.987    0.925    8.912   6.3x     0.859    +0.00    747.12    +0.00     185   16.7
subgraph_mip   time_balanced_weight     2000   7.827   29.026   36.853   1.5x     0.920    +7.17    731.84    -2.05     630   57.0
subgraph_mip   combined                 2000  15.479   12.653   28.132   2.0x     0.859    +0.00    747.12    +0.00     685   62.0
subgraph_mip   blended                  2000   9.394    0.998   10.392   5.4x     0.864    +0.64    747.12    +0.00     178   16.1
subgraph_mip   blended_union            2000  25.393    3.720   29.113   1.9x     0.859    +0.00    747.12    +0.00     335   30.3
subgraph_mip   diverse                  2000   1.841   60.657   62.498   0.9x     0.859    +0.00    747.12    +0.00    1105  100.0
subgraph_mip   edge_weight              5000  28.448    3.324   31.772   1.8x     0.859    +0.00    747.12    +0.00     232   21.0
subgraph_mip   time_balanced_weight     5000  25.970   20.209   46.180   1.2x     0.920    +7.17    731.84    -2.05     799   72.3
subgraph_mip   combined                 5000  59.442   25.524   84.966   0.7x     0.859    +0.00    747.12    +0.00     830   75.1
subgraph_mip   blended                  5000  33.615    1.521   35.135   1.6x     0.864    +0.64    747.12    +0.00     259   23.4
subgraph_mip   blended_union            5000  84.033    3.464   87.497   0.6x     0.859    +0.00    747.12    +0.00     355   32.1
subgraph_mip   diverse                  5000   4.429   42.984   47.413   1.2x     0.859    +0.00    747.12    +0.00    1105  100.0
============================================================================================================================

----------------- λ = 0.65 -----------------
========================================================================
Strategy Comparison Experiment — assembly_1  P=3  λ=0.65
========================================================================

Building assembly digraph …
2026-07-01 18:28:48.471 | INFO     | pycaalp.gapp.assembly_digraph:compute_assembly_digraph_complete:395 - Computing assembly digraph...
  343 nodes, 1105 edges  (0.3s)

[1] Full MIP  P=3  λ=0.65
2026-07-01 18:28:48.769 | INFO     | pycaalp.time_balancing.model:run_mip:430 - Running MIP solver ...
presolving:
(round 1, fast)       2 del vars, 2 del conss, 0 add conss, 0 chg bounds, 0 chg sides, 0 chg coeffs, 0 upgd conss, 0 impls, 69 clqs, 0 implints
(round 2, exhaustive) 2 del vars, 2 del conss, 0 add conss, 1 chg bounds, 0 chg sides, 0 chg coeffs, 3408 upgd conss, 0 impls, 69 clqs, 0 implints
   (0.2s) probing: 1000/1181 (84.7%) - 0 fixings, 0 aggregations, 131997 implications, 0 bound changes
   (0.2s) probing: 1001/1181 (84.8%) - 0 fixings, 0 aggregations, 132060 implications, 0 bound changes
   (0.2s) probing aborted: 1000/1000 successive useless probings
   (0.2s) symmetry computation started: requiring (bin +, int +, cont +), (fixed: bin -, int -, cont -)
   (0.2s) no symmetry present (symcode time: 0.00)
presolving (3 rounds: 3 fast, 2 medium, 2 exhaustive):
 2 deleted vars, 2 deleted constraints, 0 added constraints, 1 tightened bounds, 0 added holes, 0 changed sides, 0 changed coefficients
 0 implications, 12312 cliques, 0 implied integral variables (0 bin, 0 int, 0 cont)
presolved problem has 1182 variables (1181 bin, 0 int, 1 cont) and 3721 constraints
     69 constraints of type <setppc>
    313 constraints of type <linear>
   3339 constraints of type <logicor>
Presolving Time: 0.22

 time | node  | left  |LP iter|LP it/n|mem/heur|mdpt |vars |cons |rows |cuts |sepa|confs|strbr|  dualbound   | primalbound  |  gap   | compl. 
p 0.2s|     1 |     0 |     0 |     - | vbounds|   0 |1182 |3752 |3721 |   0 |  0 |  30 |   0 | 0.000000e+00 | 1.972029e+00 |    Inf | unknown
p 0.3s|     1 |     0 |    89 |     - | vbounds|   0 |1182 |3764 |3721 |   0 |  0 |  42 |   0 | 0.000000e+00 | 1.249171e+00 |    Inf | unknown
  0.3s|     1 |     0 |   381 |     - |    29M |   0 |1182 |3764 |3721 |   0 |  0 |  42 |   0 | 8.329273e-01 | 1.249171e+00 |  49.97%| unknown
  0.6s|     1 |     0 |   440 |     - |    31M |   0 |1182 |3765 |3724 |   3 |  1 |  43 |   0 | 8.329341e-01 | 1.249171e+00 |  49.97%| unknown
  0.9s|     1 |     0 |   462 |     - |    36M |   0 |1182 |3775 |3727 |   6 |  2 |  53 |   0 | 8.329423e-01 | 1.249171e+00 |  49.97%| unknown
  1.2s|     1 |     0 |   486 |     - |    42M |   0 |1182 |3777 |3730 |   9 |  3 |  55 |   0 | 8.330080e-01 | 1.249171e+00 |  49.96%| unknown
  1.6s|     1 |     0 |   500 |     - |    47M |   0 |1182 |3781 |3734 |  13 |  4 |  59 |   0 | 8.330080e-01 | 1.249171e+00 |  49.96%| unknown
  2.0s|     1 |     0 |   527 |     - |    51M |   0 |1182 |3781 |3737 |  16 |  5 |  59 |   0 | 8.330080e-01 | 1.249171e+00 |  49.96%| unknown
  2.6s|     1 |     0 |   541 |     - |    60M |   0 |1182 |3777 |3739 |  18 |  6 |  60 |   0 | 8.330080e-01 | 1.249171e+00 |  49.96%| unknown
  3.1s|     1 |     0 |   552 |     - |    64M |   0 |1182 |3782 |3741 |  20 |  7 |  67 |   0 | 8.330080e-01 | 1.249171e+00 |  49.96%| unknown
  3.6s|     1 |     0 |   566 |     - |    70M |   0 |1182 |3787 |3744 |  23 |  8 |  76 |   0 | 8.330080e-01 | 1.249171e+00 |  49.96%| unknown
  4.0s|     1 |     0 |   576 |     - |    78M |   0 |1182 |3788 |3746 |  25 |  9 |  77 |   0 | 8.330080e-01 | 1.249171e+00 |  49.96%| unknown
  4.3s|     1 |     0 |   583 |     - |    88M |   0 |1182 |3791 |3748 |  27 | 10 |  80 |   0 | 8.330080e-01 | 1.249171e+00 |  49.96%| unknown
  4.3s|     1 |     0 |   599 |     - |    88M |   0 |1182 |3801 |3749 |  28 | 11 |  90 |   0 | 8.330080e-01 | 1.249171e+00 |  49.96%| unknown
  4.4s|     1 |     0 |   609 |     - |    89M |   0 |1182 |3797 |3750 |  29 | 12 |  90 |   0 | 8.330080e-01 | 1.249171e+00 |  49.96%| unknown
 time | node  | left  |LP iter|LP it/n|mem/heur|mdpt |vars |cons |rows |cuts |sepa|confs|strbr|  dualbound   | primalbound  |  gap   | compl. 
  4.4s|     1 |     0 |   613 |     - |    89M |   0 |1182 |3805 |3753 |  32 | 13 |  98 |   0 | 8.330080e-01 | 1.249171e+00 |  49.96%| unknown
d 4.5s|     1 |     0 |  1013 |     - |farkasdi|   0 |1182 |3810 |3753 |   0 | 14 | 107 |   0 | 8.330080e-01 | 9.149386e-01 |   9.84%| unknown
L 4.6s|     1 |     0 |  1592 |     - |    rens|   0 |1182 |3813 |3753 |  32 | 14 | 116 |   0 | 8.330080e-01 | 8.852543e-01 |   6.27%| unknown
  4.6s|     1 |     0 |  1592 |     - |    90M |   0 |1182 |3813 |3753 |  32 | 14 | 116 |   0 | 8.330080e-01 | 8.852543e-01 |   6.27%| unknown
  4.6s|     1 |     0 |  1592 |     - |    90M |   0 |1182 |3814 |3642 |  32 | 14 | 121 |   0 | 8.330080e-01 | 8.852543e-01 |   6.27%| unknown
  4.6s|     1 |     0 |  1592 |     - |    90M |   0 |1182 |3808 |3629 |  32 | 15 | 121 |   0 | 8.330080e-01 | 8.852543e-01 |   6.27%| unknown
  4.8s|     1 |     2 |  1592 |     - |    90M |   0 |1182 |3800 |3629 |  32 | 15 | 121 |  19 | 8.330114e-01 | 8.852543e-01 |   6.27%| unknown
(run 1, node 1) restarting after 41 global fixings of integer variables

(restart) converted 30 cuts from the global cut pool into linear constraints

presolving:
(round 1, fast)       42 del vars, 118 del conss, 0 add conss, 0 chg bounds, 0 chg sides, 90 chg coeffs, 0 upgd conss, 0 impls, 11336 clqs, 0 implints
(round 2, exhaustive) 42 del vars, 118 del conss, 0 add conss, 0 chg bounds, 0 chg sides, 90 chg coeffs, 29 upgd conss, 0 impls, 11336 clqs, 0 implints
(round 3, exhaustive) 42 del vars, 121 del conss, 0 add conss, 0 chg bounds, 0 chg sides, 201 chg coeffs, 29 upgd conss, 0 impls, 11337 clqs, 0 implints
presolving (4 rounds: 4 fast, 3 medium, 3 exhaustive):
 42 deleted vars, 121 deleted constraints, 0 added constraints, 0 tightened bounds, 0 added holes, 0 changed sides, 217 changed coefficients
 0 implications, 11337 cliques, 0 implied integral variables (0 bin, 0 int, 0 cont)
presolved problem has 1140 variables (1139 bin, 0 int, 1 cont) and 3709 constraints
      7 constraints of type <knapsack>
     95 constraints of type <setppc>
    314 constraints of type <linear>
   3293 constraints of type <logicor>
Presolving Time: 0.23
transformed 4/5 original solutions to the transformed problem space

 time | node  | left  |LP iter|LP it/n|mem/heur|mdpt |vars |cons |rows |cuts |sepa|confs|strbr|  dualbound   | primalbound  |  gap   | compl. 
  4.8s|     1 |     0 |  2226 |     - |    84M |   0 |1140 |3709 |3624 |   0 |  0 | 121 |  19 | 8.330114e-01 | 8.852543e-01 |   6.27%| unknown
  4.8s|     1 |     0 |  2226 |     - |    84M |   0 |1140 |3710 |3555 |   0 |  0 | 122 |  19 | 8.330114e-01 | 8.852543e-01 |   6.27%| unknown
  5.2s|     1 |     0 |  2241 |     - |    85M |   0 |1140 |3695 |3543 |   3 |  1 | 122 |  19 | 8.330114e-01 | 8.852543e-01 |   6.27%| unknown
  5.4s|     1 |     0 |  2291 |     - |    87M |   0 |1140 |3677 |3547 |   7 |  2 | 128 |  19 | 8.330114e-01 | 8.852543e-01 |   6.27%| unknown
  5.9s|     1 |     0 |  2330 |     - |    93M |   0 |1140 |3674 |3549 |   9 |  3 | 129 |  19 | 8.330114e-01 | 8.852543e-01 |   6.27%| unknown
  6.2s|     1 |     0 |  2348 |     - |   101M |   0 |1140 |3675 |3552 |  12 |  4 | 137 |  19 | 8.330114e-01 | 8.852543e-01 |   6.27%| unknown
  6.5s|     1 |     0 |  2356 |     - |   106M |   0 |1140 |3675 |3555 |  15 |  5 | 139 |  19 | 8.330114e-01 | 8.852543e-01 |   6.27%| unknown
  6.7s|     1 |     0 |  2384 |     - |   114M |   0 |1140 |3673 |3556 |  16 |  6 | 139 |  19 | 8.330114e-01 | 8.852543e-01 |   6.27%| unknown
  7.0s|     1 |     0 |  2408 |     - |   122M |   0 |1140 |3678 |3557 |  17 |  7 | 149 |  19 | 8.330213e-01 | 8.852543e-01 |   6.27%| unknown
  7.4s|     1 |     0 |  2427 |     - |   134M |   0 |1140 |3687 |3560 |  20 |  8 | 158 |  19 | 8.330215e-01 | 8.852543e-01 |   6.27%| unknown
  7.9s|     1 |     0 |  2433 |     - |   143M |   0 |1140 |3691 |3561 |  21 |  9 | 165 |  19 | 8.330215e-01 | 8.852543e-01 |   6.27%| unknown
  8.3s|     1 |     0 |  2479 |     - |   159M |   0 |1140 |3690 |3563 |  23 | 10 | 165 |  19 | 8.330229e-01 | 8.852543e-01 |   6.27%| unknown
  8.3s|     1 |     0 |  2492 |     - |   159M |   0 |1140 |3690 |3564 |  24 | 11 | 165 |  19 | 8.330334e-01 | 8.852543e-01 |   6.27%| unknown
  8.5s|     1 |     2 |  3246 |     - |   159M |   0 |1140 |3699 |3564 |  24 | 11 | 191 |  38 | 8.330392e-01 | 8.852543e-01 |   6.27%| unknown
* 9.2s|     7 |     6 |  3341 | 273.9 |strongbr|   6 |1140 |3666 |3518 |  24 |  1 | 192 | 142 | 8.330392e-01 | 8.605298e-01 |   3.30%| unknown
 time | node  | left  |LP iter|LP it/n|mem/heur|mdpt |vars |cons |rows |cuts |sepa|confs|strbr|  dualbound   | primalbound  |  gap   | compl. 
* 9.3s|    11 |     8 |  3521 | 190.6 |strongbr|   9 |1140 |3592 |3518 |  24 |  6 | 208 | 183 | 8.330392e-01 | 8.594035e-01 |   3.16%|   8.06%
 15.1s|   100 |    24 |  7917 |  64.9 |   188M |  10 |1140 |4010 |3520 | 123 |  3 |1071 |1206 | 8.330418e-01 | 8.594035e-01 |   3.16%|  50.00%
 25.4s|   200 |    36 | 15797 |  71.9 |   206M |  13 |1140 |4450 |3532 | 574 |  1 |1850 |1937 | 8.330708e-01 | 8.594035e-01 |   3.16%|  54.30%
 31.0s|   300 |    50 | 20995 |  65.2 |   211M |  15 |1140 |4591 |3519 | 803 |  1 |2272 |2329 | 8.331179e-01 | 8.594035e-01 |   3.16%|  61.45%
 39.8s|   400 |    42 | 27146 |  64.3 |   213M |  15 |1140 |4619 |3519 |1234 |  3 |2618 |2596 | 8.332118e-01 | 8.594035e-01 |   3.14%|  67.79%
 45.8s|   500 |    29 | 32082 |  61.3 |   218M |  15 |1140 |4595 |3518 |1516 |  1 |2910 |2785 | 8.346182e-01 | 8.594035e-01 |   2.97%|  77.06%

SCIP Status        : problem is solved [optimal solution found]
Solving Time (sec) : 50.29
Solving Nodes      : 567 (total of 568 nodes in 2 runs)
Primal Bound       : +8.59403472094861e-01 (8 solutions)
Dual Bound         : +8.59403472094861e-01
Gap                : 0.00 %
objective value:                    0.859403472094861
x_('12_5', '13_1')                                  1 	(obj:0.0115792875157629)
x_('11_17', '12_5')                                 1 	(obj:0.00915522540983607)
x_('10_31', '11_17')                                1 	(obj:0.0100584947839046)
x_('9_42', '10_31')                                 1 	(obj:0.02375)
x_('8_45', '9_42')                                  1 	(obj:0.0158356102003643)
x_('7_37', '8_45')                                  1 	(obj:0.0170893954918033)
x_('6_35', '7_37')                                  1 	(obj:0.01875)
x_('5_25', '6_35')                                  1 	(obj:0.0163770491803279)
x_('4_21', '5_25')                                  1 	(obj:0.0161815573770492)
x_('3_18', '4_21')                                  1 	(obj:0.0405394467213115)
x_('2_14', '3_18')                                  1 	(obj:0.0433401639344262)
x_('1_10', '2_14')                                  1 	(obj:0.0616311475409836)
x_('0_1', '1_10')                                   1 	(obj:0.0125)
y_0_0                                               1 	(obj:0)
y_1_0                                               1 	(obj:0)
y_2_0                                               1 	(obj:0)
y_3_0                                               1 	(obj:0)
y_4_1                                               1 	(obj:0)
y_5_1                                               1 	(obj:0)
y_6_1                                               1 	(obj:0)
y_7_1                                               1 	(obj:0)
y_8_1                                               1 	(obj:0)
y_9_2                                               1 	(obj:0)
y_10_2                                              1 	(obj:0)
y_11_2                                              1 	(obj:0)
y_12_2                                              1 	(obj:0)
z_('3268741', '3425762')_1                          1 	(obj:0)
z_('3268741', '1966592X')_1                         1 	(obj:0)
z_('1966592X', '3452192')_0                         1 	(obj:0)
z_('3452192', '1353870')_0                          1 	(obj:0)
z_('3452192', '3520162')_0                          1 	(obj:0)
z_('3520162', '3307092')_1                          1 	(obj:0)
z_('3520162', '3524054')_0                          1 	(obj:0)
z_('3268740', '3524054')_1                          1 	(obj:0)
z_('3524054', '3179975')_1                          1 	(obj:0)
z_('3179975', '3422998')_2                          1 	(obj:0)
z_('3422998', '2495223X')_2                         1 	(obj:0)
z_('3422998', '1353870_01')_2                       1 	(obj:0)
z_('2495223X', '2245784X')_2                        1 	(obj:0)
alpha                                4.50072289156626 	(obj:0.125005717413386)
  obj=0.859  alpha=747.1s  time=50.38s

k = 1
  Subgraph edges — edge_w: 13 (1.2%)  bal_w: 13 (1.2%)  combined: 26 (2.4%)  blended: 13 (1.2%)  blended_union: 37 (3.3%)  diverse: 13 (1.2%)
  [3a] Subgraph / edge_w   k=1 …
2026-07-01 18:29:39.175 | INFO     | pycaalp.time_balancing.model:run_mip:430 - Running MIP solver ...
      obj=0.888 (vs_full=+3.32%)  alpha=792.0s  build=0.002s solve=0.038s  vs_full=+6.01%
  [3b] Subgraph / bal_w    k=1 …
2026-07-01 18:29:39.213 | INFO     | pycaalp.time_balancing.model:run_mip:430 - Running MIP solver ...
      obj=0.958 (vs_full=+11.47%)  alpha=731.8s  build=0.001s solve=0.031s  vs_full=-2.05%
  [3c] Subgraph / combined k=1 …
2026-07-01 18:29:39.244 | INFO     | pycaalp.time_balancing.model:run_mip:430 - Running MIP solver ...
      obj=0.888 (vs_full=+3.32%)  alpha=792.0s  build=0.002s solve=0.203s  vs_full=+6.01%
  [3d] Subgraph / blended  k=1 …
2026-07-01 18:29:39.447 | INFO     | pycaalp.time_balancing.model:run_mip:430 - Running MIP solver ...
      obj=0.867 (vs_full=+0.92%)  alpha=747.1s  build=0.001s solve=0.015s  vs_full=+0.00%
  [3e] Subgraph / bl-union k=1 …
2026-07-01 18:29:39.461 | INFO     | pycaalp.time_balancing.model:run_mip:430 - Running MIP solver ...
      obj=0.860 (vs_full=+0.07%)  alpha=747.1s  build=0.011s solve=0.576s  vs_full=+0.00%
  [3f] Subgraph / diverse  k=1 …
2026-07-01 18:29:40.037 | INFO     | pycaalp.time_balancing.model:run_mip:430 - Running MIP solver ...
      obj=0.867 (vs_full=+0.92%)  alpha=747.1s  build=0.004s solve=0.030s  vs_full=+0.00%

k = 2
  Subgraph edges — edge_w: 15 (1.4%)  bal_w: 15 (1.4%)  combined: 30 (2.7%)  blended: 15 (1.4%)  blended_union: 42 (3.8%)  diverse: 26 (2.4%)
  [3a] Subgraph / edge_w   k=2 …
2026-07-01 18:29:40.117 | INFO     | pycaalp.time_balancing.model:run_mip:430 - Running MIP solver ...
      obj=0.885 (vs_full=+3.01%)  alpha=788.3s  build=0.007s solve=0.070s  vs_full=+5.52%
  [3b] Subgraph / bal_w    k=2 …
2026-07-01 18:29:40.187 | INFO     | pycaalp.time_balancing.model:run_mip:430 - Running MIP solver ...
      obj=0.955 (vs_full=+11.08%)  alpha=731.8s  build=0.005s solve=0.031s  vs_full=-2.05%
  [3c] Subgraph / combined k=2 …
2026-07-01 18:29:40.218 | INFO     | pycaalp.time_balancing.model:run_mip:430 - Running MIP solver ...
      obj=0.885 (vs_full=+3.01%)  alpha=788.3s  build=0.009s solve=0.159s  vs_full=+5.52%
  [3d] Subgraph / blended  k=2 …
2026-07-01 18:29:40.377 | INFO     | pycaalp.time_balancing.model:run_mip:430 - Running MIP solver ...
      obj=0.867 (vs_full=+0.92%)  alpha=747.1s  build=0.004s solve=0.082s  vs_full=+0.00%
  [3e] Subgraph / bl-union k=2 …
2026-07-01 18:29:40.459 | INFO     | pycaalp.time_balancing.model:run_mip:430 - Running MIP solver ...
      obj=0.860 (vs_full=+0.07%)  alpha=747.1s  build=0.020s solve=0.683s  vs_full=+0.00%
  [3f] Subgraph / diverse  k=2 …
2026-07-01 18:29:41.142 | INFO     | pycaalp.time_balancing.model:run_mip:430 - Running MIP solver ...
      obj=0.867 (vs_full=+0.92%)  alpha=747.1s  build=0.005s solve=0.095s  vs_full=-0.00%

k = 5
  Subgraph edges — edge_w: 21 (1.9%)  bal_w: 44 (4.0%)  combined: 65 (5.9%)  blended: 21 (1.9%)  blended_union: 60 (5.4%)  diverse: 65 (5.9%)
  [3a] Subgraph / edge_w   k=5 …
2026-07-01 18:29:41.389 | INFO     | pycaalp.time_balancing.model:run_mip:430 - Running MIP solver ...
      obj=0.885 (vs_full=+3.01%)  alpha=788.3s  build=0.013s solve=0.179s  vs_full=+5.52%
  [3b] Subgraph / bal_w    k=5 …
2026-07-01 18:29:41.568 | INFO     | pycaalp.time_balancing.model:run_mip:430 - Running MIP solver ...
      obj=0.955 (vs_full=+11.08%)  alpha=731.8s  build=0.018s solve=0.322s  vs_full=-2.05%
  [3c] Subgraph / combined k=5 …
2026-07-01 18:29:41.891 | INFO     | pycaalp.time_balancing.model:run_mip:430 - Running MIP solver ...
      obj=0.885 (vs_full=+3.01%)  alpha=788.3s  build=0.030s solve=0.356s  vs_full=+5.52%
  [3d] Subgraph / blended  k=5 …
2026-07-01 18:29:42.247 | INFO     | pycaalp.time_balancing.model:run_mip:430 - Running MIP solver ...
      obj=0.867 (vs_full=+0.92%)  alpha=747.1s  build=0.013s solve=0.113s  vs_full=-0.00%
  [3e] Subgraph / bl-union k=5 …
2026-07-01 18:29:42.360 | INFO     | pycaalp.time_balancing.model:run_mip:430 - Running MIP solver ...
      obj=0.860 (vs_full=+0.07%)  alpha=747.1s  build=0.065s solve=0.765s  vs_full=+0.00%
  [3f] Subgraph / diverse  k=5 …
2026-07-01 18:29:43.125 | INFO     | pycaalp.time_balancing.model:run_mip:430 - Running MIP solver ...
      obj=0.867 (vs_full=+0.92%)  alpha=747.1s  build=0.013s solve=0.321s  vs_full=+0.00%

k = 10
  Subgraph edges — edge_w: 24 (2.2%)  bal_w: 57 (5.2%)  combined: 81 (7.3%)  blended: 26 (2.4%)  blended_union: 75 (6.8%)  diverse: 126 (11.4%)
  [3a] Subgraph / edge_w   k=10 …
2026-07-01 18:29:43.793 | INFO     | pycaalp.time_balancing.model:run_mip:430 - Running MIP solver ...
      obj=0.885 (vs_full=+3.01%)  alpha=788.3s  build=0.026s solve=0.214s  vs_full=+5.52%
  [3b] Subgraph / bal_w    k=10 …
2026-07-01 18:29:44.008 | INFO     | pycaalp.time_balancing.model:run_mip:430 - Running MIP solver ...
      obj=0.954 (vs_full=+11.01%)  alpha=731.8s  build=0.062s solve=0.341s  vs_full=-2.05%
  [3c] Subgraph / combined k=10 …
2026-07-01 18:29:44.349 | INFO     | pycaalp.time_balancing.model:run_mip:430 - Running MIP solver ...
      obj=0.885 (vs_full=+3.01%)  alpha=788.3s  build=0.070s solve=0.259s  vs_full=+5.52%
  [3d] Subgraph / blended  k=10 …
2026-07-01 18:29:44.608 | INFO     | pycaalp.time_balancing.model:run_mip:430 - Running MIP solver ...
      obj=0.867 (vs_full=+0.92%)  alpha=747.1s  build=0.047s solve=0.104s  vs_full=-0.00%
  [3e] Subgraph / bl-union k=10 …
2026-07-01 18:29:44.713 | INFO     | pycaalp.time_balancing.model:run_mip:430 - Running MIP solver ...
      obj=0.860 (vs_full=+0.07%)  alpha=747.1s  build=0.124s solve=0.326s  vs_full=+0.00%
  [3f] Subgraph / diverse  k=10 …
2026-07-01 18:29:45.039 | INFO     | pycaalp.time_balancing.model:run_mip:430 - Running MIP solver ...
      obj=0.867 (vs_full=+0.92%)  alpha=747.1s  build=0.018s solve=0.628s  vs_full=+0.00%

k = 20
  Subgraph edges — edge_w: 35 (3.2%)  bal_w: 73 (6.6%)  combined: 107 (9.7%)  blended: 33 (3.0%)  blended_union: 93 (8.4%)  diverse: 239 (21.6%)
  [3a] Subgraph / edge_w   k=20 …
2026-07-01 18:29:46.330 | INFO     | pycaalp.time_balancing.model:run_mip:430 - Running MIP solver ...
      obj=0.885 (vs_full=+3.01%)  alpha=788.3s  build=0.096s solve=0.339s  vs_full=+5.52%
  [3b] Subgraph / bal_w    k=20 …
2026-07-01 18:29:46.669 | INFO     | pycaalp.time_balancing.model:run_mip:430 - Running MIP solver ...
      obj=0.934 (vs_full=+8.74%)  alpha=754.4s  build=0.125s solve=0.375s  vs_full=+0.98%
  [3c] Subgraph / combined k=20 …
2026-07-01 18:29:47.044 | INFO     | pycaalp.time_balancing.model:run_mip:430 - Running MIP solver ...
      obj=0.879 (vs_full=+2.30%)  alpha=754.4s  build=0.163s solve=0.670s  vs_full=+0.98%
  [3d] Subgraph / blended  k=20 …
2026-07-01 18:29:47.714 | INFO     | pycaalp.time_balancing.model:run_mip:430 - Running MIP solver ...
      obj=0.867 (vs_full=+0.92%)  alpha=747.1s  build=0.069s solve=0.201s  vs_full=-0.00%
  [3e] Subgraph / bl-union k=20 …
2026-07-01 18:29:47.915 | INFO     | pycaalp.time_balancing.model:run_mip:430 - Running MIP solver ...
      obj=0.860 (vs_full=+0.07%)  alpha=747.1s  build=0.197s solve=0.398s  vs_full=+0.00%
  [3f] Subgraph / diverse  k=20 …
2026-07-01 18:29:48.313 | INFO     | pycaalp.time_balancing.model:run_mip:430 - Running MIP solver ...
      obj=0.867 (vs_full=+0.92%)  alpha=747.1s  build=0.013s solve=1.031s  vs_full=+0.00%

k = 50
  Subgraph edges — edge_w: 54 (4.9%)  bal_w: 141 (12.8%)  combined: 190 (17.2%)  blended: 56 (5.1%)  blended_union: 146 (13.2%)  diverse: 508 (46.0%)
  [3a] Subgraph / edge_w   k=50 …
2026-07-01 18:29:50.920 | INFO     | pycaalp.time_balancing.model:run_mip:430 - Running MIP solver ...
      obj=0.880 (vs_full=+2.45%)  alpha=780.8s  build=0.193s solve=0.509s  vs_full=+4.51%
  [3b] Subgraph / bal_w    k=50 …
2026-07-01 18:29:51.429 | INFO     | pycaalp.time_balancing.model:run_mip:430 - Running MIP solver ...
      obj=0.923 (vs_full=+7.40%)  alpha=731.8s  build=0.272s solve=0.761s  vs_full=-2.05%
  [3c] Subgraph / combined k=50 …
2026-07-01 18:29:52.190 | INFO     | pycaalp.time_balancing.model:run_mip:430 - Running MIP solver ...
      obj=0.879 (vs_full=+2.28%)  alpha=754.4s  build=0.383s solve=1.559s  vs_full=+0.98%
  [3d] Subgraph / blended  k=50 …
2026-07-01 18:29:53.749 | INFO     | pycaalp.time_balancing.model:run_mip:430 - Running MIP solver ...
      obj=0.867 (vs_full=+0.92%)  alpha=747.1s  build=0.155s solve=0.403s  vs_full=+0.00%
  [3e] Subgraph / bl-union k=50 …
2026-07-01 18:29:54.153 | INFO     | pycaalp.time_balancing.model:run_mip:430 - Running MIP solver ...
      obj=0.860 (vs_full=+0.07%)  alpha=747.1s  build=0.534s solve=1.037s  vs_full=+0.00%
  [3f] Subgraph / diverse  k=50 …
2026-07-01 18:29:55.190 | INFO     | pycaalp.time_balancing.model:run_mip:430 - Running MIP solver ...
      obj=0.861 (vs_full=+0.16%)  alpha=747.1s  build=0.039s solve=8.262s  vs_full=+0.00%

k = 100
  Subgraph edges — edge_w: 78 (7.1%)  bal_w: 189 (17.1%)  combined: 257 (23.3%)  blended: 76 (6.9%)  blended_union: 190 (17.2%)  diverse: 740 (67.0%)
  [3a] Subgraph / edge_w   k=100 …
2026-07-01 18:30:06.702 | INFO     | pycaalp.time_balancing.model:run_mip:430 - Running MIP solver ...
      obj=0.880 (vs_full=+2.45%)  alpha=780.8s  build=0.362s solve=0.357s  vs_full=+4.51%
  [3b] Subgraph / bal_w    k=100 …
2026-07-01 18:30:07.059 | INFO     | pycaalp.time_balancing.model:run_mip:430 - Running MIP solver ...
      obj=0.923 (vs_full=+7.40%)  alpha=731.8s  build=0.499s solve=1.224s  vs_full=-2.05%
  [3c] Subgraph / combined k=100 …
2026-07-01 18:30:08.283 | INFO     | pycaalp.time_balancing.model:run_mip:430 - Running MIP solver ...
      obj=0.879 (vs_full=+2.28%)  alpha=754.4s  build=0.852s solve=1.989s  vs_full=+0.98%
  [3d] Subgraph / blended  k=100 …
2026-07-01 18:30:10.272 | INFO     | pycaalp.time_balancing.model:run_mip:430 - Running MIP solver ...
      obj=0.867 (vs_full=+0.92%)  alpha=747.1s  build=0.404s solve=0.768s  vs_full=+0.00%
  [3e] Subgraph / bl-union k=100 …
2026-07-01 18:30:11.041 | INFO     | pycaalp.time_balancing.model:run_mip:430 - Running MIP solver ...
      obj=0.860 (vs_full=+0.07%)  alpha=747.1s  build=1.061s solve=1.839s  vs_full=+0.00%
  [3f] Subgraph / diverse  k=100 …
2026-07-01 18:30:12.880 | INFO     | pycaalp.time_balancing.model:run_mip:430 - Running MIP solver ...
      obj=0.861 (vs_full=+0.16%)  alpha=747.1s  build=0.070s solve=21.361s  vs_full=+0.00%

k = 200
  Subgraph edges — edge_w: 95 (8.6%)  bal_w: 258 (23.3%)  combined: 339 (30.7%)  blended: 89 (8.1%)  blended_union: 203 (18.4%)  diverse: 913 (82.6%)
  [3a] Subgraph / edge_w   k=200 …
2026-07-01 18:30:40.487 | INFO     | pycaalp.time_balancing.model:run_mip:430 - Running MIP solver ...
      obj=0.880 (vs_full=+2.45%)  alpha=780.8s  build=0.670s solve=0.607s  vs_full=+4.51%
  [3b] Subgraph / bal_w    k=200 …
2026-07-01 18:30:41.094 | INFO     | pycaalp.time_balancing.model:run_mip:430 - Running MIP solver ...
      obj=0.921 (vs_full=+7.14%)  alpha=747.1s  build=0.812s solve=2.367s  vs_full=+0.00%
  [3c] Subgraph / combined k=200 …
2026-07-01 18:30:43.461 | INFO     | pycaalp.time_balancing.model:run_mip:430 - Running MIP solver ...
      obj=0.865 (vs_full=+0.69%)  alpha=747.1s  build=1.579s solve=4.734s  vs_full=+0.00%
  [3d] Subgraph / blended  k=200 …
2026-07-01 18:30:48.195 | INFO     | pycaalp.time_balancing.model:run_mip:430 - Running MIP solver ...
      obj=0.867 (vs_full=+0.92%)  alpha=747.1s  build=0.753s solve=0.921s  vs_full=+0.00%
  [3e] Subgraph / bl-union k=200 …
2026-07-01 18:30:49.117 | INFO     | pycaalp.time_balancing.model:run_mip:430 - Running MIP solver ...
      obj=0.860 (vs_full=+0.07%)  alpha=747.1s  build=2.281s solve=1.644s  vs_full=+0.00%
  [3f] Subgraph / diverse  k=200 …
2026-07-01 18:30:50.761 | INFO     | pycaalp.time_balancing.model:run_mip:430 - Running MIP solver ...
      obj=0.860 (vs_full=+0.03%)  alpha=747.1s  build=0.151s solve=35.587s  vs_full=+0.00%

k = 500
  Subgraph edges — edge_w: 108 (9.8%)  bal_w: 399 (36.1%)  combined: 459 (41.5%)  blended: 127 (11.5%)  blended_union: 247 (22.4%)  diverse: 1044 (94.5%)
  [3a] Subgraph / edge_w   k=500 …
2026-07-01 18:31:41.481 | INFO     | pycaalp.time_balancing.model:run_mip:430 - Running MIP solver ...
      obj=0.880 (vs_full=+2.45%)  alpha=780.8s  build=1.660s solve=0.534s  vs_full=+4.51%
  [3b] Subgraph / bal_w    k=500 …
2026-07-01 18:31:42.015 | INFO     | pycaalp.time_balancing.model:run_mip:430 - Running MIP solver ...
      obj=0.911 (vs_full=+6.02%)  alpha=731.8s  build=1.943s solve=4.251s  vs_full=-2.05%
  [3c] Subgraph / combined k=500 …
2026-07-01 18:31:46.266 | INFO     | pycaalp.time_balancing.model:run_mip:430 - Running MIP solver ...
      obj=0.865 (vs_full=+0.69%)  alpha=747.1s  build=3.413s solve=5.567s  vs_full=+0.00%
  [3d] Subgraph / blended  k=500 …
2026-07-01 18:31:51.833 | INFO     | pycaalp.time_balancing.model:run_mip:430 - Running MIP solver ...
      obj=0.867 (vs_full=+0.92%)  alpha=747.1s  build=2.089s solve=0.955s  vs_full=+0.00%
  [3e] Subgraph / bl-union k=500 …
2026-07-01 18:31:52.788 | INFO     | pycaalp.time_balancing.model:run_mip:430 - Running MIP solver ...
      obj=0.860 (vs_full=+0.07%)  alpha=747.1s  build=5.507s solve=2.044s  vs_full=+0.00%
  [3f] Subgraph / diverse  k=500 …
2026-07-01 18:31:54.832 | INFO     | pycaalp.time_balancing.model:run_mip:430 - Running MIP solver ...
      obj=0.859 (vs_full=+0.00%)  alpha=747.1s  build=0.521s solve=42.148s  vs_full=+0.00%

k = 1000
  Subgraph edges — edge_w: 142 (12.9%)  bal_w: 500 (45.2%)  combined: 578 (52.3%)  blended: 133 (12.0%)  blended_union: 284 (25.7%)  diverse: 1097 (99.3%)
  [3a] Subgraph / edge_w   k=1000 …
2026-07-01 18:33:07.986 | INFO     | pycaalp.time_balancing.model:run_mip:430 - Running MIP solver ...
      obj=0.859 (vs_full=+0.00%)  alpha=747.1s  build=3.216s solve=0.946s  vs_full=+0.00%
  [3b] Subgraph / bal_w    k=1000 …
2026-07-01 18:33:08.933 | INFO     | pycaalp.time_balancing.model:run_mip:430 - Running MIP solver ...
      obj=0.911 (vs_full=+6.02%)  alpha=731.8s  build=3.970s solve=5.214s  vs_full=-2.05%
  [3c] Subgraph / combined k=1000 …
2026-07-01 18:33:14.147 | INFO     | pycaalp.time_balancing.model:run_mip:430 - Running MIP solver ...
      obj=0.859 (vs_full=+0.00%)  alpha=747.1s  build=7.423s solve=12.369s  vs_full=+0.00%
  [3d] Subgraph / blended  k=1000 …
2026-07-01 18:33:26.516 | INFO     | pycaalp.time_balancing.model:run_mip:430 - Running MIP solver ...
      obj=0.867 (vs_full=+0.92%)  alpha=747.1s  build=4.191s solve=0.329s  vs_full=+0.00%
  [3e] Subgraph / bl-union k=1000 …
2026-07-01 18:33:26.845 | INFO     | pycaalp.time_balancing.model:run_mip:430 - Running MIP solver ...
      obj=0.859 (vs_full=+0.00%)  alpha=747.1s  build=11.199s solve=2.052s  vs_full=+0.00%
  [3f] Subgraph / diverse  k=1000 …
2026-07-01 18:33:28.897 | INFO     | pycaalp.time_balancing.model:run_mip:430 - Running MIP solver ...
      obj=0.859 (vs_full=-0.00%)  alpha=747.1s  build=1.008s solve=56.328s  vs_full=+0.00%

k = 2000
  Subgraph edges — edge_w: 185 (16.7%)  bal_w: 630 (57.0%)  combined: 685 (62.0%)  blended: 213 (19.3%)  blended_union: 335 (30.3%)  diverse: 1105 (100.0%)
  [3a] Subgraph / edge_w   k=2000 …
2026-07-01 18:35:35.967 | INFO     | pycaalp.time_balancing.model:run_mip:430 - Running MIP solver ...
      obj=0.859 (vs_full=+0.00%)  alpha=747.1s  build=7.549s solve=1.610s  vs_full=+0.00%
  [3b] Subgraph / bal_w    k=2000 …
2026-07-01 18:35:37.578 | INFO     | pycaalp.time_balancing.model:run_mip:430 - Running MIP solver ...
      obj=0.911 (vs_full=+6.01%)  alpha=731.8s  build=8.548s solve=13.223s  vs_full=-2.05%
  [3c] Subgraph / combined k=2000 …
2026-07-01 18:35:50.801 | INFO     | pycaalp.time_balancing.model:run_mip:430 - Running MIP solver ...
      obj=0.859 (vs_full=+0.00%)  alpha=747.1s  build=16.521s solve=14.578s  vs_full=+0.00%
  [3d] Subgraph / blended  k=2000 …
2026-07-01 18:36:05.379 | INFO     | pycaalp.time_balancing.model:run_mip:430 - Running MIP solver ...
      obj=0.864 (vs_full=+0.56%)  alpha=747.1s  build=10.152s solve=1.234s  vs_full=+0.00%
  [3e] Subgraph / bl-union k=2000 …
2026-07-01 18:36:06.613 | INFO     | pycaalp.time_balancing.model:run_mip:430 - Running MIP solver ...
      obj=0.859 (vs_full=+0.00%)  alpha=747.1s  build=25.909s solve=3.550s  vs_full=-0.00%
  [3f] Subgraph / diverse  k=2000 …
2026-07-01 18:36:10.163 | INFO     | pycaalp.time_balancing.model:run_mip:430 - Running MIP solver ...
      obj=0.859 (vs_full=+0.00%)  alpha=747.1s  build=2.063s solve=53.930s  vs_full=+0.00%

k = 5000
  Subgraph edges — edge_w: 232 (21.0%)  bal_w: 799 (72.3%)  combined: 830 (75.1%)  blended: 245 (22.2%)  blended_union: 355 (32.1%)  diverse: 1105 (100.0%)
  [3a] Subgraph / edge_w   k=5000 …
2026-07-01 18:41:08.142 | INFO     | pycaalp.time_balancing.model:run_mip:430 - Running MIP solver ...
      obj=0.859 (vs_full=+0.00%)  alpha=747.1s  build=30.652s solve=2.193s  vs_full=+0.00%
  [3b] Subgraph / bal_w    k=5000 …
2026-07-01 18:41:10.335 | INFO     | pycaalp.time_balancing.model:run_mip:430 - Running MIP solver ...
      obj=0.911 (vs_full=+6.01%)  alpha=731.8s  build=26.696s solve=40.811s  vs_full=-2.05%
  [3c] Subgraph / combined k=5000 …
2026-07-01 18:41:51.146 | INFO     | pycaalp.time_balancing.model:run_mip:430 - Running MIP solver ...
      obj=0.859 (vs_full=-0.00%)  alpha=747.1s  build=55.274s solve=23.943s  vs_full=+0.00%
  [3d] Subgraph / blended  k=5000 …
2026-07-01 18:42:15.089 | INFO     | pycaalp.time_balancing.model:run_mip:430 - Running MIP solver ...
      obj=0.864 (vs_full=+0.56%)  alpha=747.1s  build=35.337s solve=1.276s  vs_full=+0.00%
  [3e] Subgraph / bl-union k=5000 …
2026-07-01 18:42:16.366 | INFO     | pycaalp.time_balancing.model:run_mip:430 - Running MIP solver ...
      obj=0.859 (vs_full=-0.00%)  alpha=747.1s  build=91.820s solve=5.281s  vs_full=-0.00%
  [3f] Subgraph / diverse  k=5000 …
2026-07-01 18:42:21.647 | INFO     | pycaalp.time_balancing.model:run_mip:430 - Running MIP solver ...
      obj=0.859 (vs_full=+0.00%)  alpha=747.1s  build=4.269s solve=40.265s  vs_full=+0.00%

Results saved to experiments/strategy_comparison/assembly_1_np_3/strategy_comparison_lambda_0.65.csv
Plot with:  python -m experiments.strategy_comparison.plot_k_sensitivity

============================================================================================================================
SUMMARY — assembly_1  P=3  λ=0.65
============================================================================================================================
Strategy       Weight                      k   Build    Solve    Total  Spdup       Obj   ObjvsF     Alpha    AlvsF   Edges  %Grph
----------------------------------------------------------------------------------------------------------------------------
full_mip       —                               0.000   50.384   50.384   1.0x     0.859    +0.00    747.12    +0.00    1105  100.0
subgraph_mip   edge_weight                 1   0.002    0.038    0.040 1272.9x     0.888    +3.32    792.00    +6.01      13    1.2
subgraph_mip   time_balanced_weight        1   0.001    0.031    0.032 1580.7x     0.958   +11.47    731.84    -2.05      13    1.2
subgraph_mip   combined                    1   0.002    0.203    0.204 246.6x     0.888    +3.32    792.00    +6.01      26    2.4
subgraph_mip   blended                     1   0.001    0.015    0.016 3226.3x     0.867    +0.92    747.12    +0.00      13    1.2
subgraph_mip   blended_union               1   0.011    0.576    0.587  85.9x     0.860    +0.07    747.12    +0.00      37    3.4
subgraph_mip   diverse                     1   0.004    0.030    0.034 1487.8x     0.867    +0.92    747.12    +0.00      13    1.2
subgraph_mip   edge_weight                 2   0.007    0.070    0.077 658.3x     0.885    +3.01    788.33    +5.52      15    1.4
subgraph_mip   time_balanced_weight        2   0.005    0.031    0.036 1388.6x     0.955   +11.08    731.84    -2.05      15    1.4
subgraph_mip   combined                    2   0.009    0.159    0.168 299.2x     0.885    +3.01    788.33    +5.52      30    2.7
subgraph_mip   blended                     2   0.004    0.082    0.086 584.6x     0.867    +0.92    747.12    +0.00      15    1.4
subgraph_mip   blended_union               2   0.020    0.683    0.702  71.8x     0.860    +0.07    747.12    +0.00      42    3.8
subgraph_mip   diverse                     2   0.005    0.095    0.099 506.7x     0.867    +0.92    747.12    -0.00      26    2.4
subgraph_mip   edge_weight                 5   0.013    0.179    0.192 262.3x     0.885    +3.01    788.33    +5.52      21    1.9
subgraph_mip   time_balanced_weight        5   0.018    0.322    0.341 147.9x     0.955   +11.08    731.84    -2.05      44    4.0
subgraph_mip   combined                    5   0.030    0.356    0.386 130.4x     0.885    +3.01    788.33    +5.52      65    5.9
subgraph_mip   blended                     5   0.013    0.113    0.125 402.1x     0.867    +0.92    747.12    -0.00      21    1.9
subgraph_mip   blended_union               5   0.065    0.765    0.829  60.8x     0.860    +0.07    747.12    +0.00      60    5.4
subgraph_mip   diverse                     5   0.013    0.321    0.334 150.7x     0.867    +0.92    747.12    +0.00      65    5.9
subgraph_mip   edge_weight                10   0.026    0.214    0.240 209.5x     0.885    +3.01    788.33    +5.52      24    2.2
subgraph_mip   time_balanced_weight       10   0.062    0.341    0.403 125.1x     0.954   +11.01    731.84    -2.05      57    5.2
subgraph_mip   combined                   10   0.070    0.259    0.329 153.2x     0.885    +3.01    788.33    +5.52      81    7.3
subgraph_mip   blended                    10   0.047    0.104    0.151 333.2x     0.867    +0.92    747.12    -0.00      26    2.4
subgraph_mip   blended_union              10   0.124    0.326    0.451 111.8x     0.860    +0.07    747.12    +0.00      75    6.8
subgraph_mip   diverse                    10   0.018    0.628    0.646  78.0x     0.867    +0.92    747.12    +0.00     126   11.4
subgraph_mip   edge_weight                20   0.096    0.339    0.435 115.9x     0.885    +3.01    788.33    +5.52      35    3.2
subgraph_mip   time_balanced_weight       20   0.125    0.375    0.500 100.8x     0.934    +8.74    754.42    +0.98      73    6.6
subgraph_mip   combined                   20   0.163    0.670    0.832  60.5x     0.879    +2.30    754.42    +0.98     107    9.7
subgraph_mip   blended                    20   0.069    0.201    0.271 186.2x     0.867    +0.92    747.12    -0.00      33    3.0
subgraph_mip   blended_union              20   0.197    0.398    0.594  84.8x     0.860    +0.07    747.12    +0.00      93    8.4
subgraph_mip   diverse                    20   0.013    1.031    1.044  48.3x     0.867    +0.92    747.12    +0.00     239   21.6
subgraph_mip   edge_weight                50   0.193    0.509    0.702  71.8x     0.880    +2.45    780.81    +4.51      54    4.9
subgraph_mip   time_balanced_weight       50   0.272    0.761    1.033  48.8x     0.923    +7.40    731.84    -2.05     141   12.8
subgraph_mip   combined                   50   0.383    1.559    1.942  25.9x     0.879    +2.28    754.42    +0.98     190   17.2
subgraph_mip   blended                    50   0.155    0.403    0.558  90.3x     0.867    +0.92    747.12    +0.00      56    5.1
subgraph_mip   blended_union              50   0.534    1.037    1.572  32.1x     0.860    +0.07    747.12    +0.00     146   13.2
subgraph_mip   diverse                    50   0.039    8.262    8.301   6.1x     0.861    +0.16    747.12    +0.00     508   46.0
subgraph_mip   edge_weight               100   0.362    0.357    0.719  70.1x     0.880    +2.45    780.81    +4.51      78    7.1
subgraph_mip   time_balanced_weight      100   0.499    1.224    1.723  29.2x     0.923    +7.40    731.84    -2.05     189   17.1
subgraph_mip   combined                  100   0.852    1.989    2.842  17.7x     0.879    +2.28    754.42    +0.98     257   23.3
subgraph_mip   blended                   100   0.404    0.768    1.173  43.0x     0.867    +0.92    747.12    +0.00      76    6.9
subgraph_mip   blended_union             100   1.061    1.839    2.901  17.4x     0.860    +0.07    747.12    +0.00     190   17.2
subgraph_mip   diverse                   100   0.070   21.361   21.432   2.4x     0.861    +0.16    747.12    +0.00     740   67.0
subgraph_mip   edge_weight               200   0.670    0.607    1.277  39.5x     0.880    +2.45    780.81    +4.51      95    8.6
subgraph_mip   time_balanced_weight      200   0.812    2.367    3.179  15.8x     0.921    +7.14    747.12    +0.00     258   23.4
subgraph_mip   combined                  200   1.579    4.734    6.313   8.0x     0.865    +0.69    747.12    +0.00     339   30.7
subgraph_mip   blended                   200   0.753    0.921    1.674  30.1x     0.867    +0.92    747.12    +0.00      89    8.1
subgraph_mip   blended_union             200   2.281    1.644    3.925  12.8x     0.860    +0.07    747.12    +0.00     203   18.4
subgraph_mip   diverse                   200   0.151   35.587   35.738   1.4x     0.860    +0.03    747.12    +0.00     913   82.6
subgraph_mip   edge_weight               500   1.660    0.534    2.194  23.0x     0.880    +2.45    780.81    +4.51     108    9.8
subgraph_mip   time_balanced_weight      500   1.943    4.251    6.194   8.1x     0.911    +6.02    731.84    -2.05     399   36.1
subgraph_mip   combined                  500   3.413    5.567    8.979   5.6x     0.865    +0.69    747.12    +0.00     459   41.5
subgraph_mip   blended                   500   2.089    0.955    3.044  16.6x     0.867    +0.92    747.12    +0.00     127   11.5
subgraph_mip   blended_union             500   5.507    2.044    7.551   6.7x     0.860    +0.07    747.12    +0.00     247   22.4
subgraph_mip   diverse                   500   0.521   42.148   42.669   1.2x     0.859    +0.00    747.12    +0.00    1044   94.5
subgraph_mip   edge_weight              1000   3.216    0.946    4.162  12.1x     0.859    +0.00    747.12    +0.00     142   12.8
subgraph_mip   time_balanced_weight     1000   3.970    5.214    9.184   5.5x     0.911    +6.02    731.84    -2.05     500   45.2
subgraph_mip   combined                 1000   7.423   12.369   19.792   2.5x     0.859    +0.00    747.12    +0.00     578   52.3
subgraph_mip   blended                  1000   4.191    0.329    4.520  11.2x     0.867    +0.92    747.12    +0.00     133   12.0
subgraph_mip   blended_union            1000  11.199    2.052   13.250   3.8x     0.859    +0.00    747.12    +0.00     284   25.7
subgraph_mip   diverse                  1000   1.008   56.328   57.336   0.9x     0.859    -0.00    747.12    +0.00    1097   99.3
subgraph_mip   edge_weight              2000   7.549    1.610    9.159   5.5x     0.859    +0.00    747.12    +0.00     185   16.7
subgraph_mip   time_balanced_weight     2000   8.548   13.223   21.771   2.3x     0.911    +6.01    731.84    -2.05     630   57.0
subgraph_mip   combined                 2000  16.521   14.578   31.099   1.6x     0.859    +0.00    747.12    +0.00     685   62.0
subgraph_mip   blended                  2000  10.152    1.234   11.386   4.4x     0.864    +0.56    747.12    +0.00     213   19.3
subgraph_mip   blended_union            2000  25.909    3.550   29.459   1.7x     0.859    +0.00    747.12    -0.00     335   30.3
subgraph_mip   diverse                  2000   2.063   53.930   55.994   0.9x     0.859    +0.00    747.12    +0.00    1105  100.0
subgraph_mip   edge_weight              5000  30.652    2.193   32.844   1.5x     0.859    +0.00    747.12    +0.00     232   21.0
subgraph_mip   time_balanced_weight     5000  26.696   40.811   67.507   0.8x     0.911    +6.01    731.84    -2.05     799   72.3
subgraph_mip   combined                 5000  55.274   23.943   79.218   0.6x     0.859    -0.00    747.12    +0.00     830   75.1
subgraph_mip   blended                  5000  35.337    1.276   36.614   1.4x     0.864    +0.56    747.12    +0.00     245   22.2
subgraph_mip   blended_union            5000  91.820    5.281   97.101   0.5x     0.859    -0.00    747.12    -0.00     355   32.1
subgraph_mip   diverse                  5000   4.269   40.265   44.534   1.1x     0.859    +0.00    747.12    +0.00    1105  100.0
============================================================================================================================

----------------- λ = 0.7 -----------------
========================================================================
Strategy Comparison Experiment — assembly_1  P=3  λ=0.7
========================================================================

Building assembly digraph …
2026-07-01 18:28:48.501 | INFO     | pycaalp.gapp.assembly_digraph:compute_assembly_digraph_complete:395 - Computing assembly digraph...
  343 nodes, 1105 edges  (0.3s)

[1] Full MIP  P=3  λ=0.7
2026-07-01 18:28:48.786 | INFO     | pycaalp.time_balancing.model:run_mip:430 - Running MIP solver ...
presolving:
(round 1, fast)       2 del vars, 2 del conss, 0 add conss, 0 chg bounds, 0 chg sides, 0 chg coeffs, 0 upgd conss, 0 impls, 69 clqs, 0 implints
(round 2, exhaustive) 2 del vars, 2 del conss, 0 add conss, 1 chg bounds, 0 chg sides, 0 chg coeffs, 3408 upgd conss, 0 impls, 69 clqs, 0 implints
   (0.2s) probing: 1000/1181 (84.7%) - 0 fixings, 0 aggregations, 131997 implications, 0 bound changes
   (0.2s) probing: 1001/1181 (84.8%) - 0 fixings, 0 aggregations, 132060 implications, 0 bound changes
   (0.2s) probing aborted: 1000/1000 successive useless probings
   (0.2s) symmetry computation started: requiring (bin +, int +, cont +), (fixed: bin -, int -, cont -)
   (0.2s) no symmetry present (symcode time: 0.00)
presolving (3 rounds: 3 fast, 2 medium, 2 exhaustive):
 2 deleted vars, 2 deleted constraints, 0 added constraints, 1 tightened bounds, 0 added holes, 0 changed sides, 0 changed coefficients
 0 implications, 12312 cliques, 0 implied integral variables (0 bin, 0 int, 0 cont)
presolved problem has 1182 variables (1181 bin, 0 int, 1 cont) and 3721 constraints
     69 constraints of type <setppc>
    313 constraints of type <linear>
   3339 constraints of type <logicor>
Presolving Time: 0.20

 time | node  | left  |LP iter|LP it/n|mem/heur|mdpt |vars |cons |rows |cuts |sepa|confs|strbr|  dualbound   | primalbound  |  gap   | compl. 
p 0.2s|     1 |     0 |     0 |     - | vbounds|   0 |1182 |3752 |3721 |   0 |  0 |  30 |   0 | 0.000000e+00 | 2.029405e+00 |    Inf | unknown
p 0.3s|     1 |     0 |    89 |     - | vbounds|   0 |1182 |3764 |3721 |   0 |  0 |  42 |   0 | 0.000000e+00 | 1.254893e+00 |    Inf | unknown
  0.3s|     1 |     0 |   381 |     - |    29M |   0 |1182 |3764 |3721 |   0 |  0 |  42 |   0 | 8.329273e-01 | 1.254893e+00 |  50.66%| unknown
  0.6s|     1 |     0 |   440 |     - |    31M |   0 |1182 |3765 |3724 |   3 |  1 |  43 |   0 | 8.329331e-01 | 1.254893e+00 |  50.66%| unknown
  0.8s|     1 |     0 |   470 |     - |    36M |   0 |1182 |3775 |3727 |   6 |  2 |  53 |   0 | 8.329401e-01 | 1.254893e+00 |  50.66%| unknown
  1.2s|     1 |     0 |   499 |     - |    42M |   0 |1182 |3776 |3728 |   7 |  3 |  54 |   0 | 8.329965e-01 | 1.254893e+00 |  50.65%| unknown
  1.4s|     1 |     0 |   510 |     - |    49M |   0 |1182 |3785 |3732 |  11 |  4 |  64 |   0 | 8.329965e-01 | 1.254893e+00 |  50.65%| unknown
  1.6s|     1 |     0 |   517 |     - |    57M |   0 |1182 |3787 |3734 |  13 |  5 |  71 |   0 | 8.329965e-01 | 1.254893e+00 |  50.65%| unknown
  1.9s|     1 |     0 |   546 |     - |    64M |   0 |1182 |3788 |3736 |  15 |  6 |  72 |   0 | 8.329965e-01 | 1.254893e+00 |  50.65%| unknown
  2.1s|     1 |     0 |   551 |     - |    74M |   0 |1182 |3792 |3737 |  16 |  7 |  81 |   0 | 8.329965e-01 | 1.254893e+00 |  50.65%| unknown
  2.4s|     1 |     0 |   555 |     - |    83M |   0 |1182 |3801 |3738 |  17 |  8 |  91 |   0 | 8.329965e-01 | 1.254893e+00 |  50.65%| unknown
  2.7s|     1 |     0 |   571 |     - |    89M |   0 |1182 |3802 |3739 |  18 |  9 |  92 |   0 | 8.329965e-01 | 1.254893e+00 |  50.65%| unknown
  3.0s|     1 |     0 |   583 |     - |    99M |   0 |1182 |3802 |3742 |  21 | 10 |  92 |   0 | 8.329965e-01 | 1.254893e+00 |  50.65%| unknown
  3.0s|     1 |     0 |   589 |     - |    99M |   0 |1182 |3804 |3746 |  25 | 11 |  95 |   0 | 8.329965e-01 | 1.254893e+00 |  50.65%| unknown
  3.0s|     1 |     0 |   590 |     - |    99M |   0 |1182 |3806 |3748 |  27 | 12 |  97 |   0 | 8.329965e-01 | 1.254893e+00 |  50.65%| unknown
 time | node  | left  |LP iter|LP it/n|mem/heur|mdpt |vars |cons |rows |cuts |sepa|confs|strbr|  dualbound   | primalbound  |  gap   | compl. 
  3.0s|     1 |     0 |   591 |     - |   100M |   0 |1182 |3815 |3749 |  28 | 13 | 106 |   0 | 8.329965e-01 | 1.254893e+00 |  50.65%| unknown
d 3.1s|     1 |     0 |  1007 |     - |farkasdi|   0 |1182 |3825 |3749 |   0 | 14 | 116 |   0 | 8.329965e-01 | 1.161230e+00 |  39.40%| unknown
d 3.2s|     1 |     0 |  1813 |     - |conflict|   0 |1182 |3836 |3749 |   0 | 14 | 132 |   0 | 8.329965e-01 | 1.152050e+00 |  38.30%| unknown
L 3.2s|     1 |     0 |  1815 |     - |    rens|   0 |1182 |3836 |3749 |  28 | 14 | 132 |   0 | 8.329965e-01 | 8.892618e-01 |   6.75%| unknown
  3.2s|     1 |     0 |  1815 |     - |   100M |   0 |1182 |3836 |3749 |  28 | 14 | 132 |   0 | 8.329965e-01 | 8.892618e-01 |   6.75%| unknown
  3.3s|     1 |     0 |  1815 |     - |   100M |   0 |1182 |3837 |3710 |  28 | 14 | 133 |   0 | 8.329965e-01 | 8.892618e-01 |   6.75%| unknown
  3.5s|     1 |     2 |  1815 |     - |   101M |   0 |1182 |3835 |3710 |  28 | 15 | 133 |  21 | 8.329991e-01 | 8.892618e-01 |   6.75%| unknown
* 5.5s|    29 |    10 |  3097 |  92.7 |strongbr|  10 |1182 |3906 |3690 |  46 |  5 | 292 | 410 | 8.329991e-01 | 8.879302e-01 |   6.59%|   2.27%
* 5.5s|    29 |    10 |  3097 |  92.7 |strongbr|  10 |1182 |3906 |3690 |  46 |  5 | 292 | 411 | 8.329991e-01 | 8.875294e-01 |   6.55%|   2.27%
* 5.5s|    29 |    10 |  3097 |  92.7 |strongbr|  10 |1182 |3906 |3690 |  46 |  5 | 292 | 412 | 8.329991e-01 | 8.869871e-01 |   6.48%|   2.27%
* 5.5s|    33 |    12 |  3114 |  81.6 |    LP  |  10 |1182 |3904 |3690 |  46 |  1 | 299 | 426 | 8.329991e-01 | 8.846472e-01 |   6.20%|   2.56%
* 5.5s|    35 |    10 |  3115 |  76.9 |strongbr|  10 |1182 |3889 |3690 |  46 |  1 | 302 | 426 | 8.329991e-01 | 8.838767e-01 |   6.11%|   6.90%
* 6.5s|    44 |    13 |  3630 |  72.7 |strongbr|  14 |1182 |3901 |3695 |  59 |  1 | 335 | 491 | 8.329991e-01 | 8.689682e-01 |   4.32%|   7.60%
* 6.8s|    50 |    13 |  3807 |  67.4 |    LP  |  14 |1182 |3904 |3690 |  59 |  2 | 406 | 547 | 8.329991e-01 | 8.602834e-01 |   3.28%|  11.45%
 10.5s|   100 |    19 |  6129 |  56.8 |   116M |  14 |1182 |4057 |3690 |  59 |  6 | 740 |1131 | 8.330538e-01 | 8.602834e-01 |   3.27%|  35.40%
 time | node  | left  |LP iter|LP it/n|mem/heur|mdpt |vars |cons |rows |cuts |sepa|confs|strbr|  dualbound   | primalbound  |  gap   | compl. 
 22.8s|   200 |    25 | 13286 |  64.2 |   144M |  15 |1182 |4338 |3708 | 411 |  5 |1537 |1938 | 8.336581e-01 | 8.602834e-01 |   3.19%|  51.36%
 31.9s|   300 |    40 | 17967 |  58.4 |   146M |  15 |1182 |4566 |3690 | 649 |  0 |2041 |2461 | 8.336581e-01 | 8.602834e-01 |   3.19%|  59.49%
 36.6s|   400 |    38 | 21777 |  53.3 |   147M |  15 |1182 |4539 |3694 | 764 |  0 |2265 |2593 | 8.342909e-01 | 8.602834e-01 |   3.12%|  64.14%
 41.6s|   500 |    38 | 26739 |  52.6 |   149M |  15 |1182 |4628 |3699 | 926 |  0 |2729 |2869 | 8.371507e-01 | 8.602834e-01 |   2.76%|  76.86%
 49.2s|   600 |    31 | 30547 |  50.2 |   157M |  16 |1182 |4776 |   0 |1127 |  0 |3231 |3191 | 8.412227e-01 | 8.602834e-01 |   2.27%|  85.91%
 52.9s|   700 |    13 | 33230 |  46.8 |   158M |  18 |1182 |4963 |   0 |1272 |  0 |3729 |3446 | 8.459060e-01 | 8.602834e-01 |   1.70%|  91.93%

SCIP Status        : problem is solved [optimal solution found]
Solving Time (sec) : 53.17
Solving Nodes      : 724
Primal Bound       : +8.60283436287703e-01 (24 solutions)
Dual Bound         : +8.60283436287703e-01
Gap                : 0.00 %
objective value:                    0.860283436287703
x_('12_5', '13_1')                                  1 	(obj:0.00992510358493965)
x_('11_17', '12_5')                                 1 	(obj:0.00784733606557377)
x_('10_31', '11_17')                                1 	(obj:0.00862156695763253)
x_('9_42', '10_31')                                 1 	(obj:0.0203571428571429)
x_('8_45', '9_42')                                  1 	(obj:0.0135733801717408)
x_('7_37', '8_45')                                  1 	(obj:0.0146480532786885)
x_('6_35', '7_37')                                  1 	(obj:0.0160714285714286)
x_('5_25', '6_35')                                  1 	(obj:0.0140374707259953)
x_('4_21', '5_25')                                  1 	(obj:0.013869906323185)
x_('3_18', '4_21')                                  1 	(obj:0.0347480971896956)
x_('2_14', '3_18')                                  1 	(obj:0.0371487119437939)
x_('1_10', '2_14')                                  1 	(obj:0.0528266978922717)
x_('0_1', '1_10')                                   1 	(obj:0.0107142857142857)
y_0_0                                               1 	(obj:0)
y_1_0                                               1 	(obj:0)
y_2_0                                               1 	(obj:0)
y_3_0                                               1 	(obj:0)
y_4_1                                               1 	(obj:0)
y_5_1                                               1 	(obj:0)
y_6_1                                               1 	(obj:0)
y_7_1                                               1 	(obj:0)
y_8_1                                               1 	(obj:0)
y_9_2                                               1 	(obj:0)
y_10_2                                              1 	(obj:0)
y_11_2                                              1 	(obj:0)
y_12_2                                              1 	(obj:0)
z_('3268741', '3425762')_1                          1 	(obj:0)
z_('3268741', '1966592X')_1                         1 	(obj:0)
z_('1966592X', '3452192')_0                         1 	(obj:0)
z_('3452192', '1353870')_0                          1 	(obj:0)
z_('3452192', '3520162')_0                          1 	(obj:0)
z_('3520162', '3307092')_1                          1 	(obj:0)
z_('3520162', '3524054')_0                          1 	(obj:0)
z_('3268740', '3524054')_1                          1 	(obj:0)
z_('3524054', '3179975')_1                          1 	(obj:0)
z_('3179975', '3422998')_2                          1 	(obj:0)
z_('3422998', '2495223X')_2                         1 	(obj:0)
z_('3422998', '1353870_01')_2                       1 	(obj:0)
z_('2495223X', '2245784X')_2                        1 	(obj:0)
alpha                                4.50072289156626 	(obj:0.134621541829801)
  obj=0.860  alpha=747.1s  time=53.25s

k = 1
  Subgraph edges — edge_w: 13 (1.2%)  bal_w: 13 (1.2%)  combined: 26 (2.4%)  blended: 13 (1.2%)  blended_union: 37 (3.3%)  diverse: 13 (1.2%)
  [3a] Subgraph / edge_w   k=1 …
2026-07-01 18:29:42.055 | INFO     | pycaalp.time_balancing.model:run_mip:430 - Running MIP solver ...
      obj=0.892 (vs_full=+3.71%)  alpha=792.0s  build=0.001s solve=0.026s  vs_full=+6.01%
  [3b] Subgraph / bal_w    k=1 …
2026-07-01 18:29:42.081 | INFO     | pycaalp.time_balancing.model:run_mip:430 - Running MIP solver ...
      obj=0.942 (vs_full=+9.53%)  alpha=731.8s  build=0.001s solve=0.037s  vs_full=-2.05%
  [3c] Subgraph / combined k=1 …
2026-07-01 18:29:42.118 | INFO     | pycaalp.time_balancing.model:run_mip:430 - Running MIP solver ...
      obj=0.892 (vs_full=+3.71%)  alpha=792.0s  build=0.002s solve=0.118s  vs_full=+6.01%
  [3d] Subgraph / blended  k=1 …
2026-07-01 18:29:42.236 | INFO     | pycaalp.time_balancing.model:run_mip:430 - Running MIP solver ...
      obj=0.917 (vs_full=+6.57%)  alpha=722.4s  build=0.001s solve=0.024s  vs_full=-3.31%
  [3e] Subgraph / bl-union k=1 …
2026-07-01 18:29:42.260 | INFO     | pycaalp.time_balancing.model:run_mip:430 - Running MIP solver ...
      obj=0.861 (vs_full=+0.06%)  alpha=747.1s  build=0.011s solve=0.334s  vs_full=+0.00%
  [3f] Subgraph / diverse  k=1 …
2026-07-01 18:29:42.595 | INFO     | pycaalp.time_balancing.model:run_mip:430 - Running MIP solver ...
      obj=0.917 (vs_full=+6.57%)  alpha=722.4s  build=0.004s solve=0.023s  vs_full=-3.31%

k = 2
  Subgraph edges — edge_w: 15 (1.4%)  bal_w: 15 (1.4%)  combined: 30 (2.7%)  blended: 15 (1.4%)  blended_union: 42 (3.8%)  diverse: 26 (2.4%)
  [3a] Subgraph / edge_w   k=2 …
2026-07-01 18:29:42.693 | INFO     | pycaalp.time_balancing.model:run_mip:430 - Running MIP solver ...
      obj=0.889 (vs_full=+3.37%)  alpha=788.3s  build=0.004s solve=0.128s  vs_full=+5.52%
  [3b] Subgraph / bal_w    k=2 …
2026-07-01 18:29:42.821 | INFO     | pycaalp.time_balancing.model:run_mip:430 - Running MIP solver ...
      obj=0.939 (vs_full=+9.19%)  alpha=731.8s  build=0.008s solve=0.062s  vs_full=-2.05%
  [3c] Subgraph / combined k=2 …
2026-07-01 18:29:42.883 | INFO     | pycaalp.time_balancing.model:run_mip:430 - Running MIP solver ...
      obj=0.889 (vs_full=+3.37%)  alpha=788.3s  build=0.015s solve=0.108s  vs_full=+5.52%
  [3d] Subgraph / blended  k=2 …
2026-07-01 18:29:42.991 | INFO     | pycaalp.time_balancing.model:run_mip:430 - Running MIP solver ...
      obj=0.917 (vs_full=+6.57%)  alpha=722.4s  build=0.006s solve=0.023s  vs_full=-3.31%
  [3e] Subgraph / bl-union k=2 …
2026-07-01 18:29:43.014 | INFO     | pycaalp.time_balancing.model:run_mip:430 - Running MIP solver ...
      obj=0.861 (vs_full=+0.06%)  alpha=747.1s  build=0.035s solve=0.513s  vs_full=+0.00%
  [3f] Subgraph / diverse  k=2 …
2026-07-01 18:29:43.528 | INFO     | pycaalp.time_balancing.model:run_mip:430 - Running MIP solver ...
      obj=0.907 (vs_full=+5.44%)  alpha=731.8s  build=0.006s solve=0.102s  vs_full=-2.05%

k = 5
  Subgraph edges — edge_w: 21 (1.9%)  bal_w: 44 (4.0%)  combined: 65 (5.9%)  blended: 19 (1.7%)  blended_union: 60 (5.4%)  diverse: 65 (5.9%)
  [3a] Subgraph / edge_w   k=5 …
2026-07-01 18:29:43.803 | INFO     | pycaalp.time_balancing.model:run_mip:430 - Running MIP solver ...
      obj=0.889 (vs_full=+3.37%)  alpha=788.3s  build=0.016s solve=0.196s  vs_full=+5.52%
  [3b] Subgraph / bal_w    k=5 …
2026-07-01 18:29:43.999 | INFO     | pycaalp.time_balancing.model:run_mip:430 - Running MIP solver ...
      obj=0.939 (vs_full=+9.19%)  alpha=731.8s  build=0.020s solve=0.190s  vs_full=-2.05%
  [3c] Subgraph / combined k=5 …
2026-07-01 18:29:44.189 | INFO     | pycaalp.time_balancing.model:run_mip:430 - Running MIP solver ...
      obj=0.889 (vs_full=+3.37%)  alpha=788.3s  build=0.033s solve=0.305s  vs_full=+5.52%
  [3d] Subgraph / blended  k=5 …
2026-07-01 18:29:44.494 | INFO     | pycaalp.time_balancing.model:run_mip:430 - Running MIP solver ...
      obj=0.917 (vs_full=+6.57%)  alpha=722.4s  build=0.021s solve=0.110s  vs_full=-3.31%
  [3e] Subgraph / bl-union k=5 …
2026-07-01 18:29:44.604 | INFO     | pycaalp.time_balancing.model:run_mip:430 - Running MIP solver ...
      obj=0.861 (vs_full=+0.06%)  alpha=747.1s  build=0.069s solve=0.281s  vs_full=+0.00%
  [3f] Subgraph / diverse  k=5 …
2026-07-01 18:29:44.884 | INFO     | pycaalp.time_balancing.model:run_mip:430 - Running MIP solver ...
      obj=0.872 (vs_full=+1.32%)  alpha=747.1s  build=0.013s solve=0.391s  vs_full=+0.00%

k = 10
  Subgraph edges — edge_w: 24 (2.2%)  bal_w: 57 (5.2%)  combined: 81 (7.3%)  blended: 28 (2.5%)  blended_union: 75 (6.8%)  diverse: 126 (11.4%)
  [3a] Subgraph / edge_w   k=10 …
2026-07-01 18:29:45.649 | INFO     | pycaalp.time_balancing.model:run_mip:430 - Running MIP solver ...
      obj=0.889 (vs_full=+3.37%)  alpha=788.3s  build=0.045s solve=0.255s  vs_full=+5.52%
  [3b] Subgraph / bal_w    k=10 …
2026-07-01 18:29:45.904 | INFO     | pycaalp.time_balancing.model:run_mip:430 - Running MIP solver ...
      obj=0.939 (vs_full=+9.13%)  alpha=731.8s  build=0.054s solve=0.248s  vs_full=-2.05%
  [3c] Subgraph / combined k=10 …
2026-07-01 18:29:46.152 | INFO     | pycaalp.time_balancing.model:run_mip:430 - Running MIP solver ...
      obj=0.889 (vs_full=+3.37%)  alpha=788.3s  build=0.099s solve=0.534s  vs_full=+5.52%
  [3d] Subgraph / blended  k=10 …
2026-07-01 18:29:46.686 | INFO     | pycaalp.time_balancing.model:run_mip:430 - Running MIP solver ...
      obj=0.917 (vs_full=+6.57%)  alpha=722.4s  build=0.030s solve=0.268s  vs_full=-3.31%
  [3e] Subgraph / bl-union k=10 …
2026-07-01 18:29:46.954 | INFO     | pycaalp.time_balancing.model:run_mip:430 - Running MIP solver ...
      obj=0.861 (vs_full=+0.06%)  alpha=747.1s  build=0.132s solve=0.382s  vs_full=+0.00%
  [3f] Subgraph / diverse  k=10 …
2026-07-01 18:29:47.336 | INFO     | pycaalp.time_balancing.model:run_mip:430 - Running MIP solver ...
      obj=0.864 (vs_full=+0.48%)  alpha=747.1s  build=0.013s solve=0.798s  vs_full=+0.00%

k = 20
  Subgraph edges — edge_w: 35 (3.2%)  bal_w: 73 (6.6%)  combined: 107 (9.7%)  blended: 33 (3.0%)  blended_union: 93 (8.4%)  diverse: 239 (21.6%)
  [3a] Subgraph / edge_w   k=20 …
2026-07-01 18:29:48.781 | INFO     | pycaalp.time_balancing.model:run_mip:430 - Running MIP solver ...
      obj=0.889 (vs_full=+3.37%)  alpha=788.3s  build=0.069s solve=0.433s  vs_full=+5.52%
  [3b] Subgraph / bal_w    k=20 …
2026-07-01 18:29:49.215 | INFO     | pycaalp.time_balancing.model:run_mip:430 - Running MIP solver ...
      obj=0.924 (vs_full=+7.36%)  alpha=731.8s  build=0.098s solve=0.399s  vs_full=-2.05%
  [3c] Subgraph / combined k=20 …
2026-07-01 18:29:49.614 | INFO     | pycaalp.time_balancing.model:run_mip:430 - Running MIP solver ...
      obj=0.878 (vs_full=+2.11%)  alpha=754.4s  build=0.179s solve=0.499s  vs_full=+0.98%
  [3d] Subgraph / blended  k=20 …
2026-07-01 18:29:50.113 | INFO     | pycaalp.time_balancing.model:run_mip:430 - Running MIP solver ...
      obj=0.917 (vs_full=+6.57%)  alpha=722.4s  build=0.051s solve=0.290s  vs_full=-3.31%
  [3e] Subgraph / bl-union k=20 …
2026-07-01 18:29:50.403 | INFO     | pycaalp.time_balancing.model:run_mip:430 - Running MIP solver ...
      obj=0.861 (vs_full=+0.06%)  alpha=747.1s  build=0.223s solve=0.438s  vs_full=+0.00%
  [3f] Subgraph / diverse  k=20 …
2026-07-01 18:29:50.841 | INFO     | pycaalp.time_balancing.model:run_mip:430 - Running MIP solver ...
      obj=0.862 (vs_full=+0.22%)  alpha=747.1s  build=0.025s solve=0.750s  vs_full=+0.00%

k = 50
  Subgraph edges — edge_w: 54 (4.9%)  bal_w: 141 (12.8%)  combined: 190 (17.2%)  blended: 37 (3.3%)  blended_union: 146 (13.2%)  diverse: 505 (45.7%)
  [3a] Subgraph / edge_w   k=50 …
2026-07-01 18:29:53.233 | INFO     | pycaalp.time_balancing.model:run_mip:430 - Running MIP solver ...
      obj=0.884 (vs_full=+2.74%)  alpha=780.8s  build=0.157s solve=0.374s  vs_full=+4.51%
  [3b] Subgraph / bal_w    k=50 …
2026-07-01 18:29:53.607 | INFO     | pycaalp.time_balancing.model:run_mip:430 - Running MIP solver ...
      obj=0.912 (vs_full=+6.04%)  alpha=731.8s  build=0.209s solve=0.581s  vs_full=-2.05%
  [3c] Subgraph / combined k=50 …
2026-07-01 18:29:54.188 | INFO     | pycaalp.time_balancing.model:run_mip:430 - Running MIP solver ...
      obj=0.878 (vs_full=+2.09%)  alpha=754.4s  build=0.441s solve=1.406s  vs_full=+0.98%
  [3d] Subgraph / blended  k=50 …
2026-07-01 18:29:55.595 | INFO     | pycaalp.time_balancing.model:run_mip:430 - Running MIP solver ...
      obj=0.917 (vs_full=+6.57%)  alpha=722.4s  build=0.182s solve=0.293s  vs_full=-3.31%
  [3e] Subgraph / bl-union k=50 …
2026-07-01 18:29:55.888 | INFO     | pycaalp.time_balancing.model:run_mip:430 - Running MIP solver ...
      obj=0.861 (vs_full=+0.06%)  alpha=747.1s  build=0.614s solve=0.817s  vs_full=+0.00%
  [3f] Subgraph / diverse  k=50 …
2026-07-01 18:29:56.705 | INFO     | pycaalp.time_balancing.model:run_mip:430 - Running MIP solver ...
      obj=0.862 (vs_full=+0.22%)  alpha=747.1s  build=0.039s solve=16.244s  vs_full=+0.00%

k = 100
  Subgraph edges — edge_w: 78 (7.1%)  bal_w: 189 (17.1%)  combined: 257 (23.3%)  blended: 54 (4.9%)  blended_union: 190 (17.2%)  diverse: 741 (67.1%)
  [3a] Subgraph / edge_w   k=100 …
2026-07-01 18:30:15.991 | INFO     | pycaalp.time_balancing.model:run_mip:430 - Running MIP solver ...
      obj=0.884 (vs_full=+2.74%)  alpha=780.8s  build=0.339s solve=0.355s  vs_full=+4.51%
  [3b] Subgraph / bal_w    k=100 …
2026-07-01 18:30:16.347 | INFO     | pycaalp.time_balancing.model:run_mip:430 - Running MIP solver ...
      obj=0.912 (vs_full=+6.04%)  alpha=731.8s  build=0.473s solve=1.466s  vs_full=-2.05%
  [3c] Subgraph / combined k=100 …
2026-07-01 18:30:17.813 | INFO     | pycaalp.time_balancing.model:run_mip:430 - Running MIP solver ...
      obj=0.878 (vs_full=+2.09%)  alpha=754.4s  build=0.774s solve=2.488s  vs_full=+0.98%
  [3d] Subgraph / blended  k=100 …
2026-07-01 18:30:20.301 | INFO     | pycaalp.time_balancing.model:run_mip:430 - Running MIP solver ...
      obj=0.917 (vs_full=+6.57%)  alpha=722.4s  build=0.314s solve=0.362s  vs_full=-3.31%
  [3e] Subgraph / bl-union k=100 …
2026-07-01 18:30:20.663 | INFO     | pycaalp.time_balancing.model:run_mip:430 - Running MIP solver ...
      obj=0.861 (vs_full=+0.06%)  alpha=747.1s  build=1.030s solve=1.278s  vs_full=+0.00%
  [3f] Subgraph / diverse  k=100 …
2026-07-01 18:30:21.941 | INFO     | pycaalp.time_balancing.model:run_mip:430 - Running MIP solver ...
      obj=0.862 (vs_full=+0.20%)  alpha=747.1s  build=0.111s solve=32.381s  vs_full=+0.00%

k = 200
  Subgraph edges — edge_w: 95 (8.6%)  bal_w: 258 (23.3%)  combined: 339 (30.7%)  blended: 69 (6.2%)  blended_union: 203 (18.4%)  diverse: 909 (82.3%)
  [3a] Subgraph / edge_w   k=200 …
2026-07-01 18:31:00.429 | INFO     | pycaalp.time_balancing.model:run_mip:430 - Running MIP solver ...
      obj=0.884 (vs_full=+2.74%)  alpha=780.8s  build=0.643s solve=0.632s  vs_full=+4.51%
  [3b] Subgraph / bal_w    k=200 …
2026-07-01 18:31:01.061 | INFO     | pycaalp.time_balancing.model:run_mip:430 - Running MIP solver ...
      obj=0.912 (vs_full=+6.04%)  alpha=731.8s  build=0.827s solve=1.733s  vs_full=-2.05%
  [3c] Subgraph / combined k=200 …
2026-07-01 18:31:02.795 | INFO     | pycaalp.time_balancing.model:run_mip:430 - Running MIP solver ...
      obj=0.865 (vs_full=+0.59%)  alpha=747.1s  build=1.492s solve=4.296s  vs_full=+0.00%
  [3d] Subgraph / blended  k=200 …
2026-07-01 18:31:07.091 | INFO     | pycaalp.time_balancing.model:run_mip:430 - Running MIP solver ...
      obj=0.917 (vs_full=+6.57%)  alpha=722.4s  build=0.657s solve=0.514s  vs_full=-3.31%
  [3e] Subgraph / bl-union k=200 …
2026-07-01 18:31:07.605 | INFO     | pycaalp.time_balancing.model:run_mip:430 - Running MIP solver ...
      obj=0.861 (vs_full=+0.06%)  alpha=747.1s  build=2.276s solve=1.838s  vs_full=+0.00%
  [3f] Subgraph / diverse  k=200 …
2026-07-01 18:31:09.443 | INFO     | pycaalp.time_balancing.model:run_mip:430 - Running MIP solver ...
      obj=0.860 (vs_full=+0.00%)  alpha=747.1s  build=0.213s solve=28.097s  vs_full=+0.00%

k = 500
  Subgraph edges — edge_w: 108 (9.8%)  bal_w: 399 (36.1%)  combined: 459 (41.5%)  blended: 70 (6.3%)  blended_union: 247 (22.4%)  diverse: 1042 (94.3%)
  [3a] Subgraph / edge_w   k=500 …
2026-07-01 18:31:52.777 | INFO     | pycaalp.time_balancing.model:run_mip:430 - Running MIP solver ...
      obj=0.884 (vs_full=+2.74%)  alpha=780.8s  build=1.747s solve=0.605s  vs_full=+4.51%
  [3b] Subgraph / bal_w    k=500 …
2026-07-01 18:31:53.382 | INFO     | pycaalp.time_balancing.model:run_mip:430 - Running MIP solver ...
      obj=0.902 (vs_full=+4.86%)  alpha=731.8s  build=1.925s solve=4.470s  vs_full=-2.05%
  [3c] Subgraph / combined k=500 …
2026-07-01 18:31:57.852 | INFO     | pycaalp.time_balancing.model:run_mip:430 - Running MIP solver ...
      obj=0.865 (vs_full=+0.59%)  alpha=747.1s  build=3.874s solve=8.680s  vs_full=+0.00%
  [3d] Subgraph / blended  k=500 …
2026-07-01 18:32:06.532 | INFO     | pycaalp.time_balancing.model:run_mip:430 - Running MIP solver ...
      obj=0.917 (vs_full=+6.57%)  alpha=722.4s  build=1.676s solve=0.420s  vs_full=-3.31%
  [3e] Subgraph / bl-union k=500 …
2026-07-01 18:32:06.952 | INFO     | pycaalp.time_balancing.model:run_mip:430 - Running MIP solver ...
      obj=0.861 (vs_full=+0.06%)  alpha=747.1s  build=5.513s solve=3.004s  vs_full=+0.00%
  [3f] Subgraph / diverse  k=500 …
2026-07-01 18:32:09.956 | INFO     | pycaalp.time_balancing.model:run_mip:430 - Running MIP solver ...
      obj=0.860 (vs_full=+0.00%)  alpha=747.1s  build=0.501s solve=66.347s  vs_full=+0.00%

k = 1000
  Subgraph edges — edge_w: 142 (12.9%)  bal_w: 500 (45.2%)  combined: 578 (52.3%)  blended: 131 (11.9%)  blended_union: 284 (25.7%)  diverse: 1097 (99.3%)
  [3a] Subgraph / edge_w   k=1000 …
2026-07-01 18:33:49.161 | INFO     | pycaalp.time_balancing.model:run_mip:430 - Running MIP solver ...
      obj=0.860 (vs_full=+0.00%)  alpha=747.1s  build=3.332s solve=0.533s  vs_full=+0.00%
  [3b] Subgraph / bal_w    k=1000 …
2026-07-01 18:33:49.694 | INFO     | pycaalp.time_balancing.model:run_mip:430 - Running MIP solver ...
      obj=0.902 (vs_full=+4.86%)  alpha=731.8s  build=4.826s solve=8.376s  vs_full=-2.05%
  [3c] Subgraph / combined k=1000 …
2026-07-01 18:33:58.070 | INFO     | pycaalp.time_balancing.model:run_mip:430 - Running MIP solver ...
      obj=0.860 (vs_full=+0.00%)  alpha=747.1s  build=8.694s solve=12.598s  vs_full=+0.00%
  [3d] Subgraph / blended  k=1000 …
2026-07-01 18:34:10.668 | INFO     | pycaalp.time_balancing.model:run_mip:430 - Running MIP solver ...
      obj=0.867 (vs_full=+0.79%)  alpha=747.1s  build=3.788s solve=1.066s  vs_full=+0.00%
  [3e] Subgraph / bl-union k=1000 …
2026-07-01 18:34:11.734 | INFO     | pycaalp.time_balancing.model:run_mip:430 - Running MIP solver ...
      obj=0.860 (vs_full=+0.00%)  alpha=747.1s  build=11.155s solve=2.680s  vs_full=+0.00%
  [3f] Subgraph / diverse  k=1000 …
2026-07-01 18:34:14.414 | INFO     | pycaalp.time_balancing.model:run_mip:430 - Running MIP solver ...
      obj=0.860 (vs_full=+0.00%)  alpha=747.1s  build=1.061s solve=60.077s  vs_full=+0.00%

k = 2000
  Subgraph edges — edge_w: 185 (16.7%)  bal_w: 630 (57.0%)  combined: 685 (62.0%)  blended: 184 (16.7%)  blended_union: 335 (30.3%)  diverse: 1105 (100.0%)
  [3a] Subgraph / edge_w   k=2000 …
2026-07-01 18:36:26.365 | INFO     | pycaalp.time_balancing.model:run_mip:430 - Running MIP solver ...
      obj=0.860 (vs_full=-0.00%)  alpha=747.1s  build=8.827s solve=1.263s  vs_full=+0.00%
  [3b] Subgraph / bal_w    k=2000 …
2026-07-01 18:36:27.628 | INFO     | pycaalp.time_balancing.model:run_mip:430 - Running MIP solver ...
      obj=0.902 (vs_full=+4.85%)  alpha=731.8s  build=8.638s solve=26.942s  vs_full=-2.05%
  [3c] Subgraph / combined k=2000 …
2026-07-01 18:36:54.571 | INFO     | pycaalp.time_balancing.model:run_mip:430 - Running MIP solver ...
      obj=0.860 (vs_full=+0.00%)  alpha=747.1s  build=15.938s solve=12.103s  vs_full=+0.00%
  [3d] Subgraph / blended  k=2000 …
2026-07-01 18:37:06.674 | INFO     | pycaalp.time_balancing.model:run_mip:430 - Running MIP solver ...
      obj=0.865 (vs_full=+0.58%)  alpha=747.1s  build=9.517s solve=1.232s  vs_full=+0.00%
  [3e] Subgraph / bl-union k=2000 …
2026-07-01 18:37:07.906 | INFO     | pycaalp.time_balancing.model:run_mip:430 - Running MIP solver ...
      obj=0.860 (vs_full=-0.00%)  alpha=747.1s  build=26.765s solve=3.826s  vs_full=+0.00%
  [3f] Subgraph / diverse  k=2000 …
2026-07-01 18:37:11.732 | INFO     | pycaalp.time_balancing.model:run_mip:430 - Running MIP solver ...
      obj=0.860 (vs_full=+0.00%)  alpha=747.1s  build=2.188s solve=49.138s  vs_full=+0.00%

k = 5000
  Subgraph edges — edge_w: 232 (21.0%)  bal_w: 799 (72.3%)  combined: 830 (75.1%)  blended: 259 (23.4%)  blended_union: 355 (32.1%)  diverse: 1105 (100.0%)
  [3a] Subgraph / edge_w   k=5000 …
2026-07-01 18:42:07.520 | INFO     | pycaalp.time_balancing.model:run_mip:430 - Running MIP solver ...
      obj=0.860 (vs_full=+0.00%)  alpha=747.1s  build=37.792s solve=1.285s  vs_full=+0.00%
  [3b] Subgraph / bal_w    k=5000 …
2026-07-01 18:42:08.805 | INFO     | pycaalp.time_balancing.model:run_mip:430 - Running MIP solver ...
      obj=0.902 (vs_full=+4.85%)  alpha=731.8s  build=29.581s solve=34.079s  vs_full=-2.05%
  [3c] Subgraph / combined k=5000 …
2026-07-01 18:42:42.884 | INFO     | pycaalp.time_balancing.model:run_mip:430 - Running MIP solver ...
      obj=0.860 (vs_full=+0.00%)  alpha=747.1s  build=60.486s solve=13.824s  vs_full=+0.00%
  [3d] Subgraph / blended  k=5000 …
2026-07-01 18:42:56.708 | INFO     | pycaalp.time_balancing.model:run_mip:430 - Running MIP solver ...
      obj=0.864 (vs_full=+0.48%)  alpha=747.1s  build=31.713s solve=1.291s  vs_full=+0.00%
  [3e] Subgraph / bl-union k=5000 …
2026-07-01 18:42:57.999 | INFO     | pycaalp.time_balancing.model:run_mip:430 - Running MIP solver ...
      obj=0.860 (vs_full=+0.00%)  alpha=747.1s  build=82.991s solve=2.363s  vs_full=+0.00%
  [3f] Subgraph / diverse  k=5000 …
2026-07-01 18:43:00.362 | INFO     | pycaalp.time_balancing.model:run_mip:430 - Running MIP solver ...
      obj=0.860 (vs_full=+0.00%)  alpha=747.1s  build=4.086s solve=32.687s  vs_full=+0.00%

Results saved to experiments/strategy_comparison/assembly_1_np_3/strategy_comparison_lambda_0.7.csv
Plot with:  python -m experiments.strategy_comparison.plot_k_sensitivity

============================================================================================================================
SUMMARY — assembly_1  P=3  λ=0.7
============================================================================================================================
Strategy       Weight                      k   Build    Solve    Total  Spdup       Obj   ObjvsF     Alpha    AlvsF   Edges  %Grph
----------------------------------------------------------------------------------------------------------------------------
full_mip       —                               0.000   53.249   53.249   1.0x     0.860    +0.00    747.12    +0.00    1105  100.0
subgraph_mip   edge_weight                 1   0.001    0.026    0.027 1942.8x     0.892    +3.71    792.00    +6.01      13    1.2
subgraph_mip   time_balanced_weight        1   0.001    0.037    0.038 1412.4x     0.942    +9.53    731.84    -2.05      13    1.2
subgraph_mip   combined                    1   0.002    0.118    0.120 445.3x     0.892    +3.71    792.00    +6.01      26    2.4
subgraph_mip   blended                     1   0.001    0.024    0.025 2134.7x     0.917    +6.57    722.42    -3.31      13    1.2
subgraph_mip   blended_union               1   0.011    0.334    0.345 154.3x     0.861    +0.06    747.12    +0.00      37    3.4
subgraph_mip   diverse                     1   0.004    0.023    0.027 1962.3x     0.917    +6.57    722.42    -3.31      13    1.2
subgraph_mip   edge_weight                 2   0.004    0.128    0.132 404.0x     0.889    +3.37    788.33    +5.52      15    1.4
subgraph_mip   time_balanced_weight        2   0.008    0.062    0.070 759.9x     0.939    +9.19    731.84    -2.05      15    1.4
subgraph_mip   combined                    2   0.015    0.108    0.123 432.1x     0.889    +3.37    788.33    +5.52      30    2.7
subgraph_mip   blended                     2   0.006    0.023    0.030 1802.2x     0.917    +6.57    722.42    -3.31      15    1.4
subgraph_mip   blended_union               2   0.035    0.513    0.548  97.2x     0.861    +0.06    747.12    +0.00      42    3.8
subgraph_mip   diverse                     2   0.006    0.102    0.108 491.7x     0.907    +5.44    731.84    -2.05      26    2.4
subgraph_mip   edge_weight                 5   0.016    0.196    0.212 251.1x     0.889    +3.37    788.33    +5.52      21    1.9
subgraph_mip   time_balanced_weight        5   0.020    0.190    0.209 254.3x     0.939    +9.19    731.84    -2.05      44    4.0
subgraph_mip   combined                    5   0.033    0.305    0.338 157.5x     0.889    +3.37    788.33    +5.52      65    5.9
subgraph_mip   blended                     5   0.021    0.110    0.131 406.5x     0.917    +6.57    722.42    -3.31      19    1.7
subgraph_mip   blended_union               5   0.069    0.281    0.350 152.2x     0.861    +0.06    747.12    +0.00      60    5.4
subgraph_mip   diverse                     5   0.013    0.391    0.405 131.6x     0.872    +1.32    747.12    +0.00      65    5.9
subgraph_mip   edge_weight                10   0.045    0.255    0.300 177.5x     0.889    +3.37    788.33    +5.52      24    2.2
subgraph_mip   time_balanced_weight       10   0.054    0.248    0.303 176.0x     0.939    +9.13    731.84    -2.05      57    5.2
subgraph_mip   combined                   10   0.099    0.534    0.632  84.2x     0.889    +3.37    788.33    +5.52      81    7.3
subgraph_mip   blended                    10   0.030    0.268    0.298 178.6x     0.917    +6.57    722.42    -3.31      28    2.5
subgraph_mip   blended_union              10   0.132    0.382    0.514 103.7x     0.861    +0.06    747.12    +0.00      75    6.8
subgraph_mip   diverse                    10   0.013    0.798    0.811  65.7x     0.864    +0.48    747.12    +0.00     126   11.4
subgraph_mip   edge_weight                20   0.069    0.433    0.503 105.9x     0.889    +3.37    788.33    +5.52      35    3.2
subgraph_mip   time_balanced_weight       20   0.098    0.399    0.497 107.1x     0.924    +7.36    731.84    -2.05      73    6.6
subgraph_mip   combined                   20   0.179    0.499    0.678  78.5x     0.878    +2.11    754.42    +0.98     107    9.7
subgraph_mip   blended                    20   0.051    0.290    0.341 156.2x     0.917    +6.57    722.42    -3.31      33    3.0
subgraph_mip   blended_union              20   0.223    0.438    0.661  80.5x     0.861    +0.06    747.12    +0.00      93    8.4
subgraph_mip   diverse                    20   0.025    0.750    0.775  68.7x     0.862    +0.22    747.12    +0.00     239   21.6
subgraph_mip   edge_weight                50   0.157    0.374    0.531 100.3x     0.884    +2.74    780.81    +4.51      54    4.9
subgraph_mip   time_balanced_weight       50   0.209    0.581    0.790  67.4x     0.912    +6.04    731.84    -2.05     141   12.8
subgraph_mip   combined                   50   0.441    1.406    1.847  28.8x     0.878    +2.09    754.42    +0.98     190   17.2
subgraph_mip   blended                    50   0.182    0.293    0.475 112.1x     0.917    +6.57    722.42    -3.31      37    3.4
subgraph_mip   blended_union              50   0.614    0.817    1.431  37.2x     0.861    +0.06    747.12    +0.00     146   13.2
subgraph_mip   diverse                    50   0.039   16.244   16.283   3.3x     0.862    +0.22    747.12    +0.00     505   45.7
subgraph_mip   edge_weight               100   0.339    0.355    0.694  76.7x     0.884    +2.74    780.81    +4.51      78    7.1
subgraph_mip   time_balanced_weight      100   0.473    1.466    1.939  27.5x     0.912    +6.04    731.84    -2.05     189   17.1
subgraph_mip   combined                  100   0.774    2.488    3.263  16.3x     0.878    +2.09    754.42    +0.98     257   23.3
subgraph_mip   blended                   100   0.314    0.362    0.676  78.7x     0.917    +6.57    722.42    -3.31      54    4.9
subgraph_mip   blended_union             100   1.030    1.278    2.308  23.1x     0.861    +0.06    747.12    +0.00     190   17.2
subgraph_mip   diverse                   100   0.111   32.381   32.492   1.6x     0.862    +0.20    747.12    +0.00     741   67.1
subgraph_mip   edge_weight               200   0.643    0.632    1.274  41.8x     0.884    +2.74    780.81    +4.51      95    8.6
subgraph_mip   time_balanced_weight      200   0.827    1.733    2.561  20.8x     0.912    +6.04    731.84    -2.05     258   23.4
subgraph_mip   combined                  200   1.492    4.296    5.788   9.2x     0.865    +0.59    747.12    +0.00     339   30.7
subgraph_mip   blended                   200   0.657    0.514    1.171  45.5x     0.917    +6.57    722.42    -3.31      69    6.2
subgraph_mip   blended_union             200   2.276    1.838    4.113  12.9x     0.861    +0.06    747.12    +0.00     203   18.4
subgraph_mip   diverse                   200   0.213   28.097   28.310   1.9x     0.860    +0.00    747.12    +0.00     909   82.3
subgraph_mip   edge_weight               500   1.747    0.605    2.352  22.6x     0.884    +2.74    780.81    +4.51     108    9.8
subgraph_mip   time_balanced_weight      500   1.925    4.470    6.395   8.3x     0.902    +4.86    731.84    -2.05     399   36.1
subgraph_mip   combined                  500   3.874    8.680   12.553   4.2x     0.865    +0.59    747.12    +0.00     459   41.5
subgraph_mip   blended                   500   1.676    0.420    2.097  25.4x     0.917    +6.57    722.42    -3.31      70    6.3
subgraph_mip   blended_union             500   5.513    3.004    8.517   6.2x     0.861    +0.06    747.12    +0.00     247   22.4
subgraph_mip   diverse                   500   0.501   66.347   66.848   0.8x     0.860    +0.00    747.12    +0.00    1042   94.3
subgraph_mip   edge_weight              1000   3.332    0.533    3.866  13.8x     0.860    +0.00    747.12    +0.00     142   12.8
subgraph_mip   time_balanced_weight     1000   4.826    8.376   13.203   4.0x     0.902    +4.86    731.84    -2.05     500   45.2
subgraph_mip   combined                 1000   8.694   12.598   21.292   2.5x     0.860    +0.00    747.12    +0.00     578   52.3
subgraph_mip   blended                  1000   3.788    1.066    4.854  11.0x     0.867    +0.79    747.12    +0.00     131   11.9
subgraph_mip   blended_union            1000  11.155    2.680   13.835   3.9x     0.860    +0.00    747.12    +0.00     284   25.7
subgraph_mip   diverse                  1000   1.061   60.077   61.138   0.9x     0.860    +0.00    747.12    +0.00    1097   99.3
subgraph_mip   edge_weight              2000   8.827    1.263   10.090   5.3x     0.860    -0.00    747.12    +0.00     185   16.7
subgraph_mip   time_balanced_weight     2000   8.638   26.942   35.580   1.5x     0.902    +4.85    731.84    -2.05     630   57.0
subgraph_mip   combined                 2000  15.938   12.103   28.041   1.9x     0.860    +0.00    747.12    +0.00     685   62.0
subgraph_mip   blended                  2000   9.517    1.232   10.749   5.0x     0.865    +0.58    747.12    +0.00     184   16.6
subgraph_mip   blended_union            2000  26.765    3.826   30.591   1.7x     0.860    -0.00    747.12    +0.00     335   30.3
subgraph_mip   diverse                  2000   2.188   49.138   51.326   1.0x     0.860    +0.00    747.12    +0.00    1105  100.0
subgraph_mip   edge_weight              5000  37.792    1.285   39.077   1.4x     0.860    +0.00    747.12    +0.00     232   21.0
subgraph_mip   time_balanced_weight     5000  29.581   34.079   63.660   0.8x     0.902    +4.85    731.84    -2.05     799   72.3
subgraph_mip   combined                 5000  60.486   13.824   74.309   0.7x     0.860    +0.00    747.12    +0.00     830   75.1
subgraph_mip   blended                  5000  31.713    1.291   33.004   1.6x     0.864    +0.48    747.12    +0.00     259   23.4
subgraph_mip   blended_union            5000  82.991    2.363   85.354   0.6x     0.860    +0.00    747.12    +0.00     355   32.1
subgraph_mip   diverse                  5000   4.086   32.687   36.774   1.4x     0.860    +0.00    747.12    +0.00    1105  100.0
============================================================================================================================

----------------- λ = 0.75 -----------------
========================================================================
Strategy Comparison Experiment — assembly_1  P=3  λ=0.75
========================================================================

Building assembly digraph …
2026-07-01 18:28:48.681 | INFO     | pycaalp.gapp.assembly_digraph:compute_assembly_digraph_complete:395 - Computing assembly digraph...
  343 nodes, 1105 edges  (0.4s)

[1] Full MIP  P=3  λ=0.75
2026-07-01 18:28:49.102 | INFO     | pycaalp.time_balancing.model:run_mip:430 - Running MIP solver ...
presolving:
(round 1, fast)       2 del vars, 2 del conss, 0 add conss, 0 chg bounds, 0 chg sides, 0 chg coeffs, 0 upgd conss, 0 impls, 69 clqs, 0 implints
(round 2, exhaustive) 2 del vars, 2 del conss, 0 add conss, 1 chg bounds, 0 chg sides, 0 chg coeffs, 3408 upgd conss, 0 impls, 69 clqs, 0 implints
   (0.2s) probing: 1000/1181 (84.7%) - 0 fixings, 0 aggregations, 131997 implications, 0 bound changes
   (0.2s) probing: 1001/1181 (84.8%) - 0 fixings, 0 aggregations, 132060 implications, 0 bound changes
   (0.2s) probing aborted: 1000/1000 successive useless probings
   (0.2s) symmetry computation started: requiring (bin +, int +, cont +), (fixed: bin -, int -, cont -)
   (0.2s) no symmetry present (symcode time: 0.00)
presolving (3 rounds: 3 fast, 2 medium, 2 exhaustive):
 2 deleted vars, 2 deleted constraints, 0 added constraints, 1 tightened bounds, 0 added holes, 0 changed sides, 0 changed coefficients
 0 implications, 12312 cliques, 0 implied integral variables (0 bin, 0 int, 0 cont)
presolved problem has 1182 variables (1181 bin, 0 int, 1 cont) and 3721 constraints
     69 constraints of type <setppc>
    313 constraints of type <linear>
   3339 constraints of type <logicor>
Presolving Time: 0.21

 time | node  | left  |LP iter|LP it/n|mem/heur|mdpt |vars |cons |rows |cuts |sepa|confs|strbr|  dualbound   | primalbound  |  gap   | compl. 
p 0.2s|     1 |     0 |     0 |     - | vbounds|   0 |1182 |3752 |3721 |   0 |  0 |  30 |   0 | 0.000000e+00 | 2.086781e+00 |    Inf | unknown
p 0.3s|     1 |     0 |    89 |     - | vbounds|   0 |1182 |3764 |3721 |   0 |  0 |  42 |   0 | 0.000000e+00 | 1.260616e+00 |    Inf | unknown
  0.3s|     1 |     0 |   381 |     - |    29M |   0 |1182 |3764 |3721 |   0 |  0 |  42 |   0 | 8.329273e-01 | 1.260616e+00 |  51.35%| unknown
  0.5s|     1 |     0 |   440 |     - |    31M |   0 |1182 |3765 |3724 |   3 |  1 |  43 |   0 | 8.329321e-01 | 1.260616e+00 |  51.35%| unknown
  0.8s|     1 |     0 |   470 |     - |    36M |   0 |1182 |3775 |3727 |   6 |  2 |  53 |   0 | 8.329380e-01 | 1.260616e+00 |  51.35%| unknown
  1.1s|     1 |     0 |   515 |     - |    44M |   0 |1182 |3776 |3728 |   7 |  3 |  54 |   0 | 8.329849e-01 | 1.260616e+00 |  51.34%| unknown
  1.5s|     1 |     0 |   525 |     - |    51M |   0 |1182 |3776 |3731 |  10 |  4 |  55 |   0 | 8.329849e-01 | 1.260616e+00 |  51.34%| unknown
  1.9s|     1 |     0 |   532 |     - |    60M |   0 |1182 |3777 |3733 |  12 |  5 |  56 |   0 | 8.329849e-01 | 1.260616e+00 |  51.34%| unknown
  2.4s|     1 |     0 |   548 |     - |    68M |   0 |1182 |3782 |3736 |  15 |  6 |  66 |   0 | 8.329849e-01 | 1.260616e+00 |  51.34%| unknown
  2.8s|     1 |     0 |   555 |     - |    76M |   0 |1182 |3783 |3739 |  18 |  7 |  67 |   0 | 8.329849e-01 | 1.260616e+00 |  51.34%| unknown
  3.1s|     1 |     0 |   568 |     - |    83M |   0 |1182 |3787 |3742 |  21 |  8 |  74 |   0 | 8.329849e-01 | 1.260616e+00 |  51.34%| unknown
  3.5s|     1 |     0 |   583 |     - |    90M |   0 |1182 |3794 |3744 |  23 |  9 |  84 |   0 | 8.329849e-01 | 1.260616e+00 |  51.34%| unknown
  4.1s|     1 |     0 |   585 |     - |    98M |   0 |1182 |3802 |3745 |  24 | 10 |  92 |   0 | 8.329849e-01 | 1.260616e+00 |  51.34%| unknown
  4.1s|     1 |     0 |   587 |     - |    99M |   0 |1182 |3810 |3747 |  26 | 11 | 102 |   0 | 8.329849e-01 | 1.260616e+00 |  51.34%| unknown
  4.1s|     1 |     0 |   589 |     - |    99M |   0 |1182 |3811 |3749 |  28 | 12 | 104 |   0 | 8.329849e-01 | 1.260616e+00 |  51.34%| unknown
 time | node  | left  |LP iter|LP it/n|mem/heur|mdpt |vars |cons |rows |cuts |sepa|confs|strbr|  dualbound   | primalbound  |  gap   | compl. 
d 4.1s|     1 |     0 |  1097 |     - |farkasdi|   0 |1182 |3812 |3749 |   0 | 12 | 106 |   0 | 8.329849e-01 | 9.269546e-01 |  11.28%| unknown
  4.3s|     1 |     0 |  1851 |     - |   100M |   0 |1182 |3831 |3749 |  28 | 12 | 132 |   0 | 8.329849e-01 | 9.269546e-01 |  11.28%| unknown
  4.3s|     1 |     0 |  1858 |     - |   100M |   0 |1182 |3840 |3745 |  30 | 13 | 142 |   0 | 8.329849e-01 | 9.269546e-01 |  11.28%| unknown
  4.3s|     1 |     0 |  1862 |     - |   100M |   0 |1182 |3845 |3747 |  32 | 14 | 150 |   0 | 8.329849e-01 | 9.269546e-01 |  11.28%| unknown
  4.4s|     1 |     2 |  1865 |     - |   100M |   0 |1182 |3822 |3747 |  32 | 14 | 151 |  19 | 8.329871e-01 | 9.269546e-01 |  11.28%| unknown
r11.6s|    22 |    11 |  5362 | 231.0 |shifting|  15 |1182 |3762 |3735 |  71 |  0 | 283 | 526 | 8.330047e-01 | 8.985760e-01 |   7.87%|  58.86%
*12.5s|    29 |    14 |  5592 | 181.5 |strongbr|  17 |1182 |3779 |3746 |  89 |  6 | 306 | 581 | 8.330047e-01 | 8.964005e-01 |   7.61%|  61.22%
*24.0s|    83 |    20 | 11479 | 133.8 |strongbr|  17 |1182 |4000 |3734 | 294 |  1 | 719 |1547 | 8.330440e-01 | 8.706231e-01 |   4.51%|  71.47%
 24.4s|   100 |    23 | 12025 | 116.3 |   138M |  21 |1182 |3484 |3728 | 294 |  1 | 751 |1601 | 8.330440e-01 | 8.706231e-01 |   4.51%|  72.79%
 29.2s|   200 |    40 | 17419 |  85.0 |   139M |  21 |1182 |3651 |3732 | 415 |  3 |1096 |2069 | 8.330550e-01 | 8.706231e-01 |   4.51%|  74.15%
 33.9s|   300 |    49 | 21603 |  70.5 |   141M |  21 |1182 |3808 |   0 | 561 |  0 |1334 |2281 | 8.331436e-01 | 8.706231e-01 |   4.50%|  76.30%
 36.9s|   400 |    49 | 25420 |  62.4 |   142M |  22 |1182 |3906 |3735 | 676 |  1 |1534 |2428 | 8.332143e-01 | 8.706231e-01 |   4.49%|  78.68%
 42.4s|   500 |    78 | 31563 |  62.2 |   144M |  22 |1182 |4106 |3735 | 872 |  1 |1876 |2691 | 8.332534e-01 | 8.706231e-01 |   4.48%|  79.00%
*47.8s|   553 |    88 | 33610 |  60.0 |    LP  |  22 |1182 |4165 |3732 |1025 |  2 |2000 |2741 | 8.333507e-01 | 8.611634e-01 |   3.34%|  79.53%
 48.0s|   600 |    85 | 34073 |  56.0 |   145M |  22 |1182 |4155 |3740 |1030 |  1 |2063 |2756 | 8.333770e-01 | 8.611634e-01 |   3.33%|  80.79%
 time | node  | left  |LP iter|LP it/n|mem/heur|mdpt |vars |cons |rows |cuts |sepa|confs|strbr|  dualbound   | primalbound  |  gap   | compl. 
 49.8s|   700 |    76 | 36245 |  51.1 |   146M |  22 |1182 |4200 |3744 |1086 |  0 |2238 |2863 | 8.334369e-01 | 8.611634e-01 |   3.33%|  84.02%
 54.0s|   800 |    80 | 40677 |  50.3 |   148M |  22 |1182 |4222 |3738 |1315 |  1 |2427 |2975 | 8.334385e-01 | 8.611634e-01 |   3.33%|  86.64%
 58.2s|   900 |    83 | 45041 |  49.5 |   150M |  22 |1182 |4254 |3739 |1545 |  1 |2624 |3079 | 8.338257e-01 | 8.611634e-01 |   3.28%|  89.25%
 62.0s|  1000 |    66 | 49044 |  48.6 |   154M |  22 |1182 |4358 |3737 |1737 |  1 |2938 |3220 | 8.342313e-01 | 8.611634e-01 |   3.23%|  91.82%
 65.0s|  1100 |    68 | 52694 |  47.5 |   155M |  22 |1182 |4440 |   0 |1884 |  0 |3194 |3361 | 8.343620e-01 | 8.611634e-01 |   3.21%|  93.15%
 69.5s|  1200 |    58 | 57788 |  47.8 |   156M |  22 |1182 |4480 |3741 |2072 |  3 |3556 |3497 | 8.344518e-01 | 8.611634e-01 |   3.20%|  94.44%
 73.0s|  1300 |    53 | 61467 |  46.9 |   157M |  22 |1182 |4451 |   0 |2230 |  0 |3770 |3575 | 8.345063e-01 | 8.611634e-01 |   3.19%|  95.63%
 75.7s|  1400 |    29 | 64940 |  46.1 |   158M |  22 |1182 |4474 |3750 |2333 |  0 |4014 |3740 | 8.368587e-01 | 8.611634e-01 |   2.90%|  97.08%

SCIP Status        : problem is solved [optimal solution found]
Solving Time (sec) : 76.40
Solving Nodes      : 1488
Primal Bound       : +8.61163400480545e-01 (22 solutions)
Dual Bound         : +8.61163400480545e-01
Gap                : 0.00 %
objective value:                    0.861163400480545
x_('12_5', '13_1')                                  1 	(obj:0.00827091965411638)
x_('11_17', '12_5')                                 1 	(obj:0.00653944672131148)
x_('10_31', '11_17')                                1 	(obj:0.00718463913136044)
x_('9_42', '10_31')                                 1 	(obj:0.0169642857142857)
x_('8_45', '9_42')                                  1 	(obj:0.0113111501431174)
x_('7_37', '8_45')                                  1 	(obj:0.0122067110655738)
x_('6_35', '7_37')                                  1 	(obj:0.0133928571428571)
x_('5_25', '6_35')                                  1 	(obj:0.0116978922716628)
x_('4_21', '5_25')                                  1 	(obj:0.0115582552693208)
x_('3_18', '4_21')                                  1 	(obj:0.0289567476580796)
x_('2_14', '3_18')                                  1 	(obj:0.0309572599531616)
x_('1_10', '2_14')                                  1 	(obj:0.0440222482435597)
x_('0_1', '1_10')                                   1 	(obj:0.00892857142857143)
y_0_0                                               1 	(obj:0)
y_1_0                                               1 	(obj:0)
y_2_0                                               1 	(obj:0)
y_3_0                                               1 	(obj:0)
y_4_1                                               1 	(obj:0)
y_5_1                                               1 	(obj:0)
y_6_1                                               1 	(obj:0)
y_7_1                                               1 	(obj:0)
y_8_1                                               1 	(obj:0)
y_9_2                                               1 	(obj:0)
y_10_2                                              1 	(obj:0)
y_11_2                                              1 	(obj:0)
y_12_2                                              1 	(obj:0)
z_('3268741', '3425762')_1                          1 	(obj:0)
z_('3268741', '1966592X')_1                         1 	(obj:0)
z_('1966592X', '3452192')_0                         1 	(obj:0)
z_('3452192', '1353870')_0                          1 	(obj:0)
z_('3452192', '3520162')_0                          1 	(obj:0)
z_('3520162', '3307092')_1                          1 	(obj:0)
z_('3520162', '3524054')_0                          1 	(obj:0)
z_('3268740', '3524054')_1                          1 	(obj:0)
z_('3524054', '3179975')_1                          1 	(obj:0)
z_('3179975', '3422998')_2                          1 	(obj:0)
z_('3422998', '2495223X')_2                         1 	(obj:0)
z_('3422998', '1353870_01')_2                       1 	(obj:0)
z_('2495223X', '2245784X')_2                        1 	(obj:0)
alpha                                4.50072289156626 	(obj:0.144237366246215)
  obj=0.861  alpha=747.1s  time=76.52s

k = 1
  Subgraph edges — edge_w: 13 (1.2%)  bal_w: 13 (1.2%)  combined: 26 (2.4%)  blended: 13 (1.2%)  blended_union: 37 (3.3%)  diverse: 13 (1.2%)
  [3a] Subgraph / edge_w   k=1 …
2026-07-01 18:30:05.651 | INFO     | pycaalp.time_balancing.model:run_mip:430 - Running MIP solver ...
      obj=0.896 (vs_full=+4.09%)  alpha=792.0s  build=0.002s solve=0.050s  vs_full=+6.01%
  [3b] Subgraph / bal_w    k=1 …
2026-07-01 18:30:05.701 | INFO     | pycaalp.time_balancing.model:run_mip:430 - Running MIP solver ...
      obj=0.926 (vs_full=+7.59%)  alpha=731.8s  build=0.001s solve=0.050s  vs_full=-2.05%
  [3c] Subgraph / combined k=1 …
2026-07-01 18:30:05.751 | INFO     | pycaalp.time_balancing.model:run_mip:430 - Running MIP solver ...
      obj=0.896 (vs_full=+4.09%)  alpha=792.0s  build=0.002s solve=0.500s  vs_full=+6.01%
  [3d] Subgraph / blended  k=1 …
2026-07-01 18:30:06.250 | INFO     | pycaalp.time_balancing.model:run_mip:430 - Running MIP solver ...
      obj=0.903 (vs_full=+4.91%)  alpha=722.4s  build=0.001s solve=0.047s  vs_full=-3.31%
  [3e] Subgraph / bl-union k=1 …
2026-07-01 18:30:06.298 | INFO     | pycaalp.time_balancing.model:run_mip:430 - Running MIP solver ...
      obj=0.862 (vs_full=+0.05%)  alpha=747.1s  build=0.017s solve=0.575s  vs_full=-0.00%
  [3f] Subgraph / diverse  k=1 …
2026-07-01 18:30:06.873 | INFO     | pycaalp.time_balancing.model:run_mip:430 - Running MIP solver ...
      obj=0.903 (vs_full=+4.91%)  alpha=722.4s  build=0.004s solve=0.023s  vs_full=-3.31%

k = 2
  Subgraph edges — edge_w: 15 (1.4%)  bal_w: 15 (1.4%)  combined: 30 (2.7%)  blended: 15 (1.4%)  blended_union: 42 (3.8%)  diverse: 26 (2.4%)
  [3a] Subgraph / edge_w   k=2 …
2026-07-01 18:30:06.966 | INFO     | pycaalp.time_balancing.model:run_mip:430 - Running MIP solver ...
      obj=0.893 (vs_full=+3.73%)  alpha=788.3s  build=0.004s solve=0.085s  vs_full=+5.52%
  [3b] Subgraph / bal_w    k=2 …
2026-07-01 18:30:07.051 | INFO     | pycaalp.time_balancing.model:run_mip:430 - Running MIP solver ...
      obj=0.924 (vs_full=+7.31%)  alpha=731.8s  build=0.005s solve=0.023s  vs_full=-2.05%
  [3c] Subgraph / combined k=2 …
2026-07-01 18:30:07.075 | INFO     | pycaalp.time_balancing.model:run_mip:430 - Running MIP solver ...
      obj=0.893 (vs_full=+3.73%)  alpha=788.3s  build=0.009s solve=0.326s  vs_full=+5.52%
  [3d] Subgraph / blended  k=2 …
2026-07-01 18:30:07.401 | INFO     | pycaalp.time_balancing.model:run_mip:430 - Running MIP solver ...
      obj=0.903 (vs_full=+4.91%)  alpha=722.4s  build=0.004s solve=0.020s  vs_full=-3.31%
  [3e] Subgraph / bl-union k=2 …
2026-07-01 18:30:07.421 | INFO     | pycaalp.time_balancing.model:run_mip:430 - Running MIP solver ...
      obj=0.862 (vs_full=+0.05%)  alpha=747.1s  build=0.044s solve=0.582s  vs_full=-0.00%
  [3f] Subgraph / diverse  k=2 …
2026-07-01 18:30:08.003 | INFO     | pycaalp.time_balancing.model:run_mip:430 - Running MIP solver ...
      obj=0.897 (vs_full=+4.18%)  alpha=731.8s  build=0.004s solve=0.153s  vs_full=-2.05%

k = 5
  Subgraph edges — edge_w: 21 (1.9%)  bal_w: 44 (4.0%)  combined: 65 (5.9%)  blended: 19 (1.7%)  blended_union: 60 (5.4%)  diverse: 65 (5.9%)
  [3a] Subgraph / edge_w   k=5 …
2026-07-01 18:30:08.323 | INFO     | pycaalp.time_balancing.model:run_mip:430 - Running MIP solver ...
      obj=0.893 (vs_full=+3.73%)  alpha=788.3s  build=0.013s solve=0.141s  vs_full=+5.52%
  [3b] Subgraph / bal_w    k=5 …
2026-07-01 18:30:08.464 | INFO     | pycaalp.time_balancing.model:run_mip:430 - Running MIP solver ...
      obj=0.924 (vs_full=+7.31%)  alpha=731.8s  build=0.020s solve=0.645s  vs_full=-2.05%
  [3c] Subgraph / combined k=5 …
2026-07-01 18:30:09.109 | INFO     | pycaalp.time_balancing.model:run_mip:430 - Running MIP solver ...
      obj=0.893 (vs_full=+3.73%)  alpha=788.3s  build=0.029s solve=0.292s  vs_full=+5.52%
  [3d] Subgraph / blended  k=5 …
2026-07-01 18:30:09.401 | INFO     | pycaalp.time_balancing.model:run_mip:430 - Running MIP solver ...
      obj=0.903 (vs_full=+4.91%)  alpha=722.4s  build=0.011s solve=0.074s  vs_full=-3.31%
  [3e] Subgraph / bl-union k=5 …
2026-07-01 18:30:09.475 | INFO     | pycaalp.time_balancing.model:run_mip:430 - Running MIP solver ...
      obj=0.862 (vs_full=+0.05%)  alpha=747.1s  build=0.081s solve=0.311s  vs_full=-0.00%
  [3f] Subgraph / diverse  k=5 …
2026-07-01 18:30:09.786 | INFO     | pycaalp.time_balancing.model:run_mip:430 - Running MIP solver ...
      obj=0.871 (vs_full=+1.10%)  alpha=747.1s  build=0.012s solve=0.354s  vs_full=-0.00%

k = 10
  Subgraph edges — edge_w: 24 (2.2%)  bal_w: 57 (5.2%)  combined: 81 (7.3%)  blended: 28 (2.5%)  blended_union: 75 (6.8%)  diverse: 126 (11.4%)
  [3a] Subgraph / edge_w   k=10 …
2026-07-01 18:30:10.490 | INFO     | pycaalp.time_balancing.model:run_mip:430 - Running MIP solver ...
      obj=0.893 (vs_full=+3.73%)  alpha=788.3s  build=0.047s solve=0.166s  vs_full=+5.52%
  [3b] Subgraph / bal_w    k=10 …
2026-07-01 18:30:10.656 | INFO     | pycaalp.time_balancing.model:run_mip:430 - Running MIP solver ...
      obj=0.924 (vs_full=+7.26%)  alpha=731.8s  build=0.054s solve=0.276s  vs_full=-2.05%
  [3c] Subgraph / combined k=10 …
2026-07-01 18:30:10.933 | INFO     | pycaalp.time_balancing.model:run_mip:430 - Running MIP solver ...
      obj=0.893 (vs_full=+3.73%)  alpha=788.3s  build=0.099s solve=0.351s  vs_full=+5.52%
  [3d] Subgraph / blended  k=10 …
2026-07-01 18:30:11.284 | INFO     | pycaalp.time_balancing.model:run_mip:430 - Running MIP solver ...
      obj=0.903 (vs_full=+4.91%)  alpha=722.4s  build=0.026s solve=0.169s  vs_full=-3.31%
  [3e] Subgraph / bl-union k=10 …
2026-07-01 18:30:11.453 | INFO     | pycaalp.time_balancing.model:run_mip:430 - Running MIP solver ...
      obj=0.862 (vs_full=+0.05%)  alpha=747.1s  build=0.108s solve=0.243s  vs_full=-0.00%
  [3f] Subgraph / diverse  k=10 …
2026-07-01 18:30:11.696 | INFO     | pycaalp.time_balancing.model:run_mip:430 - Running MIP solver ...
      obj=0.869 (vs_full=+0.92%)  alpha=747.1s  build=0.018s solve=0.518s  vs_full=+0.00%

k = 20
  Subgraph edges — edge_w: 35 (3.2%)  bal_w: 73 (6.6%)  combined: 107 (9.7%)  blended: 33 (3.0%)  blended_union: 93 (8.4%)  diverse: 239 (21.6%)
  [3a] Subgraph / edge_w   k=20 …
2026-07-01 18:30:12.878 | INFO     | pycaalp.time_balancing.model:run_mip:430 - Running MIP solver ...
      obj=0.893 (vs_full=+3.73%)  alpha=788.3s  build=0.080s solve=0.380s  vs_full=+5.52%
  [3b] Subgraph / bal_w    k=20 …
2026-07-01 18:30:13.258 | INFO     | pycaalp.time_balancing.model:run_mip:430 - Running MIP solver ...
      obj=0.911 (vs_full=+5.78%)  alpha=731.8s  build=0.097s solve=0.349s  vs_full=-2.05%
  [3c] Subgraph / combined k=20 …
2026-07-01 18:30:13.607 | INFO     | pycaalp.time_balancing.model:run_mip:430 - Running MIP solver ...
      obj=0.878 (vs_full=+1.92%)  alpha=754.4s  build=0.154s solve=0.480s  vs_full=+0.98%
  [3d] Subgraph / blended  k=20 …
2026-07-01 18:30:14.087 | INFO     | pycaalp.time_balancing.model:run_mip:430 - Running MIP solver ...
      obj=0.903 (vs_full=+4.91%)  alpha=722.4s  build=0.067s solve=0.195s  vs_full=-3.31%
  [3e] Subgraph / bl-union k=20 …
2026-07-01 18:30:14.282 | INFO     | pycaalp.time_balancing.model:run_mip:430 - Running MIP solver ...
      obj=0.862 (vs_full=+0.05%)  alpha=747.1s  build=0.254s solve=0.375s  vs_full=-0.00%
  [3f] Subgraph / diverse  k=20 …
2026-07-01 18:30:14.658 | INFO     | pycaalp.time_balancing.model:run_mip:430 - Running MIP solver ...
      obj=0.862 (vs_full=+0.12%)  alpha=747.1s  build=0.013s solve=1.091s  vs_full=+0.00%

k = 50
  Subgraph edges — edge_w: 54 (4.9%)  bal_w: 141 (12.8%)  combined: 190 (17.2%)  blended: 37 (3.3%)  blended_union: 146 (13.2%)  diverse: 507 (45.9%)
  [3a] Subgraph / edge_w   k=50 …
2026-07-01 18:30:17.267 | INFO     | pycaalp.time_balancing.model:run_mip:430 - Running MIP solver ...
      obj=0.887 (vs_full=+3.04%)  alpha=780.8s  build=0.129s solve=0.739s  vs_full=+4.51%
  [3b] Subgraph / bal_w    k=50 …
2026-07-01 18:30:18.006 | INFO     | pycaalp.time_balancing.model:run_mip:430 - Running MIP solver ...
      obj=0.901 (vs_full=+4.69%)  alpha=731.8s  build=0.206s solve=0.753s  vs_full=-2.05%
  [3c] Subgraph / combined k=50 …
2026-07-01 18:30:18.759 | INFO     | pycaalp.time_balancing.model:run_mip:430 - Running MIP solver ...
      obj=0.878 (vs_full=+1.90%)  alpha=754.4s  build=0.389s solve=1.337s  vs_full=+0.98%
  [3d] Subgraph / blended  k=50 …
2026-07-01 18:30:20.096 | INFO     | pycaalp.time_balancing.model:run_mip:430 - Running MIP solver ...
      obj=0.903 (vs_full=+4.91%)  alpha=722.4s  build=0.181s solve=0.420s  vs_full=-3.31%
  [3e] Subgraph / bl-union k=50 …
2026-07-01 18:30:20.517 | INFO     | pycaalp.time_balancing.model:run_mip:430 - Running MIP solver ...
      obj=0.862 (vs_full=+0.05%)  alpha=747.1s  build=0.572s solve=0.616s  vs_full=+0.00%
  [3f] Subgraph / diverse  k=50 …
2026-07-01 18:30:21.133 | INFO     | pycaalp.time_balancing.model:run_mip:430 - Running MIP solver ...
      obj=0.862 (vs_full=+0.11%)  alpha=747.1s  build=0.040s solve=6.025s  vs_full=+0.00%

k = 100
  Subgraph edges — edge_w: 78 (7.1%)  bal_w: 189 (17.1%)  combined: 257 (23.3%)  blended: 54 (4.9%)  blended_union: 190 (17.2%)  diverse: 743 (67.2%)
  [3a] Subgraph / edge_w   k=100 …
2026-07-01 18:30:30.409 | INFO     | pycaalp.time_balancing.model:run_mip:430 - Running MIP solver ...
      obj=0.887 (vs_full=+3.04%)  alpha=780.8s  build=0.374s solve=0.610s  vs_full=+4.51%
  [3b] Subgraph / bal_w    k=100 …
2026-07-01 18:30:31.019 | INFO     | pycaalp.time_balancing.model:run_mip:430 - Running MIP solver ...
      obj=0.901 (vs_full=+4.69%)  alpha=731.8s  build=0.469s solve=1.898s  vs_full=-2.05%
  [3c] Subgraph / combined k=100 …
2026-07-01 18:30:32.917 | INFO     | pycaalp.time_balancing.model:run_mip:430 - Running MIP solver ...
      obj=0.878 (vs_full=+1.90%)  alpha=754.4s  build=0.962s solve=2.252s  vs_full=+0.98%
  [3d] Subgraph / blended  k=100 …
2026-07-01 18:30:35.169 | INFO     | pycaalp.time_balancing.model:run_mip:430 - Running MIP solver ...
      obj=0.903 (vs_full=+4.91%)  alpha=722.4s  build=0.253s solve=0.596s  vs_full=-3.31%
  [3e] Subgraph / bl-union k=100 …
2026-07-01 18:30:35.765 | INFO     | pycaalp.time_balancing.model:run_mip:430 - Running MIP solver ...
      obj=0.862 (vs_full=+0.05%)  alpha=747.1s  build=1.108s solve=1.454s  vs_full=+0.00%
  [3f] Subgraph / diverse  k=100 …
2026-07-01 18:30:37.219 | INFO     | pycaalp.time_balancing.model:run_mip:430 - Running MIP solver ...
      obj=0.862 (vs_full=+0.11%)  alpha=747.1s  build=0.085s solve=61.149s  vs_full=+0.00%

k = 200
  Subgraph edges — edge_w: 95 (8.6%)  bal_w: 258 (23.3%)  combined: 339 (30.7%)  blended: 69 (6.2%)  blended_union: 203 (18.4%)  diverse: 905 (81.9%)
  [3a] Subgraph / edge_w   k=200 …
2026-07-01 18:31:44.682 | INFO     | pycaalp.time_balancing.model:run_mip:430 - Running MIP solver ...
      obj=0.887 (vs_full=+3.04%)  alpha=780.8s  build=0.681s solve=0.532s  vs_full=+4.51%
  [3b] Subgraph / bal_w    k=200 …
2026-07-01 18:31:45.214 | INFO     | pycaalp.time_balancing.model:run_mip:430 - Running MIP solver ...
      obj=0.901 (vs_full=+4.69%)  alpha=731.8s  build=0.967s solve=1.306s  vs_full=-2.05%
  [3c] Subgraph / combined k=200 …
2026-07-01 18:31:46.520 | INFO     | pycaalp.time_balancing.model:run_mip:430 - Running MIP solver ...
      obj=0.865 (vs_full=+0.49%)  alpha=747.1s  build=1.543s solve=4.519s  vs_full=+0.00%
  [3d] Subgraph / blended  k=200 …
2026-07-01 18:31:51.039 | INFO     | pycaalp.time_balancing.model:run_mip:430 - Running MIP solver ...
      obj=0.903 (vs_full=+4.91%)  alpha=722.4s  build=0.687s solve=0.655s  vs_full=-3.31%
  [3e] Subgraph / bl-union k=200 …
2026-07-01 18:31:51.695 | INFO     | pycaalp.time_balancing.model:run_mip:430 - Running MIP solver ...
      obj=0.862 (vs_full=+0.05%)  alpha=747.1s  build=2.258s solve=0.946s  vs_full=+0.00%
  [3f] Subgraph / diverse  k=200 …
2026-07-01 18:31:52.640 | INFO     | pycaalp.time_balancing.model:run_mip:430 - Running MIP solver ...
      obj=0.862 (vs_full=+0.11%)  alpha=747.1s  build=0.176s solve=56.427s  vs_full=+0.00%

k = 500
  Subgraph edges — edge_w: 108 (9.8%)  bal_w: 399 (36.1%)  combined: 459 (41.5%)  blended: 70 (6.3%)  blended_union: 247 (22.4%)  diverse: 1043 (94.4%)
  [3a] Subgraph / edge_w   k=500 …
2026-07-01 18:33:03.867 | INFO     | pycaalp.time_balancing.model:run_mip:430 - Running MIP solver ...
      obj=0.887 (vs_full=+3.04%)  alpha=780.8s  build=1.751s solve=0.712s  vs_full=+4.51%
  [3b] Subgraph / bal_w    k=500 …
2026-07-01 18:33:04.579 | INFO     | pycaalp.time_balancing.model:run_mip:430 - Running MIP solver ...
      obj=0.893 (vs_full=+3.70%)  alpha=731.8s  build=1.995s solve=12.683s  vs_full=-2.05%
  [3c] Subgraph / combined k=500 …
2026-07-01 18:33:17.263 | INFO     | pycaalp.time_balancing.model:run_mip:430 - Running MIP solver ...
      obj=0.865 (vs_full=+0.49%)  alpha=747.1s  build=3.363s solve=7.402s  vs_full=+0.00%
  [3d] Subgraph / blended  k=500 …
2026-07-01 18:33:24.665 | INFO     | pycaalp.time_balancing.model:run_mip:430 - Running MIP solver ...
      obj=0.903 (vs_full=+4.91%)  alpha=722.4s  build=1.636s solve=0.355s  vs_full=-3.31%
  [3e] Subgraph / bl-union k=500 …
2026-07-01 18:33:25.020 | INFO     | pycaalp.time_balancing.model:run_mip:430 - Running MIP solver ...
      obj=0.862 (vs_full=+0.05%)  alpha=747.1s  build=5.546s solve=2.757s  vs_full=+0.00%
  [3f] Subgraph / diverse  k=500 …
2026-07-01 18:33:27.777 | INFO     | pycaalp.time_balancing.model:run_mip:430 - Running MIP solver ...
      obj=0.861 (vs_full=+0.02%)  alpha=747.1s  build=0.509s solve=95.044s  vs_full=+0.00%

k = 1000
  Subgraph edges — edge_w: 142 (12.9%)  bal_w: 500 (45.2%)  combined: 578 (52.3%)  blended: 122 (11.0%)  blended_union: 284 (25.7%)  diverse: 1093 (98.9%)
  [3a] Subgraph / edge_w   k=1000 …
2026-07-01 18:35:35.313 | INFO     | pycaalp.time_balancing.model:run_mip:430 - Running MIP solver ...
      obj=0.861 (vs_full=-0.00%)  alpha=747.1s  build=3.408s solve=1.564s  vs_full=+0.00%
  [3b] Subgraph / bal_w    k=1000 …
2026-07-01 18:35:36.877 | INFO     | pycaalp.time_balancing.model:run_mip:430 - Running MIP solver ...
      obj=0.893 (vs_full=+3.70%)  alpha=731.8s  build=4.033s solve=13.541s  vs_full=-2.05%
  [3c] Subgraph / combined k=1000 …
2026-07-01 18:35:50.418 | INFO     | pycaalp.time_balancing.model:run_mip:430 - Running MIP solver ...
      obj=0.861 (vs_full=-0.00%)  alpha=747.1s  build=7.351s solve=11.690s  vs_full=+0.00%
  [3d] Subgraph / blended  k=1000 …
2026-07-01 18:36:02.108 | INFO     | pycaalp.time_balancing.model:run_mip:430 - Running MIP solver ...
      obj=0.897 (vs_full=+4.18%)  alpha=731.8s  build=4.383s solve=0.605s  vs_full=-2.05%
  [3e] Subgraph / bl-union k=1000 …
2026-07-01 18:36:02.713 | INFO     | pycaalp.time_balancing.model:run_mip:430 - Running MIP solver ...
      obj=0.861 (vs_full=-0.00%)  alpha=747.1s  build=12.248s solve=2.075s  vs_full=+0.00%
  [3f] Subgraph / diverse  k=1000 …
2026-07-01 18:36:04.788 | INFO     | pycaalp.time_balancing.model:run_mip:430 - Running MIP solver ...
      obj=0.861 (vs_full=+0.00%)  alpha=747.1s  build=1.068s solve=48.163s  vs_full=+0.00%

k = 2000
  Subgraph edges — edge_w: 185 (16.7%)  bal_w: 630 (57.0%)  combined: 685 (62.0%)  blended: 170 (15.4%)  blended_union: 335 (30.3%)  diverse: 1105 (100.0%)
  [3a] Subgraph / edge_w   k=2000 …
2026-07-01 18:38:07.870 | INFO     | pycaalp.time_balancing.model:run_mip:430 - Running MIP solver ...
      obj=0.861 (vs_full=-0.00%)  alpha=747.1s  build=8.271s solve=1.751s  vs_full=+0.00%
  [3b] Subgraph / bal_w    k=2000 …
2026-07-01 18:38:09.621 | INFO     | pycaalp.time_balancing.model:run_mip:430 - Running MIP solver ...
      obj=0.893 (vs_full=+3.69%)  alpha=731.8s  build=8.391s solve=9.786s  vs_full=-2.05%
  [3c] Subgraph / combined k=2000 …
2026-07-01 18:38:19.407 | INFO     | pycaalp.time_balancing.model:run_mip:430 - Running MIP solver ...
      obj=0.861 (vs_full=+0.00%)  alpha=747.1s  build=16.703s solve=20.191s  vs_full=+0.00%
  [3d] Subgraph / blended  k=2000 …
2026-07-01 18:38:39.599 | INFO     | pycaalp.time_balancing.model:run_mip:430 - Running MIP solver ...
      obj=0.895 (vs_full=+3.98%)  alpha=731.8s  build=11.267s solve=1.349s  vs_full=-2.05%
  [3e] Subgraph / bl-union k=2000 …
2026-07-01 18:38:40.947 | INFO     | pycaalp.time_balancing.model:run_mip:430 - Running MIP solver ...
      obj=0.861 (vs_full=+0.00%)  alpha=747.1s  build=28.294s solve=3.461s  vs_full=+0.00%
  [3f] Subgraph / diverse  k=2000 …
2026-07-01 18:38:44.409 | INFO     | pycaalp.time_balancing.model:run_mip:430 - Running MIP solver ...
      obj=0.861 (vs_full=+0.00%)  alpha=747.1s  build=1.992s solve=75.566s  vs_full=+0.00%

k = 5000
  Subgraph edges — edge_w: 232 (21.0%)  bal_w: 799 (72.3%)  combined: 830 (75.1%)  blended: 214 (19.4%)  blended_union: 355 (32.1%)  diverse: 1105 (100.0%)
  [3a] Subgraph / edge_w   k=5000 …
2026-07-01 18:43:27.670 | INFO     | pycaalp.time_balancing.model:run_mip:430 - Running MIP solver ...
      obj=0.861 (vs_full=+0.00%)  alpha=747.1s  build=30.354s solve=2.046s  vs_full=+0.00%
  [3b] Subgraph / bal_w    k=5000 …
2026-07-01 18:43:29.717 | INFO     | pycaalp.time_balancing.model:run_mip:430 - Running MIP solver ...
      obj=0.893 (vs_full=+3.69%)  alpha=731.8s  build=23.410s solve=24.722s  vs_full=-2.05%
  [3c] Subgraph / combined k=5000 …
2026-07-01 18:43:54.439 | INFO     | pycaalp.time_balancing.model:run_mip:430 - Running MIP solver ...
      obj=0.861 (vs_full=+0.00%)  alpha=747.1s  build=50.481s solve=28.890s  vs_full=+0.00%
  [3d] Subgraph / blended  k=5000 …
2026-07-01 18:44:23.329 | INFO     | pycaalp.time_balancing.model:run_mip:430 - Running MIP solver ...
      obj=0.865 (vs_full=+0.48%)  alpha=747.1s  build=27.660s solve=0.902s  vs_full=+0.00%
  [3e] Subgraph / bl-union k=5000 …
2026-07-01 18:44:24.231 | INFO     | pycaalp.time_balancing.model:run_mip:430 - Running MIP solver ...
      obj=0.861 (vs_full=+0.00%)  alpha=747.1s  build=71.969s solve=2.678s  vs_full=+0.00%
  [3f] Subgraph / diverse  k=5000 …
2026-07-01 18:44:26.909 | INFO     | pycaalp.time_balancing.model:run_mip:430 - Running MIP solver ...
      obj=0.861 (vs_full=+0.00%)  alpha=747.1s  build=3.821s solve=40.194s  vs_full=+0.00%

Results saved to experiments/strategy_comparison/assembly_1_np_3/strategy_comparison_lambda_0.75.csv
Plot with:  python -m experiments.strategy_comparison.plot_k_sensitivity

============================================================================================================================
SUMMARY — assembly_1  P=3  λ=0.75
============================================================================================================================
Strategy       Weight                      k   Build    Solve    Total  Spdup       Obj   ObjvsF     Alpha    AlvsF   Edges  %Grph
----------------------------------------------------------------------------------------------------------------------------
full_mip       —                               0.000   76.522   76.522   1.0x     0.861    +0.00    747.12    +0.00    1105  100.0
subgraph_mip   edge_weight                 1   0.002    0.050    0.052 1482.7x     0.896    +4.09    792.00    +6.01      13    1.2
subgraph_mip   time_balanced_weight        1   0.001    0.050    0.051 1510.8x     0.926    +7.59    731.84    -2.05      13    1.2
subgraph_mip   combined                    1   0.002    0.500    0.501 152.6x     0.896    +4.09    792.00    +6.01      26    2.4
subgraph_mip   blended                     1   0.001    0.047    0.048 1585.8x     0.903    +4.91    722.42    -3.31      13    1.2
subgraph_mip   blended_union               1   0.017    0.575    0.592 129.3x     0.862    +0.05    747.12    -0.00      37    3.4
subgraph_mip   diverse                     1   0.004    0.023    0.027 2815.0x     0.903    +4.91    722.42    -3.31      13    1.2
subgraph_mip   edge_weight                 2   0.004    0.085    0.089 859.8x     0.893    +3.73    788.33    +5.52      15    1.4
subgraph_mip   time_balanced_weight        2   0.005    0.023    0.028 2702.7x     0.924    +7.31    731.84    -2.05      15    1.4
subgraph_mip   combined                    2   0.009    0.326    0.334 228.8x     0.893    +3.73    788.33    +5.52      30    2.7
subgraph_mip   blended                     2   0.004    0.020    0.024 3256.0x     0.903    +4.91    722.42    -3.31      15    1.4
subgraph_mip   blended_union               2   0.044    0.582    0.626 122.3x     0.862    +0.05    747.12    -0.00      42    3.8
subgraph_mip   diverse                     2   0.004    0.153    0.157 486.5x     0.897    +4.18    731.84    -2.05      26    2.4
subgraph_mip   edge_weight                 5   0.013    0.141    0.153 499.0x     0.893    +3.73    788.33    +5.52      21    1.9
subgraph_mip   time_balanced_weight        5   0.020    0.645    0.665 115.0x     0.924    +7.31    731.84    -2.05      44    4.0
subgraph_mip   combined                    5   0.029    0.292    0.322 237.8x     0.893    +3.73    788.33    +5.52      65    5.9
subgraph_mip   blended                     5   0.011    0.074    0.085 900.6x     0.903    +4.91    722.42    -3.31      19    1.7
subgraph_mip   blended_union               5   0.081    0.311    0.392 195.3x     0.862    +0.05    747.12    -0.00      60    5.4
subgraph_mip   diverse                     5   0.012    0.354    0.365 209.4x     0.871    +1.10    747.12    -0.00      65    5.9
subgraph_mip   edge_weight                10   0.047    0.166    0.213 358.9x     0.893    +3.73    788.33    +5.52      24    2.2
subgraph_mip   time_balanced_weight       10   0.054    0.276    0.330 231.9x     0.924    +7.26    731.84    -2.05      57    5.2
subgraph_mip   combined                   10   0.099    0.351    0.450 170.0x     0.893    +3.73    788.33    +5.52      81    7.3
subgraph_mip   blended                    10   0.026    0.169    0.194 393.6x     0.903    +4.91    722.42    -3.31      28    2.5
subgraph_mip   blended_union              10   0.108    0.243    0.350 218.3x     0.862    +0.05    747.12    -0.00      75    6.8
subgraph_mip   diverse                    10   0.018    0.518    0.536 142.8x     0.869    +0.92    747.12    +0.00     126   11.4
subgraph_mip   edge_weight                20   0.080    0.380    0.459 166.6x     0.893    +3.73    788.33    +5.52      35    3.2
subgraph_mip   time_balanced_weight       20   0.097    0.349    0.446 171.6x     0.911    +5.78    731.84    -2.05      73    6.6
subgraph_mip   combined                   20   0.154    0.480    0.634 120.8x     0.878    +1.92    754.42    +0.98     107    9.7
subgraph_mip   blended                    20   0.067    0.195    0.262 292.4x     0.903    +4.91    722.42    -3.31      33    3.0
subgraph_mip   blended_union              20   0.254    0.375    0.629 121.6x     0.862    +0.05    747.12    -0.00      93    8.4
subgraph_mip   diverse                    20   0.013    1.091    1.104  69.3x     0.862    +0.12    747.12    +0.00     239   21.6
subgraph_mip   edge_weight                50   0.129    0.739    0.869  88.1x     0.887    +3.04    780.81    +4.51      54    4.9
subgraph_mip   time_balanced_weight       50   0.206    0.753    0.958  79.8x     0.901    +4.69    731.84    -2.05     141   12.8
subgraph_mip   combined                   50   0.389    1.337    1.726  44.3x     0.878    +1.90    754.42    +0.98     190   17.2
subgraph_mip   blended                    50   0.181    0.420    0.601 127.4x     0.903    +4.91    722.42    -3.31      37    3.4
subgraph_mip   blended_union              50   0.572    0.616    1.189  64.4x     0.862    +0.05    747.12    +0.00     146   13.2
subgraph_mip   diverse                    50   0.040    6.025    6.066  12.6x     0.862    +0.11    747.12    +0.00     507   45.9
subgraph_mip   edge_weight               100   0.374    0.610    0.984  77.8x     0.887    +3.04    780.81    +4.51      78    7.1
subgraph_mip   time_balanced_weight      100   0.469    1.898    2.367  32.3x     0.901    +4.69    731.84    -2.05     189   17.1
subgraph_mip   combined                  100   0.962    2.252    3.213  23.8x     0.878    +1.90    754.42    +0.98     257   23.3
subgraph_mip   blended                   100   0.253    0.596    0.849  90.2x     0.903    +4.91    722.42    -3.31      54    4.9
subgraph_mip   blended_union             100   1.108    1.454    2.562  29.9x     0.862    +0.05    747.12    +0.00     190   17.2
subgraph_mip   diverse                   100   0.085   61.149   61.234   1.2x     0.862    +0.11    747.12    +0.00     743   67.2
subgraph_mip   edge_weight               200   0.681    0.532    1.213  63.1x     0.887    +3.04    780.81    +4.51      95    8.6
subgraph_mip   time_balanced_weight      200   0.967    1.306    2.273  33.7x     0.901    +4.69    731.84    -2.05     258   23.4
subgraph_mip   combined                  200   1.543    4.519    6.062  12.6x     0.865    +0.49    747.12    +0.00     339   30.7
subgraph_mip   blended                   200   0.687    0.655    1.343  57.0x     0.903    +4.91    722.42    -3.31      69    6.2
subgraph_mip   blended_union             200   2.258    0.946    3.204  23.9x     0.862    +0.05    747.12    +0.00     203   18.4
subgraph_mip   diverse                   200   0.176   56.427   56.604   1.4x     0.862    +0.11    747.12    +0.00     905   81.9
subgraph_mip   edge_weight               500   1.751    0.712    2.463  31.1x     0.887    +3.04    780.81    +4.51     108    9.8
subgraph_mip   time_balanced_weight      500   1.995   12.683   14.678   5.2x     0.893    +3.70    731.84    -2.05     399   36.1
subgraph_mip   combined                  500   3.363    7.402   10.765   7.1x     0.865    +0.49    747.12    +0.00     459   41.5
subgraph_mip   blended                   500   1.636    0.355    1.990  38.5x     0.903    +4.91    722.42    -3.31      70    6.3
subgraph_mip   blended_union             500   5.546    2.757    8.303   9.2x     0.862    +0.05    747.12    +0.00     247   22.4
subgraph_mip   diverse                   500   0.509   95.044   95.553   0.8x     0.861    +0.02    747.12    +0.00    1043   94.4
subgraph_mip   edge_weight              1000   3.408    1.564    4.973  15.4x     0.861    -0.00    747.12    +0.00     142   12.8
subgraph_mip   time_balanced_weight     1000   4.033   13.541   17.574   4.3x     0.893    +3.70    731.84    -2.05     500   45.2
subgraph_mip   combined                 1000   7.351   11.690   19.041   4.0x     0.861    -0.00    747.12    +0.00     578   52.3
subgraph_mip   blended                  1000   4.383    0.605    4.988  15.3x     0.897    +4.18    731.84    -2.05     122   11.0
subgraph_mip   blended_union            1000  12.248    2.075   14.323   5.3x     0.861    -0.00    747.12    +0.00     284   25.7
subgraph_mip   diverse                  1000   1.068   48.163   49.231   1.6x     0.861    +0.00    747.12    +0.00    1093   98.9
subgraph_mip   edge_weight              2000   8.271    1.751   10.022   7.6x     0.861    -0.00    747.12    +0.00     185   16.7
subgraph_mip   time_balanced_weight     2000   8.391    9.786   18.177   4.2x     0.893    +3.69    731.84    -2.05     630   57.0
subgraph_mip   combined                 2000  16.703   20.191   36.894   2.1x     0.861    +0.00    747.12    +0.00     685   62.0
subgraph_mip   blended                  2000  11.267    1.349   12.615   6.1x     0.895    +3.98    731.84    -2.05     170   15.4
subgraph_mip   blended_union            2000  28.294    3.461   31.756   2.4x     0.861    +0.00    747.12    +0.00     335   30.3
subgraph_mip   diverse                  2000   1.992   75.566   77.558   1.0x     0.861    +0.00    747.12    +0.00    1105  100.0
subgraph_mip   edge_weight              5000  30.354    2.046   32.401   2.4x     0.861    +0.00    747.12    +0.00     232   21.0
subgraph_mip   time_balanced_weight     5000  23.410   24.722   48.132   1.6x     0.893    +3.69    731.84    -2.05     799   72.3
subgraph_mip   combined                 5000  50.481   28.890   79.371   1.0x     0.861    +0.00    747.12    +0.00     830   75.1
subgraph_mip   blended                  5000  27.660    0.902   28.562   2.7x     0.865    +0.48    747.12    +0.00     214   19.4
subgraph_mip   blended_union            5000  71.969    2.678   74.647   1.0x     0.861    +0.00    747.12    +0.00     355   32.1
subgraph_mip   diverse                  5000   3.821   40.194   44.015   1.7x     0.861    +0.00    747.12    +0.00    1105  100.0
============================================================================================================================

----------------- λ = 0.8 -----------------
========================================================================
Strategy Comparison Experiment — assembly_1  P=3  λ=0.8
========================================================================

Building assembly digraph …
2026-07-01 18:37:11.488 | INFO     | pycaalp.gapp.assembly_digraph:compute_assembly_digraph_complete:395 - Computing assembly digraph...
  343 nodes, 1105 edges  (0.4s)

[1] Full MIP  P=3  λ=0.8
2026-07-01 18:37:11.888 | INFO     | pycaalp.time_balancing.model:run_mip:430 - Running MIP solver ...
presolving:
(round 1, fast)       2 del vars, 2 del conss, 0 add conss, 0 chg bounds, 0 chg sides, 0 chg coeffs, 0 upgd conss, 0 impls, 69 clqs, 0 implints
(round 2, exhaustive) 2 del vars, 2 del conss, 0 add conss, 1 chg bounds, 0 chg sides, 0 chg coeffs, 3408 upgd conss, 0 impls, 69 clqs, 0 implints
   (0.3s) probing: 1000/1181 (84.7%) - 0 fixings, 0 aggregations, 131997 implications, 0 bound changes
   (0.3s) probing: 1001/1181 (84.8%) - 0 fixings, 0 aggregations, 132060 implications, 0 bound changes
   (0.3s) probing aborted: 1000/1000 successive useless probings
   (0.3s) symmetry computation started: requiring (bin +, int +, cont +), (fixed: bin -, int -, cont -)
   (0.3s) no symmetry present (symcode time: 0.00)
presolving (3 rounds: 3 fast, 2 medium, 2 exhaustive):
 2 deleted vars, 2 deleted constraints, 0 added constraints, 1 tightened bounds, 0 added holes, 0 changed sides, 0 changed coefficients
 0 implications, 12312 cliques, 0 implied integral variables (0 bin, 0 int, 0 cont)
presolved problem has 1182 variables (1181 bin, 0 int, 1 cont) and 3721 constraints
     69 constraints of type <setppc>
    313 constraints of type <linear>
   3339 constraints of type <logicor>
Presolving Time: 0.27

 time | node  | left  |LP iter|LP it/n|mem/heur|mdpt |vars |cons |rows |cuts |sepa|confs|strbr|  dualbound   | primalbound  |  gap   | compl. 
p 0.3s|     1 |     0 |     0 |     - | vbounds|   0 |1182 |3752 |3721 |   0 |  0 |  30 |   0 | 0.000000e+00 | 2.144157e+00 |    Inf | unknown
p 0.4s|     1 |     0 |    89 |     - | vbounds|   0 |1182 |3764 |3721 |   0 |  0 |  42 |   0 | 0.000000e+00 | 1.266338e+00 |    Inf | unknown
  0.4s|     1 |     0 |   381 |     - |    29M |   0 |1182 |3764 |3721 |   0 |  0 |  42 |   0 | 8.329273e-01 | 1.266338e+00 |  52.03%| unknown
  0.6s|     1 |     0 |   440 |     - |    31M |   0 |1182 |3765 |3724 |   3 |  1 |  43 |   0 | 8.329312e-01 | 1.266338e+00 |  52.03%| unknown
  0.9s|     1 |     0 |   462 |     - |    36M |   0 |1182 |3775 |3727 |   6 |  2 |  53 |   0 | 8.329359e-01 | 1.266338e+00 |  52.03%| unknown
  1.4s|     1 |     0 |   486 |     - |    42M |   0 |1182 |3777 |3730 |   9 |  3 |  55 |   0 | 8.329734e-01 | 1.266338e+00 |  52.03%| unknown
  1.8s|     1 |     0 |   500 |     - |    47M |   0 |1182 |3781 |3734 |  13 |  4 |  59 |   0 | 8.329734e-01 | 1.266338e+00 |  52.03%| unknown
  2.2s|     1 |     0 |   532 |     - |    52M |   0 |1182 |3781 |3737 |  16 |  5 |  59 |   0 | 8.329734e-01 | 1.266338e+00 |  52.03%| unknown
  2.8s|     1 |     0 |   543 |     - |    60M |   0 |1182 |3784 |3740 |  19 |  6 |  69 |   0 | 8.329734e-01 | 1.266338e+00 |  52.03%| unknown
  3.5s|     1 |     0 |   561 |     - |    66M |   0 |1182 |3792 |3741 |  20 |  7 |  79 |   0 | 8.329734e-01 | 1.266338e+00 |  52.03%| unknown
  4.0s|     1 |     0 |   578 |     - |    70M |   0 |1182 |3800 |3744 |  23 |  8 |  89 |   0 | 8.329734e-01 | 1.266338e+00 |  52.03%| unknown
  4.6s|     1 |     0 |   588 |     - |    76M |   0 |1182 |3801 |3746 |  25 |  9 |  90 |   0 | 8.329734e-01 | 1.266338e+00 |  52.03%| unknown
  5.0s|     1 |     0 |   599 |     - |    84M |   0 |1182 |3803 |3748 |  27 | 10 |  92 |   0 | 8.329734e-01 | 1.266338e+00 |  52.03%| unknown
  5.1s|     1 |     0 |   611 |     - |    84M |   0 |1182 |3804 |3749 |  28 | 11 |  93 |   0 | 8.329734e-01 | 1.266338e+00 |  52.03%| unknown
  5.1s|     1 |     0 |   621 |     - |    85M |   0 |1182 |3805 |3752 |  31 | 12 |  95 |   0 | 8.329734e-01 | 1.266338e+00 |  52.03%| unknown
 time | node  | left  |LP iter|LP it/n|mem/heur|mdpt |vars |cons |rows |cuts |sepa|confs|strbr|  dualbound   | primalbound  |  gap   | compl. 
  5.1s|     1 |     0 |   623 |     - |    85M |   0 |1182 |3815 |3753 |  32 | 13 | 105 |   0 | 8.329734e-01 | 1.266338e+00 |  52.03%| unknown
d 5.2s|     1 |     0 |  1097 |     - |farkasdi|   0 |1182 |3815 |3753 |   0 | 14 | 106 |   0 | 8.329734e-01 | 9.321812e-01 |  11.91%| unknown
  5.3s|     1 |     0 |  1487 |     - |    86M |   0 |1182 |3839 |3753 |  32 | 14 | 137 |   0 | 8.329734e-01 | 9.321812e-01 |  11.91%| unknown
  5.3s|     1 |     0 |  1488 |     - |    86M |   0 |1182 |3844 |3754 |  33 | 15 | 147 |   0 | 8.329734e-01 | 9.321812e-01 |  11.91%| unknown
  5.3s|     1 |     0 |  1490 |     - |    86M |   0 |1182 |3851 |3744 |  34 | 16 | 157 |   0 | 8.329734e-01 | 9.321812e-01 |  11.91%| unknown
  5.6s|     1 |     2 |  1494 |     - |    86M |   0 |1182 |3844 |3744 |  34 | 16 | 158 |  25 | 8.329754e-01 | 9.321812e-01 |  11.91%| unknown
* 6.0s|     5 |     4 |  1641 | 276.0 |strongbr|   4 |1182 |3826 |3726 |  34 |  1 | 158 |  93 | 8.329754e-01 | 8.799556e-01 |   5.64%| unknown
 16.6s|   100 |    27 |  8266 |  78.1 |   122M |  17 |1182 |4209 |3746 | 247 |  5 | 804 |1345 | 8.329754e-01 | 8.799556e-01 |   5.64%|  51.18%
r18.9s|   136 |    26 | 10406 |  73.1 |shifting|  17 |1182 |4192 |3731 | 334 |  0 | 944 |1642 | 8.329754e-01 | 8.627428e-01 |   3.57%|  52.80%
 22.4s|   200 |    46 | 13444 |  64.9 |   125M |  18 |1182 |4281 |   0 | 445 |  0 |1166 |1974 | 8.329763e-01 | 8.627428e-01 |   3.57%|  53.68%
 29.0s|   300 |    69 | 18493 |  60.1 |   132M |  18 |1182 |4473 |3727 | 676 |  2 |1507 |2315 | 8.329874e-01 | 8.627428e-01 |   3.57%|  54.85%
L33.6s|   364 |    87 | 21283 |  57.2 |    rins|  18 |1182 |4600 |3727 | 875 |  1 |1699 |2574 | 8.330065e-01 | 8.620991e-01 |   3.49%|  55.59%
 37.2s|   400 |    89 | 24435 |  59.9 |   136M |  18 |1182 |4645 |3726 |1065 |  1 |1812 |2702 | 8.330065e-01 | 8.620991e-01 |   3.49%|  58.11%
 44.6s|   500 |   116 | 30720 |  60.5 |   138M |  18 |1182 |4749 |   0 |1369 |  0 |2106 |3035 | 8.330065e-01 | 8.620991e-01 |   3.49%|  59.56%
 48.9s|   600 |   162 | 34391 |  56.5 |   139M |  18 |1182 |4816 |   0 |1571 |  0 |2319 |3178 | 8.330230e-01 | 8.620991e-01 |   3.49%|  60.17%
 time | node  | left  |LP iter|LP it/n|mem/heur|mdpt |vars |cons |rows |cuts |sepa|confs|strbr|  dualbound   | primalbound  |  gap   | compl. 
 53.0s|   700 |   168 | 38244 |  53.9 |   140M |  18 |1182 |5030 |3728 |1736 |  1 |2666 |3317 | 8.330840e-01 | 8.620991e-01 |   3.48%|  61.10%
*55.1s|   736 |   175 | 40045 |  53.8 |    LP  |  18 |1182 |5000 |3732 |1826 |  2 |2717 |3408 | 8.330840e-01 | 8.620434e-01 |   3.48%|  61.71%
 55.6s|   800 |   179 | 41466 |  51.2 |   141M |  18 |1182 |5107 |3727 |1830 |  1 |2877 |3501 | 8.330840e-01 | 8.620434e-01 |   3.48%|  62.68%
 62.4s|   900 |   197 | 49323 |  54.3 |   146M |  18 |1182 |5063 |3734 |2192 |  1 |3185 |3699 | 8.331240e-01 | 8.620434e-01 |   3.47%|  65.79%
 65.0s|  1000 |   206 | 54915 |  54.4 |   156M |  18 |1182 |5144 |3752 |2267 |  0 |3467 |3764 | 8.331439e-01 | 8.620434e-01 |   3.47%|  67.77%
 69.5s|  1100 |   231 | 60845 |  54.9 |   159M |  18 |1182 |5041 |3730 |2561 |  1 |3700 |3851 | 8.333782e-01 | 8.620434e-01 |   3.44%|  71.09%
 77.8s|  1200 |   268 | 70010 |  57.9 |   166M |  18 |1182 |5299 |3727 |2922 |  1 |4246 |3995 | 8.339074e-01 | 8.620434e-01 |   3.37%|  73.33%
 82.6s|  1300 |   275 | 74544 |  57.0 |   168M |  18 |1182 |5467 |3752 |3114 |  5 |4743 |4076 | 8.339981e-01 | 8.620434e-01 |   3.36%|  76.05%
 84.9s|  1400 |   286 | 77445 |  55.0 |   168M |  19 |1182 |5506 |3736 |3175 |  0 |5066 |4190 | 8.341078e-01 | 8.620434e-01 |   3.35%|  77.39%
 88.9s|  1500 |   271 | 81692 |  54.1 |   169M |  19 |1182 |5555 |3739 |3372 |  2 |5315 |4273 | 8.345901e-01 | 8.620434e-01 |   3.29%|  78.63%
 95.4s|  1600 |   276 | 89040 |  55.3 |   173M |  19 |1182 |5662 |   0 |3644 |  0 |5810 |4422 | 8.351534e-01 | 8.620434e-01 |   3.22%|  80.25%
  100s|  1700 |   257 | 93997 |  55.0 |   173M |  19 |1182 |5685 |3727 |3824 |  1 |6186 |4575 | 8.354548e-01 | 8.620434e-01 |   3.18%|  82.05%
  102s|  1800 |   243 | 96390 |  53.3 |   174M |  19 |1182 |5773 |3745 |3895 |  1 |6483 |4677 | 8.356131e-01 | 8.620434e-01 |   3.16%|  83.72%
  107s|  1900 |   210 |100583 |  52.7 |   175M |  20 |1182 |5968 |3763 |3984 |  9 |6930 |4885 | 8.358334e-01 | 8.620434e-01 |   3.14%|  85.73%
  111s|  2000 |   196 |104878 |  52.2 |   178M |  21 |1182 |6046 |3739 |4176 |  2 |7304 |5033 | 8.364504e-01 | 8.620434e-01 |   3.06%|  87.68%
 time | node  | left  |LP iter|LP it/n|mem/heur|mdpt |vars |cons |rows |cuts |sepa|confs|strbr|  dualbound   | primalbound  |  gap   | compl. 
  114s|  2100 |   151 |108409 |  51.4 |   178M |  21 |1182 |6101 |3742 |4268 |  0 |7657 |5175 | 8.374313e-01 | 8.620434e-01 |   2.94%|  91.11%
  120s|  2200 |   126 |113997 |  51.6 |   182M |  21 |1182 |6067 |3758 |4485 |  8 |8012 |5363 | 8.376516e-01 | 8.620434e-01 |   2.91%|  92.96%
  122s|  2300 |    91 |117839 |  51.0 |   182M |  21 |1182 |6217 |3732 |4579 |  0 |8390 |5487 | 8.383565e-01 | 8.620434e-01 |   2.83%|  95.17%
  124s|  2400 |    35 |121026 |  50.2 |   187M |  21 |1182 |6166 |3748 |4656 |  1 |8676 |5566 | 8.437258e-01 | 8.620434e-01 |   2.17%|  98.25%

SCIP Status        : problem is solved [optimal solution found]
Solving Time (sec) : 124.52
Solving Nodes      : 2453
Primal Bound       : +8.62043364673387e-01 (29 solutions)
Dual Bound         : +8.62043364673387e-01
Gap                : 0.00 %
objective value:                    0.862043364673387
x_('12_5', '13_1')                                  1 	(obj:0.0066167357232931)
x_('11_17', '12_5')                                 1 	(obj:0.00523155737704918)
x_('10_31', '11_17')                                1 	(obj:0.00574771130508835)
x_('9_42', '10_31')                                 1 	(obj:0.0135714285714286)
x_('8_45', '9_42')                                  1 	(obj:0.00904892011449388)
x_('7_37', '8_45')                                  1 	(obj:0.00976536885245901)
x_('6_35', '7_37')                                  1 	(obj:0.0107142857142857)
x_('5_25', '6_35')                                  1 	(obj:0.00935831381733021)
x_('4_21', '5_25')                                  1 	(obj:0.00924660421545667)
x_('3_18', '4_21')                                  1 	(obj:0.0231653981264637)
x_('2_14', '3_18')                                  1 	(obj:0.0247658079625293)
x_('1_10', '2_14')                                  1 	(obj:0.0352177985948478)
x_('0_1', '1_10')                                   1 	(obj:0.00714285714285714)
y_0_0                                               1 	(obj:0)
y_1_0                                               1 	(obj:0)
y_2_0                                               1 	(obj:0)
y_3_0                                               1 	(obj:0)
y_4_1                                               1 	(obj:0)
y_5_1                                               1 	(obj:0)
y_6_1                                               1 	(obj:0)
y_7_1                                               1 	(obj:0)
y_8_1                                               1 	(obj:0)
y_9_2                                               1 	(obj:0)
y_10_2                                              1 	(obj:0)
y_11_2                                              1 	(obj:0)
y_12_2                                              1 	(obj:0)
z_('3268741', '3425762')_1                          1 	(obj:0)
z_('3268741', '1966592X')_1                         1 	(obj:0)
z_('1966592X', '3452192')_0                         1 	(obj:0)
z_('3452192', '1353870')_0                          1 	(obj:0)
z_('3452192', '3520162')_0                          1 	(obj:0)
z_('3520162', '3307092')_1                          1 	(obj:0)
z_('3520162', '3524054')_0                          1 	(obj:0)
z_('3268740', '3524054')_1                          1 	(obj:0)
z_('3524054', '3179975')_1                          1 	(obj:0)
z_('3179975', '3422998')_2                          1 	(obj:0)
z_('3422998', '2495223X')_2                         1 	(obj:0)
z_('3422998', '1353870_01')_2                       1 	(obj:0)
z_('2495223X', '2245784X')_2                        1 	(obj:0)
alpha                                4.50072289156626 	(obj:0.153853190662629)
  obj=0.862  alpha=747.1s  time=124.64s

k = 1
  Subgraph edges — edge_w: 13 (1.2%)  bal_w: 13 (1.2%)  combined: 26 (2.4%)  blended: 13 (1.2%)  blended_union: 37 (3.3%)  diverse: 13 (1.2%)
  [3a] Subgraph / edge_w   k=1 …
2026-07-01 18:39:16.563 | INFO     | pycaalp.time_balancing.model:run_mip:430 - Running MIP solver ...
      obj=0.901 (vs_full=+4.48%)  alpha=792.0s  build=0.003s solve=0.024s  vs_full=+6.01%
  [3b] Subgraph / bal_w    k=1 …
2026-07-01 18:39:16.587 | INFO     | pycaalp.time_balancing.model:run_mip:430 - Running MIP solver ...
      obj=0.911 (vs_full=+5.65%)  alpha=731.8s  build=0.002s solve=0.017s  vs_full=-2.05%
  [3c] Subgraph / combined k=1 …
2026-07-01 18:39:16.605 | INFO     | pycaalp.time_balancing.model:run_mip:430 - Running MIP solver ...
      obj=0.901 (vs_full=+4.48%)  alpha=792.0s  build=0.003s solve=0.502s  vs_full=+6.01%
  [3d] Subgraph / blended  k=1 …
2026-07-01 18:39:17.107 | INFO     | pycaalp.time_balancing.model:run_mip:430 - Running MIP solver ...
      obj=0.890 (vs_full=+3.26%)  alpha=722.4s  build=0.002s solve=0.044s  vs_full=-3.31%
  [3e] Subgraph / bl-union k=1 …
2026-07-01 18:39:17.151 | INFO     | pycaalp.time_balancing.model:run_mip:430 - Running MIP solver ...
      obj=0.862 (vs_full=+0.04%)  alpha=747.1s  build=0.020s solve=0.262s  vs_full=+0.00%
  [3f] Subgraph / diverse  k=1 …
2026-07-01 18:39:17.413 | INFO     | pycaalp.time_balancing.model:run_mip:430 - Running MIP solver ...
      obj=0.890 (vs_full=+3.26%)  alpha=722.4s  build=0.004s solve=0.048s  vs_full=-3.31%

k = 2
  Subgraph edges — edge_w: 15 (1.4%)  bal_w: 15 (1.4%)  combined: 30 (2.7%)  blended: 15 (1.4%)  blended_union: 42 (3.8%)  diverse: 26 (2.4%)
  [3a] Subgraph / edge_w   k=2 …
2026-07-01 18:39:17.515 | INFO     | pycaalp.time_balancing.model:run_mip:430 - Running MIP solver ...
      obj=0.897 (vs_full=+4.09%)  alpha=788.3s  build=0.004s solve=0.196s  vs_full=+5.52%
  [3b] Subgraph / bal_w    k=2 …
2026-07-01 18:39:17.711 | INFO     | pycaalp.time_balancing.model:run_mip:430 - Running MIP solver ...
      obj=0.909 (vs_full=+5.43%)  alpha=731.8s  build=0.005s solve=0.142s  vs_full=-2.05%
  [3c] Subgraph / combined k=2 …
2026-07-01 18:39:17.853 | INFO     | pycaalp.time_balancing.model:run_mip:430 - Running MIP solver ...
      obj=0.897 (vs_full=+4.09%)  alpha=788.3s  build=0.009s solve=0.508s  vs_full=+5.52%
  [3d] Subgraph / blended  k=2 …
2026-07-01 18:39:18.362 | INFO     | pycaalp.time_balancing.model:run_mip:430 - Running MIP solver ...
      obj=0.890 (vs_full=+3.26%)  alpha=722.4s  build=0.004s solve=0.042s  vs_full=-3.31%
  [3e] Subgraph / bl-union k=2 …
2026-07-01 18:39:18.404 | INFO     | pycaalp.time_balancing.model:run_mip:430 - Running MIP solver ...
      obj=0.862 (vs_full=+0.04%)  alpha=747.1s  build=0.024s solve=0.874s  vs_full=+0.00%
  [3f] Subgraph / diverse  k=2 …
2026-07-01 18:39:19.278 | INFO     | pycaalp.time_balancing.model:run_mip:430 - Running MIP solver ...
      obj=0.887 (vs_full=+2.93%)  alpha=731.8s  build=0.009s solve=0.336s  vs_full=-2.05%

k = 5
  Subgraph edges — edge_w: 21 (1.9%)  bal_w: 44 (4.0%)  combined: 65 (5.9%)  blended: 19 (1.7%)  blended_union: 60 (5.4%)  diverse: 65 (5.9%)
  [3a] Subgraph / edge_w   k=5 …
2026-07-01 18:39:19.788 | INFO     | pycaalp.time_balancing.model:run_mip:430 - Running MIP solver ...
      obj=0.897 (vs_full=+4.09%)  alpha=788.3s  build=0.023s solve=0.177s  vs_full=+5.52%
  [3b] Subgraph / bal_w    k=5 …
2026-07-01 18:39:19.965 | INFO     | pycaalp.time_balancing.model:run_mip:430 - Running MIP solver ...
      obj=0.909 (vs_full=+5.43%)  alpha=731.8s  build=0.022s solve=0.437s  vs_full=-2.05%
  [3c] Subgraph / combined k=5 …
2026-07-01 18:39:20.402 | INFO     | pycaalp.time_balancing.model:run_mip:430 - Running MIP solver ...
      obj=0.897 (vs_full=+4.09%)  alpha=788.3s  build=0.031s solve=0.316s  vs_full=+5.52%
  [3d] Subgraph / blended  k=5 …
2026-07-01 18:39:20.718 | INFO     | pycaalp.time_balancing.model:run_mip:430 - Running MIP solver ...
      obj=0.890 (vs_full=+3.26%)  alpha=722.4s  build=0.017s solve=0.076s  vs_full=-3.31%
  [3e] Subgraph / bl-union k=5 …
2026-07-01 18:39:20.794 | INFO     | pycaalp.time_balancing.model:run_mip:430 - Running MIP solver ...
      obj=0.862 (vs_full=+0.04%)  alpha=747.1s  build=0.073s solve=0.279s  vs_full=+0.00%
  [3f] Subgraph / diverse  k=5 …
2026-07-01 18:39:21.073 | INFO     | pycaalp.time_balancing.model:run_mip:430 - Running MIP solver ...
      obj=0.887 (vs_full=+2.93%)  alpha=731.8s  build=0.006s solve=0.247s  vs_full=-2.05%

k = 10
  Subgraph edges — edge_w: 24 (2.2%)  bal_w: 57 (5.2%)  combined: 81 (7.3%)  blended: 28 (2.5%)  blended_union: 75 (6.8%)  diverse: 126 (11.4%)
  [3a] Subgraph / edge_w   k=10 …
2026-07-01 18:39:21.648 | INFO     | pycaalp.time_balancing.model:run_mip:430 - Running MIP solver ...
      obj=0.897 (vs_full=+4.09%)  alpha=788.3s  build=0.027s solve=0.241s  vs_full=+5.52%
  [3b] Subgraph / bal_w    k=10 …
2026-07-01 18:39:21.889 | INFO     | pycaalp.time_balancing.model:run_mip:430 - Running MIP solver ...
      obj=0.908 (vs_full=+5.39%)  alpha=731.8s  build=0.047s solve=0.292s  vs_full=-2.05%
  [3c] Subgraph / combined k=10 …
2026-07-01 18:39:22.182 | INFO     | pycaalp.time_balancing.model:run_mip:430 - Running MIP solver ...
      obj=0.897 (vs_full=+4.09%)  alpha=788.3s  build=0.111s solve=0.518s  vs_full=+5.52%
  [3d] Subgraph / blended  k=10 …
2026-07-01 18:39:22.700 | INFO     | pycaalp.time_balancing.model:run_mip:430 - Running MIP solver ...
      obj=0.890 (vs_full=+3.26%)  alpha=722.4s  build=0.023s solve=0.210s  vs_full=-3.31%
  [3e] Subgraph / bl-union k=10 …
2026-07-01 18:39:22.911 | INFO     | pycaalp.time_balancing.model:run_mip:430 - Running MIP solver ...
      obj=0.862 (vs_full=+0.04%)  alpha=747.1s  build=0.103s solve=0.512s  vs_full=+0.00%
  [3f] Subgraph / diverse  k=10 …
2026-07-01 18:39:23.423 | INFO     | pycaalp.time_balancing.model:run_mip:430 - Running MIP solver ...
      obj=0.865 (vs_full=+0.32%)  alpha=747.1s  build=0.017s solve=0.648s  vs_full=+0.00%

k = 20
  Subgraph edges — edge_w: 35 (3.2%)  bal_w: 73 (6.6%)  combined: 107 (9.7%)  blended: 33 (3.0%)  blended_union: 93 (8.4%)  diverse: 239 (21.6%)
  [3a] Subgraph / edge_w   k=20 …
2026-07-01 18:39:24.719 | INFO     | pycaalp.time_balancing.model:run_mip:430 - Running MIP solver ...
      obj=0.897 (vs_full=+4.09%)  alpha=788.3s  build=0.079s solve=0.204s  vs_full=+5.52%
  [3b] Subgraph / bal_w    k=20 …
2026-07-01 18:39:24.924 | INFO     | pycaalp.time_balancing.model:run_mip:430 - Running MIP solver ...
      obj=0.898 (vs_full=+4.21%)  alpha=731.8s  build=0.098s solve=0.454s  vs_full=-2.05%
  [3c] Subgraph / combined k=20 …
2026-07-01 18:39:25.377 | INFO     | pycaalp.time_balancing.model:run_mip:430 - Running MIP solver ...
      obj=0.877 (vs_full=+1.73%)  alpha=754.4s  build=0.153s solve=0.458s  vs_full=+0.98%
  [3d] Subgraph / blended  k=20 …
2026-07-01 18:39:25.836 | INFO     | pycaalp.time_balancing.model:run_mip:430 - Running MIP solver ...
      obj=0.890 (vs_full=+3.26%)  alpha=722.4s  build=0.080s solve=0.291s  vs_full=-3.31%
  [3e] Subgraph / bl-union k=20 …
2026-07-01 18:39:26.127 | INFO     | pycaalp.time_balancing.model:run_mip:430 - Running MIP solver ...
      obj=0.862 (vs_full=+0.04%)  alpha=747.1s  build=0.225s solve=0.351s  vs_full=+0.00%
  [3f] Subgraph / diverse  k=20 …
2026-07-01 18:39:26.478 | INFO     | pycaalp.time_balancing.model:run_mip:430 - Running MIP solver ...
      obj=0.865 (vs_full=+0.32%)  alpha=747.1s  build=0.012s solve=1.693s  vs_full=+0.00%

k = 50
  Subgraph edges — edge_w: 54 (4.9%)  bal_w: 141 (12.8%)  combined: 190 (17.2%)  blended: 37 (3.3%)  blended_union: 146 (13.2%)  diverse: 510 (46.2%)
  [3a] Subgraph / edge_w   k=50 …
2026-07-01 18:39:29.911 | INFO     | pycaalp.time_balancing.model:run_mip:430 - Running MIP solver ...
      obj=0.891 (vs_full=+3.33%)  alpha=780.8s  build=0.200s solve=0.493s  vs_full=+4.51%
  [3b] Subgraph / bal_w    k=50 …
2026-07-01 18:39:30.405 | INFO     | pycaalp.time_balancing.model:run_mip:430 - Running MIP solver ...
      obj=0.891 (vs_full=+3.33%)  alpha=731.8s  build=0.260s solve=0.748s  vs_full=-2.05%
  [3c] Subgraph / combined k=50 …
2026-07-01 18:39:31.153 | INFO     | pycaalp.time_balancing.model:run_mip:430 - Running MIP solver ...
      obj=0.877 (vs_full=+1.72%)  alpha=754.4s  build=0.443s solve=1.478s  vs_full=+0.98%
  [3d] Subgraph / blended  k=50 …
2026-07-01 18:39:32.631 | INFO     | pycaalp.time_balancing.model:run_mip:430 - Running MIP solver ...
      obj=0.890 (vs_full=+3.26%)  alpha=722.4s  build=0.185s solve=0.313s  vs_full=-3.31%
  [3e] Subgraph / bl-union k=50 …
2026-07-01 18:39:32.944 | INFO     | pycaalp.time_balancing.model:run_mip:430 - Running MIP solver ...
      obj=0.862 (vs_full=+0.04%)  alpha=747.1s  build=0.605s solve=0.778s  vs_full=+0.00%
  [3f] Subgraph / diverse  k=50 …
2026-07-01 18:39:33.722 | INFO     | pycaalp.time_balancing.model:run_mip:430 - Running MIP solver ...
      obj=0.863 (vs_full=+0.14%)  alpha=747.1s  build=0.047s solve=8.182s  vs_full=+0.00%

k = 100
  Subgraph edges — edge_w: 78 (7.1%)  bal_w: 189 (17.1%)  combined: 257 (23.3%)  blended: 54 (4.9%)  blended_union: 190 (17.2%)  diverse: 739 (66.9%)
  [3a] Subgraph / edge_w   k=100 …
2026-07-01 18:39:44.902 | INFO     | pycaalp.time_balancing.model:run_mip:430 - Running MIP solver ...
      obj=0.891 (vs_full=+3.33%)  alpha=780.8s  build=0.342s solve=0.626s  vs_full=+4.51%
  [3b] Subgraph / bal_w    k=100 …
2026-07-01 18:39:45.528 | INFO     | pycaalp.time_balancing.model:run_mip:430 - Running MIP solver ...
      obj=0.891 (vs_full=+3.33%)  alpha=731.8s  build=0.486s solve=1.237s  vs_full=-2.05%
  [3c] Subgraph / combined k=100 …
2026-07-01 18:39:46.766 | INFO     | pycaalp.time_balancing.model:run_mip:430 - Running MIP solver ...
      obj=0.877 (vs_full=+1.72%)  alpha=754.4s  build=0.787s solve=1.700s  vs_full=+0.98%
  [3d] Subgraph / blended  k=100 …
2026-07-01 18:39:48.466 | INFO     | pycaalp.time_balancing.model:run_mip:430 - Running MIP solver ...
      obj=0.890 (vs_full=+3.26%)  alpha=722.4s  build=0.356s solve=0.367s  vs_full=-3.31%
  [3e] Subgraph / bl-union k=100 …
2026-07-01 18:39:48.833 | INFO     | pycaalp.time_balancing.model:run_mip:430 - Running MIP solver ...
      obj=0.862 (vs_full=+0.04%)  alpha=747.1s  build=0.932s solve=2.371s  vs_full=+0.00%
  [3f] Subgraph / diverse  k=100 …
2026-07-01 18:39:51.205 | INFO     | pycaalp.time_balancing.model:run_mip:430 - Running MIP solver ...
      obj=0.863 (vs_full=+0.09%)  alpha=747.1s  build=0.094s solve=42.381s  vs_full=+0.00%

k = 200
  Subgraph edges — edge_w: 95 (8.6%)  bal_w: 258 (23.3%)  combined: 339 (30.7%)  blended: 69 (6.2%)  blended_union: 203 (18.4%)  diverse: 907 (82.1%)
  [3a] Subgraph / edge_w   k=200 …
2026-07-01 18:40:39.020 | INFO     | pycaalp.time_balancing.model:run_mip:430 - Running MIP solver ...
      obj=0.891 (vs_full=+3.33%)  alpha=780.8s  build=0.652s solve=0.651s  vs_full=+4.51%
  [3b] Subgraph / bal_w    k=200 …
2026-07-01 18:40:39.670 | INFO     | pycaalp.time_balancing.model:run_mip:430 - Running MIP solver ...
      obj=0.891 (vs_full=+3.33%)  alpha=731.8s  build=0.743s solve=1.617s  vs_full=-2.05%
  [3c] Subgraph / combined k=200 …
2026-07-01 18:40:41.287 | INFO     | pycaalp.time_balancing.model:run_mip:430 - Running MIP solver ...
      obj=0.865 (vs_full=+0.40%)  alpha=747.1s  build=1.388s solve=2.028s  vs_full=+0.00%
  [3d] Subgraph / blended  k=200 …
2026-07-01 18:40:43.315 | INFO     | pycaalp.time_balancing.model:run_mip:430 - Running MIP solver ...
      obj=0.890 (vs_full=+3.26%)  alpha=722.4s  build=0.639s solve=0.967s  vs_full=-3.31%
  [3e] Subgraph / bl-union k=200 …
2026-07-01 18:40:44.282 | INFO     | pycaalp.time_balancing.model:run_mip:430 - Running MIP solver ...
      obj=0.862 (vs_full=+0.04%)  alpha=747.1s  build=1.837s solve=0.735s  vs_full=+0.00%
  [3f] Subgraph / diverse  k=200 …
2026-07-01 18:40:45.018 | INFO     | pycaalp.time_balancing.model:run_mip:430 - Running MIP solver ...
      obj=0.862 (vs_full=+0.02%)  alpha=747.1s  build=0.174s solve=66.613s  vs_full=+0.00%

k = 500
  Subgraph edges — edge_w: 108 (9.8%)  bal_w: 399 (36.1%)  combined: 459 (41.5%)  blended: 70 (6.3%)  blended_union: 247 (22.4%)  diverse: 1050 (95.0%)
  [3a] Subgraph / edge_w   k=500 …
2026-07-01 18:42:03.380 | INFO     | pycaalp.time_balancing.model:run_mip:430 - Running MIP solver ...
      obj=0.891 (vs_full=+3.33%)  alpha=780.8s  build=1.372s solve=0.679s  vs_full=+4.51%
  [3b] Subgraph / bal_w    k=500 …
2026-07-01 18:42:04.059 | INFO     | pycaalp.time_balancing.model:run_mip:430 - Running MIP solver ...
      obj=0.884 (vs_full=+2.55%)  alpha=731.8s  build=1.616s solve=6.732s  vs_full=-2.05%
  [3c] Subgraph / combined k=500 …
2026-07-01 18:42:10.792 | INFO     | pycaalp.time_balancing.model:run_mip:430 - Running MIP solver ...
      obj=0.865 (vs_full=+0.40%)  alpha=747.1s  build=2.848s solve=18.287s  vs_full=+0.00%
  [3d] Subgraph / blended  k=500 …
2026-07-01 18:42:29.079 | INFO     | pycaalp.time_balancing.model:run_mip:430 - Running MIP solver ...
      obj=0.890 (vs_full=+3.26%)  alpha=722.4s  build=1.263s solve=0.388s  vs_full=-3.31%
  [3e] Subgraph / bl-union k=500 …
2026-07-01 18:42:29.467 | INFO     | pycaalp.time_balancing.model:run_mip:430 - Running MIP solver ...
      obj=0.862 (vs_full=+0.04%)  alpha=747.1s  build=4.245s solve=3.533s  vs_full=+0.00%
  [3f] Subgraph / diverse  k=500 …
2026-07-01 18:42:32.999 | INFO     | pycaalp.time_balancing.model:run_mip:430 - Running MIP solver ...
      obj=0.862 (vs_full=-0.00%)  alpha=747.1s  build=0.406s solve=66.016s  vs_full=+0.00%

k = 1000
  Subgraph edges — edge_w: 142 (12.9%)  bal_w: 500 (45.2%)  combined: 578 (52.3%)  blended: 86 (7.8%)  blended_union: 284 (25.7%)  diverse: 1096 (99.2%)
  [3a] Subgraph / edge_w   k=1000 …
2026-07-01 18:43:57.438 | INFO     | pycaalp.time_balancing.model:run_mip:430 - Running MIP solver ...
      obj=0.862 (vs_full=-0.00%)  alpha=747.1s  build=2.047s solve=0.379s  vs_full=+0.00%
  [3b] Subgraph / bal_w    k=1000 …
2026-07-01 18:43:57.818 | INFO     | pycaalp.time_balancing.model:run_mip:430 - Running MIP solver ...
      obj=0.884 (vs_full=+2.55%)  alpha=731.8s  build=2.425s solve=10.751s  vs_full=-2.05%
  [3c] Subgraph / combined k=1000 …
2026-07-01 18:44:08.569 | INFO     | pycaalp.time_balancing.model:run_mip:430 - Running MIP solver ...
      obj=0.862 (vs_full=+0.00%)  alpha=747.1s  build=4.418s solve=17.165s  vs_full=+0.00%
  [3d] Subgraph / blended  k=1000 …
2026-07-01 18:44:25.733 | INFO     | pycaalp.time_balancing.model:run_mip:430 - Running MIP solver ...
      obj=0.887 (vs_full=+2.93%)  alpha=731.8s  build=2.243s solve=0.242s  vs_full=-2.05%
  [3e] Subgraph / bl-union k=1000 …
2026-07-01 18:44:25.975 | INFO     | pycaalp.time_balancing.model:run_mip:430 - Running MIP solver ...
      obj=0.862 (vs_full=+0.00%)  alpha=747.1s  build=6.677s solve=2.265s  vs_full=+0.00%
  [3f] Subgraph / diverse  k=1000 …
2026-07-01 18:44:28.240 | INFO     | pycaalp.time_balancing.model:run_mip:430 - Running MIP solver ...
      obj=0.862 (vs_full=+0.00%)  alpha=747.1s  build=0.612s solve=43.582s  vs_full=+0.00%

k = 2000
  Subgraph edges — edge_w: 185 (16.7%)  bal_w: 630 (57.0%)  combined: 685 (62.0%)  blended: 138 (12.5%)  blended_union: 335 (30.3%)  diverse: 1105 (100.0%)
  [3a] Subgraph / edge_w   k=2000 …
2026-07-01 18:45:51.703 | INFO     | pycaalp.time_balancing.model:run_mip:430 - Running MIP solver ...
      obj=0.862 (vs_full=+0.00%)  alpha=747.1s  build=4.467s solve=0.559s  vs_full=+0.00%
  [3b] Subgraph / bal_w    k=2000 …
2026-07-01 18:45:52.262 | INFO     | pycaalp.time_balancing.model:run_mip:430 - Running MIP solver ...
      obj=0.884 (vs_full=+2.54%)  alpha=731.8s  build=4.622s solve=14.570s  vs_full=-2.05%
  [3c] Subgraph / combined k=2000 …
2026-07-01 18:46:06.832 | INFO     | pycaalp.time_balancing.model:run_mip:430 - Running MIP solver ...
      obj=0.862 (vs_full=+0.00%)  alpha=747.1s  build=9.148s solve=9.791s  vs_full=+0.00%
  [3d] Subgraph / blended  k=2000 …
2026-07-01 18:46:16.623 | INFO     | pycaalp.time_balancing.model:run_mip:430 - Running MIP solver ...
      obj=0.887 (vs_full=+2.93%)  alpha=731.8s  build=5.228s solve=0.636s  vs_full=-2.05%
  [3e] Subgraph / bl-union k=2000 …
2026-07-01 18:46:17.259 | INFO     | pycaalp.time_balancing.model:run_mip:430 - Running MIP solver ...
      obj=0.862 (vs_full=+0.00%)  alpha=747.1s  build=15.159s solve=2.341s  vs_full=+0.00%
  [3f] Subgraph / diverse  k=2000 …
2026-07-01 18:46:19.599 | INFO     | pycaalp.time_balancing.model:run_mip:430 - Running MIP solver ...
      obj=0.862 (vs_full=+0.00%)  alpha=747.1s  build=1.257s solve=69.109s  vs_full=+0.00%

k = 5000
  Subgraph edges — edge_w: 232 (21.0%)  bal_w: 799 (72.3%)  combined: 830 (75.1%)  blended: 190 (17.2%)  blended_union: 355 (32.1%)  diverse: 1105 (100.0%)
  [3a] Subgraph / edge_w   k=5000 …
2026-07-01 18:49:58.982 | INFO     | pycaalp.time_balancing.model:run_mip:430 - Running MIP solver ...
      obj=0.862 (vs_full=+0.00%)  alpha=747.1s  build=18.334s solve=1.586s  vs_full=+0.00%
  [3b] Subgraph / bal_w    k=5000 …
2026-07-01 18:50:00.567 | INFO     | pycaalp.time_balancing.model:run_mip:430 - Running MIP solver ...
      obj=0.884 (vs_full=+2.54%)  alpha=731.8s  build=16.856s solve=30.261s  vs_full=-2.05%
  [3c] Subgraph / combined k=5000 …
2026-07-01 18:50:30.829 | INFO     | pycaalp.time_balancing.model:run_mip:430 - Running MIP solver ...
      obj=0.862 (vs_full=+0.00%)  alpha=747.1s  build=35.186s solve=35.391s  vs_full=+0.00%
  [3d] Subgraph / blended  k=5000 …
2026-07-01 18:51:06.219 | INFO     | pycaalp.time_balancing.model:run_mip:430 - Running MIP solver ...
      obj=0.886 (vs_full=+2.77%)  alpha=731.8s  build=20.391s solve=0.662s  vs_full=-2.05%
  [3e] Subgraph / bl-union k=5000 …
2026-07-01 18:51:06.881 | INFO     | pycaalp.time_balancing.model:run_mip:430 - Running MIP solver ...
      obj=0.862 (vs_full=+0.00%)  alpha=747.1s  build=56.392s solve=2.273s  vs_full=+0.00%
  [3f] Subgraph / diverse  k=5000 …
2026-07-01 18:51:09.154 | INFO     | pycaalp.time_balancing.model:run_mip:430 - Running MIP solver ...
      obj=0.862 (vs_full=+0.00%)  alpha=747.1s  build=3.115s solve=64.068s  vs_full=+0.00%

Results saved to experiments/strategy_comparison/assembly_1_np_3/strategy_comparison_lambda_0.8.csv
Plot with:  python -m experiments.strategy_comparison.plot_k_sensitivity

============================================================================================================================
SUMMARY — assembly_1  P=3  λ=0.8
============================================================================================================================
Strategy       Weight                      k   Build    Solve    Total  Spdup       Obj   ObjvsF     Alpha    AlvsF   Edges  %Grph
----------------------------------------------------------------------------------------------------------------------------
full_mip       —                               0.000  124.641  124.641   1.0x     0.862    +0.00    747.12    +0.00    1105  100.0
subgraph_mip   edge_weight                 1   0.003    0.024    0.027 4601.1x     0.901    +4.48    792.00    +6.01      13    1.2
subgraph_mip   time_balanced_weight        1   0.002    0.017    0.019 6441.0x     0.911    +5.65    731.84    -2.05      13    1.2
subgraph_mip   combined                    1   0.003    0.502    0.505 246.9x     0.901    +4.48    792.00    +6.01      26    2.4
subgraph_mip   blended                     1   0.002    0.044    0.046 2723.6x     0.890    +3.26    722.42    -3.31      13    1.2
subgraph_mip   blended_union               1   0.020    0.262    0.281 442.9x     0.862    +0.04    747.12    +0.00      37    3.4
subgraph_mip   diverse                     1   0.004    0.048    0.052 2415.2x     0.890    +3.26    722.42    -3.31      13    1.2
subgraph_mip   edge_weight                 2   0.004    0.196    0.200 623.6x     0.897    +4.09    788.33    +5.52      15    1.4
subgraph_mip   time_balanced_weight        2   0.005    0.142    0.147 846.3x     0.909    +5.43    731.84    -2.05      15    1.4
subgraph_mip   combined                    2   0.009    0.508    0.517 241.1x     0.897    +4.09    788.33    +5.52      30    2.7
subgraph_mip   blended                     2   0.004    0.042    0.045 2743.7x     0.890    +3.26    722.42    -3.31      15    1.4
subgraph_mip   blended_union               2   0.024    0.874    0.898 138.8x     0.862    +0.04    747.12    +0.00      42    3.8
subgraph_mip   diverse                     2   0.009    0.336    0.345 361.2x     0.887    +2.93    731.84    -2.05      26    2.4
subgraph_mip   edge_weight                 5   0.023    0.177    0.201 621.5x     0.897    +4.09    788.33    +5.52      21    1.9
subgraph_mip   time_balanced_weight        5   0.022    0.437    0.459 271.4x     0.909    +5.43    731.84    -2.05      44    4.0
subgraph_mip   combined                    5   0.031    0.316    0.347 359.1x     0.897    +4.09    788.33    +5.52      65    5.9
subgraph_mip   blended                     5   0.017    0.076    0.093 1344.3x     0.890    +3.26    722.42    -3.31      19    1.7
subgraph_mip   blended_union               5   0.073    0.279    0.351 354.7x     0.862    +0.04    747.12    +0.00      60    5.4
subgraph_mip   diverse                     5   0.006    0.247    0.253 492.6x     0.887    +2.93    731.84    -2.05      65    5.9
subgraph_mip   edge_weight                10   0.027    0.241    0.268 464.9x     0.897    +4.09    788.33    +5.52      24    2.2
subgraph_mip   time_balanced_weight       10   0.047    0.292    0.339 367.3x     0.908    +5.39    731.84    -2.05      57    5.2
subgraph_mip   combined                   10   0.111    0.518    0.630 198.0x     0.897    +4.09    788.33    +5.52      81    7.3
subgraph_mip   blended                    10   0.023    0.210    0.233 534.4x     0.890    +3.26    722.42    -3.31      28    2.5
subgraph_mip   blended_union              10   0.103    0.512    0.615 202.7x     0.862    +0.04    747.12    +0.00      75    6.8
subgraph_mip   diverse                    10   0.017    0.648    0.665 187.3x     0.865    +0.32    747.12    +0.00     126   11.4
subgraph_mip   edge_weight                20   0.079    0.204    0.284 439.6x     0.897    +4.09    788.33    +5.52      35    3.2
subgraph_mip   time_balanced_weight       20   0.098    0.454    0.552 225.9x     0.898    +4.21    731.84    -2.05      73    6.6
subgraph_mip   combined                   20   0.153    0.458    0.612 203.8x     0.877    +1.73    754.42    +0.98     107    9.7
subgraph_mip   blended                    20   0.080    0.291    0.371 335.7x     0.890    +3.26    722.42    -3.31      33    3.0
subgraph_mip   blended_union              20   0.225    0.351    0.576 216.3x     0.862    +0.04    747.12    +0.00      93    8.4
subgraph_mip   diverse                    20   0.012    1.693    1.706  73.1x     0.865    +0.32    747.12    +0.00     239   21.6
subgraph_mip   edge_weight                50   0.200    0.493    0.693 179.9x     0.891    +3.33    780.81    +4.51      54    4.9
subgraph_mip   time_balanced_weight       50   0.260    0.748    1.009 123.6x     0.891    +3.33    731.84    -2.05     141   12.8
subgraph_mip   combined                   50   0.443    1.478    1.920  64.9x     0.877    +1.72    754.42    +0.98     190   17.2
subgraph_mip   blended                    50   0.185    0.313    0.498 250.5x     0.890    +3.26    722.42    -3.31      37    3.4
subgraph_mip   blended_union              50   0.605    0.778    1.383  90.1x     0.862    +0.04    747.12    +0.00     146   13.2
subgraph_mip   diverse                    50   0.047    8.182    8.229  15.2x     0.863    +0.14    747.12    +0.00     510   46.1
subgraph_mip   edge_weight               100   0.342    0.626    0.968 128.7x     0.891    +3.33    780.81    +4.51      78    7.1
subgraph_mip   time_balanced_weight      100   0.486    1.237    1.723  72.3x     0.891    +3.33    731.84    -2.05     189   17.1
subgraph_mip   combined                  100   0.787    1.700    2.487  50.1x     0.877    +1.72    754.42    +0.98     257   23.3
subgraph_mip   blended                   100   0.356    0.367    0.723 172.4x     0.890    +3.26    722.42    -3.31      54    4.9
subgraph_mip   blended_union             100   0.932    2.371    3.303  37.7x     0.862    +0.04    747.12    +0.00     190   17.2
subgraph_mip   diverse                   100   0.094   42.381   42.476   2.9x     0.863    +0.09    747.12    +0.00     739   66.9
subgraph_mip   edge_weight               200   0.652    0.651    1.303  95.7x     0.891    +3.33    780.81    +4.51      95    8.6
subgraph_mip   time_balanced_weight      200   0.743    1.617    2.360  52.8x     0.891    +3.33    731.84    -2.05     258   23.4
subgraph_mip   combined                  200   1.388    2.028    3.416  36.5x     0.865    +0.40    747.12    +0.00     339   30.7
subgraph_mip   blended                   200   0.639    0.967    1.606  77.6x     0.890    +3.26    722.42    -3.31      69    6.2
subgraph_mip   blended_union             200   1.837    0.735    2.572  48.5x     0.862    +0.04    747.12    +0.00     203   18.4
subgraph_mip   diverse                   200   0.174   66.613   66.787   1.9x     0.862    +0.02    747.12    +0.00     907   82.1
subgraph_mip   edge_weight               500   1.372    0.679    2.051  60.8x     0.891    +3.33    780.81    +4.51     108    9.8
subgraph_mip   time_balanced_weight      500   1.616    6.732    8.348  14.9x     0.884    +2.55    731.84    -2.05     399   36.1
subgraph_mip   combined                  500   2.848   18.287   21.135   5.9x     0.865    +0.40    747.12    +0.00     459   41.5
subgraph_mip   blended                   500   1.263    0.388    1.651  75.5x     0.890    +3.26    722.42    -3.31      70    6.3
subgraph_mip   blended_union             500   4.245    3.533    7.778  16.0x     0.862    +0.04    747.12    +0.00     247   22.4
subgraph_mip   diverse                   500   0.406   66.016   66.422   1.9x     0.862    -0.00    747.12    +0.00    1050   95.0
subgraph_mip   edge_weight              1000   2.047    0.379    2.426  51.4x     0.862    -0.00    747.12    +0.00     142   12.8
subgraph_mip   time_balanced_weight     1000   2.425   10.751   13.176   9.5x     0.884    +2.55    731.84    -2.05     500   45.2
subgraph_mip   combined                 1000   4.418   17.165   21.583   5.8x     0.862    +0.00    747.12    +0.00     578   52.3
subgraph_mip   blended                  1000   2.243    0.242    2.485  50.2x     0.887    +2.93    731.84    -2.05      86    7.8
subgraph_mip   blended_union            1000   6.677    2.265    8.942  13.9x     0.862    +0.00    747.12    +0.00     284   25.7
subgraph_mip   diverse                  1000   0.612   43.582   44.194   2.8x     0.862    +0.00    747.12    +0.00    1096   99.2
subgraph_mip   edge_weight              2000   4.467    0.559    5.025  24.8x     0.862    +0.00    747.12    +0.00     185   16.7
subgraph_mip   time_balanced_weight     2000   4.622   14.570   19.192   6.5x     0.884    +2.54    731.84    -2.05     630   57.0
subgraph_mip   combined                 2000   9.148    9.791   18.939   6.6x     0.862    +0.00    747.12    +0.00     685   62.0
subgraph_mip   blended                  2000   5.228    0.636    5.864  21.3x     0.887    +2.93    731.84    -2.05     138   12.5
subgraph_mip   blended_union            2000  15.159    2.341   17.500   7.1x     0.862    +0.00    747.12    +0.00     335   30.3
subgraph_mip   diverse                  2000   1.257   69.109   70.366   1.8x     0.862    +0.00    747.12    +0.00    1105  100.0
subgraph_mip   edge_weight              5000  18.334    1.586   19.919   6.3x     0.862    +0.00    747.12    +0.00     232   21.0
subgraph_mip   time_balanced_weight     5000  16.856   30.261   47.117   2.6x     0.884    +2.54    731.84    -2.05     799   72.3
subgraph_mip   combined                 5000  35.186   35.391   70.576   1.8x     0.862    +0.00    747.12    +0.00     830   75.1
subgraph_mip   blended                  5000  20.391    0.662   21.052   5.9x     0.886    +2.77    731.84    -2.05     190   17.2
subgraph_mip   blended_union            5000  56.392    2.273   58.665   2.1x     0.862    +0.00    747.12    +0.00     355   32.1
subgraph_mip   diverse                  5000   3.115   64.068   67.183   1.9x     0.862    +0.00    747.12    +0.00    1105  100.0
============================================================================================================================

----------------- λ = 0.85 -----------------
========================================================================
Strategy Comparison Experiment — assembly_1  P=3  λ=0.85
========================================================================

Building assembly digraph …
2026-07-01 18:37:58.700 | INFO     | pycaalp.gapp.assembly_digraph:compute_assembly_digraph_complete:395 - Computing assembly digraph...
  343 nodes, 1105 edges  (0.4s)

[1] Full MIP  P=3  λ=0.85
2026-07-01 18:37:59.123 | INFO     | pycaalp.time_balancing.model:run_mip:430 - Running MIP solver ...
presolving:
(round 1, fast)       2 del vars, 2 del conss, 0 add conss, 0 chg bounds, 0 chg sides, 0 chg coeffs, 0 upgd conss, 0 impls, 69 clqs, 0 implints
(round 2, exhaustive) 2 del vars, 2 del conss, 0 add conss, 1 chg bounds, 0 chg sides, 0 chg coeffs, 3408 upgd conss, 0 impls, 69 clqs, 0 implints
   (0.2s) probing: 1000/1181 (84.7%) - 0 fixings, 0 aggregations, 131997 implications, 0 bound changes
   (0.2s) probing: 1001/1181 (84.8%) - 0 fixings, 0 aggregations, 132060 implications, 0 bound changes
   (0.2s) probing aborted: 1000/1000 successive useless probings
   (0.2s) symmetry computation started: requiring (bin +, int +, cont +), (fixed: bin -, int -, cont -)
   (0.2s) no symmetry present (symcode time: 0.00)
presolving (3 rounds: 3 fast, 2 medium, 2 exhaustive):
 2 deleted vars, 2 deleted constraints, 0 added constraints, 1 tightened bounds, 0 added holes, 0 changed sides, 0 changed coefficients
 0 implications, 12312 cliques, 0 implied integral variables (0 bin, 0 int, 0 cont)
presolved problem has 1182 variables (1181 bin, 0 int, 1 cont) and 3721 constraints
     69 constraints of type <setppc>
    313 constraints of type <linear>
   3339 constraints of type <logicor>
Presolving Time: 0.24

 time | node  | left  |LP iter|LP it/n|mem/heur|mdpt |vars |cons |rows |cuts |sepa|confs|strbr|  dualbound   | primalbound  |  gap   | compl. 
p 0.3s|     1 |     0 |     0 |     - | vbounds|   0 |1182 |3752 |3721 |   0 |  0 |  30 |   0 | 0.000000e+00 | 2.201533e+00 |    Inf | unknown
p 0.3s|     1 |     0 |    89 |     - | vbounds|   0 |1182 |3764 |3721 |   0 |  0 |  42 |   0 | 0.000000e+00 | 1.272060e+00 |    Inf | unknown
  0.3s|     1 |     0 |   381 |     - |    29M |   0 |1182 |3764 |3721 |   0 |  0 |  42 |   0 | 8.329273e-01 | 1.272060e+00 |  52.72%| unknown
  0.6s|     1 |     0 |   440 |     - |    31M |   0 |1182 |3765 |3724 |   3 |  1 |  43 |   0 | 8.329302e-01 | 1.272060e+00 |  52.72%| unknown
  0.9s|     1 |     0 |   475 |     - |    36M |   0 |1182 |3775 |3726 |   5 |  2 |  53 |   0 | 8.329337e-01 | 1.272060e+00 |  52.72%| unknown
  1.3s|     1 |     0 |   501 |     - |    43M |   0 |1182 |3770 |3728 |   7 |  3 |  53 |   0 | 8.329619e-01 | 1.272060e+00 |  52.72%| unknown
  1.9s|     1 |     0 |   507 |     - |    53M |   0 |1182 |3771 |3730 |   9 |  4 |  54 |   0 | 8.329619e-01 | 1.272060e+00 |  52.72%| unknown
  2.5s|     1 |     0 |   528 |     - |    62M |   0 |1182 |3771 |3733 |  12 |  5 |  54 |   0 | 8.329619e-01 | 1.272060e+00 |  52.72%| unknown
  3.0s|     1 |     0 |   537 |     - |    73M |   0 |1182 |3772 |3736 |  15 |  6 |  55 |   0 | 8.329619e-01 | 1.272060e+00 |  52.72%| unknown
  3.5s|     1 |     0 |   544 |     - |    83M |   0 |1182 |3777 |3738 |  17 |  7 |  62 |   0 | 8.329619e-01 | 1.272060e+00 |  52.72%| unknown
  4.0s|     1 |     0 |   558 |     - |    92M |   0 |1182 |3779 |3740 |  19 |  8 |  64 |   0 | 8.329619e-01 | 1.272060e+00 |  52.72%| unknown
  4.3s|     1 |     0 |   586 |     - |   107M |   0 |1182 |3785 |3742 |  21 |  9 |  74 |   0 | 8.329619e-01 | 1.272060e+00 |  52.72%| unknown
  4.8s|     1 |     0 |   592 |     - |   118M |   0 |1182 |3788 |3744 |  23 | 10 |  77 |   0 | 8.329619e-01 | 1.272060e+00 |  52.72%| unknown
  4.8s|     1 |     0 |   600 |     - |   119M |   0 |1182 |3797 |3745 |  24 | 11 |  87 |   0 | 8.329619e-01 | 1.272060e+00 |  52.72%| unknown
d 4.9s|     1 |     0 |  1109 |     - |farkasdi|   0 |1182 |3798 |3745 |   0 | 11 |  88 |   0 | 8.329619e-01 | 9.589512e-01 |  15.13%| unknown
 time | node  | left  |LP iter|LP it/n|mem/heur|mdpt |vars |cons |rows |cuts |sepa|confs|strbr|  dualbound   | primalbound  |  gap   | compl. 
  5.0s|     1 |     0 |  1700 |     - |   119M |   0 |1182 |3807 |3745 |  24 | 11 | 103 |   0 | 8.329619e-01 | 9.589512e-01 |  15.13%| unknown
  5.0s|     1 |     0 |  1707 |     - |   119M |   0 |1182 |3816 |3746 |  25 | 12 | 113 |   0 | 8.329619e-01 | 9.589512e-01 |  15.13%| unknown
  5.0s|     1 |     0 |  1717 |     - |   119M |   0 |1182 |3817 |3747 |  26 | 13 | 114 |   0 | 8.329619e-01 | 9.589512e-01 |  15.13%| unknown
  5.2s|     1 |     2 |  1724 |     - |   119M |   0 |1182 |3824 |3747 |  26 | 13 | 124 |  19 | 8.329640e-01 | 9.589512e-01 |  15.13%| unknown
r 5.9s|     6 |     5 |  1861 | 266.6 |shifting|   5 |1182 |3799 |3726 |  26 |  0 | 125 | 114 | 8.329640e-01 | 9.400015e-01 |  12.85%| unknown
* 7.9s|    21 |    12 |  2580 | 102.6 |strongbr|  12 |1182 |3881 |3731 |  66 |  1 | 222 | 317 | 8.329640e-01 | 9.061385e-01 |   8.78%| unknown
* 7.9s|    22 |    11 |  2630 | 100.1 |strongbr|  12 |1182 |3884 |3731 |  66 |  2 | 229 | 347 | 8.329640e-01 | 8.866927e-01 |   6.45%|   0.27%
r 8.0s|    24 |    11 |  2675 |  93.3 |rounding|  12 |1182 |3881 |3731 |  66 |  0 | 235 | 364 | 8.329640e-01 | 8.629579e-01 |   3.60%|   3.20%
*14.5s|    86 |    26 |  7221 |  78.7 |strongbr|  13 |1182 |4116 |3740 | 281 |  1 | 618 |1155 | 8.329640e-01 | 8.629233e-01 |   3.60%|  13.86%
 15.3s|   100 |    28 |  7940 |  74.9 |   149M |  13 |1182 |4129 |3726 | 281 |  2 | 670 |1299 | 8.329641e-01 | 8.629233e-01 |   3.60%|  17.60%
 25.2s|   200 |    47 | 17629 |  85.9 |   153M |  14 |1182 |4472 |3765 | 672 | 12 |1341 |2511 | 8.329641e-01 | 8.629233e-01 |   3.60%|  28.06%
 33.0s|   300 |    60 | 28389 |  93.2 |   156M |  15 |1182 |4711 |3753 |1068 | 10 |1917 |3258 | 8.330210e-01 | 8.629233e-01 |   3.59%|  31.35%
 39.1s|   400 |    93 | 33768 |  83.3 |   157M |  16 |1182 |4770 |3753 |1289 |  8 |2164 |3564 | 8.330320e-01 | 8.629233e-01 |   3.59%|  32.28%
 43.8s|   500 |   103 | 38051 |  75.2 |   160M |  18 |1182 |4870 |3726 |1494 |  1 |2399 |3701 | 8.331143e-01 | 8.629233e-01 |   3.58%|  36.92%
 52.9s|   600 |   115 | 46243 |  76.3 |   161M |  18 |1182 |4856 |3736 |1867 |  1 |2628 |3983 | 8.332146e-01 | 8.629233e-01 |   3.57%|  42.28%
 time | node  | left  |LP iter|LP it/n|mem/heur|mdpt |vars |cons |rows |cuts |sepa|confs|strbr|  dualbound   | primalbound  |  gap   | compl. 
 60.1s|   700 |   160 | 54717 |  77.5 |   171M |  18 |1182 |4884 |3726 |2170 |  2 |2953 |4093 | 8.333186e-01 | 8.629233e-01 |   3.55%|  47.34%
 71.5s|   800 |   189 | 66065 |  82.0 |   177M |  18 |1182 |5048 |   0 |2713 |  0 |3431 |4260 | 8.335299e-01 | 8.629233e-01 |   3.53%|  52.26%
 79.7s|   900 |   216 | 73456 |  81.1 |   182M |  18 |1182 |5238 |3739 |3060 |  1 |3890 |4461 | 8.336190e-01 | 8.629233e-01 |   3.52%|  53.90%
 85.7s|  1000 |   226 | 79205 |  78.8 |   185M |  18 |1182 |5359 |3735 |3299 |  2 |4274 |4637 | 8.338134e-01 | 8.629233e-01 |   3.49%|  59.81%
 95.8s|  1100 |   226 | 92118 |  83.3 |   199M |  18 |1182 |5374 |3754 |3753 |  1 |4704 |4771 | 8.342168e-01 | 8.629233e-01 |   3.44%|  61.85%
  103s|  1200 |   223 | 99918 |  82.9 |   207M |  18 |1182 |5399 |3743 |4084 |  0 |5014 |4942 | 8.344708e-01 | 8.629233e-01 |   3.41%|  64.90%
  107s|  1300 |   229 |103818 |  79.5 |   209M |  20 |1182 |5539 |3733 |4233 |  1 |5298 |5073 | 8.346377e-01 | 8.629233e-01 |   3.39%|  68.19%
  110s|  1400 |   225 |108138 |  76.9 |   209M |  21 |1182 |5671 |   0 |4350 |  0 |5633 |5265 | 8.346638e-01 | 8.629233e-01 |   3.39%|  68.63%
  116s|  1500 |   232 |114735 |  76.2 |   211M |  21 |1182 |5687 |3739 |4618 |  0 |5997 |5387 | 8.350911e-01 | 8.629233e-01 |   3.33%|  69.23%
  122s|  1600 |   246 |123077 |  76.6 |   212M |  21 |1182 |5935 |   0 |4878 |  0 |6469 |5556 | 8.353868e-01 | 8.629233e-01 |   3.30%|  69.67%
  124s|  1700 |   238 |127522 |  74.7 |   214M |  21 |1182 |6168 |   0 |4954 |  0 |7002 |5758 | 8.356751e-01 | 8.629233e-01 |   3.26%|  70.64%
  127s|  1800 |   248 |131114 |  72.6 |   214M |  21 |1182 |6304 |   0 |5064 |  0 |7324 |5781 | 8.358531e-01 | 8.629233e-01 |   3.24%|  73.10%
  128s|  1900 |   251 |134062 |  70.3 |   215M |  21 |1182 |6572 |3750 |5084 |  1 |7750 |5919 | 8.363537e-01 | 8.629233e-01 |   3.18%|  73.23%
  131s|  2000 |   252 |138627 |  69.1 |   217M |  21 |1182 |6380 |3742 |5184 |  3 |8117 |6031 | 8.365722e-01 | 8.629233e-01 |   3.15%|  73.62%
  135s|  2100 |   240 |144397 |  68.5 |   223M |  21 |1182 |6342 |3753 |5357 |  1 |8517 |6127 | 8.368562e-01 | 8.629233e-01 |   3.11%|  74.88%
 time | node  | left  |LP iter|LP it/n|mem/heur|mdpt |vars |cons |rows |cuts |sepa|confs|strbr|  dualbound   | primalbound  |  gap   | compl. 
  137s|  2200 |   226 |148164 |  67.1 |   223M |  21 |1182 |6275 |3736 |5427 |  1 |8892 |6280 | 8.372289e-01 | 8.629233e-01 |   3.07%|  75.44%
  140s|  2300 |   232 |153736 |  66.6 |   226M |  21 |1182 |6341 |3758 |5580 |  1 |9304 |6424 | 8.381368e-01 | 8.629233e-01 |   2.96%|  76.88%
  144s|  2400 |   198 |159616 |  66.3 |   228M |  21 |1182 |6255 |   0 |5700 |  0 |9635 |6518 | 8.397874e-01 | 8.629233e-01 |   2.75%|  79.94%
  144s|  2500 |   169 |162357 |  64.8 |   229M |  21 |1182 |6310 |3753 |5709 |  2 |9933 |6553 | 8.405080e-01 | 8.629233e-01 |   2.67%|  80.99%
  145s|  2600 |   121 |165756 |  63.6 |   229M |  21 |1182 |6299 |   0 |5709 |  0 |  10k|6688 | 8.418970e-01 | 8.629233e-01 |   2.50%|  83.04%
  146s|  2700 |    67 |168858 |  62.4 |   229M |  21 |1182 |6237 |3749 |5709 |  1 |  10k|6793 | 8.429386e-01 | 8.629233e-01 |   2.37%|  89.13%
  147s|  2800 |    14 |171728 |  61.2 |   229M |  21 |1182 |6251 |   0 |5711 |  0 |  10k|6889 | 8.463272e-01 | 8.629233e-01 |   1.96%|  94.76%

SCIP Status        : problem is solved [optimal solution found]
Solving Time (sec) : 146.77
Solving Nodes      : 2836
Primal Bound       : +8.62923328866229e-01 (12 solutions)
Dual Bound         : +8.62923328866229e-01
Gap                : 0.00 %
objective value:                    0.862923328866229
x_('12_5', '13_1')                                  1 	(obj:0.00496255179246983)
x_('11_17', '12_5')                                 1 	(obj:0.00392366803278689)
x_('10_31', '11_17')                                1 	(obj:0.00431078347881627)
x_('9_42', '10_31')                                 1 	(obj:0.0101785714285714)
x_('8_45', '9_42')                                  1 	(obj:0.00678669008587041)
x_('7_37', '8_45')                                  1 	(obj:0.00732402663934426)
x_('6_35', '7_37')                                  1 	(obj:0.00803571428571429)
x_('5_25', '6_35')                                  1 	(obj:0.00701873536299766)
x_('4_21', '5_25')                                  1 	(obj:0.00693495316159251)
x_('3_18', '4_21')                                  1 	(obj:0.0173740485948478)
x_('2_14', '3_18')                                  1 	(obj:0.018574355971897)
x_('1_10', '2_14')                                  1 	(obj:0.0264133489461358)
x_('0_1', '1_10')                                   1 	(obj:0.00535714285714286)
y_0_0                                               1 	(obj:0)
y_1_0                                               1 	(obj:0)
y_2_0                                               1 	(obj:0)
y_3_0                                               1 	(obj:0)
y_4_1                                               1 	(obj:0)
y_5_1                                               1 	(obj:0)
y_6_1                                               1 	(obj:0)
y_7_1                                               1 	(obj:0)
y_8_1                                               1 	(obj:0)
y_9_2                                               1 	(obj:0)
y_10_2                                              1 	(obj:0)
y_11_2                                              1 	(obj:0)
y_12_2                                              1 	(obj:0)
z_('3268741', '3425762')_1                          1 	(obj:0)
z_('3268741', '1966592X')_1                         1 	(obj:0)
z_('1966592X', '3452192')_0                         1 	(obj:0)
z_('3452192', '1353870')_0                          1 	(obj:0)
z_('3452192', '3520162')_0                          1 	(obj:0)
z_('3520162', '3307092')_1                          1 	(obj:0)
z_('3520162', '3524054')_0                          1 	(obj:0)
z_('3268740', '3524054')_1                          1 	(obj:0)
z_('3524054', '3179975')_1                          1 	(obj:0)
z_('3179975', '3422998')_2                          1 	(obj:0)
z_('3422998', '2495223X')_2                         1 	(obj:0)
z_('3422998', '1353870_01')_2                       1 	(obj:0)
z_('2495223X', '2245784X')_2                        1 	(obj:0)
alpha                                4.50072289156626 	(obj:0.163469015079044)
  obj=0.863  alpha=747.1s  time=146.90s

k = 1
  Subgraph edges — edge_w: 13 (1.2%)  bal_w: 13 (1.2%)  combined: 26 (2.4%)  blended: 13 (1.2%)  blended_union: 37 (3.3%)  diverse: 13 (1.2%)
  [3a] Subgraph / edge_w   k=1 …
2026-07-01 18:40:26.047 | INFO     | pycaalp.time_balancing.model:run_mip:430 - Running MIP solver ...
      obj=0.905 (vs_full=+4.86%)  alpha=792.0s  build=0.002s solve=0.026s  vs_full=+6.01%
  [3b] Subgraph / bal_w    k=1 …
2026-07-01 18:40:26.073 | INFO     | pycaalp.time_balancing.model:run_mip:430 - Running MIP solver ...
      obj=0.895 (vs_full=+3.72%)  alpha=731.8s  build=0.001s solve=0.034s  vs_full=-2.05%
  [3c] Subgraph / combined k=1 …
2026-07-01 18:40:26.107 | INFO     | pycaalp.time_balancing.model:run_mip:430 - Running MIP solver ...
      obj=0.895 (vs_full=+3.72%)  alpha=731.8s  build=0.002s solve=0.436s  vs_full=-2.05%
  [3d] Subgraph / blended  k=1 …
2026-07-01 18:40:26.543 | INFO     | pycaalp.time_balancing.model:run_mip:430 - Running MIP solver ...
      obj=0.877 (vs_full=+1.61%)  alpha=722.4s  build=0.001s solve=0.041s  vs_full=-3.31%
  [3e] Subgraph / bl-union k=1 …
2026-07-01 18:40:26.584 | INFO     | pycaalp.time_balancing.model:run_mip:430 - Running MIP solver ...
      obj=0.863 (vs_full=+0.03%)  alpha=747.1s  build=0.011s solve=0.367s  vs_full=+0.00%
  [3f] Subgraph / diverse  k=1 …
2026-07-01 18:40:26.952 | INFO     | pycaalp.time_balancing.model:run_mip:430 - Running MIP solver ...
      obj=0.877 (vs_full=+1.61%)  alpha=722.4s  build=0.004s solve=0.034s  vs_full=-3.31%

k = 2
  Subgraph edges — edge_w: 15 (1.4%)  bal_w: 15 (1.4%)  combined: 30 (2.7%)  blended: 15 (1.4%)  blended_union: 42 (3.8%)  diverse: 26 (2.4%)
  [3a] Subgraph / edge_w   k=2 …
2026-07-01 18:40:27.030 | INFO     | pycaalp.time_balancing.model:run_mip:430 - Running MIP solver ...
      obj=0.901 (vs_full=+4.45%)  alpha=788.3s  build=0.004s solve=0.169s  vs_full=+5.52%
  [3b] Subgraph / bal_w    k=2 …
2026-07-01 18:40:27.199 | INFO     | pycaalp.time_balancing.model:run_mip:430 - Running MIP solver ...
      obj=0.894 (vs_full=+3.56%)  alpha=731.8s  build=0.005s solve=0.056s  vs_full=-2.05%
  [3c] Subgraph / combined k=2 …
2026-07-01 18:40:27.255 | INFO     | pycaalp.time_balancing.model:run_mip:430 - Running MIP solver ...
      obj=0.894 (vs_full=+3.56%)  alpha=731.8s  build=0.009s solve=0.155s  vs_full=-2.05%
  [3d] Subgraph / blended  k=2 …
2026-07-01 18:40:27.410 | INFO     | pycaalp.time_balancing.model:run_mip:430 - Running MIP solver ...
      obj=0.877 (vs_full=+1.61%)  alpha=722.4s  build=0.003s solve=0.080s  vs_full=-3.31%
  [3e] Subgraph / bl-union k=2 …
2026-07-01 18:40:27.489 | INFO     | pycaalp.time_balancing.model:run_mip:430 - Running MIP solver ...
      obj=0.863 (vs_full=+0.03%)  alpha=747.1s  build=0.019s solve=0.325s  vs_full=+0.00%
  [3f] Subgraph / diverse  k=2 …
2026-07-01 18:40:27.815 | INFO     | pycaalp.time_balancing.model:run_mip:430 - Running MIP solver ...
      obj=0.877 (vs_full=+1.61%)  alpha=722.4s  build=0.004s solve=0.146s  vs_full=-3.31%

k = 5
  Subgraph edges — edge_w: 21 (1.9%)  bal_w: 44 (4.0%)  combined: 65 (5.9%)  blended: 19 (1.7%)  blended_union: 60 (5.4%)  diverse: 65 (5.9%)
  [3a] Subgraph / edge_w   k=5 …
2026-07-01 18:40:28.129 | INFO     | pycaalp.time_balancing.model:run_mip:430 - Running MIP solver ...
      obj=0.901 (vs_full=+4.45%)  alpha=788.3s  build=0.013s solve=0.208s  vs_full=+5.52%
  [3b] Subgraph / bal_w    k=5 …
2026-07-01 18:40:28.337 | INFO     | pycaalp.time_balancing.model:run_mip:430 - Running MIP solver ...
      obj=0.894 (vs_full=+3.56%)  alpha=731.8s  build=0.017s solve=0.587s  vs_full=-2.05%
  [3c] Subgraph / combined k=5 …
2026-07-01 18:40:28.923 | INFO     | pycaalp.time_balancing.model:run_mip:430 - Running MIP solver ...
      obj=0.894 (vs_full=+3.56%)  alpha=731.8s  build=0.036s solve=0.240s  vs_full=-2.05%
  [3d] Subgraph / blended  k=5 …
2026-07-01 18:40:29.164 | INFO     | pycaalp.time_balancing.model:run_mip:430 - Running MIP solver ...
      obj=0.877 (vs_full=+1.61%)  alpha=722.4s  build=0.021s solve=0.078s  vs_full=-3.31%
  [3e] Subgraph / bl-union k=5 …
2026-07-01 18:40:29.241 | INFO     | pycaalp.time_balancing.model:run_mip:430 - Running MIP solver ...
      obj=0.863 (vs_full=+0.03%)  alpha=747.1s  build=0.071s solve=0.282s  vs_full=+0.00%
  [3f] Subgraph / diverse  k=5 …
2026-07-01 18:40:29.523 | INFO     | pycaalp.time_balancing.model:run_mip:430 - Running MIP solver ...
      obj=0.877 (vs_full=+1.61%)  alpha=722.4s  build=0.011s solve=0.325s  vs_full=-3.31%

k = 10
  Subgraph edges — edge_w: 24 (2.2%)  bal_w: 57 (5.2%)  combined: 81 (7.3%)  blended: 28 (2.5%)  blended_union: 75 (6.8%)  diverse: 126 (11.4%)
  [3a] Subgraph / edge_w   k=10 …
2026-07-01 18:40:30.172 | INFO     | pycaalp.time_balancing.model:run_mip:430 - Running MIP solver ...
      obj=0.901 (vs_full=+4.45%)  alpha=788.3s  build=0.037s solve=0.273s  vs_full=+5.52%
  [3b] Subgraph / bal_w    k=10 …
2026-07-01 18:40:30.445 | INFO     | pycaalp.time_balancing.model:run_mip:430 - Running MIP solver ...
      obj=0.893 (vs_full=+3.53%)  alpha=731.8s  build=0.053s solve=0.230s  vs_full=-2.05%
  [3c] Subgraph / combined k=10 …
2026-07-01 18:40:30.675 | INFO     | pycaalp.time_balancing.model:run_mip:430 - Running MIP solver ...
      obj=0.893 (vs_full=+3.53%)  alpha=731.8s  build=0.073s solve=0.353s  vs_full=-2.05%
  [3d] Subgraph / blended  k=10 …
2026-07-01 18:40:31.028 | INFO     | pycaalp.time_balancing.model:run_mip:430 - Running MIP solver ...
      obj=0.877 (vs_full=+1.61%)  alpha=722.4s  build=0.022s solve=0.153s  vs_full=-3.31%
  [3e] Subgraph / bl-union k=10 …
2026-07-01 18:40:31.181 | INFO     | pycaalp.time_balancing.model:run_mip:430 - Running MIP solver ...
      obj=0.863 (vs_full=+0.03%)  alpha=747.1s  build=0.131s solve=0.515s  vs_full=+0.00%
  [3f] Subgraph / diverse  k=10 …
2026-07-01 18:40:31.696 | INFO     | pycaalp.time_balancing.model:run_mip:430 - Running MIP solver ...
      obj=0.868 (vs_full=+0.56%)  alpha=747.1s  build=0.008s solve=0.281s  vs_full=+0.00%

k = 20
  Subgraph edges — edge_w: 35 (3.2%)  bal_w: 73 (6.6%)  combined: 107 (9.7%)  blended: 33 (3.0%)  blended_union: 93 (8.4%)  diverse: 239 (21.6%)
  [3a] Subgraph / edge_w   k=20 …
2026-07-01 18:40:32.574 | INFO     | pycaalp.time_balancing.model:run_mip:430 - Running MIP solver ...
      obj=0.901 (vs_full=+4.45%)  alpha=788.3s  build=0.062s solve=0.211s  vs_full=+5.52%
  [3b] Subgraph / bal_w    k=20 …
2026-07-01 18:40:32.785 | INFO     | pycaalp.time_balancing.model:run_mip:430 - Running MIP solver ...
      obj=0.886 (vs_full=+2.64%)  alpha=731.8s  build=0.092s solve=0.342s  vs_full=-2.05%
  [3c] Subgraph / combined k=20 …
2026-07-01 18:40:33.127 | INFO     | pycaalp.time_balancing.model:run_mip:430 - Running MIP solver ...
      obj=0.876 (vs_full=+1.54%)  alpha=754.4s  build=0.188s solve=0.325s  vs_full=+0.98%
  [3d] Subgraph / blended  k=20 …
2026-07-01 18:40:33.452 | INFO     | pycaalp.time_balancing.model:run_mip:430 - Running MIP solver ...
      obj=0.877 (vs_full=+1.61%)  alpha=722.4s  build=0.054s solve=0.253s  vs_full=-3.31%
  [3e] Subgraph / bl-union k=20 …
2026-07-01 18:40:33.705 | INFO     | pycaalp.time_balancing.model:run_mip:430 - Running MIP solver ...
      obj=0.863 (vs_full=+0.03%)  alpha=747.1s  build=0.188s solve=0.399s  vs_full=+0.00%
  [3f] Subgraph / diverse  k=20 …
2026-07-01 18:40:34.104 | INFO     | pycaalp.time_balancing.model:run_mip:430 - Running MIP solver ...
      obj=0.864 (vs_full=+0.11%)  alpha=747.1s  build=0.012s solve=1.153s  vs_full=+0.00%

k = 50
  Subgraph edges — edge_w: 54 (4.9%)  bal_w: 141 (12.8%)  combined: 190 (17.2%)  blended: 37 (3.3%)  blended_union: 146 (13.2%)  diverse: 505 (45.7%)
  [3a] Subgraph / edge_w   k=50 …
2026-07-01 18:40:36.734 | INFO     | pycaalp.time_balancing.model:run_mip:430 - Running MIP solver ...
      obj=0.894 (vs_full=+3.63%)  alpha=780.8s  build=0.170s solve=0.617s  vs_full=+4.51%
  [3b] Subgraph / bal_w    k=50 …
2026-07-01 18:40:37.351 | INFO     | pycaalp.time_balancing.model:run_mip:430 - Running MIP solver ...
      obj=0.880 (vs_full=+1.98%)  alpha=731.8s  build=0.203s solve=1.056s  vs_full=-2.05%
  [3c] Subgraph / combined k=50 …
2026-07-01 18:40:38.407 | INFO     | pycaalp.time_balancing.model:run_mip:430 - Running MIP solver ...
      obj=0.876 (vs_full=+1.53%)  alpha=754.4s  build=0.384s solve=1.483s  vs_full=+0.98%
  [3d] Subgraph / blended  k=50 …
2026-07-01 18:40:39.890 | INFO     | pycaalp.time_balancing.model:run_mip:430 - Running MIP solver ...
      obj=0.877 (vs_full=+1.61%)  alpha=722.4s  build=0.150s solve=0.297s  vs_full=-3.31%
  [3e] Subgraph / bl-union k=50 …
2026-07-01 18:40:40.187 | INFO     | pycaalp.time_balancing.model:run_mip:430 - Running MIP solver ...
      obj=0.863 (vs_full=+0.03%)  alpha=747.1s  build=0.539s solve=0.665s  vs_full=+0.00%
  [3f] Subgraph / diverse  k=50 …
2026-07-01 18:40:40.852 | INFO     | pycaalp.time_balancing.model:run_mip:430 - Running MIP solver ...
      obj=0.864 (vs_full=+0.10%)  alpha=747.1s  build=0.030s solve=8.388s  vs_full=+0.00%

k = 100
  Subgraph edges — edge_w: 78 (7.1%)  bal_w: 189 (17.1%)  combined: 257 (23.3%)  blended: 54 (4.9%)  blended_union: 190 (17.2%)  diverse: 743 (67.2%)
  [3a] Subgraph / edge_w   k=100 …
2026-07-01 18:40:52.053 | INFO     | pycaalp.time_balancing.model:run_mip:430 - Running MIP solver ...
      obj=0.894 (vs_full=+3.63%)  alpha=780.8s  build=0.291s solve=0.522s  vs_full=+4.51%
  [3b] Subgraph / bal_w    k=100 …
2026-07-01 18:40:52.575 | INFO     | pycaalp.time_balancing.model:run_mip:430 - Running MIP solver ...
      obj=0.880 (vs_full=+1.98%)  alpha=731.8s  build=0.426s solve=1.003s  vs_full=-2.05%
  [3c] Subgraph / combined k=100 …
2026-07-01 18:40:53.579 | INFO     | pycaalp.time_balancing.model:run_mip:430 - Running MIP solver ...
      obj=0.875 (vs_full=+1.39%)  alpha=731.8s  build=0.675s solve=2.359s  vs_full=-2.05%
  [3d] Subgraph / blended  k=100 …
2026-07-01 18:40:55.938 | INFO     | pycaalp.time_balancing.model:run_mip:430 - Running MIP solver ...
      obj=0.877 (vs_full=+1.61%)  alpha=722.4s  build=0.341s solve=0.435s  vs_full=-3.31%
  [3e] Subgraph / bl-union k=100 …
2026-07-01 18:40:56.372 | INFO     | pycaalp.time_balancing.model:run_mip:430 - Running MIP solver ...
      obj=0.863 (vs_full=+0.03%)  alpha=747.1s  build=0.998s solve=1.548s  vs_full=+0.00%
  [3f] Subgraph / diverse  k=100 …
2026-07-01 18:40:57.920 | INFO     | pycaalp.time_balancing.model:run_mip:430 - Running MIP solver ...
      obj=0.864 (vs_full=+0.10%)  alpha=747.1s  build=0.081s solve=46.764s  vs_full=+0.00%

k = 200
  Subgraph edges — edge_w: 95 (8.6%)  bal_w: 258 (23.3%)  combined: 339 (30.7%)  blended: 69 (6.2%)  blended_union: 203 (18.4%)  diverse: 912 (82.5%)
  [3a] Subgraph / edge_w   k=200 …
2026-07-01 18:41:49.554 | INFO     | pycaalp.time_balancing.model:run_mip:430 - Running MIP solver ...
      obj=0.894 (vs_full=+3.63%)  alpha=780.8s  build=0.568s solve=0.489s  vs_full=+4.51%
  [3b] Subgraph / bal_w    k=200 …
2026-07-01 18:41:50.043 | INFO     | pycaalp.time_balancing.model:run_mip:430 - Running MIP solver ...
      obj=0.880 (vs_full=+1.98%)  alpha=731.8s  build=0.708s solve=1.696s  vs_full=-2.05%
  [3c] Subgraph / combined k=200 …
2026-07-01 18:41:51.739 | INFO     | pycaalp.time_balancing.model:run_mip:430 - Running MIP solver ...
      obj=0.866 (vs_full=+0.30%)  alpha=747.1s  build=1.262s solve=3.445s  vs_full=+0.00%
  [3d] Subgraph / blended  k=200 …
2026-07-01 18:41:55.184 | INFO     | pycaalp.time_balancing.model:run_mip:430 - Running MIP solver ...
      obj=0.877 (vs_full=+1.61%)  alpha=722.4s  build=0.488s solve=0.449s  vs_full=-3.31%
  [3e] Subgraph / bl-union k=200 …
2026-07-01 18:41:55.633 | INFO     | pycaalp.time_balancing.model:run_mip:430 - Running MIP solver ...
      obj=0.863 (vs_full=+0.03%)  alpha=747.1s  build=1.717s solve=1.353s  vs_full=+0.00%
  [3f] Subgraph / diverse  k=200 …
2026-07-01 18:41:56.986 | INFO     | pycaalp.time_balancing.model:run_mip:430 - Running MIP solver ...
      obj=0.864 (vs_full=+0.07%)  alpha=747.1s  build=0.127s solve=45.694s  vs_full=+0.00%

k = 500
  Subgraph edges — edge_w: 108 (9.8%)  bal_w: 399 (36.1%)  combined: 459 (41.5%)  blended: 70 (6.3%)  blended_union: 247 (22.4%)  diverse: 1045 (94.6%)
  [3a] Subgraph / edge_w   k=500 …
2026-07-01 18:42:53.616 | INFO     | pycaalp.time_balancing.model:run_mip:430 - Running MIP solver ...
      obj=0.894 (vs_full=+3.63%)  alpha=780.8s  build=1.164s solve=0.543s  vs_full=+4.51%
  [3b] Subgraph / bal_w    k=500 …
2026-07-01 18:42:54.159 | INFO     | pycaalp.time_balancing.model:run_mip:430 - Running MIP solver ...
      obj=0.875 (vs_full=+1.40%)  alpha=731.8s  build=1.390s solve=6.404s  vs_full=-2.05%
  [3c] Subgraph / combined k=500 …
2026-07-01 18:43:00.562 | INFO     | pycaalp.time_balancing.model:run_mip:430 - Running MIP solver ...
      obj=0.866 (vs_full=+0.30%)  alpha=747.1s  build=2.733s solve=9.853s  vs_full=+0.00%
  [3d] Subgraph / blended  k=500 …
2026-07-01 18:43:10.415 | INFO     | pycaalp.time_balancing.model:run_mip:430 - Running MIP solver ...
      obj=0.877 (vs_full=+1.61%)  alpha=722.4s  build=1.181s solve=0.172s  vs_full=-3.31%
  [3e] Subgraph / bl-union k=500 …
2026-07-01 18:43:10.587 | INFO     | pycaalp.time_balancing.model:run_mip:430 - Running MIP solver ...
      obj=0.863 (vs_full=+0.03%)  alpha=747.1s  build=4.130s solve=1.335s  vs_full=+0.00%
  [3f] Subgraph / diverse  k=500 …
2026-07-01 18:43:11.922 | INFO     | pycaalp.time_balancing.model:run_mip:430 - Running MIP solver ...
      obj=0.863 (vs_full=+0.00%)  alpha=747.1s  build=0.336s solve=66.910s  vs_full=+0.00%

k = 1000
  Subgraph edges — edge_w: 142 (12.9%)  bal_w: 500 (45.2%)  combined: 578 (52.3%)  blended: 72 (6.5%)  blended_union: 284 (25.7%)  diverse: 1096 (99.2%)
  [3a] Subgraph / edge_w   k=1000 …
2026-07-01 18:44:37.230 | INFO     | pycaalp.time_balancing.model:run_mip:430 - Running MIP solver ...
      obj=0.863 (vs_full=+0.00%)  alpha=747.1s  build=2.014s solve=0.429s  vs_full=+0.00%
  [3b] Subgraph / bal_w    k=1000 …
2026-07-01 18:44:37.659 | INFO     | pycaalp.time_balancing.model:run_mip:430 - Running MIP solver ...
      obj=0.875 (vs_full=+1.40%)  alpha=731.8s  build=2.497s solve=6.506s  vs_full=-2.05%
  [3c] Subgraph / combined k=1000 …
2026-07-01 18:44:44.165 | INFO     | pycaalp.time_balancing.model:run_mip:430 - Running MIP solver ...
      obj=0.863 (vs_full=+0.00%)  alpha=747.1s  build=4.419s solve=9.334s  vs_full=+0.00%
  [3d] Subgraph / blended  k=1000 …
2026-07-01 18:44:53.499 | INFO     | pycaalp.time_balancing.model:run_mip:430 - Running MIP solver ...
      obj=0.877 (vs_full=+1.61%)  alpha=722.4s  build=2.149s solve=0.344s  vs_full=-3.31%
  [3e] Subgraph / bl-union k=1000 …
2026-07-01 18:44:53.844 | INFO     | pycaalp.time_balancing.model:run_mip:430 - Running MIP solver ...
      obj=0.863 (vs_full=+0.00%)  alpha=747.1s  build=6.709s solve=1.552s  vs_full=+0.00%
  [3f] Subgraph / diverse  k=1000 …
2026-07-01 18:44:55.396 | INFO     | pycaalp.time_balancing.model:run_mip:430 - Running MIP solver ...
      obj=0.863 (vs_full=+0.00%)  alpha=747.1s  build=0.610s solve=52.770s  vs_full=+0.00%

k = 2000
  Subgraph edges — edge_w: 185 (16.7%)  bal_w: 630 (57.0%)  combined: 685 (62.0%)  blended: 131 (11.9%)  blended_union: 335 (30.3%)  diverse: 1105 (100.0%)
  [3a] Subgraph / edge_w   k=2000 …
2026-07-01 18:46:28.674 | INFO     | pycaalp.time_balancing.model:run_mip:430 - Running MIP solver ...
      obj=0.863 (vs_full=-0.00%)  alpha=747.1s  build=4.790s solve=0.615s  vs_full=+0.00%
  [3b] Subgraph / bal_w    k=2000 …
2026-07-01 18:46:29.289 | INFO     | pycaalp.time_balancing.model:run_mip:430 - Running MIP solver ...
      obj=0.875 (vs_full=+1.39%)  alpha=731.8s  build=4.772s solve=17.308s  vs_full=-2.05%
  [3c] Subgraph / combined k=2000 …
2026-07-01 18:46:46.597 | INFO     | pycaalp.time_balancing.model:run_mip:430 - Running MIP solver ...
      obj=0.863 (vs_full=+0.00%)  alpha=747.1s  build=9.372s solve=15.694s  vs_full=+0.00%
  [3d] Subgraph / blended  k=2000 …
2026-07-01 18:47:02.291 | INFO     | pycaalp.time_balancing.model:run_mip:430 - Running MIP solver ...
      obj=0.877 (vs_full=+1.61%)  alpha=722.4s  build=5.365s solve=0.288s  vs_full=-3.31%
  [3e] Subgraph / bl-union k=2000 …
2026-07-01 18:47:02.579 | INFO     | pycaalp.time_balancing.model:run_mip:430 - Running MIP solver ...
      obj=0.863 (vs_full=+0.00%)  alpha=747.1s  build=14.980s solve=2.586s  vs_full=+0.00%
  [3f] Subgraph / diverse  k=2000 …
2026-07-01 18:47:05.165 | INFO     | pycaalp.time_balancing.model:run_mip:430 - Running MIP solver ...
      obj=0.863 (vs_full=+0.00%)  alpha=747.1s  build=1.229s solve=85.711s  vs_full=+0.00%

k = 5000
  Subgraph edges — edge_w: 232 (21.0%)  bal_w: 799 (72.3%)  combined: 830 (75.1%)  blended: 152 (13.8%)  blended_union: 355 (32.1%)  diverse: 1105 (100.0%)
  [3a] Subgraph / edge_w   k=5000 …
2026-07-01 18:51:00.546 | INFO     | pycaalp.time_balancing.model:run_mip:430 - Running MIP solver ...
      obj=0.863 (vs_full=+0.00%)  alpha=747.1s  build=18.220s solve=0.950s  vs_full=+0.00%
  [3b] Subgraph / bal_w    k=5000 …
2026-07-01 18:51:01.496 | INFO     | pycaalp.time_balancing.model:run_mip:430 - Running MIP solver ...
      obj=0.875 (vs_full=+1.39%)  alpha=731.8s  build=17.237s solve=47.432s  vs_full=-2.05%
  [3c] Subgraph / combined k=5000 …
2026-07-01 18:51:48.928 | INFO     | pycaalp.time_balancing.model:run_mip:430 - Running MIP solver ...
      obj=0.863 (vs_full=+0.00%)  alpha=747.1s  build=35.283s solve=35.485s  vs_full=+0.00%
  [3d] Subgraph / blended  k=5000 …
2026-07-01 18:52:24.414 | INFO     | pycaalp.time_balancing.model:run_mip:430 - Running MIP solver ...
      obj=0.877 (vs_full=+1.61%)  alpha=722.4s  build=20.235s solve=0.541s  vs_full=-3.31%
  [3e] Subgraph / bl-union k=5000 …
2026-07-01 18:52:24.954 | INFO     | pycaalp.time_balancing.model:run_mip:430 - Running MIP solver ...
      obj=0.863 (vs_full=+0.00%)  alpha=747.1s  build=55.815s solve=3.349s  vs_full=+0.00%
  [3f] Subgraph / diverse  k=5000 …
2026-07-01 18:52:28.304 | INFO     | pycaalp.time_balancing.model:run_mip:430 - Running MIP solver ...
      obj=0.863 (vs_full=+0.00%)  alpha=747.1s  build=2.881s solve=72.699s  vs_full=+0.00%

Results saved to experiments/strategy_comparison/assembly_1_np_3/strategy_comparison_lambda_0.85.csv
Plot with:  python -m experiments.strategy_comparison.plot_k_sensitivity

============================================================================================================================
SUMMARY — assembly_1  P=3  λ=0.85
============================================================================================================================
Strategy       Weight                      k   Build    Solve    Total  Spdup       Obj   ObjvsF     Alpha    AlvsF   Edges  %Grph
----------------------------------------------------------------------------------------------------------------------------
full_mip       —                               0.000  146.905  146.905   1.0x     0.863    +0.00    747.12    +0.00    1105  100.0
subgraph_mip   edge_weight                 1   0.002    0.026    0.028 5293.1x     0.905    +4.86    792.00    +6.01      13    1.2
subgraph_mip   time_balanced_weight        1   0.001    0.034    0.035 4191.2x     0.895    +3.72    731.84    -2.05      13    1.2
subgraph_mip   combined                    1   0.002    0.436    0.437 335.8x     0.895    +3.72    731.84    -2.05      26    2.4
subgraph_mip   blended                     1   0.001    0.041    0.042 3520.2x     0.877    +1.61    722.42    -3.31      13    1.2
subgraph_mip   blended_union               1   0.011    0.367    0.378 388.4x     0.863    +0.03    747.12    +0.00      37    3.4
subgraph_mip   diverse                     1   0.004    0.034    0.037 3918.3x     0.877    +1.61    722.42    -3.31      13    1.2
subgraph_mip   edge_weight                 2   0.004    0.169    0.173 850.7x     0.901    +4.45    788.33    +5.52      15    1.4
subgraph_mip   time_balanced_weight        2   0.005    0.056    0.061 2417.8x     0.894    +3.56    731.84    -2.05      15    1.4
subgraph_mip   combined                    2   0.009    0.155    0.164 897.4x     0.894    +3.56    731.84    -2.05      30    2.7
subgraph_mip   blended                     2   0.003    0.080    0.083 1774.9x     0.877    +1.61    722.42    -3.31      15    1.4
subgraph_mip   blended_union               2   0.019    0.325    0.344 427.4x     0.863    +0.03    747.12    +0.00      42    3.8
subgraph_mip   diverse                     2   0.004    0.146    0.150 979.4x     0.877    +1.61    722.42    -3.31      26    2.4
subgraph_mip   edge_weight                 5   0.013    0.208    0.220 667.2x     0.901    +4.45    788.33    +5.52      21    1.9
subgraph_mip   time_balanced_weight        5   0.017    0.587    0.604 243.3x     0.894    +3.56    731.84    -2.05      44    4.0
subgraph_mip   combined                    5   0.036    0.240    0.276 531.7x     0.894    +3.56    731.84    -2.05      65    5.9
subgraph_mip   blended                     5   0.021    0.078    0.098 1493.4x     0.877    +1.61    722.42    -3.31      19    1.7
subgraph_mip   blended_union               5   0.071    0.282    0.353 416.0x     0.863    +0.03    747.12    +0.00      60    5.4
subgraph_mip   diverse                     5   0.011    0.325    0.335 438.2x     0.877    +1.61    722.42    -3.31      65    5.9
subgraph_mip   edge_weight                10   0.037    0.273    0.310 474.0x     0.901    +4.45    788.33    +5.52      24    2.2
subgraph_mip   time_balanced_weight       10   0.053    0.230    0.283 519.6x     0.893    +3.53    731.84    -2.05      57    5.2
subgraph_mip   combined                   10   0.073    0.353    0.426 345.2x     0.893    +3.53    731.84    -2.05      81    7.3
subgraph_mip   blended                    10   0.022    0.153    0.175 841.2x     0.877    +1.61    722.42    -3.31      28    2.5
subgraph_mip   blended_union              10   0.131    0.515    0.646 227.4x     0.863    +0.03    747.12    +0.00      75    6.8
subgraph_mip   diverse                    10   0.008    0.281    0.289 508.2x     0.868    +0.56    747.12    +0.00     126   11.4
subgraph_mip   edge_weight                20   0.062    0.211    0.273 537.7x     0.901    +4.45    788.33    +5.52      35    3.2
subgraph_mip   time_balanced_weight       20   0.092    0.342    0.435 338.0x     0.886    +2.64    731.84    -2.05      73    6.6
subgraph_mip   combined                   20   0.188    0.325    0.513 286.3x     0.876    +1.54    754.42    +0.98     107    9.7
subgraph_mip   blended                    20   0.054    0.253    0.306 479.8x     0.877    +1.61    722.42    -3.31      33    3.0
subgraph_mip   blended_union              20   0.188    0.399    0.588 249.9x     0.863    +0.03    747.12    +0.00      93    8.4
subgraph_mip   diverse                    20   0.012    1.153    1.165 126.1x     0.864    +0.11    747.12    +0.00     239   21.6
subgraph_mip   edge_weight                50   0.170    0.617    0.787 186.6x     0.894    +3.63    780.81    +4.51      54    4.9
subgraph_mip   time_balanced_weight       50   0.203    1.056    1.258 116.7x     0.880    +1.98    731.84    -2.05     141   12.8
subgraph_mip   combined                   50   0.384    1.483    1.867  78.7x     0.876    +1.53    754.42    +0.98     190   17.2
subgraph_mip   blended                    50   0.150    0.297    0.447 328.9x     0.877    +1.61    722.42    -3.31      37    3.4
subgraph_mip   blended_union              50   0.539    0.665    1.204 122.0x     0.863    +0.03    747.12    +0.00     146   13.2
subgraph_mip   diverse                    50   0.030    8.388    8.418  17.4x     0.864    +0.10    747.12    +0.00     505   45.7
subgraph_mip   edge_weight               100   0.291    0.522    0.813 180.8x     0.894    +3.63    780.81    +4.51      78    7.1
subgraph_mip   time_balanced_weight      100   0.426    1.003    1.429 102.8x     0.880    +1.98    731.84    -2.05     189   17.1
subgraph_mip   combined                  100   0.675    2.359    3.034  48.4x     0.875    +1.39    731.84    -2.05     257   23.3
subgraph_mip   blended                   100   0.341    0.435    0.776 189.4x     0.877    +1.61    722.42    -3.31      54    4.9
subgraph_mip   blended_union             100   0.998    1.548    2.545  57.7x     0.863    +0.03    747.12    +0.00     190   17.2
subgraph_mip   diverse                   100   0.081   46.764   46.845   3.1x     0.864    +0.10    747.12    +0.00     743   67.2
subgraph_mip   edge_weight               200   0.568    0.489    1.058 138.9x     0.894    +3.63    780.81    +4.51      95    8.6
subgraph_mip   time_balanced_weight      200   0.708    1.696    2.403  61.1x     0.880    +1.98    731.84    -2.05     258   23.4
subgraph_mip   combined                  200   1.262    3.445    4.707  31.2x     0.866    +0.30    747.12    +0.00     339   30.7
subgraph_mip   blended                   200   0.488    0.449    0.938 156.7x     0.877    +1.61    722.42    -3.31      69    6.2
subgraph_mip   blended_union             200   1.717    1.353    3.069  47.9x     0.863    +0.03    747.12    +0.00     203   18.4
subgraph_mip   diverse                   200   0.127   45.694   45.821   3.2x     0.864    +0.07    747.12    +0.00     912   82.5
subgraph_mip   edge_weight               500   1.164    0.543    1.707  86.1x     0.894    +3.63    780.81    +4.51     108    9.8
subgraph_mip   time_balanced_weight      500   1.390    6.404    7.794  18.9x     0.875    +1.40    731.84    -2.05     399   36.1
subgraph_mip   combined                  500   2.733    9.853   12.586  11.7x     0.866    +0.30    747.12    +0.00     459   41.5
subgraph_mip   blended                   500   1.181    0.172    1.353 108.6x     0.877    +1.61    722.42    -3.31      70    6.3
subgraph_mip   blended_union             500   4.130    1.335    5.464  26.9x     0.863    +0.03    747.12    +0.00     247   22.4
subgraph_mip   diverse                   500   0.336   66.910   67.246   2.2x     0.863    +0.00    747.12    +0.00    1045   94.6
subgraph_mip   edge_weight              1000   2.014    0.429    2.443  60.1x     0.863    +0.00    747.12    +0.00     142   12.8
subgraph_mip   time_balanced_weight     1000   2.497    6.506    9.003  16.3x     0.875    +1.40    731.84    -2.05     500   45.2
subgraph_mip   combined                 1000   4.419    9.334   13.753  10.7x     0.863    +0.00    747.12    +0.00     578   52.3
subgraph_mip   blended                  1000   2.149    0.344    2.493  58.9x     0.877    +1.61    722.42    -3.31      72    6.5
subgraph_mip   blended_union            1000   6.709    1.552    8.261  17.8x     0.863    +0.00    747.12    +0.00     284   25.7
subgraph_mip   diverse                  1000   0.610   52.770   53.380   2.8x     0.863    +0.00    747.12    +0.00    1096   99.2
subgraph_mip   edge_weight              2000   4.790    0.615    5.405  27.2x     0.863    -0.00    747.12    +0.00     185   16.7
subgraph_mip   time_balanced_weight     2000   4.772   17.308   22.080   6.7x     0.875    +1.39    731.84    -2.05     630   57.0
subgraph_mip   combined                 2000   9.372   15.694   25.066   5.9x     0.863    +0.00    747.12    +0.00     685   62.0
subgraph_mip   blended                  2000   5.365    0.288    5.653  26.0x     0.877    +1.61    722.42    -3.31     131   11.9
subgraph_mip   blended_union            2000  14.980    2.586   17.566   8.4x     0.863    +0.00    747.12    +0.00     335   30.3
subgraph_mip   diverse                  2000   1.229   85.711   86.940   1.7x     0.863    +0.00    747.12    +0.00    1105  100.0
subgraph_mip   edge_weight              5000  18.220    0.950   19.170   7.7x     0.863    +0.00    747.12    +0.00     232   21.0
subgraph_mip   time_balanced_weight     5000  17.237   47.432   64.669   2.3x     0.875    +1.39    731.84    -2.05     799   72.3
subgraph_mip   combined                 5000  35.283   35.485   70.768   2.1x     0.863    +0.00    747.12    +0.00     830   75.1
subgraph_mip   blended                  5000  20.235    0.541   20.775   7.1x     0.877    +1.61    722.42    -3.31     152   13.8
subgraph_mip   blended_union            5000  55.815    3.349   59.164   2.5x     0.863    +0.00    747.12    +0.00     355   32.1
subgraph_mip   diverse                  5000   2.881   72.699   75.579   1.9x     0.863    +0.00    747.12    +0.00    1105  100.0
============================================================================================================================

----------------- λ = 0.9 -----------------
========================================================================
Strategy Comparison Experiment — assembly_1  P=3  λ=0.9
========================================================================

Building assembly digraph …
2026-07-01 18:38:01.327 | INFO     | pycaalp.gapp.assembly_digraph:compute_assembly_digraph_complete:395 - Computing assembly digraph...
  343 nodes, 1105 edges  (0.4s)

[1] Full MIP  P=3  λ=0.9
2026-07-01 18:38:01.765 | INFO     | pycaalp.time_balancing.model:run_mip:430 - Running MIP solver ...
presolving:
(round 1, fast)       2 del vars, 2 del conss, 0 add conss, 0 chg bounds, 0 chg sides, 0 chg coeffs, 0 upgd conss, 0 impls, 69 clqs, 0 implints
(round 2, exhaustive) 2 del vars, 2 del conss, 0 add conss, 1 chg bounds, 0 chg sides, 0 chg coeffs, 3408 upgd conss, 0 impls, 69 clqs, 0 implints
   (0.3s) probing: 1000/1181 (84.7%) - 0 fixings, 0 aggregations, 131997 implications, 0 bound changes
   (0.3s) probing: 1001/1181 (84.8%) - 0 fixings, 0 aggregations, 132060 implications, 0 bound changes
   (0.3s) probing aborted: 1000/1000 successive useless probings
   (0.3s) symmetry computation started: requiring (bin +, int +, cont +), (fixed: bin -, int -, cont -)
   (0.3s) no symmetry present (symcode time: 0.00)
presolving (3 rounds: 3 fast, 2 medium, 2 exhaustive):
 2 deleted vars, 2 deleted constraints, 0 added constraints, 1 tightened bounds, 0 added holes, 0 changed sides, 0 changed coefficients
 0 implications, 12312 cliques, 0 implied integral variables (0 bin, 0 int, 0 cont)
presolved problem has 1182 variables (1181 bin, 0 int, 1 cont) and 3721 constraints
     69 constraints of type <setppc>
    313 constraints of type <linear>
   3339 constraints of type <logicor>
Presolving Time: 0.30

 time | node  | left  |LP iter|LP it/n|mem/heur|mdpt |vars |cons |rows |cuts |sepa|confs|strbr|  dualbound   | primalbound  |  gap   | compl. 
p 0.3s|     1 |     0 |     0 |     - | vbounds|   0 |1182 |3752 |3721 |   0 |  0 |  30 |   0 | 0.000000e+00 | 2.258909e+00 |    Inf | unknown
p 0.4s|     1 |     0 |    89 |     - | vbounds|   0 |1182 |3764 |3721 |   0 |  0 |  42 |   0 | 0.000000e+00 | 1.277783e+00 |    Inf | unknown
  0.4s|     1 |     0 |   381 |     - |    29M |   0 |1182 |3764 |3721 |   0 |  0 |  42 |   0 | 8.329273e-01 | 1.277783e+00 |  53.41%| unknown
  0.8s|     1 |     0 |   432 |     - |    31M |   0 |1182 |3765 |3724 |   3 |  1 |  43 |   0 | 8.329293e-01 | 1.277783e+00 |  53.41%| unknown
  1.2s|     1 |     0 |   458 |     - |    36M |   0 |1182 |3775 |3727 |   6 |  2 |  53 |   0 | 8.329316e-01 | 1.277783e+00 |  53.41%| unknown
  1.5s|     1 |     0 |   504 |     - |    43M |   0 |1182 |3776 |3729 |   8 |  3 |  54 |   0 | 8.329504e-01 | 1.277783e+00 |  53.40%| unknown
  2.1s|     1 |     0 |   527 |     - |    52M |   0 |1182 |3774 |3733 |  12 |  4 |  55 |   0 | 8.329504e-01 | 1.277783e+00 |  53.40%| unknown
  2.7s|     1 |     0 |   548 |     - |    59M |   0 |1182 |3774 |3735 |  14 |  5 |  55 |   0 | 8.329504e-01 | 1.277783e+00 |  53.40%| unknown
  3.2s|     1 |     0 |   553 |     - |    68M |   0 |1182 |3780 |3737 |  16 |  6 |  65 |   0 | 8.329504e-01 | 1.277783e+00 |  53.40%| unknown
  3.8s|     1 |     0 |   561 |     - |    79M |   0 |1182 |3786 |3738 |  17 |  7 |  73 |   0 | 8.329504e-01 | 1.277783e+00 |  53.40%| unknown
  4.2s|     1 |     0 |   572 |     - |    89M |   0 |1182 |3787 |3740 |  19 |  8 |  74 |   0 | 8.329504e-01 | 1.277783e+00 |  53.40%| unknown
  4.8s|     1 |     0 |   585 |     - |   100M |   0 |1182 |3784 |3742 |  21 |  9 |  74 |   0 | 8.329504e-01 | 1.277783e+00 |  53.40%| unknown
  5.3s|     1 |     0 |   597 |     - |   115M |   0 |1182 |3793 |3744 |  23 | 10 |  83 |   0 | 8.329504e-01 | 1.277783e+00 |  53.40%| unknown
  5.3s|     1 |     0 |   607 |     - |   115M |   0 |1182 |3795 |3747 |  26 | 11 |  85 |   0 | 8.329504e-01 | 1.277783e+00 |  53.40%| unknown
  5.4s|     1 |     0 |   620 |     - |   116M |   0 |1182 |3796 |3749 |  28 | 12 |  86 |   0 | 8.329504e-01 | 1.277783e+00 |  53.40%| unknown
 time | node  | left  |LP iter|LP it/n|mem/heur|mdpt |vars |cons |rows |cuts |sepa|confs|strbr|  dualbound   | primalbound  |  gap   | compl. 
  5.4s|     1 |     0 |   624 |     - |   116M |   0 |1182 |3798 |3751 |  30 | 13 |  88 |   0 | 8.329504e-01 | 1.277783e+00 |  53.40%| unknown
d 5.4s|     1 |     0 |   944 |     - |farkasdi|   0 |1182 |3805 |3751 |   0 | 14 |  96 |   0 | 8.329504e-01 | 9.447531e-01 |  13.42%| unknown
d 5.5s|     1 |     0 |  1384 |     - |conflict|   0 |1182 |3838 |3751 |   0 | 14 | 131 |   0 | 8.329504e-01 | 9.098653e-01 |   9.23%| unknown
  5.5s|     1 |     0 |  1386 |     - |   117M |   0 |1182 |3837 |3751 |  30 | 14 | 131 |   0 | 8.329504e-01 | 9.098653e-01 |   9.23%| unknown
  5.9s|     1 |     2 |  1386 |     - |   117M |   0 |1182 |3833 |3751 |  30 | 15 | 135 |  22 | 8.329513e-01 | 9.098653e-01 |   9.23%| unknown
r 9.4s|    44 |    15 |  3539 |  69.9 |shifting|  14 |1182 |4052 |3728 |  57 |  2 | 451 | 599 | 8.329513e-01 | 9.076896e-01 |   8.97%|   1.79%
* 9.6s|    44 |    15 |  3554 |  70.2 |strongbr|  14 |1182 |4051 |3729 |  58 |  3 | 451 | 603 | 8.329513e-01 | 9.076321e-01 |   8.97%|   1.79%
* 9.6s|    44 |    15 |  3554 |  70.2 |strongbr|  14 |1182 |4049 |3729 |  58 |  3 | 451 | 609 | 8.329513e-01 | 9.075125e-01 |   8.95%|   1.79%
* 9.8s|    44 |    15 |  3643 |  72.3 |    LP  |  14 |1182 |4057 |3733 |  62 |  8 | 465 | 623 | 8.329513e-01 | 9.074380e-01 |   8.94%|   1.79%
* 9.9s|    47 |    14 |  3665 |  68.0 |strongbr|  14 |1182 |4055 |3724 |  62 |  1 | 472 | 630 | 8.329513e-01 | 8.997348e-01 |   8.02%|   6.74%
* 9.9s|    48 |    15 |  3674 |  66.8 |strongbr|  14 |1182 |4053 |3724 |  62 |  1 | 472 | 633 | 8.329513e-01 | 8.996019e-01 |   8.00%|   6.74%
* 9.9s|    49 |    14 |  3679 |  65.5 |strongbr|  14 |1182 |4047 |3724 |  62 |  1 | 474 | 639 | 8.329513e-01 | 8.995740e-01 |   8.00%|   6.88%
*11.3s|    64 |    21 |  4276 |  59.4 |strongbr|  15 |1182 |4095 |3732 |  98 |  2 | 562 | 781 | 8.329513e-01 | 8.992399e-01 |   7.96%|   7.04%
 13.2s|   100 |    32 |  5360 |  48.7 |   150M |  17 |1182 |4180 |3724 | 126 |  1 | 742 |1110 | 8.329513e-01 | 8.992399e-01 |   7.96%|  11.09%
*17.7s|   159 |    54 |  8876 |  52.8 |strongbr|  17 |1182 |4271 |3726 | 204 |  2 |1022 |1796 | 8.329571e-01 | 8.728832e-01 |   4.79%|  12.00%
 time | node  | left  |LP iter|LP it/n|mem/heur|mdpt |vars |cons |rows |cuts |sepa|confs|strbr|  dualbound   | primalbound  |  gap   | compl. 
*17.7s|   159 |    54 |  8876 |  52.8 |strongbr|  17 |1182 |4271 |3726 | 204 |  2 |1022 |1797 | 8.329571e-01 | 8.728234e-01 |   4.79%|  12.00%
 25.3s|   200 |    67 | 11505 |  55.1 |   169M |  17 |1182 |4423 |3733 | 291 |  7 |1270 |2347 | 8.329613e-01 | 8.728234e-01 |   4.79%|  12.63%
 33.1s|   300 |    97 | 16986 |  55.0 |   170M |  17 |1182 |4741 |3724 | 475 |  1 |1734 |3082 | 8.329692e-01 | 8.728234e-01 |   4.78%|  15.71%
*36.1s|   344 |   108 | 19348 |  54.8 |    LP  |  17 |1182 |4818 |3733 | 570 |  1 |1881 |3215 | 8.329775e-01 | 8.666928e-01 |   4.05%|  16.03%
 39.4s|   400 |   116 | 22180 |  54.2 |   172M |  18 |1182 |4884 |3734 | 678 |  0 |2041 |3419 | 8.329775e-01 | 8.666928e-01 |   4.05%|  17.08%
 44.7s|   500 |   147 | 27512 |  54.1 |   174M |  18 |1182 |5028 |   0 | 884 |  0 |2405 |3767 | 8.329924e-01 | 8.666928e-01 |   4.05%|  18.60%
 49.3s|   600 |   185 | 32371 |  53.1 |   175M |  20 |1182 |5003 |3724 |1046 |  1 |2646 |4038 | 8.329961e-01 | 8.666928e-01 |   4.05%|  19.25%
 54.1s|   700 |   230 | 36879 |  52.0 |   175M |  20 |1182 |5025 |3728 |1209 |  1 |2864 |4287 | 8.330511e-01 | 8.666928e-01 |   4.04%|  21.04%
 61.4s|   800 |   263 | 42809 |  52.9 |   176M |  20 |1182 |5089 |3736 |1381 |  1 |3073 |4460 | 8.330650e-01 | 8.666928e-01 |   4.04%|  23.76%
 65.1s|   900 |   295 | 45859 |  50.4 |   177M |  20 |1182 |5161 |3737 |1495 |  2 |3250 |4530 | 8.331218e-01 | 8.666928e-01 |   4.03%|  24.18%
 68.5s|  1000 |   325 | 49595 |  49.1 |   178M |  20 |1182 |5184 |3728 |1639 |  1 |3478 |4637 | 8.331218e-01 | 8.666928e-01 |   4.03%|  28.73%
 72.0s|  1100 |   353 | 54478 |  49.1 |   179M |  20 |1182 |5253 |3729 |1803 |  1 |3731 |4704 | 8.331218e-01 | 8.666928e-01 |   4.03%|  29.08%
 81.0s|  1200 |   411 | 62922 |  52.0 |   190M |  20 |1182 |5252 |3754 |2172 | 13 |4044 |4819 | 8.332441e-01 | 8.666928e-01 |   4.01%|  32.17%
 88.2s|  1300 |   471 | 70631 |  54.0 |   204M |  20 |1182 |5478 |3729 |2471 |  0 |4542 |4939 | 8.332729e-01 | 8.666928e-01 |   4.01%|  33.37%
 93.4s|  1400 |   499 | 74607 |  52.9 |   207M |  20 |1182 |5519 |3731 |2625 |  1 |4851 |5043 | 8.332763e-01 | 8.666928e-01 |   4.01%|  34.56%
 time | node  | left  |LP iter|LP it/n|mem/heur|mdpt |vars |cons |rows |cuts |sepa|confs|strbr|  dualbound   | primalbound  |  gap   | compl. 
*96.2s|  1478 |   515 | 78031 |  52.5 |    LP  |  20 |1182 |5631 |3727 |2761 |  2 |5233 |5080 | 8.333163e-01 | 8.641988e-01 |   3.71%|  35.43%
 96.3s|  1500 |   519 | 78316 |  51.9 |   209M |  20 |1182 |5719 |   0 |2761 |  0 |5324 |5090 | 8.333163e-01 | 8.641988e-01 |   3.71%|  35.57%
  102s|  1600 |   540 | 84529 |  52.5 |   210M |  20 |1182 |5681 |3729 |2983 |  1 |5652 |5161 | 8.334148e-01 | 8.641988e-01 |   3.69%|  37.18%
  107s|  1700 |   579 | 89368 |  52.3 |   213M |  21 |1182 |5544 |3734 |3172 |  8 |5953 |5279 | 8.335377e-01 | 8.641988e-01 |   3.68%|  39.18%
  113s|  1800 |   616 | 95856 |  53.0 |   215M |  21 |1182 |5644 |3725 |3437 |  1 |6358 |5313 | 8.336714e-01 | 8.641988e-01 |   3.66%|  41.01%
  120s|  1900 |   664 |103562 |  54.3 |   217M |  22 |1182 |5515 |   0 |3731 |  0 |6688 |5400 | 8.338820e-01 | 8.641988e-01 |   3.64%|  42.58%
  126s|  2000 |   688 |109416 |  54.5 |   220M |  22 |1182 |5511 |3730 |3933 |  1 |7024 |5464 | 8.338820e-01 | 8.641988e-01 |   3.64%|  44.30%
  132s|  2100 |   717 |115588 |  54.8 |   221M |  22 |1182 |5538 |3730 |4184 |  5 |7429 |5558 | 8.340313e-01 | 8.641988e-01 |   3.62%|  45.46%
  137s|  2200 |   741 |120215 |  54.4 |   222M |  22 |1182 |5563 |3729 |4379 |  1 |7673 |5645 | 8.343305e-01 | 8.641988e-01 |   3.58%|  46.25%
  141s|  2300 |   753 |124550 |  53.9 |   227M |  22 |1182 |5572 |3744 |4587 |  8 |7958 |5748 | 8.345683e-01 | 8.641988e-01 |   3.55%|  48.02%
  143s|  2400 |   760 |127162 |  52.8 |   228M |  23 |1182 |5644 |   0 |4628 |  0 |8229 |5797 | 8.346071e-01 | 8.641988e-01 |   3.55%|  49.68%
  146s|  2500 |   778 |130366 |  52.0 |   230M |  23 |1182 |5680 |3730 |4771 |  1 |8547 |5866 | 8.347810e-01 | 8.641988e-01 |   3.52%|  50.55%
  148s|  2600 |   776 |133734 |  51.3 |   231M |  23 |1182 |5666 |3724 |4841 |  3 |8920 |5927 | 8.349728e-01 | 8.641988e-01 |   3.50%|  52.21%
  150s|  2700 |   804 |136774 |  50.5 |   231M |  23 |1182 |5754 |3736 |4929 |  0 |9186 |5943 | 8.349800e-01 | 8.641988e-01 |   3.50%|  53.05%
  151s|  2800 |   822 |139233 |  49.6 |   232M |  23 |1182 |5837 |3732 |4955 |  1 |9513 |5998 | 8.349975e-01 | 8.641988e-01 |   3.50%|  53.26%
 time | node  | left  |LP iter|LP it/n|mem/heur|mdpt |vars |cons |rows |cuts |sepa|confs|strbr|  dualbound   | primalbound  |  gap   | compl. 
  153s|  2900 |   825 |142723 |  49.0 |   232M |  23 |1182 |5769 |3735 |5056 | 10 |9836 |6075 | 8.350961e-01 | 8.641988e-01 |   3.48%|  54.34%
  155s|  3000 |   820 |145320 |  48.3 |   233M |  23 |1182 |5787 |3732 |5106 |  1 |  10k|6126 | 8.352287e-01 | 8.641988e-01 |   3.47%|  55.39%
  156s|  3100 |   809 |146902 |  47.2 |   233M |  23 |1182 |5817 |3739 |5127 |  1 |  10k|6167 | 8.352303e-01 | 8.641988e-01 |   3.47%|  56.36%
  157s|  3200 |   804 |150498 |  46.9 |   234M |  23 |1182 |5825 |   0 |5191 |  0 |  10k|6186 | 8.353896e-01 | 8.641988e-01 |   3.45%|  58.21%
  159s|  3300 |   794 |152864 |  46.2 |   234M |  23 |1182 |5969 |3730 |5275 |  0 |  10k|6224 | 8.353963e-01 | 8.641988e-01 |   3.45%|  58.62%
  160s|  3400 |   785 |155636 |  45.6 |   234M |  23 |1182 |6007 |3737 |5338 |  1 |  11k|6272 | 8.355230e-01 | 8.641988e-01 |   3.43%|  60.37%
  162s|  3500 |   760 |158029 |  45.0 |   235M |  23 |1182 |6072 |3731 |5449 |  3 |  11k|6304 | 8.356973e-01 | 8.641988e-01 |   3.41%|  62.72%
* 162s|  3583 |   744 |159367 |  44.3 |    LP  |  23 |1182 |6063 |3749 |5449 |  2 |  11k|6331 | 8.358125e-01 | 8.638033e-01 |   3.35%|  63.60%
  162s|  3600 |   734 |159768 |  44.2 |   235M |  23 |1182 |6017 |   0 |5452 |  0 |  11k|6341 | 8.360395e-01 | 8.638033e-01 |   3.32%|  64.19%
  163s|  3700 |   722 |161559 |  43.5 |   236M |  23 |1182 |5934 |3738 |5479 |  0 |  12k|6363 | 8.364728e-01 | 8.638033e-01 |   3.27%|  65.98%
  164s|  3800 |   696 |164263 |  43.1 |   236M |  23 |1182 |6111 |3732 |5526 |  0 |  12k|6395 | 8.366579e-01 | 8.638033e-01 |   3.24%|  67.73%
  166s|  3900 |   683 |168309 |  43.0 |   241M |  23 |1182 |6147 |   0 |5591 |  0 |  12k|6418 | 8.368493e-01 | 8.638033e-01 |   3.22%|  69.13%
  168s|  4000 |   641 |170955 |  42.6 |   241M |  23 |1182 |6152 |3732 |5709 |  2 |  13k|6442 | 8.371551e-01 | 8.638033e-01 |   3.18%|  71.96%
* 169s|  4087 |   612 |173013 |  42.2 |strongbr|  23 |1182 |6227 |3737 |5767 |  2 |  13k|6466 | 8.373428e-01 | 8.635521e-01 |   3.13%|  73.46%
  169s|  4100 |   611 |173238 |  42.1 |   242M |  23 |1182 |6223 |3728 |5767 |  0 |  13k|6478 | 8.373428e-01 | 8.635521e-01 |   3.13%|  73.72%
 time | node  | left  |LP iter|LP it/n|mem/heur|mdpt |vars |cons |rows |cuts |sepa|confs|strbr|  dualbound   | primalbound  |  gap   | compl. 
  170s|  4200 |   594 |174944 |  41.5 |   242M |  23 |1182 |6372 |3741 |5806 |  1 |  13k|6543 | 8.374077e-01 | 8.635521e-01 |   3.12%|  74.99%
  171s|  4300 |   573 |176793 |  41.0 |   245M |  23 |1182 |6390 |3736 |5826 |  1 |  14k|6574 | 8.376409e-01 | 8.635521e-01 |   3.09%|  76.26%
  172s|  4400 |   543 |178581 |  40.5 |   245M |  23 |1182 |6467 |   0 |5854 |  0 |  14k|6591 | 8.377877e-01 | 8.635521e-01 |   3.08%|  78.03%
  173s|  4500 |   507 |180558 |  40.0 |   245M |  23 |1182 |6493 |3739 |5892 |  1 |  14k|6629 | 8.381066e-01 | 8.635521e-01 |   3.04%|  79.95%
  174s|  4600 |   473 |182778 |  39.6 |   246M |  23 |1182 |6522 |3736 |5928 |  1 |  14k|6666 | 8.384771e-01 | 8.635521e-01 |   2.99%|  81.69%
  175s|  4700 |   460 |186208 |  39.5 |   247M |  23 |1182 |6458 |3736 |6020 |  2 |  15k|6701 | 8.388153e-01 | 8.635521e-01 |   2.95%|  82.90%
  176s|  4800 |   412 |188299 |  39.1 |   247M |  23 |1182 |6508 |   0 |6052 |  0 |  15k|6735 | 8.402835e-01 | 8.635521e-01 |   2.77%|  85.00%
  177s|  4900 |   380 |190337 |  38.7 |   247M |  23 |1182 |6504 |3727 |6052 |  0 |  15k|6770 | 8.411612e-01 | 8.635521e-01 |   2.66%|  86.94%
  178s|  5000 |   313 |192024 |  38.3 |   248M |  23 |1182 |6408 |   0 |6082 |  0 |  16k|6801 | 8.420473e-01 | 8.635521e-01 |   2.55%|  89.01%
  180s|  5100 |   263 |194469 |  38.0 |   248M |  23 |1182 |6420 |3741 |6132 |  1 |  16k|6849 | 8.435285e-01 | 8.635521e-01 |   2.37%|  91.05%
  181s|  5200 |   207 |196698 |  37.7 |   248M |  23 |1182 |6349 |   0 |6185 |  0 |  16k|6868 | 8.435953e-01 | 8.635521e-01 |   2.37%|  92.72%
  182s|  5300 |   133 |198886 |  37.4 |   249M |  23 |1182 |6258 |3736 |6210 |  0 |  16k|6898 | 8.448314e-01 | 8.635521e-01 |   2.22%|  96.23%
  183s|  5400 |    89 |201105 |  37.1 |   249M |  23 |1182 |6397 |   0 |6227 |  0 |  17k|6973 | 8.476788e-01 | 8.635521e-01 |   1.87%|  97.61%
  185s|  5500 |    51 |203754 |  37.0 |   249M |  23 |1182 |6357 |3734 |6301 |  2 |  17k|7057 | 8.498159e-01 | 8.635521e-01 |   1.62%|  98.71%
  186s|  5600 |    16 |205966 |  36.7 |   249M |  23 |1182 |6358 |3759 |6335 |  2 |  17k|7097 | 8.579621e-01 | 8.635521e-01 |   0.65%|  99.75%

SCIP Status        : problem is solved [optimal solution found]
Solving Time (sec) : 186.13
Solving Nodes      : 5614
Primal Bound       : +8.63552117552945e-01 (58 solutions)
Dual Bound         : +8.63552117552945e-01
Gap                : 0.00 %
objective value:                    0.863552117552945
x_('12_3', '13_1')                                  1 	(obj:0.00313231850117096)
x_('11_3', '12_3')                                  1 	(obj:0.00325512295081967)
x_('10_13', '11_3')                                 1 	(obj:0.00285357675111773)
x_('9_12', '10_13')                                 1 	(obj:0.00280749414519906)
x_('8_15', '9_12')                                  1 	(obj:0.000396825396825397)
x_('7_7', '8_15')                                   1 	(obj:0.00440222482435597)
x_('6_4', '7_7')                                    1 	(obj:0.00530695884911341)
x_('5_6', '6_4')                                    1 	(obj:0.00526873536299766)
x_('4_8', '5_6')                                    1 	(obj:0.00860175644028103)
x_('3_8', '4_8')                                    1 	(obj:0.0169642857142857)
x_('2_6', '3_8')                                    1 	(obj:0.0154435987509758)
x_('1_6', '2_6')                                    1 	(obj:0.01875)
x_('0_1', '1_6')                                    1 	(obj:0.0231165105386417)
y_0_0                                               1 	(obj:0)
y_1_0                                               1 	(obj:0)
y_2_0                                               1 	(obj:0)
y_3_0                                               1 	(obj:0)
y_4_0                                               1 	(obj:0)
y_5_1                                               1 	(obj:0)
y_6_1                                               1 	(obj:0)
y_7_1                                               1 	(obj:0)
y_8_2                                               1 	(obj:0)
y_9_2                                               1 	(obj:0)
y_10_2                                              1 	(obj:0)
y_11_2                                              1 	(obj:0)
y_12_2                                              1 	(obj:0)
z_('3268741', '3425762')_2                          1 	(obj:0)
z_('3268741', '1966592X')_2                         1 	(obj:0)
z_('1966592X', '3452192')_1                         1 	(obj:0)
z_('3452192', '1353870')_2                          1 	(obj:0)
z_('3452192', '3520162')_1                          1 	(obj:0)
z_('3520162', '3307092')_2                          1 	(obj:0)
z_('3520162', '3524054')_0                          1 	(obj:0)
z_('3268740', '3524054')_0                          1 	(obj:0)
z_('3524054', '3179975')_0                          1 	(obj:0)
z_('3179975', '3422998')_0                          1 	(obj:0)
z_('3422998', '2495223X')_1                         1 	(obj:0)
z_('3422998', '1353870_01')_0                       1 	(obj:0)
z_('2495223X', '2245784X')_2                        1 	(obj:0)
alpha                                4.35192771084337 	(obj:0.173084839495458)
  obj=0.864  alpha=722.4s  time=186.25s

k = 1
  Subgraph edges — edge_w: 13 (1.2%)  bal_w: 13 (1.2%)  combined: 26 (2.4%)  blended: 13 (1.2%)  blended_union: 37 (3.3%)  diverse: 13 (1.2%)
  [3a] Subgraph / edge_w   k=1 …
2026-07-01 18:41:08.034 | INFO     | pycaalp.time_balancing.model:run_mip:430 - Running MIP solver ...
      obj=0.909 (vs_full=+5.27%)  alpha=792.0s  build=0.001s solve=0.037s  vs_full=+9.63%
  [3b] Subgraph / bal_w    k=1 …
2026-07-01 18:41:08.071 | INFO     | pycaalp.time_balancing.model:run_mip:430 - Running MIP solver ...
      obj=0.879 (vs_full=+1.83%)  alpha=731.8s  build=0.001s solve=0.022s  vs_full=+1.30%
  [3c] Subgraph / combined k=1 …
2026-07-01 18:41:08.094 | INFO     | pycaalp.time_balancing.model:run_mip:430 - Running MIP solver ...
      obj=0.879 (vs_full=+1.83%)  alpha=731.8s  build=0.002s solve=0.564s  vs_full=+1.30%
  [3d] Subgraph / blended  k=1 …
2026-07-01 18:41:08.657 | INFO     | pycaalp.time_balancing.model:run_mip:430 - Running MIP solver ...
      obj=0.864 (vs_full=-0.00%)  alpha=722.4s  build=0.001s solve=0.037s  vs_full=+0.00%
  [3e] Subgraph / bl-union k=1 …
2026-07-01 18:41:08.694 | INFO     | pycaalp.time_balancing.model:run_mip:430 - Running MIP solver ...
      obj=0.864 (vs_full=+0.05%)  alpha=747.1s  build=0.011s solve=0.200s  vs_full=+3.42%
  [3f] Subgraph / diverse  k=1 …
2026-07-01 18:41:08.894 | INFO     | pycaalp.time_balancing.model:run_mip:430 - Running MIP solver ...
      obj=0.864 (vs_full=-0.00%)  alpha=722.4s  build=0.004s solve=0.047s  vs_full=+0.00%

k = 2
  Subgraph edges — edge_w: 15 (1.4%)  bal_w: 15 (1.4%)  combined: 30 (2.7%)  blended: 15 (1.4%)  blended_union: 42 (3.8%)  diverse: 26 (2.4%)
  [3a] Subgraph / edge_w   k=2 …
2026-07-01 18:41:08.992 | INFO     | pycaalp.time_balancing.model:run_mip:430 - Running MIP solver ...
      obj=0.905 (vs_full=+4.83%)  alpha=788.3s  build=0.007s solve=0.279s  vs_full=+9.12%
  [3b] Subgraph / bal_w    k=2 …
2026-07-01 18:41:09.271 | INFO     | pycaalp.time_balancing.model:run_mip:430 - Running MIP solver ...
      obj=0.878 (vs_full=+1.71%)  alpha=731.8s  build=0.008s solve=0.118s  vs_full=+1.30%
  [3c] Subgraph / combined k=2 …
2026-07-01 18:41:09.389 | INFO     | pycaalp.time_balancing.model:run_mip:430 - Running MIP solver ...
      obj=0.878 (vs_full=+1.71%)  alpha=731.8s  build=0.010s solve=0.477s  vs_full=+1.30%
  [3d] Subgraph / blended  k=2 …
2026-07-01 18:41:09.866 | INFO     | pycaalp.time_balancing.model:run_mip:430 - Running MIP solver ...
      obj=0.864 (vs_full=-0.00%)  alpha=722.4s  build=0.003s solve=0.038s  vs_full=+0.00%
  [3e] Subgraph / bl-union k=2 …
2026-07-01 18:41:09.904 | INFO     | pycaalp.time_balancing.model:run_mip:430 - Running MIP solver ...
      obj=0.864 (vs_full=+0.05%)  alpha=747.1s  build=0.018s solve=0.160s  vs_full=+3.42%
  [3f] Subgraph / diverse  k=2 …
2026-07-01 18:41:10.064 | INFO     | pycaalp.time_balancing.model:run_mip:430 - Running MIP solver ...
      obj=0.864 (vs_full=+0.00%)  alpha=722.4s  build=0.004s solve=0.126s  vs_full=+0.00%

k = 5
  Subgraph edges — edge_w: 21 (1.9%)  bal_w: 44 (4.0%)  combined: 65 (5.9%)  blended: 19 (1.7%)  blended_union: 60 (5.4%)  diverse: 65 (5.9%)
  [3a] Subgraph / edge_w   k=5 …
2026-07-01 18:41:10.376 | INFO     | pycaalp.time_balancing.model:run_mip:430 - Running MIP solver ...
      obj=0.905 (vs_full=+4.83%)  alpha=788.3s  build=0.017s solve=0.119s  vs_full=+9.12%
  [3b] Subgraph / bal_w    k=5 …
2026-07-01 18:41:10.496 | INFO     | pycaalp.time_balancing.model:run_mip:430 - Running MIP solver ...
      obj=0.878 (vs_full=+1.71%)  alpha=731.8s  build=0.028s solve=0.379s  vs_full=+1.30%
  [3c] Subgraph / combined k=5 …
2026-07-01 18:41:10.875 | INFO     | pycaalp.time_balancing.model:run_mip:430 - Running MIP solver ...
      obj=0.878 (vs_full=+1.71%)  alpha=731.8s  build=0.046s solve=0.223s  vs_full=+1.30%
  [3d] Subgraph / blended  k=5 …
2026-07-01 18:41:11.098 | INFO     | pycaalp.time_balancing.model:run_mip:430 - Running MIP solver ...
      obj=0.864 (vs_full=+0.00%)  alpha=722.4s  build=0.019s solve=0.044s  vs_full=+0.00%
  [3e] Subgraph / bl-union k=5 …
2026-07-01 18:41:11.142 | INFO     | pycaalp.time_balancing.model:run_mip:430 - Running MIP solver ...
      obj=0.864 (vs_full=+0.05%)  alpha=747.1s  build=0.071s solve=0.306s  vs_full=+3.42%
  [3f] Subgraph / diverse  k=5 …
2026-07-01 18:41:11.449 | INFO     | pycaalp.time_balancing.model:run_mip:430 - Running MIP solver ...
      obj=0.864 (vs_full=+0.00%)  alpha=722.4s  build=0.006s solve=0.312s  vs_full=+0.00%

k = 10
  Subgraph edges — edge_w: 24 (2.2%)  bal_w: 57 (5.2%)  combined: 81 (7.3%)  blended: 28 (2.5%)  blended_union: 75 (6.8%)  diverse: 126 (11.4%)
  [3a] Subgraph / edge_w   k=10 …
2026-07-01 18:41:12.082 | INFO     | pycaalp.time_balancing.model:run_mip:430 - Running MIP solver ...
      obj=0.905 (vs_full=+4.83%)  alpha=788.3s  build=0.031s solve=0.239s  vs_full=+9.12%
  [3b] Subgraph / bal_w    k=10 …
2026-07-01 18:41:12.321 | INFO     | pycaalp.time_balancing.model:run_mip:430 - Running MIP solver ...
      obj=0.878 (vs_full=+1.70%)  alpha=731.8s  build=0.059s solve=0.303s  vs_full=+1.30%
  [3c] Subgraph / combined k=10 …
2026-07-01 18:41:12.625 | INFO     | pycaalp.time_balancing.model:run_mip:430 - Running MIP solver ...
      obj=0.878 (vs_full=+1.70%)  alpha=731.8s  build=0.071s solve=0.332s  vs_full=+1.30%
  [3d] Subgraph / blended  k=10 …
2026-07-01 18:41:12.957 | INFO     | pycaalp.time_balancing.model:run_mip:430 - Running MIP solver ...
      obj=0.864 (vs_full=+0.00%)  alpha=722.4s  build=0.023s solve=0.144s  vs_full=+0.00%
  [3e] Subgraph / bl-union k=10 …
2026-07-01 18:41:13.101 | INFO     | pycaalp.time_balancing.model:run_mip:430 - Running MIP solver ...
      obj=0.864 (vs_full=+0.05%)  alpha=747.1s  build=0.122s solve=0.352s  vs_full=+3.42%
  [3f] Subgraph / diverse  k=10 …
2026-07-01 18:41:13.454 | INFO     | pycaalp.time_balancing.model:run_mip:430 - Running MIP solver ...
      obj=0.864 (vs_full=+0.00%)  alpha=722.4s  build=0.015s solve=0.521s  vs_full=+0.00%

k = 20
  Subgraph edges — edge_w: 35 (3.2%)  bal_w: 73 (6.6%)  combined: 107 (9.7%)  blended: 33 (3.0%)  blended_union: 93 (8.4%)  diverse: 239 (21.6%)
  [3a] Subgraph / edge_w   k=20 …
2026-07-01 18:41:14.546 | INFO     | pycaalp.time_balancing.model:run_mip:430 - Running MIP solver ...
      obj=0.905 (vs_full=+4.83%)  alpha=788.3s  build=0.068s solve=0.193s  vs_full=+9.12%
  [3b] Subgraph / bal_w    k=20 …
2026-07-01 18:41:14.738 | INFO     | pycaalp.time_balancing.model:run_mip:430 - Running MIP solver ...
      obj=0.873 (vs_full=+1.11%)  alpha=731.8s  build=0.108s solve=0.331s  vs_full=+1.30%
  [3c] Subgraph / combined k=20 …
2026-07-01 18:41:15.069 | INFO     | pycaalp.time_balancing.model:run_mip:430 - Running MIP solver ...
      obj=0.873 (vs_full=+1.11%)  alpha=731.8s  build=0.147s solve=0.451s  vs_full=+1.30%
  [3d] Subgraph / blended  k=20 …
2026-07-01 18:41:15.521 | INFO     | pycaalp.time_balancing.model:run_mip:430 - Running MIP solver ...
      obj=0.864 (vs_full=+0.00%)  alpha=722.4s  build=0.043s solve=0.233s  vs_full=+0.00%
  [3e] Subgraph / bl-union k=20 …
2026-07-01 18:41:15.754 | INFO     | pycaalp.time_balancing.model:run_mip:430 - Running MIP solver ...
      obj=0.864 (vs_full=+0.05%)  alpha=747.1s  build=0.193s solve=0.359s  vs_full=+3.42%
  [3f] Subgraph / diverse  k=20 …
2026-07-01 18:41:16.112 | INFO     | pycaalp.time_balancing.model:run_mip:430 - Running MIP solver ...
      obj=0.864 (vs_full=+0.00%)  alpha=722.4s  build=0.013s solve=1.486s  vs_full=+0.00%

k = 50
  Subgraph edges — edge_w: 54 (4.9%)  bal_w: 141 (12.8%)  combined: 190 (17.2%)  blended: 37 (3.3%)  blended_union: 146 (13.2%)  diverse: 507 (45.9%)
  [3a] Subgraph / edge_w   k=50 …
2026-07-01 18:41:18.943 | INFO     | pycaalp.time_balancing.model:run_mip:430 - Running MIP solver ...
      obj=0.898 (vs_full=+3.95%)  alpha=780.8s  build=0.187s solve=0.353s  vs_full=+8.08%
  [3b] Subgraph / bal_w    k=50 …
2026-07-01 18:41:19.296 | INFO     | pycaalp.time_balancing.model:run_mip:430 - Running MIP solver ...
      obj=0.869 (vs_full=+0.67%)  alpha=731.8s  build=0.245s solve=0.499s  vs_full=+1.30%
  [3c] Subgraph / combined k=50 …
2026-07-01 18:41:19.795 | INFO     | pycaalp.time_balancing.model:run_mip:430 - Running MIP solver ...
      obj=0.868 (vs_full=+0.45%)  alpha=731.8s  build=0.340s solve=1.429s  vs_full=+1.30%
  [3d] Subgraph / blended  k=50 …
2026-07-01 18:41:21.225 | INFO     | pycaalp.time_balancing.model:run_mip:430 - Running MIP solver ...
      obj=0.864 (vs_full=-0.00%)  alpha=722.4s  build=0.140s solve=0.331s  vs_full=+0.00%
  [3e] Subgraph / bl-union k=50 …
2026-07-01 18:41:21.556 | INFO     | pycaalp.time_balancing.model:run_mip:430 - Running MIP solver ...
      obj=0.864 (vs_full=+0.05%)  alpha=747.1s  build=0.408s solve=0.785s  vs_full=+3.42%
  [3f] Subgraph / diverse  k=50 …
2026-07-01 18:41:22.341 | INFO     | pycaalp.time_balancing.model:run_mip:430 - Running MIP solver ...
      obj=0.864 (vs_full=+0.00%)  alpha=722.4s  build=0.024s solve=19.083s  vs_full=+0.00%

k = 100
  Subgraph edges — edge_w: 78 (7.1%)  bal_w: 189 (17.1%)  combined: 257 (23.3%)  blended: 54 (4.9%)  blended_union: 190 (17.2%)  diverse: 739 (66.9%)
  [3a] Subgraph / edge_w   k=100 …
2026-07-01 18:41:43.932 | INFO     | pycaalp.time_balancing.model:run_mip:430 - Running MIP solver ...
      obj=0.898 (vs_full=+3.95%)  alpha=780.8s  build=0.291s solve=0.545s  vs_full=+8.08%
  [3b] Subgraph / bal_w    k=100 …
2026-07-01 18:41:44.477 | INFO     | pycaalp.time_balancing.model:run_mip:430 - Running MIP solver ...
      obj=0.869 (vs_full=+0.67%)  alpha=731.8s  build=0.357s solve=1.782s  vs_full=+1.30%
  [3c] Subgraph / combined k=100 …
2026-07-01 18:41:46.259 | INFO     | pycaalp.time_balancing.model:run_mip:430 - Running MIP solver ...
      obj=0.866 (vs_full=+0.27%)  alpha=731.8s  build=0.696s solve=2.066s  vs_full=+1.30%
  [3d] Subgraph / blended  k=100 …
2026-07-01 18:41:48.325 | INFO     | pycaalp.time_balancing.model:run_mip:430 - Running MIP solver ...
      obj=0.864 (vs_full=-0.00%)  alpha=722.4s  build=0.236s solve=0.385s  vs_full=+0.00%
  [3e] Subgraph / bl-union k=100 …
2026-07-01 18:41:48.711 | INFO     | pycaalp.time_balancing.model:run_mip:430 - Running MIP solver ...
      obj=0.864 (vs_full=+0.00%)  alpha=722.4s  build=0.876s solve=1.119s  vs_full=+0.00%
  [3f] Subgraph / diverse  k=100 …
2026-07-01 18:41:49.830 | INFO     | pycaalp.time_balancing.model:run_mip:430 - Running MIP solver ...
      obj=0.864 (vs_full=+0.00%)  alpha=722.4s  build=0.052s solve=72.392s  vs_full=+0.00%

k = 200
  Subgraph edges — edge_w: 95 (8.6%)  bal_w: 258 (23.3%)  combined: 339 (30.7%)  blended: 69 (6.2%)  blended_union: 203 (18.4%)  diverse: 913 (82.6%)
  [3a] Subgraph / edge_w   k=200 …
2026-07-01 18:43:06.435 | INFO     | pycaalp.time_balancing.model:run_mip:430 - Running MIP solver ...
      obj=0.898 (vs_full=+3.95%)  alpha=780.8s  build=0.484s solve=0.462s  vs_full=+8.08%
  [3b] Subgraph / bal_w    k=200 …
2026-07-01 18:43:06.898 | INFO     | pycaalp.time_balancing.model:run_mip:430 - Running MIP solver ...
      obj=0.869 (vs_full=+0.67%)  alpha=731.8s  build=0.614s solve=2.205s  vs_full=+1.30%
  [3c] Subgraph / combined k=200 …
2026-07-01 18:43:09.103 | INFO     | pycaalp.time_balancing.model:run_mip:430 - Running MIP solver ...
      obj=0.866 (vs_full=+0.23%)  alpha=747.1s  build=1.069s solve=5.512s  vs_full=+3.42%
  [3d] Subgraph / blended  k=200 …
2026-07-01 18:43:14.615 | INFO     | pycaalp.time_balancing.model:run_mip:430 - Running MIP solver ...
      obj=0.864 (vs_full=+0.00%)  alpha=722.4s  build=0.485s solve=0.408s  vs_full=+0.00%
  [3e] Subgraph / bl-union k=200 …
2026-07-01 18:43:15.023 | INFO     | pycaalp.time_balancing.model:run_mip:430 - Running MIP solver ...
      obj=0.864 (vs_full=+0.00%)  alpha=722.4s  build=1.430s solve=1.094s  vs_full=+0.00%
  [3f] Subgraph / diverse  k=200 …
2026-07-01 18:43:16.118 | INFO     | pycaalp.time_balancing.model:run_mip:430 - Running MIP solver ...
      obj=0.864 (vs_full=+0.00%)  alpha=722.4s  build=0.132s solve=65.952s  vs_full=+0.00%

k = 500
  Subgraph edges — edge_w: 108 (9.8%)  bal_w: 399 (36.1%)  combined: 459 (41.5%)  blended: 70 (6.3%)  blended_union: 247 (22.4%)  diverse: 1040 (94.1%)
  [3a] Subgraph / edge_w   k=500 …
2026-07-01 18:44:30.714 | INFO     | pycaalp.time_balancing.model:run_mip:430 - Running MIP solver ...
      obj=0.898 (vs_full=+3.95%)  alpha=780.8s  build=1.015s solve=0.318s  vs_full=+8.08%
  [3b] Subgraph / bal_w    k=500 …
2026-07-01 18:44:31.033 | INFO     | pycaalp.time_balancing.model:run_mip:430 - Running MIP solver ...
      obj=0.866 (vs_full=+0.28%)  alpha=731.8s  build=1.140s solve=5.474s  vs_full=+1.30%
  [3c] Subgraph / combined k=500 …
2026-07-01 18:44:36.507 | INFO     | pycaalp.time_balancing.model:run_mip:430 - Running MIP solver ...
      obj=0.866 (vs_full=+0.23%)  alpha=747.1s  build=2.102s solve=10.968s  vs_full=+3.42%
  [3d] Subgraph / blended  k=500 …
2026-07-01 18:44:47.475 | INFO     | pycaalp.time_balancing.model:run_mip:430 - Running MIP solver ...
      obj=0.864 (vs_full=+0.00%)  alpha=722.4s  build=0.936s solve=0.180s  vs_full=+0.00%
  [3e] Subgraph / bl-union k=500 …
2026-07-01 18:44:47.655 | INFO     | pycaalp.time_balancing.model:run_mip:430 - Running MIP solver ...
      obj=0.864 (vs_full=+0.00%)  alpha=722.4s  build=3.170s solve=1.685s  vs_full=+0.00%
  [3f] Subgraph / diverse  k=500 …
2026-07-01 18:44:49.340 | INFO     | pycaalp.time_balancing.model:run_mip:430 - Running MIP solver ...
      obj=0.864 (vs_full=+0.00%)  alpha=722.4s  build=0.282s solve=97.156s  vs_full=+0.00%

k = 1000
  Subgraph edges — edge_w: 142 (12.9%)  bal_w: 500 (45.2%)  combined: 578 (52.3%)  blended: 72 (6.5%)  blended_union: 284 (25.7%)  diverse: 1098 (99.4%)
  [3a] Subgraph / edge_w   k=1000 …
2026-07-01 18:46:44.417 | INFO     | pycaalp.time_balancing.model:run_mip:430 - Running MIP solver ...
      obj=0.864 (vs_full=+0.03%)  alpha=747.1s  build=1.975s solve=0.511s  vs_full=+3.42%
  [3b] Subgraph / bal_w    k=1000 …
2026-07-01 18:46:44.928 | INFO     | pycaalp.time_balancing.model:run_mip:430 - Running MIP solver ...
      obj=0.866 (vs_full=+0.28%)  alpha=731.8s  build=2.321s solve=9.887s  vs_full=+1.30%
  [3c] Subgraph / combined k=1000 …
2026-07-01 18:46:54.814 | INFO     | pycaalp.time_balancing.model:run_mip:430 - Running MIP solver ...
      obj=0.864 (vs_full=+0.03%)  alpha=747.1s  build=4.347s solve=21.624s  vs_full=+3.42%
  [3d] Subgraph / blended  k=1000 …
2026-07-01 18:47:16.438 | INFO     | pycaalp.time_balancing.model:run_mip:430 - Running MIP solver ...
      obj=0.864 (vs_full=+0.00%)  alpha=722.4s  build=2.064s solve=0.145s  vs_full=+0.00%
  [3e] Subgraph / bl-union k=1000 …
2026-07-01 18:47:16.583 | INFO     | pycaalp.time_balancing.model:run_mip:430 - Running MIP solver ...
      obj=0.864 (vs_full=+0.00%)  alpha=722.4s  build=6.632s solve=1.105s  vs_full=+0.00%
  [3f] Subgraph / diverse  k=1000 …
2026-07-01 18:47:17.687 | INFO     | pycaalp.time_balancing.model:run_mip:430 - Running MIP solver ...
      obj=0.864 (vs_full=+0.00%)  alpha=722.4s  build=0.582s solve=68.046s  vs_full=+0.00%

k = 2000
  Subgraph edges — edge_w: 185 (16.7%)  bal_w: 630 (57.0%)  combined: 685 (62.0%)  blended: 83 (7.5%)  blended_union: 335 (30.3%)  diverse: 1105 (100.0%)
  [3a] Subgraph / edge_w   k=2000 …
2026-07-01 18:49:06.442 | INFO     | pycaalp.time_balancing.model:run_mip:430 - Running MIP solver ...
      obj=0.864 (vs_full=+0.03%)  alpha=747.1s  build=4.680s solve=0.572s  vs_full=+3.42%
  [3b] Subgraph / bal_w    k=2000 …
2026-07-01 18:49:07.014 | INFO     | pycaalp.time_balancing.model:run_mip:430 - Running MIP solver ...
      obj=0.866 (vs_full=+0.27%)  alpha=731.8s  build=4.760s solve=11.937s  vs_full=+1.30%
  [3c] Subgraph / combined k=2000 …
2026-07-01 18:49:18.951 | INFO     | pycaalp.time_balancing.model:run_mip:430 - Running MIP solver ...
      obj=0.864 (vs_full=+0.03%)  alpha=747.1s  build=9.469s solve=16.032s  vs_full=+3.42%
  [3d] Subgraph / blended  k=2000 …
2026-07-01 18:49:34.982 | INFO     | pycaalp.time_balancing.model:run_mip:430 - Running MIP solver ...
      obj=0.864 (vs_full=+0.00%)  alpha=722.4s  build=5.261s solve=0.620s  vs_full=+0.00%
  [3e] Subgraph / bl-union k=2000 …
2026-07-01 18:49:35.602 | INFO     | pycaalp.time_balancing.model:run_mip:430 - Running MIP solver ...
      obj=0.864 (vs_full=+0.00%)  alpha=722.4s  build=15.337s solve=1.968s  vs_full=+0.00%
  [3f] Subgraph / diverse  k=2000 …
2026-07-01 18:49:37.570 | INFO     | pycaalp.time_balancing.model:run_mip:430 - Running MIP solver ...
      obj=0.864 (vs_full=+0.00%)  alpha=722.4s  build=1.202s solve=99.246s  vs_full=+0.00%

k = 5000
  Subgraph edges — edge_w: 232 (21.0%)  bal_w: 799 (72.3%)  combined: 830 (75.1%)  blended: 155 (14.0%)  blended_union: 355 (32.1%)  diverse: 1105 (100.0%)
  [3a] Subgraph / edge_w   k=5000 …
2026-07-01 18:53:28.070 | INFO     | pycaalp.time_balancing.model:run_mip:430 - Running MIP solver ...
      obj=0.864 (vs_full=+0.03%)  alpha=747.1s  build=16.708s solve=0.823s  vs_full=+3.42%
  [3b] Subgraph / bal_w    k=5000 …
2026-07-01 18:53:28.892 | INFO     | pycaalp.time_balancing.model:run_mip:430 - Running MIP solver ...
      obj=0.866 (vs_full=+0.27%)  alpha=731.8s  build=15.606s solve=27.121s  vs_full=+1.30%
  [3c] Subgraph / combined k=5000 …
2026-07-01 18:53:56.013 | INFO     | pycaalp.time_balancing.model:run_mip:430 - Running MIP solver ...
      obj=0.864 (vs_full=+0.03%)  alpha=747.1s  build=31.506s solve=46.095s  vs_full=+3.42%
  [3d] Subgraph / blended  k=5000 …
2026-07-01 18:54:42.108 | INFO     | pycaalp.time_balancing.model:run_mip:430 - Running MIP solver ...
      obj=0.864 (vs_full=+0.00%)  alpha=722.4s  build=16.627s solve=0.484s  vs_full=+0.00%
  [3e] Subgraph / bl-union k=5000 …
2026-07-01 18:54:42.592 | INFO     | pycaalp.time_balancing.model:run_mip:430 - Running MIP solver ...
      obj=0.864 (vs_full=+0.00%)  alpha=722.4s  build=48.205s solve=1.706s  vs_full=+0.00%
  [3f] Subgraph / diverse  k=5000 …
2026-07-01 18:54:44.298 | INFO     | pycaalp.time_balancing.model:run_mip:430 - Running MIP solver ...
      obj=0.864 (vs_full=+0.00%)  alpha=722.4s  build=2.602s solve=80.627s  vs_full=+0.00%

Results saved to experiments/strategy_comparison/assembly_1_np_3/strategy_comparison_lambda_0.9.csv
Plot with:  python -m experiments.strategy_comparison.plot_k_sensitivity

============================================================================================================================
SUMMARY — assembly_1  P=3  λ=0.9
============================================================================================================================
Strategy       Weight                      k   Build    Solve    Total  Spdup       Obj   ObjvsF     Alpha    AlvsF   Edges  %Grph
----------------------------------------------------------------------------------------------------------------------------
full_mip       —                               0.000  186.249  186.249   1.0x     0.864    +0.00    722.42    +0.00    1105  100.0
subgraph_mip   edge_weight                 1   0.001    0.037    0.039 4806.4x     0.909    +5.27    792.00    +9.63      13    1.2
subgraph_mip   time_balanced_weight        1   0.001    0.022    0.023 8050.9x     0.879    +1.83    731.84    +1.30      13    1.2
subgraph_mip   combined                    1   0.002    0.564    0.565 329.6x     0.879    +1.83    731.84    +1.30      26    2.4
subgraph_mip   blended                     1   0.001    0.037    0.038 4961.6x     0.864    -0.00    722.42    +0.00      13    1.2
subgraph_mip   blended_union               1   0.011    0.200    0.211 884.7x     0.864    +0.05    747.12    +3.42      37    3.4
subgraph_mip   diverse                     1   0.004    0.047    0.051 3675.9x     0.864    -0.00    722.42    +0.00      13    1.2
subgraph_mip   edge_weight                 2   0.007    0.279    0.286 652.1x     0.905    +4.83    788.33    +9.12      15    1.4
subgraph_mip   time_balanced_weight        2   0.008    0.118    0.126 1476.2x     0.878    +1.71    731.84    +1.30      15    1.4
subgraph_mip   combined                    2   0.010    0.477    0.487 382.4x     0.878    +1.71    731.84    +1.30      30    2.7
subgraph_mip   blended                     2   0.003    0.038    0.041 4568.3x     0.864    -0.00    722.42    +0.00      15    1.4
subgraph_mip   blended_union               2   0.018    0.160    0.179 1042.8x     0.864    +0.05    747.12    +3.42      42    3.8
subgraph_mip   diverse                     2   0.004    0.126    0.130 1435.9x     0.864    +0.00    722.42    +0.00      26    2.4
subgraph_mip   edge_weight                 5   0.017    0.119    0.137 1363.7x     0.905    +4.83    788.33    +9.12      21    1.9
subgraph_mip   time_balanced_weight        5   0.028    0.379    0.407 457.1x     0.878    +1.71    731.84    +1.30      44    4.0
subgraph_mip   combined                    5   0.046    0.223    0.268 694.9x     0.878    +1.71    731.84    +1.30      65    5.9
subgraph_mip   blended                     5   0.019    0.044    0.063 2961.6x     0.864    +0.00    722.42    +0.00      19    1.7
subgraph_mip   blended_union               5   0.071    0.306    0.377 493.4x     0.864    +0.05    747.12    +3.42      60    5.4
subgraph_mip   diverse                     5   0.006    0.312    0.317 586.8x     0.864    +0.00    722.42    +0.00      65    5.9
subgraph_mip   edge_weight                10   0.031    0.239    0.270 689.3x     0.905    +4.83    788.33    +9.12      24    2.2
subgraph_mip   time_balanced_weight       10   0.059    0.303    0.363 513.7x     0.878    +1.70    731.84    +1.30      57    5.2
subgraph_mip   combined                   10   0.071    0.332    0.403 462.5x     0.878    +1.70    731.84    +1.30      81    7.3
subgraph_mip   blended                    10   0.023    0.144    0.167 1113.8x     0.864    +0.00    722.42    +0.00      28    2.5
subgraph_mip   blended_union              10   0.122    0.352    0.475 392.4x     0.864    +0.05    747.12    +3.42      75    6.8
subgraph_mip   diverse                    10   0.015    0.521    0.536 347.5x     0.864    +0.00    722.42    +0.00     126   11.4
subgraph_mip   edge_weight                20   0.068    0.193    0.261 713.1x     0.905    +4.83    788.33    +9.12      35    3.2
subgraph_mip   time_balanced_weight       20   0.108    0.331    0.439 424.7x     0.873    +1.11    731.84    +1.30      73    6.6
subgraph_mip   combined                   20   0.147    0.451    0.598 311.6x     0.873    +1.11    731.84    +1.30     107    9.7
subgraph_mip   blended                    20   0.043    0.233    0.276 674.5x     0.864    +0.00    722.42    +0.00      33    3.0
subgraph_mip   blended_union              20   0.193    0.359    0.551 337.9x     0.864    +0.05    747.12    +3.42      93    8.4
subgraph_mip   diverse                    20   0.013    1.486    1.499 124.3x     0.864    +0.00    722.42    +0.00     239   21.6
subgraph_mip   edge_weight                50   0.187    0.353    0.540 345.0x     0.898    +3.95    780.81    +8.08      54    4.9
subgraph_mip   time_balanced_weight       50   0.245    0.499    0.744 250.4x     0.869    +0.67    731.84    +1.30     141   12.8
subgraph_mip   combined                   50   0.340    1.429    1.770 105.2x     0.868    +0.45    731.84    +1.30     190   17.2
subgraph_mip   blended                    50   0.140    0.331    0.471 395.6x     0.864    -0.00    722.42    +0.00      37    3.4
subgraph_mip   blended_union              50   0.408    0.785    1.193 156.1x     0.864    +0.05    747.12    +3.42     146   13.2
subgraph_mip   diverse                    50   0.024   19.083   19.107   9.8x     0.864    +0.00    722.42    +0.00     507   45.9
subgraph_mip   edge_weight               100   0.291    0.545    0.836 222.9x     0.898    +3.95    780.81    +8.08      78    7.1
subgraph_mip   time_balanced_weight      100   0.357    1.782    2.140  87.0x     0.869    +0.67    731.84    +1.30     189   17.1
subgraph_mip   combined                  100   0.696    2.066    2.763  67.4x     0.866    +0.27    731.84    +1.30     257   23.3
subgraph_mip   blended                   100   0.236    0.385    0.621 299.8x     0.864    -0.00    722.42    +0.00      54    4.9
subgraph_mip   blended_union             100   0.876    1.119    1.995  93.3x     0.864    +0.00    722.42    +0.00     190   17.2
subgraph_mip   diverse                   100   0.052   72.392   72.444   2.6x     0.864    +0.00    722.42    +0.00     739   66.9
subgraph_mip   edge_weight               200   0.484    0.462    0.946 196.8x     0.898    +3.95    780.81    +8.08      95    8.6
subgraph_mip   time_balanced_weight      200   0.614    2.205    2.819  66.1x     0.869    +0.67    731.84    +1.30     258   23.4
subgraph_mip   combined                  200   1.069    5.512    6.580  28.3x     0.866    +0.23    747.12    +3.42     339   30.7
subgraph_mip   blended                   200   0.485    0.408    0.893 208.7x     0.864    +0.00    722.42    +0.00      69    6.2
subgraph_mip   blended_union             200   1.430    1.094    2.525  73.8x     0.864    +0.00    722.42    +0.00     203   18.4
subgraph_mip   diverse                   200   0.132   65.952   66.083   2.8x     0.864    +0.00    722.42    +0.00     913   82.6
subgraph_mip   edge_weight               500   1.015    0.318    1.333 139.7x     0.898    +3.95    780.81    +8.08     108    9.8
subgraph_mip   time_balanced_weight      500   1.140    5.474    6.614  28.2x     0.866    +0.28    731.84    +1.30     399   36.1
subgraph_mip   combined                  500   2.102   10.968   13.070  14.2x     0.866    +0.23    747.12    +3.42     459   41.5
subgraph_mip   blended                   500   0.936    0.180    1.117 166.8x     0.864    +0.00    722.42    +0.00      70    6.3
subgraph_mip   blended_union             500   3.170    1.685    4.854  38.4x     0.864    +0.00    722.42    +0.00     247   22.4
subgraph_mip   diverse                   500   0.282   97.156   97.438   1.9x     0.864    +0.00    722.42    +0.00    1040   94.1
subgraph_mip   edge_weight              1000   1.975    0.511    2.485  74.9x     0.864    +0.03    747.12    +3.42     142   12.8
subgraph_mip   time_balanced_weight     1000   2.321    9.887   12.208  15.3x     0.866    +0.28    731.84    +1.30     500   45.2
subgraph_mip   combined                 1000   4.347   21.624   25.971   7.2x     0.864    +0.03    747.12    +3.42     578   52.3
subgraph_mip   blended                  1000   2.064    0.145    2.208  84.3x     0.864    +0.00    722.42    +0.00      72    6.5
subgraph_mip   blended_union            1000   6.632    1.105    7.736  24.1x     0.864    +0.00    722.42    +0.00     284   25.7
subgraph_mip   diverse                  1000   0.582   68.046   68.628   2.7x     0.864    +0.00    722.42    +0.00    1098   99.4
subgraph_mip   edge_weight              2000   4.680    0.572    5.252  35.5x     0.864    +0.03    747.12    +3.42     185   16.7
subgraph_mip   time_balanced_weight     2000   4.760   11.937   16.697  11.2x     0.866    +0.27    731.84    +1.30     630   57.0
subgraph_mip   combined                 2000   9.469   16.032   25.501   7.3x     0.864    +0.03    747.12    +3.42     685   62.0
subgraph_mip   blended                  2000   5.261    0.620    5.880  31.7x     0.864    +0.00    722.42    +0.00      83    7.5
subgraph_mip   blended_union            2000  15.337    1.968   17.304  10.8x     0.864    +0.00    722.42    +0.00     335   30.3
subgraph_mip   diverse                  2000   1.202   99.246  100.448   1.9x     0.864    +0.00    722.42    +0.00    1105  100.0
subgraph_mip   edge_weight              5000  16.708    0.823   17.530  10.6x     0.864    +0.03    747.12    +3.42     232   21.0
subgraph_mip   time_balanced_weight     5000  15.606   27.121   42.727   4.4x     0.866    +0.27    731.84    +1.30     799   72.3
subgraph_mip   combined                 5000  31.506   46.095   77.600   2.4x     0.864    +0.03    747.12    +3.42     830   75.1
subgraph_mip   blended                  5000  16.627    0.484   17.111  10.9x     0.864    +0.00    722.42    +0.00     155   14.0
subgraph_mip   blended_union            5000  48.205    1.706   49.911   3.7x     0.864    +0.00    722.42    +0.00     355   32.1
subgraph_mip   diverse                  5000   2.602   80.627   83.228   2.2x     0.864    +0.00    722.42    +0.00    1105  100.0
============================================================================================================================

----------------- λ = 0.95 -----------------
========================================================================
Strategy Comparison Experiment — assembly_1  P=3  λ=0.95
========================================================================

Building assembly digraph …
2026-07-01 18:38:23.683 | INFO     | pycaalp.gapp.assembly_digraph:compute_assembly_digraph_complete:395 - Computing assembly digraph...
  343 nodes, 1105 edges  (1.3s)

[1] Full MIP  P=3  λ=0.95
2026-07-01 18:38:24.991 | INFO     | pycaalp.time_balancing.model:run_mip:430 - Running MIP solver ...
presolving:
(round 1, fast)       2 del vars, 2 del conss, 0 add conss, 0 chg bounds, 0 chg sides, 0 chg coeffs, 0 upgd conss, 0 impls, 69 clqs, 0 implints
(round 2, exhaustive) 2 del vars, 2 del conss, 0 add conss, 1 chg bounds, 0 chg sides, 0 chg coeffs, 3408 upgd conss, 0 impls, 69 clqs, 0 implints
   (0.6s) probing: 1000/1181 (84.7%) - 0 fixings, 0 aggregations, 131997 implications, 0 bound changes
   (0.6s) probing: 1001/1181 (84.8%) - 0 fixings, 0 aggregations, 132060 implications, 0 bound changes
   (0.6s) probing aborted: 1000/1000 successive useless probings
   (0.6s) symmetry computation started: requiring (bin +, int +, cont +), (fixed: bin -, int -, cont -)
   (0.7s) no symmetry present (symcode time: 0.00)
presolving (3 rounds: 3 fast, 2 medium, 2 exhaustive):
 2 deleted vars, 2 deleted constraints, 0 added constraints, 1 tightened bounds, 0 added holes, 0 changed sides, 0 changed coefficients
 0 implications, 12312 cliques, 0 implied integral variables (0 bin, 0 int, 0 cont)
presolved problem has 1182 variables (1181 bin, 0 int, 1 cont) and 3721 constraints
     69 constraints of type <setppc>
    313 constraints of type <linear>
   3339 constraints of type <logicor>
Presolving Time: 0.64

 time | node  | left  |LP iter|LP it/n|mem/heur|mdpt |vars |cons |rows |cuts |sepa|confs|strbr|  dualbound   | primalbound  |  gap   | compl. 
p 0.7s|     1 |     0 |     0 |     - | vbounds|   0 |1182 |3752 |3721 |   0 |  0 |  30 |   0 | 0.000000e+00 | 2.316285e+00 |    Inf | unknown
p 0.9s|     1 |     0 |    89 |     - | vbounds|   0 |1182 |3764 |3721 |   0 |  0 |  42 |   0 | 0.000000e+00 | 1.283505e+00 |    Inf | unknown
  0.9s|     1 |     0 |   381 |     - |    29M |   0 |1182 |3764 |3721 |   0 |  0 |  42 |   0 | 8.329273e-01 | 1.283505e+00 |  54.10%| unknown
  1.7s|     1 |     0 |   433 |     - |    31M |   0 |1182 |3765 |3724 |   3 |  1 |  43 |   0 | 8.329283e-01 | 1.283505e+00 |  54.10%| unknown
  2.2s|     1 |     0 |   453 |     - |    35M |   0 |1182 |3775 |3727 |   6 |  2 |  53 |   0 | 8.329297e-01 | 1.283505e+00 |  54.10%| unknown
  2.8s|     1 |     0 |   503 |     - |    43M |   0 |1182 |3776 |3730 |   9 |  3 |  54 |   0 | 8.329389e-01 | 1.283505e+00 |  54.09%| unknown
  3.1s|     1 |     0 |   516 |     - |    48M |   0 |1182 |3774 |3732 |  11 |  4 |  54 |   0 | 8.329389e-01 | 1.283505e+00 |  54.09%| unknown
  3.6s|     1 |     0 |   545 |     - |    54M |   0 |1182 |3770 |3735 |  14 |  5 |  54 |   0 | 8.329389e-01 | 1.283505e+00 |  54.09%| unknown
  4.0s|     1 |     0 |   546 |     - |    63M |   0 |1182 |3769 |3737 |  16 |  6 |  55 |   0 | 8.329389e-01 | 1.283505e+00 |  54.09%| unknown
  4.4s|     1 |     0 |   552 |     - |    73M |   0 |1182 |3771 |3740 |  19 |  7 |  57 |   0 | 8.329389e-01 | 1.283505e+00 |  54.09%| unknown
  5.0s|     1 |     0 |   565 |     - |    78M |   0 |1182 |3777 |3744 |  23 |  8 |  67 |   0 | 8.329389e-01 | 1.283505e+00 |  54.09%| unknown
  6.2s|     1 |     0 |   570 |     - |    84M |   0 |1182 |3779 |3745 |  24 |  9 |  69 |   0 | 8.329389e-01 | 1.283505e+00 |  54.09%| unknown
  7.0s|     1 |     0 |   576 |     - |    90M |   0 |1182 |3785 |3746 |  25 | 10 |  75 |   0 | 8.329389e-01 | 1.283505e+00 |  54.09%| unknown
  7.0s|     1 |     0 |   604 |     - |    91M |   0 |1182 |3786 |3750 |  29 | 11 |  76 |   0 | 8.329389e-01 | 1.283505e+00 |  54.09%| unknown
  7.0s|     1 |     0 |   607 |     - |    91M |   0 |1182 |3788 |3753 |  32 | 12 |  78 |   0 | 8.329389e-01 | 1.283505e+00 |  54.09%| unknown
 time | node  | left  |LP iter|LP it/n|mem/heur|mdpt |vars |cons |rows |cuts |sepa|confs|strbr|  dualbound   | primalbound  |  gap   | compl. 
  7.0s|     1 |     0 |   610 |     - |    91M |   0 |1182 |3790 |3755 |  34 | 13 |  80 |   0 | 8.329390e-01 | 1.283505e+00 |  54.09%| unknown
o 7.1s|     1 |     0 |  1583 |     - |feaspump|   0 |1182 |3798 |3755 |  34 | 13 |  89 |   0 | 8.329390e-01 | 1.254570e+00 |  50.62%| unknown
d 7.2s|     1 |     0 |  1767 |     - |conflict|   0 |1182 |3825 |3755 |   0 | 13 | 118 |   0 | 8.329390e-01 | 1.214565e+00 |  45.82%| unknown
L 7.2s|     1 |     0 |  1768 |     - |    rens|   0 |1182 |3825 |3755 |  34 | 13 | 118 |   0 | 8.329390e-01 | 1.019888e+00 |  22.44%| unknown
  7.2s|     1 |     0 |  1768 |     - |    92M |   0 |1182 |3825 |3755 |  34 | 13 | 118 |   0 | 8.329390e-01 | 1.019888e+00 |  22.44%| unknown
  7.2s|     1 |     0 |  1772 |     - |    92M |   0 |1182 |3825 |3759 |  38 | 14 | 118 |   0 | 8.329390e-01 | 1.019888e+00 |  22.44%| unknown
  7.5s|     1 |     2 |  1773 |     - |    92M |   0 |1182 |3823 |3759 |  38 | 15 | 119 |  31 | 8.329396e-01 | 1.019888e+00 |  22.44%| unknown
r 8.1s|     8 |     7 |  1993 | 209.7 |rounding|   7 |1182 |3819 |3726 |  38 |  1 | 147 | 167 | 8.329396e-01 | 9.583333e-01 |  15.05%| unknown
r 8.1s|    11 |     6 |  2017 | 149.2 |shifting|   7 |1182 |3820 |3726 |  38 |  0 | 149 | 174 | 8.329396e-01 | 9.513303e-01 |  14.21%|   7.39%
* 9.6s|    25 |    10 |  2543 |  84.1 |strongbr|  12 |1182 |3946 |3726 |  70 |  2 | 291 | 388 | 8.329396e-01 | 8.993990e-01 |   7.98%|   7.56%
*12.5s|    61 |    14 |  4498 |  66.2 |    LP  |  16 |1182 |4134 |3733 |  97 |  2 | 572 | 774 | 8.329396e-01 | 8.647205e-01 |   3.82%|  14.20%
 16.7s|   100 |    23 |  8515 |  80.7 |   140M |  18 |1182 |4260 |3728 | 202 |  1 | 850 |1192 | 8.329396e-01 | 8.647205e-01 |   3.82%|  14.55%
 22.8s|   200 |    58 | 13846 |  66.9 |   144M |  19 |1182 |4637 |3727 | 314 | 12 |1663 |2137 | 8.329396e-01 | 8.647205e-01 |   3.82%|  20.73%
*25.2s|   246 |    67 | 16491 |  65.2 |strongbr|  19 |1182 |4976 |3753 | 386 |  8 |2096 |2420 | 8.329396e-01 | 8.604857e-01 |   3.31%|  21.72%
 27.6s|   300 |    77 | 18586 |  60.4 |   148M |  19 |1182 |5113 |3726 | 471 |  1 |2474 |2697 | 8.329396e-01 | 8.604857e-01 |   3.31%|  25.41%
 time | node  | left  |LP iter|LP it/n|mem/heur|mdpt |vars |cons |rows |cuts |sepa|confs|strbr|  dualbound   | primalbound  |  gap   | compl. 
 34.9s|   400 |    93 | 25762 |  63.3 |   149M |  19 |1182 |5516 |3728 | 608 |  1 |3252 |3464 | 8.329548e-01 | 8.604857e-01 |   3.31%|  31.89%
 41.6s|   500 |    97 | 31106 |  61.3 |   152M |  19 |1182 |5797 |3747 | 870 |  3 |3814 |3848 | 8.329852e-01 | 8.604857e-01 |   3.30%|  36.50%
 49.5s|   600 |   108 | 40410 |  66.6 |   155M |  19 |1182 |5970 |3726 |1219 |  1 |4427 |4343 | 8.329866e-01 | 8.604857e-01 |   3.30%|  40.55%
 54.2s|   700 |   124 | 45247 |  64.0 |   158M |  19 |1182 |6141 |   0 |1393 |  0 |4920 |4718 | 8.329866e-01 | 8.604857e-01 |   3.30%|  43.61%
 58.8s|   800 |   151 | 51258 |  63.5 |   167M |  19 |1182 |5922 |   0 |1586 |  0 |5185 |4834 | 8.330316e-01 | 8.604857e-01 |   3.30%|  48.07%
d62.3s|   858 |   170 | 55282 |  63.9 |adaptive|  19 |1182 |5994 |3734 |   0 |  1 |5490 |4997 | 8.330445e-01 | 8.593954e-01 |   3.16%|  50.30%
 66.1s|   900 |   177 | 60054 |  66.2 |   169M |  19 |1182 |5936 |3743 |1881 |  5 |5751 |5120 | 8.330605e-01 | 8.593954e-01 |   3.16%|  54.19%
*71.9s|   969 |   195 | 67004 |  68.7 |strongbr|  19 |1182 |6006 |3741 |2132 |  8 |6183 |5320 | 8.330869e-01 | 8.579277e-01 |   2.98%|  57.38%
o72.0s|   970 |   198 | 67063 |  68.7 |rootsold|  19 |1182 |6006 |3736 |2134 |  1 |6183 |5323 | 8.330869e-01 | 8.577260e-01 |   2.96%|  57.38%
 75.0s|  1000 |   211 | 69509 |  69.1 |   171M |  19 |1182 |6037 |3752 |2277 |  5 |6341 |5439 | 8.331168e-01 | 8.577260e-01 |   2.95%|  58.27%
 80.4s|  1100 |   246 | 77176 |  69.7 |   175M |  19 |1182 |6119 |3726 |2499 |  1 |6856 |5677 | 8.331214e-01 | 8.577260e-01 |   2.95%|  61.36%
*82.6s|  1124 |   245 | 78485 |  69.4 |    LP  |  19 |1182 |6183 |3735 |2588 |  2 |6977 |5732 | 8.331284e-01 | 8.573736e-01 |   2.91%|  62.33%
 88.4s|  1200 |   245 | 85699 |  71.0 |   176M |  19 |1182 |6060 |3736 |2845 |  2 |7346 |5966 | 8.331418e-01 | 8.573736e-01 |   2.91%|  66.41%
 96.7s|  1300 |   238 | 94050 |  72.0 |   179M |  19 |1182 |6297 |   0 |3208 |  0 |7947 |6296 | 8.331879e-01 | 8.573736e-01 |   2.90%|  71.23%
  100s|  1400 |   241 | 99116 |  70.5 |   179M |  19 |1182 |6430 |3749 |3423 |  3 |8383 |6393 | 8.333710e-01 | 8.573736e-01 |   2.88%|  75.52%
 time | node  | left  |LP iter|LP it/n|mem/heur|mdpt |vars |cons |rows |cuts |sepa|confs|strbr|  dualbound   | primalbound  |  gap   | compl. 
  105s|  1500 |   236 |104241 |  69.2 |   182M |  19 |1182 |6437 |   0 |3643 |  0 |8767 |6555 | 8.333710e-01 | 8.573736e-01 |   2.88%|  79.00%
  111s|  1600 |   240 |111588 |  69.5 |   184M |  19 |1182 |6445 |3741 |3960 |  1 |9204 |6751 | 8.334213e-01 | 8.573736e-01 |   2.87%|  81.62%
  115s|  1700 |   229 |116905 |  68.5 |   185M |  20 |1182 |6561 |3741 |4186 |  1 |9664 |6892 | 8.343734e-01 | 8.573736e-01 |   2.76%|  83.36%
  117s|  1800 |   205 |119670 |  66.2 |   189M |  20 |1182 |6709 |   0 |4301 |  0 |  10k|6980 | 8.358972e-01 | 8.573736e-01 |   2.57%|  85.44%
* 118s|  1846 |   186 |120998 |  65.3 |    LP  |  20 |1182 |6738 |3733 |4348 |  2 |  10k|7030 | 8.360600e-01 | 8.545924e-01 |   2.22%|  86.82%
  120s|  1900 |   154 |122198 |  64.1 |   190M |  20 |1182 |6786 |3738 |4417 |  1 |  10k|7071 | 8.372131e-01 | 8.545924e-01 |   2.08%|  89.10%
* 120s|  1984 |   117 |124022 |  62.3 |strongbr|  20 |1182 |6881 |3739 |4417 |  1 |  10k|7145 | 8.373027e-01 | 8.503157e-01 |   1.55%|  91.57%
* 120s|  1985 |   118 |124031 |  62.3 |    LP  |  20 |1182 |6884 |3739 |4417 |  2 |  10k|7147 | 8.373027e-01 | 8.502498e-01 |   1.55%|  91.57%
  120s|  2000 |   112 |124259 |  61.9 |   190M |  20 |1182 |6892 |   0 |4417 |  0 |  10k|7165 | 8.373027e-01 | 8.502498e-01 |   1.55%|  91.98%
  121s|  2100 |    67 |128234 |  60.8 |   190M |  20 |1182 |6920 |3737 |4444 |  0 |  11k|7241 | 8.375514e-01 | 8.502498e-01 |   1.52%|  95.22%
  122s|  2200 |    11 |130516 |  59.1 |   191M |  20 |1182 |6928 |   0 |4474 |  0 |  11k|7262 | 8.391067e-01 | 8.502498e-01 |   1.33%|  99.28%

SCIP Status        : problem is solved [optimal solution found]
Solving Time (sec) : 122.71
Solving Nodes      : 2237
Primal Bound       : +8.50249786180451e-01 (19 solutions)
Dual Bound         : +8.50249786180451e-01
Gap                : 0.00 %
objective value:                    0.850249786180451
x_('12_3', '13_1')                                  1 	(obj:0.00156615925058548)
x_('11_3', '12_3')                                  1 	(obj:0.00162756147540984)
x_('10_13', '11_3')                                 1 	(obj:0.00142678837555887)
x_('9_12', '10_13')                                 1 	(obj:0.00140374707259953)
x_('8_15', '9_12')                                  1 	(obj:0.000198412698412699)
x_('7_7', '8_15')                                   1 	(obj:0.00220111241217799)
x_('6_4', '7_7')                                    1 	(obj:0.00265347942455671)
x_('5_6', '6_4')                                    1 	(obj:0.00263436768149883)
x_('4_8', '5_6')                                    1 	(obj:0.00430087822014052)
x_('3_8', '4_8')                                    1 	(obj:0.00848214285714287)
x_('2_6', '3_8')                                    1 	(obj:0.00772179937548791)
x_('1_6', '2_6')                                    1 	(obj:0.00937500000000001)
x_('0_1', '1_6')                                    1 	(obj:0.0115582552693209)
y_0_0                                               1 	(obj:0)
y_1_0                                               1 	(obj:0)
y_2_0                                               1 	(obj:0)
y_3_0                                               1 	(obj:0)
y_4_0                                               1 	(obj:0)
y_5_1                                               1 	(obj:0)
y_6_1                                               1 	(obj:0)
y_7_1                                               1 	(obj:0)
y_8_2                                               1 	(obj:0)
y_9_2                                               1 	(obj:0)
y_10_2                                              1 	(obj:0)
y_11_2                                              1 	(obj:0)
y_12_2                                              1 	(obj:0)
z_('3268741', '3425762')_2                          1 	(obj:0)
z_('3268741', '1966592X')_2                         1 	(obj:0)
z_('1966592X', '3452192')_1                         1 	(obj:0)
z_('3452192', '1353870')_2                          1 	(obj:0)
z_('3452192', '3520162')_1                          1 	(obj:0)
z_('3520162', '3307092')_2                          1 	(obj:0)
z_('3520162', '3524054')_0                          1 	(obj:0)
z_('3268740', '3524054')_0                          1 	(obj:0)
z_('3524054', '3179975')_0                          1 	(obj:0)
z_('3179975', '3422998')_0                          1 	(obj:0)
z_('3422998', '2495223X')_1                         1 	(obj:0)
z_('3422998', '1353870_01')_0                       1 	(obj:0)
z_('2495223X', '2245784X')_2                        1 	(obj:0)
alpha                                4.35192771084337 	(obj:0.182700663911872)
  obj=0.850  alpha=722.4s  time=122.99s

k = 1
  Subgraph edges — edge_w: 13 (1.2%)  bal_w: 13 (1.2%)  combined: 26 (2.4%)  blended: 13 (1.2%)  blended_union: 37 (3.3%)  diverse: 13 (1.2%)
  [3a] Subgraph / edge_w   k=1 …
2026-07-01 18:40:28.012 | INFO     | pycaalp.time_balancing.model:run_mip:430 - Running MIP solver ...
      obj=0.913 (vs_full=+7.42%)  alpha=792.0s  build=0.002s solve=0.034s  vs_full=+9.63%
  [3b] Subgraph / bal_w    k=1 …
2026-07-01 18:40:28.045 | INFO     | pycaalp.time_balancing.model:run_mip:430 - Running MIP solver ...
      obj=0.864 (vs_full=+1.57%)  alpha=731.8s  build=0.001s solve=0.027s  vs_full=+1.30%
  [3c] Subgraph / combined k=1 …
2026-07-01 18:40:28.073 | INFO     | pycaalp.time_balancing.model:run_mip:430 - Running MIP solver ...
      obj=0.864 (vs_full=+1.57%)  alpha=731.8s  build=0.002s solve=0.174s  vs_full=+1.30%
  [3d] Subgraph / blended  k=1 …
2026-07-01 18:40:28.247 | INFO     | pycaalp.time_balancing.model:run_mip:430 - Running MIP solver ...
      obj=0.850 (vs_full=+0.00%)  alpha=722.4s  build=0.001s solve=0.023s  vs_full=+0.00%
  [3e] Subgraph / bl-union k=1 …
2026-07-01 18:40:28.270 | INFO     | pycaalp.time_balancing.model:run_mip:430 - Running MIP solver ...
      obj=0.861 (vs_full=+1.32%)  alpha=722.4s  build=0.020s solve=0.249s  vs_full=+0.00%
  [3f] Subgraph / diverse  k=1 …
2026-07-01 18:40:28.519 | INFO     | pycaalp.time_balancing.model:run_mip:430 - Running MIP solver ...
      obj=0.850 (vs_full=+0.00%)  alpha=722.4s  build=0.007s solve=0.028s  vs_full=+0.00%

k = 2
  Subgraph edges — edge_w: 15 (1.4%)  bal_w: 15 (1.4%)  combined: 30 (2.7%)  blended: 15 (1.4%)  blended_union: 42 (3.8%)  diverse: 26 (2.4%)
  [3a] Subgraph / edge_w   k=2 …
2026-07-01 18:40:28.591 | INFO     | pycaalp.time_balancing.model:run_mip:430 - Running MIP solver ...
      obj=0.909 (vs_full=+6.94%)  alpha=788.3s  build=0.004s solve=0.076s  vs_full=+9.12%
  [3b] Subgraph / bal_w    k=2 …
2026-07-01 18:40:28.668 | INFO     | pycaalp.time_balancing.model:run_mip:430 - Running MIP solver ...
      obj=0.863 (vs_full=+1.51%)  alpha=731.8s  build=0.005s solve=0.038s  vs_full=+1.30%
  [3c] Subgraph / combined k=2 …
2026-07-01 18:40:28.706 | INFO     | pycaalp.time_balancing.model:run_mip:430 - Running MIP solver ...
      obj=0.863 (vs_full=+1.51%)  alpha=731.8s  build=0.008s solve=0.431s  vs_full=+1.30%
  [3d] Subgraph / blended  k=2 …
2026-07-01 18:40:29.137 | INFO     | pycaalp.time_balancing.model:run_mip:430 - Running MIP solver ...
      obj=0.850 (vs_full=-0.00%)  alpha=722.4s  build=0.003s solve=0.038s  vs_full=+0.00%
  [3e] Subgraph / bl-union k=2 …
2026-07-01 18:40:29.176 | INFO     | pycaalp.time_balancing.model:run_mip:430 - Running MIP solver ...
      obj=0.861 (vs_full=+1.32%)  alpha=722.4s  build=0.019s solve=0.236s  vs_full=+0.00%
  [3f] Subgraph / diverse  k=2 …
2026-07-01 18:40:29.411 | INFO     | pycaalp.time_balancing.model:run_mip:430 - Running MIP solver ...
      obj=0.850 (vs_full=-0.00%)  alpha=722.4s  build=0.006s solve=0.173s  vs_full=+0.00%

k = 5
  Subgraph edges — edge_w: 21 (1.9%)  bal_w: 44 (4.0%)  combined: 65 (5.9%)  blended: 19 (1.7%)  blended_union: 60 (5.4%)  diverse: 65 (5.9%)
  [3a] Subgraph / edge_w   k=5 …
2026-07-01 18:40:29.741 | INFO     | pycaalp.time_balancing.model:run_mip:430 - Running MIP solver ...
      obj=0.909 (vs_full=+6.94%)  alpha=788.3s  build=0.013s solve=0.103s  vs_full=+9.12%
  [3b] Subgraph / bal_w    k=5 …
2026-07-01 18:40:29.844 | INFO     | pycaalp.time_balancing.model:run_mip:430 - Running MIP solver ...
      obj=0.863 (vs_full=+1.51%)  alpha=731.8s  build=0.021s solve=0.700s  vs_full=+1.30%
  [3c] Subgraph / combined k=5 …
2026-07-01 18:40:30.544 | INFO     | pycaalp.time_balancing.model:run_mip:430 - Running MIP solver ...
      obj=0.863 (vs_full=+1.51%)  alpha=731.8s  build=0.038s solve=0.276s  vs_full=+1.30%
  [3d] Subgraph / blended  k=5 …
2026-07-01 18:40:30.821 | INFO     | pycaalp.time_balancing.model:run_mip:430 - Running MIP solver ...
      obj=0.850 (vs_full=-0.00%)  alpha=722.4s  build=0.016s solve=0.109s  vs_full=+0.00%
  [3e] Subgraph / bl-union k=5 …
2026-07-01 18:40:30.930 | INFO     | pycaalp.time_balancing.model:run_mip:430 - Running MIP solver ...
      obj=0.861 (vs_full=+1.32%)  alpha=722.4s  build=0.065s solve=0.276s  vs_full=+0.00%
  [3f] Subgraph / diverse  k=5 …
2026-07-01 18:40:31.206 | INFO     | pycaalp.time_balancing.model:run_mip:430 - Running MIP solver ...
      obj=0.850 (vs_full=+0.00%)  alpha=722.4s  build=0.005s solve=0.326s  vs_full=+0.00%

k = 10
  Subgraph edges — edge_w: 24 (2.2%)  bal_w: 57 (5.2%)  combined: 81 (7.3%)  blended: 28 (2.5%)  blended_union: 75 (6.8%)  diverse: 126 (11.4%)
  [3a] Subgraph / edge_w   k=10 …
2026-07-01 18:40:31.823 | INFO     | pycaalp.time_balancing.model:run_mip:430 - Running MIP solver ...
      obj=0.909 (vs_full=+6.94%)  alpha=788.3s  build=0.026s solve=0.165s  vs_full=+9.12%
  [3b] Subgraph / bal_w    k=10 …
2026-07-01 18:40:31.988 | INFO     | pycaalp.time_balancing.model:run_mip:430 - Running MIP solver ...
      obj=0.863 (vs_full=+1.50%)  alpha=731.8s  build=0.034s solve=0.343s  vs_full=+1.30%
  [3c] Subgraph / combined k=10 …
2026-07-01 18:40:32.331 | INFO     | pycaalp.time_balancing.model:run_mip:430 - Running MIP solver ...
      obj=0.863 (vs_full=+1.50%)  alpha=731.8s  build=0.086s solve=0.393s  vs_full=+1.30%
  [3d] Subgraph / blended  k=10 …
2026-07-01 18:40:32.724 | INFO     | pycaalp.time_balancing.model:run_mip:430 - Running MIP solver ...
      obj=0.850 (vs_full=-0.00%)  alpha=722.4s  build=0.022s solve=0.137s  vs_full=+0.00%
  [3e] Subgraph / bl-union k=10 …
2026-07-01 18:40:32.861 | INFO     | pycaalp.time_balancing.model:run_mip:430 - Running MIP solver ...
      obj=0.859 (vs_full=+1.08%)  alpha=722.4s  build=0.115s solve=0.318s  vs_full=+0.00%
  [3f] Subgraph / diverse  k=10 …
2026-07-01 18:40:33.180 | INFO     | pycaalp.time_balancing.model:run_mip:430 - Running MIP solver ...
      obj=0.850 (vs_full=+0.00%)  alpha=722.4s  build=0.008s solve=0.486s  vs_full=+0.00%

k = 20
  Subgraph edges — edge_w: 35 (3.2%)  bal_w: 73 (6.6%)  combined: 107 (9.7%)  blended: 33 (3.0%)  blended_union: 93 (8.4%)  diverse: 238 (21.5%)
  [3a] Subgraph / edge_w   k=20 …
2026-07-01 18:40:34.259 | INFO     | pycaalp.time_balancing.model:run_mip:430 - Running MIP solver ...
      obj=0.909 (vs_full=+6.94%)  alpha=788.3s  build=0.076s solve=0.197s  vs_full=+9.12%
  [3b] Subgraph / bal_w    k=20 …
2026-07-01 18:40:34.456 | INFO     | pycaalp.time_balancing.model:run_mip:430 - Running MIP solver ...
      obj=0.861 (vs_full=+1.20%)  alpha=731.8s  build=0.073s solve=0.372s  vs_full=+1.30%
  [3c] Subgraph / combined k=20 …
2026-07-01 18:40:34.828 | INFO     | pycaalp.time_balancing.model:run_mip:430 - Running MIP solver ...
      obj=0.861 (vs_full=+1.20%)  alpha=731.8s  build=0.178s solve=0.519s  vs_full=+1.30%
  [3d] Subgraph / blended  k=20 …
2026-07-01 18:40:35.347 | INFO     | pycaalp.time_balancing.model:run_mip:430 - Running MIP solver ...
      obj=0.850 (vs_full=+0.00%)  alpha=722.4s  build=0.040s solve=0.155s  vs_full=+0.00%
  [3e] Subgraph / bl-union k=20 …
2026-07-01 18:40:35.502 | INFO     | pycaalp.time_balancing.model:run_mip:430 - Running MIP solver ...
      obj=0.859 (vs_full=+1.08%)  alpha=722.4s  build=0.213s solve=0.452s  vs_full=+0.00%
  [3f] Subgraph / diverse  k=20 …
2026-07-01 18:40:35.954 | INFO     | pycaalp.time_balancing.model:run_mip:430 - Running MIP solver ...
      obj=0.850 (vs_full=+0.00%)  alpha=722.4s  build=0.012s solve=1.040s  vs_full=+0.00%

k = 50
  Subgraph edges — edge_w: 54 (4.9%)  bal_w: 141 (12.8%)  combined: 190 (17.2%)  blended: 37 (3.3%)  blended_union: 146 (13.2%)  diverse: 506 (45.8%)
  [3a] Subgraph / edge_w   k=50 …
2026-07-01 18:40:38.390 | INFO     | pycaalp.time_balancing.model:run_mip:430 - Running MIP solver ...
      obj=0.901 (vs_full=+5.99%)  alpha=780.8s  build=0.154s solve=0.549s  vs_full=+8.08%
  [3b] Subgraph / bal_w    k=50 …
2026-07-01 18:40:38.939 | INFO     | pycaalp.time_balancing.model:run_mip:430 - Running MIP solver ...
      obj=0.859 (vs_full=+0.98%)  alpha=731.8s  build=0.229s solve=0.783s  vs_full=+1.30%
  [3c] Subgraph / combined k=50 …
2026-07-01 18:40:39.723 | INFO     | pycaalp.time_balancing.model:run_mip:430 - Running MIP solver ...
      obj=0.858 (vs_full=+0.87%)  alpha=731.8s  build=0.434s solve=1.380s  vs_full=+1.30%
  [3d] Subgraph / blended  k=50 …
2026-07-01 18:40:41.102 | INFO     | pycaalp.time_balancing.model:run_mip:430 - Running MIP solver ...
      obj=0.850 (vs_full=+0.00%)  alpha=722.4s  build=0.101s solve=0.267s  vs_full=+0.00%
  [3e] Subgraph / bl-union k=50 …
2026-07-01 18:40:41.370 | INFO     | pycaalp.time_balancing.model:run_mip:430 - Running MIP solver ...
      obj=0.851 (vs_full=+0.10%)  alpha=722.4s  build=0.454s solve=0.679s  vs_full=+0.00%
  [3f] Subgraph / diverse  k=50 …
2026-07-01 18:40:42.049 | INFO     | pycaalp.time_balancing.model:run_mip:430 - Running MIP solver ...
      obj=0.850 (vs_full=+0.00%)  alpha=722.4s  build=0.024s solve=14.524s  vs_full=+0.00%

k = 100
  Subgraph edges — edge_w: 78 (7.1%)  bal_w: 189 (17.1%)  combined: 257 (23.3%)  blended: 54 (4.9%)  blended_union: 190 (17.2%)  diverse: 736 (66.6%)
  [3a] Subgraph / edge_w   k=100 …
2026-07-01 18:40:59.154 | INFO     | pycaalp.time_balancing.model:run_mip:430 - Running MIP solver ...
      obj=0.901 (vs_full=+5.99%)  alpha=780.8s  build=0.306s solve=0.495s  vs_full=+8.08%
  [3b] Subgraph / bal_w    k=100 …
2026-07-01 18:40:59.650 | INFO     | pycaalp.time_balancing.model:run_mip:430 - Running MIP solver ...
      obj=0.859 (vs_full=+0.98%)  alpha=731.8s  build=0.407s solve=1.269s  vs_full=+1.30%
  [3c] Subgraph / combined k=100 …
2026-07-01 18:41:00.919 | INFO     | pycaalp.time_balancing.model:run_mip:430 - Running MIP solver ...
      obj=0.857 (vs_full=+0.78%)  alpha=731.8s  build=0.700s solve=2.731s  vs_full=+1.30%
  [3d] Subgraph / blended  k=100 …
2026-07-01 18:41:03.650 | INFO     | pycaalp.time_balancing.model:run_mip:430 - Running MIP solver ...
      obj=0.850 (vs_full=+0.00%)  alpha=722.4s  build=0.236s solve=0.480s  vs_full=+0.00%
  [3e] Subgraph / bl-union k=100 …
2026-07-01 18:41:04.130 | INFO     | pycaalp.time_balancing.model:run_mip:430 - Running MIP solver ...
      obj=0.850 (vs_full=+0.00%)  alpha=722.4s  build=0.865s solve=1.365s  vs_full=+0.00%
  [3f] Subgraph / diverse  k=100 …
2026-07-01 18:41:05.496 | INFO     | pycaalp.time_balancing.model:run_mip:430 - Running MIP solver ...
      obj=0.850 (vs_full=+0.00%)  alpha=722.4s  build=0.068s solve=43.388s  vs_full=+0.00%

k = 200
  Subgraph edges — edge_w: 95 (8.6%)  bal_w: 258 (23.3%)  combined: 339 (30.7%)  blended: 69 (6.2%)  blended_union: 203 (18.4%)  diverse: 901 (81.5%)
  [3a] Subgraph / edge_w   k=200 …
2026-07-01 18:41:53.609 | INFO     | pycaalp.time_balancing.model:run_mip:430 - Running MIP solver ...
      obj=0.901 (vs_full=+5.99%)  alpha=780.8s  build=0.526s solve=0.538s  vs_full=+8.08%
  [3b] Subgraph / bal_w    k=200 …
2026-07-01 18:41:54.147 | INFO     | pycaalp.time_balancing.model:run_mip:430 - Running MIP solver ...
      obj=0.859 (vs_full=+0.98%)  alpha=731.8s  build=0.704s solve=2.293s  vs_full=+1.30%
  [3c] Subgraph / combined k=200 …
2026-07-01 18:41:56.439 | INFO     | pycaalp.time_balancing.model:run_mip:430 - Running MIP solver ...
      obj=0.857 (vs_full=+0.78%)  alpha=731.8s  build=1.223s solve=6.684s  vs_full=+1.30%
  [3d] Subgraph / blended  k=200 …
2026-07-01 18:42:03.124 | INFO     | pycaalp.time_balancing.model:run_mip:430 - Running MIP solver ...
      obj=0.850 (vs_full=+0.00%)  alpha=722.4s  build=0.438s solve=0.349s  vs_full=+0.00%
  [3e] Subgraph / bl-union k=200 …
2026-07-01 18:42:03.473 | INFO     | pycaalp.time_balancing.model:run_mip:430 - Running MIP solver ...
      obj=0.850 (vs_full=+0.00%)  alpha=722.4s  build=1.693s solve=1.408s  vs_full=+0.00%
  [3f] Subgraph / diverse  k=200 …
2026-07-01 18:42:04.881 | INFO     | pycaalp.time_balancing.model:run_mip:430 - Running MIP solver ...
      obj=0.850 (vs_full=+0.00%)  alpha=722.4s  build=0.141s solve=69.343s  vs_full=+0.00%

k = 500
  Subgraph edges — edge_w: 108 (9.8%)  bal_w: 399 (36.1%)  combined: 459 (41.5%)  blended: 70 (6.3%)  blended_union: 247 (22.4%)  diverse: 1040 (94.1%)
  [3a] Subgraph / edge_w   k=500 …
2026-07-01 18:43:24.685 | INFO     | pycaalp.time_balancing.model:run_mip:430 - Running MIP solver ...
      obj=0.901 (vs_full=+5.99%)  alpha=780.8s  build=1.170s solve=0.467s  vs_full=+8.08%
  [3b] Subgraph / bal_w    k=500 …
2026-07-01 18:43:25.153 | INFO     | pycaalp.time_balancing.model:run_mip:430 - Running MIP solver ...
      obj=0.857 (vs_full=+0.78%)  alpha=731.8s  build=1.386s solve=5.775s  vs_full=+1.30%
  [3c] Subgraph / combined k=500 …
2026-07-01 18:43:30.928 | INFO     | pycaalp.time_balancing.model:run_mip:430 - Running MIP solver ...
      obj=0.857 (vs_full=+0.78%)  alpha=731.8s  build=2.647s solve=11.252s  vs_full=+1.30%
  [3d] Subgraph / blended  k=500 …
2026-07-01 18:43:42.179 | INFO     | pycaalp.time_balancing.model:run_mip:430 - Running MIP solver ...
      obj=0.850 (vs_full=-0.00%)  alpha=722.4s  build=1.088s solve=0.145s  vs_full=+0.00%
  [3e] Subgraph / bl-union k=500 …
2026-07-01 18:43:42.325 | INFO     | pycaalp.time_balancing.model:run_mip:430 - Running MIP solver ...
      obj=0.850 (vs_full=+0.00%)  alpha=722.4s  build=3.818s solve=1.565s  vs_full=+0.00%
  [3f] Subgraph / diverse  k=500 …
2026-07-01 18:43:43.891 | INFO     | pycaalp.time_balancing.model:run_mip:430 - Running MIP solver ...
      obj=0.850 (vs_full=+0.00%)  alpha=722.4s  build=0.352s solve=58.272s  vs_full=+0.00%

k = 1000
  Subgraph edges — edge_w: 142 (12.9%)  bal_w: 500 (45.2%)  combined: 578 (52.3%)  blended: 72 (6.5%)  blended_union: 284 (25.7%)  diverse: 1094 (99.0%)
  [3a] Subgraph / edge_w   k=1000 …
2026-07-01 18:45:00.200 | INFO     | pycaalp.time_balancing.model:run_mip:430 - Running MIP solver ...
      obj=0.865 (vs_full=+1.70%)  alpha=747.1s  build=2.014s solve=0.484s  vs_full=+3.42%
  [3b] Subgraph / bal_w    k=1000 …
2026-07-01 18:45:00.684 | INFO     | pycaalp.time_balancing.model:run_mip:430 - Running MIP solver ...
      obj=0.857 (vs_full=+0.78%)  alpha=731.8s  build=2.355s solve=8.582s  vs_full=+1.30%
  [3c] Subgraph / combined k=1000 …
2026-07-01 18:45:09.266 | INFO     | pycaalp.time_balancing.model:run_mip:430 - Running MIP solver ...
      obj=0.857 (vs_full=+0.78%)  alpha=731.8s  build=4.399s solve=12.241s  vs_full=+1.30%
  [3d] Subgraph / blended  k=1000 …
2026-07-01 18:45:21.508 | INFO     | pycaalp.time_balancing.model:run_mip:430 - Running MIP solver ...
      obj=0.850 (vs_full=+0.00%)  alpha=722.4s  build=1.959s solve=0.394s  vs_full=+0.00%
  [3e] Subgraph / bl-union k=1000 …
2026-07-01 18:45:21.902 | INFO     | pycaalp.time_balancing.model:run_mip:430 - Running MIP solver ...
      obj=0.850 (vs_full=+0.00%)  alpha=722.4s  build=6.691s solve=0.930s  vs_full=+0.00%
  [3f] Subgraph / diverse  k=1000 …
2026-07-01 18:45:22.832 | INFO     | pycaalp.time_balancing.model:run_mip:430 - Running MIP solver ...
      obj=0.850 (vs_full=+0.00%)  alpha=722.4s  build=0.619s solve=56.739s  vs_full=+0.00%

k = 2000
  Subgraph edges — edge_w: 185 (16.7%)  bal_w: 630 (57.0%)  combined: 685 (62.0%)  blended: 83 (7.5%)  blended_union: 335 (30.3%)  diverse: 1105 (100.0%)
  [3a] Subgraph / edge_w   k=2000 …
2026-07-01 18:46:59.583 | INFO     | pycaalp.time_balancing.model:run_mip:430 - Running MIP solver ...
      obj=0.865 (vs_full=+1.70%)  alpha=747.1s  build=4.631s solve=0.689s  vs_full=+3.42%
  [3b] Subgraph / bal_w    k=2000 …
2026-07-01 18:47:00.272 | INFO     | pycaalp.time_balancing.model:run_mip:430 - Running MIP solver ...
      obj=0.857 (vs_full=+0.78%)  alpha=731.8s  build=4.757s solve=16.365s  vs_full=+1.30%
  [3c] Subgraph / combined k=2000 …
2026-07-01 18:47:16.637 | INFO     | pycaalp.time_balancing.model:run_mip:430 - Running MIP solver ...
      obj=0.857 (vs_full=+0.78%)  alpha=731.8s  build=9.440s solve=31.200s  vs_full=+1.30%
  [3d] Subgraph / blended  k=2000 …
2026-07-01 18:47:47.837 | INFO     | pycaalp.time_balancing.model:run_mip:430 - Running MIP solver ...
      obj=0.850 (vs_full=+0.00%)  alpha=722.4s  build=4.947s solve=0.626s  vs_full=+0.00%
  [3e] Subgraph / bl-union k=2000 …
2026-07-01 18:47:48.463 | INFO     | pycaalp.time_balancing.model:run_mip:430 - Running MIP solver ...
      obj=0.850 (vs_full=+0.00%)  alpha=722.4s  build=15.009s solve=1.275s  vs_full=+0.00%
  [3f] Subgraph / diverse  k=2000 …
2026-07-01 18:47:49.738 | INFO     | pycaalp.time_balancing.model:run_mip:430 - Running MIP solver ...
      obj=0.850 (vs_full=+0.00%)  alpha=722.4s  build=1.229s solve=65.941s  vs_full=+0.00%

k = 5000
  Subgraph edges — edge_w: 232 (21.0%)  bal_w: 799 (72.3%)  combined: 830 (75.1%)  blended: 93 (8.4%)  blended_union: 355 (32.1%)  diverse: 1105 (100.0%)
  [3a] Subgraph / edge_w   k=5000 …
2026-07-01 18:51:21.168 | INFO     | pycaalp.time_balancing.model:run_mip:430 - Running MIP solver ...
      obj=0.865 (vs_full=+1.70%)  alpha=747.1s  build=18.414s solve=0.912s  vs_full=+3.42%
  [3b] Subgraph / bal_w    k=5000 …
2026-07-01 18:51:22.080 | INFO     | pycaalp.time_balancing.model:run_mip:430 - Running MIP solver ...
      obj=0.857 (vs_full=+0.78%)  alpha=731.8s  build=16.702s solve=43.604s  vs_full=+1.30%
  [3c] Subgraph / combined k=5000 …
2026-07-01 18:52:05.685 | INFO     | pycaalp.time_balancing.model:run_mip:430 - Running MIP solver ...
      obj=0.857 (vs_full=+0.78%)  alpha=731.8s  build=35.054s solve=29.019s  vs_full=+1.30%
  [3d] Subgraph / blended  k=5000 …
2026-07-01 18:52:34.704 | INFO     | pycaalp.time_balancing.model:run_mip:430 - Running MIP solver ...
      obj=0.850 (vs_full=-0.00%)  alpha=722.4s  build=18.814s solve=0.157s  vs_full=+0.00%
  [3e] Subgraph / bl-union k=5000 …
2026-07-01 18:52:34.861 | INFO     | pycaalp.time_balancing.model:run_mip:430 - Running MIP solver ...
      obj=0.850 (vs_full=+0.00%)  alpha=722.4s  build=53.676s solve=2.557s  vs_full=+0.00%
  [3f] Subgraph / diverse  k=5000 …
2026-07-01 18:52:37.418 | INFO     | pycaalp.time_balancing.model:run_mip:430 - Running MIP solver ...
      obj=0.850 (vs_full=+0.00%)  alpha=722.4s  build=2.828s solve=56.486s  vs_full=+0.00%

Results saved to experiments/strategy_comparison/assembly_1_np_3/strategy_comparison_lambda_0.95.csv
Plot with:  python -m experiments.strategy_comparison.plot_k_sensitivity

============================================================================================================================
SUMMARY — assembly_1  P=3  λ=0.95
============================================================================================================================
Strategy       Weight                      k   Build    Solve    Total  Spdup       Obj   ObjvsF     Alpha    AlvsF   Edges  %Grph
----------------------------------------------------------------------------------------------------------------------------
full_mip       —                               0.000  122.989  122.989   1.0x     0.850    +0.00    722.42    +0.00    1105  100.0
subgraph_mip   edge_weight                 1   0.002    0.034    0.035 3510.7x     0.913    +7.42    792.00    +9.63      13    1.2
subgraph_mip   time_balanced_weight        1   0.001    0.027    0.028 4330.5x     0.864    +1.57    731.84    +1.30      13    1.2
subgraph_mip   combined                    1   0.002    0.174    0.176 699.3x     0.864    +1.57    731.84    +1.30      26    2.4
subgraph_mip   blended                     1   0.001    0.023    0.023 5247.5x     0.850    +0.00    722.42    +0.00      13    1.2
subgraph_mip   blended_union               1   0.020    0.249    0.268 458.8x     0.861    +1.32    722.42    +0.00      37    3.4
subgraph_mip   diverse                     1   0.007    0.028    0.034 3580.9x     0.850    +0.00    722.42    +0.00      13    1.2
subgraph_mip   edge_weight                 2   0.004    0.076    0.080 1537.6x     0.909    +6.94    788.33    +9.12      15    1.4
subgraph_mip   time_balanced_weight        2   0.005    0.038    0.043 2867.9x     0.863    +1.51    731.84    +1.30      15    1.4
subgraph_mip   combined                    2   0.008    0.431    0.440 279.6x     0.863    +1.51    731.84    +1.30      30    2.7
subgraph_mip   blended                     2   0.003    0.038    0.041 2999.1x     0.850    -0.00    722.42    +0.00      15    1.4
subgraph_mip   blended_union               2   0.019    0.236    0.254 484.1x     0.861    +1.32    722.42    +0.00      42    3.8
subgraph_mip   diverse                     2   0.006    0.173    0.179 687.0x     0.850    -0.00    722.42    +0.00      26    2.4
subgraph_mip   edge_weight                 5   0.013    0.103    0.115 1065.3x     0.909    +6.94    788.33    +9.12      21    1.9
subgraph_mip   time_balanced_weight        5   0.021    0.700    0.721 170.6x     0.863    +1.51    731.84    +1.30      44    4.0
subgraph_mip   combined                    5   0.038    0.276    0.314 391.4x     0.863    +1.51    731.84    +1.30      65    5.9
subgraph_mip   blended                     5   0.016    0.109    0.124 988.3x     0.850    -0.00    722.42    +0.00      19    1.7
subgraph_mip   blended_union               5   0.065    0.276    0.341 361.1x     0.861    +1.32    722.42    +0.00      60    5.4
subgraph_mip   diverse                     5   0.005    0.326    0.332 370.8x     0.850    +0.00    722.42    +0.00      65    5.9
subgraph_mip   edge_weight                10   0.026    0.165    0.191 645.4x     0.909    +6.94    788.33    +9.12      24    2.2
subgraph_mip   time_balanced_weight       10   0.034    0.343    0.377 326.4x     0.863    +1.50    731.84    +1.30      57    5.2
subgraph_mip   combined                   10   0.086    0.393    0.478 257.1x     0.863    +1.50    731.84    +1.30      81    7.3
subgraph_mip   blended                    10   0.022    0.137    0.159 771.2x     0.850    -0.00    722.42    +0.00      28    2.5
subgraph_mip   blended_union              10   0.115    0.318    0.434 283.5x     0.859    +1.08    722.42    +0.00      75    6.8
subgraph_mip   diverse                    10   0.008    0.486    0.493 249.2x     0.850    +0.00    722.42    +0.00     126   11.4
subgraph_mip   edge_weight                20   0.076    0.197    0.273 450.6x     0.909    +6.94    788.33    +9.12      35    3.2
subgraph_mip   time_balanced_weight       20   0.073    0.372    0.445 276.3x     0.861    +1.20    731.84    +1.30      73    6.6
subgraph_mip   combined                   20   0.178    0.519    0.697 176.4x     0.861    +1.20    731.84    +1.30     107    9.7
subgraph_mip   blended                    20   0.040    0.155    0.195 631.3x     0.850    +0.00    722.42    +0.00      33    3.0
subgraph_mip   blended_union              20   0.213    0.452    0.666 184.7x     0.859    +1.08    722.42    +0.00      93    8.4
subgraph_mip   diverse                    20   0.012    1.040    1.052 116.9x     0.850    +0.00    722.42    +0.00     238   21.5
subgraph_mip   edge_weight                50   0.154    0.549    0.704 174.8x     0.901    +5.99    780.81    +8.08      54    4.9
subgraph_mip   time_balanced_weight       50   0.229    0.783    1.012 121.5x     0.859    +0.98    731.84    +1.30     141   12.8
subgraph_mip   combined                   50   0.434    1.380    1.813  67.8x     0.858    +0.87    731.84    +1.30     190   17.2
subgraph_mip   blended                    50   0.101    0.267    0.368 334.3x     0.850    +0.00    722.42    +0.00      37    3.4
subgraph_mip   blended_union              50   0.454    0.679    1.132 108.6x     0.851    +0.10    722.42    +0.00     146   13.2
subgraph_mip   diverse                    50   0.024   14.524   14.548   8.4x     0.850    +0.00    722.42    +0.00     506   45.8
subgraph_mip   edge_weight               100   0.306    0.495    0.801 153.6x     0.901    +5.99    780.81    +8.08      78    7.1
subgraph_mip   time_balanced_weight      100   0.407    1.269    1.676  73.4x     0.859    +0.98    731.84    +1.30     189   17.1
subgraph_mip   combined                  100   0.700    2.731    3.431  35.8x     0.857    +0.78    731.84    +1.30     257   23.3
subgraph_mip   blended                   100   0.236    0.480    0.716 171.8x     0.850    +0.00    722.42    +0.00      54    4.9
subgraph_mip   blended_union             100   0.865    1.365    2.230  55.1x     0.850    +0.00    722.42    +0.00     190   17.2
subgraph_mip   diverse                   100   0.068   43.388   43.456   2.8x     0.850    +0.00    722.42    +0.00     736   66.6
subgraph_mip   edge_weight               200   0.526    0.538    1.063 115.7x     0.901    +5.99    780.81    +8.08      95    8.6
subgraph_mip   time_balanced_weight      200   0.704    2.293    2.997  41.0x     0.859    +0.98    731.84    +1.30     258   23.4
subgraph_mip   combined                  200   1.223    6.684    7.908  15.6x     0.857    +0.78    731.84    +1.30     339   30.7
subgraph_mip   blended                   200   0.438    0.349    0.787 156.4x     0.850    +0.00    722.42    +0.00      69    6.2
subgraph_mip   blended_union             200   1.693    1.408    3.101  39.7x     0.850    +0.00    722.42    +0.00     203   18.4
subgraph_mip   diverse                   200   0.141   69.343   69.484   1.8x     0.850    +0.00    722.42    +0.00     901   81.5
subgraph_mip   edge_weight               500   1.170    0.467    1.638  75.1x     0.901    +5.99    780.81    +8.08     108    9.8
subgraph_mip   time_balanced_weight      500   1.386    5.775    7.161  17.2x     0.857    +0.78    731.84    +1.30     399   36.1
subgraph_mip   combined                  500   2.647   11.252   13.899   8.8x     0.857    +0.78    731.84    +1.30     459   41.5
subgraph_mip   blended                   500   1.088    0.145    1.233  99.7x     0.850    -0.00    722.42    +0.00      70    6.3
subgraph_mip   blended_union             500   3.818    1.565    5.384  22.8x     0.850    +0.00    722.42    +0.00     247   22.4
subgraph_mip   diverse                   500   0.352   58.272   58.624   2.1x     0.850    +0.00    722.42    +0.00    1040   94.1
subgraph_mip   edge_weight              1000   2.014    0.484    2.498  49.2x     0.865    +1.70    747.12    +3.42     142   12.8
subgraph_mip   time_balanced_weight     1000   2.355    8.582   10.937  11.2x     0.857    +0.78    731.84    +1.30     500   45.2
subgraph_mip   combined                 1000   4.399   12.241   16.640   7.4x     0.857    +0.78    731.84    +1.30     578   52.3
subgraph_mip   blended                  1000   1.959    0.394    2.353  52.3x     0.850    +0.00    722.42    +0.00      72    6.5
subgraph_mip   blended_union            1000   6.691    0.930    7.621  16.1x     0.850    +0.00    722.42    +0.00     284   25.7
subgraph_mip   diverse                  1000   0.619   56.739   57.358   2.1x     0.850    +0.00    722.42    +0.00    1094   99.0
subgraph_mip   edge_weight              2000   4.631    0.689    5.320  23.1x     0.865    +1.70    747.12    +3.42     185   16.7
subgraph_mip   time_balanced_weight     2000   4.757   16.365   21.122   5.8x     0.857    +0.78    731.84    +1.30     630   57.0
subgraph_mip   combined                 2000   9.440   31.200   40.640   3.0x     0.857    +0.78    731.84    +1.30     685   62.0
subgraph_mip   blended                  2000   4.947    0.626    5.573  22.1x     0.850    +0.00    722.42    +0.00      83    7.5
subgraph_mip   blended_union            2000  15.009    1.275   16.283   7.5x     0.850    +0.00    722.42    +0.00     335   30.3
subgraph_mip   diverse                  2000   1.229   65.941   67.170   1.8x     0.850    +0.00    722.42    +0.00    1105  100.0
subgraph_mip   edge_weight              5000  18.414    0.912   19.326   6.4x     0.865    +1.70    747.12    +3.42     232   21.0
subgraph_mip   time_balanced_weight     5000  16.702   43.604   60.307   2.0x     0.857    +0.78    731.84    +1.30     799   72.3
subgraph_mip   combined                 5000  35.054   29.019   64.074   1.9x     0.857    +0.78    731.84    +1.30     830   75.1
subgraph_mip   blended                  5000  18.814    0.157   18.970   6.5x     0.850    -0.00    722.42    +0.00      93    8.4
subgraph_mip   blended_union            5000  53.676    2.557   56.233   2.2x     0.850    +0.00    722.42    +0.00     355   32.1
subgraph_mip   diverse                  5000   2.828   56.486   59.314   2.1x     0.850    +0.00    722.42    +0.00    1105  100.0
============================================================================================================================

----------------- λ = 1.0 -----------------
========================================================================
Strategy Comparison Experiment — assembly_1  P=3  λ=1.0
========================================================================

Building assembly digraph …
2026-07-01 18:38:35.710 | INFO     | pycaalp.gapp.assembly_digraph:compute_assembly_digraph_complete:395 - Computing assembly digraph...
  343 nodes, 1105 edges  (0.4s)

[1] Full MIP  P=3  λ=1.0
2026-07-01 18:38:36.118 | INFO     | pycaalp.time_balancing.model:run_mip:430 - Running MIP solver ...
presolving:
(round 1, fast)       2 del vars, 2 del conss, 0 add conss, 0 chg bounds, 0 chg sides, 0 chg coeffs, 0 upgd conss, 0 impls, 69 clqs, 0 implints
(round 2, exhaustive) 2 del vars, 2 del conss, 0 add conss, 1 chg bounds, 0 chg sides, 0 chg coeffs, 3408 upgd conss, 0 impls, 69 clqs, 0 implints
   (0.3s) probing: 1000/1181 (84.7%) - 0 fixings, 0 aggregations, 131997 implications, 0 bound changes
   (0.3s) probing: 1001/1181 (84.8%) - 0 fixings, 0 aggregations, 132060 implications, 0 bound changes
   (0.3s) probing aborted: 1000/1000 successive useless probings
   (0.3s) symmetry computation started: requiring (bin +, int +, cont +), (fixed: bin -, int -, cont -)
   (0.3s) no symmetry present (symcode time: 0.00)
presolving (3 rounds: 3 fast, 2 medium, 2 exhaustive):
 2 deleted vars, 2 deleted constraints, 0 added constraints, 1 tightened bounds, 0 added holes, 0 changed sides, 0 changed coefficients
 0 implications, 12312 cliques, 0 implied integral variables (0 bin, 0 int, 0 cont)
presolved problem has 1182 variables (1181 bin, 0 int, 1 cont) and 3721 constraints
     69 constraints of type <setppc>
    313 constraints of type <linear>
   3339 constraints of type <logicor>
Presolving Time: 0.33

 time | node  | left  |LP iter|LP it/n|mem/heur|mdpt |vars |cons |rows |cuts |sepa|confs|strbr|  dualbound   | primalbound  |  gap   | compl. 
p 0.3s|     1 |     0 |     0 |     - |  clique|   0 |1182 |3721 |3721 |   0 |  0 |   0 |   0 | 0.000000e+00 | 2.498782e+00 |    Inf | unknown
p 0.4s|     1 |     0 |     0 |     - | vbounds|   0 |1182 |3751 |3721 |   0 |  0 |  30 |   0 | 0.000000e+00 | 2.373660e+00 |    Inf | unknown
p 0.4s|     1 |     0 |    77 |     - | vbounds|   0 |1182 |3763 |3721 |   0 |  0 |  42 |   0 | 0.000000e+00 | 1.289227e+00 |    Inf | unknown
  0.4s|     1 |     0 |   207 |     - |    29M |   0 |1182 |3763 |3721 |   0 |  0 |  42 |   0 | 8.329273e-01 | 1.289227e+00 |  54.78%| unknown
  0.4s|     1 |     0 |   207 |     - |    29M |   0 |1182 |3765 |3721 |   0 |  0 |  44 |   0 | 8.329273e-01 | 1.289227e+00 |  54.78%| unknown
  0.5s|     1 |     0 |   308 |     - |    30M |   0 |1182 |3765 |3725 |   4 |  1 |  44 |   0 | 8.329273e-01 | 1.289227e+00 |  54.78%| unknown
  0.6s|     1 |     0 |   348 |     - |    31M |   0 |1182 |3766 |3730 |   9 |  2 |  45 |   0 | 8.329273e-01 | 1.289227e+00 |  54.78%| unknown
  0.9s|     1 |     0 |   392 |     - |    34M |   0 |1182 |3767 |3737 |  16 |  3 |  46 |   0 | 8.329273e-01 | 1.289227e+00 |  54.78%| unknown
  1.2s|     1 |     0 |   463 |     - |    38M |   0 |1182 |3765 |3741 |  20 |  4 |  46 |   0 | 8.329273e-01 | 1.289227e+00 |  54.78%| unknown
  1.4s|     1 |     0 |   626 |     - |    46M |   0 |1182 |3765 |3745 |  24 |  5 |  46 |   0 | 8.329273e-01 | 1.289227e+00 |  54.78%| unknown
  1.7s|     1 |     0 |   658 |     - |    53M |   0 |1182 |3764 |3749 |  28 |  6 |  46 |   0 | 8.329273e-01 | 1.289227e+00 |  54.78%| unknown
  2.0s|     1 |     0 |   850 |     - |    58M |   0 |1182 |3764 |3757 |  36 |  7 |  46 |   0 | 8.329273e-01 | 1.289227e+00 |  54.78%| unknown
  2.2s|     1 |     0 |  1000 |     - |    59M |   0 |1182 |3759 |3759 |  38 |  8 |  46 |   0 | 8.329273e-01 | 1.289227e+00 |  54.78%| unknown
  2.6s|     1 |     0 |  1162 |     - |    66M |   0 |1182 |3763 |3762 |  41 |  9 |  51 |   0 | 8.329273e-01 | 1.289227e+00 |  54.78%| unknown
  3.0s|     1 |     0 |  1344 |     - |    71M |   0 |1182 |3764 |3764 |  43 | 10 |  52 |   0 | 8.329273e-01 | 1.289227e+00 |  54.78%| unknown
 time | node  | left  |LP iter|LP it/n|mem/heur|mdpt |vars |cons |rows |cuts |sepa|confs|strbr|  dualbound   | primalbound  |  gap   | compl. 
  3.0s|     1 |     0 |  1870 |     - |    71M |   0 |1182 |3764 |3769 |  48 | 11 |  52 |   0 | 8.329273e-01 | 1.289227e+00 |  54.78%| unknown
d 3.8s|     1 |     0 |  8401 |     - |conflict|   0 |1182 |3765 |3769 |   0 | 11 |  60 |   0 | 8.329273e-01 | 1.027294e+00 |  23.34%| unknown
  3.9s|     1 |     0 |  8438 |     - |    71M |   0 |1182 |3765 |3769 |  48 | 11 |  60 |   0 | 8.329273e-01 | 1.027294e+00 |  23.34%| unknown
  3.9s|     1 |     0 |  8556 |     - |    72M |   0 |1182 |3763 |3772 |  51 | 12 |  60 |   0 | 8.329273e-01 | 1.027294e+00 |  23.34%| unknown
  4.0s|     1 |     0 |  9124 |     - |    72M |   0 |1182 |3763 |3759 |  53 | 13 |  60 |   0 | 8.329273e-01 | 1.027294e+00 |  23.34%| unknown
  5.6s|     1 |     2 |  9174 |     - |    72M |   0 |1182 |3768 |3759 |  53 | 13 |  68 |  19 | 8.329273e-01 | 1.027294e+00 |  23.34%| unknown
o 6.6s|    19 |    15 | 17064 | 810.3 |objpscos|   9 |1182 |3799 |3722 |  53 |  1 |  99 |  19 | 8.329273e-01 | 9.805013e-01 |  17.72%|   0.29%
d 7.7s|    51 |    36 | 24855 | 447.5 |guideddi|  18 |1182 |3855 |3724 |   0 |  1 | 173 |  34 | 8.329273e-01 | 9.156234e-01 |   9.93%|   0.29%
r 9.2s|    86 |    51 | 30183 | 325.9 |rounding|  23 |1182 |3931 |3725 | 109 |  0 | 271 | 104 | 8.329273e-01 | 9.015704e-01 |   8.24%|   5.77%
d 9.3s|    89 |    47 | 30218 | 315.2 |fracdivi|  23 |1182 |3951 |3725 |   0 |  1 | 292 | 107 | 8.329273e-01 | 8.905412e-01 |   6.92%|   6.73%
 10.0s|   100 |    56 | 35571 | 334.3 |    82M |  23 |1182 |3967 |3723 | 109 |  1 | 311 | 107 | 8.329273e-01 | 8.905412e-01 |   6.92%|   7.99%
 15.0s|   200 |   113 | 53901 | 258.4 |   101M |  23 |1182 |4354 |3727 | 185 |  1 | 784 | 273 | 8.329273e-01 | 8.905412e-01 |   6.92%|  14.35%
*15.4s|   238 |   115 | 54716 | 220.4 |strongbr|  23 |1182 |4702 |3725 | 192 |  1 |1156 | 350 | 8.329273e-01 | 8.546498e-01 |   2.61%|  14.37%
*15.5s|   245 |   116 | 54929 | 215.0 |strongbr|  23 |1182 |4767 |3725 | 194 |  3 |1232 | 370 | 8.329273e-01 | 8.478608e-01 |   1.79%|  14.93%
*15.5s|   254 |   115 | 55103 | 208.0 |    LP  |  24 |1182 |4798 |3725 | 196 |  2 |1278 | 376 | 8.329273e-01 | 8.377584e-01 |   0.58%|  15.38%
 time | node  | left  |LP iter|LP it/n|mem/heur|mdpt |vars |cons |rows |cuts |sepa|confs|strbr|  dualbound   | primalbound  |  gap   | compl. 
 16.3s|   300 |   109 | 57938 | 185.5 |   104M |  24 |1182 |4931 |3727 | 234 |  1 |1473 | 423 | 8.329273e-01 | 8.377584e-01 |   0.58%|  21.17%
 19.0s|   400 |   126 | 68608 | 165.7 |   105M |  24 |1182 |5100 |   0 | 279 |  0 |1819 | 477 | 8.329273e-01 | 8.377584e-01 |   0.58%|  23.76%
 20.2s|   500 |   106 | 74186 | 143.7 |   106M |  24 |1182 |5101 |   0 | 279 |  0 |2140 | 543 | 8.329273e-01 | 8.377584e-01 |   0.58%|  27.29%
 20.9s|   600 |    99 | 80583 | 130.4 |   107M |  24 |1182 |5293 |3727 | 279 |  1 |2408 | 596 | 8.329273e-01 | 8.377584e-01 |   0.58%|  27.34%
 22.2s|   700 |    93 | 94024 | 131.0 |   108M |  24 |1182 |5408 |3726 | 293 |  1 |2625 | 621 | 8.329273e-01 | 8.377584e-01 |   0.58%|  27.44%
 25.0s|   800 |    91 |106264 | 129.9 |   110M |  24 |1182 |5371 |3728 | 366 |  1 |2790 | 645 | 8.329273e-01 | 8.377584e-01 |   0.58%|  29.98%
 28.9s|   900 |   117 |130960 | 142.9 |   111M |  24 |1182 |5400 |   0 | 404 |  0 |3094 | 674 | 8.329273e-01 | 8.377584e-01 |   0.58%|  31.45%
 31.8s|  1000 |   101 |147957 | 145.6 |   113M |  24 |1182 |5412 |3729 | 447 |  1 |3330 | 716 | 8.329273e-01 | 8.377584e-01 |   0.58%|  34.32%
 34.2s|  1100 |    97 |164616 | 147.5 |   114M |  24 |1182 |5492 |   0 | 468 |  0 |3614 | 784 | 8.329273e-01 | 8.377584e-01 |   0.58%|  35.81%
 36.8s|  1200 |   108 |181278 | 149.1 |   116M |  24 |1182 |5427 |3726 | 492 |  1 |3810 | 794 | 8.329273e-01 | 8.377584e-01 |   0.58%|  36.42%
*36.9s|  1230 |    97 |182589 | 146.6 |    LP  |  24 |1182 |5427 |3725 | 492 |  1 |3871 | 794 | 8.329273e-01 | 8.369475e-01 |   0.48%|  36.47%
 39.6s|  1300 |    88 |200111 | 152.1 |   122M |  24 |1182 |5392 |3733 | 544 |  1 |4055 | 848 | 8.329273e-01 | 8.369475e-01 |   0.48%|  41.58%
 43.2s|  1400 |    76 |221281 | 156.4 |   125M |  24 |1182 |5440 |   0 | 613 |  0 |4350 | 914 | 8.329273e-01 | 8.369475e-01 |   0.48%|  44.96%
 45.3s|  1500 |    85 |230178 | 151.9 |   126M |  24 |1182 |5562 |3729 | 691 |  1 |4615 | 956 | 8.329273e-01 | 8.369475e-01 |   0.48%|  48.60%
 47.6s|  1600 |    86 |235160 | 145.5 |   129M |  24 |1182 |5609 |3723 | 870 |  1 |4830 | 977 | 8.329273e-01 | 8.369475e-01 |   0.48%|  51.12%
 time | node  | left  |LP iter|LP it/n|mem/heur|mdpt |vars |cons |rows |cuts |sepa|confs|strbr|  dualbound   | primalbound  |  gap   | compl. 
 52.4s|  1700 |    92 |256066 | 149.3 |   131M |  24 |1182 |5626 |3725 |1059 |  1 |5056 |1015 | 8.329273e-01 | 8.369475e-01 |   0.48%|  52.73%
 58.5s|  1800 |   107 |290047 | 159.8 |   134M |  24 |1182 |5480 |3725 |1281 |  1 |5189 |1040 | 8.329273e-01 | 8.369475e-01 |   0.48%|  58.35%
 68.4s|  1900 |   103 |348561 | 182.2 |   137M |  24 |1182 |5326 |   0 |1610 |  0 |5395 |1108 | 8.329273e-01 | 8.369475e-01 |   0.48%|  64.70%
 71.7s|  2000 |   102 |365254 | 181.5 |   137M |  24 |1182 |5280 |3730 |1756 |  2 |5556 |1134 | 8.329273e-01 | 8.369475e-01 |   0.48%|  68.38%

SCIP Status        : problem is solved [optimal solution found]
Solving Time (sec) : 73.46
Solving Nodes      : 2084
Primal Bound       : +8.36947454807957e-01 (13 solutions)
Dual Bound         : +8.36947454807957e-01
Gap                : 0.00 %
objective value:                    0.836947454807957
x_('12_6', '13_1')                                  1 	(obj:0)
x_('11_6', '12_6')                                  1 	(obj:0)
x_('10_6', '11_6')                                  1 	(obj:0)
x_('9_9', '10_6')                                   1 	(obj:0)
x_('8_15', '9_9')                                   1 	(obj:0)
x_('7_7', '8_15')                                   1 	(obj:0)
x_('6_4', '7_7')                                    1 	(obj:0)
x_('5_6', '6_4')                                    1 	(obj:0)
x_('4_6', '5_6')                                    1 	(obj:0)
x_('3_4', '4_6')                                    1 	(obj:0)
x_('2_5', '3_4')                                    1 	(obj:0)
x_('1_4', '2_5')                                    1 	(obj:0)
x_('0_1', '1_4')                                    1 	(obj:0)
y_0_0                                               1 	(obj:0)
y_1_0                                               1 	(obj:0)
y_2_0                                               1 	(obj:0)
y_3_0                                               1 	(obj:0)
y_4_0                                               1 	(obj:0)
y_5_1                                               1 	(obj:0)
y_6_1                                               1 	(obj:0)
y_7_1                                               1 	(obj:0)
y_8_2                                               1 	(obj:0)
y_9_2                                               1 	(obj:0)
y_10_2                                              1 	(obj:0)
y_11_2                                              1 	(obj:0)
y_12_2                                              1 	(obj:0)
z_('3268741', '3425762')_2                          1 	(obj:0)
z_('3268741', '1966592X')_2                         1 	(obj:0)
z_('1966592X', '3452192')_1                         1 	(obj:0)
z_('3452192', '1353870')_2                          1 	(obj:0)
z_('3452192', '3520162')_1                          1 	(obj:0)
z_('3520162', '3307092')_2                          1 	(obj:0)
z_('3520162', '3524054')_0                          1 	(obj:0)
z_('3268740', '3524054')_0                          1 	(obj:0)
z_('3524054', '3179975')_0                          1 	(obj:0)
z_('3179975', '3422998')_0                          1 	(obj:0)
z_('3422998', '2495223X')_1                         1 	(obj:0)
z_('3422998', '1353870_01')_0                       1 	(obj:0)
z_('2495223X', '2245784X')_2                        1 	(obj:0)
alpha                                4.35192771084337 	(obj:0.192316488328287)
  obj=0.837  alpha=722.4s  time=73.62s

k = 1
  Subgraph edges — edge_w: 13 (1.2%)  bal_w: 13 (1.2%)  combined: 26 (2.4%)  blended: 13 (1.2%)  blended_union: 37 (3.3%)  diverse: 13 (1.2%)
  [3a] Subgraph / edge_w   k=1 …
2026-07-01 18:39:49.762 | INFO     | pycaalp.time_balancing.model:run_mip:430 - Running MIP solver ...
      obj=0.918 (vs_full=+9.63%)  alpha=792.0s  build=0.002s solve=0.021s  vs_full=+9.63%
  [3b] Subgraph / bal_w    k=1 …
2026-07-01 18:39:49.784 | INFO     | pycaalp.time_balancing.model:run_mip:430 - Running MIP solver ...
      obj=0.848 (vs_full=+1.30%)  alpha=731.8s  build=0.001s solve=0.024s  vs_full=+1.30%
  [3c] Subgraph / combined k=1 …
2026-07-01 18:39:49.807 | INFO     | pycaalp.time_balancing.model:run_mip:430 - Running MIP solver ...
      obj=0.848 (vs_full=+1.30%)  alpha=731.8s  build=0.002s solve=0.183s  vs_full=+1.30%
  [3d] Subgraph / blended  k=1 …
2026-07-01 18:39:49.990 | INFO     | pycaalp.time_balancing.model:run_mip:430 - Running MIP solver ...
      obj=0.837 (vs_full=+0.00%)  alpha=722.4s  build=0.001s solve=0.038s  vs_full=+0.00%
  [3e] Subgraph / bl-union k=1 …
2026-07-01 18:39:50.029 | INFO     | pycaalp.time_balancing.model:run_mip:430 - Running MIP solver ...
      obj=0.837 (vs_full=+0.00%)  alpha=722.4s  build=0.012s solve=0.138s  vs_full=+0.00%
  [3f] Subgraph / diverse  k=1 …
2026-07-01 18:39:50.167 | INFO     | pycaalp.time_balancing.model:run_mip:430 - Running MIP solver ...
      obj=0.837 (vs_full=+0.00%)  alpha=722.4s  build=0.004s solve=0.024s  vs_full=+0.00%

k = 2
  Subgraph edges — edge_w: 15 (1.4%)  bal_w: 15 (1.4%)  combined: 30 (2.7%)  blended: 15 (1.4%)  blended_union: 42 (3.8%)  diverse: 26 (2.4%)
  [3a] Subgraph / edge_w   k=2 …
2026-07-01 18:39:50.250 | INFO     | pycaalp.time_balancing.model:run_mip:430 - Running MIP solver ...
      obj=0.913 (vs_full=+9.12%)  alpha=788.3s  build=0.004s solve=0.345s  vs_full=+9.12%
  [3b] Subgraph / bal_w    k=2 …
2026-07-01 18:39:50.596 | INFO     | pycaalp.time_balancing.model:run_mip:430 - Running MIP solver ...
      obj=0.848 (vs_full=+1.30%)  alpha=731.8s  build=0.005s solve=0.035s  vs_full=+1.30%
  [3c] Subgraph / combined k=2 …
2026-07-01 18:39:50.631 | INFO     | pycaalp.time_balancing.model:run_mip:430 - Running MIP solver ...
      obj=0.848 (vs_full=+1.30%)  alpha=731.8s  build=0.010s solve=0.524s  vs_full=+1.30%
  [3d] Subgraph / blended  k=2 …
2026-07-01 18:39:51.155 | INFO     | pycaalp.time_balancing.model:run_mip:430 - Running MIP solver ...
      obj=0.837 (vs_full=-0.00%)  alpha=722.4s  build=0.006s solve=0.027s  vs_full=+0.00%
  [3e] Subgraph / bl-union k=2 …
2026-07-01 18:39:51.182 | INFO     | pycaalp.time_balancing.model:run_mip:430 - Running MIP solver ...
      obj=0.837 (vs_full=+0.00%)  alpha=722.4s  build=0.029s solve=0.214s  vs_full=+0.00%
  [3f] Subgraph / diverse  k=2 …
2026-07-01 18:39:51.396 | INFO     | pycaalp.time_balancing.model:run_mip:430 - Running MIP solver ...
      obj=0.837 (vs_full=+0.00%)  alpha=722.4s  build=0.004s solve=0.379s  vs_full=+0.00%

k = 5
  Subgraph edges — edge_w: 21 (1.9%)  bal_w: 44 (4.0%)  combined: 65 (5.9%)  blended: 21 (1.9%)  blended_union: 60 (5.4%)  diverse: 65 (5.9%)
  [3a] Subgraph / edge_w   k=5 …
2026-07-01 18:39:51.897 | INFO     | pycaalp.time_balancing.model:run_mip:430 - Running MIP solver ...
      obj=0.913 (vs_full=+9.12%)  alpha=788.3s  build=0.013s solve=0.051s  vs_full=+9.12%
  [3b] Subgraph / bal_w    k=5 …
2026-07-01 18:39:51.948 | INFO     | pycaalp.time_balancing.model:run_mip:430 - Running MIP solver ...
      obj=0.848 (vs_full=+1.30%)  alpha=731.8s  build=0.018s solve=0.197s  vs_full=+1.30%
  [3c] Subgraph / combined k=5 …
2026-07-01 18:39:52.145 | INFO     | pycaalp.time_balancing.model:run_mip:430 - Running MIP solver ...
      obj=0.848 (vs_full=+1.30%)  alpha=731.8s  build=0.030s solve=0.258s  vs_full=+1.30%
  [3d] Subgraph / blended  k=5 …
2026-07-01 18:39:52.403 | INFO     | pycaalp.time_balancing.model:run_mip:430 - Running MIP solver ...
      obj=0.837 (vs_full=-0.00%)  alpha=722.4s  build=0.009s solve=0.158s  vs_full=+0.00%
  [3e] Subgraph / bl-union k=5 …
2026-07-01 18:39:52.562 | INFO     | pycaalp.time_balancing.model:run_mip:430 - Running MIP solver ...
      obj=0.837 (vs_full=+0.00%)  alpha=722.4s  build=0.045s solve=0.254s  vs_full=+0.00%
  [3f] Subgraph / diverse  k=5 …
2026-07-01 18:39:52.816 | INFO     | pycaalp.time_balancing.model:run_mip:430 - Running MIP solver ...
      obj=0.837 (vs_full=+0.00%)  alpha=722.4s  build=0.006s solve=0.402s  vs_full=+0.00%

k = 10
  Subgraph edges — edge_w: 24 (2.2%)  bal_w: 57 (5.2%)  combined: 81 (7.3%)  blended: 29 (2.6%)  blended_union: 75 (6.8%)  diverse: 126 (11.4%)
  [3a] Subgraph / edge_w   k=10 …
2026-07-01 18:39:53.562 | INFO     | pycaalp.time_balancing.model:run_mip:430 - Running MIP solver ...
      obj=0.913 (vs_full=+9.12%)  alpha=788.3s  build=0.052s solve=0.347s  vs_full=+9.12%
  [3b] Subgraph / bal_w    k=10 …
2026-07-01 18:39:53.909 | INFO     | pycaalp.time_balancing.model:run_mip:430 - Running MIP solver ...
      obj=0.848 (vs_full=+1.30%)  alpha=731.8s  build=0.067s solve=0.471s  vs_full=+1.30%
  [3c] Subgraph / combined k=10 …
2026-07-01 18:39:54.380 | INFO     | pycaalp.time_balancing.model:run_mip:430 - Running MIP solver ...
      obj=0.848 (vs_full=+1.30%)  alpha=731.8s  build=0.079s solve=0.375s  vs_full=+1.30%
  [3d] Subgraph / blended  k=10 …
2026-07-01 18:39:54.756 | INFO     | pycaalp.time_balancing.model:run_mip:430 - Running MIP solver ...
      obj=0.837 (vs_full=-0.00%)  alpha=722.4s  build=0.025s solve=0.241s  vs_full=+0.00%
  [3e] Subgraph / bl-union k=10 …
2026-07-01 18:39:54.997 | INFO     | pycaalp.time_balancing.model:run_mip:430 - Running MIP solver ...
      obj=0.837 (vs_full=+0.00%)  alpha=722.4s  build=0.115s solve=0.257s  vs_full=+0.00%
  [3f] Subgraph / diverse  k=10 …
2026-07-01 18:39:55.254 | INFO     | pycaalp.time_balancing.model:run_mip:430 - Running MIP solver ...
      obj=0.837 (vs_full=+0.00%)  alpha=722.4s  build=0.007s solve=0.731s  vs_full=+0.00%

k = 20
  Subgraph edges — edge_w: 35 (3.2%)  bal_w: 73 (6.6%)  combined: 107 (9.7%)  blended: 31 (2.8%)  blended_union: 93 (8.4%)  diverse: 238 (21.5%)
  [3a] Subgraph / edge_w   k=20 …
2026-07-01 18:39:56.639 | INFO     | pycaalp.time_balancing.model:run_mip:430 - Running MIP solver ...
      obj=0.913 (vs_full=+9.12%)  alpha=788.3s  build=0.063s solve=0.169s  vs_full=+9.12%
  [3b] Subgraph / bal_w    k=20 …
2026-07-01 18:39:56.808 | INFO     | pycaalp.time_balancing.model:run_mip:430 - Running MIP solver ...
      obj=0.848 (vs_full=+1.30%)  alpha=731.8s  build=0.126s solve=0.342s  vs_full=+1.30%
  [3c] Subgraph / combined k=20 …
2026-07-01 18:39:57.150 | INFO     | pycaalp.time_balancing.model:run_mip:430 - Running MIP solver ...
      obj=0.848 (vs_full=+1.30%)  alpha=731.8s  build=0.154s solve=0.649s  vs_full=+1.30%
  [3d] Subgraph / blended  k=20 …
2026-07-01 18:39:57.799 | INFO     | pycaalp.time_balancing.model:run_mip:430 - Running MIP solver ...
      obj=0.837 (vs_full=-0.00%)  alpha=722.4s  build=0.070s solve=0.933s  vs_full=+0.00%
  [3e] Subgraph / bl-union k=20 …
2026-07-01 18:39:58.732 | INFO     | pycaalp.time_balancing.model:run_mip:430 - Running MIP solver ...
      obj=0.837 (vs_full=+0.00%)  alpha=722.4s  build=0.229s solve=0.401s  vs_full=+0.00%
  [3f] Subgraph / diverse  k=20 …
2026-07-01 18:39:59.133 | INFO     | pycaalp.time_balancing.model:run_mip:430 - Running MIP solver ...
      obj=0.837 (vs_full=+0.00%)  alpha=722.4s  build=0.012s solve=2.498s  vs_full=+0.00%

k = 50
  Subgraph edges — edge_w: 54 (4.9%)  bal_w: 141 (12.8%)  combined: 190 (17.2%)  blended: 47 (4.3%)  blended_union: 146 (13.2%)  diverse: 507 (45.9%)
  [3a] Subgraph / edge_w   k=50 …
2026-07-01 18:40:03.242 | INFO     | pycaalp.time_balancing.model:run_mip:430 - Running MIP solver ...
      obj=0.905 (vs_full=+8.08%)  alpha=780.8s  build=0.193s solve=0.266s  vs_full=+8.08%
  [3b] Subgraph / bal_w    k=50 …
2026-07-01 18:40:03.509 | INFO     | pycaalp.time_balancing.model:run_mip:430 - Running MIP solver ...
      obj=0.848 (vs_full=+1.30%)  alpha=731.8s  build=0.248s solve=1.269s  vs_full=+1.30%
  [3c] Subgraph / combined k=50 …
2026-07-01 18:40:04.778 | INFO     | pycaalp.time_balancing.model:run_mip:430 - Running MIP solver ...
      obj=0.848 (vs_full=+1.30%)  alpha=731.8s  build=0.407s solve=2.190s  vs_full=+1.30%
  [3d] Subgraph / blended  k=50 …
2026-07-01 18:40:06.968 | INFO     | pycaalp.time_balancing.model:run_mip:430 - Running MIP solver ...
      obj=0.837 (vs_full=+0.00%)  alpha=722.4s  build=0.127s solve=0.213s  vs_full=+0.00%
  [3e] Subgraph / bl-union k=50 …
2026-07-01 18:40:07.181 | INFO     | pycaalp.time_balancing.model:run_mip:430 - Running MIP solver ...
      obj=0.837 (vs_full=+0.00%)  alpha=722.4s  build=0.584s solve=0.874s  vs_full=+0.00%
  [3f] Subgraph / diverse  k=50 …
2026-07-01 18:40:08.054 | INFO     | pycaalp.time_balancing.model:run_mip:430 - Running MIP solver ...
      obj=0.837 (vs_full=+0.00%)  alpha=722.4s  build=0.052s solve=10.846s  vs_full=+0.00%

k = 100
  Subgraph edges — edge_w: 78 (7.1%)  bal_w: 189 (17.1%)  combined: 257 (23.3%)  blended: 69 (6.2%)  blended_union: 190 (17.2%)  diverse: 733 (66.3%)
  [3a] Subgraph / edge_w   k=100 …
2026-07-01 18:40:21.623 | INFO     | pycaalp.time_balancing.model:run_mip:430 - Running MIP solver ...
      obj=0.905 (vs_full=+8.08%)  alpha=780.8s  build=0.307s solve=0.670s  vs_full=+8.08%
  [3b] Subgraph / bal_w    k=100 …
2026-07-01 18:40:22.293 | INFO     | pycaalp.time_balancing.model:run_mip:430 - Running MIP solver ...
      obj=0.848 (vs_full=+1.30%)  alpha=731.8s  build=0.395s solve=1.782s  vs_full=+1.30%
  [3c] Subgraph / combined k=100 …
2026-07-01 18:40:24.075 | INFO     | pycaalp.time_balancing.model:run_mip:430 - Running MIP solver ...
      obj=0.848 (vs_full=+1.30%)  alpha=731.8s  build=0.711s solve=4.851s  vs_full=+1.30%
  [3d] Subgraph / blended  k=100 …
2026-07-01 18:40:28.927 | INFO     | pycaalp.time_balancing.model:run_mip:430 - Running MIP solver ...
      obj=0.837 (vs_full=+0.00%)  alpha=722.4s  build=0.266s solve=0.281s  vs_full=+0.00%
  [3e] Subgraph / bl-union k=100 …
2026-07-01 18:40:29.208 | INFO     | pycaalp.time_balancing.model:run_mip:430 - Running MIP solver ...
      obj=0.837 (vs_full=+0.00%)  alpha=722.4s  build=0.959s solve=0.757s  vs_full=+0.00%
  [3f] Subgraph / diverse  k=100 …
2026-07-01 18:40:29.965 | INFO     | pycaalp.time_balancing.model:run_mip:430 - Running MIP solver ...
      obj=0.837 (vs_full=+0.00%)  alpha=722.4s  build=0.084s solve=18.770s  vs_full=+0.00%

k = 200
  Subgraph edges — edge_w: 95 (8.6%)  bal_w: 258 (23.3%)  combined: 339 (30.7%)  blended: 69 (6.2%)  blended_union: 203 (18.4%)  diverse: 903 (81.7%)
  [3a] Subgraph / edge_w   k=200 …
2026-07-01 18:40:53.820 | INFO     | pycaalp.time_balancing.model:run_mip:430 - Running MIP solver ...
      obj=0.905 (vs_full=+8.08%)  alpha=780.8s  build=0.475s solve=0.333s  vs_full=+8.08%
  [3b] Subgraph / bal_w    k=200 …
2026-07-01 18:40:54.153 | INFO     | pycaalp.time_balancing.model:run_mip:430 - Running MIP solver ...
      obj=0.848 (vs_full=+1.30%)  alpha=731.8s  build=0.745s solve=2.040s  vs_full=+1.30%
  [3c] Subgraph / combined k=200 …
2026-07-01 18:40:56.193 | INFO     | pycaalp.time_balancing.model:run_mip:430 - Running MIP solver ...
      obj=0.848 (vs_full=+1.30%)  alpha=731.8s  build=1.306s solve=3.883s  vs_full=+1.30%
  [3d] Subgraph / blended  k=200 …
2026-07-01 18:41:00.075 | INFO     | pycaalp.time_balancing.model:run_mip:430 - Running MIP solver ...
      obj=0.837 (vs_full=+0.00%)  alpha=722.4s  build=0.500s solve=0.265s  vs_full=+0.00%
  [3e] Subgraph / bl-union k=200 …
2026-07-01 18:41:00.340 | INFO     | pycaalp.time_balancing.model:run_mip:430 - Running MIP solver ...
      obj=0.837 (vs_full=+0.00%)  alpha=722.4s  build=1.917s solve=1.052s  vs_full=+0.00%
  [3f] Subgraph / diverse  k=200 …
2026-07-01 18:41:01.392 | INFO     | pycaalp.time_balancing.model:run_mip:430 - Running MIP solver ...
      obj=0.837 (vs_full=+0.00%)  alpha=722.4s  build=0.141s solve=53.571s  vs_full=+0.00%

k = 500
  Subgraph edges — edge_w: 108 (9.8%)  bal_w: 399 (36.1%)  combined: 459 (41.5%)  blended: 85 (7.7%)  blended_union: 247 (22.4%)  diverse: 1045 (94.6%)
  [3a] Subgraph / edge_w   k=500 …
2026-07-01 18:42:06.132 | INFO     | pycaalp.time_balancing.model:run_mip:430 - Running MIP solver ...
      obj=0.905 (vs_full=+8.08%)  alpha=780.8s  build=1.326s solve=0.531s  vs_full=+8.08%
  [3b] Subgraph / bal_w    k=500 …
2026-07-01 18:42:06.663 | INFO     | pycaalp.time_balancing.model:run_mip:430 - Running MIP solver ...
      obj=0.848 (vs_full=+1.30%)  alpha=731.8s  build=1.487s solve=6.612s  vs_full=+1.30%
  [3c] Subgraph / combined k=500 …
2026-07-01 18:42:13.274 | INFO     | pycaalp.time_balancing.model:run_mip:430 - Running MIP solver ...
      obj=0.848 (vs_full=+1.30%)  alpha=731.8s  build=2.894s solve=6.192s  vs_full=+1.30%
  [3d] Subgraph / blended  k=500 …
2026-07-01 18:42:19.466 | INFO     | pycaalp.time_balancing.model:run_mip:430 - Running MIP solver ...
      obj=0.837 (vs_full=+0.00%)  alpha=722.4s  build=1.166s solve=0.283s  vs_full=+0.00%
  [3e] Subgraph / bl-union k=500 …
2026-07-01 18:42:19.749 | INFO     | pycaalp.time_balancing.model:run_mip:430 - Running MIP solver ...
      obj=0.837 (vs_full=+0.00%)  alpha=722.4s  build=3.963s solve=1.513s  vs_full=+0.00%
  [3f] Subgraph / diverse  k=500 …
2026-07-01 18:42:21.262 | INFO     | pycaalp.time_balancing.model:run_mip:430 - Running MIP solver ...
      obj=0.837 (vs_full=+0.00%)  alpha=722.4s  build=0.332s solve=33.139s  vs_full=+0.00%

k = 1000
  Subgraph edges — edge_w: 142 (12.9%)  bal_w: 500 (45.2%)  combined: 578 (52.3%)  blended: 90 (8.1%)  blended_union: 284 (25.7%)  diverse: 1097 (99.3%)
  [3a] Subgraph / edge_w   k=1000 …
2026-07-01 18:43:15.735 | INFO     | pycaalp.time_balancing.model:run_mip:430 - Running MIP solver ...
      obj=0.866 (vs_full=+3.42%)  alpha=747.1s  build=2.571s solve=0.680s  vs_full=+3.42%
  [3b] Subgraph / bal_w    k=1000 …
2026-07-01 18:43:16.415 | INFO     | pycaalp.time_balancing.model:run_mip:430 - Running MIP solver ...
      obj=0.848 (vs_full=+1.30%)  alpha=731.8s  build=2.889s solve=6.361s  vs_full=+1.30%
  [3c] Subgraph / combined k=1000 …
2026-07-01 18:43:22.777 | INFO     | pycaalp.time_balancing.model:run_mip:430 - Running MIP solver ...
      obj=0.848 (vs_full=+1.30%)  alpha=731.8s  build=5.176s solve=8.799s  vs_full=+1.30%
  [3d] Subgraph / blended  k=1000 …
2026-07-01 18:43:31.576 | INFO     | pycaalp.time_balancing.model:run_mip:430 - Running MIP solver ...
      obj=0.837 (vs_full=-0.00%)  alpha=722.4s  build=2.192s solve=0.237s  vs_full=+0.00%
  [3e] Subgraph / bl-union k=1000 …
2026-07-01 18:43:31.813 | INFO     | pycaalp.time_balancing.model:run_mip:430 - Running MIP solver ...
      obj=0.837 (vs_full=+0.00%)  alpha=722.4s  build=7.816s solve=2.115s  vs_full=+0.00%
  [3f] Subgraph / diverse  k=1000 …
2026-07-01 18:43:33.928 | INFO     | pycaalp.time_balancing.model:run_mip:430 - Running MIP solver ...
      obj=0.837 (vs_full=+0.00%)  alpha=722.4s  build=0.689s solve=77.614s  vs_full=+0.00%

k = 2000
  Subgraph edges — edge_w: 185 (16.7%)  bal_w: 630 (57.0%)  combined: 685 (62.0%)  blended: 92 (8.3%)  blended_union: 335 (30.3%)  diverse: 1105 (100.0%)
  [3a] Subgraph / edge_w   k=2000 …
2026-07-01 18:45:30.405 | INFO     | pycaalp.time_balancing.model:run_mip:430 - Running MIP solver ...
      obj=0.866 (vs_full=+3.42%)  alpha=747.1s  build=4.718s solve=0.863s  vs_full=+3.42%
  [3b] Subgraph / bal_w    k=2000 …
2026-07-01 18:45:31.268 | INFO     | pycaalp.time_balancing.model:run_mip:430 - Running MIP solver ...
      obj=0.848 (vs_full=+1.30%)  alpha=731.8s  build=4.881s solve=10.302s  vs_full=+1.30%
  [3c] Subgraph / combined k=2000 …
2026-07-01 18:45:41.570 | INFO     | pycaalp.time_balancing.model:run_mip:430 - Running MIP solver ...
      obj=0.848 (vs_full=+1.30%)  alpha=731.8s  build=9.406s solve=16.035s  vs_full=+1.30%
  [3d] Subgraph / blended  k=2000 …
2026-07-01 18:45:57.605 | INFO     | pycaalp.time_balancing.model:run_mip:430 - Running MIP solver ...
      obj=0.837 (vs_full=+0.00%)  alpha=722.4s  build=4.202s solve=0.283s  vs_full=+0.00%
  [3e] Subgraph / bl-union k=2000 …
2026-07-01 18:45:57.889 | INFO     | pycaalp.time_balancing.model:run_mip:430 - Running MIP solver ...
      obj=0.837 (vs_full=-0.00%)  alpha=722.4s  build=14.488s solve=1.667s  vs_full=+0.00%
  [3f] Subgraph / diverse  k=2000 …
2026-07-01 18:45:59.555 | INFO     | pycaalp.time_balancing.model:run_mip:430 - Running MIP solver ...
      obj=0.837 (vs_full=+0.00%)  alpha=722.4s  build=1.167s solve=42.493s  vs_full=+0.00%

k = 5000
  Subgraph edges — edge_w: 232 (21.0%)  bal_w: 799 (72.3%)  combined: 830 (75.1%)  blended: 93 (8.4%)  blended_union: 355 (32.1%)  diverse: 1105 (100.0%)
  [3a] Subgraph / edge_w   k=5000 …
2026-07-01 18:49:08.437 | INFO     | pycaalp.time_balancing.model:run_mip:430 - Running MIP solver ...
      obj=0.866 (vs_full=+3.42%)  alpha=747.1s  build=18.115s solve=1.777s  vs_full=+3.42%
  [3b] Subgraph / bal_w    k=5000 …
2026-07-01 18:49:10.213 | INFO     | pycaalp.time_balancing.model:run_mip:430 - Running MIP solver ...
      obj=0.848 (vs_full=+1.30%)  alpha=731.8s  build=16.547s solve=17.627s  vs_full=+1.30%
  [3c] Subgraph / combined k=5000 …
2026-07-01 18:49:27.841 | INFO     | pycaalp.time_balancing.model:run_mip:430 - Running MIP solver ...
      obj=0.848 (vs_full=+1.30%)  alpha=731.8s  build=35.105s solve=32.940s  vs_full=+1.30%
  [3d] Subgraph / blended  k=5000 …
2026-07-01 18:50:00.781 | INFO     | pycaalp.time_balancing.model:run_mip:430 - Running MIP solver ...
      obj=0.837 (vs_full=+0.00%)  alpha=722.4s  build=17.109s solve=0.286s  vs_full=+0.00%
  [3e] Subgraph / bl-union k=5000 …
2026-07-01 18:50:01.067 | INFO     | pycaalp.time_balancing.model:run_mip:430 - Running MIP solver ...
      obj=0.837 (vs_full=+0.00%)  alpha=722.4s  build=56.522s solve=3.624s  vs_full=+0.00%
  [3f] Subgraph / diverse  k=5000 …
2026-07-01 18:50:04.692 | INFO     | pycaalp.time_balancing.model:run_mip:430 - Running MIP solver ...
      obj=0.837 (vs_full=+0.00%)  alpha=722.4s  build=2.990s solve=42.528s  vs_full=+0.00%

Results saved to experiments/strategy_comparison/assembly_1_np_3/strategy_comparison_lambda_1.0.csv
Plot with:  python -m experiments.strategy_comparison.plot_k_sensitivity

============================================================================================================================
SUMMARY — assembly_1  P=3  λ=1.0
============================================================================================================================
Strategy       Weight                      k   Build    Solve    Total  Spdup       Obj   ObjvsF     Alpha    AlvsF   Edges  %Grph
----------------------------------------------------------------------------------------------------------------------------
full_mip       —                               0.000   73.622   73.622   1.0x     0.837    +0.00    722.42    +0.00    1105  100.0
subgraph_mip   edge_weight                 1   0.002    0.021    0.023 3174.3x     0.918    +9.63    792.00    +9.63      13    1.2
subgraph_mip   time_balanced_weight        1   0.001    0.024    0.025 2964.2x     0.848    +1.30    731.84    +1.30      13    1.2
subgraph_mip   combined                    1   0.002    0.183    0.185 398.9x     0.848    +1.30    731.84    +1.30      26    2.4
subgraph_mip   blended                     1   0.001    0.038    0.039 1880.6x     0.837    +0.00    722.42    +0.00      13    1.2
subgraph_mip   blended_union               1   0.012    0.138    0.150 491.8x     0.837    +0.00    722.42    +0.00      37    3.4
subgraph_mip   diverse                     1   0.004    0.024    0.027 2690.9x     0.837    +0.00    722.42    +0.00      13    1.2
subgraph_mip   edge_weight                 2   0.004    0.345    0.349 210.7x     0.913    +9.12    788.33    +9.12      15    1.4
subgraph_mip   time_balanced_weight        2   0.005    0.035    0.041 1811.5x     0.848    +1.30    731.84    +1.30      15    1.4
subgraph_mip   combined                    2   0.010    0.524    0.534 137.8x     0.848    +1.30    731.84    +1.30      30    2.7
subgraph_mip   blended                     2   0.006    0.027    0.033 2243.3x     0.837    -0.00    722.42    +0.00      15    1.4
subgraph_mip   blended_union               2   0.029    0.214    0.243 302.7x     0.837    +0.00    722.42    +0.00      42    3.8
subgraph_mip   diverse                     2   0.004    0.379    0.383 192.0x     0.837    +0.00    722.42    +0.00      26    2.4
subgraph_mip   edge_weight                 5   0.013    0.051    0.064 1146.0x     0.913    +9.12    788.33    +9.12      21    1.9
subgraph_mip   time_balanced_weight        5   0.018    0.197    0.215 342.8x     0.848    +1.30    731.84    +1.30      44    4.0
subgraph_mip   combined                    5   0.030    0.258    0.288 255.5x     0.848    +1.30    731.84    +1.30      65    5.9
subgraph_mip   blended                     5   0.009    0.158    0.167 439.9x     0.837    -0.00    722.42    +0.00      21    1.9
subgraph_mip   blended_union               5   0.045    0.254    0.300 245.6x     0.837    +0.00    722.42    +0.00      60    5.4
subgraph_mip   diverse                     5   0.006    0.402    0.408 180.6x     0.837    +0.00    722.42    +0.00      65    5.9
subgraph_mip   edge_weight                10   0.052    0.347    0.399 184.7x     0.913    +9.12    788.33    +9.12      24    2.2
subgraph_mip   time_balanced_weight       10   0.067    0.471    0.537 137.0x     0.848    +1.30    731.84    +1.30      57    5.2
subgraph_mip   combined                   10   0.079    0.375    0.454 162.1x     0.848    +1.30    731.84    +1.30      81    7.3
subgraph_mip   blended                    10   0.025    0.241    0.265 277.4x     0.837    -0.00    722.42    +0.00      29    2.6
subgraph_mip   blended_union              10   0.115    0.257    0.372 198.1x     0.837    +0.00    722.42    +0.00      75    6.8
subgraph_mip   diverse                    10   0.007    0.731    0.738  99.7x     0.837    +0.00    722.42    +0.00     126   11.4
subgraph_mip   edge_weight                20   0.063    0.169    0.232 317.3x     0.913    +9.12    788.33    +9.12      35    3.2
subgraph_mip   time_balanced_weight       20   0.126    0.342    0.468 157.2x     0.848    +1.30    731.84    +1.30      73    6.6
subgraph_mip   combined                   20   0.154    0.649    0.803  91.7x     0.848    +1.30    731.84    +1.30     107    9.7
subgraph_mip   blended                    20   0.070    0.933    1.003  73.4x     0.837    -0.00    722.42    +0.00      31    2.8
subgraph_mip   blended_union              20   0.229    0.401    0.630 116.9x     0.837    +0.00    722.42    +0.00      93    8.4
subgraph_mip   diverse                    20   0.012    2.498    2.510  29.3x     0.837    +0.00    722.42    +0.00     238   21.5
subgraph_mip   edge_weight                50   0.193    0.266    0.459 160.4x     0.905    +8.08    780.81    +8.08      54    4.9
subgraph_mip   time_balanced_weight       50   0.248    1.269    1.516  48.6x     0.848    +1.30    731.84    +1.30     141   12.8
subgraph_mip   combined                   50   0.407    2.190    2.597  28.4x     0.848    +1.30    731.84    +1.30     190   17.2
subgraph_mip   blended                    50   0.127    0.213    0.340 216.7x     0.837    +0.00    722.42    +0.00      47    4.2
subgraph_mip   blended_union              50   0.584    0.874    1.458  50.5x     0.837    +0.00    722.42    +0.00     146   13.2
subgraph_mip   diverse                    50   0.052   10.846   10.897   6.8x     0.837    +0.00    722.42    +0.00     507   45.9
subgraph_mip   edge_weight               100   0.307    0.670    0.977  75.4x     0.905    +8.08    780.81    +8.08      78    7.1
subgraph_mip   time_balanced_weight      100   0.395    1.782    2.178  33.8x     0.848    +1.30    731.84    +1.30     189   17.1
subgraph_mip   combined                  100   0.711    4.851    5.563  13.2x     0.848    +1.30    731.84    +1.30     257   23.3
subgraph_mip   blended                   100   0.266    0.281    0.547 134.5x     0.837    +0.00    722.42    +0.00      69    6.2
subgraph_mip   blended_union             100   0.959    0.757    1.716  42.9x     0.837    +0.00    722.42    +0.00     190   17.2
subgraph_mip   diverse                   100   0.084   18.770   18.854   3.9x     0.837    +0.00    722.42    +0.00     733   66.3
subgraph_mip   edge_weight               200   0.475    0.333    0.808  91.1x     0.905    +8.08    780.81    +8.08      95    8.6
subgraph_mip   time_balanced_weight      200   0.745    2.040    2.785  26.4x     0.848    +1.30    731.84    +1.30     258   23.4
subgraph_mip   combined                  200   1.306    3.883    5.188  14.2x     0.848    +1.30    731.84    +1.30     339   30.7
subgraph_mip   blended                   200   0.500    0.265    0.765  96.3x     0.837    +0.00    722.42    +0.00      69    6.2
subgraph_mip   blended_union             200   1.917    1.052    2.969  24.8x     0.837    +0.00    722.42    +0.00     203   18.4
subgraph_mip   diverse                   200   0.141   53.571   53.712   1.4x     0.837    +0.00    722.42    +0.00     903   81.7
subgraph_mip   edge_weight               500   1.326    0.531    1.857  39.6x     0.905    +8.08    780.81    +8.08     108    9.8
subgraph_mip   time_balanced_weight      500   1.487    6.612    8.098   9.1x     0.848    +1.30    731.84    +1.30     399   36.1
subgraph_mip   combined                  500   2.894    6.192    9.086   8.1x     0.848    +1.30    731.84    +1.30     459   41.5
subgraph_mip   blended                   500   1.166    0.283    1.449  50.8x     0.837    +0.00    722.42    +0.00      85    7.7
subgraph_mip   blended_union             500   3.963    1.513    5.476  13.4x     0.837    +0.00    722.42    +0.00     247   22.4
subgraph_mip   diverse                   500   0.332   33.139   33.472   2.2x     0.837    +0.00    722.42    +0.00    1045   94.6
subgraph_mip   edge_weight              1000   2.571    0.680    3.251  22.6x     0.866    +3.42    747.12    +3.42     142   12.8
subgraph_mip   time_balanced_weight     1000   2.889    6.361    9.250   8.0x     0.848    +1.30    731.84    +1.30     500   45.2
subgraph_mip   combined                 1000   5.176    8.799   13.975   5.3x     0.848    +1.30    731.84    +1.30     578   52.3
subgraph_mip   blended                  1000   2.192    0.237    2.429  30.3x     0.837    -0.00    722.42    +0.00      90    8.1
subgraph_mip   blended_union            1000   7.816    2.115    9.931   7.4x     0.837    +0.00    722.42    +0.00     284   25.7
subgraph_mip   diverse                  1000   0.689   77.614   78.303   0.9x     0.837    +0.00    722.42    +0.00    1097   99.3
subgraph_mip   edge_weight              2000   4.718    0.863    5.580  13.2x     0.866    +3.42    747.12    +3.42     185   16.7
subgraph_mip   time_balanced_weight     2000   4.881   10.302   15.183   4.8x     0.848    +1.30    731.84    +1.30     630   57.0
subgraph_mip   combined                 2000   9.406   16.035   25.441   2.9x     0.848    +1.30    731.84    +1.30     685   62.0
subgraph_mip   blended                  2000   4.202    0.283    4.486  16.4x     0.837    +0.00    722.42    +0.00      92    8.3
subgraph_mip   blended_union            2000  14.488    1.667   16.155   4.6x     0.837    -0.00    722.42    +0.00     335   30.3
subgraph_mip   diverse                  2000   1.167   42.493   43.661   1.7x     0.837    +0.00    722.42    +0.00    1105  100.0
subgraph_mip   edge_weight              5000  18.115    1.777   19.892   3.7x     0.866    +3.42    747.12    +3.42     232   21.0
subgraph_mip   time_balanced_weight     5000  16.547   17.627   34.174   2.1x     0.848    +1.30    731.84    +1.30     799   72.3
subgraph_mip   combined                 5000  35.105   32.940   68.045   1.1x     0.848    +1.30    731.84    +1.30     830   75.1
subgraph_mip   blended                  5000  17.109    0.286   17.395   4.2x     0.837    +0.00    722.42    +0.00      93    8.4
subgraph_mip   blended_union            5000  56.522    3.624   60.146   1.2x     0.837    +0.00    722.42    +0.00     355   32.1
subgraph_mip   diverse                  5000   2.990   42.528   45.518   1.6x     0.837    +0.00    722.42    +0.00    1105  100.0
============================================================================================================================
Combined CSV → experiments/strategy_comparison/assembly_1_np_3/strategy_comparison.csv
Saved experiments/strategy_comparison/assembly_1_np_3/lambda_sweep_quality_assembly_1_P3.svg
Saved experiments/strategy_comparison/assembly_1_np_3/lambda_sweep_makespan_assembly_1_P3.svg
Saved experiments/strategy_comparison/assembly_1_np_3/lambda_k_heatmap_obj_assembly_1_P3.svg
Saved experiments/strategy_comparison/assembly_1_np_3/lambda_k_heatmap_makespan_assembly_1_P3.svg
Saved experiments/strategy_comparison/assembly_1_np_3/lambda_min_k_assembly_1_P3.svg
Saved experiments/strategy_comparison/assembly_1_np_3/k_vs_subgraph_assembly_1_P3.svg
Saved experiments/strategy_comparison/assembly_1_np_3/lambda_sweep_quality_byk_assembly_1_P3.svg
Saved experiments/strategy_comparison/assembly_1_np_3/lambda_sweep_makespan_byk_assembly_1_P3.svg
Saved experiments/strategy_comparison/assembly_1_np_3/lambda_k_heatmap_obj_byk_assembly_1_P3.svg
Saved experiments/strategy_comparison/assembly_1_np_3/lambda_k_heatmap_makespan_byk_assembly_1_P3.svg
Saved experiments/strategy_comparison/assembly_1_np_3/lambda_sweep_timing_byk_assembly_1_P3.svg
Saved experiments/strategy_comparison/assembly_1_np_3/lambda_k_heatmap_time_byk_assembly_1_P3.svg
