instance,num_phases,w_balanced,strategy,weight_attr,k,digraph_nodes,digraph_edges,subgraph_edges,subgraph_pct,digraph_build_s,build_s,solve_s,elapsed_s,speedup_vs_full,objective,obj_vs_full_pct,alpha_abs,vs_full_pct,phase_time_min,phase_time_max,phase_time_std,imbalance_pct,abs_time_per_phase,ops_per_phase,n_ops_total
assembly_1,3,0.1,full_mip,—,,343,1105,1105,100.0,0.289,0.0,6.274,6.274,1.0,0.8412,0.0,788.33,0.0,584.04,788.33,95.409,28.42,"[584.04, 784.48, 788.33]","[3, 5, 5]",13
assembly_1,3,0.1,subgraph_mip,edge_weight,1,343,1105,13,1.18,0.289,0.002,0.038,0.041,153.89,0.8414,0.03,792,0.47,584.04,792,95.505,28.93,"[584.04, 792, 780.81]","[3, 5, 5]",13
assembly_1,3,0.1,subgraph_mip,time_balanced_weight,1,343,1105,13,1.18,0.289,0.002,0.016,0.019,336.16,1.131,34.46,731.84,-7.17,705.03,731.84,10.969,3.73,"[731.84, 705.03, 719.98]","[3, 5, 5]",13
assembly_1,3,0.1,subgraph_mip,combined,1,343,1105,26,2.35,0.289,0.003,0.212,0.215,29.13,0.8414,0.03,792,0.47,584.04,792,95.505,28.93,"[584.04, 792, 780.81]","[3, 5, 5]",13
assembly_1,3,0.1,subgraph_mip,blended,1,343,1105,13,1.18,0.289,0.002,0.016,0.018,347.38,0.8491,0.94,758.63,-3.77,692.04,758.63,28.646,9.26,"[692.04, 758.63, 706.18]","[4, 4, 5]",13
assembly_1,3,0.1,subgraph_mip,blended_union,1,343,1105,37,3.35,0.289,0.025,0.083,0.108,58.22,0.8414,0.03,792,0.47,584.04,792,95.505,28.93,"[584.04, 792, 780.81]","[3, 5, 5]",13
assembly_1,3,0.1,subgraph_mip,diverse,1,343,1105,13,1.18,0.289,0.01,0.016,0.026,245.91,0.8491,0.94,758.63,-3.77,692.04,758.63,28.646,9.26,"[692.04, 758.63, 706.18]","[4, 4, 5]",13
assembly_1,3,0.1,subgraph_mip,edge_weight,2,343,1105,15,1.36,0.289,0.003,0.04,0.043,145.7,0.8412,-0.0,788.33,0.0,584.04,788.33,95.409,28.42,"[584.04, 784.48, 788.33]","[3, 5, 5]",13
assembly_1,3,0.1,subgraph_mip,time_balanced_weight,2,343,1105,15,1.36,0.289,0.004,0.053,0.057,110.81,1.1223,33.43,731.84,-7.17,705.03,731.84,10.969,3.73,"[731.84, 705.03, 719.98]","[3, 5, 5]",13
assembly_1,3,0.1,subgraph_mip,combined,2,343,1105,30,2.71,0.289,0.007,0.078,0.084,74.33,0.8412,0.0,788.33,0.0,584.04,788.33,95.409,28.42,"[584.04, 784.48, 788.33]","[3, 5, 5]",13
assembly_1,3,0.1,subgraph_mip,blended,2,343,1105,15,1.36,0.289,0.003,0.106,0.109,57.6,0.8491,0.94,758.63,-3.77,692.04,758.63,28.646,9.26,"[692.04, 758.63, 706.18]","[4, 4, 5]",13
assembly_1,3,0.1,subgraph_mip,blended_union,2,343,1105,42,3.8,0.289,0.015,0.246,0.261,24.01,0.8412,0.0,788.33,0.0,584.04,788.33,95.409,28.42,"[584.04, 784.48, 788.33]","[3, 5, 5]",13
assembly_1,3,0.1,subgraph_mip,diverse,2,343,1105,26,2.35,0.289,0.004,0.097,0.101,62.09,0.8491,0.94,758.63,-3.77,692.04,758.63,28.646,9.26,"[692.04, 758.63, 706.18]","[4, 4, 5]",13
assembly_1,3,0.1,subgraph_mip,edge_weight,5,343,1105,21,1.9,0.289,0.01,0.132,0.142,44.12,0.8412,0.0,788.33,0.0,584.04,788.33,95.409,28.42,"[584.04, 784.48, 788.33]","[3, 5, 5]",13
assembly_1,3,0.1,subgraph_mip,time_balanced_weight,5,343,1105,44,3.98,0.289,0.014,0.1,0.114,54.94,1.1223,33.43,731.84,-7.17,705.03,731.84,10.969,3.73,"[731.84, 705.03, 719.98]","[3, 5, 5]",13
assembly_1,3,0.1,subgraph_mip,combined,5,343,1105,65,5.88,0.289,0.023,0.282,0.305,20.55,0.8412,0.0,788.33,0.0,584.04,788.33,95.409,28.42,"[584.04, 784.48, 788.33]","[3, 5, 5]",13
assembly_1,3,0.1,subgraph_mip,blended,5,343,1105,21,1.9,0.289,0.01,0.067,0.077,80.99,0.8491,0.94,758.63,-3.77,692.04,758.63,28.646,9.26,"[692.04, 758.63, 706.18]","[4, 4, 5]",13
assembly_1,3,0.1,subgraph_mip,blended_union,5,343,1105,60,5.43,0.289,0.035,0.342,0.376,16.68,0.8412,-0.0,788.33,0.0,584.04,788.33,95.409,28.42,"[584.04, 784.48, 788.33]","[3, 5, 5]",13
assembly_1,3,0.1,subgraph_mip,diverse,5,343,1105,65,5.88,0.289,0.005,0.371,0.376,16.67,0.8491,0.94,758.63,-3.77,692.04,758.63,28.646,9.26,"[692.04, 758.63, 706.18]","[4, 4, 5]",13
assembly_1,3,0.1,subgraph_mip,edge_weight,10,343,1105,24,2.17,0.289,0.021,0.109,0.13,48.38,0.8412,-0.0,788.33,0.0,584.04,788.33,95.409,28.42,"[584.04, 784.48, 788.33]","[3, 5, 5]",13
assembly_1,3,0.1,subgraph_mip,time_balanced_weight,10,343,1105,57,5.16,0.289,0.028,0.473,0.5,12.54,1.1189,33.02,798.38,1.27,626.63,798.38,70.707,23.89,"[731.84, 626.63, 798.38]","[3, 4, 6]",13
assembly_1,3,0.1,subgraph_mip,combined,10,343,1105,81,7.33,0.289,0.048,0.356,0.404,15.52,0.8412,0.0,788.33,0.0,584.04,788.33,95.409,28.42,"[584.04, 784.48, 788.33]","[3, 5, 5]",13
assembly_1,3,0.1,subgraph_mip,blended,10,343,1105,26,2.35,0.289,0.021,0.138,0.16,39.31,0.8491,0.94,758.63,-3.77,692.04,758.63,28.646,9.26,"[692.04, 758.63, 706.18]","[4, 4, 5]",13
assembly_1,3,0.1,subgraph_mip,blended_union,10,343,1105,75,6.79,0.289,0.081,0.508,0.59,10.64,0.8412,-0.0,788.33,0.0,584.04,788.33,95.409,28.42,"[584.04, 784.48, 788.33]","[3, 5, 5]",13
assembly_1,3,0.1,subgraph_mip,diverse,10,343,1105,126,11.4,0.289,0.012,0.375,0.388,16.18,0.8491,0.94,758.63,-3.77,692.04,758.63,28.646,9.26,"[692.04, 758.63, 706.18]","[4, 4, 5]",13
assembly_1,3,0.1,subgraph_mip,edge_weight,20,343,1105,35,3.17,0.289,0.047,0.573,0.621,10.11,0.8412,0.0,788.33,0.0,584.04,788.33,95.409,28.42,"[584.04, 784.48, 788.33]","[3, 5, 5]",13
assembly_1,3,0.1,subgraph_mip,time_balanced_weight,20,343,1105,73,6.61,0.289,0.083,0.271,0.353,17.76,1.0297,22.41,754.42,-4.3,655.31,754.42,45.099,13.79,"[747.12, 655.31, 754.42]","[4, 5, 4]",13
assembly_1,3,0.1,subgraph_mip,combined,20,343,1105,107,9.68,0.289,0.177,0.556,0.733,8.56,0.8412,0.0,788.33,0.0,584.04,788.33,95.409,28.42,"[584.04, 784.48, 788.33]","[3, 5, 5]",13
assembly_1,3,0.1,subgraph_mip,blended,20,343,1105,34,3.08,0.289,0.056,0.155,0.21,29.84,0.8491,0.94,758.63,-3.77,692.04,758.63,28.646,9.26,"[692.04, 758.63, 706.18]","[4, 4, 5]",13
assembly_1,3,0.1,subgraph_mip,blended_union,20,343,1105,93,8.42,0.289,0.194,1.377,1.571,3.99,0.8412,0.0,788.33,0.0,584.04,788.33,95.409,28.42,"[584.04, 784.48, 788.33]","[3, 5, 5]",13
assembly_1,3,0.1,subgraph_mip,diverse,20,343,1105,239,21.63,0.289,0.014,0.936,0.95,6.6,0.843,0.21,792,0.47,584.04,792,95.505,28.93,"[584.04, 792, 780.81]","[3, 5, 5]",13
assembly_1,3,0.1,subgraph_mip,edge_weight,50,343,1105,54,4.89,0.289,0.148,0.534,0.683,9.19,0.8412,0.0,788.33,0.0,584.04,788.33,95.409,28.42,"[584.04, 784.48, 788.33]","[3, 5, 5]",13
assembly_1,3,0.1,subgraph_mip,time_balanced_weight,50,343,1105,141,12.76,0.289,0.202,1.131,1.333,4.71,1.0291,22.35,754.42,-4.3,655.31,754.42,45.099,13.79,"[747.12, 655.31, 754.42]","[4, 5, 4]",13
assembly_1,3,0.1,subgraph_mip,combined,50,343,1105,190,17.19,0.289,0.38,1.161,1.541,4.07,0.8412,-0.0,788.33,0.0,584.04,788.33,95.409,28.42,"[584.04, 784.48, 788.33]","[3, 5, 5]",13
assembly_1,3,0.1,subgraph_mip,blended,50,343,1105,62,5.61,0.289,0.174,0.364,0.538,11.66,0.8424,0.15,780.81,-0.95,684,780.81,43.865,13.47,"[692.04, 684, 780.81]","[4, 4, 5]",13
assembly_1,3,0.1,subgraph_mip,blended_union,50,343,1105,146,13.21,0.289,0.461,0.958,1.419,4.42,0.8412,0.0,788.33,0.0,584.04,788.33,95.409,28.42,"[584.04, 784.48, 788.33]","[3, 5, 5]",13
assembly_1,3,0.1,subgraph_mip,diverse,50,343,1105,510,46.15,0.289,0.033,3.038,3.07,2.04,0.843,0.21,792,0.47,584.04,792,95.505,28.93,"[584.04, 792, 780.81]","[3, 5, 5]",13
assembly_1,3,0.1,subgraph_mip,edge_weight,100,343,1105,78,7.06,0.289,0.349,1.021,1.37,4.58,0.8412,0.0,788.33,0.0,584.04,788.33,95.409,28.42,"[584.04, 784.48, 788.33]","[3, 5, 5]",13
assembly_1,3,0.1,subgraph_mip,time_balanced_weight,100,343,1105,189,17.1,0.289,0.497,0.921,1.418,4.42,1.0087,19.92,814.18,3.28,584.04,814.18,98.054,32.01,"[584.04, 758.63, 814.18]","[3, 4, 6]",13
assembly_1,3,0.1,subgraph_mip,combined,100,343,1105,257,23.26,0.289,0.876,1.576,2.452,2.56,0.8412,0.0,788.33,0.0,584.04,788.33,95.409,28.42,"[584.04, 784.48, 788.33]","[3, 5, 5]",13
assembly_1,3,0.1,subgraph_mip,blended,100,343,1105,103,9.32,0.289,0.409,0.613,1.022,6.14,0.8424,0.15,780.81,-0.95,684,780.81,43.865,13.47,"[692.04, 684, 780.81]","[4, 4, 5]",13
assembly_1,3,0.1,subgraph_mip,blended_union,100,343,1105,190,17.19,0.289,0.994,1.308,2.302,2.72,0.8412,0.0,788.33,0.0,584.04,788.33,95.409,28.42,"[584.04, 784.48, 788.33]","[3, 5, 5]",13
assembly_1,3,0.1,subgraph_mip,diverse,100,343,1105,748,67.69,0.289,0.056,3.988,4.044,1.55,0.8427,0.18,792,0.47,584.04,792,95.505,28.93,"[584.04, 792, 780.81]","[3, 5, 5]",13
assembly_1,3,0.1,subgraph_mip,edge_weight,200,343,1105,95,8.6,0.289,0.644,0.693,1.338,4.69,0.8412,0.0,788.33,0.0,584.04,788.33,95.409,28.42,"[584.04, 784.48, 788.33]","[3, 5, 5]",13
assembly_1,3,0.1,subgraph_mip,time_balanced_weight,200,343,1105,258,23.35,0.289,1.005,1.191,2.196,2.86,1.0041,19.37,814.18,3.28,584.04,814.18,98.054,32.01,"[584.04, 758.63, 814.18]","[3, 4, 6]",13
assembly_1,3,0.1,subgraph_mip,combined,200,343,1105,339,30.68,0.289,1.585,1.569,3.154,1.99,0.8412,-0.0,788.33,0.0,584.04,788.33,95.409,28.42,"[584.04, 784.48, 788.33]","[3, 5, 5]",13
assembly_1,3,0.1,subgraph_mip,blended,200,343,1105,122,11.04,0.289,0.984,1.297,2.281,2.75,0.8424,0.15,780.81,-0.95,684,780.81,43.865,13.47,"[692.04, 684, 780.81]","[4, 4, 5]",13
assembly_1,3,0.1,subgraph_mip,blended_union,200,343,1105,203,18.37,0.289,2.28,1.083,3.363,1.87,0.8412,0.0,788.33,0.0,584.04,788.33,95.409,28.42,"[584.04, 784.48, 788.33]","[3, 5, 5]",13
assembly_1,3,0.1,subgraph_mip,diverse,200,343,1105,913,82.62,0.289,0.188,5.227,5.415,1.16,0.8427,0.18,792,0.47,584.04,792,95.505,28.93,"[584.04, 792, 780.81]","[3, 5, 5]",13
assembly_1,3,0.1,subgraph_mip,edge_weight,500,343,1105,108,9.77,0.289,1.478,0.564,2.043,3.07,0.8412,0.0,788.33,0.0,584.04,788.33,95.409,28.42,"[584.04, 784.48, 788.33]","[3, 5, 5]",13
assembly_1,3,0.1,subgraph_mip,time_balanced_weight,500,343,1105,399,36.11,0.289,1.741,2.77,4.512,1.39,0.9899,17.68,788.33,0.0,584.04,788.33,95.409,28.42,"[584.04, 784.48, 788.33]","[3, 5, 5]",13
assembly_1,3,0.1,subgraph_mip,combined,500,343,1105,459,41.54,0.289,3.419,2.621,6.04,1.04,0.8412,0.0,788.33,0.0,584.04,788.33,95.409,28.42,"[584.04, 784.48, 788.33]","[3, 5, 5]",13
assembly_1,3,0.1,subgraph_mip,blended,500,343,1105,147,13.3,0.289,2.034,1.021,3.054,2.05,0.8424,0.15,780.81,-0.95,684,780.81,43.865,13.47,"[692.04, 684, 780.81]","[4, 4, 5]",13
assembly_1,3,0.1,subgraph_mip,blended_union,500,343,1105,247,22.35,0.289,5.188,2.747,7.934,0.79,0.8412,0.0,788.33,0.0,584.04,788.33,95.409,28.42,"[584.04, 784.48, 788.33]","[3, 5, 5]",13
assembly_1,3,0.1,subgraph_mip,diverse,500,343,1105,1045,94.57,0.289,0.447,8.868,9.314,0.67,0.8414,0.03,792,0.47,584.04,792,95.505,28.93,"[584.04, 792, 780.81]","[3, 5, 5]",13
assembly_1,3,0.1,subgraph_mip,edge_weight,1000,343,1105,142,12.85,0.289,3.217,0.835,4.052,1.55,0.8412,0.0,788.33,0.0,584.04,788.33,95.409,28.42,"[584.04, 784.48, 788.33]","[3, 5, 5]",13
assembly_1,3,0.1,subgraph_mip,time_balanced_weight,1000,343,1105,500,45.25,0.289,3.672,3.68,7.352,0.85,0.9899,17.68,788.33,0.0,584.04,788.33,95.409,28.42,"[584.04, 784.48, 788.33]","[3, 5, 5]",13
assembly_1,3,0.1,subgraph_mip,combined,1000,343,1105,578,52.31,0.289,7.253,2.972,10.225,0.61,0.8412,0.0,788.33,0.0,584.04,788.33,95.409,28.42,"[584.04, 784.48, 788.33]","[3, 5, 5]",13
assembly_1,3,0.1,subgraph_mip,blended,1000,343,1105,197,17.83,0.289,4.664,1.274,5.938,1.06,0.8424,0.15,780.81,-0.95,684,780.81,43.865,13.47,"[692.04, 684, 780.81]","[4, 4, 5]",13
assembly_1,3,0.1,subgraph_mip,blended_union,1000,343,1105,284,25.7,0.289,10.931,2.423,13.354,0.47,0.8412,0.0,788.33,0.0,584.04,788.33,95.409,28.42,"[584.04, 784.48, 788.33]","[3, 5, 5]",13
assembly_1,3,0.1,subgraph_mip,diverse,1000,343,1105,1099,99.46,0.289,1.212,8.412,9.624,0.65,0.8412,0.0,788.33,0.0,584.04,788.33,95.409,28.42,"[584.04, 784.48, 788.33]","[3, 5, 5]",13
assembly_1,3,0.1,subgraph_mip,edge_weight,2000,343,1105,185,16.74,0.289,7.898,1.417,9.315,0.67,0.8412,0.0,788.33,0.0,584.04,788.33,95.409,28.42,"[584.04, 784.48, 788.33]","[3, 5, 5]",13
assembly_1,3,0.1,subgraph_mip,time_balanced_weight,2000,343,1105,630,57.01,0.289,8.306,2.887,11.194,0.56,0.985,17.1,788.33,0.0,584.04,788.33,95.409,28.42,"[584.04, 784.48, 788.33]","[3, 5, 5]",13
assembly_1,3,0.1,subgraph_mip,combined,2000,343,1105,685,61.99,0.289,16.222,4.055,20.277,0.31,0.8412,0.0,788.33,0.0,584.04,788.33,95.409,28.42,"[584.04, 784.48, 788.33]","[3, 5, 5]",13
assembly_1,3,0.1,subgraph_mip,blended,2000,343,1105,219,19.82,0.289,9.952,0.736,10.688,0.59,0.8424,0.15,780.81,-0.95,684,780.81,43.865,13.47,"[692.04, 684, 780.81]","[4, 4, 5]",13
assembly_1,3,0.1,subgraph_mip,blended_union,2000,343,1105,335,30.32,0.289,25.67,2.598,28.269,0.22,0.8412,-0.0,788.33,0.0,584.04,788.33,95.409,28.42,"[584.04, 784.48, 788.33]","[3, 5, 5]",13
assembly_1,3,0.1,subgraph_mip,diverse,2000,343,1105,1105,100.0,0.289,1.951,7.786,9.736,0.64,0.8412,0.0,788.33,0.0,584.04,788.33,95.409,28.42,"[584.04, 784.48, 788.33]","[3, 5, 5]",13
assembly_1,3,0.1,subgraph_mip,edge_weight,5000,343,1105,232,21.0,0.289,30.64,1.678,32.318,0.19,0.8412,-0.0,788.33,0.0,584.04,788.33,95.409,28.42,"[584.04, 784.48, 788.33]","[3, 5, 5]",13
assembly_1,3,0.1,subgraph_mip,time_balanced_weight,5000,343,1105,799,72.31,0.289,25.738,6.367,32.105,0.2,0.9836,16.93,788.33,0.0,584.04,788.33,95.409,28.42,"[584.04, 784.48, 788.33]","[3, 5, 5]",13
assembly_1,3,0.1,subgraph_mip,combined,5000,343,1105,830,75.11,0.289,57.467,4.911,62.379,0.1,0.8412,0.0,788.33,0.0,584.04,788.33,95.409,28.42,"[584.04, 784.48, 788.33]","[3, 5, 5]",13
assembly_1,3,0.1,subgraph_mip,blended,5000,343,1105,253,22.9,0.289,36.624,1.503,38.127,0.16,0.8424,0.15,780.81,-0.95,684,780.81,43.865,13.47,"[692.04, 684, 780.81]","[4, 4, 5]",13
assembly_1,3,0.1,subgraph_mip,blended_union,5000,343,1105,355,32.13,0.289,94.185,2.678,96.863,0.06,0.8412,0.0,788.33,0.0,584.04,788.33,95.409,28.42,"[584.04, 784.48, 788.33]","[3, 5, 5]",13
assembly_1,3,0.1,subgraph_mip,diverse,5000,343,1105,1105,100.0,0.289,5.404,7.658,13.062,0.48,0.8412,0.0,788.33,0.0,584.04,788.33,95.409,28.42,"[584.04, 784.48, 788.33]","[3, 5, 5]",13
assembly_1,3,0.15,full_mip,—,,343,1105,1105,100.0,0.337,0.0,6.675,6.675,1.0,0.8452,0.0,788.33,0.0,584.04,788.33,95.409,28.42,"[584.04, 784.48, 788.33]","[3, 5, 5]",13
assembly_1,3,0.15,subgraph_mip,edge_weight,1,343,1105,13,1.18,0.337,0.002,0.03,0.032,205.41,0.8456,0.05,792,0.47,584.04,792,95.505,28.93,"[584.04, 792, 780.81]","[3, 5, 5]",13
assembly_1,3,0.15,subgraph_mip,time_balanced_weight,1,343,1105,13,1.18,0.337,0.003,0.014,0.016,407.2,1.1153,31.96,731.84,-7.17,705.03,731.84,10.969,3.73,"[731.84, 705.03, 719.98]","[3, 5, 5]",13
assembly_1,3,0.15,subgraph_mip,combined,1,343,1105,26,2.35,0.337,0.003,0.132,0.135,49.44,0.8456,0.05,792,0.47,584.04,792,95.505,28.93,"[584.04, 792, 780.81]","[3, 5, 5]",13
assembly_1,3,0.15,subgraph_mip,blended,1,343,1105,13,1.18,0.337,0.002,0.037,0.039,171.4,0.8508,0.66,758.63,-3.77,692.04,758.63,28.646,9.26,"[692.04, 758.63, 706.18]","[4, 4, 5]",13
assembly_1,3,0.15,subgraph_mip,blended_union,1,343,1105,37,3.35,0.337,0.029,0.502,0.531,12.57,0.8456,0.05,792,0.47,584.04,792,95.505,28.93,"[584.04, 792, 780.81]","[3, 5, 5]",13
assembly_1,3,0.15,subgraph_mip,diverse,1,343,1105,13,1.18,0.337,0.011,0.017,0.028,240.93,0.8508,0.66,758.63,-3.77,692.04,758.63,28.646,9.26,"[692.04, 758.63, 706.18]","[4, 4, 5]",13
assembly_1,3,0.15,subgraph_mip,edge_weight,2,343,1105,15,1.36,0.337,0.004,0.378,0.382,17.46,0.8452,0.0,788.33,0.0,584.04,788.33,95.409,28.42,"[584.04, 784.48, 788.33]","[3, 5, 5]",13
assembly_1,3,0.15,subgraph_mip,time_balanced_weight,2,343,1105,15,1.36,0.337,0.004,0.166,0.17,39.18,1.1071,30.99,731.84,-7.17,705.03,731.84,10.969,3.73,"[731.84, 705.03, 719.98]","[3, 5, 5]",13
assembly_1,3,0.15,subgraph_mip,combined,2,343,1105,30,2.71,0.337,0.007,0.42,0.427,15.64,0.8452,0.0,788.33,0.0,584.04,788.33,95.409,28.42,"[584.04, 784.48, 788.33]","[3, 5, 5]",13
assembly_1,3,0.15,subgraph_mip,blended,2,343,1105,15,1.36,0.337,0.013,0.188,0.201,33.2,0.8508,0.66,758.63,-3.77,692.04,758.63,28.646,9.26,"[692.04, 758.63, 706.18]","[4, 4, 5]",13
assembly_1,3,0.15,subgraph_mip,blended_union,2,343,1105,42,3.8,0.337,0.034,0.886,0.919,7.26,0.8452,-0.0,788.33,0.0,584.04,788.33,95.409,28.42,"[584.04, 784.48, 788.33]","[3, 5, 5]",13
assembly_1,3,0.15,subgraph_mip,diverse,2,343,1105,26,2.35,0.337,0.019,0.297,0.316,21.1,0.8508,0.66,758.63,-3.77,692.04,758.63,28.646,9.26,"[692.04, 758.63, 706.18]","[4, 4, 5]",13
assembly_1,3,0.15,subgraph_mip,edge_weight,5,343,1105,21,1.9,0.337,0.014,0.337,0.352,18.99,0.8452,-0.0,788.33,0.0,584.04,788.33,95.409,28.42,"[584.04, 784.48, 788.33]","[3, 5, 5]",13
assembly_1,3,0.15,subgraph_mip,time_balanced_weight,5,343,1105,44,3.98,0.337,0.026,0.151,0.177,37.79,1.1071,30.99,731.84,-7.17,705.03,731.84,10.969,3.73,"[731.84, 705.03, 719.98]","[3, 5, 5]",13
assembly_1,3,0.15,subgraph_mip,combined,5,343,1105,65,5.88,0.337,0.055,0.498,0.553,12.06,0.8452,0.0,788.33,0.0,584.04,788.33,95.409,28.42,"[584.04, 784.48, 788.33]","[3, 5, 5]",13
assembly_1,3,0.15,subgraph_mip,blended,5,343,1105,21,1.9,0.337,0.014,0.193,0.207,32.26,0.8508,0.66,758.63,-3.77,692.04,758.63,28.646,9.26,"[692.04, 758.63, 706.18]","[4, 4, 5]",13
assembly_1,3,0.15,subgraph_mip,blended_union,5,343,1105,60,5.43,0.337,0.039,0.536,0.575,11.61,0.8452,-0.0,788.33,0.0,584.04,788.33,95.409,28.42,"[584.04, 784.48, 788.33]","[3, 5, 5]",13
assembly_1,3,0.15,subgraph_mip,diverse,5,343,1105,65,5.88,0.337,0.007,0.413,0.419,15.92,0.8508,0.66,758.63,-3.77,692.04,758.63,28.646,9.26,"[692.04, 758.63, 706.18]","[4, 4, 5]",13
assembly_1,3,0.15,subgraph_mip,edge_weight,10,343,1105,24,2.17,0.337,0.068,0.358,0.426,15.69,0.8452,0.0,788.33,0.0,584.04,788.33,95.409,28.42,"[584.04, 784.48, 788.33]","[3, 5, 5]",13
assembly_1,3,0.15,subgraph_mip,time_balanced_weight,10,343,1105,57,5.16,0.337,0.062,1.891,1.952,3.42,1.1057,30.82,731.84,-7.17,705.03,731.84,10.969,3.73,"[731.84, 705.03, 719.98]","[3, 5, 5]",13
assembly_1,3,0.15,subgraph_mip,combined,10,343,1105,81,7.33,0.337,0.085,0.559,0.643,10.37,0.8452,0.0,788.33,0.0,584.04,788.33,95.409,28.42,"[584.04, 784.48, 788.33]","[3, 5, 5]",13
assembly_1,3,0.15,subgraph_mip,blended,10,343,1105,26,2.35,0.337,0.061,0.426,0.487,13.71,0.8508,0.66,758.63,-3.77,692.04,758.63,28.646,9.26,"[692.04, 758.63, 706.18]","[4, 4, 5]",13
assembly_1,3,0.15,subgraph_mip,blended_union,10,343,1105,75,6.79,0.337,0.132,0.908,1.04,6.42,0.8452,-0.0,788.33,0.0,584.04,788.33,95.409,28.42,"[584.04, 784.48, 788.33]","[3, 5, 5]",13
assembly_1,3,0.15,subgraph_mip,diverse,10,343,1105,126,11.4,0.337,0.027,0.669,0.696,9.59,0.8508,0.66,758.63,-3.77,692.04,758.63,28.646,9.26,"[692.04, 758.63, 706.18]","[4, 4, 5]",13
assembly_1,3,0.15,subgraph_mip,edge_weight,20,343,1105,35,3.17,0.337,0.081,0.425,0.506,13.2,0.8452,0.0,788.33,0.0,584.04,788.33,95.409,28.42,"[584.04, 784.48, 788.33]","[3, 5, 5]",13
assembly_1,3,0.15,subgraph_mip,time_balanced_weight,20,343,1105,73,6.61,0.337,0.112,0.329,0.442,15.12,1.021,20.8,754.42,-4.3,655.31,754.42,45.099,13.79,"[747.12, 655.31, 754.42]","[4, 5, 4]",13
assembly_1,3,0.15,subgraph_mip,combined,20,343,1105,107,9.68,0.337,0.181,1.207,1.389,4.81,0.8452,0.0,788.33,0.0,584.04,788.33,95.409,28.42,"[584.04, 784.48, 788.33]","[3, 5, 5]",13
assembly_1,3,0.15,subgraph_mip,blended,20,343,1105,34,3.08,0.337,0.083,0.221,0.303,22.01,0.8508,0.66,758.63,-3.77,692.04,758.63,28.646,9.26,"[692.04, 758.63, 706.18]","[4, 4, 5]",13
assembly_1,3,0.15,subgraph_mip,blended_union,20,343,1105,93,8.42,0.337,0.287,1.238,1.525,4.38,0.8452,0.0,788.33,0.0,584.04,788.33,95.409,28.42,"[584.04, 784.48, 788.33]","[3, 5, 5]",13
assembly_1,3,0.15,subgraph_mip,diverse,20,343,1105,239,21.63,0.337,0.028,1.477,1.505,4.44,0.8508,0.66,758.63,-3.77,692.04,758.63,28.646,9.26,"[692.04, 758.63, 706.18]","[4, 4, 5]",13
assembly_1,3,0.15,subgraph_mip,edge_weight,50,343,1105,54,4.89,0.337,0.225,0.595,0.82,8.15,0.8452,0.0,788.33,0.0,584.04,788.33,95.409,28.42,"[584.04, 784.48, 788.33]","[3, 5, 5]",13
assembly_1,3,0.15,subgraph_mip,time_balanced_weight,50,343,1105,141,12.76,0.337,0.264,1.214,1.478,4.52,1.0205,20.75,754.42,-4.3,655.31,754.42,45.099,13.79,"[747.12, 655.31, 754.42]","[4, 5, 4]",13
assembly_1,3,0.15,subgraph_mip,combined,50,343,1105,190,17.19,0.337,0.409,1.431,1.84,3.63,0.8452,0.0,788.33,0.0,584.04,788.33,95.409,28.42,"[584.04, 784.48, 788.33]","[3, 5, 5]",13
assembly_1,3,0.15,subgraph_mip,blended,50,343,1105,56,5.07,0.337,0.199,0.682,0.881,7.57,0.8508,0.66,758.63,-3.77,692.04,758.63,28.646,9.26,"[692.04, 758.63, 706.18]","[4, 4, 5]",13
assembly_1,3,0.15,subgraph_mip,blended_union,50,343,1105,146,13.21,0.337,0.594,1.463,2.057,3.25,0.8452,0.0,788.33,0.0,584.04,788.33,95.409,28.42,"[584.04, 784.48, 788.33]","[3, 5, 5]",13
assembly_1,3,0.15,subgraph_mip,diverse,50,343,1105,511,46.24,0.337,0.054,3.449,3.503,1.91,0.8471,0.23,792,0.47,584.04,792,95.505,28.93,"[584.04, 792, 780.81]","[3, 5, 5]",13
assembly_1,3,0.15,subgraph_mip,edge_weight,100,343,1105,78,7.06,0.337,0.416,0.527,0.943,7.08,0.8452,0.0,788.33,0.0,584.04,788.33,95.409,28.42,"[584.04, 784.48, 788.33]","[3, 5, 5]",13
assembly_1,3,0.15,subgraph_mip,time_balanced_weight,100,343,1105,189,17.1,0.337,0.586,1.885,2.471,2.7,1.0051,18.92,814.18,3.28,584.04,814.18,98.054,32.01,"[584.04, 758.63, 814.18]","[3, 4, 6]",13
assembly_1,3,0.15,subgraph_mip,combined,100,343,1105,257,23.26,0.337,0.915,1.583,2.498,2.67,0.8452,-0.0,788.33,0.0,584.04,788.33,95.409,28.42,"[584.04, 784.48, 788.33]","[3, 5, 5]",13
assembly_1,3,0.15,subgraph_mip,blended,100,343,1105,93,8.42,0.337,0.433,1.179,1.611,4.14,0.8508,0.66,758.63,-3.77,692.04,758.63,28.646,9.26,"[692.04, 758.63, 706.18]","[4, 4, 5]",13
assembly_1,3,0.15,subgraph_mip,blended_union,100,343,1105,190,17.19,0.337,1.166,1.45,2.617,2.55,0.8452,0.0,788.33,0.0,584.04,788.33,95.409,28.42,"[584.04, 784.48, 788.33]","[3, 5, 5]",13
assembly_1,3,0.15,subgraph_mip,diverse,100,343,1105,745,67.42,0.337,0.07,8.593,8.663,0.77,0.8469,0.2,792,0.47,584.04,792,95.505,28.93,"[584.04, 792, 780.81]","[3, 5, 5]",13
assembly_1,3,0.15,subgraph_mip,edge_weight,200,343,1105,95,8.6,0.337,0.669,0.608,1.277,5.23,0.8452,0.0,788.33,0.0,584.04,788.33,95.409,28.42,"[584.04, 784.48, 788.33]","[3, 5, 5]",13
assembly_1,3,0.15,subgraph_mip,time_balanced_weight,200,343,1105,258,23.35,0.337,0.78,1.264,2.045,3.26,0.9996,18.27,747.12,-5.23,696.13,747.12,21.158,7.09,"[747.12, 696.13, 713.6]","[4, 4, 5]",13
assembly_1,3,0.15,subgraph_mip,combined,200,343,1105,339,30.68,0.337,1.404,1.975,3.379,1.98,0.8452,0.0,788.33,0.0,584.04,788.33,95.409,28.42,"[584.04, 784.48, 788.33]","[3, 5, 5]",13
assembly_1,3,0.15,subgraph_mip,blended,200,343,1105,120,10.86,0.337,0.818,0.951,1.768,3.77,0.8508,0.66,758.63,-3.77,692.04,758.63,28.646,9.26,"[692.04, 758.63, 706.18]","[4, 4, 5]",13
assembly_1,3,0.15,subgraph_mip,blended_union,200,343,1105,203,18.37,0.337,2.113,1.262,3.375,1.98,0.8452,0.0,788.33,0.0,584.04,788.33,95.409,28.42,"[584.04, 784.48, 788.33]","[3, 5, 5]",13
assembly_1,3,0.15,subgraph_mip,diverse,200,343,1105,911,82.44,0.337,0.204,7.048,7.252,0.92,0.8469,0.2,792,0.47,584.04,792,95.505,28.93,"[584.04, 792, 780.81]","[3, 5, 5]",13
assembly_1,3,0.15,subgraph_mip,edge_weight,500,343,1105,108,9.77,0.337,2.214,0.69,2.904,2.3,0.8452,0.0,788.33,0.0,584.04,788.33,95.409,28.42,"[584.04, 784.48, 788.33]","[3, 5, 5]",13
assembly_1,3,0.15,subgraph_mip,time_balanced_weight,500,343,1105,399,36.11,0.337,2.436,2.49,4.927,1.35,0.9856,16.62,788.33,0.0,584.04,788.33,95.409,28.42,"[584.04, 784.48, 788.33]","[3, 5, 5]",13
assembly_1,3,0.15,subgraph_mip,combined,500,343,1105,459,41.54,0.337,3.956,3.28,7.237,0.92,0.8452,0.0,788.33,0.0,584.04,788.33,95.409,28.42,"[584.04, 784.48, 788.33]","[3, 5, 5]",13
assembly_1,3,0.15,subgraph_mip,blended,500,343,1105,158,14.3,0.337,2.011,1.842,3.854,1.73,0.8459,0.08,780.81,-0.95,684,780.81,43.865,13.47,"[692.04, 684, 780.81]","[4, 4, 5]",13
assembly_1,3,0.15,subgraph_mip,blended_union,500,343,1105,247,22.35,0.337,5.419,1.739,7.158,0.93,0.8452,0.0,788.33,0.0,584.04,788.33,95.409,28.42,"[584.04, 784.48, 788.33]","[3, 5, 5]",13
assembly_1,3,0.15,subgraph_mip,diverse,500,343,1105,1048,94.84,0.337,0.493,10.459,10.951,0.61,0.8452,0.0,788.33,0.0,584.04,788.33,95.409,28.42,"[584.04, 784.48, 788.33]","[3, 5, 5]",13
assembly_1,3,0.15,subgraph_mip,edge_weight,1000,343,1105,142,12.85,0.337,3.372,2.014,5.386,1.24,0.8452,0.0,788.33,0.0,584.04,788.33,95.409,28.42,"[584.04, 784.48, 788.33]","[3, 5, 5]",13
assembly_1,3,0.15,subgraph_mip,time_balanced_weight,1000,343,1105,500,45.25,0.337,4.21,3.988,8.197,0.81,0.9856,16.62,788.33,0.0,584.04,788.33,95.409,28.42,"[584.04, 784.48, 788.33]","[3, 5, 5]",13
assembly_1,3,0.15,subgraph_mip,combined,1000,343,1105,578,52.31,0.337,7.474,3.073,10.547,0.63,0.8452,0.0,788.33,0.0,584.04,788.33,95.409,28.42,"[584.04, 784.48, 788.33]","[3, 5, 5]",13
assembly_1,3,0.15,subgraph_mip,blended,1000,343,1105,187,16.92,0.337,4.36,1.928,6.288,1.06,0.8459,0.08,780.81,-0.95,684,780.81,43.865,13.47,"[692.04, 684, 780.81]","[4, 4, 5]",13
assembly_1,3,0.15,subgraph_mip,blended_union,1000,343,1105,284,25.7,0.337,11.135,3.76,14.895,0.45,0.8452,0.0,788.33,0.0,584.04,788.33,95.409,28.42,"[584.04, 784.48, 788.33]","[3, 5, 5]",13
assembly_1,3,0.15,subgraph_mip,diverse,1000,343,1105,1101,99.64,0.337,1.014,7.435,8.449,0.79,0.8452,0.0,788.33,0.0,584.04,788.33,95.409,28.42,"[584.04, 784.48, 788.33]","[3, 5, 5]",13
assembly_1,3,0.15,subgraph_mip,edge_weight,2000,343,1105,185,16.74,0.337,8.203,1.522,9.725,0.69,0.8452,0.0,788.33,0.0,584.04,788.33,95.409,28.42,"[584.04, 784.48, 788.33]","[3, 5, 5]",13
assembly_1,3,0.15,subgraph_mip,time_balanced_weight,2000,343,1105,630,57.01,0.337,8.422,3.253,11.675,0.57,0.981,16.08,788.33,0.0,584.04,788.33,95.409,28.42,"[584.04, 784.48, 788.33]","[3, 5, 5]",13
assembly_1,3,0.15,subgraph_mip,combined,2000,343,1105,685,61.99,0.337,16.343,4.687,21.03,0.32,0.8452,0.0,788.33,0.0,584.04,788.33,95.409,28.42,"[584.04, 784.48, 788.33]","[3, 5, 5]",13
assembly_1,3,0.15,subgraph_mip,blended,2000,343,1105,214,19.37,0.337,10.01,2.219,12.229,0.55,0.8459,0.08,780.81,-0.95,684,780.81,43.865,13.47,"[692.04, 684, 780.81]","[4, 4, 5]",13
assembly_1,3,0.15,subgraph_mip,blended_union,2000,343,1105,335,30.32,0.337,27.974,2.093,30.067,0.22,0.8452,0.0,788.33,0.0,584.04,788.33,95.409,28.42,"[584.04, 784.48, 788.33]","[3, 5, 5]",13
assembly_1,3,0.15,subgraph_mip,diverse,2000,343,1105,1105,100.0,0.337,2.3,7.527,9.826,0.68,0.8452,0.0,788.33,0.0,584.04,788.33,95.409,28.42,"[584.04, 784.48, 788.33]","[3, 5, 5]",13
assembly_1,3,0.15,subgraph_mip,edge_weight,5000,343,1105,232,21.0,0.337,33.255,2.682,35.937,0.19,0.8452,0.0,788.33,0.0,584.04,788.33,95.409,28.42,"[584.04, 784.48, 788.33]","[3, 5, 5]",13
assembly_1,3,0.15,subgraph_mip,time_balanced_weight,5000,343,1105,799,72.31,0.337,26.802,8.701,35.503,0.19,0.9797,15.91,788.33,0.0,584.04,788.33,95.409,28.42,"[584.04, 784.48, 788.33]","[3, 5, 5]",13
assembly_1,3,0.15,subgraph_mip,combined,5000,343,1105,830,75.11,0.337,59.921,7.837,67.757,0.1,0.8452,0.0,788.33,0.0,584.04,788.33,95.409,28.42,"[584.04, 784.48, 788.33]","[3, 5, 5]",13
assembly_1,3,0.15,subgraph_mip,blended,5000,343,1105,252,22.81,0.337,38.492,1.833,40.325,0.17,0.8459,0.08,780.81,-0.95,684,780.81,43.865,13.47,"[692.04, 684, 780.81]","[4, 4, 5]",13
assembly_1,3,0.15,subgraph_mip,blended_union,5000,343,1105,355,32.13,0.337,98.051,3.437,101.488,0.07,0.8452,0.0,788.33,0.0,584.04,788.33,95.409,28.42,"[584.04, 784.48, 788.33]","[3, 5, 5]",13
assembly_1,3,0.15,subgraph_mip,diverse,5000,343,1105,1105,100.0,0.337,5.68,8.045,13.724,0.49,0.8452,0.0,788.33,0.0,584.04,788.33,95.409,28.42,"[584.04, 784.48, 788.33]","[3, 5, 5]",13
assembly_1,3,0.2,full_mip,—,,343,1105,1105,100.0,0.374,0.0,14.528,14.528,1.0,0.8492,0.0,788.33,0.0,584.04,788.33,95.409,28.42,"[584.04, 784.48, 788.33]","[3, 5, 5]",13
assembly_1,3,0.2,subgraph_mip,edge_weight,1,343,1105,13,1.18,0.374,0.002,0.082,0.084,173.19,0.8499,0.08,792,0.47,584.04,792,95.505,28.93,"[584.04, 792, 780.81]","[3, 5, 5]",13
assembly_1,3,0.2,subgraph_mip,time_balanced_weight,1,343,1105,13,1.18,0.374,0.001,0.059,0.06,240.26,1.0996,29.48,731.84,-7.17,705.03,731.84,10.969,3.73,"[731.84, 705.03, 719.98]","[3, 5, 5]",13
assembly_1,3,0.2,subgraph_mip,combined,1,343,1105,26,2.35,0.374,0.002,0.298,0.3,48.39,0.8499,0.08,792,0.47,584.04,792,95.505,28.93,"[584.04, 792, 780.81]","[3, 5, 5]",13
assembly_1,3,0.2,subgraph_mip,blended,1,343,1105,13,1.18,0.374,0.004,0.052,0.056,260.15,0.8524,0.38,758.63,-3.77,692.04,758.63,28.646,9.26,"[692.04, 758.63, 706.18]","[4, 4, 5]",13
assembly_1,3,0.2,subgraph_mip,blended_union,1,343,1105,37,3.35,0.374,0.026,0.562,0.589,24.68,0.8499,0.08,792,0.47,584.04,792,95.505,28.93,"[584.04, 792, 780.81]","[3, 5, 5]",13
assembly_1,3,0.2,subgraph_mip,diverse,1,343,1105,13,1.18,0.374,0.009,0.056,0.065,222.52,0.8524,0.38,758.63,-3.77,692.04,758.63,28.646,9.26,"[692.04, 758.63, 706.18]","[4, 4, 5]",13
assembly_1,3,0.2,subgraph_mip,edge_weight,2,343,1105,15,1.36,0.374,0.016,0.117,0.133,109.24,0.8492,0.0,788.33,0.0,584.04,788.33,95.409,28.42,"[584.04, 784.48, 788.33]","[3, 5, 5]",13
assembly_1,3,0.2,subgraph_mip,time_balanced_weight,2,343,1105,15,1.36,0.374,0.017,0.042,0.058,248.95,1.0918,28.58,731.84,-7.17,705.03,731.84,10.969,3.73,"[731.84, 705.03, 719.98]","[3, 5, 5]",13
assembly_1,3,0.2,subgraph_mip,combined,2,343,1105,30,2.71,0.374,0.037,0.362,0.399,36.42,0.8492,-0.0,788.33,0.0,584.04,788.33,95.409,28.42,"[584.04, 784.48, 788.33]","[3, 5, 5]",13
assembly_1,3,0.2,subgraph_mip,blended,2,343,1105,15,1.36,0.374,0.014,0.101,0.115,125.99,0.8524,0.38,758.63,-3.77,692.04,758.63,28.646,9.26,"[692.04, 758.63, 706.18]","[4, 4, 5]",13
assembly_1,3,0.2,subgraph_mip,blended_union,2,343,1105,42,3.8,0.374,0.073,0.851,0.924,15.73,0.8492,0.0,788.33,0.0,584.04,788.33,95.409,28.42,"[584.04, 784.48, 788.33]","[3, 5, 5]",13
assembly_1,3,0.2,subgraph_mip,diverse,2,343,1105,26,2.35,0.374,0.015,0.035,0.051,287.08,0.8524,0.38,758.63,-3.77,692.04,758.63,28.646,9.26,"[692.04, 758.63, 706.18]","[4, 4, 5]",13
assembly_1,3,0.2,subgraph_mip,edge_weight,5,343,1105,21,1.9,0.374,0.019,0.21,0.229,63.46,0.8492,-0.0,788.33,0.0,584.04,788.33,95.409,28.42,"[584.04, 784.48, 788.33]","[3, 5, 5]",13
assembly_1,3,0.2,subgraph_mip,time_balanced_weight,5,343,1105,44,3.98,0.374,0.018,0.119,0.137,105.86,1.0918,28.58,731.84,-7.17,705.03,731.84,10.969,3.73,"[731.84, 705.03, 719.98]","[3, 5, 5]",13
assembly_1,3,0.2,subgraph_mip,combined,5,343,1105,65,5.88,0.374,0.039,0.432,0.47,30.9,0.8492,0.0,788.33,0.0,584.04,788.33,95.409,28.42,"[584.04, 784.48, 788.33]","[3, 5, 5]",13
assembly_1,3,0.2,subgraph_mip,blended,5,343,1105,21,1.9,0.374,0.03,0.214,0.244,59.61,0.8524,0.38,758.63,-3.77,692.04,758.63,28.646,9.26,"[692.04, 758.63, 706.18]","[4, 4, 5]",13
assembly_1,3,0.2,subgraph_mip,blended_union,5,343,1105,60,5.43,0.374,0.057,1.379,1.436,10.12,0.8492,0.0,788.33,0.0,584.04,788.33,95.409,28.42,"[584.04, 784.48, 788.33]","[3, 5, 5]",13
assembly_1,3,0.2,subgraph_mip,diverse,5,343,1105,65,5.88,0.374,0.018,0.416,0.433,33.51,0.8524,0.38,758.63,-3.77,692.04,758.63,28.646,9.26,"[692.04, 758.63, 706.18]","[4, 4, 5]",13
assembly_1,3,0.2,subgraph_mip,edge_weight,10,343,1105,24,2.17,0.374,0.038,0.153,0.191,75.98,0.8492,0.0,788.33,0.0,584.04,788.33,95.409,28.42,"[584.04, 784.48, 788.33]","[3, 5, 5]",13
assembly_1,3,0.2,subgraph_mip,time_balanced_weight,10,343,1105,57,5.16,0.374,0.039,0.752,0.791,18.37,1.0905,28.42,731.84,-7.17,705.03,731.84,10.969,3.73,"[731.84, 705.03, 719.98]","[3, 5, 5]",13
assembly_1,3,0.2,subgraph_mip,combined,10,343,1105,81,7.33,0.374,0.09,0.815,0.905,16.05,0.8492,0.0,788.33,0.0,584.04,788.33,95.409,28.42,"[584.04, 784.48, 788.33]","[3, 5, 5]",13
assembly_1,3,0.2,subgraph_mip,blended,10,343,1105,26,2.35,0.374,0.032,0.411,0.442,32.84,0.8524,0.38,758.63,-3.77,692.04,758.63,28.646,9.26,"[692.04, 758.63, 706.18]","[4, 4, 5]",13
assembly_1,3,0.2,subgraph_mip,blended_union,10,343,1105,75,6.79,0.374,0.118,0.697,0.815,17.82,0.8492,-0.0,788.33,0.0,584.04,788.33,95.409,28.42,"[584.04, 784.48, 788.33]","[3, 5, 5]",13
assembly_1,3,0.2,subgraph_mip,diverse,10,343,1105,126,11.4,0.374,0.024,1.277,1.301,11.17,0.8524,0.38,758.63,-3.77,692.04,758.63,28.646,9.26,"[692.04, 758.63, 706.18]","[4, 4, 5]",13
assembly_1,3,0.2,subgraph_mip,edge_weight,20,343,1105,35,3.17,0.374,0.081,0.46,0.54,26.88,0.8492,0.0,788.33,0.0,584.04,788.33,95.409,28.42,"[584.04, 784.48, 788.33]","[3, 5, 5]",13
assembly_1,3,0.2,subgraph_mip,time_balanced_weight,20,343,1105,73,6.61,0.374,0.121,0.422,0.543,26.76,1.0124,19.22,754.42,-4.3,655.31,754.42,45.099,13.79,"[747.12, 655.31, 754.42]","[4, 5, 4]",13
assembly_1,3,0.2,subgraph_mip,combined,20,343,1105,107,9.68,0.374,0.24,0.87,1.11,13.09,0.8492,0.0,788.33,0.0,584.04,788.33,95.409,28.42,"[584.04, 784.48, 788.33]","[3, 5, 5]",13
assembly_1,3,0.2,subgraph_mip,blended,20,343,1105,34,3.08,0.374,0.077,0.252,0.328,44.26,0.8524,0.38,758.63,-3.77,692.04,758.63,28.646,9.26,"[692.04, 758.63, 706.18]","[4, 4, 5]",13
assembly_1,3,0.2,subgraph_mip,blended_union,20,343,1105,93,8.42,0.374,0.251,1.875,2.126,6.83,0.8492,-0.0,788.33,0.0,584.04,788.33,95.409,28.42,"[584.04, 784.48, 788.33]","[3, 5, 5]",13
assembly_1,3,0.2,subgraph_mip,diverse,20,343,1105,239,21.63,0.374,0.016,1.587,1.603,9.06,0.8524,0.38,758.63,-3.77,692.04,758.63,28.646,9.26,"[692.04, 758.63, 706.18]","[4, 4, 5]",13
assembly_1,3,0.2,subgraph_mip,edge_weight,50,343,1105,54,4.89,0.374,0.158,1.023,1.181,12.3,0.8492,-0.0,788.33,0.0,584.04,788.33,95.409,28.42,"[584.04, 784.48, 788.33]","[3, 5, 5]",13
assembly_1,3,0.2,subgraph_mip,time_balanced_weight,50,343,1105,141,12.76,0.374,0.281,1.572,1.853,7.84,1.0119,19.16,754.42,-4.3,655.31,754.42,45.099,13.79,"[747.12, 655.31, 754.42]","[4, 5, 4]",13
assembly_1,3,0.2,subgraph_mip,combined,50,343,1105,190,17.19,0.374,0.484,1.419,1.903,7.63,0.8492,0.0,788.33,0.0,584.04,788.33,95.409,28.42,"[584.04, 784.48, 788.33]","[3, 5, 5]",13
assembly_1,3,0.2,subgraph_mip,blended,50,343,1105,56,5.07,0.374,0.258,0.223,0.481,30.2,0.8524,0.38,758.63,-3.77,692.04,758.63,28.646,9.26,"[692.04, 758.63, 706.18]","[4, 4, 5]",13
assembly_1,3,0.2,subgraph_mip,blended_union,50,343,1105,146,13.21,0.374,0.923,1.514,2.437,5.96,0.8492,0.0,788.33,0.0,584.04,788.33,95.409,28.42,"[584.04, 784.48, 788.33]","[3, 5, 5]",13
assembly_1,3,0.2,subgraph_mip,diverse,50,343,1105,513,46.43,0.374,0.08,3.341,3.422,4.25,0.851,0.22,792,0.47,584.04,792,95.505,28.93,"[584.04, 792, 780.81]","[3, 5, 5]",13
assembly_1,3,0.2,subgraph_mip,edge_weight,100,343,1105,78,7.06,0.374,0.333,0.949,1.282,11.34,0.8492,-0.0,788.33,0.0,584.04,788.33,95.409,28.42,"[584.04, 784.48, 788.33]","[3, 5, 5]",13
assembly_1,3,0.2,subgraph_mip,time_balanced_weight,100,343,1105,189,17.1,0.374,0.397,1.519,1.915,7.58,1.0015,17.93,814.18,3.28,584.04,814.18,98.054,32.01,"[584.04, 758.63, 814.18]","[3, 4, 6]",13
assembly_1,3,0.2,subgraph_mip,combined,100,343,1105,257,23.26,0.374,1.061,1.836,2.896,5.02,0.8492,0.0,788.33,0.0,584.04,788.33,95.409,28.42,"[584.04, 784.48, 788.33]","[3, 5, 5]",13
assembly_1,3,0.2,subgraph_mip,blended,100,343,1105,106,9.59,0.374,1.372,0.918,2.29,6.34,0.8524,0.38,758.63,-3.77,692.04,758.63,28.646,9.26,"[692.04, 758.63, 706.18]","[4, 4, 5]",13
assembly_1,3,0.2,subgraph_mip,blended_union,100,343,1105,190,17.19,0.374,1.724,1.342,3.066,4.74,0.8492,0.0,788.33,0.0,584.04,788.33,95.409,28.42,"[584.04, 784.48, 788.33]","[3, 5, 5]",13
assembly_1,3,0.2,subgraph_mip,diverse,100,343,1105,744,67.33,0.374,0.092,4.635,4.727,3.07,0.8505,0.16,780.81,-0.95,684,780.81,43.865,13.47,"[692.04, 684, 780.81]","[4, 4, 5]",13
assembly_1,3,0.2,subgraph_mip,edge_weight,200,343,1105,95,8.6,0.374,0.675,0.773,1.447,10.04,0.8492,-0.0,788.33,0.0,584.04,788.33,95.409,28.42,"[584.04, 784.48, 788.33]","[3, 5, 5]",13
assembly_1,3,0.2,subgraph_mip,time_balanced_weight,200,343,1105,258,23.35,0.374,0.825,1.453,2.278,6.38,0.9917,16.78,747.12,-5.23,696.13,747.12,21.158,7.09,"[747.12, 696.13, 713.6]","[4, 4, 5]",13
assembly_1,3,0.2,subgraph_mip,combined,200,343,1105,339,30.68,0.374,1.436,2.149,3.585,4.05,0.8492,-0.0,788.33,0.0,584.04,788.33,95.409,28.42,"[584.04, 784.48, 788.33]","[3, 5, 5]",13
assembly_1,3,0.2,subgraph_mip,blended,200,343,1105,139,12.58,0.374,0.821,1.414,2.235,6.5,0.8524,0.38,758.63,-3.77,692.04,758.63,28.646,9.26,"[692.04, 758.63, 706.18]","[4, 4, 5]",13
assembly_1,3,0.2,subgraph_mip,blended_union,200,343,1105,203,18.37,0.374,2.012,2.09,4.102,3.54,0.8492,0.0,788.33,0.0,584.04,788.33,95.409,28.42,"[584.04, 784.48, 788.33]","[3, 5, 5]",13
assembly_1,3,0.2,subgraph_mip,diverse,200,343,1105,905,81.9,0.374,0.152,8.615,8.767,1.66,0.8505,0.16,780.81,-0.95,684,780.81,43.865,13.47,"[692.04, 684, 780.81]","[4, 4, 5]",13
assembly_1,3,0.2,subgraph_mip,edge_weight,500,343,1105,108,9.77,0.374,1.551,0.704,2.256,6.44,0.8492,0.0,788.33,0.0,584.04,788.33,95.409,28.42,"[584.04, 784.48, 788.33]","[3, 5, 5]",13
assembly_1,3,0.2,subgraph_mip,time_balanced_weight,500,343,1105,399,36.11,0.374,1.896,2.837,4.733,3.07,0.9814,15.57,788.33,0.0,584.04,788.33,95.409,28.42,"[584.04, 784.48, 788.33]","[3, 5, 5]",13
assembly_1,3,0.2,subgraph_mip,combined,500,343,1105,459,41.54,0.374,3.191,3.202,6.393,2.27,0.8492,0.0,788.33,0.0,584.04,788.33,95.409,28.42,"[584.04, 784.48, 788.33]","[3, 5, 5]",13
assembly_1,3,0.2,subgraph_mip,blended,500,343,1105,168,15.2,0.374,2.039,0.902,2.941,4.94,0.8524,0.38,758.63,-3.77,692.04,758.63,28.646,9.26,"[692.04, 758.63, 706.18]","[4, 4, 5]",13
assembly_1,3,0.2,subgraph_mip,blended_union,500,343,1105,247,22.35,0.374,5.654,2.106,7.76,1.87,0.8492,0.0,788.33,0.0,584.04,788.33,95.409,28.42,"[584.04, 784.48, 788.33]","[3, 5, 5]",13
assembly_1,3,0.2,subgraph_mip,diverse,500,343,1105,1044,94.48,0.374,0.523,10.905,11.428,1.27,0.8496,0.05,788.33,0.0,584.04,788.33,95.409,28.42,"[584.04, 784.48, 788.33]","[3, 5, 5]",13
assembly_1,3,0.2,subgraph_mip,edge_weight,1000,343,1105,142,12.85,0.374,3.688,1.068,4.756,3.05,0.8492,0.0,788.33,0.0,584.04,788.33,95.409,28.42,"[584.04, 784.48, 788.33]","[3, 5, 5]",13
assembly_1,3,0.2,subgraph_mip,time_balanced_weight,1000,343,1105,500,45.25,0.374,4.04,4.607,8.647,1.68,0.9814,15.57,788.33,0.0,584.04,788.33,95.409,28.42,"[584.04, 784.48, 788.33]","[3, 5, 5]",13
assembly_1,3,0.2,subgraph_mip,combined,1000,343,1105,578,52.31,0.374,7.205,5.178,12.384,1.17,0.8492,0.0,788.33,0.0,584.04,788.33,95.409,28.42,"[584.04, 784.48, 788.33]","[3, 5, 5]",13
assembly_1,3,0.2,subgraph_mip,blended,1000,343,1105,173,15.66,0.374,4.502,1.715,6.218,2.34,0.8524,0.38,758.63,-3.77,692.04,758.63,28.646,9.26,"[692.04, 758.63, 706.18]","[4, 4, 5]",13
assembly_1,3,0.2,subgraph_mip,blended_union,1000,343,1105,284,25.7,0.374,11.29,2.97,14.261,1.02,0.8492,0.0,788.33,0.0,584.04,788.33,95.409,28.42,"[584.04, 784.48, 788.33]","[3, 5, 5]",13
assembly_1,3,0.2,subgraph_mip,diverse,1000,343,1105,1100,99.55,0.374,0.997,7.118,8.116,1.79,0.8492,0.0,788.33,0.0,584.04,788.33,95.409,28.42,"[584.04, 784.48, 788.33]","[3, 5, 5]",13
assembly_1,3,0.2,subgraph_mip,edge_weight,2000,343,1105,185,16.74,0.374,8.344,1.445,9.79,1.48,0.8492,0.0,788.33,0.0,584.04,788.33,95.409,28.42,"[584.04, 784.48, 788.33]","[3, 5, 5]",13
assembly_1,3,0.2,subgraph_mip,time_balanced_weight,2000,343,1105,630,57.01,0.374,8.045,4.9,12.945,1.12,0.9771,15.06,788.33,0.0,584.04,788.33,95.409,28.42,"[584.04, 784.48, 788.33]","[3, 5, 5]",13
assembly_1,3,0.2,subgraph_mip,combined,2000,343,1105,685,61.99,0.374,15.94,6.42,22.36,0.65,0.8492,0.0,788.33,0.0,584.04,788.33,95.409,28.42,"[584.04, 784.48, 788.33]","[3, 5, 5]",13
assembly_1,3,0.2,subgraph_mip,blended,2000,343,1105,202,18.28,0.374,10.824,1.209,12.033,1.21,0.8524,0.38,758.63,-3.77,692.04,758.63,28.646,9.26,"[692.04, 758.63, 706.18]","[4, 4, 5]",13
assembly_1,3,0.2,subgraph_mip,blended_union,2000,343,1105,335,30.32,0.374,27.74,2.694,30.433,0.48,0.8492,0.0,788.33,0.0,584.04,788.33,95.409,28.42,"[584.04, 784.48, 788.33]","[3, 5, 5]",13
assembly_1,3,0.2,subgraph_mip,diverse,2000,343,1105,1105,100.0,0.374,2.259,12.147,14.406,1.01,0.8492,0.0,788.33,0.0,584.04,788.33,95.409,28.42,"[584.04, 784.48, 788.33]","[3, 5, 5]",13
assembly_1,3,0.2,subgraph_mip,edge_weight,5000,343,1105,232,21.0,0.374,33.435,2.316,35.751,0.41,0.8492,-0.0,788.33,0.0,584.04,788.33,95.409,28.42,"[584.04, 784.48, 788.33]","[3, 5, 5]",13
assembly_1,3,0.2,subgraph_mip,time_balanced_weight,5000,343,1105,799,72.31,0.374,26.548,7.781,34.329,0.42,0.9758,14.91,788.33,0.0,584.04,788.33,95.409,28.42,"[584.04, 784.48, 788.33]","[3, 5, 5]",13
assembly_1,3,0.2,subgraph_mip,combined,5000,343,1105,830,75.11,0.374,60.29,5.819,66.108,0.22,0.8492,0.0,788.33,0.0,584.04,788.33,95.409,28.42,"[584.04, 784.48, 788.33]","[3, 5, 5]",13
assembly_1,3,0.2,subgraph_mip,blended,5000,343,1105,248,22.44,0.374,38.745,1.699,40.444,0.36,0.8493,0.02,780.81,-0.95,684,780.81,43.865,13.47,"[692.04, 684, 780.81]","[4, 4, 5]",13
assembly_1,3,0.2,subgraph_mip,blended_union,5000,343,1105,355,32.13,0.374,100.087,4.742,104.829,0.14,0.8492,0.0,788.33,0.0,584.04,788.33,95.409,28.42,"[584.04, 784.48, 788.33]","[3, 5, 5]",13
assembly_1,3,0.2,subgraph_mip,diverse,5000,343,1105,1105,100.0,0.374,5.531,13.618,19.149,0.76,0.8492,0.0,788.33,0.0,584.04,788.33,95.409,28.42,"[584.04, 784.48, 788.33]","[3, 5, 5]",13
assembly_1,3,0.25,full_mip,—,,343,1105,1105,100.0,0.288,0.0,7.419,7.419,1.0,0.8524,0.0,747.12,0.0,680.33,747.12,28.25,9.29,"[747.12, 729.4, 680.33]","[4, 5, 4]",13
assembly_1,3,0.25,subgraph_mip,edge_weight,1,343,1105,13,1.18,0.288,0.001,0.022,0.024,313.59,0.8541,0.2,792,6.01,584.04,792,95.505,28.93,"[584.04, 792, 780.81]","[3, 5, 5]",13
assembly_1,3,0.25,subgraph_mip,time_balanced_weight,1,343,1105,13,1.18,0.288,0.001,0.024,0.025,298.22,1.0838,27.16,731.84,-2.05,705.03,731.84,10.969,3.73,"[731.84, 705.03, 719.98]","[3, 5, 5]",13
assembly_1,3,0.25,subgraph_mip,combined,1,343,1105,26,2.35,0.288,0.001,0.174,0.175,42.31,0.8541,0.2,792,6.01,584.04,792,95.505,28.93,"[584.04, 792, 780.81]","[3, 5, 5]",13
assembly_1,3,0.25,subgraph_mip,blended,1,343,1105,13,1.18,0.288,0.001,0.02,0.02,365.04,0.8541,0.2,758.63,1.54,692.04,758.63,28.646,9.26,"[692.04, 758.63, 706.18]","[4, 4, 5]",13
assembly_1,3,0.25,subgraph_mip,blended_union,1,343,1105,37,3.35,0.288,0.01,0.342,0.351,21.11,0.8536,0.15,747.12,0.0,680.33,747.12,28.25,9.29,"[747.12, 729.4, 680.33]","[4, 5, 4]",13
assembly_1,3,0.25,subgraph_mip,diverse,1,343,1105,13,1.18,0.288,0.004,0.018,0.023,327.39,0.8541,0.2,758.63,1.54,692.04,758.63,28.646,9.26,"[692.04, 758.63, 706.18]","[4, 4, 5]",13
assembly_1,3,0.25,subgraph_mip,edge_weight,2,343,1105,15,1.36,0.288,0.003,0.179,0.183,40.61,0.8532,0.1,788.33,5.52,584.04,788.33,95.409,28.42,"[584.04, 784.48, 788.33]","[3, 5, 5]",13
assembly_1,3,0.25,subgraph_mip,time_balanced_weight,2,343,1105,15,1.36,0.288,0.004,0.094,0.099,75.31,1.0766,26.31,731.84,-2.05,705.03,731.84,10.969,3.73,"[731.84, 705.03, 719.98]","[3, 5, 5]",13
assembly_1,3,0.25,subgraph_mip,combined,2,343,1105,30,2.71,0.288,0.009,0.075,0.084,88.65,0.8532,0.1,788.33,5.52,584.04,788.33,95.409,28.42,"[584.04, 784.48, 788.33]","[3, 5, 5]",13
assembly_1,3,0.25,subgraph_mip,blended,2,343,1105,15,1.36,0.288,0.003,0.057,0.06,122.84,0.8541,0.2,758.63,1.54,692.04,758.63,28.646,9.26,"[692.04, 758.63, 706.18]","[4, 4, 5]",13
assembly_1,3,0.25,subgraph_mip,blended_union,2,343,1105,42,3.8,0.288,0.019,0.242,0.262,28.33,0.8532,0.1,788.33,5.52,584.04,788.33,95.409,28.42,"[584.04, 784.48, 788.33]","[3, 5, 5]",13
assembly_1,3,0.25,subgraph_mip,diverse,2,343,1105,26,2.35,0.288,0.004,0.1,0.103,71.85,0.8541,0.2,758.63,1.54,692.04,758.63,28.646,9.26,"[692.04, 758.63, 706.18]","[4, 4, 5]",13
assembly_1,3,0.25,subgraph_mip,edge_weight,5,343,1105,21,1.9,0.288,0.011,0.143,0.154,48.14,0.8532,0.1,788.33,5.52,584.04,788.33,95.409,28.42,"[584.04, 784.48, 788.33]","[3, 5, 5]",13
assembly_1,3,0.25,subgraph_mip,time_balanced_weight,5,343,1105,44,3.98,0.288,0.016,0.112,0.128,58.07,1.0766,26.31,731.84,-2.05,705.03,731.84,10.969,3.73,"[731.84, 705.03, 719.98]","[3, 5, 5]",13
assembly_1,3,0.25,subgraph_mip,combined,5,343,1105,65,5.88,0.288,0.035,0.328,0.363,20.44,0.8532,0.1,788.33,5.52,584.04,788.33,95.409,28.42,"[584.04, 784.48, 788.33]","[3, 5, 5]",13
assembly_1,3,0.25,subgraph_mip,blended,5,343,1105,21,1.9,0.288,0.014,0.094,0.108,68.92,0.8541,0.2,758.63,1.54,692.04,758.63,28.646,9.26,"[692.04, 758.63, 706.18]","[4, 4, 5]",13
assembly_1,3,0.25,subgraph_mip,blended_union,5,343,1105,60,5.43,0.288,0.046,0.604,0.65,11.41,0.8532,0.1,788.33,5.52,584.04,788.33,95.409,28.42,"[584.04, 784.48, 788.33]","[3, 5, 5]",13
assembly_1,3,0.25,subgraph_mip,diverse,5,343,1105,65,5.88,0.288,0.01,0.495,0.505,14.7,0.8541,0.2,758.63,1.54,692.04,758.63,28.646,9.26,"[692.04, 758.63, 706.18]","[4, 4, 5]",13
assembly_1,3,0.25,subgraph_mip,edge_weight,10,343,1105,24,2.17,0.288,0.023,0.145,0.168,44.29,0.8532,0.1,788.33,5.52,584.04,788.33,95.409,28.42,"[584.04, 784.48, 788.33]","[3, 5, 5]",13
assembly_1,3,0.25,subgraph_mip,time_balanced_weight,10,343,1105,57,5.16,0.288,0.029,0.584,0.613,12.11,1.0753,26.16,731.84,-2.05,705.03,731.84,10.969,3.73,"[731.84, 705.03, 719.98]","[3, 5, 5]",13
assembly_1,3,0.25,subgraph_mip,combined,10,343,1105,81,7.33,0.288,0.057,0.457,0.515,14.42,0.8532,0.1,788.33,5.52,584.04,788.33,95.409,28.42,"[584.04, 784.48, 788.33]","[3, 5, 5]",13
assembly_1,3,0.25,subgraph_mip,blended,10,343,1105,26,2.35,0.288,0.027,0.144,0.171,43.48,0.8541,0.2,758.63,1.54,692.04,758.63,28.646,9.26,"[692.04, 758.63, 706.18]","[4, 4, 5]",13
assembly_1,3,0.25,subgraph_mip,blended_union,10,343,1105,75,6.79,0.288,0.124,1.181,1.304,5.69,0.8532,0.1,788.33,5.52,584.04,788.33,95.409,28.42,"[584.04, 784.48, 788.33]","[3, 5, 5]",13
assembly_1,3,0.25,subgraph_mip,diverse,10,343,1105,126,11.4,0.288,0.011,1.286,1.297,5.72,0.8541,0.2,758.63,1.54,692.04,758.63,28.646,9.26,"[692.04, 758.63, 706.18]","[4, 4, 5]",13
assembly_1,3,0.25,subgraph_mip,edge_weight,20,343,1105,35,3.17,0.288,0.065,0.301,0.366,20.29,0.8532,0.1,788.33,5.52,584.04,788.33,95.409,28.42,"[584.04, 784.48, 788.33]","[3, 5, 5]",13
assembly_1,3,0.25,subgraph_mip,time_balanced_weight,20,343,1105,73,6.61,0.288,0.074,0.255,0.328,22.6,1.0037,17.76,754.42,0.98,655.31,754.42,45.099,13.79,"[747.12, 655.31, 754.42]","[4, 5, 4]",13
assembly_1,3,0.25,subgraph_mip,combined,20,343,1105,107,9.68,0.288,0.14,0.763,0.903,8.22,0.8532,0.1,788.33,5.52,584.04,788.33,95.409,28.42,"[584.04, 784.48, 788.33]","[3, 5, 5]",13
assembly_1,3,0.25,subgraph_mip,blended,20,343,1105,34,3.08,0.288,0.064,0.288,0.353,21.02,0.8541,0.2,758.63,1.54,692.04,758.63,28.646,9.26,"[692.04, 758.63, 706.18]","[4, 4, 5]",13
assembly_1,3,0.25,subgraph_mip,blended_union,20,343,1105,93,8.42,0.288,0.179,1.074,1.252,5.92,0.8532,0.1,788.33,5.52,584.04,788.33,95.409,28.42,"[584.04, 784.48, 788.33]","[3, 5, 5]",13
assembly_1,3,0.25,subgraph_mip,diverse,20,343,1105,239,21.63,0.288,0.02,1.556,1.577,4.71,0.8541,0.2,758.63,1.54,692.04,758.63,28.646,9.26,"[692.04, 758.63, 706.18]","[4, 4, 5]",13
assembly_1,3,0.25,subgraph_mip,edge_weight,50,343,1105,54,4.89,0.288,0.182,0.534,0.716,10.36,0.8528,0.05,780.81,4.51,684,780.81,43.865,13.47,"[692.04, 684, 780.81]","[4, 4, 5]",13
assembly_1,3,0.25,subgraph_mip,time_balanced_weight,50,343,1105,141,12.76,0.288,0.297,1.106,1.403,5.29,1.0033,17.71,754.42,0.98,655.31,754.42,45.099,13.79,"[747.12, 655.31, 754.42]","[4, 5, 4]",13
assembly_1,3,0.25,subgraph_mip,combined,50,343,1105,190,17.19,0.288,0.451,0.812,1.263,5.87,0.8528,0.05,780.81,4.51,684,780.81,43.865,13.47,"[692.04, 684, 780.81]","[4, 4, 5]",13
assembly_1,3,0.25,subgraph_mip,blended,50,343,1105,71,6.43,0.288,0.225,0.842,1.068,6.95,0.8541,0.2,758.63,1.54,692.04,758.63,28.646,9.26,"[692.04, 758.63, 706.18]","[4, 4, 5]",13
assembly_1,3,0.25,subgraph_mip,blended_union,50,343,1105,146,13.21,0.288,0.582,1.476,2.058,3.6,0.8528,0.05,780.81,4.51,684,780.81,43.865,13.47,"[692.04, 684, 780.81]","[4, 4, 5]",13
assembly_1,3,0.25,subgraph_mip,diverse,50,343,1105,513,46.43,0.288,0.056,2.638,2.694,2.75,0.8541,0.2,758.63,1.54,692.04,758.63,28.646,9.26,"[692.04, 758.63, 706.18]","[4, 4, 5]",13
assembly_1,3,0.25,subgraph_mip,edge_weight,100,343,1105,78,7.06,0.288,0.314,0.709,1.023,7.25,0.8528,0.05,780.81,4.51,684,780.81,43.865,13.47,"[692.04, 684, 780.81]","[4, 4, 5]",13
assembly_1,3,0.25,subgraph_mip,time_balanced_weight,100,343,1105,189,17.1,0.288,0.49,2.064,2.554,2.9,0.9978,17.06,814.18,8.98,584.04,814.18,98.054,32.01,"[584.04, 758.63, 814.18]","[3, 4, 6]",13
assembly_1,3,0.25,subgraph_mip,combined,100,343,1105,257,23.26,0.288,0.797,2.082,2.879,2.58,0.8528,0.05,780.81,4.51,684,780.81,43.865,13.47,"[692.04, 684, 780.81]","[4, 4, 5]",13
assembly_1,3,0.25,subgraph_mip,blended,100,343,1105,106,9.59,0.288,0.446,1.322,1.768,4.2,0.8541,0.2,758.63,1.54,692.04,758.63,28.646,9.26,"[692.04, 758.63, 706.18]","[4, 4, 5]",13
assembly_1,3,0.25,subgraph_mip,blended_union,100,343,1105,190,17.19,0.288,1.135,1.503,2.638,2.81,0.8528,0.05,780.81,4.51,684,780.81,43.865,13.47,"[692.04, 684, 780.81]","[4, 4, 5]",13
assembly_1,3,0.25,subgraph_mip,diverse,100,343,1105,745,67.42,0.288,0.079,8.49,8.569,0.87,0.8539,0.18,780.81,4.51,684,780.81,43.865,13.47,"[692.04, 684, 780.81]","[4, 4, 5]",13
assembly_1,3,0.25,subgraph_mip,edge_weight,200,343,1105,95,8.6,0.288,0.715,0.649,1.363,5.44,0.8528,0.05,780.81,4.51,684,780.81,43.865,13.47,"[692.04, 684, 780.81]","[4, 4, 5]",13
assembly_1,3,0.25,subgraph_mip,time_balanced_weight,200,343,1105,258,23.35,0.288,0.79,2.167,2.957,2.51,0.9838,15.42,747.12,0.0,696.13,747.12,21.158,7.09,"[747.12, 696.13, 713.6]","[4, 4, 5]",13
assembly_1,3,0.25,subgraph_mip,combined,200,343,1105,339,30.68,0.288,1.447,1.842,3.289,2.26,0.8528,0.05,780.81,4.51,684,780.81,43.865,13.47,"[692.04, 684, 780.81]","[4, 4, 5]",13
assembly_1,3,0.25,subgraph_mip,blended,200,343,1105,143,12.94,0.288,0.71,0.939,1.649,4.5,0.8541,0.2,758.63,1.54,692.04,758.63,28.646,9.26,"[692.04, 758.63, 706.18]","[4, 4, 5]",13
assembly_1,3,0.25,subgraph_mip,blended_union,200,343,1105,203,18.37,0.288,2.082,1.403,3.485,2.13,0.8528,0.05,780.81,4.51,684,780.81,43.865,13.47,"[692.04, 684, 780.81]","[4, 4, 5]",13
assembly_1,3,0.25,subgraph_mip,diverse,200,343,1105,910,82.35,0.288,0.174,9.627,9.801,0.76,0.8539,0.18,780.81,4.51,684,780.81,43.865,13.47,"[692.04, 684, 780.81]","[4, 4, 5]",13
assembly_1,3,0.25,subgraph_mip,edge_weight,500,343,1105,108,9.77,0.288,1.659,0.591,2.25,3.3,0.8528,0.05,780.81,4.51,684,780.81,43.865,13.47,"[692.04, 684, 780.81]","[4, 4, 5]",13
assembly_1,3,0.25,subgraph_mip,time_balanced_weight,500,343,1105,399,36.11,0.288,1.967,2.722,4.689,1.58,0.977,14.62,758.63,1.54,692.04,758.63,28.646,9.26,"[692.04, 758.63, 706.18]","[4, 4, 5]",13
assembly_1,3,0.25,subgraph_mip,combined,500,343,1105,459,41.54,0.288,3.829,3.697,7.526,0.99,0.8528,0.05,780.81,4.51,684,780.81,43.865,13.47,"[692.04, 684, 780.81]","[4, 4, 5]",13
assembly_1,3,0.25,subgraph_mip,blended,500,343,1105,164,14.84,0.288,2.048,0.505,2.553,2.91,0.8541,0.2,758.63,1.54,692.04,758.63,28.646,9.26,"[692.04, 758.63, 706.18]","[4, 4, 5]",13
assembly_1,3,0.25,subgraph_mip,blended_union,500,343,1105,247,22.35,0.288,5.463,2.241,7.705,0.96,0.8528,0.05,780.81,4.51,684,780.81,43.865,13.47,"[692.04, 684, 780.81]","[4, 4, 5]",13
assembly_1,3,0.25,subgraph_mip,diverse,500,343,1105,1047,94.75,0.288,0.49,15.272,15.763,0.47,0.853,0.07,747.12,0.0,680.33,747.12,28.25,9.29,"[747.12, 729.4, 680.33]","[4, 5, 4]",13
assembly_1,3,0.25,subgraph_mip,edge_weight,1000,343,1105,142,12.85,0.288,3.233,1.655,4.888,1.52,0.8524,-0.0,747.12,0.0,680.33,747.12,28.25,9.29,"[747.12, 729.4, 680.33]","[4, 5, 4]",13
assembly_1,3,0.25,subgraph_mip,time_balanced_weight,1000,343,1105,500,45.25,0.288,3.768,6.032,9.801,0.76,0.9743,14.31,747.12,0.0,704.18,747.12,19.927,5.97,"[747.12, 705.55, 704.18]","[4, 4, 5]",13
assembly_1,3,0.25,subgraph_mip,combined,1000,343,1105,578,52.31,0.288,7.122,3.882,11.004,0.67,0.8524,0.0,747.12,0.0,680.33,747.12,28.25,9.29,"[747.12, 729.4, 680.33]","[4, 5, 4]",13
assembly_1,3,0.25,subgraph_mip,blended,1000,343,1105,172,15.57,0.288,4.397,0.836,5.233,1.42,0.8541,0.2,758.63,1.54,692.04,758.63,28.646,9.26,"[692.04, 758.63, 706.18]","[4, 4, 5]",13
assembly_1,3,0.25,subgraph_mip,blended_union,1000,343,1105,284,25.7,0.288,11.522,2.899,14.421,0.51,0.8524,-0.0,747.12,0.0,680.33,747.12,28.25,9.29,"[747.12, 729.4, 680.33]","[4, 5, 4]",13
assembly_1,3,0.25,subgraph_mip,diverse,1000,343,1105,1099,99.46,0.288,1.061,13.397,14.458,0.51,0.8524,0.0,747.12,0.0,680.33,747.12,28.25,9.29,"[747.12, 729.4, 680.33]","[4, 5, 4]",13
assembly_1,3,0.25,subgraph_mip,edge_weight,2000,343,1105,185,16.74,0.288,8.082,1.666,9.749,0.76,0.8524,0.0,747.12,0.0,680.33,747.12,28.25,9.29,"[747.12, 729.4, 680.33]","[4, 5, 4]",13
assembly_1,3,0.25,subgraph_mip,time_balanced_weight,2000,343,1105,630,57.01,0.288,7.861,4.819,12.68,0.59,0.9724,14.08,747.12,0.0,680.33,747.12,28.25,9.29,"[747.12, 729.4, 680.33]","[4, 5, 4]",13
assembly_1,3,0.25,subgraph_mip,combined,2000,343,1105,685,61.99,0.288,16.03,4.023,20.053,0.37,0.8524,0.0,747.12,0.0,680.33,747.12,28.25,9.29,"[747.12, 729.4, 680.33]","[4, 5, 4]",13
assembly_1,3,0.25,subgraph_mip,blended,2000,343,1105,202,18.28,0.288,9.715,0.834,10.549,0.7,0.8541,0.2,758.63,1.54,692.04,758.63,28.646,9.26,"[692.04, 758.63, 706.18]","[4, 4, 5]",13
assembly_1,3,0.25,subgraph_mip,blended_union,2000,343,1105,335,30.32,0.288,25.943,3.833,29.776,0.25,0.8524,0.0,747.12,0.0,680.33,747.12,28.25,9.29,"[747.12, 729.4, 680.33]","[4, 5, 4]",13
assembly_1,3,0.25,subgraph_mip,diverse,2000,343,1105,1105,100.0,0.288,2.034,8.607,10.641,0.7,0.8524,0.0,747.12,0.0,680.33,747.12,28.25,9.29,"[747.12, 729.4, 680.33]","[4, 5, 4]",13
assembly_1,3,0.25,subgraph_mip,edge_weight,5000,343,1105,232,21.0,0.288,30.087,2.222,32.309,0.23,0.8524,-0.0,747.12,0.0,680.33,747.12,28.25,9.29,"[747.12, 729.4, 680.33]","[4, 5, 4]",13
assembly_1,3,0.25,subgraph_mip,time_balanced_weight,5000,343,1105,799,72.31,0.288,26.339,8.642,34.981,0.21,0.971,13.92,747.12,0.0,680.33,747.12,28.25,9.29,"[747.12, 729.4, 680.33]","[4, 5, 4]",13
assembly_1,3,0.25,subgraph_mip,combined,5000,343,1105,830,75.11,0.288,58.391,8.633,67.024,0.11,0.8524,0.0,747.12,0.0,680.33,747.12,28.25,9.29,"[747.12, 729.4, 680.33]","[4, 5, 4]",13
assembly_1,3,0.25,subgraph_mip,blended,5000,343,1105,232,21.0,0.288,35.861,1.147,37.007,0.2,0.8541,0.2,758.63,1.54,692.04,758.63,28.646,9.26,"[692.04, 758.63, 706.18]","[4, 4, 5]",13
assembly_1,3,0.25,subgraph_mip,blended_union,5000,343,1105,355,32.13,0.288,95.101,4.401,99.501,0.07,0.8524,-0.0,747.12,0.0,680.33,747.12,28.25,9.29,"[747.12, 729.4, 680.33]","[4, 5, 4]",13
assembly_1,3,0.25,subgraph_mip,diverse,5000,343,1105,1105,100.0,0.288,5.28,8.483,13.763,0.54,0.8524,0.0,747.12,0.0,680.33,747.12,28.25,9.29,"[747.12, 729.4, 680.33]","[4, 5, 4]",13
assembly_1,3,0.3,full_mip,—,,343,1105,1105,100.0,0.358,0.0,16.234,16.234,1.0,0.8532,0.0,747.12,0.0,680.33,747.12,28.25,9.29,"[747.12, 729.4, 680.33]","[4, 5, 4]",13
assembly_1,3,0.3,subgraph_mip,edge_weight,1,343,1105,13,1.18,0.358,0.002,0.022,0.024,677.42,0.8583,0.59,792,6.01,584.04,792,95.505,28.93,"[584.04, 792, 780.81]","[3, 5, 5]",13
assembly_1,3,0.3,subgraph_mip,time_balanced_weight,1,343,1105,13,1.18,0.358,0.001,0.021,0.022,733.66,1.0681,25.18,731.84,-2.05,705.03,731.84,10.969,3.73,"[731.84, 705.03, 719.98]","[3, 5, 5]",13
assembly_1,3,0.3,subgraph_mip,combined,1,343,1105,26,2.35,0.358,0.002,0.142,0.143,113.29,0.8583,0.59,792,6.01,584.04,792,95.505,28.93,"[584.04, 792, 780.81]","[3, 5, 5]",13
assembly_1,3,0.3,subgraph_mip,blended,1,343,1105,13,1.18,0.358,0.001,0.018,0.019,834.71,0.869,1.85,747.12,0.0,689.75,747.12,23.433,7.98,"[747.12, 689.75, 719.98]","[4, 4, 5]",13
assembly_1,3,0.3,subgraph_mip,blended_union,1,343,1105,37,3.35,0.358,0.013,0.175,0.188,86.19,0.8544,0.14,747.12,0.0,680.33,747.12,28.25,9.29,"[747.12, 729.4, 680.33]","[4, 5, 4]",13
assembly_1,3,0.3,subgraph_mip,diverse,1,343,1105,13,1.18,0.358,0.005,0.018,0.023,721.34,0.869,1.85,747.12,0.0,689.75,747.12,23.433,7.98,"[747.12, 689.75, 719.98]","[4, 4, 5]",13
assembly_1,3,0.3,subgraph_mip,edge_weight,2,343,1105,15,1.36,0.358,0.004,0.192,0.197,82.54,0.8572,0.46,788.33,5.52,584.04,788.33,95.409,28.42,"[584.04, 784.48, 788.33]","[3, 5, 5]",13
assembly_1,3,0.3,subgraph_mip,time_balanced_weight,2,343,1105,15,1.36,0.358,0.005,0.064,0.07,233.49,1.0613,24.39,731.84,-2.05,705.03,731.84,10.969,3.73,"[731.84, 705.03, 719.98]","[3, 5, 5]",13
assembly_1,3,0.3,subgraph_mip,combined,2,343,1105,30,2.71,0.358,0.01,0.247,0.257,63.29,0.8572,0.46,788.33,5.52,584.04,788.33,95.409,28.42,"[584.04, 784.48, 788.33]","[3, 5, 5]",13
assembly_1,3,0.3,subgraph_mip,blended,2,343,1105,15,1.36,0.358,0.005,0.082,0.087,187.52,0.869,1.85,747.12,0.0,689.75,747.12,23.433,7.98,"[747.12, 689.75, 719.98]","[4, 4, 5]",13
assembly_1,3,0.3,subgraph_mip,blended_union,2,343,1105,42,3.8,0.358,0.021,0.576,0.597,27.17,0.8544,0.14,747.12,0.0,680.33,747.12,28.25,9.29,"[747.12, 729.4, 680.33]","[4, 5, 4]",13
assembly_1,3,0.3,subgraph_mip,diverse,2,343,1105,26,2.35,0.358,0.005,0.046,0.051,319.13,0.869,1.85,747.12,0.0,689.75,747.12,23.433,7.98,"[747.12, 689.75, 719.98]","[4, 4, 5]",13
assembly_1,3,0.3,subgraph_mip,edge_weight,5,343,1105,21,1.9,0.358,0.014,0.221,0.235,68.99,0.8572,0.46,788.33,5.52,584.04,788.33,95.409,28.42,"[584.04, 784.48, 788.33]","[3, 5, 5]",13
assembly_1,3,0.3,subgraph_mip,time_balanced_weight,5,343,1105,44,3.98,0.358,0.025,0.109,0.133,121.75,1.0613,24.39,731.84,-2.05,705.03,731.84,10.969,3.73,"[731.84, 705.03, 719.98]","[3, 5, 5]",13
assembly_1,3,0.3,subgraph_mip,combined,5,343,1105,65,5.88,0.358,0.048,0.568,0.616,26.34,0.8572,0.46,788.33,5.52,584.04,788.33,95.409,28.42,"[584.04, 784.48, 788.33]","[3, 5, 5]",13
assembly_1,3,0.3,subgraph_mip,blended,5,343,1105,29,2.62,0.358,0.028,0.49,0.517,31.38,0.8557,0.29,758.63,1.54,692.04,758.63,28.646,9.26,"[692.04, 758.63, 706.18]","[4, 4, 5]",13
assembly_1,3,0.3,subgraph_mip,blended_union,5,343,1105,60,5.43,0.358,0.066,1.856,1.922,8.45,0.8544,0.14,747.12,0.0,680.33,747.12,28.25,9.29,"[747.12, 729.4, 680.33]","[4, 5, 4]",13
assembly_1,3,0.3,subgraph_mip,diverse,5,343,1105,65,5.88,0.358,0.013,0.319,0.332,48.89,0.8567,0.41,758.63,1.54,692.04,758.63,28.646,9.26,"[692.04, 758.63, 706.18]","[4, 4, 5]",13
assembly_1,3,0.3,subgraph_mip,edge_weight,10,343,1105,24,2.17,0.358,0.047,0.576,0.623,26.06,0.8572,0.46,788.33,5.52,584.04,788.33,95.409,28.42,"[584.04, 784.48, 788.33]","[3, 5, 5]",13
assembly_1,3,0.3,subgraph_mip,time_balanced_weight,10,343,1105,57,5.16,0.358,0.038,0.766,0.804,20.19,1.0602,24.25,731.84,-2.05,705.03,731.84,10.969,3.73,"[731.84, 705.03, 719.98]","[3, 5, 5]",13
assembly_1,3,0.3,subgraph_mip,combined,10,343,1105,81,7.33,0.358,0.087,0.84,0.927,17.5,0.8572,0.46,788.33,5.52,584.04,788.33,95.409,28.42,"[584.04, 784.48, 788.33]","[3, 5, 5]",13
assembly_1,3,0.3,subgraph_mip,blended,10,343,1105,37,3.35,0.358,0.028,0.352,0.381,42.63,0.8557,0.29,758.63,1.54,692.04,758.63,28.646,9.26,"[692.04, 758.63, 706.18]","[4, 4, 5]",13
assembly_1,3,0.3,subgraph_mip,blended_union,10,343,1105,75,6.79,0.358,0.118,1.194,1.312,12.37,0.8544,0.14,747.12,0.0,680.33,747.12,28.25,9.29,"[747.12, 729.4, 680.33]","[4, 5, 4]",13
assembly_1,3,0.3,subgraph_mip,diverse,10,343,1105,126,11.4,0.358,0.01,0.432,0.442,36.77,0.8562,0.35,758.63,1.54,692.04,758.63,28.646,9.26,"[692.04, 758.63, 706.18]","[4, 4, 5]",13
assembly_1,3,0.3,subgraph_mip,edge_weight,20,343,1105,35,3.17,0.358,0.091,0.383,0.473,34.29,0.8572,0.46,788.33,5.52,584.04,788.33,95.409,28.42,"[584.04, 784.48, 788.33]","[3, 5, 5]",13
assembly_1,3,0.3,subgraph_mip,time_balanced_weight,20,343,1105,73,6.61,0.358,0.102,0.19,0.292,55.5,0.9951,16.62,754.42,0.98,655.31,754.42,45.099,13.79,"[747.12, 655.31, 754.42]","[4, 5, 4]",13
assembly_1,3,0.3,subgraph_mip,combined,20,343,1105,107,9.68,0.358,0.174,1.092,1.266,12.82,0.8572,0.46,788.33,5.52,584.04,788.33,95.409,28.42,"[584.04, 784.48, 788.33]","[3, 5, 5]",13
assembly_1,3,0.3,subgraph_mip,blended,20,343,1105,56,5.07,0.358,0.094,0.767,0.861,18.86,0.8557,0.29,758.63,1.54,692.04,758.63,28.646,9.26,"[692.04, 758.63, 706.18]","[4, 4, 5]",13
assembly_1,3,0.3,subgraph_mip,blended_union,20,343,1105,93,8.42,0.358,0.249,0.926,1.175,13.81,0.8544,0.14,747.12,0.0,680.33,747.12,28.25,9.29,"[747.12, 729.4, 680.33]","[4, 5, 4]",13
assembly_1,3,0.3,subgraph_mip,diverse,20,343,1105,239,21.63,0.358,0.016,1.342,1.357,11.96,0.8557,0.29,758.63,1.54,692.04,758.63,28.646,9.26,"[692.04, 758.63, 706.18]","[4, 4, 5]",13
assembly_1,3,0.3,subgraph_mip,edge_weight,50,343,1105,54,4.89,0.358,0.191,0.47,0.661,24.55,0.8563,0.35,780.81,4.51,684,780.81,43.865,13.47,"[692.04, 684, 780.81]","[4, 4, 5]",13
assembly_1,3,0.3,subgraph_mip,time_balanced_weight,50,343,1105,141,12.76,0.358,0.252,2.666,2.917,5.56,0.9947,16.58,754.42,0.98,655.31,754.42,45.099,13.79,"[747.12, 655.31, 754.42]","[4, 5, 4]",13
assembly_1,3,0.3,subgraph_mip,combined,50,343,1105,190,17.19,0.358,0.328,2.284,2.612,6.22,0.8563,0.35,780.81,4.51,684,780.81,43.865,13.47,"[692.04, 684, 780.81]","[4, 4, 5]",13
assembly_1,3,0.3,subgraph_mip,blended,50,343,1105,72,6.52,0.358,0.24,1.373,1.613,10.06,0.8557,0.29,758.63,1.54,692.04,758.63,28.646,9.26,"[692.04, 758.63, 706.18]","[4, 4, 5]",13
assembly_1,3,0.3,subgraph_mip,blended_union,50,343,1105,146,13.21,0.358,0.476,1.137,1.613,10.06,0.8544,0.14,747.12,0.0,680.33,747.12,28.25,9.29,"[747.12, 729.4, 680.33]","[4, 5, 4]",13
assembly_1,3,0.3,subgraph_mip,diverse,50,343,1105,511,46.24,0.358,0.028,2.307,2.334,6.95,0.8557,0.29,758.63,1.54,692.04,758.63,28.646,9.26,"[692.04, 758.63, 706.18]","[4, 4, 5]",13
assembly_1,3,0.3,subgraph_mip,edge_weight,100,343,1105,78,7.06,0.358,0.415,0.433,0.847,19.16,0.8563,0.35,780.81,4.51,684,780.81,43.865,13.47,"[692.04, 684, 780.81]","[4, 4, 5]",13
assembly_1,3,0.3,subgraph_mip,time_balanced_weight,100,343,1105,189,17.1,0.358,0.474,1.37,1.844,8.8,0.9942,16.52,814.18,8.98,584.04,814.18,98.054,32.01,"[584.04, 758.63, 814.18]","[3, 4, 6]",13
assembly_1,3,0.3,subgraph_mip,combined,100,343,1105,257,23.26,0.358,0.886,1.253,2.14,7.59,0.8563,0.35,780.81,4.51,684,780.81,43.865,13.47,"[692.04, 684, 780.81]","[4, 4, 5]",13
assembly_1,3,0.3,subgraph_mip,blended,100,343,1105,111,10.05,0.358,0.401,1.662,2.063,7.87,0.8557,0.29,758.63,1.54,692.04,758.63,28.646,9.26,"[692.04, 758.63, 706.18]","[4, 4, 5]",13
assembly_1,3,0.3,subgraph_mip,blended_union,100,343,1105,190,17.19,0.358,0.803,1.536,2.339,6.94,0.8544,0.14,747.12,0.0,680.33,747.12,28.25,9.29,"[747.12, 729.4, 680.33]","[4, 5, 4]",13
assembly_1,3,0.3,subgraph_mip,diverse,100,343,1105,744,67.33,0.358,0.056,8.067,8.123,2.0,0.8557,0.29,758.63,1.54,692.04,758.63,28.646,9.26,"[692.04, 758.63, 706.18]","[4, 4, 5]",13
assembly_1,3,0.3,subgraph_mip,edge_weight,200,343,1105,95,8.6,0.358,0.707,0.615,1.321,12.29,0.8563,0.35,780.81,4.51,684,780.81,43.865,13.47,"[692.04, 684, 780.81]","[4, 4, 5]",13
assembly_1,3,0.3,subgraph_mip,time_balanced_weight,200,343,1105,258,23.35,0.358,0.817,1.739,2.556,6.35,0.9759,14.38,747.12,0.0,696.13,747.12,21.158,7.09,"[747.12, 696.13, 713.6]","[4, 4, 5]",13
assembly_1,3,0.3,subgraph_mip,combined,200,343,1105,339,30.68,0.358,1.564,3.266,4.83,3.36,0.8563,0.35,780.81,4.51,684,780.81,43.865,13.47,"[692.04, 684, 780.81]","[4, 4, 5]",13
assembly_1,3,0.3,subgraph_mip,blended,200,343,1105,137,12.4,0.358,0.739,1.448,2.187,7.42,0.8557,0.29,758.63,1.54,692.04,758.63,28.646,9.26,"[692.04, 758.63, 706.18]","[4, 4, 5]",13
assembly_1,3,0.3,subgraph_mip,blended_union,200,343,1105,203,18.37,0.358,2.102,2.077,4.178,3.89,0.8544,0.14,747.12,0.0,680.33,747.12,28.25,9.29,"[747.12, 729.4, 680.33]","[4, 5, 4]",13
assembly_1,3,0.3,subgraph_mip,diverse,200,343,1105,917,82.99,0.358,0.148,10.386,10.534,1.54,0.8557,0.29,758.63,1.54,692.04,758.63,28.646,9.26,"[692.04, 758.63, 706.18]","[4, 4, 5]",13
assembly_1,3,0.3,subgraph_mip,edge_weight,500,343,1105,108,9.77,0.358,1.552,0.717,2.269,7.15,0.8563,0.35,780.81,4.51,684,780.81,43.865,13.47,"[692.04, 684, 780.81]","[4, 4, 5]",13
assembly_1,3,0.3,subgraph_mip,time_balanced_weight,500,343,1105,399,36.11,0.358,1.755,2.76,4.515,3.6,0.9705,13.74,758.63,1.54,692.04,758.63,28.646,9.26,"[692.04, 758.63, 706.18]","[4, 4, 5]",13
assembly_1,3,0.3,subgraph_mip,combined,500,343,1105,459,41.54,0.358,3.335,2.155,5.49,2.96,0.8563,0.35,780.81,4.51,684,780.81,43.865,13.47,"[692.04, 684, 780.81]","[4, 4, 5]",13
assembly_1,3,0.3,subgraph_mip,blended,500,343,1105,160,14.48,0.358,1.746,1.45,3.196,5.08,0.8557,0.29,758.63,1.54,692.04,758.63,28.646,9.26,"[692.04, 758.63, 706.18]","[4, 4, 5]",13
assembly_1,3,0.3,subgraph_mip,blended_union,500,343,1105,247,22.35,0.358,5.244,1.854,7.099,2.29,0.8544,0.14,747.12,0.0,680.33,747.12,28.25,9.29,"[747.12, 729.4, 680.33]","[4, 5, 4]",13
assembly_1,3,0.3,subgraph_mip,diverse,500,343,1105,1050,95.02,0.358,0.614,11.05,11.663,1.39,0.8532,-0.0,747.12,0.0,680.33,747.12,28.25,9.29,"[747.12, 729.4, 680.33]","[4, 5, 4]",13
assembly_1,3,0.3,subgraph_mip,edge_weight,1000,343,1105,142,12.85,0.358,3.218,1.147,4.365,3.72,0.8532,-0.0,747.12,0.0,680.33,747.12,28.25,9.29,"[747.12, 729.4, 680.33]","[4, 5, 4]",13
assembly_1,3,0.3,subgraph_mip,time_balanced_weight,1000,343,1105,500,45.25,0.358,4.065,5.088,9.153,1.77,0.9671,13.34,747.12,0.0,704.18,747.12,19.927,5.97,"[747.12, 705.55, 704.18]","[4, 4, 5]",13
assembly_1,3,0.3,subgraph_mip,combined,1000,343,1105,578,52.31,0.358,7.406,4.617,12.023,1.35,0.8532,0.0,747.12,0.0,680.33,747.12,28.25,9.29,"[747.12, 729.4, 680.33]","[4, 5, 4]",13
assembly_1,3,0.3,subgraph_mip,blended,1000,343,1105,167,15.11,0.358,4.338,2.114,6.453,2.52,0.8557,0.29,758.63,1.54,692.04,758.63,28.646,9.26,"[692.04, 758.63, 706.18]","[4, 4, 5]",13
assembly_1,3,0.3,subgraph_mip,blended_union,1000,343,1105,284,25.7,0.358,11.173,2.452,13.626,1.19,0.8532,0.0,747.12,0.0,680.33,747.12,28.25,9.29,"[747.12, 729.4, 680.33]","[4, 5, 4]",13
assembly_1,3,0.3,subgraph_mip,diverse,1000,343,1105,1097,99.28,0.358,0.948,13.117,14.065,1.15,0.8532,0.0,747.12,0.0,680.33,747.12,28.25,9.29,"[747.12, 729.4, 680.33]","[4, 5, 4]",13
assembly_1,3,0.3,subgraph_mip,edge_weight,2000,343,1105,185,16.74,0.358,7.839,1.07,8.909,1.82,0.8532,0.0,747.12,0.0,680.33,747.12,28.25,9.29,"[747.12, 729.4, 680.33]","[4, 5, 4]",13
assembly_1,3,0.3,subgraph_mip,time_balanced_weight,2000,343,1105,630,57.01,0.358,7.998,3.952,11.95,1.36,0.9653,13.13,747.12,0.0,680.33,747.12,28.25,9.29,"[747.12, 729.4, 680.33]","[4, 5, 4]",13
assembly_1,3,0.3,subgraph_mip,combined,2000,343,1105,685,61.99,0.358,15.464,3.856,19.32,0.84,0.8532,0.0,747.12,0.0,680.33,747.12,28.25,9.29,"[747.12, 729.4, 680.33]","[4, 5, 4]",13
assembly_1,3,0.3,subgraph_mip,blended,2000,343,1105,202,18.28,0.358,9.429,1.836,11.265,1.44,0.8557,0.29,758.63,1.54,692.04,758.63,28.646,9.26,"[692.04, 758.63, 706.18]","[4, 4, 5]",13
assembly_1,3,0.3,subgraph_mip,blended_union,2000,343,1105,335,30.32,0.358,25.982,4.786,30.768,0.53,0.8532,0.0,747.12,0.0,680.33,747.12,28.25,9.29,"[747.12, 729.4, 680.33]","[4, 5, 4]",13
assembly_1,3,0.3,subgraph_mip,diverse,2000,343,1105,1105,100.0,0.358,2.115,18.801,20.916,0.78,0.8532,0.0,747.12,0.0,680.33,747.12,28.25,9.29,"[747.12, 729.4, 680.33]","[4, 5, 4]",13
assembly_1,3,0.3,subgraph_mip,edge_weight,5000,343,1105,232,21.0,0.358,30.67,2.911,33.581,0.48,0.8532,0.0,747.12,0.0,680.33,747.12,28.25,9.29,"[747.12, 729.4, 680.33]","[4, 5, 4]",13
assembly_1,3,0.3,subgraph_mip,time_balanced_weight,5000,343,1105,799,72.31,0.358,26.674,10.908,37.582,0.43,0.964,12.98,747.12,0.0,680.33,747.12,28.25,9.29,"[747.12, 729.4, 680.33]","[4, 5, 4]",13
assembly_1,3,0.3,subgraph_mip,combined,5000,343,1105,830,75.11,0.358,59.058,11.339,70.397,0.23,0.8532,0.0,747.12,0.0,680.33,747.12,28.25,9.29,"[747.12, 729.4, 680.33]","[4, 5, 4]",13
assembly_1,3,0.3,subgraph_mip,blended,5000,343,1105,232,21.0,0.358,36.189,1.542,37.731,0.43,0.8557,0.29,758.63,1.54,692.04,758.63,28.646,9.26,"[692.04, 758.63, 706.18]","[4, 4, 5]",13
assembly_1,3,0.3,subgraph_mip,blended_union,5000,343,1105,355,32.13,0.358,96.646,4.53,101.177,0.16,0.8532,0.0,747.12,0.0,680.33,747.12,28.25,9.29,"[747.12, 729.4, 680.33]","[4, 5, 4]",13
assembly_1,3,0.3,subgraph_mip,diverse,5000,343,1105,1105,100.0,0.358,5.593,16.682,22.275,0.73,0.8532,0.0,747.12,0.0,680.33,747.12,28.25,9.29,"[747.12, 729.4, 680.33]","[4, 5, 4]",13
assembly_1,3,0.35,full_mip,—,,343,1105,1105,100.0,0.386,0.0,44.528,44.528,1.0,0.8541,0.0,747.12,0.0,680.33,747.12,28.25,9.29,"[747.12, 729.4, 680.33]","[4, 5, 4]",13
assembly_1,3,0.35,subgraph_mip,edge_weight,1,343,1105,13,1.18,0.386,0.004,0.082,0.085,521.73,0.8625,0.99,792,6.01,584.04,792,95.505,28.93,"[584.04, 792, 780.81]","[3, 5, 5]",13
assembly_1,3,0.35,subgraph_mip,time_balanced_weight,1,343,1105,13,1.18,0.386,0.01,0.131,0.141,315.91,1.0524,23.21,731.84,-2.05,705.03,731.84,10.969,3.73,"[731.84, 705.03, 719.98]","[3, 5, 5]",13
assembly_1,3,0.35,subgraph_mip,combined,1,343,1105,26,2.35,0.386,0.003,0.789,0.792,56.24,0.8625,0.99,792,6.01,584.04,792,95.505,28.93,"[584.04, 792, 780.81]","[3, 5, 5]",13
assembly_1,3,0.35,subgraph_mip,blended,1,343,1105,13,1.18,0.386,0.006,0.069,0.076,589.36,0.8688,1.72,747.12,0.0,689.75,747.12,23.433,7.98,"[747.12, 689.75, 719.98]","[4, 4, 5]",13
assembly_1,3,0.35,subgraph_mip,blended_union,1,343,1105,37,3.35,0.386,0.032,0.918,0.95,46.89,0.8552,0.13,747.12,0.0,680.33,747.12,28.25,9.29,"[747.12, 729.4, 680.33]","[4, 5, 4]",13
assembly_1,3,0.35,subgraph_mip,diverse,1,343,1105,13,1.18,0.386,0.01,0.017,0.026,1683.66,0.8688,1.72,747.12,0.0,689.75,747.12,23.433,7.98,"[747.12, 689.75, 719.98]","[4, 4, 5]",13
assembly_1,3,0.35,subgraph_mip,edge_weight,2,343,1105,15,1.36,0.386,0.004,0.092,0.096,464.56,0.8612,0.83,788.33,5.52,584.04,788.33,95.409,28.42,"[584.04, 784.48, 788.33]","[3, 5, 5]",13
assembly_1,3,0.35,subgraph_mip,time_balanced_weight,2,343,1105,15,1.36,0.386,0.005,0.076,0.081,550.12,1.0461,22.48,731.84,-2.05,705.03,731.84,10.969,3.73,"[731.84, 705.03, 719.98]","[3, 5, 5]",13
assembly_1,3,0.35,subgraph_mip,combined,2,343,1105,30,2.71,0.386,0.009,0.14,0.149,298.19,0.8612,0.83,788.33,5.52,584.04,788.33,95.409,28.42,"[584.04, 784.48, 788.33]","[3, 5, 5]",13
assembly_1,3,0.35,subgraph_mip,blended,2,343,1105,15,1.36,0.386,0.004,0.033,0.038,1184.04,0.8688,1.72,747.12,0.0,689.75,747.12,23.433,7.98,"[747.12, 689.75, 719.98]","[4, 4, 5]",13
assembly_1,3,0.35,subgraph_mip,blended_union,2,343,1105,42,3.8,0.386,0.02,0.33,0.349,127.45,0.8552,0.13,747.12,0.0,680.33,747.12,28.25,9.29,"[747.12, 729.4, 680.33]","[4, 5, 4]",13
assembly_1,3,0.35,subgraph_mip,diverse,2,343,1105,26,2.35,0.386,0.004,0.601,0.606,73.53,0.8688,1.72,747.12,0.0,689.75,747.12,23.433,7.98,"[747.12, 689.75, 719.98]","[4, 4, 5]",13
assembly_1,3,0.35,subgraph_mip,edge_weight,5,343,1105,21,1.9,0.386,0.014,0.329,0.343,129.98,0.8612,0.83,788.33,5.52,584.04,788.33,95.409,28.42,"[584.04, 784.48, 788.33]","[3, 5, 5]",13
assembly_1,3,0.35,subgraph_mip,time_balanced_weight,5,343,1105,44,3.98,0.386,0.035,0.206,0.242,184.32,1.0461,22.48,731.84,-2.05,705.03,731.84,10.969,3.73,"[731.84, 705.03, 719.98]","[3, 5, 5]",13
assembly_1,3,0.35,subgraph_mip,combined,5,343,1105,65,5.88,0.386,0.035,0.566,0.602,74.02,0.8612,0.83,788.33,5.52,584.04,788.33,95.409,28.42,"[584.04, 784.48, 788.33]","[3, 5, 5]",13
assembly_1,3,0.35,subgraph_mip,blended,5,343,1105,21,1.9,0.386,0.014,0.118,0.132,338.27,0.8688,1.72,747.12,0.0,689.75,747.12,23.433,7.98,"[747.12, 689.75, 719.98]","[4, 4, 5]",13
assembly_1,3,0.35,subgraph_mip,blended_union,5,343,1105,60,5.43,0.386,0.046,1.069,1.115,39.95,0.8552,0.13,747.12,0.0,680.33,747.12,28.25,9.29,"[747.12, 729.4, 680.33]","[4, 5, 4]",13
assembly_1,3,0.35,subgraph_mip,diverse,5,343,1105,65,5.88,0.386,0.015,1.291,1.306,34.09,0.8583,0.49,758.63,1.54,692.04,758.63,28.646,9.26,"[692.04, 758.63, 706.18]","[4, 4, 5]",13
assembly_1,3,0.35,subgraph_mip,edge_weight,10,343,1105,24,2.17,0.386,0.026,0.173,0.199,223.61,0.8612,0.83,788.33,5.52,584.04,788.33,95.409,28.42,"[584.04, 784.48, 788.33]","[3, 5, 5]",13
assembly_1,3,0.35,subgraph_mip,time_balanced_weight,10,343,1105,57,5.16,0.386,0.035,0.271,0.305,145.8,1.045,22.35,731.84,-2.05,705.03,731.84,10.969,3.73,"[731.84, 705.03, 719.98]","[3, 5, 5]",13
assembly_1,3,0.35,subgraph_mip,combined,10,343,1105,81,7.33,0.386,0.089,0.383,0.472,94.24,0.8612,0.83,788.33,5.52,584.04,788.33,95.409,28.42,"[584.04, 784.48, 788.33]","[3, 5, 5]",13
assembly_1,3,0.35,subgraph_mip,blended,10,343,1105,26,2.35,0.386,0.033,0.356,0.389,114.49,0.8688,1.72,747.12,0.0,689.75,747.12,23.433,7.98,"[747.12, 689.75, 719.98]","[4, 4, 5]",13
assembly_1,3,0.35,subgraph_mip,blended_union,10,343,1105,75,6.79,0.386,0.148,1.048,1.196,37.24,0.8552,0.13,747.12,0.0,680.33,747.12,28.25,9.29,"[747.12, 729.4, 680.33]","[4, 5, 4]",13
assembly_1,3,0.35,subgraph_mip,diverse,10,343,1105,126,11.4,0.386,0.01,1.26,1.27,35.06,0.8578,0.44,758.63,1.54,692.04,758.63,28.646,9.26,"[692.04, 758.63, 706.18]","[4, 4, 5]",13
assembly_1,3,0.35,subgraph_mip,edge_weight,20,343,1105,35,3.17,0.386,0.054,0.327,0.381,116.87,0.8612,0.83,788.33,5.52,584.04,788.33,95.409,28.42,"[584.04, 784.48, 788.33]","[3, 5, 5]",13
assembly_1,3,0.35,subgraph_mip,time_balanced_weight,20,343,1105,73,6.61,0.386,0.068,0.292,0.36,123.82,0.9864,15.49,754.42,0.98,655.31,754.42,45.099,13.79,"[747.12, 655.31, 754.42]","[4, 5, 4]",13
assembly_1,3,0.35,subgraph_mip,combined,20,343,1105,107,9.68,0.386,0.161,0.795,0.957,46.55,0.8612,0.83,788.33,5.52,584.04,788.33,95.409,28.42,"[584.04, 784.48, 788.33]","[3, 5, 5]",13
assembly_1,3,0.35,subgraph_mip,blended,20,343,1105,33,2.99,0.386,0.08,0.317,0.397,112.17,0.8688,1.72,747.12,0.0,689.75,747.12,23.433,7.98,"[747.12, 689.75, 719.98]","[4, 4, 5]",13
assembly_1,3,0.35,subgraph_mip,blended_union,20,343,1105,93,8.42,0.386,0.213,0.887,1.1,40.49,0.8552,0.13,747.12,-0.0,680.33,747.12,28.25,9.29,"[747.12, 729.4, 680.33]","[4, 5, 4]",13
assembly_1,3,0.35,subgraph_mip,diverse,20,343,1105,239,21.63,0.386,0.018,1.55,1.568,28.4,0.8574,0.38,758.63,1.54,692.04,758.63,28.646,9.26,"[692.04, 758.63, 706.18]","[4, 4, 5]",13
assembly_1,3,0.35,subgraph_mip,edge_weight,50,343,1105,54,4.89,0.386,0.178,0.535,0.713,62.47,0.8597,0.65,780.81,4.51,684,780.81,43.865,13.47,"[692.04, 684, 780.81]","[4, 4, 5]",13
assembly_1,3,0.35,subgraph_mip,time_balanced_weight,50,343,1105,141,12.76,0.386,0.249,1.26,1.509,29.52,0.9861,15.45,754.42,0.98,655.31,754.42,45.099,13.79,"[747.12, 655.31, 754.42]","[4, 5, 4]",13
assembly_1,3,0.35,subgraph_mip,combined,50,343,1105,190,17.19,0.386,0.414,1.08,1.495,29.79,0.8597,0.65,780.81,4.51,684,780.81,43.865,13.47,"[692.04, 684, 780.81]","[4, 4, 5]",13
assembly_1,3,0.35,subgraph_mip,blended,50,343,1105,64,5.79,0.386,0.228,0.737,0.965,46.16,0.8631,1.05,747.12,0.0,696.13,747.12,21.158,7.09,"[747.12, 696.13, 713.6]","[4, 4, 5]",13
assembly_1,3,0.35,subgraph_mip,blended_union,50,343,1105,146,13.21,0.386,0.537,1.172,1.709,26.06,0.8552,0.13,747.12,0.0,680.33,747.12,28.25,9.29,"[747.12, 729.4, 680.33]","[4, 5, 4]",13
assembly_1,3,0.35,subgraph_mip,diverse,50,343,1105,510,46.15,0.386,0.037,3.283,3.32,13.41,0.8574,0.38,758.63,1.54,692.04,758.63,28.646,9.26,"[692.04, 758.63, 706.18]","[4, 4, 5]",13
assembly_1,3,0.35,subgraph_mip,edge_weight,100,343,1105,78,7.06,0.386,0.415,0.913,1.328,33.54,0.8597,0.65,780.81,4.51,684,780.81,43.865,13.47,"[692.04, 684, 780.81]","[4, 4, 5]",13
assembly_1,3,0.35,subgraph_mip,time_balanced_weight,100,343,1105,189,17.1,0.386,0.481,2.828,3.309,13.46,0.9861,15.45,754.42,0.98,655.31,754.42,45.099,13.79,"[747.12, 655.31, 754.42]","[4, 5, 4]",13
assembly_1,3,0.35,subgraph_mip,combined,100,343,1105,257,23.26,0.386,1.013,1.86,2.873,15.5,0.8597,0.65,780.81,4.51,684,780.81,43.865,13.47,"[692.04, 684, 780.81]","[4, 4, 5]",13
assembly_1,3,0.35,subgraph_mip,blended,100,343,1105,80,7.24,0.386,0.616,0.489,1.105,40.29,0.8631,1.05,747.12,0.0,696.13,747.12,21.158,7.09,"[747.12, 696.13, 713.6]","[4, 4, 5]",13
assembly_1,3,0.35,subgraph_mip,blended_union,100,343,1105,190,17.19,0.386,1.449,1.712,3.161,14.09,0.8552,0.13,747.12,0.0,680.33,747.12,28.25,9.29,"[747.12, 729.4, 680.33]","[4, 5, 4]",13
assembly_1,3,0.35,subgraph_mip,diverse,100,343,1105,745,67.42,0.386,0.087,7.563,7.65,5.82,0.8574,0.38,758.63,1.54,692.04,758.63,28.646,9.26,"[692.04, 758.63, 706.18]","[4, 4, 5]",13
assembly_1,3,0.35,subgraph_mip,edge_weight,200,343,1105,95,8.6,0.386,0.601,0.693,1.294,34.42,0.8597,0.65,780.81,4.51,684,780.81,43.865,13.47,"[692.04, 684, 780.81]","[4, 4, 5]",13
assembly_1,3,0.35,subgraph_mip,time_balanced_weight,200,343,1105,258,23.35,0.386,0.876,1.594,2.471,18.02,0.968,13.34,747.12,0.0,696.13,747.12,21.158,7.09,"[747.12, 696.13, 713.6]","[4, 4, 5]",13
assembly_1,3,0.35,subgraph_mip,combined,200,343,1105,339,30.68,0.386,1.369,1.945,3.314,13.44,0.8597,0.65,780.81,4.51,684,780.81,43.865,13.47,"[692.04, 684, 780.81]","[4, 4, 5]",13
assembly_1,3,0.35,subgraph_mip,blended,200,343,1105,117,10.59,0.386,0.792,0.722,1.514,29.41,0.8574,0.38,758.63,1.54,692.04,758.63,28.646,9.26,"[692.04, 758.63, 706.18]","[4, 4, 5]",13
assembly_1,3,0.35,subgraph_mip,blended_union,200,343,1105,203,18.37,0.386,2.547,1.365,3.913,11.38,0.8552,0.13,747.12,0.0,680.33,747.12,28.25,9.29,"[747.12, 729.4, 680.33]","[4, 5, 4]",13
assembly_1,3,0.35,subgraph_mip,diverse,200,343,1105,911,82.44,0.386,0.13,10.862,10.992,4.05,0.8567,0.3,747.12,0.0,704.18,747.12,19.927,5.97,"[747.12, 705.55, 704.18]","[4, 4, 5]",13
assembly_1,3,0.35,subgraph_mip,edge_weight,500,343,1105,108,9.77,0.386,1.642,0.463,2.106,21.15,0.8597,0.65,780.81,4.51,684,780.81,43.865,13.47,"[692.04, 684, 780.81]","[4, 4, 5]",13
assembly_1,3,0.35,subgraph_mip,time_balanced_weight,500,343,1105,399,36.11,0.386,1.825,3.396,5.222,8.53,0.9639,12.85,758.63,1.54,692.04,758.63,28.646,9.26,"[692.04, 758.63, 706.18]","[4, 4, 5]",13
assembly_1,3,0.35,subgraph_mip,combined,500,343,1105,459,41.54,0.386,3.412,2.301,5.712,7.8,0.8597,0.65,780.81,4.51,684,780.81,43.865,13.47,"[692.04, 684, 780.81]","[4, 4, 5]",13
assembly_1,3,0.35,subgraph_mip,blended,500,343,1105,156,14.12,0.386,1.978,0.884,2.862,15.56,0.8574,0.38,758.63,1.54,692.04,758.63,28.646,9.26,"[692.04, 758.63, 706.18]","[4, 4, 5]",13
assembly_1,3,0.35,subgraph_mip,blended_union,500,343,1105,247,22.35,0.386,5.209,2.143,7.352,6.06,0.8552,0.13,747.12,0.0,680.33,747.12,28.25,9.29,"[747.12, 729.4, 680.33]","[4, 5, 4]",13
assembly_1,3,0.35,subgraph_mip,diverse,500,343,1105,1047,94.75,0.386,0.399,17.199,17.598,2.53,0.8541,0.0,747.12,0.0,680.33,747.12,28.25,9.29,"[747.12, 729.4, 680.33]","[4, 5, 4]",13
assembly_1,3,0.35,subgraph_mip,edge_weight,1000,343,1105,142,12.85,0.386,4.051,0.793,4.844,9.19,0.8541,0.0,747.12,0.0,680.33,747.12,28.25,9.29,"[747.12, 729.4, 680.33]","[4, 5, 4]",13
assembly_1,3,0.35,subgraph_mip,time_balanced_weight,1000,343,1105,500,45.25,0.386,4.028,5.554,9.582,4.65,0.9598,12.38,747.12,0.0,704.18,747.12,19.927,5.97,"[747.12, 705.55, 704.18]","[4, 4, 5]",13
assembly_1,3,0.35,subgraph_mip,combined,1000,343,1105,578,52.31,0.386,7.693,3.871,11.564,3.85,0.8541,0.0,747.12,0.0,680.33,747.12,28.25,9.29,"[747.12, 729.4, 680.33]","[4, 5, 4]",13
assembly_1,3,0.35,subgraph_mip,blended,1000,343,1105,169,15.29,0.386,4.338,1.371,5.709,7.8,0.8574,0.38,758.63,1.54,692.04,758.63,28.646,9.26,"[692.04, 758.63, 706.18]","[4, 4, 5]",13
assembly_1,3,0.35,subgraph_mip,blended_union,1000,343,1105,284,25.7,0.386,11.376,4.218,15.593,2.86,0.8541,0.0,747.12,0.0,680.33,747.12,28.25,9.29,"[747.12, 729.4, 680.33]","[4, 5, 4]",13
assembly_1,3,0.35,subgraph_mip,diverse,1000,343,1105,1100,99.55,0.386,0.956,19.284,20.241,2.2,0.8541,0.0,747.12,0.0,680.33,747.12,28.25,9.29,"[747.12, 729.4, 680.33]","[4, 5, 4]",13
assembly_1,3,0.35,subgraph_mip,edge_weight,2000,343,1105,185,16.74,0.386,7.981,1.768,9.749,4.57,0.8541,0.0,747.12,0.0,680.33,747.12,28.25,9.29,"[747.12, 729.4, 680.33]","[4, 5, 4]",13
assembly_1,3,0.35,subgraph_mip,time_balanced_weight,2000,343,1105,630,57.01,0.386,8.307,5.436,13.743,3.24,0.9582,12.18,747.12,0.0,680.33,747.12,28.25,9.29,"[747.12, 729.4, 680.33]","[4, 5, 4]",13
assembly_1,3,0.35,subgraph_mip,combined,2000,343,1105,685,61.99,0.386,16.451,4.495,20.946,2.13,0.8541,0.0,747.12,0.0,680.33,747.12,28.25,9.29,"[747.12, 729.4, 680.33]","[4, 5, 4]",13
assembly_1,3,0.35,subgraph_mip,blended,2000,343,1105,194,17.56,0.386,9.787,0.935,10.722,4.15,0.8574,0.38,758.63,1.54,692.04,758.63,28.646,9.26,"[692.04, 758.63, 706.18]","[4, 4, 5]",13
assembly_1,3,0.35,subgraph_mip,blended_union,2000,343,1105,335,30.32,0.386,28.245,5.804,34.049,1.31,0.8541,0.0,747.12,0.0,680.33,747.12,28.25,9.29,"[747.12, 729.4, 680.33]","[4, 5, 4]",13
assembly_1,3,0.35,subgraph_mip,diverse,2000,343,1105,1105,100.0,0.386,2.136,40.323,42.458,1.05,0.8541,0.0,747.12,0.0,680.33,747.12,28.25,9.29,"[747.12, 729.4, 680.33]","[4, 5, 4]",13
assembly_1,3,0.35,subgraph_mip,edge_weight,5000,343,1105,232,21.0,0.386,31.723,3.153,34.876,1.28,0.8541,0.0,747.12,0.0,680.33,747.12,28.25,9.29,"[747.12, 729.4, 680.33]","[4, 5, 4]",13
assembly_1,3,0.35,subgraph_mip,time_balanced_weight,5000,343,1105,799,72.31,0.386,28.04,9.068,37.108,1.2,0.957,12.04,747.12,0.0,680.33,747.12,28.25,9.29,"[747.12, 729.4, 680.33]","[4, 5, 4]",13
assembly_1,3,0.35,subgraph_mip,combined,5000,343,1105,830,75.11,0.386,58.176,7.956,66.132,0.67,0.8541,0.0,747.12,0.0,680.33,747.12,28.25,9.29,"[747.12, 729.4, 680.33]","[4, 5, 4]",13
assembly_1,3,0.35,subgraph_mip,blended,5000,343,1105,220,19.91,0.386,35.709,1.615,37.324,1.19,0.8567,0.3,747.12,0.0,704.18,747.12,19.927,5.97,"[747.12, 705.55, 704.18]","[4, 4, 5]",13
assembly_1,3,0.35,subgraph_mip,blended_union,5000,343,1105,355,32.13,0.386,108.336,5.639,113.976,0.39,0.8541,0.0,747.12,0.0,680.33,747.12,28.25,9.29,"[747.12, 729.4, 680.33]","[4, 5, 4]",13
assembly_1,3,0.35,subgraph_mip,diverse,5000,343,1105,1105,100.0,0.386,5.812,39.164,44.976,0.99,0.8541,0.0,747.12,0.0,680.33,747.12,28.25,9.29,"[747.12, 729.4, 680.33]","[4, 5, 4]",13
assembly_1,3,0.4,full_mip,—,,343,1105,1105,100.0,0.33,0.0,46.597,46.597,1.0,0.855,0.0,747.12,0.0,680.33,747.12,28.25,9.29,"[747.12, 729.4, 680.33]","[4, 5, 4]",13
assembly_1,3,0.4,subgraph_mip,edge_weight,1,343,1105,13,1.18,0.33,0.002,0.042,0.044,1060.2,0.8668,1.38,792,6.01,584.04,792,95.505,28.93,"[584.04, 792, 780.81]","[3, 5, 5]",13
assembly_1,3,0.4,subgraph_mip,time_balanced_weight,1,343,1105,13,1.18,0.33,0.001,0.032,0.033,1408.71,1.0366,21.24,731.84,-2.05,705.03,731.84,10.969,3.73,"[731.84, 705.03, 719.98]","[3, 5, 5]",13
assembly_1,3,0.4,subgraph_mip,combined,1,343,1105,26,2.35,0.33,0.002,0.085,0.086,539.57,0.8668,1.38,792,6.01,584.04,792,95.505,28.93,"[584.04, 792, 780.81]","[3, 5, 5]",13
assembly_1,3,0.4,subgraph_mip,blended,1,343,1105,13,1.18,0.33,0.001,0.03,0.031,1487.7,0.8685,1.58,747.12,-0.0,689.75,747.12,23.433,7.98,"[747.12, 689.75, 719.98]","[4, 4, 5]",13
assembly_1,3,0.4,subgraph_mip,blended_union,1,343,1105,37,3.35,0.33,0.012,0.41,0.422,110.39,0.856,0.12,747.12,0.0,680.33,747.12,28.25,9.29,"[747.12, 729.4, 680.33]","[4, 5, 4]",13
assembly_1,3,0.4,subgraph_mip,diverse,1,343,1105,13,1.18,0.33,0.004,0.026,0.03,1566.61,0.8685,1.58,747.12,-0.0,689.75,747.12,23.433,7.98,"[747.12, 689.75, 719.98]","[4, 4, 5]",13
assembly_1,3,0.4,subgraph_mip,edge_weight,2,343,1105,15,1.36,0.33,0.008,0.031,0.039,1207.38,0.8652,1.19,788.33,5.52,584.04,788.33,95.409,28.42,"[584.04, 784.48, 788.33]","[3, 5, 5]",13
assembly_1,3,0.4,subgraph_mip,time_balanced_weight,2,343,1105,15,1.36,0.33,0.01,0.058,0.068,690.25,1.0308,20.57,731.84,-2.05,705.03,731.84,10.969,3.73,"[731.84, 705.03, 719.98]","[3, 5, 5]",13
assembly_1,3,0.4,subgraph_mip,combined,2,343,1105,30,2.71,0.33,0.021,0.163,0.184,253.79,0.8652,1.19,788.33,5.52,584.04,788.33,95.409,28.42,"[584.04, 784.48, 788.33]","[3, 5, 5]",13
assembly_1,3,0.4,subgraph_mip,blended,2,343,1105,15,1.36,0.33,0.01,0.042,0.051,909.78,0.8685,1.58,747.12,-0.0,689.75,747.12,23.433,7.98,"[747.12, 689.75, 719.98]","[4, 4, 5]",13
assembly_1,3,0.4,subgraph_mip,blended_union,2,343,1105,42,3.8,0.33,0.025,0.803,0.828,56.31,0.856,0.12,747.12,0.0,680.33,747.12,28.25,9.29,"[747.12, 729.4, 680.33]","[4, 5, 4]",13
assembly_1,3,0.4,subgraph_mip,diverse,2,343,1105,26,2.35,0.33,0.004,0.035,0.039,1184.6,0.8685,1.58,747.12,0.0,689.75,747.12,23.433,7.98,"[747.12, 689.75, 719.98]","[4, 4, 5]",13
assembly_1,3,0.4,subgraph_mip,edge_weight,5,343,1105,21,1.9,0.33,0.023,0.219,0.242,192.33,0.8652,1.19,788.33,5.52,584.04,788.33,95.409,28.42,"[584.04, 784.48, 788.33]","[3, 5, 5]",13
assembly_1,3,0.4,subgraph_mip,time_balanced_weight,5,343,1105,44,3.98,0.33,0.025,0.203,0.228,204.17,1.0308,20.57,731.84,-2.05,705.03,731.84,10.969,3.73,"[731.84, 705.03, 719.98]","[3, 5, 5]",13
assembly_1,3,0.4,subgraph_mip,combined,5,343,1105,65,5.88,0.33,0.032,0.455,0.487,95.62,0.8652,1.19,788.33,5.52,584.04,788.33,95.409,28.42,"[584.04, 784.48, 788.33]","[3, 5, 5]",13
assembly_1,3,0.4,subgraph_mip,blended,5,343,1105,21,1.9,0.33,0.026,0.097,0.124,376.71,0.8685,1.58,747.12,0.0,689.75,747.12,23.433,7.98,"[747.12, 689.75, 719.98]","[4, 4, 5]",13
assembly_1,3,0.4,subgraph_mip,blended_union,5,343,1105,60,5.43,0.33,0.058,0.608,0.666,69.98,0.856,0.12,747.12,0.0,680.33,747.12,28.25,9.29,"[747.12, 729.4, 680.33]","[4, 5, 4]",13
assembly_1,3,0.4,subgraph_mip,diverse,5,343,1105,65,5.88,0.33,0.007,1.043,1.049,44.4,0.8599,0.57,758.63,1.54,692.04,758.63,28.646,9.26,"[692.04, 758.63, 706.18]","[4, 4, 5]",13
assembly_1,3,0.4,subgraph_mip,edge_weight,10,343,1105,24,2.17,0.33,0.053,0.24,0.294,158.73,0.8652,1.19,788.33,5.52,584.04,788.33,95.409,28.42,"[584.04, 784.48, 788.33]","[3, 5, 5]",13
assembly_1,3,0.4,subgraph_mip,time_balanced_weight,10,343,1105,57,5.16,0.33,0.045,0.328,0.373,125.07,1.0298,20.45,731.84,-2.05,705.03,731.84,10.969,3.73,"[731.84, 705.03, 719.98]","[3, 5, 5]",13
assembly_1,3,0.4,subgraph_mip,combined,10,343,1105,81,7.33,0.33,0.089,0.577,0.666,69.95,0.8652,1.19,788.33,5.52,584.04,788.33,95.409,28.42,"[584.04, 784.48, 788.33]","[3, 5, 5]",13
assembly_1,3,0.4,subgraph_mip,blended,10,343,1105,26,2.35,0.33,0.054,0.111,0.165,281.95,0.8685,1.58,747.12,0.0,689.75,747.12,23.433,7.98,"[747.12, 689.75, 719.98]","[4, 4, 5]",13
assembly_1,3,0.4,subgraph_mip,blended_union,10,343,1105,75,6.79,0.33,0.115,0.688,0.804,57.97,0.856,0.12,747.12,0.0,680.33,747.12,28.25,9.29,"[747.12, 729.4, 680.33]","[4, 5, 4]",13
assembly_1,3,0.4,subgraph_mip,diverse,10,343,1105,126,11.4,0.33,0.01,0.691,0.701,66.52,0.8595,0.52,758.63,1.54,692.04,758.63,28.646,9.26,"[692.04, 758.63, 706.18]","[4, 4, 5]",13
assembly_1,3,0.4,subgraph_mip,edge_weight,20,343,1105,35,3.17,0.33,0.074,0.49,0.564,82.6,0.8652,1.19,788.33,5.52,584.04,788.33,95.409,28.42,"[584.04, 784.48, 788.33]","[3, 5, 5]",13
assembly_1,3,0.4,subgraph_mip,time_balanced_weight,20,343,1105,73,6.61,0.33,0.118,0.324,0.443,105.3,0.9778,14.36,754.42,0.98,655.31,754.42,45.099,13.79,"[747.12, 655.31, 754.42]","[4, 5, 4]",13
assembly_1,3,0.4,subgraph_mip,combined,20,343,1105,107,9.68,0.33,0.181,1.113,1.294,36.01,0.8652,1.19,788.33,5.52,584.04,788.33,95.409,28.42,"[584.04, 784.48, 788.33]","[3, 5, 5]",13
assembly_1,3,0.4,subgraph_mip,blended,20,343,1105,33,2.99,0.33,0.091,0.09,0.18,258.39,0.8685,1.58,747.12,0.0,689.75,747.12,23.433,7.98,"[747.12, 689.75, 719.98]","[4, 4, 5]",13
assembly_1,3,0.4,subgraph_mip,blended_union,20,343,1105,93,8.42,0.33,0.25,1.007,1.256,37.09,0.856,0.12,747.12,0.0,680.33,747.12,28.25,9.29,"[747.12, 729.4, 680.33]","[4, 5, 4]",13
assembly_1,3,0.4,subgraph_mip,diverse,20,343,1105,239,21.63,0.33,0.026,0.882,0.909,51.28,0.8584,0.39,747.12,0.0,704.18,747.12,19.927,5.97,"[747.12, 705.55, 704.18]","[4, 4, 5]",13
assembly_1,3,0.4,subgraph_mip,edge_weight,50,343,1105,54,4.89,0.33,0.19,0.412,0.602,77.43,0.8632,0.95,780.81,4.51,684,780.81,43.865,13.47,"[692.04, 684, 780.81]","[4, 4, 5]",13
assembly_1,3,0.4,subgraph_mip,time_balanced_weight,50,343,1105,141,12.76,0.33,0.24,1.191,1.431,32.57,0.9766,14.22,731.84,-2.05,711.31,731.84,9.167,2.86,"[731.84, 711.31, 713.7]","[3, 5, 5]",13
assembly_1,3,0.4,subgraph_mip,combined,50,343,1105,190,17.19,0.33,0.382,1.391,1.773,26.28,0.8632,0.95,780.81,4.51,684,780.81,43.865,13.47,"[692.04, 684, 780.81]","[4, 4, 5]",13
assembly_1,3,0.4,subgraph_mip,blended,50,343,1105,56,5.07,0.33,0.185,0.456,0.641,72.69,0.8685,1.58,747.12,0.0,689.75,747.12,23.433,7.98,"[747.12, 689.75, 719.98]","[4, 4, 5]",13
assembly_1,3,0.4,subgraph_mip,blended_union,50,343,1105,146,13.21,0.33,0.532,1.518,2.05,22.74,0.856,0.12,747.12,-0.0,680.33,747.12,28.25,9.29,"[747.12, 729.4, 680.33]","[4, 5, 4]",13
assembly_1,3,0.4,subgraph_mip,diverse,50,343,1105,513,46.43,0.33,0.045,3.118,3.163,14.73,0.8584,0.39,747.12,0.0,704.18,747.12,19.927,5.97,"[747.12, 705.55, 704.18]","[4, 4, 5]",13
assembly_1,3,0.4,subgraph_mip,edge_weight,100,343,1105,78,7.06,0.33,0.367,0.618,0.986,47.28,0.8632,0.95,780.81,4.51,684,780.81,43.865,13.47,"[692.04, 684, 780.81]","[4, 4, 5]",13
assembly_1,3,0.4,subgraph_mip,time_balanced_weight,100,343,1105,189,17.1,0.33,0.498,2.175,2.673,17.43,0.9766,14.22,731.84,-2.05,711.31,731.84,9.167,2.86,"[731.84, 711.31, 713.7]","[3, 5, 5]",13
assembly_1,3,0.4,subgraph_mip,combined,100,343,1105,257,23.26,0.33,0.734,1.674,2.408,19.35,0.8632,0.95,780.81,4.51,684,780.81,43.865,13.47,"[692.04, 684, 780.81]","[4, 4, 5]",13
assembly_1,3,0.4,subgraph_mip,blended,100,343,1105,63,5.7,0.33,0.315,0.508,0.823,56.61,0.8685,1.58,747.12,0.0,689.75,747.12,23.433,7.98,"[747.12, 689.75, 719.98]","[4, 4, 5]",13
assembly_1,3,0.4,subgraph_mip,blended_union,100,343,1105,190,17.19,0.33,0.999,1.358,2.356,19.77,0.856,0.12,747.12,-0.0,680.33,747.12,28.25,9.29,"[747.12, 729.4, 680.33]","[4, 5, 4]",13
assembly_1,3,0.4,subgraph_mip,diverse,100,343,1105,740,66.97,0.33,0.121,7.929,8.05,5.79,0.8584,0.39,747.12,0.0,704.18,747.12,19.927,5.97,"[747.12, 705.55, 704.18]","[4, 4, 5]",13
assembly_1,3,0.4,subgraph_mip,edge_weight,200,343,1105,95,8.6,0.33,0.677,0.813,1.49,31.28,0.8632,0.95,780.81,4.51,684,780.81,43.865,13.47,"[692.04, 684, 780.81]","[4, 4, 5]",13
assembly_1,3,0.4,subgraph_mip,time_balanced_weight,200,343,1105,258,23.35,0.33,0.911,1.652,2.563,18.18,0.9602,12.3,747.12,0.0,696.13,747.12,21.158,7.09,"[747.12, 696.13, 713.6]","[4, 4, 5]",13
assembly_1,3,0.4,subgraph_mip,combined,200,343,1105,339,30.68,0.33,1.532,1.853,3.385,13.76,0.8632,0.95,780.81,4.51,684,780.81,43.865,13.47,"[692.04, 684, 780.81]","[4, 4, 5]",13
assembly_1,3,0.4,subgraph_mip,blended,200,343,1105,90,8.14,0.33,0.832,0.344,1.176,39.62,0.8633,0.97,747.12,0.0,696.13,747.12,21.158,7.09,"[747.12, 696.13, 713.6]","[4, 4, 5]",13
assembly_1,3,0.4,subgraph_mip,blended_union,200,343,1105,203,18.37,0.33,2.077,1.336,3.413,13.65,0.856,0.12,747.12,-0.0,680.33,747.12,28.25,9.29,"[747.12, 729.4, 680.33]","[4, 5, 4]",13
assembly_1,3,0.4,subgraph_mip,diverse,200,343,1105,906,81.99,0.33,0.169,34.793,34.962,1.33,0.8573,0.27,747.12,0.0,680.33,747.12,28.25,9.29,"[747.12, 729.4, 680.33]","[4, 5, 4]",13
assembly_1,3,0.4,subgraph_mip,edge_weight,500,343,1105,108,9.77,0.33,1.598,0.881,2.479,18.8,0.8632,0.95,780.81,4.51,684,780.81,43.865,13.47,"[692.04, 684, 780.81]","[4, 4, 5]",13
assembly_1,3,0.4,subgraph_mip,time_balanced_weight,500,343,1105,399,36.11,0.33,1.794,2.743,4.537,10.27,0.9563,11.85,731.84,-2.05,704.18,731.84,11.37,3.85,"[731.84, 720.83, 704.18]","[3, 5, 5]",13
assembly_1,3,0.4,subgraph_mip,combined,500,343,1105,459,41.54,0.33,3.554,2.551,6.105,7.63,0.8624,0.87,758.63,1.54,692.04,758.63,28.646,9.26,"[692.04, 758.63, 706.18]","[4, 4, 5]",13
assembly_1,3,0.4,subgraph_mip,blended,500,343,1105,147,13.3,0.33,2.072,0.729,2.801,16.64,0.859,0.47,758.63,1.54,692.04,758.63,28.646,9.26,"[692.04, 758.63, 706.18]","[4, 4, 5]",13
assembly_1,3,0.4,subgraph_mip,blended_union,500,343,1105,247,22.35,0.33,5.291,1.43,6.721,6.93,0.856,0.12,747.12,-0.0,680.33,747.12,28.25,9.29,"[747.12, 729.4, 680.33]","[4, 5, 4]",13
assembly_1,3,0.4,subgraph_mip,diverse,500,343,1105,1043,94.39,0.33,0.455,23.95,24.405,1.91,0.8573,0.27,747.12,0.0,680.33,747.12,28.25,9.29,"[747.12, 729.4, 680.33]","[4, 5, 4]",13
assembly_1,3,0.4,subgraph_mip,edge_weight,1000,343,1105,142,12.85,0.33,3.355,1.079,4.434,10.51,0.855,0.0,747.12,-0.0,680.33,747.12,28.25,9.29,"[747.12, 729.4, 680.33]","[4, 5, 4]",13
assembly_1,3,0.4,subgraph_mip,time_balanced_weight,1000,343,1105,500,45.25,0.33,3.882,5.032,8.914,5.23,0.9526,11.41,747.12,0.0,704.18,747.12,19.927,5.97,"[747.12, 705.55, 704.18]","[4, 4, 5]",13
assembly_1,3,0.4,subgraph_mip,combined,1000,343,1105,578,52.31,0.33,7.284,2.703,9.986,4.67,0.855,0.0,747.12,0.0,680.33,747.12,28.25,9.29,"[747.12, 729.4, 680.33]","[4, 5, 4]",13
assembly_1,3,0.4,subgraph_mip,blended,1000,343,1105,168,15.2,0.33,4.08,0.883,4.963,9.39,0.859,0.47,758.63,1.54,692.04,758.63,28.646,9.26,"[692.04, 758.63, 706.18]","[4, 4, 5]",13
assembly_1,3,0.4,subgraph_mip,blended_union,1000,343,1105,284,25.7,0.33,10.964,2.448,13.412,3.47,0.855,0.0,747.12,-0.0,680.33,747.12,28.25,9.29,"[747.12, 729.4, 680.33]","[4, 5, 4]",13
assembly_1,3,0.4,subgraph_mip,diverse,1000,343,1105,1098,99.37,0.33,1.074,21.693,22.768,2.05,0.855,0.0,747.12,0.0,680.33,747.12,28.25,9.29,"[747.12, 729.4, 680.33]","[4, 5, 4]",13
assembly_1,3,0.4,subgraph_mip,edge_weight,2000,343,1105,185,16.74,0.33,7.877,2.111,9.988,4.67,0.855,0.0,747.12,-0.0,680.33,747.12,28.25,9.29,"[747.12, 729.4, 680.33]","[4, 5, 4]",13
assembly_1,3,0.4,subgraph_mip,time_balanced_weight,2000,343,1105,630,57.01,0.33,7.852,5.388,13.239,3.52,0.951,11.23,747.12,0.0,680.33,747.12,28.25,9.29,"[747.12, 729.4, 680.33]","[4, 5, 4]",13
assembly_1,3,0.4,subgraph_mip,combined,2000,343,1105,685,61.99,0.33,16.354,7.577,23.931,1.95,0.855,0.0,747.12,0.0,680.33,747.12,28.25,9.29,"[747.12, 729.4, 680.33]","[4, 5, 4]",13
assembly_1,3,0.4,subgraph_mip,blended,2000,343,1105,198,17.92,0.33,8.527,1.739,10.266,4.54,0.859,0.47,758.63,1.54,692.04,758.63,28.646,9.26,"[692.04, 758.63, 706.18]","[4, 4, 5]",13
assembly_1,3,0.4,subgraph_mip,blended_union,2000,343,1105,335,30.32,0.33,25.175,4.151,29.326,1.59,0.855,0.0,747.12,0.0,680.33,747.12,28.25,9.29,"[747.12, 729.4, 680.33]","[4, 5, 4]",13
assembly_1,3,0.4,subgraph_mip,diverse,2000,343,1105,1105,100.0,0.33,2.072,50.767,52.839,0.88,0.855,0.0,747.12,0.0,680.33,747.12,28.25,9.29,"[747.12, 729.4, 680.33]","[4, 5, 4]",13
assembly_1,3,0.4,subgraph_mip,edge_weight,5000,343,1105,232,21.0,0.33,30.317,2.002,32.319,1.44,0.855,0.0,747.12,-0.0,680.33,747.12,28.25,9.29,"[747.12, 729.4, 680.33]","[4, 5, 4]",13
assembly_1,3,0.4,subgraph_mip,time_balanced_weight,5000,343,1105,799,72.31,0.33,25.638,8.61,34.248,1.36,0.9499,11.1,747.12,0.0,680.33,747.12,28.25,9.29,"[747.12, 729.4, 680.33]","[4, 5, 4]",13
assembly_1,3,0.4,subgraph_mip,combined,5000,343,1105,830,75.11,0.33,57.865,9.013,66.878,0.7,0.855,0.0,747.12,0.0,680.33,747.12,28.25,9.29,"[747.12, 729.4, 680.33]","[4, 5, 4]",13
assembly_1,3,0.4,subgraph_mip,blended,5000,343,1105,219,19.82,0.33,34.731,1.741,36.472,1.28,0.8574,0.28,747.12,-0.0,704.18,747.12,19.927,5.97,"[747.12, 705.55, 704.18]","[4, 4, 5]",13
assembly_1,3,0.4,subgraph_mip,blended_union,5000,343,1105,355,32.13,0.33,93.759,6.535,100.293,0.46,0.855,0.0,747.12,0.0,680.33,747.12,28.25,9.29,"[747.12, 729.4, 680.33]","[4, 5, 4]",13
assembly_1,3,0.4,subgraph_mip,diverse,5000,343,1105,1105,100.0,0.33,5.562,48.864,54.426,0.86,0.855,0.0,747.12,0.0,680.33,747.12,28.25,9.29,"[747.12, 729.4, 680.33]","[4, 5, 4]",13
assembly_1,3,0.45,full_mip,—,,343,1105,1105,100.0,0.374,0.0,23.311,23.311,1.0,0.8559,0.0,747.12,0.0,680.33,747.12,28.25,9.29,"[747.12, 729.4, 680.33]","[4, 5, 4]",13
assembly_1,3,0.45,subgraph_mip,edge_weight,1,343,1105,13,1.18,0.374,0.001,0.055,0.057,412.49,0.871,1.77,792,6.01,584.04,792,95.505,28.93,"[584.04, 792, 780.81]","[3, 5, 5]",13
assembly_1,3,0.45,subgraph_mip,time_balanced_weight,1,343,1105,13,1.18,0.374,0.001,0.028,0.029,809.01,1.0209,19.28,731.84,-2.05,705.03,731.84,10.969,3.73,"[731.84, 705.03, 719.98]","[3, 5, 5]",13
assembly_1,3,0.45,subgraph_mip,combined,1,343,1105,26,2.35,0.374,0.002,0.064,0.066,353.92,0.871,1.77,792,6.01,584.04,792,95.505,28.93,"[584.04, 792, 780.81]","[3, 5, 5]",13
assembly_1,3,0.45,subgraph_mip,blended,1,343,1105,13,1.18,0.374,0.001,0.015,0.016,1493.78,0.8683,1.45,747.12,0.0,689.75,747.12,23.433,7.98,"[747.12, 689.75, 719.98]","[4, 4, 5]",13
assembly_1,3,0.45,subgraph_mip,blended_union,1,343,1105,37,3.35,0.374,0.011,0.463,0.474,49.14,0.8568,0.11,747.12,0.0,680.33,747.12,28.25,9.29,"[747.12, 729.4, 680.33]","[4, 5, 4]",13
assembly_1,3,0.45,subgraph_mip,diverse,1,343,1105,13,1.18,0.374,0.004,0.021,0.025,936.59,0.8683,1.45,747.12,0.0,689.75,747.12,23.433,7.98,"[747.12, 689.75, 719.98]","[4, 4, 5]",13
assembly_1,3,0.45,subgraph_mip,edge_weight,2,343,1105,15,1.36,0.374,0.008,0.027,0.035,667.05,0.8692,1.56,788.33,5.52,584.04,788.33,95.409,28.42,"[584.04, 784.48, 788.33]","[3, 5, 5]",13
assembly_1,3,0.45,subgraph_mip,time_balanced_weight,2,343,1105,15,1.36,0.374,0.012,0.119,0.131,178.1,1.0156,18.66,731.84,-2.05,705.03,731.84,10.969,3.73,"[731.84, 705.03, 719.98]","[3, 5, 5]",13
assembly_1,3,0.45,subgraph_mip,combined,2,343,1105,30,2.71,0.374,0.017,0.223,0.24,97.01,0.8692,1.56,788.33,5.52,584.04,788.33,95.409,28.42,"[584.04, 784.48, 788.33]","[3, 5, 5]",13
assembly_1,3,0.45,subgraph_mip,blended,2,343,1105,15,1.36,0.374,0.004,0.07,0.075,312.72,0.8683,1.45,747.12,0.0,689.75,747.12,23.433,7.98,"[747.12, 689.75, 719.98]","[4, 4, 5]",13
assembly_1,3,0.45,subgraph_mip,blended_union,2,343,1105,42,3.8,0.374,0.019,0.388,0.407,57.27,0.8568,0.11,747.12,0.0,680.33,747.12,28.25,9.29,"[747.12, 729.4, 680.33]","[4, 5, 4]",13
assembly_1,3,0.45,subgraph_mip,diverse,2,343,1105,26,2.35,0.374,0.004,0.044,0.048,484.18,0.8683,1.45,747.12,0.0,689.75,747.12,23.433,7.98,"[747.12, 689.75, 719.98]","[4, 4, 5]",13
assembly_1,3,0.45,subgraph_mip,edge_weight,5,343,1105,21,1.9,0.374,0.013,0.123,0.135,172.06,0.8692,1.56,788.33,5.52,584.04,788.33,95.409,28.42,"[584.04, 784.48, 788.33]","[3, 5, 5]",13
assembly_1,3,0.45,subgraph_mip,time_balanced_weight,5,343,1105,44,3.98,0.374,0.017,0.235,0.252,92.37,1.0156,18.66,731.84,-2.05,705.03,731.84,10.969,3.73,"[731.84, 705.03, 719.98]","[3, 5, 5]",13
assembly_1,3,0.45,subgraph_mip,combined,5,343,1105,65,5.88,0.374,0.048,0.481,0.529,44.04,0.8692,1.56,788.33,5.52,584.04,788.33,95.409,28.42,"[584.04, 784.48, 788.33]","[3, 5, 5]",13
assembly_1,3,0.45,subgraph_mip,blended,5,343,1105,21,1.9,0.374,0.043,0.117,0.16,145.64,0.8683,1.45,747.12,0.0,689.75,747.12,23.433,7.98,"[747.12, 689.75, 719.98]","[4, 4, 5]",13
assembly_1,3,0.45,subgraph_mip,blended_union,5,343,1105,60,5.43,0.374,0.085,1.326,1.411,16.52,0.8568,0.11,747.12,0.0,680.33,747.12,28.25,9.29,"[747.12, 729.4, 680.33]","[4, 5, 4]",13
assembly_1,3,0.45,subgraph_mip,diverse,5,343,1105,65,5.88,0.374,0.013,0.506,0.519,44.9,0.8615,0.66,758.63,1.54,692.04,758.63,28.646,9.26,"[692.04, 758.63, 706.18]","[4, 4, 5]",13
assembly_1,3,0.45,subgraph_mip,edge_weight,10,343,1105,24,2.17,0.374,0.026,0.186,0.212,109.93,0.8692,1.56,788.33,5.52,584.04,788.33,95.409,28.42,"[584.04, 784.48, 788.33]","[3, 5, 5]",13
assembly_1,3,0.45,subgraph_mip,time_balanced_weight,10,343,1105,57,5.16,0.374,0.061,0.308,0.369,63.19,1.0147,18.55,731.84,-2.05,705.03,731.84,10.969,3.73,"[731.84, 705.03, 719.98]","[3, 5, 5]",13
assembly_1,3,0.45,subgraph_mip,combined,10,343,1105,81,7.33,0.374,0.064,0.561,0.625,37.31,0.8692,1.56,788.33,5.52,584.04,788.33,95.409,28.42,"[584.04, 784.48, 788.33]","[3, 5, 5]",13
assembly_1,3,0.45,subgraph_mip,blended,10,343,1105,26,2.35,0.374,0.032,0.157,0.189,123.42,0.8683,1.45,747.12,0.0,689.75,747.12,23.433,7.98,"[747.12, 689.75, 719.98]","[4, 4, 5]",13
assembly_1,3,0.45,subgraph_mip,blended_union,10,343,1105,75,6.79,0.374,0.131,2.068,2.199,10.6,0.8568,0.11,747.12,0.0,680.33,747.12,28.25,9.29,"[747.12, 729.4, 680.33]","[4, 5, 4]",13
assembly_1,3,0.45,subgraph_mip,diverse,10,343,1105,126,11.4,0.374,0.021,0.598,0.619,37.66,0.8611,0.61,758.63,1.54,692.04,758.63,28.646,9.26,"[692.04, 758.63, 706.18]","[4, 4, 5]",13
assembly_1,3,0.45,subgraph_mip,edge_weight,20,343,1105,35,3.17,0.374,0.16,0.658,0.817,28.52,0.8692,1.56,788.33,5.52,584.04,788.33,95.409,28.42,"[584.04, 784.48, 788.33]","[3, 5, 5]",13
assembly_1,3,0.45,subgraph_mip,time_balanced_weight,20,343,1105,73,6.61,0.374,0.226,0.246,0.472,49.41,0.9691,13.23,754.42,0.98,655.31,754.42,45.099,13.79,"[747.12, 655.31, 754.42]","[4, 5, 4]",13
assembly_1,3,0.45,subgraph_mip,combined,20,343,1105,107,9.68,0.374,0.343,0.901,1.244,18.74,0.8692,1.56,788.33,5.52,584.04,788.33,95.409,28.42,"[584.04, 784.48, 788.33]","[3, 5, 5]",13
assembly_1,3,0.45,subgraph_mip,blended,20,343,1105,33,2.99,0.374,0.159,0.176,0.335,69.63,0.8683,1.45,747.12,0.0,689.75,747.12,23.433,7.98,"[747.12, 689.75, 719.98]","[4, 4, 5]",13
assembly_1,3,0.45,subgraph_mip,blended_union,20,343,1105,93,8.42,0.374,0.202,1.018,1.22,19.1,0.8568,0.11,747.12,0.0,680.33,747.12,28.25,9.29,"[747.12, 729.4, 680.33]","[4, 5, 4]",13
assembly_1,3,0.45,subgraph_mip,diverse,20,343,1105,239,21.63,0.374,0.014,0.866,0.88,26.48,0.8607,0.56,758.63,1.54,692.04,758.63,28.646,9.26,"[692.04, 758.63, 706.18]","[4, 4, 5]",13
assembly_1,3,0.45,subgraph_mip,edge_weight,50,343,1105,54,4.89,0.374,0.216,0.465,0.681,34.25,0.8666,1.25,780.81,4.51,684,780.81,43.865,13.47,"[692.04, 684, 780.81]","[4, 4, 5]",13
assembly_1,3,0.45,subgraph_mip,time_balanced_weight,50,343,1105,141,12.76,0.374,0.256,2.69,2.947,7.91,0.9659,12.85,731.84,-2.05,711.31,731.84,9.167,2.86,"[731.84, 711.31, 713.7]","[3, 5, 5]",13
assembly_1,3,0.45,subgraph_mip,combined,50,343,1105,190,17.19,0.374,0.517,1.127,1.643,14.18,0.8666,1.25,780.81,4.51,684,780.81,43.865,13.47,"[692.04, 684, 780.81]","[4, 4, 5]",13
assembly_1,3,0.45,subgraph_mip,blended,50,343,1105,56,5.07,0.374,0.246,0.404,0.65,35.88,0.8683,1.45,747.12,0.0,689.75,747.12,23.433,7.98,"[747.12, 689.75, 719.98]","[4, 4, 5]",13
assembly_1,3,0.45,subgraph_mip,blended_union,50,343,1105,146,13.21,0.374,0.561,2.412,2.973,7.84,0.8568,0.11,747.12,0.0,680.33,747.12,28.25,9.29,"[747.12, 729.4, 680.33]","[4, 5, 4]",13
assembly_1,3,0.45,subgraph_mip,diverse,50,343,1105,511,46.24,0.374,0.037,2.743,2.78,8.38,0.859,0.36,747.12,0.0,704.18,747.12,19.927,5.97,"[747.12, 705.55, 704.18]","[4, 4, 5]",13
assembly_1,3,0.45,subgraph_mip,edge_weight,100,343,1105,78,7.06,0.374,0.345,0.574,0.919,25.37,0.8666,1.25,780.81,4.51,684,780.81,43.865,13.47,"[692.04, 684, 780.81]","[4, 4, 5]",13
assembly_1,3,0.45,subgraph_mip,time_balanced_weight,100,343,1105,189,17.1,0.374,0.475,2.161,2.635,8.85,0.9659,12.85,731.84,-2.05,711.31,731.84,9.167,2.86,"[731.84, 711.31, 713.7]","[3, 5, 5]",13
assembly_1,3,0.45,subgraph_mip,combined,100,343,1105,257,23.26,0.374,0.807,1.511,2.318,10.06,0.8666,1.25,780.81,4.51,684,780.81,43.865,13.47,"[692.04, 684, 780.81]","[4, 4, 5]",13
assembly_1,3,0.45,subgraph_mip,blended,100,343,1105,63,5.7,0.374,0.43,0.589,1.019,22.88,0.8683,1.45,747.12,0.0,689.75,747.12,23.433,7.98,"[747.12, 689.75, 719.98]","[4, 4, 5]",13
assembly_1,3,0.45,subgraph_mip,blended_union,100,343,1105,190,17.19,0.374,1.047,1.242,2.289,10.19,0.8568,0.11,747.12,0.0,680.33,747.12,28.25,9.29,"[747.12, 729.4, 680.33]","[4, 5, 4]",13
assembly_1,3,0.45,subgraph_mip,diverse,100,343,1105,742,67.15,0.374,0.083,21.443,21.526,1.08,0.859,0.36,747.12,0.0,704.18,747.12,19.927,5.97,"[747.12, 705.55, 704.18]","[4, 4, 5]",13
assembly_1,3,0.45,subgraph_mip,edge_weight,200,343,1105,95,8.6,0.374,0.674,0.675,1.35,17.27,0.8666,1.25,780.81,4.51,684,780.81,43.865,13.47,"[692.04, 684, 780.81]","[4, 4, 5]",13
assembly_1,3,0.45,subgraph_mip,time_balanced_weight,200,343,1105,258,23.35,0.374,0.84,3.174,4.014,5.81,0.9523,11.26,747.12,0.0,696.13,747.12,21.158,7.09,"[747.12, 696.13, 713.6]","[4, 4, 5]",13
assembly_1,3,0.45,subgraph_mip,combined,200,343,1105,339,30.68,0.374,1.477,2.763,4.24,5.5,0.8653,1.09,747.12,0.0,696.13,747.12,21.158,7.09,"[747.12, 696.13, 713.6]","[4, 4, 5]",13
assembly_1,3,0.45,subgraph_mip,blended,200,343,1105,64,5.79,0.374,0.83,0.508,1.338,17.42,0.8683,1.45,747.12,0.0,689.75,747.12,23.433,7.98,"[747.12, 689.75, 719.98]","[4, 4, 5]",13
assembly_1,3,0.45,subgraph_mip,blended_union,200,343,1105,203,18.37,0.374,2.258,2.387,4.645,5.02,0.8568,0.11,747.12,0.0,680.33,747.12,28.25,9.29,"[747.12, 729.4, 680.33]","[4, 5, 4]",13
assembly_1,3,0.45,subgraph_mip,diverse,200,343,1105,910,82.35,0.374,0.153,39.162,39.315,0.59,0.8581,0.25,747.12,0.0,704.18,747.12,19.927,5.97,"[747.12, 705.55, 704.18]","[4, 4, 5]",13
assembly_1,3,0.45,subgraph_mip,edge_weight,500,343,1105,108,9.77,0.374,1.676,0.74,2.416,9.65,0.8666,1.25,780.81,4.51,684,780.81,43.865,13.47,"[692.04, 684, 780.81]","[4, 4, 5]",13
assembly_1,3,0.45,subgraph_mip,time_balanced_weight,500,343,1105,399,36.11,0.374,2.011,4.353,6.364,3.66,0.9473,10.68,731.84,-2.05,704.18,731.84,11.37,3.85,"[731.84, 720.83, 704.18]","[3, 5, 5]",13
assembly_1,3,0.45,subgraph_mip,combined,500,343,1105,459,41.54,0.374,3.482,5.203,8.685,2.68,0.8638,0.93,758.63,1.54,692.04,758.63,28.646,9.26,"[692.04, 758.63, 706.18]","[4, 4, 5]",13
assembly_1,3,0.45,subgraph_mip,blended,500,343,1105,137,12.4,0.374,2.002,1.242,3.243,7.19,0.8635,0.89,747.12,0.0,696.13,747.12,21.158,7.09,"[747.12, 696.13, 713.6]","[4, 4, 5]",13
assembly_1,3,0.45,subgraph_mip,blended_union,500,343,1105,247,22.35,0.374,5.631,1.971,7.602,3.07,0.8568,0.11,747.12,0.0,680.33,747.12,28.25,9.29,"[747.12, 729.4, 680.33]","[4, 5, 4]",13
assembly_1,3,0.45,subgraph_mip,diverse,500,343,1105,1044,94.48,0.374,0.517,21.59,22.107,1.05,0.856,0.01,747.12,0.0,680.33,747.12,28.25,9.29,"[747.12, 729.4, 680.33]","[4, 5, 4]",13
assembly_1,3,0.45,subgraph_mip,edge_weight,1000,343,1105,142,12.85,0.374,3.168,1.042,4.21,5.54,0.8559,-0.0,747.12,0.0,680.33,747.12,28.25,9.29,"[747.12, 729.4, 680.33]","[4, 5, 4]",13
assembly_1,3,0.45,subgraph_mip,time_balanced_weight,1000,343,1105,500,45.25,0.374,3.875,6.631,10.506,2.22,0.9453,10.45,747.12,0.0,704.18,747.12,19.927,5.97,"[747.12, 705.55, 704.18]","[4, 4, 5]",13
assembly_1,3,0.45,subgraph_mip,combined,1000,343,1105,578,52.31,0.374,7.252,4.011,11.263,2.07,0.8559,0.0,747.12,0.0,680.33,747.12,28.25,9.29,"[747.12, 729.4, 680.33]","[4, 5, 4]",13
assembly_1,3,0.45,subgraph_mip,blended,1000,343,1105,149,13.48,0.374,4.265,0.595,4.861,4.8,0.8635,0.89,747.12,0.0,696.13,747.12,21.158,7.09,"[747.12, 696.13, 713.6]","[4, 4, 5]",13
assembly_1,3,0.45,subgraph_mip,blended_union,1000,343,1105,284,25.7,0.374,11.853,2.437,14.29,1.63,0.8559,0.0,747.12,0.0,680.33,747.12,28.25,9.29,"[747.12, 729.4, 680.33]","[4, 5, 4]",13
assembly_1,3,0.45,subgraph_mip,diverse,1000,343,1105,1098,99.37,0.374,2.021,19.52,21.54,1.08,0.856,0.01,747.12,0.0,680.33,747.12,28.25,9.29,"[747.12, 729.4, 680.33]","[4, 5, 4]",13
assembly_1,3,0.45,subgraph_mip,edge_weight,2000,343,1105,185,16.74,0.374,8.273,1.139,9.413,2.48,0.8559,-0.0,747.12,0.0,680.33,747.12,28.25,9.29,"[747.12, 729.4, 680.33]","[4, 5, 4]",13
assembly_1,3,0.45,subgraph_mip,time_balanced_weight,2000,343,1105,630,57.01,0.374,7.977,7.98,15.957,1.46,0.9439,10.29,747.12,0.0,680.33,747.12,28.25,9.29,"[747.12, 729.4, 680.33]","[4, 5, 4]",13
assembly_1,3,0.45,subgraph_mip,combined,2000,343,1105,685,61.99,0.374,17.858,5.813,23.672,0.98,0.8559,0.0,747.12,0.0,680.33,747.12,28.25,9.29,"[747.12, 729.4, 680.33]","[4, 5, 4]",13
assembly_1,3,0.45,subgraph_mip,blended,2000,343,1105,199,18.01,0.374,9.546,1.007,10.553,2.21,0.8607,0.56,758.63,1.54,692.04,758.63,28.646,9.26,"[692.04, 758.63, 706.18]","[4, 4, 5]",13
assembly_1,3,0.45,subgraph_mip,blended_union,2000,343,1105,335,30.32,0.374,26.72,3.029,29.75,0.78,0.8559,0.0,747.12,0.0,680.33,747.12,28.25,9.29,"[747.12, 729.4, 680.33]","[4, 5, 4]",13
assembly_1,3,0.45,subgraph_mip,diverse,2000,343,1105,1105,100.0,0.374,2.053,19.87,21.923,1.06,0.8559,0.0,747.12,0.0,680.33,747.12,28.25,9.29,"[747.12, 729.4, 680.33]","[4, 5, 4]",13
assembly_1,3,0.45,subgraph_mip,edge_weight,5000,343,1105,232,21.0,0.374,31.971,1.982,33.952,0.69,0.8559,-0.0,747.12,0.0,680.33,747.12,28.25,9.29,"[747.12, 729.4, 680.33]","[4, 5, 4]",13
assembly_1,3,0.45,subgraph_mip,time_balanced_weight,5000,343,1105,799,72.31,0.374,26.103,9.9,36.003,0.65,0.9429,10.17,747.12,0.0,680.33,747.12,28.25,9.29,"[747.12, 729.4, 680.33]","[4, 5, 4]",13
assembly_1,3,0.45,subgraph_mip,combined,5000,343,1105,830,75.11,0.374,58.584,12.477,71.062,0.33,0.8559,-0.0,747.12,0.0,680.33,747.12,28.25,9.29,"[747.12, 729.4, 680.33]","[4, 5, 4]",13
assembly_1,3,0.45,subgraph_mip,blended,5000,343,1105,218,19.73,0.374,35.437,2.523,37.959,0.61,0.8581,0.25,747.12,0.0,704.18,747.12,19.927,5.97,"[747.12, 705.55, 704.18]","[4, 4, 5]",13
assembly_1,3,0.45,subgraph_mip,blended_union,5000,343,1105,355,32.13,0.374,102.097,4.816,106.913,0.22,0.8559,-0.0,747.12,0.0,680.33,747.12,28.25,9.29,"[747.12, 729.4, 680.33]","[4, 5, 4]",13
assembly_1,3,0.45,subgraph_mip,diverse,5000,343,1105,1105,100.0,0.374,5.525,20.87,26.395,0.88,0.8559,0.0,747.12,0.0,680.33,747.12,28.25,9.29,"[747.12, 729.4, 680.33]","[4, 5, 4]",13
assembly_1,3,0.5,full_mip,—,,343,1105,1105,100.0,0.309,0.0,46.232,46.232,1.0,0.8568,0.0,747.12,0.0,680.33,747.12,28.25,9.29,"[747.12, 729.4, 680.33]","[4, 5, 4]",13
assembly_1,3,0.5,subgraph_mip,edge_weight,1,343,1105,13,1.18,0.309,0.003,0.076,0.079,583.2,0.8752,2.16,792,6.01,584.04,792,95.505,28.93,"[584.04, 792, 780.81]","[3, 5, 5]",13
assembly_1,3,0.5,subgraph_mip,time_balanced_weight,1,343,1105,13,1.18,0.309,0.002,0.09,0.092,500.8,1.0052,17.32,731.84,-2.05,705.03,731.84,10.969,3.73,"[731.84, 705.03, 719.98]","[3, 5, 5]",13
assembly_1,3,0.5,subgraph_mip,combined,1,343,1105,26,2.35,0.309,0.005,0.138,0.143,323.62,0.8752,2.16,792,6.01,584.04,792,95.505,28.93,"[584.04, 792, 780.81]","[3, 5, 5]",13
assembly_1,3,0.5,subgraph_mip,blended,1,343,1105,13,1.18,0.309,0.004,0.034,0.038,1231.72,0.868,1.32,747.12,-0.0,689.75,747.12,23.433,7.98,"[747.12, 689.75, 719.98]","[4, 4, 5]",13
assembly_1,3,0.5,subgraph_mip,blended_union,1,343,1105,37,3.35,0.309,0.029,0.618,0.647,71.5,0.8576,0.1,747.12,0.0,680.33,747.12,28.25,9.29,"[747.12, 729.4, 680.33]","[4, 5, 4]",13
assembly_1,3,0.5,subgraph_mip,diverse,1,343,1105,13,1.18,0.309,0.011,0.026,0.037,1237.19,0.868,1.32,747.12,-0.0,689.75,747.12,23.433,7.98,"[747.12, 689.75, 719.98]","[4, 4, 5]",13
assembly_1,3,0.5,subgraph_mip,edge_weight,2,343,1105,15,1.36,0.309,0.008,0.088,0.095,484.93,0.8732,1.92,788.33,5.52,584.04,788.33,95.409,28.42,"[584.04, 784.48, 788.33]","[3, 5, 5]",13
assembly_1,3,0.5,subgraph_mip,time_balanced_weight,2,343,1105,15,1.36,0.309,0.014,0.041,0.055,842.62,1.0004,16.76,731.84,-2.05,705.03,731.84,10.969,3.73,"[731.84, 705.03, 719.98]","[3, 5, 5]",13
assembly_1,3,0.5,subgraph_mip,combined,2,343,1105,30,2.71,0.309,0.019,0.133,0.152,303.78,0.8732,1.92,788.33,5.52,584.04,788.33,95.409,28.42,"[584.04, 784.48, 788.33]","[3, 5, 5]",13
assembly_1,3,0.5,subgraph_mip,blended,2,343,1105,15,1.36,0.309,0.009,0.059,0.068,679.79,0.868,1.32,747.12,-0.0,689.75,747.12,23.433,7.98,"[747.12, 689.75, 719.98]","[4, 4, 5]",13
assembly_1,3,0.5,subgraph_mip,blended_union,2,343,1105,42,3.8,0.309,0.046,0.618,0.663,69.68,0.8576,0.1,747.12,0.0,680.33,747.12,28.25,9.29,"[747.12, 729.4, 680.33]","[4, 5, 4]",13
assembly_1,3,0.5,subgraph_mip,diverse,2,343,1105,26,2.35,0.309,0.011,0.038,0.049,951.13,0.868,1.32,747.12,0.0,689.75,747.12,23.433,7.98,"[747.12, 689.75, 719.98]","[4, 4, 5]",13
assembly_1,3,0.5,subgraph_mip,edge_weight,5,343,1105,21,1.9,0.309,0.013,0.211,0.224,206.84,0.8732,1.92,788.33,5.52,584.04,788.33,95.409,28.42,"[584.04, 784.48, 788.33]","[3, 5, 5]",13
assembly_1,3,0.5,subgraph_mip,time_balanced_weight,5,343,1105,44,3.98,0.309,0.018,0.3,0.317,145.65,1.0004,16.76,731.84,-2.05,705.03,731.84,10.969,3.73,"[731.84, 705.03, 719.98]","[3, 5, 5]",13
assembly_1,3,0.5,subgraph_mip,combined,5,343,1105,65,5.88,0.309,0.031,0.205,0.236,195.8,0.8732,1.92,788.33,5.52,584.04,788.33,95.409,28.42,"[584.04, 784.48, 788.33]","[3, 5, 5]",13
assembly_1,3,0.5,subgraph_mip,blended,5,343,1105,21,1.9,0.309,0.019,0.219,0.238,194.35,0.868,1.32,747.12,0.0,689.75,747.12,23.433,7.98,"[747.12, 689.75, 719.98]","[4, 4, 5]",13
assembly_1,3,0.5,subgraph_mip,blended_union,5,343,1105,60,5.43,0.309,0.046,0.965,1.011,45.72,0.8576,0.1,747.12,0.0,680.33,747.12,28.25,9.29,"[747.12, 729.4, 680.33]","[4, 5, 4]",13
assembly_1,3,0.5,subgraph_mip,diverse,5,343,1105,65,5.88,0.309,0.007,0.643,0.649,71.2,0.8631,0.74,758.63,1.54,692.04,758.63,28.646,9.26,"[692.04, 758.63, 706.18]","[4, 4, 5]",13
assembly_1,3,0.5,subgraph_mip,edge_weight,10,343,1105,24,2.17,0.309,0.032,0.183,0.215,214.71,0.8732,1.92,788.33,5.52,584.04,788.33,95.409,28.42,"[584.04, 784.48, 788.33]","[3, 5, 5]",13
assembly_1,3,0.5,subgraph_mip,time_balanced_weight,10,343,1105,57,5.16,0.309,0.039,0.685,0.723,63.9,0.9995,16.66,731.84,-2.05,705.03,731.84,10.969,3.73,"[731.84, 705.03, 719.98]","[3, 5, 5]",13
assembly_1,3,0.5,subgraph_mip,combined,10,343,1105,81,7.33,0.309,0.096,0.282,0.378,122.26,0.8732,1.92,788.33,5.52,584.04,788.33,95.409,28.42,"[584.04, 784.48, 788.33]","[3, 5, 5]",13
assembly_1,3,0.5,subgraph_mip,blended,10,343,1105,26,2.35,0.309,0.039,0.254,0.293,157.67,0.868,1.32,747.12,0.0,689.75,747.12,23.433,7.98,"[747.12, 689.75, 719.98]","[4, 4, 5]",13
assembly_1,3,0.5,subgraph_mip,blended_union,10,343,1105,75,6.79,0.309,0.117,0.354,0.471,98.15,0.8576,0.1,747.12,0.0,680.33,747.12,28.25,9.29,"[747.12, 729.4, 680.33]","[4, 5, 4]",13
assembly_1,3,0.5,subgraph_mip,diverse,10,343,1105,126,11.4,0.309,0.009,0.859,0.868,53.24,0.8627,0.69,758.63,1.54,692.04,758.63,28.646,9.26,"[692.04, 758.63, 706.18]","[4, 4, 5]",13
assembly_1,3,0.5,subgraph_mip,edge_weight,20,343,1105,35,3.17,0.309,0.072,0.548,0.619,74.66,0.8732,1.92,788.33,5.52,584.04,788.33,95.409,28.42,"[584.04, 784.48, 788.33]","[3, 5, 5]",13
assembly_1,3,0.5,subgraph_mip,time_balanced_weight,20,343,1105,73,6.61,0.309,0.096,0.344,0.44,105.19,0.9605,12.11,754.42,0.98,655.31,754.42,45.099,13.79,"[747.12, 655.31, 754.42]","[4, 5, 4]",13
assembly_1,3,0.5,subgraph_mip,combined,20,343,1105,107,9.68,0.309,0.178,1.836,2.014,22.95,0.8732,1.92,788.33,5.52,584.04,788.33,95.409,28.42,"[584.04, 784.48, 788.33]","[3, 5, 5]",13
assembly_1,3,0.5,subgraph_mip,blended,20,343,1105,33,2.99,0.309,0.097,0.239,0.335,137.87,0.868,1.32,747.12,0.0,689.75,747.12,23.433,7.98,"[747.12, 689.75, 719.98]","[4, 4, 5]",13
assembly_1,3,0.5,subgraph_mip,blended_union,20,343,1105,93,8.42,0.309,0.196,2.6,2.796,16.54,0.8576,0.1,747.12,0.0,680.33,747.12,28.25,9.29,"[747.12, 729.4, 680.33]","[4, 5, 4]",13
assembly_1,3,0.5,subgraph_mip,diverse,20,343,1105,239,21.63,0.309,0.028,0.867,0.895,51.67,0.8623,0.65,758.63,1.54,692.04,758.63,28.646,9.26,"[692.04, 758.63, 706.18]","[4, 4, 5]",13
assembly_1,3,0.5,subgraph_mip,edge_weight,50,343,1105,54,4.89,0.309,0.189,0.949,1.138,40.64,0.8701,1.55,780.81,4.51,684,780.81,43.865,13.47,"[692.04, 684, 780.81]","[4, 4, 5]",13
assembly_1,3,0.5,subgraph_mip,time_balanced_weight,50,343,1105,141,12.76,0.309,0.26,1.618,1.878,24.61,0.9552,11.49,731.84,-2.05,711.31,731.84,9.167,2.86,"[731.84, 711.31, 713.7]","[3, 5, 5]",13
assembly_1,3,0.5,subgraph_mip,combined,50,343,1105,190,17.19,0.309,0.37,1.205,1.575,29.35,0.8701,1.55,780.81,4.51,684,780.81,43.865,13.47,"[692.04, 684, 780.81]","[4, 4, 5]",13
assembly_1,3,0.5,subgraph_mip,blended,50,343,1105,56,5.07,0.309,0.238,0.416,0.654,70.64,0.868,1.32,747.12,0.0,689.75,747.12,23.433,7.98,"[747.12, 689.75, 719.98]","[4, 4, 5]",13
assembly_1,3,0.5,subgraph_mip,blended_union,50,343,1105,146,13.21,0.309,0.542,0.93,1.472,31.41,0.8576,0.1,747.12,0.0,680.33,747.12,28.25,9.29,"[747.12, 729.4, 680.33]","[4, 5, 4]",13
assembly_1,3,0.5,subgraph_mip,diverse,50,343,1105,512,46.33,0.309,0.027,8.856,8.883,5.2,0.8596,0.33,747.12,0.0,704.18,747.12,19.927,5.97,"[747.12, 705.55, 704.18]","[4, 4, 5]",13
assembly_1,3,0.5,subgraph_mip,edge_weight,100,343,1105,78,7.06,0.309,0.403,0.516,0.919,50.33,0.8701,1.55,780.81,4.51,684,780.81,43.865,13.47,"[692.04, 684, 780.81]","[4, 4, 5]",13
assembly_1,3,0.5,subgraph_mip,time_balanced_weight,100,343,1105,189,17.1,0.309,0.656,3.238,3.894,11.87,0.9552,11.49,731.84,-2.05,711.31,731.84,9.167,2.86,"[731.84, 711.31, 713.7]","[3, 5, 5]",13
assembly_1,3,0.5,subgraph_mip,combined,100,343,1105,257,23.26,0.309,0.848,1.479,2.327,19.86,0.8701,1.55,780.81,4.51,684,780.81,43.865,13.47,"[692.04, 684, 780.81]","[4, 4, 5]",13
assembly_1,3,0.5,subgraph_mip,blended,100,343,1105,63,5.7,0.309,0.377,0.512,0.888,52.05,0.868,1.32,747.12,0.0,689.75,747.12,23.433,7.98,"[747.12, 689.75, 719.98]","[4, 4, 5]",13
assembly_1,3,0.5,subgraph_mip,blended_union,100,343,1105,190,17.19,0.309,1.114,1.308,2.421,19.09,0.8576,0.1,747.12,0.0,680.33,747.12,28.25,9.29,"[747.12, 729.4, 680.33]","[4, 5, 4]",13
assembly_1,3,0.5,subgraph_mip,diverse,100,343,1105,746,67.51,0.309,0.089,17.284,17.372,2.66,0.8596,0.33,747.12,0.0,704.18,747.12,19.927,5.97,"[747.12, 705.55, 704.18]","[4, 4, 5]",13
assembly_1,3,0.5,subgraph_mip,edge_weight,200,343,1105,95,8.6,0.309,0.692,0.79,1.482,31.2,0.8701,1.55,780.81,4.51,684,780.81,43.865,13.47,"[692.04, 684, 780.81]","[4, 4, 5]",13
assembly_1,3,0.5,subgraph_mip,time_balanced_weight,200,343,1105,258,23.35,0.309,0.886,1.708,2.594,17.82,0.9444,10.23,747.12,0.0,696.13,747.12,21.158,7.09,"[747.12, 696.13, 713.6]","[4, 4, 5]",13
assembly_1,3,0.5,subgraph_mip,combined,200,343,1105,339,30.68,0.309,1.538,1.506,3.044,15.19,0.8653,0.99,747.12,0.0,696.13,747.12,21.158,7.09,"[747.12, 696.13, 713.6]","[4, 4, 5]",13
assembly_1,3,0.5,subgraph_mip,blended,200,343,1105,64,5.79,0.309,0.895,0.47,1.366,33.85,0.868,1.32,747.12,0.0,689.75,747.12,23.433,7.98,"[747.12, 689.75, 719.98]","[4, 4, 5]",13
assembly_1,3,0.5,subgraph_mip,blended_union,200,343,1105,203,18.37,0.309,2.216,1.381,3.597,12.85,0.8576,0.1,747.12,0.0,680.33,747.12,28.25,9.29,"[747.12, 729.4, 680.33]","[4, 5, 4]",13
assembly_1,3,0.5,subgraph_mip,diverse,200,343,1105,909,82.26,0.309,0.174,14.612,14.786,3.13,0.8568,0.0,747.12,0.0,680.33,747.12,28.25,9.29,"[747.12, 729.4, 680.33]","[4, 5, 4]",13
assembly_1,3,0.5,subgraph_mip,edge_weight,500,343,1105,108,9.77,0.309,1.606,0.725,2.331,19.84,0.8701,1.55,780.81,4.51,684,780.81,43.865,13.47,"[692.04, 684, 780.81]","[4, 4, 5]",13
assembly_1,3,0.5,subgraph_mip,time_balanced_weight,500,343,1105,399,36.11,0.309,1.969,7.959,9.928,4.66,0.9383,9.51,731.84,-2.05,704.18,731.84,11.37,3.85,"[731.84, 720.83, 704.18]","[3, 5, 5]",13
assembly_1,3,0.5,subgraph_mip,combined,500,343,1105,459,41.54,0.309,3.484,4.456,7.94,5.82,0.8652,0.98,758.63,1.54,692.04,758.63,28.646,9.26,"[692.04, 758.63, 706.18]","[4, 4, 5]",13
assembly_1,3,0.5,subgraph_mip,blended,500,343,1105,120,10.86,0.309,2.156,0.829,2.985,15.49,0.8637,0.81,747.12,0.0,696.13,747.12,21.158,7.09,"[747.12, 696.13, 713.6]","[4, 4, 5]",13
assembly_1,3,0.5,subgraph_mip,blended_union,500,343,1105,247,22.35,0.309,5.31,1.939,7.249,6.38,0.8576,0.1,747.12,0.0,680.33,747.12,28.25,9.29,"[747.12, 729.4, 680.33]","[4, 5, 4]",13
assembly_1,3,0.5,subgraph_mip,diverse,500,343,1105,1044,94.48,0.309,0.488,12.823,13.311,3.47,0.8568,0.0,747.12,0.0,680.33,747.12,28.25,9.29,"[747.12, 729.4, 680.33]","[4, 5, 4]",13
assembly_1,3,0.5,subgraph_mip,edge_weight,1000,343,1105,142,12.85,0.309,3.447,0.84,4.287,10.78,0.8568,-0.0,747.12,0.0,680.33,747.12,28.25,9.29,"[747.12, 729.4, 680.33]","[4, 5, 4]",13
assembly_1,3,0.5,subgraph_mip,time_balanced_weight,1000,343,1105,500,45.25,0.309,3.932,6.708,10.64,4.35,0.9381,9.49,747.12,0.0,704.18,747.12,19.927,5.97,"[747.12, 705.55, 704.18]","[4, 4, 5]",13
assembly_1,3,0.5,subgraph_mip,combined,1000,343,1105,578,52.31,0.309,7.358,5.305,12.662,3.65,0.8568,-0.0,747.12,0.0,680.33,747.12,28.25,9.29,"[747.12, 729.4, 680.33]","[4, 5, 4]",13
assembly_1,3,0.5,subgraph_mip,blended,1000,343,1105,148,13.39,0.309,4.348,1.013,5.361,8.62,0.8637,0.81,747.12,0.0,696.13,747.12,21.158,7.09,"[747.12, 696.13, 713.6]","[4, 4, 5]",13
assembly_1,3,0.5,subgraph_mip,blended_union,1000,343,1105,284,25.7,0.309,11.008,2.531,13.539,3.41,0.8568,0.0,747.12,0.0,680.33,747.12,28.25,9.29,"[747.12, 729.4, 680.33]","[4, 5, 4]",13
assembly_1,3,0.5,subgraph_mip,diverse,1000,343,1105,1099,99.46,0.309,1.363,40.83,42.193,1.1,0.8568,0.0,747.12,0.0,680.33,747.12,28.25,9.29,"[747.12, 729.4, 680.33]","[4, 5, 4]",13
assembly_1,3,0.5,subgraph_mip,edge_weight,2000,343,1105,185,16.74,0.309,7.885,1.374,9.26,4.99,0.8568,0.0,747.12,0.0,680.33,747.12,28.25,9.29,"[747.12, 729.4, 680.33]","[4, 5, 4]",13
assembly_1,3,0.5,subgraph_mip,time_balanced_weight,2000,343,1105,630,57.01,0.309,9.691,15.497,25.188,1.84,0.9368,9.34,747.12,0.0,680.33,747.12,28.25,9.29,"[747.12, 729.4, 680.33]","[4, 5, 4]",13
assembly_1,3,0.5,subgraph_mip,combined,2000,343,1105,685,61.99,0.309,16.22,9.986,26.205,1.76,0.8568,0.0,747.12,0.0,680.33,747.12,28.25,9.29,"[747.12, 729.4, 680.33]","[4, 5, 4]",13
assembly_1,3,0.5,subgraph_mip,blended,2000,343,1105,179,16.2,0.309,9.876,0.658,10.534,4.39,0.8637,0.81,747.12,0.0,696.13,747.12,21.158,7.09,"[747.12, 696.13, 713.6]","[4, 4, 5]",13
assembly_1,3,0.5,subgraph_mip,blended_union,2000,343,1105,335,30.32,0.309,26.866,4.003,30.87,1.5,0.8568,0.0,747.12,0.0,680.33,747.12,28.25,9.29,"[747.12, 729.4, 680.33]","[4, 5, 4]",13
assembly_1,3,0.5,subgraph_mip,diverse,2000,343,1105,1105,100.0,0.309,2.251,41.845,44.096,1.05,0.8568,0.0,747.12,0.0,680.33,747.12,28.25,9.29,"[747.12, 729.4, 680.33]","[4, 5, 4]",13
assembly_1,3,0.5,subgraph_mip,edge_weight,5000,343,1105,232,21.0,0.309,30.828,2.571,33.399,1.38,0.8568,-0.0,747.12,0.0,680.33,747.12,28.25,9.29,"[747.12, 729.4, 680.33]","[4, 5, 4]",13
assembly_1,3,0.5,subgraph_mip,time_balanced_weight,5000,343,1105,799,72.31,0.309,27.483,33.626,61.109,0.76,0.9359,9.23,747.12,0.0,680.33,747.12,28.25,9.29,"[747.12, 729.4, 680.33]","[4, 5, 4]",13
assembly_1,3,0.5,subgraph_mip,combined,5000,343,1105,830,75.11,0.309,61.329,13.444,74.774,0.62,0.8568,0.0,747.12,0.0,680.33,747.12,28.25,9.29,"[747.12, 729.4, 680.33]","[4, 5, 4]",13
assembly_1,3,0.5,subgraph_mip,blended,5000,343,1105,218,19.73,0.309,36.82,1.615,38.436,1.2,0.8587,0.23,747.12,0.0,704.18,747.12,19.927,5.97,"[747.12, 705.55, 704.18]","[4, 4, 5]",13
assembly_1,3,0.5,subgraph_mip,blended_union,5000,343,1105,355,32.13,0.309,107.745,3.528,111.274,0.42,0.8568,0.0,747.12,0.0,680.33,747.12,28.25,9.29,"[747.12, 729.4, 680.33]","[4, 5, 4]",13
assembly_1,3,0.5,subgraph_mip,diverse,5000,343,1105,1105,100.0,0.309,5.368,34.332,39.701,1.16,0.8568,0.0,747.12,0.0,680.33,747.12,28.25,9.29,"[747.12, 729.4, 680.33]","[4, 5, 4]",13
assembly_1,3,0.55,full_mip,—,,343,1105,1105,100.0,0.374,0.0,35.698,35.698,1.0,0.8576,0.0,747.12,0.0,680.33,747.12,28.25,9.29,"[747.12, 729.4, 680.33]","[4, 5, 4]",13
assembly_1,3,0.55,subgraph_mip,edge_weight,1,343,1105,13,1.18,0.374,0.002,0.05,0.051,697.29,0.8795,2.55,792,6.01,584.04,792,95.505,28.93,"[584.04, 792, 780.81]","[3, 5, 5]",13
assembly_1,3,0.55,subgraph_mip,time_balanced_weight,1,343,1105,13,1.18,0.374,0.001,0.029,0.03,1171.38,0.9894,15.37,731.84,-2.05,705.03,731.84,10.969,3.73,"[731.84, 705.03, 719.98]","[3, 5, 5]",13
assembly_1,3,0.55,subgraph_mip,combined,1,343,1105,26,2.35,0.374,0.002,0.141,0.143,249.71,0.8795,2.55,792,6.01,584.04,792,95.505,28.93,"[584.04, 792, 780.81]","[3, 5, 5]",13
assembly_1,3,0.55,subgraph_mip,blended,1,343,1105,13,1.18,0.374,0.001,0.015,0.016,2237.95,0.8678,1.18,747.12,0.0,689.75,747.12,23.433,7.98,"[747.12, 689.75, 719.98]","[4, 4, 5]",13
assembly_1,3,0.55,subgraph_mip,blended_union,1,343,1105,37,3.35,0.374,0.012,0.557,0.568,62.81,0.8584,0.09,747.12,0.0,680.33,747.12,28.25,9.29,"[747.12, 729.4, 680.33]","[4, 5, 4]",13
assembly_1,3,0.55,subgraph_mip,diverse,1,343,1105,13,1.18,0.374,0.007,0.033,0.041,878.51,0.8678,1.18,747.12,0.0,689.75,747.12,23.433,7.98,"[747.12, 689.75, 719.98]","[4, 4, 5]",13
assembly_1,3,0.55,subgraph_mip,edge_weight,2,343,1105,15,1.36,0.374,0.007,0.186,0.193,184.7,0.8772,2.28,788.33,5.52,584.04,788.33,95.409,28.42,"[584.04, 784.48, 788.33]","[3, 5, 5]",13
assembly_1,3,0.55,subgraph_mip,time_balanced_weight,2,343,1105,15,1.36,0.374,0.005,0.137,0.142,250.55,0.9851,14.86,731.84,-2.05,705.03,731.84,10.969,3.73,"[731.84, 705.03, 719.98]","[3, 5, 5]",13
assembly_1,3,0.55,subgraph_mip,combined,2,343,1105,30,2.71,0.374,0.009,0.209,0.219,163.2,0.8772,2.28,788.33,5.52,584.04,788.33,95.409,28.42,"[584.04, 784.48, 788.33]","[3, 5, 5]",13
assembly_1,3,0.55,subgraph_mip,blended,2,343,1105,15,1.36,0.374,0.004,0.063,0.068,526.84,0.8678,1.18,747.12,0.0,689.75,747.12,23.433,7.98,"[747.12, 689.75, 719.98]","[4, 4, 5]",13
assembly_1,3,0.55,subgraph_mip,blended_union,2,343,1105,42,3.8,0.374,0.035,0.601,0.636,56.1,0.8584,0.09,747.12,0.0,680.33,747.12,28.25,9.29,"[747.12, 729.4, 680.33]","[4, 5, 4]",13
assembly_1,3,0.55,subgraph_mip,diverse,2,343,1105,26,2.35,0.374,0.012,0.423,0.435,82.05,0.8678,1.18,747.12,0.0,689.75,747.12,23.433,7.98,"[747.12, 689.75, 719.98]","[4, 4, 5]",13
assembly_1,3,0.55,subgraph_mip,edge_weight,5,343,1105,21,1.9,0.374,0.023,0.11,0.133,268.03,0.8772,2.28,788.33,5.52,584.04,788.33,95.409,28.42,"[584.04, 784.48, 788.33]","[3, 5, 5]",13
assembly_1,3,0.55,subgraph_mip,time_balanced_weight,5,343,1105,44,3.98,0.374,0.02,0.246,0.266,134.1,0.9851,14.86,731.84,-2.05,705.03,731.84,10.969,3.73,"[731.84, 705.03, 719.98]","[3, 5, 5]",13
assembly_1,3,0.55,subgraph_mip,combined,5,343,1105,65,5.88,0.374,0.03,0.533,0.562,63.47,0.8772,2.28,788.33,5.52,584.04,788.33,95.409,28.42,"[584.04, 784.48, 788.33]","[3, 5, 5]",13
assembly_1,3,0.55,subgraph_mip,blended,5,343,1105,21,1.9,0.374,0.02,0.127,0.147,242.7,0.8678,1.18,747.12,0.0,689.75,747.12,23.433,7.98,"[747.12, 689.75, 719.98]","[4, 4, 5]",13
assembly_1,3,0.55,subgraph_mip,blended_union,5,343,1105,60,5.43,0.374,0.068,1.141,1.209,29.54,0.8584,0.09,747.12,0.0,680.33,747.12,28.25,9.29,"[747.12, 729.4, 680.33]","[4, 5, 4]",13
assembly_1,3,0.55,subgraph_mip,diverse,5,343,1105,65,5.88,0.374,0.006,0.279,0.286,125.01,0.8678,1.18,747.12,0.0,689.75,747.12,23.433,7.98,"[747.12, 689.75, 719.98]","[4, 4, 5]",13
assembly_1,3,0.55,subgraph_mip,edge_weight,10,343,1105,24,2.17,0.374,0.027,0.235,0.263,135.9,0.8772,2.28,788.33,5.52,584.04,788.33,95.409,28.42,"[584.04, 784.48, 788.33]","[3, 5, 5]",13
assembly_1,3,0.55,subgraph_mip,time_balanced_weight,10,343,1105,57,5.16,0.374,0.06,0.391,0.451,79.16,0.9843,14.77,731.84,-2.05,705.03,731.84,10.969,3.73,"[731.84, 705.03, 719.98]","[3, 5, 5]",13
assembly_1,3,0.55,subgraph_mip,combined,10,343,1105,81,7.33,0.374,0.098,0.524,0.622,57.39,0.8772,2.28,788.33,5.52,584.04,788.33,95.409,28.42,"[584.04, 784.48, 788.33]","[3, 5, 5]",13
assembly_1,3,0.55,subgraph_mip,blended,10,343,1105,26,2.35,0.374,0.032,0.254,0.285,125.2,0.8678,1.18,747.12,0.0,689.75,747.12,23.433,7.98,"[747.12, 689.75, 719.98]","[4, 4, 5]",13
assembly_1,3,0.55,subgraph_mip,blended_union,10,343,1105,75,6.79,0.374,0.145,0.351,0.495,72.08,0.8584,0.09,747.12,0.0,680.33,747.12,28.25,9.29,"[747.12, 729.4, 680.33]","[4, 5, 4]",13
assembly_1,3,0.55,subgraph_mip,diverse,10,343,1105,126,11.4,0.374,0.01,0.607,0.616,57.93,0.8678,1.18,747.12,0.0,689.75,747.12,23.433,7.98,"[747.12, 689.75, 719.98]","[4, 4, 5]",13
assembly_1,3,0.55,subgraph_mip,edge_weight,20,343,1105,35,3.17,0.374,0.107,1.084,1.191,29.98,0.8772,2.28,788.33,5.52,584.04,788.33,95.409,28.42,"[584.04, 784.48, 788.33]","[3, 5, 5]",13
assembly_1,3,0.55,subgraph_mip,time_balanced_weight,20,343,1105,73,6.61,0.374,0.076,0.97,1.047,34.11,0.9518,10.98,754.42,0.98,655.31,754.42,45.099,13.79,"[747.12, 655.31, 754.42]","[4, 5, 4]",13
assembly_1,3,0.55,subgraph_mip,combined,20,343,1105,107,9.68,0.374,0.194,0.565,0.759,47.03,0.8772,2.28,788.33,5.52,584.04,788.33,95.409,28.42,"[584.04, 784.48, 788.33]","[3, 5, 5]",13
assembly_1,3,0.55,subgraph_mip,blended,20,343,1105,33,2.99,0.374,0.076,0.127,0.203,176.09,0.8678,1.18,747.12,0.0,689.75,747.12,23.433,7.98,"[747.12, 689.75, 719.98]","[4, 4, 5]",13
assembly_1,3,0.55,subgraph_mip,blended_union,20,343,1105,93,8.42,0.374,0.854,0.752,1.607,22.22,0.8584,0.09,747.12,0.0,680.33,747.12,28.25,9.29,"[747.12, 729.4, 680.33]","[4, 5, 4]",13
assembly_1,3,0.55,subgraph_mip,diverse,20,343,1105,239,21.63,0.374,0.127,0.706,0.833,42.84,0.864,0.74,747.12,0.0,696.13,747.12,21.158,7.09,"[747.12, 696.13, 713.6]","[4, 4, 5]",13
assembly_1,3,0.55,subgraph_mip,edge_weight,50,343,1105,54,4.89,0.374,0.191,0.609,0.8,44.62,0.8735,1.85,780.81,4.51,684,780.81,43.865,13.47,"[692.04, 684, 780.81]","[4, 4, 5]",13
assembly_1,3,0.55,subgraph_mip,time_balanced_weight,50,343,1105,141,12.76,0.374,0.252,1.382,1.633,21.86,0.9444,10.12,731.84,-2.05,711.31,731.84,9.167,2.86,"[731.84, 711.31, 713.7]","[3, 5, 5]",13
assembly_1,3,0.55,subgraph_mip,combined,50,343,1105,190,17.19,0.374,0.45,1.679,2.129,16.76,0.8735,1.85,780.81,4.51,684,780.81,43.865,13.47,"[692.04, 684, 780.81]","[4, 4, 5]",13
assembly_1,3,0.55,subgraph_mip,blended,50,343,1105,56,5.07,0.374,0.246,0.319,0.565,63.23,0.8678,1.18,747.12,0.0,689.75,747.12,23.433,7.98,"[747.12, 689.75, 719.98]","[4, 4, 5]",13
assembly_1,3,0.55,subgraph_mip,blended_union,50,343,1105,146,13.21,0.374,0.545,0.886,1.431,24.95,0.8584,0.09,747.12,0.0,680.33,747.12,28.25,9.29,"[747.12, 729.4, 680.33]","[4, 5, 4]",13
assembly_1,3,0.55,subgraph_mip,diverse,50,343,1105,511,46.24,0.374,0.052,4.538,4.591,7.78,0.8602,0.29,747.12,0.0,704.18,747.12,19.927,5.97,"[747.12, 705.55, 704.18]","[4, 4, 5]",13
assembly_1,3,0.55,subgraph_mip,edge_weight,100,343,1105,78,7.06,0.374,0.308,0.363,0.671,53.21,0.8735,1.85,780.81,4.51,684,780.81,43.865,13.47,"[692.04, 684, 780.81]","[4, 4, 5]",13
assembly_1,3,0.55,subgraph_mip,time_balanced_weight,100,343,1105,189,17.1,0.374,0.433,2.782,3.215,11.1,0.9444,10.12,731.84,-2.05,711.31,731.84,9.167,2.86,"[731.84, 711.31, 713.7]","[3, 5, 5]",13
assembly_1,3,0.55,subgraph_mip,combined,100,343,1105,257,23.26,0.374,0.776,3.019,3.795,9.41,0.8735,1.85,780.81,4.51,684,780.81,43.865,13.47,"[692.04, 684, 780.81]","[4, 4, 5]",13
assembly_1,3,0.55,subgraph_mip,blended,100,343,1105,63,5.7,0.374,0.415,0.385,0.8,44.64,0.8678,1.18,747.12,0.0,689.75,747.12,23.433,7.98,"[747.12, 689.75, 719.98]","[4, 4, 5]",13
assembly_1,3,0.55,subgraph_mip,blended_union,100,343,1105,190,17.19,0.374,1.061,1.094,2.155,16.57,0.8584,0.09,747.12,0.0,680.33,747.12,28.25,9.29,"[747.12, 729.4, 680.33]","[4, 5, 4]",13
assembly_1,3,0.55,subgraph_mip,diverse,100,343,1105,746,67.51,0.374,0.105,15.184,15.288,2.33,0.8602,0.29,747.12,0.0,704.18,747.12,19.927,5.97,"[747.12, 705.55, 704.18]","[4, 4, 5]",13
assembly_1,3,0.55,subgraph_mip,edge_weight,200,343,1105,95,8.6,0.374,0.591,0.379,0.97,36.81,0.8735,1.85,780.81,4.51,684,780.81,43.865,13.47,"[692.04, 684, 780.81]","[4, 4, 5]",13
assembly_1,3,0.55,subgraph_mip,time_balanced_weight,200,343,1105,258,23.35,0.374,0.778,2.871,3.649,9.78,0.9365,9.2,747.12,0.0,696.13,747.12,21.158,7.09,"[747.12, 696.13, 713.6]","[4, 4, 5]",13
assembly_1,3,0.55,subgraph_mip,combined,200,343,1105,339,30.68,0.374,1.471,1.706,3.177,11.23,0.8653,0.89,747.12,0.0,696.13,747.12,21.158,7.09,"[747.12, 696.13, 713.6]","[4, 4, 5]",13
assembly_1,3,0.55,subgraph_mip,blended,200,343,1105,64,5.79,0.374,0.787,0.39,1.177,30.33,0.8678,1.18,747.12,0.0,689.75,747.12,23.433,7.98,"[747.12, 689.75, 719.98]","[4, 4, 5]",13
assembly_1,3,0.55,subgraph_mip,blended_union,200,343,1105,203,18.37,0.374,2.121,1.278,3.399,10.5,0.8584,0.09,747.12,0.0,680.33,747.12,28.25,9.29,"[747.12, 729.4, 680.33]","[4, 5, 4]",13
assembly_1,3,0.55,subgraph_mip,diverse,200,343,1105,912,82.53,0.374,0.181,21.549,21.73,1.64,0.8576,0.0,747.12,0.0,680.33,747.12,28.25,9.29,"[747.12, 729.4, 680.33]","[4, 5, 4]",13
assembly_1,3,0.55,subgraph_mip,edge_weight,500,343,1105,108,9.77,0.374,1.617,0.7,2.318,15.4,0.8735,1.85,780.81,4.51,684,780.81,43.865,13.47,"[692.04, 684, 780.81]","[4, 4, 5]",13
assembly_1,3,0.55,subgraph_mip,time_balanced_weight,500,343,1105,399,36.11,0.374,1.902,5.849,7.751,4.61,0.9292,8.35,731.84,-2.05,704.18,731.84,11.37,3.85,"[731.84, 720.83, 704.18]","[3, 5, 5]",13
assembly_1,3,0.55,subgraph_mip,combined,500,343,1105,459,41.54,0.374,3.596,4.103,7.699,4.64,0.8653,0.89,747.12,0.0,696.13,747.12,21.158,7.09,"[747.12, 696.13, 713.6]","[4, 4, 5]",13
assembly_1,3,0.55,subgraph_mip,blended,500,343,1105,70,6.33,0.374,2.05,0.636,2.686,13.29,0.8678,1.18,747.12,0.0,689.75,747.12,23.433,7.98,"[747.12, 689.75, 719.98]","[4, 4, 5]",13
assembly_1,3,0.55,subgraph_mip,blended_union,500,343,1105,247,22.35,0.374,5.289,2.383,7.671,4.65,0.8584,0.09,747.12,0.0,680.33,747.12,28.25,9.29,"[747.12, 729.4, 680.33]","[4, 5, 4]",13
assembly_1,3,0.55,subgraph_mip,diverse,500,343,1105,1043,94.39,0.374,0.506,43.749,44.255,0.81,0.8576,0.0,747.12,0.0,680.33,747.12,28.25,9.29,"[747.12, 729.4, 680.33]","[4, 5, 4]",13
assembly_1,3,0.55,subgraph_mip,edge_weight,1000,343,1105,142,12.85,0.374,3.146,0.793,3.939,9.06,0.8576,0.0,747.12,0.0,680.33,747.12,28.25,9.29,"[747.12, 729.4, 680.33]","[4, 5, 4]",13
assembly_1,3,0.55,subgraph_mip,time_balanced_weight,1000,343,1105,500,45.25,0.374,4.031,8.59,12.621,2.83,0.9292,8.35,731.84,-2.05,704.18,731.84,11.37,3.85,"[731.84, 720.83, 704.18]","[3, 5, 5]",13
assembly_1,3,0.55,subgraph_mip,combined,1000,343,1105,578,52.31,0.374,7.476,8.606,16.082,2.22,0.8576,0.0,747.12,0.0,680.33,747.12,28.25,9.29,"[747.12, 729.4, 680.33]","[4, 5, 4]",13
assembly_1,3,0.55,subgraph_mip,blended,1000,343,1105,148,13.39,0.374,4.273,0.691,4.964,7.19,0.8639,0.72,747.12,0.0,696.13,747.12,21.158,7.09,"[747.12, 696.13, 713.6]","[4, 4, 5]",13
assembly_1,3,0.55,subgraph_mip,blended_union,1000,343,1105,284,25.7,0.374,12.538,2.262,14.8,2.41,0.8576,0.0,747.12,0.0,680.33,747.12,28.25,9.29,"[747.12, 729.4, 680.33]","[4, 5, 4]",13
assembly_1,3,0.55,subgraph_mip,diverse,1000,343,1105,1102,99.73,0.374,1.052,54.222,55.275,0.65,0.8576,0.0,747.12,0.0,680.33,747.12,28.25,9.29,"[747.12, 729.4, 680.33]","[4, 5, 4]",13
assembly_1,3,0.55,subgraph_mip,edge_weight,2000,343,1105,185,16.74,0.374,8.026,1.764,9.79,3.65,0.8576,0.0,747.12,0.0,680.33,747.12,28.25,9.29,"[747.12, 729.4, 680.33]","[4, 5, 4]",13
assembly_1,3,0.55,subgraph_mip,time_balanced_weight,2000,343,1105,630,57.01,0.374,8.257,14.732,22.989,1.55,0.9291,8.33,731.84,-2.05,704.18,731.84,11.37,3.85,"[731.84, 720.83, 704.18]","[3, 5, 5]",13
assembly_1,3,0.55,subgraph_mip,combined,2000,343,1105,685,61.99,0.374,16.627,11.144,27.771,1.29,0.8576,0.0,747.12,0.0,680.33,747.12,28.25,9.29,"[747.12, 729.4, 680.33]","[4, 5, 4]",13
assembly_1,3,0.55,subgraph_mip,blended,2000,343,1105,180,16.29,0.374,11.035,0.752,11.787,3.03,0.8639,0.72,747.12,0.0,696.13,747.12,21.158,7.09,"[747.12, 696.13, 713.6]","[4, 4, 5]",13
assembly_1,3,0.55,subgraph_mip,blended_union,2000,343,1105,335,30.32,0.374,26.626,3.544,30.17,1.18,0.8576,0.0,747.12,0.0,680.33,747.12,28.25,9.29,"[747.12, 729.4, 680.33]","[4, 5, 4]",13
assembly_1,3,0.55,subgraph_mip,diverse,2000,343,1105,1105,100.0,0.374,2.445,31.307,33.751,1.06,0.8576,0.0,747.12,0.0,680.33,747.12,28.25,9.29,"[747.12, 729.4, 680.33]","[4, 5, 4]",13
assembly_1,3,0.55,subgraph_mip,edge_weight,5000,343,1105,232,21.0,0.374,31.986,1.964,33.95,1.05,0.8576,0.0,747.12,0.0,680.33,747.12,28.25,9.29,"[747.12, 729.4, 680.33]","[4, 5, 4]",13
assembly_1,3,0.55,subgraph_mip,time_balanced_weight,5000,343,1105,799,72.31,0.374,26.259,37.411,63.67,0.56,0.9288,8.3,747.12,0.0,680.33,747.12,28.25,9.29,"[747.12, 729.4, 680.33]","[4, 5, 4]",13
assembly_1,3,0.55,subgraph_mip,combined,5000,343,1105,830,75.11,0.374,60.94,19.969,80.909,0.44,0.8576,0.0,747.12,0.0,680.33,747.12,28.25,9.29,"[747.12, 729.4, 680.33]","[4, 5, 4]",13
assembly_1,3,0.55,subgraph_mip,blended,5000,343,1105,230,20.81,0.374,41.909,1.023,42.932,0.83,0.8594,0.21,747.12,0.0,704.18,747.12,19.927,5.97,"[747.12, 705.55, 704.18]","[4, 4, 5]",13
assembly_1,3,0.55,subgraph_mip,blended_union,5000,343,1105,355,32.13,0.374,100.731,3.133,103.864,0.34,0.8576,0.0,747.12,0.0,680.33,747.12,28.25,9.29,"[747.12, 729.4, 680.33]","[4, 5, 4]",13
assembly_1,3,0.55,subgraph_mip,diverse,5000,343,1105,1105,100.0,0.374,4.81,25.558,30.368,1.18,0.8576,0.0,747.12,0.0,680.33,747.12,28.25,9.29,"[747.12, 729.4, 680.33]","[4, 5, 4]",13
assembly_1,3,0.6,full_mip,—,,343,1105,1105,100.0,0.251,0.0,56.299,56.299,1.0,0.8585,0.0,747.12,0.0,680.33,747.12,28.25,9.29,"[747.12, 729.4, 680.33]","[4, 5, 4]",13
assembly_1,3,0.6,subgraph_mip,edge_weight,1,343,1105,13,1.18,0.251,0.001,0.035,0.037,1538.46,0.8837,2.93,792,6.01,584.04,792,95.505,28.93,"[584.04, 792, 780.81]","[3, 5, 5]",13
assembly_1,3,0.6,subgraph_mip,time_balanced_weight,1,343,1105,13,1.18,0.251,0.001,0.039,0.04,1393.41,0.9737,13.42,731.84,-2.05,705.03,731.84,10.969,3.73,"[731.84, 705.03, 719.98]","[3, 5, 5]",13
assembly_1,3,0.6,subgraph_mip,combined,1,343,1105,26,2.35,0.251,0.002,0.67,0.672,83.78,0.8837,2.93,792,6.01,584.04,792,95.505,28.93,"[584.04, 792, 780.81]","[3, 5, 5]",13
assembly_1,3,0.6,subgraph_mip,blended,1,343,1105,13,1.18,0.251,0.001,0.034,0.034,1632.36,0.8675,1.05,747.12,0.0,689.75,747.12,23.433,7.98,"[747.12, 689.75, 719.98]","[4, 4, 5]",13
assembly_1,3,0.6,subgraph_mip,blended_union,1,343,1105,37,3.35,0.251,0.016,0.61,0.626,89.87,0.8592,0.08,747.12,0.0,680.33,747.12,28.25,9.29,"[747.12, 729.4, 680.33]","[4, 5, 4]",13
assembly_1,3,0.6,subgraph_mip,diverse,1,343,1105,13,1.18,0.251,0.01,0.022,0.032,1766.15,0.8675,1.05,747.12,0.0,689.75,747.12,23.433,7.98,"[747.12, 689.75, 719.98]","[4, 4, 5]",13
assembly_1,3,0.6,subgraph_mip,edge_weight,2,343,1105,15,1.36,0.251,0.004,0.24,0.244,230.36,0.8812,2.65,788.33,5.52,584.04,788.33,95.409,28.42,"[584.04, 784.48, 788.33]","[3, 5, 5]",13
assembly_1,3,0.6,subgraph_mip,time_balanced_weight,2,343,1105,15,1.36,0.251,0.005,0.069,0.074,760.19,0.9699,12.97,731.84,-2.05,705.03,731.84,10.969,3.73,"[731.84, 705.03, 719.98]","[3, 5, 5]",13
assembly_1,3,0.6,subgraph_mip,combined,2,343,1105,30,2.71,0.251,0.009,0.177,0.186,303.28,0.8812,2.65,788.33,5.52,584.04,788.33,95.409,28.42,"[584.04, 784.48, 788.33]","[3, 5, 5]",13
assembly_1,3,0.6,subgraph_mip,blended,2,343,1105,15,1.36,0.251,0.004,0.038,0.041,1357.88,0.8675,1.05,747.12,0.0,689.75,747.12,23.433,7.98,"[747.12, 689.75, 719.98]","[4, 4, 5]",13
assembly_1,3,0.6,subgraph_mip,blended_union,2,343,1105,42,3.8,0.251,0.036,0.302,0.338,166.39,0.8592,0.08,747.12,0.0,680.33,747.12,28.25,9.29,"[747.12, 729.4, 680.33]","[4, 5, 4]",13
assembly_1,3,0.6,subgraph_mip,diverse,2,343,1105,26,2.35,0.251,0.008,0.128,0.135,415.53,0.8675,1.05,747.12,0.0,689.75,747.12,23.433,7.98,"[747.12, 689.75, 719.98]","[4, 4, 5]",13
assembly_1,3,0.6,subgraph_mip,edge_weight,5,343,1105,21,1.9,0.251,0.023,0.198,0.221,254.43,0.8812,2.65,788.33,5.52,584.04,788.33,95.409,28.42,"[584.04, 784.48, 788.33]","[3, 5, 5]",13
assembly_1,3,0.6,subgraph_mip,time_balanced_weight,5,343,1105,44,3.98,0.251,0.031,0.298,0.329,171.13,0.9699,12.97,731.84,-2.05,705.03,731.84,10.969,3.73,"[731.84, 705.03, 719.98]","[3, 5, 5]",13
assembly_1,3,0.6,subgraph_mip,combined,5,343,1105,65,5.88,0.251,0.03,0.21,0.24,234.1,0.8812,2.65,788.33,5.52,584.04,788.33,95.409,28.42,"[584.04, 784.48, 788.33]","[3, 5, 5]",13
assembly_1,3,0.6,subgraph_mip,blended,5,343,1105,21,1.9,0.251,0.013,0.09,0.102,550.36,0.8675,1.05,747.12,0.0,689.75,747.12,23.433,7.98,"[747.12, 689.75, 719.98]","[4, 4, 5]",13
assembly_1,3,0.6,subgraph_mip,blended_union,5,343,1105,60,5.43,0.251,0.061,0.63,0.692,81.41,0.8592,0.08,747.12,0.0,680.33,747.12,28.25,9.29,"[747.12, 729.4, 680.33]","[4, 5, 4]",13
assembly_1,3,0.6,subgraph_mip,diverse,5,343,1105,65,5.88,0.251,0.006,0.242,0.248,226.62,0.8675,1.05,747.12,0.0,689.75,747.12,23.433,7.98,"[747.12, 689.75, 719.98]","[4, 4, 5]",13
assembly_1,3,0.6,subgraph_mip,edge_weight,10,343,1105,24,2.17,0.251,0.038,0.395,0.433,129.99,0.8812,2.65,788.33,5.52,584.04,788.33,95.409,28.42,"[584.04, 784.48, 788.33]","[3, 5, 5]",13
assembly_1,3,0.6,subgraph_mip,time_balanced_weight,10,343,1105,57,5.16,0.251,0.049,0.353,0.402,140.05,0.9692,12.89,731.84,-2.05,705.03,731.84,10.969,3.73,"[731.84, 705.03, 719.98]","[3, 5, 5]",13
assembly_1,3,0.6,subgraph_mip,combined,10,343,1105,81,7.33,0.251,0.073,0.533,0.606,92.86,0.8812,2.65,788.33,5.52,584.04,788.33,95.409,28.42,"[584.04, 784.48, 788.33]","[3, 5, 5]",13
assembly_1,3,0.6,subgraph_mip,blended,10,343,1105,26,2.35,0.251,0.042,0.248,0.29,193.94,0.8675,1.05,747.12,0.0,689.75,747.12,23.433,7.98,"[747.12, 689.75, 719.98]","[4, 4, 5]",13
assembly_1,3,0.6,subgraph_mip,blended_union,10,343,1105,75,6.79,0.251,0.112,0.333,0.445,126.65,0.8592,0.08,747.12,0.0,680.33,747.12,28.25,9.29,"[747.12, 729.4, 680.33]","[4, 5, 4]",13
assembly_1,3,0.6,subgraph_mip,diverse,10,343,1105,126,11.4,0.251,0.011,0.412,0.422,133.28,0.8675,1.05,747.12,0.0,689.75,747.12,23.433,7.98,"[747.12, 689.75, 719.98]","[4, 4, 5]",13
assembly_1,3,0.6,subgraph_mip,edge_weight,20,343,1105,35,3.17,0.251,0.082,0.322,0.405,139.13,0.8812,2.65,788.33,5.52,584.04,788.33,95.409,28.42,"[584.04, 784.48, 788.33]","[3, 5, 5]",13
assembly_1,3,0.6,subgraph_mip,time_balanced_weight,20,343,1105,73,6.61,0.251,0.117,0.352,0.469,120.1,0.9432,9.86,754.42,0.98,655.31,754.42,45.099,13.79,"[747.12, 655.31, 754.42]","[4, 5, 4]",13
assembly_1,3,0.6,subgraph_mip,combined,20,343,1105,107,9.68,0.251,0.179,0.719,0.897,62.73,0.8799,2.49,754.42,0.98,655.31,754.42,45.099,13.79,"[747.12, 655.31, 754.42]","[4, 5, 4]",13
assembly_1,3,0.6,subgraph_mip,blended,20,343,1105,33,2.99,0.251,0.057,0.107,0.164,343.14,0.8675,1.05,747.12,0.0,689.75,747.12,23.433,7.98,"[747.12, 689.75, 719.98]","[4, 4, 5]",13
assembly_1,3,0.6,subgraph_mip,blended_union,20,343,1105,93,8.42,0.251,0.234,0.737,0.971,57.99,0.8592,0.08,747.12,0.0,680.33,747.12,28.25,9.29,"[747.12, 729.4, 680.33]","[4, 5, 4]",13
assembly_1,3,0.6,subgraph_mip,diverse,20,343,1105,239,21.63,0.251,0.027,3.417,3.444,16.35,0.8675,1.05,747.12,0.0,689.75,747.12,23.433,7.98,"[747.12, 689.75, 719.98]","[4, 4, 5]",13
assembly_1,3,0.6,subgraph_mip,edge_weight,50,343,1105,54,4.89,0.251,0.17,0.335,0.505,111.44,0.877,2.15,780.81,4.51,684,780.81,43.865,13.47,"[692.04, 684, 780.81]","[4, 4, 5]",13
assembly_1,3,0.6,subgraph_mip,time_balanced_weight,50,343,1105,141,12.76,0.251,0.271,1.282,1.552,36.27,0.9337,8.76,731.84,-2.05,711.31,731.84,9.167,2.86,"[731.84, 711.31, 713.7]","[3, 5, 5]",13
assembly_1,3,0.6,subgraph_mip,combined,50,343,1105,190,17.19,0.251,0.364,1.596,1.96,28.73,0.877,2.15,780.81,4.51,684,780.81,43.865,13.47,"[692.04, 684, 780.81]","[4, 4, 5]",13
assembly_1,3,0.6,subgraph_mip,blended,50,343,1105,56,5.07,0.251,0.147,0.459,0.606,92.93,0.8675,1.05,747.12,0.0,689.75,747.12,23.433,7.98,"[747.12, 689.75, 719.98]","[4, 4, 5]",13
assembly_1,3,0.6,subgraph_mip,blended_union,50,343,1105,146,13.21,0.251,0.561,2.01,2.572,21.89,0.8592,0.08,747.12,0.0,680.33,747.12,28.25,9.29,"[747.12, 729.4, 680.33]","[4, 5, 4]",13
assembly_1,3,0.6,subgraph_mip,diverse,50,343,1105,509,46.06,0.251,0.037,4.862,4.899,11.49,0.8601,0.18,747.12,0.0,704.18,747.12,19.927,5.97,"[747.12, 705.55, 704.18]","[4, 4, 5]",13
assembly_1,3,0.6,subgraph_mip,edge_weight,100,343,1105,78,7.06,0.251,0.351,0.52,0.872,64.59,0.877,2.15,780.81,4.51,684,780.81,43.865,13.47,"[692.04, 684, 780.81]","[4, 4, 5]",13
assembly_1,3,0.6,subgraph_mip,time_balanced_weight,100,343,1105,189,17.1,0.251,0.455,1.929,2.383,23.62,0.9337,8.76,731.84,-2.05,711.31,731.84,9.167,2.86,"[731.84, 711.31, 713.7]","[3, 5, 5]",13
assembly_1,3,0.6,subgraph_mip,combined,100,343,1105,257,23.26,0.251,0.811,3.248,4.059,13.87,0.877,2.15,780.81,4.51,684,780.81,43.865,13.47,"[692.04, 684, 780.81]","[4, 4, 5]",13
assembly_1,3,0.6,subgraph_mip,blended,100,343,1105,63,5.7,0.251,0.426,0.25,0.675,83.36,0.8675,1.05,747.12,0.0,689.75,747.12,23.433,7.98,"[747.12, 689.75, 719.98]","[4, 4, 5]",13
assembly_1,3,0.6,subgraph_mip,blended_union,100,343,1105,190,17.19,0.251,1.035,1.022,2.057,27.37,0.8592,0.08,747.12,0.0,680.33,747.12,28.25,9.29,"[747.12, 729.4, 680.33]","[4, 5, 4]",13
assembly_1,3,0.6,subgraph_mip,diverse,100,343,1105,743,67.24,0.251,0.069,15.328,15.398,3.66,0.8601,0.18,747.12,0.0,704.18,747.12,19.927,5.97,"[747.12, 705.55, 704.18]","[4, 4, 5]",13
assembly_1,3,0.6,subgraph_mip,edge_weight,200,343,1105,95,8.6,0.251,0.712,0.633,1.345,41.87,0.877,2.15,780.81,4.51,684,780.81,43.865,13.47,"[692.04, 684, 780.81]","[4, 4, 5]",13
assembly_1,3,0.6,subgraph_mip,time_balanced_weight,200,343,1105,258,23.35,0.251,0.797,1.918,2.716,20.73,0.9286,8.17,747.12,0.0,696.13,747.12,21.158,7.09,"[747.12, 696.13, 713.6]","[4, 4, 5]",13
assembly_1,3,0.6,subgraph_mip,combined,200,343,1105,339,30.68,0.251,1.482,1.778,3.261,17.27,0.8653,0.79,747.12,0.0,696.13,747.12,21.158,7.09,"[747.12, 696.13, 713.6]","[4, 4, 5]",13
assembly_1,3,0.6,subgraph_mip,blended,200,343,1105,64,5.79,0.251,0.786,0.597,1.382,40.73,0.8675,1.05,747.12,0.0,689.75,747.12,23.433,7.98,"[747.12, 689.75, 719.98]","[4, 4, 5]",13
assembly_1,3,0.6,subgraph_mip,blended_union,200,343,1105,203,18.37,0.251,2.175,1.273,3.448,16.33,0.8592,0.08,747.12,0.0,680.33,747.12,28.25,9.29,"[747.12, 729.4, 680.33]","[4, 5, 4]",13
assembly_1,3,0.6,subgraph_mip,diverse,200,343,1105,913,82.62,0.251,0.164,25.655,25.819,2.18,0.8601,0.18,747.12,0.0,704.18,747.12,19.927,5.97,"[747.12, 705.55, 704.18]","[4, 4, 5]",13
assembly_1,3,0.6,subgraph_mip,edge_weight,500,343,1105,108,9.77,0.251,1.726,0.47,2.196,25.64,0.877,2.15,780.81,4.51,684,780.81,43.865,13.47,"[692.04, 684, 780.81]","[4, 4, 5]",13
assembly_1,3,0.6,subgraph_mip,time_balanced_weight,500,343,1105,399,36.11,0.251,1.868,6.27,8.137,6.92,0.9202,7.18,731.84,-2.05,704.18,731.84,11.37,3.85,"[731.84, 720.83, 704.18]","[3, 5, 5]",13
assembly_1,3,0.6,subgraph_mip,combined,500,343,1105,459,41.54,0.251,3.525,5.173,8.698,6.47,0.8653,0.79,747.12,0.0,696.13,747.12,21.158,7.09,"[747.12, 696.13, 713.6]","[4, 4, 5]",13
assembly_1,3,0.6,subgraph_mip,blended,500,343,1105,70,6.33,0.251,2.073,0.512,2.585,21.78,0.8675,1.05,747.12,0.0,689.75,747.12,23.433,7.98,"[747.12, 689.75, 719.98]","[4, 4, 5]",13
assembly_1,3,0.6,subgraph_mip,blended_union,500,343,1105,247,22.35,0.251,5.363,1.645,7.008,8.03,0.8592,0.08,747.12,0.0,680.33,747.12,28.25,9.29,"[747.12, 729.4, 680.33]","[4, 5, 4]",13
assembly_1,3,0.6,subgraph_mip,diverse,500,343,1105,1047,94.75,0.251,0.498,60.235,60.733,0.93,0.8585,0.0,747.12,0.0,680.33,747.12,28.25,9.29,"[747.12, 729.4, 680.33]","[4, 5, 4]",13
assembly_1,3,0.6,subgraph_mip,edge_weight,1000,343,1105,142,12.85,0.251,3.633,0.717,4.35,12.94,0.8585,0.0,747.12,0.0,680.33,747.12,28.25,9.29,"[747.12, 729.4, 680.33]","[4, 5, 4]",13
assembly_1,3,0.6,subgraph_mip,time_balanced_weight,1000,343,1105,500,45.25,0.251,3.773,9.495,13.269,4.24,0.9202,7.18,731.84,-2.05,704.18,731.84,11.37,3.85,"[731.84, 720.83, 704.18]","[3, 5, 5]",13
assembly_1,3,0.6,subgraph_mip,combined,1000,343,1105,578,52.31,0.251,7.469,7.69,15.159,3.71,0.8585,0.0,747.12,0.0,680.33,747.12,28.25,9.29,"[747.12, 729.4, 680.33]","[4, 5, 4]",13
assembly_1,3,0.6,subgraph_mip,blended,1000,343,1105,149,13.48,0.251,4.312,0.811,5.124,10.99,0.864,0.64,747.12,0.0,696.13,747.12,21.158,7.09,"[747.12, 696.13, 713.6]","[4, 4, 5]",13
assembly_1,3,0.6,subgraph_mip,blended_union,1000,343,1105,284,25.7,0.251,11.474,1.61,13.085,4.3,0.8585,0.0,747.12,0.0,680.33,747.12,28.25,9.29,"[747.12, 729.4, 680.33]","[4, 5, 4]",13
assembly_1,3,0.6,subgraph_mip,diverse,1000,343,1105,1098,99.37,0.251,1.145,91.407,92.552,0.61,0.8585,0.0,747.12,0.0,680.33,747.12,28.25,9.29,"[747.12, 729.4, 680.33]","[4, 5, 4]",13
assembly_1,3,0.6,subgraph_mip,edge_weight,2000,343,1105,185,16.74,0.251,7.987,0.925,8.912,6.32,0.8585,0.0,747.12,0.0,680.33,747.12,28.25,9.29,"[747.12, 729.4, 680.33]","[4, 5, 4]",13
assembly_1,3,0.6,subgraph_mip,time_balanced_weight,2000,343,1105,630,57.01,0.251,7.827,29.026,36.853,1.53,0.9201,7.17,731.84,-2.05,704.18,731.84,11.37,3.85,"[731.84, 720.83, 704.18]","[3, 5, 5]",13
assembly_1,3,0.6,subgraph_mip,combined,2000,343,1105,685,61.99,0.251,15.479,12.653,28.132,2.0,0.8585,0.0,747.12,0.0,680.33,747.12,28.25,9.29,"[747.12, 729.4, 680.33]","[4, 5, 4]",13
assembly_1,3,0.6,subgraph_mip,blended,2000,343,1105,178,16.11,0.251,9.394,0.998,10.392,5.42,0.864,0.64,747.12,0.0,696.13,747.12,21.158,7.09,"[747.12, 696.13, 713.6]","[4, 4, 5]",13
assembly_1,3,0.6,subgraph_mip,blended_union,2000,343,1105,335,30.32,0.251,25.393,3.72,29.113,1.93,0.8585,0.0,747.12,0.0,680.33,747.12,28.25,9.29,"[747.12, 729.4, 680.33]","[4, 5, 4]",13
assembly_1,3,0.6,subgraph_mip,diverse,2000,343,1105,1105,100.0,0.251,1.841,60.657,62.498,0.9,0.8585,0.0,747.12,0.0,680.33,747.12,28.25,9.29,"[747.12, 729.4, 680.33]","[4, 5, 4]",13
assembly_1,3,0.6,subgraph_mip,edge_weight,5000,343,1105,232,21.0,0.251,28.448,3.324,31.772,1.77,0.8585,0.0,747.12,0.0,680.33,747.12,28.25,9.29,"[747.12, 729.4, 680.33]","[4, 5, 4]",13
assembly_1,3,0.6,subgraph_mip,time_balanced_weight,5000,343,1105,799,72.31,0.251,25.97,20.209,46.18,1.22,0.9201,7.17,731.84,-2.05,704.18,731.84,11.37,3.85,"[731.84, 720.83, 704.18]","[3, 5, 5]",13
assembly_1,3,0.6,subgraph_mip,combined,5000,343,1105,830,75.11,0.251,59.442,25.524,84.966,0.66,0.8585,0.0,747.12,0.0,680.33,747.12,28.25,9.29,"[747.12, 729.4, 680.33]","[4, 5, 4]",13
assembly_1,3,0.6,subgraph_mip,blended,5000,343,1105,259,23.44,0.251,33.615,1.521,35.135,1.6,0.864,0.64,747.12,0.0,696.13,747.12,21.158,7.09,"[747.12, 696.13, 713.6]","[4, 4, 5]",13
assembly_1,3,0.6,subgraph_mip,blended_union,5000,343,1105,355,32.13,0.251,84.033,3.464,87.497,0.64,0.8585,0.0,747.12,0.0,680.33,747.12,28.25,9.29,"[747.12, 729.4, 680.33]","[4, 5, 4]",13
assembly_1,3,0.6,subgraph_mip,diverse,5000,343,1105,1105,100.0,0.251,4.429,42.984,47.413,1.19,0.8585,0.0,747.12,0.0,680.33,747.12,28.25,9.29,"[747.12, 729.4, 680.33]","[4, 5, 4]",13
assembly_1,3,0.65,full_mip,—,,343,1105,1105,100.0,0.3,0.0,50.384,50.384,1.0,0.8594,0.0,747.12,0.0,680.33,747.12,28.25,9.29,"[747.12, 729.4, 680.33]","[4, 5, 4]",13
assembly_1,3,0.65,subgraph_mip,edge_weight,1,343,1105,13,1.18,0.3,0.002,0.038,0.04,1272.92,0.8879,3.32,792,6.01,584.04,792,95.505,28.93,"[584.04, 792, 780.81]","[3, 5, 5]",13
assembly_1,3,0.65,subgraph_mip,time_balanced_weight,1,343,1105,13,1.18,0.3,0.001,0.031,0.032,1580.67,0.958,11.47,731.84,-2.05,705.03,731.84,10.969,3.73,"[731.84, 705.03, 719.98]","[3, 5, 5]",13
assembly_1,3,0.65,subgraph_mip,combined,1,343,1105,26,2.35,0.3,0.002,0.203,0.204,246.55,0.8879,3.32,792,6.01,584.04,792,95.505,28.93,"[584.04, 792, 780.81]","[3, 5, 5]",13
assembly_1,3,0.65,subgraph_mip,blended,1,343,1105,13,1.18,0.3,0.001,0.015,0.016,3226.32,0.8673,0.92,747.12,0.0,689.75,747.12,23.433,7.98,"[747.12, 689.75, 719.98]","[4, 4, 5]",13
assembly_1,3,0.65,subgraph_mip,blended_union,1,343,1105,37,3.35,0.3,0.011,0.576,0.587,85.86,0.86,0.07,747.12,0.0,680.33,747.12,28.25,9.29,"[747.12, 729.4, 680.33]","[4, 5, 4]",13
assembly_1,3,0.65,subgraph_mip,diverse,1,343,1105,13,1.18,0.3,0.004,0.03,0.034,1487.82,0.8673,0.92,747.12,0.0,689.75,747.12,23.433,7.98,"[747.12, 689.75, 719.98]","[4, 4, 5]",13
assembly_1,3,0.65,subgraph_mip,edge_weight,2,343,1105,15,1.36,0.3,0.007,0.07,0.077,658.29,0.8853,3.01,788.33,5.52,584.04,788.33,95.409,28.42,"[584.04, 784.48, 788.33]","[3, 5, 5]",13
assembly_1,3,0.65,subgraph_mip,time_balanced_weight,2,343,1105,15,1.36,0.3,0.005,0.031,0.036,1388.59,0.9546,11.08,731.84,-2.05,705.03,731.84,10.969,3.73,"[731.84, 705.03, 719.98]","[3, 5, 5]",13
assembly_1,3,0.65,subgraph_mip,combined,2,343,1105,30,2.71,0.3,0.009,0.159,0.168,299.2,0.8853,3.01,788.33,5.52,584.04,788.33,95.409,28.42,"[584.04, 784.48, 788.33]","[3, 5, 5]",13
assembly_1,3,0.65,subgraph_mip,blended,2,343,1105,15,1.36,0.3,0.004,0.082,0.086,584.56,0.8673,0.92,747.12,0.0,689.75,747.12,23.433,7.98,"[747.12, 689.75, 719.98]","[4, 4, 5]",13
assembly_1,3,0.65,subgraph_mip,blended_union,2,343,1105,42,3.8,0.3,0.02,0.683,0.702,71.75,0.86,0.07,747.12,0.0,680.33,747.12,28.25,9.29,"[747.12, 729.4, 680.33]","[4, 5, 4]",13
assembly_1,3,0.65,subgraph_mip,diverse,2,343,1105,26,2.35,0.3,0.005,0.095,0.099,506.68,0.8673,0.92,747.12,-0.0,689.75,747.12,23.433,7.98,"[747.12, 689.75, 719.98]","[4, 4, 5]",13
assembly_1,3,0.65,subgraph_mip,edge_weight,5,343,1105,21,1.9,0.3,0.013,0.179,0.192,262.32,0.8853,3.01,788.33,5.52,584.04,788.33,95.409,28.42,"[584.04, 784.48, 788.33]","[3, 5, 5]",13
assembly_1,3,0.65,subgraph_mip,time_balanced_weight,5,343,1105,44,3.98,0.3,0.018,0.322,0.341,147.86,0.9546,11.08,731.84,-2.05,705.03,731.84,10.969,3.73,"[731.84, 705.03, 719.98]","[3, 5, 5]",13
assembly_1,3,0.65,subgraph_mip,combined,5,343,1105,65,5.88,0.3,0.03,0.356,0.386,130.42,0.8853,3.01,788.33,5.52,584.04,788.33,95.409,28.42,"[584.04, 784.48, 788.33]","[3, 5, 5]",13
assembly_1,3,0.65,subgraph_mip,blended,5,343,1105,21,1.9,0.3,0.013,0.113,0.125,402.05,0.8673,0.92,747.12,-0.0,689.75,747.12,23.433,7.98,"[747.12, 689.75, 719.98]","[4, 4, 5]",13
assembly_1,3,0.65,subgraph_mip,blended_union,5,343,1105,60,5.43,0.3,0.065,0.765,0.829,60.76,0.86,0.07,747.12,0.0,680.33,747.12,28.25,9.29,"[747.12, 729.4, 680.33]","[4, 5, 4]",13
assembly_1,3,0.65,subgraph_mip,diverse,5,343,1105,65,5.88,0.3,0.013,0.321,0.334,150.69,0.8673,0.92,747.12,0.0,689.75,747.12,23.433,7.98,"[747.12, 689.75, 719.98]","[4, 4, 5]",13
assembly_1,3,0.65,subgraph_mip,edge_weight,10,343,1105,24,2.17,0.3,0.026,0.214,0.24,209.53,0.8853,3.01,788.33,5.52,584.04,788.33,95.409,28.42,"[584.04, 784.48, 788.33]","[3, 5, 5]",13
assembly_1,3,0.65,subgraph_mip,time_balanced_weight,10,343,1105,57,5.16,0.3,0.062,0.341,0.403,125.14,0.954,11.01,731.84,-2.05,705.03,731.84,10.969,3.73,"[731.84, 705.03, 719.98]","[3, 5, 5]",13
assembly_1,3,0.65,subgraph_mip,combined,10,343,1105,81,7.33,0.3,0.07,0.259,0.329,153.23,0.8853,3.01,788.33,5.52,584.04,788.33,95.409,28.42,"[584.04, 784.48, 788.33]","[3, 5, 5]",13
assembly_1,3,0.65,subgraph_mip,blended,10,343,1105,26,2.35,0.3,0.047,0.104,0.151,333.25,0.8673,0.92,747.12,-0.0,689.75,747.12,23.433,7.98,"[747.12, 689.75, 719.98]","[4, 4, 5]",13
assembly_1,3,0.65,subgraph_mip,blended_union,10,343,1105,75,6.79,0.3,0.124,0.326,0.451,111.83,0.86,0.07,747.12,0.0,680.33,747.12,28.25,9.29,"[747.12, 729.4, 680.33]","[4, 5, 4]",13
assembly_1,3,0.65,subgraph_mip,diverse,10,343,1105,126,11.4,0.3,0.018,0.628,0.646,77.96,0.8673,0.92,747.12,0.0,689.75,747.12,23.433,7.98,"[747.12, 689.75, 719.98]","[4, 4, 5]",13
assembly_1,3,0.65,subgraph_mip,edge_weight,20,343,1105,35,3.17,0.3,0.096,0.339,0.435,115.91,0.8853,3.01,788.33,5.52,584.04,788.33,95.409,28.42,"[584.04, 784.48, 788.33]","[3, 5, 5]",13
assembly_1,3,0.65,subgraph_mip,time_balanced_weight,20,343,1105,73,6.61,0.3,0.125,0.375,0.5,100.83,0.9345,8.74,754.42,0.98,655.31,754.42,45.099,13.79,"[747.12, 655.31, 754.42]","[4, 5, 4]",13
assembly_1,3,0.65,subgraph_mip,combined,20,343,1105,107,9.68,0.3,0.163,0.67,0.832,60.53,0.8792,2.3,754.42,0.98,655.31,754.42,45.099,13.79,"[747.12, 655.31, 754.42]","[4, 5, 4]",13
assembly_1,3,0.65,subgraph_mip,blended,20,343,1105,33,2.99,0.3,0.069,0.201,0.271,186.23,0.8673,0.92,747.12,-0.0,689.75,747.12,23.433,7.98,"[747.12, 689.75, 719.98]","[4, 4, 5]",13
assembly_1,3,0.65,subgraph_mip,blended_union,20,343,1105,93,8.42,0.3,0.197,0.398,0.594,84.77,0.86,0.07,747.12,0.0,680.33,747.12,28.25,9.29,"[747.12, 729.4, 680.33]","[4, 5, 4]",13
assembly_1,3,0.65,subgraph_mip,diverse,20,343,1105,239,21.63,0.3,0.013,1.031,1.044,48.26,0.8673,0.92,747.12,0.0,689.75,747.12,23.433,7.98,"[747.12, 689.75, 719.98]","[4, 4, 5]",13
assembly_1,3,0.65,subgraph_mip,edge_weight,50,343,1105,54,4.89,0.3,0.193,0.509,0.702,71.75,0.8804,2.45,780.81,4.51,684,780.81,43.865,13.47,"[692.04, 684, 780.81]","[4, 4, 5]",13
assembly_1,3,0.65,subgraph_mip,time_balanced_weight,50,343,1105,141,12.76,0.3,0.272,0.761,1.033,48.79,0.923,7.4,731.84,-2.05,711.31,731.84,9.167,2.86,"[731.84, 711.31, 713.7]","[3, 5, 5]",13
assembly_1,3,0.65,subgraph_mip,combined,50,343,1105,190,17.19,0.3,0.383,1.559,1.942,25.95,0.879,2.28,754.42,0.98,655.31,754.42,45.099,13.79,"[747.12, 655.31, 754.42]","[4, 5, 4]",13
assembly_1,3,0.65,subgraph_mip,blended,50,343,1105,56,5.07,0.3,0.155,0.403,0.558,90.29,0.8673,0.92,747.12,0.0,689.75,747.12,23.433,7.98,"[747.12, 689.75, 719.98]","[4, 4, 5]",13
assembly_1,3,0.65,subgraph_mip,blended_union,50,343,1105,146,13.21,0.3,0.534,1.037,1.572,32.06,0.86,0.07,747.12,0.0,680.33,747.12,28.25,9.29,"[747.12, 729.4, 680.33]","[4, 5, 4]",13
assembly_1,3,0.65,subgraph_mip,diverse,50,343,1105,508,45.97,0.3,0.039,8.262,8.301,6.07,0.8608,0.16,747.12,0.0,704.18,747.12,19.927,5.97,"[747.12, 705.55, 704.18]","[4, 4, 5]",13
assembly_1,3,0.65,subgraph_mip,edge_weight,100,343,1105,78,7.06,0.3,0.362,0.357,0.719,70.07,0.8804,2.45,780.81,4.51,684,780.81,43.865,13.47,"[692.04, 684, 780.81]","[4, 4, 5]",13
assembly_1,3,0.65,subgraph_mip,time_balanced_weight,100,343,1105,189,17.1,0.3,0.499,1.224,1.723,29.25,0.923,7.4,731.84,-2.05,711.31,731.84,9.167,2.86,"[731.84, 711.31, 713.7]","[3, 5, 5]",13
assembly_1,3,0.65,subgraph_mip,combined,100,343,1105,257,23.26,0.3,0.852,1.989,2.842,17.73,0.879,2.28,754.42,0.98,655.31,754.42,45.099,13.79,"[747.12, 655.31, 754.42]","[4, 5, 4]",13
assembly_1,3,0.65,subgraph_mip,blended,100,343,1105,76,6.88,0.3,0.404,0.768,1.173,42.97,0.8673,0.92,747.12,0.0,689.75,747.12,23.433,7.98,"[747.12, 689.75, 719.98]","[4, 4, 5]",13
assembly_1,3,0.65,subgraph_mip,blended_union,100,343,1105,190,17.19,0.3,1.061,1.839,2.901,17.37,0.86,0.07,747.12,0.0,680.33,747.12,28.25,9.29,"[747.12, 729.4, 680.33]","[4, 5, 4]",13
assembly_1,3,0.65,subgraph_mip,diverse,100,343,1105,740,66.97,0.3,0.07,21.361,21.432,2.35,0.8608,0.16,747.12,0.0,704.18,747.12,19.927,5.97,"[747.12, 705.55, 704.18]","[4, 4, 5]",13
assembly_1,3,0.65,subgraph_mip,edge_weight,200,343,1105,95,8.6,0.3,0.67,0.607,1.277,39.47,0.8804,2.45,780.81,4.51,684,780.81,43.865,13.47,"[692.04, 684, 780.81]","[4, 4, 5]",13
assembly_1,3,0.65,subgraph_mip,time_balanced_weight,200,343,1105,258,23.35,0.3,0.812,2.367,3.179,15.85,0.9207,7.14,747.12,0.0,696.13,747.12,21.158,7.09,"[747.12, 696.13, 713.6]","[4, 4, 5]",13
assembly_1,3,0.65,subgraph_mip,combined,200,343,1105,339,30.68,0.3,1.579,4.734,6.313,7.98,0.8654,0.69,747.12,0.0,696.13,747.12,21.158,7.09,"[747.12, 696.13, 713.6]","[4, 4, 5]",13
assembly_1,3,0.65,subgraph_mip,blended,200,343,1105,89,8.05,0.3,0.753,0.921,1.674,30.09,0.8673,0.92,747.12,0.0,689.75,747.12,23.433,7.98,"[747.12, 689.75, 719.98]","[4, 4, 5]",13
assembly_1,3,0.65,subgraph_mip,blended_union,200,343,1105,203,18.37,0.3,2.281,1.644,3.925,12.84,0.86,0.07,747.12,0.0,680.33,747.12,28.25,9.29,"[747.12, 729.4, 680.33]","[4, 5, 4]",13
assembly_1,3,0.65,subgraph_mip,diverse,200,343,1105,913,82.62,0.3,0.151,35.587,35.738,1.41,0.8597,0.03,747.12,0.0,680.33,747.12,28.25,9.29,"[747.12, 729.4, 680.33]","[4, 5, 4]",13
assembly_1,3,0.65,subgraph_mip,edge_weight,500,343,1105,108,9.77,0.3,1.66,0.534,2.194,22.97,0.8804,2.45,780.81,4.51,684,780.81,43.865,13.47,"[692.04, 684, 780.81]","[4, 4, 5]",13
assembly_1,3,0.65,subgraph_mip,time_balanced_weight,500,343,1105,399,36.11,0.3,1.943,4.251,6.194,8.13,0.9111,6.02,731.84,-2.05,704.18,731.84,11.37,3.85,"[731.84, 720.83, 704.18]","[3, 5, 5]",13
assembly_1,3,0.65,subgraph_mip,combined,500,343,1105,459,41.54,0.3,3.413,5.567,8.979,5.61,0.8654,0.69,747.12,0.0,696.13,747.12,21.158,7.09,"[747.12, 696.13, 713.6]","[4, 4, 5]",13
assembly_1,3,0.65,subgraph_mip,blended,500,343,1105,127,11.49,0.3,2.089,0.955,3.044,16.55,0.8673,0.92,747.12,0.0,689.75,747.12,23.433,7.98,"[747.12, 689.75, 719.98]","[4, 4, 5]",13
assembly_1,3,0.65,subgraph_mip,blended_union,500,343,1105,247,22.35,0.3,5.507,2.044,7.551,6.67,0.86,0.07,747.12,0.0,680.33,747.12,28.25,9.29,"[747.12, 729.4, 680.33]","[4, 5, 4]",13
assembly_1,3,0.65,subgraph_mip,diverse,500,343,1105,1044,94.48,0.3,0.521,42.148,42.669,1.18,0.8594,0.0,747.12,0.0,680.33,747.12,28.25,9.29,"[747.12, 729.4, 680.33]","[4, 5, 4]",13
assembly_1,3,0.65,subgraph_mip,edge_weight,1000,343,1105,142,12.85,0.3,3.216,0.946,4.162,12.11,0.8594,0.0,747.12,0.0,680.33,747.12,28.25,9.29,"[747.12, 729.4, 680.33]","[4, 5, 4]",13
assembly_1,3,0.65,subgraph_mip,time_balanced_weight,1000,343,1105,500,45.25,0.3,3.97,5.214,9.184,5.49,0.9111,6.02,731.84,-2.05,704.18,731.84,11.37,3.85,"[731.84, 720.83, 704.18]","[3, 5, 5]",13
assembly_1,3,0.65,subgraph_mip,combined,1000,343,1105,578,52.31,0.3,7.423,12.369,19.792,2.55,0.8594,0.0,747.12,0.0,680.33,747.12,28.25,9.29,"[747.12, 729.4, 680.33]","[4, 5, 4]",13
assembly_1,3,0.65,subgraph_mip,blended,1000,343,1105,133,12.04,0.3,4.191,0.329,4.52,11.15,0.8673,0.92,747.12,0.0,689.75,747.12,23.433,7.98,"[747.12, 689.75, 719.98]","[4, 4, 5]",13
assembly_1,3,0.65,subgraph_mip,blended_union,1000,343,1105,284,25.7,0.3,11.199,2.052,13.25,3.8,0.8594,0.0,747.12,0.0,680.33,747.12,28.25,9.29,"[747.12, 729.4, 680.33]","[4, 5, 4]",13
assembly_1,3,0.65,subgraph_mip,diverse,1000,343,1105,1097,99.28,0.3,1.008,56.328,57.336,0.88,0.8594,-0.0,747.12,0.0,680.33,747.12,28.25,9.29,"[747.12, 729.4, 680.33]","[4, 5, 4]",13
assembly_1,3,0.65,subgraph_mip,edge_weight,2000,343,1105,185,16.74,0.3,7.549,1.61,9.159,5.5,0.8594,0.0,747.12,0.0,680.33,747.12,28.25,9.29,"[747.12, 729.4, 680.33]","[4, 5, 4]",13
assembly_1,3,0.65,subgraph_mip,time_balanced_weight,2000,343,1105,630,57.01,0.3,8.548,13.223,21.771,2.31,0.911,6.01,731.84,-2.05,704.18,731.84,11.37,3.85,"[731.84, 720.83, 704.18]","[3, 5, 5]",13
assembly_1,3,0.65,subgraph_mip,combined,2000,343,1105,685,61.99,0.3,16.521,14.578,31.099,1.62,0.8594,0.0,747.12,0.0,680.33,747.12,28.25,9.29,"[747.12, 729.4, 680.33]","[4, 5, 4]",13
assembly_1,3,0.65,subgraph_mip,blended,2000,343,1105,213,19.28,0.3,10.152,1.234,11.386,4.43,0.8642,0.56,747.12,0.0,696.13,747.12,21.158,7.09,"[747.12, 696.13, 713.6]","[4, 4, 5]",13
assembly_1,3,0.65,subgraph_mip,blended_union,2000,343,1105,335,30.32,0.3,25.909,3.55,29.459,1.71,0.8594,0.0,747.12,-0.0,680.33,747.12,28.25,9.29,"[747.12, 729.4, 680.33]","[4, 5, 4]",13
assembly_1,3,0.65,subgraph_mip,diverse,2000,343,1105,1105,100.0,0.3,2.063,53.93,55.994,0.9,0.8594,0.0,747.12,0.0,680.33,747.12,28.25,9.29,"[747.12, 729.4, 680.33]","[4, 5, 4]",13
assembly_1,3,0.65,subgraph_mip,edge_weight,5000,343,1105,232,21.0,0.3,30.652,2.193,32.844,1.53,0.8594,0.0,747.12,0.0,680.33,747.12,28.25,9.29,"[747.12, 729.4, 680.33]","[4, 5, 4]",13
assembly_1,3,0.65,subgraph_mip,time_balanced_weight,5000,343,1105,799,72.31,0.3,26.696,40.811,67.507,0.75,0.911,6.01,731.84,-2.05,704.18,731.84,11.37,3.85,"[731.84, 720.83, 704.18]","[3, 5, 5]",13
assembly_1,3,0.65,subgraph_mip,combined,5000,343,1105,830,75.11,0.3,55.274,23.943,79.218,0.64,0.8594,-0.0,747.12,0.0,680.33,747.12,28.25,9.29,"[747.12, 729.4, 680.33]","[4, 5, 4]",13
assembly_1,3,0.65,subgraph_mip,blended,5000,343,1105,245,22.17,0.3,35.337,1.276,36.614,1.38,0.8642,0.56,747.12,0.0,696.13,747.12,21.158,7.09,"[747.12, 696.13, 713.6]","[4, 4, 5]",13
assembly_1,3,0.65,subgraph_mip,blended_union,5000,343,1105,355,32.13,0.3,91.82,5.281,97.101,0.52,0.8594,-0.0,747.12,-0.0,680.33,747.12,28.25,9.29,"[747.12, 729.4, 680.33]","[4, 5, 4]",13
assembly_1,3,0.65,subgraph_mip,diverse,5000,343,1105,1105,100.0,0.3,4.269,40.265,44.534,1.13,0.8594,0.0,747.12,0.0,680.33,747.12,28.25,9.29,"[747.12, 729.4, 680.33]","[4, 5, 4]",13
assembly_1,3,0.7,full_mip,—,,343,1105,1105,100.0,0.288,0.0,53.249,53.249,1.0,0.8603,0.0,747.12,0.0,680.33,747.12,28.25,9.29,"[747.12, 729.4, 680.33]","[4, 5, 4]",13
assembly_1,3,0.7,subgraph_mip,edge_weight,1,343,1105,13,1.18,0.288,0.001,0.026,0.027,1942.76,0.8922,3.71,792,6.01,584.04,792,95.505,28.93,"[584.04, 792, 780.81]","[3, 5, 5]",13
assembly_1,3,0.7,subgraph_mip,time_balanced_weight,1,343,1105,13,1.18,0.288,0.001,0.037,0.038,1412.44,0.9423,9.53,731.84,-2.05,705.03,731.84,10.969,3.73,"[731.84, 705.03, 719.98]","[3, 5, 5]",13
assembly_1,3,0.7,subgraph_mip,combined,1,343,1105,26,2.35,0.288,0.002,0.118,0.12,445.27,0.8922,3.71,792,6.01,584.04,792,95.505,28.93,"[584.04, 792, 780.81]","[3, 5, 5]",13
assembly_1,3,0.7,subgraph_mip,blended,1,343,1105,13,1.18,0.288,0.001,0.024,0.025,2134.68,0.9168,6.57,722.42,-3.31,713.6,722.42,3.838,1.23,"[720.83, 722.42, 713.6]","[5, 3, 5]",13
assembly_1,3,0.7,subgraph_mip,blended_union,1,343,1105,37,3.35,0.288,0.011,0.334,0.345,154.29,0.8608,0.06,747.12,0.0,680.33,747.12,28.25,9.29,"[747.12, 729.4, 680.33]","[4, 5, 4]",13
assembly_1,3,0.7,subgraph_mip,diverse,1,343,1105,13,1.18,0.288,0.004,0.023,0.027,1962.32,0.9168,6.57,722.42,-3.31,713.6,722.42,3.838,1.23,"[720.83, 722.42, 713.6]","[5, 3, 5]",13
assembly_1,3,0.7,subgraph_mip,edge_weight,2,343,1105,15,1.36,0.288,0.004,0.128,0.132,403.98,0.8893,3.37,788.33,5.52,584.04,788.33,95.409,28.42,"[584.04, 784.48, 788.33]","[3, 5, 5]",13
assembly_1,3,0.7,subgraph_mip,time_balanced_weight,2,343,1105,15,1.36,0.288,0.008,0.062,0.07,759.87,0.9394,9.19,731.84,-2.05,705.03,731.84,10.969,3.73,"[731.84, 705.03, 719.98]","[3, 5, 5]",13
assembly_1,3,0.7,subgraph_mip,combined,2,343,1105,30,2.71,0.288,0.015,0.108,0.123,432.09,0.8893,3.37,788.33,5.52,584.04,788.33,95.409,28.42,"[584.04, 784.48, 788.33]","[3, 5, 5]",13
assembly_1,3,0.7,subgraph_mip,blended,2,343,1105,15,1.36,0.288,0.006,0.023,0.03,1802.21,0.9168,6.57,722.42,-3.31,713.6,722.42,3.838,1.23,"[720.83, 722.42, 713.6]","[5, 3, 5]",13
assembly_1,3,0.7,subgraph_mip,blended_union,2,343,1105,42,3.8,0.288,0.035,0.513,0.548,97.19,0.8608,0.06,747.12,0.0,680.33,747.12,28.25,9.29,"[747.12, 729.4, 680.33]","[4, 5, 4]",13
assembly_1,3,0.7,subgraph_mip,diverse,2,343,1105,26,2.35,0.288,0.006,0.102,0.108,491.73,0.9071,5.44,731.84,-2.05,705.03,731.84,10.969,3.73,"[731.84, 705.03, 719.98]","[3, 5, 5]",13
assembly_1,3,0.7,subgraph_mip,edge_weight,5,343,1105,21,1.9,0.288,0.016,0.196,0.212,251.06,0.8893,3.37,788.33,5.52,584.04,788.33,95.409,28.42,"[584.04, 784.48, 788.33]","[3, 5, 5]",13
assembly_1,3,0.7,subgraph_mip,time_balanced_weight,5,343,1105,44,3.98,0.288,0.02,0.19,0.209,254.35,0.9394,9.19,731.84,-2.05,705.03,731.84,10.969,3.73,"[731.84, 705.03, 719.98]","[3, 5, 5]",13
assembly_1,3,0.7,subgraph_mip,combined,5,343,1105,65,5.88,0.288,0.033,0.305,0.338,157.48,0.8893,3.37,788.33,5.52,584.04,788.33,95.409,28.42,"[584.04, 784.48, 788.33]","[3, 5, 5]",13
assembly_1,3,0.7,subgraph_mip,blended,5,343,1105,19,1.72,0.288,0.021,0.11,0.131,406.49,0.9168,6.57,722.42,-3.31,713.6,722.42,3.838,1.23,"[720.83, 722.42, 713.6]","[5, 3, 5]",13
assembly_1,3,0.7,subgraph_mip,blended_union,5,343,1105,60,5.43,0.288,0.069,0.281,0.35,152.24,0.8608,0.06,747.12,0.0,680.33,747.12,28.25,9.29,"[747.12, 729.4, 680.33]","[4, 5, 4]",13
assembly_1,3,0.7,subgraph_mip,diverse,5,343,1105,65,5.88,0.288,0.013,0.391,0.405,131.6,0.8716,1.32,747.12,0.0,689.75,747.12,23.433,7.98,"[747.12, 689.75, 719.98]","[4, 4, 5]",13
assembly_1,3,0.7,subgraph_mip,edge_weight,10,343,1105,24,2.17,0.288,0.045,0.255,0.3,177.53,0.8893,3.37,788.33,5.52,584.04,788.33,95.409,28.42,"[584.04, 784.48, 788.33]","[3, 5, 5]",13
assembly_1,3,0.7,subgraph_mip,time_balanced_weight,10,343,1105,57,5.16,0.288,0.054,0.248,0.303,175.99,0.9388,9.13,731.84,-2.05,705.03,731.84,10.969,3.73,"[731.84, 705.03, 719.98]","[3, 5, 5]",13
assembly_1,3,0.7,subgraph_mip,combined,10,343,1105,81,7.33,0.288,0.099,0.534,0.632,84.22,0.8893,3.37,788.33,5.52,584.04,788.33,95.409,28.42,"[584.04, 784.48, 788.33]","[3, 5, 5]",13
assembly_1,3,0.7,subgraph_mip,blended,10,343,1105,28,2.53,0.288,0.03,0.268,0.298,178.63,0.9168,6.57,722.42,-3.31,713.6,722.42,3.838,1.23,"[720.83, 722.42, 713.6]","[5, 3, 5]",13
assembly_1,3,0.7,subgraph_mip,blended_union,10,343,1105,75,6.79,0.288,0.132,0.382,0.514,103.65,0.8608,0.06,747.12,0.0,680.33,747.12,28.25,9.29,"[747.12, 729.4, 680.33]","[4, 5, 4]",13
assembly_1,3,0.7,subgraph_mip,diverse,10,343,1105,126,11.4,0.288,0.013,0.798,0.811,65.67,0.8644,0.48,747.12,0.0,696.13,747.12,21.158,7.09,"[747.12, 696.13, 713.6]","[4, 4, 5]",13
assembly_1,3,0.7,subgraph_mip,edge_weight,20,343,1105,35,3.17,0.288,0.069,0.433,0.503,105.9,0.8893,3.37,788.33,5.52,584.04,788.33,95.409,28.42,"[584.04, 784.48, 788.33]","[3, 5, 5]",13
assembly_1,3,0.7,subgraph_mip,time_balanced_weight,20,343,1105,73,6.61,0.288,0.098,0.399,0.497,107.1,0.9236,7.36,731.84,-2.05,705.03,731.84,10.969,3.73,"[731.84, 705.03, 719.98]","[3, 5, 5]",13
assembly_1,3,0.7,subgraph_mip,combined,20,343,1105,107,9.68,0.288,0.179,0.499,0.678,78.52,0.8784,2.11,754.42,0.98,655.31,754.42,45.099,13.79,"[747.12, 655.31, 754.42]","[4, 5, 4]",13
assembly_1,3,0.7,subgraph_mip,blended,20,343,1105,33,2.99,0.288,0.051,0.29,0.341,156.24,0.9168,6.57,722.42,-3.31,713.6,722.42,3.838,1.23,"[720.83, 722.42, 713.6]","[5, 3, 5]",13
assembly_1,3,0.7,subgraph_mip,blended_union,20,343,1105,93,8.42,0.288,0.223,0.438,0.661,80.52,0.8608,0.06,747.12,0.0,680.33,747.12,28.25,9.29,"[747.12, 729.4, 680.33]","[4, 5, 4]",13
assembly_1,3,0.7,subgraph_mip,diverse,20,343,1105,239,21.63,0.288,0.025,0.75,0.775,68.7,0.8621,0.22,747.12,0.0,704.18,747.12,19.927,5.97,"[747.12, 705.55, 704.18]","[4, 4, 5]",13
assembly_1,3,0.7,subgraph_mip,edge_weight,50,343,1105,54,4.89,0.288,0.157,0.374,0.531,100.29,0.8839,2.74,780.81,4.51,684,780.81,43.865,13.47,"[692.04, 684, 780.81]","[4, 4, 5]",13
assembly_1,3,0.7,subgraph_mip,time_balanced_weight,50,343,1105,141,12.76,0.288,0.209,0.581,0.79,67.37,0.9122,6.04,731.84,-2.05,711.31,731.84,9.167,2.86,"[731.84, 711.31, 713.7]","[3, 5, 5]",13
assembly_1,3,0.7,subgraph_mip,combined,50,343,1105,190,17.19,0.288,0.441,1.406,1.847,28.83,0.8783,2.09,754.42,0.98,655.31,754.42,45.099,13.79,"[747.12, 655.31, 754.42]","[4, 5, 4]",13
assembly_1,3,0.7,subgraph_mip,blended,50,343,1105,37,3.35,0.288,0.182,0.293,0.475,112.1,0.9168,6.57,722.42,-3.31,713.6,722.42,3.838,1.23,"[720.83, 722.42, 713.6]","[5, 3, 5]",13
assembly_1,3,0.7,subgraph_mip,blended_union,50,343,1105,146,13.21,0.288,0.614,0.817,1.431,37.21,0.8608,0.06,747.12,0.0,680.33,747.12,28.25,9.29,"[747.12, 729.4, 680.33]","[4, 5, 4]",13
assembly_1,3,0.7,subgraph_mip,diverse,50,343,1105,505,45.7,0.288,0.039,16.244,16.283,3.27,0.8621,0.22,747.12,0.0,704.18,747.12,19.927,5.97,"[747.12, 705.55, 704.18]","[4, 4, 5]",13
assembly_1,3,0.7,subgraph_mip,edge_weight,100,343,1105,78,7.06,0.288,0.339,0.355,0.694,76.7,0.8839,2.74,780.81,4.51,684,780.81,43.865,13.47,"[692.04, 684, 780.81]","[4, 4, 5]",13
assembly_1,3,0.7,subgraph_mip,time_balanced_weight,100,343,1105,189,17.1,0.288,0.473,1.466,1.939,27.47,0.9122,6.04,731.84,-2.05,711.31,731.84,9.167,2.86,"[731.84, 711.31, 713.7]","[3, 5, 5]",13
assembly_1,3,0.7,subgraph_mip,combined,100,343,1105,257,23.26,0.288,0.774,2.488,3.263,16.32,0.8783,2.09,754.42,0.98,655.31,754.42,45.099,13.79,"[747.12, 655.31, 754.42]","[4, 5, 4]",13
assembly_1,3,0.7,subgraph_mip,blended,100,343,1105,54,4.89,0.288,0.314,0.362,0.676,78.74,0.9168,6.57,722.42,-3.31,713.6,722.42,3.838,1.23,"[720.83, 722.42, 713.6]","[5, 3, 5]",13
assembly_1,3,0.7,subgraph_mip,blended_union,100,343,1105,190,17.19,0.288,1.03,1.278,2.308,23.08,0.8608,0.06,747.12,0.0,680.33,747.12,28.25,9.29,"[747.12, 729.4, 680.33]","[4, 5, 4]",13
assembly_1,3,0.7,subgraph_mip,diverse,100,343,1105,741,67.06,0.288,0.111,32.381,32.492,1.64,0.862,0.2,747.12,0.0,704.18,747.12,19.927,5.97,"[747.12, 705.55, 704.18]","[4, 4, 5]",13
assembly_1,3,0.7,subgraph_mip,edge_weight,200,343,1105,95,8.6,0.288,0.643,0.632,1.274,41.78,0.8839,2.74,780.81,4.51,684,780.81,43.865,13.47,"[692.04, 684, 780.81]","[4, 4, 5]",13
assembly_1,3,0.7,subgraph_mip,time_balanced_weight,200,343,1105,258,23.35,0.288,0.827,1.733,2.561,20.8,0.9122,6.04,731.84,-2.05,711.31,731.84,9.167,2.86,"[731.84, 711.31, 713.7]","[3, 5, 5]",13
assembly_1,3,0.7,subgraph_mip,combined,200,343,1105,339,30.68,0.288,1.492,4.296,5.788,9.2,0.8654,0.59,747.12,0.0,696.13,747.12,21.158,7.09,"[747.12, 696.13, 713.6]","[4, 4, 5]",13
assembly_1,3,0.7,subgraph_mip,blended,200,343,1105,69,6.24,0.288,0.657,0.514,1.171,45.48,0.9168,6.57,722.42,-3.31,713.6,722.42,3.838,1.23,"[720.83, 722.42, 713.6]","[5, 3, 5]",13
assembly_1,3,0.7,subgraph_mip,blended_union,200,343,1105,203,18.37,0.288,2.276,1.838,4.113,12.95,0.8608,0.06,747.12,0.0,680.33,747.12,28.25,9.29,"[747.12, 729.4, 680.33]","[4, 5, 4]",13
assembly_1,3,0.7,subgraph_mip,diverse,200,343,1105,909,82.26,0.288,0.213,28.097,28.31,1.88,0.8603,0.0,747.12,0.0,680.33,747.12,28.25,9.29,"[747.12, 729.4, 680.33]","[4, 5, 4]",13
assembly_1,3,0.7,subgraph_mip,edge_weight,500,343,1105,108,9.77,0.288,1.747,0.605,2.352,22.64,0.8839,2.74,780.81,4.51,684,780.81,43.865,13.47,"[692.04, 684, 780.81]","[4, 4, 5]",13
assembly_1,3,0.7,subgraph_mip,time_balanced_weight,500,343,1105,399,36.11,0.288,1.925,4.47,6.395,8.33,0.9021,4.86,731.84,-2.05,704.18,731.84,11.37,3.85,"[731.84, 720.83, 704.18]","[3, 5, 5]",13
assembly_1,3,0.7,subgraph_mip,combined,500,343,1105,459,41.54,0.288,3.874,8.68,12.553,4.24,0.8654,0.59,747.12,0.0,696.13,747.12,21.158,7.09,"[747.12, 696.13, 713.6]","[4, 4, 5]",13
assembly_1,3,0.7,subgraph_mip,blended,500,343,1105,70,6.33,0.288,1.676,0.42,2.097,25.39,0.9168,6.57,722.42,-3.31,713.6,722.42,3.838,1.23,"[720.83, 722.42, 713.6]","[5, 3, 5]",13
assembly_1,3,0.7,subgraph_mip,blended_union,500,343,1105,247,22.35,0.288,5.513,3.004,8.517,6.25,0.8608,0.06,747.12,0.0,680.33,747.12,28.25,9.29,"[747.12, 729.4, 680.33]","[4, 5, 4]",13
assembly_1,3,0.7,subgraph_mip,diverse,500,343,1105,1042,94.3,0.288,0.501,66.347,66.848,0.8,0.8603,0.0,747.12,0.0,680.33,747.12,28.25,9.29,"[747.12, 729.4, 680.33]","[4, 5, 4]",13
assembly_1,3,0.7,subgraph_mip,edge_weight,1000,343,1105,142,12.85,0.288,3.332,0.533,3.866,13.78,0.8603,0.0,747.12,0.0,680.33,747.12,28.25,9.29,"[747.12, 729.4, 680.33]","[4, 5, 4]",13
assembly_1,3,0.7,subgraph_mip,time_balanced_weight,1000,343,1105,500,45.25,0.288,4.826,8.376,13.203,4.03,0.9021,4.86,731.84,-2.05,704.18,731.84,11.37,3.85,"[731.84, 720.83, 704.18]","[3, 5, 5]",13
assembly_1,3,0.7,subgraph_mip,combined,1000,343,1105,578,52.31,0.288,8.694,12.598,21.292,2.5,0.8603,0.0,747.12,0.0,680.33,747.12,28.25,9.29,"[747.12, 729.4, 680.33]","[4, 5, 4]",13
assembly_1,3,0.7,subgraph_mip,blended,1000,343,1105,131,11.86,0.288,3.788,1.066,4.854,10.97,0.867,0.79,747.12,0.0,689.75,747.12,23.433,7.98,"[747.12, 689.75, 719.98]","[4, 4, 5]",13
assembly_1,3,0.7,subgraph_mip,blended_union,1000,343,1105,284,25.7,0.288,11.155,2.68,13.835,3.85,0.8603,0.0,747.12,0.0,680.33,747.12,28.25,9.29,"[747.12, 729.4, 680.33]","[4, 5, 4]",13
assembly_1,3,0.7,subgraph_mip,diverse,1000,343,1105,1097,99.28,0.288,1.061,60.077,61.138,0.87,0.8603,0.0,747.12,0.0,680.33,747.12,28.25,9.29,"[747.12, 729.4, 680.33]","[4, 5, 4]",13
assembly_1,3,0.7,subgraph_mip,edge_weight,2000,343,1105,185,16.74,0.288,8.827,1.263,10.09,5.28,0.8603,-0.0,747.12,0.0,680.33,747.12,28.25,9.29,"[747.12, 729.4, 680.33]","[4, 5, 4]",13
assembly_1,3,0.7,subgraph_mip,time_balanced_weight,2000,343,1105,630,57.01,0.288,8.638,26.942,35.58,1.5,0.902,4.85,731.84,-2.05,704.18,731.84,11.37,3.85,"[731.84, 720.83, 704.18]","[3, 5, 5]",13
assembly_1,3,0.7,subgraph_mip,combined,2000,343,1105,685,61.99,0.288,15.938,12.103,28.041,1.9,0.8603,0.0,747.12,0.0,680.33,747.12,28.25,9.29,"[747.12, 729.4, 680.33]","[4, 5, 4]",13
assembly_1,3,0.7,subgraph_mip,blended,2000,343,1105,184,16.65,0.288,9.517,1.232,10.749,4.95,0.8653,0.58,747.12,0.0,696.03,747.12,21.185,7.11,"[747.12, 696.03, 713.7]","[4, 4, 5]",13
assembly_1,3,0.7,subgraph_mip,blended_union,2000,343,1105,335,30.32,0.288,26.765,3.826,30.591,1.74,0.8603,-0.0,747.12,0.0,680.33,747.12,28.25,9.29,"[747.12, 729.4, 680.33]","[4, 5, 4]",13
assembly_1,3,0.7,subgraph_mip,diverse,2000,343,1105,1105,100.0,0.288,2.188,49.138,51.326,1.04,0.8603,0.0,747.12,0.0,680.33,747.12,28.25,9.29,"[747.12, 729.4, 680.33]","[4, 5, 4]",13
assembly_1,3,0.7,subgraph_mip,edge_weight,5000,343,1105,232,21.0,0.288,37.792,1.285,39.077,1.36,0.8603,0.0,747.12,0.0,680.33,747.12,28.25,9.29,"[747.12, 729.4, 680.33]","[4, 5, 4]",13
assembly_1,3,0.7,subgraph_mip,time_balanced_weight,5000,343,1105,799,72.31,0.288,29.581,34.079,63.66,0.84,0.902,4.85,731.84,-2.05,704.18,731.84,11.37,3.85,"[731.84, 720.83, 704.18]","[3, 5, 5]",13
assembly_1,3,0.7,subgraph_mip,combined,5000,343,1105,830,75.11,0.288,60.486,13.824,74.309,0.72,0.8603,0.0,747.12,0.0,680.33,747.12,28.25,9.29,"[747.12, 729.4, 680.33]","[4, 5, 4]",13
assembly_1,3,0.7,subgraph_mip,blended,5000,343,1105,259,23.44,0.288,31.713,1.291,33.004,1.61,0.8644,0.48,747.12,0.0,696.13,747.12,21.158,7.09,"[747.12, 696.13, 713.6]","[4, 4, 5]",13
assembly_1,3,0.7,subgraph_mip,blended_union,5000,343,1105,355,32.13,0.288,82.991,2.363,85.354,0.62,0.8603,0.0,747.12,0.0,680.33,747.12,28.25,9.29,"[747.12, 729.4, 680.33]","[4, 5, 4]",13
assembly_1,3,0.7,subgraph_mip,diverse,5000,343,1105,1105,100.0,0.288,4.086,32.687,36.774,1.45,0.8603,0.0,747.12,0.0,680.33,747.12,28.25,9.29,"[747.12, 729.4, 680.33]","[4, 5, 4]",13
assembly_1,3,0.75,full_mip,—,,343,1105,1105,100.0,0.422,0.0,76.522,76.522,1.0,0.8612,0.0,747.12,0.0,680.33,747.12,28.25,9.29,"[747.12, 729.4, 680.33]","[4, 5, 4]",13
assembly_1,3,0.75,subgraph_mip,edge_weight,1,343,1105,13,1.18,0.422,0.002,0.05,0.052,1482.71,0.8964,4.09,792,6.01,584.04,792,95.505,28.93,"[584.04, 792, 780.81]","[3, 5, 5]",13
assembly_1,3,0.75,subgraph_mip,time_balanced_weight,1,343,1105,13,1.18,0.422,0.001,0.05,0.051,1510.84,0.9265,7.59,731.84,-2.05,705.03,731.84,10.969,3.73,"[731.84, 705.03, 719.98]","[3, 5, 5]",13
assembly_1,3,0.75,subgraph_mip,combined,1,343,1105,26,2.35,0.422,0.002,0.5,0.501,152.62,0.8964,4.09,792,6.01,584.04,792,95.505,28.93,"[584.04, 792, 780.81]","[3, 5, 5]",13
assembly_1,3,0.75,subgraph_mip,blended,1,343,1105,13,1.18,0.422,0.001,0.047,0.048,1585.82,0.9035,4.91,722.42,-3.31,713.6,722.42,3.838,1.23,"[720.83, 722.42, 713.6]","[5, 3, 5]",13
assembly_1,3,0.75,subgraph_mip,blended_union,1,343,1105,37,3.35,0.422,0.017,0.575,0.592,129.29,0.8616,0.05,747.12,-0.0,680.33,747.12,28.25,9.29,"[747.12, 729.4, 680.33]","[4, 5, 4]",13
assembly_1,3,0.75,subgraph_mip,diverse,1,343,1105,13,1.18,0.422,0.004,0.023,0.027,2815.01,0.9035,4.91,722.42,-3.31,713.6,722.42,3.838,1.23,"[720.83, 722.42, 713.6]","[5, 3, 5]",13
assembly_1,3,0.75,subgraph_mip,edge_weight,2,343,1105,15,1.36,0.422,0.004,0.085,0.089,859.78,0.8933,3.73,788.33,5.52,584.04,788.33,95.409,28.42,"[584.04, 784.48, 788.33]","[3, 5, 5]",13
assembly_1,3,0.75,subgraph_mip,time_balanced_weight,2,343,1105,15,1.36,0.422,0.005,0.023,0.028,2702.74,0.9241,7.31,731.84,-2.05,705.03,731.84,10.969,3.73,"[731.84, 705.03, 719.98]","[3, 5, 5]",13
assembly_1,3,0.75,subgraph_mip,combined,2,343,1105,30,2.71,0.422,0.009,0.326,0.334,228.78,0.8933,3.73,788.33,5.52,584.04,788.33,95.409,28.42,"[584.04, 784.48, 788.33]","[3, 5, 5]",13
assembly_1,3,0.75,subgraph_mip,blended,2,343,1105,15,1.36,0.422,0.004,0.02,0.024,3255.98,0.9035,4.91,722.42,-3.31,713.6,722.42,3.838,1.23,"[720.83, 722.42, 713.6]","[5, 3, 5]",13
assembly_1,3,0.75,subgraph_mip,blended_union,2,343,1105,42,3.8,0.422,0.044,0.582,0.626,122.27,0.8616,0.05,747.12,-0.0,680.33,747.12,28.25,9.29,"[747.12, 729.4, 680.33]","[4, 5, 4]",13
assembly_1,3,0.75,subgraph_mip,diverse,2,343,1105,26,2.35,0.422,0.004,0.153,0.157,486.49,0.8972,4.18,731.84,-2.05,705.03,731.84,10.969,3.73,"[731.84, 705.03, 719.98]","[3, 5, 5]",13
assembly_1,3,0.75,subgraph_mip,edge_weight,5,343,1105,21,1.9,0.422,0.013,0.141,0.153,499.02,0.8933,3.73,788.33,5.52,584.04,788.33,95.409,28.42,"[584.04, 784.48, 788.33]","[3, 5, 5]",13
assembly_1,3,0.75,subgraph_mip,time_balanced_weight,5,343,1105,44,3.98,0.422,0.02,0.645,0.665,115.05,0.9241,7.31,731.84,-2.05,705.03,731.84,10.969,3.73,"[731.84, 705.03, 719.98]","[3, 5, 5]",13
assembly_1,3,0.75,subgraph_mip,combined,5,343,1105,65,5.88,0.422,0.029,0.292,0.322,237.8,0.8933,3.73,788.33,5.52,584.04,788.33,95.409,28.42,"[584.04, 784.48, 788.33]","[3, 5, 5]",13
assembly_1,3,0.75,subgraph_mip,blended,5,343,1105,19,1.72,0.422,0.011,0.074,0.085,900.58,0.9035,4.91,722.42,-3.31,713.6,722.42,3.838,1.23,"[720.83, 722.42, 713.6]","[5, 3, 5]",13
assembly_1,3,0.75,subgraph_mip,blended_union,5,343,1105,60,5.43,0.422,0.081,0.311,0.392,195.26,0.8616,0.05,747.12,-0.0,680.33,747.12,28.25,9.29,"[747.12, 729.4, 680.33]","[4, 5, 4]",13
assembly_1,3,0.75,subgraph_mip,diverse,5,343,1105,65,5.88,0.422,0.012,0.354,0.365,209.38,0.8706,1.1,747.12,-0.0,689.75,747.12,23.433,7.98,"[747.12, 689.75, 719.98]","[4, 4, 5]",13
assembly_1,3,0.75,subgraph_mip,edge_weight,10,343,1105,24,2.17,0.422,0.047,0.166,0.213,358.87,0.8933,3.73,788.33,5.52,584.04,788.33,95.409,28.42,"[584.04, 784.48, 788.33]","[3, 5, 5]",13
assembly_1,3,0.75,subgraph_mip,time_balanced_weight,10,343,1105,57,5.16,0.422,0.054,0.276,0.33,231.94,0.9237,7.26,731.84,-2.05,705.03,731.84,10.969,3.73,"[731.84, 705.03, 719.98]","[3, 5, 5]",13
assembly_1,3,0.75,subgraph_mip,combined,10,343,1105,81,7.33,0.422,0.099,0.351,0.45,169.99,0.8933,3.73,788.33,5.52,584.04,788.33,95.409,28.42,"[584.04, 784.48, 788.33]","[3, 5, 5]",13
assembly_1,3,0.75,subgraph_mip,blended,10,343,1105,28,2.53,0.422,0.026,0.169,0.194,393.65,0.9035,4.91,722.42,-3.31,713.6,722.42,3.838,1.23,"[720.83, 722.42, 713.6]","[5, 3, 5]",13
assembly_1,3,0.75,subgraph_mip,blended_union,10,343,1105,75,6.79,0.422,0.108,0.243,0.35,218.34,0.8616,0.05,747.12,-0.0,680.33,747.12,28.25,9.29,"[747.12, 729.4, 680.33]","[4, 5, 4]",13
assembly_1,3,0.75,subgraph_mip,diverse,10,343,1105,126,11.4,0.422,0.018,0.518,0.536,142.85,0.8691,0.92,747.12,0.0,686.61,747.12,24.878,8.42,"[747.12, 686.61, 723.12]","[4, 4, 5]",13
assembly_1,3,0.75,subgraph_mip,edge_weight,20,343,1105,35,3.17,0.422,0.08,0.38,0.459,166.55,0.8933,3.73,788.33,5.52,584.04,788.33,95.409,28.42,"[584.04, 784.48, 788.33]","[3, 5, 5]",13
assembly_1,3,0.75,subgraph_mip,time_balanced_weight,20,343,1105,73,6.61,0.422,0.097,0.349,0.446,171.55,0.9109,5.78,731.84,-2.05,705.03,731.84,10.969,3.73,"[731.84, 705.03, 719.98]","[3, 5, 5]",13
assembly_1,3,0.75,subgraph_mip,combined,20,343,1105,107,9.68,0.422,0.154,0.48,0.634,120.76,0.8777,1.92,754.42,0.98,655.31,754.42,45.099,13.79,"[747.12, 655.31, 754.42]","[4, 5, 4]",13
assembly_1,3,0.75,subgraph_mip,blended,20,343,1105,33,2.99,0.422,0.067,0.195,0.262,292.35,0.9035,4.91,722.42,-3.31,713.6,722.42,3.838,1.23,"[720.83, 722.42, 713.6]","[5, 3, 5]",13
assembly_1,3,0.75,subgraph_mip,blended_union,20,343,1105,93,8.42,0.422,0.254,0.375,0.629,121.59,0.8616,0.05,747.12,-0.0,680.33,747.12,28.25,9.29,"[747.12, 729.4, 680.33]","[4, 5, 4]",13
assembly_1,3,0.75,subgraph_mip,diverse,20,343,1105,239,21.63,0.422,0.013,1.091,1.104,69.33,0.8622,0.12,747.12,0.0,704.18,747.12,19.927,5.97,"[747.12, 705.55, 704.18]","[4, 4, 5]",13
assembly_1,3,0.75,subgraph_mip,edge_weight,50,343,1105,54,4.89,0.422,0.129,0.739,0.869,88.1,0.8873,3.04,780.81,4.51,684,780.81,43.865,13.47,"[692.04, 684, 780.81]","[4, 4, 5]",13
assembly_1,3,0.75,subgraph_mip,time_balanced_weight,50,343,1105,141,12.76,0.422,0.206,0.753,0.958,79.85,0.9015,4.69,731.84,-2.05,711.31,731.84,9.167,2.86,"[731.84, 711.31, 713.7]","[3, 5, 5]",13
assembly_1,3,0.75,subgraph_mip,combined,50,343,1105,190,17.19,0.422,0.389,1.337,1.726,44.33,0.8776,1.9,754.42,0.98,655.31,754.42,45.099,13.79,"[747.12, 655.31, 754.42]","[4, 5, 4]",13
assembly_1,3,0.75,subgraph_mip,blended,50,343,1105,37,3.35,0.422,0.181,0.42,0.601,127.38,0.9035,4.91,722.42,-3.31,713.6,722.42,3.838,1.23,"[720.83, 722.42, 713.6]","[5, 3, 5]",13
assembly_1,3,0.75,subgraph_mip,blended_union,50,343,1105,146,13.21,0.422,0.572,0.616,1.189,64.37,0.8616,0.05,747.12,0.0,680.33,747.12,28.25,9.29,"[747.12, 729.4, 680.33]","[4, 5, 4]",13
assembly_1,3,0.75,subgraph_mip,diverse,50,343,1105,507,45.88,0.422,0.04,6.025,6.066,12.62,0.8622,0.11,747.12,0.0,704.18,747.12,19.927,5.97,"[747.12, 705.55, 704.18]","[4, 4, 5]",13
assembly_1,3,0.75,subgraph_mip,edge_weight,100,343,1105,78,7.06,0.422,0.374,0.61,0.984,77.76,0.8873,3.04,780.81,4.51,684,780.81,43.865,13.47,"[692.04, 684, 780.81]","[4, 4, 5]",13
assembly_1,3,0.75,subgraph_mip,time_balanced_weight,100,343,1105,189,17.1,0.422,0.469,1.898,2.367,32.33,0.9015,4.69,731.84,-2.05,711.31,731.84,9.167,2.86,"[731.84, 711.31, 713.7]","[3, 5, 5]",13
assembly_1,3,0.75,subgraph_mip,combined,100,343,1105,257,23.26,0.422,0.962,2.252,3.213,23.81,0.8776,1.9,754.42,0.98,655.31,754.42,45.099,13.79,"[747.12, 655.31, 754.42]","[4, 5, 4]",13
assembly_1,3,0.75,subgraph_mip,blended,100,343,1105,54,4.89,0.422,0.253,0.596,0.849,90.15,0.9035,4.91,722.42,-3.31,713.6,722.42,3.838,1.23,"[720.83, 722.42, 713.6]","[5, 3, 5]",13
assembly_1,3,0.75,subgraph_mip,blended_union,100,343,1105,190,17.19,0.422,1.108,1.454,2.562,29.87,0.8616,0.05,747.12,0.0,680.33,747.12,28.25,9.29,"[747.12, 729.4, 680.33]","[4, 5, 4]",13
assembly_1,3,0.75,subgraph_mip,diverse,100,343,1105,743,67.24,0.422,0.085,61.149,61.234,1.25,0.8622,0.11,747.12,0.0,704.18,747.12,19.927,5.97,"[747.12, 705.55, 704.18]","[4, 4, 5]",13
assembly_1,3,0.75,subgraph_mip,edge_weight,200,343,1105,95,8.6,0.422,0.681,0.532,1.213,63.08,0.8873,3.04,780.81,4.51,684,780.81,43.865,13.47,"[692.04, 684, 780.81]","[4, 4, 5]",13
assembly_1,3,0.75,subgraph_mip,time_balanced_weight,200,343,1105,258,23.35,0.422,0.967,1.306,2.273,33.66,0.9015,4.69,731.84,-2.05,711.31,731.84,9.167,2.86,"[731.84, 711.31, 713.7]","[3, 5, 5]",13
assembly_1,3,0.75,subgraph_mip,combined,200,343,1105,339,30.68,0.422,1.543,4.519,6.062,12.62,0.8654,0.49,747.12,0.0,696.13,747.12,21.158,7.09,"[747.12, 696.13, 713.6]","[4, 4, 5]",13
assembly_1,3,0.75,subgraph_mip,blended,200,343,1105,69,6.24,0.422,0.687,0.655,1.343,56.99,0.9035,4.91,722.42,-3.31,713.6,722.42,3.838,1.23,"[720.83, 722.42, 713.6]","[5, 3, 5]",13
assembly_1,3,0.75,subgraph_mip,blended_union,200,343,1105,203,18.37,0.422,2.258,0.946,3.204,23.89,0.8616,0.05,747.12,0.0,680.33,747.12,28.25,9.29,"[747.12, 729.4, 680.33]","[4, 5, 4]",13
assembly_1,3,0.75,subgraph_mip,diverse,200,343,1105,905,81.9,0.422,0.176,56.427,56.604,1.35,0.8622,0.11,747.12,0.0,704.18,747.12,19.927,5.97,"[747.12, 705.55, 704.18]","[4, 4, 5]",13
assembly_1,3,0.75,subgraph_mip,edge_weight,500,343,1105,108,9.77,0.422,1.751,0.712,2.463,31.07,0.8873,3.04,780.81,4.51,684,780.81,43.865,13.47,"[692.04, 684, 780.81]","[4, 4, 5]",13
assembly_1,3,0.75,subgraph_mip,time_balanced_weight,500,343,1105,399,36.11,0.422,1.995,12.683,14.678,5.21,0.8931,3.7,731.84,-2.05,704.18,731.84,11.37,3.85,"[731.84, 720.83, 704.18]","[3, 5, 5]",13
assembly_1,3,0.75,subgraph_mip,combined,500,343,1105,459,41.54,0.422,3.363,7.402,10.765,7.11,0.8654,0.49,747.12,0.0,696.13,747.12,21.158,7.09,"[747.12, 696.13, 713.6]","[4, 4, 5]",13
assembly_1,3,0.75,subgraph_mip,blended,500,343,1105,70,6.33,0.422,1.636,0.355,1.99,38.45,0.9035,4.91,722.42,-3.31,713.6,722.42,3.838,1.23,"[720.83, 722.42, 713.6]","[5, 3, 5]",13
assembly_1,3,0.75,subgraph_mip,blended_union,500,343,1105,247,22.35,0.422,5.546,2.757,8.303,9.22,0.8616,0.05,747.12,0.0,680.33,747.12,28.25,9.29,"[747.12, 729.4, 680.33]","[4, 5, 4]",13
assembly_1,3,0.75,subgraph_mip,diverse,500,343,1105,1043,94.39,0.422,0.509,95.044,95.553,0.8,0.8613,0.02,747.12,0.0,680.33,747.12,28.25,9.29,"[747.12, 729.4, 680.33]","[4, 5, 4]",13
assembly_1,3,0.75,subgraph_mip,edge_weight,1000,343,1105,142,12.85,0.422,3.408,1.564,4.973,15.39,0.8612,-0.0,747.12,0.0,680.33,747.12,28.25,9.29,"[747.12, 729.4, 680.33]","[4, 5, 4]",13
assembly_1,3,0.75,subgraph_mip,time_balanced_weight,1000,343,1105,500,45.25,0.422,4.033,13.541,17.574,4.35,0.8931,3.7,731.84,-2.05,704.18,731.84,11.37,3.85,"[731.84, 720.83, 704.18]","[3, 5, 5]",13
assembly_1,3,0.75,subgraph_mip,combined,1000,343,1105,578,52.31,0.422,7.351,11.69,19.041,4.02,0.8612,-0.0,747.12,0.0,680.33,747.12,28.25,9.29,"[747.12, 729.4, 680.33]","[4, 5, 4]",13
assembly_1,3,0.75,subgraph_mip,blended,1000,343,1105,122,11.04,0.422,4.383,0.605,4.988,15.34,0.8972,4.18,731.84,-2.05,705.03,731.84,10.969,3.73,"[731.84, 705.03, 719.98]","[3, 5, 5]",13
assembly_1,3,0.75,subgraph_mip,blended_union,1000,343,1105,284,25.7,0.422,12.248,2.075,14.323,5.34,0.8612,-0.0,747.12,0.0,680.33,747.12,28.25,9.29,"[747.12, 729.4, 680.33]","[4, 5, 4]",13
assembly_1,3,0.75,subgraph_mip,diverse,1000,343,1105,1093,98.91,0.422,1.068,48.163,49.231,1.55,0.8612,0.0,747.12,0.0,680.33,747.12,28.25,9.29,"[747.12, 729.4, 680.33]","[4, 5, 4]",13
assembly_1,3,0.75,subgraph_mip,edge_weight,2000,343,1105,185,16.74,0.422,8.271,1.751,10.022,7.64,0.8612,-0.0,747.12,0.0,680.33,747.12,28.25,9.29,"[747.12, 729.4, 680.33]","[4, 5, 4]",13
assembly_1,3,0.75,subgraph_mip,time_balanced_weight,2000,343,1105,630,57.01,0.422,8.391,9.786,18.177,4.21,0.893,3.69,731.84,-2.05,704.18,731.84,11.37,3.85,"[731.84, 720.83, 704.18]","[3, 5, 5]",13
assembly_1,3,0.75,subgraph_mip,combined,2000,343,1105,685,61.99,0.422,16.703,20.191,36.894,2.07,0.8612,0.0,747.12,0.0,680.33,747.12,28.25,9.29,"[747.12, 729.4, 680.33]","[4, 5, 4]",13
assembly_1,3,0.75,subgraph_mip,blended,2000,343,1105,170,15.38,0.422,11.267,1.349,12.615,6.07,0.8954,3.98,731.84,-2.05,711.31,731.84,9.167,2.86,"[731.84, 711.31, 713.7]","[3, 5, 5]",13
assembly_1,3,0.75,subgraph_mip,blended_union,2000,343,1105,335,30.32,0.422,28.294,3.461,31.756,2.41,0.8612,0.0,747.12,0.0,680.33,747.12,28.25,9.29,"[747.12, 729.4, 680.33]","[4, 5, 4]",13
assembly_1,3,0.75,subgraph_mip,diverse,2000,343,1105,1105,100.0,0.422,1.992,75.566,77.558,0.99,0.8612,0.0,747.12,0.0,680.33,747.12,28.25,9.29,"[747.12, 729.4, 680.33]","[4, 5, 4]",13
assembly_1,3,0.75,subgraph_mip,edge_weight,5000,343,1105,232,21.0,0.422,30.354,2.046,32.401,2.36,0.8612,0.0,747.12,0.0,680.33,747.12,28.25,9.29,"[747.12, 729.4, 680.33]","[4, 5, 4]",13
assembly_1,3,0.75,subgraph_mip,time_balanced_weight,5000,343,1105,799,72.31,0.422,23.41,24.722,48.132,1.59,0.893,3.69,731.84,-2.05,704.18,731.84,11.37,3.85,"[731.84, 720.83, 704.18]","[3, 5, 5]",13
assembly_1,3,0.75,subgraph_mip,combined,5000,343,1105,830,75.11,0.422,50.481,28.89,79.371,0.96,0.8612,0.0,747.12,0.0,680.33,747.12,28.25,9.29,"[747.12, 729.4, 680.33]","[4, 5, 4]",13
assembly_1,3,0.75,subgraph_mip,blended,5000,343,1105,214,19.37,0.422,27.66,0.902,28.562,2.68,0.8653,0.48,747.12,0.0,696.03,747.12,21.185,7.11,"[747.12, 696.03, 713.7]","[4, 4, 5]",13
assembly_1,3,0.75,subgraph_mip,blended_union,5000,343,1105,355,32.13,0.422,71.969,2.678,74.647,1.03,0.8612,0.0,747.12,0.0,680.33,747.12,28.25,9.29,"[747.12, 729.4, 680.33]","[4, 5, 4]",13
assembly_1,3,0.75,subgraph_mip,diverse,5000,343,1105,1105,100.0,0.422,3.821,40.194,44.015,1.74,0.8612,0.0,747.12,0.0,680.33,747.12,28.25,9.29,"[747.12, 729.4, 680.33]","[4, 5, 4]",13
assembly_1,3,0.8,full_mip,—,,343,1105,1105,100.0,0.405,0.0,124.641,124.641,1.0,0.862,0.0,747.12,0.0,680.33,747.12,28.25,9.29,"[747.12, 729.4, 680.33]","[4, 5, 4]",13
assembly_1,3,0.8,subgraph_mip,edge_weight,1,343,1105,13,1.18,0.405,0.003,0.024,0.027,4601.13,0.9006,4.48,792,6.01,584.04,792,95.505,28.93,"[584.04, 792, 780.81]","[3, 5, 5]",13
assembly_1,3,0.8,subgraph_mip,time_balanced_weight,1,343,1105,13,1.18,0.405,0.002,0.017,0.019,6440.98,0.9108,5.65,731.84,-2.05,705.03,731.84,10.969,3.73,"[731.84, 705.03, 719.98]","[3, 5, 5]",13
assembly_1,3,0.8,subgraph_mip,combined,1,343,1105,26,2.35,0.405,0.003,0.502,0.505,246.9,0.9006,4.48,792,6.01,584.04,792,95.505,28.93,"[584.04, 792, 780.81]","[3, 5, 5]",13
assembly_1,3,0.8,subgraph_mip,blended,1,343,1105,13,1.18,0.405,0.002,0.044,0.046,2723.55,0.8902,3.26,722.42,-3.31,713.6,722.42,3.838,1.23,"[720.83, 722.42, 713.6]","[5, 3, 5]",13
assembly_1,3,0.8,subgraph_mip,blended_union,1,343,1105,37,3.35,0.405,0.02,0.262,0.281,442.9,0.8624,0.04,747.12,0.0,680.33,747.12,28.25,9.29,"[747.12, 729.4, 680.33]","[4, 5, 4]",13
assembly_1,3,0.8,subgraph_mip,diverse,1,343,1105,13,1.18,0.405,0.004,0.048,0.052,2415.23,0.8902,3.26,722.42,-3.31,713.6,722.42,3.838,1.23,"[720.83, 722.42, 713.6]","[5, 3, 5]",13
assembly_1,3,0.8,subgraph_mip,edge_weight,2,343,1105,15,1.36,0.405,0.004,0.196,0.2,623.57,0.8973,4.09,788.33,5.52,584.04,788.33,95.409,28.42,"[584.04, 784.48, 788.33]","[3, 5, 5]",13
assembly_1,3,0.8,subgraph_mip,time_balanced_weight,2,343,1105,15,1.36,0.405,0.005,0.142,0.147,846.28,0.9089,5.43,731.84,-2.05,705.03,731.84,10.969,3.73,"[731.84, 705.03, 719.98]","[3, 5, 5]",13
assembly_1,3,0.8,subgraph_mip,combined,2,343,1105,30,2.71,0.405,0.009,0.508,0.517,241.05,0.8973,4.09,788.33,5.52,584.04,788.33,95.409,28.42,"[584.04, 784.48, 788.33]","[3, 5, 5]",13
assembly_1,3,0.8,subgraph_mip,blended,2,343,1105,15,1.36,0.405,0.004,0.042,0.045,2743.67,0.8902,3.26,722.42,-3.31,713.6,722.42,3.838,1.23,"[720.83, 722.42, 713.6]","[5, 3, 5]",13
assembly_1,3,0.8,subgraph_mip,blended_union,2,343,1105,42,3.8,0.405,0.024,0.874,0.898,138.79,0.8624,0.04,747.12,0.0,680.33,747.12,28.25,9.29,"[747.12, 729.4, 680.33]","[4, 5, 4]",13
assembly_1,3,0.8,subgraph_mip,diverse,2,343,1105,26,2.35,0.405,0.009,0.336,0.345,361.18,0.8873,2.93,731.84,-2.05,705.03,731.84,10.969,3.73,"[731.84, 705.03, 719.98]","[3, 5, 5]",13
assembly_1,3,0.8,subgraph_mip,edge_weight,5,343,1105,21,1.9,0.405,0.023,0.177,0.201,621.55,0.8973,4.09,788.33,5.52,584.04,788.33,95.409,28.42,"[584.04, 784.48, 788.33]","[3, 5, 5]",13
assembly_1,3,0.8,subgraph_mip,time_balanced_weight,5,343,1105,44,3.98,0.405,0.022,0.437,0.459,271.37,0.9089,5.43,731.84,-2.05,705.03,731.84,10.969,3.73,"[731.84, 705.03, 719.98]","[3, 5, 5]",13
assembly_1,3,0.8,subgraph_mip,combined,5,343,1105,65,5.88,0.405,0.031,0.316,0.347,359.07,0.8973,4.09,788.33,5.52,584.04,788.33,95.409,28.42,"[584.04, 784.48, 788.33]","[3, 5, 5]",13
assembly_1,3,0.8,subgraph_mip,blended,5,343,1105,19,1.72,0.405,0.017,0.076,0.093,1344.34,0.8902,3.26,722.42,-3.31,713.6,722.42,3.838,1.23,"[720.83, 722.42, 713.6]","[5, 3, 5]",13
assembly_1,3,0.8,subgraph_mip,blended_union,5,343,1105,60,5.43,0.405,0.073,0.279,0.351,354.72,0.8624,0.04,747.12,0.0,680.33,747.12,28.25,9.29,"[747.12, 729.4, 680.33]","[4, 5, 4]",13
assembly_1,3,0.8,subgraph_mip,diverse,5,343,1105,65,5.88,0.405,0.006,0.247,0.253,492.6,0.8873,2.93,731.84,-2.05,705.03,731.84,10.969,3.73,"[731.84, 705.03, 719.98]","[3, 5, 5]",13
assembly_1,3,0.8,subgraph_mip,edge_weight,10,343,1105,24,2.17,0.405,0.027,0.241,0.268,464.94,0.8973,4.09,788.33,5.52,584.04,788.33,95.409,28.42,"[584.04, 784.48, 788.33]","[3, 5, 5]",13
assembly_1,3,0.8,subgraph_mip,time_balanced_weight,10,343,1105,57,5.16,0.405,0.047,0.292,0.339,367.33,0.9085,5.39,731.84,-2.05,705.03,731.84,10.969,3.73,"[731.84, 705.03, 719.98]","[3, 5, 5]",13
assembly_1,3,0.8,subgraph_mip,combined,10,343,1105,81,7.33,0.405,0.111,0.518,0.63,197.96,0.8973,4.09,788.33,5.52,584.04,788.33,95.409,28.42,"[584.04, 784.48, 788.33]","[3, 5, 5]",13
assembly_1,3,0.8,subgraph_mip,blended,10,343,1105,28,2.53,0.405,0.023,0.21,0.233,534.44,0.8902,3.26,722.42,-3.31,713.6,722.42,3.838,1.23,"[720.83, 722.42, 713.6]","[5, 3, 5]",13
assembly_1,3,0.8,subgraph_mip,blended_union,10,343,1105,75,6.79,0.405,0.103,0.512,0.615,202.71,0.8624,0.04,747.12,0.0,680.33,747.12,28.25,9.29,"[747.12, 729.4, 680.33]","[4, 5, 4]",13
assembly_1,3,0.8,subgraph_mip,diverse,10,343,1105,126,11.4,0.405,0.017,0.648,0.665,187.31,0.8648,0.32,747.12,0.0,696.13,747.12,21.158,7.09,"[747.12, 696.13, 713.6]","[4, 4, 5]",13
assembly_1,3,0.8,subgraph_mip,edge_weight,20,343,1105,35,3.17,0.405,0.079,0.204,0.284,439.62,0.8973,4.09,788.33,5.52,584.04,788.33,95.409,28.42,"[584.04, 784.48, 788.33]","[3, 5, 5]",13
assembly_1,3,0.8,subgraph_mip,time_balanced_weight,20,343,1105,73,6.61,0.405,0.098,0.454,0.552,225.88,0.8983,4.21,731.84,-2.05,705.03,731.84,10.969,3.73,"[731.84, 705.03, 719.98]","[3, 5, 5]",13
assembly_1,3,0.8,subgraph_mip,combined,20,343,1105,107,9.68,0.405,0.153,0.458,0.612,203.82,0.877,1.73,754.42,0.98,655.31,754.42,45.099,13.79,"[747.12, 655.31, 754.42]","[4, 5, 4]",13
assembly_1,3,0.8,subgraph_mip,blended,20,343,1105,33,2.99,0.405,0.08,0.291,0.371,335.73,0.8902,3.26,722.42,-3.31,713.6,722.42,3.838,1.23,"[720.83, 722.42, 713.6]","[5, 3, 5]",13
assembly_1,3,0.8,subgraph_mip,blended_union,20,343,1105,93,8.42,0.405,0.225,0.351,0.576,216.34,0.8624,0.04,747.12,0.0,680.33,747.12,28.25,9.29,"[747.12, 729.4, 680.33]","[4, 5, 4]",13
assembly_1,3,0.8,subgraph_mip,diverse,20,343,1105,239,21.63,0.405,0.012,1.693,1.706,73.07,0.8648,0.32,747.12,0.0,696.13,747.12,21.158,7.09,"[747.12, 696.13, 713.6]","[4, 4, 5]",13
assembly_1,3,0.8,subgraph_mip,edge_weight,50,343,1105,54,4.89,0.405,0.2,0.493,0.693,179.87,0.8908,3.33,780.81,4.51,684,780.81,43.865,13.47,"[692.04, 684, 780.81]","[4, 4, 5]",13
assembly_1,3,0.8,subgraph_mip,time_balanced_weight,50,343,1105,141,12.76,0.405,0.26,0.748,1.009,123.56,0.8908,3.33,731.84,-2.05,711.31,731.84,9.167,2.86,"[731.84, 711.31, 713.7]","[3, 5, 5]",13
assembly_1,3,0.8,subgraph_mip,combined,50,343,1105,190,17.19,0.405,0.443,1.478,1.92,64.91,0.8768,1.72,754.42,0.98,655.31,754.42,45.099,13.79,"[747.12, 655.31, 754.42]","[4, 5, 4]",13
assembly_1,3,0.8,subgraph_mip,blended,50,343,1105,37,3.35,0.405,0.185,0.313,0.498,250.46,0.8902,3.26,722.42,-3.31,713.6,722.42,3.838,1.23,"[720.83, 722.42, 713.6]","[5, 3, 5]",13
assembly_1,3,0.8,subgraph_mip,blended_union,50,343,1105,146,13.21,0.405,0.605,0.778,1.383,90.14,0.8624,0.04,747.12,0.0,680.33,747.12,28.25,9.29,"[747.12, 729.4, 680.33]","[4, 5, 4]",13
assembly_1,3,0.8,subgraph_mip,diverse,50,343,1105,510,46.15,0.405,0.047,8.182,8.229,15.15,0.8633,0.14,747.12,0.0,704.18,747.12,19.927,5.97,"[747.12, 705.55, 704.18]","[4, 4, 5]",13
assembly_1,3,0.8,subgraph_mip,edge_weight,100,343,1105,78,7.06,0.405,0.342,0.626,0.968,128.7,0.8908,3.33,780.81,4.51,684,780.81,43.865,13.47,"[692.04, 684, 780.81]","[4, 4, 5]",13
assembly_1,3,0.8,subgraph_mip,time_balanced_weight,100,343,1105,189,17.1,0.405,0.486,1.237,1.723,72.34,0.8908,3.33,731.84,-2.05,711.31,731.84,9.167,2.86,"[731.84, 711.31, 713.7]","[3, 5, 5]",13
assembly_1,3,0.8,subgraph_mip,combined,100,343,1105,257,23.26,0.405,0.787,1.7,2.487,50.11,0.8768,1.72,754.42,0.98,655.31,754.42,45.099,13.79,"[747.12, 655.31, 754.42]","[4, 5, 4]",13
assembly_1,3,0.8,subgraph_mip,blended,100,343,1105,54,4.89,0.405,0.356,0.367,0.723,172.38,0.8902,3.26,722.42,-3.31,713.6,722.42,3.838,1.23,"[720.83, 722.42, 713.6]","[5, 3, 5]",13
assembly_1,3,0.8,subgraph_mip,blended_union,100,343,1105,190,17.19,0.405,0.932,2.371,3.303,37.74,0.8624,0.04,747.12,0.0,680.33,747.12,28.25,9.29,"[747.12, 729.4, 680.33]","[4, 5, 4]",13
assembly_1,3,0.8,subgraph_mip,diverse,100,343,1105,739,66.88,0.405,0.094,42.381,42.476,2.93,0.8628,0.09,747.12,0.0,704.18,747.12,19.927,5.97,"[747.12, 705.55, 704.18]","[4, 4, 5]",13
assembly_1,3,0.8,subgraph_mip,edge_weight,200,343,1105,95,8.6,0.405,0.652,0.651,1.303,95.69,0.8908,3.33,780.81,4.51,684,780.81,43.865,13.47,"[692.04, 684, 780.81]","[4, 4, 5]",13
assembly_1,3,0.8,subgraph_mip,time_balanced_weight,200,343,1105,258,23.35,0.405,0.743,1.617,2.36,52.82,0.8908,3.33,731.84,-2.05,711.31,731.84,9.167,2.86,"[731.84, 711.31, 713.7]","[3, 5, 5]",13
assembly_1,3,0.8,subgraph_mip,combined,200,343,1105,339,30.68,0.405,1.388,2.028,3.416,36.49,0.8654,0.4,747.12,0.0,696.13,747.12,21.158,7.09,"[747.12, 696.13, 713.6]","[4, 4, 5]",13
assembly_1,3,0.8,subgraph_mip,blended,200,343,1105,69,6.24,0.405,0.639,0.967,1.606,77.6,0.8902,3.26,722.42,-3.31,713.6,722.42,3.838,1.23,"[720.83, 722.42, 713.6]","[5, 3, 5]",13
assembly_1,3,0.8,subgraph_mip,blended_union,200,343,1105,203,18.37,0.405,1.837,0.735,2.572,48.45,0.8624,0.04,747.12,0.0,680.33,747.12,28.25,9.29,"[747.12, 729.4, 680.33]","[4, 5, 4]",13
assembly_1,3,0.8,subgraph_mip,diverse,200,343,1105,907,82.08,0.405,0.174,66.613,66.787,1.87,0.8622,0.02,747.12,0.0,680.33,747.12,28.25,9.29,"[747.12, 729.4, 680.33]","[4, 5, 4]",13
assembly_1,3,0.8,subgraph_mip,edge_weight,500,343,1105,108,9.77,0.405,1.372,0.679,2.051,60.78,0.8908,3.33,780.81,4.51,684,780.81,43.865,13.47,"[692.04, 684, 780.81]","[4, 4, 5]",13
assembly_1,3,0.8,subgraph_mip,time_balanced_weight,500,343,1105,399,36.11,0.405,1.616,6.732,8.348,14.93,0.884,2.55,731.84,-2.05,704.18,731.84,11.37,3.85,"[731.84, 720.83, 704.18]","[3, 5, 5]",13
assembly_1,3,0.8,subgraph_mip,combined,500,343,1105,459,41.54,0.405,2.848,18.287,21.135,5.9,0.8654,0.4,747.12,0.0,696.13,747.12,21.158,7.09,"[747.12, 696.13, 713.6]","[4, 4, 5]",13
assembly_1,3,0.8,subgraph_mip,blended,500,343,1105,70,6.33,0.405,1.263,0.388,1.651,75.49,0.8902,3.26,722.42,-3.31,713.6,722.42,3.838,1.23,"[720.83, 722.42, 713.6]","[5, 3, 5]",13
assembly_1,3,0.8,subgraph_mip,blended_union,500,343,1105,247,22.35,0.405,4.245,3.533,7.778,16.03,0.8624,0.04,747.12,0.0,680.33,747.12,28.25,9.29,"[747.12, 729.4, 680.33]","[4, 5, 4]",13
assembly_1,3,0.8,subgraph_mip,diverse,500,343,1105,1050,95.02,0.405,0.406,66.016,66.422,1.88,0.862,-0.0,747.12,0.0,680.33,747.12,28.25,9.29,"[747.12, 729.4, 680.33]","[4, 5, 4]",13
assembly_1,3,0.8,subgraph_mip,edge_weight,1000,343,1105,142,12.85,0.405,2.047,0.379,2.426,51.38,0.862,-0.0,747.12,0.0,680.33,747.12,28.25,9.29,"[747.12, 729.4, 680.33]","[4, 5, 4]",13
assembly_1,3,0.8,subgraph_mip,time_balanced_weight,1000,343,1105,500,45.25,0.405,2.425,10.751,13.176,9.46,0.884,2.55,731.84,-2.05,704.18,731.84,11.37,3.85,"[731.84, 720.83, 704.18]","[3, 5, 5]",13
assembly_1,3,0.8,subgraph_mip,combined,1000,343,1105,578,52.31,0.405,4.418,17.165,21.583,5.77,0.862,0.0,747.12,0.0,680.33,747.12,28.25,9.29,"[747.12, 729.4, 680.33]","[4, 5, 4]",13
assembly_1,3,0.8,subgraph_mip,blended,1000,343,1105,86,7.78,0.405,2.243,0.242,2.485,50.16,0.8873,2.93,731.84,-2.05,705.03,731.84,10.969,3.73,"[731.84, 705.03, 719.98]","[3, 5, 5]",13
assembly_1,3,0.8,subgraph_mip,blended_union,1000,343,1105,284,25.7,0.405,6.677,2.265,8.942,13.94,0.862,0.0,747.12,0.0,680.33,747.12,28.25,9.29,"[747.12, 729.4, 680.33]","[4, 5, 4]",13
assembly_1,3,0.8,subgraph_mip,diverse,1000,343,1105,1096,99.19,0.405,0.612,43.582,44.194,2.82,0.862,0.0,747.12,0.0,680.33,747.12,28.25,9.29,"[747.12, 729.4, 680.33]","[4, 5, 4]",13
assembly_1,3,0.8,subgraph_mip,edge_weight,2000,343,1105,185,16.74,0.405,4.467,0.559,5.025,24.8,0.862,0.0,747.12,0.0,680.33,747.12,28.25,9.29,"[747.12, 729.4, 680.33]","[4, 5, 4]",13
assembly_1,3,0.8,subgraph_mip,time_balanced_weight,2000,343,1105,630,57.01,0.405,4.622,14.57,19.192,6.49,0.884,2.54,731.84,-2.05,704.18,731.84,11.37,3.85,"[731.84, 720.83, 704.18]","[3, 5, 5]",13
assembly_1,3,0.8,subgraph_mip,combined,2000,343,1105,685,61.99,0.405,9.148,9.791,18.939,6.58,0.862,0.0,747.12,0.0,680.33,747.12,28.25,9.29,"[747.12, 729.4, 680.33]","[4, 5, 4]",13
assembly_1,3,0.8,subgraph_mip,blended,2000,343,1105,138,12.49,0.405,5.228,0.636,5.864,21.26,0.8873,2.93,731.84,-2.05,705.03,731.84,10.969,3.73,"[731.84, 705.03, 719.98]","[3, 5, 5]",13
assembly_1,3,0.8,subgraph_mip,blended_union,2000,343,1105,335,30.32,0.405,15.159,2.341,17.5,7.12,0.862,0.0,747.12,0.0,680.33,747.12,28.25,9.29,"[747.12, 729.4, 680.33]","[4, 5, 4]",13
assembly_1,3,0.8,subgraph_mip,diverse,2000,343,1105,1105,100.0,0.405,1.257,69.109,70.366,1.77,0.862,0.0,747.12,0.0,680.33,747.12,28.25,9.29,"[747.12, 729.4, 680.33]","[4, 5, 4]",13
assembly_1,3,0.8,subgraph_mip,edge_weight,5000,343,1105,232,21.0,0.405,18.334,1.586,19.919,6.26,0.862,0.0,747.12,0.0,680.33,747.12,28.25,9.29,"[747.12, 729.4, 680.33]","[4, 5, 4]",13
assembly_1,3,0.8,subgraph_mip,time_balanced_weight,5000,343,1105,799,72.31,0.405,16.856,30.261,47.117,2.65,0.884,2.54,731.84,-2.05,704.18,731.84,11.37,3.85,"[731.84, 720.83, 704.18]","[3, 5, 5]",13
assembly_1,3,0.8,subgraph_mip,combined,5000,343,1105,830,75.11,0.405,35.186,35.391,70.576,1.77,0.862,0.0,747.12,0.0,680.33,747.12,28.25,9.29,"[747.12, 729.4, 680.33]","[4, 5, 4]",13
assembly_1,3,0.8,subgraph_mip,blended,5000,343,1105,190,17.19,0.405,20.391,0.662,21.052,5.92,0.8859,2.77,731.84,-2.05,711.31,731.84,9.167,2.86,"[731.84, 711.31, 713.7]","[3, 5, 5]",13
assembly_1,3,0.8,subgraph_mip,blended_union,5000,343,1105,355,32.13,0.405,56.392,2.273,58.665,2.12,0.862,0.0,747.12,0.0,680.33,747.12,28.25,9.29,"[747.12, 729.4, 680.33]","[4, 5, 4]",13
assembly_1,3,0.8,subgraph_mip,diverse,5000,343,1105,1105,100.0,0.405,3.115,64.068,67.183,1.86,0.862,0.0,747.12,0.0,680.33,747.12,28.25,9.29,"[747.12, 729.4, 680.33]","[4, 5, 4]",13
assembly_1,3,0.85,full_mip,—,,343,1105,1105,100.0,0.429,0.0,146.905,146.905,1.0,0.8629,0.0,747.12,0.0,680.33,747.12,28.25,9.29,"[747.12, 729.4, 680.33]","[4, 5, 4]",13
assembly_1,3,0.85,subgraph_mip,edge_weight,1,343,1105,13,1.18,0.429,0.002,0.026,0.028,5293.1,0.9049,4.86,792,6.01,584.04,792,95.505,28.93,"[584.04, 792, 780.81]","[3, 5, 5]",13
assembly_1,3,0.85,subgraph_mip,time_balanced_weight,1,343,1105,13,1.18,0.429,0.001,0.034,0.035,4191.22,0.8951,3.72,731.84,-2.05,705.03,731.84,10.969,3.73,"[731.84, 705.03, 719.98]","[3, 5, 5]",13
assembly_1,3,0.85,subgraph_mip,combined,1,343,1105,26,2.35,0.429,0.002,0.436,0.437,335.79,0.8951,3.72,731.84,-2.05,705.03,731.84,10.969,3.73,"[731.84, 705.03, 719.98]","[3, 5, 5]",13
assembly_1,3,0.85,subgraph_mip,blended,1,343,1105,13,1.18,0.429,0.001,0.041,0.042,3520.25,0.8769,1.61,722.42,-3.31,713.6,722.42,3.838,1.23,"[720.83, 722.42, 713.6]","[5, 3, 5]",13
assembly_1,3,0.85,subgraph_mip,blended_union,1,343,1105,37,3.35,0.429,0.011,0.367,0.378,388.45,0.8632,0.03,747.12,0.0,680.33,747.12,28.25,9.29,"[747.12, 729.4, 680.33]","[4, 5, 4]",13
assembly_1,3,0.85,subgraph_mip,diverse,1,343,1105,13,1.18,0.429,0.004,0.034,0.037,3918.3,0.8769,1.61,722.42,-3.31,713.6,722.42,3.838,1.23,"[720.83, 722.42, 713.6]","[5, 3, 5]",13
assembly_1,3,0.85,subgraph_mip,edge_weight,2,343,1105,15,1.36,0.429,0.004,0.169,0.173,850.73,0.9013,4.45,788.33,5.52,584.04,788.33,95.409,28.42,"[584.04, 784.48, 788.33]","[3, 5, 5]",13
assembly_1,3,0.85,subgraph_mip,time_balanced_weight,2,343,1105,15,1.36,0.429,0.005,0.056,0.061,2417.81,0.8936,3.56,731.84,-2.05,705.03,731.84,10.969,3.73,"[731.84, 705.03, 719.98]","[3, 5, 5]",13
assembly_1,3,0.85,subgraph_mip,combined,2,343,1105,30,2.71,0.429,0.009,0.155,0.164,897.43,0.8936,3.56,731.84,-2.05,705.03,731.84,10.969,3.73,"[731.84, 705.03, 719.98]","[3, 5, 5]",13
assembly_1,3,0.85,subgraph_mip,blended,2,343,1105,15,1.36,0.429,0.003,0.08,0.083,1774.87,0.8769,1.61,722.42,-3.31,713.6,722.42,3.838,1.23,"[720.83, 722.42, 713.6]","[5, 3, 5]",13
assembly_1,3,0.85,subgraph_mip,blended_union,2,343,1105,42,3.8,0.429,0.019,0.325,0.344,427.42,0.8632,0.03,747.12,0.0,680.33,747.12,28.25,9.29,"[747.12, 729.4, 680.33]","[4, 5, 4]",13
assembly_1,3,0.85,subgraph_mip,diverse,2,343,1105,26,2.35,0.429,0.004,0.146,0.15,979.44,0.8769,1.61,722.42,-3.31,713.6,722.42,3.838,1.23,"[720.83, 722.42, 713.6]","[5, 3, 5]",13
assembly_1,3,0.85,subgraph_mip,edge_weight,5,343,1105,21,1.9,0.429,0.013,0.208,0.22,667.17,0.9013,4.45,788.33,5.52,584.04,788.33,95.409,28.42,"[584.04, 784.48, 788.33]","[3, 5, 5]",13
assembly_1,3,0.85,subgraph_mip,time_balanced_weight,5,343,1105,44,3.98,0.429,0.017,0.587,0.604,243.33,0.8936,3.56,731.84,-2.05,705.03,731.84,10.969,3.73,"[731.84, 705.03, 719.98]","[3, 5, 5]",13
assembly_1,3,0.85,subgraph_mip,combined,5,343,1105,65,5.88,0.429,0.036,0.24,0.276,531.71,0.8936,3.56,731.84,-2.05,705.03,731.84,10.969,3.73,"[731.84, 705.03, 719.98]","[3, 5, 5]",13
assembly_1,3,0.85,subgraph_mip,blended,5,343,1105,19,1.72,0.429,0.021,0.078,0.098,1493.38,0.8769,1.61,722.42,-3.31,713.6,722.42,3.838,1.23,"[720.83, 722.42, 713.6]","[5, 3, 5]",13
assembly_1,3,0.85,subgraph_mip,blended_union,5,343,1105,60,5.43,0.429,0.071,0.282,0.353,415.98,0.8632,0.03,747.12,0.0,680.33,747.12,28.25,9.29,"[747.12, 729.4, 680.33]","[4, 5, 4]",13
assembly_1,3,0.85,subgraph_mip,diverse,5,343,1105,65,5.88,0.429,0.011,0.325,0.335,438.25,0.8769,1.61,722.42,-3.31,713.6,722.42,3.838,1.23,"[720.83, 722.42, 713.6]","[5, 3, 5]",13
assembly_1,3,0.85,subgraph_mip,edge_weight,10,343,1105,24,2.17,0.429,0.037,0.273,0.31,473.98,0.9013,4.45,788.33,5.52,584.04,788.33,95.409,28.42,"[584.04, 784.48, 788.33]","[3, 5, 5]",13
assembly_1,3,0.85,subgraph_mip,time_balanced_weight,10,343,1105,57,5.16,0.429,0.053,0.23,0.283,519.57,0.8934,3.53,731.84,-2.05,705.03,731.84,10.969,3.73,"[731.84, 705.03, 719.98]","[3, 5, 5]",13
assembly_1,3,0.85,subgraph_mip,combined,10,343,1105,81,7.33,0.429,0.073,0.353,0.426,345.18,0.8934,3.53,731.84,-2.05,705.03,731.84,10.969,3.73,"[731.84, 705.03, 719.98]","[3, 5, 5]",13
assembly_1,3,0.85,subgraph_mip,blended,10,343,1105,28,2.53,0.429,0.022,0.153,0.175,841.18,0.8769,1.61,722.42,-3.31,713.6,722.42,3.838,1.23,"[720.83, 722.42, 713.6]","[5, 3, 5]",13
assembly_1,3,0.85,subgraph_mip,blended_union,10,343,1105,75,6.79,0.429,0.131,0.515,0.646,227.45,0.8632,0.03,747.12,0.0,680.33,747.12,28.25,9.29,"[747.12, 729.4, 680.33]","[4, 5, 4]",13
assembly_1,3,0.85,subgraph_mip,diverse,10,343,1105,126,11.4,0.429,0.008,0.281,0.289,508.2,0.8678,0.56,747.12,0.0,686.61,747.12,24.878,8.42,"[747.12, 686.61, 723.12]","[4, 4, 5]",13
assembly_1,3,0.85,subgraph_mip,edge_weight,20,343,1105,35,3.17,0.429,0.062,0.211,0.273,537.73,0.9013,4.45,788.33,5.52,584.04,788.33,95.409,28.42,"[584.04, 784.48, 788.33]","[3, 5, 5]",13
assembly_1,3,0.85,subgraph_mip,time_balanced_weight,20,343,1105,73,6.61,0.429,0.092,0.342,0.435,337.97,0.8857,2.64,731.84,-2.05,705.03,731.84,10.969,3.73,"[731.84, 705.03, 719.98]","[3, 5, 5]",13
assembly_1,3,0.85,subgraph_mip,combined,20,343,1105,107,9.68,0.429,0.188,0.325,0.513,286.32,0.8762,1.54,754.42,0.98,655.31,754.42,45.099,13.79,"[747.12, 655.31, 754.42]","[4, 5, 4]",13
assembly_1,3,0.85,subgraph_mip,blended,20,343,1105,33,2.99,0.429,0.054,0.253,0.306,479.79,0.8769,1.61,722.42,-3.31,713.6,722.42,3.838,1.23,"[720.83, 722.42, 713.6]","[5, 3, 5]",13
assembly_1,3,0.85,subgraph_mip,blended_union,20,343,1105,93,8.42,0.429,0.188,0.399,0.588,249.94,0.8632,0.03,747.12,0.0,680.33,747.12,28.25,9.29,"[747.12, 729.4, 680.33]","[4, 5, 4]",13
assembly_1,3,0.85,subgraph_mip,diverse,20,343,1105,239,21.63,0.429,0.012,1.153,1.165,126.08,0.8639,0.11,747.12,0.0,704.18,747.12,19.927,5.97,"[747.12, 705.55, 704.18]","[4, 4, 5]",13
assembly_1,3,0.85,subgraph_mip,edge_weight,50,343,1105,54,4.89,0.429,0.17,0.617,0.787,186.61,0.8942,3.63,780.81,4.51,684,780.81,43.865,13.47,"[692.04, 684, 780.81]","[4, 4, 5]",13
assembly_1,3,0.85,subgraph_mip,time_balanced_weight,50,343,1105,141,12.76,0.429,0.203,1.056,1.258,116.73,0.8801,1.98,731.84,-2.05,711.31,731.84,9.167,2.86,"[731.84, 711.31, 713.7]","[3, 5, 5]",13
assembly_1,3,0.85,subgraph_mip,combined,50,343,1105,190,17.19,0.429,0.384,1.483,1.867,78.68,0.8761,1.53,754.42,0.98,655.31,754.42,45.099,13.79,"[747.12, 655.31, 754.42]","[4, 5, 4]",13
assembly_1,3,0.85,subgraph_mip,blended,50,343,1105,37,3.35,0.429,0.15,0.297,0.447,328.86,0.8769,1.61,722.42,-3.31,713.6,722.42,3.838,1.23,"[720.83, 722.42, 713.6]","[5, 3, 5]",13
assembly_1,3,0.85,subgraph_mip,blended_union,50,343,1105,146,13.21,0.429,0.539,0.665,1.204,121.98,0.8632,0.03,747.12,0.0,680.33,747.12,28.25,9.29,"[747.12, 729.4, 680.33]","[4, 5, 4]",13
assembly_1,3,0.85,subgraph_mip,diverse,50,343,1105,505,45.7,0.429,0.03,8.388,8.418,17.45,0.8638,0.1,747.12,0.0,704.18,747.12,19.927,5.97,"[747.12, 705.55, 704.18]","[4, 4, 5]",13
assembly_1,3,0.85,subgraph_mip,edge_weight,100,343,1105,78,7.06,0.429,0.291,0.522,0.813,180.79,0.8942,3.63,780.81,4.51,684,780.81,43.865,13.47,"[692.04, 684, 780.81]","[4, 4, 5]",13
assembly_1,3,0.85,subgraph_mip,time_balanced_weight,100,343,1105,189,17.1,0.429,0.426,1.003,1.429,102.77,0.8801,1.98,731.84,-2.05,711.31,731.84,9.167,2.86,"[731.84, 711.31, 713.7]","[3, 5, 5]",13
assembly_1,3,0.85,subgraph_mip,combined,100,343,1105,257,23.26,0.429,0.675,2.359,3.034,48.42,0.8749,1.39,731.84,-2.05,704.18,731.84,11.37,3.85,"[731.84, 720.83, 704.18]","[3, 5, 5]",13
assembly_1,3,0.85,subgraph_mip,blended,100,343,1105,54,4.89,0.429,0.341,0.435,0.776,189.37,0.8769,1.61,722.42,-3.31,713.6,722.42,3.838,1.23,"[720.83, 722.42, 713.6]","[5, 3, 5]",13
assembly_1,3,0.85,subgraph_mip,blended_union,100,343,1105,190,17.19,0.429,0.998,1.548,2.545,57.71,0.8632,0.03,747.12,0.0,680.33,747.12,28.25,9.29,"[747.12, 729.4, 680.33]","[4, 5, 4]",13
assembly_1,3,0.85,subgraph_mip,diverse,100,343,1105,743,67.24,0.429,0.081,46.764,46.845,3.14,0.8638,0.1,747.12,0.0,704.18,747.12,19.927,5.97,"[747.12, 705.55, 704.18]","[4, 4, 5]",13
assembly_1,3,0.85,subgraph_mip,edge_weight,200,343,1105,95,8.6,0.429,0.568,0.489,1.058,138.91,0.8942,3.63,780.81,4.51,684,780.81,43.865,13.47,"[692.04, 684, 780.81]","[4, 4, 5]",13
assembly_1,3,0.85,subgraph_mip,time_balanced_weight,200,343,1105,258,23.35,0.429,0.708,1.696,2.403,61.13,0.8801,1.98,731.84,-2.05,711.31,731.84,9.167,2.86,"[731.84, 711.31, 713.7]","[3, 5, 5]",13
assembly_1,3,0.85,subgraph_mip,combined,200,343,1105,339,30.68,0.429,1.262,3.445,4.707,31.21,0.8655,0.3,747.12,0.0,696.13,747.12,21.158,7.09,"[747.12, 696.13, 713.6]","[4, 4, 5]",13
assembly_1,3,0.85,subgraph_mip,blended,200,343,1105,69,6.24,0.429,0.488,0.449,0.938,156.69,0.8769,1.61,722.42,-3.31,713.6,722.42,3.838,1.23,"[720.83, 722.42, 713.6]","[5, 3, 5]",13
assembly_1,3,0.85,subgraph_mip,blended_union,200,343,1105,203,18.37,0.429,1.717,1.353,3.069,47.86,0.8632,0.03,747.12,0.0,680.33,747.12,28.25,9.29,"[747.12, 729.4, 680.33]","[4, 5, 4]",13
assembly_1,3,0.85,subgraph_mip,diverse,200,343,1105,912,82.53,0.429,0.127,45.694,45.821,3.21,0.8635,0.07,747.12,0.0,704.18,747.12,19.927,5.97,"[747.12, 705.55, 704.18]","[4, 4, 5]",13
assembly_1,3,0.85,subgraph_mip,edge_weight,500,343,1105,108,9.77,0.429,1.164,0.543,1.707,86.07,0.8942,3.63,780.81,4.51,684,780.81,43.865,13.47,"[692.04, 684, 780.81]","[4, 4, 5]",13
assembly_1,3,0.85,subgraph_mip,time_balanced_weight,500,343,1105,399,36.11,0.429,1.39,6.404,7.794,18.85,0.875,1.4,731.84,-2.05,704.18,731.84,11.37,3.85,"[731.84, 720.83, 704.18]","[3, 5, 5]",13
assembly_1,3,0.85,subgraph_mip,combined,500,343,1105,459,41.54,0.429,2.733,9.853,12.586,11.67,0.8655,0.3,747.12,0.0,696.13,747.12,21.158,7.09,"[747.12, 696.13, 713.6]","[4, 4, 5]",13
assembly_1,3,0.85,subgraph_mip,blended,500,343,1105,70,6.33,0.429,1.181,0.172,1.353,108.59,0.8769,1.61,722.42,-3.31,713.6,722.42,3.838,1.23,"[720.83, 722.42, 713.6]","[5, 3, 5]",13
assembly_1,3,0.85,subgraph_mip,blended_union,500,343,1105,247,22.35,0.429,4.13,1.335,5.464,26.88,0.8632,0.03,747.12,0.0,680.33,747.12,28.25,9.29,"[747.12, 729.4, 680.33]","[4, 5, 4]",13
assembly_1,3,0.85,subgraph_mip,diverse,500,343,1105,1045,94.57,0.429,0.336,66.91,67.246,2.18,0.863,0.0,747.12,0.0,680.33,747.12,28.25,9.29,"[747.12, 729.4, 680.33]","[4, 5, 4]",13
assembly_1,3,0.85,subgraph_mip,edge_weight,1000,343,1105,142,12.85,0.429,2.014,0.429,2.443,60.14,0.8629,0.0,747.12,0.0,680.33,747.12,28.25,9.29,"[747.12, 729.4, 680.33]","[4, 5, 4]",13
assembly_1,3,0.85,subgraph_mip,time_balanced_weight,1000,343,1105,500,45.25,0.429,2.497,6.506,9.003,16.32,0.875,1.4,731.84,-2.05,704.18,731.84,11.37,3.85,"[731.84, 720.83, 704.18]","[3, 5, 5]",13
assembly_1,3,0.85,subgraph_mip,combined,1000,343,1105,578,52.31,0.429,4.419,9.334,13.753,10.68,0.8629,0.0,747.12,0.0,680.33,747.12,28.25,9.29,"[747.12, 729.4, 680.33]","[4, 5, 4]",13
assembly_1,3,0.85,subgraph_mip,blended,1000,343,1105,72,6.52,0.429,2.149,0.344,2.493,58.92,0.8769,1.61,722.42,-3.31,713.6,722.42,3.838,1.23,"[720.83, 722.42, 713.6]","[5, 3, 5]",13
assembly_1,3,0.85,subgraph_mip,blended_union,1000,343,1105,284,25.7,0.429,6.709,1.552,8.261,17.78,0.8629,0.0,747.12,0.0,680.33,747.12,28.25,9.29,"[747.12, 729.4, 680.33]","[4, 5, 4]",13
assembly_1,3,0.85,subgraph_mip,diverse,1000,343,1105,1096,99.19,0.429,0.61,52.77,53.38,2.75,0.8629,0.0,747.12,0.0,680.33,747.12,28.25,9.29,"[747.12, 729.4, 680.33]","[4, 5, 4]",13
assembly_1,3,0.85,subgraph_mip,edge_weight,2000,343,1105,185,16.74,0.429,4.79,0.615,5.405,27.18,0.8629,-0.0,747.12,0.0,680.33,747.12,28.25,9.29,"[747.12, 729.4, 680.33]","[4, 5, 4]",13
assembly_1,3,0.85,subgraph_mip,time_balanced_weight,2000,343,1105,630,57.01,0.429,4.772,17.308,22.08,6.65,0.8749,1.39,731.84,-2.05,704.18,731.84,11.37,3.85,"[731.84, 720.83, 704.18]","[3, 5, 5]",13
assembly_1,3,0.85,subgraph_mip,combined,2000,343,1105,685,61.99,0.429,9.372,15.694,25.066,5.86,0.8629,0.0,747.12,0.0,680.33,747.12,28.25,9.29,"[747.12, 729.4, 680.33]","[4, 5, 4]",13
assembly_1,3,0.85,subgraph_mip,blended,2000,343,1105,131,11.86,0.429,5.365,0.288,5.653,25.99,0.8769,1.61,722.42,-3.31,713.6,722.42,3.838,1.23,"[720.83, 722.42, 713.6]","[5, 3, 5]",13
assembly_1,3,0.85,subgraph_mip,blended_union,2000,343,1105,335,30.32,0.429,14.98,2.586,17.566,8.36,0.8629,0.0,747.12,0.0,680.33,747.12,28.25,9.29,"[747.12, 729.4, 680.33]","[4, 5, 4]",13
assembly_1,3,0.85,subgraph_mip,diverse,2000,343,1105,1105,100.0,0.429,1.229,85.711,86.94,1.69,0.8629,0.0,747.12,0.0,680.33,747.12,28.25,9.29,"[747.12, 729.4, 680.33]","[4, 5, 4]",13
assembly_1,3,0.85,subgraph_mip,edge_weight,5000,343,1105,232,21.0,0.429,18.22,0.95,19.17,7.66,0.8629,0.0,747.12,0.0,680.33,747.12,28.25,9.29,"[747.12, 729.4, 680.33]","[4, 5, 4]",13
assembly_1,3,0.85,subgraph_mip,time_balanced_weight,5000,343,1105,799,72.31,0.429,17.237,47.432,64.669,2.27,0.8749,1.39,731.84,-2.05,704.18,731.84,11.37,3.85,"[731.84, 720.83, 704.18]","[3, 5, 5]",13
assembly_1,3,0.85,subgraph_mip,combined,5000,343,1105,830,75.11,0.429,35.283,35.485,70.768,2.08,0.8629,0.0,747.12,0.0,680.33,747.12,28.25,9.29,"[747.12, 729.4, 680.33]","[4, 5, 4]",13
assembly_1,3,0.85,subgraph_mip,blended,5000,343,1105,152,13.76,0.429,20.235,0.541,20.775,7.07,0.8769,1.61,722.42,-3.31,713.6,722.42,3.838,1.23,"[720.83, 722.42, 713.6]","[5, 3, 5]",13
assembly_1,3,0.85,subgraph_mip,blended_union,5000,343,1105,355,32.13,0.429,55.815,3.349,59.164,2.48,0.8629,0.0,747.12,0.0,680.33,747.12,28.25,9.29,"[747.12, 729.4, 680.33]","[4, 5, 4]",13
assembly_1,3,0.85,subgraph_mip,diverse,5000,343,1105,1105,100.0,0.429,2.881,72.699,75.579,1.94,0.8629,0.0,747.12,0.0,680.33,747.12,28.25,9.29,"[747.12, 729.4, 680.33]","[4, 5, 4]",13
assembly_1,3,0.9,full_mip,—,,343,1105,1105,100.0,0.44,0.0,186.249,186.249,1.0,0.8636,0.0,722.42,0.0,713.6,722.42,3.838,1.23,"[720.83, 722.42, 713.6]","[5, 3, 5]",13
assembly_1,3,0.9,subgraph_mip,edge_weight,1,343,1105,13,1.18,0.44,0.001,0.037,0.039,4806.38,0.9091,5.27,792,9.63,584.04,792,95.505,28.93,"[584.04, 792, 780.81]","[3, 5, 5]",13
assembly_1,3,0.9,subgraph_mip,time_balanced_weight,1,343,1105,13,1.18,0.44,0.001,0.022,0.023,8050.85,0.8793,1.83,731.84,1.3,705.03,731.84,10.969,3.73,"[731.84, 705.03, 719.98]","[3, 5, 5]",13
assembly_1,3,0.9,subgraph_mip,combined,1,343,1105,26,2.35,0.44,0.002,0.564,0.565,329.55,0.8793,1.83,731.84,1.3,705.03,731.84,10.969,3.73,"[731.84, 705.03, 719.98]","[3, 5, 5]",13
assembly_1,3,0.9,subgraph_mip,blended,1,343,1105,13,1.18,0.44,0.001,0.037,0.038,4961.55,0.8636,-0.0,722.42,0.0,713.6,722.42,3.838,1.23,"[720.83, 722.42, 713.6]","[5, 3, 5]",13
assembly_1,3,0.9,subgraph_mip,blended_union,1,343,1105,37,3.35,0.44,0.011,0.2,0.211,884.73,0.864,0.05,747.12,3.42,680.33,747.12,28.25,9.29,"[747.12, 729.4, 680.33]","[4, 5, 4]",13
assembly_1,3,0.9,subgraph_mip,diverse,1,343,1105,13,1.18,0.44,0.004,0.047,0.051,3675.86,0.8636,-0.0,722.42,0.0,713.6,722.42,3.838,1.23,"[720.83, 722.42, 713.6]","[5, 3, 5]",13
assembly_1,3,0.9,subgraph_mip,edge_weight,2,343,1105,15,1.36,0.44,0.007,0.279,0.286,652.15,0.9053,4.83,788.33,9.12,584.04,788.33,95.409,28.42,"[584.04, 784.48, 788.33]","[3, 5, 5]",13
assembly_1,3,0.9,subgraph_mip,time_balanced_weight,2,343,1105,15,1.36,0.44,0.008,0.118,0.126,1476.15,0.8784,1.71,731.84,1.3,705.03,731.84,10.969,3.73,"[731.84, 705.03, 719.98]","[3, 5, 5]",13
assembly_1,3,0.9,subgraph_mip,combined,2,343,1105,30,2.71,0.44,0.01,0.477,0.487,382.45,0.8784,1.71,731.84,1.3,705.03,731.84,10.969,3.73,"[731.84, 705.03, 719.98]","[3, 5, 5]",13
assembly_1,3,0.9,subgraph_mip,blended,2,343,1105,15,1.36,0.44,0.003,0.038,0.041,4568.27,0.8636,-0.0,722.42,0.0,713.6,722.42,3.838,1.23,"[720.83, 722.42, 713.6]","[5, 3, 5]",13
assembly_1,3,0.9,subgraph_mip,blended_union,2,343,1105,42,3.8,0.44,0.018,0.16,0.179,1042.83,0.864,0.05,747.12,3.42,680.33,747.12,28.25,9.29,"[747.12, 729.4, 680.33]","[4, 5, 4]",13
assembly_1,3,0.9,subgraph_mip,diverse,2,343,1105,26,2.35,0.44,0.004,0.126,0.13,1435.86,0.8636,0.0,722.42,0.0,713.6,722.42,3.838,1.23,"[720.83, 722.42, 713.6]","[5, 3, 5]",13
assembly_1,3,0.9,subgraph_mip,edge_weight,5,343,1105,21,1.9,0.44,0.017,0.119,0.137,1363.74,0.9053,4.83,788.33,9.12,584.04,788.33,95.409,28.42,"[584.04, 784.48, 788.33]","[3, 5, 5]",13
assembly_1,3,0.9,subgraph_mip,time_balanced_weight,5,343,1105,44,3.98,0.44,0.028,0.379,0.407,457.07,0.8784,1.71,731.84,1.3,705.03,731.84,10.969,3.73,"[731.84, 705.03, 719.98]","[3, 5, 5]",13
assembly_1,3,0.9,subgraph_mip,combined,5,343,1105,65,5.88,0.44,0.046,0.223,0.268,694.87,0.8784,1.71,731.84,1.3,705.03,731.84,10.969,3.73,"[731.84, 705.03, 719.98]","[3, 5, 5]",13
assembly_1,3,0.9,subgraph_mip,blended,5,343,1105,19,1.72,0.44,0.019,0.044,0.063,2961.62,0.8636,0.0,722.42,0.0,713.6,722.42,3.838,1.23,"[720.83, 722.42, 713.6]","[5, 3, 5]",13
assembly_1,3,0.9,subgraph_mip,blended_union,5,343,1105,60,5.43,0.44,0.071,0.306,0.377,493.45,0.864,0.05,747.12,3.42,680.33,747.12,28.25,9.29,"[747.12, 729.4, 680.33]","[4, 5, 4]",13
assembly_1,3,0.9,subgraph_mip,diverse,5,343,1105,65,5.88,0.44,0.006,0.312,0.317,586.81,0.8636,0.0,722.42,0.0,713.6,722.42,3.838,1.23,"[720.83, 722.42, 713.6]","[5, 3, 5]",13
assembly_1,3,0.9,subgraph_mip,edge_weight,10,343,1105,24,2.17,0.44,0.031,0.239,0.27,689.27,0.9053,4.83,788.33,9.12,584.04,788.33,95.409,28.42,"[584.04, 784.48, 788.33]","[3, 5, 5]",13
assembly_1,3,0.9,subgraph_mip,time_balanced_weight,10,343,1105,57,5.16,0.44,0.059,0.303,0.363,513.71,0.8782,1.7,731.84,1.3,705.03,731.84,10.969,3.73,"[731.84, 705.03, 719.98]","[3, 5, 5]",13
assembly_1,3,0.9,subgraph_mip,combined,10,343,1105,81,7.33,0.44,0.071,0.332,0.403,462.49,0.8782,1.7,731.84,1.3,705.03,731.84,10.969,3.73,"[731.84, 705.03, 719.98]","[3, 5, 5]",13
assembly_1,3,0.9,subgraph_mip,blended,10,343,1105,28,2.53,0.44,0.023,0.144,0.167,1113.83,0.8636,0.0,722.42,0.0,713.6,722.42,3.838,1.23,"[720.83, 722.42, 713.6]","[5, 3, 5]",13
assembly_1,3,0.9,subgraph_mip,blended_union,10,343,1105,75,6.79,0.44,0.122,0.352,0.475,392.42,0.864,0.05,747.12,3.42,680.33,747.12,28.25,9.29,"[747.12, 729.4, 680.33]","[4, 5, 4]",13
assembly_1,3,0.9,subgraph_mip,diverse,10,343,1105,126,11.4,0.44,0.015,0.521,0.536,347.53,0.8636,0.0,722.42,0.0,713.6,722.42,3.838,1.23,"[720.83, 722.42, 713.6]","[5, 3, 5]",13
assembly_1,3,0.9,subgraph_mip,edge_weight,20,343,1105,35,3.17,0.44,0.068,0.193,0.261,713.09,0.9053,4.83,788.33,9.12,584.04,788.33,95.409,28.42,"[584.04, 784.48, 788.33]","[3, 5, 5]",13
assembly_1,3,0.9,subgraph_mip,time_balanced_weight,20,343,1105,73,6.61,0.44,0.108,0.331,0.439,424.73,0.8731,1.11,731.84,1.3,705.03,731.84,10.969,3.73,"[731.84, 705.03, 719.98]","[3, 5, 5]",13
assembly_1,3,0.9,subgraph_mip,combined,20,343,1105,107,9.68,0.44,0.147,0.451,0.598,311.65,0.8731,1.11,731.84,1.3,705.03,731.84,10.969,3.73,"[731.84, 705.03, 719.98]","[3, 5, 5]",13
assembly_1,3,0.9,subgraph_mip,blended,20,343,1105,33,2.99,0.44,0.043,0.233,0.276,674.53,0.8636,0.0,722.42,0.0,713.6,722.42,3.838,1.23,"[720.83, 722.42, 713.6]","[5, 3, 5]",13
assembly_1,3,0.9,subgraph_mip,blended_union,20,343,1105,93,8.42,0.44,0.193,0.359,0.551,337.95,0.864,0.05,747.12,3.42,680.33,747.12,28.25,9.29,"[747.12, 729.4, 680.33]","[4, 5, 4]",13
assembly_1,3,0.9,subgraph_mip,diverse,20,343,1105,239,21.63,0.44,0.013,1.486,1.499,124.27,0.8636,0.0,722.42,0.0,713.6,722.42,3.838,1.23,"[720.83, 722.42, 713.6]","[5, 3, 5]",13
assembly_1,3,0.9,subgraph_mip,edge_weight,50,343,1105,54,4.89,0.44,0.187,0.353,0.54,345.04,0.8977,3.95,780.81,8.08,684,780.81,43.865,13.47,"[692.04, 684, 780.81]","[4, 4, 5]",13
assembly_1,3,0.9,subgraph_mip,time_balanced_weight,50,343,1105,141,12.76,0.44,0.245,0.499,0.744,250.38,0.8693,0.67,731.84,1.3,711.31,731.84,9.167,2.86,"[731.84, 711.31, 713.7]","[3, 5, 5]",13
assembly_1,3,0.9,subgraph_mip,combined,50,343,1105,190,17.19,0.44,0.34,1.429,1.77,105.23,0.8675,0.45,731.84,1.3,711.31,731.84,9.167,2.86,"[731.84, 711.31, 713.7]","[3, 5, 5]",13
assembly_1,3,0.9,subgraph_mip,blended,50,343,1105,37,3.35,0.44,0.14,0.331,0.471,395.64,0.8636,-0.0,722.42,0.0,713.6,722.42,3.838,1.23,"[720.83, 722.42, 713.6]","[5, 3, 5]",13
assembly_1,3,0.9,subgraph_mip,blended_union,50,343,1105,146,13.21,0.44,0.408,0.785,1.193,156.14,0.864,0.05,747.12,3.42,680.33,747.12,28.25,9.29,"[747.12, 729.4, 680.33]","[4, 5, 4]",13
assembly_1,3,0.9,subgraph_mip,diverse,50,343,1105,507,45.88,0.44,0.024,19.083,19.107,9.75,0.8636,0.0,722.42,0.0,713.6,722.42,3.838,1.23,"[720.83, 722.42, 713.6]","[5, 3, 5]",13
assembly_1,3,0.9,subgraph_mip,edge_weight,100,343,1105,78,7.06,0.44,0.291,0.545,0.836,222.91,0.8977,3.95,780.81,8.08,684,780.81,43.865,13.47,"[692.04, 684, 780.81]","[4, 4, 5]",13
assembly_1,3,0.9,subgraph_mip,time_balanced_weight,100,343,1105,189,17.1,0.44,0.357,1.782,2.14,87.04,0.8693,0.67,731.84,1.3,711.31,731.84,9.167,2.86,"[731.84, 711.31, 713.7]","[3, 5, 5]",13
assembly_1,3,0.9,subgraph_mip,combined,100,343,1105,257,23.26,0.44,0.696,2.066,2.763,67.42,0.8659,0.27,731.84,1.3,704.18,731.84,11.37,3.85,"[731.84, 720.83, 704.18]","[3, 5, 5]",13
assembly_1,3,0.9,subgraph_mip,blended,100,343,1105,54,4.89,0.44,0.236,0.385,0.621,299.79,0.8636,-0.0,722.42,0.0,713.6,722.42,3.838,1.23,"[720.83, 722.42, 713.6]","[5, 3, 5]",13
assembly_1,3,0.9,subgraph_mip,blended_union,100,343,1105,190,17.19,0.44,0.876,1.119,1.995,93.35,0.8636,0.0,722.42,0.0,713.6,722.42,3.838,1.23,"[720.83, 722.42, 713.6]","[5, 3, 5]",13
assembly_1,3,0.9,subgraph_mip,diverse,100,343,1105,739,66.88,0.44,0.052,72.392,72.444,2.57,0.8636,0.0,722.42,0.0,713.6,722.42,3.838,1.23,"[720.83, 722.42, 713.6]","[5, 3, 5]",13
assembly_1,3,0.9,subgraph_mip,edge_weight,200,343,1105,95,8.6,0.44,0.484,0.462,0.946,196.85,0.8977,3.95,780.81,8.08,684,780.81,43.865,13.47,"[692.04, 684, 780.81]","[4, 4, 5]",13
assembly_1,3,0.9,subgraph_mip,time_balanced_weight,200,343,1105,258,23.35,0.44,0.614,2.205,2.819,66.06,0.8693,0.67,731.84,1.3,711.31,731.84,9.167,2.86,"[731.84, 711.31, 713.7]","[3, 5, 5]",13
assembly_1,3,0.9,subgraph_mip,combined,200,343,1105,339,30.68,0.44,1.069,5.512,6.58,28.3,0.8655,0.23,747.12,3.42,696.13,747.12,21.158,7.09,"[747.12, 696.13, 713.6]","[4, 4, 5]",13
assembly_1,3,0.9,subgraph_mip,blended,200,343,1105,69,6.24,0.44,0.485,0.408,0.893,208.65,0.8636,0.0,722.42,0.0,713.6,722.42,3.838,1.23,"[720.83, 722.42, 713.6]","[5, 3, 5]",13
assembly_1,3,0.9,subgraph_mip,blended_union,200,343,1105,203,18.37,0.44,1.43,1.094,2.525,73.77,0.8636,0.0,722.42,0.0,713.6,722.42,3.838,1.23,"[720.83, 722.42, 713.6]","[5, 3, 5]",13
assembly_1,3,0.9,subgraph_mip,diverse,200,343,1105,913,82.62,0.44,0.132,65.952,66.083,2.82,0.8636,0.0,722.42,0.0,713.6,722.42,3.838,1.23,"[720.83, 722.42, 713.6]","[5, 3, 5]",13
assembly_1,3,0.9,subgraph_mip,edge_weight,500,343,1105,108,9.77,0.44,1.015,0.318,1.333,139.7,0.8977,3.95,780.81,8.08,684,780.81,43.865,13.47,"[692.04, 684, 780.81]","[4, 4, 5]",13
assembly_1,3,0.9,subgraph_mip,time_balanced_weight,500,343,1105,399,36.11,0.44,1.14,5.474,6.614,28.16,0.8659,0.28,731.84,1.3,704.18,731.84,11.37,3.85,"[731.84, 720.83, 704.18]","[3, 5, 5]",13
assembly_1,3,0.9,subgraph_mip,combined,500,343,1105,459,41.54,0.44,2.102,10.968,13.07,14.25,0.8655,0.23,747.12,3.42,696.13,747.12,21.158,7.09,"[747.12, 696.13, 713.6]","[4, 4, 5]",13
assembly_1,3,0.9,subgraph_mip,blended,500,343,1105,70,6.33,0.44,0.936,0.18,1.117,166.81,0.8636,0.0,722.42,0.0,713.6,722.42,3.838,1.23,"[720.83, 722.42, 713.6]","[5, 3, 5]",13
assembly_1,3,0.9,subgraph_mip,blended_union,500,343,1105,247,22.35,0.44,3.17,1.685,4.854,38.37,0.8636,0.0,722.42,0.0,713.6,722.42,3.838,1.23,"[720.83, 722.42, 713.6]","[5, 3, 5]",13
assembly_1,3,0.9,subgraph_mip,diverse,500,343,1105,1040,94.12,0.44,0.282,97.156,97.438,1.91,0.8636,0.0,722.42,0.0,713.6,722.42,3.838,1.23,"[720.83, 722.42, 713.6]","[5, 3, 5]",13
assembly_1,3,0.9,subgraph_mip,edge_weight,1000,343,1105,142,12.85,0.44,1.975,0.511,2.485,74.94,0.8638,0.03,747.12,3.42,680.33,747.12,28.25,9.29,"[747.12, 729.4, 680.33]","[4, 5, 4]",13
assembly_1,3,0.9,subgraph_mip,time_balanced_weight,1000,343,1105,500,45.25,0.44,2.321,9.887,12.208,15.26,0.8659,0.28,731.84,1.3,704.18,731.84,11.37,3.85,"[731.84, 720.83, 704.18]","[3, 5, 5]",13
assembly_1,3,0.9,subgraph_mip,combined,1000,343,1105,578,52.31,0.44,4.347,21.624,25.971,7.17,0.8638,0.03,747.12,3.42,680.33,747.12,28.25,9.29,"[747.12, 729.4, 680.33]","[4, 5, 4]",13
assembly_1,3,0.9,subgraph_mip,blended,1000,343,1105,72,6.52,0.44,2.064,0.145,2.208,84.34,0.8636,0.0,722.42,0.0,713.6,722.42,3.838,1.23,"[720.83, 722.42, 713.6]","[5, 3, 5]",13
assembly_1,3,0.9,subgraph_mip,blended_union,1000,343,1105,284,25.7,0.44,6.632,1.105,7.736,24.08,0.8636,0.0,722.42,0.0,713.6,722.42,3.838,1.23,"[720.83, 722.42, 713.6]","[5, 3, 5]",13
assembly_1,3,0.9,subgraph_mip,diverse,1000,343,1105,1098,99.37,0.44,0.582,68.046,68.628,2.71,0.8636,0.0,722.42,0.0,713.6,722.42,3.838,1.23,"[720.83, 722.42, 713.6]","[5, 3, 5]",13
assembly_1,3,0.9,subgraph_mip,edge_weight,2000,343,1105,185,16.74,0.44,4.68,0.572,5.252,35.46,0.8638,0.03,747.12,3.42,680.33,747.12,28.25,9.29,"[747.12, 729.4, 680.33]","[4, 5, 4]",13
assembly_1,3,0.9,subgraph_mip,time_balanced_weight,2000,343,1105,630,57.01,0.44,4.76,11.937,16.697,11.15,0.8659,0.27,731.84,1.3,704.18,731.84,11.37,3.85,"[731.84, 720.83, 704.18]","[3, 5, 5]",13
assembly_1,3,0.9,subgraph_mip,combined,2000,343,1105,685,61.99,0.44,9.469,16.032,25.501,7.3,0.8638,0.03,747.12,3.42,680.33,747.12,28.25,9.29,"[747.12, 729.4, 680.33]","[4, 5, 4]",13
assembly_1,3,0.9,subgraph_mip,blended,2000,343,1105,83,7.51,0.44,5.261,0.62,5.88,31.67,0.8636,0.0,722.42,0.0,713.6,722.42,3.838,1.23,"[720.83, 722.42, 713.6]","[5, 3, 5]",13
assembly_1,3,0.9,subgraph_mip,blended_union,2000,343,1105,335,30.32,0.44,15.337,1.968,17.304,10.76,0.8636,0.0,722.42,0.0,713.6,722.42,3.838,1.23,"[720.83, 722.42, 713.6]","[5, 3, 5]",13
assembly_1,3,0.9,subgraph_mip,diverse,2000,343,1105,1105,100.0,0.44,1.202,99.246,100.448,1.85,0.8636,0.0,722.42,0.0,713.6,722.42,3.838,1.23,"[720.83, 722.42, 713.6]","[5, 3, 5]",13
assembly_1,3,0.9,subgraph_mip,edge_weight,5000,343,1105,232,21.0,0.44,16.708,0.823,17.53,10.62,0.8638,0.03,747.12,3.42,680.33,747.12,28.25,9.29,"[747.12, 729.4, 680.33]","[4, 5, 4]",13
assembly_1,3,0.9,subgraph_mip,time_balanced_weight,5000,343,1105,799,72.31,0.44,15.606,27.121,42.727,4.36,0.8659,0.27,731.84,1.3,704.18,731.84,11.37,3.85,"[731.84, 720.83, 704.18]","[3, 5, 5]",13
assembly_1,3,0.9,subgraph_mip,combined,5000,343,1105,830,75.11,0.44,31.506,46.095,77.6,2.4,0.8638,0.03,747.12,3.42,680.33,747.12,28.25,9.29,"[747.12, 729.4, 680.33]","[4, 5, 4]",13
assembly_1,3,0.9,subgraph_mip,blended,5000,343,1105,155,14.03,0.44,16.627,0.484,17.111,10.88,0.8636,0.0,722.42,0.0,713.6,722.42,3.838,1.23,"[720.83, 722.42, 713.6]","[5, 3, 5]",13
assembly_1,3,0.9,subgraph_mip,blended_union,5000,343,1105,355,32.13,0.44,48.205,1.706,49.911,3.73,0.8636,0.0,722.42,0.0,713.6,722.42,3.838,1.23,"[720.83, 722.42, 713.6]","[5, 3, 5]",13
assembly_1,3,0.9,subgraph_mip,diverse,5000,343,1105,1105,100.0,0.44,2.602,80.627,83.228,2.24,0.8636,0.0,722.42,0.0,713.6,722.42,3.838,1.23,"[720.83, 722.42, 713.6]","[5, 3, 5]",13
assembly_1,3,0.95,full_mip,—,,343,1105,1105,100.0,1.308,0.0,122.989,122.989,1.0,0.8502,0.0,722.42,0.0,713.6,722.42,3.838,1.23,"[720.83, 722.42, 713.6]","[5, 3, 5]",13
assembly_1,3,0.95,subgraph_mip,edge_weight,1,343,1105,13,1.18,1.308,0.002,0.034,0.035,3510.68,0.9133,7.42,792,9.63,584.04,792,95.505,28.93,"[584.04, 792, 780.81]","[3, 5, 5]",13
assembly_1,3,0.95,subgraph_mip,time_balanced_weight,1,343,1105,13,1.18,1.308,0.001,0.027,0.028,4330.49,0.8636,1.57,731.84,1.3,705.03,731.84,10.969,3.73,"[731.84, 705.03, 719.98]","[3, 5, 5]",13
assembly_1,3,0.95,subgraph_mip,combined,1,343,1105,26,2.35,1.308,0.002,0.174,0.176,699.34,0.8636,1.57,731.84,1.3,705.03,731.84,10.969,3.73,"[731.84, 705.03, 719.98]","[3, 5, 5]",13
assembly_1,3,0.95,subgraph_mip,blended,1,343,1105,13,1.18,1.308,0.001,0.023,0.023,5247.5,0.8502,0.0,722.42,0.0,713.6,722.42,3.838,1.23,"[720.83, 722.42, 713.6]","[5, 3, 5]",13
assembly_1,3,0.95,subgraph_mip,blended_union,1,343,1105,37,3.35,1.308,0.02,0.249,0.268,458.77,0.8614,1.32,722.42,0.0,713.6,722.42,3.838,1.23,"[720.83, 722.42, 713.6]","[5, 3, 5]",13
assembly_1,3,0.95,subgraph_mip,diverse,1,343,1105,13,1.18,1.308,0.007,0.028,0.034,3580.95,0.8502,0.0,722.42,0.0,713.6,722.42,3.838,1.23,"[720.83, 722.42, 713.6]","[5, 3, 5]",13
assembly_1,3,0.95,subgraph_mip,edge_weight,2,343,1105,15,1.36,1.308,0.004,0.076,0.08,1537.56,0.9093,6.94,788.33,9.12,584.04,788.33,95.409,28.42,"[584.04, 784.48, 788.33]","[3, 5, 5]",13
assembly_1,3,0.95,subgraph_mip,time_balanced_weight,2,343,1105,15,1.36,1.308,0.005,0.038,0.043,2867.86,0.8631,1.51,731.84,1.3,705.03,731.84,10.969,3.73,"[731.84, 705.03, 719.98]","[3, 5, 5]",13
assembly_1,3,0.95,subgraph_mip,combined,2,343,1105,30,2.71,1.308,0.008,0.431,0.44,279.58,0.8631,1.51,731.84,1.3,705.03,731.84,10.969,3.73,"[731.84, 705.03, 719.98]","[3, 5, 5]",13
assembly_1,3,0.95,subgraph_mip,blended,2,343,1105,15,1.36,1.308,0.003,0.038,0.041,2999.1,0.8502,-0.0,722.42,0.0,713.6,722.42,3.838,1.23,"[720.83, 722.42, 713.6]","[5, 3, 5]",13
assembly_1,3,0.95,subgraph_mip,blended_union,2,343,1105,42,3.8,1.308,0.019,0.236,0.254,484.05,0.8614,1.32,722.42,0.0,713.6,722.42,3.838,1.23,"[720.83, 722.42, 713.6]","[5, 3, 5]",13
assembly_1,3,0.95,subgraph_mip,diverse,2,343,1105,26,2.35,1.308,0.006,0.173,0.179,687.04,0.8502,-0.0,722.42,0.0,713.6,722.42,3.838,1.23,"[720.83, 722.42, 713.6]","[5, 3, 5]",13
assembly_1,3,0.95,subgraph_mip,edge_weight,5,343,1105,21,1.9,1.308,0.013,0.103,0.115,1065.32,0.9093,6.94,788.33,9.12,584.04,788.33,95.409,28.42,"[584.04, 784.48, 788.33]","[3, 5, 5]",13
assembly_1,3,0.95,subgraph_mip,time_balanced_weight,5,343,1105,44,3.98,1.308,0.021,0.7,0.721,170.64,0.8631,1.51,731.84,1.3,705.03,731.84,10.969,3.73,"[731.84, 705.03, 719.98]","[3, 5, 5]",13
assembly_1,3,0.95,subgraph_mip,combined,5,343,1105,65,5.88,1.308,0.038,0.276,0.314,391.36,0.8631,1.51,731.84,1.3,705.03,731.84,10.969,3.73,"[731.84, 705.03, 719.98]","[3, 5, 5]",13
assembly_1,3,0.95,subgraph_mip,blended,5,343,1105,19,1.72,1.308,0.016,0.109,0.124,988.31,0.8502,-0.0,722.42,0.0,713.6,722.42,3.838,1.23,"[720.83, 722.42, 713.6]","[5, 3, 5]",13
assembly_1,3,0.95,subgraph_mip,blended_union,5,343,1105,60,5.43,1.308,0.065,0.276,0.341,361.05,0.8614,1.32,722.42,0.0,713.6,722.42,3.838,1.23,"[720.83, 722.42, 713.6]","[5, 3, 5]",13
assembly_1,3,0.95,subgraph_mip,diverse,5,343,1105,65,5.88,1.308,0.005,0.326,0.332,370.76,0.8502,0.0,722.42,0.0,713.6,722.42,3.838,1.23,"[720.83, 722.42, 713.6]","[5, 3, 5]",13
assembly_1,3,0.95,subgraph_mip,edge_weight,10,343,1105,24,2.17,1.308,0.026,0.165,0.191,645.38,0.9093,6.94,788.33,9.12,584.04,788.33,95.409,28.42,"[584.04, 784.48, 788.33]","[3, 5, 5]",13
assembly_1,3,0.95,subgraph_mip,time_balanced_weight,10,343,1105,57,5.16,1.308,0.034,0.343,0.377,326.37,0.863,1.5,731.84,1.3,705.03,731.84,10.969,3.73,"[731.84, 705.03, 719.98]","[3, 5, 5]",13
assembly_1,3,0.95,subgraph_mip,combined,10,343,1105,81,7.33,1.308,0.086,0.393,0.478,257.06,0.863,1.5,731.84,1.3,705.03,731.84,10.969,3.73,"[731.84, 705.03, 719.98]","[3, 5, 5]",13
assembly_1,3,0.95,subgraph_mip,blended,10,343,1105,28,2.53,1.308,0.022,0.137,0.159,771.16,0.8502,-0.0,722.42,0.0,713.6,722.42,3.838,1.23,"[720.83, 722.42, 713.6]","[5, 3, 5]",13
assembly_1,3,0.95,subgraph_mip,blended_union,10,343,1105,75,6.79,1.308,0.115,0.318,0.434,283.5,0.8594,1.08,722.42,0.0,713.6,722.42,3.838,1.23,"[720.83, 722.42, 713.6]","[5, 3, 5]",13
assembly_1,3,0.95,subgraph_mip,diverse,10,343,1105,126,11.4,1.308,0.008,0.486,0.493,249.24,0.8502,0.0,722.42,0.0,713.6,722.42,3.838,1.23,"[720.83, 722.42, 713.6]","[5, 3, 5]",13
assembly_1,3,0.95,subgraph_mip,edge_weight,20,343,1105,35,3.17,1.308,0.076,0.197,0.273,450.64,0.9093,6.94,788.33,9.12,584.04,788.33,95.409,28.42,"[584.04, 784.48, 788.33]","[3, 5, 5]",13
assembly_1,3,0.95,subgraph_mip,time_balanced_weight,20,343,1105,73,6.61,1.308,0.073,0.372,0.445,276.33,0.8605,1.2,731.84,1.3,705.03,731.84,10.969,3.73,"[731.84, 705.03, 719.98]","[3, 5, 5]",13
assembly_1,3,0.95,subgraph_mip,combined,20,343,1105,107,9.68,1.308,0.178,0.519,0.697,176.38,0.8605,1.2,731.84,1.3,705.03,731.84,10.969,3.73,"[731.84, 705.03, 719.98]","[3, 5, 5]",13
assembly_1,3,0.95,subgraph_mip,blended,20,343,1105,33,2.99,1.308,0.04,0.155,0.195,631.26,0.8502,0.0,722.42,0.0,713.6,722.42,3.838,1.23,"[720.83, 722.42, 713.6]","[5, 3, 5]",13
assembly_1,3,0.95,subgraph_mip,blended_union,20,343,1105,93,8.42,1.308,0.213,0.452,0.666,184.73,0.8594,1.08,722.42,0.0,713.6,722.42,3.838,1.23,"[720.83, 722.42, 713.6]","[5, 3, 5]",13
assembly_1,3,0.95,subgraph_mip,diverse,20,343,1105,238,21.54,1.308,0.012,1.04,1.052,116.94,0.8502,0.0,722.42,0.0,713.6,722.42,3.838,1.23,"[720.83, 722.42, 713.6]","[5, 3, 5]",13
assembly_1,3,0.95,subgraph_mip,edge_weight,50,343,1105,54,4.89,1.308,0.154,0.549,0.704,174.82,0.9011,5.99,780.81,8.08,684,780.81,43.865,13.47,"[692.04, 684, 780.81]","[4, 4, 5]",13
assembly_1,3,0.95,subgraph_mip,time_balanced_weight,50,343,1105,141,12.76,1.308,0.229,0.783,1.012,121.5,0.8586,0.98,731.84,1.3,711.31,731.84,9.167,2.86,"[731.84, 711.31, 713.7]","[3, 5, 5]",13
assembly_1,3,0.95,subgraph_mip,combined,50,343,1105,190,17.19,1.308,0.434,1.38,1.813,67.82,0.8577,0.87,731.84,1.3,711.31,731.84,9.167,2.86,"[731.84, 711.31, 713.7]","[3, 5, 5]",13
assembly_1,3,0.95,subgraph_mip,blended,50,343,1105,37,3.35,1.308,0.101,0.267,0.368,334.26,0.8502,0.0,722.42,0.0,713.6,722.42,3.838,1.23,"[720.83, 722.42, 713.6]","[5, 3, 5]",13
assembly_1,3,0.95,subgraph_mip,blended_union,50,343,1105,146,13.21,1.308,0.454,0.679,1.132,108.62,0.8511,0.1,722.42,0.0,713.6,722.42,3.838,1.23,"[720.83, 722.42, 713.6]","[5, 3, 5]",13
assembly_1,3,0.95,subgraph_mip,diverse,50,343,1105,506,45.79,1.308,0.024,14.524,14.548,8.45,0.8502,0.0,722.42,0.0,713.6,722.42,3.838,1.23,"[720.83, 722.42, 713.6]","[5, 3, 5]",13
assembly_1,3,0.95,subgraph_mip,edge_weight,100,343,1105,78,7.06,1.308,0.306,0.495,0.801,153.55,0.9011,5.99,780.81,8.08,684,780.81,43.865,13.47,"[692.04, 684, 780.81]","[4, 4, 5]",13
assembly_1,3,0.95,subgraph_mip,time_balanced_weight,100,343,1105,189,17.1,1.308,0.407,1.269,1.676,73.39,0.8586,0.98,731.84,1.3,711.31,731.84,9.167,2.86,"[731.84, 711.31, 713.7]","[3, 5, 5]",13
assembly_1,3,0.95,subgraph_mip,combined,100,343,1105,257,23.26,1.308,0.7,2.731,3.431,35.84,0.8569,0.78,731.84,1.3,704.18,731.84,11.37,3.85,"[731.84, 720.83, 704.18]","[3, 5, 5]",13
assembly_1,3,0.95,subgraph_mip,blended,100,343,1105,54,4.89,1.308,0.236,0.48,0.716,171.84,0.8502,0.0,722.42,0.0,713.6,722.42,3.838,1.23,"[720.83, 722.42, 713.6]","[5, 3, 5]",13
assembly_1,3,0.95,subgraph_mip,blended_union,100,343,1105,190,17.19,1.308,0.865,1.365,2.23,55.15,0.8503,0.0,722.42,0.0,713.6,722.42,3.838,1.23,"[720.83, 722.42, 713.6]","[5, 3, 5]",13
assembly_1,3,0.95,subgraph_mip,diverse,100,343,1105,736,66.61,1.308,0.068,43.388,43.456,2.83,0.8502,0.0,722.42,0.0,713.6,722.42,3.838,1.23,"[720.83, 722.42, 713.6]","[5, 3, 5]",13
assembly_1,3,0.95,subgraph_mip,edge_weight,200,343,1105,95,8.6,1.308,0.526,0.538,1.063,115.65,0.9011,5.99,780.81,8.08,684,780.81,43.865,13.47,"[692.04, 684, 780.81]","[4, 4, 5]",13
assembly_1,3,0.95,subgraph_mip,time_balanced_weight,200,343,1105,258,23.35,1.308,0.704,2.293,2.997,41.04,0.8586,0.98,731.84,1.3,711.31,731.84,9.167,2.86,"[731.84, 711.31, 713.7]","[3, 5, 5]",13
assembly_1,3,0.95,subgraph_mip,combined,200,343,1105,339,30.68,1.308,1.223,6.684,7.908,15.55,0.8569,0.78,731.84,1.3,704.18,731.84,11.37,3.85,"[731.84, 720.83, 704.18]","[3, 5, 5]",13
assembly_1,3,0.95,subgraph_mip,blended,200,343,1105,69,6.24,1.308,0.438,0.349,0.787,156.36,0.8502,0.0,722.42,0.0,713.6,722.42,3.838,1.23,"[720.83, 722.42, 713.6]","[5, 3, 5]",13
assembly_1,3,0.95,subgraph_mip,blended_union,200,343,1105,203,18.37,1.308,1.693,1.408,3.101,39.66,0.8503,0.0,722.42,0.0,713.6,722.42,3.838,1.23,"[720.83, 722.42, 713.6]","[5, 3, 5]",13
assembly_1,3,0.95,subgraph_mip,diverse,200,343,1105,901,81.54,1.308,0.141,69.343,69.484,1.77,0.8502,0.0,722.42,0.0,713.6,722.42,3.838,1.23,"[720.83, 722.42, 713.6]","[5, 3, 5]",13
assembly_1,3,0.95,subgraph_mip,edge_weight,500,343,1105,108,9.77,1.308,1.17,0.467,1.638,75.09,0.9011,5.99,780.81,8.08,684,780.81,43.865,13.47,"[692.04, 684, 780.81]","[4, 4, 5]",13
assembly_1,3,0.95,subgraph_mip,time_balanced_weight,500,343,1105,399,36.11,1.308,1.386,5.775,7.161,17.18,0.8569,0.78,731.84,1.3,704.18,731.84,11.37,3.85,"[731.84, 720.83, 704.18]","[3, 5, 5]",13
assembly_1,3,0.95,subgraph_mip,combined,500,343,1105,459,41.54,1.308,2.647,11.252,13.899,8.85,0.8569,0.78,731.84,1.3,704.18,731.84,11.37,3.85,"[731.84, 720.83, 704.18]","[3, 5, 5]",13
assembly_1,3,0.95,subgraph_mip,blended,500,343,1105,70,6.33,1.308,1.088,0.145,1.233,99.74,0.8502,-0.0,722.42,0.0,713.6,722.42,3.838,1.23,"[720.83, 722.42, 713.6]","[5, 3, 5]",13
assembly_1,3,0.95,subgraph_mip,blended_union,500,343,1105,247,22.35,1.308,3.818,1.565,5.384,22.84,0.8502,0.0,722.42,0.0,713.6,722.42,3.838,1.23,"[720.83, 722.42, 713.6]","[5, 3, 5]",13
assembly_1,3,0.95,subgraph_mip,diverse,500,343,1105,1040,94.12,1.308,0.352,58.272,58.624,2.1,0.8502,0.0,722.42,0.0,713.6,722.42,3.838,1.23,"[720.83, 722.42, 713.6]","[5, 3, 5]",13
assembly_1,3,0.95,subgraph_mip,edge_weight,1000,343,1105,142,12.85,1.308,2.014,0.484,2.498,49.23,0.8647,1.7,747.12,3.42,680.33,747.12,28.25,9.29,"[747.12, 729.4, 680.33]","[4, 5, 4]",13
assembly_1,3,0.95,subgraph_mip,time_balanced_weight,1000,343,1105,500,45.25,1.308,2.355,8.582,10.937,11.24,0.8569,0.78,731.84,1.3,704.18,731.84,11.37,3.85,"[731.84, 720.83, 704.18]","[3, 5, 5]",13
assembly_1,3,0.95,subgraph_mip,combined,1000,343,1105,578,52.31,1.308,4.399,12.241,16.64,7.39,0.8569,0.78,731.84,1.3,704.18,731.84,11.37,3.85,"[731.84, 720.83, 704.18]","[3, 5, 5]",13
assembly_1,3,0.95,subgraph_mip,blended,1000,343,1105,72,6.52,1.308,1.959,0.394,2.353,52.28,0.8502,0.0,722.42,0.0,713.6,722.42,3.838,1.23,"[720.83, 722.42, 713.6]","[5, 3, 5]",13
assembly_1,3,0.95,subgraph_mip,blended_union,1000,343,1105,284,25.7,1.308,6.691,0.93,7.621,16.14,0.8502,0.0,722.42,0.0,713.6,722.42,3.838,1.23,"[720.83, 722.42, 713.6]","[5, 3, 5]",13
assembly_1,3,0.95,subgraph_mip,diverse,1000,343,1105,1094,99.0,1.308,0.619,56.739,57.358,2.14,0.8502,0.0,722.42,0.0,713.6,722.42,3.838,1.23,"[720.83, 722.42, 713.6]","[5, 3, 5]",13
assembly_1,3,0.95,subgraph_mip,edge_weight,2000,343,1105,185,16.74,1.308,4.631,0.689,5.32,23.12,0.8647,1.7,747.12,3.42,680.33,747.12,28.25,9.29,"[747.12, 729.4, 680.33]","[4, 5, 4]",13
assembly_1,3,0.95,subgraph_mip,time_balanced_weight,2000,343,1105,630,57.01,1.308,4.757,16.365,21.122,5.82,0.8569,0.78,731.84,1.3,704.18,731.84,11.37,3.85,"[731.84, 720.83, 704.18]","[3, 5, 5]",13
assembly_1,3,0.95,subgraph_mip,combined,2000,343,1105,685,61.99,1.308,9.44,31.2,40.64,3.03,0.8569,0.78,731.84,1.3,704.18,731.84,11.37,3.85,"[731.84, 720.83, 704.18]","[3, 5, 5]",13
assembly_1,3,0.95,subgraph_mip,blended,2000,343,1105,83,7.51,1.308,4.947,0.626,5.573,22.07,0.8502,0.0,722.42,0.0,713.6,722.42,3.838,1.23,"[720.83, 722.42, 713.6]","[5, 3, 5]",13
assembly_1,3,0.95,subgraph_mip,blended_union,2000,343,1105,335,30.32,1.308,15.009,1.275,16.283,7.55,0.8502,0.0,722.42,0.0,713.6,722.42,3.838,1.23,"[720.83, 722.42, 713.6]","[5, 3, 5]",13
assembly_1,3,0.95,subgraph_mip,diverse,2000,343,1105,1105,100.0,1.308,1.229,65.941,67.17,1.83,0.8502,0.0,722.42,0.0,713.6,722.42,3.838,1.23,"[720.83, 722.42, 713.6]","[5, 3, 5]",13
assembly_1,3,0.95,subgraph_mip,edge_weight,5000,343,1105,232,21.0,1.308,18.414,0.912,19.326,6.36,0.8647,1.7,747.12,3.42,680.33,747.12,28.25,9.29,"[747.12, 729.4, 680.33]","[4, 5, 4]",13
assembly_1,3,0.95,subgraph_mip,time_balanced_weight,5000,343,1105,799,72.31,1.308,16.702,43.604,60.307,2.04,0.8569,0.78,731.84,1.3,704.18,731.84,11.37,3.85,"[731.84, 720.83, 704.18]","[3, 5, 5]",13
assembly_1,3,0.95,subgraph_mip,combined,5000,343,1105,830,75.11,1.308,35.054,29.019,64.074,1.92,0.8569,0.78,731.84,1.3,704.18,731.84,11.37,3.85,"[731.84, 720.83, 704.18]","[3, 5, 5]",13
assembly_1,3,0.95,subgraph_mip,blended,5000,343,1105,93,8.42,1.308,18.814,0.157,18.97,6.48,0.8502,-0.0,722.42,0.0,713.6,722.42,3.838,1.23,"[720.83, 722.42, 713.6]","[5, 3, 5]",13
assembly_1,3,0.95,subgraph_mip,blended_union,5000,343,1105,355,32.13,1.308,53.676,2.557,56.233,2.19,0.8502,0.0,722.42,0.0,713.6,722.42,3.838,1.23,"[720.83, 722.42, 713.6]","[5, 3, 5]",13
assembly_1,3,0.95,subgraph_mip,diverse,5000,343,1105,1105,100.0,1.308,2.828,56.486,59.314,2.07,0.8502,0.0,722.42,0.0,713.6,722.42,3.838,1.23,"[720.83, 722.42, 713.6]","[5, 3, 5]",13
assembly_1,3,1.0,full_mip,—,,343,1105,1105,100.0,0.411,0.0,73.622,73.622,1.0,0.8369,0.0,722.42,0.0,713.6,722.42,3.838,1.23,"[720.83, 722.42, 713.6]","[5, 3, 5]",13
assembly_1,3,1.0,subgraph_mip,edge_weight,1,343,1105,13,1.18,0.411,0.002,0.021,0.023,3174.35,0.9176,9.63,792,9.63,584.04,792,95.505,28.93,"[584.04, 792, 780.81]","[3, 5, 5]",13
assembly_1,3,1.0,subgraph_mip,time_balanced_weight,1,343,1105,13,1.18,0.411,0.001,0.024,0.025,2964.17,0.8479,1.3,731.84,1.3,705.03,731.84,10.969,3.73,"[731.84, 705.03, 719.98]","[3, 5, 5]",13
assembly_1,3,1.0,subgraph_mip,combined,1,343,1105,26,2.35,0.411,0.002,0.183,0.185,398.9,0.8479,1.3,731.84,1.3,705.03,731.84,10.969,3.73,"[731.84, 705.03, 719.98]","[3, 5, 5]",13
assembly_1,3,1.0,subgraph_mip,blended,1,343,1105,13,1.18,0.411,0.001,0.038,0.039,1880.56,0.8369,0.0,722.42,0.0,713.6,722.42,3.838,1.23,"[720.83, 722.42, 713.6]","[5, 3, 5]",13
assembly_1,3,1.0,subgraph_mip,blended_union,1,343,1105,37,3.35,0.411,0.012,0.138,0.15,491.78,0.8369,0.0,722.42,0.0,713.6,722.42,3.838,1.23,"[720.83, 722.42, 713.6]","[5, 3, 5]",13
assembly_1,3,1.0,subgraph_mip,diverse,1,343,1105,13,1.18,0.411,0.004,0.024,0.027,2690.87,0.8369,0.0,722.42,0.0,713.6,722.42,3.838,1.23,"[720.83, 722.42, 713.6]","[5, 3, 5]",13
assembly_1,3,1.0,subgraph_mip,edge_weight,2,343,1105,15,1.36,0.411,0.004,0.345,0.349,210.73,0.9133,9.12,788.33,9.12,584.04,788.33,95.409,28.42,"[584.04, 784.48, 788.33]","[3, 5, 5]",13
assembly_1,3,1.0,subgraph_mip,time_balanced_weight,2,343,1105,15,1.36,0.411,0.005,0.035,0.041,1811.46,0.8479,1.3,731.84,1.3,705.03,731.84,10.969,3.73,"[731.84, 705.03, 719.98]","[3, 5, 5]",13
assembly_1,3,1.0,subgraph_mip,combined,2,343,1105,30,2.71,0.411,0.01,0.524,0.534,137.79,0.8479,1.3,731.84,1.3,705.03,731.84,10.969,3.73,"[731.84, 705.03, 719.98]","[3, 5, 5]",13
assembly_1,3,1.0,subgraph_mip,blended,2,343,1105,15,1.36,0.411,0.006,0.027,0.033,2243.29,0.8369,-0.0,722.42,0.0,713.6,722.42,3.838,1.23,"[720.83, 722.42, 713.6]","[5, 3, 5]",13
assembly_1,3,1.0,subgraph_mip,blended_union,2,343,1105,42,3.8,0.411,0.029,0.214,0.243,302.71,0.8369,0.0,722.42,0.0,713.6,722.42,3.838,1.23,"[720.83, 722.42, 713.6]","[5, 3, 5]",13
assembly_1,3,1.0,subgraph_mip,diverse,2,343,1105,26,2.35,0.411,0.004,0.379,0.383,191.98,0.8369,0.0,722.42,0.0,713.6,722.42,3.838,1.23,"[720.83, 722.42, 713.6]","[5, 3, 5]",13
assembly_1,3,1.0,subgraph_mip,edge_weight,5,343,1105,21,1.9,0.411,0.013,0.051,0.064,1146.02,0.9133,9.12,788.33,9.12,584.04,788.33,95.409,28.42,"[584.04, 784.48, 788.33]","[3, 5, 5]",13
assembly_1,3,1.0,subgraph_mip,time_balanced_weight,5,343,1105,44,3.98,0.411,0.018,0.197,0.215,342.76,0.8479,1.3,731.84,1.3,711.31,731.84,9.167,2.86,"[731.84, 711.31, 713.7]","[3, 5, 5]",13
assembly_1,3,1.0,subgraph_mip,combined,5,343,1105,65,5.88,0.411,0.03,0.258,0.288,255.49,0.8479,1.3,731.84,1.3,711.31,731.84,9.167,2.86,"[731.84, 711.31, 713.7]","[3, 5, 5]",13
assembly_1,3,1.0,subgraph_mip,blended,5,343,1105,21,1.9,0.411,0.009,0.158,0.167,439.87,0.8369,-0.0,722.42,0.0,713.6,722.42,3.838,1.23,"[720.83, 722.42, 713.6]","[5, 3, 5]",13
assembly_1,3,1.0,subgraph_mip,blended_union,5,343,1105,60,5.43,0.411,0.045,0.254,0.3,245.57,0.8369,0.0,722.42,0.0,713.6,722.42,3.838,1.23,"[720.83, 722.42, 713.6]","[5, 3, 5]",13
assembly_1,3,1.0,subgraph_mip,diverse,5,343,1105,65,5.88,0.411,0.006,0.402,0.408,180.62,0.8369,0.0,722.42,0.0,713.6,722.42,3.838,1.23,"[720.83, 722.42, 713.6]","[5, 3, 5]",13
assembly_1,3,1.0,subgraph_mip,edge_weight,10,343,1105,24,2.17,0.411,0.052,0.347,0.399,184.68,0.9133,9.12,788.33,9.12,584.04,788.33,95.409,28.42,"[584.04, 784.48, 788.33]","[3, 5, 5]",13
assembly_1,3,1.0,subgraph_mip,time_balanced_weight,10,343,1105,57,5.16,0.411,0.067,0.471,0.537,137.0,0.8479,1.3,731.84,1.3,705.03,731.84,10.969,3.73,"[731.84, 705.03, 719.98]","[3, 5, 5]",13
assembly_1,3,1.0,subgraph_mip,combined,10,343,1105,81,7.33,0.411,0.079,0.375,0.454,162.07,0.8479,1.3,731.84,1.3,705.03,731.84,10.969,3.73,"[731.84, 705.03, 719.98]","[3, 5, 5]",13
assembly_1,3,1.0,subgraph_mip,blended,10,343,1105,29,2.62,0.411,0.025,0.241,0.265,277.42,0.8369,-0.0,722.42,0.0,713.6,722.42,3.838,1.23,"[720.83, 722.42, 713.6]","[5, 3, 5]",13
assembly_1,3,1.0,subgraph_mip,blended_union,10,343,1105,75,6.79,0.411,0.115,0.257,0.372,198.08,0.8369,0.0,722.42,0.0,713.6,722.42,3.838,1.23,"[720.83, 722.42, 713.6]","[5, 3, 5]",13
assembly_1,3,1.0,subgraph_mip,diverse,10,343,1105,126,11.4,0.411,0.007,0.731,0.738,99.74,0.8369,0.0,722.42,0.0,713.6,722.42,3.838,1.23,"[720.83, 722.42, 713.6]","[5, 3, 5]",13
assembly_1,3,1.0,subgraph_mip,edge_weight,20,343,1105,35,3.17,0.411,0.063,0.169,0.232,317.33,0.9133,9.12,788.33,9.12,584.04,788.33,95.409,28.42,"[584.04, 784.48, 788.33]","[3, 5, 5]",13
assembly_1,3,1.0,subgraph_mip,time_balanced_weight,20,343,1105,73,6.61,0.411,0.126,0.342,0.468,157.16,0.8479,1.3,731.84,1.3,705.03,731.84,10.969,3.73,"[731.84, 705.03, 719.98]","[3, 5, 5]",13
assembly_1,3,1.0,subgraph_mip,combined,20,343,1105,107,9.68,0.411,0.154,0.649,0.803,91.65,0.8479,1.3,731.84,1.3,711.31,731.84,9.167,2.86,"[731.84, 711.31, 713.7]","[3, 5, 5]",13
assembly_1,3,1.0,subgraph_mip,blended,20,343,1105,31,2.81,0.411,0.07,0.933,1.003,73.42,0.8369,-0.0,722.42,0.0,713.6,722.42,3.838,1.23,"[720.83, 722.42, 713.6]","[5, 3, 5]",13
assembly_1,3,1.0,subgraph_mip,blended_union,20,343,1105,93,8.42,0.411,0.229,0.401,0.63,116.9,0.8369,0.0,722.42,0.0,713.6,722.42,3.838,1.23,"[720.83, 722.42, 713.6]","[5, 3, 5]",13
assembly_1,3,1.0,subgraph_mip,diverse,20,343,1105,238,21.54,0.411,0.012,2.498,2.51,29.33,0.8369,0.0,722.42,0.0,713.6,722.42,3.838,1.23,"[720.83, 722.42, 713.6]","[5, 3, 5]",13
assembly_1,3,1.0,subgraph_mip,edge_weight,50,343,1105,54,4.89,0.411,0.193,0.266,0.459,160.45,0.9046,8.08,780.81,8.08,684,780.81,43.865,13.47,"[692.04, 684, 780.81]","[4, 4, 5]",13
assembly_1,3,1.0,subgraph_mip,time_balanced_weight,50,343,1105,141,12.76,0.411,0.248,1.269,1.516,48.56,0.8479,1.3,731.84,1.3,705.03,731.84,10.969,3.73,"[731.84, 705.03, 719.98]","[3, 5, 5]",13
assembly_1,3,1.0,subgraph_mip,combined,50,343,1105,190,17.19,0.411,0.407,2.19,2.597,28.35,0.8479,1.3,731.84,1.3,697.9,731.84,15.009,4.72,"[731.84, 727.11, 697.9]","[3, 5, 5]",13
assembly_1,3,1.0,subgraph_mip,blended,50,343,1105,47,4.25,0.411,0.127,0.213,0.34,216.73,0.8369,0.0,722.42,0.0,713.6,722.42,3.838,1.23,"[720.83, 722.42, 713.6]","[5, 3, 5]",13
assembly_1,3,1.0,subgraph_mip,blended_union,50,343,1105,146,13.21,0.411,0.584,0.874,1.458,50.49,0.8369,0.0,722.42,0.0,713.6,722.42,3.838,1.23,"[720.83, 722.42, 713.6]","[5, 3, 5]",13
assembly_1,3,1.0,subgraph_mip,diverse,50,343,1105,507,45.88,0.411,0.052,10.846,10.897,6.76,0.8369,0.0,722.42,0.0,713.6,722.42,3.838,1.23,"[720.83, 722.42, 713.6]","[5, 3, 5]",13
assembly_1,3,1.0,subgraph_mip,edge_weight,100,343,1105,78,7.06,0.411,0.307,0.67,0.977,75.38,0.9046,8.08,780.81,8.08,684,780.81,43.865,13.47,"[692.04, 684, 780.81]","[4, 4, 5]",13
assembly_1,3,1.0,subgraph_mip,time_balanced_weight,100,343,1105,189,17.1,0.411,0.395,1.782,2.178,33.81,0.8479,1.3,731.84,1.3,705.03,731.84,10.969,3.73,"[731.84, 705.03, 719.98]","[3, 5, 5]",13
assembly_1,3,1.0,subgraph_mip,combined,100,343,1105,257,23.26,0.411,0.711,4.851,5.563,13.24,0.8479,1.3,731.84,1.3,711.31,731.84,9.167,2.86,"[731.84, 711.31, 713.7]","[3, 5, 5]",13
assembly_1,3,1.0,subgraph_mip,blended,100,343,1105,69,6.24,0.411,0.266,0.281,0.547,134.48,0.8369,0.0,722.42,0.0,713.6,722.42,3.838,1.23,"[720.83, 722.42, 713.6]","[5, 3, 5]",13
assembly_1,3,1.0,subgraph_mip,blended_union,100,343,1105,190,17.19,0.411,0.959,0.757,1.716,42.91,0.8369,0.0,722.42,0.0,713.6,722.42,3.838,1.23,"[720.83, 722.42, 713.6]","[5, 3, 5]",13
assembly_1,3,1.0,subgraph_mip,diverse,100,343,1105,733,66.33,0.411,0.084,18.77,18.854,3.9,0.8369,0.0,722.42,0.0,713.6,722.42,3.838,1.23,"[720.83, 722.42, 713.6]","[5, 3, 5]",13
assembly_1,3,1.0,subgraph_mip,edge_weight,200,343,1105,95,8.6,0.411,0.475,0.333,0.808,91.1,0.9046,8.08,780.81,8.08,684,780.81,43.865,13.47,"[692.04, 684, 780.81]","[4, 4, 5]",13
assembly_1,3,1.0,subgraph_mip,time_balanced_weight,200,343,1105,258,23.35,0.411,0.745,2.04,2.785,26.44,0.8479,1.3,731.84,1.3,697.9,731.84,15.009,4.72,"[731.84, 727.11, 697.9]","[3, 5, 5]",13
assembly_1,3,1.0,subgraph_mip,combined,200,343,1105,339,30.68,0.411,1.306,3.883,5.188,14.19,0.8479,1.3,731.84,1.3,704.18,731.84,11.37,3.85,"[731.84, 720.83, 704.18]","[3, 5, 5]",13
assembly_1,3,1.0,subgraph_mip,blended,200,343,1105,69,6.24,0.411,0.5,0.265,0.765,96.26,0.8369,0.0,722.42,0.0,713.6,722.42,3.838,1.23,"[720.83, 722.42, 713.6]","[5, 3, 5]",13
assembly_1,3,1.0,subgraph_mip,blended_union,200,343,1105,203,18.37,0.411,1.917,1.052,2.969,24.79,0.8369,0.0,722.42,0.0,713.6,722.42,3.838,1.23,"[720.83, 722.42, 713.6]","[5, 3, 5]",13
assembly_1,3,1.0,subgraph_mip,diverse,200,343,1105,903,81.72,0.411,0.141,53.571,53.712,1.37,0.8369,0.0,722.42,0.0,713.6,722.42,3.838,1.23,"[720.83, 722.42, 713.6]","[5, 3, 5]",13
assembly_1,3,1.0,subgraph_mip,edge_weight,500,343,1105,108,9.77,0.411,1.326,0.531,1.857,39.65,0.9046,8.08,780.81,8.08,684,780.81,43.865,13.47,"[692.04, 684, 780.81]","[4, 4, 5]",13
assembly_1,3,1.0,subgraph_mip,time_balanced_weight,500,343,1105,399,36.11,0.411,1.487,6.612,8.098,9.09,0.8479,1.3,731.84,1.3,711.31,731.84,9.167,2.86,"[731.84, 711.31, 713.7]","[3, 5, 5]",13
assembly_1,3,1.0,subgraph_mip,combined,500,343,1105,459,41.54,0.411,2.894,6.192,9.086,8.1,0.8479,1.3,731.84,1.3,697.9,731.84,15.009,4.72,"[731.84, 727.11, 697.9]","[3, 5, 5]",13
assembly_1,3,1.0,subgraph_mip,blended,500,343,1105,85,7.69,0.411,1.166,0.283,1.449,50.82,0.8369,0.0,722.42,0.0,713.6,722.42,3.838,1.23,"[720.83, 722.42, 713.6]","[5, 3, 5]",13
assembly_1,3,1.0,subgraph_mip,blended_union,500,343,1105,247,22.35,0.411,3.963,1.513,5.476,13.44,0.8369,0.0,722.42,0.0,713.6,722.42,3.838,1.23,"[720.83, 722.42, 713.6]","[5, 3, 5]",13
assembly_1,3,1.0,subgraph_mip,diverse,500,343,1105,1045,94.57,0.411,0.332,33.139,33.472,2.2,0.8369,0.0,722.42,0.0,713.6,722.42,3.838,1.23,"[720.83, 722.42, 713.6]","[5, 3, 5]",13
assembly_1,3,1.0,subgraph_mip,edge_weight,1000,343,1105,142,12.85,0.411,2.571,0.68,3.251,22.64,0.8656,3.42,747.12,3.42,704.18,747.12,19.927,5.97,"[747.12, 705.55, 704.18]","[4, 4, 5]",13
assembly_1,3,1.0,subgraph_mip,time_balanced_weight,1000,343,1105,500,45.25,0.411,2.889,6.361,9.25,7.96,0.8479,1.3,731.84,1.3,704.18,731.84,11.37,3.85,"[731.84, 720.83, 704.18]","[3, 5, 5]",13
assembly_1,3,1.0,subgraph_mip,combined,1000,343,1105,578,52.31,0.411,5.176,8.799,13.975,5.27,0.8479,1.3,731.84,1.3,697.9,731.84,15.009,4.72,"[731.84, 727.11, 697.9]","[3, 5, 5]",13
assembly_1,3,1.0,subgraph_mip,blended,1000,343,1105,90,8.14,0.411,2.192,0.237,2.429,30.31,0.8369,-0.0,722.42,0.0,713.6,722.42,3.838,1.23,"[720.83, 722.42, 713.6]","[5, 3, 5]",13
assembly_1,3,1.0,subgraph_mip,blended_union,1000,343,1105,284,25.7,0.411,7.816,2.115,9.931,7.41,0.8369,0.0,722.42,0.0,713.6,722.42,3.838,1.23,"[720.83, 722.42, 713.6]","[5, 3, 5]",13
assembly_1,3,1.0,subgraph_mip,diverse,1000,343,1105,1097,99.28,0.411,0.689,77.614,78.303,0.94,0.8369,0.0,722.42,0.0,713.6,722.42,3.838,1.23,"[720.83, 722.42, 713.6]","[5, 3, 5]",13
assembly_1,3,1.0,subgraph_mip,edge_weight,2000,343,1105,185,16.74,0.411,4.718,0.863,5.58,13.19,0.8656,3.42,747.12,3.42,703.55,747.12,19.948,6.06,"[747.12, 703.55, 706.18]","[4, 4, 5]",13
assembly_1,3,1.0,subgraph_mip,time_balanced_weight,2000,343,1105,630,57.01,0.411,4.881,10.302,15.183,4.85,0.8479,1.3,731.84,1.3,711.31,731.84,9.167,2.86,"[731.84, 711.31, 713.7]","[3, 5, 5]",13
assembly_1,3,1.0,subgraph_mip,combined,2000,343,1105,685,61.99,0.411,9.406,16.035,25.441,2.89,0.8479,1.3,731.84,1.3,706.18,731.84,10.476,3.57,"[731.84, 718.83, 706.18]","[3, 5, 5]",13
assembly_1,3,1.0,subgraph_mip,blended,2000,343,1105,92,8.33,0.411,4.202,0.283,4.486,16.41,0.8369,0.0,722.42,0.0,713.6,722.42,3.838,1.23,"[720.83, 722.42, 713.6]","[5, 3, 5]",13
assembly_1,3,1.0,subgraph_mip,blended_union,2000,343,1105,335,30.32,0.411,14.488,1.667,16.155,4.56,0.8369,-0.0,722.42,0.0,713.6,722.42,3.838,1.23,"[720.83, 722.42, 713.6]","[5, 3, 5]",13
assembly_1,3,1.0,subgraph_mip,diverse,2000,343,1105,1105,100.0,0.411,1.167,42.493,43.661,1.69,0.8369,0.0,722.42,0.0,713.6,722.42,3.838,1.23,"[720.83, 722.42, 713.6]","[5, 3, 5]",13
assembly_1,3,1.0,subgraph_mip,edge_weight,5000,343,1105,232,21.0,0.411,18.115,1.777,19.892,3.7,0.8656,3.42,747.12,3.42,680.33,747.12,28.25,9.29,"[747.12, 729.4, 680.33]","[4, 5, 4]",13
assembly_1,3,1.0,subgraph_mip,time_balanced_weight,5000,343,1105,799,72.31,0.411,16.547,17.627,34.174,2.15,0.8479,1.3,731.84,1.3,699.9,731.84,13.748,4.44,"[731.84, 725.11, 699.9]","[3, 5, 5]",13
assembly_1,3,1.0,subgraph_mip,combined,5000,343,1105,830,75.11,0.411,35.105,32.94,68.045,1.08,0.8479,1.3,731.84,1.3,704.18,731.84,11.37,3.85,"[731.84, 720.83, 704.18]","[3, 5, 5]",13
assembly_1,3,1.0,subgraph_mip,blended,5000,343,1105,93,8.42,0.411,17.109,0.286,17.395,4.23,0.8369,0.0,722.42,0.0,713.6,722.42,3.838,1.23,"[720.83, 722.42, 713.6]","[5, 3, 5]",13
assembly_1,3,1.0,subgraph_mip,blended_union,5000,343,1105,355,32.13,0.411,56.522,3.624,60.146,1.22,0.8369,0.0,722.42,0.0,713.6,722.42,3.838,1.23,"[720.83, 722.42, 713.6]","[5, 3, 5]",13
assembly_1,3,1.0,subgraph_mip,diverse,5000,343,1105,1105,100.0,0.411,2.99,42.528,45.518,1.62,0.8369,0.0,722.42,0.0,713.6,722.42,3.838,1.23,"[720.83, 722.42, 713.6]","[5, 3, 5]",13
