instance,num_phases,w_balanced,method,k,digraph_nodes,digraph_edges,subgraph_edges,subgraph_pct,d_edges,digraph_build_s,build_s,solve_s,elapsed_s,objective,ideal_obj,obj_vs_ideal_pct,d_obj_pct,path_cost,c_min,path_cost_vs_cmin_pct,alpha_abs,phase_width,alpha_vs_width_pct,imbalance_pct,abs_time_per_phase,ops_per_phase,n_ops_total,stop_perc_graph,stop_reason
assembly_2,2,0.1,adaptive,1,22160,134216,41,0.03,41,198.222,1.307,0.019,1.325,1.0143,1.0126,0.16,,1.0126,1.0126,0.0,1366,1344.5,1.6,3.2,"[1323, 1366]","[8, 9]",17,3.0,
assembly_2,2,0.1,adaptive,2,22160,134216,61,0.05,20,198.222,1.851,0.025,1.877,1.0143,1.0126,0.16,0.0,1.0126,1.0126,0.0,1366,1344.5,1.6,3.2,"[1323, 1366]","[8, 9]",17,3.0,
assembly_2,2,0.1,adaptive,3,22160,134216,66,0.05,5,198.222,2.216,0.046,2.263,1.0143,1.0126,0.16,0.0,1.0126,1.0126,0.0,1366,1344.5,1.6,3.2,"[1323, 1366]","[8, 9]",17,3.0,
assembly_2,2,0.1,adaptive,4,22160,134216,70,0.05,4,198.222,2.67,0.05,2.72,1.0143,1.0126,0.16,0.0,1.0126,1.0126,0.0,1366,1344.5,1.6,3.2,"[1323, 1366]","[8, 9]",17,3.0,
assembly_2,2,0.1,adaptive,6,22160,134216,79,0.06,9,198.222,3.606,0.043,3.649,1.0143,1.0126,0.16,0.0,1.0126,1.0126,0.0,1366,1344.5,1.6,3.2,"[1323, 1366]","[8, 9]",17,3.0,
assembly_2,2,0.1,adaptive,8,22160,134216,84,0.06,5,198.222,4.537,0.057,4.594,1.0143,1.0126,0.16,0.0,1.0126,1.0126,0.0,1366,1344.5,1.6,3.2,"[1323, 1366]","[8, 9]",17,3.0,
assembly_2,2,0.1,adaptive,12,22160,134216,98,0.07,14,198.222,6.302,0.044,6.345,1.0143,1.0126,0.16,-0.0,1.0126,1.0126,0.0,1366,1344.5,1.6,3.2,"[1323, 1366]","[8, 9]",17,3.0,
assembly_2,2,0.1,adaptive,16,22160,134216,110,0.08,12,198.222,8.16,0.108,8.268,1.0143,1.0126,0.16,0.0,1.0126,1.0126,0.0,1366,1344.5,1.6,3.2,"[1323, 1366]","[8, 9]",17,3.0,
assembly_2,2,0.1,adaptive,24,22160,134216,135,0.1,25,198.222,11.533,0.121,11.654,1.0143,1.0126,0.16,0.0,1.0126,1.0126,0.0,1366,1344.5,1.6,3.2,"[1323, 1366]","[8, 9]",17,3.0,
assembly_2,2,0.1,adaptive,32,22160,134216,158,0.12,23,198.222,14.678,0.308,14.986,1.0143,1.0126,0.16,-0.0,1.0126,1.0126,0.0,1366,1344.5,1.6,3.2,"[1323, 1366]","[8, 9]",17,3.0,
assembly_2,2,0.1,adaptive,48,22160,134216,313,0.23,155,198.222,16.206,0.149,16.355,1.0143,1.0126,0.16,0.0,1.0126,1.0126,0.0,1366,1344.5,1.6,3.2,"[1323, 1366]","[8, 9]",17,3.0,
assembly_2,2,0.1,adaptive,64,22160,134216,516,0.38,203,198.222,16.686,0.57,17.257,1.0143,1.0126,0.16,-0.0,1.0126,1.0126,0.0,1366,1344.5,1.6,3.2,"[1323, 1366]","[8, 9]",17,3.0,
assembly_2,2,0.1,adaptive,96,22160,134216,896,0.67,380,198.222,18.659,0.568,19.227,1.0143,1.0126,0.16,0.0,1.0126,1.0126,0.0,1366,1344.5,1.6,3.2,"[1323, 1366]","[8, 9]",17,3.0,
assembly_2,2,0.1,adaptive,128,22160,134216,1266,0.94,370,198.222,19.764,1.104,20.868,1.0143,1.0126,0.16,0.0,1.0126,1.0126,0.0,1366,1344.5,1.6,3.2,"[1323, 1366]","[8, 9]",17,3.0,
assembly_2,2,0.1,adaptive,192,22160,134216,1959,1.46,693,198.222,23.49,1.967,25.457,1.0143,1.0126,0.16,0.0,1.0126,1.0126,0.0,1366,1344.5,1.6,3.2,"[1323, 1366]","[8, 9]",17,3.0,
assembly_2,2,0.1,adaptive,256,22160,134216,2607,1.94,648,198.222,26.613,0.753,27.366,1.0143,1.0126,0.16,0.0,1.0126,1.0126,0.0,1366,1344.5,1.6,3.2,"[1323, 1366]","[8, 9]",17,3.0,
assembly_2,2,0.1,adaptive,512,22160,134216,4957,3.69,2350,198.222,39.862,1.69,41.552,1.0143,1.0126,0.16,0.0,1.0126,1.0126,0.0,1366,1344.5,1.6,3.2,"[1323, 1366]","[8, 9]",17,3.0,stop_perc_graph
assembly_2,2,0.2,adaptive,1,22160,134216,41,0.03,41,187.368,1.059,0.017,1.077,1.0155,1.0126,0.29,,1.0149,1.0126,0.22,1352,1344.5,0.56,1.12,"[1337, 1352]","[7, 10]",17,3.0,
assembly_2,2,0.2,adaptive,2,22160,134216,61,0.05,20,187.368,1.455,0.049,1.504,1.0155,1.0126,0.29,0.0,1.0149,1.0126,0.22,1352,1344.5,0.56,1.12,"[1337, 1352]","[7, 10]",17,3.0,
assembly_2,2,0.2,adaptive,3,22160,134216,66,0.05,5,187.368,1.673,0.052,1.725,1.0155,1.0126,0.29,0.0,1.0149,1.0126,0.22,1352,1344.5,0.56,1.12,"[1337, 1352]","[7, 10]",17,3.0,
assembly_2,2,0.2,adaptive,4,22160,134216,70,0.05,4,187.368,1.98,0.059,2.039,1.0155,1.0126,0.29,0.0,1.0149,1.0126,0.22,1352,1344.5,0.56,1.12,"[1337, 1352]","[7, 10]",17,3.0,
assembly_2,2,0.2,adaptive,6,22160,134216,79,0.06,9,187.368,2.838,0.05,2.888,1.0155,1.0126,0.29,0.0,1.0149,1.0126,0.22,1352,1344.5,0.56,1.12,"[1337, 1352]","[7, 10]",17,3.0,
assembly_2,2,0.2,adaptive,8,22160,134216,84,0.06,5,187.368,4.373,0.096,4.469,1.0155,1.0126,0.29,0.0,1.0149,1.0126,0.22,1352,1344.5,0.56,1.12,"[1337, 1352]","[7, 10]",17,3.0,
assembly_2,2,0.2,adaptive,12,22160,134216,98,0.07,14,187.368,6.404,0.081,6.485,1.0155,1.0126,0.29,0.0,1.0149,1.0126,0.22,1352,1344.5,0.56,1.12,"[1337, 1352]","[7, 10]",17,3.0,
assembly_2,2,0.2,adaptive,16,22160,134216,110,0.08,12,187.368,8.096,0.162,8.258,1.0155,1.0126,0.29,0.0,1.0149,1.0126,0.22,1352,1344.5,0.56,1.12,"[1337, 1352]","[7, 10]",17,3.0,
assembly_2,2,0.2,adaptive,24,22160,134216,135,0.1,25,187.368,11.271,0.12,11.39,1.0155,1.0126,0.29,0.0,1.0149,1.0126,0.22,1352,1344.5,0.56,1.12,"[1337, 1352]","[7, 10]",17,3.0,
assembly_2,2,0.2,adaptive,32,22160,134216,158,0.12,23,187.368,14.264,0.208,14.472,1.0155,1.0126,0.29,0.0,1.0149,1.0126,0.22,1352,1344.5,0.56,1.12,"[1337, 1352]","[7, 10]",17,3.0,
assembly_2,2,0.2,adaptive,48,22160,134216,313,0.23,155,187.368,15.618,0.196,15.814,1.0155,1.0126,0.29,-0.0,1.0149,1.0126,0.22,1352,1344.5,0.56,1.12,"[1337, 1352]","[7, 10]",17,3.0,
assembly_2,2,0.2,adaptive,64,22160,134216,516,0.38,203,187.368,16.374,0.39,16.763,1.0155,1.0126,0.29,0.0,1.0149,1.0126,0.22,1352,1344.5,0.56,1.12,"[1337, 1352]","[7, 10]",17,3.0,
assembly_2,2,0.2,adaptive,96,22160,134216,894,0.67,378,187.368,18.265,0.872,19.138,1.0155,1.0126,0.29,0.0,1.0149,1.0126,0.22,1352,1344.5,0.56,1.12,"[1337, 1352]","[7, 10]",17,3.0,
assembly_2,2,0.2,adaptive,128,22160,134216,1262,0.94,368,187.368,19.755,0.988,20.743,1.0155,1.0126,0.29,0.0,1.0149,1.0126,0.22,1352,1344.5,0.56,1.12,"[1337, 1352]","[7, 10]",17,3.0,
assembly_2,2,0.2,adaptive,192,22160,134216,1959,1.46,697,187.368,22.973,1.958,24.931,1.0155,1.0126,0.29,0.0,1.0149,1.0126,0.22,1352,1344.5,0.56,1.12,"[1337, 1352]","[7, 10]",17,3.0,
assembly_2,2,0.2,adaptive,256,22160,134216,2603,1.94,644,187.368,26.225,0.799,27.024,1.0155,1.0126,0.29,0.0,1.0149,1.0126,0.22,1352,1344.5,0.56,1.12,"[1337, 1352]","[7, 10]",17,3.0,
assembly_2,2,0.2,adaptive,512,22160,134216,4957,3.69,2354,187.368,40.362,1.817,42.179,1.0155,1.0126,0.29,0.0,1.0149,1.0126,0.22,1352,1344.5,0.56,1.12,"[1337, 1352]","[7, 10]",17,3.0,stop_perc_graph
assembly_2,2,0.3,adaptive,1,22160,134216,41,0.03,41,198.303,1.306,0.02,1.326,1.0159,1.0126,0.32,,1.0149,1.0126,0.22,1352,1344.5,0.56,1.12,"[1337, 1352]","[7, 10]",17,3.0,
assembly_2,2,0.3,adaptive,2,22160,134216,61,0.05,20,198.303,1.812,0.045,1.857,1.0159,1.0126,0.32,0.0,1.0149,1.0126,0.22,1352,1344.5,0.56,1.12,"[1337, 1352]","[7, 10]",17,3.0,
assembly_2,2,0.3,adaptive,3,22160,134216,66,0.05,5,198.303,2.205,0.05,2.255,1.0159,1.0126,0.32,0.0,1.0149,1.0126,0.22,1352,1344.5,0.56,1.12,"[1337, 1352]","[7, 10]",17,3.0,
assembly_2,2,0.3,adaptive,4,22160,134216,70,0.05,4,198.303,2.646,0.055,2.701,1.0159,1.0126,0.32,-0.0,1.0149,1.0126,0.22,1352,1344.5,0.56,1.12,"[1337, 1352]","[7, 10]",17,3.0,
assembly_2,2,0.3,adaptive,6,22160,134216,79,0.06,9,198.303,3.564,0.058,3.622,1.0159,1.0126,0.32,0.0,1.0149,1.0126,0.22,1352,1344.5,0.56,1.12,"[1337, 1352]","[7, 10]",17,3.0,
assembly_2,2,0.3,adaptive,8,22160,134216,84,0.06,5,198.303,4.375,0.079,4.454,1.0159,1.0126,0.32,0.0,1.0149,1.0126,0.22,1352,1344.5,0.56,1.12,"[1337, 1352]","[7, 10]",17,3.0,
assembly_2,2,0.3,adaptive,12,22160,134216,98,0.07,14,198.303,6.233,0.116,6.349,1.0159,1.0126,0.32,0.0,1.0149,1.0126,0.22,1352,1344.5,0.56,1.12,"[1337, 1352]","[7, 10]",17,3.0,
assembly_2,2,0.3,adaptive,16,22160,134216,110,0.08,12,198.303,7.97,0.121,8.091,1.0159,1.0126,0.32,0.0,1.0149,1.0126,0.22,1352,1344.5,0.56,1.12,"[1337, 1352]","[7, 10]",17,3.0,
assembly_2,2,0.3,adaptive,24,22160,134216,135,0.1,25,198.303,11.147,0.144,11.291,1.0159,1.0126,0.32,0.0,1.0149,1.0126,0.22,1352,1344.5,0.56,1.12,"[1337, 1352]","[7, 10]",17,3.0,
assembly_2,2,0.3,adaptive,32,22160,134216,158,0.12,23,198.303,14.27,0.099,14.369,1.0159,1.0126,0.32,0.0,1.0149,1.0126,0.22,1352,1344.5,0.56,1.12,"[1337, 1352]","[7, 10]",17,3.0,
assembly_2,2,0.3,adaptive,48,22160,134216,313,0.23,155,198.303,15.543,0.366,15.909,1.0159,1.0126,0.32,0.0,1.0149,1.0126,0.22,1352,1344.5,0.56,1.12,"[1337, 1352]","[7, 10]",17,3.0,
assembly_2,2,0.3,adaptive,64,22160,134216,515,0.38,202,198.303,16.541,0.395,16.936,1.0159,1.0126,0.32,0.0,1.0149,1.0126,0.22,1352,1344.5,0.56,1.12,"[1337, 1352]","[7, 10]",17,3.0,
assembly_2,2,0.3,adaptive,96,22160,134216,894,0.67,379,198.303,18.345,0.602,18.948,1.0159,1.0126,0.32,0.0,1.0149,1.0126,0.22,1352,1344.5,0.56,1.12,"[1337, 1352]","[7, 10]",17,3.0,
assembly_2,2,0.3,adaptive,128,22160,134216,1265,0.94,371,198.303,19.774,1.337,21.111,1.0159,1.0126,0.32,0.0,1.0149,1.0126,0.22,1352,1344.5,0.56,1.12,"[1337, 1352]","[7, 10]",17,3.0,
assembly_2,2,0.3,adaptive,192,22160,134216,1960,1.46,695,198.303,22.995,2.64,25.636,1.0159,1.0126,0.32,0.0,1.0149,1.0126,0.22,1352,1344.5,0.56,1.12,"[1337, 1352]","[7, 10]",17,3.0,
assembly_2,2,0.3,adaptive,256,22160,134216,2604,1.94,644,198.303,26.579,1.389,27.968,1.0159,1.0126,0.32,-0.0,1.0149,1.0126,0.22,1352,1344.5,0.56,1.12,"[1337, 1352]","[7, 10]",17,3.0,
assembly_2,2,0.3,adaptive,512,22160,134216,4958,3.69,2354,198.303,40.727,1.938,42.665,1.0159,1.0126,0.32,0.0,1.0149,1.0126,0.22,1352,1344.5,0.56,1.12,"[1337, 1352]","[7, 10]",17,3.0,stop_perc_graph
assembly_2,2,0.4,adaptive,1,22160,134216,41,0.03,41,198.379,0.73,0.023,0.753,1.0162,1.0126,0.35,,1.0149,1.0126,0.22,1352,1344.5,0.56,1.12,"[1337, 1352]","[7, 10]",17,3.0,
assembly_2,2,0.4,adaptive,2,22160,134216,61,0.05,20,198.379,0.979,0.039,1.018,1.0162,1.0126,0.35,0.0,1.0149,1.0126,0.22,1352,1344.5,0.56,1.12,"[1337, 1352]","[7, 10]",17,3.0,
assembly_2,2,0.4,adaptive,3,22160,134216,66,0.05,5,198.379,1.123,0.048,1.171,1.0162,1.0126,0.35,0.0,1.0149,1.0126,0.22,1352,1344.5,0.56,1.12,"[1337, 1352]","[7, 10]",17,3.0,
assembly_2,2,0.4,adaptive,4,22160,134216,70,0.05,4,198.379,1.345,0.067,1.412,1.0162,1.0126,0.35,-0.0,1.0149,1.0126,0.22,1352,1344.5,0.56,1.12,"[1337, 1352]","[7, 10]",17,3.0,
assembly_2,2,0.4,adaptive,6,22160,134216,79,0.06,9,198.379,1.739,0.084,1.823,1.0162,1.0126,0.35,0.0,1.0149,1.0126,0.22,1352,1344.5,0.56,1.12,"[1337, 1352]","[7, 10]",17,3.0,
assembly_2,2,0.4,adaptive,8,22160,134216,84,0.06,5,198.379,2.157,0.081,2.238,1.0162,1.0126,0.35,0.0,1.0149,1.0126,0.22,1352,1344.5,0.56,1.12,"[1337, 1352]","[7, 10]",17,3.0,
assembly_2,2,0.4,adaptive,12,22160,134216,98,0.07,14,198.379,2.981,0.117,3.098,1.0162,1.0126,0.35,-0.0,1.0149,1.0126,0.22,1352,1344.5,0.56,1.12,"[1337, 1352]","[7, 10]",17,3.0,
assembly_2,2,0.4,adaptive,16,22160,134216,110,0.08,12,198.379,3.838,0.133,3.971,1.0162,1.0126,0.35,0.0,1.0149,1.0126,0.22,1352,1344.5,0.56,1.12,"[1337, 1352]","[7, 10]",17,3.0,
assembly_2,2,0.4,adaptive,24,22160,134216,135,0.1,25,198.379,5.309,0.154,5.464,1.0162,1.0126,0.35,0.0,1.0149,1.0126,0.22,1352,1344.5,0.56,1.12,"[1337, 1352]","[7, 10]",17,3.0,
assembly_2,2,0.4,adaptive,32,22160,134216,158,0.12,23,198.379,6.796,0.114,6.91,1.0162,1.0126,0.35,0.0,1.0149,1.0126,0.22,1352,1344.5,0.56,1.12,"[1337, 1352]","[7, 10]",17,3.0,
assembly_2,2,0.4,adaptive,48,22160,134216,313,0.23,155,198.379,7.524,0.241,7.765,1.0162,1.0126,0.35,0.0,1.0149,1.0126,0.22,1352,1344.5,0.56,1.12,"[1337, 1352]","[7, 10]",17,3.0,
assembly_2,2,0.4,adaptive,64,22160,134216,514,0.38,201,198.379,7.87,0.353,8.223,1.0162,1.0126,0.35,0.0,1.0149,1.0126,0.22,1352,1344.5,0.56,1.12,"[1337, 1352]","[7, 10]",17,3.0,
assembly_2,2,0.4,adaptive,96,22160,134216,893,0.67,379,198.379,8.592,0.704,9.297,1.0162,1.0126,0.35,0.0,1.0149,1.0126,0.22,1352,1344.5,0.56,1.12,"[1337, 1352]","[7, 10]",17,3.0,
assembly_2,2,0.4,adaptive,128,22160,134216,1264,0.94,371,198.379,9.37,1.182,10.552,1.0162,1.0126,0.35,0.0,1.0149,1.0126,0.22,1352,1344.5,0.56,1.12,"[1337, 1352]","[7, 10]",17,3.0,
assembly_2,2,0.4,adaptive,192,22160,134216,1962,1.46,698,198.379,10.827,2.11,12.937,1.0162,1.0126,0.35,0.0,1.0149,1.0126,0.22,1352,1344.5,0.56,1.12,"[1337, 1352]","[7, 10]",17,3.0,
assembly_2,2,0.4,adaptive,256,22160,134216,2605,1.94,643,198.379,12.336,1.011,13.347,1.0162,1.0126,0.35,0.0,1.0149,1.0126,0.22,1352,1344.5,0.56,1.12,"[1337, 1352]","[7, 10]",17,3.0,
assembly_2,2,0.4,adaptive,512,22160,134216,4969,3.7,2364,198.379,18.445,2.698,21.142,1.0162,1.0126,0.35,0.0,1.0149,1.0126,0.22,1352,1344.5,0.56,1.12,"[1337, 1352]","[7, 10]",17,3.0,stop_perc_graph
assembly_2,2,0.5,adaptive,1,22160,134216,41,0.03,41,198.586,1.305,0.027,1.331,1.0166,1.0126,0.39,,1.0149,1.0126,0.22,1352,1344.5,0.56,1.12,"[1337, 1352]","[7, 10]",17,3.0,
assembly_2,2,0.5,adaptive,2,22160,134216,61,0.05,20,198.586,1.814,0.05,1.864,1.0166,1.0126,0.39,0.0,1.0149,1.0126,0.22,1352,1344.5,0.56,1.12,"[1337, 1352]","[7, 10]",17,3.0,
assembly_2,2,0.5,adaptive,3,22160,134216,66,0.05,5,198.586,2.199,0.063,2.262,1.0166,1.0126,0.39,0.0,1.0149,1.0126,0.22,1352,1344.5,0.56,1.12,"[1337, 1352]","[7, 10]",17,3.0,
assembly_2,2,0.5,adaptive,4,22160,134216,70,0.05,4,198.586,2.641,0.059,2.7,1.0166,1.0126,0.39,0.0,1.0149,1.0126,0.22,1352,1344.5,0.56,1.12,"[1337, 1352]","[7, 10]",17,3.0,
assembly_2,2,0.5,adaptive,6,22160,134216,79,0.06,9,198.586,3.527,0.106,3.633,1.0166,1.0126,0.39,0.0,1.0149,1.0126,0.22,1352,1344.5,0.56,1.12,"[1337, 1352]","[7, 10]",17,3.0,
assembly_2,2,0.5,adaptive,8,22160,134216,84,0.06,5,198.586,4.486,0.07,4.556,1.0166,1.0126,0.39,0.0,1.0149,1.0126,0.22,1352,1344.5,0.56,1.12,"[1337, 1352]","[7, 10]",17,3.0,
assembly_2,2,0.5,adaptive,12,22160,134216,98,0.07,14,198.586,6.271,0.097,6.368,1.0166,1.0126,0.39,0.0,1.0149,1.0126,0.22,1352,1344.5,0.56,1.12,"[1337, 1352]","[7, 10]",17,3.0,
assembly_2,2,0.5,adaptive,16,22160,134216,110,0.08,12,198.586,8.138,0.15,8.288,1.0166,1.0126,0.39,-0.0,1.0149,1.0126,0.22,1352,1344.5,0.56,1.12,"[1337, 1352]","[7, 10]",17,3.0,
assembly_2,2,0.5,adaptive,24,22160,134216,135,0.1,25,198.586,11.201,0.096,11.297,1.0166,1.0126,0.39,0.0,1.0149,1.0126,0.22,1352,1344.5,0.56,1.12,"[1337, 1352]","[7, 10]",17,3.0,
assembly_2,2,0.5,adaptive,32,22160,134216,158,0.12,23,198.586,14.56,0.131,14.692,1.0166,1.0126,0.39,0.0,1.0149,1.0126,0.22,1352,1344.5,0.56,1.12,"[1337, 1352]","[7, 10]",17,3.0,
assembly_2,2,0.5,adaptive,48,22160,134216,315,0.23,157,198.586,15.969,0.337,16.306,1.0166,1.0126,0.39,0.0,1.0149,1.0126,0.22,1352,1344.5,0.56,1.12,"[1337, 1352]","[7, 10]",17,3.0,
assembly_2,2,0.5,adaptive,64,22160,134216,518,0.39,203,198.586,16.531,0.328,16.859,1.0166,1.0126,0.39,0.0,1.0149,1.0126,0.22,1352,1344.5,0.56,1.12,"[1337, 1352]","[7, 10]",17,3.0,
assembly_2,2,0.5,adaptive,96,22160,134216,897,0.67,379,198.586,18.522,0.655,19.178,1.0166,1.0126,0.39,0.0,1.0149,1.0126,0.22,1352,1344.5,0.56,1.12,"[1337, 1352]","[7, 10]",17,3.0,
assembly_2,2,0.5,adaptive,128,22160,134216,1263,0.94,366,198.586,19.986,0.991,20.978,1.0166,1.0126,0.39,0.0,1.0149,1.0126,0.22,1352,1344.5,0.56,1.12,"[1337, 1352]","[7, 10]",17,3.0,
assembly_2,2,0.5,adaptive,192,22160,134216,1959,1.46,696,198.586,23.482,2.265,25.747,1.0166,1.0126,0.39,0.0,1.0149,1.0126,0.22,1352,1344.5,0.56,1.12,"[1337, 1352]","[7, 10]",17,3.0,
assembly_2,2,0.5,adaptive,256,22160,134216,2603,1.94,644,198.586,27.024,1.995,29.019,1.0166,1.0126,0.39,0.0,1.0149,1.0126,0.22,1352,1344.5,0.56,1.12,"[1337, 1352]","[7, 10]",17,3.0,
assembly_2,2,0.5,adaptive,512,22160,134216,4970,3.7,2367,198.586,41.021,3.204,44.225,1.0166,1.0126,0.39,0.0,1.0149,1.0126,0.22,1352,1344.5,0.56,1.12,"[1337, 1352]","[7, 10]",17,3.0,stop_perc_graph
assembly_2,2,0.6,adaptive,1,22160,134216,41,0.03,41,201.763,1.342,0.035,1.377,1.0169,1.0126,0.42,,1.0149,1.0126,0.22,1352,1344.5,0.56,1.12,"[1337, 1352]","[7, 10]",17,3.0,
assembly_2,2,0.6,adaptive,2,22160,134216,61,0.05,20,201.763,1.863,0.082,1.945,1.0169,1.0126,0.42,0.0,1.0149,1.0126,0.22,1352,1344.5,0.56,1.12,"[1337, 1352]","[7, 10]",17,3.0,
assembly_2,2,0.6,adaptive,3,22160,134216,66,0.05,5,201.763,2.212,0.053,2.265,1.0169,1.0126,0.42,-0.0,1.0149,1.0126,0.22,1352,1344.5,0.56,1.12,"[1337, 1352]","[7, 10]",17,3.0,
assembly_2,2,0.6,adaptive,4,22160,134216,70,0.05,4,201.763,2.647,0.091,2.738,1.0169,1.0126,0.42,0.0,1.0149,1.0126,0.22,1352,1344.5,0.56,1.12,"[1337, 1352]","[7, 10]",17,3.0,
assembly_2,2,0.6,adaptive,6,22160,134216,79,0.06,9,201.763,3.548,0.077,3.625,1.0169,1.0126,0.42,0.0,1.0149,1.0126,0.22,1352,1344.5,0.56,1.12,"[1337, 1352]","[7, 10]",17,3.0,
assembly_2,2,0.6,adaptive,8,22160,134216,84,0.06,5,201.763,4.502,0.099,4.601,1.0169,1.0126,0.42,-0.0,1.0149,1.0126,0.22,1352,1344.5,0.56,1.12,"[1337, 1352]","[7, 10]",17,3.0,
assembly_2,2,0.6,adaptive,12,22160,134216,98,0.07,14,201.763,6.298,0.089,6.387,1.0169,1.0126,0.42,0.0,1.0149,1.0126,0.22,1352,1344.5,0.56,1.12,"[1337, 1352]","[7, 10]",17,3.0,
assembly_2,2,0.6,adaptive,16,22160,134216,110,0.08,12,201.763,8.136,0.14,8.276,1.0169,1.0126,0.42,0.0,1.0149,1.0126,0.22,1352,1344.5,0.56,1.12,"[1337, 1352]","[7, 10]",17,3.0,
assembly_2,2,0.6,adaptive,24,22160,134216,135,0.1,25,201.763,11.58,0.105,11.685,1.0169,1.0126,0.42,0.0,1.0149,1.0126,0.22,1352,1344.5,0.56,1.12,"[1337, 1352]","[7, 10]",17,3.0,
assembly_2,2,0.6,adaptive,32,22160,134216,158,0.12,23,201.763,14.377,0.134,14.511,1.0169,1.0126,0.42,0.0,1.0149,1.0126,0.22,1352,1344.5,0.56,1.12,"[1337, 1352]","[7, 10]",17,3.0,
assembly_2,2,0.6,adaptive,48,22160,134216,316,0.24,158,201.763,16.04,0.247,16.287,1.0169,1.0126,0.42,-0.0,1.0149,1.0126,0.22,1352,1344.5,0.56,1.12,"[1337, 1352]","[7, 10]",17,3.0,
assembly_2,2,0.6,adaptive,64,22160,134216,517,0.39,201,201.763,16.805,0.311,17.117,1.0169,1.0126,0.42,0.0,1.0149,1.0126,0.22,1352,1344.5,0.56,1.12,"[1337, 1352]","[7, 10]",17,3.0,
assembly_2,2,0.6,adaptive,96,22160,134216,895,0.67,378,201.763,18.761,0.623,19.384,1.0169,1.0126,0.42,0.0,1.0149,1.0126,0.22,1352,1344.5,0.56,1.12,"[1337, 1352]","[7, 10]",17,3.0,
assembly_2,2,0.6,adaptive,128,22160,134216,1265,0.94,370,201.763,20.094,1.087,21.182,1.0169,1.0126,0.42,0.0,1.0149,1.0126,0.22,1352,1344.5,0.56,1.12,"[1337, 1352]","[7, 10]",17,3.0,
assembly_2,2,0.6,adaptive,192,22160,134216,1961,1.46,696,201.763,23.777,2.272,26.048,1.0169,1.0126,0.42,-0.0,1.0149,1.0126,0.22,1352,1344.5,0.56,1.12,"[1337, 1352]","[7, 10]",17,3.0,
assembly_2,2,0.6,adaptive,256,22160,134216,2608,1.94,647,201.763,27.412,1.327,28.739,1.0169,1.0126,0.42,0.0,1.0149,1.0126,0.22,1352,1344.5,0.56,1.12,"[1337, 1352]","[7, 10]",17,3.0,
assembly_2,2,0.6,adaptive,512,22160,134216,4964,3.7,2356,201.763,40.957,3.174,44.131,1.0169,1.0126,0.42,0.0,1.0149,1.0126,0.22,1352,1344.5,0.56,1.12,"[1337, 1352]","[7, 10]",17,3.0,stop_perc_graph
assembly_2,2,0.7,adaptive,1,22160,134216,41,0.03,41,194.744,1.072,0.021,1.093,1.0173,1.0126,0.46,,1.0149,1.0126,0.22,1352,1344.5,0.56,1.12,"[1337, 1352]","[7, 10]",17,3.0,
assembly_2,2,0.7,adaptive,2,22160,134216,61,0.05,20,194.744,1.628,0.049,1.676,1.0173,1.0126,0.46,0.0,1.0149,1.0126,0.22,1352,1344.5,0.56,1.12,"[1337, 1352]","[7, 10]",17,3.0,
assembly_2,2,0.7,adaptive,3,22160,134216,66,0.05,5,194.744,2.15,0.05,2.199,1.0173,1.0126,0.46,0.0,1.0149,1.0126,0.22,1352,1344.5,0.56,1.12,"[1337, 1352]","[7, 10]",17,3.0,
assembly_2,2,0.7,adaptive,4,22160,134216,70,0.05,4,194.744,2.718,0.045,2.764,1.0173,1.0126,0.46,0.0,1.0149,1.0126,0.22,1352,1344.5,0.56,1.12,"[1337, 1352]","[7, 10]",17,3.0,
assembly_2,2,0.7,adaptive,6,22160,134216,79,0.06,9,194.744,3.614,0.048,3.662,1.0173,1.0126,0.46,0.0,1.0149,1.0126,0.22,1352,1344.5,0.56,1.12,"[1337, 1352]","[7, 10]",17,3.0,
assembly_2,2,0.7,adaptive,8,22160,134216,84,0.06,5,194.744,4.487,0.075,4.562,1.0173,1.0126,0.46,-0.0,1.0149,1.0126,0.22,1352,1344.5,0.56,1.12,"[1337, 1352]","[7, 10]",17,3.0,
assembly_2,2,0.7,adaptive,12,22160,134216,98,0.07,14,194.744,6.365,0.062,6.428,1.0173,1.0126,0.46,0.0,1.0149,1.0126,0.22,1352,1344.5,0.56,1.12,"[1337, 1352]","[7, 10]",17,3.0,
assembly_2,2,0.7,adaptive,16,22160,134216,110,0.08,12,194.744,8.029,0.12,8.149,1.0173,1.0126,0.46,0.0,1.0149,1.0126,0.22,1352,1344.5,0.56,1.12,"[1337, 1352]","[7, 10]",17,3.0,
assembly_2,2,0.7,adaptive,24,22160,134216,135,0.1,25,194.744,11.294,0.164,11.458,1.0173,1.0126,0.46,-0.0,1.0149,1.0126,0.22,1352,1344.5,0.56,1.12,"[1337, 1352]","[7, 10]",17,3.0,
assembly_2,2,0.7,adaptive,32,22160,134216,158,0.12,23,194.744,14.377,0.13,14.507,1.0173,1.0126,0.46,0.0,1.0149,1.0126,0.22,1352,1344.5,0.56,1.12,"[1337, 1352]","[7, 10]",17,3.0,
assembly_2,2,0.7,adaptive,48,22160,134216,318,0.24,160,194.744,15.763,0.217,15.98,1.0173,1.0126,0.46,0.0,1.0149,1.0126,0.22,1352,1344.5,0.56,1.12,"[1337, 1352]","[7, 10]",17,3.0,
assembly_2,2,0.7,adaptive,64,22160,134216,517,0.39,199,194.744,16.63,0.399,17.029,1.0173,1.0126,0.46,0.0,1.0149,1.0126,0.22,1352,1344.5,0.56,1.12,"[1337, 1352]","[7, 10]",17,3.0,
assembly_2,2,0.7,adaptive,96,22160,134216,898,0.67,381,194.744,18.441,0.959,19.4,1.0173,1.0126,0.46,0.0,1.0149,1.0126,0.22,1352,1344.5,0.56,1.12,"[1337, 1352]","[7, 10]",17,3.0,
assembly_2,2,0.7,adaptive,128,22160,134216,1261,0.94,363,194.744,20.001,1.117,21.119,1.0173,1.0126,0.46,0.0,1.0149,1.0126,0.22,1352,1344.5,0.56,1.12,"[1337, 1352]","[7, 10]",17,3.0,
assembly_2,2,0.7,adaptive,192,22160,134216,1959,1.46,698,194.744,23.298,2.48,25.778,1.0173,1.0126,0.46,0.0,1.0149,1.0126,0.22,1352,1344.5,0.56,1.12,"[1337, 1352]","[7, 10]",17,3.0,
assembly_2,2,0.7,adaptive,256,22160,134216,2605,1.94,646,194.744,26.687,2.266,28.953,1.0173,1.0126,0.46,0.0,1.0149,1.0126,0.22,1352,1344.5,0.56,1.12,"[1337, 1352]","[7, 10]",17,3.0,
assembly_2,2,0.7,adaptive,512,22160,134216,4961,3.7,2356,194.744,40.688,8.201,48.889,1.0173,1.0126,0.46,0.0,1.0149,1.0126,0.22,1352,1344.5,0.56,1.12,"[1337, 1352]","[7, 10]",17,3.0,stop_perc_graph
assembly_2,2,0.8,adaptive,1,22160,134216,41,0.03,41,197.108,1.215,0.032,1.248,1.0176,1.0126,0.49,,1.0149,1.0126,0.22,1352,1344.5,0.56,1.12,"[1337, 1352]","[7, 10]",17,3.0,
assembly_2,2,0.8,adaptive,2,22160,134216,61,0.05,20,197.108,1.849,0.052,1.901,1.0176,1.0126,0.49,0.0,1.0149,1.0126,0.22,1352,1344.5,0.56,1.12,"[1337, 1352]","[7, 10]",17,3.0,
assembly_2,2,0.8,adaptive,3,22160,134216,66,0.05,5,197.108,2.181,0.05,2.231,1.0176,1.0126,0.49,0.0,1.0149,1.0126,0.22,1352,1344.5,0.56,1.12,"[1337, 1352]","[7, 10]",17,3.0,
assembly_2,2,0.8,adaptive,4,22160,134216,70,0.05,4,197.108,2.673,0.059,2.732,1.0176,1.0126,0.49,-0.0,1.0149,1.0126,0.22,1352,1344.5,0.56,1.12,"[1337, 1352]","[7, 10]",17,3.0,
assembly_2,2,0.8,adaptive,6,22160,134216,79,0.06,9,197.108,3.571,0.092,3.664,1.0176,1.0126,0.49,0.0,1.0149,1.0126,0.22,1352,1344.5,0.56,1.12,"[1337, 1352]","[7, 10]",17,3.0,
assembly_2,2,0.8,adaptive,8,22160,134216,84,0.06,5,197.108,4.475,0.141,4.616,1.0176,1.0126,0.49,-0.0,1.0149,1.0126,0.22,1352,1344.5,0.56,1.12,"[1337, 1352]","[7, 10]",17,3.0,
assembly_2,2,0.8,adaptive,12,22160,134216,98,0.07,14,197.108,6.295,0.086,6.381,1.0176,1.0126,0.49,0.0,1.0149,1.0126,0.22,1352,1344.5,0.56,1.12,"[1337, 1352]","[7, 10]",17,3.0,
assembly_2,2,0.8,adaptive,16,22160,134216,110,0.08,12,197.108,8.068,0.084,8.152,1.0176,1.0126,0.49,0.0,1.0149,1.0126,0.22,1352,1344.5,0.56,1.12,"[1337, 1352]","[7, 10]",17,3.0,
assembly_2,2,0.8,adaptive,24,22160,134216,135,0.1,25,197.108,11.387,0.173,11.56,1.0176,1.0126,0.49,0.0,1.0149,1.0126,0.22,1352,1344.5,0.56,1.12,"[1337, 1352]","[7, 10]",17,3.0,
assembly_2,2,0.8,adaptive,32,22160,134216,158,0.12,23,197.108,14.429,0.234,14.663,1.0176,1.0126,0.49,-0.0,1.0149,1.0126,0.22,1352,1344.5,0.56,1.12,"[1337, 1352]","[7, 10]",17,3.0,
assembly_2,2,0.8,adaptive,48,22160,134216,316,0.24,158,197.108,15.878,0.383,16.261,1.0167,1.0126,0.4,0.0928,1.0222,1.0126,0.94,1348,1344.5,0.26,0.52,"[1348, 1341]","[9, 8]",17,3.0,
assembly_2,2,0.8,adaptive,64,22160,134216,518,0.39,202,197.108,16.709,0.538,17.247,1.0167,1.0126,0.4,0.0,1.0222,1.0126,0.94,1348,1344.5,0.26,0.52,"[1348, 1341]","[9, 8]",17,3.0,
assembly_2,2,0.8,adaptive,96,22160,134216,892,0.66,374,197.108,18.537,1.066,19.603,1.0167,1.0126,0.4,0.0,1.0222,1.0126,0.94,1348,1344.5,0.26,0.52,"[1348, 1341]","[9, 8]",17,3.0,
assembly_2,2,0.8,adaptive,128,22160,134216,1256,0.94,364,197.108,20.009,1.808,21.817,1.0167,1.0126,0.4,0.0,1.0222,1.0126,0.94,1348,1344.5,0.26,0.52,"[1348, 1341]","[9, 8]",17,3.0,
assembly_2,2,0.8,adaptive,192,22160,134216,1953,1.46,697,197.108,23.394,3.917,27.311,1.0167,1.0126,0.4,-0.0,1.0222,1.0126,0.94,1348,1344.5,0.26,0.52,"[1348, 1341]","[9, 8]",17,3.0,
assembly_2,2,0.8,adaptive,256,22160,134216,2598,1.94,645,197.108,26.972,4.594,31.566,1.0167,1.0126,0.4,0.0,1.0222,1.0126,0.94,1348,1344.5,0.26,0.52,"[1348, 1341]","[9, 8]",17,3.0,
assembly_2,2,0.8,adaptive,512,22160,134216,4957,3.69,2359,197.108,40.26,4.317,44.578,1.0167,1.0126,0.4,0.0,1.0222,1.0126,0.94,1348,1344.5,0.26,0.52,"[1348, 1341]","[9, 8]",17,3.0,stop_perc_graph
assembly_2,2,0.9,adaptive,1,22160,134216,41,0.03,41,196.177,1.148,0.036,1.184,1.018,1.0126,0.52,,1.0149,1.0126,0.22,1352,1344.5,0.56,1.12,"[1337, 1352]","[7, 10]",17,3.0,
assembly_2,2,0.9,adaptive,2,22160,134216,61,0.05,20,196.177,1.773,0.055,1.828,1.018,1.0126,0.52,0.0,1.0149,1.0126,0.22,1352,1344.5,0.56,1.12,"[1337, 1352]","[7, 10]",17,3.0,
assembly_2,2,0.9,adaptive,3,22160,134216,66,0.05,5,196.177,2.206,0.066,2.272,1.018,1.0126,0.52,0.0,1.0149,1.0126,0.22,1352,1344.5,0.56,1.12,"[1337, 1352]","[7, 10]",17,3.0,
assembly_2,2,0.9,adaptive,4,22160,134216,70,0.05,4,196.177,2.687,0.052,2.738,1.018,1.0126,0.52,-0.0,1.0149,1.0126,0.22,1352,1344.5,0.56,1.12,"[1337, 1352]","[7, 10]",17,3.0,
assembly_2,2,0.9,adaptive,6,22160,134216,79,0.06,9,196.177,3.574,0.09,3.664,1.018,1.0126,0.52,0.0,1.0149,1.0126,0.22,1352,1344.5,0.56,1.12,"[1337, 1352]","[7, 10]",17,3.0,
assembly_2,2,0.9,adaptive,8,22160,134216,84,0.06,5,196.177,4.52,0.066,4.586,1.018,1.0126,0.52,0.0,1.0149,1.0126,0.22,1352,1344.5,0.56,1.12,"[1337, 1352]","[7, 10]",17,3.0,
assembly_2,2,0.9,adaptive,12,22160,134216,98,0.07,14,196.177,6.198,0.125,6.323,1.018,1.0126,0.52,0.0,1.0149,1.0126,0.22,1352,1344.5,0.56,1.12,"[1337, 1352]","[7, 10]",17,3.0,
assembly_2,2,0.9,adaptive,16,22160,134216,110,0.08,12,196.177,8.054,0.069,8.123,1.018,1.0126,0.52,0.0,1.0149,1.0126,0.22,1352,1344.5,0.56,1.12,"[1337, 1352]","[7, 10]",17,3.0,
assembly_2,2,0.9,adaptive,24,22160,134216,135,0.1,25,196.177,11.146,0.151,11.296,1.018,1.0126,0.52,-0.0,1.0149,1.0126,0.22,1352,1344.5,0.56,1.12,"[1337, 1352]","[7, 10]",17,3.0,
assembly_2,2,0.9,adaptive,32,22160,134216,158,0.12,23,196.177,14.484,0.226,14.71,1.018,1.0126,0.52,0.0,1.0149,1.0126,0.22,1352,1344.5,0.56,1.12,"[1337, 1352]","[7, 10]",17,3.0,
assembly_2,2,0.9,adaptive,48,22160,134216,327,0.24,169,196.177,15.833,0.241,16.074,1.0153,1.0126,0.26,0.2642,1.0354,1.0126,2.25,1345,1344.5,0.04,0.07,"[1344, 1345]","[6, 11]",17,3.0,
assembly_2,2,0.9,adaptive,64,22160,134216,528,0.39,201,196.177,16.534,0.783,17.317,1.0153,1.0126,0.26,-0.0,1.0354,1.0126,2.25,1345,1344.5,0.04,0.07,"[1344, 1345]","[6, 11]",17,3.0,
assembly_2,2,0.9,adaptive,96,22160,134216,900,0.67,372,196.177,18.166,0.811,18.977,1.0153,1.0126,0.26,-0.0,1.0354,1.0126,2.25,1345,1344.5,0.04,0.07,"[1344, 1345]","[6, 11]",17,3.0,
assembly_2,2,0.9,adaptive,128,22160,134216,1270,0.95,370,196.177,19.845,3.085,22.931,1.0153,1.0126,0.26,0.0,1.0354,1.0126,2.25,1345,1344.5,0.04,0.07,"[1344, 1345]","[6, 11]",17,3.0,
assembly_2,2,0.9,adaptive,192,22160,134216,1959,1.46,689,196.177,23.136,3.906,27.042,1.0153,1.0126,0.26,-0.0,1.0354,1.0126,2.25,1345,1344.5,0.04,0.07,"[1344, 1345]","[6, 11]",17,3.0,
assembly_2,2,0.9,adaptive,256,22160,134216,2604,1.94,645,196.177,26.932,2.216,29.148,1.0153,1.0126,0.26,-0.0,1.0354,1.0126,2.25,1345,1344.5,0.04,0.07,"[1344, 1345]","[6, 11]",17,3.0,
assembly_2,2,0.9,adaptive,512,22160,134216,4960,3.7,2356,196.177,40.472,8.174,48.647,1.0153,1.0126,0.26,0.0,1.0354,1.0126,2.25,1345,1344.5,0.04,0.07,"[1344, 1345]","[6, 11]",17,3.0,stop_perc_graph
assembly_2,3,0.1,adaptive,1,22160,134216,41,0.03,41,197.002,1.268,0.187,1.455,1.0224,1.0126,0.96,,1.0181,1.0126,0.54,939,896.333,4.76,8.37,"[864, 939, 886]","[4, 6, 7]",17,3.0,
assembly_2,3,0.1,adaptive,2,22160,134216,61,0.05,20,197.002,1.904,0.153,2.057,1.0224,1.0126,0.96,0.0,1.0181,1.0126,0.54,939,896.333,4.76,8.37,"[864, 939, 886]","[4, 6, 7]",17,3.0,
assembly_2,3,0.1,adaptive,3,22160,134216,65,0.05,4,197.002,2.243,0.24,2.482,1.0224,1.0126,0.96,-0.0,1.0181,1.0126,0.54,939,896.333,4.76,8.37,"[864, 939, 886]","[4, 6, 7]",17,3.0,
assembly_2,3,0.1,adaptive,4,22160,134216,68,0.05,3,197.002,2.706,0.336,3.042,1.0224,1.0126,0.96,0.0,1.0181,1.0126,0.54,939,896.333,4.76,8.37,"[864, 939, 886]","[4, 6, 7]",17,3.0,
assembly_2,3,0.1,adaptive,6,22160,134216,76,0.06,8,197.002,3.614,0.459,4.073,1.0224,1.0126,0.96,0.0,1.0181,1.0126,0.54,939,896.333,4.76,8.37,"[864, 939, 886]","[4, 6, 7]",17,3.0,
assembly_2,3,0.1,adaptive,8,22160,134216,87,0.06,11,197.002,4.445,0.348,4.793,1.0224,1.0126,0.96,-0.0,1.0181,1.0126,0.54,939,896.333,4.76,8.37,"[864, 939, 886]","[4, 6, 7]",17,3.0,
assembly_2,3,0.1,adaptive,12,22160,134216,99,0.07,12,197.002,6.222,0.864,7.086,1.0224,1.0126,0.96,0.0,1.0181,1.0126,0.54,939,896.333,4.76,8.37,"[864, 939, 886]","[4, 6, 7]",17,3.0,
assembly_2,3,0.1,adaptive,16,22160,134216,109,0.08,10,197.002,7.952,0.34,8.292,1.0224,1.0126,0.96,0.0,1.0181,1.0126,0.54,939,896.333,4.76,8.37,"[864, 939, 886]","[4, 6, 7]",17,3.0,
assembly_2,3,0.1,adaptive,24,22160,134216,133,0.1,24,197.002,10.904,0.734,11.638,1.0224,1.0126,0.96,0.0,1.0181,1.0126,0.54,939,896.333,4.76,8.37,"[864, 939, 886]","[4, 6, 7]",17,3.0,
assembly_2,3,0.1,adaptive,32,22160,134216,154,0.11,21,197.002,14.037,0.408,14.445,1.0181,1.0126,0.54,0.4199,1.0134,1.0126,0.07,939,896.333,4.76,8.37,"[939, 864, 886]","[5, 5, 7]",17,3.0,
assembly_2,3,0.1,adaptive,48,22160,134216,190,0.14,36,197.002,19.03,0.648,19.678,1.0181,1.0126,0.54,0.0,1.0134,1.0126,0.07,939,896.333,4.76,8.37,"[939, 864, 886]","[5, 5, 7]",17,3.0,
assembly_2,3,0.1,adaptive,64,22160,134216,402,0.3,212,197.002,20.079,1.211,21.29,1.0181,1.0126,0.54,0.0,1.0134,1.0126,0.07,939,896.333,4.76,8.37,"[939, 864, 886]","[5, 5, 7]",17,3.0,
assembly_2,3,0.1,adaptive,96,22160,134216,788,0.59,386,197.002,21.351,1.153,22.504,1.0181,1.0126,0.54,0.0,1.0134,1.0126,0.07,939,896.333,4.76,8.37,"[939, 864, 886]","[5, 5, 7]",17,3.0,
assembly_2,3,0.1,adaptive,128,22160,134216,1157,0.86,369,197.002,23.227,2.484,25.711,1.0181,1.0126,0.54,0.0,1.0134,1.0126,0.07,939,896.333,4.76,8.37,"[939, 864, 886]","[5, 5, 7]",17,3.0,
assembly_2,3,0.1,adaptive,192,22160,134216,1870,1.39,713,197.002,26.405,3.547,29.952,1.0181,1.0126,0.54,0.0,1.0134,1.0126,0.07,939,896.333,4.76,8.37,"[939, 864, 886]","[5, 5, 7]",17,3.0,
assembly_2,3,0.1,adaptive,256,22160,134216,2522,1.88,652,197.002,31.503,6.269,37.772,1.0181,1.0126,0.54,0.0,1.0134,1.0126,0.07,939,896.333,4.76,8.37,"[939, 864, 886]","[5, 5, 7]",17,3.0,
assembly_2,3,0.1,adaptive,512,22160,134216,4890,3.64,2368,197.002,46.333,8.661,54.995,1.0181,1.0126,0.54,0.0,1.0134,1.0126,0.07,939,896.333,4.76,8.37,"[939, 864, 886]","[5, 5, 7]",17,3.0,stop_perc_graph
assembly_2,3,0.2,adaptive,1,22160,134216,41,0.03,41,195.311,1.151,0.073,1.224,1.0267,1.0126,1.39,,1.0181,1.0126,0.54,939,896.333,4.76,8.37,"[864, 939, 886]","[4, 6, 7]",17,3.0,
assembly_2,3,0.2,adaptive,2,22160,134216,61,0.05,20,195.311,1.737,0.194,1.931,1.0267,1.0126,1.39,0.0,1.0181,1.0126,0.54,939,896.333,4.76,8.37,"[864, 939, 886]","[4, 6, 7]",17,3.0,
assembly_2,3,0.2,adaptive,3,22160,134216,65,0.05,4,195.311,2.216,0.239,2.455,1.0267,1.0126,1.39,0.0,1.0181,1.0126,0.54,939,896.333,4.76,8.37,"[864, 939, 886]","[4, 6, 7]",17,3.0,
assembly_2,3,0.2,adaptive,4,22160,134216,68,0.05,3,195.311,2.694,0.299,2.993,1.0267,1.0126,1.39,0.0,1.0181,1.0126,0.54,939,896.333,4.76,8.37,"[864, 939, 886]","[4, 6, 7]",17,3.0,
assembly_2,3,0.2,adaptive,6,22160,134216,76,0.06,8,195.311,3.544,0.654,4.197,1.0267,1.0126,1.39,0.0,1.0181,1.0126,0.54,939,896.333,4.76,8.37,"[864, 939, 886]","[4, 6, 7]",17,3.0,
assembly_2,3,0.2,adaptive,8,22160,134216,87,0.06,11,195.311,4.327,0.373,4.701,1.0267,1.0126,1.39,0.0,1.0181,1.0126,0.54,939,896.333,4.76,8.37,"[864, 939, 886]","[4, 6, 7]",17,3.0,
assembly_2,3,0.2,adaptive,12,22160,134216,99,0.07,12,195.311,6.049,0.909,6.958,1.0267,1.0126,1.39,0.0,1.0181,1.0126,0.54,939,896.333,4.76,8.37,"[864, 939, 886]","[4, 6, 7]",17,3.0,
assembly_2,3,0.2,adaptive,16,22160,134216,109,0.08,10,195.311,7.791,0.299,8.089,1.0267,1.0126,1.39,0.0,1.0181,1.0126,0.54,939,896.333,4.76,8.37,"[864, 939, 886]","[4, 6, 7]",17,3.0,
assembly_2,3,0.2,adaptive,24,22160,134216,133,0.1,24,195.311,10.709,0.458,11.167,1.0267,1.0126,1.39,0.0,1.0181,1.0126,0.54,939,896.333,4.76,8.37,"[864, 939, 886]","[4, 6, 7]",17,3.0,
assembly_2,3,0.2,adaptive,32,22160,134216,154,0.11,21,195.311,13.56,0.324,13.884,1.0229,1.0126,1.01,0.3717,1.0134,1.0126,0.07,939,896.333,4.76,8.37,"[939, 864, 886]","[5, 5, 7]",17,3.0,
assembly_2,3,0.2,adaptive,48,22160,134216,190,0.14,36,195.311,18.649,0.43,19.079,1.0229,1.0126,1.01,-0.0,1.0134,1.0126,0.07,939,896.333,4.76,8.37,"[939, 864, 886]","[5, 5, 7]",17,3.0,
assembly_2,3,0.2,adaptive,64,22160,134216,402,0.3,212,195.311,19.433,0.627,20.06,1.0229,1.0126,1.01,0.0,1.0134,1.0126,0.07,939,896.333,4.76,8.37,"[939, 864, 886]","[5, 5, 7]",17,3.0,
assembly_2,3,0.2,adaptive,96,22160,134216,787,0.59,385,195.311,20.761,1.554,22.315,1.0229,1.0126,1.01,-0.0,1.0134,1.0126,0.07,939,896.333,4.76,8.37,"[939, 864, 886]","[5, 5, 7]",17,3.0,
assembly_2,3,0.2,adaptive,128,22160,134216,1158,0.86,371,195.311,22.399,3.901,26.3,1.0229,1.0126,1.01,0.0,1.0134,1.0126,0.07,939,896.333,4.76,8.37,"[939, 864, 886]","[5, 5, 7]",17,3.0,
assembly_2,3,0.2,adaptive,192,22160,134216,1869,1.39,711,195.311,26.364,4.816,31.18,1.0229,1.0126,1.01,0.0,1.0134,1.0126,0.07,939,896.333,4.76,8.37,"[939, 864, 886]","[5, 5, 7]",17,3.0,
assembly_2,3,0.2,adaptive,256,22160,134216,2519,1.88,650,195.311,30.863,9.006,39.869,1.0229,1.0126,1.01,0.0,1.0134,1.0126,0.07,939,896.333,4.76,8.37,"[939, 864, 886]","[5, 5, 7]",17,3.0,
assembly_2,3,0.2,adaptive,512,22160,134216,4888,3.64,2369,195.311,46.91,9.878,56.788,1.0229,1.0126,1.01,0.0,1.0134,1.0126,0.07,939,896.333,4.76,8.37,"[939, 864, 886]","[5, 5, 7]",17,3.0,stop_perc_graph
assembly_2,3,0.3,adaptive,1,22160,134216,41,0.03,41,182.555,0.746,0.234,0.979,1.031,1.0126,1.81,,1.0181,1.0126,0.54,939,896.333,4.76,8.37,"[864, 939, 886]","[4, 6, 7]",17,3.0,
assembly_2,3,0.3,adaptive,2,22160,134216,61,0.05,20,182.555,0.998,0.115,1.114,1.031,1.0126,1.81,-0.0,1.0181,1.0126,0.54,939,896.333,4.76,8.37,"[864, 939, 886]","[4, 6, 7]",17,3.0,
assembly_2,3,0.3,adaptive,3,22160,134216,65,0.05,4,182.555,1.143,0.238,1.381,1.031,1.0126,1.81,0.0,1.0181,1.0126,0.54,939,896.333,4.76,8.37,"[864, 939, 886]","[4, 6, 7]",17,3.0,
assembly_2,3,0.3,adaptive,4,22160,134216,68,0.05,3,182.555,1.372,0.245,1.617,1.031,1.0126,1.81,0.0,1.0181,1.0126,0.54,939,896.333,4.76,8.37,"[864, 939, 886]","[4, 6, 7]",17,3.0,
assembly_2,3,0.3,adaptive,6,22160,134216,76,0.06,8,182.555,1.777,0.398,2.175,1.031,1.0126,1.81,-0.0,1.0181,1.0126,0.54,939,896.333,4.76,8.37,"[864, 939, 886]","[4, 6, 7]",17,3.0,
assembly_2,3,0.3,adaptive,8,22160,134216,87,0.06,11,182.555,2.198,0.349,2.546,1.031,1.0126,1.81,0.0,1.0181,1.0126,0.54,939,896.333,4.76,8.37,"[864, 939, 886]","[4, 6, 7]",17,3.0,
assembly_2,3,0.3,adaptive,12,22160,134216,99,0.07,12,182.555,3.002,0.183,3.185,1.031,1.0126,1.81,0.0,1.0181,1.0126,0.54,939,896.333,4.76,8.37,"[864, 939, 886]","[4, 6, 7]",17,3.0,
assembly_2,3,0.3,adaptive,16,22160,134216,109,0.08,10,182.555,3.784,0.165,3.949,1.031,1.0126,1.81,0.0,1.0181,1.0126,0.54,939,896.333,4.76,8.37,"[864, 939, 886]","[4, 6, 7]",17,3.0,
assembly_2,3,0.3,adaptive,24,22160,134216,133,0.1,24,182.555,5.167,0.343,5.51,1.031,1.0126,1.81,0.0,1.0181,1.0126,0.54,939,896.333,4.76,8.37,"[864, 939, 886]","[4, 6, 7]",17,3.0,
assembly_2,3,0.3,adaptive,32,22160,134216,154,0.11,21,182.555,6.584,0.307,6.89,1.0276,1.0126,1.48,0.3239,1.0134,1.0126,0.07,939,896.333,4.76,8.37,"[939, 864, 886]","[5, 5, 7]",17,3.0,
assembly_2,3,0.3,adaptive,48,22160,134216,196,0.15,42,182.555,8.866,0.464,9.33,1.0276,1.0126,1.48,0.0,1.0134,1.0126,0.07,939,896.333,4.76,8.37,"[939, 864, 886]","[5, 5, 7]",17,3.0,
assembly_2,3,0.3,adaptive,64,22160,134216,402,0.3,206,182.555,9.205,0.673,9.879,1.0276,1.0126,1.48,0.0,1.0134,1.0126,0.07,939,896.333,4.76,8.37,"[939, 864, 886]","[5, 5, 7]",17,3.0,
assembly_2,3,0.3,adaptive,96,22160,134216,789,0.59,387,182.555,9.922,1.925,11.847,1.0276,1.0126,1.48,0.0,1.0134,1.0126,0.07,939,896.333,4.76,8.37,"[939, 864, 886]","[5, 5, 7]",17,3.0,
assembly_2,3,0.3,adaptive,128,22160,134216,1160,0.86,371,182.555,10.622,2.706,13.328,1.0276,1.0126,1.48,0.0,1.0134,1.0126,0.07,939,896.333,4.76,8.37,"[939, 864, 886]","[5, 5, 7]",17,3.0,
assembly_2,3,0.3,adaptive,192,22160,134216,1871,1.39,711,182.555,12.119,4.612,16.731,1.0276,1.0126,1.48,0.0,1.0134,1.0126,0.07,939,896.333,4.76,8.37,"[939, 864, 886]","[5, 5, 7]",17,3.0,
assembly_2,3,0.3,adaptive,256,22160,134216,2521,1.88,650,182.555,13.727,30.377,44.104,1.0276,1.0126,1.48,0.0,1.0134,1.0126,0.07,939,896.333,4.76,8.37,"[939, 864, 886]","[5, 5, 7]",17,3.0,
assembly_2,3,0.3,adaptive,512,22160,134216,4890,3.64,2369,182.555,19.916,35.973,55.889,1.0276,1.0126,1.48,0.0,1.0134,1.0126,0.07,939,896.333,4.76,8.37,"[939, 864, 886]","[5, 5, 7]",17,3.0,stop_perc_graph
assembly_2,3,0.4,adaptive,1,22160,134216,41,0.03,41,196.71,1.267,0.324,1.591,1.0352,1.0126,2.23,,1.0181,1.0126,0.54,939,896.333,4.76,8.37,"[864, 939, 886]","[4, 6, 7]",17,3.0,
assembly_2,3,0.4,adaptive,2,22160,134216,61,0.05,20,196.71,1.905,0.198,2.103,1.0352,1.0126,2.23,0.0,1.0181,1.0126,0.54,939,896.333,4.76,8.37,"[864, 939, 886]","[4, 6, 7]",17,3.0,
assembly_2,3,0.4,adaptive,3,22160,134216,65,0.05,4,196.71,2.266,0.223,2.49,1.0352,1.0126,2.23,0.0,1.0181,1.0126,0.54,939,896.333,4.76,8.37,"[864, 939, 886]","[4, 6, 7]",17,3.0,
assembly_2,3,0.4,adaptive,4,22160,134216,68,0.05,3,196.71,2.734,0.411,3.145,1.0352,1.0126,2.23,0.0,1.0181,1.0126,0.54,939,896.333,4.76,8.37,"[864, 939, 886]","[4, 6, 7]",17,3.0,
assembly_2,3,0.4,adaptive,6,22160,134216,76,0.06,8,196.71,3.62,0.334,3.954,1.0352,1.0126,2.23,0.0,1.0181,1.0126,0.54,939,896.333,4.76,8.37,"[864, 939, 886]","[4, 6, 7]",17,3.0,
assembly_2,3,0.4,adaptive,8,22160,134216,87,0.06,11,196.71,4.497,0.154,4.651,1.0352,1.0126,2.23,0.0,1.0181,1.0126,0.54,939,896.333,4.76,8.37,"[864, 939, 886]","[4, 6, 7]",17,3.0,
assembly_2,3,0.4,adaptive,12,22160,134216,99,0.07,12,196.71,6.224,0.265,6.49,1.0352,1.0126,2.23,0.0,1.0181,1.0126,0.54,939,896.333,4.76,8.37,"[864, 939, 886]","[4, 6, 7]",17,3.0,
assembly_2,3,0.4,adaptive,16,22160,134216,109,0.08,10,196.71,7.964,0.567,8.531,1.0352,1.0126,2.23,0.0,1.0181,1.0126,0.54,939,896.333,4.76,8.37,"[864, 939, 886]","[4, 6, 7]",17,3.0,
assembly_2,3,0.4,adaptive,24,22160,134216,133,0.1,24,196.71,11.176,0.362,11.538,1.0352,1.0126,2.23,0.0,1.0181,1.0126,0.54,939,896.333,4.76,8.37,"[864, 939, 886]","[4, 6, 7]",17,3.0,
assembly_2,3,0.4,adaptive,32,22160,134216,154,0.11,21,196.71,14.016,0.31,14.326,1.0324,1.0126,1.95,0.2765,1.0134,1.0126,0.07,939,896.333,4.76,8.37,"[939, 864, 886]","[5, 5, 7]",17,3.0,
assembly_2,3,0.4,adaptive,48,22160,134216,199,0.15,45,196.71,19.324,0.541,19.865,1.0324,1.0126,1.95,0.0,1.0134,1.0126,0.07,939,896.333,4.76,8.37,"[939, 864, 886]","[5, 5, 7]",17,3.0,
assembly_2,3,0.4,adaptive,64,22160,134216,408,0.3,209,196.71,19.985,1.004,20.989,1.0324,1.0126,1.95,0.0,1.0134,1.0126,0.07,939,896.333,4.76,8.37,"[939, 864, 886]","[5, 5, 7]",17,3.0,
assembly_2,3,0.4,adaptive,96,22160,134216,788,0.59,380,196.71,21.515,3.02,24.534,1.0323,1.0126,1.94,0.002,1.0269,1.0126,1.41,921,896.333,2.75,6.36,"[864, 921, 904]","[4, 6, 7]",17,3.0,
assembly_2,3,0.4,adaptive,128,22160,134216,1160,0.86,372,196.71,23.478,3.232,26.71,1.0319,1.0126,1.9,0.0432,1.0254,1.0126,1.26,922,896.333,2.86,6.47,"[864, 922, 903]","[4, 6, 7]",17,3.0,
assembly_2,3,0.4,adaptive,192,22160,134216,1870,1.39,710,196.71,27.2,11.386,38.586,1.0319,1.0126,1.9,0.0,1.0254,1.0126,1.26,922,896.333,2.86,6.47,"[864, 922, 903]","[4, 6, 7]",17,3.0,
assembly_2,3,0.4,adaptive,256,22160,134216,2517,1.88,647,196.71,31.631,9.369,41.0,1.0319,1.0126,1.9,0.0,1.0254,1.0126,1.26,922,896.333,2.86,6.47,"[864, 922, 903]","[4, 6, 7]",17,3.0,
assembly_2,3,0.4,adaptive,512,22160,134216,4879,3.64,2362,196.71,48.1,41.261,89.36,1.0319,1.0126,1.9,0.0,1.0254,1.0126,1.26,922,896.333,2.86,6.47,"[864, 922, 903]","[4, 6, 7]",17,3.0,stop_perc_graph
assembly_2,3,0.5,adaptive,1,22160,134216,41,0.03,41,198.554,1.354,0.237,1.59,1.0395,1.0126,2.65,,1.0181,1.0126,0.54,939,896.333,4.76,8.37,"[864, 939, 886]","[4, 6, 7]",17,3.0,
assembly_2,3,0.5,adaptive,2,22160,134216,61,0.05,20,198.554,1.843,0.183,2.026,1.0395,1.0126,2.65,0.0,1.0181,1.0126,0.54,939,896.333,4.76,8.37,"[864, 939, 886]","[4, 6, 7]",17,3.0,
assembly_2,3,0.5,adaptive,3,22160,134216,65,0.05,4,198.554,2.169,0.359,2.528,1.0395,1.0126,2.65,0.0,1.0181,1.0126,0.54,939,896.333,4.76,8.37,"[864, 939, 886]","[4, 6, 7]",17,3.0,
assembly_2,3,0.5,adaptive,4,22160,134216,68,0.05,3,198.554,2.622,0.13,2.752,1.0395,1.0126,2.65,-0.0,1.0181,1.0126,0.54,939,896.333,4.76,8.37,"[864, 939, 886]","[4, 6, 7]",17,3.0,
assembly_2,3,0.5,adaptive,6,22160,134216,76,0.06,8,198.554,3.483,0.473,3.956,1.0395,1.0126,2.65,0.0,1.0181,1.0126,0.54,939,896.333,4.76,8.37,"[864, 939, 886]","[4, 6, 7]",17,3.0,
assembly_2,3,0.5,adaptive,8,22160,134216,87,0.06,11,198.554,4.4,0.526,4.926,1.0395,1.0126,2.65,0.0,1.0181,1.0126,0.54,939,896.333,4.76,8.37,"[864, 939, 886]","[4, 6, 7]",17,3.0,
assembly_2,3,0.5,adaptive,12,22160,134216,99,0.07,12,198.554,6.033,0.228,6.261,1.0395,1.0126,2.65,-0.0,1.0181,1.0126,0.54,939,896.333,4.76,8.37,"[864, 939, 886]","[4, 6, 7]",17,3.0,
assembly_2,3,0.5,adaptive,16,22160,134216,109,0.08,10,198.554,7.739,0.289,8.028,1.0395,1.0126,2.65,0.0,1.0181,1.0126,0.54,939,896.333,4.76,8.37,"[864, 939, 886]","[4, 6, 7]",17,3.0,
assembly_2,3,0.5,adaptive,24,22160,134216,133,0.1,24,198.554,10.752,0.57,11.322,1.0395,1.0126,2.65,0.0,1.0181,1.0126,0.54,939,896.333,4.76,8.37,"[864, 939, 886]","[4, 6, 7]",17,3.0,
assembly_2,3,0.5,adaptive,32,22160,134216,154,0.11,21,198.554,13.643,0.506,14.15,1.0371,1.0126,2.42,0.2294,1.0134,1.0126,0.07,939,896.333,4.76,8.37,"[939, 864, 886]","[5, 5, 7]",17,3.0,
assembly_2,3,0.5,adaptive,48,22160,134216,199,0.15,45,198.554,18.537,0.571,19.108,1.0371,1.0126,2.42,0.0,1.0134,1.0126,0.07,939,896.333,4.76,8.37,"[939, 864, 886]","[5, 5, 7]",17,3.0,
assembly_2,3,0.5,adaptive,64,22160,134216,409,0.3,210,198.554,19.347,1.095,20.442,1.0371,1.0126,2.42,0.0,1.0134,1.0126,0.07,939,896.333,4.76,8.37,"[939, 864, 886]","[5, 5, 7]",17,3.0,
assembly_2,3,0.5,adaptive,96,22160,134216,790,0.59,381,198.554,21.218,2.389,23.607,1.0337,1.0126,2.08,0.3285,1.0269,1.0126,1.41,921,896.333,2.75,6.36,"[864, 921, 904]","[4, 6, 7]",17,3.0,
assembly_2,3,0.5,adaptive,128,22160,134216,1160,0.86,370,198.554,23.07,6.093,29.163,1.0337,1.0126,2.08,0.0,1.0269,1.0126,1.41,921,896.333,2.75,6.36,"[864, 921, 904]","[4, 6, 7]",17,3.0,
assembly_2,3,0.5,adaptive,192,22160,134216,1873,1.4,713,198.554,26.884,18.941,45.825,1.0335,1.0126,2.06,0.0177,1.0254,1.0126,1.26,922,896.333,2.86,6.47,"[864, 922, 903]","[4, 6, 7]",17,3.0,
assembly_2,3,0.5,adaptive,256,22160,134216,2523,1.88,650,198.554,30.917,17.045,47.963,1.0335,1.0126,2.06,0.0,1.0254,1.0126,1.26,922,896.333,2.86,6.47,"[864, 922, 903]","[4, 6, 7]",17,3.0,
assembly_2,3,0.5,adaptive,512,22160,134216,4879,3.64,2356,198.554,45.987,117.711,163.698,1.0335,1.0126,2.06,0.0,1.0254,1.0126,1.26,922,896.333,2.86,6.47,"[864, 922, 903]","[4, 6, 7]",17,3.0,stop_perc_graph
assembly_2,3,0.6,adaptive,1,22160,134216,41,0.03,41,198.93,1.354,0.299,1.653,1.0438,1.0126,3.07,,1.0181,1.0126,0.54,939,896.333,4.76,8.37,"[864, 939, 886]","[4, 6, 7]",17,3.0,
assembly_2,3,0.6,adaptive,2,22160,134216,61,0.05,20,198.93,1.852,0.303,2.155,1.0438,1.0126,3.07,-0.0,1.0181,1.0126,0.54,939,896.333,4.76,8.37,"[864, 939, 886]","[4, 6, 7]",17,3.0,
assembly_2,3,0.6,adaptive,3,22160,134216,65,0.05,4,198.93,2.173,0.146,2.319,1.0438,1.0126,3.07,0.0,1.0181,1.0126,0.54,939,896.333,4.76,8.37,"[864, 939, 886]","[4, 6, 7]",17,3.0,
assembly_2,3,0.6,adaptive,4,22160,134216,68,0.05,3,198.93,2.621,0.223,2.844,1.0438,1.0126,3.07,0.0,1.0181,1.0126,0.54,939,896.333,4.76,8.37,"[864, 939, 886]","[4, 6, 7]",17,3.0,
assembly_2,3,0.6,adaptive,6,22160,134216,76,0.06,8,198.93,3.524,0.673,4.197,1.0438,1.0126,3.07,0.0,1.0181,1.0126,0.54,939,896.333,4.76,8.37,"[864, 939, 886]","[4, 6, 7]",17,3.0,
assembly_2,3,0.6,adaptive,8,22160,134216,87,0.06,11,198.93,4.38,0.531,4.911,1.0438,1.0126,3.07,-0.0,1.0181,1.0126,0.54,939,896.333,4.76,8.37,"[864, 939, 886]","[4, 6, 7]",17,3.0,
assembly_2,3,0.6,adaptive,12,22160,134216,99,0.07,12,198.93,6.082,0.196,6.278,1.0438,1.0126,3.07,0.0,1.0181,1.0126,0.54,939,896.333,4.76,8.37,"[864, 939, 886]","[4, 6, 7]",17,3.0,
assembly_2,3,0.6,adaptive,16,22160,134216,109,0.08,10,198.93,7.768,0.177,7.945,1.0438,1.0126,3.07,-0.0,1.0181,1.0126,0.54,939,896.333,4.76,8.37,"[864, 939, 886]","[4, 6, 7]",17,3.0,
assembly_2,3,0.6,adaptive,24,22160,134216,133,0.1,24,198.93,10.837,0.197,11.034,1.0438,1.0126,3.07,0.0,1.0181,1.0126,0.54,939,896.333,4.76,8.37,"[864, 939, 886]","[4, 6, 7]",17,3.0,
assembly_2,3,0.6,adaptive,32,22160,134216,154,0.11,21,198.93,13.899,0.324,14.223,1.0419,1.0126,2.88,0.1828,1.0134,1.0126,0.07,939,896.333,4.76,8.37,"[939, 864, 886]","[5, 5, 7]",17,3.0,
assembly_2,3,0.6,adaptive,48,22160,134216,199,0.15,45,198.93,18.626,0.491,19.116,1.0419,1.0126,2.88,0.0,1.0134,1.0126,0.07,939,896.333,4.76,8.37,"[939, 864, 886]","[5, 5, 7]",17,3.0,
assembly_2,3,0.6,adaptive,64,22160,134216,409,0.3,210,198.93,19.656,0.726,20.382,1.0371,1.0126,2.42,0.4537,1.0304,1.0126,1.75,922,896.333,2.86,6.47,"[864, 922, 903]","[4, 6, 7]",17,3.0,
assembly_2,3,0.6,adaptive,96,22160,134216,791,0.59,382,198.93,21.377,4.184,25.562,1.0351,1.0126,2.21,0.1992,1.0269,1.0126,1.41,921,896.333,2.75,6.36,"[864, 921, 904]","[4, 6, 7]",17,3.0,
assembly_2,3,0.6,adaptive,128,22160,134216,1162,0.87,371,198.93,23.239,6.445,29.684,1.0351,1.0126,2.21,0.0,1.0269,1.0126,1.41,921,896.333,2.75,6.36,"[864, 921, 904]","[4, 6, 7]",17,3.0,
assembly_2,3,0.6,adaptive,192,22160,134216,1866,1.39,704,198.93,27.062,13.313,40.375,1.0351,1.0126,2.21,0.0,1.0269,1.0126,1.41,921,896.333,2.75,6.36,"[864, 921, 904]","[4, 6, 7]",17,3.0,
assembly_2,3,0.6,adaptive,256,22160,134216,2519,1.88,653,198.93,31.009,43.361,74.37,1.0351,1.0126,2.21,0.0,1.0269,1.0126,1.41,921,896.333,2.75,6.36,"[864, 921, 904]","[4, 6, 7]",17,3.0,
assembly_2,3,0.6,adaptive,512,22160,134216,4878,3.63,2359,198.93,44.701,111.303,156.003,1.0351,1.0126,2.21,0.0016,1.0269,1.0126,1.4,921,896.333,2.75,6.36,"[864, 921, 904]","[4, 6, 7]",17,3.0,stop_perc_graph
assembly_2,3,0.7,adaptive,1,22160,134216,41,0.03,41,195.708,1.177,0.233,1.409,1.048,1.0126,3.49,,1.0181,1.0126,0.54,939,896.333,4.76,8.37,"[864, 939, 886]","[4, 6, 7]",17,3.0,
assembly_2,3,0.7,adaptive,2,22160,134216,61,0.05,20,195.708,1.769,0.238,2.006,1.048,1.0126,3.49,0.0,1.0181,1.0126,0.54,939,896.333,4.76,8.37,"[864, 939, 886]","[4, 6, 7]",17,3.0,
assembly_2,3,0.7,adaptive,3,22160,134216,65,0.05,4,195.708,2.254,0.131,2.384,1.048,1.0126,3.49,0.0,1.0181,1.0126,0.54,939,896.333,4.76,8.37,"[864, 939, 886]","[4, 6, 7]",17,3.0,
assembly_2,3,0.7,adaptive,4,22160,134216,68,0.05,3,195.708,2.665,0.153,2.817,1.048,1.0126,3.49,0.0,1.0181,1.0126,0.54,939,896.333,4.76,8.37,"[864, 939, 886]","[4, 6, 7]",17,3.0,
assembly_2,3,0.7,adaptive,6,22160,134216,76,0.06,8,195.708,3.591,0.198,3.79,1.048,1.0126,3.49,0.0,1.0181,1.0126,0.54,939,896.333,4.76,8.37,"[864, 939, 886]","[4, 6, 7]",17,3.0,
assembly_2,3,0.7,adaptive,8,22160,134216,87,0.06,11,195.708,4.455,0.662,5.117,1.048,1.0126,3.49,0.0,1.0181,1.0126,0.54,939,896.333,4.76,8.37,"[864, 939, 886]","[4, 6, 7]",17,3.0,
assembly_2,3,0.7,adaptive,12,22160,134216,99,0.07,12,195.708,6.164,0.215,6.38,1.048,1.0126,3.49,0.0,1.0181,1.0126,0.54,939,896.333,4.76,8.37,"[864, 939, 886]","[4, 6, 7]",17,3.0,
assembly_2,3,0.7,adaptive,16,22160,134216,109,0.08,10,195.708,7.967,0.268,8.235,1.048,1.0126,3.49,0.0,1.0181,1.0126,0.54,939,896.333,4.76,8.37,"[864, 939, 886]","[4, 6, 7]",17,3.0,
assembly_2,3,0.7,adaptive,24,22160,134216,133,0.1,24,195.708,10.958,0.304,11.262,1.048,1.0126,3.49,-0.0,1.0181,1.0126,0.54,939,896.333,4.76,8.37,"[864, 939, 886]","[4, 6, 7]",17,3.0,
assembly_2,3,0.7,adaptive,32,22160,134216,154,0.11,21,195.708,14.197,0.323,14.519,1.0466,1.0126,3.35,0.1365,1.0134,1.0126,0.07,939,896.333,4.76,8.37,"[939, 864, 886]","[5, 5, 7]",17,3.0,
assembly_2,3,0.7,adaptive,48,22160,134216,208,0.15,54,195.708,19.061,0.329,19.39,1.0358,1.0126,2.29,1.028,1.0777,1.0126,6.42,901,896.333,0.52,1.45,"[888, 900, 901]","[9, 4, 4]",17,3.0,
assembly_2,3,0.7,adaptive,64,22160,134216,411,0.31,203,195.708,19.916,1.149,21.065,1.0358,1.0126,2.29,0.0,1.0777,1.0126,6.42,901,896.333,0.52,1.45,"[888, 900, 901]","[9, 4, 4]",17,3.0,
assembly_2,3,0.7,adaptive,96,22160,134216,791,0.59,380,195.708,21.694,3.235,24.929,1.0358,1.0126,2.29,0.0,1.0777,1.0126,6.42,901,896.333,0.52,1.45,"[888, 900, 901]","[9, 4, 4]",17,3.0,
assembly_2,3,0.7,adaptive,128,22160,134216,1157,0.86,366,195.708,23.517,7.852,31.369,1.0358,1.0126,2.29,0.0,1.0777,1.0126,6.42,901,896.333,0.52,1.45,"[888, 900, 901]","[9, 4, 4]",17,3.0,
assembly_2,3,0.7,adaptive,192,22160,134216,1876,1.4,719,195.708,26.994,15.586,42.58,1.0358,1.0126,2.29,0.0,1.0777,1.0126,6.42,901,896.333,0.52,1.45,"[888, 900, 901]","[9, 4, 4]",17,3.0,
assembly_2,3,0.7,adaptive,256,22160,134216,2515,1.87,639,195.708,31.548,37.843,69.39,1.0356,1.0126,2.27,0.0197,1.0796,1.0126,6.62,900,896.333,0.41,1.23,"[889, 900, 900]","[5, 8, 4]",17,3.0,
assembly_2,3,0.7,adaptive,512,22160,134216,4864,3.62,2349,195.708,44.306,147.737,192.042,1.0356,1.0126,2.27,0.0,1.0796,1.0126,6.62,900,896.333,0.41,1.23,"[889, 900, 900]","[5, 8, 4]",17,3.0,stop_perc_graph
assembly_2,3,0.8,adaptive,1,22160,134216,41,0.03,41,198.138,1.308,0.181,1.489,1.0523,1.0126,3.92,,1.0181,1.0126,0.54,939,896.333,4.76,8.37,"[864, 939, 886]","[4, 6, 7]",17,3.0,
assembly_2,3,0.8,adaptive,2,22160,134216,61,0.05,20,198.138,1.836,0.132,1.968,1.0523,1.0126,3.92,-0.0,1.0181,1.0126,0.54,939,896.333,4.76,8.37,"[864, 939, 886]","[4, 6, 7]",17,3.0,
assembly_2,3,0.8,adaptive,3,22160,134216,65,0.05,4,198.138,2.179,0.22,2.399,1.0523,1.0126,3.92,0.0,1.0181,1.0126,0.54,939,896.333,4.76,8.37,"[864, 939, 886]","[4, 6, 7]",17,3.0,
assembly_2,3,0.8,adaptive,4,22160,134216,68,0.05,3,198.138,2.637,0.129,2.766,1.0523,1.0126,3.92,-0.0,1.0181,1.0126,0.54,939,896.333,4.76,8.37,"[864, 939, 886]","[4, 6, 7]",17,3.0,
assembly_2,3,0.8,adaptive,6,22160,134216,76,0.06,8,198.138,3.512,0.191,3.703,1.0523,1.0126,3.92,0.0,1.0181,1.0126,0.54,939,896.333,4.76,8.37,"[864, 939, 886]","[4, 6, 7]",17,3.0,
assembly_2,3,0.8,adaptive,8,22160,134216,87,0.06,11,198.138,4.35,0.345,4.695,1.0523,1.0126,3.92,0.0,1.0181,1.0126,0.54,939,896.333,4.76,8.37,"[864, 939, 886]","[4, 6, 7]",17,3.0,
assembly_2,3,0.8,adaptive,12,22160,134216,99,0.07,12,198.138,5.973,0.227,6.2,1.0523,1.0126,3.92,-0.0,1.0181,1.0126,0.54,939,896.333,4.76,8.37,"[864, 939, 886]","[4, 6, 7]",17,3.0,
assembly_2,3,0.8,adaptive,16,22160,134216,109,0.08,10,198.138,7.81,0.21,8.02,1.0523,1.0126,3.92,-0.0,1.0181,1.0126,0.54,939,896.333,4.76,8.37,"[864, 939, 886]","[4, 6, 7]",17,3.0,
assembly_2,3,0.8,adaptive,24,22160,134216,133,0.1,24,198.138,10.944,0.39,11.334,1.0523,1.0126,3.92,0.0,1.0181,1.0126,0.54,939,896.333,4.76,8.37,"[864, 939, 886]","[4, 6, 7]",17,3.0,
assembly_2,3,0.8,adaptive,32,22160,134216,154,0.11,21,198.138,13.901,0.395,14.295,1.0514,1.0126,3.82,0.0907,1.0134,1.0126,0.07,939,896.333,4.76,8.37,"[939, 864, 886]","[5, 5, 7]",17,3.0,
assembly_2,3,0.8,adaptive,48,22160,134216,222,0.17,68,198.138,18.673,0.39,19.063,1.0291,1.0126,1.62,2.1216,1.0781,1.0126,6.46,900,896.333,0.41,1.23,"[889, 900, 900]","[5, 8, 4]",17,3.0,
assembly_2,3,0.8,adaptive,64,22160,134216,430,0.32,208,198.138,19.271,1.382,20.653,1.0291,1.0126,1.62,0.0,1.0781,1.0126,6.46,900,896.333,0.41,1.23,"[889, 900, 900]","[5, 8, 4]",17,3.0,
assembly_2,3,0.8,adaptive,96,22160,134216,793,0.59,363,198.138,21.393,3.766,25.159,1.0291,1.0126,1.62,0.0,1.0781,1.0126,6.46,900,896.333,0.41,1.23,"[889, 900, 900]","[5, 8, 4]",17,3.0,
assembly_2,3,0.8,adaptive,128,22160,134216,1155,0.86,362,198.138,23.056,9.066,32.122,1.0291,1.0126,1.62,-0.0,1.0781,1.0126,6.46,900,896.333,0.41,1.23,"[889, 900, 900]","[5, 8, 4]",17,3.0,
assembly_2,3,0.8,adaptive,192,22160,134216,1869,1.39,714,198.138,26.747,26.961,53.708,1.0291,1.0126,1.62,0.0,1.0781,1.0126,6.46,900,896.333,0.41,1.23,"[889, 900, 900]","[5, 8, 4]",17,3.0,
assembly_2,3,0.8,adaptive,256,22160,134216,2514,1.87,645,198.138,32.022,38.981,71.004,1.0291,1.0126,1.62,0.0,1.0781,1.0126,6.46,900,896.333,0.41,1.23,"[889, 900, 900]","[5, 8, 4]",17,3.0,
assembly_2,3,0.8,adaptive,512,22160,134216,4858,3.62,2344,198.138,45.337,179.042,224.379,1.0291,1.0126,1.62,-0.0,1.0781,1.0126,6.46,900,896.333,0.41,1.23,"[889, 900, 900]","[5, 8, 4]",17,3.0,stop_perc_graph
assembly_2,3,0.9,adaptive,1,22160,134216,41,0.03,41,195.249,1.18,0.265,1.445,1.0451,1.0126,3.2,,1.3201,1.0126,30.36,898,896.333,0.19,0.45,"[897, 894, 898]","[6, 5, 6]",17,3.0,
assembly_2,3,0.9,adaptive,2,22160,134216,61,0.05,20,195.249,1.768,0.138,1.906,1.0451,1.0126,3.2,0.0,1.3201,1.0126,30.36,898,896.333,0.19,0.45,"[897, 894, 898]","[6, 5, 6]",17,3.0,
assembly_2,3,0.9,adaptive,3,22160,134216,65,0.05,4,195.249,2.272,0.279,2.551,1.0359,1.0126,2.29,0.8824,1.2279,1.0126,21.25,898,896.333,0.19,0.45,"[897, 894, 898]","[6, 5, 6]",17,3.0,
assembly_2,3,0.9,adaptive,4,22160,134216,68,0.05,3,195.249,2.711,0.168,2.88,1.0359,1.0126,2.29,0.0,1.2279,1.0126,21.25,898,896.333,0.19,0.45,"[897, 894, 898]","[6, 5, 6]",17,3.0,
assembly_2,3,0.9,adaptive,6,22160,134216,76,0.06,8,195.249,3.581,0.132,3.713,1.0359,1.0126,2.29,0.0,1.2279,1.0126,21.25,898,896.333,0.19,0.45,"[897, 894, 898]","[6, 5, 6]",17,3.0,
assembly_2,3,0.9,adaptive,8,22160,134216,87,0.06,11,195.249,4.438,0.302,4.74,1.0358,1.0126,2.29,0.0035,1.2275,1.0126,21.22,898,896.333,0.19,0.45,"[897, 894, 898]","[6, 5, 6]",17,3.0,
assembly_2,3,0.9,adaptive,12,22160,134216,99,0.07,12,195.249,6.148,0.207,6.355,1.0358,1.0126,2.29,0.0,1.2275,1.0126,21.22,898,896.333,0.19,0.45,"[897, 894, 898]","[6, 5, 6]",17,3.0,
assembly_2,3,0.9,adaptive,16,22160,134216,109,0.08,10,195.249,7.899,0.193,8.092,1.0358,1.0126,2.29,0.0,1.2275,1.0126,21.22,898,896.333,0.19,0.45,"[897, 894, 898]","[6, 5, 6]",17,3.0,
assembly_2,3,0.9,adaptive,24,22160,134216,133,0.1,24,195.249,10.856,0.34,11.197,1.0338,1.0126,2.08,0.2004,1.2068,1.0126,19.17,898,896.333,0.19,0.45,"[897, 894, 898]","[6, 5, 6]",17,3.0,
assembly_2,3,0.9,adaptive,32,22160,134216,154,0.11,21,195.249,13.877,0.327,14.204,1.0336,1.0126,2.07,0.0143,1.2053,1.0126,19.02,898,896.333,0.19,0.45,"[897, 894, 898]","[6, 5, 6]",17,3.0,
assembly_2,3,0.9,adaptive,48,22160,134216,222,0.17,68,195.249,18.731,0.532,19.262,1.0229,1.0126,1.01,1.0339,1.0781,1.0126,6.46,900,896.333,0.41,1.23,"[889, 900, 900]","[5, 8, 4]",17,3.0,
assembly_2,3,0.9,adaptive,64,22160,134216,437,0.33,215,195.249,19.495,0.798,20.293,1.0229,1.0126,1.01,-0.0,1.0781,1.0126,6.46,900,896.333,0.41,1.23,"[889, 900, 900]","[5, 8, 4]",17,3.0,
assembly_2,3,0.9,adaptive,96,22160,134216,810,0.6,373,195.249,21.2,5.205,26.406,1.0229,1.0126,1.01,0.0,1.0781,1.0126,6.46,900,896.333,0.41,1.23,"[889, 900, 900]","[5, 8, 4]",17,3.0,
assembly_2,3,0.9,adaptive,128,22160,134216,1169,0.87,359,195.249,23.008,10.062,33.07,1.0229,1.0126,1.01,-0.0,1.0781,1.0126,6.46,900,896.333,0.41,1.23,"[889, 900, 900]","[5, 8, 4]",17,3.0,
assembly_2,3,0.9,adaptive,192,22160,134216,1873,1.4,704,195.249,26.594,22.802,49.396,1.0229,1.0126,1.01,0.0,1.0781,1.0126,6.46,900,896.333,0.41,1.23,"[889, 900, 900]","[5, 8, 4]",17,3.0,
assembly_2,3,0.9,adaptive,256,22160,134216,2516,1.87,643,195.249,30.976,50.905,81.881,1.0229,1.0126,1.01,0.0,1.0781,1.0126,6.46,900,896.333,0.41,1.23,"[889, 900, 900]","[5, 8, 4]",17,3.0,
assembly_2,3,0.9,adaptive,512,22160,134216,4856,3.62,2340,195.249,44.181,192.982,237.162,1.0229,1.0126,1.01,0.0,1.0781,1.0126,6.46,900,896.333,0.41,1.23,"[889, 900, 900]","[5, 8, 4]",17,3.0,stop_perc_graph
assembly_2,4,0.1,adaptive,1,22160,134216,44,0.03,44,196.461,1.254,0.328,1.582,1.0265,1.0126,1.36,,1.0126,1.0126,0.0,764,672.25,13.65,43.44,"[472, 718, 764, 735]","[5, 2, 5, 5]",17,3.0,
assembly_2,4,0.1,adaptive,2,22160,134216,48,0.04,4,196.461,1.747,0.194,1.941,1.0265,1.0126,1.36,0.0,1.0126,1.0126,0.0,764,672.25,13.65,43.44,"[472, 718, 764, 735]","[5, 2, 5, 5]",17,3.0,
assembly_2,4,0.1,adaptive,3,22160,134216,62,0.05,14,196.461,2.184,0.355,2.539,1.0265,1.0126,1.36,0.0,1.0126,1.0126,0.0,764,672.25,13.65,43.44,"[472, 718, 764, 735]","[5, 2, 5, 5]",17,3.0,
assembly_2,4,0.1,adaptive,4,22160,134216,62,0.05,0,196.461,2.724,0.35,3.074,1.0265,1.0126,1.36,0.0,1.0126,1.0126,0.0,764,672.25,13.65,43.44,"[472, 718, 764, 735]","[5, 2, 5, 5]",17,3.0,
assembly_2,4,0.1,adaptive,6,22160,134216,71,0.05,9,196.461,3.636,0.443,4.079,1.0265,1.0126,1.36,-0.0,1.0126,1.0126,0.0,764,672.25,13.65,43.44,"[472, 718, 764, 735]","[5, 2, 5, 5]",17,3.0,
assembly_2,4,0.1,adaptive,8,22160,134216,76,0.06,5,196.461,4.504,0.478,4.982,1.0261,1.0126,1.32,0.0402,1.0129,1.0126,0.02,760,672.25,13.05,42.84,"[472, 718, 739, 760]","[5, 2, 5, 5]",17,3.0,
assembly_2,4,0.1,adaptive,12,22160,134216,82,0.06,6,196.461,6.433,0.524,6.957,1.0261,1.0126,1.32,-0.0,1.0129,1.0126,0.02,760,672.25,13.05,42.84,"[472, 718, 739, 760]","[5, 2, 5, 5]",17,3.0,
assembly_2,4,0.1,adaptive,16,22160,134216,92,0.07,10,196.461,8.178,0.9,9.077,1.0261,1.0126,1.32,0.0,1.0129,1.0126,0.02,760,672.25,13.05,42.84,"[472, 718, 739, 760]","[5, 2, 5, 5]",17,3.0,
assembly_2,4,0.1,adaptive,24,22160,134216,113,0.08,21,196.461,11.929,0.944,12.873,1.0261,1.0126,1.32,0.0,1.0129,1.0126,0.02,760,672.25,13.05,42.84,"[472, 718, 739, 760]","[5, 2, 5, 5]",17,3.0,
assembly_2,4,0.1,adaptive,32,22160,134216,146,0.11,33,196.461,15.423,0.557,15.98,1.0261,1.0126,1.32,0.0,1.0129,1.0126,0.02,760,672.25,13.05,42.84,"[472, 718, 739, 760]","[5, 2, 5, 5]",17,3.0,
assembly_2,4,0.1,adaptive,48,22160,134216,224,0.17,78,196.461,19.913,1.471,21.384,1.0261,1.0126,1.32,0.0,1.0129,1.0126,0.02,760,672.25,13.05,42.84,"[472, 718, 739, 760]","[5, 2, 5, 5]",17,3.0,
assembly_2,4,0.1,adaptive,64,22160,134216,430,0.32,206,196.461,20.698,1.511,22.208,1.0261,1.0126,1.32,0.0,1.0129,1.0126,0.02,760,672.25,13.05,42.84,"[472, 718, 739, 760]","[5, 2, 5, 5]",17,3.0,
assembly_2,4,0.1,adaptive,96,22160,134216,812,0.6,382,196.461,22.177,5.064,27.242,1.0261,1.0126,1.32,0.0,1.0129,1.0126,0.02,760,672.25,13.05,42.84,"[472, 718, 739, 760]","[5, 2, 5, 5]",17,3.0,
assembly_2,4,0.1,adaptive,128,22160,134216,1178,0.88,366,196.461,24.18,3.997,28.177,1.0261,1.0126,1.32,0.0,1.0129,1.0126,0.02,760,672.25,13.05,42.84,"[472, 718, 739, 760]","[5, 2, 5, 5]",17,3.0,
assembly_2,4,0.1,adaptive,192,22160,134216,1890,1.41,712,196.461,28.278,4.002,32.28,1.0261,1.0126,1.32,0.0,1.0129,1.0126,0.02,760,672.25,13.05,42.84,"[472, 718, 739, 760]","[5, 2, 5, 5]",17,3.0,
assembly_2,4,0.1,adaptive,256,22160,134216,2539,1.89,649,196.461,31.396,11.462,42.858,1.0261,1.0126,1.32,0.0,1.0129,1.0126,0.02,760,672.25,13.05,42.84,"[472, 718, 739, 760]","[5, 2, 5, 5]",17,3.0,
assembly_2,4,0.1,adaptive,512,22160,134216,4904,3.65,2365,196.461,46.819,15.635,62.454,1.0261,1.0126,1.32,-0.0,1.0129,1.0126,0.02,760,672.25,13.05,42.84,"[472, 718, 739, 760]","[5, 2, 5, 5]",17,3.0,stop_perc_graph
assembly_2,4,0.2,adaptive,1,22160,134216,44,0.03,44,198.5,1.288,0.341,1.629,1.0403,1.0126,2.73,,1.0126,1.0126,0.0,764,672.25,13.65,43.44,"[472, 718, 764, 735]","[5, 2, 5, 5]",17,3.0,
assembly_2,4,0.2,adaptive,2,22160,134216,48,0.04,4,198.5,1.826,0.149,1.975,1.0403,1.0126,2.73,-0.0,1.0126,1.0126,0.0,764,672.25,13.65,43.44,"[472, 718, 764, 735]","[5, 2, 5, 5]",17,3.0,
assembly_2,4,0.2,adaptive,3,22160,134216,62,0.05,14,198.5,2.187,0.609,2.796,1.0403,1.0126,2.73,0.0,1.0126,1.0126,0.0,764,672.25,13.65,43.44,"[472, 718, 764, 735]","[5, 2, 5, 5]",17,3.0,
assembly_2,4,0.2,adaptive,4,22160,134216,62,0.05,0,198.5,2.706,0.606,3.311,1.0403,1.0126,2.73,0.0,1.0126,1.0126,0.0,764,672.25,13.65,43.44,"[472, 718, 764, 735]","[5, 2, 5, 5]",17,3.0,
assembly_2,4,0.2,adaptive,6,22160,134216,71,0.05,9,198.5,3.654,0.9,4.554,1.0403,1.0126,2.73,0.0,1.0126,1.0126,0.0,764,672.25,13.65,43.44,"[472, 718, 764, 735]","[5, 2, 5, 5]",17,3.0,
assembly_2,4,0.2,adaptive,8,22160,134216,76,0.06,5,198.5,4.442,0.539,4.981,1.0393,1.0126,2.63,0.0996,1.0129,1.0126,0.02,760,672.25,13.05,42.84,"[472, 718, 739, 760]","[5, 2, 5, 5]",17,3.0,
assembly_2,4,0.2,adaptive,12,22160,134216,82,0.06,6,198.5,6.398,0.481,6.879,1.0393,1.0126,2.63,0.0,1.0129,1.0126,0.02,760,672.25,13.05,42.84,"[472, 718, 739, 760]","[5, 2, 5, 5]",17,3.0,
assembly_2,4,0.2,adaptive,16,22160,134216,92,0.07,10,198.5,8.162,0.991,9.152,1.0393,1.0126,2.63,0.0,1.0129,1.0126,0.02,760,672.25,13.05,42.84,"[472, 718, 739, 760]","[5, 2, 5, 5]",17,3.0,
assembly_2,4,0.2,adaptive,24,22160,134216,113,0.08,21,198.5,11.885,0.723,12.607,1.0393,1.0126,2.63,-0.0,1.0129,1.0126,0.02,760,672.25,13.05,42.84,"[472, 718, 739, 760]","[5, 2, 5, 5]",17,3.0,
assembly_2,4,0.2,adaptive,32,22160,134216,146,0.11,33,198.5,15.623,0.933,16.556,1.0393,1.0126,2.63,0.0,1.0129,1.0126,0.02,760,672.25,13.05,42.84,"[472, 718, 739, 760]","[5, 2, 5, 5]",17,3.0,
assembly_2,4,0.2,adaptive,48,22160,134216,227,0.17,81,198.5,20.213,0.801,21.014,1.0393,1.0126,2.63,0.0,1.0129,1.0126,0.02,760,672.25,13.05,42.84,"[472, 718, 739, 760]","[5, 2, 5, 5]",17,3.0,
assembly_2,4,0.2,adaptive,64,22160,134216,429,0.32,202,198.5,20.865,2.04,22.905,1.0393,1.0126,2.63,0.0,1.0129,1.0126,0.02,760,672.25,13.05,42.84,"[472, 718, 739, 760]","[5, 2, 5, 5]",17,3.0,
assembly_2,4,0.2,adaptive,96,22160,134216,815,0.61,386,198.5,22.57,8.577,31.148,1.0393,1.0126,2.63,0.0,1.0129,1.0126,0.02,760,672.25,13.05,42.84,"[472, 718, 739, 760]","[5, 2, 5, 5]",17,3.0,
assembly_2,4,0.2,adaptive,128,22160,134216,1182,0.88,367,198.5,24.409,13.833,38.243,1.0393,1.0126,2.63,0.0,1.0129,1.0126,0.02,760,672.25,13.05,42.84,"[472, 718, 739, 760]","[5, 2, 5, 5]",17,3.0,
assembly_2,4,0.2,adaptive,192,22160,134216,1892,1.41,710,198.5,28.313,10.081,38.394,1.0393,1.0126,2.63,0.0,1.0129,1.0126,0.02,760,672.25,13.05,42.84,"[472, 718, 739, 760]","[5, 2, 5, 5]",17,3.0,
assembly_2,4,0.2,adaptive,256,22160,134216,2540,1.89,648,198.5,33.162,12.856,46.018,1.0393,1.0126,2.63,0.0,1.0129,1.0126,0.02,760,672.25,13.05,42.84,"[472, 718, 739, 760]","[5, 2, 5, 5]",17,3.0,
assembly_2,4,0.2,adaptive,512,22160,134216,4900,3.65,2360,198.5,49.037,88.0,137.038,1.0393,1.0126,2.63,0.0,1.0129,1.0126,0.02,760,672.25,13.05,42.84,"[472, 718, 739, 760]","[5, 2, 5, 5]",17,3.0,stop_perc_graph
assembly_2,4,0.3,adaptive,1,22160,134216,44,0.03,44,198.1,0.763,0.604,1.367,1.0541,1.0126,4.09,,1.0126,1.0126,0.0,764,672.25,13.65,43.44,"[472, 718, 764, 735]","[5, 2, 5, 5]",17,3.0,
assembly_2,4,0.3,adaptive,2,22160,134216,48,0.04,4,198.1,0.999,0.375,1.375,1.0541,1.0126,4.09,0.0,1.0126,1.0126,0.0,764,672.25,13.65,43.44,"[472, 718, 764, 735]","[5, 2, 5, 5]",17,3.0,
assembly_2,4,0.3,adaptive,3,22160,134216,62,0.05,14,198.1,1.157,1.118,2.275,1.0541,1.0126,4.09,0.0,1.0126,1.0126,0.0,764,672.25,13.65,43.44,"[472, 718, 764, 735]","[5, 2, 5, 5]",17,3.0,
assembly_2,4,0.3,adaptive,4,22160,134216,62,0.05,0,198.1,1.408,1.094,2.503,1.0541,1.0126,4.09,0.0,1.0126,1.0126,0.0,764,672.25,13.65,43.44,"[472, 718, 764, 735]","[5, 2, 5, 5]",17,3.0,
assembly_2,4,0.3,adaptive,6,22160,134216,71,0.05,9,198.1,1.799,0.584,2.383,1.0541,1.0126,4.09,-0.0,1.0126,1.0126,0.0,764,672.25,13.65,43.44,"[472, 718, 764, 735]","[5, 2, 5, 5]",17,3.0,
assembly_2,4,0.3,adaptive,8,22160,134216,76,0.06,5,198.1,2.199,0.537,2.736,1.0525,1.0126,3.93,0.1575,1.0129,1.0126,0.02,760,672.25,13.05,42.84,"[472, 718, 739, 760]","[5, 2, 5, 5]",17,3.0,
assembly_2,4,0.3,adaptive,12,22160,134216,82,0.06,6,198.1,3.021,0.585,3.606,1.0525,1.0126,3.93,0.0,1.0129,1.0126,0.02,760,672.25,13.05,42.84,"[472, 718, 739, 760]","[5, 2, 5, 5]",17,3.0,
assembly_2,4,0.3,adaptive,16,22160,134216,92,0.07,10,198.1,3.852,0.952,4.805,1.0525,1.0126,3.93,0.0,1.0129,1.0126,0.02,760,672.25,13.05,42.84,"[472, 718, 739, 760]","[5, 2, 5, 5]",17,3.0,
assembly_2,4,0.3,adaptive,24,22160,134216,113,0.08,21,198.1,5.512,0.322,5.834,1.0525,1.0126,3.93,0.0,1.0129,1.0126,0.02,760,672.25,13.05,42.84,"[472, 718, 739, 760]","[5, 2, 5, 5]",17,3.0,
assembly_2,4,0.3,adaptive,32,22160,134216,146,0.11,33,198.1,7.129,0.608,7.737,1.0525,1.0126,3.93,0.0,1.0129,1.0126,0.02,760,672.25,13.05,42.84,"[472, 718, 739, 760]","[5, 2, 5, 5]",17,3.0,
assembly_2,4,0.3,adaptive,48,22160,134216,233,0.17,87,198.1,9.209,1.45,10.66,1.0525,1.0126,3.93,-0.0,1.0129,1.0126,0.02,760,672.25,13.05,42.84,"[472, 718, 739, 760]","[5, 2, 5, 5]",17,3.0,
assembly_2,4,0.3,adaptive,64,22160,134216,428,0.32,195,198.1,9.508,4.83,14.337,1.0525,1.0126,3.93,0.0,1.0129,1.0126,0.02,760,672.25,13.05,42.84,"[472, 718, 739, 760]","[5, 2, 5, 5]",17,3.0,
assembly_2,4,0.3,adaptive,96,22160,134216,812,0.6,384,198.1,10.25,9.533,19.783,1.0525,1.0126,3.93,0.0,1.0129,1.0126,0.02,760,672.25,13.05,42.84,"[472, 718, 739, 760]","[5, 2, 5, 5]",17,3.0,
assembly_2,4,0.3,adaptive,128,22160,134216,1180,0.88,368,198.1,10.981,11.702,22.684,1.0525,1.0126,3.93,0.0,1.0129,1.0126,0.02,760,672.25,13.05,42.84,"[472, 718, 739, 760]","[5, 2, 5, 5]",17,3.0,
assembly_2,4,0.3,adaptive,192,22160,134216,1890,1.41,710,198.1,12.576,63.063,75.639,1.0525,1.0126,3.93,-0.0,1.0129,1.0126,0.02,760,672.25,13.05,42.84,"[472, 718, 739, 760]","[5, 2, 5, 5]",17,3.0,
assembly_2,4,0.3,adaptive,256,22160,134216,2536,1.89,646,198.1,14.163,43.957,58.12,1.0525,1.0126,3.93,0.0,1.0129,1.0126,0.02,760,672.25,13.05,42.84,"[472, 718, 739, 760]","[5, 2, 5, 5]",17,3.0,
assembly_2,4,0.3,adaptive,512,22160,134216,4894,3.65,2358,198.1,20.23,257.017,277.247,1.0525,1.0126,3.93,0.0,1.0129,1.0126,0.02,760,672.25,13.05,42.84,"[472, 718, 739, 760]","[5, 2, 5, 5]",17,3.0,stop_perc_graph
assembly_2,4,0.4,adaptive,1,22160,134216,44,0.03,44,200.796,1.317,0.731,2.048,1.0542,1.0126,4.11,,1.0611,1.0126,4.78,693,672.25,3.09,6.69,"[648, 693, 663, 685]","[8, 2, 4, 3]",17,3.0,
assembly_2,4,0.4,adaptive,2,22160,134216,48,0.04,4,200.796,1.795,0.708,2.503,1.0542,1.0126,4.11,0.0,1.0611,1.0126,4.78,693,672.25,3.09,6.69,"[648, 693, 663, 685]","[8, 2, 4, 3]",17,3.0,
assembly_2,4,0.4,adaptive,3,22160,134216,62,0.05,14,200.796,2.156,1.048,3.204,1.0542,1.0126,4.11,0.0,1.0611,1.0126,4.78,693,672.25,3.09,6.69,"[648, 693, 663, 685]","[8, 2, 4, 3]",17,3.0,
assembly_2,4,0.4,adaptive,4,22160,134216,62,0.05,0,200.796,2.707,1.042,3.749,1.0542,1.0126,4.11,0.0,1.0611,1.0126,4.78,693,672.25,3.09,6.69,"[648, 693, 663, 685]","[8, 2, 4, 3]",17,3.0,
assembly_2,4,0.4,adaptive,6,22160,134216,71,0.05,9,200.796,3.603,1.304,4.907,1.0542,1.0126,4.11,-0.0,1.0611,1.0126,4.78,693,672.25,3.09,6.69,"[648, 693, 663, 685]","[8, 2, 4, 3]",17,3.0,
assembly_2,4,0.4,adaptive,8,22160,134216,76,0.06,5,200.796,4.496,0.854,5.35,1.0542,1.0126,4.11,0.0,1.0611,1.0126,4.78,693,672.25,3.09,6.69,"[648, 693, 663, 685]","[8, 2, 4, 3]",17,3.0,
assembly_2,4,0.4,adaptive,12,22160,134216,82,0.06,6,200.796,6.318,0.908,7.226,1.0542,1.0126,4.11,0.0,1.0611,1.0126,4.78,693,672.25,3.09,6.69,"[648, 693, 663, 685]","[8, 2, 4, 3]",17,3.0,
assembly_2,4,0.4,adaptive,16,22160,134216,92,0.07,10,200.796,8.141,0.671,8.812,1.0542,1.0126,4.11,0.0,1.0611,1.0126,4.78,693,672.25,3.09,6.69,"[648, 693, 663, 685]","[8, 2, 4, 3]",17,3.0,
assembly_2,4,0.4,adaptive,24,22160,134216,113,0.08,21,200.796,11.697,0.42,12.117,1.0542,1.0126,4.11,0.0,1.0611,1.0126,4.78,693,672.25,3.09,6.69,"[648, 693, 663, 685]","[8, 2, 4, 3]",17,3.0,
assembly_2,4,0.4,adaptive,32,22160,134216,146,0.11,33,200.796,15.405,0.782,16.187,1.0542,1.0126,4.11,0.0,1.0611,1.0126,4.78,693,672.25,3.09,6.69,"[648, 693, 663, 685]","[8, 2, 4, 3]",17,3.0,
assembly_2,4,0.4,adaptive,48,22160,134216,230,0.17,84,200.796,20.006,0.951,20.956,1.0542,1.0126,4.11,0.0,1.0611,1.0126,4.78,693,672.25,3.09,6.69,"[648, 693, 663, 685]","[8, 2, 4, 3]",17,3.0,
assembly_2,4,0.4,adaptive,64,22160,134216,428,0.32,198,200.796,20.61,5.08,25.69,1.0542,1.0126,4.11,0.0,1.0611,1.0126,4.78,693,672.25,3.09,6.69,"[648, 693, 663, 685]","[8, 2, 4, 3]",17,3.0,
assembly_2,4,0.4,adaptive,96,22160,134216,809,0.6,381,200.796,22.437,11.18,33.617,1.0542,1.0126,4.11,0.0,1.0611,1.0126,4.78,693,672.25,3.09,6.69,"[648, 693, 663, 685]","[8, 2, 4, 3]",17,3.0,
assembly_2,4,0.4,adaptive,128,22160,134216,1177,0.88,368,200.796,24.82,12.324,37.145,1.0542,1.0126,4.11,0.0,1.0611,1.0126,4.78,693,672.25,3.09,6.69,"[648, 693, 663, 685]","[8, 2, 4, 3]",17,3.0,
assembly_2,4,0.4,adaptive,192,22160,134216,1887,1.41,710,200.796,27.736,23.382,51.118,1.0542,1.0126,4.11,0.0,1.0611,1.0126,4.78,693,672.25,3.09,6.69,"[648, 693, 663, 685]","[8, 2, 4, 3]",17,3.0,
assembly_2,4,0.4,adaptive,256,22160,134216,2532,1.89,645,200.796,32.591,92.211,124.802,1.0542,1.0126,4.11,0.0,1.0611,1.0126,4.78,693,672.25,3.09,6.69,"[648, 693, 663, 685]","[8, 2, 4, 3]",17,3.0,
assembly_2,4,0.4,adaptive,512,22160,134216,4891,3.64,2359,200.796,49.493,430.459,479.952,1.0542,1.0126,4.11,0.0,1.0611,1.0126,4.78,693,672.25,3.09,6.69,"[648, 693, 663, 685]","[8, 2, 4, 3]",17,3.0,stop_perc_graph
assembly_2,4,0.5,adaptive,1,22160,134216,44,0.03,44,203.585,1.349,0.762,2.111,1.0525,1.0126,3.94,,1.0611,1.0126,4.78,693,672.25,3.09,6.69,"[648, 693, 663, 685]","[8, 2, 4, 3]",17,3.0,
assembly_2,4,0.5,adaptive,2,22160,134216,48,0.04,4,203.585,1.824,0.174,1.998,1.0525,1.0126,3.94,0.0,1.0611,1.0126,4.78,693,672.25,3.09,6.69,"[648, 693, 663, 685]","[8, 2, 4, 3]",17,3.0,
assembly_2,4,0.5,adaptive,3,22160,134216,62,0.05,14,203.585,2.278,0.186,2.464,1.0525,1.0126,3.94,0.0,1.0611,1.0126,4.78,693,672.25,3.09,6.69,"[648, 693, 663, 685]","[8, 2, 4, 3]",17,3.0,
assembly_2,4,0.5,adaptive,4,22160,134216,62,0.05,0,203.585,2.74,0.187,2.927,1.0525,1.0126,3.94,0.0,1.0611,1.0126,4.78,693,672.25,3.09,6.69,"[648, 693, 663, 685]","[8, 2, 4, 3]",17,3.0,
assembly_2,4,0.5,adaptive,6,22160,134216,71,0.05,9,203.585,3.705,0.325,4.03,1.0525,1.0126,3.94,0.0,1.0611,1.0126,4.78,693,672.25,3.09,6.69,"[648, 693, 663, 685]","[8, 2, 4, 3]",17,3.0,
assembly_2,4,0.5,adaptive,8,22160,134216,76,0.06,5,203.585,4.668,0.615,5.283,1.0525,1.0126,3.94,0.0,1.0611,1.0126,4.78,693,672.25,3.09,6.69,"[648, 693, 663, 685]","[8, 2, 4, 3]",17,3.0,
assembly_2,4,0.5,adaptive,12,22160,134216,82,0.06,6,203.585,6.583,2.312,8.895,1.0525,1.0126,3.94,0.0,1.0611,1.0126,4.78,693,672.25,3.09,6.69,"[648, 693, 663, 685]","[8, 2, 4, 3]",17,3.0,
assembly_2,4,0.5,adaptive,16,22160,134216,92,0.07,10,203.585,8.316,0.371,8.687,1.0525,1.0126,3.94,0.0,1.0611,1.0126,4.78,693,672.25,3.09,6.69,"[648, 693, 663, 685]","[8, 2, 4, 3]",17,3.0,
assembly_2,4,0.5,adaptive,24,22160,134216,113,0.08,21,203.585,12.117,0.427,12.544,1.0525,1.0126,3.94,-0.0,1.0611,1.0126,4.78,693,672.25,3.09,6.69,"[648, 693, 663, 685]","[8, 2, 4, 3]",17,3.0,
assembly_2,4,0.5,adaptive,32,22160,134216,146,0.11,33,203.585,15.987,0.443,16.43,1.0525,1.0126,3.94,0.0,1.0611,1.0126,4.78,693,672.25,3.09,6.69,"[648, 693, 663, 685]","[8, 2, 4, 3]",17,3.0,
assembly_2,4,0.5,adaptive,48,22160,134216,230,0.17,84,203.585,20.735,1.165,21.9,1.0525,1.0126,3.94,0.0,1.0611,1.0126,4.78,693,672.25,3.09,6.69,"[648, 693, 663, 685]","[8, 2, 4, 3]",17,3.0,
assembly_2,4,0.5,adaptive,64,22160,134216,430,0.32,200,203.585,21.408,4.434,25.842,1.0525,1.0126,3.94,0.0,1.0611,1.0126,4.78,693,672.25,3.09,6.69,"[648, 693, 663, 685]","[8, 2, 4, 3]",17,3.0,
assembly_2,4,0.5,adaptive,96,22160,134216,816,0.61,386,203.585,23.402,5.29,28.691,1.0525,1.0126,3.94,0.0,1.0611,1.0126,4.78,693,672.25,3.09,6.69,"[648, 693, 663, 685]","[8, 2, 4, 3]",17,3.0,
assembly_2,4,0.5,adaptive,128,22160,134216,1181,0.88,365,203.585,25.549,24.123,49.672,1.0525,1.0126,3.94,0.0,1.0611,1.0126,4.78,693,672.25,3.09,6.69,"[648, 693, 663, 685]","[8, 2, 4, 3]",17,3.0,
assembly_2,4,0.5,adaptive,192,22160,134216,1893,1.41,712,203.585,29.05,48.002,77.051,1.0525,1.0126,3.94,0.0,1.0611,1.0126,4.78,693,672.25,3.09,6.69,"[648, 693, 663, 685]","[8, 2, 4, 3]",17,3.0,
assembly_2,4,0.5,adaptive,256,22160,134216,2544,1.9,651,203.585,34.216,149.039,183.255,1.0525,1.0126,3.94,0.0,1.0611,1.0126,4.78,693,672.25,3.09,6.69,"[648, 693, 663, 685]","[8, 2, 4, 3]",17,3.0,
assembly_2,4,0.5,adaptive,512,22160,134216,4888,3.64,2344,203.585,47.802,492.342,540.144,1.0523,1.0126,3.92,0.0186,1.0607,1.0126,4.75,693,672.25,3.09,6.69,"[648, 663, 685, 693]","[8, 4, 3, 2]",17,3.0,stop_perc_graph
assembly_2,4,0.6,adaptive,1,22160,134216,44,0.03,44,194.27,1.173,0.965,2.137,1.0508,1.0126,3.77,,1.0611,1.0126,4.78,693,672.25,3.09,6.69,"[648, 693, 663, 685]","[8, 2, 4, 3]",17,3.0,
assembly_2,4,0.6,adaptive,2,22160,134216,48,0.04,4,194.27,1.68,0.309,1.989,1.0508,1.0126,3.77,-0.0,1.0611,1.0126,4.78,693,672.25,3.09,6.69,"[648, 693, 663, 685]","[8, 2, 4, 3]",17,3.0,
assembly_2,4,0.6,adaptive,3,22160,134216,62,0.05,14,194.27,2.115,0.222,2.337,1.0508,1.0126,3.77,0.0,1.0611,1.0126,4.78,693,672.25,3.09,6.69,"[648, 693, 663, 685]","[8, 2, 4, 3]",17,3.0,
assembly_2,4,0.6,adaptive,4,22160,134216,62,0.05,0,194.27,2.643,0.217,2.86,1.0508,1.0126,3.77,0.0,1.0611,1.0126,4.78,693,672.25,3.09,6.69,"[648, 693, 663, 685]","[8, 2, 4, 3]",17,3.0,
assembly_2,4,0.6,adaptive,6,22160,134216,71,0.05,9,194.27,3.661,0.202,3.863,1.0508,1.0126,3.77,0.0,1.0611,1.0126,4.78,693,672.25,3.09,6.69,"[648, 693, 663, 685]","[8, 2, 4, 3]",17,3.0,
assembly_2,4,0.6,adaptive,8,22160,134216,76,0.06,5,194.27,4.565,0.373,4.938,1.0508,1.0126,3.77,0.0,1.0611,1.0126,4.78,693,672.25,3.09,6.69,"[648, 693, 663, 685]","[8, 2, 4, 3]",17,3.0,
assembly_2,4,0.6,adaptive,12,22160,134216,82,0.06,6,194.27,6.426,0.259,6.685,1.0508,1.0126,3.77,0.0,1.0611,1.0126,4.78,693,672.25,3.09,6.69,"[648, 693, 663, 685]","[8, 2, 4, 3]",17,3.0,
assembly_2,4,0.6,adaptive,16,22160,134216,92,0.07,10,194.27,8.137,0.771,8.908,1.0508,1.0126,3.77,0.0,1.0611,1.0126,4.78,693,672.25,3.09,6.69,"[648, 693, 663, 685]","[8, 2, 4, 3]",17,3.0,
assembly_2,4,0.6,adaptive,24,22160,134216,113,0.08,21,194.27,11.808,0.355,12.163,1.0508,1.0126,3.77,0.0,1.0611,1.0126,4.78,693,672.25,3.09,6.69,"[648, 693, 663, 685]","[8, 2, 4, 3]",17,3.0,
assembly_2,4,0.6,adaptive,32,22160,134216,146,0.11,33,194.27,15.384,0.9,16.284,1.0508,1.0126,3.77,-0.0,1.0611,1.0126,4.78,693,672.25,3.09,6.69,"[648, 693, 663, 685]","[8, 2, 4, 3]",17,3.0,
assembly_2,4,0.6,adaptive,48,22160,134216,232,0.17,86,194.27,19.758,1.137,20.895,1.0494,1.0126,3.63,0.1349,1.0689,1.0126,5.55,688,672.25,2.34,7.44,"[688, 638, 678, 685]","[8, 3, 3, 3]",17,3.0,
assembly_2,4,0.6,adaptive,64,22160,134216,429,0.32,197,194.27,20.499,2.386,22.884,1.0494,1.0126,3.63,0.0,1.0689,1.0126,5.55,688,672.25,2.34,7.44,"[688, 638, 678, 685]","[8, 3, 3, 3]",17,3.0,
assembly_2,4,0.6,adaptive,96,22160,134216,815,0.61,386,194.27,22.211,13.02,35.23,1.0494,1.0126,3.63,0.0,1.0689,1.0126,5.55,688,672.25,2.34,5.21,"[688, 663, 653, 685]","[8, 4, 2, 3]",17,3.0,
assembly_2,4,0.6,adaptive,128,22160,134216,1179,0.88,364,194.27,24.14,34.226,58.367,1.0494,1.0126,3.63,-0.0,1.0689,1.0126,5.55,688,672.25,2.34,5.21,"[688, 663, 653, 685]","[8, 4, 2, 3]",17,3.0,
assembly_2,4,0.6,adaptive,192,22160,134216,1887,1.41,708,194.27,27.823,31.397,59.22,1.0494,1.0126,3.63,0.0,1.0689,1.0126,5.55,688,672.25,2.34,7.44,"[688, 638, 678, 685]","[8, 3, 3, 3]",17,3.0,
assembly_2,4,0.6,adaptive,256,22160,134216,2528,1.88,641,194.27,32.062,71.676,103.738,1.0494,1.0126,3.63,0.0,1.0689,1.0126,5.55,688,672.25,2.34,7.44,"[688, 638, 678, 685]","[8, 3, 3, 3]",17,3.0,
assembly_2,4,0.6,adaptive,512,22160,134216,4879,3.64,2351,194.27,47.118,474.253,521.371,1.0494,1.0126,3.63,0.0,1.0689,1.0126,5.55,688,672.25,2.34,7.44,"[688, 638, 678, 685]","[8, 3, 3, 3]",17,3.0,stop_perc_graph
assembly_2,4,0.7,adaptive,1,22160,134216,44,0.03,44,197.2,1.265,0.57,1.835,1.0491,1.0126,3.6,,1.0611,1.0126,4.78,693,672.25,3.09,6.69,"[648, 693, 663, 685]","[8, 2, 4, 3]",17,3.0,
assembly_2,4,0.7,adaptive,2,22160,134216,48,0.04,4,197.2,1.797,0.192,1.988,1.0491,1.0126,3.6,0.0,1.0611,1.0126,4.78,693,672.25,3.09,6.69,"[648, 693, 663, 685]","[8, 2, 4, 3]",17,3.0,
assembly_2,4,0.7,adaptive,3,22160,134216,62,0.05,14,197.2,2.188,0.48,2.668,1.0491,1.0126,3.6,0.0,1.0611,1.0126,4.78,693,672.25,3.09,6.69,"[648, 693, 663, 685]","[8, 2, 4, 3]",17,3.0,
assembly_2,4,0.7,adaptive,4,22160,134216,62,0.05,0,197.2,2.765,0.481,3.245,1.0491,1.0126,3.6,0.0,1.0611,1.0126,4.78,693,672.25,3.09,6.69,"[648, 693, 663, 685]","[8, 2, 4, 3]",17,3.0,
assembly_2,4,0.7,adaptive,6,22160,134216,71,0.05,9,197.2,3.679,0.247,3.926,1.0491,1.0126,3.6,0.0,1.0611,1.0126,4.78,693,672.25,3.09,6.69,"[648, 693, 663, 685]","[8, 2, 4, 3]",17,3.0,
assembly_2,4,0.7,adaptive,8,22160,134216,76,0.06,5,197.2,4.564,0.286,4.85,1.0491,1.0126,3.6,0.0,1.0611,1.0126,4.78,693,672.25,3.09,6.69,"[648, 693, 663, 685]","[8, 2, 4, 3]",17,3.0,
assembly_2,4,0.7,adaptive,12,22160,134216,82,0.06,6,197.2,6.345,0.248,6.593,1.0491,1.0126,3.6,0.0,1.0611,1.0126,4.78,693,672.25,3.09,6.69,"[648, 693, 663, 685]","[8, 2, 4, 3]",17,3.0,
assembly_2,4,0.7,adaptive,16,22160,134216,92,0.07,10,197.2,8.178,0.315,8.492,1.0491,1.0126,3.6,0.0,1.0611,1.0126,4.78,693,672.25,3.09,6.69,"[648, 693, 663, 685]","[8, 2, 4, 3]",17,3.0,
assembly_2,4,0.7,adaptive,24,22160,134216,113,0.08,21,197.2,11.926,0.588,12.514,1.0491,1.0126,3.6,0.0,1.0611,1.0126,4.78,693,672.25,3.09,6.69,"[648, 693, 663, 685]","[8, 2, 4, 3]",17,3.0,
assembly_2,4,0.7,adaptive,32,22160,134216,146,0.11,33,197.2,15.731,0.473,16.203,1.0491,1.0126,3.6,0.0,1.0611,1.0126,4.78,693,672.25,3.09,6.69,"[648, 693, 663, 685]","[8, 2, 4, 3]",17,3.0,
assembly_2,4,0.7,adaptive,48,22160,134216,232,0.17,86,197.2,20.046,1.155,21.201,1.0461,1.0126,3.31,0.2808,1.0689,1.0126,5.55,688,672.25,2.34,5.21,"[688, 663, 653, 685]","[8, 4, 2, 3]",17,3.0,
assembly_2,4,0.7,adaptive,64,22160,134216,440,0.33,208,197.2,20.709,4.835,25.544,1.0461,1.0126,3.31,0.0,1.0689,1.0126,5.55,688,672.25,2.34,7.44,"[688, 638, 678, 685]","[8, 3, 3, 3]",17,3.0,
assembly_2,4,0.7,adaptive,96,22160,134216,816,0.61,376,197.2,22.366,8.087,30.453,1.0461,1.0126,3.31,-0.0,1.0689,1.0126,5.55,688,672.25,2.34,7.44,"[688, 638, 678, 685]","[8, 3, 3, 3]",17,3.0,
assembly_2,4,0.7,adaptive,128,22160,134216,1184,0.88,368,197.2,24.227,24.413,48.641,1.0461,1.0126,3.31,0.0,1.0689,1.0126,5.55,688,672.25,2.34,5.21,"[688, 663, 653, 685]","[8, 4, 2, 3]",17,3.0,
assembly_2,4,0.7,adaptive,192,22160,134216,1892,1.41,708,197.2,27.76,38.482,66.243,1.0461,1.0126,3.31,0.0,1.0689,1.0126,5.55,688,672.25,2.34,7.44,"[688, 638, 678, 685]","[8, 3, 3, 3]",17,3.0,
assembly_2,4,0.7,adaptive,256,22160,134216,2533,1.89,641,197.2,32.669,128.327,160.996,1.0461,1.0126,3.31,-0.0,1.0689,1.0126,5.55,688,672.25,2.34,7.44,"[688, 638, 678, 685]","[8, 3, 3, 3]",17,3.0,
assembly_2,4,0.7,adaptive,512,22160,134216,4884,3.64,2351,197.2,47.117,264.103,311.22,1.0461,1.0126,3.31,0.0,1.0689,1.0126,5.55,688,672.25,2.34,7.44,"[688, 638, 678, 685]","[8, 3, 3, 3]",17,3.0,stop_perc_graph
assembly_2,4,0.8,adaptive,1,22160,134216,44,0.03,44,193.542,1.168,0.161,1.33,1.0473,1.0126,3.43,,1.0611,1.0126,4.78,693,672.25,3.09,6.69,"[648, 693, 663, 685]","[8, 2, 4, 3]",17,3.0,
assembly_2,4,0.8,adaptive,2,22160,134216,48,0.04,4,193.542,1.553,0.163,1.716,1.0473,1.0126,3.43,0.0,1.0611,1.0126,4.78,693,672.25,3.09,6.69,"[648, 693, 663, 685]","[8, 2, 4, 3]",17,3.0,
assembly_2,4,0.8,adaptive,3,22160,134216,62,0.05,14,193.542,2.076,1.068,3.144,1.0473,1.0126,3.43,0.0,1.0611,1.0126,4.78,693,672.25,3.09,6.69,"[648, 693, 663, 685]","[8, 2, 4, 3]",17,3.0,
assembly_2,4,0.8,adaptive,4,22160,134216,62,0.05,0,193.542,2.698,1.047,3.745,1.0473,1.0126,3.43,0.0,1.0611,1.0126,4.78,693,672.25,3.09,6.69,"[648, 693, 663, 685]","[8, 2, 4, 3]",17,3.0,
assembly_2,4,0.8,adaptive,6,22160,134216,71,0.05,9,193.542,3.627,0.181,3.807,1.0473,1.0126,3.43,0.0,1.0611,1.0126,4.78,693,672.25,3.09,6.69,"[648, 693, 663, 685]","[8, 2, 4, 3]",17,3.0,
assembly_2,4,0.8,adaptive,8,22160,134216,76,0.06,5,193.542,4.561,0.255,4.816,1.0473,1.0126,3.43,0.0,1.0611,1.0126,4.78,693,672.25,3.09,6.69,"[648, 693, 663, 685]","[8, 2, 4, 3]",17,3.0,
assembly_2,4,0.8,adaptive,12,22160,134216,82,0.06,6,193.542,6.327,0.233,6.56,1.0473,1.0126,3.43,0.0,1.0611,1.0126,4.78,693,672.25,3.09,6.69,"[648, 693, 663, 685]","[8, 2, 4, 3]",17,3.0,
assembly_2,4,0.8,adaptive,16,22160,134216,92,0.07,10,193.542,8.118,0.356,8.474,1.0473,1.0126,3.43,0.0,1.0611,1.0126,4.78,693,672.25,3.09,6.69,"[648, 693, 663, 685]","[8, 2, 4, 3]",17,3.0,
assembly_2,4,0.8,adaptive,24,22160,134216,113,0.08,21,193.542,11.713,0.313,12.025,1.0473,1.0126,3.43,0.0,1.0611,1.0126,4.78,693,672.25,3.09,6.69,"[648, 693, 663, 685]","[8, 2, 4, 3]",17,3.0,
assembly_2,4,0.8,adaptive,32,22160,134216,146,0.11,33,193.542,15.249,0.431,15.68,1.0473,1.0126,3.43,0.0,1.0611,1.0126,4.78,693,672.25,3.09,6.69,"[648, 693, 663, 685]","[8, 2, 4, 3]",17,3.0,
assembly_2,4,0.8,adaptive,48,22160,134216,238,0.18,92,193.542,19.756,1.23,20.987,1.0429,1.0126,2.98,0.4272,1.0689,1.0126,5.55,688,672.25,2.34,7.44,"[688, 638, 678, 685]","[8, 3, 3, 3]",17,3.0,
assembly_2,4,0.8,adaptive,64,22160,134216,445,0.33,207,193.542,20.504,4.396,24.9,1.0429,1.0126,2.98,0.0,1.0689,1.0126,5.55,688,672.25,2.34,5.21,"[688, 663, 653, 685]","[8, 4, 2, 3]",17,3.0,
assembly_2,4,0.8,adaptive,96,22160,134216,813,0.61,368,193.542,22.235,10.836,33.072,1.0429,1.0126,2.98,0.0,1.0689,1.0126,5.55,688,672.25,2.34,5.21,"[688, 663, 653, 685]","[8, 4, 2, 3]",17,3.0,
assembly_2,4,0.8,adaptive,128,22160,134216,1181,0.88,368,193.542,24.035,28.89,52.925,1.0429,1.0126,2.98,-0.0,1.0689,1.0126,5.55,688,672.25,2.34,7.44,"[688, 638, 678, 685]","[8, 3, 3, 3]",17,3.0,
assembly_2,4,0.8,adaptive,192,22160,134216,1888,1.41,707,193.542,27.409,101.467,128.877,1.0429,1.0126,2.98,0.0,1.0689,1.0126,5.55,688,672.25,2.34,5.21,"[688, 663, 653, 685]","[8, 4, 2, 3]",17,3.0,
assembly_2,4,0.8,adaptive,256,22160,134216,2529,1.88,641,193.542,33.063,115.021,148.084,1.0429,1.0126,2.98,0.0,1.0689,1.0126,5.55,688,672.25,2.34,5.21,"[688, 663, 653, 685]","[8, 4, 2, 3]",17,3.0,
assembly_2,4,0.8,adaptive,512,22160,134216,4883,3.64,2354,193.542,47.318,371.339,418.657,1.0429,1.0126,2.98,0.0,1.0689,1.0126,5.55,688,672.25,2.34,5.21,"[688, 663, 653, 685]","[8, 4, 2, 3]",17,3.0,stop_perc_graph
assembly_2,4,0.9,adaptive,1,22160,134216,44,0.03,44,190.143,1.09,0.175,1.266,1.0456,1.0126,3.26,,1.0611,1.0126,4.78,693,672.25,3.09,6.69,"[648, 693, 663, 685]","[8, 2, 4, 3]",17,3.0,
assembly_2,4,0.9,adaptive,2,22160,134216,48,0.04,4,190.143,1.422,0.726,2.148,1.0456,1.0126,3.26,0.0,1.0611,1.0126,4.78,693,672.25,3.09,6.69,"[648, 693, 663, 685]","[8, 2, 4, 3]",17,3.0,
assembly_2,4,0.9,adaptive,3,22160,134216,62,0.05,14,190.143,1.955,0.272,2.227,1.0456,1.0126,3.26,0.0,1.0611,1.0126,4.78,693,672.25,3.09,6.69,"[648, 693, 663, 685]","[8, 2, 4, 3]",17,3.0,
assembly_2,4,0.9,adaptive,4,22160,134216,62,0.05,0,190.143,2.51,0.272,2.783,1.0456,1.0126,3.26,0.0,1.0611,1.0126,4.78,693,672.25,3.09,6.69,"[648, 693, 663, 685]","[8, 2, 4, 3]",17,3.0,
assembly_2,4,0.9,adaptive,6,22160,134216,71,0.05,9,190.143,3.618,0.526,4.144,1.0456,1.0126,3.26,0.0,1.0611,1.0126,4.78,693,672.25,3.09,6.69,"[648, 693, 663, 685]","[8, 2, 4, 3]",17,3.0,
assembly_2,4,0.9,adaptive,8,22160,134216,76,0.06,5,190.143,4.607,0.481,5.088,1.0456,1.0126,3.26,0.0,1.0611,1.0126,4.78,693,672.25,3.09,6.69,"[648, 693, 663, 685]","[8, 2, 4, 3]",17,3.0,
assembly_2,4,0.9,adaptive,12,22160,134216,82,0.06,6,190.143,6.477,0.388,6.865,1.0456,1.0126,3.26,0.0,1.0611,1.0126,4.78,693,672.25,3.09,6.69,"[648, 693, 663, 685]","[8, 2, 4, 3]",17,3.0,
assembly_2,4,0.9,adaptive,16,22160,134216,92,0.07,10,190.143,8.223,0.611,8.834,1.0456,1.0126,3.26,0.0,1.0611,1.0126,4.78,693,672.25,3.09,6.69,"[648, 693, 663, 685]","[8, 2, 4, 3]",17,3.0,
assembly_2,4,0.9,adaptive,24,22160,134216,113,0.08,21,190.143,11.801,0.478,12.278,1.0456,1.0126,3.26,-0.0,1.0611,1.0126,4.78,693,672.25,3.09,6.69,"[648, 693, 663, 685]","[8, 2, 4, 3]",17,3.0,
assembly_2,4,0.9,adaptive,32,22160,134216,146,0.11,33,190.143,15.496,0.471,15.967,1.0456,1.0126,3.26,0.0,1.0611,1.0126,4.78,693,672.25,3.09,6.69,"[648, 693, 663, 685]","[8, 2, 4, 3]",17,3.0,
assembly_2,4,0.9,adaptive,48,22160,134216,242,0.18,96,190.143,19.767,0.864,20.631,1.0373,1.0126,2.44,0.7923,1.1545,1.0126,14.01,680,672.25,1.15,2.38,"[664, 680, 667, 678]","[3, 3, 8, 3]",17,3.0,
assembly_2,4,0.9,adaptive,64,22160,134216,443,0.33,201,190.143,20.612,3.744,24.356,1.0373,1.0126,2.44,0.0,1.1545,1.0126,14.01,680,672.25,1.15,2.38,"[664, 680, 667, 678]","[3, 3, 8, 3]",17,3.0,
assembly_2,4,0.9,adaptive,96,22160,134216,826,0.62,383,190.143,22.359,11.896,34.255,1.0341,1.0126,2.12,0.3106,1.1494,1.0126,13.5,678,672.25,0.86,2.08,"[664, 673, 678, 674]","[3, 4, 3, 7]",17,3.0,
assembly_2,4,0.9,adaptive,128,22160,134216,1190,0.89,364,190.143,24.106,27.377,51.483,1.0341,1.0126,2.12,0.0,1.1494,1.0126,13.5,678,672.25,0.86,2.08,"[664, 673, 678, 674]","[3, 4, 3, 7]",17,3.0,
assembly_2,4,0.9,adaptive,192,22160,134216,1889,1.41,699,190.143,27.52,65.467,92.988,1.0341,1.0126,2.12,0.0,1.1494,1.0126,13.5,678,672.25,0.86,2.08,"[664, 673, 678, 674]","[3, 4, 3, 7]",17,3.0,
assembly_2,4,0.9,adaptive,256,22160,134216,2532,1.89,643,190.143,32.656,112.033,144.689,1.0341,1.0126,2.12,0.0,1.1494,1.0126,13.5,678,672.25,0.86,2.08,"[664, 673, 678, 674]","[3, 4, 3, 7]",17,3.0,
assembly_2,4,0.9,adaptive,512,22160,134216,4877,3.63,2345,190.143,46.065,511.803,557.868,1.0341,1.0126,2.12,0.0,1.1494,1.0126,13.5,678,672.25,0.86,2.08,"[664, 673, 678, 674]","[3, 4, 3, 7]",17,3.0,stop_perc_graph
assembly_2,5,0.1,adaptive,1,22160,134216,40,0.03,40,196.467,1.199,0.628,1.827,1.0242,1.0168,0.72,,1.0208,1.0126,0.81,560,537.8,4.13,16.36,"[472, 560, 556, 560, 541]","[5, 1, 4, 1, 6]",17,3.0,
assembly_2,5,0.1,adaptive,2,22160,134216,59,0.04,19,196.467,1.921,0.352,2.273,1.0242,1.0168,0.72,0.0,1.0208,1.0126,0.81,560,537.8,4.13,16.36,"[472, 560, 556, 560, 541]","[5, 1, 4, 1, 6]",17,3.0,
assembly_2,5,0.1,adaptive,3,22160,134216,64,0.05,5,196.467,2.424,0.631,3.055,1.0242,1.0168,0.72,0.0,1.0208,1.0126,0.81,560,537.8,4.13,16.36,"[472, 560, 556, 560, 541]","[5, 1, 4, 1, 6]",17,3.0,
assembly_2,5,0.1,adaptive,4,22160,134216,67,0.05,3,196.467,2.873,0.572,3.446,1.0242,1.0168,0.72,-0.0,1.0208,1.0126,0.81,560,537.8,4.13,16.36,"[472, 560, 556, 560, 541]","[5, 1, 4, 1, 6]",17,3.0,
assembly_2,5,0.1,adaptive,6,22160,134216,77,0.06,10,196.467,3.978,0.656,4.635,1.0242,1.0168,0.72,0.0,1.0208,1.0126,0.81,560,537.8,4.13,16.36,"[472, 560, 556, 560, 541]","[5, 1, 4, 1, 6]",17,3.0,
assembly_2,5,0.1,adaptive,8,22160,134216,84,0.06,7,196.467,5.064,0.796,5.86,1.0242,1.0168,0.72,0.0,1.0208,1.0126,0.81,560,537.8,4.13,16.36,"[472, 560, 556, 560, 541]","[5, 1, 4, 1, 6]",17,3.0,
assembly_2,5,0.1,adaptive,12,22160,134216,96,0.07,12,196.467,7.341,1.313,8.655,1.0242,1.0168,0.72,0.0,1.0208,1.0126,0.81,560,537.8,4.13,16.36,"[472, 560, 556, 560, 541]","[5, 1, 4, 1, 6]",17,3.0,
assembly_2,5,0.1,adaptive,16,22160,134216,122,0.09,26,196.467,9.223,1.28,10.503,1.0242,1.0168,0.72,0.0,1.0208,1.0126,0.81,560,537.8,4.13,16.36,"[472, 560, 556, 560, 541]","[5, 1, 4, 1, 6]",17,3.0,
assembly_2,5,0.1,adaptive,24,22160,134216,145,0.11,23,196.467,12.163,1.554,13.717,1.0186,1.0168,0.17,0.5495,1.0133,1.0126,0.07,566,537.8,5.24,17.48,"[472, 560, 531, 566, 560]","[5, 1, 3, 7, 1]",17,3.0,
assembly_2,5,0.1,adaptive,32,22160,134216,163,0.12,18,196.467,15.59,0.714,16.304,1.0186,1.0168,0.17,0.0,1.0133,1.0126,0.07,566,537.8,5.24,17.48,"[472, 560, 531, 566, 560]","[5, 1, 3, 7, 1]",17,3.0,
assembly_2,5,0.1,adaptive,48,22160,134216,356,0.27,193,196.467,16.186,2.683,18.869,1.0186,1.0168,0.17,0.0,1.0133,1.0126,0.07,566,537.8,5.24,17.48,"[472, 560, 531, 566, 560]","[5, 1, 3, 7, 1]",17,3.0,
assembly_2,5,0.1,adaptive,64,22160,134216,550,0.41,194,196.467,16.846,2.147,18.993,1.0186,1.0168,0.17,0.0,1.0133,1.0126,0.07,566,537.8,5.24,17.48,"[472, 560, 531, 566, 560]","[5, 1, 3, 7, 1]",17,3.0,
assembly_2,5,0.1,adaptive,96,22160,134216,922,0.69,372,196.467,18.587,5.141,23.728,1.0186,1.0168,0.17,0.0,1.0133,1.0126,0.07,566,537.8,5.24,17.48,"[472, 560, 531, 566, 560]","[5, 1, 3, 7, 1]",17,3.0,
assembly_2,5,0.1,adaptive,128,22160,134216,1285,0.96,363,196.467,20.704,5.726,26.43,1.0186,1.0168,0.17,0.0,1.0133,1.0126,0.07,566,537.8,5.24,17.48,"[472, 560, 531, 566, 560]","[5, 1, 3, 7, 1]",17,3.0,
assembly_2,5,0.1,adaptive,192,22160,134216,1974,1.47,689,196.467,24.441,9.455,33.896,1.0186,1.0168,0.17,0.0,1.0133,1.0126,0.07,566,537.8,5.24,17.48,"[472, 560, 531, 566, 560]","[5, 1, 3, 7, 1]",17,3.0,
assembly_2,5,0.1,adaptive,256,22160,134216,2620,1.95,646,196.467,28.648,7.891,36.539,1.0186,1.0168,0.17,-0.0,1.0133,1.0126,0.07,566,537.8,5.24,17.48,"[472, 560, 531, 566, 560]","[5, 1, 3, 7, 1]",17,3.0,
assembly_2,5,0.1,adaptive,512,22160,134216,4982,3.71,2362,196.467,45.243,78.892,124.135,1.0186,1.0168,0.17,0.0,1.0133,1.0126,0.07,566,537.8,5.24,17.48,"[472, 560, 531, 566, 560]","[5, 1, 3, 7, 1]",17,3.0,stop_perc_graph
assembly_2,5,0.2,adaptive,1,22160,134216,40,0.03,40,196.094,1.217,0.331,1.548,1.0275,1.021,0.64,,1.0208,1.0126,0.81,560,537.8,4.13,16.36,"[472, 560, 556, 560, 541]","[5, 1, 4, 1, 6]",17,3.0,
assembly_2,5,0.2,adaptive,2,22160,134216,59,0.04,19,196.094,1.831,1.248,3.079,1.0275,1.021,0.64,-0.0,1.0208,1.0126,0.81,560,537.8,4.13,16.36,"[472, 560, 556, 560, 541]","[5, 1, 4, 1, 6]",17,3.0,
assembly_2,5,0.2,adaptive,3,22160,134216,64,0.05,5,196.094,2.392,0.403,2.795,1.0275,1.021,0.64,0.0,1.0208,1.0126,0.81,560,537.8,4.13,16.36,"[472, 560, 556, 560, 541]","[5, 1, 4, 1, 6]",17,3.0,
assembly_2,5,0.2,adaptive,4,22160,134216,67,0.05,3,196.094,2.806,0.664,3.47,1.0275,1.021,0.64,0.0,1.0208,1.0126,0.81,560,537.8,4.13,16.36,"[472, 560, 556, 560, 541]","[5, 1, 4, 1, 6]",17,3.0,
assembly_2,5,0.2,adaptive,6,22160,134216,77,0.06,10,196.094,3.894,1.042,4.937,1.0275,1.021,0.64,0.0,1.0208,1.0126,0.81,560,537.8,4.13,16.36,"[472, 560, 556, 560, 541]","[5, 1, 4, 1, 6]",17,3.0,
assembly_2,5,0.2,adaptive,8,22160,134216,84,0.06,7,196.094,4.881,1.085,5.967,1.0275,1.021,0.64,0.0,1.0208,1.0126,0.81,560,537.8,4.13,16.36,"[472, 560, 556, 560, 541]","[5, 1, 4, 1, 6]",17,3.0,
assembly_2,5,0.2,adaptive,12,22160,134216,96,0.07,12,196.094,7.268,1.036,8.303,1.0275,1.021,0.64,-0.0,1.0208,1.0126,0.81,560,537.8,4.13,16.36,"[472, 560, 556, 560, 541]","[5, 1, 4, 1, 6]",17,3.0,
assembly_2,5,0.2,adaptive,16,22160,134216,122,0.09,26,196.094,8.974,1.246,10.221,1.0275,1.021,0.64,0.0,1.0208,1.0126,0.81,560,537.8,4.13,16.36,"[472, 560, 556, 560, 541]","[5, 1, 4, 1, 6]",17,3.0,
assembly_2,5,0.2,adaptive,24,22160,134216,145,0.11,23,196.094,12.119,1.314,13.434,1.0238,1.021,0.27,0.3647,1.0133,1.0126,0.07,566,537.8,5.24,17.48,"[472, 560, 531, 566, 560]","[5, 1, 3, 7, 1]",17,3.0,
assembly_2,5,0.2,adaptive,32,22160,134216,163,0.12,18,196.094,15.128,0.821,15.948,1.0238,1.021,0.27,-0.0,1.0133,1.0126,0.07,566,537.8,5.24,17.48,"[472, 560, 531, 566, 560]","[5, 1, 3, 7, 1]",17,3.0,
assembly_2,5,0.2,adaptive,48,22160,134216,350,0.26,187,196.094,15.726,2.411,18.137,1.0238,1.021,0.27,0.0,1.0133,1.0126,0.07,566,537.8,5.24,17.48,"[472, 560, 531, 566, 560]","[5, 1, 3, 7, 1]",17,3.0,
assembly_2,5,0.2,adaptive,64,22160,134216,547,0.41,197,196.094,16.523,5.841,22.364,1.0238,1.021,0.27,0.0,1.0133,1.0126,0.07,566,537.8,5.24,17.48,"[472, 560, 531, 566, 560]","[5, 1, 3, 7, 1]",17,3.0,
assembly_2,5,0.2,adaptive,96,22160,134216,918,0.68,371,196.094,18.416,5.016,23.432,1.0238,1.021,0.27,0.0,1.0133,1.0126,0.07,566,537.8,5.24,17.48,"[472, 560, 531, 566, 560]","[5, 1, 3, 7, 1]",17,3.0,
assembly_2,5,0.2,adaptive,128,22160,134216,1284,0.96,366,196.094,20.256,6.817,27.073,1.0238,1.021,0.27,0.0,1.0133,1.0126,0.07,566,537.8,5.24,17.48,"[472, 560, 531, 566, 560]","[5, 1, 3, 7, 1]",17,3.0,
assembly_2,5,0.2,adaptive,192,22160,134216,1972,1.47,688,196.094,24.329,13.127,37.457,1.0238,1.021,0.27,0.0,1.0133,1.0126,0.07,566,537.8,5.24,17.48,"[472, 560, 531, 566, 560]","[5, 1, 3, 7, 1]",17,3.0,
assembly_2,5,0.2,adaptive,256,22160,134216,2618,1.95,646,196.094,28.897,22.628,51.526,1.0238,1.021,0.27,0.0,1.0133,1.0126,0.07,566,537.8,5.24,17.48,"[472, 560, 531, 566, 560]","[5, 1, 3, 7, 1]",17,3.0,
assembly_2,5,0.2,adaptive,512,22160,134216,4978,3.71,2360,196.094,48.027,105.991,154.018,1.0238,1.021,0.27,0.0,1.0133,1.0126,0.07,566,537.8,5.24,17.48,"[472, 560, 531, 566, 560]","[5, 1, 3, 7, 1]",17,3.0,stop_perc_graph
assembly_2,5,0.3,adaptive,1,22160,134216,40,0.03,40,199.201,1.349,0.66,2.009,1.0309,1.0252,0.56,,1.0208,1.0126,0.81,560,537.8,4.13,16.36,"[472, 560, 556, 560, 541]","[5, 1, 4, 1, 6]",17,3.0,
assembly_2,5,0.3,adaptive,2,22160,134216,59,0.04,19,199.201,1.953,0.564,2.516,1.0309,1.0252,0.56,0.0,1.0208,1.0126,0.81,560,537.8,4.13,16.36,"[472, 560, 556, 560, 541]","[5, 1, 4, 1, 6]",17,3.0,
assembly_2,5,0.3,adaptive,3,22160,134216,64,0.05,5,199.201,2.383,0.641,3.025,1.0309,1.0252,0.56,0.0,1.0208,1.0126,0.81,560,537.8,4.13,16.36,"[472, 560, 556, 560, 541]","[5, 1, 4, 1, 6]",17,3.0,
assembly_2,5,0.3,adaptive,4,22160,134216,67,0.05,3,199.201,2.777,0.571,3.347,1.0309,1.0252,0.56,0.0,1.0208,1.0126,0.81,560,537.8,4.13,16.36,"[472, 560, 556, 560, 541]","[5, 1, 4, 1, 6]",17,3.0,
assembly_2,5,0.3,adaptive,6,22160,134216,77,0.06,10,199.201,3.849,1.077,4.927,1.0309,1.0252,0.56,0.0,1.0208,1.0126,0.81,560,537.8,4.13,16.36,"[472, 560, 556, 560, 541]","[5, 1, 4, 1, 6]",17,3.0,
assembly_2,5,0.3,adaptive,8,22160,134216,84,0.06,7,199.201,4.888,0.752,5.64,1.0309,1.0252,0.56,0.0,1.0208,1.0126,0.81,560,537.8,4.13,16.36,"[472, 560, 556, 560, 541]","[5, 1, 4, 1, 6]",17,3.0,
assembly_2,5,0.3,adaptive,12,22160,134216,96,0.07,12,199.201,7.181,1.358,8.539,1.0309,1.0252,0.56,0.0,1.0208,1.0126,0.81,560,537.8,4.13,16.36,"[472, 560, 556, 560, 541]","[5, 1, 4, 1, 6]",17,3.0,
assembly_2,5,0.3,adaptive,16,22160,134216,122,0.09,26,199.201,8.845,0.707,9.551,1.0309,1.0252,0.56,0.0,1.0208,1.0126,0.81,560,537.8,4.13,16.36,"[472, 560, 556, 560, 541]","[5, 1, 4, 1, 6]",17,3.0,
assembly_2,5,0.3,adaptive,24,22160,134216,145,0.11,23,199.201,11.826,1.436,13.262,1.029,1.0252,0.38,0.1811,1.0133,1.0126,0.07,566,537.8,5.24,17.48,"[472, 560, 531, 566, 560]","[5, 1, 3, 7, 1]",17,3.0,
assembly_2,5,0.3,adaptive,32,22160,134216,163,0.12,18,199.201,15.168,0.629,15.798,1.029,1.0252,0.38,0.0,1.0133,1.0126,0.07,566,537.8,5.24,17.48,"[472, 560, 531, 566, 560]","[5, 1, 3, 7, 1]",17,3.0,
assembly_2,5,0.3,adaptive,48,22160,134216,350,0.26,187,199.201,15.612,2.422,18.034,1.029,1.0252,0.38,0.0,1.0133,1.0126,0.07,566,537.8,5.24,17.48,"[472, 560, 531, 566, 560]","[5, 1, 3, 7, 1]",17,3.0,
assembly_2,5,0.3,adaptive,64,22160,134216,547,0.41,197,199.201,16.507,4.184,20.69,1.029,1.0252,0.38,0.0,1.0133,1.0126,0.07,566,537.8,5.24,17.48,"[472, 560, 531, 566, 560]","[5, 1, 3, 7, 1]",17,3.0,
assembly_2,5,0.3,adaptive,96,22160,134216,918,0.68,371,199.201,18.465,9.758,28.223,1.029,1.0252,0.38,0.0,1.0133,1.0126,0.07,566,537.8,5.24,17.48,"[472, 560, 531, 566, 560]","[5, 1, 3, 7, 1]",17,3.0,
assembly_2,5,0.3,adaptive,128,22160,134216,1286,0.96,368,199.201,20.632,12.416,33.048,1.029,1.0252,0.38,0.0,1.0133,1.0126,0.07,566,537.8,5.24,17.48,"[472, 560, 531, 566, 560]","[5, 1, 3, 7, 1]",17,3.0,
assembly_2,5,0.3,adaptive,192,22160,134216,1972,1.47,686,199.201,25.36,17.22,42.58,1.029,1.0252,0.38,0.0,1.0133,1.0126,0.07,566,537.8,5.24,17.48,"[472, 560, 531, 566, 560]","[5, 1, 3, 7, 1]",17,3.0,
assembly_2,5,0.3,adaptive,256,22160,134216,2619,1.95,647,199.201,28.497,51.586,80.083,1.029,1.0252,0.38,0.0,1.0133,1.0126,0.07,566,537.8,5.24,17.48,"[472, 560, 531, 566, 560]","[5, 1, 3, 7, 1]",17,3.0,
assembly_2,5,0.3,adaptive,512,22160,134216,4973,3.71,2354,199.201,47.378,124.33,171.708,1.029,1.0252,0.38,-0.0,1.0133,1.0126,0.07,566,537.8,5.24,17.48,"[472, 560, 531, 566, 560]","[5, 1, 3, 7, 1]",17,3.0,stop_perc_graph
assembly_2,5,0.4,adaptive,1,22160,134216,40,0.03,40,201.58,1.372,0.867,2.24,1.0343,1.0294,0.48,,1.0208,1.0126,0.81,560,537.8,4.13,16.36,"[472, 560, 556, 560, 541]","[5, 1, 4, 1, 6]",17,3.0,
assembly_2,5,0.4,adaptive,2,22160,134216,59,0.04,19,201.58,1.979,0.364,2.343,1.0343,1.0294,0.48,0.0,1.0208,1.0126,0.81,560,537.8,4.13,16.36,"[472, 560, 556, 560, 541]","[5, 1, 4, 1, 6]",17,3.0,
assembly_2,5,0.4,adaptive,3,22160,134216,64,0.05,5,201.58,2.384,0.643,3.027,1.0343,1.0294,0.48,0.0,1.0208,1.0126,0.81,560,537.8,4.13,16.36,"[472, 560, 556, 560, 541]","[5, 1, 4, 1, 6]",17,3.0,
assembly_2,5,0.4,adaptive,4,22160,134216,67,0.05,3,201.58,2.789,0.339,3.129,1.0343,1.0294,0.48,0.0,1.0208,1.0126,0.81,560,537.8,4.13,16.36,"[472, 560, 556, 560, 541]","[5, 1, 4, 1, 6]",17,3.0,
assembly_2,5,0.4,adaptive,6,22160,134216,77,0.06,10,201.58,3.879,0.864,4.743,1.0343,1.0294,0.48,-0.0,1.0208,1.0126,0.81,560,537.8,4.13,16.36,"[472, 560, 556, 560, 541]","[5, 1, 4, 1, 6]",17,3.0,
assembly_2,5,0.4,adaptive,8,22160,134216,84,0.06,7,201.58,4.975,0.371,5.346,1.0343,1.0294,0.48,0.0,1.0208,1.0126,0.81,560,537.8,4.13,16.36,"[472, 560, 556, 560, 541]","[5, 1, 4, 1, 6]",17,3.0,
assembly_2,5,0.4,adaptive,12,22160,134216,96,0.07,12,201.58,7.252,0.717,7.968,1.0343,1.0294,0.48,0.0,1.0208,1.0126,0.81,560,537.8,4.13,16.36,"[472, 560, 556, 560, 541]","[5, 1, 4, 1, 6]",17,3.0,
assembly_2,5,0.4,adaptive,16,22160,134216,122,0.09,26,201.58,8.972,0.879,9.851,1.0343,1.0294,0.48,0.0,1.0208,1.0126,0.81,560,537.8,4.13,16.36,"[472, 560, 556, 560, 541]","[5, 1, 4, 1, 6]",17,3.0,
assembly_2,5,0.4,adaptive,24,22160,134216,145,0.11,23,201.58,11.958,0.71,12.667,1.0343,1.0294,0.48,0.0,1.0208,1.0126,0.81,560,537.8,4.13,16.36,"[472, 560, 556, 560, 541]","[5, 1, 4, 1, 6]",17,3.0,
assembly_2,5,0.4,adaptive,32,22160,134216,163,0.12,18,201.58,15.38,0.669,16.049,1.0343,1.0294,0.48,0.0,1.0208,1.0126,0.81,560,537.8,4.13,16.36,"[472, 560, 556, 560, 541]","[5, 1, 4, 1, 6]",17,3.0,
assembly_2,5,0.4,adaptive,48,22160,134216,357,0.27,194,201.58,15.671,2.353,18.024,1.0343,1.0294,0.48,0.0,1.0208,1.0126,0.81,560,537.8,4.13,16.36,"[472, 560, 556, 560, 541]","[5, 1, 4, 1, 6]",17,3.0,
assembly_2,5,0.4,adaptive,64,22160,134216,551,0.41,194,201.58,16.563,3.745,20.308,1.0343,1.0294,0.48,0.0,1.0208,1.0126,0.81,560,537.8,4.13,16.36,"[472, 560, 556, 560, 541]","[5, 1, 4, 1, 6]",17,3.0,
assembly_2,5,0.4,adaptive,96,22160,134216,924,0.69,373,201.58,18.678,8.375,27.053,1.0343,1.0294,0.48,0.0,1.0208,1.0126,0.81,560,537.8,4.13,16.36,"[472, 560, 556, 560, 541]","[5, 1, 4, 1, 6]",17,3.0,
assembly_2,5,0.4,adaptive,128,22160,134216,1291,0.96,367,201.58,20.846,8.009,28.855,1.0343,1.0294,0.48,0.0,1.0208,1.0126,0.81,560,537.8,4.13,16.36,"[472, 560, 556, 560, 541]","[5, 1, 4, 1, 6]",17,3.0,
assembly_2,5,0.4,adaptive,192,22160,134216,1975,1.47,684,201.58,15.155,22.044,37.199,1.0343,1.0294,0.48,0.0,1.0208,1.0126,0.81,560,537.8,4.13,16.36,"[472, 560, 556, 560, 541]","[5, 1, 4, 1, 6]",17,3.0,
assembly_2,5,0.4,adaptive,256,22160,134216,2619,1.95,644,201.58,12.531,45.664,58.195,1.0343,1.0294,0.48,0.0,1.0208,1.0126,0.81,560,537.8,4.13,16.36,"[472, 560, 556, 560, 541]","[5, 1, 4, 1, 6]",17,3.0,
assembly_2,5,0.4,adaptive,512,22160,134216,4974,3.71,2355,201.58,19.309,139.427,158.736,1.0343,1.0294,0.48,0.0,1.0208,1.0126,0.81,560,537.8,4.13,16.36,"[472, 560, 556, 560, 541]","[5, 1, 4, 1, 6]",17,3.0,stop_perc_graph
assembly_2,5,0.5,adaptive,1,22160,134216,40,0.03,40,183.528,0.781,0.185,0.966,1.0376,1.0335,0.4,,1.0208,1.0126,0.81,560,537.8,4.13,16.36,"[472, 560, 556, 560, 541]","[5, 1, 4, 1, 6]",17,3.0,
assembly_2,5,0.5,adaptive,2,22160,134216,59,0.04,19,183.528,1.044,0.186,1.231,1.0376,1.0335,0.4,0.0,1.0208,1.0126,0.81,560,537.8,4.13,16.36,"[472, 560, 556, 560, 541]","[5, 1, 4, 1, 6]",17,3.0,
assembly_2,5,0.5,adaptive,3,22160,134216,64,0.05,5,183.528,1.231,0.626,1.857,1.0376,1.0335,0.4,0.0,1.0208,1.0126,0.81,560,537.8,4.13,16.36,"[472, 560, 556, 560, 541]","[5, 1, 4, 1, 6]",17,3.0,
assembly_2,5,0.5,adaptive,4,22160,134216,67,0.05,3,183.528,1.427,0.738,2.164,1.0376,1.0335,0.4,-0.0,1.0208,1.0126,0.81,560,537.8,4.13,16.36,"[472, 560, 556, 560, 541]","[5, 1, 4, 1, 6]",17,3.0,
assembly_2,5,0.5,adaptive,6,22160,134216,77,0.06,10,183.528,1.912,0.341,2.253,1.0376,1.0335,0.4,0.0,1.0208,1.0126,0.81,560,537.8,4.13,16.36,"[472, 560, 556, 560, 541]","[5, 1, 4, 1, 6]",17,3.0,
assembly_2,5,0.5,adaptive,8,22160,134216,84,0.06,7,183.528,2.367,0.362,2.729,1.0376,1.0335,0.4,0.0,1.0208,1.0126,0.81,560,537.8,4.13,16.36,"[472, 560, 556, 560, 541]","[5, 1, 4, 1, 6]",17,3.0,
assembly_2,5,0.5,adaptive,12,22160,134216,96,0.07,12,183.528,3.369,0.767,4.136,1.0376,1.0335,0.4,0.0,1.0208,1.0126,0.81,560,537.8,4.13,16.36,"[472, 560, 556, 560, 541]","[5, 1, 4, 1, 6]",17,3.0,
assembly_2,5,0.5,adaptive,16,22160,134216,122,0.09,26,183.528,7.364,0.747,8.111,1.0376,1.0335,0.4,0.0,1.0208,1.0126,0.81,560,537.8,4.13,16.36,"[472, 560, 556, 560, 541]","[5, 1, 4, 1, 6]",17,3.0,
assembly_2,5,0.5,adaptive,24,22160,134216,145,0.11,23,183.528,12.167,0.827,12.994,1.0376,1.0335,0.4,0.0,1.0208,1.0126,0.81,560,537.8,4.13,16.36,"[472, 560, 556, 560, 541]","[5, 1, 4, 1, 6]",17,3.0,
assembly_2,5,0.5,adaptive,32,22160,134216,163,0.12,18,183.528,15.314,0.801,16.115,1.0376,1.0335,0.4,-0.0,1.0208,1.0126,0.81,560,537.8,4.13,16.36,"[472, 560, 556, 560, 541]","[5, 1, 4, 1, 6]",17,3.0,
assembly_2,5,0.5,adaptive,48,22160,134216,355,0.26,192,183.528,15.798,2.464,18.262,1.0365,1.0335,0.29,0.1097,1.0185,1.0126,0.58,560,537.8,4.13,16.36,"[472, 560, 556, 541, 560]","[5, 1, 4, 6, 1]",17,3.0,
assembly_2,5,0.5,adaptive,64,22160,134216,547,0.41,192,183.528,16.68,4.16,20.84,1.0365,1.0335,0.29,0.0,1.0185,1.0126,0.58,560,537.8,4.13,16.36,"[472, 560, 556, 541, 560]","[5, 1, 4, 6, 1]",17,3.0,
assembly_2,5,0.5,adaptive,96,22160,134216,919,0.68,372,183.528,18.464,5.089,23.553,1.0365,1.0335,0.29,0.0,1.0185,1.0126,0.58,560,537.8,4.13,16.36,"[472, 560, 556, 541, 560]","[5, 1, 4, 6, 1]",17,3.0,
assembly_2,5,0.5,adaptive,128,22160,134216,1289,0.96,370,183.528,20.705,16.791,37.496,1.0365,1.0335,0.29,-0.0,1.0185,1.0126,0.58,560,537.8,4.13,16.36,"[472, 560, 556, 541, 560]","[5, 1, 4, 6, 1]",17,3.0,
assembly_2,5,0.5,adaptive,192,22160,134216,1968,1.47,679,183.528,24.94,11.717,36.658,1.0365,1.0335,0.29,0.0,1.0185,1.0126,0.58,560,537.8,4.13,16.36,"[472, 560, 556, 541, 560]","[5, 1, 4, 6, 1]",17,3.0,
assembly_2,5,0.5,adaptive,256,22160,134216,2612,1.95,644,183.528,29.961,14.289,44.25,1.0365,1.0335,0.29,0.0,1.0185,1.0126,0.58,560,537.8,4.13,16.36,"[472, 560, 556, 541, 560]","[5, 1, 4, 6, 1]",17,3.0,
assembly_2,5,0.5,adaptive,512,22160,134216,4959,3.69,2347,183.528,47.119,121.889,169.008,1.0365,1.0335,0.29,0.0,1.0185,1.0126,0.58,560,537.8,4.13,16.36,"[472, 560, 556, 541, 560]","[5, 1, 4, 6, 1]",17,3.0,stop_perc_graph
assembly_2,5,0.6,adaptive,1,22160,134216,40,0.03,40,195.3,1.1,0.25,1.35,1.041,1.0377,0.31,,1.0208,1.0126,0.81,560,537.8,4.13,16.36,"[472, 560, 556, 560, 541]","[5, 1, 4, 1, 6]",17,3.0,
assembly_2,5,0.6,adaptive,2,22160,134216,59,0.04,19,195.3,1.709,0.256,1.965,1.041,1.0377,0.31,0.0,1.0208,1.0126,0.81,560,537.8,4.13,16.36,"[472, 560, 556, 560, 541]","[5, 1, 4, 1, 6]",17,3.0,
assembly_2,5,0.6,adaptive,3,22160,134216,64,0.05,5,195.3,2.318,0.798,3.116,1.041,1.0377,0.31,0.0,1.0208,1.0126,0.81,560,537.8,4.13,16.36,"[472, 560, 556, 560, 541]","[5, 1, 4, 1, 6]",17,3.0,
assembly_2,5,0.6,adaptive,4,22160,134216,67,0.05,3,195.3,2.776,0.257,3.033,1.041,1.0377,0.31,0.0,1.0208,1.0126,0.81,560,537.8,4.13,16.36,"[472, 560, 556, 560, 541]","[5, 1, 4, 1, 6]",17,3.0,
assembly_2,5,0.6,adaptive,6,22160,134216,77,0.06,10,195.3,3.882,0.607,4.489,1.041,1.0377,0.31,0.0,1.0208,1.0126,0.81,560,537.8,4.13,16.36,"[472, 560, 556, 560, 541]","[5, 1, 4, 1, 6]",17,3.0,
assembly_2,5,0.6,adaptive,8,22160,134216,84,0.06,7,195.3,4.93,0.35,5.28,1.041,1.0377,0.31,0.0,1.0208,1.0126,0.81,560,537.8,4.13,16.36,"[472, 560, 556, 560, 541]","[5, 1, 4, 1, 6]",17,3.0,
assembly_2,5,0.6,adaptive,12,22160,134216,96,0.07,12,195.3,7.174,0.472,7.645,1.041,1.0377,0.31,0.0,1.0208,1.0126,0.81,560,537.8,4.13,16.36,"[472, 560, 556, 560, 541]","[5, 1, 4, 1, 6]",17,3.0,
assembly_2,5,0.6,adaptive,16,22160,134216,122,0.09,26,195.3,8.918,0.641,9.56,1.041,1.0377,0.31,0.0,1.0208,1.0126,0.81,560,537.8,4.13,16.36,"[472, 560, 556, 560, 541]","[5, 1, 4, 1, 6]",17,3.0,
assembly_2,5,0.6,adaptive,24,22160,134216,145,0.11,23,195.3,12.023,0.771,12.795,1.041,1.0377,0.31,0.0,1.0208,1.0126,0.81,560,537.8,4.13,16.36,"[472, 560, 556, 560, 541]","[5, 1, 4, 1, 6]",17,3.0,
assembly_2,5,0.6,adaptive,32,22160,134216,168,0.13,23,195.3,15.132,0.864,15.997,1.041,1.0377,0.31,0.0,1.0208,1.0126,0.81,560,537.8,4.13,16.36,"[472, 560, 556, 560, 541]","[5, 1, 4, 1, 6]",17,3.0,
assembly_2,5,0.6,adaptive,48,22160,134216,359,0.27,191,195.3,15.726,2.356,18.082,1.041,1.0377,0.31,0.0,1.0208,1.0126,0.81,560,537.8,4.13,16.36,"[472, 560, 556, 560, 541]","[5, 1, 4, 1, 6]",17,3.0,
assembly_2,5,0.6,adaptive,64,22160,134216,552,0.41,193,195.3,16.584,2.155,18.74,1.041,1.0377,0.31,0.0,1.0208,1.0126,0.81,560,537.8,4.13,16.36,"[472, 560, 556, 560, 541]","[5, 1, 4, 1, 6]",17,3.0,
assembly_2,5,0.6,adaptive,96,22160,134216,922,0.69,370,195.3,18.537,7.613,26.151,1.041,1.0377,0.31,0.0,1.0208,1.0126,0.81,560,537.8,4.13,16.36,"[472, 560, 556, 560, 541]","[5, 1, 4, 1, 6]",17,3.0,
assembly_2,5,0.6,adaptive,128,22160,134216,1288,0.96,366,195.3,20.59,8.865,29.456,1.041,1.0377,0.31,0.0,1.0208,1.0126,0.81,560,537.8,4.13,16.36,"[472, 560, 556, 560, 541]","[5, 1, 4, 1, 6]",17,3.0,
assembly_2,5,0.6,adaptive,192,22160,134216,1973,1.47,685,195.3,24.786,23.933,48.719,1.041,1.0377,0.31,0.0,1.0208,1.0126,0.81,560,537.8,4.13,16.36,"[472, 560, 556, 560, 541]","[5, 1, 4, 1, 6]",17,3.0,
assembly_2,5,0.6,adaptive,256,22160,134216,2611,1.95,638,195.3,28.781,53.914,82.694,1.041,1.0377,0.31,0.0,1.0208,1.0126,0.81,560,537.8,4.13,16.36,"[472, 560, 556, 560, 541]","[5, 1, 4, 1, 6]",17,3.0,
assembly_2,5,0.6,adaptive,512,22160,134216,4955,3.69,2344,195.3,48.342,143.526,191.868,1.041,1.0377,0.31,0.0,1.0208,1.0126,0.81,560,537.8,4.13,16.36,"[472, 560, 556, 560, 541]","[5, 1, 4, 1, 6]",17,3.0,stop_perc_graph
assembly_2,5,0.7,adaptive,1,22160,134216,40,0.03,40,199.095,1.335,0.418,1.754,1.0444,1.0419,0.24,,1.0208,1.0126,0.81,560,537.8,4.13,16.36,"[472, 560, 556, 560, 541]","[5, 1, 4, 1, 6]",17,3.0,
assembly_2,5,0.7,adaptive,2,22160,134216,59,0.04,19,199.095,1.061,0.533,1.594,1.0444,1.0419,0.24,0.0,1.0208,1.0126,0.81,560,537.8,4.13,16.36,"[472, 560, 556, 560, 541]","[5, 1, 4, 1, 6]",17,3.0,
assembly_2,5,0.7,adaptive,3,22160,134216,64,0.05,5,199.095,1.213,0.3,1.513,1.0444,1.0419,0.24,0.0,1.0208,1.0126,0.81,560,537.8,4.13,16.36,"[472, 560, 556, 560, 541]","[5, 1, 4, 1, 6]",17,3.0,
assembly_2,5,0.7,adaptive,4,22160,134216,67,0.05,3,199.095,1.409,0.472,1.881,1.0444,1.0419,0.24,-0.0,1.0208,1.0126,0.81,560,537.8,4.13,16.36,"[472, 560, 556, 560, 541]","[5, 1, 4, 1, 6]",17,3.0,
assembly_2,5,0.7,adaptive,6,22160,134216,77,0.06,10,199.095,1.876,0.35,2.226,1.0444,1.0419,0.24,0.0,1.0208,1.0126,0.81,560,537.8,4.13,16.36,"[472, 560, 556, 560, 541]","[5, 1, 4, 1, 6]",17,3.0,
assembly_2,5,0.7,adaptive,8,22160,134216,84,0.06,7,199.095,2.314,0.939,3.253,1.0444,1.0419,0.24,0.0,1.0208,1.0126,0.81,560,537.8,4.13,16.36,"[472, 560, 556, 560, 541]","[5, 1, 4, 1, 6]",17,3.0,
assembly_2,5,0.7,adaptive,12,22160,134216,96,0.07,12,199.095,3.299,0.4,3.699,1.0444,1.0419,0.24,0.0,1.0208,1.0126,0.81,560,537.8,4.13,16.36,"[472, 560, 556, 560, 541]","[5, 1, 4, 1, 6]",17,3.0,
assembly_2,5,0.7,adaptive,16,22160,134216,122,0.09,26,199.095,4.081,0.366,4.446,1.0444,1.0419,0.24,-0.0,1.0208,1.0126,0.81,560,537.8,4.13,16.36,"[472, 560, 556, 560, 541]","[5, 1, 4, 1, 6]",17,3.0,
assembly_2,5,0.7,adaptive,24,22160,134216,145,0.11,23,199.095,5.458,0.681,6.139,1.0444,1.0419,0.24,0.0,1.0208,1.0126,0.81,560,537.8,4.13,16.36,"[472, 560, 556, 560, 541]","[5, 1, 4, 1, 6]",17,3.0,
assembly_2,5,0.7,adaptive,32,22160,134216,169,0.13,24,199.095,6.988,1.104,8.091,1.0444,1.0419,0.24,0.0,1.0208,1.0126,0.81,560,537.8,4.13,16.36,"[472, 560, 556, 560, 541]","[5, 1, 4, 1, 6]",17,3.0,
assembly_2,5,0.7,adaptive,48,22160,134216,373,0.28,204,199.095,7.211,1.772,8.983,1.0444,1.0419,0.24,-0.0,1.0208,1.0126,0.81,560,537.8,4.13,16.36,"[472, 560, 556, 560, 541]","[5, 1, 4, 1, 6]",17,3.0,
assembly_2,5,0.7,adaptive,64,22160,134216,557,0.42,184,199.095,7.601,4.391,11.993,1.0444,1.0419,0.24,0.0,1.0208,1.0126,0.81,560,537.8,4.13,16.36,"[472, 560, 556, 560, 541]","[5, 1, 4, 1, 6]",17,3.0,
assembly_2,5,0.7,adaptive,96,22160,134216,928,0.69,371,199.095,8.407,6.212,14.619,1.0444,1.0419,0.24,0.0,1.0208,1.0126,0.81,560,537.8,4.13,16.36,"[472, 560, 556, 560, 541]","[5, 1, 4, 1, 6]",17,3.0,
assembly_2,5,0.7,adaptive,128,22160,134216,1291,0.96,363,199.095,9.237,9.405,18.642,1.0444,1.0419,0.24,0.0,1.0208,1.0126,0.81,560,537.8,4.13,16.36,"[472, 560, 556, 560, 541]","[5, 1, 4, 1, 6]",17,3.0,
assembly_2,5,0.7,adaptive,192,22160,134216,1984,1.48,693,199.095,10.844,32.09,42.934,1.0444,1.0419,0.24,-0.0,1.0208,1.0126,0.81,560,537.8,4.13,16.36,"[472, 560, 556, 560, 541]","[5, 1, 4, 1, 6]",17,3.0,
assembly_2,5,0.7,adaptive,256,22160,134216,2626,1.96,642,199.095,12.525,49.698,62.223,1.0444,1.0419,0.24,0.0,1.0208,1.0126,0.81,560,537.8,4.13,16.36,"[472, 560, 556, 560, 541]","[5, 1, 4, 1, 6]",17,3.0,
assembly_2,5,0.7,adaptive,512,22160,134216,4967,3.7,2341,199.095,45.788,168.016,213.804,1.0444,1.0419,0.24,0.0,1.0208,1.0126,0.81,560,537.8,4.13,16.36,"[472, 560, 556, 560, 541]","[5, 1, 4, 1, 6]",17,3.0,stop_perc_graph
assembly_2,5,0.8,adaptive,1,22160,134216,40,0.03,40,197.809,1.252,0.244,1.496,1.0477,1.0461,0.16,,1.0208,1.0126,0.81,560,537.8,4.13,16.36,"[472, 560, 556, 560, 541]","[5, 1, 4, 1, 6]",17,3.0,
assembly_2,5,0.8,adaptive,2,22160,134216,59,0.04,19,197.809,1.892,0.384,2.277,1.0477,1.0461,0.16,0.0,1.0208,1.0126,0.81,560,537.8,4.13,16.36,"[472, 560, 556, 560, 541]","[5, 1, 4, 1, 6]",17,3.0,
assembly_2,5,0.8,adaptive,3,22160,134216,64,0.05,5,197.809,2.358,0.246,2.604,1.0477,1.0461,0.16,-0.0,1.0208,1.0126,0.81,560,537.8,4.13,16.36,"[472, 560, 556, 560, 541]","[5, 1, 4, 1, 6]",17,3.0,
assembly_2,5,0.8,adaptive,4,22160,134216,67,0.05,3,197.809,2.798,0.289,3.087,1.0477,1.0461,0.16,0.0,1.0208,1.0126,0.81,560,537.8,4.13,16.36,"[472, 560, 556, 560, 541]","[5, 1, 4, 1, 6]",17,3.0,
assembly_2,5,0.8,adaptive,6,22160,134216,77,0.06,10,197.809,3.922,0.298,4.22,1.0477,1.0461,0.16,0.0,1.0208,1.0126,0.81,560,537.8,4.13,16.36,"[472, 560, 556, 560, 541]","[5, 1, 4, 1, 6]",17,3.0,
assembly_2,5,0.8,adaptive,8,22160,134216,84,0.06,7,197.809,4.943,0.341,5.283,1.0477,1.0461,0.16,0.0,1.0208,1.0126,0.81,560,537.8,4.13,16.36,"[472, 560, 556, 560, 541]","[5, 1, 4, 1, 6]",17,3.0,
assembly_2,5,0.8,adaptive,12,22160,134216,96,0.07,12,197.809,7.236,0.35,7.586,1.0477,1.0461,0.16,-0.0,1.0208,1.0126,0.81,560,537.8,4.13,16.36,"[472, 560, 556, 560, 541]","[5, 1, 4, 1, 6]",17,3.0,
assembly_2,5,0.8,adaptive,16,22160,134216,122,0.09,26,197.809,8.965,0.513,9.478,1.0477,1.0461,0.16,0.0,1.0208,1.0126,0.81,560,537.8,4.13,16.36,"[472, 560, 556, 560, 541]","[5, 1, 4, 1, 6]",17,3.0,
assembly_2,5,0.8,adaptive,24,22160,134216,145,0.11,23,197.809,12.058,0.832,12.89,1.0477,1.0461,0.16,-0.0,1.0208,1.0126,0.81,560,537.8,4.13,16.36,"[472, 560, 556, 560, 541]","[5, 1, 4, 1, 6]",17,3.0,
assembly_2,5,0.8,adaptive,32,22160,134216,169,0.13,24,197.809,15.185,0.913,16.098,1.0477,1.0461,0.16,0.0,1.0208,1.0126,0.81,560,537.8,4.13,16.36,"[472, 560, 556, 560, 541]","[5, 1, 4, 1, 6]",17,3.0,
assembly_2,5,0.8,adaptive,48,22160,134216,366,0.27,197,197.809,15.655,1.593,17.248,1.0477,1.0461,0.16,0.0,1.0208,1.0126,0.81,560,537.8,4.13,16.36,"[472, 560, 556, 560, 541]","[5, 1, 4, 1, 6]",17,3.0,
assembly_2,5,0.8,adaptive,64,22160,134216,558,0.42,192,197.809,16.646,4.464,21.11,1.0477,1.0461,0.16,0.0,1.0208,1.0126,0.81,560,537.8,4.13,16.36,"[472, 560, 556, 560, 541]","[5, 1, 4, 1, 6]",17,3.0,
assembly_2,5,0.8,adaptive,96,22160,134216,936,0.7,378,197.809,18.571,6.642,25.213,1.0477,1.0461,0.16,0.0,1.0208,1.0126,0.81,560,537.8,4.13,16.36,"[472, 560, 556, 560, 541]","[5, 1, 4, 1, 6]",17,3.0,
assembly_2,5,0.8,adaptive,128,22160,134216,1293,0.96,357,197.809,20.671,12.585,33.256,1.0477,1.0461,0.16,0.0,1.0208,1.0126,0.81,560,537.8,4.13,16.36,"[472, 560, 556, 560, 541]","[5, 1, 4, 1, 6]",17,3.0,
assembly_2,5,0.8,adaptive,192,22160,134216,1989,1.48,696,197.809,24.562,41.919,66.481,1.0477,1.0461,0.16,-0.0,1.0208,1.0126,0.81,560,537.8,4.13,16.36,"[472, 560, 556, 560, 541]","[5, 1, 4, 1, 6]",17,3.0,
assembly_2,5,0.8,adaptive,256,22160,134216,2631,1.96,642,197.809,30.003,61.502,91.505,1.0477,1.0461,0.16,0.0,1.0208,1.0126,0.81,560,537.8,4.13,16.36,"[472, 560, 556, 560, 541]","[5, 1, 4, 1, 6]",17,3.0,
assembly_2,5,0.8,adaptive,512,22160,134216,4965,3.7,2334,197.809,46.589,150.205,196.793,1.0477,1.0461,0.16,0.0,1.0208,1.0126,0.81,560,537.8,4.13,16.36,"[472, 560, 556, 560, 541]","[5, 1, 4, 1, 6]",17,3.0,stop_perc_graph
assembly_2,5,0.9,adaptive,1,22160,134216,40,0.03,40,199.358,1.349,0.26,1.608,1.0511,1.0503,0.08,,1.0208,1.0126,0.81,560,537.8,4.13,16.36,"[472, 560, 556, 560, 541]","[5, 1, 4, 1, 6]",17,3.0,
assembly_2,5,0.9,adaptive,2,22160,134216,59,0.04,19,199.358,1.988,0.3,2.288,1.0511,1.0503,0.08,0.0,1.0208,1.0126,0.81,560,537.8,4.13,16.36,"[472, 560, 556, 560, 541]","[5, 1, 4, 1, 6]",17,3.0,
assembly_2,5,0.9,adaptive,3,22160,134216,64,0.05,5,199.358,2.424,0.624,3.048,1.0511,1.0503,0.08,-0.0,1.0208,1.0126,0.81,560,537.8,4.13,16.36,"[472, 560, 556, 560, 541]","[5, 1, 4, 1, 6]",17,3.0,
assembly_2,5,0.9,adaptive,4,22160,134216,67,0.05,3,199.358,2.871,0.304,3.175,1.0511,1.0503,0.08,0.0,1.0208,1.0126,0.81,560,537.8,4.13,16.36,"[472, 560, 556, 560, 541]","[5, 1, 4, 1, 6]",17,3.0,
assembly_2,5,0.9,adaptive,6,22160,134216,77,0.06,10,199.358,3.934,0.32,4.254,1.0511,1.0503,0.08,0.0,1.0208,1.0126,0.81,560,537.8,4.13,16.36,"[472, 560, 556, 560, 541]","[5, 1, 4, 1, 6]",17,3.0,
assembly_2,5,0.9,adaptive,8,22160,134216,84,0.06,7,199.358,5.011,0.525,5.536,1.0511,1.0503,0.08,-0.0,1.0208,1.0126,0.81,560,537.8,4.13,16.36,"[472, 560, 556, 560, 541]","[5, 1, 4, 1, 6]",17,3.0,
assembly_2,5,0.9,adaptive,12,22160,134216,96,0.07,12,199.358,7.343,0.386,7.729,1.0511,1.0503,0.08,0.0,1.0208,1.0126,0.81,560,537.8,4.13,16.36,"[472, 560, 556, 560, 541]","[5, 1, 4, 1, 6]",17,3.0,
assembly_2,5,0.9,adaptive,16,22160,134216,122,0.09,26,199.358,9.058,0.469,9.528,1.0511,1.0503,0.08,0.0,1.0208,1.0126,0.81,560,537.8,4.13,16.36,"[472, 560, 556, 560, 541]","[5, 1, 4, 1, 6]",17,3.0,
assembly_2,5,0.9,adaptive,24,22160,134216,145,0.11,23,199.358,12.392,0.734,13.127,1.0511,1.0503,0.08,-0.0,1.0208,1.0126,0.81,560,537.8,4.13,16.36,"[472, 560, 556, 560, 541]","[5, 1, 4, 1, 6]",17,3.0,
assembly_2,5,0.9,adaptive,32,22160,134216,169,0.13,24,199.358,15.594,0.788,16.382,1.0511,1.0503,0.08,-0.0,1.0208,1.0126,0.81,560,537.8,4.13,16.36,"[472, 560, 556, 560, 541]","[5, 1, 4, 1, 6]",17,3.0,
assembly_2,5,0.9,adaptive,48,22160,134216,373,0.28,204,199.358,16.089,1.966,18.055,1.0511,1.0503,0.08,0.0,1.0208,1.0126,0.81,560,537.8,4.13,16.36,"[472, 560, 556, 560, 541]","[5, 1, 4, 1, 6]",17,3.0,
assembly_2,5,0.9,adaptive,64,22160,134216,562,0.42,189,199.358,16.864,3.926,20.79,1.0511,1.0503,0.08,0.0,1.0208,1.0126,0.81,560,537.8,4.13,16.36,"[472, 560, 556, 560, 541]","[5, 1, 4, 1, 6]",17,3.0,
assembly_2,5,0.9,adaptive,96,22160,134216,937,0.7,375,199.358,18.881,5.369,24.25,1.0511,1.0503,0.08,0.0,1.0208,1.0126,0.81,560,537.8,4.13,16.36,"[472, 560, 556, 560, 541]","[5, 1, 4, 1, 6]",17,3.0,
assembly_2,5,0.9,adaptive,128,22160,134216,1299,0.97,362,199.358,20.921,7.034,27.955,1.0511,1.0503,0.08,0.0,1.0208,1.0126,0.81,560,537.8,4.13,16.36,"[472, 560, 556, 560, 541]","[5, 1, 4, 1, 6]",17,3.0,
assembly_2,5,0.9,adaptive,192,22160,134216,1982,1.48,683,199.358,25.093,15.877,40.97,1.0511,1.0503,0.08,-0.0,1.0208,1.0126,0.81,560,537.8,4.13,16.36,"[472, 560, 556, 560, 541]","[5, 1, 4, 1, 6]",17,3.0,
assembly_2,5,0.9,adaptive,256,22160,134216,2622,1.95,640,199.358,29.104,56.462,85.566,1.0511,1.0503,0.08,0.0,1.0208,1.0126,0.81,560,537.8,4.13,16.36,"[472, 560, 556, 560, 541]","[5, 1, 4, 1, 6]",17,3.0,
assembly_2,5,0.9,adaptive,512,22160,134216,4956,3.69,2334,199.358,48.591,148.378,196.969,1.0511,1.0503,0.08,0.0,1.0208,1.0126,0.81,560,537.8,4.13,16.36,"[472, 560, 556, 560, 541]","[5, 1, 4, 1, 6]",17,3.0,stop_perc_graph
