{
    "joint1": {
        "dfm": {
            "1769119X": [ 
                [0, 0, 0, 0],
                [0, 0, 0, 0],  
                [0, 1, 0, 0]],
            "1769143X": [
                [0, 0, 0, 0],
                [0, 0, 0, 0],  
                [1, 0, 0, 0]]
        },
        "Origin": [
            119.141,
            220.176,
            149.538
        ],
        "Xuvec": [
            0.040019803,
            -0.141266824,
            0.989162322
        ],
        "Yuvec": [
            -0.005712515,
            -0.989971557,
            -0.141151276
        ],
        "Zuvec": [
            0.999182557,
            -1.758e-06,
            -0.040425456
        ]
    },
    "joint2": {
        "dfm": {
            "1769143X": [ 
                [0, 1, 0, 0],
                [1, 0, 0, 0],  
                [1, 1, 0, 0]],
            "1280322X": [
                [0, 0, 0, 0],
                [0, 0, 0, 0],  
                [0, 1, 0, 0]]
        },
        "Origin": [
            154.639,
            248.756,
            178.198
        ],
        "Xuvec": [
            -0.987944689,
            -0.154807269,
            0.0
        ],
        "Yuvec": [
            -0.110627628,
            0.70600295,
            -0.69951777
        ],
        "Zuvec": [
            0.108290436,
            -0.691084866,
            -0.714615204
        ]
    },
    "joint3": {
        "dfm": {
            "1769143X": [ 
                [0, 1, 0, 0],
                [0, 1, 0, 0],  
                [1, 1, 0, 0]],
            "1618293XB": [
                [0, 0, 0, 0],
                [0, 0, 0, 0],  
                [0, 1, 0, 0]]
        },
        "Origin": [
            195.661,
            249.972,
            191.189
        ],
        "Xuvec": [
            0.021459937,
            -0.8000190291,
            0.599362135
        ],
        "Yuvec": [
            -0.996139705,
            -0.06815394,
            -0.055323857
        ],
        "Zuvec": [
            0.085118504,
            -0.595861174,
            -0.7985639
        ]
    },
    "joint4": {
        "dfm": {
            "1769143X": [ 
                [0, 0, 1, 1],
                [0, 0, 1, 1],  
                [1, 1, 0, 0]],
            "1885921X": [
                [0, 0, 1, 1],
                [0, 0, 1, 1],  
                [1, 1, 0, 0]]
        },
        "Origin": [
            205.622,
            226.019,
            158.584
        ],
        "Xuvec": [
            -0.243034645,
            0.9700043,
            -0.005081308
        ],
        "Yuvec": [
            0.833628996,
            0.211538507,
            0.510209915
        ],
        "Zuvec": [
            0.495980704,
            0.11976276,
            -0.860034896
        ]
    },
    "joint5": {
        "dfm": {
            "1885921X": [ 
                [1, 1, 0, 0],
                [1, 1, 0, 0],  
                [1, 0, 0, 0]],
            "1618293XA": [
                [0, 0, 0, 0],
                [0, 0, 0, 0],  
                [1, 1, 0, 0]]
        },
        "Origin": [
            177.764,
            271.752,
            37.496
        ],
        "Xuvec": [
            -0.454302859,
            -0.8908473,
            0.0
        ],
        "Yuvec": [
            0.365901156,
            -0.186597569,
            -0.91175528
        ],
        "Zuvec": [
            0.81223473,
            -0.41421303,
            0.410733866
        ]
    },
    "joint6": {
        "dfm": {
            "1885921X": [ 
                [0, 0, 1, 1],
                [0, 0, 1, 1],  
                [1, 0, 0, 0]],
            "1769154X": [
                [0, 0, 1, 1],
                [0, 0, 1, 1],  
                [1, 1, 0, 0]]
        },
        "Origin": [
            333.436,
            256.881,
            -63.047
        ],
        "Xuvec": [
            0.243034645,
            -0.9700043,
            0.005081308
        ],
        "Yuvec": [
            0.833628996,
            0.211538507,
            0.510209915
        ],
        "Zuvec": [
            -0.495980704,
            -0.11976276,
            0.860034896
        ]
    },
    "joint7": {
        "dfm": {
            "1769154X": [ 
                [0, 0, 0, 0],
                [0, 1, 0, 0],  
                [1, 1, 0, 0]],
            "1911442X": [
                [0, 0, 0, 0],
                [1, 0, 0, 0],  
                [0, 1, 0, 0]]
        },
        "Origin": [
            329.969,
            217.213,
            -97.156
        ],
        "Xuvec": [
            -0.135403494,
            0.99079054,
            0.0
        ],
        "Yuvec": [
            -0.803743861,
            -0.109841306,
            -0.584748402
        ],
        "Zuvec": [
            -0.579363185,
            -0.079176977,
            0.811212471
        ]
    },
    "joint8": {
        "dfm": {
            "1769154X": [ 
                [0, 0, 0, 0],
                [0, 0, 0, 0],  
                [1, 0, 1, 1]],
            "2284176X": [
                [0, 0, 0, 0],
                [0, 0, 0, 0],  
                [0, 1, 1, 1]]
        },
        "Origin": [
            394.266,
            274.474,
            -68.481
        ],
        "Xuvec": [
            -0.0077304687,
            -0.883961089,
            -0.461125556
        ],
        "Yuvec": [
            0.465364191,
            -0.441027408,
            0.767418397
        ],
        "Zuvec": [
            -0.88173701,
            -0.155266282,
            0.445457323
        ]
    },
    "joint9": {
        "dfm": {
            "2284176X": [ 
                [0, 0, 0, 0],
                [0, 0, 0, 0],  
                [1, 0, 1, 1]],
            "2287314X": [
                [0, 0, 0, 0],
                [0, 0, 0, 0],  
                [0, 1, 1, 1]]
        },
        "Origin": [
            491.257,
            291.553,
            -117.481
        ],
        "Xuvec": [
            0.173423134,
            -0.984847408,
            -0.1540416049
        ],
        "Yuvec": [
            0.43870749,
            0.0077252605,
            0.895303174
        ],
        "Zuvec": [
            -0.88173701,
            -0.155266282,
            0.445457323
        ]
    },
    "joint10": {
        "dfm": {
            "1769154X": [ 
                [1, 1, 0, 0],
                [1, 1, 0, 0],  
                [1, 0, 0, 0]],
            "1769156X": [
                [0, 0, 0, 0],
                [0, 0, 0, 0],  
                [0, 1, 0, 0]]
        },
        "Origin": [
            396.104,
            214.713,
            -52.182
        ],
        "Xuvec": [
            0.502428731,
            0.864618627,
            0.0
        ],
        "Yuvec": [
            -0.417550782,
            0.242638203,
            -0.875658636
        ],
        "Zuvec": [
            -0.757110768,
            0.439956058,
            0.482930588
        ]
    },
    "joint11": {
        "dfm": {
            "1885921X": [ 
                [1, 1, 0, 1],
                [0, 1, 1, 1],  
                [1, 0, 1, 0]],
            "1769142X": [
                [1, 0, 1, 0],
                [0, 0, 1, 1],  
                [0, 1, 0, 1]]
        },
        "Origin": [
            317.955,
            277.736,
            121.232
        ],
        "Xuvec": [
            0.330121548,
            -0.943938432,
            0.0
        ],
        "Yuvec": [
            -0.479865194,
            -0.167822217,
            0.861141741
        ],
        "Zuvec": [
            -0.812864785,
            -0.284281445,
            -0.508364929
        ]
    },
    "joint12": {
        "dfm": {
            "1769143X": [ 
                [1, 0, 0, 0],
                [0, 1, 0, 0],  
                [1, 0, 0, 0]],
            "1769115X": [
                [0, 1, 0, 0],
                [0, 0, 0, 0],  
                [0, 1, 0, 0]]
        },
        "Origin": [
            244.576,
            224.636,
            201.597
        ],