================ edge-reduction λ sweep ================
date         : 2026-07-02T20:11:47+02:00
host         : pop-os
git commit   : 1ac97c3 (research/wgp-2026)
python       : Python 3.14.4
base config  : experiments/edge_reduction/config.py
instance     : assembly_2
parts file   : data/assembly_2/assembly_2_parts.json
num_phases   : 3
lambda grid  : 0.1 0.2 0.3 0.4 0.5 0.6 0.7 0.8
jobs (par.)  : 8
rundir       : experiments/edge_reduction/sweeps/assembly_2_np_3
=======================================================

----------------- λ = 0.1 -----------------
2026-07-02 20:11:47.743 | INFO     | __main__:<module>:193 - Running /home/utg/Work/PyCAALP/experiments/edge_reduction/run.py
2026-07-02 20:11:47.743 | INFO     | __main__:<module>:194 - ASSEMBLY_FNAME='data/assembly_2/assembly_2_parts.json'
2026-07-02 20:11:47.743 | INFO     | __main__:<module>:196 - DFM_FNAME='data/assembly_2/assembly_2_dfm.json'
2026-07-02 20:11:47.743 | INFO     | __main__:<module>:197 - NUM_PHASES=3
2026-07-02 20:11:47.743 | INFO     | __main__:<module>:198 - RES_FNAME='experiments/edge_reduction/sweeps/assembly_2_np_3/lambda_0.1/res.pkl'
2026-07-02 20:11:47.743 | INFO     | experiments.edge_reduction.scripts.combination_runs:run_full_edge_reduction_change:98 - Running test with: red_perc=0
2026-07-02 20:11:47.746 | INFO     | pycaalp.gapp.assembly_digraph:compute_assembly_digraph_complete:395 - Computing assembly digraph...
2026-07-02 20:15:06.634 | INFO     | pycaalp.time_balancing.model:run_mip:430 - Running MIP solver ...
2026-07-02 20:19:08.845 | INFO     | experiments.edge_reduction.scripts.combination_runs:run_full_edge_reduction_change:98 - Running test with: red_perc=10
2026-07-02 20:19:08.848 | INFO     | pycaalp.gapp.assembly_digraph:compute_assembly_digraph_complete:395 - Computing assembly digraph...
2026-07-02 20:26:19.945 | INFO     | pycaalp.time_balancing.model:run_mip:430 - Running MIP solver ...
2026-07-02 20:28:56.334 | INFO     | pycaalp.gapp.assembly_digraph:compute_assembly_digraph_complete:395 - Computing assembly digraph...
2026-07-02 20:36:15.166 | INFO     | pycaalp.time_balancing.model:run_mip:430 - Running MIP solver ...
2026-07-02 20:40:24.844 | INFO     | pycaalp.gapp.assembly_digraph:compute_assembly_digraph_complete:395 - Computing assembly digraph...
2026-07-02 20:47:39.668 | INFO     | pycaalp.time_balancing.model:run_mip:430 - Running MIP solver ...
2026-07-02 20:50:15.317 | INFO     | pycaalp.gapp.assembly_digraph:compute_assembly_digraph_complete:395 - Computing assembly digraph...
2026-07-02 20:57:31.871 | INFO     | pycaalp.time_balancing.model:run_mip:430 - Running MIP solver ...
2026-07-02 21:00:57.077 | INFO     | pycaalp.gapp.assembly_digraph:compute_assembly_digraph_complete:395 - Computing assembly digraph...
2026-07-02 21:08:18.879 | INFO     | pycaalp.time_balancing.model:run_mip:430 - Running MIP solver ...
2026-07-02 21:13:20.390 | INFO     | experiments.edge_reduction.scripts.combination_runs:run_full_edge_reduction_change:98 - Running test with: red_perc=20
2026-07-02 21:13:20.393 | INFO     | pycaalp.gapp.assembly_digraph:compute_assembly_digraph_complete:395 - Computing assembly digraph...
2026-07-02 21:20:53.434 | INFO     | pycaalp.time_balancing.model:run_mip:430 - Running MIP solver ...
2026-07-02 21:24:56.219 | INFO     | pycaalp.gapp.assembly_digraph:compute_assembly_digraph_complete:395 - Computing assembly digraph...
2026-07-02 21:32:18.477 | INFO     | pycaalp.time_balancing.model:run_mip:430 - Running MIP solver ...
2026-07-02 21:34:36.249 | INFO     | pycaalp.gapp.assembly_digraph:compute_assembly_digraph_complete:395 - Computing assembly digraph...
2026-07-02 21:42:08.486 | INFO     | pycaalp.time_balancing.model:run_mip:430 - Running MIP solver ...
2026-07-02 21:44:36.801 | INFO     | pycaalp.gapp.assembly_digraph:compute_assembly_digraph_complete:395 - Computing assembly digraph...
2026-07-02 21:52:01.762 | INFO     | pycaalp.time_balancing.model:run_mip:430 - Running MIP solver ...
2026-07-02 21:54:53.543 | INFO     | pycaalp.gapp.assembly_digraph:compute_assembly_digraph_complete:395 - Computing assembly digraph...
2026-07-02 22:02:09.138 | INFO     | pycaalp.time_balancing.model:run_mip:430 - Running MIP solver ...
2026-07-02 22:04:50.690 | INFO     | experiments.edge_reduction.scripts.combination_runs:run_full_edge_reduction_change:98 - Running test with: red_perc=30
2026-07-02 22:04:50.692 | INFO     | pycaalp.gapp.assembly_digraph:compute_assembly_digraph_complete:395 - Computing assembly digraph...
2026-07-02 22:12:49.430 | INFO     | pycaalp.time_balancing.model:run_mip:430 - Running MIP solver ...
2026-07-02 22:14:30.016 | INFO     | pycaalp.gapp.assembly_digraph:compute_assembly_digraph_complete:395 - Computing assembly digraph...
2026-07-02 22:21:59.429 | INFO     | pycaalp.time_balancing.model:run_mip:430 - Running MIP solver ...
2026-07-02 22:39:13.011 | INFO     | pycaalp.gapp.assembly_digraph:compute_assembly_digraph_complete:395 - Computing assembly digraph...
2026-07-02 22:47:04.705 | INFO     | pycaalp.time_balancing.model:run_mip:430 - Running MIP solver ...
2026-07-02 22:50:00.964 | INFO     | pycaalp.gapp.assembly_digraph:compute_assembly_digraph_complete:395 - Computing assembly digraph...
2026-07-02 22:57:48.700 | INFO     | pycaalp.time_balancing.model:run_mip:430 - Running MIP solver ...
2026-07-02 23:00:06.672 | INFO     | pycaalp.gapp.assembly_digraph:compute_assembly_digraph_complete:395 - Computing assembly digraph...
2026-07-02 23:07:36.860 | INFO     | pycaalp.time_balancing.model:run_mip:430 - Running MIP solver ...
2026-07-02 23:10:11.601 | INFO     | experiments.edge_reduction.scripts.combination_runs:run_full_edge_reduction_change:98 - Running test with: red_perc=40
2026-07-02 23:10:11.604 | INFO     | pycaalp.gapp.assembly_digraph:compute_assembly_digraph_complete:395 - Computing assembly digraph...
2026-07-02 23:17:56.611 | INFO     | pycaalp.time_balancing.model:run_mip:430 - Running MIP solver ...
2026-07-02 23:19:56.373 | INFO     | pycaalp.gapp.assembly_digraph:compute_assembly_digraph_complete:395 - Computing assembly digraph...
2026-07-02 23:27:33.910 | INFO     | pycaalp.time_balancing.model:run_mip:430 - Running MIP solver ...
2026-07-02 23:29:18.519 | INFO     | pycaalp.gapp.assembly_digraph:compute_assembly_digraph_complete:395 - Computing assembly digraph...
2026-07-02 23:37:16.164 | INFO     | pycaalp.time_balancing.model:run_mip:430 - Running MIP solver ...
2026-07-02 23:39:14.703 | INFO     | pycaalp.gapp.assembly_digraph:compute_assembly_digraph_complete:395 - Computing assembly digraph...
2026-07-02 23:47:00.204 | INFO     | pycaalp.time_balancing.model:run_mip:430 - Running MIP solver ...
2026-07-02 23:48:52.558 | INFO     | pycaalp.gapp.assembly_digraph:compute_assembly_digraph_complete:395 - Computing assembly digraph...
2026-07-02 23:55:53.419 | INFO     | pycaalp.time_balancing.model:run_mip:430 - Running MIP solver ...
2026-07-02 23:57:23.476 | INFO     | experiments.edge_reduction.scripts.combination_runs:run_full_edge_reduction_change:98 - Running test with: red_perc=50
2026-07-02 23:57:23.479 | INFO     | pycaalp.gapp.assembly_digraph:compute_assembly_digraph_complete:395 - Computing assembly digraph...
2026-07-03 00:04:51.111 | INFO     | pycaalp.time_balancing.model:run_mip:430 - Running MIP solver ...
2026-07-03 00:06:58.648 | INFO     | pycaalp.gapp.assembly_digraph:compute_assembly_digraph_complete:395 - Computing assembly digraph...
2026-07-03 00:14:23.188 | INFO     | pycaalp.time_balancing.model:run_mip:430 - Running MIP solver ...
2026-07-03 00:15:57.328 | INFO     | pycaalp.gapp.assembly_digraph:compute_assembly_digraph_complete:395 - Computing assembly digraph...
2026-07-03 00:23:20.123 | INFO     | pycaalp.time_balancing.model:run_mip:430 - Running MIP solver ...
2026-07-03 00:24:32.652 | INFO     | pycaalp.gapp.assembly_digraph:compute_assembly_digraph_complete:395 - Computing assembly digraph...
2026-07-03 00:32:18.848 | INFO     | pycaalp.time_balancing.model:run_mip:430 - Running MIP solver ...
2026-07-03 00:33:51.403 | INFO     | pycaalp.gapp.assembly_digraph:compute_assembly_digraph_complete:395 - Computing assembly digraph...
2026-07-03 00:41:38.117 | INFO     | pycaalp.time_balancing.model:run_mip:430 - Running MIP solver ...
2026-07-03 00:42:51.648 | INFO     | experiments.edge_reduction.scripts.combination_runs:run_full_edge_reduction_change:98 - Running test with: red_perc=60
2026-07-03 00:42:51.651 | INFO     | pycaalp.gapp.assembly_digraph:compute_assembly_digraph_complete:395 - Computing assembly digraph...
2026-07-03 00:50:44.188 | INFO     | pycaalp.time_balancing.model:run_mip:430 - Running MIP solver ...
2026-07-03 00:52:12.842 | INFO     | pycaalp.gapp.assembly_digraph:compute_assembly_digraph_complete:395 - Computing assembly digraph...
2026-07-03 00:59:58.971 | INFO     | pycaalp.time_balancing.model:run_mip:430 - Running MIP solver ...
2026-07-03 01:01:21.596 | INFO     | pycaalp.gapp.assembly_digraph:compute_assembly_digraph_complete:395 - Computing assembly digraph...
2026-07-03 01:08:16.631 | INFO     | pycaalp.time_balancing.model:run_mip:430 - Running MIP solver ...
2026-07-03 01:10:25.138 | INFO     | pycaalp.gapp.assembly_digraph:compute_assembly_digraph_complete:395 - Computing assembly digraph...
2026-07-03 01:18:07.052 | INFO     | pycaalp.time_balancing.model:run_mip:430 - Running MIP solver ...
2026-07-03 01:19:23.393 | INFO     | pycaalp.gapp.assembly_digraph:compute_assembly_digraph_complete:395 - Computing assembly digraph...
2026-07-03 01:26:48.521 | INFO     | pycaalp.time_balancing.model:run_mip:430 - Running MIP solver ...
2026-07-03 01:27:58.290 | INFO     | experiments.edge_reduction.scripts.combination_runs:run_full_edge_reduction_change:98 - Running test with: red_perc=70
2026-07-03 01:27:58.293 | INFO     | pycaalp.gapp.assembly_digraph:compute_assembly_digraph_complete:395 - Computing assembly digraph...
2026-07-03 01:35:24.975 | INFO     | pycaalp.time_balancing.model:run_mip:430 - Running MIP solver ...
2026-07-03 01:36:28.655 | INFO     | pycaalp.gapp.assembly_digraph:compute_assembly_digraph_complete:395 - Computing assembly digraph...
2026-07-03 01:43:41.463 | INFO     | pycaalp.time_balancing.model:run_mip:430 - Running MIP solver ...
2026-07-03 01:44:42.611 | INFO     | pycaalp.gapp.assembly_digraph:compute_assembly_digraph_complete:395 - Computing assembly digraph...
2026-07-03 01:52:12.701 | INFO     | pycaalp.time_balancing.model:run_mip:430 - Running MIP solver ...
2026-07-03 01:53:18.428 | INFO     | pycaalp.gapp.assembly_digraph:compute_assembly_digraph_complete:395 - Computing assembly digraph...
2026-07-03 02:00:52.429 | INFO     | pycaalp.time_balancing.model:run_mip:430 - Running MIP solver ...
2026-07-03 02:02:01.756 | INFO     | pycaalp.gapp.assembly_digraph:compute_assembly_digraph_complete:395 - Computing assembly digraph...
2026-07-03 02:09:09.012 | INFO     | pycaalp.time_balancing.model:run_mip:430 - Running MIP solver ...
2026-07-03 02:10:19.955 | INFO     | __main__:<module>:240 - Running plot_total_time
{0: (np.float64(239.604138), np.float64(1.0181199480917213), np.float64(939.0), np.float64(0.0), np.float64(0.0), np.float64(0.0), np.float64(441.10183067800244), np.float64(0.0), np.float64(198.89087570799165), np.float64(0.0)), 10: (np.float64(210.54835939999998), np.float64(1.0181199480917213), np.float64(939.0), np.float64(56.08758911122533), np.float64(0.0), np.float64(0.0), np.float64(650.0573421506036), np.float64(59.51013608459401), np.float64(436.6250859385997), np.float64(3.618909119234418)), 20: (np.float64(169.51857859999998), np.float64(1.0181199480917213), np.float64(939.0), np.float64(36.981598997917295), np.float64(0.0), np.float64(0.0), np.float64(617.8076103251951), np.float64(40.587497931361526), np.float64(445.62210071219016), np.float64(6.497485369007167)), 30: (np.float64(317.9475768), np.float64(1.0181199480917213), np.float64(939.0), np.float64(357.3506128658567), np.float64(0.0), np.float64(0.0), np.float64(783.9078628177988), np.float64(350.1122274221371), np.float64(463.55782029819676), np.float64(11.77166474678022)), 40: (np.float64(106.60380419999998), np.float64(1.0181199480917213), np.float64(939.0), np.float64(10.865380931592309), np.float64(0.0), np.float64(0.0), np.float64(566.1644848780066), np.float64(29.823828855286514), np.float64(457.31438972460455), np.float64(19.33097416204392)), 50: (np.float64(89.878139), np.float64(1.0181199480917213), np.float64(939.0), np.float64(19.912660380631625), np.float64(0.0), np.float64(0.0), np.float64(545.4438637299987), np.float64(20.195318696880946), np.float64(453.5795248104085), np.float64(10.63133583930166)), 60: (np.float64(87.48265819999999), np.float64(1.0181199480917213), np.float64(939.0), np.float64(20.673354639737223), np.float64(0.0), np.float64(0.0), np.float64(541.1495281274023), np.float64(15.244990699737713), np.float64(452.15257883760495), np.float64(20.655057195807753)), 70: (np.float64(64.9081828), np.float64(1.0181199480917213), np.float64(939.0), np.float64(3.5714522833155926), np.float64(9.930136612989092e-17), np.float64(0.0), np.float64(508.17870688740516), np.float64(10.933801425892884), np.float64(442.17151637120406), np.float64(10.326437186115909))}
Saved MIP solve time plot in experiments/edge_reduction/sweeps/assembly_2_np_3/lambda_0.1/plots/MIP_solve_time_num_phases_3.svg
2026-07-03 02:10:20.024 | INFO     | __main__:<module>:250 - Running plot_speedup_vs_max_length_lost
Saved speedup_vs_weld_len_degr plot in experiments/edge_reduction/sweeps/assembly_2_np_3/lambda_0.1/plots/speedup_vs_weld_len_degr_num_phases_3.svg
2026-07-03 02:10:20.155 | INFO     | __main__:<module>:253 - Running plot_average_max_time
Saved Max welding length [mm] plot in experiments/edge_reduction/sweeps/assembly_2_np_3/lambda_0.1/plots/Max_welding_length_[mm]_num_phases_3.svg

----------------- λ = 0.2 -----------------
2026-07-02 20:11:47.706 | INFO     | __main__:<module>:193 - Running /home/utg/Work/PyCAALP/experiments/edge_reduction/run.py
2026-07-02 20:11:47.706 | INFO     | __main__:<module>:194 - ASSEMBLY_FNAME='data/assembly_2/assembly_2_parts.json'
2026-07-02 20:11:47.706 | INFO     | __main__:<module>:196 - DFM_FNAME='data/assembly_2/assembly_2_dfm.json'
2026-07-02 20:11:47.706 | INFO     | __main__:<module>:197 - NUM_PHASES=3
2026-07-02 20:11:47.706 | INFO     | __main__:<module>:198 - RES_FNAME='experiments/edge_reduction/sweeps/assembly_2_np_3/lambda_0.2/res.pkl'
2026-07-02 20:11:47.706 | INFO     | experiments.edge_reduction.scripts.combination_runs:run_full_edge_reduction_change:98 - Running test with: red_perc=0
2026-07-02 20:11:47.709 | INFO     | pycaalp.gapp.assembly_digraph:compute_assembly_digraph_complete:395 - Computing assembly digraph...
2026-07-02 20:15:17.811 | INFO     | pycaalp.time_balancing.model:run_mip:430 - Running MIP solver ...
2026-07-02 20:22:25.013 | INFO     | experiments.edge_reduction.scripts.combination_runs:run_full_edge_reduction_change:98 - Running test with: red_perc=10
2026-07-02 20:22:25.016 | INFO     | pycaalp.gapp.assembly_digraph:compute_assembly_digraph_complete:395 - Computing assembly digraph...
2026-07-02 20:29:50.332 | INFO     | pycaalp.time_balancing.model:run_mip:430 - Running MIP solver ...
2026-07-02 20:34:29.645 | INFO     | pycaalp.gapp.assembly_digraph:compute_assembly_digraph_complete:395 - Computing assembly digraph...
2026-07-02 20:41:52.602 | INFO     | pycaalp.time_balancing.model:run_mip:430 - Running MIP solver ...
2026-07-02 20:48:59.279 | INFO     | pycaalp.gapp.assembly_digraph:compute_assembly_digraph_complete:395 - Computing assembly digraph...
2026-07-02 20:56:06.747 | INFO     | pycaalp.time_balancing.model:run_mip:430 - Running MIP solver ...
2026-07-02 21:11:26.964 | INFO     | pycaalp.gapp.assembly_digraph:compute_assembly_digraph_complete:395 - Computing assembly digraph...
2026-07-02 21:19:06.933 | INFO     | pycaalp.time_balancing.model:run_mip:430 - Running MIP solver ...
2026-07-02 21:26:16.539 | INFO     | pycaalp.gapp.assembly_digraph:compute_assembly_digraph_complete:395 - Computing assembly digraph...
2026-07-02 21:33:47.650 | INFO     | pycaalp.time_balancing.model:run_mip:430 - Running MIP solver ...
2026-07-02 21:42:11.568 | INFO     | experiments.edge_reduction.scripts.combination_runs:run_full_edge_reduction_change:98 - Running test with: red_perc=20
2026-07-02 21:42:11.571 | INFO     | pycaalp.gapp.assembly_digraph:compute_assembly_digraph_complete:395 - Computing assembly digraph...
2026-07-02 21:49:37.860 | INFO     | pycaalp.time_balancing.model:run_mip:430 - Running MIP solver ...
2026-07-02 21:53:21.845 | INFO     | pycaalp.gapp.assembly_digraph:compute_assembly_digraph_complete:395 - Computing assembly digraph...
2026-07-02 22:00:47.074 | INFO     | pycaalp.time_balancing.model:run_mip:430 - Running MIP solver ...
2026-07-02 22:23:17.395 | INFO     | pycaalp.gapp.assembly_digraph:compute_assembly_digraph_complete:395 - Computing assembly digraph...
2026-07-02 22:31:26.107 | INFO     | pycaalp.time_balancing.model:run_mip:430 - Running MIP solver ...
2026-07-02 22:55:52.694 | INFO     | pycaalp.gapp.assembly_digraph:compute_assembly_digraph_complete:395 - Computing assembly digraph...
2026-07-02 23:03:36.821 | INFO     | pycaalp.time_balancing.model:run_mip:430 - Running MIP solver ...
2026-07-02 23:07:58.920 | INFO     | pycaalp.gapp.assembly_digraph:compute_assembly_digraph_complete:395 - Computing assembly digraph...
2026-07-02 23:15:40.072 | INFO     | pycaalp.time_balancing.model:run_mip:430 - Running MIP solver ...
2026-07-02 23:20:21.472 | INFO     | experiments.edge_reduction.scripts.combination_runs:run_full_edge_reduction_change:98 - Running test with: red_perc=30
2026-07-02 23:20:21.476 | INFO     | pycaalp.gapp.assembly_digraph:compute_assembly_digraph_complete:395 - Computing assembly digraph...
2026-07-02 23:28:14.316 | INFO     | pycaalp.time_balancing.model:run_mip:430 - Running MIP solver ...
2026-07-02 23:36:43.645 | INFO     | pycaalp.gapp.assembly_digraph:compute_assembly_digraph_complete:395 - Computing assembly digraph...
2026-07-02 23:44:33.587 | INFO     | pycaalp.time_balancing.model:run_mip:430 - Running MIP solver ...
2026-07-03 00:04:06.316 | INFO     | pycaalp.gapp.assembly_digraph:compute_assembly_digraph_complete:395 - Computing assembly digraph...
2026-07-03 00:11:34.662 | INFO     | pycaalp.time_balancing.model:run_mip:430 - Running MIP solver ...
2026-07-03 00:15:39.468 | INFO     | pycaalp.gapp.assembly_digraph:compute_assembly_digraph_complete:395 - Computing assembly digraph...
2026-07-03 00:23:11.092 | INFO     | pycaalp.time_balancing.model:run_mip:430 - Running MIP solver ...
2026-07-03 01:06:13.784 | INFO     | pycaalp.gapp.assembly_digraph:compute_assembly_digraph_complete:395 - Computing assembly digraph...
2026-07-03 01:13:41.225 | INFO     | pycaalp.time_balancing.model:run_mip:430 - Running MIP solver ...
2026-07-03 01:19:54.085 | INFO     | experiments.edge_reduction.scripts.combination_runs:run_full_edge_reduction_change:98 - Running test with: red_perc=40
2026-07-03 01:19:54.089 | INFO     | pycaalp.gapp.assembly_digraph:compute_assembly_digraph_complete:395 - Computing assembly digraph...
2026-07-03 01:27:32.309 | INFO     | pycaalp.time_balancing.model:run_mip:430 - Running MIP solver ...
2026-07-03 01:31:26.676 | INFO     | pycaalp.gapp.assembly_digraph:compute_assembly_digraph_complete:395 - Computing assembly digraph...
2026-07-03 01:39:01.344 | INFO     | pycaalp.time_balancing.model:run_mip:430 - Running MIP solver ...
2026-07-03 01:47:55.676 | INFO     | pycaalp.gapp.assembly_digraph:compute_assembly_digraph_complete:395 - Computing assembly digraph...
2026-07-03 01:55:48.850 | INFO     | pycaalp.time_balancing.model:run_mip:430 - Running MIP solver ...
2026-07-03 01:58:16.147 | INFO     | pycaalp.gapp.assembly_digraph:compute_assembly_digraph_complete:395 - Computing assembly digraph...
2026-07-03 02:05:36.019 | INFO     | pycaalp.time_balancing.model:run_mip:430 - Running MIP solver ...
2026-07-03 02:08:02.653 | INFO     | pycaalp.gapp.assembly_digraph:compute_assembly_digraph_complete:395 - Computing assembly digraph...
2026-07-03 02:15:39.318 | INFO     | pycaalp.time_balancing.model:run_mip:430 - Running MIP solver ...
2026-07-03 02:19:28.462 | INFO     | experiments.edge_reduction.scripts.combination_runs:run_full_edge_reduction_change:98 - Running test with: red_perc=50
2026-07-03 02:19:28.465 | INFO     | pycaalp.gapp.assembly_digraph:compute_assembly_digraph_complete:395 - Computing assembly digraph...
2026-07-03 02:26:43.181 | INFO     | pycaalp.time_balancing.model:run_mip:430 - Running MIP solver ...
2026-07-03 02:29:06.444 | INFO     | pycaalp.gapp.assembly_digraph:compute_assembly_digraph_complete:395 - Computing assembly digraph...
2026-07-03 02:36:33.704 | INFO     | pycaalp.time_balancing.model:run_mip:430 - Running MIP solver ...
2026-07-03 02:38:41.563 | INFO     | pycaalp.gapp.assembly_digraph:compute_assembly_digraph_complete:395 - Computing assembly digraph...
2026-07-03 02:46:07.329 | INFO     | pycaalp.time_balancing.model:run_mip:430 - Running MIP solver ...
2026-07-03 02:48:46.548 | INFO     | pycaalp.gapp.assembly_digraph:compute_assembly_digraph_complete:395 - Computing assembly digraph...
2026-07-03 02:55:22.973 | INFO     | pycaalp.time_balancing.model:run_mip:430 - Running MIP solver ...
2026-07-03 02:57:40.831 | INFO     | pycaalp.gapp.assembly_digraph:compute_assembly_digraph_complete:395 - Computing assembly digraph...
2026-07-03 03:04:51.207 | INFO     | pycaalp.time_balancing.model:run_mip:430 - Running MIP solver ...
2026-07-03 03:08:04.333 | INFO     | experiments.edge_reduction.scripts.combination_runs:run_full_edge_reduction_change:98 - Running test with: red_perc=60
2026-07-03 03:08:04.336 | INFO     | pycaalp.gapp.assembly_digraph:compute_assembly_digraph_complete:395 - Computing assembly digraph...
2026-07-03 03:15:13.165 | INFO     | pycaalp.time_balancing.model:run_mip:430 - Running MIP solver ...
2026-07-03 03:17:19.719 | INFO     | pycaalp.gapp.assembly_digraph:compute_assembly_digraph_complete:395 - Computing assembly digraph...
2026-07-03 03:24:51.014 | INFO     | pycaalp.time_balancing.model:run_mip:430 - Running MIP solver ...
2026-07-03 03:26:43.116 | INFO     | pycaalp.gapp.assembly_digraph:compute_assembly_digraph_complete:395 - Computing assembly digraph...
2026-07-03 03:34:06.139 | INFO     | pycaalp.time_balancing.model:run_mip:430 - Running MIP solver ...
2026-07-03 03:36:23.003 | INFO     | pycaalp.gapp.assembly_digraph:compute_assembly_digraph_complete:395 - Computing assembly digraph...
2026-07-03 03:43:53.954 | INFO     | pycaalp.time_balancing.model:run_mip:430 - Running MIP solver ...
2026-07-03 04:04:50.690 | INFO     | pycaalp.gapp.assembly_digraph:compute_assembly_digraph_complete:395 - Computing assembly digraph...
2026-07-03 04:12:22.396 | INFO     | pycaalp.time_balancing.model:run_mip:430 - Running MIP solver ...
2026-07-03 04:13:44.772 | INFO     | experiments.edge_reduction.scripts.combination_runs:run_full_edge_reduction_change:98 - Running test with: red_perc=70
2026-07-03 04:13:44.775 | INFO     | pycaalp.gapp.assembly_digraph:compute_assembly_digraph_complete:395 - Computing assembly digraph...
2026-07-03 04:21:01.523 | INFO     | pycaalp.time_balancing.model:run_mip:430 - Running MIP solver ...
2026-07-03 04:22:50.766 | INFO     | pycaalp.gapp.assembly_digraph:compute_assembly_digraph_complete:395 - Computing assembly digraph...
2026-07-03 04:30:00.625 | INFO     | pycaalp.time_balancing.model:run_mip:430 - Running MIP solver ...
2026-07-03 04:42:55.837 | INFO     | pycaalp.gapp.assembly_digraph:compute_assembly_digraph_complete:395 - Computing assembly digraph...
2026-07-03 04:50:16.165 | INFO     | pycaalp.time_balancing.model:run_mip:430 - Running MIP solver ...
2026-07-03 04:52:41.624 | INFO     | pycaalp.gapp.assembly_digraph:compute_assembly_digraph_complete:395 - Computing assembly digraph...
2026-07-03 05:00:06.605 | INFO     | pycaalp.time_balancing.model:run_mip:430 - Running MIP solver ...
2026-07-03 05:02:07.595 | INFO     | pycaalp.gapp.assembly_digraph:compute_assembly_digraph_complete:395 - Computing assembly digraph...
2026-07-03 05:09:24.063 | INFO     | pycaalp.time_balancing.model:run_mip:430 - Running MIP solver ...
2026-07-03 05:10:52.112 | INFO     | __main__:<module>:240 - Running plot_total_time
{0: (np.float64(424.371475), np.float64(1.0228680248135766), np.float64(939.0), np.float64(0.0), np.float64(0.0), np.float64(0.0), np.float64(637.3064870699891), np.float64(0.0), np.float64(210.10419241999625), np.float64(0.0)), 10: (np.float64(508.64717659999997), np.float64(1.0228680248135766), np.float64(939.0), np.float64(216.7043626807166), np.float64(9.930136612989092e-17), np.float64(0.0), np.float64(956.9726383350092), np.float64(209.18830456301797), np.float64(445.367286038195), np.float64(10.699661650588297)), 20: (np.float64(713.8533886), np.float64(1.0228680248135769), np.float64(939.0), np.float64(566.1084318866318), np.float64(1.4043333874306804e-16), np.float64(0.0), np.float64(1177.6416361630022), np.float64(572.1605880091461), np.float64(461.1060670805979), np.float64(15.766347973200652)), 30: (np.float64(973.7445812), np.float64(1.0228680248135766), np.float64(939.0), np.float64(864.4825490180756), np.float64(1.4043333874306804e-16), np.float64(0.0), np.float64(1434.1597478082053), np.float64(864.2499124807088), np.float64(458.04284463759393), np.float64(11.0287783859426)), 40: (np.float64(255.9356206), np.float64(1.0228680248135766), np.float64(939.0), np.float64(143.14908838725208), np.float64(9.930136612989092e-17), np.float64(0.0), np.float64(714.5999729547941), np.float64(142.76019763242408), np.float64(456.5241819209943), np.float64(10.591154836057187)), 50: (np.float64(150.1824182), np.float64(1.0228680248135766), np.float64(939.0), np.float64(22.77682928803531), np.float64(1.4043333874306804e-16), np.float64(0.0), np.float64(582.9621534447942), np.float64(30.27992185028153), np.float64(430.913068218797), np.float64(18.39603848763988)), 60: (np.float64(341.2960566), np.float64(1.0228680248135769), np.float64(939.0), np.float64(457.2673082138945), np.float64(1.7199501139797033e-16), np.float64(0.0), np.float64(787.8933468889969), np.float64(460.05308095136627), np.float64(445.1649457323947), np.float64(8.779106321449934)), 70: (np.float64(246.50456100000002), np.float64(1.0228680248135766), np.float64(939.0), np.float64(264.41179124389464), np.float64(2.220446049250313e-16), np.float64(0.0), np.float64(685.2794807792001), np.float64(260.6326344509142), np.float64(437.6809836334025), np.float64(4.976669319126071))}
Saved MIP solve time plot in experiments/edge_reduction/sweeps/assembly_2_np_3/lambda_0.2/plots/MIP_solve_time_num_phases_3.svg
2026-07-03 05:10:52.171 | INFO     | __main__:<module>:250 - Running plot_speedup_vs_max_length_lost
Saved speedup_vs_weld_len_degr plot in experiments/edge_reduction/sweeps/assembly_2_np_3/lambda_0.2/plots/speedup_vs_weld_len_degr_num_phases_3.svg
2026-07-03 05:10:52.298 | INFO     | __main__:<module>:253 - Running plot_average_max_time
Saved Max welding length [mm] plot in experiments/edge_reduction/sweeps/assembly_2_np_3/lambda_0.2/plots/Max_welding_length_[mm]_num_phases_3.svg

----------------- λ = 0.3 -----------------
2026-07-02 20:11:47.685 | INFO     | __main__:<module>:193 - Running /home/utg/Work/PyCAALP/experiments/edge_reduction/run.py
2026-07-02 20:11:47.685 | INFO     | __main__:<module>:194 - ASSEMBLY_FNAME='data/assembly_2/assembly_2_parts.json'
2026-07-02 20:11:47.685 | INFO     | __main__:<module>:196 - DFM_FNAME='data/assembly_2/assembly_2_dfm.json'
2026-07-02 20:11:47.685 | INFO     | __main__:<module>:197 - NUM_PHASES=3
2026-07-02 20:11:47.685 | INFO     | __main__:<module>:198 - RES_FNAME='experiments/edge_reduction/sweeps/assembly_2_np_3/lambda_0.3/res.pkl'
2026-07-02 20:11:47.685 | INFO     | experiments.edge_reduction.scripts.combination_runs:run_full_edge_reduction_change:98 - Running test with: red_perc=0
2026-07-02 20:11:47.688 | INFO     | pycaalp.gapp.assembly_digraph:compute_assembly_digraph_complete:395 - Computing assembly digraph...
2026-07-02 20:15:05.749 | INFO     | pycaalp.time_balancing.model:run_mip:430 - Running MIP solver ...
2026-07-02 20:46:57.245 | INFO     | experiments.edge_reduction.scripts.combination_runs:run_full_edge_reduction_change:98 - Running test with: red_perc=10
2026-07-02 20:46:57.248 | INFO     | pycaalp.gapp.assembly_digraph:compute_assembly_digraph_complete:395 - Computing assembly digraph...
2026-07-02 20:53:32.972 | INFO     | pycaalp.time_balancing.model:run_mip:430 - Running MIP solver ...
2026-07-02 21:02:45.077 | INFO     | pycaalp.gapp.assembly_digraph:compute_assembly_digraph_complete:395 - Computing assembly digraph...
2026-07-02 21:09:57.265 | INFO     | pycaalp.time_balancing.model:run_mip:430 - Running MIP solver ...
2026-07-02 22:14:24.621 | INFO     | pycaalp.gapp.assembly_digraph:compute_assembly_digraph_complete:395 - Computing assembly digraph...
2026-07-02 22:21:39.349 | INFO     | pycaalp.time_balancing.model:run_mip:430 - Running MIP solver ...
2026-07-02 23:46:34.873 | INFO     | pycaalp.gapp.assembly_digraph:compute_assembly_digraph_complete:395 - Computing assembly digraph...
2026-07-02 23:53:42.153 | INFO     | pycaalp.time_balancing.model:run_mip:430 - Running MIP solver ...
2026-07-03 00:19:01.294 | INFO     | pycaalp.gapp.assembly_digraph:compute_assembly_digraph_complete:395 - Computing assembly digraph...
2026-07-03 00:26:31.941 | INFO     | pycaalp.time_balancing.model:run_mip:430 - Running MIP solver ...
2026-07-03 01:05:02.903 | INFO     | experiments.edge_reduction.scripts.combination_runs:run_full_edge_reduction_change:98 - Running test with: red_perc=20
2026-07-03 01:05:02.906 | INFO     | pycaalp.gapp.assembly_digraph:compute_assembly_digraph_complete:395 - Computing assembly digraph...
2026-07-03 01:12:15.010 | INFO     | pycaalp.time_balancing.model:run_mip:430 - Running MIP solver ...
2026-07-03 01:38:41.075 | INFO     | pycaalp.gapp.assembly_digraph:compute_assembly_digraph_complete:395 - Computing assembly digraph...
2026-07-03 01:45:56.817 | INFO     | pycaalp.time_balancing.model:run_mip:430 - Running MIP solver ...
2026-07-03 02:52:24.777 | INFO     | pycaalp.gapp.assembly_digraph:compute_assembly_digraph_complete:395 - Computing assembly digraph...
2026-07-03 02:59:14.715 | INFO     | pycaalp.time_balancing.model:run_mip:430 - Running MIP solver ...
2026-07-03 04:29:15.195 | INFO     | pycaalp.gapp.assembly_digraph:compute_assembly_digraph_complete:395 - Computing assembly digraph...
2026-07-03 04:36:21.028 | INFO     | pycaalp.time_balancing.model:run_mip:430 - Running MIP solver ...
2026-07-03 05:22:34.127 | INFO     | pycaalp.gapp.assembly_digraph:compute_assembly_digraph_complete:395 - Computing assembly digraph...
2026-07-03 05:28:53.943 | INFO     | pycaalp.time_balancing.model:run_mip:430 - Running MIP solver ...
2026-07-03 06:27:45.843 | INFO     | experiments.edge_reduction.scripts.combination_runs:run_full_edge_reduction_change:98 - Running test with: red_perc=30
2026-07-03 06:27:45.845 | INFO     | pycaalp.gapp.assembly_digraph:compute_assembly_digraph_complete:395 - Computing assembly digraph...
2026-07-03 06:34:22.606 | INFO     | pycaalp.time_balancing.model:run_mip:430 - Running MIP solver ...
2026-07-03 07:06:01.775 | INFO     | pycaalp.gapp.assembly_digraph:compute_assembly_digraph_complete:395 - Computing assembly digraph...
2026-07-03 07:13:00.210 | INFO     | pycaalp.time_balancing.model:run_mip:430 - Running MIP solver ...
2026-07-03 07:52:57.129 | INFO     | pycaalp.gapp.assembly_digraph:compute_assembly_digraph_complete:395 - Computing assembly digraph...
2026-07-03 07:59:42.242 | INFO     | pycaalp.time_balancing.model:run_mip:430 - Running MIP solver ...
2026-07-03 08:27:03.509 | INFO     | pycaalp.gapp.assembly_digraph:compute_assembly_digraph_complete:395 - Computing assembly digraph...
2026-07-03 08:33:46.123 | INFO     | pycaalp.time_balancing.model:run_mip:430 - Running MIP solver ...
2026-07-03 09:08:16.806 | INFO     | pycaalp.gapp.assembly_digraph:compute_assembly_digraph_complete:395 - Computing assembly digraph...
2026-07-03 09:14:37.698 | INFO     | pycaalp.time_balancing.model:run_mip:430 - Running MIP solver ...
2026-07-03 10:27:01.882 | INFO     | experiments.edge_reduction.scripts.combination_runs:run_full_edge_reduction_change:98 - Running test with: red_perc=40
2026-07-03 10:27:01.887 | INFO     | pycaalp.gapp.assembly_digraph:compute_assembly_digraph_complete:395 - Computing assembly digraph...
2026-07-03 10:33:29.335 | INFO     | pycaalp.time_balancing.model:run_mip:430 - Running MIP solver ...
2026-07-03 11:10:07.360 | INFO     | pycaalp.gapp.assembly_digraph:compute_assembly_digraph_complete:395 - Computing assembly digraph...
2026-07-03 11:16:50.276 | INFO     | pycaalp.time_balancing.model:run_mip:430 - Running MIP solver ...
2026-07-03 11:45:05.456 | INFO     | pycaalp.gapp.assembly_digraph:compute_assembly_digraph_complete:395 - Computing assembly digraph...
2026-07-03 11:51:24.350 | INFO     | pycaalp.time_balancing.model:run_mip:430 - Running MIP solver ...
2026-07-03 12:11:26.411 | INFO     | pycaalp.gapp.assembly_digraph:compute_assembly_digraph_complete:395 - Computing assembly digraph...
2026-07-03 12:17:37.781 | INFO     | pycaalp.time_balancing.model:run_mip:430 - Running MIP solver ...
2026-07-03 12:36:37.404 | INFO     | pycaalp.gapp.assembly_digraph:compute_assembly_digraph_complete:395 - Computing assembly digraph...
2026-07-03 12:43:21.951 | INFO     | pycaalp.time_balancing.model:run_mip:430 - Running MIP solver ...
2026-07-03 13:09:07.770 | INFO     | experiments.edge_reduction.scripts.combination_runs:run_full_edge_reduction_change:98 - Running test with: red_perc=50
2026-07-03 13:09:07.774 | INFO     | pycaalp.gapp.assembly_digraph:compute_assembly_digraph_complete:395 - Computing assembly digraph...
2026-07-03 13:16:00.977 | INFO     | pycaalp.time_balancing.model:run_mip:430 - Running MIP solver ...
2026-07-03 13:36:39.486 | INFO     | pycaalp.gapp.assembly_digraph:compute_assembly_digraph_complete:395 - Computing assembly digraph...
2026-07-03 13:43:35.503 | INFO     | pycaalp.time_balancing.model:run_mip:430 - Running MIP solver ...
2026-07-03 14:06:54.478 | INFO     | pycaalp.gapp.assembly_digraph:compute_assembly_digraph_complete:395 - Computing assembly digraph...
2026-07-03 14:13:34.840 | INFO     | pycaalp.time_balancing.model:run_mip:430 - Running MIP solver ...
2026-07-03 14:42:31.225 | INFO     | pycaalp.gapp.assembly_digraph:compute_assembly_digraph_complete:395 - Computing assembly digraph...
2026-07-03 14:49:11.326 | INFO     | pycaalp.time_balancing.model:run_mip:430 - Running MIP solver ...
2026-07-03 15:02:37.176 | INFO     | pycaalp.gapp.assembly_digraph:compute_assembly_digraph_complete:395 - Computing assembly digraph...
2026-07-03 15:09:17.625 | INFO     | pycaalp.time_balancing.model:run_mip:430 - Running MIP solver ...
2026-07-03 15:35:47.227 | INFO     | experiments.edge_reduction.scripts.combination_runs:run_full_edge_reduction_change:98 - Running test with: red_perc=60
2026-07-03 15:35:47.231 | INFO     | pycaalp.gapp.assembly_digraph:compute_assembly_digraph_complete:395 - Computing assembly digraph...
2026-07-03 15:42:22.278 | INFO     | pycaalp.time_balancing.model:run_mip:430 - Running MIP solver ...
2026-07-03 16:02:31.308 | INFO     | pycaalp.gapp.assembly_digraph:compute_assembly_digraph_complete:395 - Computing assembly digraph...
2026-07-03 16:08:56.230 | INFO     | pycaalp.time_balancing.model:run_mip:430 - Running MIP solver ...
2026-07-03 16:26:55.158 | INFO     | pycaalp.gapp.assembly_digraph:compute_assembly_digraph_complete:395 - Computing assembly digraph...
2026-07-03 16:33:09.960 | INFO     | pycaalp.time_balancing.model:run_mip:430 - Running MIP solver ...
2026-07-03 16:47:48.152 | INFO     | pycaalp.gapp.assembly_digraph:compute_assembly_digraph_complete:395 - Computing assembly digraph...
2026-07-03 16:54:03.854 | INFO     | pycaalp.time_balancing.model:run_mip:430 - Running MIP solver ...
2026-07-03 17:32:22.194 | INFO     | pycaalp.gapp.assembly_digraph:compute_assembly_digraph_complete:395 - Computing assembly digraph...
2026-07-03 17:38:57.278 | INFO     | pycaalp.time_balancing.model:run_mip:430 - Running MIP solver ...
2026-07-03 17:56:44.102 | INFO     | experiments.edge_reduction.scripts.combination_runs:run_full_edge_reduction_change:98 - Running test with: red_perc=70
2026-07-03 17:56:44.106 | INFO     | pycaalp.gapp.assembly_digraph:compute_assembly_digraph_complete:395 - Computing assembly digraph...
2026-07-03 18:03:18.304 | INFO     | pycaalp.time_balancing.model:run_mip:430 - Running MIP solver ...
2026-07-03 18:23:25.424 | INFO     | pycaalp.gapp.assembly_digraph:compute_assembly_digraph_complete:395 - Computing assembly digraph...
2026-07-03 18:30:06.264 | INFO     | pycaalp.time_balancing.model:run_mip:430 - Running MIP solver ...
2026-07-03 18:43:35.954 | INFO     | pycaalp.gapp.assembly_digraph:compute_assembly_digraph_complete:395 - Computing assembly digraph...
2026-07-03 18:49:58.283 | INFO     | pycaalp.time_balancing.model:run_mip:430 - Running MIP solver ...
2026-07-03 19:10:16.540 | INFO     | pycaalp.gapp.assembly_digraph:compute_assembly_digraph_complete:395 - Computing assembly digraph...
2026-07-03 19:16:36.866 | INFO     | pycaalp.time_balancing.model:run_mip:430 - Running MIP solver ...
2026-07-03 19:39:05.309 | INFO     | pycaalp.gapp.assembly_digraph:compute_assembly_digraph_complete:395 - Computing assembly digraph...
2026-07-03 19:45:24.577 | INFO     | pycaalp.time_balancing.model:run_mip:430 - Running MIP solver ...
2026-07-03 19:58:04.536 | INFO     | __main__:<module>:240 - Running plot_total_time
{0: (np.float64(1908.908576), np.float64(1.027616101535432), np.float64(939.0), np.float64(0.0), np.float64(0.0), np.float64(0.0), np.float64(2109.5599786620005), np.float64(0.0), np.float64(198.06421634799335), np.float64(0.0)), 10: (np.float64(2665.6910526), np.float64(1.0276161015354317), np.float64(939.0), np.float64(1628.1175250279105), np.float64(1.9860273225978183e-16), np.float64(0.0), np.float64(3096.675701365998), np.float64(1638.387128733453), np.float64(428.11685723999983), np.float64(17.988802830843742)), 20: (np.float64(3452.8627602), np.float64(1.027616101535432), np.float64(939.0), np.float64(1267.4385114728655), np.float64(0.0), np.float64(0.0), np.float64(3872.1478668344034), np.float64(1261.1925410619976), np.float64(416.69103259440163), np.float64(20.44167603396046)), 30: (np.float64(2467.7080498000005), np.float64(1.027616101535432), np.float64(939.0), np.float64(968.4827801478472), np.float64(0.0), np.float64(0.0), np.float64(2870.804752737406), np.float64(960.1696344778231), np.float64(400.7683166670089), np.float64(12.211590881275537)), 40: (np.float64(1553.7808586000003), np.float64(1.027616101535432), np.float64(939.0), np.float64(382.1708431107762), np.float64(0.0), np.float64(0.0), np.float64(1944.8172329366032), np.float64(388.46030336344387), np.float64(389.0405611113994), np.float64(13.04407028385297)), 50: (np.float64(1351.8189619999998), np.float64(1.027616101535432), np.float64(939.0), np.float64(321.71255105126437), np.float64(0.0), np.float64(0.0), np.float64(1759.6025167823886), np.float64(321.43897442862306), np.float64(406.0317275395966), np.float64(7.065355368730104)), 60: (np.float64(1304.6341426), np.float64(1.027616101535432), np.float64(939.0), np.float64(507.15189578167633), np.float64(0.0), np.float64(0.0), np.float64(1691.1132363237964), np.float64(503.9577168854106), np.float64(385.11680921559457), np.float64(8.865619747495323)), 70: (np.float64(1067.4341012), np.float64(1.027616101535432), np.float64(939.0), np.float64(237.67013914205046), np.float64(0.0), np.float64(0.0), np.float64(1455.8258265135926), np.float64(235.44007255666557), np.float64(387.3970526159974), np.float64(8.587531146358288))}
Saved MIP solve time plot in experiments/edge_reduction/sweeps/assembly_2_np_3/lambda_0.3/plots/MIP_solve_time_num_phases_3.svg
2026-07-03 19:58:04.592 | INFO     | __main__:<module>:250 - Running plot_speedup_vs_max_length_lost
Saved speedup_vs_weld_len_degr plot in experiments/edge_reduction/sweeps/assembly_2_np_3/lambda_0.3/plots/speedup_vs_weld_len_degr_num_phases_3.svg
2026-07-03 19:58:04.701 | INFO     | __main__:<module>:253 - Running plot_average_max_time
Saved Max welding length [mm] plot in experiments/edge_reduction/sweeps/assembly_2_np_3/lambda_0.3/plots/Max_welding_length_[mm]_num_phases_3.svg

----------------- λ = 0.4 -----------------
2026-07-02 20:11:47.701 | INFO     | __main__:<module>:193 - Running /home/utg/Work/PyCAALP/experiments/edge_reduction/run.py
2026-07-02 20:11:47.701 | INFO     | __main__:<module>:194 - ASSEMBLY_FNAME='data/assembly_2/assembly_2_parts.json'
2026-07-02 20:11:47.701 | INFO     | __main__:<module>:196 - DFM_FNAME='data/assembly_2/assembly_2_dfm.json'
2026-07-02 20:11:47.701 | INFO     | __main__:<module>:197 - NUM_PHASES=3
2026-07-02 20:11:47.701 | INFO     | __main__:<module>:198 - RES_FNAME='experiments/edge_reduction/sweeps/assembly_2_np_3/lambda_0.4/res.pkl'
2026-07-02 20:11:47.701 | INFO     | experiments.edge_reduction.scripts.combination_runs:run_full_edge_reduction_change:98 - Running test with: red_perc=0
2026-07-02 20:11:47.704 | INFO     | pycaalp.gapp.assembly_digraph:compute_assembly_digraph_complete:395 - Computing assembly digraph...
2026-07-02 20:15:10.361 | INFO     | pycaalp.time_balancing.model:run_mip:430 - Running MIP solver ...
2026-07-02 23:04:54.529 | INFO     | experiments.edge_reduction.scripts.combination_runs:run_full_edge_reduction_change:98 - Running test with: red_perc=10
2026-07-02 23:04:54.532 | INFO     | pycaalp.gapp.assembly_digraph:compute_assembly_digraph_complete:395 - Computing assembly digraph...
2026-07-02 23:11:47.867 | INFO     | pycaalp.time_balancing.model:run_mip:430 - Running MIP solver ...
2026-07-02 23:52:08.386 | INFO     | pycaalp.gapp.assembly_digraph:compute_assembly_digraph_complete:395 - Computing assembly digraph...
2026-07-02 23:58:55.733 | INFO     | pycaalp.time_balancing.model:run_mip:430 - Running MIP solver ...
2026-07-03 01:02:07.714 | INFO     | pycaalp.gapp.assembly_digraph:compute_assembly_digraph_complete:395 - Computing assembly digraph...
2026-07-03 01:08:51.794 | INFO     | pycaalp.time_balancing.model:run_mip:430 - Running MIP solver ...
2026-07-03 02:24:28.475 | INFO     | pycaalp.gapp.assembly_digraph:compute_assembly_digraph_complete:395 - Computing assembly digraph...
2026-07-03 02:31:21.420 | INFO     | pycaalp.time_balancing.model:run_mip:430 - Running MIP solver ...
2026-07-03 03:10:51.254 | INFO     | pycaalp.gapp.assembly_digraph:compute_assembly_digraph_complete:395 - Computing assembly digraph...
2026-07-03 03:17:57.008 | INFO     | pycaalp.time_balancing.model:run_mip:430 - Running MIP solver ...
2026-07-03 04:59:11.474 | INFO     | experiments.edge_reduction.scripts.combination_runs:run_full_edge_reduction_change:98 - Running test with: red_perc=20
2026-07-03 04:59:11.477 | INFO     | pycaalp.gapp.assembly_digraph:compute_assembly_digraph_complete:395 - Computing assembly digraph...
2026-07-03 05:06:10.267 | INFO     | pycaalp.time_balancing.model:run_mip:430 - Running MIP solver ...
2026-07-03 06:16:25.871 | INFO     | pycaalp.gapp.assembly_digraph:compute_assembly_digraph_complete:395 - Computing assembly digraph...
2026-07-03 06:23:05.661 | INFO     | pycaalp.time_balancing.model:run_mip:430 - Running MIP solver ...
2026-07-03 07:32:09.232 | INFO     | pycaalp.gapp.assembly_digraph:compute_assembly_digraph_complete:395 - Computing assembly digraph...
2026-07-03 07:38:30.115 | INFO     | pycaalp.time_balancing.model:run_mip:430 - Running MIP solver ...
2026-07-03 08:43:44.126 | INFO     | pycaalp.gapp.assembly_digraph:compute_assembly_digraph_complete:395 - Computing assembly digraph...
2026-07-03 08:50:26.478 | INFO     | pycaalp.time_balancing.model:run_mip:430 - Running MIP solver ...
2026-07-03 09:49:28.524 | INFO     | pycaalp.gapp.assembly_digraph:compute_assembly_digraph_complete:395 - Computing assembly digraph...
2026-07-03 09:56:12.199 | INFO     | pycaalp.time_balancing.model:run_mip:430 - Running MIP solver ...
2026-07-03 10:48:46.246 | INFO     | experiments.edge_reduction.scripts.combination_runs:run_full_edge_reduction_change:98 - Running test with: red_perc=30
2026-07-03 10:48:46.251 | INFO     | pycaalp.gapp.assembly_digraph:compute_assembly_digraph_complete:395 - Computing assembly digraph...
2026-07-03 10:55:29.976 | INFO     | pycaalp.time_balancing.model:run_mip:430 - Running MIP solver ...
2026-07-03 11:45:07.736 | INFO     | pycaalp.gapp.assembly_digraph:compute_assembly_digraph_complete:395 - Computing assembly digraph...
2026-07-03 11:51:34.144 | INFO     | pycaalp.time_balancing.model:run_mip:430 - Running MIP solver ...
2026-07-03 12:29:24.625 | INFO     | pycaalp.gapp.assembly_digraph:compute_assembly_digraph_complete:395 - Computing assembly digraph...
2026-07-03 12:36:05.683 | INFO     | pycaalp.time_balancing.model:run_mip:430 - Running MIP solver ...
2026-07-03 13:33:58.708 | INFO     | pycaalp.gapp.assembly_digraph:compute_assembly_digraph_complete:395 - Computing assembly digraph...
2026-07-03 13:40:40.476 | INFO     | pycaalp.time_balancing.model:run_mip:430 - Running MIP solver ...
2026-07-03 14:32:17.445 | INFO     | pycaalp.gapp.assembly_digraph:compute_assembly_digraph_complete:395 - Computing assembly digraph...
2026-07-03 14:38:40.836 | INFO     | pycaalp.time_balancing.model:run_mip:430 - Running MIP solver ...
2026-07-03 15:31:19.704 | INFO     | experiments.edge_reduction.scripts.combination_runs:run_full_edge_reduction_change:98 - Running test with: red_perc=40
2026-07-03 15:31:19.710 | INFO     | pycaalp.gapp.assembly_digraph:compute_assembly_digraph_complete:395 - Computing assembly digraph...
2026-07-03 15:37:39.836 | INFO     | pycaalp.time_balancing.model:run_mip:430 - Running MIP solver ...
2026-07-03 16:42:08.780 | INFO     | pycaalp.gapp.assembly_digraph:compute_assembly_digraph_complete:395 - Computing assembly digraph...
2026-07-03 16:48:38.298 | INFO     | pycaalp.time_balancing.model:run_mip:430 - Running MIP solver ...
2026-07-03 17:35:43.453 | INFO     | pycaalp.gapp.assembly_digraph:compute_assembly_digraph_complete:395 - Computing assembly digraph...
2026-07-03 17:42:50.909 | INFO     | pycaalp.time_balancing.model:run_mip:430 - Running MIP solver ...
2026-07-03 18:08:37.092 | INFO     | pycaalp.gapp.assembly_digraph:compute_assembly_digraph_complete:395 - Computing assembly digraph...
2026-07-03 18:15:30.846 | INFO     | pycaalp.time_balancing.model:run_mip:430 - Running MIP solver ...
2026-07-03 18:53:03.805 | INFO     | pycaalp.gapp.assembly_digraph:compute_assembly_digraph_complete:395 - Computing assembly digraph...
2026-07-03 18:59:48.164 | INFO     | pycaalp.time_balancing.model:run_mip:430 - Running MIP solver ...
2026-07-03 19:51:16.155 | INFO     | experiments.edge_reduction.scripts.combination_runs:run_full_edge_reduction_change:98 - Running test with: red_perc=50
2026-07-03 19:51:16.160 | INFO     | pycaalp.gapp.assembly_digraph:compute_assembly_digraph_complete:395 - Computing assembly digraph...
2026-07-03 19:57:52.530 | INFO     | pycaalp.time_balancing.model:run_mip:430 - Running MIP solver ...
2026-07-03 20:43:52.866 | INFO     | pycaalp.gapp.assembly_digraph:compute_assembly_digraph_complete:395 - Computing assembly digraph...
2026-07-03 20:49:54.828 | INFO     | pycaalp.time_balancing.model:run_mip:430 - Running MIP solver ...
2026-07-03 21:21:06.992 | INFO     | pycaalp.gapp.assembly_digraph:compute_assembly_digraph_complete:395 - Computing assembly digraph...
2026-07-03 21:27:10.478 | INFO     | pycaalp.time_balancing.model:run_mip:430 - Running MIP solver ...
2026-07-03 21:54:10.159 | INFO     | pycaalp.gapp.assembly_digraph:compute_assembly_digraph_complete:395 - Computing assembly digraph...
2026-07-03 22:00:22.561 | INFO     | pycaalp.time_balancing.model:run_mip:430 - Running MIP solver ...
2026-07-03 22:51:16.446 | INFO     | pycaalp.gapp.assembly_digraph:compute_assembly_digraph_complete:395 - Computing assembly digraph...
2026-07-03 22:57:14.848 | INFO     | pycaalp.time_balancing.model:run_mip:430 - Running MIP solver ...
2026-07-03 23:35:06.940 | INFO     | experiments.edge_reduction.scripts.combination_runs:run_full_edge_reduction_change:98 - Running test with: red_perc=60
2026-07-03 23:35:06.943 | INFO     | pycaalp.gapp.assembly_digraph:compute_assembly_digraph_complete:395 - Computing assembly digraph...
2026-07-03 23:41:01.316 | INFO     | pycaalp.time_balancing.model:run_mip:430 - Running MIP solver ...
2026-07-04 00:14:56.754 | INFO     | pycaalp.gapp.assembly_digraph:compute_assembly_digraph_complete:395 - Computing assembly digraph...
2026-07-04 00:20:53.470 | INFO     | pycaalp.time_balancing.model:run_mip:430 - Running MIP solver ...
2026-07-04 00:43:14.060 | INFO     | pycaalp.gapp.assembly_digraph:compute_assembly_digraph_complete:395 - Computing assembly digraph...
2026-07-04 00:49:16.032 | INFO     | pycaalp.time_balancing.model:run_mip:430 - Running MIP solver ...
2026-07-04 01:58:25.403 | INFO     | pycaalp.gapp.assembly_digraph:compute_assembly_digraph_complete:395 - Computing assembly digraph...
2026-07-04 02:04:13.771 | INFO     | pycaalp.time_balancing.model:run_mip:430 - Running MIP solver ...
2026-07-04 02:44:50.444 | INFO     | pycaalp.gapp.assembly_digraph:compute_assembly_digraph_complete:395 - Computing assembly digraph...
2026-07-04 02:50:34.447 | INFO     | pycaalp.time_balancing.model:run_mip:430 - Running MIP solver ...
2026-07-04 03:32:32.139 | INFO     | experiments.edge_reduction.scripts.combination_runs:run_full_edge_reduction_change:98 - Running test with: red_perc=70
2026-07-04 03:32:32.145 | INFO     | pycaalp.gapp.assembly_digraph:compute_assembly_digraph_complete:395 - Computing assembly digraph...
2026-07-04 03:38:40.283 | INFO     | pycaalp.time_balancing.model:run_mip:430 - Running MIP solver ...
2026-07-04 04:03:38.632 | INFO     | pycaalp.gapp.assembly_digraph:compute_assembly_digraph_complete:395 - Computing assembly digraph...
2026-07-04 04:09:52.376 | INFO     | pycaalp.time_balancing.model:run_mip:430 - Running MIP solver ...
2026-07-04 04:29:02.136 | INFO     | pycaalp.gapp.assembly_digraph:compute_assembly_digraph_complete:395 - Computing assembly digraph...
2026-07-04 04:34:58.898 | INFO     | pycaalp.time_balancing.model:run_mip:430 - Running MIP solver ...
2026-07-04 04:46:12.982 | INFO     | pycaalp.gapp.assembly_digraph:compute_assembly_digraph_complete:395 - Computing assembly digraph...
2026-07-04 04:52:09.821 | INFO     | pycaalp.time_balancing.model:run_mip:430 - Running MIP solver ...
2026-07-04 05:25:24.944 | INFO     | pycaalp.gapp.assembly_digraph:compute_assembly_digraph_complete:395 - Computing assembly digraph...
2026-07-04 05:31:23.790 | INFO     | pycaalp.time_balancing.model:run_mip:430 - Running MIP solver ...
2026-07-04 05:59:32.719 | INFO     | __main__:<module>:240 - Running plot_total_time
{0: (np.float64(10181.40213), np.float64(1.0318978496258226), np.float64(922.0), np.float64(0.0), np.float64(0.0), np.float64(0.0), np.float64(10386.827374415006), np.float64(0.0), np.float64(202.65950338399853), np.float64(0.0)), 10: (np.float64(3835.4021456), np.float64(1.0318978496258226), np.float64(922.0), np.float64(1389.7008671982524), np.float64(0.0), np.float64(0.0), np.float64(4250.877331977), np.float64(1392.9673294969123), np.float64(412.6959356849955), np.float64(7.401127463710171)), 20: (np.float64(3790.9195854), np.float64(1.0318978496258226), np.float64(922.0), np.float64(396.7981789566964), np.float64(0.0), np.float64(0.0), np.float64(4194.502180272602), np.float64(398.31400275245255), np.float64(401.1031805376057), np.float64(12.095522077376456)), 30: (np.float64(2992.6699334), np.float64(1.0318978496258226), np.float64(922.0), np.float64(397.7457507442128), np.float64(0.0), np.float64(0.0), np.float64(3390.2549494708014), np.float64(401.688137636802), np.float64(395.275752725004), np.float64(8.565123943338275)), 40: (np.float64(2713.9195134), np.float64(1.0318978496258226), np.float64(922.0), np.float64(782.6505170084423), np.float64(9.930136612989092e-17), np.float64(0.0), np.float64(3118.9762341069872), np.float64(767.0568882154878), np.float64(403.04888220999857), np.float64(16.855914538264578)), 50: (np.float64(2313.574314), np.float64(1.0318978496258229), np.float64(922.0), np.float64(534.0708107753), np.float64(1.9860273225978183e-16), np.float64(0.0), np.float64(2685.8280097628012), np.float64(542.3747757875793), np.float64(370.5308054165915), np.float64(13.72026431184995)), 60: (np.float64(2494.412638), np.float64(1.0318978496258226), np.float64(922.0), np.float64(925.7797983259735), np.float64(0.0), np.float64(0.0), np.float64(2848.798437937803), np.float64(927.9308435325423), np.float64(353.09216017801083), np.float64(6.301522247728122)), 70: (np.float64(1400.0299909999999), np.float64(1.0318978496258226), np.float64(922.0), np.float64(455.4099608393523), np.float64(0.0), np.float64(0.0), np.float64(1763.9008995279903), np.float64(454.3309017580932), np.float64(362.87221688560675), np.float64(6.86829803895637))}
Saved MIP solve time plot in experiments/edge_reduction/sweeps/assembly_2_np_3/lambda_0.4/plots/MIP_solve_time_num_phases_3.svg
2026-07-04 05:59:32.767 | INFO     | __main__:<module>:250 - Running plot_speedup_vs_max_length_lost
Saved speedup_vs_weld_len_degr plot in experiments/edge_reduction/sweeps/assembly_2_np_3/lambda_0.4/plots/speedup_vs_weld_len_degr_num_phases_3.svg
2026-07-04 05:59:32.863 | INFO     | __main__:<module>:253 - Running plot_average_max_time
Saved Max welding length [mm] plot in experiments/edge_reduction/sweeps/assembly_2_np_3/lambda_0.4/plots/Max_welding_length_[mm]_num_phases_3.svg

----------------- λ = 0.5 -----------------
2026-07-02 20:11:47.697 | INFO     | __main__:<module>:193 - Running /home/utg/Work/PyCAALP/experiments/edge_reduction/run.py
2026-07-02 20:11:47.698 | INFO     | __main__:<module>:194 - ASSEMBLY_FNAME='data/assembly_2/assembly_2_parts.json'
2026-07-02 20:11:47.698 | INFO     | __main__:<module>:196 - DFM_FNAME='data/assembly_2/assembly_2_dfm.json'
2026-07-02 20:11:47.698 | INFO     | __main__:<module>:197 - NUM_PHASES=3
2026-07-02 20:11:47.698 | INFO     | __main__:<module>:198 - RES_FNAME='experiments/edge_reduction/sweeps/assembly_2_np_3/lambda_0.5/res.pkl'
2026-07-02 20:11:47.698 | INFO     | experiments.edge_reduction.scripts.combination_runs:run_full_edge_reduction_change:98 - Running test with: red_perc=0
2026-07-02 20:11:47.701 | INFO     | pycaalp.gapp.assembly_digraph:compute_assembly_digraph_complete:395 - Computing assembly digraph...
2026-07-02 20:15:09.595 | INFO     | pycaalp.time_balancing.model:run_mip:430 - Running MIP solver ...
2026-07-02 21:58:18.961 | INFO     | experiments.edge_reduction.scripts.combination_runs:run_full_edge_reduction_change:98 - Running test with: red_perc=10
2026-07-02 21:58:18.964 | INFO     | pycaalp.gapp.assembly_digraph:compute_assembly_digraph_complete:395 - Computing assembly digraph...
2026-07-02 22:05:36.506 | INFO     | pycaalp.time_balancing.model:run_mip:430 - Running MIP solver ...
2026-07-03 00:07:56.104 | INFO     | pycaalp.gapp.assembly_digraph:compute_assembly_digraph_complete:395 - Computing assembly digraph...
2026-07-03 00:15:06.215 | INFO     | pycaalp.time_balancing.model:run_mip:430 - Running MIP solver ...
2026-07-03 01:38:26.606 | INFO     | pycaalp.gapp.assembly_digraph:compute_assembly_digraph_complete:395 - Computing assembly digraph...
2026-07-03 01:45:31.141 | INFO     | pycaalp.time_balancing.model:run_mip:430 - Running MIP solver ...
2026-07-03 02:59:50.105 | INFO     | pycaalp.gapp.assembly_digraph:compute_assembly_digraph_complete:395 - Computing assembly digraph...
2026-07-03 03:06:55.026 | INFO     | pycaalp.time_balancing.model:run_mip:430 - Running MIP solver ...
2026-07-03 04:40:03.666 | INFO     | pycaalp.gapp.assembly_digraph:compute_assembly_digraph_complete:395 - Computing assembly digraph...
2026-07-03 04:47:05.891 | INFO     | pycaalp.time_balancing.model:run_mip:430 - Running MIP solver ...
2026-07-03 05:31:27.703 | INFO     | experiments.edge_reduction.scripts.combination_runs:run_full_edge_reduction_change:98 - Running test with: red_perc=20
2026-07-03 05:31:27.707 | INFO     | pycaalp.gapp.assembly_digraph:compute_assembly_digraph_complete:395 - Computing assembly digraph...
2026-07-03 05:38:13.994 | INFO     | pycaalp.time_balancing.model:run_mip:430 - Running MIP solver ...
2026-07-03 07:45:48.729 | INFO     | pycaalp.gapp.assembly_digraph:compute_assembly_digraph_complete:395 - Computing assembly digraph...
2026-07-03 07:52:28.379 | INFO     | pycaalp.time_balancing.model:run_mip:430 - Running MIP solver ...
2026-07-03 08:50:12.967 | INFO     | pycaalp.gapp.assembly_digraph:compute_assembly_digraph_complete:395 - Computing assembly digraph...
2026-07-03 08:57:03.777 | INFO     | pycaalp.time_balancing.model:run_mip:430 - Running MIP solver ...
2026-07-03 10:10:11.311 | INFO     | pycaalp.gapp.assembly_digraph:compute_assembly_digraph_complete:395 - Computing assembly digraph...
2026-07-03 10:16:45.337 | INFO     | pycaalp.time_balancing.model:run_mip:430 - Running MIP solver ...
2026-07-03 12:13:15.475 | INFO     | pycaalp.gapp.assembly_digraph:compute_assembly_digraph_complete:395 - Computing assembly digraph...
2026-07-03 12:19:26.910 | INFO     | pycaalp.time_balancing.model:run_mip:430 - Running MIP solver ...
2026-07-03 14:33:16.925 | INFO     | experiments.edge_reduction.scripts.combination_runs:run_full_edge_reduction_change:98 - Running test with: red_perc=30
2026-07-03 14:33:16.930 | INFO     | pycaalp.gapp.assembly_digraph:compute_assembly_digraph_complete:395 - Computing assembly digraph...
2026-07-03 14:39:38.006 | INFO     | pycaalp.time_balancing.model:run_mip:430 - Running MIP solver ...
2026-07-03 16:28:28.841 | INFO     | pycaalp.gapp.assembly_digraph:compute_assembly_digraph_complete:395 - Computing assembly digraph...
2026-07-03 16:34:58.719 | INFO     | pycaalp.time_balancing.model:run_mip:430 - Running MIP solver ...
2026-07-03 18:01:38.285 | INFO     | pycaalp.gapp.assembly_digraph:compute_assembly_digraph_complete:395 - Computing assembly digraph...
2026-07-03 18:08:11.584 | INFO     | pycaalp.time_balancing.model:run_mip:430 - Running MIP solver ...
2026-07-03 19:50:33.863 | INFO     | pycaalp.gapp.assembly_digraph:compute_assembly_digraph_complete:395 - Computing assembly digraph...
2026-07-03 19:56:56.775 | INFO     | pycaalp.time_balancing.model:run_mip:430 - Running MIP solver ...
2026-07-03 20:34:00.132 | INFO     | pycaalp.gapp.assembly_digraph:compute_assembly_digraph_complete:395 - Computing assembly digraph...
2026-07-03 20:40:13.315 | INFO     | pycaalp.time_balancing.model:run_mip:430 - Running MIP solver ...
2026-07-03 21:42:50.012 | INFO     | experiments.edge_reduction.scripts.combination_runs:run_full_edge_reduction_change:98 - Running test with: red_perc=40
2026-07-03 21:42:50.019 | INFO     | pycaalp.gapp.assembly_digraph:compute_assembly_digraph_complete:395 - Computing assembly digraph...
2026-07-03 21:48:52.424 | INFO     | pycaalp.time_balancing.model:run_mip:430 - Running MIP solver ...
2026-07-03 22:12:19.318 | INFO     | pycaalp.gapp.assembly_digraph:compute_assembly_digraph_complete:395 - Computing assembly digraph...
2026-07-03 22:18:35.004 | INFO     | pycaalp.time_balancing.model:run_mip:430 - Running MIP solver ...
2026-07-03 23:24:24.664 | INFO     | pycaalp.gapp.assembly_digraph:compute_assembly_digraph_complete:395 - Computing assembly digraph...
2026-07-03 23:30:36.184 | INFO     | pycaalp.time_balancing.model:run_mip:430 - Running MIP solver ...
2026-07-04 01:23:39.768 | INFO     | pycaalp.gapp.assembly_digraph:compute_assembly_digraph_complete:395 - Computing assembly digraph...
2026-07-04 01:29:35.171 | INFO     | pycaalp.time_balancing.model:run_mip:430 - Running MIP solver ...
2026-07-04 02:44:36.672 | INFO     | pycaalp.gapp.assembly_digraph:compute_assembly_digraph_complete:395 - Computing assembly digraph...
2026-07-04 02:50:19.124 | INFO     | pycaalp.time_balancing.model:run_mip:430 - Running MIP solver ...
2026-07-04 03:58:54.380 | INFO     | experiments.edge_reduction.scripts.combination_runs:run_full_edge_reduction_change:98 - Running test with: red_perc=50
2026-07-04 03:58:54.387 | INFO     | pycaalp.gapp.assembly_digraph:compute_assembly_digraph_complete:395 - Computing assembly digraph...
2026-07-04 04:04:45.500 | INFO     | pycaalp.time_balancing.model:run_mip:430 - Running MIP solver ...
2026-07-04 04:43:57.610 | INFO     | pycaalp.gapp.assembly_digraph:compute_assembly_digraph_complete:395 - Computing assembly digraph...
2026-07-04 04:49:40.638 | INFO     | pycaalp.time_balancing.model:run_mip:430 - Running MIP solver ...
2026-07-04 06:33:52.755 | INFO     | pycaalp.gapp.assembly_digraph:compute_assembly_digraph_complete:395 - Computing assembly digraph...
2026-07-04 06:39:20.746 | INFO     | pycaalp.time_balancing.model:run_mip:430 - Running MIP solver ...
2026-07-04 06:57:48.400 | INFO     | pycaalp.gapp.assembly_digraph:compute_assembly_digraph_complete:395 - Computing assembly digraph...
2026-07-04 07:03:09.306 | INFO     | pycaalp.time_balancing.model:run_mip:430 - Running MIP solver ...
2026-07-04 07:15:22.455 | INFO     | pycaalp.gapp.assembly_digraph:compute_assembly_digraph_complete:395 - Computing assembly digraph...
2026-07-04 07:20:58.337 | INFO     | pycaalp.time_balancing.model:run_mip:430 - Running MIP solver ...
2026-07-04 08:10:27.199 | INFO     | experiments.edge_reduction.scripts.combination_runs:run_full_edge_reduction_change:98 - Running test with: red_perc=60
2026-07-04 08:10:27.201 | INFO     | pycaalp.gapp.assembly_digraph:compute_assembly_digraph_complete:395 - Computing assembly digraph...
2026-07-04 08:15:38.003 | INFO     | pycaalp.time_balancing.model:run_mip:430 - Running MIP solver ...
2026-07-04 08:47:49.773 | INFO     | pycaalp.gapp.assembly_digraph:compute_assembly_digraph_complete:395 - Computing assembly digraph...
2026-07-04 08:53:12.588 | INFO     | pycaalp.time_balancing.model:run_mip:430 - Running MIP solver ...
2026-07-04 09:36:55.402 | INFO     | pycaalp.gapp.assembly_digraph:compute_assembly_digraph_complete:395 - Computing assembly digraph...
2026-07-04 09:42:16.120 | INFO     | pycaalp.time_balancing.model:run_mip:430 - Running MIP solver ...
2026-07-04 10:00:57.407 | INFO     | pycaalp.gapp.assembly_digraph:compute_assembly_digraph_complete:395 - Computing assembly digraph...
2026-07-04 10:06:14.035 | INFO     | pycaalp.time_balancing.model:run_mip:430 - Running MIP solver ...
2026-07-04 10:28:52.996 | INFO     | pycaalp.gapp.assembly_digraph:compute_assembly_digraph_complete:395 - Computing assembly digraph...
2026-07-04 10:34:08.880 | INFO     | pycaalp.time_balancing.model:run_mip:430 - Running MIP solver ...
2026-07-04 10:59:13.074 | INFO     | experiments.edge_reduction.scripts.combination_runs:run_full_edge_reduction_change:98 - Running test with: red_perc=70
2026-07-04 10:59:13.079 | INFO     | pycaalp.gapp.assembly_digraph:compute_assembly_digraph_complete:395 - Computing assembly digraph...
2026-07-04 11:04:41.622 | INFO     | pycaalp.time_balancing.model:run_mip:430 - Running MIP solver ...
2026-07-04 11:59:03.019 | INFO     | pycaalp.gapp.assembly_digraph:compute_assembly_digraph_complete:395 - Computing assembly digraph...
2026-07-04 12:04:13.127 | INFO     | pycaalp.time_balancing.model:run_mip:430 - Running MIP solver ...
2026-07-04 12:15:19.170 | INFO     | pycaalp.gapp.assembly_digraph:compute_assembly_digraph_complete:395 - Computing assembly digraph...
2026-07-04 12:20:41.522 | INFO     | pycaalp.time_balancing.model:run_mip:430 - Running MIP solver ...
2026-07-04 13:12:11.181 | INFO     | pycaalp.gapp.assembly_digraph:compute_assembly_digraph_complete:395 - Computing assembly digraph...
2026-07-04 13:17:34.258 | INFO     | pycaalp.time_balancing.model:run_mip:430 - Running MIP solver ...
2026-07-04 14:04:14.683 | INFO     | pycaalp.gapp.assembly_digraph:compute_assembly_digraph_complete:395 - Computing assembly digraph...
2026-07-04 14:09:30.992 | INFO     | pycaalp.time_balancing.model:run_mip:430 - Running MIP solver ...
2026-07-04 14:57:17.408 | INFO     | __main__:<module>:240 - Running plot_total_time
{0: (np.float64(6186.624152), np.float64(1.033522636984693), np.float64(922.0), np.float64(0.0), np.float64(0.0), np.float64(0.0), np.float64(6391.263574551995), np.float64(0.0), np.float64(201.89690796798095), np.float64(0.0)), 10: (np.float64(5006.5866662), np.float64(1.033522636984693), np.float64(922.0), np.float64(1521.8521762787288), np.float64(9.930136612989092e-17), np.float64(0.0), np.float64(5437.301758157596), np.float64(1526.5400639742895), np.float64(427.8702584279992), np.float64(5.481150600402771)), 20: (np.float64(6102.4750358), np.float64(1.033522636984693), np.float64(922.0), np.float64(1833.7075651787086), np.float64(1.7199501139797033e-16), np.float64(0.0), np.float64(6501.412683325592), np.float64(1826.3159780532353), np.float64(396.44764137619643), np.float64(13.746327043010906)), 30: (np.float64(4767.9259786), np.float64(1.033522636984693), np.float64(922.0), np.float64(1592.4900351668641), np.float64(9.930136612989092e-17), np.float64(0.0), np.float64(5154.228005244996), np.float64(1595.4840101221596), np.float64(384.0767648960056), np.float64(7.038706711855447)), 40: (np.float64(4148.972696), np.float64(1.033522636984693), np.float64(922.0), np.float64(1710.2340576748163), np.float64(0.0), np.float64(0.0), np.float64(4512.532213651202), np.float64(1712.6050240320897), np.float64(361.5011654585949), np.float64(11.853121905923231)), 50: (np.float64(2680.8933623999997), np.float64(1.033522636984693), np.float64(922.0), np.float64(1960.310766470359), np.float64(9.930136612989092e-17), np.float64(0.0), np.float64(3018.297985475615), np.float64(1966.6479655801152), np.float64(335.791668518621), np.float64(10.672191820330541)), 60: (np.float64(1706.2762908), np.float64(1.033522636984693), np.float64(922.0), np.float64(528.0425548768646), np.float64(0.0), np.float64(0.0), np.float64(2024.9532837767736), np.float64(528.9048826565154), np.float64(317.37539532717784), np.float64(4.166923611661335)), 70: (np.float64(2535.6250824), np.float64(1.033522636984693), np.float64(922.0), np.float64(949.6025781829353), np.float64(9.930136612989092e-17), np.float64(0.0), np.float64(2856.6400448551985), np.float64(954.983187766256), np.float64(320.08380120918156), np.float64(6.314968709622027))}
Saved MIP solve time plot in experiments/edge_reduction/sweeps/assembly_2_np_3/lambda_0.5/plots/MIP_solve_time_num_phases_3.svg
2026-07-04 14:57:17.451 | INFO     | __main__:<module>:250 - Running plot_speedup_vs_max_length_lost
Saved speedup_vs_weld_len_degr plot in experiments/edge_reduction/sweeps/assembly_2_np_3/lambda_0.5/plots/speedup_vs_weld_len_degr_num_phases_3.svg
2026-07-04 14:57:17.549 | INFO     | __main__:<module>:253 - Running plot_average_max_time
Saved Max welding length [mm] plot in experiments/edge_reduction/sweeps/assembly_2_np_3/lambda_0.5/plots/Max_welding_length_[mm]_num_phases_3.svg

----------------- λ = 0.6 -----------------
2026-07-02 20:11:47.686 | INFO     | __main__:<module>:193 - Running /home/utg/Work/PyCAALP/experiments/edge_reduction/run.py
2026-07-02 20:11:47.686 | INFO     | __main__:<module>:194 - ASSEMBLY_FNAME='data/assembly_2/assembly_2_parts.json'
2026-07-02 20:11:47.686 | INFO     | __main__:<module>:196 - DFM_FNAME='data/assembly_2/assembly_2_dfm.json'
2026-07-02 20:11:47.686 | INFO     | __main__:<module>:197 - NUM_PHASES=3
2026-07-02 20:11:47.686 | INFO     | __main__:<module>:198 - RES_FNAME='experiments/edge_reduction/sweeps/assembly_2_np_3/lambda_0.6/res.pkl'
2026-07-02 20:11:47.686 | INFO     | experiments.edge_reduction.scripts.combination_runs:run_full_edge_reduction_change:98 - Running test with: red_perc=0
2026-07-02 20:11:47.689 | INFO     | pycaalp.gapp.assembly_digraph:compute_assembly_digraph_complete:395 - Computing assembly digraph...
2026-07-02 20:15:12.739 | INFO     | pycaalp.time_balancing.model:run_mip:430 - Running MIP solver ...
2026-07-02 23:58:26.505 | INFO     | experiments.edge_reduction.scripts.combination_runs:run_full_edge_reduction_change:98 - Running test with: red_perc=10
2026-07-02 23:58:26.508 | INFO     | pycaalp.gapp.assembly_digraph:compute_assembly_digraph_complete:395 - Computing assembly digraph...
2026-07-03 00:05:35.038 | INFO     | pycaalp.time_balancing.model:run_mip:430 - Running MIP solver ...
2026-07-03 02:49:36.237 | INFO     | pycaalp.gapp.assembly_digraph:compute_assembly_digraph_complete:395 - Computing assembly digraph...
2026-07-03 02:55:50.676 | INFO     | pycaalp.time_balancing.model:run_mip:430 - Running MIP solver ...
2026-07-03 05:20:50.373 | INFO     | pycaalp.gapp.assembly_digraph:compute_assembly_digraph_complete:395 - Computing assembly digraph...
2026-07-03 05:26:59.545 | INFO     | pycaalp.time_balancing.model:run_mip:430 - Running MIP solver ...
2026-07-03 06:57:58.458 | INFO     | pycaalp.gapp.assembly_digraph:compute_assembly_digraph_complete:395 - Computing assembly digraph...
2026-07-03 07:04:42.251 | INFO     | pycaalp.time_balancing.model:run_mip:430 - Running MIP solver ...
2026-07-03 09:11:57.060 | INFO     | pycaalp.gapp.assembly_digraph:compute_assembly_digraph_complete:395 - Computing assembly digraph...
2026-07-03 09:18:35.078 | INFO     | pycaalp.time_balancing.model:run_mip:430 - Running MIP solver ...
2026-07-03 11:22:37.395 | INFO     | experiments.edge_reduction.scripts.combination_runs:run_full_edge_reduction_change:98 - Running test with: red_perc=20
2026-07-03 11:22:37.401 | INFO     | pycaalp.gapp.assembly_digraph:compute_assembly_digraph_complete:395 - Computing assembly digraph...
2026-07-03 11:29:21.388 | INFO     | pycaalp.time_balancing.model:run_mip:430 - Running MIP solver ...
2026-07-03 14:36:56.326 | INFO     | pycaalp.gapp.assembly_digraph:compute_assembly_digraph_complete:395 - Computing assembly digraph...
2026-07-03 14:43:44.008 | INFO     | pycaalp.time_balancing.model:run_mip:430 - Running MIP solver ...
2026-07-03 16:49:07.987 | INFO     | pycaalp.gapp.assembly_digraph:compute_assembly_digraph_complete:395 - Computing assembly digraph...
2026-07-03 16:55:40.250 | INFO     | pycaalp.time_balancing.model:run_mip:430 - Running MIP solver ...
2026-07-03 18:42:12.310 | INFO     | pycaalp.gapp.assembly_digraph:compute_assembly_digraph_complete:395 - Computing assembly digraph...
2026-07-03 18:48:32.018 | INFO     | pycaalp.time_balancing.model:run_mip:430 - Running MIP solver ...
2026-07-03 19:43:38.312 | INFO     | pycaalp.gapp.assembly_digraph:compute_assembly_digraph_complete:395 - Computing assembly digraph...
2026-07-03 19:50:22.557 | INFO     | pycaalp.time_balancing.model:run_mip:430 - Running MIP solver ...
2026-07-03 22:04:30.925 | INFO     | experiments.edge_reduction.scripts.combination_runs:run_full_edge_reduction_change:98 - Running test with: red_perc=30
2026-07-03 22:04:30.931 | INFO     | pycaalp.gapp.assembly_digraph:compute_assembly_digraph_complete:395 - Computing assembly digraph...
2026-07-03 22:10:32.553 | INFO     | pycaalp.time_balancing.model:run_mip:430 - Running MIP solver ...
2026-07-03 23:48:59.325 | INFO     | pycaalp.gapp.assembly_digraph:compute_assembly_digraph_complete:395 - Computing assembly digraph...
2026-07-03 23:54:48.063 | INFO     | pycaalp.time_balancing.model:run_mip:430 - Running MIP solver ...
2026-07-04 01:56:44.360 | INFO     | pycaalp.gapp.assembly_digraph:compute_assembly_digraph_complete:395 - Computing assembly digraph...
2026-07-04 02:02:28.768 | INFO     | pycaalp.time_balancing.model:run_mip:430 - Running MIP solver ...
2026-07-04 04:19:21.598 | INFO     | pycaalp.gapp.assembly_digraph:compute_assembly_digraph_complete:395 - Computing assembly digraph...
2026-07-04 04:25:16.610 | INFO     | pycaalp.time_balancing.model:run_mip:430 - Running MIP solver ...
2026-07-04 05:17:59.628 | INFO     | pycaalp.gapp.assembly_digraph:compute_assembly_digraph_complete:395 - Computing assembly digraph...
2026-07-04 05:23:53.377 | INFO     | pycaalp.time_balancing.model:run_mip:430 - Running MIP solver ...
2026-07-04 07:10:06.346 | INFO     | experiments.edge_reduction.scripts.combination_runs:run_full_edge_reduction_change:98 - Running test with: red_perc=40
2026-07-04 07:10:06.354 | INFO     | pycaalp.gapp.assembly_digraph:compute_assembly_digraph_complete:395 - Computing assembly digraph...
2026-07-04 07:15:33.087 | INFO     | pycaalp.time_balancing.model:run_mip:430 - Running MIP solver ...
2026-07-04 08:36:35.799 | INFO     | pycaalp.gapp.assembly_digraph:compute_assembly_digraph_complete:395 - Computing assembly digraph...
2026-07-04 08:42:11.577 | INFO     | pycaalp.time_balancing.model:run_mip:430 - Running MIP solver ...
2026-07-04 09:50:28.344 | INFO     | pycaalp.gapp.assembly_digraph:compute_assembly_digraph_complete:395 - Computing assembly digraph...
2026-07-04 09:55:58.714 | INFO     | pycaalp.time_balancing.model:run_mip:430 - Running MIP solver ...
2026-07-04 11:50:00.730 | INFO     | pycaalp.gapp.assembly_digraph:compute_assembly_digraph_complete:395 - Computing assembly digraph...
2026-07-04 11:55:35.438 | INFO     | pycaalp.time_balancing.model:run_mip:430 - Running MIP solver ...
2026-07-04 13:46:07.047 | INFO     | pycaalp.gapp.assembly_digraph:compute_assembly_digraph_complete:395 - Computing assembly digraph...
2026-07-04 13:51:29.839 | INFO     | pycaalp.time_balancing.model:run_mip:430 - Running MIP solver ...
2026-07-04 15:03:13.254 | INFO     | experiments.edge_reduction.scripts.combination_runs:run_full_edge_reduction_change:98 - Running test with: red_perc=50
2026-07-04 15:03:13.258 | INFO     | pycaalp.gapp.assembly_digraph:compute_assembly_digraph_complete:395 - Computing assembly digraph...
2026-07-04 15:08:12.953 | INFO     | pycaalp.time_balancing.model:run_mip:430 - Running MIP solver ...
2026-07-04 15:54:40.841 | INFO     | pycaalp.gapp.assembly_digraph:compute_assembly_digraph_complete:395 - Computing assembly digraph...
2026-07-04 15:59:40.629 | INFO     | pycaalp.time_balancing.model:run_mip:430 - Running MIP solver ...
2026-07-04 17:08:21.757 | INFO     | pycaalp.gapp.assembly_digraph:compute_assembly_digraph_complete:395 - Computing assembly digraph...
2026-07-04 17:13:13.666 | INFO     | pycaalp.time_balancing.model:run_mip:430 - Running MIP solver ...
2026-07-04 18:43:21.527 | INFO     | pycaalp.gapp.assembly_digraph:compute_assembly_digraph_complete:395 - Computing assembly digraph...
2026-07-04 18:48:37.031 | INFO     | pycaalp.time_balancing.model:run_mip:430 - Running MIP solver ...
2026-07-04 19:18:40.946 | INFO     | pycaalp.gapp.assembly_digraph:compute_assembly_digraph_complete:395 - Computing assembly digraph...
2026-07-04 19:23:42.403 | INFO     | pycaalp.time_balancing.model:run_mip:430 - Running MIP solver ...
2026-07-04 20:19:47.858 | INFO     | experiments.edge_reduction.scripts.combination_runs:run_full_edge_reduction_change:98 - Running test with: red_perc=60
2026-07-04 20:19:47.862 | INFO     | pycaalp.gapp.assembly_digraph:compute_assembly_digraph_complete:395 - Computing assembly digraph...
2026-07-04 20:24:51.426 | INFO     | pycaalp.time_balancing.model:run_mip:430 - Running MIP solver ...
2026-07-04 20:53:44.897 | INFO     | pycaalp.gapp.assembly_digraph:compute_assembly_digraph_complete:395 - Computing assembly digraph...
2026-07-04 20:58:38.037 | INFO     | pycaalp.time_balancing.model:run_mip:430 - Running MIP solver ...
2026-07-04 22:02:28.845 | INFO     | pycaalp.gapp.assembly_digraph:compute_assembly_digraph_complete:395 - Computing assembly digraph...
2026-07-04 22:07:25.615 | INFO     | pycaalp.time_balancing.model:run_mip:430 - Running MIP solver ...
2026-07-04 23:15:47.903 | INFO     | pycaalp.gapp.assembly_digraph:compute_assembly_digraph_complete:395 - Computing assembly digraph...
2026-07-04 23:20:47.390 | INFO     | pycaalp.time_balancing.model:run_mip:430 - Running MIP solver ...
2026-07-05 00:11:42.853 | INFO     | pycaalp.gapp.assembly_digraph:compute_assembly_digraph_complete:395 - Computing assembly digraph...
2026-07-05 00:16:49.157 | INFO     | pycaalp.time_balancing.model:run_mip:430 - Running MIP solver ...
2026-07-05 01:08:47.346 | INFO     | experiments.edge_reduction.scripts.combination_runs:run_full_edge_reduction_change:98 - Running test with: red_perc=70
2026-07-05 01:08:47.351 | INFO     | pycaalp.gapp.assembly_digraph:compute_assembly_digraph_complete:395 - Computing assembly digraph...
2026-07-05 01:14:00.516 | INFO     | pycaalp.time_balancing.model:run_mip:430 - Running MIP solver ...
2026-07-05 02:07:49.890 | INFO     | pycaalp.gapp.assembly_digraph:compute_assembly_digraph_complete:395 - Computing assembly digraph...
2026-07-05 02:12:42.338 | INFO     | pycaalp.time_balancing.model:run_mip:430 - Running MIP solver ...
2026-07-05 02:58:52.950 | INFO     | pycaalp.gapp.assembly_digraph:compute_assembly_digraph_complete:395 - Computing assembly digraph...
2026-07-05 03:03:48.313 | INFO     | pycaalp.time_balancing.model:run_mip:430 - Running MIP solver ...
2026-07-05 03:55:46.936 | INFO     | pycaalp.gapp.assembly_digraph:compute_assembly_digraph_complete:395 - Computing assembly digraph...
2026-07-05 04:00:43.461 | INFO     | pycaalp.time_balancing.model:run_mip:430 - Running MIP solver ...
2026-07-05 04:21:09.227 | INFO     | pycaalp.gapp.assembly_digraph:compute_assembly_digraph_complete:395 - Computing assembly digraph...
2026-07-05 04:26:02.142 | INFO     | pycaalp.time_balancing.model:run_mip:430 - Running MIP solver ...
2026-07-05 05:06:19.267 | INFO     | __main__:<module>:240 - Running plot_total_time
{0: (np.float64(13390.909879), np.float64(1.0344830598095693), np.float64(918.0), np.float64(0.0), np.float64(0.0), np.float64(0.0), np.float64(13598.818728049024), np.float64(0.0), np.float64(205.052820626006), np.float64(0.0)), 10: (np.float64(7812.1018454000005), np.float64(1.0345967883374843), np.float64(918.6), np.float64(1456.743784314092), np.float64(0.00022745705582865038), np.float64(1.2), np.float64(8209.6697880238), np.float64(1471.607775259027), np.float64(394.7948305415979), np.float64(21.448737210791325)), 20: (np.float64(7302.0752068), np.float64(1.0345967883374843), np.float64(918.6), np.float64(2570.0899933276246), np.float64(0.00022745705582867258), np.float64(1.2), np.float64(7702.2792778356), np.float64(2578.516809861098), np.float64(397.58448895999464), np.float64(10.345692855071643)), 30: (np.float64(6191.859418400001), np.float64(1.03448305980957), np.float64(918.0), np.float64(1711.0111478900526), np.float64(0.0), np.float64(0.0), np.float64(6546.690708565002), np.float64(1707.3766031166926), np.float64(352.71421390359757), np.float64(5.838893537302518)), 40: (np.float64(5345.1322296), np.float64(1.0349379739212274), np.float64(920.4), np.float64(1163.8146235736688), np.float64(0.00022745705582867258), np.float64(1.2), np.float64(5677.023953965795), np.float64(1165.2831841590018), np.float64(330.0858356812038), np.float64(4.863655107322366)), 50: (np.float64(3495.3879804000003), np.float64(1.0347105168653985), np.float64(919.2), np.float64(1218.8139827600337), np.float64(0.0002785768625879971), np.float64(1.469693845669907), np.float64(3798.6761283396045), np.float64(1211.9790913904606), np.float64(301.6788657508092), np.float64(7.6702338260529075)), 60: (np.float64(3166.5370528000003), np.float64(1.0348242453933132), np.float64(919.8), np.float64(822.8558795986872), np.float64(0.0002785768625879971), np.float64(1.469693845669907), np.float64(3467.658039018209), np.float64(819.7262048714931), np.float64(299.86045708220917), np.float64(4.691507684401019)), 70: (np.float64(2551.1757027999997), np.float64(1.0349379739212274), np.float64(920.4), np.float64(721.7397351504966), np.float64(0.00022745705582867258), np.float64(1.2), np.float64(2850.1461110547884), np.float64(724.6277030375607), np.float64(298.09046771540307), np.float64(7.690157854638005))}
Saved MIP solve time plot in experiments/edge_reduction/sweeps/assembly_2_np_3/lambda_0.6/plots/MIP_solve_time_num_phases_3.svg
2026-07-05 05:06:19.313 | INFO     | __main__:<module>:250 - Running plot_speedup_vs_max_length_lost
Saved speedup_vs_weld_len_degr plot in experiments/edge_reduction/sweeps/assembly_2_np_3/lambda_0.6/plots/speedup_vs_weld_len_degr_num_phases_3.svg
2026-07-05 05:06:19.409 | INFO     | __main__:<module>:253 - Running plot_average_max_time
Saved Max welding length [mm] plot in experiments/edge_reduction/sweeps/assembly_2_np_3/lambda_0.6/plots/Max_welding_length_[mm]_num_phases_3.svg

----------------- λ = 0.7 -----------------
2026-07-02 20:11:47.689 | INFO     | __main__:<module>:193 - Running /home/utg/Work/PyCAALP/experiments/edge_reduction/run.py
2026-07-02 20:11:47.689 | INFO     | __main__:<module>:194 - ASSEMBLY_FNAME='data/assembly_2/assembly_2_parts.json'
2026-07-02 20:11:47.690 | INFO     | __main__:<module>:196 - DFM_FNAME='data/assembly_2/assembly_2_dfm.json'
2026-07-02 20:11:47.690 | INFO     | __main__:<module>:197 - NUM_PHASES=3
2026-07-02 20:11:47.690 | INFO     | __main__:<module>:198 - RES_FNAME='experiments/edge_reduction/sweeps/assembly_2_np_3/lambda_0.7/res.pkl'
2026-07-02 20:11:47.690 | INFO     | experiments.edge_reduction.scripts.combination_runs:run_full_edge_reduction_change:98 - Running test with: red_perc=0
2026-07-02 20:11:47.692 | INFO     | pycaalp.gapp.assembly_digraph:compute_assembly_digraph_complete:395 - Computing assembly digraph...
2026-07-02 20:14:56.071 | INFO     | pycaalp.time_balancing.model:run_mip:430 - Running MIP solver ...
2026-07-02 23:52:13.104 | INFO     | experiments.edge_reduction.scripts.combination_runs:run_full_edge_reduction_change:98 - Running test with: red_perc=10
2026-07-02 23:52:13.107 | INFO     | pycaalp.gapp.assembly_digraph:compute_assembly_digraph_complete:395 - Computing assembly digraph...
2026-07-02 23:59:00.349 | INFO     | pycaalp.time_balancing.model:run_mip:430 - Running MIP solver ...
2026-07-03 03:44:32.363 | INFO     | pycaalp.gapp.assembly_digraph:compute_assembly_digraph_complete:395 - Computing assembly digraph...
2026-07-03 03:51:36.678 | INFO     | pycaalp.time_balancing.model:run_mip:430 - Running MIP solver ...
2026-07-03 08:12:59.020 | INFO     | pycaalp.gapp.assembly_digraph:compute_assembly_digraph_complete:395 - Computing assembly digraph...
2026-07-03 08:19:37.046 | INFO     | pycaalp.time_balancing.model:run_mip:430 - Running MIP solver ...
2026-07-03 12:16:26.334 | INFO     | pycaalp.gapp.assembly_digraph:compute_assembly_digraph_complete:395 - Computing assembly digraph...
2026-07-03 12:23:08.040 | INFO     | pycaalp.time_balancing.model:run_mip:430 - Running MIP solver ...
2026-07-03 18:02:53.526 | INFO     | pycaalp.gapp.assembly_digraph:compute_assembly_digraph_complete:395 - Computing assembly digraph...
2026-07-03 18:09:15.292 | INFO     | pycaalp.time_balancing.model:run_mip:430 - Running MIP solver ...
2026-07-03 22:40:44.895 | INFO     | experiments.edge_reduction.scripts.combination_runs:run_full_edge_reduction_change:98 - Running test with: red_perc=20
2026-07-03 22:40:44.898 | INFO     | pycaalp.gapp.assembly_digraph:compute_assembly_digraph_complete:395 - Computing assembly digraph...
2026-07-03 22:46:49.682 | INFO     | pycaalp.time_balancing.model:run_mip:430 - Running MIP solver ...
2026-07-04 01:50:08.948 | INFO     | pycaalp.gapp.assembly_digraph:compute_assembly_digraph_complete:395 - Computing assembly digraph...
2026-07-04 01:56:20.834 | INFO     | pycaalp.time_balancing.model:run_mip:430 - Running MIP solver ...
2026-07-04 04:56:26.567 | INFO     | pycaalp.gapp.assembly_digraph:compute_assembly_digraph_complete:395 - Computing assembly digraph...
2026-07-04 05:02:12.183 | INFO     | pycaalp.time_balancing.model:run_mip:430 - Running MIP solver ...
2026-07-04 08:27:04.651 | INFO     | pycaalp.gapp.assembly_digraph:compute_assembly_digraph_complete:395 - Computing assembly digraph...
2026-07-04 08:32:28.587 | INFO     | pycaalp.time_balancing.model:run_mip:430 - Running MIP solver ...
2026-07-04 10:47:09.094 | INFO     | pycaalp.gapp.assembly_digraph:compute_assembly_digraph_complete:395 - Computing assembly digraph...
2026-07-04 10:52:30.042 | INFO     | pycaalp.time_balancing.model:run_mip:430 - Running MIP solver ...
2026-07-04 13:07:45.072 | INFO     | experiments.edge_reduction.scripts.combination_runs:run_full_edge_reduction_change:98 - Running test with: red_perc=30
2026-07-04 13:07:45.081 | INFO     | pycaalp.gapp.assembly_digraph:compute_assembly_digraph_complete:395 - Computing assembly digraph...
2026-07-04 13:13:03.895 | INFO     | pycaalp.time_balancing.model:run_mip:430 - Running MIP solver ...
2026-07-04 15:02:52.138 | INFO     | pycaalp.gapp.assembly_digraph:compute_assembly_digraph_complete:395 - Computing assembly digraph...
2026-07-04 15:07:50.562 | INFO     | pycaalp.time_balancing.model:run_mip:430 - Running MIP solver ...
2026-07-04 16:51:05.697 | INFO     | pycaalp.gapp.assembly_digraph:compute_assembly_digraph_complete:395 - Computing assembly digraph...
2026-07-04 16:56:11.073 | INFO     | pycaalp.time_balancing.model:run_mip:430 - Running MIP solver ...
2026-07-04 18:57:01.774 | INFO     | pycaalp.gapp.assembly_digraph:compute_assembly_digraph_complete:395 - Computing assembly digraph...
2026-07-04 19:01:57.911 | INFO     | pycaalp.time_balancing.model:run_mip:430 - Running MIP solver ...
2026-07-04 22:23:51.707 | INFO     | pycaalp.gapp.assembly_digraph:compute_assembly_digraph_complete:395 - Computing assembly digraph...
2026-07-04 22:28:50.446 | INFO     | pycaalp.time_balancing.model:run_mip:430 - Running MIP solver ...
2026-07-05 01:44:17.021 | INFO     | experiments.edge_reduction.scripts.combination_runs:run_full_edge_reduction_change:98 - Running test with: red_perc=40
2026-07-05 01:44:17.032 | INFO     | pycaalp.gapp.assembly_digraph:compute_assembly_digraph_complete:395 - Computing assembly digraph...
2026-07-05 01:49:21.617 | INFO     | pycaalp.time_balancing.model:run_mip:430 - Running MIP solver ...
2026-07-05 04:48:18.020 | INFO     | pycaalp.gapp.assembly_digraph:compute_assembly_digraph_complete:395 - Computing assembly digraph...
2026-07-05 04:53:26.034 | INFO     | pycaalp.time_balancing.model:run_mip:430 - Running MIP solver ...
2026-07-05 06:38:45.568 | INFO     | pycaalp.gapp.assembly_digraph:compute_assembly_digraph_complete:395 - Computing assembly digraph...
2026-07-05 06:43:29.822 | INFO     | pycaalp.time_balancing.model:run_mip:430 - Running MIP solver ...
2026-07-05 08:20:38.060 | INFO     | pycaalp.gapp.assembly_digraph:compute_assembly_digraph_complete:395 - Computing assembly digraph...
2026-07-05 08:25:17.172 | INFO     | pycaalp.time_balancing.model:run_mip:430 - Running MIP solver ...
2026-07-05 10:22:53.646 | INFO     | pycaalp.gapp.assembly_digraph:compute_assembly_digraph_complete:395 - Computing assembly digraph...
2026-07-05 10:27:46.752 | INFO     | pycaalp.time_balancing.model:run_mip:430 - Running MIP solver ...
2026-07-05 12:04:24.863 | INFO     | experiments.edge_reduction.scripts.combination_runs:run_full_edge_reduction_change:98 - Running test with: red_perc=50
2026-07-05 12:04:24.873 | INFO     | pycaalp.gapp.assembly_digraph:compute_assembly_digraph_complete:395 - Computing assembly digraph...
2026-07-05 12:09:05.907 | INFO     | pycaalp.time_balancing.model:run_mip:430 - Running MIP solver ...
2026-07-05 14:25:15.133 | INFO     | pycaalp.gapp.assembly_digraph:compute_assembly_digraph_complete:395 - Computing assembly digraph...
2026-07-05 14:29:53.374 | INFO     | pycaalp.time_balancing.model:run_mip:430 - Running MIP solver ...
2026-07-05 16:32:23.539 | INFO     | pycaalp.gapp.assembly_digraph:compute_assembly_digraph_complete:395 - Computing assembly digraph...
2026-07-05 16:37:11.352 | INFO     | pycaalp.time_balancing.model:run_mip:430 - Running MIP solver ...
2026-07-05 17:55:56.839 | INFO     | pycaalp.gapp.assembly_digraph:compute_assembly_digraph_complete:395 - Computing assembly digraph...
2026-07-05 18:00:38.275 | INFO     | pycaalp.time_balancing.model:run_mip:430 - Running MIP solver ...
2026-07-05 19:20:21.119 | INFO     | pycaalp.gapp.assembly_digraph:compute_assembly_digraph_complete:395 - Computing assembly digraph...
2026-07-05 19:25:02.664 | INFO     | pycaalp.time_balancing.model:run_mip:430 - Running MIP solver ...
2026-07-05 21:28:06.078 | INFO     | experiments.edge_reduction.scripts.combination_runs:run_full_edge_reduction_change:98 - Running test with: red_perc=60
2026-07-05 21:28:06.080 | INFO     | pycaalp.gapp.assembly_digraph:compute_assembly_digraph_complete:395 - Computing assembly digraph...
2026-07-05 21:32:41.625 | INFO     | pycaalp.time_balancing.model:run_mip:430 - Running MIP solver ...
2026-07-05 22:53:22.380 | INFO     | pycaalp.gapp.assembly_digraph:compute_assembly_digraph_complete:395 - Computing assembly digraph...
2026-07-05 22:57:59.039 | INFO     | pycaalp.time_balancing.model:run_mip:430 - Running MIP solver ...
2026-07-06 00:40:10.584 | INFO     | pycaalp.gapp.assembly_digraph:compute_assembly_digraph_complete:395 - Computing assembly digraph...
2026-07-06 00:44:43.891 | INFO     | pycaalp.time_balancing.model:run_mip:430 - Running MIP solver ...
2026-07-06 02:39:48.511 | INFO     | pycaalp.gapp.assembly_digraph:compute_assembly_digraph_complete:395 - Computing assembly digraph...
2026-07-06 02:44:32.935 | INFO     | pycaalp.time_balancing.model:run_mip:430 - Running MIP solver ...
2026-07-06 05:06:17.978 | INFO     | pycaalp.gapp.assembly_digraph:compute_assembly_digraph_complete:395 - Computing assembly digraph...
2026-07-06 05:10:48.019 | INFO     | pycaalp.time_balancing.model:run_mip:430 - Running MIP solver ...
2026-07-06 06:38:03.970 | INFO     | experiments.edge_reduction.scripts.combination_runs:run_full_edge_reduction_change:98 - Running test with: red_perc=70
2026-07-06 06:38:03.973 | INFO     | pycaalp.gapp.assembly_digraph:compute_assembly_digraph_complete:395 - Computing assembly digraph...
2026-07-06 06:42:37.397 | INFO     | pycaalp.time_balancing.model:run_mip:430 - Running MIP solver ...
2026-07-06 08:18:16.547 | INFO     | pycaalp.gapp.assembly_digraph:compute_assembly_digraph_complete:395 - Computing assembly digraph...
2026-07-06 08:22:54.143 | INFO     | pycaalp.time_balancing.model:run_mip:430 - Running MIP solver ...
2026-07-06 09:51:55.250 | INFO     | pycaalp.gapp.assembly_digraph:compute_assembly_digraph_complete:395 - Computing assembly digraph...
2026-07-06 09:56:27.228 | INFO     | pycaalp.time_balancing.model:run_mip:430 - Running MIP solver ...
2026-07-06 11:07:54.228 | INFO     | pycaalp.gapp.assembly_digraph:compute_assembly_digraph_complete:395 - Computing assembly digraph...
2026-07-06 11:12:24.277 | INFO     | pycaalp.time_balancing.model:run_mip:430 - Running MIP solver ...
2026-07-06 12:28:36.853 | INFO     | pycaalp.gapp.assembly_digraph:compute_assembly_digraph_complete:395 - Computing assembly digraph...
2026-07-06 12:33:07.627 | INFO     | pycaalp.time_balancing.model:run_mip:430 - Running MIP solver ...
2026-07-06 13:41:39.387 | INFO     | __main__:<module>:240 - Running plot_total_time
{0: (np.float64(13034.781521), np.float64(1.0351441697837402), np.float64(918.0), np.float64(0.0), np.float64(0.0), np.float64(0.0), np.float64(13225.414266305976), np.float64(0.0), np.float64(188.38111953999032), np.float64(0.0)), 10: (np.float64(16016.424091199999), np.float64(1.0351441697837402), np.float64(918.0), np.float64(2396.364536377192), np.float64(0.0), np.float64(0.0), np.float64(16421.800017079397), np.float64(2394.745733525324), np.float64(402.6167479939992), np.float64(13.77409811561703)), 20: (np.float64(10055.7065478), np.float64(1.0352518607521684), np.float64(910.8), np.float64(1680.6473358926442), np.float64(0.00019734994512541273), np.float64(8.818163074019441), np.float64(10403.583978300983), np.float64(1696.0169055198319), np.float64(345.44498338397824), np.float64(20.666337499802744)), 30: (np.float64(8772.4132414), np.float64(1.0351590146777885), np.float64(910.8), np.float64(2593.141564807134), np.float64(1.8181207851822465e-05), np.float64(8.818163074019441), np.float64(9078.013548869407), np.float64(2588.327520156594), np.float64(303.509569636418), np.float64(8.253022348485842)), 40: (np.float64(7145.597788600001), np.float64(1.0351590146777885), np.float64(910.8), np.float64(1851.1889117553883), np.float64(1.8181207851768075e-05), np.float64(8.818163074019441), np.float64(7441.254504893802), np.float64(1855.769863054975), np.float64(293.82790642500623), np.float64(11.185290583609385)), 50: (np.float64(6480.4100936), np.float64(1.0352667056462166), np.float64(903.6), np.float64(1441.2594071904855), np.float64(0.00018994798005629994), np.float64(7.199999999999999), np.float64(6763.963741033605), np.float64(1439.1800617000001), np.float64(282.0257689423976), np.float64(3.1427818994423755)), 60: (np.float64(6322.1492935999995), np.float64(1.0353521292735728), np.float64(907.2), np.float64(1304.9714700211935), np.float64(0.0002399293188287504), np.float64(8.818163074019441), np.float64(6599.34423192282), np.float64(1308.6641266858044), np.float64(276.00496795041255), np.float64(4.782542022534353)), 70: (np.float64(4809.2557592), np.float64(1.0353669741676208), np.float64(900.0), np.float64(626.5732190612514), np.float64(0.00022742550685184862), np.float64(0.0), np.float64(5082.863940318208), np.float64(628.3723588579321), np.float64(272.77340569761583), np.float64(2.673702424805389))}
Saved MIP solve time plot in experiments/edge_reduction/sweeps/assembly_2_np_3/lambda_0.7/plots/MIP_solve_time_num_phases_3.svg
2026-07-06 13:41:39.426 | INFO     | __main__:<module>:250 - Running plot_speedup_vs_max_length_lost
Saved speedup_vs_weld_len_degr plot in experiments/edge_reduction/sweeps/assembly_2_np_3/lambda_0.7/plots/speedup_vs_weld_len_degr_num_phases_3.svg
2026-07-06 13:41:39.516 | INFO     | __main__:<module>:253 - Running plot_average_max_time
Saved Max welding length [mm] plot in experiments/edge_reduction/sweeps/assembly_2_np_3/lambda_0.7/plots/Max_welding_length_[mm]_num_phases_3.svg

----------------- λ = 0.8 -----------------
2026-07-02 20:11:47.744 | INFO     | __main__:<module>:193 - Running /home/utg/Work/PyCAALP/experiments/edge_reduction/run.py
2026-07-02 20:11:47.744 | INFO     | __main__:<module>:194 - ASSEMBLY_FNAME='data/assembly_2/assembly_2_parts.json'
2026-07-02 20:11:47.744 | INFO     | __main__:<module>:196 - DFM_FNAME='data/assembly_2/assembly_2_dfm.json'
2026-07-02 20:11:47.744 | INFO     | __main__:<module>:197 - NUM_PHASES=3
2026-07-02 20:11:47.744 | INFO     | __main__:<module>:198 - RES_FNAME='experiments/edge_reduction/sweeps/assembly_2_np_3/lambda_0.8/res.pkl'
2026-07-02 20:11:47.744 | INFO     | experiments.edge_reduction.scripts.combination_runs:run_full_edge_reduction_change:98 - Running test with: red_perc=0
2026-07-02 20:11:47.747 | INFO     | pycaalp.gapp.assembly_digraph:compute_assembly_digraph_complete:395 - Computing assembly digraph...
2026-07-02 20:15:10.236 | INFO     | pycaalp.time_balancing.model:run_mip:430 - Running MIP solver ...
2026-07-03 02:02:42.461 | INFO     | experiments.edge_reduction.scripts.combination_runs:run_full_edge_reduction_change:98 - Running test with: red_perc=10
2026-07-03 02:02:42.463 | INFO     | pycaalp.gapp.assembly_digraph:compute_assembly_digraph_complete:395 - Computing assembly digraph...
2026-07-03 02:09:35.442 | INFO     | pycaalp.time_balancing.model:run_mip:430 - Running MIP solver ...
2026-07-03 07:32:52.660 | INFO     | pycaalp.gapp.assembly_digraph:compute_assembly_digraph_complete:395 - Computing assembly digraph...
2026-07-03 07:38:59.208 | INFO     | pycaalp.time_balancing.model:run_mip:430 - Running MIP solver ...
2026-07-03 10:02:52.142 | INFO     | pycaalp.gapp.assembly_digraph:compute_assembly_digraph_complete:395 - Computing assembly digraph...
2026-07-03 10:09:07.349 | INFO     | pycaalp.time_balancing.model:run_mip:430 - Running MIP solver ...
2026-07-03 13:52:01.655 | INFO     | pycaalp.gapp.assembly_digraph:compute_assembly_digraph_complete:395 - Computing assembly digraph...
2026-07-03 13:58:38.694 | INFO     | pycaalp.time_balancing.model:run_mip:430 - Running MIP solver ...
2026-07-03 18:17:38.570 | INFO     | pycaalp.gapp.assembly_digraph:compute_assembly_digraph_complete:395 - Computing assembly digraph...
2026-07-03 18:24:02.323 | INFO     | pycaalp.time_balancing.model:run_mip:430 - Running MIP solver ...
2026-07-03 20:43:40.766 | INFO     | experiments.edge_reduction.scripts.combination_runs:run_full_edge_reduction_change:98 - Running test with: red_perc=20
2026-07-03 20:43:40.769 | INFO     | pycaalp.gapp.assembly_digraph:compute_assembly_digraph_complete:395 - Computing assembly digraph...
2026-07-03 20:49:33.482 | INFO     | pycaalp.time_balancing.model:run_mip:430 - Running MIP solver ...
2026-07-03 23:03:57.600 | INFO     | pycaalp.gapp.assembly_digraph:compute_assembly_digraph_complete:395 - Computing assembly digraph...
2026-07-03 23:10:01.306 | INFO     | pycaalp.time_balancing.model:run_mip:430 - Running MIP solver ...
2026-07-04 01:57:41.245 | INFO     | pycaalp.gapp.assembly_digraph:compute_assembly_digraph_complete:395 - Computing assembly digraph...
2026-07-04 02:03:23.310 | INFO     | pycaalp.time_balancing.model:run_mip:430 - Running MIP solver ...
2026-07-04 04:14:44.766 | INFO     | pycaalp.gapp.assembly_digraph:compute_assembly_digraph_complete:395 - Computing assembly digraph...
2026-07-04 04:20:35.400 | INFO     | pycaalp.time_balancing.model:run_mip:430 - Running MIP solver ...
2026-07-04 07:24:12.429 | INFO     | pycaalp.gapp.assembly_digraph:compute_assembly_digraph_complete:395 - Computing assembly digraph...
2026-07-04 07:29:25.380 | INFO     | pycaalp.time_balancing.model:run_mip:430 - Running MIP solver ...
2026-07-04 12:00:11.977 | INFO     | experiments.edge_reduction.scripts.combination_runs:run_full_edge_reduction_change:98 - Running test with: red_perc=30
2026-07-04 12:00:11.987 | INFO     | pycaalp.gapp.assembly_digraph:compute_assembly_digraph_complete:395 - Computing assembly digraph...
2026-07-04 12:05:24.378 | INFO     | pycaalp.time_balancing.model:run_mip:430 - Running MIP solver ...
2026-07-04 15:04:09.258 | INFO     | pycaalp.gapp.assembly_digraph:compute_assembly_digraph_complete:395 - Computing assembly digraph...
2026-07-04 15:08:57.272 | INFO     | pycaalp.time_balancing.model:run_mip:430 - Running MIP solver ...
2026-07-04 17:31:06.460 | INFO     | pycaalp.gapp.assembly_digraph:compute_assembly_digraph_complete:395 - Computing assembly digraph...
2026-07-04 17:35:59.745 | INFO     | pycaalp.time_balancing.model:run_mip:430 - Running MIP solver ...
2026-07-04 21:02:54.991 | INFO     | pycaalp.gapp.assembly_digraph:compute_assembly_digraph_complete:395 - Computing assembly digraph...
2026-07-04 21:07:49.446 | INFO     | pycaalp.time_balancing.model:run_mip:430 - Running MIP solver ...
2026-07-05 00:19:13.928 | INFO     | pycaalp.gapp.assembly_digraph:compute_assembly_digraph_complete:395 - Computing assembly digraph...
2026-07-05 00:24:02.883 | INFO     | pycaalp.time_balancing.model:run_mip:430 - Running MIP solver ...
2026-07-05 02:09:35.149 | INFO     | experiments.edge_reduction.scripts.combination_runs:run_full_edge_reduction_change:98 - Running test with: red_perc=40
2026-07-05 02:09:35.161 | INFO     | pycaalp.gapp.assembly_digraph:compute_assembly_digraph_complete:395 - Computing assembly digraph...
2026-07-05 02:14:25.743 | INFO     | pycaalp.time_balancing.model:run_mip:430 - Running MIP solver ...
2026-07-05 04:19:18.470 | INFO     | pycaalp.gapp.assembly_digraph:compute_assembly_digraph_complete:395 - Computing assembly digraph...
2026-07-05 04:24:08.007 | INFO     | pycaalp.time_balancing.model:run_mip:430 - Running MIP solver ...
2026-07-05 06:34:14.890 | INFO     | pycaalp.gapp.assembly_digraph:compute_assembly_digraph_complete:395 - Computing assembly digraph...
2026-07-05 06:39:00.564 | INFO     | pycaalp.time_balancing.model:run_mip:430 - Running MIP solver ...
2026-07-05 08:23:24.544 | INFO     | pycaalp.gapp.assembly_digraph:compute_assembly_digraph_complete:395 - Computing assembly digraph...
2026-07-05 08:28:03.487 | INFO     | pycaalp.time_balancing.model:run_mip:430 - Running MIP solver ...
2026-07-05 10:17:31.125 | INFO     | pycaalp.gapp.assembly_digraph:compute_assembly_digraph_complete:395 - Computing assembly digraph...
2026-07-05 10:22:09.999 | INFO     | pycaalp.time_balancing.model:run_mip:430 - Running MIP solver ...
2026-07-05 12:25:45.774 | INFO     | experiments.edge_reduction.scripts.combination_runs:run_full_edge_reduction_change:98 - Running test with: red_perc=50
2026-07-05 12:25:45.785 | INFO     | pycaalp.gapp.assembly_digraph:compute_assembly_digraph_complete:395 - Computing assembly digraph...
2026-07-05 12:30:17.300 | INFO     | pycaalp.time_balancing.model:run_mip:430 - Running MIP solver ...
2026-07-05 15:04:26.131 | INFO     | pycaalp.gapp.assembly_digraph:compute_assembly_digraph_complete:395 - Computing assembly digraph...
2026-07-05 15:08:56.318 | INFO     | pycaalp.time_balancing.model:run_mip:430 - Running MIP solver ...
2026-07-05 16:37:46.308 | INFO     | pycaalp.gapp.assembly_digraph:compute_assembly_digraph_complete:395 - Computing assembly digraph...
2026-07-05 16:42:22.307 | INFO     | pycaalp.time_balancing.model:run_mip:430 - Running MIP solver ...
2026-07-05 18:58:16.565 | INFO     | pycaalp.gapp.assembly_digraph:compute_assembly_digraph_complete:395 - Computing assembly digraph...
2026-07-05 19:02:53.719 | INFO     | pycaalp.time_balancing.model:run_mip:430 - Running MIP solver ...
2026-07-05 21:31:04.965 | INFO     | pycaalp.gapp.assembly_digraph:compute_assembly_digraph_complete:395 - Computing assembly digraph...
2026-07-05 21:35:36.787 | INFO     | pycaalp.time_balancing.model:run_mip:430 - Running MIP solver ...
2026-07-06 00:12:27.279 | INFO     | experiments.edge_reduction.scripts.combination_runs:run_full_edge_reduction_change:98 - Running test with: red_perc=60
2026-07-06 00:12:27.287 | INFO     | pycaalp.gapp.assembly_digraph:compute_assembly_digraph_complete:395 - Computing assembly digraph...
2026-07-06 00:17:00.200 | INFO     | pycaalp.time_balancing.model:run_mip:430 - Running MIP solver ...
2026-07-06 01:40:59.763 | INFO     | pycaalp.gapp.assembly_digraph:compute_assembly_digraph_complete:395 - Computing assembly digraph...
2026-07-06 01:45:25.532 | INFO     | pycaalp.time_balancing.model:run_mip:430 - Running MIP solver ...
2026-07-06 02:49:55.135 | INFO     | pycaalp.gapp.assembly_digraph:compute_assembly_digraph_complete:395 - Computing assembly digraph...
2026-07-06 02:54:16.787 | INFO     | pycaalp.time_balancing.model:run_mip:430 - Running MIP solver ...
2026-07-06 04:53:54.286 | INFO     | pycaalp.gapp.assembly_digraph:compute_assembly_digraph_complete:395 - Computing assembly digraph...
2026-07-06 04:58:33.833 | INFO     | pycaalp.time_balancing.model:run_mip:430 - Running MIP solver ...
2026-07-06 06:32:00.214 | INFO     | pycaalp.gapp.assembly_digraph:compute_assembly_digraph_complete:395 - Computing assembly digraph...
2026-07-06 06:36:33.811 | INFO     | pycaalp.time_balancing.model:run_mip:430 - Running MIP solver ...
2026-07-06 08:41:42.725 | INFO     | experiments.edge_reduction.scripts.combination_runs:run_full_edge_reduction_change:98 - Running test with: red_perc=70
2026-07-06 08:41:42.728 | INFO     | pycaalp.gapp.assembly_digraph:compute_assembly_digraph_complete:395 - Computing assembly digraph...
2026-07-06 08:46:10.875 | INFO     | pycaalp.time_balancing.model:run_mip:430 - Running MIP solver ...
2026-07-06 10:24:07.975 | INFO     | pycaalp.gapp.assembly_digraph:compute_assembly_digraph_complete:395 - Computing assembly digraph...
2026-07-06 10:28:33.188 | INFO     | pycaalp.time_balancing.model:run_mip:430 - Running MIP solver ...
2026-07-06 11:47:05.724 | INFO     | pycaalp.gapp.assembly_digraph:compute_assembly_digraph_complete:395 - Computing assembly digraph...
2026-07-06 11:51:35.975 | INFO     | pycaalp.time_balancing.model:run_mip:430 - Running MIP solver ...
2026-07-06 14:01:10.892 | INFO     | pycaalp.gapp.assembly_digraph:compute_assembly_digraph_complete:395 - Computing assembly digraph...
2026-07-06 14:05:20.249 | INFO     | pycaalp.time_balancing.model:run_mip:430 - Running MIP solver ...
2026-07-06 15:38:54.615 | INFO     | pycaalp.gapp.assembly_digraph:compute_assembly_digraph_complete:395 - Computing assembly digraph...
2026-07-06 15:43:01.375 | INFO     | pycaalp.time_balancing.model:run_mip:430 - Running MIP solver ...
2026-07-06 17:22:50.648 | INFO     | __main__:<module>:240 - Running plot_total_time
{0: (np.float64(20849.460241), np.float64(1.0290514101387993), np.float64(900.0), np.float64(0.0), np.float64(0.0), np.float64(0.0), np.float64(21054.71668254299), np.float64(0.0), np.float64(202.49260099499952), np.float64(0.0)), 10: (np.float64(13061.235249199999), np.float64(1.0290514101387993), np.float64(900.0), np.float64(4193.420169917687), np.float64(0.0), np.float64(0.0), np.float64(13451.112391718209), np.float64(4207.348141089906), np.float64(387.1114960806095), np.float64(16.391496087515968)), 20: (np.float64(10650.961183799998), np.float64(1.0290514101387993), np.float64(900.0), np.float64(3038.33363431742), np.float64(9.930136612989092e-17), np.float64(0.0), np.float64(10997.779968823004), np.float64(3025.1592847118054), np.float64(344.4229733546032), np.float64(17.1761409868073)), 30: (np.float64(9894.7228508), np.float64(1.0290514101387993), np.float64(900.0), np.float64(2196.681426780147), np.float64(0.0), np.float64(0.0), np.float64(10192.246949851187), np.float64(2200.2744070664253), np.float64(295.43133416300407), np.float64(8.832733456806958)), 40: (np.float64(7107.272239400001), np.float64(1.0290514101387993), np.float64(900.0), np.float64(589.1358879387228), np.float64(9.930136612989092e-17), np.float64(0.0), np.float64(7393.797621218208), np.float64(591.2417636912495), np.float64(284.73429998320063), np.float64(5.020856363210608)), 50: (np.float64(8205.2210734), np.float64(1.0290514101387993), np.float64(900.0), np.float64(1502.117071797515), np.float64(9.930136612989092e-17), np.float64(0.0), np.float64(8480.032249009422), np.float64(1503.1685346802667), np.float64(273.3471415928099), np.float64(2.7276527171029152)), 60: (np.float64(5838.9753742), np.float64(1.0290514101387993), np.float64(900.0), np.float64(1352.9245144276945), np.float64(9.930136612989092e-17), np.float64(0.0), np.float64(6110.8672164419895), np.float64(1352.7274926203434), np.float64(270.7078972644173), np.float64(6.287694604541872)), 70: (np.float64(5992.5633908), np.float64(1.0290514101387993), np.float64(900.0), np.float64(997.1858429097024), np.float64(9.930136612989092e-17), np.float64(0.0), np.float64(6253.37096541638), np.float64(1000.1648632619484), np.float64(259.9552497347933), np.float64(9.87076394383085))}
Saved MIP solve time plot in experiments/edge_reduction/sweeps/assembly_2_np_3/lambda_0.8/plots/MIP_solve_time_num_phases_3.svg
2026-07-06 17:22:50.688 | INFO     | __main__:<module>:250 - Running plot_speedup_vs_max_length_lost
Saved speedup_vs_weld_len_degr plot in experiments/edge_reduction/sweeps/assembly_2_np_3/lambda_0.8/plots/speedup_vs_weld_len_degr_num_phases_3.svg
2026-07-06 17:22:50.767 | INFO     | __main__:<module>:253 - Running plot_average_max_time
Saved Max welding length [mm] plot in experiments/edge_reduction/sweeps/assembly_2_np_3/lambda_0.8/plots/Max_welding_length_[mm]_num_phases_3.svg
Combined 8 λ runs (64 rows) -> experiments/edge_reduction/sweeps/assembly_2_np_3/edge_reduction_lambda_sweep.csv
Saved experiments/edge_reduction/sweeps/assembly_2_np_3/plots/lambda_sensitivity_objective.svg
Saved experiments/edge_reduction/sweeps/assembly_2_np_3/plots/lambda_sensitivity_total_time.svg
Saved experiments/edge_reduction/sweeps/assembly_2_np_3/plots/lambda_sensitivity_solve_time.svg
Saved experiments/edge_reduction/sweeps/assembly_2_np_3/plots/lambda_sensitivity_max_phase_time.svg
