================ strategy-comparison sweep ================
date         : 2026-07-01T18:16:59+02:00
host         : TUMWUTG-MIT148
git commit   : 15cddf4 (research/wgp-2026)
python       : Python 3.14.4
instance     : assembly_1
parts file   : data/assembly_1/assembly_1_parts.json
dfm file     : None
num_phases   : 2
lambda grid  : 0.1 0.15 0.2 0.25 0.3 0.35 0.4 0.45 0.5 0.55 0.6 0.65 0.7 0.75 0.8 0.85 0.9 0.95 1.0
k values     : [1, 2, 5, 10, 20, 50, 100, 200, 500, 1000, 2000, 5000]
jobs (par.)  : 14
rundir       : experiments/strategy_comparison/assembly_1_np_2
==========================================================

----------------- λ = 0.1 -----------------
========================================================================
Strategy Comparison Experiment — assembly_1  P=2  λ=0.1
========================================================================

Building assembly digraph …
2026-07-01 18:16:59.947 | INFO     | pycaalp.gapp.assembly_digraph:compute_assembly_digraph_complete:395 - Computing assembly digraph...
  343 nodes, 1105 edges  (0.3s)

[1] Full MIP  P=2  λ=0.1
2026-07-01 18:17:00.285 | INFO     | pycaalp.time_balancing.model:run_mip:430 - Running MIP solver ...
presolving:
(round 1, fast)       28 del vars, 40 del conss, 0 add conss, 0 chg bounds, 0 chg sides, 0 chg coeffs, 0 upgd conss, 0 impls, 43 clqs, 0 implints
(round 2, exhaustive) 28 del vars, 40 del conss, 0 add conss, 1 chg bounds, 0 chg sides, 0 chg coeffs, 2253 upgd conss, 0 impls, 43 clqs, 0 implints
   (0.2s) probing: 1000/1129 (88.6%) - 0 fixings, 0 aggregations, 119627 implications, 0 bound changes
   (0.2s) probing: 1001/1129 (88.7%) - 0 fixings, 0 aggregations, 119803 implications, 0 bound changes
   (0.2s) probing aborted: 1000/1000 successive useless probings
   (0.2s) symmetry computation started: requiring (bin +, int +, cont +), (fixed: bin -, int -, cont -)
   (0.2s) no symmetry present (symcode time: 0.00)
presolving (3 rounds: 3 fast, 2 medium, 2 exhaustive):
 28 deleted vars, 40 deleted constraints, 0 added constraints, 1 tightened bounds, 0 added holes, 0 changed sides, 0 changed coefficients
 0 implications, 8934 cliques, 0 implied integral variables (0 bin, 0 int, 0 cont)
presolved problem has 1130 variables (1129 bin, 0 int, 1 cont) and 2565 constraints
     43 constraints of type <setppc>
    312 constraints of type <linear>
   2210 constraints of type <logicor>
Presolving Time: 0.16

 time | node  | left  |LP iter|LP it/n|mem/heur|mdpt |vars |cons |rows |cuts |sepa|confs|strbr|  dualbound   | primalbound  |  gap   | compl. 
p 0.2s|     1 |     0 |     4 |     - | vbounds|   0 |1130 |2578 |2565 |   0 |  0 |  12 |   0 | 0.000000e+00 | 1.247054e+00 |    Inf | unknown
p 0.2s|     1 |     0 |   107 |     - | vbounds|   0 |1130 |2590 |2565 |   0 |  0 |  24 |   0 | 0.000000e+00 | 1.207429e+00 |    Inf | unknown
  0.2s|     1 |     0 |   352 |     - |    21M |   0 |1130 |2590 |2565 |   0 |  0 |  24 |   0 | 8.329273e-01 | 1.207429e+00 |  44.96%| unknown
  0.3s|     1 |     0 |   376 |     - |    23M |   0 |1130 |2591 |2567 |   2 |  1 |  25 |   0 | 8.329458e-01 | 1.207429e+00 |  44.96%| unknown
r 0.3s|     1 |     0 |   376 |     - |shifting|   0 |1130 |2591 |2567 |   2 |  1 |  25 |   0 | 8.329458e-01 | 8.349586e-01 |   0.24%| unknown
  0.4s|     1 |     0 |   396 |     - |    24M |   0 |1130 |2591 |2568 |   3 |  2 |  25 |   0 | 8.330369e-01 | 8.349586e-01 |   0.23%| unknown
  0.4s|     1 |     0 |   396 |     - |    24M |   0 |1130 |2591 | 886 |   3 |  2 |  25 |   0 | 8.330369e-01 | 8.349586e-01 |   0.23%| unknown
  0.4s|     1 |     0 |   409 |     - |    24M |   0 |1130 |2284 | 878 |   5 |  3 |  25 |   0 | 8.330667e-01 | 8.349586e-01 |   0.23%| unknown
  0.4s|     1 |     0 |   409 |     - |    24M |   0 |1130 |2284 | 872 |   5 |  3 |  25 |   0 | 8.330667e-01 | 8.349586e-01 |   0.23%| unknown
  0.4s|     1 |     0 |   426 |     - |    24M |   0 |1130 |1890 | 874 |   7 |  4 |  25 |   0 | 8.331347e-01 | 8.349586e-01 |   0.22%| unknown
  0.4s|     1 |     0 |   426 |     - |    24M |   0 |1130 |1890 | 868 |   7 |  4 |  25 |   0 | 8.331347e-01 | 8.349586e-01 |   0.22%| unknown
  0.4s|     1 |     0 |   447 |     - |    25M |   0 |1130 |1870 | 870 |   9 |  5 |  25 |   0 | 8.331402e-01 | 8.349586e-01 |   0.22%| unknown
  0.5s|     1 |     0 |   471 |     - |    26M |   0 |1130 |1811 | 872 |  11 |  6 |  25 |   0 | 8.331567e-01 | 8.349586e-01 |   0.22%| unknown
  0.5s|     1 |     0 |   471 |     - |    26M |   0 |1130 |1811 | 870 |  11 |  6 |  25 |   0 | 8.331567e-01 | 8.349586e-01 |   0.22%| unknown
  0.5s|     1 |     0 |   481 |     - |    28M |   0 |1130 |1695 | 872 |  13 |  7 |  25 |   0 | 8.331631e-01 | 8.349586e-01 |   0.22%| unknown
 time | node  | left  |LP iter|LP it/n|mem/heur|mdpt |vars |cons |rows |cuts |sepa|confs|strbr|  dualbound   | primalbound  |  gap   | compl. 
  0.5s|     1 |     0 |   487 |     - |    29M |   0 |1130 |1695 | 874 |  15 |  8 |  25 |   0 | 8.331633e-01 | 8.349586e-01 |   0.22%| unknown
  0.5s|     1 |     0 |   515 |     - |    31M |   0 |1130 |1605 | 875 |  16 |  9 |  26 |   0 | 8.332051e-01 | 8.349586e-01 |   0.21%| unknown
  0.5s|     1 |     0 |   515 |     - |    31M |   0 |1130 |1606 | 869 |  16 |  9 |  27 |   0 | 8.332051e-01 | 8.349586e-01 |   0.21%| unknown
  0.6s|     1 |     0 |   530 |     - |    32M |   0 |1130 |1593 | 873 |  20 | 10 |  27 |   0 | 8.332720e-01 | 8.349586e-01 |   0.20%| unknown
  0.6s|     1 |     0 |   530 |     - |    32M |   0 |1130 |1594 | 867 |  20 | 10 |  28 |   0 | 8.332720e-01 | 8.349586e-01 |   0.20%| unknown
  0.6s|     1 |     0 |   536 |     - |    32M |   0 |1130 |1535 | 868 |  21 | 11 |  28 |   0 | 8.332744e-01 | 8.349586e-01 |   0.20%| unknown
  0.6s|     1 |     0 |   536 |     - |    32M |   0 |1130 | 773 | 868 |  21 | 11 |  28 |   0 | 8.332744e-01 | 8.349586e-01 |   0.20%| unknown
  0.6s|     1 |     0 |   541 |     - |    32M |   0 |1130 | 773 | 869 |  22 | 12 |  28 |   0 | 8.332777e-01 | 8.349586e-01 |   0.20%| unknown
  0.6s|     1 |     0 |   544 |     - |    32M |   0 |1130 | 551 | 871 |  24 | 13 |  28 |   0 | 8.332791e-01 | 8.349586e-01 |   0.20%| unknown
  0.6s|     1 |     0 |   549 |     - |    32M |   0 |1130 | 551 | 872 |  25 | 14 |  29 |   0 | 8.332811e-01 | 8.349586e-01 |   0.20%| unknown
  0.6s|     1 |     0 |   557 |     - |    32M |   0 |1130 | 538 | 871 |  27 | 15 |  31 |   0 | 8.332884e-01 | 8.349586e-01 |   0.20%| unknown
  0.6s|     1 |     0 |   561 |     - |    32M |   0 |1130 | 477 | 873 |  29 | 16 |  31 |   0 | 8.332893e-01 | 8.349586e-01 |   0.20%| unknown
  0.6s|     1 |     0 |   563 |     - |    32M |   0 |1130 | 478 | 874 |  30 | 17 |  32 |   0 | 8.332947e-01 | 8.349586e-01 |   0.20%| unknown
  0.6s|     1 |     0 |   569 |     - |    32M |   0 |1130 | 404 | 875 |  31 | 18 |  32 |   0 | 8.333041e-01 | 8.349586e-01 |   0.20%| unknown
  0.6s|     1 |     0 |   574 |     - |    32M |   0 |1130 | 405 | 876 |  32 | 19 |  33 |   0 | 8.333079e-01 | 8.349586e-01 |   0.20%| unknown
 time | node  | left  |LP iter|LP it/n|mem/heur|mdpt |vars |cons |rows |cuts |sepa|confs|strbr|  dualbound   | primalbound  |  gap   | compl. 
  0.6s|     1 |     0 |   579 |     - |    32M |   0 |1130 | 399 | 877 |  33 | 20 |  35 |   0 | 8.333109e-01 | 8.349586e-01 |   0.20%| unknown
  0.6s|     1 |     0 |   584 |     - |    32M |   0 |1130 | 397 | 870 |  35 | 21 |  35 |   0 | 8.333174e-01 | 8.349586e-01 |   0.20%| unknown
  0.6s|     1 |     0 |   590 |     - |    32M |   0 |1130 | 396 | 872 |  37 | 22 |  35 |   0 | 8.333265e-01 | 8.349586e-01 |   0.20%| unknown
(run 1, node 1) restarting after 1054 global fixings of integer variables

(restart) converted 25 cuts from the global cut pool into linear constraints

presolving:
(round 1, fast)       1060 del vars, 245 del conss, 0 add conss, 2 chg bounds, 0 chg sides, 6 chg coeffs, 0 upgd conss, 0 impls, 134 clqs, 0 implints
(round 2, fast)       1060 del vars, 246 del conss, 0 add conss, 2 chg bounds, 0 chg sides, 6 chg coeffs, 0 upgd conss, 0 impls, 134 clqs, 0 implints
(round 3, medium)     1063 del vars, 246 del conss, 0 add conss, 2 chg bounds, 0 chg sides, 6 chg coeffs, 0 upgd conss, 0 impls, 128 clqs, 0 implints
(round 4, fast)       1063 del vars, 252 del conss, 0 add conss, 2 chg bounds, 0 chg sides, 6 chg coeffs, 0 upgd conss, 0 impls, 128 clqs, 0 implints
(round 5, exhaustive) 1063 del vars, 252 del conss, 0 add conss, 2 chg bounds, 0 chg sides, 6 chg coeffs, 13 upgd conss, 0 impls, 128 clqs, 0 implints
presolving (6 rounds: 6 fast, 3 medium, 2 exhaustive):
 1063 deleted vars, 252 deleted constraints, 0 added constraints, 2 tightened bounds, 0 added holes, 0 changed sides, 6 changed coefficients
 0 implications, 128 cliques, 0 implied integral variables (0 bin, 0 int, 0 cont)
presolved problem has 67 variables (66 bin, 0 int, 1 cont) and 178 constraints
      1 constraints of type <knapsack>
     37 constraints of type <setppc>
     34 constraints of type <linear>
    106 constraints of type <logicor>
Presolving Time: 0.17
transformed 1/5 original solutions to the transformed problem space

 time | node  | left  |LP iter|LP it/n|mem/heur|mdpt |vars |cons |rows |cuts |sepa|confs|strbr|  dualbound   | primalbound  |  gap   | compl. 
  0.7s|     1 |     0 |   807 |     - |    32M |   0 |  67 | 178 | 161 |   0 |  0 |  44 |   0 | 8.333265e-01 | 8.349586e-01 |   0.20%| unknown
  0.7s|     1 |     0 |   807 |     - |    32M |   0 |  67 | 179 | 159 |   0 |  0 |  45 |   0 | 8.333265e-01 | 8.349586e-01 |   0.20%| unknown
  0.7s|     1 |     0 |   809 |     - |    32M |   0 |  67 | 179 | 160 |   1 |  1 |  45 |   0 | 8.333267e-01 | 8.349586e-01 |   0.20%| unknown
  0.7s|     1 |     0 |   838 |     - |    32M |   0 |  67 | 178 | 162 |   3 |  2 |  45 |   0 | 8.334707e-01 | 8.349586e-01 |   0.18%| unknown
  0.7s|     1 |     0 |   877 |     - |    32M |   0 |  67 | 179 | 163 |   4 |  3 |  46 |   0 | 8.336070e-01 | 8.349586e-01 |   0.16%| unknown
  0.7s|     1 |     0 |   885 |     - |    32M |   0 |  67 | 180 | 164 |   5 |  4 |  48 |   0 | 8.336159e-01 | 8.349586e-01 |   0.16%| unknown
  0.7s|     1 |     0 |   889 |     - |    32M |   0 |  67 | 183 | 166 |   7 |  5 |  51 |   0 | 8.336169e-01 | 8.349586e-01 |   0.16%| unknown
  0.7s|     1 |     0 |   900 |     - |    32M |   0 |  67 | 184 | 167 |   8 |  6 |  52 |   0 | 8.336315e-01 | 8.349586e-01 |   0.16%| unknown
  0.8s|     1 |     0 |   917 |     - |    32M |   0 |  67 | 184 | 170 |  11 |  7 |  52 |   0 | 8.336404e-01 | 8.349586e-01 |   0.16%| unknown
  0.8s|     1 |     0 |   917 |     - |    32M |   0 |  67 | 185 | 168 |  11 |  7 |  53 |   0 | 8.336404e-01 | 8.349586e-01 |   0.16%| unknown
  0.8s|     1 |     0 |   931 |     - |    33M |   0 |  67 | 185 | 170 |  13 |  8 |  53 |   0 | 8.336519e-01 | 8.349586e-01 |   0.16%| unknown
  0.8s|     1 |     0 |   945 |     - |    33M |   0 |  67 | 185 | 173 |  16 |  9 |  55 |   0 | 8.336541e-01 | 8.349586e-01 |   0.16%| unknown
  0.8s|     1 |     0 |   965 |     - |    33M |   0 |  67 | 185 | 175 |  18 | 10 |  55 |   0 | 8.336583e-01 | 8.349586e-01 |   0.16%| unknown
  0.8s|     1 |     0 |   966 |     - |    33M |   0 |  67 | 185 | 176 |  19 | 11 |  55 |   0 | 8.336583e-01 | 8.349586e-01 |   0.16%| unknown
  0.8s|     1 |     0 |  1178 |     - |    33M |   0 |  67 | 192 | 176 |  19 | 12 |  64 |   2 | 8.336598e-01 | 8.349586e-01 |   0.16%| unknown
(run 2, node 1) restarting after 9 global fixings of integer variables

(restart) converted 19 cuts from the global cut pool into linear constraints

presolving:
(round 1, fast)       11 del vars, 56 del conss, 1 add conss, 0 chg bounds, 0 chg sides, 54 chg coeffs, 0 upgd conss, 0 impls, 152 clqs, 0 implints
(round 2, exhaustive) 11 del vars, 57 del conss, 1 add conss, 0 chg bounds, 1 chg sides, 54 chg coeffs, 0 upgd conss, 0 impls, 153 clqs, 0 implints
(round 3, exhaustive) 11 del vars, 57 del conss, 1 add conss, 0 chg bounds, 1 chg sides, 54 chg coeffs, 6 upgd conss, 0 impls, 153 clqs, 0 implints
(round 4, exhaustive) 11 del vars, 57 del conss, 1 add conss, 0 chg bounds, 1 chg sides, 55 chg coeffs, 6 upgd conss, 0 impls, 153 clqs, 0 implints
(round 5, exhaustive) 11 del vars, 57 del conss, 1 add conss, 0 chg bounds, 1 chg sides, 58 chg coeffs, 6 upgd conss, 0 impls, 153 clqs, 0 implints
(round 6, exhaustive) 12 del vars, 60 del conss, 1 add conss, 0 chg bounds, 1 chg sides, 60 chg coeffs, 6 upgd conss, 0 impls, 148 clqs, 0 implints
(round 7, fast)       12 del vars, 68 del conss, 1 add conss, 0 chg bounds, 1 chg sides, 61 chg coeffs, 6 upgd conss, 0 impls, 148 clqs, 0 implints
(round 8, medium)     14 del vars, 75 del conss, 6 add conss, 0 chg bounds, 1 chg sides, 73 chg coeffs, 6 upgd conss, 0 impls, 143 clqs, 0 implints
(round 9, exhaustive) 14 del vars, 76 del conss, 6 add conss, 0 chg bounds, 1 chg sides, 73 chg coeffs, 6 upgd conss, 0 impls, 145 clqs, 0 implints
(round 10, exhaustive) 14 del vars, 76 del conss, 6 add conss, 0 chg bounds, 1 chg sides, 73 chg coeffs, 11 upgd conss, 0 impls, 145 clqs, 0 implints
(round 11, exhaustive) 14 del vars, 76 del conss, 6 add conss, 0 chg bounds, 1 chg sides, 74 chg coeffs, 11 upgd conss, 0 impls, 145 clqs, 0 implints
(round 12, exhaustive) 14 del vars, 76 del conss, 6 add conss, 0 chg bounds, 1 chg sides, 75 chg coeffs, 11 upgd conss, 0 impls, 145 clqs, 0 implints
presolving (13 rounds: 13 fast, 11 medium, 10 exhaustive):
 14 deleted vars, 76 deleted constraints, 6 added constraints, 0 tightened bounds, 0 added holes, 1 changed sides, 75 changed coefficients
 0 implications, 145 cliques, 0 implied integral variables (0 bin, 0 int, 0 cont)
presolved problem has 53 variables (52 bin, 0 int, 1 cont) and 141 constraints
      7 constraints of type <knapsack>
     28 constraints of type <setppc>
     46 constraints of type <linear>
     60 constraints of type <logicor>
Presolving Time: 0.17
transformed 1/5 original solutions to the transformed problem space

 time | node  | left  |LP iter|LP it/n|mem/heur|mdpt |vars |cons |rows |cuts |sepa|confs|strbr|  dualbound   | primalbound  |  gap   | compl. 
  0.8s|     1 |     0 |  1271 |     - |    33M |   0 |  53 | 141 | 119 |   0 |  0 |  64 |   2 | 8.336598e-01 | 8.349586e-01 |   0.16%| unknown
  0.8s|     1 |     0 |  1271 |     - |    33M |   0 |  53 | 142 | 118 |   0 |  0 |  65 |   2 | 8.336598e-01 | 8.349586e-01 |   0.16%| unknown
  0.8s|     1 |     0 |  1285 |     - |    33M |   0 |  53 | 142 | 121 |   3 |  1 |  65 |   2 | 8.336749e-01 | 8.349586e-01 |   0.15%| unknown
  0.8s|     1 |     0 |  1296 |     - |    33M |   0 |  53 | 141 | 124 |   6 |  2 |  65 |   2 | 8.337054e-01 | 8.349586e-01 |   0.15%| unknown
  0.8s|     1 |     0 |  1301 |     - |    33M |   0 |  53 | 142 | 125 |   7 |  3 |  66 |   2 | 8.337086e-01 | 8.349586e-01 |   0.15%| unknown
  0.8s|     1 |     0 |  1322 |     - |    33M |   0 |  53 | 142 | 128 |  10 |  4 |  66 |   2 | 8.337500e-01 | 8.349586e-01 |   0.14%| unknown
  0.9s|     1 |     0 |  1332 |     - |    33M |   0 |  53 | 142 | 130 |  12 |  5 |  66 |   2 | 8.338219e-01 | 8.349586e-01 |   0.14%| unknown
  0.9s|     1 |     0 |  1338 |     - |    33M |   0 |  53 | 144 | 132 |  14 |  6 |  68 |   2 | 8.338669e-01 | 8.349586e-01 |   0.13%| unknown
  0.9s|     1 |     0 |  1353 |     - |    33M |   0 |  53 | 144 | 133 |  15 |  7 |  68 |   2 | 8.340117e-01 | 8.349586e-01 |   0.11%| unknown
  0.9s|     1 |     0 |  1353 |     - |    33M |   0 |  53 | 144 | 132 |  15 |  7 |  68 |   2 | 8.340117e-01 | 8.349586e-01 |   0.11%| unknown
  0.9s|     1 |     0 |  1376 |     - |    33M |   0 |  53 | 143 | 133 |  17 |  8 |  68 |   2 | 8.342633e-01 | 8.349586e-01 |   0.08%| unknown
  0.9s|     1 |     0 |  1376 |     - |    33M |   0 |  53 | 145 | 128 |  17 |  8 |  70 |   2 | 8.342633e-01 | 8.349586e-01 |   0.08%| unknown
  0.9s|     1 |     0 |  1385 |     - |    33M |   0 |  53 | 139 | 132 |  21 |  9 |  70 |   2 | 8.342983e-01 | 8.349586e-01 |   0.08%| unknown
  0.9s|     1 |     0 |  1415 |     - |    33M |   0 |  53 | 139 | 133 |  22 | 10 |  70 |   2 | 8.345193e-01 | 8.349586e-01 |   0.05%| unknown
  0.9s|     1 |     0 |  1426 |     - |    33M |   0 |  53 | 139 | 135 |  24 | 11 |  70 |   2 | 8.345363e-01 | 8.349586e-01 |   0.05%| unknown
 time | node  | left  |LP iter|LP it/n|mem/heur|mdpt |vars |cons |rows |cuts |sepa|confs|strbr|  dualbound   | primalbound  |  gap   | compl. 
  0.9s|     1 |     0 |  1432 |     - |    33M |   0 |  53 | 139 | 104 |  26 | 12 |  70 |   2 | 8.345473e-01 | 8.349586e-01 |   0.05%| unknown
  0.9s|     1 |     0 |  1457 |     - |    33M |   0 |  53 | 136 | 106 |  28 | 13 |  71 |   2 | 8.346337e-01 | 8.349586e-01 |   0.04%| unknown
  0.9s|     1 |     0 |  1468 |     - |    33M |   0 |  53 | 139 | 107 |  29 | 14 |  74 |   2 | 8.347513e-01 | 8.349586e-01 |   0.02%| unknown
  0.9s|     1 |     0 |  1468 |     - |    33M |   0 |  53 | 139 | 102 |  29 | 14 |  74 |   2 | 8.347513e-01 | 8.349586e-01 |   0.02%| unknown
  0.9s|     1 |     0 |  1468 |     - |    33M |   0 |  53 | 137 | 102 |  29 | 15 |  74 |   2 | 8.347513e-01 | 8.349586e-01 |   0.02%| unknown
d 0.9s|     1 |     0 |  1468 |     - |farkasdi|   0 |  53 | 133 | 102 |   0 | 16 |  74 |   2 | 8.347513e-01 | 8.347513e-01 |   0.00%| unknown
  0.9s|     1 |     0 |  1468 |     - |    33M |   0 |  53 | 133 | 102 |  29 | 16 |  74 |   2 | 8.347513e-01 | 8.347513e-01 |   0.00%| unknown

SCIP Status        : problem is solved [optimal solution found]
Solving Time (sec) : 0.92
Solving Nodes      : 1 (total of 3 nodes in 3 runs)
Primal Bound       : +8.34751262299677e-01 (8 solutions)
Dual Bound         : +8.34751262299677e-01
Gap                : 0.00 %
objective value:                    0.834751262299677
x_('12_5', '13_1')                  0.999999999999992 	(obj:0.029775310754819)
x_('11_17', '12_5')                 0.999999999999992 	(obj:0.0235420081967213)
x_('10_31', '11_17')                0.999999999999995 	(obj:0.0258647008728976)
x_('9_42', '10_31')                 0.999999999999995 	(obj:0.0610714285714286)
x_('8_45', '9_42')                  0.999999999996099 	(obj:0.0407201405152225)
x_('7_37', '8_45')                   1.00000000000217 	(obj:0.0439441598360656)
x_('6_35', '7_37')                   1.00000000000607 	(obj:0.0482142857142857)
x_('5_30', '6_35')                  0.999999999999997 	(obj:0.0346747658079625)
x_('4_25', '5_30')                  0.999999999999997 	(obj:0.0833954332552693)
x_('3_20', '4_25')                                  1 	(obj:0.0835846018735363)
x_('2_14', '3_20')                                  1 	(obj:0.0842248243559719)
x_('1_10', '2_14')                                  1 	(obj:0.158480093676815)
x_('0_1', '1_10')                                   1 	(obj:0.0321428571428571)
y_0_0                                               1 	(obj:0)
y_1_0                                               1 	(obj:0)
y_2_0                                               1 	(obj:0)
y_3_0                                               1 	(obj:0)
y_4_0                                               1 	(obj:0)
y_5_0                               0.999999999999974 	(obj:0)
y_6_1                                               1 	(obj:0)
y_7_1                                               1 	(obj:0)
y_8_1                                               1 	(obj:0)
y_9_1                                               1 	(obj:0)
y_10_1                                              1 	(obj:0)
y_11_1                                              1 	(obj:0)
y_12_1                                              1 	(obj:0)
z_('3268741', '3425762')_1          0.999999999999995 	(obj:0)
z_('3268741', '1966592X')_0                         1 	(obj:0)
z_('1966592X', '3452192')_0                         1 	(obj:0)
z_('3452192', '1353870')_0                          1 	(obj:0)
z_('3452192', '3520162')_0                          1 	(obj:0)
z_('3520162', '3307092')_1                          1 	(obj:0)
z_('3520162', '3524054')_0                          1 	(obj:0)
z_('3268740', '3524054')_0          0.999999999999972 	(obj:0)
z_('3524054', '3179975')_1                          1 	(obj:0)
z_('3179975', '3422998')_1                          1 	(obj:0)
z_('3422998', '2495223X')_1                         1 	(obj:0)
z_('3422998', '1353870_01')_1       0.999999999999995 	(obj:0)
z_('2495223X', '2245784X')_1        0.999999999999997 	(obj:0)
alpha                                6.63879518072289 	(obj:0.0128210992218858)
  obj=0.835  alpha=1102.0s  time=0.97s

k = 1
  Subgraph edges — edge_w: 13 (1.2%)  bal_w: 13 (1.2%)  combined: 26 (2.4%)  blended: 13 (1.2%)  blended_union: 31 (2.8%)  diverse: 13 (1.2%)
  [3a] Subgraph / edge_w   k=1 …
2026-07-01 18:17:01.286 | INFO     | pycaalp.time_balancing.model:run_mip:430 - Running MIP solver ...
      obj=0.835 (vs_full=+0.00%)  alpha=1102.0s  build=0.001s solve=0.012s  vs_full=+0.00%
  [3b] Subgraph / bal_w    k=1 …
2026-07-01 18:17:01.297 | INFO     | pycaalp.time_balancing.model:run_mip:430 - Running MIP solver ...
      obj=1.144 (vs_full=+37.00%)  alpha=1160.1s  build=0.001s solve=0.018s  vs_full=+5.27%
  [3c] Subgraph / combined k=1 …
2026-07-01 18:17:01.315 | INFO     | pycaalp.time_balancing.model:run_mip:430 - Running MIP solver ...
      obj=0.835 (vs_full=+0.00%)  alpha=1102.0s  build=0.002s solve=0.007s  vs_full=+0.00%
  [3d] Subgraph / blended  k=1 …
2026-07-01 18:17:01.322 | INFO     | pycaalp.time_balancing.model:run_mip:430 - Running MIP solver ...
      obj=0.837 (vs_full=+0.25%)  alpha=1092.5s  build=0.002s solve=0.005s  vs_full=-0.86%
  [3e] Subgraph / bl-union k=1 …
2026-07-01 18:17:01.328 | INFO     | pycaalp.time_balancing.model:run_mip:430 - Running MIP solver ...
      obj=0.835 (vs_full=+0.00%)  alpha=1102.0s  build=0.021s solve=0.016s  vs_full=+0.00%
  [3f] Subgraph / diverse  k=1 …
2026-07-01 18:17:01.343 | INFO     | pycaalp.time_balancing.model:run_mip:430 - Running MIP solver ...
      obj=0.837 (vs_full=+0.25%)  alpha=1092.5s  build=0.008s solve=0.013s  vs_full=-0.86%

k = 2
  Subgraph edges — edge_w: 15 (1.4%)  bal_w: 20 (1.8%)  combined: 35 (3.2%)  blended: 15 (1.4%)  blended_union: 36 (3.3%)  diverse: 26 (2.4%)
  [3a] Subgraph / edge_w   k=2 …
2026-07-01 18:17:01.398 | INFO     | pycaalp.time_balancing.model:run_mip:430 - Running MIP solver ...
      obj=0.835 (vs_full=+0.00%)  alpha=1102.0s  build=0.008s solve=0.035s  vs_full=+0.00%
  [3b] Subgraph / bal_w    k=2 …
2026-07-01 18:17:01.433 | INFO     | pycaalp.time_balancing.model:run_mip:430 - Running MIP solver ...
      obj=1.144 (vs_full=+37.00%)  alpha=1160.1s  build=0.005s solve=0.012s  vs_full=+5.27%
  [3c] Subgraph / combined k=2 …
2026-07-01 18:17:01.445 | INFO     | pycaalp.time_balancing.model:run_mip:430 - Running MIP solver ...
      obj=0.835 (vs_full=+0.00%)  alpha=1102.0s  build=0.008s solve=0.025s  vs_full=+0.00%
  [3d] Subgraph / blended  k=2 …
2026-07-01 18:17:01.470 | INFO     | pycaalp.time_balancing.model:run_mip:430 - Running MIP solver ...
      obj=0.837 (vs_full=+0.25%)  alpha=1092.5s  build=0.003s solve=0.021s  vs_full=-0.86%
  [3e] Subgraph / bl-union k=2 …
2026-07-01 18:17:01.491 | INFO     | pycaalp.time_balancing.model:run_mip:430 - Running MIP solver ...
      obj=0.835 (vs_full=+0.00%)  alpha=1102.0s  build=0.015s solve=0.061s  vs_full=+0.00%
  [3f] Subgraph / diverse  k=2 …
2026-07-01 18:17:01.553 | INFO     | pycaalp.time_balancing.model:run_mip:430 - Running MIP solver ...
      obj=0.837 (vs_full=+0.25%)  alpha=1092.5s  build=0.003s solve=0.040s  vs_full=-0.86%

k = 5
  Subgraph edges — edge_w: 21 (1.9%)  bal_w: 29 (2.6%)  combined: 50 (4.5%)  blended: 19 (1.7%)  blended_union: 49 (4.4%)  diverse: 65 (5.9%)
  [3a] Subgraph / edge_w   k=5 …
2026-07-01 18:17:01.726 | INFO     | pycaalp.time_balancing.model:run_mip:430 - Running MIP solver ...
      obj=0.835 (vs_full=+0.00%)  alpha=1102.0s  build=0.020s solve=0.041s  vs_full=+0.00%
  [3b] Subgraph / bal_w    k=5 …
2026-07-01 18:17:01.767 | INFO     | pycaalp.time_balancing.model:run_mip:430 - Running MIP solver ...
      obj=1.118 (vs_full=+33.93%)  alpha=1122.3s  build=0.010s solve=0.007s  vs_full=+1.84%
  [3c] Subgraph / combined k=5 …
2026-07-01 18:17:01.775 | INFO     | pycaalp.time_balancing.model:run_mip:430 - Running MIP solver ...
      obj=0.835 (vs_full=+0.00%)  alpha=1102.0s  build=0.023s solve=0.033s  vs_full=+0.00%
  [3d] Subgraph / blended  k=5 …
2026-07-01 18:17:01.808 | INFO     | pycaalp.time_balancing.model:run_mip:430 - Running MIP solver ...
      obj=0.837 (vs_full=+0.25%)  alpha=1092.5s  build=0.020s solve=0.031s  vs_full=-0.86%
  [3e] Subgraph / bl-union k=5 …
2026-07-01 18:17:01.839 | INFO     | pycaalp.time_balancing.model:run_mip:430 - Running MIP solver ...
      obj=0.835 (vs_full=+0.00%)  alpha=1102.0s  build=0.050s solve=0.182s  vs_full=+0.00%
  [3f] Subgraph / diverse  k=5 …
2026-07-01 18:17:02.021 | INFO     | pycaalp.time_balancing.model:run_mip:430 - Running MIP solver ...
      obj=0.835 (vs_full=+0.02%)  alpha=1102.0s  build=0.011s solve=0.066s  vs_full=+0.00%

k = 10
  Subgraph edges — edge_w: 24 (2.2%)  bal_w: 39 (3.5%)  combined: 63 (5.7%)  blended: 27 (2.4%)  blended_union: 64 (5.8%)  diverse: 126 (11.4%)
  [3a] Subgraph / edge_w   k=10 …
2026-07-01 18:17:02.320 | INFO     | pycaalp.time_balancing.model:run_mip:430 - Running MIP solver ...
      obj=0.835 (vs_full=+0.00%)  alpha=1102.0s  build=0.042s solve=0.061s  vs_full=+0.00%
  [3b] Subgraph / bal_w    k=10 …
2026-07-01 18:17:02.381 | INFO     | pycaalp.time_balancing.model:run_mip:430 - Running MIP solver ...
      obj=1.118 (vs_full=+33.93%)  alpha=1122.3s  build=0.015s solve=0.020s  vs_full=+1.84%
  [3c] Subgraph / combined k=10 …
2026-07-01 18:17:02.401 | INFO     | pycaalp.time_balancing.model:run_mip:430 - Running MIP solver ...
      obj=0.835 (vs_full=+0.00%)  alpha=1102.0s  build=0.031s solve=0.096s  vs_full=+0.00%
  [3d] Subgraph / blended  k=10 …
2026-07-01 18:17:02.497 | INFO     | pycaalp.time_balancing.model:run_mip:430 - Running MIP solver ...
      obj=0.837 (vs_full=+0.25%)  alpha=1092.5s  build=0.043s solve=0.067s  vs_full=-0.86%
  [3e] Subgraph / bl-union k=10 …
2026-07-01 18:17:02.564 | INFO     | pycaalp.time_balancing.model:run_mip:430 - Running MIP solver ...
      obj=0.835 (vs_full=+0.00%)  alpha=1102.0s  build=0.090s solve=0.219s  vs_full=+0.00%
  [3f] Subgraph / diverse  k=10 …
2026-07-01 18:17:02.783 | INFO     | pycaalp.time_balancing.model:run_mip:430 - Running MIP solver ...
      obj=0.835 (vs_full=+0.02%)  alpha=1102.0s  build=0.010s solve=0.235s  vs_full=+0.00%

k = 20
  Subgraph edges — edge_w: 35 (3.2%)  bal_w: 49 (4.4%)  combined: 84 (7.6%)  blended: 44 (4.0%)  blended_union: 87 (7.9%)  diverse: 239 (21.6%)
  [3a] Subgraph / edge_w   k=20 …
2026-07-01 18:17:03.494 | INFO     | pycaalp.time_balancing.model:run_mip:430 - Running MIP solver ...
      obj=0.835 (vs_full=+0.00%)  alpha=1102.0s  build=0.064s solve=0.043s  vs_full=+0.00%
  [3b] Subgraph / bal_w    k=20 …
2026-07-01 18:17:03.538 | INFO     | pycaalp.time_balancing.model:run_mip:430 - Running MIP solver ...
      obj=1.118 (vs_full=+33.93%)  alpha=1122.3s  build=0.052s solve=0.091s  vs_full=+1.84%
  [3c] Subgraph / combined k=20 …
2026-07-01 18:17:03.629 | INFO     | pycaalp.time_balancing.model:run_mip:430 - Running MIP solver ...
      obj=0.835 (vs_full=+0.00%)  alpha=1102.0s  build=0.090s solve=0.245s  vs_full=+0.00%
  [3d] Subgraph / blended  k=20 …
2026-07-01 18:17:03.874 | INFO     | pycaalp.time_balancing.model:run_mip:430 - Running MIP solver ...
      obj=0.835 (vs_full=+0.00%)  alpha=1102.0s  build=0.062s solve=0.098s  vs_full=+0.00%
  [3e] Subgraph / bl-union k=20 …
2026-07-01 18:17:03.971 | INFO     | pycaalp.time_balancing.model:run_mip:430 - Running MIP solver ...
      obj=0.835 (vs_full=+0.00%)  alpha=1102.0s  build=0.189s solve=0.178s  vs_full=+0.00%
  [3f] Subgraph / diverse  k=20 …
2026-07-01 18:17:04.149 | INFO     | pycaalp.time_balancing.model:run_mip:430 - Running MIP solver ...
      obj=0.835 (vs_full=+0.02%)  alpha=1102.0s  build=0.019s solve=0.336s  vs_full=+0.00%

k = 50
  Subgraph edges — edge_w: 54 (4.9%)  bal_w: 74 (6.7%)  combined: 127 (11.5%)  blended: 58 (5.2%)  blended_union: 117 (10.6%)  diverse: 509 (46.1%)
  [3a] Subgraph / edge_w   k=50 …
2026-07-01 18:17:05.600 | INFO     | pycaalp.time_balancing.model:run_mip:430 - Running MIP solver ...
      obj=0.835 (vs_full=+0.00%)  alpha=1102.0s  build=0.165s solve=0.254s  vs_full=+0.00%
  [3b] Subgraph / bal_w    k=50 …
2026-07-01 18:17:05.853 | INFO     | pycaalp.time_balancing.model:run_mip:430 - Running MIP solver ...
      obj=1.113 (vs_full=+33.38%)  alpha=1122.3s  build=0.084s solve=0.105s  vs_full=+1.84%
  [3c] Subgraph / combined k=50 …
2026-07-01 18:17:05.958 | INFO     | pycaalp.time_balancing.model:run_mip:430 - Running MIP solver ...
      obj=0.835 (vs_full=+0.00%)  alpha=1102.0s  build=0.225s solve=0.303s  vs_full=+0.00%
  [3d] Subgraph / blended  k=50 …
2026-07-01 18:17:06.262 | INFO     | pycaalp.time_balancing.model:run_mip:430 - Running MIP solver ...
      obj=0.835 (vs_full=+0.00%)  alpha=1102.0s  build=0.164s solve=0.144s  vs_full=+0.00%
  [3e] Subgraph / bl-union k=50 …
2026-07-01 18:17:06.406 | INFO     | pycaalp.time_balancing.model:run_mip:430 - Running MIP solver ...
      obj=0.835 (vs_full=+0.00%)  alpha=1102.0s  build=0.436s solve=0.254s  vs_full=+0.00%
  [3f] Subgraph / diverse  k=50 …
2026-07-01 18:17:06.660 | INFO     | pycaalp.time_balancing.model:run_mip:430 - Running MIP solver ...
      obj=0.835 (vs_full=+0.02%)  alpha=1102.0s  build=0.040s solve=0.548s  vs_full=+0.00%

k = 100
  Subgraph edges — edge_w: 78 (7.1%)  bal_w: 85 (7.7%)  combined: 162 (14.7%)  blended: 68 (6.2%)  blended_union: 167 (15.1%)  diverse: 746 (67.5%)
  [3a] Subgraph / edge_w   k=100 …
2026-07-01 18:17:09.220 | INFO     | pycaalp.time_balancing.model:run_mip:430 - Running MIP solver ...
      obj=0.835 (vs_full=+0.00%)  alpha=1102.0s  build=0.297s solve=0.260s  vs_full=+0.00%
  [3b] Subgraph / bal_w    k=100 …
2026-07-01 18:17:09.480 | INFO     | pycaalp.time_balancing.model:run_mip:430 - Running MIP solver ...
      obj=1.113 (vs_full=+33.38%)  alpha=1122.3s  build=0.170s solve=0.111s  vs_full=+1.84%
  [3c] Subgraph / combined k=100 …
2026-07-01 18:17:09.591 | INFO     | pycaalp.time_balancing.model:run_mip:430 - Running MIP solver ...
      obj=0.835 (vs_full=+0.00%)  alpha=1102.0s  build=0.461s solve=0.600s  vs_full=+0.00%
  [3d] Subgraph / blended  k=100 …
2026-07-01 18:17:10.191 | INFO     | pycaalp.time_balancing.model:run_mip:430 - Running MIP solver ...
      obj=0.835 (vs_full=+0.00%)  alpha=1102.0s  build=0.291s solve=0.158s  vs_full=+0.00%
  [3e] Subgraph / bl-union k=100 …
2026-07-01 18:17:10.349 | INFO     | pycaalp.time_balancing.model:run_mip:430 - Running MIP solver ...
      obj=0.835 (vs_full=+0.00%)  alpha=1102.0s  build=0.747s solve=0.391s  vs_full=+0.00%
  [3f] Subgraph / diverse  k=100 …
2026-07-01 18:17:10.741 | INFO     | pycaalp.time_balancing.model:run_mip:430 - Running MIP solver ...
      obj=0.835 (vs_full=+0.02%)  alpha=1102.0s  build=0.046s solve=0.957s  vs_full=+0.00%

k = 200
  Subgraph edges — edge_w: 95 (8.6%)  bal_w: 118 (10.7%)  combined: 211 (19.1%)  blended: 86 (7.8%)  blended_union: 212 (19.2%)  diverse: 914 (82.7%)
  [3a] Subgraph / edge_w   k=200 …
2026-07-01 18:17:15.315 | INFO     | pycaalp.time_balancing.model:run_mip:430 - Running MIP solver ...
      obj=0.835 (vs_full=+0.00%)  alpha=1102.0s  build=0.510s solve=0.366s  vs_full=+0.00%
  [3b] Subgraph / bal_w    k=200 …
2026-07-01 18:17:15.682 | INFO     | pycaalp.time_balancing.model:run_mip:430 - Running MIP solver ...
      obj=1.113 (vs_full=+33.27%)  alpha=1122.3s  build=0.320s solve=0.169s  vs_full=+1.84%
  [3c] Subgraph / combined k=200 …
2026-07-01 18:17:15.851 | INFO     | pycaalp.time_balancing.model:run_mip:430 - Running MIP solver ...
      obj=0.835 (vs_full=+0.00%)  alpha=1102.0s  build=0.828s solve=0.767s  vs_full=+0.00%
  [3d] Subgraph / blended  k=200 …
2026-07-01 18:17:16.618 | INFO     | pycaalp.time_balancing.model:run_mip:430 - Running MIP solver ...
      obj=0.835 (vs_full=+0.00%)  alpha=1102.0s  build=0.510s solve=0.488s  vs_full=+0.00%
  [3e] Subgraph / bl-union k=200 …
2026-07-01 18:17:17.106 | INFO     | pycaalp.time_balancing.model:run_mip:430 - Running MIP solver ...
      obj=0.835 (vs_full=+0.00%)  alpha=1102.0s  build=1.347s solve=0.518s  vs_full=+0.00%
  [3f] Subgraph / diverse  k=200 …
2026-07-01 18:17:17.624 | INFO     | pycaalp.time_balancing.model:run_mip:430 - Running MIP solver ...
      obj=0.835 (vs_full=+0.02%)  alpha=1102.0s  build=0.103s solve=1.114s  vs_full=+0.00%

k = 500
  Subgraph edges — edge_w: 108 (9.8%)  bal_w: 170 (15.4%)  combined: 274 (24.8%)  blended: 120 (10.9%)  blended_union: 278 (25.2%)  diverse: 1047 (94.8%)
  [3a] Subgraph / edge_w   k=500 …
2026-07-01 18:17:30.494 | INFO     | pycaalp.time_balancing.model:run_mip:430 - Running MIP solver ...
      obj=0.835 (vs_full=+0.00%)  alpha=1102.0s  build=1.222s solve=1.073s  vs_full=+0.00%
  [3b] Subgraph / bal_w    k=500 …
2026-07-01 18:17:31.567 | INFO     | pycaalp.time_balancing.model:run_mip:430 - Running MIP solver ...
      obj=1.075 (vs_full=+28.83%)  alpha=1104.1s  build=0.855s solve=0.371s  vs_full=+0.19%
  [3c] Subgraph / combined k=500 …
2026-07-01 18:17:31.939 | INFO     | pycaalp.time_balancing.model:run_mip:430 - Running MIP solver ...
      obj=0.835 (vs_full=+0.00%)  alpha=1102.0s  build=2.242s solve=1.362s  vs_full=+0.00%
  [3d] Subgraph / blended  k=500 …
2026-07-01 18:17:33.301 | INFO     | pycaalp.time_balancing.model:run_mip:430 - Running MIP solver ...
      obj=0.835 (vs_full=+0.00%)  alpha=1102.0s  build=1.565s solve=0.841s  vs_full=+0.00%
  [3e] Subgraph / bl-union k=500 …
2026-07-01 18:17:34.143 | INFO     | pycaalp.time_balancing.model:run_mip:430 - Running MIP solver ...
      obj=0.835 (vs_full=+0.00%)  alpha=1102.0s  build=5.194s solve=1.142s  vs_full=+0.00%
  [3f] Subgraph / diverse  k=500 …
2026-07-01 18:17:35.285 | INFO     | pycaalp.time_balancing.model:run_mip:430 - Running MIP solver ...
      obj=0.835 (vs_full=+0.02%)  alpha=1102.0s  build=0.677s solve=1.759s  vs_full=+0.00%

k = 1000
  Subgraph edges — edge_w: 142 (12.9%)  bal_w: 223 (20.2%)  combined: 359 (32.5%)  blended: 148 (13.4%)  blended_union: 305 (27.6%)  diverse: 1101 (99.6%)
  [3a] Subgraph / edge_w   k=1000 …
2026-07-01 18:18:03.136 | INFO     | pycaalp.time_balancing.model:run_mip:430 - Running MIP solver ...
      obj=0.835 (vs_full=+0.00%)  alpha=1102.0s  build=3.168s solve=0.657s  vs_full=+0.00%
  [3b] Subgraph / bal_w    k=1000 …
2026-07-01 18:18:03.793 | INFO     | pycaalp.time_balancing.model:run_mip:430 - Running MIP solver ...
      obj=1.065 (vs_full=+27.60%)  alpha=1104.1s  build=2.371s solve=0.462s  vs_full=+0.19%
  [3c] Subgraph / combined k=1000 …
2026-07-01 18:18:04.255 | INFO     | pycaalp.time_balancing.model:run_mip:430 - Running MIP solver ...
      obj=0.835 (vs_full=+0.00%)  alpha=1102.0s  build=6.289s solve=0.725s  vs_full=+0.00%
  [3d] Subgraph / blended  k=1000 …
2026-07-01 18:18:04.980 | INFO     | pycaalp.time_balancing.model:run_mip:430 - Running MIP solver ...
      obj=0.835 (vs_full=+0.00%)  alpha=1102.0s  build=3.688s solve=0.820s  vs_full=+0.00%
  [3e] Subgraph / bl-union k=1000 …
2026-07-01 18:18:05.800 | INFO     | pycaalp.time_balancing.model:run_mip:430 - Running MIP solver ...
      obj=0.835 (vs_full=+0.00%)  alpha=1102.0s  build=9.640s solve=0.574s  vs_full=+0.00%
  [3f] Subgraph / diverse  k=1000 …
2026-07-01 18:18:06.374 | INFO     | pycaalp.time_balancing.model:run_mip:430 - Running MIP solver ...
      obj=0.835 (vs_full=+0.00%)  alpha=1102.0s  build=0.934s solve=1.823s  vs_full=+0.00%

k = 2000
  Subgraph edges — edge_w: 185 (16.7%)  bal_w: 291 (26.3%)  combined: 464 (42.0%)  blended: 170 (15.4%)  blended_union: 356 (32.2%)  diverse: 1105 (100.0%)
  [3a] Subgraph / edge_w   k=2000 …
2026-07-01 18:19:11.275 | INFO     | pycaalp.time_balancing.model:run_mip:430 - Running MIP solver ...
      obj=0.835 (vs_full=+0.00%)  alpha=1102.0s  build=7.850s solve=0.632s  vs_full=+0.00%
  [3b] Subgraph / bal_w    k=2000 …
2026-07-01 18:19:11.908 | INFO     | pycaalp.time_balancing.model:run_mip:430 - Running MIP solver ...
      obj=1.052 (vs_full=+26.09%)  alpha=1104.1s  build=5.641s solve=0.517s  vs_full=+0.19%
  [3c] Subgraph / combined k=2000 …
2026-07-01 18:19:12.425 | INFO     | pycaalp.time_balancing.model:run_mip:430 - Running MIP solver ...
      obj=0.835 (vs_full=+0.00%)  alpha=1102.0s  build=13.000s solve=1.018s  vs_full=+0.00%
  [3d] Subgraph / blended  k=2000 …
2026-07-01 18:19:13.443 | INFO     | pycaalp.time_balancing.model:run_mip:430 - Running MIP solver ...
      obj=0.835 (vs_full=+0.00%)  alpha=1102.0s  build=8.053s solve=0.670s  vs_full=+0.00%
  [3e] Subgraph / bl-union k=2000 …
2026-07-01 18:19:14.114 | INFO     | pycaalp.time_balancing.model:run_mip:430 - Running MIP solver ...
      obj=0.835 (vs_full=+0.00%)  alpha=1102.0s  build=26.524s solve=0.982s  vs_full=+0.00%
  [3f] Subgraph / diverse  k=2000 …
2026-07-01 18:19:15.096 | INFO     | pycaalp.time_balancing.model:run_mip:430 - Running MIP solver ...
      obj=0.835 (vs_full=+0.00%)  alpha=1102.0s  build=2.010s solve=1.157s  vs_full=+0.00%

k = 5000
  Subgraph edges — edge_w: 232 (21.0%)  bal_w: 382 (34.6%)  combined: 593 (53.7%)  blended: 223 (20.2%)  blended_union: 482 (43.6%)  diverse: 1105 (100.0%)
  [3a] Subgraph / edge_w   k=5000 …
2026-07-01 18:23:41.599 | INFO     | pycaalp.time_balancing.model:run_mip:430 - Running MIP solver ...
      obj=0.835 (vs_full=+0.00%)  alpha=1102.0s  build=31.201s solve=0.612s  vs_full=+0.00%
  [3b] Subgraph / bal_w    k=5000 …
2026-07-01 18:23:42.211 | INFO     | pycaalp.time_balancing.model:run_mip:430 - Running MIP solver ...
      obj=1.043 (vs_full=+24.97%)  alpha=1108.3s  build=22.876s solve=0.792s  vs_full=+0.57%
  [3c] Subgraph / combined k=5000 …
2026-07-01 18:23:43.004 | INFO     | pycaalp.time_balancing.model:run_mip:430 - Running MIP solver ...
      obj=0.835 (vs_full=+0.00%)  alpha=1102.0s  build=55.760s solve=1.928s  vs_full=+0.00%
  [3d] Subgraph / blended  k=5000 …
2026-07-01 18:23:44.932 | INFO     | pycaalp.time_balancing.model:run_mip:430 - Running MIP solver ...
      obj=0.835 (vs_full=+0.00%)  alpha=1102.0s  build=36.316s solve=0.833s  vs_full=+0.00%
  [3e] Subgraph / bl-union k=5000 …
2026-07-01 18:23:45.766 | INFO     | pycaalp.time_balancing.model:run_mip:430 - Running MIP solver ...
      obj=0.835 (vs_full=+0.00%)  alpha=1102.0s  build=113.204s solve=1.222s  vs_full=+0.00%
  [3f] Subgraph / diverse  k=5000 …
2026-07-01 18:23:46.988 | INFO     | pycaalp.time_balancing.model:run_mip:430 - Running MIP solver ...
      obj=0.835 (vs_full=+0.00%)  alpha=1102.0s  build=5.990s solve=1.378s  vs_full=+0.00%

Results saved to experiments/strategy_comparison/assembly_1_np_2/strategy_comparison_lambda_0.1.csv
Plot with:  python -m experiments.strategy_comparison.plot_k_sensitivity

============================================================================================================================
SUMMARY — assembly_1  P=2  λ=0.1
============================================================================================================================
Strategy       Weight                      k   Build    Solve    Total  Spdup       Obj   ObjvsF     Alpha    AlvsF   Edges  %Grph
----------------------------------------------------------------------------------------------------------------------------
full_mip       —                               0.000    0.966    0.966   1.0x     0.835    +0.00   1102.04    +0.00    1105  100.0
subgraph_mip   edge_weight                 1   0.001    0.012    0.013  76.7x     0.835    +0.00   1102.04    +0.00      13    1.2
subgraph_mip   time_balanced_weight        1   0.001    0.018    0.018  52.8x     1.144   +37.00   1160.13    +5.27      13    1.2
subgraph_mip   combined                    1   0.002    0.007    0.008 116.3x     0.835    +0.00   1102.04    +0.00      26    2.4
subgraph_mip   blended                     1   0.002    0.005    0.007 137.0x     0.837    +0.25   1092.52    -0.86      13    1.2
subgraph_mip   blended_union               1   0.021    0.016    0.037  26.2x     0.835    +0.00   1102.04    +0.00      31    2.8
subgraph_mip   diverse                     1   0.008    0.013    0.021  46.8x     0.837    +0.25   1092.52    -0.86      13    1.2
subgraph_mip   edge_weight                 2   0.008    0.035    0.042  22.9x     0.835    +0.00   1102.04    +0.00      15    1.4
subgraph_mip   time_balanced_weight        2   0.005    0.012    0.017  56.9x     1.144   +37.00   1160.13    +5.27      20    1.8
subgraph_mip   combined                    2   0.008    0.025    0.033  29.2x     0.835    +0.00   1102.04    +0.00      35    3.2
subgraph_mip   blended                     2   0.003    0.021    0.024  40.1x     0.837    +0.25   1092.52    -0.86      15    1.4
subgraph_mip   blended_union               2   0.015    0.061    0.076  12.8x     0.835    +0.00   1102.04    +0.00      36    3.3
subgraph_mip   diverse                     2   0.003    0.040    0.043  22.5x     0.837    +0.25   1092.52    -0.86      26    2.4
subgraph_mip   edge_weight                 5   0.020    0.041    0.061  15.8x     0.835    +0.00   1102.04    +0.00      21    1.9
subgraph_mip   time_balanced_weight        5   0.010    0.007    0.017  55.5x     1.118   +33.93   1122.33    +1.84      29    2.6
subgraph_mip   combined                    5   0.023    0.033    0.056  17.3x     0.835    +0.00   1102.04    +0.00      50    4.5
subgraph_mip   blended                     5   0.020    0.031    0.051  18.8x     0.837    +0.25   1092.52    -0.86      19    1.7
subgraph_mip   blended_union               5   0.050    0.182    0.232   4.2x     0.835    +0.00   1102.04    +0.00      49    4.4
subgraph_mip   diverse                     5   0.011    0.066    0.077  12.6x     0.835    +0.02   1102.04    +0.00      65    5.9
subgraph_mip   edge_weight                10   0.042    0.061    0.103   9.4x     0.835    +0.00   1102.04    +0.00      24    2.2
subgraph_mip   time_balanced_weight       10   0.015    0.020    0.036  27.1x     1.118   +33.93   1122.33    +1.84      39    3.5
subgraph_mip   combined                   10   0.031    0.096    0.127   7.6x     0.835    +0.00   1102.04    +0.00      63    5.7
subgraph_mip   blended                    10   0.043    0.067    0.110   8.8x     0.837    +0.25   1092.52    -0.86      27    2.4
subgraph_mip   blended_union              10   0.090    0.219    0.309   3.1x     0.835    +0.00   1102.04    +0.00      64    5.8
subgraph_mip   diverse                    10   0.010    0.235    0.245   3.9x     0.835    +0.02   1102.04    +0.00     126   11.4
subgraph_mip   edge_weight                20   0.064    0.043    0.107   9.1x     0.835    +0.00   1102.04    +0.00      35    3.2
subgraph_mip   time_balanced_weight       20   0.052    0.091    0.143   6.8x     1.118   +33.93   1122.33    +1.84      49    4.4
subgraph_mip   combined                   20   0.090    0.245    0.335   2.9x     0.835    +0.00   1102.04    +0.00      84    7.6
subgraph_mip   blended                    20   0.062    0.098    0.159   6.1x     0.835    +0.00   1102.04    +0.00      44    4.0
subgraph_mip   blended_union              20   0.189    0.178    0.367   2.6x     0.835    +0.00   1102.04    +0.00      87    7.9
subgraph_mip   diverse                    20   0.019    0.336    0.355   2.7x     0.835    +0.02   1102.04    +0.00     239   21.6
subgraph_mip   edge_weight                50   0.165    0.254    0.419   2.3x     0.835    +0.00   1102.04    +0.00      54    4.9
subgraph_mip   time_balanced_weight       50   0.084    0.105    0.189   5.1x     1.113   +33.38   1122.33    +1.84      74    6.7
subgraph_mip   combined                   50   0.225    0.303    0.529   1.8x     0.835    +0.00   1102.04    +0.00     127   11.5
subgraph_mip   blended                    50   0.164    0.144    0.308   3.1x     0.835    +0.00   1102.04    +0.00      58    5.2
subgraph_mip   blended_union              50   0.436    0.254    0.690   1.4x     0.835    +0.00   1102.04    +0.00     117   10.6
subgraph_mip   diverse                    50   0.040    0.548    0.587   1.6x     0.835    +0.02   1102.04    +0.00     509   46.1
subgraph_mip   edge_weight               100   0.297    0.260    0.557   1.7x     0.835    +0.00   1102.04    +0.00      78    7.1
subgraph_mip   time_balanced_weight      100   0.170    0.111    0.280   3.5x     1.113   +33.38   1122.33    +1.84      85    7.7
subgraph_mip   combined                  100   0.461    0.600    1.061   0.9x     0.835    +0.00   1102.04    +0.00     162   14.7
subgraph_mip   blended                   100   0.291    0.158    0.449   2.1x     0.835    +0.00   1102.04    +0.00      68    6.2
subgraph_mip   blended_union             100   0.747    0.391    1.138   0.8x     0.835    +0.00   1102.04    +0.00     167   15.1
subgraph_mip   diverse                   100   0.046    0.957    1.003   1.0x     0.835    +0.02   1102.04    +0.00     746   67.5
subgraph_mip   edge_weight               200   0.510    0.366    0.877   1.1x     0.835    +0.00   1102.04    +0.00      95    8.6
subgraph_mip   time_balanced_weight      200   0.320    0.169    0.489   2.0x     1.113   +33.27   1122.33    +1.84     118   10.7
subgraph_mip   combined                  200   0.828    0.767    1.595   0.6x     0.835    +0.00   1102.04    +0.00     211   19.1
subgraph_mip   blended                   200   0.510    0.488    0.998   1.0x     0.835    +0.00   1102.04    +0.00      86    7.8
subgraph_mip   blended_union             200   1.347    0.518    1.865   0.5x     0.835    +0.00   1102.04    +0.00     212   19.2
subgraph_mip   diverse                   200   0.103    1.114    1.217   0.8x     0.835    +0.02   1102.04    +0.00     914   82.7
subgraph_mip   edge_weight               500   1.222    1.073    2.295   0.4x     0.835    +0.00   1102.04    +0.00     108    9.8
subgraph_mip   time_balanced_weight      500   0.855    0.371    1.226   0.8x     1.075   +28.83   1104.13    +0.19     170   15.4
subgraph_mip   combined                  500   2.242    1.362    3.605   0.3x     0.835    +0.00   1102.04    +0.00     274   24.8
subgraph_mip   blended                   500   1.565    0.841    2.407   0.4x     0.835    +0.00   1102.04    +0.00     120   10.9
subgraph_mip   blended_union             500   5.194    1.142    6.336   0.1x     0.835    +0.00   1102.04    +0.00     278   25.2
subgraph_mip   diverse                   500   0.677    1.759    2.436   0.4x     0.835    +0.02   1102.04    +0.00    1047   94.8
subgraph_mip   edge_weight              1000   3.168    0.657    3.825   0.2x     0.835    +0.00   1102.04    +0.00     142   12.8
subgraph_mip   time_balanced_weight     1000   2.371    0.462    2.833   0.3x     1.065   +27.60   1104.13    +0.19     223   20.2
subgraph_mip   combined                 1000   6.289    0.725    7.014   0.1x     0.835    +0.00   1102.04    +0.00     359   32.5
subgraph_mip   blended                  1000   3.688    0.820    4.508   0.2x     0.835    +0.00   1102.04    +0.00     148   13.4
subgraph_mip   blended_union            1000   9.640    0.574   10.214   0.1x     0.835    +0.00   1102.04    +0.00     305   27.6
subgraph_mip   diverse                  1000   0.934    1.823    2.757   0.3x     0.835    +0.00   1102.04    +0.00    1101   99.6
subgraph_mip   edge_weight              2000   7.850    0.632    8.483   0.1x     0.835    +0.00   1102.04    +0.00     185   16.7
subgraph_mip   time_balanced_weight     2000   5.641    0.517    6.158   0.2x     1.052   +26.09   1104.13    +0.19     291   26.3
subgraph_mip   combined                 2000  13.000    1.018   14.018   0.1x     0.835    +0.00   1102.04    +0.00     464   42.0
subgraph_mip   blended                  2000   8.053    0.670    8.723   0.1x     0.835    +0.00   1102.04    +0.00     170   15.4
subgraph_mip   blended_union            2000  26.524    0.982   27.506   0.0x     0.835    +0.00   1102.04    +0.00     356   32.2
subgraph_mip   diverse                  2000   2.010    1.157    3.167   0.3x     0.835    +0.00   1102.04    +0.00    1105  100.0
subgraph_mip   edge_weight              5000  31.201    0.612   31.812   0.0x     0.835    +0.00   1102.04    +0.00     232   21.0
subgraph_mip   time_balanced_weight     5000  22.876    0.792   23.668   0.0x     1.043   +24.97   1108.32    +0.57     382   34.6
subgraph_mip   combined                 5000  55.760    1.928   57.689   0.0x     0.835    +0.00   1102.04    +0.00     593   53.7
subgraph_mip   blended                  5000  36.316    0.833   37.149   0.0x     0.835    +0.00   1102.04    +0.00     223   20.2
subgraph_mip   blended_union            5000 113.204    1.222  114.426   0.0x     0.835    +0.00   1102.04    +0.00     482   43.6
subgraph_mip   diverse                  5000   5.990    1.378    7.368   0.1x     0.835    +0.00   1102.04    +0.00    1105  100.0
============================================================================================================================

----------------- λ = 0.15 -----------------
========================================================================
Strategy Comparison Experiment — assembly_1  P=2  λ=0.15
========================================================================

Building assembly digraph …
2026-07-01 18:16:59.947 | INFO     | pycaalp.gapp.assembly_digraph:compute_assembly_digraph_complete:395 - Computing assembly digraph...
  343 nodes, 1105 edges  (0.3s)

[1] Full MIP  P=2  λ=0.15
2026-07-01 18:17:00.284 | INFO     | pycaalp.time_balancing.model:run_mip:430 - Running MIP solver ...
presolving:
(round 1, fast)       28 del vars, 40 del conss, 0 add conss, 0 chg bounds, 0 chg sides, 0 chg coeffs, 0 upgd conss, 0 impls, 43 clqs, 0 implints
(round 2, exhaustive) 28 del vars, 40 del conss, 0 add conss, 1 chg bounds, 0 chg sides, 0 chg coeffs, 2253 upgd conss, 0 impls, 43 clqs, 0 implints
   (0.2s) probing: 1000/1129 (88.6%) - 0 fixings, 0 aggregations, 119627 implications, 0 bound changes
   (0.2s) probing: 1001/1129 (88.7%) - 0 fixings, 0 aggregations, 119803 implications, 0 bound changes
   (0.2s) probing aborted: 1000/1000 successive useless probings
   (0.3s) symmetry computation started: requiring (bin +, int +, cont +), (fixed: bin -, int -, cont -)
   (0.3s) no symmetry present (symcode time: 0.00)
presolving (3 rounds: 3 fast, 2 medium, 2 exhaustive):
 28 deleted vars, 40 deleted constraints, 0 added constraints, 1 tightened bounds, 0 added holes, 0 changed sides, 0 changed coefficients
 0 implications, 8934 cliques, 0 implied integral variables (0 bin, 0 int, 0 cont)
presolved problem has 1130 variables (1129 bin, 0 int, 1 cont) and 2565 constraints
     43 constraints of type <setppc>
    312 constraints of type <linear>
   2210 constraints of type <logicor>
Presolving Time: 0.26

 time | node  | left  |LP iter|LP it/n|mem/heur|mdpt |vars |cons |rows |cuts |sepa|confs|strbr|  dualbound   | primalbound  |  gap   | compl. 
p 0.3s|     1 |     0 |     4 |     - | vbounds|   0 |1130 |2578 |2565 |   0 |  0 |  12 |   0 | 0.000000e+00 | 1.265686e+00 |    Inf | unknown
p 0.3s|     1 |     0 |   112 |     - | vbounds|   0 |1130 |2590 |2565 |   0 |  0 |  24 |   0 | 0.000000e+00 | 1.232897e+00 |    Inf | unknown
  0.3s|     1 |     0 |   357 |     - |    21M |   0 |1130 |2590 |2565 |   0 |  0 |  24 |   0 | 8.329273e-01 | 1.232897e+00 |  48.02%| unknown
  0.4s|     1 |     0 |   381 |     - |    23M |   0 |1130 |2591 |2567 |   2 |  1 |  25 |   0 | 8.329448e-01 | 1.232897e+00 |  48.02%| unknown
r 0.4s|     1 |     0 |   381 |     - |shifting|   0 |1130 |2591 |2567 |   2 |  1 |  25 |   0 | 8.329448e-01 | 8.358590e-01 |   0.35%| unknown
  0.5s|     1 |     0 |   401 |     - |    24M |   0 |1130 |2591 |2568 |   3 |  2 |  25 |   0 | 8.330308e-01 | 8.358590e-01 |   0.34%| unknown
  0.5s|     1 |     0 |   401 |     - |    24M |   0 |1130 |2591 |1031 |   3 |  2 |  25 |   0 | 8.330308e-01 | 8.358590e-01 |   0.34%| unknown
  0.5s|     1 |     0 |   414 |     - |    24M |   0 |1130 |2302 |1020 |   5 |  3 |  25 |   0 | 8.330589e-01 | 8.358590e-01 |   0.34%| unknown
  0.5s|     1 |     0 |   429 |     - |    25M |   0 |1130 |1869 |1021 |   6 |  4 |  25 |   0 | 8.330711e-01 | 8.358590e-01 |   0.33%| unknown
  0.6s|     1 |     0 |   435 |     - |    26M |   0 |1130 |1715 |1023 |   8 |  5 |  25 |   0 | 8.330751e-01 | 8.358590e-01 |   0.33%| unknown
  0.6s|     1 |     0 |   451 |     - |    27M |   0 |1130 |1715 |1026 |  11 |  6 |  25 |   0 | 8.331262e-01 | 8.358590e-01 |   0.33%| unknown
  0.6s|     1 |     0 |   451 |     - |    27M |   0 |1130 |1717 |1024 |  11 |  6 |  27 |   0 | 8.331262e-01 | 8.358590e-01 |   0.33%| unknown
  0.7s|     1 |     0 |   457 |     - |    29M |   0 |1130 |1703 |1025 |  12 |  7 |  27 |   0 | 8.331271e-01 | 8.358590e-01 |   0.33%| unknown
  0.7s|     1 |     0 |   468 |     - |    30M |   0 |1130 |1602 |1027 |  14 |  8 |  28 |   0 | 8.331329e-01 | 8.358590e-01 |   0.33%| unknown
  0.8s|     1 |     0 |   476 |     - |    34M |   0 |1130 |1601 |1028 |  15 |  9 |  28 |   0 | 8.331337e-01 | 8.358590e-01 |   0.33%| unknown
 time | node  | left  |LP iter|LP it/n|mem/heur|mdpt |vars |cons |rows |cuts |sepa|confs|strbr|  dualbound   | primalbound  |  gap   | compl. 
  0.8s|     1 |     0 |   500 |     - |    35M |   0 |1130 |1599 |1029 |  16 | 10 |  28 |   0 | 8.332224e-01 | 8.358590e-01 |   0.32%| unknown
  0.8s|     1 |     0 |   500 |     - |    35M |   0 |1130 |1600 |1015 |  16 | 10 |  29 |   0 | 8.332224e-01 | 8.358590e-01 |   0.32%| unknown
  0.8s|     1 |     0 |   508 |     - |    36M |   0 |1130 |1402 |1017 |  18 | 11 |  29 |   0 | 8.332312e-01 | 8.358590e-01 |   0.32%| unknown
  0.8s|     1 |     0 |   508 |     - |    36M |   0 |1130 | 896 |1017 |  18 | 11 |  29 |   0 | 8.332312e-01 | 8.358590e-01 |   0.32%| unknown
  0.8s|     1 |     0 |   509 |     - |    36M |   0 |1130 | 896 |1018 |  19 | 12 |  29 |   0 | 8.332323e-01 | 8.358590e-01 |   0.32%| unknown
  0.8s|     1 |     0 |   516 |     - |    36M |   0 |1130 | 641 |1019 |  20 | 13 |  30 |   0 | 8.332449e-01 | 8.358590e-01 |   0.31%| unknown
  0.8s|     1 |     0 |   522 |     - |    36M |   0 |1130 | 530 |1021 |  22 | 14 |  33 |   0 | 8.332570e-01 | 8.358590e-01 |   0.31%| unknown
  0.8s|     1 |     0 |   526 |     - |    36M |   0 |1130 | 519 |1020 |  23 | 15 |  34 |   0 | 8.332618e-01 | 8.358590e-01 |   0.31%| unknown
  0.8s|     1 |     0 |   528 |     - |    36M |   0 |1130 | 451 |1022 |  25 | 16 |  35 |   0 | 8.332619e-01 | 8.358590e-01 |   0.31%| unknown
  0.9s|     1 |     0 |   529 |     - |    36M |   0 |1130 | 443 |1023 |  26 | 17 |  37 |   0 | 8.332621e-01 | 8.358590e-01 |   0.31%| unknown
  0.9s|     1 |     0 |   530 |     - |    36M |   0 |1130 | 440 |1024 |  27 | 18 |  37 |   0 | 8.332622e-01 | 8.358590e-01 |   0.31%| unknown
  0.9s|     1 |     0 |   532 |     - |    36M |   0 |1130 | 438 |1025 |  28 | 19 |  38 |   0 | 8.332622e-01 | 8.358590e-01 |   0.31%| unknown
  0.9s|     1 |     0 |   537 |     - |    36M |   0 |1130 | 439 |1027 |  30 | 20 |  39 |   0 | 8.332683e-01 | 8.358590e-01 |   0.31%| unknown
  0.9s|     1 |     0 |   540 |     - |    36M |   0 |1130 | 444 |1019 |  31 | 21 |  44 |   0 | 8.332687e-01 | 8.358590e-01 |   0.31%| unknown
  0.9s|     1 |     0 |   542 |     - |    36M |   0 |1130 | 444 |1020 |  32 | 22 |  44 |   0 | 8.332695e-01 | 8.358590e-01 |   0.31%| unknown
(run 1, node 1) restarting after 1040 global fixings of integer variables

(restart) converted 21 cuts from the global cut pool into linear constraints

presolving:
(round 1, fast)       1044 del vars, 247 del conss, 0 add conss, 4 chg bounds, 0 chg sides, 6 chg coeffs, 0 upgd conss, 0 impls, 168 clqs, 0 implints
(round 2, fast)       1044 del vars, 248 del conss, 0 add conss, 4 chg bounds, 0 chg sides, 6 chg coeffs, 0 upgd conss, 0 impls, 168 clqs, 0 implints
(round 3, medium)     1047 del vars, 248 del conss, 0 add conss, 4 chg bounds, 0 chg sides, 6 chg coeffs, 0 upgd conss, 0 impls, 162 clqs, 0 implints
(round 4, fast)       1047 del vars, 254 del conss, 0 add conss, 4 chg bounds, 0 chg sides, 6 chg coeffs, 0 upgd conss, 0 impls, 162 clqs, 0 implints
(round 5, exhaustive) 1047 del vars, 254 del conss, 0 add conss, 4 chg bounds, 0 chg sides, 6 chg coeffs, 14 upgd conss, 0 impls, 162 clqs, 0 implints
(round 6, exhaustive) 1047 del vars, 255 del conss, 0 add conss, 4 chg bounds, 0 chg sides, 6 chg coeffs, 14 upgd conss, 0 impls, 162 clqs, 0 implints
(round 7, exhaustive) 1047 del vars, 258 del conss, 0 add conss, 4 chg bounds, 0 chg sides, 7 chg coeffs, 14 upgd conss, 0 impls, 162 clqs, 0 implints
(round 8, exhaustive) 1047 del vars, 259 del conss, 0 add conss, 4 chg bounds, 0 chg sides, 7 chg coeffs, 14 upgd conss, 0 impls, 163 clqs, 0 implints
(round 9, exhaustive) 1047 del vars, 259 del conss, 0 add conss, 4 chg bounds, 0 chg sides, 12 chg coeffs, 14 upgd conss, 0 impls, 163 clqs, 0 implints
presolving (10 rounds: 10 fast, 7 medium, 6 exhaustive):
 1047 deleted vars, 259 deleted constraints, 0 added constraints, 4 tightened bounds, 0 added holes, 0 changed sides, 12 changed coefficients
 0 implications, 163 cliques, 0 implied integral variables (0 bin, 0 int, 0 cont)
presolved problem has 83 variables (82 bin, 0 int, 1 cont) and 219 constraints
     43 constraints of type <setppc>
     35 constraints of type <linear>
    141 constraints of type <logicor>
Presolving Time: 0.26
transformed 2/7 original solutions to the transformed problem space

 time | node  | left  |LP iter|LP it/n|mem/heur|mdpt |vars |cons |rows |cuts |sepa|confs|strbr|  dualbound   | primalbound  |  gap   | compl. 
  0.9s|     1 |     0 |   767 |     - |    35M |   0 |  83 | 219 | 191 |   0 |  0 |  57 |   0 | 8.332695e-01 | 8.358590e-01 |   0.31%| unknown
  0.9s|     1 |     0 |   767 |     - |    35M |   0 |  83 | 219 | 183 |   0 |  0 |  57 |   0 | 8.332695e-01 | 8.358590e-01 |   0.31%| unknown
  0.9s|     1 |     0 |   773 |     - |    35M |   0 |  83 | 213 | 185 |   2 |  1 |  57 |   0 | 8.332737e-01 | 8.358590e-01 |   0.31%| unknown
  0.9s|     1 |     0 |   790 |     - |    35M |   0 |  83 | 216 | 186 |   3 |  2 |  60 |   0 | 8.333611e-01 | 8.358590e-01 |   0.30%| unknown
  1.0s|     1 |     0 |   812 |     - |    35M |   0 |  83 | 214 | 188 |   5 |  3 |  60 |   0 | 8.334221e-01 | 8.358590e-01 |   0.29%| unknown
  1.0s|     1 |     0 |   824 |     - |    35M |   0 |  83 | 215 | 189 |   6 |  4 |  61 |   0 | 8.334502e-01 | 8.358590e-01 |   0.29%| unknown
  1.0s|     1 |     0 |   838 |     - |    35M |   0 |  83 | 216 | 191 |   8 |  5 |  62 |   0 | 8.334881e-01 | 8.358590e-01 |   0.28%| unknown
  1.0s|     1 |     0 |   844 |     - |    35M |   0 |  83 | 216 | 192 |   9 |  6 |  62 |   0 | 8.334921e-01 | 8.358590e-01 |   0.28%| unknown
  1.0s|     1 |     0 |   852 |     - |    35M |   0 |  83 | 219 | 193 |  10 |  7 |  65 |   0 | 8.334988e-01 | 8.358590e-01 |   0.28%| unknown
  1.0s|     1 |     0 |   863 |     - |    35M |   0 |  83 | 222 | 194 |  11 |  8 |  68 |   0 | 8.335040e-01 | 8.358590e-01 |   0.28%| unknown
  1.0s|     1 |     0 |   875 |     - |    35M |   0 |  83 | 224 | 196 |  13 |  9 |  70 |   0 | 8.335064e-01 | 8.358590e-01 |   0.28%| unknown
  1.0s|     1 |     0 |   881 |     - |    36M |   0 |  83 | 227 | 186 |  15 | 10 |  73 |   0 | 8.335066e-01 | 8.358590e-01 |   0.28%| unknown
  1.0s|     1 |     0 |   901 |     - |    36M |   0 |  83 | 230 | 187 |  16 | 11 |  76 |   0 | 8.335107e-01 | 8.358590e-01 |   0.28%| unknown
  1.0s|     1 |     0 |   902 |     - |    36M |   0 |  83 | 230 | 188 |  17 | 12 |  76 |   0 | 8.335108e-01 | 8.358590e-01 |   0.28%| unknown
  1.0s|     1 |     0 |   912 |     - |    36M |   0 |  83 | 233 | 189 |  18 | 13 |  79 |   0 | 8.335140e-01 | 8.358590e-01 |   0.28%| unknown
 time | node  | left  |LP iter|LP it/n|mem/heur|mdpt |vars |cons |rows |cuts |sepa|confs|strbr|  dualbound   | primalbound  |  gap   | compl. 
L 1.0s|     1 |     0 |  1075 |     - |    rens|   0 |  83 | 237 | 189 |  18 | 13 |  88 |   0 | 8.335140e-01 | 8.356632e-01 |   0.26%| unknown
  1.0s|     1 |     0 |  1075 |     - |    36M |   0 |  83 | 237 | 189 |  18 | 13 |  88 |   0 | 8.335140e-01 | 8.356632e-01 |   0.26%| unknown
  1.0s|     1 |     0 |  1075 |     - |    36M |   0 |  83 | 238 | 181 |  18 | 13 |  89 |   0 | 8.335140e-01 | 8.356632e-01 |   0.26%| unknown
  1.0s|     1 |     0 |  1082 |     - |    36M |   0 |  83 | 233 | 181 |  20 | 14 |  89 |   0 | 8.335145e-01 | 8.356632e-01 |   0.26%| unknown
  1.0s|     1 |     0 |  1088 |     - |    36M |   0 |  83 | 234 | 176 |  21 | 15 |  90 |   0 | 8.335186e-01 | 8.356632e-01 |   0.26%| unknown
(run 2, node 1) restarting after 8 global fixings of integer variables

(restart) converted 17 cuts from the global cut pool into linear constraints

presolving:
(round 1, fast)       14 del vars, 11 del conss, 0 add conss, 0 chg bounds, 0 chg sides, 4 chg coeffs, 0 upgd conss, 0 impls, 139 clqs, 0 implints
(round 2, exhaustive) 14 del vars, 12 del conss, 0 add conss, 0 chg bounds, 0 chg sides, 4 chg coeffs, 0 upgd conss, 0 impls, 139 clqs, 0 implints
(round 3, exhaustive) 14 del vars, 13 del conss, 0 add conss, 0 chg bounds, 0 chg sides, 4 chg coeffs, 0 upgd conss, 0 impls, 139 clqs, 0 implints
(round 4, exhaustive) 14 del vars, 13 del conss, 0 add conss, 0 chg bounds, 0 chg sides, 4 chg coeffs, 3 upgd conss, 0 impls, 139 clqs, 0 implints
(round 5, fast)       14 del vars, 14 del conss, 0 add conss, 0 chg bounds, 0 chg sides, 4 chg coeffs, 3 upgd conss, 0 impls, 139 clqs, 0 implints
(round 6, exhaustive) 14 del vars, 19 del conss, 0 add conss, 0 chg bounds, 0 chg sides, 6 chg coeffs, 3 upgd conss, 0 impls, 139 clqs, 0 implints
(round 7, exhaustive) 14 del vars, 19 del conss, 0 add conss, 0 chg bounds, 0 chg sides, 8 chg coeffs, 3 upgd conss, 0 impls, 139 clqs, 0 implints
presolving (8 rounds: 8 fast, 6 medium, 6 exhaustive):
 14 deleted vars, 19 deleted constraints, 0 added constraints, 0 tightened bounds, 0 added holes, 0 changed sides, 8 changed coefficients
 0 implications, 139 cliques, 0 implied integral variables (0 bin, 0 int, 0 cont)
presolved problem has 69 variables (68 bin, 0 int, 1 cont) and 227 constraints
     43 constraints of type <setppc>
     49 constraints of type <linear>
    134 constraints of type <logicor>
      1 constraints of type <bounddisjunction>
Presolving Time: 0.27
transformed 3/8 original solutions to the transformed problem space

 time | node  | left  |LP iter|LP it/n|mem/heur|mdpt |vars |cons |rows |cuts |sepa|confs|strbr|  dualbound   | primalbound  |  gap   | compl. 
  1.1s|     1 |     0 |  1225 |     - |    36M |   0 |  69 | 227 | 183 |   0 |  0 |  91 |   0 | 8.335186e-01 | 8.356632e-01 |   0.26%| unknown
  1.1s|     1 |     0 |  1233 |     - |    36M |   0 |  69 | 229 | 185 |   2 |  1 |  93 |   0 | 8.335186e-01 | 8.356632e-01 |   0.26%| unknown
  1.1s|     1 |     0 |  1238 |     - |    36M |   0 |  69 | 230 | 186 |   3 |  2 |  94 |   0 | 8.335201e-01 | 8.356632e-01 |   0.26%| unknown
  1.1s|     1 |     0 |  1247 |     - |    36M |   0 |  69 | 231 | 187 |   4 |  3 |  95 |   0 | 8.335236e-01 | 8.356632e-01 |   0.26%| unknown
  1.1s|     1 |     0 |  1261 |     - |    36M |   0 |  69 | 232 | 189 |   6 |  4 |  96 |   0 | 8.335259e-01 | 8.356632e-01 |   0.26%| unknown
  1.1s|     1 |     0 |  1268 |     - |    36M |   0 |  69 | 233 | 191 |   8 |  5 |  97 |   0 | 8.335269e-01 | 8.356632e-01 |   0.26%| unknown
  1.1s|     1 |     0 |  1277 |     - |    36M |   0 |  69 | 234 | 192 |   9 |  6 |  98 |   0 | 8.335341e-01 | 8.356632e-01 |   0.26%| unknown
  1.1s|     1 |     0 |  1282 |     - |    36M |   0 |  69 | 237 | 193 |  10 |  7 | 101 |   0 | 8.335345e-01 | 8.356632e-01 |   0.26%| unknown
  1.2s|     1 |     0 |  1291 |     - |    36M |   0 |  69 | 238 | 195 |  12 |  8 | 102 |   0 | 8.335361e-01 | 8.356632e-01 |   0.26%| unknown
  1.2s|     1 |     0 |  1305 |     - |    37M |   0 |  69 | 240 | 197 |  14 |  9 | 104 |   0 | 8.335388e-01 | 8.356632e-01 |   0.25%| unknown
  1.2s|     1 |     0 |  1309 |     - |    37M |   0 |  69 | 241 | 199 |  16 | 10 | 105 |   0 | 8.335395e-01 | 8.356632e-01 |   0.25%| unknown
  1.2s|     1 |     0 |  1325 |     - |    37M |   0 |  69 | 242 | 181 |  17 | 11 | 106 |   0 | 8.335521e-01 | 8.356632e-01 |   0.25%| unknown
  1.2s|     1 |     0 |  1478 |     - |    37M |   0 |  69 | 230 | 181 |  17 | 11 | 115 |   3 | 8.338782e-01 | 8.356632e-01 |   0.21%| unknown
  1.2s|     1 |     0 |  1487 |     - |    37M |   0 |  69 | 232 | 183 |  19 | 12 | 117 |   3 | 8.338782e-01 | 8.356632e-01 |   0.21%| unknown
  1.2s|     1 |     0 |  1489 |     - |    37M |   0 |  69 | 233 | 179 |  20 | 13 | 118 |   3 | 8.338782e-01 | 8.356632e-01 |   0.21%| unknown
 time | node  | left  |LP iter|LP it/n|mem/heur|mdpt |vars |cons |rows |cuts |sepa|confs|strbr|  dualbound   | primalbound  |  gap   | compl. 
  1.2s|     1 |     0 |  1512 |     - |    37M |   0 |  69 | 233 | 179 |  20 | 13 | 119 |   5 | 8.338782e-01 | 8.356632e-01 |   0.21%| unknown
(run 3, node 1) restarting after 10 global fixings of integer variables

(restart) converted 18 cuts from the global cut pool into linear constraints

presolving:
(round 1, fast)       10 del vars, 82 del conss, 0 add conss, 0 chg bounds, 0 chg sides, 49 chg coeffs, 0 upgd conss, 0 impls, 161 clqs, 0 implints
(round 2, medium)     15 del vars, 89 del conss, 2 add conss, 0 chg bounds, 0 chg sides, 52 chg coeffs, 0 upgd conss, 0 impls, 140 clqs, 0 implints
(round 3, exhaustive) 15 del vars, 91 del conss, 2 add conss, 0 chg bounds, 0 chg sides, 52 chg coeffs, 0 upgd conss, 0 impls, 147 clqs, 0 implints
(round 4, exhaustive) 15 del vars, 91 del conss, 2 add conss, 0 chg bounds, 0 chg sides, 52 chg coeffs, 2 upgd conss, 0 impls, 147 clqs, 0 implints
(round 5, exhaustive) 15 del vars, 91 del conss, 2 add conss, 0 chg bounds, 0 chg sides, 53 chg coeffs, 2 upgd conss, 0 impls, 148 clqs, 0 implints
(round 6, exhaustive) 15 del vars, 91 del conss, 2 add conss, 0 chg bounds, 0 chg sides, 60 chg coeffs, 2 upgd conss, 0 impls, 148 clqs, 0 implints
(round 7, exhaustive) 15 del vars, 91 del conss, 2 add conss, 0 chg bounds, 0 chg sides, 64 chg coeffs, 2 upgd conss, 0 impls, 148 clqs, 0 implints
presolving (8 rounds: 8 fast, 7 medium, 6 exhaustive):
 15 deleted vars, 91 deleted constraints, 2 added constraints, 0 tightened bounds, 0 added holes, 0 changed sides, 64 changed coefficients
 0 implications, 148 cliques, 0 implied integral variables (0 bin, 0 int, 0 cont)
presolved problem has 54 variables (53 bin, 0 int, 1 cont) and 162 constraints
      1 constraints of type <knapsack>
     25 constraints of type <setppc>
     66 constraints of type <linear>
     69 constraints of type <logicor>
      1 constraints of type <bounddisjunction>
Presolving Time: 0.27

 time | node  | left  |LP iter|LP it/n|mem/heur|mdpt |vars |cons |rows |cuts |sepa|confs|strbr|  dualbound   | primalbound  |  gap   | compl. 
  1.2s|     1 |     0 |  1598 |     - |    37M |   0 |  54 | 162 | 129 |   0 |  0 | 119 |   5 | 8.338782e-01 | 8.356632e-01 |   0.21%| unknown
  1.2s|     1 |     0 |  1610 |     - |    37M |   0 |  54 | 162 | 134 |   5 |  1 | 119 |   5 | 8.338782e-01 | 8.356632e-01 |   0.21%| unknown
  1.2s|     1 |     0 |  1610 |     - |    37M |   0 |  54 | 164 | 133 |   5 |  1 | 121 |   5 | 8.338782e-01 | 8.356632e-01 |   0.21%| unknown
  1.2s|     1 |     0 |  1618 |     - |    37M |   0 |  54 | 163 | 137 |   9 |  2 | 121 |   5 | 8.339869e-01 | 8.356632e-01 |   0.20%| unknown
  1.2s|     1 |     0 |  1635 |     - |    37M |   0 |  54 | 164 | 140 |  12 |  3 | 122 |   5 | 8.341767e-01 | 8.356632e-01 |   0.18%| unknown
  1.2s|     1 |     0 |  1645 |     - |    37M |   0 |  54 | 166 | 143 |  15 |  4 | 124 |   5 | 8.342624e-01 | 8.356632e-01 |   0.17%| unknown
  1.3s|     1 |     0 |  1658 |     - |    37M |   0 |  54 | 167 | 147 |  19 |  5 | 125 |   5 | 8.343760e-01 | 8.356632e-01 |   0.15%| unknown
  1.3s|     1 |     0 |  1658 |     - |    37M |   0 |  54 | 170 | 145 |  19 |  5 | 128 |   5 | 8.343760e-01 | 8.356632e-01 |   0.15%| unknown
  1.3s|     1 |     0 |  1670 |     - |    37M |   0 |  54 | 168 | 148 |  22 |  6 | 128 |   5 | 8.345912e-01 | 8.356632e-01 |   0.13%| unknown
  1.3s|     1 |     0 |  1677 |     - |    37M |   0 |  54 | 170 | 150 |  24 |  7 | 130 |   5 | 8.346483e-01 | 8.356632e-01 |   0.12%| unknown
  1.3s|     1 |     0 |  1695 |     - |    37M |   0 |  54 | 172 | 152 |  26 |  8 | 132 |   5 | 8.347586e-01 | 8.356632e-01 |   0.11%| unknown
  1.3s|     1 |     0 |  1712 |     - |    38M |   0 |  54 | 164 | 144 |  50 |  9 | 133 |   5 | 8.349934e-01 | 8.356632e-01 |   0.08%| unknown
  1.3s|     1 |     0 |  1712 |     - |    38M |   0 |  54 | 166 | 140 |  50 |  9 | 135 |   5 | 8.349934e-01 | 8.356632e-01 |   0.08%| unknown
  1.3s|     1 |     0 |  1730 |     - |    38M |   0 |  54 | 162 | 144 |  54 | 10 | 135 |   5 | 8.351838e-01 | 8.356632e-01 |   0.06%| unknown
  1.3s|     1 |     0 |  1730 |     - |    38M |   0 |  54 | 163 | 144 |  54 | 10 | 136 |   5 | 8.351838e-01 | 8.356632e-01 |   0.06%| unknown
 time | node  | left  |LP iter|LP it/n|mem/heur|mdpt |vars |cons |rows |cuts |sepa|confs|strbr|  dualbound   | primalbound  |  gap   | compl. 
  1.3s|     1 |     0 |  1747 |     - |    38M |   0 |  54 | 162 | 146 |  56 | 11 | 136 |   5 | 8.354141e-01 | 8.356632e-01 |   0.03%| unknown
  1.3s|     1 |     0 |  1747 |     - |    38M |   0 |  54 | 165 | 136 |  56 | 11 | 139 |   5 | 8.354141e-01 | 8.356632e-01 |   0.03%| unknown
  1.3s|     1 |     0 |  1755 |     - |    38M |   0 |  54 | 158 | 137 |  58 | 12 | 139 |   5 | 8.356632e-01 | 8.356632e-01 |   0.00%| unknown
  1.3s|     1 |     0 |  1755 |     - |    38M |   0 |  54 | 158 | 137 |  58 | 12 | 139 |   5 | 8.356632e-01 | 8.356632e-01 |   0.00%| unknown

SCIP Status        : problem is solved [optimal solution found]
Solving Time (sec) : 1.30
Solving Nodes      : 1 (total of 4 nodes in 4 runs)
Primal Bound       : +8.35663220908487e-01 (10 solutions)
Dual Bound         : +8.35663220908487e-01
Gap                : 0.00 %
objective value:                    0.835663220908487
x_('12_5', '13_1')                                  1 	(obj:0.0281211268239957)
x_('11_17', '12_5')                                 1 	(obj:0.022234118852459)
x_('10_31', '11_17')                                1 	(obj:0.0244277730466255)
x_('9_42', '10_31')                                 1 	(obj:0.0576785714285714)
x_('8_45', '9_42')                                  1 	(obj:0.038457910486599)
x_('7_37', '8_45')                                  1 	(obj:0.0415028176229508)
x_('6_35', '7_37')                                  1 	(obj:0.0455357142857143)
x_('5_30', '6_35')                                  1 	(obj:0.0327483899297424)
x_('4_25', '5_30')                                  1 	(obj:0.0787623536299766)
x_('3_20', '4_25')                                  1 	(obj:0.0789410128805621)
x_('2_14', '3_20')                                  1 	(obj:0.0795456674473068)
x_('1_10', '2_14')                                  1 	(obj:0.149675644028103)
x_('0_1', '1_10')                                   1 	(obj:0.0303571428571429)
y_0_0                                               1 	(obj:0)
y_1_0                                               1 	(obj:0)
y_2_0                                               1 	(obj:0)
y_3_0                                               1 	(obj:0)
y_4_0                                               1 	(obj:0)
y_5_0                                1.00000000000002 	(obj:0)
y_6_1                                               1 	(obj:0)
y_7_1                                               1 	(obj:0)
y_8_1                                               1 	(obj:0)
y_9_1                                               1 	(obj:0)
y_10_1                                              1 	(obj:0)
y_11_1                                              1 	(obj:0)
y_12_1                                              1 	(obj:0)
z_('3268741', '3425762')_1                          1 	(obj:0)
z_('3268741', '1966592X')_0                         1 	(obj:0)
z_('1966592X', '3452192')_0                         1 	(obj:0)
z_('3452192', '1353870')_0                          1 	(obj:0)
z_('3452192', '3520162')_0                          1 	(obj:0)
z_('3520162', '3307092')_1                          1 	(obj:0)
z_('3520162', '3524054')_0                          1 	(obj:0)
z_('3268740', '3524054')_0           1.00000000000002 	(obj:0)
z_('3524054', '3179975')_1                          1 	(obj:0)
z_('3179975', '3422998')_1                          1 	(obj:0)
z_('3422998', '2495223X')_1                         1 	(obj:0)
z_('3422998', '1353870_01')_1                       1 	(obj:0)
z_('2495223X', '2245784X')_1                        1 	(obj:0)
alpha                                6.63879518072289 	(obj:0.0192316488328287)
  obj=0.836  alpha=1102.0s  time=1.34s

k = 1
  Subgraph edges — edge_w: 13 (1.2%)  bal_w: 13 (1.2%)  combined: 26 (2.4%)  blended: 13 (1.2%)  blended_union: 31 (2.8%)  diverse: 13 (1.2%)
  [3a] Subgraph / edge_w   k=1 …
2026-07-01 18:17:01.655 | INFO     | pycaalp.time_balancing.model:run_mip:430 - Running MIP solver ...
      obj=0.836 (vs_full=+0.00%)  alpha=1102.0s  build=0.002s solve=0.015s  vs_full=+0.00%
  [3b] Subgraph / bal_w    k=1 …
2026-07-01 18:17:01.670 | INFO     | pycaalp.time_balancing.model:run_mip:430 - Running MIP solver ...
      obj=1.130 (vs_full=+35.20%)  alpha=1160.1s  build=0.001s solve=0.010s  vs_full=+5.27%
  [3c] Subgraph / combined k=1 …
2026-07-01 18:17:01.680 | INFO     | pycaalp.time_balancing.model:run_mip:430 - Running MIP solver ...
      obj=0.836 (vs_full=+0.00%)  alpha=1102.0s  build=0.001s solve=0.007s  vs_full=+0.00%
  [3d] Subgraph / blended  k=1 …
2026-07-01 18:17:01.687 | INFO     | pycaalp.time_balancing.model:run_mip:430 - Running MIP solver ...
      obj=0.837 (vs_full=+0.19%)  alpha=1092.5s  build=0.001s solve=0.007s  vs_full=-0.86%
  [3e] Subgraph / bl-union k=1 …
2026-07-01 18:17:01.694 | INFO     | pycaalp.time_balancing.model:run_mip:430 - Running MIP solver ...
      obj=0.836 (vs_full=+0.00%)  alpha=1102.0s  build=0.016s solve=0.039s  vs_full=+0.00%
  [3f] Subgraph / diverse  k=1 …
2026-07-01 18:17:01.734 | INFO     | pycaalp.time_balancing.model:run_mip:430 - Running MIP solver ...
      obj=0.837 (vs_full=+0.19%)  alpha=1092.5s  build=0.007s solve=0.007s  vs_full=-0.86%

k = 2
  Subgraph edges — edge_w: 15 (1.4%)  bal_w: 20 (1.8%)  combined: 35 (3.2%)  blended: 15 (1.4%)  blended_union: 36 (3.3%)  diverse: 26 (2.4%)
  [3a] Subgraph / edge_w   k=2 …
2026-07-01 18:17:01.803 | INFO     | pycaalp.time_balancing.model:run_mip:430 - Running MIP solver ...
      obj=0.836 (vs_full=+0.00%)  alpha=1102.0s  build=0.006s solve=0.030s  vs_full=+0.00%
  [3b] Subgraph / bal_w    k=2 …
2026-07-01 18:17:01.833 | INFO     | pycaalp.time_balancing.model:run_mip:430 - Running MIP solver ...
      obj=1.130 (vs_full=+35.20%)  alpha=1160.1s  build=0.003s solve=0.014s  vs_full=+5.27%
  [3c] Subgraph / combined k=2 …
2026-07-01 18:17:01.848 | INFO     | pycaalp.time_balancing.model:run_mip:430 - Running MIP solver ...
      obj=0.836 (vs_full=+0.00%)  alpha=1102.0s  build=0.011s solve=0.026s  vs_full=+0.00%
  [3d] Subgraph / blended  k=2 …
2026-07-01 18:17:01.874 | INFO     | pycaalp.time_balancing.model:run_mip:430 - Running MIP solver ...
      obj=0.837 (vs_full=+0.19%)  alpha=1092.5s  build=0.006s solve=0.016s  vs_full=-0.86%
  [3e] Subgraph / bl-union k=2 …
2026-07-01 18:17:01.890 | INFO     | pycaalp.time_balancing.model:run_mip:430 - Running MIP solver ...
      obj=0.836 (vs_full=+0.00%)  alpha=1102.0s  build=0.033s solve=0.101s  vs_full=+0.00%
  [3f] Subgraph / diverse  k=2 …
2026-07-01 18:17:01.991 | INFO     | pycaalp.time_balancing.model:run_mip:430 - Running MIP solver ...
      obj=0.837 (vs_full=+0.19%)  alpha=1092.5s  build=0.004s solve=0.024s  vs_full=-0.86%

k = 5
  Subgraph edges — edge_w: 21 (1.9%)  bal_w: 29 (2.6%)  combined: 50 (4.5%)  blended: 19 (1.7%)  blended_union: 49 (4.4%)  diverse: 65 (5.9%)
  [3a] Subgraph / edge_w   k=5 …
2026-07-01 18:17:02.134 | INFO     | pycaalp.time_balancing.model:run_mip:430 - Running MIP solver ...
      obj=0.836 (vs_full=+0.00%)  alpha=1102.0s  build=0.019s solve=0.050s  vs_full=+0.00%
  [3b] Subgraph / bal_w    k=5 …
2026-07-01 18:17:02.185 | INFO     | pycaalp.time_balancing.model:run_mip:430 - Running MIP solver ...
      obj=1.104 (vs_full=+32.11%)  alpha=1122.3s  build=0.012s solve=0.015s  vs_full=+1.84%
  [3c] Subgraph / combined k=5 …
2026-07-01 18:17:02.200 | INFO     | pycaalp.time_balancing.model:run_mip:430 - Running MIP solver ...
      obj=0.836 (vs_full=+0.00%)  alpha=1102.0s  build=0.030s solve=0.062s  vs_full=+0.00%
  [3d] Subgraph / blended  k=5 …
2026-07-01 18:17:02.262 | INFO     | pycaalp.time_balancing.model:run_mip:430 - Running MIP solver ...
      obj=0.837 (vs_full=+0.19%)  alpha=1092.5s  build=0.021s solve=0.058s  vs_full=-0.86%
  [3e] Subgraph / bl-union k=5 …
2026-07-01 18:17:02.320 | INFO     | pycaalp.time_balancing.model:run_mip:430 - Running MIP solver ...
      obj=0.836 (vs_full=+0.00%)  alpha=1102.0s  build=0.032s solve=0.163s  vs_full=+0.00%
  [3f] Subgraph / diverse  k=5 …
2026-07-01 18:17:02.483 | INFO     | pycaalp.time_balancing.model:run_mip:430 - Running MIP solver ...
      obj=0.837 (vs_full=+0.19%)  alpha=1092.5s  build=0.005s solve=0.166s  vs_full=-0.86%

k = 10
  Subgraph edges — edge_w: 24 (2.2%)  bal_w: 39 (3.5%)  combined: 63 (5.7%)  blended: 27 (2.4%)  blended_union: 64 (5.8%)  diverse: 126 (11.4%)
  [3a] Subgraph / edge_w   k=10 …
2026-07-01 18:17:02.880 | INFO     | pycaalp.time_balancing.model:run_mip:430 - Running MIP solver ...
      obj=0.836 (vs_full=+0.00%)  alpha=1102.0s  build=0.041s solve=0.049s  vs_full=+0.00%
  [3b] Subgraph / bal_w    k=10 …
2026-07-01 18:17:02.929 | INFO     | pycaalp.time_balancing.model:run_mip:430 - Running MIP solver ...
      obj=1.104 (vs_full=+32.11%)  alpha=1122.3s  build=0.021s solve=0.021s  vs_full=+1.84%
  [3c] Subgraph / combined k=10 …
2026-07-01 18:17:02.951 | INFO     | pycaalp.time_balancing.model:run_mip:430 - Running MIP solver ...
      obj=0.836 (vs_full=-0.00%)  alpha=1102.0s  build=0.044s solve=0.105s  vs_full=+0.00%
  [3d] Subgraph / blended  k=10 …
2026-07-01 18:17:03.056 | INFO     | pycaalp.time_balancing.model:run_mip:430 - Running MIP solver ...
      obj=0.837 (vs_full=+0.19%)  alpha=1092.5s  build=0.044s solve=0.072s  vs_full=-0.86%
  [3e] Subgraph / bl-union k=10 …
2026-07-01 18:17:03.128 | INFO     | pycaalp.time_balancing.model:run_mip:430 - Running MIP solver ...
      obj=0.836 (vs_full=+0.00%)  alpha=1102.0s  build=0.074s solve=0.149s  vs_full=+0.00%
  [3f] Subgraph / diverse  k=10 …
2026-07-01 18:17:03.276 | INFO     | pycaalp.time_balancing.model:run_mip:430 - Running MIP solver ...
      obj=0.837 (vs_full=+0.19%)  alpha=1092.5s  build=0.008s solve=0.215s  vs_full=-0.86%

k = 20
  Subgraph edges — edge_w: 35 (3.2%)  bal_w: 49 (4.4%)  combined: 84 (7.6%)  blended: 35 (3.2%)  blended_union: 87 (7.9%)  diverse: 239 (21.6%)
  [3a] Subgraph / edge_w   k=20 …
2026-07-01 18:17:03.897 | INFO     | pycaalp.time_balancing.model:run_mip:430 - Running MIP solver ...
      obj=0.836 (vs_full=+0.00%)  alpha=1102.0s  build=0.042s solve=0.110s  vs_full=+0.00%
  [3b] Subgraph / bal_w    k=20 …
2026-07-01 18:17:04.007 | INFO     | pycaalp.time_balancing.model:run_mip:430 - Running MIP solver ...
      obj=1.104 (vs_full=+32.11%)  alpha=1122.3s  build=0.036s solve=0.090s  vs_full=+1.84%
  [3c] Subgraph / combined k=20 …
2026-07-01 18:17:04.098 | INFO     | pycaalp.time_balancing.model:run_mip:430 - Running MIP solver ...
      obj=0.836 (vs_full=+0.00%)  alpha=1102.0s  build=0.107s solve=0.165s  vs_full=+0.00%
  [3d] Subgraph / blended  k=20 …
2026-07-01 18:17:04.262 | INFO     | pycaalp.time_balancing.model:run_mip:430 - Running MIP solver ...
      obj=0.837 (vs_full=+0.19%)  alpha=1092.5s  build=0.063s solve=0.096s  vs_full=-0.86%
  [3e] Subgraph / bl-union k=20 …
2026-07-01 18:17:04.359 | INFO     | pycaalp.time_balancing.model:run_mip:430 - Running MIP solver ...
      obj=0.836 (vs_full=+0.00%)  alpha=1102.0s  build=0.146s solve=0.334s  vs_full=+0.00%
  [3f] Subgraph / diverse  k=20 …
2026-07-01 18:17:04.693 | INFO     | pycaalp.time_balancing.model:run_mip:430 - Running MIP solver ...
      obj=0.837 (vs_full=+0.19%)  alpha=1092.5s  build=0.012s solve=0.206s  vs_full=-0.86%

k = 50
  Subgraph edges — edge_w: 54 (4.9%)  bal_w: 74 (6.7%)  combined: 127 (11.5%)  blended: 42 (3.8%)  blended_union: 117 (10.6%)  diverse: 506 (45.8%)
  [3a] Subgraph / edge_w   k=50 …
2026-07-01 18:17:05.979 | INFO     | pycaalp.time_balancing.model:run_mip:430 - Running MIP solver ...
      obj=0.836 (vs_full=+0.00%)  alpha=1102.0s  build=0.124s solve=0.286s  vs_full=+0.00%
  [3b] Subgraph / bal_w    k=50 …
2026-07-01 18:17:06.265 | INFO     | pycaalp.time_balancing.model:run_mip:430 - Running MIP solver ...
      obj=1.100 (vs_full=+31.59%)  alpha=1122.3s  build=0.083s solve=0.168s  vs_full=+1.84%
  [3c] Subgraph / combined k=50 …
2026-07-01 18:17:06.434 | INFO     | pycaalp.time_balancing.model:run_mip:430 - Running MIP solver ...
      obj=0.836 (vs_full=+0.00%)  alpha=1102.0s  build=0.209s solve=0.466s  vs_full=+0.00%
  [3d] Subgraph / blended  k=50 …
2026-07-01 18:17:06.900 | INFO     | pycaalp.time_balancing.model:run_mip:430 - Running MIP solver ...
      obj=0.837 (vs_full=+0.19%)  alpha=1092.5s  build=0.188s solve=0.104s  vs_full=-0.86%
  [3e] Subgraph / bl-union k=50 …
2026-07-01 18:17:07.005 | INFO     | pycaalp.time_balancing.model:run_mip:430 - Running MIP solver ...
      obj=0.836 (vs_full=+0.00%)  alpha=1102.0s  build=0.447s solve=0.371s  vs_full=+0.00%
  [3f] Subgraph / diverse  k=50 …
2026-07-01 18:17:07.376 | INFO     | pycaalp.time_balancing.model:run_mip:430 - Running MIP solver ...
      obj=0.837 (vs_full=+0.19%)  alpha=1092.5s  build=0.029s solve=1.241s  vs_full=-0.86%

k = 100
  Subgraph edges — edge_w: 78 (7.1%)  bal_w: 85 (7.7%)  combined: 162 (14.7%)  blended: 64 (5.8%)  blended_union: 167 (15.1%)  diverse: 747 (67.6%)
  [3a] Subgraph / edge_w   k=100 …
2026-07-01 18:17:10.821 | INFO     | pycaalp.time_balancing.model:run_mip:430 - Running MIP solver ...
      obj=0.836 (vs_full=+0.00%)  alpha=1102.0s  build=0.290s solve=0.492s  vs_full=+0.00%
  [3b] Subgraph / bal_w    k=100 …
2026-07-01 18:17:11.314 | INFO     | pycaalp.time_balancing.model:run_mip:430 - Running MIP solver ...
      obj=1.100 (vs_full=+31.59%)  alpha=1122.3s  build=0.126s solve=0.250s  vs_full=+1.84%
  [3c] Subgraph / combined k=100 …
2026-07-01 18:17:11.564 | INFO     | pycaalp.time_balancing.model:run_mip:430 - Running MIP solver ...
      obj=0.836 (vs_full=+0.00%)  alpha=1102.0s  build=0.456s solve=0.473s  vs_full=+0.00%
  [3d] Subgraph / blended  k=100 …
2026-07-01 18:17:12.037 | INFO     | pycaalp.time_balancing.model:run_mip:430 - Running MIP solver ...
      obj=0.836 (vs_full=+0.00%)  alpha=1102.0s  build=0.314s solve=0.222s  vs_full=+0.00%
  [3e] Subgraph / bl-union k=100 …
2026-07-01 18:17:12.260 | INFO     | pycaalp.time_balancing.model:run_mip:430 - Running MIP solver ...
      obj=0.836 (vs_full=+0.00%)  alpha=1102.0s  build=0.900s solve=0.475s  vs_full=+0.00%
  [3f] Subgraph / diverse  k=100 …
2026-07-01 18:17:12.735 | INFO     | pycaalp.time_balancing.model:run_mip:430 - Running MIP solver ...
      obj=0.837 (vs_full=+0.19%)  alpha=1092.5s  build=0.119s solve=1.193s  vs_full=-0.86%

k = 200
  Subgraph edges — edge_w: 95 (8.6%)  bal_w: 118 (10.7%)  combined: 211 (19.1%)  blended: 82 (7.4%)  blended_union: 212 (19.2%)  diverse: 911 (82.4%)
  [3a] Subgraph / edge_w   k=200 …
2026-07-01 18:17:18.015 | INFO     | pycaalp.time_balancing.model:run_mip:430 - Running MIP solver ...
      obj=0.836 (vs_full=+0.00%)  alpha=1102.0s  build=0.629s solve=0.757s  vs_full=+0.00%
  [3b] Subgraph / bal_w    k=200 …
2026-07-01 18:17:18.771 | INFO     | pycaalp.time_balancing.model:run_mip:430 - Running MIP solver ...
      obj=1.099 (vs_full=+31.50%)  alpha=1122.3s  build=0.346s solve=0.266s  vs_full=+1.84%
  [3c] Subgraph / combined k=200 …
2026-07-01 18:17:19.037 | INFO     | pycaalp.time_balancing.model:run_mip:430 - Running MIP solver ...
      obj=0.836 (vs_full=+0.00%)  alpha=1102.0s  build=0.755s solve=1.227s  vs_full=+0.00%
  [3d] Subgraph / blended  k=200 …
2026-07-01 18:17:20.265 | INFO     | pycaalp.time_balancing.model:run_mip:430 - Running MIP solver ...
      obj=0.836 (vs_full=+0.00%)  alpha=1102.0s  build=0.509s solve=0.424s  vs_full=+0.00%
  [3e] Subgraph / bl-union k=200 …
2026-07-01 18:17:20.689 | INFO     | pycaalp.time_balancing.model:run_mip:430 - Running MIP solver ...
      obj=0.836 (vs_full=+0.00%)  alpha=1102.0s  build=1.704s solve=0.631s  vs_full=+0.00%
  [3f] Subgraph / diverse  k=200 …
2026-07-01 18:17:21.320 | INFO     | pycaalp.time_balancing.model:run_mip:430 - Running MIP solver ...
      obj=0.837 (vs_full=+0.15%)  alpha=1102.0s  build=0.144s solve=1.815s  vs_full=+0.00%

k = 500
  Subgraph edges — edge_w: 108 (9.8%)  bal_w: 170 (15.4%)  combined: 274 (24.8%)  blended: 127 (11.5%)  blended_union: 278 (25.2%)  diverse: 1049 (94.9%)
  [3a] Subgraph / edge_w   k=500 …
2026-07-01 18:17:36.875 | INFO     | pycaalp.time_balancing.model:run_mip:430 - Running MIP solver ...
      obj=0.836 (vs_full=+0.00%)  alpha=1102.0s  build=1.468s solve=0.811s  vs_full=+0.00%
  [3b] Subgraph / bal_w    k=500 …
2026-07-01 18:17:37.685 | INFO     | pycaalp.time_balancing.model:run_mip:430 - Running MIP solver ...
      obj=1.063 (vs_full=+27.21%)  alpha=1104.1s  build=1.085s solve=0.489s  vs_full=+0.19%
  [3c] Subgraph / combined k=500 …
2026-07-01 18:17:38.175 | INFO     | pycaalp.time_balancing.model:run_mip:430 - Running MIP solver ...
      obj=0.836 (vs_full=+0.00%)  alpha=1102.0s  build=2.618s solve=1.520s  vs_full=+0.00%
  [3d] Subgraph / blended  k=500 …
2026-07-01 18:17:39.695 | INFO     | pycaalp.time_balancing.model:run_mip:430 - Running MIP solver ...
      obj=0.836 (vs_full=+0.00%)  alpha=1102.0s  build=1.997s solve=0.929s  vs_full=+0.00%
  [3e] Subgraph / bl-union k=500 …
2026-07-01 18:17:40.624 | INFO     | pycaalp.time_balancing.model:run_mip:430 - Running MIP solver ...
      obj=0.836 (vs_full=+0.00%)  alpha=1102.0s  build=6.174s solve=0.851s  vs_full=+0.00%
  [3f] Subgraph / diverse  k=500 …
2026-07-01 18:17:41.475 | INFO     | pycaalp.time_balancing.model:run_mip:430 - Running MIP solver ...
      obj=0.836 (vs_full=+0.00%)  alpha=1102.0s  build=0.398s solve=1.728s  vs_full=+0.00%

k = 1000
  Subgraph edges — edge_w: 142 (12.9%)  bal_w: 223 (20.2%)  combined: 359 (32.5%)  blended: 148 (13.4%)  blended_union: 305 (27.6%)  diverse: 1102 (99.7%)
  [3a] Subgraph / edge_w   k=1000 …
2026-07-01 18:18:09.942 | INFO     | pycaalp.time_balancing.model:run_mip:430 - Running MIP solver ...
      obj=0.836 (vs_full=+0.00%)  alpha=1102.0s  build=3.632s solve=0.973s  vs_full=+0.00%
  [3b] Subgraph / bal_w    k=1000 …
2026-07-01 18:18:10.916 | INFO     | pycaalp.time_balancing.model:run_mip:430 - Running MIP solver ...
      obj=1.053 (vs_full=+26.05%)  alpha=1104.1s  build=2.504s solve=0.502s  vs_full=+0.19%
  [3c] Subgraph / combined k=1000 …
2026-07-01 18:18:11.418 | INFO     | pycaalp.time_balancing.model:run_mip:430 - Running MIP solver ...
      obj=0.836 (vs_full=+0.00%)  alpha=1102.0s  build=6.075s solve=1.397s  vs_full=+0.00%
  [3d] Subgraph / blended  k=1000 …
2026-07-01 18:18:12.815 | INFO     | pycaalp.time_balancing.model:run_mip:430 - Running MIP solver ...
      obj=0.836 (vs_full=+0.00%)  alpha=1102.0s  build=3.247s solve=0.634s  vs_full=+0.00%
  [3e] Subgraph / bl-union k=1000 …
2026-07-01 18:18:13.449 | INFO     | pycaalp.time_balancing.model:run_mip:430 - Running MIP solver ...
      obj=0.836 (vs_full=+0.00%)  alpha=1102.0s  build=10.296s solve=0.931s  vs_full=+0.00%
  [3f] Subgraph / diverse  k=1000 …
2026-07-01 18:18:14.381 | INFO     | pycaalp.time_balancing.model:run_mip:430 - Running MIP solver ...
      obj=0.836 (vs_full=+0.00%)  alpha=1102.0s  build=0.986s solve=1.702s  vs_full=+0.00%

k = 2000
  Subgraph edges — edge_w: 185 (16.7%)  bal_w: 291 (26.3%)  combined: 464 (42.0%)  blended: 164 (14.8%)  blended_union: 356 (32.2%)  diverse: 1105 (100.0%)
  [3a] Subgraph / edge_w   k=2000 …
2026-07-01 18:19:19.492 | INFO     | pycaalp.time_balancing.model:run_mip:430 - Running MIP solver ...
      obj=0.836 (vs_full=+0.00%)  alpha=1102.0s  build=7.236s solve=0.776s  vs_full=+0.00%
  [3b] Subgraph / bal_w    k=2000 …
2026-07-01 18:19:20.268 | INFO     | pycaalp.time_balancing.model:run_mip:430 - Running MIP solver ...
      obj=1.041 (vs_full=+24.62%)  alpha=1104.1s  build=6.030s solve=0.576s  vs_full=+0.19%
  [3c] Subgraph / combined k=2000 …
2026-07-01 18:19:20.845 | INFO     | pycaalp.time_balancing.model:run_mip:430 - Running MIP solver ...
      obj=0.836 (vs_full=+0.00%)  alpha=1102.0s  build=13.656s solve=0.837s  vs_full=+0.00%
  [3d] Subgraph / blended  k=2000 …
2026-07-01 18:19:21.682 | INFO     | pycaalp.time_balancing.model:run_mip:430 - Running MIP solver ...
      obj=0.836 (vs_full=+0.00%)  alpha=1102.0s  build=8.497s solve=0.722s  vs_full=+0.00%
  [3e] Subgraph / bl-union k=2000 …
2026-07-01 18:19:22.404 | INFO     | pycaalp.time_balancing.model:run_mip:430 - Running MIP solver ...
      obj=0.836 (vs_full=+0.00%)  alpha=1102.0s  build=25.921s solve=0.921s  vs_full=+0.00%
  [3f] Subgraph / diverse  k=2000 …
2026-07-01 18:19:23.325 | INFO     | pycaalp.time_balancing.model:run_mip:430 - Running MIP solver ...
      obj=0.836 (vs_full=+0.00%)  alpha=1102.0s  build=2.070s solve=1.576s  vs_full=+0.00%

k = 5000
  Subgraph edges — edge_w: 232 (21.0%)  bal_w: 382 (34.6%)  combined: 593 (53.7%)  blended: 218 (19.7%)  blended_union: 482 (43.6%)  diverse: 1105 (100.0%)
  [3a] Subgraph / edge_w   k=5000 …
2026-07-01 18:23:52.139 | INFO     | pycaalp.time_balancing.model:run_mip:430 - Running MIP solver ...
      obj=0.836 (vs_full=+0.00%)  alpha=1102.0s  build=32.391s solve=1.210s  vs_full=+0.00%
  [3b] Subgraph / bal_w    k=5000 …
2026-07-01 18:23:53.349 | INFO     | pycaalp.time_balancing.model:run_mip:430 - Running MIP solver ...
      obj=1.033 (vs_full=+23.59%)  alpha=1108.3s  build=23.341s solve=0.816s  vs_full=+0.57%
  [3c] Subgraph / combined k=5000 …
2026-07-01 18:23:54.165 | INFO     | pycaalp.time_balancing.model:run_mip:430 - Running MIP solver ...
      obj=0.836 (vs_full=+0.00%)  alpha=1102.0s  build=55.742s solve=2.284s  vs_full=+0.00%
  [3d] Subgraph / blended  k=5000 …
2026-07-01 18:23:56.448 | INFO     | pycaalp.time_balancing.model:run_mip:430 - Running MIP solver ...
      obj=0.836 (vs_full=+0.00%)  alpha=1102.0s  build=36.500s solve=0.936s  vs_full=+0.00%
  [3e] Subgraph / bl-union k=5000 …
2026-07-01 18:23:57.385 | INFO     | pycaalp.time_balancing.model:run_mip:430 - Running MIP solver ...
      obj=0.836 (vs_full=+0.00%)  alpha=1102.0s  build=113.296s solve=0.886s  vs_full=+0.00%
  [3f] Subgraph / diverse  k=5000 …
2026-07-01 18:23:58.271 | INFO     | pycaalp.time_balancing.model:run_mip:430 - Running MIP solver ...
      obj=0.836 (vs_full=+0.00%)  alpha=1102.0s  build=5.968s solve=1.330s  vs_full=+0.00%

Results saved to experiments/strategy_comparison/assembly_1_np_2/strategy_comparison_lambda_0.15.csv
Plot with:  python -m experiments.strategy_comparison.plot_k_sensitivity

============================================================================================================================
SUMMARY — assembly_1  P=2  λ=0.15
============================================================================================================================
Strategy       Weight                      k   Build    Solve    Total  Spdup       Obj   ObjvsF     Alpha    AlvsF   Edges  %Grph
----------------------------------------------------------------------------------------------------------------------------
full_mip       —                               0.000    1.344    1.344   1.0x     0.836    +0.00   1102.04    +0.00    1105  100.0
subgraph_mip   edge_weight                 1   0.002    0.015    0.016  83.2x     0.836    +0.00   1102.04    +0.00      13    1.2
subgraph_mip   time_balanced_weight        1   0.001    0.010    0.011 125.0x     1.130   +35.20   1160.13    +5.27      13    1.2
subgraph_mip   combined                    1   0.001    0.007    0.008 172.3x     0.836    +0.00   1102.04    +0.00      26    2.4
subgraph_mip   blended                     1   0.001    0.007    0.008 178.4x     0.837    +0.19   1092.52    -0.86      13    1.2
subgraph_mip   blended_union               1   0.016    0.039    0.056  24.1x     0.836    +0.00   1102.04    +0.00      31    2.8
subgraph_mip   diverse                     1   0.007    0.007    0.014  96.5x     0.837    +0.19   1092.52    -0.86      13    1.2
subgraph_mip   edge_weight                 2   0.006    0.030    0.036  37.6x     0.836    +0.00   1102.04    +0.00      15    1.4
subgraph_mip   time_balanced_weight        2   0.003    0.014    0.017  78.7x     1.130   +35.20   1160.13    +5.27      20    1.8
subgraph_mip   combined                    2   0.011    0.026    0.037  36.5x     0.836    +0.00   1102.04    +0.00      35    3.2
subgraph_mip   blended                     2   0.006    0.016    0.022  60.9x     0.837    +0.19   1092.52    -0.86      15    1.4
subgraph_mip   blended_union               2   0.033    0.101    0.134  10.0x     0.836    +0.00   1102.04    +0.00      36    3.3
subgraph_mip   diverse                     2   0.004    0.024    0.028  48.6x     0.837    +0.19   1092.52    -0.86      26    2.4
subgraph_mip   edge_weight                 5   0.019    0.050    0.069  19.4x     0.836    +0.00   1102.04    +0.00      21    1.9
subgraph_mip   time_balanced_weight        5   0.012    0.015    0.027  50.3x     1.104   +32.11   1122.33    +1.84      29    2.6
subgraph_mip   combined                    5   0.030    0.062    0.092  14.5x     0.836    +0.00   1102.04    +0.00      50    4.5
subgraph_mip   blended                     5   0.021    0.058    0.079  17.1x     0.837    +0.19   1092.52    -0.86      19    1.7
subgraph_mip   blended_union               5   0.032    0.163    0.195   6.9x     0.836    +0.00   1102.04    +0.00      49    4.4
subgraph_mip   diverse                     5   0.005    0.166    0.171   7.9x     0.837    +0.19   1092.52    -0.86      65    5.9
subgraph_mip   edge_weight                10   0.041    0.049    0.090  15.0x     0.836    +0.00   1102.04    +0.00      24    2.2
subgraph_mip   time_balanced_weight       10   0.021    0.021    0.043  31.5x     1.104   +32.11   1122.33    +1.84      39    3.5
subgraph_mip   combined                   10   0.044    0.105    0.149   9.0x     0.836    -0.00   1102.04    +0.00      63    5.7
subgraph_mip   blended                    10   0.044    0.072    0.116  11.6x     0.837    +0.19   1092.52    -0.86      27    2.4
subgraph_mip   blended_union              10   0.074    0.149    0.223   6.0x     0.836    +0.00   1102.04    +0.00      64    5.8
subgraph_mip   diverse                    10   0.008    0.215    0.222   6.0x     0.837    +0.19   1092.52    -0.86     126   11.4
subgraph_mip   edge_weight                20   0.042    0.110    0.152   8.8x     0.836    +0.00   1102.04    +0.00      35    3.2
subgraph_mip   time_balanced_weight       20   0.036    0.090    0.126  10.7x     1.104   +32.11   1122.33    +1.84      49    4.4
subgraph_mip   combined                   20   0.107    0.165    0.272   4.9x     0.836    +0.00   1102.04    +0.00      84    7.6
subgraph_mip   blended                    20   0.063    0.096    0.159   8.4x     0.837    +0.19   1092.52    -0.86      35    3.2
subgraph_mip   blended_union              20   0.146    0.334    0.480   2.8x     0.836    +0.00   1102.04    +0.00      87    7.9
subgraph_mip   diverse                    20   0.012    0.206    0.218   6.2x     0.837    +0.19   1092.52    -0.86     239   21.6
subgraph_mip   edge_weight                50   0.124    0.286    0.411   3.3x     0.836    +0.00   1102.04    +0.00      54    4.9
subgraph_mip   time_balanced_weight       50   0.083    0.168    0.251   5.4x     1.100   +31.59   1122.33    +1.84      74    6.7
subgraph_mip   combined                   50   0.209    0.466    0.676   2.0x     0.836    +0.00   1102.04    +0.00     127   11.5
subgraph_mip   blended                    50   0.188    0.104    0.292   4.6x     0.837    +0.19   1092.52    -0.86      42    3.8
subgraph_mip   blended_union              50   0.447    0.371    0.817   1.6x     0.836    +0.00   1102.04    +0.00     117   10.6
subgraph_mip   diverse                    50   0.029    1.241    1.269   1.1x     0.837    +0.19   1092.52    -0.86     506   45.8
subgraph_mip   edge_weight               100   0.290    0.492    0.783   1.7x     0.836    +0.00   1102.04    +0.00      78    7.1
subgraph_mip   time_balanced_weight      100   0.126    0.250    0.376   3.6x     1.100   +31.59   1122.33    +1.84      85    7.7
subgraph_mip   combined                  100   0.456    0.473    0.929   1.4x     0.836    +0.00   1102.04    +0.00     162   14.7
subgraph_mip   blended                   100   0.314    0.222    0.536   2.5x     0.836    +0.00   1102.04    +0.00      64    5.8
subgraph_mip   blended_union             100   0.900    0.475    1.376   1.0x     0.836    +0.00   1102.04    +0.00     167   15.1
subgraph_mip   diverse                   100   0.119    1.193    1.311   1.0x     0.837    +0.19   1092.52    -0.86     747   67.6
subgraph_mip   edge_weight               200   0.629    0.757    1.385   1.0x     0.836    +0.00   1102.04    +0.00      95    8.6
subgraph_mip   time_balanced_weight      200   0.346    0.266    0.612   2.2x     1.099   +31.50   1122.33    +1.84     118   10.7
subgraph_mip   combined                  200   0.755    1.227    1.982   0.7x     0.836    +0.00   1102.04    +0.00     211   19.1
subgraph_mip   blended                   200   0.509    0.424    0.933   1.4x     0.836    +0.00   1102.04    +0.00      82    7.4
subgraph_mip   blended_union             200   1.704    0.631    2.335   0.6x     0.836    +0.00   1102.04    +0.00     212   19.2
subgraph_mip   diverse                   200   0.144    1.815    1.959   0.7x     0.837    +0.15   1102.04    +0.00     911   82.4
subgraph_mip   edge_weight               500   1.468    0.811    2.278   0.6x     0.836    +0.00   1102.04    +0.00     108    9.8
subgraph_mip   time_balanced_weight      500   1.085    0.489    1.574   0.8x     1.063   +27.21   1104.13    +0.19     170   15.4
subgraph_mip   combined                  500   2.618    1.520    4.138   0.3x     0.836    +0.00   1102.04    +0.00     274   24.8
subgraph_mip   blended                   500   1.997    0.929    2.926   0.5x     0.836    +0.00   1102.04    +0.00     127   11.5
subgraph_mip   blended_union             500   6.174    0.851    7.025   0.2x     0.836    +0.00   1102.04    +0.00     278   25.2
subgraph_mip   diverse                   500   0.398    1.728    2.126   0.6x     0.836    +0.00   1102.04    +0.00    1049   94.9
subgraph_mip   edge_weight              1000   3.632    0.973    4.605   0.3x     0.836    +0.00   1102.04    +0.00     142   12.8
subgraph_mip   time_balanced_weight     1000   2.504    0.502    3.006   0.5x     1.053   +26.05   1104.13    +0.19     223   20.2
subgraph_mip   combined                 1000   6.075    1.397    7.472   0.2x     0.836    +0.00   1102.04    +0.00     359   32.5
subgraph_mip   blended                  1000   3.247    0.634    3.880   0.3x     0.836    +0.00   1102.04    +0.00     148   13.4
subgraph_mip   blended_union            1000  10.296    0.931   11.228   0.1x     0.836    +0.00   1102.04    +0.00     305   27.6
subgraph_mip   diverse                  1000   0.986    1.702    2.687   0.5x     0.836    +0.00   1102.04    +0.00    1102   99.7
subgraph_mip   edge_weight              2000   7.236    0.776    8.012   0.2x     0.836    +0.00   1102.04    +0.00     185   16.7
subgraph_mip   time_balanced_weight     2000   6.030    0.576    6.606   0.2x     1.041   +24.62   1104.13    +0.19     291   26.3
subgraph_mip   combined                 2000  13.656    0.837   14.493   0.1x     0.836    +0.00   1102.04    +0.00     464   42.0
subgraph_mip   blended                  2000   8.497    0.722    9.219   0.1x     0.836    +0.00   1102.04    +0.00     164   14.8
subgraph_mip   blended_union            2000  25.921    0.921   26.842   0.1x     0.836    +0.00   1102.04    +0.00     356   32.2
subgraph_mip   diverse                  2000   2.070    1.576    3.646   0.4x     0.836    +0.00   1102.04    +0.00    1105  100.0
subgraph_mip   edge_weight              5000  32.391    1.210   33.600   0.0x     0.836    +0.00   1102.04    +0.00     232   21.0
subgraph_mip   time_balanced_weight     5000  23.341    0.816   24.157   0.1x     1.033   +23.59   1108.32    +0.57     382   34.6
subgraph_mip   combined                 5000  55.742    2.284   58.026   0.0x     0.836    +0.00   1102.04    +0.00     593   53.7
subgraph_mip   blended                  5000  36.500    0.936   37.436   0.0x     0.836    +0.00   1102.04    +0.00     218   19.7
subgraph_mip   blended_union            5000 113.296    0.886  114.183   0.0x     0.836    +0.00   1102.04    +0.00     482   43.6
subgraph_mip   diverse                  5000   5.968    1.330    7.297   0.2x     0.836    +0.00   1102.04    +0.00    1105  100.0
============================================================================================================================

----------------- λ = 0.2 -----------------
========================================================================
Strategy Comparison Experiment — assembly_1  P=2  λ=0.2
========================================================================

Building assembly digraph …
2026-07-01 18:16:59.938 | INFO     | pycaalp.gapp.assembly_digraph:compute_assembly_digraph_complete:395 - Computing assembly digraph...
  343 nodes, 1105 edges  (0.3s)

[1] Full MIP  P=2  λ=0.2
2026-07-01 18:17:00.263 | INFO     | pycaalp.time_balancing.model:run_mip:430 - Running MIP solver ...
presolving:
(round 1, fast)       28 del vars, 40 del conss, 0 add conss, 0 chg bounds, 0 chg sides, 0 chg coeffs, 0 upgd conss, 0 impls, 43 clqs, 0 implints
(round 2, exhaustive) 28 del vars, 40 del conss, 0 add conss, 1 chg bounds, 0 chg sides, 0 chg coeffs, 2253 upgd conss, 0 impls, 43 clqs, 0 implints
   (0.2s) probing: 1000/1129 (88.6%) - 0 fixings, 0 aggregations, 119627 implications, 0 bound changes
   (0.2s) probing: 1001/1129 (88.7%) - 0 fixings, 0 aggregations, 119803 implications, 0 bound changes
   (0.2s) probing aborted: 1000/1000 successive useless probings
   (0.2s) symmetry computation started: requiring (bin +, int +, cont +), (fixed: bin -, int -, cont -)
   (0.3s) no symmetry present (symcode time: 0.00)
presolving (3 rounds: 3 fast, 2 medium, 2 exhaustive):
 28 deleted vars, 40 deleted constraints, 0 added constraints, 1 tightened bounds, 0 added holes, 0 changed sides, 0 changed coefficients
 0 implications, 8934 cliques, 0 implied integral variables (0 bin, 0 int, 0 cont)
presolved problem has 1130 variables (1129 bin, 0 int, 1 cont) and 2565 constraints
     43 constraints of type <setppc>
    312 constraints of type <linear>
   2210 constraints of type <logicor>
Presolving Time: 0.25

 time | node  | left  |LP iter|LP it/n|mem/heur|mdpt |vars |cons |rows |cuts |sepa|confs|strbr|  dualbound   | primalbound  |  gap   | compl. 
p 0.3s|     1 |     0 |     4 |     - | vbounds|   0 |1130 |2578 |2565 |   0 |  0 |  12 |   0 | 0.000000e+00 | 1.284319e+00 |    Inf | unknown
p 0.3s|     1 |     0 |   114 |     - | vbounds|   0 |1130 |2590 |2565 |   0 |  0 |  24 |   0 | 0.000000e+00 | 1.258365e+00 |    Inf | unknown
  0.3s|     1 |     0 |   359 |     - |    21M |   0 |1130 |2590 |2565 |   0 |  0 |  24 |   0 | 8.329273e-01 | 1.258365e+00 |  51.08%| unknown
  0.4s|     1 |     0 |   383 |     - |    23M |   0 |1130 |2591 |2567 |   2 |  1 |  25 |   0 | 8.329437e-01 | 1.258365e+00 |  51.07%| unknown
r 0.4s|     1 |     0 |   383 |     - |shifting|   0 |1130 |2591 |2567 |   2 |  1 |  25 |   0 | 8.329437e-01 | 8.367595e-01 |   0.46%| unknown
  0.4s|     1 |     0 |   402 |     - |    24M |   0 |1130 |2591 |2568 |   3 |  2 |  25 |   0 | 8.330248e-01 | 8.367595e-01 |   0.45%| unknown
  0.4s|     1 |     0 |   402 |     - |    24M |   0 |1130 |2591 |1160 |   3 |  2 |  25 |   0 | 8.330248e-01 | 8.367595e-01 |   0.45%| unknown
  0.5s|     1 |     0 |   415 |     - |    24M |   0 |1130 |2314 |1149 |   5 |  3 |  25 |   0 | 8.330512e-01 | 8.367595e-01 |   0.45%| unknown
  0.5s|     1 |     0 |   415 |     - |    24M |   0 |1130 |2314 |1147 |   5 |  3 |  25 |   0 | 8.330512e-01 | 8.367595e-01 |   0.45%| unknown
  0.5s|     1 |     0 |   430 |     - |    25M |   0 |1130 |1923 |1149 |   7 |  4 |  25 |   0 | 8.331116e-01 | 8.367595e-01 |   0.44%| unknown
  0.5s|     1 |     0 |   430 |     - |    25M |   0 |1130 |1923 |1144 |   7 |  4 |  25 |   0 | 8.331116e-01 | 8.367595e-01 |   0.44%| unknown
  0.6s|     1 |     0 |   453 |     - |    27M |   0 |1130 |1871 |1146 |   9 |  5 |  25 |   0 | 8.331164e-01 | 8.367595e-01 |   0.44%| unknown
  0.6s|     1 |     0 |   482 |     - |    30M |   0 |1130 |1801 |1148 |  11 |  6 |  25 |   0 | 8.331323e-01 | 8.367595e-01 |   0.44%| unknown
  0.7s|     1 |     0 |   491 |     - |    32M |   0 |1130 |1665 |1150 |  13 |  7 |  28 |   0 | 8.331362e-01 | 8.367595e-01 |   0.43%| unknown
  0.7s|     1 |     0 |   531 |     - |    35M |   0 |1130 |1666 |1152 |  15 |  8 |  29 |   0 | 8.332193e-01 | 8.367595e-01 |   0.42%| unknown
 time | node  | left  |LP iter|LP it/n|mem/heur|mdpt |vars |cons |rows |cuts |sepa|confs|strbr|  dualbound   | primalbound  |  gap   | compl. 
  0.7s|     1 |     0 |   531 |     - |    35M |   0 |1130 |1667 |1098 |  15 |  8 |  30 |   0 | 8.332193e-01 | 8.367595e-01 |   0.42%| unknown
  0.8s|     1 |     0 |   548 |     - |    37M |   0 |1130 |1575 |1099 |  16 |  9 |  30 |   0 | 8.332579e-01 | 8.367595e-01 |   0.42%| unknown
  0.9s|     1 |     0 |   588 |     - |    41M |   0 |1130 |1380 |1100 |  17 | 10 |  30 |   0 | 8.332976e-01 | 8.367595e-01 |   0.42%| unknown
  0.9s|     1 |     0 |   588 |     - |    41M |   0 |1130 |1380 |1098 |  17 | 10 |  30 |   0 | 8.332976e-01 | 8.367595e-01 |   0.42%| unknown
  0.9s|     1 |     0 |   601 |     - |    41M |   0 |1130 |1379 |1100 |  19 | 11 |  30 |   0 | 8.333168e-01 | 8.367595e-01 |   0.41%| unknown
  0.9s|     1 |     0 |   601 |     - |    41M |   0 |1130 | 936 |1100 |  19 | 11 |  30 |   0 | 8.333168e-01 | 8.367595e-01 |   0.41%| unknown
  0.9s|     1 |     0 |   606 |     - |    41M |   0 |1130 | 936 |1102 |  21 | 12 |  30 |   0 | 8.333183e-01 | 8.367595e-01 |   0.41%| unknown
  0.9s|     1 |     0 |   616 |     - |    41M |   0 |1130 | 695 |1103 |  22 | 13 |  33 |   0 | 8.333331e-01 | 8.367595e-01 |   0.41%| unknown
  0.9s|     1 |     0 |   647 |     - |    41M |   0 |1130 | 677 |1104 |  23 | 14 |  33 |   0 | 8.334961e-01 | 8.367595e-01 |   0.39%| unknown
  0.9s|     1 |     0 |   650 |     - |    42M |   0 |1130 | 623 |1104 |  26 | 15 |  33 |   0 | 8.334969e-01 | 8.367595e-01 |   0.39%| unknown
  0.9s|     1 |     0 |   653 |     - |    42M |   0 |1130 | 598 |1106 |  28 | 16 |  33 |   0 | 8.334971e-01 | 8.367595e-01 |   0.39%| unknown
  0.9s|     1 |     0 |   656 |     - |    42M |   0 |1130 | 546 |1107 |  29 | 17 |  34 |   0 | 8.334982e-01 | 8.367595e-01 |   0.39%| unknown
  0.9s|     1 |     0 |   661 |     - |    42M |   0 |1130 | 545 |1108 |  30 | 18 |  34 |   0 | 8.335011e-01 | 8.367595e-01 |   0.39%| unknown
  0.9s|     1 |     0 |   665 |     - |    42M |   0 |1130 | 452 |1110 |  32 | 19 |  35 |   0 | 8.335060e-01 | 8.367595e-01 |   0.39%| unknown
  0.9s|     1 |     0 |   666 |     - |    42M |   0 |1130 | 447 |1112 |  34 | 20 |  36 |   0 | 8.335065e-01 | 8.367595e-01 |   0.39%| unknown
 time | node  | left  |LP iter|LP it/n|mem/heur|mdpt |vars |cons |rows |cuts |sepa|confs|strbr|  dualbound   | primalbound  |  gap   | compl. 
  0.9s|     1 |     0 |   672 |     - |    42M |   0 |1130 | 449 |1107 |  36 | 21 |  42 |   0 | 8.335089e-01 | 8.367595e-01 |   0.39%| unknown
L 1.0s|     1 |     0 |   815 |     - |    rens|   0 |1130 | 463 |1107 |  36 | 22 |  56 |   0 | 8.335089e-01 | 8.365752e-01 |   0.37%| unknown
(run 1, node 1) restarting after 1022 global fixings of integer variables

(restart) converted 26 cuts from the global cut pool into linear constraints

presolving:
(round 1, fast)       1025 del vars, 210 del conss, 0 add conss, 3 chg bounds, 0 chg sides, 6 chg coeffs, 0 upgd conss, 0 impls, 205 clqs, 0 implints
(round 2, fast)       1025 del vars, 211 del conss, 0 add conss, 3 chg bounds, 0 chg sides, 6 chg coeffs, 0 upgd conss, 0 impls, 205 clqs, 0 implints
(round 3, medium)     1028 del vars, 211 del conss, 0 add conss, 3 chg bounds, 0 chg sides, 6 chg coeffs, 0 upgd conss, 0 impls, 199 clqs, 0 implints
(round 4, fast)       1028 del vars, 217 del conss, 0 add conss, 3 chg bounds, 0 chg sides, 6 chg coeffs, 0 upgd conss, 0 impls, 199 clqs, 0 implints
(round 5, exhaustive) 1028 del vars, 217 del conss, 0 add conss, 3 chg bounds, 0 chg sides, 6 chg coeffs, 19 upgd conss, 0 impls, 199 clqs, 0 implints
(round 6, exhaustive) 1028 del vars, 217 del conss, 0 add conss, 3 chg bounds, 0 chg sides, 10 chg coeffs, 19 upgd conss, 0 impls, 199 clqs, 0 implints
presolving (7 rounds: 7 fast, 4 medium, 3 exhaustive):
 1028 deleted vars, 217 deleted constraints, 0 added constraints, 3 tightened bounds, 0 added holes, 0 changed sides, 10 changed coefficients
 0 implications, 199 cliques, 0 implied integral variables (0 bin, 0 int, 0 cont)
presolved problem has 102 variables (101 bin, 0 int, 1 cont) and 272 constraints
      2 constraints of type <knapsack>
     40 constraints of type <setppc>
     42 constraints of type <linear>
    188 constraints of type <logicor>
Presolving Time: 0.25
transformed 3/7 original solutions to the transformed problem space

 time | node  | left  |LP iter|LP it/n|mem/heur|mdpt |vars |cons |rows |cuts |sepa|confs|strbr|  dualbound   | primalbound  |  gap   | compl. 
  1.0s|     1 |     0 |   940 |     - |    42M |   0 | 102 | 272 | 241 |   0 |  0 |  56 |   0 | 8.335116e-01 | 8.365752e-01 |   0.37%| unknown
  1.0s|     1 |     0 |   940 |     - |    42M |   0 | 102 | 272 | 237 |   0 |  0 |  56 |   0 | 8.335116e-01 | 8.365752e-01 |   0.37%| unknown
  1.0s|     1 |     0 |   942 |     - |    42M |   0 | 102 | 270 | 238 |   1 |  1 |  56 |   0 | 8.335118e-01 | 8.365752e-01 |   0.37%| unknown
  1.0s|     1 |     0 |   950 |     - |    42M |   0 | 102 | 270 | 240 |   3 |  2 |  56 |   0 | 8.335129e-01 | 8.365752e-01 |   0.37%| unknown
  1.0s|     1 |     0 |   958 |     - |    42M |   0 | 102 | 271 | 242 |   5 |  3 |  57 |   0 | 8.335183e-01 | 8.365752e-01 |   0.37%| unknown
  1.0s|     1 |     0 |   986 |     - |    42M |   0 | 102 | 269 | 244 |   7 |  4 |  57 |   0 | 8.335269e-01 | 8.365752e-01 |   0.37%| unknown
  1.1s|     1 |     0 |   992 |     - |    43M |   0 | 102 | 270 | 246 |   9 |  5 |  58 |   0 | 8.335281e-01 | 8.365752e-01 |   0.37%| unknown
  1.1s|     1 |     0 |   993 |     - |    43M |   0 | 102 | 273 | 248 |  11 |  6 |  61 |   0 | 8.335281e-01 | 8.365752e-01 |   0.37%| unknown
  1.1s|     1 |     0 |  1005 |     - |    43M |   0 | 102 | 275 | 249 |  12 |  7 |  63 |   0 | 8.335313e-01 | 8.365752e-01 |   0.37%| unknown
  1.1s|     1 |     0 |  1020 |     - |    43M |   0 | 102 | 278 | 251 |  14 |  8 |  66 |   0 | 8.335366e-01 | 8.365752e-01 |   0.36%| unknown
  1.1s|     1 |     0 |  1041 |     - |    43M |   0 | 102 | 282 | 252 |  15 |  9 |  70 |   0 | 8.335480e-01 | 8.365752e-01 |   0.36%| unknown
  1.1s|     1 |     0 |  1051 |     - |    43M |   0 | 102 | 282 | 253 |  16 | 10 |  70 |   0 | 8.335521e-01 | 8.365752e-01 |   0.36%| unknown
  1.1s|     1 |     0 |  1075 |     - |    43M |   0 | 102 | 282 | 255 |  18 | 11 |  70 |   0 | 8.335679e-01 | 8.365752e-01 |   0.36%| unknown
  1.2s|     1 |     0 |  1246 |     - |    43M |   0 | 102 | 285 | 255 |  18 | 11 |  73 |   7 | 8.336423e-01 | 8.365752e-01 |   0.35%| unknown
  1.2s|     1 |     0 |  1269 |     - |    43M |   0 | 102 | 286 | 256 |  19 | 12 |  74 |   7 | 8.336423e-01 | 8.365752e-01 |   0.35%| unknown
 time | node  | left  |LP iter|LP it/n|mem/heur|mdpt |vars |cons |rows |cuts |sepa|confs|strbr|  dualbound   | primalbound  |  gap   | compl. 
  1.2s|     1 |     0 |  1270 |     - |    43M |   0 | 102 | 289 | 257 |  20 | 13 |  77 |   7 | 8.336423e-01 | 8.365752e-01 |   0.35%| unknown
  1.2s|     1 |     0 |  1273 |     - |    43M |   0 | 102 | 285 | 257 |  20 | 13 |  79 |  15 | 8.337033e-01 | 8.365752e-01 |   0.34%| unknown
  1.2s|     1 |     0 |  1275 |     - |    44M |   0 | 102 | 270 | 260 |  23 | 14 |  79 |  15 | 8.337033e-01 | 8.365752e-01 |   0.34%| unknown
  1.2s|     1 |     0 |  1277 |     - |    44M |   0 | 102 | 273 | 261 |  24 | 15 |  82 |  15 | 8.337033e-01 | 8.365752e-01 |   0.34%| unknown
  1.2s|     1 |     2 |  1277 |     - |    44M |   0 | 102 | 272 | 261 |  24 | 15 |  82 |  31 | 8.337033e-01 | 8.365752e-01 |   0.34%| unknown
(run 2, node 1) restarting after 5 global fixings of integer variables

(restart) converted 23 cuts from the global cut pool into linear constraints

presolving:
(round 1, fast)       7 del vars, 15 del conss, 0 add conss, 1 chg bounds, 0 chg sides, 32 chg coeffs, 0 upgd conss, 0 impls, 212 clqs, 0 implints
(round 2, medium)     8 del vars, 16 del conss, 0 add conss, 1 chg bounds, 0 chg sides, 32 chg coeffs, 0 upgd conss, 0 impls, 194 clqs, 0 implints
(round 3, exhaustive) 8 del vars, 17 del conss, 0 add conss, 1 chg bounds, 0 chg sides, 32 chg coeffs, 0 upgd conss, 0 impls, 194 clqs, 0 implints
(round 4, exhaustive) 8 del vars, 18 del conss, 0 add conss, 1 chg bounds, 0 chg sides, 32 chg coeffs, 0 upgd conss, 0 impls, 194 clqs, 0 implints
(round 5, exhaustive) 8 del vars, 18 del conss, 0 add conss, 1 chg bounds, 0 chg sides, 32 chg coeffs, 4 upgd conss, 0 impls, 194 clqs, 0 implints
(round 6, fast)       8 del vars, 19 del conss, 0 add conss, 1 chg bounds, 0 chg sides, 32 chg coeffs, 4 upgd conss, 0 impls, 195 clqs, 0 implints
(round 7, exhaustive) 8 del vars, 19 del conss, 0 add conss, 1 chg bounds, 0 chg sides, 34 chg coeffs, 4 upgd conss, 0 impls, 195 clqs, 0 implints
(round 8, exhaustive) 8 del vars, 19 del conss, 0 add conss, 1 chg bounds, 0 chg sides, 37 chg coeffs, 4 upgd conss, 0 impls, 195 clqs, 0 implints
(round 9, exhaustive) 8 del vars, 22 del conss, 0 add conss, 1 chg bounds, 0 chg sides, 37 chg coeffs, 4 upgd conss, 0 impls, 195 clqs, 0 implints
presolving (10 rounds: 10 fast, 8 medium, 7 exhaustive):
 8 deleted vars, 22 deleted constraints, 0 added constraints, 1 tightened bounds, 0 added holes, 0 changed sides, 37 changed coefficients
 0 implications, 195 cliques, 0 implied integral variables (0 bin, 0 int, 0 cont)
presolved problem has 94 variables (93 bin, 0 int, 1 cont) and 273 constraints
      3 constraints of type <knapsack>
     39 constraints of type <setppc>
     59 constraints of type <linear>
    171 constraints of type <logicor>
      1 constraints of type <bounddisjunction>
Presolving Time: 0.26
transformed 4/8 original solutions to the transformed problem space

 time | node  | left  |LP iter|LP it/n|mem/heur|mdpt |vars |cons |rows |cuts |sepa|confs|strbr|  dualbound   | primalbound  |  gap   | compl. 
  1.2s|     1 |     0 |  1420 |     - |    44M |   0 |  94 | 273 | 229 |   0 |  0 |  82 |  31 | 8.337033e-01 | 8.365752e-01 |   0.34%| unknown
  1.2s|     1 |     0 |  1449 |     - |    44M |   0 |  94 | 274 | 232 |   3 |  1 |  83 |  31 | 8.337033e-01 | 8.365752e-01 |   0.34%| unknown
  1.2s|     1 |     0 |  1457 |     - |    44M |   0 |  94 | 277 | 235 |   6 |  2 |  86 |  31 | 8.337033e-01 | 8.365752e-01 |   0.34%| unknown
  1.2s|     1 |     0 |  1470 |     - |    44M |   0 |  94 | 277 | 237 |   8 |  3 |  86 |  31 | 8.337033e-01 | 8.365752e-01 |   0.34%| unknown
  1.3s|     1 |     0 |  1481 |     - |    44M |   0 |  94 | 278 | 239 |  10 |  4 |  87 |  31 | 8.337033e-01 | 8.365752e-01 |   0.34%| unknown
  1.3s|     1 |     0 |  1484 |     - |    44M |   0 |  94 | 279 | 240 |  11 |  5 |  88 |  31 | 8.337033e-01 | 8.365752e-01 |   0.34%| unknown
  1.3s|     1 |     0 |  1493 |     - |    44M |   0 |  94 | 279 | 241 |  12 |  6 |  88 |  31 | 8.337033e-01 | 8.365752e-01 |   0.34%| unknown
  1.3s|     1 |     0 |  1505 |     - |    44M |   0 |  94 | 282 | 242 |  13 |  7 |  91 |  31 | 8.337033e-01 | 8.365752e-01 |   0.34%| unknown
  1.3s|     1 |     0 |  1513 |     - |    44M |   0 |  94 | 282 | 245 |  16 |  8 |  91 |  31 | 8.337033e-01 | 8.365752e-01 |   0.34%| unknown
  1.3s|     1 |     0 |  1521 |     - |    45M |   0 |  94 | 282 | 247 |  18 |  9 |  91 |  31 | 8.337033e-01 | 8.365752e-01 |   0.34%| unknown
  1.4s|     1 |     0 |  1530 |     - |    45M |   0 |  94 | 283 | 248 |  19 | 10 |  92 |  31 | 8.337033e-01 | 8.365752e-01 |   0.34%| unknown
  1.4s|     1 |     0 |  1549 |     - |    45M |   0 |  94 | 285 | 251 |  22 | 11 |  94 |  31 | 8.337033e-01 | 8.365752e-01 |   0.34%| unknown
  1.4s|     1 |     0 |  1744 |     - |    45M |   0 |  94 | 295 | 251 |  22 | 11 | 108 |  39 | 8.337783e-01 | 8.365752e-01 |   0.34%| unknown
  1.4s|     1 |     0 |  1745 |     - |    45M |   0 |  94 | 295 | 215 |  23 | 12 | 109 |  39 | 8.337783e-01 | 8.365752e-01 |   0.34%| unknown
  1.4s|     1 |     0 |  1758 |     - |    45M |   0 |  94 | 295 | 216 |  24 | 13 | 109 |  39 | 8.337783e-01 | 8.365752e-01 |   0.34%| unknown
 time | node  | left  |LP iter|LP it/n|mem/heur|mdpt |vars |cons |rows |cuts |sepa|confs|strbr|  dualbound   | primalbound  |  gap   | compl. 
  1.4s|     1 |     0 |  1771 |     - |    45M |   0 |  94 | 299 | 216 |  24 | 13 | 116 |  57 | 8.338187e-01 | 8.365752e-01 |   0.33%| unknown
  1.4s|     1 |     0 |  1776 |     - |    45M |   0 |  94 | 298 | 218 |  26 | 14 | 116 |  57 | 8.338187e-01 | 8.365752e-01 |   0.33%| unknown
  1.4s|     1 |     0 |  1787 |     - |    45M |   0 |  94 | 300 | 220 |  28 | 15 | 118 |  57 | 8.338187e-01 | 8.365752e-01 |   0.33%| unknown
  1.4s|     1 |     0 |  1787 |     - |    45M |   0 |  94 | 306 | 220 |  28 | 15 | 124 |  67 | 8.338187e-01 | 8.365752e-01 |   0.33%| unknown
(run 3, node 1) restarting after 5 global fixings of integer variables

(restart) converted 24 cuts from the global cut pool into linear constraints

presolving:
(round 1, fast)       5 del vars, 24 del conss, 0 add conss, 0 chg bounds, 0 chg sides, 44 chg coeffs, 0 upgd conss, 0 impls, 199 clqs, 0 implints
(round 2, medium)     7 del vars, 27 del conss, 1 add conss, 0 chg bounds, 0 chg sides, 47 chg coeffs, 0 upgd conss, 0 impls, 178 clqs, 0 implints
(round 3, exhaustive) 7 del vars, 27 del conss, 1 add conss, 0 chg bounds, 0 chg sides, 47 chg coeffs, 7 upgd conss, 0 impls, 180 clqs, 0 implints
(round 4, fast)       7 del vars, 29 del conss, 1 add conss, 0 chg bounds, 0 chg sides, 47 chg coeffs, 7 upgd conss, 0 impls, 181 clqs, 0 implints
(round 5, exhaustive) 7 del vars, 29 del conss, 1 add conss, 0 chg bounds, 0 chg sides, 49 chg coeffs, 7 upgd conss, 0 impls, 181 clqs, 0 implints
(round 6, exhaustive) 7 del vars, 29 del conss, 1 add conss, 0 chg bounds, 0 chg sides, 50 chg coeffs, 7 upgd conss, 0 impls, 181 clqs, 0 implints
(round 7, exhaustive) 7 del vars, 29 del conss, 1 add conss, 0 chg bounds, 0 chg sides, 51 chg coeffs, 7 upgd conss, 0 impls, 181 clqs, 0 implints
(round 8, exhaustive) 7 del vars, 30 del conss, 1 add conss, 0 chg bounds, 0 chg sides, 51 chg coeffs, 7 upgd conss, 0 impls, 181 clqs, 0 implints
(round 9, exhaustive) 7 del vars, 35 del conss, 1 add conss, 0 chg bounds, 0 chg sides, 55 chg coeffs, 7 upgd conss, 0 impls, 181 clqs, 0 implints
(round 10, exhaustive) 7 del vars, 35 del conss, 1 add conss, 0 chg bounds, 0 chg sides, 59 chg coeffs, 7 upgd conss, 0 impls, 181 clqs, 0 implints
(round 11, exhaustive) 7 del vars, 36 del conss, 1 add conss, 0 chg bounds, 0 chg sides, 59 chg coeffs, 7 upgd conss, 0 impls, 181 clqs, 0 implints
(round 12, exhaustive) 8 del vars, 36 del conss, 1 add conss, 0 chg bounds, 0 chg sides, 59 chg coeffs, 7 upgd conss, 0 impls, 178 clqs, 0 implints
(round 13, fast)       8 del vars, 36 del conss, 1 add conss, 0 chg bounds, 0 chg sides, 61 chg coeffs, 7 upgd conss, 0 impls, 179 clqs, 0 implints
(round 14, exhaustive) 8 del vars, 36 del conss, 1 add conss, 0 chg bounds, 0 chg sides, 61 chg coeffs, 8 upgd conss, 0 impls, 179 clqs, 0 implints
(round 15, medium)     9 del vars, 40 del conss, 4 add conss, 0 chg bounds, 0 chg sides, 61 chg coeffs, 8 upgd conss, 0 impls, 176 clqs, 0 implints
(round 16, exhaustive) 9 del vars, 40 del conss, 4 add conss, 0 chg bounds, 0 chg sides, 61 chg coeffs, 11 upgd conss, 0 impls, 176 clqs, 0 implints
(round 17, exhaustive) 9 del vars, 40 del conss, 4 add conss, 0 chg bounds, 0 chg sides, 64 chg coeffs, 11 upgd conss, 0 impls, 176 clqs, 0 implints
presolving (18 rounds: 18 fast, 15 medium, 13 exhaustive):
 9 deleted vars, 40 deleted constraints, 4 added constraints, 0 tightened bounds, 0 added holes, 0 changed sides, 64 changed coefficients
 0 implications, 176 cliques, 0 implied integral variables (0 bin, 0 int, 0 cont)
presolved problem has 85 variables (84 bin, 0 int, 1 cont) and 294 constraints
      9 constraints of type <knapsack>
     35 constraints of type <setppc>
     76 constraints of type <linear>
    173 constraints of type <logicor>
      1 constraints of type <bounddisjunction>
Presolving Time: 0.27
transformed 6/10 original solutions to the transformed problem space

 time | node  | left  |LP iter|LP it/n|mem/heur|mdpt |vars |cons |rows |cuts |sepa|confs|strbr|  dualbound   | primalbound  |  gap   | compl. 
  1.5s|     1 |     0 |  1891 |     - |    44M |   0 |  85 | 294 | 219 |   0 |  0 | 124 |  67 | 8.338187e-01 | 8.365752e-01 |   0.33%| unknown
  1.5s|     1 |     0 |  1894 |     - |    44M |   0 |  85 | 294 | 221 |   2 |  1 | 124 |  67 | 8.338187e-01 | 8.365752e-01 |   0.33%| unknown
  1.5s|     1 |     0 |  1925 |     - |    45M |   0 |  85 | 298 | 222 |   3 |  2 | 128 |  67 | 8.338187e-01 | 8.365752e-01 |   0.33%| unknown
  1.5s|     1 |     0 |  1931 |     - |    45M |   0 |  85 | 302 | 224 |   5 |  3 | 132 |  67 | 8.338187e-01 | 8.365752e-01 |   0.33%| unknown
  1.5s|     1 |     0 |  1939 |     - |    45M |   0 |  85 | 304 | 226 |   7 |  4 | 134 |  67 | 8.338187e-01 | 8.365752e-01 |   0.33%| unknown
  1.5s|     1 |     0 |  1949 |     - |    45M |   0 |  85 | 306 | 228 |   9 |  5 | 136 |  67 | 8.338187e-01 | 8.365752e-01 |   0.33%| unknown
  1.5s|     1 |     0 |  1952 |     - |    45M |   0 |  85 | 306 | 230 |  11 |  6 | 136 |  67 | 8.338187e-01 | 8.365752e-01 |   0.33%| unknown
  1.6s|     1 |     0 |  1959 |     - |    45M |   0 |  85 | 311 | 232 |  13 |  7 | 141 |  67 | 8.338187e-01 | 8.365752e-01 |   0.33%| unknown
  1.6s|     1 |     0 |  1977 |     - |    45M |   0 |  85 | 312 | 233 |  14 |  8 | 142 |  67 | 8.338373e-01 | 8.365752e-01 |   0.33%| unknown
  1.6s|     1 |     0 |  2009 |     - |    45M |   0 |  85 | 314 | 234 |  15 |  9 | 144 |  67 | 8.339623e-01 | 8.365752e-01 |   0.31%| unknown
  1.6s|     1 |     0 |  2009 |     - |    45M |   0 |  85 | 316 | 232 |  15 |  9 | 146 |  67 | 8.339623e-01 | 8.365752e-01 |   0.31%| unknown
  1.6s|     1 |     0 |  2024 |     - |    45M |   0 |  85 | 316 | 233 |  16 | 10 | 146 |  67 | 8.340861e-01 | 8.365752e-01 |   0.30%| unknown
  1.6s|     1 |     0 |  2024 |     - |    45M |   0 |  85 | 316 | 232 |  16 | 10 | 146 |  67 | 8.340861e-01 | 8.365752e-01 |   0.30%| unknown
  1.6s|     1 |     0 |  2027 |     - |    45M |   0 |  85 | 314 | 233 |  17 | 11 | 146 |  67 | 8.341118e-01 | 8.365752e-01 |   0.30%| unknown
  1.6s|     1 |     0 |  2036 |     - |    45M |   0 |  85 | 316 | 235 |  19 | 12 | 148 |  67 | 8.341152e-01 | 8.365752e-01 |   0.29%| unknown
 time | node  | left  |LP iter|LP it/n|mem/heur|mdpt |vars |cons |rows |cuts |sepa|confs|strbr|  dualbound   | primalbound  |  gap   | compl. 
  1.6s|     1 |     0 |  2038 |     - |    45M |   0 |  85 | 316 | 179 |  20 | 13 | 149 |  67 | 8.341210e-01 | 8.365752e-01 |   0.29%| unknown
  1.6s|     1 |     0 |  2049 |     - |    45M |   0 |  85 | 317 | 180 |  21 | 14 | 150 |  67 | 8.341733e-01 | 8.365752e-01 |   0.29%| unknown
  1.6s|     1 |     0 |  2049 |     - |    45M |   0 |  85 | 317 | 178 |  21 | 14 | 150 |  67 | 8.341733e-01 | 8.365752e-01 |   0.29%| unknown
  1.7s|     1 |     0 |  2055 |     - |    45M |   0 |  85 | 316 | 179 |  22 | 15 | 150 |  67 | 8.341783e-01 | 8.365752e-01 |   0.29%| unknown
  1.7s|     1 |     0 |  2058 |     - |    45M |   0 |  85 | 316 | 180 |  23 | 16 | 151 |  67 | 8.341871e-01 | 8.365752e-01 |   0.29%| unknown
  1.7s|     1 |     0 |  2061 |     - |    45M |   0 |  85 | 316 | 181 |  24 | 17 | 151 |  67 | 8.341872e-01 | 8.365752e-01 |   0.29%| unknown
  1.7s|     1 |     0 |  2063 |     - |    45M |   0 |  85 | 319 | 182 |  25 | 18 | 155 |  67 | 8.341879e-01 | 8.365752e-01 |   0.29%| unknown
  1.7s|     1 |     2 |  2141 |     - |    45M |   0 |  85 | 328 | 182 |  25 | 19 | 166 |  78 | 8.347214e-01 | 8.365752e-01 |   0.22%| unknown
(run 4, node 1) restarting after 4 global fixings of integer variables

(restart) converted 22 cuts from the global cut pool into linear constraints

presolving:
(round 1, fast)       7 del vars, 37 del conss, 0 add conss, 0 chg bounds, 0 chg sides, 29 chg coeffs, 0 upgd conss, 0 impls, 172 clqs, 0 implints
(round 2, medium)     8 del vars, 39 del conss, 2 add conss, 0 chg bounds, 2 chg sides, 38 chg coeffs, 0 upgd conss, 0 impls, 133 clqs, 0 implints
(round 3, fast)       8 del vars, 40 del conss, 2 add conss, 0 chg bounds, 2 chg sides, 38 chg coeffs, 0 upgd conss, 0 impls, 133 clqs, 0 implints
(round 4, exhaustive) 8 del vars, 41 del conss, 2 add conss, 0 chg bounds, 2 chg sides, 38 chg coeffs, 0 upgd conss, 0 impls, 133 clqs, 0 implints
(round 5, exhaustive) 8 del vars, 41 del conss, 2 add conss, 0 chg bounds, 2 chg sides, 41 chg coeffs, 0 upgd conss, 0 impls, 133 clqs, 0 implints
(round 6, exhaustive) 8 del vars, 41 del conss, 2 add conss, 0 chg bounds, 2 chg sides, 42 chg coeffs, 0 upgd conss, 0 impls, 133 clqs, 0 implints
(round 7, exhaustive) 8 del vars, 42 del conss, 2 add conss, 0 chg bounds, 2 chg sides, 42 chg coeffs, 0 upgd conss, 0 impls, 133 clqs, 0 implints
(round 8, exhaustive) 8 del vars, 42 del conss, 2 add conss, 0 chg bounds, 2 chg sides, 42 chg coeffs, 3 upgd conss, 0 impls, 133 clqs, 0 implints
(round 9, exhaustive) 8 del vars, 46 del conss, 2 add conss, 0 chg bounds, 2 chg sides, 44 chg coeffs, 3 upgd conss, 0 impls, 134 clqs, 0 implints
(round 10, exhaustive) 8 del vars, 47 del conss, 2 add conss, 0 chg bounds, 2 chg sides, 44 chg coeffs, 3 upgd conss, 0 impls, 135 clqs, 0 implints
(round 11, exhaustive) 8 del vars, 47 del conss, 2 add conss, 0 chg bounds, 2 chg sides, 52 chg coeffs, 3 upgd conss, 0 impls, 135 clqs, 0 implints
(round 12, exhaustive) 10 del vars, 47 del conss, 2 add conss, 0 chg bounds, 2 chg sides, 52 chg coeffs, 3 upgd conss, 0 impls, 132 clqs, 0 implints
(round 13, fast)       10 del vars, 47 del conss, 2 add conss, 0 chg bounds, 2 chg sides, 53 chg coeffs, 3 upgd conss, 0 impls, 134 clqs, 0 implints
(round 14, exhaustive) 10 del vars, 47 del conss, 2 add conss, 0 chg bounds, 2 chg sides, 53 chg coeffs, 5 upgd conss, 0 impls, 134 clqs, 0 implints
(round 15, medium)     11 del vars, 48 del conss, 2 add conss, 0 chg bounds, 2 chg sides, 53 chg coeffs, 5 upgd conss, 0 impls, 131 clqs, 0 implints
(round 16, medium)     12 del vars, 50 del conss, 3 add conss, 0 chg bounds, 2 chg sides, 56 chg coeffs, 5 upgd conss, 0 impls, 128 clqs, 0 implints
(round 17, exhaustive) 12 del vars, 50 del conss, 3 add conss, 0 chg bounds, 2 chg sides, 56 chg coeffs, 6 upgd conss, 0 impls, 129 clqs, 0 implints
(round 18, exhaustive) 14 del vars, 50 del conss, 3 add conss, 0 chg bounds, 2 chg sides, 56 chg coeffs, 6 upgd conss, 0 impls, 125 clqs, 0 implints
(round 19, fast)       15 del vars, 52 del conss, 3 add conss, 0 chg bounds, 2 chg sides, 59 chg coeffs, 6 upgd conss, 0 impls, 122 clqs, 0 implints
(round 20, exhaustive) 15 del vars, 52 del conss, 3 add conss, 0 chg bounds, 2 chg sides, 62 chg coeffs, 6 upgd conss, 0 impls, 122 clqs, 0 implints
(round 21, exhaustive) 15 del vars, 53 del conss, 3 add conss, 0 chg bounds, 2 chg sides, 62 chg coeffs, 6 upgd conss, 0 impls, 122 clqs, 0 implints
presolving (22 rounds: 22 fast, 18 medium, 15 exhaustive):
 15 deleted vars, 53 deleted constraints, 3 added constraints, 0 tightened bounds, 0 added holes, 2 changed sides, 62 changed coefficients
 0 implications, 122 cliques, 0 implied integral variables (0 bin, 0 int, 0 cont)
presolved problem has 70 variables (69 bin, 0 int, 1 cont) and 300 constraints
      9 constraints of type <knapsack>
     36 constraints of type <setppc>
     92 constraints of type <linear>
    162 constraints of type <logicor>
      1 constraints of type <bounddisjunction>
Presolving Time: 0.28
transformed 8/12 original solutions to the transformed problem space

 time | node  | left  |LP iter|LP it/n|mem/heur|mdpt |vars |cons |rows |cuts |sepa|confs|strbr|  dualbound   | primalbound  |  gap   | compl. 
  1.7s|     1 |     0 |  2224 |     - |    45M |   0 |  70 | 300 | 212 |   0 |  0 | 166 |  78 | 8.347214e-01 | 8.365752e-01 |   0.22%| unknown
  1.7s|     1 |     0 |  2255 |     - |    45M |   0 |  70 | 303 | 214 |   2 |  1 | 169 |  78 | 8.347214e-01 | 8.365752e-01 |   0.22%| unknown
  1.7s|     1 |     0 |  2255 |     - |    45M |   0 |  70 | 303 | 211 |   2 |  1 | 169 |  78 | 8.347214e-01 | 8.365752e-01 |   0.22%| unknown
  1.7s|     1 |     0 |  2259 |     - |    45M |   0 |  70 | 303 | 212 |   3 |  2 | 169 |  78 | 8.347214e-01 | 8.365752e-01 |   0.22%| unknown
  1.8s|     1 |     0 |  2267 |     - |    45M |   0 |  70 | 301 | 213 |   4 |  3 | 169 |  78 | 8.347214e-01 | 8.365752e-01 |   0.22%| unknown
  1.8s|     1 |     0 |  2267 |     - |    45M |   0 |  70 | 301 | 213 |   4 |  3 | 169 |  78 | 8.347214e-01 | 8.365752e-01 |   0.22%| unknown
  1.8s|     1 |     0 |  2272 |     - |    45M |   0 |  70 | 300 | 214 |   5 |  4 | 169 |  78 | 8.347214e-01 | 8.365752e-01 |   0.22%| unknown
  1.8s|     1 |     0 |  2288 |     - |    45M |   0 |  70 | 300 | 216 |   7 |  5 | 169 |  78 | 8.347214e-01 | 8.365752e-01 |   0.22%| unknown
  1.8s|     1 |     0 |  2288 |     - |    45M |   0 |  70 | 301 | 210 |   7 |  5 | 170 |  78 | 8.347214e-01 | 8.365752e-01 |   0.22%| unknown
  1.8s|     1 |     0 |  2302 |     - |    45M |   0 |  70 | 298 | 212 |   9 |  6 | 170 |  78 | 8.347214e-01 | 8.365752e-01 |   0.22%| unknown
  1.8s|     1 |     0 |  2307 |     - |    45M |   0 |  70 | 302 | 213 |  10 |  7 | 175 |  78 | 8.347214e-01 | 8.365752e-01 |   0.22%| unknown
  1.8s|     1 |     0 |  2314 |     - |    46M |   0 |  70 | 300 | 215 |  12 |  8 | 175 |  78 | 8.347214e-01 | 8.365752e-01 |   0.22%| unknown
  1.9s|     1 |     0 |  2333 |     - |    46M |   0 |  70 | 301 | 217 |  14 |  9 | 176 |  78 | 8.347214e-01 | 8.365752e-01 |   0.22%| unknown
  1.9s|     1 |     0 |  2356 |     - |    46M |   0 |  70 | 302 | 220 |  17 | 10 | 177 |  78 | 8.347464e-01 | 8.365752e-01 |   0.22%| unknown
  1.9s|     1 |     0 |  2368 |     - |    46M |   0 |  70 | 304 | 224 |  21 | 11 | 179 |  78 | 8.347569e-01 | 8.365752e-01 |   0.22%| unknown
(run 5, node 1) restarting after 7 global fixings of integer variables

(restart) converted 19 cuts from the global cut pool into linear constraints

presolving:
(round 1, fast)       13 del vars, 6 del conss, 0 add conss, 0 chg bounds, 0 chg sides, 35 chg coeffs, 0 upgd conss, 0 impls, 104 clqs, 0 implints
(round 2, exhaustive) 13 del vars, 7 del conss, 0 add conss, 0 chg bounds, 0 chg sides, 35 chg coeffs, 0 upgd conss, 0 impls, 104 clqs, 0 implints
(round 3, exhaustive) 13 del vars, 7 del conss, 0 add conss, 0 chg bounds, 0 chg sides, 38 chg coeffs, 0 upgd conss, 0 impls, 104 clqs, 0 implints
(round 4, exhaustive) 13 del vars, 7 del conss, 0 add conss, 0 chg bounds, 0 chg sides, 40 chg coeffs, 0 upgd conss, 0 impls, 104 clqs, 0 implints
(round 5, exhaustive) 13 del vars, 7 del conss, 0 add conss, 0 chg bounds, 0 chg sides, 41 chg coeffs, 0 upgd conss, 0 impls, 104 clqs, 0 implints
(round 6, exhaustive) 13 del vars, 8 del conss, 0 add conss, 0 chg bounds, 0 chg sides, 41 chg coeffs, 0 upgd conss, 0 impls, 104 clqs, 0 implints
(round 7, exhaustive) 13 del vars, 8 del conss, 0 add conss, 0 chg bounds, 0 chg sides, 41 chg coeffs, 5 upgd conss, 0 impls, 104 clqs, 0 implints
(round 8, fast)       13 del vars, 9 del conss, 0 add conss, 0 chg bounds, 0 chg sides, 41 chg coeffs, 5 upgd conss, 0 impls, 104 clqs, 0 implints
(round 9, exhaustive) 13 del vars, 9 del conss, 0 add conss, 0 chg bounds, 0 chg sides, 42 chg coeffs, 5 upgd conss, 0 impls, 104 clqs, 0 implints
(round 10, exhaustive) 13 del vars, 13 del conss, 0 add conss, 0 chg bounds, 0 chg sides, 45 chg coeffs, 5 upgd conss, 0 impls, 104 clqs, 0 implints
(round 11, exhaustive) 13 del vars, 13 del conss, 0 add conss, 0 chg bounds, 0 chg sides, 51 chg coeffs, 5 upgd conss, 0 impls, 105 clqs, 0 implints
(round 12, exhaustive) 13 del vars, 14 del conss, 0 add conss, 0 chg bounds, 0 chg sides, 51 chg coeffs, 5 upgd conss, 0 impls, 106 clqs, 0 implints
presolving (13 rounds: 13 fast, 11 medium, 11 exhaustive):
 13 deleted vars, 14 deleted constraints, 0 added constraints, 0 tightened bounds, 0 added holes, 0 changed sides, 51 changed coefficients
 0 implications, 106 cliques, 0 implied integral variables (0 bin, 0 int, 0 cont)
presolved problem has 57 variables (56 bin, 0 int, 1 cont) and 317 constraints
     11 constraints of type <knapsack>
     35 constraints of type <setppc>
    105 constraints of type <linear>
    162 constraints of type <logicor>
      4 constraints of type <bounddisjunction>
Presolving Time: 0.28
transformed 8/13 original solutions to the transformed problem space

 time | node  | left  |LP iter|LP it/n|mem/heur|mdpt |vars |cons |rows |cuts |sepa|confs|strbr|  dualbound   | primalbound  |  gap   | compl. 
  1.9s|     1 |     0 |  2565 |     - |    46M |   0 |  57 | 317 | 215 |   0 |  0 | 187 |  78 | 8.347669e-01 | 8.365752e-01 |   0.22%| unknown
  1.9s|     1 |     0 |  2575 |     - |    46M |   0 |  57 | 317 | 216 |   1 |  1 | 187 |  78 | 8.347770e-01 | 8.365752e-01 |   0.22%| unknown
  1.9s|     1 |     0 |  2583 |     - |    46M |   0 |  57 | 317 | 218 |   3 |  2 | 187 |  78 | 8.347835e-01 | 8.365752e-01 |   0.21%| unknown
  2.0s|     1 |     0 |  2604 |     - |    46M |   0 |  57 | 318 | 219 |   4 |  3 | 188 |  78 | 8.348032e-01 | 8.365752e-01 |   0.21%| unknown
  2.0s|     1 |     0 |  2626 |     - |    46M |   0 |  57 | 318 | 221 |   6 |  4 | 188 |  78 | 8.348489e-01 | 8.365752e-01 |   0.21%| unknown
  2.0s|     1 |     0 |  2644 |     - |    46M |   0 |  57 | 319 | 222 |   7 |  5 | 189 |  78 | 8.348711e-01 | 8.365752e-01 |   0.20%| unknown
  2.0s|     1 |     0 |  2649 |     - |    46M |   0 |  57 | 319 | 223 |   8 |  6 | 189 |  78 | 8.348859e-01 | 8.365752e-01 |   0.20%| unknown
  2.0s|     1 |     0 |  2660 |     - |    46M |   0 |  57 | 319 | 224 |   9 |  7 | 189 |  78 | 8.349114e-01 | 8.365752e-01 |   0.20%| unknown
  2.0s|     1 |     0 |  2674 |     - |    46M |   0 |  57 | 321 | 226 |  11 |  8 | 191 |  78 | 8.349262e-01 | 8.365752e-01 |   0.20%| unknown
  2.1s|     1 |     0 |  2687 |     - |    46M |   0 |  57 | 321 | 227 |  12 |  9 | 191 |  78 | 8.349448e-01 | 8.365752e-01 |   0.20%| unknown
  2.1s|     1 |     0 |  2706 |     - |    47M |   0 |  57 | 321 | 229 |  14 | 10 | 191 |  78 | 8.349568e-01 | 8.365752e-01 |   0.19%| unknown
  2.1s|     1 |     0 |  2712 |     - |    47M |   0 |  57 | 322 | 144 |  15 | 11 | 192 |  78 | 8.349623e-01 | 8.365752e-01 |   0.19%| unknown
  2.1s|     1 |     0 |  2712 |     - |    47M |   0 |  57 | 323 | 144 |  15 | 11 | 193 |  78 | 8.349623e-01 | 8.365752e-01 |   0.19%| unknown
  2.1s|     1 |     0 |  2768 |     - |    47M |   0 |  57 | 325 | 144 |  15 | 11 | 196 |  79 | 8.362122e-01 | 8.365752e-01 |   0.04%| unknown
(run 6, node 1) restarting after 8 global fixings of integer variables

(restart) converted 15 cuts from the global cut pool into linear constraints

presolving:
(round 1, fast)       10 del vars, 63 del conss, 0 add conss, 0 chg bounds, 0 chg sides, 44 chg coeffs, 0 upgd conss, 0 impls, 97 clqs, 0 implints
(round 2, medium)     11 del vars, 63 del conss, 0 add conss, 0 chg bounds, 0 chg sides, 44 chg coeffs, 0 upgd conss, 0 impls, 86 clqs, 0 implints
(round 3, fast)       11 del vars, 78 del conss, 0 add conss, 1 chg bounds, 0 chg sides, 57 chg coeffs, 0 upgd conss, 0 impls, 90 clqs, 0 implints
(round 4, exhaustive) 11 del vars, 79 del conss, 0 add conss, 1 chg bounds, 0 chg sides, 57 chg coeffs, 0 upgd conss, 0 impls, 90 clqs, 0 implints
(round 5, exhaustive) 11 del vars, 79 del conss, 0 add conss, 1 chg bounds, 0 chg sides, 60 chg coeffs, 0 upgd conss, 0 impls, 90 clqs, 0 implints
(round 6, exhaustive) 11 del vars, 79 del conss, 0 add conss, 1 chg bounds, 0 chg sides, 63 chg coeffs, 0 upgd conss, 0 impls, 90 clqs, 0 implints
(round 7, exhaustive) 11 del vars, 79 del conss, 0 add conss, 1 chg bounds, 0 chg sides, 66 chg coeffs, 0 upgd conss, 0 impls, 90 clqs, 0 implints
(round 8, exhaustive) 11 del vars, 79 del conss, 0 add conss, 1 chg bounds, 0 chg sides, 69 chg coeffs, 0 upgd conss, 0 impls, 90 clqs, 0 implints
(round 9, exhaustive) 11 del vars, 79 del conss, 0 add conss, 1 chg bounds, 0 chg sides, 71 chg coeffs, 0 upgd conss, 0 impls, 90 clqs, 0 implints
(round 10, exhaustive) 11 del vars, 80 del conss, 0 add conss, 1 chg bounds, 0 chg sides, 71 chg coeffs, 0 upgd conss, 0 impls, 90 clqs, 0 implints
(round 11, exhaustive) 11 del vars, 81 del conss, 0 add conss, 1 chg bounds, 1 chg sides, 71 chg coeffs, 0 upgd conss, 0 impls, 90 clqs, 0 implints
(round 12, exhaustive) 11 del vars, 81 del conss, 0 add conss, 1 chg bounds, 1 chg sides, 71 chg coeffs, 4 upgd conss, 0 impls, 90 clqs, 0 implints
(round 13, medium)     12 del vars, 83 del conss, 0 add conss, 1 chg bounds, 1 chg sides, 80 chg coeffs, 4 upgd conss, 0 impls, 88 clqs, 0 implints
(round 14, exhaustive) 12 del vars, 94 del conss, 0 add conss, 1 chg bounds, 1 chg sides, 85 chg coeffs, 4 upgd conss, 0 impls, 90 clqs, 0 implints
(round 15, fast)       14 del vars, 99 del conss, 0 add conss, 1 chg bounds, 1 chg sides, 85 chg coeffs, 4 upgd conss, 0 impls, 87 clqs, 0 implints
(round 16, fast)       15 del vars, 108 del conss, 0 add conss, 3 chg bounds, 12 chg sides, 105 chg coeffs, 4 upgd conss, 0 impls, 94 clqs, 0 implints
(round 17, fast)       15 del vars, 108 del conss, 0 add conss, 3 chg bounds, 27 chg sides, 122 chg coeffs, 4 upgd conss, 0 impls, 94 clqs, 0 implints
(round 18, exhaustive) 15 del vars, 111 del conss, 0 add conss, 3 chg bounds, 27 chg sides, 123 chg coeffs, 4 upgd conss, 0 impls, 94 clqs, 0 implints
(round 19, exhaustive) 15 del vars, 111 del conss, 0 add conss, 3 chg bounds, 27 chg sides, 125 chg coeffs, 4 upgd conss, 0 impls, 94 clqs, 0 implints
(round 20, exhaustive) 16 del vars, 111 del conss, 0 add conss, 3 chg bounds, 27 chg sides, 125 chg coeffs, 4 upgd conss, 0 impls, 81 clqs, 0 implints
(round 21, fast)       16 del vars, 111 del conss, 0 add conss, 3 chg bounds, 27 chg sides, 130 chg coeffs, 4 upgd conss, 0 impls, 86 clqs, 0 implints
(round 22, exhaustive) 16 del vars, 111 del conss, 0 add conss, 3 chg bounds, 27 chg sides, 130 chg coeffs, 5 upgd conss, 0 impls, 86 clqs, 0 implints
(round 23, medium)     17 del vars, 118 del conss, 5 add conss, 3 chg bounds, 27 chg sides, 146 chg coeffs, 5 upgd conss, 0 impls, 82 clqs, 0 implints
(round 24, fast)       17 del vars, 118 del conss, 5 add conss, 3 chg bounds, 31 chg sides, 150 chg coeffs, 5 upgd conss, 0 impls, 83 clqs, 0 implints
(round 25, exhaustive) 17 del vars, 118 del conss, 5 add conss, 3 chg bounds, 31 chg sides, 150 chg coeffs, 10 upgd conss, 0 impls, 83 clqs, 0 implints
(round 26, medium)     17 del vars, 118 del conss, 7 add conss, 3 chg bounds, 33 chg sides, 156 chg coeffs, 10 upgd conss, 0 impls, 84 clqs, 0 implints
(round 27, fast)       17 del vars, 120 del conss, 8 add conss, 3 chg bounds, 33 chg sides, 156 chg coeffs, 10 upgd conss, 0 impls, 84 clqs, 0 implints
(round 28, exhaustive) 17 del vars, 120 del conss, 8 add conss, 3 chg bounds, 33 chg sides, 159 chg coeffs, 10 upgd conss, 0 impls, 84 clqs, 0 implints
(round 29, exhaustive) 17 del vars, 120 del conss, 8 add conss, 3 chg bounds, 33 chg sides, 160 chg coeffs, 10 upgd conss, 0 impls, 84 clqs, 0 implints
(round 30, exhaustive) 17 del vars, 121 del conss, 8 add conss, 3 chg bounds, 33 chg sides, 160 chg coeffs, 10 upgd conss, 0 impls, 84 clqs, 0 implints
(round 31, exhaustive) 17 del vars, 123 del conss, 8 add conss, 3 chg bounds, 33 chg sides, 160 chg coeffs, 10 upgd conss, 0 impls, 84 clqs, 0 implints
presolving (32 rounds: 32 fast, 24 medium, 20 exhaustive):
 17 deleted vars, 123 deleted constraints, 8 added constraints, 3 tightened bounds, 0 added holes, 33 changed sides, 160 changed coefficients
 0 implications, 84 cliques, 0 implied integral variables (0 bin, 0 int, 0 cont)
presolved problem has 41 variables (40 bin, 0 int, 1 cont) and 225 constraints
     16 constraints of type <knapsack>
     23 constraints of type <setppc>
    113 constraints of type <linear>
     70 constraints of type <logicor>
      3 constraints of type <bounddisjunction>
Presolving Time: 0.30
transformed 8/13 original solutions to the transformed problem space

 time | node  | left  |LP iter|LP it/n|mem/heur|mdpt |vars |cons |rows |cuts |sepa|confs|strbr|  dualbound   | primalbound  |  gap   | compl. 
  2.1s|     1 |     0 |  2818 |     - |    47M |   0 |  41 | 225 | 186 |   0 |  0 | 196 |  79 | 8.362122e-01 | 8.365752e-01 |   0.04%| unknown
  2.1s|     1 |     0 |  2818 |     - |    47M |   0 |  41 | 226 | 174 |   0 |  0 | 197 |  79 | 8.362122e-01 | 8.365752e-01 |   0.04%| unknown
  2.1s|     1 |     0 |  2830 |     - |    47M |   0 |  41 | 216 | 177 |   3 |  1 | 197 |  79 | 8.362122e-01 | 8.365752e-01 |   0.04%| unknown
  2.1s|     1 |     0 |  2830 |     - |    47M |   0 |  41 | 216 | 173 |   3 |  1 | 197 |  79 | 8.362122e-01 | 8.365752e-01 |   0.04%| unknown
  2.1s|     1 |     0 |  2842 |     - |    47M |   0 |  41 | 210 | 170 |   5 |  2 | 197 |  79 | 8.363517e-01 | 8.365752e-01 |   0.03%| unknown
  2.1s|     1 |     0 |  2842 |     - |    47M |   0 |  41 | 210 | 167 |   5 |  2 | 197 |  79 | 8.363517e-01 | 8.365752e-01 |   0.03%| unknown
  2.1s|     1 |     0 |  2848 |     - |    47M |   0 |  41 | 203 | 168 |   6 |  3 | 197 |  79 | 8.364578e-01 | 8.365752e-01 |   0.01%| unknown
  2.1s|     1 |     0 |  2848 |     - |    47M |   0 |  41 | 203 | 166 |   6 |  3 | 197 |  79 | 8.364578e-01 | 8.365752e-01 |   0.01%| unknown
  2.1s|     1 |     0 |  2852 |     - |    47M |   0 |  41 | 196 | 142 |   7 |  4 | 197 |  79 | 8.365375e-01 | 8.365752e-01 |   0.00%| unknown
  2.1s|     1 |     0 |  2854 |     - |    47M |   0 |  41 | 179 | 144 |   9 |  5 | 197 |  79 | 8.365752e-01 | 8.365752e-01 |   0.00%| unknown
  2.1s|     1 |     0 |  2854 |     - |    47M |   0 |  41 | 179 | 144 |   9 |  5 | 197 |  79 | 8.365752e-01 | 8.365752e-01 |   0.00%| unknown

SCIP Status        : problem is solved [optimal solution found]
Solving Time (sec) : 2.14
Solving Nodes      : 1 (total of 7 nodes in 7 runs)
Primal Bound       : +8.36575179517297e-01 (15 solutions)
Dual Bound         : +8.36575179517297e-01
Gap                : 0.00 %
objective value:                    0.836575179517297
x_('12_5', '13_1')                                  1 	(obj:0.0264669428931724)
x_('11_17', '12_5')                                 1 	(obj:0.0209262295081967)
x_('10_31', '11_17')                                1 	(obj:0.0229908452203534)
x_('9_42', '10_31')                                 1 	(obj:0.0542857142857143)
x_('8_45', '9_42')                                  1 	(obj:0.0361956804579755)
x_('7_37', '8_45')                                  1 	(obj:0.0390614754098361)
x_('6_35', '7_37')                                  1 	(obj:0.0428571428571429)
x_('5_30', '6_35')                                  1 	(obj:0.0308220140515222)
x_('4_25', '5_30')                                  1 	(obj:0.0741292740046838)
x_('3_20', '4_25')                                  1 	(obj:0.0742974238875878)
x_('2_14', '3_20')                                  1 	(obj:0.0748665105386417)
x_('1_10', '2_14')                                  1 	(obj:0.140871194379391)
x_('0_1', '1_10')                                   1 	(obj:0.0285714285714286)
y_0_0                                               1 	(obj:0)
y_1_0                                               1 	(obj:0)
y_2_0                                               1 	(obj:0)
y_3_0                                               1 	(obj:0)
y_4_0                                               1 	(obj:0)
y_5_0                                               1 	(obj:0)
y_6_1                                               1 	(obj:0)
y_7_1                                               1 	(obj:0)
y_8_1                                               1 	(obj:0)
y_9_1                                               1 	(obj:0)
y_10_1                                              1 	(obj:0)
y_11_1                                              1 	(obj:0)
y_12_1                                              1 	(obj:0)
z_('3268741', '3425762')_1                          1 	(obj:0)
z_('3268741', '1966592X')_0                         1 	(obj:0)
z_('1966592X', '3452192')_0                         1 	(obj:0)
z_('3452192', '1353870')_0                          1 	(obj:0)
z_('3452192', '3520162')_0                          1 	(obj:0)
z_('3520162', '3307092')_1                          1 	(obj:0)
z_('3520162', '3524054')_0                          1 	(obj:0)
z_('3268740', '3524054')_0                          1 	(obj:0)
z_('3524054', '3179975')_1                          1 	(obj:0)
z_('3179975', '3422998')_1                          1 	(obj:0)
z_('3422998', '2495223X')_1                         1 	(obj:0)
z_('3422998', '1353870_01')_1                       1 	(obj:0)
z_('2495223X', '2245784X')_1                        1 	(obj:0)
alpha                                6.63879518072289 	(obj:0.0256421984437715)
  obj=0.837  alpha=1102.0s  time=2.18s

k = 1
  Subgraph edges — edge_w: 13 (1.2%)  bal_w: 13 (1.2%)  combined: 26 (2.4%)  blended: 13 (1.2%)  blended_union: 31 (2.8%)  diverse: 13 (1.2%)
  [3a] Subgraph / edge_w   k=1 …
2026-07-01 18:17:02.460 | INFO     | pycaalp.time_balancing.model:run_mip:430 - Running MIP solver ...
      obj=0.837 (vs_full=+0.00%)  alpha=1102.0s  build=0.001s solve=0.005s  vs_full=+0.00%
  [3b] Subgraph / bal_w    k=1 …
2026-07-01 18:17:02.465 | INFO     | pycaalp.time_balancing.model:run_mip:430 - Running MIP solver ...
      obj=1.116 (vs_full=+33.41%)  alpha=1160.1s  build=0.001s solve=0.005s  vs_full=+5.27%
  [3c] Subgraph / combined k=1 …
2026-07-01 18:17:02.470 | INFO     | pycaalp.time_balancing.model:run_mip:430 - Running MIP solver ...
      obj=0.837 (vs_full=+0.00%)  alpha=1102.0s  build=0.001s solve=0.006s  vs_full=+0.00%
  [3d] Subgraph / blended  k=1 …
2026-07-01 18:17:02.476 | INFO     | pycaalp.time_balancing.model:run_mip:430 - Running MIP solver ...
      obj=0.838 (vs_full=+0.12%)  alpha=1092.5s  build=0.001s solve=0.006s  vs_full=-0.86%
  [3e] Subgraph / bl-union k=1 …
2026-07-01 18:17:02.483 | INFO     | pycaalp.time_balancing.model:run_mip:430 - Running MIP solver ...
      obj=0.837 (vs_full=+0.00%)  alpha=1102.0s  build=0.008s solve=0.044s  vs_full=+0.00%
  [3f] Subgraph / diverse  k=1 …
2026-07-01 18:17:02.526 | INFO     | pycaalp.time_balancing.model:run_mip:430 - Running MIP solver ...
      obj=0.838 (vs_full=+0.12%)  alpha=1092.5s  build=0.003s solve=0.010s  vs_full=-0.86%

k = 2
  Subgraph edges — edge_w: 15 (1.4%)  bal_w: 20 (1.8%)  combined: 35 (3.2%)  blended: 15 (1.4%)  blended_union: 36 (3.3%)  diverse: 26 (2.4%)
  [3a] Subgraph / edge_w   k=2 …
2026-07-01 18:17:02.595 | INFO     | pycaalp.time_balancing.model:run_mip:430 - Running MIP solver ...
      obj=0.837 (vs_full=+0.00%)  alpha=1102.0s  build=0.006s solve=0.032s  vs_full=+0.00%
  [3b] Subgraph / bal_w    k=2 …
2026-07-01 18:17:02.627 | INFO     | pycaalp.time_balancing.model:run_mip:430 - Running MIP solver ...
      obj=1.116 (vs_full=+33.41%)  alpha=1160.1s  build=0.004s solve=0.013s  vs_full=+5.27%
  [3c] Subgraph / combined k=2 …
2026-07-01 18:17:02.640 | INFO     | pycaalp.time_balancing.model:run_mip:430 - Running MIP solver ...
      obj=0.837 (vs_full=+0.00%)  alpha=1102.0s  build=0.007s solve=0.023s  vs_full=+0.00%
  [3d] Subgraph / blended  k=2 …
2026-07-01 18:17:02.663 | INFO     | pycaalp.time_balancing.model:run_mip:430 - Running MIP solver ...
      obj=0.838 (vs_full=+0.12%)  alpha=1092.5s  build=0.004s solve=0.015s  vs_full=-0.86%
  [3e] Subgraph / bl-union k=2 …
2026-07-01 18:17:02.678 | INFO     | pycaalp.time_balancing.model:run_mip:430 - Running MIP solver ...
      obj=0.837 (vs_full=+0.00%)  alpha=1102.0s  build=0.029s solve=0.100s  vs_full=+0.00%
  [3f] Subgraph / diverse  k=2 …
2026-07-01 18:17:02.777 | INFO     | pycaalp.time_balancing.model:run_mip:430 - Running MIP solver ...
      obj=0.838 (vs_full=+0.12%)  alpha=1092.5s  build=0.007s solve=0.026s  vs_full=-0.86%

k = 5
  Subgraph edges — edge_w: 21 (1.9%)  bal_w: 29 (2.6%)  combined: 50 (4.5%)  blended: 19 (1.7%)  blended_union: 49 (4.4%)  diverse: 65 (5.9%)
  [3a] Subgraph / edge_w   k=5 …
2026-07-01 18:17:02.896 | INFO     | pycaalp.time_balancing.model:run_mip:430 - Running MIP solver ...
      obj=0.837 (vs_full=+0.00%)  alpha=1102.0s  build=0.019s solve=0.026s  vs_full=+0.00%
  [3b] Subgraph / bal_w    k=5 …
2026-07-01 18:17:02.922 | INFO     | pycaalp.time_balancing.model:run_mip:430 - Running MIP solver ...
      obj=1.090 (vs_full=+30.30%)  alpha=1122.3s  build=0.006s solve=0.008s  vs_full=+1.84%
  [3c] Subgraph / combined k=5 …
2026-07-01 18:17:02.930 | INFO     | pycaalp.time_balancing.model:run_mip:430 - Running MIP solver ...
      obj=0.837 (vs_full=+0.00%)  alpha=1102.0s  build=0.017s solve=0.099s  vs_full=+0.00%
  [3d] Subgraph / blended  k=5 …
2026-07-01 18:17:03.029 | INFO     | pycaalp.time_balancing.model:run_mip:430 - Running MIP solver ...
      obj=0.838 (vs_full=+0.12%)  alpha=1092.5s  build=0.010s solve=0.036s  vs_full=-0.86%
  [3e] Subgraph / bl-union k=5 …
2026-07-01 18:17:03.065 | INFO     | pycaalp.time_balancing.model:run_mip:430 - Running MIP solver ...
      obj=0.837 (vs_full=+0.00%)  alpha=1102.0s  build=0.036s solve=0.156s  vs_full=+0.00%
  [3f] Subgraph / diverse  k=5 …
2026-07-01 18:17:03.222 | INFO     | pycaalp.time_balancing.model:run_mip:430 - Running MIP solver ...
      obj=0.838 (vs_full=+0.12%)  alpha=1092.5s  build=0.005s solve=0.277s  vs_full=-0.86%

k = 10
  Subgraph edges — edge_w: 24 (2.2%)  bal_w: 39 (3.5%)  combined: 63 (5.7%)  blended: 27 (2.4%)  blended_union: 64 (5.8%)  diverse: 126 (11.4%)
  [3a] Subgraph / edge_w   k=10 …
2026-07-01 18:17:03.787 | INFO     | pycaalp.time_balancing.model:run_mip:430 - Running MIP solver ...
      obj=0.837 (vs_full=+0.00%)  alpha=1102.0s  build=0.045s solve=0.077s  vs_full=+0.00%
  [3b] Subgraph / bal_w    k=10 …
2026-07-01 18:17:03.865 | INFO     | pycaalp.time_balancing.model:run_mip:430 - Running MIP solver ...
      obj=1.090 (vs_full=+30.30%)  alpha=1122.3s  build=0.019s solve=0.022s  vs_full=+1.84%
  [3c] Subgraph / combined k=10 …
2026-07-01 18:17:03.887 | INFO     | pycaalp.time_balancing.model:run_mip:430 - Running MIP solver ...
      obj=0.837 (vs_full=+0.00%)  alpha=1102.0s  build=0.079s solve=0.097s  vs_full=+0.00%
  [3d] Subgraph / blended  k=10 …
2026-07-01 18:17:03.984 | INFO     | pycaalp.time_balancing.model:run_mip:430 - Running MIP solver ...
      obj=0.838 (vs_full=+0.12%)  alpha=1092.5s  build=0.051s solve=0.077s  vs_full=-0.86%
  [3e] Subgraph / bl-union k=10 …
2026-07-01 18:17:04.061 | INFO     | pycaalp.time_balancing.model:run_mip:430 - Running MIP solver ...
      obj=0.837 (vs_full=+0.00%)  alpha=1102.0s  build=0.086s solve=0.120s  vs_full=+0.00%
  [3f] Subgraph / diverse  k=10 …
2026-07-01 18:17:04.181 | INFO     | pycaalp.time_balancing.model:run_mip:430 - Running MIP solver ...
      obj=0.838 (vs_full=+0.12%)  alpha=1092.5s  build=0.007s solve=0.167s  vs_full=-0.86%

k = 20
  Subgraph edges — edge_w: 35 (3.2%)  bal_w: 49 (4.4%)  combined: 84 (7.6%)  blended: 35 (3.2%)  blended_union: 87 (7.9%)  diverse: 239 (21.6%)
  [3a] Subgraph / edge_w   k=20 …
2026-07-01 18:17:04.774 | INFO     | pycaalp.time_balancing.model:run_mip:430 - Running MIP solver ...
      obj=0.837 (vs_full=+0.00%)  alpha=1102.0s  build=0.062s solve=0.043s  vs_full=+0.00%
  [3b] Subgraph / bal_w    k=20 …
2026-07-01 18:17:04.816 | INFO     | pycaalp.time_balancing.model:run_mip:430 - Running MIP solver ...
      obj=1.090 (vs_full=+30.30%)  alpha=1122.3s  build=0.033s solve=0.063s  vs_full=+1.84%
  [3c] Subgraph / combined k=20 …
2026-07-01 18:17:04.880 | INFO     | pycaalp.time_balancing.model:run_mip:430 - Running MIP solver ...
      obj=0.837 (vs_full=+0.00%)  alpha=1102.0s  build=0.090s solve=0.241s  vs_full=+0.00%
  [3d] Subgraph / blended  k=20 …
2026-07-01 18:17:05.121 | INFO     | pycaalp.time_balancing.model:run_mip:430 - Running MIP solver ...
      obj=0.838 (vs_full=+0.12%)  alpha=1092.5s  build=0.076s solve=0.123s  vs_full=-0.86%
  [3e] Subgraph / bl-union k=20 …
2026-07-01 18:17:05.244 | INFO     | pycaalp.time_balancing.model:run_mip:430 - Running MIP solver ...
      obj=0.837 (vs_full=+0.00%)  alpha=1102.0s  build=0.154s solve=0.243s  vs_full=+0.00%
  [3f] Subgraph / diverse  k=20 …
2026-07-01 18:17:05.486 | INFO     | pycaalp.time_balancing.model:run_mip:430 - Running MIP solver ...
      obj=0.838 (vs_full=+0.12%)  alpha=1092.5s  build=0.012s solve=0.342s  vs_full=-0.86%

k = 50
  Subgraph edges — edge_w: 54 (4.9%)  bal_w: 74 (6.7%)  combined: 127 (11.5%)  blended: 42 (3.8%)  blended_union: 117 (10.6%)  diverse: 507 (45.9%)
  [3a] Subgraph / edge_w   k=50 …
2026-07-01 18:17:06.907 | INFO     | pycaalp.time_balancing.model:run_mip:430 - Running MIP solver ...
      obj=0.837 (vs_full=+0.00%)  alpha=1102.0s  build=0.117s solve=0.363s  vs_full=+0.00%
  [3b] Subgraph / bal_w    k=50 …
2026-07-01 18:17:07.270 | INFO     | pycaalp.time_balancing.model:run_mip:430 - Running MIP solver ...
      obj=1.086 (vs_full=+29.81%)  alpha=1122.3s  build=0.077s solve=0.173s  vs_full=+1.84%
  [3c] Subgraph / combined k=50 …
2026-07-01 18:17:07.442 | INFO     | pycaalp.time_balancing.model:run_mip:430 - Running MIP solver ...
      obj=0.837 (vs_full=+0.00%)  alpha=1102.0s  build=0.181s solve=0.418s  vs_full=+0.00%
  [3d] Subgraph / blended  k=50 …
2026-07-01 18:17:07.861 | INFO     | pycaalp.time_balancing.model:run_mip:430 - Running MIP solver ...
      obj=0.838 (vs_full=+0.12%)  alpha=1092.5s  build=0.165s solve=0.113s  vs_full=-0.86%
  [3e] Subgraph / bl-union k=50 …
2026-07-01 18:17:07.974 | INFO     | pycaalp.time_balancing.model:run_mip:430 - Running MIP solver ...
      obj=0.837 (vs_full=+0.00%)  alpha=1102.0s  build=0.505s solve=0.472s  vs_full=+0.00%
  [3f] Subgraph / diverse  k=50 …
2026-07-01 18:17:08.446 | INFO     | pycaalp.time_balancing.model:run_mip:430 - Running MIP solver ...
      obj=0.838 (vs_full=+0.12%)  alpha=1092.5s  build=0.033s solve=0.888s  vs_full=-0.86%

k = 100
  Subgraph edges — edge_w: 78 (7.1%)  bal_w: 85 (7.7%)  combined: 162 (14.7%)  blended: 54 (4.9%)  blended_union: 167 (15.1%)  diverse: 752 (68.1%)
  [3a] Subgraph / edge_w   k=100 …
2026-07-01 18:17:11.221 | INFO     | pycaalp.time_balancing.model:run_mip:430 - Running MIP solver ...
      obj=0.837 (vs_full=+0.00%)  alpha=1102.0s  build=0.259s solve=0.138s  vs_full=+0.00%
  [3b] Subgraph / bal_w    k=100 …
2026-07-01 18:17:11.360 | INFO     | pycaalp.time_balancing.model:run_mip:430 - Running MIP solver ...
      obj=1.086 (vs_full=+29.81%)  alpha=1122.3s  build=0.167s solve=0.147s  vs_full=+1.84%
  [3c] Subgraph / combined k=100 …
2026-07-01 18:17:11.507 | INFO     | pycaalp.time_balancing.model:run_mip:430 - Running MIP solver ...
      obj=0.837 (vs_full=+0.00%)  alpha=1102.0s  build=0.445s solve=0.538s  vs_full=+0.00%
  [3d] Subgraph / blended  k=100 …
2026-07-01 18:17:12.045 | INFO     | pycaalp.time_balancing.model:run_mip:430 - Running MIP solver ...
      obj=0.838 (vs_full=+0.12%)  alpha=1100.0s  build=0.294s solve=0.207s  vs_full=-0.18%
  [3e] Subgraph / bl-union k=100 …
2026-07-01 18:17:12.252 | INFO     | pycaalp.time_balancing.model:run_mip:430 - Running MIP solver ...
      obj=0.837 (vs_full=+0.00%)  alpha=1102.0s  build=0.679s solve=1.104s  vs_full=+0.00%
  [3f] Subgraph / diverse  k=100 …
2026-07-01 18:17:13.356 | INFO     | pycaalp.time_balancing.model:run_mip:430 - Running MIP solver ...
      obj=0.838 (vs_full=+0.12%)  alpha=1092.5s  build=0.043s solve=2.074s  vs_full=-0.86%

k = 200
  Subgraph edges — edge_w: 95 (8.6%)  bal_w: 118 (10.7%)  combined: 211 (19.1%)  blended: 86 (7.8%)  blended_union: 212 (19.2%)  diverse: 909 (82.3%)
  [3a] Subgraph / edge_w   k=200 …
2026-07-01 18:17:19.297 | INFO     | pycaalp.time_balancing.model:run_mip:430 - Running MIP solver ...
      obj=0.837 (vs_full=+0.00%)  alpha=1102.0s  build=0.599s solve=1.096s  vs_full=+0.00%
  [3b] Subgraph / bal_w    k=200 …
2026-07-01 18:17:20.393 | INFO     | pycaalp.time_balancing.model:run_mip:430 - Running MIP solver ...
      obj=1.085 (vs_full=+29.72%)  alpha=1122.3s  build=0.311s solve=0.433s  vs_full=+1.84%
  [3c] Subgraph / combined k=200 …
2026-07-01 18:17:20.825 | INFO     | pycaalp.time_balancing.model:run_mip:430 - Running MIP solver ...
      obj=0.837 (vs_full=+0.00%)  alpha=1102.0s  build=0.809s solve=0.549s  vs_full=+0.00%
  [3d] Subgraph / blended  k=200 …
2026-07-01 18:17:21.374 | INFO     | pycaalp.time_balancing.model:run_mip:430 - Running MIP solver ...
      obj=0.837 (vs_full=+0.00%)  alpha=1102.0s  build=0.554s solve=0.724s  vs_full=+0.00%
  [3e] Subgraph / bl-union k=200 …
2026-07-01 18:17:22.098 | INFO     | pycaalp.time_balancing.model:run_mip:430 - Running MIP solver ...
      obj=0.837 (vs_full=+0.00%)  alpha=1102.0s  build=1.464s solve=0.536s  vs_full=+0.00%
  [3f] Subgraph / diverse  k=200 …
2026-07-01 18:17:22.634 | INFO     | pycaalp.time_balancing.model:run_mip:430 - Running MIP solver ...
      obj=0.837 (vs_full=+0.00%)  alpha=1102.0s  build=0.129s solve=1.185s  vs_full=+0.00%

k = 500
  Subgraph edges — edge_w: 108 (9.8%)  bal_w: 170 (15.4%)  combined: 274 (24.8%)  blended: 126 (11.4%)  blended_union: 278 (25.2%)  diverse: 1043 (94.4%)
  [3a] Subgraph / edge_w   k=500 …
2026-07-01 18:17:35.532 | INFO     | pycaalp.time_balancing.model:run_mip:430 - Running MIP solver ...
      obj=0.837 (vs_full=+0.00%)  alpha=1102.0s  build=1.592s solve=1.140s  vs_full=+0.00%
  [3b] Subgraph / bal_w    k=500 …
2026-07-01 18:17:36.673 | INFO     | pycaalp.time_balancing.model:run_mip:430 - Running MIP solver ...
      obj=1.051 (vs_full=+25.59%)  alpha=1104.1s  build=1.003s solve=0.243s  vs_full=+0.19%
  [3c] Subgraph / combined k=500 …
2026-07-01 18:17:36.916 | INFO     | pycaalp.time_balancing.model:run_mip:430 - Running MIP solver ...
      obj=0.837 (vs_full=+0.00%)  alpha=1102.0s  build=2.735s solve=1.325s  vs_full=+0.00%
  [3d] Subgraph / blended  k=500 …
2026-07-01 18:17:38.241 | INFO     | pycaalp.time_balancing.model:run_mip:430 - Running MIP solver ...
      obj=0.837 (vs_full=+0.00%)  alpha=1102.0s  build=1.427s solve=0.713s  vs_full=+0.00%
  [3e] Subgraph / bl-union k=500 …
2026-07-01 18:17:38.954 | INFO     | pycaalp.time_balancing.model:run_mip:430 - Running MIP solver ...
      obj=0.837 (vs_full=+0.00%)  alpha=1102.0s  build=4.507s solve=0.812s  vs_full=+0.00%
  [3f] Subgraph / diverse  k=500 …
2026-07-01 18:17:39.766 | INFO     | pycaalp.time_balancing.model:run_mip:430 - Running MIP solver ...
      obj=0.837 (vs_full=+0.00%)  alpha=1102.0s  build=0.449s solve=1.686s  vs_full=+0.00%

k = 1000
  Subgraph edges — edge_w: 142 (12.9%)  bal_w: 223 (20.2%)  combined: 359 (32.5%)  blended: 147 (13.3%)  blended_union: 305 (27.6%)  diverse: 1101 (99.6%)
  [3a] Subgraph / edge_w   k=1000 …
2026-07-01 18:18:05.408 | INFO     | pycaalp.time_balancing.model:run_mip:430 - Running MIP solver ...
      obj=0.837 (vs_full=+0.00%)  alpha=1102.0s  build=3.067s solve=1.450s  vs_full=+0.00%
  [3b] Subgraph / bal_w    k=1000 …
2026-07-01 18:18:06.858 | INFO     | pycaalp.time_balancing.model:run_mip:430 - Running MIP solver ...
      obj=1.042 (vs_full=+24.50%)  alpha=1104.1s  build=2.106s solve=0.834s  vs_full=+0.19%
  [3c] Subgraph / combined k=1000 …
2026-07-01 18:18:07.692 | INFO     | pycaalp.time_balancing.model:run_mip:430 - Running MIP solver ...
      obj=0.837 (vs_full=+0.00%)  alpha=1102.0s  build=5.667s solve=1.352s  vs_full=+0.00%
  [3d] Subgraph / blended  k=1000 …
2026-07-01 18:18:09.044 | INFO     | pycaalp.time_balancing.model:run_mip:430 - Running MIP solver ...
      obj=0.837 (vs_full=+0.00%)  alpha=1102.0s  build=3.051s solve=0.647s  vs_full=+0.00%
  [3e] Subgraph / bl-union k=1000 …
2026-07-01 18:18:09.691 | INFO     | pycaalp.time_balancing.model:run_mip:430 - Running MIP solver ...
      obj=0.837 (vs_full=+0.00%)  alpha=1102.0s  build=9.127s solve=1.288s  vs_full=+0.00%
  [3f] Subgraph / diverse  k=1000 …
2026-07-01 18:18:10.978 | INFO     | pycaalp.time_balancing.model:run_mip:430 - Running MIP solver ...
      obj=0.837 (vs_full=+0.00%)  alpha=1102.0s  build=0.937s solve=1.403s  vs_full=+0.00%

k = 2000
  Subgraph edges — edge_w: 185 (16.7%)  bal_w: 291 (26.3%)  combined: 464 (42.0%)  blended: 164 (14.8%)  blended_union: 356 (32.2%)  diverse: 1105 (100.0%)
  [3a] Subgraph / edge_w   k=2000 …
2026-07-01 18:19:09.781 | INFO     | pycaalp.time_balancing.model:run_mip:430 - Running MIP solver ...
      obj=0.837 (vs_full=+0.00%)  alpha=1102.0s  build=7.369s solve=1.094s  vs_full=+0.00%
  [3b] Subgraph / bal_w    k=2000 …
2026-07-01 18:19:10.876 | INFO     | pycaalp.time_balancing.model:run_mip:430 - Running MIP solver ...
      obj=1.030 (vs_full=+23.16%)  alpha=1104.1s  build=5.494s solve=1.103s  vs_full=+0.19%
  [3c] Subgraph / combined k=2000 …
2026-07-01 18:19:11.978 | INFO     | pycaalp.time_balancing.model:run_mip:430 - Running MIP solver ...
      obj=0.837 (vs_full=+0.00%)  alpha=1102.0s  build=12.548s solve=1.990s  vs_full=+0.00%
  [3d] Subgraph / blended  k=2000 …
2026-07-01 18:19:13.969 | INFO     | pycaalp.time_balancing.model:run_mip:430 - Running MIP solver ...
      obj=0.837 (vs_full=+0.00%)  alpha=1102.0s  build=7.673s solve=0.972s  vs_full=+0.00%
  [3e] Subgraph / bl-union k=2000 …
2026-07-01 18:19:14.941 | INFO     | pycaalp.time_balancing.model:run_mip:430 - Running MIP solver ...
      obj=0.837 (vs_full=+0.00%)  alpha=1102.0s  build=22.184s solve=1.054s  vs_full=+0.00%
  [3f] Subgraph / diverse  k=2000 …
2026-07-01 18:19:15.994 | INFO     | pycaalp.time_balancing.model:run_mip:430 - Running MIP solver ...
      obj=0.837 (vs_full=+0.00%)  alpha=1102.0s  build=2.132s solve=2.461s  vs_full=+0.00%

k = 5000
  Subgraph edges — edge_w: 232 (21.0%)  bal_w: 382 (34.6%)  combined: 593 (53.7%)  blended: 214 (19.4%)  blended_union: 482 (43.6%)  diverse: 1105 (100.0%)
  [3a] Subgraph / edge_w   k=5000 …
2026-07-01 18:23:20.391 | INFO     | pycaalp.time_balancing.model:run_mip:430 - Running MIP solver ...
      obj=0.837 (vs_full=+0.00%)  alpha=1102.0s  build=30.917s solve=1.490s  vs_full=+0.00%
  [3b] Subgraph / bal_w    k=5000 …
2026-07-01 18:23:21.881 | INFO     | pycaalp.time_balancing.model:run_mip:430 - Running MIP solver ...
      obj=1.022 (vs_full=+22.21%)  alpha=1108.3s  build=22.363s solve=0.759s  vs_full=+0.57%
  [3c] Subgraph / combined k=5000 …
2026-07-01 18:23:22.640 | INFO     | pycaalp.time_balancing.model:run_mip:430 - Running MIP solver ...
      obj=0.837 (vs_full=-0.00%)  alpha=1102.0s  build=53.047s solve=2.861s  vs_full=+0.00%
  [3d] Subgraph / blended  k=5000 …
2026-07-01 18:23:25.501 | INFO     | pycaalp.time_balancing.model:run_mip:430 - Running MIP solver ...
      obj=0.837 (vs_full=+0.00%)  alpha=1102.0s  build=33.934s solve=0.980s  vs_full=+0.00%
  [3e] Subgraph / bl-union k=5000 …
2026-07-01 18:23:26.482 | INFO     | pycaalp.time_balancing.model:run_mip:430 - Running MIP solver ...
      obj=0.837 (vs_full=+0.00%)  alpha=1102.0s  build=96.640s solve=1.903s  vs_full=+0.00%
  [3f] Subgraph / diverse  k=5000 …
2026-07-01 18:23:28.385 | INFO     | pycaalp.time_balancing.model:run_mip:430 - Running MIP solver ...
      obj=0.837 (vs_full=+0.00%)  alpha=1102.0s  build=5.033s solve=2.790s  vs_full=+0.00%

Results saved to experiments/strategy_comparison/assembly_1_np_2/strategy_comparison_lambda_0.2.csv
Plot with:  python -m experiments.strategy_comparison.plot_k_sensitivity

============================================================================================================================
SUMMARY — assembly_1  P=2  λ=0.2
============================================================================================================================
Strategy       Weight                      k   Build    Solve    Total  Spdup       Obj   ObjvsF     Alpha    AlvsF   Edges  %Grph
----------------------------------------------------------------------------------------------------------------------------
full_mip       —                               0.000    2.182    2.182   1.0x     0.837    +0.00   1102.04    +0.00    1105  100.0
subgraph_mip   edge_weight                 1   0.001    0.005    0.007 331.8x     0.837    +0.00   1102.04    +0.00      13    1.2
subgraph_mip   time_balanced_weight        1   0.001    0.005    0.006 390.7x     1.116   +33.41   1160.13    +5.27      13    1.2
subgraph_mip   combined                    1   0.001    0.006    0.007 293.7x     0.837    +0.00   1102.04    +0.00      26    2.4
subgraph_mip   blended                     1   0.001    0.006    0.007 325.6x     0.838    +0.12   1092.52    -0.86      13    1.2
subgraph_mip   blended_union               1   0.008    0.044    0.052  41.9x     0.837    +0.00   1102.04    +0.00      31    2.8
subgraph_mip   diverse                     1   0.003    0.010    0.013 170.0x     0.838    +0.12   1092.52    -0.86      13    1.2
subgraph_mip   edge_weight                 2   0.006    0.032    0.038  57.1x     0.837    +0.00   1102.04    +0.00      15    1.4
subgraph_mip   time_balanced_weight        2   0.004    0.013    0.017 126.5x     1.116   +33.41   1160.13    +5.27      20    1.8
subgraph_mip   combined                    2   0.007    0.023    0.030  72.7x     0.837    +0.00   1102.04    +0.00      35    3.2
subgraph_mip   blended                     2   0.004    0.015    0.018 119.5x     0.838    +0.12   1092.52    -0.86      15    1.4
subgraph_mip   blended_union               2   0.029    0.100    0.129  16.9x     0.837    +0.00   1102.04    +0.00      36    3.3
subgraph_mip   diverse                     2   0.007    0.026    0.033  65.4x     0.838    +0.12   1092.52    -0.86      26    2.4
subgraph_mip   edge_weight                 5   0.019    0.026    0.044  49.1x     0.837    +0.00   1102.04    +0.00      21    1.9
subgraph_mip   time_balanced_weight        5   0.006    0.008    0.014 160.1x     1.090   +30.30   1122.33    +1.84      29    2.6
subgraph_mip   combined                    5   0.017    0.099    0.116  18.8x     0.837    +0.00   1102.04    +0.00      50    4.5
subgraph_mip   blended                     5   0.010    0.036    0.046  47.6x     0.838    +0.12   1092.52    -0.86      19    1.7
subgraph_mip   blended_union               5   0.036    0.156    0.193  11.3x     0.837    +0.00   1102.04    +0.00      49    4.4
subgraph_mip   diverse                     5   0.005    0.277    0.282   7.7x     0.838    +0.12   1092.52    -0.86      65    5.9
subgraph_mip   edge_weight                10   0.045    0.077    0.123  17.8x     0.837    +0.00   1102.04    +0.00      24    2.2
subgraph_mip   time_balanced_weight       10   0.019    0.022    0.042  52.1x     1.090   +30.30   1122.33    +1.84      39    3.5
subgraph_mip   combined                   10   0.079    0.097    0.176  12.4x     0.837    +0.00   1102.04    +0.00      63    5.7
subgraph_mip   blended                    10   0.051    0.077    0.127  17.1x     0.838    +0.12   1092.52    -0.86      27    2.4
subgraph_mip   blended_union              10   0.086    0.120    0.206  10.6x     0.837    +0.00   1102.04    +0.00      64    5.8
subgraph_mip   diverse                    10   0.007    0.167    0.174  12.5x     0.838    +0.12   1092.52    -0.86     126   11.4
subgraph_mip   edge_weight                20   0.062    0.043    0.105  20.8x     0.837    +0.00   1102.04    +0.00      35    3.2
subgraph_mip   time_balanced_weight       20   0.033    0.063    0.096  22.7x     1.090   +30.30   1122.33    +1.84      49    4.4
subgraph_mip   combined                   20   0.090    0.241    0.331   6.6x     0.837    +0.00   1102.04    +0.00      84    7.6
subgraph_mip   blended                    20   0.076    0.123    0.198  11.0x     0.838    +0.12   1092.52    -0.86      35    3.2
subgraph_mip   blended_union              20   0.154    0.243    0.396   5.5x     0.837    +0.00   1102.04    +0.00      87    7.9
subgraph_mip   diverse                    20   0.012    0.342    0.354   6.2x     0.838    +0.12   1092.52    -0.86     239   21.6
subgraph_mip   edge_weight                50   0.117    0.363    0.480   4.5x     0.837    +0.00   1102.04    +0.00      54    4.9
subgraph_mip   time_balanced_weight       50   0.077    0.173    0.250   8.7x     1.086   +29.81   1122.33    +1.84      74    6.7
subgraph_mip   combined                   50   0.181    0.418    0.599   3.6x     0.837    +0.00   1102.04    +0.00     127   11.5
subgraph_mip   blended                    50   0.165    0.113    0.279   7.8x     0.838    +0.12   1092.52    -0.86      42    3.8
subgraph_mip   blended_union              50   0.505    0.472    0.977   2.2x     0.837    +0.00   1102.04    +0.00     117   10.6
subgraph_mip   diverse                    50   0.033    0.888    0.920   2.4x     0.838    +0.12   1092.52    -0.86     507   45.9
subgraph_mip   edge_weight               100   0.259    0.138    0.398   5.5x     0.837    +0.00   1102.04    +0.00      78    7.1
subgraph_mip   time_balanced_weight      100   0.167    0.147    0.314   7.0x     1.086   +29.81   1122.33    +1.84      85    7.7
subgraph_mip   combined                  100   0.445    0.538    0.983   2.2x     0.837    +0.00   1102.04    +0.00     162   14.7
subgraph_mip   blended                   100   0.294    0.207    0.501   4.4x     0.838    +0.12   1100.04    -0.18      54    4.9
subgraph_mip   blended_union             100   0.679    1.104    1.783   1.2x     0.837    +0.00   1102.04    +0.00     167   15.1
subgraph_mip   diverse                   100   0.043    2.074    2.117   1.0x     0.838    +0.12   1092.52    -0.86     752   68.0
subgraph_mip   edge_weight               200   0.599    1.096    1.695   1.3x     0.837    +0.00   1102.04    +0.00      95    8.6
subgraph_mip   time_balanced_weight      200   0.311    0.433    0.744   2.9x     1.085   +29.72   1122.33    +1.84     118   10.7
subgraph_mip   combined                  200   0.809    0.549    1.358   1.6x     0.837    +0.00   1102.04    +0.00     211   19.1
subgraph_mip   blended                   200   0.554    0.724    1.277   1.7x     0.837    +0.00   1102.04    +0.00      86    7.8
subgraph_mip   blended_union             200   1.464    0.536    2.000   1.1x     0.837    +0.00   1102.04    +0.00     212   19.2
subgraph_mip   diverse                   200   0.129    1.185    1.314   1.7x     0.837    +0.00   1102.04    +0.00     909   82.3
subgraph_mip   edge_weight               500   1.592    1.140    2.732   0.8x     0.837    +0.00   1102.04    +0.00     108    9.8
subgraph_mip   time_balanced_weight      500   1.003    0.243    1.246   1.8x     1.051   +25.59   1104.13    +0.19     170   15.4
subgraph_mip   combined                  500   2.735    1.325    4.060   0.5x     0.837    +0.00   1102.04    +0.00     274   24.8
subgraph_mip   blended                   500   1.427    0.713    2.139   1.0x     0.837    +0.00   1102.04    +0.00     126   11.4
subgraph_mip   blended_union             500   4.507    0.812    5.319   0.4x     0.837    +0.00   1102.04    +0.00     278   25.2
subgraph_mip   diverse                   500   0.449    1.686    2.135   1.0x     0.837    +0.00   1102.04    +0.00    1043   94.4
subgraph_mip   edge_weight              1000   3.067    1.450    4.517   0.5x     0.837    +0.00   1102.04    +0.00     142   12.8
subgraph_mip   time_balanced_weight     1000   2.106    0.834    2.939   0.7x     1.042   +24.50   1104.13    +0.19     223   20.2
subgraph_mip   combined                 1000   5.667    1.352    7.019   0.3x     0.837    +0.00   1102.04    +0.00     359   32.5
subgraph_mip   blended                  1000   3.051    0.647    3.698   0.6x     0.837    +0.00   1102.04    +0.00     147   13.3
subgraph_mip   blended_union            1000   9.127    1.288   10.414   0.2x     0.837    +0.00   1102.04    +0.00     305   27.6
subgraph_mip   diverse                  1000   0.937    1.403    2.340   0.9x     0.837    +0.00   1102.04    +0.00    1101   99.6
subgraph_mip   edge_weight              2000   7.369    1.094    8.463   0.3x     0.837    +0.00   1102.04    +0.00     185   16.7
subgraph_mip   time_balanced_weight     2000   5.494    1.103    6.596   0.3x     1.030   +23.16   1104.13    +0.19     291   26.3
subgraph_mip   combined                 2000  12.548    1.990   14.538   0.1x     0.837    +0.00   1102.04    +0.00     464   42.0
subgraph_mip   blended                  2000   7.673    0.972    8.645   0.2x     0.837    +0.00   1102.04    +0.00     164   14.8
subgraph_mip   blended_union            2000  22.184    1.054   23.238   0.1x     0.837    +0.00   1102.04    +0.00     356   32.2
subgraph_mip   diverse                  2000   2.132    2.461    4.593   0.5x     0.837    +0.00   1102.04    +0.00    1105  100.0
subgraph_mip   edge_weight              5000  30.917    1.490   32.407   0.1x     0.837    +0.00   1102.04    +0.00     232   21.0
subgraph_mip   time_balanced_weight     5000  22.363    0.759   23.122   0.1x     1.022   +22.21   1108.32    +0.57     382   34.6
subgraph_mip   combined                 5000  53.047    2.861   55.909   0.0x     0.837    -0.00   1102.04    +0.00     593   53.7
subgraph_mip   blended                  5000  33.934    0.980   34.914   0.1x     0.837    +0.00   1102.04    +0.00     214   19.4
subgraph_mip   blended_union            5000  96.640    1.903   98.543   0.0x     0.837    +0.00   1102.04    +0.00     482   43.6
subgraph_mip   diverse                  5000   5.033    2.790    7.822   0.3x     0.837    +0.00   1102.04    +0.00    1105  100.0
============================================================================================================================

----------------- λ = 0.25 -----------------
========================================================================
Strategy Comparison Experiment — assembly_1  P=2  λ=0.25
========================================================================

Building assembly digraph …
2026-07-01 18:16:59.971 | INFO     | pycaalp.gapp.assembly_digraph:compute_assembly_digraph_complete:395 - Computing assembly digraph...
  343 nodes, 1105 edges  (0.3s)

[1] Full MIP  P=2  λ=0.25
2026-07-01 18:17:00.244 | INFO     | pycaalp.time_balancing.model:run_mip:430 - Running MIP solver ...
presolving:
(round 1, fast)       28 del vars, 40 del conss, 0 add conss, 0 chg bounds, 0 chg sides, 0 chg coeffs, 0 upgd conss, 0 impls, 43 clqs, 0 implints
(round 2, exhaustive) 28 del vars, 40 del conss, 0 add conss, 1 chg bounds, 0 chg sides, 0 chg coeffs, 2253 upgd conss, 0 impls, 43 clqs, 0 implints
   (0.2s) probing: 1000/1129 (88.6%) - 0 fixings, 0 aggregations, 119627 implications, 0 bound changes
   (0.2s) probing: 1001/1129 (88.7%) - 0 fixings, 0 aggregations, 119803 implications, 0 bound changes
   (0.2s) probing aborted: 1000/1000 successive useless probings
   (0.2s) symmetry computation started: requiring (bin +, int +, cont +), (fixed: bin -, int -, cont -)
   (0.2s) no symmetry present (symcode time: 0.00)
presolving (3 rounds: 3 fast, 2 medium, 2 exhaustive):
 28 deleted vars, 40 deleted constraints, 0 added constraints, 1 tightened bounds, 0 added holes, 0 changed sides, 0 changed coefficients
 0 implications, 8934 cliques, 0 implied integral variables (0 bin, 0 int, 0 cont)
presolved problem has 1130 variables (1129 bin, 0 int, 1 cont) and 2565 constraints
     43 constraints of type <setppc>
    312 constraints of type <linear>
   2210 constraints of type <logicor>
Presolving Time: 0.18

 time | node  | left  |LP iter|LP it/n|mem/heur|mdpt |vars |cons |rows |cuts |sepa|confs|strbr|  dualbound   | primalbound  |  gap   | compl. 
p 0.2s|     1 |     0 |     4 |     - | vbounds|   0 |1130 |2578 |2565 |   0 |  0 |  12 |   0 | 0.000000e+00 | 1.302951e+00 |    Inf | unknown
p 0.3s|     1 |     0 |   114 |     - | vbounds|   0 |1130 |2590 |2565 |   0 |  0 |  24 |   0 | 0.000000e+00 | 1.283834e+00 |    Inf | unknown
  0.3s|     1 |     0 |   359 |     - |    21M |   0 |1130 |2590 |2565 |   0 |  0 |  24 |   0 | 8.329273e-01 | 1.283834e+00 |  54.14%| unknown
  0.3s|     1 |     0 |   384 |     - |    23M |   0 |1130 |2591 |2567 |   2 |  1 |  25 |   0 | 8.329427e-01 | 1.283834e+00 |  54.13%| unknown
r 0.3s|     1 |     0 |   384 |     - |shifting|   0 |1130 |2591 |2567 |   2 |  1 |  25 |   0 | 8.329427e-01 | 8.376599e-01 |   0.57%| unknown
  0.4s|     1 |     0 |   404 |     - |    24M |   0 |1130 |2591 |2568 |   3 |  2 |  25 |   0 | 8.330187e-01 | 8.376599e-01 |   0.56%| unknown
  0.4s|     1 |     0 |   404 |     - |    24M |   0 |1130 |2591 |1228 |   3 |  2 |  25 |   0 | 8.330187e-01 | 8.376599e-01 |   0.56%| unknown
  0.4s|     1 |     0 |   418 |     - |    24M |   0 |1130 |2322 |1217 |   5 |  3 |  25 |   0 | 8.330434e-01 | 8.376599e-01 |   0.55%| unknown
  0.5s|     1 |     0 |   431 |     - |    25M |   0 |1130 |1955 |1219 |   7 |  4 |  25 |   0 | 8.331001e-01 | 8.376599e-01 |   0.55%| unknown
  0.5s|     1 |     0 |   431 |     - |    25M |   0 |1130 |1955 |1217 |   7 |  4 |  25 |   0 | 8.331001e-01 | 8.376599e-01 |   0.55%| unknown
  0.6s|     1 |     0 |   453 |     - |    27M |   0 |1130 |1888 |1218 |   8 |  5 |  25 |   0 | 8.331048e-01 | 8.376599e-01 |   0.55%| unknown
  0.6s|     1 |     0 |   466 |     - |    28M |   0 |1130 |1836 |1219 |   9 |  6 |  25 |   0 | 8.331150e-01 | 8.376599e-01 |   0.55%| unknown
  0.7s|     1 |     0 |   478 |     - |    32M |   0 |1130 |1729 |1221 |  11 |  7 |  25 |   0 | 8.331197e-01 | 8.376599e-01 |   0.54%| unknown
  0.8s|     1 |     0 |   488 |     - |    34M |   0 |1130 |1684 |1223 |  13 |  8 |  25 |   0 | 8.331219e-01 | 8.376599e-01 |   0.54%| unknown
  0.9s|     1 |     0 |   498 |     - |    38M |   0 |1130 |1586 |1225 |  15 |  9 |  25 |   0 | 8.331277e-01 | 8.376599e-01 |   0.54%| unknown
 time | node  | left  |LP iter|LP it/n|mem/heur|mdpt |vars |cons |rows |cuts |sepa|confs|strbr|  dualbound   | primalbound  |  gap   | compl. 
  0.9s|     1 |     0 |   515 |     - |    40M |   0 |1130 |1588 |1226 |  16 | 10 |  27 |   0 | 8.331362e-01 | 8.376599e-01 |   0.54%| unknown
  1.0s|     1 |     0 |   515 |     - |    40M |   0 |1130 |1588 |1224 |  16 | 10 |  27 |   0 | 8.331362e-01 | 8.376599e-01 |   0.54%| unknown
  1.0s|     1 |     0 |   519 |     - |    41M |   0 |1130 |1463 |1225 |  17 | 11 |  27 |   0 | 8.331406e-01 | 8.376599e-01 |   0.54%| unknown
  1.0s|     1 |     0 |   519 |     - |    41M |   0 |1130 | 932 |1225 |  17 | 11 |  28 |   0 | 8.331406e-01 | 8.376599e-01 |   0.54%| unknown
  1.0s|     1 |     0 |   541 |     - |    41M |   0 |1130 | 932 |1226 |  18 | 12 |  28 |   0 | 8.331622e-01 | 8.376599e-01 |   0.54%| unknown
  1.0s|     1 |     0 |   547 |     - |    41M |   0 |1130 | 762 |1228 |  20 | 13 |  30 |   0 | 8.331675e-01 | 8.376599e-01 |   0.54%| unknown
  1.0s|     1 |     0 |   549 |     - |    41M |   0 |1130 | 624 |1229 |  21 | 14 |  32 |   0 | 8.331688e-01 | 8.376599e-01 |   0.54%| unknown
  1.0s|     1 |     0 |   551 |     - |    41M |   0 |1130 | 582 |1229 |  22 | 15 |  32 |   0 | 8.331695e-01 | 8.376599e-01 |   0.54%| unknown
  1.0s|     1 |     0 |   554 |     - |    41M |   0 |1130 | 582 |1230 |  23 | 16 |  32 |   0 | 8.331719e-01 | 8.376599e-01 |   0.54%| unknown
  1.0s|     1 |     0 |   566 |     - |    41M |   0 |1130 | 502 |1232 |  25 | 17 |  32 |   0 | 8.331908e-01 | 8.376599e-01 |   0.54%| unknown
  1.0s|     1 |     0 |   568 |     - |    41M |   0 |1130 | 493 |1233 |  26 | 18 |  37 |   0 | 8.331921e-01 | 8.376599e-01 |   0.54%| unknown
  1.0s|     1 |     0 |   573 |     - |    41M |   0 |1130 | 459 |1234 |  27 | 19 |  39 |   0 | 8.331972e-01 | 8.376599e-01 |   0.54%| unknown
  1.0s|     1 |     0 |   575 |     - |    42M |   0 |1130 | 450 |1235 |  28 | 20 |  41 |   0 | 8.331980e-01 | 8.376599e-01 |   0.54%| unknown
  1.0s|     1 |     0 |   579 |     - |    42M |   0 |1130 | 392 |1228 |  29 | 21 |  42 |   0 | 8.332029e-01 | 8.376599e-01 |   0.53%| unknown
  1.0s|     1 |     0 |   590 |     - |    42M |   0 |1130 | 385 |1229 |  30 | 22 |  44 |   0 | 8.332188e-01 | 8.376599e-01 |   0.53%| unknown
(run 1, node 1) restarting after 1008 global fixings of integer variables

(restart) converted 21 cuts from the global cut pool into linear constraints

presolving:
(round 1, fast)       1010 del vars, 112 del conss, 0 add conss, 5 chg bounds, 0 chg sides, 6 chg coeffs, 0 upgd conss, 0 impls, 229 clqs, 0 implints
(round 2, fast)       1010 del vars, 113 del conss, 0 add conss, 5 chg bounds, 0 chg sides, 6 chg coeffs, 0 upgd conss, 0 impls, 229 clqs, 0 implints
(round 3, medium)     1013 del vars, 113 del conss, 0 add conss, 5 chg bounds, 0 chg sides, 6 chg coeffs, 0 upgd conss, 0 impls, 223 clqs, 0 implints
(round 4, fast)       1013 del vars, 119 del conss, 0 add conss, 5 chg bounds, 0 chg sides, 6 chg coeffs, 0 upgd conss, 0 impls, 223 clqs, 0 implints
(round 5, exhaustive) 1013 del vars, 119 del conss, 0 add conss, 5 chg bounds, 0 chg sides, 6 chg coeffs, 13 upgd conss, 0 impls, 223 clqs, 0 implints
(round 6, exhaustive) 1013 del vars, 120 del conss, 0 add conss, 5 chg bounds, 0 chg sides, 7 chg coeffs, 13 upgd conss, 0 impls, 223 clqs, 0 implints
(round 7, exhaustive) 1013 del vars, 120 del conss, 0 add conss, 5 chg bounds, 0 chg sides, 11 chg coeffs, 13 upgd conss, 0 impls, 224 clqs, 0 implints
presolving (8 rounds: 8 fast, 5 medium, 4 exhaustive):
 1013 deleted vars, 120 deleted constraints, 0 added constraints, 5 tightened bounds, 0 added holes, 0 changed sides, 11 changed coefficients
 0 implications, 224 cliques, 0 implied integral variables (0 bin, 0 int, 0 cont)
presolved problem has 117 variables (116 bin, 0 int, 1 cont) and 304 constraints
     37 constraints of type <setppc>
     47 constraints of type <linear>
    220 constraints of type <logicor>
Presolving Time: 0.19
transformed 2/8 original solutions to the transformed problem space

 time | node  | left  |LP iter|LP it/n|mem/heur|mdpt |vars |cons |rows |cuts |sepa|confs|strbr|  dualbound   | primalbound  |  gap   | compl. 
  1.1s|     1 |     0 |   905 |     - |    40M |   0 | 117 | 304 | 268 |   0 |  0 |  62 |   0 | 8.332188e-01 | 8.376599e-01 |   0.53%| unknown
  1.1s|     1 |     0 |   905 |     - |    40M |   0 | 117 | 307 | 266 |   0 |  0 |  65 |   0 | 8.332188e-01 | 8.376599e-01 |   0.53%| unknown
  1.1s|     1 |     0 |   910 |     - |    40M |   0 | 117 | 307 | 267 |   1 |  1 |  65 |   0 | 8.332193e-01 | 8.376599e-01 |   0.53%| unknown
  1.1s|     1 |     0 |   918 |     - |    40M |   0 | 117 | 308 | 268 |   2 |  2 |  67 |   0 | 8.332279e-01 | 8.376599e-01 |   0.53%| unknown
  1.1s|     1 |     0 |   933 |     - |    40M |   0 | 117 | 311 | 269 |   3 |  3 |  70 |   0 | 8.332553e-01 | 8.376599e-01 |   0.53%| unknown
  1.1s|     1 |     0 |   942 |     - |    41M |   0 | 117 | 314 | 272 |   6 |  4 |  73 |   0 | 8.332597e-01 | 8.376599e-01 |   0.53%| unknown
  1.2s|     1 |     0 |   954 |     - |    41M |   0 | 117 | 315 | 273 |   7 |  5 |  74 |   0 | 8.332783e-01 | 8.376599e-01 |   0.53%| unknown
  1.2s|     1 |     0 |   968 |     - |    42M |   0 | 117 | 315 | 274 |   8 |  6 |  74 |   0 | 8.333027e-01 | 8.376599e-01 |   0.52%| unknown
  1.2s|     1 |     0 |   986 |     - |    42M |   0 | 117 | 315 | 275 |   9 |  7 |  74 |   0 | 8.333455e-01 | 8.376599e-01 |   0.52%| unknown
  1.2s|     1 |     0 |   995 |     - |    42M |   0 | 117 | 314 | 276 |  10 |  8 |  74 |   0 | 8.333496e-01 | 8.376599e-01 |   0.52%| unknown
  1.2s|     1 |     0 |  1010 |     - |    43M |   0 | 117 | 314 | 278 |  12 |  9 |  74 |   0 | 8.333563e-01 | 8.376599e-01 |   0.52%| unknown
  1.2s|     1 |     0 |  1018 |     - |    43M |   0 | 117 | 314 | 279 |  13 | 10 |  74 |   0 | 8.333590e-01 | 8.376599e-01 |   0.52%| unknown
  1.2s|     1 |     0 |  1028 |     - |    43M |   0 | 117 | 315 | 270 |  14 | 11 |  75 |   0 | 8.333667e-01 | 8.376599e-01 |   0.52%| unknown
  1.2s|     1 |     0 |  1250 |     - |    43M |   0 | 117 | 320 | 270 |  14 | 11 |  81 |   7 | 8.335854e-01 | 8.376599e-01 |   0.49%| unknown
(run 2, node 1) restarting after 6 global fixings of integer variables

(restart) converted 14 cuts from the global cut pool into linear constraints

presolving:
(round 1, fast)       6 del vars, 65 del conss, 0 add conss, 0 chg bounds, 0 chg sides, 67 chg coeffs, 0 upgd conss, 0 impls, 275 clqs, 0 implints
(round 2, exhaustive) 6 del vars, 65 del conss, 0 add conss, 0 chg bounds, 0 chg sides, 67 chg coeffs, 3 upgd conss, 0 impls, 275 clqs, 0 implints
(round 3, exhaustive) 6 del vars, 65 del conss, 0 add conss, 0 chg bounds, 0 chg sides, 68 chg coeffs, 3 upgd conss, 0 impls, 275 clqs, 0 implints
(round 4, exhaustive) 6 del vars, 66 del conss, 0 add conss, 0 chg bounds, 0 chg sides, 71 chg coeffs, 3 upgd conss, 0 impls, 275 clqs, 0 implints
presolving (5 rounds: 5 fast, 4 medium, 4 exhaustive):
 6 deleted vars, 66 deleted constraints, 0 added constraints, 0 tightened bounds, 0 added holes, 0 changed sides, 71 changed coefficients
 0 implications, 275 cliques, 0 implied integral variables (0 bin, 0 int, 0 cont)
presolved problem has 111 variables (110 bin, 0 int, 1 cont) and 268 constraints
      1 constraints of type <knapsack>
     35 constraints of type <setppc>
     58 constraints of type <linear>
    174 constraints of type <logicor>
Presolving Time: 0.19
transformed 3/9 original solutions to the transformed problem space

 time | node  | left  |LP iter|LP it/n|mem/heur|mdpt |vars |cons |rows |cuts |sepa|confs|strbr|  dualbound   | primalbound  |  gap   | compl. 
  1.2s|     1 |     0 |  1372 |     - |    42M |   0 | 111 | 268 | 220 |   0 |  0 |  81 |   7 | 8.335854e-01 | 8.376599e-01 |   0.49%| unknown
  1.2s|     1 |     0 |  1384 |     - |    42M |   0 | 111 | 269 | 224 |   4 |  1 |  82 |   7 | 8.335854e-01 | 8.376599e-01 |   0.49%| unknown
  1.2s|     1 |     0 |  1412 |     - |    42M |   0 | 111 | 269 | 225 |   5 |  2 |  82 |   7 | 8.335854e-01 | 8.376599e-01 |   0.49%| unknown
  1.3s|     1 |     0 |  1418 |     - |    42M |   0 | 111 | 269 | 226 |   6 |  3 |  82 |   7 | 8.335854e-01 | 8.376599e-01 |   0.49%| unknown
  1.3s|     1 |     0 |  1429 |     - |    42M |   0 | 111 | 269 | 227 |   7 |  4 |  82 |   7 | 8.335854e-01 | 8.376599e-01 |   0.49%| unknown
  1.3s|     1 |     0 |  1438 |     - |    42M |   0 | 111 | 275 | 228 |   8 |  5 |  88 |   7 | 8.335854e-01 | 8.376599e-01 |   0.49%| unknown
  1.3s|     1 |     0 |  1456 |     - |    42M |   0 | 111 | 277 | 230 |  10 |  6 |  90 |   7 | 8.335854e-01 | 8.376599e-01 |   0.49%| unknown
  1.3s|     1 |     0 |  1479 |     - |    42M |   0 | 111 | 279 | 231 |  11 |  7 |  92 |   7 | 8.335854e-01 | 8.376599e-01 |   0.49%| unknown
  1.3s|     1 |     0 |  1493 |     - |    42M |   0 | 111 | 281 | 232 |  12 |  8 |  94 |   7 | 8.335854e-01 | 8.376599e-01 |   0.49%| unknown
  1.3s|     1 |     0 |  1506 |     - |    43M |   0 | 111 | 283 | 234 |  14 |  9 |  96 |   7 | 8.335854e-01 | 8.376599e-01 |   0.49%| unknown
  1.3s|     1 |     0 |  1513 |     - |    44M |   0 | 111 | 284 | 236 |  16 | 10 |  97 |   7 | 8.335854e-01 | 8.376599e-01 |   0.49%| unknown
  1.3s|     1 |     0 |  1525 |     - |    44M |   0 | 111 | 289 | 239 |  19 | 11 | 102 |   7 | 8.335854e-01 | 8.376599e-01 |   0.49%| unknown
L 1.4s|     1 |     0 |  1712 |     - |    rens|   0 | 111 | 284 | 239 |  19 | 11 | 103 |   7 | 8.335854e-01 | 8.374871e-01 |   0.47%| unknown
  1.4s|     1 |     0 |  1712 |     - |    44M |   0 | 111 | 274 | 239 |  19 | 11 | 103 |   7 | 8.335854e-01 | 8.374871e-01 |   0.47%| unknown
  1.4s|     1 |     0 |  1712 |     - |    44M |   0 | 111 | 275 | 212 |  19 | 11 | 104 |   7 | 8.335854e-01 | 8.374871e-01 |   0.47%| unknown
 time | node  | left  |LP iter|LP it/n|mem/heur|mdpt |vars |cons |rows |cuts |sepa|confs|strbr|  dualbound   | primalbound  |  gap   | compl. 
  1.4s|     1 |     0 |  1715 |     - |    44M |   0 | 111 | 264 | 214 |  21 | 12 | 104 |   7 | 8.335854e-01 | 8.374871e-01 |   0.47%| unknown
  1.4s|     1 |     0 |  1727 |     - |    44M |   0 | 111 | 264 | 190 |  22 | 13 | 104 |   7 | 8.336371e-01 | 8.374871e-01 |   0.46%| unknown
  1.4s|     1 |     0 |  1753 |     - |    44M |   0 | 111 | 261 | 190 |  22 | 13 | 108 |  21 | 8.338176e-01 | 8.374871e-01 |   0.44%| unknown
(run 3, node 1) restarting after 8 global fixings of integer variables

(restart) converted 21 cuts from the global cut pool into linear constraints

presolving:
(round 1, fast)       9 del vars, 57 del conss, 0 add conss, 1 chg bounds, 0 chg sides, 31 chg coeffs, 0 upgd conss, 0 impls, 275 clqs, 0 implints
(round 2, medium)     12 del vars, 61 del conss, 0 add conss, 1 chg bounds, 0 chg sides, 39 chg coeffs, 0 upgd conss, 0 impls, 236 clqs, 0 implints
(round 3, medium)     13 del vars, 62 del conss, 0 add conss, 1 chg bounds, 0 chg sides, 39 chg coeffs, 0 upgd conss, 0 impls, 238 clqs, 0 implints
(round 4, exhaustive) 13 del vars, 62 del conss, 0 add conss, 1 chg bounds, 0 chg sides, 40 chg coeffs, 0 upgd conss, 0 impls, 239 clqs, 0 implints
(round 5, exhaustive) 13 del vars, 64 del conss, 0 add conss, 1 chg bounds, 2 chg sides, 40 chg coeffs, 0 upgd conss, 0 impls, 239 clqs, 0 implints
(round 6, exhaustive) 13 del vars, 64 del conss, 0 add conss, 1 chg bounds, 2 chg sides, 40 chg coeffs, 7 upgd conss, 0 impls, 239 clqs, 0 implints
(round 7, exhaustive) 13 del vars, 64 del conss, 0 add conss, 1 chg bounds, 2 chg sides, 41 chg coeffs, 7 upgd conss, 0 impls, 239 clqs, 0 implints
(round 8, exhaustive) 13 del vars, 66 del conss, 0 add conss, 1 chg bounds, 2 chg sides, 41 chg coeffs, 7 upgd conss, 0 impls, 239 clqs, 0 implints
(round 9, exhaustive) 13 del vars, 66 del conss, 0 add conss, 1 chg bounds, 2 chg sides, 44 chg coeffs, 7 upgd conss, 0 impls, 239 clqs, 0 implints
(round 10, exhaustive) 13 del vars, 68 del conss, 0 add conss, 1 chg bounds, 2 chg sides, 44 chg coeffs, 7 upgd conss, 0 impls, 239 clqs, 0 implints
(round 11, exhaustive) 14 del vars, 68 del conss, 0 add conss, 1 chg bounds, 2 chg sides, 44 chg coeffs, 7 upgd conss, 0 impls, 236 clqs, 0 implints
(round 12, fast)       14 del vars, 68 del conss, 0 add conss, 1 chg bounds, 2 chg sides, 46 chg coeffs, 7 upgd conss, 0 impls, 237 clqs, 0 implints
(round 13, exhaustive) 14 del vars, 68 del conss, 0 add conss, 1 chg bounds, 2 chg sides, 46 chg coeffs, 8 upgd conss, 0 impls, 237 clqs, 0 implints
(round 14, medium)     15 del vars, 69 del conss, 0 add conss, 1 chg bounds, 2 chg sides, 50 chg coeffs, 8 upgd conss, 0 impls, 235 clqs, 0 implints
presolving (15 rounds: 15 fast, 13 medium, 10 exhaustive):
 15 deleted vars, 69 deleted constraints, 0 added constraints, 1 tightened bounds, 0 added holes, 2 changed sides, 50 changed coefficients
 0 implications, 235 cliques, 0 implied integral variables (0 bin, 0 int, 0 cont)
presolved problem has 96 variables (95 bin, 0 int, 1 cont) and 214 constraints
      3 constraints of type <knapsack>
     27 constraints of type <setppc>
     70 constraints of type <linear>
    114 constraints of type <logicor>
Presolving Time: 0.20

 time | node  | left  |LP iter|LP it/n|mem/heur|mdpt |vars |cons |rows |cuts |sepa|confs|strbr|  dualbound   | primalbound  |  gap   | compl. 
  1.4s|     1 |     0 |  1835 |     - |    44M |   0 |  96 | 214 | 179 |   0 |  0 | 108 |  21 | 8.339225e-01 | 8.374871e-01 |   0.43%| unknown
  1.4s|     1 |     0 |  1835 |     - |    44M |   0 |  96 | 215 | 177 |   0 |  0 | 109 |  21 | 8.339225e-01 | 8.374871e-01 |   0.43%| unknown
  1.4s|     1 |     0 |  1846 |     - |    44M |   0 |  96 | 213 | 183 |   6 |  1 | 109 |  21 | 8.340053e-01 | 8.374871e-01 |   0.42%| unknown
  1.4s|     1 |     0 |  1859 |     - |    44M |   0 |  96 | 213 | 185 |   8 |  2 | 109 |  21 | 8.341224e-01 | 8.374871e-01 |   0.40%| unknown
  1.4s|     1 |     0 |  1874 |     - |    44M |   0 |  96 | 213 | 189 |  12 |  3 | 109 |  21 | 8.342921e-01 | 8.374871e-01 |   0.38%| unknown
  1.4s|     1 |     0 |  1890 |     - |    44M |   0 |  96 | 215 | 192 |  15 |  4 | 111 |  21 | 8.344734e-01 | 8.374871e-01 |   0.36%| unknown
  1.4s|     1 |     0 |  1903 |     - |    44M |   0 |  96 | 215 | 196 |  19 |  5 | 111 |  21 | 8.345100e-01 | 8.374871e-01 |   0.36%| unknown
  1.5s|     1 |     0 |  1924 |     - |    44M |   0 |  96 | 215 | 200 |  23 |  6 | 111 |  21 | 8.345463e-01 | 8.374871e-01 |   0.35%| unknown
  1.5s|     1 |     0 |  1935 |     - |    44M |   0 |  96 | 216 | 202 |  25 |  7 | 112 |  21 | 8.346196e-01 | 8.374871e-01 |   0.34%| unknown
  1.5s|     1 |     0 |  1965 |     - |    44M |   0 |  96 | 216 | 205 |  28 |  8 | 112 |  21 | 8.348526e-01 | 8.374871e-01 |   0.32%| unknown
  1.5s|     1 |     0 |  1965 |     - |    44M |   0 |  96 | 220 | 204 |  28 |  8 | 116 |  21 | 8.348526e-01 | 8.374871e-01 |   0.32%| unknown
  1.5s|     1 |     0 |  1994 |     - |    44M |   0 |  96 | 220 | 207 |  31 |  9 | 116 |  21 | 8.350398e-01 | 8.374871e-01 |   0.29%| unknown
  1.5s|     1 |     0 |  2018 |     - |    45M |   0 |  96 | 223 | 167 |  34 | 10 | 120 |  21 | 8.352523e-01 | 8.374871e-01 |   0.27%| unknown
  1.5s|     1 |     0 |  2018 |     - |    45M |   0 |  96 | 224 | 164 |  34 | 10 | 121 |  21 | 8.352523e-01 | 8.374871e-01 |   0.27%| unknown
  1.5s|     1 |     0 |  2028 |     - |    45M |   0 |  96 | 224 | 167 |  37 | 11 | 121 |  21 | 8.353394e-01 | 8.374871e-01 |   0.26%| unknown
 time | node  | left  |LP iter|LP it/n|mem/heur|mdpt |vars |cons |rows |cuts |sepa|confs|strbr|  dualbound   | primalbound  |  gap   | compl. 
  1.5s|     1 |     0 |  2048 |     - |    45M |   0 |  96 | 221 | 169 |  39 | 12 | 121 |  21 | 8.354232e-01 | 8.374871e-01 |   0.25%| unknown
  1.5s|     1 |     0 |  2061 |     - |    45M |   0 |  96 | 223 | 172 |  42 | 13 | 123 |  21 | 8.354575e-01 | 8.374871e-01 |   0.24%| unknown
  1.5s|     1 |     0 |  2077 |     - |    45M |   0 |  96 | 223 | 174 |  44 | 14 | 123 |  21 | 8.355367e-01 | 8.374871e-01 |   0.23%| unknown
  1.5s|     1 |     0 |  2092 |     - |    45M |   0 |  96 | 225 | 176 |  46 | 15 | 125 |  21 | 8.355718e-01 | 8.374871e-01 |   0.23%| unknown
  1.5s|     1 |     0 |  2108 |     - |    45M |   0 |  96 | 226 | 169 |  47 | 16 | 126 |  21 | 8.356028e-01 | 8.374871e-01 |   0.23%| unknown
  1.5s|     1 |     0 |  2117 |     - |    45M |   0 |  96 | 228 | 159 |  49 | 17 | 128 |  21 | 8.356162e-01 | 8.374871e-01 |   0.22%| unknown
  1.5s|     1 |     0 |  2131 |     - |    45M |   0 |  96 | 217 | 162 |  52 | 18 | 129 |  21 | 8.356314e-01 | 8.374871e-01 |   0.22%| unknown
  1.6s|     1 |     0 |  2140 |     - |    45M |   0 |  96 | 217 | 164 |  54 | 19 | 129 |  21 | 8.356437e-01 | 8.374871e-01 |   0.22%| unknown
  1.6s|     1 |     0 |  2161 |     - |    45M |   0 |  96 | 214 | 166 |  56 | 20 | 129 |  21 | 8.359261e-01 | 8.374871e-01 |   0.19%| unknown
  1.6s|     1 |     0 |  2161 |     - |    45M |   0 |  96 | 217 | 159 |  56 | 20 | 132 |  21 | 8.359261e-01 | 8.374871e-01 |   0.19%| unknown
  1.6s|     1 |     0 |  2170 |     - |    45M |   0 |  96 | 215 | 161 |  59 | 21 | 132 |  21 | 8.359470e-01 | 8.374871e-01 |   0.18%| unknown
  1.6s|     1 |     0 |  2170 |     - |    45M |   0 |  96 | 215 | 159 |  59 | 21 | 132 |  21 | 8.359470e-01 | 8.374871e-01 |   0.18%| unknown
  1.6s|     1 |     0 |  2185 |     - |    45M |   0 |  96 | 206 | 139 |  60 | 22 | 132 |  21 | 8.361963e-01 | 8.374871e-01 |   0.15%| unknown
  1.6s|     1 |     0 |  2185 |     - |    45M |   0 |  96 | 210 | 138 |  60 | 22 | 136 |  21 | 8.361963e-01 | 8.374871e-01 |   0.15%| unknown
  1.6s|     1 |     0 |  2199 |     - |    45M |   0 |  96 | 208 | 140 |  62 | 23 | 136 |  21 | 8.362802e-01 | 8.374871e-01 |   0.14%| unknown
 time | node  | left  |LP iter|LP it/n|mem/heur|mdpt |vars |cons |rows |cuts |sepa|confs|strbr|  dualbound   | primalbound  |  gap   | compl. 
  1.6s|     1 |     0 |  2199 |     - |    45M |   0 |  96 | 211 | 139 |  62 | 23 | 139 |  21 | 8.362802e-01 | 8.374871e-01 |   0.14%| unknown
  1.6s|     1 |     0 |  2204 |     - |    45M |   0 |  96 | 211 | 141 |  64 | 24 | 139 |  21 | 8.363445e-01 | 8.374871e-01 |   0.14%| unknown
  1.6s|     1 |     0 |  2225 |     - |    45M |   0 |  96 | 213 | 144 |  67 | 25 | 143 |  21 | 8.365689e-01 | 8.374871e-01 |   0.11%| unknown
  1.6s|     1 |     0 |  2225 |     - |    45M |   0 |  96 | 213 | 139 |  67 | 25 | 143 |  21 | 8.365689e-01 | 8.374871e-01 |   0.11%| unknown
  1.6s|     1 |     0 |  2227 |     - |    45M |   0 |  96 | 208 | 140 |  68 | 26 | 143 |  21 | 8.365810e-01 | 8.374871e-01 |   0.11%| unknown
  1.6s|     1 |     0 |  2230 |     - |    45M |   0 |  96 | 211 | 142 |  70 | 27 | 146 |  21 | 8.365856e-01 | 8.374871e-01 |   0.11%| unknown
  1.6s|     1 |     0 |  2234 |     - |    45M |   0 |  96 | 214 | 131 |  71 | 28 | 149 |  21 | 8.365944e-01 | 8.374871e-01 |   0.11%| unknown
  1.6s|     1 |     0 |  2238 |     - |    45M |   0 |  96 | 215 | 132 |  72 | 29 | 150 |  21 | 8.366276e-01 | 8.374871e-01 |   0.10%| unknown
  1.6s|     1 |     0 |  2238 |     - |    45M |   0 |  96 | 215 | 127 |  72 | 29 | 150 |  21 | 8.366276e-01 | 8.374871e-01 |   0.10%| unknown
  1.6s|     1 |     0 |  2240 |     - |    45M |   0 |  96 | 211 | 126 |  73 | 30 | 150 |  21 | 8.366301e-01 | 8.374871e-01 |   0.10%| unknown
  1.6s|     1 |     0 |  2240 |     - |    45M |   0 |  96 | 213 | 125 |  73 | 30 | 152 |  21 | 8.366301e-01 | 8.374871e-01 |   0.10%| unknown
  1.6s|     1 |     0 |  2243 |     - |    45M |   0 |  96 | 210 | 126 |  74 | 31 | 152 |  21 | 8.366431e-01 | 8.374871e-01 |   0.10%| unknown
  1.6s|     1 |     0 |  2243 |     - |    45M |   0 |  96 | 210 | 125 |  74 | 31 | 152 |  21 | 8.366431e-01 | 8.374871e-01 |   0.10%| unknown
  1.6s|     1 |     0 |  2243 |     - |    45M |   0 |  96 | 208 | 125 |  74 | 32 | 152 |  21 | 8.366431e-01 | 8.374871e-01 |   0.10%| unknown
  1.6s|     1 |     0 |  2243 |     - |    45M |   0 |  96 | 193 | 125 |  74 | 33 | 152 |  21 | 8.366431e-01 | 8.374871e-01 |   0.10%| unknown
 time | node  | left  |LP iter|LP it/n|mem/heur|mdpt |vars |cons |rows |cuts |sepa|confs|strbr|  dualbound   | primalbound  |  gap   | compl. 
  1.6s|     1 |     0 |  2264 |     - |    45M |   0 |  96 | 197 | 125 |  74 | 34 | 157 |  21 | 8.374871e-01 | 8.374871e-01 |   0.00%| unknown

SCIP Status        : problem is solved [optimal solution found]
Solving Time (sec) : 1.61
Solving Nodes      : 1 (total of 4 nodes in 4 runs)
Primal Bound       : +8.37487138126107e-01 (10 solutions)
Dual Bound         : +8.37487138126107e-01
Gap                : 0.00 %
objective value:                    0.837487138126107
x_('12_5', '13_1')                                  1 	(obj:0.0248127589623491)
x_('11_17', '12_5')                 0.999999999999993 	(obj:0.0196183401639344)
x_('10_31', '11_17')                0.999999999999993 	(obj:0.0215539173940813)
x_('9_42', '10_31')                 0.999999999999993 	(obj:0.0508928571428571)
x_('8_45', '9_42')                  0.999999999999993 	(obj:0.0339334504293521)
x_('7_37', '8_45')                                  1 	(obj:0.0366201331967213)
x_('6_35', '7_37')                                  1 	(obj:0.0401785714285714)
x_('5_30', '6_35')                                  1 	(obj:0.0288956381733021)
x_('4_25', '5_30')                                  1 	(obj:0.0694961943793911)
x_('3_20', '4_25')                                  1 	(obj:0.0696538348946136)
x_('2_14', '3_20')                                  1 	(obj:0.0701873536299766)
x_('1_10', '2_14')                                  1 	(obj:0.132066744730679)
x_('0_1', '1_10')                                   1 	(obj:0.0267857142857143)
y_0_0                                               1 	(obj:0)
y_1_0                                               1 	(obj:0)
y_2_0                                               1 	(obj:0)
y_3_0                                               1 	(obj:0)
y_4_0                               0.999999999999995 	(obj:0)
y_5_0                                               1 	(obj:0)
y_6_1                                               1 	(obj:0)
y_7_1                                               1 	(obj:0)
y_8_1                                               1 	(obj:0)
y_9_1                                               1 	(obj:0)
y_10_1                                              1 	(obj:0)
y_11_1                                              1 	(obj:0)
y_12_1                                              1 	(obj:0)
z_('3268741', '3425762')_1                          1 	(obj:0)
z_('3268741', '1966592X')_0                         1 	(obj:0)
z_('1966592X', '3452192')_0                         1 	(obj:0)
z_('3452192', '1353870')_0                          1 	(obj:0)
z_('3452192', '3520162')_0                          1 	(obj:0)
z_('3520162', '3307092')_1                          1 	(obj:0)
z_('3520162', '3524054')_0          0.999999999999995 	(obj:0)
z_('3268740', '3524054')_0                          1 	(obj:0)
z_('3524054', '3179975')_1                          1 	(obj:0)
z_('3179975', '3422998')_1                          1 	(obj:0)
z_('3422998', '2495223X')_1                         1 	(obj:0)
z_('3422998', '1353870_01')_1                       1 	(obj:0)
z_('2495223X', '2245784X')_1        0.999999999999993 	(obj:0)
alpha                                6.63879518072289 	(obj:0.0320527480547144)
  obj=0.838  alpha=1102.0s  time=1.63s

k = 1
  Subgraph edges — edge_w: 13 (1.2%)  bal_w: 13 (1.2%)  combined: 26 (2.4%)  blended: 13 (1.2%)  blended_union: 31 (2.8%)  diverse: 13 (1.2%)
  [3a] Subgraph / edge_w   k=1 …
2026-07-01 18:17:01.900 | INFO     | pycaalp.time_balancing.model:run_mip:430 - Running MIP solver ...
      obj=0.838 (vs_full=-0.00%)  alpha=1102.0s  build=0.001s solve=0.011s  vs_full=+0.00%
  [3b] Subgraph / bal_w    k=1 …
2026-07-01 18:17:01.911 | INFO     | pycaalp.time_balancing.model:run_mip:430 - Running MIP solver ...
      obj=1.102 (vs_full=+31.62%)  alpha=1160.1s  build=0.001s solve=0.012s  vs_full=+5.27%
  [3c] Subgraph / combined k=1 …
2026-07-01 18:17:01.923 | INFO     | pycaalp.time_balancing.model:run_mip:430 - Running MIP solver ...
      obj=0.838 (vs_full=-0.00%)  alpha=1102.0s  build=0.001s solve=0.014s  vs_full=+0.00%
  [3d] Subgraph / blended  k=1 …
2026-07-01 18:17:01.937 | INFO     | pycaalp.time_balancing.model:run_mip:430 - Running MIP solver ...
      obj=0.838 (vs_full=+0.06%)  alpha=1092.5s  build=0.001s solve=0.009s  vs_full=-0.86%
  [3e] Subgraph / bl-union k=1 …
2026-07-01 18:17:01.946 | INFO     | pycaalp.time_balancing.model:run_mip:430 - Running MIP solver ...
      obj=0.838 (vs_full=+0.00%)  alpha=1102.0s  build=0.012s solve=0.070s  vs_full=+0.00%
  [3f] Subgraph / diverse  k=1 …
2026-07-01 18:17:02.016 | INFO     | pycaalp.time_balancing.model:run_mip:430 - Running MIP solver ...
      obj=0.838 (vs_full=+0.06%)  alpha=1092.5s  build=0.006s solve=0.005s  vs_full=-0.86%

k = 2
  Subgraph edges — edge_w: 15 (1.4%)  bal_w: 20 (1.8%)  combined: 35 (3.2%)  blended: 15 (1.4%)  blended_union: 36 (3.3%)  diverse: 26 (2.4%)
  [3a] Subgraph / edge_w   k=2 …
2026-07-01 18:17:02.054 | INFO     | pycaalp.time_balancing.model:run_mip:430 - Running MIP solver ...
      obj=0.838 (vs_full=+0.00%)  alpha=1102.0s  build=0.003s solve=0.015s  vs_full=+0.00%
  [3b] Subgraph / bal_w    k=2 …
2026-07-01 18:17:02.069 | INFO     | pycaalp.time_balancing.model:run_mip:430 - Running MIP solver ...
      obj=1.102 (vs_full=+31.62%)  alpha=1160.1s  build=0.002s solve=0.006s  vs_full=+5.27%
  [3c] Subgraph / combined k=2 …
2026-07-01 18:17:02.075 | INFO     | pycaalp.time_balancing.model:run_mip:430 - Running MIP solver ...
      obj=0.838 (vs_full=+0.00%)  alpha=1102.0s  build=0.005s solve=0.015s  vs_full=+0.00%
  [3d] Subgraph / blended  k=2 …
2026-07-01 18:17:02.089 | INFO     | pycaalp.time_balancing.model:run_mip:430 - Running MIP solver ...
      obj=0.838 (vs_full=+0.06%)  alpha=1092.5s  build=0.003s solve=0.025s  vs_full=-0.86%
  [3e] Subgraph / bl-union k=2 …
2026-07-01 18:17:02.115 | INFO     | pycaalp.time_balancing.model:run_mip:430 - Running MIP solver ...
      obj=0.838 (vs_full=+0.00%)  alpha=1102.0s  build=0.015s solve=0.055s  vs_full=+0.00%
  [3f] Subgraph / diverse  k=2 …
2026-07-01 18:17:02.170 | INFO     | pycaalp.time_balancing.model:run_mip:430 - Running MIP solver ...
      obj=0.838 (vs_full=+0.06%)  alpha=1092.5s  build=0.003s solve=0.022s  vs_full=-0.86%

k = 5
  Subgraph edges — edge_w: 21 (1.9%)  bal_w: 29 (2.6%)  combined: 50 (4.5%)  blended: 19 (1.7%)  blended_union: 49 (4.4%)  diverse: 65 (5.9%)
  [3a] Subgraph / edge_w   k=5 …
2026-07-01 18:17:02.293 | INFO     | pycaalp.time_balancing.model:run_mip:430 - Running MIP solver ...
      obj=0.838 (vs_full=+0.00%)  alpha=1102.0s  build=0.010s solve=0.043s  vs_full=+0.00%
  [3b] Subgraph / bal_w    k=5 …
2026-07-01 18:17:02.336 | INFO     | pycaalp.time_balancing.model:run_mip:430 - Running MIP solver ...
      obj=1.076 (vs_full=+28.49%)  alpha=1122.3s  build=0.006s solve=0.009s  vs_full=+1.84%
  [3c] Subgraph / combined k=5 …
2026-07-01 18:17:02.346 | INFO     | pycaalp.time_balancing.model:run_mip:430 - Running MIP solver ...
      obj=0.838 (vs_full=+0.00%)  alpha=1102.0s  build=0.018s solve=0.097s  vs_full=+0.00%
  [3d] Subgraph / blended  k=5 …
2026-07-01 18:17:02.443 | INFO     | pycaalp.time_balancing.model:run_mip:430 - Running MIP solver ...
      obj=0.838 (vs_full=+0.06%)  alpha=1092.5s  build=0.009s solve=0.044s  vs_full=-0.86%
  [3e] Subgraph / bl-union k=5 …
2026-07-01 18:17:02.487 | INFO     | pycaalp.time_balancing.model:run_mip:430 - Running MIP solver ...
      obj=0.838 (vs_full=+0.00%)  alpha=1102.0s  build=0.048s solve=0.125s  vs_full=+0.00%
  [3f] Subgraph / diverse  k=5 …
2026-07-01 18:17:02.612 | INFO     | pycaalp.time_balancing.model:run_mip:430 - Running MIP solver ...
      obj=0.838 (vs_full=+0.06%)  alpha=1092.5s  build=0.010s solve=0.161s  vs_full=-0.86%

k = 10
  Subgraph edges — edge_w: 24 (2.2%)  bal_w: 39 (3.5%)  combined: 63 (5.7%)  blended: 27 (2.4%)  blended_union: 64 (5.8%)  diverse: 126 (11.4%)
  [3a] Subgraph / edge_w   k=10 …
2026-07-01 18:17:02.930 | INFO     | pycaalp.time_balancing.model:run_mip:430 - Running MIP solver ...
      obj=0.838 (vs_full=+0.00%)  alpha=1102.0s  build=0.020s solve=0.100s  vs_full=+0.00%
  [3b] Subgraph / bal_w    k=10 …
2026-07-01 18:17:03.030 | INFO     | pycaalp.time_balancing.model:run_mip:430 - Running MIP solver ...
      obj=1.076 (vs_full=+28.49%)  alpha=1122.3s  build=0.014s solve=0.062s  vs_full=+1.84%
  [3c] Subgraph / combined k=10 …
2026-07-01 18:17:03.092 | INFO     | pycaalp.time_balancing.model:run_mip:430 - Running MIP solver ...
      obj=0.838 (vs_full=+0.00%)  alpha=1102.0s  build=0.032s solve=0.102s  vs_full=+0.00%
  [3d] Subgraph / blended  k=10 …
2026-07-01 18:17:03.195 | INFO     | pycaalp.time_balancing.model:run_mip:430 - Running MIP solver ...
      obj=0.838 (vs_full=+0.06%)  alpha=1092.5s  build=0.020s solve=0.065s  vs_full=-0.86%
  [3e] Subgraph / bl-union k=10 …
2026-07-01 18:17:03.259 | INFO     | pycaalp.time_balancing.model:run_mip:430 - Running MIP solver ...
      obj=0.838 (vs_full=+0.00%)  alpha=1102.0s  build=0.063s solve=0.276s  vs_full=+0.00%
  [3f] Subgraph / diverse  k=10 …
2026-07-01 18:17:03.535 | INFO     | pycaalp.time_balancing.model:run_mip:430 - Running MIP solver ...
      obj=0.838 (vs_full=+0.06%)  alpha=1092.5s  build=0.008s solve=0.294s  vs_full=-0.86%

k = 20
  Subgraph edges — edge_w: 35 (3.2%)  bal_w: 49 (4.4%)  combined: 84 (7.6%)  blended: 35 (3.2%)  blended_union: 87 (7.9%)  diverse: 239 (21.6%)
  [3a] Subgraph / edge_w   k=20 …
2026-07-01 18:17:04.222 | INFO     | pycaalp.time_balancing.model:run_mip:430 - Running MIP solver ...
      obj=0.838 (vs_full=+0.00%)  alpha=1102.0s  build=0.049s solve=0.103s  vs_full=+0.00%
  [3b] Subgraph / bal_w    k=20 …
2026-07-01 18:17:04.326 | INFO     | pycaalp.time_balancing.model:run_mip:430 - Running MIP solver ...
      obj=1.076 (vs_full=+28.49%)  alpha=1122.3s  build=0.043s solve=0.082s  vs_full=+1.84%
  [3c] Subgraph / combined k=20 …
2026-07-01 18:17:04.408 | INFO     | pycaalp.time_balancing.model:run_mip:430 - Running MIP solver ...
      obj=0.838 (vs_full=+0.00%)  alpha=1102.0s  build=0.097s solve=0.162s  vs_full=+0.00%
  [3d] Subgraph / blended  k=20 …
2026-07-01 18:17:04.570 | INFO     | pycaalp.time_balancing.model:run_mip:430 - Running MIP solver ...
      obj=0.838 (vs_full=+0.06%)  alpha=1092.5s  build=0.048s solve=0.089s  vs_full=-0.86%
  [3e] Subgraph / bl-union k=20 …
2026-07-01 18:17:04.660 | INFO     | pycaalp.time_balancing.model:run_mip:430 - Running MIP solver ...
      obj=0.838 (vs_full=-0.00%)  alpha=1102.0s  build=0.143s solve=0.489s  vs_full=+0.00%
  [3f] Subgraph / diverse  k=20 …
2026-07-01 18:17:05.148 | INFO     | pycaalp.time_balancing.model:run_mip:430 - Running MIP solver ...
      obj=0.838 (vs_full=+0.06%)  alpha=1092.5s  build=0.012s solve=0.362s  vs_full=-0.86%

k = 50
  Subgraph edges — edge_w: 54 (4.9%)  bal_w: 74 (6.7%)  combined: 127 (11.5%)  blended: 42 (3.8%)  blended_union: 117 (10.6%)  diverse: 507 (45.9%)
  [3a] Subgraph / edge_w   k=50 …
2026-07-01 18:17:06.484 | INFO     | pycaalp.time_balancing.model:run_mip:430 - Running MIP solver ...
      obj=0.838 (vs_full=-0.00%)  alpha=1102.0s  build=0.105s solve=0.078s  vs_full=+0.00%
  [3b] Subgraph / bal_w    k=50 …
2026-07-01 18:17:06.562 | INFO     | pycaalp.time_balancing.model:run_mip:430 - Running MIP solver ...
      obj=1.072 (vs_full=+28.04%)  alpha=1122.3s  build=0.071s solve=0.167s  vs_full=+1.84%
  [3c] Subgraph / combined k=50 …
2026-07-01 18:17:06.729 | INFO     | pycaalp.time_balancing.model:run_mip:430 - Running MIP solver ...
      obj=0.838 (vs_full=+0.00%)  alpha=1102.0s  build=0.206s solve=0.551s  vs_full=+0.00%
  [3d] Subgraph / blended  k=50 …
2026-07-01 18:17:07.280 | INFO     | pycaalp.time_balancing.model:run_mip:430 - Running MIP solver ...
      obj=0.838 (vs_full=+0.06%)  alpha=1092.5s  build=0.128s solve=0.154s  vs_full=-0.86%
  [3e] Subgraph / bl-union k=50 …
2026-07-01 18:17:07.435 | INFO     | pycaalp.time_balancing.model:run_mip:430 - Running MIP solver ...
      obj=0.838 (vs_full=+0.00%)  alpha=1102.0s  build=0.440s solve=0.285s  vs_full=+0.00%
  [3f] Subgraph / diverse  k=50 …
2026-07-01 18:17:07.720 | INFO     | pycaalp.time_balancing.model:run_mip:430 - Running MIP solver ...
      obj=0.838 (vs_full=+0.06%)  alpha=1092.5s  build=0.022s solve=0.856s  vs_full=-0.86%

k = 100
  Subgraph edges — edge_w: 78 (7.1%)  bal_w: 85 (7.7%)  combined: 162 (14.7%)  blended: 46 (4.2%)  blended_union: 167 (15.1%)  diverse: 744 (67.3%)
  [3a] Subgraph / edge_w   k=100 …
2026-07-01 18:17:10.682 | INFO     | pycaalp.time_balancing.model:run_mip:430 - Running MIP solver ...
      obj=0.838 (vs_full=+0.00%)  alpha=1102.0s  build=0.279s solve=0.092s  vs_full=+0.00%
  [3b] Subgraph / bal_w    k=100 …
2026-07-01 18:17:10.774 | INFO     | pycaalp.time_balancing.model:run_mip:430 - Running MIP solver ...
      obj=1.072 (vs_full=+28.04%)  alpha=1122.3s  build=0.162s solve=0.183s  vs_full=+1.84%
  [3c] Subgraph / combined k=100 …
2026-07-01 18:17:10.958 | INFO     | pycaalp.time_balancing.model:run_mip:430 - Running MIP solver ...
      obj=0.838 (vs_full=-0.00%)  alpha=1102.0s  build=0.441s solve=0.523s  vs_full=+0.00%
  [3d] Subgraph / blended  k=100 …
2026-07-01 18:17:11.481 | INFO     | pycaalp.time_balancing.model:run_mip:430 - Running MIP solver ...
      obj=0.838 (vs_full=+0.06%)  alpha=1092.5s  build=0.321s solve=0.158s  vs_full=-0.86%
  [3e] Subgraph / bl-union k=100 …
2026-07-01 18:17:11.639 | INFO     | pycaalp.time_balancing.model:run_mip:430 - Running MIP solver ...
      obj=0.838 (vs_full=+0.00%)  alpha=1102.0s  build=0.839s solve=0.358s  vs_full=+0.00%
  [3f] Subgraph / diverse  k=100 …
2026-07-01 18:17:11.998 | INFO     | pycaalp.time_balancing.model:run_mip:430 - Running MIP solver ...
      obj=0.838 (vs_full=+0.06%)  alpha=1092.5s  build=0.063s solve=1.024s  vs_full=-0.86%

k = 200
  Subgraph edges — edge_w: 95 (8.6%)  bal_w: 118 (10.7%)  combined: 211 (19.1%)  blended: 71 (6.4%)  blended_union: 212 (19.2%)  diverse: 911 (82.4%)
  [3a] Subgraph / edge_w   k=200 …
2026-07-01 18:17:16.595 | INFO     | pycaalp.time_balancing.model:run_mip:430 - Running MIP solver ...
      obj=0.838 (vs_full=+0.00%)  alpha=1102.0s  build=0.529s solve=0.194s  vs_full=+0.00%
  [3b] Subgraph / bal_w    k=200 …
2026-07-01 18:17:16.789 | INFO     | pycaalp.time_balancing.model:run_mip:430 - Running MIP solver ...
      obj=1.072 (vs_full=+27.95%)  alpha=1122.3s  build=0.283s solve=0.223s  vs_full=+1.84%
  [3c] Subgraph / combined k=200 …
2026-07-01 18:17:17.012 | INFO     | pycaalp.time_balancing.model:run_mip:430 - Running MIP solver ...
      obj=0.838 (vs_full=+0.00%)  alpha=1102.0s  build=0.754s solve=0.746s  vs_full=+0.00%
  [3d] Subgraph / blended  k=200 …
2026-07-01 18:17:17.758 | INFO     | pycaalp.time_balancing.model:run_mip:430 - Running MIP solver ...
      obj=0.838 (vs_full=+0.06%)  alpha=1092.5s  build=0.506s solve=0.256s  vs_full=-0.86%
  [3e] Subgraph / bl-union k=200 …
2026-07-01 18:17:18.015 | INFO     | pycaalp.time_balancing.model:run_mip:430 - Running MIP solver ...
      obj=0.838 (vs_full=+0.00%)  alpha=1102.0s  build=1.383s solve=0.602s  vs_full=+0.00%
  [3f] Subgraph / diverse  k=200 …
2026-07-01 18:17:18.616 | INFO     | pycaalp.time_balancing.model:run_mip:430 - Running MIP solver ...
      obj=0.838 (vs_full=+0.06%)  alpha=1092.5s  build=0.117s solve=1.688s  vs_full=-0.86%

k = 500
  Subgraph edges — edge_w: 108 (9.8%)  bal_w: 170 (15.4%)  combined: 274 (24.8%)  blended: 115 (10.4%)  blended_union: 278 (25.2%)  diverse: 1046 (94.7%)
  [3a] Subgraph / edge_w   k=500 …
2026-07-01 18:17:31.245 | INFO     | pycaalp.time_balancing.model:run_mip:430 - Running MIP solver ...
      obj=0.838 (vs_full=+0.00%)  alpha=1102.0s  build=1.286s solve=0.709s  vs_full=+0.00%
  [3b] Subgraph / bal_w    k=500 …
2026-07-01 18:17:31.954 | INFO     | pycaalp.time_balancing.model:run_mip:430 - Running MIP solver ...
      obj=1.038 (vs_full=+23.98%)  alpha=1104.1s  build=0.803s solve=0.258s  vs_full=+0.19%
  [3c] Subgraph / combined k=500 …
2026-07-01 18:17:32.212 | INFO     | pycaalp.time_balancing.model:run_mip:430 - Running MIP solver ...
      obj=0.838 (vs_full=+0.00%)  alpha=1102.0s  build=2.021s solve=0.916s  vs_full=+0.00%
  [3d] Subgraph / blended  k=500 …
2026-07-01 18:17:33.128 | INFO     | pycaalp.time_balancing.model:run_mip:430 - Running MIP solver ...
      obj=0.838 (vs_full=-0.00%)  alpha=1102.0s  build=1.545s solve=1.342s  vs_full=+0.00%
  [3e] Subgraph / bl-union k=500 …
2026-07-01 18:17:34.471 | INFO     | pycaalp.time_balancing.model:run_mip:430 - Running MIP solver ...
      obj=0.838 (vs_full=+0.00%)  alpha=1102.0s  build=4.877s solve=1.115s  vs_full=+0.00%
  [3f] Subgraph / diverse  k=500 …
2026-07-01 18:17:35.586 | INFO     | pycaalp.time_balancing.model:run_mip:430 - Running MIP solver ...
      obj=0.838 (vs_full=+0.00%)  alpha=1102.0s  build=0.410s solve=1.349s  vs_full=+0.00%

k = 1000
  Subgraph edges — edge_w: 142 (12.9%)  bal_w: 223 (20.2%)  combined: 359 (32.5%)  blended: 144 (13.0%)  blended_union: 305 (27.6%)  diverse: 1102 (99.7%)
  [3a] Subgraph / edge_w   k=1000 …
2026-07-01 18:18:01.563 | INFO     | pycaalp.time_balancing.model:run_mip:430 - Running MIP solver ...
      obj=0.838 (vs_full=+0.00%)  alpha=1102.0s  build=3.177s solve=1.366s  vs_full=+0.00%
  [3b] Subgraph / bal_w    k=1000 …
2026-07-01 18:18:02.929 | INFO     | pycaalp.time_balancing.model:run_mip:430 - Running MIP solver ...
      obj=1.030 (vs_full=+22.96%)  alpha=1104.1s  build=2.143s solve=1.424s  vs_full=+0.19%
  [3c] Subgraph / combined k=1000 …
2026-07-01 18:18:04.353 | INFO     | pycaalp.time_balancing.model:run_mip:430 - Running MIP solver ...
      obj=0.838 (vs_full=+0.00%)  alpha=1102.0s  build=5.396s solve=1.208s  vs_full=+0.00%
  [3d] Subgraph / blended  k=1000 …
2026-07-01 18:18:05.562 | INFO     | pycaalp.time_balancing.model:run_mip:430 - Running MIP solver ...
      obj=0.838 (vs_full=+0.00%)  alpha=1102.0s  build=3.335s solve=0.487s  vs_full=+0.00%
  [3e] Subgraph / bl-union k=1000 …
2026-07-01 18:18:06.048 | INFO     | pycaalp.time_balancing.model:run_mip:430 - Running MIP solver ...
      obj=0.838 (vs_full=+0.00%)  alpha=1102.0s  build=9.733s solve=0.701s  vs_full=+0.00%
  [3f] Subgraph / diverse  k=1000 …
2026-07-01 18:18:06.749 | INFO     | pycaalp.time_balancing.model:run_mip:430 - Running MIP solver ...
      obj=0.838 (vs_full=+0.00%)  alpha=1102.0s  build=0.844s solve=1.607s  vs_full=+0.00%

k = 2000
  Subgraph edges — edge_w: 185 (16.7%)  bal_w: 291 (26.3%)  combined: 464 (42.0%)  blended: 164 (14.8%)  blended_union: 356 (32.2%)  diverse: 1105 (100.0%)
  [3a] Subgraph / edge_w   k=2000 …
2026-07-01 18:19:05.695 | INFO     | pycaalp.time_balancing.model:run_mip:430 - Running MIP solver ...
      obj=0.838 (vs_full=+0.00%)  alpha=1102.0s  build=6.991s solve=0.953s  vs_full=+0.00%
  [3b] Subgraph / bal_w    k=2000 …
2026-07-01 18:19:06.649 | INFO     | pycaalp.time_balancing.model:run_mip:430 - Running MIP solver ...
      obj=1.019 (vs_full=+21.70%)  alpha=1104.1s  build=5.594s solve=0.620s  vs_full=+0.19%
  [3c] Subgraph / combined k=2000 …
2026-07-01 18:19:07.269 | INFO     | pycaalp.time_balancing.model:run_mip:430 - Running MIP solver ...
      obj=0.838 (vs_full=+0.00%)  alpha=1102.0s  build=12.819s solve=2.409s  vs_full=+0.00%
  [3d] Subgraph / blended  k=2000 …
2026-07-01 18:19:09.678 | INFO     | pycaalp.time_balancing.model:run_mip:430 - Running MIP solver ...
      obj=0.838 (vs_full=+0.00%)  alpha=1102.0s  build=7.442s solve=0.801s  vs_full=+0.00%
  [3e] Subgraph / bl-union k=2000 …
2026-07-01 18:19:10.479 | INFO     | pycaalp.time_balancing.model:run_mip:430 - Running MIP solver ...
      obj=0.838 (vs_full=+0.00%)  alpha=1102.0s  build=22.370s solve=0.929s  vs_full=+0.00%
  [3f] Subgraph / diverse  k=2000 …
2026-07-01 18:19:11.407 | INFO     | pycaalp.time_balancing.model:run_mip:430 - Running MIP solver ...
      obj=0.838 (vs_full=+0.00%)  alpha=1102.0s  build=2.123s solve=1.786s  vs_full=+0.00%

k = 5000
  Subgraph edges — edge_w: 232 (21.0%)  bal_w: 382 (34.6%)  combined: 593 (53.7%)  blended: 207 (18.7%)  blended_union: 482 (43.6%)  diverse: 1105 (100.0%)
  [3a] Subgraph / edge_w   k=5000 …
2026-07-01 18:23:13.933 | INFO     | pycaalp.time_balancing.model:run_mip:430 - Running MIP solver ...
      obj=0.838 (vs_full=+0.00%)  alpha=1102.0s  build=30.021s solve=1.208s  vs_full=+0.00%
  [3b] Subgraph / bal_w    k=5000 …
2026-07-01 18:23:15.141 | INFO     | pycaalp.time_balancing.model:run_mip:430 - Running MIP solver ...
      obj=1.012 (vs_full=+20.84%)  alpha=1108.3s  build=22.046s solve=1.052s  vs_full=+0.57%
  [3c] Subgraph / combined k=5000 …
2026-07-01 18:23:16.193 | INFO     | pycaalp.time_balancing.model:run_mip:430 - Running MIP solver ...
      obj=0.838 (vs_full=-0.00%)  alpha=1102.0s  build=54.207s solve=2.235s  vs_full=+0.00%
  [3d] Subgraph / blended  k=5000 …
2026-07-01 18:23:18.429 | INFO     | pycaalp.time_balancing.model:run_mip:430 - Running MIP solver ...
      obj=0.838 (vs_full=-0.00%)  alpha=1102.0s  build=33.985s solve=0.844s  vs_full=+0.00%
  [3e] Subgraph / bl-union k=5000 …
2026-07-01 18:23:19.272 | INFO     | pycaalp.time_balancing.model:run_mip:430 - Running MIP solver ...
      obj=0.838 (vs_full=-0.00%)  alpha=1102.0s  build=94.801s solve=1.849s  vs_full=+0.00%
  [3f] Subgraph / diverse  k=5000 …
2026-07-01 18:23:21.121 | INFO     | pycaalp.time_balancing.model:run_mip:430 - Running MIP solver ...
      obj=0.838 (vs_full=+0.00%)  alpha=1102.0s  build=5.680s solve=2.021s  vs_full=+0.00%

Results saved to experiments/strategy_comparison/assembly_1_np_2/strategy_comparison_lambda_0.25.csv
Plot with:  python -m experiments.strategy_comparison.plot_k_sensitivity

============================================================================================================================
SUMMARY — assembly_1  P=2  λ=0.25
============================================================================================================================
Strategy       Weight                      k   Build    Solve    Total  Spdup       Obj   ObjvsF     Alpha    AlvsF   Edges  %Grph
----------------------------------------------------------------------------------------------------------------------------
full_mip       —                               0.000    1.635    1.635   1.0x     0.838    +0.00   1102.04    +0.00    1105  100.0
subgraph_mip   edge_weight                 1   0.001    0.011    0.012 134.2x     0.838    -0.00   1102.04    +0.00      13    1.2
subgraph_mip   time_balanced_weight        1   0.001    0.012    0.013 129.1x     1.102   +31.62   1160.13    +5.27      13    1.2
subgraph_mip   combined                    1   0.001    0.014    0.015 108.9x     0.838    -0.00   1102.04    +0.00      26    2.4
subgraph_mip   blended                     1   0.001    0.009    0.009 175.0x     0.838    +0.06   1092.52    -0.86      13    1.2
subgraph_mip   blended_union               1   0.012    0.070    0.082  19.9x     0.838    +0.00   1102.04    +0.00      31    2.8
subgraph_mip   diverse                     1   0.006    0.005    0.011 147.7x     0.838    +0.06   1092.52    -0.86      13    1.2
subgraph_mip   edge_weight                 2   0.003    0.015    0.018  89.5x     0.838    +0.00   1102.04    +0.00      15    1.4
subgraph_mip   time_balanced_weight        2   0.002    0.006    0.008 200.0x     1.102   +31.62   1160.13    +5.27      20    1.8
subgraph_mip   combined                    2   0.005    0.015    0.020  82.3x     0.838    +0.00   1102.04    +0.00      35    3.2
subgraph_mip   blended                     2   0.003    0.025    0.028  58.3x     0.838    +0.06   1092.52    -0.86      15    1.4
subgraph_mip   blended_union               2   0.015    0.055    0.070  23.4x     0.838    +0.00   1102.04    +0.00      36    3.3
subgraph_mip   diverse                     2   0.003    0.022    0.025  65.0x     0.838    +0.06   1092.52    -0.86      26    2.4
subgraph_mip   edge_weight                 5   0.010    0.043    0.053  30.9x     0.838    +0.00   1102.04    +0.00      21    1.9
subgraph_mip   time_balanced_weight        5   0.006    0.009    0.016 105.3x     1.076   +28.49   1122.33    +1.84      29    2.6
subgraph_mip   combined                    5   0.018    0.097    0.115  14.2x     0.838    +0.00   1102.04    +0.00      50    4.5
subgraph_mip   blended                     5   0.009    0.044    0.053  30.7x     0.838    +0.06   1092.52    -0.86      19    1.7
subgraph_mip   blended_union               5   0.048    0.125    0.173   9.4x     0.838    +0.00   1102.04    +0.00      49    4.4
subgraph_mip   diverse                     5   0.010    0.161    0.171   9.6x     0.838    +0.06   1092.52    -0.86      65    5.9
subgraph_mip   edge_weight                10   0.020    0.100    0.120  13.6x     0.838    +0.00   1102.04    +0.00      24    2.2
subgraph_mip   time_balanced_weight       10   0.014    0.062    0.076  21.6x     1.076   +28.49   1122.33    +1.84      39    3.5
subgraph_mip   combined                   10   0.032    0.102    0.134  12.2x     0.838    +0.00   1102.04    +0.00      63    5.7
subgraph_mip   blended                    10   0.020    0.065    0.084  19.4x     0.838    +0.06   1092.52    -0.86      27    2.4
subgraph_mip   blended_union              10   0.063    0.276    0.339   4.8x     0.838    +0.00   1102.04    +0.00      64    5.8
subgraph_mip   diverse                    10   0.008    0.294    0.302   5.4x     0.838    +0.06   1092.52    -0.86     126   11.4
subgraph_mip   edge_weight                20   0.049    0.103    0.152  10.8x     0.838    +0.00   1102.04    +0.00      35    3.2
subgraph_mip   time_balanced_weight       20   0.043    0.082    0.125  13.1x     1.076   +28.49   1122.33    +1.84      49    4.4
subgraph_mip   combined                   20   0.097    0.162    0.260   6.3x     0.838    +0.00   1102.04    +0.00      84    7.6
subgraph_mip   blended                    20   0.048    0.089    0.138  11.9x     0.838    +0.06   1092.52    -0.86      35    3.2
subgraph_mip   blended_union              20   0.143    0.489    0.631   2.6x     0.838    -0.00   1102.04    +0.00      87    7.9
subgraph_mip   diverse                    20   0.012    0.362    0.375   4.4x     0.838    +0.06   1092.52    -0.86     239   21.6
subgraph_mip   edge_weight                50   0.105    0.078    0.183   8.9x     0.838    -0.00   1102.04    +0.00      54    4.9
subgraph_mip   time_balanced_weight       50   0.071    0.167    0.238   6.9x     1.072   +28.04   1122.33    +1.84      74    6.7
subgraph_mip   combined                   50   0.206    0.551    0.757   2.2x     0.838    +0.00   1102.04    +0.00     127   11.5
subgraph_mip   blended                    50   0.128    0.154    0.283   5.8x     0.838    +0.06   1092.52    -0.86      42    3.8
subgraph_mip   blended_union              50   0.440    0.285    0.724   2.3x     0.838    +0.00   1102.04    +0.00     117   10.6
subgraph_mip   diverse                    50   0.022    0.856    0.879   1.9x     0.838    +0.06   1092.52    -0.86     507   45.9
subgraph_mip   edge_weight               100   0.279    0.092    0.371   4.4x     0.838    +0.00   1102.04    +0.00      78    7.1
subgraph_mip   time_balanced_weight      100   0.162    0.183    0.346   4.7x     1.072   +28.04   1122.33    +1.84      85    7.7
subgraph_mip   combined                  100   0.441    0.523    0.964   1.7x     0.838    -0.00   1102.04    +0.00     162   14.7
subgraph_mip   blended                   100   0.321    0.158    0.479   3.4x     0.838    +0.06   1092.52    -0.86      46    4.2
subgraph_mip   blended_union             100   0.839    0.358    1.198   1.4x     0.838    +0.00   1102.04    +0.00     167   15.1
subgraph_mip   diverse                   100   0.063    1.024    1.086   1.5x     0.838    +0.06   1092.52    -0.86     744   67.3
subgraph_mip   edge_weight               200   0.529    0.194    0.724   2.3x     0.838    +0.00   1102.04    +0.00      95    8.6
subgraph_mip   time_balanced_weight      200   0.283    0.223    0.506   3.2x     1.072   +27.95   1122.33    +1.84     118   10.7
subgraph_mip   combined                  200   0.754    0.746    1.501   1.1x     0.838    +0.00   1102.04    +0.00     211   19.1
subgraph_mip   blended                   200   0.506    0.256    0.763   2.1x     0.838    +0.06   1092.52    -0.86      71    6.4
subgraph_mip   blended_union             200   1.383    0.602    1.984   0.8x     0.838    +0.00   1102.04    +0.00     212   19.2
subgraph_mip   diverse                   200   0.117    1.688    1.805   0.9x     0.838    +0.06   1092.52    -0.86     911   82.4
subgraph_mip   edge_weight               500   1.286    0.709    1.994   0.8x     0.838    +0.00   1102.04    +0.00     108    9.8
subgraph_mip   time_balanced_weight      500   0.803    0.258    1.060   1.5x     1.038   +23.98   1104.13    +0.19     170   15.4
subgraph_mip   combined                  500   2.021    0.916    2.937   0.6x     0.838    +0.00   1102.04    +0.00     274   24.8
subgraph_mip   blended                   500   1.545    1.342    2.887   0.6x     0.838    -0.00   1102.04    +0.00     115   10.4
subgraph_mip   blended_union             500   4.877    1.115    5.992   0.3x     0.838    +0.00   1102.04    +0.00     278   25.2
subgraph_mip   diverse                   500   0.410    1.349    1.758   0.9x     0.838    +0.00   1102.04    +0.00    1046   94.7
subgraph_mip   edge_weight              1000   3.177    1.366    4.542   0.4x     0.838    +0.00   1102.04    +0.00     142   12.8
subgraph_mip   time_balanced_weight     1000   2.143    1.424    3.567   0.5x     1.030   +22.96   1104.13    +0.19     223   20.2
subgraph_mip   combined                 1000   5.396    1.208    6.604   0.2x     0.838    +0.00   1102.04    +0.00     359   32.5
subgraph_mip   blended                  1000   3.335    0.487    3.823   0.4x     0.838    +0.00   1102.04    +0.00     144   13.0
subgraph_mip   blended_union            1000   9.733    0.701   10.434   0.2x     0.838    +0.00   1102.04    +0.00     305   27.6
subgraph_mip   diverse                  1000   0.844    1.607    2.451   0.7x     0.838    +0.00   1102.04    +0.00    1102   99.7
subgraph_mip   edge_weight              2000   6.991    0.953    7.944   0.2x     0.838    +0.00   1102.04    +0.00     185   16.7
subgraph_mip   time_balanced_weight     2000   5.594    0.620    6.214   0.3x     1.019   +21.70   1104.13    +0.19     291   26.3
subgraph_mip   combined                 2000  12.819    2.409   15.228   0.1x     0.838    +0.00   1102.04    +0.00     464   42.0
subgraph_mip   blended                  2000   7.442    0.801    8.243   0.2x     0.838    +0.00   1102.04    +0.00     164   14.8
subgraph_mip   blended_union            2000  22.370    0.929   23.299   0.1x     0.838    +0.00   1102.04    +0.00     356   32.2
subgraph_mip   diverse                  2000   2.123    1.786    3.908   0.4x     0.838    +0.00   1102.04    +0.00    1105  100.0
subgraph_mip   edge_weight              5000  30.021    1.208   31.229   0.1x     0.838    +0.00   1102.04    +0.00     232   21.0
subgraph_mip   time_balanced_weight     5000  22.046    1.052   23.097   0.1x     1.012   +20.84   1108.32    +0.57     382   34.6
subgraph_mip   combined                 5000  54.207    2.235   56.443   0.0x     0.838    -0.00   1102.04    +0.00     593   53.7
subgraph_mip   blended                  5000  33.985    0.844   34.829   0.1x     0.838    -0.00   1102.04    +0.00     207   18.7
subgraph_mip   blended_union            5000  94.801    1.849   96.650   0.0x     0.838    -0.00   1102.04    +0.00     482   43.6
subgraph_mip   diverse                  5000   5.680    2.021    7.701   0.2x     0.838    +0.00   1102.04    +0.00    1105  100.0
============================================================================================================================

----------------- λ = 0.3 -----------------
========================================================================
Strategy Comparison Experiment — assembly_1  P=2  λ=0.3
========================================================================

Building assembly digraph …
2026-07-01 18:16:59.947 | INFO     | pycaalp.gapp.assembly_digraph:compute_assembly_digraph_complete:395 - Computing assembly digraph...
  343 nodes, 1105 edges  (0.3s)

[1] Full MIP  P=2  λ=0.3
2026-07-01 18:17:00.266 | INFO     | pycaalp.time_balancing.model:run_mip:430 - Running MIP solver ...
presolving:
(round 1, fast)       28 del vars, 40 del conss, 0 add conss, 0 chg bounds, 0 chg sides, 0 chg coeffs, 0 upgd conss, 0 impls, 43 clqs, 0 implints
(round 2, exhaustive) 28 del vars, 40 del conss, 0 add conss, 1 chg bounds, 0 chg sides, 0 chg coeffs, 2253 upgd conss, 0 impls, 43 clqs, 0 implints
   (0.2s) probing: 1000/1129 (88.6%) - 0 fixings, 0 aggregations, 119627 implications, 0 bound changes
   (0.2s) probing: 1001/1129 (88.7%) - 0 fixings, 0 aggregations, 119803 implications, 0 bound changes
   (0.2s) probing aborted: 1000/1000 successive useless probings
   (0.2s) symmetry computation started: requiring (bin +, int +, cont +), (fixed: bin -, int -, cont -)
   (0.2s) no symmetry present (symcode time: 0.00)
presolving (3 rounds: 3 fast, 2 medium, 2 exhaustive):
 28 deleted vars, 40 deleted constraints, 0 added constraints, 1 tightened bounds, 0 added holes, 0 changed sides, 0 changed coefficients
 0 implications, 8934 cliques, 0 implied integral variables (0 bin, 0 int, 0 cont)
presolved problem has 1130 variables (1129 bin, 0 int, 1 cont) and 2565 constraints
     43 constraints of type <setppc>
    312 constraints of type <linear>
   2210 constraints of type <logicor>
Presolving Time: 0.23

 time | node  | left  |LP iter|LP it/n|mem/heur|mdpt |vars |cons |rows |cuts |sepa|confs|strbr|  dualbound   | primalbound  |  gap   | compl. 
p 0.3s|     1 |     0 |     4 |     - | vbounds|   0 |1130 |2578 |2565 |   0 |  0 |  12 |   0 | 0.000000e+00 | 1.321584e+00 |    Inf | unknown
p 0.3s|     1 |     0 |   112 |     - | vbounds|   0 |1130 |2590 |2565 |   0 |  0 |  24 |   0 | 0.000000e+00 | 1.309302e+00 |    Inf | unknown
  0.3s|     1 |     0 |   357 |     - |    21M |   0 |1130 |2590 |2565 |   0 |  0 |  24 |   0 | 8.329273e-01 | 1.309302e+00 |  57.19%| unknown
  0.4s|     1 |     0 |   381 |     - |    23M |   0 |1130 |2591 |2567 |   2 |  1 |  25 |   0 | 8.329417e-01 | 1.309302e+00 |  57.19%| unknown
r 0.4s|     1 |     0 |   381 |     - |shifting|   0 |1130 |2591 |2567 |   2 |  1 |  25 |   0 | 8.329417e-01 | 8.385604e-01 |   0.67%| unknown
  0.4s|     1 |     0 |   400 |     - |    24M |   0 |1130 |2591 |2568 |   3 |  2 |  25 |   0 | 8.330126e-01 | 8.385604e-01 |   0.67%| unknown
  0.4s|     1 |     0 |   400 |     - |    24M |   0 |1130 |2591 |1288 |   3 |  2 |  25 |   0 | 8.330126e-01 | 8.385604e-01 |   0.67%| unknown
  0.5s|     1 |     0 |   412 |     - |    24M |   0 |1130 |2383 |1279 |   5 |  3 |  25 |   0 | 8.330357e-01 | 8.385604e-01 |   0.66%| unknown
  0.6s|     1 |     0 |   424 |     - |    26M |   0 |1130 |2085 |1280 |   6 |  4 |  25 |   0 | 8.330457e-01 | 8.385604e-01 |   0.66%| unknown
  0.7s|     1 |     0 |   427 |     - |    27M |   0 |1130 |1964 |1282 |   8 |  5 |  26 |   0 | 8.330469e-01 | 8.385604e-01 |   0.66%| unknown
  0.8s|     1 |     0 |   457 |     - |    30M |   0 |1130 |1939 |1285 |  11 |  6 |  28 |   0 | 8.330886e-01 | 8.385604e-01 |   0.66%| unknown
  0.8s|     1 |     0 |   458 |     - |    33M |   0 |1130 |1813 |1286 |  12 |  7 |  28 |   0 | 8.330886e-01 | 8.385604e-01 |   0.66%| unknown
  0.9s|     1 |     0 |   475 |     - |    36M |   0 |1130 |1782 |1287 |  13 |  8 |  35 |   0 | 8.330911e-01 | 8.385604e-01 |   0.66%| unknown
  1.0s|     1 |     0 |   507 |     - |    38M |   0 |1130 |1782 |1288 |  14 |  9 |  35 |   0 | 8.331072e-01 | 8.385604e-01 |   0.65%| unknown
  1.1s|     1 |     0 |   526 |     - |    40M |   0 |1130 |1754 |1289 |  15 | 10 |  37 |   0 | 8.331201e-01 | 8.385604e-01 |   0.65%| unknown
 time | node  | left  |LP iter|LP it/n|mem/heur|mdpt |vars |cons |rows |cuts |sepa|confs|strbr|  dualbound   | primalbound  |  gap   | compl. 
  1.1s|     1 |     0 |   532 |     - |    40M |   0 |1130 |1667 |1291 |  17 | 11 |  37 |   0 | 8.331284e-01 | 8.385604e-01 |   0.65%| unknown
  1.1s|     1 |     0 |   532 |     - |    40M |   0 |1130 |1081 |1291 |  17 | 11 |  38 |   0 | 8.331284e-01 | 8.385604e-01 |   0.65%| unknown
  1.1s|     1 |     0 |   537 |     - |    41M |   0 |1130 |1081 |1293 |  19 | 12 |  38 |   0 | 8.331348e-01 | 8.385604e-01 |   0.65%| unknown
  1.1s|     1 |     0 |   539 |     - |    41M |   0 |1130 | 815 |1295 |  21 | 13 |  38 |   0 | 8.331394e-01 | 8.385604e-01 |   0.65%| unknown
  1.1s|     1 |     0 |   542 |     - |    42M |   0 |1130 | 813 |1296 |  22 | 14 |  39 |   0 | 8.331406e-01 | 8.385604e-01 |   0.65%| unknown
  1.1s|     1 |     0 |   548 |     - |    42M |   0 |1130 | 787 |1296 |  24 | 15 |  39 |   0 | 8.331520e-01 | 8.385604e-01 |   0.65%| unknown
  1.1s|     1 |     0 |   552 |     - |    42M |   0 |1130 | 787 |1298 |  26 | 16 |  39 |   0 | 8.331567e-01 | 8.385604e-01 |   0.65%| unknown
  1.1s|     1 |     0 |   558 |     - |    42M |   0 |1130 | 787 |1299 |  27 | 17 |  39 |   0 | 8.331737e-01 | 8.385604e-01 |   0.65%| unknown
  1.1s|     1 |     0 |   565 |     - |    42M |   0 |1130 | 786 |1301 |  29 | 18 |  40 |   0 | 8.331889e-01 | 8.385604e-01 |   0.64%| unknown
  1.1s|     1 |     0 |   567 |     - |    42M |   0 |1130 | 786 |1303 |  31 | 19 |  40 |   0 | 8.331904e-01 | 8.385604e-01 |   0.64%| unknown
  1.1s|     1 |     0 |   573 |     - |    42M |   0 |1130 | 690 |1304 |  32 | 20 |  40 |   0 | 8.331980e-01 | 8.385604e-01 |   0.64%| unknown
  1.1s|     1 |     0 |   574 |     - |    42M |   0 |1130 | 660 |1298 |  33 | 21 |  40 |   0 | 8.331981e-01 | 8.385604e-01 |   0.64%| unknown
  1.1s|     1 |     0 |   577 |     - |    42M |   0 |1130 | 654 |1300 |  35 | 22 |  40 |   0 | 8.332068e-01 | 8.385604e-01 |   0.64%| unknown
(run 1, node 1) restarting after 998 global fixings of integer variables

(restart) converted 26 cuts from the global cut pool into linear constraints

presolving:
(round 1, fast)       1001 del vars, 366 del conss, 0 add conss, 4 chg bounds, 0 chg sides, 97 chg coeffs, 0 upgd conss, 0 impls, 236 clqs, 0 implints
(round 2, medium)     1002 del vars, 366 del conss, 0 add conss, 4 chg bounds, 0 chg sides, 97 chg coeffs, 0 upgd conss, 0 impls, 234 clqs, 0 implints
(round 3, fast)       1002 del vars, 368 del conss, 0 add conss, 4 chg bounds, 0 chg sides, 97 chg coeffs, 0 upgd conss, 0 impls, 234 clqs, 0 implints
(round 4, exhaustive) 1002 del vars, 368 del conss, 0 add conss, 4 chg bounds, 0 chg sides, 97 chg coeffs, 12 upgd conss, 0 impls, 234 clqs, 0 implints
(round 5, exhaustive) 1002 del vars, 369 del conss, 0 add conss, 4 chg bounds, 0 chg sides, 97 chg coeffs, 12 upgd conss, 0 impls, 234 clqs, 0 implints
(round 6, exhaustive) 1002 del vars, 372 del conss, 0 add conss, 4 chg bounds, 0 chg sides, 99 chg coeffs, 12 upgd conss, 0 impls, 234 clqs, 0 implints
(round 7, exhaustive) 1002 del vars, 372 del conss, 0 add conss, 4 chg bounds, 0 chg sides, 107 chg coeffs, 12 upgd conss, 0 impls, 234 clqs, 0 implints
presolving (8 rounds: 8 fast, 6 medium, 5 exhaustive):
 1002 deleted vars, 372 deleted constraints, 0 added constraints, 4 tightened bounds, 0 added holes, 0 changed sides, 107 changed coefficients
 0 implications, 234 cliques, 0 implied integral variables (0 bin, 0 int, 0 cont)
presolved problem has 128 variables (127 bin, 0 int, 1 cont) and 327 constraints
     41 constraints of type <setppc>
     57 constraints of type <linear>
    229 constraints of type <logicor>
Presolving Time: 0.24
transformed 1/4 original solutions to the transformed problem space

 time | node  | left  |LP iter|LP it/n|mem/heur|mdpt |vars |cons |rows |cuts |sepa|confs|strbr|  dualbound   | primalbound  |  gap   | compl. 
  1.2s|     1 |     0 |   928 |     - |    42M |   0 | 128 | 327 | 297 |   0 |  0 |  59 |   0 | 8.332068e-01 | 8.385604e-01 |   0.64%| unknown
  1.2s|     1 |     0 |   928 |     - |    42M |   0 | 128 | 332 | 293 |   0 |  0 |  64 |   0 | 8.332068e-01 | 8.385604e-01 |   0.64%| unknown
  1.2s|     1 |     0 |   938 |     - |    42M |   0 | 128 | 329 | 295 |   2 |  1 |  64 |   0 | 8.332482e-01 | 8.385604e-01 |   0.64%| unknown
  1.2s|     1 |     0 |   944 |     - |    43M |   0 | 128 | 330 | 298 |   5 |  2 |  65 |   0 | 8.333016e-01 | 8.385604e-01 |   0.63%| unknown
  1.2s|     1 |     0 |   959 |     - |    43M |   0 | 128 | 329 | 299 |   6 |  3 |  65 |   0 | 8.333225e-01 | 8.385604e-01 |   0.63%| unknown
  1.2s|     1 |     0 |   987 |     - |    43M |   0 | 128 | 332 | 301 |   8 |  4 |  68 |   0 | 8.333690e-01 | 8.385604e-01 |   0.62%| unknown
  1.2s|     1 |     0 |  1003 |     - |    43M |   0 | 128 | 332 | 302 |   9 |  5 |  68 |   0 | 8.334137e-01 | 8.385604e-01 |   0.62%| unknown
  1.2s|     1 |     0 |  1016 |     - |    43M |   0 | 128 | 333 | 304 |  11 |  6 |  69 |   0 | 8.334220e-01 | 8.385604e-01 |   0.62%| unknown
  1.3s|     1 |     0 |  1031 |     - |    44M |   0 | 128 | 333 | 305 |  12 |  7 |  69 |   0 | 8.334307e-01 | 8.385604e-01 |   0.62%| unknown
  1.3s|     1 |     0 |  1062 |     - |    44M |   0 | 128 | 334 | 308 |  15 |  8 |  70 |   0 | 8.334752e-01 | 8.385604e-01 |   0.61%| unknown
  1.3s|     1 |     0 |  1082 |     - |    45M |   0 | 128 | 335 | 311 |  18 |  9 |  71 |   0 | 8.334826e-01 | 8.385604e-01 |   0.61%| unknown
  1.3s|     1 |     0 |  1098 |     - |    45M |   0 | 128 | 339 | 313 |  20 | 10 |  75 |   0 | 8.334884e-01 | 8.385604e-01 |   0.61%| unknown
  1.3s|     1 |     0 |  1109 |     - |    45M |   0 | 128 | 339 | 316 |  23 | 11 |  75 |   0 | 8.334905e-01 | 8.385604e-01 |   0.61%| unknown
L 1.3s|     1 |     0 |  1231 |     - |    rens|   0 | 128 | 340 | 316 |  23 | 11 |  82 |   0 | 8.334905e-01 | 8.383991e-01 |   0.59%| unknown
  1.3s|     1 |     0 |  1231 |     - |    45M |   0 | 128 | 340 | 316 |  23 | 11 |  82 |   0 | 8.334905e-01 | 8.383991e-01 |   0.59%| unknown
 time | node  | left  |LP iter|LP it/n|mem/heur|mdpt |vars |cons |rows |cuts |sepa|confs|strbr|  dualbound   | primalbound  |  gap   | compl. 
  1.3s|     1 |     0 |  1233 |     - |    45M |   0 | 128 | 346 | 318 |  25 | 12 |  88 |   0 | 8.334905e-01 | 8.383991e-01 |   0.59%| unknown
  1.3s|     1 |     0 |  1253 |     - |    45M |   0 | 128 | 348 | 320 |  27 | 13 |  90 |   0 | 8.334995e-01 | 8.383991e-01 |   0.59%| unknown
  1.4s|     1 |     0 |  1270 |     - |    45M |   0 | 128 | 348 | 320 |  27 | 13 |  91 |   1 | 8.336232e-01 | 8.383991e-01 |   0.57%| unknown
(run 2, node 1) restarting after 9 global fixings of integer variables

(restart) converted 26 cuts from the global cut pool into linear constraints

presolving:
(round 1, fast)       11 del vars, 120 del conss, 0 add conss, 1 chg bounds, 0 chg sides, 98 chg coeffs, 0 upgd conss, 0 impls, 304 clqs, 0 implints
(round 2, medium)     14 del vars, 124 del conss, 2 add conss, 1 chg bounds, 0 chg sides, 98 chg coeffs, 0 upgd conss, 0 impls, 282 clqs, 0 implints
(round 3, fast)       14 del vars, 126 del conss, 2 add conss, 1 chg bounds, 0 chg sides, 98 chg coeffs, 0 upgd conss, 0 impls, 284 clqs, 0 implints
(round 4, exhaustive) 14 del vars, 127 del conss, 2 add conss, 1 chg bounds, 0 chg sides, 98 chg coeffs, 0 upgd conss, 0 impls, 284 clqs, 0 implints
(round 5, exhaustive) 14 del vars, 127 del conss, 2 add conss, 1 chg bounds, 0 chg sides, 98 chg coeffs, 5 upgd conss, 0 impls, 284 clqs, 0 implints
(round 6, exhaustive) 14 del vars, 128 del conss, 2 add conss, 1 chg bounds, 0 chg sides, 98 chg coeffs, 5 upgd conss, 0 impls, 285 clqs, 0 implints
(round 7, exhaustive) 14 del vars, 129 del conss, 2 add conss, 1 chg bounds, 0 chg sides, 109 chg coeffs, 5 upgd conss, 0 impls, 285 clqs, 0 implints
(round 8, exhaustive) 14 del vars, 129 del conss, 2 add conss, 1 chg bounds, 0 chg sides, 121 chg coeffs, 5 upgd conss, 0 impls, 285 clqs, 0 implints
presolving (9 rounds: 9 fast, 7 medium, 6 exhaustive):
 14 deleted vars, 129 deleted constraints, 2 added constraints, 1 tightened bounds, 0 added holes, 0 changed sides, 121 changed coefficients
 0 implications, 285 cliques, 0 implied integral variables (0 bin, 0 int, 0 cont)
presolved problem has 114 variables (113 bin, 0 int, 1 cont) and 247 constraints
      3 constraints of type <knapsack>
     30 constraints of type <setppc>
     79 constraints of type <linear>
    135 constraints of type <logicor>
Presolving Time: 0.24
transformed 2/5 original solutions to the transformed problem space

 time | node  | left  |LP iter|LP it/n|mem/heur|mdpt |vars |cons |rows |cuts |sepa|confs|strbr|  dualbound   | primalbound  |  gap   | compl. 
  1.4s|     1 |     0 |  1406 |     - |    45M |   0 | 114 | 247 | 212 |   0 |  0 |  91 |   1 | 8.336232e-01 | 8.383991e-01 |   0.57%| unknown
  1.4s|     1 |     0 |  1422 |     - |    45M |   0 | 114 | 247 | 217 |   5 |  1 |  91 |   1 | 8.337105e-01 | 8.383991e-01 |   0.56%| unknown
  1.4s|     1 |     0 |  1438 |     - |    45M |   0 | 114 | 250 | 221 |   9 |  2 |  94 |   1 | 8.337878e-01 | 8.383991e-01 |   0.55%| unknown
  1.4s|     1 |     0 |  1445 |     - |    45M |   0 | 114 | 250 | 224 |  12 |  3 |  94 |   1 | 8.338089e-01 | 8.383991e-01 |   0.55%| unknown
  1.4s|     1 |     0 |  1461 |     - |    45M |   0 | 114 | 250 | 227 |  15 |  4 |  94 |   1 | 8.338861e-01 | 8.383991e-01 |   0.54%| unknown
  1.5s|     1 |     0 |  1475 |     - |    45M |   0 | 114 | 252 | 232 |  20 |  5 |  96 |   1 | 8.339026e-01 | 8.383991e-01 |   0.54%| unknown
  1.5s|     1 |     0 |  1502 |     - |    45M |   0 | 114 | 253 | 236 |  24 |  6 |  97 |   1 | 8.340279e-01 | 8.383991e-01 |   0.52%| unknown
  1.5s|     1 |     0 |  1513 |     - |    45M |   0 | 114 | 253 | 239 |  27 |  7 |  97 |   1 | 8.340566e-01 | 8.383991e-01 |   0.52%| unknown
  1.5s|     1 |     0 |  1543 |     - |    45M |   0 | 114 | 257 | 241 |  29 |  8 | 101 |   1 | 8.341310e-01 | 8.383991e-01 |   0.51%| unknown
  1.5s|     1 |     0 |  1561 |     - |    45M |   0 | 114 | 257 | 244 |  32 |  9 | 101 |   1 | 8.341449e-01 | 8.383991e-01 |   0.51%| unknown
  1.6s|     1 |     0 |  1578 |     - |    45M |   0 | 114 | 258 | 248 |  36 | 10 | 102 |   1 | 8.341722e-01 | 8.383991e-01 |   0.51%| unknown
  1.6s|     1 |     0 |  1588 |     - |    45M |   0 | 114 | 258 | 250 |  38 | 11 | 102 |   1 | 8.341832e-01 | 8.383991e-01 |   0.51%| unknown
  1.6s|     1 |     0 |  1590 |     - |    45M |   0 | 114 | 258 | 252 |  40 | 12 | 102 |   1 | 8.341868e-01 | 8.383991e-01 |   0.50%| unknown
  1.6s|     1 |     0 |  1594 |     - |    45M |   0 | 114 | 261 | 212 |  42 | 13 | 105 |   1 | 8.341903e-01 | 8.383991e-01 |   0.50%| unknown
  1.6s|     1 |     0 |  1604 |     - |    45M |   0 | 114 | 261 | 214 |  44 | 14 | 105 |   1 | 8.341939e-01 | 8.383991e-01 |   0.50%| unknown
 time | node  | left  |LP iter|LP it/n|mem/heur|mdpt |vars |cons |rows |cuts |sepa|confs|strbr|  dualbound   | primalbound  |  gap   | compl. 
  1.6s|     1 |     0 |  1624 |     - |    45M |   0 | 114 | 264 | 216 |  46 | 15 | 108 |   1 | 8.342038e-01 | 8.383991e-01 |   0.50%| unknown
  1.6s|     1 |     0 |  1636 |     - |    45M |   0 | 114 | 266 | 218 |  48 | 16 | 110 |   1 | 8.342183e-01 | 8.383991e-01 |   0.50%| unknown
  1.7s|     1 |     0 |  1873 |     - |    45M |   0 | 114 | 275 | 218 |  48 | 16 | 124 |  18 | 8.352442e-01 | 8.383991e-01 |   0.38%| unknown
  1.7s|     1 |     0 |  1873 |     - |    45M |   0 | 114 | 275 | 181 |  48 | 16 | 124 |  18 | 8.352442e-01 | 8.383991e-01 |   0.38%| unknown
  1.7s|     1 |     0 |  1900 |     - |    45M |   0 | 114 | 267 | 183 |  50 | 17 | 124 |  18 | 8.354240e-01 | 8.383991e-01 |   0.36%| unknown
  1.7s|     1 |     0 |  1912 |     - |    45M |   0 | 114 | 271 | 175 |  52 | 18 | 128 |  18 | 8.356918e-01 | 8.383991e-01 |   0.32%| unknown
  1.7s|     1 |     0 |  1912 |     - |    45M |   0 | 114 | 271 | 175 |  52 | 18 | 128 |  18 | 8.356918e-01 | 8.383991e-01 |   0.32%| unknown
  1.7s|     1 |     0 |  1912 |     - |    45M |   0 | 114 | 254 | 175 |  52 | 18 | 128 |  18 | 8.356918e-01 | 8.383991e-01 |   0.32%| unknown
  1.7s|     1 |     0 |  1926 |     - |    45M |   0 | 114 | 254 | 177 |  54 | 19 | 128 |  18 | 8.359521e-01 | 8.383991e-01 |   0.29%| unknown
  1.7s|     1 |     0 |  1926 |     - |    45M |   0 | 114 | 254 | 176 |  54 | 19 | 128 |  18 | 8.359521e-01 | 8.383991e-01 |   0.29%| unknown
  1.7s|     1 |     0 |  1943 |     - |    45M |   0 | 114 | 254 | 177 |  55 | 20 | 128 |  18 | 8.363211e-01 | 8.383991e-01 |   0.25%| unknown
(run 3, node 1) restarting after 12 global fixings of integer variables

(restart) converted 44 cuts from the global cut pool into linear constraints

presolving:
(round 1, fast)       14 del vars, 22 del conss, 0 add conss, 1 chg bounds, 0 chg sides, 36 chg coeffs, 0 upgd conss, 0 impls, 254 clqs, 0 implints
(round 2, medium)     17 del vars, 26 del conss, 1 add conss, 1 chg bounds, 0 chg sides, 56 chg coeffs, 0 upgd conss, 0 impls, 218 clqs, 0 implints
(round 3, fast)       17 del vars, 30 del conss, 1 add conss, 1 chg bounds, 0 chg sides, 57 chg coeffs, 0 upgd conss, 0 impls, 221 clqs, 0 implints
(round 4, medium)     18 del vars, 34 del conss, 4 add conss, 1 chg bounds, 0 chg sides, 73 chg coeffs, 0 upgd conss, 0 impls, 198 clqs, 0 implints
(round 5, fast)       18 del vars, 35 del conss, 5 add conss, 1 chg bounds, 0 chg sides, 73 chg coeffs, 0 upgd conss, 0 impls, 202 clqs, 0 implints
(round 6, exhaustive) 18 del vars, 36 del conss, 5 add conss, 1 chg bounds, 0 chg sides, 73 chg coeffs, 0 upgd conss, 0 impls, 202 clqs, 0 implints
(round 7, exhaustive) 18 del vars, 39 del conss, 5 add conss, 1 chg bounds, 3 chg sides, 73 chg coeffs, 0 upgd conss, 0 impls, 202 clqs, 0 implints
(round 8, exhaustive) 18 del vars, 39 del conss, 5 add conss, 1 chg bounds, 3 chg sides, 73 chg coeffs, 37 upgd conss, 0 impls, 202 clqs, 0 implints
(round 9, fast)       18 del vars, 41 del conss, 5 add conss, 1 chg bounds, 3 chg sides, 73 chg coeffs, 37 upgd conss, 0 impls, 203 clqs, 0 implints
(round 10, medium)     19 del vars, 42 del conss, 5 add conss, 1 chg bounds, 3 chg sides, 85 chg coeffs, 37 upgd conss, 0 impls, 203 clqs, 0 implints
(round 11, exhaustive) 19 del vars, 43 del conss, 5 add conss, 1 chg bounds, 3 chg sides, 85 chg coeffs, 37 upgd conss, 0 impls, 203 clqs, 0 implints
(round 12, exhaustive) 19 del vars, 43 del conss, 5 add conss, 1 chg bounds, 3 chg sides, 89 chg coeffs, 37 upgd conss, 0 impls, 203 clqs, 0 implints
(round 13, exhaustive) 19 del vars, 43 del conss, 5 add conss, 1 chg bounds, 3 chg sides, 91 chg coeffs, 37 upgd conss, 0 impls, 203 clqs, 0 implints
(round 14, exhaustive) 19 del vars, 44 del conss, 5 add conss, 1 chg bounds, 3 chg sides, 91 chg coeffs, 37 upgd conss, 0 impls, 203 clqs, 0 implints
(round 15, exhaustive) 19 del vars, 46 del conss, 5 add conss, 1 chg bounds, 3 chg sides, 95 chg coeffs, 37 upgd conss, 0 impls, 203 clqs, 0 implints
(round 16, exhaustive) 19 del vars, 47 del conss, 5 add conss, 1 chg bounds, 3 chg sides, 95 chg coeffs, 37 upgd conss, 0 impls, 203 clqs, 0 implints
(round 17, exhaustive) 19 del vars, 47 del conss, 5 add conss, 1 chg bounds, 3 chg sides, 112 chg coeffs, 37 upgd conss, 0 impls, 203 clqs, 0 implints
(round 18, exhaustive) 19 del vars, 47 del conss, 5 add conss, 1 chg bounds, 3 chg sides, 114 chg coeffs, 37 upgd conss, 0 impls, 204 clqs, 0 implints
(round 19, exhaustive) 21 del vars, 47 del conss, 5 add conss, 1 chg bounds, 3 chg sides, 114 chg coeffs, 37 upgd conss, 0 impls, 200 clqs, 0 implints
(round 20, fast)       21 del vars, 47 del conss, 5 add conss, 1 chg bounds, 3 chg sides, 123 chg coeffs, 37 upgd conss, 0 impls, 202 clqs, 0 implints
(round 21, exhaustive) 21 del vars, 47 del conss, 5 add conss, 1 chg bounds, 3 chg sides, 123 chg coeffs, 39 upgd conss, 0 impls, 202 clqs, 0 implints
(round 22, medium)     23 del vars, 49 del conss, 5 add conss, 1 chg bounds, 3 chg sides, 155 chg coeffs, 39 upgd conss, 0 impls, 201 clqs, 0 implints
(round 23, medium)     23 del vars, 49 del conss, 5 add conss, 1 chg bounds, 4 chg sides, 156 chg coeffs, 39 upgd conss, 0 impls, 204 clqs, 0 implints
(round 24, exhaustive) 23 del vars, 50 del conss, 5 add conss, 1 chg bounds, 4 chg sides, 156 chg coeffs, 39 upgd conss, 0 impls, 204 clqs, 0 implints
(round 25, exhaustive) 24 del vars, 50 del conss, 5 add conss, 1 chg bounds, 4 chg sides, 156 chg coeffs, 39 upgd conss, 0 impls, 202 clqs, 0 implints
(round 26, fast)       24 del vars, 50 del conss, 5 add conss, 1 chg bounds, 4 chg sides, 161 chg coeffs, 39 upgd conss, 0 impls, 203 clqs, 0 implints
(round 27, exhaustive) 24 del vars, 50 del conss, 5 add conss, 1 chg bounds, 4 chg sides, 161 chg coeffs, 40 upgd conss, 0 impls, 203 clqs, 0 implints
(round 28, medium)     25 del vars, 53 del conss, 5 add conss, 1 chg bounds, 4 chg sides, 185 chg coeffs, 40 upgd conss, 0 impls, 201 clqs, 0 implints
(round 29, medium)     25 del vars, 53 del conss, 6 add conss, 1 chg bounds, 5 chg sides, 194 chg coeffs, 40 upgd conss, 0 impls, 210 clqs, 0 implints
(round 30, fast)       25 del vars, 54 del conss, 7 add conss, 1 chg bounds, 5 chg sides, 194 chg coeffs, 40 upgd conss, 0 impls, 211 clqs, 0 implints
(round 31, exhaustive) 25 del vars, 56 del conss, 7 add conss, 1 chg bounds, 5 chg sides, 194 chg coeffs, 40 upgd conss, 0 impls, 211 clqs, 0 implints
(round 32, exhaustive) 25 del vars, 56 del conss, 7 add conss, 1 chg bounds, 5 chg sides, 197 chg coeffs, 40 upgd conss, 0 impls, 211 clqs, 0 implints
presolving (33 rounds: 33 fast, 26 medium, 19 exhaustive):
 25 deleted vars, 56 deleted constraints, 7 added constraints, 1 tightened bounds, 0 added holes, 5 changed sides, 197 changed coefficients
 0 implications, 211 cliques, 0 implied integral variables (0 bin, 0 int, 0 cont)
presolved problem has 89 variables (88 bin, 0 int, 1 cont) and 246 constraints
     18 constraints of type <knapsack>
     35 constraints of type <setppc>
     83 constraints of type <linear>
    110 constraints of type <logicor>
Presolving Time: 0.25

 time | node  | left  |LP iter|LP it/n|mem/heur|mdpt |vars |cons |rows |cuts |sepa|confs|strbr|  dualbound   | primalbound  |  gap   | compl. 
  1.7s|     1 |     0 |  2012 |     - |    45M |   0 |  89 | 246 | 203 |   0 |  0 | 128 |  18 | 8.365111e-01 | 8.383991e-01 |   0.23%| unknown
  1.7s|     1 |     0 |  2012 |     - |    45M |   0 |  89 | 246 | 193 |   0 |  0 | 128 |  18 | 8.365111e-01 | 8.383991e-01 |   0.23%| unknown
  1.7s|     1 |     0 |  2026 |     - |    45M |   0 |  89 | 236 | 195 |   2 |  1 | 128 |  18 | 8.368787e-01 | 8.383991e-01 |   0.18%| unknown
  1.7s|     1 |     0 |  2026 |     - |    45M |   0 |  89 | 236 | 193 |   2 |  1 | 128 |  18 | 8.368787e-01 | 8.383991e-01 |   0.18%| unknown
  1.8s|     1 |     0 |  2042 |     - |    45M |   0 |  89 | 235 | 194 |   4 |  2 | 128 |  18 | 8.370990e-01 | 8.383991e-01 |   0.16%| unknown
  1.8s|     1 |     0 |  2042 |     - |    45M |   0 |  89 | 237 | 190 |   4 |  2 | 130 |  18 | 8.370990e-01 | 8.383991e-01 |   0.16%| unknown
  1.8s|     1 |     0 |  2060 |     - |    45M |   0 |  89 | 236 | 191 |   5 |  3 | 130 |  18 | 8.372733e-01 | 8.383991e-01 |   0.13%| unknown
  1.8s|     1 |     0 |  2079 |     - |    45M |   0 |  89 | 235 | 193 |   7 |  4 | 130 |  18 | 8.373587e-01 | 8.383991e-01 |   0.12%| unknown
  1.8s|     1 |     0 |  2079 |     - |    45M |   0 |  89 | 235 | 192 |   7 |  4 | 130 |  18 | 8.373587e-01 | 8.383991e-01 |   0.12%| unknown
  1.8s|     1 |     0 |  2102 |     - |    45M |   0 |  89 | 235 | 194 |   9 |  5 | 130 |  18 | 8.375204e-01 | 8.383991e-01 |   0.10%| unknown
  1.8s|     1 |     0 |  2102 |     - |    45M |   0 |  89 | 237 | 193 |   9 |  5 | 132 |  18 | 8.375204e-01 | 8.383991e-01 |   0.10%| unknown
  1.8s|     1 |     0 |  2115 |     - |    46M |   0 |  89 | 234 | 195 |  11 |  6 | 132 |  18 | 8.376541e-01 | 8.383991e-01 |   0.09%| unknown
  1.8s|     1 |     0 |  2115 |     - |    46M |   0 |  89 | 235 | 194 |  11 |  6 | 133 |  18 | 8.376541e-01 | 8.383991e-01 |   0.09%| unknown
  1.8s|     1 |     0 |  2128 |     - |    46M |   0 |  89 | 231 | 195 |  13 |  7 | 133 |  18 | 8.378132e-01 | 8.383991e-01 |   0.07%| unknown
  1.8s|     1 |     0 |  2128 |     - |    46M |   0 |  89 | 232 | 193 |  13 |  7 | 134 |  18 | 8.378132e-01 | 8.383991e-01 |   0.07%| unknown
 time | node  | left  |LP iter|LP it/n|mem/heur|mdpt |vars |cons |rows |cuts |sepa|confs|strbr|  dualbound   | primalbound  |  gap   | compl. 
  1.8s|     1 |     0 |  2145 |     - |    46M |   0 |  89 | 232 | 195 |  17 |  8 | 134 |  18 | 8.378941e-01 | 8.383991e-01 |   0.06%| unknown
  1.8s|     1 |     0 |  2145 |     - |    46M |   0 |  89 | 234 | 193 |  17 |  8 | 136 |  18 | 8.378941e-01 | 8.383991e-01 |   0.06%| unknown
  1.8s|     1 |     0 |  2173 |     - |    46M |   0 |  89 | 234 | 195 |  19 |  9 | 136 |  18 | 8.380080e-01 | 8.383991e-01 |   0.05%| unknown
  1.8s|     1 |     0 |  2173 |     - |    46M |   0 |  89 | 234 | 194 |  19 |  9 | 136 |  18 | 8.380080e-01 | 8.383991e-01 |   0.05%| unknown
  1.9s|     1 |     0 |  2187 |     - |    46M |   0 |  89 | 227 | 196 |  21 | 10 | 136 |  18 | 8.380441e-01 | 8.383991e-01 |   0.04%| unknown
  1.9s|     1 |     0 |  2201 |     - |    46M |   0 |  89 | 226 | 198 |  23 | 11 | 136 |  18 | 8.380786e-01 | 8.383991e-01 |   0.04%| unknown
  1.9s|     1 |     0 |  2210 |     - |    46M |   0 |  89 | 230 | 201 |  26 | 12 | 140 |  18 | 8.380812e-01 | 8.383991e-01 |   0.04%| unknown
  1.9s|     1 |     0 |  2215 |     - |    46M |   0 |  89 | 230 | 204 |  29 | 13 | 140 |  18 | 8.380851e-01 | 8.383991e-01 |   0.04%| unknown
  1.9s|     1 |     0 |  2229 |     - |    46M |   0 |  89 | 235 | 205 |  30 | 14 | 145 |  18 | 8.381750e-01 | 8.383991e-01 |   0.03%| unknown
  1.9s|     1 |     0 |  2244 |     - |    46M |   0 |  89 | 235 | 130 |  32 | 15 | 145 |  18 | 8.381934e-01 | 8.383991e-01 |   0.02%| unknown
  1.9s|     1 |     0 |  2249 |     - |    46M |   0 |  89 | 236 | 132 |  34 | 16 | 146 |  18 | 8.381978e-01 | 8.383991e-01 |   0.02%| unknown
  1.9s|     1 |     0 |  2253 |     - |    46M |   0 |  89 | 237 | 134 |  36 | 17 | 147 |  18 | 8.382027e-01 | 8.383991e-01 |   0.02%| unknown
  1.9s|     1 |     0 |  2267 |     - |    46M |   0 |  89 | 238 | 135 |  37 | 18 | 148 |  18 | 8.382255e-01 | 8.383991e-01 |   0.02%| unknown
  1.9s|     1 |     0 |  2267 |     - |    46M |   0 |  89 | 239 | 133 |  37 | 18 | 149 |  18 | 8.382255e-01 | 8.383991e-01 |   0.02%| unknown
  1.9s|     1 |     0 |  2284 |     - |    46M |   0 |  89 | 237 | 135 |  39 | 19 | 149 |  18 | 8.382965e-01 | 8.383991e-01 |   0.01%| unknown
 time | node  | left  |LP iter|LP it/n|mem/heur|mdpt |vars |cons |rows |cuts |sepa|confs|strbr|  dualbound   | primalbound  |  gap   | compl. 
  1.9s|     1 |     0 |  2284 |     - |    46M |   0 |  89 | 237 | 129 |  39 | 19 | 149 |  18 | 8.382965e-01 | 8.383991e-01 |   0.01%| unknown
  1.9s|     1 |     0 |  2286 |     - |    46M |   0 |  89 | 229 | 131 |  41 | 20 | 149 |  18 | 8.382980e-01 | 8.383991e-01 |   0.01%| unknown
  1.9s|     1 |     0 |  2286 |     - |    46M |   0 |  89 | 221 | 131 |  41 | 20 | 151 |  18 | 8.382980e-01 | 8.383991e-01 |   0.01%| unknown
  1.9s|     1 |     0 |  2288 |     - |    46M |   0 |  89 | 221 | 117 |  42 | 21 | 151 |  18 | 8.382991e-01 | 8.383991e-01 |   0.01%| unknown
d 2.0s|     1 |     0 |  2307 |     - |conflict|   0 |  89 | 218 | 117 |   0 | 22 | 153 |  18 | 8.383520e-01 | 8.383818e-01 |   0.00%| unknown
(run 4, node 1) restarting after 47 global fixings of integer variables

(restart) converted 31 cuts from the global cut pool into linear constraints

presolving:
(round 1, fast)       67 del vars, 65 del conss, 2 add conss, 8 chg bounds, 0 chg sides, 94 chg coeffs, 0 upgd conss, 0 impls, 37 clqs, 0 implints
(round 2, fast)       69 del vars, 76 del conss, 8 add conss, 8 chg bounds, 1 chg sides, 95 chg coeffs, 0 upgd conss, 0 impls, 47 clqs, 0 implints
(round 3, medium)     72 del vars, 85 del conss, 16 add conss, 8 chg bounds, 9 chg sides, 117 chg coeffs, 0 upgd conss, 0 impls, 19 clqs, 0 implints
(round 4, fast)       78 del vars, 166 del conss, 19 add conss, 12 chg bounds, 25 chg sides, 174 chg coeffs, 0 upgd conss, 0 impls, 24 clqs, 0 implints
(round 5, fast)       79 del vars, 190 del conss, 19 add conss, 12 chg bounds, 32 chg sides, 192 chg coeffs, 0 upgd conss, 0 impls, 25 clqs, 0 implints
(round 6, fast)       79 del vars, 191 del conss, 19 add conss, 12 chg bounds, 32 chg sides, 193 chg coeffs, 0 upgd conss, 0 impls, 25 clqs, 0 implints
(round 7, exhaustive) 79 del vars, 196 del conss, 21 add conss, 12 chg bounds, 32 chg sides, 193 chg coeffs, 0 upgd conss, 0 impls, 25 clqs, 0 implints
(round 8, fast)       82 del vars, 224 del conss, 21 add conss, 13 chg bounds, 40 chg sides, 219 chg coeffs, 0 upgd conss, 0 impls, 15 clqs, 0 implints
(round 9, fast)       89 del vars, 265 del conss, 21 add conss, 17 chg bounds, 41 chg sides, 232 chg coeffs, 0 upgd conss, 0 impls, 0 clqs, 0 implints
presolving (10 rounds: 10 fast, 2 medium, 1 exhaustive):
 89 deleted vars, 265 deleted constraints, 21 added constraints, 17 tightened bounds, 0 added holes, 41 changed sides, 232 changed coefficients
 0 implications, 0 cliques, 0 implied integral variables (0 bin, 0 int, 0 cont)
transformed 1/10 original solutions to the transformed problem space
presolving solved problem
Presolving Time: 0.25

SCIP Status        : problem is solved [optimal solution found]
Solving Time (sec) : 1.96
Solving Nodes      : 0 (total of 4 nodes in 5 runs)
Primal Bound       : +8.38381811780289e-01 (10 solutions)
Dual Bound         : +8.38381811780289e-01
Gap                : 0.00 %
objective value:                    0.838381811780289
x_('12_5', '13_1')                                  1 	(obj:0.0231585750315258)
x_('11_17', '12_5')                                 1 	(obj:0.0183104508196721)
x_('10_31', '11_17')                                1 	(obj:0.0201169895678092)
x_('9_42', '10_31')                                 1 	(obj:0.0475)
x_('8_38', '9_42')                                  1 	(obj:0.0303811475409836)
x_('7_39', '8_38')                                  1 	(obj:0.0328125)
x_('6_36', '7_39')                                  1 	(obj:0.0231165105386417)
x_('5_31', '6_36')                                  1 	(obj:0.0540525956284153)
x_('4_25', '5_31')                                  1 	(obj:0.0570081967213115)
x_('3_20', '4_25')                                  1 	(obj:0.0650102459016393)
x_('2_14', '3_20')                                  1 	(obj:0.0655081967213115)
x_('1_10', '2_14')                                  1 	(obj:0.123262295081967)
x_('0_1', '1_10')                                   1 	(obj:0.025)
y_0_0                                               1 	(obj:0)
y_1_0                                               1 	(obj:0)
y_2_0                                               1 	(obj:0)
y_3_0                                               1 	(obj:0)
y_4_0                                               1 	(obj:0)
y_5_0                                               1 	(obj:0)
y_6_1                                               1 	(obj:0)
y_7_1                                               1 	(obj:0)
y_8_1                                               1 	(obj:0)
y_9_1                                               1 	(obj:0)
y_10_1                                              1 	(obj:0)
y_11_1                                              1 	(obj:0)
y_12_1                                              1 	(obj:0)
z_('3268741', '3425762')_1                          1 	(obj:0)
z_('3268741', '1966592X')_0                         1 	(obj:0)
z_('1966592X', '3452192')_0                         1 	(obj:0)
z_('3452192', '1353870')_0                          1 	(obj:0)
z_('3452192', '3520162')_0                          1 	(obj:0)
z_('3520162', '3307092')_0                          1 	(obj:0)
z_('3520162', '3524054')_0                          1 	(obj:0)
z_('3268740', '3524054')_1                          1 	(obj:0)
z_('3524054', '3179975')_1                          1 	(obj:0)
z_('3179975', '3422998')_1                          1 	(obj:0)
z_('3422998', '2495223X')_1                         1 	(obj:0)
z_('3422998', '1353870_01')_1                       1 	(obj:0)
z_('2495223X', '2245784X')_1                        1 	(obj:0)
alpha                                6.58144578313253 	(obj:0.0384632976656573)
  obj=0.838  alpha=1092.5s  time=2.01s

k = 1
  Subgraph edges — edge_w: 13 (1.2%)  bal_w: 13 (1.2%)  combined: 26 (2.4%)  blended: 13 (1.2%)  blended_union: 31 (2.8%)  diverse: 13 (1.2%)
  [3a] Subgraph / edge_w   k=1 …
2026-07-01 18:17:02.290 | INFO     | pycaalp.time_balancing.model:run_mip:430 - Running MIP solver ...
      obj=0.838 (vs_full=+0.00%)  alpha=1102.0s  build=0.001s solve=0.008s  vs_full=+0.87%
  [3b] Subgraph / bal_w    k=1 …
2026-07-01 18:17:02.298 | INFO     | pycaalp.time_balancing.model:run_mip:430 - Running MIP solver ...
      obj=1.089 (vs_full=+29.84%)  alpha=1160.1s  build=0.001s solve=0.011s  vs_full=+6.19%
  [3c] Subgraph / combined k=1 …
2026-07-01 18:17:02.309 | INFO     | pycaalp.time_balancing.model:run_mip:430 - Running MIP solver ...
      obj=0.838 (vs_full=+0.00%)  alpha=1102.0s  build=0.001s solve=0.014s  vs_full=+0.87%
  [3d] Subgraph / blended  k=1 …
2026-07-01 18:17:02.323 | INFO     | pycaalp.time_balancing.model:run_mip:430 - Running MIP solver ...
      obj=0.838 (vs_full=-0.00%)  alpha=1092.5s  build=0.001s solve=0.014s  vs_full=+0.00%
  [3e] Subgraph / bl-union k=1 …
2026-07-01 18:17:02.337 | INFO     | pycaalp.time_balancing.model:run_mip:430 - Running MIP solver ...
      obj=0.838 (vs_full=-0.00%)  alpha=1092.5s  build=0.010s solve=0.032s  vs_full=+0.00%
  [3f] Subgraph / diverse  k=1 …
2026-07-01 18:17:02.369 | INFO     | pycaalp.time_balancing.model:run_mip:430 - Running MIP solver ...
      obj=0.838 (vs_full=-0.00%)  alpha=1092.5s  build=0.003s solve=0.013s  vs_full=+0.00%

k = 2
  Subgraph edges — edge_w: 15 (1.4%)  bal_w: 20 (1.8%)  combined: 35 (3.2%)  blended: 15 (1.4%)  blended_union: 36 (3.3%)  diverse: 26 (2.4%)
  [3a] Subgraph / edge_w   k=2 …
2026-07-01 18:17:02.439 | INFO     | pycaalp.time_balancing.model:run_mip:430 - Running MIP solver ...
      obj=0.838 (vs_full=+0.00%)  alpha=1102.0s  build=0.006s solve=0.025s  vs_full=+0.87%
  [3b] Subgraph / bal_w    k=2 …
2026-07-01 18:17:02.465 | INFO     | pycaalp.time_balancing.model:run_mip:430 - Running MIP solver ...
      obj=1.089 (vs_full=+29.84%)  alpha=1160.1s  build=0.004s solve=0.012s  vs_full=+6.19%
  [3c] Subgraph / combined k=2 …
2026-07-01 18:17:02.477 | INFO     | pycaalp.time_balancing.model:run_mip:430 - Running MIP solver ...
      obj=0.838 (vs_full=+0.00%)  alpha=1102.0s  build=0.010s solve=0.015s  vs_full=+0.87%
  [3d] Subgraph / blended  k=2 …
2026-07-01 18:17:02.492 | INFO     | pycaalp.time_balancing.model:run_mip:430 - Running MIP solver ...
      obj=0.838 (vs_full=-0.00%)  alpha=1092.5s  build=0.007s solve=0.022s  vs_full=+0.00%
  [3e] Subgraph / bl-union k=2 …
2026-07-01 18:17:02.514 | INFO     | pycaalp.time_balancing.model:run_mip:430 - Running MIP solver ...
      obj=0.838 (vs_full=+0.00%)  alpha=1092.5s  build=0.024s solve=0.077s  vs_full=+0.00%
  [3f] Subgraph / diverse  k=2 …
2026-07-01 18:17:02.591 | INFO     | pycaalp.time_balancing.model:run_mip:430 - Running MIP solver ...
      obj=0.838 (vs_full=+0.00%)  alpha=1092.5s  build=0.007s solve=0.055s  vs_full=+0.00%

k = 5
  Subgraph edges — edge_w: 21 (1.9%)  bal_w: 29 (2.6%)  combined: 50 (4.5%)  blended: 19 (1.7%)  blended_union: 49 (4.4%)  diverse: 65 (5.9%)
  [3a] Subgraph / edge_w   k=5 …
2026-07-01 18:17:02.750 | INFO     | pycaalp.time_balancing.model:run_mip:430 - Running MIP solver ...
      obj=0.838 (vs_full=+0.00%)  alpha=1102.0s  build=0.018s solve=0.055s  vs_full=+0.87%
  [3b] Subgraph / bal_w    k=5 …
2026-07-01 18:17:02.806 | INFO     | pycaalp.time_balancing.model:run_mip:430 - Running MIP solver ...
      obj=1.062 (vs_full=+26.69%)  alpha=1122.3s  build=0.006s solve=0.010s  vs_full=+2.73%
  [3c] Subgraph / combined k=5 …
2026-07-01 18:17:02.816 | INFO     | pycaalp.time_balancing.model:run_mip:430 - Running MIP solver ...
      obj=0.838 (vs_full=+0.00%)  alpha=1102.0s  build=0.015s solve=0.111s  vs_full=+0.87%
  [3d] Subgraph / blended  k=5 …
2026-07-01 18:17:02.927 | INFO     | pycaalp.time_balancing.model:run_mip:430 - Running MIP solver ...
      obj=0.838 (vs_full=+0.00%)  alpha=1092.5s  build=0.009s solve=0.049s  vs_full=+0.00%
  [3e] Subgraph / bl-union k=5 …
2026-07-01 18:17:02.976 | INFO     | pycaalp.time_balancing.model:run_mip:430 - Running MIP solver ...
      obj=0.838 (vs_full=+0.00%)  alpha=1092.5s  build=0.046s solve=0.138s  vs_full=+0.00%
  [3f] Subgraph / diverse  k=5 …
2026-07-01 18:17:03.114 | INFO     | pycaalp.time_balancing.model:run_mip:430 - Running MIP solver ...
      obj=0.838 (vs_full=-0.00%)  alpha=1092.5s  build=0.010s solve=0.252s  vs_full=+0.00%

k = 10
  Subgraph edges — edge_w: 24 (2.2%)  bal_w: 39 (3.5%)  combined: 63 (5.7%)  blended: 27 (2.4%)  blended_union: 64 (5.8%)  diverse: 126 (11.4%)
  [3a] Subgraph / edge_w   k=10 …
2026-07-01 18:17:03.592 | INFO     | pycaalp.time_balancing.model:run_mip:430 - Running MIP solver ...
      obj=0.838 (vs_full=+0.00%)  alpha=1102.0s  build=0.031s solve=0.080s  vs_full=+0.87%
  [3b] Subgraph / bal_w    k=10 …
2026-07-01 18:17:03.672 | INFO     | pycaalp.time_balancing.model:run_mip:430 - Running MIP solver ...
      obj=1.062 (vs_full=+26.69%)  alpha=1122.3s  build=0.021s solve=0.036s  vs_full=+2.73%
  [3c] Subgraph / combined k=10 …
2026-07-01 18:17:03.708 | INFO     | pycaalp.time_balancing.model:run_mip:430 - Running MIP solver ...
      obj=0.838 (vs_full=+0.00%)  alpha=1102.0s  build=0.044s solve=0.063s  vs_full=+0.87%
  [3d] Subgraph / blended  k=10 …
2026-07-01 18:17:03.771 | INFO     | pycaalp.time_balancing.model:run_mip:430 - Running MIP solver ...
      obj=0.838 (vs_full=-0.00%)  alpha=1092.5s  build=0.037s solve=0.071s  vs_full=+0.00%
  [3e] Subgraph / bl-union k=10 …
2026-07-01 18:17:03.842 | INFO     | pycaalp.time_balancing.model:run_mip:430 - Running MIP solver ...
      obj=0.838 (vs_full=+0.00%)  alpha=1092.5s  build=0.077s solve=0.160s  vs_full=+0.00%
  [3f] Subgraph / diverse  k=10 …
2026-07-01 18:17:04.003 | INFO     | pycaalp.time_balancing.model:run_mip:430 - Running MIP solver ...
      obj=0.838 (vs_full=+0.00%)  alpha=1092.5s  build=0.016s solve=0.184s  vs_full=+0.00%

k = 20
  Subgraph edges — edge_w: 35 (3.2%)  bal_w: 49 (4.4%)  combined: 84 (7.6%)  blended: 35 (3.2%)  blended_union: 87 (7.9%)  diverse: 239 (21.6%)
  [3a] Subgraph / edge_w   k=20 …
2026-07-01 18:17:04.646 | INFO     | pycaalp.time_balancing.model:run_mip:430 - Running MIP solver ...
      obj=0.838 (vs_full=+0.00%)  alpha=1102.0s  build=0.067s solve=0.040s  vs_full=+0.87%
  [3b] Subgraph / bal_w    k=20 …
2026-07-01 18:17:04.687 | INFO     | pycaalp.time_balancing.model:run_mip:430 - Running MIP solver ...
      obj=1.062 (vs_full=+26.69%)  alpha=1122.3s  build=0.024s solve=0.052s  vs_full=+2.73%
  [3c] Subgraph / combined k=20 …
2026-07-01 18:17:04.739 | INFO     | pycaalp.time_balancing.model:run_mip:430 - Running MIP solver ...
      obj=0.838 (vs_full=+0.00%)  alpha=1102.0s  build=0.116s solve=0.169s  vs_full=+0.87%
  [3d] Subgraph / blended  k=20 …
2026-07-01 18:17:04.908 | INFO     | pycaalp.time_balancing.model:run_mip:430 - Running MIP solver ...
      obj=0.838 (vs_full=+0.00%)  alpha=1092.5s  build=0.061s solve=0.084s  vs_full=+0.00%
  [3e] Subgraph / bl-union k=20 …
2026-07-01 18:17:04.992 | INFO     | pycaalp.time_balancing.model:run_mip:430 - Running MIP solver ...
      obj=0.838 (vs_full=+0.00%)  alpha=1092.5s  build=0.179s solve=0.278s  vs_full=+0.00%
  [3f] Subgraph / diverse  k=20 …
2026-07-01 18:17:05.270 | INFO     | pycaalp.time_balancing.model:run_mip:430 - Running MIP solver ...
      obj=0.838 (vs_full=+0.00%)  alpha=1092.5s  build=0.012s solve=0.436s  vs_full=+0.00%

k = 50
  Subgraph edges — edge_w: 54 (4.9%)  bal_w: 74 (6.7%)  combined: 127 (11.5%)  blended: 42 (3.8%)  blended_union: 117 (10.6%)  diverse: 508 (46.0%)
  [3a] Subgraph / edge_w   k=50 …
2026-07-01 18:17:06.886 | INFO     | pycaalp.time_balancing.model:run_mip:430 - Running MIP solver ...
      obj=0.838 (vs_full=+0.00%)  alpha=1092.5s  build=0.144s solve=0.210s  vs_full=+0.00%
  [3b] Subgraph / bal_w    k=50 …
2026-07-01 18:17:07.097 | INFO     | pycaalp.time_balancing.model:run_mip:430 - Running MIP solver ...
      obj=1.059 (vs_full=+26.26%)  alpha=1122.3s  build=0.082s solve=0.344s  vs_full=+2.73%
  [3c] Subgraph / combined k=50 …
2026-07-01 18:17:07.441 | INFO     | pycaalp.time_balancing.model:run_mip:430 - Running MIP solver ...
      obj=0.838 (vs_full=+0.00%)  alpha=1092.5s  build=0.246s solve=0.723s  vs_full=+0.00%
  [3d] Subgraph / blended  k=50 …
2026-07-01 18:17:08.164 | INFO     | pycaalp.time_balancing.model:run_mip:430 - Running MIP solver ...
      obj=0.838 (vs_full=+0.00%)  alpha=1092.5s  build=0.157s solve=0.185s  vs_full=+0.00%
  [3e] Subgraph / bl-union k=50 …
2026-07-01 18:17:08.349 | INFO     | pycaalp.time_balancing.model:run_mip:430 - Running MIP solver ...
      obj=0.838 (vs_full=+0.00%)  alpha=1092.5s  build=0.515s solve=0.597s  vs_full=+0.00%
  [3f] Subgraph / diverse  k=50 …
2026-07-01 18:17:08.946 | INFO     | pycaalp.time_balancing.model:run_mip:430 - Running MIP solver ...
      obj=0.838 (vs_full=-0.00%)  alpha=1092.5s  build=0.036s solve=1.426s  vs_full=+0.00%

k = 100
  Subgraph edges — edge_w: 78 (7.1%)  bal_w: 85 (7.7%)  combined: 162 (14.7%)  blended: 46 (4.2%)  blended_union: 167 (15.1%)  diverse: 753 (68.1%)
  [3a] Subgraph / edge_w   k=100 …
2026-07-01 18:17:12.714 | INFO     | pycaalp.time_balancing.model:run_mip:430 - Running MIP solver ...
      obj=0.838 (vs_full=+0.00%)  alpha=1092.5s  build=0.277s solve=0.188s  vs_full=+0.00%
  [3b] Subgraph / bal_w    k=100 …
2026-07-01 18:17:12.902 | INFO     | pycaalp.time_balancing.model:run_mip:430 - Running MIP solver ...
      obj=1.059 (vs_full=+26.26%)  alpha=1122.3s  build=0.189s solve=0.281s  vs_full=+2.73%
  [3c] Subgraph / combined k=100 …
2026-07-01 18:17:13.183 | INFO     | pycaalp.time_balancing.model:run_mip:430 - Running MIP solver ...
      obj=0.838 (vs_full=-0.00%)  alpha=1092.5s  build=0.698s solve=0.605s  vs_full=+0.00%
  [3d] Subgraph / blended  k=100 …
2026-07-01 18:17:13.788 | INFO     | pycaalp.time_balancing.model:run_mip:430 - Running MIP solver ...
      obj=0.838 (vs_full=+0.00%)  alpha=1092.5s  build=0.287s solve=0.188s  vs_full=+0.00%
  [3e] Subgraph / bl-union k=100 …
2026-07-01 18:17:13.976 | INFO     | pycaalp.time_balancing.model:run_mip:430 - Running MIP solver ...
      obj=0.838 (vs_full=+0.00%)  alpha=1092.5s  build=0.840s solve=0.547s  vs_full=+0.00%
  [3f] Subgraph / diverse  k=100 …
2026-07-01 18:17:14.524 | INFO     | pycaalp.time_balancing.model:run_mip:430 - Running MIP solver ...
      obj=0.838 (vs_full=+0.00%)  alpha=1092.5s  build=0.050s solve=1.544s  vs_full=+0.00%

k = 200
  Subgraph edges — edge_w: 95 (8.6%)  bal_w: 118 (10.7%)  combined: 211 (19.1%)  blended: 65 (5.9%)  blended_union: 212 (19.2%)  diverse: 906 (82.0%)
  [3a] Subgraph / edge_w   k=200 …
2026-07-01 18:17:19.828 | INFO     | pycaalp.time_balancing.model:run_mip:430 - Running MIP solver ...
      obj=0.838 (vs_full=+0.00%)  alpha=1092.5s  build=0.542s solve=0.153s  vs_full=+0.00%
  [3b] Subgraph / bal_w    k=200 …
2026-07-01 18:17:19.982 | INFO     | pycaalp.time_balancing.model:run_mip:430 - Running MIP solver ...
      obj=1.058 (vs_full=+26.18%)  alpha=1122.3s  build=0.330s solve=0.299s  vs_full=+2.73%
  [3c] Subgraph / combined k=200 …
2026-07-01 18:17:20.280 | INFO     | pycaalp.time_balancing.model:run_mip:430 - Running MIP solver ...
      obj=0.838 (vs_full=+0.00%)  alpha=1092.5s  build=0.882s solve=0.437s  vs_full=+0.00%
  [3d] Subgraph / blended  k=200 …
2026-07-01 18:17:20.718 | INFO     | pycaalp.time_balancing.model:run_mip:430 - Running MIP solver ...
      obj=0.838 (vs_full=+0.00%)  alpha=1092.5s  build=0.484s solve=0.216s  vs_full=+0.00%
  [3e] Subgraph / bl-union k=200 …
2026-07-01 18:17:20.934 | INFO     | pycaalp.time_balancing.model:run_mip:430 - Running MIP solver ...
      obj=0.838 (vs_full=+0.00%)  alpha=1092.5s  build=1.379s solve=0.394s  vs_full=+0.00%
  [3f] Subgraph / diverse  k=200 …
2026-07-01 18:17:21.328 | INFO     | pycaalp.time_balancing.model:run_mip:430 - Running MIP solver ...
      obj=0.838 (vs_full=+0.00%)  alpha=1092.5s  build=0.143s solve=2.052s  vs_full=+0.00%

k = 500
  Subgraph edges — edge_w: 108 (9.8%)  bal_w: 170 (15.4%)  combined: 274 (24.8%)  blended: 105 (9.5%)  blended_union: 278 (25.2%)  diverse: 1049 (94.9%)
  [3a] Subgraph / edge_w   k=500 …
2026-07-01 18:17:37.436 | INFO     | pycaalp.time_balancing.model:run_mip:430 - Running MIP solver ...
      obj=0.838 (vs_full=-0.00%)  alpha=1092.5s  build=1.485s solve=0.197s  vs_full=+0.00%
  [3b] Subgraph / bal_w    k=500 …
2026-07-01 18:17:37.633 | INFO     | pycaalp.time_balancing.model:run_mip:430 - Running MIP solver ...
      obj=1.026 (vs_full=+22.37%)  alpha=1104.1s  build=1.026s solve=0.393s  vs_full=+1.06%
  [3c] Subgraph / combined k=500 …
2026-07-01 18:17:38.025 | INFO     | pycaalp.time_balancing.model:run_mip:430 - Running MIP solver ...
      obj=0.838 (vs_full=+0.00%)  alpha=1092.5s  build=2.823s solve=0.609s  vs_full=+0.00%
  [3d] Subgraph / blended  k=500 …
2026-07-01 18:17:38.635 | INFO     | pycaalp.time_balancing.model:run_mip:430 - Running MIP solver ...
      obj=0.838 (vs_full=+0.00%)  alpha=1092.5s  build=2.330s solve=0.776s  vs_full=+0.00%
  [3e] Subgraph / bl-union k=500 …
2026-07-01 18:17:39.411 | INFO     | pycaalp.time_balancing.model:run_mip:430 - Running MIP solver ...
      obj=0.838 (vs_full=-0.00%)  alpha=1092.5s  build=5.941s solve=0.613s  vs_full=+0.00%
  [3f] Subgraph / diverse  k=500 …
2026-07-01 18:17:40.023 | INFO     | pycaalp.time_balancing.model:run_mip:430 - Running MIP solver ...
      obj=0.838 (vs_full=-0.00%)  alpha=1092.5s  build=0.450s solve=1.851s  vs_full=+0.00%

k = 1000
  Subgraph edges — edge_w: 142 (12.9%)  bal_w: 223 (20.2%)  combined: 359 (32.5%)  blended: 132 (11.9%)  blended_union: 305 (27.6%)  diverse: 1104 (99.9%)
  [3a] Subgraph / edge_w   k=1000 …
2026-07-01 18:18:08.814 | INFO     | pycaalp.time_balancing.model:run_mip:430 - Running MIP solver ...
      obj=0.838 (vs_full=+0.00%)  alpha=1092.5s  build=3.604s solve=0.556s  vs_full=+0.00%
  [3b] Subgraph / bal_w    k=1000 …
2026-07-01 18:18:09.370 | INFO     | pycaalp.time_balancing.model:run_mip:430 - Running MIP solver ...
      obj=1.018 (vs_full=+21.42%)  alpha=1104.1s  build=2.641s solve=0.874s  vs_full=+1.06%
  [3c] Subgraph / combined k=1000 …
2026-07-01 18:18:10.244 | INFO     | pycaalp.time_balancing.model:run_mip:430 - Running MIP solver ...
      obj=0.838 (vs_full=+0.00%)  alpha=1092.5s  build=6.164s solve=1.540s  vs_full=+0.00%
  [3d] Subgraph / blended  k=1000 …
2026-07-01 18:18:11.784 | INFO     | pycaalp.time_balancing.model:run_mip:430 - Running MIP solver ...
      obj=0.838 (vs_full=+0.00%)  alpha=1092.5s  build=3.157s solve=0.810s  vs_full=+0.00%
  [3e] Subgraph / bl-union k=1000 …
2026-07-01 18:18:12.594 | INFO     | pycaalp.time_balancing.model:run_mip:430 - Running MIP solver ...
      obj=0.838 (vs_full=-0.00%)  alpha=1092.5s  build=10.471s solve=0.809s  vs_full=+0.00%
  [3f] Subgraph / diverse  k=1000 …
2026-07-01 18:18:13.403 | INFO     | pycaalp.time_balancing.model:run_mip:430 - Running MIP solver ...
      obj=0.838 (vs_full=+0.00%)  alpha=1092.5s  build=0.903s solve=1.612s  vs_full=+0.00%

k = 2000
  Subgraph edges — edge_w: 185 (16.7%)  bal_w: 291 (26.3%)  combined: 464 (42.0%)  blended: 162 (14.7%)  blended_union: 356 (32.2%)  diverse: 1105 (100.0%)
  [3a] Subgraph / edge_w   k=2000 …
2026-07-01 18:19:18.730 | INFO     | pycaalp.time_balancing.model:run_mip:430 - Running MIP solver ...
      obj=0.838 (vs_full=+0.00%)  alpha=1092.5s  build=7.312s solve=0.608s  vs_full=+0.00%
  [3b] Subgraph / bal_w    k=2000 …
2026-07-01 18:19:19.339 | INFO     | pycaalp.time_balancing.model:run_mip:430 - Running MIP solver ...
      obj=1.008 (vs_full=+20.25%)  alpha=1104.1s  build=5.986s solve=0.637s  vs_full=+1.06%
  [3c] Subgraph / combined k=2000 …
2026-07-01 18:19:19.975 | INFO     | pycaalp.time_balancing.model:run_mip:430 - Running MIP solver ...
      obj=0.838 (vs_full=+0.00%)  alpha=1092.5s  build=13.370s solve=0.788s  vs_full=+0.00%
  [3d] Subgraph / blended  k=2000 …
2026-07-01 18:19:20.763 | INFO     | pycaalp.time_balancing.model:run_mip:430 - Running MIP solver ...
      obj=0.838 (vs_full=+0.00%)  alpha=1092.5s  build=8.416s solve=0.849s  vs_full=+0.00%
  [3e] Subgraph / bl-union k=2000 …
2026-07-01 18:19:21.613 | INFO     | pycaalp.time_balancing.model:run_mip:430 - Running MIP solver ...
      obj=0.838 (vs_full=+0.00%)  alpha=1092.5s  build=26.709s solve=0.916s  vs_full=+0.00%
  [3f] Subgraph / diverse  k=2000 …
2026-07-01 18:19:22.529 | INFO     | pycaalp.time_balancing.model:run_mip:430 - Running MIP solver ...
      obj=0.838 (vs_full=+0.00%)  alpha=1092.5s  build=1.923s solve=2.374s  vs_full=+0.00%

k = 5000
  Subgraph edges — edge_w: 232 (21.0%)  bal_w: 382 (34.6%)  combined: 593 (53.7%)  blended: 209 (18.9%)  blended_union: 482 (43.6%)  diverse: 1105 (100.0%)
  [3a] Subgraph / edge_w   k=5000 …
2026-07-01 18:23:49.220 | INFO     | pycaalp.time_balancing.model:run_mip:430 - Running MIP solver ...
      obj=0.838 (vs_full=+0.00%)  alpha=1092.5s  build=31.435s solve=0.699s  vs_full=+0.00%
  [3b] Subgraph / bal_w    k=5000 …
2026-07-01 18:23:49.918 | INFO     | pycaalp.time_balancing.model:run_mip:430 - Running MIP solver ...
      obj=1.002 (vs_full=+19.47%)  alpha=1108.3s  build=23.626s solve=1.210s  vs_full=+1.45%
  [3c] Subgraph / combined k=5000 …
2026-07-01 18:23:51.128 | INFO     | pycaalp.time_balancing.model:run_mip:430 - Running MIP solver ...
      obj=0.838 (vs_full=-0.00%)  alpha=1092.5s  build=54.328s solve=1.086s  vs_full=+0.00%
  [3d] Subgraph / blended  k=5000 …
2026-07-01 18:23:52.215 | INFO     | pycaalp.time_balancing.model:run_mip:430 - Running MIP solver ...
      obj=0.838 (vs_full=+0.00%)  alpha=1092.5s  build=35.901s solve=0.597s  vs_full=+0.00%
  [3e] Subgraph / bl-union k=5000 …
2026-07-01 18:23:52.812 | INFO     | pycaalp.time_balancing.model:run_mip:430 - Running MIP solver ...
      obj=0.838 (vs_full=+0.00%)  alpha=1092.5s  build=112.487s solve=1.356s  vs_full=+0.00%
  [3f] Subgraph / diverse  k=5000 …
2026-07-01 18:23:54.169 | INFO     | pycaalp.time_balancing.model:run_mip:430 - Running MIP solver ...
      obj=0.838 (vs_full=+0.00%)  alpha=1092.5s  build=6.539s solve=2.257s  vs_full=+0.00%

Results saved to experiments/strategy_comparison/assembly_1_np_2/strategy_comparison_lambda_0.3.csv
Plot with:  python -m experiments.strategy_comparison.plot_k_sensitivity

============================================================================================================================
SUMMARY — assembly_1  P=2  λ=0.3
============================================================================================================================
Strategy       Weight                      k   Build    Solve    Total  Spdup       Obj   ObjvsF     Alpha    AlvsF   Edges  %Grph
----------------------------------------------------------------------------------------------------------------------------
full_mip       —                               0.000    2.007    2.007   1.0x     0.838    +0.00   1092.52    +0.00    1105  100.0
subgraph_mip   edge_weight                 1   0.001    0.008    0.009 218.0x     0.838    +0.00   1102.04    +0.87      13    1.2
subgraph_mip   time_balanced_weight        1   0.001    0.011    0.012 171.1x     1.089   +29.84   1160.13    +6.19      13    1.2
subgraph_mip   combined                    1   0.001    0.014    0.015 129.8x     0.838    +0.00   1102.04    +0.87      26    2.4
subgraph_mip   blended                     1   0.001    0.014    0.014 138.8x     0.838    -0.00   1092.52    +0.00      13    1.2
subgraph_mip   blended_union               1   0.010    0.032    0.041  48.7x     0.838    -0.00   1092.52    +0.00      31    2.8
subgraph_mip   diverse                     1   0.003    0.013    0.016 128.6x     0.838    -0.00   1092.52    +0.00      13    1.2
subgraph_mip   edge_weight                 2   0.006    0.025    0.031  64.5x     0.838    +0.00   1102.04    +0.87      15    1.4
subgraph_mip   time_balanced_weight        2   0.004    0.012    0.017 121.3x     1.089   +29.84   1160.13    +6.19      20    1.8
subgraph_mip   combined                    2   0.010    0.015    0.024  82.3x     0.838    +0.00   1102.04    +0.87      35    3.2
subgraph_mip   blended                     2   0.007    0.022    0.029  69.7x     0.838    -0.00   1092.52    +0.00      15    1.4
subgraph_mip   blended_union               2   0.024    0.077    0.101  19.8x     0.838    +0.00   1092.52    +0.00      36    3.3
subgraph_mip   diverse                     2   0.007    0.055    0.062  32.6x     0.838    +0.00   1092.52    +0.00      26    2.4
subgraph_mip   edge_weight                 5   0.018    0.055    0.074  27.3x     0.838    +0.00   1102.04    +0.87      21    1.9
subgraph_mip   time_balanced_weight        5   0.006    0.010    0.016 128.2x     1.062   +26.69   1122.33    +2.73      29    2.6
subgraph_mip   combined                    5   0.015    0.111    0.126  15.9x     0.838    +0.00   1102.04    +0.87      50    4.5
subgraph_mip   blended                     5   0.009    0.049    0.058  34.6x     0.838    +0.00   1092.52    +0.00      19    1.7
subgraph_mip   blended_union               5   0.046    0.138    0.183  10.9x     0.838    +0.00   1092.52    +0.00      49    4.4
subgraph_mip   diverse                     5   0.010    0.252    0.262   7.7x     0.838    -0.00   1092.52    +0.00      65    5.9
subgraph_mip   edge_weight                10   0.031    0.080    0.110  18.2x     0.838    +0.00   1102.04    +0.87      24    2.2
subgraph_mip   time_balanced_weight       10   0.021    0.036    0.057  35.5x     1.062   +26.69   1122.33    +2.73      39    3.5
subgraph_mip   combined                   10   0.044    0.063    0.107  18.7x     0.838    +0.00   1102.04    +0.87      63    5.7
subgraph_mip   blended                    10   0.037    0.071    0.108  18.6x     0.838    -0.00   1092.52    +0.00      27    2.4
subgraph_mip   blended_union              10   0.077    0.160    0.238   8.4x     0.838    +0.00   1092.52    +0.00      64    5.8
subgraph_mip   diverse                    10   0.016    0.184    0.200  10.0x     0.838    +0.00   1092.52    +0.00     126   11.4
subgraph_mip   edge_weight                20   0.067    0.040    0.108  18.6x     0.838    +0.00   1102.04    +0.87      35    3.2
subgraph_mip   time_balanced_weight       20   0.024    0.052    0.076  26.5x     1.062   +26.69   1122.33    +2.73      49    4.4
subgraph_mip   combined                   20   0.116    0.169    0.285   7.0x     0.838    +0.00   1102.04    +0.87      84    7.6
subgraph_mip   blended                    20   0.061    0.084    0.145  13.9x     0.838    +0.00   1092.52    +0.00      35    3.2
subgraph_mip   blended_union              20   0.179    0.278    0.457   4.4x     0.838    +0.00   1092.52    +0.00      87    7.9
subgraph_mip   diverse                    20   0.012    0.436    0.448   4.5x     0.838    +0.00   1092.52    +0.00     239   21.6
subgraph_mip   edge_weight                50   0.144    0.210    0.354   5.7x     0.838    +0.00   1092.52    +0.00      54    4.9
subgraph_mip   time_balanced_weight       50   0.082    0.344    0.426   4.7x     1.059   +26.26   1122.33    +2.73      74    6.7
subgraph_mip   combined                   50   0.246    0.723    0.970   2.1x     0.838    +0.00   1092.52    +0.00     127   11.5
subgraph_mip   blended                    50   0.157    0.185    0.342   5.9x     0.838    +0.00   1092.52    +0.00      42    3.8
subgraph_mip   blended_union              50   0.515    0.597    1.112   1.8x     0.838    +0.00   1092.52    +0.00     117   10.6
subgraph_mip   diverse                    50   0.036    1.426    1.462   1.4x     0.838    -0.00   1092.52    +0.00     508   46.0
subgraph_mip   edge_weight               100   0.277    0.188    0.465   4.3x     0.838    +0.00   1092.52    +0.00      78    7.1
subgraph_mip   time_balanced_weight      100   0.189    0.281    0.470   4.3x     1.059   +26.26   1122.33    +2.73      85    7.7
subgraph_mip   combined                  100   0.698    0.605    1.303   1.5x     0.838    -0.00   1092.52    +0.00     162   14.7
subgraph_mip   blended                   100   0.287    0.188    0.474   4.2x     0.838    +0.00   1092.52    +0.00      46    4.2
subgraph_mip   blended_union             100   0.840    0.547    1.388   1.4x     0.838    +0.00   1092.52    +0.00     167   15.1
subgraph_mip   diverse                   100   0.050    1.544    1.595   1.3x     0.838    +0.00   1092.52    +0.00     753   68.1
subgraph_mip   edge_weight               200   0.542    0.153    0.696   2.9x     0.838    +0.00   1092.52    +0.00      95    8.6
subgraph_mip   time_balanced_weight      200   0.330    0.299    0.629   3.2x     1.058   +26.18   1122.33    +2.73     118   10.7
subgraph_mip   combined                  200   0.882    0.437    1.320   1.5x     0.838    +0.00   1092.52    +0.00     211   19.1
subgraph_mip   blended                   200   0.484    0.216    0.699   2.9x     0.838    +0.00   1092.52    +0.00      65    5.9
subgraph_mip   blended_union             200   1.379    0.394    1.773   1.1x     0.838    +0.00   1092.52    +0.00     212   19.2
subgraph_mip   diverse                   200   0.143    2.052    2.195   0.9x     0.838    +0.00   1092.52    +0.00     906   82.0
subgraph_mip   edge_weight               500   1.485    0.197    1.682   1.2x     0.838    -0.00   1092.52    +0.00     108    9.8
subgraph_mip   time_balanced_weight      500   1.026    0.393    1.418   1.4x     1.026   +22.37   1104.13    +1.06     170   15.4
subgraph_mip   combined                  500   2.823    0.609    3.432   0.6x     0.838    +0.00   1092.52    +0.00     274   24.8
subgraph_mip   blended                   500   2.330    0.776    3.106   0.7x     0.838    +0.00   1092.52    +0.00     105    9.5
subgraph_mip   blended_union             500   5.941    0.613    6.553   0.3x     0.838    -0.00   1092.52    +0.00     278   25.2
subgraph_mip   diverse                   500   0.450    1.851    2.301   0.9x     0.838    -0.00   1092.52    +0.00    1049   94.9
subgraph_mip   edge_weight              1000   3.604    0.556    4.159   0.5x     0.838    +0.00   1092.52    +0.00     142   12.8
subgraph_mip   time_balanced_weight     1000   2.641    0.874    3.515   0.6x     1.018   +21.42   1104.13    +1.06     223   20.2
subgraph_mip   combined                 1000   6.164    1.540    7.703   0.3x     0.838    +0.00   1092.52    +0.00     359   32.5
subgraph_mip   blended                  1000   3.157    0.810    3.967   0.5x     0.838    +0.00   1092.52    +0.00     132   11.9
subgraph_mip   blended_union            1000  10.471    0.809   11.280   0.2x     0.838    -0.00   1092.52    +0.00     305   27.6
subgraph_mip   diverse                  1000   0.903    1.612    2.515   0.8x     0.838    +0.00   1092.52    +0.00    1104   99.9
subgraph_mip   edge_weight              2000   7.312    0.608    7.920   0.2x     0.838    +0.00   1092.52    +0.00     185   16.7
subgraph_mip   time_balanced_weight     2000   5.986    0.637    6.622   0.3x     1.008   +20.25   1104.13    +1.06     291   26.3
subgraph_mip   combined                 2000  13.370    0.788   14.158   0.1x     0.838    +0.00   1092.52    +0.00     464   42.0
subgraph_mip   blended                  2000   8.416    0.849    9.266   0.2x     0.838    +0.00   1092.52    +0.00     162   14.7
subgraph_mip   blended_union            2000  26.709    0.916   27.625   0.1x     0.838    +0.00   1092.52    +0.00     356   32.2
subgraph_mip   diverse                  2000   1.923    2.374    4.297   0.5x     0.838    +0.00   1092.52    +0.00    1105  100.0
subgraph_mip   edge_weight              5000  31.435    0.699   32.134   0.1x     0.838    +0.00   1092.52    +0.00     232   21.0
subgraph_mip   time_balanced_weight     5000  23.626    1.210   24.836   0.1x     1.002   +19.47   1108.32    +1.45     382   34.6
subgraph_mip   combined                 5000  54.328    1.086   55.413   0.0x     0.838    -0.00   1092.52    +0.00     593   53.7
subgraph_mip   blended                  5000  35.901    0.597   36.499   0.1x     0.838    +0.00   1092.52    +0.00     209   18.9
subgraph_mip   blended_union            5000 112.487    1.356  113.843   0.0x     0.838    +0.00   1092.52    +0.00     482   43.6
subgraph_mip   diverse                  5000   6.539    2.257    8.796   0.2x     0.838    +0.00   1092.52    +0.00    1105  100.0
============================================================================================================================

----------------- λ = 0.35 -----------------
========================================================================
Strategy Comparison Experiment — assembly_1  P=2  λ=0.35
========================================================================

Building assembly digraph …
2026-07-01 18:16:59.875 | INFO     | pycaalp.gapp.assembly_digraph:compute_assembly_digraph_complete:395 - Computing assembly digraph...
  343 nodes, 1105 edges  (0.3s)

[1] Full MIP  P=2  λ=0.35
2026-07-01 18:17:00.199 | INFO     | pycaalp.time_balancing.model:run_mip:430 - Running MIP solver ...
presolving:
(round 1, fast)       28 del vars, 40 del conss, 0 add conss, 0 chg bounds, 0 chg sides, 0 chg coeffs, 0 upgd conss, 0 impls, 43 clqs, 0 implints
(round 2, exhaustive) 28 del vars, 40 del conss, 0 add conss, 1 chg bounds, 0 chg sides, 0 chg coeffs, 2253 upgd conss, 0 impls, 43 clqs, 0 implints
   (0.2s) probing: 1000/1129 (88.6%) - 0 fixings, 0 aggregations, 119627 implications, 0 bound changes
   (0.2s) probing: 1001/1129 (88.7%) - 0 fixings, 0 aggregations, 119803 implications, 0 bound changes
   (0.2s) probing aborted: 1000/1000 successive useless probings
   (0.2s) symmetry computation started: requiring (bin +, int +, cont +), (fixed: bin -, int -, cont -)
   (0.2s) no symmetry present (symcode time: 0.00)
presolving (3 rounds: 3 fast, 2 medium, 2 exhaustive):
 28 deleted vars, 40 deleted constraints, 0 added constraints, 1 tightened bounds, 0 added holes, 0 changed sides, 0 changed coefficients
 0 implications, 8934 cliques, 0 implied integral variables (0 bin, 0 int, 0 cont)
presolved problem has 1130 variables (1129 bin, 0 int, 1 cont) and 2565 constraints
     43 constraints of type <setppc>
    312 constraints of type <linear>
   2210 constraints of type <logicor>
Presolving Time: 0.17

 time | node  | left  |LP iter|LP it/n|mem/heur|mdpt |vars |cons |rows |cuts |sepa|confs|strbr|  dualbound   | primalbound  |  gap   | compl. 
p 0.2s|     1 |     0 |     4 |     - | vbounds|   0 |1130 |2578 |2565 |   0 |  0 |  12 |   0 | 0.000000e+00 | 1.340217e+00 |    Inf | unknown
p 0.3s|     1 |     0 |   113 |     - | vbounds|   0 |1130 |2590 |2565 |   0 |  0 |  24 |   0 | 0.000000e+00 | 1.334770e+00 |    Inf | unknown
  0.3s|     1 |     0 |   358 |     - |    21M |   0 |1130 |2590 |2565 |   0 |  0 |  24 |   0 | 8.329273e-01 | 1.334770e+00 |  60.25%| unknown
  0.3s|     1 |     0 |   382 |     - |    23M |   0 |1130 |2591 |2567 |   2 |  1 |  25 |   0 | 8.329407e-01 | 1.334770e+00 |  60.25%| unknown
r 0.3s|     1 |     0 |   382 |     - |shifting|   0 |1130 |2591 |2567 |   2 |  1 |  25 |   0 | 8.329407e-01 | 8.394608e-01 |   0.78%| unknown
  0.4s|     1 |     0 |   402 |     - |    24M |   0 |1130 |2591 |2568 |   3 |  2 |  25 |   0 | 8.330065e-01 | 8.394608e-01 |   0.77%| unknown
  0.4s|     1 |     0 |   402 |     - |    24M |   0 |1130 |2591 |1312 |   3 |  2 |  25 |   0 | 8.330065e-01 | 8.394608e-01 |   0.77%| unknown
  0.4s|     1 |     0 |   415 |     - |    24M |   0 |1130 |2383 |1303 |   5 |  3 |  25 |   0 | 8.330280e-01 | 8.394608e-01 |   0.77%| unknown
  0.5s|     1 |     0 |   430 |     - |    26M |   0 |1130 |2092 |1304 |   6 |  4 |  25 |   0 | 8.330373e-01 | 8.394608e-01 |   0.77%| unknown
  0.6s|     1 |     0 |   443 |     - |    27M |   0 |1130 |1976 |1307 |   9 |  5 |  26 |   0 | 8.330468e-01 | 8.394608e-01 |   0.77%| unknown
  0.7s|     1 |     0 |   452 |     - |    29M |   0 |1130 |1875 |1310 |  12 |  6 |  26 |   0 | 8.330771e-01 | 8.394608e-01 |   0.77%| unknown
  0.8s|     1 |     0 |   469 |     - |    32M |   0 |1130 |1766 |1312 |  14 |  7 |  26 |   0 | 8.330810e-01 | 8.394608e-01 |   0.77%| unknown
  0.9s|     1 |     0 |   495 |     - |    34M |   0 |1130 |1633 |1313 |  15 |  8 |  26 |   0 | 8.331183e-01 | 8.394608e-01 |   0.76%| unknown
  1.0s|     1 |     0 |   503 |     - |    36M |   0 |1130 |1634 |1315 |  17 |  9 |  27 |   0 | 8.331219e-01 | 8.394608e-01 |   0.76%| unknown
  1.0s|     1 |     0 |   516 |     - |    42M |   0 |1130 |1634 |1317 |  19 | 10 |  27 |   0 | 8.331264e-01 | 8.394608e-01 |   0.76%| unknown
 time | node  | left  |LP iter|LP it/n|mem/heur|mdpt |vars |cons |rows |cuts |sepa|confs|strbr|  dualbound   | primalbound  |  gap   | compl. 
  1.0s|     1 |     0 |   526 |     - |    42M |   0 |1130 |1584 |1318 |  20 | 11 |  27 |   0 | 8.331336e-01 | 8.394608e-01 |   0.76%| unknown
  1.1s|     1 |     0 |   526 |     - |    42M |   0 |1130 | 824 |1318 |  20 | 11 |  33 |   0 | 8.331336e-01 | 8.394608e-01 |   0.76%| unknown
  1.1s|     1 |     0 |   534 |     - |    42M |   0 |1130 | 824 |1320 |  22 | 12 |  33 |   0 | 8.331369e-01 | 8.394608e-01 |   0.76%| unknown
  1.1s|     1 |     0 |   539 |     - |    42M |   0 |1130 | 587 |1322 |  24 | 13 |  35 |   0 | 8.331417e-01 | 8.394608e-01 |   0.76%| unknown
  1.1s|     1 |     0 |   546 |     - |    43M |   0 |1130 | 494 |1324 |  26 | 14 |  35 |   0 | 8.331455e-01 | 8.394608e-01 |   0.76%| unknown
  1.1s|     1 |     0 |   557 |     - |    43M |   0 |1130 | 478 |1323 |  28 | 15 |  35 |   0 | 8.331613e-01 | 8.394608e-01 |   0.76%| unknown
  1.1s|     1 |     0 |   558 |     - |    43M |   0 |1130 | 473 |1324 |  29 | 16 |  35 |   0 | 8.331615e-01 | 8.394608e-01 |   0.76%| unknown
  1.1s|     1 |     0 |   560 |     - |    43M |   0 |1130 | 457 |1325 |  30 | 17 |  37 |   0 | 8.331626e-01 | 8.394608e-01 |   0.76%| unknown
  1.1s|     1 |     0 |   563 |     - |    43M |   0 |1130 | 451 |1326 |  31 | 18 |  37 |   0 | 8.331636e-01 | 8.394608e-01 |   0.76%| unknown
  1.1s|     1 |     0 |   567 |     - |    43M |   0 |1130 | 451 |1327 |  32 | 19 |  37 |   0 | 8.331648e-01 | 8.394608e-01 |   0.76%| unknown
  1.1s|     1 |     0 |   569 |     - |    43M |   0 |1130 | 451 |1328 |  33 | 20 |  37 |   0 | 8.331661e-01 | 8.394608e-01 |   0.76%| unknown
  1.1s|     1 |     0 |   576 |     - |    43M |   0 |1130 | 451 |1322 |  35 | 21 |  37 |   0 | 8.331846e-01 | 8.394608e-01 |   0.75%| unknown
  1.1s|     1 |     0 |   580 |     - |    43M |   0 |1130 | 378 |1323 |  36 | 22 |  38 |   0 | 8.331868e-01 | 8.394608e-01 |   0.75%| unknown
(run 1, node 1) restarting after 998 global fixings of integer variables

(restart) converted 25 cuts from the global cut pool into linear constraints

presolving:
(round 1, fast)       1001 del vars, 92 del conss, 0 add conss, 3 chg bounds, 0 chg sides, 52 chg coeffs, 0 upgd conss, 0 impls, 231 clqs, 0 implints
(round 2, fast)       1001 del vars, 93 del conss, 0 add conss, 3 chg bounds, 0 chg sides, 52 chg coeffs, 0 upgd conss, 0 impls, 231 clqs, 0 implints
(round 3, medium)     1002 del vars, 93 del conss, 0 add conss, 3 chg bounds, 0 chg sides, 52 chg coeffs, 0 upgd conss, 0 impls, 229 clqs, 0 implints
(round 4, fast)       1002 del vars, 95 del conss, 0 add conss, 3 chg bounds, 0 chg sides, 52 chg coeffs, 0 upgd conss, 0 impls, 229 clqs, 0 implints
(round 5, exhaustive) 1002 del vars, 95 del conss, 0 add conss, 3 chg bounds, 0 chg sides, 52 chg coeffs, 12 upgd conss, 0 impls, 229 clqs, 0 implints
(round 6, exhaustive) 1002 del vars, 97 del conss, 0 add conss, 3 chg bounds, 0 chg sides, 55 chg coeffs, 12 upgd conss, 0 impls, 229 clqs, 0 implints
(round 7, exhaustive) 1002 del vars, 97 del conss, 0 add conss, 3 chg bounds, 0 chg sides, 60 chg coeffs, 12 upgd conss, 0 impls, 229 clqs, 0 implints
(round 8, exhaustive) 1002 del vars, 100 del conss, 0 add conss, 3 chg bounds, 0 chg sides, 60 chg coeffs, 12 upgd conss, 0 impls, 229 clqs, 0 implints
presolving (9 rounds: 9 fast, 6 medium, 5 exhaustive):
 1002 deleted vars, 100 deleted constraints, 0 added constraints, 3 tightened bounds, 0 added holes, 0 changed sides, 60 changed coefficients
 0 implications, 229 cliques, 0 implied integral variables (0 bin, 0 int, 0 cont)
presolved problem has 128 variables (127 bin, 0 int, 1 cont) and 317 constraints
     36 constraints of type <setppc>
     57 constraints of type <linear>
    224 constraints of type <logicor>
Presolving Time: 0.17
transformed 1/7 original solutions to the transformed problem space

 time | node  | left  |LP iter|LP it/n|mem/heur|mdpt |vars |cons |rows |cuts |sepa|confs|strbr|  dualbound   | primalbound  |  gap   | compl. 
  1.2s|     1 |     0 |   868 |     - |    42M |   0 | 128 | 317 | 296 |   0 |  0 |  52 |   0 | 8.331868e-01 | 8.394608e-01 |   0.75%| unknown
  1.2s|     1 |     0 |   880 |     - |    42M |   0 | 128 | 321 | 298 |   2 |  1 |  56 |   0 | 8.331907e-01 | 8.394608e-01 |   0.75%| unknown
  1.2s|     1 |     0 |   887 |     - |    42M |   0 | 128 | 321 | 299 |   3 |  2 |  56 |   0 | 8.331923e-01 | 8.394608e-01 |   0.75%| unknown
  1.2s|     1 |     0 |   894 |     - |    43M |   0 | 128 | 321 | 300 |   4 |  3 |  56 |   0 | 8.331972e-01 | 8.394608e-01 |   0.75%| unknown
  1.3s|     1 |     0 |   900 |     - |    43M |   0 | 128 | 324 | 302 |   6 |  4 |  59 |   0 | 8.331972e-01 | 8.394608e-01 |   0.75%| unknown
  1.3s|     1 |     0 |   913 |     - |    43M |   0 | 128 | 324 | 303 |   7 |  5 |  59 |   0 | 8.332077e-01 | 8.394608e-01 |   0.75%| unknown
  1.3s|     1 |     0 |   924 |     - |    43M |   0 | 128 | 328 | 305 |   9 |  6 |  63 |   0 | 8.332129e-01 | 8.394608e-01 |   0.75%| unknown
  1.3s|     1 |     0 |   927 |     - |    43M |   0 | 128 | 328 | 307 |  11 |  7 |  63 |   0 | 8.332141e-01 | 8.394608e-01 |   0.75%| unknown
  1.3s|     1 |     0 |   936 |     - |    45M |   0 | 128 | 329 | 309 |  13 |  8 |  64 |   0 | 8.332184e-01 | 8.394608e-01 |   0.75%| unknown
  1.3s|     1 |     0 |   962 |     - |    45M |   0 | 128 | 331 | 311 |  15 |  9 |  66 |   0 | 8.332422e-01 | 8.394608e-01 |   0.75%| unknown
  1.3s|     1 |     0 |   979 |     - |    45M |   0 | 128 | 332 | 313 |  17 | 10 |  67 |   0 | 8.332490e-01 | 8.394608e-01 |   0.75%| unknown
  1.4s|     1 |     0 |   992 |     - |    45M |   0 | 128 | 337 | 315 |  19 | 11 |  72 |   0 | 8.332530e-01 | 8.394608e-01 |   0.75%| unknown
L 1.4s|     1 |     0 |  1181 |     - |    rens|   0 | 128 | 338 | 315 |  19 | 11 |  76 |   0 | 8.332530e-01 | 8.393111e-01 |   0.73%| unknown
  1.4s|     1 |     0 |  1181 |     - |    45M |   0 | 128 | 338 | 315 |  19 | 11 |  76 |   0 | 8.332530e-01 | 8.393111e-01 |   0.73%| unknown
  1.4s|     1 |     0 |  1182 |     - |    45M |   0 | 128 | 344 | 317 |  21 | 12 |  82 |   0 | 8.332531e-01 | 8.393111e-01 |   0.73%| unknown
 time | node  | left  |LP iter|LP it/n|mem/heur|mdpt |vars |cons |rows |cuts |sepa|confs|strbr|  dualbound   | primalbound  |  gap   | compl. 
  1.4s|     1 |     0 |  1195 |     - |    45M |   0 | 128 | 345 | 318 |  22 | 13 |  83 |   0 | 8.332647e-01 | 8.393111e-01 |   0.73%| unknown
  1.4s|     1 |     2 |  1195 |     - |    45M |   0 | 128 | 345 | 318 |  22 | 13 |  83 |  19 | 8.333191e-01 | 8.393111e-01 |   0.72%| unknown
* 1.5s|    15 |     2 |  1503 |  51.9 |strongbr|   7 | 128 | 379 | 278 |  22 |  2 | 121 | 165 | 8.333421e-01 | 8.387698e-01 |   0.65%|  20.58%

SCIP Status        : problem is solved [optimal solution found]
Solving Time (sec) : 1.53
Solving Nodes      : 17 (total of 18 nodes in 2 runs)
Primal Bound       : +8.38769803373843e-01 (9 solutions)
Dual Bound         : +8.38769803373843e-01
Gap                : 0.00 %
objective value:                    0.838769803373843
x_('12_5', '13_1')                                  1 	(obj:0.0215043911007026)
x_('11_17', '12_5')                                 1 	(obj:0.0170025614754098)
x_('10_31', '11_17')                                1 	(obj:0.0186800617415372)
x_('9_42', '10_31')                                 1 	(obj:0.0441071428571429)
x_('8_38', '9_42')                                  1 	(obj:0.0282110655737705)
x_('7_39', '8_38')                                  1 	(obj:0.03046875)
x_('6_36', '7_39')                                  1 	(obj:0.021465331214453)
x_('5_31', '6_36')                                  1 	(obj:0.0501916959406713)
x_('4_25', '5_31')                                  1 	(obj:0.0529361826697892)
x_('3_20', '4_25')                                  1 	(obj:0.0603666569086651)
x_('2_14', '3_20')                                  1 	(obj:0.0608290398126464)
x_('1_10', '2_14')                                  1 	(obj:0.114457845433255)
x_('0_1', '1_10')                                   1 	(obj:0.0232142857142857)
y_0_0                                               1 	(obj:0)
y_1_0                                               1 	(obj:0)
y_2_0                                               1 	(obj:0)
y_3_0                                               1 	(obj:0)
y_4_0                                               1 	(obj:0)
y_5_0                                               1 	(obj:0)
y_6_1                                               1 	(obj:0)
y_7_1                                               1 	(obj:0)
y_8_1                                               1 	(obj:0)
y_9_1                                               1 	(obj:0)
y_10_1                                              1 	(obj:0)
y_11_1                                              1 	(obj:0)
y_12_1                                              1 	(obj:0)
z_('3268741', '3425762')_1                          1 	(obj:0)
z_('3268741', '1966592X')_0                         1 	(obj:0)
z_('1966592X', '3452192')_0                         1 	(obj:0)
z_('3452192', '1353870')_0                          1 	(obj:0)
z_('3452192', '3520162')_0                          1 	(obj:0)
z_('3520162', '3307092')_0                          1 	(obj:0)
z_('3520162', '3524054')_0                          1 	(obj:0)
z_('3268740', '3524054')_1                          1 	(obj:0)
z_('3524054', '3179975')_1                          1 	(obj:0)
z_('3179975', '3422998')_1                          1 	(obj:0)
z_('3422998', '2495223X')_1                         1 	(obj:0)
z_('3422998', '1353870_01')_1                       1 	(obj:0)
z_('2495223X', '2245784X')_1                        1 	(obj:0)
alpha                                6.58144578313253 	(obj:0.0448738472766002)
  obj=0.839  alpha=1092.5s  time=1.56s

k = 1
  Subgraph edges — edge_w: 13 (1.2%)  bal_w: 13 (1.2%)  combined: 26 (2.4%)  blended: 13 (1.2%)  blended_union: 31 (2.8%)  diverse: 13 (1.2%)
  [3a] Subgraph / edge_w   k=1 …
2026-07-01 18:17:01.775 | INFO     | pycaalp.time_balancing.model:run_mip:430 - Running MIP solver ...
      obj=0.839 (vs_full=+0.06%)  alpha=1102.0s  build=0.001s solve=0.005s  vs_full=+0.87%
  [3b] Subgraph / bal_w    k=1 …
2026-07-01 18:17:01.780 | INFO     | pycaalp.time_balancing.model:run_mip:430 - Running MIP solver ...
      obj=1.075 (vs_full=+28.14%)  alpha=1160.1s  build=0.001s solve=0.009s  vs_full=+6.19%
  [3c] Subgraph / combined k=1 …
2026-07-01 18:17:01.789 | INFO     | pycaalp.time_balancing.model:run_mip:430 - Running MIP solver ...
      obj=0.839 (vs_full=+0.06%)  alpha=1102.0s  build=0.001s solve=0.014s  vs_full=+0.87%
  [3d] Subgraph / blended  k=1 …
2026-07-01 18:17:01.803 | INFO     | pycaalp.time_balancing.model:run_mip:430 - Running MIP solver ...
      obj=0.839 (vs_full=-0.00%)  alpha=1092.5s  build=0.001s solve=0.011s  vs_full=+0.00%
  [3e] Subgraph / bl-union k=1 …
2026-07-01 18:17:01.814 | INFO     | pycaalp.time_balancing.model:run_mip:430 - Running MIP solver ...
      obj=0.839 (vs_full=-0.00%)  alpha=1092.5s  build=0.008s solve=0.025s  vs_full=+0.00%
  [3f] Subgraph / diverse  k=1 …
2026-07-01 18:17:01.840 | INFO     | pycaalp.time_balancing.model:run_mip:430 - Running MIP solver ...
      obj=0.839 (vs_full=-0.00%)  alpha=1092.5s  build=0.003s solve=0.011s  vs_full=+0.00%

k = 2
  Subgraph edges — edge_w: 15 (1.4%)  bal_w: 20 (1.8%)  combined: 35 (3.2%)  blended: 15 (1.4%)  blended_union: 36 (3.3%)  diverse: 26 (2.4%)
  [3a] Subgraph / edge_w   k=2 …
2026-07-01 18:17:01.900 | INFO     | pycaalp.time_balancing.model:run_mip:430 - Running MIP solver ...
      obj=0.839 (vs_full=+0.06%)  alpha=1102.0s  build=0.006s solve=0.024s  vs_full=+0.87%
  [3b] Subgraph / bal_w    k=2 …
2026-07-01 18:17:01.923 | INFO     | pycaalp.time_balancing.model:run_mip:430 - Running MIP solver ...
      obj=1.075 (vs_full=+28.14%)  alpha=1160.1s  build=0.004s solve=0.012s  vs_full=+6.19%
  [3c] Subgraph / combined k=2 …
2026-07-01 18:17:01.935 | INFO     | pycaalp.time_balancing.model:run_mip:430 - Running MIP solver ...
      obj=0.839 (vs_full=+0.06%)  alpha=1102.0s  build=0.010s solve=0.024s  vs_full=+0.87%
  [3d] Subgraph / blended  k=2 …
2026-07-01 18:17:01.959 | INFO     | pycaalp.time_balancing.model:run_mip:430 - Running MIP solver ...
      obj=0.839 (vs_full=-0.00%)  alpha=1092.5s  build=0.006s solve=0.023s  vs_full=+0.00%
  [3e] Subgraph / bl-union k=2 …
2026-07-01 18:17:01.982 | INFO     | pycaalp.time_balancing.model:run_mip:430 - Running MIP solver ...
      obj=0.839 (vs_full=-0.00%)  alpha=1092.5s  build=0.020s solve=0.126s  vs_full=+0.00%
  [3f] Subgraph / diverse  k=2 …
2026-07-01 18:17:02.108 | INFO     | pycaalp.time_balancing.model:run_mip:430 - Running MIP solver ...
      obj=0.839 (vs_full=+0.00%)  alpha=1092.5s  build=0.003s solve=0.037s  vs_full=+0.00%

k = 5
  Subgraph edges — edge_w: 21 (1.9%)  bal_w: 29 (2.6%)  combined: 50 (4.5%)  blended: 19 (1.7%)  blended_union: 49 (4.4%)  diverse: 65 (5.9%)
  [3a] Subgraph / edge_w   k=5 …
2026-07-01 18:17:02.267 | INFO     | pycaalp.time_balancing.model:run_mip:430 - Running MIP solver ...
      obj=0.839 (vs_full=+0.06%)  alpha=1102.0s  build=0.020s solve=0.048s  vs_full=+0.87%
  [3b] Subgraph / bal_w    k=5 …
2026-07-01 18:17:02.316 | INFO     | pycaalp.time_balancing.model:run_mip:430 - Running MIP solver ...
      obj=1.048 (vs_full=+24.97%)  alpha=1122.3s  build=0.011s solve=0.027s  vs_full=+2.73%
  [3c] Subgraph / combined k=5 …
2026-07-01 18:17:02.343 | INFO     | pycaalp.time_balancing.model:run_mip:430 - Running MIP solver ...
      obj=0.839 (vs_full=+0.06%)  alpha=1102.0s  build=0.022s solve=0.093s  vs_full=+0.87%
  [3d] Subgraph / blended  k=5 …
2026-07-01 18:17:02.435 | INFO     | pycaalp.time_balancing.model:run_mip:430 - Running MIP solver ...
      obj=0.839 (vs_full=-0.00%)  alpha=1092.5s  build=0.018s solve=0.039s  vs_full=+0.00%
  [3e] Subgraph / bl-union k=5 …
2026-07-01 18:17:02.474 | INFO     | pycaalp.time_balancing.model:run_mip:430 - Running MIP solver ...
      obj=0.839 (vs_full=+0.00%)  alpha=1092.5s  build=0.047s solve=0.109s  vs_full=+0.00%
  [3f] Subgraph / diverse  k=5 …
2026-07-01 18:17:02.583 | INFO     | pycaalp.time_balancing.model:run_mip:430 - Running MIP solver ...
      obj=0.839 (vs_full=-0.00%)  alpha=1092.5s  build=0.005s solve=0.140s  vs_full=+0.00%

k = 10
  Subgraph edges — edge_w: 24 (2.2%)  bal_w: 39 (3.5%)  combined: 63 (5.7%)  blended: 27 (2.4%)  blended_union: 64 (5.8%)  diverse: 126 (11.4%)
  [3a] Subgraph / edge_w   k=10 …
2026-07-01 18:17:02.996 | INFO     | pycaalp.time_balancing.model:run_mip:430 - Running MIP solver ...
      obj=0.839 (vs_full=+0.06%)  alpha=1102.0s  build=0.038s solve=0.066s  vs_full=+0.87%
  [3b] Subgraph / bal_w    k=10 …
2026-07-01 18:17:03.062 | INFO     | pycaalp.time_balancing.model:run_mip:430 - Running MIP solver ...
      obj=1.048 (vs_full=+24.97%)  alpha=1122.3s  build=0.023s solve=0.135s  vs_full=+2.73%
  [3c] Subgraph / combined k=10 …
2026-07-01 18:17:03.198 | INFO     | pycaalp.time_balancing.model:run_mip:430 - Running MIP solver ...
      obj=0.839 (vs_full=+0.06%)  alpha=1102.0s  build=0.043s solve=0.113s  vs_full=+0.87%
  [3d] Subgraph / blended  k=10 …
2026-07-01 18:17:03.311 | INFO     | pycaalp.time_balancing.model:run_mip:430 - Running MIP solver ...
      obj=0.839 (vs_full=-0.00%)  alpha=1092.5s  build=0.047s solve=0.051s  vs_full=+0.00%
  [3e] Subgraph / bl-union k=10 …
2026-07-01 18:17:03.362 | INFO     | pycaalp.time_balancing.model:run_mip:430 - Running MIP solver ...
      obj=0.839 (vs_full=-0.00%)  alpha=1092.5s  build=0.115s solve=0.320s  vs_full=+0.00%
  [3f] Subgraph / diverse  k=10 …
2026-07-01 18:17:03.682 | INFO     | pycaalp.time_balancing.model:run_mip:430 - Running MIP solver ...
      obj=0.839 (vs_full=-0.00%)  alpha=1092.5s  build=0.008s solve=0.256s  vs_full=+0.00%

k = 20
  Subgraph edges — edge_w: 35 (3.2%)  bal_w: 49 (4.4%)  combined: 84 (7.6%)  blended: 35 (3.2%)  blended_union: 87 (7.9%)  diverse: 239 (21.6%)
  [3a] Subgraph / edge_w   k=20 …
2026-07-01 18:17:04.390 | INFO     | pycaalp.time_balancing.model:run_mip:430 - Running MIP solver ...
      obj=0.839 (vs_full=+0.06%)  alpha=1102.0s  build=0.053s solve=0.036s  vs_full=+0.87%
  [3b] Subgraph / bal_w    k=20 …
2026-07-01 18:17:04.426 | INFO     | pycaalp.time_balancing.model:run_mip:430 - Running MIP solver ...
      obj=1.048 (vs_full=+24.97%)  alpha=1122.3s  build=0.040s solve=0.178s  vs_full=+2.73%
  [3c] Subgraph / combined k=20 …
2026-07-01 18:17:04.604 | INFO     | pycaalp.time_balancing.model:run_mip:430 - Running MIP solver ...
      obj=0.839 (vs_full=+0.06%)  alpha=1102.0s  build=0.082s solve=0.138s  vs_full=+0.87%
  [3d] Subgraph / blended  k=20 …
2026-07-01 18:17:04.742 | INFO     | pycaalp.time_balancing.model:run_mip:430 - Running MIP solver ...
      obj=0.839 (vs_full=-0.00%)  alpha=1092.5s  build=0.066s solve=0.075s  vs_full=+0.00%
  [3e] Subgraph / bl-union k=20 …
2026-07-01 18:17:04.817 | INFO     | pycaalp.time_balancing.model:run_mip:430 - Running MIP solver ...
      obj=0.839 (vs_full=-0.00%)  alpha=1092.5s  build=0.199s solve=0.327s  vs_full=+0.00%
  [3f] Subgraph / diverse  k=20 …
2026-07-01 18:17:05.144 | INFO     | pycaalp.time_balancing.model:run_mip:430 - Running MIP solver ...
      obj=0.839 (vs_full=-0.00%)  alpha=1092.5s  build=0.012s solve=0.528s  vs_full=+0.00%

k = 50
  Subgraph edges — edge_w: 54 (4.9%)  bal_w: 74 (6.7%)  combined: 127 (11.5%)  blended: 42 (3.8%)  blended_union: 117 (10.6%)  diverse: 512 (46.3%)
  [3a] Subgraph / edge_w   k=50 …
2026-07-01 18:17:06.678 | INFO     | pycaalp.time_balancing.model:run_mip:430 - Running MIP solver ...
      obj=0.839 (vs_full=+0.00%)  alpha=1092.5s  build=0.140s solve=0.251s  vs_full=+0.00%
  [3b] Subgraph / bal_w    k=50 …
2026-07-01 18:17:06.929 | INFO     | pycaalp.time_balancing.model:run_mip:430 - Running MIP solver ...
      obj=1.045 (vs_full=+24.57%)  alpha=1122.3s  build=0.090s solve=0.369s  vs_full=+2.73%
  [3c] Subgraph / combined k=50 …
2026-07-01 18:17:07.298 | INFO     | pycaalp.time_balancing.model:run_mip:430 - Running MIP solver ...
      obj=0.839 (vs_full=+0.00%)  alpha=1092.5s  build=0.219s solve=0.434s  vs_full=+0.00%
  [3d] Subgraph / blended  k=50 …
2026-07-01 18:17:07.732 | INFO     | pycaalp.time_balancing.model:run_mip:430 - Running MIP solver ...
      obj=0.839 (vs_full=-0.00%)  alpha=1092.5s  build=0.102s solve=0.179s  vs_full=+0.00%
  [3e] Subgraph / bl-union k=50 …
2026-07-01 18:17:07.912 | INFO     | pycaalp.time_balancing.model:run_mip:430 - Running MIP solver ...
      obj=0.839 (vs_full=-0.00%)  alpha=1092.5s  build=0.420s solve=0.322s  vs_full=+0.00%
  [3f] Subgraph / diverse  k=50 …
2026-07-01 18:17:08.233 | INFO     | pycaalp.time_balancing.model:run_mip:430 - Running MIP solver ...
      obj=0.839 (vs_full=+0.00%)  alpha=1092.5s  build=0.035s solve=0.695s  vs_full=+0.00%

k = 100
  Subgraph edges — edge_w: 78 (7.1%)  bal_w: 85 (7.7%)  combined: 162 (14.7%)  blended: 46 (4.2%)  blended_union: 167 (15.1%)  diverse: 751 (68.0%)
  [3a] Subgraph / edge_w   k=100 …
2026-07-01 18:17:10.924 | INFO     | pycaalp.time_balancing.model:run_mip:430 - Running MIP solver ...
      obj=0.839 (vs_full=+0.00%)  alpha=1092.5s  build=0.252s solve=0.105s  vs_full=+0.00%
  [3b] Subgraph / bal_w    k=100 …
2026-07-01 18:17:11.030 | INFO     | pycaalp.time_balancing.model:run_mip:430 - Running MIP solver ...
      obj=1.045 (vs_full=+24.57%)  alpha=1122.3s  build=0.170s solve=0.300s  vs_full=+2.73%
  [3c] Subgraph / combined k=100 …
2026-07-01 18:17:11.331 | INFO     | pycaalp.time_balancing.model:run_mip:430 - Running MIP solver ...
      obj=0.839 (vs_full=+0.00%)  alpha=1092.5s  build=0.378s solve=0.330s  vs_full=+0.00%
  [3d] Subgraph / blended  k=100 …
2026-07-01 18:17:11.660 | INFO     | pycaalp.time_balancing.model:run_mip:430 - Running MIP solver ...
      obj=0.839 (vs_full=+0.00%)  alpha=1092.5s  build=0.274s solve=0.145s  vs_full=+0.00%
  [3e] Subgraph / bl-union k=100 …
2026-07-01 18:17:11.805 | INFO     | pycaalp.time_balancing.model:run_mip:430 - Running MIP solver ...
      obj=0.839 (vs_full=+0.00%)  alpha=1092.5s  build=0.856s solve=0.391s  vs_full=+0.00%
  [3f] Subgraph / diverse  k=100 …
2026-07-01 18:17:12.196 | INFO     | pycaalp.time_balancing.model:run_mip:430 - Running MIP solver ...
      obj=0.839 (vs_full=-0.00%)  alpha=1092.5s  build=0.065s solve=1.403s  vs_full=+0.00%

k = 200
  Subgraph edges — edge_w: 95 (8.6%)  bal_w: 118 (10.7%)  combined: 211 (19.1%)  blended: 65 (5.9%)  blended_union: 212 (19.2%)  diverse: 907 (82.1%)
  [3a] Subgraph / edge_w   k=200 …
2026-07-01 18:17:17.420 | INFO     | pycaalp.time_balancing.model:run_mip:430 - Running MIP solver ...
      obj=0.839 (vs_full=+0.00%)  alpha=1092.5s  build=0.470s solve=0.194s  vs_full=+0.00%
  [3b] Subgraph / bal_w    k=200 …
2026-07-01 18:17:17.614 | INFO     | pycaalp.time_balancing.model:run_mip:430 - Running MIP solver ...
      obj=1.044 (vs_full=+24.50%)  alpha=1122.3s  build=0.287s solve=0.272s  vs_full=+2.73%
  [3c] Subgraph / combined k=200 …
2026-07-01 18:17:17.886 | INFO     | pycaalp.time_balancing.model:run_mip:430 - Running MIP solver ...
      obj=0.839 (vs_full=-0.00%)  alpha=1092.5s  build=0.866s solve=0.533s  vs_full=+0.00%
  [3d] Subgraph / blended  k=200 …
2026-07-01 18:17:18.419 | INFO     | pycaalp.time_balancing.model:run_mip:430 - Running MIP solver ...
      obj=0.839 (vs_full=+0.00%)  alpha=1092.5s  build=0.476s solve=0.149s  vs_full=+0.00%
  [3e] Subgraph / bl-union k=200 …
2026-07-01 18:17:18.568 | INFO     | pycaalp.time_balancing.model:run_mip:430 - Running MIP solver ...
      obj=0.839 (vs_full=+0.00%)  alpha=1092.5s  build=1.556s solve=1.064s  vs_full=+0.00%
  [3f] Subgraph / diverse  k=200 …
2026-07-01 18:17:19.632 | INFO     | pycaalp.time_balancing.model:run_mip:430 - Running MIP solver ...
      obj=0.839 (vs_full=+0.00%)  alpha=1092.5s  build=0.166s solve=1.796s  vs_full=+0.00%

k = 500
  Subgraph edges — edge_w: 108 (9.8%)  bal_w: 170 (15.4%)  combined: 274 (24.8%)  blended: 86 (7.8%)  blended_union: 278 (25.2%)  diverse: 1045 (94.6%)
  [3a] Subgraph / edge_w   k=500 …
2026-07-01 18:17:32.320 | INFO     | pycaalp.time_balancing.model:run_mip:430 - Running MIP solver ...
      obj=0.839 (vs_full=-0.00%)  alpha=1092.5s  build=1.181s solve=0.157s  vs_full=+0.00%
  [3b] Subgraph / bal_w    k=500 …
2026-07-01 18:17:32.477 | INFO     | pycaalp.time_balancing.model:run_mip:430 - Running MIP solver ...
      obj=1.014 (vs_full=+20.84%)  alpha=1104.1s  build=0.740s solve=0.253s  vs_full=+1.06%
  [3c] Subgraph / combined k=500 …
2026-07-01 18:17:32.730 | INFO     | pycaalp.time_balancing.model:run_mip:430 - Running MIP solver ...
      obj=0.839 (vs_full=-0.00%)  alpha=1092.5s  build=2.403s solve=0.480s  vs_full=+0.00%
  [3d] Subgraph / blended  k=500 …
2026-07-01 18:17:33.210 | INFO     | pycaalp.time_balancing.model:run_mip:430 - Running MIP solver ...
      obj=0.839 (vs_full=+0.00%)  alpha=1092.5s  build=1.514s solve=0.263s  vs_full=+0.00%
  [3e] Subgraph / bl-union k=500 …
2026-07-01 18:17:33.472 | INFO     | pycaalp.time_balancing.model:run_mip:430 - Running MIP solver ...
      obj=0.839 (vs_full=+0.00%)  alpha=1092.5s  build=4.571s solve=0.875s  vs_full=+0.00%
  [3f] Subgraph / diverse  k=500 …
2026-07-01 18:17:34.347 | INFO     | pycaalp.time_balancing.model:run_mip:430 - Running MIP solver ...
      obj=0.839 (vs_full=-0.00%)  alpha=1092.5s  build=0.483s solve=1.681s  vs_full=+0.00%

k = 1000
  Subgraph edges — edge_w: 142 (12.9%)  bal_w: 223 (20.2%)  combined: 359 (32.5%)  blended: 121 (11.0%)  blended_union: 305 (27.6%)  diverse: 1103 (99.8%)
  [3a] Subgraph / edge_w   k=1000 …
2026-07-01 18:18:00.705 | INFO     | pycaalp.time_balancing.model:run_mip:430 - Running MIP solver ...
      obj=0.839 (vs_full=+0.00%)  alpha=1092.5s  build=3.148s solve=0.622s  vs_full=+0.00%
  [3b] Subgraph / bal_w    k=1000 …
2026-07-01 18:18:01.327 | INFO     | pycaalp.time_balancing.model:run_mip:430 - Running MIP solver ...
      obj=1.006 (vs_full=+19.95%)  alpha=1104.1s  build=2.177s solve=0.742s  vs_full=+1.06%
  [3c] Subgraph / combined k=1000 …
2026-07-01 18:18:02.069 | INFO     | pycaalp.time_balancing.model:run_mip:430 - Running MIP solver ...
      obj=0.839 (vs_full=-0.00%)  alpha=1092.5s  build=5.566s solve=0.624s  vs_full=+0.00%
  [3d] Subgraph / blended  k=1000 …
2026-07-01 18:18:02.693 | INFO     | pycaalp.time_balancing.model:run_mip:430 - Running MIP solver ...
      obj=0.839 (vs_full=-0.00%)  alpha=1092.5s  build=3.339s solve=0.471s  vs_full=+0.00%
  [3e] Subgraph / bl-union k=1000 …
2026-07-01 18:18:03.165 | INFO     | pycaalp.time_balancing.model:run_mip:430 - Running MIP solver ...
      obj=0.839 (vs_full=+0.00%)  alpha=1092.5s  build=9.458s solve=0.770s  vs_full=+0.00%
  [3f] Subgraph / diverse  k=1000 …
2026-07-01 18:18:03.936 | INFO     | pycaalp.time_balancing.model:run_mip:430 - Running MIP solver ...
      obj=0.839 (vs_full=+0.00%)  alpha=1092.5s  build=0.987s solve=1.673s  vs_full=+0.00%

k = 2000
  Subgraph edges — edge_w: 185 (16.7%)  bal_w: 291 (26.3%)  combined: 464 (42.0%)  blended: 157 (14.2%)  blended_union: 356 (32.2%)  diverse: 1105 (100.0%)
  [3a] Subgraph / edge_w   k=2000 …
2026-07-01 18:19:01.704 | INFO     | pycaalp.time_balancing.model:run_mip:430 - Running MIP solver ...
      obj=0.839 (vs_full=+0.00%)  alpha=1092.5s  build=6.977s solve=0.663s  vs_full=+0.00%
  [3b] Subgraph / bal_w    k=2000 …
2026-07-01 18:19:02.368 | INFO     | pycaalp.time_balancing.model:run_mip:430 - Running MIP solver ...
      obj=0.997 (vs_full=+18.87%)  alpha=1104.1s  build=5.681s solve=0.776s  vs_full=+1.06%
  [3c] Subgraph / combined k=2000 …
2026-07-01 18:19:03.144 | INFO     | pycaalp.time_balancing.model:run_mip:430 - Running MIP solver ...
      obj=0.839 (vs_full=+0.00%)  alpha=1092.5s  build=12.645s solve=0.857s  vs_full=+0.00%
  [3d] Subgraph / blended  k=2000 …
2026-07-01 18:19:04.000 | INFO     | pycaalp.time_balancing.model:run_mip:430 - Running MIP solver ...
      obj=0.839 (vs_full=+0.00%)  alpha=1092.5s  build=7.443s solve=0.586s  vs_full=+0.00%
  [3e] Subgraph / bl-union k=2000 …
2026-07-01 18:19:04.587 | INFO     | pycaalp.time_balancing.model:run_mip:430 - Running MIP solver ...
      obj=0.839 (vs_full=+0.00%)  alpha=1092.5s  build=21.464s solve=0.847s  vs_full=+0.00%
  [3f] Subgraph / diverse  k=2000 …
2026-07-01 18:19:05.434 | INFO     | pycaalp.time_balancing.model:run_mip:430 - Running MIP solver ...
      obj=0.839 (vs_full=+0.00%)  alpha=1092.5s  build=1.886s solve=1.650s  vs_full=+0.00%

k = 5000
  Subgraph edges — edge_w: 232 (21.0%)  bal_w: 382 (34.6%)  combined: 593 (53.7%)  blended: 236 (21.4%)  blended_union: 482 (43.6%)  diverse: 1105 (100.0%)
  [3a] Subgraph / edge_w   k=5000 …
2026-07-01 18:23:05.031 | INFO     | pycaalp.time_balancing.model:run_mip:430 - Running MIP solver ...
      obj=0.839 (vs_full=+0.00%)  alpha=1092.5s  build=29.402s solve=0.645s  vs_full=+0.00%
  [3b] Subgraph / bal_w    k=5000 …
2026-07-01 18:23:05.676 | INFO     | pycaalp.time_balancing.model:run_mip:430 - Running MIP solver ...
      obj=0.991 (vs_full=+18.17%)  alpha=1108.3s  build=21.323s solve=0.866s  vs_full=+1.45%
  [3c] Subgraph / combined k=5000 …
2026-07-01 18:23:06.541 | INFO     | pycaalp.time_balancing.model:run_mip:430 - Running MIP solver ...
      obj=0.839 (vs_full=-0.00%)  alpha=1092.5s  build=53.475s solve=1.018s  vs_full=+0.00%
  [3d] Subgraph / blended  k=5000 …
2026-07-01 18:23:07.560 | INFO     | pycaalp.time_balancing.model:run_mip:430 - Running MIP solver ...
      obj=0.839 (vs_full=+0.00%)  alpha=1092.5s  build=33.424s solve=0.745s  vs_full=+0.00%
  [3e] Subgraph / bl-union k=5000 …
2026-07-01 18:23:08.305 | INFO     | pycaalp.time_balancing.model:run_mip:430 - Running MIP solver ...
      obj=0.839 (vs_full=-0.00%)  alpha=1092.5s  build=94.771s solve=1.611s  vs_full=+0.00%
  [3f] Subgraph / diverse  k=5000 …
2026-07-01 18:23:09.915 | INFO     | pycaalp.time_balancing.model:run_mip:430 - Running MIP solver ...
      obj=0.839 (vs_full=+0.00%)  alpha=1092.5s  build=5.551s solve=1.891s  vs_full=+0.00%

Results saved to experiments/strategy_comparison/assembly_1_np_2/strategy_comparison_lambda_0.35.csv
Plot with:  python -m experiments.strategy_comparison.plot_k_sensitivity

============================================================================================================================
SUMMARY — assembly_1  P=2  λ=0.35
============================================================================================================================
Strategy       Weight                      k   Build    Solve    Total  Spdup       Obj   ObjvsF     Alpha    AlvsF   Edges  %Grph
----------------------------------------------------------------------------------------------------------------------------
full_mip       —                               0.000    1.562    1.562   1.0x     0.839    +0.00   1092.52    +0.00    1105  100.0
subgraph_mip   edge_weight                 1   0.001    0.005    0.006 259.9x     0.839    +0.06   1102.04    +0.87      13    1.2
subgraph_mip   time_balanced_weight        1   0.001    0.009    0.009 165.9x     1.075   +28.14   1160.13    +6.19      13    1.2
subgraph_mip   combined                    1   0.001    0.014    0.015 103.0x     0.839    +0.06   1102.04    +0.87      26    2.4
subgraph_mip   blended                     1   0.001    0.011    0.011 136.2x     0.839    -0.00   1092.52    +0.00      13    1.2
subgraph_mip   blended_union               1   0.008    0.025    0.034  46.4x     0.839    -0.00   1092.52    +0.00      31    2.8
subgraph_mip   diverse                     1   0.003    0.011    0.013 116.5x     0.839    -0.00   1092.52    +0.00      13    1.2
subgraph_mip   edge_weight                 2   0.006    0.024    0.029  53.0x     0.839    +0.06   1102.04    +0.87      15    1.4
subgraph_mip   time_balanced_weight        2   0.004    0.012    0.016  97.9x     1.075   +28.14   1160.13    +6.19      20    1.8
subgraph_mip   combined                    2   0.010    0.024    0.034  46.4x     0.839    +0.06   1102.04    +0.87      35    3.2
subgraph_mip   blended                     2   0.006    0.023    0.029  54.3x     0.839    -0.00   1092.52    +0.00      15    1.4
subgraph_mip   blended_union               2   0.020    0.126    0.146  10.7x     0.839    -0.00   1092.52    +0.00      36    3.3
subgraph_mip   diverse                     2   0.003    0.037    0.040  39.0x     0.839    +0.00   1092.52    +0.00      26    2.4
subgraph_mip   edge_weight                 5   0.020    0.048    0.068  23.0x     0.839    +0.06   1102.04    +0.87      21    1.9
subgraph_mip   time_balanced_weight        5   0.011    0.027    0.038  41.5x     1.048   +24.97   1122.33    +2.73      29    2.6
subgraph_mip   combined                    5   0.022    0.093    0.114  13.7x     0.839    +0.06   1102.04    +0.87      50    4.5
subgraph_mip   blended                     5   0.018    0.039    0.057  27.5x     0.839    -0.00   1092.52    +0.00      19    1.7
subgraph_mip   blended_union               5   0.047    0.109    0.156  10.0x     0.839    +0.00   1092.52    +0.00      49    4.4
subgraph_mip   diverse                     5   0.005    0.140    0.145  10.8x     0.839    -0.00   1092.52    +0.00      65    5.9
subgraph_mip   edge_weight                10   0.038    0.066    0.104  15.0x     0.839    +0.06   1102.04    +0.87      24    2.2
subgraph_mip   time_balanced_weight       10   0.023    0.135    0.158   9.9x     1.048   +24.97   1122.33    +2.73      39    3.5
subgraph_mip   combined                   10   0.043    0.113    0.156  10.0x     0.839    +0.06   1102.04    +0.87      63    5.7
subgraph_mip   blended                    10   0.047    0.051    0.098  15.9x     0.839    -0.00   1092.52    +0.00      27    2.4
subgraph_mip   blended_union              10   0.115    0.320    0.435   3.6x     0.839    -0.00   1092.52    +0.00      64    5.8
subgraph_mip   diverse                    10   0.008    0.256    0.263   5.9x     0.839    -0.00   1092.52    +0.00     126   11.4
subgraph_mip   edge_weight                20   0.053    0.036    0.088  17.7x     0.839    +0.06   1102.04    +0.87      35    3.2
subgraph_mip   time_balanced_weight       20   0.040    0.178    0.218   7.2x     1.048   +24.97   1122.33    +2.73      49    4.4
subgraph_mip   combined                   20   0.082    0.138    0.220   7.1x     0.839    +0.06   1102.04    +0.87      84    7.6
subgraph_mip   blended                    20   0.066    0.075    0.140  11.1x     0.839    -0.00   1092.52    +0.00      35    3.2
subgraph_mip   blended_union              20   0.199    0.327    0.526   3.0x     0.839    -0.00   1092.52    +0.00      87    7.9
subgraph_mip   diverse                    20   0.012    0.528    0.540   2.9x     0.839    -0.00   1092.52    +0.00     239   21.6
subgraph_mip   edge_weight                50   0.140    0.251    0.391   4.0x     0.839    +0.00   1092.52    +0.00      54    4.9
subgraph_mip   time_balanced_weight       50   0.090    0.369    0.459   3.4x     1.045   +24.57   1122.33    +2.73      74    6.7
subgraph_mip   combined                   50   0.219    0.434    0.653   2.4x     0.839    +0.00   1092.52    +0.00     127   11.5
subgraph_mip   blended                    50   0.102    0.179    0.281   5.6x     0.839    -0.00   1092.52    +0.00      42    3.8
subgraph_mip   blended_union              50   0.420    0.322    0.742   2.1x     0.839    -0.00   1092.52    +0.00     117   10.6
subgraph_mip   diverse                    50   0.035    0.695    0.730   2.1x     0.839    +0.00   1092.52    +0.00     512   46.3
subgraph_mip   edge_weight               100   0.252    0.105    0.357   4.4x     0.839    +0.00   1092.52    +0.00      78    7.1
subgraph_mip   time_balanced_weight      100   0.170    0.300    0.470   3.3x     1.045   +24.57   1122.33    +2.73      85    7.7
subgraph_mip   combined                  100   0.378    0.330    0.709   2.2x     0.839    +0.00   1092.52    +0.00     162   14.7
subgraph_mip   blended                   100   0.274    0.145    0.419   3.7x     0.839    +0.00   1092.52    +0.00      46    4.2
subgraph_mip   blended_union             100   0.856    0.391    1.247   1.2x     0.839    +0.00   1092.52    +0.00     167   15.1
subgraph_mip   diverse                   100   0.065    1.403    1.468   1.1x     0.839    -0.00   1092.52    +0.00     751   68.0
subgraph_mip   edge_weight               200   0.470    0.194    0.664   2.4x     0.839    +0.00   1092.52    +0.00      95    8.6
subgraph_mip   time_balanced_weight      200   0.287    0.272    0.559   2.8x     1.044   +24.50   1122.33    +2.73     118   10.7
subgraph_mip   combined                  200   0.866    0.533    1.399   1.1x     0.839    -0.00   1092.52    +0.00     211   19.1
subgraph_mip   blended                   200   0.476    0.149    0.624   2.5x     0.839    +0.00   1092.52    +0.00      65    5.9
subgraph_mip   blended_union             200   1.556    1.064    2.620   0.6x     0.839    +0.00   1092.52    +0.00     212   19.2
subgraph_mip   diverse                   200   0.166    1.796    1.962   0.8x     0.839    +0.00   1092.52    +0.00     907   82.1
subgraph_mip   edge_weight               500   1.181    0.157    1.338   1.2x     0.839    -0.00   1092.52    +0.00     108    9.8
subgraph_mip   time_balanced_weight      500   0.740    0.253    0.993   1.6x     1.014   +20.84   1104.13    +1.06     170   15.4
subgraph_mip   combined                  500   2.403    0.480    2.882   0.5x     0.839    -0.00   1092.52    +0.00     274   24.8
subgraph_mip   blended                   500   1.514    0.263    1.777   0.9x     0.839    +0.00   1092.52    +0.00      86    7.8
subgraph_mip   blended_union             500   4.571    0.875    5.445   0.3x     0.839    +0.00   1092.52    +0.00     278   25.2
subgraph_mip   diverse                   500   0.483    1.681    2.164   0.7x     0.839    -0.00   1092.52    +0.00    1045   94.6
subgraph_mip   edge_weight              1000   3.148    0.622    3.770   0.4x     0.839    +0.00   1092.52    +0.00     142   12.8
subgraph_mip   time_balanced_weight     1000   2.177    0.742    2.919   0.5x     1.006   +19.95   1104.13    +1.06     223   20.2
subgraph_mip   combined                 1000   5.566    0.624    6.190   0.2x     0.839    -0.00   1092.52    +0.00     359   32.5
subgraph_mip   blended                  1000   3.339    0.471    3.811   0.4x     0.839    -0.00   1092.52    +0.00     121   10.9
subgraph_mip   blended_union            1000   9.458    0.770   10.229   0.1x     0.839    +0.00   1092.52    +0.00     305   27.6
subgraph_mip   diverse                  1000   0.987    1.673    2.659   0.6x     0.839    +0.00   1092.52    +0.00    1103   99.8
subgraph_mip   edge_weight              2000   6.977    0.663    7.640   0.2x     0.839    +0.00   1092.52    +0.00     185   16.7
subgraph_mip   time_balanced_weight     2000   5.681    0.776    6.457   0.2x     0.997   +18.87   1104.13    +1.06     291   26.3
subgraph_mip   combined                 2000  12.645    0.857   13.502   0.1x     0.839    +0.00   1092.52    +0.00     464   42.0
subgraph_mip   blended                  2000   7.443    0.586    8.029   0.2x     0.839    +0.00   1092.52    +0.00     157   14.2
subgraph_mip   blended_union            2000  21.464    0.847   22.311   0.1x     0.839    +0.00   1092.52    +0.00     356   32.2
subgraph_mip   diverse                  2000   1.886    1.650    3.536   0.4x     0.839    +0.00   1092.52    +0.00    1105  100.0
subgraph_mip   edge_weight              5000  29.402    0.645   30.047   0.1x     0.839    +0.00   1092.52    +0.00     232   21.0
subgraph_mip   time_balanced_weight     5000  21.323    0.866   22.189   0.1x     0.991   +18.17   1108.32    +1.45     382   34.6
subgraph_mip   combined                 5000  53.475    1.018   54.493   0.0x     0.839    -0.00   1092.52    +0.00     593   53.7
subgraph_mip   blended                  5000  33.424    0.745   34.169   0.1x     0.839    +0.00   1092.52    +0.00     236   21.4
subgraph_mip   blended_union            5000  94.771    1.611   96.382   0.0x     0.839    -0.00   1092.52    +0.00     482   43.6
subgraph_mip   diverse                  5000   5.551    1.891    7.441   0.2x     0.839    +0.00   1092.52    +0.00    1105  100.0
============================================================================================================================

----------------- λ = 0.4 -----------------
========================================================================
Strategy Comparison Experiment — assembly_1  P=2  λ=0.4
========================================================================

Building assembly digraph …
2026-07-01 18:16:59.954 | INFO     | pycaalp.gapp.assembly_digraph:compute_assembly_digraph_complete:395 - Computing assembly digraph...
  343 nodes, 1105 edges  (0.3s)

[1] Full MIP  P=2  λ=0.4
2026-07-01 18:17:00.287 | INFO     | pycaalp.time_balancing.model:run_mip:430 - Running MIP solver ...
presolving:
(round 1, fast)       28 del vars, 40 del conss, 0 add conss, 0 chg bounds, 0 chg sides, 0 chg coeffs, 0 upgd conss, 0 impls, 43 clqs, 0 implints
(round 2, exhaustive) 28 del vars, 40 del conss, 0 add conss, 1 chg bounds, 0 chg sides, 0 chg coeffs, 2253 upgd conss, 0 impls, 43 clqs, 0 implints
   (0.2s) probing: 1000/1129 (88.6%) - 0 fixings, 0 aggregations, 119627 implications, 0 bound changes
   (0.2s) probing: 1001/1129 (88.7%) - 0 fixings, 0 aggregations, 119803 implications, 0 bound changes
   (0.2s) probing aborted: 1000/1000 successive useless probings
   (0.2s) symmetry computation started: requiring (bin +, int +, cont +), (fixed: bin -, int -, cont -)
   (0.2s) no symmetry present (symcode time: 0.00)
presolving (3 rounds: 3 fast, 2 medium, 2 exhaustive):
 28 deleted vars, 40 deleted constraints, 0 added constraints, 1 tightened bounds, 0 added holes, 0 changed sides, 0 changed coefficients
 0 implications, 8934 cliques, 0 implied integral variables (0 bin, 0 int, 0 cont)
presolved problem has 1130 variables (1129 bin, 0 int, 1 cont) and 2565 constraints
     43 constraints of type <setppc>
    312 constraints of type <linear>
   2210 constraints of type <logicor>
Presolving Time: 0.23

 time | node  | left  |LP iter|LP it/n|mem/heur|mdpt |vars |cons |rows |cuts |sepa|confs|strbr|  dualbound   | primalbound  |  gap   | compl. 
p 0.3s|     1 |     0 |     4 |     - | vbounds|   0 |1130 |2578 |2565 |   0 |  0 |  12 |   0 | 0.000000e+00 | 1.358849e+00 |    Inf | unknown
  0.3s|     1 |     0 |   357 |     - |    21M |   0 |1130 |2590 |2565 |   0 |  0 |  24 |   0 | 8.329273e-01 | 1.358849e+00 |  63.14%| unknown
  0.3s|     1 |     0 |   381 |     - |    23M |   0 |1130 |2591 |2567 |   2 |  1 |  25 |   0 | 8.329396e-01 | 1.358849e+00 |  63.14%| unknown
r 0.3s|     1 |     0 |   381 |     - |shifting|   0 |1130 |2591 |2567 |   2 |  1 |  25 |   0 | 8.329396e-01 | 8.403612e-01 |   0.89%| unknown
  0.4s|     1 |     0 |   400 |     - |    24M |   0 |1130 |2591 |2568 |   3 |  2 |  25 |   0 | 8.330004e-01 | 8.403612e-01 |   0.88%| unknown
  0.4s|     1 |     0 |   400 |     - |    24M |   0 |1130 |2591 |1337 |   3 |  2 |  25 |   0 | 8.330004e-01 | 8.403612e-01 |   0.88%| unknown
  0.4s|     1 |     0 |   414 |     - |    24M |   0 |1130 |2387 |1328 |   5 |  3 |  25 |   0 | 8.330202e-01 | 8.403612e-01 |   0.88%| unknown
  0.5s|     1 |     0 |   426 |     - |    26M |   0 |1130 |2102 |1329 |   6 |  4 |  25 |   0 | 8.330288e-01 | 8.403612e-01 |   0.88%| unknown
  0.5s|     1 |     0 |   440 |     - |    28M |   0 |1130 |1989 |1332 |   9 |  5 |  26 |   0 | 8.330376e-01 | 8.403612e-01 |   0.88%| unknown
  0.6s|     1 |     0 |   449 |     - |    29M |   0 |1130 |1890 |1335 |  12 |  6 |  26 |   0 | 8.330656e-01 | 8.403612e-01 |   0.88%| unknown
  0.7s|     1 |     0 |   453 |     - |    33M |   0 |1130 |1782 |1336 |  13 |  7 |  26 |   0 | 8.330656e-01 | 8.403612e-01 |   0.88%| unknown
  0.8s|     1 |     0 |   465 |     - |    35M |   0 |1130 |1699 |1338 |  15 |  8 |  26 |   0 | 8.330724e-01 | 8.403612e-01 |   0.87%| unknown
  0.9s|     1 |     0 |   488 |     - |    39M |   0 |1130 |1596 |1340 |  17 |  9 |  31 |   0 | 8.330766e-01 | 8.403612e-01 |   0.87%| unknown
  1.0s|     1 |     0 |   499 |     - |    39M |   0 |1130 |1598 |1341 |  18 | 10 |  33 |   0 | 8.330818e-01 | 8.403612e-01 |   0.87%| unknown
  1.1s|     1 |     0 |   509 |     - |    40M |   0 |1130 |1592 |1343 |  20 | 11 |  33 |   0 | 8.330856e-01 | 8.403612e-01 |   0.87%| unknown
 time | node  | left  |LP iter|LP it/n|mem/heur|mdpt |vars |cons |rows |cuts |sepa|confs|strbr|  dualbound   | primalbound  |  gap   | compl. 
  1.1s|     1 |     0 |   509 |     - |    40M |   0 |1130 | 965 |1343 |  20 | 11 |  33 |   0 | 8.330856e-01 | 8.403612e-01 |   0.87%| unknown
  1.1s|     1 |     0 |   519 |     - |    40M |   0 |1130 | 965 |1345 |  22 | 12 |  33 |   0 | 8.330894e-01 | 8.403612e-01 |   0.87%| unknown
  1.1s|     1 |     0 |   533 |     - |    40M |   0 |1130 | 848 |1346 |  23 | 13 |  33 |   0 | 8.330968e-01 | 8.403612e-01 |   0.87%| unknown
  1.1s|     1 |     0 |   542 |     - |    40M |   0 |1130 | 706 |1349 |  26 | 14 |  33 |   0 | 8.331098e-01 | 8.403612e-01 |   0.87%| unknown
  1.1s|     1 |     0 |   546 |     - |    41M |   0 |1130 | 656 |1349 |  28 | 15 |  33 |   0 | 8.331131e-01 | 8.403612e-01 |   0.87%| unknown
  1.1s|     1 |     0 |   548 |     - |    41M |   0 |1130 | 604 |1350 |  29 | 16 |  38 |   0 | 8.331145e-01 | 8.403612e-01 |   0.87%| unknown
  1.1s|     1 |     0 |   550 |     - |    41M |   0 |1130 | 499 |1352 |  31 | 17 |  42 |   0 | 8.331153e-01 | 8.403612e-01 |   0.87%| unknown
  1.1s|     1 |     0 |   551 |     - |    41M |   0 |1130 | 498 |1353 |  32 | 18 |  42 |   0 | 8.331154e-01 | 8.403612e-01 |   0.87%| unknown
  1.1s|     1 |     0 |   553 |     - |    41M |   0 |1130 | 498 |1355 |  34 | 19 |  42 |   0 | 8.331154e-01 | 8.403612e-01 |   0.87%| unknown
  1.1s|     1 |     0 |   559 |     - |    41M |   0 |1130 | 498 |1356 |  35 | 20 |  42 |   0 | 8.331178e-01 | 8.403612e-01 |   0.87%| unknown
  1.1s|     1 |     0 |   567 |     - |    41M |   0 |1130 | 502 |1347 |  36 | 21 |  46 |   0 | 8.331207e-01 | 8.403612e-01 |   0.87%| unknown
  1.1s|     1 |     0 |   574 |     - |    41M |   0 |1130 | 485 |1349 |  38 | 22 |  49 |   0 | 8.331228e-01 | 8.403612e-01 |   0.87%| unknown
(run 1, node 1) restarting after 979 global fixings of integer variables

(restart) converted 26 cuts from the global cut pool into linear constraints

presolving:
(round 1, fast)       982 del vars, 142 del conss, 0 add conss, 2 chg bounds, 0 chg sides, 2 chg coeffs, 0 upgd conss, 0 impls, 368 clqs, 0 implints
(round 2, fast)       982 del vars, 143 del conss, 0 add conss, 2 chg bounds, 0 chg sides, 2 chg coeffs, 0 upgd conss, 0 impls, 368 clqs, 0 implints
(round 3, medium)     983 del vars, 143 del conss, 0 add conss, 2 chg bounds, 0 chg sides, 2 chg coeffs, 0 upgd conss, 0 impls, 366 clqs, 0 implints
(round 4, fast)       983 del vars, 145 del conss, 0 add conss, 2 chg bounds, 0 chg sides, 2 chg coeffs, 0 upgd conss, 0 impls, 366 clqs, 0 implints
(round 5, exhaustive) 983 del vars, 145 del conss, 0 add conss, 2 chg bounds, 0 chg sides, 2 chg coeffs, 16 upgd conss, 0 impls, 366 clqs, 0 implints
(round 6, exhaustive) 983 del vars, 146 del conss, 0 add conss, 2 chg bounds, 0 chg sides, 2 chg coeffs, 16 upgd conss, 0 impls, 366 clqs, 0 implints
(round 7, exhaustive) 983 del vars, 146 del conss, 0 add conss, 2 chg bounds, 0 chg sides, 5 chg coeffs, 16 upgd conss, 0 impls, 366 clqs, 0 implints
(round 8, exhaustive) 983 del vars, 147 del conss, 0 add conss, 2 chg bounds, 0 chg sides, 5 chg coeffs, 16 upgd conss, 0 impls, 367 clqs, 0 implints
presolving (9 rounds: 9 fast, 6 medium, 5 exhaustive):
 983 deleted vars, 147 deleted constraints, 0 added constraints, 2 tightened bounds, 0 added holes, 0 changed sides, 5 changed coefficients
 0 implications, 367 cliques, 0 implied integral variables (0 bin, 0 int, 0 cont)
presolved problem has 147 variables (146 bin, 0 int, 1 cont) and 371 constraints
     43 constraints of type <setppc>
     58 constraints of type <linear>
    270 constraints of type <logicor>
Presolving Time: 0.24
transformed 2/7 original solutions to the transformed problem space

 time | node  | left  |LP iter|LP it/n|mem/heur|mdpt |vars |cons |rows |cuts |sepa|confs|strbr|  dualbound   | primalbound  |  gap   | compl. 
  1.2s|     1 |     0 |   945 |     - |    40M |   0 | 147 | 371 | 343 |   0 |  0 |  56 |   0 | 8.331228e-01 | 8.403612e-01 |   0.87%| unknown
  1.2s|     1 |     0 |   945 |     - |    40M |   0 | 147 | 379 | 341 |   0 |  0 |  64 |   0 | 8.331228e-01 | 8.403612e-01 |   0.87%| unknown
  1.2s|     1 |     0 |   955 |     - |    40M |   0 | 147 | 377 | 343 |   2 |  1 |  64 |   0 | 8.331279e-01 | 8.403612e-01 |   0.87%| unknown
  1.2s|     1 |     0 |   959 |     - |    40M |   0 | 147 | 378 | 344 |   3 |  2 |  65 |   0 | 8.331325e-01 | 8.403612e-01 |   0.87%| unknown
  1.2s|     1 |     0 |   968 |     - |    40M |   0 | 147 | 379 | 346 |   5 |  3 |  66 |   0 | 8.331345e-01 | 8.403612e-01 |   0.87%| unknown
  1.2s|     1 |     0 |   980 |     - |    41M |   0 | 147 | 380 | 349 |   8 |  4 |  67 |   0 | 8.331375e-01 | 8.403612e-01 |   0.87%| unknown
  1.3s|     1 |     0 |  1006 |     - |    41M |   0 | 147 | 380 | 350 |   9 |  5 |  67 |   0 | 8.331473e-01 | 8.403612e-01 |   0.87%| unknown
  1.3s|     1 |     0 |  1027 |     - |    42M |   0 | 147 | 386 | 351 |  10 |  6 |  73 |   0 | 8.331762e-01 | 8.403612e-01 |   0.86%| unknown
  1.3s|     1 |     0 |  1040 |     - |    42M |   0 | 147 | 387 | 352 |  11 |  7 |  74 |   0 | 8.331926e-01 | 8.403612e-01 |   0.86%| unknown
  1.3s|     1 |     0 |  1066 |     - |    42M |   0 | 147 | 387 | 353 |  12 |  8 |  74 |   0 | 8.332263e-01 | 8.403612e-01 |   0.86%| unknown
  1.3s|     1 |     0 |  1085 |     - |    42M |   0 | 147 | 393 | 355 |  14 |  9 |  80 |   0 | 8.332395e-01 | 8.403612e-01 |   0.85%| unknown
  1.3s|     1 |     0 |  1090 |     - |    45M |   0 | 147 | 393 | 357 |  16 | 10 |  80 |   0 | 8.332423e-01 | 8.403612e-01 |   0.85%| unknown
  1.3s|     1 |     0 |  1109 |     - |    45M |   0 | 147 | 395 | 358 |  17 | 11 |  82 |   0 | 8.332492e-01 | 8.403612e-01 |   0.85%| unknown
L 1.4s|     1 |     0 |  1377 |     - |    rens|   0 | 147 | 402 | 358 |  17 | 11 |  89 |   0 | 8.332492e-01 | 8.402230e-01 |   0.84%| unknown
  1.4s|     1 |     0 |  1377 |     - |    45M |   0 | 147 | 402 | 358 |  17 | 11 |  89 |   0 | 8.332492e-01 | 8.402230e-01 |   0.84%| unknown
 time | node  | left  |LP iter|LP it/n|mem/heur|mdpt |vars |cons |rows |cuts |sepa|confs|strbr|  dualbound   | primalbound  |  gap   | compl. 
  1.4s|     1 |     0 |  1377 |     - |    45M |   0 | 147 | 402 | 356 |  17 | 11 |  89 |   0 | 8.332492e-01 | 8.402230e-01 |   0.84%| unknown
  1.4s|     1 |     0 |  1409 |     - |    45M |   0 | 147 | 401 | 354 |  19 | 12 |  89 |   0 | 8.332907e-01 | 8.402230e-01 |   0.83%| unknown
  1.4s|     1 |     0 |  1410 |     - |    45M |   0 | 147 | 401 | 355 |  20 | 13 |  89 |   0 | 8.332907e-01 | 8.402230e-01 |   0.83%| unknown
  1.4s|     1 |     2 |  1410 |     - |    45M |   0 | 147 | 399 | 355 |  20 | 13 |  90 |  19 | 8.333331e-01 | 8.402230e-01 |   0.83%| unknown
(run 2, node 1) restarting after 4 global fixings of integer variables

(restart) converted 20 cuts from the global cut pool into linear constraints

presolving:
(round 1, fast)       6 del vars, 5 del conss, 0 add conss, 0 chg bounds, 0 chg sides, 4 chg coeffs, 0 upgd conss, 0 impls, 354 clqs, 0 implints
(round 2, exhaustive) 6 del vars, 5 del conss, 0 add conss, 0 chg bounds, 0 chg sides, 4 chg coeffs, 2 upgd conss, 0 impls, 354 clqs, 0 implints
(round 3, exhaustive) 6 del vars, 6 del conss, 0 add conss, 0 chg bounds, 0 chg sides, 13 chg coeffs, 2 upgd conss, 0 impls, 354 clqs, 0 implints
(round 4, exhaustive) 6 del vars, 6 del conss, 0 add conss, 0 chg bounds, 0 chg sides, 14 chg coeffs, 2 upgd conss, 0 impls, 354 clqs, 0 implints
presolving (5 rounds: 5 fast, 4 medium, 4 exhaustive):
 6 deleted vars, 6 deleted constraints, 0 added constraints, 0 tightened bounds, 0 added holes, 0 changed sides, 14 changed coefficients
 0 implications, 354 cliques, 0 implied integral variables (0 bin, 0 int, 0 cont)
presolved problem has 141 variables (140 bin, 0 int, 1 cont) and 413 constraints
      1 constraints of type <knapsack>
     44 constraints of type <setppc>
     76 constraints of type <linear>
    292 constraints of type <logicor>
Presolving Time: 0.24
transformed 3/8 original solutions to the transformed problem space

 time | node  | left  |LP iter|LP it/n|mem/heur|mdpt |vars |cons |rows |cuts |sepa|confs|strbr|  dualbound   | primalbound  |  gap   | compl. 
  1.4s|     1 |     0 |  1616 |     - |    45M |   0 | 141 | 413 | 352 |   0 |  0 |  90 |  19 | 8.333331e-01 | 8.402230e-01 |   0.83%| unknown
  1.4s|     1 |     0 |  1625 |     - |    45M |   0 | 141 | 416 | 353 |   1 |  1 |  93 |  19 | 8.333331e-01 | 8.402230e-01 |   0.83%| unknown
  1.5s|     1 |     0 |  1638 |     - |    45M |   0 | 141 | 417 | 355 |   3 |  2 |  94 |  19 | 8.333331e-01 | 8.402230e-01 |   0.83%| unknown
  1.5s|     1 |     0 |  1644 |     - |    45M |   0 | 141 | 417 | 356 |   4 |  3 |  94 |  19 | 8.333331e-01 | 8.402230e-01 |   0.83%| unknown
  1.5s|     1 |     0 |  1664 |     - |    45M |   0 | 141 | 419 | 358 |   6 |  4 |  96 |  19 | 8.333331e-01 | 8.402230e-01 |   0.83%| unknown
  1.5s|     1 |     0 |  1676 |     - |    45M |   0 | 141 | 419 | 360 |   8 |  5 |  96 |  19 | 8.333331e-01 | 8.402230e-01 |   0.83%| unknown
  1.6s|     1 |     0 |  1694 |     - |    45M |   0 | 141 | 419 | 361 |   9 |  6 |  96 |  19 | 8.333331e-01 | 8.402230e-01 |   0.83%| unknown
  1.6s|     1 |     0 |  1703 |     - |    45M |   0 | 141 | 420 | 363 |  11 |  7 |  97 |  19 | 8.333331e-01 | 8.402230e-01 |   0.83%| unknown
  1.6s|     1 |     0 |  1713 |     - |    45M |   0 | 141 | 421 | 364 |  12 |  8 |  98 |  19 | 8.333331e-01 | 8.402230e-01 |   0.83%| unknown
  1.6s|     1 |     0 |  1729 |     - |    45M |   0 | 141 | 421 | 365 |  13 |  9 |  98 |  19 | 8.333399e-01 | 8.402230e-01 |   0.83%| unknown
  1.6s|     1 |     0 |  1740 |     - |    46M |   0 | 141 | 421 | 367 |  15 | 10 |  98 |  19 | 8.333417e-01 | 8.402230e-01 |   0.83%| unknown
  1.6s|     1 |     0 |  1781 |     - |    46M |   0 | 141 | 421 | 369 |  17 | 11 |  98 |  19 | 8.333643e-01 | 8.402230e-01 |   0.82%| unknown
  1.7s|     1 |     0 |  1790 |     - |    46M |   0 | 141 | 425 | 370 |  18 | 12 | 102 |  19 | 8.333647e-01 | 8.402230e-01 |   0.82%| unknown
  1.7s|     1 |     0 |  1795 |     - |    46M |   0 | 141 | 433 | 335 |  19 | 13 | 110 |  19 | 8.333647e-01 | 8.402230e-01 |   0.82%| unknown
  1.7s|     1 |     2 |  1984 |     - |    46M |   0 | 141 | 438 | 335 |  19 | 13 | 115 |  38 | 8.334101e-01 | 8.402230e-01 |   0.82%| unknown
 time | node  | left  |LP iter|LP it/n|mem/heur|mdpt |vars |cons |rows |cuts |sepa|confs|strbr|  dualbound   | primalbound  |  gap   | compl. 
* 1.7s|     3 |     2 |  2095 | 223.8 |strongbr|   2 | 141 | 453 | 313 |  19 |  2 | 130 |  66 | 8.334101e-01 | 8.391578e-01 |   0.69%| unknown

SCIP Status        : problem is solved [optimal solution found]
Solving Time (sec) : 1.77
Solving Nodes      : 9 (total of 11 nodes in 3 runs)
Primal Bound       : +8.39157794967396e-01 (10 solutions)
Dual Bound         : +8.39157794967396e-01
Gap                : 0.00 %
objective value:                    0.839157794967396
x_('12_5', '13_1')                                  1 	(obj:0.0198502071698793)
x_('11_17', '12_5')                                 1 	(obj:0.0156946721311475)
x_('10_31', '11_17')                                1 	(obj:0.0172431339152651)
x_('9_42', '10_31')                                 1 	(obj:0.0407142857142857)
x_('8_38', '9_42')                                  1 	(obj:0.0260409836065574)
x_('7_39', '8_38')                                  1 	(obj:0.028125)
x_('6_36', '7_39')                                  1 	(obj:0.0198141518902643)
x_('5_31', '6_36')                                  1 	(obj:0.0463307962529274)
x_('4_25', '5_31')                                  1 	(obj:0.048864168618267)
x_('3_20', '4_25')                                  1 	(obj:0.0557230679156909)
x_('2_14', '3_20')                                  1 	(obj:0.0561498829039813)
x_('1_10', '2_14')                                  1 	(obj:0.105653395784543)
x_('0_1', '1_10')                                   1 	(obj:0.0214285714285714)
y_0_0                                               1 	(obj:0)
y_1_0                                               1 	(obj:0)
y_2_0                                               1 	(obj:0)
y_3_0                                               1 	(obj:0)
y_4_0                                               1 	(obj:0)
y_5_0                                               1 	(obj:0)
y_6_1                                               1 	(obj:0)
y_7_1                                               1 	(obj:0)
y_8_1                                               1 	(obj:0)
y_9_1                                               1 	(obj:0)
y_10_1                                              1 	(obj:0)
y_11_1                                              1 	(obj:0)
y_12_1                                              1 	(obj:0)
z_('3268741', '3425762')_1                          1 	(obj:0)
z_('3268741', '1966592X')_0                         1 	(obj:0)
z_('1966592X', '3452192')_0                         1 	(obj:0)
z_('3452192', '1353870')_0                          1 	(obj:0)
z_('3452192', '3520162')_0                          1 	(obj:0)
z_('3520162', '3307092')_0                          1 	(obj:0)
z_('3520162', '3524054')_0                          1 	(obj:0)
z_('3268740', '3524054')_1                          1 	(obj:0)
z_('3524054', '3179975')_1                          1 	(obj:0)
z_('3179975', '3422998')_1                          1 	(obj:0)
z_('3422998', '2495223X')_1                         1 	(obj:0)
z_('3422998', '1353870_01')_1                       1 	(obj:0)
z_('2495223X', '2245784X')_1                        1 	(obj:0)
alpha                                6.58144578313253 	(obj:0.0512843968875431)
  obj=0.839  alpha=1092.5s  time=1.81s

k = 1
  Subgraph edges — edge_w: 13 (1.2%)  bal_w: 13 (1.2%)  combined: 26 (2.4%)  blended: 13 (1.2%)  blended_union: 31 (2.8%)  diverse: 13 (1.2%)
  [3a] Subgraph / edge_w   k=1 …
2026-07-01 18:17:02.122 | INFO     | pycaalp.time_balancing.model:run_mip:430 - Running MIP solver ...
      obj=0.840 (vs_full=+0.13%)  alpha=1102.0s  build=0.001s solve=0.011s  vs_full=+0.87%
  [3b] Subgraph / bal_w    k=1 …
2026-07-01 18:17:02.133 | INFO     | pycaalp.time_balancing.model:run_mip:430 - Running MIP solver ...
      obj=1.061 (vs_full=+26.44%)  alpha=1160.1s  build=0.001s solve=0.011s  vs_full=+6.19%
  [3c] Subgraph / combined k=1 …
2026-07-01 18:17:02.144 | INFO     | pycaalp.time_balancing.model:run_mip:430 - Running MIP solver ...
      obj=0.840 (vs_full=+0.13%)  alpha=1102.0s  build=0.002s solve=0.010s  vs_full=+0.87%
  [3d] Subgraph / blended  k=1 …
2026-07-01 18:17:02.154 | INFO     | pycaalp.time_balancing.model:run_mip:430 - Running MIP solver ...
      obj=0.839 (vs_full=+0.00%)  alpha=1092.5s  build=0.001s solve=0.005s  vs_full=+0.00%
  [3e] Subgraph / bl-union k=1 …
2026-07-01 18:17:02.159 | INFO     | pycaalp.time_balancing.model:run_mip:430 - Running MIP solver ...
      obj=0.839 (vs_full=-0.00%)  alpha=1092.5s  build=0.017s solve=0.020s  vs_full=+0.00%
  [3f] Subgraph / diverse  k=1 …
2026-07-01 18:17:02.179 | INFO     | pycaalp.time_balancing.model:run_mip:430 - Running MIP solver ...
      obj=0.839 (vs_full=+0.00%)  alpha=1092.5s  build=0.006s solve=0.005s  vs_full=+0.00%

k = 2
  Subgraph edges — edge_w: 15 (1.4%)  bal_w: 20 (1.8%)  combined: 35 (3.2%)  blended: 15 (1.4%)  blended_union: 36 (3.3%)  diverse: 26 (2.4%)
  [3a] Subgraph / edge_w   k=2 …
2026-07-01 18:17:02.244 | INFO     | pycaalp.time_balancing.model:run_mip:430 - Running MIP solver ...
      obj=0.840 (vs_full=+0.13%)  alpha=1102.0s  build=0.003s solve=0.018s  vs_full=+0.87%
  [3b] Subgraph / bal_w    k=2 …
2026-07-01 18:17:02.261 | INFO     | pycaalp.time_balancing.model:run_mip:430 - Running MIP solver ...
      obj=1.061 (vs_full=+26.44%)  alpha=1160.1s  build=0.004s solve=0.006s  vs_full=+6.19%
  [3c] Subgraph / combined k=2 …
2026-07-01 18:17:02.267 | INFO     | pycaalp.time_balancing.model:run_mip:430 - Running MIP solver ...
      obj=0.840 (vs_full=+0.13%)  alpha=1102.0s  build=0.010s solve=0.011s  vs_full=+0.87%
  [3d] Subgraph / blended  k=2 …
2026-07-01 18:17:02.279 | INFO     | pycaalp.time_balancing.model:run_mip:430 - Running MIP solver ...
      obj=0.839 (vs_full=+0.00%)  alpha=1092.5s  build=0.006s solve=0.012s  vs_full=+0.00%
  [3e] Subgraph / bl-union k=2 …
2026-07-01 18:17:02.291 | INFO     | pycaalp.time_balancing.model:run_mip:430 - Running MIP solver ...
      obj=0.839 (vs_full=+0.00%)  alpha=1092.5s  build=0.030s solve=0.106s  vs_full=+0.00%
  [3f] Subgraph / diverse  k=2 …
2026-07-01 18:17:02.397 | INFO     | pycaalp.time_balancing.model:run_mip:430 - Running MIP solver ...
      obj=0.839 (vs_full=+0.00%)  alpha=1092.5s  build=0.007s solve=0.089s  vs_full=+0.00%

k = 5
  Subgraph edges — edge_w: 21 (1.9%)  bal_w: 29 (2.6%)  combined: 50 (4.5%)  blended: 19 (1.7%)  blended_union: 49 (4.4%)  diverse: 65 (5.9%)
  [3a] Subgraph / edge_w   k=5 …
2026-07-01 18:17:02.600 | INFO     | pycaalp.time_balancing.model:run_mip:430 - Running MIP solver ...
      obj=0.840 (vs_full=+0.13%)  alpha=1102.0s  build=0.019s solve=0.057s  vs_full=+0.87%
  [3b] Subgraph / bal_w    k=5 …
2026-07-01 18:17:02.657 | INFO     | pycaalp.time_balancing.model:run_mip:430 - Running MIP solver ...
      obj=1.034 (vs_full=+23.25%)  alpha=1122.3s  build=0.011s solve=0.050s  vs_full=+2.73%
  [3c] Subgraph / combined k=5 …
2026-07-01 18:17:02.707 | INFO     | pycaalp.time_balancing.model:run_mip:430 - Running MIP solver ...
      obj=0.840 (vs_full=+0.13%)  alpha=1102.0s  build=0.024s solve=0.104s  vs_full=+0.87%
  [3d] Subgraph / blended  k=5 …
2026-07-01 18:17:02.811 | INFO     | pycaalp.time_balancing.model:run_mip:430 - Running MIP solver ...
      obj=0.839 (vs_full=+0.00%)  alpha=1092.5s  build=0.009s solve=0.019s  vs_full=+0.00%
  [3e] Subgraph / bl-union k=5 …
2026-07-01 18:17:02.830 | INFO     | pycaalp.time_balancing.model:run_mip:430 - Running MIP solver ...
      obj=0.839 (vs_full=+0.00%)  alpha=1092.5s  build=0.040s solve=0.096s  vs_full=+0.00%
  [3f] Subgraph / diverse  k=5 …
2026-07-01 18:17:02.926 | INFO     | pycaalp.time_balancing.model:run_mip:430 - Running MIP solver ...
      obj=0.839 (vs_full=+0.00%)  alpha=1092.5s  build=0.010s solve=0.116s  vs_full=+0.00%

k = 10
  Subgraph edges — edge_w: 24 (2.2%)  bal_w: 39 (3.5%)  combined: 63 (5.7%)  blended: 27 (2.4%)  blended_union: 64 (5.8%)  diverse: 126 (11.4%)
  [3a] Subgraph / edge_w   k=10 …
2026-07-01 18:17:03.273 | INFO     | pycaalp.time_balancing.model:run_mip:430 - Running MIP solver ...
      obj=0.840 (vs_full=+0.13%)  alpha=1102.0s  build=0.040s solve=0.082s  vs_full=+0.87%
  [3b] Subgraph / bal_w    k=10 …
2026-07-01 18:17:03.355 | INFO     | pycaalp.time_balancing.model:run_mip:430 - Running MIP solver ...
      obj=1.034 (vs_full=+23.25%)  alpha=1122.3s  build=0.016s solve=0.134s  vs_full=+2.73%
  [3c] Subgraph / combined k=10 …
2026-07-01 18:17:03.489 | INFO     | pycaalp.time_balancing.model:run_mip:430 - Running MIP solver ...
      obj=0.840 (vs_full=+0.13%)  alpha=1102.0s  build=0.037s solve=0.174s  vs_full=+0.87%
  [3d] Subgraph / blended  k=10 …
2026-07-01 18:17:03.663 | INFO     | pycaalp.time_balancing.model:run_mip:430 - Running MIP solver ...
      obj=0.839 (vs_full=+0.00%)  alpha=1092.5s  build=0.038s solve=0.077s  vs_full=+0.00%
  [3e] Subgraph / bl-union k=10 …
2026-07-01 18:17:03.741 | INFO     | pycaalp.time_balancing.model:run_mip:430 - Running MIP solver ...
      obj=0.839 (vs_full=+0.00%)  alpha=1092.5s  build=0.091s solve=0.149s  vs_full=+0.00%
  [3f] Subgraph / diverse  k=10 …
2026-07-01 18:17:03.890 | INFO     | pycaalp.time_balancing.model:run_mip:430 - Running MIP solver ...
      obj=0.839 (vs_full=+0.00%)  alpha=1092.5s  build=0.008s solve=0.381s  vs_full=+0.00%

k = 20
  Subgraph edges — edge_w: 35 (3.2%)  bal_w: 49 (4.4%)  combined: 84 (7.6%)  blended: 35 (3.2%)  blended_union: 87 (7.9%)  diverse: 239 (21.6%)
  [3a] Subgraph / edge_w   k=20 …
2026-07-01 18:17:04.643 | INFO     | pycaalp.time_balancing.model:run_mip:430 - Running MIP solver ...
      obj=0.840 (vs_full=+0.13%)  alpha=1102.0s  build=0.063s solve=0.112s  vs_full=+0.87%
  [3b] Subgraph / bal_w    k=20 …
2026-07-01 18:17:04.755 | INFO     | pycaalp.time_balancing.model:run_mip:430 - Running MIP solver ...
      obj=1.034 (vs_full=+23.25%)  alpha=1122.3s  build=0.025s solve=0.129s  vs_full=+2.73%
  [3c] Subgraph / combined k=20 …
2026-07-01 18:17:04.885 | INFO     | pycaalp.time_balancing.model:run_mip:430 - Running MIP solver ...
      obj=0.840 (vs_full=+0.13%)  alpha=1102.0s  build=0.067s solve=0.147s  vs_full=+0.87%
  [3d] Subgraph / blended  k=20 …
2026-07-01 18:17:05.032 | INFO     | pycaalp.time_balancing.model:run_mip:430 - Running MIP solver ...
      obj=0.839 (vs_full=+0.00%)  alpha=1092.5s  build=0.043s solve=0.081s  vs_full=+0.00%
  [3e] Subgraph / bl-union k=20 …
2026-07-01 18:17:05.114 | INFO     | pycaalp.time_balancing.model:run_mip:430 - Running MIP solver ...
      obj=0.839 (vs_full=+0.00%)  alpha=1092.5s  build=0.159s solve=0.291s  vs_full=+0.00%
  [3f] Subgraph / diverse  k=20 …
2026-07-01 18:17:05.405 | INFO     | pycaalp.time_balancing.model:run_mip:430 - Running MIP solver ...
      obj=0.839 (vs_full=+0.00%)  alpha=1092.5s  build=0.015s solve=0.164s  vs_full=+0.00%

k = 50
  Subgraph edges — edge_w: 54 (4.9%)  bal_w: 74 (6.7%)  combined: 127 (11.5%)  blended: 42 (3.8%)  blended_union: 117 (10.6%)  diverse: 511 (46.2%)
  [3a] Subgraph / edge_w   k=50 …
2026-07-01 18:17:06.597 | INFO     | pycaalp.time_balancing.model:run_mip:430 - Running MIP solver ...
      obj=0.839 (vs_full=+0.00%)  alpha=1092.5s  build=0.150s solve=0.352s  vs_full=+0.00%
  [3b] Subgraph / bal_w    k=50 …
2026-07-01 18:17:06.948 | INFO     | pycaalp.time_balancing.model:run_mip:430 - Running MIP solver ...
      obj=1.031 (vs_full=+22.88%)  alpha=1122.3s  build=0.077s solve=0.447s  vs_full=+2.73%
  [3c] Subgraph / combined k=50 …
2026-07-01 18:17:07.395 | INFO     | pycaalp.time_balancing.model:run_mip:430 - Running MIP solver ...
      obj=0.839 (vs_full=+0.00%)  alpha=1092.5s  build=0.208s solve=0.394s  vs_full=+0.00%
  [3d] Subgraph / blended  k=50 …
2026-07-01 18:17:07.790 | INFO     | pycaalp.time_balancing.model:run_mip:430 - Running MIP solver ...
      obj=0.839 (vs_full=+0.00%)  alpha=1092.5s  build=0.132s solve=0.143s  vs_full=+0.00%
  [3e] Subgraph / bl-union k=50 …
2026-07-01 18:17:07.933 | INFO     | pycaalp.time_balancing.model:run_mip:430 - Running MIP solver ...
      obj=0.839 (vs_full=-0.00%)  alpha=1092.5s  build=0.409s solve=0.735s  vs_full=+0.00%
  [3f] Subgraph / diverse  k=50 …
2026-07-01 18:17:08.668 | INFO     | pycaalp.time_balancing.model:run_mip:430 - Running MIP solver ...
      obj=0.839 (vs_full=+0.00%)  alpha=1092.5s  build=0.051s solve=1.186s  vs_full=+0.00%

k = 100
  Subgraph edges — edge_w: 78 (7.1%)  bal_w: 85 (7.7%)  combined: 162 (14.7%)  blended: 46 (4.2%)  blended_union: 167 (15.1%)  diverse: 742 (67.1%)
  [3a] Subgraph / edge_w   k=100 …
2026-07-01 18:17:11.580 | INFO     | pycaalp.time_balancing.model:run_mip:430 - Running MIP solver ...
      obj=0.839 (vs_full=+0.00%)  alpha=1092.5s  build=0.232s solve=0.123s  vs_full=+0.00%
  [3b] Subgraph / bal_w    k=100 …
2026-07-01 18:17:11.704 | INFO     | pycaalp.time_balancing.model:run_mip:430 - Running MIP solver ...
      obj=1.031 (vs_full=+22.88%)  alpha=1122.3s  build=0.147s solve=0.768s  vs_full=+2.73%
  [3c] Subgraph / combined k=100 …
2026-07-01 18:17:12.472 | INFO     | pycaalp.time_balancing.model:run_mip:430 - Running MIP solver ...
      obj=0.839 (vs_full=+0.00%)  alpha=1092.5s  build=0.418s solve=0.628s  vs_full=+0.00%
  [3d] Subgraph / blended  k=100 …
2026-07-01 18:17:13.100 | INFO     | pycaalp.time_balancing.model:run_mip:430 - Running MIP solver ...
      obj=0.839 (vs_full=+0.00%)  alpha=1092.5s  build=0.213s solve=0.274s  vs_full=+0.00%
  [3e] Subgraph / bl-union k=100 …
2026-07-01 18:17:13.375 | INFO     | pycaalp.time_balancing.model:run_mip:430 - Running MIP solver ...
      obj=0.839 (vs_full=+0.00%)  alpha=1092.5s  build=0.641s solve=0.412s  vs_full=+0.00%
  [3f] Subgraph / diverse  k=100 …
2026-07-01 18:17:13.786 | INFO     | pycaalp.time_balancing.model:run_mip:430 - Running MIP solver ...
      obj=0.839 (vs_full=+0.00%)  alpha=1092.5s  build=0.075s solve=1.403s  vs_full=+0.00%

k = 200
  Subgraph edges — edge_w: 95 (8.6%)  bal_w: 118 (10.7%)  combined: 211 (19.1%)  blended: 65 (5.9%)  blended_union: 212 (19.2%)  diverse: 912 (82.5%)
  [3a] Subgraph / edge_w   k=200 …
2026-07-01 18:17:19.101 | INFO     | pycaalp.time_balancing.model:run_mip:430 - Running MIP solver ...
      obj=0.839 (vs_full=+0.00%)  alpha=1092.5s  build=0.612s solve=0.364s  vs_full=+0.00%
  [3b] Subgraph / bal_w    k=200 …
2026-07-01 18:17:19.464 | INFO     | pycaalp.time_balancing.model:run_mip:430 - Running MIP solver ...
      obj=1.031 (vs_full=+22.82%)  alpha=1122.3s  build=0.306s solve=0.454s  vs_full=+2.73%
  [3c] Subgraph / combined k=200 …
2026-07-01 18:17:19.919 | INFO     | pycaalp.time_balancing.model:run_mip:430 - Running MIP solver ...
      obj=0.839 (vs_full=+0.00%)  alpha=1092.5s  build=0.847s solve=0.465s  vs_full=+0.00%
  [3d] Subgraph / blended  k=200 …
2026-07-01 18:17:20.384 | INFO     | pycaalp.time_balancing.model:run_mip:430 - Running MIP solver ...
      obj=0.839 (vs_full=+0.00%)  alpha=1092.5s  build=0.541s solve=0.219s  vs_full=+0.00%
  [3e] Subgraph / bl-union k=200 …
2026-07-01 18:17:20.603 | INFO     | pycaalp.time_balancing.model:run_mip:430 - Running MIP solver ...
      obj=0.839 (vs_full=+0.00%)  alpha=1092.5s  build=1.478s solve=0.501s  vs_full=+0.00%
  [3f] Subgraph / diverse  k=200 …
2026-07-01 18:17:21.104 | INFO     | pycaalp.time_balancing.model:run_mip:430 - Running MIP solver ...
      obj=0.839 (vs_full=+0.00%)  alpha=1092.5s  build=0.126s solve=1.438s  vs_full=+0.00%

k = 500
  Subgraph edges — edge_w: 108 (9.8%)  bal_w: 170 (15.4%)  combined: 274 (24.8%)  blended: 86 (7.8%)  blended_union: 278 (25.2%)  diverse: 1046 (94.7%)
  [3a] Subgraph / edge_w   k=500 …
2026-07-01 18:17:33.962 | INFO     | pycaalp.time_balancing.model:run_mip:430 - Running MIP solver ...
      obj=0.839 (vs_full=+0.00%)  alpha=1092.5s  build=1.303s solve=0.244s  vs_full=+0.00%
  [3b] Subgraph / bal_w    k=500 …
2026-07-01 18:17:34.206 | INFO     | pycaalp.time_balancing.model:run_mip:430 - Running MIP solver ...
      obj=1.001 (vs_full=+19.31%)  alpha=1104.1s  build=0.997s solve=0.404s  vs_full=+1.06%
  [3c] Subgraph / combined k=500 …
2026-07-01 18:17:34.610 | INFO     | pycaalp.time_balancing.model:run_mip:430 - Running MIP solver ...
      obj=0.839 (vs_full=+0.00%)  alpha=1092.5s  build=2.569s solve=0.571s  vs_full=+0.00%
  [3d] Subgraph / blended  k=500 …
2026-07-01 18:17:35.181 | INFO     | pycaalp.time_balancing.model:run_mip:430 - Running MIP solver ...
      obj=0.839 (vs_full=+0.00%)  alpha=1092.5s  build=1.444s solve=0.306s  vs_full=+0.00%
  [3e] Subgraph / bl-union k=500 …
2026-07-01 18:17:35.486 | INFO     | pycaalp.time_balancing.model:run_mip:430 - Running MIP solver ...
      obj=0.839 (vs_full=+0.00%)  alpha=1092.5s  build=4.671s solve=0.711s  vs_full=+0.00%
  [3f] Subgraph / diverse  k=500 …
2026-07-01 18:17:36.197 | INFO     | pycaalp.time_balancing.model:run_mip:430 - Running MIP solver ...
      obj=0.839 (vs_full=+0.00%)  alpha=1092.5s  build=0.435s solve=1.983s  vs_full=+0.00%

k = 1000
  Subgraph edges — edge_w: 142 (12.9%)  bal_w: 223 (20.2%)  combined: 359 (32.5%)  blended: 95 (8.6%)  blended_union: 305 (27.6%)  diverse: 1101 (99.6%)
  [3a] Subgraph / edge_w   k=1000 …
2026-07-01 18:18:02.783 | INFO     | pycaalp.time_balancing.model:run_mip:430 - Running MIP solver ...
      obj=0.839 (vs_full=+0.00%)  alpha=1092.5s  build=3.060s solve=0.557s  vs_full=+0.00%
  [3b] Subgraph / bal_w    k=1000 …
2026-07-01 18:18:03.341 | INFO     | pycaalp.time_balancing.model:run_mip:430 - Running MIP solver ...
      obj=0.994 (vs_full=+18.49%)  alpha=1104.1s  build=2.350s solve=0.595s  vs_full=+1.06%
  [3c] Subgraph / combined k=1000 …
2026-07-01 18:18:03.936 | INFO     | pycaalp.time_balancing.model:run_mip:430 - Running MIP solver ...
      obj=0.839 (vs_full=+0.00%)  alpha=1092.5s  build=5.439s solve=0.673s  vs_full=+0.00%
  [3d] Subgraph / blended  k=1000 …
2026-07-01 18:18:04.608 | INFO     | pycaalp.time_balancing.model:run_mip:430 - Running MIP solver ...
      obj=0.839 (vs_full=-0.00%)  alpha=1092.5s  build=3.415s solve=0.689s  vs_full=+0.00%
  [3e] Subgraph / bl-union k=1000 …
2026-07-01 18:18:05.298 | INFO     | pycaalp.time_balancing.model:run_mip:430 - Running MIP solver ...
      obj=0.839 (vs_full=+0.00%)  alpha=1092.5s  build=9.413s solve=0.984s  vs_full=+0.00%
  [3f] Subgraph / diverse  k=1000 …
2026-07-01 18:18:06.282 | INFO     | pycaalp.time_balancing.model:run_mip:430 - Running MIP solver ...
      obj=0.839 (vs_full=+0.00%)  alpha=1092.5s  build=0.925s solve=1.828s  vs_full=+0.00%

k = 2000
  Subgraph edges — edge_w: 185 (16.7%)  bal_w: 291 (26.3%)  combined: 464 (42.0%)  blended: 137 (12.4%)  blended_union: 356 (32.2%)  diverse: 1105 (100.0%)
  [3a] Subgraph / edge_w   k=2000 …
2026-07-01 18:19:05.436 | INFO     | pycaalp.time_balancing.model:run_mip:430 - Running MIP solver ...
      obj=0.839 (vs_full=+0.00%)  alpha=1092.5s  build=6.982s solve=1.000s  vs_full=+0.00%
  [3b] Subgraph / bal_w    k=2000 …
2026-07-01 18:19:06.436 | INFO     | pycaalp.time_balancing.model:run_mip:430 - Running MIP solver ...
      obj=0.986 (vs_full=+17.49%)  alpha=1104.1s  build=5.688s solve=1.461s  vs_full=+1.06%
  [3c] Subgraph / combined k=2000 …
2026-07-01 18:19:07.897 | INFO     | pycaalp.time_balancing.model:run_mip:430 - Running MIP solver ...
      obj=0.839 (vs_full=+0.00%)  alpha=1092.5s  build=12.492s solve=1.191s  vs_full=+0.00%
  [3d] Subgraph / blended  k=2000 …
2026-07-01 18:19:09.088 | INFO     | pycaalp.time_balancing.model:run_mip:430 - Running MIP solver ...
      obj=0.839 (vs_full=+0.00%)  alpha=1092.5s  build=7.476s solve=0.503s  vs_full=+0.00%
  [3e] Subgraph / bl-union k=2000 …
2026-07-01 18:19:09.591 | INFO     | pycaalp.time_balancing.model:run_mip:430 - Running MIP solver ...
      obj=0.839 (vs_full=+0.00%)  alpha=1092.5s  build=22.373s solve=0.999s  vs_full=+0.00%
  [3f] Subgraph / diverse  k=2000 …
2026-07-01 18:19:10.591 | INFO     | pycaalp.time_balancing.model:run_mip:430 - Running MIP solver ...
      obj=0.839 (vs_full=+0.00%)  alpha=1092.5s  build=2.314s solve=2.121s  vs_full=+0.00%

k = 5000
  Subgraph edges — edge_w: 232 (21.0%)  bal_w: 382 (34.6%)  combined: 593 (53.7%)  blended: 279 (25.2%)  blended_union: 482 (43.6%)  diverse: 1105 (100.0%)
  [3a] Subgraph / edge_w   k=5000 …
2026-07-01 18:23:09.372 | INFO     | pycaalp.time_balancing.model:run_mip:430 - Running MIP solver ...
      obj=0.839 (vs_full=+0.00%)  alpha=1092.5s  build=29.694s solve=0.907s  vs_full=+0.00%
  [3b] Subgraph / bal_w    k=5000 …
2026-07-01 18:23:10.279 | INFO     | pycaalp.time_balancing.model:run_mip:430 - Running MIP solver ...
      obj=0.981 (vs_full=+16.88%)  alpha=1108.3s  build=21.043s solve=1.307s  vs_full=+1.45%
  [3c] Subgraph / combined k=5000 …
2026-07-01 18:23:11.586 | INFO     | pycaalp.time_balancing.model:run_mip:430 - Running MIP solver ...
      obj=0.839 (vs_full=+0.00%)  alpha=1092.5s  build=53.284s solve=1.706s  vs_full=+0.00%
  [3d] Subgraph / blended  k=5000 …
2026-07-01 18:23:13.293 | INFO     | pycaalp.time_balancing.model:run_mip:430 - Running MIP solver ...
      obj=0.839 (vs_full=+0.00%)  alpha=1092.5s  build=33.479s solve=0.854s  vs_full=+0.00%
  [3e] Subgraph / bl-union k=5000 …
2026-07-01 18:23:14.146 | INFO     | pycaalp.time_balancing.model:run_mip:430 - Running MIP solver ...
      obj=0.839 (vs_full=+0.00%)  alpha=1092.5s  build=93.546s solve=1.430s  vs_full=+0.00%
  [3f] Subgraph / diverse  k=5000 …
2026-07-01 18:23:15.577 | INFO     | pycaalp.time_balancing.model:run_mip:430 - Running MIP solver ...
      obj=0.839 (vs_full=+0.00%)  alpha=1092.5s  build=5.614s solve=1.809s  vs_full=+0.00%

Results saved to experiments/strategy_comparison/assembly_1_np_2/strategy_comparison_lambda_0.4.csv
Plot with:  python -m experiments.strategy_comparison.plot_k_sensitivity

============================================================================================================================
SUMMARY — assembly_1  P=2  λ=0.4
============================================================================================================================
Strategy       Weight                      k   Build    Solve    Total  Spdup       Obj   ObjvsF     Alpha    AlvsF   Edges  %Grph
----------------------------------------------------------------------------------------------------------------------------
full_mip       —                               0.000    1.807    1.807   1.0x     0.839    +0.00   1092.52    +0.00    1105  100.0
subgraph_mip   edge_weight                 1   0.001    0.011    0.012 153.3x     0.840    +0.13   1102.04    +0.87      13    1.2
subgraph_mip   time_balanced_weight        1   0.001    0.011    0.012 150.3x     1.061   +26.44   1160.13    +6.19      13    1.2
subgraph_mip   combined                    1   0.002    0.010    0.012 146.8x     0.840    +0.13   1102.04    +0.87      26    2.4
subgraph_mip   blended                     1   0.001    0.005    0.007 275.8x     0.839    +0.00   1092.52    +0.00      13    1.2
subgraph_mip   blended_union               1   0.017    0.020    0.037  49.1x     0.839    -0.00   1092.52    +0.00      31    2.8
subgraph_mip   diverse                     1   0.006    0.005    0.011 166.8x     0.839    +0.00   1092.52    +0.00      13    1.2
subgraph_mip   edge_weight                 2   0.003    0.018    0.021  85.7x     0.840    +0.13   1102.04    +0.87      15    1.4
subgraph_mip   time_balanced_weight        2   0.004    0.006    0.010 188.8x     1.061   +26.44   1160.13    +6.19      20    1.8
subgraph_mip   combined                    2   0.010    0.011    0.021  85.4x     0.840    +0.13   1102.04    +0.87      35    3.2
subgraph_mip   blended                     2   0.006    0.012    0.018 102.5x     0.839    +0.00   1092.52    +0.00      15    1.4
subgraph_mip   blended_union               2   0.030    0.106    0.136  13.3x     0.839    +0.00   1092.52    +0.00      36    3.3
subgraph_mip   diverse                     2   0.007    0.089    0.096  18.8x     0.839    +0.00   1092.52    +0.00      26    2.4
subgraph_mip   edge_weight                 5   0.019    0.057    0.076  23.8x     0.840    +0.13   1102.04    +0.87      21    1.9
subgraph_mip   time_balanced_weight        5   0.011    0.050    0.061  29.8x     1.034   +23.25   1122.33    +2.73      29    2.6
subgraph_mip   combined                    5   0.024    0.104    0.128  14.1x     0.840    +0.13   1102.04    +0.87      50    4.5
subgraph_mip   blended                     5   0.009    0.019    0.028  65.1x     0.839    +0.00   1092.52    +0.00      19    1.7
subgraph_mip   blended_union               5   0.040    0.096    0.136  13.2x     0.839    +0.00   1092.52    +0.00      49    4.4
subgraph_mip   diverse                     5   0.010    0.116    0.126  14.3x     0.839    +0.00   1092.52    +0.00      65    5.9
subgraph_mip   edge_weight                10   0.040    0.082    0.122  14.8x     0.840    +0.13   1102.04    +0.87      24    2.2
subgraph_mip   time_balanced_weight       10   0.016    0.134    0.150  12.1x     1.034   +23.25   1122.33    +2.73      39    3.5
subgraph_mip   combined                   10   0.037    0.174    0.211   8.6x     0.840    +0.13   1102.04    +0.87      63    5.7
subgraph_mip   blended                    10   0.038    0.077    0.116  15.6x     0.839    +0.00   1092.52    +0.00      27    2.4
subgraph_mip   blended_union              10   0.091    0.149    0.240   7.5x     0.839    +0.00   1092.52    +0.00      64    5.8
subgraph_mip   diverse                    10   0.008    0.381    0.389   4.6x     0.839    +0.00   1092.52    +0.00     126   11.4
subgraph_mip   edge_weight                20   0.063    0.112    0.175  10.3x     0.840    +0.13   1102.04    +0.87      35    3.2
subgraph_mip   time_balanced_weight       20   0.025    0.129    0.154  11.7x     1.034   +23.25   1122.33    +2.73      49    4.4
subgraph_mip   combined                   20   0.067    0.147    0.214   8.4x     0.840    +0.13   1102.04    +0.87      84    7.6
subgraph_mip   blended                    20   0.043    0.081    0.124  14.6x     0.839    +0.00   1092.52    +0.00      35    3.2
subgraph_mip   blended_union              20   0.159    0.291    0.450   4.0x     0.839    +0.00   1092.52    +0.00      87    7.9
subgraph_mip   diverse                    20   0.015    0.164    0.180  10.0x     0.839    +0.00   1092.52    +0.00     239   21.6
subgraph_mip   edge_weight                50   0.150    0.352    0.501   3.6x     0.839    +0.00   1092.52    +0.00      54    4.9
subgraph_mip   time_balanced_weight       50   0.077    0.447    0.524   3.5x     1.031   +22.88   1122.33    +2.73      74    6.7
subgraph_mip   combined                   50   0.208    0.394    0.603   3.0x     0.839    +0.00   1092.52    +0.00     127   11.5
subgraph_mip   blended                    50   0.132    0.143    0.275   6.6x     0.839    +0.00   1092.52    +0.00      42    3.8
subgraph_mip   blended_union              50   0.409    0.735    1.144   1.6x     0.839    -0.00   1092.52    +0.00     117   10.6
subgraph_mip   diverse                    50   0.051    1.186    1.237   1.5x     0.839    +0.00   1092.52    +0.00     511   46.2
subgraph_mip   edge_weight               100   0.232    0.123    0.355   5.1x     0.839    +0.00   1092.52    +0.00      78    7.1
subgraph_mip   time_balanced_weight      100   0.147    0.768    0.915   2.0x     1.031   +22.88   1122.33    +2.73      85    7.7
subgraph_mip   combined                  100   0.418    0.628    1.046   1.7x     0.839    +0.00   1092.52    +0.00     162   14.7
subgraph_mip   blended                   100   0.213    0.274    0.487   3.7x     0.839    +0.00   1092.52    +0.00      46    4.2
subgraph_mip   blended_union             100   0.641    0.412    1.053   1.7x     0.839    +0.00   1092.52    +0.00     167   15.1
subgraph_mip   diverse                   100   0.075    1.403    1.479   1.2x     0.839    +0.00   1092.52    +0.00     742   67.2
subgraph_mip   edge_weight               200   0.612    0.364    0.976   1.9x     0.839    +0.00   1092.52    +0.00      95    8.6
subgraph_mip   time_balanced_weight      200   0.306    0.454    0.761   2.4x     1.031   +22.82   1122.33    +2.73     118   10.7
subgraph_mip   combined                  200   0.847    0.465    1.313   1.4x     0.839    +0.00   1092.52    +0.00     211   19.1
subgraph_mip   blended                   200   0.541    0.219    0.760   2.4x     0.839    +0.00   1092.52    +0.00      65    5.9
subgraph_mip   blended_union             200   1.478    0.501    1.979   0.9x     0.839    +0.00   1092.52    +0.00     212   19.2
subgraph_mip   diverse                   200   0.126    1.438    1.565   1.1x     0.839    +0.00   1092.52    +0.00     912   82.5
subgraph_mip   edge_weight               500   1.303    0.244    1.546   1.2x     0.839    +0.00   1092.52    +0.00     108    9.8
subgraph_mip   time_balanced_weight      500   0.997    0.404    1.401   1.3x     1.001   +19.31   1104.13    +1.06     170   15.4
subgraph_mip   combined                  500   2.569    0.571    3.139   0.6x     0.839    +0.00   1092.52    +0.00     274   24.8
subgraph_mip   blended                   500   1.444    0.306    1.750   1.0x     0.839    +0.00   1092.52    +0.00      86    7.8
subgraph_mip   blended_union             500   4.671    0.711    5.382   0.3x     0.839    +0.00   1092.52    +0.00     278   25.2
subgraph_mip   diverse                   500   0.435    1.983    2.418   0.8x     0.839    +0.00   1092.52    +0.00    1046   94.7
subgraph_mip   edge_weight              1000   3.060    0.557    3.617   0.5x     0.839    +0.00   1092.52    +0.00     142   12.8
subgraph_mip   time_balanced_weight     1000   2.350    0.595    2.945   0.6x     0.994   +18.49   1104.13    +1.06     223   20.2
subgraph_mip   combined                 1000   5.439    0.673    6.112   0.3x     0.839    +0.00   1092.52    +0.00     359   32.5
subgraph_mip   blended                  1000   3.415    0.689    4.105   0.4x     0.839    -0.00   1092.52    +0.00      95    8.6
subgraph_mip   blended_union            1000   9.413    0.984   10.396   0.2x     0.839    +0.00   1092.52    +0.00     305   27.6
subgraph_mip   diverse                  1000   0.925    1.828    2.753   0.7x     0.839    +0.00   1092.52    +0.00    1101   99.6
subgraph_mip   edge_weight              2000   6.982    1.000    7.982   0.2x     0.839    +0.00   1092.52    +0.00     185   16.7
subgraph_mip   time_balanced_weight     2000   5.688    1.461    7.148   0.2x     0.986   +17.49   1104.13    +1.06     291   26.3
subgraph_mip   combined                 2000  12.492    1.191   13.683   0.1x     0.839    +0.00   1092.52    +0.00     464   42.0
subgraph_mip   blended                  2000   7.476    0.503    7.980   0.2x     0.839    +0.00   1092.52    +0.00     137   12.4
subgraph_mip   blended_union            2000  22.373    0.999   23.372   0.1x     0.839    +0.00   1092.52    +0.00     356   32.2
subgraph_mip   diverse                  2000   2.314    2.121    4.435   0.4x     0.839    +0.00   1092.52    +0.00    1105  100.0
subgraph_mip   edge_weight              5000  29.694    0.907   30.601   0.1x     0.839    +0.00   1092.52    +0.00     232   21.0
subgraph_mip   time_balanced_weight     5000  21.043    1.307   22.350   0.1x     0.981   +16.88   1108.32    +1.45     382   34.6
subgraph_mip   combined                 5000  53.284    1.706   54.990   0.0x     0.839    +0.00   1092.52    +0.00     593   53.7
subgraph_mip   blended                  5000  33.479    0.854   34.333   0.1x     0.839    +0.00   1092.52    +0.00     279   25.2
subgraph_mip   blended_union            5000  93.546    1.430   94.977   0.0x     0.839    +0.00   1092.52    +0.00     482   43.6
subgraph_mip   diverse                  5000   5.614    1.809    7.423   0.2x     0.839    +0.00   1092.52    +0.00    1105  100.0
============================================================================================================================

----------------- λ = 0.45 -----------------
========================================================================
Strategy Comparison Experiment — assembly_1  P=2  λ=0.45
========================================================================

Building assembly digraph …
2026-07-01 18:16:59.976 | INFO     | pycaalp.gapp.assembly_digraph:compute_assembly_digraph_complete:395 - Computing assembly digraph...
  343 nodes, 1105 edges  (0.4s)

[1] Full MIP  P=2  λ=0.45
2026-07-01 18:17:00.326 | INFO     | pycaalp.time_balancing.model:run_mip:430 - Running MIP solver ...
presolving:
(round 1, fast)       28 del vars, 40 del conss, 0 add conss, 0 chg bounds, 0 chg sides, 0 chg coeffs, 0 upgd conss, 0 impls, 43 clqs, 0 implints
(round 2, exhaustive) 28 del vars, 40 del conss, 0 add conss, 1 chg bounds, 0 chg sides, 0 chg coeffs, 2253 upgd conss, 0 impls, 43 clqs, 0 implints
   (0.2s) probing: 1000/1129 (88.6%) - 0 fixings, 0 aggregations, 119627 implications, 0 bound changes
   (0.2s) probing: 1001/1129 (88.7%) - 0 fixings, 0 aggregations, 119803 implications, 0 bound changes
   (0.2s) probing aborted: 1000/1000 successive useless probings
   (0.2s) symmetry computation started: requiring (bin +, int +, cont +), (fixed: bin -, int -, cont -)
   (0.2s) no symmetry present (symcode time: 0.00)
presolving (3 rounds: 3 fast, 2 medium, 2 exhaustive):
 28 deleted vars, 40 deleted constraints, 0 added constraints, 1 tightened bounds, 0 added holes, 0 changed sides, 0 changed coefficients
 0 implications, 8934 cliques, 0 implied integral variables (0 bin, 0 int, 0 cont)
presolved problem has 1130 variables (1129 bin, 0 int, 1 cont) and 2565 constraints
     43 constraints of type <setppc>
    312 constraints of type <linear>
   2210 constraints of type <logicor>
Presolving Time: 0.22

 time | node  | left  |LP iter|LP it/n|mem/heur|mdpt |vars |cons |rows |cuts |sepa|confs|strbr|  dualbound   | primalbound  |  gap   | compl. 
p 0.2s|     1 |     0 |     4 |     - | vbounds|   0 |1130 |2578 |2565 |   0 |  0 |  12 |   0 | 0.000000e+00 | 1.377482e+00 |    Inf | unknown
  0.3s|     1 |     0 |   355 |     - |    21M |   0 |1130 |2590 |2565 |   0 |  0 |  24 |   0 | 8.329273e-01 | 1.377482e+00 |  65.38%| unknown
  0.4s|     1 |     0 |   380 |     - |    23M |   0 |1130 |2591 |2567 |   2 |  1 |  25 |   0 | 8.329386e-01 | 1.377482e+00 |  65.38%| unknown
r 0.4s|     1 |     0 |   380 |     - |shifting|   0 |1130 |2591 |2567 |   2 |  1 |  25 |   0 | 8.329386e-01 | 8.412617e-01 |   1.00%| unknown
  0.4s|     1 |     0 |   399 |     - |    24M |   0 |1130 |2591 |2568 |   3 |  2 |  25 |   0 | 8.329943e-01 | 8.412617e-01 |   0.99%| unknown
  0.4s|     1 |     0 |   399 |     - |    24M |   0 |1130 |2591 |1385 |   3 |  2 |  25 |   0 | 8.329943e-01 | 8.412617e-01 |   0.99%| unknown
  0.4s|     1 |     0 |   414 |     - |    24M |   0 |1130 |2239 |1375 |   4 |  3 |  25 |   0 | 8.330078e-01 | 8.412617e-01 |   0.99%| unknown
  0.6s|     1 |     0 |   431 |     - |    27M |   0 |1130 |2094 |1377 |   6 |  4 |  25 |   0 | 8.330540e-01 | 8.412617e-01 |   0.99%| unknown
  0.6s|     1 |     0 |   436 |     - |    30M |   0 |1130 |1974 |1379 |   8 |  5 |  25 |   0 | 8.330540e-01 | 8.412617e-01 |   0.99%| unknown
  0.6s|     1 |     0 |   467 |     - |    35M |   0 |1130 |1926 |1381 |  10 |  6 |  25 |   0 | 8.330584e-01 | 8.412617e-01 |   0.98%| unknown
  0.8s|     1 |     0 |   478 |     - |    38M |   0 |1130 |1851 |1384 |  13 |  7 |  25 |   0 | 8.330807e-01 | 8.412617e-01 |   0.98%| unknown
  0.9s|     1 |     0 |   494 |     - |    40M |   0 |1130 |1850 |1385 |  14 |  8 |  25 |   0 | 8.330817e-01 | 8.412617e-01 |   0.98%| unknown
  0.9s|     1 |     0 |   494 |     - |    40M |   0 |1130 |1850 |1382 |  14 |  8 |  25 |   0 | 8.330817e-01 | 8.412617e-01 |   0.98%| unknown
  1.0s|     1 |     0 |   515 |     - |    43M |   0 |1130 |1707 |1384 |  16 |  9 |  25 |   0 | 8.331182e-01 | 8.412617e-01 |   0.98%| unknown
  1.1s|     1 |     0 |   537 |     - |    49M |   0 |1130 |1672 |1385 |  17 | 10 |  27 |   0 | 8.331258e-01 | 8.412617e-01 |   0.98%| unknown
 time | node  | left  |LP iter|LP it/n|mem/heur|mdpt |vars |cons |rows |cuts |sepa|confs|strbr|  dualbound   | primalbound  |  gap   | compl. 
  1.1s|     1 |     0 |   537 |     - |    49M |   0 |1130 |1672 |1382 |  17 | 10 |  27 |   0 | 8.331258e-01 | 8.412617e-01 |   0.98%| unknown
  1.1s|     1 |     0 |   544 |     - |    49M |   0 |1130 |1670 |1384 |  19 | 11 |  27 |   0 | 8.331273e-01 | 8.412617e-01 |   0.98%| unknown
  1.1s|     1 |     0 |   557 |     - |    49M |   0 |1130 |1670 |1386 |  21 | 12 |  27 |   0 | 8.331292e-01 | 8.412617e-01 |   0.98%| unknown
  1.1s|     1 |     0 |   573 |     - |    49M |   0 |1130 |1675 |1389 |  24 | 13 |  32 |   0 | 8.331337e-01 | 8.412617e-01 |   0.98%| unknown
  1.1s|     1 |     0 |   589 |     - |    50M |   0 |1130 |1677 |1392 |  27 | 14 |  34 |   0 | 8.331406e-01 | 8.412617e-01 |   0.97%| unknown
  1.1s|     1 |     0 |   589 |     - |    50M |   0 |1130 | 964 |1392 |  27 | 14 |  38 |   0 | 8.331406e-01 | 8.412617e-01 |   0.97%| unknown
  1.1s|     1 |     0 |   599 |     - |    50M |   0 |1130 | 964 |1393 |  29 | 15 |  38 |   0 | 8.331439e-01 | 8.412617e-01 |   0.97%| unknown
  1.1s|     1 |     0 |   610 |     - |    50M |   0 |1130 | 837 |1394 |  30 | 16 |  40 |   0 | 8.331474e-01 | 8.412617e-01 |   0.97%| unknown
  1.1s|     1 |     0 |   616 |     - |    50M |   0 |1130 | 702 |1396 |  32 | 17 |  43 |   0 | 8.331493e-01 | 8.412617e-01 |   0.97%| unknown
  1.1s|     1 |     0 |   622 |     - |    50M |   0 |1130 | 682 |1398 |  34 | 18 |  45 |   0 | 8.331509e-01 | 8.412617e-01 |   0.97%| unknown
  1.1s|     1 |     0 |   627 |     - |    50M |   0 |1130 | 683 |1399 |  35 | 19 |  46 |   0 | 8.331523e-01 | 8.412617e-01 |   0.97%| unknown
  1.2s|     1 |     0 |   629 |     - |    50M |   0 |1130 | 684 |1400 |  36 | 20 |  47 |   0 | 8.331526e-01 | 8.412617e-01 |   0.97%| unknown
  1.2s|     1 |     0 |   632 |     - |    50M |   0 |1130 | 665 |1394 |  37 | 21 |  49 |   0 | 8.331536e-01 | 8.412617e-01 |   0.97%| unknown
  1.2s|     1 |     0 |   633 |     - |    50M |   0 |1130 | 666 |1395 |  38 | 22 |  50 |   0 | 8.331538e-01 | 8.412617e-01 |   0.97%| unknown
  1.2s|     1 |     0 |   642 |     - |    50M |   0 |1130 | 667 |1396 |  39 | 23 |  51 |   0 | 8.331611e-01 | 8.412617e-01 |   0.97%| unknown
 time | node  | left  |LP iter|LP it/n|mem/heur|mdpt |vars |cons |rows |cuts |sepa|confs|strbr|  dualbound   | primalbound  |  gap   | compl. 
L 1.2s|     1 |     0 |   946 |     - |    rens|   0 |1130 | 675 |1396 |  39 | 24 |  59 |   0 | 8.331611e-01 | 8.411350e-01 |   0.96%| unknown
(run 1, node 1) restarting after 937 global fixings of integer variables

(restart) converted 30 cuts from the global cut pool into linear constraints

presolving:
(round 1, fast)       942 del vars, 224 del conss, 0 add conss, 3 chg bounds, 0 chg sides, 9 chg coeffs, 0 upgd conss, 0 impls, 482 clqs, 0 implints
(round 2, medium)     943 del vars, 224 del conss, 0 add conss, 3 chg bounds, 0 chg sides, 9 chg coeffs, 0 upgd conss, 0 impls, 480 clqs, 0 implints
(round 3, fast)       943 del vars, 226 del conss, 0 add conss, 3 chg bounds, 0 chg sides, 9 chg coeffs, 0 upgd conss, 0 impls, 480 clqs, 0 implints
(round 4, exhaustive) 943 del vars, 226 del conss, 0 add conss, 3 chg bounds, 0 chg sides, 9 chg coeffs, 20 upgd conss, 0 impls, 480 clqs, 0 implints
(round 5, exhaustive) 943 del vars, 227 del conss, 0 add conss, 3 chg bounds, 0 chg sides, 9 chg coeffs, 20 upgd conss, 0 impls, 480 clqs, 0 implints
(round 6, exhaustive) 943 del vars, 228 del conss, 0 add conss, 3 chg bounds, 0 chg sides, 12 chg coeffs, 20 upgd conss, 0 impls, 480 clqs, 0 implints
(round 7, exhaustive) 943 del vars, 228 del conss, 0 add conss, 3 chg bounds, 0 chg sides, 13 chg coeffs, 20 upgd conss, 0 impls, 480 clqs, 0 implints
presolving (8 rounds: 8 fast, 6 medium, 5 exhaustive):
 943 deleted vars, 228 deleted constraints, 0 added constraints, 3 tightened bounds, 0 added holes, 0 changed sides, 13 changed coefficients
 0 implications, 480 cliques, 0 implied integral variables (0 bin, 0 int, 0 cont)
presolved problem has 187 variables (186 bin, 0 int, 1 cont) and 477 constraints
     45 constraints of type <setppc>
     72 constraints of type <linear>
    360 constraints of type <logicor>
Presolving Time: 0.22
transformed 2/7 original solutions to the transformed problem space

 time | node  | left  |LP iter|LP it/n|mem/heur|mdpt |vars |cons |rows |cuts |sepa|confs|strbr|  dualbound   | primalbound  |  gap   | compl. 
  1.3s|     1 |     0 |  1132 |     - |    50M |   0 | 187 | 477 | 445 |   0 |  0 |  59 |   0 | 8.331611e-01 | 8.411350e-01 |   0.96%| unknown
  1.3s|     1 |     0 |  1132 |     - |    50M |   0 | 187 | 484 | 433 |   0 |  0 |  66 |   0 | 8.331611e-01 | 8.411350e-01 |   0.96%| unknown
  1.3s|     1 |     0 |  1138 |     - |    50M |   0 | 187 | 479 | 429 |   2 |  1 |  66 |   0 | 8.331647e-01 | 8.411350e-01 |   0.96%| unknown
  1.3s|     1 |     0 |  1146 |     - |    50M |   0 | 187 | 473 | 431 |   4 |  2 |  66 |   0 | 8.331678e-01 | 8.411350e-01 |   0.96%| unknown
  1.3s|     1 |     0 |  1154 |     - |    50M |   0 | 187 | 475 | 433 |   6 |  3 |  69 |   0 | 8.331690e-01 | 8.411350e-01 |   0.96%| unknown
  1.3s|     1 |     0 |  1172 |     - |    50M |   0 | 187 | 475 | 434 |   7 |  4 |  69 |   0 | 8.331711e-01 | 8.411350e-01 |   0.96%| unknown
  1.3s|     1 |     0 |  1176 |     - |    51M |   0 | 187 | 477 | 436 |   9 |  5 |  71 |   0 | 8.331720e-01 | 8.411350e-01 |   0.96%| unknown
  1.4s|     1 |     0 |  1194 |     - |    51M |   0 | 187 | 477 | 437 |  10 |  6 |  71 |   0 | 8.331824e-01 | 8.411350e-01 |   0.95%| unknown
  1.4s|     1 |     0 |  1213 |     - |    53M |   0 | 187 | 482 | 439 |  12 |  7 |  76 |   0 | 8.332043e-01 | 8.411350e-01 |   0.95%| unknown
  1.4s|     1 |     0 |  1215 |     - |    54M |   0 | 187 | 484 | 440 |  13 |  8 |  78 |   0 | 8.332046e-01 | 8.411350e-01 |   0.95%| unknown
  1.4s|     1 |     0 |  1233 |     - |    54M |   0 | 187 | 481 | 441 |  14 |  9 |  78 |   0 | 8.332118e-01 | 8.411350e-01 |   0.95%| unknown
  1.4s|     1 |     0 |  1251 |     - |    54M |   0 | 187 | 480 | 443 |  16 | 10 |  78 |   0 | 8.332169e-01 | 8.411350e-01 |   0.95%| unknown
  1.4s|     1 |     0 |  1268 |     - |    54M |   0 | 187 | 483 | 445 |  18 | 11 |  81 |   0 | 8.332208e-01 | 8.411350e-01 |   0.95%| unknown
  1.5s|     1 |     2 |  1531 |     - |    54M |   0 | 187 | 483 | 445 |  18 | 11 |  82 |  19 | 8.336288e-01 | 8.411350e-01 |   0.90%| unknown
(run 2, node 1) restarting after 7 global fixings of integer variables

(restart) converted 16 cuts from the global cut pool into linear constraints

presolving:
(round 1, fast)       10 del vars, 7 del conss, 0 add conss, 0 chg bounds, 0 chg sides, 2 chg coeffs, 0 upgd conss, 0 impls, 455 clqs, 0 implints
(round 2, exhaustive) 10 del vars, 8 del conss, 0 add conss, 0 chg bounds, 0 chg sides, 2 chg coeffs, 0 upgd conss, 0 impls, 455 clqs, 0 implints
(round 3, exhaustive) 10 del vars, 8 del conss, 0 add conss, 0 chg bounds, 0 chg sides, 2 chg coeffs, 2 upgd conss, 0 impls, 455 clqs, 0 implints
(round 4, exhaustive) 10 del vars, 8 del conss, 0 add conss, 0 chg bounds, 0 chg sides, 5 chg coeffs, 2 upgd conss, 0 impls, 455 clqs, 0 implints
presolving (5 rounds: 5 fast, 4 medium, 4 exhaustive):
 10 deleted vars, 8 deleted constraints, 0 added constraints, 0 tightened bounds, 0 added holes, 0 changed sides, 5 changed coefficients
 0 implications, 455 cliques, 0 implied integral variables (0 bin, 0 int, 0 cont)
presolved problem has 177 variables (176 bin, 0 int, 1 cont) and 491 constraints
      1 constraints of type <knapsack>
     43 constraints of type <setppc>
     86 constraints of type <linear>
    358 constraints of type <logicor>
      3 constraints of type <bounddisjunction>
Presolving Time: 0.23
transformed 2/7 original solutions to the transformed problem space

 time | node  | left  |LP iter|LP it/n|mem/heur|mdpt |vars |cons |rows |cuts |sepa|confs|strbr|  dualbound   | primalbound  |  gap   | compl. 
  1.5s|     1 |     0 |  1745 |     - |    52M |   0 | 177 | 491 | 439 |   0 |  0 |  82 |  19 | 8.336288e-01 | 8.411350e-01 |   0.90%| unknown
  1.5s|     1 |     0 |  1745 |     - |    52M |   0 | 177 | 495 | 435 |   0 |  0 |  86 |  19 | 8.336288e-01 | 8.411350e-01 |   0.90%| unknown
  1.5s|     1 |     0 |  1755 |     - |    53M |   0 | 177 | 493 | 436 |   1 |  1 |  86 |  19 | 8.336288e-01 | 8.411350e-01 |   0.90%| unknown
  1.5s|     1 |     0 |  1780 |     - |    53M |   0 | 177 | 494 | 437 |   2 |  2 |  87 |  19 | 8.336288e-01 | 8.411350e-01 |   0.90%| unknown
  1.6s|     1 |     0 |  1791 |     - |    53M |   0 | 177 | 494 | 440 |   5 |  3 |  87 |  19 | 8.336288e-01 | 8.411350e-01 |   0.90%| unknown
  1.6s|     1 |     0 |  1805 |     - |    53M |   0 | 177 | 497 | 442 |   7 |  4 |  90 |  19 | 8.336288e-01 | 8.411350e-01 |   0.90%| unknown
  1.6s|     1 |     0 |  1815 |     - |    55M |   0 | 177 | 498 | 444 |   9 |  5 |  91 |  19 | 8.336288e-01 | 8.411350e-01 |   0.90%| unknown
  1.6s|     1 |     0 |  1832 |     - |    55M |   0 | 177 | 498 | 445 |  10 |  6 |  91 |  19 | 8.336288e-01 | 8.411350e-01 |   0.90%| unknown
  1.7s|     1 |     0 |  1835 |     - |    55M |   0 | 177 | 502 | 446 |  11 |  7 |  95 |  19 | 8.336288e-01 | 8.411350e-01 |   0.90%| unknown
  1.7s|     1 |     0 |  1855 |     - |    55M |   0 | 177 | 504 | 447 |  12 |  8 |  98 |  19 | 8.336288e-01 | 8.411350e-01 |   0.90%| unknown
  1.7s|     1 |     0 |  1871 |     - |    56M |   0 | 177 | 504 | 449 |  14 |  9 |  98 |  19 | 8.336288e-01 | 8.411350e-01 |   0.90%| unknown
  1.7s|     1 |     0 |  1892 |     - |    59M |   0 | 177 | 505 | 450 |  15 | 10 |  99 |  19 | 8.336288e-01 | 8.411350e-01 |   0.90%| unknown
  1.7s|     1 |     0 |  1897 |     - |    59M |   0 | 177 | 507 | 451 |  16 | 11 | 101 |  19 | 8.336288e-01 | 8.411350e-01 |   0.90%| unknown
  1.8s|     1 |     2 |  2091 |     - |    59M |   0 | 177 | 514 | 451 |  16 | 11 | 108 |  38 | 8.336607e-01 | 8.411350e-01 |   0.90%| unknown
* 1.9s|    15 |     4 |  2483 |  78.9 |strongbr|   7 | 177 | 545 | 399 |  16 |  5 | 150 | 153 | 8.336607e-01 | 8.395458e-01 |   0.71%|  43.46%

SCIP Status        : problem is solved [optimal solution found]
Solving Time (sec) : 1.90
Solving Nodes      : 25 (total of 27 nodes in 3 runs)
Primal Bound       : +8.39545786560950e-01 (9 solutions)
Dual Bound         : +8.39545786560950e-01
Gap                : 0.00 %
objective value:                     0.83954578656095
x_('12_5', '13_1')                                  1 	(obj:0.018196023239056)
x_('11_17', '12_5')                                 1 	(obj:0.0143867827868852)
x_('10_31', '11_17')                                1 	(obj:0.015806206088993)
x_('9_42', '10_31')                                 1 	(obj:0.0373214285714286)
x_('8_38', '9_42')                                  1 	(obj:0.0238709016393443)
x_('7_39', '8_38')                                  1 	(obj:0.02578125)
x_('6_36', '7_39')                                  1 	(obj:0.0181629725660756)
x_('5_31', '6_36')                                  1 	(obj:0.0424698965651834)
x_('4_25', '5_31')                                  1 	(obj:0.0447921545667447)
x_('3_20', '4_25')                                  1 	(obj:0.0510794789227166)
x_('2_14', '3_20')                                  1 	(obj:0.0514707259953162)
x_('1_10', '2_14')                                  1 	(obj:0.0968489461358314)
x_('0_1', '1_10')                                   1 	(obj:0.0196428571428571)
y_0_0                                               1 	(obj:0)
y_1_0                                               1 	(obj:0)
y_2_0                                               1 	(obj:0)
y_3_0                                               1 	(obj:0)
y_4_0                                               1 	(obj:0)
y_5_0                                               1 	(obj:0)
y_6_1                                               1 	(obj:0)
y_7_1                                               1 	(obj:0)
y_8_1                                               1 	(obj:0)
y_9_1                                               1 	(obj:0)
y_10_1                                              1 	(obj:0)
y_11_1                                              1 	(obj:0)
y_12_1                                              1 	(obj:0)
z_('3268741', '3425762')_1                          1 	(obj:0)
z_('3268741', '1966592X')_0                         1 	(obj:0)
z_('1966592X', '3452192')_0                         1 	(obj:0)
z_('3452192', '1353870')_0                          1 	(obj:0)
z_('3452192', '3520162')_0                          1 	(obj:0)
z_('3520162', '3307092')_0                          1 	(obj:0)
z_('3520162', '3524054')_0                          1 	(obj:0)
z_('3268740', '3524054')_1                          1 	(obj:0)
z_('3524054', '3179975')_1                          1 	(obj:0)
z_('3179975', '3422998')_1                          1 	(obj:0)
z_('3422998', '2495223X')_1                         1 	(obj:0)
z_('3422998', '1353870_01')_1                       1 	(obj:0)
z_('2495223X', '2245784X')_1                        1 	(obj:0)
alpha                                6.58144578313253 	(obj:0.057694946498486)
  obj=0.840  alpha=1092.5s  time=1.94s

k = 1
  Subgraph edges — edge_w: 13 (1.2%)  bal_w: 13 (1.2%)  combined: 26 (2.4%)  blended: 13 (1.2%)  blended_union: 31 (2.8%)  diverse: 13 (1.2%)
  [3a] Subgraph / edge_w   k=1 …
2026-07-01 18:17:02.301 | INFO     | pycaalp.time_balancing.model:run_mip:430 - Running MIP solver ...
      obj=0.841 (vs_full=+0.19%)  alpha=1102.0s  build=0.002s solve=0.008s  vs_full=+0.87%
  [3b] Subgraph / bal_w    k=1 …
2026-07-01 18:17:02.309 | INFO     | pycaalp.time_balancing.model:run_mip:430 - Running MIP solver ...
      obj=1.047 (vs_full=+24.75%)  alpha=1160.1s  build=0.001s solve=0.005s  vs_full=+6.19%
  [3c] Subgraph / combined k=1 …
2026-07-01 18:17:02.315 | INFO     | pycaalp.time_balancing.model:run_mip:430 - Running MIP solver ...
      obj=0.841 (vs_full=+0.19%)  alpha=1102.0s  build=0.002s solve=0.007s  vs_full=+0.87%
  [3d] Subgraph / blended  k=1 …
2026-07-01 18:17:02.322 | INFO     | pycaalp.time_balancing.model:run_mip:430 - Running MIP solver ...
      obj=0.840 (vs_full=+0.00%)  alpha=1092.5s  build=0.001s solve=0.005s  vs_full=+0.00%
  [3e] Subgraph / bl-union k=1 …
2026-07-01 18:17:02.327 | INFO     | pycaalp.time_balancing.model:run_mip:430 - Running MIP solver ...
      obj=0.840 (vs_full=+0.00%)  alpha=1092.5s  build=0.020s solve=0.024s  vs_full=+0.00%
  [3f] Subgraph / diverse  k=1 …
2026-07-01 18:17:02.351 | INFO     | pycaalp.time_balancing.model:run_mip:430 - Running MIP solver ...
      obj=0.840 (vs_full=+0.00%)  alpha=1092.5s  build=0.006s solve=0.005s  vs_full=+0.00%

k = 2
  Subgraph edges — edge_w: 15 (1.4%)  bal_w: 20 (1.8%)  combined: 35 (3.2%)  blended: 15 (1.4%)  blended_union: 36 (3.3%)  diverse: 26 (2.4%)
  [3a] Subgraph / edge_w   k=2 …
2026-07-01 18:17:02.417 | INFO     | pycaalp.time_balancing.model:run_mip:430 - Running MIP solver ...
      obj=0.841 (vs_full=+0.19%)  alpha=1102.0s  build=0.003s solve=0.016s  vs_full=+0.87%
  [3b] Subgraph / bal_w    k=2 …
2026-07-01 18:17:02.433 | INFO     | pycaalp.time_balancing.model:run_mip:430 - Running MIP solver ...
      obj=1.047 (vs_full=+24.75%)  alpha=1160.1s  build=0.004s solve=0.006s  vs_full=+6.19%
  [3c] Subgraph / combined k=2 …
2026-07-01 18:17:02.439 | INFO     | pycaalp.time_balancing.model:run_mip:430 - Running MIP solver ...
      obj=0.841 (vs_full=+0.19%)  alpha=1102.0s  build=0.011s solve=0.013s  vs_full=+0.87%
  [3d] Subgraph / blended  k=2 …
2026-07-01 18:17:02.452 | INFO     | pycaalp.time_balancing.model:run_mip:430 - Running MIP solver ...
      obj=0.840 (vs_full=-0.00%)  alpha=1092.5s  build=0.007s solve=0.011s  vs_full=+0.00%
  [3e] Subgraph / bl-union k=2 …
2026-07-01 18:17:02.463 | INFO     | pycaalp.time_balancing.model:run_mip:430 - Running MIP solver ...
      obj=0.840 (vs_full=+0.00%)  alpha=1092.5s  build=0.029s solve=0.074s  vs_full=+0.00%
  [3f] Subgraph / diverse  k=2 …
2026-07-01 18:17:02.538 | INFO     | pycaalp.time_balancing.model:run_mip:430 - Running MIP solver ...
      obj=0.840 (vs_full=+0.00%)  alpha=1092.5s  build=0.006s solve=0.036s  vs_full=+0.00%

k = 5
  Subgraph edges — edge_w: 21 (1.9%)  bal_w: 29 (2.6%)  combined: 50 (4.5%)  blended: 19 (1.7%)  blended_union: 49 (4.4%)  diverse: 65 (5.9%)
  [3a] Subgraph / edge_w   k=5 …
2026-07-01 18:17:02.652 | INFO     | pycaalp.time_balancing.model:run_mip:430 - Running MIP solver ...
      obj=0.841 (vs_full=+0.19%)  alpha=1102.0s  build=0.010s solve=0.058s  vs_full=+0.87%
  [3b] Subgraph / bal_w    k=5 …
2026-07-01 18:17:02.710 | INFO     | pycaalp.time_balancing.model:run_mip:430 - Running MIP solver ...
      obj=1.020 (vs_full=+21.53%)  alpha=1122.3s  build=0.006s solve=0.140s  vs_full=+2.73%
  [3c] Subgraph / combined k=5 …
2026-07-01 18:17:02.850 | INFO     | pycaalp.time_balancing.model:run_mip:430 - Running MIP solver ...
      obj=0.841 (vs_full=+0.19%)  alpha=1102.0s  build=0.016s solve=0.078s  vs_full=+0.87%
  [3d] Subgraph / blended  k=5 …
2026-07-01 18:17:02.928 | INFO     | pycaalp.time_balancing.model:run_mip:430 - Running MIP solver ...
      obj=0.840 (vs_full=+0.00%)  alpha=1092.5s  build=0.009s solve=0.033s  vs_full=+0.00%
  [3e] Subgraph / bl-union k=5 …
2026-07-01 18:17:02.961 | INFO     | pycaalp.time_balancing.model:run_mip:430 - Running MIP solver ...
      obj=0.840 (vs_full=+0.00%)  alpha=1092.5s  build=0.033s solve=0.097s  vs_full=+0.00%
  [3f] Subgraph / diverse  k=5 …
2026-07-01 18:17:03.059 | INFO     | pycaalp.time_balancing.model:run_mip:430 - Running MIP solver ...
      obj=0.840 (vs_full=+0.00%)  alpha=1092.5s  build=0.005s solve=0.253s  vs_full=+0.00%

k = 10
  Subgraph edges — edge_w: 24 (2.2%)  bal_w: 39 (3.5%)  combined: 63 (5.7%)  blended: 27 (2.4%)  blended_union: 64 (5.8%)  diverse: 126 (11.4%)
  [3a] Subgraph / edge_w   k=10 …
2026-07-01 18:17:03.552 | INFO     | pycaalp.time_balancing.model:run_mip:430 - Running MIP solver ...
      obj=0.841 (vs_full=+0.19%)  alpha=1102.0s  build=0.032s solve=0.105s  vs_full=+0.87%
  [3b] Subgraph / bal_w    k=10 …
2026-07-01 18:17:03.657 | INFO     | pycaalp.time_balancing.model:run_mip:430 - Running MIP solver ...
      obj=1.020 (vs_full=+21.53%)  alpha=1122.3s  build=0.023s solve=0.048s  vs_full=+2.73%
  [3c] Subgraph / combined k=10 …
2026-07-01 18:17:03.705 | INFO     | pycaalp.time_balancing.model:run_mip:430 - Running MIP solver ...
      obj=0.841 (vs_full=+0.19%)  alpha=1102.0s  build=0.040s solve=0.119s  vs_full=+0.87%
  [3d] Subgraph / blended  k=10 …
2026-07-01 18:17:03.824 | INFO     | pycaalp.time_balancing.model:run_mip:430 - Running MIP solver ...
      obj=0.840 (vs_full=+0.00%)  alpha=1092.5s  build=0.031s solve=0.063s  vs_full=+0.00%
  [3e] Subgraph / bl-union k=10 …
2026-07-01 18:17:03.888 | INFO     | pycaalp.time_balancing.model:run_mip:430 - Running MIP solver ...
      obj=0.840 (vs_full=+0.00%)  alpha=1092.5s  build=0.106s solve=0.258s  vs_full=+0.00%
  [3f] Subgraph / diverse  k=10 …
2026-07-01 18:17:04.146 | INFO     | pycaalp.time_balancing.model:run_mip:430 - Running MIP solver ...
      obj=0.840 (vs_full=+0.00%)  alpha=1092.5s  build=0.008s solve=0.371s  vs_full=+0.00%

k = 20
  Subgraph edges — edge_w: 35 (3.2%)  bal_w: 49 (4.4%)  combined: 84 (7.6%)  blended: 35 (3.2%)  blended_union: 87 (7.9%)  diverse: 239 (21.6%)
  [3a] Subgraph / edge_w   k=20 …
2026-07-01 18:17:04.970 | INFO     | pycaalp.time_balancing.model:run_mip:430 - Running MIP solver ...
      obj=0.841 (vs_full=+0.19%)  alpha=1102.0s  build=0.064s solve=0.101s  vs_full=+0.87%
  [3b] Subgraph / bal_w    k=20 …
2026-07-01 18:17:05.071 | INFO     | pycaalp.time_balancing.model:run_mip:430 - Running MIP solver ...
      obj=1.020 (vs_full=+21.53%)  alpha=1122.3s  build=0.031s solve=0.201s  vs_full=+2.73%
  [3c] Subgraph / combined k=20 …
2026-07-01 18:17:05.272 | INFO     | pycaalp.time_balancing.model:run_mip:430 - Running MIP solver ...
      obj=0.841 (vs_full=+0.19%)  alpha=1102.0s  build=0.089s solve=0.234s  vs_full=+0.87%
  [3d] Subgraph / blended  k=20 …
2026-07-01 18:17:05.506 | INFO     | pycaalp.time_balancing.model:run_mip:430 - Running MIP solver ...
      obj=0.840 (vs_full=+0.00%)  alpha=1092.5s  build=0.060s solve=0.060s  vs_full=+0.00%
  [3e] Subgraph / bl-union k=20 …
2026-07-01 18:17:05.566 | INFO     | pycaalp.time_balancing.model:run_mip:430 - Running MIP solver ...
      obj=0.840 (vs_full=+0.00%)  alpha=1092.5s  build=0.184s solve=0.418s  vs_full=+0.00%
  [3f] Subgraph / diverse  k=20 …
2026-07-01 18:17:05.984 | INFO     | pycaalp.time_balancing.model:run_mip:430 - Running MIP solver ...
      obj=0.840 (vs_full=+0.00%)  alpha=1092.5s  build=0.024s solve=0.351s  vs_full=+0.00%

k = 50
  Subgraph edges — edge_w: 54 (4.9%)  bal_w: 74 (6.7%)  combined: 127 (11.5%)  blended: 42 (3.8%)  blended_union: 117 (10.6%)  diverse: 507 (45.9%)
  [3a] Subgraph / edge_w   k=50 …
2026-07-01 18:17:07.407 | INFO     | pycaalp.time_balancing.model:run_mip:430 - Running MIP solver ...
      obj=0.840 (vs_full=+0.00%)  alpha=1092.5s  build=0.106s solve=0.221s  vs_full=+0.00%
  [3b] Subgraph / bal_w    k=50 …
2026-07-01 18:17:07.628 | INFO     | pycaalp.time_balancing.model:run_mip:430 - Running MIP solver ...
      obj=1.018 (vs_full=+21.20%)  alpha=1122.3s  build=0.079s solve=0.579s  vs_full=+2.73%
  [3c] Subgraph / combined k=50 …
2026-07-01 18:17:08.207 | INFO     | pycaalp.time_balancing.model:run_mip:430 - Running MIP solver ...
      obj=0.840 (vs_full=+0.00%)  alpha=1092.5s  build=0.317s solve=0.338s  vs_full=+0.00%
  [3d] Subgraph / blended  k=50 …
2026-07-01 18:17:08.546 | INFO     | pycaalp.time_balancing.model:run_mip:430 - Running MIP solver ...
      obj=0.840 (vs_full=+0.00%)  alpha=1092.5s  build=0.138s solve=0.149s  vs_full=+0.00%
  [3e] Subgraph / bl-union k=50 …
2026-07-01 18:17:08.694 | INFO     | pycaalp.time_balancing.model:run_mip:430 - Running MIP solver ...
      obj=0.840 (vs_full=+0.00%)  alpha=1092.5s  build=0.412s solve=0.371s  vs_full=+0.00%
  [3f] Subgraph / diverse  k=50 …
2026-07-01 18:17:09.065 | INFO     | pycaalp.time_balancing.model:run_mip:430 - Running MIP solver ...
      obj=0.840 (vs_full=+0.00%)  alpha=1092.5s  build=0.022s solve=1.513s  vs_full=+0.00%

k = 100
  Subgraph edges — edge_w: 78 (7.1%)  bal_w: 85 (7.7%)  combined: 162 (14.7%)  blended: 46 (4.2%)  blended_union: 167 (15.1%)  diverse: 749 (67.8%)
  [3a] Subgraph / edge_w   k=100 …
2026-07-01 18:17:12.925 | INFO     | pycaalp.time_balancing.model:run_mip:430 - Running MIP solver ...
      obj=0.840 (vs_full=+0.00%)  alpha=1092.5s  build=0.397s solve=0.141s  vs_full=+0.00%
  [3b] Subgraph / bal_w    k=100 …
2026-07-01 18:17:13.067 | INFO     | pycaalp.time_balancing.model:run_mip:430 - Running MIP solver ...
      obj=1.018 (vs_full=+21.20%)  alpha=1122.3s  build=0.284s solve=0.281s  vs_full=+2.73%
  [3c] Subgraph / combined k=100 …
2026-07-01 18:17:13.348 | INFO     | pycaalp.time_balancing.model:run_mip:430 - Running MIP solver ...
      obj=0.840 (vs_full=+0.00%)  alpha=1092.5s  build=0.489s solve=1.177s  vs_full=+0.00%
  [3d] Subgraph / blended  k=100 …
2026-07-01 18:17:14.525 | INFO     | pycaalp.time_balancing.model:run_mip:430 - Running MIP solver ...
      obj=0.840 (vs_full=+0.00%)  alpha=1092.5s  build=0.274s solve=0.151s  vs_full=+0.00%
  [3e] Subgraph / bl-union k=100 …
2026-07-01 18:17:14.676 | INFO     | pycaalp.time_balancing.model:run_mip:430 - Running MIP solver ...
      obj=0.840 (vs_full=+0.00%)  alpha=1092.5s  build=0.861s solve=0.321s  vs_full=+0.00%
  [3f] Subgraph / diverse  k=100 …
2026-07-01 18:17:14.997 | INFO     | pycaalp.time_balancing.model:run_mip:430 - Running MIP solver ...
      obj=0.840 (vs_full=+0.00%)  alpha=1092.5s  build=0.042s solve=1.599s  vs_full=+0.00%

k = 200
  Subgraph edges — edge_w: 95 (8.6%)  bal_w: 118 (10.7%)  combined: 211 (19.1%)  blended: 65 (5.9%)  blended_union: 212 (19.2%)  diverse: 910 (82.4%)
  [3a] Subgraph / edge_w   k=200 …
2026-07-01 18:17:20.576 | INFO     | pycaalp.time_balancing.model:run_mip:430 - Running MIP solver ...
      obj=0.840 (vs_full=+0.00%)  alpha=1092.5s  build=0.565s solve=0.133s  vs_full=+0.00%
  [3b] Subgraph / bal_w    k=200 …
2026-07-01 18:17:20.709 | INFO     | pycaalp.time_balancing.model:run_mip:430 - Running MIP solver ...
      obj=1.017 (vs_full=+21.13%)  alpha=1122.3s  build=0.307s solve=0.277s  vs_full=+2.73%
  [3c] Subgraph / combined k=200 …
2026-07-01 18:17:20.986 | INFO     | pycaalp.time_balancing.model:run_mip:430 - Running MIP solver ...
      obj=0.840 (vs_full=+0.00%)  alpha=1092.5s  build=0.811s solve=0.725s  vs_full=+0.00%
  [3d] Subgraph / blended  k=200 …
2026-07-01 18:17:21.711 | INFO     | pycaalp.time_balancing.model:run_mip:430 - Running MIP solver ...
      obj=0.840 (vs_full=+0.00%)  alpha=1092.5s  build=0.502s solve=0.227s  vs_full=+0.00%
  [3e] Subgraph / bl-union k=200 …
2026-07-01 18:17:21.938 | INFO     | pycaalp.time_balancing.model:run_mip:430 - Running MIP solver ...
      obj=0.840 (vs_full=+0.00%)  alpha=1092.5s  build=1.670s solve=0.624s  vs_full=+0.00%
  [3f] Subgraph / diverse  k=200 …
2026-07-01 18:17:22.562 | INFO     | pycaalp.time_balancing.model:run_mip:430 - Running MIP solver ...
      obj=0.840 (vs_full=+0.00%)  alpha=1092.5s  build=0.125s solve=1.439s  vs_full=+0.00%

k = 500
  Subgraph edges — edge_w: 108 (9.8%)  bal_w: 170 (15.4%)  combined: 274 (24.8%)  blended: 86 (7.8%)  blended_union: 278 (25.2%)  diverse: 1047 (94.8%)
  [3a] Subgraph / edge_w   k=500 …
2026-07-01 18:17:37.836 | INFO     | pycaalp.time_balancing.model:run_mip:430 - Running MIP solver ...
      obj=0.840 (vs_full=+0.00%)  alpha=1092.5s  build=1.643s solve=0.312s  vs_full=+0.00%
  [3b] Subgraph / bal_w    k=500 …
2026-07-01 18:17:38.150 | INFO     | pycaalp.time_balancing.model:run_mip:430 - Running MIP solver ...
      obj=0.989 (vs_full=+17.78%)  alpha=1104.1s  build=0.991s solve=0.333s  vs_full=+1.06%
  [3c] Subgraph / combined k=500 …
2026-07-01 18:17:38.483 | INFO     | pycaalp.time_balancing.model:run_mip:430 - Running MIP solver ...
      obj=0.840 (vs_full=+0.00%)  alpha=1092.5s  build=3.001s solve=0.729s  vs_full=+0.00%
  [3d] Subgraph / blended  k=500 …
2026-07-01 18:17:39.212 | INFO     | pycaalp.time_balancing.model:run_mip:430 - Running MIP solver ...
      obj=0.840 (vs_full=+0.00%)  alpha=1092.5s  build=2.177s solve=0.508s  vs_full=+0.00%
  [3e] Subgraph / bl-union k=500 …
2026-07-01 18:17:39.720 | INFO     | pycaalp.time_balancing.model:run_mip:430 - Running MIP solver ...
      obj=0.840 (vs_full=+0.00%)  alpha=1092.5s  build=5.535s solve=0.797s  vs_full=+0.00%
  [3f] Subgraph / diverse  k=500 …
2026-07-01 18:17:40.517 | INFO     | pycaalp.time_balancing.model:run_mip:430 - Running MIP solver ...
      obj=0.840 (vs_full=+0.00%)  alpha=1092.5s  build=0.487s solve=2.625s  vs_full=+0.00%

k = 1000
  Subgraph edges — edge_w: 142 (12.9%)  bal_w: 223 (20.2%)  combined: 359 (32.5%)  blended: 89 (8.1%)  blended_union: 305 (27.6%)  diverse: 1102 (99.7%)
  [3a] Subgraph / edge_w   k=1000 …
2026-07-01 18:18:09.832 | INFO     | pycaalp.time_balancing.model:run_mip:430 - Running MIP solver ...
      obj=0.840 (vs_full=+0.00%)  alpha=1092.5s  build=3.647s solve=0.533s  vs_full=+0.00%
  [3b] Subgraph / bal_w    k=1000 …
2026-07-01 18:18:10.365 | INFO     | pycaalp.time_balancing.model:run_mip:430 - Running MIP solver ...
      obj=0.983 (vs_full=+17.03%)  alpha=1104.1s  build=2.447s solve=0.737s  vs_full=+1.06%
  [3c] Subgraph / combined k=1000 …
2026-07-01 18:18:11.102 | INFO     | pycaalp.time_balancing.model:run_mip:430 - Running MIP solver ...
      obj=0.840 (vs_full=+0.00%)  alpha=1092.5s  build=6.251s solve=0.717s  vs_full=+0.00%
  [3d] Subgraph / blended  k=1000 …
2026-07-01 18:18:11.819 | INFO     | pycaalp.time_balancing.model:run_mip:430 - Running MIP solver ...
      obj=0.840 (vs_full=+0.00%)  alpha=1092.5s  build=3.224s solve=0.678s  vs_full=+0.00%
  [3e] Subgraph / bl-union k=1000 …
2026-07-01 18:18:12.497 | INFO     | pycaalp.time_balancing.model:run_mip:430 - Running MIP solver ...
      obj=0.840 (vs_full=+0.00%)  alpha=1092.5s  build=10.226s solve=0.707s  vs_full=+0.00%
  [3f] Subgraph / diverse  k=1000 …
2026-07-01 18:18:13.204 | INFO     | pycaalp.time_balancing.model:run_mip:430 - Running MIP solver ...
      obj=0.840 (vs_full=+0.00%)  alpha=1092.5s  build=0.894s solve=2.601s  vs_full=+0.00%

k = 2000
  Subgraph edges — edge_w: 185 (16.7%)  bal_w: 291 (26.3%)  combined: 464 (42.0%)  blended: 121 (11.0%)  blended_union: 356 (32.2%)  diverse: 1105 (100.0%)
  [3a] Subgraph / edge_w   k=2000 …
2026-07-01 18:19:19.373 | INFO     | pycaalp.time_balancing.model:run_mip:430 - Running MIP solver ...
      obj=0.840 (vs_full=+0.00%)  alpha=1092.5s  build=7.667s solve=0.670s  vs_full=+0.00%
  [3b] Subgraph / bal_w    k=2000 …
2026-07-01 18:19:20.043 | INFO     | pycaalp.time_balancing.model:run_mip:430 - Running MIP solver ...
      obj=0.975 (vs_full=+16.11%)  alpha=1104.1s  build=5.663s solve=0.868s  vs_full=+1.06%
  [3c] Subgraph / combined k=2000 …
2026-07-01 18:19:20.910 | INFO     | pycaalp.time_balancing.model:run_mip:430 - Running MIP solver ...
      obj=0.840 (vs_full=+0.00%)  alpha=1092.5s  build=13.278s solve=0.784s  vs_full=+0.00%
  [3d] Subgraph / blended  k=2000 …
2026-07-01 18:19:21.694 | INFO     | pycaalp.time_balancing.model:run_mip:430 - Running MIP solver ...
      obj=0.840 (vs_full=+0.00%)  alpha=1092.5s  build=8.304s solve=0.473s  vs_full=+0.00%
  [3e] Subgraph / bl-union k=2000 …
2026-07-01 18:19:22.167 | INFO     | pycaalp.time_balancing.model:run_mip:430 - Running MIP solver ...
      obj=0.840 (vs_full=+0.00%)  alpha=1092.5s  build=26.583s solve=1.799s  vs_full=+0.00%
  [3f] Subgraph / diverse  k=2000 …
2026-07-01 18:19:23.966 | INFO     | pycaalp.time_balancing.model:run_mip:430 - Running MIP solver ...
      obj=0.840 (vs_full=+0.00%)  alpha=1092.5s  build=2.072s solve=2.247s  vs_full=+0.00%

k = 5000
  Subgraph edges — edge_w: 232 (21.0%)  bal_w: 382 (34.6%)  combined: 593 (53.7%)  blended: 306 (27.7%)  blended_union: 482 (43.6%)  diverse: 1105 (100.0%)
  [3a] Subgraph / edge_w   k=5000 …
2026-07-01 18:23:51.780 | INFO     | pycaalp.time_balancing.model:run_mip:430 - Running MIP solver ...
      obj=0.840 (vs_full=+0.00%)  alpha=1092.5s  build=31.794s solve=1.301s  vs_full=+0.00%
  [3b] Subgraph / bal_w    k=5000 …
2026-07-01 18:23:53.081 | INFO     | pycaalp.time_balancing.model:run_mip:430 - Running MIP solver ...
      obj=0.970 (vs_full=+15.59%)  alpha=1108.3s  build=23.908s solve=1.524s  vs_full=+1.45%
  [3c] Subgraph / combined k=5000 …
2026-07-01 18:23:54.606 | INFO     | pycaalp.time_balancing.model:run_mip:430 - Running MIP solver ...
      obj=0.840 (vs_full=+0.00%)  alpha=1092.5s  build=55.371s solve=1.406s  vs_full=+0.00%
  [3d] Subgraph / blended  k=5000 …
2026-07-01 18:23:56.012 | INFO     | pycaalp.time_balancing.model:run_mip:430 - Running MIP solver ...
      obj=0.840 (vs_full=+0.00%)  alpha=1092.5s  build=35.420s solve=1.249s  vs_full=+0.00%
  [3e] Subgraph / bl-union k=5000 …
2026-07-01 18:23:57.261 | INFO     | pycaalp.time_balancing.model:run_mip:430 - Running MIP solver ...
      obj=0.840 (vs_full=+0.00%)  alpha=1092.5s  build=112.965s solve=2.011s  vs_full=+0.00%
  [3f] Subgraph / diverse  k=5000 …
2026-07-01 18:23:59.272 | INFO     | pycaalp.time_balancing.model:run_mip:430 - Running MIP solver ...
      obj=0.840 (vs_full=+0.00%)  alpha=1092.5s  build=6.109s solve=1.939s  vs_full=+0.00%

Results saved to experiments/strategy_comparison/assembly_1_np_2/strategy_comparison_lambda_0.45.csv
Plot with:  python -m experiments.strategy_comparison.plot_k_sensitivity

============================================================================================================================
SUMMARY — assembly_1  P=2  λ=0.45
============================================================================================================================
Strategy       Weight                      k   Build    Solve    Total  Spdup       Obj   ObjvsF     Alpha    AlvsF   Edges  %Grph
----------------------------------------------------------------------------------------------------------------------------
full_mip       —                               0.000    1.943    1.943   1.0x     0.840    +0.00   1092.52    +0.00    1105  100.0
subgraph_mip   edge_weight                 1   0.002    0.008    0.010 200.3x     0.841    +0.19   1102.04    +0.87      13    1.2
subgraph_mip   time_balanced_weight        1   0.001    0.005    0.006 315.3x     1.047   +24.75   1160.13    +6.19      13    1.2
subgraph_mip   combined                    1   0.002    0.007    0.009 208.5x     0.841    +0.19   1102.04    +0.87      26    2.4
subgraph_mip   blended                     1   0.001    0.005    0.007 296.8x     0.840    +0.00   1092.52    +0.00      13    1.2
subgraph_mip   blended_union               1   0.020    0.024    0.043  44.8x     0.840    +0.00   1092.52    +0.00      31    2.8
subgraph_mip   diverse                     1   0.006    0.005    0.011 175.7x     0.840    +0.00   1092.52    +0.00      13    1.2
subgraph_mip   edge_weight                 2   0.003    0.016    0.020  98.7x     0.841    +0.19   1102.04    +0.87      15    1.4
subgraph_mip   time_balanced_weight        2   0.004    0.006    0.010 196.8x     1.047   +24.75   1160.13    +6.19      20    1.8
subgraph_mip   combined                    2   0.011    0.013    0.024  82.4x     0.841    +0.19   1102.04    +0.87      35    3.2
subgraph_mip   blended                     2   0.007    0.011    0.019 104.6x     0.840    -0.00   1092.52    +0.00      15    1.4
subgraph_mip   blended_union               2   0.029    0.074    0.103  18.9x     0.840    +0.00   1092.52    +0.00      36    3.3
subgraph_mip   diverse                     2   0.006    0.036    0.043  45.4x     0.840    +0.00   1092.52    +0.00      26    2.4
subgraph_mip   edge_weight                 5   0.010    0.058    0.067  28.8x     0.841    +0.19   1102.04    +0.87      21    1.9
subgraph_mip   time_balanced_weight        5   0.006    0.140    0.146  13.3x     1.020   +21.53   1122.33    +2.73      29    2.6
subgraph_mip   combined                    5   0.016    0.078    0.093  20.9x     0.841    +0.19   1102.04    +0.87      50    4.5
subgraph_mip   blended                     5   0.009    0.033    0.042  45.9x     0.840    +0.00   1092.52    +0.00      19    1.7
subgraph_mip   blended_union               5   0.033    0.097    0.130  14.9x     0.840    +0.00   1092.52    +0.00      49    4.4
subgraph_mip   diverse                     5   0.005    0.253    0.258   7.5x     0.840    +0.00   1092.52    +0.00      65    5.9
subgraph_mip   edge_weight                10   0.032    0.105    0.137  14.1x     0.841    +0.19   1102.04    +0.87      24    2.2
subgraph_mip   time_balanced_weight       10   0.023    0.048    0.071  27.2x     1.020   +21.53   1122.33    +2.73      39    3.5
subgraph_mip   combined                   10   0.040    0.119    0.159  12.2x     0.841    +0.19   1102.04    +0.87      63    5.7
subgraph_mip   blended                    10   0.031    0.063    0.094  20.6x     0.840    +0.00   1092.52    +0.00      27    2.4
subgraph_mip   blended_union              10   0.106    0.258    0.364   5.3x     0.840    +0.00   1092.52    +0.00      64    5.8
subgraph_mip   diverse                    10   0.008    0.371    0.378   5.1x     0.840    +0.00   1092.52    +0.00     126   11.4
subgraph_mip   edge_weight                20   0.064    0.101    0.165  11.8x     0.841    +0.19   1102.04    +0.87      35    3.2
subgraph_mip   time_balanced_weight       20   0.031    0.201    0.231   8.4x     1.020   +21.53   1122.33    +2.73      49    4.4
subgraph_mip   combined                   20   0.089    0.234    0.323   6.0x     0.841    +0.19   1102.04    +0.87      84    7.6
subgraph_mip   blended                    20   0.060    0.060    0.120  16.2x     0.840    +0.00   1092.52    +0.00      35    3.2
subgraph_mip   blended_union              20   0.184    0.418    0.602   3.2x     0.840    +0.00   1092.52    +0.00      87    7.9
subgraph_mip   diverse                    20   0.024    0.351    0.375   5.2x     0.840    +0.00   1092.52    +0.00     239   21.6
subgraph_mip   edge_weight                50   0.106    0.221    0.327   6.0x     0.840    +0.00   1092.52    +0.00      54    4.9
subgraph_mip   time_balanced_weight       50   0.079    0.579    0.658   3.0x     1.018   +21.20   1122.33    +2.73      74    6.7
subgraph_mip   combined                   50   0.317    0.338    0.655   3.0x     0.840    +0.00   1092.52    +0.00     127   11.5
subgraph_mip   blended                    50   0.138    0.149    0.286   6.8x     0.840    +0.00   1092.52    +0.00      42    3.8
subgraph_mip   blended_union              50   0.412    0.371    0.782   2.5x     0.840    +0.00   1092.52    +0.00     117   10.6
subgraph_mip   diverse                    50   0.022    1.513    1.534   1.3x     0.840    +0.00   1092.52    +0.00     507   45.9
subgraph_mip   edge_weight               100   0.397    0.141    0.539   3.6x     0.840    +0.00   1092.52    +0.00      78    7.1
subgraph_mip   time_balanced_weight      100   0.284    0.281    0.564   3.4x     1.018   +21.20   1122.33    +2.73      85    7.7
subgraph_mip   combined                  100   0.489    1.177    1.666   1.2x     0.840    +0.00   1092.52    +0.00     162   14.7
subgraph_mip   blended                   100   0.274    0.151    0.425   4.6x     0.840    +0.00   1092.52    +0.00      46    4.2
subgraph_mip   blended_union             100   0.861    0.321    1.181   1.6x     0.840    +0.00   1092.52    +0.00     167   15.1
subgraph_mip   diverse                   100   0.042    1.599    1.641   1.2x     0.840    +0.00   1092.52    +0.00     749   67.8
subgraph_mip   edge_weight               200   0.565    0.133    0.698   2.8x     0.840    +0.00   1092.52    +0.00      95    8.6
subgraph_mip   time_balanced_weight      200   0.307    0.277    0.583   3.3x     1.017   +21.13   1122.33    +2.73     118   10.7
subgraph_mip   combined                  200   0.811    0.725    1.536   1.3x     0.840    +0.00   1092.52    +0.00     211   19.1
subgraph_mip   blended                   200   0.502    0.227    0.729   2.7x     0.840    +0.00   1092.52    +0.00      65    5.9
subgraph_mip   blended_union             200   1.670    0.624    2.294   0.8x     0.840    +0.00   1092.52    +0.00     212   19.2
subgraph_mip   diverse                   200   0.125    1.439    1.564   1.2x     0.840    +0.00   1092.52    +0.00     910   82.3
subgraph_mip   edge_weight               500   1.643    0.312    1.955   1.0x     0.840    +0.00   1092.52    +0.00     108    9.8
subgraph_mip   time_balanced_weight      500   0.991    0.333    1.325   1.5x     0.989   +17.78   1104.13    +1.06     170   15.4
subgraph_mip   combined                  500   3.001    0.729    3.730   0.5x     0.840    +0.00   1092.52    +0.00     274   24.8
subgraph_mip   blended                   500   2.177    0.508    2.685   0.7x     0.840    +0.00   1092.52    +0.00      86    7.8
subgraph_mip   blended_union             500   5.535    0.797    6.333   0.3x     0.840    +0.00   1092.52    +0.00     278   25.2
subgraph_mip   diverse                   500   0.487    2.625    3.112   0.6x     0.840    +0.00   1092.52    +0.00    1047   94.8
subgraph_mip   edge_weight              1000   3.647    0.533    4.180   0.5x     0.840    +0.00   1092.52    +0.00     142   12.8
subgraph_mip   time_balanced_weight     1000   2.447    0.737    3.184   0.6x     0.983   +17.03   1104.13    +1.06     223   20.2
subgraph_mip   combined                 1000   6.251    0.717    6.968   0.3x     0.840    +0.00   1092.52    +0.00     359   32.5
subgraph_mip   blended                  1000   3.224    0.678    3.902   0.5x     0.840    +0.00   1092.52    +0.00      89    8.1
subgraph_mip   blended_union            1000  10.226    0.707   10.933   0.2x     0.840    +0.00   1092.52    +0.00     305   27.6
subgraph_mip   diverse                  1000   0.894    2.601    3.495   0.6x     0.840    +0.00   1092.52    +0.00    1102   99.7
subgraph_mip   edge_weight              2000   7.667    0.670    8.336   0.2x     0.840    +0.00   1092.52    +0.00     185   16.7
subgraph_mip   time_balanced_weight     2000   5.663    0.868    6.531   0.3x     0.975   +16.11   1104.13    +1.06     291   26.3
subgraph_mip   combined                 2000  13.278    0.784   14.062   0.1x     0.840    +0.00   1092.52    +0.00     464   42.0
subgraph_mip   blended                  2000   8.304    0.473    8.776   0.2x     0.840    +0.00   1092.52    +0.00     121   10.9
subgraph_mip   blended_union            2000  26.583    1.799   28.382   0.1x     0.840    +0.00   1092.52    +0.00     356   32.2
subgraph_mip   diverse                  2000   2.072    2.247    4.319   0.5x     0.840    +0.00   1092.52    +0.00    1105  100.0
subgraph_mip   edge_weight              5000  31.794    1.301   33.095   0.1x     0.840    +0.00   1092.52    +0.00     232   21.0
subgraph_mip   time_balanced_weight     5000  23.908    1.524   25.432   0.1x     0.970   +15.59   1108.32    +1.45     382   34.6
subgraph_mip   combined                 5000  55.371    1.406   56.777   0.0x     0.840    +0.00   1092.52    +0.00     593   53.7
subgraph_mip   blended                  5000  35.420    1.249   36.669   0.1x     0.840    +0.00   1092.52    +0.00     306   27.7
subgraph_mip   blended_union            5000 112.965    2.011  114.976   0.0x     0.840    +0.00   1092.52    +0.00     482   43.6
subgraph_mip   diverse                  5000   6.109    1.939    8.048   0.2x     0.840    +0.00   1092.52    +0.00    1105  100.0
============================================================================================================================

----------------- λ = 0.5 -----------------
========================================================================
Strategy Comparison Experiment — assembly_1  P=2  λ=0.5
========================================================================

Building assembly digraph …
2026-07-01 18:16:59.980 | INFO     | pycaalp.gapp.assembly_digraph:compute_assembly_digraph_complete:395 - Computing assembly digraph...
  343 nodes, 1105 edges  (0.3s)

[1] Full MIP  P=2  λ=0.5
2026-07-01 18:17:00.298 | INFO     | pycaalp.time_balancing.model:run_mip:430 - Running MIP solver ...
presolving:
(round 1, fast)       28 del vars, 40 del conss, 0 add conss, 0 chg bounds, 0 chg sides, 0 chg coeffs, 0 upgd conss, 0 impls, 43 clqs, 0 implints
(round 2, exhaustive) 28 del vars, 40 del conss, 0 add conss, 1 chg bounds, 0 chg sides, 0 chg coeffs, 2253 upgd conss, 0 impls, 43 clqs, 0 implints
   (0.2s) probing: 1000/1129 (88.6%) - 0 fixings, 0 aggregations, 119627 implications, 0 bound changes
   (0.2s) probing: 1001/1129 (88.7%) - 0 fixings, 0 aggregations, 119803 implications, 0 bound changes
   (0.2s) probing aborted: 1000/1000 successive useless probings
   (0.2s) symmetry computation started: requiring (bin +, int +, cont +), (fixed: bin -, int -, cont -)
   (0.2s) no symmetry present (symcode time: 0.00)
presolving (3 rounds: 3 fast, 2 medium, 2 exhaustive):
 28 deleted vars, 40 deleted constraints, 0 added constraints, 1 tightened bounds, 0 added holes, 0 changed sides, 0 changed coefficients
 0 implications, 8934 cliques, 0 implied integral variables (0 bin, 0 int, 0 cont)
presolved problem has 1130 variables (1129 bin, 0 int, 1 cont) and 2565 constraints
     43 constraints of type <setppc>
    312 constraints of type <linear>
   2210 constraints of type <logicor>
Presolving Time: 0.17

 time | node  | left  |LP iter|LP it/n|mem/heur|mdpt |vars |cons |rows |cuts |sepa|confs|strbr|  dualbound   | primalbound  |  gap   | compl. 
p 0.2s|     1 |     0 |     4 |     - | vbounds|   0 |1130 |2578 |2565 |   0 |  0 |  12 |   0 | 0.000000e+00 | 1.396114e+00 |    Inf | unknown
  0.3s|     1 |     0 |   359 |     - |    21M |   0 |1130 |2590 |2565 |   0 |  0 |  24 |   0 | 8.329273e-01 | 1.396114e+00 |  67.62%| unknown
  0.3s|     1 |     0 |   384 |     - |    23M |   0 |1130 |2591 |2567 |   2 |  1 |  25 |   0 | 8.329376e-01 | 1.396114e+00 |  67.61%| unknown
r 0.3s|     1 |     0 |   384 |     - |shifting|   0 |1130 |2591 |2567 |   2 |  1 |  25 |   0 | 8.329376e-01 | 8.421621e-01 |   1.11%| unknown
  0.4s|     1 |     0 |   404 |     - |    24M |   0 |1130 |2591 |2568 |   3 |  2 |  25 |   0 | 8.329882e-01 | 8.421621e-01 |   1.10%| unknown
  0.4s|     1 |     0 |   404 |     - |    24M |   0 |1130 |2591 |1437 |   3 |  2 |  25 |   0 | 8.329882e-01 | 8.421621e-01 |   1.10%| unknown
  0.4s|     1 |     0 |   419 |     - |    24M |   0 |1130 |2248 |1427 |   4 |  3 |  25 |   0 | 8.330005e-01 | 8.421621e-01 |   1.10%| unknown
  0.5s|     1 |     0 |   437 |     - |    27M |   0 |1130 |2109 |1429 |   6 |  4 |  25 |   0 | 8.330205e-01 | 8.421621e-01 |   1.10%| unknown
  0.6s|     1 |     0 |   451 |     - |    29M |   0 |1130 |2084 |1430 |   7 |  5 |  25 |   0 | 8.330273e-01 | 8.421621e-01 |   1.10%| unknown
  0.7s|     1 |     0 |   465 |     - |    34M |   0 |1130 |2078 |1431 |   8 |  6 |  27 |   0 | 8.330576e-01 | 8.421621e-01 |   1.09%| unknown
  0.8s|     1 |     0 |   482 |     - |    38M |   0 |1130 |1985 |1433 |  10 |  7 |  27 |   0 | 8.330701e-01 | 8.421621e-01 |   1.09%| unknown
  0.9s|     1 |     0 |   492 |     - |    43M |   0 |1130 |1942 |1435 |  12 |  8 |  27 |   0 | 8.330730e-01 | 8.421621e-01 |   1.09%| unknown
  1.0s|     1 |     0 |   519 |     - |    51M |   0 |1130 |1907 |1437 |  14 |  9 |  27 |   0 | 8.330977e-01 | 8.421621e-01 |   1.09%| unknown
  1.1s|     1 |     0 |   534 |     - |    55M |   0 |1130 |1804 |1439 |  16 | 10 |  27 |   0 | 8.331191e-01 | 8.421621e-01 |   1.09%| unknown
  1.1s|     1 |     0 |   545 |     - |    55M |   0 |1130 |1805 |1441 |  18 | 11 |  28 |   0 | 8.331241e-01 | 8.421621e-01 |   1.08%| unknown
 time | node  | left  |LP iter|LP it/n|mem/heur|mdpt |vars |cons |rows |cuts |sepa|confs|strbr|  dualbound   | primalbound  |  gap   | compl. 
  1.1s|     1 |     0 |   545 |     - |    55M |   0 |1130 |1359 |1441 |  18 | 11 |  28 |   0 | 8.331241e-01 | 8.421621e-01 |   1.08%| unknown
  1.1s|     1 |     0 |   552 |     - |    55M |   0 |1130 |1359 |1443 |  20 | 12 |  28 |   0 | 8.331264e-01 | 8.421621e-01 |   1.08%| unknown
  1.1s|     1 |     0 |   558 |     - |    55M |   0 |1130 |1114 |1446 |  23 | 13 |  28 |   0 | 8.331274e-01 | 8.421621e-01 |   1.08%| unknown
  1.1s|     1 |     0 |   564 |     - |    56M |   0 |1130 |1003 |1448 |  25 | 14 |  31 |   0 | 8.331291e-01 | 8.421621e-01 |   1.08%| unknown
  1.1s|     1 |     0 |   572 |     - |    56M |   0 |1130 |1004 |1449 |  26 | 15 |  32 |   0 | 8.331306e-01 | 8.421621e-01 |   1.08%| unknown
  1.1s|     1 |     0 |   578 |     - |    56M |   0 |1130 | 985 |1450 |  27 | 16 |  32 |   0 | 8.331309e-01 | 8.421621e-01 |   1.08%| unknown
  1.1s|     1 |     0 |   582 |     - |    56M |   0 |1130 | 903 |1451 |  28 | 17 |  32 |   0 | 8.331326e-01 | 8.421621e-01 |   1.08%| unknown
  1.1s|     1 |     0 |   589 |     - |    56M |   0 |1130 | 897 |1453 |  30 | 18 |  32 |   0 | 8.331348e-01 | 8.421621e-01 |   1.08%| unknown
  1.1s|     1 |     0 |   590 |     - |    56M |   0 |1130 | 844 |1454 |  31 | 19 |  34 |   0 | 8.331348e-01 | 8.421621e-01 |   1.08%| unknown
  1.2s|     1 |     0 |   592 |     - |    57M |   0 |1130 | 841 |1455 |  32 | 20 |  34 |   0 | 8.331349e-01 | 8.421621e-01 |   1.08%| unknown
  1.2s|     1 |     0 |   597 |     - |    57M |   0 |1130 | 841 |1446 |  33 | 21 |  34 |   0 | 8.331351e-01 | 8.421621e-01 |   1.08%| unknown
  1.2s|     1 |     0 |   604 |     - |    57M |   0 |1130 | 831 |1447 |  34 | 22 |  38 |   0 | 8.331372e-01 | 8.421621e-01 |   1.08%| unknown
(run 1, node 1) restarting after 898 global fixings of integer variables

(restart) converted 24 cuts from the global cut pool into linear constraints

presolving:
(round 1, fast)       900 del vars, 308 del conss, 0 add conss, 2 chg bounds, 0 chg sides, 2 chg coeffs, 0 upgd conss, 0 impls, 564 clqs, 0 implints
(round 2, medium)     901 del vars, 308 del conss, 0 add conss, 3 chg bounds, 0 chg sides, 2 chg coeffs, 0 upgd conss, 0 impls, 562 clqs, 0 implints
(round 3, fast)       901 del vars, 310 del conss, 0 add conss, 3 chg bounds, 0 chg sides, 2 chg coeffs, 0 upgd conss, 0 impls, 562 clqs, 0 implints
(round 4, exhaustive) 901 del vars, 310 del conss, 0 add conss, 3 chg bounds, 0 chg sides, 2 chg coeffs, 25 upgd conss, 0 impls, 562 clqs, 0 implints
(round 5, exhaustive) 901 del vars, 313 del conss, 0 add conss, 3 chg bounds, 0 chg sides, 2 chg coeffs, 25 upgd conss, 0 impls, 562 clqs, 0 implints
(round 6, exhaustive) 901 del vars, 313 del conss, 0 add conss, 3 chg bounds, 0 chg sides, 16 chg coeffs, 25 upgd conss, 0 impls, 562 clqs, 0 implints
(round 7, exhaustive) 901 del vars, 314 del conss, 0 add conss, 3 chg bounds, 0 chg sides, 16 chg coeffs, 25 upgd conss, 0 impls, 562 clqs, 0 implints
presolving (8 rounds: 8 fast, 6 medium, 5 exhaustive):
 901 deleted vars, 314 deleted constraints, 0 added constraints, 3 tightened bounds, 0 added holes, 0 changed sides, 16 changed coefficients
 0 implications, 562 cliques, 0 implied integral variables (0 bin, 0 int, 0 cont)
presolved problem has 229 variables (228 bin, 0 int, 1 cont) and 564 constraints
      1 constraints of type <knapsack>
     49 constraints of type <setppc>
     77 constraints of type <linear>
    437 constraints of type <logicor>
Presolving Time: 0.18
transformed 2/4 original solutions to the transformed problem space

 time | node  | left  |LP iter|LP it/n|mem/heur|mdpt |vars |cons |rows |cuts |sepa|confs|strbr|  dualbound   | primalbound  |  gap   | compl. 
  1.2s|     1 |     0 |  1151 |     - |    56M |   0 | 229 | 564 | 532 |   0 |  0 |  61 |   0 | 8.331372e-01 | 8.421621e-01 |   1.08%| unknown
  1.2s|     1 |     0 |  1151 |     - |    56M |   0 | 229 | 568 | 524 |   0 |  0 |  65 |   0 | 8.331372e-01 | 8.421621e-01 |   1.08%| unknown
  1.3s|     1 |     0 |  1164 |     - |    57M |   0 | 229 | 564 | 506 |   2 |  1 |  65 |   0 | 8.331444e-01 | 8.421621e-01 |   1.08%| unknown
  1.3s|     1 |     0 |  1170 |     - |    57M |   0 | 229 | 555 | 507 |   3 |  2 |  65 |   0 | 8.331449e-01 | 8.421621e-01 |   1.08%| unknown
  1.3s|     1 |     0 |  1192 |     - |    58M |   0 | 229 | 544 | 508 |   4 |  3 |  65 |   0 | 8.331629e-01 | 8.421621e-01 |   1.08%| unknown
  1.4s|     1 |     0 |  1208 |     - |    58M |   0 | 229 | 542 | 510 |   6 |  4 |  67 |   0 | 8.331741e-01 | 8.421621e-01 |   1.08%| unknown
  1.4s|     1 |     0 |  1220 |     - |    58M |   0 | 229 | 543 | 512 |   8 |  5 |  68 |   0 | 8.331766e-01 | 8.421621e-01 |   1.08%| unknown
  1.4s|     1 |     0 |  1251 |     - |    59M |   0 | 229 | 545 | 513 |   9 |  6 |  70 |   0 | 8.332038e-01 | 8.421621e-01 |   1.08%| unknown
  1.4s|     1 |     0 |  1268 |     - |    59M |   0 | 229 | 548 | 514 |  10 |  7 |  73 |   0 | 8.332114e-01 | 8.421621e-01 |   1.07%| unknown
  1.4s|     1 |     0 |  1295 |     - |    59M |   0 | 229 | 549 | 516 |  12 |  8 |  74 |   0 | 8.332249e-01 | 8.421621e-01 |   1.07%| unknown
  1.5s|     1 |     0 |  1308 |     - |    59M |   0 | 229 | 550 | 518 |  14 |  9 |  75 |   0 | 8.332293e-01 | 8.421621e-01 |   1.07%| unknown
  1.5s|     1 |     0 |  1310 |     - |    61M |   0 | 229 | 551 | 520 |  16 | 10 |  76 |   0 | 8.332296e-01 | 8.421621e-01 |   1.07%| unknown
  1.5s|     1 |     0 |  1323 |     - |    61M |   0 | 229 | 554 | 521 |  17 | 11 |  79 |   0 | 8.332371e-01 | 8.421621e-01 |   1.07%| unknown
  1.5s|     1 |     0 |  1323 |     - |    61M |   0 | 229 | 548 | 521 |  17 | 11 |  83 |   0 | 8.332371e-01 | 8.421621e-01 |   1.07%| unknown
  1.5s|     1 |     0 |  1329 |     - |    61M |   0 | 229 | 548 | 513 |  19 | 12 |  83 |   0 | 8.332375e-01 | 8.421621e-01 |   1.07%| unknown
 time | node  | left  |LP iter|LP it/n|mem/heur|mdpt |vars |cons |rows |cuts |sepa|confs|strbr|  dualbound   | primalbound  |  gap   | compl. 
  1.5s|     1 |     0 |  1359 |     - |    61M |   0 | 229 | 548 | 514 |  20 | 13 |  83 |   0 | 8.332884e-01 | 8.421621e-01 |   1.06%| unknown
  1.5s|     1 |     0 |  1361 |     - |    61M |   0 | 229 | 548 | 515 |  21 | 14 |  83 |   0 | 8.332884e-01 | 8.421621e-01 |   1.06%| unknown
  1.5s|     1 |     0 |  1362 |     - |    61M |   0 | 229 | 548 | 516 |  22 | 15 |  83 |   0 | 8.332884e-01 | 8.421621e-01 |   1.06%| unknown
  1.5s|     1 |     0 |  1364 |     - |    61M |   0 | 229 | 548 | 517 |  23 | 16 |  83 |   0 | 8.332884e-01 | 8.421621e-01 |   1.06%| unknown
  1.5s|     1 |     0 |  1367 |     - |    61M |   0 | 229 | 550 | 518 |  24 | 17 |  85 |   0 | 8.332884e-01 | 8.421621e-01 |   1.06%| unknown
  1.5s|     1 |     0 |  1368 |     - |    61M |   0 | 229 | 550 | 506 |  25 | 18 |  86 |   0 | 8.332884e-01 | 8.421621e-01 |   1.06%| unknown
L 1.6s|     1 |     0 |  1634 |     - |    rens|   0 | 229 | 549 | 506 |  25 | 19 |  95 |   0 | 8.332884e-01 | 8.420469e-01 |   1.05%| unknown
(run 2, node 1) restarting after 16 global fixings of integer variables

(restart) converted 17 cuts from the global cut pool into linear constraints

presolving:
(round 1, fast)       20 del vars, 4 del conss, 0 add conss, 0 chg bounds, 0 chg sides, 4 chg coeffs, 0 upgd conss, 0 impls, 534 clqs, 0 implints
(round 2, exhaustive) 20 del vars, 4 del conss, 0 add conss, 0 chg bounds, 0 chg sides, 4 chg coeffs, 1 upgd conss, 0 impls, 534 clqs, 0 implints
(round 3, exhaustive) 20 del vars, 4 del conss, 0 add conss, 0 chg bounds, 0 chg sides, 5 chg coeffs, 1 upgd conss, 0 impls, 534 clqs, 0 implints
(round 4, exhaustive) 20 del vars, 4 del conss, 0 add conss, 0 chg bounds, 0 chg sides, 6 chg coeffs, 1 upgd conss, 0 impls, 534 clqs, 0 implints
presolving (5 rounds: 5 fast, 4 medium, 4 exhaustive):
 20 deleted vars, 4 deleted constraints, 0 added constraints, 0 tightened bounds, 0 added holes, 0 changed sides, 6 changed coefficients
 0 implications, 534 cliques, 0 implied integral variables (0 bin, 0 int, 0 cont)
presolved problem has 209 variables (208 bin, 0 int, 1 cont) and 562 constraints
      2 constraints of type <knapsack>
     43 constraints of type <setppc>
     91 constraints of type <linear>
    426 constraints of type <logicor>
Presolving Time: 0.19
transformed 2/5 original solutions to the transformed problem space

 time | node  | left  |LP iter|LP it/n|mem/heur|mdpt |vars |cons |rows |cuts |sepa|confs|strbr|  dualbound   | primalbound  |  gap   | compl. 
  1.6s|     1 |     0 |  1864 |     - |    60M |   0 | 209 | 562 | 507 |   0 |  0 |  95 |   0 | 8.332884e-01 | 8.420469e-01 |   1.05%| unknown
  1.6s|     1 |     0 |  1864 |     - |    60M |   0 | 209 | 563 | 501 |   0 |  0 |  96 |   0 | 8.332884e-01 | 8.420469e-01 |   1.05%| unknown
  1.6s|     1 |     0 |  1887 |     - |    60M |   0 | 209 | 563 | 502 |   1 |  1 |  96 |   0 | 8.332927e-01 | 8.420469e-01 |   1.05%| unknown
  1.6s|     1 |     0 |  1910 |     - |    60M |   0 | 209 | 562 | 504 |   3 |  2 |  96 |   0 | 8.332945e-01 | 8.420469e-01 |   1.05%| unknown
  1.7s|     1 |     0 |  1922 |     - |    60M |   0 | 209 | 562 | 505 |   4 |  3 |  98 |   0 | 8.332955e-01 | 8.420469e-01 |   1.05%| unknown
  1.7s|     1 |     0 |  1935 |     - |    60M |   0 | 209 | 561 | 506 |   5 |  4 |  98 |   0 | 8.332958e-01 | 8.420469e-01 |   1.05%| unknown
  1.7s|     1 |     0 |  1962 |     - |    60M |   0 | 209 | 564 | 508 |   7 |  5 | 101 |   0 | 8.332976e-01 | 8.420469e-01 |   1.05%| unknown
  1.7s|     1 |     0 |  1974 |     - |    62M |   0 | 209 | 564 | 510 |   9 |  6 | 101 |   0 | 8.332986e-01 | 8.420469e-01 |   1.05%| unknown
  1.8s|     1 |     0 |  1981 |     - |    62M |   0 | 209 | 564 | 511 |  10 |  7 | 101 |   0 | 8.332990e-01 | 8.420469e-01 |   1.05%| unknown
  1.8s|     1 |     0 |  1984 |     - |    62M |   0 | 209 | 569 | 513 |  12 |  8 | 106 |   0 | 8.332990e-01 | 8.420469e-01 |   1.05%| unknown
  1.8s|     1 |     0 |  2003 |     - |    62M |   0 | 209 | 569 | 514 |  13 |  9 | 107 |   0 | 8.333005e-01 | 8.420469e-01 |   1.05%| unknown
  1.8s|     1 |     0 |  2025 |     - |    64M |   0 | 209 | 570 | 515 |  14 | 10 | 108 |   0 | 8.333039e-01 | 8.420469e-01 |   1.05%| unknown
  1.8s|     1 |     0 |  2031 |     - |    64M |   0 | 209 | 570 | 516 |  15 | 11 | 108 |   0 | 8.333044e-01 | 8.420469e-01 |   1.05%| unknown
  1.9s|     1 |     2 |  2311 |     - |    64M |   0 | 209 | 571 | 516 |  15 | 11 | 110 |  19 | 8.334590e-01 | 8.420469e-01 |   1.03%| unknown
* 2.1s|    10 |     1 |  2682 | 128.3 |strongbr|   4 | 209 | 630 | 472 |  15 |  3 | 176 | 170 | 8.342289e-01 | 8.399338e-01 |   0.68%|  23.93%

SCIP Status        : problem is solved [optimal solution found]
Solving Time (sec) : 2.11
Solving Nodes      : 21 (total of 23 nodes in 3 runs)
Primal Bound       : +8.39933778154503e-01 (7 solutions)
Dual Bound         : +8.39933778154503e-01
Gap                : 0.00 %
objective value:                    0.839933778154503
x_('12_5', '13_1')                                  1 	(obj:0.0165418393082328)
x_('11_17', '12_5')                                 1 	(obj:0.013078893442623)
x_('10_31', '11_17')                                1 	(obj:0.0143692782627209)
x_('9_42', '10_31')                                 1 	(obj:0.0339285714285714)
x_('8_38', '9_42')                   1.00000000000004 	(obj:0.0217008196721311)
x_('7_39', '8_38')                   1.00000000000004 	(obj:0.0234375)
x_('6_36', '7_39')                                  1 	(obj:0.0165117932418869)
x_('5_31', '6_36')                                  1 	(obj:0.0386089968774395)
x_('4_25', '5_31')                                  1 	(obj:0.0407201405152225)
x_('3_20', '4_25')                   1.00000000000002 	(obj:0.0464358899297424)
x_('2_14', '3_20')                   1.00000000000002 	(obj:0.0467915690866511)
x_('1_10', '2_14')                                  1 	(obj:0.0880444964871194)
x_('0_1', '1_10')                                   1 	(obj:0.0178571428571429)
y_0_0                                               1 	(obj:0)
y_1_0                                               1 	(obj:0)
y_2_0                                               1 	(obj:0)
y_3_0                                               1 	(obj:0)
y_4_0                                               1 	(obj:0)
y_5_0                                               1 	(obj:0)
y_6_1                                               1 	(obj:0)
y_7_1                                               1 	(obj:0)
y_8_1                                               1 	(obj:0)
y_9_1                                               1 	(obj:0)
y_10_1                                              1 	(obj:0)
y_11_1                                              1 	(obj:0)
y_12_1                                              1 	(obj:0)
z_('3268741', '3425762')_1                          1 	(obj:0)
z_('3268741', '1966592X')_0          1.00000000000002 	(obj:0)
z_('1966592X', '3452192')_0                         1 	(obj:0)
z_('3452192', '1353870')_0                          1 	(obj:0)
z_('3452192', '3520162')_0           1.00000000000002 	(obj:0)
z_('3520162', '3307092')_0                          1 	(obj:0)
z_('3520162', '3524054')_0                          1 	(obj:0)
z_('3268740', '3524054')_1                          1 	(obj:0)
z_('3524054', '3179975')_1           1.00000000000004 	(obj:0)
z_('3179975', '3422998')_1                          1 	(obj:0)
z_('3422998', '2495223X')_1                         1 	(obj:0)
z_('3422998', '1353870_01')_1                       1 	(obj:0)
z_('2495223X', '2245784X')_1                        1 	(obj:0)
alpha                                6.58144578313253 	(obj:0.0641054961094289)
  obj=0.840  alpha=1092.5s  time=2.14s

k = 1
  Subgraph edges — edge_w: 13 (1.2%)  bal_w: 13 (1.2%)  combined: 26 (2.4%)  blended: 13 (1.2%)  blended_union: 31 (2.8%)  diverse: 13 (1.2%)
  [3a] Subgraph / edge_w   k=1 …
2026-07-01 18:17:02.473 | INFO     | pycaalp.time_balancing.model:run_mip:430 - Running MIP solver ...
      obj=0.842 (vs_full=+0.25%)  alpha=1102.0s  build=0.002s solve=0.012s  vs_full=+0.87%
  [3b] Subgraph / bal_w    k=1 …
2026-07-01 18:17:02.485 | INFO     | pycaalp.time_balancing.model:run_mip:430 - Running MIP solver ...
      obj=1.034 (vs_full=+23.05%)  alpha=1160.1s  build=0.001s solve=0.005s  vs_full=+6.19%
  [3c] Subgraph / combined k=1 …
2026-07-01 18:17:02.490 | INFO     | pycaalp.time_balancing.model:run_mip:430 - Running MIP solver ...
      obj=0.842 (vs_full=+0.25%)  alpha=1102.0s  build=0.002s solve=0.006s  vs_full=+0.87%
  [3d] Subgraph / blended  k=1 …
2026-07-01 18:17:02.497 | INFO     | pycaalp.time_balancing.model:run_mip:430 - Running MIP solver ...
      obj=0.840 (vs_full=-0.00%)  alpha=1092.5s  build=0.001s solve=0.005s  vs_full=+0.00%
  [3e] Subgraph / bl-union k=1 …
2026-07-01 18:17:02.502 | INFO     | pycaalp.time_balancing.model:run_mip:430 - Running MIP solver ...
      obj=0.840 (vs_full=-0.00%)  alpha=1092.5s  build=0.018s solve=0.041s  vs_full=+0.00%
  [3f] Subgraph / diverse  k=1 …
2026-07-01 18:17:02.543 | INFO     | pycaalp.time_balancing.model:run_mip:430 - Running MIP solver ...
      obj=0.840 (vs_full=-0.00%)  alpha=1092.5s  build=0.006s solve=0.005s  vs_full=+0.00%

k = 2
  Subgraph edges — edge_w: 15 (1.4%)  bal_w: 20 (1.8%)  combined: 35 (3.2%)  blended: 15 (1.4%)  blended_union: 36 (3.3%)  diverse: 26 (2.4%)
  [3a] Subgraph / edge_w   k=2 …
2026-07-01 18:17:02.608 | INFO     | pycaalp.time_balancing.model:run_mip:430 - Running MIP solver ...
      obj=0.842 (vs_full=+0.25%)  alpha=1102.0s  build=0.004s solve=0.046s  vs_full=+0.87%
  [3b] Subgraph / bal_w    k=2 …
2026-07-01 18:17:02.654 | INFO     | pycaalp.time_balancing.model:run_mip:430 - Running MIP solver ...
      obj=1.034 (vs_full=+23.05%)  alpha=1160.1s  build=0.004s solve=0.010s  vs_full=+6.19%
  [3c] Subgraph / combined k=2 …
2026-07-01 18:17:02.665 | INFO     | pycaalp.time_balancing.model:run_mip:430 - Running MIP solver ...
      obj=0.842 (vs_full=+0.25%)  alpha=1102.0s  build=0.009s solve=0.025s  vs_full=+0.87%
  [3d] Subgraph / blended  k=2 …
2026-07-01 18:17:02.690 | INFO     | pycaalp.time_balancing.model:run_mip:430 - Running MIP solver ...
      obj=0.840 (vs_full=-0.00%)  alpha=1092.5s  build=0.005s solve=0.020s  vs_full=+0.00%
  [3e] Subgraph / bl-union k=2 …
2026-07-01 18:17:02.710 | INFO     | pycaalp.time_balancing.model:run_mip:430 - Running MIP solver ...
      obj=0.840 (vs_full=-0.00%)  alpha=1092.5s  build=0.029s solve=0.112s  vs_full=+0.00%
  [3f] Subgraph / diverse  k=2 …
2026-07-01 18:17:02.822 | INFO     | pycaalp.time_balancing.model:run_mip:430 - Running MIP solver ...
      obj=0.840 (vs_full=-0.00%)  alpha=1092.5s  build=0.007s solve=0.037s  vs_full=+0.00%

k = 5
  Subgraph edges — edge_w: 21 (1.9%)  bal_w: 29 (2.6%)  combined: 50 (4.5%)  blended: 19 (1.7%)  blended_union: 49 (4.4%)  diverse: 65 (5.9%)
  [3a] Subgraph / edge_w   k=5 …
2026-07-01 18:17:02.991 | INFO     | pycaalp.time_balancing.model:run_mip:430 - Running MIP solver ...
      obj=0.842 (vs_full=+0.25%)  alpha=1102.0s  build=0.010s solve=0.025s  vs_full=+0.87%
  [3b] Subgraph / bal_w    k=5 …
2026-07-01 18:17:03.017 | INFO     | pycaalp.time_balancing.model:run_mip:430 - Running MIP solver ...
      obj=1.006 (vs_full=+19.81%)  alpha=1122.3s  build=0.006s solve=0.104s  vs_full=+2.73%
  [3c] Subgraph / combined k=5 …
2026-07-01 18:17:03.121 | INFO     | pycaalp.time_balancing.model:run_mip:430 - Running MIP solver ...
      obj=0.842 (vs_full=+0.25%)  alpha=1102.0s  build=0.031s solve=0.069s  vs_full=+0.87%
  [3d] Subgraph / blended  k=5 …
2026-07-01 18:17:03.190 | INFO     | pycaalp.time_balancing.model:run_mip:430 - Running MIP solver ...
      obj=0.840 (vs_full=-0.00%)  alpha=1092.5s  build=0.020s solve=0.045s  vs_full=+0.00%
  [3e] Subgraph / bl-union k=5 …
2026-07-01 18:17:03.235 | INFO     | pycaalp.time_balancing.model:run_mip:430 - Running MIP solver ...
      obj=0.840 (vs_full=-0.00%)  alpha=1092.5s  build=0.059s solve=0.107s  vs_full=+0.00%
  [3f] Subgraph / diverse  k=5 …
2026-07-01 18:17:03.342 | INFO     | pycaalp.time_balancing.model:run_mip:430 - Running MIP solver ...
      obj=0.840 (vs_full=-0.00%)  alpha=1092.5s  build=0.006s solve=0.189s  vs_full=+0.00%

k = 10
  Subgraph edges — edge_w: 24 (2.2%)  bal_w: 39 (3.5%)  combined: 63 (5.7%)  blended: 27 (2.4%)  blended_union: 64 (5.8%)  diverse: 126 (11.4%)
  [3a] Subgraph / edge_w   k=10 …
2026-07-01 18:17:03.785 | INFO     | pycaalp.time_balancing.model:run_mip:430 - Running MIP solver ...
      obj=0.842 (vs_full=+0.25%)  alpha=1102.0s  build=0.037s solve=0.195s  vs_full=+0.87%
  [3b] Subgraph / bal_w    k=10 …
2026-07-01 18:17:03.980 | INFO     | pycaalp.time_balancing.model:run_mip:430 - Running MIP solver ...
      obj=1.006 (vs_full=+19.81%)  alpha=1122.3s  build=0.022s solve=0.252s  vs_full=+2.73%
  [3c] Subgraph / combined k=10 …
2026-07-01 18:17:04.232 | INFO     | pycaalp.time_balancing.model:run_mip:430 - Running MIP solver ...
      obj=0.842 (vs_full=+0.25%)  alpha=1102.0s  build=0.049s solve=0.124s  vs_full=+0.87%
  [3d] Subgraph / blended  k=10 …
2026-07-01 18:17:04.356 | INFO     | pycaalp.time_balancing.model:run_mip:430 - Running MIP solver ...
      obj=0.840 (vs_full=-0.00%)  alpha=1092.5s  build=0.033s solve=0.058s  vs_full=+0.00%
  [3e] Subgraph / bl-union k=10 …
2026-07-01 18:17:04.415 | INFO     | pycaalp.time_balancing.model:run_mip:430 - Running MIP solver ...
      obj=0.840 (vs_full=-0.00%)  alpha=1092.5s  build=0.098s solve=0.263s  vs_full=+0.00%
  [3f] Subgraph / diverse  k=10 …
2026-07-01 18:17:04.678 | INFO     | pycaalp.time_balancing.model:run_mip:430 - Running MIP solver ...
      obj=0.840 (vs_full=-0.00%)  alpha=1092.5s  build=0.015s solve=0.241s  vs_full=+0.00%

k = 20
  Subgraph edges — edge_w: 35 (3.2%)  bal_w: 49 (4.4%)  combined: 84 (7.6%)  blended: 35 (3.2%)  blended_union: 87 (7.9%)  diverse: 239 (21.6%)
  [3a] Subgraph / edge_w   k=20 …
2026-07-01 18:17:05.319 | INFO     | pycaalp.time_balancing.model:run_mip:430 - Running MIP solver ...
      obj=0.842 (vs_full=+0.25%)  alpha=1102.0s  build=0.042s solve=0.108s  vs_full=+0.87%
  [3b] Subgraph / bal_w    k=20 …
2026-07-01 18:17:05.427 | INFO     | pycaalp.time_balancing.model:run_mip:430 - Running MIP solver ...
      obj=1.006 (vs_full=+19.81%)  alpha=1122.3s  build=0.038s solve=0.229s  vs_full=+2.73%
  [3c] Subgraph / combined k=20 …
2026-07-01 18:17:05.655 | INFO     | pycaalp.time_balancing.model:run_mip:430 - Running MIP solver ...
      obj=0.842 (vs_full=+0.25%)  alpha=1102.0s  build=0.080s solve=0.174s  vs_full=+0.87%
  [3d] Subgraph / blended  k=20 …
2026-07-01 18:17:05.829 | INFO     | pycaalp.time_balancing.model:run_mip:430 - Running MIP solver ...
      obj=0.840 (vs_full=-0.00%)  alpha=1092.5s  build=0.043s solve=0.101s  vs_full=+0.00%
  [3e] Subgraph / bl-union k=20 …
2026-07-01 18:17:05.931 | INFO     | pycaalp.time_balancing.model:run_mip:430 - Running MIP solver ...
      obj=0.840 (vs_full=-0.00%)  alpha=1092.5s  build=0.182s solve=0.386s  vs_full=+0.00%
  [3f] Subgraph / diverse  k=20 …
2026-07-01 18:17:06.317 | INFO     | pycaalp.time_balancing.model:run_mip:430 - Running MIP solver ...
      obj=0.840 (vs_full=-0.00%)  alpha=1092.5s  build=0.015s solve=0.794s  vs_full=+0.00%

k = 50
  Subgraph edges — edge_w: 54 (4.9%)  bal_w: 74 (6.7%)  combined: 127 (11.5%)  blended: 42 (3.8%)  blended_union: 117 (10.6%)  diverse: 511 (46.2%)
  [3a] Subgraph / edge_w   k=50 …
2026-07-01 18:17:08.113 | INFO     | pycaalp.time_balancing.model:run_mip:430 - Running MIP solver ...
      obj=0.840 (vs_full=-0.00%)  alpha=1092.5s  build=0.129s solve=0.325s  vs_full=+0.00%
  [3b] Subgraph / bal_w    k=50 …
2026-07-01 18:17:08.437 | INFO     | pycaalp.time_balancing.model:run_mip:430 - Running MIP solver ...
      obj=1.004 (vs_full=+19.51%)  alpha=1122.3s  build=0.057s solve=0.487s  vs_full=+2.73%
  [3c] Subgraph / combined k=50 …
2026-07-01 18:17:08.924 | INFO     | pycaalp.time_balancing.model:run_mip:430 - Running MIP solver ...
      obj=0.840 (vs_full=-0.00%)  alpha=1092.5s  build=0.233s solve=0.530s  vs_full=+0.00%
  [3d] Subgraph / blended  k=50 …
2026-07-01 18:17:09.454 | INFO     | pycaalp.time_balancing.model:run_mip:430 - Running MIP solver ...
      obj=0.840 (vs_full=-0.00%)  alpha=1092.5s  build=0.127s solve=0.202s  vs_full=+0.00%
  [3e] Subgraph / bl-union k=50 …
2026-07-01 18:17:09.656 | INFO     | pycaalp.time_balancing.model:run_mip:430 - Running MIP solver ...
      obj=0.840 (vs_full=-0.00%)  alpha=1092.5s  build=0.419s solve=0.873s  vs_full=+0.00%
  [3f] Subgraph / diverse  k=50 …
2026-07-01 18:17:10.529 | INFO     | pycaalp.time_balancing.model:run_mip:430 - Running MIP solver ...
      obj=0.840 (vs_full=+0.00%)  alpha=1092.5s  build=0.037s solve=1.116s  vs_full=+0.00%

k = 100
  Subgraph edges — edge_w: 78 (7.1%)  bal_w: 85 (7.7%)  combined: 162 (14.7%)  blended: 46 (4.2%)  blended_union: 167 (15.1%)  diverse: 748 (67.7%)
  [3a] Subgraph / edge_w   k=100 …
2026-07-01 18:17:13.568 | INFO     | pycaalp.time_balancing.model:run_mip:430 - Running MIP solver ...
      obj=0.840 (vs_full=-0.00%)  alpha=1092.5s  build=0.268s solve=0.161s  vs_full=+0.00%
  [3b] Subgraph / bal_w    k=100 …
2026-07-01 18:17:13.729 | INFO     | pycaalp.time_balancing.model:run_mip:430 - Running MIP solver ...
      obj=1.004 (vs_full=+19.51%)  alpha=1122.3s  build=0.135s solve=0.428s  vs_full=+2.73%
  [3c] Subgraph / combined k=100 …
2026-07-01 18:17:14.158 | INFO     | pycaalp.time_balancing.model:run_mip:430 - Running MIP solver ...
      obj=0.840 (vs_full=-0.00%)  alpha=1092.5s  build=0.418s solve=0.325s  vs_full=+0.00%
  [3d] Subgraph / blended  k=100 …
2026-07-01 18:17:14.483 | INFO     | pycaalp.time_balancing.model:run_mip:430 - Running MIP solver ...
      obj=0.840 (vs_full=-0.00%)  alpha=1092.5s  build=0.266s solve=0.123s  vs_full=+0.00%
  [3e] Subgraph / bl-union k=100 …
2026-07-01 18:17:14.606 | INFO     | pycaalp.time_balancing.model:run_mip:430 - Running MIP solver ...
      obj=0.840 (vs_full=-0.00%)  alpha=1092.5s  build=0.768s solve=0.431s  vs_full=+0.00%
  [3f] Subgraph / diverse  k=100 …
2026-07-01 18:17:15.037 | INFO     | pycaalp.time_balancing.model:run_mip:430 - Running MIP solver ...
      obj=0.840 (vs_full=-0.00%)  alpha=1092.5s  build=0.066s solve=1.495s  vs_full=+0.00%

k = 200
  Subgraph edges — edge_w: 95 (8.6%)  bal_w: 118 (10.7%)  combined: 211 (19.1%)  blended: 65 (5.9%)  blended_union: 212 (19.2%)  diverse: 903 (81.7%)
  [3a] Subgraph / edge_w   k=200 …
2026-07-01 18:17:20.266 | INFO     | pycaalp.time_balancing.model:run_mip:430 - Running MIP solver ...
      obj=0.840 (vs_full=-0.00%)  alpha=1092.5s  build=0.518s solve=0.148s  vs_full=+0.00%
  [3b] Subgraph / bal_w    k=200 …
2026-07-01 18:17:20.414 | INFO     | pycaalp.time_balancing.model:run_mip:430 - Running MIP solver ...
      obj=1.003 (vs_full=+19.45%)  alpha=1122.3s  build=0.303s solve=0.354s  vs_full=+2.73%
  [3c] Subgraph / combined k=200 …
2026-07-01 18:17:20.769 | INFO     | pycaalp.time_balancing.model:run_mip:430 - Running MIP solver ...
      obj=0.840 (vs_full=-0.00%)  alpha=1092.5s  build=0.831s solve=0.523s  vs_full=+0.00%
  [3d] Subgraph / blended  k=200 …
2026-07-01 18:17:21.292 | INFO     | pycaalp.time_balancing.model:run_mip:430 - Running MIP solver ...
      obj=0.840 (vs_full=-0.00%)  alpha=1092.5s  build=0.461s solve=0.301s  vs_full=+0.00%
  [3e] Subgraph / bl-union k=200 …
2026-07-01 18:17:21.593 | INFO     | pycaalp.time_balancing.model:run_mip:430 - Running MIP solver ...
      obj=0.840 (vs_full=-0.00%)  alpha=1092.5s  build=1.469s solve=0.547s  vs_full=+0.00%
  [3f] Subgraph / diverse  k=200 …
2026-07-01 18:17:22.140 | INFO     | pycaalp.time_balancing.model:run_mip:430 - Running MIP solver ...
      obj=0.840 (vs_full=-0.00%)  alpha=1092.5s  build=0.151s solve=1.734s  vs_full=+0.00%

k = 500
  Subgraph edges — edge_w: 108 (9.8%)  bal_w: 170 (15.4%)  combined: 274 (24.8%)  blended: 86 (7.8%)  blended_union: 278 (25.2%)  diverse: 1049 (94.9%)
  [3a] Subgraph / edge_w   k=500 …
2026-07-01 18:17:35.398 | INFO     | pycaalp.time_balancing.model:run_mip:430 - Running MIP solver ...
      obj=0.840 (vs_full=-0.00%)  alpha=1092.5s  build=1.614s solve=0.265s  vs_full=+0.00%
  [3b] Subgraph / bal_w    k=500 …
2026-07-01 18:17:35.664 | INFO     | pycaalp.time_balancing.model:run_mip:430 - Running MIP solver ...
      obj=0.977 (vs_full=+16.26%)  alpha=1104.1s  build=0.982s solve=0.413s  vs_full=+1.06%
  [3c] Subgraph / combined k=500 …
2026-07-01 18:17:36.076 | INFO     | pycaalp.time_balancing.model:run_mip:430 - Running MIP solver ...
      obj=0.840 (vs_full=-0.00%)  alpha=1092.5s  build=2.257s solve=0.684s  vs_full=+0.00%
  [3d] Subgraph / blended  k=500 …
2026-07-01 18:17:36.760 | INFO     | pycaalp.time_balancing.model:run_mip:430 - Running MIP solver ...
      obj=0.840 (vs_full=-0.00%)  alpha=1092.5s  build=1.488s solve=0.389s  vs_full=+0.00%
  [3e] Subgraph / bl-union k=500 …
2026-07-01 18:17:37.150 | INFO     | pycaalp.time_balancing.model:run_mip:430 - Running MIP solver ...
      obj=0.840 (vs_full=-0.00%)  alpha=1092.5s  build=4.740s solve=0.831s  vs_full=+0.00%
  [3f] Subgraph / diverse  k=500 …
2026-07-01 18:17:37.980 | INFO     | pycaalp.time_balancing.model:run_mip:430 - Running MIP solver ...
      obj=0.840 (vs_full=-0.00%)  alpha=1092.5s  build=0.443s solve=2.324s  vs_full=+0.00%

k = 1000
  Subgraph edges — edge_w: 142 (12.9%)  bal_w: 223 (20.2%)  combined: 359 (32.5%)  blended: 89 (8.1%)  blended_union: 305 (27.6%)  diverse: 1100 (99.5%)
  [3a] Subgraph / edge_w   k=1000 …
2026-07-01 18:18:04.357 | INFO     | pycaalp.time_balancing.model:run_mip:430 - Running MIP solver ...
      obj=0.840 (vs_full=-0.00%)  alpha=1092.5s  build=3.259s solve=0.429s  vs_full=+0.00%
  [3b] Subgraph / bal_w    k=1000 …
2026-07-01 18:18:04.786 | INFO     | pycaalp.time_balancing.model:run_mip:430 - Running MIP solver ...
      obj=0.971 (vs_full=+15.58%)  alpha=1104.1s  build=2.187s solve=0.543s  vs_full=+1.06%
  [3c] Subgraph / combined k=1000 …
2026-07-01 18:18:05.329 | INFO     | pycaalp.time_balancing.model:run_mip:430 - Running MIP solver ...
      obj=0.840 (vs_full=-0.00%)  alpha=1092.5s  build=5.773s solve=0.955s  vs_full=+0.00%
  [3d] Subgraph / blended  k=1000 …
2026-07-01 18:18:06.284 | INFO     | pycaalp.time_balancing.model:run_mip:430 - Running MIP solver ...
      obj=0.840 (vs_full=-0.00%)  alpha=1092.5s  build=2.865s solve=0.608s  vs_full=+0.00%
  [3e] Subgraph / bl-union k=1000 …
2026-07-01 18:18:06.891 | INFO     | pycaalp.time_balancing.model:run_mip:430 - Running MIP solver ...
      obj=0.840 (vs_full=-0.00%)  alpha=1092.5s  build=9.117s solve=1.249s  vs_full=+0.00%
  [3f] Subgraph / diverse  k=1000 …
2026-07-01 18:18:08.140 | INFO     | pycaalp.time_balancing.model:run_mip:430 - Running MIP solver ...
      obj=0.840 (vs_full=-0.00%)  alpha=1092.5s  build=0.851s solve=2.455s  vs_full=+0.00%

k = 2000
  Subgraph edges — edge_w: 185 (16.7%)  bal_w: 291 (26.3%)  combined: 464 (42.0%)  blended: 94 (8.5%)  blended_union: 356 (32.2%)  diverse: 1105 (100.0%)
  [3a] Subgraph / edge_w   k=2000 …
2026-07-01 18:19:06.965 | INFO     | pycaalp.time_balancing.model:run_mip:430 - Running MIP solver ...
      obj=0.840 (vs_full=-0.00%)  alpha=1092.5s  build=6.902s solve=0.689s  vs_full=+0.00%
  [3b] Subgraph / bal_w    k=2000 …
2026-07-01 18:19:07.654 | INFO     | pycaalp.time_balancing.model:run_mip:430 - Running MIP solver ...
      obj=0.964 (vs_full=+14.74%)  alpha=1104.1s  build=5.313s solve=0.724s  vs_full=+1.06%
  [3c] Subgraph / combined k=2000 …
2026-07-01 18:19:08.379 | INFO     | pycaalp.time_balancing.model:run_mip:430 - Running MIP solver ...
      obj=0.840 (vs_full=-0.00%)  alpha=1092.5s  build=12.704s solve=1.242s  vs_full=+0.00%
  [3d] Subgraph / blended  k=2000 …
2026-07-01 18:19:09.621 | INFO     | pycaalp.time_balancing.model:run_mip:430 - Running MIP solver ...
      obj=0.840 (vs_full=-0.00%)  alpha=1092.5s  build=7.530s solve=0.672s  vs_full=+0.00%
  [3e] Subgraph / bl-union k=2000 …
2026-07-01 18:19:10.293 | INFO     | pycaalp.time_balancing.model:run_mip:430 - Running MIP solver ...
      obj=0.840 (vs_full=-0.00%)  alpha=1092.5s  build=21.901s solve=1.059s  vs_full=+0.00%
  [3f] Subgraph / diverse  k=2000 …
2026-07-01 18:19:11.352 | INFO     | pycaalp.time_balancing.model:run_mip:430 - Running MIP solver ...
      obj=0.840 (vs_full=+0.00%)  alpha=1092.5s  build=2.020s solve=2.475s  vs_full=+0.00%

k = 5000
  Subgraph edges — edge_w: 232 (21.0%)  bal_w: 382 (34.6%)  combined: 593 (53.7%)  blended: 307 (27.8%)  blended_union: 482 (43.6%)  diverse: 1105 (100.0%)
  [3a] Subgraph / edge_w   k=5000 …
2026-07-01 18:23:11.860 | INFO     | pycaalp.time_balancing.model:run_mip:430 - Running MIP solver ...
      obj=0.840 (vs_full=-0.00%)  alpha=1092.5s  build=30.669s solve=1.588s  vs_full=+0.00%
  [3b] Subgraph / bal_w    k=5000 …
2026-07-01 18:23:13.448 | INFO     | pycaalp.time_balancing.model:run_mip:430 - Running MIP solver ...
      obj=0.960 (vs_full=+14.29%)  alpha=1108.3s  build=21.767s solve=1.009s  vs_full=+1.45%
  [3c] Subgraph / combined k=5000 …
2026-07-01 18:23:14.457 | INFO     | pycaalp.time_balancing.model:run_mip:430 - Running MIP solver ...
      obj=0.840 (vs_full=-0.00%)  alpha=1092.5s  build=52.861s solve=1.754s  vs_full=+0.00%
  [3d] Subgraph / blended  k=5000 …
2026-07-01 18:23:16.211 | INFO     | pycaalp.time_balancing.model:run_mip:430 - Running MIP solver ...
      obj=0.840 (vs_full=-0.00%)  alpha=1092.5s  build=33.051s solve=0.777s  vs_full=+0.00%
  [3e] Subgraph / bl-union k=5000 …
2026-07-01 18:23:16.989 | INFO     | pycaalp.time_balancing.model:run_mip:430 - Running MIP solver ...
      obj=0.840 (vs_full=-0.00%)  alpha=1092.5s  build=94.100s solve=2.340s  vs_full=+0.00%
  [3f] Subgraph / diverse  k=5000 …
2026-07-01 18:23:19.329 | INFO     | pycaalp.time_balancing.model:run_mip:430 - Running MIP solver ...
      obj=0.840 (vs_full=+0.00%)  alpha=1092.5s  build=5.583s solve=3.041s  vs_full=+0.00%

Results saved to experiments/strategy_comparison/assembly_1_np_2/strategy_comparison_lambda_0.5.csv
Plot with:  python -m experiments.strategy_comparison.plot_k_sensitivity

============================================================================================================================
SUMMARY — assembly_1  P=2  λ=0.5
============================================================================================================================
Strategy       Weight                      k   Build    Solve    Total  Spdup       Obj   ObjvsF     Alpha    AlvsF   Edges  %Grph
----------------------------------------------------------------------------------------------------------------------------
full_mip       —                               0.000    2.145    2.145   1.0x     0.840    +0.00   1092.52    +0.00    1105  100.0
subgraph_mip   edge_weight                 1   0.002    0.012    0.013 160.3x     0.842    +0.25   1102.04    +0.87      13    1.2
subgraph_mip   time_balanced_weight        1   0.001    0.005    0.007 329.1x     1.034   +23.05   1160.13    +6.19      13    1.2
subgraph_mip   combined                    1   0.002    0.006    0.009 250.3x     0.842    +0.25   1102.04    +0.87      26    2.4
subgraph_mip   blended                     1   0.001    0.005    0.006 333.9x     0.840    -0.00   1092.52    +0.00      13    1.2
subgraph_mip   blended_union               1   0.018    0.041    0.059  36.4x     0.840    -0.00   1092.52    +0.00      31    2.8
subgraph_mip   diverse                     1   0.006    0.005    0.011 191.8x     0.840    -0.00   1092.52    +0.00      13    1.2
subgraph_mip   edge_weight                 2   0.004    0.046    0.051  42.3x     0.842    +0.25   1102.04    +0.87      15    1.4
subgraph_mip   time_balanced_weight        2   0.004    0.010    0.014 148.5x     1.034   +23.05   1160.13    +6.19      20    1.8
subgraph_mip   combined                    2   0.009    0.025    0.035  62.1x     0.842    +0.25   1102.04    +0.87      35    3.2
subgraph_mip   blended                     2   0.005    0.020    0.025  86.6x     0.840    -0.00   1092.52    +0.00      15    1.4
subgraph_mip   blended_union               2   0.029    0.112    0.141  15.2x     0.840    -0.00   1092.52    +0.00      36    3.3
subgraph_mip   diverse                     2   0.007    0.037    0.044  48.2x     0.840    -0.00   1092.52    +0.00      26    2.4
subgraph_mip   edge_weight                 5   0.010    0.025    0.036  60.1x     0.842    +0.25   1102.04    +0.87      21    1.9
subgraph_mip   time_balanced_weight        5   0.006    0.104    0.110  19.5x     1.006   +19.81   1122.33    +2.73      29    2.6
subgraph_mip   combined                    5   0.031    0.069    0.100  21.4x     0.842    +0.25   1102.04    +0.87      50    4.5
subgraph_mip   blended                     5   0.020    0.045    0.065  33.2x     0.840    -0.00   1092.52    +0.00      19    1.7
subgraph_mip   blended_union               5   0.059    0.107    0.167  12.9x     0.840    -0.00   1092.52    +0.00      49    4.4
subgraph_mip   diverse                     5   0.006    0.189    0.194  11.0x     0.840    -0.00   1092.52    +0.00      65    5.9
subgraph_mip   edge_weight                10   0.037    0.195    0.232   9.2x     0.842    +0.25   1102.04    +0.87      24    2.2
subgraph_mip   time_balanced_weight       10   0.022    0.252    0.274   7.8x     1.006   +19.81   1122.33    +2.73      39    3.5
subgraph_mip   combined                   10   0.049    0.124    0.173  12.4x     0.842    +0.25   1102.04    +0.87      63    5.7
subgraph_mip   blended                    10   0.033    0.058    0.091  23.5x     0.840    -0.00   1092.52    +0.00      27    2.4
subgraph_mip   blended_union              10   0.098    0.263    0.361   5.9x     0.840    -0.00   1092.52    +0.00      64    5.8
subgraph_mip   diverse                    10   0.015    0.241    0.256   8.4x     0.840    -0.00   1092.52    +0.00     126   11.4
subgraph_mip   edge_weight                20   0.042    0.108    0.149  14.3x     0.842    +0.25   1102.04    +0.87      35    3.2
subgraph_mip   time_balanced_weight       20   0.038    0.229    0.267   8.1x     1.006   +19.81   1122.33    +2.73      49    4.4
subgraph_mip   combined                   20   0.080    0.174    0.254   8.4x     0.842    +0.25   1102.04    +0.87      84    7.6
subgraph_mip   blended                    20   0.043    0.101    0.144  14.9x     0.840    -0.00   1092.52    +0.00      35    3.2
subgraph_mip   blended_union              20   0.182    0.386    0.568   3.8x     0.840    -0.00   1092.52    +0.00      87    7.9
subgraph_mip   diverse                    20   0.015    0.794    0.809   2.6x     0.840    -0.00   1092.52    +0.00     239   21.6
subgraph_mip   edge_weight                50   0.129    0.325    0.454   4.7x     0.840    -0.00   1092.52    +0.00      54    4.9
subgraph_mip   time_balanced_weight       50   0.057    0.487    0.544   4.0x     1.004   +19.51   1122.33    +2.73      74    6.7
subgraph_mip   combined                   50   0.233    0.530    0.763   2.8x     0.840    -0.00   1092.52    +0.00     127   11.5
subgraph_mip   blended                    50   0.127    0.202    0.328   6.5x     0.840    -0.00   1092.52    +0.00      42    3.8
subgraph_mip   blended_union              50   0.419    0.873    1.292   1.7x     0.840    -0.00   1092.52    +0.00     117   10.6
subgraph_mip   diverse                    50   0.037    1.116    1.153   1.9x     0.840    +0.00   1092.52    +0.00     511   46.2
subgraph_mip   edge_weight               100   0.268    0.161    0.429   5.0x     0.840    -0.00   1092.52    +0.00      78    7.1
subgraph_mip   time_balanced_weight      100   0.135    0.428    0.563   3.8x     1.004   +19.51   1122.33    +2.73      85    7.7
subgraph_mip   combined                  100   0.418    0.325    0.743   2.9x     0.840    -0.00   1092.52    +0.00     162   14.7
subgraph_mip   blended                   100   0.266    0.123    0.389   5.5x     0.840    -0.00   1092.52    +0.00      46    4.2
subgraph_mip   blended_union             100   0.768    0.431    1.199   1.8x     0.840    -0.00   1092.52    +0.00     167   15.1
subgraph_mip   diverse                   100   0.066    1.495    1.562   1.4x     0.840    -0.00   1092.52    +0.00     748   67.7
subgraph_mip   edge_weight               200   0.518    0.148    0.666   3.2x     0.840    -0.00   1092.52    +0.00      95    8.6
subgraph_mip   time_balanced_weight      200   0.303    0.354    0.658   3.3x     1.003   +19.45   1122.33    +2.73     118   10.7
subgraph_mip   combined                  200   0.831    0.523    1.354   1.6x     0.840    -0.00   1092.52    +0.00     211   19.1
subgraph_mip   blended                   200   0.461    0.301    0.762   2.8x     0.840    -0.00   1092.52    +0.00      65    5.9
subgraph_mip   blended_union             200   1.469    0.547    2.015   1.1x     0.840    -0.00   1092.52    +0.00     212   19.2
subgraph_mip   diverse                   200   0.151    1.734    1.885   1.1x     0.840    -0.00   1092.52    +0.00     903   81.7
subgraph_mip   edge_weight               500   1.614    0.265    1.879   1.1x     0.840    -0.00   1092.52    +0.00     108    9.8
subgraph_mip   time_balanced_weight      500   0.982    0.413    1.395   1.5x     0.977   +16.26   1104.13    +1.06     170   15.4
subgraph_mip   combined                  500   2.257    0.684    2.941   0.7x     0.840    -0.00   1092.52    +0.00     274   24.8
subgraph_mip   blended                   500   1.488    0.389    1.877   1.1x     0.840    -0.00   1092.52    +0.00      86    7.8
subgraph_mip   blended_union             500   4.740    0.831    5.571   0.4x     0.840    -0.00   1092.52    +0.00     278   25.2
subgraph_mip   diverse                   500   0.443    2.324    2.767   0.8x     0.840    -0.00   1092.52    +0.00    1049   94.9
subgraph_mip   edge_weight              1000   3.259    0.429    3.688   0.6x     0.840    -0.00   1092.52    +0.00     142   12.8
subgraph_mip   time_balanced_weight     1000   2.187    0.543    2.730   0.8x     0.971   +15.58   1104.13    +1.06     223   20.2
subgraph_mip   combined                 1000   5.773    0.955    6.728   0.3x     0.840    -0.00   1092.52    +0.00     359   32.5
subgraph_mip   blended                  1000   2.865    0.608    3.473   0.6x     0.840    -0.00   1092.52    +0.00      89    8.1
subgraph_mip   blended_union            1000   9.117    1.249   10.366   0.2x     0.840    -0.00   1092.52    +0.00     305   27.6
subgraph_mip   diverse                  1000   0.851    2.455    3.306   0.7x     0.840    -0.00   1092.52    +0.00    1100   99.5
subgraph_mip   edge_weight              2000   6.902    0.689    7.591   0.3x     0.840    -0.00   1092.52    +0.00     185   16.7
subgraph_mip   time_balanced_weight     2000   5.313    0.724    6.037   0.4x     0.964   +14.74   1104.13    +1.06     291   26.3
subgraph_mip   combined                 2000  12.704    1.242   13.946   0.1x     0.840    -0.00   1092.52    +0.00     464   42.0
subgraph_mip   blended                  2000   7.530    0.672    8.202   0.3x     0.840    -0.00   1092.52    +0.00      94    8.5
subgraph_mip   blended_union            2000  21.901    1.059   22.960   0.1x     0.840    -0.00   1092.52    +0.00     356   32.2
subgraph_mip   diverse                  2000   2.020    2.475    4.494   0.5x     0.840    +0.00   1092.52    +0.00    1105  100.0
subgraph_mip   edge_weight              5000  30.669    1.588   32.257   0.1x     0.840    -0.00   1092.52    +0.00     232   21.0
subgraph_mip   time_balanced_weight     5000  21.767    1.009   22.776   0.1x     0.960   +14.29   1108.32    +1.45     382   34.6
subgraph_mip   combined                 5000  52.861    1.754   54.616   0.0x     0.840    -0.00   1092.52    +0.00     593   53.7
subgraph_mip   blended                  5000  33.051    0.777   33.828   0.1x     0.840    -0.00   1092.52    +0.00     307   27.8
subgraph_mip   blended_union            5000  94.100    2.340   96.441   0.0x     0.840    -0.00   1092.52    +0.00     482   43.6
subgraph_mip   diverse                  5000   5.583    3.041    8.624   0.2x     0.840    +0.00   1092.52    +0.00    1105  100.0
============================================================================================================================

----------------- λ = 0.55 -----------------
========================================================================
Strategy Comparison Experiment — assembly_1  P=2  λ=0.55
========================================================================

Building assembly digraph …
2026-07-01 18:16:59.961 | INFO     | pycaalp.gapp.assembly_digraph:compute_assembly_digraph_complete:395 - Computing assembly digraph...
  343 nodes, 1105 edges  (0.3s)

[1] Full MIP  P=2  λ=0.55
2026-07-01 18:17:00.259 | INFO     | pycaalp.time_balancing.model:run_mip:430 - Running MIP solver ...
presolving:
(round 1, fast)       28 del vars, 40 del conss, 0 add conss, 0 chg bounds, 0 chg sides, 0 chg coeffs, 0 upgd conss, 0 impls, 43 clqs, 0 implints
(round 2, exhaustive) 28 del vars, 40 del conss, 0 add conss, 1 chg bounds, 0 chg sides, 0 chg coeffs, 2253 upgd conss, 0 impls, 43 clqs, 0 implints
   (0.2s) probing: 1000/1129 (88.6%) - 0 fixings, 0 aggregations, 119627 implications, 0 bound changes
   (0.2s) probing: 1001/1129 (88.7%) - 0 fixings, 0 aggregations, 119803 implications, 0 bound changes
   (0.2s) probing aborted: 1000/1000 successive useless probings
   (0.2s) symmetry computation started: requiring (bin +, int +, cont +), (fixed: bin -, int -, cont -)
   (0.2s) no symmetry present (symcode time: 0.00)
presolving (3 rounds: 3 fast, 2 medium, 2 exhaustive):
 28 deleted vars, 40 deleted constraints, 0 added constraints, 1 tightened bounds, 0 added holes, 0 changed sides, 0 changed coefficients
 0 implications, 8934 cliques, 0 implied integral variables (0 bin, 0 int, 0 cont)
presolved problem has 1130 variables (1129 bin, 0 int, 1 cont) and 2565 constraints
     43 constraints of type <setppc>
    312 constraints of type <linear>
   2210 constraints of type <logicor>
Presolving Time: 0.24

 time | node  | left  |LP iter|LP it/n|mem/heur|mdpt |vars |cons |rows |cuts |sepa|confs|strbr|  dualbound   | primalbound  |  gap   | compl. 
p 0.3s|     1 |     0 |     4 |     - | vbounds|   0 |1130 |2578 |2565 |   0 |  0 |  12 |   0 | 0.000000e+00 | 1.414747e+00 |    Inf | unknown
  0.3s|     1 |     0 |   357 |     - |    21M |   0 |1130 |2590 |2565 |   0 |  0 |  24 |   0 | 8.329273e-01 | 1.414747e+00 |  69.85%| unknown
  0.3s|     1 |     0 |   382 |     - |    23M |   0 |1130 |2591 |2567 |   2 |  1 |  25 |   0 | 8.329366e-01 | 1.414747e+00 |  69.85%| unknown
r 0.3s|     1 |     0 |   382 |     - |shifting|   0 |1130 |2591 |2567 |   2 |  1 |  25 |   0 | 8.329366e-01 | 8.430626e-01 |   1.22%| unknown
  0.4s|     1 |     0 |   402 |     - |    24M |   0 |1130 |2591 |2568 |   3 |  2 |  25 |   0 | 8.329821e-01 | 8.430626e-01 |   1.21%| unknown
  0.4s|     1 |     0 |   402 |     - |    24M |   0 |1130 |2591 |2568 |   3 |  2 |  25 |   0 | 8.329821e-01 | 8.430626e-01 |   1.21%| unknown
  0.4s|     1 |     0 |   402 |     - |    24M |   0 |1130 |2591 |1494 |   3 |  2 |  25 |   0 | 8.329821e-01 | 8.430626e-01 |   1.21%| unknown
  0.4s|     1 |     0 |   416 |     - |    25M |   0 |1130 |2136 |1484 |   4 |  3 |  25 |   0 | 8.329932e-01 | 8.430626e-01 |   1.21%| unknown
  0.5s|     1 |     0 |   433 |     - |    27M |   0 |1130 |2011 |1486 |   6 |  4 |  25 |   0 | 8.330310e-01 | 8.430626e-01 |   1.20%| unknown
  0.6s|     1 |     0 |   438 |     - |    31M |   0 |1130 |1999 |1488 |   8 |  5 |  25 |   0 | 8.330310e-01 | 8.430626e-01 |   1.20%| unknown
  0.7s|     1 |     0 |   467 |     - |    35M |   0 |1130 |1980 |1490 |  10 |  6 |  25 |   0 | 8.330343e-01 | 8.430626e-01 |   1.20%| unknown
  0.8s|     1 |     0 |   493 |     - |    41M |   0 |1130 |1930 |1492 |  12 |  7 |  25 |   0 | 8.330384e-01 | 8.430626e-01 |   1.20%| unknown
  1.0s|     1 |     0 |   514 |     - |    46M |   0 |1130 |1895 |1494 |  14 |  8 |  25 |   0 | 8.330431e-01 | 8.430626e-01 |   1.20%| unknown
  1.1s|     1 |     0 |   523 |     - |    51M |   0 |1130 |1858 |1496 |  16 |  9 |  26 |   0 | 8.330449e-01 | 8.430626e-01 |   1.20%| unknown
  1.3s|     1 |     0 |   548 |     - |    55M |   0 |1130 |1801 |1498 |  18 | 10 |  26 |   0 | 8.330538e-01 | 8.430626e-01 |   1.20%| unknown
 time | node  | left  |LP iter|LP it/n|mem/heur|mdpt |vars |cons |rows |cuts |sepa|confs|strbr|  dualbound   | primalbound  |  gap   | compl. 
  1.3s|     1 |     0 |   574 |     - |    55M |   0 |1130 |1779 |1500 |  20 | 11 |  32 |   0 | 8.330621e-01 | 8.430626e-01 |   1.20%| unknown
  1.3s|     1 |     0 |   575 |     - |    55M |   0 |1130 |1777 |1502 |  22 | 12 |  32 |   0 | 8.330621e-01 | 8.430626e-01 |   1.20%| unknown
  1.3s|     1 |     0 |   584 |     - |    56M |   0 |1130 |1777 |1504 |  24 | 13 |  32 |   0 | 8.330647e-01 | 8.430626e-01 |   1.20%| unknown
  1.3s|     1 |     0 |   592 |     - |    56M |   0 |1130 |1784 |1507 |  27 | 14 |  39 |   0 | 8.330669e-01 | 8.430626e-01 |   1.20%| unknown
  1.3s|     1 |     0 |   592 |     - |    56M |   0 |1130 |1784 |1504 |  27 | 14 |  39 |   0 | 8.330669e-01 | 8.430626e-01 |   1.20%| unknown
  1.4s|     1 |     0 |   597 |     - |    56M |   0 |1130 |1716 |1504 |  28 | 15 |  39 |   0 | 8.330672e-01 | 8.430626e-01 |   1.20%| unknown
  1.4s|     1 |     0 |   603 |     - |    56M |   0 |1130 |1716 |1505 |  29 | 16 |  41 |   0 | 8.330723e-01 | 8.430626e-01 |   1.20%| unknown
  1.4s|     1 |     0 |   604 |     - |    56M |   0 |1130 |1694 |1506 |  30 | 17 |  45 |   0 | 8.330726e-01 | 8.430626e-01 |   1.20%| unknown
  1.4s|     1 |     0 |   604 |     - |    56M |   0 |1130 |1143 |1506 |  30 | 17 |  48 |   0 | 8.330726e-01 | 8.430626e-01 |   1.20%| unknown
  1.4s|     1 |     0 |   608 |     - |    56M |   0 |1130 |1143 |1507 |  31 | 18 |  48 |   0 | 8.330728e-01 | 8.430626e-01 |   1.20%| unknown
  1.4s|     1 |     0 |   610 |     - |    56M |   0 |1130 | 978 |1508 |  32 | 19 |  52 |   0 | 8.330733e-01 | 8.430626e-01 |   1.20%| unknown
L 1.4s|     1 |     0 |   972 |     - |    rens|   0 |1130 | 844 |1508 |  32 | 20 |  67 |   0 | 8.330733e-01 | 8.429589e-01 |   1.19%| unknown
(run 1, node 1) restarting after 872 global fixings of integer variables

(restart) converted 31 cuts from the global cut pool into linear constraints

presolving:
(round 1, fast)       874 del vars, 233 del conss, 0 add conss, 3 chg bounds, 0 chg sides, 8 chg coeffs, 0 upgd conss, 0 impls, 599 clqs, 0 implints
(round 2, medium)     875 del vars, 233 del conss, 0 add conss, 3 chg bounds, 0 chg sides, 8 chg coeffs, 0 upgd conss, 0 impls, 597 clqs, 0 implints
(round 3, fast)       875 del vars, 235 del conss, 0 add conss, 3 chg bounds, 0 chg sides, 8 chg coeffs, 0 upgd conss, 0 impls, 597 clqs, 0 implints
(round 4, exhaustive) 875 del vars, 235 del conss, 0 add conss, 3 chg bounds, 0 chg sides, 8 chg coeffs, 15 upgd conss, 0 impls, 597 clqs, 0 implints
(round 5, exhaustive) 875 del vars, 236 del conss, 0 add conss, 3 chg bounds, 0 chg sides, 15 chg coeffs, 15 upgd conss, 0 impls, 597 clqs, 0 implints
presolving (6 rounds: 6 fast, 4 medium, 3 exhaustive):
 875 deleted vars, 236 deleted constraints, 0 added constraints, 3 tightened bounds, 0 added holes, 0 changed sides, 15 changed coefficients
 0 implications, 597 cliques, 0 implied integral variables (0 bin, 0 int, 0 cont)
presolved problem has 255 variables (254 bin, 0 int, 1 cont) and 639 constraints
     38 constraints of type <setppc>
     99 constraints of type <linear>
    500 constraints of type <logicor>
      2 constraints of type <bounddisjunction>
Presolving Time: 0.25
transformed 3/5 original solutions to the transformed problem space

 time | node  | left  |LP iter|LP it/n|mem/heur|mdpt |vars |cons |rows |cuts |sepa|confs|strbr|  dualbound   | primalbound  |  gap   | compl. 
  1.5s|     1 |     0 |  1268 |     - |    55M |   0 | 255 | 639 | 597 |   0 |  0 |  67 |   0 | 8.330733e-01 | 8.429589e-01 |   1.19%| unknown
  1.5s|     1 |     0 |  1281 |     - |    56M |   0 | 255 | 639 | 599 |   2 |  1 |  67 |   0 | 8.330832e-01 | 8.429589e-01 |   1.19%| unknown
  1.5s|     1 |     0 |  1296 |     - |    56M |   0 | 255 | 639 | 601 |   4 |  2 |  67 |   0 | 8.330982e-01 | 8.429589e-01 |   1.18%| unknown
  1.6s|     1 |     0 |  1318 |     - |    57M |   0 | 255 | 642 | 602 |   5 |  3 |  70 |   0 | 8.331110e-01 | 8.429589e-01 |   1.18%| unknown
  1.6s|     1 |     0 |  1335 |     - |    57M |   0 | 255 | 642 | 604 |   7 |  4 |  70 |   0 | 8.331138e-01 | 8.429589e-01 |   1.18%| unknown
  1.6s|     1 |     0 |  1348 |     - |    59M |   0 | 255 | 646 | 606 |   9 |  5 |  74 |   0 | 8.331155e-01 | 8.429589e-01 |   1.18%| unknown
  1.7s|     1 |     0 |  1368 |     - |    59M |   0 | 255 | 646 | 607 |  10 |  6 |  74 |   0 | 8.331162e-01 | 8.429589e-01 |   1.18%| unknown
  1.7s|     1 |     0 |  1389 |     - |    59M |   0 | 255 | 646 | 608 |  11 |  7 |  74 |   0 | 8.331165e-01 | 8.429589e-01 |   1.18%| unknown
  1.7s|     1 |     0 |  1405 |     - |    61M |   0 | 255 | 646 | 609 |  12 |  8 |  74 |   0 | 8.331188e-01 | 8.429589e-01 |   1.18%| unknown
  1.8s|     1 |     0 |  1426 |     - |    65M |   0 | 255 | 646 | 611 |  14 |  9 |  74 |   0 | 8.331190e-01 | 8.429589e-01 |   1.18%| unknown
  1.8s|     1 |     0 |  1428 |     - |    71M |   0 | 255 | 647 | 612 |  15 | 10 |  75 |   0 | 8.331190e-01 | 8.429589e-01 |   1.18%| unknown
  1.8s|     1 |     0 |  1500 |     - |    71M |   0 | 255 | 647 | 613 |  16 | 11 |  75 |   0 | 8.331750e-01 | 8.429589e-01 |   1.17%| unknown
d 1.8s|     1 |     0 |  1629 |     - |farkasdi|   0 | 255 | 647 | 613 |   0 | 11 |  75 |   0 | 8.331750e-01 | 8.428528e-01 |   1.16%| unknown
  1.8s|     1 |     0 |  1666 |     - |    71M |   0 | 255 | 647 | 613 |  16 | 11 |  75 |   0 | 8.331750e-01 | 8.428528e-01 |   1.16%| unknown
  1.9s|     1 |     0 |  1671 |     - |    71M |   0 | 255 | 650 | 615 |  18 | 12 |  78 |   0 | 8.331778e-01 | 8.428528e-01 |   1.16%| unknown
 time | node  | left  |LP iter|LP it/n|mem/heur|mdpt |vars |cons |rows |cuts |sepa|confs|strbr|  dualbound   | primalbound  |  gap   | compl. 
  1.9s|     1 |     0 |  1685 |     - |    71M |   0 | 255 | 650 | 617 |  20 | 13 |  78 |   0 | 8.331811e-01 | 8.428528e-01 |   1.16%| unknown
  1.9s|     1 |     2 |  1685 |     - |    71M |   0 | 255 | 651 | 617 |  20 | 13 |  79 |  19 | 8.332491e-01 | 8.428528e-01 |   1.15%| unknown
* 2.1s|    17 |     2 |  2053 |  59.3 |strongbr|   5 | 255 | 646 | 573 |  20 |  2 | 146 | 224 | 8.346435e-01 | 8.403218e-01 |   0.68%|  58.75%

SCIP Status        : problem is solved [optimal solution found]
Solving Time (sec) : 2.17
Solving Nodes      : 23 (total of 24 nodes in 2 runs)
Primal Bound       : +8.40321769748057e-01 (8 solutions)
Dual Bound         : +8.40321769748057e-01
Gap                : 0.00 %
objective value:                    0.840321769748057
x_('12_5', '13_1')                                  1 	(obj:0.0148876553774095)
x_('11_17', '12_5')                                 1 	(obj:0.0117710040983607)
x_('10_31', '11_17')                                1 	(obj:0.0129323504364488)
x_('9_42', '10_31')                                 1 	(obj:0.0305357142857143)
x_('8_38', '9_42')                                  1 	(obj:0.019530737704918)
x_('7_39', '8_38')                                  1 	(obj:0.02109375)
x_('6_36', '7_39')                                  1 	(obj:0.0148606139176982)
x_('5_31', '6_36')                                  1 	(obj:0.0347480971896955)
x_('4_25', '5_31')                                  1 	(obj:0.0366481264637002)
x_('3_20', '4_25')                  0.999999999999998 	(obj:0.0417923009367681)
x_('2_14', '3_20')                                  1 	(obj:0.0421124121779859)
x_('1_10', '2_14')                                  1 	(obj:0.0792400468384075)
x_('0_1', '1_10')                                   1 	(obj:0.0160714285714286)
y_0_0                                               1 	(obj:0)
y_1_0                                               1 	(obj:0)
y_2_0                                               1 	(obj:0)
y_3_0                                               1 	(obj:0)
y_4_0                                               1 	(obj:0)
y_5_0                                               1 	(obj:0)
y_6_1                                               1 	(obj:0)
y_7_1                                               1 	(obj:0)
y_8_1                                               1 	(obj:0)
y_9_1                                               1 	(obj:0)
y_10_1                                              1 	(obj:0)
y_11_1                                              1 	(obj:0)
y_12_1                                              1 	(obj:0)
z_('3268741', '3425762')_1                          1 	(obj:0)
z_('3268741', '1966592X')_0                         1 	(obj:0)
z_('1966592X', '3452192')_0                         1 	(obj:0)
z_('3452192', '1353870')_0                          1 	(obj:0)
z_('3452192', '3520162')_0                          1 	(obj:0)
z_('3520162', '3307092')_0                          1 	(obj:0)
z_('3520162', '3524054')_0                          1 	(obj:0)
z_('3268740', '3524054')_1                          1 	(obj:0)
z_('3524054', '3179975')_1                          1 	(obj:0)
z_('3179975', '3422998')_1                          1 	(obj:0)
z_('3422998', '2495223X')_1                         1 	(obj:0)
z_('3422998', '1353870_01')_1                       1 	(obj:0)
z_('2495223X', '2245784X')_1                        1 	(obj:0)
alpha                                6.58144578313253 	(obj:0.0705160457203718)
  obj=0.840  alpha=1092.5s  time=2.23s

k = 1
  Subgraph edges — edge_w: 13 (1.2%)  bal_w: 13 (1.2%)  combined: 26 (2.4%)  blended: 13 (1.2%)  blended_union: 31 (2.8%)  diverse: 13 (1.2%)
  [3a] Subgraph / edge_w   k=1 …
2026-07-01 18:17:02.514 | INFO     | pycaalp.time_balancing.model:run_mip:430 - Running MIP solver ...
      obj=0.843 (vs_full=+0.31%)  alpha=1102.0s  build=0.002s solve=0.011s  vs_full=+0.87%
  [3b] Subgraph / bal_w    k=1 …
2026-07-01 18:17:02.525 | INFO     | pycaalp.time_balancing.model:run_mip:430 - Running MIP solver ...
      obj=1.020 (vs_full=+21.36%)  alpha=1160.1s  build=0.001s solve=0.006s  vs_full=+6.19%
  [3c] Subgraph / combined k=1 …
2026-07-01 18:17:02.531 | INFO     | pycaalp.time_balancing.model:run_mip:430 - Running MIP solver ...
      obj=0.843 (vs_full=+0.31%)  alpha=1102.0s  build=0.002s solve=0.007s  vs_full=+0.87%
  [3d] Subgraph / blended  k=1 …
2026-07-01 18:17:02.537 | INFO     | pycaalp.time_balancing.model:run_mip:430 - Running MIP solver ...
      obj=0.840 (vs_full=-0.00%)  alpha=1092.5s  build=0.001s solve=0.007s  vs_full=+0.00%
  [3e] Subgraph / bl-union k=1 …
2026-07-01 18:17:02.545 | INFO     | pycaalp.time_balancing.model:run_mip:430 - Running MIP solver ...
      obj=0.840 (vs_full=-0.00%)  alpha=1092.5s  build=0.017s solve=0.039s  vs_full=+0.00%
  [3f] Subgraph / diverse  k=1 …
2026-07-01 18:17:02.584 | INFO     | pycaalp.time_balancing.model:run_mip:430 - Running MIP solver ...
      obj=0.840 (vs_full=-0.00%)  alpha=1092.5s  build=0.005s solve=0.010s  vs_full=+0.00%

k = 2
  Subgraph edges — edge_w: 15 (1.4%)  bal_w: 20 (1.8%)  combined: 35 (3.2%)  blended: 15 (1.4%)  blended_union: 36 (3.3%)  diverse: 26 (2.4%)
  [3a] Subgraph / edge_w   k=2 …
2026-07-01 18:17:02.660 | INFO     | pycaalp.time_balancing.model:run_mip:430 - Running MIP solver ...
      obj=0.843 (vs_full=+0.31%)  alpha=1102.0s  build=0.006s solve=0.016s  vs_full=+0.87%
  [3b] Subgraph / bal_w    k=2 …
2026-07-01 18:17:02.676 | INFO     | pycaalp.time_balancing.model:run_mip:430 - Running MIP solver ...
      obj=1.020 (vs_full=+21.36%)  alpha=1160.1s  build=0.004s solve=0.007s  vs_full=+6.19%
  [3c] Subgraph / combined k=2 …
2026-07-01 18:17:02.683 | INFO     | pycaalp.time_balancing.model:run_mip:430 - Running MIP solver ...
      obj=0.843 (vs_full=+0.31%)  alpha=1102.0s  build=0.010s solve=0.031s  vs_full=+0.87%
  [3d] Subgraph / blended  k=2 …
2026-07-01 18:17:02.714 | INFO     | pycaalp.time_balancing.model:run_mip:430 - Running MIP solver ...
      obj=0.840 (vs_full=-0.00%)  alpha=1092.5s  build=0.007s solve=0.021s  vs_full=+0.00%
  [3e] Subgraph / bl-union k=2 …
2026-07-01 18:17:02.735 | INFO     | pycaalp.time_balancing.model:run_mip:430 - Running MIP solver ...
      obj=0.840 (vs_full=+0.00%)  alpha=1092.5s  build=0.034s solve=0.128s  vs_full=+0.00%
  [3f] Subgraph / diverse  k=2 …
2026-07-01 18:17:02.862 | INFO     | pycaalp.time_balancing.model:run_mip:430 - Running MIP solver ...
      obj=0.840 (vs_full=-0.00%)  alpha=1092.5s  build=0.005s solve=0.041s  vs_full=+0.00%

k = 5
  Subgraph edges — edge_w: 21 (1.9%)  bal_w: 29 (2.6%)  combined: 50 (4.5%)  blended: 19 (1.7%)  blended_union: 49 (4.4%)  diverse: 65 (5.9%)
  [3a] Subgraph / edge_w   k=5 …
2026-07-01 18:17:03.053 | INFO     | pycaalp.time_balancing.model:run_mip:430 - Running MIP solver ...
      obj=0.843 (vs_full=+0.31%)  alpha=1102.0s  build=0.020s solve=0.040s  vs_full=+0.87%
  [3b] Subgraph / bal_w    k=5 …
2026-07-01 18:17:03.094 | INFO     | pycaalp.time_balancing.model:run_mip:430 - Running MIP solver ...
      obj=0.992 (vs_full=+18.10%)  alpha=1122.3s  build=0.012s solve=0.118s  vs_full=+2.73%
  [3c] Subgraph / combined k=5 …
2026-07-01 18:17:03.212 | INFO     | pycaalp.time_balancing.model:run_mip:430 - Running MIP solver ...
      obj=0.843 (vs_full=+0.31%)  alpha=1102.0s  build=0.028s solve=0.103s  vs_full=+0.87%
  [3d] Subgraph / blended  k=5 …
2026-07-01 18:17:03.315 | INFO     | pycaalp.time_balancing.model:run_mip:430 - Running MIP solver ...
      obj=0.840 (vs_full=+0.00%)  alpha=1092.5s  build=0.009s solve=0.030s  vs_full=+0.00%
  [3e] Subgraph / bl-union k=5 …
2026-07-01 18:17:03.346 | INFO     | pycaalp.time_balancing.model:run_mip:430 - Running MIP solver ...
      obj=0.840 (vs_full=+0.00%)  alpha=1092.5s  build=0.073s solve=0.172s  vs_full=+0.00%
  [3f] Subgraph / diverse  k=5 …
2026-07-01 18:17:03.518 | INFO     | pycaalp.time_balancing.model:run_mip:430 - Running MIP solver ...
      obj=0.840 (vs_full=+0.00%)  alpha=1092.5s  build=0.009s solve=0.310s  vs_full=+0.00%

k = 10
  Subgraph edges — edge_w: 24 (2.2%)  bal_w: 39 (3.5%)  combined: 63 (5.7%)  blended: 27 (2.4%)  blended_union: 64 (5.8%)  diverse: 126 (11.4%)
  [3a] Subgraph / edge_w   k=10 …
2026-07-01 18:17:04.031 | INFO     | pycaalp.time_balancing.model:run_mip:430 - Running MIP solver ...
      obj=0.843 (vs_full=+0.31%)  alpha=1102.0s  build=0.037s solve=0.074s  vs_full=+0.87%
  [3b] Subgraph / bal_w    k=10 …
2026-07-01 18:17:04.106 | INFO     | pycaalp.time_balancing.model:run_mip:430 - Running MIP solver ...
      obj=0.992 (vs_full=+18.10%)  alpha=1122.3s  build=0.016s solve=0.165s  vs_full=+2.73%
  [3c] Subgraph / combined k=10 …
2026-07-01 18:17:04.271 | INFO     | pycaalp.time_balancing.model:run_mip:430 - Running MIP solver ...
      obj=0.843 (vs_full=+0.31%)  alpha=1102.0s  build=0.030s solve=0.090s  vs_full=+0.87%
  [3d] Subgraph / blended  k=10 …
2026-07-01 18:17:04.361 | INFO     | pycaalp.time_balancing.model:run_mip:430 - Running MIP solver ...
      obj=0.840 (vs_full=-0.00%)  alpha=1092.5s  build=0.019s solve=0.062s  vs_full=+0.00%
  [3e] Subgraph / bl-union k=10 …
2026-07-01 18:17:04.423 | INFO     | pycaalp.time_balancing.model:run_mip:430 - Running MIP solver ...
      obj=0.840 (vs_full=-0.00%)  alpha=1092.5s  build=0.095s solve=0.256s  vs_full=+0.00%
  [3f] Subgraph / diverse  k=10 …
2026-07-01 18:17:04.679 | INFO     | pycaalp.time_balancing.model:run_mip:430 - Running MIP solver ...
      obj=0.840 (vs_full=-0.00%)  alpha=1092.5s  build=0.007s solve=0.191s  vs_full=+0.00%

k = 20
  Subgraph edges — edge_w: 35 (3.2%)  bal_w: 49 (4.4%)  combined: 84 (7.6%)  blended: 35 (3.2%)  blended_union: 87 (7.9%)  diverse: 239 (21.6%)
  [3a] Subgraph / edge_w   k=20 …
2026-07-01 18:17:05.336 | INFO     | pycaalp.time_balancing.model:run_mip:430 - Running MIP solver ...
      obj=0.843 (vs_full=+0.30%)  alpha=1100.0s  build=0.068s solve=0.050s  vs_full=+0.69%
  [3b] Subgraph / bal_w    k=20 …
2026-07-01 18:17:05.386 | INFO     | pycaalp.time_balancing.model:run_mip:430 - Running MIP solver ...
      obj=0.992 (vs_full=+18.10%)  alpha=1122.3s  build=0.022s solve=0.267s  vs_full=+2.73%
  [3c] Subgraph / combined k=20 …
2026-07-01 18:17:05.653 | INFO     | pycaalp.time_balancing.model:run_mip:430 - Running MIP solver ...
      obj=0.843 (vs_full=+0.30%)  alpha=1100.0s  build=0.115s solve=0.215s  vs_full=+0.69%
  [3d] Subgraph / blended  k=20 …
2026-07-01 18:17:05.868 | INFO     | pycaalp.time_balancing.model:run_mip:430 - Running MIP solver ...
      obj=0.840 (vs_full=-0.00%)  alpha=1092.5s  build=0.061s solve=0.085s  vs_full=+0.00%
  [3e] Subgraph / bl-union k=20 …
2026-07-01 18:17:05.953 | INFO     | pycaalp.time_balancing.model:run_mip:430 - Running MIP solver ...
      obj=0.840 (vs_full=-0.00%)  alpha=1092.5s  build=0.179s solve=0.313s  vs_full=+0.00%
  [3f] Subgraph / diverse  k=20 …
2026-07-01 18:17:06.267 | INFO     | pycaalp.time_balancing.model:run_mip:430 - Running MIP solver ...
      obj=0.840 (vs_full=+0.00%)  alpha=1092.5s  build=0.021s solve=0.251s  vs_full=+0.00%

k = 50
  Subgraph edges — edge_w: 54 (4.9%)  bal_w: 74 (6.7%)  combined: 127 (11.5%)  blended: 42 (3.8%)  blended_union: 117 (10.6%)  diverse: 507 (45.9%)
  [3a] Subgraph / edge_w   k=50 …
2026-07-01 18:17:07.662 | INFO     | pycaalp.time_balancing.model:run_mip:430 - Running MIP solver ...
      obj=0.840 (vs_full=+0.00%)  alpha=1092.5s  build=0.187s solve=0.121s  vs_full=+0.00%
  [3b] Subgraph / bal_w    k=50 …
2026-07-01 18:17:07.784 | INFO     | pycaalp.time_balancing.model:run_mip:430 - Running MIP solver ...
      obj=0.990 (vs_full=+17.82%)  alpha=1122.3s  build=0.127s solve=0.909s  vs_full=+2.73%
  [3c] Subgraph / combined k=50 …
2026-07-01 18:17:08.693 | INFO     | pycaalp.time_balancing.model:run_mip:430 - Running MIP solver ...
      obj=0.840 (vs_full=+0.00%)  alpha=1092.5s  build=0.211s solve=0.353s  vs_full=+0.00%
  [3d] Subgraph / blended  k=50 …
2026-07-01 18:17:09.046 | INFO     | pycaalp.time_balancing.model:run_mip:430 - Running MIP solver ...
      obj=0.840 (vs_full=+0.00%)  alpha=1092.5s  build=0.147s solve=0.115s  vs_full=+0.00%
  [3e] Subgraph / bl-union k=50 …
2026-07-01 18:17:09.161 | INFO     | pycaalp.time_balancing.model:run_mip:430 - Running MIP solver ...
      obj=0.840 (vs_full=-0.00%)  alpha=1092.5s  build=0.443s solve=0.671s  vs_full=+0.00%
  [3f] Subgraph / diverse  k=50 …
2026-07-01 18:17:09.832 | INFO     | pycaalp.time_balancing.model:run_mip:430 - Running MIP solver ...
      obj=0.840 (vs_full=+0.00%)  alpha=1092.5s  build=0.029s solve=0.837s  vs_full=+0.00%

k = 100
  Subgraph edges — edge_w: 78 (7.1%)  bal_w: 85 (7.7%)  combined: 162 (14.7%)  blended: 46 (4.2%)  blended_union: 167 (15.1%)  diverse: 746 (67.5%)
  [3a] Subgraph / edge_w   k=100 …
2026-07-01 18:17:12.976 | INFO     | pycaalp.time_balancing.model:run_mip:430 - Running MIP solver ...
      obj=0.840 (vs_full=+0.00%)  alpha=1092.5s  build=0.392s solve=0.156s  vs_full=+0.00%
  [3b] Subgraph / bal_w    k=100 …
2026-07-01 18:17:13.132 | INFO     | pycaalp.time_balancing.model:run_mip:430 - Running MIP solver ...
      obj=0.990 (vs_full=+17.82%)  alpha=1122.3s  build=0.274s solve=1.234s  vs_full=+2.73%
  [3c] Subgraph / combined k=100 …
2026-07-01 18:17:14.366 | INFO     | pycaalp.time_balancing.model:run_mip:430 - Running MIP solver ...
      obj=0.840 (vs_full=-0.00%)  alpha=1092.5s  build=0.454s solve=0.384s  vs_full=+0.00%
  [3d] Subgraph / blended  k=100 …
2026-07-01 18:17:14.750 | INFO     | pycaalp.time_balancing.model:run_mip:430 - Running MIP solver ...
      obj=0.840 (vs_full=-0.00%)  alpha=1092.5s  build=0.309s solve=0.198s  vs_full=+0.00%
  [3e] Subgraph / bl-union k=100 …
2026-07-01 18:17:14.948 | INFO     | pycaalp.time_balancing.model:run_mip:430 - Running MIP solver ...
      obj=0.840 (vs_full=+0.00%)  alpha=1092.5s  build=0.810s solve=0.349s  vs_full=+0.00%
  [3f] Subgraph / diverse  k=100 …
2026-07-01 18:17:15.297 | INFO     | pycaalp.time_balancing.model:run_mip:430 - Running MIP solver ...
      obj=0.840 (vs_full=+0.00%)  alpha=1092.5s  build=0.067s solve=2.294s  vs_full=+0.00%

k = 200
  Subgraph edges — edge_w: 95 (8.6%)  bal_w: 118 (10.7%)  combined: 211 (19.1%)  blended: 65 (5.9%)  blended_union: 212 (19.2%)  diverse: 908 (82.2%)
  [3a] Subgraph / edge_w   k=200 …
2026-07-01 18:17:21.311 | INFO     | pycaalp.time_balancing.model:run_mip:430 - Running MIP solver ...
      obj=0.840 (vs_full=+0.00%)  alpha=1092.5s  build=0.521s solve=0.162s  vs_full=+0.00%
  [3b] Subgraph / bal_w    k=200 …
2026-07-01 18:17:21.473 | INFO     | pycaalp.time_balancing.model:run_mip:430 - Running MIP solver ...
      obj=0.990 (vs_full=+17.77%)  alpha=1122.3s  build=0.291s solve=0.278s  vs_full=+2.73%
  [3c] Subgraph / combined k=200 …
2026-07-01 18:17:21.751 | INFO     | pycaalp.time_balancing.model:run_mip:430 - Running MIP solver ...
      obj=0.840 (vs_full=-0.00%)  alpha=1092.5s  build=0.842s solve=0.372s  vs_full=+0.00%
  [3d] Subgraph / blended  k=200 …
2026-07-01 18:17:22.123 | INFO     | pycaalp.time_balancing.model:run_mip:430 - Running MIP solver ...
      obj=0.840 (vs_full=-0.00%)  alpha=1092.5s  build=0.481s solve=0.370s  vs_full=+0.00%
  [3e] Subgraph / bl-union k=200 …
2026-07-01 18:17:22.493 | INFO     | pycaalp.time_balancing.model:run_mip:430 - Running MIP solver ...
      obj=0.840 (vs_full=+0.00%)  alpha=1092.5s  build=1.461s solve=0.687s  vs_full=+0.00%
  [3f] Subgraph / diverse  k=200 …
2026-07-01 18:17:23.180 | INFO     | pycaalp.time_balancing.model:run_mip:430 - Running MIP solver ...
      obj=0.840 (vs_full=+0.00%)  alpha=1092.5s  build=0.122s solve=2.585s  vs_full=+0.00%

k = 500
  Subgraph edges — edge_w: 108 (9.8%)  bal_w: 170 (15.4%)  combined: 274 (24.8%)  blended: 86 (7.8%)  blended_union: 278 (25.2%)  diverse: 1049 (94.9%)
  [3a] Subgraph / edge_w   k=500 …
2026-07-01 18:17:39.811 | INFO     | pycaalp.time_balancing.model:run_mip:430 - Running MIP solver ...
      obj=0.840 (vs_full=+0.00%)  alpha=1092.5s  build=1.563s solve=0.236s  vs_full=+0.00%
  [3b] Subgraph / bal_w    k=500 …
2026-07-01 18:17:40.048 | INFO     | pycaalp.time_balancing.model:run_mip:430 - Running MIP solver ...
      obj=0.964 (vs_full=+14.73%)  alpha=1104.1s  build=1.080s solve=0.321s  vs_full=+1.06%
  [3c] Subgraph / combined k=500 …
2026-07-01 18:17:40.370 | INFO     | pycaalp.time_balancing.model:run_mip:430 - Running MIP solver ...
      obj=0.840 (vs_full=-0.00%)  alpha=1092.5s  build=3.870s solve=0.621s  vs_full=+0.00%
  [3d] Subgraph / blended  k=500 …
2026-07-01 18:17:40.991 | INFO     | pycaalp.time_balancing.model:run_mip:430 - Running MIP solver ...
      obj=0.840 (vs_full=+0.00%)  alpha=1092.5s  build=2.200s solve=0.508s  vs_full=+0.00%
  [3e] Subgraph / bl-union k=500 …
2026-07-01 18:17:41.499 | INFO     | pycaalp.time_balancing.model:run_mip:430 - Running MIP solver ...
      obj=0.840 (vs_full=+0.00%)  alpha=1092.5s  build=4.863s solve=1.016s  vs_full=+0.00%
  [3f] Subgraph / diverse  k=500 …
2026-07-01 18:17:42.515 | INFO     | pycaalp.time_balancing.model:run_mip:430 - Running MIP solver ...
      obj=0.840 (vs_full=-0.00%)  alpha=1092.5s  build=0.470s solve=3.948s  vs_full=+0.00%

k = 1000
  Subgraph edges — edge_w: 142 (12.9%)  bal_w: 223 (20.2%)  combined: 359 (32.5%)  blended: 89 (8.1%)  blended_union: 305 (27.6%)  diverse: 1101 (99.6%)
  [3a] Subgraph / edge_w   k=1000 …
2026-07-01 18:18:13.184 | INFO     | pycaalp.time_balancing.model:run_mip:430 - Running MIP solver ...
      obj=0.840 (vs_full=-0.00%)  alpha=1092.5s  build=3.475s solve=0.248s  vs_full=+0.00%
  [3b] Subgraph / bal_w    k=1000 …
2026-07-01 18:18:13.432 | INFO     | pycaalp.time_balancing.model:run_mip:430 - Running MIP solver ...
      obj=0.959 (vs_full=+14.12%)  alpha=1104.1s  build=2.456s solve=0.495s  vs_full=+1.06%
  [3c] Subgraph / combined k=1000 …
2026-07-01 18:18:13.927 | INFO     | pycaalp.time_balancing.model:run_mip:430 - Running MIP solver ...
      obj=0.840 (vs_full=-0.00%)  alpha=1092.5s  build=5.831s solve=1.145s  vs_full=+0.00%
  [3d] Subgraph / blended  k=1000 …
2026-07-01 18:18:15.072 | INFO     | pycaalp.time_balancing.model:run_mip:430 - Running MIP solver ...
      obj=0.840 (vs_full=+0.00%)  alpha=1092.5s  build=3.232s solve=0.500s  vs_full=+0.00%
  [3e] Subgraph / bl-union k=1000 …
2026-07-01 18:18:15.572 | INFO     | pycaalp.time_balancing.model:run_mip:430 - Running MIP solver ...
      obj=0.840 (vs_full=-0.00%)  alpha=1092.5s  build=10.710s solve=0.957s  vs_full=+0.00%
  [3f] Subgraph / diverse  k=1000 …
2026-07-01 18:18:16.530 | INFO     | pycaalp.time_balancing.model:run_mip:430 - Running MIP solver ...
      obj=0.840 (vs_full=+0.00%)  alpha=1092.5s  build=1.017s solve=2.323s  vs_full=+0.00%

k = 2000
  Subgraph edges — edge_w: 185 (16.7%)  bal_w: 291 (26.3%)  combined: 464 (42.0%)  blended: 151 (13.7%)  blended_union: 356 (32.2%)  diverse: 1105 (100.0%)
  [3a] Subgraph / edge_w   k=2000 …
2026-07-01 18:19:21.608 | INFO     | pycaalp.time_balancing.model:run_mip:430 - Running MIP solver ...
      obj=0.840 (vs_full=+0.00%)  alpha=1092.5s  build=7.510s solve=0.423s  vs_full=+0.00%
  [3b] Subgraph / bal_w    k=2000 …
2026-07-01 18:19:22.030 | INFO     | pycaalp.time_balancing.model:run_mip:430 - Running MIP solver ...
      obj=0.953 (vs_full=+13.37%)  alpha=1104.1s  build=5.638s solve=0.954s  vs_full=+1.06%
  [3c] Subgraph / combined k=2000 …
2026-07-01 18:19:22.984 | INFO     | pycaalp.time_balancing.model:run_mip:430 - Running MIP solver ...
      obj=0.840 (vs_full=-0.00%)  alpha=1092.5s  build=12.998s solve=1.297s  vs_full=+0.00%
  [3d] Subgraph / blended  k=2000 …
2026-07-01 18:19:24.282 | INFO     | pycaalp.time_balancing.model:run_mip:430 - Running MIP solver ...
      obj=0.840 (vs_full=-0.00%)  alpha=1092.5s  build=8.668s solve=0.804s  vs_full=+0.00%
  [3e] Subgraph / bl-union k=2000 …
2026-07-01 18:19:25.086 | INFO     | pycaalp.time_balancing.model:run_mip:430 - Running MIP solver ...
      obj=0.840 (vs_full=+0.00%)  alpha=1092.5s  build=25.853s solve=0.954s  vs_full=+0.00%
  [3f] Subgraph / diverse  k=2000 …
2026-07-01 18:19:26.040 | INFO     | pycaalp.time_balancing.model:run_mip:430 - Running MIP solver ...
      obj=0.840 (vs_full=+0.00%)  alpha=1092.5s  build=2.087s solve=2.582s  vs_full=+0.00%

k = 5000
  Subgraph edges — edge_w: 232 (21.0%)  bal_w: 382 (34.6%)  combined: 593 (53.7%)  blended: 307 (27.8%)  blended_union: 482 (43.6%)  diverse: 1105 (100.0%)
  [3a] Subgraph / edge_w   k=5000 …
2026-07-01 18:23:53.813 | INFO     | pycaalp.time_balancing.model:run_mip:430 - Running MIP solver ...
      obj=0.840 (vs_full=-0.00%)  alpha=1092.5s  build=31.501s solve=0.913s  vs_full=+0.00%
  [3b] Subgraph / bal_w    k=5000 …
2026-07-01 18:23:54.726 | INFO     | pycaalp.time_balancing.model:run_mip:430 - Running MIP solver ...
      obj=0.950 (vs_full=+13.00%)  alpha=1108.3s  build=23.085s solve=1.538s  vs_full=+1.45%
  [3c] Subgraph / combined k=5000 …
2026-07-01 18:23:56.264 | INFO     | pycaalp.time_balancing.model:run_mip:430 - Running MIP solver ...
      obj=0.840 (vs_full=-0.00%)  alpha=1092.5s  build=56.234s solve=1.472s  vs_full=+0.00%
  [3d] Subgraph / blended  k=5000 …
2026-07-01 18:23:57.736 | INFO     | pycaalp.time_balancing.model:run_mip:430 - Running MIP solver ...
      obj=0.840 (vs_full=-0.00%)  alpha=1092.5s  build=37.800s solve=0.974s  vs_full=+0.00%
  [3e] Subgraph / bl-union k=5000 …
2026-07-01 18:23:58.710 | INFO     | pycaalp.time_balancing.model:run_mip:430 - Running MIP solver ...
      obj=0.840 (vs_full=-0.00%)  alpha=1092.5s  build=111.007s solve=2.178s  vs_full=+0.00%
  [3f] Subgraph / diverse  k=5000 …
2026-07-01 18:24:00.889 | INFO     | pycaalp.time_balancing.model:run_mip:430 - Running MIP solver ...
      obj=0.840 (vs_full=+0.00%)  alpha=1092.5s  build=5.563s solve=2.209s  vs_full=+0.00%

Results saved to experiments/strategy_comparison/assembly_1_np_2/strategy_comparison_lambda_0.55.csv
Plot with:  python -m experiments.strategy_comparison.plot_k_sensitivity

============================================================================================================================
SUMMARY — assembly_1  P=2  λ=0.55
============================================================================================================================
Strategy       Weight                      k   Build    Solve    Total  Spdup       Obj   ObjvsF     Alpha    AlvsF   Edges  %Grph
----------------------------------------------------------------------------------------------------------------------------
full_mip       —                               0.000    2.225    2.225   1.0x     0.840    +0.00   1092.52    +0.00    1105  100.0
subgraph_mip   edge_weight                 1   0.002    0.011    0.013 169.7x     0.843    +0.31   1102.04    +0.87      13    1.2
subgraph_mip   time_balanced_weight        1   0.001    0.006    0.007 323.8x     1.020   +21.36   1160.13    +6.19      13    1.2
subgraph_mip   combined                    1   0.002    0.007    0.009 250.9x     0.843    +0.31   1102.04    +0.87      26    2.4
subgraph_mip   blended                     1   0.001    0.007    0.008 268.3x     0.840    -0.00   1092.52    +0.00      13    1.2
subgraph_mip   blended_union               1   0.017    0.039    0.056  40.0x     0.840    -0.00   1092.52    +0.00      31    2.8
subgraph_mip   diverse                     1   0.005    0.010    0.015 145.0x     0.840    -0.00   1092.52    +0.00      13    1.2
subgraph_mip   edge_weight                 2   0.006    0.016    0.022 102.3x     0.843    +0.31   1102.04    +0.87      15    1.4
subgraph_mip   time_balanced_weight        2   0.004    0.007    0.011 205.4x     1.020   +21.36   1160.13    +6.19      20    1.8
subgraph_mip   combined                    2   0.010    0.031    0.041  54.2x     0.843    +0.31   1102.04    +0.87      35    3.2
subgraph_mip   blended                     2   0.007    0.021    0.028  79.2x     0.840    -0.00   1092.52    +0.00      15    1.4
subgraph_mip   blended_union               2   0.034    0.128    0.162  13.8x     0.840    +0.00   1092.52    +0.00      36    3.3
subgraph_mip   diverse                     2   0.005    0.041    0.046  48.7x     0.840    -0.00   1092.52    +0.00      26    2.4
subgraph_mip   edge_weight                 5   0.020    0.040    0.060  37.2x     0.843    +0.31   1102.04    +0.87      21    1.9
subgraph_mip   time_balanced_weight        5   0.012    0.118    0.130  17.1x     0.992   +18.10   1122.33    +2.73      29    2.6
subgraph_mip   combined                    5   0.028    0.103    0.131  17.0x     0.843    +0.31   1102.04    +0.87      50    4.5
subgraph_mip   blended                     5   0.009    0.030    0.039  56.7x     0.840    +0.00   1092.52    +0.00      19    1.7
subgraph_mip   blended_union               5   0.073    0.172    0.244   9.1x     0.840    +0.00   1092.52    +0.00      49    4.4
subgraph_mip   diverse                     5   0.009    0.310    0.318   7.0x     0.840    +0.00   1092.52    +0.00      65    5.9
subgraph_mip   edge_weight                10   0.037    0.074    0.111  20.1x     0.843    +0.31   1102.04    +0.87      24    2.2
subgraph_mip   time_balanced_weight       10   0.016    0.165    0.181  12.3x     0.992   +18.10   1122.33    +2.73      39    3.5
subgraph_mip   combined                   10   0.030    0.090    0.120  18.5x     0.843    +0.31   1102.04    +0.87      63    5.7
subgraph_mip   blended                    10   0.019    0.062    0.081  27.4x     0.840    -0.00   1092.52    +0.00      27    2.4
subgraph_mip   blended_union              10   0.095    0.256    0.350   6.3x     0.840    -0.00   1092.52    +0.00      64    5.8
subgraph_mip   diverse                    10   0.007    0.191    0.198  11.2x     0.840    -0.00   1092.52    +0.00     126   11.4
subgraph_mip   edge_weight                20   0.068    0.050    0.118  18.8x     0.843    +0.30   1100.04    +0.69      35    3.2
subgraph_mip   time_balanced_weight       20   0.022    0.267    0.289   7.7x     0.992   +18.10   1122.33    +2.73      49    4.4
subgraph_mip   combined                   20   0.115    0.215    0.329   6.8x     0.843    +0.30   1100.04    +0.69      84    7.6
subgraph_mip   blended                    20   0.061    0.085    0.146  15.2x     0.840    -0.00   1092.52    +0.00      35    3.2
subgraph_mip   blended_union              20   0.179    0.313    0.492   4.5x     0.840    -0.00   1092.52    +0.00      87    7.9
subgraph_mip   diverse                    20   0.021    0.251    0.272   8.2x     0.840    +0.00   1092.52    +0.00     239   21.6
subgraph_mip   edge_weight                50   0.187    0.121    0.308   7.2x     0.840    +0.00   1092.52    +0.00      54    4.9
subgraph_mip   time_balanced_weight       50   0.127    0.909    1.036   2.1x     0.990   +17.82   1122.33    +2.73      74    6.7
subgraph_mip   combined                   50   0.211    0.353    0.565   3.9x     0.840    +0.00   1092.52    +0.00     127   11.5
subgraph_mip   blended                    50   0.147    0.115    0.261   8.5x     0.840    +0.00   1092.52    +0.00      42    3.8
subgraph_mip   blended_union              50   0.443    0.671    1.114   2.0x     0.840    -0.00   1092.52    +0.00     117   10.6
subgraph_mip   diverse                    50   0.029    0.837    0.866   2.6x     0.840    +0.00   1092.52    +0.00     507   45.9
subgraph_mip   edge_weight               100   0.392    0.156    0.548   4.1x     0.840    +0.00   1092.52    +0.00      78    7.1
subgraph_mip   time_balanced_weight      100   0.274    1.234    1.508   1.5x     0.990   +17.82   1122.33    +2.73      85    7.7
subgraph_mip   combined                  100   0.454    0.384    0.838   2.7x     0.840    -0.00   1092.52    +0.00     162   14.7
subgraph_mip   blended                   100   0.309    0.198    0.507   4.4x     0.840    -0.00   1092.52    +0.00      46    4.2
subgraph_mip   blended_union             100   0.810    0.349    1.159   1.9x     0.840    +0.00   1092.52    +0.00     167   15.1
subgraph_mip   diverse                   100   0.067    2.294    2.362   0.9x     0.840    +0.00   1092.52    +0.00     746   67.5
subgraph_mip   edge_weight               200   0.521    0.162    0.683   3.3x     0.840    +0.00   1092.52    +0.00      95    8.6
subgraph_mip   time_balanced_weight      200   0.291    0.278    0.570   3.9x     0.990   +17.77   1122.33    +2.73     118   10.7
subgraph_mip   combined                  200   0.842    0.372    1.214   1.8x     0.840    -0.00   1092.52    +0.00     211   19.1
subgraph_mip   blended                   200   0.481    0.370    0.851   2.6x     0.840    -0.00   1092.52    +0.00      65    5.9
subgraph_mip   blended_union             200   1.461    0.687    2.148   1.0x     0.840    +0.00   1092.52    +0.00     212   19.2
subgraph_mip   diverse                   200   0.122    2.585    2.707   0.8x     0.840    +0.00   1092.52    +0.00     908   82.2
subgraph_mip   edge_weight               500   1.563    0.236    1.800   1.2x     0.840    +0.00   1092.52    +0.00     108    9.8
subgraph_mip   time_balanced_weight      500   1.080    0.321    1.401   1.6x     0.964   +14.73   1104.13    +1.06     170   15.4
subgraph_mip   combined                  500   3.870    0.621    4.491   0.5x     0.840    -0.00   1092.52    +0.00     274   24.8
subgraph_mip   blended                   500   2.200    0.508    2.708   0.8x     0.840    +0.00   1092.52    +0.00      86    7.8
subgraph_mip   blended_union             500   4.863    1.016    5.879   0.4x     0.840    +0.00   1092.52    +0.00     278   25.2
subgraph_mip   diverse                   500   0.470    3.948    4.418   0.5x     0.840    -0.00   1092.52    +0.00    1049   94.9
subgraph_mip   edge_weight              1000   3.475    0.248    3.723   0.6x     0.840    -0.00   1092.52    +0.00     142   12.8
subgraph_mip   time_balanced_weight     1000   2.456    0.495    2.951   0.8x     0.959   +14.12   1104.13    +1.06     223   20.2
subgraph_mip   combined                 1000   5.831    1.145    6.975   0.3x     0.840    -0.00   1092.52    +0.00     359   32.5
subgraph_mip   blended                  1000   3.232    0.500    3.732   0.6x     0.840    +0.00   1092.52    +0.00      89    8.1
subgraph_mip   blended_union            1000  10.710    0.957   11.668   0.2x     0.840    -0.00   1092.52    +0.00     305   27.6
subgraph_mip   diverse                  1000   1.017    2.323    3.340   0.7x     0.840    +0.00   1092.52    +0.00    1101   99.6
subgraph_mip   edge_weight              2000   7.510    0.423    7.932   0.3x     0.840    +0.00   1092.52    +0.00     185   16.7
subgraph_mip   time_balanced_weight     2000   5.638    0.954    6.592   0.3x     0.953   +13.37   1104.13    +1.06     291   26.3
subgraph_mip   combined                 2000  12.998    1.297   14.295   0.2x     0.840    -0.00   1092.52    +0.00     464   42.0
subgraph_mip   blended                  2000   8.668    0.804    9.472   0.2x     0.840    -0.00   1092.52    +0.00     151   13.7
subgraph_mip   blended_union            2000  25.853    0.954   26.807   0.1x     0.840    +0.00   1092.52    +0.00     356   32.2
subgraph_mip   diverse                  2000   2.087    2.582    4.669   0.5x     0.840    +0.00   1092.52    +0.00    1105  100.0
subgraph_mip   edge_weight              5000  31.501    0.913   32.414   0.1x     0.840    -0.00   1092.52    +0.00     232   21.0
subgraph_mip   time_balanced_weight     5000  23.085    1.538   24.623   0.1x     0.950   +13.00   1108.32    +1.45     382   34.6
subgraph_mip   combined                 5000  56.234    1.472   57.706   0.0x     0.840    -0.00   1092.52    +0.00     593   53.7
subgraph_mip   blended                  5000  37.800    0.974   38.774   0.1x     0.840    -0.00   1092.52    +0.00     307   27.8
subgraph_mip   blended_union            5000 111.007    2.178  113.186   0.0x     0.840    -0.00   1092.52    +0.00     482   43.6
subgraph_mip   diverse                  5000   5.563    2.209    7.772   0.3x     0.840    +0.00   1092.52    +0.00    1105  100.0
============================================================================================================================

----------------- λ = 0.6 -----------------
========================================================================
Strategy Comparison Experiment — assembly_1  P=2  λ=0.6
========================================================================

Building assembly digraph …
2026-07-01 18:16:59.968 | INFO     | pycaalp.gapp.assembly_digraph:compute_assembly_digraph_complete:395 - Computing assembly digraph...
  343 nodes, 1105 edges  (0.3s)

[1] Full MIP  P=2  λ=0.6
2026-07-01 18:17:00.248 | INFO     | pycaalp.time_balancing.model:run_mip:430 - Running MIP solver ...
presolving:
(round 1, fast)       28 del vars, 40 del conss, 0 add conss, 0 chg bounds, 0 chg sides, 0 chg coeffs, 0 upgd conss, 0 impls, 43 clqs, 0 implints
(round 2, exhaustive) 28 del vars, 40 del conss, 0 add conss, 1 chg bounds, 0 chg sides, 0 chg coeffs, 2253 upgd conss, 0 impls, 43 clqs, 0 implints
   (0.2s) probing: 1000/1129 (88.6%) - 0 fixings, 0 aggregations, 119627 implications, 0 bound changes
   (0.2s) probing: 1001/1129 (88.7%) - 0 fixings, 0 aggregations, 119803 implications, 0 bound changes
   (0.2s) probing aborted: 1000/1000 successive useless probings
   (0.2s) symmetry computation started: requiring (bin +, int +, cont +), (fixed: bin -, int -, cont -)
   (0.2s) no symmetry present (symcode time: 0.00)
presolving (3 rounds: 3 fast, 2 medium, 2 exhaustive):
 28 deleted vars, 40 deleted constraints, 0 added constraints, 1 tightened bounds, 0 added holes, 0 changed sides, 0 changed coefficients
 0 implications, 8934 cliques, 0 implied integral variables (0 bin, 0 int, 0 cont)
presolved problem has 1130 variables (1129 bin, 0 int, 1 cont) and 2565 constraints
     43 constraints of type <setppc>
    312 constraints of type <linear>
   2210 constraints of type <logicor>
Presolving Time: 0.17

 time | node  | left  |LP iter|LP it/n|mem/heur|mdpt |vars |cons |rows |cuts |sepa|confs|strbr|  dualbound   | primalbound  |  gap   | compl. 
p 0.2s|     1 |     0 |     4 |     - | vbounds|   0 |1130 |2578 |2565 |   0 |  0 |  12 |   0 | 0.000000e+00 | 1.433380e+00 |    Inf | unknown
  0.2s|     1 |     0 |   355 |     - |    21M |   0 |1130 |2590 |2565 |   0 |  0 |  24 |   0 | 8.329273e-01 | 1.433380e+00 |  72.09%| unknown
  0.3s|     1 |     0 |   379 |     - |    23M |   0 |1130 |2591 |2567 |   2 |  1 |  25 |   0 | 8.329355e-01 | 1.433380e+00 |  72.09%| unknown
r 0.3s|     1 |     0 |   379 |     - |shifting|   0 |1130 |2591 |2567 |   2 |  1 |  25 |   0 | 8.329355e-01 | 8.439630e-01 |   1.32%| unknown
  0.4s|     1 |     0 |   399 |     - |    24M |   0 |1130 |2591 |2568 |   3 |  2 |  25 |   0 | 8.329761e-01 | 8.439630e-01 |   1.32%| unknown
  0.4s|     1 |     0 |   399 |     - |    24M |   0 |1130 |2591 |2568 |   3 |  2 |  25 |   0 | 8.329761e-01 | 8.439630e-01 |   1.32%| unknown
  0.4s|     1 |     0 |   399 |     - |    24M |   0 |1130 |2591 |1563 |   3 |  2 |  25 |   0 | 8.329761e-01 | 8.439630e-01 |   1.32%| unknown
  0.4s|     1 |     0 |   414 |     - |    25M |   0 |1130 |2159 |1553 |   4 |  3 |  25 |   0 | 8.329858e-01 | 8.439630e-01 |   1.32%| unknown
  0.6s|     1 |     0 |   432 |     - |    28M |   0 |1130 |2042 |1555 |   6 |  4 |  25 |   0 | 8.330019e-01 | 8.439630e-01 |   1.32%| unknown
  0.7s|     1 |     0 |   447 |     - |    31M |   0 |1130 |2043 |1557 |   8 |  5 |  27 |   0 | 8.330171e-01 | 8.439630e-01 |   1.31%| unknown
  0.8s|     1 |     0 |   457 |     - |    36M |   0 |1130 |1882 |1559 |  10 |  6 |  27 |   0 | 8.330381e-01 | 8.439630e-01 |   1.31%| unknown
  1.0s|     1 |     0 |   470 |     - |    44M |   0 |1130 |1885 |1560 |  11 |  7 |  30 |   0 | 8.330464e-01 | 8.439630e-01 |   1.31%| unknown
  1.1s|     1 |     0 |   492 |     - |    52M |   0 |1130 |1885 |1562 |  13 |  8 |  30 |   0 | 8.330564e-01 | 8.439630e-01 |   1.31%| unknown
  1.2s|     1 |     0 |   507 |     - |    60M |   0 |1130 |1877 |1564 |  15 |  9 |  30 |   0 | 8.330617e-01 | 8.439630e-01 |   1.31%| unknown
  1.4s|     1 |     0 |   526 |     - |    68M |   0 |1130 |1854 |1565 |  16 | 10 |  36 |   0 | 8.330656e-01 | 8.439630e-01 |   1.31%| unknown
 time | node  | left  |LP iter|LP it/n|mem/heur|mdpt |vars |cons |rows |cuts |sepa|confs|strbr|  dualbound   | primalbound  |  gap   | compl. 
  1.4s|     1 |     0 |   533 |     - |    68M |   0 |1130 |1835 |1567 |  18 | 11 |  36 |   0 | 8.330664e-01 | 8.439630e-01 |   1.31%| unknown
  1.4s|     1 |     0 |   533 |     - |    68M |   0 |1130 |1326 |1567 |  18 | 11 |  38 |   0 | 8.330664e-01 | 8.439630e-01 |   1.31%| unknown
  1.4s|     1 |     0 |   553 |     - |    68M |   0 |1130 |1326 |1568 |  19 | 12 |  38 |   0 | 8.330781e-01 | 8.439630e-01 |   1.31%| unknown
  1.4s|     1 |     0 |   568 |     - |    68M |   0 |1130 |1121 |1570 |  21 | 13 |  38 |   0 | 8.330799e-01 | 8.439630e-01 |   1.31%| unknown
  1.4s|     1 |     0 |   596 |     - |    68M |   0 |1130 |1095 |1571 |  22 | 14 |  40 |   0 | 8.331007e-01 | 8.439630e-01 |   1.30%| unknown
  1.4s|     1 |     0 |   598 |     - |    68M |   0 |1130 |1092 |1573 |  24 | 15 |  40 |   0 | 8.331011e-01 | 8.439630e-01 |   1.30%| unknown
  1.4s|     1 |     0 |   599 |     - |    69M |   0 |1130 |1060 |1574 |  25 | 16 |  46 |   0 | 8.331011e-01 | 8.439630e-01 |   1.30%| unknown
  1.5s|     1 |     0 |   602 |     - |    69M |   0 |1130 |1065 |1575 |  26 | 17 |  51 |   0 | 8.331016e-01 | 8.439630e-01 |   1.30%| unknown
  1.5s|     1 |     0 |   604 |     - |    69M |   0 |1130 |1006 |1576 |  27 | 18 |  51 |   0 | 8.331016e-01 | 8.439630e-01 |   1.30%| unknown
  1.5s|     1 |     0 |   606 |     - |    69M |   0 |1130 |1004 |1577 |  28 | 19 |  52 |   0 | 8.331017e-01 | 8.439630e-01 |   1.30%| unknown
o 1.5s|     1 |     0 |   898 |     - |feaspump|   0 |1130 |1012 |1577 |  28 | 20 |  60 |   0 | 8.331017e-01 | 8.438708e-01 |   1.29%| unknown
(run 1, node 1) restarting after 802 global fixings of integer variables

(restart) converted 28 cuts from the global cut pool into linear constraints

presolving:
(round 1, fast)       806 del vars, 240 del conss, 0 add conss, 2 chg bounds, 0 chg sides, 3 chg coeffs, 0 upgd conss, 0 impls, 1244 clqs, 0 implints
(round 2, medium)     807 del vars, 240 del conss, 0 add conss, 3 chg bounds, 0 chg sides, 3 chg coeffs, 0 upgd conss, 0 impls, 1242 clqs, 0 implints
(round 3, fast)       807 del vars, 242 del conss, 0 add conss, 3 chg bounds, 0 chg sides, 3 chg coeffs, 0 upgd conss, 0 impls, 1242 clqs, 0 implints
(round 4, exhaustive) 807 del vars, 242 del conss, 0 add conss, 3 chg bounds, 0 chg sides, 3 chg coeffs, 24 upgd conss, 0 impls, 1242 clqs, 0 implints
(round 5, exhaustive) 807 del vars, 243 del conss, 0 add conss, 3 chg bounds, 0 chg sides, 3 chg coeffs, 24 upgd conss, 0 impls, 1242 clqs, 0 implints
(round 6, exhaustive) 807 del vars, 243 del conss, 0 add conss, 3 chg bounds, 0 chg sides, 7 chg coeffs, 24 upgd conss, 0 impls, 1242 clqs, 0 implints
(round 7, exhaustive) 807 del vars, 243 del conss, 0 add conss, 3 chg bounds, 0 chg sides, 16 chg coeffs, 24 upgd conss, 0 impls, 1242 clqs, 0 implints
(round 8, exhaustive) 807 del vars, 244 del conss, 0 add conss, 3 chg bounds, 0 chg sides, 16 chg coeffs, 24 upgd conss, 0 impls, 1242 clqs, 0 implints
presolving (9 rounds: 9 fast, 7 medium, 6 exhaustive):
 807 deleted vars, 244 deleted constraints, 0 added constraints, 3 tightened bounds, 0 added holes, 0 changed sides, 16 changed coefficients
 0 implications, 1242 cliques, 0 implied integral variables (0 bin, 0 int, 0 cont)
presolved problem has 323 variables (322 bin, 0 int, 1 cont) and 799 constraints
      1 constraints of type <knapsack>
     50 constraints of type <setppc>
    110 constraints of type <linear>
    638 constraints of type <logicor>
Presolving Time: 0.18
transformed 3/5 original solutions to the transformed problem space

 time | node  | left  |LP iter|LP it/n|mem/heur|mdpt |vars |cons |rows |cuts |sepa|confs|strbr|  dualbound   | primalbound  |  gap   | compl. 
  1.6s|     1 |     0 |  1182 |     - |    65M |   0 | 323 | 799 | 759 |   0 |  0 |  63 |   0 | 8.331017e-01 | 8.438708e-01 |   1.29%| unknown
  1.6s|     1 |     0 |  1182 |     - |    65M |   0 | 323 | 802 | 732 |   0 |  0 |  66 |   0 | 8.331017e-01 | 8.438708e-01 |   1.29%| unknown
  1.6s|     1 |     0 |  1215 |     - |    66M |   0 | 323 | 789 | 702 |   1 |  1 |  66 |   0 | 8.331126e-01 | 8.438708e-01 |   1.29%| unknown
  1.7s|     1 |     0 |  1217 |     - |    67M |   0 | 323 | 781 | 703 |   2 |  2 |  71 |   0 | 8.331130e-01 | 8.438708e-01 |   1.29%| unknown
  1.7s|     1 |     0 |  1232 |     - |    67M |   0 | 323 | 778 | 705 |   4 |  3 |  71 |   0 | 8.331181e-01 | 8.438708e-01 |   1.29%| unknown
  1.7s|     1 |     0 |  1247 |     - |    69M |   0 | 323 | 777 | 706 |   5 |  4 |  71 |   0 | 8.331224e-01 | 8.438708e-01 |   1.29%| unknown
  1.8s|     1 |     0 |  1270 |     - |    69M |   0 | 323 | 768 | 707 |   6 |  5 |  72 |   0 | 8.331322e-01 | 8.438708e-01 |   1.29%| unknown
  1.9s|     1 |     0 |  1275 |     - |    69M |   0 | 323 | 768 | 709 |   8 |  6 |  72 |   0 | 8.331352e-01 | 8.438708e-01 |   1.29%| unknown
  1.9s|     1 |     0 |  1310 |     - |    70M |   0 | 323 | 760 | 710 |   9 |  7 |  72 |   0 | 8.331680e-01 | 8.438708e-01 |   1.28%| unknown
  1.9s|     1 |     0 |  1333 |     - |    71M |   0 | 323 | 759 | 712 |  11 |  8 |  72 |   0 | 8.331785e-01 | 8.438708e-01 |   1.28%| unknown
  1.9s|     1 |     0 |  1343 |     - |    71M |   0 | 323 | 759 | 713 |  12 |  9 |  72 |   0 | 8.331825e-01 | 8.438708e-01 |   1.28%| unknown
  2.0s|     1 |     0 |  1350 |     - |    77M |   0 | 323 | 753 | 715 |  14 | 10 |  72 |   0 | 8.331840e-01 | 8.438708e-01 |   1.28%| unknown
  2.0s|     1 |     0 |  1367 |     - |    77M |   0 | 323 | 753 | 717 |  16 | 11 |  72 |   0 | 8.331888e-01 | 8.438708e-01 |   1.28%| unknown
  2.0s|     1 |     0 |  1367 |     - |    77M |   0 | 323 | 724 | 717 |  16 | 11 |  73 |   0 | 8.331888e-01 | 8.438708e-01 |   1.28%| unknown
  2.0s|     1 |     0 |  1373 |     - |    77M |   0 | 323 | 724 | 719 |  18 | 12 |  73 |   0 | 8.331922e-01 | 8.438708e-01 |   1.28%| unknown
 time | node  | left  |LP iter|LP it/n|mem/heur|mdpt |vars |cons |rows |cuts |sepa|confs|strbr|  dualbound   | primalbound  |  gap   | compl. 
  2.0s|     1 |     0 |  1384 |     - |    77M |   0 | 323 | 719 | 705 |  20 | 13 |  73 |   0 | 8.331970e-01 | 8.438708e-01 |   1.28%| unknown
  2.0s|     1 |     0 |  1403 |     - |    78M |   0 | 323 | 727 | 707 |  22 | 14 |  83 |   0 | 8.332048e-01 | 8.438708e-01 |   1.28%| unknown
  2.0s|     1 |     0 |  1410 |     - |    78M |   0 | 323 | 729 | 710 |  25 | 15 |  85 |   0 | 8.332072e-01 | 8.438708e-01 |   1.28%| unknown
  2.0s|     1 |     0 |  1416 |     - |    78M |   0 | 323 | 730 | 712 |  27 | 16 |  86 |   0 | 8.332086e-01 | 8.438708e-01 |   1.28%| unknown
  2.0s|     1 |     0 |  1422 |     - |    78M |   0 | 323 | 730 | 713 |  28 | 17 |  86 |   0 | 8.332102e-01 | 8.438708e-01 |   1.28%| unknown
  2.1s|     1 |     0 |  1427 |     - |    78M |   0 | 323 | 735 | 715 |  30 | 18 |  91 |   0 | 8.332112e-01 | 8.438708e-01 |   1.28%| unknown
  2.1s|     1 |     0 |  1429 |     - |    78M |   0 | 323 | 736 | 704 |  31 | 19 |  92 |   0 | 8.332113e-01 | 8.438708e-01 |   1.28%| unknown
  2.1s|     1 |     0 |  1430 |     - |    78M |   0 | 323 | 745 | 705 |  32 | 20 | 102 |   0 | 8.332120e-01 | 8.438708e-01 |   1.28%| unknown
  2.1s|     1 |     0 |  1431 |     - |    78M |   0 | 323 | 746 | 706 |  33 | 21 | 103 |   0 | 8.332122e-01 | 8.438708e-01 |   1.28%| unknown
(run 2, node 1) restarting after 38 global fixings of integer variables

(restart) converted 28 cuts from the global cut pool into linear constraints

presolving:
(round 1, fast)       41 del vars, 5 del conss, 0 add conss, 3 chg bounds, 0 chg sides, 0 chg coeffs, 0 upgd conss, 0 impls, 851 clqs, 0 implints
(round 2, exhaustive) 41 del vars, 5 del conss, 0 add conss, 3 chg bounds, 0 chg sides, 0 chg coeffs, 9 upgd conss, 0 impls, 851 clqs, 0 implints
(round 3, exhaustive) 41 del vars, 7 del conss, 0 add conss, 3 chg bounds, 0 chg sides, 1 chg coeffs, 9 upgd conss, 0 impls, 851 clqs, 0 implints
presolving (4 rounds: 4 fast, 3 medium, 3 exhaustive):
 41 deleted vars, 7 deleted constraints, 0 added constraints, 3 tightened bounds, 0 added holes, 0 changed sides, 1 changed coefficients
 0 implications, 851 cliques, 0 implied integral variables (0 bin, 0 int, 0 cont)
presolved problem has 282 variables (281 bin, 0 int, 1 cont) and 770 constraints
      4 constraints of type <knapsack>
     46 constraints of type <setppc>
    124 constraints of type <linear>
    596 constraints of type <logicor>
Presolving Time: 0.19
transformed 3/6 original solutions to the transformed problem space

 time | node  | left  |LP iter|LP it/n|mem/heur|mdpt |vars |cons |rows |cuts |sepa|confs|strbr|  dualbound   | primalbound  |  gap   | compl. 
  2.1s|     1 |     0 |  1932 |     - |    74M |   0 | 282 | 770 | 692 |   0 |  0 | 107 |   0 | 8.332122e-01 | 8.438708e-01 |   1.28%| unknown
  2.1s|     1 |     0 |  1932 |     - |    74M |   0 | 282 | 771 | 688 |   0 |  0 | 108 |   0 | 8.332122e-01 | 8.438708e-01 |   1.28%| unknown
  2.2s|     1 |     0 |  1951 |     - |    74M |   0 | 282 | 770 | 690 |   2 |  1 | 108 |   0 | 8.332173e-01 | 8.438708e-01 |   1.28%| unknown
  2.2s|     1 |     0 |  1974 |     - |    74M |   0 | 282 | 769 | 692 |   4 |  2 | 108 |   0 | 8.332256e-01 | 8.438708e-01 |   1.28%| unknown
  2.3s|     1 |     0 |  1984 |     - |    75M |   0 | 282 | 772 | 693 |   5 |  3 | 111 |   0 | 8.332277e-01 | 8.438708e-01 |   1.28%| unknown
  2.3s|     1 |     0 |  1997 |     - |    75M |   0 | 282 | 772 | 695 |   7 |  4 | 111 |   0 | 8.332331e-01 | 8.438708e-01 |   1.28%| unknown
  2.3s|     1 |     0 |  2005 |     - |    77M |   0 | 282 | 773 | 696 |   8 |  5 | 112 |   0 | 8.332340e-01 | 8.438708e-01 |   1.28%| unknown
  2.4s|     1 |     0 |  2011 |     - |    77M |   0 | 282 | 773 | 697 |   9 |  6 | 113 |   0 | 8.332348e-01 | 8.438708e-01 |   1.28%| unknown
  2.4s|     1 |     0 |  2026 |     - |    77M |   0 | 282 | 773 | 698 |  10 |  7 | 113 |   0 | 8.332357e-01 | 8.438708e-01 |   1.28%| unknown
  2.5s|     1 |     0 |  2034 |     - |    78M |   0 | 282 | 775 | 699 |  11 |  8 | 115 |   0 | 8.332368e-01 | 8.438708e-01 |   1.28%| unknown
  2.6s|     1 |     0 |  2045 |     - |    78M |   0 | 282 | 774 | 700 |  12 |  9 | 115 |   0 | 8.332372e-01 | 8.438708e-01 |   1.28%| unknown
  2.6s|     1 |     0 |  2047 |     - |    80M |   0 | 282 | 776 | 701 |  13 | 10 | 117 |   0 | 8.332372e-01 | 8.438708e-01 |   1.28%| unknown
  2.7s|     1 |     0 |  2056 |     - |    81M |   0 | 282 | 776 | 702 |  14 | 11 | 117 |   0 | 8.332373e-01 | 8.438708e-01 |   1.28%| unknown
  2.7s|     1 |     2 |  2301 |     - |    81M |   0 | 282 | 779 | 702 |  14 | 11 | 120 |  19 | 8.333626e-01 | 8.438708e-01 |   1.26%| unknown
* 2.9s|    10 |     3 |  2501 | 107.3 |strongbr|   5 | 282 | 802 | 645 |  14 |  1 | 152 | 109 | 8.333626e-01 | 8.436049e-01 |   1.23%|  10.32%
 time | node  | left  |LP iter|LP it/n|mem/heur|mdpt |vars |cons |rows |cuts |sepa|confs|strbr|  dualbound   | primalbound  |  gap   | compl. 
* 3.0s|    16 |     1 |  2737 |  83.3 |strongbr|   5 | 282 | 817 | 645 |  14 |  4 | 182 | 176 | 8.338335e-01 | 8.407098e-01 |   0.82%|  44.30%

SCIP Status        : problem is solved [optimal solution found]
Solving Time (sec) : 2.98
Solving Nodes      : 19 (total of 21 nodes in 3 runs)
Primal Bound       : +8.40709761341610e-01 (10 solutions)
Dual Bound         : +8.40709761341610e-01
Gap                : 0.00 %
objective value:                     0.84070976134161
x_('12_5', '13_1')                                  1 	(obj:0.0132334714465862)
x_('11_17', '12_5')                                 1 	(obj:0.0104631147540984)
x_('10_31', '11_17')                                1 	(obj:0.0114954226101767)
x_('9_42', '10_31')                                 1 	(obj:0.0271428571428571)
x_('8_38', '9_42')                                  1 	(obj:0.0173606557377049)
x_('7_39', '8_38')                                  1 	(obj:0.01875)
x_('6_36', '7_39')                                  1 	(obj:0.0132094345935095)
x_('5_31', '6_36')                                  1 	(obj:0.0308871975019516)
x_('4_25', '5_31')                                  1 	(obj:0.032576112412178)
x_('3_20', '4_25')                                  1 	(obj:0.0371487119437939)
x_('2_14', '3_20')                                  1 	(obj:0.0374332552693208)
x_('1_10', '2_14')                                  1 	(obj:0.0704355971896956)
x_('0_1', '1_10')                                   1 	(obj:0.0142857142857143)
y_0_0                                               1 	(obj:0)
y_1_0                                               1 	(obj:0)
y_2_0                                               1 	(obj:0)
y_3_0                                               1 	(obj:0)
y_4_0                                               1 	(obj:0)
y_5_0                                               1 	(obj:0)
y_6_1                                               1 	(obj:0)
y_7_1                                               1 	(obj:0)
y_8_1                                               1 	(obj:0)
y_9_1                                               1 	(obj:0)
y_10_1                                              1 	(obj:0)
y_11_1                                              1 	(obj:0)
y_12_1                                              1 	(obj:0)
z_('3268741', '3425762')_1                          1 	(obj:0)
z_('3268741', '1966592X')_0                         1 	(obj:0)
z_('1966592X', '3452192')_0                         1 	(obj:0)
z_('3452192', '1353870')_0                          1 	(obj:0)
z_('3452192', '3520162')_0                          1 	(obj:0)
z_('3520162', '3307092')_0                          1 	(obj:0)
z_('3520162', '3524054')_0                          1 	(obj:0)
z_('3268740', '3524054')_1                          1 	(obj:0)
z_('3524054', '3179975')_1                          1 	(obj:0)
z_('3179975', '3422998')_1                          1 	(obj:0)
z_('3422998', '2495223X')_1                         1 	(obj:0)
z_('3422998', '1353870_01')_1                       1 	(obj:0)
z_('2495223X', '2245784X')_1                        1 	(obj:0)
alpha                                6.58144578313253 	(obj:0.0769265953313146)
  obj=0.841  alpha=1092.5s  time=3.03s

k = 1
  Subgraph edges — edge_w: 13 (1.2%)  bal_w: 13 (1.2%)  combined: 26 (2.4%)  blended: 13 (1.2%)  blended_union: 31 (2.8%)  diverse: 13 (1.2%)
  [3a] Subgraph / edge_w   k=1 …
2026-07-01 18:17:03.298 | INFO     | pycaalp.time_balancing.model:run_mip:430 - Running MIP solver ...
      obj=0.844 (vs_full=+0.38%)  alpha=1102.0s  build=0.001s solve=0.012s  vs_full=+0.87%
  [3b] Subgraph / bal_w    k=1 …
2026-07-01 18:17:03.310 | INFO     | pycaalp.time_balancing.model:run_mip:430 - Running MIP solver ...
      obj=1.006 (vs_full=+19.67%)  alpha=1160.1s  build=0.001s solve=0.015s  vs_full=+6.19%
  [3c] Subgraph / combined k=1 …
2026-07-01 18:17:03.325 | INFO     | pycaalp.time_balancing.model:run_mip:430 - Running MIP solver ...
      obj=0.844 (vs_full=+0.38%)  alpha=1102.0s  build=0.001s solve=0.014s  vs_full=+0.87%
  [3d] Subgraph / blended  k=1 …
2026-07-01 18:17:03.339 | INFO     | pycaalp.time_balancing.model:run_mip:430 - Running MIP solver ...
      obj=0.841 (vs_full=+0.00%)  alpha=1092.5s  build=0.001s solve=0.013s  vs_full=+0.00%
  [3e] Subgraph / bl-union k=1 …
2026-07-01 18:17:03.352 | INFO     | pycaalp.time_balancing.model:run_mip:430 - Running MIP solver ...
      obj=0.841 (vs_full=-0.00%)  alpha=1092.5s  build=0.008s solve=0.058s  vs_full=+0.00%
  [3f] Subgraph / diverse  k=1 …
2026-07-01 18:17:03.410 | INFO     | pycaalp.time_balancing.model:run_mip:430 - Running MIP solver ...
      obj=0.841 (vs_full=+0.00%)  alpha=1092.5s  build=0.006s solve=0.009s  vs_full=+0.00%

k = 2
  Subgraph edges — edge_w: 15 (1.4%)  bal_w: 20 (1.8%)  combined: 35 (3.2%)  blended: 15 (1.4%)  blended_union: 36 (3.3%)  diverse: 26 (2.4%)
  [3a] Subgraph / edge_w   k=2 …
2026-07-01 18:17:03.528 | INFO     | pycaalp.time_balancing.model:run_mip:430 - Running MIP solver ...
      obj=0.844 (vs_full=+0.38%)  alpha=1102.0s  build=0.012s solve=0.057s  vs_full=+0.87%
  [3b] Subgraph / bal_w    k=2 …
2026-07-01 18:17:03.585 | INFO     | pycaalp.time_balancing.model:run_mip:430 - Running MIP solver ...
      obj=1.006 (vs_full=+19.67%)  alpha=1160.1s  build=0.002s solve=0.011s  vs_full=+6.19%
  [3c] Subgraph / combined k=2 …
2026-07-01 18:17:03.596 | INFO     | pycaalp.time_balancing.model:run_mip:430 - Running MIP solver ...
      obj=0.844 (vs_full=+0.38%)  alpha=1102.0s  build=0.017s solve=0.023s  vs_full=+0.87%
  [3d] Subgraph / blended  k=2 …
2026-07-01 18:17:03.619 | INFO     | pycaalp.time_balancing.model:run_mip:430 - Running MIP solver ...
      obj=0.841 (vs_full=-0.00%)  alpha=1092.5s  build=0.012s solve=0.022s  vs_full=+0.00%
  [3e] Subgraph / bl-union k=2 …
2026-07-01 18:17:03.641 | INFO     | pycaalp.time_balancing.model:run_mip:430 - Running MIP solver ...
      obj=0.841 (vs_full=+0.00%)  alpha=1092.5s  build=0.050s solve=0.180s  vs_full=+0.00%
  [3f] Subgraph / diverse  k=2 …
2026-07-01 18:17:03.821 | INFO     | pycaalp.time_balancing.model:run_mip:430 - Running MIP solver ...
      obj=0.841 (vs_full=+0.00%)  alpha=1092.5s  build=0.016s solve=0.052s  vs_full=+0.00%

k = 5
  Subgraph edges — edge_w: 21 (1.9%)  bal_w: 29 (2.6%)  combined: 50 (4.5%)  blended: 19 (1.7%)  blended_union: 49 (4.4%)  diverse: 65 (5.9%)
  [3a] Subgraph / edge_w   k=5 …
2026-07-01 18:17:03.977 | INFO     | pycaalp.time_balancing.model:run_mip:430 - Running MIP solver ...
      obj=0.844 (vs_full=+0.38%)  alpha=1102.0s  build=0.010s solve=0.055s  vs_full=+0.87%
  [3b] Subgraph / bal_w    k=5 …
2026-07-01 18:17:04.032 | INFO     | pycaalp.time_balancing.model:run_mip:430 - Running MIP solver ...
      obj=0.979 (vs_full=+16.38%)  alpha=1122.3s  build=0.005s solve=0.052s  vs_full=+2.73%
  [3c] Subgraph / combined k=5 …
2026-07-01 18:17:04.085 | INFO     | pycaalp.time_balancing.model:run_mip:430 - Running MIP solver ...
      obj=0.844 (vs_full=+0.38%)  alpha=1102.0s  build=0.015s solve=0.049s  vs_full=+0.87%
  [3d] Subgraph / blended  k=5 …
2026-07-01 18:17:04.135 | INFO     | pycaalp.time_balancing.model:run_mip:430 - Running MIP solver ...
      obj=0.841 (vs_full=-0.00%)  alpha=1092.5s  build=0.009s solve=0.045s  vs_full=+0.00%
  [3e] Subgraph / bl-union k=5 …
2026-07-01 18:17:04.179 | INFO     | pycaalp.time_balancing.model:run_mip:430 - Running MIP solver ...
      obj=0.841 (vs_full=+0.00%)  alpha=1092.5s  build=0.060s solve=0.137s  vs_full=+0.00%
  [3f] Subgraph / diverse  k=5 …
2026-07-01 18:17:04.317 | INFO     | pycaalp.time_balancing.model:run_mip:430 - Running MIP solver ...
      obj=0.841 (vs_full=+0.00%)  alpha=1092.5s  build=0.005s solve=0.154s  vs_full=+0.00%

k = 10
  Subgraph edges — edge_w: 24 (2.2%)  bal_w: 39 (3.5%)  combined: 63 (5.7%)  blended: 27 (2.4%)  blended_union: 64 (5.8%)  diverse: 126 (11.4%)
  [3a] Subgraph / edge_w   k=10 …
2026-07-01 18:17:04.655 | INFO     | pycaalp.time_balancing.model:run_mip:430 - Running MIP solver ...
      obj=0.844 (vs_full=+0.38%)  alpha=1102.0s  build=0.033s solve=0.130s  vs_full=+0.87%
  [3b] Subgraph / bal_w    k=10 …
2026-07-01 18:17:04.785 | INFO     | pycaalp.time_balancing.model:run_mip:430 - Running MIP solver ...
      obj=0.979 (vs_full=+16.38%)  alpha=1122.3s  build=0.022s solve=0.125s  vs_full=+2.73%
  [3c] Subgraph / combined k=10 …
2026-07-01 18:17:04.910 | INFO     | pycaalp.time_balancing.model:run_mip:430 - Running MIP solver ...
      obj=0.844 (vs_full=+0.38%)  alpha=1102.0s  build=0.037s solve=0.061s  vs_full=+0.87%
  [3d] Subgraph / blended  k=10 …
2026-07-01 18:17:04.972 | INFO     | pycaalp.time_balancing.model:run_mip:430 - Running MIP solver ...
      obj=0.841 (vs_full=+0.00%)  alpha=1092.5s  build=0.019s solve=0.080s  vs_full=+0.00%
  [3e] Subgraph / bl-union k=10 …
2026-07-01 18:17:05.052 | INFO     | pycaalp.time_balancing.model:run_mip:430 - Running MIP solver ...
      obj=0.841 (vs_full=-0.00%)  alpha=1092.5s  build=0.064s solve=0.110s  vs_full=+0.00%
  [3f] Subgraph / diverse  k=10 …
2026-07-01 18:17:05.162 | INFO     | pycaalp.time_balancing.model:run_mip:430 - Running MIP solver ...
      obj=0.841 (vs_full=+0.00%)  alpha=1092.5s  build=0.009s solve=0.137s  vs_full=+0.00%

k = 20
  Subgraph edges — edge_w: 35 (3.2%)  bal_w: 49 (4.4%)  combined: 84 (7.6%)  blended: 35 (3.2%)  blended_union: 87 (7.9%)  diverse: 239 (21.6%)
  [3a] Subgraph / edge_w   k=20 …
2026-07-01 18:17:05.766 | INFO     | pycaalp.time_balancing.model:run_mip:430 - Running MIP solver ...
      obj=0.844 (vs_full=+0.34%)  alpha=1100.0s  build=0.067s solve=0.045s  vs_full=+0.69%
  [3b] Subgraph / bal_w    k=20 …
2026-07-01 18:17:05.812 | INFO     | pycaalp.time_balancing.model:run_mip:430 - Running MIP solver ...
      obj=0.979 (vs_full=+16.38%)  alpha=1122.3s  build=0.046s solve=0.139s  vs_full=+2.73%
  [3c] Subgraph / combined k=20 …
2026-07-01 18:17:05.951 | INFO     | pycaalp.time_balancing.model:run_mip:430 - Running MIP solver ...
      obj=0.844 (vs_full=+0.34%)  alpha=1100.0s  build=0.089s solve=0.118s  vs_full=+0.69%
  [3d] Subgraph / blended  k=20 …
2026-07-01 18:17:06.069 | INFO     | pycaalp.time_balancing.model:run_mip:430 - Running MIP solver ...
      obj=0.841 (vs_full=+0.00%)  alpha=1092.5s  build=0.073s solve=0.081s  vs_full=+0.00%
  [3e] Subgraph / bl-union k=20 …
2026-07-01 18:17:06.149 | INFO     | pycaalp.time_balancing.model:run_mip:430 - Running MIP solver ...
      obj=0.841 (vs_full=-0.00%)  alpha=1092.5s  build=0.171s solve=0.426s  vs_full=+0.00%
  [3f] Subgraph / diverse  k=20 …
2026-07-01 18:17:06.575 | INFO     | pycaalp.time_balancing.model:run_mip:430 - Running MIP solver ...
      obj=0.841 (vs_full=+0.00%)  alpha=1092.5s  build=0.021s solve=0.430s  vs_full=+0.00%

k = 50
  Subgraph edges — edge_w: 54 (4.9%)  bal_w: 74 (6.7%)  combined: 127 (11.5%)  blended: 42 (3.8%)  blended_union: 117 (10.6%)  diverse: 510 (46.2%)
  [3a] Subgraph / edge_w   k=50 …
2026-07-01 18:17:08.069 | INFO     | pycaalp.time_balancing.model:run_mip:430 - Running MIP solver ...
      obj=0.841 (vs_full=+0.00%)  alpha=1092.5s  build=0.149s solve=0.243s  vs_full=+0.00%
  [3b] Subgraph / bal_w    k=50 …
2026-07-01 18:17:08.312 | INFO     | pycaalp.time_balancing.model:run_mip:430 - Running MIP solver ...
      obj=0.976 (vs_full=+16.14%)  alpha=1122.3s  build=0.075s solve=0.594s  vs_full=+2.73%
  [3c] Subgraph / combined k=50 …
2026-07-01 18:17:08.906 | INFO     | pycaalp.time_balancing.model:run_mip:430 - Running MIP solver ...
      obj=0.841 (vs_full=+0.00%)  alpha=1092.5s  build=0.246s solve=0.400s  vs_full=+0.00%
  [3d] Subgraph / blended  k=50 …
2026-07-01 18:17:09.307 | INFO     | pycaalp.time_balancing.model:run_mip:430 - Running MIP solver ...
      obj=0.841 (vs_full=+0.00%)  alpha=1092.5s  build=0.148s solve=0.210s  vs_full=+0.00%
  [3e] Subgraph / bl-union k=50 …
2026-07-01 18:17:09.516 | INFO     | pycaalp.time_balancing.model:run_mip:430 - Running MIP solver ...
      obj=0.841 (vs_full=+0.00%)  alpha=1092.5s  build=0.425s solve=0.463s  vs_full=+0.00%
  [3f] Subgraph / diverse  k=50 …
2026-07-01 18:17:09.979 | INFO     | pycaalp.time_balancing.model:run_mip:430 - Running MIP solver ...
      obj=0.841 (vs_full=+0.00%)  alpha=1092.5s  build=0.021s solve=1.483s  vs_full=+0.00%

k = 100
  Subgraph edges — edge_w: 78 (7.1%)  bal_w: 85 (7.7%)  combined: 162 (14.7%)  blended: 46 (4.2%)  blended_union: 167 (15.1%)  diverse: 745 (67.4%)
  [3a] Subgraph / edge_w   k=100 …
2026-07-01 18:17:13.561 | INFO     | pycaalp.time_balancing.model:run_mip:430 - Running MIP solver ...
      obj=0.841 (vs_full=+0.00%)  alpha=1092.5s  build=0.293s solve=0.155s  vs_full=+0.00%
  [3b] Subgraph / bal_w    k=100 …
2026-07-01 18:17:13.716 | INFO     | pycaalp.time_balancing.model:run_mip:430 - Running MIP solver ...
      obj=0.976 (vs_full=+16.14%)  alpha=1122.3s  build=0.172s solve=0.326s  vs_full=+2.73%
  [3c] Subgraph / combined k=100 …
2026-07-01 18:17:14.042 | INFO     | pycaalp.time_balancing.model:run_mip:430 - Running MIP solver ...
      obj=0.841 (vs_full=+0.00%)  alpha=1092.5s  build=0.432s solve=0.642s  vs_full=+0.00%
  [3d] Subgraph / blended  k=100 …
2026-07-01 18:17:14.684 | INFO     | pycaalp.time_balancing.model:run_mip:430 - Running MIP solver ...
      obj=0.841 (vs_full=-0.00%)  alpha=1092.5s  build=0.284s solve=0.151s  vs_full=+0.00%
  [3e] Subgraph / bl-union k=100 …
2026-07-01 18:17:14.834 | INFO     | pycaalp.time_balancing.model:run_mip:430 - Running MIP solver ...
      obj=0.841 (vs_full=+0.00%)  alpha=1092.5s  build=0.849s solve=0.595s  vs_full=+0.00%
  [3f] Subgraph / diverse  k=100 …
2026-07-01 18:17:15.430 | INFO     | pycaalp.time_balancing.model:run_mip:430 - Running MIP solver ...
      obj=0.841 (vs_full=+0.00%)  alpha=1092.5s  build=0.069s solve=1.809s  vs_full=+0.00%

k = 200
  Subgraph edges — edge_w: 95 (8.6%)  bal_w: 118 (10.7%)  combined: 211 (19.1%)  blended: 65 (5.9%)  blended_union: 212 (19.2%)  diverse: 911 (82.4%)
  [3a] Subgraph / edge_w   k=200 …
2026-07-01 18:17:21.105 | INFO     | pycaalp.time_balancing.model:run_mip:430 - Running MIP solver ...
      obj=0.841 (vs_full=+0.00%)  alpha=1092.5s  build=0.498s solve=0.218s  vs_full=+0.00%
  [3b] Subgraph / bal_w    k=200 …
2026-07-01 18:17:21.323 | INFO     | pycaalp.time_balancing.model:run_mip:430 - Running MIP solver ...
      obj=0.976 (vs_full=+16.10%)  alpha=1122.3s  build=0.297s solve=0.316s  vs_full=+2.73%
  [3c] Subgraph / combined k=200 …
2026-07-01 18:17:21.639 | INFO     | pycaalp.time_balancing.model:run_mip:430 - Running MIP solver ...
      obj=0.841 (vs_full=-0.00%)  alpha=1092.5s  build=0.860s solve=0.504s  vs_full=+0.00%
  [3d] Subgraph / blended  k=200 …
2026-07-01 18:17:22.143 | INFO     | pycaalp.time_balancing.model:run_mip:430 - Running MIP solver ...
      obj=0.841 (vs_full=-0.00%)  alpha=1092.5s  build=0.561s solve=0.214s  vs_full=+0.00%
  [3e] Subgraph / bl-union k=200 …
2026-07-01 18:17:22.357 | INFO     | pycaalp.time_balancing.model:run_mip:430 - Running MIP solver ...
      obj=0.841 (vs_full=+0.00%)  alpha=1092.5s  build=1.529s solve=0.785s  vs_full=+0.00%
  [3f] Subgraph / diverse  k=200 …
2026-07-01 18:17:23.142 | INFO     | pycaalp.time_balancing.model:run_mip:430 - Running MIP solver ...
      obj=0.841 (vs_full=+0.00%)  alpha=1092.5s  build=0.120s solve=3.325s  vs_full=+0.00%

k = 500
  Subgraph edges — edge_w: 108 (9.8%)  bal_w: 170 (15.4%)  combined: 274 (24.8%)  blended: 86 (7.8%)  blended_union: 278 (25.2%)  diverse: 1046 (94.7%)
  [3a] Subgraph / edge_w   k=500 …
2026-07-01 18:17:40.497 | INFO     | pycaalp.time_balancing.model:run_mip:430 - Running MIP solver ...
      obj=0.841 (vs_full=+0.00%)  alpha=1092.5s  build=1.551s solve=0.213s  vs_full=+0.00%
  [3b] Subgraph / bal_w    k=500 …
2026-07-01 18:17:40.710 | INFO     | pycaalp.time_balancing.model:run_mip:430 - Running MIP solver ...
      obj=0.952 (vs_full=+13.21%)  alpha=1104.1s  build=1.355s solve=0.493s  vs_full=+1.06%
  [3c] Subgraph / combined k=500 …
2026-07-01 18:17:41.204 | INFO     | pycaalp.time_balancing.model:run_mip:430 - Running MIP solver ...
      obj=0.841 (vs_full=-0.00%)  alpha=1092.5s  build=3.948s solve=0.766s  vs_full=+0.00%
  [3d] Subgraph / blended  k=500 …
2026-07-01 18:17:41.970 | INFO     | pycaalp.time_balancing.model:run_mip:430 - Running MIP solver ...
      obj=0.841 (vs_full=+0.00%)  alpha=1092.5s  build=2.001s solve=0.349s  vs_full=+0.00%
  [3e] Subgraph / bl-union k=500 …
2026-07-01 18:17:42.319 | INFO     | pycaalp.time_balancing.model:run_mip:430 - Running MIP solver ...
      obj=0.841 (vs_full=-0.00%)  alpha=1092.5s  build=4.706s solve=0.937s  vs_full=+0.00%
  [3f] Subgraph / diverse  k=500 …
2026-07-01 18:17:43.256 | INFO     | pycaalp.time_balancing.model:run_mip:430 - Running MIP solver ...
      obj=0.841 (vs_full=+0.00%)  alpha=1092.5s  build=0.467s solve=3.888s  vs_full=+0.00%

k = 1000
  Subgraph edges — edge_w: 142 (12.9%)  bal_w: 223 (20.2%)  combined: 359 (32.5%)  blended: 89 (8.1%)  blended_union: 305 (27.6%)  diverse: 1101 (99.6%)
  [3a] Subgraph / edge_w   k=1000 …
2026-07-01 18:18:13.729 | INFO     | pycaalp.time_balancing.model:run_mip:430 - Running MIP solver ...
      obj=0.841 (vs_full=+0.00%)  alpha=1092.5s  build=3.647s solve=0.253s  vs_full=+0.00%
  [3b] Subgraph / bal_w    k=1000 …
2026-07-01 18:18:13.982 | INFO     | pycaalp.time_balancing.model:run_mip:430 - Running MIP solver ...
      obj=0.947 (vs_full=+12.66%)  alpha=1104.1s  build=2.292s solve=0.630s  vs_full=+1.06%
  [3c] Subgraph / combined k=1000 …
2026-07-01 18:18:14.613 | INFO     | pycaalp.time_balancing.model:run_mip:430 - Running MIP solver ...
      obj=0.841 (vs_full=-0.00%)  alpha=1092.5s  build=5.645s solve=0.864s  vs_full=+0.00%
  [3d] Subgraph / blended  k=1000 …
2026-07-01 18:18:15.477 | INFO     | pycaalp.time_balancing.model:run_mip:430 - Running MIP solver ...
      obj=0.841 (vs_full=+0.00%)  alpha=1092.5s  build=3.286s solve=0.346s  vs_full=+0.00%
  [3e] Subgraph / bl-union k=1000 …
2026-07-01 18:18:15.823 | INFO     | pycaalp.time_balancing.model:run_mip:430 - Running MIP solver ...
      obj=0.841 (vs_full=+0.00%)  alpha=1092.5s  build=10.829s solve=1.098s  vs_full=+0.00%
  [3f] Subgraph / diverse  k=1000 …
2026-07-01 18:18:16.920 | INFO     | pycaalp.time_balancing.model:run_mip:430 - Running MIP solver ...
      obj=0.841 (vs_full=+0.00%)  alpha=1092.5s  build=0.885s solve=3.324s  vs_full=+0.00%

k = 2000
  Subgraph edges — edge_w: 185 (16.7%)  bal_w: 291 (26.3%)  combined: 464 (42.0%)  blended: 198 (17.9%)  blended_union: 356 (32.2%)  diverse: 1105 (100.0%)
  [3a] Subgraph / edge_w   k=2000 …
2026-07-01 18:19:25.025 | INFO     | pycaalp.time_balancing.model:run_mip:430 - Running MIP solver ...
      obj=0.841 (vs_full=+0.00%)  alpha=1092.5s  build=7.956s solve=0.381s  vs_full=+0.00%
  [3b] Subgraph / bal_w    k=2000 …
2026-07-01 18:19:25.407 | INFO     | pycaalp.time_balancing.model:run_mip:430 - Running MIP solver ...
      obj=0.942 (vs_full=+11.99%)  alpha=1104.1s  build=5.669s solve=1.031s  vs_full=+1.06%
  [3c] Subgraph / combined k=2000 …
2026-07-01 18:19:26.437 | INFO     | pycaalp.time_balancing.model:run_mip:430 - Running MIP solver ...
      obj=0.841 (vs_full=+0.00%)  alpha=1092.5s  build=13.501s solve=1.218s  vs_full=+0.00%
  [3d] Subgraph / blended  k=2000 …
2026-07-01 18:19:27.655 | INFO     | pycaalp.time_balancing.model:run_mip:430 - Running MIP solver ...
      obj=0.841 (vs_full=+0.00%)  alpha=1092.5s  build=8.791s solve=0.997s  vs_full=+0.00%
  [3e] Subgraph / bl-union k=2000 …
2026-07-01 18:19:28.653 | INFO     | pycaalp.time_balancing.model:run_mip:430 - Running MIP solver ...
      obj=0.841 (vs_full=+0.00%)  alpha=1092.5s  build=26.783s solve=1.161s  vs_full=+0.00%
  [3f] Subgraph / diverse  k=2000 …
2026-07-01 18:19:29.814 | INFO     | pycaalp.time_balancing.model:run_mip:430 - Running MIP solver ...
      obj=0.841 (vs_full=+0.00%)  alpha=1092.5s  build=2.080s solve=3.840s  vs_full=+0.00%

k = 5000
  Subgraph edges — edge_w: 232 (21.0%)  bal_w: 382 (34.6%)  combined: 593 (53.7%)  blended: 307 (27.8%)  blended_union: 482 (43.6%)  diverse: 1105 (100.0%)
  [3a] Subgraph / edge_w   k=5000 …
2026-07-01 18:23:59.965 | INFO     | pycaalp.time_balancing.model:run_mip:430 - Running MIP solver ...
      obj=0.841 (vs_full=+0.00%)  alpha=1092.5s  build=32.780s solve=0.549s  vs_full=+0.00%
  [3b] Subgraph / bal_w    k=5000 …
2026-07-01 18:24:00.513 | INFO     | pycaalp.time_balancing.model:run_mip:430 - Running MIP solver ...
      obj=0.939 (vs_full=+11.72%)  alpha=1108.3s  build=23.177s solve=1.133s  vs_full=+1.45%
  [3c] Subgraph / combined k=5000 …
2026-07-01 18:24:01.647 | INFO     | pycaalp.time_balancing.model:run_mip:430 - Running MIP solver ...
      obj=0.841 (vs_full=+0.00%)  alpha=1092.5s  build=56.071s solve=1.142s  vs_full=+0.00%
  [3d] Subgraph / blended  k=5000 …
2026-07-01 18:24:02.789 | INFO     | pycaalp.time_balancing.model:run_mip:430 - Running MIP solver ...
      obj=0.841 (vs_full=+0.00%)  alpha=1092.5s  build=39.619s solve=0.707s  vs_full=+0.00%
  [3e] Subgraph / bl-union k=5000 …
2026-07-01 18:24:03.496 | INFO     | pycaalp.time_balancing.model:run_mip:430 - Running MIP solver ...
      obj=0.841 (vs_full=-0.00%)  alpha=1092.5s  build=109.421s solve=1.967s  vs_full=+0.00%
  [3f] Subgraph / diverse  k=5000 …
2026-07-01 18:24:05.463 | INFO     | pycaalp.time_balancing.model:run_mip:430 - Running MIP solver ...
      obj=0.841 (vs_full=+0.00%)  alpha=1092.5s  build=5.242s solve=2.464s  vs_full=+0.00%

Results saved to experiments/strategy_comparison/assembly_1_np_2/strategy_comparison_lambda_0.6.csv
Plot with:  python -m experiments.strategy_comparison.plot_k_sensitivity

============================================================================================================================
SUMMARY — assembly_1  P=2  λ=0.6
============================================================================================================================
Strategy       Weight                      k   Build    Solve    Total  Spdup       Obj   ObjvsF     Alpha    AlvsF   Edges  %Grph
----------------------------------------------------------------------------------------------------------------------------
full_mip       —                               0.000    3.032    3.032   1.0x     0.841    +0.00   1092.52    +0.00    1105  100.0
subgraph_mip   edge_weight                 1   0.001    0.012    0.013 237.8x     0.844    +0.38   1102.04    +0.87      13    1.2
subgraph_mip   time_balanced_weight        1   0.001    0.015    0.015 198.9x     1.006   +19.67   1160.13    +6.19      13    1.2
subgraph_mip   combined                    1   0.001    0.014    0.015 201.7x     0.844    +0.38   1102.04    +0.87      26    2.4
subgraph_mip   blended                     1   0.001    0.013    0.014 222.2x     0.841    +0.00   1092.52    +0.00      13    1.2
subgraph_mip   blended_union               1   0.008    0.058    0.066  45.9x     0.841    -0.00   1092.52    +0.00      31    2.8
subgraph_mip   diverse                     1   0.006    0.009    0.015 202.7x     0.841    +0.00   1092.52    +0.00      13    1.2
subgraph_mip   edge_weight                 2   0.012    0.057    0.068  44.5x     0.844    +0.38   1102.04    +0.87      15    1.4
subgraph_mip   time_balanced_weight        2   0.002    0.011    0.013 234.3x     1.006   +19.67   1160.13    +6.19      20    1.8
subgraph_mip   combined                    2   0.017    0.023    0.040  76.7x     0.844    +0.38   1102.04    +0.87      35    3.2
subgraph_mip   blended                     2   0.012    0.022    0.034  88.0x     0.841    -0.00   1092.52    +0.00      15    1.4
subgraph_mip   blended_union               2   0.050    0.180    0.230  13.2x     0.841    +0.00   1092.52    +0.00      36    3.3
subgraph_mip   diverse                     2   0.016    0.052    0.067  45.0x     0.841    +0.00   1092.52    +0.00      26    2.4
subgraph_mip   edge_weight                 5   0.010    0.055    0.065  46.6x     0.844    +0.38   1102.04    +0.87      21    1.9
subgraph_mip   time_balanced_weight        5   0.005    0.052    0.058  52.4x     0.979   +16.38   1122.33    +2.73      29    2.6
subgraph_mip   combined                    5   0.015    0.049    0.064  47.2x     0.844    +0.38   1102.04    +0.87      50    4.5
subgraph_mip   blended                     5   0.009    0.045    0.053  56.9x     0.841    -0.00   1092.52    +0.00      19    1.7
subgraph_mip   blended_union               5   0.060    0.137    0.198  15.3x     0.841    +0.00   1092.52    +0.00      49    4.4
subgraph_mip   diverse                     5   0.005    0.154    0.159  19.1x     0.841    +0.00   1092.52    +0.00      65    5.9
subgraph_mip   edge_weight                10   0.033    0.130    0.163  18.6x     0.844    +0.38   1102.04    +0.87      24    2.2
subgraph_mip   time_balanced_weight       10   0.022    0.125    0.147  20.6x     0.979   +16.38   1122.33    +2.73      39    3.5
subgraph_mip   combined                   10   0.037    0.061    0.099  30.8x     0.844    +0.38   1102.04    +0.87      63    5.7
subgraph_mip   blended                    10   0.019    0.080    0.099  30.7x     0.841    +0.00   1092.52    +0.00      27    2.4
subgraph_mip   blended_union              10   0.064    0.110    0.174  17.4x     0.841    -0.00   1092.52    +0.00      64    5.8
subgraph_mip   diverse                    10   0.009    0.137    0.146  20.8x     0.841    +0.00   1092.52    +0.00     126   11.4
subgraph_mip   edge_weight                20   0.067    0.045    0.112  27.1x     0.844    +0.34   1100.04    +0.69      35    3.2
subgraph_mip   time_balanced_weight       20   0.046    0.139    0.185  16.4x     0.979   +16.38   1122.33    +2.73      49    4.4
subgraph_mip   combined                   20   0.089    0.118    0.207  14.7x     0.844    +0.34   1100.04    +0.69      84    7.6
subgraph_mip   blended                    20   0.073    0.081    0.154  19.7x     0.841    +0.00   1092.52    +0.00      35    3.2
subgraph_mip   blended_union              20   0.171    0.426    0.596   5.1x     0.841    -0.00   1092.52    +0.00      87    7.9
subgraph_mip   diverse                    20   0.021    0.430    0.451   6.7x     0.841    +0.00   1092.52    +0.00     239   21.6
subgraph_mip   edge_weight                50   0.149    0.243    0.392   7.7x     0.841    +0.00   1092.52    +0.00      54    4.9
subgraph_mip   time_balanced_weight       50   0.075    0.594    0.669   4.5x     0.976   +16.14   1122.33    +2.73      74    6.7
subgraph_mip   combined                   50   0.246    0.400    0.646   4.7x     0.841    +0.00   1092.52    +0.00     127   11.5
subgraph_mip   blended                    50   0.148    0.210    0.358   8.5x     0.841    +0.00   1092.52    +0.00      42    3.8
subgraph_mip   blended_union              50   0.425    0.463    0.888   3.4x     0.841    +0.00   1092.52    +0.00     117   10.6
subgraph_mip   diverse                    50   0.021    1.483    1.504   2.0x     0.841    +0.00   1092.52    +0.00     510   46.1
subgraph_mip   edge_weight               100   0.293    0.155    0.448   6.8x     0.841    +0.00   1092.52    +0.00      78    7.1
subgraph_mip   time_balanced_weight      100   0.172    0.326    0.498   6.1x     0.976   +16.14   1122.33    +2.73      85    7.7
subgraph_mip   combined                  100   0.432    0.642    1.074   2.8x     0.841    +0.00   1092.52    +0.00     162   14.7
subgraph_mip   blended                   100   0.284    0.151    0.434   7.0x     0.841    -0.00   1092.52    +0.00      46    4.2
subgraph_mip   blended_union             100   0.849    0.595    1.444   2.1x     0.841    +0.00   1092.52    +0.00     167   15.1
subgraph_mip   diverse                   100   0.069    1.809    1.878   1.6x     0.841    +0.00   1092.52    +0.00     745   67.4
subgraph_mip   edge_weight               200   0.498    0.218    0.716   4.2x     0.841    +0.00   1092.52    +0.00      95    8.6
subgraph_mip   time_balanced_weight      200   0.297    0.316    0.613   4.9x     0.976   +16.10   1122.33    +2.73     118   10.7
subgraph_mip   combined                  200   0.860    0.504    1.363   2.2x     0.841    -0.00   1092.52    +0.00     211   19.1
subgraph_mip   blended                   200   0.561    0.214    0.775   3.9x     0.841    -0.00   1092.52    +0.00      65    5.9
subgraph_mip   blended_union             200   1.529    0.785    2.314   1.3x     0.841    +0.00   1092.52    +0.00     212   19.2
subgraph_mip   diverse                   200   0.120    3.325    3.445   0.9x     0.841    +0.00   1092.52    +0.00     911   82.4
subgraph_mip   edge_weight               500   1.551    0.213    1.764   1.7x     0.841    +0.00   1092.52    +0.00     108    9.8
subgraph_mip   time_balanced_weight      500   1.355    0.493    1.849   1.6x     0.952   +13.21   1104.13    +1.06     170   15.4
subgraph_mip   combined                  500   3.948    0.766    4.714   0.6x     0.841    -0.00   1092.52    +0.00     274   24.8
subgraph_mip   blended                   500   2.001    0.349    2.350   1.3x     0.841    +0.00   1092.52    +0.00      86    7.8
subgraph_mip   blended_union             500   4.706    0.937    5.643   0.5x     0.841    -0.00   1092.52    +0.00     278   25.2
subgraph_mip   diverse                   500   0.467    3.888    4.356   0.7x     0.841    +0.00   1092.52    +0.00    1046   94.7
subgraph_mip   edge_weight              1000   3.647    0.253    3.900   0.8x     0.841    +0.00   1092.52    +0.00     142   12.8
subgraph_mip   time_balanced_weight     1000   2.292    0.630    2.923   1.0x     0.947   +12.66   1104.13    +1.06     223   20.2
subgraph_mip   combined                 1000   5.645    0.864    6.510   0.5x     0.841    -0.00   1092.52    +0.00     359   32.5
subgraph_mip   blended                  1000   3.286    0.346    3.631   0.8x     0.841    +0.00   1092.52    +0.00      89    8.1
subgraph_mip   blended_union            1000  10.829    1.098   11.926   0.2x     0.841    +0.00   1092.52    +0.00     305   27.6
subgraph_mip   diverse                  1000   0.885    3.324    4.209   0.7x     0.841    +0.00   1092.52    +0.00    1101   99.6
subgraph_mip   edge_weight              2000   7.956    0.381    8.337   0.4x     0.841    +0.00   1092.52    +0.00     185   16.7
subgraph_mip   time_balanced_weight     2000   5.669    1.031    6.700   0.5x     0.942   +11.99   1104.13    +1.06     291   26.3
subgraph_mip   combined                 2000  13.501    1.218   14.719   0.2x     0.841    +0.00   1092.52    +0.00     464   42.0
subgraph_mip   blended                  2000   8.791    0.997    9.788   0.3x     0.841    +0.00   1092.52    +0.00     198   17.9
subgraph_mip   blended_union            2000  26.783    1.161   27.945   0.1x     0.841    +0.00   1092.52    +0.00     356   32.2
subgraph_mip   diverse                  2000   2.080    3.840    5.920   0.5x     0.841    +0.00   1092.52    +0.00    1105  100.0
subgraph_mip   edge_weight              5000  32.780    0.549   33.329   0.1x     0.841    +0.00   1092.52    +0.00     232   21.0
subgraph_mip   time_balanced_weight     5000  23.177    1.133   24.310   0.1x     0.939   +11.72   1108.32    +1.45     382   34.6
subgraph_mip   combined                 5000  56.071    1.142   57.213   0.1x     0.841    +0.00   1092.52    +0.00     593   53.7
subgraph_mip   blended                  5000  39.619    0.707   40.326   0.1x     0.841    +0.00   1092.52    +0.00     307   27.8
subgraph_mip   blended_union            5000 109.421    1.967  111.388   0.0x     0.841    -0.00   1092.52    +0.00     482   43.6
subgraph_mip   diverse                  5000   5.242    2.464    7.706   0.4x     0.841    +0.00   1092.52    +0.00    1105  100.0
============================================================================================================================

----------------- λ = 0.65 -----------------
========================================================================
Strategy Comparison Experiment — assembly_1  P=2  λ=0.65
========================================================================

Building assembly digraph …
2026-07-01 18:16:59.971 | INFO     | pycaalp.gapp.assembly_digraph:compute_assembly_digraph_complete:395 - Computing assembly digraph...
  343 nodes, 1105 edges  (0.3s)

[1] Full MIP  P=2  λ=0.65
2026-07-01 18:17:00.292 | INFO     | pycaalp.time_balancing.model:run_mip:430 - Running MIP solver ...
presolving:
(round 1, fast)       28 del vars, 40 del conss, 0 add conss, 0 chg bounds, 0 chg sides, 0 chg coeffs, 0 upgd conss, 0 impls, 43 clqs, 0 implints
(round 2, exhaustive) 28 del vars, 40 del conss, 0 add conss, 1 chg bounds, 0 chg sides, 0 chg coeffs, 2253 upgd conss, 0 impls, 43 clqs, 0 implints
   (0.2s) probing: 1000/1129 (88.6%) - 0 fixings, 0 aggregations, 119627 implications, 0 bound changes
   (0.2s) probing: 1001/1129 (88.7%) - 0 fixings, 0 aggregations, 119803 implications, 0 bound changes
   (0.2s) probing aborted: 1000/1000 successive useless probings
   (0.2s) symmetry computation started: requiring (bin +, int +, cont +), (fixed: bin -, int -, cont -)
   (0.2s) no symmetry present (symcode time: 0.00)
presolving (3 rounds: 3 fast, 2 medium, 2 exhaustive):
 28 deleted vars, 40 deleted constraints, 0 added constraints, 1 tightened bounds, 0 added holes, 0 changed sides, 0 changed coefficients
 0 implications, 8934 cliques, 0 implied integral variables (0 bin, 0 int, 0 cont)
presolved problem has 1130 variables (1129 bin, 0 int, 1 cont) and 2565 constraints
     43 constraints of type <setppc>
    312 constraints of type <linear>
   2210 constraints of type <logicor>
Presolving Time: 0.21

 time | node  | left  |LP iter|LP it/n|mem/heur|mdpt |vars |cons |rows |cuts |sepa|confs|strbr|  dualbound   | primalbound  |  gap   | compl. 
p 0.2s|     1 |     0 |     4 |     - | vbounds|   0 |1130 |2578 |2565 |   0 |  0 |  12 |   0 | 0.000000e+00 | 1.452012e+00 |    Inf | unknown
  0.3s|     1 |     0 |   352 |     - |    21M |   0 |1130 |2590 |2565 |   0 |  0 |  24 |   0 | 8.329273e-01 | 1.452012e+00 |  74.33%| unknown
  0.3s|     1 |     0 |   376 |     - |    23M |   0 |1130 |2591 |2567 |   2 |  1 |  25 |   0 | 8.329345e-01 | 1.452012e+00 |  74.32%| unknown
r 0.3s|     1 |     0 |   376 |     - |shifting|   0 |1130 |2591 |2567 |   2 |  1 |  25 |   0 | 8.329345e-01 | 8.448634e-01 |   1.43%| unknown
  0.4s|     1 |     0 |   395 |     - |    24M |   0 |1130 |2591 |2568 |   3 |  2 |  25 |   0 | 8.329700e-01 | 8.448634e-01 |   1.43%| unknown
  0.4s|     1 |     0 |   395 |     - |    24M |   0 |1130 |2591 |2568 |   3 |  2 |  25 |   0 | 8.329700e-01 | 8.448634e-01 |   1.43%| unknown
  0.4s|     1 |     0 |   395 |     - |    24M |   0 |1130 |2591 |1712 |   3 |  2 |  25 |   0 | 8.329700e-01 | 8.448634e-01 |   1.43%| unknown
  0.5s|     1 |     0 |   408 |     - |    25M |   0 |1130 |2227 |1707 |   4 |  3 |  25 |   0 | 8.329785e-01 | 8.448634e-01 |   1.43%| unknown
  0.5s|     1 |     0 |   425 |     - |    28M |   0 |1130 |2121 |1709 |   6 |  4 |  25 |   0 | 8.330080e-01 | 8.448634e-01 |   1.42%| unknown
  0.6s|     1 |     0 |   430 |     - |    33M |   0 |1130 |2116 |1711 |   8 |  5 |  25 |   0 | 8.330080e-01 | 8.448634e-01 |   1.42%| unknown
  0.7s|     1 |     0 |   465 |     - |    41M |   0 |1130 |2113 |1713 |  10 |  6 |  25 |   0 | 8.330119e-01 | 8.448634e-01 |   1.42%| unknown
  0.9s|     1 |     0 |   481 |     - |    45M |   0 |1130 |2055 |1715 |  12 |  7 |  25 |   0 | 8.330133e-01 | 8.448634e-01 |   1.42%| unknown
  1.0s|     1 |     0 |   498 |     - |    50M |   0 |1130 |2037 |1717 |  14 |  8 |  25 |   0 | 8.330147e-01 | 8.448634e-01 |   1.42%| unknown
  1.3s|     1 |     0 |   504 |     - |    59M |   0 |1130 |2037 |1718 |  15 |  9 |  25 |   0 | 8.330148e-01 | 8.448634e-01 |   1.42%| unknown
  1.4s|     1 |     0 |   506 |     - |    61M |   0 |1130 |2037 |1719 |  16 | 10 |  25 |   0 | 8.330149e-01 | 8.448634e-01 |   1.42%| unknown
 time | node  | left  |LP iter|LP it/n|mem/heur|mdpt |vars |cons |rows |cuts |sepa|confs|strbr|  dualbound   | primalbound  |  gap   | compl. 
  1.4s|     1 |     0 |   518 |     - |    61M |   0 |1130 |2037 |1721 |  18 | 11 |  25 |   0 | 8.330155e-01 | 8.448634e-01 |   1.42%| unknown
  1.4s|     1 |     0 |   529 |     - |    62M |   0 |1130 |2037 |1723 |  20 | 12 |  25 |   0 | 8.330239e-01 | 8.448634e-01 |   1.42%| unknown
  1.5s|     1 |     0 |   532 |     - |    62M |   0 |1130 |1977 |1725 |  22 | 13 |  25 |   0 | 8.330239e-01 | 8.448634e-01 |   1.42%| unknown
  1.5s|     1 |     0 |   533 |     - |    63M |   0 |1130 |1978 |1726 |  23 | 14 |  26 |   0 | 8.330239e-01 | 8.448634e-01 |   1.42%| unknown
  1.5s|     1 |     0 |   533 |     - |    63M |   0 |1130 |1474 |1726 |  23 | 14 |  28 |   0 | 8.330239e-01 | 8.448634e-01 |   1.42%| unknown
  1.5s|     1 |     0 |   537 |     - |    63M |   0 |1130 |1474 |1726 |  25 | 15 |  28 |   0 | 8.330240e-01 | 8.448634e-01 |   1.42%| unknown
  1.5s|     1 |     0 |   544 |     - |    63M |   0 |1130 |1393 |1727 |  26 | 16 |  29 |   0 | 8.330240e-01 | 8.448634e-01 |   1.42%| unknown
  1.5s|     1 |     0 |   545 |     - |    63M |   0 |1130 |1206 |1728 |  27 | 17 |  29 |   0 | 8.330241e-01 | 8.448634e-01 |   1.42%| unknown
  1.5s|     1 |     0 |   561 |     - |    63M |   0 |1130 |1136 |1729 |  28 | 18 |  37 |   0 | 8.330263e-01 | 8.448634e-01 |   1.42%| unknown
  1.5s|     1 |     0 |   569 |     - |    63M |   0 |1130 |1110 |1731 |  30 | 19 |  47 |   0 | 8.330265e-01 | 8.448634e-01 |   1.42%| unknown
  1.5s|     1 |     0 |   573 |     - |    64M |   0 |1130 |1025 |1732 |  31 | 20 |  47 |   0 | 8.330281e-01 | 8.448634e-01 |   1.42%| unknown
  1.6s|     1 |     0 |   576 |     - |    64M |   0 |1130 |1029 |1723 |  32 | 21 |  51 |   0 | 8.330315e-01 | 8.448634e-01 |   1.42%| unknown
  1.6s|     1 |     0 |   580 |     - |    64M |   0 |1130 |1007 |1724 |  33 | 22 |  51 |   0 | 8.330321e-01 | 8.448634e-01 |   1.42%| unknown
  1.6s|     1 |     0 |   583 |     - |    64M |   0 |1130 |1014 |1725 |  34 | 23 |  58 |   0 | 8.330373e-01 | 8.448634e-01 |   1.42%| unknown
  1.6s|     1 |     0 |   586 |     - |    64M |   0 |1130 |1016 |1726 |  35 | 24 |  60 |   0 | 8.330379e-01 | 8.448634e-01 |   1.42%| unknown
 time | node  | left  |LP iter|LP it/n|mem/heur|mdpt |vars |cons |rows |cuts |sepa|confs|strbr|  dualbound   | primalbound  |  gap   | compl. 
  1.6s|     1 |     0 |   587 |     - |    64M |   0 |1130 |1011 |1727 |  36 | 25 |  61 |   0 | 8.330380e-01 | 8.448634e-01 |   1.42%| unknown
(run 1, node 1) restarting after 747 global fixings of integer variables

(restart) converted 24 cuts from the global cut pool into linear constraints

presolving:
(round 1, fast)       749 del vars, 113 del conss, 0 add conss, 2 chg bounds, 0 chg sides, 3 chg coeffs, 0 upgd conss, 0 impls, 1446 clqs, 0 implints
(round 2, medium)     750 del vars, 113 del conss, 0 add conss, 2 chg bounds, 0 chg sides, 3 chg coeffs, 0 upgd conss, 0 impls, 1444 clqs, 0 implints
(round 3, fast)       750 del vars, 115 del conss, 0 add conss, 2 chg bounds, 0 chg sides, 3 chg coeffs, 0 upgd conss, 0 impls, 1444 clqs, 0 implints
(round 4, exhaustive) 750 del vars, 115 del conss, 0 add conss, 2 chg bounds, 0 chg sides, 3 chg coeffs, 19 upgd conss, 0 impls, 1444 clqs, 0 implints
(round 5, exhaustive) 750 del vars, 117 del conss, 0 add conss, 2 chg bounds, 0 chg sides, 4 chg coeffs, 19 upgd conss, 0 impls, 1444 clqs, 0 implints
(round 6, exhaustive) 750 del vars, 117 del conss, 0 add conss, 2 chg bounds, 0 chg sides, 8 chg coeffs, 19 upgd conss, 0 impls, 1444 clqs, 0 implints
presolving (7 rounds: 7 fast, 5 medium, 4 exhaustive):
 750 deleted vars, 117 deleted constraints, 0 added constraints, 2 tightened bounds, 0 added holes, 0 changed sides, 8 changed coefficients
 0 implications, 1444 cliques, 0 implied integral variables (0 bin, 0 int, 0 cont)
presolved problem has 380 variables (379 bin, 0 int, 1 cont) and 921 constraints
     48 constraints of type <setppc>
    126 constraints of type <linear>
    747 constraints of type <logicor>
Presolving Time: 0.22
transformed 3/5 original solutions to the transformed problem space

 time | node  | left  |LP iter|LP it/n|mem/heur|mdpt |vars |cons |rows |cuts |sepa|confs|strbr|  dualbound   | primalbound  |  gap   | compl. 
  1.7s|     1 |     0 |  1253 |     - |    60M |   0 | 380 | 921 | 881 |   0 |  0 |  65 |   0 | 8.330380e-01 | 8.448634e-01 |   1.42%| unknown
  1.7s|     1 |     0 |  1253 |     - |    60M |   0 | 380 | 921 | 828 |   0 |  0 |  65 |   0 | 8.330380e-01 | 8.448634e-01 |   1.42%| unknown
  1.8s|     1 |     0 |  1276 |     - |    61M |   0 | 380 | 912 | 812 |   2 |  1 |  65 |   0 | 8.330523e-01 | 8.448634e-01 |   1.42%| unknown
  1.8s|     1 |     0 |  1278 |     - |    61M |   0 | 380 | 872 | 813 |   3 |  2 |  65 |   0 | 8.330526e-01 | 8.448634e-01 |   1.42%| unknown
  1.9s|     1 |     0 |  1287 |     - |    62M |   0 | 380 | 872 | 815 |   5 |  3 |  68 |   0 | 8.330559e-01 | 8.448634e-01 |   1.42%| unknown
  1.9s|     1 |     0 |  1301 |     - |    62M |   0 | 380 | 864 | 816 |   6 |  4 |  68 |   0 | 8.330584e-01 | 8.448634e-01 |   1.42%| unknown
  2.0s|     1 |     0 |  1304 |     - |    64M |   0 | 380 | 864 | 817 |   7 |  5 |  73 |   0 | 8.330585e-01 | 8.448634e-01 |   1.42%| unknown
  2.1s|     1 |     0 |  1305 |     - |    64M |   0 | 380 | 864 | 818 |   8 |  6 |  73 |   0 | 8.330585e-01 | 8.448634e-01 |   1.42%| unknown
  2.1s|     1 |     0 |  1314 |     - |    65M |   0 | 380 | 870 | 819 |   9 |  7 |  79 |   0 | 8.330599e-01 | 8.448634e-01 |   1.42%| unknown
  2.1s|     1 |     0 |  1335 |     - |    66M |   0 | 380 | 870 | 820 |  10 |  8 |  79 |   0 | 8.330733e-01 | 8.448634e-01 |   1.42%| unknown
  2.2s|     1 |     0 |  1344 |     - |    70M |   0 | 380 | 871 | 822 |  12 |  9 |  80 |   0 | 8.330762e-01 | 8.448634e-01 |   1.41%| unknown
  2.2s|     1 |     0 |  1345 |     - |    76M |   0 | 380 | 876 | 823 |  13 | 10 |  85 |   0 | 8.330764e-01 | 8.448634e-01 |   1.41%| unknown
  2.3s|     1 |     0 |  1355 |     - |    76M |   0 | 380 | 884 | 825 |  15 | 11 |  93 |   0 | 8.330788e-01 | 8.448634e-01 |   1.41%| unknown
  2.3s|     1 |     0 |  1355 |     - |    76M |   0 | 380 | 853 | 825 |  15 | 11 |  98 |   0 | 8.330788e-01 | 8.448634e-01 |   1.41%| unknown
  2.3s|     1 |     0 |  1369 |     - |    76M |   0 | 380 | 853 | 809 |  16 | 12 |  98 |   0 | 8.330842e-01 | 8.448634e-01 |   1.41%| unknown
 time | node  | left  |LP iter|LP it/n|mem/heur|mdpt |vars |cons |rows |cuts |sepa|confs|strbr|  dualbound   | primalbound  |  gap   | compl. 
  2.3s|     1 |     0 |  1374 |     - |    76M |   0 | 380 | 843 | 811 |  18 | 13 |  98 |   0 | 8.330847e-01 | 8.448634e-01 |   1.41%| unknown
  2.3s|     1 |     0 |  1377 |     - |    76M |   0 | 380 | 847 | 812 |  19 | 14 | 102 |   0 | 8.330854e-01 | 8.448634e-01 |   1.41%| unknown
  2.3s|     1 |     0 |  1379 |     - |    76M |   0 | 380 | 849 | 813 |  20 | 15 | 104 |   0 | 8.330856e-01 | 8.448634e-01 |   1.41%| unknown
  2.3s|     1 |     0 |  1381 |     - |    76M |   0 | 380 | 852 | 814 |  21 | 16 | 107 |   0 | 8.330857e-01 | 8.448634e-01 |   1.41%| unknown
  2.3s|     1 |     0 |  1385 |     - |    77M |   0 | 380 | 854 | 815 |  22 | 17 | 109 |   0 | 8.330858e-01 | 8.448634e-01 |   1.41%| unknown
  2.3s|     1 |     0 |  1390 |     - |    77M |   0 | 380 | 854 | 812 |  24 | 18 | 109 |   0 | 8.330876e-01 | 8.448634e-01 |   1.41%| unknown
  2.3s|     1 |     0 |  1395 |     - |    77M |   0 | 380 | 855 | 813 |  25 | 19 | 110 |   0 | 8.330882e-01 | 8.448634e-01 |   1.41%| unknown
  2.4s|     1 |     0 |  1396 |     - |    77M |   0 | 380 | 855 | 814 |  26 | 20 | 110 |   0 | 8.330882e-01 | 8.448634e-01 |   1.41%| unknown
  2.4s|     1 |     0 |  1398 |     - |    77M |   0 | 380 | 862 | 815 |  27 | 21 | 117 |   0 | 8.330882e-01 | 8.448634e-01 |   1.41%| unknown
  2.4s|     1 |     0 |  1405 |     - |    77M |   0 | 380 | 872 | 816 |  28 | 22 | 127 |   0 | 8.330887e-01 | 8.448634e-01 |   1.41%| unknown
(run 2, node 1) restarting after 51 global fixings of integer variables

(restart) converted 24 cuts from the global cut pool into linear constraints

presolving:
(round 1, fast)       51 del vars, 8 del conss, 0 add conss, 0 chg bounds, 0 chg sides, 0 chg coeffs, 0 upgd conss, 0 impls, 994 clqs, 0 implints
(round 2, exhaustive) 51 del vars, 8 del conss, 0 add conss, 0 chg bounds, 0 chg sides, 0 chg coeffs, 12 upgd conss, 0 impls, 994 clqs, 0 implints
(round 3, exhaustive) 51 del vars, 8 del conss, 0 add conss, 0 chg bounds, 0 chg sides, 9 chg coeffs, 12 upgd conss, 0 impls, 994 clqs, 0 implints
presolving (4 rounds: 4 fast, 3 medium, 3 exhaustive):
 51 deleted vars, 8 deleted constraints, 0 added constraints, 0 tightened bounds, 0 added holes, 0 changed sides, 9 changed coefficients
 0 implications, 994 cliques, 0 implied integral variables (0 bin, 0 int, 0 cont)
presolved problem has 329 variables (328 bin, 0 int, 1 cont) and 901 constraints
      1 constraints of type <knapsack>
     48 constraints of type <setppc>
    133 constraints of type <linear>
    719 constraints of type <logicor>
Presolving Time: 0.23
transformed 4/6 original solutions to the transformed problem space

 time | node  | left  |LP iter|LP it/n|mem/heur|mdpt |vars |cons |rows |cuts |sepa|confs|strbr|  dualbound   | primalbound  |  gap   | compl. 
  2.4s|     1 |     0 |  1945 |     - |    73M |   0 | 329 | 901 | 787 |   0 |  0 | 141 |   0 | 8.330887e-01 | 8.448634e-01 |   1.41%| unknown
  2.4s|     1 |     0 |  1945 |     - |    73M |   0 | 329 | 906 | 775 |   0 |  0 | 146 |   0 | 8.330887e-01 | 8.448634e-01 |   1.41%| unknown
  2.5s|     1 |     0 |  1977 |     - |    74M |   0 | 329 | 900 | 759 |   1 |  1 | 146 |   0 | 8.331015e-01 | 8.448634e-01 |   1.41%| unknown
  2.5s|     1 |     0 |  1983 |     - |    74M |   0 | 329 | 888 | 761 |   3 |  2 | 147 |   0 | 8.331039e-01 | 8.448634e-01 |   1.41%| unknown
  2.6s|     1 |     0 |  1985 |     - |    74M |   0 | 329 | 886 | 763 |   5 |  3 | 147 |   0 | 8.331042e-01 | 8.448634e-01 |   1.41%| unknown
  2.6s|     1 |     0 |  2012 |     - |    74M |   0 | 329 | 887 | 764 |   6 |  4 | 149 |   0 | 8.331164e-01 | 8.448634e-01 |   1.41%| unknown
  2.7s|     1 |     0 |  2019 |     - |    75M |   0 | 329 | 886 | 765 |   7 |  5 | 150 |   0 | 8.331170e-01 | 8.448634e-01 |   1.41%| unknown
  2.8s|     1 |     0 |  2056 |     - |    75M |   0 | 329 | 887 | 766 |   8 |  6 | 151 |   0 | 8.331361e-01 | 8.448634e-01 |   1.41%| unknown
  2.9s|     1 |     0 |  2071 |     - |    75M |   0 | 329 | 890 | 768 |  10 |  7 | 154 |   0 | 8.331406e-01 | 8.448634e-01 |   1.41%| unknown
  2.9s|     1 |     0 |  2084 |     - |    76M |   0 | 329 | 887 | 769 |  11 |  8 | 156 |   0 | 8.331449e-01 | 8.448634e-01 |   1.41%| unknown
  3.0s|     1 |     0 |  2100 |     - |    78M |   0 | 329 | 887 | 770 |  12 |  9 | 156 |   0 | 8.331506e-01 | 8.448634e-01 |   1.41%| unknown
  3.0s|     1 |     0 |  2120 |     - |    81M |   0 | 329 | 887 | 772 |  14 | 10 | 156 |   0 | 8.331554e-01 | 8.448634e-01 |   1.41%| unknown
  3.0s|     1 |     0 |  2136 |     - |    81M |   0 | 329 | 888 | 775 |  17 | 11 | 157 |   0 | 8.331580e-01 | 8.448634e-01 |   1.40%| unknown
  3.0s|     1 |     0 |  2136 |     - |    81M |   0 | 329 | 882 | 775 |  17 | 11 | 157 |   0 | 8.331580e-01 | 8.448634e-01 |   1.40%| unknown
  3.1s|     1 |     0 |  2139 |     - |    81M |   0 | 329 | 882 | 776 |  18 | 12 | 157 |   0 | 8.331582e-01 | 8.448634e-01 |   1.40%| unknown
 time | node  | left  |LP iter|LP it/n|mem/heur|mdpt |vars |cons |rows |cuts |sepa|confs|strbr|  dualbound   | primalbound  |  gap   | compl. 
  3.1s|     1 |     0 |  2141 |     - |    81M |   0 | 329 | 879 | 777 |  19 | 13 | 157 |   0 | 8.331584e-01 | 8.448634e-01 |   1.40%| unknown
  3.1s|     1 |     0 |  2147 |     - |    81M |   0 | 329 | 880 | 779 |  21 | 14 | 158 |   0 | 8.331587e-01 | 8.448634e-01 |   1.40%| unknown
  3.1s|     1 |     0 |  2152 |     - |    81M |   0 | 329 | 885 | 744 |  22 | 15 | 163 |   0 | 8.331587e-01 | 8.448634e-01 |   1.40%| unknown
  3.1s|     1 |     0 |  2179 |     - |    81M |   0 | 329 | 885 | 746 |  24 | 16 | 163 |   0 | 8.331707e-01 | 8.448634e-01 |   1.40%| unknown
  3.1s|     1 |     0 |  2182 |     - |    82M |   0 | 329 | 890 | 747 |  25 | 17 | 168 |   0 | 8.331708e-01 | 8.448634e-01 |   1.40%| unknown
  3.1s|     1 |     0 |  2196 |     - |    82M |   0 | 329 | 896 | 749 |  27 | 18 | 175 |   0 | 8.331726e-01 | 8.448634e-01 |   1.40%| unknown
  3.1s|     1 |     0 |  2210 |     - |    82M |   0 | 329 | 897 | 751 |  29 | 19 | 176 |   0 | 8.331775e-01 | 8.448634e-01 |   1.40%| unknown
  3.1s|     1 |     0 |  2215 |     - |    82M |   0 | 329 | 898 | 752 |  30 | 20 | 178 |   0 | 8.331779e-01 | 8.448634e-01 |   1.40%| unknown
  3.1s|     1 |     0 |  2220 |     - |    82M |   0 | 329 | 908 | 741 |  31 | 21 | 188 |   0 | 8.331780e-01 | 8.448634e-01 |   1.40%| unknown
  3.2s|     1 |     0 |  2510 |     - |    82M |   0 | 329 | 916 | 741 |  31 | 22 | 200 |  19 | 8.333233e-01 | 8.448634e-01 |   1.38%| unknown
  3.3s|     1 |     2 |  2510 |     - |    82M |   0 | 329 | 916 | 741 |  31 | 23 | 201 |  35 | 8.333233e-01 | 8.448634e-01 |   1.38%| unknown
(run 3, node 1) restarting after 16 global fixings of integer variables

(restart) converted 23 cuts from the global cut pool into linear constraints

presolving:
(round 1, fast)       18 del vars, 2 del conss, 0 add conss, 0 chg bounds, 0 chg sides, 7 chg coeffs, 0 upgd conss, 0 impls, 934 clqs, 0 implints
(round 2, exhaustive) 18 del vars, 2 del conss, 0 add conss, 0 chg bounds, 0 chg sides, 7 chg coeffs, 2 upgd conss, 0 impls, 934 clqs, 0 implints
(round 3, exhaustive) 18 del vars, 3 del conss, 0 add conss, 0 chg bounds, 0 chg sides, 34 chg coeffs, 2 upgd conss, 0 impls, 934 clqs, 0 implints
(round 4, exhaustive) 18 del vars, 3 del conss, 0 add conss, 0 chg bounds, 0 chg sides, 45 chg coeffs, 2 upgd conss, 0 impls, 934 clqs, 0 implints
presolving (5 rounds: 5 fast, 4 medium, 4 exhaustive):
 18 deleted vars, 3 deleted constraints, 0 added constraints, 0 tightened bounds, 0 added holes, 0 changed sides, 45 changed coefficients
 0 implications, 934 cliques, 0 implied integral variables (0 bin, 0 int, 0 cont)
presolved problem has 311 variables (310 bin, 0 int, 1 cont) and 936 constraints
      2 constraints of type <knapsack>
     45 constraints of type <setppc>
    153 constraints of type <linear>
    736 constraints of type <logicor>
Presolving Time: 0.24
transformed 5/7 original solutions to the transformed problem space

 time | node  | left  |LP iter|LP it/n|mem/heur|mdpt |vars |cons |rows |cuts |sepa|confs|strbr|  dualbound   | primalbound  |  gap   | compl. 
  3.3s|     1 |     0 |  2800 |     - |    81M |   0 | 311 | 936 | 771 |   0 |  0 | 201 |  35 | 8.333233e-01 | 8.448634e-01 |   1.38%| unknown
  3.4s|     1 |     0 |  2830 |     - |    81M |   0 | 311 | 938 | 773 |   2 |  1 | 203 |  35 | 8.333233e-01 | 8.448634e-01 |   1.38%| unknown
  3.4s|     1 |     0 |  2844 |     - |    81M |   0 | 311 | 938 | 774 |   3 |  2 | 203 |  35 | 8.333233e-01 | 8.448634e-01 |   1.38%| unknown
  3.5s|     1 |     0 |  2849 |     - |    81M |   0 | 311 | 940 | 775 |   4 |  3 | 205 |  35 | 8.333233e-01 | 8.448634e-01 |   1.38%| unknown
  3.5s|     1 |     0 |  2878 |     - |    83M |   0 | 311 | 940 | 777 |   6 |  4 | 205 |  35 | 8.333233e-01 | 8.448634e-01 |   1.38%| unknown
  3.6s|     1 |     0 |  2887 |     - |    85M |   0 | 311 | 945 | 778 |   7 |  5 | 210 |  35 | 8.333233e-01 | 8.448634e-01 |   1.38%| unknown
  3.6s|     1 |     0 |  2909 |     - |    85M |   0 | 311 | 946 | 779 |   8 |  6 | 211 |  35 | 8.333233e-01 | 8.448634e-01 |   1.38%| unknown
  3.8s|     1 |     0 |  2927 |     - |    87M |   0 | 311 | 949 | 781 |  10 |  7 | 214 |  35 | 8.333233e-01 | 8.448634e-01 |   1.38%| unknown
  3.8s|     1 |     0 |  2946 |     - |    89M |   0 | 311 | 956 | 782 |  11 |  8 | 221 |  35 | 8.333233e-01 | 8.448634e-01 |   1.38%| unknown
  3.9s|     1 |     0 |  2959 |     - |    91M |   0 | 311 | 958 | 783 |  12 |  9 | 223 |  35 | 8.333233e-01 | 8.448634e-01 |   1.38%| unknown
  3.9s|     1 |     0 |  2979 |     - |    93M |   0 | 311 | 961 | 785 |  14 | 10 | 226 |  35 | 8.333233e-01 | 8.448634e-01 |   1.38%| unknown
  3.9s|     1 |     0 |  2981 |     - |    93M |   0 | 311 | 961 | 786 |  15 | 11 | 226 |  35 | 8.333233e-01 | 8.448634e-01 |   1.38%| unknown
  4.0s|     1 |     2 |  3290 |     - |    93M |   0 | 311 | 965 | 786 |  15 | 11 | 232 |  54 | 8.333233e-01 | 8.448634e-01 |   1.38%| unknown
* 4.6s|    39 |     2 |  4420 |  62.5 |strongbr|  10 | 311 |1053 | 713 |  41 |  1 | 377 | 343 | 8.364385e-01 | 8.443570e-01 |   0.95%|  47.64%
* 4.6s|    42 |     1 |  4478 |  59.5 |strongbr|  10 | 311 |1057 | 713 |  41 |  1 | 382 | 347 | 8.384416e-01 | 8.410978e-01 |   0.32%|  61.50%

SCIP Status        : problem is solved [optimal solution found]
Solving Time (sec) : 4.57
Solving Nodes      : 42 (total of 45 nodes in 4 runs)
Primal Bound       : +8.41097752935164e-01 (10 solutions)
Dual Bound         : +8.41097752935164e-01
Gap                : 0.00 %
objective value:                    0.841097752935164
x_('12_5', '13_1')                                  1 	(obj:0.0115792875157629)
x_('11_17', '12_5')                                 1 	(obj:0.00915522540983607)
x_('10_31', '11_17')                                1 	(obj:0.0100584947839046)
x_('9_42', '10_31')                                 1 	(obj:0.02375)
x_('8_38', '9_42')                                  1 	(obj:0.0151905737704918)
x_('7_39', '8_38')                                  1 	(obj:0.01640625)
x_('6_36', '7_39')                                  1 	(obj:0.0115582552693208)
x_('5_31', '6_36')                                  1 	(obj:0.0270262978142076)
x_('4_25', '5_31')                                  1 	(obj:0.0285040983606557)
x_('3_20', '4_25')                                  1 	(obj:0.0325051229508197)
x_('2_14', '3_20')                                  1 	(obj:0.0327540983606557)
x_('1_10', '2_14')                                  1 	(obj:0.0616311475409836)
x_('0_1', '1_10')                                   1 	(obj:0.0125)
y_0_0                                               1 	(obj:0)
y_1_0                                               1 	(obj:0)
y_2_0                                               1 	(obj:0)
y_3_0                                               1 	(obj:0)
y_4_0                                               1 	(obj:0)
y_5_0                                               1 	(obj:0)
y_6_1                                               1 	(obj:0)
y_7_1                                               1 	(obj:0)
y_8_1                                               1 	(obj:0)
y_9_1                                               1 	(obj:0)
y_10_1                                              1 	(obj:0)
y_11_1                                              1 	(obj:0)
y_12_1                                              1 	(obj:0)
z_('3268741', '3425762')_1                          1 	(obj:0)
z_('3268741', '1966592X')_0                         1 	(obj:0)
z_('1966592X', '3452192')_0                         1 	(obj:0)
z_('3452192', '1353870')_0                          1 	(obj:0)
z_('3452192', '3520162')_0                          1 	(obj:0)
z_('3520162', '3307092')_0                          1 	(obj:0)
z_('3520162', '3524054')_0                          1 	(obj:0)
z_('3268740', '3524054')_1                          1 	(obj:0)
z_('3524054', '3179975')_1                          1 	(obj:0)
z_('3179975', '3422998')_1                          1 	(obj:0)
z_('3422998', '2495223X')_1                         1 	(obj:0)
z_('3422998', '1353870_01')_1                       1 	(obj:0)
z_('2495223X', '2245784X')_1                        1 	(obj:0)
alpha                                6.58144578313253 	(obj:0.0833371449422575)
  obj=0.841  alpha=1092.5s  time=4.63s

k = 1
  Subgraph edges — edge_w: 13 (1.2%)  bal_w: 13 (1.2%)  combined: 26 (2.4%)  blended: 13 (1.2%)  blended_union: 31 (2.8%)  diverse: 13 (1.2%)
  [3a] Subgraph / edge_w   k=1 …
2026-07-01 18:17:04.947 | INFO     | pycaalp.time_balancing.model:run_mip:430 - Running MIP solver ...
      obj=0.845 (vs_full=+0.44%)  alpha=1102.0s  build=0.002s solve=0.005s  vs_full=+0.87%
  [3b] Subgraph / bal_w    k=1 …
2026-07-01 18:17:04.953 | INFO     | pycaalp.time_balancing.model:run_mip:430 - Running MIP solver ...
      obj=0.992 (vs_full=+17.98%)  alpha=1160.1s  build=0.001s solve=0.006s  vs_full=+6.19%
  [3c] Subgraph / combined k=1 …
2026-07-01 18:17:04.958 | INFO     | pycaalp.time_balancing.model:run_mip:430 - Running MIP solver ...
      obj=0.845 (vs_full=+0.44%)  alpha=1102.0s  build=0.002s solve=0.015s  vs_full=+0.87%
  [3d] Subgraph / blended  k=1 …
2026-07-01 18:17:04.973 | INFO     | pycaalp.time_balancing.model:run_mip:430 - Running MIP solver ...
      obj=0.841 (vs_full=+0.00%)  alpha=1092.5s  build=0.001s solve=0.007s  vs_full=+0.00%
  [3e] Subgraph / bl-union k=1 …
2026-07-01 18:17:04.981 | INFO     | pycaalp.time_balancing.model:run_mip:430 - Running MIP solver ...
      obj=0.841 (vs_full=+0.00%)  alpha=1092.5s  build=0.015s solve=0.036s  vs_full=+0.00%
  [3f] Subgraph / diverse  k=1 …
2026-07-01 18:17:05.016 | INFO     | pycaalp.time_balancing.model:run_mip:430 - Running MIP solver ...
      obj=0.841 (vs_full=+0.00%)  alpha=1092.5s  build=0.003s solve=0.007s  vs_full=+0.00%

k = 2
  Subgraph edges — edge_w: 15 (1.4%)  bal_w: 20 (1.8%)  combined: 35 (3.2%)  blended: 15 (1.4%)  blended_union: 36 (3.3%)  diverse: 26 (2.4%)
  [3a] Subgraph / edge_w   k=2 …
2026-07-01 18:17:05.082 | INFO     | pycaalp.time_balancing.model:run_mip:430 - Running MIP solver ...
      obj=0.845 (vs_full=+0.44%)  alpha=1102.0s  build=0.003s solve=0.022s  vs_full=+0.87%
  [3b] Subgraph / bal_w    k=2 …
2026-07-01 18:17:05.105 | INFO     | pycaalp.time_balancing.model:run_mip:430 - Running MIP solver ...
      obj=0.991 (vs_full=+17.84%)  alpha=1088.3s  build=0.003s solve=0.033s  vs_full=-0.38%
  [3c] Subgraph / combined k=2 …
2026-07-01 18:17:05.138 | INFO     | pycaalp.time_balancing.model:run_mip:430 - Running MIP solver ...
      obj=0.845 (vs_full=+0.44%)  alpha=1102.0s  build=0.008s solve=0.045s  vs_full=+0.87%
  [3d] Subgraph / blended  k=2 …
2026-07-01 18:17:05.183 | INFO     | pycaalp.time_balancing.model:run_mip:430 - Running MIP solver ...
      obj=0.841 (vs_full=+0.00%)  alpha=1092.5s  build=0.005s solve=0.019s  vs_full=+0.00%
  [3e] Subgraph / bl-union k=2 …
2026-07-01 18:17:05.202 | INFO     | pycaalp.time_balancing.model:run_mip:430 - Running MIP solver ...
      obj=0.841 (vs_full=+0.00%)  alpha=1092.5s  build=0.032s solve=0.055s  vs_full=+0.00%
  [3f] Subgraph / diverse  k=2 …
2026-07-01 18:17:05.258 | INFO     | pycaalp.time_balancing.model:run_mip:430 - Running MIP solver ...
      obj=0.841 (vs_full=+0.00%)  alpha=1092.5s  build=0.007s solve=0.045s  vs_full=+0.00%

k = 5
  Subgraph edges — edge_w: 21 (1.9%)  bal_w: 29 (2.6%)  combined: 50 (4.5%)  blended: 19 (1.7%)  blended_union: 49 (4.4%)  diverse: 65 (5.9%)
  [3a] Subgraph / edge_w   k=5 …
2026-07-01 18:17:05.416 | INFO     | pycaalp.time_balancing.model:run_mip:430 - Running MIP solver ...
      obj=0.845 (vs_full=+0.44%)  alpha=1102.0s  build=0.016s solve=0.053s  vs_full=+0.87%
  [3b] Subgraph / bal_w    k=5 …
2026-07-01 18:17:05.469 | INFO     | pycaalp.time_balancing.model:run_mip:430 - Running MIP solver ...
      obj=0.965 (vs_full=+14.67%)  alpha=1122.3s  build=0.006s solve=0.071s  vs_full=+2.73%
  [3c] Subgraph / combined k=5 …
2026-07-01 18:17:05.540 | INFO     | pycaalp.time_balancing.model:run_mip:430 - Running MIP solver ...
      obj=0.845 (vs_full=+0.44%)  alpha=1102.0s  build=0.016s solve=0.076s  vs_full=+0.87%
  [3d] Subgraph / blended  k=5 …
2026-07-01 18:17:05.616 | INFO     | pycaalp.time_balancing.model:run_mip:430 - Running MIP solver ...
      obj=0.841 (vs_full=+0.00%)  alpha=1092.5s  build=0.022s solve=0.021s  vs_full=+0.00%
  [3e] Subgraph / bl-union k=5 …
2026-07-01 18:17:05.637 | INFO     | pycaalp.time_balancing.model:run_mip:430 - Running MIP solver ...
      obj=0.841 (vs_full=-0.00%)  alpha=1092.5s  build=0.045s solve=0.129s  vs_full=+0.00%
  [3f] Subgraph / diverse  k=5 …
2026-07-01 18:17:05.766 | INFO     | pycaalp.time_balancing.model:run_mip:430 - Running MIP solver ...
      obj=0.841 (vs_full=+0.00%)  alpha=1092.5s  build=0.009s solve=0.261s  vs_full=+0.00%

k = 10
  Subgraph edges — edge_w: 24 (2.2%)  bal_w: 39 (3.5%)  combined: 63 (5.7%)  blended: 27 (2.4%)  blended_union: 64 (5.8%)  diverse: 126 (11.4%)
  [3a] Subgraph / edge_w   k=10 …
2026-07-01 18:17:06.227 | INFO     | pycaalp.time_balancing.model:run_mip:430 - Running MIP solver ...
      obj=0.845 (vs_full=+0.44%)  alpha=1102.0s  build=0.026s solve=0.082s  vs_full=+0.87%
  [3b] Subgraph / bal_w    k=10 …
2026-07-01 18:17:06.309 | INFO     | pycaalp.time_balancing.model:run_mip:430 - Running MIP solver ...
      obj=0.965 (vs_full=+14.67%)  alpha=1122.3s  build=0.012s solve=0.069s  vs_full=+2.73%
  [3c] Subgraph / combined k=10 …
2026-07-01 18:17:06.378 | INFO     | pycaalp.time_balancing.model:run_mip:430 - Running MIP solver ...
      obj=0.845 (vs_full=+0.44%)  alpha=1102.0s  build=0.031s solve=0.121s  vs_full=+0.87%
  [3d] Subgraph / blended  k=10 …
2026-07-01 18:17:06.499 | INFO     | pycaalp.time_balancing.model:run_mip:430 - Running MIP solver ...
      obj=0.841 (vs_full=+0.00%)  alpha=1092.5s  build=0.021s solve=0.066s  vs_full=+0.00%
  [3e] Subgraph / bl-union k=10 …
2026-07-01 18:17:06.565 | INFO     | pycaalp.time_balancing.model:run_mip:430 - Running MIP solver ...
      obj=0.841 (vs_full=+0.00%)  alpha=1092.5s  build=0.100s solve=0.257s  vs_full=+0.00%
  [3f] Subgraph / diverse  k=10 …
2026-07-01 18:17:06.822 | INFO     | pycaalp.time_balancing.model:run_mip:430 - Running MIP solver ...
      obj=0.841 (vs_full=+0.00%)  alpha=1092.5s  build=0.010s solve=0.404s  vs_full=+0.00%

k = 20
  Subgraph edges — edge_w: 35 (3.2%)  bal_w: 49 (4.4%)  combined: 84 (7.6%)  blended: 35 (3.2%)  blended_union: 87 (7.9%)  diverse: 239 (21.6%)
  [3a] Subgraph / edge_w   k=20 …
2026-07-01 18:17:07.722 | INFO     | pycaalp.time_balancing.model:run_mip:430 - Running MIP solver ...
      obj=0.844 (vs_full=+0.39%)  alpha=1100.0s  build=0.062s solve=0.053s  vs_full=+0.69%
  [3b] Subgraph / bal_w    k=20 …
2026-07-01 18:17:07.776 | INFO     | pycaalp.time_balancing.model:run_mip:430 - Running MIP solver ...
      obj=0.965 (vs_full=+14.67%)  alpha=1122.3s  build=0.047s solve=0.177s  vs_full=+2.73%
  [3c] Subgraph / combined k=20 …
2026-07-01 18:17:07.952 | INFO     | pycaalp.time_balancing.model:run_mip:430 - Running MIP solver ...
      obj=0.844 (vs_full=+0.39%)  alpha=1100.0s  build=0.086s solve=0.219s  vs_full=+0.69%
  [3d] Subgraph / blended  k=20 …
2026-07-01 18:17:08.172 | INFO     | pycaalp.time_balancing.model:run_mip:430 - Running MIP solver ...
      obj=0.841 (vs_full=+0.00%)  alpha=1092.5s  build=0.069s solve=0.079s  vs_full=+0.00%
  [3e] Subgraph / bl-union k=20 …
2026-07-01 18:17:08.251 | INFO     | pycaalp.time_balancing.model:run_mip:430 - Running MIP solver ...
      obj=0.841 (vs_full=+0.00%)  alpha=1092.5s  build=0.213s solve=0.420s  vs_full=+0.00%
  [3f] Subgraph / diverse  k=20 …
2026-07-01 18:17:08.671 | INFO     | pycaalp.time_balancing.model:run_mip:430 - Running MIP solver ...
      obj=0.841 (vs_full=+0.00%)  alpha=1092.5s  build=0.018s solve=0.305s  vs_full=+0.00%

k = 50
  Subgraph edges — edge_w: 54 (4.9%)  bal_w: 74 (6.7%)  combined: 127 (11.5%)  blended: 42 (3.8%)  blended_union: 117 (10.6%)  diverse: 511 (46.2%)
  [3a] Subgraph / edge_w   k=50 …
2026-07-01 18:17:10.009 | INFO     | pycaalp.time_balancing.model:run_mip:430 - Running MIP solver ...
      obj=0.841 (vs_full=+0.00%)  alpha=1092.5s  build=0.132s solve=0.140s  vs_full=+0.00%
  [3b] Subgraph / bal_w    k=50 …
2026-07-01 18:17:10.149 | INFO     | pycaalp.time_balancing.model:run_mip:430 - Running MIP solver ...
      obj=0.963 (vs_full=+14.46%)  alpha=1122.3s  build=0.094s solve=0.225s  vs_full=+2.73%
  [3c] Subgraph / combined k=50 …
2026-07-01 18:17:10.375 | INFO     | pycaalp.time_balancing.model:run_mip:430 - Running MIP solver ...
      obj=0.841 (vs_full=+0.00%)  alpha=1092.5s  build=0.208s solve=0.666s  vs_full=+0.00%
  [3d] Subgraph / blended  k=50 …
2026-07-01 18:17:11.041 | INFO     | pycaalp.time_balancing.model:run_mip:430 - Running MIP solver ...
      obj=0.841 (vs_full=+0.00%)  alpha=1092.5s  build=0.170s solve=0.267s  vs_full=+0.00%
  [3e] Subgraph / bl-union k=50 …
2026-07-01 18:17:11.309 | INFO     | pycaalp.time_balancing.model:run_mip:430 - Running MIP solver ...
      obj=0.841 (vs_full=+0.00%)  alpha=1092.5s  build=0.406s solve=0.496s  vs_full=+0.00%
  [3f] Subgraph / diverse  k=50 …
2026-07-01 18:17:11.804 | INFO     | pycaalp.time_balancing.model:run_mip:430 - Running MIP solver ...
      obj=0.841 (vs_full=+0.00%)  alpha=1092.5s  build=0.022s solve=0.796s  vs_full=+0.00%

k = 100
  Subgraph edges — edge_w: 78 (7.1%)  bal_w: 85 (7.7%)  combined: 162 (14.7%)  blended: 46 (4.2%)  blended_union: 167 (15.1%)  diverse: 743 (67.2%)
  [3a] Subgraph / edge_w   k=100 …
2026-07-01 18:17:14.577 | INFO     | pycaalp.time_balancing.model:run_mip:430 - Running MIP solver ...
      obj=0.841 (vs_full=+0.00%)  alpha=1092.5s  build=0.228s solve=0.130s  vs_full=+0.00%
  [3b] Subgraph / bal_w    k=100 …
2026-07-01 18:17:14.707 | INFO     | pycaalp.time_balancing.model:run_mip:430 - Running MIP solver ...
      obj=0.963 (vs_full=+14.46%)  alpha=1122.3s  build=0.126s solve=0.421s  vs_full=+2.73%
  [3c] Subgraph / combined k=100 …
2026-07-01 18:17:15.128 | INFO     | pycaalp.time_balancing.model:run_mip:430 - Running MIP solver ...
      obj=0.841 (vs_full=+0.00%)  alpha=1092.5s  build=0.386s solve=0.433s  vs_full=+0.00%
  [3d] Subgraph / blended  k=100 …
2026-07-01 18:17:15.560 | INFO     | pycaalp.time_balancing.model:run_mip:430 - Running MIP solver ...
      obj=0.841 (vs_full=+0.00%)  alpha=1092.5s  build=0.264s solve=0.219s  vs_full=+0.00%
  [3e] Subgraph / bl-union k=100 …
2026-07-01 18:17:15.780 | INFO     | pycaalp.time_balancing.model:run_mip:430 - Running MIP solver ...
      obj=0.841 (vs_full=+0.00%)  alpha=1092.5s  build=0.905s solve=0.366s  vs_full=+0.00%
  [3f] Subgraph / diverse  k=100 …
2026-07-01 18:17:16.146 | INFO     | pycaalp.time_balancing.model:run_mip:430 - Running MIP solver ...
      obj=0.841 (vs_full=+0.00%)  alpha=1092.5s  build=0.067s solve=1.934s  vs_full=+0.00%

k = 200
  Subgraph edges — edge_w: 95 (8.6%)  bal_w: 118 (10.7%)  combined: 211 (19.1%)  blended: 65 (5.9%)  blended_union: 212 (19.2%)  diverse: 906 (82.0%)
  [3a] Subgraph / edge_w   k=200 …
2026-07-01 18:17:21.738 | INFO     | pycaalp.time_balancing.model:run_mip:430 - Running MIP solver ...
      obj=0.841 (vs_full=+0.00%)  alpha=1092.5s  build=0.443s solve=0.153s  vs_full=+0.00%
  [3b] Subgraph / bal_w    k=200 …
2026-07-01 18:17:21.891 | INFO     | pycaalp.time_balancing.model:run_mip:430 - Running MIP solver ...
      obj=0.962 (vs_full=+14.42%)  alpha=1122.3s  build=0.323s solve=0.418s  vs_full=+2.73%
  [3c] Subgraph / combined k=200 …
2026-07-01 18:17:22.309 | INFO     | pycaalp.time_balancing.model:run_mip:430 - Running MIP solver ...
      obj=0.841 (vs_full=+0.00%)  alpha=1092.5s  build=0.743s solve=0.792s  vs_full=+0.00%
  [3d] Subgraph / blended  k=200 …
2026-07-01 18:17:23.102 | INFO     | pycaalp.time_balancing.model:run_mip:430 - Running MIP solver ...
      obj=0.841 (vs_full=+0.00%)  alpha=1092.5s  build=0.500s solve=0.142s  vs_full=+0.00%
  [3e] Subgraph / bl-union k=200 …
2026-07-01 18:17:23.244 | INFO     | pycaalp.time_balancing.model:run_mip:430 - Running MIP solver ...
      obj=0.841 (vs_full=+0.00%)  alpha=1092.5s  build=1.526s solve=0.640s  vs_full=+0.00%
  [3f] Subgraph / diverse  k=200 …
2026-07-01 18:17:23.884 | INFO     | pycaalp.time_balancing.model:run_mip:430 - Running MIP solver ...
      obj=0.841 (vs_full=+0.00%)  alpha=1092.5s  build=0.122s solve=3.124s  vs_full=+0.00%

k = 500
  Subgraph edges — edge_w: 108 (9.8%)  bal_w: 170 (15.4%)  combined: 274 (24.8%)  blended: 86 (7.8%)  blended_union: 278 (25.2%)  diverse: 1054 (95.4%)
  [3a] Subgraph / edge_w   k=500 …
2026-07-01 18:17:40.848 | INFO     | pycaalp.time_balancing.model:run_mip:430 - Running MIP solver ...
      obj=0.841 (vs_full=+0.00%)  alpha=1092.5s  build=1.822s solve=0.203s  vs_full=+0.00%
  [3b] Subgraph / bal_w    k=500 …
2026-07-01 18:17:41.052 | INFO     | pycaalp.time_balancing.model:run_mip:430 - Running MIP solver ...
      obj=0.939 (vs_full=+11.68%)  alpha=1104.1s  build=1.277s solve=0.444s  vs_full=+1.06%
  [3c] Subgraph / combined k=500 …
2026-07-01 18:17:41.496 | INFO     | pycaalp.time_balancing.model:run_mip:430 - Running MIP solver ...
      obj=0.841 (vs_full=+0.00%)  alpha=1092.5s  build=3.649s solve=0.714s  vs_full=+0.00%
  [3d] Subgraph / blended  k=500 …
2026-07-01 18:17:42.210 | INFO     | pycaalp.time_balancing.model:run_mip:430 - Running MIP solver ...
      obj=0.841 (vs_full=+0.00%)  alpha=1092.5s  build=2.105s solve=0.180s  vs_full=+0.00%
  [3e] Subgraph / bl-union k=500 …
2026-07-01 18:17:42.390 | INFO     | pycaalp.time_balancing.model:run_mip:430 - Running MIP solver ...
      obj=0.841 (vs_full=+0.00%)  alpha=1092.5s  build=4.541s solve=0.741s  vs_full=+0.00%
  [3f] Subgraph / diverse  k=500 …
2026-07-01 18:17:43.131 | INFO     | pycaalp.time_balancing.model:run_mip:430 - Running MIP solver ...
      obj=0.841 (vs_full=+0.00%)  alpha=1092.5s  build=0.447s solve=5.375s  vs_full=+0.00%

k = 1000
  Subgraph edges — edge_w: 142 (12.9%)  bal_w: 223 (20.2%)  combined: 359 (32.5%)  blended: 158 (14.3%)  blended_union: 305 (27.6%)  diverse: 1101 (99.6%)
  [3a] Subgraph / edge_w   k=1000 …
2026-07-01 18:18:14.818 | INFO     | pycaalp.time_balancing.model:run_mip:430 - Running MIP solver ...
      obj=0.841 (vs_full=-0.00%)  alpha=1092.5s  build=3.443s solve=0.298s  vs_full=+0.00%
  [3b] Subgraph / bal_w    k=1000 …
2026-07-01 18:18:15.116 | INFO     | pycaalp.time_balancing.model:run_mip:430 - Running MIP solver ...
      obj=0.935 (vs_full=+11.21%)  alpha=1104.1s  build=2.655s solve=1.418s  vs_full=+1.06%
  [3c] Subgraph / combined k=1000 …
2026-07-01 18:18:16.534 | INFO     | pycaalp.time_balancing.model:run_mip:430 - Running MIP solver ...
      obj=0.841 (vs_full=+0.00%)  alpha=1092.5s  build=5.362s solve=0.972s  vs_full=+0.00%
  [3d] Subgraph / blended  k=1000 …
2026-07-01 18:18:17.506 | INFO     | pycaalp.time_balancing.model:run_mip:430 - Running MIP solver ...
      obj=0.841 (vs_full=+0.00%)  alpha=1092.5s  build=3.226s solve=0.460s  vs_full=+0.00%
  [3e] Subgraph / bl-union k=1000 …
2026-07-01 18:18:17.966 | INFO     | pycaalp.time_balancing.model:run_mip:430 - Running MIP solver ...
      obj=0.841 (vs_full=+0.00%)  alpha=1092.5s  build=10.684s solve=0.952s  vs_full=+0.00%
  [3f] Subgraph / diverse  k=1000 …
2026-07-01 18:18:18.918 | INFO     | pycaalp.time_balancing.model:run_mip:430 - Running MIP solver ...
      obj=0.841 (vs_full=+0.00%)  alpha=1092.5s  build=0.941s solve=4.370s  vs_full=+0.00%

k = 2000
  Subgraph edges — edge_w: 185 (16.7%)  bal_w: 291 (26.3%)  combined: 464 (42.0%)  blended: 228 (20.6%)  blended_union: 356 (32.2%)  diverse: 1105 (100.0%)
  [3a] Subgraph / edge_w   k=2000 …
2026-07-01 18:19:26.913 | INFO     | pycaalp.time_balancing.model:run_mip:430 - Running MIP solver ...
      obj=0.841 (vs_full=+0.00%)  alpha=1092.5s  build=7.745s solve=0.597s  vs_full=+0.00%
  [3b] Subgraph / bal_w    k=2000 …
2026-07-01 18:19:27.510 | INFO     | pycaalp.time_balancing.model:run_mip:430 - Running MIP solver ...
      obj=0.930 (vs_full=+10.62%)  alpha=1104.1s  build=5.576s solve=1.352s  vs_full=+1.06%
  [3c] Subgraph / combined k=2000 …
2026-07-01 18:19:28.862 | INFO     | pycaalp.time_balancing.model:run_mip:430 - Running MIP solver ...
      obj=0.841 (vs_full=+0.00%)  alpha=1092.5s  build=13.484s solve=1.339s  vs_full=+0.00%
  [3d] Subgraph / blended  k=2000 …
2026-07-01 18:19:30.201 | INFO     | pycaalp.time_balancing.model:run_mip:430 - Running MIP solver ...
      obj=0.841 (vs_full=-0.00%)  alpha=1092.5s  build=10.313s solve=0.848s  vs_full=+0.00%
  [3e] Subgraph / bl-union k=2000 …
2026-07-01 18:19:31.048 | INFO     | pycaalp.time_balancing.model:run_mip:430 - Running MIP solver ...
      obj=0.841 (vs_full=+0.00%)  alpha=1092.5s  build=24.492s solve=1.205s  vs_full=+0.00%
  [3f] Subgraph / diverse  k=2000 …
2026-07-01 18:19:32.254 | INFO     | pycaalp.time_balancing.model:run_mip:430 - Running MIP solver ...
      obj=0.841 (vs_full=+0.00%)  alpha=1092.5s  build=2.014s solve=5.764s  vs_full=+0.00%

k = 5000
  Subgraph edges — edge_w: 232 (21.0%)  bal_w: 382 (34.6%)  combined: 593 (53.7%)  blended: 315 (28.5%)  blended_union: 482 (43.6%)  diverse: 1105 (100.0%)
  [3a] Subgraph / edge_w   k=5000 …
2026-07-01 18:24:04.567 | INFO     | pycaalp.time_balancing.model:run_mip:430 - Running MIP solver ...
      obj=0.841 (vs_full=+0.00%)  alpha=1092.5s  build=32.621s solve=0.462s  vs_full=+0.00%
  [3b] Subgraph / bal_w    k=5000 …
2026-07-01 18:24:05.030 | INFO     | pycaalp.time_balancing.model:run_mip:430 - Running MIP solver ...
      obj=0.928 (vs_full=+10.38%)  alpha=1104.1s  build=23.806s solve=1.472s  vs_full=+1.06%
  [3c] Subgraph / combined k=5000 …
2026-07-01 18:24:06.502 | INFO     | pycaalp.time_balancing.model:run_mip:430 - Running MIP solver ...
      obj=0.841 (vs_full=+0.00%)  alpha=1092.5s  build=56.893s solve=1.280s  vs_full=+0.00%
  [3d] Subgraph / blended  k=5000 …
2026-07-01 18:24:07.782 | INFO     | pycaalp.time_balancing.model:run_mip:430 - Running MIP solver ...
      obj=0.841 (vs_full=+0.00%)  alpha=1092.5s  build=40.387s solve=1.286s  vs_full=+0.00%
  [3e] Subgraph / bl-union k=5000 …
2026-07-01 18:24:09.068 | INFO     | pycaalp.time_balancing.model:run_mip:430 - Running MIP solver ...
      obj=0.841 (vs_full=+0.00%)  alpha=1092.5s  build=108.661s solve=2.149s  vs_full=+0.00%
  [3f] Subgraph / diverse  k=5000 …
2026-07-01 18:24:11.217 | INFO     | pycaalp.time_balancing.model:run_mip:430 - Running MIP solver ...
      obj=0.841 (vs_full=+0.00%)  alpha=1092.5s  build=4.181s solve=3.850s  vs_full=+0.00%

Results saved to experiments/strategy_comparison/assembly_1_np_2/strategy_comparison_lambda_0.65.csv
Plot with:  python -m experiments.strategy_comparison.plot_k_sensitivity

============================================================================================================================
SUMMARY — assembly_1  P=2  λ=0.65
============================================================================================================================
Strategy       Weight                      k   Build    Solve    Total  Spdup       Obj   ObjvsF     Alpha    AlvsF   Edges  %Grph
----------------------------------------------------------------------------------------------------------------------------
full_mip       —                               0.000    4.630    4.630   1.0x     0.841    +0.00   1092.52    +0.00    1105  100.0
subgraph_mip   edge_weight                 1   0.002    0.005    0.007 652.5x     0.845    +0.44   1102.04    +0.87      13    1.2
subgraph_mip   time_balanced_weight        1   0.001    0.006    0.007 683.8x     0.992   +17.98   1160.13    +6.19      13    1.2
subgraph_mip   combined                    1   0.002    0.015    0.017 278.0x     0.845    +0.44   1102.04    +0.87      26    2.4
subgraph_mip   blended                     1   0.001    0.007    0.009 527.8x     0.841    +0.00   1092.52    +0.00      13    1.2
subgraph_mip   blended_union               1   0.015    0.036    0.051  91.2x     0.841    +0.00   1092.52    +0.00      31    2.8
subgraph_mip   diverse                     1   0.003    0.007    0.010 459.3x     0.841    +0.00   1092.52    +0.00      13    1.2
subgraph_mip   edge_weight                 2   0.003    0.022    0.026 179.0x     0.845    +0.44   1102.04    +0.87      15    1.4
subgraph_mip   time_balanced_weight        2   0.003    0.033    0.036 127.5x     0.991   +17.84   1088.33    -0.38      20    1.8
subgraph_mip   combined                    2   0.008    0.045    0.054  86.5x     0.845    +0.44   1102.04    +0.87      35    3.2
subgraph_mip   blended                     2   0.005    0.019    0.024 194.0x     0.841    +0.00   1092.52    +0.00      15    1.4
subgraph_mip   blended_union               2   0.032    0.055    0.087  53.0x     0.841    +0.00   1092.52    +0.00      36    3.3
subgraph_mip   diverse                     2   0.007    0.045    0.052  88.9x     0.841    +0.00   1092.52    +0.00      26    2.4
subgraph_mip   edge_weight                 5   0.016    0.053    0.069  67.2x     0.845    +0.44   1102.04    +0.87      21    1.9
subgraph_mip   time_balanced_weight        5   0.006    0.071    0.077  60.1x     0.965   +14.67   1122.33    +2.73      29    2.6
subgraph_mip   combined                    5   0.016    0.076    0.092  50.6x     0.845    +0.44   1102.04    +0.87      50    4.5
subgraph_mip   blended                     5   0.022    0.021    0.043 107.6x     0.841    +0.00   1092.52    +0.00      19    1.7
subgraph_mip   blended_union               5   0.045    0.129    0.173  26.7x     0.841    -0.00   1092.52    +0.00      49    4.4
subgraph_mip   diverse                     5   0.009    0.261    0.269  17.2x     0.841    +0.00   1092.52    +0.00      65    5.9
subgraph_mip   edge_weight                10   0.026    0.082    0.109  42.6x     0.845    +0.44   1102.04    +0.87      24    2.2
subgraph_mip   time_balanced_weight       10   0.012    0.069    0.081  57.2x     0.965   +14.67   1122.33    +2.73      39    3.5
subgraph_mip   combined                   10   0.031    0.121    0.152  30.5x     0.845    +0.44   1102.04    +0.87      63    5.7
subgraph_mip   blended                    10   0.021    0.066    0.087  53.5x     0.841    +0.00   1092.52    +0.00      27    2.4
subgraph_mip   blended_union              10   0.100    0.257    0.357  13.0x     0.841    +0.00   1092.52    +0.00      64    5.8
subgraph_mip   diverse                    10   0.010    0.404    0.414  11.2x     0.841    +0.00   1092.52    +0.00     126   11.4
subgraph_mip   edge_weight                20   0.062    0.053    0.115  40.2x     0.844    +0.39   1100.04    +0.69      35    3.2
subgraph_mip   time_balanced_weight       20   0.047    0.177    0.224  20.7x     0.965   +14.67   1122.33    +2.73      49    4.4
subgraph_mip   combined                   20   0.086    0.219    0.305  15.2x     0.844    +0.39   1100.04    +0.69      84    7.6
subgraph_mip   blended                    20   0.069    0.079    0.148  31.2x     0.841    +0.00   1092.52    +0.00      35    3.2
subgraph_mip   blended_union              20   0.213    0.420    0.633   7.3x     0.841    +0.00   1092.52    +0.00      87    7.9
subgraph_mip   diverse                    20   0.018    0.305    0.323  14.3x     0.841    +0.00   1092.52    +0.00     239   21.6
subgraph_mip   edge_weight                50   0.132    0.140    0.272  17.0x     0.841    +0.00   1092.52    +0.00      54    4.9
subgraph_mip   time_balanced_weight       50   0.094    0.225    0.319  14.5x     0.963   +14.46   1122.33    +2.73      74    6.7
subgraph_mip   combined                   50   0.208    0.666    0.875   5.3x     0.841    +0.00   1092.52    +0.00     127   11.5
subgraph_mip   blended                    50   0.170    0.267    0.437  10.6x     0.841    +0.00   1092.52    +0.00      42    3.8
subgraph_mip   blended_union              50   0.406    0.496    0.902   5.1x     0.841    +0.00   1092.52    +0.00     117   10.6
subgraph_mip   diverse                    50   0.022    0.796    0.818   5.7x     0.841    +0.00   1092.52    +0.00     511   46.2
subgraph_mip   edge_weight               100   0.228    0.130    0.357  12.9x     0.841    +0.00   1092.52    +0.00      78    7.1
subgraph_mip   time_balanced_weight      100   0.126    0.421    0.547   8.5x     0.963   +14.46   1122.33    +2.73      85    7.7
subgraph_mip   combined                  100   0.386    0.433    0.819   5.7x     0.841    +0.00   1092.52    +0.00     162   14.7
subgraph_mip   blended                   100   0.264    0.219    0.483   9.6x     0.841    +0.00   1092.52    +0.00      46    4.2
subgraph_mip   blended_union             100   0.905    0.366    1.272   3.6x     0.841    +0.00   1092.52    +0.00     167   15.1
subgraph_mip   diverse                   100   0.067    1.934    2.001   2.3x     0.841    +0.00   1092.52    +0.00     743   67.2
subgraph_mip   edge_weight               200   0.443    0.153    0.596   7.8x     0.841    +0.00   1092.52    +0.00      95    8.6
subgraph_mip   time_balanced_weight      200   0.323    0.418    0.741   6.2x     0.962   +14.42   1122.33    +2.73     118   10.7
subgraph_mip   combined                  200   0.743    0.792    1.535   3.0x     0.841    +0.00   1092.52    +0.00     211   19.1
subgraph_mip   blended                   200   0.500    0.142    0.642   7.2x     0.841    +0.00   1092.52    +0.00      65    5.9
subgraph_mip   blended_union             200   1.526    0.640    2.166   2.1x     0.841    +0.00   1092.52    +0.00     212   19.2
subgraph_mip   diverse                   200   0.122    3.124    3.246   1.4x     0.841    +0.00   1092.52    +0.00     906   82.0
subgraph_mip   edge_weight               500   1.822    0.203    2.025   2.3x     0.841    +0.00   1092.52    +0.00     108    9.8
subgraph_mip   time_balanced_weight      500   1.277    0.444    1.721   2.7x     0.939   +11.68   1104.13    +1.06     170   15.4
subgraph_mip   combined                  500   3.649    0.714    4.363   1.1x     0.841    +0.00   1092.52    +0.00     274   24.8
subgraph_mip   blended                   500   2.105    0.180    2.284   2.0x     0.841    +0.00   1092.52    +0.00      86    7.8
subgraph_mip   blended_union             500   4.541    0.741    5.281   0.9x     0.841    +0.00   1092.52    +0.00     278   25.2
subgraph_mip   diverse                   500   0.447    5.375    5.822   0.8x     0.841    +0.00   1092.52    +0.00    1054   95.4
subgraph_mip   edge_weight              1000   3.443    0.298    3.741   1.2x     0.841    -0.00   1092.52    +0.00     142   12.8
subgraph_mip   time_balanced_weight     1000   2.655    1.418    4.072   1.1x     0.935   +11.21   1104.13    +1.06     223   20.2
subgraph_mip   combined                 1000   5.362    0.972    6.334   0.7x     0.841    +0.00   1092.52    +0.00     359   32.5
subgraph_mip   blended                  1000   3.226    0.460    3.686   1.3x     0.841    +0.00   1092.52    +0.00     158   14.3
subgraph_mip   blended_union            1000  10.684    0.952   11.636   0.4x     0.841    +0.00   1092.52    +0.00     305   27.6
subgraph_mip   diverse                  1000   0.941    4.370    5.311   0.9x     0.841    +0.00   1092.52    +0.00    1101   99.6
subgraph_mip   edge_weight              2000   7.745    0.597    8.342   0.6x     0.841    +0.00   1092.52    +0.00     185   16.7
subgraph_mip   time_balanced_weight     2000   5.576    1.352    6.928   0.7x     0.930   +10.62   1104.13    +1.06     291   26.3
subgraph_mip   combined                 2000  13.484    1.339   14.823   0.3x     0.841    +0.00   1092.52    +0.00     464   42.0
subgraph_mip   blended                  2000  10.313    0.848   11.161   0.4x     0.841    -0.00   1092.52    +0.00     228   20.6
subgraph_mip   blended_union            2000  24.492    1.205   25.697   0.2x     0.841    +0.00   1092.52    +0.00     356   32.2
subgraph_mip   diverse                  2000   2.014    5.764    7.779   0.6x     0.841    +0.00   1092.52    +0.00    1105  100.0
subgraph_mip   edge_weight              5000  32.621    0.462   33.083   0.1x     0.841    +0.00   1092.52    +0.00     232   21.0
subgraph_mip   time_balanced_weight     5000  23.806    1.472   25.277   0.2x     0.928   +10.38   1104.13    +1.06     382   34.6
subgraph_mip   combined                 5000  56.893    1.280   58.173   0.1x     0.841    +0.00   1092.52    +0.00     593   53.7
subgraph_mip   blended                  5000  40.387    1.286   41.673   0.1x     0.841    +0.00   1092.52    +0.00     315   28.5
subgraph_mip   blended_union            5000 108.661    2.149  110.810   0.0x     0.841    +0.00   1092.52    +0.00     482   43.6
subgraph_mip   diverse                  5000   4.181    3.850    8.030   0.6x     0.841    +0.00   1092.52    +0.00    1105  100.0
============================================================================================================================

----------------- λ = 0.7 -----------------
========================================================================
Strategy Comparison Experiment — assembly_1  P=2  λ=0.7
========================================================================

Building assembly digraph …
2026-07-01 18:16:59.977 | INFO     | pycaalp.gapp.assembly_digraph:compute_assembly_digraph_complete:395 - Computing assembly digraph...
  343 nodes, 1105 edges  (0.2s)

[1] Full MIP  P=2  λ=0.7
2026-07-01 18:17:00.216 | INFO     | pycaalp.time_balancing.model:run_mip:430 - Running MIP solver ...
presolving:
(round 1, fast)       28 del vars, 40 del conss, 0 add conss, 0 chg bounds, 0 chg sides, 0 chg coeffs, 0 upgd conss, 0 impls, 43 clqs, 0 implints
(round 2, exhaustive) 28 del vars, 40 del conss, 0 add conss, 1 chg bounds, 0 chg sides, 0 chg coeffs, 2253 upgd conss, 0 impls, 43 clqs, 0 implints
   (0.2s) probing: 1000/1129 (88.6%) - 0 fixings, 0 aggregations, 119627 implications, 0 bound changes
   (0.2s) probing: 1001/1129 (88.7%) - 0 fixings, 0 aggregations, 119803 implications, 0 bound changes
   (0.2s) probing aborted: 1000/1000 successive useless probings
   (0.2s) symmetry computation started: requiring (bin +, int +, cont +), (fixed: bin -, int -, cont -)
   (0.2s) no symmetry present (symcode time: 0.00)
presolving (3 rounds: 3 fast, 2 medium, 2 exhaustive):
 28 deleted vars, 40 deleted constraints, 0 added constraints, 1 tightened bounds, 0 added holes, 0 changed sides, 0 changed coefficients
 0 implications, 8934 cliques, 0 implied integral variables (0 bin, 0 int, 0 cont)
presolved problem has 1130 variables (1129 bin, 0 int, 1 cont) and 2565 constraints
     43 constraints of type <setppc>
    312 constraints of type <linear>
   2210 constraints of type <logicor>
Presolving Time: 0.23

 time | node  | left  |LP iter|LP it/n|mem/heur|mdpt |vars |cons |rows |cuts |sepa|confs|strbr|  dualbound   | primalbound  |  gap   | compl. 
p 0.2s|     1 |     0 |     4 |     - | vbounds|   0 |1130 |2578 |2565 |   0 |  0 |  12 |   0 | 0.000000e+00 | 1.470645e+00 |    Inf | unknown
  0.3s|     1 |     0 |   363 |     - |    21M |   0 |1130 |2590 |2565 |   0 |  0 |  24 |   0 | 8.329273e-01 | 1.470645e+00 |  76.56%| unknown
  0.4s|     1 |     0 |   387 |     - |    23M |   0 |1130 |2591 |2567 |   2 |  1 |  25 |   0 | 8.329335e-01 | 1.470645e+00 |  76.56%| unknown
r 0.4s|     1 |     0 |   387 |     - |shifting|   0 |1130 |2591 |2567 |   2 |  1 |  25 |   0 | 8.329335e-01 | 8.457639e-01 |   1.54%| unknown
  0.4s|     1 |     0 |   406 |     - |    24M |   0 |1130 |2591 |2568 |   3 |  2 |  25 |   0 | 8.329639e-01 | 8.457639e-01 |   1.54%| unknown
  0.4s|     1 |     0 |   406 |     - |    24M |   0 |1130 |2591 |2568 |   3 |  2 |  25 |   0 | 8.329639e-01 | 8.457639e-01 |   1.54%| unknown
  0.4s|     1 |     0 |   406 |     - |    24M |   0 |1130 |2591 |1864 |   3 |  2 |  25 |   0 | 8.329639e-01 | 8.457639e-01 |   1.54%| unknown
  0.5s|     1 |     0 |   419 |     - |    24M |   0 |1130 |2280 |1859 |   4 |  3 |  25 |   0 | 8.329712e-01 | 8.457639e-01 |   1.54%| unknown
  0.7s|     1 |     0 |   432 |     - |    28M |   0 |1130 |2160 |1861 |   6 |  4 |  25 |   0 | 8.329786e-01 | 8.457639e-01 |   1.53%| unknown
  0.8s|     1 |     0 |   442 |     - |    35M |   0 |1130 |2159 |1862 |   7 |  5 |  25 |   0 | 8.329813e-01 | 8.457639e-01 |   1.53%| unknown
  1.1s|     1 |     0 |   466 |     - |    40M |   0 |1130 |2150 |1864 |   9 |  6 |  25 |   0 | 8.329903e-01 | 8.457639e-01 |   1.53%| unknown
  1.2s|     1 |     0 |   482 |     - |    46M |   0 |1130 |2099 |1865 |  10 |  7 |  25 |   0 | 8.329967e-01 | 8.457639e-01 |   1.53%| unknown
  1.4s|     1 |     0 |   498 |     - |    49M |   0 |1130 |2098 |1868 |  13 |  8 |  25 |   0 | 8.330157e-01 | 8.457639e-01 |   1.53%| unknown
  1.6s|     1 |     0 |   512 |     - |    57M |   0 |1130 |2033 |1870 |  15 |  9 |  25 |   0 | 8.330302e-01 | 8.457639e-01 |   1.53%| unknown
  1.7s|     1 |     0 |   523 |     - |    65M |   0 |1130 |2033 |1872 |  17 | 10 |  25 |   0 | 8.330384e-01 | 8.457639e-01 |   1.53%| unknown
 time | node  | left  |LP iter|LP it/n|mem/heur|mdpt |vars |cons |rows |cuts |sepa|confs|strbr|  dualbound   | primalbound  |  gap   | compl. 
  1.7s|     1 |     0 |   540 |     - |    65M |   0 |1130 |2033 |1874 |  19 | 11 |  25 |   0 | 8.330452e-01 | 8.457639e-01 |   1.53%| unknown
  1.7s|     1 |     0 |   540 |     - |    65M |   0 |1130 |1578 |1874 |  19 | 11 |  25 |   0 | 8.330452e-01 | 8.457639e-01 |   1.53%| unknown
  1.7s|     1 |     0 |   541 |     - |    65M |   0 |1130 |1578 |1875 |  20 | 12 |  25 |   0 | 8.330476e-01 | 8.457639e-01 |   1.53%| unknown
  1.7s|     1 |     0 |   545 |     - |    65M |   0 |1130 |1464 |1877 |  22 | 13 |  27 |   0 | 8.330483e-01 | 8.457639e-01 |   1.53%| unknown
  1.7s|     1 |     0 |   550 |     - |    66M |   0 |1130 |1219 |1880 |  25 | 14 |  27 |   0 | 8.330498e-01 | 8.457639e-01 |   1.53%| unknown
  1.8s|     1 |     0 |   559 |     - |    66M |   0 |1130 |1193 |1881 |  27 | 15 |  27 |   0 | 8.330505e-01 | 8.457639e-01 |   1.53%| unknown
  1.8s|     1 |     0 |   562 |     - |    66M |   0 |1130 |1161 |1882 |  28 | 16 |  27 |   0 | 8.330505e-01 | 8.457639e-01 |   1.53%| unknown
  1.8s|     1 |     0 |   568 |     - |    66M |   0 |1130 |1154 |1884 |  30 | 17 |  27 |   0 | 8.330507e-01 | 8.457639e-01 |   1.53%| unknown
  1.8s|     1 |     0 |   572 |     - |    66M |   0 |1130 |1056 |1885 |  31 | 18 |  27 |   0 | 8.330514e-01 | 8.457639e-01 |   1.53%| unknown
  1.8s|     1 |     0 |   573 |     - |    67M |   0 |1130 |1054 |1886 |  32 | 19 |  28 |   0 | 8.330515e-01 | 8.457639e-01 |   1.53%| unknown
  1.8s|     1 |     0 |   574 |     - |    67M |   0 |1130 |1051 |1887 |  33 | 20 |  29 |   0 | 8.330517e-01 | 8.457639e-01 |   1.53%| unknown
d 1.8s|     1 |     0 |   773 |     - |farkasdi|   0 |1130 |1052 |1887 |   0 | 21 |  30 |   0 | 8.330517e-01 | 8.451091e-01 |   1.45%| unknown
(run 1, node 1) restarting after 720 global fixings of integer variables

(restart) converted 32 cuts from the global cut pool into linear constraints

presolving:
(round 1, fast)       722 del vars, 123 del conss, 0 add conss, 2 chg bounds, 0 chg sides, 3 chg coeffs, 0 upgd conss, 0 impls, 1547 clqs, 0 implints
(round 2, medium)     723 del vars, 123 del conss, 0 add conss, 3 chg bounds, 0 chg sides, 3 chg coeffs, 0 upgd conss, 0 impls, 1545 clqs, 0 implints
(round 3, fast)       723 del vars, 125 del conss, 0 add conss, 3 chg bounds, 0 chg sides, 3 chg coeffs, 0 upgd conss, 0 impls, 1545 clqs, 0 implints
(round 4, exhaustive) 723 del vars, 125 del conss, 0 add conss, 3 chg bounds, 0 chg sides, 3 chg coeffs, 16 upgd conss, 0 impls, 1545 clqs, 0 implints
(round 5, exhaustive) 723 del vars, 126 del conss, 0 add conss, 3 chg bounds, 0 chg sides, 3 chg coeffs, 16 upgd conss, 0 impls, 1545 clqs, 0 implints
(round 6, exhaustive) 723 del vars, 126 del conss, 0 add conss, 3 chg bounds, 0 chg sides, 10 chg coeffs, 16 upgd conss, 0 impls, 1545 clqs, 0 implints
(round 7, exhaustive) 723 del vars, 126 del conss, 0 add conss, 3 chg bounds, 0 chg sides, 14 chg coeffs, 16 upgd conss, 0 impls, 1545 clqs, 0 implints
presolving (8 rounds: 8 fast, 6 medium, 5 exhaustive):
 723 deleted vars, 126 deleted constraints, 0 added constraints, 3 tightened bounds, 0 added holes, 0 changed sides, 14 changed coefficients
 0 implications, 1545 cliques, 0 implied integral variables (0 bin, 0 int, 0 cont)
presolved problem has 407 variables (406 bin, 0 int, 1 cont) and 978 constraints
     46 constraints of type <setppc>
    144 constraints of type <linear>
    788 constraints of type <logicor>
Presolving Time: 0.23
transformed 3/5 original solutions to the transformed problem space

 time | node  | left  |LP iter|LP it/n|mem/heur|mdpt |vars |cons |rows |cuts |sepa|confs|strbr|  dualbound   | primalbound  |  gap   | compl. 
  1.9s|     1 |     0 |  1378 |     - |    62M |   0 | 407 | 978 | 950 |   0 |  0 |  50 |   0 | 8.330517e-01 | 8.451091e-01 |   1.45%| unknown
  1.9s|     1 |     0 |  1378 |     - |    62M |   0 | 407 | 982 | 935 |   0 |  0 |  54 |   0 | 8.330517e-01 | 8.451091e-01 |   1.45%| unknown
  1.9s|     1 |     0 |  1438 |     - |    64M |   0 | 407 | 974 | 915 |   2 |  1 |  54 |   0 | 8.331039e-01 | 8.451091e-01 |   1.44%| unknown
  2.0s|     1 |     0 |  1476 |     - |    64M |   0 | 407 | 966 | 917 |   4 |  2 |  54 |   0 | 8.331258e-01 | 8.451091e-01 |   1.44%| unknown
  2.1s|     1 |     0 |  1483 |     - |    65M |   0 | 407 | 966 | 919 |   6 |  3 |  55 |   0 | 8.331273e-01 | 8.451091e-01 |   1.44%| unknown
  2.2s|     1 |     0 |  1494 |     - |    65M |   0 | 407 | 956 | 920 |   7 |  4 |  55 |   0 | 8.331303e-01 | 8.451091e-01 |   1.44%| unknown
  2.2s|     1 |     0 |  1503 |     - |    68M |   0 | 407 | 956 | 922 |   9 |  5 |  55 |   0 | 8.331318e-01 | 8.451091e-01 |   1.44%| unknown
  2.3s|     1 |     0 |  1507 |     - |    69M |   0 | 407 | 954 | 924 |  11 |  6 |  55 |   0 | 8.331318e-01 | 8.451091e-01 |   1.44%| unknown
  2.4s|     1 |     0 |  1511 |     - |    70M |   0 | 407 | 955 | 925 |  12 |  7 |  56 |   0 | 8.331320e-01 | 8.451091e-01 |   1.44%| unknown
  2.5s|     1 |     0 |  1519 |     - |    77M |   0 | 407 | 956 | 926 |  13 |  8 |  57 |   0 | 8.331328e-01 | 8.451091e-01 |   1.44%| unknown
  2.5s|     1 |     0 |  1528 |     - |    86M |   0 | 407 | 959 | 928 |  15 |  9 |  60 |   0 | 8.331333e-01 | 8.451091e-01 |   1.44%| unknown
  2.6s|     1 |     0 |  1558 |     - |    87M |   0 | 407 | 957 | 930 |  17 | 10 |  60 |   0 | 8.331362e-01 | 8.451091e-01 |   1.44%| unknown
  2.7s|     1 |     0 |  1565 |     - |    87M |   0 | 407 | 959 | 932 |  19 | 11 |  62 |   0 | 8.331364e-01 | 8.451091e-01 |   1.44%| unknown
  2.7s|     1 |     0 |  1565 |     - |    87M |   0 | 407 | 929 | 932 |  19 | 11 |  63 |   0 | 8.331364e-01 | 8.451091e-01 |   1.44%| unknown
  2.7s|     1 |     0 |  1575 |     - |    87M |   0 | 407 | 929 | 935 |  22 | 12 |  63 |   0 | 8.331366e-01 | 8.451091e-01 |   1.44%| unknown
 time | node  | left  |LP iter|LP it/n|mem/heur|mdpt |vars |cons |rows |cuts |sepa|confs|strbr|  dualbound   | primalbound  |  gap   | compl. 
  2.7s|     1 |     0 |  1580 |     - |    87M |   0 | 407 | 921 | 937 |  24 | 13 |  64 |   0 | 8.331367e-01 | 8.451091e-01 |   1.44%| unknown
  2.7s|     1 |     0 |  1584 |     - |    88M |   0 | 407 | 921 | 938 |  25 | 14 |  67 |   0 | 8.331378e-01 | 8.451091e-01 |   1.44%| unknown
  2.7s|     1 |     0 |  1592 |     - |    88M |   0 | 407 | 917 | 911 |  27 | 15 |  67 |   0 | 8.331383e-01 | 8.451091e-01 |   1.44%| unknown
  2.7s|     1 |     0 |  1598 |     - |    88M |   0 | 407 | 923 | 912 |  28 | 16 |  73 |   0 | 8.331392e-01 | 8.451091e-01 |   1.44%| unknown
  2.7s|     1 |     0 |  1603 |     - |    88M |   0 | 407 | 923 | 913 |  29 | 17 |  73 |   0 | 8.331396e-01 | 8.451091e-01 |   1.44%| unknown
  2.7s|     1 |     0 |  1609 |     - |    88M |   0 | 407 | 921 | 915 |  31 | 18 |  73 |   0 | 8.331399e-01 | 8.451091e-01 |   1.44%| unknown
  2.7s|     1 |     0 |  1616 |     - |    88M |   0 | 407 | 921 | 916 |  32 | 19 |  73 |   0 | 8.331404e-01 | 8.451091e-01 |   1.44%| unknown
  2.7s|     1 |     0 |  1617 |     - |    88M |   0 | 407 | 922 | 917 |  33 | 20 |  74 |   0 | 8.331404e-01 | 8.451091e-01 |   1.44%| unknown
  2.7s|     1 |     0 |  1619 |     - |    88M |   0 | 407 | 923 | 906 |  34 | 21 |  75 |   0 | 8.331409e-01 | 8.451091e-01 |   1.44%| unknown
  2.7s|     1 |     0 |  1641 |     - |    88M |   0 | 407 | 923 | 907 |  35 | 22 |  75 |   0 | 8.331429e-01 | 8.451091e-01 |   1.44%| unknown
(run 2, node 1) restarting after 39 global fixings of integer variables

(restart) converted 22 cuts from the global cut pool into linear constraints

presolving:
(round 1, fast)       40 del vars, 11 del conss, 0 add conss, 0 chg bounds, 0 chg sides, 2 chg coeffs, 0 upgd conss, 0 impls, 1443 clqs, 0 implints
(round 2, exhaustive) 40 del vars, 11 del conss, 0 add conss, 0 chg bounds, 0 chg sides, 2 chg coeffs, 10 upgd conss, 0 impls, 1443 clqs, 0 implints
(round 3, exhaustive) 40 del vars, 11 del conss, 0 add conss, 0 chg bounds, 0 chg sides, 6 chg coeffs, 10 upgd conss, 0 impls, 1443 clqs, 0 implints
presolving (4 rounds: 4 fast, 3 medium, 3 exhaustive):
 40 deleted vars, 11 deleted constraints, 0 added constraints, 0 tightened bounds, 0 added holes, 0 changed sides, 6 changed coefficients
 0 implications, 1443 cliques, 0 implied integral variables (0 bin, 0 int, 0 cont)
presolved problem has 367 variables (366 bin, 0 int, 1 cont) and 941 constraints
      1 constraints of type <knapsack>
     53 constraints of type <setppc>
    151 constraints of type <linear>
    736 constraints of type <logicor>
Presolving Time: 0.25
transformed 4/6 original solutions to the transformed problem space

 time | node  | left  |LP iter|LP it/n|mem/heur|mdpt |vars |cons |rows |cuts |sepa|confs|strbr|  dualbound   | primalbound  |  gap   | compl. 
  2.8s|     1 |     0 |  2286 |     - |    80M |   0 | 367 | 941 | 881 |   0 |  0 |  84 |   0 | 8.331429e-01 | 8.451091e-01 |   1.44%| unknown
  2.8s|     1 |     0 |  2286 |     - |    80M |   0 | 367 | 945 | 851 |   0 |  0 |  88 |   0 | 8.331429e-01 | 8.451091e-01 |   1.44%| unknown
  2.9s|     1 |     0 |  2317 |     - |    81M |   0 | 367 | 931 | 844 |   1 |  1 |  88 |   0 | 8.331529e-01 | 8.451091e-01 |   1.44%| unknown
  3.0s|     1 |     0 |  2325 |     - |    81M |   0 | 367 | 919 | 847 |   4 |  2 |  88 |   0 | 8.331546e-01 | 8.451091e-01 |   1.43%| unknown
  3.0s|     1 |     0 |  2335 |     - |    81M |   0 | 367 | 917 | 849 |   6 |  3 |  88 |   0 | 8.331571e-01 | 8.451091e-01 |   1.43%| unknown
  3.0s|     1 |     0 |  2341 |     - |    81M |   0 | 367 | 907 | 850 |   7 |  4 |  88 |   0 | 8.331574e-01 | 8.451091e-01 |   1.43%| unknown
  3.1s|     1 |     0 |  2350 |     - |    81M |   0 | 367 | 913 | 852 |   9 |  5 |  94 |   0 | 8.331581e-01 | 8.451091e-01 |   1.43%| unknown
  3.3s|     1 |     0 |  2358 |     - |    82M |   0 | 367 | 921 | 853 |  10 |  6 | 102 |   0 | 8.331587e-01 | 8.451091e-01 |   1.43%| unknown
  3.4s|     1 |     0 |  2366 |     - |    84M |   0 | 367 | 921 | 854 |  11 |  7 | 102 |   0 | 8.331593e-01 | 8.451091e-01 |   1.43%| unknown
  3.5s|     1 |     0 |  2371 |     - |    85M |   0 | 367 | 925 | 855 |  12 |  8 | 106 |   0 | 8.331597e-01 | 8.451091e-01 |   1.43%| unknown
  3.5s|     1 |     0 |  2391 |     - |    86M |   0 | 367 | 926 | 856 |  13 |  9 | 107 |   0 | 8.331652e-01 | 8.451091e-01 |   1.43%| unknown
  3.6s|     1 |     0 |  2405 |     - |    87M |   0 | 367 | 926 | 857 |  14 | 10 | 107 |   0 | 8.331685e-01 | 8.451091e-01 |   1.43%| unknown
  3.6s|     1 |     0 |  2411 |     - |    87M |   0 | 367 | 935 | 858 |  15 | 11 | 116 |   0 | 8.331701e-01 | 8.451091e-01 |   1.43%| unknown
  3.6s|     1 |     0 |  2411 |     - |    87M |   0 | 367 | 919 | 858 |  15 | 11 | 116 |   0 | 8.331701e-01 | 8.451091e-01 |   1.43%| unknown
  3.6s|     1 |     0 |  2414 |     - |    87M |   0 | 367 | 919 | 814 |  16 | 12 | 116 |   0 | 8.331701e-01 | 8.451091e-01 |   1.43%| unknown
 time | node  | left  |LP iter|LP it/n|mem/heur|mdpt |vars |cons |rows |cuts |sepa|confs|strbr|  dualbound   | primalbound  |  gap   | compl. 
  3.6s|     1 |     0 |  2433 |     - |    87M |   0 | 367 | 926 | 816 |  18 | 13 | 125 |   0 | 8.331751e-01 | 8.451091e-01 |   1.43%| unknown
  3.6s|     1 |     0 |  2435 |     - |    87M |   0 | 367 | 923 | 817 |  19 | 14 | 125 |   0 | 8.331751e-01 | 8.451091e-01 |   1.43%| unknown
  3.7s|     1 |     0 |  2440 |     - |    87M |   0 | 367 | 925 | 818 |  20 | 15 | 128 |   0 | 8.331755e-01 | 8.451091e-01 |   1.43%| unknown
  3.7s|     1 |     0 |  2447 |     - |    87M |   0 | 367 | 925 | 820 |  22 | 16 | 128 |   0 | 8.331762e-01 | 8.451091e-01 |   1.43%| unknown
  3.7s|     1 |     0 |  2448 |     - |    87M |   0 | 367 | 924 | 821 |  23 | 17 | 128 |   0 | 8.331763e-01 | 8.451091e-01 |   1.43%| unknown
  3.7s|     1 |     0 |  2450 |     - |    87M |   0 | 367 | 924 | 814 |  24 | 18 | 128 |   0 | 8.331766e-01 | 8.451091e-01 |   1.43%| unknown
  3.7s|     1 |     0 |  2451 |     - |    87M |   0 | 367 | 924 | 815 |  25 | 19 | 128 |   0 | 8.331766e-01 | 8.451091e-01 |   1.43%| unknown
  3.7s|     1 |     0 |  2470 |     - |    88M |   0 | 367 | 924 | 816 |  26 | 20 | 128 |   0 | 8.331788e-01 | 8.451091e-01 |   1.43%| unknown
  3.7s|     1 |     0 |  2471 |     - |    88M |   0 | 367 | 925 | 817 |  27 | 21 | 129 |   0 | 8.331788e-01 | 8.451091e-01 |   1.43%| unknown
  3.7s|     1 |     0 |  2478 |     - |    88M |   0 | 367 | 925 | 821 |  31 | 22 | 129 |   0 | 8.331794e-01 | 8.451091e-01 |   1.43%| unknown
(run 3, node 1) restarting after 27 global fixings of integer variables

(restart) converted 25 cuts from the global cut pool into linear constraints

presolving:
(round 1, fast)       28 del vars, 1 del conss, 0 add conss, 0 chg bounds, 0 chg sides, 15 chg coeffs, 0 upgd conss, 0 impls, 1344 clqs, 0 implints
(round 2, exhaustive) 28 del vars, 1 del conss, 0 add conss, 0 chg bounds, 0 chg sides, 15 chg coeffs, 11 upgd conss, 0 impls, 1344 clqs, 0 implints
(round 3, exhaustive) 28 del vars, 3 del conss, 0 add conss, 0 chg bounds, 0 chg sides, 42 chg coeffs, 11 upgd conss, 0 impls, 1344 clqs, 0 implints
presolving (4 rounds: 4 fast, 3 medium, 3 exhaustive):
 28 deleted vars, 3 deleted constraints, 0 added constraints, 0 tightened bounds, 0 added holes, 0 changed sides, 42 changed coefficients
 0 implications, 1344 cliques, 0 implied integral variables (0 bin, 0 int, 0 cont)
presolved problem has 339 variables (338 bin, 0 int, 1 cont) and 961 constraints
      4 constraints of type <knapsack>
     55 constraints of type <setppc>
    162 constraints of type <linear>
    740 constraints of type <logicor>
Presolving Time: 0.26
transformed 5/7 original solutions to the transformed problem space

 time | node  | left  |LP iter|LP it/n|mem/heur|mdpt |vars |cons |rows |cuts |sepa|confs|strbr|  dualbound   | primalbound  |  gap   | compl. 
  3.8s|     1 |     0 |  3128 |     - |    88M |   0 | 339 | 961 | 845 |   0 |  0 | 147 |   0 | 8.331794e-01 | 8.451091e-01 |   1.43%| unknown
  3.9s|     1 |     0 |  3134 |     - |    88M |   0 | 339 | 961 | 846 |   1 |  1 | 147 |   0 | 8.331797e-01 | 8.451091e-01 |   1.43%| unknown
  3.9s|     1 |     0 |  3144 |     - |    88M |   0 | 339 | 964 | 848 |   3 |  2 | 150 |   0 | 8.331803e-01 | 8.451091e-01 |   1.43%| unknown
  4.0s|     1 |     0 |  3161 |     - |    89M |   0 | 339 | 964 | 849 |   4 |  3 | 150 |   0 | 8.331823e-01 | 8.451091e-01 |   1.43%| unknown
  4.1s|     1 |     0 |  3188 |     - |    89M |   0 | 339 | 965 | 850 |   5 |  4 | 151 |   0 | 8.331877e-01 | 8.451091e-01 |   1.43%| unknown
  4.1s|     1 |     0 |  3191 |     - |    89M |   0 | 339 | 967 | 851 |   6 |  5 | 153 |   0 | 8.331879e-01 | 8.451091e-01 |   1.43%| unknown
  4.2s|     1 |     0 |  3200 |     - |    89M |   0 | 339 | 969 | 852 |   7 |  6 | 155 |   0 | 8.331883e-01 | 8.451091e-01 |   1.43%| unknown
  4.3s|     1 |     0 |  3203 |     - |    92M |   0 | 339 | 971 | 853 |   8 |  7 | 157 |   0 | 8.331885e-01 | 8.451091e-01 |   1.43%| unknown
  4.4s|     1 |     0 |  3212 |     - |    92M |   0 | 339 | 972 | 854 |   9 |  8 | 158 |   0 | 8.331892e-01 | 8.451091e-01 |   1.43%| unknown
  4.5s|     1 |     0 |  3234 |     - |    95M |   0 | 339 | 973 | 856 |  11 |  9 | 159 |   0 | 8.331900e-01 | 8.451091e-01 |   1.43%| unknown
  4.6s|     1 |     0 |  3263 |     - |    95M |   0 | 339 | 974 | 857 |  12 | 10 | 160 |   0 | 8.331926e-01 | 8.451091e-01 |   1.43%| unknown
  4.6s|     1 |     0 |  3265 |     - |    95M |   0 | 339 | 975 | 796 |  13 | 11 | 161 |   0 | 8.331926e-01 | 8.451091e-01 |   1.43%| unknown
  4.7s|     1 |     2 |  3583 |     - |    95M |   0 | 339 | 984 | 796 |  13 | 11 | 173 |  19 | 8.332287e-01 | 8.451091e-01 |   1.43%| unknown
* 5.2s|    29 |     0 |  4466 |  80.4 |strongbr|   6 | 339 | 948 | 776 |  13 |  2 | 267 | 322 | 8.390610e-01 | 8.415508e-01 |   0.30%|  75.20%
* 5.2s|    29 |     0 |  4503 |  81.6 |    LP  |   6 | 339 | 801 | 776 |  13 |  9 | 284 | 341 | 8.414857e-01 | 8.414857e-01 |   0.00%|  75.20%

SCIP Status        : problem is solved [optimal solution found]
Solving Time (sec) : 5.24
Solving Nodes      : 29 (total of 32 nodes in 4 runs)
Primal Bound       : +8.41485744528717e-01 (9 solutions)
Dual Bound         : +8.41485744528717e-01
Gap                : 0.00 %
objective value:                    0.841485744528717
x_('12_5', '13_1')                                  1 	(obj:0.00992510358493965)
x_('11_17', '12_5')                                 1 	(obj:0.00784733606557377)
x_('10_31', '11_17')                                1 	(obj:0.00862156695763253)
x_('9_42', '10_31')                                 1 	(obj:0.0203571428571429)
x_('8_38', '9_42')                                  1 	(obj:0.0130204918032787)
x_('7_39', '8_38')                                  1 	(obj:0.0140625)
x_('6_36', '7_39')                  0.999999999999999 	(obj:0.00990707594513215)
x_('5_31', '6_36')                                  1 	(obj:0.0231653981264637)
x_('4_25', '5_31')                                  1 	(obj:0.0244320843091335)
x_('3_20', '4_25')                  0.999999999999999 	(obj:0.0278615339578454)
x_('2_14', '3_20')                  0.999999999999999 	(obj:0.0280749414519906)
x_('1_10', '2_14')                                  1 	(obj:0.0528266978922717)
x_('0_1', '1_10')                                   1 	(obj:0.0107142857142857)
y_0_0                                               1 	(obj:0)
y_1_0                                               1 	(obj:0)
y_2_0                                               1 	(obj:0)
y_3_0                                               1 	(obj:0)
y_4_0                                               1 	(obj:0)
y_5_0                                               1 	(obj:0)
y_6_1                                               1 	(obj:0)
y_7_1                                               1 	(obj:0)
y_8_1                                               1 	(obj:0)
y_9_1                                               1 	(obj:0)
y_10_1                                              1 	(obj:0)
y_11_1                                              1 	(obj:0)
y_12_1                                              1 	(obj:0)
z_('3268741', '3425762')_1                          1 	(obj:0)
z_('3268741', '1966592X')_0         0.999999999999999 	(obj:0)
z_('1966592X', '3452192')_0                         1 	(obj:0)
z_('3452192', '1353870')_0                          1 	(obj:0)
z_('3452192', '3520162')_0                          1 	(obj:0)
z_('3520162', '3307092')_0                          1 	(obj:0)
z_('3520162', '3524054')_0                          1 	(obj:0)
z_('3268740', '3524054')_1                          1 	(obj:0)
z_('3524054', '3179975')_1                          1 	(obj:0)
z_('3179975', '3422998')_1                          1 	(obj:0)
z_('3422998', '2495223X')_1                         1 	(obj:0)
z_('3422998', '1353870_01')_1                       1 	(obj:0)
z_('2495223X', '2245784X')_1                        1 	(obj:0)
alpha                                6.58144578313253 	(obj:0.0897476945532004)
  obj=0.842  alpha=1092.5s  time=5.30s

k = 1
  Subgraph edges — edge_w: 13 (1.2%)  bal_w: 13 (1.2%)  combined: 26 (2.4%)  blended: 13 (1.2%)  blended_union: 31 (2.8%)  diverse: 13 (1.2%)
  [3a] Subgraph / edge_w   k=1 …
2026-07-01 18:17:05.552 | INFO     | pycaalp.time_balancing.model:run_mip:430 - Running MIP solver ...
      obj=0.846 (vs_full=+0.50%)  alpha=1102.0s  build=0.001s solve=0.012s  vs_full=+0.87%
  [3b] Subgraph / bal_w    k=1 …
2026-07-01 18:17:05.564 | INFO     | pycaalp.time_balancing.model:run_mip:430 - Running MIP solver ...
      obj=0.979 (vs_full=+16.29%)  alpha=1160.1s  build=0.002s solve=0.005s  vs_full=+6.19%
  [3c] Subgraph / combined k=1 …
2026-07-01 18:17:05.569 | INFO     | pycaalp.time_balancing.model:run_mip:430 - Running MIP solver ...
      obj=0.846 (vs_full=+0.50%)  alpha=1102.0s  build=0.004s solve=0.006s  vs_full=+0.87%
  [3d] Subgraph / blended  k=1 …
2026-07-01 18:17:05.575 | INFO     | pycaalp.time_balancing.model:run_mip:430 - Running MIP solver ...
      obj=0.842 (vs_full=-0.00%)  alpha=1092.5s  build=0.002s solve=0.005s  vs_full=+0.00%
  [3e] Subgraph / bl-union k=1 …
2026-07-01 18:17:05.580 | INFO     | pycaalp.time_balancing.model:run_mip:430 - Running MIP solver ...
      obj=0.842 (vs_full=-0.00%)  alpha=1092.5s  build=0.017s solve=0.058s  vs_full=+0.00%
  [3f] Subgraph / diverse  k=1 …
2026-07-01 18:17:05.638 | INFO     | pycaalp.time_balancing.model:run_mip:430 - Running MIP solver ...
      obj=0.842 (vs_full=-0.00%)  alpha=1092.5s  build=0.005s solve=0.005s  vs_full=+0.00%

k = 2
  Subgraph edges — edge_w: 15 (1.4%)  bal_w: 20 (1.8%)  combined: 35 (3.2%)  blended: 15 (1.4%)  blended_union: 36 (3.3%)  diverse: 26 (2.4%)
  [3a] Subgraph / edge_w   k=2 …
2026-07-01 18:17:05.676 | INFO     | pycaalp.time_balancing.model:run_mip:430 - Running MIP solver ...
      obj=0.846 (vs_full=+0.50%)  alpha=1102.0s  build=0.003s solve=0.036s  vs_full=+0.87%
  [3b] Subgraph / bal_w    k=2 …
2026-07-01 18:17:05.712 | INFO     | pycaalp.time_balancing.model:run_mip:430 - Running MIP solver ...
      obj=0.970 (vs_full=+15.23%)  alpha=1088.3s  build=0.002s solve=0.035s  vs_full=-0.38%
  [3c] Subgraph / combined k=2 …
2026-07-01 18:17:05.747 | INFO     | pycaalp.time_balancing.model:run_mip:430 - Running MIP solver ...
      obj=0.846 (vs_full=+0.50%)  alpha=1102.0s  build=0.006s solve=0.030s  vs_full=+0.87%
  [3d] Subgraph / blended  k=2 …
2026-07-01 18:17:05.777 | INFO     | pycaalp.time_balancing.model:run_mip:430 - Running MIP solver ...
      obj=0.842 (vs_full=-0.00%)  alpha=1092.5s  build=0.003s solve=0.036s  vs_full=+0.00%
  [3e] Subgraph / bl-union k=2 …
2026-07-01 18:17:05.813 | INFO     | pycaalp.time_balancing.model:run_mip:430 - Running MIP solver ...
      obj=0.842 (vs_full=+0.00%)  alpha=1092.5s  build=0.014s solve=0.044s  vs_full=+0.00%
  [3f] Subgraph / diverse  k=2 …
2026-07-01 18:17:05.857 | INFO     | pycaalp.time_balancing.model:run_mip:430 - Running MIP solver ...
      obj=0.842 (vs_full=+0.00%)  alpha=1092.5s  build=0.003s solve=0.043s  vs_full=+0.00%

k = 5
  Subgraph edges — edge_w: 21 (1.9%)  bal_w: 29 (2.6%)  combined: 50 (4.5%)  blended: 19 (1.7%)  blended_union: 49 (4.4%)  diverse: 65 (5.9%)
  [3a] Subgraph / edge_w   k=5 …
2026-07-01 18:17:06.023 | INFO     | pycaalp.time_balancing.model:run_mip:430 - Running MIP solver ...
      obj=0.846 (vs_full=+0.50%)  alpha=1102.0s  build=0.017s solve=0.077s  vs_full=+0.87%
  [3b] Subgraph / bal_w    k=5 …
2026-07-01 18:17:06.100 | INFO     | pycaalp.time_balancing.model:run_mip:430 - Running MIP solver ...
      obj=0.951 (vs_full=+12.96%)  alpha=1122.3s  build=0.006s solve=0.134s  vs_full=+2.73%
  [3c] Subgraph / combined k=5 …
2026-07-01 18:17:06.234 | INFO     | pycaalp.time_balancing.model:run_mip:430 - Running MIP solver ...
      obj=0.846 (vs_full=+0.50%)  alpha=1102.0s  build=0.022s solve=0.062s  vs_full=+0.87%
  [3d] Subgraph / blended  k=5 …
2026-07-01 18:17:06.296 | INFO     | pycaalp.time_balancing.model:run_mip:430 - Running MIP solver ...
      obj=0.842 (vs_full=+0.00%)  alpha=1092.5s  build=0.018s solve=0.027s  vs_full=+0.00%
  [3e] Subgraph / bl-union k=5 …
2026-07-01 18:17:06.323 | INFO     | pycaalp.time_balancing.model:run_mip:430 - Running MIP solver ...
      obj=0.842 (vs_full=-0.00%)  alpha=1092.5s  build=0.051s solve=0.287s  vs_full=+0.00%
  [3f] Subgraph / diverse  k=5 …
2026-07-01 18:17:06.610 | INFO     | pycaalp.time_balancing.model:run_mip:430 - Running MIP solver ...
      obj=0.842 (vs_full=-0.00%)  alpha=1092.5s  build=0.009s solve=0.138s  vs_full=+0.00%

k = 10
  Subgraph edges — edge_w: 24 (2.2%)  bal_w: 39 (3.5%)  combined: 63 (5.7%)  blended: 27 (2.4%)  blended_union: 64 (5.8%)  diverse: 126 (11.4%)
  [3a] Subgraph / edge_w   k=10 …
2026-07-01 18:17:06.996 | INFO     | pycaalp.time_balancing.model:run_mip:430 - Running MIP solver ...
      obj=0.846 (vs_full=+0.50%)  alpha=1102.0s  build=0.064s solve=0.068s  vs_full=+0.87%
  [3b] Subgraph / bal_w    k=10 …
2026-07-01 18:17:07.064 | INFO     | pycaalp.time_balancing.model:run_mip:430 - Running MIP solver ...
      obj=0.951 (vs_full=+12.96%)  alpha=1122.3s  build=0.018s solve=0.111s  vs_full=+2.73%
  [3c] Subgraph / combined k=10 …
2026-07-01 18:17:07.175 | INFO     | pycaalp.time_balancing.model:run_mip:430 - Running MIP solver ...
      obj=0.846 (vs_full=+0.50%)  alpha=1102.0s  build=0.031s solve=0.162s  vs_full=+0.87%
  [3d] Subgraph / blended  k=10 …
2026-07-01 18:17:07.338 | INFO     | pycaalp.time_balancing.model:run_mip:430 - Running MIP solver ...
      obj=0.842 (vs_full=+0.00%)  alpha=1092.5s  build=0.019s solve=0.060s  vs_full=+0.00%
  [3e] Subgraph / bl-union k=10 …
2026-07-01 18:17:07.398 | INFO     | pycaalp.time_balancing.model:run_mip:430 - Running MIP solver ...
      obj=0.842 (vs_full=+0.00%)  alpha=1092.5s  build=0.101s solve=0.111s  vs_full=+0.00%
  [3f] Subgraph / diverse  k=10 …
2026-07-01 18:17:07.509 | INFO     | pycaalp.time_balancing.model:run_mip:430 - Running MIP solver ...
      obj=0.842 (vs_full=-0.00%)  alpha=1092.5s  build=0.016s solve=0.187s  vs_full=+0.00%

k = 20
  Subgraph edges — edge_w: 35 (3.2%)  bal_w: 49 (4.4%)  combined: 84 (7.6%)  blended: 35 (3.2%)  blended_union: 87 (7.9%)  diverse: 239 (21.6%)
  [3a] Subgraph / edge_w   k=20 …
2026-07-01 18:17:08.101 | INFO     | pycaalp.time_balancing.model:run_mip:430 - Running MIP solver ...
      obj=0.845 (vs_full=+0.43%)  alpha=1100.0s  build=0.064s solve=0.050s  vs_full=+0.69%
  [3b] Subgraph / bal_w    k=20 …
2026-07-01 18:17:08.151 | INFO     | pycaalp.time_balancing.model:run_mip:430 - Running MIP solver ...
      obj=0.951 (vs_full=+12.96%)  alpha=1122.3s  build=0.023s solve=0.341s  vs_full=+2.73%
  [3c] Subgraph / combined k=20 …
2026-07-01 18:17:08.492 | INFO     | pycaalp.time_balancing.model:run_mip:430 - Running MIP solver ...
      obj=0.845 (vs_full=+0.43%)  alpha=1100.0s  build=0.092s solve=0.167s  vs_full=+0.69%
  [3d] Subgraph / blended  k=20 …
2026-07-01 18:17:08.659 | INFO     | pycaalp.time_balancing.model:run_mip:430 - Running MIP solver ...
      obj=0.842 (vs_full=+0.00%)  alpha=1092.5s  build=0.041s solve=0.074s  vs_full=+0.00%
  [3e] Subgraph / bl-union k=20 …
2026-07-01 18:17:08.733 | INFO     | pycaalp.time_balancing.model:run_mip:430 - Running MIP solver ...
      obj=0.842 (vs_full=+0.00%)  alpha=1092.5s  build=0.165s solve=0.304s  vs_full=+0.00%
  [3f] Subgraph / diverse  k=20 …
2026-07-01 18:17:09.037 | INFO     | pycaalp.time_balancing.model:run_mip:430 - Running MIP solver ...
      obj=0.842 (vs_full=+0.00%)  alpha=1092.5s  build=0.020s solve=0.242s  vs_full=+0.00%

k = 50
  Subgraph edges — edge_w: 54 (4.9%)  bal_w: 74 (6.7%)  combined: 127 (11.5%)  blended: 42 (3.8%)  blended_union: 117 (10.6%)  diverse: 509 (46.1%)
  [3a] Subgraph / edge_w   k=50 …
2026-07-01 18:17:10.336 | INFO     | pycaalp.time_balancing.model:run_mip:430 - Running MIP solver ...
      obj=0.842 (vs_full=+0.00%)  alpha=1092.5s  build=0.148s solve=0.080s  vs_full=+0.00%
  [3b] Subgraph / bal_w    k=50 …
2026-07-01 18:17:10.416 | INFO     | pycaalp.time_balancing.model:run_mip:430 - Running MIP solver ...
      obj=0.948 (vs_full=+12.66%)  alpha=1112.8s  build=0.085s solve=0.326s  vs_full=+1.86%
  [3c] Subgraph / combined k=50 …
2026-07-01 18:17:10.742 | INFO     | pycaalp.time_balancing.model:run_mip:430 - Running MIP solver ...
      obj=0.842 (vs_full=+0.00%)  alpha=1092.5s  build=0.209s solve=0.350s  vs_full=+0.00%
  [3d] Subgraph / blended  k=50 …
2026-07-01 18:17:11.092 | INFO     | pycaalp.time_balancing.model:run_mip:430 - Running MIP solver ...
      obj=0.842 (vs_full=+0.00%)  alpha=1092.5s  build=0.189s solve=0.084s  vs_full=+0.00%
  [3e] Subgraph / bl-union k=50 …
2026-07-01 18:17:11.176 | INFO     | pycaalp.time_balancing.model:run_mip:430 - Running MIP solver ...
      obj=0.842 (vs_full=-0.00%)  alpha=1092.5s  build=0.399s solve=0.582s  vs_full=+0.00%
  [3f] Subgraph / diverse  k=50 …
2026-07-01 18:17:11.758 | INFO     | pycaalp.time_balancing.model:run_mip:430 - Running MIP solver ...
      obj=0.842 (vs_full=-0.00%)  alpha=1092.5s  build=0.027s solve=1.135s  vs_full=+0.00%

k = 100
  Subgraph edges — edge_w: 78 (7.1%)  bal_w: 85 (7.7%)  combined: 162 (14.7%)  blended: 61 (5.5%)  blended_union: 167 (15.1%)  diverse: 743 (67.2%)
  [3a] Subgraph / edge_w   k=100 …
2026-07-01 18:17:15.105 | INFO     | pycaalp.time_balancing.model:run_mip:430 - Running MIP solver ...
      obj=0.842 (vs_full=+0.00%)  alpha=1092.5s  build=0.284s solve=0.455s  vs_full=+0.00%
  [3b] Subgraph / bal_w    k=100 …
2026-07-01 18:17:15.560 | INFO     | pycaalp.time_balancing.model:run_mip:430 - Running MIP solver ...
      obj=0.948 (vs_full=+12.66%)  alpha=1112.8s  build=0.163s solve=0.247s  vs_full=+1.86%
  [3c] Subgraph / combined k=100 …
2026-07-01 18:17:15.808 | INFO     | pycaalp.time_balancing.model:run_mip:430 - Running MIP solver ...
      obj=0.842 (vs_full=-0.00%)  alpha=1092.5s  build=0.418s solve=0.543s  vs_full=+0.00%
  [3d] Subgraph / blended  k=100 …
2026-07-01 18:17:16.351 | INFO     | pycaalp.time_balancing.model:run_mip:430 - Running MIP solver ...
      obj=0.842 (vs_full=+0.00%)  alpha=1092.5s  build=0.406s solve=0.188s  vs_full=+0.00%
  [3e] Subgraph / bl-union k=100 …
2026-07-01 18:17:16.539 | INFO     | pycaalp.time_balancing.model:run_mip:430 - Running MIP solver ...
      obj=0.842 (vs_full=-0.00%)  alpha=1092.5s  build=0.870s solve=0.418s  vs_full=+0.00%
  [3f] Subgraph / diverse  k=100 …
2026-07-01 18:17:16.957 | INFO     | pycaalp.time_balancing.model:run_mip:430 - Running MIP solver ...
      obj=0.842 (vs_full=-0.00%)  alpha=1092.5s  build=0.071s solve=1.455s  vs_full=+0.00%

k = 200
  Subgraph edges — edge_w: 95 (8.6%)  bal_w: 118 (10.7%)  combined: 211 (19.1%)  blended: 103 (9.3%)  blended_union: 212 (19.2%)  diverse: 909 (82.3%)
  [3a] Subgraph / edge_w   k=200 …
2026-07-01 18:17:22.568 | INFO     | pycaalp.time_balancing.model:run_mip:430 - Running MIP solver ...
      obj=0.842 (vs_full=-0.00%)  alpha=1092.5s  build=0.561s solve=0.516s  vs_full=+0.00%
  [3b] Subgraph / bal_w    k=200 …
2026-07-01 18:17:23.084 | INFO     | pycaalp.time_balancing.model:run_mip:430 - Running MIP solver ...
      obj=0.948 (vs_full=+12.65%)  alpha=1112.8s  build=0.322s solve=0.353s  vs_full=+1.86%
  [3c] Subgraph / combined k=200 …
2026-07-01 18:17:23.438 | INFO     | pycaalp.time_balancing.model:run_mip:430 - Running MIP solver ...
      obj=0.842 (vs_full=-0.00%)  alpha=1092.5s  build=0.892s solve=0.716s  vs_full=+0.00%
  [3d] Subgraph / blended  k=200 …
2026-07-01 18:17:24.154 | INFO     | pycaalp.time_balancing.model:run_mip:430 - Running MIP solver ...
      obj=0.842 (vs_full=+0.00%)  alpha=1092.5s  build=0.583s solve=0.399s  vs_full=+0.00%
  [3e] Subgraph / bl-union k=200 …
2026-07-01 18:17:24.553 | INFO     | pycaalp.time_balancing.model:run_mip:430 - Running MIP solver ...
      obj=0.842 (vs_full=+0.00%)  alpha=1092.5s  build=1.559s solve=0.552s  vs_full=+0.00%
  [3f] Subgraph / diverse  k=200 …
2026-07-01 18:17:25.105 | INFO     | pycaalp.time_balancing.model:run_mip:430 - Running MIP solver ...
      obj=0.842 (vs_full=+0.00%)  alpha=1092.5s  build=0.238s solve=4.405s  vs_full=+0.00%

k = 500
  Subgraph edges — edge_w: 108 (9.8%)  bal_w: 170 (15.4%)  combined: 274 (24.8%)  blended: 153 (13.8%)  blended_union: 278 (25.2%)  diverse: 1045 (94.6%)
  [3a] Subgraph / edge_w   k=500 …
2026-07-01 18:17:43.620 | INFO     | pycaalp.time_balancing.model:run_mip:430 - Running MIP solver ...
      obj=0.842 (vs_full=+0.00%)  alpha=1092.5s  build=2.277s solve=0.239s  vs_full=+0.00%
  [3b] Subgraph / bal_w    k=500 …
2026-07-01 18:17:43.860 | INFO     | pycaalp.time_balancing.model:run_mip:430 - Running MIP solver ...
      obj=0.927 (vs_full=+10.16%)  alpha=1104.1s  build=1.581s solve=1.194s  vs_full=+1.06%
  [3c] Subgraph / combined k=500 …
2026-07-01 18:17:45.054 | INFO     | pycaalp.time_balancing.model:run_mip:430 - Running MIP solver ...
      obj=0.842 (vs_full=+0.00%)  alpha=1092.5s  build=2.916s solve=0.639s  vs_full=+0.00%
  [3d] Subgraph / blended  k=500 …
2026-07-01 18:17:45.693 | INFO     | pycaalp.time_balancing.model:run_mip:430 - Running MIP solver ...
      obj=0.842 (vs_full=+0.00%)  alpha=1092.5s  build=1.927s solve=0.507s  vs_full=+0.00%
  [3e] Subgraph / bl-union k=500 …
2026-07-01 18:17:46.201 | INFO     | pycaalp.time_balancing.model:run_mip:430 - Running MIP solver ...
      obj=0.842 (vs_full=+0.00%)  alpha=1092.5s  build=4.949s solve=1.437s  vs_full=+0.00%
  [3f] Subgraph / diverse  k=500 …
2026-07-01 18:17:47.637 | INFO     | pycaalp.time_balancing.model:run_mip:430 - Running MIP solver ...
      obj=0.842 (vs_full=+0.00%)  alpha=1092.5s  build=0.459s solve=5.979s  vs_full=+0.00%

k = 1000
  Subgraph edges — edge_w: 142 (12.9%)  bal_w: 223 (20.2%)  combined: 359 (32.5%)  blended: 217 (19.6%)  blended_union: 305 (27.6%)  diverse: 1097 (99.3%)
  [3a] Subgraph / edge_w   k=1000 …
2026-07-01 18:18:20.449 | INFO     | pycaalp.time_balancing.model:run_mip:430 - Running MIP solver ...
      obj=0.842 (vs_full=+0.00%)  alpha=1092.5s  build=3.199s solve=0.330s  vs_full=+0.00%
  [3b] Subgraph / bal_w    k=1000 …
2026-07-01 18:18:20.778 | INFO     | pycaalp.time_balancing.model:run_mip:430 - Running MIP solver ...
      obj=0.924 (vs_full=+9.75%)  alpha=1104.1s  build=2.185s solve=1.188s  vs_full=+1.06%
  [3c] Subgraph / combined k=1000 …
2026-07-01 18:18:21.966 | INFO     | pycaalp.time_balancing.model:run_mip:430 - Running MIP solver ...
      obj=0.842 (vs_full=+0.00%)  alpha=1092.5s  build=5.542s solve=1.014s  vs_full=+0.00%
  [3d] Subgraph / blended  k=1000 …
2026-07-01 18:18:22.981 | INFO     | pycaalp.time_balancing.model:run_mip:430 - Running MIP solver ...
      obj=0.842 (vs_full=+0.00%)  alpha=1092.5s  build=4.644s solve=0.468s  vs_full=+0.00%
  [3e] Subgraph / bl-union k=1000 …
2026-07-01 18:18:23.448 | INFO     | pycaalp.time_balancing.model:run_mip:430 - Running MIP solver ...
      obj=0.842 (vs_full=-0.00%)  alpha=1092.5s  build=10.306s solve=1.248s  vs_full=+0.00%
  [3f] Subgraph / diverse  k=1000 …
2026-07-01 18:18:24.697 | INFO     | pycaalp.time_balancing.model:run_mip:430 - Running MIP solver ...
      obj=0.842 (vs_full=+0.00%)  alpha=1092.5s  build=0.956s solve=5.059s  vs_full=+0.00%

k = 2000
  Subgraph edges — edge_w: 185 (16.7%)  bal_w: 291 (26.3%)  combined: 464 (42.0%)  blended: 237 (21.4%)  blended_union: 356 (32.2%)  diverse: 1105 (100.0%)
  [3a] Subgraph / edge_w   k=2000 …
2026-07-01 18:19:34.950 | INFO     | pycaalp.time_balancing.model:run_mip:430 - Running MIP solver ...
      obj=0.842 (vs_full=-0.00%)  alpha=1092.5s  build=7.100s solve=0.392s  vs_full=+0.00%
  [3b] Subgraph / bal_w    k=2000 …
2026-07-01 18:19:35.342 | INFO     | pycaalp.time_balancing.model:run_mip:430 - Running MIP solver ...
      obj=0.919 (vs_full=+9.25%)  alpha=1104.1s  build=5.972s solve=1.103s  vs_full=+1.06%
  [3c] Subgraph / combined k=2000 …
2026-07-01 18:19:36.445 | INFO     | pycaalp.time_balancing.model:run_mip:430 - Running MIP solver ...
      obj=0.842 (vs_full=+0.00%)  alpha=1092.5s  build=13.664s solve=1.559s  vs_full=+0.00%
  [3d] Subgraph / blended  k=2000 …
2026-07-01 18:19:38.004 | INFO     | pycaalp.time_balancing.model:run_mip:430 - Running MIP solver ...
      obj=0.842 (vs_full=+0.00%)  alpha=1092.5s  build=11.067s solve=0.625s  vs_full=+0.00%
  [3e] Subgraph / bl-union k=2000 …
2026-07-01 18:19:38.629 | INFO     | pycaalp.time_balancing.model:run_mip:430 - Running MIP solver ...
      obj=0.842 (vs_full=-0.00%)  alpha=1092.5s  build=25.194s solve=1.267s  vs_full=+0.00%
  [3f] Subgraph / diverse  k=2000 …
2026-07-01 18:19:39.896 | INFO     | pycaalp.time_balancing.model:run_mip:430 - Running MIP solver ...
      obj=0.842 (vs_full=+0.00%)  alpha=1092.5s  build=2.196s solve=6.392s  vs_full=+0.00%

k = 5000
  Subgraph edges — edge_w: 232 (21.0%)  bal_w: 382 (34.6%)  combined: 593 (53.7%)  blended: 312 (28.2%)  blended_union: 482 (43.6%)  diverse: 1105 (100.0%)
  [3a] Subgraph / edge_w   k=5000 …
2026-07-01 18:24:09.673 | INFO     | pycaalp.time_balancing.model:run_mip:430 - Running MIP solver ...
      obj=0.842 (vs_full=+0.00%)  alpha=1092.5s  build=34.298s solve=0.423s  vs_full=+0.00%
  [3b] Subgraph / bal_w    k=5000 …
2026-07-01 18:24:10.096 | INFO     | pycaalp.time_balancing.model:run_mip:430 - Running MIP solver ...
      obj=0.918 (vs_full=+9.05%)  alpha=1104.1s  build=22.852s solve=2.109s  vs_full=+1.06%
  [3c] Subgraph / combined k=5000 …
2026-07-01 18:24:12.205 | INFO     | pycaalp.time_balancing.model:run_mip:430 - Running MIP solver ...
      obj=0.842 (vs_full=+0.00%)  alpha=1092.5s  build=58.218s solve=1.395s  vs_full=+0.00%
  [3d] Subgraph / blended  k=5000 …
2026-07-01 18:24:13.601 | INFO     | pycaalp.time_balancing.model:run_mip:430 - Running MIP solver ...
      obj=0.842 (vs_full=+0.00%)  alpha=1092.5s  build=39.816s solve=1.461s  vs_full=+0.00%
  [3e] Subgraph / bl-union k=5000 …
2026-07-01 18:24:15.062 | INFO     | pycaalp.time_balancing.model:run_mip:430 - Running MIP solver ...
      obj=0.842 (vs_full=+0.00%)  alpha=1092.5s  build=104.648s solve=1.308s  vs_full=+0.00%
  [3f] Subgraph / diverse  k=5000 …
2026-07-01 18:24:16.370 | INFO     | pycaalp.time_balancing.model:run_mip:430 - Running MIP solver ...
      obj=0.842 (vs_full=+0.00%)  alpha=1092.5s  build=3.554s solve=3.749s  vs_full=+0.00%

Results saved to experiments/strategy_comparison/assembly_1_np_2/strategy_comparison_lambda_0.7.csv
Plot with:  python -m experiments.strategy_comparison.plot_k_sensitivity

============================================================================================================================
SUMMARY — assembly_1  P=2  λ=0.7
============================================================================================================================
Strategy       Weight                      k   Build    Solve    Total  Spdup       Obj   ObjvsF     Alpha    AlvsF   Edges  %Grph
----------------------------------------------------------------------------------------------------------------------------
full_mip       —                               0.000    5.304    5.304   1.0x     0.842    +0.00   1092.52    +0.00    1105  100.0
subgraph_mip   edge_weight                 1   0.001    0.012    0.014 391.8x     0.846    +0.50   1102.04    +0.87      13    1.2
subgraph_mip   time_balanced_weight        1   0.002    0.005    0.007 815.4x     0.979   +16.29   1160.13    +6.19      13    1.2
subgraph_mip   combined                    1   0.004    0.006    0.010 542.3x     0.846    +0.50   1102.04    +0.87      26    2.4
subgraph_mip   blended                     1   0.002    0.005    0.007 794.6x     0.842    -0.00   1092.52    +0.00      13    1.2
subgraph_mip   blended_union               1   0.017    0.058    0.075  70.8x     0.842    -0.00   1092.52    +0.00      31    2.8
subgraph_mip   diverse                     1   0.005    0.005    0.011 483.9x     0.842    -0.00   1092.52    +0.00      13    1.2
subgraph_mip   edge_weight                 2   0.003    0.036    0.039 134.9x     0.846    +0.50   1102.04    +0.87      15    1.4
subgraph_mip   time_balanced_weight        2   0.002    0.035    0.037 143.4x     0.970   +15.23   1088.33    -0.38      20    1.8
subgraph_mip   combined                    2   0.006    0.030    0.036 148.0x     0.846    +0.50   1102.04    +0.87      35    3.2
subgraph_mip   blended                     2   0.003    0.036    0.039 136.1x     0.842    -0.00   1092.52    +0.00      15    1.4
subgraph_mip   blended_union               2   0.014    0.044    0.058  91.5x     0.842    +0.00   1092.52    +0.00      36    3.3
subgraph_mip   diverse                     2   0.003    0.043    0.046 114.7x     0.842    +0.00   1092.52    +0.00      26    2.4
subgraph_mip   edge_weight                 5   0.017    0.077    0.094  56.2x     0.846    +0.50   1102.04    +0.87      21    1.9
subgraph_mip   time_balanced_weight        5   0.006    0.134    0.140  37.9x     0.951   +12.96   1122.33    +2.73      29    2.6
subgraph_mip   combined                    5   0.022    0.062    0.083  63.7x     0.846    +0.50   1102.04    +0.87      50    4.5
subgraph_mip   blended                     5   0.018    0.027    0.045 118.9x     0.842    +0.00   1092.52    +0.00      19    1.7
subgraph_mip   blended_union               5   0.051    0.287    0.337  15.7x     0.842    -0.00   1092.52    +0.00      49    4.4
subgraph_mip   diverse                     5   0.009    0.138    0.148  35.9x     0.842    -0.00   1092.52    +0.00      65    5.9
subgraph_mip   edge_weight                10   0.064    0.068    0.132  40.1x     0.846    +0.50   1102.04    +0.87      24    2.2
subgraph_mip   time_balanced_weight       10   0.018    0.111    0.129  41.2x     0.951   +12.96   1122.33    +2.73      39    3.5
subgraph_mip   combined                   10   0.031    0.162    0.193  27.4x     0.846    +0.50   1102.04    +0.87      63    5.7
subgraph_mip   blended                    10   0.019    0.060    0.079  67.1x     0.842    +0.00   1092.52    +0.00      27    2.4
subgraph_mip   blended_union              10   0.101    0.111    0.212  25.0x     0.842    +0.00   1092.52    +0.00      64    5.8
subgraph_mip   diverse                    10   0.016    0.187    0.203  26.2x     0.842    -0.00   1092.52    +0.00     126   11.4
subgraph_mip   edge_weight                20   0.064    0.050    0.114  46.5x     0.845    +0.43   1100.04    +0.69      35    3.2
subgraph_mip   time_balanced_weight       20   0.023    0.341    0.363  14.6x     0.951   +12.96   1122.33    +2.73      49    4.4
subgraph_mip   combined                   20   0.092    0.167    0.259  20.4x     0.845    +0.43   1100.04    +0.69      84    7.6
subgraph_mip   blended                    20   0.041    0.074    0.115  46.3x     0.842    +0.00   1092.52    +0.00      35    3.2
subgraph_mip   blended_union              20   0.165    0.304    0.469  11.3x     0.842    +0.00   1092.52    +0.00      87    7.9
subgraph_mip   diverse                    20   0.020    0.242    0.262  20.2x     0.842    +0.00   1092.52    +0.00     239   21.6
subgraph_mip   edge_weight                50   0.148    0.080    0.227  23.4x     0.842    +0.00   1092.52    +0.00      54    4.9
subgraph_mip   time_balanced_weight       50   0.085    0.326    0.411  12.9x     0.948   +12.66   1112.81    +1.86      74    6.7
subgraph_mip   combined                   50   0.209    0.350    0.559   9.5x     0.842    +0.00   1092.52    +0.00     127   11.5
subgraph_mip   blended                    50   0.189    0.084    0.273  19.4x     0.842    +0.00   1092.52    +0.00      42    3.8
subgraph_mip   blended_union              50   0.399    0.582    0.982   5.4x     0.842    -0.00   1092.52    +0.00     117   10.6
subgraph_mip   diverse                    50   0.027    1.135    1.162   4.6x     0.842    -0.00   1092.52    +0.00     509   46.1
subgraph_mip   edge_weight               100   0.284    0.455    0.739   7.2x     0.842    +0.00   1092.52    +0.00      78    7.1
subgraph_mip   time_balanced_weight      100   0.163    0.247    0.410  12.9x     0.948   +12.66   1112.81    +1.86      85    7.7
subgraph_mip   combined                  100   0.418    0.543    0.960   5.5x     0.842    -0.00   1092.52    +0.00     162   14.7
subgraph_mip   blended                   100   0.406    0.188    0.594   8.9x     0.842    +0.00   1092.52    +0.00      61    5.5
subgraph_mip   blended_union             100   0.870    0.418    1.288   4.1x     0.842    -0.00   1092.52    +0.00     167   15.1
subgraph_mip   diverse                   100   0.071    1.455    1.527   3.5x     0.842    -0.00   1092.52    +0.00     743   67.2
subgraph_mip   edge_weight               200   0.561    0.516    1.077   4.9x     0.842    -0.00   1092.52    +0.00      95    8.6
subgraph_mip   time_balanced_weight      200   0.322    0.353    0.676   7.8x     0.948   +12.65   1112.81    +1.86     118   10.7
subgraph_mip   combined                  200   0.892    0.716    1.608   3.3x     0.842    -0.00   1092.52    +0.00     211   19.1
subgraph_mip   blended                   200   0.583    0.399    0.982   5.4x     0.842    +0.00   1092.52    +0.00     103    9.3
subgraph_mip   blended_union             200   1.559    0.552    2.111   2.5x     0.842    +0.00   1092.52    +0.00     212   19.2
subgraph_mip   diverse                   200   0.238    4.405    4.643   1.1x     0.842    +0.00   1092.52    +0.00     909   82.3
subgraph_mip   edge_weight               500   2.277    0.239    2.516   2.1x     0.842    +0.00   1092.52    +0.00     108    9.8
subgraph_mip   time_balanced_weight      500   1.581    1.194    2.776   1.9x     0.927   +10.16   1104.13    +1.06     170   15.4
subgraph_mip   combined                  500   2.916    0.639    3.555   1.5x     0.842    +0.00   1092.52    +0.00     274   24.8
subgraph_mip   blended                   500   1.927    0.507    2.434   2.2x     0.842    +0.00   1092.52    +0.00     153   13.8
subgraph_mip   blended_union             500   4.949    1.437    6.386   0.8x     0.842    +0.00   1092.52    +0.00     278   25.2
subgraph_mip   diverse                   500   0.459    5.979    6.437   0.8x     0.842    +0.00   1092.52    +0.00    1045   94.6
subgraph_mip   edge_weight              1000   3.199    0.330    3.529   1.5x     0.842    +0.00   1092.52    +0.00     142   12.8
subgraph_mip   time_balanced_weight     1000   2.185    1.188    3.372   1.6x     0.924    +9.75   1104.13    +1.06     223   20.2
subgraph_mip   combined                 1000   5.542    1.014    6.556   0.8x     0.842    +0.00   1092.52    +0.00     359   32.5
subgraph_mip   blended                  1000   4.644    0.468    5.112   1.0x     0.842    +0.00   1092.52    +0.00     217   19.6
subgraph_mip   blended_union            1000  10.306    1.248   11.554   0.5x     0.842    -0.00   1092.52    +0.00     305   27.6
subgraph_mip   diverse                  1000   0.956    5.059    6.016   0.9x     0.842    +0.00   1092.52    +0.00    1097   99.3
subgraph_mip   edge_weight              2000   7.100    0.392    7.492   0.7x     0.842    -0.00   1092.52    +0.00     185   16.7
subgraph_mip   time_balanced_weight     2000   5.972    1.103    7.074   0.8x     0.919    +9.25   1104.13    +1.06     291   26.3
subgraph_mip   combined                 2000  13.664    1.559   15.223   0.3x     0.842    +0.00   1092.52    +0.00     464   42.0
subgraph_mip   blended                  2000  11.067    0.625   11.692   0.5x     0.842    +0.00   1092.52    +0.00     237   21.4
subgraph_mip   blended_union            2000  25.194    1.267   26.461   0.2x     0.842    -0.00   1092.52    +0.00     356   32.2
subgraph_mip   diverse                  2000   2.196    6.392    8.588   0.6x     0.842    +0.00   1092.52    +0.00    1105  100.0
subgraph_mip   edge_weight              5000  34.298    0.423   34.720   0.1x     0.842    +0.00   1092.52    +0.00     232   21.0
subgraph_mip   time_balanced_weight     5000  22.852    2.109   24.961   0.2x     0.918    +9.05   1104.13    +1.06     382   34.6
subgraph_mip   combined                 5000  58.218    1.395   59.613   0.1x     0.842    +0.00   1092.52    +0.00     593   53.7
subgraph_mip   blended                  5000  39.816    1.461   41.277   0.1x     0.842    +0.00   1092.52    +0.00     312   28.2
subgraph_mip   blended_union            5000 104.648    1.308  105.956   0.1x     0.842    +0.00   1092.52    +0.00     482   43.6
subgraph_mip   diverse                  5000   3.554    3.749    7.303   0.7x     0.842    +0.00   1092.52    +0.00    1105  100.0
============================================================================================================================

----------------- λ = 0.75 -----------------
========================================================================
Strategy Comparison Experiment — assembly_1  P=2  λ=0.75
========================================================================

Building assembly digraph …
2026-07-01 18:16:59.959 | INFO     | pycaalp.gapp.assembly_digraph:compute_assembly_digraph_complete:395 - Computing assembly digraph...
  343 nodes, 1105 edges  (0.3s)

[1] Full MIP  P=2  λ=0.75
2026-07-01 18:17:00.223 | INFO     | pycaalp.time_balancing.model:run_mip:430 - Running MIP solver ...
presolving:
(round 1, fast)       28 del vars, 40 del conss, 0 add conss, 0 chg bounds, 0 chg sides, 0 chg coeffs, 0 upgd conss, 0 impls, 43 clqs, 0 implints
(round 2, exhaustive) 28 del vars, 40 del conss, 0 add conss, 1 chg bounds, 0 chg sides, 0 chg coeffs, 2253 upgd conss, 0 impls, 43 clqs, 0 implints
   (0.2s) probing: 1000/1129 (88.6%) - 0 fixings, 0 aggregations, 119627 implications, 0 bound changes
   (0.2s) probing: 1001/1129 (88.7%) - 0 fixings, 0 aggregations, 119803 implications, 0 bound changes
   (0.2s) probing aborted: 1000/1000 successive useless probings
   (0.3s) symmetry computation started: requiring (bin +, int +, cont +), (fixed: bin -, int -, cont -)
   (0.3s) no symmetry present (symcode time: 0.00)
presolving (3 rounds: 3 fast, 2 medium, 2 exhaustive):
 28 deleted vars, 40 deleted constraints, 0 added constraints, 1 tightened bounds, 0 added holes, 0 changed sides, 0 changed coefficients
 0 implications, 8934 cliques, 0 implied integral variables (0 bin, 0 int, 0 cont)
presolved problem has 1130 variables (1129 bin, 0 int, 1 cont) and 2565 constraints
     43 constraints of type <setppc>
    312 constraints of type <linear>
   2210 constraints of type <logicor>
Presolving Time: 0.26

 time | node  | left  |LP iter|LP it/n|mem/heur|mdpt |vars |cons |rows |cuts |sepa|confs|strbr|  dualbound   | primalbound  |  gap   | compl. 
p 0.3s|     1 |     0 |     4 |     - | vbounds|   0 |1130 |2578 |2565 |   0 |  0 |  12 |   0 | 0.000000e+00 | 1.489277e+00 |    Inf | unknown
  0.3s|     1 |     0 |   360 |     - |    21M |   0 |1130 |2590 |2565 |   0 |  0 |  24 |   0 | 8.329273e-01 | 1.489277e+00 |  78.80%| unknown
  0.4s|     1 |     0 |   384 |     - |    23M |   0 |1130 |2591 |2567 |   2 |  1 |  25 |   0 | 8.329325e-01 | 1.489277e+00 |  78.80%| unknown
r 0.4s|     1 |     0 |   384 |     - |shifting|   0 |1130 |2591 |2567 |   2 |  1 |  25 |   0 | 8.329325e-01 | 8.466643e-01 |   1.65%| unknown
  0.5s|     1 |     0 |   403 |     - |    24M |   0 |1130 |2591 |2568 |   3 |  2 |  25 |   0 | 8.329578e-01 | 8.466643e-01 |   1.65%| unknown
  0.5s|     1 |     0 |   403 |     - |    24M |   0 |1130 |2591 |2568 |   3 |  2 |  25 |   0 | 8.329578e-01 | 8.466643e-01 |   1.65%| unknown
  0.5s|     1 |     0 |   403 |     - |    24M |   0 |1130 |2591 |2093 |   3 |  2 |  25 |   0 | 8.329578e-01 | 8.466643e-01 |   1.65%| unknown
  0.6s|     1 |     0 |   417 |     - |    25M |   0 |1130 |2349 |2088 |   4 |  3 |  25 |   0 | 8.329639e-01 | 8.466643e-01 |   1.64%| unknown
  0.7s|     1 |     0 |   433 |     - |    29M |   0 |1130 |2253 |2090 |   6 |  4 |  25 |   0 | 8.329702e-01 | 8.466643e-01 |   1.64%| unknown
  0.9s|     1 |     0 |   447 |     - |    35M |   0 |1130 |2250 |2091 |   7 |  5 |  33 |   0 | 8.329753e-01 | 8.466643e-01 |   1.64%| unknown
  1.1s|     1 |     0 |   454 |     - |    38M |   0 |1130 |2243 |2093 |   9 |  6 |  33 |   0 | 8.329756e-01 | 8.466643e-01 |   1.64%| unknown
  1.3s|     1 |     0 |   471 |     - |    43M |   0 |1130 |2243 |2094 |  10 |  7 |  33 |   0 | 8.329784e-01 | 8.466643e-01 |   1.64%| unknown
  1.5s|     1 |     0 |   482 |     - |    47M |   0 |1130 |2250 |2096 |  12 |  8 |  40 |   0 | 8.329852e-01 | 8.466643e-01 |   1.64%| unknown
  1.7s|     1 |     0 |   502 |     - |    51M |   0 |1130 |2242 |2097 |  13 |  9 |  40 |   0 | 8.329885e-01 | 8.466643e-01 |   1.64%| unknown
  2.0s|     1 |     0 |   520 |     - |    56M |   0 |1130 |2241 |2099 |  15 | 10 |  40 |   0 | 8.329913e-01 | 8.466643e-01 |   1.64%| unknown
 time | node  | left  |LP iter|LP it/n|mem/heur|mdpt |vars |cons |rows |cuts |sepa|confs|strbr|  dualbound   | primalbound  |  gap   | compl. 
  2.0s|     1 |     0 |   534 |     - |    57M |   0 |1130 |2243 |2100 |  16 | 11 |  42 |   0 | 8.329975e-01 | 8.466643e-01 |   1.64%| unknown
  2.0s|     1 |     0 |   534 |     - |    57M |   0 |1130 |1799 |2100 |  16 | 11 |  45 |   0 | 8.329975e-01 | 8.466643e-01 |   1.64%| unknown
  2.0s|     1 |     0 |   547 |     - |    57M |   0 |1130 |1799 |2102 |  18 | 12 |  45 |   0 | 8.329980e-01 | 8.466643e-01 |   1.64%| unknown
  2.0s|     1 |     0 |   555 |     - |    57M |   0 |1130 |1632 |2103 |  19 | 13 |  45 |   0 | 8.329985e-01 | 8.466643e-01 |   1.64%| unknown
  2.0s|     1 |     0 |   561 |     - |    57M |   0 |1130 |1386 |2105 |  21 | 14 |  46 |   0 | 8.329992e-01 | 8.466643e-01 |   1.64%| unknown
  2.0s|     1 |     0 |   568 |     - |    57M |   0 |1130 |1332 |2107 |  23 | 15 |  47 |   0 | 8.330021e-01 | 8.466643e-01 |   1.64%| unknown
  2.0s|     1 |     0 |   572 |     - |    58M |   0 |1130 |1289 |2108 |  24 | 16 |  51 |   0 | 8.330023e-01 | 8.466643e-01 |   1.64%| unknown
  2.0s|     1 |     0 |   575 |     - |    58M |   0 |1130 |1290 |2110 |  26 | 17 |  55 |   0 | 8.330027e-01 | 8.466643e-01 |   1.64%| unknown
  2.0s|     1 |     0 |   581 |     - |    58M |   0 |1130 |1270 |2112 |  28 | 18 |  55 |   0 | 8.330029e-01 | 8.466643e-01 |   1.64%| unknown
  2.0s|     1 |     0 |   588 |     - |    58M |   0 |1130 |1263 |2115 |  31 | 19 |  57 |   0 | 8.330035e-01 | 8.466643e-01 |   1.64%| unknown
  2.1s|     1 |     0 |   590 |     - |    59M |   0 |1130 |1266 |2116 |  32 | 20 |  60 |   0 | 8.330037e-01 | 8.466643e-01 |   1.64%| unknown
  2.1s|     1 |     0 |   592 |     - |    59M |   0 |1130 |1263 |2110 |  33 | 21 |  60 |   0 | 8.330039e-01 | 8.466643e-01 |   1.64%| unknown
  2.1s|     1 |     0 |   595 |     - |    59M |   0 |1130 |1263 |2112 |  35 | 22 |  60 |   0 | 8.330044e-01 | 8.466643e-01 |   1.64%| unknown
(run 1, node 1) restarting after 682 global fixings of integer variables

(restart) converted 28 cuts from the global cut pool into linear constraints

presolving:
(round 1, fast)       689 del vars, 217 del conss, 0 add conss, 2 chg bounds, 0 chg sides, 148 chg coeffs, 0 upgd conss, 0 impls, 2341 clqs, 0 implints
(round 2, exhaustive) 689 del vars, 218 del conss, 0 add conss, 2 chg bounds, 0 chg sides, 148 chg coeffs, 0 upgd conss, 0 impls, 2341 clqs, 0 implints
(round 3, exhaustive) 689 del vars, 218 del conss, 0 add conss, 2 chg bounds, 0 chg sides, 148 chg coeffs, 20 upgd conss, 0 impls, 2341 clqs, 0 implints
(round 4, exhaustive) 689 del vars, 223 del conss, 0 add conss, 2 chg bounds, 0 chg sides, 148 chg coeffs, 20 upgd conss, 0 impls, 2341 clqs, 0 implints
(round 5, exhaustive) 689 del vars, 223 del conss, 0 add conss, 2 chg bounds, 0 chg sides, 153 chg coeffs, 20 upgd conss, 0 impls, 2341 clqs, 0 implints
presolving (6 rounds: 6 fast, 5 medium, 5 exhaustive):
 689 deleted vars, 223 deleted constraints, 0 added constraints, 2 tightened bounds, 0 added holes, 0 changed sides, 153 changed coefficients
 0 implications, 2341 cliques, 0 implied integral variables (0 bin, 0 int, 0 cont)
presolved problem has 441 variables (440 bin, 0 int, 1 cont) and 1076 constraints
     52 constraints of type <setppc>
    146 constraints of type <linear>
    878 constraints of type <logicor>
Presolving Time: 0.26
transformed 3/5 original solutions to the transformed problem space

 time | node  | left  |LP iter|LP it/n|mem/heur|mdpt |vars |cons |rows |cuts |sepa|confs|strbr|  dualbound   | primalbound  |  gap   | compl. 
  2.2s|     1 |     0 |  1223 |     - |    56M |   0 | 441 |1076 |1034 |   0 |  0 |  69 |   0 | 8.330044e-01 | 8.466643e-01 |   1.64%| unknown
  2.2s|     1 |     0 |  1223 |     - |    56M |   0 | 441 |1076 | 999 |   0 |  0 |  69 |   0 | 8.330044e-01 | 8.466643e-01 |   1.64%| unknown
  2.3s|     1 |     0 |  1229 |     - |    56M |   0 | 441 |1059 | 965 |   1 |  1 |  69 |   0 | 8.330075e-01 | 8.466643e-01 |   1.64%| unknown
  2.3s|     1 |     0 |  1239 |     - |    58M |   0 | 441 |1045 | 966 |   2 |  2 |  70 |   0 | 8.330087e-01 | 8.466643e-01 |   1.64%| unknown
  2.4s|     1 |     0 |  1255 |     - |    58M |   0 | 441 |1024 | 967 |   3 |  3 |  70 |   0 | 8.330131e-01 | 8.466643e-01 |   1.64%| unknown
  2.5s|     1 |     0 |  1266 |     - |    59M |   0 | 441 |1014 | 969 |   5 |  4 |  71 |   0 | 8.330150e-01 | 8.466643e-01 |   1.64%| unknown
  2.6s|     1 |     0 |  1293 |     - |    60M |   0 | 441 |1007 | 971 |   7 |  5 |  71 |   0 | 8.330190e-01 | 8.466643e-01 |   1.64%| unknown
  2.7s|     1 |     0 |  1304 |     - |    60M |   0 | 441 |1007 | 973 |   9 |  6 |  71 |   0 | 8.330215e-01 | 8.466643e-01 |   1.64%| unknown
  2.7s|     1 |     0 |  1315 |     - |    62M |   0 | 441 |1015 | 974 |  10 |  7 |  81 |   0 | 8.330220e-01 | 8.466643e-01 |   1.64%| unknown
  2.8s|     1 |     0 |  1330 |     - |    68M |   0 | 441 |1016 | 975 |  11 |  8 |  82 |   0 | 8.330237e-01 | 8.466643e-01 |   1.64%| unknown
  2.9s|     1 |     0 |  1361 |     - |    70M |   0 | 441 |1016 | 976 |  12 |  9 |  82 |   0 | 8.330286e-01 | 8.466643e-01 |   1.64%| unknown
  2.9s|     1 |     0 |  1372 |     - |    76M |   0 | 441 |1016 | 977 |  13 | 10 |  82 |   0 | 8.330315e-01 | 8.466643e-01 |   1.64%| unknown
  2.9s|     1 |     0 |  1386 |     - |    76M |   0 | 441 |1020 | 979 |  15 | 11 |  87 |   0 | 8.330324e-01 | 8.466643e-01 |   1.64%| unknown
(run 2, node 1) restarting after 28 global fixings of integer variables

(restart) converted 15 cuts from the global cut pool into linear constraints

presolving:
(round 1, fast)       29 del vars, 2 del conss, 0 add conss, 0 chg bounds, 0 chg sides, 34 chg coeffs, 0 upgd conss, 0 impls, 1561 clqs, 0 implints
(round 2, medium)     30 del vars, 2 del conss, 0 add conss, 1 chg bounds, 0 chg sides, 34 chg coeffs, 0 upgd conss, 0 impls, 1559 clqs, 0 implints
(round 3, fast)       30 del vars, 4 del conss, 0 add conss, 1 chg bounds, 0 chg sides, 34 chg coeffs, 0 upgd conss, 0 impls, 1559 clqs, 0 implints
(round 4, exhaustive) 30 del vars, 5 del conss, 0 add conss, 1 chg bounds, 0 chg sides, 34 chg coeffs, 0 upgd conss, 0 impls, 1559 clqs, 0 implints
(round 5, exhaustive) 30 del vars, 5 del conss, 0 add conss, 1 chg bounds, 0 chg sides, 34 chg coeffs, 5 upgd conss, 0 impls, 1559 clqs, 0 implints
(round 6, exhaustive) 30 del vars, 9 del conss, 0 add conss, 1 chg bounds, 0 chg sides, 43 chg coeffs, 5 upgd conss, 0 impls, 1559 clqs, 0 implints
presolving (7 rounds: 7 fast, 5 medium, 4 exhaustive):
 30 deleted vars, 9 deleted constraints, 0 added constraints, 1 tightened bounds, 0 added holes, 0 changed sides, 44 changed coefficients
 0 implications, 1559 cliques, 0 implied integral variables (0 bin, 0 int, 0 cont)
presolved problem has 411 variables (410 bin, 0 int, 1 cont) and 1027 constraints
     45 constraints of type <setppc>
    155 constraints of type <linear>
    827 constraints of type <logicor>
Presolving Time: 0.28
transformed 3/5 original solutions to the transformed problem space

 time | node  | left  |LP iter|LP it/n|mem/heur|mdpt |vars |cons |rows |cuts |sepa|confs|strbr|  dualbound   | primalbound  |  gap   | compl. 
  3.0s|     1 |     0 |  1918 |     - |    73M |   0 | 411 |1027 | 968 |   0 |  0 |  96 |   0 | 8.330324e-01 | 8.466643e-01 |   1.64%| unknown
  3.0s|     1 |     0 |  1918 |     - |    73M |   0 | 411 |1027 | 962 |   0 |  0 |  96 |   0 | 8.330324e-01 | 8.466643e-01 |   1.64%| unknown
  3.1s|     1 |     0 |  1931 |     - |    73M |   0 | 411 |1025 | 960 |   1 |  1 |  96 |   0 | 8.330340e-01 | 8.466643e-01 |   1.64%| unknown
  3.1s|     1 |     0 |  1935 |     - |    73M |   0 | 411 |1022 | 963 |   4 |  2 |  96 |   0 | 8.330342e-01 | 8.466643e-01 |   1.64%| unknown
  3.2s|     1 |     0 |  1975 |     - |    74M |   0 | 411 |1026 | 965 |   6 |  3 | 101 |   0 | 8.330512e-01 | 8.466643e-01 |   1.63%| unknown
  3.3s|     1 |     0 |  2001 |     - |    74M |   0 | 411 |1027 | 967 |   8 |  4 | 102 |   0 | 8.330810e-01 | 8.466643e-01 |   1.63%| unknown
  3.3s|     1 |     0 |  2029 |     - |    75M |   0 | 411 |1026 | 969 |  10 |  5 | 102 |   0 | 8.330859e-01 | 8.466643e-01 |   1.63%| unknown
  3.4s|     1 |     0 |  2035 |     - |    77M |   0 | 411 |1026 | 970 |  11 |  6 | 102 |   0 | 8.330860e-01 | 8.466643e-01 |   1.63%| unknown
  3.4s|     1 |     0 |  2049 |     - |    77M |   0 | 411 |1027 | 972 |  13 |  7 | 103 |   0 | 8.330879e-01 | 8.466643e-01 |   1.63%| unknown
  3.5s|     1 |     0 |  2050 |     - |    81M |   0 | 411 |1027 | 973 |  14 |  8 | 103 |   0 | 8.330879e-01 | 8.466643e-01 |   1.63%| unknown
  3.6s|     1 |     0 |  2053 |     - |    83M |   0 | 411 |1026 | 974 |  15 |  9 | 103 |   0 | 8.330880e-01 | 8.466643e-01 |   1.63%| unknown
  3.6s|     1 |     0 |  2064 |     - |    92M |   0 | 411 |1031 | 975 |  16 | 10 | 108 |   0 | 8.330889e-01 | 8.466643e-01 |   1.63%| unknown
  3.7s|     1 |     0 |  2076 |     - |    92M |   0 | 411 |1033 | 976 |  17 | 11 | 110 |   0 | 8.330903e-01 | 8.466643e-01 |   1.63%| unknown
  3.8s|     1 |     2 |  2406 |     - |    92M |   0 | 411 |1051 | 976 |  17 | 11 | 128 |  19 | 8.331365e-01 | 8.466643e-01 |   1.62%| unknown
* 4.1s|     9 |     2 |  2923 | 158.2 |strongbr|   4 | 411 |1102 | 925 |  17 |  3 | 211 | 254 | 8.333021e-01 | 8.459730e-01 |   1.52%|  11.54%
 time | node  | left  |LP iter|LP it/n|mem/heur|mdpt |vars |cons |rows |cuts |sepa|confs|strbr|  dualbound   | primalbound  |  gap   | compl. 
* 4.1s|    11 |     2 |  2940 | 133.2 |strongbr|   4 | 411 |1108 | 925 |  17 |  3 | 222 | 275 | 8.333021e-01 | 8.458612e-01 |   1.51%|  28.19%
* 4.1s|    12 |     1 |  2946 | 123.5 |strongbr|   4 | 411 |1113 | 925 |  17 |  1 | 227 | 280 | 8.333021e-01 | 8.419280e-01 |   1.04%|  30.48%
* 4.2s|    16 |     1 |  3009 |  98.1 |strongbr|   5 | 411 |1116 | 925 |  17 |  2 | 238 | 321 | 8.333021e-01 | 8.418737e-01 |   1.03%|  47.18%

SCIP Status        : problem is solved [optimal solution found]
Solving Time (sec) : 4.28
Solving Nodes      : 21 (total of 23 nodes in 3 runs)
Primal Bound       : +8.41873736122271e-01 (11 solutions)
Dual Bound         : +8.41873736122271e-01
Gap                : 0.00 %
objective value:                    0.841873736122271
x_('12_5', '13_1')                                  1 	(obj:0.00827091965411638)
x_('11_17', '12_5')                                 1 	(obj:0.00653944672131148)
x_('10_31', '11_17')                                1 	(obj:0.00718463913136044)
x_('9_42', '10_31')                                 1 	(obj:0.0169642857142857)
x_('8_38', '9_42')                                  1 	(obj:0.0108504098360656)
x_('7_39', '8_38')                                  1 	(obj:0.01171875)
x_('6_36', '7_39')                                  1 	(obj:0.00825589662094346)
x_('5_31', '6_36')                                  1 	(obj:0.0193044984387197)
x_('4_25', '5_31')                                  1 	(obj:0.0203600702576112)
x_('3_20', '4_25')                                  1 	(obj:0.0232179449648712)
x_('2_14', '3_20')                                  1 	(obj:0.0233957845433255)
x_('1_10', '2_14')                                  1 	(obj:0.0440222482435597)
x_('0_1', '1_10')                                   1 	(obj:0.00892857142857143)
y_0_0                                               1 	(obj:0)
y_1_0                                               1 	(obj:0)
y_2_0                                               1 	(obj:0)
y_3_0                                               1 	(obj:0)
y_4_0                                               1 	(obj:0)
y_5_0                                               1 	(obj:0)
y_6_1                                               1 	(obj:0)
y_7_1                                               1 	(obj:0)
y_8_1                                               1 	(obj:0)
y_9_1                                               1 	(obj:0)
y_10_1                                              1 	(obj:0)
y_11_1                                              1 	(obj:0)
y_12_1                                              1 	(obj:0)
z_('3268741', '3425762')_1                          1 	(obj:0)
z_('3268741', '1966592X')_0                         1 	(obj:0)
z_('1966592X', '3452192')_0                         1 	(obj:0)
z_('3452192', '1353870')_0                          1 	(obj:0)
z_('3452192', '3520162')_0                          1 	(obj:0)
z_('3520162', '3307092')_0                          1 	(obj:0)
z_('3520162', '3524054')_0                          1 	(obj:0)
z_('3268740', '3524054')_1                          1 	(obj:0)
z_('3524054', '3179975')_1                          1 	(obj:0)
z_('3179975', '3422998')_1                          1 	(obj:0)
z_('3422998', '2495223X')_1                         1 	(obj:0)
z_('3422998', '1353870_01')_1                       1 	(obj:0)
z_('2495223X', '2245784X')_1                        1 	(obj:0)
alpha                                6.58144578313253 	(obj:0.0961582441641433)
  obj=0.842  alpha=1092.5s  time=4.33s

k = 1
  Subgraph edges — edge_w: 13 (1.2%)  bal_w: 13 (1.2%)  combined: 26 (2.4%)  blended: 13 (1.2%)  blended_union: 31 (2.8%)  diverse: 13 (1.2%)
  [3a] Subgraph / edge_w   k=1 …
2026-07-01 18:17:04.579 | INFO     | pycaalp.time_balancing.model:run_mip:430 - Running MIP solver ...
      obj=0.847 (vs_full=+0.56%)  alpha=1102.0s  build=0.002s solve=0.007s  vs_full=+0.87%
  [3b] Subgraph / bal_w    k=1 …
2026-07-01 18:17:04.586 | INFO     | pycaalp.time_balancing.model:run_mip:430 - Running MIP solver ...
      obj=0.965 (vs_full=+14.60%)  alpha=1160.1s  build=0.002s solve=0.007s  vs_full=+6.19%
  [3c] Subgraph / combined k=1 …
2026-07-01 18:17:04.593 | INFO     | pycaalp.time_balancing.model:run_mip:430 - Running MIP solver ...
      obj=0.847 (vs_full=+0.56%)  alpha=1102.0s  build=0.003s solve=0.006s  vs_full=+0.87%
  [3d] Subgraph / blended  k=1 …
2026-07-01 18:17:04.599 | INFO     | pycaalp.time_balancing.model:run_mip:430 - Running MIP solver ...
      obj=0.855 (vs_full=+1.61%)  alpha=1088.3s  build=0.002s solve=0.005s  vs_full=-0.38%
  [3e] Subgraph / bl-union k=1 …
2026-07-01 18:17:04.605 | INFO     | pycaalp.time_balancing.model:run_mip:430 - Running MIP solver ...
      obj=0.842 (vs_full=-0.00%)  alpha=1092.5s  build=0.017s solve=0.025s  vs_full=+0.00%
  [3f] Subgraph / diverse  k=1 …
2026-07-01 18:17:04.630 | INFO     | pycaalp.time_balancing.model:run_mip:430 - Running MIP solver ...
      obj=0.855 (vs_full=+1.61%)  alpha=1088.3s  build=0.003s solve=0.005s  vs_full=-0.38%

k = 2
  Subgraph edges — edge_w: 15 (1.4%)  bal_w: 20 (1.8%)  combined: 35 (3.2%)  blended: 15 (1.4%)  blended_union: 36 (3.3%)  diverse: 26 (2.4%)
  [3a] Subgraph / edge_w   k=2 …
2026-07-01 18:17:04.680 | INFO     | pycaalp.time_balancing.model:run_mip:430 - Running MIP solver ...
      obj=0.847 (vs_full=+0.56%)  alpha=1102.0s  build=0.003s solve=0.026s  vs_full=+0.87%
  [3b] Subgraph / bal_w    k=2 …
2026-07-01 18:17:04.705 | INFO     | pycaalp.time_balancing.model:run_mip:430 - Running MIP solver ...
      obj=0.948 (vs_full=+12.62%)  alpha=1088.3s  build=0.002s solve=0.017s  vs_full=-0.38%
  [3c] Subgraph / combined k=2 …
2026-07-01 18:17:04.723 | INFO     | pycaalp.time_balancing.model:run_mip:430 - Running MIP solver ...
      obj=0.847 (vs_full=+0.56%)  alpha=1102.0s  build=0.005s solve=0.014s  vs_full=+0.87%
  [3d] Subgraph / blended  k=2 …
2026-07-01 18:17:04.737 | INFO     | pycaalp.time_balancing.model:run_mip:430 - Running MIP solver ...
      obj=0.855 (vs_full=+1.61%)  alpha=1088.3s  build=0.003s solve=0.011s  vs_full=-0.38%
  [3e] Subgraph / bl-union k=2 …
2026-07-01 18:17:04.748 | INFO     | pycaalp.time_balancing.model:run_mip:430 - Running MIP solver ...
      obj=0.842 (vs_full=-0.00%)  alpha=1092.5s  build=0.025s solve=0.065s  vs_full=+0.00%
  [3f] Subgraph / diverse  k=2 …
2026-07-01 18:17:04.813 | INFO     | pycaalp.time_balancing.model:run_mip:430 - Running MIP solver ...
      obj=0.855 (vs_full=+1.61%)  alpha=1088.3s  build=0.007s solve=0.008s  vs_full=-0.38%

k = 5
  Subgraph edges — edge_w: 21 (1.9%)  bal_w: 29 (2.6%)  combined: 50 (4.5%)  blended: 20 (1.8%)  blended_union: 49 (4.4%)  diverse: 65 (5.9%)
  [3a] Subgraph / edge_w   k=5 …
2026-07-01 18:17:04.953 | INFO     | pycaalp.time_balancing.model:run_mip:430 - Running MIP solver ...
      obj=0.847 (vs_full=+0.56%)  alpha=1102.0s  build=0.011s solve=0.027s  vs_full=+0.87%
  [3b] Subgraph / bal_w    k=5 …
2026-07-01 18:17:04.980 | INFO     | pycaalp.time_balancing.model:run_mip:430 - Running MIP solver ...
      obj=0.937 (vs_full=+11.25%)  alpha=1122.3s  build=0.006s solve=0.045s  vs_full=+2.73%
  [3c] Subgraph / combined k=5 …
2026-07-01 18:17:05.025 | INFO     | pycaalp.time_balancing.model:run_mip:430 - Running MIP solver ...
      obj=0.847 (vs_full=+0.56%)  alpha=1102.0s  build=0.020s solve=0.126s  vs_full=+0.87%
  [3d] Subgraph / blended  k=5 …
2026-07-01 18:17:05.151 | INFO     | pycaalp.time_balancing.model:run_mip:430 - Running MIP solver ...
      obj=0.855 (vs_full=+1.61%)  alpha=1088.3s  build=0.021s solve=0.033s  vs_full=-0.38%
  [3e] Subgraph / bl-union k=5 …
2026-07-01 18:17:05.184 | INFO     | pycaalp.time_balancing.model:run_mip:430 - Running MIP solver ...
      obj=0.842 (vs_full=-0.00%)  alpha=1092.5s  build=0.065s solve=0.096s  vs_full=+0.00%
  [3f] Subgraph / diverse  k=5 …
2026-07-01 18:17:05.280 | INFO     | pycaalp.time_balancing.model:run_mip:430 - Running MIP solver ...
      obj=0.845 (vs_full=+0.34%)  alpha=1092.5s  build=0.009s solve=0.100s  vs_full=+0.00%

k = 10
  Subgraph edges — edge_w: 24 (2.2%)  bal_w: 39 (3.5%)  combined: 63 (5.7%)  blended: 25 (2.3%)  blended_union: 64 (5.8%)  diverse: 126 (11.4%)
  [3a] Subgraph / edge_w   k=10 …
2026-07-01 18:17:05.603 | INFO     | pycaalp.time_balancing.model:run_mip:430 - Running MIP solver ...
      obj=0.847 (vs_full=+0.56%)  alpha=1102.0s  build=0.020s solve=0.070s  vs_full=+0.87%
  [3b] Subgraph / bal_w    k=10 …
2026-07-01 18:17:05.673 | INFO     | pycaalp.time_balancing.model:run_mip:430 - Running MIP solver ...
      obj=0.937 (vs_full=+11.25%)  alpha=1122.3s  build=0.014s solve=0.097s  vs_full=+2.73%
  [3c] Subgraph / combined k=10 …
2026-07-01 18:17:05.770 | INFO     | pycaalp.time_balancing.model:run_mip:430 - Running MIP solver ...
      obj=0.847 (vs_full=+0.56%)  alpha=1102.0s  build=0.052s solve=0.096s  vs_full=+0.87%
  [3d] Subgraph / blended  k=10 …
2026-07-01 18:17:05.866 | INFO     | pycaalp.time_balancing.model:run_mip:430 - Running MIP solver ...
      obj=0.855 (vs_full=+1.61%)  alpha=1088.3s  build=0.023s solve=0.037s  vs_full=-0.38%
  [3e] Subgraph / bl-union k=10 …
2026-07-01 18:17:05.903 | INFO     | pycaalp.time_balancing.model:run_mip:430 - Running MIP solver ...
      obj=0.842 (vs_full=-0.00%)  alpha=1092.5s  build=0.099s solve=0.199s  vs_full=+0.00%
  [3f] Subgraph / diverse  k=10 …
2026-07-01 18:17:06.102 | INFO     | pycaalp.time_balancing.model:run_mip:430 - Running MIP solver ...
      obj=0.845 (vs_full=+0.34%)  alpha=1092.5s  build=0.014s solve=0.166s  vs_full=+0.00%

k = 20
  Subgraph edges — edge_w: 35 (3.2%)  bal_w: 49 (4.4%)  combined: 84 (7.6%)  blended: 28 (2.5%)  blended_union: 87 (7.9%)  diverse: 239 (21.6%)
  [3a] Subgraph / edge_w   k=20 …
2026-07-01 18:17:06.739 | INFO     | pycaalp.time_balancing.model:run_mip:430 - Running MIP solver ...
      obj=0.846 (vs_full=+0.47%)  alpha=1100.0s  build=0.041s solve=0.092s  vs_full=+0.69%
  [3b] Subgraph / bal_w    k=20 …
2026-07-01 18:17:06.831 | INFO     | pycaalp.time_balancing.model:run_mip:430 - Running MIP solver ...
      obj=0.937 (vs_full=+11.25%)  alpha=1122.3s  build=0.040s solve=0.199s  vs_full=+2.73%
  [3c] Subgraph / combined k=20 …
2026-07-01 18:17:07.031 | INFO     | pycaalp.time_balancing.model:run_mip:430 - Running MIP solver ...
      obj=0.846 (vs_full=+0.47%)  alpha=1100.0s  build=0.113s solve=0.228s  vs_full=+0.69%
  [3d] Subgraph / blended  k=20 …
2026-07-01 18:17:07.259 | INFO     | pycaalp.time_balancing.model:run_mip:430 - Running MIP solver ...
      obj=0.855 (vs_full=+1.61%)  alpha=1088.3s  build=0.078s solve=0.045s  vs_full=-0.38%
  [3e] Subgraph / bl-union k=20 …
2026-07-01 18:17:07.304 | INFO     | pycaalp.time_balancing.model:run_mip:430 - Running MIP solver ...
      obj=0.842 (vs_full=-0.00%)  alpha=1092.5s  build=0.176s solve=0.517s  vs_full=+0.00%
  [3f] Subgraph / diverse  k=20 …
2026-07-01 18:17:07.821 | INFO     | pycaalp.time_balancing.model:run_mip:430 - Running MIP solver ...
      obj=0.842 (vs_full=-0.00%)  alpha=1092.5s  build=0.022s solve=0.837s  vs_full=+0.00%

k = 50
  Subgraph edges — edge_w: 54 (4.9%)  bal_w: 74 (6.7%)  combined: 127 (11.5%)  blended: 52 (4.7%)  blended_union: 117 (10.6%)  diverse: 509 (46.1%)
  [3a] Subgraph / edge_w   k=50 …
2026-07-01 18:17:09.747 | INFO     | pycaalp.time_balancing.model:run_mip:430 - Running MIP solver ...
      obj=0.842 (vs_full=-0.00%)  alpha=1092.5s  build=0.142s solve=0.171s  vs_full=+0.00%
  [3b] Subgraph / bal_w    k=50 …
2026-07-01 18:17:09.918 | INFO     | pycaalp.time_balancing.model:run_mip:430 - Running MIP solver ...
      obj=0.932 (vs_full=+10.71%)  alpha=1088.3s  build=0.087s solve=0.253s  vs_full=-0.38%
  [3c] Subgraph / combined k=50 …
2026-07-01 18:17:10.171 | INFO     | pycaalp.time_balancing.model:run_mip:430 - Running MIP solver ...
      obj=0.842 (vs_full=-0.00%)  alpha=1092.5s  build=0.180s solve=0.547s  vs_full=+0.00%
  [3d] Subgraph / blended  k=50 …
2026-07-01 18:17:10.719 | INFO     | pycaalp.time_balancing.model:run_mip:430 - Running MIP solver ...
      obj=0.855 (vs_full=+1.61%)  alpha=1088.3s  build=0.197s solve=0.099s  vs_full=-0.38%
  [3e] Subgraph / bl-union k=50 …
2026-07-01 18:17:10.818 | INFO     | pycaalp.time_balancing.model:run_mip:430 - Running MIP solver ...
      obj=0.842 (vs_full=-0.00%)  alpha=1092.5s  build=0.444s solve=0.455s  vs_full=+0.00%
  [3f] Subgraph / diverse  k=50 …
2026-07-01 18:17:11.273 | INFO     | pycaalp.time_balancing.model:run_mip:430 - Running MIP solver ...
      obj=0.842 (vs_full=-0.00%)  alpha=1092.5s  build=0.039s solve=0.812s  vs_full=+0.00%

k = 100
  Subgraph edges — edge_w: 78 (7.1%)  bal_w: 85 (7.7%)  combined: 162 (14.7%)  blended: 72 (6.5%)  blended_union: 167 (15.1%)  diverse: 746 (67.5%)
  [3a] Subgraph / edge_w   k=100 …
2026-07-01 18:17:14.105 | INFO     | pycaalp.time_balancing.model:run_mip:430 - Running MIP solver ...
      obj=0.842 (vs_full=-0.00%)  alpha=1092.5s  build=0.251s solve=0.128s  vs_full=+0.00%
  [3b] Subgraph / bal_w    k=100 …
2026-07-01 18:17:14.233 | INFO     | pycaalp.time_balancing.model:run_mip:430 - Running MIP solver ...
      obj=0.932 (vs_full=+10.71%)  alpha=1088.3s  build=0.143s solve=0.445s  vs_full=-0.38%
  [3c] Subgraph / combined k=100 …
2026-07-01 18:17:14.677 | INFO     | pycaalp.time_balancing.model:run_mip:430 - Running MIP solver ...
      obj=0.842 (vs_full=-0.00%)  alpha=1092.5s  build=0.457s solve=0.334s  vs_full=+0.00%
  [3d] Subgraph / blended  k=100 …
2026-07-01 18:17:15.012 | INFO     | pycaalp.time_balancing.model:run_mip:430 - Running MIP solver ...
      obj=0.855 (vs_full=+1.61%)  alpha=1088.3s  build=0.329s solve=0.134s  vs_full=-0.38%
  [3e] Subgraph / bl-union k=100 …
2026-07-01 18:17:15.146 | INFO     | pycaalp.time_balancing.model:run_mip:430 - Running MIP solver ...
      obj=0.842 (vs_full=-0.00%)  alpha=1092.5s  build=0.789s solve=0.430s  vs_full=+0.00%
  [3f] Subgraph / diverse  k=100 …
2026-07-01 18:17:15.576 | INFO     | pycaalp.time_balancing.model:run_mip:430 - Running MIP solver ...
      obj=0.842 (vs_full=+0.00%)  alpha=1092.5s  build=0.050s solve=3.117s  vs_full=+0.00%

k = 200
  Subgraph edges — edge_w: 95 (8.6%)  bal_w: 118 (10.7%)  combined: 211 (19.1%)  blended: 85 (7.7%)  blended_union: 212 (19.2%)  diverse: 908 (82.2%)
  [3a] Subgraph / edge_w   k=200 …
2026-07-01 18:17:22.493 | INFO     | pycaalp.time_balancing.model:run_mip:430 - Running MIP solver ...
      obj=0.842 (vs_full=-0.00%)  alpha=1092.5s  build=0.539s solve=0.112s  vs_full=+0.00%
  [3b] Subgraph / bal_w    k=200 …
2026-07-01 18:17:22.606 | INFO     | pycaalp.time_balancing.model:run_mip:430 - Running MIP solver ...
      obj=0.932 (vs_full=+10.68%)  alpha=1088.3s  build=0.245s solve=0.461s  vs_full=-0.38%
  [3c] Subgraph / combined k=200 …
2026-07-01 18:17:23.067 | INFO     | pycaalp.time_balancing.model:run_mip:430 - Running MIP solver ...
      obj=0.842 (vs_full=-0.00%)  alpha=1092.5s  build=0.772s solve=0.597s  vs_full=+0.00%
  [3d] Subgraph / blended  k=200 …
2026-07-01 18:17:23.664 | INFO     | pycaalp.time_balancing.model:run_mip:430 - Running MIP solver ...
      obj=0.855 (vs_full=+1.61%)  alpha=1088.3s  build=0.722s solve=0.180s  vs_full=-0.38%
  [3e] Subgraph / bl-union k=200 …
2026-07-01 18:17:23.844 | INFO     | pycaalp.time_balancing.model:run_mip:430 - Running MIP solver ...
      obj=0.842 (vs_full=-0.00%)  alpha=1092.5s  build=1.424s solve=0.566s  vs_full=+0.00%
  [3f] Subgraph / diverse  k=200 …
2026-07-01 18:17:24.410 | INFO     | pycaalp.time_balancing.model:run_mip:430 - Running MIP solver ...
      obj=0.842 (vs_full=-0.00%)  alpha=1092.5s  build=0.098s solve=3.528s  vs_full=+0.00%

k = 500
  Subgraph edges — edge_w: 108 (9.8%)  bal_w: 170 (15.4%)  combined: 274 (24.8%)  blended: 176 (15.9%)  blended_union: 278 (25.2%)  diverse: 1046 (94.7%)
  [3a] Subgraph / edge_w   k=500 …
2026-07-01 18:17:40.038 | INFO     | pycaalp.time_balancing.model:run_mip:430 - Running MIP solver ...
      obj=0.842 (vs_full=-0.00%)  alpha=1092.5s  build=1.407s solve=0.273s  vs_full=+0.00%
  [3b] Subgraph / bal_w    k=500 …
2026-07-01 18:17:40.311 | INFO     | pycaalp.time_balancing.model:run_mip:430 - Running MIP solver ...
      obj=0.915 (vs_full=+8.64%)  alpha=1104.1s  build=1.013s solve=0.733s  vs_full=+1.06%
  [3c] Subgraph / combined k=500 …
2026-07-01 18:17:41.045 | INFO     | pycaalp.time_balancing.model:run_mip:430 - Running MIP solver ...
      obj=0.842 (vs_full=-0.00%)  alpha=1092.5s  build=2.406s solve=0.649s  vs_full=+0.00%
  [3d] Subgraph / blended  k=500 …
2026-07-01 18:17:41.694 | INFO     | pycaalp.time_balancing.model:run_mip:430 - Running MIP solver ...
      obj=0.842 (vs_full=+0.00%)  alpha=1092.5s  build=2.257s solve=0.624s  vs_full=+0.00%
  [3e] Subgraph / bl-union k=500 …
2026-07-01 18:17:42.318 | INFO     | pycaalp.time_balancing.model:run_mip:430 - Running MIP solver ...
      obj=0.842 (vs_full=-0.00%)  alpha=1092.5s  build=4.579s solve=1.585s  vs_full=+0.00%
  [3f] Subgraph / diverse  k=500 …
2026-07-01 18:17:43.903 | INFO     | pycaalp.time_balancing.model:run_mip:430 - Running MIP solver ...
      obj=0.842 (vs_full=-0.00%)  alpha=1092.5s  build=0.439s solve=5.057s  vs_full=+0.00%

k = 1000
  Subgraph edges — edge_w: 142 (12.9%)  bal_w: 223 (20.2%)  combined: 359 (32.5%)  blended: 220 (19.9%)  blended_union: 305 (27.6%)  diverse: 1102 (99.7%)
  [3a] Subgraph / edge_w   k=1000 …
2026-07-01 18:18:14.082 | INFO     | pycaalp.time_balancing.model:run_mip:430 - Running MIP solver ...
      obj=0.842 (vs_full=-0.00%)  alpha=1092.5s  build=3.055s solve=0.300s  vs_full=+0.00%
  [3b] Subgraph / bal_w    k=1000 …
2026-07-01 18:18:14.382 | INFO     | pycaalp.time_balancing.model:run_mip:430 - Running MIP solver ...
      obj=0.912 (vs_full=+8.30%)  alpha=1104.1s  build=2.419s solve=1.156s  vs_full=+1.06%
  [3c] Subgraph / combined k=1000 …
2026-07-01 18:18:15.538 | INFO     | pycaalp.time_balancing.model:run_mip:430 - Running MIP solver ...
      obj=0.842 (vs_full=-0.00%)  alpha=1092.5s  build=5.641s solve=0.799s  vs_full=+0.00%
  [3d] Subgraph / blended  k=1000 …
2026-07-01 18:18:16.336 | INFO     | pycaalp.time_balancing.model:run_mip:430 - Running MIP solver ...
      obj=0.842 (vs_full=-0.00%)  alpha=1092.5s  build=4.065s solve=1.044s  vs_full=+0.00%
  [3e] Subgraph / bl-union k=1000 …
2026-07-01 18:18:17.380 | INFO     | pycaalp.time_balancing.model:run_mip:430 - Running MIP solver ...
      obj=0.842 (vs_full=-0.00%)  alpha=1092.5s  build=8.997s solve=1.445s  vs_full=+0.00%
  [3f] Subgraph / diverse  k=1000 …
2026-07-01 18:18:18.826 | INFO     | pycaalp.time_balancing.model:run_mip:430 - Running MIP solver ...
      obj=0.842 (vs_full=+0.00%)  alpha=1092.5s  build=0.944s solve=5.640s  vs_full=+0.00%

k = 2000
  Subgraph edges — edge_w: 185 (16.7%)  bal_w: 291 (26.3%)  combined: 464 (42.0%)  blended: 237 (21.4%)  blended_union: 356 (32.2%)  diverse: 1105 (100.0%)
  [3a] Subgraph / edge_w   k=2000 …
2026-07-01 18:19:23.745 | INFO     | pycaalp.time_balancing.model:run_mip:430 - Running MIP solver ...
      obj=0.842 (vs_full=-0.00%)  alpha=1092.5s  build=7.025s solve=0.484s  vs_full=+0.00%
  [3b] Subgraph / bal_w    k=2000 …
2026-07-01 18:19:24.229 | INFO     | pycaalp.time_balancing.model:run_mip:430 - Running MIP solver ...
      obj=0.908 (vs_full=+7.89%)  alpha=1104.1s  build=5.474s solve=2.414s  vs_full=+1.06%
  [3c] Subgraph / combined k=2000 …
2026-07-01 18:19:26.643 | INFO     | pycaalp.time_balancing.model:run_mip:430 - Running MIP solver ...
      obj=0.842 (vs_full=-0.00%)  alpha=1092.5s  build=12.784s solve=1.084s  vs_full=+0.00%
  [3d] Subgraph / blended  k=2000 …
2026-07-01 18:19:27.727 | INFO     | pycaalp.time_balancing.model:run_mip:430 - Running MIP solver ...
      obj=0.842 (vs_full=+0.00%)  alpha=1092.5s  build=8.206s solve=0.980s  vs_full=+0.00%
  [3e] Subgraph / bl-union k=2000 …
2026-07-01 18:19:28.707 | INFO     | pycaalp.time_balancing.model:run_mip:430 - Running MIP solver ...
      obj=0.842 (vs_full=+0.00%)  alpha=1092.5s  build=23.663s solve=1.245s  vs_full=+0.00%
  [3f] Subgraph / diverse  k=2000 …
2026-07-01 18:19:29.953 | INFO     | pycaalp.time_balancing.model:run_mip:430 - Running MIP solver ...
      obj=0.842 (vs_full=+0.00%)  alpha=1092.5s  build=2.126s solve=5.054s  vs_full=+0.00%

k = 5000
  Subgraph edges — edge_w: 232 (21.0%)  bal_w: 382 (34.6%)  combined: 593 (53.7%)  blended: 314 (28.4%)  blended_union: 482 (43.6%)  diverse: 1105 (100.0%)
  [3a] Subgraph / edge_w   k=5000 …
2026-07-01 18:23:39.629 | INFO     | pycaalp.time_balancing.model:run_mip:430 - Running MIP solver ...
      obj=0.842 (vs_full=+0.00%)  alpha=1092.5s  build=32.155s solve=0.860s  vs_full=+0.00%
  [3b] Subgraph / bal_w    k=5000 …
2026-07-01 18:23:40.489 | INFO     | pycaalp.time_balancing.model:run_mip:430 - Running MIP solver ...
      obj=0.907 (vs_full=+7.71%)  alpha=1104.1s  build=22.609s solve=3.439s  vs_full=+1.06%
  [3c] Subgraph / combined k=5000 …
2026-07-01 18:23:43.928 | INFO     | pycaalp.time_balancing.model:run_mip:430 - Running MIP solver ...
      obj=0.842 (vs_full=-0.00%)  alpha=1092.5s  build=54.235s solve=1.881s  vs_full=+0.00%
  [3d] Subgraph / blended  k=5000 …
2026-07-01 18:23:45.809 | INFO     | pycaalp.time_balancing.model:run_mip:430 - Running MIP solver ...
      obj=0.842 (vs_full=+0.00%)  alpha=1092.5s  build=33.663s solve=0.691s  vs_full=+0.00%
  [3e] Subgraph / bl-union k=5000 …
2026-07-01 18:23:46.500 | INFO     | pycaalp.time_balancing.model:run_mip:430 - Running MIP solver ...
      obj=0.842 (vs_full=-0.00%)  alpha=1092.5s  build=96.348s solve=3.021s  vs_full=+0.00%
  [3f] Subgraph / diverse  k=5000 …
2026-07-01 18:23:49.521 | INFO     | pycaalp.time_balancing.model:run_mip:430 - Running MIP solver ...
      obj=0.842 (vs_full=+0.00%)  alpha=1092.5s  build=5.611s solve=5.241s  vs_full=+0.00%

Results saved to experiments/strategy_comparison/assembly_1_np_2/strategy_comparison_lambda_0.75.csv
Plot with:  python -m experiments.strategy_comparison.plot_k_sensitivity

============================================================================================================================
SUMMARY — assembly_1  P=2  λ=0.75
============================================================================================================================
Strategy       Weight                      k   Build    Solve    Total  Spdup       Obj   ObjvsF     Alpha    AlvsF   Edges  %Grph
----------------------------------------------------------------------------------------------------------------------------
full_mip       —                               0.000    4.327    4.327   1.0x     0.842    +0.00   1092.52    +0.00    1105  100.0
subgraph_mip   edge_weight                 1   0.002    0.007    0.009 474.4x     0.847    +0.56   1102.04    +0.87      13    1.2
subgraph_mip   time_balanced_weight        1   0.002    0.007    0.008 512.1x     0.965   +14.60   1160.13    +6.19      13    1.2
subgraph_mip   combined                    1   0.003    0.006    0.009 459.1x     0.847    +0.56   1102.04    +0.87      26    2.4
subgraph_mip   blended                     1   0.002    0.005    0.007 600.3x     0.855    +1.61   1088.33    -0.38      13    1.2
subgraph_mip   blended_union               1   0.017    0.025    0.042 103.5x     0.842    -0.00   1092.52    +0.00      31    2.8
subgraph_mip   diverse                     1   0.003    0.005    0.008 539.5x     0.855    +1.61   1088.33    -0.38      13    1.2
subgraph_mip   edge_weight                 2   0.003    0.026    0.029 150.7x     0.847    +0.56   1102.04    +0.87      15    1.4
subgraph_mip   time_balanced_weight        2   0.002    0.017    0.019 222.6x     0.948   +12.62   1088.33    -0.38      20    1.8
subgraph_mip   combined                    2   0.005    0.014    0.019 232.4x     0.847    +0.56   1102.04    +0.87      35    3.2
subgraph_mip   blended                     2   0.003    0.011    0.015 297.5x     0.855    +1.61   1088.33    -0.38      15    1.4
subgraph_mip   blended_union               2   0.025    0.065    0.090  48.3x     0.842    -0.00   1092.52    +0.00      36    3.3
subgraph_mip   diverse                     2   0.007    0.008    0.015 282.7x     0.855    +1.61   1088.33    -0.38      26    2.4
subgraph_mip   edge_weight                 5   0.011    0.027    0.038 114.9x     0.847    +0.56   1102.04    +0.87      21    1.9
subgraph_mip   time_balanced_weight        5   0.006    0.045    0.051  85.5x     0.937   +11.25   1122.33    +2.73      29    2.6
subgraph_mip   combined                    5   0.020    0.126    0.146  29.6x     0.847    +0.56   1102.04    +0.87      50    4.5
subgraph_mip   blended                     5   0.021    0.033    0.054  80.0x     0.855    +1.61   1088.33    -0.38      20    1.8
subgraph_mip   blended_union               5   0.065    0.096    0.161  26.9x     0.842    -0.00   1092.52    +0.00      49    4.4
subgraph_mip   diverse                     5   0.009    0.100    0.110  39.5x     0.845    +0.34   1092.52    +0.00      65    5.9
subgraph_mip   edge_weight                10   0.020    0.070    0.090  47.8x     0.847    +0.56   1102.04    +0.87      24    2.2
subgraph_mip   time_balanced_weight       10   0.014    0.097    0.111  39.0x     0.937   +11.25   1122.33    +2.73      39    3.5
subgraph_mip   combined                   10   0.052    0.096    0.148  29.2x     0.847    +0.56   1102.04    +0.87      63    5.7
subgraph_mip   blended                    10   0.023    0.037    0.060  72.1x     0.855    +1.61   1088.33    -0.38      25    2.3
subgraph_mip   blended_union              10   0.099    0.199    0.298  14.5x     0.842    -0.00   1092.52    +0.00      64    5.8
subgraph_mip   diverse                    10   0.014    0.166    0.180  24.0x     0.845    +0.34   1092.52    +0.00     126   11.4
subgraph_mip   edge_weight                20   0.041    0.092    0.133  32.5x     0.846    +0.47   1100.04    +0.69      35    3.2
subgraph_mip   time_balanced_weight       20   0.040    0.199    0.240  18.1x     0.937   +11.25   1122.33    +2.73      49    4.4
subgraph_mip   combined                   20   0.113    0.228    0.341  12.7x     0.846    +0.47   1100.04    +0.69      84    7.6
subgraph_mip   blended                    20   0.078    0.045    0.123  35.1x     0.855    +1.61   1088.33    -0.38      28    2.5
subgraph_mip   blended_union              20   0.176    0.517    0.693   6.2x     0.842    -0.00   1092.52    +0.00      87    7.9
subgraph_mip   diverse                    20   0.022    0.837    0.858   5.0x     0.842    -0.00   1092.52    +0.00     239   21.6
subgraph_mip   edge_weight                50   0.142    0.171    0.313  13.8x     0.842    -0.00   1092.52    +0.00      54    4.9
subgraph_mip   time_balanced_weight       50   0.087    0.253    0.340  12.7x     0.932   +10.71   1088.33    -0.38      74    6.7
subgraph_mip   combined                   50   0.180    0.547    0.728   5.9x     0.842    -0.00   1092.52    +0.00     127   11.5
subgraph_mip   blended                    50   0.197    0.099    0.295  14.7x     0.855    +1.61   1088.33    -0.38      52    4.7
subgraph_mip   blended_union              50   0.444    0.455    0.899   4.8x     0.842    -0.00   1092.52    +0.00     117   10.6
subgraph_mip   diverse                    50   0.039    0.812    0.851   5.1x     0.842    -0.00   1092.52    +0.00     509   46.1
subgraph_mip   edge_weight               100   0.251    0.128    0.378  11.4x     0.842    -0.00   1092.52    +0.00      78    7.1
subgraph_mip   time_balanced_weight      100   0.143    0.445    0.588   7.4x     0.932   +10.71   1088.33    -0.38      85    7.7
subgraph_mip   combined                  100   0.457    0.334    0.792   5.5x     0.842    -0.00   1092.52    +0.00     162   14.7
subgraph_mip   blended                   100   0.329    0.134    0.463   9.3x     0.855    +1.61   1088.33    -0.38      72    6.5
subgraph_mip   blended_union             100   0.789    0.430    1.220   3.5x     0.842    -0.00   1092.52    +0.00     167   15.1
subgraph_mip   diverse                   100   0.050    3.117    3.168   1.4x     0.842    +0.00   1092.52    +0.00     746   67.5
subgraph_mip   edge_weight               200   0.539    0.112    0.651   6.7x     0.842    -0.00   1092.52    +0.00      95    8.6
subgraph_mip   time_balanced_weight      200   0.245    0.461    0.706   6.1x     0.932   +10.68   1088.33    -0.38     118   10.7
subgraph_mip   combined                  200   0.772    0.597    1.370   3.2x     0.842    -0.00   1092.52    +0.00     211   19.1
subgraph_mip   blended                   200   0.722    0.180    0.901   4.8x     0.855    +1.61   1088.33    -0.38      85    7.7
subgraph_mip   blended_union             200   1.424    0.566    1.990   2.2x     0.842    -0.00   1092.52    +0.00     212   19.2
subgraph_mip   diverse                   200   0.098    3.528    3.626   1.2x     0.842    -0.00   1092.52    +0.00     908   82.2
subgraph_mip   edge_weight               500   1.407    0.273    1.680   2.6x     0.842    -0.00   1092.52    +0.00     108    9.8
subgraph_mip   time_balanced_weight      500   1.013    0.733    1.746   2.5x     0.915    +8.64   1104.13    +1.06     170   15.4
subgraph_mip   combined                  500   2.406    0.649    3.055   1.4x     0.842    -0.00   1092.52    +0.00     274   24.8
subgraph_mip   blended                   500   2.257    0.624    2.881   1.5x     0.842    +0.00   1092.52    +0.00     176   15.9
subgraph_mip   blended_union             500   4.579    1.585    6.164   0.7x     0.842    -0.00   1092.52    +0.00     278   25.2
subgraph_mip   diverse                   500   0.439    5.057    5.496   0.8x     0.842    -0.00   1092.52    +0.00    1046   94.7
subgraph_mip   edge_weight              1000   3.055    0.300    3.355   1.3x     0.842    -0.00   1092.52    +0.00     142   12.8
subgraph_mip   time_balanced_weight     1000   2.419    1.156    3.575   1.2x     0.912    +8.30   1104.13    +1.06     223   20.2
subgraph_mip   combined                 1000   5.641    0.799    6.440   0.7x     0.842    -0.00   1092.52    +0.00     359   32.5
subgraph_mip   blended                  1000   4.065    1.044    5.109   0.8x     0.842    -0.00   1092.52    +0.00     220   19.9
subgraph_mip   blended_union            1000   8.997    1.445   10.443   0.4x     0.842    -0.00   1092.52    +0.00     305   27.6
subgraph_mip   diverse                  1000   0.944    5.640    6.584   0.7x     0.842    +0.00   1092.52    +0.00    1102   99.7
subgraph_mip   edge_weight              2000   7.025    0.484    7.509   0.6x     0.842    -0.00   1092.52    +0.00     185   16.7
subgraph_mip   time_balanced_weight     2000   5.474    2.414    7.888   0.6x     0.908    +7.89   1104.13    +1.06     291   26.3
subgraph_mip   combined                 2000  12.784    1.084   13.868   0.3x     0.842    -0.00   1092.52    +0.00     464   42.0
subgraph_mip   blended                  2000   8.206    0.980    9.186   0.5x     0.842    +0.00   1092.52    +0.00     237   21.4
subgraph_mip   blended_union            2000  23.663    1.245   24.908   0.2x     0.842    +0.00   1092.52    +0.00     356   32.2
subgraph_mip   diverse                  2000   2.126    5.054    7.180   0.6x     0.842    +0.00   1092.52    +0.00    1105  100.0
subgraph_mip   edge_weight              5000  32.155    0.860   33.015   0.1x     0.842    +0.00   1092.52    +0.00     232   21.0
subgraph_mip   time_balanced_weight     5000  22.609    3.439   26.048   0.2x     0.907    +7.71   1104.13    +1.06     382   34.6
subgraph_mip   combined                 5000  54.235    1.881   56.116   0.1x     0.842    -0.00   1092.52    +0.00     593   53.7
subgraph_mip   blended                  5000  33.663    0.691   34.354   0.1x     0.842    +0.00   1092.52    +0.00     314   28.4
subgraph_mip   blended_union            5000  96.348    3.021   99.369   0.0x     0.842    -0.00   1092.52    +0.00     482   43.6
subgraph_mip   diverse                  5000   5.611    5.241   10.853   0.4x     0.842    +0.00   1092.52    +0.00    1105  100.0
============================================================================================================================

----------------- λ = 0.8 -----------------
========================================================================
Strategy Comparison Experiment — assembly_1  P=2  λ=0.8
========================================================================

Building assembly digraph …
2026-07-01 18:23:12.555 | INFO     | pycaalp.gapp.assembly_digraph:compute_assembly_digraph_complete:395 - Computing assembly digraph...
  343 nodes, 1105 edges  (0.3s)

[1] Full MIP  P=2  λ=0.8
2026-07-01 18:23:12.871 | INFO     | pycaalp.time_balancing.model:run_mip:430 - Running MIP solver ...
presolving:
(round 1, fast)       28 del vars, 40 del conss, 0 add conss, 0 chg bounds, 0 chg sides, 0 chg coeffs, 0 upgd conss, 0 impls, 43 clqs, 0 implints
(round 2, exhaustive) 28 del vars, 40 del conss, 0 add conss, 1 chg bounds, 0 chg sides, 0 chg coeffs, 2253 upgd conss, 0 impls, 43 clqs, 0 implints
   (0.2s) probing: 1000/1129 (88.6%) - 0 fixings, 0 aggregations, 119627 implications, 0 bound changes
   (0.2s) probing: 1001/1129 (88.7%) - 0 fixings, 0 aggregations, 119803 implications, 0 bound changes
   (0.2s) probing aborted: 1000/1000 successive useless probings
   (0.2s) symmetry computation started: requiring (bin +, int +, cont +), (fixed: bin -, int -, cont -)
   (0.2s) no symmetry present (symcode time: 0.00)
presolving (3 rounds: 3 fast, 2 medium, 2 exhaustive):
 28 deleted vars, 40 deleted constraints, 0 added constraints, 1 tightened bounds, 0 added holes, 0 changed sides, 0 changed coefficients
 0 implications, 8934 cliques, 0 implied integral variables (0 bin, 0 int, 0 cont)
presolved problem has 1130 variables (1129 bin, 0 int, 1 cont) and 2565 constraints
     43 constraints of type <setppc>
    312 constraints of type <linear>
   2210 constraints of type <logicor>
Presolving Time: 0.23

 time | node  | left  |LP iter|LP it/n|mem/heur|mdpt |vars |cons |rows |cuts |sepa|confs|strbr|  dualbound   | primalbound  |  gap   | compl. 
p 0.3s|     1 |     0 |     4 |     - | vbounds|   0 |1130 |2578 |2565 |   0 |  0 |  12 |   0 | 0.000000e+00 | 1.507910e+00 |    Inf | unknown
  0.3s|     1 |     0 |   358 |     - |    21M |   0 |1130 |2590 |2565 |   0 |  0 |  24 |   0 | 8.329273e-01 | 1.507910e+00 |  81.04%| unknown
  0.4s|     1 |     0 |   382 |     - |    23M |   0 |1130 |2591 |2567 |   2 |  1 |  25 |   0 | 8.329314e-01 | 1.507910e+00 |  81.04%| unknown
r 0.4s|     1 |     0 |   382 |     - |shifting|   0 |1130 |2591 |2567 |   2 |  1 |  25 |   0 | 8.329314e-01 | 8.475648e-01 |   1.76%| unknown
  0.4s|     1 |     0 |   402 |     - |    23M |   0 |1130 |2591 |2568 |   3 |  2 |  25 |   0 | 8.329517e-01 | 8.475648e-01 |   1.75%| unknown
  0.4s|     1 |     0 |   402 |     - |    24M |   0 |1130 |2591 |2568 |   3 |  2 |  25 |   0 | 8.329517e-01 | 8.475648e-01 |   1.75%| unknown
  0.4s|     1 |     0 |   402 |     - |    24M |   0 |1130 |2591 |2307 |   3 |  2 |  25 |   0 | 8.329517e-01 | 8.475648e-01 |   1.75%| unknown
  0.6s|     1 |     0 |   417 |     - |    25M |   0 |1130 |2451 |2301 |   4 |  3 |  25 |   0 | 8.329566e-01 | 8.475648e-01 |   1.75%| unknown
  0.8s|     1 |     0 |   433 |     - |    29M |   0 |1130 |2379 |2303 |   6 |  4 |  25 |   0 | 8.329617e-01 | 8.475648e-01 |   1.75%| unknown
  1.1s|     1 |     0 |   444 |     - |    36M |   0 |1130 |2381 |2304 |   7 |  5 |  33 |   0 | 8.329657e-01 | 8.475648e-01 |   1.75%| unknown
  1.4s|     1 |     0 |   449 |     - |    40M |   0 |1130 |2381 |2306 |   9 |  6 |  33 |   0 | 8.329660e-01 | 8.475648e-01 |   1.75%| unknown
  1.6s|     1 |     0 |   458 |     - |    44M |   0 |1130 |2381 |2308 |  11 |  7 |  33 |   0 | 8.329663e-01 | 8.475648e-01 |   1.75%| unknown
  1.9s|     1 |     0 |   470 |     - |    50M |   0 |1130 |2381 |2310 |  13 |  8 |  33 |   0 | 8.329678e-01 | 8.475648e-01 |   1.75%| unknown
  2.3s|     1 |     0 |   486 |     - |    56M |   0 |1130 |2369 |2312 |  15 |  9 |  43 |   0 | 8.329721e-01 | 8.475648e-01 |   1.75%| unknown
  2.5s|     1 |     0 |   509 |     - |    61M |   0 |1130 |2363 |2314 |  17 | 10 |  43 |   0 | 8.329806e-01 | 8.475648e-01 |   1.75%| unknown
 time | node  | left  |LP iter|LP it/n|mem/heur|mdpt |vars |cons |rows |cuts |sepa|confs|strbr|  dualbound   | primalbound  |  gap   | compl. 
  2.6s|     1 |     0 |   511 |     - |    61M |   0 |1130 |2364 |2316 |  19 | 11 |  44 |   0 | 8.329823e-01 | 8.475648e-01 |   1.75%| unknown
  2.6s|     1 |     0 |   511 |     - |    61M |   0 |1130 |2129 |2316 |  19 | 11 |  49 |   0 | 8.329823e-01 | 8.475648e-01 |   1.75%| unknown
  2.6s|     1 |     0 |   516 |     - |    61M |   0 |1130 |2129 |2319 |  22 | 12 |  49 |   0 | 8.329829e-01 | 8.475648e-01 |   1.75%| unknown
  2.6s|     1 |     0 |   523 |     - |    61M |   0 |1130 |1853 |2321 |  24 | 13 |  49 |   0 | 8.329833e-01 | 8.475648e-01 |   1.75%| unknown
  2.6s|     1 |     0 |   533 |     - |    62M |   0 |1130 |1816 |2323 |  26 | 14 |  54 |   0 | 8.329853e-01 | 8.475648e-01 |   1.75%| unknown
  2.6s|     1 |     0 |   539 |     - |    62M |   0 |1130 |1817 |2325 |  29 | 15 |  55 |   0 | 8.329865e-01 | 8.475648e-01 |   1.75%| unknown
  2.6s|     1 |     0 |   542 |     - |    62M |   0 |1130 |1809 |2326 |  30 | 16 |  59 |   0 | 8.329868e-01 | 8.475648e-01 |   1.75%| unknown
  2.6s|     1 |     0 |   543 |     - |    62M |   0 |1130 |1797 |2327 |  31 | 17 |  60 |   0 | 8.329868e-01 | 8.475648e-01 |   1.75%| unknown
  2.6s|     1 |     0 |   553 |     - |    63M |   0 |1130 |1797 |2328 |  32 | 18 |  60 |   0 | 8.329870e-01 | 8.475648e-01 |   1.75%| unknown
  2.7s|     1 |     0 |   565 |     - |    63M |   0 |1130 |1791 |2330 |  34 | 19 |  64 |   0 | 8.329881e-01 | 8.475648e-01 |   1.75%| unknown
  2.7s|     1 |     0 |   574 |     - |    63M |   0 |1130 |1791 |2331 |  35 | 20 |  64 |   0 | 8.329911e-01 | 8.475648e-01 |   1.75%| unknown
  2.7s|     1 |     0 |   576 |     - |    63M |   0 |1130 |1715 |2323 |  36 | 21 |  64 |   0 | 8.329911e-01 | 8.475648e-01 |   1.75%| unknown
(run 1, node 1) restarting after 460 global fixings of integer variables

(restart) converted 26 cuts from the global cut pool into linear constraints

presolving:
(round 1, fast)       465 del vars, 126 del conss, 0 add conss, 2 chg bounds, 0 chg sides, 87 chg coeffs, 0 upgd conss, 0 impls, 4234 clqs, 0 implints
(round 2, exhaustive) 465 del vars, 126 del conss, 0 add conss, 2 chg bounds, 0 chg sides, 87 chg coeffs, 42 upgd conss, 0 impls, 4234 clqs, 0 implints
(round 3, exhaustive) 465 del vars, 128 del conss, 0 add conss, 2 chg bounds, 0 chg sides, 118 chg coeffs, 42 upgd conss, 0 impls, 4234 clqs, 0 implints
(round 4, exhaustive) 465 del vars, 128 del conss, 0 add conss, 2 chg bounds, 0 chg sides, 132 chg coeffs, 42 upgd conss, 0 impls, 4234 clqs, 0 implints
presolving (5 rounds: 5 fast, 4 medium, 4 exhaustive):
 465 deleted vars, 128 deleted constraints, 0 added constraints, 2 tightened bounds, 0 added holes, 0 changed sides, 132 changed coefficients
 0 implications, 4234 cliques, 0 implied integral variables (0 bin, 0 int, 0 cont)
presolved problem has 665 variables (664 bin, 0 int, 1 cont) and 1623 constraints
     86 constraints of type <setppc>
    198 constraints of type <linear>
   1339 constraints of type <logicor>
Presolving Time: 0.24
transformed 1/3 original solutions to the transformed problem space

 time | node  | left  |LP iter|LP it/n|mem/heur|mdpt |vars |cons |rows |cuts |sepa|confs|strbr|  dualbound   | primalbound  |  gap   | compl. 
  2.8s|     1 |     0 |  1498 |     - |    58M |   0 | 665 |1623 |1561 |   0 |  0 |  79 |   0 | 8.329911e-01 | 8.475648e-01 |   1.75%| unknown
  2.8s|     1 |     0 |  1498 |     - |    59M |   0 | 665 |1623 |1438 |   0 |  0 |  79 |   0 | 8.329911e-01 | 8.475648e-01 |   1.75%| unknown
  2.9s|     1 |     0 |  1507 |     - |    59M |   0 | 665 |1528 |1366 |   1 |  1 |  79 |   0 | 8.329921e-01 | 8.475648e-01 |   1.75%| unknown
  3.2s|     1 |     0 |  1510 |     - |    62M |   0 | 665 |1467 |1367 |   2 |  2 |  79 |   0 | 8.329922e-01 | 8.475648e-01 |   1.75%| unknown
  3.4s|     1 |     0 |  1542 |     - |    64M |   0 | 665 |1465 |1369 |   4 |  3 |  79 |   0 | 8.330006e-01 | 8.475648e-01 |   1.75%| unknown
  3.6s|     1 |     0 |  1555 |     - |    65M |   0 | 665 |1452 |1373 |   8 |  4 |  79 |   0 | 8.330056e-01 | 8.475648e-01 |   1.75%| unknown
  3.7s|     1 |     0 |  1566 |     - |    66M |   0 | 665 |1454 |1374 |   9 |  5 |  81 |   0 | 8.330120e-01 | 8.475648e-01 |   1.75%| unknown
  3.9s|     1 |     0 |  1578 |     - |    75M |   0 | 665 |1458 |1375 |  10 |  6 |  85 |   0 | 8.330136e-01 | 8.475648e-01 |   1.75%| unknown
  4.0s|     1 |     0 |  1616 |     - |    84M |   0 | 665 |1457 |1376 |  11 |  7 |  86 |   0 | 8.330301e-01 | 8.475648e-01 |   1.74%| unknown
  4.1s|     1 |     0 |  1675 |     - |    95M |   0 | 665 |1448 |1377 |  12 |  8 |  87 |   0 | 8.330534e-01 | 8.475648e-01 |   1.74%| unknown
  4.3s|     1 |     0 |  1685 |     - |   101M |   0 | 665 |1448 |1379 |  14 |  9 |  88 |   0 | 8.330554e-01 | 8.475648e-01 |   1.74%| unknown
  4.4s|     1 |     0 |  1692 |     - |   106M |   0 | 665 |1447 |1381 |  16 | 10 |  94 |   0 | 8.330581e-01 | 8.475648e-01 |   1.74%| unknown
  4.4s|     1 |     0 |  1707 |     - |   106M |   0 | 665 |1447 |1383 |  18 | 11 |  94 |   0 | 8.330602e-01 | 8.475648e-01 |   1.74%| unknown
  4.4s|     1 |     0 |  1707 |     - |   106M |   0 | 665 |1311 |1383 |  18 | 11 |  94 |   0 | 8.330602e-01 | 8.475648e-01 |   1.74%| unknown
  4.4s|     1 |     0 |  1714 |     - |   106M |   0 | 665 |1311 |1373 |  20 | 12 |  94 |   0 | 8.330605e-01 | 8.475648e-01 |   1.74%| unknown
 time | node  | left  |LP iter|LP it/n|mem/heur|mdpt |vars |cons |rows |cuts |sepa|confs|strbr|  dualbound   | primalbound  |  gap   | compl. 
  4.4s|     1 |     0 |  1718 |     - |   106M |   0 | 665 |1189 |1375 |  22 | 13 |  98 |   0 | 8.330606e-01 | 8.475648e-01 |   1.74%| unknown
  4.5s|     1 |     0 |  1723 |     - |   106M |   0 | 665 |1105 |1376 |  23 | 14 |  98 |   0 | 8.330635e-01 | 8.475648e-01 |   1.74%| unknown
  4.5s|     1 |     0 |  1735 |     - |   106M |   0 | 665 |1110 |1378 |  25 | 15 | 104 |   0 | 8.330643e-01 | 8.475648e-01 |   1.74%| unknown
  4.5s|     1 |     0 |  1754 |     - |   106M |   0 | 665 |1091 |1381 |  28 | 16 | 107 |   0 | 8.330657e-01 | 8.475648e-01 |   1.74%| unknown
  4.5s|     1 |     0 |  1755 |     - |   106M |   0 | 665 |1090 |1382 |  29 | 17 | 107 |   0 | 8.330657e-01 | 8.475648e-01 |   1.74%| unknown
L 4.5s|     1 |     0 |  2027 |     - |    rens|   0 | 665 |1100 |1382 |  29 | 18 | 117 |   0 | 8.330657e-01 | 8.475187e-01 |   1.73%| unknown
(run 2, node 1) restarting after 246 global fixings of integer variables

(restart) converted 29 cuts from the global cut pool into linear constraints

presolving:
(round 1, fast)       247 del vars, 55 del conss, 0 add conss, 0 chg bounds, 0 chg sides, 304 chg coeffs, 0 upgd conss, 0 impls, 1572 clqs, 0 implints
(round 2, medium)     248 del vars, 55 del conss, 0 add conss, 0 chg bounds, 0 chg sides, 304 chg coeffs, 0 upgd conss, 0 impls, 1570 clqs, 0 implints
(round 3, fast)       248 del vars, 57 del conss, 0 add conss, 0 chg bounds, 0 chg sides, 304 chg coeffs, 0 upgd conss, 0 impls, 1570 clqs, 0 implints
(round 4, exhaustive) 248 del vars, 58 del conss, 0 add conss, 0 chg bounds, 0 chg sides, 304 chg coeffs, 0 upgd conss, 0 impls, 1570 clqs, 0 implints
(round 5, exhaustive) 248 del vars, 58 del conss, 0 add conss, 0 chg bounds, 0 chg sides, 304 chg coeffs, 5 upgd conss, 0 impls, 1570 clqs, 0 implints
(round 6, exhaustive) 248 del vars, 62 del conss, 0 add conss, 0 chg bounds, 0 chg sides, 307 chg coeffs, 5 upgd conss, 0 impls, 1570 clqs, 0 implints
presolving (7 rounds: 7 fast, 5 medium, 4 exhaustive):
 248 deleted vars, 62 deleted constraints, 0 added constraints, 0 tightened bounds, 0 added holes, 0 changed sides, 309 changed coefficients
 0 implications, 1570 cliques, 0 implied integral variables (0 bin, 0 int, 0 cont)
presolved problem has 417 variables (416 bin, 0 int, 1 cont) and 1067 constraints
      4 constraints of type <knapsack>
     41 constraints of type <setppc>
    168 constraints of type <linear>
    854 constraints of type <logicor>
Presolving Time: 0.26
transformed 2/4 original solutions to the transformed problem space

 time | node  | left  |LP iter|LP it/n|mem/heur|mdpt |vars |cons |rows |cuts |sepa|confs|strbr|  dualbound   | primalbound  |  gap   | compl. 
  4.6s|     1 |     0 |  2393 |     - |   100M |   0 | 417 |1067 | 993 |   0 |  0 | 117 |   0 | 8.330657e-01 | 8.475187e-01 |   1.73%| unknown
  4.7s|     1 |     0 |  2402 |     - |   103M |   0 | 417 |1067 | 994 |   1 |  1 | 117 |   0 | 8.330671e-01 | 8.475187e-01 |   1.73%| unknown
  4.8s|     1 |     0 |  2409 |     - |   104M |   0 | 417 |1069 | 996 |   3 |  2 | 119 |   0 | 8.330674e-01 | 8.475187e-01 |   1.73%| unknown
  5.0s|     1 |     0 |  2426 |     - |   107M |   0 | 417 |1069 | 997 |   4 |  3 | 119 |   0 | 8.330680e-01 | 8.475187e-01 |   1.73%| unknown
  5.1s|     1 |     0 |  2440 |     - |   108M |   0 | 417 |1069 | 998 |   5 |  4 | 119 |   0 | 8.330695e-01 | 8.475187e-01 |   1.73%| unknown
  5.1s|     1 |     0 |  2444 |     - |   109M |   0 | 417 |1071 |1000 |   7 |  5 | 121 |   0 | 8.330700e-01 | 8.475187e-01 |   1.73%| unknown
  5.2s|     1 |     0 |  2447 |     - |   112M |   0 | 417 |1071 |1002 |   9 |  6 | 121 |   0 | 8.330702e-01 | 8.475187e-01 |   1.73%| unknown
  5.4s|     1 |     0 |  2468 |     - |   112M |   0 | 417 |1071 |1003 |  10 |  7 | 121 |   0 | 8.330735e-01 | 8.475187e-01 |   1.73%| unknown
  5.5s|     1 |     0 |  2475 |     - |   115M |   0 | 417 |1072 |1005 |  12 |  8 | 122 |   0 | 8.330739e-01 | 8.475187e-01 |   1.73%| unknown
  5.6s|     1 |     0 |  2487 |     - |   117M |   0 | 417 |1074 |1006 |  13 |  9 | 124 |   0 | 8.330744e-01 | 8.475187e-01 |   1.73%| unknown
  5.7s|     1 |     0 |  2510 |     - |   125M |   0 | 417 |1074 |1007 |  14 | 10 | 124 |   0 | 8.330813e-01 | 8.475187e-01 |   1.73%| unknown
  5.8s|     1 |     0 |  2518 |     - |   125M |   0 | 417 |1074 |1008 |  15 | 11 | 124 |   0 | 8.330820e-01 | 8.475187e-01 |   1.73%| unknown
  5.9s|     1 |     0 |  2848 |     - |   125M |   0 | 417 |1078 |1008 |  15 | 11 | 132 |  19 | 8.331662e-01 | 8.475187e-01 |   1.72%| unknown
  5.9s|     1 |     0 |  2850 |     - |   125M |   0 | 417 |1082 |1009 |  16 | 12 | 138 |  19 | 8.331662e-01 | 8.475187e-01 |   1.72%| unknown
  5.9s|     1 |     0 |  2851 |     - |   125M |   0 | 417 |1081 | 969 |  17 | 13 | 138 |  19 | 8.331662e-01 | 8.475187e-01 |   1.72%| unknown
 time | node  | left  |LP iter|LP it/n|mem/heur|mdpt |vars |cons |rows |cuts |sepa|confs|strbr|  dualbound   | primalbound  |  gap   | compl. 
  6.0s|     1 |     2 |  2851 |     - |   125M |   0 | 417 |1079 | 969 |  17 | 13 | 138 |  35 | 8.331662e-01 | 8.475187e-01 |   1.72%| unknown
* 6.3s|    15 |     4 |  3277 | 104.8 |strongbr|   8 | 417 |1115 | 949 |  17 |  2 | 180 | 165 | 8.331662e-01 | 8.468046e-01 |   1.64%|  10.89%
* 6.3s|    16 |     5 |  3288 |  99.2 |strongbr|   8 | 417 |1115 | 949 |  17 |  1 | 180 | 168 | 8.331662e-01 | 8.466133e-01 |   1.61%|  10.89%
* 6.3s|    17 |     4 |  3322 |  95.6 |strongbr|   8 | 417 |1121 | 949 |  17 |  1 | 186 | 174 | 8.331662e-01 | 8.422617e-01 |   1.09%|  11.03%

SCIP Status        : problem is solved [optimal solution found]
Solving Time (sec) : 6.75
Solving Nodes      : 36 (total of 38 nodes in 3 runs)
Primal Bound       : +8.42261727715825e-01 (8 solutions)
Dual Bound         : +8.42261727715825e-01
Gap                : 0.00 %
objective value:                    0.842261727715825
x_('12_5', '13_1')                                  1 	(obj:0.0066167357232931)
x_('11_17', '12_5')                                 1 	(obj:0.00523155737704918)
x_('10_31', '11_17')                                1 	(obj:0.00574771130508835)
x_('9_42', '10_31')                                 1 	(obj:0.0135714285714286)
x_('8_38', '9_42')                                  1 	(obj:0.00868032786885246)
x_('7_39', '8_38')                                  1 	(obj:0.009375)
x_('6_36', '7_39')                                  1 	(obj:0.00660471729675477)
x_('5_31', '6_36')                                  1 	(obj:0.0154435987509758)
x_('4_25', '5_31')                                  1 	(obj:0.016288056206089)
x_('3_20', '4_25')                                  1 	(obj:0.018574355971897)
x_('2_14', '3_20')                                  1 	(obj:0.0187166276346604)
x_('1_10', '2_14')                                  1 	(obj:0.0352177985948478)
x_('0_1', '1_10')                                   1 	(obj:0.00714285714285714)
y_0_0                                               1 	(obj:0)
y_1_0                                               1 	(obj:0)
y_2_0                                               1 	(obj:0)
y_3_0                                               1 	(obj:0)
y_4_0                                               1 	(obj:0)
y_5_0                                               1 	(obj:0)
y_6_1                                               1 	(obj:0)
y_7_1                                               1 	(obj:0)
y_8_1                                               1 	(obj:0)
y_9_1                                               1 	(obj:0)
y_10_1                                              1 	(obj:0)
y_11_1                                              1 	(obj:0)
y_12_1                                              1 	(obj:0)
z_('3268741', '3425762')_1                          1 	(obj:0)
z_('3268741', '1966592X')_0                         1 	(obj:0)
z_('1966592X', '3452192')_0                         1 	(obj:0)
z_('3452192', '1353870')_0                          1 	(obj:0)
z_('3452192', '3520162')_0                          1 	(obj:0)
z_('3520162', '3307092')_0                          1 	(obj:0)
z_('3520162', '3524054')_0                          1 	(obj:0)
z_('3268740', '3524054')_1                          1 	(obj:0)
z_('3524054', '3179975')_1                          1 	(obj:0)
z_('3179975', '3422998')_1                          1 	(obj:0)
z_('3422998', '2495223X')_1                         1 	(obj:0)
z_('3422998', '1353870_01')_1                       1 	(obj:0)
z_('2495223X', '2245784X')_1                        1 	(obj:0)
alpha                                6.58144578313253 	(obj:0.102568793775086)
  obj=0.842  alpha=1092.5s  time=6.84s

k = 1
  Subgraph edges — edge_w: 13 (1.2%)  bal_w: 13 (1.2%)  combined: 26 (2.4%)  blended: 13 (1.2%)  blended_union: 31 (2.8%)  diverse: 13 (1.2%)
  [3a] Subgraph / edge_w   k=1 …
2026-07-01 18:23:19.731 | INFO     | pycaalp.time_balancing.model:run_mip:430 - Running MIP solver ...
      obj=0.848 (vs_full=+0.62%)  alpha=1102.0s  build=0.001s solve=0.012s  vs_full=+0.87%
  [3b] Subgraph / bal_w    k=1 …
2026-07-01 18:23:19.744 | INFO     | pycaalp.time_balancing.model:run_mip:430 - Running MIP solver ...
      obj=0.951 (vs_full=+12.92%)  alpha=1160.1s  build=0.001s solve=0.012s  vs_full=+6.19%
  [3c] Subgraph / combined k=1 …
2026-07-01 18:23:19.756 | INFO     | pycaalp.time_balancing.model:run_mip:430 - Running MIP solver ...
      obj=0.848 (vs_full=+0.62%)  alpha=1102.0s  build=0.002s solve=0.018s  vs_full=+0.87%
  [3d] Subgraph / blended  k=1 …
2026-07-01 18:23:19.775 | INFO     | pycaalp.time_balancing.model:run_mip:430 - Running MIP solver ...
      obj=0.853 (vs_full=+1.21%)  alpha=1088.3s  build=0.001s solve=0.013s  vs_full=-0.38%
  [3e] Subgraph / bl-union k=1 …
2026-07-01 18:23:19.788 | INFO     | pycaalp.time_balancing.model:run_mip:430 - Running MIP solver ...
      obj=0.842 (vs_full=+0.00%)  alpha=1092.5s  build=0.011s solve=0.080s  vs_full=+0.00%
  [3f] Subgraph / diverse  k=1 …
2026-07-01 18:23:19.868 | INFO     | pycaalp.time_balancing.model:run_mip:430 - Running MIP solver ...
      obj=0.853 (vs_full=+1.21%)  alpha=1088.3s  build=0.004s solve=0.014s  vs_full=-0.38%

k = 2
  Subgraph edges — edge_w: 15 (1.4%)  bal_w: 20 (1.8%)  combined: 35 (3.2%)  blended: 15 (1.4%)  blended_union: 36 (3.3%)  diverse: 26 (2.4%)
  [3a] Subgraph / edge_w   k=2 …
2026-07-01 18:23:19.931 | INFO     | pycaalp.time_balancing.model:run_mip:430 - Running MIP solver ...
      obj=0.848 (vs_full=+0.62%)  alpha=1102.0s  build=0.008s solve=0.022s  vs_full=+0.87%
  [3b] Subgraph / bal_w    k=2 …
2026-07-01 18:23:19.953 | INFO     | pycaalp.time_balancing.model:run_mip:430 - Running MIP solver ...
      obj=0.927 (vs_full=+10.01%)  alpha=1088.3s  build=0.006s solve=0.029s  vs_full=-0.38%
  [3c] Subgraph / combined k=2 …
2026-07-01 18:23:19.982 | INFO     | pycaalp.time_balancing.model:run_mip:430 - Running MIP solver ...
      obj=0.848 (vs_full=+0.62%)  alpha=1102.0s  build=0.007s solve=0.042s  vs_full=+0.87%
  [3d] Subgraph / blended  k=2 …
2026-07-01 18:23:20.024 | INFO     | pycaalp.time_balancing.model:run_mip:430 - Running MIP solver ...
      obj=0.853 (vs_full=+1.21%)  alpha=1088.3s  build=0.004s solve=0.017s  vs_full=-0.38%
  [3e] Subgraph / bl-union k=2 …
2026-07-01 18:23:20.041 | INFO     | pycaalp.time_balancing.model:run_mip:430 - Running MIP solver ...
      obj=0.842 (vs_full=-0.00%)  alpha=1092.5s  build=0.019s solve=0.066s  vs_full=+0.00%
  [3f] Subgraph / diverse  k=2 …
2026-07-01 18:23:20.107 | INFO     | pycaalp.time_balancing.model:run_mip:430 - Running MIP solver ...
      obj=0.853 (vs_full=+1.21%)  alpha=1088.3s  build=0.004s solve=0.011s  vs_full=-0.38%

k = 5
  Subgraph edges — edge_w: 21 (1.9%)  bal_w: 29 (2.6%)  combined: 50 (4.5%)  blended: 20 (1.8%)  blended_union: 49 (4.4%)  diverse: 65 (5.9%)
  [3a] Subgraph / edge_w   k=5 …
2026-07-01 18:23:20.271 | INFO     | pycaalp.time_balancing.model:run_mip:430 - Running MIP solver ...
      obj=0.848 (vs_full=+0.62%)  alpha=1102.0s  build=0.013s solve=0.054s  vs_full=+0.87%
  [3b] Subgraph / bal_w    k=5 …
2026-07-01 18:23:20.326 | INFO     | pycaalp.time_balancing.model:run_mip:430 - Running MIP solver ...
      obj=0.923 (vs_full=+9.54%)  alpha=1122.3s  build=0.007s solve=0.153s  vs_full=+2.73%
  [3c] Subgraph / combined k=5 …
2026-07-01 18:23:20.479 | INFO     | pycaalp.time_balancing.model:run_mip:430 - Running MIP solver ...
      obj=0.848 (vs_full=+0.62%)  alpha=1102.0s  build=0.028s solve=0.125s  vs_full=+0.87%
  [3d] Subgraph / blended  k=5 …
2026-07-01 18:23:20.604 | INFO     | pycaalp.time_balancing.model:run_mip:430 - Running MIP solver ...
      obj=0.853 (vs_full=+1.21%)  alpha=1088.3s  build=0.027s solve=0.029s  vs_full=-0.38%
  [3e] Subgraph / bl-union k=5 …
2026-07-01 18:23:20.633 | INFO     | pycaalp.time_balancing.model:run_mip:430 - Running MIP solver ...
      obj=0.842 (vs_full=+0.00%)  alpha=1092.5s  build=0.072s solve=0.062s  vs_full=+0.00%
  [3f] Subgraph / diverse  k=5 …
2026-07-01 18:23:20.696 | INFO     | pycaalp.time_balancing.model:run_mip:430 - Running MIP solver ...
      obj=0.845 (vs_full=+0.27%)  alpha=1092.5s  build=0.006s solve=0.107s  vs_full=+0.00%

k = 10
  Subgraph edges — edge_w: 24 (2.2%)  bal_w: 39 (3.5%)  combined: 63 (5.7%)  blended: 25 (2.3%)  blended_union: 64 (5.8%)  diverse: 126 (11.4%)
  [3a] Subgraph / edge_w   k=10 …
2026-07-01 18:23:21.087 | INFO     | pycaalp.time_balancing.model:run_mip:430 - Running MIP solver ...
      obj=0.848 (vs_full=+0.62%)  alpha=1102.0s  build=0.049s solve=0.033s  vs_full=+0.87%
  [3b] Subgraph / bal_w    k=10 …
2026-07-01 18:23:21.121 | INFO     | pycaalp.time_balancing.model:run_mip:430 - Running MIP solver ...
      obj=0.923 (vs_full=+9.54%)  alpha=1122.3s  build=0.027s solve=0.093s  vs_full=+2.73%
  [3c] Subgraph / combined k=10 …
2026-07-01 18:23:21.213 | INFO     | pycaalp.time_balancing.model:run_mip:430 - Running MIP solver ...
      obj=0.848 (vs_full=+0.62%)  alpha=1102.0s  build=0.053s solve=0.076s  vs_full=+0.87%
  [3d] Subgraph / blended  k=10 …
2026-07-01 18:23:21.290 | INFO     | pycaalp.time_balancing.model:run_mip:430 - Running MIP solver ...
      obj=0.853 (vs_full=+1.21%)  alpha=1088.3s  build=0.029s solve=0.039s  vs_full=-0.38%
  [3e] Subgraph / bl-union k=10 …
2026-07-01 18:23:21.329 | INFO     | pycaalp.time_balancing.model:run_mip:430 - Running MIP solver ...
      obj=0.842 (vs_full=+0.00%)  alpha=1092.5s  build=0.116s solve=0.269s  vs_full=+0.00%
  [3f] Subgraph / diverse  k=10 …
2026-07-01 18:23:21.597 | INFO     | pycaalp.time_balancing.model:run_mip:430 - Running MIP solver ...
      obj=0.845 (vs_full=+0.27%)  alpha=1092.5s  build=0.010s solve=0.228s  vs_full=+0.00%

k = 20
  Subgraph edges — edge_w: 35 (3.2%)  bal_w: 49 (4.4%)  combined: 84 (7.6%)  blended: 28 (2.5%)  blended_union: 87 (7.9%)  diverse: 239 (21.6%)
  [3a] Subgraph / edge_w   k=20 …
2026-07-01 18:23:22.388 | INFO     | pycaalp.time_balancing.model:run_mip:430 - Running MIP solver ...
      obj=0.847 (vs_full=+0.52%)  alpha=1100.0s  build=0.066s solve=0.088s  vs_full=+0.69%
  [3b] Subgraph / bal_w    k=20 …
2026-07-01 18:23:22.476 | INFO     | pycaalp.time_balancing.model:run_mip:430 - Running MIP solver ...
      obj=0.923 (vs_full=+9.54%)  alpha=1122.3s  build=0.051s solve=0.103s  vs_full=+2.73%
  [3c] Subgraph / combined k=20 …
2026-07-01 18:23:22.579 | INFO     | pycaalp.time_balancing.model:run_mip:430 - Running MIP solver ...
      obj=0.847 (vs_full=+0.52%)  alpha=1100.0s  build=0.123s solve=0.286s  vs_full=+0.69%
  [3d] Subgraph / blended  k=20 …
2026-07-01 18:23:22.865 | INFO     | pycaalp.time_balancing.model:run_mip:430 - Running MIP solver ...
      obj=0.853 (vs_full=+1.21%)  alpha=1088.3s  build=0.094s solve=0.063s  vs_full=-0.38%
  [3e] Subgraph / bl-union k=20 …
2026-07-01 18:23:22.928 | INFO     | pycaalp.time_balancing.model:run_mip:430 - Running MIP solver ...
      obj=0.842 (vs_full=+0.00%)  alpha=1092.5s  build=0.213s solve=0.331s  vs_full=+0.00%
  [3f] Subgraph / diverse  k=20 …
2026-07-01 18:23:23.259 | INFO     | pycaalp.time_balancing.model:run_mip:430 - Running MIP solver ...
      obj=0.842 (vs_full=+0.00%)  alpha=1092.5s  build=0.014s solve=0.441s  vs_full=+0.00%

k = 50
  Subgraph edges — edge_w: 54 (4.9%)  bal_w: 74 (6.7%)  combined: 127 (11.5%)  blended: 52 (4.7%)  blended_union: 117 (10.6%)  diverse: 506 (45.8%)
  [3a] Subgraph / edge_w   k=50 …
2026-07-01 18:23:25.125 | INFO     | pycaalp.time_balancing.model:run_mip:430 - Running MIP solver ...
      obj=0.842 (vs_full=+0.00%)  alpha=1092.5s  build=0.175s solve=0.409s  vs_full=+0.00%
  [3b] Subgraph / bal_w    k=50 …
2026-07-01 18:23:25.534 | INFO     | pycaalp.time_balancing.model:run_mip:430 - Running MIP solver ...
      obj=0.914 (vs_full=+8.49%)  alpha=1088.3s  build=0.090s solve=0.212s  vs_full=-0.38%
  [3c] Subgraph / combined k=50 …
2026-07-01 18:23:25.746 | INFO     | pycaalp.time_balancing.model:run_mip:430 - Running MIP solver ...
      obj=0.842 (vs_full=+0.00%)  alpha=1092.5s  build=0.316s solve=0.571s  vs_full=+0.00%
  [3d] Subgraph / blended  k=50 …
2026-07-01 18:23:26.317 | INFO     | pycaalp.time_balancing.model:run_mip:430 - Running MIP solver ...
      obj=0.853 (vs_full=+1.21%)  alpha=1088.3s  build=0.205s solve=0.194s  vs_full=-0.38%
  [3e] Subgraph / bl-union k=50 …
2026-07-01 18:23:26.512 | INFO     | pycaalp.time_balancing.model:run_mip:430 - Running MIP solver ...
      obj=0.842 (vs_full=+0.00%)  alpha=1092.5s  build=0.599s solve=0.568s  vs_full=+0.00%
  [3f] Subgraph / diverse  k=50 …
2026-07-01 18:23:27.080 | INFO     | pycaalp.time_balancing.model:run_mip:430 - Running MIP solver ...
      obj=0.842 (vs_full=-0.00%)  alpha=1092.5s  build=0.039s solve=1.387s  vs_full=+0.00%

k = 100
  Subgraph edges — edge_w: 78 (7.1%)  bal_w: 85 (7.7%)  combined: 162 (14.7%)  blended: 72 (6.5%)  blended_union: 167 (15.1%)  diverse: 744 (67.3%)
  [3a] Subgraph / edge_w   k=100 …
2026-07-01 18:23:31.568 | INFO     | pycaalp.time_balancing.model:run_mip:430 - Running MIP solver ...
      obj=0.842 (vs_full=-0.00%)  alpha=1092.5s  build=0.328s solve=0.519s  vs_full=+0.00%
  [3b] Subgraph / bal_w    k=100 …
2026-07-01 18:23:32.087 | INFO     | pycaalp.time_balancing.model:run_mip:430 - Running MIP solver ...
      obj=0.914 (vs_full=+8.49%)  alpha=1088.3s  build=0.238s solve=0.181s  vs_full=-0.38%
  [3c] Subgraph / combined k=100 …
2026-07-01 18:23:32.268 | INFO     | pycaalp.time_balancing.model:run_mip:430 - Running MIP solver ...
      obj=0.842 (vs_full=-0.00%)  alpha=1092.5s  build=0.586s solve=0.727s  vs_full=+0.00%
  [3d] Subgraph / blended  k=100 …
2026-07-01 18:23:32.995 | INFO     | pycaalp.time_balancing.model:run_mip:430 - Running MIP solver ...
      obj=0.853 (vs_full=+1.21%)  alpha=1088.3s  build=0.558s solve=0.133s  vs_full=-0.38%
  [3e] Subgraph / bl-union k=100 …
2026-07-01 18:23:33.128 | INFO     | pycaalp.time_balancing.model:run_mip:430 - Running MIP solver ...
      obj=0.842 (vs_full=+0.00%)  alpha=1092.5s  build=1.270s solve=0.535s  vs_full=+0.00%
  [3f] Subgraph / diverse  k=100 …
2026-07-01 18:23:33.663 | INFO     | pycaalp.time_balancing.model:run_mip:430 - Running MIP solver ...
      obj=0.842 (vs_full=+0.00%)  alpha=1092.5s  build=0.122s solve=4.131s  vs_full=+0.00%

k = 200
  Subgraph edges — edge_w: 95 (8.6%)  bal_w: 118 (10.7%)  combined: 211 (19.1%)  blended: 85 (7.7%)  blended_union: 212 (19.2%)  diverse: 908 (82.2%)
  [3a] Subgraph / edge_w   k=200 …
2026-07-01 18:23:43.280 | INFO     | pycaalp.time_balancing.model:run_mip:430 - Running MIP solver ...
      obj=0.842 (vs_full=+0.00%)  alpha=1092.5s  build=0.700s solve=0.256s  vs_full=+0.00%
  [3b] Subgraph / bal_w    k=200 …
2026-07-01 18:23:43.537 | INFO     | pycaalp.time_balancing.model:run_mip:430 - Running MIP solver ...
      obj=0.913 (vs_full=+8.46%)  alpha=1088.3s  build=0.453s solve=0.299s  vs_full=-0.38%
  [3c] Subgraph / combined k=200 …
2026-07-01 18:23:43.835 | INFO     | pycaalp.time_balancing.model:run_mip:430 - Running MIP solver ...
      obj=0.842 (vs_full=+0.00%)  alpha=1092.5s  build=1.089s solve=0.961s  vs_full=+0.00%
  [3d] Subgraph / blended  k=200 …
2026-07-01 18:23:44.797 | INFO     | pycaalp.time_balancing.model:run_mip:430 - Running MIP solver ...
      obj=0.853 (vs_full=+1.21%)  alpha=1088.3s  build=0.949s solve=0.189s  vs_full=-0.38%
  [3e] Subgraph / bl-union k=200 …
2026-07-01 18:23:44.986 | INFO     | pycaalp.time_balancing.model:run_mip:430 - Running MIP solver ...
      obj=0.842 (vs_full=+0.00%)  alpha=1092.5s  build=2.119s solve=0.562s  vs_full=+0.00%
  [3f] Subgraph / diverse  k=200 …
2026-07-01 18:23:45.548 | INFO     | pycaalp.time_balancing.model:run_mip:430 - Running MIP solver ...
      obj=0.842 (vs_full=+0.00%)  alpha=1092.5s  build=0.176s solve=4.870s  vs_full=+0.00%

k = 500
  Subgraph edges — edge_w: 108 (9.8%)  bal_w: 170 (15.4%)  combined: 274 (24.8%)  blended: 158 (14.3%)  blended_union: 278 (25.2%)  diverse: 1049 (94.9%)
  [3a] Subgraph / edge_w   k=500 …
2026-07-01 18:24:02.592 | INFO     | pycaalp.time_balancing.model:run_mip:430 - Running MIP solver ...
      obj=0.842 (vs_full=-0.00%)  alpha=1092.5s  build=1.656s solve=0.170s  vs_full=+0.00%
  [3b] Subgraph / bal_w    k=500 …
2026-07-01 18:24:02.762 | INFO     | pycaalp.time_balancing.model:run_mip:430 - Running MIP solver ...
      obj=0.902 (vs_full=+7.12%)  alpha=1104.1s  build=0.967s solve=0.794s  vs_full=+1.06%
  [3c] Subgraph / combined k=500 …
2026-07-01 18:24:03.556 | INFO     | pycaalp.time_balancing.model:run_mip:430 - Running MIP solver ...
      obj=0.842 (vs_full=+0.00%)  alpha=1092.5s  build=2.748s solve=0.448s  vs_full=+0.00%
  [3d] Subgraph / blended  k=500 …
2026-07-01 18:24:04.004 | INFO     | pycaalp.time_balancing.model:run_mip:430 - Running MIP solver ...
      obj=0.853 (vs_full=+1.21%)  alpha=1088.3s  build=2.179s solve=0.270s  vs_full=-0.38%
  [3e] Subgraph / bl-union k=500 …
2026-07-01 18:24:04.274 | INFO     | pycaalp.time_balancing.model:run_mip:430 - Running MIP solver ...
      obj=0.842 (vs_full=-0.00%)  alpha=1092.5s  build=4.214s solve=0.702s  vs_full=+0.00%
  [3f] Subgraph / diverse  k=500 …
2026-07-01 18:24:04.976 | INFO     | pycaalp.time_balancing.model:run_mip:430 - Running MIP solver ...
      obj=0.842 (vs_full=-0.00%)  alpha=1092.5s  build=0.408s solve=4.897s  vs_full=+0.00%

k = 1000
  Subgraph edges — edge_w: 142 (12.9%)  bal_w: 223 (20.2%)  combined: 359 (32.5%)  blended: 220 (19.9%)  blended_union: 305 (27.6%)  diverse: 1102 (99.7%)
  [3a] Subgraph / edge_w   k=1000 …
2026-07-01 18:24:26.618 | INFO     | pycaalp.time_balancing.model:run_mip:430 - Running MIP solver ...
      obj=0.842 (vs_full=+0.00%)  alpha=1092.5s  build=2.353s solve=0.172s  vs_full=+0.00%
  [3b] Subgraph / bal_w    k=1000 …
2026-07-01 18:24:26.790 | INFO     | pycaalp.time_balancing.model:run_mip:430 - Running MIP solver ...
      obj=0.900 (vs_full=+6.85%)  alpha=1104.1s  build=1.537s solve=0.756s  vs_full=+1.06%
  [3c] Subgraph / combined k=1000 …
2026-07-01 18:24:27.547 | INFO     | pycaalp.time_balancing.model:run_mip:430 - Running MIP solver ...
      obj=0.842 (vs_full=+0.00%)  alpha=1092.5s  build=3.664s solve=0.839s  vs_full=+0.00%
  [3d] Subgraph / blended  k=1000 …
2026-07-01 18:24:28.385 | INFO     | pycaalp.time_balancing.model:run_mip:430 - Running MIP solver ...
      obj=0.842 (vs_full=-0.00%)  alpha=1092.5s  build=2.739s solve=0.967s  vs_full=+0.00%
  [3e] Subgraph / bl-union k=1000 …
2026-07-01 18:24:29.353 | INFO     | pycaalp.time_balancing.model:run_mip:430 - Running MIP solver ...
      obj=0.842 (vs_full=-0.00%)  alpha=1092.5s  build=5.877s solve=0.640s  vs_full=+0.00%
  [3f] Subgraph / diverse  k=1000 …
2026-07-01 18:24:29.992 | INFO     | pycaalp.time_balancing.model:run_mip:430 - Running MIP solver ...
      obj=0.842 (vs_full=+0.00%)  alpha=1092.5s  build=0.574s solve=5.157s  vs_full=+0.00%

k = 2000
  Subgraph edges — edge_w: 185 (16.7%)  bal_w: 291 (26.3%)  combined: 464 (42.0%)  blended: 237 (21.4%)  blended_union: 356 (32.2%)  diverse: 1105 (100.0%)
  [3a] Subgraph / edge_w   k=2000 …
2026-07-01 18:25:11.575 | INFO     | pycaalp.time_balancing.model:run_mip:430 - Running MIP solver ...
      obj=0.842 (vs_full=+0.00%)  alpha=1092.5s  build=4.700s solve=0.267s  vs_full=+0.00%
  [3b] Subgraph / bal_w    k=2000 …
2026-07-01 18:25:11.841 | INFO     | pycaalp.time_balancing.model:run_mip:430 - Running MIP solver ...
      obj=0.897 (vs_full=+6.52%)  alpha=1104.1s  build=3.659s solve=1.608s  vs_full=+1.06%
  [3c] Subgraph / combined k=2000 …
2026-07-01 18:25:13.450 | INFO     | pycaalp.time_balancing.model:run_mip:430 - Running MIP solver ...
      obj=0.842 (vs_full=+0.00%)  alpha=1092.5s  build=8.005s solve=1.354s  vs_full=+0.00%
  [3d] Subgraph / blended  k=2000 …
2026-07-01 18:25:14.803 | INFO     | pycaalp.time_balancing.model:run_mip:430 - Running MIP solver ...
      obj=0.842 (vs_full=+0.00%)  alpha=1092.5s  build=5.088s solve=1.168s  vs_full=+0.00%
  [3e] Subgraph / bl-union k=2000 …
2026-07-01 18:25:15.972 | INFO     | pycaalp.time_balancing.model:run_mip:430 - Running MIP solver ...
      obj=0.842 (vs_full=+0.00%)  alpha=1092.5s  build=13.793s solve=0.869s  vs_full=+0.00%
  [3f] Subgraph / diverse  k=2000 …
2026-07-01 18:25:16.841 | INFO     | pycaalp.time_balancing.model:run_mip:430 - Running MIP solver ...
      obj=0.842 (vs_full=+0.00%)  alpha=1092.5s  build=1.180s solve=4.012s  vs_full=+0.00%

k = 5000
  Subgraph edges — edge_w: 232 (21.0%)  bal_w: 382 (34.6%)  combined: 593 (53.7%)  blended: 270 (24.4%)  blended_union: 482 (43.6%)  diverse: 1105 (100.0%)
  [3a] Subgraph / edge_w   k=5000 …
2026-07-01 18:27:43.294 | INFO     | pycaalp.time_balancing.model:run_mip:430 - Running MIP solver ...
      obj=0.842 (vs_full=+0.00%)  alpha=1092.5s  build=18.104s solve=0.389s  vs_full=+0.00%
  [3b] Subgraph / bal_w    k=5000 …
2026-07-01 18:27:43.684 | INFO     | pycaalp.time_balancing.model:run_mip:430 - Running MIP solver ...
      obj=0.896 (vs_full=+6.38%)  alpha=1104.1s  build=14.097s solve=1.785s  vs_full=+1.06%
  [3c] Subgraph / combined k=5000 …
2026-07-01 18:27:45.469 | INFO     | pycaalp.time_balancing.model:run_mip:430 - Running MIP solver ...
      obj=0.842 (vs_full=+0.00%)  alpha=1092.5s  build=31.584s solve=1.897s  vs_full=+0.00%
  [3d] Subgraph / blended  k=5000 …
2026-07-01 18:27:47.367 | INFO     | pycaalp.time_balancing.model:run_mip:430 - Running MIP solver ...
      obj=0.842 (vs_full=+0.00%)  alpha=1092.5s  build=19.519s solve=1.013s  vs_full=+0.00%
  [3e] Subgraph / bl-union k=5000 …
2026-07-01 18:27:48.379 | INFO     | pycaalp.time_balancing.model:run_mip:430 - Running MIP solver ...
      obj=0.842 (vs_full=-0.00%)  alpha=1092.5s  build=56.044s solve=1.477s  vs_full=+0.00%
  [3f] Subgraph / diverse  k=5000 …
2026-07-01 18:27:49.856 | INFO     | pycaalp.time_balancing.model:run_mip:430 - Running MIP solver ...
      obj=0.842 (vs_full=+0.00%)  alpha=1092.5s  build=3.093s solve=3.965s  vs_full=+0.00%

Results saved to experiments/strategy_comparison/assembly_1_np_2/strategy_comparison_lambda_0.8.csv
Plot with:  python -m experiments.strategy_comparison.plot_k_sensitivity

============================================================================================================================
SUMMARY — assembly_1  P=2  λ=0.8
============================================================================================================================
Strategy       Weight                      k   Build    Solve    Total  Spdup       Obj   ObjvsF     Alpha    AlvsF   Edges  %Grph
----------------------------------------------------------------------------------------------------------------------------
full_mip       —                               0.000    6.839    6.839   1.0x     0.842    +0.00   1092.52    +0.00    1105  100.0
subgraph_mip   edge_weight                 1   0.001    0.012    0.014 501.3x     0.848    +0.62   1102.04    +0.87      13    1.2
subgraph_mip   time_balanced_weight        1   0.001    0.012    0.013 508.4x     0.951   +12.92   1160.13    +6.19      13    1.2
subgraph_mip   combined                    1   0.002    0.018    0.020 343.5x     0.848    +0.62   1102.04    +0.87      26    2.4
subgraph_mip   blended                     1   0.001    0.013    0.014 477.9x     0.853    +1.21   1088.33    -0.38      13    1.2
subgraph_mip   blended_union               1   0.011    0.080    0.091  74.9x     0.842    +0.00   1092.52    +0.00      31    2.8
subgraph_mip   diverse                     1   0.004    0.014    0.018 380.5x     0.853    +1.21   1088.33    -0.38      13    1.2
subgraph_mip   edge_weight                 2   0.008    0.022    0.030 225.2x     0.848    +0.62   1102.04    +0.87      15    1.4
subgraph_mip   time_balanced_weight        2   0.006    0.029    0.035 196.9x     0.927   +10.01   1088.33    -0.38      20    1.8
subgraph_mip   combined                    2   0.007    0.042    0.049 139.3x     0.848    +0.62   1102.04    +0.87      35    3.2
subgraph_mip   blended                     2   0.004    0.017    0.021 330.6x     0.853    +1.21   1088.33    -0.38      15    1.4
subgraph_mip   blended_union               2   0.019    0.066    0.085  80.3x     0.842    -0.00   1092.52    +0.00      36    3.3
subgraph_mip   diverse                     2   0.004    0.011    0.016 435.5x     0.853    +1.21   1088.33    -0.38      26    2.4
subgraph_mip   edge_weight                 5   0.013    0.054    0.067 102.0x     0.848    +0.62   1102.04    +0.87      21    1.9
subgraph_mip   time_balanced_weight        5   0.007    0.153    0.160  42.7x     0.923    +9.54   1122.33    +2.73      29    2.6
subgraph_mip   combined                    5   0.028    0.125    0.152  45.0x     0.848    +0.62   1102.04    +0.87      50    4.5
subgraph_mip   blended                     5   0.027    0.029    0.057 120.4x     0.853    +1.21   1088.33    -0.38      20    1.8
subgraph_mip   blended_union               5   0.072    0.062    0.134  50.9x     0.842    +0.00   1092.52    +0.00      49    4.4
subgraph_mip   diverse                     5   0.006    0.107    0.113  60.4x     0.845    +0.27   1092.52    +0.00      65    5.9
subgraph_mip   edge_weight                10   0.049    0.033    0.083  82.8x     0.848    +0.62   1102.04    +0.87      24    2.2
subgraph_mip   time_balanced_weight       10   0.027    0.093    0.120  57.0x     0.923    +9.54   1122.33    +2.73      39    3.5
subgraph_mip   combined                   10   0.053    0.076    0.130  52.8x     0.848    +0.62   1102.04    +0.87      63    5.7
subgraph_mip   blended                    10   0.029    0.039    0.068 101.2x     0.853    +1.21   1088.33    -0.38      25    2.3
subgraph_mip   blended_union              10   0.116    0.269    0.384  17.8x     0.842    +0.00   1092.52    +0.00      64    5.8
subgraph_mip   diverse                    10   0.010    0.228    0.238  28.8x     0.845    +0.27   1092.52    +0.00     126   11.4
subgraph_mip   edge_weight                20   0.066    0.088    0.154  44.4x     0.847    +0.52   1100.04    +0.69      35    3.2
subgraph_mip   time_balanced_weight       20   0.051    0.103    0.154  44.4x     0.923    +9.54   1122.33    +2.73      49    4.4
subgraph_mip   combined                   20   0.123    0.286    0.409  16.7x     0.847    +0.52   1100.04    +0.69      84    7.6
subgraph_mip   blended                    20   0.094    0.063    0.157  43.6x     0.853    +1.21   1088.33    -0.38      28    2.5
subgraph_mip   blended_union              20   0.213    0.331    0.544  12.6x     0.842    +0.00   1092.52    +0.00      87    7.9
subgraph_mip   diverse                    20   0.014    0.441    0.455  15.0x     0.842    +0.00   1092.52    +0.00     239   21.6
subgraph_mip   edge_weight                50   0.175    0.409    0.584  11.7x     0.842    +0.00   1092.52    +0.00      54    4.9
subgraph_mip   time_balanced_weight       50   0.090    0.212    0.302  22.6x     0.914    +8.49   1088.33    -0.38      74    6.7
subgraph_mip   combined                   50   0.316    0.571    0.888   7.7x     0.842    +0.00   1092.52    +0.00     127   11.5
subgraph_mip   blended                    50   0.205    0.194    0.400  17.1x     0.853    +1.21   1088.33    -0.38      52    4.7
subgraph_mip   blended_union              50   0.599    0.568    1.167   5.9x     0.842    +0.00   1092.52    +0.00     117   10.6
subgraph_mip   diverse                    50   0.039    1.387    1.426   4.8x     0.842    -0.00   1092.52    +0.00     506   45.8
subgraph_mip   edge_weight               100   0.328    0.519    0.846   8.1x     0.842    -0.00   1092.52    +0.00      78    7.1
subgraph_mip   time_balanced_weight      100   0.238    0.181    0.419  16.3x     0.914    +8.49   1088.33    -0.38      85    7.7
subgraph_mip   combined                  100   0.586    0.727    1.312   5.2x     0.842    -0.00   1092.52    +0.00     162   14.7
subgraph_mip   blended                   100   0.558    0.133    0.691   9.9x     0.853    +1.21   1088.33    -0.38      72    6.5
subgraph_mip   blended_union             100   1.270    0.535    1.805   3.8x     0.842    +0.00   1092.52    +0.00     167   15.1
subgraph_mip   diverse                   100   0.122    4.131    4.253   1.6x     0.842    +0.00   1092.52    +0.00     744   67.3
subgraph_mip   edge_weight               200   0.700    0.256    0.956   7.2x     0.842    +0.00   1092.52    +0.00      95    8.6
subgraph_mip   time_balanced_weight      200   0.453    0.299    0.752   9.1x     0.913    +8.46   1088.33    -0.38     118   10.7
subgraph_mip   combined                  200   1.089    0.961    2.051   3.3x     0.842    +0.00   1092.52    +0.00     211   19.1
subgraph_mip   blended                   200   0.949    0.189    1.139   6.0x     0.853    +1.21   1088.33    -0.38      85    7.7
subgraph_mip   blended_union             200   2.119    0.562    2.681   2.5x     0.842    +0.00   1092.52    +0.00     212   19.2
subgraph_mip   diverse                   200   0.176    4.870    5.046   1.4x     0.842    +0.00   1092.52    +0.00     908   82.2
subgraph_mip   edge_weight               500   1.656    0.170    1.826   3.8x     0.842    -0.00   1092.52    +0.00     108    9.8
subgraph_mip   time_balanced_weight      500   0.967    0.794    1.761   3.9x     0.902    +7.12   1104.13    +1.06     170   15.4
subgraph_mip   combined                  500   2.748    0.448    3.196   2.1x     0.842    +0.00   1092.52    +0.00     274   24.8
subgraph_mip   blended                   500   2.179    0.270    2.449   2.8x     0.853    +1.21   1088.33    -0.38     158   14.3
subgraph_mip   blended_union             500   4.214    0.702    4.917   1.4x     0.842    -0.00   1092.52    +0.00     278   25.2
subgraph_mip   diverse                   500   0.408    4.897    5.305   1.3x     0.842    -0.00   1092.52    +0.00    1049   94.9
subgraph_mip   edge_weight              1000   2.353    0.172    2.525   2.7x     0.842    +0.00   1092.52    +0.00     142   12.8
subgraph_mip   time_balanced_weight     1000   1.537    0.756    2.293   3.0x     0.900    +6.85   1104.13    +1.06     223   20.2
subgraph_mip   combined                 1000   3.664    0.839    4.503   1.5x     0.842    +0.00   1092.52    +0.00     359   32.5
subgraph_mip   blended                  1000   2.739    0.967    3.707   1.8x     0.842    -0.00   1092.52    +0.00     220   19.9
subgraph_mip   blended_union            1000   5.877    0.640    6.517   1.1x     0.842    -0.00   1092.52    +0.00     305   27.6
subgraph_mip   diverse                  1000   0.574    5.157    5.732   1.2x     0.842    +0.00   1092.52    +0.00    1102   99.7
subgraph_mip   edge_weight              2000   4.700    0.267    4.967   1.4x     0.842    +0.00   1092.52    +0.00     185   16.7
subgraph_mip   time_balanced_weight     2000   3.659    1.608    5.267   1.3x     0.897    +6.52   1104.13    +1.06     291   26.3
subgraph_mip   combined                 2000   8.005    1.354    9.358   0.7x     0.842    +0.00   1092.52    +0.00     464   42.0
subgraph_mip   blended                  2000   5.088    1.168    6.256   1.1x     0.842    +0.00   1092.52    +0.00     237   21.4
subgraph_mip   blended_union            2000  13.793    0.869   14.663   0.5x     0.842    +0.00   1092.52    +0.00     356   32.2
subgraph_mip   diverse                  2000   1.180    4.012    5.192   1.3x     0.842    +0.00   1092.52    +0.00    1105  100.0
subgraph_mip   edge_weight              5000  18.104    0.389   18.493   0.4x     0.842    +0.00   1092.52    +0.00     232   21.0
subgraph_mip   time_balanced_weight     5000  14.097    1.785   15.883   0.4x     0.896    +6.38   1104.13    +1.06     382   34.6
subgraph_mip   combined                 5000  31.584    1.897   33.481   0.2x     0.842    +0.00   1092.52    +0.00     593   53.7
subgraph_mip   blended                  5000  19.519    1.013   20.531   0.3x     0.842    +0.00   1092.52    +0.00     270   24.4
subgraph_mip   blended_union            5000  56.044    1.477   57.521   0.1x     0.842    -0.00   1092.52    +0.00     482   43.6
subgraph_mip   diverse                  5000   3.093    3.965    7.058   1.0x     0.842    +0.00   1092.52    +0.00    1105  100.0
============================================================================================================================

----------------- λ = 0.85 -----------------
========================================================================
Strategy Comparison Experiment — assembly_1  P=2  λ=0.85
========================================================================

Building assembly digraph …
2026-07-01 18:23:18.078 | INFO     | pycaalp.gapp.assembly_digraph:compute_assembly_digraph_complete:395 - Computing assembly digraph...
  343 nodes, 1105 edges  (0.5s)

[1] Full MIP  P=2  λ=0.85
2026-07-01 18:23:18.537 | INFO     | pycaalp.time_balancing.model:run_mip:430 - Running MIP solver ...
presolving:
(round 1, fast)       28 del vars, 40 del conss, 0 add conss, 0 chg bounds, 0 chg sides, 0 chg coeffs, 0 upgd conss, 0 impls, 43 clqs, 0 implints
(round 2, exhaustive) 28 del vars, 40 del conss, 0 add conss, 1 chg bounds, 0 chg sides, 0 chg coeffs, 2253 upgd conss, 0 impls, 43 clqs, 0 implints
   (0.2s) probing: 1000/1129 (88.6%) - 0 fixings, 0 aggregations, 119627 implications, 0 bound changes
   (0.2s) probing: 1001/1129 (88.7%) - 0 fixings, 0 aggregations, 119803 implications, 0 bound changes
   (0.2s) probing aborted: 1000/1000 successive useless probings
   (0.2s) symmetry computation started: requiring (bin +, int +, cont +), (fixed: bin -, int -, cont -)
   (0.2s) no symmetry present (symcode time: 0.00)
presolving (3 rounds: 3 fast, 2 medium, 2 exhaustive):
 28 deleted vars, 40 deleted constraints, 0 added constraints, 1 tightened bounds, 0 added holes, 0 changed sides, 0 changed coefficients
 0 implications, 8934 cliques, 0 implied integral variables (0 bin, 0 int, 0 cont)
presolved problem has 1130 variables (1129 bin, 0 int, 1 cont) and 2565 constraints
     43 constraints of type <setppc>
    312 constraints of type <linear>
   2210 constraints of type <logicor>
Presolving Time: 0.24

 time | node  | left  |LP iter|LP it/n|mem/heur|mdpt |vars |cons |rows |cuts |sepa|confs|strbr|  dualbound   | primalbound  |  gap   | compl. 
p 0.3s|     1 |     0 |     4 |     - | vbounds|   0 |1130 |2578 |2565 |   0 |  0 |  12 |   0 | 0.000000e+00 | 1.526543e+00 |    Inf | unknown
  0.3s|     1 |     0 |   359 |     - |    21M |   0 |1130 |2590 |2565 |   0 |  0 |  24 |   0 | 8.329273e-01 | 1.526543e+00 |  83.27%| unknown
  0.4s|     1 |     0 |   383 |     - |    23M |   0 |1130 |2591 |2567 |   2 |  1 |  25 |   0 | 8.329304e-01 | 1.526543e+00 |  83.27%| unknown
r 0.4s|     1 |     0 |   383 |     - |shifting|   0 |1130 |2591 |2567 |   2 |  1 |  25 |   0 | 8.329304e-01 | 8.484652e-01 |   1.87%| unknown
  0.5s|     1 |     0 |   402 |     - |    23M |   0 |1130 |2591 |2568 |   3 |  2 |  25 |   0 | 8.329456e-01 | 8.484652e-01 |   1.86%| unknown
  0.5s|     1 |     0 |   402 |     - |    24M |   0 |1130 |2591 |2568 |   3 |  2 |  25 |   0 | 8.329456e-01 | 8.484652e-01 |   1.86%| unknown
  0.5s|     1 |     0 |   402 |     - |    24M |   0 |1130 |2591 |2432 |   3 |  2 |  25 |   0 | 8.329456e-01 | 8.484652e-01 |   1.86%| unknown
  0.7s|     1 |     0 |   415 |     - |    25M |   0 |1130 |2528 |2421 |   4 |  3 |  25 |   0 | 8.329493e-01 | 8.484652e-01 |   1.86%| unknown
  1.0s|     1 |     0 |   425 |     - |    29M |   0 |1130 |2499 |2423 |   6 |  4 |  27 |   0 | 8.329530e-01 | 8.484652e-01 |   1.86%| unknown
  1.3s|     1 |     0 |   435 |     - |    36M |   0 |1130 |2500 |2424 |   7 |  5 |  28 |   0 | 8.329543e-01 | 8.484652e-01 |   1.86%| unknown
  1.7s|     1 |     0 |   458 |     - |    40M |   0 |1130 |2470 |2426 |   9 |  6 |  29 |   0 | 8.329588e-01 | 8.484652e-01 |   1.86%| unknown
  2.0s|     1 |     0 |   472 |     - |    44M |   0 |1130 |2467 |2427 |  10 |  7 |  29 |   0 | 8.329620e-01 | 8.484652e-01 |   1.86%| unknown
  2.3s|     1 |     0 |   490 |     - |    46M |   0 |1130 |2465 |2429 |  12 |  8 |  29 |   0 | 8.329675e-01 | 8.484652e-01 |   1.86%| unknown
  2.6s|     1 |     0 |   502 |     - |    50M |   0 |1130 |2470 |2430 |  13 |  9 |  34 |   0 | 8.329684e-01 | 8.484652e-01 |   1.86%| unknown
  3.0s|     1 |     0 |   508 |     - |    56M |   0 |1130 |2468 |2431 |  14 | 10 |  34 |   0 | 8.329702e-01 | 8.484652e-01 |   1.86%| unknown
 time | node  | left  |LP iter|LP it/n|mem/heur|mdpt |vars |cons |rows |cuts |sepa|confs|strbr|  dualbound   | primalbound  |  gap   | compl. 
  3.0s|     1 |     0 |   533 |     - |    56M |   0 |1130 |2468 |2433 |  16 | 11 |  34 |   0 | 8.329790e-01 | 8.484652e-01 |   1.86%| unknown
  3.0s|     1 |     0 |   533 |     - |    56M |   0 |1130 |2410 |2433 |  16 | 11 |  34 |   0 | 8.329790e-01 | 8.484652e-01 |   1.86%| unknown
  3.1s|     1 |     0 |   545 |     - |    56M |   0 |1130 |2410 |2435 |  18 | 12 |  34 |   0 | 8.329801e-01 | 8.484652e-01 |   1.86%| unknown
  3.1s|     1 |     0 |   553 |     - |    57M |   0 |1130 |2329 |2437 |  20 | 13 |  42 |   0 | 8.329809e-01 | 8.484652e-01 |   1.86%| unknown
  3.1s|     1 |     0 |   560 |     - |    57M |   0 |1130 |2321 |2440 |  23 | 14 |  43 |   0 | 8.329816e-01 | 8.484652e-01 |   1.86%| unknown
  3.1s|     1 |     0 |   565 |     - |    57M |   0 |1130 |2303 |2441 |  25 | 15 |  44 |   0 | 8.329822e-01 | 8.484652e-01 |   1.86%| unknown
  3.1s|     1 |     0 |   579 |     - |    57M |   0 |1130 |2281 |2443 |  27 | 16 |  44 |   0 | 8.329847e-01 | 8.484652e-01 |   1.86%| unknown
  3.1s|     1 |     0 |   580 |     - |    58M |   0 |1130 |2281 |2444 |  28 | 17 |  44 |   0 | 8.329847e-01 | 8.484652e-01 |   1.86%| unknown
  3.1s|     1 |     0 |   584 |     - |    58M |   0 |1130 |2281 |2445 |  29 | 18 |  44 |   0 | 8.329849e-01 | 8.484652e-01 |   1.86%| unknown
  3.1s|     1 |     0 |   586 |     - |    58M |   0 |1130 |2279 |2446 |  30 | 19 |  44 |   0 | 8.329849e-01 | 8.484652e-01 |   1.86%| unknown
  3.2s|     1 |     0 |   588 |     - |    58M |   0 |1130 |2279 |2447 |  31 | 20 |  44 |   0 | 8.329849e-01 | 8.484652e-01 |   1.86%| unknown
  3.2s|     1 |     0 |   589 |     - |    59M |   0 |1130 |2285 |2440 |  32 | 21 |  51 |   0 | 8.329849e-01 | 8.484652e-01 |   1.86%| unknown
  3.2s|     1 |     0 |   591 |     - |    59M |   0 |1130 |2285 |2441 |  33 | 22 |  51 |   0 | 8.329850e-01 | 8.484652e-01 |   1.86%| unknown
(run 1, node 1) restarting after 179 global fixings of integer variables

(restart) converted 24 cuts from the global cut pool into linear constraints

presolving:
(round 1, fast)       181 del vars, 68 del conss, 0 add conss, 2 chg bounds, 0 chg sides, 0 chg coeffs, 0 upgd conss, 0 impls, 7258 clqs, 0 implints
(round 2, exhaustive) 181 del vars, 68 del conss, 0 add conss, 2 chg bounds, 0 chg sides, 0 chg coeffs, 46 upgd conss, 0 impls, 7258 clqs, 0 implints
(round 3, exhaustive) 181 del vars, 72 del conss, 0 add conss, 2 chg bounds, 0 chg sides, 21 chg coeffs, 46 upgd conss, 0 impls, 7258 clqs, 0 implints
presolving (4 rounds: 4 fast, 3 medium, 3 exhaustive):
 181 deleted vars, 72 deleted constraints, 0 added constraints, 2 tightened bounds, 0 added holes, 0 changed sides, 26 changed coefficients
 0 implications, 7258 cliques, 0 implied integral variables (0 bin, 0 int, 0 cont)
presolved problem has 949 variables (948 bin, 0 int, 1 cont) and 2240 constraints
     97 constraints of type <setppc>
    266 constraints of type <linear>
   1877 constraints of type <logicor>
Presolving Time: 0.25
transformed 3/4 original solutions to the transformed problem space

 time | node  | left  |LP iter|LP it/n|mem/heur|mdpt |vars |cons |rows |cuts |sepa|confs|strbr|  dualbound   | primalbound  |  gap   | compl. 
  3.4s|     1 |     0 |  1912 |     - |    59M |   0 | 949 |2240 |2201 |   0 |  0 |  54 |   0 | 8.329850e-01 | 8.484652e-01 |   1.86%| unknown
  3.4s|     1 |     0 |  1912 |     - |    59M |   0 | 949 |2240 |2107 |   0 |  0 |  54 |   0 | 8.329850e-01 | 8.484652e-01 |   1.86%| unknown
  3.7s|     1 |     0 |  1927 |     - |    63M |   0 | 949 |2186 |1991 |   1 |  1 |  54 |   0 | 8.329886e-01 | 8.484652e-01 |   1.86%| unknown
  4.1s|     1 |     0 |  1946 |     - |    65M |   0 | 949 |2100 |1992 |   2 |  2 |  62 |   0 | 8.329940e-01 | 8.484652e-01 |   1.86%| unknown
  4.1s|     1 |     0 |  1946 |     - |    65M |   0 | 949 |2110 |1990 |   2 |  2 |  72 |   0 | 8.329940e-01 | 8.484652e-01 |   1.86%| unknown
  4.4s|     1 |     0 |  1972 |     - |    67M |   0 | 949 |2109 |1991 |   3 |  3 |  72 |   0 | 8.330014e-01 | 8.484652e-01 |   1.86%| unknown
  4.7s|     1 |     0 |  1992 |     - |    68M |   0 | 949 |2109 |1994 |   6 |  4 |  72 |   0 | 8.330292e-01 | 8.484652e-01 |   1.85%| unknown
  5.0s|     1 |     0 |  1996 |     - |    68M |   0 | 949 |2103 |1996 |   8 |  5 |  72 |   0 | 8.330292e-01 | 8.484652e-01 |   1.85%| unknown
  5.3s|     1 |     0 |  2005 |     - |    69M |   0 | 949 |2104 |1998 |  10 |  6 |  73 |   0 | 8.330292e-01 | 8.484652e-01 |   1.85%| unknown
  5.6s|     1 |     0 |  2019 |     - |    69M |   0 | 949 |2096 |1999 |  11 |  7 |  81 |   0 | 8.330292e-01 | 8.484652e-01 |   1.85%| unknown
  5.8s|     1 |     0 |  2063 |     - |    74M |   0 | 949 |2093 |2000 |  12 |  8 |  81 |   0 | 8.330359e-01 | 8.484652e-01 |   1.85%| unknown
  6.1s|     1 |     0 |  2069 |     - |    76M |   0 | 949 |2085 |2002 |  14 |  9 |  81 |   0 | 8.330360e-01 | 8.484652e-01 |   1.85%| unknown
  6.5s|     1 |     0 |  2076 |     - |    79M |   0 | 949 |2085 |2003 |  15 | 10 |  81 |   0 | 8.330361e-01 | 8.484652e-01 |   1.85%| unknown
  6.5s|     1 |     0 |  2092 |     - |    79M |   0 | 949 |2086 |2005 |  17 | 11 |  91 |   0 | 8.330369e-01 | 8.484652e-01 |   1.85%| unknown
  6.5s|     1 |     0 |  2113 |     - |    79M |   0 | 949 |2086 |2006 |  18 | 12 |  91 |   0 | 8.330387e-01 | 8.484652e-01 |   1.85%| unknown
 time | node  | left  |LP iter|LP it/n|mem/heur|mdpt |vars |cons |rows |cuts |sepa|confs|strbr|  dualbound   | primalbound  |  gap   | compl. 
  6.5s|     1 |     0 |  2117 |     - |    79M |   0 | 949 |2091 |2007 |  19 | 13 |  98 |   0 | 8.330390e-01 | 8.484652e-01 |   1.85%| unknown
  6.5s|     1 |     0 |  2117 |     - |    79M |   0 | 949 |1983 |2007 |  19 | 13 |  98 |   0 | 8.330390e-01 | 8.484652e-01 |   1.85%| unknown
  6.5s|     1 |     0 |  2118 |     - |    80M |   0 | 949 |1983 |2008 |  20 | 14 |  98 |   0 | 8.330390e-01 | 8.484652e-01 |   1.85%| unknown
  6.5s|     1 |     0 |  2119 |     - |    80M |   0 | 949 |1954 |1991 |  21 | 15 |  99 |   0 | 8.330390e-01 | 8.484652e-01 |   1.85%| unknown
  6.6s|     1 |     0 |  2121 |     - |    80M |   0 | 949 |1925 |1992 |  22 | 16 |  99 |   0 | 8.330390e-01 | 8.484652e-01 |   1.85%| unknown
(run 2, node 1) restarting after 170 global fixings of integer variables

(restart) converted 20 cuts from the global cut pool into linear constraints

presolving:
(round 1, fast)       174 del vars, 38 del conss, 0 add conss, 0 chg bounds, 0 chg sides, 62 chg coeffs, 0 upgd conss, 0 impls, 4939 clqs, 0 implints
(round 2, exhaustive) 174 del vars, 38 del conss, 0 add conss, 0 chg bounds, 0 chg sides, 62 chg coeffs, 21 upgd conss, 0 impls, 4939 clqs, 0 implints
(round 3, exhaustive) 174 del vars, 40 del conss, 0 add conss, 0 chg bounds, 0 chg sides, 79 chg coeffs, 21 upgd conss, 0 impls, 4939 clqs, 0 implints
presolving (4 rounds: 4 fast, 3 medium, 3 exhaustive):
 174 deleted vars, 40 deleted constraints, 0 added constraints, 0 tightened bounds, 0 added holes, 0 changed sides, 82 changed coefficients
 0 implications, 4939 cliques, 0 implied integral variables (0 bin, 0 int, 0 cont)
presolved problem has 775 variables (774 bin, 0 int, 1 cont) and 1899 constraints
     89 constraints of type <setppc>
    242 constraints of type <linear>
   1568 constraints of type <logicor>
Presolving Time: 0.26
transformed 1/4 original solutions to the transformed problem space

 time | node  | left  |LP iter|LP it/n|mem/heur|mdpt |vars |cons |rows |cuts |sepa|confs|strbr|  dualbound   | primalbound  |  gap   | compl. 
  6.7s|     1 |     0 |  2762 |     - |    79M |   0 | 775 |1899 |1824 |   0 |  0 | 102 |   0 | 8.330390e-01 | 8.484652e-01 |   1.85%| unknown
  6.7s|     1 |     0 |  2762 |     - |    79M |   0 | 775 |1899 |1726 |   0 |  0 | 102 |   0 | 8.330390e-01 | 8.484652e-01 |   1.85%| unknown
  6.9s|     1 |     0 |  2771 |     - |    79M |   0 | 775 |1818 |1633 |   1 |  1 | 102 |   0 | 8.330390e-01 | 8.484652e-01 |   1.85%| unknown
  7.1s|     1 |     0 |  2774 |     - |    79M |   0 | 775 |1783 |1634 |   2 |  2 | 105 |   0 | 8.330390e-01 | 8.484652e-01 |   1.85%| unknown
  7.3s|     1 |     0 |  2798 |     - |    83M |   0 | 775 |1784 |1635 |   3 |  3 | 109 |   0 | 8.330392e-01 | 8.484652e-01 |   1.85%| unknown
  7.6s|     1 |     0 |  2814 |     - |    86M |   0 | 775 |1781 |1637 |   5 |  4 | 113 |   0 | 8.330397e-01 | 8.484652e-01 |   1.85%| unknown
  7.8s|     1 |     0 |  2821 |     - |    88M |   0 | 775 |1782 |1638 |   6 |  5 | 120 |   0 | 8.330400e-01 | 8.484652e-01 |   1.85%| unknown
  8.1s|     1 |     0 |  2834 |     - |    91M |   0 | 775 |1738 |1639 |   7 |  6 | 120 |   0 | 8.330402e-01 | 8.484652e-01 |   1.85%| unknown
  8.4s|     1 |     0 |  2850 |     - |    96M |   0 | 775 |1739 |1641 |   9 |  7 | 121 |   0 | 8.330404e-01 | 8.484652e-01 |   1.85%| unknown
  8.6s|     1 |     0 |  2861 |     - |    99M |   0 | 775 |1737 |1642 |  10 |  8 | 121 |   0 | 8.330405e-01 | 8.484652e-01 |   1.85%| unknown
  8.9s|     1 |     0 |  2876 |     - |   111M |   0 | 775 |1735 |1643 |  11 |  9 | 121 |   0 | 8.330407e-01 | 8.484652e-01 |   1.85%| unknown
  9.2s|     1 |     0 |  2887 |     - |   117M |   0 | 775 |1726 |1646 |  14 | 10 | 121 |   0 | 8.330407e-01 | 8.484652e-01 |   1.85%| unknown
  9.2s|     1 |     0 |  2897 |     - |   117M |   0 | 775 |1727 |1647 |  15 | 11 | 122 |   0 | 8.330407e-01 | 8.484652e-01 |   1.85%| unknown
  9.2s|     1 |     0 |  2897 |     - |   117M |   0 | 775 |1569 |1647 |  15 | 11 | 122 |   0 | 8.330407e-01 | 8.484652e-01 |   1.85%| unknown
  9.3s|     1 |     0 |  2907 |     - |   117M |   0 | 775 |1569 |1648 |  16 | 12 | 122 |   0 | 8.330407e-01 | 8.484652e-01 |   1.85%| unknown
 time | node  | left  |LP iter|LP it/n|mem/heur|mdpt |vars |cons |rows |cuts |sepa|confs|strbr|  dualbound   | primalbound  |  gap   | compl. 
  9.3s|     1 |     0 |  2910 |     - |   117M |   0 | 775 |1532 |1649 |  17 | 13 | 123 |   0 | 8.330407e-01 | 8.484652e-01 |   1.85%| unknown
  9.3s|     1 |     0 |  2922 |     - |   117M |   0 | 775 |1489 |1650 |  18 | 14 | 124 |   0 | 8.330408e-01 | 8.484652e-01 |   1.85%| unknown
  9.3s|     1 |     0 |  2926 |     - |   118M |   0 | 775 |1489 |1613 |  19 | 15 | 124 |   0 | 8.330408e-01 | 8.484652e-01 |   1.85%| unknown
  9.3s|     1 |     0 |  2931 |     - |   118M |   0 | 775 |1489 |1614 |  20 | 16 | 124 |   0 | 8.330408e-01 | 8.484652e-01 |   1.85%| unknown
  9.4s|     1 |     0 |  2951 |     - |   118M |   0 | 775 |1488 |1615 |  21 | 17 | 124 |   0 | 8.330414e-01 | 8.484652e-01 |   1.85%| unknown
  9.4s|     1 |     0 |  2952 |     - |   118M |   0 | 775 |1490 |1616 |  22 | 18 | 126 |   0 | 8.330414e-01 | 8.484652e-01 |   1.85%| unknown
  9.4s|     1 |     0 |  2953 |     - |   118M |   0 | 775 |1490 |1617 |  23 | 19 | 126 |   0 | 8.330414e-01 | 8.484652e-01 |   1.85%| unknown
  9.4s|     1 |     0 |  2954 |     - |   118M |   0 | 775 |1491 |1618 |  24 | 20 | 131 |   0 | 8.330416e-01 | 8.484652e-01 |   1.85%| unknown
  9.4s|     1 |     0 |  2969 |     - |   118M |   0 | 775 |1483 |1614 |  25 | 21 | 132 |   0 | 8.330417e-01 | 8.484652e-01 |   1.85%| unknown
  9.4s|     1 |     0 |  2972 |     - |   118M |   0 | 775 |1488 |1615 |  26 | 22 | 137 |   0 | 8.330418e-01 | 8.484652e-01 |   1.85%| unknown
(run 3, node 1) restarting after 193 global fixings of integer variables

(restart) converted 19 cuts from the global cut pool into linear constraints

presolving:
(round 1, fast)       195 del vars, 12 del conss, 0 add conss, 0 chg bounds, 0 chg sides, 81 chg coeffs, 0 upgd conss, 0 impls, 3612 clqs, 0 implints
(round 2, exhaustive) 195 del vars, 12 del conss, 0 add conss, 0 chg bounds, 0 chg sides, 81 chg coeffs, 18 upgd conss, 0 impls, 3612 clqs, 0 implints
(round 3, exhaustive) 195 del vars, 12 del conss, 0 add conss, 0 chg bounds, 0 chg sides, 93 chg coeffs, 18 upgd conss, 0 impls, 3612 clqs, 0 implints
presolving (4 rounds: 4 fast, 3 medium, 3 exhaustive):
 195 deleted vars, 12 deleted constraints, 0 added constraints, 0 tightened bounds, 0 added holes, 0 changed sides, 98 changed coefficients
 0 implications, 3612 cliques, 0 implied integral variables (0 bin, 0 int, 0 cont)
presolved problem has 580 variables (579 bin, 0 int, 1 cont) and 1518 constraints
      1 constraints of type <knapsack>
     86 constraints of type <setppc>
    214 constraints of type <linear>
   1217 constraints of type <logicor>
Presolving Time: 0.28
transformed 2/5 original solutions to the transformed problem space

 time | node  | left  |LP iter|LP it/n|mem/heur|mdpt |vars |cons |rows |cuts |sepa|confs|strbr|  dualbound   | primalbound  |  gap   | compl. 
  9.6s|     1 |     0 |  3664 |     - |   111M |   0 | 580 |1518 |1399 |   0 |  0 | 162 |   0 | 8.330418e-01 | 8.484652e-01 |   1.85%| unknown
  9.6s|     1 |     0 |  3664 |     - |   111M |   0 | 580 |1519 |1374 |   0 |  0 | 163 |   0 | 8.330418e-01 | 8.484652e-01 |   1.85%| unknown
  9.7s|     1 |     0 |  3697 |     - |   111M |   0 | 580 |1515 |1331 |   1 |  1 | 163 |   0 | 8.330418e-01 | 8.484652e-01 |   1.85%| unknown
  9.9s|     1 |     0 |  3701 |     - |   111M |   0 | 580 |1481 |1332 |   2 |  2 | 166 |   0 | 8.330419e-01 | 8.484652e-01 |   1.85%| unknown
 10.1s|     1 |     0 |  3740 |     - |   112M |   0 | 580 |1464 |1333 |   3 |  3 | 168 |   0 | 8.330419e-01 | 8.484652e-01 |   1.85%| unknown
 10.2s|     1 |     0 |  3759 |     - |   112M |   0 | 580 |1464 |1334 |   4 |  4 | 172 |   0 | 8.330419e-01 | 8.484652e-01 |   1.85%| unknown
 10.4s|     1 |     0 |  3769 |     - |   112M |   0 | 580 |1464 |1335 |   5 |  5 | 173 |   0 | 8.330419e-01 | 8.484652e-01 |   1.85%| unknown
 10.6s|     1 |     0 |  3784 |     - |   113M |   0 | 580 |1464 |1336 |   6 |  6 | 173 |   0 | 8.330419e-01 | 8.484652e-01 |   1.85%| unknown
 10.8s|     1 |     0 |  3787 |     - |   113M |   0 | 580 |1465 |1337 |   7 |  7 | 175 |   0 | 8.330419e-01 | 8.484652e-01 |   1.85%| unknown
 11.0s|     1 |     0 |  3796 |     - |   113M |   0 | 580 |1465 |1339 |   9 |  8 | 175 |   0 | 8.330419e-01 | 8.484652e-01 |   1.85%| unknown
 11.2s|     1 |     0 |  3832 |     - |   113M |   0 | 580 |1465 |1340 |  10 |  9 | 175 |   0 | 8.330420e-01 | 8.484652e-01 |   1.85%| unknown
 11.4s|     1 |     0 |  3848 |     - |   114M |   0 | 580 |1464 |1341 |  11 | 10 | 175 |   0 | 8.330421e-01 | 8.484652e-01 |   1.85%| unknown
 11.4s|     1 |     0 |  3861 |     - |   114M |   0 | 580 |1463 |1343 |  13 | 11 | 175 |   0 | 8.330421e-01 | 8.484652e-01 |   1.85%| unknown
 11.4s|     1 |     0 |  3861 |     - |   114M |   0 | 580 |1436 |1343 |  13 | 11 | 176 |   0 | 8.330421e-01 | 8.484652e-01 |   1.85%| unknown
 11.4s|     1 |     0 |  3864 |     - |   114M |   0 | 580 |1436 |1345 |  15 | 12 | 176 |   0 | 8.330421e-01 | 8.484652e-01 |   1.85%| unknown
 time | node  | left  |LP iter|LP it/n|mem/heur|mdpt |vars |cons |rows |cuts |sepa|confs|strbr|  dualbound   | primalbound  |  gap   | compl. 
 11.4s|     1 |     0 |  3891 |     - |   115M |   0 | 580 |1436 |1301 |  17 | 13 | 176 |   0 | 8.330430e-01 | 8.484652e-01 |   1.85%| unknown
 11.4s|     1 |     0 |  3896 |     - |   115M |   0 | 580 |1439 |1302 |  18 | 14 | 180 |   0 | 8.330431e-01 | 8.484652e-01 |   1.85%| unknown
 11.4s|     1 |     0 |  3899 |     - |   115M |   0 | 580 |1440 |1303 |  19 | 15 | 182 |   0 | 8.330433e-01 | 8.484652e-01 |   1.85%| unknown
 11.4s|     1 |     0 |  3910 |     - |   115M |   0 | 580 |1439 |1304 |  20 | 16 | 182 |   0 | 8.330434e-01 | 8.484652e-01 |   1.85%| unknown
 11.5s|     1 |     0 |  3912 |     - |   115M |   0 | 580 |1439 |1305 |  21 | 17 | 182 |   0 | 8.330434e-01 | 8.484652e-01 |   1.85%| unknown
 11.5s|     1 |     0 |  3918 |     - |   115M |   0 | 580 |1439 |1298 |  22 | 18 | 182 |   0 | 8.330435e-01 | 8.484652e-01 |   1.85%| unknown
 11.5s|     1 |     0 |  3920 |     - |   115M |   0 | 580 |1437 |1299 |  23 | 19 | 182 |   0 | 8.330435e-01 | 8.484652e-01 |   1.85%| unknown
 11.5s|     1 |     0 |  3925 |     - |   115M |   0 | 580 |1440 |1300 |  24 | 20 | 185 |   0 | 8.330435e-01 | 8.484652e-01 |   1.85%| unknown
 11.5s|     1 |     0 |  3926 |     - |   115M |   0 | 580 |1445 |1301 |  25 | 21 | 191 |   0 | 8.330435e-01 | 8.484652e-01 |   1.85%| unknown
 11.5s|     1 |     0 |  3928 |     - |   115M |   0 | 580 |1445 |1302 |  26 | 22 | 191 |   0 | 8.330435e-01 | 8.484652e-01 |   1.85%| unknown
(run 4, node 1) restarting after 43 global fixings of integer variables

(restart) converted 22 cuts from the global cut pool into linear constraints

presolving:
(round 1, fast)       45 del vars, 3 del conss, 0 add conss, 0 chg bounds, 0 chg sides, 24 chg coeffs, 0 upgd conss, 0 impls, 3271 clqs, 0 implints
(round 2, exhaustive) 45 del vars, 3 del conss, 0 add conss, 0 chg bounds, 0 chg sides, 24 chg coeffs, 2 upgd conss, 0 impls, 3271 clqs, 0 implints
(round 3, exhaustive) 45 del vars, 8 del conss, 0 add conss, 0 chg bounds, 0 chg sides, 36 chg coeffs, 2 upgd conss, 0 impls, 3271 clqs, 0 implints
presolving (4 rounds: 4 fast, 3 medium, 3 exhaustive):
 45 deleted vars, 8 deleted constraints, 0 added constraints, 0 tightened bounds, 0 added holes, 0 changed sides, 36 changed coefficients
 0 implications, 3271 cliques, 0 implied integral variables (0 bin, 0 int, 0 cont)
presolved problem has 535 variables (534 bin, 0 int, 1 cont) and 1468 constraints
      1 constraints of type <knapsack>
     79 constraints of type <setppc>
    229 constraints of type <linear>
   1159 constraints of type <logicor>
Presolving Time: 0.30
transformed 2/5 original solutions to the transformed problem space

 time | node  | left  |LP iter|LP it/n|mem/heur|mdpt |vars |cons |rows |cuts |sepa|confs|strbr|  dualbound   | primalbound  |  gap   | compl. 
 11.6s|     1 |     0 |  4621 |     - |   116M |   0 | 535 |1468 |1321 |   0 |  0 | 205 |   0 | 8.330435e-01 | 8.484652e-01 |   1.85%| unknown
 11.7s|     1 |     0 |  4621 |     - |   116M |   0 | 535 |1468 |1313 |   0 |  0 | 205 |   0 | 8.330435e-01 | 8.484652e-01 |   1.85%| unknown
 11.8s|     1 |     0 |  4652 |     - |   116M |   0 | 535 |1465 |1314 |   1 |  1 | 205 |   0 | 8.330436e-01 | 8.484652e-01 |   1.85%| unknown
 11.9s|     1 |     0 |  4686 |     - |   117M |   0 | 535 |1465 |1315 |   2 |  2 | 205 |   0 | 8.330438e-01 | 8.484652e-01 |   1.85%| unknown
 12.1s|     1 |     0 |  4701 |     - |   117M |   0 | 535 |1465 |1317 |   4 |  3 | 205 |   0 | 8.330438e-01 | 8.484652e-01 |   1.85%| unknown
 12.2s|     1 |     0 |  4712 |     - |   117M |   0 | 535 |1465 |1318 |   5 |  4 | 205 |   0 | 8.330439e-01 | 8.484652e-01 |   1.85%| unknown
 12.3s|     1 |     0 |  4723 |     - |   117M |   0 | 535 |1465 |1319 |   6 |  5 | 207 |   0 | 8.330439e-01 | 8.484652e-01 |   1.85%| unknown
 12.5s|     1 |     0 |  4749 |     - |   117M |   0 | 535 |1463 |1320 |   7 |  6 | 207 |   0 | 8.330440e-01 | 8.484652e-01 |   1.85%| unknown
 12.7s|     1 |     0 |  4761 |     - |   117M |   0 | 535 |1463 |1321 |   8 |  7 | 207 |   0 | 8.330441e-01 | 8.484652e-01 |   1.85%| unknown
 12.9s|     1 |     0 |  4793 |     - |   117M |   0 | 535 |1463 |1323 |  10 |  8 | 207 |   0 | 8.330441e-01 | 8.484652e-01 |   1.85%| unknown
 13.0s|     1 |     0 |  4817 |     - |   117M |   0 | 535 |1462 |1324 |  11 |  9 | 207 |   0 | 8.330441e-01 | 8.484652e-01 |   1.85%| unknown
 13.3s|     1 |     0 |  4873 |     - |   118M |   0 | 535 |1462 |1325 |  12 | 10 | 207 |   0 | 8.330442e-01 | 8.484652e-01 |   1.85%| unknown
 13.3s|     1 |     0 |  4898 |     - |   118M |   0 | 535 |1462 |1268 |  13 | 11 | 207 |   0 | 8.330442e-01 | 8.484652e-01 |   1.85%| unknown
 13.4s|     1 |     0 |  5238 |     - |   118M |   0 | 535 |1465 |1268 |  13 | 11 | 212 |  12 | 8.330622e-01 | 8.484652e-01 |   1.85%| unknown
 13.5s|     1 |     0 |  5239 |     - |   118M |   0 | 535 |1465 |1269 |  14 | 12 | 212 |  12 | 8.330622e-01 | 8.484652e-01 |   1.85%| unknown
 time | node  | left  |LP iter|LP it/n|mem/heur|mdpt |vars |cons |rows |cuts |sepa|confs|strbr|  dualbound   | primalbound  |  gap   | compl. 
 13.5s|     1 |     0 |  5242 |     - |   118M |   0 | 535 |1465 |1270 |  15 | 13 | 212 |  12 | 8.330622e-01 | 8.484652e-01 |   1.85%| unknown
 13.6s|     1 |     0 |  5242 |     - |   118M |   0 | 535 |1466 |1270 |  15 | 13 | 213 |  29 | 8.330622e-01 | 8.484652e-01 |   1.85%| unknown
 13.6s|     1 |     0 |  5245 |     - |   118M |   0 | 535 |1466 |1271 |  16 | 14 | 213 |  29 | 8.330622e-01 | 8.484652e-01 |   1.85%| unknown
 13.7s|     1 |     2 |  5245 |     - |   118M |   0 | 535 |1465 |1271 |  16 | 15 | 214 |  41 | 8.330622e-01 | 8.484652e-01 |   1.85%| unknown
*14.8s|    20 |     9 |  6693 | 166.1 |strongbr|   6 | 535 |1492 |1243 |  16 |  1 | 325 | 286 | 8.330987e-01 | 8.426497e-01 |   1.15%|  51.22%

SCIP Status        : problem is solved [optimal solution found]
Solving Time (sec) : 15.90
Solving Nodes      : 78 (total of 82 nodes in 5 runs)
Primal Bound       : +8.42649719309378e-01 (9 solutions)
Dual Bound         : +8.42649719309378e-01
Gap                : 0.00 %
objective value:                    0.842649719309378
x_('12_5', '13_1')                                  1 	(obj:0.00496255179246983)
x_('11_17', '12_5')                                 1 	(obj:0.00392366803278689)
x_('10_31', '11_17')                                1 	(obj:0.00431078347881627)
x_('9_42', '10_31')                                 1 	(obj:0.0101785714285714)
x_('8_38', '9_42')                                  1 	(obj:0.00651024590163935)
x_('7_39', '8_38')                                  1 	(obj:0.00703125)
x_('6_36', '7_39')                                  1 	(obj:0.00495353797256608)
x_('5_31', '6_36')                                  1 	(obj:0.0115826990632319)
x_('4_25', '5_31')                                  1 	(obj:0.0122160421545667)
x_('3_20', '4_25')                                  1 	(obj:0.0139307669789227)
x_('2_14', '3_20')                                  1 	(obj:0.0140374707259953)
x_('1_10', '2_14')                                  1 	(obj:0.0264133489461358)
x_('0_1', '1_10')                                   1 	(obj:0.00535714285714286)
y_0_0                                               1 	(obj:0)
y_1_0                                               1 	(obj:0)
y_2_0                                               1 	(obj:0)
y_3_0                                               1 	(obj:0)
y_4_0                                               1 	(obj:0)
y_5_0                                               1 	(obj:0)
y_6_1                                               1 	(obj:0)
y_7_1                                               1 	(obj:0)
y_8_1                                               1 	(obj:0)
y_9_1                                               1 	(obj:0)
y_10_1                                              1 	(obj:0)
y_11_1                                              1 	(obj:0)
y_12_1                                              1 	(obj:0)
z_('3268741', '3425762')_1                          1 	(obj:0)
z_('3268741', '1966592X')_0                         1 	(obj:0)
z_('1966592X', '3452192')_0                         1 	(obj:0)
z_('3452192', '1353870')_0                          1 	(obj:0)
z_('3452192', '3520162')_0                          1 	(obj:0)
z_('3520162', '3307092')_0                          1 	(obj:0)
z_('3520162', '3524054')_0                          1 	(obj:0)
z_('3268740', '3524054')_1                          1 	(obj:0)
z_('3524054', '3179975')_1                          1 	(obj:0)
z_('3179975', '3422998')_1                          1 	(obj:0)
z_('3422998', '2495223X')_1                         1 	(obj:0)
z_('3422998', '1353870_01')_1                       1 	(obj:0)
z_('2495223X', '2245784X')_1                        1 	(obj:0)
alpha                                6.58144578313253 	(obj:0.108979343386029)
  obj=0.843  alpha=1092.5s  time=15.95s

k = 1
  Subgraph edges — edge_w: 13 (1.2%)  bal_w: 13 (1.2%)  combined: 26 (2.4%)  blended: 13 (1.2%)  blended_union: 31 (2.8%)  diverse: 13 (1.2%)
  [3a] Subgraph / edge_w   k=1 …
2026-07-01 18:23:34.542 | INFO     | pycaalp.time_balancing.model:run_mip:430 - Running MIP solver ...
      obj=0.848 (vs_full=+0.69%)  alpha=1102.0s  build=0.001s solve=0.016s  vs_full=+0.87%
  [3b] Subgraph / bal_w    k=1 …
2026-07-01 18:23:34.558 | INFO     | pycaalp.time_balancing.model:run_mip:430 - Running MIP solver ...
      obj=0.937 (vs_full=+11.23%)  alpha=1160.1s  build=0.001s solve=0.019s  vs_full=+6.19%
  [3c] Subgraph / combined k=1 …
2026-07-01 18:23:34.577 | INFO     | pycaalp.time_balancing.model:run_mip:430 - Running MIP solver ...
      obj=0.848 (vs_full=+0.69%)  alpha=1102.0s  build=0.014s solve=0.032s  vs_full=+0.87%
  [3d] Subgraph / blended  k=1 …
2026-07-01 18:23:34.610 | INFO     | pycaalp.time_balancing.model:run_mip:430 - Running MIP solver ...
      obj=0.850 (vs_full=+0.81%)  alpha=1088.3s  build=0.001s solve=0.010s  vs_full=-0.38%
  [3e] Subgraph / bl-union k=1 …
2026-07-01 18:23:34.620 | INFO     | pycaalp.time_balancing.model:run_mip:430 - Running MIP solver ...
      obj=0.843 (vs_full=-0.00%)  alpha=1092.5s  build=0.029s solve=0.047s  vs_full=+0.00%
  [3f] Subgraph / diverse  k=1 …
2026-07-01 18:23:34.667 | INFO     | pycaalp.time_balancing.model:run_mip:430 - Running MIP solver ...
      obj=0.850 (vs_full=+0.81%)  alpha=1088.3s  build=0.010s solve=0.011s  vs_full=-0.38%

k = 2
  Subgraph edges — edge_w: 15 (1.4%)  bal_w: 20 (1.8%)  combined: 35 (3.2%)  blended: 15 (1.4%)  blended_union: 36 (3.3%)  diverse: 26 (2.4%)
  [3a] Subgraph / edge_w   k=2 …
2026-07-01 18:23:34.737 | INFO     | pycaalp.time_balancing.model:run_mip:430 - Running MIP solver ...
      obj=0.848 (vs_full=+0.69%)  alpha=1102.0s  build=0.005s solve=0.034s  vs_full=+0.87%
  [3b] Subgraph / bal_w    k=2 …
2026-07-01 18:23:34.771 | INFO     | pycaalp.time_balancing.model:run_mip:430 - Running MIP solver ...
      obj=0.905 (vs_full=+7.41%)  alpha=1088.3s  build=0.003s solve=0.030s  vs_full=-0.38%
  [3c] Subgraph / combined k=2 …
2026-07-01 18:23:34.802 | INFO     | pycaalp.time_balancing.model:run_mip:430 - Running MIP solver ...
      obj=0.848 (vs_full=+0.69%)  alpha=1102.0s  build=0.015s solve=0.057s  vs_full=+0.87%
  [3d] Subgraph / blended  k=2 …
2026-07-01 18:23:34.859 | INFO     | pycaalp.time_balancing.model:run_mip:430 - Running MIP solver ...
      obj=0.850 (vs_full=+0.81%)  alpha=1088.3s  build=0.004s solve=0.016s  vs_full=-0.38%
  [3e] Subgraph / bl-union k=2 …
2026-07-01 18:23:34.874 | INFO     | pycaalp.time_balancing.model:run_mip:430 - Running MIP solver ...
      obj=0.843 (vs_full=-0.00%)  alpha=1092.5s  build=0.026s solve=0.085s  vs_full=+0.00%
  [3f] Subgraph / diverse  k=2 …
2026-07-01 18:23:34.959 | INFO     | pycaalp.time_balancing.model:run_mip:430 - Running MIP solver ...
      obj=0.850 (vs_full=+0.81%)  alpha=1088.3s  build=0.007s solve=0.014s  vs_full=-0.38%

k = 5
  Subgraph edges — edge_w: 21 (1.9%)  bal_w: 29 (2.6%)  combined: 50 (4.5%)  blended: 20 (1.8%)  blended_union: 49 (4.4%)  diverse: 65 (5.9%)
  [3a] Subgraph / edge_w   k=5 …
2026-07-01 18:23:35.134 | INFO     | pycaalp.time_balancing.model:run_mip:430 - Running MIP solver ...
      obj=0.848 (vs_full=+0.69%)  alpha=1102.0s  build=0.018s solve=0.036s  vs_full=+0.87%
  [3b] Subgraph / bal_w    k=5 …
2026-07-01 18:23:35.169 | INFO     | pycaalp.time_balancing.model:run_mip:430 - Running MIP solver ...
      obj=0.905 (vs_full=+7.41%)  alpha=1088.3s  build=0.014s solve=0.109s  vs_full=-0.38%
  [3c] Subgraph / combined k=5 …
2026-07-01 18:23:35.279 | INFO     | pycaalp.time_balancing.model:run_mip:430 - Running MIP solver ...
      obj=0.848 (vs_full=+0.69%)  alpha=1102.0s  build=0.032s solve=0.135s  vs_full=+0.87%
  [3d] Subgraph / blended  k=5 …
2026-07-01 18:23:35.414 | INFO     | pycaalp.time_balancing.model:run_mip:430 - Running MIP solver ...
      obj=0.850 (vs_full=+0.81%)  alpha=1088.3s  build=0.017s solve=0.055s  vs_full=-0.38%
  [3e] Subgraph / bl-union k=5 …
2026-07-01 18:23:35.469 | INFO     | pycaalp.time_balancing.model:run_mip:430 - Running MIP solver ...
      obj=0.843 (vs_full=-0.00%)  alpha=1092.5s  build=0.065s solve=0.093s  vs_full=+0.00%
  [3f] Subgraph / diverse  k=5 …
2026-07-01 18:23:35.563 | INFO     | pycaalp.time_balancing.model:run_mip:430 - Running MIP solver ...
      obj=0.844 (vs_full=+0.21%)  alpha=1092.5s  build=0.014s solve=0.121s  vs_full=+0.00%

k = 10
  Subgraph edges — edge_w: 24 (2.2%)  bal_w: 39 (3.5%)  combined: 63 (5.7%)  blended: 25 (2.3%)  blended_union: 64 (5.8%)  diverse: 126 (11.4%)
  [3a] Subgraph / edge_w   k=10 …
2026-07-01 18:23:36.045 | INFO     | pycaalp.time_balancing.model:run_mip:430 - Running MIP solver ...
      obj=0.848 (vs_full=+0.69%)  alpha=1102.0s  build=0.062s solve=0.065s  vs_full=+0.87%
  [3b] Subgraph / bal_w    k=10 …
2026-07-01 18:23:36.110 | INFO     | pycaalp.time_balancing.model:run_mip:430 - Running MIP solver ...
      obj=0.904 (vs_full=+7.34%)  alpha=1088.3s  build=0.024s solve=0.112s  vs_full=-0.38%
  [3c] Subgraph / combined k=10 …
2026-07-01 18:23:36.222 | INFO     | pycaalp.time_balancing.model:run_mip:430 - Running MIP solver ...
      obj=0.848 (vs_full=+0.69%)  alpha=1102.0s  build=0.100s solve=0.064s  vs_full=+0.87%
  [3d] Subgraph / blended  k=10 …
2026-07-01 18:23:36.286 | INFO     | pycaalp.time_balancing.model:run_mip:430 - Running MIP solver ...
      obj=0.850 (vs_full=+0.81%)  alpha=1088.3s  build=0.041s solve=0.043s  vs_full=-0.38%
  [3e] Subgraph / bl-union k=10 …
2026-07-01 18:23:36.330 | INFO     | pycaalp.time_balancing.model:run_mip:430 - Running MIP solver ...
      obj=0.843 (vs_full=-0.00%)  alpha=1092.5s  build=0.113s solve=0.208s  vs_full=+0.00%
  [3f] Subgraph / diverse  k=10 …
2026-07-01 18:23:36.539 | INFO     | pycaalp.time_balancing.model:run_mip:430 - Running MIP solver ...
      obj=0.844 (vs_full=+0.21%)  alpha=1092.5s  build=0.022s solve=0.356s  vs_full=+0.00%

k = 20
  Subgraph edges — edge_w: 35 (3.2%)  bal_w: 49 (4.4%)  combined: 84 (7.6%)  blended: 28 (2.5%)  blended_union: 87 (7.9%)  diverse: 239 (21.6%)
  [3a] Subgraph / edge_w   k=20 …
2026-07-01 18:23:37.577 | INFO     | pycaalp.time_balancing.model:run_mip:430 - Running MIP solver ...
      obj=0.847 (vs_full=+0.56%)  alpha=1100.0s  build=0.081s solve=0.187s  vs_full=+0.69%
  [3b] Subgraph / bal_w    k=20 …
2026-07-01 18:23:37.764 | INFO     | pycaalp.time_balancing.model:run_mip:430 - Running MIP solver ...
      obj=0.904 (vs_full=+7.31%)  alpha=1088.3s  build=0.052s solve=0.089s  vs_full=-0.38%
  [3c] Subgraph / combined k=20 …
2026-07-01 18:23:37.853 | INFO     | pycaalp.time_balancing.model:run_mip:430 - Running MIP solver ...
      obj=0.847 (vs_full=+0.56%)  alpha=1100.0s  build=0.139s solve=0.307s  vs_full=+0.69%
  [3d] Subgraph / blended  k=20 …
2026-07-01 18:23:38.161 | INFO     | pycaalp.time_balancing.model:run_mip:430 - Running MIP solver ...
      obj=0.850 (vs_full=+0.81%)  alpha=1088.3s  build=0.077s solve=0.058s  vs_full=-0.38%
  [3e] Subgraph / bl-union k=20 …
2026-07-01 18:23:38.219 | INFO     | pycaalp.time_balancing.model:run_mip:430 - Running MIP solver ...
      obj=0.843 (vs_full=-0.00%)  alpha=1092.5s  build=0.304s solve=0.364s  vs_full=+0.00%
  [3f] Subgraph / diverse  k=20 …
2026-07-01 18:23:38.582 | INFO     | pycaalp.time_balancing.model:run_mip:430 - Running MIP solver ...
      obj=0.843 (vs_full=+0.00%)  alpha=1092.5s  build=0.029s solve=0.521s  vs_full=+0.00%

k = 50
  Subgraph edges — edge_w: 54 (4.9%)  bal_w: 74 (6.7%)  combined: 127 (11.5%)  blended: 52 (4.7%)  blended_union: 117 (10.6%)  diverse: 506 (45.8%)
  [3a] Subgraph / edge_w   k=50 …
2026-07-01 18:23:40.538 | INFO     | pycaalp.time_balancing.model:run_mip:430 - Running MIP solver ...
      obj=0.843 (vs_full=-0.00%)  alpha=1092.5s  build=0.175s solve=0.091s  vs_full=+0.00%
  [3b] Subgraph / bal_w    k=50 …
2026-07-01 18:23:40.629 | INFO     | pycaalp.time_balancing.model:run_mip:430 - Running MIP solver ...
      obj=0.895 (vs_full=+6.27%)  alpha=1088.3s  build=0.092s solve=0.144s  vs_full=-0.38%
  [3c] Subgraph / combined k=50 …
2026-07-01 18:23:40.774 | INFO     | pycaalp.time_balancing.model:run_mip:430 - Running MIP solver ...
      obj=0.843 (vs_full=-0.00%)  alpha=1092.5s  build=0.306s solve=0.511s  vs_full=+0.00%
  [3d] Subgraph / blended  k=50 …
2026-07-01 18:23:41.285 | INFO     | pycaalp.time_balancing.model:run_mip:430 - Running MIP solver ...
      obj=0.850 (vs_full=+0.81%)  alpha=1088.3s  build=0.240s solve=0.163s  vs_full=-0.38%
  [3e] Subgraph / bl-union k=50 …
2026-07-01 18:23:41.448 | INFO     | pycaalp.time_balancing.model:run_mip:430 - Running MIP solver ...
      obj=0.843 (vs_full=-0.00%)  alpha=1092.5s  build=0.587s solve=0.374s  vs_full=+0.00%
  [3f] Subgraph / diverse  k=50 …
2026-07-01 18:23:41.823 | INFO     | pycaalp.time_balancing.model:run_mip:430 - Running MIP solver ...
      obj=0.843 (vs_full=-0.00%)  alpha=1092.5s  build=0.034s solve=2.371s  vs_full=+0.00%

k = 100
  Subgraph edges — edge_w: 78 (7.1%)  bal_w: 85 (7.7%)  combined: 162 (14.7%)  blended: 72 (6.5%)  blended_union: 167 (15.1%)  diverse: 743 (67.2%)
  [3a] Subgraph / edge_w   k=100 …
2026-07-01 18:23:46.524 | INFO     | pycaalp.time_balancing.model:run_mip:430 - Running MIP solver ...
      obj=0.843 (vs_full=-0.00%)  alpha=1092.5s  build=0.400s solve=0.255s  vs_full=+0.00%
  [3b] Subgraph / bal_w    k=100 …
2026-07-01 18:23:46.779 | INFO     | pycaalp.time_balancing.model:run_mip:430 - Running MIP solver ...
      obj=0.895 (vs_full=+6.27%)  alpha=1088.3s  build=0.190s solve=0.161s  vs_full=-0.38%
  [3c] Subgraph / combined k=100 …
2026-07-01 18:23:46.940 | INFO     | pycaalp.time_balancing.model:run_mip:430 - Running MIP solver ...
      obj=0.843 (vs_full=-0.00%)  alpha=1092.5s  build=0.565s solve=1.216s  vs_full=+0.00%
  [3d] Subgraph / blended  k=100 …
2026-07-01 18:23:48.156 | INFO     | pycaalp.time_balancing.model:run_mip:430 - Running MIP solver ...
      obj=0.850 (vs_full=+0.81%)  alpha=1088.3s  build=0.292s solve=0.203s  vs_full=-0.38%
  [3e] Subgraph / bl-union k=100 …
2026-07-01 18:23:48.359 | INFO     | pycaalp.time_balancing.model:run_mip:430 - Running MIP solver ...
      obj=0.843 (vs_full=-0.00%)  alpha=1092.5s  build=0.799s solve=0.474s  vs_full=+0.00%
  [3f] Subgraph / diverse  k=100 …
2026-07-01 18:23:48.833 | INFO     | pycaalp.time_balancing.model:run_mip:430 - Running MIP solver ...
      obj=0.843 (vs_full=-0.00%)  alpha=1092.5s  build=0.085s solve=2.916s  vs_full=+0.00%

k = 200
  Subgraph edges — edge_w: 95 (8.6%)  bal_w: 118 (10.7%)  combined: 211 (19.1%)  blended: 85 (7.7%)  blended_union: 212 (19.2%)  diverse: 902 (81.6%)
  [3a] Subgraph / edge_w   k=200 …
2026-07-01 18:23:56.753 | INFO     | pycaalp.time_balancing.model:run_mip:430 - Running MIP solver ...
      obj=0.843 (vs_full=-0.00%)  alpha=1092.5s  build=0.643s solve=0.174s  vs_full=+0.00%
  [3b] Subgraph / bal_w    k=200 …
2026-07-01 18:23:56.928 | INFO     | pycaalp.time_balancing.model:run_mip:430 - Running MIP solver ...
      obj=0.895 (vs_full=+6.25%)  alpha=1088.3s  build=0.344s solve=0.295s  vs_full=-0.38%
  [3c] Subgraph / combined k=200 …
2026-07-01 18:23:57.223 | INFO     | pycaalp.time_balancing.model:run_mip:430 - Running MIP solver ...
      obj=0.843 (vs_full=-0.00%)  alpha=1092.5s  build=1.122s solve=1.150s  vs_full=+0.00%
  [3d] Subgraph / blended  k=200 …
2026-07-01 18:23:58.374 | INFO     | pycaalp.time_balancing.model:run_mip:430 - Running MIP solver ...
      obj=0.850 (vs_full=+0.81%)  alpha=1088.3s  build=0.797s solve=0.256s  vs_full=-0.38%
  [3e] Subgraph / bl-union k=200 …
2026-07-01 18:23:58.630 | INFO     | pycaalp.time_balancing.model:run_mip:430 - Running MIP solver ...
      obj=0.843 (vs_full=+0.00%)  alpha=1092.5s  build=1.910s solve=0.659s  vs_full=+0.00%
  [3f] Subgraph / diverse  k=200 …
2026-07-01 18:23:59.290 | INFO     | pycaalp.time_balancing.model:run_mip:430 - Running MIP solver ...
      obj=0.843 (vs_full=-0.00%)  alpha=1092.5s  build=0.186s solve=6.825s  vs_full=+0.00%

k = 500
  Subgraph edges — edge_w: 108 (9.8%)  bal_w: 170 (15.4%)  combined: 274 (24.8%)  blended: 158 (14.3%)  blended_union: 278 (25.2%)  diverse: 1046 (94.7%)
  [3a] Subgraph / edge_w   k=500 …
2026-07-01 18:24:14.905 | INFO     | pycaalp.time_balancing.model:run_mip:430 - Running MIP solver ...
      obj=0.843 (vs_full=-0.00%)  alpha=1092.5s  build=1.134s solve=0.157s  vs_full=+0.00%
  [3b] Subgraph / bal_w    k=500 …
2026-07-01 18:24:15.062 | INFO     | pycaalp.time_balancing.model:run_mip:430 - Running MIP solver ...
      obj=0.890 (vs_full=+5.61%)  alpha=1104.1s  build=0.799s solve=0.375s  vs_full=+1.06%
  [3c] Subgraph / combined k=500 …
2026-07-01 18:24:15.438 | INFO     | pycaalp.time_balancing.model:run_mip:430 - Running MIP solver ...
      obj=0.843 (vs_full=-0.00%)  alpha=1092.5s  build=1.756s solve=0.661s  vs_full=+0.00%
  [3d] Subgraph / blended  k=500 …
2026-07-01 18:24:16.099 | INFO     | pycaalp.time_balancing.model:run_mip:430 - Running MIP solver ...
      obj=0.850 (vs_full=+0.81%)  alpha=1088.3s  build=1.468s solve=0.208s  vs_full=-0.38%
  [3e] Subgraph / bl-union k=500 …
2026-07-01 18:24:16.307 | INFO     | pycaalp.time_balancing.model:run_mip:430 - Running MIP solver ...
      obj=0.843 (vs_full=-0.00%)  alpha=1092.5s  build=3.325s solve=0.517s  vs_full=+0.00%
  [3f] Subgraph / diverse  k=500 …
2026-07-01 18:24:16.824 | INFO     | pycaalp.time_balancing.model:run_mip:430 - Running MIP solver ...
      obj=0.843 (vs_full=-0.00%)  alpha=1092.5s  build=0.309s solve=8.270s  vs_full=+0.00%

k = 1000
  Subgraph edges — edge_w: 142 (12.9%)  bal_w: 223 (20.2%)  combined: 359 (32.5%)  blended: 220 (19.9%)  blended_union: 305 (27.6%)  diverse: 1098 (99.4%)
  [3a] Subgraph / edge_w   k=1000 …
2026-07-01 18:24:40.934 | INFO     | pycaalp.time_balancing.model:run_mip:430 - Running MIP solver ...
      obj=0.843 (vs_full=-0.00%)  alpha=1092.5s  build=1.973s solve=0.189s  vs_full=+0.00%
  [3b] Subgraph / bal_w    k=1000 …
2026-07-01 18:24:41.123 | INFO     | pycaalp.time_balancing.model:run_mip:430 - Running MIP solver ...
      obj=0.888 (vs_full=+5.40%)  alpha=1104.1s  build=1.403s solve=0.664s  vs_full=+1.06%
  [3c] Subgraph / combined k=1000 …
2026-07-01 18:24:41.787 | INFO     | pycaalp.time_balancing.model:run_mip:430 - Running MIP solver ...
      obj=0.843 (vs_full=+0.00%)  alpha=1092.5s  build=3.397s solve=1.165s  vs_full=+0.00%
  [3d] Subgraph / blended  k=1000 …
2026-07-01 18:24:42.953 | INFO     | pycaalp.time_balancing.model:run_mip:430 - Running MIP solver ...
      obj=0.843 (vs_full=-0.00%)  alpha=1092.5s  build=2.418s solve=0.290s  vs_full=+0.00%
  [3e] Subgraph / bl-union k=1000 …
2026-07-01 18:24:43.242 | INFO     | pycaalp.time_balancing.model:run_mip:430 - Running MIP solver ...
      obj=0.843 (vs_full=-0.00%)  alpha=1092.5s  build=6.049s solve=1.040s  vs_full=+0.00%
  [3f] Subgraph / diverse  k=1000 …
2026-07-01 18:24:44.282 | INFO     | pycaalp.time_balancing.model:run_mip:430 - Running MIP solver ...
      obj=0.843 (vs_full=-0.00%)  alpha=1092.5s  build=0.600s solve=7.230s  vs_full=+0.00%

k = 2000
  Subgraph edges — edge_w: 185 (16.7%)  bal_w: 291 (26.3%)  combined: 464 (42.0%)  blended: 237 (21.4%)  blended_union: 356 (32.2%)  diverse: 1105 (100.0%)
  [3a] Subgraph / edge_w   k=2000 …
2026-07-01 18:25:28.063 | INFO     | pycaalp.time_balancing.model:run_mip:430 - Running MIP solver ...
      obj=0.843 (vs_full=-0.00%)  alpha=1092.5s  build=4.530s solve=0.280s  vs_full=+0.00%
  [3b] Subgraph / bal_w    k=2000 …
2026-07-01 18:25:28.343 | INFO     | pycaalp.time_balancing.model:run_mip:430 - Running MIP solver ...
      obj=0.886 (vs_full=+5.15%)  alpha=1104.1s  build=3.548s solve=0.890s  vs_full=+1.06%
  [3c] Subgraph / combined k=2000 …
2026-07-01 18:25:29.232 | INFO     | pycaalp.time_balancing.model:run_mip:430 - Running MIP solver ...
      obj=0.843 (vs_full=-0.00%)  alpha=1092.5s  build=8.083s solve=1.713s  vs_full=+0.00%
  [3d] Subgraph / blended  k=2000 …
2026-07-01 18:25:30.945 | INFO     | pycaalp.time_balancing.model:run_mip:430 - Running MIP solver ...
      obj=0.843 (vs_full=-0.00%)  alpha=1092.5s  build=4.959s solve=0.282s  vs_full=+0.00%
  [3e] Subgraph / bl-union k=2000 …
2026-07-01 18:25:31.227 | INFO     | pycaalp.time_balancing.model:run_mip:430 - Running MIP solver ...
      obj=0.843 (vs_full=-0.00%)  alpha=1092.5s  build=14.207s solve=0.909s  vs_full=+0.00%
  [3f] Subgraph / diverse  k=2000 …
2026-07-01 18:25:32.136 | INFO     | pycaalp.time_balancing.model:run_mip:430 - Running MIP solver ...
      obj=0.843 (vs_full=+0.00%)  alpha=1092.5s  build=1.223s solve=8.517s  vs_full=+0.00%

k = 5000
  Subgraph edges — edge_w: 232 (21.0%)  bal_w: 382 (34.6%)  combined: 593 (53.7%)  blended: 270 (24.4%)  blended_union: 482 (43.6%)  diverse: 1105 (100.0%)
  [3a] Subgraph / edge_w   k=5000 …
2026-07-01 18:28:01.369 | INFO     | pycaalp.time_balancing.model:run_mip:430 - Running MIP solver ...
      obj=0.843 (vs_full=-0.00%)  alpha=1092.5s  build=17.632s solve=0.398s  vs_full=+0.00%
  [3b] Subgraph / bal_w    k=5000 …
2026-07-01 18:28:01.767 | INFO     | pycaalp.time_balancing.model:run_mip:430 - Running MIP solver ...
      obj=0.885 (vs_full=+5.05%)  alpha=1104.1s  build=13.973s solve=1.582s  vs_full=+1.06%
  [3c] Subgraph / combined k=5000 …
2026-07-01 18:28:03.349 | INFO     | pycaalp.time_balancing.model:run_mip:430 - Running MIP solver ...
      obj=0.843 (vs_full=-0.00%)  alpha=1092.5s  build=31.826s solve=2.334s  vs_full=+0.00%
  [3d] Subgraph / blended  k=5000 …
2026-07-01 18:28:05.683 | INFO     | pycaalp.time_balancing.model:run_mip:430 - Running MIP solver ...
      obj=0.843 (vs_full=-0.00%)  alpha=1092.5s  build=19.435s solve=0.653s  vs_full=+0.00%
  [3e] Subgraph / bl-union k=5000 …
2026-07-01 18:28:06.337 | INFO     | pycaalp.time_balancing.model:run_mip:430 - Running MIP solver ...
      obj=0.843 (vs_full=-0.00%)  alpha=1092.5s  build=55.102s solve=1.177s  vs_full=+0.00%
  [3f] Subgraph / diverse  k=5000 …
2026-07-01 18:28:07.514 | INFO     | pycaalp.time_balancing.model:run_mip:430 - Running MIP solver ...
      obj=0.843 (vs_full=+0.00%)  alpha=1092.5s  build=2.746s solve=6.747s  vs_full=+0.00%

Results saved to experiments/strategy_comparison/assembly_1_np_2/strategy_comparison_lambda_0.85.csv
Plot with:  python -m experiments.strategy_comparison.plot_k_sensitivity

============================================================================================================================
SUMMARY — assembly_1  P=2  λ=0.85
============================================================================================================================
Strategy       Weight                      k   Build    Solve    Total  Spdup       Obj   ObjvsF     Alpha    AlvsF   Edges  %Grph
----------------------------------------------------------------------------------------------------------------------------
full_mip       —                               0.000   15.948   15.948   1.0x     0.843    +0.00   1092.52    +0.00    1105  100.0
subgraph_mip   edge_weight                 1   0.001    0.016    0.017 925.7x     0.848    +0.69   1102.04    +0.87      13    1.2
subgraph_mip   time_balanced_weight        1   0.001    0.019    0.020 798.9x     0.937   +11.23   1160.13    +6.19      13    1.2
subgraph_mip   combined                    1   0.014    0.032    0.046 347.9x     0.848    +0.69   1102.04    +0.87      26    2.4
subgraph_mip   blended                     1   0.001    0.010    0.011 1389.8x     0.850    +0.81   1088.33    -0.38      13    1.2
subgraph_mip   blended_union               1   0.029    0.047    0.076 210.1x     0.843    -0.00   1092.52    +0.00      31    2.8
subgraph_mip   diverse                     1   0.010    0.011    0.021 744.8x     0.850    +0.81   1088.33    -0.38      13    1.2
subgraph_mip   edge_weight                 2   0.005    0.034    0.039 413.8x     0.848    +0.69   1102.04    +0.87      15    1.4
subgraph_mip   time_balanced_weight        2   0.003    0.030    0.033 483.9x     0.905    +7.41   1088.33    -0.38      20    1.8
subgraph_mip   combined                    2   0.015    0.057    0.072 222.8x     0.848    +0.69   1102.04    +0.87      35    3.2
subgraph_mip   blended                     2   0.004    0.016    0.020 814.0x     0.850    +0.81   1088.33    -0.38      15    1.4
subgraph_mip   blended_union               2   0.026    0.085    0.111 143.3x     0.843    -0.00   1092.52    +0.00      36    3.3
subgraph_mip   diverse                     2   0.007    0.014    0.021 765.8x     0.850    +0.81   1088.33    -0.38      26    2.4
subgraph_mip   edge_weight                 5   0.018    0.036    0.054 297.3x     0.848    +0.69   1102.04    +0.87      21    1.9
subgraph_mip   time_balanced_weight        5   0.014    0.109    0.123 129.8x     0.905    +7.41   1088.33    -0.38      29    2.6
subgraph_mip   combined                    5   0.032    0.135    0.167  95.6x     0.848    +0.69   1102.04    +0.87      50    4.5
subgraph_mip   blended                     5   0.017    0.055    0.072 220.3x     0.850    +0.81   1088.33    -0.38      20    1.8
subgraph_mip   blended_union               5   0.065    0.093    0.159 100.5x     0.843    -0.00   1092.52    +0.00      49    4.4
subgraph_mip   diverse                     5   0.014    0.121    0.135 117.9x     0.844    +0.21   1092.52    +0.00      65    5.9
subgraph_mip   edge_weight                10   0.062    0.065    0.127 126.0x     0.848    +0.69   1102.04    +0.87      24    2.2
subgraph_mip   time_balanced_weight       10   0.024    0.112    0.135 118.0x     0.904    +7.34   1088.33    -0.38      39    3.5
subgraph_mip   combined                   10   0.100    0.064    0.164  97.2x     0.848    +0.69   1102.04    +0.87      63    5.7
subgraph_mip   blended                    10   0.041    0.043    0.085 188.1x     0.850    +0.81   1088.33    -0.38      25    2.3
subgraph_mip   blended_union              10   0.113    0.208    0.321  49.7x     0.843    -0.00   1092.52    +0.00      64    5.8
subgraph_mip   diverse                    10   0.022    0.356    0.378  42.2x     0.844    +0.21   1092.52    +0.00     126   11.4
subgraph_mip   edge_weight                20   0.081    0.187    0.268  59.5x     0.847    +0.56   1100.04    +0.69      35    3.2
subgraph_mip   time_balanced_weight       20   0.052    0.089    0.141 113.3x     0.904    +7.31   1088.33    -0.38      49    4.4
subgraph_mip   combined                   20   0.139    0.307    0.446  35.7x     0.847    +0.56   1100.04    +0.69      84    7.6
subgraph_mip   blended                    20   0.077    0.058    0.135 117.8x     0.850    +0.81   1088.33    -0.38      28    2.5
subgraph_mip   blended_union              20   0.304    0.364    0.668  23.9x     0.843    -0.00   1092.52    +0.00      87    7.9
subgraph_mip   diverse                    20   0.029    0.521    0.550  29.0x     0.843    +0.00   1092.52    +0.00     239   21.6
subgraph_mip   edge_weight                50   0.175    0.091    0.267  59.8x     0.843    -0.00   1092.52    +0.00      54    4.9
subgraph_mip   time_balanced_weight       50   0.092    0.144    0.236  67.4x     0.895    +6.27   1088.33    -0.38      74    6.7
subgraph_mip   combined                   50   0.306    0.511    0.817  19.5x     0.843    -0.00   1092.52    +0.00     127   11.5
subgraph_mip   blended                    50   0.240    0.163    0.402  39.6x     0.850    +0.81   1088.33    -0.38      52    4.7
subgraph_mip   blended_union              50   0.587    0.374    0.961  16.6x     0.843    -0.00   1092.52    +0.00     117   10.6
subgraph_mip   diverse                    50   0.034    2.371    2.405   6.6x     0.843    -0.00   1092.52    +0.00     506   45.8
subgraph_mip   edge_weight               100   0.400    0.255    0.655  24.4x     0.843    -0.00   1092.52    +0.00      78    7.1
subgraph_mip   time_balanced_weight      100   0.190    0.161    0.351  45.4x     0.895    +6.27   1088.33    -0.38      85    7.7
subgraph_mip   combined                  100   0.565    1.216    1.781   9.0x     0.843    -0.00   1092.52    +0.00     162   14.7
subgraph_mip   blended                   100   0.292    0.203    0.495  32.2x     0.850    +0.81   1088.33    -0.38      72    6.5
subgraph_mip   blended_union             100   0.799    0.474    1.273  12.5x     0.843    -0.00   1092.52    +0.00     167   15.1
subgraph_mip   diverse                   100   0.085    2.916    3.001   5.3x     0.843    -0.00   1092.52    +0.00     743   67.2
subgraph_mip   edge_weight               200   0.643    0.174    0.817  19.5x     0.843    -0.00   1092.52    +0.00      95    8.6
subgraph_mip   time_balanced_weight      200   0.344    0.295    0.639  25.0x     0.895    +6.25   1088.33    -0.38     118   10.7
subgraph_mip   combined                  200   1.122    1.150    2.272   7.0x     0.843    -0.00   1092.52    +0.00     211   19.1
subgraph_mip   blended                   200   0.797    0.256    1.054  15.1x     0.850    +0.81   1088.33    -0.38      85    7.7
subgraph_mip   blended_union             200   1.910    0.659    2.569   6.2x     0.843    +0.00   1092.52    +0.00     212   19.2
subgraph_mip   diverse                   200   0.186    6.825    7.011   2.3x     0.843    -0.00   1092.52    +0.00     902   81.6
subgraph_mip   edge_weight               500   1.134    0.157    1.291  12.3x     0.843    -0.00   1092.52    +0.00     108    9.8
subgraph_mip   time_balanced_weight      500   0.799    0.375    1.175  13.6x     0.890    +5.61   1104.13    +1.06     170   15.4
subgraph_mip   combined                  500   1.756    0.661    2.417   6.6x     0.843    -0.00   1092.52    +0.00     274   24.8
subgraph_mip   blended                   500   1.468    0.208    1.675   9.5x     0.850    +0.81   1088.33    -0.38     158   14.3
subgraph_mip   blended_union             500   3.325    0.517    3.842   4.2x     0.843    -0.00   1092.52    +0.00     278   25.2
subgraph_mip   diverse                   500   0.309    8.270    8.579   1.9x     0.843    -0.00   1092.52    +0.00    1046   94.7
subgraph_mip   edge_weight              1000   1.973    0.189    2.162   7.4x     0.843    -0.00   1092.52    +0.00     142   12.8
subgraph_mip   time_balanced_weight     1000   1.403    0.664    2.067   7.7x     0.888    +5.40   1104.13    +1.06     223   20.2
subgraph_mip   combined                 1000   3.397    1.165    4.562   3.5x     0.843    +0.00   1092.52    +0.00     359   32.5
subgraph_mip   blended                  1000   2.418    0.290    2.708   5.9x     0.843    -0.00   1092.52    +0.00     220   19.9
subgraph_mip   blended_union            1000   6.049    1.040    7.089   2.2x     0.843    -0.00   1092.52    +0.00     305   27.6
subgraph_mip   diverse                  1000   0.600    7.230    7.829   2.0x     0.843    -0.00   1092.52    +0.00    1098   99.4
subgraph_mip   edge_weight              2000   4.530    0.280    4.810   3.3x     0.843    -0.00   1092.52    +0.00     185   16.7
subgraph_mip   time_balanced_weight     2000   3.548    0.890    4.438   3.6x     0.886    +5.15   1104.13    +1.06     291   26.3
subgraph_mip   combined                 2000   8.083    1.713    9.796   1.6x     0.843    -0.00   1092.52    +0.00     464   42.0
subgraph_mip   blended                  2000   4.959    0.282    5.241   3.0x     0.843    -0.00   1092.52    +0.00     237   21.4
subgraph_mip   blended_union            2000  14.207    0.909   15.117   1.1x     0.843    -0.00   1092.52    +0.00     356   32.2
subgraph_mip   diverse                  2000   1.223    8.517    9.740   1.6x     0.843    +0.00   1092.52    +0.00    1105  100.0
subgraph_mip   edge_weight              5000  17.632    0.398   18.030   0.9x     0.843    -0.00   1092.52    +0.00     232   21.0
subgraph_mip   time_balanced_weight     5000  13.973    1.582   15.555   1.0x     0.885    +5.05   1104.13    +1.06     382   34.6
subgraph_mip   combined                 5000  31.826    2.334   34.161   0.5x     0.843    -0.00   1092.52    +0.00     593   53.7
subgraph_mip   blended                  5000  19.435    0.653   20.088   0.8x     0.843    -0.00   1092.52    +0.00     270   24.4
subgraph_mip   blended_union            5000  55.102    1.177   56.279   0.3x     0.843    -0.00   1092.52    +0.00     482   43.6
subgraph_mip   diverse                  5000   2.746    6.747    9.493   1.7x     0.843    +0.00   1092.52    +0.00    1105  100.0
============================================================================================================================

----------------- λ = 0.9 -----------------
========================================================================
Strategy Comparison Experiment — assembly_1  P=2  λ=0.9
========================================================================

Building assembly digraph …
2026-07-01 18:23:23.087 | INFO     | pycaalp.gapp.assembly_digraph:compute_assembly_digraph_complete:395 - Computing assembly digraph...
  343 nodes, 1105 edges  (0.4s)

[1] Full MIP  P=2  λ=0.9
2026-07-01 18:23:23.454 | INFO     | pycaalp.time_balancing.model:run_mip:430 - Running MIP solver ...
presolving:
(round 1, fast)       28 del vars, 40 del conss, 0 add conss, 0 chg bounds, 0 chg sides, 0 chg coeffs, 0 upgd conss, 0 impls, 43 clqs, 0 implints
(round 2, exhaustive) 28 del vars, 40 del conss, 0 add conss, 1 chg bounds, 0 chg sides, 0 chg coeffs, 2253 upgd conss, 0 impls, 43 clqs, 0 implints
   (0.3s) probing: 1000/1129 (88.6%) - 0 fixings, 0 aggregations, 119627 implications, 0 bound changes
   (0.3s) probing: 1001/1129 (88.7%) - 0 fixings, 0 aggregations, 119803 implications, 0 bound changes
   (0.3s) probing aborted: 1000/1000 successive useless probings
   (0.3s) symmetry computation started: requiring (bin +, int +, cont +), (fixed: bin -, int -, cont -)
   (0.3s) no symmetry present (symcode time: 0.00)
presolving (3 rounds: 3 fast, 2 medium, 2 exhaustive):
 28 deleted vars, 40 deleted constraints, 0 added constraints, 1 tightened bounds, 0 added holes, 0 changed sides, 0 changed coefficients
 0 implications, 8934 cliques, 0 implied integral variables (0 bin, 0 int, 0 cont)
presolved problem has 1130 variables (1129 bin, 0 int, 1 cont) and 2565 constraints
     43 constraints of type <setppc>
    312 constraints of type <linear>
   2210 constraints of type <logicor>
Presolving Time: 0.27

 time | node  | left  |LP iter|LP it/n|mem/heur|mdpt |vars |cons |rows |cuts |sepa|confs|strbr|  dualbound   | primalbound  |  gap   | compl. 
p 0.3s|     1 |     0 |     4 |     - | vbounds|   0 |1130 |2578 |2565 |   0 |  0 |  12 |   0 | 0.000000e+00 | 1.545175e+00 |    Inf | unknown
  0.3s|     1 |     0 |   359 |     - |    21M |   0 |1130 |2590 |2565 |   0 |  0 |  24 |   0 | 8.329273e-01 | 1.545175e+00 |  85.51%| unknown
  0.4s|     1 |     0 |   384 |     - |    23M |   0 |1130 |2591 |2567 |   2 |  1 |  25 |   0 | 8.329294e-01 | 1.545175e+00 |  85.51%| unknown
r 0.4s|     1 |     0 |   384 |     - |shifting|   0 |1130 |2591 |2567 |   2 |  1 |  25 |   0 | 8.329294e-01 | 8.493656e-01 |   1.97%| unknown
  0.5s|     1 |     0 |   404 |     - |    23M |   0 |1130 |2591 |2568 |   3 |  2 |  25 |   0 | 8.329395e-01 | 8.493656e-01 |   1.97%| unknown
  0.5s|     1 |     0 |   404 |     - |    24M |   0 |1130 |2591 |2568 |   3 |  2 |  25 |   0 | 8.329395e-01 | 8.493656e-01 |   1.97%| unknown
  0.5s|     1 |     0 |   404 |     - |    24M |   0 |1130 |2591 |2516 |   3 |  2 |  25 |   0 | 8.329395e-01 | 8.493656e-01 |   1.97%| unknown
  0.7s|     1 |     0 |   417 |     - |    25M |   0 |1130 |2584 |2517 |   4 |  3 |  25 |   0 | 8.329420e-01 | 8.493656e-01 |   1.97%| unknown
  1.0s|     1 |     0 |   430 |     - |    29M |   0 |1130 |2562 |2519 |   6 |  4 |  25 |   0 | 8.329444e-01 | 8.493656e-01 |   1.97%| unknown
  1.3s|     1 |     0 |   440 |     - |    38M |   0 |1130 |2563 |2520 |   7 |  5 |  26 |   0 | 8.329453e-01 | 8.493656e-01 |   1.97%| unknown
  1.7s|     1 |     0 |   463 |     - |    40M |   0 |1130 |2564 |2521 |   8 |  6 |  27 |   0 | 8.329483e-01 | 8.493656e-01 |   1.97%| unknown
  2.0s|     1 |     0 |   475 |     - |    45M |   0 |1130 |2563 |2522 |   9 |  7 |  27 |   0 | 8.329505e-01 | 8.493656e-01 |   1.97%| unknown
  2.4s|     1 |     0 |   488 |     - |    49M |   0 |1130 |2563 |2524 |  11 |  8 |  27 |   0 | 8.329541e-01 | 8.493656e-01 |   1.97%| unknown
  2.8s|     1 |     0 |   498 |     - |    53M |   0 |1130 |2568 |2525 |  12 |  9 |  32 |   0 | 8.329547e-01 | 8.493656e-01 |   1.97%| unknown
  3.2s|     1 |     0 |   507 |     - |    58M |   0 |1130 |2570 |2526 |  13 | 10 |  35 |   0 | 8.329560e-01 | 8.493656e-01 |   1.97%| unknown
 time | node  | left  |LP iter|LP it/n|mem/heur|mdpt |vars |cons |rows |cuts |sepa|confs|strbr|  dualbound   | primalbound  |  gap   | compl. 
  3.2s|     1 |     0 |   532 |     - |    58M |   0 |1130 |2574 |2528 |  15 | 11 |  39 |   0 | 8.329619e-01 | 8.493656e-01 |   1.97%| unknown
  3.4s|     1 |     0 |  1595 |     - |    59M |   0 |1130 |2575 |2528 |  15 | 11 |  40 |  11 | 8.329642e-01 | 8.493656e-01 |   1.97%| unknown
  3.5s|     1 |     0 |  1600 |     - |    59M |   0 |1130 |2575 |2529 |  16 | 12 |  40 |  11 | 8.329642e-01 | 8.493656e-01 |   1.97%| unknown
  3.5s|     1 |     0 |  1605 |     - |    59M |   0 |1130 |2584 |2531 |  18 | 13 |  49 |  11 | 8.329642e-01 | 8.493656e-01 |   1.97%| unknown
  3.6s|     1 |     0 |  1605 |     - |    59M |   0 |1130 |2584 |2531 |  18 | 13 |  49 |  27 | 8.329814e-01 | 8.493656e-01 |   1.97%| unknown
  3.6s|     1 |     0 |  1612 |     - |    59M |   0 |1130 |2584 |2533 |  20 | 14 |  49 |  27 | 8.329814e-01 | 8.493656e-01 |   1.97%| unknown
  3.6s|     1 |     0 |  1615 |     - |    59M |   0 |1130 |2585 |2535 |  22 | 15 |  50 |  27 | 8.329814e-01 | 8.493656e-01 |   1.97%| unknown
  3.6s|     1 |     2 |  1616 |     - |    59M |   0 |1130 |2580 |2535 |  22 | 15 |  50 |  30 | 8.329814e-01 | 8.493656e-01 |   1.97%| unknown
* 4.0s|     7 |     2 |  1866 | 238.0 |strongbr|   4 |1130 |2603 |2519 |  22 |  3 |  75 | 107 | 8.329814e-01 | 8.465237e-01 |   1.63%|   6.88%
* 5.6s|    38 |     5 |  3375 |  79.4 |strongbr|   6 |1130 |2677 |2519 |  22 |  1 | 266 | 536 | 8.330097e-01 | 8.438155e-01 |   1.30%|  28.95%
* 6.8s|    63 |     4 |  5018 |  73.9 |strongbr|  10 |1130 |2788 |2519 |  30 |  1 | 450 | 925 | 8.335409e-01 | 8.437939e-01 |   1.23%|  60.04%
* 6.9s|    71 |     2 |  5236 |  68.5 |strongbr|  10 |1130 |2817 |2519 |  30 |  2 | 482 | 972 | 8.340902e-01 | 8.433441e-01 |   1.11%|  71.07%
* 6.9s|    71 |     2 |  5275 |  69.1 |strongbr|  10 |1130 |2816 |2519 |  30 |  3 | 482 | 979 | 8.340902e-01 | 8.430377e-01 |   1.07%|  71.07%

SCIP Status        : problem is solved [optimal solution found]
Solving Time (sec) : 7.16
Solving Nodes      : 85
Primal Bound       : +8.43037710902932e-01 (8 solutions)
Dual Bound         : +8.43037710902932e-01
Gap                : 0.00 %
objective value:                    0.843037710902932
x_('12_5', '13_1')                                  1 	(obj:0.00330836786164655)
x_('11_17', '12_5')                                 1 	(obj:0.00261577868852459)
x_('10_31', '11_17')                                1 	(obj:0.00287385565254418)
x_('9_42', '10_31')                                 1 	(obj:0.00678571428571428)
x_('8_38', '9_42')                                  1 	(obj:0.00434016393442623)
x_('7_39', '8_38')                                  1 	(obj:0.0046875)
x_('6_36', '7_39')                                  1 	(obj:0.00330235864837738)
x_('5_31', '6_36')                                  1 	(obj:0.0077217993754879)
x_('4_25', '5_31')                                  1 	(obj:0.00814402810304449)
x_('3_20', '4_25')                                  1 	(obj:0.00928717798594848)
x_('2_14', '3_20')                                  1 	(obj:0.00935831381733021)
x_('1_10', '2_14')                                  1 	(obj:0.0176088992974239)
x_('0_1', '1_10')                                   1 	(obj:0.00357142857142857)
y_0_0                                               1 	(obj:0)
y_1_0                                               1 	(obj:0)
y_2_0                                               1 	(obj:0)
y_3_0                                               1 	(obj:0)
y_4_0                                               1 	(obj:0)
y_5_0                                               1 	(obj:0)
y_6_1                                               1 	(obj:0)
y_7_1                                               1 	(obj:0)
y_8_1                                               1 	(obj:0)
y_9_1                                               1 	(obj:0)
y_10_1                                              1 	(obj:0)
y_11_1                                              1 	(obj:0)
y_12_1                                              1 	(obj:0)
z_('3268741', '3425762')_1                          1 	(obj:0)
z_('3268741', '1966592X')_0                         1 	(obj:0)
z_('1966592X', '3452192')_0                         1 	(obj:0)
z_('3452192', '1353870')_0                          1 	(obj:0)
z_('3452192', '3520162')_0                          1 	(obj:0)
z_('3520162', '3307092')_0                          1 	(obj:0)
z_('3520162', '3524054')_0                          1 	(obj:0)
z_('3268740', '3524054')_1                          1 	(obj:0)
z_('3524054', '3179975')_1                          1 	(obj:0)
z_('3179975', '3422998')_1                          1 	(obj:0)
z_('3422998', '2495223X')_1                         1 	(obj:0)
z_('3422998', '1353870_01')_1                       1 	(obj:0)
z_('2495223X', '2245784X')_1                        1 	(obj:0)
alpha                                6.58144578313253 	(obj:0.115389892996972)
  obj=0.843  alpha=1092.5s  time=7.25s

k = 1
  Subgraph edges — edge_w: 13 (1.2%)  bal_w: 13 (1.2%)  combined: 26 (2.4%)  blended: 13 (1.2%)  blended_union: 31 (2.8%)  diverse: 13 (1.2%)
  [3a] Subgraph / edge_w   k=1 …
2026-07-01 18:23:30.729 | INFO     | pycaalp.time_balancing.model:run_mip:430 - Running MIP solver ...
      obj=0.849 (vs_full=+0.75%)  alpha=1102.0s  build=0.001s solve=0.007s  vs_full=+0.87%
  [3b] Subgraph / bal_w    k=1 …
2026-07-01 18:23:30.736 | INFO     | pycaalp.time_balancing.model:run_mip:430 - Running MIP solver ...
      obj=0.923 (vs_full=+9.55%)  alpha=1160.1s  build=0.004s solve=0.008s  vs_full=+6.19%
  [3c] Subgraph / combined k=1 …
2026-07-01 18:23:30.744 | INFO     | pycaalp.time_balancing.model:run_mip:430 - Running MIP solver ...
      obj=0.849 (vs_full=+0.75%)  alpha=1102.0s  build=0.002s solve=0.012s  vs_full=+0.87%
  [3d] Subgraph / blended  k=1 …
2026-07-01 18:23:30.756 | INFO     | pycaalp.time_balancing.model:run_mip:430 - Running MIP solver ...
      obj=0.847 (vs_full=+0.41%)  alpha=1088.3s  build=0.001s solve=0.012s  vs_full=-0.38%
  [3e] Subgraph / bl-union k=1 …
2026-07-01 18:23:30.768 | INFO     | pycaalp.time_balancing.model:run_mip:430 - Running MIP solver ...
      obj=0.843 (vs_full=+0.00%)  alpha=1092.5s  build=0.015s solve=0.160s  vs_full=+0.00%
  [3f] Subgraph / diverse  k=1 …
2026-07-01 18:23:30.928 | INFO     | pycaalp.time_balancing.model:run_mip:430 - Running MIP solver ...
      obj=0.847 (vs_full=+0.41%)  alpha=1088.3s  build=0.004s solve=0.014s  vs_full=-0.38%

k = 2
  Subgraph edges — edge_w: 15 (1.4%)  bal_w: 20 (1.8%)  combined: 35 (3.2%)  blended: 15 (1.4%)  blended_union: 36 (3.3%)  diverse: 26 (2.4%)
  [3a] Subgraph / edge_w   k=2 …
2026-07-01 18:23:31.029 | INFO     | pycaalp.time_balancing.model:run_mip:430 - Running MIP solver ...
      obj=0.849 (vs_full=+0.75%)  alpha=1102.0s  build=0.008s solve=0.061s  vs_full=+0.87%
  [3b] Subgraph / bal_w    k=2 …
2026-07-01 18:23:31.090 | INFO     | pycaalp.time_balancing.model:run_mip:430 - Running MIP solver ...
      obj=0.884 (vs_full=+4.81%)  alpha=1088.3s  build=0.006s solve=0.048s  vs_full=-0.38%
  [3c] Subgraph / combined k=2 …
2026-07-01 18:23:31.138 | INFO     | pycaalp.time_balancing.model:run_mip:430 - Running MIP solver ...
      obj=0.849 (vs_full=+0.75%)  alpha=1102.0s  build=0.012s solve=0.053s  vs_full=+0.87%
  [3d] Subgraph / blended  k=2 …
2026-07-01 18:23:31.192 | INFO     | pycaalp.time_balancing.model:run_mip:430 - Running MIP solver ...
      obj=0.847 (vs_full=+0.41%)  alpha=1088.3s  build=0.009s solve=0.029s  vs_full=-0.38%
  [3e] Subgraph / bl-union k=2 …
2026-07-01 18:23:31.222 | INFO     | pycaalp.time_balancing.model:run_mip:430 - Running MIP solver ...
      obj=0.843 (vs_full=+0.00%)  alpha=1092.5s  build=0.044s solve=0.223s  vs_full=+0.00%
  [3f] Subgraph / diverse  k=2 …
2026-07-01 18:23:31.444 | INFO     | pycaalp.time_balancing.model:run_mip:430 - Running MIP solver ...
      obj=0.847 (vs_full=+0.41%)  alpha=1088.3s  build=0.009s solve=0.020s  vs_full=-0.38%

k = 5
  Subgraph edges — edge_w: 21 (1.9%)  bal_w: 29 (2.6%)  combined: 50 (4.5%)  blended: 20 (1.8%)  blended_union: 49 (4.4%)  diverse: 65 (5.9%)
  [3a] Subgraph / edge_w   k=5 …
2026-07-01 18:23:31.600 | INFO     | pycaalp.time_balancing.model:run_mip:430 - Running MIP solver ...
      obj=0.849 (vs_full=+0.75%)  alpha=1102.0s  build=0.014s solve=0.062s  vs_full=+0.87%
  [3b] Subgraph / bal_w    k=5 …
2026-07-01 18:23:31.661 | INFO     | pycaalp.time_balancing.model:run_mip:430 - Running MIP solver ...
      obj=0.884 (vs_full=+4.81%)  alpha=1088.3s  build=0.007s solve=0.090s  vs_full=-0.38%
  [3c] Subgraph / combined k=5 …
2026-07-01 18:23:31.752 | INFO     | pycaalp.time_balancing.model:run_mip:430 - Running MIP solver ...
      obj=0.849 (vs_full=+0.75%)  alpha=1102.0s  build=0.025s solve=0.315s  vs_full=+0.87%
  [3d] Subgraph / blended  k=5 …
2026-07-01 18:23:32.066 | INFO     | pycaalp.time_balancing.model:run_mip:430 - Running MIP solver ...
      obj=0.847 (vs_full=+0.41%)  alpha=1088.3s  build=0.024s solve=0.064s  vs_full=-0.38%
  [3e] Subgraph / bl-union k=5 …
2026-07-01 18:23:32.130 | INFO     | pycaalp.time_balancing.model:run_mip:430 - Running MIP solver ...
      obj=0.843 (vs_full=-0.00%)  alpha=1092.5s  build=0.057s solve=0.074s  vs_full=+0.00%
  [3f] Subgraph / diverse  k=5 …
2026-07-01 18:23:32.205 | INFO     | pycaalp.time_balancing.model:run_mip:430 - Running MIP solver ...
      obj=0.847 (vs_full=+0.41%)  alpha=1088.3s  build=0.007s solve=0.194s  vs_full=-0.38%

k = 10
  Subgraph edges — edge_w: 24 (2.2%)  bal_w: 39 (3.5%)  combined: 63 (5.7%)  blended: 25 (2.3%)  blended_union: 64 (5.8%)  diverse: 126 (11.4%)
  [3a] Subgraph / edge_w   k=10 …
2026-07-01 18:23:32.773 | INFO     | pycaalp.time_balancing.model:run_mip:430 - Running MIP solver ...
      obj=0.849 (vs_full=+0.75%)  alpha=1102.0s  build=0.056s solve=0.088s  vs_full=+0.87%
  [3b] Subgraph / bal_w    k=10 …
2026-07-01 18:23:32.861 | INFO     | pycaalp.time_balancing.model:run_mip:430 - Running MIP solver ...
      obj=0.883 (vs_full=+4.76%)  alpha=1088.3s  build=0.027s solve=0.241s  vs_full=-0.38%
  [3c] Subgraph / combined k=10 …
2026-07-01 18:23:33.102 | INFO     | pycaalp.time_balancing.model:run_mip:430 - Running MIP solver ...
      obj=0.849 (vs_full=+0.75%)  alpha=1102.0s  build=0.070s solve=0.154s  vs_full=+0.87%
  [3d] Subgraph / blended  k=10 …
2026-07-01 18:23:33.256 | INFO     | pycaalp.time_balancing.model:run_mip:430 - Running MIP solver ...
      obj=0.847 (vs_full=+0.41%)  alpha=1088.3s  build=0.062s solve=0.083s  vs_full=-0.38%
  [3e] Subgraph / bl-union k=10 …
2026-07-01 18:23:33.339 | INFO     | pycaalp.time_balancing.model:run_mip:430 - Running MIP solver ...
      obj=0.843 (vs_full=-0.00%)  alpha=1092.5s  build=0.150s solve=0.243s  vs_full=+0.00%
  [3f] Subgraph / diverse  k=10 …
2026-07-01 18:23:33.583 | INFO     | pycaalp.time_balancing.model:run_mip:430 - Running MIP solver ...
      obj=0.847 (vs_full=+0.41%)  alpha=1088.3s  build=0.010s solve=0.189s  vs_full=-0.38%

k = 20
  Subgraph edges — edge_w: 35 (3.2%)  bal_w: 49 (4.4%)  combined: 84 (7.6%)  blended: 28 (2.5%)  blended_union: 87 (7.9%)  diverse: 239 (21.6%)
  [3a] Subgraph / edge_w   k=20 …
2026-07-01 18:23:34.430 | INFO     | pycaalp.time_balancing.model:run_mip:430 - Running MIP solver ...
      obj=0.848 (vs_full=+0.60%)  alpha=1100.0s  build=0.071s solve=0.101s  vs_full=+0.69%
  [3b] Subgraph / bal_w    k=20 …
2026-07-01 18:23:34.531 | INFO     | pycaalp.time_balancing.model:run_mip:430 - Running MIP solver ...
      obj=0.883 (vs_full=+4.74%)  alpha=1088.3s  build=0.055s solve=0.503s  vs_full=-0.38%
  [3c] Subgraph / combined k=20 …
2026-07-01 18:23:35.034 | INFO     | pycaalp.time_balancing.model:run_mip:430 - Running MIP solver ...
      obj=0.848 (vs_full=+0.60%)  alpha=1100.0s  build=0.165s solve=0.240s  vs_full=+0.69%
  [3d] Subgraph / blended  k=20 …
2026-07-01 18:23:35.276 | INFO     | pycaalp.time_balancing.model:run_mip:430 - Running MIP solver ...
      obj=0.847 (vs_full=+0.41%)  alpha=1088.3s  build=0.087s solve=0.063s  vs_full=-0.38%
  [3e] Subgraph / bl-union k=20 …
2026-07-01 18:23:35.338 | INFO     | pycaalp.time_balancing.model:run_mip:430 - Running MIP solver ...
      obj=0.843 (vs_full=+0.00%)  alpha=1092.5s  build=0.259s solve=0.295s  vs_full=+0.00%
  [3f] Subgraph / diverse  k=20 …
2026-07-01 18:23:35.634 | INFO     | pycaalp.time_balancing.model:run_mip:430 - Running MIP solver ...
      obj=0.843 (vs_full=-0.00%)  alpha=1092.5s  build=0.021s solve=0.559s  vs_full=+0.00%

k = 50
  Subgraph edges — edge_w: 54 (4.9%)  bal_w: 74 (6.7%)  combined: 127 (11.5%)  blended: 52 (4.7%)  blended_union: 117 (10.6%)  diverse: 506 (45.8%)
  [3a] Subgraph / edge_w   k=50 …
2026-07-01 18:23:37.449 | INFO     | pycaalp.time_balancing.model:run_mip:430 - Running MIP solver ...
      obj=0.843 (vs_full=+0.00%)  alpha=1092.5s  build=0.197s solve=0.087s  vs_full=+0.00%
  [3b] Subgraph / bal_w    k=50 …
2026-07-01 18:23:37.536 | INFO     | pycaalp.time_balancing.model:run_mip:430 - Running MIP solver ...
      obj=0.877 (vs_full=+4.05%)  alpha=1088.3s  build=0.073s solve=0.184s  vs_full=-0.38%
  [3c] Subgraph / combined k=50 …
2026-07-01 18:23:37.721 | INFO     | pycaalp.time_balancing.model:run_mip:430 - Running MIP solver ...
      obj=0.843 (vs_full=-0.00%)  alpha=1092.5s  build=0.208s solve=0.614s  vs_full=+0.00%
  [3d] Subgraph / blended  k=50 …
2026-07-01 18:23:38.334 | INFO     | pycaalp.time_balancing.model:run_mip:430 - Running MIP solver ...
      obj=0.847 (vs_full=+0.41%)  alpha=1088.3s  build=0.172s solve=0.137s  vs_full=-0.38%
  [3e] Subgraph / bl-union k=50 …
2026-07-01 18:23:38.471 | INFO     | pycaalp.time_balancing.model:run_mip:430 - Running MIP solver ...
      obj=0.843 (vs_full=+0.00%)  alpha=1092.5s  build=0.573s solve=0.539s  vs_full=+0.00%
  [3f] Subgraph / diverse  k=50 …
2026-07-01 18:23:39.010 | INFO     | pycaalp.time_balancing.model:run_mip:430 - Running MIP solver ...
      obj=0.843 (vs_full=+0.00%)  alpha=1092.5s  build=0.034s solve=1.439s  vs_full=+0.00%

k = 100
  Subgraph edges — edge_w: 78 (7.1%)  bal_w: 85 (7.7%)  combined: 162 (14.7%)  blended: 72 (6.5%)  blended_union: 167 (15.1%)  diverse: 738 (66.8%)
  [3a] Subgraph / edge_w   k=100 …
2026-07-01 18:23:43.188 | INFO     | pycaalp.time_balancing.model:run_mip:430 - Running MIP solver ...
      obj=0.843 (vs_full=+0.00%)  alpha=1092.5s  build=0.369s solve=0.184s  vs_full=+0.00%
  [3b] Subgraph / bal_w    k=100 …
2026-07-01 18:23:43.373 | INFO     | pycaalp.time_balancing.model:run_mip:430 - Running MIP solver ...
      obj=0.877 (vs_full=+4.05%)  alpha=1088.3s  build=0.199s solve=0.208s  vs_full=-0.38%
  [3c] Subgraph / combined k=100 …
2026-07-01 18:23:43.581 | INFO     | pycaalp.time_balancing.model:run_mip:430 - Running MIP solver ...
      obj=0.843 (vs_full=+0.00%)  alpha=1092.5s  build=0.580s solve=0.766s  vs_full=+0.00%
  [3d] Subgraph / blended  k=100 …
2026-07-01 18:23:44.347 | INFO     | pycaalp.time_balancing.model:run_mip:430 - Running MIP solver ...
      obj=0.847 (vs_full=+0.41%)  alpha=1088.3s  build=0.411s solve=0.181s  vs_full=-0.38%
  [3e] Subgraph / bl-union k=100 …
2026-07-01 18:23:44.528 | INFO     | pycaalp.time_balancing.model:run_mip:430 - Running MIP solver ...
      obj=0.843 (vs_full=+0.00%)  alpha=1092.5s  build=1.099s solve=0.651s  vs_full=+0.00%
  [3f] Subgraph / diverse  k=100 …
2026-07-01 18:23:45.180 | INFO     | pycaalp.time_balancing.model:run_mip:430 - Running MIP solver ...
      obj=0.843 (vs_full=+0.00%)  alpha=1092.5s  build=0.079s solve=4.821s  vs_full=+0.00%

k = 200
  Subgraph edges — edge_w: 95 (8.6%)  bal_w: 118 (10.7%)  combined: 211 (19.1%)  blended: 85 (7.7%)  blended_union: 212 (19.2%)  diverse: 906 (82.0%)
  [3a] Subgraph / edge_w   k=200 …
2026-07-01 18:23:55.266 | INFO     | pycaalp.time_balancing.model:run_mip:430 - Running MIP solver ...
      obj=0.843 (vs_full=+0.00%)  alpha=1092.5s  build=0.611s solve=0.199s  vs_full=+0.00%
  [3b] Subgraph / bal_w    k=200 …
2026-07-01 18:23:55.465 | INFO     | pycaalp.time_balancing.model:run_mip:430 - Running MIP solver ...
      obj=0.877 (vs_full=+4.04%)  alpha=1088.3s  build=0.504s solve=0.239s  vs_full=-0.38%
  [3c] Subgraph / combined k=200 …
2026-07-01 18:23:55.705 | INFO     | pycaalp.time_balancing.model:run_mip:430 - Running MIP solver ...
      obj=0.843 (vs_full=+0.00%)  alpha=1092.5s  build=1.095s solve=1.834s  vs_full=+0.00%
  [3d] Subgraph / blended  k=200 …
2026-07-01 18:23:57.539 | INFO     | pycaalp.time_balancing.model:run_mip:430 - Running MIP solver ...
      obj=0.847 (vs_full=+0.41%)  alpha=1088.3s  build=0.841s solve=0.255s  vs_full=-0.38%
  [3e] Subgraph / bl-union k=200 …
2026-07-01 18:23:57.794 | INFO     | pycaalp.time_balancing.model:run_mip:430 - Running MIP solver ...
      obj=0.843 (vs_full=+0.00%)  alpha=1092.5s  build=2.049s solve=0.745s  vs_full=+0.00%
  [3f] Subgraph / diverse  k=200 …
2026-07-01 18:23:58.540 | INFO     | pycaalp.time_balancing.model:run_mip:430 - Running MIP solver ...
      obj=0.843 (vs_full=+0.00%)  alpha=1092.5s  build=0.165s solve=5.527s  vs_full=+0.00%

k = 500
  Subgraph edges — edge_w: 108 (9.8%)  bal_w: 170 (15.4%)  combined: 274 (24.8%)  blended: 158 (14.3%)  blended_union: 278 (25.2%)  diverse: 1046 (94.7%)
  [3a] Subgraph / edge_w   k=500 …
2026-07-01 18:24:13.085 | INFO     | pycaalp.time_balancing.model:run_mip:430 - Running MIP solver ...
      obj=0.843 (vs_full=+0.00%)  alpha=1092.5s  build=1.192s solve=0.195s  vs_full=+0.00%
  [3b] Subgraph / bal_w    k=500 …
2026-07-01 18:24:13.280 | INFO     | pycaalp.time_balancing.model:run_mip:430 - Running MIP solver ...
      obj=0.877 (vs_full=+3.98%)  alpha=1088.3s  build=0.867s solve=0.267s  vs_full=-0.38%
  [3c] Subgraph / combined k=500 …
2026-07-01 18:24:13.547 | INFO     | pycaalp.time_balancing.model:run_mip:430 - Running MIP solver ...
      obj=0.843 (vs_full=+0.00%)  alpha=1092.5s  build=1.877s solve=0.604s  vs_full=+0.00%
  [3d] Subgraph / blended  k=500 …
2026-07-01 18:24:14.151 | INFO     | pycaalp.time_balancing.model:run_mip:430 - Running MIP solver ...
      obj=0.847 (vs_full=+0.41%)  alpha=1088.3s  build=1.353s solve=0.199s  vs_full=-0.38%
  [3e] Subgraph / bl-union k=500 …
2026-07-01 18:24:14.350 | INFO     | pycaalp.time_balancing.model:run_mip:430 - Running MIP solver ...
      obj=0.843 (vs_full=+0.00%)  alpha=1092.5s  build=3.421s solve=0.758s  vs_full=+0.00%
  [3f] Subgraph / diverse  k=500 …
2026-07-01 18:24:15.108 | INFO     | pycaalp.time_balancing.model:run_mip:430 - Running MIP solver ...
      obj=0.843 (vs_full=-0.00%)  alpha=1092.5s  build=0.309s solve=3.904s  vs_full=+0.00%

k = 1000
  Subgraph edges — edge_w: 142 (12.9%)  bal_w: 223 (20.2%)  combined: 359 (32.5%)  blended: 220 (19.9%)  blended_union: 305 (27.6%)  diverse: 1103 (99.8%)
  [3a] Subgraph / edge_w   k=1000 …
2026-07-01 18:24:34.650 | INFO     | pycaalp.time_balancing.model:run_mip:430 - Running MIP solver ...
      obj=0.843 (vs_full=+0.00%)  alpha=1092.5s  build=2.014s solve=0.219s  vs_full=+0.00%
  [3b] Subgraph / bal_w    k=1000 …
2026-07-01 18:24:34.869 | INFO     | pycaalp.time_balancing.model:run_mip:430 - Running MIP solver ...
      obj=0.876 (vs_full=+3.86%)  alpha=1100.0s  build=1.411s solve=0.470s  vs_full=+0.69%
  [3c] Subgraph / combined k=1000 …
2026-07-01 18:24:35.338 | INFO     | pycaalp.time_balancing.model:run_mip:430 - Running MIP solver ...
      obj=0.843 (vs_full=+0.00%)  alpha=1092.5s  build=3.402s solve=1.178s  vs_full=+0.00%
  [3d] Subgraph / blended  k=1000 …
2026-07-01 18:24:36.517 | INFO     | pycaalp.time_balancing.model:run_mip:430 - Running MIP solver ...
      obj=0.843 (vs_full=-0.00%)  alpha=1092.5s  build=2.372s solve=0.264s  vs_full=+0.00%
  [3e] Subgraph / bl-union k=1000 …
2026-07-01 18:24:36.781 | INFO     | pycaalp.time_balancing.model:run_mip:430 - Running MIP solver ...
      obj=0.843 (vs_full=+0.00%)  alpha=1092.5s  build=5.866s solve=1.105s  vs_full=+0.00%
  [3f] Subgraph / diverse  k=1000 …
2026-07-01 18:24:37.886 | INFO     | pycaalp.time_balancing.model:run_mip:430 - Running MIP solver ...
      obj=0.843 (vs_full=+0.00%)  alpha=1092.5s  build=0.573s solve=5.538s  vs_full=+0.00%

k = 2000
  Subgraph edges — edge_w: 185 (16.7%)  bal_w: 291 (26.3%)  combined: 464 (42.0%)  blended: 239 (21.6%)  blended_union: 356 (32.2%)  diverse: 1105 (100.0%)
  [3a] Subgraph / edge_w   k=2000 …
2026-07-01 18:25:19.810 | INFO     | pycaalp.time_balancing.model:run_mip:430 - Running MIP solver ...
      obj=0.843 (vs_full=+0.00%)  alpha=1092.5s  build=4.541s solve=0.345s  vs_full=+0.00%
  [3b] Subgraph / bal_w    k=2000 …
2026-07-01 18:25:20.154 | INFO     | pycaalp.time_balancing.model:run_mip:430 - Running MIP solver ...
      obj=0.875 (vs_full=+3.79%)  alpha=1100.0s  build=3.490s solve=0.520s  vs_full=+0.69%
  [3c] Subgraph / combined k=2000 …
2026-07-01 18:25:20.674 | INFO     | pycaalp.time_balancing.model:run_mip:430 - Running MIP solver ...
      obj=0.843 (vs_full=+0.00%)  alpha=1092.5s  build=8.093s solve=0.754s  vs_full=+0.00%
  [3d] Subgraph / blended  k=2000 …
2026-07-01 18:25:21.429 | INFO     | pycaalp.time_balancing.model:run_mip:430 - Running MIP solver ...
      obj=0.843 (vs_full=+0.00%)  alpha=1092.5s  build=5.177s solve=0.344s  vs_full=+0.00%
  [3e] Subgraph / bl-union k=2000 …
2026-07-01 18:25:21.773 | INFO     | pycaalp.time_balancing.model:run_mip:430 - Running MIP solver ...
      obj=0.843 (vs_full=+0.00%)  alpha=1092.5s  build=13.863s solve=1.861s  vs_full=+0.00%
  [3f] Subgraph / diverse  k=2000 …
2026-07-01 18:25:23.634 | INFO     | pycaalp.time_balancing.model:run_mip:430 - Running MIP solver ...
      obj=0.843 (vs_full=+0.00%)  alpha=1092.5s  build=1.221s solve=3.778s  vs_full=+0.00%

k = 5000
  Subgraph edges — edge_w: 232 (21.0%)  bal_w: 382 (34.6%)  combined: 593 (53.7%)  blended: 267 (24.2%)  blended_union: 482 (43.6%)  diverse: 1105 (100.0%)
  [3a] Subgraph / edge_w   k=5000 …
2026-07-01 18:27:50.825 | INFO     | pycaalp.time_balancing.model:run_mip:430 - Running MIP solver ...
      obj=0.843 (vs_full=+0.00%)  alpha=1092.5s  build=18.153s solve=0.324s  vs_full=+0.00%
  [3b] Subgraph / bal_w    k=5000 …
2026-07-01 18:27:51.148 | INFO     | pycaalp.time_balancing.model:run_mip:430 - Running MIP solver ...
      obj=0.874 (vs_full=+3.72%)  alpha=1104.1s  build=13.951s solve=1.555s  vs_full=+1.06%
  [3c] Subgraph / combined k=5000 …
2026-07-01 18:27:52.704 | INFO     | pycaalp.time_balancing.model:run_mip:430 - Running MIP solver ...
      obj=0.843 (vs_full=-0.00%)  alpha=1092.5s  build=31.630s solve=2.060s  vs_full=+0.00%
  [3d] Subgraph / blended  k=5000 …
2026-07-01 18:27:54.764 | INFO     | pycaalp.time_balancing.model:run_mip:430 - Running MIP solver ...
      obj=0.843 (vs_full=-0.00%)  alpha=1092.5s  build=20.099s solve=0.408s  vs_full=+0.00%
  [3e] Subgraph / bl-union k=5000 …
2026-07-01 18:27:55.172 | INFO     | pycaalp.time_balancing.model:run_mip:430 - Running MIP solver ...
      obj=0.843 (vs_full=-0.00%)  alpha=1092.5s  build=56.448s solve=2.229s  vs_full=+0.00%
  [3f] Subgraph / diverse  k=5000 …
2026-07-01 18:27:57.401 | INFO     | pycaalp.time_balancing.model:run_mip:430 - Running MIP solver ...
      obj=0.843 (vs_full=+0.00%)  alpha=1092.5s  build=3.132s solve=3.296s  vs_full=+0.00%

Results saved to experiments/strategy_comparison/assembly_1_np_2/strategy_comparison_lambda_0.9.csv
Plot with:  python -m experiments.strategy_comparison.plot_k_sensitivity

============================================================================================================================
SUMMARY — assembly_1  P=2  λ=0.9
============================================================================================================================
Strategy       Weight                      k   Build    Solve    Total  Spdup       Obj   ObjvsF     Alpha    AlvsF   Edges  %Grph
----------------------------------------------------------------------------------------------------------------------------
full_mip       —                               0.000    7.248    7.248   1.0x     0.843    +0.00   1092.52    +0.00    1105  100.0
subgraph_mip   edge_weight                 1   0.001    0.007    0.009 827.3x     0.849    +0.75   1102.04    +0.87      13    1.2
subgraph_mip   time_balanced_weight        1   0.004    0.008    0.012 613.5x     0.923    +9.55   1160.13    +6.19      13    1.2
subgraph_mip   combined                    1   0.002    0.012    0.013 547.1x     0.849    +0.75   1102.04    +0.87      26    2.4
subgraph_mip   blended                     1   0.001    0.012    0.013 571.6x     0.847    +0.41   1088.33    -0.38      13    1.2
subgraph_mip   blended_union               1   0.015    0.160    0.175  41.5x     0.843    +0.00   1092.52    +0.00      31    2.8
subgraph_mip   diverse                     1   0.004    0.014    0.018 410.7x     0.847    +0.41   1088.33    -0.38      13    1.2
subgraph_mip   edge_weight                 2   0.008    0.061    0.069 105.7x     0.849    +0.75   1102.04    +0.87      15    1.4
subgraph_mip   time_balanced_weight        2   0.006    0.048    0.054 134.5x     0.884    +4.81   1088.33    -0.38      20    1.8
subgraph_mip   combined                    2   0.012    0.053    0.066 110.5x     0.849    +0.75   1102.04    +0.87      35    3.2
subgraph_mip   blended                     2   0.009    0.029    0.038 190.0x     0.847    +0.41   1088.33    -0.38      15    1.4
subgraph_mip   blended_union               2   0.044    0.223    0.267  27.1x     0.843    +0.00   1092.52    +0.00      36    3.3
subgraph_mip   diverse                     2   0.009    0.020    0.028 255.7x     0.847    +0.41   1088.33    -0.38      26    2.4
subgraph_mip   edge_weight                 5   0.014    0.062    0.076  95.3x     0.849    +0.75   1102.04    +0.87      21    1.9
subgraph_mip   time_balanced_weight        5   0.007    0.090    0.098  74.1x     0.884    +4.81   1088.33    -0.38      29    2.6
subgraph_mip   combined                    5   0.025    0.315    0.340  21.3x     0.849    +0.75   1102.04    +0.87      50    4.5
subgraph_mip   blended                     5   0.024    0.064    0.088  82.5x     0.847    +0.41   1088.33    -0.38      20    1.8
subgraph_mip   blended_union               5   0.057    0.074    0.131  55.2x     0.843    -0.00   1092.52    +0.00      49    4.4
subgraph_mip   diverse                     5   0.007    0.194    0.200  36.1x     0.847    +0.41   1088.33    -0.38      65    5.9
subgraph_mip   edge_weight                10   0.056    0.088    0.144  50.5x     0.849    +0.75   1102.04    +0.87      24    2.2
subgraph_mip   time_balanced_weight       10   0.027    0.241    0.268  27.0x     0.883    +4.76   1088.33    -0.38      39    3.5
subgraph_mip   combined                   10   0.070    0.154    0.223  32.5x     0.849    +0.75   1102.04    +0.87      63    5.7
subgraph_mip   blended                    10   0.062    0.083    0.146  49.8x     0.847    +0.41   1088.33    -0.38      25    2.3
subgraph_mip   blended_union              10   0.150    0.243    0.393  18.4x     0.843    -0.00   1092.52    +0.00      64    5.8
subgraph_mip   diverse                    10   0.010    0.189    0.199  36.4x     0.847    +0.41   1088.33    -0.38     126   11.4
subgraph_mip   edge_weight                20   0.071    0.101    0.171  42.4x     0.848    +0.60   1100.04    +0.69      35    3.2
subgraph_mip   time_balanced_weight       20   0.055    0.503    0.558  13.0x     0.883    +4.74   1088.33    -0.38      49    4.4
subgraph_mip   combined                   20   0.165    0.240    0.405  17.9x     0.848    +0.60   1100.04    +0.69      84    7.6
subgraph_mip   blended                    20   0.087    0.063    0.150  48.4x     0.847    +0.41   1088.33    -0.38      28    2.5
subgraph_mip   blended_union              20   0.259    0.295    0.555  13.1x     0.843    +0.00   1092.52    +0.00      87    7.9
subgraph_mip   diverse                    20   0.021    0.559    0.579  12.5x     0.843    -0.00   1092.52    +0.00     239   21.6
subgraph_mip   edge_weight                50   0.197    0.087    0.284  25.5x     0.843    +0.00   1092.52    +0.00      54    4.9
subgraph_mip   time_balanced_weight       50   0.073    0.184    0.257  28.2x     0.877    +4.05   1088.33    -0.38      74    6.7
subgraph_mip   combined                   50   0.208    0.614    0.822   8.8x     0.843    -0.00   1092.52    +0.00     127   11.5
subgraph_mip   blended                    50   0.172    0.137    0.309  23.5x     0.847    +0.41   1088.33    -0.38      52    4.7
subgraph_mip   blended_union              50   0.573    0.539    1.111   6.5x     0.843    +0.00   1092.52    +0.00     117   10.6
subgraph_mip   diverse                    50   0.034    1.439    1.473   4.9x     0.843    +0.00   1092.52    +0.00     506   45.8
subgraph_mip   edge_weight               100   0.369    0.184    0.554  13.1x     0.843    +0.00   1092.52    +0.00      78    7.1
subgraph_mip   time_balanced_weight      100   0.199    0.208    0.407  17.8x     0.877    +4.05   1088.33    -0.38      85    7.7
subgraph_mip   combined                  100   0.580    0.766    1.346   5.4x     0.843    +0.00   1092.52    +0.00     162   14.7
subgraph_mip   blended                   100   0.411    0.181    0.592  12.2x     0.847    +0.41   1088.33    -0.38      72    6.5
subgraph_mip   blended_union             100   1.099    0.651    1.750   4.1x     0.843    +0.00   1092.52    +0.00     167   15.1
subgraph_mip   diverse                   100   0.079    4.821    4.900   1.5x     0.843    +0.00   1092.52    +0.00     738   66.8
subgraph_mip   edge_weight               200   0.611    0.199    0.810   8.9x     0.843    +0.00   1092.52    +0.00      95    8.6
subgraph_mip   time_balanced_weight      200   0.504    0.239    0.744   9.8x     0.877    +4.04   1088.33    -0.38     118   10.7
subgraph_mip   combined                  200   1.095    1.834    2.929   2.5x     0.843    +0.00   1092.52    +0.00     211   19.1
subgraph_mip   blended                   200   0.841    0.255    1.096   6.6x     0.847    +0.41   1088.33    -0.38      85    7.7
subgraph_mip   blended_union             200   2.049    0.745    2.794   2.6x     0.843    +0.00   1092.52    +0.00     212   19.2
subgraph_mip   diverse                   200   0.165    5.527    5.692   1.3x     0.843    +0.00   1092.52    +0.00     906   82.0
subgraph_mip   edge_weight               500   1.192    0.195    1.386   5.2x     0.843    +0.00   1092.52    +0.00     108    9.8
subgraph_mip   time_balanced_weight      500   0.867    0.267    1.134   6.4x     0.877    +3.98   1088.33    -0.38     170   15.4
subgraph_mip   combined                  500   1.877    0.604    2.480   2.9x     0.843    +0.00   1092.52    +0.00     274   24.8
subgraph_mip   blended                   500   1.353    0.199    1.552   4.7x     0.847    +0.41   1088.33    -0.38     158   14.3
subgraph_mip   blended_union             500   3.421    0.758    4.179   1.7x     0.843    +0.00   1092.52    +0.00     278   25.2
subgraph_mip   diverse                   500   0.309    3.904    4.213   1.7x     0.843    -0.00   1092.52    +0.00    1046   94.7
subgraph_mip   edge_weight              1000   2.014    0.219    2.233   3.2x     0.843    +0.00   1092.52    +0.00     142   12.8
subgraph_mip   time_balanced_weight     1000   1.411    0.470    1.881   3.9x     0.876    +3.86   1100.04    +0.69     223   20.2
subgraph_mip   combined                 1000   3.402    1.178    4.580   1.6x     0.843    +0.00   1092.52    +0.00     359   32.5
subgraph_mip   blended                  1000   2.372    0.264    2.636   2.8x     0.843    -0.00   1092.52    +0.00     220   19.9
subgraph_mip   blended_union            1000   5.866    1.105    6.971   1.0x     0.843    +0.00   1092.52    +0.00     305   27.6
subgraph_mip   diverse                  1000   0.573    5.538    6.111   1.2x     0.843    +0.00   1092.52    +0.00    1103   99.8
subgraph_mip   edge_weight              2000   4.541    0.345    4.886   1.5x     0.843    +0.00   1092.52    +0.00     185   16.7
subgraph_mip   time_balanced_weight     2000   3.490    0.520    4.010   1.8x     0.875    +3.79   1100.04    +0.69     291   26.3
subgraph_mip   combined                 2000   8.093    0.754    8.848   0.8x     0.843    +0.00   1092.52    +0.00     464   42.0
subgraph_mip   blended                  2000   5.177    0.344    5.521   1.3x     0.843    +0.00   1092.52    +0.00     239   21.6
subgraph_mip   blended_union            2000  13.863    1.861   15.723   0.5x     0.843    +0.00   1092.52    +0.00     356   32.2
subgraph_mip   diverse                  2000   1.221    3.778    4.999   1.4x     0.843    +0.00   1092.52    +0.00    1105  100.0
subgraph_mip   edge_weight              5000  18.153    0.324   18.476   0.4x     0.843    +0.00   1092.52    +0.00     232   21.0
subgraph_mip   time_balanced_weight     5000  13.951    1.555   15.506   0.5x     0.874    +3.72   1104.13    +1.06     382   34.6
subgraph_mip   combined                 5000  31.630    2.060   33.690   0.2x     0.843    -0.00   1092.52    +0.00     593   53.7
subgraph_mip   blended                  5000  20.099    0.408   20.507   0.3x     0.843    -0.00   1092.52    +0.00     267   24.2
subgraph_mip   blended_union            5000  56.448    2.229   58.677   0.1x     0.843    -0.00   1092.52    +0.00     482   43.6
subgraph_mip   diverse                  5000   3.132    3.296    6.428   1.1x     0.843    +0.00   1092.52    +0.00    1105  100.0
============================================================================================================================

----------------- λ = 0.95 -----------------
========================================================================
Strategy Comparison Experiment — assembly_1  P=2  λ=0.95
========================================================================

Building assembly digraph …
2026-07-01 18:23:23.949 | INFO     | pycaalp.gapp.assembly_digraph:compute_assembly_digraph_complete:395 - Computing assembly digraph...
  343 nodes, 1105 edges  (0.4s)

[1] Full MIP  P=2  λ=0.95
2026-07-01 18:23:24.384 | INFO     | pycaalp.time_balancing.model:run_mip:430 - Running MIP solver ...
presolving:
(round 1, fast)       28 del vars, 40 del conss, 0 add conss, 0 chg bounds, 0 chg sides, 0 chg coeffs, 0 upgd conss, 0 impls, 43 clqs, 0 implints
(round 2, exhaustive) 28 del vars, 40 del conss, 0 add conss, 1 chg bounds, 0 chg sides, 0 chg coeffs, 2253 upgd conss, 0 impls, 43 clqs, 0 implints
   (0.2s) probing: 1000/1129 (88.6%) - 0 fixings, 0 aggregations, 119627 implications, 0 bound changes
   (0.2s) probing: 1001/1129 (88.7%) - 0 fixings, 0 aggregations, 119803 implications, 0 bound changes
   (0.2s) probing aborted: 1000/1000 successive useless probings
   (0.2s) symmetry computation started: requiring (bin +, int +, cont +), (fixed: bin -, int -, cont -)
   (0.3s) no symmetry present (symcode time: 0.00)
presolving (3 rounds: 3 fast, 2 medium, 2 exhaustive):
 28 deleted vars, 40 deleted constraints, 0 added constraints, 1 tightened bounds, 0 added holes, 0 changed sides, 0 changed coefficients
 0 implications, 8934 cliques, 0 implied integral variables (0 bin, 0 int, 0 cont)
presolved problem has 1130 variables (1129 bin, 0 int, 1 cont) and 2565 constraints
     43 constraints of type <setppc>
    312 constraints of type <linear>
   2210 constraints of type <logicor>
Presolving Time: 0.25

 time | node  | left  |LP iter|LP it/n|mem/heur|mdpt |vars |cons |rows |cuts |sepa|confs|strbr|  dualbound   | primalbound  |  gap   | compl. 
p 0.3s|     1 |     0 |     4 |     - | vbounds|   0 |1130 |2578 |2565 |   0 |  0 |  12 |   0 | 0.000000e+00 | 1.563808e+00 |    Inf | unknown
  0.3s|     1 |     0 |   359 |     - |    21M |   0 |1130 |2590 |2565 |   0 |  0 |  24 |   0 | 8.329273e-01 | 1.563808e+00 |  87.75%| unknown
  0.4s|     1 |     0 |   383 |     - |    23M |   0 |1130 |2591 |2567 |   2 |  1 |  25 |   0 | 8.329284e-01 | 1.563808e+00 |  87.75%| unknown
r 0.4s|     1 |     0 |   383 |     - |shifting|   0 |1130 |2591 |2567 |   2 |  1 |  25 |   0 | 8.329284e-01 | 8.502661e-01 |   2.08%| unknown
  0.5s|     1 |     0 |   402 |     - |    23M |   0 |1130 |2591 |2568 |   3 |  2 |  25 |   0 | 8.329334e-01 | 8.502661e-01 |   2.08%| unknown
  0.5s|     1 |     0 |   402 |     - |    24M |   0 |1130 |2591 |2568 |   3 |  2 |  25 |   0 | 8.329334e-01 | 8.502661e-01 |   2.08%| unknown
  0.7s|     1 |     0 |   416 |     - |    25M |   0 |1130 |2591 |2569 |   4 |  3 |  25 |   0 | 8.329347e-01 | 8.502661e-01 |   2.08%| unknown
  0.9s|     1 |     0 |   432 |     - |    29M |   0 |1130 |2591 |2571 |   6 |  4 |  25 |   0 | 8.329359e-01 | 8.502661e-01 |   2.08%| unknown
  1.3s|     1 |     0 |   446 |     - |    36M |   0 |1130 |2591 |2572 |   7 |  5 |  25 |   0 | 8.329369e-01 | 8.502661e-01 |   2.08%| unknown
  1.6s|     1 |     0 |   451 |     - |    41M |   0 |1130 |2597 |2574 |   9 |  6 |  31 |   0 | 8.329371e-01 | 8.502661e-01 |   2.08%| unknown
  2.1s|     1 |     0 |   466 |     - |    47M |   0 |1130 |2597 |2575 |  10 |  7 |  31 |   0 | 8.329374e-01 | 8.502661e-01 |   2.08%| unknown
  2.5s|     1 |     0 |   486 |     - |    57M |   0 |1130 |2597 |2577 |  12 |  8 |  31 |   0 | 8.329386e-01 | 8.502661e-01 |   2.08%| unknown
  3.0s|     1 |     0 |   508 |     - |    60M |   0 |1130 |2598 |2579 |  14 |  9 |  32 |   0 | 8.329440e-01 | 8.502661e-01 |   2.08%| unknown
  3.4s|     1 |     0 |   527 |     - |    68M |   0 |1130 |2598 |2580 |  15 | 10 |  32 |   0 | 8.329460e-01 | 8.502661e-01 |   2.08%| unknown
  3.4s|     1 |     0 |   547 |     - |    68M |   0 |1130 |2599 |2583 |  18 | 11 |  33 |   0 | 8.329496e-01 | 8.502661e-01 |   2.08%| unknown
 time | node  | left  |LP iter|LP it/n|mem/heur|mdpt |vars |cons |rows |cuts |sepa|confs|strbr|  dualbound   | primalbound  |  gap   | compl. 
  3.6s|     1 |     0 |  1160 |     - |    68M |   0 |1130 |2614 |2583 |  18 | 11 |  48 |  13 | 8.329708e-01 | 8.502661e-01 |   2.08%| unknown
  3.7s|     1 |     0 |  1164 |     - |    69M |   0 |1130 |2614 |2585 |  20 | 12 |  48 |  13 | 8.329708e-01 | 8.502661e-01 |   2.08%| unknown
  3.7s|     1 |     0 |  1165 |     - |    69M |   0 |1130 |2621 |2586 |  21 | 13 |  55 |  13 | 8.329708e-01 | 8.502661e-01 |   2.08%| unknown
  3.8s|     1 |     2 |  1165 |     - |    69M |   0 |1130 |2624 |2586 |  21 | 13 |  63 |  29 | 8.329708e-01 | 8.502661e-01 |   2.08%| unknown
* 5.5s|    34 |     5 |  2548 |  63.9 |strongbr|   9 |1130 |2756 |2573 |  21 |  5 | 240 | 491 | 8.329743e-01 | 8.435506e-01 |   1.27%|  20.10%
* 6.1s|    43 |     4 |  3071 |  62.7 |strongbr|  10 |1130 |2746 |2597 |  46 | 11 | 264 | 594 | 8.329743e-01 | 8.434257e-01 |   1.25%|  39.78%
  8.2s|   100 |     8 |  5119 |  47.3 |    75M |  10 |1130 |2895 |2573 |  61 |  2 | 482 |1126 | 8.329743e-01 | 8.434257e-01 |   1.25%|  48.88%

SCIP Status        : problem is solved [optimal solution found]
Solving Time (sec) : 10.29
Solving Nodes      : 160
Primal Bound       : +8.43425702496485e-01 (5 solutions)
Dual Bound         : +8.43425702496485e-01
Gap                : 0.00 %
objective value:                    0.843425702496485
x_('12_5', '13_1')                   1.00000000000001 	(obj:0.00165418393082328)
x_('11_17', '12_5')                  1.00000000000001 	(obj:0.0013078893442623)
x_('10_31', '11_17')                 1.00000000000001 	(obj:0.00143692782627209)
x_('9_42', '10_31')                  1.00000000000002 	(obj:0.00339285714285715)
x_('8_38', '9_42')                   1.00000000000002 	(obj:0.00217008196721312)
x_('7_39', '8_38')                   1.00000000000002 	(obj:0.00234375)
x_('6_36', '7_39')                   1.00000000000003 	(obj:0.00165117932418869)
x_('5_31', '6_36')                   1.00000000000003 	(obj:0.00386089968774395)
x_('4_25', '5_31')                   1.00000000000003 	(obj:0.00407201405152225)
x_('3_20', '4_25')                                  1 	(obj:0.00464358899297424)
x_('2_14', '3_20')                                  1 	(obj:0.00467915690866511)
x_('1_10', '2_14')                                  1 	(obj:0.00880444964871195)
x_('0_1', '1_10')                                   1 	(obj:0.00178571428571429)
y_0_0                                               1 	(obj:0)
y_1_0                                               1 	(obj:0)
y_2_0                                               1 	(obj:0)
y_3_0                                               1 	(obj:0)
y_4_0                                               1 	(obj:0)
y_5_0                                1.00000000000002 	(obj:0)
y_6_1                                               1 	(obj:0)
y_7_1                                               1 	(obj:0)
y_8_1                                               1 	(obj:0)
y_9_1                                               1 	(obj:0)
y_10_1                                              1 	(obj:0)
y_11_1                                              1 	(obj:0)
y_12_1                                              1 	(obj:0)
z_('3268741', '3425762')_1                          1 	(obj:0)
z_('3268741', '1966592X')_0                         1 	(obj:0)
z_('1966592X', '3452192')_0                         1 	(obj:0)
z_('3452192', '1353870')_0                          1 	(obj:0)
z_('3452192', '3520162')_0                          1 	(obj:0)
z_('3520162', '3307092')_0                          1 	(obj:0)
z_('3520162', '3524054')_0                          1 	(obj:0)
z_('3268740', '3524054')_1                          1 	(obj:0)
z_('3524054', '3179975')_1                          1 	(obj:0)
z_('3179975', '3422998')_1                          1 	(obj:0)
z_('3422998', '2495223X')_1                         1 	(obj:0)
z_('3422998', '1353870_01')_1                       1 	(obj:0)
z_('2495223X', '2245784X')_1                        1 	(obj:0)
alpha                                6.58144578313253 	(obj:0.121800442607915)
  obj=0.843  alpha=1092.5s  time=10.37s

k = 1
  Subgraph edges — edge_w: 13 (1.2%)  bal_w: 13 (1.2%)  combined: 26 (2.4%)  blended: 13 (1.2%)  blended_union: 31 (2.8%)  diverse: 13 (1.2%)
  [3a] Subgraph / edge_w   k=1 …
2026-07-01 18:23:34.771 | INFO     | pycaalp.time_balancing.model:run_mip:430 - Running MIP solver ...
      obj=0.850 (vs_full=+0.81%)  alpha=1102.0s  build=0.001s solve=0.009s  vs_full=+0.87%
  [3b] Subgraph / bal_w    k=1 …
2026-07-01 18:23:34.782 | INFO     | pycaalp.time_balancing.model:run_mip:430 - Running MIP solver ...
      obj=0.910 (vs_full=+7.87%)  alpha=1160.1s  build=0.001s solve=0.010s  vs_full=+6.19%
  [3c] Subgraph / combined k=1 …
2026-07-01 18:23:34.791 | INFO     | pycaalp.time_balancing.model:run_mip:430 - Running MIP solver ...
      obj=0.850 (vs_full=+0.81%)  alpha=1102.0s  build=0.001s solve=0.022s  vs_full=+0.87%
  [3d] Subgraph / blended  k=1 …
2026-07-01 18:23:34.813 | INFO     | pycaalp.time_balancing.model:run_mip:430 - Running MIP solver ...
      obj=0.844 (vs_full=+0.01%)  alpha=1088.3s  build=0.001s solve=0.015s  vs_full=-0.38%
  [3e] Subgraph / bl-union k=1 …
2026-07-01 18:23:34.828 | INFO     | pycaalp.time_balancing.model:run_mip:430 - Running MIP solver ...
      obj=0.843 (vs_full=+0.00%)  alpha=1092.5s  build=0.011s solve=0.056s  vs_full=+0.00%
  [3f] Subgraph / diverse  k=1 …
2026-07-01 18:23:34.884 | INFO     | pycaalp.time_balancing.model:run_mip:430 - Running MIP solver ...
      obj=0.844 (vs_full=+0.01%)  alpha=1088.3s  build=0.005s solve=0.011s  vs_full=-0.38%

k = 2
  Subgraph edges — edge_w: 15 (1.4%)  bal_w: 20 (1.8%)  combined: 35 (3.2%)  blended: 15 (1.4%)  blended_union: 36 (3.3%)  diverse: 26 (2.4%)
  [3a] Subgraph / edge_w   k=2 …
2026-07-01 18:23:34.951 | INFO     | pycaalp.time_balancing.model:run_mip:430 - Running MIP solver ...
      obj=0.850 (vs_full=+0.81%)  alpha=1102.0s  build=0.006s solve=0.049s  vs_full=+0.87%
  [3b] Subgraph / bal_w    k=2 …
2026-07-01 18:23:35.000 | INFO     | pycaalp.time_balancing.model:run_mip:430 - Running MIP solver ...
      obj=0.862 (vs_full=+2.21%)  alpha=1088.3s  build=0.003s solve=0.017s  vs_full=-0.38%
  [3c] Subgraph / combined k=2 …
2026-07-01 18:23:35.018 | INFO     | pycaalp.time_balancing.model:run_mip:430 - Running MIP solver ...
      obj=0.850 (vs_full=+0.81%)  alpha=1102.0s  build=0.013s solve=0.199s  vs_full=+0.87%
  [3d] Subgraph / blended  k=2 …
2026-07-01 18:23:35.217 | INFO     | pycaalp.time_balancing.model:run_mip:430 - Running MIP solver ...
      obj=0.844 (vs_full=+0.01%)  alpha=1088.3s  build=0.005s solve=0.015s  vs_full=-0.38%
  [3e] Subgraph / bl-union k=2 …
2026-07-01 18:23:35.232 | INFO     | pycaalp.time_balancing.model:run_mip:430 - Running MIP solver ...
      obj=0.843 (vs_full=+0.00%)  alpha=1092.5s  build=0.024s solve=0.049s  vs_full=+0.00%
  [3f] Subgraph / diverse  k=2 …
2026-07-01 18:23:35.281 | INFO     | pycaalp.time_balancing.model:run_mip:430 - Running MIP solver ...
      obj=0.844 (vs_full=+0.01%)  alpha=1088.3s  build=0.005s solve=0.016s  vs_full=-0.38%

k = 5
  Subgraph edges — edge_w: 21 (1.9%)  bal_w: 29 (2.6%)  combined: 50 (4.5%)  blended: 20 (1.8%)  blended_union: 49 (4.4%)  diverse: 65 (5.9%)
  [3a] Subgraph / edge_w   k=5 …
2026-07-01 18:23:35.478 | INFO     | pycaalp.time_balancing.model:run_mip:430 - Running MIP solver ...
      obj=0.850 (vs_full=+0.81%)  alpha=1102.0s  build=0.018s solve=0.054s  vs_full=+0.87%
  [3b] Subgraph / bal_w    k=5 …
2026-07-01 18:23:35.533 | INFO     | pycaalp.time_balancing.model:run_mip:430 - Running MIP solver ...
      obj=0.862 (vs_full=+2.21%)  alpha=1088.3s  build=0.015s solve=0.177s  vs_full=-0.38%
  [3c] Subgraph / combined k=5 …
2026-07-01 18:23:35.709 | INFO     | pycaalp.time_balancing.model:run_mip:430 - Running MIP solver ...
      obj=0.850 (vs_full=+0.81%)  alpha=1102.0s  build=0.026s solve=0.104s  vs_full=+0.87%
  [3d] Subgraph / blended  k=5 …
2026-07-01 18:23:35.813 | INFO     | pycaalp.time_balancing.model:run_mip:430 - Running MIP solver ...
      obj=0.844 (vs_full=+0.01%)  alpha=1088.3s  build=0.024s solve=0.029s  vs_full=-0.38%
  [3e] Subgraph / bl-union k=5 …
2026-07-01 18:23:35.843 | INFO     | pycaalp.time_balancing.model:run_mip:430 - Running MIP solver ...
      obj=0.843 (vs_full=-0.00%)  alpha=1092.5s  build=0.080s solve=0.104s  vs_full=+0.00%
  [3f] Subgraph / diverse  k=5 …
2026-07-01 18:23:35.948 | INFO     | pycaalp.time_balancing.model:run_mip:430 - Running MIP solver ...
      obj=0.844 (vs_full=+0.01%)  alpha=1088.3s  build=0.018s solve=0.092s  vs_full=-0.38%

k = 10
  Subgraph edges — edge_w: 24 (2.2%)  bal_w: 39 (3.5%)  combined: 63 (5.7%)  blended: 25 (2.3%)  blended_union: 64 (5.8%)  diverse: 126 (11.4%)
  [3a] Subgraph / edge_w   k=10 …
2026-07-01 18:23:36.314 | INFO     | pycaalp.time_balancing.model:run_mip:430 - Running MIP solver ...
      obj=0.850 (vs_full=+0.81%)  alpha=1102.0s  build=0.028s solve=0.047s  vs_full=+0.87%
  [3b] Subgraph / bal_w    k=10 …
2026-07-01 18:23:36.362 | INFO     | pycaalp.time_balancing.model:run_mip:430 - Running MIP solver ...
      obj=0.862 (vs_full=+2.19%)  alpha=1088.3s  build=0.022s solve=0.175s  vs_full=-0.38%
  [3c] Subgraph / combined k=10 …
2026-07-01 18:23:36.537 | INFO     | pycaalp.time_balancing.model:run_mip:430 - Running MIP solver ...
      obj=0.850 (vs_full=+0.81%)  alpha=1102.0s  build=0.071s solve=0.096s  vs_full=+0.87%
  [3d] Subgraph / blended  k=10 …
2026-07-01 18:23:36.634 | INFO     | pycaalp.time_balancing.model:run_mip:430 - Running MIP solver ...
      obj=0.844 (vs_full=+0.01%)  alpha=1088.3s  build=0.036s solve=0.034s  vs_full=-0.38%
  [3e] Subgraph / bl-union k=10 …
2026-07-01 18:23:36.668 | INFO     | pycaalp.time_balancing.model:run_mip:430 - Running MIP solver ...
      obj=0.843 (vs_full=+0.00%)  alpha=1092.5s  build=0.105s solve=0.112s  vs_full=+0.00%
  [3f] Subgraph / diverse  k=10 …
2026-07-01 18:23:36.780 | INFO     | pycaalp.time_balancing.model:run_mip:430 - Running MIP solver ...
      obj=0.844 (vs_full=+0.01%)  alpha=1088.3s  build=0.012s solve=0.410s  vs_full=-0.38%

k = 20
  Subgraph edges — edge_w: 35 (3.2%)  bal_w: 49 (4.4%)  combined: 84 (7.6%)  blended: 28 (2.5%)  blended_union: 87 (7.9%)  diverse: 239 (21.6%)
  [3a] Subgraph / edge_w   k=20 …
2026-07-01 18:23:37.771 | INFO     | pycaalp.time_balancing.model:run_mip:430 - Running MIP solver ...
      obj=0.849 (vs_full=+0.65%)  alpha=1100.0s  build=0.082s solve=0.043s  vs_full=+0.69%
  [3b] Subgraph / bal_w    k=20 …
2026-07-01 18:23:37.814 | INFO     | pycaalp.time_balancing.model:run_mip:430 - Running MIP solver ...
      obj=0.862 (vs_full=+2.18%)  alpha=1088.3s  build=0.051s solve=0.101s  vs_full=-0.38%
  [3c] Subgraph / combined k=20 …
2026-07-01 18:23:37.916 | INFO     | pycaalp.time_balancing.model:run_mip:430 - Running MIP solver ...
      obj=0.849 (vs_full=+0.65%)  alpha=1100.0s  build=0.147s solve=0.332s  vs_full=+0.69%
  [3d] Subgraph / blended  k=20 …
2026-07-01 18:23:38.248 | INFO     | pycaalp.time_balancing.model:run_mip:430 - Running MIP solver ...
      obj=0.844 (vs_full=+0.01%)  alpha=1088.3s  build=0.079s solve=0.031s  vs_full=-0.38%
  [3e] Subgraph / bl-union k=20 …
2026-07-01 18:23:38.279 | INFO     | pycaalp.time_balancing.model:run_mip:430 - Running MIP solver ...
      obj=0.843 (vs_full=-0.00%)  alpha=1092.5s  build=0.209s solve=0.225s  vs_full=+0.00%
  [3f] Subgraph / diverse  k=20 …
2026-07-01 18:23:38.503 | INFO     | pycaalp.time_balancing.model:run_mip:430 - Running MIP solver ...
      obj=0.843 (vs_full=+0.00%)  alpha=1092.5s  build=0.013s solve=0.549s  vs_full=+0.00%

k = 50
  Subgraph edges — edge_w: 54 (4.9%)  bal_w: 74 (6.7%)  combined: 127 (11.5%)  blended: 52 (4.7%)  blended_union: 117 (10.6%)  diverse: 508 (46.0%)
  [3a] Subgraph / edge_w   k=50 …
2026-07-01 18:23:40.401 | INFO     | pycaalp.time_balancing.model:run_mip:430 - Running MIP solver ...
      obj=0.843 (vs_full=+0.00%)  alpha=1092.5s  build=0.193s solve=0.358s  vs_full=+0.00%
  [3b] Subgraph / bal_w    k=50 …
2026-07-01 18:23:40.759 | INFO     | pycaalp.time_balancing.model:run_mip:430 - Running MIP solver ...
      obj=0.859 (vs_full=+1.83%)  alpha=1088.3s  build=0.109s solve=0.184s  vs_full=-0.38%
  [3c] Subgraph / combined k=50 …
2026-07-01 18:23:40.944 | INFO     | pycaalp.time_balancing.model:run_mip:430 - Running MIP solver ...
      obj=0.843 (vs_full=+0.00%)  alpha=1092.5s  build=0.277s solve=0.477s  vs_full=+0.00%
  [3d] Subgraph / blended  k=50 …
2026-07-01 18:23:41.420 | INFO     | pycaalp.time_balancing.model:run_mip:430 - Running MIP solver ...
      obj=0.844 (vs_full=+0.01%)  alpha=1088.3s  build=0.218s solve=0.143s  vs_full=-0.38%
  [3e] Subgraph / bl-union k=50 …
2026-07-01 18:23:41.564 | INFO     | pycaalp.time_balancing.model:run_mip:430 - Running MIP solver ...
      obj=0.843 (vs_full=+0.00%)  alpha=1092.5s  build=0.516s solve=0.256s  vs_full=+0.00%
  [3f] Subgraph / diverse  k=50 …
2026-07-01 18:23:41.820 | INFO     | pycaalp.time_balancing.model:run_mip:430 - Running MIP solver ...
      obj=0.843 (vs_full=+0.00%)  alpha=1092.5s  build=0.035s solve=1.511s  vs_full=+0.00%

k = 100
  Subgraph edges — edge_w: 78 (7.1%)  bal_w: 85 (7.7%)  combined: 162 (14.7%)  blended: 72 (6.5%)  blended_union: 167 (15.1%)  diverse: 738 (66.8%)
  [3a] Subgraph / edge_w   k=100 …
2026-07-01 18:23:45.825 | INFO     | pycaalp.time_balancing.model:run_mip:430 - Running MIP solver ...
      obj=0.843 (vs_full=+0.00%)  alpha=1092.5s  build=0.375s solve=0.129s  vs_full=+0.00%
  [3b] Subgraph / bal_w    k=100 …
2026-07-01 18:23:45.954 | INFO     | pycaalp.time_balancing.model:run_mip:430 - Running MIP solver ...
      obj=0.859 (vs_full=+1.83%)  alpha=1088.3s  build=0.222s solve=0.166s  vs_full=-0.38%
  [3c] Subgraph / combined k=100 …
2026-07-01 18:23:46.120 | INFO     | pycaalp.time_balancing.model:run_mip:430 - Running MIP solver ...
      obj=0.843 (vs_full=+0.00%)  alpha=1092.5s  build=0.549s solve=0.261s  vs_full=+0.00%
  [3d] Subgraph / blended  k=100 …
2026-07-01 18:23:46.382 | INFO     | pycaalp.time_balancing.model:run_mip:430 - Running MIP solver ...
      obj=0.844 (vs_full=+0.01%)  alpha=1088.3s  build=0.396s solve=0.276s  vs_full=-0.38%
  [3e] Subgraph / bl-union k=100 …
2026-07-01 18:23:46.658 | INFO     | pycaalp.time_balancing.model:run_mip:430 - Running MIP solver ...
      obj=0.843 (vs_full=+0.00%)  alpha=1092.5s  build=0.896s solve=0.317s  vs_full=+0.00%
  [3f] Subgraph / diverse  k=100 …
2026-07-01 18:23:46.976 | INFO     | pycaalp.time_balancing.model:run_mip:430 - Running MIP solver ...
      obj=0.843 (vs_full=-0.00%)  alpha=1092.5s  build=0.056s solve=8.107s  vs_full=+0.00%

k = 200
  Subgraph edges — edge_w: 95 (8.6%)  bal_w: 118 (10.7%)  combined: 211 (19.1%)  blended: 85 (7.7%)  blended_union: 212 (19.2%)  diverse: 905 (81.9%)
  [3a] Subgraph / edge_w   k=200 …
2026-07-01 18:23:59.764 | INFO     | pycaalp.time_balancing.model:run_mip:430 - Running MIP solver ...
      obj=0.843 (vs_full=+0.00%)  alpha=1092.5s  build=0.627s solve=0.175s  vs_full=+0.00%
  [3b] Subgraph / bal_w    k=200 …
2026-07-01 18:23:59.939 | INFO     | pycaalp.time_balancing.model:run_mip:430 - Running MIP solver ...
      obj=0.859 (vs_full=+1.83%)  alpha=1088.3s  build=0.420s solve=0.379s  vs_full=-0.38%
  [3c] Subgraph / combined k=200 …
2026-07-01 18:24:00.318 | INFO     | pycaalp.time_balancing.model:run_mip:430 - Running MIP solver ...
      obj=0.843 (vs_full=+0.00%)  alpha=1092.5s  build=1.021s solve=0.539s  vs_full=+0.00%
  [3d] Subgraph / blended  k=200 …
2026-07-01 18:24:00.857 | INFO     | pycaalp.time_balancing.model:run_mip:430 - Running MIP solver ...
      obj=0.844 (vs_full=+0.01%)  alpha=1088.3s  build=0.708s solve=0.199s  vs_full=-0.38%
  [3e] Subgraph / bl-union k=200 …
2026-07-01 18:24:01.057 | INFO     | pycaalp.time_balancing.model:run_mip:430 - Running MIP solver ...
      obj=0.843 (vs_full=+0.00%)  alpha=1092.5s  build=1.753s solve=0.492s  vs_full=+0.00%
  [3f] Subgraph / diverse  k=200 …
2026-07-01 18:24:01.549 | INFO     | pycaalp.time_balancing.model:run_mip:430 - Running MIP solver ...
      obj=0.843 (vs_full=+0.00%)  alpha=1092.5s  build=0.152s solve=5.471s  vs_full=+0.00%

k = 500
  Subgraph edges — edge_w: 108 (9.8%)  bal_w: 170 (15.4%)  combined: 274 (24.8%)  blended: 158 (14.3%)  blended_union: 278 (25.2%)  diverse: 1047 (94.8%)
  [3a] Subgraph / edge_w   k=500 …
2026-07-01 18:24:15.720 | INFO     | pycaalp.time_balancing.model:run_mip:430 - Running MIP solver ...
      obj=0.843 (vs_full=-0.00%)  alpha=1092.5s  build=1.149s solve=0.185s  vs_full=+0.00%
  [3b] Subgraph / bal_w    k=500 …
2026-07-01 18:24:15.905 | INFO     | pycaalp.time_balancing.model:run_mip:430 - Running MIP solver ...
      obj=0.859 (vs_full=+1.79%)  alpha=1088.3s  build=0.765s solve=0.350s  vs_full=-0.38%
  [3c] Subgraph / combined k=500 …
2026-07-01 18:24:16.255 | INFO     | pycaalp.time_balancing.model:run_mip:430 - Running MIP solver ...
      obj=0.843 (vs_full=+0.00%)  alpha=1092.5s  build=1.861s solve=0.451s  vs_full=+0.00%
  [3d] Subgraph / blended  k=500 …
2026-07-01 18:24:16.706 | INFO     | pycaalp.time_balancing.model:run_mip:430 - Running MIP solver ...
      obj=0.844 (vs_full=+0.01%)  alpha=1088.3s  build=1.411s solve=0.193s  vs_full=-0.38%
  [3e] Subgraph / bl-union k=500 …
2026-07-01 18:24:16.900 | INFO     | pycaalp.time_balancing.model:run_mip:430 - Running MIP solver ...
      obj=0.843 (vs_full=-0.00%)  alpha=1092.5s  build=3.201s solve=0.529s  vs_full=+0.00%
  [3f] Subgraph / diverse  k=500 …
2026-07-01 18:24:17.429 | INFO     | pycaalp.time_balancing.model:run_mip:430 - Running MIP solver ...
      obj=0.843 (vs_full=+0.00%)  alpha=1092.5s  build=0.311s solve=6.674s  vs_full=+0.00%

k = 1000
  Subgraph edges — edge_w: 142 (12.9%)  bal_w: 223 (20.2%)  combined: 359 (32.5%)  blended: 184 (16.7%)  blended_union: 305 (27.6%)  diverse: 1101 (99.6%)
  [3a] Subgraph / edge_w   k=1000 …
2026-07-01 18:24:39.987 | INFO     | pycaalp.time_balancing.model:run_mip:430 - Running MIP solver ...
      obj=0.843 (vs_full=-0.00%)  alpha=1092.5s  build=2.013s solve=0.197s  vs_full=+0.00%
  [3b] Subgraph / bal_w    k=1000 …
2026-07-01 18:24:40.184 | INFO     | pycaalp.time_balancing.model:run_mip:430 - Running MIP solver ...
      obj=0.859 (vs_full=+1.79%)  alpha=1088.3s  build=1.400s solve=0.477s  vs_full=-0.38%
  [3c] Subgraph / combined k=1000 …
2026-07-01 18:24:40.662 | INFO     | pycaalp.time_balancing.model:run_mip:430 - Running MIP solver ...
      obj=0.843 (vs_full=+0.00%)  alpha=1092.5s  build=3.348s solve=0.636s  vs_full=+0.00%
  [3d] Subgraph / blended  k=1000 …
2026-07-01 18:24:41.297 | INFO     | pycaalp.time_balancing.model:run_mip:430 - Running MIP solver ...
      obj=0.844 (vs_full=+0.01%)  alpha=1088.3s  build=2.546s solve=0.254s  vs_full=-0.38%
  [3e] Subgraph / bl-union k=1000 …
2026-07-01 18:24:41.552 | INFO     | pycaalp.time_balancing.model:run_mip:430 - Running MIP solver ...
      obj=0.843 (vs_full=+0.00%)  alpha=1092.5s  build=5.991s solve=0.605s  vs_full=+0.00%
  [3f] Subgraph / diverse  k=1000 …
2026-07-01 18:24:42.157 | INFO     | pycaalp.time_balancing.model:run_mip:430 - Running MIP solver ...
      obj=0.843 (vs_full=+0.00%)  alpha=1092.5s  build=0.587s solve=6.910s  vs_full=+0.00%

k = 2000
  Subgraph edges — edge_w: 185 (16.7%)  bal_w: 291 (26.3%)  combined: 464 (42.0%)  blended: 186 (16.8%)  blended_union: 356 (32.2%)  diverse: 1105 (100.0%)
  [3a] Subgraph / edge_w   k=2000 …
2026-07-01 18:25:26.535 | INFO     | pycaalp.time_balancing.model:run_mip:430 - Running MIP solver ...
      obj=0.843 (vs_full=-0.00%)  alpha=1092.5s  build=4.543s solve=0.401s  vs_full=+0.00%
  [3b] Subgraph / bal_w    k=2000 …
2026-07-01 18:25:26.936 | INFO     | pycaalp.time_balancing.model:run_mip:430 - Running MIP solver ...
      obj=0.859 (vs_full=+1.79%)  alpha=1088.3s  build=3.520s solve=0.855s  vs_full=-0.38%
  [3c] Subgraph / combined k=2000 …
2026-07-01 18:25:27.792 | INFO     | pycaalp.time_balancing.model:run_mip:430 - Running MIP solver ...
      obj=0.843 (vs_full=+0.00%)  alpha=1092.5s  build=8.082s solve=1.129s  vs_full=+0.00%
  [3d] Subgraph / blended  k=2000 …
2026-07-01 18:25:28.921 | INFO     | pycaalp.time_balancing.model:run_mip:430 - Running MIP solver ...
      obj=0.844 (vs_full=+0.01%)  alpha=1088.3s  build=6.094s solve=0.244s  vs_full=-0.38%
  [3e] Subgraph / bl-union k=2000 …
2026-07-01 18:25:29.165 | INFO     | pycaalp.time_balancing.model:run_mip:430 - Running MIP solver ...
      obj=0.843 (vs_full=+0.00%)  alpha=1092.5s  build=13.996s solve=0.894s  vs_full=+0.00%
  [3f] Subgraph / diverse  k=2000 …
2026-07-01 18:25:30.059 | INFO     | pycaalp.time_balancing.model:run_mip:430 - Running MIP solver ...
      obj=0.843 (vs_full=+0.00%)  alpha=1092.5s  build=1.233s solve=5.171s  vs_full=+0.00%

k = 5000
  Subgraph edges — edge_w: 232 (21.0%)  bal_w: 382 (34.6%)  combined: 593 (53.7%)  blended: 200 (18.1%)  blended_union: 482 (43.6%)  diverse: 1105 (100.0%)
  [3a] Subgraph / edge_w   k=5000 …
2026-07-01 18:28:00.541 | INFO     | pycaalp.time_balancing.model:run_mip:430 - Running MIP solver ...
      obj=0.843 (vs_full=+0.00%)  alpha=1092.5s  build=17.882s solve=0.391s  vs_full=+0.00%
  [3b] Subgraph / bal_w    k=5000 …
2026-07-01 18:28:00.933 | INFO     | pycaalp.time_balancing.model:run_mip:430 - Running MIP solver ...
      obj=0.859 (vs_full=+1.79%)  alpha=1088.3s  build=13.912s solve=1.527s  vs_full=-0.38%
  [3c] Subgraph / combined k=5000 …
2026-07-01 18:28:02.459 | INFO     | pycaalp.time_balancing.model:run_mip:430 - Running MIP solver ...
      obj=0.843 (vs_full=-0.00%)  alpha=1092.5s  build=31.906s solve=1.583s  vs_full=+0.00%
  [3d] Subgraph / blended  k=5000 …
2026-07-01 18:28:04.042 | INFO     | pycaalp.time_balancing.model:run_mip:430 - Running MIP solver ...
      obj=0.844 (vs_full=+0.01%)  alpha=1088.3s  build=23.522s solve=0.315s  vs_full=-0.38%
  [3e] Subgraph / bl-union k=5000 …
2026-07-01 18:28:04.356 | INFO     | pycaalp.time_balancing.model:run_mip:430 - Running MIP solver ...
      obj=0.843 (vs_full=+0.00%)  alpha=1092.5s  build=55.333s solve=1.285s  vs_full=+0.00%
  [3f] Subgraph / diverse  k=5000 …
2026-07-01 18:28:05.641 | INFO     | pycaalp.time_balancing.model:run_mip:430 - Running MIP solver ...
      obj=0.843 (vs_full=+0.00%)  alpha=1092.5s  build=2.756s solve=4.338s  vs_full=+0.00%

Results saved to experiments/strategy_comparison/assembly_1_np_2/strategy_comparison_lambda_0.95.csv
Plot with:  python -m experiments.strategy_comparison.plot_k_sensitivity

============================================================================================================================
SUMMARY — assembly_1  P=2  λ=0.95
============================================================================================================================
Strategy       Weight                      k   Build    Solve    Total  Spdup       Obj   ObjvsF     Alpha    AlvsF   Edges  %Grph
----------------------------------------------------------------------------------------------------------------------------
full_mip       —                               0.000   10.367   10.367   1.0x     0.843    +0.00   1092.52    +0.00    1105  100.0
subgraph_mip   edge_weight                 1   0.001    0.009    0.011 964.0x     0.850    +0.81   1102.04    +0.87      13    1.2
subgraph_mip   time_balanced_weight        1   0.001    0.010    0.010 993.1x     0.910    +7.87   1160.13    +6.19      13    1.2
subgraph_mip   combined                    1   0.001    0.022    0.023 449.4x     0.850    +0.81   1102.04    +0.87      26    2.4
subgraph_mip   blended                     1   0.001    0.015    0.016 655.0x     0.844    +0.01   1088.33    -0.38      13    1.2
subgraph_mip   blended_union               1   0.011    0.056    0.066 156.8x     0.843    +0.00   1092.52    +0.00      31    2.8
subgraph_mip   diverse                     1   0.005    0.011    0.016 665.5x     0.844    +0.01   1088.33    -0.38      13    1.2
subgraph_mip   edge_weight                 2   0.006    0.049    0.056 186.4x     0.850    +0.81   1102.04    +0.87      15    1.4
subgraph_mip   time_balanced_weight        2   0.003    0.017    0.020 525.9x     0.862    +2.21   1088.33    -0.38      20    1.8
subgraph_mip   combined                    2   0.013    0.199    0.212  48.8x     0.850    +0.81   1102.04    +0.87      35    3.2
subgraph_mip   blended                     2   0.005    0.015    0.019 533.3x     0.844    +0.01   1088.33    -0.38      15    1.4
subgraph_mip   blended_union               2   0.024    0.049    0.073 142.9x     0.843    +0.00   1092.52    +0.00      36    3.3
subgraph_mip   diverse                     2   0.005    0.016    0.021 494.6x     0.844    +0.01   1088.33    -0.38      26    2.4
subgraph_mip   edge_weight                 5   0.018    0.054    0.073 142.8x     0.850    +0.81   1102.04    +0.87      21    1.9
subgraph_mip   time_balanced_weight        5   0.015    0.177    0.191  54.2x     0.862    +2.21   1088.33    -0.38      29    2.6
subgraph_mip   combined                    5   0.026    0.104    0.130  79.6x     0.850    +0.81   1102.04    +0.87      50    4.5
subgraph_mip   blended                     5   0.024    0.029    0.054 193.7x     0.844    +0.01   1088.33    -0.38      20    1.8
subgraph_mip   blended_union               5   0.080    0.104    0.185  56.1x     0.843    -0.00   1092.52    +0.00      49    4.4
subgraph_mip   diverse                     5   0.018    0.092    0.109  94.8x     0.844    +0.01   1088.33    -0.38      65    5.9
subgraph_mip   edge_weight                10   0.028    0.047    0.076 137.2x     0.850    +0.81   1102.04    +0.87      24    2.2
subgraph_mip   time_balanced_weight       10   0.022    0.175    0.197  52.5x     0.862    +2.19   1088.33    -0.38      39    3.5
subgraph_mip   combined                   10   0.071    0.096    0.167  62.0x     0.850    +0.81   1102.04    +0.87      63    5.7
subgraph_mip   blended                    10   0.036    0.034    0.071 146.7x     0.844    +0.01   1088.33    -0.38      25    2.3
subgraph_mip   blended_union              10   0.105    0.112    0.218  47.6x     0.843    +0.00   1092.52    +0.00      64    5.8
subgraph_mip   diverse                    10   0.012    0.410    0.422  24.6x     0.844    +0.01   1088.33    -0.38     126   11.4
subgraph_mip   edge_weight                20   0.082    0.043    0.125  82.9x     0.849    +0.65   1100.04    +0.69      35    3.2
subgraph_mip   time_balanced_weight       20   0.051    0.101    0.152  68.1x     0.862    +2.18   1088.33    -0.38      49    4.4
subgraph_mip   combined                   20   0.147    0.332    0.479  21.6x     0.849    +0.65   1100.04    +0.69      84    7.6
subgraph_mip   blended                    20   0.079    0.031    0.109  94.7x     0.844    +0.01   1088.33    -0.38      28    2.5
subgraph_mip   blended_union              20   0.209    0.225    0.434  23.9x     0.843    -0.00   1092.52    +0.00      87    7.9
subgraph_mip   diverse                    20   0.013    0.549    0.562  18.4x     0.843    +0.00   1092.52    +0.00     239   21.6
subgraph_mip   edge_weight                50   0.193    0.358    0.551  18.8x     0.843    +0.00   1092.52    +0.00      54    4.9
subgraph_mip   time_balanced_weight       50   0.109    0.184    0.293  35.4x     0.859    +1.83   1088.33    -0.38      74    6.7
subgraph_mip   combined                   50   0.277    0.477    0.753  13.8x     0.843    +0.00   1092.52    +0.00     127   11.5
subgraph_mip   blended                    50   0.218    0.143    0.362  28.6x     0.844    +0.01   1088.33    -0.38      52    4.7
subgraph_mip   blended_union              50   0.516    0.256    0.772  13.4x     0.843    +0.00   1092.52    +0.00     117   10.6
subgraph_mip   diverse                    50   0.035    1.511    1.545   6.7x     0.843    +0.00   1092.52    +0.00     508   46.0
subgraph_mip   edge_weight               100   0.375    0.129    0.505  20.6x     0.843    +0.00   1092.52    +0.00      78    7.1
subgraph_mip   time_balanced_weight      100   0.222    0.166    0.389  26.7x     0.859    +1.83   1088.33    -0.38      85    7.7
subgraph_mip   combined                  100   0.549    0.261    0.810  12.8x     0.843    +0.00   1092.52    +0.00     162   14.7
subgraph_mip   blended                   100   0.396    0.276    0.672  15.4x     0.844    +0.01   1088.33    -0.38      72    6.5
subgraph_mip   blended_union             100   0.896    0.317    1.213   8.6x     0.843    +0.00   1092.52    +0.00     167   15.1
subgraph_mip   diverse                   100   0.056    8.107    8.163   1.3x     0.843    -0.00   1092.52    +0.00     738   66.8
subgraph_mip   edge_weight               200   0.627    0.175    0.802  12.9x     0.843    +0.00   1092.52    +0.00      95    8.6
subgraph_mip   time_balanced_weight      200   0.420    0.379    0.799  13.0x     0.859    +1.83   1088.33    -0.38     118   10.7
subgraph_mip   combined                  200   1.021    0.539    1.560   6.7x     0.843    +0.00   1092.52    +0.00     211   19.1
subgraph_mip   blended                   200   0.708    0.199    0.908  11.4x     0.844    +0.01   1088.33    -0.38      85    7.7
subgraph_mip   blended_union             200   1.753    0.492    2.245   4.6x     0.843    +0.00   1092.52    +0.00     212   19.2
subgraph_mip   diverse                   200   0.152    5.471    5.623   1.8x     0.843    +0.00   1092.52    +0.00     905   81.9
subgraph_mip   edge_weight               500   1.149    0.185    1.334   7.8x     0.843    -0.00   1092.52    +0.00     108    9.8
subgraph_mip   time_balanced_weight      500   0.765    0.350    1.116   9.3x     0.859    +1.79   1088.33    -0.38     170   15.4
subgraph_mip   combined                  500   1.861    0.451    2.312   4.5x     0.843    +0.00   1092.52    +0.00     274   24.8
subgraph_mip   blended                   500   1.411    0.193    1.605   6.5x     0.844    +0.01   1088.33    -0.38     158   14.3
subgraph_mip   blended_union             500   3.201    0.529    3.731   2.8x     0.843    -0.00   1092.52    +0.00     278   25.2
subgraph_mip   diverse                   500   0.311    6.674    6.984   1.5x     0.843    +0.00   1092.52    +0.00    1047   94.8
subgraph_mip   edge_weight              1000   2.013    0.197    2.210   4.7x     0.843    -0.00   1092.52    +0.00     142   12.8
subgraph_mip   time_balanced_weight     1000   1.400    0.477    1.877   5.5x     0.859    +1.79   1088.33    -0.38     223   20.2
subgraph_mip   combined                 1000   3.348    0.636    3.984   2.6x     0.843    +0.00   1092.52    +0.00     359   32.5
subgraph_mip   blended                  1000   2.546    0.254    2.800   3.7x     0.844    +0.01   1088.33    -0.38     184   16.6
subgraph_mip   blended_union            1000   5.991    0.605    6.596   1.6x     0.843    +0.00   1092.52    +0.00     305   27.6
subgraph_mip   diverse                  1000   0.587    6.910    7.497   1.4x     0.843    +0.00   1092.52    +0.00    1101   99.6
subgraph_mip   edge_weight              2000   4.543    0.401    4.944   2.1x     0.843    -0.00   1092.52    +0.00     185   16.7
subgraph_mip   time_balanced_weight     2000   3.520    0.855    4.376   2.4x     0.859    +1.79   1088.33    -0.38     291   26.3
subgraph_mip   combined                 2000   8.082    1.129    9.211   1.1x     0.843    +0.00   1092.52    +0.00     464   42.0
subgraph_mip   blended                  2000   6.094    0.244    6.338   1.6x     0.844    +0.01   1088.33    -0.38     186   16.8
subgraph_mip   blended_union            2000  13.996    0.894   14.890   0.7x     0.843    +0.00   1092.52    +0.00     356   32.2
subgraph_mip   diverse                  2000   1.233    5.171    6.404   1.6x     0.843    +0.00   1092.52    +0.00    1105  100.0
subgraph_mip   edge_weight              5000  17.882    0.391   18.273   0.6x     0.843    +0.00   1092.52    +0.00     232   21.0
subgraph_mip   time_balanced_weight     5000  13.912    1.527   15.439   0.7x     0.859    +1.79   1088.33    -0.38     382   34.6
subgraph_mip   combined                 5000  31.906    1.583   33.488   0.3x     0.843    -0.00   1092.52    +0.00     593   53.7
subgraph_mip   blended                  5000  23.522    0.315   23.836   0.4x     0.844    +0.01   1088.33    -0.38     200   18.1
subgraph_mip   blended_union            5000  55.333    1.285   56.618   0.2x     0.843    +0.00   1092.52    +0.00     482   43.6
subgraph_mip   diverse                  5000   2.756    4.338    7.095   1.5x     0.843    +0.00   1092.52    +0.00    1105  100.0
============================================================================================================================

----------------- λ = 1.0 -----------------
========================================================================
Strategy Comparison Experiment — assembly_1  P=2  λ=1.0
========================================================================

Building assembly digraph …
2026-07-01 18:23:32.072 | INFO     | pycaalp.gapp.assembly_digraph:compute_assembly_digraph_complete:395 - Computing assembly digraph...
  343 nodes, 1105 edges  (0.4s)

[1] Full MIP  P=2  λ=1.0
2026-07-01 18:23:32.437 | INFO     | pycaalp.time_balancing.model:run_mip:430 - Running MIP solver ...
presolving:
(round 1, fast)       28 del vars, 40 del conss, 0 add conss, 0 chg bounds, 0 chg sides, 0 chg coeffs, 0 upgd conss, 0 impls, 43 clqs, 0 implints
(round 2, exhaustive) 28 del vars, 40 del conss, 0 add conss, 1 chg bounds, 0 chg sides, 0 chg coeffs, 2253 upgd conss, 0 impls, 43 clqs, 0 implints
   (0.3s) probing: 1000/1129 (88.6%) - 0 fixings, 0 aggregations, 119627 implications, 0 bound changes
   (0.3s) probing: 1001/1129 (88.7%) - 0 fixings, 0 aggregations, 119803 implications, 0 bound changes
   (0.3s) probing aborted: 1000/1000 successive useless probings
   (0.3s) symmetry computation started: requiring (bin +, int +, cont +), (fixed: bin -, int -, cont -)
   (0.3s) no symmetry present (symcode time: 0.00)
presolving (3 rounds: 3 fast, 2 medium, 2 exhaustive):
 28 deleted vars, 40 deleted constraints, 0 added constraints, 1 tightened bounds, 0 added holes, 0 changed sides, 0 changed coefficients
 0 implications, 8934 cliques, 0 implied integral variables (0 bin, 0 int, 0 cont)
presolved problem has 1130 variables (1129 bin, 0 int, 1 cont) and 2565 constraints
     43 constraints of type <setppc>
    312 constraints of type <linear>
   2210 constraints of type <logicor>
Presolving Time: 0.26

 time | node  | left  |LP iter|LP it/n|mem/heur|mdpt |vars |cons |rows |cuts |sepa|confs|strbr|  dualbound   | primalbound  |  gap   | compl. 
p 0.3s|     1 |     0 |     0 |     - |  clique|   0 |1130 |2565 |2565 |   0 |  0 |   0 |   0 | 0.000000e+00 | 1.665855e+00 |    Inf | unknown
p 0.3s|     1 |     0 |     4 |     - | vbounds|   0 |1130 |2580 |2565 |   0 |  0 |  15 |   0 | 0.000000e+00 | 1.582440e+00 |    Inf | unknown
  0.3s|     1 |     0 |   172 |     - |    21M |   0 |1130 |2592 |2565 |   0 |  0 |  27 |   0 | 8.329273e-01 | 1.582440e+00 |  89.99%| unknown
  0.3s|     1 |     0 |   172 |     - |    21M |   0 |1130 |2592 |2565 |   0 |  0 |  27 |   0 | 8.329273e-01 | 1.582440e+00 |  89.99%| unknown
  0.5s|     1 |     0 |   190 |     - |    22M |   0 |1130 |2592 |2567 |   2 |  1 |  27 |   0 | 8.329273e-01 | 1.582440e+00 |  89.99%| unknown
  0.6s|     1 |     0 |   247 |     - |    23M |   0 |1130 |2593 |2570 |   5 |  2 |  28 |   0 | 8.329273e-01 | 1.582440e+00 |  89.99%| unknown
  0.7s|     1 |     0 |   274 |     - |    25M |   0 |1130 |2593 |2574 |   9 |  3 |  28 |   0 | 8.329273e-01 | 1.582440e+00 |  89.99%| unknown
  1.0s|     1 |     0 |   301 |     - |    30M |   0 |1130 |2593 |2576 |  11 |  4 |  28 |   0 | 8.329273e-01 | 1.582440e+00 |  89.99%| unknown
  1.2s|     1 |     0 |   382 |     - |    33M |   0 |1130 |2593 |2578 |  13 |  5 |  28 |   0 | 8.329273e-01 | 1.582440e+00 |  89.99%| unknown
  1.5s|     1 |     0 |   569 |     - |    38M |   0 |1130 |2594 |2581 |  16 |  6 |  29 |   0 | 8.329273e-01 | 1.582440e+00 |  89.99%| unknown
  1.9s|     1 |     0 |   596 |     - |    44M |   0 |1130 |2601 |2585 |  20 |  7 |  36 |   0 | 8.329273e-01 | 1.582440e+00 |  89.99%| unknown
  2.3s|     1 |     0 |   642 |     - |    53M |   0 |1130 |2601 |2587 |  22 |  8 |  36 |   0 | 8.329273e-01 | 1.582440e+00 |  89.99%| unknown
  2.7s|     1 |     0 |   670 |     - |    59M |   0 |1130 |2601 |2591 |  26 |  9 |  36 |   0 | 8.329273e-01 | 1.582440e+00 |  89.99%| unknown
  3.0s|     1 |     0 |   765 |     - |    66M |   0 |1130 |2602 |2595 |  30 | 10 |  37 |   0 | 8.329273e-01 | 1.582440e+00 |  89.99%| unknown
  3.0s|     1 |     0 |   816 |     - |    66M |   0 |1130 |2603 |2597 |  32 | 11 |  38 |   0 | 8.329273e-01 | 1.582440e+00 |  89.99%| unknown
 time | node  | left  |LP iter|LP it/n|mem/heur|mdpt |vars |cons |rows |cuts |sepa|confs|strbr|  dualbound   | primalbound  |  gap   | compl. 
o 3.3s|     1 |     0 |  4098 |     - |feaspump|   0 |1130 |2610 |2597 |  32 | 11 |  45 |   0 | 8.329273e-01 | 1.464888e+00 |  75.87%| unknown
d 3.3s|     1 |     0 |  4525 |     - |conflict|   0 |1130 |2643 |2597 |   0 | 11 |  78 |   0 | 8.329273e-01 | 1.331826e+00 |  59.90%| unknown
L 3.4s|     1 |     0 |  4529 |     - |    rens|   0 |1130 |2643 |2597 |  32 | 11 |  78 |   0 | 8.329273e-01 | 1.120433e+00 |  34.52%| unknown
  3.4s|     1 |     0 |  4529 |     - |    67M |   0 |1130 |2643 |2597 |  32 | 11 |  78 |   0 | 8.329273e-01 | 1.120433e+00 |  34.52%| unknown
  3.4s|     1 |     0 |  4682 |     - |    67M |   0 |1130 |2643 |2599 |  34 | 12 |  78 |   0 | 8.329273e-01 | 1.120433e+00 |  34.52%| unknown
  3.9s|     1 |     2 |  4695 |     - |    67M |   0 |1130 |2643 |2599 |  34 | 13 |  78 |  19 | 8.329273e-01 | 1.120433e+00 |  34.52%| unknown
r 4.1s|    37 |    10 |  5924 | 140.4 |shifting|  10 |1130 |2767 |2567 |  34 |  0 | 209 |  98 | 8.329273e-01 | 1.114702e+00 |  33.83%|   5.80%
r 4.2s|    55 |    16 |  6479 | 103.9 |shifting|  13 |1130 |2824 |2567 |  41 |  0 | 271 | 134 | 8.329273e-01 | 1.053748e+00 |  26.51%|  11.50%
d 4.5s|    62 |    16 |  7018 | 100.8 |pscostdi|  13 |1130 |2833 |2567 |   0 |  1 | 295 | 144 | 8.329273e-01 | 9.255366e-01 |  11.12%|  24.44%
r 4.8s|    82 |    19 |  9579 | 107.5 |shifting|  13 |1130 |2860 |2570 |  50 |  1 | 329 | 144 | 8.329273e-01 | 8.618250e-01 |   3.47%|  32.04%
  5.0s|   100 |    20 |  9948 |  91.7 |    76M |  13 |1130 |2872 |   0 |  86 |  0 | 345 | 144 | 8.329273e-01 | 8.618250e-01 |   3.47%|  34.53%
r 5.1s|   110 |    20 | 10403 |  87.4 |shifting|  13 |1130 |2871 |2567 |  96 |  0 | 349 | 144 | 8.329273e-01 | 8.511665e-01 |   2.19%|  34.71%
  5.6s|   200 |    18 | 11661 |  54.2 |    78M |  13 |1130 |2925 |   0 | 142 |  0 | 433 | 153 | 8.329273e-01 | 8.511665e-01 |   2.19%|  50.02%
* 5.7s|   220 |    17 | 11880 |  50.3 |    LP  |  13 |1130 |2954 |2567 | 150 |  1 | 466 | 153 | 8.329273e-01 | 8.494519e-01 |   1.98%|  50.67%
r 6.2s|   292 |    13 | 13445 |  43.2 |shifting|  13 |1130 |2959 |2581 | 185 |  5 | 524 | 203 | 8.329273e-01 | 8.405775e-01 |   0.92%|  62.98%
 time | node  | left  |LP iter|LP it/n|mem/heur|mdpt |vars |cons |rows |cuts |sepa|confs|strbr|  dualbound   | primalbound  |  gap   | compl. 
r 6.3s|   292 |    13 | 13461 |  43.3 |shifting|  13 |1130 |2959 |2581 | 185 |  7 | 524 | 212 | 8.329273e-01 | 8.405775e-01 |   0.92%|  62.98%
  6.5s|   300 |    14 | 14200 |  44.6 |    83M |  13 |1130 |2955 |   0 | 191 |  0 | 530 | 217 | 8.329273e-01 | 8.405775e-01 |   0.92%|  64.41%
  7.3s|   400 |    18 | 16221 |  38.5 |    95M |  13 |1130 |2976 |2569 | 257 |  2 | 611 | 227 | 8.329273e-01 | 8.405775e-01 |   0.92%|  76.20%
  8.3s|   500 |    10 | 17455 |  33.2 |   101M |  13 |1130 |3013 |2567 | 334 |  1 | 678 | 264 | 8.329273e-01 | 8.405775e-01 |   0.92%|  79.50%
  9.0s|   600 |    12 | 19399 |  30.9 |   103M |  15 |1130 |3068 |   0 | 409 |  0 | 781 | 264 | 8.329273e-01 | 8.405775e-01 |   0.92%|  84.87%
 10.3s|   700 |     6 | 21313 |  29.2 |   105M |  15 |1130 |3112 |2567 | 621 |  1 | 863 | 272 | 8.329273e-01 | 8.405775e-01 |   0.92%|  90.68%

SCIP Status        : problem is solved [optimal solution found]
Solving Time (sec) : 11.42
Solving Nodes      : 782
Primal Bound       : +8.40577525069575e-01 (14 solutions)
Dual Bound         : +8.40577525069575e-01
Gap                : 0.00 %
objective value:                    0.840577525069575
x_('12_1', '13_1')                                  1 	(obj:0)
x_('11_6', '12_1')                                  1 	(obj:0)
x_('10_6', '11_6')                                  1 	(obj:0)
x_('9_12', '10_6')                                  1 	(obj:0)
x_('8_21', '9_12')                                  1 	(obj:0)
x_('7_13', '8_21')                                  1 	(obj:0)
x_('6_10', '7_13')                                  1 	(obj:0)
x_('5_5', '6_10')                                   1 	(obj:0)
x_('4_3', '5_5')                                    1 	(obj:0)
x_('3_3', '4_3')                                    1 	(obj:0)
x_('2_4', '3_3')                                    1 	(obj:0)
x_('1_4', '2_4')                                    1 	(obj:0)
x_('0_1', '1_4')                                    1 	(obj:0)
y_0_0                                               1 	(obj:0)
y_1_0                                               1 	(obj:0)
y_2_0                                               1 	(obj:0)
y_3_0                                               1 	(obj:0)
y_4_0                                               1 	(obj:0)
y_5_0                                               1 	(obj:0)
y_6_1                                               1 	(obj:0)
y_7_1                                               1 	(obj:0)
y_8_1                                               1 	(obj:0)
y_9_1                                               1 	(obj:0)
y_10_1                                              1 	(obj:0)
y_11_1                                              1 	(obj:0)
y_12_1                                              1 	(obj:0)
z_('3268741', '3425762')_1                          1 	(obj:0)
z_('3268741', '1966592X')_1                         1 	(obj:0)
z_('1966592X', '3452192')_1                         1 	(obj:0)
z_('3452192', '1353870')_1                          1 	(obj:0)
z_('3452192', '3520162')_0                          1 	(obj:0)
z_('3520162', '3307092')_1                          1 	(obj:0)
z_('3520162', '3524054')_0                          1 	(obj:0)
z_('3268740', '3524054')_1                          1 	(obj:0)
z_('3524054', '3179975')_0                          1 	(obj:0)
z_('3179975', '3422998')_0                          1 	(obj:0)
z_('3422998', '2495223X')_0                         1 	(obj:0)
z_('3422998', '1353870_01')_0                       1 	(obj:0)
z_('2495223X', '2245784X')_1                        1 	(obj:0)
alpha                                6.55620481927711 	(obj:0.128210992218858)
  obj=0.841  alpha=1088.3s  time=11.52s

k = 1
  Subgraph edges — edge_w: 13 (1.2%)  bal_w: 13 (1.2%)  combined: 26 (2.4%)  blended: 13 (1.2%)  blended_union: 31 (2.8%)  diverse: 13 (1.2%)
  [3a] Subgraph / edge_w   k=1 …
2026-07-01 18:23:43.973 | INFO     | pycaalp.time_balancing.model:run_mip:430 - Running MIP solver ...
      obj=0.851 (vs_full=+1.26%)  alpha=1102.0s  build=0.001s solve=0.009s  vs_full=+1.26%
  [3b] Subgraph / bal_w    k=1 …
2026-07-01 18:23:43.982 | INFO     | pycaalp.time_balancing.model:run_mip:430 - Running MIP solver ...
      obj=0.896 (vs_full=+6.60%)  alpha=1160.1s  build=0.001s solve=0.014s  vs_full=+6.60%
  [3c] Subgraph / combined k=1 …
2026-07-01 18:23:43.995 | INFO     | pycaalp.time_balancing.model:run_mip:430 - Running MIP solver ...
      obj=0.851 (vs_full=+1.26%)  alpha=1102.0s  build=0.002s solve=0.048s  vs_full=+1.26%
  [3d] Subgraph / blended  k=1 …
2026-07-01 18:23:44.044 | INFO     | pycaalp.time_balancing.model:run_mip:430 - Running MIP solver ...
      obj=0.841 (vs_full=+0.00%)  alpha=1088.3s  build=0.001s solve=0.008s  vs_full=+0.00%
  [3e] Subgraph / bl-union k=1 …
2026-07-01 18:23:44.052 | INFO     | pycaalp.time_balancing.model:run_mip:430 - Running MIP solver ...
      obj=0.841 (vs_full=+0.00%)  alpha=1088.3s  build=0.011s solve=0.059s  vs_full=+0.00%
  [3f] Subgraph / diverse  k=1 …
2026-07-01 18:23:44.112 | INFO     | pycaalp.time_balancing.model:run_mip:430 - Running MIP solver ...
      obj=0.841 (vs_full=+0.00%)  alpha=1088.3s  build=0.004s solve=0.007s  vs_full=+0.00%

k = 2
  Subgraph edges — edge_w: 15 (1.4%)  bal_w: 20 (1.8%)  combined: 35 (3.2%)  blended: 15 (1.4%)  blended_union: 36 (3.3%)  diverse: 26 (2.4%)
  [3a] Subgraph / edge_w   k=2 …
2026-07-01 18:23:44.195 | INFO     | pycaalp.time_balancing.model:run_mip:430 - Running MIP solver ...
      obj=0.851 (vs_full=+1.26%)  alpha=1102.0s  build=0.004s solve=0.045s  vs_full=+1.26%
  [3b] Subgraph / bal_w    k=2 …
2026-07-01 18:23:44.240 | INFO     | pycaalp.time_balancing.model:run_mip:430 - Running MIP solver ...
      obj=0.841 (vs_full=+0.00%)  alpha=1088.3s  build=0.006s solve=0.034s  vs_full=+0.00%
  [3c] Subgraph / combined k=2 …
2026-07-01 18:23:44.274 | INFO     | pycaalp.time_balancing.model:run_mip:430 - Running MIP solver ...
      obj=0.841 (vs_full=-0.00%)  alpha=1088.3s  build=0.016s solve=0.077s  vs_full=+0.00%
  [3d] Subgraph / blended  k=2 …
2026-07-01 18:23:44.351 | INFO     | pycaalp.time_balancing.model:run_mip:430 - Running MIP solver ...
      obj=0.841 (vs_full=+0.00%)  alpha=1088.3s  build=0.007s solve=0.014s  vs_full=+0.00%
  [3e] Subgraph / bl-union k=2 …
2026-07-01 18:23:44.365 | INFO     | pycaalp.time_balancing.model:run_mip:430 - Running MIP solver ...
      obj=0.841 (vs_full=+0.00%)  alpha=1088.3s  build=0.035s solve=0.103s  vs_full=+0.00%
  [3f] Subgraph / diverse  k=2 …
2026-07-01 18:23:44.468 | INFO     | pycaalp.time_balancing.model:run_mip:430 - Running MIP solver ...
      obj=0.841 (vs_full=+0.00%)  alpha=1088.3s  build=0.008s solve=0.040s  vs_full=+0.00%

k = 5
  Subgraph edges — edge_w: 21 (1.9%)  bal_w: 29 (2.6%)  combined: 50 (4.5%)  blended: 21 (1.9%)  blended_union: 49 (4.4%)  diverse: 65 (5.9%)
  [3a] Subgraph / edge_w   k=5 …
2026-07-01 18:23:44.637 | INFO     | pycaalp.time_balancing.model:run_mip:430 - Running MIP solver ...
      obj=0.851 (vs_full=+1.26%)  alpha=1102.0s  build=0.013s solve=0.054s  vs_full=+1.26%
  [3b] Subgraph / bal_w    k=5 …
2026-07-01 18:23:44.691 | INFO     | pycaalp.time_balancing.model:run_mip:430 - Running MIP solver ...
      obj=0.841 (vs_full=+0.00%)  alpha=1088.3s  build=0.007s solve=0.130s  vs_full=+0.00%
  [3c] Subgraph / combined k=5 …
2026-07-01 18:23:44.820 | INFO     | pycaalp.time_balancing.model:run_mip:430 - Running MIP solver ...
      obj=0.841 (vs_full=-0.00%)  alpha=1088.3s  build=0.020s solve=0.108s  vs_full=+0.00%
  [3d] Subgraph / blended  k=5 …
2026-07-01 18:23:44.928 | INFO     | pycaalp.time_balancing.model:run_mip:430 - Running MIP solver ...
      obj=0.841 (vs_full=+0.00%)  alpha=1088.3s  build=0.010s solve=0.023s  vs_full=+0.00%
  [3e] Subgraph / bl-union k=5 …
2026-07-01 18:23:44.951 | INFO     | pycaalp.time_balancing.model:run_mip:430 - Running MIP solver ...
      obj=0.841 (vs_full=-0.00%)  alpha=1088.3s  build=0.065s solve=0.095s  vs_full=+0.00%
  [3f] Subgraph / diverse  k=5 …
2026-07-01 18:23:45.046 | INFO     | pycaalp.time_balancing.model:run_mip:430 - Running MIP solver ...
      obj=0.841 (vs_full=+0.00%)  alpha=1088.3s  build=0.014s solve=0.086s  vs_full=+0.00%

k = 10
  Subgraph edges — edge_w: 24 (2.2%)  bal_w: 39 (3.5%)  combined: 63 (5.7%)  blended: 29 (2.6%)  blended_union: 64 (5.8%)  diverse: 126 (11.4%)
  [3a] Subgraph / edge_w   k=10 …
2026-07-01 18:23:45.378 | INFO     | pycaalp.time_balancing.model:run_mip:430 - Running MIP solver ...
      obj=0.851 (vs_full=+1.26%)  alpha=1102.0s  build=0.027s solve=0.042s  vs_full=+1.26%
  [3b] Subgraph / bal_w    k=10 …
2026-07-01 18:23:45.420 | INFO     | pycaalp.time_balancing.model:run_mip:430 - Running MIP solver ...
      obj=0.841 (vs_full=+0.00%)  alpha=1088.3s  build=0.015s solve=0.061s  vs_full=+0.00%
  [3c] Subgraph / combined k=10 …
2026-07-01 18:23:45.481 | INFO     | pycaalp.time_balancing.model:run_mip:430 - Running MIP solver ...
      obj=0.841 (vs_full=+0.00%)  alpha=1088.3s  build=0.046s solve=0.072s  vs_full=+0.00%
  [3d] Subgraph / blended  k=10 …
2026-07-01 18:23:45.553 | INFO     | pycaalp.time_balancing.model:run_mip:430 - Running MIP solver ...
      obj=0.841 (vs_full=-0.00%)  alpha=1088.3s  build=0.031s solve=0.039s  vs_full=+0.00%
  [3e] Subgraph / bl-union k=10 …
2026-07-01 18:23:45.592 | INFO     | pycaalp.time_balancing.model:run_mip:430 - Running MIP solver ...
      obj=0.841 (vs_full=+0.00%)  alpha=1088.3s  build=0.116s solve=0.083s  vs_full=+0.00%
  [3f] Subgraph / diverse  k=10 …
2026-07-01 18:23:45.674 | INFO     | pycaalp.time_balancing.model:run_mip:430 - Running MIP solver ...
      obj=0.841 (vs_full=-0.00%)  alpha=1088.3s  build=0.010s solve=0.153s  vs_full=+0.00%

k = 20
  Subgraph edges — edge_w: 35 (3.2%)  bal_w: 49 (4.4%)  combined: 84 (7.6%)  blended: 35 (3.2%)  blended_union: 87 (7.9%)  diverse: 239 (21.6%)
  [3a] Subgraph / edge_w   k=20 …
2026-07-01 18:23:46.216 | INFO     | pycaalp.time_balancing.model:run_mip:430 - Running MIP solver ...
      obj=0.850 (vs_full=+1.08%)  alpha=1100.0s  build=0.055s solve=0.089s  vs_full=+1.08%
  [3b] Subgraph / bal_w    k=20 …
2026-07-01 18:23:46.305 | INFO     | pycaalp.time_balancing.model:run_mip:430 - Running MIP solver ...
      obj=0.841 (vs_full=-0.00%)  alpha=1088.3s  build=0.031s solve=0.102s  vs_full=+0.00%
  [3c] Subgraph / combined k=20 …
2026-07-01 18:23:46.408 | INFO     | pycaalp.time_balancing.model:run_mip:430 - Running MIP solver ...
      obj=0.841 (vs_full=-0.00%)  alpha=1088.3s  build=0.088s solve=0.193s  vs_full=+0.00%
  [3d] Subgraph / blended  k=20 …
2026-07-01 18:23:46.601 | INFO     | pycaalp.time_balancing.model:run_mip:430 - Running MIP solver ...
      obj=0.841 (vs_full=-0.00%)  alpha=1088.3s  build=0.037s solve=0.085s  vs_full=+0.00%
  [3e] Subgraph / bl-union k=20 …
2026-07-01 18:23:46.687 | INFO     | pycaalp.time_balancing.model:run_mip:430 - Running MIP solver ...
      obj=0.841 (vs_full=+0.00%)  alpha=1088.3s  build=0.164s solve=0.164s  vs_full=+0.00%
  [3f] Subgraph / diverse  k=20 …
2026-07-01 18:23:46.851 | INFO     | pycaalp.time_balancing.model:run_mip:430 - Running MIP solver ...
      obj=0.841 (vs_full=+0.00%)  alpha=1088.3s  build=0.013s solve=0.503s  vs_full=+0.00%

k = 50
  Subgraph edges — edge_w: 54 (4.9%)  bal_w: 74 (6.7%)  combined: 127 (11.5%)  blended: 51 (4.6%)  blended_union: 117 (10.6%)  diverse: 503 (45.5%)
  [3a] Subgraph / edge_w   k=50 …
2026-07-01 18:23:48.671 | INFO     | pycaalp.time_balancing.model:run_mip:430 - Running MIP solver ...
      obj=0.844 (vs_full=+0.38%)  alpha=1092.5s  build=0.200s solve=0.119s  vs_full=+0.38%
  [3b] Subgraph / bal_w    k=50 …
2026-07-01 18:23:48.789 | INFO     | pycaalp.time_balancing.model:run_mip:430 - Running MIP solver ...
      obj=0.841 (vs_full=+0.00%)  alpha=1088.3s  build=0.093s solve=0.162s  vs_full=+0.00%
  [3c] Subgraph / combined k=50 …
2026-07-01 18:23:48.951 | INFO     | pycaalp.time_balancing.model:run_mip:430 - Running MIP solver ...
      obj=0.841 (vs_full=-0.00%)  alpha=1088.3s  build=0.296s solve=0.327s  vs_full=+0.00%
  [3d] Subgraph / blended  k=50 …
2026-07-01 18:23:49.278 | INFO     | pycaalp.time_balancing.model:run_mip:430 - Running MIP solver ...
      obj=0.841 (vs_full=-0.00%)  alpha=1088.3s  build=0.156s solve=0.095s  vs_full=+0.00%
  [3e] Subgraph / bl-union k=50 …
2026-07-01 18:23:49.374 | INFO     | pycaalp.time_balancing.model:run_mip:430 - Running MIP solver ...
      obj=0.841 (vs_full=+0.00%)  alpha=1088.3s  build=0.528s solve=0.307s  vs_full=+0.00%
  [3f] Subgraph / diverse  k=50 …
2026-07-01 18:23:49.681 | INFO     | pycaalp.time_balancing.model:run_mip:430 - Running MIP solver ...
      obj=0.841 (vs_full=+0.00%)  alpha=1088.3s  build=0.044s solve=2.920s  vs_full=+0.00%

k = 100
  Subgraph edges — edge_w: 78 (7.1%)  bal_w: 85 (7.7%)  combined: 162 (14.7%)  blended: 79 (7.1%)  blended_union: 167 (15.1%)  diverse: 742 (67.1%)
  [3a] Subgraph / edge_w   k=100 …
2026-07-01 18:23:55.266 | INFO     | pycaalp.time_balancing.model:run_mip:430 - Running MIP solver ...
      obj=0.844 (vs_full=+0.38%)  alpha=1092.5s  build=0.354s solve=0.135s  vs_full=+0.38%
  [3b] Subgraph / bal_w    k=100 …
2026-07-01 18:23:55.401 | INFO     | pycaalp.time_balancing.model:run_mip:430 - Running MIP solver ...
      obj=0.841 (vs_full=+0.00%)  alpha=1088.3s  build=0.211s solve=0.155s  vs_full=+0.00%
  [3c] Subgraph / combined k=100 …
2026-07-01 18:23:55.556 | INFO     | pycaalp.time_balancing.model:run_mip:430 - Running MIP solver ...
      obj=0.841 (vs_full=+0.00%)  alpha=1088.3s  build=0.589s solve=0.404s  vs_full=+0.00%
  [3d] Subgraph / blended  k=100 …
2026-07-01 18:23:55.960 | INFO     | pycaalp.time_balancing.model:run_mip:430 - Running MIP solver ...
      obj=0.841 (vs_full=-0.00%)  alpha=1088.3s  build=0.312s solve=0.181s  vs_full=+0.00%
  [3e] Subgraph / bl-union k=100 …
2026-07-01 18:23:56.141 | INFO     | pycaalp.time_balancing.model:run_mip:430 - Running MIP solver ...
      obj=0.841 (vs_full=+0.00%)  alpha=1088.3s  build=1.114s solve=0.375s  vs_full=+0.00%
  [3f] Subgraph / diverse  k=100 …
2026-07-01 18:23:56.516 | INFO     | pycaalp.time_balancing.model:run_mip:430 - Running MIP solver ...
      obj=0.841 (vs_full=+0.00%)  alpha=1088.3s  build=0.083s solve=5.173s  vs_full=+0.00%

k = 200
  Subgraph edges — edge_w: 95 (8.6%)  bal_w: 118 (10.7%)  combined: 211 (19.1%)  blended: 95 (8.6%)  blended_union: 212 (19.2%)  diverse: 901 (81.5%)
  [3a] Subgraph / edge_w   k=200 …
2026-07-01 18:24:05.184 | INFO     | pycaalp.time_balancing.model:run_mip:430 - Running MIP solver ...
      obj=0.844 (vs_full=+0.38%)  alpha=1092.5s  build=0.574s solve=0.376s  vs_full=+0.38%
  [3b] Subgraph / bal_w    k=200 …
2026-07-01 18:24:05.560 | INFO     | pycaalp.time_balancing.model:run_mip:430 - Running MIP solver ...
      obj=0.841 (vs_full=-0.00%)  alpha=1088.3s  build=0.253s solve=0.243s  vs_full=+0.00%
  [3c] Subgraph / combined k=200 …
2026-07-01 18:24:05.803 | INFO     | pycaalp.time_balancing.model:run_mip:430 - Running MIP solver ...
      obj=0.841 (vs_full=+0.00%)  alpha=1088.3s  build=0.833s solve=0.367s  vs_full=+0.00%
  [3d] Subgraph / blended  k=200 …
2026-07-01 18:24:06.170 | INFO     | pycaalp.time_balancing.model:run_mip:430 - Running MIP solver ...
      obj=0.841 (vs_full=+0.00%)  alpha=1088.3s  build=0.356s solve=0.159s  vs_full=+0.00%
  [3e] Subgraph / bl-union k=200 …
2026-07-01 18:24:06.330 | INFO     | pycaalp.time_balancing.model:run_mip:430 - Running MIP solver ...
      obj=0.841 (vs_full=+0.00%)  alpha=1088.3s  build=1.362s solve=0.399s  vs_full=+0.00%
  [3f] Subgraph / diverse  k=200 …
2026-07-01 18:24:06.729 | INFO     | pycaalp.time_balancing.model:run_mip:430 - Running MIP solver ...
      obj=0.841 (vs_full=-0.00%)  alpha=1088.3s  build=0.117s solve=9.435s  vs_full=+0.00%

k = 500
  Subgraph edges — edge_w: 108 (9.8%)  bal_w: 170 (15.4%)  combined: 274 (24.8%)  blended: 142 (12.9%)  blended_union: 278 (25.2%)  diverse: 1045 (94.6%)
  [3a] Subgraph / edge_w   k=500 …
2026-07-01 18:24:23.345 | INFO     | pycaalp.time_balancing.model:run_mip:430 - Running MIP solver ...
      obj=0.844 (vs_full=+0.38%)  alpha=1092.5s  build=1.007s solve=0.186s  vs_full=+0.38%
  [3b] Subgraph / bal_w    k=500 …
2026-07-01 18:24:23.532 | INFO     | pycaalp.time_balancing.model:run_mip:430 - Running MIP solver ...
      obj=0.841 (vs_full=+0.00%)  alpha=1088.3s  build=0.662s solve=0.258s  vs_full=+0.00%
  [3c] Subgraph / combined k=500 …
2026-07-01 18:24:23.790 | INFO     | pycaalp.time_balancing.model:run_mip:430 - Running MIP solver ...
      obj=0.841 (vs_full=+0.00%)  alpha=1088.3s  build=1.681s solve=0.487s  vs_full=+0.00%
  [3d] Subgraph / blended  k=500 …
2026-07-01 18:24:24.277 | INFO     | pycaalp.time_balancing.model:run_mip:430 - Running MIP solver ...
      obj=0.841 (vs_full=+0.00%)  alpha=1088.3s  build=0.809s solve=0.200s  vs_full=+0.00%
  [3e] Subgraph / bl-union k=500 …
2026-07-01 18:24:24.477 | INFO     | pycaalp.time_balancing.model:run_mip:430 - Running MIP solver ...
      obj=0.841 (vs_full=+0.00%)  alpha=1088.3s  build=2.753s solve=0.866s  vs_full=+0.00%
  [3f] Subgraph / diverse  k=500 …
2026-07-01 18:24:25.343 | INFO     | pycaalp.time_balancing.model:run_mip:430 - Running MIP solver ...
      obj=0.841 (vs_full=+0.00%)  alpha=1088.3s  build=0.270s solve=10.602s  vs_full=+0.00%

k = 1000
  Subgraph edges — edge_w: 142 (12.9%)  bal_w: 223 (20.2%)  combined: 359 (32.5%)  blended: 151 (13.7%)  blended_union: 305 (27.6%)  diverse: 1101 (99.6%)
  [3a] Subgraph / edge_w   k=1000 …
2026-07-01 18:24:50.996 | INFO     | pycaalp.time_balancing.model:run_mip:430 - Running MIP solver ...
      obj=0.844 (vs_full=+0.38%)  alpha=1092.5s  build=1.913s solve=0.254s  vs_full=+0.38%
  [3b] Subgraph / bal_w    k=1000 …
2026-07-01 18:24:51.250 | INFO     | pycaalp.time_balancing.model:run_mip:430 - Running MIP solver ...
      obj=0.841 (vs_full=+0.00%)  alpha=1088.3s  build=1.550s solve=0.417s  vs_full=+0.00%
  [3c] Subgraph / combined k=1000 …
2026-07-01 18:24:51.667 | INFO     | pycaalp.time_balancing.model:run_mip:430 - Running MIP solver ...
      obj=0.841 (vs_full=+0.00%)  alpha=1088.3s  build=3.492s solve=1.388s  vs_full=+0.00%
  [3d] Subgraph / blended  k=1000 …
2026-07-01 18:24:53.055 | INFO     | pycaalp.time_balancing.model:run_mip:430 - Running MIP solver ...
      obj=0.841 (vs_full=-0.00%)  alpha=1088.3s  build=1.748s solve=0.191s  vs_full=+0.00%
  [3e] Subgraph / bl-union k=1000 …
2026-07-01 18:24:53.246 | INFO     | pycaalp.time_balancing.model:run_mip:430 - Running MIP solver ...
      obj=0.841 (vs_full=+0.00%)  alpha=1088.3s  build=5.798s solve=0.611s  vs_full=+0.00%
  [3f] Subgraph / diverse  k=1000 …
2026-07-01 18:24:53.857 | INFO     | pycaalp.time_balancing.model:run_mip:430 - Running MIP solver ...
      obj=0.841 (vs_full=+0.00%)  alpha=1088.3s  build=0.550s solve=4.694s  vs_full=+0.00%

k = 2000
  Subgraph edges — edge_w: 185 (16.7%)  bal_w: 291 (26.3%)  combined: 464 (42.0%)  blended: 174 (15.7%)  blended_union: 356 (32.2%)  diverse: 1105 (100.0%)
  [3a] Subgraph / edge_w   k=2000 …
2026-07-01 18:25:34.417 | INFO     | pycaalp.time_balancing.model:run_mip:430 - Running MIP solver ...
      obj=0.844 (vs_full=+0.38%)  alpha=1092.5s  build=4.510s solve=0.340s  vs_full=+0.38%
  [3b] Subgraph / bal_w    k=2000 …
2026-07-01 18:25:34.757 | INFO     | pycaalp.time_balancing.model:run_mip:430 - Running MIP solver ...
      obj=0.841 (vs_full=-0.00%)  alpha=1088.3s  build=3.508s solve=1.190s  vs_full=+0.00%
  [3c] Subgraph / combined k=2000 …
2026-07-01 18:25:35.947 | INFO     | pycaalp.time_balancing.model:run_mip:430 - Running MIP solver ...
      obj=0.841 (vs_full=+0.00%)  alpha=1088.3s  build=8.112s solve=1.204s  vs_full=+0.00%
  [3d] Subgraph / blended  k=2000 …
2026-07-01 18:25:37.151 | INFO     | pycaalp.time_balancing.model:run_mip:430 - Running MIP solver ...
      obj=0.841 (vs_full=+0.00%)  alpha=1088.3s  build=4.383s solve=0.316s  vs_full=+0.00%
  [3e] Subgraph / bl-union k=2000 …
2026-07-01 18:25:37.467 | INFO     | pycaalp.time_balancing.model:run_mip:430 - Running MIP solver ...
      obj=0.841 (vs_full=-0.00%)  alpha=1088.3s  build=14.172s solve=0.884s  vs_full=+0.00%
  [3f] Subgraph / diverse  k=2000 …
2026-07-01 18:25:38.350 | INFO     | pycaalp.time_balancing.model:run_mip:430 - Running MIP solver ...
      obj=0.841 (vs_full=+0.00%)  alpha=1088.3s  build=1.180s solve=6.444s  vs_full=+0.00%

k = 5000
  Subgraph edges — edge_w: 232 (21.0%)  bal_w: 382 (34.6%)  combined: 593 (53.7%)  blended: 216 (19.5%)  blended_union: 482 (43.6%)  diverse: 1105 (100.0%)
  [3a] Subgraph / edge_w   k=5000 …
2026-07-01 18:28:03.624 | INFO     | pycaalp.time_balancing.model:run_mip:430 - Running MIP solver ...
      obj=0.844 (vs_full=+0.38%)  alpha=1092.5s  build=17.542s solve=0.293s  vs_full=+0.38%
  [3b] Subgraph / bal_w    k=5000 …
2026-07-01 18:28:03.917 | INFO     | pycaalp.time_balancing.model:run_mip:430 - Running MIP solver ...
      obj=0.841 (vs_full=+0.00%)  alpha=1088.3s  build=13.896s solve=0.707s  vs_full=+0.00%
  [3c] Subgraph / combined k=5000 …
2026-07-01 18:28:04.624 | INFO     | pycaalp.time_balancing.model:run_mip:430 - Running MIP solver ...
      obj=0.841 (vs_full=+0.00%)  alpha=1088.3s  build=32.082s solve=1.245s  vs_full=+0.00%
  [3d] Subgraph / blended  k=5000 …
2026-07-01 18:28:05.870 | INFO     | pycaalp.time_balancing.model:run_mip:430 - Running MIP solver ...
      obj=0.841 (vs_full=+0.00%)  alpha=1088.3s  build=18.127s solve=0.296s  vs_full=+0.00%
  [3e] Subgraph / bl-union k=5000 …
2026-07-01 18:28:06.166 | INFO     | pycaalp.time_balancing.model:run_mip:430 - Running MIP solver ...
      obj=0.841 (vs_full=-0.00%)  alpha=1088.3s  build=54.716s solve=1.397s  vs_full=+0.00%
  [3f] Subgraph / diverse  k=5000 …
2026-07-01 18:28:07.562 | INFO     | pycaalp.time_balancing.model:run_mip:430 - Running MIP solver ...
      obj=0.841 (vs_full=+0.00%)  alpha=1088.3s  build=2.467s solve=5.158s  vs_full=+0.00%

Results saved to experiments/strategy_comparison/assembly_1_np_2/strategy_comparison_lambda_1.0.csv
Plot with:  python -m experiments.strategy_comparison.plot_k_sensitivity

============================================================================================================================
SUMMARY — assembly_1  P=2  λ=1.0
============================================================================================================================
Strategy       Weight                      k   Build    Solve    Total  Spdup       Obj   ObjvsF     Alpha    AlvsF   Edges  %Grph
----------------------------------------------------------------------------------------------------------------------------
full_mip       —                               0.000   11.516   11.516   1.0x     0.841    +0.00   1088.33    +0.00    1105  100.0
subgraph_mip   edge_weight                 1   0.001    0.009    0.010 1172.7x     0.851    +1.26   1102.04    +1.26      13    1.2
subgraph_mip   time_balanced_weight        1   0.001    0.014    0.015 783.1x     0.896    +6.60   1160.13    +6.60      13    1.2
subgraph_mip   combined                    1   0.002    0.048    0.050 230.6x     0.851    +1.26   1102.04    +1.26      26    2.4
subgraph_mip   blended                     1   0.001    0.008    0.009 1270.1x     0.841    +0.00   1088.33    +0.00      13    1.2
subgraph_mip   blended_union               1   0.011    0.059    0.071 163.3x     0.841    +0.00   1088.33    +0.00      31    2.8
subgraph_mip   diverse                     1   0.004    0.007    0.010 1118.3x     0.841    +0.00   1088.33    +0.00      13    1.2
subgraph_mip   edge_weight                 2   0.004    0.045    0.049 233.2x     0.851    +1.26   1102.04    +1.26      15    1.4
subgraph_mip   time_balanced_weight        2   0.006    0.034    0.040 286.6x     0.841    +0.00   1088.33    +0.00      20    1.8
subgraph_mip   combined                    2   0.016    0.077    0.092 124.6x     0.841    -0.00   1088.33    +0.00      35    3.2
subgraph_mip   blended                     2   0.007    0.014    0.021 560.9x     0.841    +0.00   1088.33    +0.00      15    1.4
subgraph_mip   blended_union               2   0.035    0.103    0.138  83.5x     0.841    +0.00   1088.33    +0.00      36    3.3
subgraph_mip   diverse                     2   0.008    0.040    0.048 240.6x     0.841    +0.00   1088.33    +0.00      26    2.4
subgraph_mip   edge_weight                 5   0.013    0.054    0.067 172.9x     0.851    +1.26   1102.04    +1.26      21    1.9
subgraph_mip   time_balanced_weight        5   0.007    0.130    0.137  84.0x     0.841    +0.00   1088.33    +0.00      29    2.6
subgraph_mip   combined                    5   0.020    0.108    0.127  90.5x     0.841    -0.00   1088.33    +0.00      50    4.5
subgraph_mip   blended                     5   0.010    0.023    0.033 352.5x     0.841    +0.00   1088.33    +0.00      21    1.9
subgraph_mip   blended_union               5   0.065    0.095    0.160  71.8x     0.841    -0.00   1088.33    +0.00      49    4.4
subgraph_mip   diverse                     5   0.014    0.086    0.099 115.9x     0.841    +0.00   1088.33    +0.00      65    5.9
subgraph_mip   edge_weight                10   0.027    0.042    0.069 167.7x     0.851    +1.26   1102.04    +1.26      24    2.2
subgraph_mip   time_balanced_weight       10   0.015    0.061    0.076 151.9x     0.841    +0.00   1088.33    +0.00      39    3.5
subgraph_mip   combined                   10   0.046    0.072    0.118  97.4x     0.841    +0.00   1088.33    +0.00      63    5.7
subgraph_mip   blended                    10   0.031    0.039    0.070 163.5x     0.841    -0.00   1088.33    +0.00      29    2.6
subgraph_mip   blended_union              10   0.116    0.083    0.199  58.0x     0.841    +0.00   1088.33    +0.00      64    5.8
subgraph_mip   diverse                    10   0.010    0.153    0.164  70.3x     0.841    -0.00   1088.33    +0.00     126   11.4
subgraph_mip   edge_weight                20   0.055    0.089    0.145  79.7x     0.850    +1.08   1100.04    +1.08      35    3.2
subgraph_mip   time_balanced_weight       20   0.031    0.102    0.133  86.5x     0.841    -0.00   1088.33    +0.00      49    4.4
subgraph_mip   combined                   20   0.088    0.193    0.281  40.9x     0.841    -0.00   1088.33    +0.00      84    7.6
subgraph_mip   blended                    20   0.037    0.085    0.123  94.0x     0.841    -0.00   1088.33    +0.00      35    3.2
subgraph_mip   blended_union              20   0.164    0.164    0.328  35.2x     0.841    +0.00   1088.33    +0.00      87    7.9
subgraph_mip   diverse                    20   0.013    0.503    0.516  22.3x     0.841    +0.00   1088.33    +0.00     239   21.6
subgraph_mip   edge_weight                50   0.200    0.119    0.318  36.2x     0.844    +0.38   1092.52    +0.38      54    4.9
subgraph_mip   time_balanced_weight       50   0.093    0.162    0.254  45.3x     0.841    +0.00   1088.33    +0.00      74    6.7
subgraph_mip   combined                   50   0.296    0.327    0.623  18.5x     0.841    -0.00   1088.33    +0.00     127   11.5
subgraph_mip   blended                    50   0.156    0.095    0.251  45.9x     0.841    -0.00   1088.33    +0.00      51    4.6
subgraph_mip   blended_union              50   0.528    0.307    0.836  13.8x     0.841    +0.00   1088.33    +0.00     117   10.6
subgraph_mip   diverse                    50   0.044    2.920    2.964   3.9x     0.841    +0.00   1088.33    +0.00     503   45.5
subgraph_mip   edge_weight               100   0.354    0.135    0.488  23.6x     0.844    +0.38   1092.52    +0.38      78    7.1
subgraph_mip   time_balanced_weight      100   0.211    0.155    0.367  31.4x     0.841    +0.00   1088.33    +0.00      85    7.7
subgraph_mip   combined                  100   0.589    0.404    0.993  11.6x     0.841    +0.00   1088.33    +0.00     162   14.7
subgraph_mip   blended                   100   0.312    0.181    0.493  23.4x     0.841    -0.00   1088.33    +0.00      79    7.2
subgraph_mip   blended_union             100   1.114    0.375    1.490   7.7x     0.841    +0.00   1088.33    +0.00     167   15.1
subgraph_mip   diverse                   100   0.083    5.173    5.256   2.2x     0.841    +0.00   1088.33    +0.00     742   67.2
subgraph_mip   edge_weight               200   0.574    0.376    0.950  12.1x     0.844    +0.38   1092.52    +0.38      95    8.6
subgraph_mip   time_balanced_weight      200   0.253    0.243    0.496  23.2x     0.841    -0.00   1088.33    +0.00     118   10.7
subgraph_mip   combined                  200   0.833    0.367    1.200   9.6x     0.841    +0.00   1088.33    +0.00     211   19.1
subgraph_mip   blended                   200   0.356    0.159    0.516  22.3x     0.841    +0.00   1088.33    +0.00      95    8.6
subgraph_mip   blended_union             200   1.362    0.399    1.761   6.5x     0.841    +0.00   1088.33    +0.00     212   19.2
subgraph_mip   diverse                   200   0.117    9.435    9.552   1.2x     0.841    -0.00   1088.33    +0.00     901   81.5
subgraph_mip   edge_weight               500   1.007    0.186    1.193   9.7x     0.844    +0.38   1092.52    +0.38     108    9.8
subgraph_mip   time_balanced_weight      500   0.662    0.258    0.920  12.5x     0.841    +0.00   1088.33    +0.00     170   15.4
subgraph_mip   combined                  500   1.681    0.487    2.168   5.3x     0.841    +0.00   1088.33    +0.00     274   24.8
subgraph_mip   blended                   500   0.809    0.200    1.009  11.4x     0.841    +0.00   1088.33    +0.00     142   12.8
subgraph_mip   blended_union             500   2.753    0.866    3.619   3.2x     0.841    +0.00   1088.33    +0.00     278   25.2
subgraph_mip   diverse                   500   0.270   10.602   10.872   1.1x     0.841    +0.00   1088.33    +0.00    1045   94.6
subgraph_mip   edge_weight              1000   1.913    0.254    2.167   5.3x     0.844    +0.38   1092.52    +0.38     142   12.8
subgraph_mip   time_balanced_weight     1000   1.550    0.417    1.967   5.8x     0.841    +0.00   1088.33    +0.00     223   20.2
subgraph_mip   combined                 1000   3.492    1.388    4.880   2.4x     0.841    +0.00   1088.33    +0.00     359   32.5
subgraph_mip   blended                  1000   1.748    0.191    1.939   5.9x     0.841    -0.00   1088.33    +0.00     151   13.7
subgraph_mip   blended_union            1000   5.798    0.611    6.409   1.8x     0.841    +0.00   1088.33    +0.00     305   27.6
subgraph_mip   diverse                  1000   0.550    4.694    5.243   2.2x     0.841    +0.00   1088.33    +0.00    1101   99.6
subgraph_mip   edge_weight              2000   4.510    0.340    4.850   2.4x     0.844    +0.38   1092.52    +0.38     185   16.7
subgraph_mip   time_balanced_weight     2000   3.508    1.190    4.697   2.5x     0.841    -0.00   1088.33    +0.00     291   26.3
subgraph_mip   combined                 2000   8.112    1.204    9.316   1.2x     0.841    +0.00   1088.33    +0.00     464   42.0
subgraph_mip   blended                  2000   4.383    0.316    4.699   2.5x     0.841    +0.00   1088.33    +0.00     174   15.8
subgraph_mip   blended_union            2000  14.172    0.884   15.056   0.8x     0.841    -0.00   1088.33    +0.00     356   32.2
subgraph_mip   diverse                  2000   1.180    6.444    7.624   1.5x     0.841    +0.00   1088.33    +0.00    1105  100.0
subgraph_mip   edge_weight              5000  17.542    0.293   17.834   0.7x     0.844    +0.38   1092.52    +0.38     232   21.0
subgraph_mip   time_balanced_weight     5000  13.896    0.707   14.603   0.8x     0.841    +0.00   1088.33    +0.00     382   34.6
subgraph_mip   combined                 5000  32.082    1.245   33.327   0.3x     0.841    +0.00   1088.33    +0.00     593   53.7
subgraph_mip   blended                  5000  18.127    0.296   18.423   0.6x     0.841    +0.00   1088.33    +0.00     216   19.6
subgraph_mip   blended_union            5000  54.716    1.397   56.113   0.2x     0.841    -0.00   1088.33    +0.00     482   43.6
subgraph_mip   diverse                  5000   2.467    5.158    7.625   1.5x     0.841    +0.00   1088.33    +0.00    1105  100.0
============================================================================================================================
Combined CSV → experiments/strategy_comparison/assembly_1_np_2/strategy_comparison.csv
Saved experiments/strategy_comparison/assembly_1_np_2/lambda_sweep_quality_assembly_1_P2.svg
Saved experiments/strategy_comparison/assembly_1_np_2/lambda_sweep_makespan_assembly_1_P2.svg
Saved experiments/strategy_comparison/assembly_1_np_2/lambda_k_heatmap_obj_assembly_1_P2.svg
Saved experiments/strategy_comparison/assembly_1_np_2/lambda_k_heatmap_makespan_assembly_1_P2.svg
Saved experiments/strategy_comparison/assembly_1_np_2/lambda_min_k_assembly_1_P2.svg
Saved experiments/strategy_comparison/assembly_1_np_2/k_vs_subgraph_assembly_1_P2.svg
Saved experiments/strategy_comparison/assembly_1_np_2/lambda_sweep_quality_byk_assembly_1_P2.svg
Saved experiments/strategy_comparison/assembly_1_np_2/lambda_sweep_makespan_byk_assembly_1_P2.svg
Saved experiments/strategy_comparison/assembly_1_np_2/lambda_k_heatmap_obj_byk_assembly_1_P2.svg
Saved experiments/strategy_comparison/assembly_1_np_2/lambda_k_heatmap_makespan_byk_assembly_1_P2.svg
Saved experiments/strategy_comparison/assembly_1_np_2/lambda_sweep_timing_byk_assembly_1_P2.svg
Saved experiments/strategy_comparison/assembly_1_np_2/lambda_k_heatmap_time_byk_assembly_1_P2.svg
