instance,num_phases,w_balanced,strategy,weight_attr,k,digraph_nodes,digraph_edges,subgraph_edges,subgraph_pct,digraph_build_s,build_s,solve_s,elapsed_s,speedup_vs_full,objective,obj_vs_full_pct,alpha_abs,vs_full_pct,phase_time_min,phase_time_max,phase_time_std,imbalance_pct,abs_time_per_phase,ops_per_phase,n_ops_total
assembly_1,2,0.1,full_mip,—,,343,1105,1105,100.0,0.34,0.0,0.966,0.966,1.0,0.8348,0.0,1102.04,0.0,1054.81,1102.04,23.615,4.38,"[1102.04, 1054.81]","[6, 7]",13
assembly_1,2,0.1,subgraph_mip,edge_weight,1,343,1105,13,1.18,0.34,0.001,0.012,0.013,76.7,0.8348,0.0,1102.04,0.0,1054.81,1102.04,23.615,4.38,"[1102.04, 1054.81]","[6, 7]",13
assembly_1,2,0.1,subgraph_mip,time_balanced_weight,1,343,1105,13,1.18,0.34,0.001,0.018,0.018,52.79,1.1436,37.0,1160.13,5.27,996.72,1160.13,81.705,15.15,"[1160.13, 996.72]","[6, 7]",13
assembly_1,2,0.1,subgraph_mip,combined,1,343,1105,26,2.35,0.34,0.002,0.007,0.008,116.3,0.8348,0.0,1102.04,0.0,1054.81,1102.04,23.615,4.38,"[1102.04, 1054.81]","[6, 7]",13
assembly_1,2,0.1,subgraph_mip,blended,1,343,1105,13,1.18,0.34,0.002,0.005,0.007,136.99,0.8368,0.25,1092.52,-0.86,1064.33,1092.52,14.095,2.61,"[1092.52, 1064.33]","[6, 7]",13
assembly_1,2,0.1,subgraph_mip,blended_union,1,343,1105,31,2.81,0.34,0.021,0.016,0.037,26.24,0.8348,0.0,1102.04,0.0,1054.81,1102.04,23.615,4.38,"[1102.04, 1054.81]","[6, 7]",13
assembly_1,2,0.1,subgraph_mip,diverse,1,343,1105,13,1.18,0.34,0.008,0.013,0.021,46.82,0.8368,0.25,1092.52,-0.86,1064.33,1092.52,14.095,2.61,"[1092.52, 1064.33]","[6, 7]",13
assembly_1,2,0.1,subgraph_mip,edge_weight,2,343,1105,15,1.36,0.34,0.008,0.035,0.042,22.93,0.8348,0.0,1102.04,0.0,1054.81,1102.04,23.615,4.38,"[1102.04, 1054.81]","[6, 7]",13
assembly_1,2,0.1,subgraph_mip,time_balanced_weight,2,343,1105,20,1.81,0.34,0.005,0.012,0.017,56.94,1.1436,37.0,1160.13,5.27,996.72,1160.13,81.705,15.15,"[1160.13, 996.72]","[6, 7]",13
assembly_1,2,0.1,subgraph_mip,combined,2,343,1105,35,3.17,0.34,0.008,0.025,0.033,29.17,0.8348,0.0,1102.04,0.0,1054.81,1102.04,23.615,4.38,"[1102.04, 1054.81]","[6, 7]",13
assembly_1,2,0.1,subgraph_mip,blended,2,343,1105,15,1.36,0.34,0.003,0.021,0.024,40.08,0.8368,0.25,1092.52,-0.86,1064.33,1092.52,14.095,2.61,"[1092.52, 1064.33]","[6, 7]",13
assembly_1,2,0.1,subgraph_mip,blended_union,2,343,1105,36,3.26,0.34,0.015,0.061,0.076,12.75,0.8348,0.0,1102.04,0.0,1054.81,1102.04,23.615,4.38,"[1102.04, 1054.81]","[6, 7]",13
assembly_1,2,0.1,subgraph_mip,diverse,2,343,1105,26,2.35,0.34,0.003,0.04,0.043,22.51,0.8368,0.25,1092.52,-0.86,1064.33,1092.52,14.095,2.61,"[1092.52, 1064.33]","[6, 7]",13
assembly_1,2,0.1,subgraph_mip,edge_weight,5,343,1105,21,1.9,0.34,0.02,0.041,0.061,15.83,0.8348,0.0,1102.04,0.0,1054.81,1102.04,23.615,4.38,"[1102.04, 1054.81]","[6, 7]",13
assembly_1,2,0.1,subgraph_mip,time_balanced_weight,5,343,1105,29,2.62,0.34,0.01,0.007,0.017,55.47,1.118,33.93,1122.33,1.84,1034.52,1122.33,43.905,8.14,"[1122.33, 1034.52]","[7, 6]",13
assembly_1,2,0.1,subgraph_mip,combined,5,343,1105,50,4.52,0.34,0.023,0.033,0.056,17.29,0.8348,0.0,1102.04,0.0,1054.81,1102.04,23.615,4.38,"[1102.04, 1054.81]","[6, 7]",13
assembly_1,2,0.1,subgraph_mip,blended,5,343,1105,19,1.72,0.34,0.02,0.031,0.051,18.81,0.8368,0.25,1092.52,-0.86,1064.33,1092.52,14.095,2.61,"[1092.52, 1064.33]","[6, 7]",13
assembly_1,2,0.1,subgraph_mip,blended_union,5,343,1105,49,4.43,0.34,0.05,0.182,0.232,4.16,0.8348,0.0,1102.04,0.0,1054.81,1102.04,23.615,4.38,"[1102.04, 1054.81]","[6, 7]",13
assembly_1,2,0.1,subgraph_mip,diverse,5,343,1105,65,5.88,0.34,0.011,0.066,0.077,12.56,0.835,0.02,1102.04,0.0,1054.81,1102.04,23.615,4.38,"[1102.04, 1054.81]","[6, 7]",13
assembly_1,2,0.1,subgraph_mip,edge_weight,10,343,1105,24,2.17,0.34,0.042,0.061,0.103,9.36,0.8348,0.0,1102.04,0.0,1054.81,1102.04,23.615,4.38,"[1102.04, 1054.81]","[6, 7]",13
assembly_1,2,0.1,subgraph_mip,time_balanced_weight,10,343,1105,39,3.53,0.34,0.015,0.02,0.036,27.08,1.118,33.93,1122.33,1.84,1034.52,1122.33,43.905,8.14,"[1122.33, 1034.52]","[7, 6]",13
assembly_1,2,0.1,subgraph_mip,combined,10,343,1105,63,5.7,0.34,0.031,0.096,0.127,7.61,0.8348,0.0,1102.04,0.0,1054.81,1102.04,23.615,4.38,"[1102.04, 1054.81]","[6, 7]",13
assembly_1,2,0.1,subgraph_mip,blended,10,343,1105,27,2.44,0.34,0.043,0.067,0.11,8.79,0.8368,0.25,1092.52,-0.86,1064.33,1092.52,14.095,2.61,"[1092.52, 1064.33]","[6, 7]",13
assembly_1,2,0.1,subgraph_mip,blended_union,10,343,1105,64,5.79,0.34,0.09,0.219,0.309,3.13,0.8348,0.0,1102.04,0.0,1054.81,1102.04,23.615,4.38,"[1102.04, 1054.81]","[6, 7]",13
assembly_1,2,0.1,subgraph_mip,diverse,10,343,1105,126,11.4,0.34,0.01,0.235,0.245,3.94,0.835,0.02,1102.04,0.0,1054.81,1102.04,23.615,4.38,"[1102.04, 1054.81]","[6, 7]",13
assembly_1,2,0.1,subgraph_mip,edge_weight,20,343,1105,35,3.17,0.34,0.064,0.043,0.107,9.05,0.8348,0.0,1102.04,0.0,1054.81,1102.04,23.615,4.38,"[1102.04, 1054.81]","[6, 7]",13
assembly_1,2,0.1,subgraph_mip,time_balanced_weight,20,343,1105,49,4.43,0.34,0.052,0.091,0.143,6.77,1.118,33.93,1122.33,1.84,1034.52,1122.33,43.905,8.14,"[1122.33, 1034.52]","[7, 6]",13
assembly_1,2,0.1,subgraph_mip,combined,20,343,1105,84,7.6,0.34,0.09,0.245,0.335,2.88,0.8348,0.0,1102.04,0.0,1054.81,1102.04,23.615,4.38,"[1102.04, 1054.81]","[6, 7]",13
assembly_1,2,0.1,subgraph_mip,blended,20,343,1105,44,3.98,0.34,0.062,0.098,0.159,6.06,0.8348,0.0,1102.04,0.0,1054.81,1102.04,23.615,4.38,"[1102.04, 1054.81]","[6, 7]",13
assembly_1,2,0.1,subgraph_mip,blended_union,20,343,1105,87,7.87,0.34,0.189,0.178,0.367,2.63,0.8348,0.0,1102.04,0.0,1054.81,1102.04,23.615,4.38,"[1102.04, 1054.81]","[6, 7]",13
assembly_1,2,0.1,subgraph_mip,diverse,20,343,1105,239,21.63,0.34,0.019,0.336,0.355,2.73,0.835,0.02,1102.04,0.0,1054.81,1102.04,23.615,4.38,"[1102.04, 1054.81]","[6, 7]",13
assembly_1,2,0.1,subgraph_mip,edge_weight,50,343,1105,54,4.89,0.34,0.165,0.254,0.419,2.31,0.8348,0.0,1102.04,0.0,1054.81,1102.04,23.615,4.38,"[1102.04, 1054.81]","[6, 7]",13
assembly_1,2,0.1,subgraph_mip,time_balanced_weight,50,343,1105,74,6.7,0.34,0.084,0.105,0.189,5.11,1.1134,33.38,1122.33,1.84,1034.52,1122.33,43.905,8.14,"[1122.33, 1034.52]","[7, 6]",13
assembly_1,2,0.1,subgraph_mip,combined,50,343,1105,127,11.49,0.34,0.225,0.303,0.529,1.83,0.8348,0.0,1102.04,0.0,1054.81,1102.04,23.615,4.38,"[1102.04, 1054.81]","[6, 7]",13
assembly_1,2,0.1,subgraph_mip,blended,50,343,1105,58,5.25,0.34,0.164,0.144,0.308,3.14,0.8348,0.0,1102.04,0.0,1054.81,1102.04,23.615,4.38,"[1102.04, 1054.81]","[6, 7]",13
assembly_1,2,0.1,subgraph_mip,blended_union,50,343,1105,117,10.59,0.34,0.436,0.254,0.69,1.4,0.8348,0.0,1102.04,0.0,1054.81,1102.04,23.615,4.38,"[1102.04, 1054.81]","[6, 7]",13
assembly_1,2,0.1,subgraph_mip,diverse,50,343,1105,509,46.06,0.34,0.04,0.548,0.587,1.65,0.835,0.02,1102.04,0.0,1054.81,1102.04,23.615,4.38,"[1102.04, 1054.81]","[6, 7]",13
assembly_1,2,0.1,subgraph_mip,edge_weight,100,343,1105,78,7.06,0.34,0.297,0.26,0.557,1.73,0.8348,0.0,1102.04,0.0,1054.81,1102.04,23.615,4.38,"[1102.04, 1054.81]","[6, 7]",13
assembly_1,2,0.1,subgraph_mip,time_balanced_weight,100,343,1105,85,7.69,0.34,0.17,0.111,0.28,3.45,1.1134,33.38,1122.33,1.84,1034.52,1122.33,43.905,8.14,"[1122.33, 1034.52]","[7, 6]",13
assembly_1,2,0.1,subgraph_mip,combined,100,343,1105,162,14.66,0.34,0.461,0.6,1.061,0.91,0.8348,0.0,1102.04,0.0,1054.81,1102.04,23.615,4.38,"[1102.04, 1054.81]","[6, 7]",13
assembly_1,2,0.1,subgraph_mip,blended,100,343,1105,68,6.15,0.34,0.291,0.158,0.449,2.15,0.8348,0.0,1102.04,0.0,1054.81,1102.04,23.615,4.38,"[1102.04, 1054.81]","[6, 7]",13
assembly_1,2,0.1,subgraph_mip,blended_union,100,343,1105,167,15.11,0.34,0.747,0.391,1.138,0.85,0.8348,0.0,1102.04,0.0,1054.81,1102.04,23.615,4.38,"[1102.04, 1054.81]","[6, 7]",13
assembly_1,2,0.1,subgraph_mip,diverse,100,343,1105,746,67.51,0.34,0.046,0.957,1.003,0.96,0.835,0.02,1102.04,0.0,1054.81,1102.04,23.615,4.38,"[1102.04, 1054.81]","[6, 7]",13
assembly_1,2,0.1,subgraph_mip,edge_weight,200,343,1105,95,8.6,0.34,0.51,0.366,0.877,1.1,0.8348,0.0,1102.04,0.0,1054.81,1102.04,23.615,4.38,"[1102.04, 1054.81]","[6, 7]",13
assembly_1,2,0.1,subgraph_mip,time_balanced_weight,200,343,1105,118,10.68,0.34,0.32,0.169,0.489,1.98,1.1125,33.27,1122.33,1.84,1034.52,1122.33,43.905,8.14,"[1122.33, 1034.52]","[7, 6]",13
assembly_1,2,0.1,subgraph_mip,combined,200,343,1105,211,19.1,0.34,0.828,0.767,1.595,0.61,0.8348,0.0,1102.04,0.0,1054.81,1102.04,23.615,4.38,"[1102.04, 1054.81]","[6, 7]",13
assembly_1,2,0.1,subgraph_mip,blended,200,343,1105,86,7.78,0.34,0.51,0.488,0.998,0.97,0.8348,0.0,1102.04,0.0,1054.81,1102.04,23.615,4.38,"[1102.04, 1054.81]","[6, 7]",13
assembly_1,2,0.1,subgraph_mip,blended_union,200,343,1105,212,19.19,0.34,1.347,0.518,1.865,0.52,0.8348,0.0,1102.04,0.0,1054.81,1102.04,23.615,4.38,"[1102.04, 1054.81]","[6, 7]",13
assembly_1,2,0.1,subgraph_mip,diverse,200,343,1105,914,82.71,0.34,0.103,1.114,1.217,0.79,0.835,0.02,1102.04,0.0,1054.81,1102.04,23.615,4.38,"[1102.04, 1054.81]","[6, 7]",13
assembly_1,2,0.1,subgraph_mip,edge_weight,500,343,1105,108,9.77,0.34,1.222,1.073,2.295,0.42,0.8348,0.0,1102.04,0.0,1054.81,1102.04,23.615,4.38,"[1102.04, 1054.81]","[6, 7]",13
assembly_1,2,0.1,subgraph_mip,time_balanced_weight,500,343,1105,170,15.38,0.34,0.855,0.371,1.226,0.79,1.0754,28.83,1104.13,0.19,1052.72,1104.13,25.705,4.77,"[1104.13, 1052.72]","[6, 7]",13
assembly_1,2,0.1,subgraph_mip,combined,500,343,1105,274,24.8,0.34,2.242,1.362,3.605,0.27,0.8348,0.0,1102.04,0.0,1054.81,1102.04,23.615,4.38,"[1102.04, 1054.81]","[6, 7]",13
assembly_1,2,0.1,subgraph_mip,blended,500,343,1105,120,10.86,0.34,1.565,0.841,2.407,0.4,0.8348,0.0,1102.04,0.0,1054.81,1102.04,23.615,4.38,"[1102.04, 1054.81]","[6, 7]",13
assembly_1,2,0.1,subgraph_mip,blended_union,500,343,1105,278,25.16,0.34,5.194,1.142,6.336,0.15,0.8348,0.0,1102.04,0.0,1054.81,1102.04,23.615,4.38,"[1102.04, 1054.81]","[6, 7]",13
assembly_1,2,0.1,subgraph_mip,diverse,500,343,1105,1047,94.75,0.34,0.677,1.759,2.436,0.4,0.835,0.02,1102.04,0.0,1054.81,1102.04,23.615,4.38,"[1102.04, 1054.81]","[6, 7]",13
assembly_1,2,0.1,subgraph_mip,edge_weight,1000,343,1105,142,12.85,0.34,3.168,0.657,3.825,0.25,0.8348,0.0,1102.04,0.0,1054.81,1102.04,23.615,4.38,"[1102.04, 1054.81]","[6, 7]",13
assembly_1,2,0.1,subgraph_mip,time_balanced_weight,1000,343,1105,223,20.18,0.34,2.371,0.462,2.833,0.34,1.0651,27.6,1104.13,0.19,1052.72,1104.13,25.705,4.77,"[1104.13, 1052.72]","[6, 7]",13
assembly_1,2,0.1,subgraph_mip,combined,1000,343,1105,359,32.49,0.34,6.289,0.725,7.014,0.14,0.8348,0.0,1102.04,0.0,1054.81,1102.04,23.615,4.38,"[1102.04, 1054.81]","[6, 7]",13
assembly_1,2,0.1,subgraph_mip,blended,1000,343,1105,148,13.39,0.34,3.688,0.82,4.508,0.21,0.8348,0.0,1102.04,0.0,1054.81,1102.04,23.615,4.38,"[1102.04, 1054.81]","[6, 7]",13
assembly_1,2,0.1,subgraph_mip,blended_union,1000,343,1105,305,27.6,0.34,9.64,0.574,10.214,0.09,0.8348,0.0,1102.04,0.0,1054.81,1102.04,23.615,4.38,"[1102.04, 1054.81]","[6, 7]",13
assembly_1,2,0.1,subgraph_mip,diverse,1000,343,1105,1101,99.64,0.34,0.934,1.823,2.757,0.35,0.8348,0.0,1102.04,0.0,1054.81,1102.04,23.615,4.38,"[1102.04, 1054.81]","[6, 7]",13
assembly_1,2,0.1,subgraph_mip,edge_weight,2000,343,1105,185,16.74,0.34,7.85,0.632,8.483,0.11,0.8348,0.0,1102.04,0.0,1054.81,1102.04,23.615,4.38,"[1102.04, 1054.81]","[6, 7]",13
assembly_1,2,0.1,subgraph_mip,time_balanced_weight,2000,343,1105,291,26.33,0.34,5.641,0.517,6.158,0.16,1.0525,26.09,1104.13,0.19,1052.72,1104.13,25.705,4.77,"[1104.13, 1052.72]","[6, 7]",13
assembly_1,2,0.1,subgraph_mip,combined,2000,343,1105,464,41.99,0.34,13.0,1.018,14.018,0.07,0.8348,0.0,1102.04,0.0,1054.81,1102.04,23.615,4.38,"[1102.04, 1054.81]","[6, 7]",13
assembly_1,2,0.1,subgraph_mip,blended,2000,343,1105,170,15.38,0.34,8.053,0.67,8.723,0.11,0.8348,0.0,1102.04,0.0,1054.81,1102.04,23.615,4.38,"[1102.04, 1054.81]","[6, 7]",13
assembly_1,2,0.1,subgraph_mip,blended_union,2000,343,1105,356,32.22,0.34,26.524,0.982,27.506,0.04,0.8348,0.0,1102.04,0.0,1054.81,1102.04,23.615,4.38,"[1102.04, 1054.81]","[6, 7]",13
assembly_1,2,0.1,subgraph_mip,diverse,2000,343,1105,1105,100.0,0.34,2.01,1.157,3.167,0.31,0.8348,0.0,1102.04,0.0,1054.81,1102.04,23.615,4.38,"[1102.04, 1054.81]","[6, 7]",13
assembly_1,2,0.1,subgraph_mip,edge_weight,5000,343,1105,232,21.0,0.34,31.201,0.612,31.812,0.03,0.8348,0.0,1102.04,0.0,1054.81,1102.04,23.615,4.38,"[1102.04, 1054.81]","[6, 7]",13
assembly_1,2,0.1,subgraph_mip,time_balanced_weight,5000,343,1105,382,34.57,0.34,22.876,0.792,23.668,0.04,1.0432,24.97,1108.32,0.57,1048.53,1108.32,29.895,5.54,"[1108.32, 1048.53]","[6, 7]",13
assembly_1,2,0.1,subgraph_mip,combined,5000,343,1105,593,53.67,0.34,55.76,1.928,57.689,0.02,0.8348,0.0,1102.04,0.0,1054.81,1102.04,23.615,4.38,"[1102.04, 1054.81]","[6, 7]",13
assembly_1,2,0.1,subgraph_mip,blended,5000,343,1105,223,20.18,0.34,36.316,0.833,37.149,0.03,0.8348,0.0,1102.04,0.0,1054.81,1102.04,23.615,4.38,"[1102.04, 1054.81]","[6, 7]",13
assembly_1,2,0.1,subgraph_mip,blended_union,5000,343,1105,482,43.62,0.34,113.204,1.222,114.426,0.01,0.8348,0.0,1102.04,0.0,1054.81,1102.04,23.615,4.38,"[1102.04, 1054.81]","[6, 7]",13
assembly_1,2,0.1,subgraph_mip,diverse,5000,343,1105,1105,100.0,0.34,5.99,1.378,7.368,0.13,0.8348,0.0,1102.04,0.0,1054.81,1102.04,23.615,4.38,"[1102.04, 1054.81]","[6, 7]",13
assembly_1,2,0.15,full_mip,—,,343,1105,1105,100.0,0.338,0.0,1.344,1.344,1.0,0.8357,0.0,1102.04,0.0,1054.81,1102.04,23.615,4.38,"[1102.04, 1054.81]","[6, 7]",13
assembly_1,2,0.15,subgraph_mip,edge_weight,1,343,1105,13,1.18,0.338,0.002,0.015,0.016,83.23,0.8357,0.0,1102.04,0.0,1054.81,1102.04,23.615,4.38,"[1102.04, 1054.81]","[6, 7]",13
assembly_1,2,0.15,subgraph_mip,time_balanced_weight,1,343,1105,13,1.18,0.338,0.001,0.01,0.011,125.02,1.1298,35.2,1160.13,5.27,996.72,1160.13,81.705,15.15,"[1160.13, 996.72]","[6, 7]",13
assembly_1,2,0.15,subgraph_mip,combined,1,343,1105,26,2.35,0.338,0.001,0.007,0.008,172.3,0.8357,0.0,1102.04,0.0,1054.81,1102.04,23.615,4.38,"[1102.04, 1054.81]","[6, 7]",13
assembly_1,2,0.15,subgraph_mip,blended,1,343,1105,13,1.18,0.338,0.001,0.007,0.008,178.39,0.8372,0.19,1092.52,-0.86,1064.33,1092.52,14.095,2.61,"[1092.52, 1064.33]","[6, 7]",13
assembly_1,2,0.15,subgraph_mip,blended_union,1,343,1105,31,2.81,0.338,0.016,0.039,0.056,24.1,0.8357,0.0,1102.04,0.0,1054.81,1102.04,23.615,4.38,"[1102.04, 1054.81]","[6, 7]",13
assembly_1,2,0.15,subgraph_mip,diverse,1,343,1105,13,1.18,0.338,0.007,0.007,0.014,96.5,0.8372,0.19,1092.52,-0.86,1064.33,1092.52,14.095,2.61,"[1092.52, 1064.33]","[6, 7]",13
assembly_1,2,0.15,subgraph_mip,edge_weight,2,343,1105,15,1.36,0.338,0.006,0.03,0.036,37.63,0.8357,0.0,1102.04,0.0,1054.81,1102.04,23.615,4.38,"[1102.04, 1054.81]","[6, 7]",13
assembly_1,2,0.15,subgraph_mip,time_balanced_weight,2,343,1105,20,1.81,0.338,0.003,0.014,0.017,78.74,1.1298,35.2,1160.13,5.27,996.72,1160.13,81.705,15.15,"[1160.13, 996.72]","[6, 7]",13
assembly_1,2,0.15,subgraph_mip,combined,2,343,1105,35,3.17,0.338,0.011,0.026,0.037,36.46,0.8357,0.0,1102.04,0.0,1054.81,1102.04,23.615,4.38,"[1102.04, 1054.81]","[6, 7]",13
assembly_1,2,0.15,subgraph_mip,blended,2,343,1105,15,1.36,0.338,0.006,0.016,0.022,60.94,0.8372,0.19,1092.52,-0.86,1064.33,1092.52,14.095,2.61,"[1092.52, 1064.33]","[6, 7]",13
assembly_1,2,0.15,subgraph_mip,blended_union,2,343,1105,36,3.26,0.338,0.033,0.101,0.134,10.03,0.8357,0.0,1102.04,0.0,1054.81,1102.04,23.615,4.38,"[1102.04, 1054.81]","[6, 7]",13
assembly_1,2,0.15,subgraph_mip,diverse,2,343,1105,26,2.35,0.338,0.004,0.024,0.028,48.61,0.8372,0.19,1092.52,-0.86,1064.33,1092.52,14.095,2.61,"[1092.52, 1064.33]","[6, 7]",13
assembly_1,2,0.15,subgraph_mip,edge_weight,5,343,1105,21,1.9,0.338,0.019,0.05,0.069,19.42,0.8357,0.0,1102.04,0.0,1054.81,1102.04,23.615,4.38,"[1102.04, 1054.81]","[6, 7]",13
assembly_1,2,0.15,subgraph_mip,time_balanced_weight,5,343,1105,29,2.62,0.338,0.012,0.015,0.027,50.33,1.104,32.11,1122.33,1.84,1034.52,1122.33,43.905,8.14,"[1122.33, 1034.52]","[7, 6]",13
assembly_1,2,0.15,subgraph_mip,combined,5,343,1105,50,4.52,0.338,0.03,0.062,0.092,14.54,0.8357,0.0,1102.04,0.0,1054.81,1102.04,23.615,4.38,"[1102.04, 1054.81]","[6, 7]",13
assembly_1,2,0.15,subgraph_mip,blended,5,343,1105,19,1.72,0.338,0.021,0.058,0.079,17.08,0.8372,0.19,1092.52,-0.86,1064.33,1092.52,14.095,2.61,"[1092.52, 1064.33]","[6, 7]",13
assembly_1,2,0.15,subgraph_mip,blended_union,5,343,1105,49,4.43,0.338,0.032,0.163,0.195,6.89,0.8357,0.0,1102.04,0.0,1054.81,1102.04,23.615,4.38,"[1102.04, 1054.81]","[6, 7]",13
assembly_1,2,0.15,subgraph_mip,diverse,5,343,1105,65,5.88,0.338,0.005,0.166,0.171,7.87,0.8372,0.19,1092.52,-0.86,1064.33,1092.52,14.095,2.61,"[1092.52, 1064.33]","[6, 7]",13
assembly_1,2,0.15,subgraph_mip,edge_weight,10,343,1105,24,2.17,0.338,0.041,0.049,0.09,14.96,0.8357,0.0,1102.04,0.0,1054.81,1102.04,23.615,4.38,"[1102.04, 1054.81]","[6, 7]",13
assembly_1,2,0.15,subgraph_mip,time_balanced_weight,10,343,1105,39,3.53,0.338,0.021,0.021,0.043,31.53,1.104,32.11,1122.33,1.84,1034.52,1122.33,43.905,8.14,"[1122.33, 1034.52]","[7, 6]",13
assembly_1,2,0.15,subgraph_mip,combined,10,343,1105,63,5.7,0.338,0.044,0.105,0.149,9.04,0.8357,-0.0,1102.04,0.0,1054.81,1102.04,23.615,4.38,"[1102.04, 1054.81]","[6, 7]",13
assembly_1,2,0.15,subgraph_mip,blended,10,343,1105,27,2.44,0.338,0.044,0.072,0.116,11.59,0.8372,0.19,1092.52,-0.86,1064.33,1092.52,14.095,2.61,"[1092.52, 1064.33]","[6, 7]",13
assembly_1,2,0.15,subgraph_mip,blended_union,10,343,1105,64,5.79,0.338,0.074,0.149,0.223,6.04,0.8357,0.0,1102.04,0.0,1054.81,1102.04,23.615,4.38,"[1102.04, 1054.81]","[6, 7]",13
assembly_1,2,0.15,subgraph_mip,diverse,10,343,1105,126,11.4,0.338,0.008,0.215,0.222,6.05,0.8372,0.19,1092.52,-0.86,1064.33,1092.52,14.095,2.61,"[1092.52, 1064.33]","[6, 7]",13
assembly_1,2,0.15,subgraph_mip,edge_weight,20,343,1105,35,3.17,0.338,0.042,0.11,0.152,8.84,0.8357,0.0,1102.04,0.0,1054.81,1102.04,23.615,4.38,"[1102.04, 1054.81]","[6, 7]",13
assembly_1,2,0.15,subgraph_mip,time_balanced_weight,20,343,1105,49,4.43,0.338,0.036,0.09,0.126,10.68,1.104,32.11,1122.33,1.84,1034.52,1122.33,43.905,8.14,"[1122.33, 1034.52]","[7, 6]",13
assembly_1,2,0.15,subgraph_mip,combined,20,343,1105,84,7.6,0.338,0.107,0.165,0.272,4.94,0.8357,0.0,1102.04,0.0,1054.81,1102.04,23.615,4.38,"[1102.04, 1054.81]","[6, 7]",13
assembly_1,2,0.15,subgraph_mip,blended,20,343,1105,35,3.17,0.338,0.063,0.096,0.159,8.45,0.8372,0.19,1092.52,-0.86,1064.33,1092.52,14.095,2.61,"[1092.52, 1064.33]","[6, 7]",13
assembly_1,2,0.15,subgraph_mip,blended_union,20,343,1105,87,7.87,0.338,0.146,0.334,0.48,2.8,0.8357,0.0,1102.04,0.0,1054.81,1102.04,23.615,4.38,"[1102.04, 1054.81]","[6, 7]",13
assembly_1,2,0.15,subgraph_mip,diverse,20,343,1105,239,21.63,0.338,0.012,0.206,0.218,6.17,0.8372,0.19,1092.52,-0.86,1064.33,1092.52,14.095,2.61,"[1092.52, 1064.33]","[6, 7]",13
assembly_1,2,0.15,subgraph_mip,edge_weight,50,343,1105,54,4.89,0.338,0.124,0.286,0.411,3.27,0.8357,0.0,1102.04,0.0,1054.81,1102.04,23.615,4.38,"[1102.04, 1054.81]","[6, 7]",13
assembly_1,2,0.15,subgraph_mip,time_balanced_weight,50,343,1105,74,6.7,0.338,0.083,0.168,0.251,5.36,1.0997,31.59,1122.33,1.84,1034.52,1122.33,43.905,8.14,"[1122.33, 1034.52]","[7, 6]",13
assembly_1,2,0.15,subgraph_mip,combined,50,343,1105,127,11.49,0.338,0.209,0.466,0.676,1.99,0.8357,0.0,1102.04,0.0,1054.81,1102.04,23.615,4.38,"[1102.04, 1054.81]","[6, 7]",13
assembly_1,2,0.15,subgraph_mip,blended,50,343,1105,42,3.8,0.338,0.188,0.104,0.292,4.6,0.8372,0.19,1092.52,-0.86,1064.33,1092.52,14.095,2.61,"[1092.52, 1064.33]","[6, 7]",13
assembly_1,2,0.15,subgraph_mip,blended_union,50,343,1105,117,10.59,0.338,0.447,0.371,0.817,1.64,0.8357,0.0,1102.04,0.0,1054.81,1102.04,23.615,4.38,"[1102.04, 1054.81]","[6, 7]",13
assembly_1,2,0.15,subgraph_mip,diverse,50,343,1105,506,45.79,0.338,0.029,1.241,1.269,1.06,0.8372,0.19,1092.52,-0.86,1064.33,1092.52,14.095,2.61,"[1092.52, 1064.33]","[6, 7]",13
assembly_1,2,0.15,subgraph_mip,edge_weight,100,343,1105,78,7.06,0.338,0.29,0.492,0.783,1.72,0.8357,0.0,1102.04,0.0,1054.81,1102.04,23.615,4.38,"[1102.04, 1054.81]","[6, 7]",13
assembly_1,2,0.15,subgraph_mip,time_balanced_weight,100,343,1105,85,7.69,0.338,0.126,0.25,0.376,3.58,1.0997,31.59,1122.33,1.84,1034.52,1122.33,43.905,8.14,"[1122.33, 1034.52]","[7, 6]",13
assembly_1,2,0.15,subgraph_mip,combined,100,343,1105,162,14.66,0.338,0.456,0.473,0.929,1.45,0.8357,0.0,1102.04,0.0,1054.81,1102.04,23.615,4.38,"[1102.04, 1054.81]","[6, 7]",13
assembly_1,2,0.15,subgraph_mip,blended,100,343,1105,64,5.79,0.338,0.314,0.222,0.536,2.51,0.8357,0.0,1102.04,0.0,1054.81,1102.04,23.615,4.38,"[1102.04, 1054.81]","[6, 7]",13
assembly_1,2,0.15,subgraph_mip,blended_union,100,343,1105,167,15.11,0.338,0.9,0.475,1.376,0.98,0.8357,0.0,1102.04,0.0,1054.81,1102.04,23.615,4.38,"[1102.04, 1054.81]","[6, 7]",13
assembly_1,2,0.15,subgraph_mip,diverse,100,343,1105,747,67.6,0.338,0.119,1.193,1.311,1.02,0.8372,0.19,1092.52,-0.86,1064.33,1092.52,14.095,2.61,"[1092.52, 1064.33]","[6, 7]",13
assembly_1,2,0.15,subgraph_mip,edge_weight,200,343,1105,95,8.6,0.338,0.629,0.757,1.385,0.97,0.8357,0.0,1102.04,0.0,1054.81,1102.04,23.615,4.38,"[1102.04, 1054.81]","[6, 7]",13
assembly_1,2,0.15,subgraph_mip,time_balanced_weight,200,343,1105,118,10.68,0.338,0.346,0.266,0.612,2.2,1.0989,31.5,1122.33,1.84,1034.52,1122.33,43.905,8.14,"[1122.33, 1034.52]","[7, 6]",13
assembly_1,2,0.15,subgraph_mip,combined,200,343,1105,211,19.1,0.338,0.755,1.227,1.982,0.68,0.8357,0.0,1102.04,0.0,1054.81,1102.04,23.615,4.38,"[1102.04, 1054.81]","[6, 7]",13
assembly_1,2,0.15,subgraph_mip,blended,200,343,1105,82,7.42,0.338,0.509,0.424,0.933,1.44,0.8357,0.0,1102.04,0.0,1054.81,1102.04,23.615,4.38,"[1102.04, 1054.81]","[6, 7]",13
assembly_1,2,0.15,subgraph_mip,blended_union,200,343,1105,212,19.19,0.338,1.704,0.631,2.335,0.58,0.8357,0.0,1102.04,0.0,1054.81,1102.04,23.615,4.38,"[1102.04, 1054.81]","[6, 7]",13
assembly_1,2,0.15,subgraph_mip,diverse,200,343,1105,911,82.44,0.338,0.144,1.815,1.959,0.69,0.8369,0.15,1102.04,0.0,1054.81,1102.04,23.615,4.38,"[1102.04, 1054.81]","[6, 7]",13
assembly_1,2,0.15,subgraph_mip,edge_weight,500,343,1105,108,9.77,0.338,1.468,0.811,2.278,0.59,0.8357,0.0,1102.04,0.0,1054.81,1102.04,23.615,4.38,"[1102.04, 1054.81]","[6, 7]",13
assembly_1,2,0.15,subgraph_mip,time_balanced_weight,500,343,1105,170,15.38,0.338,1.085,0.489,1.574,0.85,1.0631,27.21,1104.13,0.19,1052.72,1104.13,25.705,4.77,"[1104.13, 1052.72]","[6, 7]",13
assembly_1,2,0.15,subgraph_mip,combined,500,343,1105,274,24.8,0.338,2.618,1.52,4.138,0.32,0.8357,0.0,1102.04,0.0,1054.81,1102.04,23.615,4.38,"[1102.04, 1054.81]","[6, 7]",13
assembly_1,2,0.15,subgraph_mip,blended,500,343,1105,127,11.49,0.338,1.997,0.929,2.926,0.46,0.8357,0.0,1102.04,0.0,1054.81,1102.04,23.615,4.38,"[1102.04, 1054.81]","[6, 7]",13
assembly_1,2,0.15,subgraph_mip,blended_union,500,343,1105,278,25.16,0.338,6.174,0.851,7.025,0.19,0.8357,0.0,1102.04,0.0,1054.81,1102.04,23.615,4.38,"[1102.04, 1054.81]","[6, 7]",13
assembly_1,2,0.15,subgraph_mip,diverse,500,343,1105,1049,94.93,0.338,0.398,1.728,2.126,0.63,0.8357,0.0,1102.04,0.0,1054.81,1102.04,23.615,4.38,"[1102.04, 1054.81]","[6, 7]",13
assembly_1,2,0.15,subgraph_mip,edge_weight,1000,343,1105,142,12.85,0.338,3.632,0.973,4.605,0.29,0.8357,0.0,1102.04,0.0,1054.81,1102.04,23.615,4.38,"[1102.04, 1054.81]","[6, 7]",13
assembly_1,2,0.15,subgraph_mip,time_balanced_weight,1000,343,1105,223,20.18,0.338,2.504,0.502,3.006,0.45,1.0533,26.05,1104.13,0.19,1052.72,1104.13,25.705,4.77,"[1104.13, 1052.72]","[6, 7]",13
assembly_1,2,0.15,subgraph_mip,combined,1000,343,1105,359,32.49,0.338,6.075,1.397,7.472,0.18,0.8357,0.0,1102.04,0.0,1054.81,1102.04,23.615,4.38,"[1102.04, 1054.81]","[6, 7]",13
assembly_1,2,0.15,subgraph_mip,blended,1000,343,1105,148,13.39,0.338,3.247,0.634,3.88,0.35,0.8357,0.0,1102.04,0.0,1054.81,1102.04,23.615,4.38,"[1102.04, 1054.81]","[6, 7]",13
assembly_1,2,0.15,subgraph_mip,blended_union,1000,343,1105,305,27.6,0.338,10.296,0.931,11.228,0.12,0.8357,0.0,1102.04,0.0,1054.81,1102.04,23.615,4.38,"[1102.04, 1054.81]","[6, 7]",13
assembly_1,2,0.15,subgraph_mip,diverse,1000,343,1105,1102,99.73,0.338,0.986,1.702,2.687,0.5,0.8357,0.0,1102.04,0.0,1054.81,1102.04,23.615,4.38,"[1102.04, 1054.81]","[6, 7]",13
assembly_1,2,0.15,subgraph_mip,edge_weight,2000,343,1105,185,16.74,0.338,7.236,0.776,8.012,0.17,0.8357,0.0,1102.04,0.0,1054.81,1102.04,23.615,4.38,"[1102.04, 1054.81]","[6, 7]",13
assembly_1,2,0.15,subgraph_mip,time_balanced_weight,2000,343,1105,291,26.33,0.338,6.03,0.576,6.606,0.2,1.0414,24.62,1104.13,0.19,1052.72,1104.13,25.705,4.77,"[1104.13, 1052.72]","[6, 7]",13
assembly_1,2,0.15,subgraph_mip,combined,2000,343,1105,464,41.99,0.338,13.656,0.837,14.493,0.09,0.8357,0.0,1102.04,0.0,1054.81,1102.04,23.615,4.38,"[1102.04, 1054.81]","[6, 7]",13
assembly_1,2,0.15,subgraph_mip,blended,2000,343,1105,164,14.84,0.338,8.497,0.722,9.219,0.15,0.8357,0.0,1102.04,0.0,1054.81,1102.04,23.615,4.38,"[1102.04, 1054.81]","[6, 7]",13
assembly_1,2,0.15,subgraph_mip,blended_union,2000,343,1105,356,32.22,0.338,25.921,0.921,26.842,0.05,0.8357,0.0,1102.04,0.0,1054.81,1102.04,23.615,4.38,"[1102.04, 1054.81]","[6, 7]",13
assembly_1,2,0.15,subgraph_mip,diverse,2000,343,1105,1105,100.0,0.338,2.07,1.576,3.646,0.37,0.8357,0.0,1102.04,0.0,1054.81,1102.04,23.615,4.38,"[1102.04, 1054.81]","[6, 7]",13
assembly_1,2,0.15,subgraph_mip,edge_weight,5000,343,1105,232,21.0,0.338,32.391,1.21,33.6,0.04,0.8357,0.0,1102.04,0.0,1054.81,1102.04,23.615,4.38,"[1102.04, 1054.81]","[6, 7]",13
assembly_1,2,0.15,subgraph_mip,time_balanced_weight,5000,343,1105,382,34.57,0.338,23.341,0.816,24.157,0.06,1.0328,23.59,1108.32,0.57,1048.53,1108.32,29.895,5.54,"[1108.32, 1048.53]","[6, 7]",13
assembly_1,2,0.15,subgraph_mip,combined,5000,343,1105,593,53.67,0.338,55.742,2.284,58.026,0.02,0.8357,0.0,1102.04,0.0,1054.81,1102.04,23.615,4.38,"[1102.04, 1054.81]","[6, 7]",13
assembly_1,2,0.15,subgraph_mip,blended,5000,343,1105,218,19.73,0.338,36.5,0.936,37.436,0.04,0.8357,0.0,1102.04,0.0,1054.81,1102.04,23.615,4.38,"[1102.04, 1054.81]","[6, 7]",13
assembly_1,2,0.15,subgraph_mip,blended_union,5000,343,1105,482,43.62,0.338,113.296,0.886,114.183,0.01,0.8357,0.0,1102.04,0.0,1054.81,1102.04,23.615,4.38,"[1102.04, 1054.81]","[6, 7]",13
assembly_1,2,0.15,subgraph_mip,diverse,5000,343,1105,1105,100.0,0.338,5.968,1.33,7.297,0.18,0.8357,0.0,1102.04,0.0,1054.81,1102.04,23.615,4.38,"[1102.04, 1054.81]","[6, 7]",13
assembly_1,2,0.2,full_mip,—,,343,1105,1105,100.0,0.329,0.0,2.182,2.182,1.0,0.8366,0.0,1102.04,0.0,1054.81,1102.04,23.615,4.38,"[1102.04, 1054.81]","[6, 7]",13
assembly_1,2,0.2,subgraph_mip,edge_weight,1,343,1105,13,1.18,0.329,0.001,0.005,0.007,331.76,0.8366,0.0,1102.04,0.0,1054.81,1102.04,23.615,4.38,"[1102.04, 1054.81]","[6, 7]",13
assembly_1,2,0.2,subgraph_mip,time_balanced_weight,1,343,1105,13,1.18,0.329,0.001,0.005,0.006,390.68,1.1161,33.41,1160.13,5.27,996.72,1160.13,81.705,15.15,"[1160.13, 996.72]","[6, 7]",13
assembly_1,2,0.2,subgraph_mip,combined,1,343,1105,26,2.35,0.329,0.001,0.006,0.007,293.74,0.8366,0.0,1102.04,0.0,1054.81,1102.04,23.615,4.38,"[1102.04, 1054.81]","[6, 7]",13
assembly_1,2,0.2,subgraph_mip,blended,1,343,1105,13,1.18,0.329,0.001,0.006,0.007,325.57,0.8376,0.12,1092.52,-0.86,1064.33,1092.52,14.095,2.61,"[1092.52, 1064.33]","[6, 7]",13
assembly_1,2,0.2,subgraph_mip,blended_union,1,343,1105,31,2.81,0.329,0.008,0.044,0.052,41.85,0.8366,0.0,1102.04,0.0,1054.81,1102.04,23.615,4.38,"[1102.04, 1054.81]","[6, 7]",13
assembly_1,2,0.2,subgraph_mip,diverse,1,343,1105,13,1.18,0.329,0.003,0.01,0.013,170.02,0.8376,0.12,1092.52,-0.86,1064.33,1092.52,14.095,2.61,"[1092.52, 1064.33]","[6, 7]",13
assembly_1,2,0.2,subgraph_mip,edge_weight,2,343,1105,15,1.36,0.329,0.006,0.032,0.038,57.09,0.8366,0.0,1102.04,0.0,1054.81,1102.04,23.615,4.38,"[1102.04, 1054.81]","[6, 7]",13
assembly_1,2,0.2,subgraph_mip,time_balanced_weight,2,343,1105,20,1.81,0.329,0.004,0.013,0.017,126.52,1.1161,33.41,1160.13,5.27,996.72,1160.13,81.705,15.15,"[1160.13, 996.72]","[6, 7]",13
assembly_1,2,0.2,subgraph_mip,combined,2,343,1105,35,3.17,0.329,0.007,0.023,0.03,72.73,0.8366,0.0,1102.04,0.0,1054.81,1102.04,23.615,4.38,"[1102.04, 1054.81]","[6, 7]",13
assembly_1,2,0.2,subgraph_mip,blended,2,343,1105,15,1.36,0.329,0.004,0.015,0.018,119.52,0.8376,0.12,1092.52,-0.86,1064.33,1092.52,14.095,2.61,"[1092.52, 1064.33]","[6, 7]",13
assembly_1,2,0.2,subgraph_mip,blended_union,2,343,1105,36,3.26,0.329,0.029,0.1,0.129,16.92,0.8366,0.0,1102.04,0.0,1054.81,1102.04,23.615,4.38,"[1102.04, 1054.81]","[6, 7]",13
assembly_1,2,0.2,subgraph_mip,diverse,2,343,1105,26,2.35,0.329,0.007,0.026,0.033,65.37,0.8376,0.12,1092.52,-0.86,1064.33,1092.52,14.095,2.61,"[1092.52, 1064.33]","[6, 7]",13
assembly_1,2,0.2,subgraph_mip,edge_weight,5,343,1105,21,1.9,0.329,0.019,0.026,0.044,49.07,0.8366,0.0,1102.04,0.0,1054.81,1102.04,23.615,4.38,"[1102.04, 1054.81]","[6, 7]",13
assembly_1,2,0.2,subgraph_mip,time_balanced_weight,5,343,1105,29,2.62,0.329,0.006,0.008,0.014,160.08,1.0901,30.3,1122.33,1.84,1034.52,1122.33,43.905,8.14,"[1122.33, 1034.52]","[7, 6]",13
assembly_1,2,0.2,subgraph_mip,combined,5,343,1105,50,4.52,0.329,0.017,0.099,0.116,18.84,0.8366,0.0,1102.04,0.0,1054.81,1102.04,23.615,4.38,"[1102.04, 1054.81]","[6, 7]",13
assembly_1,2,0.2,subgraph_mip,blended,5,343,1105,19,1.72,0.329,0.01,0.036,0.046,47.6,0.8376,0.12,1092.52,-0.86,1064.33,1092.52,14.095,2.61,"[1092.52, 1064.33]","[6, 7]",13
assembly_1,2,0.2,subgraph_mip,blended_union,5,343,1105,49,4.43,0.329,0.036,0.156,0.193,11.33,0.8366,0.0,1102.04,0.0,1054.81,1102.04,23.615,4.38,"[1102.04, 1054.81]","[6, 7]",13
assembly_1,2,0.2,subgraph_mip,diverse,5,343,1105,65,5.88,0.329,0.005,0.277,0.282,7.74,0.8376,0.12,1092.52,-0.86,1064.33,1092.52,14.095,2.61,"[1092.52, 1064.33]","[6, 7]",13
assembly_1,2,0.2,subgraph_mip,edge_weight,10,343,1105,24,2.17,0.329,0.045,0.077,0.123,17.75,0.8366,0.0,1102.04,0.0,1054.81,1102.04,23.615,4.38,"[1102.04, 1054.81]","[6, 7]",13
assembly_1,2,0.2,subgraph_mip,time_balanced_weight,10,343,1105,39,3.53,0.329,0.019,0.022,0.042,52.12,1.0901,30.3,1122.33,1.84,1034.52,1122.33,43.905,8.14,"[1122.33, 1034.52]","[7, 6]",13
assembly_1,2,0.2,subgraph_mip,combined,10,343,1105,63,5.7,0.329,0.079,0.097,0.176,12.37,0.8366,0.0,1102.04,0.0,1054.81,1102.04,23.615,4.38,"[1102.04, 1054.81]","[6, 7]",13
assembly_1,2,0.2,subgraph_mip,blended,10,343,1105,27,2.44,0.329,0.051,0.077,0.127,17.13,0.8376,0.12,1092.52,-0.86,1064.33,1092.52,14.095,2.61,"[1092.52, 1064.33]","[6, 7]",13
assembly_1,2,0.2,subgraph_mip,blended_union,10,343,1105,64,5.79,0.329,0.086,0.12,0.206,10.59,0.8366,0.0,1102.04,0.0,1054.81,1102.04,23.615,4.38,"[1102.04, 1054.81]","[6, 7]",13
assembly_1,2,0.2,subgraph_mip,diverse,10,343,1105,126,11.4,0.329,0.007,0.167,0.174,12.52,0.8376,0.12,1092.52,-0.86,1064.33,1092.52,14.095,2.61,"[1092.52, 1064.33]","[6, 7]",13
assembly_1,2,0.2,subgraph_mip,edge_weight,20,343,1105,35,3.17,0.329,0.062,0.043,0.105,20.82,0.8366,0.0,1102.04,0.0,1054.81,1102.04,23.615,4.38,"[1102.04, 1054.81]","[6, 7]",13
assembly_1,2,0.2,subgraph_mip,time_balanced_weight,20,343,1105,49,4.43,0.329,0.033,0.063,0.096,22.71,1.0901,30.3,1122.33,1.84,1034.52,1122.33,43.905,8.14,"[1122.33, 1034.52]","[7, 6]",13
assembly_1,2,0.2,subgraph_mip,combined,20,343,1105,84,7.6,0.329,0.09,0.241,0.331,6.6,0.8366,0.0,1102.04,0.0,1054.81,1102.04,23.615,4.38,"[1102.04, 1054.81]","[6, 7]",13
assembly_1,2,0.2,subgraph_mip,blended,20,343,1105,35,3.17,0.329,0.076,0.123,0.198,11.0,0.8376,0.12,1092.52,-0.86,1064.33,1092.52,14.095,2.61,"[1092.52, 1064.33]","[6, 7]",13
assembly_1,2,0.2,subgraph_mip,blended_union,20,343,1105,87,7.87,0.329,0.154,0.243,0.396,5.51,0.8366,0.0,1102.04,0.0,1054.81,1102.04,23.615,4.38,"[1102.04, 1054.81]","[6, 7]",13
assembly_1,2,0.2,subgraph_mip,diverse,20,343,1105,239,21.63,0.329,0.012,0.342,0.354,6.17,0.8376,0.12,1092.52,-0.86,1064.33,1092.52,14.095,2.61,"[1092.52, 1064.33]","[6, 7]",13
assembly_1,2,0.2,subgraph_mip,edge_weight,50,343,1105,54,4.89,0.329,0.117,0.363,0.48,4.54,0.8366,0.0,1102.04,0.0,1054.81,1102.04,23.615,4.38,"[1102.04, 1054.81]","[6, 7]",13
assembly_1,2,0.2,subgraph_mip,time_balanced_weight,50,343,1105,74,6.7,0.329,0.077,0.173,0.25,8.74,1.086,29.81,1122.33,1.84,1034.52,1122.33,43.905,8.14,"[1122.33, 1034.52]","[7, 6]",13
assembly_1,2,0.2,subgraph_mip,combined,50,343,1105,127,11.49,0.329,0.181,0.418,0.599,3.64,0.8366,0.0,1102.04,0.0,1054.81,1102.04,23.615,4.38,"[1102.04, 1054.81]","[6, 7]",13
assembly_1,2,0.2,subgraph_mip,blended,50,343,1105,42,3.8,0.329,0.165,0.113,0.279,7.83,0.8376,0.12,1092.52,-0.86,1064.33,1092.52,14.095,2.61,"[1092.52, 1064.33]","[6, 7]",13
assembly_1,2,0.2,subgraph_mip,blended_union,50,343,1105,117,10.59,0.329,0.505,0.472,0.977,2.23,0.8366,0.0,1102.04,0.0,1054.81,1102.04,23.615,4.38,"[1102.04, 1054.81]","[6, 7]",13
assembly_1,2,0.2,subgraph_mip,diverse,50,343,1105,507,45.88,0.329,0.033,0.888,0.92,2.37,0.8376,0.12,1092.52,-0.86,1064.33,1092.52,14.095,2.61,"[1092.52, 1064.33]","[6, 7]",13
assembly_1,2,0.2,subgraph_mip,edge_weight,100,343,1105,78,7.06,0.329,0.259,0.138,0.398,5.49,0.8366,0.0,1102.04,0.0,1054.81,1102.04,23.615,4.38,"[1102.04, 1054.81]","[6, 7]",13
assembly_1,2,0.2,subgraph_mip,time_balanced_weight,100,343,1105,85,7.69,0.329,0.167,0.147,0.314,6.96,1.086,29.81,1122.33,1.84,1034.52,1122.33,43.905,8.14,"[1122.33, 1034.52]","[7, 6]",13
assembly_1,2,0.2,subgraph_mip,combined,100,343,1105,162,14.66,0.329,0.445,0.538,0.983,2.22,0.8366,0.0,1102.04,0.0,1054.81,1102.04,23.615,4.38,"[1102.04, 1054.81]","[6, 7]",13
assembly_1,2,0.2,subgraph_mip,blended,100,343,1105,54,4.89,0.329,0.294,0.207,0.501,4.36,0.8376,0.12,1100.04,-0.18,1056.81,1100.04,21.615,4.01,"[1100.04, 1056.81]","[6, 7]",13
assembly_1,2,0.2,subgraph_mip,blended_union,100,343,1105,167,15.11,0.329,0.679,1.104,1.783,1.22,0.8366,0.0,1102.04,0.0,1054.81,1102.04,23.615,4.38,"[1102.04, 1054.81]","[6, 7]",13
assembly_1,2,0.2,subgraph_mip,diverse,100,343,1105,752,68.05,0.329,0.043,2.074,2.117,1.03,0.8376,0.12,1092.52,-0.86,1064.33,1092.52,14.095,2.61,"[1092.52, 1064.33]","[6, 7]",13
assembly_1,2,0.2,subgraph_mip,edge_weight,200,343,1105,95,8.6,0.329,0.599,1.096,1.695,1.29,0.8366,0.0,1102.04,0.0,1054.81,1102.04,23.615,4.38,"[1102.04, 1054.81]","[6, 7]",13
assembly_1,2,0.2,subgraph_mip,time_balanced_weight,200,343,1105,118,10.68,0.329,0.311,0.433,0.744,2.93,1.0852,29.72,1122.33,1.84,1034.52,1122.33,43.905,8.14,"[1122.33, 1034.52]","[7, 6]",13
assembly_1,2,0.2,subgraph_mip,combined,200,343,1105,211,19.1,0.329,0.809,0.549,1.358,1.61,0.8366,0.0,1102.04,0.0,1054.81,1102.04,23.615,4.38,"[1102.04, 1054.81]","[6, 7]",13
assembly_1,2,0.2,subgraph_mip,blended,200,343,1105,86,7.78,0.329,0.554,0.724,1.277,1.71,0.8366,0.0,1102.04,0.0,1054.81,1102.04,23.615,4.38,"[1102.04, 1054.81]","[6, 7]",13
assembly_1,2,0.2,subgraph_mip,blended_union,200,343,1105,212,19.19,0.329,1.464,0.536,2.0,1.09,0.8366,0.0,1102.04,0.0,1054.81,1102.04,23.615,4.38,"[1102.04, 1054.81]","[6, 7]",13
assembly_1,2,0.2,subgraph_mip,diverse,200,343,1105,909,82.26,0.329,0.129,1.185,1.314,1.66,0.8366,0.0,1102.04,0.0,1054.81,1102.04,23.615,4.38,"[1102.04, 1054.81]","[6, 7]",13
assembly_1,2,0.2,subgraph_mip,edge_weight,500,343,1105,108,9.77,0.329,1.592,1.14,2.732,0.8,0.8366,0.0,1102.04,0.0,1054.81,1102.04,23.615,4.38,"[1102.04, 1054.81]","[6, 7]",13
assembly_1,2,0.2,subgraph_mip,time_balanced_weight,500,343,1105,170,15.38,0.329,1.003,0.243,1.246,1.75,1.0507,25.59,1104.13,0.19,1052.72,1104.13,25.705,4.77,"[1104.13, 1052.72]","[6, 7]",13
assembly_1,2,0.2,subgraph_mip,combined,500,343,1105,274,24.8,0.329,2.735,1.325,4.06,0.54,0.8366,0.0,1102.04,0.0,1054.81,1102.04,23.615,4.38,"[1102.04, 1054.81]","[6, 7]",13
assembly_1,2,0.2,subgraph_mip,blended,500,343,1105,126,11.4,0.329,1.427,0.713,2.139,1.02,0.8366,0.0,1102.04,0.0,1054.81,1102.04,23.615,4.38,"[1102.04, 1054.81]","[6, 7]",13
assembly_1,2,0.2,subgraph_mip,blended_union,500,343,1105,278,25.16,0.329,4.507,0.812,5.319,0.41,0.8366,0.0,1102.04,0.0,1054.81,1102.04,23.615,4.38,"[1102.04, 1054.81]","[6, 7]",13
assembly_1,2,0.2,subgraph_mip,diverse,500,343,1105,1043,94.39,0.329,0.449,1.686,2.135,1.02,0.8366,0.0,1102.04,0.0,1054.81,1102.04,23.615,4.38,"[1102.04, 1054.81]","[6, 7]",13
assembly_1,2,0.2,subgraph_mip,edge_weight,1000,343,1105,142,12.85,0.329,3.067,1.45,4.517,0.48,0.8366,0.0,1102.04,0.0,1054.81,1102.04,23.615,4.38,"[1102.04, 1054.81]","[6, 7]",13
assembly_1,2,0.2,subgraph_mip,time_balanced_weight,1000,343,1105,223,20.18,0.329,2.106,0.834,2.939,0.74,1.0415,24.5,1104.13,0.19,1052.72,1104.13,25.705,4.77,"[1104.13, 1052.72]","[6, 7]",13
assembly_1,2,0.2,subgraph_mip,combined,1000,343,1105,359,32.49,0.329,5.667,1.352,7.019,0.31,0.8366,0.0,1102.04,0.0,1054.81,1102.04,23.615,4.38,"[1102.04, 1054.81]","[6, 7]",13
assembly_1,2,0.2,subgraph_mip,blended,1000,343,1105,147,13.3,0.329,3.051,0.647,3.698,0.59,0.8366,0.0,1102.04,0.0,1054.81,1102.04,23.615,4.38,"[1102.04, 1054.81]","[6, 7]",13
assembly_1,2,0.2,subgraph_mip,blended_union,1000,343,1105,305,27.6,0.329,9.127,1.288,10.414,0.21,0.8366,0.0,1102.04,0.0,1054.81,1102.04,23.615,4.38,"[1102.04, 1054.81]","[6, 7]",13
assembly_1,2,0.2,subgraph_mip,diverse,1000,343,1105,1101,99.64,0.329,0.937,1.403,2.34,0.93,0.8366,0.0,1102.04,0.0,1054.81,1102.04,23.615,4.38,"[1102.04, 1054.81]","[6, 7]",13
assembly_1,2,0.2,subgraph_mip,edge_weight,2000,343,1105,185,16.74,0.329,7.369,1.094,8.463,0.26,0.8366,0.0,1102.04,0.0,1054.81,1102.04,23.615,4.38,"[1102.04, 1054.81]","[6, 7]",13
assembly_1,2,0.2,subgraph_mip,time_balanced_weight,2000,343,1105,291,26.33,0.329,5.494,1.103,6.596,0.33,1.0303,23.16,1104.13,0.19,1052.72,1104.13,25.705,4.77,"[1104.13, 1052.72]","[6, 7]",13
assembly_1,2,0.2,subgraph_mip,combined,2000,343,1105,464,41.99,0.329,12.548,1.99,14.538,0.15,0.8366,0.0,1102.04,0.0,1054.81,1102.04,23.615,4.38,"[1102.04, 1054.81]","[6, 7]",13
assembly_1,2,0.2,subgraph_mip,blended,2000,343,1105,164,14.84,0.329,7.673,0.972,8.645,0.25,0.8366,0.0,1102.04,0.0,1054.81,1102.04,23.615,4.38,"[1102.04, 1054.81]","[6, 7]",13
assembly_1,2,0.2,subgraph_mip,blended_union,2000,343,1105,356,32.22,0.329,22.184,1.054,23.238,0.09,0.8366,0.0,1102.04,0.0,1054.81,1102.04,23.615,4.38,"[1102.04, 1054.81]","[6, 7]",13
assembly_1,2,0.2,subgraph_mip,diverse,2000,343,1105,1105,100.0,0.329,2.132,2.461,4.593,0.48,0.8366,0.0,1102.04,0.0,1054.81,1102.04,23.615,4.38,"[1102.04, 1054.81]","[6, 7]",13
assembly_1,2,0.2,subgraph_mip,edge_weight,5000,343,1105,232,21.0,0.329,30.917,1.49,32.407,0.07,0.8366,0.0,1102.04,0.0,1054.81,1102.04,23.615,4.38,"[1102.04, 1054.81]","[6, 7]",13
assembly_1,2,0.2,subgraph_mip,time_balanced_weight,5000,343,1105,382,34.57,0.329,22.363,0.759,23.122,0.09,1.0224,22.21,1108.32,0.57,1048.53,1108.32,29.895,5.54,"[1108.32, 1048.53]","[6, 7]",13
assembly_1,2,0.2,subgraph_mip,combined,5000,343,1105,593,53.67,0.329,53.047,2.861,55.909,0.04,0.8366,-0.0,1102.04,0.0,1054.81,1102.04,23.615,4.38,"[1102.04, 1054.81]","[6, 7]",13
assembly_1,2,0.2,subgraph_mip,blended,5000,343,1105,214,19.37,0.329,33.934,0.98,34.914,0.06,0.8366,0.0,1102.04,0.0,1054.81,1102.04,23.615,4.38,"[1102.04, 1054.81]","[6, 7]",13
assembly_1,2,0.2,subgraph_mip,blended_union,5000,343,1105,482,43.62,0.329,96.64,1.903,98.543,0.02,0.8366,0.0,1102.04,0.0,1054.81,1102.04,23.615,4.38,"[1102.04, 1054.81]","[6, 7]",13
assembly_1,2,0.2,subgraph_mip,diverse,5000,343,1105,1105,100.0,0.329,5.033,2.79,7.822,0.28,0.8366,0.0,1102.04,0.0,1054.81,1102.04,23.615,4.38,"[1102.04, 1054.81]","[6, 7]",13
assembly_1,2,0.25,full_mip,—,,343,1105,1105,100.0,0.274,0.0,1.635,1.635,1.0,0.8375,0.0,1102.04,0.0,1054.81,1102.04,23.615,4.38,"[1102.04, 1054.81]","[6, 7]",13
assembly_1,2,0.25,subgraph_mip,edge_weight,1,343,1105,13,1.18,0.274,0.001,0.011,0.012,134.22,0.8375,-0.0,1102.04,0.0,1054.81,1102.04,23.615,4.38,"[1102.04, 1054.81]","[6, 7]",13
assembly_1,2,0.25,subgraph_mip,time_balanced_weight,1,343,1105,13,1.18,0.274,0.001,0.012,0.013,129.05,1.1023,31.62,1160.13,5.27,996.72,1160.13,81.705,15.15,"[1160.13, 996.72]","[6, 7]",13
assembly_1,2,0.25,subgraph_mip,combined,1,343,1105,26,2.35,0.274,0.001,0.014,0.015,108.89,0.8375,-0.0,1102.04,0.0,1054.81,1102.04,23.615,4.38,"[1102.04, 1054.81]","[6, 7]",13
assembly_1,2,0.25,subgraph_mip,blended,1,343,1105,13,1.18,0.274,0.001,0.009,0.009,174.99,0.838,0.06,1092.52,-0.86,1064.33,1092.52,14.095,2.61,"[1092.52, 1064.33]","[6, 7]",13
assembly_1,2,0.25,subgraph_mip,blended_union,1,343,1105,31,2.81,0.274,0.012,0.07,0.082,19.95,0.8375,0.0,1102.04,0.0,1054.81,1102.04,23.615,4.38,"[1102.04, 1054.81]","[6, 7]",13
assembly_1,2,0.25,subgraph_mip,diverse,1,343,1105,13,1.18,0.274,0.006,0.005,0.011,147.72,0.838,0.06,1092.52,-0.86,1064.33,1092.52,14.095,2.61,"[1092.52, 1064.33]","[6, 7]",13
assembly_1,2,0.25,subgraph_mip,edge_weight,2,343,1105,15,1.36,0.274,0.003,0.015,0.018,89.46,0.8375,0.0,1102.04,0.0,1054.81,1102.04,23.615,4.38,"[1102.04, 1054.81]","[6, 7]",13
assembly_1,2,0.25,subgraph_mip,time_balanced_weight,2,343,1105,20,1.81,0.274,0.002,0.006,0.008,199.97,1.1023,31.62,1160.13,5.27,996.72,1160.13,81.705,15.15,"[1160.13, 996.72]","[6, 7]",13
assembly_1,2,0.25,subgraph_mip,combined,2,343,1105,35,3.17,0.274,0.005,0.015,0.02,82.31,0.8375,0.0,1102.04,0.0,1054.81,1102.04,23.615,4.38,"[1102.04, 1054.81]","[6, 7]",13
assembly_1,2,0.25,subgraph_mip,blended,2,343,1105,15,1.36,0.274,0.003,0.025,0.028,58.31,0.838,0.06,1092.52,-0.86,1064.33,1092.52,14.095,2.61,"[1092.52, 1064.33]","[6, 7]",13
assembly_1,2,0.25,subgraph_mip,blended_union,2,343,1105,36,3.26,0.274,0.015,0.055,0.07,23.38,0.8375,0.0,1102.04,0.0,1054.81,1102.04,23.615,4.38,"[1102.04, 1054.81]","[6, 7]",13
assembly_1,2,0.25,subgraph_mip,diverse,2,343,1105,26,2.35,0.274,0.003,0.022,0.025,65.02,0.838,0.06,1092.52,-0.86,1064.33,1092.52,14.095,2.61,"[1092.52, 1064.33]","[6, 7]",13
assembly_1,2,0.25,subgraph_mip,edge_weight,5,343,1105,21,1.9,0.274,0.01,0.043,0.053,30.87,0.8375,0.0,1102.04,0.0,1054.81,1102.04,23.615,4.38,"[1102.04, 1054.81]","[6, 7]",13
assembly_1,2,0.25,subgraph_mip,time_balanced_weight,5,343,1105,29,2.62,0.274,0.006,0.009,0.016,105.35,1.0761,28.49,1122.33,1.84,1034.52,1122.33,43.905,8.14,"[1122.33, 1034.52]","[7, 6]",13
assembly_1,2,0.25,subgraph_mip,combined,5,343,1105,50,4.52,0.274,0.018,0.097,0.115,14.2,0.8375,0.0,1102.04,0.0,1054.81,1102.04,23.615,4.38,"[1102.04, 1054.81]","[6, 7]",13
assembly_1,2,0.25,subgraph_mip,blended,5,343,1105,19,1.72,0.274,0.009,0.044,0.053,30.69,0.838,0.06,1092.52,-0.86,1064.33,1092.52,14.095,2.61,"[1092.52, 1064.33]","[6, 7]",13
assembly_1,2,0.25,subgraph_mip,blended_union,5,343,1105,49,4.43,0.274,0.048,0.125,0.173,9.43,0.8375,0.0,1102.04,0.0,1054.81,1102.04,23.615,4.38,"[1102.04, 1054.81]","[6, 7]",13
assembly_1,2,0.25,subgraph_mip,diverse,5,343,1105,65,5.88,0.274,0.01,0.161,0.171,9.57,0.838,0.06,1092.52,-0.86,1064.33,1092.52,14.095,2.61,"[1092.52, 1064.33]","[6, 7]",13
assembly_1,2,0.25,subgraph_mip,edge_weight,10,343,1105,24,2.17,0.274,0.02,0.1,0.12,13.57,0.8375,0.0,1102.04,0.0,1054.81,1102.04,23.615,4.38,"[1102.04, 1054.81]","[6, 7]",13
assembly_1,2,0.25,subgraph_mip,time_balanced_weight,10,343,1105,39,3.53,0.274,0.014,0.062,0.076,21.59,1.0761,28.49,1122.33,1.84,1034.52,1122.33,43.905,8.14,"[1122.33, 1034.52]","[7, 6]",13
assembly_1,2,0.25,subgraph_mip,combined,10,343,1105,63,5.7,0.274,0.032,0.102,0.134,12.18,0.8375,0.0,1102.04,0.0,1054.81,1102.04,23.615,4.38,"[1102.04, 1054.81]","[6, 7]",13
assembly_1,2,0.25,subgraph_mip,blended,10,343,1105,27,2.44,0.274,0.02,0.065,0.084,19.38,0.838,0.06,1092.52,-0.86,1064.33,1092.52,14.095,2.61,"[1092.52, 1064.33]","[6, 7]",13
assembly_1,2,0.25,subgraph_mip,blended_union,10,343,1105,64,5.79,0.274,0.063,0.276,0.339,4.82,0.8375,0.0,1102.04,0.0,1054.81,1102.04,23.615,4.38,"[1102.04, 1054.81]","[6, 7]",13
assembly_1,2,0.25,subgraph_mip,diverse,10,343,1105,126,11.4,0.274,0.008,0.294,0.302,5.41,0.838,0.06,1092.52,-0.86,1064.33,1092.52,14.095,2.61,"[1092.52, 1064.33]","[6, 7]",13
assembly_1,2,0.25,subgraph_mip,edge_weight,20,343,1105,35,3.17,0.274,0.049,0.103,0.152,10.77,0.8375,0.0,1102.04,0.0,1054.81,1102.04,23.615,4.38,"[1102.04, 1054.81]","[6, 7]",13
assembly_1,2,0.25,subgraph_mip,time_balanced_weight,20,343,1105,49,4.43,0.274,0.043,0.082,0.125,13.05,1.0761,28.49,1122.33,1.84,1034.52,1122.33,43.905,8.14,"[1122.33, 1034.52]","[7, 6]",13
assembly_1,2,0.25,subgraph_mip,combined,20,343,1105,84,7.6,0.274,0.097,0.162,0.26,6.29,0.8375,0.0,1102.04,0.0,1054.81,1102.04,23.615,4.38,"[1102.04, 1054.81]","[6, 7]",13
assembly_1,2,0.25,subgraph_mip,blended,20,343,1105,35,3.17,0.274,0.048,0.089,0.138,11.86,0.838,0.06,1092.52,-0.86,1064.33,1092.52,14.095,2.61,"[1092.52, 1064.33]","[6, 7]",13
assembly_1,2,0.25,subgraph_mip,blended_union,20,343,1105,87,7.87,0.274,0.143,0.489,0.631,2.59,0.8375,-0.0,1102.04,0.0,1054.81,1102.04,23.615,4.38,"[1102.04, 1054.81]","[6, 7]",13
assembly_1,2,0.25,subgraph_mip,diverse,20,343,1105,239,21.63,0.274,0.012,0.362,0.375,4.36,0.838,0.06,1092.52,-0.86,1064.33,1092.52,14.095,2.61,"[1092.52, 1064.33]","[6, 7]",13
assembly_1,2,0.25,subgraph_mip,edge_weight,50,343,1105,54,4.89,0.274,0.105,0.078,0.183,8.94,0.8375,-0.0,1102.04,0.0,1054.81,1102.04,23.615,4.38,"[1102.04, 1054.81]","[6, 7]",13
assembly_1,2,0.25,subgraph_mip,time_balanced_weight,50,343,1105,74,6.7,0.274,0.071,0.167,0.238,6.86,1.0723,28.04,1122.33,1.84,1034.52,1122.33,43.905,8.14,"[1122.33, 1034.52]","[7, 6]",13
assembly_1,2,0.25,subgraph_mip,combined,50,343,1105,127,11.49,0.274,0.206,0.551,0.757,2.16,0.8375,0.0,1102.04,0.0,1054.81,1102.04,23.615,4.38,"[1102.04, 1054.81]","[6, 7]",13
assembly_1,2,0.25,subgraph_mip,blended,50,343,1105,42,3.8,0.274,0.128,0.154,0.283,5.78,0.838,0.06,1092.52,-0.86,1064.33,1092.52,14.095,2.61,"[1092.52, 1064.33]","[6, 7]",13
assembly_1,2,0.25,subgraph_mip,blended_union,50,343,1105,117,10.59,0.274,0.44,0.285,0.724,2.26,0.8375,0.0,1102.04,0.0,1054.81,1102.04,23.615,4.38,"[1102.04, 1054.81]","[6, 7]",13
assembly_1,2,0.25,subgraph_mip,diverse,50,343,1105,507,45.88,0.274,0.022,0.856,0.879,1.86,0.838,0.06,1092.52,-0.86,1064.33,1092.52,14.095,2.61,"[1092.52, 1064.33]","[6, 7]",13
assembly_1,2,0.25,subgraph_mip,edge_weight,100,343,1105,78,7.06,0.274,0.279,0.092,0.371,4.4,0.8375,0.0,1102.04,0.0,1054.81,1102.04,23.615,4.38,"[1102.04, 1054.81]","[6, 7]",13
assembly_1,2,0.25,subgraph_mip,time_balanced_weight,100,343,1105,85,7.69,0.274,0.162,0.183,0.346,4.73,1.0723,28.04,1122.33,1.84,1034.52,1122.33,43.905,8.14,"[1122.33, 1034.52]","[7, 6]",13
assembly_1,2,0.25,subgraph_mip,combined,100,343,1105,162,14.66,0.274,0.441,0.523,0.964,1.7,0.8375,-0.0,1102.04,0.0,1054.81,1102.04,23.615,4.38,"[1102.04, 1054.81]","[6, 7]",13
assembly_1,2,0.25,subgraph_mip,blended,100,343,1105,46,4.16,0.274,0.321,0.158,0.479,3.41,0.838,0.06,1092.52,-0.86,1064.33,1092.52,14.095,2.61,"[1092.52, 1064.33]","[6, 7]",13
assembly_1,2,0.25,subgraph_mip,blended_union,100,343,1105,167,15.11,0.274,0.839,0.358,1.198,1.37,0.8375,0.0,1102.04,0.0,1054.81,1102.04,23.615,4.38,"[1102.04, 1054.81]","[6, 7]",13
assembly_1,2,0.25,subgraph_mip,diverse,100,343,1105,744,67.33,0.274,0.063,1.024,1.086,1.5,0.838,0.06,1092.52,-0.86,1064.33,1092.52,14.095,2.61,"[1092.52, 1064.33]","[6, 7]",13
assembly_1,2,0.25,subgraph_mip,edge_weight,200,343,1105,95,8.6,0.274,0.529,0.194,0.724,2.26,0.8375,0.0,1102.04,0.0,1054.81,1102.04,23.615,4.38,"[1102.04, 1054.81]","[6, 7]",13
assembly_1,2,0.25,subgraph_mip,time_balanced_weight,200,343,1105,118,10.68,0.274,0.283,0.223,0.506,3.23,1.0716,27.95,1122.33,1.84,1034.52,1122.33,43.905,8.14,"[1122.33, 1034.52]","[7, 6]",13
assembly_1,2,0.25,subgraph_mip,combined,200,343,1105,211,19.1,0.274,0.754,0.746,1.501,1.09,0.8375,0.0,1102.04,0.0,1054.81,1102.04,23.615,4.38,"[1102.04, 1054.81]","[6, 7]",13
assembly_1,2,0.25,subgraph_mip,blended,200,343,1105,71,6.43,0.274,0.506,0.256,0.763,2.14,0.838,0.06,1092.52,-0.86,1064.33,1092.52,14.095,2.61,"[1092.52, 1064.33]","[6, 7]",13
assembly_1,2,0.25,subgraph_mip,blended_union,200,343,1105,212,19.19,0.274,1.383,0.602,1.984,0.82,0.8375,0.0,1102.04,0.0,1054.81,1102.04,23.615,4.38,"[1102.04, 1054.81]","[6, 7]",13
assembly_1,2,0.25,subgraph_mip,diverse,200,343,1105,911,82.44,0.274,0.117,1.688,1.805,0.91,0.838,0.06,1092.52,-0.86,1064.33,1092.52,14.095,2.61,"[1092.52, 1064.33]","[6, 7]",13
assembly_1,2,0.25,subgraph_mip,edge_weight,500,343,1105,108,9.77,0.274,1.286,0.709,1.994,0.82,0.8375,0.0,1102.04,0.0,1054.81,1102.04,23.615,4.38,"[1102.04, 1054.81]","[6, 7]",13
assembly_1,2,0.25,subgraph_mip,time_balanced_weight,500,343,1105,170,15.38,0.274,0.803,0.258,1.06,1.54,1.0383,23.98,1104.13,0.19,1052.72,1104.13,25.705,4.77,"[1104.13, 1052.72]","[6, 7]",13
assembly_1,2,0.25,subgraph_mip,combined,500,343,1105,274,24.8,0.274,2.021,0.916,2.937,0.56,0.8375,0.0,1102.04,0.0,1054.81,1102.04,23.615,4.38,"[1102.04, 1054.81]","[6, 7]",13
assembly_1,2,0.25,subgraph_mip,blended,500,343,1105,115,10.41,0.274,1.545,1.342,2.887,0.57,0.8375,-0.0,1102.04,0.0,1054.81,1102.04,23.615,4.38,"[1102.04, 1054.81]","[6, 7]",13
assembly_1,2,0.25,subgraph_mip,blended_union,500,343,1105,278,25.16,0.274,4.877,1.115,5.992,0.27,0.8375,0.0,1102.04,0.0,1054.81,1102.04,23.615,4.38,"[1102.04, 1054.81]","[6, 7]",13
assembly_1,2,0.25,subgraph_mip,diverse,500,343,1105,1046,94.66,0.274,0.41,1.349,1.758,0.93,0.8375,0.0,1102.04,0.0,1054.81,1102.04,23.615,4.38,"[1102.04, 1054.81]","[6, 7]",13
assembly_1,2,0.25,subgraph_mip,edge_weight,1000,343,1105,142,12.85,0.274,3.177,1.366,4.542,0.36,0.8375,0.0,1102.04,0.0,1054.81,1102.04,23.615,4.38,"[1102.04, 1054.81]","[6, 7]",13
assembly_1,2,0.25,subgraph_mip,time_balanced_weight,1000,343,1105,223,20.18,0.274,2.143,1.424,3.567,0.46,1.0297,22.96,1104.13,0.19,1052.72,1104.13,25.705,4.77,"[1104.13, 1052.72]","[6, 7]",13
assembly_1,2,0.25,subgraph_mip,combined,1000,343,1105,359,32.49,0.274,5.396,1.208,6.604,0.25,0.8375,0.0,1102.04,0.0,1054.81,1102.04,23.615,4.38,"[1102.04, 1054.81]","[6, 7]",13
assembly_1,2,0.25,subgraph_mip,blended,1000,343,1105,144,13.03,0.274,3.335,0.487,3.823,0.43,0.8375,0.0,1102.04,0.0,1054.81,1102.04,23.615,4.38,"[1102.04, 1054.81]","[6, 7]",13
assembly_1,2,0.25,subgraph_mip,blended_union,1000,343,1105,305,27.6,0.274,9.733,0.701,10.434,0.16,0.8375,0.0,1102.04,0.0,1054.81,1102.04,23.615,4.38,"[1102.04, 1054.81]","[6, 7]",13
assembly_1,2,0.25,subgraph_mip,diverse,1000,343,1105,1102,99.73,0.274,0.844,1.607,2.451,0.67,0.8375,0.0,1102.04,0.0,1054.81,1102.04,23.615,4.38,"[1102.04, 1054.81]","[6, 7]",13
assembly_1,2,0.25,subgraph_mip,edge_weight,2000,343,1105,185,16.74,0.274,6.991,0.953,7.944,0.21,0.8375,0.0,1102.04,0.0,1054.81,1102.04,23.615,4.38,"[1102.04, 1054.81]","[6, 7]",13
assembly_1,2,0.25,subgraph_mip,time_balanced_weight,2000,343,1105,291,26.33,0.274,5.594,0.62,6.214,0.26,1.0192,21.7,1104.13,0.19,1052.72,1104.13,25.705,4.77,"[1104.13, 1052.72]","[6, 7]",13
assembly_1,2,0.25,subgraph_mip,combined,2000,343,1105,464,41.99,0.274,12.819,2.409,15.228,0.11,0.8375,0.0,1102.04,0.0,1054.81,1102.04,23.615,4.38,"[1102.04, 1054.81]","[6, 7]",13
assembly_1,2,0.25,subgraph_mip,blended,2000,343,1105,164,14.84,0.274,7.442,0.801,8.243,0.2,0.8375,0.0,1102.04,0.0,1054.81,1102.04,23.615,4.38,"[1102.04, 1054.81]","[6, 7]",13
assembly_1,2,0.25,subgraph_mip,blended_union,2000,343,1105,356,32.22,0.274,22.37,0.929,23.299,0.07,0.8375,0.0,1102.04,0.0,1054.81,1102.04,23.615,4.38,"[1102.04, 1054.81]","[6, 7]",13
assembly_1,2,0.25,subgraph_mip,diverse,2000,343,1105,1105,100.0,0.274,2.123,1.786,3.908,0.42,0.8375,0.0,1102.04,0.0,1054.81,1102.04,23.615,4.38,"[1102.04, 1054.81]","[6, 7]",13
assembly_1,2,0.25,subgraph_mip,edge_weight,5000,343,1105,232,21.0,0.274,30.021,1.208,31.229,0.05,0.8375,0.0,1102.04,0.0,1054.81,1102.04,23.615,4.38,"[1102.04, 1054.81]","[6, 7]",13
assembly_1,2,0.25,subgraph_mip,time_balanced_weight,5000,343,1105,382,34.57,0.274,22.046,1.052,23.097,0.07,1.012,20.84,1108.32,0.57,1048.53,1108.32,29.895,5.54,"[1108.32, 1048.53]","[6, 7]",13
assembly_1,2,0.25,subgraph_mip,combined,5000,343,1105,593,53.67,0.274,54.207,2.235,56.443,0.03,0.8375,-0.0,1102.04,0.0,1054.81,1102.04,23.615,4.38,"[1102.04, 1054.81]","[6, 7]",13
assembly_1,2,0.25,subgraph_mip,blended,5000,343,1105,207,18.73,0.274,33.985,0.844,34.829,0.05,0.8375,-0.0,1102.04,0.0,1054.81,1102.04,23.615,4.38,"[1102.04, 1054.81]","[6, 7]",13
assembly_1,2,0.25,subgraph_mip,blended_union,5000,343,1105,482,43.62,0.274,94.801,1.849,96.65,0.02,0.8375,-0.0,1102.04,0.0,1054.81,1102.04,23.615,4.38,"[1102.04, 1054.81]","[6, 7]",13
assembly_1,2,0.25,subgraph_mip,diverse,5000,343,1105,1105,100.0,0.274,5.68,2.021,7.701,0.21,0.8375,0.0,1102.04,0.0,1054.81,1102.04,23.615,4.38,"[1102.04, 1054.81]","[6, 7]",13
assembly_1,2,0.3,full_mip,—,,343,1105,1105,100.0,0.319,0.0,2.007,2.007,1.0,0.8384,0.0,1092.52,0.0,1064.33,1092.52,14.095,2.61,"[1092.52, 1064.33]","[6, 7]",13
assembly_1,2,0.3,subgraph_mip,edge_weight,1,343,1105,13,1.18,0.319,0.001,0.008,0.009,218.03,0.8384,0.0,1102.04,0.87,1054.81,1102.04,23.615,4.38,"[1102.04, 1054.81]","[6, 7]",13
assembly_1,2,0.3,subgraph_mip,time_balanced_weight,1,343,1105,13,1.18,0.319,0.001,0.011,0.012,171.07,1.0886,29.84,1160.13,6.19,996.72,1160.13,81.705,15.15,"[1160.13, 996.72]","[6, 7]",13
assembly_1,2,0.3,subgraph_mip,combined,1,343,1105,26,2.35,0.319,0.001,0.014,0.015,129.75,0.8384,0.0,1102.04,0.87,1054.81,1102.04,23.615,4.38,"[1102.04, 1054.81]","[6, 7]",13
assembly_1,2,0.3,subgraph_mip,blended,1,343,1105,13,1.18,0.319,0.001,0.014,0.014,138.8,0.8384,-0.0,1092.52,0.0,1064.33,1092.52,14.095,2.61,"[1092.52, 1064.33]","[6, 7]",13
assembly_1,2,0.3,subgraph_mip,blended_union,1,343,1105,31,2.81,0.319,0.01,0.032,0.041,48.72,0.8384,-0.0,1092.52,0.0,1064.33,1092.52,14.095,2.61,"[1092.52, 1064.33]","[6, 7]",13
assembly_1,2,0.3,subgraph_mip,diverse,1,343,1105,13,1.18,0.319,0.003,0.013,0.016,128.58,0.8384,-0.0,1092.52,0.0,1064.33,1092.52,14.095,2.61,"[1092.52, 1064.33]","[6, 7]",13
assembly_1,2,0.3,subgraph_mip,edge_weight,2,343,1105,15,1.36,0.319,0.006,0.025,0.031,64.55,0.8384,0.0,1102.04,0.87,1054.81,1102.04,23.615,4.38,"[1102.04, 1054.81]","[6, 7]",13
assembly_1,2,0.3,subgraph_mip,time_balanced_weight,2,343,1105,20,1.81,0.319,0.004,0.012,0.017,121.34,1.0886,29.84,1160.13,6.19,996.72,1160.13,81.705,15.15,"[1160.13, 996.72]","[6, 7]",13
assembly_1,2,0.3,subgraph_mip,combined,2,343,1105,35,3.17,0.319,0.01,0.015,0.024,82.26,0.8384,0.0,1102.04,0.87,1054.81,1102.04,23.615,4.38,"[1102.04, 1054.81]","[6, 7]",13
assembly_1,2,0.3,subgraph_mip,blended,2,343,1105,15,1.36,0.319,0.007,0.022,0.029,69.67,0.8384,-0.0,1092.52,0.0,1064.33,1092.52,14.095,2.61,"[1092.52, 1064.33]","[6, 7]",13
assembly_1,2,0.3,subgraph_mip,blended_union,2,343,1105,36,3.26,0.319,0.024,0.077,0.101,19.84,0.8384,0.0,1092.52,0.0,1064.33,1092.52,14.095,2.61,"[1092.52, 1064.33]","[6, 7]",13
assembly_1,2,0.3,subgraph_mip,diverse,2,343,1105,26,2.35,0.319,0.007,0.055,0.062,32.61,0.8384,0.0,1092.52,0.0,1064.33,1092.52,14.095,2.61,"[1092.52, 1064.33]","[6, 7]",13
assembly_1,2,0.3,subgraph_mip,edge_weight,5,343,1105,21,1.9,0.319,0.018,0.055,0.074,27.29,0.8384,0.0,1102.04,0.87,1054.81,1102.04,23.615,4.38,"[1102.04, 1054.81]","[6, 7]",13
assembly_1,2,0.3,subgraph_mip,time_balanced_weight,5,343,1105,29,2.62,0.319,0.006,0.01,0.016,128.22,1.0622,26.69,1122.33,2.73,1034.52,1122.33,43.905,8.14,"[1122.33, 1034.52]","[7, 6]",13
assembly_1,2,0.3,subgraph_mip,combined,5,343,1105,50,4.52,0.319,0.015,0.111,0.126,15.88,0.8384,0.0,1102.04,0.87,1054.81,1102.04,23.615,4.38,"[1102.04, 1054.81]","[6, 7]",13
assembly_1,2,0.3,subgraph_mip,blended,5,343,1105,19,1.72,0.319,0.009,0.049,0.058,34.56,0.8384,0.0,1092.52,0.0,1064.33,1092.52,14.095,2.61,"[1092.52, 1064.33]","[6, 7]",13
assembly_1,2,0.3,subgraph_mip,blended_union,5,343,1105,49,4.43,0.319,0.046,0.138,0.183,10.94,0.8384,0.0,1092.52,0.0,1064.33,1092.52,14.095,2.61,"[1092.52, 1064.33]","[6, 7]",13
assembly_1,2,0.3,subgraph_mip,diverse,5,343,1105,65,5.88,0.319,0.01,0.252,0.262,7.65,0.8384,-0.0,1092.52,0.0,1064.33,1092.52,14.095,2.61,"[1092.52, 1064.33]","[6, 7]",13
assembly_1,2,0.3,subgraph_mip,edge_weight,10,343,1105,24,2.17,0.319,0.031,0.08,0.11,18.17,0.8384,0.0,1102.04,0.87,1054.81,1102.04,23.615,4.38,"[1102.04, 1054.81]","[6, 7]",13
assembly_1,2,0.3,subgraph_mip,time_balanced_weight,10,343,1105,39,3.53,0.319,0.021,0.036,0.057,35.45,1.0622,26.69,1122.33,2.73,1034.52,1122.33,43.905,8.14,"[1122.33, 1034.52]","[7, 6]",13
assembly_1,2,0.3,subgraph_mip,combined,10,343,1105,63,5.7,0.319,0.044,0.063,0.107,18.69,0.8384,0.0,1102.04,0.87,1054.81,1102.04,23.615,4.38,"[1102.04, 1054.81]","[6, 7]",13
assembly_1,2,0.3,subgraph_mip,blended,10,343,1105,27,2.44,0.319,0.037,0.071,0.108,18.56,0.8384,-0.0,1092.52,0.0,1064.33,1092.52,14.095,2.61,"[1092.52, 1064.33]","[6, 7]",13
assembly_1,2,0.3,subgraph_mip,blended_union,10,343,1105,64,5.79,0.319,0.077,0.16,0.238,8.44,0.8384,0.0,1092.52,0.0,1064.33,1092.52,14.095,2.61,"[1092.52, 1064.33]","[6, 7]",13
assembly_1,2,0.3,subgraph_mip,diverse,10,343,1105,126,11.4,0.319,0.016,0.184,0.2,10.02,0.8384,0.0,1092.52,0.0,1064.33,1092.52,14.095,2.61,"[1092.52, 1064.33]","[6, 7]",13
assembly_1,2,0.3,subgraph_mip,edge_weight,20,343,1105,35,3.17,0.319,0.067,0.04,0.108,18.64,0.8384,0.0,1102.04,0.87,1054.81,1102.04,23.615,4.38,"[1102.04, 1054.81]","[6, 7]",13
assembly_1,2,0.3,subgraph_mip,time_balanced_weight,20,343,1105,49,4.43,0.319,0.024,0.052,0.076,26.54,1.0622,26.69,1122.33,2.73,1034.52,1122.33,43.905,8.14,"[1122.33, 1034.52]","[7, 6]",13
assembly_1,2,0.3,subgraph_mip,combined,20,343,1105,84,7.6,0.319,0.116,0.169,0.285,7.03,0.8384,0.0,1102.04,0.87,1054.81,1102.04,23.615,4.38,"[1102.04, 1054.81]","[6, 7]",13
assembly_1,2,0.3,subgraph_mip,blended,20,343,1105,35,3.17,0.319,0.061,0.084,0.145,13.89,0.8384,0.0,1092.52,0.0,1064.33,1092.52,14.095,2.61,"[1092.52, 1064.33]","[6, 7]",13
assembly_1,2,0.3,subgraph_mip,blended_union,20,343,1105,87,7.87,0.319,0.179,0.278,0.457,4.39,0.8384,0.0,1092.52,0.0,1064.33,1092.52,14.095,2.61,"[1092.52, 1064.33]","[6, 7]",13
assembly_1,2,0.3,subgraph_mip,diverse,20,343,1105,239,21.63,0.319,0.012,0.436,0.448,4.48,0.8384,0.0,1092.52,0.0,1064.33,1092.52,14.095,2.61,"[1092.52, 1064.33]","[6, 7]",13
assembly_1,2,0.3,subgraph_mip,edge_weight,50,343,1105,54,4.89,0.319,0.144,0.21,0.354,5.67,0.8384,0.0,1092.52,0.0,1064.33,1092.52,14.095,2.61,"[1092.52, 1064.33]","[6, 7]",13
assembly_1,2,0.3,subgraph_mip,time_balanced_weight,50,343,1105,74,6.7,0.319,0.082,0.344,0.426,4.71,1.0586,26.26,1122.33,2.73,1034.52,1122.33,43.905,8.14,"[1122.33, 1034.52]","[7, 6]",13
assembly_1,2,0.3,subgraph_mip,combined,50,343,1105,127,11.49,0.319,0.246,0.723,0.97,2.07,0.8384,0.0,1092.52,0.0,1064.33,1092.52,14.095,2.61,"[1092.52, 1064.33]","[6, 7]",13
assembly_1,2,0.3,subgraph_mip,blended,50,343,1105,42,3.8,0.319,0.157,0.185,0.342,5.87,0.8384,0.0,1092.52,0.0,1064.33,1092.52,14.095,2.61,"[1092.52, 1064.33]","[6, 7]",13
assembly_1,2,0.3,subgraph_mip,blended_union,50,343,1105,117,10.59,0.319,0.515,0.597,1.112,1.8,0.8384,0.0,1092.52,0.0,1064.33,1092.52,14.095,2.61,"[1092.52, 1064.33]","[6, 7]",13
assembly_1,2,0.3,subgraph_mip,diverse,50,343,1105,508,45.97,0.319,0.036,1.426,1.462,1.37,0.8384,-0.0,1092.52,0.0,1064.33,1092.52,14.095,2.61,"[1092.52, 1064.33]","[6, 7]",13
assembly_1,2,0.3,subgraph_mip,edge_weight,100,343,1105,78,7.06,0.319,0.277,0.188,0.465,4.32,0.8384,0.0,1092.52,0.0,1064.33,1092.52,14.095,2.61,"[1092.52, 1064.33]","[6, 7]",13
assembly_1,2,0.3,subgraph_mip,time_balanced_weight,100,343,1105,85,7.69,0.319,0.189,0.281,0.47,4.27,1.0586,26.26,1122.33,2.73,1034.52,1122.33,43.905,8.14,"[1122.33, 1034.52]","[7, 6]",13
assembly_1,2,0.3,subgraph_mip,combined,100,343,1105,162,14.66,0.319,0.698,0.605,1.303,1.54,0.8384,-0.0,1092.52,0.0,1064.33,1092.52,14.095,2.61,"[1092.52, 1064.33]","[6, 7]",13
assembly_1,2,0.3,subgraph_mip,blended,100,343,1105,46,4.16,0.319,0.287,0.188,0.474,4.23,0.8384,0.0,1092.52,0.0,1064.33,1092.52,14.095,2.61,"[1092.52, 1064.33]","[6, 7]",13
assembly_1,2,0.3,subgraph_mip,blended_union,100,343,1105,167,15.11,0.319,0.84,0.547,1.388,1.45,0.8384,0.0,1092.52,0.0,1064.33,1092.52,14.095,2.61,"[1092.52, 1064.33]","[6, 7]",13
assembly_1,2,0.3,subgraph_mip,diverse,100,343,1105,753,68.14,0.319,0.05,1.544,1.595,1.26,0.8384,0.0,1092.52,0.0,1064.33,1092.52,14.095,2.61,"[1092.52, 1064.33]","[6, 7]",13
assembly_1,2,0.3,subgraph_mip,edge_weight,200,343,1105,95,8.6,0.319,0.542,0.153,0.696,2.88,0.8384,0.0,1092.52,0.0,1064.33,1092.52,14.095,2.61,"[1092.52, 1064.33]","[6, 7]",13
assembly_1,2,0.3,subgraph_mip,time_balanced_weight,200,343,1105,118,10.68,0.319,0.33,0.299,0.629,3.19,1.0579,26.18,1122.33,2.73,1034.52,1122.33,43.905,8.14,"[1122.33, 1034.52]","[7, 6]",13
assembly_1,2,0.3,subgraph_mip,combined,200,343,1105,211,19.1,0.319,0.882,0.437,1.32,1.52,0.8384,0.0,1092.52,0.0,1064.33,1092.52,14.095,2.61,"[1092.52, 1064.33]","[6, 7]",13
assembly_1,2,0.3,subgraph_mip,blended,200,343,1105,65,5.88,0.319,0.484,0.216,0.699,2.87,0.8384,0.0,1092.52,0.0,1064.33,1092.52,14.095,2.61,"[1092.52, 1064.33]","[6, 7]",13
assembly_1,2,0.3,subgraph_mip,blended_union,200,343,1105,212,19.19,0.319,1.379,0.394,1.773,1.13,0.8384,0.0,1092.52,0.0,1064.33,1092.52,14.095,2.61,"[1092.52, 1064.33]","[6, 7]",13
assembly_1,2,0.3,subgraph_mip,diverse,200,343,1105,906,81.99,0.319,0.143,2.052,2.195,0.91,0.8384,0.0,1092.52,0.0,1064.33,1092.52,14.095,2.61,"[1092.52, 1064.33]","[6, 7]",13
assembly_1,2,0.3,subgraph_mip,edge_weight,500,343,1105,108,9.77,0.319,1.485,0.197,1.682,1.19,0.8384,-0.0,1092.52,0.0,1064.33,1092.52,14.095,2.61,"[1092.52, 1064.33]","[6, 7]",13
assembly_1,2,0.3,subgraph_mip,time_balanced_weight,500,343,1105,170,15.38,0.319,1.026,0.393,1.418,1.41,1.026,22.37,1104.13,1.06,1052.72,1104.13,25.705,4.77,"[1104.13, 1052.72]","[6, 7]",13
assembly_1,2,0.3,subgraph_mip,combined,500,343,1105,274,24.8,0.319,2.823,0.609,3.432,0.58,0.8384,0.0,1092.52,0.0,1064.33,1092.52,14.095,2.61,"[1092.52, 1064.33]","[6, 7]",13
assembly_1,2,0.3,subgraph_mip,blended,500,343,1105,105,9.5,0.319,2.33,0.776,3.106,0.65,0.8384,0.0,1092.52,0.0,1064.33,1092.52,14.095,2.61,"[1092.52, 1064.33]","[6, 7]",13
assembly_1,2,0.3,subgraph_mip,blended_union,500,343,1105,278,25.16,0.319,5.941,0.613,6.553,0.31,0.8384,-0.0,1092.52,0.0,1064.33,1092.52,14.095,2.61,"[1092.52, 1064.33]","[6, 7]",13
assembly_1,2,0.3,subgraph_mip,diverse,500,343,1105,1049,94.93,0.319,0.45,1.851,2.301,0.87,0.8384,-0.0,1092.52,0.0,1064.33,1092.52,14.095,2.61,"[1092.52, 1064.33]","[6, 7]",13
assembly_1,2,0.3,subgraph_mip,edge_weight,1000,343,1105,142,12.85,0.319,3.604,0.556,4.159,0.48,0.8384,0.0,1092.52,0.0,1064.33,1092.52,14.095,2.61,"[1092.52, 1064.33]","[6, 7]",13
assembly_1,2,0.3,subgraph_mip,time_balanced_weight,1000,343,1105,223,20.18,0.319,2.641,0.874,3.515,0.57,1.0179,21.42,1104.13,1.06,1052.72,1104.13,25.705,4.77,"[1104.13, 1052.72]","[6, 7]",13
assembly_1,2,0.3,subgraph_mip,combined,1000,343,1105,359,32.49,0.319,6.164,1.54,7.703,0.26,0.8384,0.0,1092.52,0.0,1064.33,1092.52,14.095,2.61,"[1092.52, 1064.33]","[6, 7]",13
assembly_1,2,0.3,subgraph_mip,blended,1000,343,1105,132,11.95,0.319,3.157,0.81,3.967,0.51,0.8384,0.0,1092.52,0.0,1064.33,1092.52,14.095,2.61,"[1092.52, 1064.33]","[6, 7]",13
assembly_1,2,0.3,subgraph_mip,blended_union,1000,343,1105,305,27.6,0.319,10.471,0.809,11.28,0.18,0.8384,-0.0,1092.52,0.0,1064.33,1092.52,14.095,2.61,"[1092.52, 1064.33]","[6, 7]",13
assembly_1,2,0.3,subgraph_mip,diverse,1000,343,1105,1104,99.91,0.319,0.903,1.612,2.515,0.8,0.8384,0.0,1092.52,0.0,1064.33,1092.52,14.095,2.61,"[1092.52, 1064.33]","[6, 7]",13
assembly_1,2,0.3,subgraph_mip,edge_weight,2000,343,1105,185,16.74,0.319,7.312,0.608,7.92,0.25,0.8384,0.0,1092.52,0.0,1064.33,1092.52,14.095,2.61,"[1092.52, 1064.33]","[6, 7]",13
assembly_1,2,0.3,subgraph_mip,time_balanced_weight,2000,343,1105,291,26.33,0.319,5.986,0.637,6.622,0.3,1.0081,20.25,1104.13,1.06,1052.72,1104.13,25.705,4.77,"[1104.13, 1052.72]","[6, 7]",13
assembly_1,2,0.3,subgraph_mip,combined,2000,343,1105,464,41.99,0.319,13.37,0.788,14.158,0.14,0.8384,0.0,1092.52,0.0,1064.33,1092.52,14.095,2.61,"[1092.52, 1064.33]","[6, 7]",13
assembly_1,2,0.3,subgraph_mip,blended,2000,343,1105,162,14.66,0.319,8.416,0.849,9.266,0.22,0.8384,0.0,1092.52,0.0,1064.33,1092.52,14.095,2.61,"[1092.52, 1064.33]","[6, 7]",13
assembly_1,2,0.3,subgraph_mip,blended_union,2000,343,1105,356,32.22,0.319,26.709,0.916,27.625,0.07,0.8384,0.0,1092.52,0.0,1064.33,1092.52,14.095,2.61,"[1092.52, 1064.33]","[6, 7]",13
assembly_1,2,0.3,subgraph_mip,diverse,2000,343,1105,1105,100.0,0.319,1.923,2.374,4.297,0.47,0.8384,0.0,1092.52,0.0,1064.33,1092.52,14.095,2.61,"[1092.52, 1064.33]","[6, 7]",13
assembly_1,2,0.3,subgraph_mip,edge_weight,5000,343,1105,232,21.0,0.319,31.435,0.699,32.134,0.06,0.8384,0.0,1092.52,0.0,1064.33,1092.52,14.095,2.61,"[1092.52, 1064.33]","[6, 7]",13
assembly_1,2,0.3,subgraph_mip,time_balanced_weight,5000,343,1105,382,34.57,0.319,23.626,1.21,24.836,0.08,1.0016,19.47,1108.32,1.45,1048.53,1108.32,29.895,5.54,"[1108.32, 1048.53]","[6, 7]",13
assembly_1,2,0.3,subgraph_mip,combined,5000,343,1105,593,53.67,0.319,54.328,1.086,55.413,0.04,0.8384,-0.0,1092.52,0.0,1064.33,1092.52,14.095,2.61,"[1092.52, 1064.33]","[6, 7]",13
assembly_1,2,0.3,subgraph_mip,blended,5000,343,1105,209,18.91,0.319,35.901,0.597,36.499,0.05,0.8384,0.0,1092.52,0.0,1064.33,1092.52,14.095,2.61,"[1092.52, 1064.33]","[6, 7]",13
assembly_1,2,0.3,subgraph_mip,blended_union,5000,343,1105,482,43.62,0.319,112.487,1.356,113.843,0.02,0.8384,0.0,1092.52,0.0,1064.33,1092.52,14.095,2.61,"[1092.52, 1064.33]","[6, 7]",13
assembly_1,2,0.3,subgraph_mip,diverse,5000,343,1105,1105,100.0,0.319,6.539,2.257,8.796,0.23,0.8384,0.0,1092.52,0.0,1064.33,1092.52,14.095,2.61,"[1092.52, 1064.33]","[6, 7]",13
assembly_1,2,0.35,full_mip,—,,343,1105,1105,100.0,0.325,0.0,1.562,1.562,1.0,0.8388,0.0,1092.52,0.0,1064.33,1092.52,14.095,2.61,"[1092.52, 1064.33]","[6, 7]",13
assembly_1,2,0.35,subgraph_mip,edge_weight,1,343,1105,13,1.18,0.325,0.001,0.005,0.006,259.85,0.8393,0.06,1102.04,0.87,1054.81,1102.04,23.615,4.38,"[1102.04, 1054.81]","[6, 7]",13
assembly_1,2,0.35,subgraph_mip,time_balanced_weight,1,343,1105,13,1.18,0.325,0.001,0.009,0.009,165.89,1.0748,28.14,1160.13,6.19,996.72,1160.13,81.705,15.15,"[1160.13, 996.72]","[6, 7]",13
assembly_1,2,0.35,subgraph_mip,combined,1,343,1105,26,2.35,0.325,0.001,0.014,0.015,103.02,0.8393,0.06,1102.04,0.87,1054.81,1102.04,23.615,4.38,"[1102.04, 1054.81]","[6, 7]",13
assembly_1,2,0.35,subgraph_mip,blended,1,343,1105,13,1.18,0.325,0.001,0.011,0.011,136.18,0.8388,-0.0,1092.52,0.0,1064.33,1092.52,14.095,2.61,"[1092.52, 1064.33]","[6, 7]",13
assembly_1,2,0.35,subgraph_mip,blended_union,1,343,1105,31,2.81,0.325,0.008,0.025,0.034,46.37,0.8388,-0.0,1092.52,0.0,1064.33,1092.52,14.095,2.61,"[1092.52, 1064.33]","[6, 7]",13
assembly_1,2,0.35,subgraph_mip,diverse,1,343,1105,13,1.18,0.325,0.003,0.011,0.013,116.48,0.8388,-0.0,1092.52,0.0,1064.33,1092.52,14.095,2.61,"[1092.52, 1064.33]","[6, 7]",13
assembly_1,2,0.35,subgraph_mip,edge_weight,2,343,1105,15,1.36,0.325,0.006,0.024,0.029,53.02,0.8393,0.06,1102.04,0.87,1054.81,1102.04,23.615,4.38,"[1102.04, 1054.81]","[6, 7]",13
assembly_1,2,0.35,subgraph_mip,time_balanced_weight,2,343,1105,20,1.81,0.325,0.004,0.012,0.016,97.93,1.0748,28.14,1160.13,6.19,996.72,1160.13,81.705,15.15,"[1160.13, 996.72]","[6, 7]",13
assembly_1,2,0.35,subgraph_mip,combined,2,343,1105,35,3.17,0.325,0.01,0.024,0.034,46.4,0.8393,0.06,1102.04,0.87,1054.81,1102.04,23.615,4.38,"[1102.04, 1054.81]","[6, 7]",13
assembly_1,2,0.35,subgraph_mip,blended,2,343,1105,15,1.36,0.325,0.006,0.023,0.029,54.33,0.8388,-0.0,1092.52,0.0,1064.33,1092.52,14.095,2.61,"[1092.52, 1064.33]","[6, 7]",13
assembly_1,2,0.35,subgraph_mip,blended_union,2,343,1105,36,3.26,0.325,0.02,0.126,0.146,10.71,0.8388,-0.0,1092.52,0.0,1064.33,1092.52,14.095,2.61,"[1092.52, 1064.33]","[6, 7]",13
assembly_1,2,0.35,subgraph_mip,diverse,2,343,1105,26,2.35,0.325,0.003,0.037,0.04,38.98,0.8388,0.0,1092.52,0.0,1064.33,1092.52,14.095,2.61,"[1092.52, 1064.33]","[6, 7]",13
assembly_1,2,0.35,subgraph_mip,edge_weight,5,343,1105,21,1.9,0.325,0.02,0.048,0.068,23.03,0.8393,0.06,1102.04,0.87,1054.81,1102.04,23.615,4.38,"[1102.04, 1054.81]","[6, 7]",13
assembly_1,2,0.35,subgraph_mip,time_balanced_weight,5,343,1105,29,2.62,0.325,0.011,0.027,0.038,41.54,1.0482,24.97,1122.33,2.73,1034.52,1122.33,43.905,8.14,"[1122.33, 1034.52]","[7, 6]",13
assembly_1,2,0.35,subgraph_mip,combined,5,343,1105,50,4.52,0.325,0.022,0.093,0.114,13.67,0.8393,0.06,1102.04,0.87,1054.81,1102.04,23.615,4.38,"[1102.04, 1054.81]","[6, 7]",13
assembly_1,2,0.35,subgraph_mip,blended,5,343,1105,19,1.72,0.325,0.018,0.039,0.057,27.48,0.8388,-0.0,1092.52,0.0,1064.33,1092.52,14.095,2.61,"[1092.52, 1064.33]","[6, 7]",13
assembly_1,2,0.35,subgraph_mip,blended_union,5,343,1105,49,4.43,0.325,0.047,0.109,0.156,10.02,0.8388,0.0,1092.52,0.0,1064.33,1092.52,14.095,2.61,"[1092.52, 1064.33]","[6, 7]",13
assembly_1,2,0.35,subgraph_mip,diverse,5,343,1105,65,5.88,0.325,0.005,0.14,0.145,10.79,0.8388,-0.0,1092.52,0.0,1064.33,1092.52,14.095,2.61,"[1092.52, 1064.33]","[6, 7]",13
assembly_1,2,0.35,subgraph_mip,edge_weight,10,343,1105,24,2.17,0.325,0.038,0.066,0.104,14.99,0.8393,0.06,1102.04,0.87,1054.81,1102.04,23.615,4.38,"[1102.04, 1054.81]","[6, 7]",13
assembly_1,2,0.35,subgraph_mip,time_balanced_weight,10,343,1105,39,3.53,0.325,0.023,0.135,0.158,9.87,1.0482,24.97,1122.33,2.73,1034.52,1122.33,43.905,8.14,"[1122.33, 1034.52]","[7, 6]",13
assembly_1,2,0.35,subgraph_mip,combined,10,343,1105,63,5.7,0.325,0.043,0.113,0.156,9.99,0.8393,0.06,1102.04,0.87,1054.81,1102.04,23.615,4.38,"[1102.04, 1054.81]","[6, 7]",13
assembly_1,2,0.35,subgraph_mip,blended,10,343,1105,27,2.44,0.325,0.047,0.051,0.098,15.91,0.8388,-0.0,1092.52,0.0,1064.33,1092.52,14.095,2.61,"[1092.52, 1064.33]","[6, 7]",13
assembly_1,2,0.35,subgraph_mip,blended_union,10,343,1105,64,5.79,0.325,0.115,0.32,0.435,3.59,0.8388,-0.0,1092.52,0.0,1064.33,1092.52,14.095,2.61,"[1092.52, 1064.33]","[6, 7]",13
assembly_1,2,0.35,subgraph_mip,diverse,10,343,1105,126,11.4,0.325,0.008,0.256,0.263,5.93,0.8388,-0.0,1092.52,0.0,1064.33,1092.52,14.095,2.61,"[1092.52, 1064.33]","[6, 7]",13
assembly_1,2,0.35,subgraph_mip,edge_weight,20,343,1105,35,3.17,0.325,0.053,0.036,0.088,17.71,0.8393,0.06,1102.04,0.87,1054.81,1102.04,23.615,4.38,"[1102.04, 1054.81]","[6, 7]",13
assembly_1,2,0.35,subgraph_mip,time_balanced_weight,20,343,1105,49,4.43,0.325,0.04,0.178,0.218,7.17,1.0482,24.97,1122.33,2.73,1034.52,1122.33,43.905,8.14,"[1122.33, 1034.52]","[7, 6]",13
assembly_1,2,0.35,subgraph_mip,combined,20,343,1105,84,7.6,0.325,0.082,0.138,0.22,7.09,0.8393,0.06,1102.04,0.87,1054.81,1102.04,23.615,4.38,"[1102.04, 1054.81]","[6, 7]",13
assembly_1,2,0.35,subgraph_mip,blended,20,343,1105,35,3.17,0.325,0.066,0.075,0.14,11.14,0.8388,-0.0,1092.52,0.0,1064.33,1092.52,14.095,2.61,"[1092.52, 1064.33]","[6, 7]",13
assembly_1,2,0.35,subgraph_mip,blended_union,20,343,1105,87,7.87,0.325,0.199,0.327,0.526,2.97,0.8388,-0.0,1092.52,0.0,1064.33,1092.52,14.095,2.61,"[1092.52, 1064.33]","[6, 7]",13
assembly_1,2,0.35,subgraph_mip,diverse,20,343,1105,239,21.63,0.325,0.012,0.528,0.54,2.89,0.8388,-0.0,1092.52,0.0,1064.33,1092.52,14.095,2.61,"[1092.52, 1064.33]","[6, 7]",13
assembly_1,2,0.35,subgraph_mip,edge_weight,50,343,1105,54,4.89,0.325,0.14,0.251,0.391,3.99,0.8388,0.0,1092.52,0.0,1064.33,1092.52,14.095,2.61,"[1092.52, 1064.33]","[6, 7]",13
assembly_1,2,0.35,subgraph_mip,time_balanced_weight,50,343,1105,74,6.7,0.325,0.09,0.369,0.459,3.4,1.0449,24.57,1122.33,2.73,1034.52,1122.33,43.905,8.14,"[1122.33, 1034.52]","[7, 6]",13
assembly_1,2,0.35,subgraph_mip,combined,50,343,1105,127,11.49,0.325,0.219,0.434,0.653,2.39,0.8388,0.0,1092.52,0.0,1064.33,1092.52,14.095,2.61,"[1092.52, 1064.33]","[6, 7]",13
assembly_1,2,0.35,subgraph_mip,blended,50,343,1105,42,3.8,0.325,0.102,0.179,0.281,5.56,0.8388,-0.0,1092.52,0.0,1064.33,1092.52,14.095,2.61,"[1092.52, 1064.33]","[6, 7]",13
assembly_1,2,0.35,subgraph_mip,blended_union,50,343,1105,117,10.59,0.325,0.42,0.322,0.742,2.11,0.8388,-0.0,1092.52,0.0,1064.33,1092.52,14.095,2.61,"[1092.52, 1064.33]","[6, 7]",13
assembly_1,2,0.35,subgraph_mip,diverse,50,343,1105,512,46.33,0.325,0.035,0.695,0.73,2.14,0.8388,0.0,1092.52,0.0,1064.33,1092.52,14.095,2.61,"[1092.52, 1064.33]","[6, 7]",13
assembly_1,2,0.35,subgraph_mip,edge_weight,100,343,1105,78,7.06,0.325,0.252,0.105,0.357,4.37,0.8388,0.0,1092.52,0.0,1064.33,1092.52,14.095,2.61,"[1092.52, 1064.33]","[6, 7]",13
assembly_1,2,0.35,subgraph_mip,time_balanced_weight,100,343,1105,85,7.69,0.325,0.17,0.3,0.47,3.32,1.0449,24.57,1122.33,2.73,1034.52,1122.33,43.905,8.14,"[1122.33, 1034.52]","[7, 6]",13
assembly_1,2,0.35,subgraph_mip,combined,100,343,1105,162,14.66,0.325,0.378,0.33,0.709,2.2,0.8388,0.0,1092.52,0.0,1064.33,1092.52,14.095,2.61,"[1092.52, 1064.33]","[6, 7]",13
assembly_1,2,0.35,subgraph_mip,blended,100,343,1105,46,4.16,0.325,0.274,0.145,0.419,3.73,0.8388,0.0,1092.52,0.0,1064.33,1092.52,14.095,2.61,"[1092.52, 1064.33]","[6, 7]",13
assembly_1,2,0.35,subgraph_mip,blended_union,100,343,1105,167,15.11,0.325,0.856,0.391,1.247,1.25,0.8388,0.0,1092.52,0.0,1064.33,1092.52,14.095,2.61,"[1092.52, 1064.33]","[6, 7]",13
assembly_1,2,0.35,subgraph_mip,diverse,100,343,1105,751,67.96,0.325,0.065,1.403,1.468,1.06,0.8388,-0.0,1092.52,0.0,1064.33,1092.52,14.095,2.61,"[1092.52, 1064.33]","[6, 7]",13
assembly_1,2,0.35,subgraph_mip,edge_weight,200,343,1105,95,8.6,0.325,0.47,0.194,0.664,2.35,0.8388,0.0,1092.52,0.0,1064.33,1092.52,14.095,2.61,"[1092.52, 1064.33]","[6, 7]",13
assembly_1,2,0.35,subgraph_mip,time_balanced_weight,200,343,1105,118,10.68,0.325,0.287,0.272,0.559,2.8,1.0443,24.5,1122.33,2.73,1034.52,1122.33,43.905,8.14,"[1122.33, 1034.52]","[7, 6]",13
assembly_1,2,0.35,subgraph_mip,combined,200,343,1105,211,19.1,0.325,0.866,0.533,1.399,1.12,0.8388,-0.0,1092.52,0.0,1064.33,1092.52,14.095,2.61,"[1092.52, 1064.33]","[6, 7]",13
assembly_1,2,0.35,subgraph_mip,blended,200,343,1105,65,5.88,0.325,0.476,0.149,0.624,2.5,0.8388,0.0,1092.52,0.0,1064.33,1092.52,14.095,2.61,"[1092.52, 1064.33]","[6, 7]",13
assembly_1,2,0.35,subgraph_mip,blended_union,200,343,1105,212,19.19,0.325,1.556,1.064,2.62,0.6,0.8388,0.0,1092.52,0.0,1064.33,1092.52,14.095,2.61,"[1092.52, 1064.33]","[6, 7]",13
assembly_1,2,0.35,subgraph_mip,diverse,200,343,1105,907,82.08,0.325,0.166,1.796,1.962,0.8,0.8388,0.0,1092.52,0.0,1064.33,1092.52,14.095,2.61,"[1092.52, 1064.33]","[6, 7]",13
assembly_1,2,0.35,subgraph_mip,edge_weight,500,343,1105,108,9.77,0.325,1.181,0.157,1.338,1.17,0.8388,-0.0,1092.52,0.0,1064.33,1092.52,14.095,2.61,"[1092.52, 1064.33]","[6, 7]",13
assembly_1,2,0.35,subgraph_mip,time_balanced_weight,500,343,1105,170,15.38,0.325,0.74,0.253,0.993,1.57,1.0136,20.84,1104.13,1.06,1052.72,1104.13,25.705,4.77,"[1104.13, 1052.72]","[6, 7]",13
assembly_1,2,0.35,subgraph_mip,combined,500,343,1105,274,24.8,0.325,2.403,0.48,2.882,0.54,0.8388,-0.0,1092.52,0.0,1064.33,1092.52,14.095,2.61,"[1092.52, 1064.33]","[6, 7]",13
assembly_1,2,0.35,subgraph_mip,blended,500,343,1105,86,7.78,0.325,1.514,0.263,1.777,0.88,0.8388,0.0,1092.52,0.0,1064.33,1092.52,14.095,2.61,"[1092.52, 1064.33]","[6, 7]",13
assembly_1,2,0.35,subgraph_mip,blended_union,500,343,1105,278,25.16,0.325,4.571,0.875,5.445,0.29,0.8388,0.0,1092.52,0.0,1064.33,1092.52,14.095,2.61,"[1092.52, 1064.33]","[6, 7]",13
assembly_1,2,0.35,subgraph_mip,diverse,500,343,1105,1045,94.57,0.325,0.483,1.681,2.164,0.72,0.8388,-0.0,1092.52,0.0,1064.33,1092.52,14.095,2.61,"[1092.52, 1064.33]","[6, 7]",13
assembly_1,2,0.35,subgraph_mip,edge_weight,1000,343,1105,142,12.85,0.325,3.148,0.622,3.77,0.41,0.8388,0.0,1092.52,0.0,1064.33,1092.52,14.095,2.61,"[1092.52, 1064.33]","[6, 7]",13
assembly_1,2,0.35,subgraph_mip,time_balanced_weight,1000,343,1105,223,20.18,0.325,2.177,0.742,2.919,0.54,1.0061,19.95,1104.13,1.06,1052.72,1104.13,25.705,4.77,"[1104.13, 1052.72]","[6, 7]",13
assembly_1,2,0.35,subgraph_mip,combined,1000,343,1105,359,32.49,0.325,5.566,0.624,6.19,0.25,0.8388,-0.0,1092.52,0.0,1064.33,1092.52,14.095,2.61,"[1092.52, 1064.33]","[6, 7]",13
assembly_1,2,0.35,subgraph_mip,blended,1000,343,1105,121,10.95,0.325,3.339,0.471,3.811,0.41,0.8388,-0.0,1092.52,0.0,1064.33,1092.52,14.095,2.61,"[1092.52, 1064.33]","[6, 7]",13
assembly_1,2,0.35,subgraph_mip,blended_union,1000,343,1105,305,27.6,0.325,9.458,0.77,10.229,0.15,0.8388,0.0,1092.52,0.0,1064.33,1092.52,14.095,2.61,"[1092.52, 1064.33]","[6, 7]",13
assembly_1,2,0.35,subgraph_mip,diverse,1000,343,1105,1103,99.82,0.325,0.987,1.673,2.659,0.59,0.8388,0.0,1092.52,0.0,1064.33,1092.52,14.095,2.61,"[1092.52, 1064.33]","[6, 7]",13
assembly_1,2,0.35,subgraph_mip,edge_weight,2000,343,1105,185,16.74,0.325,6.977,0.663,7.64,0.2,0.8388,0.0,1092.52,0.0,1064.33,1092.52,14.095,2.61,"[1092.52, 1064.33]","[6, 7]",13
assembly_1,2,0.35,subgraph_mip,time_balanced_weight,2000,343,1105,291,26.33,0.325,5.681,0.776,6.457,0.24,0.997,18.87,1104.13,1.06,1052.72,1104.13,25.705,4.77,"[1104.13, 1052.72]","[6, 7]",13
assembly_1,2,0.35,subgraph_mip,combined,2000,343,1105,464,41.99,0.325,12.645,0.857,13.502,0.12,0.8388,0.0,1092.52,0.0,1064.33,1092.52,14.095,2.61,"[1092.52, 1064.33]","[6, 7]",13
assembly_1,2,0.35,subgraph_mip,blended,2000,343,1105,157,14.21,0.325,7.443,0.586,8.029,0.19,0.8388,0.0,1092.52,0.0,1064.33,1092.52,14.095,2.61,"[1092.52, 1064.33]","[6, 7]",13
assembly_1,2,0.35,subgraph_mip,blended_union,2000,343,1105,356,32.22,0.325,21.464,0.847,22.311,0.07,0.8388,0.0,1092.52,0.0,1064.33,1092.52,14.095,2.61,"[1092.52, 1064.33]","[6, 7]",13
assembly_1,2,0.35,subgraph_mip,diverse,2000,343,1105,1105,100.0,0.325,1.886,1.65,3.536,0.44,0.8388,0.0,1092.52,0.0,1064.33,1092.52,14.095,2.61,"[1092.52, 1064.33]","[6, 7]",13
assembly_1,2,0.35,subgraph_mip,edge_weight,5000,343,1105,232,21.0,0.325,29.402,0.645,30.047,0.05,0.8388,0.0,1092.52,0.0,1064.33,1092.52,14.095,2.61,"[1092.52, 1064.33]","[6, 7]",13
assembly_1,2,0.35,subgraph_mip,time_balanced_weight,5000,343,1105,382,34.57,0.325,21.323,0.866,22.189,0.07,0.9912,18.17,1108.32,1.45,1048.53,1108.32,29.895,5.54,"[1108.32, 1048.53]","[6, 7]",13
assembly_1,2,0.35,subgraph_mip,combined,5000,343,1105,593,53.67,0.325,53.475,1.018,54.493,0.03,0.8388,-0.0,1092.52,0.0,1064.33,1092.52,14.095,2.61,"[1092.52, 1064.33]","[6, 7]",13
assembly_1,2,0.35,subgraph_mip,blended,5000,343,1105,236,21.36,0.325,33.424,0.745,34.169,0.05,0.8388,0.0,1092.52,0.0,1064.33,1092.52,14.095,2.61,"[1092.52, 1064.33]","[6, 7]",13
assembly_1,2,0.35,subgraph_mip,blended_union,5000,343,1105,482,43.62,0.325,94.771,1.611,96.382,0.02,0.8388,-0.0,1092.52,0.0,1064.33,1092.52,14.095,2.61,"[1092.52, 1064.33]","[6, 7]",13
assembly_1,2,0.35,subgraph_mip,diverse,5000,343,1105,1105,100.0,0.325,5.551,1.891,7.441,0.21,0.8388,0.0,1092.52,0.0,1064.33,1092.52,14.095,2.61,"[1092.52, 1064.33]","[6, 7]",13
assembly_1,2,0.4,full_mip,—,,343,1105,1105,100.0,0.334,0.0,1.807,1.807,1.0,0.8392,0.0,1092.52,0.0,1064.33,1092.52,14.095,2.61,"[1092.52, 1064.33]","[6, 7]",13
assembly_1,2,0.4,subgraph_mip,edge_weight,1,343,1105,13,1.18,0.334,0.001,0.011,0.012,153.26,0.8402,0.13,1102.04,0.87,1054.81,1102.04,23.615,4.38,"[1102.04, 1054.81]","[6, 7]",13
assembly_1,2,0.4,subgraph_mip,time_balanced_weight,1,343,1105,13,1.18,0.334,0.001,0.011,0.012,150.32,1.0611,26.44,1160.13,6.19,996.72,1160.13,81.705,15.15,"[1160.13, 996.72]","[6, 7]",13
assembly_1,2,0.4,subgraph_mip,combined,1,343,1105,26,2.35,0.334,0.002,0.01,0.012,146.85,0.8402,0.13,1102.04,0.87,1054.81,1102.04,23.615,4.38,"[1102.04, 1054.81]","[6, 7]",13
assembly_1,2,0.4,subgraph_mip,blended,1,343,1105,13,1.18,0.334,0.001,0.005,0.007,275.83,0.8392,0.0,1092.52,0.0,1064.33,1092.52,14.095,2.61,"[1092.52, 1064.33]","[6, 7]",13
assembly_1,2,0.4,subgraph_mip,blended_union,1,343,1105,31,2.81,0.334,0.017,0.02,0.037,49.13,0.8392,-0.0,1092.52,0.0,1064.33,1092.52,14.095,2.61,"[1092.52, 1064.33]","[6, 7]",13
assembly_1,2,0.4,subgraph_mip,diverse,1,343,1105,13,1.18,0.334,0.006,0.005,0.011,166.79,0.8392,0.0,1092.52,0.0,1064.33,1092.52,14.095,2.61,"[1092.52, 1064.33]","[6, 7]",13
assembly_1,2,0.4,subgraph_mip,edge_weight,2,343,1105,15,1.36,0.334,0.003,0.018,0.021,85.68,0.8402,0.13,1102.04,0.87,1054.81,1102.04,23.615,4.38,"[1102.04, 1054.81]","[6, 7]",13
assembly_1,2,0.4,subgraph_mip,time_balanced_weight,2,343,1105,20,1.81,0.334,0.004,0.006,0.01,188.81,1.0611,26.44,1160.13,6.19,996.72,1160.13,81.705,15.15,"[1160.13, 996.72]","[6, 7]",13
assembly_1,2,0.4,subgraph_mip,combined,2,343,1105,35,3.17,0.334,0.01,0.011,0.021,85.38,0.8402,0.13,1102.04,0.87,1054.81,1102.04,23.615,4.38,"[1102.04, 1054.81]","[6, 7]",13
assembly_1,2,0.4,subgraph_mip,blended,2,343,1105,15,1.36,0.334,0.006,0.012,0.018,102.46,0.8392,0.0,1092.52,0.0,1064.33,1092.52,14.095,2.61,"[1092.52, 1064.33]","[6, 7]",13
assembly_1,2,0.4,subgraph_mip,blended_union,2,343,1105,36,3.26,0.334,0.03,0.106,0.136,13.3,0.8392,0.0,1092.52,0.0,1064.33,1092.52,14.095,2.61,"[1092.52, 1064.33]","[6, 7]",13
assembly_1,2,0.4,subgraph_mip,diverse,2,343,1105,26,2.35,0.334,0.007,0.089,0.096,18.84,0.8392,0.0,1092.52,0.0,1064.33,1092.52,14.095,2.61,"[1092.52, 1064.33]","[6, 7]",13
assembly_1,2,0.4,subgraph_mip,edge_weight,5,343,1105,21,1.9,0.334,0.019,0.057,0.076,23.75,0.8402,0.13,1102.04,0.87,1054.81,1102.04,23.615,4.38,"[1102.04, 1054.81]","[6, 7]",13
assembly_1,2,0.4,subgraph_mip,time_balanced_weight,5,343,1105,29,2.62,0.334,0.011,0.05,0.061,29.81,1.0343,23.25,1122.33,2.73,1034.52,1122.33,43.905,8.14,"[1122.33, 1034.52]","[7, 6]",13
assembly_1,2,0.4,subgraph_mip,combined,5,343,1105,50,4.52,0.334,0.024,0.104,0.128,14.11,0.8402,0.13,1102.04,0.87,1054.81,1102.04,23.615,4.38,"[1102.04, 1054.81]","[6, 7]",13
assembly_1,2,0.4,subgraph_mip,blended,5,343,1105,19,1.72,0.334,0.009,0.019,0.028,65.07,0.8392,0.0,1092.52,0.0,1064.33,1092.52,14.095,2.61,"[1092.52, 1064.33]","[6, 7]",13
assembly_1,2,0.4,subgraph_mip,blended_union,5,343,1105,49,4.43,0.334,0.04,0.096,0.136,13.24,0.8392,0.0,1092.52,0.0,1064.33,1092.52,14.095,2.61,"[1092.52, 1064.33]","[6, 7]",13
assembly_1,2,0.4,subgraph_mip,diverse,5,343,1105,65,5.88,0.334,0.01,0.116,0.126,14.35,0.8392,0.0,1092.52,0.0,1064.33,1092.52,14.095,2.61,"[1092.52, 1064.33]","[6, 7]",13
assembly_1,2,0.4,subgraph_mip,edge_weight,10,343,1105,24,2.17,0.334,0.04,0.082,0.122,14.83,0.8402,0.13,1102.04,0.87,1054.81,1102.04,23.615,4.38,"[1102.04, 1054.81]","[6, 7]",13
assembly_1,2,0.4,subgraph_mip,time_balanced_weight,10,343,1105,39,3.53,0.334,0.016,0.134,0.15,12.06,1.0343,23.25,1122.33,2.73,1034.52,1122.33,43.905,8.14,"[1122.33, 1034.52]","[7, 6]",13
assembly_1,2,0.4,subgraph_mip,combined,10,343,1105,63,5.7,0.334,0.037,0.174,0.211,8.55,0.8402,0.13,1102.04,0.87,1054.81,1102.04,23.615,4.38,"[1102.04, 1054.81]","[6, 7]",13
assembly_1,2,0.4,subgraph_mip,blended,10,343,1105,27,2.44,0.334,0.038,0.077,0.116,15.59,0.8392,0.0,1092.52,0.0,1064.33,1092.52,14.095,2.61,"[1092.52, 1064.33]","[6, 7]",13
assembly_1,2,0.4,subgraph_mip,blended_union,10,343,1105,64,5.79,0.334,0.091,0.149,0.24,7.52,0.8392,0.0,1092.52,0.0,1064.33,1092.52,14.095,2.61,"[1092.52, 1064.33]","[6, 7]",13
assembly_1,2,0.4,subgraph_mip,diverse,10,343,1105,126,11.4,0.334,0.008,0.381,0.389,4.64,0.8392,0.0,1092.52,0.0,1064.33,1092.52,14.095,2.61,"[1092.52, 1064.33]","[6, 7]",13
assembly_1,2,0.4,subgraph_mip,edge_weight,20,343,1105,35,3.17,0.334,0.063,0.112,0.175,10.34,0.8402,0.13,1102.04,0.87,1054.81,1102.04,23.615,4.38,"[1102.04, 1054.81]","[6, 7]",13
assembly_1,2,0.4,subgraph_mip,time_balanced_weight,20,343,1105,49,4.43,0.334,0.025,0.129,0.154,11.72,1.0343,23.25,1122.33,2.73,1034.52,1122.33,43.905,8.14,"[1122.33, 1034.52]","[7, 6]",13
assembly_1,2,0.4,subgraph_mip,combined,20,343,1105,84,7.6,0.334,0.067,0.147,0.214,8.44,0.8402,0.13,1102.04,0.87,1054.81,1102.04,23.615,4.38,"[1102.04, 1054.81]","[6, 7]",13
assembly_1,2,0.4,subgraph_mip,blended,20,343,1105,35,3.17,0.334,0.043,0.081,0.124,14.57,0.8392,0.0,1092.52,0.0,1064.33,1092.52,14.095,2.61,"[1092.52, 1064.33]","[6, 7]",13
assembly_1,2,0.4,subgraph_mip,blended_union,20,343,1105,87,7.87,0.334,0.159,0.291,0.45,4.01,0.8392,0.0,1092.52,0.0,1064.33,1092.52,14.095,2.61,"[1092.52, 1064.33]","[6, 7]",13
assembly_1,2,0.4,subgraph_mip,diverse,20,343,1105,239,21.63,0.334,0.015,0.164,0.18,10.04,0.8392,0.0,1092.52,0.0,1064.33,1092.52,14.095,2.61,"[1092.52, 1064.33]","[6, 7]",13
assembly_1,2,0.4,subgraph_mip,edge_weight,50,343,1105,54,4.89,0.334,0.15,0.352,0.501,3.6,0.8392,0.0,1092.52,0.0,1064.33,1092.52,14.095,2.61,"[1092.52, 1064.33]","[6, 7]",13
assembly_1,2,0.4,subgraph_mip,time_balanced_weight,50,343,1105,74,6.7,0.334,0.077,0.447,0.524,3.45,1.0312,22.88,1122.33,2.73,1034.52,1122.33,43.905,8.14,"[1122.33, 1034.52]","[7, 6]",13
assembly_1,2,0.4,subgraph_mip,combined,50,343,1105,127,11.49,0.334,0.208,0.394,0.603,3.0,0.8392,0.0,1092.52,0.0,1064.33,1092.52,14.095,2.61,"[1092.52, 1064.33]","[6, 7]",13
assembly_1,2,0.4,subgraph_mip,blended,50,343,1105,42,3.8,0.334,0.132,0.143,0.275,6.58,0.8392,0.0,1092.52,0.0,1064.33,1092.52,14.095,2.61,"[1092.52, 1064.33]","[6, 7]",13
assembly_1,2,0.4,subgraph_mip,blended_union,50,343,1105,117,10.59,0.334,0.409,0.735,1.144,1.58,0.8392,-0.0,1092.52,0.0,1064.33,1092.52,14.095,2.61,"[1092.52, 1064.33]","[6, 7]",13
assembly_1,2,0.4,subgraph_mip,diverse,50,343,1105,511,46.24,0.334,0.051,1.186,1.237,1.46,0.8392,0.0,1092.52,0.0,1064.33,1092.52,14.095,2.61,"[1092.52, 1064.33]","[6, 7]",13
assembly_1,2,0.4,subgraph_mip,edge_weight,100,343,1105,78,7.06,0.334,0.232,0.123,0.355,5.09,0.8392,0.0,1092.52,0.0,1064.33,1092.52,14.095,2.61,"[1092.52, 1064.33]","[6, 7]",13
assembly_1,2,0.4,subgraph_mip,time_balanced_weight,100,343,1105,85,7.69,0.334,0.147,0.768,0.915,1.97,1.0312,22.88,1122.33,2.73,1034.52,1122.33,43.905,8.14,"[1122.33, 1034.52]","[7, 6]",13
assembly_1,2,0.4,subgraph_mip,combined,100,343,1105,162,14.66,0.334,0.418,0.628,1.046,1.73,0.8392,0.0,1092.52,0.0,1064.33,1092.52,14.095,2.61,"[1092.52, 1064.33]","[6, 7]",13
assembly_1,2,0.4,subgraph_mip,blended,100,343,1105,46,4.16,0.334,0.213,0.274,0.487,3.71,0.8392,0.0,1092.52,0.0,1064.33,1092.52,14.095,2.61,"[1092.52, 1064.33]","[6, 7]",13
assembly_1,2,0.4,subgraph_mip,blended_union,100,343,1105,167,15.11,0.334,0.641,0.412,1.053,1.72,0.8392,0.0,1092.52,0.0,1064.33,1092.52,14.095,2.61,"[1092.52, 1064.33]","[6, 7]",13
assembly_1,2,0.4,subgraph_mip,diverse,100,343,1105,742,67.15,0.334,0.075,1.403,1.479,1.22,0.8392,0.0,1092.52,0.0,1064.33,1092.52,14.095,2.61,"[1092.52, 1064.33]","[6, 7]",13
assembly_1,2,0.4,subgraph_mip,edge_weight,200,343,1105,95,8.6,0.334,0.612,0.364,0.976,1.85,0.8392,0.0,1092.52,0.0,1064.33,1092.52,14.095,2.61,"[1092.52, 1064.33]","[6, 7]",13
assembly_1,2,0.4,subgraph_mip,time_balanced_weight,200,343,1105,118,10.68,0.334,0.306,0.454,0.761,2.37,1.0306,22.82,1122.33,2.73,1034.52,1122.33,43.905,8.14,"[1122.33, 1034.52]","[7, 6]",13
assembly_1,2,0.4,subgraph_mip,combined,200,343,1105,211,19.1,0.334,0.847,0.465,1.313,1.38,0.8392,0.0,1092.52,0.0,1064.33,1092.52,14.095,2.61,"[1092.52, 1064.33]","[6, 7]",13
assembly_1,2,0.4,subgraph_mip,blended,200,343,1105,65,5.88,0.334,0.541,0.219,0.76,2.38,0.8392,0.0,1092.52,0.0,1064.33,1092.52,14.095,2.61,"[1092.52, 1064.33]","[6, 7]",13
assembly_1,2,0.4,subgraph_mip,blended_union,200,343,1105,212,19.19,0.334,1.478,0.501,1.979,0.91,0.8392,0.0,1092.52,0.0,1064.33,1092.52,14.095,2.61,"[1092.52, 1064.33]","[6, 7]",13
assembly_1,2,0.4,subgraph_mip,diverse,200,343,1105,912,82.53,0.334,0.126,1.438,1.565,1.15,0.8392,0.0,1092.52,0.0,1064.33,1092.52,14.095,2.61,"[1092.52, 1064.33]","[6, 7]",13
assembly_1,2,0.4,subgraph_mip,edge_weight,500,343,1105,108,9.77,0.334,1.303,0.244,1.546,1.17,0.8392,0.0,1092.52,0.0,1064.33,1092.52,14.095,2.61,"[1092.52, 1064.33]","[6, 7]",13
assembly_1,2,0.4,subgraph_mip,time_balanced_weight,500,343,1105,170,15.38,0.334,0.997,0.404,1.401,1.29,1.0012,19.31,1104.13,1.06,1052.72,1104.13,25.705,4.77,"[1104.13, 1052.72]","[6, 7]",13
assembly_1,2,0.4,subgraph_mip,combined,500,343,1105,274,24.8,0.334,2.569,0.571,3.139,0.58,0.8392,0.0,1092.52,0.0,1064.33,1092.52,14.095,2.61,"[1092.52, 1064.33]","[6, 7]",13
assembly_1,2,0.4,subgraph_mip,blended,500,343,1105,86,7.78,0.334,1.444,0.306,1.75,1.03,0.8392,0.0,1092.52,0.0,1064.33,1092.52,14.095,2.61,"[1092.52, 1064.33]","[6, 7]",13
assembly_1,2,0.4,subgraph_mip,blended_union,500,343,1105,278,25.16,0.334,4.671,0.711,5.382,0.34,0.8392,0.0,1092.52,0.0,1064.33,1092.52,14.095,2.61,"[1092.52, 1064.33]","[6, 7]",13
assembly_1,2,0.4,subgraph_mip,diverse,500,343,1105,1046,94.66,0.334,0.435,1.983,2.418,0.75,0.8392,0.0,1092.52,0.0,1064.33,1092.52,14.095,2.61,"[1092.52, 1064.33]","[6, 7]",13
assembly_1,2,0.4,subgraph_mip,edge_weight,1000,343,1105,142,12.85,0.334,3.06,0.557,3.617,0.5,0.8392,0.0,1092.52,0.0,1064.33,1092.52,14.095,2.61,"[1092.52, 1064.33]","[6, 7]",13
assembly_1,2,0.4,subgraph_mip,time_balanced_weight,1000,343,1105,223,20.18,0.334,2.35,0.595,2.945,0.61,0.9943,18.49,1104.13,1.06,1052.72,1104.13,25.705,4.77,"[1104.13, 1052.72]","[6, 7]",13
assembly_1,2,0.4,subgraph_mip,combined,1000,343,1105,359,32.49,0.334,5.439,0.673,6.112,0.3,0.8392,0.0,1092.52,0.0,1064.33,1092.52,14.095,2.61,"[1092.52, 1064.33]","[6, 7]",13
assembly_1,2,0.4,subgraph_mip,blended,1000,343,1105,95,8.6,0.334,3.415,0.689,4.105,0.44,0.8392,-0.0,1092.52,0.0,1064.33,1092.52,14.095,2.61,"[1092.52, 1064.33]","[6, 7]",13
assembly_1,2,0.4,subgraph_mip,blended_union,1000,343,1105,305,27.6,0.334,9.413,0.984,10.396,0.17,0.8392,0.0,1092.52,0.0,1064.33,1092.52,14.095,2.61,"[1092.52, 1064.33]","[6, 7]",13
assembly_1,2,0.4,subgraph_mip,diverse,1000,343,1105,1101,99.64,0.334,0.925,1.828,2.753,0.66,0.8392,0.0,1092.52,0.0,1064.33,1092.52,14.095,2.61,"[1092.52, 1064.33]","[6, 7]",13
assembly_1,2,0.4,subgraph_mip,edge_weight,2000,343,1105,185,16.74,0.334,6.982,1.0,7.982,0.23,0.8392,0.0,1092.52,0.0,1064.33,1092.52,14.095,2.61,"[1092.52, 1064.33]","[6, 7]",13
assembly_1,2,0.4,subgraph_mip,time_balanced_weight,2000,343,1105,291,26.33,0.334,5.688,1.461,7.148,0.25,0.9859,17.49,1104.13,1.06,1052.72,1104.13,25.705,4.77,"[1104.13, 1052.72]","[6, 7]",13
assembly_1,2,0.4,subgraph_mip,combined,2000,343,1105,464,41.99,0.334,12.492,1.191,13.683,0.13,0.8392,0.0,1092.52,0.0,1064.33,1092.52,14.095,2.61,"[1092.52, 1064.33]","[6, 7]",13
assembly_1,2,0.4,subgraph_mip,blended,2000,343,1105,137,12.4,0.334,7.476,0.503,7.98,0.23,0.8392,0.0,1092.52,0.0,1064.33,1092.52,14.095,2.61,"[1092.52, 1064.33]","[6, 7]",13
assembly_1,2,0.4,subgraph_mip,blended_union,2000,343,1105,356,32.22,0.334,22.373,0.999,23.372,0.08,0.8392,0.0,1092.52,0.0,1064.33,1092.52,14.095,2.61,"[1092.52, 1064.33]","[6, 7]",13
assembly_1,2,0.4,subgraph_mip,diverse,2000,343,1105,1105,100.0,0.334,2.314,2.121,4.435,0.41,0.8392,0.0,1092.52,0.0,1064.33,1092.52,14.095,2.61,"[1092.52, 1064.33]","[6, 7]",13
assembly_1,2,0.4,subgraph_mip,edge_weight,5000,343,1105,232,21.0,0.334,29.694,0.907,30.601,0.06,0.8392,0.0,1092.52,0.0,1064.33,1092.52,14.095,2.61,"[1092.52, 1064.33]","[6, 7]",13
assembly_1,2,0.4,subgraph_mip,time_balanced_weight,5000,343,1105,382,34.57,0.334,21.043,1.307,22.35,0.08,0.9808,16.88,1108.32,1.45,1048.53,1108.32,29.895,5.54,"[1108.32, 1048.53]","[6, 7]",13
assembly_1,2,0.4,subgraph_mip,combined,5000,343,1105,593,53.67,0.334,53.284,1.706,54.99,0.03,0.8392,0.0,1092.52,0.0,1064.33,1092.52,14.095,2.61,"[1092.52, 1064.33]","[6, 7]",13
assembly_1,2,0.4,subgraph_mip,blended,5000,343,1105,279,25.25,0.334,33.479,0.854,34.333,0.05,0.8392,0.0,1092.52,0.0,1064.33,1092.52,14.095,2.61,"[1092.52, 1064.33]","[6, 7]",13
assembly_1,2,0.4,subgraph_mip,blended_union,5000,343,1105,482,43.62,0.334,93.546,1.43,94.977,0.02,0.8392,0.0,1092.52,0.0,1064.33,1092.52,14.095,2.61,"[1092.52, 1064.33]","[6, 7]",13
assembly_1,2,0.4,subgraph_mip,diverse,5000,343,1105,1105,100.0,0.334,5.614,1.809,7.423,0.24,0.8392,0.0,1092.52,0.0,1064.33,1092.52,14.095,2.61,"[1092.52, 1064.33]","[6, 7]",13
assembly_1,2,0.45,full_mip,—,,343,1105,1105,100.0,0.355,0.0,1.943,1.943,1.0,0.8395,0.0,1092.52,0.0,1064.33,1092.52,14.095,2.61,"[1092.52, 1064.33]","[6, 7]",13
assembly_1,2,0.45,subgraph_mip,edge_weight,1,343,1105,13,1.18,0.355,0.002,0.008,0.01,200.28,0.8411,0.19,1102.04,0.87,1054.81,1102.04,23.615,4.38,"[1102.04, 1054.81]","[6, 7]",13
assembly_1,2,0.45,subgraph_mip,time_balanced_weight,1,343,1105,13,1.18,0.355,0.001,0.005,0.006,315.34,1.0473,24.75,1160.13,6.19,996.72,1160.13,81.705,15.15,"[1160.13, 996.72]","[6, 7]",13
assembly_1,2,0.45,subgraph_mip,combined,1,343,1105,26,2.35,0.355,0.002,0.007,0.009,208.48,0.8411,0.19,1102.04,0.87,1054.81,1102.04,23.615,4.38,"[1102.04, 1054.81]","[6, 7]",13
assembly_1,2,0.45,subgraph_mip,blended,1,343,1105,13,1.18,0.355,0.001,0.005,0.007,296.8,0.8395,0.0,1092.52,0.0,1064.33,1092.52,14.095,2.61,"[1092.52, 1064.33]","[6, 7]",13
assembly_1,2,0.45,subgraph_mip,blended_union,1,343,1105,31,2.81,0.355,0.02,0.024,0.043,44.77,0.8395,0.0,1092.52,0.0,1064.33,1092.52,14.095,2.61,"[1092.52, 1064.33]","[6, 7]",13
assembly_1,2,0.45,subgraph_mip,diverse,1,343,1105,13,1.18,0.355,0.006,0.005,0.011,175.7,0.8395,0.0,1092.52,0.0,1064.33,1092.52,14.095,2.61,"[1092.52, 1064.33]","[6, 7]",13
assembly_1,2,0.45,subgraph_mip,edge_weight,2,343,1105,15,1.36,0.355,0.003,0.016,0.02,98.71,0.8411,0.19,1102.04,0.87,1054.81,1102.04,23.615,4.38,"[1102.04, 1054.81]","[6, 7]",13
assembly_1,2,0.45,subgraph_mip,time_balanced_weight,2,343,1105,20,1.81,0.355,0.004,0.006,0.01,196.83,1.0473,24.75,1160.13,6.19,996.72,1160.13,81.705,15.15,"[1160.13, 996.72]","[6, 7]",13
assembly_1,2,0.45,subgraph_mip,combined,2,343,1105,35,3.17,0.355,0.011,0.013,0.024,82.36,0.8411,0.19,1102.04,0.87,1054.81,1102.04,23.615,4.38,"[1102.04, 1054.81]","[6, 7]",13
assembly_1,2,0.45,subgraph_mip,blended,2,343,1105,15,1.36,0.355,0.007,0.011,0.019,104.59,0.8395,-0.0,1092.52,0.0,1064.33,1092.52,14.095,2.61,"[1092.52, 1064.33]","[6, 7]",13
assembly_1,2,0.45,subgraph_mip,blended_union,2,343,1105,36,3.26,0.355,0.029,0.074,0.103,18.87,0.8395,0.0,1092.52,0.0,1064.33,1092.52,14.095,2.61,"[1092.52, 1064.33]","[6, 7]",13
assembly_1,2,0.45,subgraph_mip,diverse,2,343,1105,26,2.35,0.355,0.006,0.036,0.043,45.44,0.8395,0.0,1092.52,0.0,1064.33,1092.52,14.095,2.61,"[1092.52, 1064.33]","[6, 7]",13
assembly_1,2,0.45,subgraph_mip,edge_weight,5,343,1105,21,1.9,0.355,0.01,0.058,0.067,28.84,0.8411,0.19,1102.04,0.87,1054.81,1102.04,23.615,4.38,"[1102.04, 1054.81]","[6, 7]",13
assembly_1,2,0.45,subgraph_mip,time_balanced_weight,5,343,1105,29,2.62,0.355,0.006,0.14,0.146,13.32,1.0203,21.53,1122.33,2.73,1034.52,1122.33,43.905,8.14,"[1122.33, 1034.52]","[7, 6]",13
assembly_1,2,0.45,subgraph_mip,combined,5,343,1105,50,4.52,0.355,0.016,0.078,0.093,20.86,0.8411,0.19,1102.04,0.87,1054.81,1102.04,23.615,4.38,"[1102.04, 1054.81]","[6, 7]",13
assembly_1,2,0.45,subgraph_mip,blended,5,343,1105,19,1.72,0.355,0.009,0.033,0.042,45.94,0.8395,0.0,1092.52,0.0,1064.33,1092.52,14.095,2.61,"[1092.52, 1064.33]","[6, 7]",13
assembly_1,2,0.45,subgraph_mip,blended_union,5,343,1105,49,4.43,0.355,0.033,0.097,0.13,14.89,0.8395,0.0,1092.52,0.0,1064.33,1092.52,14.095,2.61,"[1092.52, 1064.33]","[6, 7]",13
assembly_1,2,0.45,subgraph_mip,diverse,5,343,1105,65,5.88,0.355,0.005,0.253,0.258,7.54,0.8395,0.0,1092.52,0.0,1064.33,1092.52,14.095,2.61,"[1092.52, 1064.33]","[6, 7]",13
assembly_1,2,0.45,subgraph_mip,edge_weight,10,343,1105,24,2.17,0.355,0.032,0.105,0.137,14.14,0.8411,0.19,1102.04,0.87,1054.81,1102.04,23.615,4.38,"[1102.04, 1054.81]","[6, 7]",13
assembly_1,2,0.45,subgraph_mip,time_balanced_weight,10,343,1105,39,3.53,0.355,0.023,0.048,0.071,27.2,1.0203,21.53,1122.33,2.73,1034.52,1122.33,43.905,8.14,"[1122.33, 1034.52]","[7, 6]",13
assembly_1,2,0.45,subgraph_mip,combined,10,343,1105,63,5.7,0.355,0.04,0.119,0.159,12.2,0.8411,0.19,1102.04,0.87,1054.81,1102.04,23.615,4.38,"[1102.04, 1054.81]","[6, 7]",13
assembly_1,2,0.45,subgraph_mip,blended,10,343,1105,27,2.44,0.355,0.031,0.063,0.094,20.61,0.8395,0.0,1092.52,0.0,1064.33,1092.52,14.095,2.61,"[1092.52, 1064.33]","[6, 7]",13
assembly_1,2,0.45,subgraph_mip,blended_union,10,343,1105,64,5.79,0.355,0.106,0.258,0.364,5.33,0.8395,0.0,1092.52,0.0,1064.33,1092.52,14.095,2.61,"[1092.52, 1064.33]","[6, 7]",13
assembly_1,2,0.45,subgraph_mip,diverse,10,343,1105,126,11.4,0.355,0.008,0.371,0.378,5.13,0.8395,0.0,1092.52,0.0,1064.33,1092.52,14.095,2.61,"[1092.52, 1064.33]","[6, 7]",13
assembly_1,2,0.45,subgraph_mip,edge_weight,20,343,1105,35,3.17,0.355,0.064,0.101,0.165,11.78,0.8411,0.19,1102.04,0.87,1054.81,1102.04,23.615,4.38,"[1102.04, 1054.81]","[6, 7]",13
assembly_1,2,0.45,subgraph_mip,time_balanced_weight,20,343,1105,49,4.43,0.355,0.031,0.201,0.231,8.4,1.0203,21.53,1122.33,2.73,1034.52,1122.33,43.905,8.14,"[1122.33, 1034.52]","[7, 6]",13
assembly_1,2,0.45,subgraph_mip,combined,20,343,1105,84,7.6,0.355,0.089,0.234,0.323,6.01,0.8411,0.19,1102.04,0.87,1054.81,1102.04,23.615,4.38,"[1102.04, 1054.81]","[6, 7]",13
assembly_1,2,0.45,subgraph_mip,blended,20,343,1105,35,3.17,0.355,0.06,0.06,0.12,16.16,0.8395,0.0,1092.52,0.0,1064.33,1092.52,14.095,2.61,"[1092.52, 1064.33]","[6, 7]",13
assembly_1,2,0.45,subgraph_mip,blended_union,20,343,1105,87,7.87,0.355,0.184,0.418,0.602,3.23,0.8395,0.0,1092.52,0.0,1064.33,1092.52,14.095,2.61,"[1092.52, 1064.33]","[6, 7]",13
assembly_1,2,0.45,subgraph_mip,diverse,20,343,1105,239,21.63,0.355,0.024,0.351,0.375,5.18,0.8395,0.0,1092.52,0.0,1064.33,1092.52,14.095,2.61,"[1092.52, 1064.33]","[6, 7]",13
assembly_1,2,0.45,subgraph_mip,edge_weight,50,343,1105,54,4.89,0.355,0.106,0.221,0.327,5.95,0.8395,0.0,1092.52,0.0,1064.33,1092.52,14.095,2.61,"[1092.52, 1064.33]","[6, 7]",13
assembly_1,2,0.45,subgraph_mip,time_balanced_weight,50,343,1105,74,6.7,0.355,0.079,0.579,0.658,2.95,1.0175,21.2,1122.33,2.73,1034.52,1122.33,43.905,8.14,"[1122.33, 1034.52]","[7, 6]",13
assembly_1,2,0.45,subgraph_mip,combined,50,343,1105,127,11.49,0.355,0.317,0.338,0.655,2.97,0.8395,0.0,1092.52,0.0,1064.33,1092.52,14.095,2.61,"[1092.52, 1064.33]","[6, 7]",13
assembly_1,2,0.45,subgraph_mip,blended,50,343,1105,42,3.8,0.355,0.138,0.149,0.286,6.79,0.8395,0.0,1092.52,0.0,1064.33,1092.52,14.095,2.61,"[1092.52, 1064.33]","[6, 7]",13
assembly_1,2,0.45,subgraph_mip,blended_union,50,343,1105,117,10.59,0.355,0.412,0.371,0.782,2.48,0.8395,0.0,1092.52,0.0,1064.33,1092.52,14.095,2.61,"[1092.52, 1064.33]","[6, 7]",13
assembly_1,2,0.45,subgraph_mip,diverse,50,343,1105,507,45.88,0.355,0.022,1.513,1.534,1.27,0.8395,0.0,1092.52,0.0,1064.33,1092.52,14.095,2.61,"[1092.52, 1064.33]","[6, 7]",13
assembly_1,2,0.45,subgraph_mip,edge_weight,100,343,1105,78,7.06,0.355,0.397,0.141,0.539,3.61,0.8395,0.0,1092.52,0.0,1064.33,1092.52,14.095,2.61,"[1092.52, 1064.33]","[6, 7]",13
assembly_1,2,0.45,subgraph_mip,time_balanced_weight,100,343,1105,85,7.69,0.355,0.284,0.281,0.564,3.44,1.0175,21.2,1122.33,2.73,1034.52,1122.33,43.905,8.14,"[1122.33, 1034.52]","[7, 6]",13
assembly_1,2,0.45,subgraph_mip,combined,100,343,1105,162,14.66,0.355,0.489,1.177,1.666,1.17,0.8395,0.0,1092.52,0.0,1064.33,1092.52,14.095,2.61,"[1092.52, 1064.33]","[6, 7]",13
assembly_1,2,0.45,subgraph_mip,blended,100,343,1105,46,4.16,0.355,0.274,0.151,0.425,4.57,0.8395,0.0,1092.52,0.0,1064.33,1092.52,14.095,2.61,"[1092.52, 1064.33]","[6, 7]",13
assembly_1,2,0.45,subgraph_mip,blended_union,100,343,1105,167,15.11,0.355,0.861,0.321,1.181,1.64,0.8395,0.0,1092.52,0.0,1064.33,1092.52,14.095,2.61,"[1092.52, 1064.33]","[6, 7]",13
assembly_1,2,0.45,subgraph_mip,diverse,100,343,1105,749,67.78,0.355,0.042,1.599,1.641,1.18,0.8395,0.0,1092.52,0.0,1064.33,1092.52,14.095,2.61,"[1092.52, 1064.33]","[6, 7]",13
assembly_1,2,0.45,subgraph_mip,edge_weight,200,343,1105,95,8.6,0.355,0.565,0.133,0.698,2.78,0.8395,0.0,1092.52,0.0,1064.33,1092.52,14.095,2.61,"[1092.52, 1064.33]","[6, 7]",13
assembly_1,2,0.45,subgraph_mip,time_balanced_weight,200,343,1105,118,10.68,0.355,0.307,0.277,0.583,3.33,1.017,21.13,1122.33,2.73,1034.52,1122.33,43.905,8.14,"[1122.33, 1034.52]","[7, 6]",13
assembly_1,2,0.45,subgraph_mip,combined,200,343,1105,211,19.1,0.355,0.811,0.725,1.536,1.26,0.8395,0.0,1092.52,0.0,1064.33,1092.52,14.095,2.61,"[1092.52, 1064.33]","[6, 7]",13
assembly_1,2,0.45,subgraph_mip,blended,200,343,1105,65,5.88,0.355,0.502,0.227,0.729,2.66,0.8395,0.0,1092.52,0.0,1064.33,1092.52,14.095,2.61,"[1092.52, 1064.33]","[6, 7]",13
assembly_1,2,0.45,subgraph_mip,blended_union,200,343,1105,212,19.19,0.355,1.67,0.624,2.294,0.85,0.8395,0.0,1092.52,0.0,1064.33,1092.52,14.095,2.61,"[1092.52, 1064.33]","[6, 7]",13
assembly_1,2,0.45,subgraph_mip,diverse,200,343,1105,910,82.35,0.355,0.125,1.439,1.564,1.24,0.8395,0.0,1092.52,0.0,1064.33,1092.52,14.095,2.61,"[1092.52, 1064.33]","[6, 7]",13
assembly_1,2,0.45,subgraph_mip,edge_weight,500,343,1105,108,9.77,0.355,1.643,0.312,1.955,0.99,0.8395,0.0,1092.52,0.0,1064.33,1092.52,14.095,2.61,"[1092.52, 1064.33]","[6, 7]",13
assembly_1,2,0.45,subgraph_mip,time_balanced_weight,500,343,1105,170,15.38,0.355,0.991,0.333,1.325,1.47,0.9888,17.78,1104.13,1.06,1052.72,1104.13,25.705,4.77,"[1104.13, 1052.72]","[6, 7]",13
assembly_1,2,0.45,subgraph_mip,combined,500,343,1105,274,24.8,0.355,3.001,0.729,3.73,0.52,0.8395,0.0,1092.52,0.0,1064.33,1092.52,14.095,2.61,"[1092.52, 1064.33]","[6, 7]",13
assembly_1,2,0.45,subgraph_mip,blended,500,343,1105,86,7.78,0.355,2.177,0.508,2.685,0.72,0.8395,0.0,1092.52,0.0,1064.33,1092.52,14.095,2.61,"[1092.52, 1064.33]","[6, 7]",13
assembly_1,2,0.45,subgraph_mip,blended_union,500,343,1105,278,25.16,0.355,5.535,0.797,6.333,0.31,0.8395,0.0,1092.52,0.0,1064.33,1092.52,14.095,2.61,"[1092.52, 1064.33]","[6, 7]",13
assembly_1,2,0.45,subgraph_mip,diverse,500,343,1105,1047,94.75,0.355,0.487,2.625,3.112,0.62,0.8395,0.0,1092.52,0.0,1064.33,1092.52,14.095,2.61,"[1092.52, 1064.33]","[6, 7]",13
assembly_1,2,0.45,subgraph_mip,edge_weight,1000,343,1105,142,12.85,0.355,3.647,0.533,4.18,0.46,0.8395,0.0,1092.52,0.0,1064.33,1092.52,14.095,2.61,"[1092.52, 1064.33]","[6, 7]",13
assembly_1,2,0.45,subgraph_mip,time_balanced_weight,1000,343,1105,223,20.18,0.355,2.447,0.737,3.184,0.61,0.9826,17.03,1104.13,1.06,1052.72,1104.13,25.705,4.77,"[1104.13, 1052.72]","[6, 7]",13
assembly_1,2,0.45,subgraph_mip,combined,1000,343,1105,359,32.49,0.355,6.251,0.717,6.968,0.28,0.8395,0.0,1092.52,0.0,1064.33,1092.52,14.095,2.61,"[1092.52, 1064.33]","[6, 7]",13
assembly_1,2,0.45,subgraph_mip,blended,1000,343,1105,89,8.05,0.355,3.224,0.678,3.902,0.5,0.8395,0.0,1092.52,0.0,1064.33,1092.52,14.095,2.61,"[1092.52, 1064.33]","[6, 7]",13
assembly_1,2,0.45,subgraph_mip,blended_union,1000,343,1105,305,27.6,0.355,10.226,0.707,10.933,0.18,0.8395,0.0,1092.52,0.0,1064.33,1092.52,14.095,2.61,"[1092.52, 1064.33]","[6, 7]",13
assembly_1,2,0.45,subgraph_mip,diverse,1000,343,1105,1102,99.73,0.355,0.894,2.601,3.495,0.56,0.8395,0.0,1092.52,0.0,1064.33,1092.52,14.095,2.61,"[1092.52, 1064.33]","[6, 7]",13
assembly_1,2,0.45,subgraph_mip,edge_weight,2000,343,1105,185,16.74,0.355,7.667,0.67,8.336,0.23,0.8395,0.0,1092.52,0.0,1064.33,1092.52,14.095,2.61,"[1092.52, 1064.33]","[6, 7]",13
assembly_1,2,0.45,subgraph_mip,time_balanced_weight,2000,343,1105,291,26.33,0.355,5.663,0.868,6.531,0.3,0.9748,16.11,1104.13,1.06,1052.72,1104.13,25.705,4.77,"[1104.13, 1052.72]","[6, 7]",13
assembly_1,2,0.45,subgraph_mip,combined,2000,343,1105,464,41.99,0.355,13.278,0.784,14.062,0.14,0.8395,0.0,1092.52,0.0,1064.33,1092.52,14.095,2.61,"[1092.52, 1064.33]","[6, 7]",13
assembly_1,2,0.45,subgraph_mip,blended,2000,343,1105,121,10.95,0.355,8.304,0.473,8.776,0.22,0.8395,0.0,1092.52,0.0,1064.33,1092.52,14.095,2.61,"[1092.52, 1064.33]","[6, 7]",13
assembly_1,2,0.45,subgraph_mip,blended_union,2000,343,1105,356,32.22,0.355,26.583,1.799,28.382,0.07,0.8395,0.0,1092.52,0.0,1064.33,1092.52,14.095,2.61,"[1092.52, 1064.33]","[6, 7]",13
assembly_1,2,0.45,subgraph_mip,diverse,2000,343,1105,1105,100.0,0.355,2.072,2.247,4.319,0.45,0.8395,0.0,1092.52,0.0,1064.33,1092.52,14.095,2.61,"[1092.52, 1064.33]","[6, 7]",13
assembly_1,2,0.45,subgraph_mip,edge_weight,5000,343,1105,232,21.0,0.355,31.794,1.301,33.095,0.06,0.8395,0.0,1092.52,0.0,1064.33,1092.52,14.095,2.61,"[1092.52, 1064.33]","[6, 7]",13
assembly_1,2,0.45,subgraph_mip,time_balanced_weight,5000,343,1105,382,34.57,0.355,23.908,1.524,25.432,0.08,0.9704,15.59,1108.32,1.45,1048.53,1108.32,29.895,5.54,"[1108.32, 1048.53]","[6, 7]",13
assembly_1,2,0.45,subgraph_mip,combined,5000,343,1105,593,53.67,0.355,55.371,1.406,56.777,0.03,0.8395,0.0,1092.52,0.0,1064.33,1092.52,14.095,2.61,"[1092.52, 1064.33]","[6, 7]",13
assembly_1,2,0.45,subgraph_mip,blended,5000,343,1105,306,27.69,0.355,35.42,1.249,36.669,0.05,0.8395,0.0,1092.52,0.0,1064.33,1092.52,14.095,2.61,"[1092.52, 1064.33]","[6, 7]",13
assembly_1,2,0.45,subgraph_mip,blended_union,5000,343,1105,482,43.62,0.355,112.965,2.011,114.976,0.02,0.8395,0.0,1092.52,0.0,1064.33,1092.52,14.095,2.61,"[1092.52, 1064.33]","[6, 7]",13
assembly_1,2,0.45,subgraph_mip,diverse,5000,343,1105,1105,100.0,0.355,6.109,1.939,8.048,0.24,0.8395,0.0,1092.52,0.0,1064.33,1092.52,14.095,2.61,"[1092.52, 1064.33]","[6, 7]",13
assembly_1,2,0.5,full_mip,—,,343,1105,1105,100.0,0.321,0.0,2.145,2.145,1.0,0.8399,0.0,1092.52,0.0,1064.33,1092.52,14.095,2.61,"[1092.52, 1064.33]","[6, 7]",13
assembly_1,2,0.5,subgraph_mip,edge_weight,1,343,1105,13,1.18,0.321,0.002,0.012,0.013,160.35,0.842,0.25,1102.04,0.87,1054.81,1102.04,23.615,4.38,"[1102.04, 1054.81]","[6, 7]",13
assembly_1,2,0.5,subgraph_mip,time_balanced_weight,1,343,1105,13,1.18,0.321,0.001,0.005,0.007,329.07,1.0336,23.05,1160.13,6.19,996.72,1160.13,81.705,15.15,"[1160.13, 996.72]","[6, 7]",13
assembly_1,2,0.5,subgraph_mip,combined,1,343,1105,26,2.35,0.321,0.002,0.006,0.009,250.28,0.842,0.25,1102.04,0.87,1054.81,1102.04,23.615,4.38,"[1102.04, 1054.81]","[6, 7]",13
assembly_1,2,0.5,subgraph_mip,blended,1,343,1105,13,1.18,0.321,0.001,0.005,0.006,333.88,0.8399,-0.0,1092.52,0.0,1064.33,1092.52,14.095,2.61,"[1092.52, 1064.33]","[6, 7]",13
assembly_1,2,0.5,subgraph_mip,blended_union,1,343,1105,31,2.81,0.321,0.018,0.041,0.059,36.43,0.8399,-0.0,1092.52,0.0,1064.33,1092.52,14.095,2.61,"[1092.52, 1064.33]","[6, 7]",13
assembly_1,2,0.5,subgraph_mip,diverse,1,343,1105,13,1.18,0.321,0.006,0.005,0.011,191.84,0.8399,-0.0,1092.52,0.0,1064.33,1092.52,14.095,2.61,"[1092.52, 1064.33]","[6, 7]",13
assembly_1,2,0.5,subgraph_mip,edge_weight,2,343,1105,15,1.36,0.321,0.004,0.046,0.051,42.34,0.842,0.25,1102.04,0.87,1054.81,1102.04,23.615,4.38,"[1102.04, 1054.81]","[6, 7]",13
assembly_1,2,0.5,subgraph_mip,time_balanced_weight,2,343,1105,20,1.81,0.321,0.004,0.01,0.014,148.48,1.0336,23.05,1160.13,6.19,996.72,1160.13,81.705,15.15,"[1160.13, 996.72]","[6, 7]",13
assembly_1,2,0.5,subgraph_mip,combined,2,343,1105,35,3.17,0.321,0.009,0.025,0.035,62.15,0.842,0.25,1102.04,0.87,1054.81,1102.04,23.615,4.38,"[1102.04, 1054.81]","[6, 7]",13
assembly_1,2,0.5,subgraph_mip,blended,2,343,1105,15,1.36,0.321,0.005,0.02,0.025,86.63,0.8399,-0.0,1092.52,0.0,1064.33,1092.52,14.095,2.61,"[1092.52, 1064.33]","[6, 7]",13
assembly_1,2,0.5,subgraph_mip,blended_union,2,343,1105,36,3.26,0.321,0.029,0.112,0.141,15.21,0.8399,-0.0,1092.52,0.0,1064.33,1092.52,14.095,2.61,"[1092.52, 1064.33]","[6, 7]",13
assembly_1,2,0.5,subgraph_mip,diverse,2,343,1105,26,2.35,0.321,0.007,0.037,0.044,48.21,0.8399,-0.0,1092.52,0.0,1064.33,1092.52,14.095,2.61,"[1092.52, 1064.33]","[6, 7]",13
assembly_1,2,0.5,subgraph_mip,edge_weight,5,343,1105,21,1.9,0.321,0.01,0.025,0.036,60.14,0.842,0.25,1102.04,0.87,1054.81,1102.04,23.615,4.38,"[1102.04, 1054.81]","[6, 7]",13
assembly_1,2,0.5,subgraph_mip,time_balanced_weight,5,343,1105,29,2.62,0.321,0.006,0.104,0.11,19.52,1.0064,19.81,1122.33,2.73,1034.52,1122.33,43.905,8.14,"[1122.33, 1034.52]","[7, 6]",13
assembly_1,2,0.5,subgraph_mip,combined,5,343,1105,50,4.52,0.321,0.031,0.069,0.1,21.42,0.842,0.25,1102.04,0.87,1054.81,1102.04,23.615,4.38,"[1102.04, 1054.81]","[6, 7]",13
assembly_1,2,0.5,subgraph_mip,blended,5,343,1105,19,1.72,0.321,0.02,0.045,0.065,33.2,0.8399,-0.0,1092.52,0.0,1064.33,1092.52,14.095,2.61,"[1092.52, 1064.33]","[6, 7]",13
assembly_1,2,0.5,subgraph_mip,blended_union,5,343,1105,49,4.43,0.321,0.059,0.107,0.167,12.87,0.8399,-0.0,1092.52,0.0,1064.33,1092.52,14.095,2.61,"[1092.52, 1064.33]","[6, 7]",13
assembly_1,2,0.5,subgraph_mip,diverse,5,343,1105,65,5.88,0.321,0.006,0.189,0.194,11.04,0.8399,-0.0,1092.52,0.0,1064.33,1092.52,14.095,2.61,"[1092.52, 1064.33]","[6, 7]",13
assembly_1,2,0.5,subgraph_mip,edge_weight,10,343,1105,24,2.17,0.321,0.037,0.195,0.232,9.23,0.842,0.25,1102.04,0.87,1054.81,1102.04,23.615,4.38,"[1102.04, 1054.81]","[6, 7]",13
assembly_1,2,0.5,subgraph_mip,time_balanced_weight,10,343,1105,39,3.53,0.321,0.022,0.252,0.274,7.84,1.0064,19.81,1122.33,2.73,1034.52,1122.33,43.905,8.14,"[1122.33, 1034.52]","[7, 6]",13
assembly_1,2,0.5,subgraph_mip,combined,10,343,1105,63,5.7,0.321,0.049,0.124,0.173,12.39,0.842,0.25,1102.04,0.87,1054.81,1102.04,23.615,4.38,"[1102.04, 1054.81]","[6, 7]",13
assembly_1,2,0.5,subgraph_mip,blended,10,343,1105,27,2.44,0.321,0.033,0.058,0.091,23.48,0.8399,-0.0,1092.52,0.0,1064.33,1092.52,14.095,2.61,"[1092.52, 1064.33]","[6, 7]",13
assembly_1,2,0.5,subgraph_mip,blended_union,10,343,1105,64,5.79,0.321,0.098,0.263,0.361,5.94,0.8399,-0.0,1092.52,0.0,1064.33,1092.52,14.095,2.61,"[1092.52, 1064.33]","[6, 7]",13
assembly_1,2,0.5,subgraph_mip,diverse,10,343,1105,126,11.4,0.321,0.015,0.241,0.256,8.37,0.8399,-0.0,1092.52,0.0,1064.33,1092.52,14.095,2.61,"[1092.52, 1064.33]","[6, 7]",13
assembly_1,2,0.5,subgraph_mip,edge_weight,20,343,1105,35,3.17,0.321,0.042,0.108,0.149,14.35,0.842,0.25,1102.04,0.87,1054.81,1102.04,23.615,4.38,"[1102.04, 1054.81]","[6, 7]",13
assembly_1,2,0.5,subgraph_mip,time_balanced_weight,20,343,1105,49,4.43,0.321,0.038,0.229,0.267,8.05,1.0064,19.81,1122.33,2.73,1034.52,1122.33,43.905,8.14,"[1122.33, 1034.52]","[7, 6]",13
assembly_1,2,0.5,subgraph_mip,combined,20,343,1105,84,7.6,0.321,0.08,0.174,0.254,8.44,0.842,0.25,1102.04,0.87,1054.81,1102.04,23.615,4.38,"[1102.04, 1054.81]","[6, 7]",13
assembly_1,2,0.5,subgraph_mip,blended,20,343,1105,35,3.17,0.321,0.043,0.101,0.144,14.9,0.8399,-0.0,1092.52,0.0,1064.33,1092.52,14.095,2.61,"[1092.52, 1064.33]","[6, 7]",13
assembly_1,2,0.5,subgraph_mip,blended_union,20,343,1105,87,7.87,0.321,0.182,0.386,0.568,3.78,0.8399,-0.0,1092.52,0.0,1064.33,1092.52,14.095,2.61,"[1092.52, 1064.33]","[6, 7]",13
assembly_1,2,0.5,subgraph_mip,diverse,20,343,1105,239,21.63,0.321,0.015,0.794,0.809,2.65,0.8399,-0.0,1092.52,0.0,1064.33,1092.52,14.095,2.61,"[1092.52, 1064.33]","[6, 7]",13
assembly_1,2,0.5,subgraph_mip,edge_weight,50,343,1105,54,4.89,0.321,0.129,0.325,0.454,4.72,0.8399,-0.0,1092.52,0.0,1064.33,1092.52,14.095,2.61,"[1092.52, 1064.33]","[6, 7]",13
assembly_1,2,0.5,subgraph_mip,time_balanced_weight,50,343,1105,74,6.7,0.321,0.057,0.487,0.544,3.95,1.0038,19.51,1122.33,2.73,1034.52,1122.33,43.905,8.14,"[1122.33, 1034.52]","[7, 6]",13
assembly_1,2,0.5,subgraph_mip,combined,50,343,1105,127,11.49,0.321,0.233,0.53,0.763,2.81,0.8399,-0.0,1092.52,0.0,1064.33,1092.52,14.095,2.61,"[1092.52, 1064.33]","[6, 7]",13
assembly_1,2,0.5,subgraph_mip,blended,50,343,1105,42,3.8,0.321,0.127,0.202,0.328,6.54,0.8399,-0.0,1092.52,0.0,1064.33,1092.52,14.095,2.61,"[1092.52, 1064.33]","[6, 7]",13
assembly_1,2,0.5,subgraph_mip,blended_union,50,343,1105,117,10.59,0.321,0.419,0.873,1.292,1.66,0.8399,-0.0,1092.52,0.0,1064.33,1092.52,14.095,2.61,"[1092.52, 1064.33]","[6, 7]",13
assembly_1,2,0.5,subgraph_mip,diverse,50,343,1105,511,46.24,0.321,0.037,1.116,1.153,1.86,0.8399,0.0,1092.52,0.0,1064.33,1092.52,14.095,2.61,"[1092.52, 1064.33]","[6, 7]",13
assembly_1,2,0.5,subgraph_mip,edge_weight,100,343,1105,78,7.06,0.321,0.268,0.161,0.429,5.0,0.8399,-0.0,1092.52,0.0,1064.33,1092.52,14.095,2.61,"[1092.52, 1064.33]","[6, 7]",13
assembly_1,2,0.5,subgraph_mip,time_balanced_weight,100,343,1105,85,7.69,0.321,0.135,0.428,0.563,3.81,1.0038,19.51,1122.33,2.73,1034.52,1122.33,43.905,8.14,"[1122.33, 1034.52]","[7, 6]",13
assembly_1,2,0.5,subgraph_mip,combined,100,343,1105,162,14.66,0.321,0.418,0.325,0.743,2.89,0.8399,-0.0,1092.52,0.0,1064.33,1092.52,14.095,2.61,"[1092.52, 1064.33]","[6, 7]",13
assembly_1,2,0.5,subgraph_mip,blended,100,343,1105,46,4.16,0.321,0.266,0.123,0.389,5.51,0.8399,-0.0,1092.52,0.0,1064.33,1092.52,14.095,2.61,"[1092.52, 1064.33]","[6, 7]",13
assembly_1,2,0.5,subgraph_mip,blended_union,100,343,1105,167,15.11,0.321,0.768,0.431,1.199,1.79,0.8399,-0.0,1092.52,0.0,1064.33,1092.52,14.095,2.61,"[1092.52, 1064.33]","[6, 7]",13
assembly_1,2,0.5,subgraph_mip,diverse,100,343,1105,748,67.69,0.321,0.066,1.495,1.562,1.37,0.8399,-0.0,1092.52,0.0,1064.33,1092.52,14.095,2.61,"[1092.52, 1064.33]","[6, 7]",13
assembly_1,2,0.5,subgraph_mip,edge_weight,200,343,1105,95,8.6,0.321,0.518,0.148,0.666,3.22,0.8399,-0.0,1092.52,0.0,1064.33,1092.52,14.095,2.61,"[1092.52, 1064.33]","[6, 7]",13
assembly_1,2,0.5,subgraph_mip,time_balanced_weight,200,343,1105,118,10.68,0.321,0.303,0.354,0.658,3.26,1.0033,19.45,1122.33,2.73,1034.52,1122.33,43.905,8.14,"[1122.33, 1034.52]","[7, 6]",13
assembly_1,2,0.5,subgraph_mip,combined,200,343,1105,211,19.1,0.321,0.831,0.523,1.354,1.58,0.8399,-0.0,1092.52,0.0,1064.33,1092.52,14.095,2.61,"[1092.52, 1064.33]","[6, 7]",13
assembly_1,2,0.5,subgraph_mip,blended,200,343,1105,65,5.88,0.321,0.461,0.301,0.762,2.81,0.8399,-0.0,1092.52,0.0,1064.33,1092.52,14.095,2.61,"[1092.52, 1064.33]","[6, 7]",13
assembly_1,2,0.5,subgraph_mip,blended_union,200,343,1105,212,19.19,0.321,1.469,0.547,2.015,1.06,0.8399,-0.0,1092.52,0.0,1064.33,1092.52,14.095,2.61,"[1092.52, 1064.33]","[6, 7]",13
assembly_1,2,0.5,subgraph_mip,diverse,200,343,1105,903,81.72,0.321,0.151,1.734,1.885,1.14,0.8399,-0.0,1092.52,0.0,1064.33,1092.52,14.095,2.61,"[1092.52, 1064.33]","[6, 7]",13
assembly_1,2,0.5,subgraph_mip,edge_weight,500,343,1105,108,9.77,0.321,1.614,0.265,1.879,1.14,0.8399,-0.0,1092.52,0.0,1064.33,1092.52,14.095,2.61,"[1092.52, 1064.33]","[6, 7]",13
assembly_1,2,0.5,subgraph_mip,time_balanced_weight,500,343,1105,170,15.38,0.321,0.982,0.413,1.395,1.54,0.9765,16.26,1104.13,1.06,1052.72,1104.13,25.705,4.77,"[1104.13, 1052.72]","[6, 7]",13
assembly_1,2,0.5,subgraph_mip,combined,500,343,1105,274,24.8,0.321,2.257,0.684,2.941,0.73,0.8399,-0.0,1092.52,0.0,1064.33,1092.52,14.095,2.61,"[1092.52, 1064.33]","[6, 7]",13
assembly_1,2,0.5,subgraph_mip,blended,500,343,1105,86,7.78,0.321,1.488,0.389,1.877,1.14,0.8399,-0.0,1092.52,0.0,1064.33,1092.52,14.095,2.61,"[1092.52, 1064.33]","[6, 7]",13
assembly_1,2,0.5,subgraph_mip,blended_union,500,343,1105,278,25.16,0.321,4.74,0.831,5.571,0.39,0.8399,-0.0,1092.52,0.0,1064.33,1092.52,14.095,2.61,"[1092.52, 1064.33]","[6, 7]",13
assembly_1,2,0.5,subgraph_mip,diverse,500,343,1105,1049,94.93,0.321,0.443,2.324,2.767,0.78,0.8399,-0.0,1092.52,0.0,1064.33,1092.52,14.095,2.61,"[1092.52, 1064.33]","[6, 7]",13
assembly_1,2,0.5,subgraph_mip,edge_weight,1000,343,1105,142,12.85,0.321,3.259,0.429,3.688,0.58,0.8399,-0.0,1092.52,0.0,1064.33,1092.52,14.095,2.61,"[1092.52, 1064.33]","[6, 7]",13
assembly_1,2,0.5,subgraph_mip,time_balanced_weight,1000,343,1105,223,20.18,0.321,2.187,0.543,2.73,0.79,0.9708,15.58,1104.13,1.06,1052.72,1104.13,25.705,4.77,"[1104.13, 1052.72]","[6, 7]",13
assembly_1,2,0.5,subgraph_mip,combined,1000,343,1105,359,32.49,0.321,5.773,0.955,6.728,0.32,0.8399,-0.0,1092.52,0.0,1064.33,1092.52,14.095,2.61,"[1092.52, 1064.33]","[6, 7]",13
assembly_1,2,0.5,subgraph_mip,blended,1000,343,1105,89,8.05,0.321,2.865,0.608,3.473,0.62,0.8399,-0.0,1092.52,0.0,1064.33,1092.52,14.095,2.61,"[1092.52, 1064.33]","[6, 7]",13
assembly_1,2,0.5,subgraph_mip,blended_union,1000,343,1105,305,27.6,0.321,9.117,1.249,10.366,0.21,0.8399,-0.0,1092.52,0.0,1064.33,1092.52,14.095,2.61,"[1092.52, 1064.33]","[6, 7]",13
assembly_1,2,0.5,subgraph_mip,diverse,1000,343,1105,1100,99.55,0.321,0.851,2.455,3.306,0.65,0.8399,-0.0,1092.52,0.0,1064.33,1092.52,14.095,2.61,"[1092.52, 1064.33]","[6, 7]",13
assembly_1,2,0.5,subgraph_mip,edge_weight,2000,343,1105,185,16.74,0.321,6.902,0.689,7.591,0.28,0.8399,-0.0,1092.52,0.0,1064.33,1092.52,14.095,2.61,"[1092.52, 1064.33]","[6, 7]",13
assembly_1,2,0.5,subgraph_mip,time_balanced_weight,2000,343,1105,291,26.33,0.321,5.313,0.724,6.037,0.36,0.9637,14.74,1104.13,1.06,1052.72,1104.13,25.705,4.77,"[1104.13, 1052.72]","[6, 7]",13
assembly_1,2,0.5,subgraph_mip,combined,2000,343,1105,464,41.99,0.321,12.704,1.242,13.946,0.15,0.8399,-0.0,1092.52,0.0,1064.33,1092.52,14.095,2.61,"[1092.52, 1064.33]","[6, 7]",13
assembly_1,2,0.5,subgraph_mip,blended,2000,343,1105,94,8.51,0.321,7.53,0.672,8.202,0.26,0.8399,-0.0,1092.52,0.0,1064.33,1092.52,14.095,2.61,"[1092.52, 1064.33]","[6, 7]",13
assembly_1,2,0.5,subgraph_mip,blended_union,2000,343,1105,356,32.22,0.321,21.901,1.059,22.96,0.09,0.8399,-0.0,1092.52,0.0,1064.33,1092.52,14.095,2.61,"[1092.52, 1064.33]","[6, 7]",13
assembly_1,2,0.5,subgraph_mip,diverse,2000,343,1105,1105,100.0,0.321,2.02,2.475,4.494,0.48,0.8399,0.0,1092.52,0.0,1064.33,1092.52,14.095,2.61,"[1092.52, 1064.33]","[6, 7]",13
assembly_1,2,0.5,subgraph_mip,edge_weight,5000,343,1105,232,21.0,0.321,30.669,1.588,32.257,0.07,0.8399,-0.0,1092.52,0.0,1064.33,1092.52,14.095,2.61,"[1092.52, 1064.33]","[6, 7]",13
assembly_1,2,0.5,subgraph_mip,time_balanced_weight,5000,343,1105,382,34.57,0.321,21.767,1.009,22.776,0.09,0.96,14.29,1108.32,1.45,1048.53,1108.32,29.895,5.54,"[1108.32, 1048.53]","[6, 7]",13
assembly_1,2,0.5,subgraph_mip,combined,5000,343,1105,593,53.67,0.321,52.861,1.754,54.616,0.04,0.8399,-0.0,1092.52,0.0,1064.33,1092.52,14.095,2.61,"[1092.52, 1064.33]","[6, 7]",13
assembly_1,2,0.5,subgraph_mip,blended,5000,343,1105,307,27.78,0.321,33.051,0.777,33.828,0.06,0.8399,-0.0,1092.52,0.0,1064.33,1092.52,14.095,2.61,"[1092.52, 1064.33]","[6, 7]",13
assembly_1,2,0.5,subgraph_mip,blended_union,5000,343,1105,482,43.62,0.321,94.1,2.34,96.441,0.02,0.8399,-0.0,1092.52,0.0,1064.33,1092.52,14.095,2.61,"[1092.52, 1064.33]","[6, 7]",13
assembly_1,2,0.5,subgraph_mip,diverse,5000,343,1105,1105,100.0,0.321,5.583,3.041,8.624,0.25,0.8399,0.0,1092.52,0.0,1064.33,1092.52,14.095,2.61,"[1092.52, 1064.33]","[6, 7]",13
assembly_1,2,0.55,full_mip,—,,343,1105,1105,100.0,0.3,0.0,2.225,2.225,1.0,0.8403,0.0,1092.52,0.0,1064.33,1092.52,14.095,2.61,"[1092.52, 1064.33]","[6, 7]",13
assembly_1,2,0.55,subgraph_mip,edge_weight,1,343,1105,13,1.18,0.3,0.002,0.011,0.013,169.73,0.843,0.31,1102.04,0.87,1054.81,1102.04,23.615,4.38,"[1102.04, 1054.81]","[6, 7]",13
assembly_1,2,0.55,subgraph_mip,time_balanced_weight,1,343,1105,13,1.18,0.3,0.001,0.006,0.007,323.84,1.0198,21.36,1160.13,6.19,996.72,1160.13,81.705,15.15,"[1160.13, 996.72]","[6, 7]",13
assembly_1,2,0.55,subgraph_mip,combined,1,343,1105,26,2.35,0.3,0.002,0.007,0.009,250.93,0.843,0.31,1102.04,0.87,1054.81,1102.04,23.615,4.38,"[1102.04, 1054.81]","[6, 7]",13
assembly_1,2,0.55,subgraph_mip,blended,1,343,1105,13,1.18,0.3,0.001,0.007,0.008,268.33,0.8403,-0.0,1092.52,0.0,1064.33,1092.52,14.095,2.61,"[1092.52, 1064.33]","[6, 7]",13
assembly_1,2,0.55,subgraph_mip,blended_union,1,343,1105,31,2.81,0.3,0.017,0.039,0.056,40.01,0.8403,-0.0,1092.52,0.0,1064.33,1092.52,14.095,2.61,"[1092.52, 1064.33]","[6, 7]",13
assembly_1,2,0.55,subgraph_mip,diverse,1,343,1105,13,1.18,0.3,0.005,0.01,0.015,145.02,0.8403,-0.0,1092.52,0.0,1064.33,1092.52,14.095,2.61,"[1092.52, 1064.33]","[6, 7]",13
assembly_1,2,0.55,subgraph_mip,edge_weight,2,343,1105,15,1.36,0.3,0.006,0.016,0.022,102.34,0.843,0.31,1102.04,0.87,1054.81,1102.04,23.615,4.38,"[1102.04, 1054.81]","[6, 7]",13
assembly_1,2,0.55,subgraph_mip,time_balanced_weight,2,343,1105,20,1.81,0.3,0.004,0.007,0.011,205.36,1.0198,21.36,1160.13,6.19,996.72,1160.13,81.705,15.15,"[1160.13, 996.72]","[6, 7]",13
assembly_1,2,0.55,subgraph_mip,combined,2,343,1105,35,3.17,0.3,0.01,0.031,0.041,54.17,0.843,0.31,1102.04,0.87,1054.81,1102.04,23.615,4.38,"[1102.04, 1054.81]","[6, 7]",13
assembly_1,2,0.55,subgraph_mip,blended,2,343,1105,15,1.36,0.3,0.007,0.021,0.028,79.19,0.8403,-0.0,1092.52,0.0,1064.33,1092.52,14.095,2.61,"[1092.52, 1064.33]","[6, 7]",13
assembly_1,2,0.55,subgraph_mip,blended_union,2,343,1105,36,3.26,0.3,0.034,0.128,0.162,13.76,0.8403,0.0,1092.52,0.0,1064.33,1092.52,14.095,2.61,"[1092.52, 1064.33]","[6, 7]",13
assembly_1,2,0.55,subgraph_mip,diverse,2,343,1105,26,2.35,0.3,0.005,0.041,0.046,48.74,0.8403,-0.0,1092.52,0.0,1064.33,1092.52,14.095,2.61,"[1092.52, 1064.33]","[6, 7]",13
assembly_1,2,0.55,subgraph_mip,edge_weight,5,343,1105,21,1.9,0.3,0.02,0.04,0.06,37.16,0.843,0.31,1102.04,0.87,1054.81,1102.04,23.615,4.38,"[1102.04, 1054.81]","[6, 7]",13
assembly_1,2,0.55,subgraph_mip,time_balanced_weight,5,343,1105,29,2.62,0.3,0.012,0.118,0.13,17.11,0.9924,18.1,1122.33,2.73,1034.52,1122.33,43.905,8.14,"[1122.33, 1034.52]","[7, 6]",13
assembly_1,2,0.55,subgraph_mip,combined,5,343,1105,50,4.52,0.3,0.028,0.103,0.131,16.96,0.843,0.31,1102.04,0.87,1054.81,1102.04,23.615,4.38,"[1102.04, 1054.81]","[6, 7]",13
assembly_1,2,0.55,subgraph_mip,blended,5,343,1105,19,1.72,0.3,0.009,0.03,0.039,56.74,0.8403,0.0,1092.52,0.0,1064.33,1092.52,14.095,2.61,"[1092.52, 1064.33]","[6, 7]",13
assembly_1,2,0.55,subgraph_mip,blended_union,5,343,1105,49,4.43,0.3,0.073,0.172,0.244,9.11,0.8403,0.0,1092.52,0.0,1064.33,1092.52,14.095,2.61,"[1092.52, 1064.33]","[6, 7]",13
assembly_1,2,0.55,subgraph_mip,diverse,5,343,1105,65,5.88,0.3,0.009,0.31,0.318,6.99,0.8403,0.0,1092.52,0.0,1064.33,1092.52,14.095,2.61,"[1092.52, 1064.33]","[6, 7]",13
assembly_1,2,0.55,subgraph_mip,edge_weight,10,343,1105,24,2.17,0.3,0.037,0.074,0.111,20.06,0.843,0.31,1102.04,0.87,1054.81,1102.04,23.615,4.38,"[1102.04, 1054.81]","[6, 7]",13
assembly_1,2,0.55,subgraph_mip,time_balanced_weight,10,343,1105,39,3.53,0.3,0.016,0.165,0.181,12.27,0.9924,18.1,1122.33,2.73,1034.52,1122.33,43.905,8.14,"[1122.33, 1034.52]","[7, 6]",13
assembly_1,2,0.55,subgraph_mip,combined,10,343,1105,63,5.7,0.3,0.03,0.09,0.12,18.48,0.843,0.31,1102.04,0.87,1054.81,1102.04,23.615,4.38,"[1102.04, 1054.81]","[6, 7]",13
assembly_1,2,0.55,subgraph_mip,blended,10,343,1105,27,2.44,0.3,0.019,0.062,0.081,27.38,0.8403,-0.0,1092.52,0.0,1064.33,1092.52,14.095,2.61,"[1092.52, 1064.33]","[6, 7]",13
assembly_1,2,0.55,subgraph_mip,blended_union,10,343,1105,64,5.79,0.3,0.095,0.256,0.35,6.35,0.8403,-0.0,1092.52,0.0,1064.33,1092.52,14.095,2.61,"[1092.52, 1064.33]","[6, 7]",13
assembly_1,2,0.55,subgraph_mip,diverse,10,343,1105,126,11.4,0.3,0.007,0.191,0.198,11.22,0.8403,-0.0,1092.52,0.0,1064.33,1092.52,14.095,2.61,"[1092.52, 1064.33]","[6, 7]",13
assembly_1,2,0.55,subgraph_mip,edge_weight,20,343,1105,35,3.17,0.3,0.068,0.05,0.118,18.83,0.8429,0.3,1100.04,0.69,1056.81,1100.04,21.615,4.01,"[1100.04, 1056.81]","[6, 7]",13
assembly_1,2,0.55,subgraph_mip,time_balanced_weight,20,343,1105,49,4.43,0.3,0.022,0.267,0.289,7.69,0.9924,18.1,1122.33,2.73,1034.52,1122.33,43.905,8.14,"[1122.33, 1034.52]","[7, 6]",13
assembly_1,2,0.55,subgraph_mip,combined,20,343,1105,84,7.6,0.3,0.115,0.215,0.329,6.76,0.8429,0.3,1100.04,0.69,1056.81,1100.04,21.615,4.01,"[1100.04, 1056.81]","[6, 7]",13
assembly_1,2,0.55,subgraph_mip,blended,20,343,1105,35,3.17,0.3,0.061,0.085,0.146,15.23,0.8403,-0.0,1092.52,0.0,1064.33,1092.52,14.095,2.61,"[1092.52, 1064.33]","[6, 7]",13
assembly_1,2,0.55,subgraph_mip,blended_union,20,343,1105,87,7.87,0.3,0.179,0.313,0.492,4.52,0.8403,-0.0,1092.52,0.0,1064.33,1092.52,14.095,2.61,"[1092.52, 1064.33]","[6, 7]",13
assembly_1,2,0.55,subgraph_mip,diverse,20,343,1105,239,21.63,0.3,0.021,0.251,0.272,8.18,0.8403,0.0,1092.52,0.0,1064.33,1092.52,14.095,2.61,"[1092.52, 1064.33]","[6, 7]",13
assembly_1,2,0.55,subgraph_mip,edge_weight,50,343,1105,54,4.89,0.3,0.187,0.121,0.308,7.22,0.8403,0.0,1092.52,0.0,1064.33,1092.52,14.095,2.61,"[1092.52, 1064.33]","[6, 7]",13
assembly_1,2,0.55,subgraph_mip,time_balanced_weight,50,343,1105,74,6.7,0.3,0.127,0.909,1.036,2.15,0.9901,17.82,1122.33,2.73,1034.52,1122.33,43.905,8.14,"[1122.33, 1034.52]","[7, 6]",13
assembly_1,2,0.55,subgraph_mip,combined,50,343,1105,127,11.49,0.3,0.211,0.353,0.565,3.94,0.8403,0.0,1092.52,0.0,1064.33,1092.52,14.095,2.61,"[1092.52, 1064.33]","[6, 7]",13
assembly_1,2,0.55,subgraph_mip,blended,50,343,1105,42,3.8,0.3,0.147,0.115,0.261,8.52,0.8403,0.0,1092.52,0.0,1064.33,1092.52,14.095,2.61,"[1092.52, 1064.33]","[6, 7]",13
assembly_1,2,0.55,subgraph_mip,blended_union,50,343,1105,117,10.59,0.3,0.443,0.671,1.114,2.0,0.8403,-0.0,1092.52,0.0,1064.33,1092.52,14.095,2.61,"[1092.52, 1064.33]","[6, 7]",13
assembly_1,2,0.55,subgraph_mip,diverse,50,343,1105,507,45.88,0.3,0.029,0.837,0.866,2.57,0.8403,0.0,1092.52,0.0,1064.33,1092.52,14.095,2.61,"[1092.52, 1064.33]","[6, 7]",13
assembly_1,2,0.55,subgraph_mip,edge_weight,100,343,1105,78,7.06,0.3,0.392,0.156,0.548,4.06,0.8403,0.0,1092.52,0.0,1064.33,1092.52,14.095,2.61,"[1092.52, 1064.33]","[6, 7]",13
assembly_1,2,0.55,subgraph_mip,time_balanced_weight,100,343,1105,85,7.69,0.3,0.274,1.234,1.508,1.48,0.9901,17.82,1122.33,2.73,1034.52,1122.33,43.905,8.14,"[1122.33, 1034.52]","[7, 6]",13
assembly_1,2,0.55,subgraph_mip,combined,100,343,1105,162,14.66,0.3,0.454,0.384,0.838,2.66,0.8403,-0.0,1092.52,0.0,1064.33,1092.52,14.095,2.61,"[1092.52, 1064.33]","[6, 7]",13
assembly_1,2,0.55,subgraph_mip,blended,100,343,1105,46,4.16,0.3,0.309,0.198,0.507,4.39,0.8403,-0.0,1092.52,0.0,1064.33,1092.52,14.095,2.61,"[1092.52, 1064.33]","[6, 7]",13
assembly_1,2,0.55,subgraph_mip,blended_union,100,343,1105,167,15.11,0.3,0.81,0.349,1.159,1.92,0.8403,0.0,1092.52,0.0,1064.33,1092.52,14.095,2.61,"[1092.52, 1064.33]","[6, 7]",13
assembly_1,2,0.55,subgraph_mip,diverse,100,343,1105,746,67.51,0.3,0.067,2.294,2.362,0.94,0.8403,0.0,1092.52,0.0,1064.33,1092.52,14.095,2.61,"[1092.52, 1064.33]","[6, 7]",13
assembly_1,2,0.55,subgraph_mip,edge_weight,200,343,1105,95,8.6,0.3,0.521,0.162,0.683,3.26,0.8403,0.0,1092.52,0.0,1064.33,1092.52,14.095,2.61,"[1092.52, 1064.33]","[6, 7]",13
assembly_1,2,0.55,subgraph_mip,time_balanced_weight,200,343,1105,118,10.68,0.3,0.291,0.278,0.57,3.91,0.9897,17.77,1122.33,2.73,1034.52,1122.33,43.905,8.14,"[1122.33, 1034.52]","[7, 6]",13
assembly_1,2,0.55,subgraph_mip,combined,200,343,1105,211,19.1,0.3,0.842,0.372,1.214,1.83,0.8403,-0.0,1092.52,0.0,1064.33,1092.52,14.095,2.61,"[1092.52, 1064.33]","[6, 7]",13
assembly_1,2,0.55,subgraph_mip,blended,200,343,1105,65,5.88,0.3,0.481,0.37,0.851,2.61,0.8403,-0.0,1092.52,0.0,1064.33,1092.52,14.095,2.61,"[1092.52, 1064.33]","[6, 7]",13
assembly_1,2,0.55,subgraph_mip,blended_union,200,343,1105,212,19.19,0.3,1.461,0.687,2.148,1.04,0.8403,0.0,1092.52,0.0,1064.33,1092.52,14.095,2.61,"[1092.52, 1064.33]","[6, 7]",13
assembly_1,2,0.55,subgraph_mip,diverse,200,343,1105,908,82.17,0.3,0.122,2.585,2.707,0.82,0.8403,0.0,1092.52,0.0,1064.33,1092.52,14.095,2.61,"[1092.52, 1064.33]","[6, 7]",13
assembly_1,2,0.55,subgraph_mip,edge_weight,500,343,1105,108,9.77,0.3,1.563,0.236,1.8,1.24,0.8403,0.0,1092.52,0.0,1064.33,1092.52,14.095,2.61,"[1092.52, 1064.33]","[6, 7]",13
assembly_1,2,0.55,subgraph_mip,time_balanced_weight,500,343,1105,170,15.38,0.3,1.08,0.321,1.401,1.59,0.9641,14.73,1104.13,1.06,1052.72,1104.13,25.705,4.77,"[1104.13, 1052.72]","[6, 7]",13
assembly_1,2,0.55,subgraph_mip,combined,500,343,1105,274,24.8,0.3,3.87,0.621,4.491,0.5,0.8403,-0.0,1092.52,0.0,1064.33,1092.52,14.095,2.61,"[1092.52, 1064.33]","[6, 7]",13
assembly_1,2,0.55,subgraph_mip,blended,500,343,1105,86,7.78,0.3,2.2,0.508,2.708,0.82,0.8403,0.0,1092.52,0.0,1064.33,1092.52,14.095,2.61,"[1092.52, 1064.33]","[6, 7]",13
assembly_1,2,0.55,subgraph_mip,blended_union,500,343,1105,278,25.16,0.3,4.863,1.016,5.879,0.38,0.8403,0.0,1092.52,0.0,1064.33,1092.52,14.095,2.61,"[1092.52, 1064.33]","[6, 7]",13
assembly_1,2,0.55,subgraph_mip,diverse,500,343,1105,1049,94.93,0.3,0.47,3.948,4.418,0.5,0.8403,-0.0,1092.52,0.0,1064.33,1092.52,14.095,2.61,"[1092.52, 1064.33]","[6, 7]",13
assembly_1,2,0.55,subgraph_mip,edge_weight,1000,343,1105,142,12.85,0.3,3.475,0.248,3.723,0.6,0.8403,-0.0,1092.52,0.0,1064.33,1092.52,14.095,2.61,"[1092.52, 1064.33]","[6, 7]",13
assembly_1,2,0.55,subgraph_mip,time_balanced_weight,1000,343,1105,223,20.18,0.3,2.456,0.495,2.951,0.75,0.959,14.12,1104.13,1.06,1052.72,1104.13,25.705,4.77,"[1104.13, 1052.72]","[6, 7]",13
assembly_1,2,0.55,subgraph_mip,combined,1000,343,1105,359,32.49,0.3,5.831,1.145,6.975,0.32,0.8403,-0.0,1092.52,0.0,1064.33,1092.52,14.095,2.61,"[1092.52, 1064.33]","[6, 7]",13
assembly_1,2,0.55,subgraph_mip,blended,1000,343,1105,89,8.05,0.3,3.232,0.5,3.732,0.6,0.8403,0.0,1092.52,0.0,1064.33,1092.52,14.095,2.61,"[1092.52, 1064.33]","[6, 7]",13
assembly_1,2,0.55,subgraph_mip,blended_union,1000,343,1105,305,27.6,0.3,10.71,0.957,11.668,0.19,0.8403,-0.0,1092.52,0.0,1064.33,1092.52,14.095,2.61,"[1092.52, 1064.33]","[6, 7]",13
assembly_1,2,0.55,subgraph_mip,diverse,1000,343,1105,1101,99.64,0.3,1.017,2.323,3.34,0.67,0.8403,0.0,1092.52,0.0,1064.33,1092.52,14.095,2.61,"[1092.52, 1064.33]","[6, 7]",13
assembly_1,2,0.55,subgraph_mip,edge_weight,2000,343,1105,185,16.74,0.3,7.51,0.423,7.932,0.28,0.8403,0.0,1092.52,0.0,1064.33,1092.52,14.095,2.61,"[1092.52, 1064.33]","[6, 7]",13
assembly_1,2,0.55,subgraph_mip,time_balanced_weight,2000,343,1105,291,26.33,0.3,5.638,0.954,6.592,0.34,0.9526,13.37,1104.13,1.06,1052.72,1104.13,25.705,4.77,"[1104.13, 1052.72]","[6, 7]",13
assembly_1,2,0.55,subgraph_mip,combined,2000,343,1105,464,41.99,0.3,12.998,1.297,14.295,0.16,0.8403,-0.0,1092.52,0.0,1064.33,1092.52,14.095,2.61,"[1092.52, 1064.33]","[6, 7]",13
assembly_1,2,0.55,subgraph_mip,blended,2000,343,1105,151,13.67,0.3,8.668,0.804,9.472,0.23,0.8403,-0.0,1092.52,0.0,1064.33,1092.52,14.095,2.61,"[1092.52, 1064.33]","[6, 7]",13
assembly_1,2,0.55,subgraph_mip,blended_union,2000,343,1105,356,32.22,0.3,25.853,0.954,26.807,0.08,0.8403,0.0,1092.52,0.0,1064.33,1092.52,14.095,2.61,"[1092.52, 1064.33]","[6, 7]",13
assembly_1,2,0.55,subgraph_mip,diverse,2000,343,1105,1105,100.0,0.3,2.087,2.582,4.669,0.48,0.8403,0.0,1092.52,0.0,1064.33,1092.52,14.095,2.61,"[1092.52, 1064.33]","[6, 7]",13
assembly_1,2,0.55,subgraph_mip,edge_weight,5000,343,1105,232,21.0,0.3,31.501,0.913,32.414,0.07,0.8403,-0.0,1092.52,0.0,1064.33,1092.52,14.095,2.61,"[1092.52, 1064.33]","[6, 7]",13
assembly_1,2,0.55,subgraph_mip,time_balanced_weight,5000,343,1105,382,34.57,0.3,23.085,1.538,24.623,0.09,0.9496,13.0,1108.32,1.45,1048.53,1108.32,29.895,5.54,"[1108.32, 1048.53]","[6, 7]",13
assembly_1,2,0.55,subgraph_mip,combined,5000,343,1105,593,53.67,0.3,56.234,1.472,57.706,0.04,0.8403,-0.0,1092.52,0.0,1064.33,1092.52,14.095,2.61,"[1092.52, 1064.33]","[6, 7]",13
assembly_1,2,0.55,subgraph_mip,blended,5000,343,1105,307,27.78,0.3,37.8,0.974,38.774,0.06,0.8403,-0.0,1092.52,0.0,1064.33,1092.52,14.095,2.61,"[1092.52, 1064.33]","[6, 7]",13
assembly_1,2,0.55,subgraph_mip,blended_union,5000,343,1105,482,43.62,0.3,111.007,2.178,113.186,0.02,0.8403,-0.0,1092.52,0.0,1064.33,1092.52,14.095,2.61,"[1092.52, 1064.33]","[6, 7]",13
assembly_1,2,0.55,subgraph_mip,diverse,5000,343,1105,1105,100.0,0.3,5.563,2.209,7.772,0.29,0.8403,0.0,1092.52,0.0,1064.33,1092.52,14.095,2.61,"[1092.52, 1064.33]","[6, 7]",13
assembly_1,2,0.6,full_mip,—,,343,1105,1105,100.0,0.279,0.0,3.032,3.032,1.0,0.8407,0.0,1092.52,0.0,1064.33,1092.52,14.095,2.61,"[1092.52, 1064.33]","[6, 7]",13
assembly_1,2,0.6,subgraph_mip,edge_weight,1,343,1105,13,1.18,0.279,0.001,0.012,0.013,237.83,0.8439,0.38,1102.04,0.87,1054.81,1102.04,23.615,4.38,"[1102.04, 1054.81]","[6, 7]",13
assembly_1,2,0.6,subgraph_mip,time_balanced_weight,1,343,1105,13,1.18,0.279,0.001,0.015,0.015,198.91,1.0061,19.67,1160.13,6.19,996.72,1160.13,81.705,15.15,"[1160.13, 996.72]","[6, 7]",13
assembly_1,2,0.6,subgraph_mip,combined,1,343,1105,26,2.35,0.279,0.001,0.014,0.015,201.69,0.8439,0.38,1102.04,0.87,1054.81,1102.04,23.615,4.38,"[1102.04, 1054.81]","[6, 7]",13
assembly_1,2,0.6,subgraph_mip,blended,1,343,1105,13,1.18,0.279,0.001,0.013,0.014,222.16,0.8407,0.0,1092.52,0.0,1064.33,1092.52,14.095,2.61,"[1092.52, 1064.33]","[6, 7]",13
assembly_1,2,0.6,subgraph_mip,blended_union,1,343,1105,31,2.81,0.279,0.008,0.058,0.066,45.93,0.8407,-0.0,1092.52,0.0,1064.33,1092.52,14.095,2.61,"[1092.52, 1064.33]","[6, 7]",13
assembly_1,2,0.6,subgraph_mip,diverse,1,343,1105,13,1.18,0.279,0.006,0.009,0.015,202.65,0.8407,0.0,1092.52,0.0,1064.33,1092.52,14.095,2.61,"[1092.52, 1064.33]","[6, 7]",13
assembly_1,2,0.6,subgraph_mip,edge_weight,2,343,1105,15,1.36,0.279,0.012,0.057,0.068,44.46,0.8439,0.38,1102.04,0.87,1054.81,1102.04,23.615,4.38,"[1102.04, 1054.81]","[6, 7]",13
assembly_1,2,0.6,subgraph_mip,time_balanced_weight,2,343,1105,20,1.81,0.279,0.002,0.011,0.013,234.35,1.0061,19.67,1160.13,6.19,996.72,1160.13,81.705,15.15,"[1160.13, 996.72]","[6, 7]",13
assembly_1,2,0.6,subgraph_mip,combined,2,343,1105,35,3.17,0.279,0.017,0.023,0.04,76.67,0.8439,0.38,1102.04,0.87,1054.81,1102.04,23.615,4.38,"[1102.04, 1054.81]","[6, 7]",13
assembly_1,2,0.6,subgraph_mip,blended,2,343,1105,15,1.36,0.279,0.012,0.022,0.034,88.03,0.8407,-0.0,1092.52,0.0,1064.33,1092.52,14.095,2.61,"[1092.52, 1064.33]","[6, 7]",13
assembly_1,2,0.6,subgraph_mip,blended_union,2,343,1105,36,3.26,0.279,0.05,0.18,0.23,13.16,0.8407,0.0,1092.52,0.0,1064.33,1092.52,14.095,2.61,"[1092.52, 1064.33]","[6, 7]",13
assembly_1,2,0.6,subgraph_mip,diverse,2,343,1105,26,2.35,0.279,0.016,0.052,0.067,44.96,0.8407,0.0,1092.52,0.0,1064.33,1092.52,14.095,2.61,"[1092.52, 1064.33]","[6, 7]",13
assembly_1,2,0.6,subgraph_mip,edge_weight,5,343,1105,21,1.9,0.279,0.01,0.055,0.065,46.58,0.8439,0.38,1102.04,0.87,1054.81,1102.04,23.615,4.38,"[1102.04, 1054.81]","[6, 7]",13
assembly_1,2,0.6,subgraph_mip,time_balanced_weight,5,343,1105,29,2.62,0.279,0.005,0.052,0.058,52.42,0.9785,16.38,1122.33,2.73,1034.52,1122.33,43.905,8.14,"[1122.33, 1034.52]","[7, 6]",13
assembly_1,2,0.6,subgraph_mip,combined,5,343,1105,50,4.52,0.279,0.015,0.049,0.064,47.21,0.8439,0.38,1102.04,0.87,1054.81,1102.04,23.615,4.38,"[1102.04, 1054.81]","[6, 7]",13
assembly_1,2,0.6,subgraph_mip,blended,5,343,1105,19,1.72,0.279,0.009,0.045,0.053,56.9,0.8407,-0.0,1092.52,0.0,1064.33,1092.52,14.095,2.61,"[1092.52, 1064.33]","[6, 7]",13
assembly_1,2,0.6,subgraph_mip,blended_union,5,343,1105,49,4.43,0.279,0.06,0.137,0.198,15.34,0.8407,0.0,1092.52,0.0,1064.33,1092.52,14.095,2.61,"[1092.52, 1064.33]","[6, 7]",13
assembly_1,2,0.6,subgraph_mip,diverse,5,343,1105,65,5.88,0.279,0.005,0.154,0.159,19.11,0.8407,0.0,1092.52,0.0,1064.33,1092.52,14.095,2.61,"[1092.52, 1064.33]","[6, 7]",13
assembly_1,2,0.6,subgraph_mip,edge_weight,10,343,1105,24,2.17,0.279,0.033,0.13,0.163,18.57,0.8439,0.38,1102.04,0.87,1054.81,1102.04,23.615,4.38,"[1102.04, 1054.81]","[6, 7]",13
assembly_1,2,0.6,subgraph_mip,time_balanced_weight,10,343,1105,39,3.53,0.279,0.022,0.125,0.147,20.65,0.9785,16.38,1122.33,2.73,1034.52,1122.33,43.905,8.14,"[1122.33, 1034.52]","[7, 6]",13
assembly_1,2,0.6,subgraph_mip,combined,10,343,1105,63,5.7,0.279,0.037,0.061,0.099,30.77,0.8439,0.38,1102.04,0.87,1054.81,1102.04,23.615,4.38,"[1102.04, 1054.81]","[6, 7]",13
assembly_1,2,0.6,subgraph_mip,blended,10,343,1105,27,2.44,0.279,0.019,0.08,0.099,30.69,0.8407,0.0,1092.52,0.0,1064.33,1092.52,14.095,2.61,"[1092.52, 1064.33]","[6, 7]",13
assembly_1,2,0.6,subgraph_mip,blended_union,10,343,1105,64,5.79,0.279,0.064,0.11,0.174,17.41,0.8407,-0.0,1092.52,0.0,1064.33,1092.52,14.095,2.61,"[1092.52, 1064.33]","[6, 7]",13
assembly_1,2,0.6,subgraph_mip,diverse,10,343,1105,126,11.4,0.279,0.009,0.137,0.146,20.81,0.8407,0.0,1092.52,0.0,1064.33,1092.52,14.095,2.61,"[1092.52, 1064.33]","[6, 7]",13
assembly_1,2,0.6,subgraph_mip,edge_weight,20,343,1105,35,3.17,0.279,0.067,0.045,0.112,27.1,0.8436,0.34,1100.04,0.69,1056.81,1100.04,21.615,4.01,"[1100.04, 1056.81]","[6, 7]",13
assembly_1,2,0.6,subgraph_mip,time_balanced_weight,20,343,1105,49,4.43,0.279,0.046,0.139,0.185,16.38,0.9785,16.38,1122.33,2.73,1034.52,1122.33,43.905,8.14,"[1122.33, 1034.52]","[7, 6]",13
assembly_1,2,0.6,subgraph_mip,combined,20,343,1105,84,7.6,0.279,0.089,0.118,0.207,14.65,0.8436,0.34,1100.04,0.69,1056.81,1100.04,21.615,4.01,"[1100.04, 1056.81]","[6, 7]",13
assembly_1,2,0.6,subgraph_mip,blended,20,343,1105,35,3.17,0.279,0.073,0.081,0.154,19.66,0.8407,0.0,1092.52,0.0,1064.33,1092.52,14.095,2.61,"[1092.52, 1064.33]","[6, 7]",13
assembly_1,2,0.6,subgraph_mip,blended_union,20,343,1105,87,7.87,0.279,0.171,0.426,0.596,5.08,0.8407,-0.0,1092.52,0.0,1064.33,1092.52,14.095,2.61,"[1092.52, 1064.33]","[6, 7]",13
assembly_1,2,0.6,subgraph_mip,diverse,20,343,1105,239,21.63,0.279,0.021,0.43,0.451,6.73,0.8407,0.0,1092.52,0.0,1064.33,1092.52,14.095,2.61,"[1092.52, 1064.33]","[6, 7]",13
assembly_1,2,0.6,subgraph_mip,edge_weight,50,343,1105,54,4.89,0.279,0.149,0.243,0.392,7.74,0.8407,0.0,1092.52,0.0,1064.33,1092.52,14.095,2.61,"[1092.52, 1064.33]","[6, 7]",13
assembly_1,2,0.6,subgraph_mip,time_balanced_weight,50,343,1105,74,6.7,0.279,0.075,0.594,0.669,4.53,0.9764,16.14,1122.33,2.73,1034.52,1122.33,43.905,8.14,"[1122.33, 1034.52]","[7, 6]",13
assembly_1,2,0.6,subgraph_mip,combined,50,343,1105,127,11.49,0.279,0.246,0.4,0.646,4.69,0.8407,0.0,1092.52,0.0,1064.33,1092.52,14.095,2.61,"[1092.52, 1064.33]","[6, 7]",13
assembly_1,2,0.6,subgraph_mip,blended,50,343,1105,42,3.8,0.279,0.148,0.21,0.358,8.48,0.8407,0.0,1092.52,0.0,1064.33,1092.52,14.095,2.61,"[1092.52, 1064.33]","[6, 7]",13
assembly_1,2,0.6,subgraph_mip,blended_union,50,343,1105,117,10.59,0.279,0.425,0.463,0.888,3.41,0.8407,0.0,1092.52,0.0,1064.33,1092.52,14.095,2.61,"[1092.52, 1064.33]","[6, 7]",13
assembly_1,2,0.6,subgraph_mip,diverse,50,343,1105,510,46.15,0.279,0.021,1.483,1.504,2.02,0.8407,0.0,1092.52,0.0,1064.33,1092.52,14.095,2.61,"[1092.52, 1064.33]","[6, 7]",13
assembly_1,2,0.6,subgraph_mip,edge_weight,100,343,1105,78,7.06,0.279,0.293,0.155,0.448,6.77,0.8407,0.0,1092.52,0.0,1064.33,1092.52,14.095,2.61,"[1092.52, 1064.33]","[6, 7]",13
assembly_1,2,0.6,subgraph_mip,time_balanced_weight,100,343,1105,85,7.69,0.279,0.172,0.326,0.498,6.09,0.9764,16.14,1122.33,2.73,1034.52,1122.33,43.905,8.14,"[1122.33, 1034.52]","[7, 6]",13
assembly_1,2,0.6,subgraph_mip,combined,100,343,1105,162,14.66,0.279,0.432,0.642,1.074,2.82,0.8407,0.0,1092.52,0.0,1064.33,1092.52,14.095,2.61,"[1092.52, 1064.33]","[6, 7]",13
assembly_1,2,0.6,subgraph_mip,blended,100,343,1105,46,4.16,0.279,0.284,0.151,0.434,6.98,0.8407,-0.0,1092.52,0.0,1064.33,1092.52,14.095,2.61,"[1092.52, 1064.33]","[6, 7]",13
assembly_1,2,0.6,subgraph_mip,blended_union,100,343,1105,167,15.11,0.279,0.849,0.595,1.444,2.1,0.8407,0.0,1092.52,0.0,1064.33,1092.52,14.095,2.61,"[1092.52, 1064.33]","[6, 7]",13
assembly_1,2,0.6,subgraph_mip,diverse,100,343,1105,745,67.42,0.279,0.069,1.809,1.878,1.61,0.8407,0.0,1092.52,0.0,1064.33,1092.52,14.095,2.61,"[1092.52, 1064.33]","[6, 7]",13
assembly_1,2,0.6,subgraph_mip,edge_weight,200,343,1105,95,8.6,0.279,0.498,0.218,0.716,4.23,0.8407,0.0,1092.52,0.0,1064.33,1092.52,14.095,2.61,"[1092.52, 1064.33]","[6, 7]",13
assembly_1,2,0.6,subgraph_mip,time_balanced_weight,200,343,1105,118,10.68,0.279,0.297,0.316,0.613,4.94,0.976,16.1,1122.33,2.73,1034.52,1122.33,43.905,8.14,"[1122.33, 1034.52]","[7, 6]",13
assembly_1,2,0.6,subgraph_mip,combined,200,343,1105,211,19.1,0.279,0.86,0.504,1.363,2.22,0.8407,-0.0,1092.52,0.0,1064.33,1092.52,14.095,2.61,"[1092.52, 1064.33]","[6, 7]",13
assembly_1,2,0.6,subgraph_mip,blended,200,343,1105,65,5.88,0.279,0.561,0.214,0.775,3.91,0.8407,-0.0,1092.52,0.0,1064.33,1092.52,14.095,2.61,"[1092.52, 1064.33]","[6, 7]",13
assembly_1,2,0.6,subgraph_mip,blended_union,200,343,1105,212,19.19,0.279,1.529,0.785,2.314,1.31,0.8407,0.0,1092.52,0.0,1064.33,1092.52,14.095,2.61,"[1092.52, 1064.33]","[6, 7]",13
assembly_1,2,0.6,subgraph_mip,diverse,200,343,1105,911,82.44,0.279,0.12,3.325,3.445,0.88,0.8407,0.0,1092.52,0.0,1064.33,1092.52,14.095,2.61,"[1092.52, 1064.33]","[6, 7]",13
assembly_1,2,0.6,subgraph_mip,edge_weight,500,343,1105,108,9.77,0.279,1.551,0.213,1.764,1.72,0.8407,0.0,1092.52,0.0,1064.33,1092.52,14.095,2.61,"[1092.52, 1064.33]","[6, 7]",13
assembly_1,2,0.6,subgraph_mip,time_balanced_weight,500,343,1105,170,15.38,0.279,1.355,0.493,1.849,1.64,0.9517,13.21,1104.13,1.06,1052.72,1104.13,25.705,4.77,"[1104.13, 1052.72]","[6, 7]",13
assembly_1,2,0.6,subgraph_mip,combined,500,343,1105,274,24.8,0.279,3.948,0.766,4.714,0.64,0.8407,-0.0,1092.52,0.0,1064.33,1092.52,14.095,2.61,"[1092.52, 1064.33]","[6, 7]",13
assembly_1,2,0.6,subgraph_mip,blended,500,343,1105,86,7.78,0.279,2.001,0.349,2.35,1.29,0.8407,0.0,1092.52,0.0,1064.33,1092.52,14.095,2.61,"[1092.52, 1064.33]","[6, 7]",13
assembly_1,2,0.6,subgraph_mip,blended_union,500,343,1105,278,25.16,0.279,4.706,0.937,5.643,0.54,0.8407,-0.0,1092.52,0.0,1064.33,1092.52,14.095,2.61,"[1092.52, 1064.33]","[6, 7]",13
assembly_1,2,0.6,subgraph_mip,diverse,500,343,1105,1046,94.66,0.279,0.467,3.888,4.356,0.7,0.8407,0.0,1092.52,0.0,1064.33,1092.52,14.095,2.61,"[1092.52, 1064.33]","[6, 7]",13
assembly_1,2,0.6,subgraph_mip,edge_weight,1000,343,1105,142,12.85,0.279,3.647,0.253,3.9,0.78,0.8407,0.0,1092.52,0.0,1064.33,1092.52,14.095,2.61,"[1092.52, 1064.33]","[6, 7]",13
assembly_1,2,0.6,subgraph_mip,time_balanced_weight,1000,343,1105,223,20.18,0.279,2.292,0.63,2.923,1.04,0.9472,12.66,1104.13,1.06,1052.72,1104.13,25.705,4.77,"[1104.13, 1052.72]","[6, 7]",13
assembly_1,2,0.6,subgraph_mip,combined,1000,343,1105,359,32.49,0.279,5.645,0.864,6.51,0.47,0.8407,-0.0,1092.52,0.0,1064.33,1092.52,14.095,2.61,"[1092.52, 1064.33]","[6, 7]",13
assembly_1,2,0.6,subgraph_mip,blended,1000,343,1105,89,8.05,0.279,3.286,0.346,3.631,0.84,0.8407,0.0,1092.52,0.0,1064.33,1092.52,14.095,2.61,"[1092.52, 1064.33]","[6, 7]",13
assembly_1,2,0.6,subgraph_mip,blended_union,1000,343,1105,305,27.6,0.279,10.829,1.098,11.926,0.25,0.8407,0.0,1092.52,0.0,1064.33,1092.52,14.095,2.61,"[1092.52, 1064.33]","[6, 7]",13
assembly_1,2,0.6,subgraph_mip,diverse,1000,343,1105,1101,99.64,0.279,0.885,3.324,4.209,0.72,0.8407,0.0,1092.52,0.0,1064.33,1092.52,14.095,2.61,"[1092.52, 1064.33]","[6, 7]",13
assembly_1,2,0.6,subgraph_mip,edge_weight,2000,343,1105,185,16.74,0.279,7.956,0.381,8.337,0.36,0.8407,0.0,1092.52,0.0,1064.33,1092.52,14.095,2.61,"[1092.52, 1064.33]","[6, 7]",13
assembly_1,2,0.6,subgraph_mip,time_balanced_weight,2000,343,1105,291,26.33,0.279,5.669,1.031,6.7,0.45,0.9415,11.99,1104.13,1.06,1052.72,1104.13,25.705,4.77,"[1104.13, 1052.72]","[6, 7]",13
assembly_1,2,0.6,subgraph_mip,combined,2000,343,1105,464,41.99,0.279,13.501,1.218,14.719,0.21,0.8407,0.0,1092.52,0.0,1064.33,1092.52,14.095,2.61,"[1092.52, 1064.33]","[6, 7]",13
assembly_1,2,0.6,subgraph_mip,blended,2000,343,1105,198,17.92,0.279,8.791,0.997,9.788,0.31,0.8407,0.0,1092.52,0.0,1064.33,1092.52,14.095,2.61,"[1092.52, 1064.33]","[6, 7]",13
assembly_1,2,0.6,subgraph_mip,blended_union,2000,343,1105,356,32.22,0.279,26.783,1.161,27.945,0.11,0.8407,0.0,1092.52,0.0,1064.33,1092.52,14.095,2.61,"[1092.52, 1064.33]","[6, 7]",13
assembly_1,2,0.6,subgraph_mip,diverse,2000,343,1105,1105,100.0,0.279,2.08,3.84,5.92,0.51,0.8407,0.0,1092.52,0.0,1064.33,1092.52,14.095,2.61,"[1092.52, 1064.33]","[6, 7]",13
assembly_1,2,0.6,subgraph_mip,edge_weight,5000,343,1105,232,21.0,0.279,32.78,0.549,33.329,0.09,0.8407,0.0,1092.52,0.0,1064.33,1092.52,14.095,2.61,"[1092.52, 1064.33]","[6, 7]",13
assembly_1,2,0.6,subgraph_mip,time_balanced_weight,5000,343,1105,382,34.57,0.279,23.177,1.133,24.31,0.12,0.9392,11.72,1108.32,1.45,1048.53,1108.32,29.895,5.54,"[1108.32, 1048.53]","[6, 7]",13
assembly_1,2,0.6,subgraph_mip,combined,5000,343,1105,593,53.67,0.279,56.071,1.142,57.213,0.05,0.8407,0.0,1092.52,0.0,1064.33,1092.52,14.095,2.61,"[1092.52, 1064.33]","[6, 7]",13
assembly_1,2,0.6,subgraph_mip,blended,5000,343,1105,307,27.78,0.279,39.619,0.707,40.326,0.08,0.8407,0.0,1092.52,0.0,1064.33,1092.52,14.095,2.61,"[1092.52, 1064.33]","[6, 7]",13
assembly_1,2,0.6,subgraph_mip,blended_union,5000,343,1105,482,43.62,0.279,109.421,1.967,111.388,0.03,0.8407,-0.0,1092.52,0.0,1064.33,1092.52,14.095,2.61,"[1092.52, 1064.33]","[6, 7]",13
assembly_1,2,0.6,subgraph_mip,diverse,5000,343,1105,1105,100.0,0.279,5.242,2.464,7.706,0.39,0.8407,0.0,1092.52,0.0,1064.33,1092.52,14.095,2.61,"[1092.52, 1064.33]","[6, 7]",13
assembly_1,2,0.65,full_mip,—,,343,1105,1105,100.0,0.324,0.0,4.63,4.63,1.0,0.8411,0.0,1092.52,0.0,1064.33,1092.52,14.095,2.61,"[1092.52, 1064.33]","[6, 7]",13
assembly_1,2,0.65,subgraph_mip,edge_weight,1,343,1105,13,1.18,0.324,0.002,0.005,0.007,652.46,0.8448,0.44,1102.04,0.87,1054.81,1102.04,23.615,4.38,"[1102.04, 1054.81]","[6, 7]",13
assembly_1,2,0.65,subgraph_mip,time_balanced_weight,1,343,1105,13,1.18,0.324,0.001,0.006,0.007,683.75,0.9923,17.98,1160.13,6.19,996.72,1160.13,81.705,15.15,"[1160.13, 996.72]","[6, 7]",13
assembly_1,2,0.65,subgraph_mip,combined,1,343,1105,26,2.35,0.324,0.002,0.015,0.017,277.96,0.8448,0.44,1102.04,0.87,1054.81,1102.04,23.615,4.38,"[1102.04, 1054.81]","[6, 7]",13
assembly_1,2,0.65,subgraph_mip,blended,1,343,1105,13,1.18,0.324,0.001,0.007,0.009,527.8,0.8411,0.0,1092.52,0.0,1064.33,1092.52,14.095,2.61,"[1092.52, 1064.33]","[6, 7]",13
assembly_1,2,0.65,subgraph_mip,blended_union,1,343,1105,31,2.81,0.324,0.015,0.036,0.051,91.16,0.8411,0.0,1092.52,0.0,1064.33,1092.52,14.095,2.61,"[1092.52, 1064.33]","[6, 7]",13
assembly_1,2,0.65,subgraph_mip,diverse,1,343,1105,13,1.18,0.324,0.003,0.007,0.01,459.34,0.8411,0.0,1092.52,0.0,1064.33,1092.52,14.095,2.61,"[1092.52, 1064.33]","[6, 7]",13
assembly_1,2,0.65,subgraph_mip,edge_weight,2,343,1105,15,1.36,0.324,0.003,0.022,0.026,179.03,0.8448,0.44,1102.04,0.87,1054.81,1102.04,23.615,4.38,"[1102.04, 1054.81]","[6, 7]",13
assembly_1,2,0.65,subgraph_mip,time_balanced_weight,2,343,1105,20,1.81,0.324,0.003,0.033,0.036,127.5,0.9911,17.84,1088.33,-0.38,1068.52,1088.33,9.905,1.84,"[1088.33, 1068.52]","[6, 7]",13
assembly_1,2,0.65,subgraph_mip,combined,2,343,1105,35,3.17,0.324,0.008,0.045,0.054,86.47,0.8448,0.44,1102.04,0.87,1054.81,1102.04,23.615,4.38,"[1102.04, 1054.81]","[6, 7]",13
assembly_1,2,0.65,subgraph_mip,blended,2,343,1105,15,1.36,0.324,0.005,0.019,0.024,194.02,0.8411,0.0,1092.52,0.0,1064.33,1092.52,14.095,2.61,"[1092.52, 1064.33]","[6, 7]",13
assembly_1,2,0.65,subgraph_mip,blended_union,2,343,1105,36,3.26,0.324,0.032,0.055,0.087,52.98,0.8411,0.0,1092.52,0.0,1064.33,1092.52,14.095,2.61,"[1092.52, 1064.33]","[6, 7]",13
assembly_1,2,0.65,subgraph_mip,diverse,2,343,1105,26,2.35,0.324,0.007,0.045,0.052,88.91,0.8411,0.0,1092.52,0.0,1064.33,1092.52,14.095,2.61,"[1092.52, 1064.33]","[6, 7]",13
assembly_1,2,0.65,subgraph_mip,edge_weight,5,343,1105,21,1.9,0.324,0.016,0.053,0.069,67.19,0.8448,0.44,1102.04,0.87,1054.81,1102.04,23.615,4.38,"[1102.04, 1054.81]","[6, 7]",13
assembly_1,2,0.65,subgraph_mip,time_balanced_weight,5,343,1105,29,2.62,0.324,0.006,0.071,0.077,60.15,0.9645,14.67,1122.33,2.73,1034.52,1122.33,43.905,8.14,"[1122.33, 1034.52]","[7, 6]",13
assembly_1,2,0.65,subgraph_mip,combined,5,343,1105,50,4.52,0.324,0.016,0.076,0.092,50.58,0.8448,0.44,1102.04,0.87,1054.81,1102.04,23.615,4.38,"[1102.04, 1054.81]","[6, 7]",13
assembly_1,2,0.65,subgraph_mip,blended,5,343,1105,19,1.72,0.324,0.022,0.021,0.043,107.57,0.8411,0.0,1092.52,0.0,1064.33,1092.52,14.095,2.61,"[1092.52, 1064.33]","[6, 7]",13
assembly_1,2,0.65,subgraph_mip,blended_union,5,343,1105,49,4.43,0.324,0.045,0.129,0.173,26.69,0.8411,-0.0,1092.52,0.0,1064.33,1092.52,14.095,2.61,"[1092.52, 1064.33]","[6, 7]",13
assembly_1,2,0.65,subgraph_mip,diverse,5,343,1105,65,5.88,0.324,0.009,0.261,0.269,17.2,0.8411,0.0,1092.52,0.0,1064.33,1092.52,14.095,2.61,"[1092.52, 1064.33]","[6, 7]",13
assembly_1,2,0.65,subgraph_mip,edge_weight,10,343,1105,24,2.17,0.324,0.026,0.082,0.109,42.62,0.8448,0.44,1102.04,0.87,1054.81,1102.04,23.615,4.38,"[1102.04, 1054.81]","[6, 7]",13
assembly_1,2,0.65,subgraph_mip,time_balanced_weight,10,343,1105,39,3.53,0.324,0.012,0.069,0.081,57.24,0.9645,14.67,1122.33,2.73,1034.52,1122.33,43.905,8.14,"[1122.33, 1034.52]","[7, 6]",13
assembly_1,2,0.65,subgraph_mip,combined,10,343,1105,63,5.7,0.324,0.031,0.121,0.152,30.46,0.8448,0.44,1102.04,0.87,1054.81,1102.04,23.615,4.38,"[1102.04, 1054.81]","[6, 7]",13
assembly_1,2,0.65,subgraph_mip,blended,10,343,1105,27,2.44,0.324,0.021,0.066,0.087,53.48,0.8411,0.0,1092.52,0.0,1064.33,1092.52,14.095,2.61,"[1092.52, 1064.33]","[6, 7]",13
assembly_1,2,0.65,subgraph_mip,blended_union,10,343,1105,64,5.79,0.324,0.1,0.257,0.357,12.96,0.8411,0.0,1092.52,0.0,1064.33,1092.52,14.095,2.61,"[1092.52, 1064.33]","[6, 7]",13
assembly_1,2,0.65,subgraph_mip,diverse,10,343,1105,126,11.4,0.324,0.01,0.404,0.414,11.19,0.8411,0.0,1092.52,0.0,1064.33,1092.52,14.095,2.61,"[1092.52, 1064.33]","[6, 7]",13
assembly_1,2,0.65,subgraph_mip,edge_weight,20,343,1105,35,3.17,0.324,0.062,0.053,0.115,40.17,0.8444,0.39,1100.04,0.69,1056.81,1100.04,21.615,4.01,"[1100.04, 1056.81]","[6, 7]",13
assembly_1,2,0.65,subgraph_mip,time_balanced_weight,20,343,1105,49,4.43,0.324,0.047,0.177,0.224,20.66,0.9645,14.67,1122.33,2.73,1034.52,1122.33,43.905,8.14,"[1122.33, 1034.52]","[7, 6]",13
assembly_1,2,0.65,subgraph_mip,combined,20,343,1105,84,7.6,0.324,0.086,0.219,0.305,15.2,0.8444,0.39,1100.04,0.69,1056.81,1100.04,21.615,4.01,"[1100.04, 1056.81]","[6, 7]",13
assembly_1,2,0.65,subgraph_mip,blended,20,343,1105,35,3.17,0.324,0.069,0.079,0.148,31.2,0.8411,0.0,1092.52,0.0,1064.33,1092.52,14.095,2.61,"[1092.52, 1064.33]","[6, 7]",13
assembly_1,2,0.65,subgraph_mip,blended_union,20,343,1105,87,7.87,0.324,0.213,0.42,0.633,7.31,0.8411,0.0,1092.52,0.0,1064.33,1092.52,14.095,2.61,"[1092.52, 1064.33]","[6, 7]",13
assembly_1,2,0.65,subgraph_mip,diverse,20,343,1105,239,21.63,0.324,0.018,0.305,0.323,14.31,0.8411,0.0,1092.52,0.0,1064.33,1092.52,14.095,2.61,"[1092.52, 1064.33]","[6, 7]",13
assembly_1,2,0.65,subgraph_mip,edge_weight,50,343,1105,54,4.89,0.324,0.132,0.14,0.272,16.99,0.8411,0.0,1092.52,0.0,1064.33,1092.52,14.095,2.61,"[1092.52, 1064.33]","[6, 7]",13
assembly_1,2,0.65,subgraph_mip,time_balanced_weight,50,343,1105,74,6.7,0.324,0.094,0.225,0.319,14.52,0.9627,14.46,1122.33,2.73,1034.52,1122.33,43.905,8.14,"[1122.33, 1034.52]","[7, 6]",13
assembly_1,2,0.65,subgraph_mip,combined,50,343,1105,127,11.49,0.324,0.208,0.666,0.875,5.29,0.8411,0.0,1092.52,0.0,1064.33,1092.52,14.095,2.61,"[1092.52, 1064.33]","[6, 7]",13
assembly_1,2,0.65,subgraph_mip,blended,50,343,1105,42,3.8,0.324,0.17,0.267,0.437,10.59,0.8411,0.0,1092.52,0.0,1064.33,1092.52,14.095,2.61,"[1092.52, 1064.33]","[6, 7]",13
assembly_1,2,0.65,subgraph_mip,blended_union,50,343,1105,117,10.59,0.324,0.406,0.496,0.902,5.13,0.8411,0.0,1092.52,0.0,1064.33,1092.52,14.095,2.61,"[1092.52, 1064.33]","[6, 7]",13
assembly_1,2,0.65,subgraph_mip,diverse,50,343,1105,511,46.24,0.324,0.022,0.796,0.818,5.66,0.8411,0.0,1092.52,0.0,1064.33,1092.52,14.095,2.61,"[1092.52, 1064.33]","[6, 7]",13
assembly_1,2,0.65,subgraph_mip,edge_weight,100,343,1105,78,7.06,0.324,0.228,0.13,0.357,12.95,0.8411,0.0,1092.52,0.0,1064.33,1092.52,14.095,2.61,"[1092.52, 1064.33]","[6, 7]",13
assembly_1,2,0.65,subgraph_mip,time_balanced_weight,100,343,1105,85,7.69,0.324,0.126,0.421,0.547,8.46,0.9627,14.46,1122.33,2.73,1034.52,1122.33,43.905,8.14,"[1122.33, 1034.52]","[7, 6]",13
assembly_1,2,0.65,subgraph_mip,combined,100,343,1105,162,14.66,0.324,0.386,0.433,0.819,5.65,0.8411,0.0,1092.52,0.0,1064.33,1092.52,14.095,2.61,"[1092.52, 1064.33]","[6, 7]",13
assembly_1,2,0.65,subgraph_mip,blended,100,343,1105,46,4.16,0.324,0.264,0.219,0.483,9.59,0.8411,0.0,1092.52,0.0,1064.33,1092.52,14.095,2.61,"[1092.52, 1064.33]","[6, 7]",13
assembly_1,2,0.65,subgraph_mip,blended_union,100,343,1105,167,15.11,0.324,0.905,0.366,1.272,3.64,0.8411,0.0,1092.52,0.0,1064.33,1092.52,14.095,2.61,"[1092.52, 1064.33]","[6, 7]",13
assembly_1,2,0.65,subgraph_mip,diverse,100,343,1105,743,67.24,0.324,0.067,1.934,2.001,2.31,0.8411,0.0,1092.52,0.0,1064.33,1092.52,14.095,2.61,"[1092.52, 1064.33]","[6, 7]",13
assembly_1,2,0.65,subgraph_mip,edge_weight,200,343,1105,95,8.6,0.324,0.443,0.153,0.596,7.77,0.8411,0.0,1092.52,0.0,1064.33,1092.52,14.095,2.61,"[1092.52, 1064.33]","[6, 7]",13
assembly_1,2,0.65,subgraph_mip,time_balanced_weight,200,343,1105,118,10.68,0.324,0.323,0.418,0.741,6.25,0.9624,14.42,1122.33,2.73,1034.52,1122.33,43.905,8.14,"[1122.33, 1034.52]","[7, 6]",13
assembly_1,2,0.65,subgraph_mip,combined,200,343,1105,211,19.1,0.324,0.743,0.792,1.535,3.02,0.8411,0.0,1092.52,0.0,1064.33,1092.52,14.095,2.61,"[1092.52, 1064.33]","[6, 7]",13
assembly_1,2,0.65,subgraph_mip,blended,200,343,1105,65,5.88,0.324,0.5,0.142,0.642,7.21,0.8411,0.0,1092.52,0.0,1064.33,1092.52,14.095,2.61,"[1092.52, 1064.33]","[6, 7]",13
assembly_1,2,0.65,subgraph_mip,blended_union,200,343,1105,212,19.19,0.324,1.526,0.64,2.166,2.14,0.8411,0.0,1092.52,0.0,1064.33,1092.52,14.095,2.61,"[1092.52, 1064.33]","[6, 7]",13
assembly_1,2,0.65,subgraph_mip,diverse,200,343,1105,906,81.99,0.324,0.122,3.124,3.246,1.43,0.8411,0.0,1092.52,0.0,1064.33,1092.52,14.095,2.61,"[1092.52, 1064.33]","[6, 7]",13
assembly_1,2,0.65,subgraph_mip,edge_weight,500,343,1105,108,9.77,0.324,1.822,0.203,2.025,2.29,0.8411,0.0,1092.52,0.0,1064.33,1092.52,14.095,2.61,"[1092.52, 1064.33]","[6, 7]",13
assembly_1,2,0.65,subgraph_mip,time_balanced_weight,500,343,1105,170,15.38,0.324,1.277,0.444,1.721,2.69,0.9394,11.68,1104.13,1.06,1052.72,1104.13,25.705,4.77,"[1104.13, 1052.72]","[6, 7]",13
assembly_1,2,0.65,subgraph_mip,combined,500,343,1105,274,24.8,0.324,3.649,0.714,4.363,1.06,0.8411,0.0,1092.52,0.0,1064.33,1092.52,14.095,2.61,"[1092.52, 1064.33]","[6, 7]",13
assembly_1,2,0.65,subgraph_mip,blended,500,343,1105,86,7.78,0.324,2.105,0.18,2.284,2.03,0.8411,0.0,1092.52,0.0,1064.33,1092.52,14.095,2.61,"[1092.52, 1064.33]","[6, 7]",13
assembly_1,2,0.65,subgraph_mip,blended_union,500,343,1105,278,25.16,0.324,4.541,0.741,5.281,0.88,0.8411,0.0,1092.52,0.0,1064.33,1092.52,14.095,2.61,"[1092.52, 1064.33]","[6, 7]",13
assembly_1,2,0.65,subgraph_mip,diverse,500,343,1105,1054,95.38,0.324,0.447,5.375,5.822,0.8,0.8411,0.0,1092.52,0.0,1064.33,1092.52,14.095,2.61,"[1092.52, 1064.33]","[6, 7]",13
assembly_1,2,0.65,subgraph_mip,edge_weight,1000,343,1105,142,12.85,0.324,3.443,0.298,3.741,1.24,0.8411,-0.0,1092.52,0.0,1064.33,1092.52,14.095,2.61,"[1092.52, 1064.33]","[6, 7]",13
assembly_1,2,0.65,subgraph_mip,time_balanced_weight,1000,343,1105,223,20.18,0.324,2.655,1.418,4.072,1.14,0.9354,11.21,1104.13,1.06,1052.72,1104.13,25.705,4.77,"[1104.13, 1052.72]","[6, 7]",13
assembly_1,2,0.65,subgraph_mip,combined,1000,343,1105,359,32.49,0.324,5.362,0.972,6.334,0.73,0.8411,0.0,1092.52,0.0,1064.33,1092.52,14.095,2.61,"[1092.52, 1064.33]","[6, 7]",13
assembly_1,2,0.65,subgraph_mip,blended,1000,343,1105,158,14.3,0.324,3.226,0.46,3.686,1.26,0.8411,0.0,1092.52,0.0,1064.33,1092.52,14.095,2.61,"[1092.52, 1064.33]","[6, 7]",13
assembly_1,2,0.65,subgraph_mip,blended_union,1000,343,1105,305,27.6,0.324,10.684,0.952,11.636,0.4,0.8411,0.0,1092.52,0.0,1064.33,1092.52,14.095,2.61,"[1092.52, 1064.33]","[6, 7]",13
assembly_1,2,0.65,subgraph_mip,diverse,1000,343,1105,1101,99.64,0.324,0.941,4.37,5.311,0.87,0.8411,0.0,1092.52,0.0,1064.33,1092.52,14.095,2.61,"[1092.52, 1064.33]","[6, 7]",13
assembly_1,2,0.65,subgraph_mip,edge_weight,2000,343,1105,185,16.74,0.324,7.745,0.597,8.342,0.56,0.8411,0.0,1092.52,0.0,1064.33,1092.52,14.095,2.61,"[1092.52, 1064.33]","[6, 7]",13
assembly_1,2,0.65,subgraph_mip,time_balanced_weight,2000,343,1105,291,26.33,0.324,5.576,1.352,6.928,0.67,0.9304,10.62,1104.13,1.06,1052.72,1104.13,25.705,4.77,"[1104.13, 1052.72]","[6, 7]",13
assembly_1,2,0.65,subgraph_mip,combined,2000,343,1105,464,41.99,0.324,13.484,1.339,14.823,0.31,0.8411,0.0,1092.52,0.0,1064.33,1092.52,14.095,2.61,"[1092.52, 1064.33]","[6, 7]",13
assembly_1,2,0.65,subgraph_mip,blended,2000,343,1105,228,20.63,0.324,10.313,0.848,11.161,0.41,0.8411,-0.0,1092.52,0.0,1064.33,1092.52,14.095,2.61,"[1092.52, 1064.33]","[6, 7]",13
assembly_1,2,0.65,subgraph_mip,blended_union,2000,343,1105,356,32.22,0.324,24.492,1.205,25.697,0.18,0.8411,0.0,1092.52,0.0,1064.33,1092.52,14.095,2.61,"[1092.52, 1064.33]","[6, 7]",13
assembly_1,2,0.65,subgraph_mip,diverse,2000,343,1105,1105,100.0,0.324,2.014,5.764,7.779,0.6,0.8411,0.0,1092.52,0.0,1064.33,1092.52,14.095,2.61,"[1092.52, 1064.33]","[6, 7]",13
assembly_1,2,0.65,subgraph_mip,edge_weight,5000,343,1105,232,21.0,0.324,32.621,0.462,33.083,0.14,0.8411,0.0,1092.52,0.0,1064.33,1092.52,14.095,2.61,"[1092.52, 1064.33]","[6, 7]",13
assembly_1,2,0.65,subgraph_mip,time_balanced_weight,5000,343,1105,382,34.57,0.324,23.806,1.472,25.277,0.18,0.9284,10.38,1104.13,1.06,1052.72,1104.13,25.705,4.77,"[1104.13, 1052.72]","[6, 7]",13
assembly_1,2,0.65,subgraph_mip,combined,5000,343,1105,593,53.67,0.324,56.893,1.28,58.173,0.08,0.8411,0.0,1092.52,0.0,1064.33,1092.52,14.095,2.61,"[1092.52, 1064.33]","[6, 7]",13
assembly_1,2,0.65,subgraph_mip,blended,5000,343,1105,315,28.51,0.324,40.387,1.286,41.673,0.11,0.8411,0.0,1092.52,0.0,1064.33,1092.52,14.095,2.61,"[1092.52, 1064.33]","[6, 7]",13
assembly_1,2,0.65,subgraph_mip,blended_union,5000,343,1105,482,43.62,0.324,108.661,2.149,110.81,0.04,0.8411,0.0,1092.52,0.0,1064.33,1092.52,14.095,2.61,"[1092.52, 1064.33]","[6, 7]",13
assembly_1,2,0.65,subgraph_mip,diverse,5000,343,1105,1105,100.0,0.324,4.181,3.85,8.03,0.58,0.8411,0.0,1092.52,0.0,1064.33,1092.52,14.095,2.61,"[1092.52, 1064.33]","[6, 7]",13
assembly_1,2,0.7,full_mip,—,,343,1105,1105,100.0,0.24,0.0,5.304,5.304,1.0,0.8415,0.0,1092.52,0.0,1064.33,1092.52,14.095,2.61,"[1092.52, 1064.33]","[6, 7]",13
assembly_1,2,0.7,subgraph_mip,edge_weight,1,343,1105,13,1.18,0.24,0.001,0.012,0.014,391.82,0.8457,0.5,1102.04,0.87,1054.81,1102.04,23.615,4.38,"[1102.04, 1054.81]","[6, 7]",13
assembly_1,2,0.7,subgraph_mip,time_balanced_weight,1,343,1105,13,1.18,0.24,0.002,0.005,0.007,815.44,0.9785,16.29,1160.13,6.19,996.72,1160.13,81.705,15.15,"[1160.13, 996.72]","[6, 7]",13
assembly_1,2,0.7,subgraph_mip,combined,1,343,1105,26,2.35,0.24,0.004,0.006,0.01,542.32,0.8457,0.5,1102.04,0.87,1054.81,1102.04,23.615,4.38,"[1102.04, 1054.81]","[6, 7]",13
assembly_1,2,0.7,subgraph_mip,blended,1,343,1105,13,1.18,0.24,0.002,0.005,0.007,794.64,0.8415,-0.0,1092.52,0.0,1064.33,1092.52,14.095,2.61,"[1092.52, 1064.33]","[6, 7]",13
assembly_1,2,0.7,subgraph_mip,blended_union,1,343,1105,31,2.81,0.24,0.017,0.058,0.075,70.79,0.8415,-0.0,1092.52,0.0,1064.33,1092.52,14.095,2.61,"[1092.52, 1064.33]","[6, 7]",13
assembly_1,2,0.7,subgraph_mip,diverse,1,343,1105,13,1.18,0.24,0.005,0.005,0.011,483.9,0.8415,-0.0,1092.52,0.0,1064.33,1092.52,14.095,2.61,"[1092.52, 1064.33]","[6, 7]",13
assembly_1,2,0.7,subgraph_mip,edge_weight,2,343,1105,15,1.36,0.24,0.003,0.036,0.039,134.88,0.8457,0.5,1102.04,0.87,1054.81,1102.04,23.615,4.38,"[1102.04, 1054.81]","[6, 7]",13
assembly_1,2,0.7,subgraph_mip,time_balanced_weight,2,343,1105,20,1.81,0.24,0.002,0.035,0.037,143.39,0.9696,15.23,1088.33,-0.38,1068.52,1088.33,9.905,1.84,"[1088.33, 1068.52]","[6, 7]",13
assembly_1,2,0.7,subgraph_mip,combined,2,343,1105,35,3.17,0.24,0.006,0.03,0.036,147.98,0.8457,0.5,1102.04,0.87,1054.81,1102.04,23.615,4.38,"[1102.04, 1054.81]","[6, 7]",13
assembly_1,2,0.7,subgraph_mip,blended,2,343,1105,15,1.36,0.24,0.003,0.036,0.039,136.08,0.8415,-0.0,1092.52,0.0,1064.33,1092.52,14.095,2.61,"[1092.52, 1064.33]","[6, 7]",13
assembly_1,2,0.7,subgraph_mip,blended_union,2,343,1105,36,3.26,0.24,0.014,0.044,0.058,91.54,0.8415,0.0,1092.52,0.0,1064.33,1092.52,14.095,2.61,"[1092.52, 1064.33]","[6, 7]",13
assembly_1,2,0.7,subgraph_mip,diverse,2,343,1105,26,2.35,0.24,0.003,0.043,0.046,114.69,0.8415,0.0,1092.52,0.0,1064.33,1092.52,14.095,2.61,"[1092.52, 1064.33]","[6, 7]",13
assembly_1,2,0.7,subgraph_mip,edge_weight,5,343,1105,21,1.9,0.24,0.017,0.077,0.094,56.21,0.8457,0.5,1102.04,0.87,1054.81,1102.04,23.615,4.38,"[1102.04, 1054.81]","[6, 7]",13
assembly_1,2,0.7,subgraph_mip,time_balanced_weight,5,343,1105,29,2.62,0.24,0.006,0.134,0.14,37.89,0.9506,12.96,1122.33,2.73,1034.52,1122.33,43.905,8.14,"[1122.33, 1034.52]","[7, 6]",13
assembly_1,2,0.7,subgraph_mip,combined,5,343,1105,50,4.52,0.24,0.022,0.062,0.083,63.72,0.8457,0.5,1102.04,0.87,1054.81,1102.04,23.615,4.38,"[1102.04, 1054.81]","[6, 7]",13
assembly_1,2,0.7,subgraph_mip,blended,5,343,1105,19,1.72,0.24,0.018,0.027,0.045,118.86,0.8415,0.0,1092.52,0.0,1064.33,1092.52,14.095,2.61,"[1092.52, 1064.33]","[6, 7]",13
assembly_1,2,0.7,subgraph_mip,blended_union,5,343,1105,49,4.43,0.24,0.051,0.287,0.337,15.72,0.8415,-0.0,1092.52,0.0,1064.33,1092.52,14.095,2.61,"[1092.52, 1064.33]","[6, 7]",13
assembly_1,2,0.7,subgraph_mip,diverse,5,343,1105,65,5.88,0.24,0.009,0.138,0.148,35.93,0.8415,-0.0,1092.52,0.0,1064.33,1092.52,14.095,2.61,"[1092.52, 1064.33]","[6, 7]",13
assembly_1,2,0.7,subgraph_mip,edge_weight,10,343,1105,24,2.17,0.24,0.064,0.068,0.132,40.09,0.8457,0.5,1102.04,0.87,1054.81,1102.04,23.615,4.38,"[1102.04, 1054.81]","[6, 7]",13
assembly_1,2,0.7,subgraph_mip,time_balanced_weight,10,343,1105,39,3.53,0.24,0.018,0.111,0.129,41.25,0.9506,12.96,1122.33,2.73,1034.52,1122.33,43.905,8.14,"[1122.33, 1034.52]","[7, 6]",13
assembly_1,2,0.7,subgraph_mip,combined,10,343,1105,63,5.7,0.24,0.031,0.162,0.193,27.44,0.8457,0.5,1102.04,0.87,1054.81,1102.04,23.615,4.38,"[1102.04, 1054.81]","[6, 7]",13
assembly_1,2,0.7,subgraph_mip,blended,10,343,1105,27,2.44,0.24,0.019,0.06,0.079,67.12,0.8415,0.0,1092.52,0.0,1064.33,1092.52,14.095,2.61,"[1092.52, 1064.33]","[6, 7]",13
assembly_1,2,0.7,subgraph_mip,blended_union,10,343,1105,64,5.79,0.24,0.101,0.111,0.212,25.04,0.8415,0.0,1092.52,0.0,1064.33,1092.52,14.095,2.61,"[1092.52, 1064.33]","[6, 7]",13
assembly_1,2,0.7,subgraph_mip,diverse,10,343,1105,126,11.4,0.24,0.016,0.187,0.203,26.18,0.8415,-0.0,1092.52,0.0,1064.33,1092.52,14.095,2.61,"[1092.52, 1064.33]","[6, 7]",13
assembly_1,2,0.7,subgraph_mip,edge_weight,20,343,1105,35,3.17,0.24,0.064,0.05,0.114,46.48,0.8451,0.43,1100.04,0.69,1056.81,1100.04,21.615,4.01,"[1100.04, 1056.81]","[6, 7]",13
assembly_1,2,0.7,subgraph_mip,time_balanced_weight,20,343,1105,49,4.43,0.24,0.023,0.341,0.363,14.6,0.9506,12.96,1122.33,2.73,1034.52,1122.33,43.905,8.14,"[1122.33, 1034.52]","[7, 6]",13
assembly_1,2,0.7,subgraph_mip,combined,20,343,1105,84,7.6,0.24,0.092,0.167,0.259,20.45,0.8451,0.43,1100.04,0.69,1056.81,1100.04,21.615,4.01,"[1100.04, 1056.81]","[6, 7]",13
assembly_1,2,0.7,subgraph_mip,blended,20,343,1105,35,3.17,0.24,0.041,0.074,0.115,46.3,0.8415,0.0,1092.52,0.0,1064.33,1092.52,14.095,2.61,"[1092.52, 1064.33]","[6, 7]",13
assembly_1,2,0.7,subgraph_mip,blended_union,20,343,1105,87,7.87,0.24,0.165,0.304,0.469,11.31,0.8415,0.0,1092.52,0.0,1064.33,1092.52,14.095,2.61,"[1092.52, 1064.33]","[6, 7]",13
assembly_1,2,0.7,subgraph_mip,diverse,20,343,1105,239,21.63,0.24,0.02,0.242,0.262,20.22,0.8415,0.0,1092.52,0.0,1064.33,1092.52,14.095,2.61,"[1092.52, 1064.33]","[6, 7]",13
assembly_1,2,0.7,subgraph_mip,edge_weight,50,343,1105,54,4.89,0.24,0.148,0.08,0.227,23.35,0.8415,0.0,1092.52,0.0,1064.33,1092.52,14.095,2.61,"[1092.52, 1064.33]","[6, 7]",13
assembly_1,2,0.7,subgraph_mip,time_balanced_weight,50,343,1105,74,6.7,0.24,0.085,0.326,0.411,12.91,0.948,12.66,1112.81,1.86,1044.04,1112.81,34.385,6.38,"[1112.81, 1044.04]","[7, 6]",13
assembly_1,2,0.7,subgraph_mip,combined,50,343,1105,127,11.49,0.24,0.209,0.35,0.559,9.49,0.8415,0.0,1092.52,0.0,1064.33,1092.52,14.095,2.61,"[1092.52, 1064.33]","[6, 7]",13
assembly_1,2,0.7,subgraph_mip,blended,50,343,1105,42,3.8,0.24,0.189,0.084,0.273,19.42,0.8415,0.0,1092.52,0.0,1064.33,1092.52,14.095,2.61,"[1092.52, 1064.33]","[6, 7]",13
assembly_1,2,0.7,subgraph_mip,blended_union,50,343,1105,117,10.59,0.24,0.399,0.582,0.982,5.4,0.8415,-0.0,1092.52,0.0,1064.33,1092.52,14.095,2.61,"[1092.52, 1064.33]","[6, 7]",13
assembly_1,2,0.7,subgraph_mip,diverse,50,343,1105,509,46.06,0.24,0.027,1.135,1.162,4.57,0.8415,-0.0,1092.52,0.0,1064.33,1092.52,14.095,2.61,"[1092.52, 1064.33]","[6, 7]",13
assembly_1,2,0.7,subgraph_mip,edge_weight,100,343,1105,78,7.06,0.24,0.284,0.455,0.739,7.18,0.8415,0.0,1092.52,0.0,1064.33,1092.52,14.095,2.61,"[1092.52, 1064.33]","[6, 7]",13
assembly_1,2,0.7,subgraph_mip,time_balanced_weight,100,343,1105,85,7.69,0.24,0.163,0.247,0.41,12.93,0.948,12.66,1112.81,1.86,1044.04,1112.81,34.385,6.38,"[1112.81, 1044.04]","[7, 6]",13
assembly_1,2,0.7,subgraph_mip,combined,100,343,1105,162,14.66,0.24,0.418,0.543,0.96,5.52,0.8415,-0.0,1092.52,0.0,1064.33,1092.52,14.095,2.61,"[1092.52, 1064.33]","[6, 7]",13
assembly_1,2,0.7,subgraph_mip,blended,100,343,1105,61,5.52,0.24,0.406,0.188,0.594,8.94,0.8415,0.0,1092.52,0.0,1064.33,1092.52,14.095,2.61,"[1092.52, 1064.33]","[6, 7]",13
assembly_1,2,0.7,subgraph_mip,blended_union,100,343,1105,167,15.11,0.24,0.87,0.418,1.288,4.12,0.8415,-0.0,1092.52,0.0,1064.33,1092.52,14.095,2.61,"[1092.52, 1064.33]","[6, 7]",13
assembly_1,2,0.7,subgraph_mip,diverse,100,343,1105,743,67.24,0.24,0.071,1.455,1.527,3.47,0.8415,-0.0,1092.52,0.0,1064.33,1092.52,14.095,2.61,"[1092.52, 1064.33]","[6, 7]",13
assembly_1,2,0.7,subgraph_mip,edge_weight,200,343,1105,95,8.6,0.24,0.561,0.516,1.077,4.92,0.8415,-0.0,1092.52,0.0,1064.33,1092.52,14.095,2.61,"[1092.52, 1064.33]","[6, 7]",13
assembly_1,2,0.7,subgraph_mip,time_balanced_weight,200,343,1105,118,10.68,0.24,0.322,0.353,0.676,7.85,0.9479,12.65,1112.81,1.86,1044.04,1112.81,34.385,6.38,"[1112.81, 1044.04]","[7, 6]",13
assembly_1,2,0.7,subgraph_mip,combined,200,343,1105,211,19.1,0.24,0.892,0.716,1.608,3.3,0.8415,-0.0,1092.52,0.0,1064.33,1092.52,14.095,2.61,"[1092.52, 1064.33]","[6, 7]",13
assembly_1,2,0.7,subgraph_mip,blended,200,343,1105,103,9.32,0.24,0.583,0.399,0.982,5.4,0.8415,0.0,1092.52,0.0,1064.33,1092.52,14.095,2.61,"[1092.52, 1064.33]","[6, 7]",13
assembly_1,2,0.7,subgraph_mip,blended_union,200,343,1105,212,19.19,0.24,1.559,0.552,2.111,2.51,0.8415,0.0,1092.52,0.0,1064.33,1092.52,14.095,2.61,"[1092.52, 1064.33]","[6, 7]",13
assembly_1,2,0.7,subgraph_mip,diverse,200,343,1105,909,82.26,0.24,0.238,4.405,4.643,1.14,0.8415,0.0,1092.52,0.0,1064.33,1092.52,14.095,2.61,"[1092.52, 1064.33]","[6, 7]",13
assembly_1,2,0.7,subgraph_mip,edge_weight,500,343,1105,108,9.77,0.24,2.277,0.239,2.516,2.11,0.8415,0.0,1092.52,0.0,1064.33,1092.52,14.095,2.61,"[1092.52, 1064.33]","[6, 7]",13
assembly_1,2,0.7,subgraph_mip,time_balanced_weight,500,343,1105,170,15.38,0.24,1.581,1.194,2.776,1.91,0.927,10.16,1104.13,1.06,1052.72,1104.13,25.705,4.77,"[1104.13, 1052.72]","[6, 7]",13
assembly_1,2,0.7,subgraph_mip,combined,500,343,1105,274,24.8,0.24,2.916,0.639,3.555,1.49,0.8415,0.0,1092.52,0.0,1064.33,1092.52,14.095,2.61,"[1092.52, 1064.33]","[6, 7]",13
assembly_1,2,0.7,subgraph_mip,blended,500,343,1105,153,13.85,0.24,1.927,0.507,2.434,2.18,0.8415,0.0,1092.52,0.0,1064.33,1092.52,14.095,2.61,"[1092.52, 1064.33]","[6, 7]",13
assembly_1,2,0.7,subgraph_mip,blended_union,500,343,1105,278,25.16,0.24,4.949,1.437,6.386,0.83,0.8415,0.0,1092.52,0.0,1064.33,1092.52,14.095,2.61,"[1092.52, 1064.33]","[6, 7]",13
assembly_1,2,0.7,subgraph_mip,diverse,500,343,1105,1045,94.57,0.24,0.459,5.979,6.437,0.82,0.8415,0.0,1092.52,0.0,1064.33,1092.52,14.095,2.61,"[1092.52, 1064.33]","[6, 7]",13
assembly_1,2,0.7,subgraph_mip,edge_weight,1000,343,1105,142,12.85,0.24,3.199,0.33,3.529,1.5,0.8415,0.0,1092.52,0.0,1064.33,1092.52,14.095,2.61,"[1092.52, 1064.33]","[6, 7]",13
assembly_1,2,0.7,subgraph_mip,time_balanced_weight,1000,343,1105,223,20.18,0.24,2.185,1.188,3.372,1.57,0.9236,9.75,1104.13,1.06,1052.72,1104.13,25.705,4.77,"[1104.13, 1052.72]","[6, 7]",13
assembly_1,2,0.7,subgraph_mip,combined,1000,343,1105,359,32.49,0.24,5.542,1.014,6.556,0.81,0.8415,0.0,1092.52,0.0,1064.33,1092.52,14.095,2.61,"[1092.52, 1064.33]","[6, 7]",13
assembly_1,2,0.7,subgraph_mip,blended,1000,343,1105,217,19.64,0.24,4.644,0.468,5.112,1.04,0.8415,0.0,1092.52,0.0,1064.33,1092.52,14.095,2.61,"[1092.52, 1064.33]","[6, 7]",13
assembly_1,2,0.7,subgraph_mip,blended_union,1000,343,1105,305,27.6,0.24,10.306,1.248,11.554,0.46,0.8415,-0.0,1092.52,0.0,1064.33,1092.52,14.095,2.61,"[1092.52, 1064.33]","[6, 7]",13
assembly_1,2,0.7,subgraph_mip,diverse,1000,343,1105,1097,99.28,0.24,0.956,5.059,6.016,0.88,0.8415,0.0,1092.52,0.0,1064.33,1092.52,14.095,2.61,"[1092.52, 1064.33]","[6, 7]",13
assembly_1,2,0.7,subgraph_mip,edge_weight,2000,343,1105,185,16.74,0.24,7.1,0.392,7.492,0.71,0.8415,-0.0,1092.52,0.0,1064.33,1092.52,14.095,2.61,"[1092.52, 1064.33]","[6, 7]",13
assembly_1,2,0.7,subgraph_mip,time_balanced_weight,2000,343,1105,291,26.33,0.24,5.972,1.103,7.074,0.75,0.9194,9.25,1104.13,1.06,1052.72,1104.13,25.705,4.77,"[1104.13, 1052.72]","[6, 7]",13
assembly_1,2,0.7,subgraph_mip,combined,2000,343,1105,464,41.99,0.24,13.664,1.559,15.223,0.35,0.8415,0.0,1092.52,0.0,1064.33,1092.52,14.095,2.61,"[1092.52, 1064.33]","[6, 7]",13
assembly_1,2,0.7,subgraph_mip,blended,2000,343,1105,237,21.45,0.24,11.067,0.625,11.692,0.45,0.8415,0.0,1092.52,0.0,1064.33,1092.52,14.095,2.61,"[1092.52, 1064.33]","[6, 7]",13
assembly_1,2,0.7,subgraph_mip,blended_union,2000,343,1105,356,32.22,0.24,25.194,1.267,26.461,0.2,0.8415,-0.0,1092.52,0.0,1064.33,1092.52,14.095,2.61,"[1092.52, 1064.33]","[6, 7]",13
assembly_1,2,0.7,subgraph_mip,diverse,2000,343,1105,1105,100.0,0.24,2.196,6.392,8.588,0.62,0.8415,0.0,1092.52,0.0,1064.33,1092.52,14.095,2.61,"[1092.52, 1064.33]","[6, 7]",13
assembly_1,2,0.7,subgraph_mip,edge_weight,5000,343,1105,232,21.0,0.24,34.298,0.423,34.72,0.15,0.8415,0.0,1092.52,0.0,1064.33,1092.52,14.095,2.61,"[1092.52, 1064.33]","[6, 7]",13
assembly_1,2,0.7,subgraph_mip,time_balanced_weight,5000,343,1105,382,34.57,0.24,22.852,2.109,24.961,0.21,0.9176,9.05,1104.13,1.06,1052.72,1104.13,25.705,4.77,"[1104.13, 1052.72]","[6, 7]",13
assembly_1,2,0.7,subgraph_mip,combined,5000,343,1105,593,53.67,0.24,58.218,1.395,59.613,0.09,0.8415,0.0,1092.52,0.0,1064.33,1092.52,14.095,2.61,"[1092.52, 1064.33]","[6, 7]",13
assembly_1,2,0.7,subgraph_mip,blended,5000,343,1105,312,28.24,0.24,39.816,1.461,41.277,0.13,0.8415,0.0,1092.52,0.0,1064.33,1092.52,14.095,2.61,"[1092.52, 1064.33]","[6, 7]",13
assembly_1,2,0.7,subgraph_mip,blended_union,5000,343,1105,482,43.62,0.24,104.648,1.308,105.956,0.05,0.8415,0.0,1092.52,0.0,1064.33,1092.52,14.095,2.61,"[1092.52, 1064.33]","[6, 7]",13
assembly_1,2,0.7,subgraph_mip,diverse,5000,343,1105,1105,100.0,0.24,3.554,3.749,7.303,0.73,0.8415,0.0,1092.52,0.0,1064.33,1092.52,14.095,2.61,"[1092.52, 1064.33]","[6, 7]",13
assembly_1,2,0.75,full_mip,—,,343,1105,1105,100.0,0.27,0.0,4.327,4.327,1.0,0.8419,0.0,1092.52,0.0,1064.33,1092.52,14.095,2.61,"[1092.52, 1064.33]","[6, 7]",13
assembly_1,2,0.75,subgraph_mip,edge_weight,1,343,1105,13,1.18,0.27,0.002,0.007,0.009,474.41,0.8466,0.56,1102.04,0.87,1054.81,1102.04,23.615,4.38,"[1102.04, 1054.81]","[6, 7]",13
assembly_1,2,0.75,subgraph_mip,time_balanced_weight,1,343,1105,13,1.18,0.27,0.002,0.007,0.008,512.13,0.9648,14.6,1160.13,6.19,996.72,1160.13,81.705,15.15,"[1160.13, 996.72]","[6, 7]",13
assembly_1,2,0.75,subgraph_mip,combined,1,343,1105,26,2.35,0.27,0.003,0.006,0.009,459.09,0.8466,0.56,1102.04,0.87,1054.81,1102.04,23.615,4.38,"[1102.04, 1054.81]","[6, 7]",13
assembly_1,2,0.75,subgraph_mip,blended,1,343,1105,13,1.18,0.27,0.002,0.005,0.007,600.26,0.8554,1.61,1088.33,-0.38,1068.52,1088.33,9.905,1.84,"[1088.33, 1068.52]","[6, 7]",13
assembly_1,2,0.75,subgraph_mip,blended_union,1,343,1105,31,2.81,0.27,0.017,0.025,0.042,103.55,0.8419,-0.0,1092.52,0.0,1064.33,1092.52,14.095,2.61,"[1092.52, 1064.33]","[6, 7]",13
assembly_1,2,0.75,subgraph_mip,diverse,1,343,1105,13,1.18,0.27,0.003,0.005,0.008,539.47,0.8554,1.61,1088.33,-0.38,1068.52,1088.33,9.905,1.84,"[1088.33, 1068.52]","[6, 7]",13
assembly_1,2,0.75,subgraph_mip,edge_weight,2,343,1105,15,1.36,0.27,0.003,0.026,0.029,150.74,0.8466,0.56,1102.04,0.87,1054.81,1102.04,23.615,4.38,"[1102.04, 1054.81]","[6, 7]",13
assembly_1,2,0.75,subgraph_mip,time_balanced_weight,2,343,1105,20,1.81,0.27,0.002,0.017,0.019,222.61,0.9481,12.62,1088.33,-0.38,1068.52,1088.33,9.905,1.84,"[1088.33, 1068.52]","[6, 7]",13
assembly_1,2,0.75,subgraph_mip,combined,2,343,1105,35,3.17,0.27,0.005,0.014,0.019,232.43,0.8466,0.56,1102.04,0.87,1054.81,1102.04,23.615,4.38,"[1102.04, 1054.81]","[6, 7]",13
assembly_1,2,0.75,subgraph_mip,blended,2,343,1105,15,1.36,0.27,0.003,0.011,0.015,297.5,0.8554,1.61,1088.33,-0.38,1068.52,1088.33,9.905,1.84,"[1088.33, 1068.52]","[6, 7]",13
assembly_1,2,0.75,subgraph_mip,blended_union,2,343,1105,36,3.26,0.27,0.025,0.065,0.09,48.33,0.8419,-0.0,1092.52,0.0,1064.33,1092.52,14.095,2.61,"[1092.52, 1064.33]","[6, 7]",13
assembly_1,2,0.75,subgraph_mip,diverse,2,343,1105,26,2.35,0.27,0.007,0.008,0.015,282.69,0.8554,1.61,1088.33,-0.38,1068.52,1088.33,9.905,1.84,"[1088.33, 1068.52]","[6, 7]",13
assembly_1,2,0.75,subgraph_mip,edge_weight,5,343,1105,21,1.9,0.27,0.011,0.027,0.038,114.88,0.8466,0.56,1102.04,0.87,1054.81,1102.04,23.615,4.38,"[1102.04, 1054.81]","[6, 7]",13
assembly_1,2,0.75,subgraph_mip,time_balanced_weight,5,343,1105,29,2.62,0.27,0.006,0.045,0.051,85.53,0.9366,11.25,1122.33,2.73,1034.52,1122.33,43.905,8.14,"[1122.33, 1034.52]","[7, 6]",13
assembly_1,2,0.75,subgraph_mip,combined,5,343,1105,50,4.52,0.27,0.02,0.126,0.146,29.64,0.8466,0.56,1102.04,0.87,1054.81,1102.04,23.615,4.38,"[1102.04, 1054.81]","[6, 7]",13
assembly_1,2,0.75,subgraph_mip,blended,5,343,1105,20,1.81,0.27,0.021,0.033,0.054,80.01,0.8554,1.61,1088.33,-0.38,1068.52,1088.33,9.905,1.84,"[1088.33, 1068.52]","[6, 7]",13
assembly_1,2,0.75,subgraph_mip,blended_union,5,343,1105,49,4.43,0.27,0.065,0.096,0.161,26.94,0.8419,-0.0,1092.52,0.0,1064.33,1092.52,14.095,2.61,"[1092.52, 1064.33]","[6, 7]",13
assembly_1,2,0.75,subgraph_mip,diverse,5,343,1105,65,5.88,0.27,0.009,0.1,0.11,39.51,0.8448,0.34,1092.52,0.0,1064.33,1092.52,14.095,2.61,"[1092.52, 1064.33]","[6, 7]",13
assembly_1,2,0.75,subgraph_mip,edge_weight,10,343,1105,24,2.17,0.27,0.02,0.07,0.09,47.84,0.8466,0.56,1102.04,0.87,1054.81,1102.04,23.615,4.38,"[1102.04, 1054.81]","[6, 7]",13
assembly_1,2,0.75,subgraph_mip,time_balanced_weight,10,343,1105,39,3.53,0.27,0.014,0.097,0.111,39.05,0.9366,11.25,1122.33,2.73,1034.52,1122.33,43.905,8.14,"[1122.33, 1034.52]","[7, 6]",13
assembly_1,2,0.75,subgraph_mip,combined,10,343,1105,63,5.7,0.27,0.052,0.096,0.148,29.23,0.8466,0.56,1102.04,0.87,1054.81,1102.04,23.615,4.38,"[1102.04, 1054.81]","[6, 7]",13
assembly_1,2,0.75,subgraph_mip,blended,10,343,1105,25,2.26,0.27,0.023,0.037,0.06,72.07,0.8554,1.61,1088.33,-0.38,1068.52,1088.33,9.905,1.84,"[1088.33, 1068.52]","[6, 7]",13
assembly_1,2,0.75,subgraph_mip,blended_union,10,343,1105,64,5.79,0.27,0.099,0.199,0.298,14.54,0.8419,-0.0,1092.52,0.0,1064.33,1092.52,14.095,2.61,"[1092.52, 1064.33]","[6, 7]",13
assembly_1,2,0.75,subgraph_mip,diverse,10,343,1105,126,11.4,0.27,0.014,0.166,0.18,24.01,0.8448,0.34,1092.52,0.0,1064.33,1092.52,14.095,2.61,"[1092.52, 1064.33]","[6, 7]",13
assembly_1,2,0.75,subgraph_mip,edge_weight,20,343,1105,35,3.17,0.27,0.041,0.092,0.133,32.54,0.8459,0.47,1100.04,0.69,1056.81,1100.04,21.615,4.01,"[1100.04, 1056.81]","[6, 7]",13
assembly_1,2,0.75,subgraph_mip,time_balanced_weight,20,343,1105,49,4.43,0.27,0.04,0.199,0.24,18.05,0.9366,11.25,1122.33,2.73,1034.52,1122.33,43.905,8.14,"[1122.33, 1034.52]","[7, 6]",13
assembly_1,2,0.75,subgraph_mip,combined,20,343,1105,84,7.6,0.27,0.113,0.228,0.341,12.67,0.8459,0.47,1100.04,0.69,1056.81,1100.04,21.615,4.01,"[1100.04, 1056.81]","[6, 7]",13
assembly_1,2,0.75,subgraph_mip,blended,20,343,1105,28,2.53,0.27,0.078,0.045,0.123,35.12,0.8554,1.61,1088.33,-0.38,1068.52,1088.33,9.905,1.84,"[1088.33, 1068.52]","[6, 7]",13
assembly_1,2,0.75,subgraph_mip,blended_union,20,343,1105,87,7.87,0.27,0.176,0.517,0.693,6.25,0.8419,-0.0,1092.52,0.0,1064.33,1092.52,14.095,2.61,"[1092.52, 1064.33]","[6, 7]",13
assembly_1,2,0.75,subgraph_mip,diverse,20,343,1105,239,21.63,0.27,0.022,0.837,0.858,5.04,0.8419,-0.0,1092.52,0.0,1064.33,1092.52,14.095,2.61,"[1092.52, 1064.33]","[6, 7]",13
assembly_1,2,0.75,subgraph_mip,edge_weight,50,343,1105,54,4.89,0.27,0.142,0.171,0.313,13.84,0.8419,-0.0,1092.52,0.0,1064.33,1092.52,14.095,2.61,"[1092.52, 1064.33]","[6, 7]",13
assembly_1,2,0.75,subgraph_mip,time_balanced_weight,50,343,1105,74,6.7,0.27,0.087,0.253,0.34,12.72,0.932,10.71,1088.33,-0.38,1068.52,1088.33,9.905,1.84,"[1088.33, 1068.52]","[6, 7]",13
assembly_1,2,0.75,subgraph_mip,combined,50,343,1105,127,11.49,0.27,0.18,0.547,0.728,5.94,0.8419,-0.0,1092.52,0.0,1064.33,1092.52,14.095,2.61,"[1092.52, 1064.33]","[6, 7]",13
assembly_1,2,0.75,subgraph_mip,blended,50,343,1105,52,4.71,0.27,0.197,0.099,0.295,14.65,0.8554,1.61,1088.33,-0.38,1068.52,1088.33,9.905,1.84,"[1088.33, 1068.52]","[6, 7]",13
assembly_1,2,0.75,subgraph_mip,blended_union,50,343,1105,117,10.59,0.27,0.444,0.455,0.899,4.81,0.8419,-0.0,1092.52,0.0,1064.33,1092.52,14.095,2.61,"[1092.52, 1064.33]","[6, 7]",13
assembly_1,2,0.75,subgraph_mip,diverse,50,343,1105,509,46.06,0.27,0.039,0.812,0.851,5.08,0.8419,-0.0,1092.52,0.0,1064.33,1092.52,14.095,2.61,"[1092.52, 1064.33]","[6, 7]",13
assembly_1,2,0.75,subgraph_mip,edge_weight,100,343,1105,78,7.06,0.27,0.251,0.128,0.378,11.43,0.8419,-0.0,1092.52,0.0,1064.33,1092.52,14.095,2.61,"[1092.52, 1064.33]","[6, 7]",13
assembly_1,2,0.75,subgraph_mip,time_balanced_weight,100,343,1105,85,7.69,0.27,0.143,0.445,0.588,7.37,0.932,10.71,1088.33,-0.38,1068.52,1088.33,9.905,1.84,"[1088.33, 1068.52]","[6, 7]",13
assembly_1,2,0.75,subgraph_mip,combined,100,343,1105,162,14.66,0.27,0.457,0.334,0.792,5.47,0.8419,-0.0,1092.52,0.0,1064.33,1092.52,14.095,2.61,"[1092.52, 1064.33]","[6, 7]",13
assembly_1,2,0.75,subgraph_mip,blended,100,343,1105,72,6.52,0.27,0.329,0.134,0.463,9.35,0.8554,1.61,1088.33,-0.38,1068.52,1088.33,9.905,1.84,"[1088.33, 1068.52]","[6, 7]",13
assembly_1,2,0.75,subgraph_mip,blended_union,100,343,1105,167,15.11,0.27,0.789,0.43,1.22,3.55,0.8419,-0.0,1092.52,0.0,1064.33,1092.52,14.095,2.61,"[1092.52, 1064.33]","[6, 7]",13
assembly_1,2,0.75,subgraph_mip,diverse,100,343,1105,746,67.51,0.27,0.05,3.117,3.168,1.37,0.8419,0.0,1092.52,0.0,1064.33,1092.52,14.095,2.61,"[1092.52, 1064.33]","[6, 7]",13
assembly_1,2,0.75,subgraph_mip,edge_weight,200,343,1105,95,8.6,0.27,0.539,0.112,0.651,6.65,0.8419,-0.0,1092.52,0.0,1064.33,1092.52,14.095,2.61,"[1092.52, 1064.33]","[6, 7]",13
assembly_1,2,0.75,subgraph_mip,time_balanced_weight,200,343,1105,118,10.68,0.27,0.245,0.461,0.706,6.13,0.9318,10.68,1088.33,-0.38,1068.52,1088.33,9.905,1.84,"[1088.33, 1068.52]","[6, 7]",13
assembly_1,2,0.75,subgraph_mip,combined,200,343,1105,211,19.1,0.27,0.772,0.597,1.37,3.16,0.8419,-0.0,1092.52,0.0,1064.33,1092.52,14.095,2.61,"[1092.52, 1064.33]","[6, 7]",13
assembly_1,2,0.75,subgraph_mip,blended,200,343,1105,85,7.69,0.27,0.722,0.18,0.901,4.8,0.8554,1.61,1088.33,-0.38,1068.52,1088.33,9.905,1.84,"[1088.33, 1068.52]","[6, 7]",13
assembly_1,2,0.75,subgraph_mip,blended_union,200,343,1105,212,19.19,0.27,1.424,0.566,1.99,2.17,0.8419,-0.0,1092.52,0.0,1064.33,1092.52,14.095,2.61,"[1092.52, 1064.33]","[6, 7]",13
assembly_1,2,0.75,subgraph_mip,diverse,200,343,1105,908,82.17,0.27,0.098,3.528,3.626,1.19,0.8419,-0.0,1092.52,0.0,1064.33,1092.52,14.095,2.61,"[1092.52, 1064.33]","[6, 7]",13
assembly_1,2,0.75,subgraph_mip,edge_weight,500,343,1105,108,9.77,0.27,1.407,0.273,1.68,2.58,0.8419,-0.0,1092.52,0.0,1064.33,1092.52,14.095,2.61,"[1092.52, 1064.33]","[6, 7]",13
assembly_1,2,0.75,subgraph_mip,time_balanced_weight,500,343,1105,170,15.38,0.27,1.013,0.733,1.746,2.48,0.9146,8.64,1104.13,1.06,1052.72,1104.13,25.705,4.77,"[1104.13, 1052.72]","[6, 7]",13
assembly_1,2,0.75,subgraph_mip,combined,500,343,1105,274,24.8,0.27,2.406,0.649,3.055,1.42,0.8419,-0.0,1092.52,0.0,1064.33,1092.52,14.095,2.61,"[1092.52, 1064.33]","[6, 7]",13
assembly_1,2,0.75,subgraph_mip,blended,500,343,1105,176,15.93,0.27,2.257,0.624,2.881,1.5,0.8419,0.0,1092.52,0.0,1064.33,1092.52,14.095,2.61,"[1092.52, 1064.33]","[6, 7]",13
assembly_1,2,0.75,subgraph_mip,blended_union,500,343,1105,278,25.16,0.27,4.579,1.585,6.164,0.7,0.8419,-0.0,1092.52,0.0,1064.33,1092.52,14.095,2.61,"[1092.52, 1064.33]","[6, 7]",13
assembly_1,2,0.75,subgraph_mip,diverse,500,343,1105,1046,94.66,0.27,0.439,5.057,5.496,0.79,0.8419,-0.0,1092.52,0.0,1064.33,1092.52,14.095,2.61,"[1092.52, 1064.33]","[6, 7]",13
assembly_1,2,0.75,subgraph_mip,edge_weight,1000,343,1105,142,12.85,0.27,3.055,0.3,3.355,1.29,0.8419,-0.0,1092.52,0.0,1064.33,1092.52,14.095,2.61,"[1092.52, 1064.33]","[6, 7]",13
assembly_1,2,0.75,subgraph_mip,time_balanced_weight,1000,343,1105,223,20.18,0.27,2.419,1.156,3.575,1.21,0.9118,8.3,1104.13,1.06,1052.72,1104.13,25.705,4.77,"[1104.13, 1052.72]","[6, 7]",13
assembly_1,2,0.75,subgraph_mip,combined,1000,343,1105,359,32.49,0.27,5.641,0.799,6.44,0.67,0.8419,-0.0,1092.52,0.0,1064.33,1092.52,14.095,2.61,"[1092.52, 1064.33]","[6, 7]",13
assembly_1,2,0.75,subgraph_mip,blended,1000,343,1105,220,19.91,0.27,4.065,1.044,5.109,0.85,0.8419,-0.0,1092.52,0.0,1064.33,1092.52,14.095,2.61,"[1092.52, 1064.33]","[6, 7]",13
assembly_1,2,0.75,subgraph_mip,blended_union,1000,343,1105,305,27.6,0.27,8.997,1.445,10.443,0.41,0.8419,-0.0,1092.52,0.0,1064.33,1092.52,14.095,2.61,"[1092.52, 1064.33]","[6, 7]",13
assembly_1,2,0.75,subgraph_mip,diverse,1000,343,1105,1102,99.73,0.27,0.944,5.64,6.584,0.66,0.8419,0.0,1092.52,0.0,1064.33,1092.52,14.095,2.61,"[1092.52, 1064.33]","[6, 7]",13
assembly_1,2,0.75,subgraph_mip,edge_weight,2000,343,1105,185,16.74,0.27,7.025,0.484,7.509,0.58,0.8419,-0.0,1092.52,0.0,1064.33,1092.52,14.095,2.61,"[1092.52, 1064.33]","[6, 7]",13
assembly_1,2,0.75,subgraph_mip,time_balanced_weight,2000,343,1105,291,26.33,0.27,5.474,2.414,7.888,0.55,0.9083,7.89,1104.13,1.06,1052.72,1104.13,25.705,4.77,"[1104.13, 1052.72]","[6, 7]",13
assembly_1,2,0.75,subgraph_mip,combined,2000,343,1105,464,41.99,0.27,12.784,1.084,13.868,0.31,0.8419,-0.0,1092.52,0.0,1064.33,1092.52,14.095,2.61,"[1092.52, 1064.33]","[6, 7]",13
assembly_1,2,0.75,subgraph_mip,blended,2000,343,1105,237,21.45,0.27,8.206,0.98,9.186,0.47,0.8419,0.0,1092.52,0.0,1064.33,1092.52,14.095,2.61,"[1092.52, 1064.33]","[6, 7]",13
assembly_1,2,0.75,subgraph_mip,blended_union,2000,343,1105,356,32.22,0.27,23.663,1.245,24.908,0.17,0.8419,0.0,1092.52,0.0,1064.33,1092.52,14.095,2.61,"[1092.52, 1064.33]","[6, 7]",13
assembly_1,2,0.75,subgraph_mip,diverse,2000,343,1105,1105,100.0,0.27,2.126,5.054,7.18,0.6,0.8419,0.0,1092.52,0.0,1064.33,1092.52,14.095,2.61,"[1092.52, 1064.33]","[6, 7]",13
assembly_1,2,0.75,subgraph_mip,edge_weight,5000,343,1105,232,21.0,0.27,32.155,0.86,33.015,0.13,0.8419,0.0,1092.52,0.0,1064.33,1092.52,14.095,2.61,"[1092.52, 1064.33]","[6, 7]",13
assembly_1,2,0.75,subgraph_mip,time_balanced_weight,5000,343,1105,382,34.57,0.27,22.609,3.439,26.048,0.17,0.9068,7.71,1104.13,1.06,1052.72,1104.13,25.705,4.77,"[1104.13, 1052.72]","[6, 7]",13
assembly_1,2,0.75,subgraph_mip,combined,5000,343,1105,593,53.67,0.27,54.235,1.881,56.116,0.08,0.8419,-0.0,1092.52,0.0,1064.33,1092.52,14.095,2.61,"[1092.52, 1064.33]","[6, 7]",13
assembly_1,2,0.75,subgraph_mip,blended,5000,343,1105,314,28.42,0.27,33.663,0.691,34.354,0.13,0.8419,0.0,1092.52,0.0,1064.33,1092.52,14.095,2.61,"[1092.52, 1064.33]","[6, 7]",13
assembly_1,2,0.75,subgraph_mip,blended_union,5000,343,1105,482,43.62,0.27,96.348,3.021,99.369,0.04,0.8419,-0.0,1092.52,0.0,1064.33,1092.52,14.095,2.61,"[1092.52, 1064.33]","[6, 7]",13
assembly_1,2,0.75,subgraph_mip,diverse,5000,343,1105,1105,100.0,0.27,5.611,5.241,10.853,0.4,0.8419,0.0,1092.52,0.0,1064.33,1092.52,14.095,2.61,"[1092.52, 1064.33]","[6, 7]",13
assembly_1,2,0.8,full_mip,—,,343,1105,1105,100.0,0.319,0.0,6.839,6.839,1.0,0.8423,0.0,1092.52,0.0,1064.33,1092.52,14.095,2.61,"[1092.52, 1064.33]","[6, 7]",13
assembly_1,2,0.8,subgraph_mip,edge_weight,1,343,1105,13,1.18,0.319,0.001,0.012,0.014,501.27,0.8475,0.62,1102.04,0.87,1054.81,1102.04,23.615,4.38,"[1102.04, 1054.81]","[6, 7]",13
assembly_1,2,0.8,subgraph_mip,time_balanced_weight,1,343,1105,13,1.18,0.319,0.001,0.012,0.013,508.4,0.951,12.92,1160.13,6.19,996.72,1160.13,81.705,15.15,"[1160.13, 996.72]","[6, 7]",13
assembly_1,2,0.8,subgraph_mip,combined,1,343,1105,26,2.35,0.319,0.002,0.018,0.02,343.54,0.8475,0.62,1102.04,0.87,1054.81,1102.04,23.615,4.38,"[1102.04, 1054.81]","[6, 7]",13
assembly_1,2,0.8,subgraph_mip,blended,1,343,1105,13,1.18,0.319,0.001,0.013,0.014,477.91,0.8525,1.21,1088.33,-0.38,1068.52,1088.33,9.905,1.84,"[1088.33, 1068.52]","[6, 7]",13
assembly_1,2,0.8,subgraph_mip,blended_union,1,343,1105,31,2.81,0.319,0.011,0.08,0.091,74.93,0.8423,0.0,1092.52,0.0,1064.33,1092.52,14.095,2.61,"[1092.52, 1064.33]","[6, 7]",13
assembly_1,2,0.8,subgraph_mip,diverse,1,343,1105,13,1.18,0.319,0.004,0.014,0.018,380.46,0.8525,1.21,1088.33,-0.38,1068.52,1088.33,9.905,1.84,"[1088.33, 1068.52]","[6, 7]",13
assembly_1,2,0.8,subgraph_mip,edge_weight,2,343,1105,15,1.36,0.319,0.008,0.022,0.03,225.2,0.8475,0.62,1102.04,0.87,1054.81,1102.04,23.615,4.38,"[1102.04, 1054.81]","[6, 7]",13
assembly_1,2,0.8,subgraph_mip,time_balanced_weight,2,343,1105,20,1.81,0.319,0.006,0.029,0.035,196.88,0.9266,10.01,1088.33,-0.38,1068.52,1088.33,9.905,1.84,"[1088.33, 1068.52]","[6, 7]",13
assembly_1,2,0.8,subgraph_mip,combined,2,343,1105,35,3.17,0.319,0.007,0.042,0.049,139.35,0.8475,0.62,1102.04,0.87,1054.81,1102.04,23.615,4.38,"[1102.04, 1054.81]","[6, 7]",13
assembly_1,2,0.8,subgraph_mip,blended,2,343,1105,15,1.36,0.319,0.004,0.017,0.021,330.63,0.8525,1.21,1088.33,-0.38,1068.52,1088.33,9.905,1.84,"[1088.33, 1068.52]","[6, 7]",13
assembly_1,2,0.8,subgraph_mip,blended_union,2,343,1105,36,3.26,0.319,0.019,0.066,0.085,80.32,0.8423,-0.0,1092.52,0.0,1064.33,1092.52,14.095,2.61,"[1092.52, 1064.33]","[6, 7]",13
assembly_1,2,0.8,subgraph_mip,diverse,2,343,1105,26,2.35,0.319,0.004,0.011,0.016,435.5,0.8525,1.21,1088.33,-0.38,1068.52,1088.33,9.905,1.84,"[1088.33, 1068.52]","[6, 7]",13
assembly_1,2,0.8,subgraph_mip,edge_weight,5,343,1105,21,1.9,0.319,0.013,0.054,0.067,102.04,0.8475,0.62,1102.04,0.87,1054.81,1102.04,23.615,4.38,"[1102.04, 1054.81]","[6, 7]",13
assembly_1,2,0.8,subgraph_mip,time_balanced_weight,5,343,1105,29,2.62,0.319,0.007,0.153,0.16,42.7,0.9226,9.54,1122.33,2.73,1034.52,1122.33,43.905,8.14,"[1122.33, 1034.52]","[7, 6]",13
assembly_1,2,0.8,subgraph_mip,combined,5,343,1105,50,4.52,0.319,0.028,0.125,0.152,44.95,0.8475,0.62,1102.04,0.87,1054.81,1102.04,23.615,4.38,"[1102.04, 1054.81]","[6, 7]",13
assembly_1,2,0.8,subgraph_mip,blended,5,343,1105,20,1.81,0.319,0.027,0.029,0.057,120.38,0.8525,1.21,1088.33,-0.38,1068.52,1088.33,9.905,1.84,"[1088.33, 1068.52]","[6, 7]",13
assembly_1,2,0.8,subgraph_mip,blended_union,5,343,1105,49,4.43,0.319,0.072,0.062,0.134,50.91,0.8423,0.0,1092.52,0.0,1064.33,1092.52,14.095,2.61,"[1092.52, 1064.33]","[6, 7]",13
assembly_1,2,0.8,subgraph_mip,diverse,5,343,1105,65,5.88,0.319,0.006,0.107,0.113,60.42,0.8446,0.27,1092.52,0.0,1064.33,1092.52,14.095,2.61,"[1092.52, 1064.33]","[6, 7]",13
assembly_1,2,0.8,subgraph_mip,edge_weight,10,343,1105,24,2.17,0.319,0.049,0.033,0.083,82.75,0.8475,0.62,1102.04,0.87,1054.81,1102.04,23.615,4.38,"[1102.04, 1054.81]","[6, 7]",13
assembly_1,2,0.8,subgraph_mip,time_balanced_weight,10,343,1105,39,3.53,0.319,0.027,0.093,0.12,57.03,0.9226,9.54,1122.33,2.73,1034.52,1122.33,43.905,8.14,"[1122.33, 1034.52]","[7, 6]",13
assembly_1,2,0.8,subgraph_mip,combined,10,343,1105,63,5.7,0.319,0.053,0.076,0.13,52.76,0.8475,0.62,1102.04,0.87,1054.81,1102.04,23.615,4.38,"[1102.04, 1054.81]","[6, 7]",13
assembly_1,2,0.8,subgraph_mip,blended,10,343,1105,25,2.26,0.319,0.029,0.039,0.068,101.25,0.8525,1.21,1088.33,-0.38,1068.52,1088.33,9.905,1.84,"[1088.33, 1068.52]","[6, 7]",13
assembly_1,2,0.8,subgraph_mip,blended_union,10,343,1105,64,5.79,0.319,0.116,0.269,0.384,17.79,0.8423,0.0,1092.52,0.0,1064.33,1092.52,14.095,2.61,"[1092.52, 1064.33]","[6, 7]",13
assembly_1,2,0.8,subgraph_mip,diverse,10,343,1105,126,11.4,0.319,0.01,0.228,0.238,28.79,0.8446,0.27,1092.52,0.0,1064.33,1092.52,14.095,2.61,"[1092.52, 1064.33]","[6, 7]",13
assembly_1,2,0.8,subgraph_mip,edge_weight,20,343,1105,35,3.17,0.319,0.066,0.088,0.154,44.35,0.8466,0.52,1100.04,0.69,1056.81,1100.04,21.615,4.01,"[1100.04, 1056.81]","[6, 7]",13
assembly_1,2,0.8,subgraph_mip,time_balanced_weight,20,343,1105,49,4.43,0.319,0.051,0.103,0.154,44.37,0.9226,9.54,1122.33,2.73,1034.52,1122.33,43.905,8.14,"[1122.33, 1034.52]","[7, 6]",13
assembly_1,2,0.8,subgraph_mip,combined,20,343,1105,84,7.6,0.319,0.123,0.286,0.409,16.71,0.8466,0.52,1100.04,0.69,1056.81,1100.04,21.615,4.01,"[1100.04, 1056.81]","[6, 7]",13
assembly_1,2,0.8,subgraph_mip,blended,20,343,1105,28,2.53,0.319,0.094,0.063,0.157,43.57,0.8525,1.21,1088.33,-0.38,1068.52,1088.33,9.905,1.84,"[1088.33, 1068.52]","[6, 7]",13
assembly_1,2,0.8,subgraph_mip,blended_union,20,343,1105,87,7.87,0.319,0.213,0.331,0.544,12.57,0.8423,0.0,1092.52,0.0,1064.33,1092.52,14.095,2.61,"[1092.52, 1064.33]","[6, 7]",13
assembly_1,2,0.8,subgraph_mip,diverse,20,343,1105,239,21.63,0.319,0.014,0.441,0.455,15.03,0.8423,0.0,1092.52,0.0,1064.33,1092.52,14.095,2.61,"[1092.52, 1064.33]","[6, 7]",13
assembly_1,2,0.8,subgraph_mip,edge_weight,50,343,1105,54,4.89,0.319,0.175,0.409,0.584,11.72,0.8423,0.0,1092.52,0.0,1064.33,1092.52,14.095,2.61,"[1092.52, 1064.33]","[6, 7]",13
assembly_1,2,0.8,subgraph_mip,time_balanced_weight,50,343,1105,74,6.7,0.319,0.09,0.212,0.302,22.64,0.9137,8.49,1088.33,-0.38,1068.52,1088.33,9.905,1.84,"[1088.33, 1068.52]","[6, 7]",13
assembly_1,2,0.8,subgraph_mip,combined,50,343,1105,127,11.49,0.319,0.316,0.571,0.888,7.71,0.8423,0.0,1092.52,0.0,1064.33,1092.52,14.095,2.61,"[1092.52, 1064.33]","[6, 7]",13
assembly_1,2,0.8,subgraph_mip,blended,50,343,1105,52,4.71,0.319,0.205,0.194,0.4,17.11,0.8525,1.21,1088.33,-0.38,1068.52,1088.33,9.905,1.84,"[1088.33, 1068.52]","[6, 7]",13
assembly_1,2,0.8,subgraph_mip,blended_union,50,343,1105,117,10.59,0.319,0.599,0.568,1.167,5.86,0.8423,0.0,1092.52,0.0,1064.33,1092.52,14.095,2.61,"[1092.52, 1064.33]","[6, 7]",13
assembly_1,2,0.8,subgraph_mip,diverse,50,343,1105,506,45.79,0.319,0.039,1.387,1.426,4.8,0.8423,-0.0,1092.52,0.0,1064.33,1092.52,14.095,2.61,"[1092.52, 1064.33]","[6, 7]",13
assembly_1,2,0.8,subgraph_mip,edge_weight,100,343,1105,78,7.06,0.319,0.328,0.519,0.846,8.08,0.8423,-0.0,1092.52,0.0,1064.33,1092.52,14.095,2.61,"[1092.52, 1064.33]","[6, 7]",13
assembly_1,2,0.8,subgraph_mip,time_balanced_weight,100,343,1105,85,7.69,0.319,0.238,0.181,0.419,16.31,0.9137,8.49,1088.33,-0.38,1068.52,1088.33,9.905,1.84,"[1088.33, 1068.52]","[6, 7]",13
assembly_1,2,0.8,subgraph_mip,combined,100,343,1105,162,14.66,0.319,0.586,0.727,1.312,5.21,0.8423,-0.0,1092.52,0.0,1064.33,1092.52,14.095,2.61,"[1092.52, 1064.33]","[6, 7]",13
assembly_1,2,0.8,subgraph_mip,blended,100,343,1105,72,6.52,0.319,0.558,0.133,0.691,9.89,0.8525,1.21,1088.33,-0.38,1068.52,1088.33,9.905,1.84,"[1088.33, 1068.52]","[6, 7]",13
assembly_1,2,0.8,subgraph_mip,blended_union,100,343,1105,167,15.11,0.319,1.27,0.535,1.805,3.79,0.8423,0.0,1092.52,0.0,1064.33,1092.52,14.095,2.61,"[1092.52, 1064.33]","[6, 7]",13
assembly_1,2,0.8,subgraph_mip,diverse,100,343,1105,744,67.33,0.319,0.122,4.131,4.253,1.61,0.8423,0.0,1092.52,0.0,1064.33,1092.52,14.095,2.61,"[1092.52, 1064.33]","[6, 7]",13
assembly_1,2,0.8,subgraph_mip,edge_weight,200,343,1105,95,8.6,0.319,0.7,0.256,0.956,7.15,0.8423,0.0,1092.52,0.0,1064.33,1092.52,14.095,2.61,"[1092.52, 1064.33]","[6, 7]",13
assembly_1,2,0.8,subgraph_mip,time_balanced_weight,200,343,1105,118,10.68,0.319,0.453,0.299,0.752,9.1,0.9135,8.46,1088.33,-0.38,1068.52,1088.33,9.905,1.84,"[1088.33, 1068.52]","[6, 7]",13
assembly_1,2,0.8,subgraph_mip,combined,200,343,1105,211,19.1,0.319,1.089,0.961,2.051,3.34,0.8423,0.0,1092.52,0.0,1064.33,1092.52,14.095,2.61,"[1092.52, 1064.33]","[6, 7]",13
assembly_1,2,0.8,subgraph_mip,blended,200,343,1105,85,7.69,0.319,0.949,0.189,1.139,6.01,0.8525,1.21,1088.33,-0.38,1068.52,1088.33,9.905,1.84,"[1088.33, 1068.52]","[6, 7]",13
assembly_1,2,0.8,subgraph_mip,blended_union,200,343,1105,212,19.19,0.319,2.119,0.562,2.681,2.55,0.8423,0.0,1092.52,0.0,1064.33,1092.52,14.095,2.61,"[1092.52, 1064.33]","[6, 7]",13
assembly_1,2,0.8,subgraph_mip,diverse,200,343,1105,908,82.17,0.319,0.176,4.87,5.046,1.36,0.8423,0.0,1092.52,0.0,1064.33,1092.52,14.095,2.61,"[1092.52, 1064.33]","[6, 7]",13
assembly_1,2,0.8,subgraph_mip,edge_weight,500,343,1105,108,9.77,0.319,1.656,0.17,1.826,3.75,0.8423,-0.0,1092.52,0.0,1064.33,1092.52,14.095,2.61,"[1092.52, 1064.33]","[6, 7]",13
assembly_1,2,0.8,subgraph_mip,time_balanced_weight,500,343,1105,170,15.38,0.319,0.967,0.794,1.761,3.88,0.9023,7.12,1104.13,1.06,1052.72,1104.13,25.705,4.77,"[1104.13, 1052.72]","[6, 7]",13
assembly_1,2,0.8,subgraph_mip,combined,500,343,1105,274,24.8,0.319,2.748,0.448,3.196,2.14,0.8423,0.0,1092.52,0.0,1064.33,1092.52,14.095,2.61,"[1092.52, 1064.33]","[6, 7]",13
assembly_1,2,0.8,subgraph_mip,blended,500,343,1105,158,14.3,0.319,2.179,0.27,2.449,2.79,0.8525,1.21,1088.33,-0.38,1068.52,1088.33,9.905,1.84,"[1088.33, 1068.52]","[6, 7]",13
assembly_1,2,0.8,subgraph_mip,blended_union,500,343,1105,278,25.16,0.319,4.214,0.702,4.917,1.39,0.8423,-0.0,1092.52,0.0,1064.33,1092.52,14.095,2.61,"[1092.52, 1064.33]","[6, 7]",13
assembly_1,2,0.8,subgraph_mip,diverse,500,343,1105,1049,94.93,0.319,0.408,4.897,5.305,1.29,0.8423,-0.0,1092.52,0.0,1064.33,1092.52,14.095,2.61,"[1092.52, 1064.33]","[6, 7]",13
assembly_1,2,0.8,subgraph_mip,edge_weight,1000,343,1105,142,12.85,0.319,2.353,0.172,2.525,2.71,0.8423,0.0,1092.52,0.0,1064.33,1092.52,14.095,2.61,"[1092.52, 1064.33]","[6, 7]",13
assembly_1,2,0.8,subgraph_mip,time_balanced_weight,1000,343,1105,223,20.18,0.319,1.537,0.756,2.293,2.98,0.9,6.85,1104.13,1.06,1052.72,1104.13,25.705,4.77,"[1104.13, 1052.72]","[6, 7]",13
assembly_1,2,0.8,subgraph_mip,combined,1000,343,1105,359,32.49,0.319,3.664,0.839,4.503,1.52,0.8423,0.0,1092.52,0.0,1064.33,1092.52,14.095,2.61,"[1092.52, 1064.33]","[6, 7]",13
assembly_1,2,0.8,subgraph_mip,blended,1000,343,1105,220,19.91,0.319,2.739,0.967,3.707,1.84,0.8423,-0.0,1092.52,0.0,1064.33,1092.52,14.095,2.61,"[1092.52, 1064.33]","[6, 7]",13
assembly_1,2,0.8,subgraph_mip,blended_union,1000,343,1105,305,27.6,0.319,5.877,0.64,6.517,1.05,0.8423,-0.0,1092.52,0.0,1064.33,1092.52,14.095,2.61,"[1092.52, 1064.33]","[6, 7]",13
assembly_1,2,0.8,subgraph_mip,diverse,1000,343,1105,1102,99.73,0.319,0.574,5.157,5.732,1.19,0.8423,0.0,1092.52,0.0,1064.33,1092.52,14.095,2.61,"[1092.52, 1064.33]","[6, 7]",13
assembly_1,2,0.8,subgraph_mip,edge_weight,2000,343,1105,185,16.74,0.319,4.7,0.267,4.967,1.38,0.8423,0.0,1092.52,0.0,1064.33,1092.52,14.095,2.61,"[1092.52, 1064.33]","[6, 7]",13
assembly_1,2,0.8,subgraph_mip,time_balanced_weight,2000,343,1105,291,26.33,0.319,3.659,1.608,5.267,1.3,0.8972,6.52,1104.13,1.06,1052.72,1104.13,25.705,4.77,"[1104.13, 1052.72]","[6, 7]",13
assembly_1,2,0.8,subgraph_mip,combined,2000,343,1105,464,41.99,0.319,8.005,1.354,9.358,0.73,0.8423,0.0,1092.52,0.0,1064.33,1092.52,14.095,2.61,"[1092.52, 1064.33]","[6, 7]",13
assembly_1,2,0.8,subgraph_mip,blended,2000,343,1105,237,21.45,0.319,5.088,1.168,6.256,1.09,0.8423,0.0,1092.52,0.0,1064.33,1092.52,14.095,2.61,"[1092.52, 1064.33]","[6, 7]",13
assembly_1,2,0.8,subgraph_mip,blended_union,2000,343,1105,356,32.22,0.319,13.793,0.869,14.663,0.47,0.8423,0.0,1092.52,0.0,1064.33,1092.52,14.095,2.61,"[1092.52, 1064.33]","[6, 7]",13
assembly_1,2,0.8,subgraph_mip,diverse,2000,343,1105,1105,100.0,0.319,1.18,4.012,5.192,1.32,0.8423,0.0,1092.52,0.0,1064.33,1092.52,14.095,2.61,"[1092.52, 1064.33]","[6, 7]",13
assembly_1,2,0.8,subgraph_mip,edge_weight,5000,343,1105,232,21.0,0.319,18.104,0.389,18.493,0.37,0.8423,0.0,1092.52,0.0,1064.33,1092.52,14.095,2.61,"[1092.52, 1064.33]","[6, 7]",13
assembly_1,2,0.8,subgraph_mip,time_balanced_weight,5000,343,1105,382,34.57,0.319,14.097,1.785,15.883,0.43,0.896,6.38,1104.13,1.06,1052.72,1104.13,25.705,4.77,"[1104.13, 1052.72]","[6, 7]",13
assembly_1,2,0.8,subgraph_mip,combined,5000,343,1105,593,53.67,0.319,31.584,1.897,33.481,0.2,0.8423,0.0,1092.52,0.0,1064.33,1092.52,14.095,2.61,"[1092.52, 1064.33]","[6, 7]",13
assembly_1,2,0.8,subgraph_mip,blended,5000,343,1105,270,24.43,0.319,19.519,1.013,20.531,0.33,0.8423,0.0,1092.52,0.0,1064.33,1092.52,14.095,2.61,"[1092.52, 1064.33]","[6, 7]",13
assembly_1,2,0.8,subgraph_mip,blended_union,5000,343,1105,482,43.62,0.319,56.044,1.477,57.521,0.12,0.8423,-0.0,1092.52,0.0,1064.33,1092.52,14.095,2.61,"[1092.52, 1064.33]","[6, 7]",13
assembly_1,2,0.8,subgraph_mip,diverse,5000,343,1105,1105,100.0,0.319,3.093,3.965,7.058,0.97,0.8423,0.0,1092.52,0.0,1064.33,1092.52,14.095,2.61,"[1092.52, 1064.33]","[6, 7]",13
assembly_1,2,0.85,full_mip,—,,343,1105,1105,100.0,0.461,0.0,15.948,15.948,1.0,0.8426,0.0,1092.52,0.0,1064.33,1092.52,14.095,2.61,"[1092.52, 1064.33]","[6, 7]",13
assembly_1,2,0.85,subgraph_mip,edge_weight,1,343,1105,13,1.18,0.461,0.001,0.016,0.017,925.72,0.8484,0.69,1102.04,0.87,1054.81,1102.04,23.615,4.38,"[1102.04, 1054.81]","[6, 7]",13
assembly_1,2,0.85,subgraph_mip,time_balanced_weight,1,343,1105,13,1.18,0.461,0.001,0.019,0.02,798.87,0.9373,11.23,1160.13,6.19,996.72,1160.13,81.705,15.15,"[1160.13, 996.72]","[6, 7]",13
assembly_1,2,0.85,subgraph_mip,combined,1,343,1105,26,2.35,0.461,0.014,0.032,0.046,347.9,0.8484,0.69,1102.04,0.87,1054.81,1102.04,23.615,4.38,"[1102.04, 1054.81]","[6, 7]",13
assembly_1,2,0.85,subgraph_mip,blended,1,343,1105,13,1.18,0.461,0.001,0.01,0.011,1389.76,0.8495,0.81,1088.33,-0.38,1068.52,1088.33,9.905,1.84,"[1088.33, 1068.52]","[6, 7]",13
assembly_1,2,0.85,subgraph_mip,blended_union,1,343,1105,31,2.81,0.461,0.029,0.047,0.076,210.09,0.8426,-0.0,1092.52,0.0,1064.33,1092.52,14.095,2.61,"[1092.52, 1064.33]","[6, 7]",13
assembly_1,2,0.85,subgraph_mip,diverse,1,343,1105,13,1.18,0.461,0.01,0.011,0.021,744.81,0.8495,0.81,1088.33,-0.38,1068.52,1088.33,9.905,1.84,"[1088.33, 1068.52]","[6, 7]",13
assembly_1,2,0.85,subgraph_mip,edge_weight,2,343,1105,15,1.36,0.461,0.005,0.034,0.039,413.8,0.8484,0.69,1102.04,0.87,1054.81,1102.04,23.615,4.38,"[1102.04, 1054.81]","[6, 7]",13
assembly_1,2,0.85,subgraph_mip,time_balanced_weight,2,343,1105,20,1.81,0.461,0.003,0.03,0.033,483.89,0.9051,7.41,1088.33,-0.38,1068.52,1088.33,9.905,1.84,"[1088.33, 1068.52]","[6, 7]",13
assembly_1,2,0.85,subgraph_mip,combined,2,343,1105,35,3.17,0.461,0.015,0.057,0.072,222.78,0.8484,0.69,1102.04,0.87,1054.81,1102.04,23.615,4.38,"[1102.04, 1054.81]","[6, 7]",13
assembly_1,2,0.85,subgraph_mip,blended,2,343,1105,15,1.36,0.461,0.004,0.016,0.02,814.02,0.8495,0.81,1088.33,-0.38,1068.52,1088.33,9.905,1.84,"[1088.33, 1068.52]","[6, 7]",13
assembly_1,2,0.85,subgraph_mip,blended_union,2,343,1105,36,3.26,0.461,0.026,0.085,0.111,143.27,0.8426,-0.0,1092.52,0.0,1064.33,1092.52,14.095,2.61,"[1092.52, 1064.33]","[6, 7]",13
assembly_1,2,0.85,subgraph_mip,diverse,2,343,1105,26,2.35,0.461,0.007,0.014,0.021,765.82,0.8495,0.81,1088.33,-0.38,1068.52,1088.33,9.905,1.84,"[1088.33, 1068.52]","[6, 7]",13
assembly_1,2,0.85,subgraph_mip,edge_weight,5,343,1105,21,1.9,0.461,0.018,0.036,0.054,297.29,0.8484,0.69,1102.04,0.87,1054.81,1102.04,23.615,4.38,"[1102.04, 1054.81]","[6, 7]",13
assembly_1,2,0.85,subgraph_mip,time_balanced_weight,5,343,1105,29,2.62,0.461,0.014,0.109,0.123,129.75,0.9051,7.41,1088.33,-0.38,1068.52,1088.33,9.905,1.84,"[1088.33, 1068.52]","[6, 7]",13
assembly_1,2,0.85,subgraph_mip,combined,5,343,1105,50,4.52,0.461,0.032,0.135,0.167,95.6,0.8484,0.69,1102.04,0.87,1054.81,1102.04,23.615,4.38,"[1102.04, 1054.81]","[6, 7]",13
assembly_1,2,0.85,subgraph_mip,blended,5,343,1105,20,1.81,0.461,0.017,0.055,0.072,220.31,0.8495,0.81,1088.33,-0.38,1068.52,1088.33,9.905,1.84,"[1088.33, 1068.52]","[6, 7]",13
assembly_1,2,0.85,subgraph_mip,blended_union,5,343,1105,49,4.43,0.461,0.065,0.093,0.159,100.52,0.8426,-0.0,1092.52,0.0,1064.33,1092.52,14.095,2.61,"[1092.52, 1064.33]","[6, 7]",13
assembly_1,2,0.85,subgraph_mip,diverse,5,343,1105,65,5.88,0.461,0.014,0.121,0.135,117.91,0.8444,0.21,1092.52,0.0,1064.33,1092.52,14.095,2.61,"[1092.52, 1064.33]","[6, 7]",13
assembly_1,2,0.85,subgraph_mip,edge_weight,10,343,1105,24,2.17,0.461,0.062,0.065,0.127,126.02,0.8484,0.69,1102.04,0.87,1054.81,1102.04,23.615,4.38,"[1102.04, 1054.81]","[6, 7]",13
assembly_1,2,0.85,subgraph_mip,time_balanced_weight,10,343,1105,39,3.53,0.461,0.024,0.112,0.135,117.99,0.9045,7.34,1088.33,-0.38,1068.52,1088.33,9.905,1.84,"[1088.33, 1068.52]","[6, 7]",13
assembly_1,2,0.85,subgraph_mip,combined,10,343,1105,63,5.7,0.461,0.1,0.064,0.164,97.21,0.8484,0.69,1102.04,0.87,1054.81,1102.04,23.615,4.38,"[1102.04, 1054.81]","[6, 7]",13
assembly_1,2,0.85,subgraph_mip,blended,10,343,1105,25,2.26,0.461,0.041,0.043,0.085,188.07,0.8495,0.81,1088.33,-0.38,1068.52,1088.33,9.905,1.84,"[1088.33, 1068.52]","[6, 7]",13
assembly_1,2,0.85,subgraph_mip,blended_union,10,343,1105,64,5.79,0.461,0.113,0.208,0.321,49.66,0.8426,-0.0,1092.52,0.0,1064.33,1092.52,14.095,2.61,"[1092.52, 1064.33]","[6, 7]",13
assembly_1,2,0.85,subgraph_mip,diverse,10,343,1105,126,11.4,0.461,0.022,0.356,0.378,42.2,0.8444,0.21,1092.52,0.0,1064.33,1092.52,14.095,2.61,"[1092.52, 1064.33]","[6, 7]",13
assembly_1,2,0.85,subgraph_mip,edge_weight,20,343,1105,35,3.17,0.461,0.081,0.187,0.268,59.47,0.8474,0.56,1100.04,0.69,1056.81,1100.04,21.615,4.01,"[1100.04, 1056.81]","[6, 7]",13
assembly_1,2,0.85,subgraph_mip,time_balanced_weight,20,343,1105,49,4.43,0.461,0.052,0.089,0.141,113.3,0.9043,7.31,1088.33,-0.38,1068.52,1088.33,9.905,1.84,"[1088.33, 1068.52]","[6, 7]",13
assembly_1,2,0.85,subgraph_mip,combined,20,343,1105,84,7.6,0.461,0.139,0.307,0.446,35.74,0.8474,0.56,1100.04,0.69,1056.81,1100.04,21.615,4.01,"[1100.04, 1056.81]","[6, 7]",13
assembly_1,2,0.85,subgraph_mip,blended,20,343,1105,28,2.53,0.461,0.077,0.058,0.135,117.83,0.8495,0.81,1088.33,-0.38,1068.52,1088.33,9.905,1.84,"[1088.33, 1068.52]","[6, 7]",13
assembly_1,2,0.85,subgraph_mip,blended_union,20,343,1105,87,7.87,0.461,0.304,0.364,0.668,23.88,0.8426,-0.0,1092.52,0.0,1064.33,1092.52,14.095,2.61,"[1092.52, 1064.33]","[6, 7]",13
assembly_1,2,0.85,subgraph_mip,diverse,20,343,1105,239,21.63,0.461,0.029,0.521,0.55,29.0,0.8426,0.0,1092.52,0.0,1064.33,1092.52,14.095,2.61,"[1092.52, 1064.33]","[6, 7]",13
assembly_1,2,0.85,subgraph_mip,edge_weight,50,343,1105,54,4.89,0.461,0.175,0.091,0.267,59.84,0.8426,-0.0,1092.52,0.0,1064.33,1092.52,14.095,2.61,"[1092.52, 1064.33]","[6, 7]",13
assembly_1,2,0.85,subgraph_mip,time_balanced_weight,50,343,1105,74,6.7,0.461,0.092,0.144,0.236,67.44,0.8954,6.27,1088.33,-0.38,1068.52,1088.33,9.905,1.84,"[1088.33, 1068.52]","[6, 7]",13
assembly_1,2,0.85,subgraph_mip,combined,50,343,1105,127,11.49,0.461,0.306,0.511,0.817,19.51,0.8426,-0.0,1092.52,0.0,1064.33,1092.52,14.095,2.61,"[1092.52, 1064.33]","[6, 7]",13
assembly_1,2,0.85,subgraph_mip,blended,50,343,1105,52,4.71,0.461,0.24,0.163,0.402,39.65,0.8495,0.81,1088.33,-0.38,1068.52,1088.33,9.905,1.84,"[1088.33, 1068.52]","[6, 7]",13
assembly_1,2,0.85,subgraph_mip,blended_union,50,343,1105,117,10.59,0.461,0.587,0.374,0.961,16.59,0.8426,-0.0,1092.52,0.0,1064.33,1092.52,14.095,2.61,"[1092.52, 1064.33]","[6, 7]",13
assembly_1,2,0.85,subgraph_mip,diverse,50,343,1105,506,45.79,0.461,0.034,2.371,2.405,6.63,0.8426,-0.0,1092.52,0.0,1064.33,1092.52,14.095,2.61,"[1092.52, 1064.33]","[6, 7]",13
assembly_1,2,0.85,subgraph_mip,edge_weight,100,343,1105,78,7.06,0.461,0.4,0.255,0.655,24.36,0.8426,-0.0,1092.52,0.0,1064.33,1092.52,14.095,2.61,"[1092.52, 1064.33]","[6, 7]",13
assembly_1,2,0.85,subgraph_mip,time_balanced_weight,100,343,1105,85,7.69,0.461,0.19,0.161,0.351,45.44,0.8954,6.27,1088.33,-0.38,1068.52,1088.33,9.905,1.84,"[1088.33, 1068.52]","[6, 7]",13
assembly_1,2,0.85,subgraph_mip,combined,100,343,1105,162,14.66,0.461,0.565,1.216,1.781,8.96,0.8426,-0.0,1092.52,0.0,1064.33,1092.52,14.095,2.61,"[1092.52, 1064.33]","[6, 7]",13
assembly_1,2,0.85,subgraph_mip,blended,100,343,1105,72,6.52,0.461,0.292,0.203,0.495,32.24,0.8495,0.81,1088.33,-0.38,1068.52,1088.33,9.905,1.84,"[1088.33, 1068.52]","[6, 7]",13
assembly_1,2,0.85,subgraph_mip,blended_union,100,343,1105,167,15.11,0.461,0.799,0.474,1.273,12.53,0.8426,-0.0,1092.52,0.0,1064.33,1092.52,14.095,2.61,"[1092.52, 1064.33]","[6, 7]",13
assembly_1,2,0.85,subgraph_mip,diverse,100,343,1105,743,67.24,0.461,0.085,2.916,3.001,5.31,0.8426,-0.0,1092.52,0.0,1064.33,1092.52,14.095,2.61,"[1092.52, 1064.33]","[6, 7]",13
assembly_1,2,0.85,subgraph_mip,edge_weight,200,343,1105,95,8.6,0.461,0.643,0.174,0.817,19.52,0.8426,-0.0,1092.52,0.0,1064.33,1092.52,14.095,2.61,"[1092.52, 1064.33]","[6, 7]",13
assembly_1,2,0.85,subgraph_mip,time_balanced_weight,200,343,1105,118,10.68,0.461,0.344,0.295,0.639,24.96,0.8953,6.25,1088.33,-0.38,1068.52,1088.33,9.905,1.84,"[1088.33, 1068.52]","[6, 7]",13
assembly_1,2,0.85,subgraph_mip,combined,200,343,1105,211,19.1,0.461,1.122,1.15,2.272,7.02,0.8426,-0.0,1092.52,0.0,1064.33,1092.52,14.095,2.61,"[1092.52, 1064.33]","[6, 7]",13
assembly_1,2,0.85,subgraph_mip,blended,200,343,1105,85,7.69,0.461,0.797,0.256,1.054,15.13,0.8495,0.81,1088.33,-0.38,1068.52,1088.33,9.905,1.84,"[1088.33, 1068.52]","[6, 7]",13
assembly_1,2,0.85,subgraph_mip,blended_union,200,343,1105,212,19.19,0.461,1.91,0.659,2.569,6.21,0.8426,0.0,1092.52,0.0,1064.33,1092.52,14.095,2.61,"[1092.52, 1064.33]","[6, 7]",13
assembly_1,2,0.85,subgraph_mip,diverse,200,343,1105,902,81.63,0.461,0.186,6.825,7.011,2.27,0.8426,-0.0,1092.52,0.0,1064.33,1092.52,14.095,2.61,"[1092.52, 1064.33]","[6, 7]",13
assembly_1,2,0.85,subgraph_mip,edge_weight,500,343,1105,108,9.77,0.461,1.134,0.157,1.291,12.35,0.8426,-0.0,1092.52,0.0,1064.33,1092.52,14.095,2.61,"[1092.52, 1064.33]","[6, 7]",13
assembly_1,2,0.85,subgraph_mip,time_balanced_weight,500,343,1105,170,15.38,0.461,0.799,0.375,1.175,13.58,0.8899,5.61,1104.13,1.06,1052.72,1104.13,25.705,4.77,"[1104.13, 1052.72]","[6, 7]",13
assembly_1,2,0.85,subgraph_mip,combined,500,343,1105,274,24.8,0.461,1.756,0.661,2.417,6.6,0.8426,-0.0,1092.52,0.0,1064.33,1092.52,14.095,2.61,"[1092.52, 1064.33]","[6, 7]",13
assembly_1,2,0.85,subgraph_mip,blended,500,343,1105,158,14.3,0.461,1.468,0.208,1.675,9.52,0.8495,0.81,1088.33,-0.38,1068.52,1088.33,9.905,1.84,"[1088.33, 1068.52]","[6, 7]",13
assembly_1,2,0.85,subgraph_mip,blended_union,500,343,1105,278,25.16,0.461,3.325,0.517,3.842,4.15,0.8426,-0.0,1092.52,0.0,1064.33,1092.52,14.095,2.61,"[1092.52, 1064.33]","[6, 7]",13
assembly_1,2,0.85,subgraph_mip,diverse,500,343,1105,1046,94.66,0.461,0.309,8.27,8.579,1.86,0.8426,-0.0,1092.52,0.0,1064.33,1092.52,14.095,2.61,"[1092.52, 1064.33]","[6, 7]",13
assembly_1,2,0.85,subgraph_mip,edge_weight,1000,343,1105,142,12.85,0.461,1.973,0.189,2.162,7.38,0.8426,-0.0,1092.52,0.0,1064.33,1092.52,14.095,2.61,"[1092.52, 1064.33]","[6, 7]",13
assembly_1,2,0.85,subgraph_mip,time_balanced_weight,1000,343,1105,223,20.18,0.461,1.403,0.664,2.067,7.71,0.8882,5.4,1104.13,1.06,1052.72,1104.13,25.705,4.77,"[1104.13, 1052.72]","[6, 7]",13
assembly_1,2,0.85,subgraph_mip,combined,1000,343,1105,359,32.49,0.461,3.397,1.165,4.562,3.5,0.8426,0.0,1092.52,0.0,1064.33,1092.52,14.095,2.61,"[1092.52, 1064.33]","[6, 7]",13
assembly_1,2,0.85,subgraph_mip,blended,1000,343,1105,220,19.91,0.461,2.418,0.29,2.708,5.89,0.8426,-0.0,1092.52,0.0,1064.33,1092.52,14.095,2.61,"[1092.52, 1064.33]","[6, 7]",13
assembly_1,2,0.85,subgraph_mip,blended_union,1000,343,1105,305,27.6,0.461,6.049,1.04,7.089,2.25,0.8426,-0.0,1092.52,0.0,1064.33,1092.52,14.095,2.61,"[1092.52, 1064.33]","[6, 7]",13
assembly_1,2,0.85,subgraph_mip,diverse,1000,343,1105,1098,99.37,0.461,0.6,7.23,7.829,2.04,0.8426,-0.0,1092.52,0.0,1064.33,1092.52,14.095,2.61,"[1092.52, 1064.33]","[6, 7]",13
assembly_1,2,0.85,subgraph_mip,edge_weight,2000,343,1105,185,16.74,0.461,4.53,0.28,4.81,3.32,0.8426,-0.0,1092.52,0.0,1064.33,1092.52,14.095,2.61,"[1092.52, 1064.33]","[6, 7]",13
assembly_1,2,0.85,subgraph_mip,time_balanced_weight,2000,343,1105,291,26.33,0.461,3.548,0.89,4.438,3.59,0.8861,5.15,1104.13,1.06,1052.72,1104.13,25.705,4.77,"[1104.13, 1052.72]","[6, 7]",13
assembly_1,2,0.85,subgraph_mip,combined,2000,343,1105,464,41.99,0.461,8.083,1.713,9.796,1.63,0.8426,-0.0,1092.52,0.0,1064.33,1092.52,14.095,2.61,"[1092.52, 1064.33]","[6, 7]",13
assembly_1,2,0.85,subgraph_mip,blended,2000,343,1105,237,21.45,0.461,4.959,0.282,5.241,3.04,0.8426,-0.0,1092.52,0.0,1064.33,1092.52,14.095,2.61,"[1092.52, 1064.33]","[6, 7]",13
assembly_1,2,0.85,subgraph_mip,blended_union,2000,343,1105,356,32.22,0.461,14.207,0.909,15.117,1.06,0.8426,-0.0,1092.52,0.0,1064.33,1092.52,14.095,2.61,"[1092.52, 1064.33]","[6, 7]",13
assembly_1,2,0.85,subgraph_mip,diverse,2000,343,1105,1105,100.0,0.461,1.223,8.517,9.74,1.64,0.8426,0.0,1092.52,0.0,1064.33,1092.52,14.095,2.61,"[1092.52, 1064.33]","[6, 7]",13
assembly_1,2,0.85,subgraph_mip,edge_weight,5000,343,1105,232,21.0,0.461,17.632,0.398,18.03,0.88,0.8426,-0.0,1092.52,0.0,1064.33,1092.52,14.095,2.61,"[1092.52, 1064.33]","[6, 7]",13
assembly_1,2,0.85,subgraph_mip,time_balanced_weight,5000,343,1105,382,34.57,0.461,13.973,1.582,15.555,1.03,0.8852,5.05,1104.13,1.06,1052.72,1104.13,25.705,4.77,"[1104.13, 1052.72]","[6, 7]",13
assembly_1,2,0.85,subgraph_mip,combined,5000,343,1105,593,53.67,0.461,31.826,2.334,34.161,0.47,0.8426,-0.0,1092.52,0.0,1064.33,1092.52,14.095,2.61,"[1092.52, 1064.33]","[6, 7]",13
assembly_1,2,0.85,subgraph_mip,blended,5000,343,1105,270,24.43,0.461,19.435,0.653,20.088,0.79,0.8426,-0.0,1092.52,0.0,1064.33,1092.52,14.095,2.61,"[1092.52, 1064.33]","[6, 7]",13
assembly_1,2,0.85,subgraph_mip,blended_union,5000,343,1105,482,43.62,0.461,55.102,1.177,56.279,0.28,0.8426,-0.0,1092.52,0.0,1064.33,1092.52,14.095,2.61,"[1092.52, 1064.33]","[6, 7]",13
assembly_1,2,0.85,subgraph_mip,diverse,5000,343,1105,1105,100.0,0.461,2.746,6.747,9.493,1.68,0.8426,0.0,1092.52,0.0,1064.33,1092.52,14.095,2.61,"[1092.52, 1064.33]","[6, 7]",13
assembly_1,2,0.9,full_mip,—,,343,1105,1105,100.0,0.368,0.0,7.248,7.248,1.0,0.843,0.0,1092.52,0.0,1064.33,1092.52,14.095,2.61,"[1092.52, 1064.33]","[6, 7]",13
assembly_1,2,0.9,subgraph_mip,edge_weight,1,343,1105,13,1.18,0.368,0.001,0.007,0.009,827.31,0.8493,0.75,1102.04,0.87,1054.81,1102.04,23.615,4.38,"[1102.04, 1054.81]","[6, 7]",13
assembly_1,2,0.9,subgraph_mip,time_balanced_weight,1,343,1105,13,1.18,0.368,0.004,0.008,0.012,613.54,0.9235,9.55,1160.13,6.19,996.72,1160.13,81.705,15.15,"[1160.13, 996.72]","[6, 7]",13
assembly_1,2,0.9,subgraph_mip,combined,1,343,1105,26,2.35,0.368,0.002,0.012,0.013,547.07,0.8493,0.75,1102.04,0.87,1054.81,1102.04,23.615,4.38,"[1102.04, 1054.81]","[6, 7]",13
assembly_1,2,0.9,subgraph_mip,blended,1,343,1105,13,1.18,0.368,0.001,0.012,0.013,571.62,0.8465,0.41,1088.33,-0.38,1068.52,1088.33,9.905,1.84,"[1088.33, 1068.52]","[6, 7]",13
assembly_1,2,0.9,subgraph_mip,blended_union,1,343,1105,31,2.81,0.368,0.015,0.16,0.175,41.47,0.843,0.0,1092.52,0.0,1064.33,1092.52,14.095,2.61,"[1092.52, 1064.33]","[6, 7]",13
assembly_1,2,0.9,subgraph_mip,diverse,1,343,1105,13,1.18,0.368,0.004,0.014,0.018,410.68,0.8465,0.41,1088.33,-0.38,1068.52,1088.33,9.905,1.84,"[1088.33, 1068.52]","[6, 7]",13
assembly_1,2,0.9,subgraph_mip,edge_weight,2,343,1105,15,1.36,0.368,0.008,0.061,0.069,105.67,0.8493,0.75,1102.04,0.87,1054.81,1102.04,23.615,4.38,"[1102.04, 1054.81]","[6, 7]",13
assembly_1,2,0.9,subgraph_mip,time_balanced_weight,2,343,1105,20,1.81,0.368,0.006,0.048,0.054,134.47,0.8836,4.81,1088.33,-0.38,1068.52,1088.33,9.905,1.84,"[1088.33, 1068.52]","[6, 7]",13
assembly_1,2,0.9,subgraph_mip,combined,2,343,1105,35,3.17,0.368,0.012,0.053,0.066,110.51,0.8493,0.75,1102.04,0.87,1054.81,1102.04,23.615,4.38,"[1102.04, 1054.81]","[6, 7]",13
assembly_1,2,0.9,subgraph_mip,blended,2,343,1105,15,1.36,0.368,0.009,0.029,0.038,190.02,0.8465,0.41,1088.33,-0.38,1068.52,1088.33,9.905,1.84,"[1088.33, 1068.52]","[6, 7]",13
assembly_1,2,0.9,subgraph_mip,blended_union,2,343,1105,36,3.26,0.368,0.044,0.223,0.267,27.13,0.843,0.0,1092.52,0.0,1064.33,1092.52,14.095,2.61,"[1092.52, 1064.33]","[6, 7]",13
assembly_1,2,0.9,subgraph_mip,diverse,2,343,1105,26,2.35,0.368,0.009,0.02,0.028,255.72,0.8465,0.41,1088.33,-0.38,1068.52,1088.33,9.905,1.84,"[1088.33, 1068.52]","[6, 7]",13
assembly_1,2,0.9,subgraph_mip,edge_weight,5,343,1105,21,1.9,0.368,0.014,0.062,0.076,95.32,0.8493,0.75,1102.04,0.87,1054.81,1102.04,23.615,4.38,"[1102.04, 1054.81]","[6, 7]",13
assembly_1,2,0.9,subgraph_mip,time_balanced_weight,5,343,1105,29,2.62,0.368,0.007,0.09,0.098,74.1,0.8836,4.81,1088.33,-0.38,1068.52,1088.33,9.905,1.84,"[1088.33, 1068.52]","[6, 7]",13
assembly_1,2,0.9,subgraph_mip,combined,5,343,1105,50,4.52,0.368,0.025,0.315,0.34,21.31,0.8493,0.75,1102.04,0.87,1054.81,1102.04,23.615,4.38,"[1102.04, 1054.81]","[6, 7]",13
assembly_1,2,0.9,subgraph_mip,blended,5,343,1105,20,1.81,0.368,0.024,0.064,0.088,82.5,0.8465,0.41,1088.33,-0.38,1068.52,1088.33,9.905,1.84,"[1088.33, 1068.52]","[6, 7]",13
assembly_1,2,0.9,subgraph_mip,blended_union,5,343,1105,49,4.43,0.368,0.057,0.074,0.131,55.22,0.843,-0.0,1092.52,0.0,1064.33,1092.52,14.095,2.61,"[1092.52, 1064.33]","[6, 7]",13
assembly_1,2,0.9,subgraph_mip,diverse,5,343,1105,65,5.88,0.368,0.007,0.194,0.2,36.15,0.8465,0.41,1088.33,-0.38,1068.52,1088.33,9.905,1.84,"[1088.33, 1068.52]","[6, 7]",13
assembly_1,2,0.9,subgraph_mip,edge_weight,10,343,1105,24,2.17,0.368,0.056,0.088,0.144,50.48,0.8493,0.75,1102.04,0.87,1054.81,1102.04,23.615,4.38,"[1102.04, 1054.81]","[6, 7]",13
assembly_1,2,0.9,subgraph_mip,time_balanced_weight,10,343,1105,39,3.53,0.368,0.027,0.241,0.268,27.02,0.8832,4.76,1088.33,-0.38,1068.52,1088.33,9.905,1.84,"[1088.33, 1068.52]","[6, 7]",13
assembly_1,2,0.9,subgraph_mip,combined,10,343,1105,63,5.7,0.368,0.07,0.154,0.223,32.47,0.8493,0.75,1102.04,0.87,1054.81,1102.04,23.615,4.38,"[1102.04, 1054.81]","[6, 7]",13
assembly_1,2,0.9,subgraph_mip,blended,10,343,1105,25,2.26,0.368,0.062,0.083,0.146,49.78,0.8465,0.41,1088.33,-0.38,1068.52,1088.33,9.905,1.84,"[1088.33, 1068.52]","[6, 7]",13
assembly_1,2,0.9,subgraph_mip,blended_union,10,343,1105,64,5.79,0.368,0.15,0.243,0.393,18.43,0.843,-0.0,1092.52,0.0,1064.33,1092.52,14.095,2.61,"[1092.52, 1064.33]","[6, 7]",13
assembly_1,2,0.9,subgraph_mip,diverse,10,343,1105,126,11.4,0.368,0.01,0.189,0.199,36.42,0.8465,0.41,1088.33,-0.38,1068.52,1088.33,9.905,1.84,"[1088.33, 1068.52]","[6, 7]",13
assembly_1,2,0.9,subgraph_mip,edge_weight,20,343,1105,35,3.17,0.368,0.071,0.101,0.171,42.36,0.8481,0.6,1100.04,0.69,1056.81,1100.04,21.615,4.01,"[1100.04, 1056.81]","[6, 7]",13
assembly_1,2,0.9,subgraph_mip,time_balanced_weight,20,343,1105,49,4.43,0.368,0.055,0.503,0.558,12.98,0.883,4.74,1088.33,-0.38,1068.52,1088.33,9.905,1.84,"[1088.33, 1068.52]","[6, 7]",13
assembly_1,2,0.9,subgraph_mip,combined,20,343,1105,84,7.6,0.368,0.165,0.24,0.405,17.88,0.8481,0.6,1100.04,0.69,1056.81,1100.04,21.615,4.01,"[1100.04, 1056.81]","[6, 7]",13
assembly_1,2,0.9,subgraph_mip,blended,20,343,1105,28,2.53,0.368,0.087,0.063,0.15,48.41,0.8465,0.41,1088.33,-0.38,1068.52,1088.33,9.905,1.84,"[1088.33, 1068.52]","[6, 7]",13
assembly_1,2,0.9,subgraph_mip,blended_union,20,343,1105,87,7.87,0.368,0.259,0.295,0.555,13.06,0.843,0.0,1092.52,0.0,1064.33,1092.52,14.095,2.61,"[1092.52, 1064.33]","[6, 7]",13
assembly_1,2,0.9,subgraph_mip,diverse,20,343,1105,239,21.63,0.368,0.021,0.559,0.579,12.51,0.843,-0.0,1092.52,0.0,1064.33,1092.52,14.095,2.61,"[1092.52, 1064.33]","[6, 7]",13
assembly_1,2,0.9,subgraph_mip,edge_weight,50,343,1105,54,4.89,0.368,0.197,0.087,0.284,25.49,0.843,0.0,1092.52,0.0,1064.33,1092.52,14.095,2.61,"[1092.52, 1064.33]","[6, 7]",13
assembly_1,2,0.9,subgraph_mip,time_balanced_weight,50,343,1105,74,6.7,0.368,0.073,0.184,0.257,28.21,0.8772,4.05,1088.33,-0.38,1068.52,1088.33,9.905,1.84,"[1088.33, 1068.52]","[6, 7]",13
assembly_1,2,0.9,subgraph_mip,combined,50,343,1105,127,11.49,0.368,0.208,0.614,0.822,8.82,0.843,-0.0,1092.52,0.0,1064.33,1092.52,14.095,2.61,"[1092.52, 1064.33]","[6, 7]",13
assembly_1,2,0.9,subgraph_mip,blended,50,343,1105,52,4.71,0.368,0.172,0.137,0.309,23.47,0.8465,0.41,1088.33,-0.38,1068.52,1088.33,9.905,1.84,"[1088.33, 1068.52]","[6, 7]",13
assembly_1,2,0.9,subgraph_mip,blended_union,50,343,1105,117,10.59,0.368,0.573,0.539,1.111,6.52,0.843,0.0,1092.52,0.0,1064.33,1092.52,14.095,2.61,"[1092.52, 1064.33]","[6, 7]",13
assembly_1,2,0.9,subgraph_mip,diverse,50,343,1105,506,45.79,0.368,0.034,1.439,1.473,4.92,0.843,0.0,1092.52,0.0,1064.33,1092.52,14.095,2.61,"[1092.52, 1064.33]","[6, 7]",13
assembly_1,2,0.9,subgraph_mip,edge_weight,100,343,1105,78,7.06,0.368,0.369,0.184,0.554,13.09,0.843,0.0,1092.52,0.0,1064.33,1092.52,14.095,2.61,"[1092.52, 1064.33]","[6, 7]",13
assembly_1,2,0.9,subgraph_mip,time_balanced_weight,100,343,1105,85,7.69,0.368,0.199,0.208,0.407,17.79,0.8772,4.05,1088.33,-0.38,1068.52,1088.33,9.905,1.84,"[1088.33, 1068.52]","[6, 7]",13
assembly_1,2,0.9,subgraph_mip,combined,100,343,1105,162,14.66,0.368,0.58,0.766,1.346,5.38,0.843,0.0,1092.52,0.0,1064.33,1092.52,14.095,2.61,"[1092.52, 1064.33]","[6, 7]",13
assembly_1,2,0.9,subgraph_mip,blended,100,343,1105,72,6.52,0.368,0.411,0.181,0.592,12.25,0.8465,0.41,1088.33,-0.38,1068.52,1088.33,9.905,1.84,"[1088.33, 1068.52]","[6, 7]",13
assembly_1,2,0.9,subgraph_mip,blended_union,100,343,1105,167,15.11,0.368,1.099,0.651,1.75,4.14,0.843,0.0,1092.52,0.0,1064.33,1092.52,14.095,2.61,"[1092.52, 1064.33]","[6, 7]",13
assembly_1,2,0.9,subgraph_mip,diverse,100,343,1105,738,66.79,0.368,0.079,4.821,4.9,1.48,0.843,0.0,1092.52,0.0,1064.33,1092.52,14.095,2.61,"[1092.52, 1064.33]","[6, 7]",13
assembly_1,2,0.9,subgraph_mip,edge_weight,200,343,1105,95,8.6,0.368,0.611,0.199,0.81,8.95,0.843,0.0,1092.52,0.0,1064.33,1092.52,14.095,2.61,"[1092.52, 1064.33]","[6, 7]",13
assembly_1,2,0.9,subgraph_mip,time_balanced_weight,200,343,1105,118,10.68,0.368,0.504,0.239,0.744,9.75,0.8771,4.04,1088.33,-0.38,1068.52,1088.33,9.905,1.84,"[1088.33, 1068.52]","[6, 7]",13
assembly_1,2,0.9,subgraph_mip,combined,200,343,1105,211,19.1,0.368,1.095,1.834,2.929,2.47,0.843,0.0,1092.52,0.0,1064.33,1092.52,14.095,2.61,"[1092.52, 1064.33]","[6, 7]",13
assembly_1,2,0.9,subgraph_mip,blended,200,343,1105,85,7.69,0.368,0.841,0.255,1.096,6.61,0.8465,0.41,1088.33,-0.38,1068.52,1088.33,9.905,1.84,"[1088.33, 1068.52]","[6, 7]",13
assembly_1,2,0.9,subgraph_mip,blended_union,200,343,1105,212,19.19,0.368,2.049,0.745,2.794,2.59,0.843,0.0,1092.52,0.0,1064.33,1092.52,14.095,2.61,"[1092.52, 1064.33]","[6, 7]",13
assembly_1,2,0.9,subgraph_mip,diverse,200,343,1105,906,81.99,0.368,0.165,5.527,5.692,1.27,0.843,0.0,1092.52,0.0,1064.33,1092.52,14.095,2.61,"[1092.52, 1064.33]","[6, 7]",13
assembly_1,2,0.9,subgraph_mip,edge_weight,500,343,1105,108,9.77,0.368,1.192,0.195,1.386,5.23,0.843,0.0,1092.52,0.0,1064.33,1092.52,14.095,2.61,"[1092.52, 1064.33]","[6, 7]",13
assembly_1,2,0.9,subgraph_mip,time_balanced_weight,500,343,1105,170,15.38,0.368,0.867,0.267,1.134,6.39,0.8766,3.98,1088.33,-0.38,1068.52,1088.33,9.905,1.84,"[1088.33, 1068.52]","[6, 7]",13
assembly_1,2,0.9,subgraph_mip,combined,500,343,1105,274,24.8,0.368,1.877,0.604,2.48,2.92,0.843,0.0,1092.52,0.0,1064.33,1092.52,14.095,2.61,"[1092.52, 1064.33]","[6, 7]",13
assembly_1,2,0.9,subgraph_mip,blended,500,343,1105,158,14.3,0.368,1.353,0.199,1.552,4.67,0.8465,0.41,1088.33,-0.38,1068.52,1088.33,9.905,1.84,"[1088.33, 1068.52]","[6, 7]",13
assembly_1,2,0.9,subgraph_mip,blended_union,500,343,1105,278,25.16,0.368,3.421,0.758,4.179,1.73,0.843,0.0,1092.52,0.0,1064.33,1092.52,14.095,2.61,"[1092.52, 1064.33]","[6, 7]",13
assembly_1,2,0.9,subgraph_mip,diverse,500,343,1105,1046,94.66,0.368,0.309,3.904,4.213,1.72,0.843,-0.0,1092.52,0.0,1064.33,1092.52,14.095,2.61,"[1092.52, 1064.33]","[6, 7]",13
assembly_1,2,0.9,subgraph_mip,edge_weight,1000,343,1105,142,12.85,0.368,2.014,0.219,2.233,3.25,0.843,0.0,1092.52,0.0,1064.33,1092.52,14.095,2.61,"[1092.52, 1064.33]","[6, 7]",13
assembly_1,2,0.9,subgraph_mip,time_balanced_weight,1000,343,1105,223,20.18,0.368,1.411,0.47,1.881,3.85,0.8756,3.86,1100.04,0.69,1056.81,1100.04,21.615,4.01,"[1056.81, 1100.04]","[7, 6]",13
assembly_1,2,0.9,subgraph_mip,combined,1000,343,1105,359,32.49,0.368,3.402,1.178,4.58,1.58,0.843,0.0,1092.52,0.0,1064.33,1092.52,14.095,2.61,"[1092.52, 1064.33]","[6, 7]",13
assembly_1,2,0.9,subgraph_mip,blended,1000,343,1105,220,19.91,0.368,2.372,0.264,2.636,2.75,0.843,-0.0,1092.52,0.0,1064.33,1092.52,14.095,2.61,"[1092.52, 1064.33]","[6, 7]",13
assembly_1,2,0.9,subgraph_mip,blended_union,1000,343,1105,305,27.6,0.368,5.866,1.105,6.971,1.04,0.843,0.0,1092.52,0.0,1064.33,1092.52,14.095,2.61,"[1092.52, 1064.33]","[6, 7]",13
assembly_1,2,0.9,subgraph_mip,diverse,1000,343,1105,1103,99.82,0.368,0.573,5.538,6.111,1.19,0.843,0.0,1092.52,0.0,1064.33,1092.52,14.095,2.61,"[1092.52, 1064.33]","[6, 7]",13
assembly_1,2,0.9,subgraph_mip,edge_weight,2000,343,1105,185,16.74,0.368,4.541,0.345,4.886,1.48,0.843,0.0,1092.52,0.0,1064.33,1092.52,14.095,2.61,"[1092.52, 1064.33]","[6, 7]",13
assembly_1,2,0.9,subgraph_mip,time_balanced_weight,2000,343,1105,291,26.33,0.368,3.49,0.52,4.01,1.81,0.875,3.79,1100.04,0.69,1056.81,1100.04,21.615,4.01,"[1056.81, 1100.04]","[7, 6]",13
assembly_1,2,0.9,subgraph_mip,combined,2000,343,1105,464,41.99,0.368,8.093,0.754,8.848,0.82,0.843,0.0,1092.52,0.0,1064.33,1092.52,14.095,2.61,"[1092.52, 1064.33]","[6, 7]",13
assembly_1,2,0.9,subgraph_mip,blended,2000,343,1105,239,21.63,0.368,5.177,0.344,5.521,1.31,0.843,0.0,1092.52,0.0,1064.33,1092.52,14.095,2.61,"[1092.52, 1064.33]","[6, 7]",13
assembly_1,2,0.9,subgraph_mip,blended_union,2000,343,1105,356,32.22,0.368,13.863,1.861,15.723,0.46,0.843,0.0,1092.52,0.0,1064.33,1092.52,14.095,2.61,"[1092.52, 1064.33]","[6, 7]",13
assembly_1,2,0.9,subgraph_mip,diverse,2000,343,1105,1105,100.0,0.368,1.221,3.778,4.999,1.45,0.843,0.0,1092.52,0.0,1064.33,1092.52,14.095,2.61,"[1092.52, 1064.33]","[6, 7]",13
assembly_1,2,0.9,subgraph_mip,edge_weight,5000,343,1105,232,21.0,0.368,18.153,0.324,18.476,0.39,0.843,0.0,1092.52,0.0,1064.33,1092.52,14.095,2.61,"[1092.52, 1064.33]","[6, 7]",13
assembly_1,2,0.9,subgraph_mip,time_balanced_weight,5000,343,1105,382,34.57,0.368,13.951,1.555,15.506,0.47,0.8744,3.72,1104.13,1.06,1052.72,1104.13,25.705,4.77,"[1104.13, 1052.72]","[6, 7]",13
assembly_1,2,0.9,subgraph_mip,combined,5000,343,1105,593,53.67,0.368,31.63,2.06,33.69,0.22,0.843,-0.0,1092.52,0.0,1064.33,1092.52,14.095,2.61,"[1092.52, 1064.33]","[6, 7]",13
assembly_1,2,0.9,subgraph_mip,blended,5000,343,1105,267,24.16,0.368,20.099,0.408,20.507,0.35,0.843,-0.0,1092.52,0.0,1064.33,1092.52,14.095,2.61,"[1092.52, 1064.33]","[6, 7]",13
assembly_1,2,0.9,subgraph_mip,blended_union,5000,343,1105,482,43.62,0.368,56.448,2.229,58.677,0.12,0.843,-0.0,1092.52,0.0,1064.33,1092.52,14.095,2.61,"[1092.52, 1064.33]","[6, 7]",13
assembly_1,2,0.9,subgraph_mip,diverse,5000,343,1105,1105,100.0,0.368,3.132,3.296,6.428,1.13,0.843,0.0,1092.52,0.0,1064.33,1092.52,14.095,2.61,"[1092.52, 1064.33]","[6, 7]",13
assembly_1,2,0.95,full_mip,—,,343,1105,1105,100.0,0.432,0.0,10.367,10.367,1.0,0.8434,0.0,1092.52,0.0,1064.33,1092.52,14.095,2.61,"[1092.52, 1064.33]","[6, 7]",13
assembly_1,2,0.95,subgraph_mip,edge_weight,1,343,1105,13,1.18,0.432,0.001,0.009,0.011,964.03,0.8503,0.81,1102.04,0.87,1054.81,1102.04,23.615,4.38,"[1102.04, 1054.81]","[6, 7]",13
assembly_1,2,0.95,subgraph_mip,time_balanced_weight,1,343,1105,13,1.18,0.432,0.001,0.01,0.01,993.14,0.9098,7.87,1160.13,6.19,996.72,1160.13,81.705,15.15,"[1160.13, 996.72]","[6, 7]",13
assembly_1,2,0.95,subgraph_mip,combined,1,343,1105,26,2.35,0.432,0.001,0.022,0.023,449.41,0.8503,0.81,1102.04,0.87,1054.81,1102.04,23.615,4.38,"[1102.04, 1054.81]","[6, 7]",13
assembly_1,2,0.95,subgraph_mip,blended,1,343,1105,13,1.18,0.432,0.001,0.015,0.016,654.95,0.8436,0.01,1088.33,-0.38,1068.52,1088.33,9.905,1.84,"[1088.33, 1068.52]","[6, 7]",13
assembly_1,2,0.95,subgraph_mip,blended_union,1,343,1105,31,2.81,0.432,0.011,0.056,0.066,156.79,0.8434,0.0,1092.52,0.0,1064.33,1092.52,14.095,2.61,"[1092.52, 1064.33]","[6, 7]",13
assembly_1,2,0.95,subgraph_mip,diverse,1,343,1105,13,1.18,0.432,0.005,0.011,0.016,665.54,0.8436,0.01,1088.33,-0.38,1068.52,1088.33,9.905,1.84,"[1088.33, 1068.52]","[6, 7]",13
assembly_1,2,0.95,subgraph_mip,edge_weight,2,343,1105,15,1.36,0.432,0.006,0.049,0.056,186.4,0.8503,0.81,1102.04,0.87,1054.81,1102.04,23.615,4.38,"[1102.04, 1054.81]","[6, 7]",13
assembly_1,2,0.95,subgraph_mip,time_balanced_weight,2,343,1105,20,1.81,0.432,0.003,0.017,0.02,525.85,0.8621,2.21,1088.33,-0.38,1068.52,1088.33,9.905,1.84,"[1088.33, 1068.52]","[6, 7]",13
assembly_1,2,0.95,subgraph_mip,combined,2,343,1105,35,3.17,0.432,0.013,0.199,0.212,48.82,0.8503,0.81,1102.04,0.87,1054.81,1102.04,23.615,4.38,"[1102.04, 1054.81]","[6, 7]",13
assembly_1,2,0.95,subgraph_mip,blended,2,343,1105,15,1.36,0.432,0.005,0.015,0.019,533.3,0.8436,0.01,1088.33,-0.38,1068.52,1088.33,9.905,1.84,"[1088.33, 1068.52]","[6, 7]",13
assembly_1,2,0.95,subgraph_mip,blended_union,2,343,1105,36,3.26,0.432,0.024,0.049,0.073,142.86,0.8434,0.0,1092.52,0.0,1064.33,1092.52,14.095,2.61,"[1092.52, 1064.33]","[6, 7]",13
assembly_1,2,0.95,subgraph_mip,diverse,2,343,1105,26,2.35,0.432,0.005,0.016,0.021,494.58,0.8436,0.01,1088.33,-0.38,1068.52,1088.33,9.905,1.84,"[1088.33, 1068.52]","[6, 7]",13
assembly_1,2,0.95,subgraph_mip,edge_weight,5,343,1105,21,1.9,0.432,0.018,0.054,0.073,142.8,0.8503,0.81,1102.04,0.87,1054.81,1102.04,23.615,4.38,"[1102.04, 1054.81]","[6, 7]",13
assembly_1,2,0.95,subgraph_mip,time_balanced_weight,5,343,1105,29,2.62,0.432,0.015,0.177,0.191,54.18,0.8621,2.21,1088.33,-0.38,1068.52,1088.33,9.905,1.84,"[1088.33, 1068.52]","[6, 7]",13
assembly_1,2,0.95,subgraph_mip,combined,5,343,1105,50,4.52,0.432,0.026,0.104,0.13,79.63,0.8503,0.81,1102.04,0.87,1054.81,1102.04,23.615,4.38,"[1102.04, 1054.81]","[6, 7]",13
assembly_1,2,0.95,subgraph_mip,blended,5,343,1105,20,1.81,0.432,0.024,0.029,0.054,193.65,0.8436,0.01,1088.33,-0.38,1068.52,1088.33,9.905,1.84,"[1088.33, 1068.52]","[6, 7]",13
assembly_1,2,0.95,subgraph_mip,blended_union,5,343,1105,49,4.43,0.432,0.08,0.104,0.185,56.07,0.8434,-0.0,1092.52,0.0,1064.33,1092.52,14.095,2.61,"[1092.52, 1064.33]","[6, 7]",13
assembly_1,2,0.95,subgraph_mip,diverse,5,343,1105,65,5.88,0.432,0.018,0.092,0.109,94.75,0.8436,0.01,1088.33,-0.38,1068.52,1088.33,9.905,1.84,"[1088.33, 1068.52]","[6, 7]",13
assembly_1,2,0.95,subgraph_mip,edge_weight,10,343,1105,24,2.17,0.432,0.028,0.047,0.076,137.16,0.8503,0.81,1102.04,0.87,1054.81,1102.04,23.615,4.38,"[1102.04, 1054.81]","[6, 7]",13
assembly_1,2,0.95,subgraph_mip,time_balanced_weight,10,343,1105,39,3.53,0.432,0.022,0.175,0.197,52.52,0.8619,2.19,1088.33,-0.38,1068.52,1088.33,9.905,1.84,"[1088.33, 1068.52]","[6, 7]",13
assembly_1,2,0.95,subgraph_mip,combined,10,343,1105,63,5.7,0.432,0.071,0.096,0.167,61.97,0.8503,0.81,1102.04,0.87,1054.81,1102.04,23.615,4.38,"[1102.04, 1054.81]","[6, 7]",13
assembly_1,2,0.95,subgraph_mip,blended,10,343,1105,25,2.26,0.432,0.036,0.034,0.071,146.72,0.8436,0.01,1088.33,-0.38,1068.52,1088.33,9.905,1.84,"[1088.33, 1068.52]","[6, 7]",13
assembly_1,2,0.95,subgraph_mip,blended_union,10,343,1105,64,5.79,0.432,0.105,0.112,0.218,47.6,0.8434,0.0,1092.52,0.0,1064.33,1092.52,14.095,2.61,"[1092.52, 1064.33]","[6, 7]",13
assembly_1,2,0.95,subgraph_mip,diverse,10,343,1105,126,11.4,0.432,0.012,0.41,0.422,24.58,0.8436,0.01,1088.33,-0.38,1068.52,1088.33,9.905,1.84,"[1088.33, 1068.52]","[6, 7]",13
assembly_1,2,0.95,subgraph_mip,edge_weight,20,343,1105,35,3.17,0.432,0.082,0.043,0.125,82.9,0.8489,0.65,1100.04,0.69,1056.81,1100.04,21.615,4.01,"[1100.04, 1056.81]","[6, 7]",13
assembly_1,2,0.95,subgraph_mip,time_balanced_weight,20,343,1105,49,4.43,0.432,0.051,0.101,0.152,68.13,0.8618,2.18,1088.33,-0.38,1068.52,1088.33,9.905,1.84,"[1088.33, 1068.52]","[6, 7]",13
assembly_1,2,0.95,subgraph_mip,combined,20,343,1105,84,7.6,0.432,0.147,0.332,0.479,21.63,0.8489,0.65,1100.04,0.69,1056.81,1100.04,21.615,4.01,"[1100.04, 1056.81]","[6, 7]",13
assembly_1,2,0.95,subgraph_mip,blended,20,343,1105,28,2.53,0.432,0.079,0.031,0.109,94.69,0.8436,0.01,1088.33,-0.38,1068.52,1088.33,9.905,1.84,"[1088.33, 1068.52]","[6, 7]",13
assembly_1,2,0.95,subgraph_mip,blended_union,20,343,1105,87,7.87,0.432,0.209,0.225,0.434,23.91,0.8434,-0.0,1092.52,0.0,1064.33,1092.52,14.095,2.61,"[1092.52, 1064.33]","[6, 7]",13
assembly_1,2,0.95,subgraph_mip,diverse,20,343,1105,239,21.63,0.432,0.013,0.549,0.562,18.44,0.8434,0.0,1092.52,0.0,1064.33,1092.52,14.095,2.61,"[1092.52, 1064.33]","[6, 7]",13
assembly_1,2,0.95,subgraph_mip,edge_weight,50,343,1105,54,4.89,0.432,0.193,0.358,0.551,18.81,0.8434,0.0,1092.52,0.0,1064.33,1092.52,14.095,2.61,"[1092.52, 1064.33]","[6, 7]",13
assembly_1,2,0.95,subgraph_mip,time_balanced_weight,50,343,1105,74,6.7,0.432,0.109,0.184,0.293,35.39,0.8589,1.83,1088.33,-0.38,1068.52,1088.33,9.905,1.84,"[1088.33, 1068.52]","[6, 7]",13
assembly_1,2,0.95,subgraph_mip,combined,50,343,1105,127,11.49,0.432,0.277,0.477,0.753,13.76,0.8434,0.0,1092.52,0.0,1064.33,1092.52,14.095,2.61,"[1092.52, 1064.33]","[6, 7]",13
assembly_1,2,0.95,subgraph_mip,blended,50,343,1105,52,4.71,0.432,0.218,0.143,0.362,28.65,0.8436,0.01,1088.33,-0.38,1068.52,1088.33,9.905,1.84,"[1088.33, 1068.52]","[6, 7]",13
assembly_1,2,0.95,subgraph_mip,blended_union,50,343,1105,117,10.59,0.432,0.516,0.256,0.772,13.43,0.8434,0.0,1092.52,0.0,1064.33,1092.52,14.095,2.61,"[1092.52, 1064.33]","[6, 7]",13
assembly_1,2,0.95,subgraph_mip,diverse,50,343,1105,508,45.97,0.432,0.035,1.511,1.545,6.71,0.8434,0.0,1092.52,0.0,1064.33,1092.52,14.095,2.61,"[1092.52, 1064.33]","[6, 7]",13
assembly_1,2,0.95,subgraph_mip,edge_weight,100,343,1105,78,7.06,0.432,0.375,0.129,0.505,20.55,0.8434,0.0,1092.52,0.0,1064.33,1092.52,14.095,2.61,"[1092.52, 1064.33]","[6, 7]",13
assembly_1,2,0.95,subgraph_mip,time_balanced_weight,100,343,1105,85,7.69,0.432,0.222,0.166,0.389,26.68,0.8589,1.83,1088.33,-0.38,1068.52,1088.33,9.905,1.84,"[1088.33, 1068.52]","[6, 7]",13
assembly_1,2,0.95,subgraph_mip,combined,100,343,1105,162,14.66,0.432,0.549,0.261,0.81,12.8,0.8434,0.0,1092.52,0.0,1064.33,1092.52,14.095,2.61,"[1092.52, 1064.33]","[6, 7]",13
assembly_1,2,0.95,subgraph_mip,blended,100,343,1105,72,6.52,0.432,0.396,0.276,0.672,15.43,0.8436,0.01,1088.33,-0.38,1068.52,1088.33,9.905,1.84,"[1088.33, 1068.52]","[6, 7]",13
assembly_1,2,0.95,subgraph_mip,blended_union,100,343,1105,167,15.11,0.432,0.896,0.317,1.213,8.55,0.8434,0.0,1092.52,0.0,1064.33,1092.52,14.095,2.61,"[1092.52, 1064.33]","[6, 7]",13
assembly_1,2,0.95,subgraph_mip,diverse,100,343,1105,738,66.79,0.432,0.056,8.107,8.163,1.27,0.8434,-0.0,1092.52,0.0,1064.33,1092.52,14.095,2.61,"[1092.52, 1064.33]","[6, 7]",13
assembly_1,2,0.95,subgraph_mip,edge_weight,200,343,1105,95,8.6,0.432,0.627,0.175,0.802,12.93,0.8434,0.0,1092.52,0.0,1064.33,1092.52,14.095,2.61,"[1092.52, 1064.33]","[6, 7]",13
assembly_1,2,0.95,subgraph_mip,time_balanced_weight,200,343,1105,118,10.68,0.432,0.42,0.379,0.799,12.98,0.8588,1.83,1088.33,-0.38,1068.52,1088.33,9.905,1.84,"[1088.33, 1068.52]","[6, 7]",13
assembly_1,2,0.95,subgraph_mip,combined,200,343,1105,211,19.1,0.432,1.021,0.539,1.56,6.65,0.8434,0.0,1092.52,0.0,1064.33,1092.52,14.095,2.61,"[1092.52, 1064.33]","[6, 7]",13
assembly_1,2,0.95,subgraph_mip,blended,200,343,1105,85,7.69,0.432,0.708,0.199,0.908,11.42,0.8436,0.01,1088.33,-0.38,1068.52,1088.33,9.905,1.84,"[1088.33, 1068.52]","[6, 7]",13
assembly_1,2,0.95,subgraph_mip,blended_union,200,343,1105,212,19.19,0.432,1.753,0.492,2.245,4.62,0.8434,0.0,1092.52,0.0,1064.33,1092.52,14.095,2.61,"[1092.52, 1064.33]","[6, 7]",13
assembly_1,2,0.95,subgraph_mip,diverse,200,343,1105,905,81.9,0.432,0.152,5.471,5.623,1.84,0.8434,0.0,1092.52,0.0,1064.33,1092.52,14.095,2.61,"[1092.52, 1064.33]","[6, 7]",13
assembly_1,2,0.95,subgraph_mip,edge_weight,500,343,1105,108,9.77,0.432,1.149,0.185,1.334,7.77,0.8434,-0.0,1092.52,0.0,1064.33,1092.52,14.095,2.61,"[1092.52, 1064.33]","[6, 7]",13
assembly_1,2,0.95,subgraph_mip,time_balanced_weight,500,343,1105,170,15.38,0.432,0.765,0.35,1.116,9.29,0.8586,1.79,1088.33,-0.38,1068.52,1088.33,9.905,1.84,"[1088.33, 1068.52]","[6, 7]",13
assembly_1,2,0.95,subgraph_mip,combined,500,343,1105,274,24.8,0.432,1.861,0.451,2.312,4.48,0.8434,0.0,1092.52,0.0,1064.33,1092.52,14.095,2.61,"[1092.52, 1064.33]","[6, 7]",13
assembly_1,2,0.95,subgraph_mip,blended,500,343,1105,158,14.3,0.432,1.411,0.193,1.605,6.46,0.8436,0.01,1088.33,-0.38,1068.52,1088.33,9.905,1.84,"[1088.33, 1068.52]","[6, 7]",13
assembly_1,2,0.95,subgraph_mip,blended_union,500,343,1105,278,25.16,0.432,3.201,0.529,3.731,2.78,0.8434,-0.0,1092.52,0.0,1064.33,1092.52,14.095,2.61,"[1092.52, 1064.33]","[6, 7]",13
assembly_1,2,0.95,subgraph_mip,diverse,500,343,1105,1047,94.75,0.432,0.311,6.674,6.984,1.48,0.8434,0.0,1092.52,0.0,1064.33,1092.52,14.095,2.61,"[1092.52, 1064.33]","[6, 7]",13
assembly_1,2,0.95,subgraph_mip,edge_weight,1000,343,1105,142,12.85,0.432,2.013,0.197,2.21,4.69,0.8434,-0.0,1092.52,0.0,1064.33,1092.52,14.095,2.61,"[1092.52, 1064.33]","[6, 7]",13
assembly_1,2,0.95,subgraph_mip,time_balanced_weight,1000,343,1105,223,20.18,0.432,1.4,0.477,1.877,5.52,0.8585,1.79,1088.33,-0.38,1068.52,1088.33,9.905,1.84,"[1088.33, 1068.52]","[6, 7]",13
assembly_1,2,0.95,subgraph_mip,combined,1000,343,1105,359,32.49,0.432,3.348,0.636,3.984,2.6,0.8434,0.0,1092.52,0.0,1064.33,1092.52,14.095,2.61,"[1092.52, 1064.33]","[6, 7]",13
assembly_1,2,0.95,subgraph_mip,blended,1000,343,1105,184,16.65,0.432,2.546,0.254,2.8,3.7,0.8436,0.01,1088.33,-0.38,1068.52,1088.33,9.905,1.84,"[1088.33, 1068.52]","[6, 7]",13
assembly_1,2,0.95,subgraph_mip,blended_union,1000,343,1105,305,27.6,0.432,5.991,0.605,6.596,1.57,0.8434,0.0,1092.52,0.0,1064.33,1092.52,14.095,2.61,"[1092.52, 1064.33]","[6, 7]",13
assembly_1,2,0.95,subgraph_mip,diverse,1000,343,1105,1101,99.64,0.432,0.587,6.91,7.497,1.38,0.8434,0.0,1092.52,0.0,1064.33,1092.52,14.095,2.61,"[1092.52, 1064.33]","[6, 7]",13
assembly_1,2,0.95,subgraph_mip,edge_weight,2000,343,1105,185,16.74,0.432,4.543,0.401,4.944,2.1,0.8434,-0.0,1092.52,0.0,1064.33,1092.52,14.095,2.61,"[1092.52, 1064.33]","[6, 7]",13
assembly_1,2,0.95,subgraph_mip,time_balanced_weight,2000,343,1105,291,26.33,0.432,3.52,0.855,4.376,2.37,0.8585,1.79,1088.33,-0.38,1068.52,1088.33,9.905,1.84,"[1088.33, 1068.52]","[6, 7]",13
assembly_1,2,0.95,subgraph_mip,combined,2000,343,1105,464,41.99,0.432,8.082,1.129,9.211,1.13,0.8434,0.0,1092.52,0.0,1064.33,1092.52,14.095,2.61,"[1092.52, 1064.33]","[6, 7]",13
assembly_1,2,0.95,subgraph_mip,blended,2000,343,1105,186,16.83,0.432,6.094,0.244,6.338,1.64,0.8436,0.01,1088.33,-0.38,1068.52,1088.33,9.905,1.84,"[1088.33, 1068.52]","[6, 7]",13
assembly_1,2,0.95,subgraph_mip,blended_union,2000,343,1105,356,32.22,0.432,13.996,0.894,14.89,0.7,0.8434,0.0,1092.52,0.0,1064.33,1092.52,14.095,2.61,"[1092.52, 1064.33]","[6, 7]",13
assembly_1,2,0.95,subgraph_mip,diverse,2000,343,1105,1105,100.0,0.432,1.233,5.171,6.404,1.62,0.8434,0.0,1092.52,0.0,1064.33,1092.52,14.095,2.61,"[1092.52, 1064.33]","[6, 7]",13
assembly_1,2,0.95,subgraph_mip,edge_weight,5000,343,1105,232,21.0,0.432,17.882,0.391,18.273,0.57,0.8434,0.0,1092.52,0.0,1064.33,1092.52,14.095,2.61,"[1092.52, 1064.33]","[6, 7]",13
assembly_1,2,0.95,subgraph_mip,time_balanced_weight,5000,343,1105,382,34.57,0.432,13.912,1.527,15.439,0.67,0.8585,1.79,1088.33,-0.38,1068.52,1088.33,9.905,1.84,"[1088.33, 1068.52]","[6, 7]",13
assembly_1,2,0.95,subgraph_mip,combined,5000,343,1105,593,53.67,0.432,31.906,1.583,33.488,0.31,0.8434,-0.0,1092.52,0.0,1064.33,1092.52,14.095,2.61,"[1092.52, 1064.33]","[6, 7]",13
assembly_1,2,0.95,subgraph_mip,blended,5000,343,1105,200,18.1,0.432,23.522,0.315,23.836,0.43,0.8436,0.01,1088.33,-0.38,1068.52,1088.33,9.905,1.84,"[1088.33, 1068.52]","[6, 7]",13
assembly_1,2,0.95,subgraph_mip,blended_union,5000,343,1105,482,43.62,0.432,55.333,1.285,56.618,0.18,0.8434,0.0,1092.52,0.0,1064.33,1092.52,14.095,2.61,"[1092.52, 1064.33]","[6, 7]",13
assembly_1,2,0.95,subgraph_mip,diverse,5000,343,1105,1105,100.0,0.432,2.756,4.338,7.095,1.46,0.8434,0.0,1092.52,0.0,1064.33,1092.52,14.095,2.61,"[1092.52, 1064.33]","[6, 7]",13
assembly_1,2,1.0,full_mip,—,,343,1105,1105,100.0,0.361,0.0,11.516,11.516,1.0,0.8406,0.0,1088.33,0.0,1068.52,1088.33,9.905,1.84,"[1088.33, 1068.52]","[6, 7]",13
assembly_1,2,1.0,subgraph_mip,edge_weight,1,343,1105,13,1.18,0.361,0.001,0.009,0.01,1172.67,0.8512,1.26,1102.04,1.26,1054.81,1102.04,23.615,4.38,"[1102.04, 1054.81]","[6, 7]",13
assembly_1,2,1.0,subgraph_mip,time_balanced_weight,1,343,1105,13,1.18,0.361,0.001,0.014,0.015,783.11,0.896,6.6,1160.13,6.6,996.72,1160.13,81.705,15.15,"[1160.13, 996.72]","[6, 7]",13
assembly_1,2,1.0,subgraph_mip,combined,1,343,1105,26,2.35,0.361,0.002,0.048,0.05,230.56,0.8512,1.26,1102.04,1.26,1054.81,1102.04,23.615,4.38,"[1102.04, 1054.81]","[6, 7]",13
assembly_1,2,1.0,subgraph_mip,blended,1,343,1105,13,1.18,0.361,0.001,0.008,0.009,1270.08,0.8406,0.0,1088.33,0.0,1068.52,1088.33,9.905,1.84,"[1088.33, 1068.52]","[6, 7]",13
assembly_1,2,1.0,subgraph_mip,blended_union,1,343,1105,31,2.81,0.361,0.011,0.059,0.071,163.32,0.8406,0.0,1088.33,0.0,1068.52,1088.33,9.905,1.84,"[1088.33, 1068.52]","[6, 7]",13
assembly_1,2,1.0,subgraph_mip,diverse,1,343,1105,13,1.18,0.361,0.004,0.007,0.01,1118.33,0.8406,0.0,1088.33,0.0,1068.52,1088.33,9.905,1.84,"[1088.33, 1068.52]","[6, 7]",13
assembly_1,2,1.0,subgraph_mip,edge_weight,2,343,1105,15,1.36,0.361,0.004,0.045,0.049,233.21,0.8512,1.26,1102.04,1.26,1054.81,1102.04,23.615,4.38,"[1102.04, 1054.81]","[6, 7]",13
assembly_1,2,1.0,subgraph_mip,time_balanced_weight,2,343,1105,20,1.81,0.361,0.006,0.034,0.04,286.57,0.8406,0.0,1088.33,0.0,1068.52,1088.33,9.905,1.84,"[1088.33, 1068.52]","[6, 7]",13
assembly_1,2,1.0,subgraph_mip,combined,2,343,1105,35,3.17,0.361,0.016,0.077,0.092,124.6,0.8406,-0.0,1088.33,0.0,1068.52,1088.33,9.905,1.84,"[1088.33, 1068.52]","[6, 7]",13
assembly_1,2,1.0,subgraph_mip,blended,2,343,1105,15,1.36,0.361,0.007,0.014,0.021,560.94,0.8406,0.0,1088.33,0.0,1068.52,1088.33,9.905,1.84,"[1088.33, 1068.52]","[6, 7]",13
assembly_1,2,1.0,subgraph_mip,blended_union,2,343,1105,36,3.26,0.361,0.035,0.103,0.138,83.5,0.8406,0.0,1088.33,0.0,1068.52,1088.33,9.905,1.84,"[1088.33, 1068.52]","[6, 7]",13
assembly_1,2,1.0,subgraph_mip,diverse,2,343,1105,26,2.35,0.361,0.008,0.04,0.048,240.63,0.8406,0.0,1088.33,0.0,1068.52,1088.33,9.905,1.84,"[1088.33, 1068.52]","[6, 7]",13
assembly_1,2,1.0,subgraph_mip,edge_weight,5,343,1105,21,1.9,0.361,0.013,0.054,0.067,172.88,0.8512,1.26,1102.04,1.26,1054.81,1102.04,23.615,4.38,"[1102.04, 1054.81]","[6, 7]",13
assembly_1,2,1.0,subgraph_mip,time_balanced_weight,5,343,1105,29,2.62,0.361,0.007,0.13,0.137,83.96,0.8406,0.0,1088.33,0.0,1068.52,1088.33,9.905,1.84,"[1088.33, 1068.52]","[6, 7]",13
assembly_1,2,1.0,subgraph_mip,combined,5,343,1105,50,4.52,0.361,0.02,0.108,0.127,90.52,0.8406,-0.0,1088.33,0.0,1068.52,1088.33,9.905,1.84,"[1088.33, 1068.52]","[6, 7]",13
assembly_1,2,1.0,subgraph_mip,blended,5,343,1105,21,1.9,0.361,0.01,0.023,0.033,352.47,0.8406,0.0,1088.33,0.0,1068.52,1088.33,9.905,1.84,"[1088.33, 1068.52]","[6, 7]",13
assembly_1,2,1.0,subgraph_mip,blended_union,5,343,1105,49,4.43,0.361,0.065,0.095,0.16,71.84,0.8406,-0.0,1088.33,0.0,1068.52,1088.33,9.905,1.84,"[1088.33, 1068.52]","[6, 7]",13
assembly_1,2,1.0,subgraph_mip,diverse,5,343,1105,65,5.88,0.361,0.014,0.086,0.099,115.94,0.8406,0.0,1088.33,0.0,1068.52,1088.33,9.905,1.84,"[1088.33, 1068.52]","[6, 7]",13
assembly_1,2,1.0,subgraph_mip,edge_weight,10,343,1105,24,2.17,0.361,0.027,0.042,0.069,167.73,0.8512,1.26,1102.04,1.26,1054.81,1102.04,23.615,4.38,"[1102.04, 1054.81]","[6, 7]",13
assembly_1,2,1.0,subgraph_mip,time_balanced_weight,10,343,1105,39,3.53,0.361,0.015,0.061,0.076,151.87,0.8406,0.0,1088.33,0.0,1068.52,1088.33,9.905,1.84,"[1088.33, 1068.52]","[6, 7]",13
assembly_1,2,1.0,subgraph_mip,combined,10,343,1105,63,5.7,0.361,0.046,0.072,0.118,97.38,0.8406,0.0,1088.33,0.0,1068.52,1088.33,9.905,1.84,"[1088.33, 1068.52]","[6, 7]",13
assembly_1,2,1.0,subgraph_mip,blended,10,343,1105,29,2.62,0.361,0.031,0.039,0.07,163.51,0.8406,-0.0,1088.33,0.0,1068.52,1088.33,9.905,1.84,"[1088.33, 1068.52]","[6, 7]",13
assembly_1,2,1.0,subgraph_mip,blended_union,10,343,1105,64,5.79,0.361,0.116,0.083,0.199,57.99,0.8406,0.0,1088.33,0.0,1068.52,1088.33,9.905,1.84,"[1088.33, 1068.52]","[6, 7]",13
assembly_1,2,1.0,subgraph_mip,diverse,10,343,1105,126,11.4,0.361,0.01,0.153,0.164,70.3,0.8406,-0.0,1088.33,0.0,1068.52,1088.33,9.905,1.84,"[1088.33, 1068.52]","[6, 7]",13
assembly_1,2,1.0,subgraph_mip,edge_weight,20,343,1105,35,3.17,0.361,0.055,0.089,0.145,79.68,0.8496,1.08,1100.04,1.08,1056.81,1100.04,21.615,4.01,"[1100.04, 1056.81]","[6, 7]",13
assembly_1,2,1.0,subgraph_mip,time_balanced_weight,20,343,1105,49,4.43,0.361,0.031,0.102,0.133,86.53,0.8406,-0.0,1088.33,0.0,1068.52,1088.33,9.905,1.84,"[1088.33, 1068.52]","[6, 7]",13
assembly_1,2,1.0,subgraph_mip,combined,20,343,1105,84,7.6,0.361,0.088,0.193,0.281,40.91,0.8406,-0.0,1088.33,0.0,1068.52,1088.33,9.905,1.84,"[1088.33, 1068.52]","[6, 7]",13
assembly_1,2,1.0,subgraph_mip,blended,20,343,1105,35,3.17,0.361,0.037,0.085,0.123,93.98,0.8406,-0.0,1088.33,0.0,1068.52,1088.33,9.905,1.84,"[1088.33, 1068.52]","[6, 7]",13
assembly_1,2,1.0,subgraph_mip,blended_union,20,343,1105,87,7.87,0.361,0.164,0.164,0.328,35.16,0.8406,0.0,1088.33,0.0,1068.52,1088.33,9.905,1.84,"[1088.33, 1068.52]","[6, 7]",13
assembly_1,2,1.0,subgraph_mip,diverse,20,343,1105,239,21.63,0.361,0.013,0.503,0.516,22.31,0.8406,0.0,1088.33,0.0,1068.52,1088.33,9.905,1.84,"[1088.33, 1068.52]","[6, 7]",13
assembly_1,2,1.0,subgraph_mip,edge_weight,50,343,1105,54,4.89,0.361,0.2,0.119,0.318,36.17,0.8438,0.38,1092.52,0.38,1064.33,1092.52,14.095,2.61,"[1092.52, 1064.33]","[6, 7]",13
assembly_1,2,1.0,subgraph_mip,time_balanced_weight,50,343,1105,74,6.7,0.361,0.093,0.162,0.254,45.28,0.8406,0.0,1088.33,0.0,1068.52,1088.33,9.905,1.84,"[1088.33, 1068.52]","[6, 7]",13
assembly_1,2,1.0,subgraph_mip,combined,50,343,1105,127,11.49,0.361,0.296,0.327,0.623,18.48,0.8406,-0.0,1088.33,0.0,1068.52,1088.33,9.905,1.84,"[1088.33, 1068.52]","[6, 7]",13
assembly_1,2,1.0,subgraph_mip,blended,50,343,1105,51,4.62,0.361,0.156,0.095,0.251,45.89,0.8406,-0.0,1088.33,0.0,1068.52,1088.33,9.905,1.84,"[1088.33, 1068.52]","[6, 7]",13
assembly_1,2,1.0,subgraph_mip,blended_union,50,343,1105,117,10.59,0.361,0.528,0.307,0.836,13.78,0.8406,0.0,1088.33,0.0,1068.52,1088.33,9.905,1.84,"[1088.33, 1068.52]","[6, 7]",13
assembly_1,2,1.0,subgraph_mip,diverse,50,343,1105,503,45.52,0.361,0.044,2.92,2.964,3.89,0.8406,0.0,1088.33,0.0,1068.52,1088.33,9.905,1.84,"[1088.33, 1068.52]","[6, 7]",13
assembly_1,2,1.0,subgraph_mip,edge_weight,100,343,1105,78,7.06,0.361,0.354,0.135,0.488,23.58,0.8438,0.38,1092.52,0.38,1064.33,1092.52,14.095,2.61,"[1092.52, 1064.33]","[6, 7]",13
assembly_1,2,1.0,subgraph_mip,time_balanced_weight,100,343,1105,85,7.69,0.361,0.211,0.155,0.367,31.38,0.8406,0.0,1088.33,0.0,1068.52,1088.33,9.905,1.84,"[1088.33, 1068.52]","[6, 7]",13
assembly_1,2,1.0,subgraph_mip,combined,100,343,1105,162,14.66,0.361,0.589,0.404,0.993,11.6,0.8406,0.0,1088.33,0.0,1068.52,1088.33,9.905,1.84,"[1088.33, 1068.52]","[6, 7]",13
assembly_1,2,1.0,subgraph_mip,blended,100,343,1105,79,7.15,0.361,0.312,0.181,0.493,23.35,0.8406,-0.0,1088.33,0.0,1068.52,1088.33,9.905,1.84,"[1088.33, 1068.52]","[6, 7]",13
assembly_1,2,1.0,subgraph_mip,blended_union,100,343,1105,167,15.11,0.361,1.114,0.375,1.49,7.73,0.8406,0.0,1088.33,0.0,1068.52,1088.33,9.905,1.84,"[1088.33, 1068.52]","[6, 7]",13
assembly_1,2,1.0,subgraph_mip,diverse,100,343,1105,742,67.15,0.361,0.083,5.173,5.256,2.19,0.8406,0.0,1088.33,0.0,1068.52,1088.33,9.905,1.84,"[1088.33, 1068.52]","[6, 7]",13
assembly_1,2,1.0,subgraph_mip,edge_weight,200,343,1105,95,8.6,0.361,0.574,0.376,0.95,12.13,0.8438,0.38,1092.52,0.38,1064.33,1092.52,14.095,2.61,"[1092.52, 1064.33]","[6, 7]",13
assembly_1,2,1.0,subgraph_mip,time_balanced_weight,200,343,1105,118,10.68,0.361,0.253,0.243,0.496,23.22,0.8406,-0.0,1088.33,0.0,1068.52,1088.33,9.905,1.84,"[1088.33, 1068.52]","[6, 7]",13
assembly_1,2,1.0,subgraph_mip,combined,200,343,1105,211,19.1,0.361,0.833,0.367,1.2,9.6,0.8406,0.0,1088.33,0.0,1068.52,1088.33,9.905,1.84,"[1088.33, 1068.52]","[6, 7]",13
assembly_1,2,1.0,subgraph_mip,blended,200,343,1105,95,8.6,0.361,0.356,0.159,0.516,22.34,0.8406,0.0,1088.33,0.0,1068.52,1088.33,9.905,1.84,"[1088.33, 1068.52]","[6, 7]",13
assembly_1,2,1.0,subgraph_mip,blended_union,200,343,1105,212,19.19,0.361,1.362,0.399,1.761,6.54,0.8406,0.0,1088.33,0.0,1068.52,1088.33,9.905,1.84,"[1088.33, 1068.52]","[6, 7]",13
assembly_1,2,1.0,subgraph_mip,diverse,200,343,1105,901,81.54,0.361,0.117,9.435,9.552,1.21,0.8406,-0.0,1088.33,0.0,1068.52,1088.33,9.905,1.84,"[1088.33, 1068.52]","[6, 7]",13
assembly_1,2,1.0,subgraph_mip,edge_weight,500,343,1105,108,9.77,0.361,1.007,0.186,1.193,9.65,0.8438,0.38,1092.52,0.38,1064.33,1092.52,14.095,2.61,"[1092.52, 1064.33]","[6, 7]",13
assembly_1,2,1.0,subgraph_mip,time_balanced_weight,500,343,1105,170,15.38,0.361,0.662,0.258,0.92,12.51,0.8406,0.0,1088.33,0.0,1068.52,1088.33,9.905,1.84,"[1088.33, 1068.52]","[6, 7]",13
assembly_1,2,1.0,subgraph_mip,combined,500,343,1105,274,24.8,0.361,1.681,0.487,2.168,5.31,0.8406,0.0,1088.33,0.0,1068.52,1088.33,9.905,1.84,"[1088.33, 1068.52]","[6, 7]",13
assembly_1,2,1.0,subgraph_mip,blended,500,343,1105,142,12.85,0.361,0.809,0.2,1.009,11.41,0.8406,0.0,1088.33,0.0,1068.52,1088.33,9.905,1.84,"[1088.33, 1068.52]","[6, 7]",13
assembly_1,2,1.0,subgraph_mip,blended_union,500,343,1105,278,25.16,0.361,2.753,0.866,3.619,3.18,0.8406,0.0,1088.33,0.0,1068.52,1088.33,9.905,1.84,"[1088.33, 1068.52]","[6, 7]",13
assembly_1,2,1.0,subgraph_mip,diverse,500,343,1105,1045,94.57,0.361,0.27,10.602,10.872,1.06,0.8406,0.0,1088.33,0.0,1068.52,1088.33,9.905,1.84,"[1088.33, 1068.52]","[6, 7]",13
assembly_1,2,1.0,subgraph_mip,edge_weight,1000,343,1105,142,12.85,0.361,1.913,0.254,2.167,5.31,0.8438,0.38,1092.52,0.38,1064.33,1092.52,14.095,2.61,"[1092.52, 1064.33]","[6, 7]",13
assembly_1,2,1.0,subgraph_mip,time_balanced_weight,1000,343,1105,223,20.18,0.361,1.55,0.417,1.967,5.85,0.8406,0.0,1088.33,0.0,1068.52,1088.33,9.905,1.84,"[1088.33, 1068.52]","[6, 7]",13
assembly_1,2,1.0,subgraph_mip,combined,1000,343,1105,359,32.49,0.361,3.492,1.388,4.88,2.36,0.8406,0.0,1088.33,0.0,1068.52,1088.33,9.905,1.84,"[1088.33, 1068.52]","[6, 7]",13
assembly_1,2,1.0,subgraph_mip,blended,1000,343,1105,151,13.67,0.361,1.748,0.191,1.939,5.94,0.8406,-0.0,1088.33,0.0,1068.52,1088.33,9.905,1.84,"[1088.33, 1068.52]","[6, 7]",13
assembly_1,2,1.0,subgraph_mip,blended_union,1000,343,1105,305,27.6,0.361,5.798,0.611,6.409,1.8,0.8406,0.0,1088.33,0.0,1068.52,1088.33,9.905,1.84,"[1088.33, 1068.52]","[6, 7]",13
assembly_1,2,1.0,subgraph_mip,diverse,1000,343,1105,1101,99.64,0.361,0.55,4.694,5.243,2.2,0.8406,0.0,1088.33,0.0,1068.52,1088.33,9.905,1.84,"[1088.33, 1068.52]","[6, 7]",13
assembly_1,2,1.0,subgraph_mip,edge_weight,2000,343,1105,185,16.74,0.361,4.51,0.34,4.85,2.37,0.8438,0.38,1092.52,0.38,1064.33,1092.52,14.095,2.61,"[1092.52, 1064.33]","[6, 7]",13
assembly_1,2,1.0,subgraph_mip,time_balanced_weight,2000,343,1105,291,26.33,0.361,3.508,1.19,4.697,2.45,0.8406,-0.0,1088.33,0.0,1068.52,1088.33,9.905,1.84,"[1088.33, 1068.52]","[6, 7]",13
assembly_1,2,1.0,subgraph_mip,combined,2000,343,1105,464,41.99,0.361,8.112,1.204,9.316,1.24,0.8406,0.0,1088.33,0.0,1068.52,1088.33,9.905,1.84,"[1088.33, 1068.52]","[6, 7]",13
assembly_1,2,1.0,subgraph_mip,blended,2000,343,1105,174,15.75,0.361,4.383,0.316,4.699,2.45,0.8406,0.0,1088.33,0.0,1068.52,1088.33,9.905,1.84,"[1088.33, 1068.52]","[6, 7]",13
assembly_1,2,1.0,subgraph_mip,blended_union,2000,343,1105,356,32.22,0.361,14.172,0.884,15.056,0.76,0.8406,-0.0,1088.33,0.0,1068.52,1088.33,9.905,1.84,"[1088.33, 1068.52]","[6, 7]",13
assembly_1,2,1.0,subgraph_mip,diverse,2000,343,1105,1105,100.0,0.361,1.18,6.444,7.624,1.51,0.8406,0.0,1088.33,0.0,1068.52,1088.33,9.905,1.84,"[1088.33, 1068.52]","[6, 7]",13
assembly_1,2,1.0,subgraph_mip,edge_weight,5000,343,1105,232,21.0,0.361,17.542,0.293,17.834,0.65,0.8438,0.38,1092.52,0.38,1064.33,1092.52,14.095,2.61,"[1092.52, 1064.33]","[6, 7]",13
assembly_1,2,1.0,subgraph_mip,time_balanced_weight,5000,343,1105,382,34.57,0.361,13.896,0.707,14.603,0.79,0.8406,0.0,1088.33,0.0,1068.52,1088.33,9.905,1.84,"[1088.33, 1068.52]","[6, 7]",13
assembly_1,2,1.0,subgraph_mip,combined,5000,343,1105,593,53.67,0.361,32.082,1.245,33.327,0.35,0.8406,0.0,1088.33,0.0,1068.52,1088.33,9.905,1.84,"[1088.33, 1068.52]","[6, 7]",13
assembly_1,2,1.0,subgraph_mip,blended,5000,343,1105,216,19.55,0.361,18.127,0.296,18.423,0.63,0.8406,0.0,1088.33,0.0,1068.52,1088.33,9.905,1.84,"[1088.33, 1068.52]","[6, 7]",13
assembly_1,2,1.0,subgraph_mip,blended_union,5000,343,1105,482,43.62,0.361,54.716,1.397,56.113,0.21,0.8406,-0.0,1088.33,0.0,1068.52,1088.33,9.905,1.84,"[1088.33, 1068.52]","[6, 7]",13
assembly_1,2,1.0,subgraph_mip,diverse,5000,343,1105,1105,100.0,0.361,2.467,5.158,7.625,1.51,0.8406,0.0,1088.33,0.0,1068.52,1088.33,9.905,1.84,"[1088.33, 1068.52]","[6, 7]",13
