instance,num_phases,w_balanced,strategy,weight_attr,k,digraph_nodes,digraph_edges,subgraph_edges,subgraph_pct,digraph_build_s,build_s,solve_s,elapsed_s,speedup_vs_full,objective,obj_vs_full_pct,alpha_abs,vs_full_pct,phase_time_min,phase_time_max,phase_time_std,imbalance_pct,abs_time_per_phase,ops_per_phase,n_ops_total
assembly_1,6,0.1,full_mip,—,,343,1105,1105,100.0,0.439,0.0,44.154,44.154,1.0,0.8456,0.0,408,0.0,244.92,408,55.757,45.37,"[339.12, 244.92, 408, 384, 379.31, 401.5]","[2, 1, 2, 3, 3, 2]",13
assembly_1,6,0.1,subgraph_mip,edge_weight,1,343,1105,13,1.18,0.439,0.001,0.687,0.688,64.16,0.8619,1.92,484.48,18.75,244.92,484.48,86.653,66.64,"[339.12, 244.92, 408, 484.48, 420.13, 260.2]","[2, 1, 2, 4, 2, 2]",13
assembly_1,6,0.1,subgraph_mip,time_balanced_weight,1,343,1105,13,1.18,0.439,0.001,0.773,0.774,57.03,1.1501,36.01,444.83,9.03,242,444.83,83.119,56.42,"[242, 244.92, 410.92, 444.83, 412.68, 401.5]","[1, 1, 2, 3, 4, 2]",13
assembly_1,6,0.1,subgraph_mip,combined,1,343,1105,26,2.35,0.439,0.002,1.292,1.294,34.13,0.8619,1.92,484.48,18.75,244.92,484.48,86.653,66.64,"[339.12, 244.92, 408, 484.48, 420.13, 260.2]","[2, 1, 2, 4, 2, 2]",13
assembly_1,6,0.1,subgraph_mip,blended,1,343,1105,13,1.18,0.439,0.001,0.334,0.335,131.75,0.8558,1.2,408,0.0,339.12,408,22.682,19.16,"[339.12, 352.92, 408, 350.63, 345.5, 360.68]","[2, 2, 2, 2, 2, 3]",13
assembly_1,6,0.1,subgraph_mip,blended_union,1,343,1105,36,3.26,0.439,0.012,2.578,2.59,17.05,0.8619,1.92,484.48,18.75,244.92,484.48,86.653,66.64,"[339.12, 244.92, 408, 484.48, 420.13, 260.2]","[2, 1, 2, 4, 2, 2]",13
assembly_1,6,0.1,subgraph_mip,diverse,1,343,1105,13,1.18,0.439,0.004,0.355,0.359,122.89,0.8558,1.2,408,0.0,339.12,408,22.682,19.16,"[339.12, 352.92, 408, 350.63, 345.5, 360.68]","[2, 2, 2, 2, 2, 3]",13
assembly_1,6,0.1,subgraph_mip,edge_weight,2,343,1105,15,1.36,0.439,0.004,1.453,1.458,30.29,0.8619,1.92,484.48,18.75,244.92,484.48,86.653,66.64,"[339.12, 244.92, 408, 484.48, 420.13, 260.2]","[2, 1, 2, 4, 2, 2]",13
assembly_1,6,0.1,subgraph_mip,time_balanced_weight,2,343,1105,15,1.36,0.439,0.005,1.427,1.431,30.85,1.1414,34.98,444.83,9.03,242,444.83,83.119,56.42,"[244.92, 242, 410.92, 444.83, 412.68, 401.5]","[1, 1, 2, 3, 4, 2]",13
assembly_1,6,0.1,subgraph_mip,combined,2,343,1105,30,2.71,0.439,0.008,0.813,0.821,53.79,0.8619,1.92,484.48,18.75,244.92,484.48,86.653,66.64,"[339.12, 244.92, 408, 484.48, 420.13, 260.2]","[2, 1, 2, 4, 2, 2]",13
assembly_1,6,0.1,subgraph_mip,blended,2,343,1105,15,1.36,0.439,0.004,0.574,0.577,76.48,0.8558,1.2,408,0.0,339.12,408,22.682,19.16,"[339.12, 352.92, 408, 350.63, 345.5, 360.68]","[2, 2, 2, 2, 2, 3]",13
assembly_1,6,0.1,subgraph_mip,blended_union,2,343,1105,42,3.8,0.439,0.024,1.023,1.047,42.18,0.8619,1.92,484.48,18.75,244.92,484.48,86.653,66.64,"[339.12, 244.92, 408, 484.48, 420.13, 260.2]","[2, 1, 2, 4, 2, 2]",13
assembly_1,6,0.1,subgraph_mip,diverse,2,343,1105,26,2.35,0.439,0.011,1.988,1.998,22.09,0.8558,1.2,408,0.0,339.12,408,22.682,19.16,"[339.12, 352.92, 408, 350.63, 345.5, 360.68]","[2, 2, 2, 2, 2, 3]",13
assembly_1,6,0.1,subgraph_mip,edge_weight,5,343,1105,21,1.9,0.439,0.021,1.535,1.556,28.37,0.8619,1.92,484.48,18.75,244.92,484.48,86.653,66.64,"[339.12, 244.92, 408, 484.48, 420.13, 260.2]","[2, 1, 2, 4, 2, 2]",13
assembly_1,6,0.1,subgraph_mip,time_balanced_weight,5,343,1105,42,3.8,0.439,0.024,1.916,1.939,22.77,1.1414,34.98,444.83,9.03,242,444.83,83.119,56.42,"[244.92, 242, 410.92, 444.83, 412.68, 401.5]","[1, 1, 2, 3, 4, 2]",13
assembly_1,6,0.1,subgraph_mip,combined,5,343,1105,62,5.61,0.439,0.06,2.16,2.22,19.89,0.8619,1.92,484.48,18.75,244.92,484.48,86.653,66.64,"[339.12, 244.92, 408, 484.48, 420.13, 260.2]","[2, 1, 2, 4, 2, 2]",13
assembly_1,6,0.1,subgraph_mip,blended,5,343,1105,21,1.9,0.439,0.026,0.74,0.766,57.63,0.8558,1.2,408,0.0,339.12,408,22.682,19.16,"[339.12, 352.92, 408, 350.63, 345.5, 360.68]","[2, 2, 2, 2, 2, 3]",13
assembly_1,6,0.1,subgraph_mip,blended_union,5,343,1105,60,5.43,0.439,0.059,3.665,3.725,11.85,0.8619,1.92,484.48,18.75,244.92,484.48,86.653,66.64,"[339.12, 244.92, 408, 484.48, 420.13, 260.2]","[2, 1, 2, 4, 2, 2]",13
assembly_1,6,0.1,subgraph_mip,diverse,5,343,1105,65,5.88,0.439,0.006,2.471,2.477,17.82,0.8558,1.2,408,0.0,339.12,408,22.682,19.16,"[339.12, 352.92, 408, 350.63, 345.5, 360.68]","[2, 2, 2, 2, 2, 3]",13
assembly_1,6,0.1,subgraph_mip,edge_weight,10,343,1105,24,2.17,0.439,0.044,0.906,0.95,46.49,0.8619,1.92,484.48,18.75,244.92,484.48,86.653,66.64,"[339.12, 244.92, 408, 484.48, 420.13, 260.2]","[2, 1, 2, 4, 2, 2]",13
assembly_1,6,0.1,subgraph_mip,time_balanced_weight,10,343,1105,59,5.34,0.439,0.033,1.234,1.267,34.84,1.1342,34.12,460.63,12.9,242,460.63,84.624,60.82,"[244.92, 242, 410.92, 460.63, 396.88, 401.5]","[1, 1, 2, 3, 4, 2]",13
assembly_1,6,0.1,subgraph_mip,combined,10,343,1105,82,7.42,0.439,0.102,3.698,3.8,11.62,0.8619,1.92,484.48,18.75,244.92,484.48,86.653,66.64,"[339.12, 244.92, 408, 484.48, 420.13, 260.2]","[2, 1, 2, 4, 2, 2]",13
assembly_1,6,0.1,subgraph_mip,blended,10,343,1105,24,2.17,0.439,0.071,1.188,1.259,35.08,0.8558,1.2,408,0.0,339.12,408,22.682,19.16,"[339.12, 352.92, 408, 350.63, 345.5, 360.68]","[2, 2, 2, 2, 2, 3]",13
assembly_1,6,0.1,subgraph_mip,blended_union,10,343,1105,68,6.15,0.439,0.21,3.731,3.941,11.2,0.8619,1.92,484.48,18.75,244.92,484.48,86.653,66.64,"[339.12, 244.92, 408, 484.48, 420.13, 260.2]","[2, 1, 2, 4, 2, 2]",13
assembly_1,6,0.1,subgraph_mip,diverse,10,343,1105,126,11.4,0.439,0.023,4.515,4.539,9.73,0.8558,1.2,408,0.0,339.12,408,22.682,19.16,"[339.12, 352.92, 408, 350.63, 345.5, 360.68]","[2, 2, 2, 2, 2, 3]",13
assembly_1,6,0.1,subgraph_mip,edge_weight,20,343,1105,35,3.17,0.439,0.093,0.628,0.721,61.22,0.8456,0.0,408,0.0,244.92,408,55.757,45.37,"[339.12, 244.92, 408, 384, 379.31, 401.5]","[2, 1, 2, 3, 3, 2]",13
assembly_1,6,0.1,subgraph_mip,time_balanced_weight,20,343,1105,74,6.7,0.439,0.09,1.228,1.318,33.51,1.0372,22.66,408,0.0,304.68,408,35.728,28.74,"[339.12, 408, 350.63, 304.68, 352.92, 401.5]","[2, 2, 2, 3, 2, 2]",13
assembly_1,6,0.1,subgraph_mip,combined,20,343,1105,107,9.68,0.439,0.253,5.181,5.434,8.13,0.8456,0.0,408,0.0,244.92,408,55.757,45.37,"[339.12, 244.92, 408, 384, 379.31, 401.5]","[2, 1, 2, 3, 3, 2]",13
assembly_1,6,0.1,subgraph_mip,blended,20,343,1105,38,3.44,0.439,0.054,1.768,1.821,24.24,0.8558,1.2,408,0.0,339.12,408,22.682,19.16,"[339.12, 352.92, 408, 350.63, 345.5, 360.68]","[2, 2, 2, 2, 2, 3]",13
assembly_1,6,0.1,subgraph_mip,blended_union,20,343,1105,78,7.06,0.439,0.341,2.145,2.486,17.76,0.8456,-0.0,408,0.0,244.92,408,55.757,45.37,"[339.12, 244.92, 408, 384, 379.31, 401.5]","[2, 1, 2, 3, 3, 2]",13
assembly_1,6,0.1,subgraph_mip,diverse,20,343,1105,239,21.63,0.439,0.039,3.087,3.127,14.12,0.8558,1.2,408,0.0,339.12,408,22.682,19.16,"[339.12, 352.92, 408, 350.63, 345.5, 360.68]","[2, 2, 2, 2, 2, 3]",13
assembly_1,6,0.1,subgraph_mip,edge_weight,50,343,1105,54,4.89,0.439,0.188,2.422,2.609,16.92,0.8456,0.0,408,0.0,244.92,408,55.757,45.37,"[339.12, 244.92, 408, 384, 379.31, 401.5]","[2, 1, 2, 3, 3, 2]",13
assembly_1,6,0.1,subgraph_mip,time_balanced_weight,50,343,1105,140,12.67,0.439,0.271,3.044,3.316,13.32,1.0368,22.61,408,0.0,304.68,408,35.728,28.74,"[339.12, 408, 350.63, 304.68, 401.5, 352.92]","[2, 2, 2, 3, 2, 2]",13
assembly_1,6,0.1,subgraph_mip,combined,50,343,1105,188,17.01,0.439,0.531,3.707,4.237,10.42,0.8456,0.0,408,0.0,244.92,408,55.757,45.37,"[339.12, 244.92, 408, 384, 379.31, 401.5]","[2, 1, 2, 3, 3, 2]",13
assembly_1,6,0.1,subgraph_mip,blended,50,343,1105,48,4.34,0.439,0.203,4.704,4.907,9.0,0.8558,1.2,408,0.0,339.12,408,22.682,19.16,"[339.12, 352.92, 408, 350.63, 345.5, 360.68]","[2, 2, 2, 2, 2, 3]",13
assembly_1,6,0.1,subgraph_mip,blended_union,50,343,1105,112,10.14,0.439,0.74,3.859,4.599,9.6,0.8456,-0.0,408,0.0,244.92,408,55.757,45.37,"[339.12, 244.92, 408, 384, 379.31, 401.5]","[2, 1, 2, 3, 3, 2]",13
assembly_1,6,0.1,subgraph_mip,diverse,50,343,1105,509,46.06,0.439,0.052,10.399,10.451,4.22,0.8486,0.35,420.13,2.97,244.92,420.13,57.985,48.74,"[339.12, 244.92, 408, 384, 420.13, 360.68]","[2, 1, 2, 3, 2, 3]",13
assembly_1,6,0.1,subgraph_mip,edge_weight,100,343,1105,78,7.06,0.439,0.415,1.757,2.172,20.33,0.8456,0.0,408,0.0,244.92,408,55.757,45.37,"[339.12, 244.92, 408, 384, 379.31, 401.5]","[2, 1, 2, 3, 3, 2]",13
assembly_1,6,0.1,subgraph_mip,time_balanced_weight,100,343,1105,202,18.28,0.439,0.491,7.498,7.988,5.53,1.0054,18.9,412.68,1.15,244.92,412.68,58.548,46.67,"[339.12, 244.92, 408, 350.63, 401.5, 412.68]","[2, 1, 2, 2, 2, 4]",13
assembly_1,6,0.1,subgraph_mip,combined,100,343,1105,262,23.71,0.439,0.946,6.283,7.228,6.11,0.8456,0.0,408,0.0,244.92,408,55.757,45.37,"[339.12, 244.92, 408, 384, 379.31, 401.5]","[2, 1, 2, 3, 3, 2]",13
assembly_1,6,0.1,subgraph_mip,blended,100,343,1105,76,6.88,0.439,0.458,3.052,3.51,12.58,0.8558,1.2,408,0.0,339.12,408,22.682,19.16,"[339.12, 352.92, 408, 350.63, 345.5, 360.68]","[2, 2, 2, 2, 2, 3]",13
assembly_1,6,0.1,subgraph_mip,blended_union,100,343,1105,155,14.03,0.439,1.335,9.198,10.533,4.19,0.8456,0.0,408,0.0,244.92,408,55.757,45.37,"[339.12, 244.92, 408, 384, 379.31, 401.5]","[2, 1, 2, 3, 3, 2]",13
assembly_1,6,0.1,subgraph_mip,diverse,100,343,1105,743,67.24,0.439,0.114,13.235,13.349,3.31,0.8483,0.32,420.13,2.97,244.92,420.13,57.985,48.74,"[339.12, 244.92, 408, 384, 420.13, 360.68]","[2, 1, 2, 3, 2, 3]",13
assembly_1,6,0.1,subgraph_mip,edge_weight,200,343,1105,95,8.6,0.439,1.133,3.902,5.036,8.77,0.8456,0.0,408,0.0,244.92,408,55.757,45.37,"[339.12, 244.92, 408, 384, 379.31, 401.5]","[2, 1, 2, 3, 3, 2]",13
assembly_1,6,0.1,subgraph_mip,time_balanced_weight,200,343,1105,254,22.99,0.439,1.069,8.149,9.218,4.79,1.0054,18.9,412.68,1.15,244.92,412.68,58.548,46.67,"[339.12, 244.92, 408, 350.63, 401.5, 412.68]","[2, 1, 2, 2, 2, 4]",13
assembly_1,6,0.1,subgraph_mip,combined,200,343,1105,327,29.59,0.439,2.075,11.686,13.762,3.21,0.8456,-0.0,408,0.0,244.92,408,55.757,45.37,"[339.12, 244.92, 408, 384, 379.31, 401.5]","[2, 1, 2, 3, 3, 2]",13
assembly_1,6,0.1,subgraph_mip,blended,200,343,1105,92,8.33,0.439,1.057,3.912,4.968,8.89,0.8507,0.6,420.13,2.97,276,420.13,47.365,40.09,"[339.12, 352.92, 408, 276, 420.13, 360.68]","[2, 2, 2, 2, 2, 3]",13
assembly_1,6,0.1,subgraph_mip,blended_union,200,343,1105,222,20.09,0.439,4.072,8.146,12.219,3.61,0.8456,0.0,408,0.0,244.92,408,55.757,45.37,"[339.12, 244.92, 408, 384, 379.31, 401.5]","[2, 1, 2, 3, 3, 2]",13
assembly_1,6,0.1,subgraph_mip,diverse,200,343,1105,905,81.9,0.439,0.266,30.054,30.32,1.46,0.8483,0.32,420.13,2.97,244.92,420.13,57.985,48.74,"[339.12, 244.92, 408, 384, 420.13, 360.68]","[2, 1, 2, 3, 2, 3]",13
assembly_1,6,0.1,subgraph_mip,edge_weight,500,343,1105,108,9.77,0.439,1.654,5.813,7.467,5.91,0.8456,0.0,408,0.0,244.92,408,55.757,45.37,"[339.12, 244.92, 408, 384, 379.31, 401.5]","[2, 1, 2, 3, 3, 2]",13
assembly_1,6,0.1,subgraph_mip,time_balanced_weight,500,343,1105,395,35.75,0.439,1.969,9.614,11.583,3.81,0.9914,17.24,408,0.0,244.92,408,55.82,45.37,"[339.12, 244.92, 408, 376.48, 386.83, 401.5]","[2, 1, 2, 3, 3, 2]",13
assembly_1,6,0.1,subgraph_mip,combined,500,343,1105,451,40.81,0.439,3.653,8.968,12.621,3.5,0.8456,0.0,408,0.0,244.92,408,55.757,45.37,"[339.12, 244.92, 408, 384, 379.31, 401.5]","[2, 1, 2, 3, 3, 2]",13
assembly_1,6,0.1,subgraph_mip,blended,500,343,1105,131,11.86,0.439,1.788,3.364,5.152,8.57,0.8507,0.6,420.13,2.97,276,420.13,47.365,40.09,"[339.12, 352.92, 408, 276, 420.13, 360.68]","[2, 2, 2, 2, 2, 3]",13
assembly_1,6,0.1,subgraph_mip,blended_union,500,343,1105,268,24.25,0.439,5.631,12.741,18.372,2.4,0.8456,-0.0,408,0.0,244.92,408,55.757,45.37,"[339.12, 244.92, 408, 384, 379.31, 401.5]","[2, 1, 2, 3, 3, 2]",13
assembly_1,6,0.1,subgraph_mip,diverse,500,343,1105,1045,94.57,0.439,0.408,37.906,38.315,1.15,0.8456,-0.0,408,0.0,244.92,408,55.757,45.37,"[339.12, 244.92, 408, 384, 379.31, 401.5]","[2, 1, 2, 3, 3, 2]",13
assembly_1,6,0.1,subgraph_mip,edge_weight,1000,343,1105,142,12.85,0.439,3.2,15.288,18.488,2.39,0.8456,-0.0,408,0.0,244.92,408,55.757,45.37,"[339.12, 244.92, 408, 384, 379.31, 401.5]","[2, 1, 2, 3, 3, 2]",13
assembly_1,6,0.1,subgraph_mip,time_balanced_weight,1000,343,1105,471,42.62,0.439,3.685,16.063,19.747,2.24,0.9914,17.24,408,0.0,244.92,408,55.82,45.37,"[244.92, 339.12, 408, 376.48, 386.83, 401.5]","[1, 2, 2, 3, 3, 2]",13
assembly_1,6,0.1,subgraph_mip,combined,1000,343,1105,546,49.41,0.439,7.153,28.865,36.018,1.23,0.8456,0.0,408,0.0,244.92,408,55.757,45.37,"[339.12, 244.92, 408, 384, 379.31, 401.5]","[2, 1, 2, 3, 3, 2]",13
assembly_1,6,0.1,subgraph_mip,blended,1000,343,1105,192,17.38,0.439,6.127,6.766,12.894,3.42,0.848,0.28,408,0.0,278.83,408,43.533,35.93,"[339.12, 352.92, 408, 376.48, 278.83, 401.5]","[2, 2, 2, 3, 2, 2]",13
assembly_1,6,0.1,subgraph_mip,blended_union,1000,343,1105,328,29.68,0.439,18.5,33.913,52.413,0.84,0.8456,-0.0,408,0.0,244.92,408,55.757,45.37,"[339.12, 244.92, 408, 384, 379.31, 401.5]","[2, 1, 2, 3, 3, 2]",13
assembly_1,6,0.1,subgraph_mip,diverse,1000,343,1105,1100,99.55,0.439,1.655,44.639,46.294,0.95,0.8456,0.0,408,0.0,244.92,408,55.757,45.37,"[339.12, 244.92, 408, 384, 379.31, 401.5]","[2, 1, 2, 3, 3, 2]",13
assembly_1,6,0.1,subgraph_mip,edge_weight,2000,343,1105,185,16.74,0.439,12.092,28.447,40.539,1.09,0.8456,-0.0,408,0.0,244.92,408,55.757,45.37,"[339.12, 244.92, 408, 384, 379.31, 401.5]","[2, 1, 2, 3, 3, 2]",13
assembly_1,6,0.1,subgraph_mip,time_balanced_weight,2000,343,1105,617,55.84,0.439,11.6,28.07,39.67,1.11,0.9909,17.18,408,0.0,244.92,408,55.757,45.37,"[244.92, 339.12, 408, 384, 379.31, 401.5]","[1, 2, 2, 3, 3, 2]",13
assembly_1,6,0.1,subgraph_mip,combined,2000,343,1105,666,60.27,0.439,27.829,40.044,67.874,0.65,0.8456,-0.0,408,0.0,244.92,408,55.757,45.37,"[339.12, 244.92, 408, 384, 379.31, 401.5]","[2, 1, 2, 3, 3, 2]",13
assembly_1,6,0.1,subgraph_mip,blended,2000,343,1105,240,21.72,0.439,15.6,11.003,26.602,1.66,0.8456,-0.0,408,0.0,244.92,408,55.757,45.37,"[339.12, 244.92, 408, 384, 379.31, 401.5]","[2, 1, 2, 3, 3, 2]",13
assembly_1,6,0.1,subgraph_mip,blended_union,2000,343,1105,423,38.28,0.439,49.126,24.143,73.269,0.6,0.8456,-0.0,408,0.0,244.92,408,55.757,45.37,"[339.12, 244.92, 408, 384, 379.31, 401.5]","[2, 1, 2, 3, 3, 2]",13
assembly_1,6,0.1,subgraph_mip,diverse,2000,343,1105,1105,100.0,0.439,4.351,50.375,54.726,0.81,0.8456,0.0,408,0.0,244.92,408,55.757,45.37,"[339.12, 244.92, 408, 384, 379.31, 401.5]","[2, 1, 2, 3, 3, 2]",13
assembly_1,6,0.1,subgraph_mip,edge_weight,5000,343,1105,232,21.0,0.439,29.74,30.128,59.868,0.74,0.8456,-0.0,408,0.0,244.92,408,55.757,45.37,"[339.12, 244.92, 408, 384, 379.31, 401.5]","[2, 1, 2, 3, 3, 2]",13
assembly_1,6,0.1,subgraph_mip,time_balanced_weight,5000,343,1105,768,69.5,0.439,28.446,70.695,99.141,0.45,0.9882,16.87,408,0.0,244.92,408,55.82,45.37,"[244.92, 339.12, 408, 376.48, 386.83, 401.5]","[1, 2, 2, 3, 3, 2]",13
assembly_1,6,0.1,subgraph_mip,combined,5000,343,1105,809,73.21,0.439,58.134,23.188,81.322,0.54,0.8456,0.0,408,0.0,244.92,408,55.757,45.37,"[339.12, 244.92, 408, 384, 379.31, 401.5]","[2, 1, 2, 3, 3, 2]",13
assembly_1,6,0.1,subgraph_mip,blended,5000,343,1105,300,27.15,0.439,34.47,26.776,61.246,0.72,0.8456,0.0,408,0.0,244.92,408,55.757,45.37,"[339.12, 244.92, 408, 384, 379.31, 401.5]","[2, 1, 2, 3, 3, 2]",13
assembly_1,6,0.1,subgraph_mip,blended_union,5000,343,1105,532,48.14,0.439,118.892,27.962,146.854,0.3,0.8456,0.0,408,0.0,244.92,408,55.757,45.37,"[339.12, 244.92, 408, 384, 379.31, 401.5]","[2, 1, 2, 3, 3, 2]",13
assembly_1,6,0.1,subgraph_mip,diverse,5000,343,1105,1105,100.0,0.439,9.625,56.693,66.317,0.67,0.8456,0.0,408,0.0,244.92,408,55.757,45.37,"[339.12, 244.92, 408, 384, 379.31, 401.5]","[2, 1, 2, 3, 3, 2]",13
assembly_1,6,0.15,full_mip,—,,343,1105,1105,100.0,0.471,0.0,57.526,57.526,1.0,0.8512,0.0,408,0.0,244.92,408,55.757,45.37,"[339.12, 244.92, 408, 384, 379.31, 401.5]","[2, 1, 2, 3, 3, 2]",13
assembly_1,6,0.15,subgraph_mip,edge_weight,1,343,1105,13,1.18,0.471,0.001,0.64,0.642,89.64,0.8764,2.96,484.48,18.75,244.92,484.48,86.653,66.64,"[339.12, 244.92, 408, 484.48, 420.13, 260.2]","[2, 1, 2, 4, 2, 2]",13
assembly_1,6,0.15,subgraph_mip,time_balanced_weight,1,343,1105,13,1.18,0.471,0.001,0.385,0.386,149.2,1.1435,34.34,444.83,9.03,242,444.83,83.119,56.42,"[242, 244.92, 410.92, 444.83, 412.68, 401.5]","[1, 1, 2, 3, 4, 2]",13
assembly_1,6,0.15,subgraph_mip,combined,1,343,1105,26,2.35,0.471,0.004,1.737,1.74,33.05,0.8764,2.96,484.48,18.75,244.92,484.48,86.653,66.64,"[339.12, 244.92, 408, 484.48, 420.13, 260.2]","[2, 1, 2, 4, 2, 2]",13
assembly_1,6,0.15,subgraph_mip,blended,1,343,1105,13,1.18,0.471,0.002,0.958,0.96,59.95,0.8607,1.12,408,0.0,339.12,408,22.682,19.16,"[339.12, 352.92, 408, 350.63, 345.5, 360.68]","[2, 2, 2, 2, 2, 3]",13
assembly_1,6,0.15,subgraph_mip,blended_union,1,343,1105,36,3.26,0.471,0.026,2.861,2.887,19.92,0.8682,2.0,420.13,2.97,260.2,420.13,52.519,44.49,"[339.12, 408, 354.92, 374.48, 420.13, 260.2]","[2, 2, 2, 3, 2, 2]",13
assembly_1,6,0.15,subgraph_mip,diverse,1,343,1105,13,1.18,0.471,0.009,0.88,0.888,64.75,0.8607,1.12,408,0.0,339.12,408,22.682,19.16,"[339.12, 352.92, 408, 350.63, 345.5, 360.68]","[2, 2, 2, 2, 2, 3]",13
assembly_1,6,0.15,subgraph_mip,edge_weight,2,343,1105,15,1.36,0.471,0.009,0.51,0.519,110.89,0.8764,2.96,484.48,18.75,244.92,484.48,86.653,66.64,"[339.12, 244.92, 408, 484.48, 420.13, 260.2]","[2, 1, 2, 4, 2, 2]",13
assembly_1,6,0.15,subgraph_mip,time_balanced_weight,2,343,1105,15,1.36,0.471,0.008,2.346,2.355,24.43,1.1353,33.38,444.83,9.03,242,444.83,83.119,56.42,"[244.92, 242, 410.92, 444.83, 412.68, 401.5]","[1, 1, 2, 3, 4, 2]",13
assembly_1,6,0.15,subgraph_mip,combined,2,343,1105,30,2.71,0.471,0.008,1.706,1.714,33.57,0.8764,2.96,484.48,18.75,244.92,484.48,86.653,66.64,"[339.12, 244.92, 408, 484.48, 420.13, 260.2]","[2, 1, 2, 4, 2, 2]",13
assembly_1,6,0.15,subgraph_mip,blended,2,343,1105,15,1.36,0.471,0.004,0.261,0.265,217.07,0.8607,1.12,408,0.0,339.12,408,22.682,19.16,"[339.12, 352.92, 408, 350.63, 345.5, 360.68]","[2, 2, 2, 2, 2, 3]",13
assembly_1,6,0.15,subgraph_mip,blended_union,2,343,1105,42,3.8,0.471,0.021,0.836,0.856,67.19,0.8682,2.0,420.13,2.97,260.2,420.13,52.519,44.49,"[339.12, 408, 354.92, 374.48, 420.13, 260.2]","[2, 2, 2, 3, 2, 2]",13
assembly_1,6,0.15,subgraph_mip,diverse,2,343,1105,26,2.35,0.471,0.004,1.858,1.862,30.9,0.8607,1.12,408,0.0,339.12,408,22.682,19.16,"[339.12, 352.92, 408, 350.63, 345.5, 360.68]","[2, 2, 2, 2, 2, 3]",13
assembly_1,6,0.15,subgraph_mip,edge_weight,5,343,1105,21,1.9,0.471,0.012,1.202,1.214,47.39,0.8764,2.96,484.48,18.75,244.92,484.48,86.653,66.64,"[339.12, 244.92, 408, 484.48, 420.13, 260.2]","[2, 1, 2, 4, 2, 2]",13
assembly_1,6,0.15,subgraph_mip,time_balanced_weight,5,343,1105,42,3.8,0.471,0.03,2.194,2.224,25.87,1.1353,33.38,444.83,9.03,242,444.83,83.119,56.42,"[244.92, 242, 410.92, 444.83, 412.68, 401.5]","[1, 1, 2, 3, 4, 2]",13
assembly_1,6,0.15,subgraph_mip,combined,5,343,1105,62,5.61,0.471,0.055,2.626,2.681,21.46,0.8764,2.96,484.48,18.75,244.92,484.48,86.653,66.64,"[339.12, 244.92, 408, 484.48, 420.13, 260.2]","[2, 1, 2, 4, 2, 2]",13
assembly_1,6,0.15,subgraph_mip,blended,5,343,1105,21,1.9,0.471,0.011,1.211,1.222,47.08,0.8607,1.12,408,0.0,339.12,408,22.682,19.16,"[339.12, 352.92, 408, 350.63, 345.5, 360.68]","[2, 2, 2, 2, 2, 3]",13
assembly_1,6,0.15,subgraph_mip,blended_union,5,343,1105,60,5.43,0.471,0.06,2.113,2.173,26.47,0.8682,2.0,420.13,2.97,260.2,420.13,52.519,44.49,"[339.12, 408, 354.92, 374.48, 420.13, 260.2]","[2, 2, 2, 3, 2, 2]",13
assembly_1,6,0.15,subgraph_mip,diverse,5,343,1105,65,5.88,0.471,0.015,3.384,3.399,16.92,0.8607,1.12,408,0.0,339.12,408,22.682,19.16,"[339.12, 352.92, 408, 350.63, 345.5, 360.68]","[2, 2, 2, 2, 2, 3]",13
assembly_1,6,0.15,subgraph_mip,edge_weight,10,343,1105,24,2.17,0.471,0.026,1.115,1.141,50.43,0.8764,2.96,484.48,18.75,244.92,484.48,86.653,66.64,"[339.12, 244.92, 408, 484.48, 420.13, 260.2]","[2, 1, 2, 4, 2, 2]",13
assembly_1,6,0.15,subgraph_mip,time_balanced_weight,10,343,1105,59,5.34,0.471,0.037,1.924,1.961,29.34,1.1304,32.81,460.63,12.9,242,460.63,84.624,60.82,"[244.92, 242, 410.92, 460.63, 396.88, 401.5]","[1, 1, 2, 3, 4, 2]",13
assembly_1,6,0.15,subgraph_mip,combined,10,343,1105,82,7.42,0.471,0.086,2.142,2.228,25.82,0.8764,2.96,484.48,18.75,244.92,484.48,86.653,66.64,"[339.12, 244.92, 408, 484.48, 420.13, 260.2]","[2, 1, 2, 4, 2, 2]",13
assembly_1,6,0.15,subgraph_mip,blended,10,343,1105,24,2.17,0.471,0.032,0.734,0.766,75.07,0.8607,1.12,408,0.0,339.12,408,22.682,19.16,"[339.12, 352.92, 408, 350.63, 345.5, 360.68]","[2, 2, 2, 2, 2, 3]",13
assembly_1,6,0.15,subgraph_mip,blended_union,10,343,1105,68,6.15,0.471,0.147,1.929,2.076,27.71,0.8682,2.0,420.13,2.97,260.2,420.13,52.519,44.49,"[339.12, 408, 354.92, 374.48, 420.13, 260.2]","[2, 2, 2, 3, 2, 2]",13
assembly_1,6,0.15,subgraph_mip,diverse,10,343,1105,126,11.4,0.471,0.016,5.54,5.556,10.35,0.8607,1.12,408,0.0,339.12,408,22.682,19.16,"[339.12, 352.92, 408, 350.63, 345.5, 360.68]","[2, 2, 2, 2, 2, 3]",13
assembly_1,6,0.15,subgraph_mip,edge_weight,20,343,1105,35,3.17,0.471,0.082,0.948,1.03,55.86,0.8512,0.0,408,0.0,244.92,408,55.757,45.37,"[339.12, 244.92, 408, 384, 379.31, 401.5]","[2, 1, 2, 3, 3, 2]",13
assembly_1,6,0.15,subgraph_mip,time_balanced_weight,20,343,1105,74,6.7,0.471,0.093,1.464,1.557,36.95,1.0321,21.26,408,0.0,304.68,408,35.728,28.74,"[339.12, 408, 350.63, 304.68, 352.92, 401.5]","[2, 2, 2, 3, 2, 2]",13
assembly_1,6,0.15,subgraph_mip,combined,20,343,1105,107,9.68,0.471,0.193,2.495,2.688,21.4,0.8512,0.0,408,0.0,244.92,408,55.757,45.37,"[339.12, 244.92, 408, 384, 379.31, 401.5]","[2, 1, 2, 3, 3, 2]",13
assembly_1,6,0.15,subgraph_mip,blended,20,343,1105,37,3.35,0.471,0.151,1.728,1.879,30.62,0.8607,1.12,408,0.0,339.12,408,22.682,19.16,"[339.12, 352.92, 408, 350.63, 345.5, 360.68]","[2, 2, 2, 2, 2, 3]",13
assembly_1,6,0.15,subgraph_mip,blended_union,20,343,1105,78,7.06,0.471,0.276,2.533,2.809,20.48,0.8512,0.0,408,0.0,244.92,408,55.757,45.37,"[339.12, 244.92, 408, 384, 379.31, 401.5]","[2, 1, 2, 3, 3, 2]",13
assembly_1,6,0.15,subgraph_mip,diverse,20,343,1105,239,21.63,0.471,0.015,5.709,5.723,10.05,0.8607,1.12,408,0.0,339.12,408,22.682,19.16,"[339.12, 352.92, 408, 350.63, 345.5, 360.68]","[2, 2, 2, 2, 2, 3]",13
assembly_1,6,0.15,subgraph_mip,edge_weight,50,343,1105,54,4.89,0.471,0.73,2.996,3.726,15.44,0.8512,-0.0,408,0.0,244.92,408,55.757,45.37,"[339.12, 244.92, 408, 384, 379.31, 401.5]","[2, 1, 2, 3, 3, 2]",13
assembly_1,6,0.15,subgraph_mip,time_balanced_weight,50,343,1105,140,12.67,0.471,0.848,3.882,4.73,12.16,1.0317,21.21,408,0.0,304.68,408,35.728,28.74,"[339.12, 408, 350.63, 304.68, 401.5, 352.92]","[2, 2, 2, 3, 2, 2]",13
assembly_1,6,0.15,subgraph_mip,combined,50,343,1105,188,17.01,0.471,0.417,3.721,4.138,13.9,0.8512,0.0,408,0.0,244.92,408,55.757,45.37,"[339.12, 244.92, 408, 384, 379.31, 401.5]","[2, 1, 2, 3, 3, 2]",13
assembly_1,6,0.15,subgraph_mip,blended,50,343,1105,60,5.43,0.471,0.233,1.51,1.743,33.01,0.8607,1.12,408,0.0,339.12,408,22.682,19.16,"[339.12, 352.92, 408, 350.63, 345.5, 360.68]","[2, 2, 2, 2, 2, 3]",13
assembly_1,6,0.15,subgraph_mip,blended_union,50,343,1105,112,10.14,0.471,0.71,5.59,6.301,9.13,0.8512,0.0,408,0.0,244.92,408,55.757,45.37,"[339.12, 244.92, 408, 384, 379.31, 401.5]","[2, 1, 2, 3, 3, 2]",13
assembly_1,6,0.15,subgraph_mip,diverse,50,343,1105,506,45.79,0.471,0.048,21.193,21.242,2.71,0.8554,0.5,408,0.0,244.92,408,55.82,45.37,"[339.12, 244.92, 408, 376.48, 386.83, 401.5]","[2, 1, 2, 3, 3, 2]",13
assembly_1,6,0.15,subgraph_mip,edge_weight,100,343,1105,78,7.06,0.471,0.635,4.158,4.793,12.0,0.8512,-0.0,408,0.0,244.92,408,55.757,45.37,"[339.12, 244.92, 408, 384, 379.31, 401.5]","[2, 1, 2, 3, 3, 2]",13
assembly_1,6,0.15,subgraph_mip,time_balanced_weight,100,343,1105,202,18.28,0.471,0.822,5.822,6.644,8.66,1.0027,17.8,412.68,1.15,244.92,412.68,58.548,46.67,"[339.12, 244.92, 408, 350.63, 401.5, 412.68]","[2, 1, 2, 2, 2, 4]",13
assembly_1,6,0.15,subgraph_mip,combined,100,343,1105,262,23.71,0.471,1.057,9.656,10.713,5.37,0.8512,-0.0,408,0.0,244.92,408,55.757,45.37,"[339.12, 244.92, 408, 384, 379.31, 401.5]","[2, 1, 2, 3, 3, 2]",13
assembly_1,6,0.15,subgraph_mip,blended,100,343,1105,74,6.7,0.471,0.606,3.339,3.945,14.58,0.8607,1.12,408,0.0,339.12,408,22.682,19.16,"[339.12, 352.92, 408, 350.63, 345.5, 360.68]","[2, 2, 2, 2, 2, 3]",13
assembly_1,6,0.15,subgraph_mip,blended_union,100,343,1105,155,14.03,0.471,1.692,9.539,11.231,5.12,0.8512,0.0,408,0.0,244.92,408,55.757,45.37,"[339.12, 244.92, 408, 384, 379.31, 401.5]","[2, 1, 2, 3, 3, 2]",13
assembly_1,6,0.15,subgraph_mip,diverse,100,343,1105,748,67.69,0.471,0.107,75.796,75.903,0.76,0.8554,0.5,408,0.0,244.92,408,55.82,45.37,"[339.12, 244.92, 408, 376.48, 386.83, 401.5]","[2, 1, 2, 3, 3, 2]",13
assembly_1,6,0.15,subgraph_mip,edge_weight,200,343,1105,95,8.6,0.471,1.847,4.471,6.318,9.11,0.8512,-0.0,408,0.0,244.92,408,55.757,45.37,"[339.12, 244.92, 408, 384, 379.31, 401.5]","[2, 1, 2, 3, 3, 2]",13
assembly_1,6,0.15,subgraph_mip,time_balanced_weight,200,343,1105,254,22.99,0.471,1.251,4.817,6.068,9.48,1.0027,17.8,412.68,1.15,244.92,412.68,58.548,46.67,"[244.92, 339.12, 408, 350.63, 401.5, 412.68]","[1, 2, 2, 2, 2, 4]",13
assembly_1,6,0.15,subgraph_mip,combined,200,343,1105,327,29.59,0.471,2.291,16.061,18.352,3.13,0.8512,0.0,408,0.0,244.92,408,55.757,45.37,"[339.12, 244.92, 408, 384, 379.31, 401.5]","[2, 1, 2, 3, 3, 2]",13
assembly_1,6,0.15,subgraph_mip,blended,200,343,1105,87,7.87,0.471,0.821,3.64,4.461,12.9,0.8607,1.12,408,0.0,339.12,408,22.682,19.16,"[339.12, 352.92, 408, 350.63, 345.5, 360.68]","[2, 2, 2, 2, 2, 3]",13
assembly_1,6,0.15,subgraph_mip,blended_union,200,343,1105,222,20.09,0.471,4.248,13.422,17.67,3.26,0.8512,0.0,408,0.0,244.92,408,55.757,45.37,"[339.12, 244.92, 408, 384, 379.31, 401.5]","[2, 1, 2, 3, 3, 2]",13
assembly_1,6,0.15,subgraph_mip,diverse,200,343,1105,905,81.9,0.471,0.398,43.054,43.452,1.32,0.8537,0.3,408,0.0,244.92,408,55.757,45.37,"[339.12, 244.92, 408, 384, 379.31, 401.5]","[2, 1, 2, 3, 3, 2]",13
assembly_1,6,0.15,subgraph_mip,edge_weight,500,343,1105,108,9.77,0.471,2.465,6.782,9.247,6.22,0.8512,0.0,408,0.0,244.92,408,55.757,45.37,"[339.12, 244.92, 408, 384, 379.31, 401.5]","[2, 1, 2, 3, 3, 2]",13
assembly_1,6,0.15,subgraph_mip,time_balanced_weight,500,343,1105,395,35.75,0.471,2.722,20.338,23.06,2.49,0.9889,16.18,408,0.0,244.92,408,55.82,45.37,"[244.92, 339.12, 408, 376.48, 386.83, 401.5]","[1, 2, 2, 3, 3, 2]",13
assembly_1,6,0.15,subgraph_mip,combined,500,343,1105,451,40.81,0.471,4.996,22.598,27.595,2.08,0.8512,0.0,408,0.0,244.92,408,55.757,45.37,"[339.12, 244.92, 408, 384, 379.31, 401.5]","[2, 1, 2, 3, 3, 2]",13
assembly_1,6,0.15,subgraph_mip,blended,500,343,1105,135,12.22,0.471,3.003,7.604,10.607,5.42,0.8607,1.12,408,0.0,339.12,408,22.682,19.16,"[339.12, 352.92, 408, 350.63, 345.5, 360.68]","[2, 2, 2, 2, 2, 3]",13
assembly_1,6,0.15,subgraph_mip,blended_union,500,343,1105,268,24.25,0.471,9.863,26.487,36.35,1.58,0.8512,0.0,408,0.0,244.92,408,55.757,45.37,"[339.12, 244.92, 408, 384, 379.31, 401.5]","[2, 1, 2, 3, 3, 2]",13
assembly_1,6,0.15,subgraph_mip,diverse,500,343,1105,1044,94.48,0.471,0.716,54.261,54.978,1.05,0.8514,0.02,408,0.0,244.92,408,55.82,45.37,"[339.12, 244.92, 408, 376.48, 386.83, 401.5]","[2, 1, 2, 3, 3, 2]",13
assembly_1,6,0.15,subgraph_mip,edge_weight,1000,343,1105,142,12.85,0.471,5.791,12.798,18.588,3.09,0.8512,0.0,408,0.0,244.92,408,55.757,45.37,"[339.12, 244.92, 408, 384, 379.31, 401.5]","[2, 1, 2, 3, 3, 2]",13
assembly_1,6,0.15,subgraph_mip,time_balanced_weight,1000,343,1105,471,42.62,0.471,6.095,17.356,23.451,2.45,0.9889,16.18,408,0.0,244.92,408,55.82,45.37,"[244.92, 339.12, 408, 376.48, 386.83, 401.5]","[1, 2, 2, 3, 3, 2]",13
assembly_1,6,0.15,subgraph_mip,combined,1000,343,1105,546,49.41,0.471,9.931,40.468,50.399,1.14,0.8512,0.0,408,0.0,244.92,408,55.757,45.37,"[339.12, 244.92, 408, 384, 379.31, 401.5]","[2, 1, 2, 3, 3, 2]",13
assembly_1,6,0.15,subgraph_mip,blended,1000,343,1105,171,15.48,0.471,6.072,10.583,16.655,3.45,0.8575,0.74,420.13,2.97,276,420.13,47.365,40.09,"[339.12, 352.92, 408, 276, 420.13, 360.68]","[2, 2, 2, 2, 2, 3]",13
assembly_1,6,0.15,subgraph_mip,blended_union,1000,343,1105,328,29.68,0.471,22.601,52.597,75.197,0.77,0.8512,0.0,408,0.0,244.92,408,55.757,45.37,"[339.12, 244.92, 408, 384, 379.31, 401.5]","[2, 1, 2, 3, 3, 2]",13
assembly_1,6,0.15,subgraph_mip,diverse,1000,343,1105,1100,99.55,0.471,1.488,73.929,75.417,0.76,0.8512,0.0,408,0.0,244.92,408,55.757,45.37,"[339.12, 244.92, 408, 384, 379.31, 401.5]","[2, 1, 2, 3, 3, 2]",13
assembly_1,6,0.15,subgraph_mip,edge_weight,2000,343,1105,185,16.74,0.471,11.08,11.476,22.556,2.55,0.8512,-0.0,408,0.0,244.92,408,55.757,45.37,"[339.12, 244.92, 408, 384, 379.31, 401.5]","[2, 1, 2, 3, 3, 2]",13
assembly_1,6,0.15,subgraph_mip,time_balanced_weight,2000,343,1105,617,55.84,0.471,13.387,41.218,54.605,1.05,0.9884,16.12,408,0.0,244.92,408,55.757,45.37,"[244.92, 339.12, 408, 384, 379.31, 401.5]","[1, 2, 2, 3, 3, 2]",13
assembly_1,6,0.15,subgraph_mip,combined,2000,343,1105,666,60.27,0.471,19.179,62.801,81.98,0.7,0.8512,0.0,408,0.0,244.92,408,55.757,45.37,"[339.12, 244.92, 408, 384, 379.31, 401.5]","[2, 1, 2, 3, 3, 2]",13
assembly_1,6,0.15,subgraph_mip,blended,2000,343,1105,221,20.0,0.471,8.401,7.285,15.686,3.67,0.8534,0.26,408,0.0,278.83,408,43.533,35.93,"[339.12, 352.92, 408, 376.48, 278.83, 401.5]","[2, 2, 2, 3, 2, 2]",13
assembly_1,6,0.15,subgraph_mip,blended_union,2000,343,1105,423,38.28,0.471,26.394,48.517,74.911,0.77,0.8512,0.0,408,0.0,244.92,408,55.757,45.37,"[339.12, 244.92, 408, 384, 379.31, 401.5]","[2, 1, 2, 3, 3, 2]",13
assembly_1,6,0.15,subgraph_mip,diverse,2000,343,1105,1105,100.0,0.471,1.774,93.346,95.12,0.6,0.8512,0.0,408,0.0,244.92,408,55.757,45.37,"[339.12, 244.92, 408, 384, 379.31, 401.5]","[2, 1, 2, 3, 3, 2]",13
assembly_1,6,0.15,subgraph_mip,edge_weight,5000,343,1105,232,21.0,0.471,51.038,15.87,66.908,0.86,0.8512,0.0,408,0.0,244.92,408,55.757,45.37,"[339.12, 244.92, 408, 384, 379.31, 401.5]","[2, 1, 2, 3, 3, 2]",13
assembly_1,6,0.15,subgraph_mip,time_balanced_weight,5000,343,1105,768,69.5,0.471,32.698,76.054,108.752,0.53,0.9859,15.82,408,0.0,244.92,408,55.82,45.37,"[244.92, 339.12, 408, 376.48, 386.83, 401.5]","[1, 2, 2, 3, 3, 2]",13
assembly_1,6,0.15,subgraph_mip,combined,5000,343,1105,809,73.21,0.471,68.01,40.19,108.2,0.53,0.8512,0.0,408,0.0,244.92,408,55.757,45.37,"[339.12, 244.92, 408, 384, 379.31, 401.5]","[2, 1, 2, 3, 3, 2]",13
assembly_1,6,0.15,subgraph_mip,blended,5000,343,1105,317,28.69,0.471,44.927,24.204,69.131,0.83,0.8512,0.0,408,0.0,244.92,408,55.757,45.37,"[339.12, 244.92, 408, 384, 379.31, 401.5]","[2, 1, 2, 3, 3, 2]",13
assembly_1,6,0.15,subgraph_mip,blended_union,5000,343,1105,532,48.14,0.471,124.309,20.676,144.985,0.4,0.8512,0.0,408,0.0,244.92,408,55.757,45.37,"[339.12, 244.92, 408, 384, 379.31, 401.5]","[2, 1, 2, 3, 3, 2]",13
assembly_1,6,0.15,subgraph_mip,diverse,5000,343,1105,1105,100.0,0.471,5.886,68.248,74.134,0.78,0.8512,0.0,408,0.0,244.92,408,55.757,45.37,"[339.12, 244.92, 408, 384, 379.31, 401.5]","[2, 1, 2, 3, 3, 2]",13
assembly_1,6,0.2,full_mip,—,,343,1105,1105,100.0,0.482,0.0,97.587,97.587,1.0,0.8567,0.0,408,0.0,244.92,408,55.757,45.37,"[339.12, 244.92, 408, 384, 379.31, 401.5]","[2, 1, 2, 3, 3, 2]",13
assembly_1,6,0.2,subgraph_mip,edge_weight,1,343,1105,13,1.18,0.482,0.001,0.562,0.563,173.36,0.8909,3.99,484.48,18.75,244.92,484.48,86.653,66.64,"[339.12, 244.92, 408, 484.48, 420.13, 260.2]","[2, 1, 2, 4, 2, 2]",13
assembly_1,6,0.2,subgraph_mip,time_balanced_weight,1,343,1105,13,1.18,0.482,0.001,0.709,0.71,137.45,1.1369,32.7,444.83,9.03,242,444.83,83.119,56.42,"[242, 244.92, 410.92, 444.83, 412.68, 401.5]","[1, 1, 2, 3, 4, 2]",13
assembly_1,6,0.2,subgraph_mip,combined,1,343,1105,26,2.35,0.482,0.002,1.41,1.411,69.15,0.8909,3.99,484.48,18.75,244.92,484.48,86.653,66.64,"[339.12, 244.92, 408, 484.48, 420.13, 260.2]","[2, 1, 2, 4, 2, 2]",13
assembly_1,6,0.2,subgraph_mip,blended,1,343,1105,13,1.18,0.482,0.001,0.251,0.251,388.37,0.8657,1.05,408,0.0,339.12,408,22.682,19.16,"[339.12, 352.92, 408, 350.63, 345.5, 360.68]","[2, 2, 2, 2, 2, 3]",13
assembly_1,6,0.2,subgraph_mip,blended_union,1,343,1105,36,3.26,0.482,0.011,2.725,2.737,35.66,0.8744,2.06,420.13,2.97,260.2,420.13,52.519,44.49,"[339.12, 408, 354.92, 374.48, 420.13, 260.2]","[2, 2, 2, 3, 2, 2]",13
assembly_1,6,0.2,subgraph_mip,diverse,1,343,1105,13,1.18,0.482,0.004,0.233,0.236,412.9,0.8657,1.05,408,0.0,339.12,408,22.682,19.16,"[339.12, 352.92, 408, 350.63, 345.5, 360.68]","[2, 2, 2, 2, 2, 3]",13
assembly_1,6,0.2,subgraph_mip,edge_weight,2,343,1105,15,1.36,0.482,0.004,1.54,1.544,63.21,0.8909,3.99,484.48,18.75,244.92,484.48,86.653,66.64,"[339.12, 244.92, 408, 484.48, 420.13, 260.2]","[2, 1, 2, 4, 2, 2]",13
assembly_1,6,0.2,subgraph_mip,time_balanced_weight,2,343,1105,15,1.36,0.482,0.01,1.242,1.252,77.93,1.1291,31.8,444.83,9.03,242,444.83,83.119,56.42,"[244.92, 242, 410.92, 444.83, 412.68, 401.5]","[1, 1, 2, 3, 4, 2]",13
assembly_1,6,0.2,subgraph_mip,combined,2,343,1105,30,2.71,0.482,0.018,1.492,1.51,64.63,0.8909,3.99,484.48,18.75,244.92,484.48,86.653,66.64,"[339.12, 244.92, 408, 484.48, 420.13, 260.2]","[2, 1, 2, 4, 2, 2]",13
assembly_1,6,0.2,subgraph_mip,blended,2,343,1105,15,1.36,0.482,0.008,0.642,0.65,150.11,0.8657,1.05,408,0.0,339.12,408,22.682,19.16,"[339.12, 352.92, 408, 350.63, 345.5, 360.68]","[2, 2, 2, 2, 2, 3]",13
assembly_1,6,0.2,subgraph_mip,blended_union,2,343,1105,42,3.8,0.482,0.035,1.247,1.283,76.07,0.8744,2.06,420.13,2.97,260.2,420.13,52.519,44.49,"[339.12, 408, 354.92, 374.48, 420.13, 260.2]","[2, 2, 2, 3, 2, 2]",13
assembly_1,6,0.2,subgraph_mip,diverse,2,343,1105,26,2.35,0.482,0.005,1.265,1.27,76.86,0.8657,1.05,408,0.0,339.12,408,22.682,19.16,"[339.12, 352.92, 408, 350.63, 345.5, 360.68]","[2, 2, 2, 2, 2, 3]",13
assembly_1,6,0.2,subgraph_mip,edge_weight,5,343,1105,21,1.9,0.482,0.027,1.335,1.362,71.66,0.8909,3.99,484.48,18.75,244.92,484.48,86.653,66.64,"[339.12, 244.92, 408, 484.48, 420.13, 260.2]","[2, 1, 2, 4, 2, 2]",13
assembly_1,6,0.2,subgraph_mip,time_balanced_weight,5,343,1105,42,3.8,0.482,0.039,1.24,1.278,76.33,1.1291,31.8,444.83,9.03,242,444.83,83.119,56.42,"[244.92, 242, 410.92, 444.83, 412.68, 401.5]","[1, 1, 2, 3, 4, 2]",13
assembly_1,6,0.2,subgraph_mip,combined,5,343,1105,62,5.61,0.482,0.037,2.42,2.457,39.71,0.8909,3.99,484.48,18.75,244.92,484.48,86.653,66.64,"[339.12, 244.92, 408, 484.48, 420.13, 260.2]","[2, 1, 2, 4, 2, 2]",13
assembly_1,6,0.2,subgraph_mip,blended,5,343,1105,21,1.9,0.482,0.011,0.738,0.749,130.27,0.8657,1.05,408,0.0,339.12,408,22.682,19.16,"[339.12, 352.92, 408, 350.63, 345.5, 360.68]","[2, 2, 2, 2, 2, 3]",13
assembly_1,6,0.2,subgraph_mip,blended_union,5,343,1105,60,5.43,0.482,0.075,2.878,2.953,33.04,0.8744,2.06,420.13,2.97,260.2,420.13,52.519,44.49,"[339.12, 408, 354.92, 374.48, 420.13, 260.2]","[2, 2, 2, 3, 2, 2]",13
assembly_1,6,0.2,subgraph_mip,diverse,5,343,1105,65,5.88,0.482,0.014,1.89,1.904,51.26,0.8657,1.05,408,0.0,339.12,408,22.682,19.16,"[339.12, 352.92, 408, 350.63, 345.5, 360.68]","[2, 2, 2, 2, 2, 3]",13
assembly_1,6,0.2,subgraph_mip,edge_weight,10,343,1105,24,2.17,0.482,0.048,0.892,0.94,103.78,0.8909,3.99,484.48,18.75,244.92,484.48,86.653,66.64,"[339.12, 244.92, 408, 484.48, 420.13, 260.2]","[2, 1, 2, 4, 2, 2]",13
assembly_1,6,0.2,subgraph_mip,time_balanced_weight,10,343,1105,59,5.34,0.482,0.059,2.269,2.328,41.92,1.1267,31.52,460.63,12.9,242,460.63,84.624,60.82,"[244.92, 242, 410.92, 460.63, 396.88, 401.5]","[1, 1, 2, 3, 4, 2]",13
assembly_1,6,0.2,subgraph_mip,combined,10,343,1105,82,7.42,0.482,0.107,2.267,2.375,41.09,0.8909,3.99,484.48,18.75,244.92,484.48,86.653,66.64,"[339.12, 244.92, 408, 484.48, 420.13, 260.2]","[2, 1, 2, 4, 2, 2]",13
assembly_1,6,0.2,subgraph_mip,blended,10,343,1105,24,2.17,0.482,0.035,1.14,1.174,83.09,0.8657,1.05,408,0.0,339.12,408,22.682,19.16,"[339.12, 352.92, 408, 350.63, 345.5, 360.68]","[2, 2, 2, 2, 2, 3]",13
assembly_1,6,0.2,subgraph_mip,blended_union,10,343,1105,68,6.15,0.482,0.115,3.315,3.43,28.45,0.8744,2.06,420.13,2.97,260.2,420.13,52.519,44.49,"[339.12, 408, 354.92, 374.48, 420.13, 260.2]","[2, 2, 2, 3, 2, 2]",13
assembly_1,6,0.2,subgraph_mip,diverse,10,343,1105,126,11.4,0.482,0.011,1.624,1.635,59.68,0.8657,1.05,408,0.0,339.12,408,22.682,19.16,"[339.12, 352.92, 408, 350.63, 345.5, 360.68]","[2, 2, 2, 2, 2, 3]",13
assembly_1,6,0.2,subgraph_mip,edge_weight,20,343,1105,35,3.17,0.482,0.06,1.563,1.622,60.16,0.8567,-0.0,408,0.0,244.92,408,55.757,45.37,"[339.12, 244.92, 408, 384, 379.31, 401.5]","[2, 1, 2, 3, 3, 2]",13
assembly_1,6,0.2,subgraph_mip,time_balanced_weight,20,343,1105,74,6.7,0.482,0.092,1.281,1.373,71.08,1.027,19.88,408,0.0,304.68,408,35.728,28.74,"[339.12, 408, 350.63, 304.68, 352.92, 401.5]","[2, 2, 2, 3, 2, 2]",13
assembly_1,6,0.2,subgraph_mip,combined,20,343,1105,107,9.68,0.482,0.206,2.015,2.221,43.94,0.8567,-0.0,408,0.0,244.92,408,55.757,45.37,"[339.12, 244.92, 408, 384, 379.31, 401.5]","[2, 1, 2, 3, 3, 2]",13
assembly_1,6,0.2,subgraph_mip,blended,20,343,1105,41,3.71,0.482,0.088,1.615,1.703,57.3,0.8657,1.05,408,0.0,339.12,408,22.682,19.16,"[339.12, 352.92, 408, 350.63, 345.5, 360.68]","[2, 2, 2, 2, 2, 3]",13
assembly_1,6,0.2,subgraph_mip,blended_union,20,343,1105,78,7.06,0.482,0.311,3.151,3.462,28.19,0.8567,-0.0,408,0.0,244.92,408,55.757,45.37,"[339.12, 244.92, 408, 384, 379.31, 401.5]","[2, 1, 2, 3, 3, 2]",13
assembly_1,6,0.2,subgraph_mip,diverse,20,343,1105,239,21.63,0.482,0.016,3.254,3.271,29.84,0.8657,1.05,408,0.0,339.12,408,22.682,19.16,"[339.12, 352.92, 408, 350.63, 345.5, 360.68]","[2, 2, 2, 2, 2, 3]",13
assembly_1,6,0.2,subgraph_mip,edge_weight,50,343,1105,54,4.89,0.482,0.148,2.275,2.423,40.27,0.8567,-0.0,408,0.0,244.92,408,55.757,45.37,"[339.12, 244.92, 408, 384, 379.31, 401.5]","[2, 1, 2, 3, 3, 2]",13
assembly_1,6,0.2,subgraph_mip,time_balanced_weight,50,343,1105,140,12.67,0.482,0.214,2.355,2.569,37.98,1.0266,19.84,408,0.0,304.68,408,35.728,28.74,"[339.12, 408, 350.63, 304.68, 401.5, 352.92]","[2, 2, 2, 3, 2, 2]",13
assembly_1,6,0.2,subgraph_mip,combined,50,343,1105,188,17.01,0.482,0.384,3.258,3.642,26.8,0.8567,-0.0,408,0.0,244.92,408,55.757,45.37,"[339.12, 244.92, 408, 384, 379.31, 401.5]","[2, 1, 2, 3, 3, 2]",13
assembly_1,6,0.2,subgraph_mip,blended,50,343,1105,55,4.98,0.482,0.147,2.731,2.878,33.91,0.8657,1.05,408,0.0,339.12,408,22.682,19.16,"[339.12, 352.92, 408, 350.63, 345.5, 360.68]","[2, 2, 2, 2, 2, 3]",13
assembly_1,6,0.2,subgraph_mip,blended_union,50,343,1105,112,10.14,0.482,0.503,4.392,4.895,19.94,0.8567,-0.0,408,0.0,244.92,408,55.757,45.37,"[339.12, 244.92, 408, 384, 379.31, 401.5]","[2, 1, 2, 3, 3, 2]",13
assembly_1,6,0.2,subgraph_mip,diverse,50,343,1105,511,46.24,0.482,0.03,13.697,13.726,7.11,0.8593,0.31,408,0.0,244.92,408,55.757,45.37,"[339.12, 244.92, 408, 384, 379.31, 401.5]","[2, 1, 2, 3, 3, 2]",13
assembly_1,6,0.2,subgraph_mip,edge_weight,100,343,1105,78,7.06,0.482,0.392,2.715,3.107,31.41,0.8567,-0.0,408,0.0,244.92,408,55.757,45.37,"[339.12, 244.92, 408, 384, 379.31, 401.5]","[2, 1, 2, 3, 3, 2]",13
assembly_1,6,0.2,subgraph_mip,time_balanced_weight,100,343,1105,202,18.28,0.482,0.432,7.096,7.528,12.96,0.9994,16.66,408,0.0,329.7,408,25.754,21.78,"[339.12, 408, 354.92, 350.63, 329.7, 374.48]","[2, 2, 2, 2, 2, 3]",13
assembly_1,6,0.2,subgraph_mip,combined,100,343,1105,262,23.71,0.482,0.67,6.397,7.068,13.81,0.8567,-0.0,408,0.0,244.92,408,55.757,45.37,"[339.12, 244.92, 408, 384, 379.31, 401.5]","[2, 1, 2, 3, 3, 2]",13
assembly_1,6,0.2,subgraph_mip,blended,100,343,1105,71,6.43,0.482,0.496,1.659,2.155,45.29,0.8657,1.05,408,0.0,339.12,408,22.682,19.16,"[339.12, 352.92, 408, 350.63, 345.5, 360.68]","[2, 2, 2, 2, 2, 3]",13
assembly_1,6,0.2,subgraph_mip,blended_union,100,343,1105,155,14.03,0.482,1.153,6.423,7.576,12.88,0.8567,-0.0,408,0.0,244.92,408,55.757,45.37,"[339.12, 244.92, 408, 384, 379.31, 401.5]","[2, 1, 2, 3, 3, 2]",13
assembly_1,6,0.2,subgraph_mip,diverse,100,343,1105,746,67.51,0.482,0.064,64.237,64.302,1.52,0.8591,0.29,408,0.0,278.83,408,43.533,35.93,"[339.12, 352.92, 408, 376.48, 278.83, 401.5]","[2, 2, 2, 3, 2, 2]",13
assembly_1,6,0.2,subgraph_mip,edge_weight,200,343,1105,95,8.6,0.482,0.59,2.704,3.294,29.62,0.8567,-0.0,408,0.0,244.92,408,55.757,45.37,"[339.12, 244.92, 408, 384, 379.31, 401.5]","[2, 1, 2, 3, 3, 2]",13
assembly_1,6,0.2,subgraph_mip,time_balanced_weight,200,343,1105,254,22.99,0.482,0.777,3.045,3.822,25.53,0.9994,16.66,408,0.0,329.7,408,25.754,21.78,"[339.12, 408, 354.92, 350.63, 329.7, 374.48]","[2, 2, 2, 2, 2, 3]",13
assembly_1,6,0.2,subgraph_mip,combined,200,343,1105,327,29.59,0.482,1.372,7.395,8.768,11.13,0.8567,-0.0,408,0.0,244.92,408,55.757,45.37,"[339.12, 244.92, 408, 384, 379.31, 401.5]","[2, 1, 2, 3, 3, 2]",13
assembly_1,6,0.2,subgraph_mip,blended,200,343,1105,94,8.51,0.482,0.78,2.319,3.099,31.49,0.8657,1.05,408,0.0,339.12,408,22.682,19.16,"[339.12, 352.92, 408, 350.63, 345.5, 360.68]","[2, 2, 2, 2, 2, 3]",13
assembly_1,6,0.2,subgraph_mip,blended_union,200,343,1105,222,20.09,0.482,2.001,8.631,10.632,9.18,0.8567,-0.0,408,0.0,244.92,408,55.757,45.37,"[339.12, 244.92, 408, 384, 379.31, 401.5]","[2, 1, 2, 3, 3, 2]",13
assembly_1,6,0.2,subgraph_mip,diverse,200,343,1105,909,82.26,0.482,0.166,45.174,45.34,2.15,0.8569,0.02,408,0.0,244.92,408,55.82,45.37,"[339.12, 244.92, 408, 376.48, 386.83, 401.5]","[2, 1, 2, 3, 3, 2]",13
assembly_1,6,0.2,subgraph_mip,edge_weight,500,343,1105,108,9.77,0.482,1.304,4.206,5.51,17.71,0.8567,-0.0,408,0.0,244.92,408,55.757,45.37,"[339.12, 244.92, 408, 384, 379.31, 401.5]","[2, 1, 2, 3, 3, 2]",13
assembly_1,6,0.2,subgraph_mip,time_balanced_weight,500,343,1105,395,35.75,0.482,1.998,17.266,19.264,5.07,0.9863,15.13,408,0.0,244.92,408,55.82,45.37,"[339.12, 244.92, 408, 376.48, 386.83, 401.5]","[2, 1, 2, 3, 3, 2]",13
assembly_1,6,0.2,subgraph_mip,combined,500,343,1105,451,40.81,0.482,3.234,16.774,20.008,4.88,0.8567,-0.0,408,0.0,244.92,408,55.757,45.37,"[339.12, 244.92, 408, 384, 379.31, 401.5]","[2, 1, 2, 3, 3, 2]",13
assembly_1,6,0.2,subgraph_mip,blended,500,343,1105,137,12.4,0.482,1.944,3.498,5.442,17.93,0.8657,1.05,408,0.0,339.12,408,22.682,19.16,"[339.12, 352.92, 408, 350.63, 345.5, 360.68]","[2, 2, 2, 2, 2, 3]",13
assembly_1,6,0.2,subgraph_mip,blended_union,500,343,1105,268,24.25,0.482,5.39,13.605,18.996,5.14,0.8567,-0.0,408,0.0,244.92,408,55.757,45.37,"[339.12, 244.92, 408, 384, 379.31, 401.5]","[2, 1, 2, 3, 3, 2]",13
assembly_1,6,0.2,subgraph_mip,diverse,500,343,1105,1045,94.57,0.482,0.408,47.607,48.015,2.03,0.8569,0.02,408,0.0,244.92,408,55.82,45.37,"[339.12, 244.92, 408, 376.48, 386.83, 401.5]","[2, 1, 2, 3, 3, 2]",13
assembly_1,6,0.2,subgraph_mip,edge_weight,1000,343,1105,142,12.85,0.482,5.276,8.455,13.731,7.11,0.8567,0.0,408,0.0,244.92,408,55.757,45.37,"[339.12, 244.92, 408, 384, 379.31, 401.5]","[2, 1, 2, 3, 3, 2]",13
assembly_1,6,0.2,subgraph_mip,time_balanced_weight,1000,343,1105,471,42.62,0.482,6.204,28.381,34.585,2.82,0.9863,15.13,408,0.0,244.92,408,55.82,45.37,"[339.12, 244.92, 408, 376.48, 386.83, 401.5]","[2, 1, 2, 3, 3, 2]",13
assembly_1,6,0.2,subgraph_mip,combined,1000,343,1105,546,49.41,0.482,12.553,21.813,34.366,2.84,0.8567,-0.0,408,0.0,244.92,408,55.757,45.37,"[339.12, 244.92, 408, 384, 379.31, 401.5]","[2, 1, 2, 3, 3, 2]",13
assembly_1,6,0.2,subgraph_mip,blended,1000,343,1105,173,15.66,0.482,6.377,8.876,15.253,6.4,0.8657,1.05,408,0.0,339.12,408,22.682,19.16,"[339.12, 352.92, 408, 350.63, 345.5, 360.68]","[2, 2, 2, 2, 2, 3]",13
assembly_1,6,0.2,subgraph_mip,blended_union,1000,343,1105,328,29.68,0.482,22.56,13.606,36.166,2.7,0.8567,-0.0,408,0.0,244.92,408,55.757,45.37,"[339.12, 244.92, 408, 384, 379.31, 401.5]","[2, 1, 2, 3, 3, 2]",13
assembly_1,6,0.2,subgraph_mip,diverse,1000,343,1105,1101,99.64,0.482,2.078,126.474,128.552,0.76,0.8567,-0.0,408,0.0,244.92,408,55.757,45.37,"[339.12, 244.92, 408, 384, 379.31, 401.5]","[2, 1, 2, 3, 3, 2]",13
assembly_1,6,0.2,subgraph_mip,edge_weight,2000,343,1105,185,16.74,0.482,7.827,7.934,15.761,6.19,0.8567,-0.0,408,0.0,244.92,408,55.757,45.37,"[339.12, 244.92, 408, 384, 379.31, 401.5]","[2, 1, 2, 3, 3, 2]",13
assembly_1,6,0.2,subgraph_mip,time_balanced_weight,2000,343,1105,617,55.84,0.482,8.752,60.93,69.683,1.4,0.9859,15.08,408,0.0,244.92,408,55.757,45.37,"[244.92, 339.12, 408, 384, 379.31, 401.5]","[1, 2, 2, 3, 3, 2]",13
assembly_1,6,0.2,subgraph_mip,combined,2000,343,1105,666,60.27,0.482,14.69,56.276,70.966,1.38,0.8567,-0.0,408,0.0,244.92,408,55.757,45.37,"[339.12, 244.92, 408, 384, 379.31, 401.5]","[2, 1, 2, 3, 3, 2]",13
assembly_1,6,0.2,subgraph_mip,blended,2000,343,1105,212,19.19,0.482,9.352,12.844,22.196,4.4,0.8612,0.53,408,0.0,276,408,44.609,36.72,"[339.12, 352.92, 408, 276, 379.31, 401.5]","[2, 2, 2, 2, 3, 2]",13
assembly_1,6,0.2,subgraph_mip,blended_union,2000,343,1105,423,38.28,0.482,28.633,38.98,67.612,1.44,0.8567,-0.0,408,0.0,244.92,408,55.757,45.37,"[339.12, 244.92, 408, 384, 379.31, 401.5]","[2, 1, 2, 3, 3, 2]",13
assembly_1,6,0.2,subgraph_mip,diverse,2000,343,1105,1105,100.0,0.482,2.051,135.566,137.617,0.71,0.8567,0.0,408,0.0,244.92,408,55.757,45.37,"[339.12, 244.92, 408, 384, 379.31, 401.5]","[2, 1, 2, 3, 3, 2]",13
assembly_1,6,0.2,subgraph_mip,edge_weight,5000,343,1105,232,21.0,0.482,29.742,29.824,59.566,1.64,0.8567,-0.0,408,0.0,244.92,408,55.757,45.37,"[339.12, 244.92, 408, 384, 379.31, 401.5]","[2, 1, 2, 3, 3, 2]",13
assembly_1,6,0.2,subgraph_mip,time_balanced_weight,5000,343,1105,768,69.5,0.482,26.681,65.657,92.338,1.06,0.9835,14.8,408,0.0,244.92,408,55.82,45.37,"[244.92, 339.12, 408, 376.48, 386.83, 401.5]","[1, 2, 2, 3, 3, 2]",13
assembly_1,6,0.2,subgraph_mip,combined,5000,343,1105,809,73.21,0.482,67.292,69.826,137.119,0.71,0.8567,-0.0,408,0.0,244.92,408,55.757,45.37,"[339.12, 244.92, 408, 384, 379.31, 401.5]","[2, 1, 2, 3, 3, 2]",13
assembly_1,6,0.2,subgraph_mip,blended,5000,343,1105,325,29.41,0.482,41.701,24.795,66.495,1.47,0.8567,-0.0,408,0.0,244.92,408,55.757,45.37,"[339.12, 244.92, 408, 384, 379.31, 401.5]","[2, 1, 2, 3, 3, 2]",13
assembly_1,6,0.2,subgraph_mip,blended_union,5000,343,1105,532,48.14,0.482,130.989,22.079,153.068,0.64,0.8567,-0.0,408,0.0,244.92,408,55.757,45.37,"[339.12, 244.92, 408, 384, 379.31, 401.5]","[2, 1, 2, 3, 3, 2]",13
assembly_1,6,0.2,subgraph_mip,diverse,5000,343,1105,1105,100.0,0.482,5.733,116.647,122.38,0.8,0.8567,0.0,408,0.0,244.92,408,55.757,45.37,"[339.12, 244.92, 408, 384, 379.31, 401.5]","[2, 1, 2, 3, 3, 2]",13
assembly_1,6,0.25,full_mip,—,,343,1105,1105,100.0,0.493,0.0,144.094,144.094,1.0,0.8622,0.0,408,0.0,244.92,408,55.757,45.37,"[339.12, 244.92, 408, 384, 379.31, 401.5]","[2, 1, 2, 3, 3, 2]",13
assembly_1,6,0.25,subgraph_mip,edge_weight,1,343,1105,13,1.18,0.493,0.002,0.549,0.551,261.61,0.9053,5.0,484.48,18.75,244.92,484.48,86.653,66.64,"[339.12, 244.92, 408, 484.48, 420.13, 260.2]","[2, 1, 2, 4, 2, 2]",13
assembly_1,6,0.25,subgraph_mip,time_balanced_weight,1,343,1105,13,1.18,0.493,0.001,0.833,0.834,172.69,1.1302,31.08,444.83,9.03,242,444.83,83.119,56.42,"[242, 244.92, 410.92, 444.83, 412.68, 401.5]","[1, 1, 2, 3, 4, 2]",13
assembly_1,6,0.25,subgraph_mip,combined,1,343,1105,26,2.35,0.493,0.002,2.676,2.678,53.81,0.9053,5.0,484.48,18.75,244.92,484.48,86.653,66.64,"[339.12, 244.92, 408, 484.48, 420.13, 260.2]","[2, 1, 2, 4, 2, 2]",13
assembly_1,6,0.25,subgraph_mip,blended,1,343,1105,13,1.18,0.493,0.001,1.015,1.016,141.86,0.8707,0.98,408,0.0,339.12,408,22.682,19.16,"[339.12, 352.92, 408, 350.63, 345.5, 360.68]","[2, 2, 2, 2, 2, 3]",13
assembly_1,6,0.25,subgraph_mip,blended_union,1,343,1105,36,3.26,0.493,0.012,1.825,1.837,78.46,0.8806,2.13,420.13,2.97,260.2,420.13,52.519,44.49,"[339.12, 408, 354.92, 374.48, 420.13, 260.2]","[2, 2, 2, 3, 2, 2]",13
assembly_1,6,0.25,subgraph_mip,diverse,1,343,1105,13,1.18,0.493,0.004,0.945,0.948,151.92,0.8707,0.98,408,0.0,339.12,408,22.682,19.16,"[339.12, 352.92, 408, 350.63, 345.5, 360.68]","[2, 2, 2, 2, 2, 3]",13
assembly_1,6,0.25,subgraph_mip,edge_weight,2,343,1105,15,1.36,0.493,0.011,1.229,1.239,116.29,0.9053,5.0,484.48,18.75,244.92,484.48,86.653,66.64,"[339.12, 244.92, 408, 484.48, 420.13, 260.2]","[2, 1, 2, 4, 2, 2]",13
assembly_1,6,0.25,subgraph_mip,time_balanced_weight,2,343,1105,15,1.36,0.493,0.012,3.084,3.096,46.55,1.123,30.24,444.83,9.03,242,444.83,83.119,56.42,"[244.92, 242, 410.92, 444.83, 412.68, 401.5]","[1, 1, 2, 3, 4, 2]",13
assembly_1,6,0.25,subgraph_mip,combined,2,343,1105,30,2.71,0.493,0.022,1.614,1.636,88.05,0.9053,5.0,484.48,18.75,244.92,484.48,86.653,66.64,"[339.12, 244.92, 408, 484.48, 420.13, 260.2]","[2, 1, 2, 4, 2, 2]",13
assembly_1,6,0.25,subgraph_mip,blended,2,343,1105,15,1.36,0.493,0.004,0.814,0.819,175.99,0.8707,0.98,408,0.0,339.12,408,22.682,19.16,"[339.12, 352.92, 408, 350.63, 345.5, 360.68]","[2, 2, 2, 2, 2, 3]",13
assembly_1,6,0.25,subgraph_mip,blended_union,2,343,1105,42,3.8,0.493,0.043,6.993,7.036,20.48,0.8806,2.13,420.13,2.97,260.2,420.13,52.519,44.49,"[339.12, 408, 354.92, 374.48, 420.13, 260.2]","[2, 2, 2, 3, 2, 2]",13
assembly_1,6,0.25,subgraph_mip,diverse,2,343,1105,26,2.35,0.493,0.011,2.992,3.002,47.99,0.8707,0.98,408,0.0,339.12,408,22.682,19.16,"[339.12, 352.92, 408, 350.63, 345.5, 360.68]","[2, 2, 2, 2, 2, 3]",13
assembly_1,6,0.25,subgraph_mip,edge_weight,5,343,1105,21,1.9,0.493,0.014,1.394,1.407,102.38,0.9053,5.0,484.48,18.75,244.92,484.48,86.653,66.64,"[339.12, 244.92, 408, 484.48, 420.13, 260.2]","[2, 1, 2, 4, 2, 2]",13
assembly_1,6,0.25,subgraph_mip,time_balanced_weight,5,343,1105,42,3.8,0.493,0.017,2.011,2.028,71.05,1.123,30.24,444.83,9.03,242,444.83,83.119,56.42,"[244.92, 242, 410.92, 444.83, 412.68, 401.5]","[1, 1, 2, 3, 4, 2]",13
assembly_1,6,0.25,subgraph_mip,combined,5,343,1105,62,5.61,0.493,0.051,2.045,2.095,68.76,0.9053,5.0,484.48,18.75,244.92,484.48,86.653,66.64,"[339.12, 244.92, 408, 484.48, 420.13, 260.2]","[2, 1, 2, 4, 2, 2]",13
assembly_1,6,0.25,subgraph_mip,blended,5,343,1105,21,1.9,0.493,0.033,1.399,1.432,100.63,0.8707,0.98,408,0.0,339.12,408,22.682,19.16,"[339.12, 352.92, 408, 350.63, 345.5, 360.68]","[2, 2, 2, 2, 2, 3]",13
assembly_1,6,0.25,subgraph_mip,blended_union,5,343,1105,60,5.43,0.493,0.117,3.103,3.221,44.74,0.8806,2.13,420.13,2.97,260.2,420.13,52.519,44.49,"[339.12, 408, 354.92, 374.48, 420.13, 260.2]","[2, 2, 2, 3, 2, 2]",13
assembly_1,6,0.25,subgraph_mip,diverse,5,343,1105,65,5.88,0.493,0.007,3.376,3.383,42.59,0.8707,0.98,408,0.0,339.12,408,22.682,19.16,"[339.12, 352.92, 408, 350.63, 345.5, 360.68]","[2, 2, 2, 2, 2, 3]",13
assembly_1,6,0.25,subgraph_mip,edge_weight,10,343,1105,24,2.17,0.493,0.085,1.782,1.867,77.17,0.9053,5.0,484.48,18.75,244.92,484.48,86.653,66.64,"[339.12, 244.92, 408, 484.48, 420.13, 260.2]","[2, 1, 2, 4, 2, 2]",13
assembly_1,6,0.25,subgraph_mip,time_balanced_weight,10,343,1105,59,5.34,0.493,0.097,1.944,2.041,70.61,1.123,30.24,444.83,9.03,242,444.83,83.119,56.42,"[244.92, 242, 410.92, 444.83, 412.68, 401.5]","[1, 1, 2, 3, 4, 2]",13
assembly_1,6,0.25,subgraph_mip,combined,10,343,1105,82,7.42,0.493,0.182,2.887,3.069,46.95,0.9053,5.0,484.48,18.75,244.92,484.48,86.653,66.64,"[339.12, 244.92, 408, 484.48, 420.13, 260.2]","[2, 1, 2, 4, 2, 2]",13
assembly_1,6,0.25,subgraph_mip,blended,10,343,1105,24,2.17,0.493,0.09,1.522,1.611,89.42,0.8707,0.98,408,0.0,339.12,408,22.682,19.16,"[339.12, 352.92, 408, 350.63, 345.5, 360.68]","[2, 2, 2, 2, 2, 3]",13
assembly_1,6,0.25,subgraph_mip,blended_union,10,343,1105,68,6.15,0.493,0.281,2.094,2.375,60.66,0.8806,2.13,420.13,2.97,260.2,420.13,52.519,44.49,"[339.12, 408, 354.92, 374.48, 420.13, 260.2]","[2, 2, 2, 3, 2, 2]",13
assembly_1,6,0.25,subgraph_mip,diverse,10,343,1105,126,11.4,0.493,0.029,5.718,5.747,25.07,0.8707,0.98,408,0.0,339.12,408,22.682,19.16,"[339.12, 352.92, 408, 350.63, 345.5, 360.68]","[2, 2, 2, 2, 2, 3]",13
assembly_1,6,0.25,subgraph_mip,edge_weight,20,343,1105,35,3.17,0.493,0.07,2.56,2.63,54.79,0.8622,-0.0,408,0.0,244.92,408,55.757,45.37,"[339.12, 244.92, 408, 384, 379.31, 401.5]","[2, 1, 2, 3, 3, 2]",13
assembly_1,6,0.25,subgraph_mip,time_balanced_weight,20,343,1105,74,6.7,0.493,0.155,1.482,1.636,88.05,1.0219,18.52,408,0.0,304.68,408,35.728,28.74,"[339.12, 408, 350.63, 304.68, 352.92, 401.5]","[2, 2, 2, 3, 2, 2]",13
assembly_1,6,0.25,subgraph_mip,combined,20,343,1105,107,9.68,0.493,0.302,4.168,4.47,32.24,0.8622,-0.0,408,0.0,244.92,408,55.757,45.37,"[339.12, 244.92, 408, 384, 379.31, 401.5]","[2, 1, 2, 3, 3, 2]",13
assembly_1,6,0.25,subgraph_mip,blended,20,343,1105,41,3.71,0.493,0.14,3.688,3.828,37.64,0.8707,0.98,408,0.0,339.12,408,22.682,19.16,"[339.12, 352.92, 408, 350.63, 345.5, 360.68]","[2, 2, 2, 2, 2, 3]",13
assembly_1,6,0.25,subgraph_mip,blended_union,20,343,1105,78,7.06,0.493,0.384,2.942,3.327,43.31,0.8622,-0.0,408,0.0,244.92,408,55.757,45.37,"[339.12, 244.92, 408, 384, 379.31, 401.5]","[2, 1, 2, 3, 3, 2]",13
assembly_1,6,0.25,subgraph_mip,diverse,20,343,1105,239,21.63,0.493,0.04,5.808,5.847,24.64,0.8707,0.98,408,0.0,339.12,408,22.682,19.16,"[339.12, 352.92, 408, 350.63, 345.5, 360.68]","[2, 2, 2, 2, 2, 3]",13
assembly_1,6,0.25,subgraph_mip,edge_weight,50,343,1105,54,4.89,0.493,0.216,2.892,3.108,46.36,0.8622,-0.0,408,0.0,244.92,408,55.757,45.37,"[339.12, 244.92, 408, 384, 379.31, 401.5]","[2, 1, 2, 3, 3, 2]",13
assembly_1,6,0.25,subgraph_mip,time_balanced_weight,50,343,1105,140,12.67,0.493,0.398,2.547,2.945,48.93,1.0216,18.48,408,0.0,304.68,408,35.728,28.74,"[339.12, 408, 350.63, 304.68, 401.5, 352.92]","[2, 2, 2, 3, 2, 2]",13
assembly_1,6,0.25,subgraph_mip,combined,50,343,1105,188,17.01,0.493,0.513,8.435,8.948,16.1,0.8622,-0.0,408,0.0,244.92,408,55.757,45.37,"[339.12, 244.92, 408, 384, 379.31, 401.5]","[2, 1, 2, 3, 3, 2]",13
assembly_1,6,0.25,subgraph_mip,blended,50,343,1105,67,6.06,0.493,0.291,3.738,4.028,35.77,0.8707,0.98,408,0.0,339.12,408,22.682,19.16,"[339.12, 352.92, 408, 350.63, 345.5, 360.68]","[2, 2, 2, 2, 2, 3]",13
assembly_1,6,0.25,subgraph_mip,blended_union,50,343,1105,112,10.14,0.493,0.749,4.044,4.793,30.06,0.8622,-0.0,408,0.0,244.92,408,55.757,45.37,"[339.12, 244.92, 408, 384, 379.31, 401.5]","[2, 1, 2, 3, 3, 2]",13
assembly_1,6,0.25,subgraph_mip,diverse,50,343,1105,506,45.79,0.493,0.042,26.424,26.467,5.44,0.8684,0.71,408,0.0,244.92,408,55.82,45.37,"[339.12, 244.92, 408, 376.48, 386.83, 401.5]","[2, 1, 2, 3, 3, 2]",13
assembly_1,6,0.25,subgraph_mip,edge_weight,100,343,1105,78,7.06,0.493,0.784,4.755,5.539,26.01,0.8622,0.0,408,0.0,244.92,408,55.757,45.37,"[339.12, 244.92, 408, 384, 379.31, 401.5]","[2, 1, 2, 3, 3, 2]",13
assembly_1,6,0.25,subgraph_mip,time_balanced_weight,100,343,1105,202,18.28,0.493,0.741,5.581,6.323,22.79,0.996,15.52,408,0.0,329.7,408,25.754,21.78,"[339.12, 408, 354.92, 350.63, 329.7, 374.48]","[2, 2, 2, 2, 2, 3]",13
assembly_1,6,0.25,subgraph_mip,combined,100,343,1105,262,23.71,0.493,1.322,12.52,13.842,10.41,0.8622,-0.0,408,0.0,244.92,408,55.757,45.37,"[339.12, 244.92, 408, 384, 379.31, 401.5]","[2, 1, 2, 3, 3, 2]",13
assembly_1,6,0.25,subgraph_mip,blended,100,343,1105,75,6.79,0.493,0.488,1.949,2.437,59.13,0.8707,0.98,408,0.0,339.12,408,22.682,19.16,"[339.12, 352.92, 408, 350.63, 345.5, 360.68]","[2, 2, 2, 2, 2, 3]",13
assembly_1,6,0.25,subgraph_mip,blended_union,100,343,1105,155,14.03,0.493,1.553,8.446,9.999,14.41,0.8622,0.0,408,0.0,244.92,408,55.757,45.37,"[339.12, 244.92, 408, 384, 379.31, 401.5]","[2, 1, 2, 3, 3, 2]",13
assembly_1,6,0.25,subgraph_mip,diverse,100,343,1105,747,67.6,0.493,0.153,41.767,41.919,3.44,0.8647,0.28,408,0.0,244.92,408,55.757,45.37,"[339.12, 244.92, 408, 384, 379.31, 401.5]","[2, 1, 2, 3, 3, 2]",13
assembly_1,6,0.25,subgraph_mip,edge_weight,200,343,1105,95,8.6,0.493,1.037,4.75,5.788,24.9,0.8622,-0.0,408,0.0,244.92,408,55.757,45.37,"[339.12, 244.92, 408, 384, 379.31, 401.5]","[2, 1, 2, 3, 3, 2]",13
assembly_1,6,0.25,subgraph_mip,time_balanced_weight,200,343,1105,254,22.99,0.493,1.312,6.213,7.525,19.15,0.996,15.52,408,0.0,329.7,408,25.754,21.78,"[339.12, 408, 354.92, 350.63, 329.7, 374.48]","[2, 2, 2, 2, 2, 3]",13
assembly_1,6,0.25,subgraph_mip,combined,200,343,1105,327,29.59,0.493,2.488,22.351,24.84,5.8,0.8622,-0.0,408,0.0,244.92,408,55.757,45.37,"[339.12, 244.92, 408, 384, 379.31, 401.5]","[2, 1, 2, 3, 3, 2]",13
assembly_1,6,0.25,subgraph_mip,blended,200,343,1105,95,8.6,0.493,1.272,6.793,8.065,17.87,0.8707,0.98,408,0.0,339.12,408,22.682,19.16,"[339.12, 352.92, 408, 350.63, 345.5, 360.68]","[2, 2, 2, 2, 2, 3]",13
assembly_1,6,0.25,subgraph_mip,blended_union,200,343,1105,222,20.09,0.493,3.472,16.415,19.887,7.25,0.8622,-0.0,408,0.0,244.92,408,55.757,45.37,"[339.12, 244.92, 408, 384, 379.31, 401.5]","[2, 1, 2, 3, 3, 2]",13
assembly_1,6,0.25,subgraph_mip,diverse,200,343,1105,909,82.26,0.493,0.265,244.393,244.658,0.59,0.8622,0.0,408,0.0,244.92,408,55.757,45.37,"[339.12, 244.92, 408, 384, 379.31, 401.5]","[2, 1, 2, 3, 3, 2]",13
assembly_1,6,0.25,subgraph_mip,edge_weight,500,343,1105,108,9.77,0.493,3.726,8.73,12.456,11.57,0.8622,-0.0,408,0.0,244.92,408,55.757,45.37,"[339.12, 244.92, 408, 384, 379.31, 401.5]","[2, 1, 2, 3, 3, 2]",13
assembly_1,6,0.25,subgraph_mip,time_balanced_weight,500,343,1105,395,35.75,0.493,2.763,42.598,45.361,3.18,0.9838,14.09,408,0.0,244.92,408,55.82,45.37,"[339.12, 244.92, 408, 376.48, 386.83, 401.5]","[2, 1, 2, 3, 3, 2]",13
assembly_1,6,0.25,subgraph_mip,combined,500,343,1105,451,40.81,0.493,6.426,44.182,50.608,2.85,0.8622,0.0,408,0.0,244.92,408,55.757,45.37,"[339.12, 244.92, 408, 384, 379.31, 401.5]","[2, 1, 2, 3, 3, 2]",13
assembly_1,6,0.25,subgraph_mip,blended,500,343,1105,136,12.31,0.493,2.461,8.766,11.227,12.83,0.8707,0.98,408,0.0,339.12,408,22.682,19.16,"[339.12, 352.92, 408, 350.63, 345.5, 360.68]","[2, 2, 2, 2, 2, 3]",13
assembly_1,6,0.25,subgraph_mip,blended_union,500,343,1105,268,24.25,0.493,9.87,20.487,30.357,4.75,0.8622,-0.0,408,0.0,244.92,408,55.757,45.37,"[339.12, 244.92, 408, 384, 379.31, 401.5]","[2, 1, 2, 3, 3, 2]",13
assembly_1,6,0.25,subgraph_mip,diverse,500,343,1105,1045,94.57,0.493,1.048,399.252,400.301,0.36,0.8622,0.0,408,0.0,244.92,408,55.757,45.37,"[339.12, 244.92, 408, 384, 379.31, 401.5]","[2, 1, 2, 3, 3, 2]",13
assembly_1,6,0.25,subgraph_mip,edge_weight,1000,343,1105,142,12.85,0.493,3.591,4.448,8.039,17.93,0.8622,-0.0,408,0.0,244.92,408,55.757,45.37,"[339.12, 244.92, 408, 384, 379.31, 401.5]","[2, 1, 2, 3, 3, 2]",13
assembly_1,6,0.25,subgraph_mip,time_balanced_weight,1000,343,1105,471,42.62,0.493,4.219,32.092,36.311,3.97,0.9838,14.09,408,0.0,244.92,408,55.82,45.37,"[244.92, 339.12, 408, 376.48, 386.83, 401.5]","[1, 2, 2, 3, 3, 2]",13
assembly_1,6,0.25,subgraph_mip,combined,1000,343,1105,546,49.41,0.493,7.954,25.527,33.482,4.3,0.8622,0.0,408,0.0,244.92,408,55.757,45.37,"[339.12, 244.92, 408, 384, 379.31, 401.5]","[2, 1, 2, 3, 3, 2]",13
assembly_1,6,0.25,subgraph_mip,blended,1000,343,1105,174,15.75,0.493,4.024,9.243,13.266,10.86,0.8707,0.98,408,0.0,339.12,408,22.682,19.16,"[339.12, 352.92, 408, 350.63, 345.5, 360.68]","[2, 2, 2, 2, 2, 3]",13
assembly_1,6,0.25,subgraph_mip,blended_union,1000,343,1105,328,29.68,0.493,11.9,22.767,34.667,4.16,0.8622,0.0,408,0.0,244.92,408,55.757,45.37,"[339.12, 244.92, 408, 384, 379.31, 401.5]","[2, 1, 2, 3, 3, 2]",13
assembly_1,6,0.25,subgraph_mip,diverse,1000,343,1105,1101,99.64,0.493,1.127,215.974,217.101,0.66,0.8622,0.0,408,0.0,244.92,408,55.757,45.37,"[339.12, 244.92, 408, 384, 379.31, 401.5]","[2, 1, 2, 3, 3, 2]",13
assembly_1,6,0.25,subgraph_mip,edge_weight,2000,343,1105,185,16.74,0.493,8.156,8.179,16.335,8.82,0.8622,-0.0,408,0.0,244.92,408,55.757,45.37,"[339.12, 244.92, 408, 384, 379.31, 401.5]","[2, 1, 2, 3, 3, 2]",13
assembly_1,6,0.25,subgraph_mip,time_balanced_weight,2000,343,1105,617,55.84,0.493,8.338,57.561,65.899,2.19,0.9833,14.04,408,0.0,244.92,408,55.757,45.37,"[339.12, 244.92, 408, 384, 379.31, 401.5]","[2, 1, 2, 3, 3, 2]",13
assembly_1,6,0.25,subgraph_mip,combined,2000,343,1105,666,60.27,0.493,15.955,57.905,73.86,1.95,0.8622,0.0,408,0.0,244.92,408,55.757,45.37,"[339.12, 244.92, 408, 384, 379.31, 401.5]","[2, 1, 2, 3, 3, 2]",13
assembly_1,6,0.25,subgraph_mip,blended,2000,343,1105,201,18.19,0.493,9.317,11.753,21.07,6.84,0.8707,0.98,408,0.0,339.12,408,22.682,19.16,"[339.12, 352.92, 408, 350.63, 345.5, 360.68]","[2, 2, 2, 2, 2, 3]",13
assembly_1,6,0.25,subgraph_mip,blended_union,2000,343,1105,423,38.28,0.493,28.327,22.094,50.421,2.86,0.8622,-0.0,408,0.0,244.92,408,55.757,45.37,"[339.12, 244.92, 408, 384, 379.31, 401.5]","[2, 1, 2, 3, 3, 2]",13
assembly_1,6,0.25,subgraph_mip,diverse,2000,343,1105,1105,100.0,0.493,2.189,148.323,150.512,0.96,0.8622,0.0,408,0.0,244.92,408,55.757,45.37,"[339.12, 244.92, 408, 384, 379.31, 401.5]","[2, 1, 2, 3, 3, 2]",13
assembly_1,6,0.25,subgraph_mip,edge_weight,5000,343,1105,232,21.0,0.493,32.625,17.046,49.671,2.9,0.8622,0.0,408,0.0,244.92,408,55.757,45.37,"[339.12, 244.92, 408, 384, 379.31, 401.5]","[2, 1, 2, 3, 3, 2]",13
assembly_1,6,0.25,subgraph_mip,time_balanced_weight,5000,343,1105,768,69.5,0.493,29.052,108.382,137.434,1.05,0.9811,13.78,408,0.0,244.92,408,55.82,45.37,"[244.92, 339.12, 408, 376.48, 386.83, 401.5]","[1, 2, 2, 3, 3, 2]",13
assembly_1,6,0.25,subgraph_mip,combined,5000,343,1105,809,73.21,0.493,60.47,61.794,122.264,1.18,0.8622,0.0,408,0.0,244.92,408,55.757,45.37,"[339.12, 244.92, 408, 384, 379.31, 401.5]","[2, 1, 2, 3, 3, 2]",13
assembly_1,6,0.25,subgraph_mip,blended,5000,343,1105,324,29.32,0.493,35.84,12.918,48.758,2.96,0.8642,0.23,408,0.0,278.83,408,43.533,35.93,"[339.12, 352.92, 408, 376.48, 278.83, 401.5]","[2, 2, 2, 3, 2, 2]",13
assembly_1,6,0.25,subgraph_mip,blended_union,5000,343,1105,532,48.14,0.493,107.995,61.706,169.702,0.85,0.8622,-0.0,408,0.0,244.92,408,55.757,45.37,"[339.12, 244.92, 408, 384, 379.31, 401.5]","[2, 1, 2, 3, 3, 2]",13
assembly_1,6,0.25,subgraph_mip,diverse,5000,343,1105,1105,100.0,0.493,5.36,146.5,151.86,0.95,0.8622,0.0,408,0.0,244.92,408,55.757,45.37,"[339.12, 244.92, 408, 384, 379.31, 401.5]","[2, 1, 2, 3, 3, 2]",13
assembly_1,6,0.3,full_mip,—,,343,1105,1105,100.0,0.407,0.0,257.042,257.042,1.0,0.8678,0.0,408,0.0,244.92,408,55.757,45.37,"[339.12, 244.92, 408, 384, 379.31, 401.5]","[2, 1, 2, 3, 3, 2]",13
assembly_1,6,0.3,subgraph_mip,edge_weight,1,343,1105,13,1.18,0.407,0.005,1.24,1.245,206.41,0.9198,6.0,484.48,18.75,244.92,484.48,86.653,66.64,"[339.12, 244.92, 408, 484.48, 420.13, 260.2]","[2, 1, 2, 4, 2, 2]",13
assembly_1,6,0.3,subgraph_mip,time_balanced_weight,1,343,1105,13,1.18,0.407,0.002,0.615,0.617,416.3,1.1236,29.48,444.83,9.03,242,444.83,83.119,56.42,"[242, 244.92, 410.92, 444.83, 412.68, 401.5]","[1, 1, 2, 3, 4, 2]",13
assembly_1,6,0.3,subgraph_mip,combined,1,343,1105,26,2.35,0.407,0.005,2.145,2.15,119.56,0.9198,6.0,484.48,18.75,244.92,484.48,86.653,66.64,"[339.12, 244.92, 408, 484.48, 420.13, 260.2]","[2, 1, 2, 4, 2, 2]",13
assembly_1,6,0.3,subgraph_mip,blended,1,343,1105,13,1.18,0.407,0.002,0.328,0.33,779.86,0.8757,0.91,408,0.0,339.12,408,22.682,19.16,"[339.12, 352.92, 408, 350.63, 345.5, 360.68]","[2, 2, 2, 2, 2, 3]",13
assembly_1,6,0.3,subgraph_mip,blended_union,1,343,1105,36,3.26,0.407,0.025,4.899,4.924,52.2,0.8868,2.19,420.13,2.97,260.2,420.13,52.519,44.49,"[339.12, 408, 354.92, 374.48, 420.13, 260.2]","[2, 2, 2, 3, 2, 2]",13
assembly_1,6,0.3,subgraph_mip,diverse,1,343,1105,13,1.18,0.407,0.01,0.658,0.667,385.12,0.8757,0.91,408,0.0,339.12,408,22.682,19.16,"[339.12, 352.92, 408, 350.63, 345.5, 360.68]","[2, 2, 2, 2, 2, 3]",13
assembly_1,6,0.3,subgraph_mip,edge_weight,2,343,1105,15,1.36,0.407,0.014,0.974,0.988,260.18,0.9198,6.0,484.48,18.75,244.92,484.48,86.653,66.64,"[339.12, 244.92, 408, 484.48, 420.13, 260.2]","[2, 1, 2, 4, 2, 2]",13
assembly_1,6,0.3,subgraph_mip,time_balanced_weight,2,343,1105,15,1.36,0.407,0.021,2.697,2.718,94.58,1.1168,28.7,444.83,9.03,242,444.83,83.119,56.42,"[244.92, 242, 410.92, 444.83, 412.68, 401.5]","[1, 1, 2, 3, 4, 2]",13
assembly_1,6,0.3,subgraph_mip,combined,2,343,1105,30,2.71,0.407,0.025,3.165,3.191,80.56,0.9198,6.0,484.48,18.75,244.92,484.48,86.653,66.64,"[339.12, 244.92, 408, 484.48, 420.13, 260.2]","[2, 1, 2, 4, 2, 2]",13
assembly_1,6,0.3,subgraph_mip,blended,2,343,1105,15,1.36,0.407,0.011,0.663,0.675,380.99,0.8757,0.91,408,0.0,339.12,408,22.682,19.16,"[339.12, 352.92, 408, 350.63, 345.5, 360.68]","[2, 2, 2, 2, 2, 3]",13
assembly_1,6,0.3,subgraph_mip,blended_union,2,343,1105,42,3.8,0.407,0.065,0.82,0.884,290.72,0.8868,2.19,420.13,2.97,260.2,420.13,52.519,44.49,"[339.12, 408, 354.92, 374.48, 420.13, 260.2]","[2, 2, 2, 3, 2, 2]",13
assembly_1,6,0.3,subgraph_mip,diverse,2,343,1105,26,2.35,0.407,0.012,2.829,2.841,90.49,0.8757,0.91,408,0.0,339.12,408,22.682,19.16,"[339.12, 352.92, 408, 350.63, 345.5, 360.68]","[2, 2, 2, 2, 2, 3]",13
assembly_1,6,0.3,subgraph_mip,edge_weight,5,343,1105,21,1.9,0.407,0.038,2.661,2.699,95.24,0.9198,6.0,484.48,18.75,244.92,484.48,86.653,66.64,"[339.12, 244.92, 408, 484.48, 420.13, 260.2]","[2, 1, 2, 4, 2, 2]",13
assembly_1,6,0.3,subgraph_mip,time_balanced_weight,5,343,1105,42,3.8,0.407,0.044,1.937,1.981,129.75,1.1168,28.7,444.83,9.03,242,444.83,83.119,56.42,"[244.92, 242, 410.92, 444.83, 412.68, 401.5]","[1, 1, 2, 3, 4, 2]",13
assembly_1,6,0.3,subgraph_mip,combined,5,343,1105,62,5.61,0.407,0.065,3.548,3.613,71.14,0.9198,6.0,484.48,18.75,244.92,484.48,86.653,66.64,"[339.12, 244.92, 408, 484.48, 420.13, 260.2]","[2, 1, 2, 4, 2, 2]",13
assembly_1,6,0.3,subgraph_mip,blended,5,343,1105,21,1.9,0.407,0.012,1.104,1.116,230.3,0.8757,0.91,408,0.0,339.12,408,22.682,19.16,"[339.12, 352.92, 408, 350.63, 345.5, 360.68]","[2, 2, 2, 2, 2, 3]",13
assembly_1,6,0.3,subgraph_mip,blended_union,5,343,1105,60,5.43,0.407,0.129,2.435,2.564,100.25,0.8868,2.19,420.13,2.97,260.2,420.13,52.519,44.49,"[339.12, 408, 354.92, 374.48, 420.13, 260.2]","[2, 2, 2, 3, 2, 2]",13
assembly_1,6,0.3,subgraph_mip,diverse,5,343,1105,65,5.88,0.407,0.017,6.82,6.838,37.59,0.8757,0.91,408,0.0,339.12,408,22.682,19.16,"[339.12, 352.92, 408, 350.63, 345.5, 360.68]","[2, 2, 2, 2, 2, 3]",13
assembly_1,6,0.3,subgraph_mip,edge_weight,10,343,1105,24,2.17,0.407,0.062,2.435,2.497,102.92,0.9198,6.0,484.48,18.75,244.92,484.48,86.653,66.64,"[339.12, 244.92, 408, 484.48, 420.13, 260.2]","[2, 1, 2, 4, 2, 2]",13
assembly_1,6,0.3,subgraph_mip,time_balanced_weight,10,343,1105,59,5.34,0.407,0.096,2.482,2.578,99.7,1.1168,28.7,444.83,9.03,242,444.83,83.119,56.42,"[244.92, 242, 410.92, 444.83, 412.68, 401.5]","[1, 1, 2, 3, 4, 2]",13
assembly_1,6,0.3,subgraph_mip,combined,10,343,1105,82,7.42,0.407,0.196,3.783,3.98,64.59,0.9198,6.0,484.48,18.75,244.92,484.48,86.653,66.64,"[339.12, 244.92, 408, 484.48, 420.13, 260.2]","[2, 1, 2, 4, 2, 2]",13
assembly_1,6,0.3,subgraph_mip,blended,10,343,1105,24,2.17,0.407,0.081,0.623,0.704,365.14,0.8757,0.91,408,0.0,339.12,408,22.682,19.16,"[339.12, 352.92, 408, 350.63, 345.5, 360.68]","[2, 2, 2, 2, 2, 3]",13
assembly_1,6,0.3,subgraph_mip,blended_union,10,343,1105,68,6.15,0.407,0.311,2.597,2.909,88.37,0.8868,2.19,420.13,2.97,260.2,420.13,52.519,44.49,"[339.12, 408, 354.92, 374.48, 420.13, 260.2]","[2, 2, 2, 3, 2, 2]",13
assembly_1,6,0.3,subgraph_mip,diverse,10,343,1105,126,11.4,0.407,0.031,2.577,2.608,98.54,0.8757,0.91,408,0.0,339.12,408,22.682,19.16,"[339.12, 352.92, 408, 350.63, 345.5, 360.68]","[2, 2, 2, 2, 2, 3]",13
assembly_1,6,0.3,subgraph_mip,edge_weight,20,343,1105,35,3.17,0.407,0.164,1.604,1.768,145.4,0.8678,0.0,408,0.0,244.92,408,55.757,45.37,"[339.12, 244.92, 408, 384, 379.31, 401.5]","[2, 1, 2, 3, 3, 2]",13
assembly_1,6,0.3,subgraph_mip,time_balanced_weight,20,343,1105,74,6.7,0.407,0.143,1.24,1.383,185.9,1.0168,17.17,408,0.0,304.68,408,35.728,28.74,"[339.12, 408, 350.63, 304.68, 352.92, 401.5]","[2, 2, 2, 3, 2, 2]",13
assembly_1,6,0.3,subgraph_mip,combined,20,343,1105,107,9.68,0.407,0.282,4.066,4.348,59.11,0.8678,0.0,408,0.0,244.92,408,55.757,45.37,"[339.12, 244.92, 408, 384, 379.31, 401.5]","[2, 1, 2, 3, 3, 2]",13
assembly_1,6,0.3,subgraph_mip,blended,20,343,1105,41,3.71,0.407,0.13,2.74,2.87,89.57,0.8757,0.91,408,0.0,339.12,408,22.682,19.16,"[339.12, 352.92, 408, 350.63, 345.5, 360.68]","[2, 2, 2, 2, 2, 3]",13
assembly_1,6,0.3,subgraph_mip,blended_union,20,343,1105,78,7.06,0.407,0.583,6.816,7.399,34.74,0.8678,0.0,408,0.0,244.92,408,55.757,45.37,"[339.12, 244.92, 408, 384, 379.31, 401.5]","[2, 1, 2, 3, 3, 2]",13
assembly_1,6,0.3,subgraph_mip,diverse,20,343,1105,239,21.63,0.407,0.018,7.057,7.075,36.33,0.8757,0.91,408,0.0,339.12,408,22.682,19.16,"[339.12, 352.92, 408, 350.63, 345.5, 360.68]","[2, 2, 2, 2, 2, 3]",13
assembly_1,6,0.3,subgraph_mip,edge_weight,50,343,1105,54,4.89,0.407,0.398,2.965,3.363,76.44,0.8678,0.0,408,0.0,244.92,408,55.757,45.37,"[339.12, 244.92, 408, 384, 379.31, 401.5]","[2, 1, 2, 3, 3, 2]",13
assembly_1,6,0.3,subgraph_mip,time_balanced_weight,50,343,1105,140,12.67,0.407,0.474,3.775,4.249,60.5,1.0165,17.14,408,0.0,304.68,408,35.728,28.74,"[339.12, 408, 350.63, 304.68, 401.5, 352.92]","[2, 2, 2, 3, 2, 2]",13
assembly_1,6,0.3,subgraph_mip,combined,50,343,1105,188,17.01,0.407,0.809,5.534,6.344,40.52,0.8678,0.0,408,0.0,244.92,408,55.757,45.37,"[339.12, 244.92, 408, 384, 379.31, 401.5]","[2, 1, 2, 3, 3, 2]",13
assembly_1,6,0.3,subgraph_mip,blended,50,343,1105,58,5.25,0.407,0.36,4.04,4.4,58.41,0.8757,0.91,408,0.0,339.12,408,22.682,19.16,"[339.12, 352.92, 408, 350.63, 345.5, 360.68]","[2, 2, 2, 2, 2, 3]",13
assembly_1,6,0.3,subgraph_mip,blended_union,50,343,1105,112,10.14,0.407,0.736,2.98,3.716,69.18,0.8678,0.0,408,0.0,244.92,408,55.757,45.37,"[339.12, 244.92, 408, 384, 379.31, 401.5]","[2, 1, 2, 3, 3, 2]",13
assembly_1,6,0.3,subgraph_mip,diverse,50,343,1105,508,45.97,0.407,0.055,44.332,44.387,5.79,0.8757,0.91,408,0.0,339.12,408,22.682,19.16,"[339.12, 352.92, 408, 350.63, 345.5, 360.68]","[2, 2, 2, 2, 2, 3]",13
assembly_1,6,0.3,subgraph_mip,edge_weight,100,343,1105,78,7.06,0.407,0.69,3.685,4.374,58.76,0.8678,0.0,408,0.0,244.92,408,55.757,45.37,"[339.12, 244.92, 408, 384, 379.31, 401.5]","[2, 1, 2, 3, 3, 2]",13
assembly_1,6,0.3,subgraph_mip,time_balanced_weight,100,343,1105,202,18.28,0.407,0.675,4.951,5.627,45.68,0.9927,14.39,408,0.0,329.7,408,25.754,21.78,"[339.12, 408, 354.92, 350.63, 329.7, 374.48]","[2, 2, 2, 2, 2, 3]",13
assembly_1,6,0.3,subgraph_mip,combined,100,343,1105,262,23.71,0.407,0.956,10.597,11.553,22.25,0.8678,0.0,408,0.0,244.92,408,55.757,45.37,"[339.12, 244.92, 408, 384, 379.31, 401.5]","[2, 1, 2, 3, 3, 2]",13
assembly_1,6,0.3,subgraph_mip,blended,100,343,1105,83,7.51,0.407,0.425,2.592,3.017,85.19,0.8757,0.91,408,0.0,339.12,408,22.682,19.16,"[339.12, 352.92, 408, 350.63, 345.5, 360.68]","[2, 2, 2, 2, 2, 3]",13
assembly_1,6,0.3,subgraph_mip,blended_union,100,343,1105,155,14.03,0.407,2.06,15.707,17.767,14.47,0.8678,0.0,408,0.0,244.92,408,55.757,45.37,"[339.12, 244.92, 408, 384, 379.31, 401.5]","[2, 1, 2, 3, 3, 2]",13
assembly_1,6,0.3,subgraph_mip,diverse,100,343,1105,750,67.87,0.407,0.059,143.53,143.589,1.79,0.8679,0.02,408,0.0,244.92,408,55.82,45.37,"[339.12, 244.92, 408, 376.48, 386.83, 401.5]","[2, 1, 2, 3, 3, 2]",13
assembly_1,6,0.3,subgraph_mip,edge_weight,200,343,1105,95,8.6,0.407,1.272,4.615,5.886,43.67,0.8678,0.0,408,0.0,244.92,408,55.757,45.37,"[339.12, 244.92, 408, 384, 379.31, 401.5]","[2, 1, 2, 3, 3, 2]",13
assembly_1,6,0.3,subgraph_mip,time_balanced_weight,200,343,1105,254,22.99,0.407,1.327,12.382,13.709,18.75,0.9927,14.39,408,0.0,329.7,408,25.754,21.78,"[339.12, 408, 354.92, 350.63, 329.7, 374.48]","[2, 2, 2, 2, 2, 3]",13
assembly_1,6,0.3,subgraph_mip,combined,200,343,1105,327,29.59,0.407,3.0,16.005,19.004,13.53,0.8678,0.0,408,0.0,244.92,408,55.757,45.37,"[339.12, 244.92, 408, 384, 379.31, 401.5]","[2, 1, 2, 3, 3, 2]",13
assembly_1,6,0.3,subgraph_mip,blended,200,343,1105,101,9.14,0.407,1.188,4.921,6.109,42.07,0.8757,0.91,408,0.0,339.12,408,22.682,19.16,"[339.12, 352.92, 408, 350.63, 345.5, 360.68]","[2, 2, 2, 2, 2, 3]",13
assembly_1,6,0.3,subgraph_mip,blended_union,200,343,1105,222,20.09,0.407,3.525,22.668,26.193,9.81,0.8678,0.0,408,0.0,244.92,408,55.757,45.37,"[339.12, 244.92, 408, 384, 379.31, 401.5]","[2, 1, 2, 3, 3, 2]",13
assembly_1,6,0.3,subgraph_mip,diverse,200,343,1105,906,81.99,0.407,0.298,279.3,279.598,0.92,0.8679,0.02,408,0.0,244.92,408,55.82,45.37,"[339.12, 244.92, 408, 376.48, 386.83, 401.5]","[2, 1, 2, 3, 3, 2]",13
assembly_1,6,0.3,subgraph_mip,edge_weight,500,343,1105,108,9.77,0.407,2.263,3.602,5.864,43.83,0.8678,-0.0,408,0.0,244.92,408,55.757,45.37,"[339.12, 244.92, 408, 384, 379.31, 401.5]","[2, 1, 2, 3, 3, 2]",13
assembly_1,6,0.3,subgraph_mip,time_balanced_weight,500,343,1105,395,35.75,0.407,3.004,39.195,42.199,6.09,0.9812,13.07,408,0.0,244.92,408,55.82,45.37,"[339.12, 244.92, 408, 376.48, 386.83, 401.5]","[2, 1, 2, 3, 3, 2]",13
assembly_1,6,0.3,subgraph_mip,combined,500,343,1105,451,40.81,0.407,6.128,39.944,46.073,5.58,0.8678,0.0,408,0.0,244.92,408,55.757,45.37,"[339.12, 244.92, 408, 384, 379.31, 401.5]","[2, 1, 2, 3, 3, 2]",13
assembly_1,6,0.3,subgraph_mip,blended,500,343,1105,129,11.67,0.407,2.688,4.77,7.458,34.46,0.8757,0.91,408,0.0,339.12,408,22.682,19.16,"[339.12, 352.92, 408, 350.63, 345.5, 360.68]","[2, 2, 2, 2, 2, 3]",13
assembly_1,6,0.3,subgraph_mip,blended_union,500,343,1105,268,24.25,0.407,9.032,30.395,39.427,6.52,0.8678,0.0,408,0.0,244.92,408,55.757,45.37,"[339.12, 244.92, 408, 384, 379.31, 401.5]","[2, 1, 2, 3, 3, 2]",13
assembly_1,6,0.3,subgraph_mip,diverse,500,343,1105,1044,94.48,0.407,1.015,143.885,144.9,1.77,0.8678,0.0,408,0.0,244.92,408,55.757,45.37,"[339.12, 244.92, 408, 384, 379.31, 401.5]","[2, 1, 2, 3, 3, 2]",13
assembly_1,6,0.3,subgraph_mip,edge_weight,1000,343,1105,142,12.85,0.407,3.595,6.335,9.93,25.88,0.8678,0.0,408,0.0,244.92,408,55.757,45.37,"[339.12, 244.92, 408, 384, 379.31, 401.5]","[2, 1, 2, 3, 3, 2]",13
assembly_1,6,0.3,subgraph_mip,time_balanced_weight,1000,343,1105,471,42.62,0.407,4.113,39.472,43.585,5.9,0.9812,13.07,408,0.0,244.92,408,55.82,45.37,"[339.12, 244.92, 408, 376.48, 386.83, 401.5]","[2, 1, 2, 3, 3, 2]",13
assembly_1,6,0.3,subgraph_mip,combined,1000,343,1105,546,49.41,0.407,7.799,36.965,44.764,5.74,0.8678,0.0,408,0.0,244.92,408,55.757,45.37,"[339.12, 244.92, 408, 384, 379.31, 401.5]","[2, 1, 2, 3, 3, 2]",13
assembly_1,6,0.3,subgraph_mip,blended,1000,343,1105,173,15.66,0.407,4.462,7.97,12.432,20.68,0.8757,0.91,408,0.0,339.12,408,22.682,19.16,"[339.12, 352.92, 408, 350.63, 345.5, 360.68]","[2, 2, 2, 2, 2, 3]",13
assembly_1,6,0.3,subgraph_mip,blended_union,1000,343,1105,328,29.68,0.407,14.876,16.279,31.155,8.25,0.8678,-0.0,408,0.0,244.92,408,55.757,45.37,"[339.12, 244.92, 408, 384, 379.31, 401.5]","[2, 1, 2, 3, 3, 2]",13
assembly_1,6,0.3,subgraph_mip,diverse,1000,343,1105,1101,99.64,0.407,1.168,109.928,111.096,2.31,0.8678,0.0,408,0.0,244.92,408,55.757,45.37,"[339.12, 244.92, 408, 384, 379.31, 401.5]","[2, 1, 2, 3, 3, 2]",13
assembly_1,6,0.3,subgraph_mip,edge_weight,2000,343,1105,185,16.74,0.407,8.644,8.447,17.091,15.04,0.8678,0.0,408,0.0,244.92,408,55.757,45.37,"[339.12, 244.92, 408, 384, 379.31, 401.5]","[2, 1, 2, 3, 3, 2]",13
assembly_1,6,0.3,subgraph_mip,time_balanced_weight,2000,343,1105,617,55.84,0.407,8.603,75.995,84.598,3.04,0.9808,13.02,408,0.0,244.92,408,55.757,45.37,"[244.92, 339.12, 408, 384, 379.31, 401.5]","[1, 2, 2, 3, 3, 2]",13
assembly_1,6,0.3,subgraph_mip,combined,2000,343,1105,666,60.27,0.407,17.322,63.456,80.779,3.18,0.8678,0.0,408,0.0,244.92,408,55.757,45.37,"[339.12, 244.92, 408, 384, 379.31, 401.5]","[2, 1, 2, 3, 3, 2]",13
assembly_1,6,0.3,subgraph_mip,blended,2000,343,1105,190,17.19,0.407,9.115,11.344,20.459,12.56,0.8757,0.91,408,0.0,339.12,408,22.682,19.16,"[339.12, 352.92, 408, 350.63, 345.5, 360.68]","[2, 2, 2, 2, 2, 3]",13
assembly_1,6,0.3,subgraph_mip,blended_union,2000,343,1105,423,38.28,0.407,30.49,46.211,76.702,3.35,0.8678,0.0,408,0.0,244.92,408,55.757,45.37,"[339.12, 244.92, 408, 384, 379.31, 401.5]","[2, 1, 2, 3, 3, 2]",13
assembly_1,6,0.3,subgraph_mip,diverse,2000,343,1105,1105,100.0,0.407,2.212,301.289,303.501,0.85,0.8678,0.0,408,0.0,244.92,408,55.757,45.37,"[339.12, 244.92, 408, 384, 379.31, 401.5]","[2, 1, 2, 3, 3, 2]",13
assembly_1,6,0.3,subgraph_mip,edge_weight,5000,343,1105,232,21.0,0.407,32.555,39.518,72.073,3.57,0.8678,0.0,408,0.0,244.92,408,55.757,45.37,"[339.12, 244.92, 408, 384, 379.31, 401.5]","[2, 1, 2, 3, 3, 2]",13
assembly_1,6,0.3,subgraph_mip,time_balanced_weight,5000,343,1105,768,69.5,0.407,28.199,138.646,166.845,1.54,0.9787,12.78,408,0.0,244.92,408,55.82,45.37,"[244.92, 339.12, 408, 376.48, 386.83, 401.5]","[1, 2, 2, 3, 3, 2]",13
assembly_1,6,0.3,subgraph_mip,combined,5000,343,1105,809,73.21,0.407,60.919,72.228,133.147,1.93,0.8678,0.0,408,0.0,244.92,408,55.757,45.37,"[339.12, 244.92, 408, 384, 379.31, 401.5]","[2, 1, 2, 3, 3, 2]",13
assembly_1,6,0.3,subgraph_mip,blended,5000,343,1105,313,28.33,0.407,35.497,40.154,75.652,3.4,0.8696,0.21,408,0.0,276,408,44.609,36.72,"[339.12, 352.92, 408, 276, 379.31, 401.5]","[2, 2, 2, 2, 3, 2]",13
assembly_1,6,0.3,subgraph_mip,blended_union,5000,343,1105,532,48.14,0.407,116.552,38.725,155.277,1.66,0.8678,0.0,408,0.0,244.92,408,55.757,45.37,"[339.12, 244.92, 408, 384, 379.31, 401.5]","[2, 1, 2, 3, 3, 2]",13
assembly_1,6,0.3,subgraph_mip,diverse,5000,343,1105,1105,100.0,0.407,5.362,274.478,279.84,0.92,0.8678,0.0,408,0.0,244.92,408,55.757,45.37,"[339.12, 244.92, 408, 384, 379.31, 401.5]","[2, 1, 2, 3, 3, 2]",13
assembly_1,6,0.35,full_mip,—,,343,1105,1105,100.0,0.496,0.0,248.985,248.985,1.0,0.8725,0.0,401.5,0.0,332,401.5,26.232,19.33,"[339.12, 352.92, 342.48, 332, 388.83, 401.5]","[2, 2, 2, 2, 3, 2]",13
assembly_1,6,0.35,subgraph_mip,edge_weight,1,343,1105,13,1.18,0.496,0.002,0.244,0.246,1014.15,0.9343,7.08,484.48,20.67,244.92,484.48,86.653,66.64,"[339.12, 244.92, 408, 484.48, 420.13, 260.2]","[2, 1, 2, 4, 2, 2]",13
assembly_1,6,0.35,subgraph_mip,time_balanced_weight,1,343,1105,13,1.18,0.496,0.001,1.177,1.178,211.32,1.1169,28.02,444.83,10.79,242,444.83,83.119,56.42,"[242, 244.92, 410.92, 444.83, 412.68, 401.5]","[1, 1, 2, 3, 4, 2]",13
assembly_1,6,0.35,subgraph_mip,combined,1,343,1105,26,2.35,0.496,0.002,3.164,3.165,78.66,0.9343,7.08,484.48,20.67,244.92,484.48,86.653,66.64,"[339.12, 244.92, 408, 484.48, 420.13, 260.2]","[2, 1, 2, 4, 2, 2]",13
assembly_1,6,0.35,subgraph_mip,blended,1,343,1105,13,1.18,0.496,0.001,0.836,0.837,297.62,0.8806,0.93,408,1.62,339.12,408,22.682,19.16,"[339.12, 352.92, 408, 350.63, 345.5, 360.68]","[2, 2, 2, 2, 2, 3]",13
assembly_1,6,0.35,subgraph_mip,blended_union,1,343,1105,36,3.26,0.496,0.012,4.539,4.552,54.7,0.893,2.34,420.13,4.64,260.2,420.13,52.519,44.49,"[339.12, 408, 354.92, 374.48, 420.13, 260.2]","[2, 2, 2, 3, 2, 2]",13
assembly_1,6,0.35,subgraph_mip,diverse,1,343,1105,13,1.18,0.496,0.004,0.679,0.683,364.42,0.8806,0.93,408,1.62,339.12,408,22.682,19.16,"[339.12, 352.92, 408, 350.63, 345.5, 360.68]","[2, 2, 2, 2, 2, 3]",13
assembly_1,6,0.35,subgraph_mip,edge_weight,2,343,1105,15,1.36,0.496,0.004,1.239,1.243,200.27,0.9343,7.08,484.48,20.67,244.92,484.48,86.653,66.64,"[339.12, 244.92, 408, 484.48, 420.13, 260.2]","[2, 1, 2, 4, 2, 2]",13
assembly_1,6,0.35,subgraph_mip,time_balanced_weight,2,343,1105,15,1.36,0.496,0.005,2.633,2.639,94.35,1.1107,27.3,444.83,10.79,242,444.83,83.119,56.42,"[244.92, 242, 410.92, 444.83, 412.68, 401.5]","[1, 1, 2, 3, 4, 2]",13
assembly_1,6,0.35,subgraph_mip,combined,2,343,1105,30,2.71,0.496,0.01,2.49,2.5,99.6,0.9343,7.08,484.48,20.67,244.92,484.48,86.653,66.64,"[339.12, 244.92, 408, 484.48, 420.13, 260.2]","[2, 1, 2, 4, 2, 2]",13
assembly_1,6,0.35,subgraph_mip,blended,2,343,1105,15,1.36,0.496,0.004,0.468,0.472,527.68,0.8806,0.93,408,1.62,339.12,408,22.682,19.16,"[339.12, 352.92, 408, 350.63, 345.5, 360.68]","[2, 2, 2, 2, 2, 3]",13
assembly_1,6,0.35,subgraph_mip,blended_union,2,343,1105,42,3.8,0.496,0.048,6.205,6.253,39.82,0.893,2.34,420.13,4.64,260.2,420.13,52.519,44.49,"[339.12, 408, 354.92, 374.48, 420.13, 260.2]","[2, 2, 2, 3, 2, 2]",13
assembly_1,6,0.35,subgraph_mip,diverse,2,343,1105,26,2.35,0.496,0.014,2.232,2.246,110.85,0.8806,0.93,408,1.62,339.12,408,22.682,19.16,"[339.12, 352.92, 408, 350.63, 345.5, 360.68]","[2, 2, 2, 2, 2, 3]",13
assembly_1,6,0.35,subgraph_mip,edge_weight,5,343,1105,21,1.9,0.496,0.013,1.597,1.61,154.66,0.9343,7.08,484.48,20.67,244.92,484.48,86.653,66.64,"[339.12, 244.92, 408, 484.48, 420.13, 260.2]","[2, 1, 2, 4, 2, 2]",13
assembly_1,6,0.35,subgraph_mip,time_balanced_weight,5,343,1105,42,3.8,0.496,0.017,1.521,1.538,161.91,1.1079,26.98,408,1.62,244.92,408,56.151,45.37,"[244.92, 408, 350.63, 398.88, 352.92, 401.5]","[1, 2, 2, 4, 2, 2]",13
assembly_1,6,0.35,subgraph_mip,combined,5,343,1105,62,5.61,0.496,0.049,3.342,3.39,73.44,0.9343,7.08,484.48,20.67,244.92,484.48,86.653,66.64,"[339.12, 244.92, 408, 484.48, 420.13, 260.2]","[2, 1, 2, 4, 2, 2]",13
assembly_1,6,0.35,subgraph_mip,blended,5,343,1105,29,2.62,0.496,0.024,3.011,3.034,82.06,0.8806,0.93,408,1.62,339.12,408,22.682,19.16,"[339.12, 352.92, 408, 350.63, 345.5, 360.68]","[2, 2, 2, 2, 2, 3]",13
assembly_1,6,0.35,subgraph_mip,blended_union,5,343,1105,60,5.43,0.496,0.063,1.858,1.921,129.6,0.893,2.34,420.13,4.64,260.2,420.13,52.519,44.49,"[339.12, 408, 354.92, 374.48, 420.13, 260.2]","[2, 2, 2, 3, 2, 2]",13
assembly_1,6,0.35,subgraph_mip,diverse,5,343,1105,65,5.88,0.496,0.014,4.636,4.651,53.54,0.8806,0.93,408,1.62,339.12,408,22.682,19.16,"[339.12, 352.92, 408, 350.63, 345.5, 360.68]","[2, 2, 2, 2, 2, 3]",13
assembly_1,6,0.35,subgraph_mip,edge_weight,10,343,1105,24,2.17,0.496,0.059,2.409,2.469,100.85,0.9343,7.08,484.48,20.67,244.92,484.48,86.653,66.64,"[339.12, 244.92, 408, 484.48, 420.13, 260.2]","[2, 1, 2, 4, 2, 2]",13
assembly_1,6,0.35,subgraph_mip,time_balanced_weight,10,343,1105,59,5.34,0.496,0.045,3.959,4.004,62.18,1.1079,26.98,408,1.62,244.92,408,56.151,45.37,"[244.92, 408, 350.63, 398.88, 352.92, 401.5]","[1, 2, 2, 4, 2, 2]",13
assembly_1,6,0.35,subgraph_mip,combined,10,343,1105,82,7.42,0.496,0.159,3.588,3.747,66.46,0.9343,7.08,484.48,20.67,244.92,484.48,86.653,66.64,"[339.12, 244.92, 408, 484.48, 420.13, 260.2]","[2, 1, 2, 4, 2, 2]",13
assembly_1,6,0.35,subgraph_mip,blended,10,343,1105,36,3.26,0.496,0.093,1.039,1.132,220.01,0.8806,0.93,408,1.62,339.12,408,22.682,19.16,"[339.12, 352.92, 408, 350.63, 345.5, 360.68]","[2, 2, 2, 2, 2, 3]",13
assembly_1,6,0.35,subgraph_mip,blended_union,10,343,1105,68,6.15,0.496,0.257,2.863,3.12,79.8,0.893,2.34,420.13,4.64,260.2,420.13,52.519,44.49,"[339.12, 408, 354.92, 374.48, 420.13, 260.2]","[2, 2, 2, 3, 2, 2]",13
assembly_1,6,0.35,subgraph_mip,diverse,10,343,1105,126,11.4,0.496,0.034,3.384,3.418,72.84,0.8806,0.93,408,1.62,339.12,408,22.682,19.16,"[339.12, 352.92, 408, 350.63, 345.5, 360.68]","[2, 2, 2, 2, 2, 3]",13
assembly_1,6,0.35,subgraph_mip,edge_weight,20,343,1105,35,3.17,0.496,0.172,3.883,4.055,61.4,0.8733,0.09,408,1.62,244.92,408,55.757,45.37,"[339.12, 244.92, 408, 384, 379.31, 401.5]","[2, 1, 2, 3, 3, 2]",13
assembly_1,6,0.35,subgraph_mip,time_balanced_weight,20,343,1105,74,6.7,0.496,0.154,1.841,1.996,124.76,1.0117,15.95,408,1.62,304.68,408,35.728,28.74,"[339.12, 408, 350.63, 304.68, 352.92, 401.5]","[2, 2, 2, 3, 2, 2]",13
assembly_1,6,0.35,subgraph_mip,combined,20,343,1105,107,9.68,0.496,0.279,5.163,5.442,45.75,0.8733,0.09,408,1.62,244.92,408,55.757,45.37,"[339.12, 244.92, 408, 384, 379.31, 401.5]","[2, 1, 2, 3, 3, 2]",13
assembly_1,6,0.35,subgraph_mip,blended,20,343,1105,42,3.8,0.496,0.096,4.126,4.221,58.98,0.8806,0.93,408,1.62,339.12,408,22.682,19.16,"[339.12, 352.92, 408, 350.63, 345.5, 360.68]","[2, 2, 2, 2, 2, 3]",13
assembly_1,6,0.35,subgraph_mip,blended_union,20,343,1105,78,7.06,0.496,0.377,4.457,4.834,51.5,0.8733,0.09,408,1.62,244.92,408,55.757,45.37,"[339.12, 244.92, 408, 384, 379.31, 401.5]","[2, 1, 2, 3, 3, 2]",13
assembly_1,6,0.35,subgraph_mip,diverse,20,343,1105,239,21.63,0.496,0.042,6.375,6.417,38.8,0.8806,0.93,408,1.62,339.12,408,22.682,19.16,"[339.12, 352.92, 408, 350.63, 345.5, 360.68]","[2, 2, 2, 2, 2, 3]",13
assembly_1,6,0.35,subgraph_mip,edge_weight,50,343,1105,54,4.89,0.496,0.224,2.631,2.854,87.23,0.8733,0.09,408,1.62,244.92,408,55.757,45.37,"[339.12, 244.92, 408, 384, 379.31, 401.5]","[2, 1, 2, 3, 3, 2]",13
assembly_1,6,0.35,subgraph_mip,time_balanced_weight,50,343,1105,140,12.67,0.496,0.475,3.993,4.468,55.72,1.0114,15.92,408,1.62,304.68,408,35.728,28.74,"[339.12, 408, 350.63, 304.68, 401.5, 352.92]","[2, 2, 2, 3, 2, 2]",13
assembly_1,6,0.35,subgraph_mip,combined,50,343,1105,188,17.01,0.496,0.843,7.304,8.147,30.56,0.8733,0.09,408,1.62,244.92,408,55.757,45.37,"[339.12, 244.92, 408, 384, 379.31, 401.5]","[2, 1, 2, 3, 3, 2]",13
assembly_1,6,0.35,subgraph_mip,blended,50,343,1105,56,5.07,0.496,0.407,1.163,1.571,158.52,0.8806,0.93,408,1.62,339.12,408,22.682,19.16,"[339.12, 352.92, 408, 350.63, 345.5, 360.68]","[2, 2, 2, 2, 2, 3]",13
assembly_1,6,0.35,subgraph_mip,blended_union,50,343,1105,112,10.14,0.496,1.258,4.511,5.77,43.15,0.8733,0.09,408,1.62,244.92,408,55.757,45.37,"[339.12, 244.92, 408, 384, 379.31, 401.5]","[2, 1, 2, 3, 3, 2]",13
assembly_1,6,0.35,subgraph_mip,diverse,50,343,1105,508,45.97,0.496,0.081,23.603,23.683,10.51,0.8789,0.73,408,1.62,244.92,408,55.82,45.37,"[339.12, 244.92, 408, 376.48, 386.83, 401.5]","[2, 1, 2, 3, 3, 2]",13
assembly_1,6,0.35,subgraph_mip,edge_weight,100,343,1105,78,7.06,0.496,0.384,2.27,2.655,93.79,0.8733,0.09,408,1.62,244.92,408,55.757,45.37,"[339.12, 244.92, 408, 384, 379.31, 401.5]","[2, 1, 2, 3, 3, 2]",13
assembly_1,6,0.35,subgraph_mip,time_balanced_weight,100,343,1105,202,18.28,0.496,0.711,6.863,7.574,32.88,0.9893,13.38,408,1.62,329.7,408,25.754,21.78,"[339.12, 408, 354.92, 350.63, 329.7, 374.48]","[2, 2, 2, 2, 2, 3]",13
assembly_1,6,0.35,subgraph_mip,combined,100,343,1105,262,23.71,0.496,1.319,8.937,10.256,24.28,0.8733,0.09,408,1.62,244.92,408,55.757,45.37,"[339.12, 244.92, 408, 384, 379.31, 401.5]","[2, 1, 2, 3, 3, 2]",13
assembly_1,6,0.35,subgraph_mip,blended,100,343,1105,77,6.97,0.496,0.568,4.493,5.061,49.2,0.8806,0.93,408,1.62,339.12,408,22.682,19.16,"[339.12, 352.92, 408, 350.63, 345.5, 360.68]","[2, 2, 2, 2, 2, 3]",13
assembly_1,6,0.35,subgraph_mip,blended_union,100,343,1105,155,14.03,0.496,2.88,8.434,11.314,22.01,0.8733,0.09,408,1.62,244.92,408,55.757,45.37,"[339.12, 244.92, 408, 384, 379.31, 401.5]","[2, 1, 2, 3, 3, 2]",13
assembly_1,6,0.35,subgraph_mip,diverse,100,343,1105,745,67.42,0.496,0.119,119.023,119.142,2.09,0.8735,0.11,408,1.62,244.92,408,55.82,45.37,"[339.12, 244.92, 408, 376.48, 386.83, 401.5]","[2, 1, 2, 3, 3, 2]",13
assembly_1,6,0.35,subgraph_mip,edge_weight,200,343,1105,95,8.6,0.496,0.6,3.14,3.741,66.56,0.8725,0.0,401.5,0.0,332,401.5,26.232,19.33,"[339.12, 352.92, 342.48, 332, 388.83, 401.5]","[2, 2, 2, 2, 3, 2]",13
assembly_1,6,0.35,subgraph_mip,time_balanced_weight,200,343,1105,254,22.99,0.496,0.902,6.896,7.798,31.93,0.9893,13.38,408,1.62,329.7,408,25.754,21.78,"[339.12, 408, 354.92, 350.63, 329.7, 374.48]","[2, 2, 2, 2, 2, 3]",13
assembly_1,6,0.35,subgraph_mip,combined,200,343,1105,327,29.59,0.496,1.306,9.928,11.235,22.16,0.8725,0.0,401.5,0.0,332,401.5,26.232,19.33,"[339.12, 352.92, 342.48, 332, 388.83, 401.5]","[2, 2, 2, 2, 3, 2]",13
assembly_1,6,0.35,subgraph_mip,blended,200,343,1105,103,9.32,0.496,0.53,4.516,5.046,49.34,0.8806,0.93,408,1.62,339.12,408,22.682,19.16,"[339.12, 352.92, 408, 350.63, 345.5, 360.68]","[2, 2, 2, 2, 2, 3]",13
assembly_1,6,0.35,subgraph_mip,blended_union,200,343,1105,222,20.09,0.496,2.614,9.798,12.412,20.06,0.8725,0.0,401.5,0.0,332,401.5,26.232,19.33,"[339.12, 352.92, 342.48, 332, 388.83, 401.5]","[2, 2, 2, 2, 3, 2]",13
assembly_1,6,0.35,subgraph_mip,diverse,200,343,1105,906,81.99,0.496,0.137,143.325,143.462,1.74,0.8725,-0.0,401.5,0.0,332,401.5,26.232,19.33,"[339.12, 352.92, 342.48, 332, 388.83, 401.5]","[2, 2, 2, 2, 3, 2]",13
assembly_1,6,0.35,subgraph_mip,edge_weight,500,343,1105,108,9.77,0.496,1.72,5.317,7.037,35.38,0.8725,0.0,401.5,0.0,332,401.5,26.232,19.33,"[339.12, 352.92, 342.48, 332, 388.83, 401.5]","[2, 2, 2, 2, 3, 2]",13
assembly_1,6,0.35,subgraph_mip,time_balanced_weight,500,343,1105,395,35.75,0.496,1.975,26.654,28.628,8.7,0.9786,12.16,408,1.62,244.92,408,55.82,45.37,"[244.92, 339.12, 408, 376.48, 386.83, 401.5]","[1, 2, 2, 3, 3, 2]",13
assembly_1,6,0.35,subgraph_mip,combined,500,343,1105,451,40.81,0.496,2.987,30.521,33.508,7.43,0.8725,0.0,401.5,0.0,332,401.5,26.232,19.33,"[339.12, 352.92, 342.48, 332, 388.83, 401.5]","[2, 2, 2, 2, 3, 2]",13
assembly_1,6,0.35,subgraph_mip,blended,500,343,1105,136,12.31,0.496,1.598,4.323,5.921,42.05,0.8806,0.93,408,1.62,339.12,408,22.682,19.16,"[339.12, 352.92, 408, 350.63, 345.5, 360.68]","[2, 2, 2, 2, 2, 3]",13
assembly_1,6,0.35,subgraph_mip,blended_union,500,343,1105,268,24.25,0.496,5.903,12.447,18.349,13.57,0.8725,0.0,401.5,0.0,332,401.5,26.232,19.33,"[339.12, 352.92, 342.48, 332, 388.83, 401.5]","[2, 2, 2, 2, 3, 2]",13
assembly_1,6,0.35,subgraph_mip,diverse,500,343,1105,1044,94.48,0.496,0.613,93.44,94.052,2.65,0.8725,0.0,401.5,0.0,332,401.5,26.232,19.33,"[339.12, 352.92, 342.48, 332, 388.83, 401.5]","[2, 2, 2, 2, 3, 2]",13
assembly_1,6,0.35,subgraph_mip,edge_weight,1000,343,1105,142,12.85,0.496,3.25,5.865,9.115,27.32,0.8725,0.0,401.5,0.0,332,401.5,26.232,19.33,"[339.12, 352.92, 342.48, 332, 388.83, 401.5]","[2, 2, 2, 2, 3, 2]",13
assembly_1,6,0.35,subgraph_mip,time_balanced_weight,1000,343,1105,471,42.62,0.496,3.365,43.207,46.572,5.35,0.9786,12.16,408,1.62,244.92,408,55.82,45.37,"[244.92, 339.12, 408, 376.48, 386.83, 401.5]","[1, 2, 2, 3, 3, 2]",13
assembly_1,6,0.35,subgraph_mip,combined,1000,343,1105,546,49.41,0.496,6.851,48.474,55.325,4.5,0.8725,0.0,401.5,0.0,332,401.5,26.232,19.33,"[339.12, 352.92, 342.48, 332, 388.83, 401.5]","[2, 2, 2, 2, 3, 2]",13
assembly_1,6,0.35,subgraph_mip,blended,1000,343,1105,173,15.66,0.496,3.13,7.373,10.503,23.71,0.8806,0.93,408,1.62,339.12,408,22.682,19.16,"[339.12, 352.92, 408, 350.63, 345.5, 360.68]","[2, 2, 2, 2, 2, 3]",13
assembly_1,6,0.35,subgraph_mip,blended_union,1000,343,1105,328,29.68,0.496,11.315,32.882,44.197,5.63,0.8725,0.0,401.5,0.0,332,401.5,26.232,19.33,"[339.12, 352.92, 342.48, 332, 388.83, 401.5]","[2, 2, 2, 2, 3, 2]",13
assembly_1,6,0.35,subgraph_mip,diverse,1000,343,1105,1099,99.46,0.496,1.166,224.405,225.571,1.1,0.8725,-0.0,401.5,0.0,332,401.5,26.232,19.33,"[339.12, 352.92, 342.48, 332, 388.83, 401.5]","[2, 2, 2, 2, 3, 2]",13
assembly_1,6,0.35,subgraph_mip,edge_weight,2000,343,1105,185,16.74,0.496,10.843,17.909,28.752,8.66,0.8725,0.0,401.5,0.0,332,401.5,26.232,19.33,"[339.12, 352.92, 342.48, 332, 388.83, 401.5]","[2, 2, 2, 2, 3, 2]",13
assembly_1,6,0.35,subgraph_mip,time_balanced_weight,2000,343,1105,617,55.84,0.496,8.845,66.526,75.37,3.3,0.9783,12.12,408,1.62,244.92,408,55.757,45.37,"[339.12, 244.92, 408, 384, 379.31, 401.5]","[2, 1, 2, 3, 3, 2]",13
assembly_1,6,0.35,subgraph_mip,combined,2000,343,1105,666,60.27,0.496,16.782,111.312,128.094,1.94,0.8725,0.0,401.5,0.0,332,401.5,26.232,19.33,"[339.12, 352.92, 342.48, 332, 388.83, 401.5]","[2, 2, 2, 2, 3, 2]",13
assembly_1,6,0.35,subgraph_mip,blended,2000,343,1105,189,17.1,0.496,8.367,7.41,15.777,15.78,0.8806,0.93,408,1.62,339.12,408,22.682,19.16,"[339.12, 352.92, 408, 350.63, 345.5, 360.68]","[2, 2, 2, 2, 2, 3]",13
assembly_1,6,0.35,subgraph_mip,blended_union,2000,343,1105,423,38.28,0.496,27.449,31.105,58.554,4.25,0.8725,0.0,401.5,0.0,332,401.5,26.232,19.33,"[339.12, 352.92, 342.48, 332, 388.83, 401.5]","[2, 2, 2, 2, 3, 2]",13
assembly_1,6,0.35,subgraph_mip,diverse,2000,343,1105,1105,100.0,0.496,1.917,251.071,252.988,0.98,0.8725,0.0,401.5,0.0,332,401.5,26.232,19.33,"[339.12, 352.92, 342.48, 332, 388.83, 401.5]","[2, 2, 2, 2, 3, 2]",13
assembly_1,6,0.35,subgraph_mip,edge_weight,5000,343,1105,232,21.0,0.496,33.991,20.335,54.325,4.58,0.8725,0.0,401.5,0.0,332,401.5,26.232,19.33,"[339.12, 352.92, 342.48, 332, 388.83, 401.5]","[2, 2, 2, 2, 3, 2]",13
assembly_1,6,0.35,subgraph_mip,time_balanced_weight,5000,343,1105,768,69.5,0.496,30.313,130.248,160.561,1.55,0.9754,11.79,401.5,0.0,332,401.5,26.232,19.33,"[339.12, 352.92, 342.48, 332, 388.83, 401.5]","[2, 2, 2, 2, 3, 2]",13
assembly_1,6,0.35,subgraph_mip,combined,5000,343,1105,809,73.21,0.496,62.027,138.876,200.903,1.24,0.8725,0.0,401.5,0.0,332,401.5,26.232,19.33,"[339.12, 352.92, 342.48, 332, 388.83, 401.5]","[2, 2, 2, 2, 3, 2]",13
assembly_1,6,0.35,subgraph_mip,blended,5000,343,1105,313,28.33,0.496,37.389,55.742,93.131,2.67,0.877,0.51,408,1.62,276,408,44.609,36.72,"[339.12, 352.92, 408, 276, 379.31, 401.5]","[2, 2, 2, 2, 3, 2]",13
assembly_1,6,0.35,subgraph_mip,blended_union,5000,343,1105,532,48.14,0.496,108.509,54.5,163.009,1.53,0.8725,0.0,401.5,0.0,332,401.5,26.232,19.33,"[339.12, 352.92, 342.48, 332, 388.83, 401.5]","[2, 2, 2, 2, 3, 2]",13
assembly_1,6,0.35,subgraph_mip,diverse,5000,343,1105,1105,100.0,0.496,5.447,254.328,259.775,0.96,0.8725,0.0,401.5,0.0,332,401.5,26.232,19.33,"[339.12, 352.92, 342.48, 332, 388.83, 401.5]","[2, 2, 2, 2, 3, 2]",13
assembly_1,6,0.4,full_mip,—,,343,1105,1105,100.0,0.477,0.0,240.744,240.744,1.0,0.877,0.0,401.5,0.0,332,401.5,26.232,19.33,"[339.12, 352.92, 342.48, 332, 388.83, 401.5]","[2, 2, 2, 2, 3, 2]",13
assembly_1,6,0.4,subgraph_mip,edge_weight,1,343,1105,13,1.18,0.477,0.002,0.58,0.582,413.55,0.9488,8.19,484.48,20.67,244.92,484.48,86.653,66.64,"[339.12, 244.92, 408, 484.48, 420.13, 260.2]","[2, 1, 2, 4, 2, 2]",13
assembly_1,6,0.4,subgraph_mip,time_balanced_weight,1,343,1105,13,1.18,0.477,0.001,0.699,0.7,343.83,1.1103,26.61,444.83,10.79,242,444.83,83.119,56.42,"[242, 244.92, 410.92, 444.83, 412.68, 401.5]","[1, 1, 2, 3, 4, 2]",13
assembly_1,6,0.4,subgraph_mip,combined,1,343,1105,26,2.35,0.477,0.002,1.788,1.79,134.49,0.9488,8.19,484.48,20.67,244.92,484.48,86.653,66.64,"[339.12, 244.92, 408, 484.48, 420.13, 260.2]","[2, 1, 2, 4, 2, 2]",13
assembly_1,6,0.4,subgraph_mip,blended,1,343,1105,13,1.18,0.477,0.001,0.335,0.336,717.44,0.8973,2.32,408,1.62,339.12,408,23.512,19.16,"[339.12, 408, 345.4, 350.63, 345.5, 368.2]","[2, 2, 2, 2, 2, 3]",13
assembly_1,6,0.4,subgraph_mip,blended_union,1,343,1105,36,3.26,0.477,0.013,1.725,1.738,138.48,0.8973,2.32,408,1.62,339.12,408,23.512,19.16,"[339.12, 408, 345.4, 350.63, 345.5, 368.2]","[2, 2, 2, 2, 2, 3]",13
assembly_1,6,0.4,subgraph_mip,diverse,1,343,1105,13,1.18,0.477,0.004,0.273,0.277,869.71,0.8973,2.32,408,1.62,339.12,408,23.512,19.16,"[339.12, 408, 345.4, 350.63, 345.5, 368.2]","[2, 2, 2, 2, 2, 3]",13
assembly_1,6,0.4,subgraph_mip,edge_weight,2,343,1105,15,1.36,0.477,0.004,0.59,0.594,405.11,0.9488,8.19,484.48,20.67,244.92,484.48,86.653,66.64,"[339.12, 244.92, 408, 484.48, 420.13, 260.2]","[2, 1, 2, 4, 2, 2]",13
assembly_1,6,0.4,subgraph_mip,time_balanced_weight,2,343,1105,15,1.36,0.477,0.006,3.238,3.244,74.21,1.1045,25.95,444.83,10.79,242,444.83,83.119,56.42,"[244.92, 242, 410.92, 444.83, 412.68, 401.5]","[1, 1, 2, 3, 4, 2]",13
assembly_1,6,0.4,subgraph_mip,combined,2,343,1105,30,2.71,0.477,0.009,1.471,1.48,162.7,0.9488,8.19,484.48,20.67,244.92,484.48,86.653,66.64,"[339.12, 244.92, 408, 484.48, 420.13, 260.2]","[2, 1, 2, 4, 2, 2]",13
assembly_1,6,0.4,subgraph_mip,blended,2,343,1105,15,1.36,0.477,0.005,1.425,1.43,168.36,0.8973,2.32,408,1.62,339.12,408,23.512,19.16,"[339.12, 408, 345.4, 350.63, 345.5, 368.2]","[2, 2, 2, 2, 2, 3]",13
assembly_1,6,0.4,subgraph_mip,blended_union,2,343,1105,42,3.8,0.477,0.027,4.856,4.883,49.3,0.8973,2.32,408,1.62,339.12,408,23.512,19.16,"[339.12, 408, 345.4, 350.63, 345.5, 368.2]","[2, 2, 2, 2, 2, 3]",13
assembly_1,6,0.4,subgraph_mip,diverse,2,343,1105,26,2.35,0.477,0.005,0.877,0.882,272.84,0.8973,2.32,408,1.62,339.12,408,23.512,19.16,"[339.12, 408, 345.4, 350.63, 345.5, 368.2]","[2, 2, 2, 2, 2, 3]",13
assembly_1,6,0.4,subgraph_mip,edge_weight,5,343,1105,21,1.9,0.477,0.014,1.496,1.51,159.46,0.9488,8.19,484.48,20.67,244.92,484.48,86.653,66.64,"[339.12, 244.92, 408, 484.48, 420.13, 260.2]","[2, 1, 2, 4, 2, 2]",13
assembly_1,6,0.4,subgraph_mip,time_balanced_weight,5,343,1105,42,3.8,0.477,0.022,0.867,0.889,270.75,1.0954,24.91,408,1.62,244.92,408,56.151,45.37,"[244.92, 408, 350.63, 398.88, 352.92, 401.5]","[1, 2, 2, 4, 2, 2]",13
assembly_1,6,0.4,subgraph_mip,combined,5,343,1105,62,5.61,0.477,0.034,0.701,0.735,327.6,0.9488,8.19,484.48,20.67,244.92,484.48,86.653,66.64,"[339.12, 244.92, 408, 484.48, 420.13, 260.2]","[2, 1, 2, 4, 2, 2]",13
assembly_1,6,0.4,subgraph_mip,blended,5,343,1105,21,1.9,0.477,0.013,1.922,1.935,124.44,0.8973,2.32,408,1.62,339.12,408,23.512,19.16,"[339.12, 408, 345.4, 350.63, 345.5, 368.2]","[2, 2, 2, 2, 2, 3]",13
assembly_1,6,0.4,subgraph_mip,blended_union,5,343,1105,60,5.43,0.477,0.051,3.399,3.45,69.78,0.8973,2.32,408,1.62,339.12,408,23.512,19.16,"[339.12, 408, 345.4, 350.63, 345.5, 368.2]","[2, 2, 2, 2, 2, 3]",13
assembly_1,6,0.4,subgraph_mip,diverse,5,343,1105,65,5.88,0.477,0.007,1.405,1.412,170.55,0.8973,2.32,408,1.62,339.12,408,23.512,19.16,"[339.12, 408, 345.4, 350.63, 345.5, 368.2]","[2, 2, 2, 2, 2, 3]",13
assembly_1,6,0.4,subgraph_mip,edge_weight,10,343,1105,24,2.17,0.477,0.03,1.387,1.417,169.92,0.9488,8.19,484.48,20.67,244.92,484.48,86.653,66.64,"[339.12, 244.92, 408, 484.48, 420.13, 260.2]","[2, 1, 2, 4, 2, 2]",13
assembly_1,6,0.4,subgraph_mip,time_balanced_weight,10,343,1105,59,5.34,0.477,0.038,1.604,1.642,146.58,1.0954,24.91,408,1.62,244.92,408,56.151,45.37,"[244.92, 408, 350.63, 398.88, 352.92, 401.5]","[1, 2, 2, 4, 2, 2]",13
assembly_1,6,0.4,subgraph_mip,combined,10,343,1105,82,7.42,0.477,0.068,2.164,2.232,107.85,0.9488,8.19,484.48,20.67,244.92,484.48,86.653,66.64,"[339.12, 244.92, 408, 484.48, 420.13, 260.2]","[2, 1, 2, 4, 2, 2]",13
assembly_1,6,0.4,subgraph_mip,blended,10,343,1105,24,2.17,0.477,0.03,1.038,1.068,225.39,0.8973,2.32,408,1.62,339.12,408,23.512,19.16,"[339.12, 408, 345.4, 350.63, 345.5, 368.2]","[2, 2, 2, 2, 2, 3]",13
assembly_1,6,0.4,subgraph_mip,blended_union,10,343,1105,68,6.15,0.477,0.107,2.402,2.509,95.95,0.8973,2.32,408,1.62,339.12,408,23.512,19.16,"[339.12, 408, 345.4, 350.63, 345.5, 368.2]","[2, 2, 2, 2, 2, 3]",13
assembly_1,6,0.4,subgraph_mip,diverse,10,343,1105,126,11.4,0.477,0.011,2.307,2.317,103.89,0.8908,1.58,408,1.62,339.12,408,22.82,19.16,"[339.12, 408, 354.92, 350.63, 343.5, 360.68]","[2, 2, 2, 2, 2, 3]",13
assembly_1,6,0.4,subgraph_mip,edge_weight,20,343,1105,35,3.17,0.477,0.058,1.105,1.163,207.08,0.8789,0.22,408,1.62,244.92,408,55.757,45.37,"[339.12, 244.92, 408, 384, 379.31, 401.5]","[2, 1, 2, 3, 3, 2]",13
assembly_1,6,0.4,subgraph_mip,time_balanced_weight,20,343,1105,74,6.7,0.477,0.147,1.685,1.832,131.4,1.0066,14.78,408,1.62,304.68,408,35.728,28.74,"[339.12, 408, 350.63, 304.68, 352.92, 401.5]","[2, 2, 2, 3, 2, 2]",13
assembly_1,6,0.4,subgraph_mip,combined,20,343,1105,107,9.68,0.477,0.204,1.627,1.831,131.47,0.8789,0.22,408,1.62,244.92,408,55.757,45.37,"[339.12, 244.92, 408, 384, 379.31, 401.5]","[2, 1, 2, 3, 3, 2]",13
assembly_1,6,0.4,subgraph_mip,blended,20,343,1105,47,4.25,0.477,0.085,1.164,1.249,192.7,0.8856,0.99,408,1.62,339.12,408,22.682,19.16,"[339.12, 352.92, 408, 350.63, 345.5, 360.68]","[2, 2, 2, 2, 2, 3]",13
assembly_1,6,0.4,subgraph_mip,blended_union,20,343,1105,78,7.06,0.477,0.249,2.37,2.619,91.91,0.8789,0.22,408,1.62,244.92,408,55.757,45.37,"[339.12, 244.92, 408, 384, 379.31, 401.5]","[2, 1, 2, 3, 3, 2]",13
assembly_1,6,0.4,subgraph_mip,diverse,20,343,1105,238,21.54,0.477,0.016,5.492,5.508,43.71,0.8908,1.58,408,1.62,339.12,408,22.82,19.16,"[339.12, 408, 354.92, 350.63, 343.5, 360.68]","[2, 2, 2, 2, 2, 3]",13
assembly_1,6,0.4,subgraph_mip,edge_weight,50,343,1105,54,4.89,0.477,0.159,1.507,1.666,144.53,0.8789,0.22,408,1.62,244.92,408,55.757,45.37,"[339.12, 244.92, 408, 384, 379.31, 401.5]","[2, 1, 2, 3, 3, 2]",13
assembly_1,6,0.4,subgraph_mip,time_balanced_weight,50,343,1105,140,12.67,0.477,0.212,3.458,3.669,65.61,1.0063,14.75,408,1.62,304.68,408,35.728,28.74,"[339.12, 408, 350.63, 304.68, 401.5, 352.92]","[2, 2, 2, 3, 2, 2]",13
assembly_1,6,0.4,subgraph_mip,combined,50,343,1105,188,17.01,0.477,0.338,5.808,6.147,39.17,0.8789,0.22,408,1.62,244.92,408,55.757,45.37,"[339.12, 244.92, 408, 384, 379.31, 401.5]","[2, 1, 2, 3, 3, 2]",13
assembly_1,6,0.4,subgraph_mip,blended,50,343,1105,56,5.07,0.477,0.161,1.927,2.089,115.25,0.8856,0.99,408,1.62,339.12,408,22.682,19.16,"[339.12, 352.92, 408, 350.63, 345.5, 360.68]","[2, 2, 2, 2, 2, 3]",13
assembly_1,6,0.4,subgraph_mip,blended_union,50,343,1105,112,10.14,0.477,0.972,3.669,4.641,51.87,0.8789,0.22,408,1.62,244.92,408,55.757,45.37,"[339.12, 244.92, 408, 384, 379.31, 401.5]","[2, 1, 2, 3, 3, 2]",13
assembly_1,6,0.4,subgraph_mip,diverse,50,343,1105,506,45.79,0.477,0.03,57.251,57.281,4.2,0.8819,0.56,408,1.62,244.92,408,55.82,45.37,"[339.12, 244.92, 408, 376.48, 386.83, 401.5]","[2, 1, 2, 3, 3, 2]",13
assembly_1,6,0.4,subgraph_mip,edge_weight,100,343,1105,78,7.06,0.477,0.258,2.203,2.462,97.8,0.8789,0.22,408,1.62,244.92,408,55.757,45.37,"[339.12, 244.92, 408, 384, 379.31, 401.5]","[2, 1, 2, 3, 3, 2]",13
assembly_1,6,0.4,subgraph_mip,time_balanced_weight,100,343,1105,202,18.28,0.477,0.401,4.825,5.226,46.07,0.9859,12.42,408,1.62,329.7,408,25.754,21.78,"[339.12, 408, 354.92, 350.63, 329.7, 374.48]","[2, 2, 2, 2, 2, 3]",13
assembly_1,6,0.4,subgraph_mip,combined,100,343,1105,262,23.71,0.477,0.777,9.873,10.65,22.6,0.8789,0.22,408,1.62,244.92,408,55.757,45.37,"[339.12, 244.92, 408, 384, 379.31, 401.5]","[2, 1, 2, 3, 3, 2]",13
assembly_1,6,0.4,subgraph_mip,blended,100,343,1105,77,6.97,0.477,0.349,1.784,2.133,112.85,0.8856,0.99,408,1.62,339.12,408,22.682,19.16,"[339.12, 352.92, 408, 350.63, 345.5, 360.68]","[2, 2, 2, 2, 2, 3]",13
assembly_1,6,0.4,subgraph_mip,blended_union,100,343,1105,155,14.03,0.477,1.142,10.687,11.83,20.35,0.8789,0.22,408,1.62,244.92,408,55.757,45.37,"[339.12, 244.92, 408, 384, 379.31, 401.5]","[2, 1, 2, 3, 3, 2]",13
assembly_1,6,0.4,subgraph_mip,diverse,100,343,1105,742,67.15,0.477,0.08,30.755,30.835,7.81,0.8799,0.34,401.5,0.0,332,401.5,26.232,19.33,"[339.12, 352.92, 342.48, 332, 388.83, 401.5]","[2, 2, 2, 2, 3, 2]",13
assembly_1,6,0.4,subgraph_mip,edge_weight,200,343,1105,95,8.6,0.477,0.686,1.909,2.595,92.77,0.877,0.0,401.5,0.0,332,401.5,26.232,19.33,"[339.12, 352.92, 342.48, 332, 388.83, 401.5]","[2, 2, 2, 2, 3, 2]",13
assembly_1,6,0.4,subgraph_mip,time_balanced_weight,200,343,1105,254,22.99,0.477,0.661,7.642,8.303,28.99,0.9859,12.42,408,1.62,329.7,408,25.754,21.78,"[339.12, 408, 354.92, 350.63, 329.7, 374.48]","[2, 2, 2, 2, 2, 3]",13
assembly_1,6,0.4,subgraph_mip,combined,200,343,1105,327,29.59,0.477,1.49,8.19,9.68,24.87,0.877,0.0,401.5,0.0,332,401.5,26.232,19.33,"[339.12, 352.92, 342.48, 332, 388.83, 401.5]","[2, 2, 2, 2, 3, 2]",13
assembly_1,6,0.4,subgraph_mip,blended,200,343,1105,110,9.95,0.477,0.755,8.07,8.825,27.28,0.8856,0.99,408,1.62,339.12,408,22.682,19.16,"[339.12, 352.92, 408, 350.63, 345.5, 360.68]","[2, 2, 2, 2, 2, 3]",13
assembly_1,6,0.4,subgraph_mip,blended_union,200,343,1105,222,20.09,0.477,2.187,27.555,29.742,8.09,0.877,0.0,401.5,0.0,332,401.5,26.232,19.33,"[339.12, 352.92, 342.48, 332, 388.83, 401.5]","[2, 2, 2, 2, 3, 2]",13
assembly_1,6,0.4,subgraph_mip,diverse,200,343,1105,907,82.08,0.477,0.145,253.464,253.609,0.95,0.8799,0.34,401.5,0.0,332,401.5,26.232,19.33,"[339.12, 352.92, 342.48, 332, 388.83, 401.5]","[2, 2, 2, 2, 3, 2]",13
assembly_1,6,0.4,subgraph_mip,edge_weight,500,343,1105,108,9.77,0.477,1.57,2.121,3.691,65.22,0.877,0.0,401.5,0.0,332,401.5,26.232,19.33,"[339.12, 352.92, 342.48, 332, 388.83, 401.5]","[2, 2, 2, 2, 3, 2]",13
assembly_1,6,0.4,subgraph_mip,time_balanced_weight,500,343,1105,395,35.75,0.477,1.746,25.444,27.19,8.85,0.9761,11.3,408,1.62,244.92,408,55.82,45.37,"[339.12, 244.92, 408, 376.48, 386.83, 401.5]","[2, 1, 2, 3, 3, 2]",13
assembly_1,6,0.4,subgraph_mip,combined,500,343,1105,451,40.81,0.477,2.91,34.542,37.452,6.43,0.877,0.0,401.5,0.0,332,401.5,26.232,19.33,"[339.12, 352.92, 342.48, 332, 388.83, 401.5]","[2, 2, 2, 2, 3, 2]",13
assembly_1,6,0.4,subgraph_mip,blended,500,343,1105,137,12.4,0.477,1.414,8.617,10.032,24.0,0.8856,0.99,408,1.62,339.12,408,22.682,19.16,"[339.12, 352.92, 408, 350.63, 345.5, 360.68]","[2, 2, 2, 2, 2, 3]",13
assembly_1,6,0.4,subgraph_mip,blended_union,500,343,1105,268,24.25,0.477,5.569,26.9,32.468,7.41,0.877,0.0,401.5,0.0,332,401.5,26.232,19.33,"[339.12, 352.92, 342.48, 332, 388.83, 401.5]","[2, 2, 2, 2, 3, 2]",13
assembly_1,6,0.4,subgraph_mip,diverse,500,343,1105,1045,94.57,0.477,0.696,118.815,119.511,2.01,0.877,0.0,401.5,0.0,332,401.5,26.232,19.33,"[339.12, 352.92, 342.48, 332, 388.83, 401.5]","[2, 2, 2, 2, 3, 2]",13
assembly_1,6,0.4,subgraph_mip,edge_weight,1000,343,1105,142,12.85,0.477,3.649,5.426,9.075,26.53,0.877,0.0,401.5,0.0,332,401.5,26.232,19.33,"[339.12, 352.92, 342.48, 332, 388.83, 401.5]","[2, 2, 2, 2, 3, 2]",13
assembly_1,6,0.4,subgraph_mip,time_balanced_weight,1000,343,1105,471,42.62,0.477,4.299,25.204,29.504,8.16,0.9761,11.3,408,1.62,244.92,408,55.82,45.37,"[244.92, 339.12, 408, 376.48, 386.83, 401.5]","[1, 2, 2, 3, 3, 2]",13
assembly_1,6,0.4,subgraph_mip,combined,1000,343,1105,546,49.41,0.477,7.247,46.93,54.178,4.44,0.877,0.0,401.5,0.0,332,401.5,26.232,19.33,"[339.12, 352.92, 342.48, 332, 388.83, 401.5]","[2, 2, 2, 2, 3, 2]",13
assembly_1,6,0.4,subgraph_mip,blended,1000,343,1105,165,14.93,0.477,3.693,7.274,10.966,21.95,0.8856,0.99,408,1.62,339.12,408,22.682,19.16,"[339.12, 352.92, 408, 350.63, 345.5, 360.68]","[2, 2, 2, 2, 2, 3]",13
assembly_1,6,0.4,subgraph_mip,blended_union,1000,343,1105,328,29.68,0.477,11.496,25.728,37.224,6.47,0.877,0.0,401.5,0.0,332,401.5,26.232,19.33,"[339.12, 352.92, 342.48, 332, 388.83, 401.5]","[2, 2, 2, 2, 3, 2]",13
assembly_1,6,0.4,subgraph_mip,diverse,1000,343,1105,1100,99.55,0.477,0.875,217.763,218.638,1.1,0.877,0.0,401.5,0.0,332,401.5,26.232,19.33,"[339.12, 352.92, 342.48, 332, 388.83, 401.5]","[2, 2, 2, 2, 3, 2]",13
assembly_1,6,0.4,subgraph_mip,edge_weight,2000,343,1105,185,16.74,0.477,6.865,7.674,14.539,16.56,0.877,0.0,401.5,0.0,332,401.5,26.232,19.33,"[339.12, 352.92, 342.48, 332, 388.83, 401.5]","[2, 2, 2, 2, 3, 2]",13
assembly_1,6,0.4,subgraph_mip,time_balanced_weight,2000,343,1105,617,55.84,0.477,8.449,92.229,100.678,2.39,0.9757,11.26,408,1.62,244.92,408,55.757,45.37,"[339.12, 244.92, 408, 384, 379.31, 401.5]","[2, 1, 2, 3, 3, 2]",13
assembly_1,6,0.4,subgraph_mip,combined,2000,343,1105,666,60.27,0.477,15.535,102.18,117.716,2.05,0.877,0.0,401.5,0.0,332,401.5,26.232,19.33,"[339.12, 352.92, 342.48, 332, 388.83, 401.5]","[2, 2, 2, 2, 3, 2]",13
assembly_1,6,0.4,subgraph_mip,blended,2000,343,1105,191,17.29,0.477,8.878,7.272,16.15,14.91,0.8856,0.99,408,1.62,339.12,408,22.682,19.16,"[339.12, 352.92, 408, 350.63, 345.5, 360.68]","[2, 2, 2, 2, 2, 3]",13
assembly_1,6,0.4,subgraph_mip,blended_union,2000,343,1105,423,38.28,0.477,28.851,33.427,62.278,3.87,0.877,0.0,401.5,0.0,332,401.5,26.232,19.33,"[339.12, 352.92, 342.48, 332, 388.83, 401.5]","[2, 2, 2, 2, 3, 2]",13
assembly_1,6,0.4,subgraph_mip,diverse,2000,343,1105,1105,100.0,0.477,2.252,261.636,263.888,0.91,0.877,0.0,401.5,0.0,332,401.5,26.232,19.33,"[339.12, 352.92, 342.48, 332, 388.83, 401.5]","[2, 2, 2, 2, 3, 2]",13
assembly_1,6,0.4,subgraph_mip,edge_weight,5000,343,1105,232,21.0,0.477,32.563,22.412,54.975,4.38,0.877,0.0,401.5,0.0,332,401.5,26.232,19.33,"[339.12, 352.92, 342.48, 332, 388.83, 401.5]","[2, 2, 2, 2, 3, 2]",13
assembly_1,6,0.4,subgraph_mip,time_balanced_weight,5000,343,1105,768,69.5,0.477,30.39,121.367,151.757,1.59,0.9719,10.83,401.5,0.0,332,401.5,26.232,19.33,"[339.12, 352.92, 342.48, 332, 388.83, 401.5]","[2, 2, 2, 2, 3, 2]",13
assembly_1,6,0.4,subgraph_mip,combined,5000,343,1105,809,73.21,0.477,62.783,181.872,244.655,0.98,0.877,0.0,401.5,0.0,332,401.5,26.232,19.33,"[339.12, 352.92, 342.48, 332, 388.83, 401.5]","[2, 2, 2, 2, 3, 2]",13
assembly_1,6,0.4,subgraph_mip,blended,5000,343,1105,305,27.6,0.477,35.858,27.48,63.338,3.8,0.8822,0.6,408,1.62,276,408,44.609,36.72,"[339.12, 352.92, 408, 276, 379.31, 401.5]","[2, 2, 2, 2, 3, 2]",13
assembly_1,6,0.4,subgraph_mip,blended_union,5000,343,1105,532,48.14,0.477,111.281,46.583,157.864,1.53,0.877,0.0,401.5,0.0,332,401.5,26.232,19.33,"[339.12, 352.92, 342.48, 332, 388.83, 401.5]","[2, 2, 2, 2, 3, 2]",13
assembly_1,6,0.4,subgraph_mip,diverse,5000,343,1105,1105,100.0,0.477,5.675,261.564,267.239,0.9,0.877,0.0,401.5,0.0,332,401.5,26.232,19.33,"[339.12, 352.92, 342.48, 332, 388.83, 401.5]","[2, 2, 2, 2, 3, 2]",13
assembly_1,6,0.45,full_mip,—,,343,1105,1105,100.0,0.348,0.0,136.748,136.748,1.0,0.8814,0.0,401.5,0.0,332,401.5,26.232,19.33,"[339.12, 352.92, 342.48, 332, 388.83, 401.5]","[2, 2, 2, 2, 3, 2]",13
assembly_1,6,0.45,subgraph_mip,edge_weight,1,343,1105,13,1.18,0.348,0.002,0.448,0.45,304.17,0.9633,9.29,484.48,20.67,244.92,484.48,86.653,66.64,"[339.12, 244.92, 408, 484.48, 420.13, 260.2]","[2, 1, 2, 4, 2, 2]",13
assembly_1,6,0.45,subgraph_mip,time_balanced_weight,1,343,1105,13,1.18,0.348,0.001,0.401,0.402,339.85,1.1037,25.22,444.83,10.79,242,444.83,83.119,56.42,"[242, 244.92, 410.92, 444.83, 412.68, 401.5]","[1, 1, 2, 3, 4, 2]",13
assembly_1,6,0.45,subgraph_mip,combined,1,343,1105,26,2.35,0.348,0.002,0.543,0.545,250.95,0.9633,9.29,484.48,20.67,244.92,484.48,86.653,66.64,"[339.12, 244.92, 408, 484.48, 420.13, 260.2]","[2, 1, 2, 4, 2, 2]",13
assembly_1,6,0.45,subgraph_mip,blended,1,343,1105,13,1.18,0.348,0.001,0.467,0.468,292.43,0.9013,2.26,408,1.62,339.12,408,23.512,19.16,"[339.12, 408, 345.4, 350.63, 345.5, 368.2]","[2, 2, 2, 2, 2, 3]",13
assembly_1,6,0.45,subgraph_mip,blended_union,1,343,1105,36,3.26,0.348,0.012,2.466,2.478,55.19,0.9013,2.26,408,1.62,339.12,408,23.512,19.16,"[339.12, 408, 345.4, 350.63, 345.5, 368.2]","[2, 2, 2, 2, 2, 3]",13
assembly_1,6,0.45,subgraph_mip,diverse,1,343,1105,13,1.18,0.348,0.004,0.365,0.369,370.11,0.9013,2.26,408,1.62,339.12,408,23.512,19.16,"[339.12, 408, 345.4, 350.63, 345.5, 368.2]","[2, 2, 2, 2, 2, 3]",13
assembly_1,6,0.45,subgraph_mip,edge_weight,2,343,1105,15,1.36,0.348,0.004,0.445,0.449,304.38,0.9633,9.29,484.48,20.67,244.92,484.48,86.653,66.64,"[339.12, 244.92, 408, 484.48, 420.13, 260.2]","[2, 1, 2, 4, 2, 2]",13
assembly_1,6,0.45,subgraph_mip,time_balanced_weight,2,343,1105,15,1.36,0.348,0.005,1.935,1.94,70.49,1.0984,24.62,444.83,10.79,242,444.83,83.119,56.42,"[244.92, 242, 410.92, 444.83, 412.68, 401.5]","[1, 1, 2, 3, 4, 2]",13
assembly_1,6,0.45,subgraph_mip,combined,2,343,1105,30,2.71,0.348,0.009,1.723,1.733,78.92,0.9633,9.29,484.48,20.67,244.92,484.48,86.653,66.64,"[339.12, 244.92, 408, 484.48, 420.13, 260.2]","[2, 1, 2, 4, 2, 2]",13
assembly_1,6,0.45,subgraph_mip,blended,2,343,1105,15,1.36,0.348,0.004,0.621,0.625,218.78,0.9013,2.26,408,1.62,339.12,408,23.512,19.16,"[339.12, 408, 345.4, 350.63, 345.5, 368.2]","[2, 2, 2, 2, 2, 3]",13
assembly_1,6,0.45,subgraph_mip,blended_union,2,343,1105,42,3.8,0.348,0.023,3.466,3.489,39.2,0.9013,2.26,408,1.62,339.12,408,23.512,19.16,"[339.12, 408, 345.4, 350.63, 345.5, 368.2]","[2, 2, 2, 2, 2, 3]",13
assembly_1,6,0.45,subgraph_mip,diverse,2,343,1105,26,2.35,0.348,0.005,2.048,2.053,66.61,0.9013,2.26,408,1.62,339.12,408,23.512,19.16,"[339.12, 408, 345.4, 350.63, 345.5, 368.2]","[2, 2, 2, 2, 2, 3]",13
assembly_1,6,0.45,subgraph_mip,edge_weight,5,343,1105,21,1.9,0.348,0.013,0.832,0.845,161.91,0.9633,9.29,484.48,20.67,244.92,484.48,86.653,66.64,"[339.12, 244.92, 408, 484.48, 420.13, 260.2]","[2, 1, 2, 4, 2, 2]",13
assembly_1,6,0.45,subgraph_mip,time_balanced_weight,5,343,1105,42,3.8,0.348,0.017,1.244,1.261,108.41,1.0829,22.86,408,1.62,244.92,408,56.151,45.37,"[244.92, 408, 350.63, 398.88, 352.92, 401.5]","[1, 2, 2, 4, 2, 2]",13
assembly_1,6,0.45,subgraph_mip,combined,5,343,1105,62,5.61,0.348,0.041,0.552,0.592,230.89,0.9633,9.29,484.48,20.67,244.92,484.48,86.653,66.64,"[339.12, 244.92, 408, 484.48, 420.13, 260.2]","[2, 1, 2, 4, 2, 2]",13
assembly_1,6,0.45,subgraph_mip,blended,5,343,1105,21,1.9,0.348,0.033,1.324,1.357,100.75,0.9013,2.26,408,1.62,339.12,408,23.512,19.16,"[339.12, 408, 345.4, 350.63, 345.5, 368.2]","[2, 2, 2, 2, 2, 3]",13
assembly_1,6,0.45,subgraph_mip,blended_union,5,343,1105,60,5.43,0.348,0.111,3.538,3.649,37.48,0.9013,2.26,408,1.62,339.12,408,23.512,19.16,"[339.12, 408, 345.4, 350.63, 345.5, 368.2]","[2, 2, 2, 2, 2, 3]",13
assembly_1,6,0.45,subgraph_mip,diverse,5,343,1105,65,5.88,0.348,0.015,1.278,1.293,105.72,0.9013,2.26,408,1.62,339.12,408,23.512,19.16,"[339.12, 408, 345.4, 350.63, 345.5, 368.2]","[2, 2, 2, 2, 2, 3]",13
assembly_1,6,0.45,subgraph_mip,edge_weight,10,343,1105,24,2.17,0.348,0.049,0.705,0.754,181.41,0.9633,9.29,484.48,20.67,244.92,484.48,86.653,66.64,"[339.12, 244.92, 408, 484.48, 420.13, 260.2]","[2, 1, 2, 4, 2, 2]",13
assembly_1,6,0.45,subgraph_mip,time_balanced_weight,10,343,1105,59,5.34,0.348,0.075,2.494,2.569,53.22,1.0829,22.86,408,1.62,244.92,408,56.151,45.37,"[244.92, 408, 350.63, 398.88, 352.92, 401.5]","[1, 2, 2, 4, 2, 2]",13
assembly_1,6,0.45,subgraph_mip,combined,10,343,1105,82,7.42,0.348,0.089,0.977,1.067,128.21,0.9633,9.29,484.48,20.67,244.92,484.48,86.653,66.64,"[339.12, 244.92, 408, 484.48, 420.13, 260.2]","[2, 1, 2, 4, 2, 2]",13
assembly_1,6,0.45,subgraph_mip,blended,10,343,1105,24,2.17,0.348,0.029,0.718,0.748,182.86,0.9013,2.26,408,1.62,339.12,408,23.512,19.16,"[339.12, 408, 345.4, 350.63, 345.5, 368.2]","[2, 2, 2, 2, 2, 3]",13
assembly_1,6,0.45,subgraph_mip,blended_union,10,343,1105,68,6.15,0.348,0.115,2.638,2.753,49.67,0.9013,2.26,408,1.62,339.12,408,23.512,19.16,"[339.12, 408, 345.4, 350.63, 345.5, 368.2]","[2, 2, 2, 2, 2, 3]",13
assembly_1,6,0.45,subgraph_mip,diverse,10,343,1105,126,11.4,0.348,0.024,1.535,1.559,87.71,0.8953,1.58,408,1.62,339.12,408,22.82,19.16,"[339.12, 408, 354.92, 350.63, 343.5, 360.68]","[2, 2, 2, 2, 2, 3]",13
assembly_1,6,0.45,subgraph_mip,edge_weight,20,343,1105,35,3.17,0.348,0.076,0.801,0.877,155.85,0.8844,0.34,408,1.62,244.92,408,55.757,45.37,"[339.12, 244.92, 408, 384, 379.31, 401.5]","[2, 1, 2, 3, 3, 2]",13
assembly_1,6,0.45,subgraph_mip,time_balanced_weight,20,343,1105,74,6.7,0.348,0.1,1.408,1.508,90.68,1.0015,13.63,408,1.62,304.68,408,35.728,28.74,"[339.12, 408, 350.63, 304.68, 352.92, 401.5]","[2, 2, 2, 3, 2, 2]",13
assembly_1,6,0.45,subgraph_mip,combined,20,343,1105,107,9.68,0.348,0.188,1.913,2.1,65.1,0.8844,0.34,408,1.62,244.92,408,55.757,45.37,"[339.12, 244.92, 408, 384, 379.31, 401.5]","[2, 1, 2, 3, 3, 2]",13
assembly_1,6,0.45,subgraph_mip,blended,20,343,1105,40,3.62,0.348,0.093,2.454,2.546,53.7,0.9013,2.26,408,1.62,339.12,408,23.512,19.16,"[339.12, 408, 345.4, 350.63, 345.5, 368.2]","[2, 2, 2, 2, 2, 3]",13
assembly_1,6,0.45,subgraph_mip,blended_union,20,343,1105,78,7.06,0.348,0.363,2.123,2.487,54.99,0.8844,0.34,408,1.62,244.92,408,55.757,45.37,"[339.12, 244.92, 408, 384, 379.31, 401.5]","[2, 1, 2, 3, 3, 2]",13
assembly_1,6,0.45,subgraph_mip,diverse,20,343,1105,238,21.54,0.348,0.016,8.426,8.442,16.2,0.8953,1.58,408,1.62,339.12,408,22.82,19.16,"[339.12, 408, 354.92, 350.63, 343.5, 360.68]","[2, 2, 2, 2, 2, 3]",13
assembly_1,6,0.45,subgraph_mip,edge_weight,50,343,1105,54,4.89,0.348,0.189,2.238,2.427,56.34,0.8844,0.34,408,1.62,244.92,408,55.757,45.37,"[339.12, 244.92, 408, 384, 379.31, 401.5]","[2, 1, 2, 3, 3, 2]",13
assembly_1,6,0.45,subgraph_mip,time_balanced_weight,50,343,1105,140,12.67,0.348,0.218,3.31,3.529,38.75,1.0012,13.6,408,1.62,304.68,408,35.728,28.74,"[339.12, 408, 350.63, 304.68, 401.5, 352.92]","[2, 2, 2, 3, 2, 2]",13
assembly_1,6,0.45,subgraph_mip,combined,50,343,1105,188,17.01,0.348,0.483,4.571,5.053,27.06,0.8844,0.34,408,1.62,244.92,408,55.757,45.37,"[339.12, 244.92, 408, 384, 379.31, 401.5]","[2, 1, 2, 3, 3, 2]",13
assembly_1,6,0.45,subgraph_mip,blended,50,343,1105,56,5.07,0.348,0.179,2.183,2.363,57.88,0.8906,1.04,408,1.62,339.12,408,22.682,19.16,"[339.12, 352.92, 408, 350.63, 345.5, 360.68]","[2, 2, 2, 2, 2, 3]",13
assembly_1,6,0.45,subgraph_mip,blended_union,50,343,1105,112,10.14,0.348,0.58,3.135,3.715,36.81,0.8844,0.34,408,1.62,244.92,408,55.757,45.37,"[339.12, 244.92, 408, 384, 379.31, 401.5]","[2, 1, 2, 3, 3, 2]",13
assembly_1,6,0.45,subgraph_mip,diverse,50,343,1105,509,46.06,0.348,0.059,32.636,32.694,4.18,0.8872,0.65,408,1.62,244.92,408,55.82,45.37,"[339.12, 244.92, 408, 376.48, 386.83, 401.5]","[2, 1, 2, 3, 3, 2]",13
assembly_1,6,0.45,subgraph_mip,edge_weight,100,343,1105,78,7.06,0.348,0.36,3.293,3.653,37.44,0.8844,0.34,408,1.62,244.92,408,55.757,45.37,"[339.12, 244.92, 408, 384, 379.31, 401.5]","[2, 1, 2, 3, 3, 2]",13
assembly_1,6,0.45,subgraph_mip,time_balanced_weight,100,343,1105,202,18.28,0.348,0.442,4.317,4.759,28.73,0.9825,11.47,408,1.62,329.7,408,25.754,21.78,"[339.12, 408, 354.92, 350.63, 329.7, 374.48]","[2, 2, 2, 2, 2, 3]",13
assembly_1,6,0.45,subgraph_mip,combined,100,343,1105,262,23.71,0.348,0.665,8.971,9.636,14.19,0.8844,0.34,408,1.62,244.92,408,55.757,45.37,"[339.12, 244.92, 408, 384, 379.31, 401.5]","[2, 1, 2, 3, 3, 2]",13
assembly_1,6,0.45,subgraph_mip,blended,100,343,1105,77,6.97,0.348,0.482,1.771,2.253,60.7,0.8906,1.04,408,1.62,339.12,408,22.682,19.16,"[339.12, 352.92, 408, 350.63, 345.5, 360.68]","[2, 2, 2, 2, 2, 3]",13
assembly_1,6,0.45,subgraph_mip,blended_union,100,343,1105,155,14.03,0.348,1.33,4.329,5.659,24.16,0.8844,0.34,408,1.62,244.92,408,55.757,45.37,"[339.12, 244.92, 408, 384, 379.31, 401.5]","[2, 1, 2, 3, 3, 2]",13
assembly_1,6,0.45,subgraph_mip,diverse,100,343,1105,741,67.06,0.348,0.065,71.434,71.498,1.91,0.8872,0.65,408,1.62,244.92,408,55.82,45.37,"[339.12, 244.92, 408, 376.48, 386.83, 401.5]","[2, 1, 2, 3, 3, 2]",13
assembly_1,6,0.45,subgraph_mip,edge_weight,200,343,1105,95,8.6,0.348,0.757,1.808,2.565,53.31,0.8814,0.0,401.5,0.0,332,401.5,26.232,19.33,"[339.12, 352.92, 342.48, 332, 388.83, 401.5]","[2, 2, 2, 2, 3, 2]",13
assembly_1,6,0.45,subgraph_mip,time_balanced_weight,200,343,1105,254,22.99,0.348,0.779,10.21,10.989,12.44,0.9825,11.47,408,1.62,329.7,408,25.754,21.78,"[339.12, 408, 354.92, 350.63, 329.7, 374.48]","[2, 2, 2, 2, 2, 3]",13
assembly_1,6,0.45,subgraph_mip,combined,200,343,1105,327,29.59,0.348,1.26,15.594,16.853,8.11,0.8814,0.0,401.5,0.0,332,401.5,26.232,19.33,"[339.12, 352.92, 342.48, 332, 388.83, 401.5]","[2, 2, 2, 2, 3, 2]",13
assembly_1,6,0.45,subgraph_mip,blended,200,343,1105,105,9.5,0.348,0.503,5.198,5.701,23.99,0.8906,1.04,408,1.62,339.12,408,22.682,19.16,"[339.12, 352.92, 408, 350.63, 345.5, 360.68]","[2, 2, 2, 2, 2, 3]",13
assembly_1,6,0.45,subgraph_mip,blended_union,200,343,1105,222,20.09,0.348,2.276,8.312,10.589,12.91,0.8814,0.0,401.5,0.0,332,401.5,26.232,19.33,"[339.12, 352.92, 342.48, 332, 388.83, 401.5]","[2, 2, 2, 2, 3, 2]",13
assembly_1,6,0.45,subgraph_mip,diverse,200,343,1105,905,81.9,0.348,0.209,248.805,249.014,0.55,0.8844,0.34,408,1.62,244.92,408,55.757,45.37,"[339.12, 244.92, 408, 384, 379.31, 401.5]","[2, 1, 2, 3, 3, 2]",13
assembly_1,6,0.45,subgraph_mip,edge_weight,500,343,1105,108,9.77,0.348,1.249,3.775,5.024,27.22,0.8814,0.0,401.5,0.0,332,401.5,26.232,19.33,"[339.12, 352.92, 342.48, 332, 388.83, 401.5]","[2, 2, 2, 2, 3, 2]",13
assembly_1,6,0.45,subgraph_mip,time_balanced_weight,500,343,1105,395,35.75,0.348,1.565,39.23,40.795,3.35,0.9735,10.45,408,1.62,244.92,408,55.82,45.37,"[244.92, 339.12, 408, 376.48, 386.83, 401.5]","[1, 2, 2, 3, 3, 2]",13
assembly_1,6,0.45,subgraph_mip,combined,500,343,1105,451,40.81,0.348,3.845,42.279,46.124,2.96,0.8814,0.0,401.5,0.0,332,401.5,26.232,19.33,"[339.12, 352.92, 342.48, 332, 388.83, 401.5]","[2, 2, 2, 2, 3, 2]",13
assembly_1,6,0.45,subgraph_mip,blended,500,343,1105,137,12.4,0.348,1.321,8.572,9.893,13.82,0.8906,1.04,408,1.62,339.12,408,22.682,19.16,"[339.12, 352.92, 408, 350.63, 345.5, 360.68]","[2, 2, 2, 2, 2, 3]",13
assembly_1,6,0.45,subgraph_mip,blended_union,500,343,1105,268,24.25,0.348,4.891,27.175,32.066,4.26,0.8814,-0.0,401.5,0.0,332,401.5,26.232,19.33,"[339.12, 352.92, 342.48, 332, 388.83, 401.5]","[2, 2, 2, 2, 3, 2]",13
assembly_1,6,0.45,subgraph_mip,diverse,500,343,1105,1044,94.48,0.348,0.376,234.357,234.734,0.58,0.8814,0.0,401.5,0.0,332,401.5,26.232,19.33,"[339.12, 352.92, 342.48, 332, 388.83, 401.5]","[2, 2, 2, 2, 3, 2]",13
assembly_1,6,0.45,subgraph_mip,edge_weight,1000,343,1105,142,12.85,0.348,7.474,5.357,12.83,10.66,0.8814,-0.0,401.5,0.0,332,401.5,26.232,19.33,"[339.12, 352.92, 342.48, 332, 388.83, 401.5]","[2, 2, 2, 2, 3, 2]",13
assembly_1,6,0.45,subgraph_mip,time_balanced_weight,1000,343,1105,471,42.62,0.348,9.038,47.745,56.783,2.41,0.9735,10.45,408,1.62,244.92,408,55.82,45.37,"[339.12, 244.92, 408, 376.48, 386.83, 401.5]","[2, 1, 2, 3, 3, 2]",13
assembly_1,6,0.45,subgraph_mip,combined,1000,343,1105,546,49.41,0.348,15.113,46.938,62.051,2.2,0.8814,0.0,401.5,0.0,332,401.5,26.232,19.33,"[339.12, 352.92, 342.48, 332, 388.83, 401.5]","[2, 2, 2, 2, 3, 2]",13
assembly_1,6,0.45,subgraph_mip,blended,1000,343,1105,162,14.66,0.348,3.167,5.595,8.762,15.61,0.8906,1.04,408,1.62,339.12,408,22.682,19.16,"[339.12, 352.92, 408, 350.63, 345.5, 360.68]","[2, 2, 2, 2, 2, 3]",13
assembly_1,6,0.45,subgraph_mip,blended_union,1000,343,1105,328,29.68,0.348,11.221,30.18,41.401,3.3,0.8814,0.0,401.5,0.0,332,401.5,26.232,19.33,"[339.12, 352.92, 342.48, 332, 388.83, 401.5]","[2, 2, 2, 2, 3, 2]",13
assembly_1,6,0.45,subgraph_mip,diverse,1000,343,1105,1100,99.55,0.348,0.757,364.231,364.988,0.37,0.8814,0.0,401.5,0.0,332,401.5,26.232,19.33,"[339.12, 352.92, 342.48, 332, 388.83, 401.5]","[2, 2, 2, 2, 3, 2]",13
assembly_1,6,0.45,subgraph_mip,edge_weight,2000,343,1105,185,16.74,0.348,8.905,10.896,19.801,6.91,0.8814,-0.0,401.5,0.0,332,401.5,26.232,19.33,"[339.12, 352.92, 342.48, 332, 388.83, 401.5]","[2, 2, 2, 2, 3, 2]",13
assembly_1,6,0.45,subgraph_mip,time_balanced_weight,2000,343,1105,617,55.84,0.348,9.239,84.777,94.016,1.45,0.9722,10.3,401.5,0.0,332,401.5,26.232,19.33,"[339.12, 352.92, 342.48, 332, 388.83, 401.5]","[2, 2, 2, 2, 3, 2]",13
assembly_1,6,0.45,subgraph_mip,combined,2000,343,1105,666,60.27,0.348,17.439,74.191,91.63,1.49,0.8814,0.0,401.5,0.0,332,401.5,26.232,19.33,"[339.12, 352.92, 342.48, 332, 388.83, 401.5]","[2, 2, 2, 2, 3, 2]",13
assembly_1,6,0.45,subgraph_mip,blended,2000,343,1105,191,17.29,0.348,10.997,4.829,15.826,8.64,0.8906,1.04,408,1.62,339.12,408,22.682,19.16,"[339.12, 352.92, 408, 350.63, 345.5, 360.68]","[2, 2, 2, 2, 2, 3]",13
assembly_1,6,0.45,subgraph_mip,blended_union,2000,343,1105,423,38.28,0.348,30.995,53.634,84.629,1.62,0.8814,0.0,401.5,0.0,332,401.5,26.232,19.33,"[339.12, 352.92, 342.48, 332, 388.83, 401.5]","[2, 2, 2, 2, 3, 2]",13
assembly_1,6,0.45,subgraph_mip,diverse,2000,343,1105,1105,100.0,0.348,2.287,165.931,168.218,0.81,0.8814,0.0,401.5,0.0,332,401.5,26.232,19.33,"[339.12, 352.92, 342.48, 332, 388.83, 401.5]","[2, 2, 2, 2, 3, 2]",13
assembly_1,6,0.45,subgraph_mip,edge_weight,5000,343,1105,232,21.0,0.348,36.93,42.202,79.132,1.73,0.8814,0.0,401.5,0.0,332,401.5,26.232,19.33,"[339.12, 352.92, 342.48, 332, 388.83, 401.5]","[2, 2, 2, 2, 3, 2]",13
assembly_1,6,0.45,subgraph_mip,time_balanced_weight,5000,343,1105,768,69.5,0.348,28.877,256.44,285.318,0.48,0.9684,9.87,401.5,0.0,332,401.5,26.232,19.33,"[339.12, 352.92, 342.48, 332, 388.83, 401.5]","[2, 2, 2, 2, 3, 2]",13
assembly_1,6,0.45,subgraph_mip,combined,5000,343,1105,809,73.21,0.348,62.063,143.481,205.544,0.67,0.8814,0.0,401.5,0.0,332,401.5,26.232,19.33,"[339.12, 352.92, 342.48, 332, 388.83, 401.5]","[2, 2, 2, 2, 3, 2]",13
assembly_1,6,0.45,subgraph_mip,blended,5000,343,1105,309,27.96,0.348,36.435,23.244,59.679,2.29,0.8875,0.69,408,1.62,276,408,44.609,36.72,"[339.12, 352.92, 408, 276, 379.31, 401.5]","[2, 2, 2, 2, 3, 2]",13
assembly_1,6,0.45,subgraph_mip,blended_union,5000,343,1105,532,48.14,0.348,119.09,90.834,209.924,0.65,0.8814,0.0,401.5,0.0,332,401.5,26.232,19.33,"[339.12, 352.92, 342.48, 332, 388.83, 401.5]","[2, 2, 2, 2, 3, 2]",13
assembly_1,6,0.45,subgraph_mip,diverse,5000,343,1105,1105,100.0,0.348,5.966,136.894,142.86,0.96,0.8814,0.0,401.5,0.0,332,401.5,26.232,19.33,"[339.12, 352.92, 342.48, 332, 388.83, 401.5]","[2, 2, 2, 2, 3, 2]",13
assembly_1,6,0.5,full_mip,—,,343,1105,1105,100.0,0.466,0.0,386.568,386.568,1.0,0.8858,0.0,401.5,0.0,332,401.5,26.232,19.33,"[339.12, 352.92, 342.48, 332, 388.83, 401.5]","[2, 2, 2, 2, 3, 2]",13
assembly_1,6,0.5,subgraph_mip,edge_weight,1,343,1105,13,1.18,0.466,0.002,0.779,0.781,495.07,0.9777,10.37,484.48,20.67,244.92,484.48,86.653,66.64,"[339.12, 244.92, 408, 484.48, 420.13, 260.2]","[2, 1, 2, 4, 2, 2]",13
assembly_1,6,0.5,subgraph_mip,time_balanced_weight,1,343,1105,13,1.18,0.466,0.001,0.401,0.402,962.64,1.097,23.84,444.83,10.79,242,444.83,83.119,56.42,"[242, 244.92, 410.92, 444.83, 412.68, 401.5]","[1, 1, 2, 3, 4, 2]",13
assembly_1,6,0.5,subgraph_mip,combined,1,343,1105,26,2.35,0.466,0.002,1.283,1.284,301.03,0.9777,10.37,484.48,20.67,244.92,484.48,86.653,66.64,"[339.12, 244.92, 408, 484.48, 420.13, 260.2]","[2, 1, 2, 4, 2, 2]",13
assembly_1,6,0.5,subgraph_mip,blended,1,343,1105,13,1.18,0.466,0.001,0.443,0.444,869.93,0.9054,2.2,408,1.62,339.12,408,23.512,19.16,"[339.12, 408, 345.4, 350.63, 345.5, 368.2]","[2, 2, 2, 2, 2, 3]",13
assembly_1,6,0.5,subgraph_mip,blended_union,1,343,1105,36,3.26,0.466,0.013,2.794,2.808,137.69,0.9054,2.2,408,1.62,339.12,408,23.512,19.16,"[339.12, 408, 345.4, 350.63, 345.5, 368.2]","[2, 2, 2, 2, 2, 3]",13
assembly_1,6,0.5,subgraph_mip,diverse,1,343,1105,13,1.18,0.466,0.004,0.288,0.292,1325.03,0.9054,2.2,408,1.62,339.12,408,23.512,19.16,"[339.12, 408, 345.4, 350.63, 345.5, 368.2]","[2, 2, 2, 2, 2, 3]",13
assembly_1,6,0.5,subgraph_mip,edge_weight,2,343,1105,15,1.36,0.466,0.004,0.593,0.597,647.17,0.9777,10.37,484.48,20.67,244.92,484.48,86.653,66.64,"[339.12, 244.92, 408, 484.48, 420.13, 260.2]","[2, 1, 2, 4, 2, 2]",13
assembly_1,6,0.5,subgraph_mip,time_balanced_weight,2,343,1105,15,1.36,0.466,0.005,1.543,1.548,249.78,1.0922,23.3,444.83,10.79,242,444.83,83.119,56.42,"[244.92, 242, 410.92, 444.83, 412.68, 401.5]","[1, 1, 2, 3, 4, 2]",13
assembly_1,6,0.5,subgraph_mip,combined,2,343,1105,30,2.71,0.466,0.009,1.074,1.084,356.77,0.9777,10.37,484.48,20.67,244.92,484.48,86.653,66.64,"[339.12, 244.92, 408, 484.48, 420.13, 260.2]","[2, 1, 2, 4, 2, 2]",13
assembly_1,6,0.5,subgraph_mip,blended,2,343,1105,15,1.36,0.466,0.005,1.176,1.181,327.37,0.9054,2.2,408,1.62,339.12,408,23.512,19.16,"[339.12, 408, 345.4, 350.63, 345.5, 368.2]","[2, 2, 2, 2, 2, 3]",13
assembly_1,6,0.5,subgraph_mip,blended_union,2,343,1105,42,3.8,0.466,0.022,3.044,3.066,126.08,0.9054,2.2,408,1.62,339.12,408,23.512,19.16,"[339.12, 408, 345.4, 350.63, 345.5, 368.2]","[2, 2, 2, 2, 2, 3]",13
assembly_1,6,0.5,subgraph_mip,diverse,2,343,1105,26,2.35,0.466,0.005,2.452,2.457,157.33,0.9054,2.2,408,1.62,339.12,408,23.512,19.16,"[339.12, 408, 345.4, 350.63, 345.5, 368.2]","[2, 2, 2, 2, 2, 3]",13
assembly_1,6,0.5,subgraph_mip,edge_weight,5,343,1105,21,1.9,0.466,0.036,0.81,0.847,456.65,0.9777,10.37,484.48,20.67,244.92,484.48,86.653,66.64,"[339.12, 244.92, 408, 484.48, 420.13, 260.2]","[2, 1, 2, 4, 2, 2]",13
assembly_1,6,0.5,subgraph_mip,time_balanced_weight,5,343,1105,42,3.8,0.466,0.029,0.864,0.892,433.15,1.0704,20.84,408,1.62,244.92,408,56.151,45.37,"[244.92, 408, 350.63, 398.88, 352.92, 401.5]","[1, 2, 2, 4, 2, 2]",13
assembly_1,6,0.5,subgraph_mip,combined,5,343,1105,62,5.61,0.466,0.036,2.725,2.761,140.01,0.9777,10.37,484.48,20.67,244.92,484.48,86.653,66.64,"[339.12, 244.92, 408, 484.48, 420.13, 260.2]","[2, 1, 2, 4, 2, 2]",13
assembly_1,6,0.5,subgraph_mip,blended,5,343,1105,27,2.44,0.466,0.014,2.008,2.021,191.24,0.9054,2.2,408,1.62,339.12,408,23.512,19.16,"[339.12, 408, 345.4, 350.63, 345.5, 368.2]","[2, 2, 2, 2, 2, 3]",13
assembly_1,6,0.5,subgraph_mip,blended_union,5,343,1105,60,5.43,0.466,0.055,2.505,2.56,151.0,0.9054,2.2,408,1.62,339.12,408,23.512,19.16,"[339.12, 408, 345.4, 350.63, 345.5, 368.2]","[2, 2, 2, 2, 2, 3]",13
assembly_1,6,0.5,subgraph_mip,diverse,5,343,1105,65,5.88,0.466,0.012,1.161,1.172,329.78,0.9054,2.2,408,1.62,339.12,408,23.512,19.16,"[339.12, 408, 345.4, 350.63, 345.5, 368.2]","[2, 2, 2, 2, 2, 3]",13
assembly_1,6,0.5,subgraph_mip,edge_weight,10,343,1105,24,2.17,0.466,0.045,0.707,0.752,514.12,0.9777,10.37,484.48,20.67,244.92,484.48,86.653,66.64,"[339.12, 244.92, 408, 484.48, 420.13, 260.2]","[2, 1, 2, 4, 2, 2]",13
assembly_1,6,0.5,subgraph_mip,time_balanced_weight,10,343,1105,59,5.34,0.466,0.049,1.181,1.23,314.2,1.0704,20.84,408,1.62,244.92,408,56.151,45.37,"[244.92, 408, 350.63, 398.88, 352.92, 401.5]","[1, 2, 2, 4, 2, 2]",13
assembly_1,6,0.5,subgraph_mip,combined,10,343,1105,82,7.42,0.466,0.087,0.878,0.965,400.54,0.9777,10.37,484.48,20.67,244.92,484.48,86.653,66.64,"[339.12, 244.92, 408, 484.48, 420.13, 260.2]","[2, 1, 2, 4, 2, 2]",13
assembly_1,6,0.5,subgraph_mip,blended,10,343,1105,34,3.08,0.466,0.031,0.924,0.956,404.57,0.9054,2.2,408,1.62,339.12,408,23.512,19.16,"[339.12, 408, 345.4, 350.63, 345.5, 368.2]","[2, 2, 2, 2, 2, 3]",13
assembly_1,6,0.5,subgraph_mip,blended_union,10,343,1105,68,6.15,0.466,0.184,1.937,2.121,182.28,0.9054,2.2,408,1.62,339.12,408,23.512,19.16,"[339.12, 408, 345.4, 350.63, 345.5, 368.2]","[2, 2, 2, 2, 2, 3]",13
assembly_1,6,0.5,subgraph_mip,diverse,10,343,1105,126,11.4,0.466,0.011,2.215,2.226,173.67,0.9054,2.2,408,1.62,339.12,408,23.512,19.16,"[339.12, 408, 345.4, 350.63, 345.5, 368.2]","[2, 2, 2, 2, 2, 3]",13
assembly_1,6,0.5,subgraph_mip,edge_weight,20,343,1105,35,3.17,0.466,0.091,3.187,3.277,117.96,0.8899,0.46,408,1.62,244.92,408,55.757,45.37,"[339.12, 244.92, 408, 384, 379.31, 401.5]","[2, 1, 2, 3, 3, 2]",13
assembly_1,6,0.5,subgraph_mip,time_balanced_weight,20,343,1105,74,6.7,0.466,0.135,1.911,2.046,188.96,0.9964,12.48,408,1.62,304.68,408,35.728,28.74,"[339.12, 408, 350.63, 304.68, 352.92, 401.5]","[2, 2, 2, 3, 2, 2]",13
assembly_1,6,0.5,subgraph_mip,combined,20,343,1105,107,9.68,0.466,0.193,1.836,2.03,190.47,0.8899,0.46,408,1.62,244.92,408,55.757,45.37,"[339.12, 244.92, 408, 384, 379.31, 401.5]","[2, 1, 2, 3, 3, 2]",13
assembly_1,6,0.5,subgraph_mip,blended,20,343,1105,40,3.62,0.466,0.095,1.411,1.506,256.74,0.9054,2.2,408,1.62,339.12,408,23.512,19.16,"[339.12, 408, 345.4, 350.63, 345.5, 368.2]","[2, 2, 2, 2, 2, 3]",13
assembly_1,6,0.5,subgraph_mip,blended_union,20,343,1105,78,7.06,0.466,0.319,1.446,1.765,219.0,0.8899,0.46,408,1.62,244.92,408,55.757,45.37,"[339.12, 244.92, 408, 384, 379.31, 401.5]","[2, 1, 2, 3, 3, 2]",13
assembly_1,6,0.5,subgraph_mip,diverse,20,343,1105,238,21.54,0.466,0.016,7.933,7.949,48.63,0.8999,1.58,408,1.62,339.12,408,22.82,19.16,"[339.12, 408, 354.92, 350.63, 343.5, 360.68]","[2, 2, 2, 2, 2, 3]",13
assembly_1,6,0.5,subgraph_mip,edge_weight,50,343,1105,54,4.89,0.466,0.15,1.895,2.045,189.05,0.8899,0.46,408,1.62,244.92,408,55.757,45.37,"[339.12, 244.92, 408, 384, 379.31, 401.5]","[2, 1, 2, 3, 3, 2]",13
assembly_1,6,0.5,subgraph_mip,time_balanced_weight,50,343,1105,140,12.67,0.466,0.197,5.233,5.43,71.19,0.9962,12.45,408,1.62,304.68,408,35.728,28.74,"[339.12, 408, 350.63, 304.68, 401.5, 352.92]","[2, 2, 2, 3, 2, 2]",13
assembly_1,6,0.5,subgraph_mip,combined,50,343,1105,188,17.01,0.466,0.326,2.676,3.002,128.79,0.8899,0.46,408,1.62,244.92,408,55.757,45.37,"[339.12, 244.92, 408, 384, 379.31, 401.5]","[2, 1, 2, 3, 3, 2]",13
assembly_1,6,0.5,subgraph_mip,blended,50,343,1105,62,5.61,0.466,0.152,1.748,1.9,203.46,0.8956,1.1,408,1.62,339.12,408,22.682,19.16,"[339.12, 352.92, 408, 350.63, 345.5, 360.68]","[2, 2, 2, 2, 2, 3]",13
assembly_1,6,0.5,subgraph_mip,blended_union,50,343,1105,112,10.14,0.466,0.665,3.032,3.697,104.56,0.8899,0.46,408,1.62,244.92,408,55.757,45.37,"[339.12, 244.92, 408, 384, 379.31, 401.5]","[2, 1, 2, 3, 3, 2]",13
assembly_1,6,0.5,subgraph_mip,diverse,50,343,1105,509,46.06,0.466,0.07,25.36,25.43,15.2,0.8924,0.74,408,1.62,244.92,408,55.82,45.37,"[339.12, 244.92, 408, 376.48, 386.83, 401.5]","[2, 1, 2, 3, 3, 2]",13
assembly_1,6,0.5,subgraph_mip,edge_weight,100,343,1105,78,7.06,0.466,0.322,1.025,1.347,286.98,0.8899,0.46,408,1.62,244.92,408,55.757,45.37,"[339.12, 244.92, 408, 384, 379.31, 401.5]","[2, 1, 2, 3, 3, 2]",13
assembly_1,6,0.5,subgraph_mip,time_balanced_weight,100,343,1105,202,18.28,0.466,0.505,7.757,8.262,46.79,0.9791,10.53,408,1.62,329.7,408,25.754,21.78,"[339.12, 408, 354.92, 350.63, 329.7, 374.48]","[2, 2, 2, 2, 2, 3]",13
assembly_1,6,0.5,subgraph_mip,combined,100,343,1105,262,23.71,0.466,0.66,11.875,12.534,30.84,0.8899,0.46,408,1.62,244.92,408,55.757,45.37,"[339.12, 244.92, 408, 384, 379.31, 401.5]","[2, 1, 2, 3, 3, 2]",13
assembly_1,6,0.5,subgraph_mip,blended,100,343,1105,77,6.97,0.466,0.255,2.432,2.688,143.83,0.8956,1.1,408,1.62,339.12,408,22.682,19.16,"[339.12, 352.92, 408, 350.63, 345.5, 360.68]","[2, 2, 2, 2, 2, 3]",13
assembly_1,6,0.5,subgraph_mip,blended_union,100,343,1105,155,14.03,0.466,1.087,5.079,6.166,62.69,0.8899,0.46,408,1.62,244.92,408,55.757,45.37,"[339.12, 244.92, 408, 384, 379.31, 401.5]","[2, 1, 2, 3, 3, 2]",13
assembly_1,6,0.5,subgraph_mip,diverse,100,343,1105,747,67.6,0.466,0.066,148.073,148.139,2.61,0.8916,0.64,408,1.62,244.92,408,55.757,45.37,"[339.12, 244.92, 408, 384, 379.31, 401.5]","[2, 1, 2, 3, 3, 2]",13
assembly_1,6,0.5,subgraph_mip,edge_weight,200,343,1105,95,8.6,0.466,0.952,3.701,4.652,83.09,0.8858,0.0,401.5,0.0,332,401.5,26.232,19.33,"[339.12, 352.92, 342.48, 332, 388.83, 401.5]","[2, 2, 2, 2, 3, 2]",13
assembly_1,6,0.5,subgraph_mip,time_balanced_weight,200,343,1105,254,22.99,0.466,1.205,43.705,44.909,8.61,0.9791,10.53,408,1.62,329.7,408,25.754,21.78,"[339.12, 408, 354.92, 350.63, 329.7, 374.48]","[2, 2, 2, 2, 2, 3]",13
assembly_1,6,0.5,subgraph_mip,combined,200,343,1105,327,29.59,0.466,3.493,17.899,21.392,18.07,0.8858,-0.0,401.5,0.0,332,401.5,26.232,19.33,"[339.12, 352.92, 342.48, 332, 388.83, 401.5]","[2, 2, 2, 2, 3, 2]",13
assembly_1,6,0.5,subgraph_mip,blended,200,343,1105,105,9.5,0.466,1.04,7.631,8.671,44.58,0.8956,1.1,408,1.62,339.12,408,22.682,19.16,"[339.12, 352.92, 408, 350.63, 345.5, 360.68]","[2, 2, 2, 2, 2, 3]",13
assembly_1,6,0.5,subgraph_mip,blended_union,200,343,1105,222,20.09,0.466,3.964,17.09,21.054,18.36,0.8858,0.0,401.5,0.0,332,401.5,26.232,19.33,"[339.12, 352.92, 342.48, 332, 388.83, 401.5]","[2, 2, 2, 2, 3, 2]",13
assembly_1,6,0.5,subgraph_mip,diverse,200,343,1105,908,82.17,0.466,0.4,250.912,251.312,1.54,0.8858,0.0,401.5,0.0,332,401.5,26.232,19.33,"[339.12, 352.92, 342.48, 332, 388.83, 401.5]","[2, 2, 2, 2, 3, 2]",13
assembly_1,6,0.5,subgraph_mip,edge_weight,500,343,1105,108,9.77,0.466,1.697,4.998,6.695,57.74,0.8858,0.0,401.5,0.0,332,401.5,26.232,19.33,"[339.12, 352.92, 342.48, 332, 388.83, 401.5]","[2, 2, 2, 2, 3, 2]",13
assembly_1,6,0.5,subgraph_mip,time_balanced_weight,500,343,1105,395,35.75,0.466,1.522,36.702,38.224,10.11,0.971,9.61,408,1.62,244.92,408,55.82,45.37,"[244.92, 339.12, 408, 376.48, 386.83, 401.5]","[1, 2, 2, 3, 3, 2]",13
assembly_1,6,0.5,subgraph_mip,combined,500,343,1105,451,40.81,0.466,3.446,28.837,32.282,11.97,0.8858,0.0,401.5,0.0,332,401.5,26.232,19.33,"[339.12, 352.92, 342.48, 332, 388.83, 401.5]","[2, 2, 2, 2, 3, 2]",13
assembly_1,6,0.5,subgraph_mip,blended,500,343,1105,137,12.4,0.466,1.732,4.465,6.197,62.38,0.8956,1.1,408,1.62,339.12,408,22.682,19.16,"[339.12, 352.92, 408, 350.63, 345.5, 360.68]","[2, 2, 2, 2, 2, 3]",13
assembly_1,6,0.5,subgraph_mip,blended_union,500,343,1105,268,24.25,0.466,5.767,16.852,22.618,17.09,0.8858,0.0,401.5,0.0,332,401.5,26.232,19.33,"[339.12, 352.92, 342.48, 332, 388.83, 401.5]","[2, 2, 2, 2, 3, 2]",13
assembly_1,6,0.5,subgraph_mip,diverse,500,343,1105,1044,94.48,0.466,0.416,225.979,226.395,1.71,0.8858,0.0,401.5,0.0,332,401.5,26.232,19.33,"[339.12, 352.92, 342.48, 332, 388.83, 401.5]","[2, 2, 2, 2, 3, 2]",13
assembly_1,6,0.5,subgraph_mip,edge_weight,1000,343,1105,142,12.85,0.466,4.71,6.184,10.894,35.49,0.8858,-0.0,401.5,0.0,332,401.5,26.232,19.33,"[339.12, 352.92, 342.48, 332, 388.83, 401.5]","[2, 2, 2, 2, 3, 2]",13
assembly_1,6,0.5,subgraph_mip,time_balanced_weight,1000,343,1105,471,42.62,0.466,4.165,88.834,92.999,4.16,0.971,9.61,408,1.62,244.92,408,55.82,45.37,"[339.12, 244.92, 408, 376.48, 386.83, 401.5]","[2, 1, 2, 3, 3, 2]",13
assembly_1,6,0.5,subgraph_mip,combined,1000,343,1105,546,49.41,0.466,8.708,72.683,81.391,4.75,0.8858,0.0,401.5,0.0,332,401.5,26.232,19.33,"[339.12, 352.92, 342.48, 332, 388.83, 401.5]","[2, 2, 2, 2, 3, 2]",13
assembly_1,6,0.5,subgraph_mip,blended,1000,343,1105,162,14.66,0.466,4.771,7.65,12.421,31.12,0.8956,1.1,408,1.62,339.12,408,22.682,19.16,"[339.12, 352.92, 408, 350.63, 345.5, 360.68]","[2, 2, 2, 2, 2, 3]",13
assembly_1,6,0.5,subgraph_mip,blended_union,1000,343,1105,328,29.68,0.466,12.793,22.901,35.695,10.83,0.8858,0.0,401.5,0.0,332,401.5,26.232,19.33,"[339.12, 352.92, 342.48, 332, 388.83, 401.5]","[2, 2, 2, 2, 3, 2]",13
assembly_1,6,0.5,subgraph_mip,diverse,1000,343,1105,1099,99.46,0.466,1.169,486.825,487.994,0.79,0.8858,0.0,401.5,0.0,332,401.5,26.232,19.33,"[339.12, 352.92, 342.48, 332, 388.83, 401.5]","[2, 2, 2, 2, 3, 2]",13
assembly_1,6,0.5,subgraph_mip,edge_weight,2000,343,1105,185,16.74,0.466,8.197,14.2,22.397,17.26,0.8858,0.0,401.5,0.0,332,401.5,26.232,19.33,"[339.12, 352.92, 342.48, 332, 388.83, 401.5]","[2, 2, 2, 2, 3, 2]",13
assembly_1,6,0.5,subgraph_mip,time_balanced_weight,2000,343,1105,617,55.84,0.466,8.375,128.31,136.686,2.83,0.9684,9.31,401.5,0.0,332,401.5,26.232,19.33,"[339.12, 352.92, 342.48, 332, 388.83, 401.5]","[2, 2, 2, 2, 3, 2]",13
assembly_1,6,0.5,subgraph_mip,combined,2000,343,1105,666,60.27,0.466,16.912,55.757,72.669,5.32,0.8858,0.0,401.5,0.0,332,401.5,26.232,19.33,"[339.12, 352.92, 342.48, 332, 388.83, 401.5]","[2, 2, 2, 2, 3, 2]",13
assembly_1,6,0.5,subgraph_mip,blended,2000,343,1105,195,17.65,0.466,9.233,6.035,15.268,25.32,0.8956,1.1,408,1.62,339.12,408,22.682,19.16,"[339.12, 352.92, 408, 350.63, 345.5, 360.68]","[2, 2, 2, 2, 2, 3]",13
assembly_1,6,0.5,subgraph_mip,blended_union,2000,343,1105,423,38.28,0.466,28.59,34.535,63.125,6.12,0.8858,0.0,401.5,0.0,332,401.5,26.232,19.33,"[339.12, 352.92, 342.48, 332, 388.83, 401.5]","[2, 2, 2, 2, 3, 2]",13
assembly_1,6,0.5,subgraph_mip,diverse,2000,343,1105,1105,100.0,0.466,2.192,350.445,352.637,1.1,0.8858,0.0,401.5,0.0,332,401.5,26.232,19.33,"[339.12, 352.92, 342.48, 332, 388.83, 401.5]","[2, 2, 2, 2, 3, 2]",13
assembly_1,6,0.5,subgraph_mip,edge_weight,5000,343,1105,232,21.0,0.466,34.588,16.231,50.819,7.61,0.8858,0.0,401.5,0.0,332,401.5,26.232,19.33,"[339.12, 352.92, 342.48, 332, 388.83, 401.5]","[2, 2, 2, 2, 3, 2]",13
assembly_1,6,0.5,subgraph_mip,time_balanced_weight,5000,343,1105,768,69.5,0.466,31.223,257.797,289.021,1.34,0.965,8.93,401.5,0.0,332,401.5,26.232,19.33,"[339.12, 352.92, 342.48, 332, 388.83, 401.5]","[2, 2, 2, 2, 3, 2]",13
assembly_1,6,0.5,subgraph_mip,combined,5000,343,1105,809,73.21,0.466,64.812,187.985,252.797,1.53,0.8858,-0.0,401.5,0.0,332,401.5,26.232,19.33,"[339.12, 352.92, 342.48, 332, 388.83, 401.5]","[2, 2, 2, 2, 3, 2]",13
assembly_1,6,0.5,subgraph_mip,blended,5000,343,1105,299,27.06,0.466,34.742,27.262,62.004,6.23,0.8956,1.1,408,1.62,339.12,408,22.682,19.16,"[339.12, 352.92, 408, 350.63, 345.5, 360.68]","[2, 2, 2, 2, 2, 3]",13
assembly_1,6,0.5,subgraph_mip,blended_union,5000,343,1105,532,48.14,0.466,100.102,50.227,150.329,2.57,0.8858,0.0,401.5,0.0,332,401.5,26.232,19.33,"[339.12, 352.92, 342.48, 332, 388.83, 401.5]","[2, 2, 2, 2, 3, 2]",13
assembly_1,6,0.5,subgraph_mip,diverse,5000,343,1105,1105,100.0,0.466,4.863,275.371,280.234,1.38,0.8858,0.0,401.5,0.0,332,401.5,26.232,19.33,"[339.12, 352.92, 342.48, 332, 388.83, 401.5]","[2, 2, 2, 2, 3, 2]",13
assembly_1,6,0.55,full_mip,—,,343,1105,1105,100.0,0.559,0.0,310.164,310.164,1.0,0.8903,0.0,401.5,0.0,332,401.5,26.232,19.33,"[339.12, 352.92, 342.48, 332, 388.83, 401.5]","[2, 2, 2, 2, 3, 2]",13
assembly_1,6,0.55,subgraph_mip,edge_weight,1,343,1105,13,1.18,0.559,0.002,1.326,1.328,233.54,0.9922,11.45,484.48,20.67,244.92,484.48,86.653,66.64,"[339.12, 244.92, 408, 484.48, 420.13, 260.2]","[2, 1, 2, 4, 2, 2]",13
assembly_1,6,0.55,subgraph_mip,time_balanced_weight,1,343,1105,13,1.18,0.559,0.001,0.931,0.932,332.72,1.0904,22.48,444.83,10.79,242,444.83,83.119,56.42,"[242, 244.92, 410.92, 444.83, 412.68, 401.5]","[1, 1, 2, 3, 4, 2]",13
assembly_1,6,0.55,subgraph_mip,combined,1,343,1105,26,2.35,0.559,0.002,0.415,0.416,745.28,0.9922,11.45,484.48,20.67,244.92,484.48,86.653,66.64,"[339.12, 244.92, 408, 484.48, 420.13, 260.2]","[2, 1, 2, 4, 2, 2]",13
assembly_1,6,0.55,subgraph_mip,blended,1,343,1105,13,1.18,0.559,0.001,0.205,0.206,1507.5,0.915,2.78,408,1.62,339.12,408,22.682,19.16,"[339.12, 408, 350.63, 345.5, 352.92, 360.68]","[2, 2, 2, 2, 2, 3]",13
assembly_1,6,0.55,subgraph_mip,blended_union,1,343,1105,36,3.26,0.559,0.012,4.512,4.525,68.55,0.9094,2.14,408,1.62,339.12,408,23.512,19.16,"[339.12, 408, 345.4, 350.63, 345.5, 368.2]","[2, 2, 2, 2, 2, 3]",13
assembly_1,6,0.55,subgraph_mip,diverse,1,343,1105,13,1.18,0.559,0.004,0.215,0.219,1416.75,0.915,2.78,408,1.62,339.12,408,22.682,19.16,"[339.12, 408, 350.63, 345.5, 352.92, 360.68]","[2, 2, 2, 2, 2, 3]",13
assembly_1,6,0.55,subgraph_mip,edge_weight,2,343,1105,15,1.36,0.559,0.004,1.935,1.939,159.97,0.9922,11.45,484.48,20.67,244.92,484.48,86.653,66.64,"[339.12, 244.92, 408, 484.48, 420.13, 260.2]","[2, 1, 2, 4, 2, 2]",13
assembly_1,6,0.55,subgraph_mip,time_balanced_weight,2,343,1105,15,1.36,0.559,0.005,0.917,0.922,336.48,1.0861,21.99,444.83,10.79,242,444.83,83.119,56.42,"[244.92, 242, 410.92, 444.83, 412.68, 401.5]","[1, 1, 2, 3, 4, 2]",13
assembly_1,6,0.55,subgraph_mip,combined,2,343,1105,30,2.71,0.559,0.009,2.49,2.499,124.11,0.9922,11.45,484.48,20.67,244.92,484.48,86.653,66.64,"[339.12, 244.92, 408, 484.48, 420.13, 260.2]","[2, 1, 2, 4, 2, 2]",13
assembly_1,6,0.55,subgraph_mip,blended,2,343,1105,15,1.36,0.559,0.004,1.313,1.317,235.45,0.915,2.78,408,1.62,339.12,408,22.682,19.16,"[339.12, 408, 350.63, 345.5, 352.92, 360.68]","[2, 2, 2, 2, 2, 3]",13
assembly_1,6,0.55,subgraph_mip,blended_union,2,343,1105,42,3.8,0.559,0.031,3.076,3.107,99.84,0.9094,2.14,408,1.62,339.12,408,23.512,19.16,"[339.12, 408, 345.4, 350.63, 345.5, 368.2]","[2, 2, 2, 2, 2, 3]",13
assembly_1,6,0.55,subgraph_mip,diverse,2,343,1105,26,2.35,0.559,0.005,1.13,1.135,273.37,0.915,2.78,408,1.62,339.12,408,22.682,19.16,"[339.12, 408, 350.63, 345.5, 352.92, 360.68]","[2, 2, 2, 2, 2, 3]",13
assembly_1,6,0.55,subgraph_mip,edge_weight,5,343,1105,21,1.9,0.559,0.015,1.088,1.103,281.18,0.9922,11.45,484.48,20.67,244.92,484.48,86.653,66.64,"[339.12, 244.92, 408, 484.48, 420.13, 260.2]","[2, 1, 2, 4, 2, 2]",13
assembly_1,6,0.55,subgraph_mip,time_balanced_weight,5,343,1105,42,3.8,0.559,0.018,0.932,0.95,326.47,1.0579,18.83,408,1.62,244.92,408,56.151,45.37,"[244.92, 408, 350.63, 398.88, 352.92, 401.5]","[1, 2, 2, 4, 2, 2]",13
assembly_1,6,0.55,subgraph_mip,combined,5,343,1105,62,5.61,0.559,0.056,1.101,1.158,267.87,0.9922,11.45,484.48,20.67,244.92,484.48,86.653,66.64,"[339.12, 244.92, 408, 484.48, 420.13, 260.2]","[2, 1, 2, 4, 2, 2]",13
assembly_1,6,0.55,subgraph_mip,blended,5,343,1105,21,1.9,0.559,0.036,0.465,0.501,619.59,0.915,2.78,408,1.62,339.12,408,22.682,19.16,"[339.12, 408, 350.63, 345.5, 352.92, 360.68]","[2, 2, 2, 2, 2, 3]",13
assembly_1,6,0.55,subgraph_mip,blended_union,5,343,1105,60,5.43,0.559,0.12,1.847,1.967,157.7,0.9094,2.14,408,1.62,339.12,408,23.512,19.16,"[339.12, 408, 345.4, 350.63, 345.5, 368.2]","[2, 2, 2, 2, 2, 3]",13
assembly_1,6,0.55,subgraph_mip,diverse,5,343,1105,65,5.88,0.559,0.007,0.803,0.81,382.97,0.9099,2.21,408,1.62,339.12,408,23.512,19.16,"[339.12, 408, 345.4, 350.63, 345.5, 368.2]","[2, 2, 2, 2, 2, 3]",13
assembly_1,6,0.55,subgraph_mip,edge_weight,10,343,1105,24,2.17,0.559,0.031,0.682,0.713,435.31,0.9922,11.45,484.48,20.67,244.92,484.48,86.653,66.64,"[339.12, 244.92, 408, 484.48, 420.13, 260.2]","[2, 1, 2, 4, 2, 2]",13
assembly_1,6,0.55,subgraph_mip,time_balanced_weight,10,343,1105,59,5.34,0.559,0.037,1.089,1.126,275.52,1.0579,18.83,408,1.62,244.92,408,56.151,45.37,"[244.92, 408, 350.63, 398.88, 352.92, 401.5]","[1, 2, 2, 4, 2, 2]",13
assembly_1,6,0.55,subgraph_mip,combined,10,343,1105,82,7.42,0.559,0.068,2.712,2.78,111.56,0.9922,11.45,484.48,20.67,244.92,484.48,86.653,66.64,"[339.12, 244.92, 408, 484.48, 420.13, 260.2]","[2, 1, 2, 4, 2, 2]",13
assembly_1,6,0.55,subgraph_mip,blended,10,343,1105,32,2.9,0.559,0.03,2.678,2.709,114.51,0.9094,2.14,408,1.62,339.12,408,23.512,19.16,"[339.12, 408, 345.4, 350.63, 345.5, 368.2]","[2, 2, 2, 2, 2, 3]",13
assembly_1,6,0.55,subgraph_mip,blended_union,10,343,1105,68,6.15,0.559,0.104,1.373,1.477,209.95,0.9094,2.14,408,1.62,339.12,408,23.512,19.16,"[339.12, 408, 345.4, 350.63, 345.5, 368.2]","[2, 2, 2, 2, 2, 3]",13
assembly_1,6,0.55,subgraph_mip,diverse,10,343,1105,126,11.4,0.559,0.013,1.152,1.164,266.4,0.9094,2.14,408,1.62,339.12,408,23.512,19.16,"[339.12, 408, 345.4, 350.63, 345.5, 368.2]","[2, 2, 2, 2, 2, 3]",13
assembly_1,6,0.55,subgraph_mip,edge_weight,20,343,1105,35,3.17,0.559,0.065,1.921,1.986,156.21,0.8955,0.58,408,1.62,244.92,408,55.757,45.37,"[339.12, 244.92, 408, 384, 379.31, 401.5]","[2, 1, 2, 3, 3, 2]",13
assembly_1,6,0.55,subgraph_mip,time_balanced_weight,20,343,1105,74,6.7,0.559,0.101,1.672,1.773,174.96,0.9913,11.35,408,1.62,304.68,408,35.728,28.74,"[339.12, 408, 350.63, 304.68, 352.92, 401.5]","[2, 2, 2, 3, 2, 2]",13
assembly_1,6,0.55,subgraph_mip,combined,20,343,1105,107,9.68,0.559,0.156,1.931,2.087,148.63,0.8955,0.58,408,1.62,244.92,408,55.757,45.37,"[339.12, 244.92, 408, 384, 379.31, 401.5]","[2, 1, 2, 3, 3, 2]",13
assembly_1,6,0.55,subgraph_mip,blended,20,343,1105,39,3.53,0.559,0.085,2.22,2.305,134.56,0.9094,2.14,408,1.62,339.12,408,23.512,19.16,"[339.12, 408, 345.4, 350.63, 345.5, 368.2]","[2, 2, 2, 2, 2, 3]",13
assembly_1,6,0.55,subgraph_mip,blended_union,20,343,1105,78,7.06,0.559,0.331,1.44,1.771,175.16,0.8955,0.58,408,1.62,244.92,408,55.757,45.37,"[339.12, 244.92, 408, 384, 379.31, 401.5]","[2, 1, 2, 3, 3, 2]",13
assembly_1,6,0.55,subgraph_mip,diverse,20,343,1105,238,21.54,0.559,0.015,3.867,3.882,79.89,0.9094,2.14,408,1.62,339.12,408,23.512,19.16,"[339.12, 408, 345.4, 350.63, 345.5, 368.2]","[2, 2, 2, 2, 2, 3]",13
assembly_1,6,0.55,subgraph_mip,edge_weight,50,343,1105,54,4.89,0.559,0.205,1.946,2.151,144.18,0.8955,0.58,408,1.62,244.92,408,55.757,45.37,"[339.12, 244.92, 408, 384, 379.31, 401.5]","[2, 1, 2, 3, 3, 2]",13
assembly_1,6,0.55,subgraph_mip,time_balanced_weight,50,343,1105,140,12.67,0.559,0.234,14.135,14.368,21.59,0.9911,11.32,408,1.62,304.68,408,35.728,28.74,"[339.12, 408, 350.63, 304.68, 401.5, 352.92]","[2, 2, 2, 3, 2, 2]",13
assembly_1,6,0.55,subgraph_mip,combined,50,343,1105,188,17.01,0.559,0.442,3.916,4.358,71.17,0.8955,0.58,408,1.62,244.92,408,55.757,45.37,"[339.12, 244.92, 408, 384, 379.31, 401.5]","[2, 1, 2, 3, 3, 2]",13
assembly_1,6,0.55,subgraph_mip,blended,50,343,1105,55,4.98,0.559,0.178,1.032,1.21,256.27,0.9094,2.14,408,1.62,339.12,408,23.512,19.16,"[339.12, 408, 345.4, 350.63, 345.5, 368.2]","[2, 2, 2, 2, 2, 3]",13
assembly_1,6,0.55,subgraph_mip,blended_union,50,343,1105,112,10.14,0.559,0.665,3.579,4.244,73.08,0.8955,0.58,408,1.62,244.92,408,55.757,45.37,"[339.12, 244.92, 408, 384, 379.31, 401.5]","[2, 1, 2, 3, 3, 2]",13
assembly_1,6,0.55,subgraph_mip,diverse,50,343,1105,506,45.79,0.559,0.054,54.751,54.805,5.66,0.8977,0.84,408,1.62,244.92,408,55.82,45.37,"[339.12, 244.92, 408, 376.48, 386.83, 401.5]","[2, 1, 2, 3, 3, 2]",13
assembly_1,6,0.55,subgraph_mip,edge_weight,100,343,1105,78,7.06,0.559,0.546,5.999,6.545,47.39,0.8955,0.58,408,1.62,244.92,408,55.757,45.37,"[339.12, 244.92, 408, 384, 379.31, 401.5]","[2, 1, 2, 3, 3, 2]",13
assembly_1,6,0.55,subgraph_mip,time_balanced_weight,100,343,1105,202,18.28,0.559,0.637,21.455,22.092,14.04,0.9758,9.6,408,1.62,329.7,408,25.754,21.78,"[339.12, 408, 354.92, 350.63, 329.7, 374.48]","[2, 2, 2, 2, 2, 3]",13
assembly_1,6,0.55,subgraph_mip,combined,100,343,1105,262,23.71,0.559,1.829,12.673,14.502,21.39,0.8955,0.58,408,1.62,244.92,408,55.757,45.37,"[339.12, 244.92, 408, 384, 379.31, 401.5]","[2, 1, 2, 3, 3, 2]",13
assembly_1,6,0.55,subgraph_mip,blended,100,343,1105,80,7.24,0.559,0.82,3.717,4.537,68.36,0.9006,1.15,408,1.62,339.12,408,22.682,19.16,"[339.12, 352.92, 408, 350.63, 345.5, 360.68]","[2, 2, 2, 2, 2, 3]",13
assembly_1,6,0.55,subgraph_mip,blended_union,100,343,1105,155,14.03,0.559,1.471,6.539,8.01,38.72,0.8955,0.58,408,1.62,244.92,408,55.757,45.37,"[339.12, 244.92, 408, 384, 379.31, 401.5]","[2, 1, 2, 3, 3, 2]",13
assembly_1,6,0.55,subgraph_mip,diverse,100,343,1105,743,67.24,0.559,0.161,297.719,297.88,1.04,0.8977,0.84,408,1.62,244.92,408,55.82,45.37,"[339.12, 244.92, 408, 376.48, 386.83, 401.5]","[2, 1, 2, 3, 3, 2]",13
assembly_1,6,0.55,subgraph_mip,edge_weight,200,343,1105,95,8.6,0.559,0.646,2.525,3.171,97.82,0.8903,0.0,401.5,0.0,332,401.5,26.232,19.33,"[339.12, 352.92, 342.48, 332, 388.83, 401.5]","[2, 2, 2, 2, 3, 2]",13
assembly_1,6,0.55,subgraph_mip,time_balanced_weight,200,343,1105,254,22.99,0.559,0.993,10.31,11.303,27.44,0.9758,9.6,408,1.62,329.7,408,25.754,21.78,"[339.12, 408, 354.92, 350.63, 329.7, 374.48]","[2, 2, 2, 2, 2, 3]",13
assembly_1,6,0.55,subgraph_mip,combined,200,343,1105,327,29.59,0.559,1.623,34.581,36.204,8.57,0.8903,0.0,401.5,0.0,332,401.5,26.232,19.33,"[339.12, 352.92, 342.48, 332, 388.83, 401.5]","[2, 2, 2, 2, 3, 2]",13
assembly_1,6,0.55,subgraph_mip,blended,200,343,1105,106,9.59,0.559,0.736,4.549,5.285,58.69,0.9006,1.15,408,1.62,339.12,408,22.682,19.16,"[339.12, 352.92, 408, 350.63, 345.5, 360.68]","[2, 2, 2, 2, 2, 3]",13
assembly_1,6,0.55,subgraph_mip,blended_union,200,343,1105,222,20.09,0.559,1.947,12.684,14.631,21.2,0.8903,0.0,401.5,0.0,332,401.5,26.232,19.33,"[339.12, 352.92, 342.48, 332, 388.83, 401.5]","[2, 2, 2, 2, 3, 2]",13
assembly_1,6,0.55,subgraph_mip,diverse,200,343,1105,906,81.99,0.559,0.194,351.984,352.178,0.88,0.8903,0.0,401.5,0.0,332,401.5,26.232,19.33,"[339.12, 352.92, 342.48, 332, 388.83, 401.5]","[2, 2, 2, 2, 3, 2]",13
assembly_1,6,0.55,subgraph_mip,edge_weight,500,343,1105,108,9.77,0.559,1.762,3.729,5.491,56.49,0.8903,0.0,401.5,0.0,332,401.5,26.232,19.33,"[339.12, 352.92, 342.48, 332, 388.83, 401.5]","[2, 2, 2, 2, 3, 2]",13
assembly_1,6,0.55,subgraph_mip,time_balanced_weight,500,343,1105,395,35.75,0.559,2.049,58.284,60.332,5.14,0.9684,8.77,408,1.62,244.92,408,55.82,45.37,"[339.12, 244.92, 408, 376.48, 386.83, 401.5]","[2, 1, 2, 3, 3, 2]",13
assembly_1,6,0.55,subgraph_mip,combined,500,343,1105,451,40.81,0.559,3.547,41.154,44.701,6.94,0.8903,0.0,401.5,0.0,332,401.5,26.232,19.33,"[339.12, 352.92, 342.48, 332, 388.83, 401.5]","[2, 2, 2, 2, 3, 2]",13
assembly_1,6,0.55,subgraph_mip,blended,500,343,1105,137,12.4,0.559,1.788,3.268,5.057,61.34,0.9006,1.15,408,1.62,339.12,408,22.682,19.16,"[339.12, 352.92, 408, 350.63, 345.5, 360.68]","[2, 2, 2, 2, 2, 3]",13
assembly_1,6,0.55,subgraph_mip,blended_union,500,343,1105,268,24.25,0.559,6.214,12.642,18.856,16.45,0.8903,0.0,401.5,0.0,332,401.5,26.232,19.33,"[339.12, 352.92, 342.48, 332, 388.83, 401.5]","[2, 2, 2, 2, 3, 2]",13
assembly_1,6,0.55,subgraph_mip,diverse,500,343,1105,1040,94.12,0.559,0.522,197.928,198.45,1.56,0.8903,0.0,401.5,0.0,332,401.5,26.232,19.33,"[339.12, 352.92, 342.48, 332, 388.83, 401.5]","[2, 2, 2, 2, 3, 2]",13
assembly_1,6,0.55,subgraph_mip,edge_weight,1000,343,1105,142,12.85,0.559,3.777,6.903,10.68,29.04,0.8903,0.0,401.5,0.0,332,401.5,26.232,19.33,"[339.12, 352.92, 342.48, 332, 388.83, 401.5]","[2, 2, 2, 2, 3, 2]",13
assembly_1,6,0.55,subgraph_mip,time_balanced_weight,1000,343,1105,471,42.62,0.559,4.135,107.591,111.726,2.78,0.9684,8.77,408,1.62,244.92,408,55.82,45.37,"[339.12, 244.92, 408, 376.48, 386.83, 401.5]","[2, 1, 2, 3, 3, 2]",13
assembly_1,6,0.55,subgraph_mip,combined,1000,343,1105,546,49.41,0.559,7.668,89.434,97.102,3.19,0.8903,0.0,401.5,0.0,332,401.5,26.232,19.33,"[339.12, 352.92, 342.48, 332, 388.83, 401.5]","[2, 2, 2, 2, 3, 2]",13
assembly_1,6,0.55,subgraph_mip,blended,1000,343,1105,162,14.66,0.559,4.024,6.71,10.734,28.9,0.9006,1.15,408,1.62,339.12,408,22.682,19.16,"[339.12, 352.92, 408, 350.63, 345.5, 360.68]","[2, 2, 2, 2, 2, 3]",13
assembly_1,6,0.55,subgraph_mip,blended_union,1000,343,1105,328,29.68,0.559,12.852,26.991,39.843,7.78,0.8903,0.0,401.5,0.0,332,401.5,26.232,19.33,"[339.12, 352.92, 342.48, 332, 388.83, 401.5]","[2, 2, 2, 2, 3, 2]",13
assembly_1,6,0.55,subgraph_mip,diverse,1000,343,1105,1097,99.28,0.559,1.176,321.397,322.573,0.96,0.8903,0.0,401.5,0.0,332,401.5,26.232,19.33,"[339.12, 352.92, 342.48, 332, 388.83, 401.5]","[2, 2, 2, 2, 3, 2]",13
assembly_1,6,0.55,subgraph_mip,edge_weight,2000,343,1105,185,16.74,0.559,8.18,17.468,25.648,12.09,0.8903,0.0,401.5,0.0,332,401.5,26.232,19.33,"[339.12, 352.92, 342.48, 332, 388.83, 401.5]","[2, 2, 2, 2, 3, 2]",13
assembly_1,6,0.55,subgraph_mip,time_balanced_weight,2000,343,1105,617,55.84,0.559,8.431,70.336,78.767,3.94,0.9645,8.34,401.5,0.0,332,401.5,26.232,19.33,"[339.12, 352.92, 342.48, 332, 388.83, 401.5]","[2, 2, 2, 2, 3, 2]",13
assembly_1,6,0.55,subgraph_mip,combined,2000,343,1105,666,60.27,0.559,15.69,108.49,124.18,2.5,0.8903,0.0,401.5,0.0,332,401.5,26.232,19.33,"[339.12, 352.92, 342.48, 332, 388.83, 401.5]","[2, 2, 2, 2, 3, 2]",13
assembly_1,6,0.55,subgraph_mip,blended,2000,343,1105,201,18.19,0.559,9.042,7.58,16.622,18.66,0.9006,1.15,408,1.62,339.12,408,22.682,19.16,"[339.12, 352.92, 408, 350.63, 345.5, 360.68]","[2, 2, 2, 2, 2, 3]",13
assembly_1,6,0.55,subgraph_mip,blended_union,2000,343,1105,423,38.28,0.559,29.162,23.016,52.178,5.94,0.8903,0.0,401.5,0.0,332,401.5,26.232,19.33,"[339.12, 352.92, 342.48, 332, 388.83, 401.5]","[2, 2, 2, 2, 3, 2]",13
assembly_1,6,0.55,subgraph_mip,diverse,2000,343,1105,1105,100.0,0.559,2.127,370.928,373.055,0.83,0.8903,0.0,401.5,0.0,332,401.5,26.232,19.33,"[339.12, 352.92, 342.48, 332, 388.83, 401.5]","[2, 2, 2, 2, 3, 2]",13
assembly_1,6,0.55,subgraph_mip,edge_weight,5000,343,1105,232,21.0,0.559,35.399,12.929,48.327,6.42,0.8903,-0.0,401.5,0.0,332,401.5,26.232,19.33,"[339.12, 352.92, 342.48, 332, 388.83, 401.5]","[2, 2, 2, 2, 3, 2]",13
assembly_1,6,0.55,subgraph_mip,time_balanced_weight,5000,343,1105,768,69.5,0.559,27.93,277.0,304.93,1.02,0.9615,8.0,401.5,0.0,332,401.5,26.232,19.33,"[339.12, 352.92, 342.48, 332, 388.83, 401.5]","[2, 2, 2, 2, 3, 2]",13
assembly_1,6,0.55,subgraph_mip,combined,5000,343,1105,809,73.21,0.559,58.221,201.214,259.435,1.2,0.8903,0.0,401.5,0.0,332,401.5,26.232,19.33,"[339.12, 352.92, 342.48, 332, 388.83, 401.5]","[2, 2, 2, 2, 3, 2]",13
assembly_1,6,0.55,subgraph_mip,blended,5000,343,1105,347,31.4,0.559,33.175,20.038,53.213,5.83,0.9006,1.15,408,1.62,339.12,408,22.682,19.16,"[339.12, 352.92, 408, 350.63, 345.5, 360.68]","[2, 2, 2, 2, 2, 3]",13
assembly_1,6,0.55,subgraph_mip,blended_union,5000,343,1105,532,48.14,0.559,97.258,47.853,145.111,2.14,0.8903,0.0,401.5,0.0,332,401.5,26.232,19.33,"[339.12, 352.92, 342.48, 332, 388.83, 401.5]","[2, 2, 2, 2, 3, 2]",13
assembly_1,6,0.55,subgraph_mip,diverse,5000,343,1105,1105,100.0,0.559,4.75,274.416,279.166,1.11,0.8903,0.0,401.5,0.0,332,401.5,26.232,19.33,"[339.12, 352.92, 342.48, 332, 388.83, 401.5]","[2, 2, 2, 2, 3, 2]",13
assembly_1,6,0.6,full_mip,—,,343,1105,1105,100.0,0.432,0.0,358.613,358.613,1.0,0.8947,0.0,401.5,0.0,332,401.5,26.232,19.33,"[339.12, 352.92, 342.48, 332, 388.83, 401.5]","[2, 2, 2, 2, 3, 2]",13
assembly_1,6,0.6,subgraph_mip,edge_weight,1,343,1105,13,1.18,0.432,0.006,0.61,0.616,582.41,1.0067,12.51,484.48,20.67,244.92,484.48,86.653,66.64,"[339.12, 244.92, 408, 484.48, 420.13, 260.2]","[2, 1, 2, 4, 2, 2]",13
assembly_1,6,0.6,subgraph_mip,time_balanced_weight,1,343,1105,13,1.18,0.432,0.002,0.553,0.554,646.78,1.0838,21.13,444.83,10.79,242,444.83,83.119,56.42,"[242, 244.92, 410.92, 444.83, 412.68, 401.5]","[1, 1, 2, 3, 4, 2]",13
assembly_1,6,0.6,subgraph_mip,combined,1,343,1105,26,2.35,0.432,0.004,1.54,1.544,232.31,1.0067,12.51,484.48,20.67,244.92,484.48,86.653,66.64,"[339.12, 244.92, 408, 484.48, 420.13, 260.2]","[2, 1, 2, 4, 2, 2]",13
assembly_1,6,0.6,subgraph_mip,blended,1,343,1105,13,1.18,0.432,0.002,0.606,0.608,589.44,0.9184,2.64,408,1.62,339.12,408,22.682,19.16,"[339.12, 408, 350.63, 345.5, 352.92, 360.68]","[2, 2, 2, 2, 2, 3]",13
assembly_1,6,0.6,subgraph_mip,blended_union,1,343,1105,36,3.26,0.432,0.033,1.125,1.159,309.48,0.9134,2.08,408,1.62,339.12,408,23.512,19.16,"[339.12, 408, 345.4, 350.63, 345.5, 368.2]","[2, 2, 2, 2, 2, 3]",13
assembly_1,6,0.6,subgraph_mip,diverse,1,343,1105,13,1.18,0.432,0.01,0.549,0.559,641.35,0.9184,2.64,408,1.62,339.12,408,22.682,19.16,"[339.12, 408, 350.63, 345.5, 352.92, 360.68]","[2, 2, 2, 2, 2, 3]",13
assembly_1,6,0.6,subgraph_mip,edge_weight,2,343,1105,15,1.36,0.432,0.004,2.881,2.885,124.32,1.0067,12.51,484.48,20.67,244.92,484.48,86.653,66.64,"[339.12, 244.92, 408, 484.48, 420.13, 260.2]","[2, 1, 2, 4, 2, 2]",13
assembly_1,6,0.6,subgraph_mip,time_balanced_weight,2,343,1105,15,1.36,0.432,0.005,2.172,2.177,164.7,1.0799,20.7,444.83,10.79,242,444.83,83.119,56.42,"[244.92, 242, 410.92, 444.83, 412.68, 401.5]","[1, 1, 2, 3, 4, 2]",13
assembly_1,6,0.6,subgraph_mip,combined,2,343,1105,30,2.71,0.432,0.011,1.08,1.091,328.69,1.0067,12.51,484.48,20.67,244.92,484.48,86.653,66.64,"[339.12, 244.92, 408, 484.48, 420.13, 260.2]","[2, 1, 2, 4, 2, 2]",13
assembly_1,6,0.6,subgraph_mip,blended,2,343,1105,15,1.36,0.432,0.005,2.323,2.328,154.08,0.9184,2.64,408,1.62,339.12,408,22.682,19.16,"[339.12, 408, 350.63, 345.5, 352.92, 360.68]","[2, 2, 2, 2, 2, 3]",13
assembly_1,6,0.6,subgraph_mip,blended_union,2,343,1105,42,3.8,0.432,0.026,2.546,2.572,139.44,0.9134,2.08,408,1.62,339.12,408,23.512,19.16,"[339.12, 408, 345.4, 350.63, 345.5, 368.2]","[2, 2, 2, 2, 2, 3]",13
assembly_1,6,0.6,subgraph_mip,diverse,2,343,1105,26,2.35,0.432,0.005,3.824,3.829,93.66,0.9184,2.64,408,1.62,339.12,408,22.682,19.16,"[339.12, 408, 350.63, 345.5, 352.92, 360.68]","[2, 2, 2, 2, 2, 3]",13
assembly_1,6,0.6,subgraph_mip,edge_weight,5,343,1105,21,1.9,0.432,0.036,1.875,1.911,187.7,1.0067,12.51,484.48,20.67,244.92,484.48,86.653,66.64,"[339.12, 244.92, 408, 484.48, 420.13, 260.2]","[2, 1, 2, 4, 2, 2]",13
assembly_1,6,0.6,subgraph_mip,time_balanced_weight,5,343,1105,42,3.8,0.432,0.049,1.592,1.641,218.56,1.0454,16.84,408,1.62,244.92,408,56.151,45.37,"[244.92, 408, 350.63, 398.88, 352.92, 401.5]","[1, 2, 2, 4, 2, 2]",13
assembly_1,6,0.6,subgraph_mip,combined,5,343,1105,62,5.61,0.432,0.071,1.966,2.037,176.05,1.0067,12.51,484.48,20.67,244.92,484.48,86.653,66.64,"[339.12, 244.92, 408, 484.48, 420.13, 260.2]","[2, 1, 2, 4, 2, 2]",13
assembly_1,6,0.6,subgraph_mip,blended,5,343,1105,21,1.9,0.432,0.039,0.593,0.633,566.63,0.9184,2.64,408,1.62,339.12,408,22.682,19.16,"[339.12, 408, 350.63, 345.5, 352.92, 360.68]","[2, 2, 2, 2, 2, 3]",13
assembly_1,6,0.6,subgraph_mip,blended_union,5,343,1105,60,5.43,0.432,0.143,4.349,4.492,79.83,0.9134,2.08,408,1.62,339.12,408,23.512,19.16,"[339.12, 408, 345.4, 350.63, 345.5, 368.2]","[2, 2, 2, 2, 2, 3]",13
assembly_1,6,0.6,subgraph_mip,diverse,5,343,1105,65,5.88,0.432,0.015,1.709,1.725,207.91,0.9139,2.14,408,1.62,339.12,408,23.512,19.16,"[339.12, 408, 345.4, 350.63, 345.5, 368.2]","[2, 2, 2, 2, 2, 3]",13
assembly_1,6,0.6,subgraph_mip,edge_weight,10,343,1105,24,2.17,0.432,0.06,1.295,1.355,264.58,1.0067,12.51,484.48,20.67,244.92,484.48,86.653,66.64,"[339.12, 244.92, 408, 484.48, 420.13, 260.2]","[2, 1, 2, 4, 2, 2]",13
assembly_1,6,0.6,subgraph_mip,time_balanced_weight,10,343,1105,59,5.34,0.432,0.075,2.302,2.377,150.88,1.0454,16.84,408,1.62,244.92,408,56.151,45.37,"[244.92, 408, 350.63, 398.88, 352.92, 401.5]","[1, 2, 2, 4, 2, 2]",13
assembly_1,6,0.6,subgraph_mip,combined,10,343,1105,82,7.42,0.432,0.122,2.78,2.902,123.58,1.0067,12.51,484.48,20.67,244.92,484.48,86.653,66.64,"[339.12, 244.92, 408, 484.48, 420.13, 260.2]","[2, 1, 2, 4, 2, 2]",13
assembly_1,6,0.6,subgraph_mip,blended,10,343,1105,24,2.17,0.432,0.045,1.315,1.36,263.74,0.9184,2.64,408,1.62,339.12,408,22.682,19.16,"[339.12, 408, 350.63, 345.5, 352.92, 360.68]","[2, 2, 2, 2, 2, 3]",13
assembly_1,6,0.6,subgraph_mip,blended_union,10,343,1105,68,6.15,0.432,0.143,1.931,2.074,172.93,0.9134,2.08,408,1.62,339.12,408,23.512,19.16,"[339.12, 408, 345.4, 350.63, 345.5, 368.2]","[2, 2, 2, 2, 2, 3]",13
assembly_1,6,0.6,subgraph_mip,diverse,10,343,1105,126,11.4,0.432,0.011,1.247,1.258,285.17,0.9134,2.08,408,1.62,339.12,408,23.512,19.16,"[339.12, 408, 345.4, 350.63, 345.5, 368.2]","[2, 2, 2, 2, 2, 3]",13
assembly_1,6,0.6,subgraph_mip,edge_weight,20,343,1105,35,3.17,0.432,0.107,2.887,2.994,119.76,0.901,0.7,408,1.62,244.92,408,55.757,45.37,"[339.12, 244.92, 408, 384, 379.31, 401.5]","[2, 1, 2, 3, 3, 2]",13
assembly_1,6,0.6,subgraph_mip,time_balanced_weight,20,343,1105,74,6.7,0.432,0.16,2.398,2.558,140.19,0.9862,10.22,408,1.62,304.68,408,35.728,28.74,"[339.12, 408, 350.63, 304.68, 352.92, 401.5]","[2, 2, 2, 3, 2, 2]",13
assembly_1,6,0.6,subgraph_mip,combined,20,343,1105,107,9.68,0.432,0.27,2.004,2.275,157.66,0.901,0.7,408,1.62,244.92,408,55.757,45.37,"[339.12, 244.92, 408, 384, 379.31, 401.5]","[2, 1, 2, 3, 3, 2]",13
assembly_1,6,0.6,subgraph_mip,blended,20,343,1105,39,3.53,0.432,0.057,3.496,3.554,100.91,0.9134,2.08,408,1.62,339.12,408,23.512,19.16,"[339.12, 408, 345.4, 350.63, 345.5, 368.2]","[2, 2, 2, 2, 2, 3]",13
assembly_1,6,0.6,subgraph_mip,blended_union,20,343,1105,78,7.06,0.432,0.317,3.567,3.884,92.34,0.901,0.7,408,1.62,244.92,408,55.757,45.37,"[339.12, 244.92, 408, 384, 379.31, 401.5]","[2, 1, 2, 3, 3, 2]",13
assembly_1,6,0.6,subgraph_mip,diverse,20,343,1105,238,21.54,0.432,0.029,8.102,8.131,44.1,0.9134,2.08,408,1.62,339.12,408,23.512,19.16,"[339.12, 408, 345.4, 350.63, 345.5, 368.2]","[2, 2, 2, 2, 2, 3]",13
assembly_1,6,0.6,subgraph_mip,edge_weight,50,343,1105,54,4.89,0.432,0.18,2.713,2.893,123.97,0.901,0.7,408,1.62,244.92,408,55.757,45.37,"[339.12, 244.92, 408, 384, 379.31, 401.5]","[2, 1, 2, 3, 3, 2]",13
assembly_1,6,0.6,subgraph_mip,time_balanced_weight,50,343,1105,140,12.67,0.432,0.397,8.262,8.659,41.42,0.986,10.2,408,1.62,304.68,408,35.728,28.74,"[339.12, 408, 350.63, 304.68, 401.5, 352.92]","[2, 2, 2, 3, 2, 2]",13
assembly_1,6,0.6,subgraph_mip,combined,50,343,1105,188,17.01,0.432,0.646,3.464,4.11,87.25,0.901,0.7,408,1.62,244.92,408,55.757,45.37,"[339.12, 244.92, 408, 384, 379.31, 401.5]","[2, 1, 2, 3, 3, 2]",13
assembly_1,6,0.6,subgraph_mip,blended,50,343,1105,55,4.98,0.432,0.429,0.637,1.066,336.3,0.9134,2.08,408,1.62,339.12,408,23.512,19.16,"[339.12, 408, 345.4, 350.63, 345.5, 368.2]","[2, 2, 2, 2, 2, 3]",13
assembly_1,6,0.6,subgraph_mip,blended_union,50,343,1105,112,10.14,0.432,0.87,1.801,2.671,134.26,0.901,0.7,408,1.62,244.92,408,55.757,45.37,"[339.12, 244.92, 408, 384, 379.31, 401.5]","[2, 1, 2, 3, 3, 2]",13
assembly_1,6,0.6,subgraph_mip,diverse,50,343,1105,509,46.06,0.432,0.076,26.192,26.268,13.65,0.903,0.93,408,1.62,244.92,408,55.82,45.37,"[339.12, 244.92, 408, 376.48, 386.83, 401.5]","[2, 1, 2, 3, 3, 2]",13
assembly_1,6,0.6,subgraph_mip,edge_weight,100,343,1105,78,7.06,0.432,0.286,2.943,3.229,111.07,0.901,0.7,408,1.62,244.92,408,55.757,45.37,"[339.12, 244.92, 408, 384, 379.31, 401.5]","[2, 1, 2, 3, 3, 2]",13
assembly_1,6,0.6,subgraph_mip,time_balanced_weight,100,343,1105,202,18.28,0.432,0.44,18.956,19.396,18.49,0.9724,8.68,408,1.62,329.7,408,25.754,21.78,"[339.12, 408, 354.92, 350.63, 329.7, 374.48]","[2, 2, 2, 2, 2, 3]",13
assembly_1,6,0.6,subgraph_mip,combined,100,343,1105,262,23.71,0.432,0.894,6.549,7.443,48.18,0.901,0.7,408,1.62,244.92,408,55.757,45.37,"[339.12, 244.92, 408, 384, 379.31, 401.5]","[2, 1, 2, 3, 3, 2]",13
assembly_1,6,0.6,subgraph_mip,blended,100,343,1105,71,6.43,0.432,0.356,1.934,2.29,156.6,0.9089,1.58,401.5,0.0,336.2,401.5,22.849,18.17,"[336.2, 376.48, 350.63, 401.5, 339.12, 352.92]","[2, 3, 2, 2, 2, 2]",13
assembly_1,6,0.6,subgraph_mip,blended_union,100,343,1105,155,14.03,0.432,1.35,9.846,11.196,32.03,0.901,0.7,408,1.62,244.92,408,55.757,45.37,"[339.12, 244.92, 408, 384, 379.31, 401.5]","[2, 1, 2, 3, 3, 2]",13
assembly_1,6,0.6,subgraph_mip,diverse,100,343,1105,743,67.24,0.432,0.107,130.334,130.441,2.75,0.8975,0.3,401.5,0.0,332,401.5,26.232,19.33,"[339.12, 352.92, 342.48, 332, 388.83, 401.5]","[2, 2, 2, 2, 3, 2]",13
assembly_1,6,0.6,subgraph_mip,edge_weight,200,343,1105,95,8.6,0.432,0.745,2.023,2.768,129.56,0.8947,0.0,401.5,0.0,332,401.5,26.232,19.33,"[339.12, 352.92, 342.48, 332, 388.83, 401.5]","[2, 2, 2, 2, 3, 2]",13
assembly_1,6,0.6,subgraph_mip,time_balanced_weight,200,343,1105,254,22.99,0.432,1.033,17.199,18.232,19.67,0.9724,8.68,408,1.62,329.7,408,25.754,21.78,"[339.12, 408, 354.92, 350.63, 329.7, 374.48]","[2, 2, 2, 2, 2, 3]",13
assembly_1,6,0.6,subgraph_mip,combined,200,343,1105,327,29.59,0.432,1.337,11.205,12.542,28.59,0.8947,0.0,401.5,0.0,332,401.5,26.232,19.33,"[339.12, 352.92, 342.48, 332, 388.83, 401.5]","[2, 2, 2, 2, 3, 2]",13
assembly_1,6,0.6,subgraph_mip,blended,200,343,1105,106,9.59,0.432,0.624,2.197,2.821,127.12,0.9055,1.21,408,1.62,339.12,408,22.682,19.16,"[339.12, 352.92, 408, 350.63, 345.5, 360.68]","[2, 2, 2, 2, 2, 3]",13
assembly_1,6,0.6,subgraph_mip,blended_union,200,343,1105,222,20.09,0.432,1.875,8.98,10.854,33.04,0.8947,0.0,401.5,0.0,332,401.5,26.232,19.33,"[339.12, 352.92, 342.48, 332, 388.83, 401.5]","[2, 2, 2, 2, 3, 2]",13
assembly_1,6,0.6,subgraph_mip,diverse,200,343,1105,904,81.81,0.432,0.141,211.514,211.655,1.69,0.8947,0.0,401.5,0.0,332,401.5,26.232,19.33,"[339.12, 352.92, 342.48, 332, 388.83, 401.5]","[2, 2, 2, 2, 3, 2]",13
assembly_1,6,0.6,subgraph_mip,edge_weight,500,343,1105,108,9.77,0.432,1.503,3.335,4.838,74.12,0.8947,0.0,401.5,0.0,332,401.5,26.232,19.33,"[339.12, 352.92, 342.48, 332, 388.83, 401.5]","[2, 2, 2, 2, 3, 2]",13
assembly_1,6,0.6,subgraph_mip,time_balanced_weight,500,343,1105,395,35.75,0.432,2.166,37.566,39.732,9.03,0.9658,7.95,408,1.62,244.92,408,55.82,45.37,"[244.92, 339.12, 408, 376.48, 386.83, 401.5]","[1, 2, 2, 3, 3, 2]",13
assembly_1,6,0.6,subgraph_mip,combined,500,343,1105,451,40.81,0.432,3.833,44.873,48.706,7.36,0.8947,0.0,401.5,0.0,332,401.5,26.232,19.33,"[339.12, 352.92, 342.48, 332, 388.83, 401.5]","[2, 2, 2, 2, 3, 2]",13
assembly_1,6,0.6,subgraph_mip,blended,500,343,1105,136,12.31,0.432,1.615,4.122,5.736,62.52,0.9055,1.21,408,1.62,339.12,408,22.682,19.16,"[339.12, 352.92, 408, 350.63, 345.5, 360.68]","[2, 2, 2, 2, 2, 3]",13
assembly_1,6,0.6,subgraph_mip,blended_union,500,343,1105,268,24.25,0.432,5.451,25.395,30.846,11.63,0.8947,0.0,401.5,0.0,332,401.5,26.232,19.33,"[339.12, 352.92, 342.48, 332, 388.83, 401.5]","[2, 2, 2, 2, 3, 2]",13
assembly_1,6,0.6,subgraph_mip,diverse,500,343,1105,1042,94.3,0.432,0.483,349.69,350.173,1.02,0.8947,0.0,401.5,0.0,332,401.5,26.232,19.33,"[339.12, 352.92, 342.48, 332, 388.83, 401.5]","[2, 2, 2, 2, 3, 2]",13
assembly_1,6,0.6,subgraph_mip,edge_weight,1000,343,1105,142,12.85,0.432,3.519,5.112,8.631,41.55,0.8947,0.0,401.5,0.0,332,401.5,26.232,19.33,"[339.12, 352.92, 342.48, 332, 388.83, 401.5]","[2, 2, 2, 2, 3, 2]",13
assembly_1,6,0.6,subgraph_mip,time_balanced_weight,1000,343,1105,471,42.62,0.432,4.092,82.584,86.676,4.14,0.9658,7.95,408,1.62,244.92,408,55.82,45.37,"[244.92, 339.12, 408, 376.48, 386.83, 401.5]","[1, 2, 2, 3, 3, 2]",13
assembly_1,6,0.6,subgraph_mip,combined,1000,343,1105,546,49.41,0.432,7.21,33.045,40.254,8.91,0.8947,0.0,401.5,0.0,332,401.5,26.232,19.33,"[339.12, 352.92, 342.48, 332, 388.83, 401.5]","[2, 2, 2, 2, 3, 2]",13
assembly_1,6,0.6,subgraph_mip,blended,1000,343,1105,166,15.02,0.432,3.793,8.263,12.056,29.75,0.9055,1.21,408,1.62,339.12,408,22.682,19.16,"[339.12, 352.92, 408, 350.63, 345.5, 360.68]","[2, 2, 2, 2, 2, 3]",13
assembly_1,6,0.6,subgraph_mip,blended_union,1000,343,1105,328,29.68,0.432,12.718,14.844,27.562,13.01,0.8947,0.0,401.5,0.0,332,401.5,26.232,19.33,"[339.12, 352.92, 342.48, 332, 388.83, 401.5]","[2, 2, 2, 2, 3, 2]",13
assembly_1,6,0.6,subgraph_mip,diverse,1000,343,1105,1098,99.37,0.432,1.012,556.074,557.085,0.64,0.8947,-0.0,401.5,0.0,332,401.5,26.232,19.33,"[339.12, 352.92, 342.48, 332, 388.83, 401.5]","[2, 2, 2, 2, 3, 2]",13
assembly_1,6,0.6,subgraph_mip,edge_weight,2000,343,1105,185,16.74,0.432,8.294,6.237,14.531,24.68,0.8947,0.0,401.5,0.0,332,401.5,26.232,19.33,"[339.12, 352.92, 342.48, 332, 388.83, 401.5]","[2, 2, 2, 2, 3, 2]",13
assembly_1,6,0.6,subgraph_mip,time_balanced_weight,2000,343,1105,617,55.84,0.432,8.411,132.097,140.508,2.55,0.9607,7.38,401.5,0.0,332,401.5,26.232,19.33,"[339.12, 352.92, 342.48, 332, 388.83, 401.5]","[2, 2, 2, 2, 3, 2]",13
assembly_1,6,0.6,subgraph_mip,combined,2000,343,1105,666,60.27,0.432,16.466,136.429,152.895,2.35,0.8947,0.0,401.5,0.0,332,401.5,26.232,19.33,"[339.12, 352.92, 342.48, 332, 388.83, 401.5]","[2, 2, 2, 2, 3, 2]",13
assembly_1,6,0.6,subgraph_mip,blended,2000,343,1105,205,18.55,0.432,8.96,18.345,27.304,13.13,0.9055,1.21,408,1.62,339.12,408,22.682,19.16,"[339.12, 352.92, 408, 350.63, 345.5, 360.68]","[2, 2, 2, 2, 2, 3]",13
assembly_1,6,0.6,subgraph_mip,blended_union,2000,343,1105,423,38.28,0.432,28.507,23.47,51.977,6.9,0.8947,0.0,401.5,0.0,332,401.5,26.232,19.33,"[339.12, 352.92, 342.48, 332, 388.83, 401.5]","[2, 2, 2, 2, 3, 2]",13
assembly_1,6,0.6,subgraph_mip,diverse,2000,343,1105,1105,100.0,0.432,2.171,326.832,329.003,1.09,0.8947,0.0,401.5,0.0,332,401.5,26.232,19.33,"[339.12, 352.92, 342.48, 332, 388.83, 401.5]","[2, 2, 2, 2, 3, 2]",13
assembly_1,6,0.6,subgraph_mip,edge_weight,5000,343,1105,232,21.0,0.432,33.087,17.945,51.032,7.03,0.8947,0.0,401.5,0.0,332,401.5,26.232,19.33,"[339.12, 352.92, 342.48, 332, 388.83, 401.5]","[2, 2, 2, 2, 3, 2]",13
assembly_1,6,0.6,subgraph_mip,time_balanced_weight,5000,343,1105,768,69.5,0.432,27.333,207.24,234.573,1.53,0.958,7.07,401.5,0.0,332,401.5,26.232,19.33,"[339.12, 352.92, 342.48, 332, 388.83, 401.5]","[2, 2, 2, 2, 3, 2]",13
assembly_1,6,0.6,subgraph_mip,combined,5000,343,1105,809,73.21,0.432,59.504,217.437,276.942,1.29,0.8947,0.0,401.5,0.0,332,401.5,26.232,19.33,"[339.12, 352.92, 342.48, 332, 388.83, 401.5]","[2, 2, 2, 2, 3, 2]",13
assembly_1,6,0.6,subgraph_mip,blended,5000,343,1105,369,33.39,0.432,32.498,59.238,91.736,3.91,0.9055,1.21,408,1.62,339.12,408,22.682,19.16,"[339.12, 352.92, 408, 350.63, 345.5, 360.68]","[2, 2, 2, 2, 2, 3]",13
assembly_1,6,0.6,subgraph_mip,blended_union,5000,343,1105,532,48.14,0.432,93.838,80.628,174.466,2.06,0.8947,-0.0,401.5,0.0,332,401.5,26.232,19.33,"[339.12, 352.92, 342.48, 332, 388.83, 401.5]","[2, 2, 2, 2, 3, 2]",13
assembly_1,6,0.6,subgraph_mip,diverse,5000,343,1105,1105,100.0,0.432,4.713,248.187,252.899,1.42,0.8947,0.0,401.5,0.0,332,401.5,26.232,19.33,"[339.12, 352.92, 342.48, 332, 388.83, 401.5]","[2, 2, 2, 2, 3, 2]",13
assembly_1,6,0.65,full_mip,—,,343,1105,1105,100.0,0.495,0.0,420.94,420.94,1.0,0.8992,0.0,401.5,0.0,332,401.5,26.232,19.33,"[339.12, 352.92, 342.48, 332, 388.83, 401.5]","[2, 2, 2, 2, 3, 2]",13
assembly_1,6,0.65,subgraph_mip,edge_weight,1,343,1105,13,1.18,0.495,0.002,0.566,0.568,740.49,1.0212,13.57,484.48,20.67,244.92,484.48,86.653,66.64,"[339.12, 244.92, 408, 484.48, 420.13, 260.2]","[2, 1, 2, 4, 2, 2]",13
assembly_1,6,0.65,subgraph_mip,time_balanced_weight,1,343,1105,13,1.18,0.495,0.001,0.534,0.535,786.57,1.0771,19.79,444.83,10.79,242,444.83,83.119,56.42,"[242, 244.92, 410.92, 444.83, 412.68, 401.5]","[1, 1, 2, 3, 4, 2]",13
assembly_1,6,0.65,subgraph_mip,combined,1,343,1105,26,2.35,0.495,0.002,0.393,0.394,1067.08,1.0212,13.57,484.48,20.67,244.92,484.48,86.653,66.64,"[339.12, 244.92, 408, 484.48, 420.13, 260.2]","[2, 1, 2, 4, 2, 2]",13
assembly_1,6,0.65,subgraph_mip,blended,1,343,1105,13,1.18,0.495,0.001,0.462,0.463,908.26,0.9218,2.51,408,1.62,339.12,408,22.682,19.16,"[339.12, 408, 350.63, 345.5, 352.92, 360.68]","[2, 2, 2, 2, 2, 3]",13
assembly_1,6,0.65,subgraph_mip,blended_union,1,343,1105,36,3.26,0.495,0.014,1.765,1.779,236.63,0.9174,2.02,408,1.62,339.12,408,23.512,19.16,"[339.12, 408, 345.4, 350.63, 345.5, 368.2]","[2, 2, 2, 2, 2, 3]",13
assembly_1,6,0.65,subgraph_mip,diverse,1,343,1105,13,1.18,0.495,0.015,0.349,0.365,1154.38,0.9218,2.51,408,1.62,339.12,408,22.682,19.16,"[339.12, 408, 350.63, 345.5, 352.92, 360.68]","[2, 2, 2, 2, 2, 3]",13
assembly_1,6,0.65,subgraph_mip,edge_weight,2,343,1105,15,1.36,0.495,0.004,1.586,1.59,264.77,1.0212,13.57,484.48,20.67,244.92,484.48,86.653,66.64,"[339.12, 244.92, 408, 484.48, 420.13, 260.2]","[2, 1, 2, 4, 2, 2]",13
assembly_1,6,0.65,subgraph_mip,time_balanced_weight,2,343,1105,15,1.36,0.495,0.005,0.693,0.698,602.79,1.0738,19.42,444.83,10.79,242,444.83,83.119,56.42,"[244.92, 242, 410.92, 444.83, 412.68, 401.5]","[1, 1, 2, 3, 4, 2]",13
assembly_1,6,0.65,subgraph_mip,combined,2,343,1105,30,2.71,0.495,0.009,0.592,0.601,700.9,1.0212,13.57,484.48,20.67,244.92,484.48,86.653,66.64,"[339.12, 244.92, 408, 484.48, 420.13, 260.2]","[2, 1, 2, 4, 2, 2]",13
assembly_1,6,0.65,subgraph_mip,blended,2,343,1105,15,1.36,0.495,0.004,2.034,2.038,206.5,0.9218,2.51,408,1.62,339.12,408,22.682,19.16,"[339.12, 408, 350.63, 345.5, 352.92, 360.68]","[2, 2, 2, 2, 2, 3]",13
assembly_1,6,0.65,subgraph_mip,blended_union,2,343,1105,42,3.8,0.495,0.021,0.802,0.823,511.17,0.9174,2.02,408,1.62,339.12,408,23.512,19.16,"[339.12, 408, 345.4, 350.63, 345.5, 368.2]","[2, 2, 2, 2, 2, 3]",13
assembly_1,6,0.65,subgraph_mip,diverse,2,343,1105,26,2.35,0.495,0.005,0.671,0.675,623.21,0.9218,2.51,408,1.62,339.12,408,22.682,19.16,"[339.12, 408, 350.63, 345.5, 352.92, 360.68]","[2, 2, 2, 2, 2, 3]",13
assembly_1,6,0.65,subgraph_mip,edge_weight,5,343,1105,21,1.9,0.495,0.015,1.185,1.2,350.75,1.0212,13.57,484.48,20.67,244.92,484.48,86.653,66.64,"[339.12, 244.92, 408, 484.48, 420.13, 260.2]","[2, 1, 2, 4, 2, 2]",13
assembly_1,6,0.65,subgraph_mip,time_balanced_weight,5,343,1105,42,3.8,0.495,0.018,1.112,1.13,372.55,1.0329,14.87,408,1.62,244.92,408,56.151,45.37,"[244.92, 408, 350.63, 398.88, 352.92, 401.5]","[1, 2, 2, 4, 2, 2]",13
assembly_1,6,0.65,subgraph_mip,combined,5,343,1105,62,5.61,0.495,0.04,1.251,1.291,326.0,1.0212,13.57,484.48,20.67,244.92,484.48,86.653,66.64,"[339.12, 244.92, 408, 484.48, 420.13, 260.2]","[2, 1, 2, 4, 2, 2]",13
assembly_1,6,0.65,subgraph_mip,blended,5,343,1105,21,1.9,0.495,0.037,0.581,0.617,681.97,0.9218,2.51,408,1.62,339.12,408,22.682,19.16,"[339.12, 408, 350.63, 345.5, 352.92, 360.68]","[2, 2, 2, 2, 2, 3]",13
assembly_1,6,0.65,subgraph_mip,blended_union,5,343,1105,60,5.43,0.495,0.08,2.304,2.384,176.6,0.9174,2.02,408,1.62,339.12,408,23.512,19.16,"[339.12, 408, 345.4, 350.63, 345.5, 368.2]","[2, 2, 2, 2, 2, 3]",13
assembly_1,6,0.65,subgraph_mip,diverse,5,343,1105,65,5.88,0.495,0.008,0.862,0.87,484.11,0.9178,2.07,408,1.62,339.12,408,23.512,19.16,"[339.12, 408, 345.4, 350.63, 345.5, 368.2]","[2, 2, 2, 2, 2, 3]",13
assembly_1,6,0.65,subgraph_mip,edge_weight,10,343,1105,24,2.17,0.495,0.027,0.531,0.558,754.38,1.0212,13.57,484.48,20.67,244.92,484.48,86.653,66.64,"[339.12, 244.92, 408, 484.48, 420.13, 260.2]","[2, 1, 2, 4, 2, 2]",13
assembly_1,6,0.65,subgraph_mip,time_balanced_weight,10,343,1105,59,5.34,0.495,0.037,1.477,1.514,278.0,1.0329,14.87,408,1.62,244.92,408,56.151,45.37,"[244.92, 408, 350.63, 398.88, 352.92, 401.5]","[1, 2, 2, 4, 2, 2]",13
assembly_1,6,0.65,subgraph_mip,combined,10,343,1105,82,7.42,0.495,0.064,1.725,1.789,235.31,1.0212,13.57,484.48,20.67,244.92,484.48,86.653,66.64,"[339.12, 244.92, 408, 484.48, 420.13, 260.2]","[2, 1, 2, 4, 2, 2]",13
assembly_1,6,0.65,subgraph_mip,blended,10,343,1105,24,2.17,0.495,0.027,0.65,0.677,621.76,0.9218,2.51,408,1.62,339.12,408,22.682,19.16,"[339.12, 408, 350.63, 345.5, 352.92, 360.68]","[2, 2, 2, 2, 2, 3]",13
assembly_1,6,0.65,subgraph_mip,blended_union,10,343,1105,68,6.15,0.495,0.106,2.071,2.177,193.32,0.9174,2.02,408,1.62,339.12,408,23.512,19.16,"[339.12, 408, 345.4, 350.63, 345.5, 368.2]","[2, 2, 2, 2, 2, 3]",13
assembly_1,6,0.65,subgraph_mip,diverse,10,343,1105,126,11.4,0.495,0.009,1.615,1.624,259.18,0.9174,2.02,408,1.62,339.12,408,23.512,19.16,"[339.12, 408, 345.4, 350.63, 345.5, 368.2]","[2, 2, 2, 2, 2, 3]",13
assembly_1,6,0.65,subgraph_mip,edge_weight,20,343,1105,35,3.17,0.495,0.07,1.456,1.527,275.74,0.9066,0.82,408,1.62,244.92,408,55.757,45.37,"[339.12, 244.92, 408, 384, 379.31, 401.5]","[2, 1, 2, 3, 3, 2]",13
assembly_1,6,0.65,subgraph_mip,time_balanced_weight,20,343,1105,74,6.7,0.495,0.069,1.92,1.989,211.63,0.9811,9.11,408,1.62,304.68,408,35.728,28.74,"[339.12, 408, 350.63, 304.68, 352.92, 401.5]","[2, 2, 2, 3, 2, 2]",13
assembly_1,6,0.65,subgraph_mip,combined,20,343,1105,107,9.68,0.495,0.124,2.046,2.169,194.06,0.9066,0.82,408,1.62,244.92,408,55.757,45.37,"[339.12, 244.92, 408, 384, 379.31, 401.5]","[2, 1, 2, 3, 3, 2]",13
assembly_1,6,0.65,subgraph_mip,blended,20,343,1105,39,3.53,0.495,0.054,0.971,1.025,410.63,0.9174,2.02,408,1.62,339.12,408,23.512,19.16,"[339.12, 408, 345.4, 350.63, 345.5, 368.2]","[2, 2, 2, 2, 2, 3]",13
assembly_1,6,0.65,subgraph_mip,blended_union,20,343,1105,78,7.06,0.495,0.193,3.045,3.238,129.99,0.9066,0.82,408,1.62,244.92,408,55.757,45.37,"[339.12, 244.92, 408, 384, 379.31, 401.5]","[2, 1, 2, 3, 3, 2]",13
assembly_1,6,0.65,subgraph_mip,diverse,20,343,1105,237,21.45,0.495,0.015,8.076,8.092,52.02,0.9174,2.02,408,1.62,339.12,408,23.512,19.16,"[339.12, 408, 345.4, 350.63, 345.5, 368.2]","[2, 2, 2, 2, 2, 3]",13
assembly_1,6,0.65,subgraph_mip,edge_weight,50,343,1105,54,4.89,0.495,0.226,0.96,1.187,354.7,0.9066,0.82,408,1.62,244.92,408,55.757,45.37,"[339.12, 244.92, 408, 384, 379.31, 401.5]","[2, 1, 2, 3, 3, 2]",13
assembly_1,6,0.65,subgraph_mip,time_balanced_weight,50,343,1105,140,12.67,0.495,0.305,10.352,10.657,39.5,0.9809,9.09,408,1.62,304.68,408,35.728,28.74,"[339.12, 408, 350.63, 304.68, 401.5, 352.92]","[2, 2, 2, 3, 2, 2]",13
assembly_1,6,0.65,subgraph_mip,combined,50,343,1105,188,17.01,0.495,0.484,4.128,4.612,91.27,0.9066,0.82,408,1.62,244.92,408,55.757,45.37,"[339.12, 244.92, 408, 384, 379.31, 401.5]","[2, 1, 2, 3, 3, 2]",13
assembly_1,6,0.65,subgraph_mip,blended,50,343,1105,50,4.52,0.495,0.151,1.176,1.327,317.25,0.9174,2.02,408,1.62,339.12,408,23.512,19.16,"[339.12, 408, 345.4, 350.63, 345.5, 368.2]","[2, 2, 2, 2, 2, 3]",13
assembly_1,6,0.65,subgraph_mip,blended_union,50,343,1105,112,10.14,0.495,0.5,3.641,4.141,101.65,0.9066,0.82,408,1.62,244.92,408,55.757,45.37,"[339.12, 244.92, 408, 384, 379.31, 401.5]","[2, 1, 2, 3, 3, 2]",13
assembly_1,6,0.65,subgraph_mip,diverse,50,343,1105,507,45.88,0.495,0.031,49.092,49.123,8.57,0.9105,1.26,408,1.62,339.12,408,22.682,19.16,"[339.12, 352.92, 408, 350.63, 345.5, 360.68]","[2, 2, 2, 2, 2, 3]",13
assembly_1,6,0.65,subgraph_mip,edge_weight,100,343,1105,78,7.06,0.495,0.299,2.318,2.617,160.86,0.9066,0.82,408,1.62,244.92,408,55.757,45.37,"[339.12, 244.92, 408, 384, 379.31, 401.5]","[2, 1, 2, 3, 3, 2]",13
assembly_1,6,0.65,subgraph_mip,time_balanced_weight,100,343,1105,202,18.28,0.495,0.581,10.813,11.394,36.94,0.969,7.77,408,1.62,329.7,408,25.754,21.78,"[339.12, 408, 354.92, 350.63, 329.7, 374.48]","[2, 2, 2, 2, 2, 3]",13
assembly_1,6,0.65,subgraph_mip,combined,100,343,1105,262,23.71,0.495,0.78,7.693,8.473,49.68,0.9066,0.82,408,1.62,244.92,408,55.757,45.37,"[339.12, 244.92, 408, 384, 379.31, 401.5]","[2, 1, 2, 3, 3, 2]",13
assembly_1,6,0.65,subgraph_mip,blended,100,343,1105,72,6.52,0.495,0.446,2.989,3.434,122.57,0.9115,1.37,401.5,0.0,336.2,401.5,22.849,18.17,"[336.2, 376.48, 350.63, 401.5, 339.12, 352.92]","[2, 3, 2, 2, 2, 2]",13
assembly_1,6,0.65,subgraph_mip,blended_union,100,343,1105,155,14.03,0.495,1.391,6.056,7.446,56.53,0.9066,0.82,408,1.62,244.92,408,55.757,45.37,"[339.12, 244.92, 408, 384, 379.31, 401.5]","[2, 1, 2, 3, 3, 2]",13
assembly_1,6,0.65,subgraph_mip,diverse,100,343,1105,741,67.06,0.495,0.133,125.774,125.907,3.34,0.9083,1.02,408,1.62,244.92,408,55.82,45.37,"[339.12, 244.92, 408, 376.48, 386.83, 401.5]","[2, 1, 2, 3, 3, 2]",13
assembly_1,6,0.65,subgraph_mip,edge_weight,200,343,1105,95,8.6,0.495,0.511,2.264,2.775,151.67,0.8992,-0.0,401.5,0.0,332,401.5,26.232,19.33,"[339.12, 352.92, 342.48, 332, 388.83, 401.5]","[2, 2, 2, 2, 3, 2]",13
assembly_1,6,0.65,subgraph_mip,time_balanced_weight,200,343,1105,254,22.99,0.495,0.812,23.751,24.562,17.14,0.969,7.77,408,1.62,329.7,408,25.754,21.78,"[339.12, 408, 354.92, 350.63, 329.7, 374.48]","[2, 2, 2, 2, 2, 3]",13
assembly_1,6,0.65,subgraph_mip,combined,200,343,1105,327,29.59,0.495,1.251,10.888,12.139,34.68,0.8992,0.0,401.5,0.0,332,401.5,26.232,19.33,"[339.12, 352.92, 342.48, 332, 388.83, 401.5]","[2, 2, 2, 2, 3, 2]",13
assembly_1,6,0.65,subgraph_mip,blended,200,343,1105,106,9.59,0.495,0.514,3.983,4.497,93.61,0.9105,1.26,408,1.62,339.12,408,22.682,19.16,"[339.12, 352.92, 408, 350.63, 345.5, 360.68]","[2, 2, 2, 2, 2, 3]",13
assembly_1,6,0.65,subgraph_mip,blended_union,200,343,1105,222,20.09,0.495,2.237,8.829,11.065,38.04,0.8992,0.0,401.5,0.0,332,401.5,26.232,19.33,"[339.12, 352.92, 342.48, 332, 388.83, 401.5]","[2, 2, 2, 2, 3, 2]",13
assembly_1,6,0.65,subgraph_mip,diverse,200,343,1105,900,81.45,0.495,0.135,319.9,320.035,1.32,0.8992,0.0,401.5,0.0,332,401.5,26.232,19.33,"[339.12, 352.92, 342.48, 332, 388.83, 401.5]","[2, 2, 2, 2, 3, 2]",13
assembly_1,6,0.65,subgraph_mip,edge_weight,500,343,1105,108,9.77,0.495,1.584,2.885,4.47,94.18,0.8992,0.0,401.5,0.0,332,401.5,26.232,19.33,"[339.12, 352.92, 342.48, 332, 388.83, 401.5]","[2, 2, 2, 2, 3, 2]",13
assembly_1,6,0.65,subgraph_mip,time_balanced_weight,500,343,1105,395,35.75,0.495,1.39,63.667,65.057,6.47,0.9633,7.13,408,1.62,244.92,408,55.82,45.37,"[339.12, 244.92, 408, 376.48, 386.83, 401.5]","[2, 1, 2, 3, 3, 2]",13
assembly_1,6,0.65,subgraph_mip,combined,500,343,1105,451,40.81,0.495,2.961,55.076,58.037,7.25,0.8992,-0.0,401.5,0.0,332,401.5,26.232,19.33,"[339.12, 352.92, 342.48, 332, 388.83, 401.5]","[2, 2, 2, 2, 3, 2]",13
assembly_1,6,0.65,subgraph_mip,blended,500,343,1105,136,12.31,0.495,1.791,6.256,8.047,52.31,0.9105,1.26,408,1.62,339.12,408,22.682,19.16,"[339.12, 352.92, 408, 350.63, 345.5, 360.68]","[2, 2, 2, 2, 2, 3]",13
assembly_1,6,0.65,subgraph_mip,blended_union,500,343,1105,268,24.25,0.495,5.178,18.116,23.294,18.07,0.8992,0.0,401.5,0.0,332,401.5,26.232,19.33,"[339.12, 352.92, 342.48, 332, 388.83, 401.5]","[2, 2, 2, 2, 3, 2]",13
assembly_1,6,0.65,subgraph_mip,diverse,500,343,1105,1043,94.39,0.495,0.364,389.831,390.195,1.08,0.8992,0.0,401.5,0.0,332,401.5,26.232,19.33,"[339.12, 352.92, 342.48, 332, 388.83, 401.5]","[2, 2, 2, 2, 3, 2]",13
assembly_1,6,0.65,subgraph_mip,edge_weight,1000,343,1105,142,12.85,0.495,3.681,6.333,10.014,42.03,0.8992,0.0,401.5,0.0,332,401.5,26.232,19.33,"[339.12, 352.92, 342.48, 332, 388.83, 401.5]","[2, 2, 2, 2, 3, 2]",13
assembly_1,6,0.65,subgraph_mip,time_balanced_weight,1000,343,1105,471,42.62,0.495,4.483,91.9,96.383,4.37,0.9633,7.13,408,1.62,244.92,408,55.82,45.37,"[339.12, 244.92, 408, 376.48, 386.83, 401.5]","[2, 1, 2, 3, 3, 2]",13
assembly_1,6,0.65,subgraph_mip,combined,1000,343,1105,546,49.41,0.495,8.352,112.074,120.426,3.5,0.8992,-0.0,401.5,0.0,332,401.5,26.232,19.33,"[339.12, 352.92, 342.48, 332, 388.83, 401.5]","[2, 2, 2, 2, 3, 2]",13
assembly_1,6,0.65,subgraph_mip,blended,1000,343,1105,164,14.84,0.495,5.36,14.44,19.8,21.26,0.9105,1.26,408,1.62,339.12,408,22.682,19.16,"[339.12, 352.92, 408, 350.63, 345.5, 360.68]","[2, 2, 2, 2, 2, 3]",13
assembly_1,6,0.65,subgraph_mip,blended_union,1000,343,1105,328,29.68,0.495,15.796,22.966,38.761,10.86,0.8992,0.0,401.5,0.0,332,401.5,26.232,19.33,"[339.12, 352.92, 342.48, 332, 388.83, 401.5]","[2, 2, 2, 2, 3, 2]",13
assembly_1,6,0.65,subgraph_mip,diverse,1000,343,1105,1099,99.46,0.495,1.634,550.226,551.86,0.76,0.8992,0.0,401.5,0.0,332,401.5,26.232,19.33,"[339.12, 352.92, 342.48, 332, 388.83, 401.5]","[2, 2, 2, 2, 3, 2]",13
assembly_1,6,0.65,subgraph_mip,edge_weight,2000,343,1105,185,16.74,0.495,7.952,11.783,19.734,21.33,0.8992,-0.0,401.5,0.0,332,401.5,26.232,19.33,"[339.12, 352.92, 342.48, 332, 388.83, 401.5]","[2, 2, 2, 2, 3, 2]",13
assembly_1,6,0.65,subgraph_mip,time_balanced_weight,2000,343,1105,617,55.84,0.495,8.017,211.709,219.726,1.92,0.9569,6.42,401.5,0.0,332,401.5,26.232,19.33,"[339.12, 352.92, 342.48, 332, 388.83, 401.5]","[2, 2, 2, 2, 3, 2]",13
assembly_1,6,0.65,subgraph_mip,combined,2000,343,1105,666,60.27,0.495,16.91,222.228,239.138,1.76,0.8992,0.0,401.5,0.0,332,401.5,26.232,19.33,"[339.12, 352.92, 342.48, 332, 388.83, 401.5]","[2, 2, 2, 2, 3, 2]",13
assembly_1,6,0.65,subgraph_mip,blended,2000,343,1105,243,21.99,0.495,9.414,7.356,16.77,25.1,0.9105,1.26,408,1.62,339.12,408,22.682,19.16,"[339.12, 352.92, 408, 350.63, 345.5, 360.68]","[2, 2, 2, 2, 2, 3]",13
assembly_1,6,0.65,subgraph_mip,blended_union,2000,343,1105,423,38.28,0.495,29.869,17.578,47.448,8.87,0.8992,0.0,401.5,0.0,332,401.5,26.232,19.33,"[339.12, 352.92, 342.48, 332, 388.83, 401.5]","[2, 2, 2, 2, 3, 2]",13
assembly_1,6,0.65,subgraph_mip,diverse,2000,343,1105,1105,100.0,0.495,2.361,341.52,343.881,1.22,0.8992,0.0,401.5,0.0,332,401.5,26.232,19.33,"[339.12, 352.92, 342.48, 332, 388.83, 401.5]","[2, 2, 2, 2, 3, 2]",13
assembly_1,6,0.65,subgraph_mip,edge_weight,5000,343,1105,232,21.0,0.495,27.426,12.339,39.765,10.59,0.8992,0.0,401.5,0.0,332,401.5,26.232,19.33,"[339.12, 352.92, 342.48, 332, 388.83, 401.5]","[2, 2, 2, 2, 3, 2]",13
assembly_1,6,0.65,subgraph_mip,time_balanced_weight,5000,343,1105,768,69.5,0.495,24.241,104.254,128.495,3.28,0.9546,6.16,401.5,0.0,332,401.5,26.232,19.33,"[339.12, 352.92, 342.48, 332, 388.83, 401.5]","[2, 2, 2, 2, 3, 2]",13
assembly_1,6,0.65,subgraph_mip,combined,5000,343,1105,809,73.21,0.495,51.403,182.121,233.524,1.8,0.8992,0.0,401.5,0.0,332,401.5,26.232,19.33,"[339.12, 352.92, 342.48, 332, 388.83, 401.5]","[2, 2, 2, 2, 3, 2]",13
assembly_1,6,0.65,subgraph_mip,blended,5000,343,1105,372,33.67,0.495,30.718,19.442,50.161,8.39,0.9105,1.26,408,1.62,339.12,408,22.682,19.16,"[339.12, 352.92, 408, 350.63, 345.5, 360.68]","[2, 2, 2, 2, 2, 3]",13
assembly_1,6,0.65,subgraph_mip,blended_union,5000,343,1105,532,48.14,0.495,91.571,106.251,197.823,2.13,0.8992,0.0,401.5,0.0,332,401.5,26.232,19.33,"[339.12, 352.92, 342.48, 332, 388.83, 401.5]","[2, 2, 2, 2, 3, 2]",13
assembly_1,6,0.65,subgraph_mip,diverse,5000,343,1105,1105,100.0,0.495,4.615,276.051,280.666,1.5,0.8992,0.0,401.5,0.0,332,401.5,26.232,19.33,"[339.12, 352.92, 342.48, 332, 388.83, 401.5]","[2, 2, 2, 2, 3, 2]",13
assembly_1,6,0.7,full_mip,—,,343,1105,1105,100.0,0.409,0.0,533.153,533.153,1.0,0.9036,0.0,401.5,0.0,332,401.5,26.232,19.33,"[339.12, 352.92, 342.48, 332, 388.83, 401.5]","[2, 2, 2, 2, 3, 2]",13
assembly_1,6,0.7,subgraph_mip,edge_weight,1,343,1105,13,1.18,0.409,0.002,0.186,0.188,2832.65,1.0357,14.61,484.48,20.67,244.92,484.48,86.653,66.64,"[339.12, 244.92, 408, 484.48, 420.13, 260.2]","[2, 1, 2, 4, 2, 2]",13
assembly_1,6,0.7,subgraph_mip,time_balanced_weight,1,343,1105,13,1.18,0.409,0.001,0.725,0.726,734.17,1.0705,18.47,444.83,10.79,242,444.83,83.119,56.42,"[242, 244.92, 410.92, 444.83, 412.68, 401.5]","[1, 1, 2, 3, 4, 2]",13
assembly_1,6,0.7,subgraph_mip,combined,1,343,1105,26,2.35,0.409,0.002,8.035,8.037,66.34,1.0357,14.61,484.48,20.67,244.92,484.48,86.653,66.64,"[339.12, 244.92, 408, 484.48, 420.13, 260.2]","[2, 1, 2, 4, 2, 2]",13
assembly_1,6,0.7,subgraph_mip,blended,1,343,1105,13,1.18,0.409,0.001,0.387,0.388,1372.76,0.9251,2.38,408,1.62,339.12,408,22.682,19.16,"[339.12, 408, 350.63, 345.5, 352.92, 360.68]","[2, 2, 2, 2, 2, 3]",13
assembly_1,6,0.7,subgraph_mip,blended_union,1,343,1105,36,3.26,0.409,0.012,3.682,3.694,144.33,0.9214,1.96,408,1.62,339.12,408,23.512,19.16,"[339.12, 408, 345.4, 350.63, 345.5, 368.2]","[2, 2, 2, 2, 2, 3]",13
assembly_1,6,0.7,subgraph_mip,diverse,1,343,1105,13,1.18,0.409,0.004,0.434,0.439,1215.64,0.9251,2.38,408,1.62,339.12,408,22.682,19.16,"[339.12, 408, 350.63, 345.5, 352.92, 360.68]","[2, 2, 2, 2, 2, 3]",13
assembly_1,6,0.7,subgraph_mip,edge_weight,2,343,1105,15,1.36,0.409,0.008,2.066,2.075,256.99,1.0357,14.61,484.48,20.67,244.92,484.48,86.653,66.64,"[339.12, 244.92, 408, 484.48, 420.13, 260.2]","[2, 1, 2, 4, 2, 2]",13
assembly_1,6,0.7,subgraph_mip,time_balanced_weight,2,343,1105,15,1.36,0.409,0.011,1.405,1.416,376.62,1.0676,18.15,444.83,10.79,242,444.83,83.119,56.42,"[244.92, 242, 410.92, 444.83, 412.68, 401.5]","[1, 1, 2, 3, 4, 2]",13
assembly_1,6,0.7,subgraph_mip,combined,2,343,1105,30,2.71,0.409,0.009,7.778,7.787,68.47,1.0357,14.61,484.48,20.67,244.92,484.48,86.653,66.64,"[339.12, 244.92, 408, 484.48, 420.13, 260.2]","[2, 1, 2, 4, 2, 2]",13
assembly_1,6,0.7,subgraph_mip,blended,2,343,1105,15,1.36,0.409,0.005,2.268,2.273,234.57,0.9251,2.38,408,1.62,339.12,408,22.682,19.16,"[339.12, 408, 350.63, 345.5, 352.92, 360.68]","[2, 2, 2, 2, 2, 3]",13
assembly_1,6,0.7,subgraph_mip,blended_union,2,343,1105,42,3.8,0.409,0.046,1.388,1.433,371.95,0.9214,1.96,408,1.62,339.12,408,23.512,19.16,"[339.12, 408, 345.4, 350.63, 345.5, 368.2]","[2, 2, 2, 2, 2, 3]",13
assembly_1,6,0.7,subgraph_mip,diverse,2,343,1105,26,2.35,0.409,0.015,3.936,3.951,134.93,0.9251,2.38,408,1.62,339.12,408,22.682,19.16,"[339.12, 408, 350.63, 345.5, 352.92, 360.68]","[2, 2, 2, 2, 2, 3]",13
assembly_1,6,0.7,subgraph_mip,edge_weight,5,343,1105,21,1.9,0.409,0.018,1.601,1.619,329.25,1.0357,14.61,484.48,20.67,244.92,484.48,86.653,66.64,"[339.12, 244.92, 408, 484.48, 420.13, 260.2]","[2, 1, 2, 4, 2, 2]",13
assembly_1,6,0.7,subgraph_mip,time_balanced_weight,5,343,1105,42,3.8,0.409,0.051,3.268,3.319,160.64,1.0204,12.92,408,1.62,244.92,408,56.151,45.37,"[244.92, 408, 350.63, 398.88, 352.92, 401.5]","[1, 2, 2, 4, 2, 2]",13
assembly_1,6,0.7,subgraph_mip,combined,5,343,1105,62,5.61,0.409,0.104,2.843,2.947,180.93,1.0204,12.92,408,1.62,244.92,408,56.151,45.37,"[244.92, 408, 350.63, 398.88, 352.92, 401.5]","[1, 2, 2, 4, 2, 2]",13
assembly_1,6,0.7,subgraph_mip,blended,5,343,1105,21,1.9,0.409,0.043,0.53,0.573,931.13,0.9251,2.38,408,1.62,339.12,408,22.682,19.16,"[339.12, 408, 350.63, 345.5, 352.92, 360.68]","[2, 2, 2, 2, 2, 3]",13
assembly_1,6,0.7,subgraph_mip,blended_union,5,343,1105,60,5.43,0.409,0.173,1.89,2.063,258.45,0.9214,1.96,408,1.62,339.12,408,23.512,19.16,"[339.12, 408, 345.4, 350.63, 345.5, 368.2]","[2, 2, 2, 2, 2, 3]",13
assembly_1,6,0.7,subgraph_mip,diverse,5,343,1105,65,5.88,0.409,0.031,2.403,2.433,219.11,0.9228,2.12,408,1.62,339.12,408,23.859,19.16,"[339.12, 408, 345.4, 350.63, 343.5, 370.2]","[2, 2, 2, 2, 2, 3]",13
assembly_1,6,0.7,subgraph_mip,edge_weight,10,343,1105,24,2.17,0.409,0.066,1.357,1.423,374.67,1.0357,14.61,484.48,20.67,244.92,484.48,86.653,66.64,"[339.12, 244.92, 408, 484.48, 420.13, 260.2]","[2, 1, 2, 4, 2, 2]",13
assembly_1,6,0.7,subgraph_mip,time_balanced_weight,10,343,1105,59,5.34,0.409,0.098,2.358,2.457,217.02,1.0204,12.92,408,1.62,244.92,408,56.151,45.37,"[244.92, 408, 350.63, 398.88, 352.92, 401.5]","[1, 2, 2, 4, 2, 2]",13
assembly_1,6,0.7,subgraph_mip,combined,10,343,1105,82,7.42,0.409,0.139,2.568,2.708,196.92,1.0204,12.92,408,1.62,244.92,408,56.151,45.37,"[244.92, 408, 350.63, 398.88, 352.92, 401.5]","[1, 2, 2, 4, 2, 2]",13
assembly_1,6,0.7,subgraph_mip,blended,10,343,1105,24,2.17,0.409,0.054,1.354,1.409,378.42,0.9251,2.38,408,1.62,339.12,408,22.682,19.16,"[339.12, 408, 350.63, 345.5, 352.92, 360.68]","[2, 2, 2, 2, 2, 3]",13
assembly_1,6,0.7,subgraph_mip,blended_union,10,343,1105,68,6.15,0.409,0.19,3.377,3.567,149.46,0.9214,1.96,408,1.62,339.12,408,23.512,19.16,"[339.12, 408, 345.4, 350.63, 345.5, 368.2]","[2, 2, 2, 2, 2, 3]",13
assembly_1,6,0.7,subgraph_mip,diverse,10,343,1105,126,11.4,0.409,0.036,3.541,3.577,149.06,0.9216,1.99,408,1.62,339.12,408,23.512,19.16,"[339.12, 408, 345.4, 350.63, 345.5, 368.2]","[2, 2, 2, 2, 2, 3]",13
assembly_1,6,0.7,subgraph_mip,edge_weight,20,343,1105,35,3.17,0.409,0.157,2.451,2.607,204.5,0.9121,0.94,408,1.62,244.92,408,55.757,45.37,"[339.12, 244.92, 408, 384, 379.31, 401.5]","[2, 1, 2, 3, 3, 2]",13
assembly_1,6,0.7,subgraph_mip,time_balanced_weight,20,343,1105,74,6.7,0.409,0.185,3.242,3.427,155.57,0.976,8.01,408,1.62,304.68,408,35.728,28.74,"[339.12, 408, 350.63, 304.68, 352.92, 401.5]","[2, 2, 2, 3, 2, 2]",13
assembly_1,6,0.7,subgraph_mip,combined,20,343,1105,107,9.68,0.409,0.283,3.979,4.262,125.09,0.9121,0.94,408,1.62,244.92,408,55.757,45.37,"[339.12, 244.92, 408, 384, 379.31, 401.5]","[2, 1, 2, 3, 3, 2]",13
assembly_1,6,0.7,subgraph_mip,blended,20,343,1105,39,3.53,0.409,0.159,2.358,2.517,211.8,0.9214,1.96,408,1.62,339.12,408,23.512,19.16,"[339.12, 408, 345.4, 350.63, 345.5, 368.2]","[2, 2, 2, 2, 2, 3]",13
assembly_1,6,0.7,subgraph_mip,blended_union,20,343,1105,78,7.06,0.409,0.369,2.681,3.049,174.83,0.9121,0.94,408,1.62,244.92,408,55.757,45.37,"[339.12, 244.92, 408, 384, 379.31, 401.5]","[2, 1, 2, 3, 3, 2]",13
assembly_1,6,0.7,subgraph_mip,diverse,20,343,1105,237,21.45,0.409,0.029,20.236,20.265,26.31,0.9214,1.96,408,1.62,339.12,408,23.512,19.16,"[339.12, 408, 345.4, 350.63, 345.5, 368.2]","[2, 2, 2, 2, 2, 3]",13
assembly_1,6,0.7,subgraph_mip,edge_weight,50,343,1105,54,4.89,0.409,0.565,2.818,3.384,157.56,0.9121,0.94,408,1.62,244.92,408,55.757,45.37,"[339.12, 244.92, 408, 384, 379.31, 401.5]","[2, 1, 2, 3, 3, 2]",13
assembly_1,6,0.7,subgraph_mip,time_balanced_weight,50,343,1105,140,12.67,0.409,0.65,12.335,12.985,41.06,0.9758,7.99,408,1.62,304.68,408,35.728,28.74,"[339.12, 408, 350.63, 304.68, 401.5, 352.92]","[2, 2, 2, 3, 2, 2]",13
assembly_1,6,0.7,subgraph_mip,combined,50,343,1105,188,17.01,0.409,0.929,10.186,11.115,47.97,0.9121,0.94,408,1.62,244.92,408,55.757,45.37,"[339.12, 244.92, 408, 384, 379.31, 401.5]","[2, 1, 2, 3, 3, 2]",13
assembly_1,6,0.7,subgraph_mip,blended,50,343,1105,48,4.34,0.409,0.424,2.676,3.1,171.98,0.9214,1.96,408,1.62,339.12,408,23.512,19.16,"[339.12, 408, 345.4, 350.63, 345.5, 368.2]","[2, 2, 2, 2, 2, 3]",13
assembly_1,6,0.7,subgraph_mip,blended_union,50,343,1105,112,10.14,0.409,1.232,7.006,8.238,64.72,0.9121,0.94,408,1.62,244.92,408,55.757,45.37,"[339.12, 244.92, 408, 384, 379.31, 401.5]","[2, 1, 2, 3, 3, 2]",13
assembly_1,6,0.7,subgraph_mip,diverse,50,343,1105,503,45.52,0.409,0.053,102.935,102.988,5.18,0.9136,1.1,408,1.62,244.92,408,55.82,45.37,"[339.12, 244.92, 408, 376.48, 386.83, 401.5]","[2, 1, 2, 3, 3, 2]",13
assembly_1,6,0.7,subgraph_mip,edge_weight,100,343,1105,78,7.06,0.409,0.461,4.346,4.807,110.9,0.9121,0.94,408,1.62,244.92,408,55.757,45.37,"[339.12, 244.92, 408, 384, 379.31, 401.5]","[2, 1, 2, 3, 3, 2]",13
assembly_1,6,0.7,subgraph_mip,time_balanced_weight,100,343,1105,202,18.28,0.409,0.89,13.082,13.972,38.16,0.9656,6.86,408,1.62,329.7,408,25.754,21.78,"[339.12, 408, 354.92, 350.63, 329.7, 374.48]","[2, 2, 2, 2, 2, 3]",13
assembly_1,6,0.7,subgraph_mip,combined,100,343,1105,262,23.71,0.409,1.322,24.816,26.138,20.4,0.9121,0.94,408,1.62,244.92,408,55.757,45.37,"[339.12, 244.92, 408, 384, 379.31, 401.5]","[2, 1, 2, 3, 3, 2]",13
assembly_1,6,0.7,subgraph_mip,blended,100,343,1105,72,6.52,0.409,0.764,2.36,3.123,170.71,0.9142,1.17,401.5,0.0,336.2,401.5,22.849,18.17,"[336.2, 376.48, 350.63, 401.5, 339.12, 352.92]","[2, 3, 2, 2, 2, 2]",13
assembly_1,6,0.7,subgraph_mip,blended_union,100,343,1105,155,14.03,0.409,1.641,10.054,11.695,45.59,0.9121,0.94,408,1.62,244.92,408,55.757,45.37,"[339.12, 244.92, 408, 384, 379.31, 401.5]","[2, 1, 2, 3, 3, 2]",13
assembly_1,6,0.7,subgraph_mip,diverse,100,343,1105,738,66.79,0.409,0.17,301.148,301.318,1.77,0.9136,1.1,408,1.62,244.92,408,55.82,45.37,"[339.12, 244.92, 408, 376.48, 386.83, 401.5]","[2, 1, 2, 3, 3, 2]",13
assembly_1,6,0.7,subgraph_mip,edge_weight,200,343,1105,95,8.6,0.409,0.794,2.423,3.218,165.7,0.9036,-0.0,401.5,0.0,332,401.5,26.232,19.33,"[339.12, 352.92, 342.48, 332, 388.83, 401.5]","[2, 2, 2, 2, 3, 2]",13
assembly_1,6,0.7,subgraph_mip,time_balanced_weight,200,343,1105,254,22.99,0.409,0.883,12.914,13.797,38.64,0.9656,6.86,408,1.62,329.7,408,25.754,21.78,"[339.12, 408, 354.92, 350.63, 329.7, 374.48]","[2, 2, 2, 2, 2, 3]",13
assembly_1,6,0.7,subgraph_mip,combined,200,343,1105,327,29.59,0.409,1.392,17.863,19.255,27.69,0.9036,0.0,401.5,0.0,332,401.5,26.232,19.33,"[339.12, 352.92, 342.48, 332, 388.83, 401.5]","[2, 2, 2, 2, 3, 2]",13
assembly_1,6,0.7,subgraph_mip,blended,200,343,1105,106,9.59,0.409,0.646,4.71,5.356,99.54,0.9142,1.17,401.5,0.0,336.2,401.5,22.849,18.17,"[336.2, 376.48, 350.63, 401.5, 339.12, 352.92]","[2, 3, 2, 2, 2, 2]",13
assembly_1,6,0.7,subgraph_mip,blended_union,200,343,1105,222,20.09,0.409,2.252,8.815,11.067,48.17,0.9036,0.0,401.5,0.0,332,401.5,26.232,19.33,"[339.12, 352.92, 342.48, 332, 388.83, 401.5]","[2, 2, 2, 2, 3, 2]",13
assembly_1,6,0.7,subgraph_mip,diverse,200,343,1105,910,82.35,0.409,0.238,326.848,327.086,1.63,0.9036,0.0,401.5,0.0,332,401.5,26.232,19.33,"[339.12, 352.92, 342.48, 332, 388.83, 401.5]","[2, 2, 2, 2, 3, 2]",13
assembly_1,6,0.7,subgraph_mip,edge_weight,500,343,1105,108,9.77,0.409,1.735,2.909,4.644,114.8,0.9036,0.0,401.5,0.0,332,401.5,26.232,19.33,"[339.12, 352.92, 342.48, 332, 388.83, 401.5]","[2, 2, 2, 2, 3, 2]",13
assembly_1,6,0.7,subgraph_mip,time_balanced_weight,500,343,1105,395,35.75,0.409,2.0,37.556,39.556,13.48,0.9607,6.32,408,1.62,244.92,408,55.82,45.37,"[244.92, 339.12, 408, 376.48, 386.83, 401.5]","[1, 2, 2, 3, 3, 2]",13
assembly_1,6,0.7,subgraph_mip,combined,500,343,1105,451,40.81,0.409,3.615,95.183,98.798,5.4,0.9036,0.0,401.5,0.0,332,401.5,26.232,19.33,"[339.12, 352.92, 342.48, 332, 388.83, 401.5]","[2, 2, 2, 2, 3, 2]",13
assembly_1,6,0.7,subgraph_mip,blended,500,343,1105,136,12.31,0.409,1.854,3.622,5.476,97.36,0.9142,1.17,401.5,0.0,336.2,401.5,22.849,18.17,"[336.2, 376.48, 350.63, 401.5, 339.12, 352.92]","[2, 3, 2, 2, 2, 2]",13
assembly_1,6,0.7,subgraph_mip,blended_union,500,343,1105,268,24.25,0.409,6.324,11.615,17.939,29.72,0.9036,0.0,401.5,0.0,332,401.5,26.232,19.33,"[339.12, 352.92, 342.48, 332, 388.83, 401.5]","[2, 2, 2, 2, 3, 2]",13
assembly_1,6,0.7,subgraph_mip,diverse,500,343,1105,1051,95.11,0.409,0.512,383.473,383.985,1.39,0.9036,0.0,401.5,0.0,332,401.5,26.232,19.33,"[339.12, 352.92, 342.48, 332, 388.83, 401.5]","[2, 2, 2, 2, 3, 2]",13
assembly_1,6,0.7,subgraph_mip,edge_weight,1000,343,1105,142,12.85,0.409,3.515,4.314,7.829,68.1,0.9036,0.0,401.5,0.0,332,401.5,26.232,19.33,"[339.12, 352.92, 342.48, 332, 388.83, 401.5]","[2, 2, 2, 2, 3, 2]",13
assembly_1,6,0.7,subgraph_mip,time_balanced_weight,1000,343,1105,471,42.62,0.409,3.921,105.208,109.129,4.89,0.9607,6.32,408,1.62,244.92,408,55.82,45.37,"[339.12, 244.92, 408, 376.48, 386.83, 401.5]","[2, 1, 2, 3, 3, 2]",13
assembly_1,6,0.7,subgraph_mip,combined,1000,343,1105,546,49.41,0.409,7.543,121.517,129.06,4.13,0.9036,-0.0,401.5,0.0,332,401.5,26.232,19.33,"[339.12, 352.92, 342.48, 332, 388.83, 401.5]","[2, 2, 2, 2, 3, 2]",13
assembly_1,6,0.7,subgraph_mip,blended,1000,343,1105,181,16.38,0.409,4.007,9.528,13.536,39.39,0.9142,1.17,401.5,0.0,336.2,401.5,22.849,18.17,"[336.2, 376.48, 350.63, 401.5, 339.12, 352.92]","[2, 3, 2, 2, 2, 2]",13
assembly_1,6,0.7,subgraph_mip,blended_union,1000,343,1105,328,29.68,0.409,12.582,16.478,29.06,18.35,0.9036,-0.0,401.5,0.0,332,401.5,26.232,19.33,"[339.12, 352.92, 342.48, 332, 388.83, 401.5]","[2, 2, 2, 2, 3, 2]",13
assembly_1,6,0.7,subgraph_mip,diverse,1000,343,1105,1099,99.46,0.409,1.03,404.589,405.619,1.31,0.9036,0.0,401.5,0.0,332,401.5,26.232,19.33,"[339.12, 352.92, 342.48, 332, 388.83, 401.5]","[2, 2, 2, 2, 3, 2]",13
assembly_1,6,0.7,subgraph_mip,edge_weight,2000,343,1105,185,16.74,0.409,8.585,8.089,16.675,31.97,0.9036,0.0,401.5,0.0,332,401.5,26.232,19.33,"[339.12, 352.92, 342.48, 332, 388.83, 401.5]","[2, 2, 2, 2, 3, 2]",13
assembly_1,6,0.7,subgraph_mip,time_balanced_weight,2000,343,1105,617,55.84,0.409,8.046,125.668,133.715,3.99,0.9531,5.48,401.5,0.0,332,401.5,26.232,19.33,"[339.12, 352.92, 342.48, 332, 388.83, 401.5]","[2, 2, 2, 2, 3, 2]",13
assembly_1,6,0.7,subgraph_mip,combined,2000,343,1105,666,60.27,0.409,17.122,143.013,160.135,3.33,0.9036,0.0,401.5,0.0,332,401.5,26.232,19.33,"[339.12, 352.92, 342.48, 332, 388.83, 401.5]","[2, 2, 2, 2, 3, 2]",13
assembly_1,6,0.7,subgraph_mip,blended,2000,343,1105,283,25.61,0.409,9.932,5.419,15.351,34.73,0.9142,1.17,401.5,0.0,336.2,401.5,22.849,18.17,"[336.2, 376.48, 350.63, 401.5, 339.12, 352.92]","[2, 3, 2, 2, 2, 2]",13
assembly_1,6,0.7,subgraph_mip,blended_union,2000,343,1105,423,38.28,0.409,29.198,28.412,57.61,9.25,0.9036,0.0,401.5,0.0,332,401.5,26.232,19.33,"[339.12, 352.92, 342.48, 332, 388.83, 401.5]","[2, 2, 2, 2, 3, 2]",13
assembly_1,6,0.7,subgraph_mip,diverse,2000,343,1105,1105,100.0,0.409,2.366,376.3,378.666,1.41,0.9036,0.0,401.5,0.0,332,401.5,26.232,19.33,"[339.12, 352.92, 342.48, 332, 388.83, 401.5]","[2, 2, 2, 2, 3, 2]",13
assembly_1,6,0.7,subgraph_mip,edge_weight,5000,343,1105,232,21.0,0.409,28.122,14.092,42.214,12.63,0.9036,0.0,401.5,0.0,332,401.5,26.232,19.33,"[339.12, 352.92, 342.48, 332, 388.83, 401.5]","[2, 2, 2, 2, 3, 2]",13
assembly_1,6,0.7,subgraph_mip,time_balanced_weight,5000,343,1105,768,69.5,0.409,25.515,140.396,165.911,3.21,0.9511,5.25,401.5,0.0,332,401.5,26.232,19.33,"[339.12, 352.92, 342.48, 332, 388.83, 401.5]","[2, 2, 2, 2, 3, 2]",13
assembly_1,6,0.7,subgraph_mip,combined,5000,343,1105,809,73.21,0.409,53.864,120.128,173.992,3.06,0.9036,0.0,401.5,0.0,332,401.5,26.232,19.33,"[339.12, 352.92, 342.48, 332, 388.83, 401.5]","[2, 2, 2, 2, 3, 2]",13
assembly_1,6,0.7,subgraph_mip,blended,5000,343,1105,385,34.84,0.409,32.505,16.929,49.434,10.79,0.9142,1.17,401.5,0.0,336.2,401.5,22.849,18.17,"[336.2, 376.48, 350.63, 401.5, 339.12, 352.92]","[2, 3, 2, 2, 2, 2]",13
assembly_1,6,0.7,subgraph_mip,blended_union,5000,343,1105,532,48.14,0.409,96.329,83.215,179.544,2.97,0.9036,-0.0,401.5,0.0,332,401.5,26.232,19.33,"[339.12, 352.92, 342.48, 332, 388.83, 401.5]","[2, 2, 2, 2, 3, 2]",13
assembly_1,6,0.7,subgraph_mip,diverse,5000,343,1105,1105,100.0,0.409,4.569,287.332,291.901,1.83,0.9036,0.0,401.5,0.0,332,401.5,26.232,19.33,"[339.12, 352.92, 342.48, 332, 388.83, 401.5]","[2, 2, 2, 2, 3, 2]",13
assembly_1,6,0.75,full_mip,—,,343,1105,1105,100.0,0.402,0.0,748.66,748.66,1.0,0.9081,0.0,401.5,0.0,332,401.5,26.232,19.33,"[339.12, 352.92, 342.48, 332, 388.83, 401.5]","[2, 2, 2, 2, 3, 2]",13
assembly_1,6,0.75,subgraph_mip,edge_weight,1,343,1105,13,1.18,0.402,0.002,1.072,1.074,697.17,1.0502,15.65,484.48,20.67,244.92,484.48,86.653,66.64,"[339.12, 244.92, 408, 484.48, 420.13, 260.2]","[2, 1, 2, 4, 2, 2]",13
assembly_1,6,0.75,subgraph_mip,time_balanced_weight,1,343,1105,13,1.18,0.402,0.001,0.669,0.67,1116.94,1.0639,17.16,444.83,10.79,242,444.83,83.119,56.42,"[242, 244.92, 410.92, 444.83, 412.68, 401.5]","[1, 1, 2, 3, 4, 2]",13
assembly_1,6,0.75,subgraph_mip,combined,1,343,1105,26,2.35,0.402,0.002,0.372,0.374,2001.78,1.0502,15.65,484.48,20.67,244.92,484.48,86.653,66.64,"[339.12, 244.92, 408, 484.48, 420.13, 260.2]","[2, 1, 2, 4, 2, 2]",13
assembly_1,6,0.75,subgraph_mip,blended,1,343,1105,13,1.18,0.402,0.001,0.371,0.372,2010.78,0.9285,2.25,408,1.62,339.12,408,22.682,19.16,"[339.12, 408, 350.63, 345.5, 352.92, 360.68]","[2, 2, 2, 2, 2, 3]",13
assembly_1,6,0.75,subgraph_mip,blended_union,1,343,1105,36,3.26,0.402,0.02,3.576,3.596,208.19,0.9254,1.9,408,1.62,339.12,408,23.512,19.16,"[339.12, 408, 345.4, 350.63, 345.5, 368.2]","[2, 2, 2, 2, 2, 3]",13
assembly_1,6,0.75,subgraph_mip,diverse,1,343,1105,13,1.18,0.402,0.005,0.486,0.491,1524.55,0.9285,2.25,408,1.62,339.12,408,22.682,19.16,"[339.12, 408, 350.63, 345.5, 352.92, 360.68]","[2, 2, 2, 2, 2, 3]",13
assembly_1,6,0.75,subgraph_mip,edge_weight,2,343,1105,15,1.36,0.402,0.009,1.255,1.264,592.15,1.0502,15.65,484.48,20.67,244.92,484.48,86.653,66.64,"[339.12, 244.92, 408, 484.48, 420.13, 260.2]","[2, 1, 2, 4, 2, 2]",13
assembly_1,6,0.75,subgraph_mip,time_balanced_weight,2,343,1105,15,1.36,0.402,0.006,1.386,1.391,538.08,1.0615,16.89,444.83,10.79,242,444.83,83.119,56.42,"[244.92, 242, 410.92, 444.83, 412.68, 401.5]","[1, 1, 2, 3, 4, 2]",13
assembly_1,6,0.75,subgraph_mip,combined,2,343,1105,30,2.71,0.402,0.013,0.497,0.51,1467.88,1.0502,15.65,484.48,20.67,244.92,484.48,86.653,66.64,"[339.12, 244.92, 408, 484.48, 420.13, 260.2]","[2, 1, 2, 4, 2, 2]",13
assembly_1,6,0.75,subgraph_mip,blended,2,343,1105,15,1.36,0.402,0.007,1.155,1.162,644.2,0.9285,2.25,408,1.62,339.12,408,22.682,19.16,"[339.12, 408, 350.63, 345.5, 352.92, 360.68]","[2, 2, 2, 2, 2, 3]",13
assembly_1,6,0.75,subgraph_mip,blended_union,2,343,1105,42,3.8,0.402,0.022,2.511,2.534,295.46,0.9254,1.9,408,1.62,339.12,408,23.512,19.16,"[339.12, 408, 345.4, 350.63, 345.5, 368.2]","[2, 2, 2, 2, 2, 3]",13
assembly_1,6,0.75,subgraph_mip,diverse,2,343,1105,26,2.35,0.402,0.005,2.479,2.484,301.42,0.9285,2.25,408,1.62,339.12,408,22.682,19.16,"[339.12, 408, 350.63, 345.5, 352.92, 360.68]","[2, 2, 2, 2, 2, 3]",13
assembly_1,6,0.75,subgraph_mip,edge_weight,5,343,1105,21,1.9,0.402,0.014,0.84,0.854,876.88,1.0502,15.65,484.48,20.67,244.92,484.48,86.653,66.64,"[339.12, 244.92, 408, 484.48, 420.13, 260.2]","[2, 1, 2, 4, 2, 2]",13
assembly_1,6,0.75,subgraph_mip,time_balanced_weight,5,343,1105,42,3.8,0.402,0.018,0.837,0.855,876.03,1.0079,10.99,408,1.62,244.92,408,56.151,45.37,"[244.92, 408, 350.63, 398.88, 352.92, 401.5]","[1, 2, 2, 4, 2, 2]",13
assembly_1,6,0.75,subgraph_mip,combined,5,343,1105,62,5.61,0.402,0.033,1.777,1.811,413.47,1.0079,10.99,408,1.62,244.92,408,56.151,45.37,"[244.92, 408, 350.63, 398.88, 352.92, 401.5]","[1, 2, 2, 4, 2, 2]",13
assembly_1,6,0.75,subgraph_mip,blended,5,343,1105,21,1.9,0.402,0.013,0.822,0.835,896.98,0.9285,2.25,408,1.62,339.12,408,22.682,19.16,"[339.12, 408, 350.63, 345.5, 352.92, 360.68]","[2, 2, 2, 2, 2, 3]",13
assembly_1,6,0.75,subgraph_mip,blended_union,5,343,1105,60,5.43,0.402,0.053,1.553,1.606,466.27,0.9254,1.9,408,1.62,339.12,408,23.512,19.16,"[339.12, 408, 345.4, 350.63, 345.5, 368.2]","[2, 2, 2, 2, 2, 3]",13
assembly_1,6,0.75,subgraph_mip,diverse,5,343,1105,65,5.88,0.402,0.007,1.054,1.06,706.06,0.9257,1.94,408,1.62,339.12,408,23.512,19.16,"[339.12, 408, 345.4, 350.63, 345.5, 368.2]","[2, 2, 2, 2, 2, 3]",13
assembly_1,6,0.75,subgraph_mip,edge_weight,10,343,1105,24,2.17,0.402,0.033,0.935,0.968,773.46,1.0502,15.65,484.48,20.67,244.92,484.48,86.653,66.64,"[339.12, 244.92, 408, 484.48, 420.13, 260.2]","[2, 1, 2, 4, 2, 2]",13
assembly_1,6,0.75,subgraph_mip,time_balanced_weight,10,343,1105,59,5.34,0.402,0.065,1.524,1.589,471.09,1.0079,10.99,408,1.62,244.92,408,56.151,45.37,"[244.92, 408, 350.63, 398.88, 352.92, 401.5]","[1, 2, 2, 4, 2, 2]",13
assembly_1,6,0.75,subgraph_mip,combined,10,343,1105,82,7.42,0.402,0.092,2.297,2.389,313.41,1.0079,10.99,408,1.62,244.92,408,56.151,45.37,"[244.92, 408, 350.63, 398.88, 352.92, 401.5]","[1, 2, 2, 4, 2, 2]",13
assembly_1,6,0.75,subgraph_mip,blended,10,343,1105,24,2.17,0.402,0.052,0.366,0.418,1793.05,0.9285,2.25,408,1.62,339.12,408,22.682,19.16,"[339.12, 408, 350.63, 345.5, 352.92, 360.68]","[2, 2, 2, 2, 2, 3]",13
assembly_1,6,0.75,subgraph_mip,blended_union,10,343,1105,68,6.15,0.402,0.113,1.696,1.809,413.89,0.9254,1.9,408,1.62,339.12,408,23.512,19.16,"[339.12, 408, 345.4, 350.63, 345.5, 368.2]","[2, 2, 2, 2, 2, 3]",13
assembly_1,6,0.75,subgraph_mip,diverse,10,343,1105,126,11.4,0.402,0.01,2.4,2.41,310.6,0.9254,1.9,408,1.62,339.12,408,23.512,19.16,"[339.12, 408, 345.4, 350.63, 345.5, 368.2]","[2, 2, 2, 2, 2, 3]",13
assembly_1,6,0.75,subgraph_mip,edge_weight,20,343,1105,35,3.17,0.402,0.138,0.763,0.901,830.98,0.9177,1.06,408,1.62,244.92,408,55.757,45.37,"[339.12, 244.92, 408, 384, 379.31, 401.5]","[2, 1, 2, 3, 3, 2]",13
assembly_1,6,0.75,subgraph_mip,time_balanced_weight,20,343,1105,74,6.7,0.402,0.081,1.855,1.935,386.83,0.9709,6.92,408,1.62,304.68,408,35.728,28.74,"[339.12, 408, 350.63, 304.68, 352.92, 401.5]","[2, 2, 2, 3, 2, 2]",13
assembly_1,6,0.75,subgraph_mip,combined,20,343,1105,107,9.68,0.402,0.204,2.465,2.669,280.51,0.9177,1.06,408,1.62,244.92,408,55.757,45.37,"[339.12, 244.92, 408, 384, 379.31, 401.5]","[2, 1, 2, 3, 3, 2]",13
assembly_1,6,0.75,subgraph_mip,blended,20,343,1105,39,3.53,0.402,0.085,2.708,2.793,268.07,0.9254,1.9,408,1.62,339.12,408,23.512,19.16,"[339.12, 408, 345.4, 350.63, 345.5, 368.2]","[2, 2, 2, 2, 2, 3]",13
assembly_1,6,0.75,subgraph_mip,blended_union,20,343,1105,78,7.06,0.402,0.29,2.781,3.071,243.79,0.9177,1.06,408,1.62,244.92,408,55.757,45.37,"[339.12, 244.92, 408, 384, 379.31, 401.5]","[2, 1, 2, 3, 3, 2]",13
assembly_1,6,0.75,subgraph_mip,diverse,20,343,1105,235,21.27,0.402,0.019,13.7,13.719,54.57,0.9226,1.6,408,1.62,339.12,408,22.82,19.16,"[339.12, 408, 354.92, 350.63, 343.5, 360.68]","[2, 2, 2, 2, 2, 3]",13
assembly_1,6,0.75,subgraph_mip,edge_weight,50,343,1105,54,4.89,0.402,0.148,1.182,1.33,563.05,0.9177,1.06,408,1.62,244.92,408,55.757,45.37,"[339.12, 244.92, 408, 384, 379.31, 401.5]","[2, 1, 2, 3, 3, 2]",13
assembly_1,6,0.75,subgraph_mip,time_balanced_weight,50,343,1105,140,12.67,0.402,0.206,3.482,3.688,203.0,0.9708,6.9,408,1.62,304.68,408,35.728,28.74,"[339.12, 408, 350.63, 304.68, 401.5, 352.92]","[2, 2, 2, 3, 2, 2]",13
assembly_1,6,0.75,subgraph_mip,combined,50,343,1105,188,17.01,0.402,0.347,7.671,8.018,93.37,0.9177,1.06,408,1.62,244.92,408,55.757,45.37,"[339.12, 244.92, 408, 384, 379.31, 401.5]","[2, 1, 2, 3, 3, 2]",13
assembly_1,6,0.75,subgraph_mip,blended,50,343,1105,56,5.07,0.402,0.166,1.531,1.697,441.07,0.9169,0.97,401.5,0.0,336.2,401.5,22.849,18.17,"[336.2, 376.48, 350.63, 401.5, 339.12, 352.92]","[2, 3, 2, 2, 2, 2]",13
assembly_1,6,0.75,subgraph_mip,blended_union,50,343,1105,112,10.14,0.402,0.663,2.905,3.568,209.85,0.9177,1.06,408,1.62,244.92,408,55.757,45.37,"[339.12, 244.92, 408, 384, 379.31, 401.5]","[2, 1, 2, 3, 3, 2]",13
assembly_1,6,0.75,subgraph_mip,diverse,50,343,1105,502,45.43,0.402,0.08,76.946,77.026,9.72,0.9205,1.37,408,1.62,339.12,408,22.682,19.16,"[339.12, 352.92, 408, 350.63, 345.5, 360.68]","[2, 2, 2, 2, 2, 3]",13
assembly_1,6,0.75,subgraph_mip,edge_weight,100,343,1105,78,7.06,0.402,0.495,6.766,7.26,103.11,0.9177,1.06,408,1.62,244.92,408,55.757,45.37,"[339.12, 244.92, 408, 384, 379.31, 401.5]","[2, 1, 2, 3, 3, 2]",13
assembly_1,6,0.75,subgraph_mip,time_balanced_weight,100,343,1105,202,18.28,0.402,0.703,23.555,24.258,30.86,0.9623,5.97,408,1.62,329.7,408,25.754,21.78,"[339.12, 408, 354.92, 350.63, 329.7, 374.48]","[2, 2, 2, 2, 2, 3]",13
assembly_1,6,0.75,subgraph_mip,combined,100,343,1105,262,23.71,0.402,1.354,24.297,25.651,29.19,0.9177,1.06,408,1.62,244.92,408,55.757,45.37,"[339.12, 244.92, 408, 384, 379.31, 401.5]","[2, 1, 2, 3, 3, 2]",13
assembly_1,6,0.75,subgraph_mip,blended,100,343,1105,85,7.69,0.402,0.864,4.846,5.71,131.12,0.9169,0.97,401.5,0.0,336.2,401.5,22.849,18.17,"[336.2, 376.48, 350.63, 401.5, 339.12, 352.92]","[2, 3, 2, 2, 2, 2]",13
assembly_1,6,0.75,subgraph_mip,blended_union,100,343,1105,155,14.03,0.402,1.999,6.583,8.582,87.24,0.9169,0.97,401.5,0.0,336.2,401.5,22.849,18.17,"[336.2, 376.48, 350.63, 401.5, 339.12, 352.92]","[2, 3, 2, 2, 2, 2]",13
assembly_1,6,0.75,subgraph_mip,diverse,100,343,1105,734,66.43,0.402,0.177,137.254,137.431,5.45,0.9098,0.19,401.5,0.0,332,401.5,26.232,19.33,"[339.12, 352.92, 342.48, 332, 388.83, 401.5]","[2, 2, 2, 2, 3, 2]",13
assembly_1,6,0.75,subgraph_mip,edge_weight,200,343,1105,95,8.6,0.402,1.621,2.81,4.432,168.92,0.9081,-0.0,401.5,0.0,332,401.5,26.232,19.33,"[339.12, 352.92, 342.48, 332, 388.83, 401.5]","[2, 2, 2, 2, 3, 2]",13
assembly_1,6,0.75,subgraph_mip,time_balanced_weight,200,343,1105,254,22.99,0.402,1.385,45.743,47.128,15.89,0.9623,5.97,408,1.62,329.7,408,25.754,21.78,"[339.12, 408, 354.92, 350.63, 329.7, 374.48]","[2, 2, 2, 2, 2, 3]",13
assembly_1,6,0.75,subgraph_mip,combined,200,343,1105,327,29.59,0.402,2.297,30.512,32.809,22.82,0.9081,0.0,401.5,0.0,332,401.5,26.232,19.33,"[339.12, 352.92, 342.48, 332, 388.83, 401.5]","[2, 2, 2, 2, 3, 2]",13
assembly_1,6,0.75,subgraph_mip,blended,200,343,1105,110,9.95,0.402,1.255,2.907,4.162,179.87,0.9169,0.97,401.5,0.0,336.2,401.5,22.849,18.17,"[336.2, 376.48, 350.63, 401.5, 339.12, 352.92]","[2, 3, 2, 2, 2, 2]",13
assembly_1,6,0.75,subgraph_mip,blended_union,200,343,1105,222,20.09,0.402,4.661,17.839,22.5,33.27,0.9081,0.0,401.5,0.0,332,401.5,26.232,19.33,"[339.12, 352.92, 342.48, 332, 388.83, 401.5]","[2, 2, 2, 2, 3, 2]",13
assembly_1,6,0.75,subgraph_mip,diverse,200,343,1105,902,81.63,0.402,0.413,469.986,470.399,1.59,0.9098,0.19,401.5,0.0,332,401.5,26.232,19.33,"[339.12, 352.92, 342.48, 332, 388.83, 401.5]","[2, 2, 2, 2, 3, 2]",13
assembly_1,6,0.75,subgraph_mip,edge_weight,500,343,1105,108,9.77,0.402,1.725,4.129,5.854,127.89,0.9081,-0.0,401.5,0.0,332,401.5,26.232,19.33,"[339.12, 352.92, 342.48, 332, 388.83, 401.5]","[2, 2, 2, 2, 3, 2]",13
assembly_1,6,0.75,subgraph_mip,time_balanced_weight,500,343,1105,395,35.75,0.402,2.716,61.231,63.947,11.71,0.9582,5.52,408,1.62,244.92,408,55.82,45.37,"[244.92, 339.12, 408, 376.48, 386.83, 401.5]","[1, 2, 2, 3, 3, 2]",13
assembly_1,6,0.75,subgraph_mip,combined,500,343,1105,451,40.81,0.402,3.994,78.705,82.7,9.05,0.9081,0.0,401.5,0.0,332,401.5,26.232,19.33,"[339.12, 352.92, 342.48, 332, 388.83, 401.5]","[2, 2, 2, 2, 3, 2]",13
assembly_1,6,0.75,subgraph_mip,blended,500,343,1105,182,16.47,0.402,2.178,6.186,8.364,89.51,0.9169,0.97,401.5,0.0,336.2,401.5,22.849,18.17,"[336.2, 376.48, 350.63, 401.5, 339.12, 352.92]","[2, 3, 2, 2, 2, 2]",13
assembly_1,6,0.75,subgraph_mip,blended_union,500,343,1105,268,24.25,0.402,6.778,16.809,23.587,31.74,0.9081,0.0,401.5,0.0,332,401.5,26.232,19.33,"[339.12, 352.92, 342.48, 332, 388.83, 401.5]","[2, 2, 2, 2, 3, 2]",13
assembly_1,6,0.75,subgraph_mip,diverse,500,343,1105,1044,94.48,0.402,0.608,431.749,432.357,1.73,0.9081,0.0,401.5,0.0,332,401.5,26.232,19.33,"[339.12, 352.92, 342.48, 332, 388.83, 401.5]","[2, 2, 2, 2, 3, 2]",13
assembly_1,6,0.75,subgraph_mip,edge_weight,1000,343,1105,142,12.85,0.402,3.669,7.339,11.009,68.01,0.9081,0.0,401.5,0.0,332,401.5,26.232,19.33,"[339.12, 352.92, 342.48, 332, 388.83, 401.5]","[2, 2, 2, 2, 3, 2]",13
assembly_1,6,0.75,subgraph_mip,time_balanced_weight,1000,343,1105,471,42.62,0.402,4.522,81.483,86.006,8.7,0.9582,5.52,408,1.62,244.92,408,55.82,45.37,"[244.92, 339.12, 408, 376.48, 386.83, 401.5]","[1, 2, 2, 3, 3, 2]",13
assembly_1,6,0.75,subgraph_mip,combined,1000,343,1105,546,49.41,0.402,8.125,166.266,174.391,4.29,0.9081,0.0,401.5,0.0,332,401.5,26.232,19.33,"[339.12, 352.92, 342.48, 332, 388.83, 401.5]","[2, 2, 2, 2, 3, 2]",13
assembly_1,6,0.75,subgraph_mip,blended,1000,343,1105,243,21.99,0.402,4.147,10.958,15.105,49.56,0.9169,0.97,401.5,0.0,336.2,401.5,22.849,18.17,"[336.2, 376.48, 350.63, 401.5, 339.12, 352.92]","[2, 3, 2, 2, 2, 2]",13
assembly_1,6,0.75,subgraph_mip,blended_union,1000,343,1105,328,29.68,0.402,13.606,23.8,37.406,20.01,0.9081,0.0,401.5,0.0,332,401.5,26.232,19.33,"[339.12, 352.92, 342.48, 332, 388.83, 401.5]","[2, 2, 2, 2, 3, 2]",13
assembly_1,6,0.75,subgraph_mip,diverse,1000,343,1105,1098,99.37,0.402,1.162,663.995,665.157,1.13,0.9081,0.0,401.5,0.0,332,401.5,26.232,19.33,"[339.12, 352.92, 342.48, 332, 388.83, 401.5]","[2, 2, 2, 2, 3, 2]",13
assembly_1,6,0.75,subgraph_mip,edge_weight,2000,343,1105,185,16.74,0.402,6.975,7.037,14.012,53.43,0.9081,0.0,401.5,0.0,332,401.5,26.232,19.33,"[339.12, 352.92, 342.48, 332, 388.83, 401.5]","[2, 2, 2, 2, 3, 2]",13
assembly_1,6,0.75,subgraph_mip,time_balanced_weight,2000,343,1105,617,55.84,0.402,7.268,188.417,195.684,3.83,0.9493,4.54,401.5,0.0,332,401.5,26.232,19.33,"[339.12, 352.92, 342.48, 332, 388.83, 401.5]","[2, 2, 2, 2, 3, 2]",13
assembly_1,6,0.75,subgraph_mip,combined,2000,343,1105,666,60.27,0.402,14.674,176.162,190.836,3.92,0.9081,-0.0,401.5,0.0,332,401.5,26.232,19.33,"[339.12, 352.92, 342.48, 332, 388.83, 401.5]","[2, 2, 2, 2, 3, 2]",13
assembly_1,6,0.75,subgraph_mip,blended,2000,343,1105,310,28.05,0.402,8.261,17.945,26.206,28.57,0.9169,0.97,401.5,0.0,336.2,401.5,22.849,18.17,"[336.2, 376.48, 350.63, 401.5, 339.12, 352.92]","[2, 3, 2, 2, 2, 2]",13
assembly_1,6,0.75,subgraph_mip,blended_union,2000,343,1105,423,38.28,0.402,24.171,44.955,69.126,10.83,0.9081,-0.0,401.5,0.0,332,401.5,26.232,19.33,"[339.12, 352.92, 342.48, 332, 388.83, 401.5]","[2, 2, 2, 2, 3, 2]",13
assembly_1,6,0.75,subgraph_mip,diverse,2000,343,1105,1105,100.0,0.402,1.891,508.157,510.047,1.47,0.9081,0.0,401.5,0.0,332,401.5,26.232,19.33,"[339.12, 352.92, 342.48, 332, 388.83, 401.5]","[2, 2, 2, 2, 3, 2]",13
assembly_1,6,0.75,subgraph_mip,edge_weight,5000,343,1105,232,21.0,0.402,20.804,12.325,33.129,22.6,0.9081,0.0,401.5,0.0,332,401.5,26.232,19.33,"[339.12, 352.92, 342.48, 332, 388.83, 401.5]","[2, 2, 2, 2, 3, 2]",13
assembly_1,6,0.75,subgraph_mip,time_balanced_weight,5000,343,1105,768,69.5,0.402,19.146,123.031,142.177,5.27,0.9476,4.36,401.5,0.0,332,401.5,26.232,19.33,"[339.12, 352.92, 342.48, 332, 388.83, 401.5]","[2, 2, 2, 2, 3, 2]",13
assembly_1,6,0.75,subgraph_mip,combined,5000,343,1105,809,73.21,0.402,40.186,51.013,91.199,8.21,0.9081,0.0,401.5,0.0,332,401.5,26.232,19.33,"[339.12, 352.92, 342.48, 332, 388.83, 401.5]","[2, 2, 2, 2, 3, 2]",13
assembly_1,6,0.75,subgraph_mip,blended,5000,343,1105,399,36.11,0.402,21.982,17.3,39.282,19.06,0.9169,0.97,401.5,0.0,336.2,401.5,22.849,18.17,"[336.2, 376.48, 350.63, 401.5, 339.12, 352.92]","[2, 3, 2, 2, 2, 2]",13
assembly_1,6,0.75,subgraph_mip,blended_union,5000,343,1105,532,48.14,0.402,64.07,43.249,107.318,6.98,0.9081,0.0,401.5,0.0,332,401.5,26.232,19.33,"[339.12, 352.92, 342.48, 332, 388.83, 401.5]","[2, 2, 2, 2, 3, 2]",13
assembly_1,6,0.75,subgraph_mip,diverse,5000,343,1105,1105,100.0,0.402,3.195,407.861,411.056,1.82,0.9081,0.0,401.5,0.0,332,401.5,26.232,19.33,"[339.12, 352.92, 342.48, 332, 388.83, 401.5]","[2, 2, 2, 2, 3, 2]",13
assembly_1,6,0.8,full_mip,—,,343,1105,1105,100.0,0.718,0.0,989.578,989.578,1.0,0.9125,0.0,401.5,0.0,332,401.5,26.232,19.33,"[339.12, 352.92, 342.48, 332, 388.83, 401.5]","[2, 2, 2, 2, 3, 2]",13
assembly_1,6,0.8,subgraph_mip,edge_weight,1,343,1105,13,1.18,0.718,0.002,1.048,1.05,942.25,1.0646,16.67,484.48,20.67,244.92,484.48,86.653,66.64,"[339.12, 244.92, 408, 484.48, 420.13, 260.2]","[2, 1, 2, 4, 2, 2]",13
assembly_1,6,0.8,subgraph_mip,time_balanced_weight,1,343,1105,13,1.18,0.718,0.001,1.049,1.05,942.33,1.0572,15.86,444.83,10.79,242,444.83,83.119,56.42,"[242, 244.92, 410.92, 444.83, 412.68, 401.5]","[1, 1, 2, 3, 4, 2]",13
assembly_1,6,0.8,subgraph_mip,combined,1,343,1105,26,2.35,0.718,0.002,4.472,4.474,221.21,1.0572,15.86,444.83,10.79,242,444.83,83.119,56.42,"[242, 244.92, 410.92, 444.83, 412.68, 401.5]","[1, 1, 2, 3, 4, 2]",13
assembly_1,6,0.8,subgraph_mip,blended,1,343,1105,13,1.18,0.718,0.001,0.593,0.594,1666.36,0.9319,2.12,408,1.62,339.12,408,22.682,19.16,"[339.12, 408, 350.63, 345.5, 352.92, 360.68]","[2, 2, 2, 2, 2, 3]",13
assembly_1,6,0.8,subgraph_mip,blended_union,1,343,1105,36,3.26,0.718,0.015,2.717,2.731,362.29,0.9294,1.85,408,1.62,339.12,408,23.512,19.16,"[339.12, 408, 345.4, 350.63, 345.5, 368.2]","[2, 2, 2, 2, 2, 3]",13
assembly_1,6,0.8,subgraph_mip,diverse,1,343,1105,13,1.18,0.718,0.008,0.51,0.518,1912.05,0.9319,2.12,408,1.62,339.12,408,22.682,19.16,"[339.12, 408, 350.63, 345.5, 352.92, 360.68]","[2, 2, 2, 2, 2, 3]",13
assembly_1,6,0.8,subgraph_mip,edge_weight,2,343,1105,15,1.36,0.718,0.004,1.658,1.663,595.18,1.0646,16.67,484.48,20.67,244.92,484.48,86.653,66.64,"[339.12, 244.92, 408, 484.48, 420.13, 260.2]","[2, 1, 2, 4, 2, 2]",13
assembly_1,6,0.8,subgraph_mip,time_balanced_weight,2,343,1105,15,1.36,0.718,0.005,2.041,2.046,483.75,1.0553,15.65,444.83,10.79,242,444.83,83.119,56.42,"[244.92, 242, 410.92, 444.83, 412.68, 401.5]","[1, 1, 2, 3, 4, 2]",13
assembly_1,6,0.8,subgraph_mip,combined,2,343,1105,30,2.71,0.718,0.014,2.446,2.46,402.2,1.0553,15.65,444.83,10.79,242,444.83,83.119,56.42,"[244.92, 242, 410.92, 444.83, 412.68, 401.5]","[1, 1, 2, 3, 4, 2]",13
assembly_1,6,0.8,subgraph_mip,blended,2,343,1105,15,1.36,0.718,0.009,1.052,1.061,932.41,0.9319,2.12,408,1.62,339.12,408,22.682,19.16,"[339.12, 408, 350.63, 345.5, 352.92, 360.68]","[2, 2, 2, 2, 2, 3]",13
assembly_1,6,0.8,subgraph_mip,blended_union,2,343,1105,42,3.8,0.718,0.04,0.901,0.941,1051.33,0.9294,1.85,408,1.62,339.12,408,23.512,19.16,"[339.12, 408, 345.4, 350.63, 345.5, 368.2]","[2, 2, 2, 2, 2, 3]",13
assembly_1,6,0.8,subgraph_mip,diverse,2,343,1105,26,2.35,0.718,0.005,1.595,1.6,618.31,0.9319,2.12,408,1.62,339.12,408,22.682,19.16,"[339.12, 408, 350.63, 345.5, 352.92, 360.68]","[2, 2, 2, 2, 2, 3]",13
assembly_1,6,0.8,subgraph_mip,edge_weight,5,343,1105,21,1.9,0.718,0.014,1.885,1.899,521.17,1.0646,16.67,484.48,20.67,244.92,484.48,86.653,66.64,"[339.12, 244.92, 408, 484.48, 420.13, 260.2]","[2, 1, 2, 4, 2, 2]",13
assembly_1,6,0.8,subgraph_mip,time_balanced_weight,5,343,1105,42,3.8,0.718,0.017,2.257,2.275,435.05,0.9954,9.08,408,1.62,244.92,408,56.151,45.37,"[244.92, 408, 350.63, 398.88, 352.92, 401.5]","[1, 2, 2, 4, 2, 2]",13
assembly_1,6,0.8,subgraph_mip,combined,5,343,1105,62,5.61,0.718,0.052,1.615,1.668,593.39,0.9954,9.08,408,1.62,244.92,408,56.151,45.37,"[244.92, 408, 350.63, 398.88, 352.92, 401.5]","[1, 2, 2, 4, 2, 2]",13
assembly_1,6,0.8,subgraph_mip,blended,5,343,1105,21,1.9,0.718,0.024,0.456,0.479,2064.08,0.9319,2.12,408,1.62,339.12,408,22.682,19.16,"[339.12, 408, 350.63, 345.5, 352.92, 360.68]","[2, 2, 2, 2, 2, 3]",13
assembly_1,6,0.8,subgraph_mip,blended_union,5,343,1105,60,5.43,0.718,0.077,2.553,2.63,376.27,0.9294,1.85,408,1.62,339.12,408,23.512,19.16,"[339.12, 408, 345.4, 350.63, 345.5, 368.2]","[2, 2, 2, 2, 2, 3]",13
assembly_1,6,0.8,subgraph_mip,diverse,5,343,1105,65,5.88,0.718,0.007,1.786,1.793,551.84,0.9303,1.95,408,1.62,339.12,408,23.859,19.16,"[339.12, 408, 345.4, 350.63, 343.5, 370.2]","[2, 2, 2, 2, 2, 3]",13
assembly_1,6,0.8,subgraph_mip,edge_weight,10,343,1105,24,2.17,0.718,0.03,0.924,0.954,1036.78,1.0646,16.67,484.48,20.67,244.92,484.48,86.653,66.64,"[339.12, 244.92, 408, 484.48, 420.13, 260.2]","[2, 1, 2, 4, 2, 2]",13
assembly_1,6,0.8,subgraph_mip,time_balanced_weight,10,343,1105,59,5.34,0.718,0.039,1.644,1.682,588.24,0.9954,9.08,408,1.62,244.92,408,56.151,45.37,"[244.92, 408, 350.63, 398.88, 352.92, 401.5]","[1, 2, 2, 4, 2, 2]",13
assembly_1,6,0.8,subgraph_mip,combined,10,343,1105,82,7.42,0.718,0.088,2.022,2.11,468.97,0.9954,9.08,408,1.62,244.92,408,56.151,45.37,"[244.92, 408, 350.63, 398.88, 352.92, 401.5]","[1, 2, 2, 4, 2, 2]",13
assembly_1,6,0.8,subgraph_mip,blended,10,343,1105,24,2.17,0.718,0.037,1.795,1.832,540.2,0.9319,2.12,408,1.62,339.12,408,22.682,19.16,"[339.12, 408, 350.63, 345.5, 352.92, 360.68]","[2, 2, 2, 2, 2, 3]",13
assembly_1,6,0.8,subgraph_mip,blended_union,10,343,1105,68,6.15,0.718,0.147,1.548,1.695,583.89,0.9294,1.85,408,1.62,339.12,408,23.512,19.16,"[339.12, 408, 345.4, 350.63, 345.5, 368.2]","[2, 2, 2, 2, 2, 3]",13
assembly_1,6,0.8,subgraph_mip,diverse,10,343,1105,126,11.4,0.718,0.009,3.416,3.426,288.87,0.9294,1.85,408,1.62,339.12,408,23.512,19.16,"[339.12, 408, 345.4, 350.63, 345.5, 368.2]","[2, 2, 2, 2, 2, 3]",13
assembly_1,6,0.8,subgraph_mip,edge_weight,20,343,1105,35,3.17,0.718,0.098,2.157,2.254,438.96,0.9232,1.17,408,1.62,244.92,408,55.757,45.37,"[339.12, 244.92, 408, 384, 379.31, 401.5]","[2, 1, 2, 3, 3, 2]",13
assembly_1,6,0.8,subgraph_mip,time_balanced_weight,20,343,1105,74,6.7,0.718,0.101,2.384,2.485,398.19,0.9658,5.84,408,1.62,304.68,408,35.728,28.74,"[339.12, 408, 350.63, 304.68, 352.92, 401.5]","[2, 2, 2, 3, 2, 2]",13
assembly_1,6,0.8,subgraph_mip,combined,20,343,1105,107,9.68,0.718,0.162,2.961,3.123,316.9,0.9232,1.17,408,1.62,244.92,408,55.757,45.37,"[339.12, 244.92, 408, 384, 379.31, 401.5]","[2, 1, 2, 3, 3, 2]",13
assembly_1,6,0.8,subgraph_mip,blended,20,343,1105,33,2.99,0.718,0.101,2.946,3.047,324.76,0.9319,2.12,408,1.62,339.12,408,22.682,19.16,"[339.12, 408, 350.63, 345.5, 352.92, 360.68]","[2, 2, 2, 2, 2, 3]",13
assembly_1,6,0.8,subgraph_mip,blended_union,20,343,1105,78,7.06,0.718,0.285,2.612,2.897,341.61,0.9232,1.17,408,1.62,244.92,408,55.757,45.37,"[339.12, 244.92, 408, 384, 379.31, 401.5]","[2, 1, 2, 3, 3, 2]",13
assembly_1,6,0.8,subgraph_mip,diverse,20,343,1105,235,21.27,0.718,0.027,13.096,13.123,75.41,0.9268,1.57,408,1.62,339.12,408,22.82,19.16,"[339.12, 408, 354.92, 350.63, 343.5, 360.68]","[2, 2, 2, 2, 2, 3]",13
assembly_1,6,0.8,subgraph_mip,edge_weight,50,343,1105,54,4.89,0.718,0.166,2.383,2.549,388.27,0.9232,1.17,408,1.62,244.92,408,55.757,45.37,"[339.12, 244.92, 408, 384, 379.31, 401.5]","[2, 1, 2, 3, 3, 2]",13
assembly_1,6,0.8,subgraph_mip,time_balanced_weight,50,343,1105,140,12.67,0.718,0.272,6.141,6.413,154.31,0.9657,5.83,408,1.62,304.68,408,35.728,28.74,"[339.12, 408, 350.63, 304.68, 401.5, 352.92]","[2, 2, 2, 3, 2, 2]",13
assembly_1,6,0.8,subgraph_mip,combined,50,343,1105,188,17.01,0.718,0.446,13.799,14.245,69.47,0.9232,1.17,408,1.62,244.92,408,55.757,45.37,"[339.12, 244.92, 408, 384, 379.31, 401.5]","[2, 1, 2, 3, 3, 2]",13
assembly_1,6,0.8,subgraph_mip,blended,50,343,1105,53,4.8,0.718,0.226,2.327,2.554,387.53,0.9294,1.85,408,1.62,339.12,408,23.512,19.16,"[339.12, 408, 345.4, 350.63, 345.5, 368.2]","[2, 2, 2, 2, 2, 3]",13
assembly_1,6,0.8,subgraph_mip,blended_union,50,343,1105,112,10.14,0.718,0.725,5.485,6.21,159.34,0.9232,1.17,408,1.62,244.92,408,55.757,45.37,"[339.12, 244.92, 408, 384, 379.31, 401.5]","[2, 1, 2, 3, 3, 2]",13
assembly_1,6,0.8,subgraph_mip,diverse,50,343,1105,505,45.7,0.718,0.057,89.158,89.215,11.09,0.9268,1.57,408,1.62,339.12,408,22.82,19.16,"[339.12, 408, 354.92, 350.63, 343.5, 360.68]","[2, 2, 2, 2, 2, 3]",13
assembly_1,6,0.8,subgraph_mip,edge_weight,100,343,1105,78,7.06,0.718,0.309,2.636,2.945,336.01,0.9232,1.17,408,1.62,244.92,408,55.757,45.37,"[339.12, 244.92, 408, 384, 379.31, 401.5]","[2, 1, 2, 3, 3, 2]",13
assembly_1,6,0.8,subgraph_mip,time_balanced_weight,100,343,1105,202,18.28,0.718,0.448,12.997,13.446,73.6,0.9589,5.08,408,1.62,329.7,408,25.754,21.78,"[339.12, 408, 354.92, 350.63, 329.7, 374.48]","[2, 2, 2, 2, 2, 3]",13
assembly_1,6,0.8,subgraph_mip,combined,100,343,1105,262,23.71,0.718,0.821,20.471,21.292,46.48,0.9232,1.17,408,1.62,244.92,408,55.757,45.37,"[339.12, 244.92, 408, 384, 379.31, 401.5]","[2, 1, 2, 3, 3, 2]",13
assembly_1,6,0.8,subgraph_mip,blended,100,343,1105,104,9.41,0.718,0.46,3.174,3.634,272.3,0.9294,1.85,408,1.62,339.12,408,23.512,19.16,"[339.12, 408, 345.4, 350.63, 345.5, 368.2]","[2, 2, 2, 2, 2, 3]",13
assembly_1,6,0.8,subgraph_mip,blended_union,100,343,1105,155,14.03,0.718,1.252,9.635,10.887,90.9,0.9196,0.77,401.5,0.0,336.2,401.5,22.849,18.17,"[336.2, 376.48, 350.63, 401.5, 339.12, 352.92]","[2, 3, 2, 2, 2, 2]",13
assembly_1,6,0.8,subgraph_mip,diverse,100,343,1105,734,66.43,0.718,0.095,204.781,204.876,4.83,0.9125,-0.0,401.5,0.0,332,401.5,26.232,19.33,"[339.12, 352.92, 342.48, 332, 388.83, 401.5]","[2, 2, 2, 2, 3, 2]",13
assembly_1,6,0.8,subgraph_mip,edge_weight,200,343,1105,95,8.6,0.718,0.726,2.351,3.077,321.6,0.9125,-0.0,401.5,0.0,332,401.5,26.232,19.33,"[339.12, 352.92, 342.48, 332, 388.83, 401.5]","[2, 2, 2, 2, 3, 2]",13
assembly_1,6,0.8,subgraph_mip,time_balanced_weight,200,343,1105,254,22.99,0.718,0.846,29.197,30.043,32.94,0.9589,5.08,408,1.62,329.7,408,25.754,21.78,"[339.12, 408, 354.92, 350.63, 329.7, 374.48]","[2, 2, 2, 2, 2, 3]",13
assembly_1,6,0.8,subgraph_mip,combined,200,343,1105,327,29.59,0.718,1.585,26.351,27.936,35.42,0.9125,-0.0,401.5,0.0,332,401.5,26.232,19.33,"[339.12, 352.92, 342.48, 332, 388.83, 401.5]","[2, 2, 2, 2, 3, 2]",13
assembly_1,6,0.8,subgraph_mip,blended,200,343,1105,137,12.4,0.718,0.837,3.276,4.113,240.6,0.9196,0.77,401.5,0.0,336.2,401.5,22.849,18.17,"[336.2, 376.48, 350.63, 401.5, 339.12, 352.92]","[2, 3, 2, 2, 2, 2]",13
assembly_1,6,0.8,subgraph_mip,blended_union,200,343,1105,222,20.09,0.718,2.578,9.959,12.538,78.93,0.9125,-0.0,401.5,0.0,332,401.5,26.232,19.33,"[339.12, 352.92, 342.48, 332, 388.83, 401.5]","[2, 2, 2, 2, 3, 2]",13
assembly_1,6,0.8,subgraph_mip,diverse,200,343,1105,904,81.81,0.718,0.228,239.163,239.39,4.13,0.9125,-0.0,401.5,0.0,332,401.5,26.232,19.33,"[339.12, 352.92, 342.48, 332, 388.83, 401.5]","[2, 2, 2, 2, 3, 2]",13
assembly_1,6,0.8,subgraph_mip,edge_weight,500,343,1105,108,9.77,0.718,1.463,2.778,4.241,233.35,0.9125,-0.0,401.5,0.0,332,401.5,26.232,19.33,"[339.12, 352.92, 342.48, 332, 388.83, 401.5]","[2, 2, 2, 2, 3, 2]",13
assembly_1,6,0.8,subgraph_mip,time_balanced_weight,500,343,1105,395,35.75,0.718,1.637,29.705,31.342,31.57,0.9556,4.72,408,1.62,244.92,408,55.82,45.37,"[244.92, 339.12, 408, 376.48, 386.83, 401.5]","[1, 2, 2, 3, 3, 2]",13
assembly_1,6,0.8,subgraph_mip,combined,500,343,1105,451,40.81,0.718,2.996,43.488,46.484,21.29,0.9125,-0.0,401.5,0.0,332,401.5,26.232,19.33,"[339.12, 352.92, 342.48, 332, 388.83, 401.5]","[2, 2, 2, 2, 3, 2]",13
assembly_1,6,0.8,subgraph_mip,blended,500,343,1105,193,17.47,0.718,1.747,8.161,9.908,99.88,0.9196,0.77,401.5,0.0,336.2,401.5,22.849,18.17,"[336.2, 376.48, 350.63, 401.5, 339.12, 352.92]","[2, 3, 2, 2, 2, 2]",13
assembly_1,6,0.8,subgraph_mip,blended_union,500,343,1105,268,24.25,0.718,4.845,18.886,23.731,41.7,0.9125,-0.0,401.5,0.0,332,401.5,26.232,19.33,"[339.12, 352.92, 342.48, 332, 388.83, 401.5]","[2, 2, 2, 2, 3, 2]",13
assembly_1,6,0.8,subgraph_mip,diverse,500,343,1105,1044,94.48,0.718,0.436,650.056,650.492,1.52,0.9125,-0.0,401.5,0.0,332,401.5,26.232,19.33,"[339.12, 352.92, 342.48, 332, 388.83, 401.5]","[2, 2, 2, 2, 3, 2]",13
assembly_1,6,0.8,subgraph_mip,edge_weight,1000,343,1105,142,12.85,0.718,2.657,5.268,7.925,124.87,0.9125,0.0,401.5,0.0,332,401.5,26.232,19.33,"[339.12, 352.92, 342.48, 332, 388.83, 401.5]","[2, 2, 2, 2, 3, 2]",13
assembly_1,6,0.8,subgraph_mip,time_balanced_weight,1000,343,1105,471,42.62,0.718,3.341,72.925,76.267,12.98,0.9556,4.72,408,1.62,244.92,408,55.82,45.37,"[244.92, 339.12, 408, 376.48, 386.83, 401.5]","[1, 2, 2, 3, 3, 2]",13
assembly_1,6,0.8,subgraph_mip,combined,1000,343,1105,546,49.41,0.718,6.095,93.951,100.046,9.89,0.9125,-0.0,401.5,0.0,332,401.5,26.232,19.33,"[339.12, 352.92, 342.48, 332, 388.83, 401.5]","[2, 2, 2, 2, 3, 2]",13
assembly_1,6,0.8,subgraph_mip,blended,1000,343,1105,245,22.17,0.718,3.45,6.283,9.733,101.67,0.9196,0.77,401.5,0.0,336.2,401.5,22.849,18.17,"[336.2, 376.48, 350.63, 401.5, 339.12, 352.92]","[2, 3, 2, 2, 2, 2]",13
assembly_1,6,0.8,subgraph_mip,blended_union,1000,343,1105,328,29.68,0.718,10.109,25.6,35.709,27.71,0.9125,-0.0,401.5,0.0,332,401.5,26.232,19.33,"[339.12, 352.92, 342.48, 332, 388.83, 401.5]","[2, 2, 2, 2, 3, 2]",13
assembly_1,6,0.8,subgraph_mip,diverse,1000,343,1105,1095,99.1,0.718,0.908,599.782,600.69,1.65,0.9125,-0.0,401.5,0.0,332,401.5,26.232,19.33,"[339.12, 352.92, 342.48, 332, 388.83, 401.5]","[2, 2, 2, 2, 3, 2]",13
assembly_1,6,0.8,subgraph_mip,edge_weight,2000,343,1105,185,16.74,0.718,5.101,5.146,10.246,96.58,0.9125,-0.0,401.5,0.0,332,401.5,26.232,19.33,"[339.12, 352.92, 342.48, 332, 388.83, 401.5]","[2, 2, 2, 2, 3, 2]",13
assembly_1,6,0.8,subgraph_mip,time_balanced_weight,2000,343,1105,617,55.84,0.718,4.974,120.725,125.7,7.87,0.9455,3.62,401.5,0.0,332,401.5,26.232,19.33,"[339.12, 352.92, 342.48, 332, 388.83, 401.5]","[2, 2, 2, 2, 3, 2]",13
assembly_1,6,0.8,subgraph_mip,combined,2000,343,1105,666,60.27,0.718,9.733,71.191,80.924,12.23,0.9125,-0.0,401.5,0.0,332,401.5,26.232,19.33,"[339.12, 352.92, 342.48, 332, 388.83, 401.5]","[2, 2, 2, 2, 3, 2]",13
assembly_1,6,0.8,subgraph_mip,blended,2000,343,1105,325,29.41,0.718,5.571,6.088,11.659,84.87,0.9196,0.77,401.5,0.0,336.2,401.5,22.849,18.17,"[336.2, 376.48, 350.63, 401.5, 339.12, 352.92]","[2, 3, 2, 2, 2, 2]",13
assembly_1,6,0.8,subgraph_mip,blended_union,2000,343,1105,423,38.28,0.718,16.188,23.747,39.935,24.78,0.9125,-0.0,401.5,0.0,332,401.5,26.232,19.33,"[339.12, 352.92, 342.48, 332, 388.83, 401.5]","[2, 2, 2, 2, 3, 2]",13
assembly_1,6,0.8,subgraph_mip,diverse,2000,343,1105,1105,100.0,0.718,1.249,502.344,503.593,1.97,0.9125,0.0,401.5,0.0,332,401.5,26.232,19.33,"[339.12, 352.92, 342.48, 332, 388.83, 401.5]","[2, 2, 2, 2, 3, 2]",13
assembly_1,6,0.8,subgraph_mip,edge_weight,5000,343,1105,232,21.0,0.718,17.644,12.708,30.352,32.6,0.9125,-0.0,401.5,0.0,332,401.5,26.232,19.33,"[339.12, 352.92, 342.48, 332, 388.83, 401.5]","[2, 2, 2, 2, 3, 2]",13
assembly_1,6,0.8,subgraph_mip,time_balanced_weight,5000,343,1105,768,69.5,0.718,16.532,202.243,218.775,4.52,0.9442,3.47,401.5,0.0,332,401.5,26.232,19.33,"[339.12, 352.92, 342.48, 332, 388.83, 401.5]","[2, 2, 2, 2, 3, 2]",13
assembly_1,6,0.8,subgraph_mip,combined,5000,343,1105,809,73.21,0.718,34.571,208.521,243.093,4.07,0.9125,-0.0,401.5,0.0,332,401.5,26.232,19.33,"[339.12, 352.92, 342.48, 332, 388.83, 401.5]","[2, 2, 2, 2, 3, 2]",13
assembly_1,6,0.8,subgraph_mip,blended,5000,343,1105,391,35.38,0.718,19.051,15.552,34.603,28.6,0.9196,0.77,401.5,0.0,336.2,401.5,22.849,18.17,"[336.2, 376.48, 350.63, 401.5, 339.12, 352.92]","[2, 3, 2, 2, 2, 2]",13
assembly_1,6,0.8,subgraph_mip,blended_union,5000,343,1105,532,48.14,0.718,57.542,40.425,97.968,10.1,0.9125,-0.0,401.5,0.0,332,401.5,26.232,19.33,"[339.12, 352.92, 342.48, 332, 388.83, 401.5]","[2, 2, 2, 2, 3, 2]",13
assembly_1,6,0.8,subgraph_mip,diverse,5000,343,1105,1105,100.0,0.718,3.034,399.039,402.073,2.46,0.9125,0.0,401.5,0.0,332,401.5,26.232,19.33,"[339.12, 352.92, 342.48, 332, 388.83, 401.5]","[2, 2, 2, 2, 3, 2]",13
assembly_1,6,0.85,full_mip,—,,343,1105,1105,100.0,0.417,0.0,829.899,829.899,1.0,0.917,0.0,401.5,0.0,332,401.5,26.232,19.33,"[339.12, 352.92, 342.48, 332, 388.83, 401.5]","[2, 2, 2, 2, 3, 2]",13
assembly_1,6,0.85,subgraph_mip,edge_weight,1,343,1105,13,1.18,0.417,0.002,0.396,0.398,2085.75,1.0791,17.68,484.48,20.67,244.92,484.48,86.653,66.64,"[339.12, 244.92, 408, 484.48, 420.13, 260.2]","[2, 1, 2, 4, 2, 2]",13
assembly_1,6,0.85,subgraph_mip,time_balanced_weight,1,343,1105,13,1.18,0.417,0.001,1.933,1.934,429.17,1.0506,14.57,444.83,10.79,242,444.83,83.119,56.42,"[242, 244.92, 410.92, 444.83, 412.68, 401.5]","[1, 1, 2, 3, 4, 2]",13
assembly_1,6,0.85,subgraph_mip,combined,1,343,1105,26,2.35,0.417,0.002,1.519,1.521,545.59,1.0506,14.57,444.83,10.79,242,444.83,83.119,56.42,"[242, 244.92, 410.92, 444.83, 412.68, 401.5]","[1, 1, 2, 3, 4, 2]",13
assembly_1,6,0.85,subgraph_mip,blended,1,343,1105,13,1.18,0.417,0.001,0.228,0.229,3625.06,0.9795,6.82,401.5,0.0,336.2,401.5,20.212,18.17,"[350.63, 401.5, 336.2, 354.92, 352.92, 360.68]","[2, 2, 2, 2, 2, 3]",13
assembly_1,6,0.85,subgraph_mip,blended_union,1,343,1105,36,3.26,0.417,0.013,0.538,0.551,1507.04,0.9334,1.79,408,1.62,339.12,408,23.512,19.16,"[339.12, 408, 345.4, 350.63, 345.5, 368.2]","[2, 2, 2, 2, 2, 3]",13
assembly_1,6,0.85,subgraph_mip,diverse,1,343,1105,13,1.18,0.417,0.004,0.197,0.201,4127.06,0.9795,6.82,401.5,0.0,336.2,401.5,20.212,18.17,"[350.63, 401.5, 336.2, 354.92, 352.92, 360.68]","[2, 2, 2, 2, 2, 3]",13
assembly_1,6,0.85,subgraph_mip,edge_weight,2,343,1105,15,1.36,0.417,0.004,0.893,0.897,925.42,1.0791,17.68,484.48,20.67,244.92,484.48,86.653,66.64,"[339.12, 244.92, 408, 484.48, 420.13, 260.2]","[2, 1, 2, 4, 2, 2]",13
assembly_1,6,0.85,subgraph_mip,time_balanced_weight,2,343,1105,15,1.36,0.417,0.005,2.61,2.615,317.32,1.0492,14.42,444.83,10.79,242,444.83,83.119,56.42,"[244.92, 242, 410.92, 444.83, 412.68, 401.5]","[1, 1, 2, 3, 4, 2]",13
assembly_1,6,0.85,subgraph_mip,combined,2,343,1105,30,2.71,0.417,0.016,1.046,1.062,781.5,1.0492,14.42,444.83,10.79,242,444.83,83.119,56.42,"[244.92, 242, 410.92, 444.83, 412.68, 401.5]","[1, 1, 2, 3, 4, 2]",13
assembly_1,6,0.85,subgraph_mip,blended,2,343,1105,15,1.36,0.417,0.011,2.331,2.342,354.37,0.9795,6.82,401.5,0.0,336.2,401.5,20.212,18.17,"[350.63, 401.5, 336.2, 354.92, 352.92, 360.68]","[2, 2, 2, 2, 2, 3]",13
assembly_1,6,0.85,subgraph_mip,blended_union,2,343,1105,42,3.8,0.417,0.044,1.252,1.296,640.18,0.9334,1.79,408,1.62,339.12,408,23.512,19.16,"[339.12, 408, 345.4, 350.63, 345.5, 368.2]","[2, 2, 2, 2, 2, 3]",13
assembly_1,6,0.85,subgraph_mip,diverse,2,343,1105,26,2.35,0.417,0.006,0.572,0.578,1435.81,0.9603,4.73,408,1.62,339.12,408,22.682,19.16,"[352.92, 339.12, 408, 350.63, 345.5, 360.68]","[2, 2, 2, 2, 2, 3]",13
assembly_1,6,0.85,subgraph_mip,edge_weight,5,343,1105,21,1.9,0.417,0.013,1.041,1.054,787.62,1.0791,17.68,484.48,20.67,244.92,484.48,86.653,66.64,"[339.12, 244.92, 408, 484.48, 420.13, 260.2]","[2, 1, 2, 4, 2, 2]",13
assembly_1,6,0.85,subgraph_mip,time_balanced_weight,5,343,1105,42,3.8,0.417,0.017,4.116,4.133,200.8,0.9829,7.19,408,1.62,244.92,408,56.151,45.37,"[244.92, 408, 350.63, 398.88, 352.92, 401.5]","[1, 2, 2, 4, 2, 2]",13
assembly_1,6,0.85,subgraph_mip,combined,5,343,1105,62,5.61,0.417,0.038,1.426,1.463,567.1,0.9829,7.19,408,1.62,244.92,408,56.151,45.37,"[244.92, 408, 350.63, 398.88, 352.92, 401.5]","[1, 2, 2, 4, 2, 2]",13
assembly_1,6,0.85,subgraph_mip,blended,5,343,1105,21,1.9,0.417,0.037,0.762,0.799,1038.7,0.9795,6.82,401.5,0.0,336.2,401.5,20.212,18.17,"[350.63, 401.5, 336.2, 354.92, 352.92, 360.68]","[2, 2, 2, 2, 2, 3]",13
assembly_1,6,0.85,subgraph_mip,blended_union,5,343,1105,60,5.43,0.417,0.051,1.949,2.0,415.0,0.9334,1.79,408,1.62,339.12,408,23.512,19.16,"[339.12, 408, 345.4, 350.63, 345.5, 368.2]","[2, 2, 2, 2, 2, 3]",13
assembly_1,6,0.85,subgraph_mip,diverse,5,343,1105,65,5.88,0.417,0.006,1.329,1.335,621.58,0.9336,1.81,408,1.62,339.12,408,23.512,19.16,"[339.12, 408, 345.4, 350.63, 345.5, 368.2]","[2, 2, 2, 2, 2, 3]",13
assembly_1,6,0.85,subgraph_mip,edge_weight,10,343,1105,24,2.17,0.417,0.027,1.145,1.172,708.2,1.0791,17.68,484.48,20.67,244.92,484.48,86.653,66.64,"[339.12, 244.92, 408, 484.48, 420.13, 260.2]","[2, 1, 2, 4, 2, 2]",13
assembly_1,6,0.85,subgraph_mip,time_balanced_weight,10,343,1105,59,5.34,0.417,0.036,0.913,0.949,874.36,0.9829,7.19,408,1.62,244.92,408,56.151,45.37,"[244.92, 408, 350.63, 398.88, 352.92, 401.5]","[1, 2, 2, 4, 2, 2]",13
assembly_1,6,0.85,subgraph_mip,combined,10,343,1105,82,7.42,0.417,0.122,2.255,2.377,349.2,0.9829,7.19,408,1.62,244.92,408,56.151,45.37,"[244.92, 408, 350.63, 398.88, 352.92, 401.5]","[1, 2, 2, 4, 2, 2]",13
assembly_1,6,0.85,subgraph_mip,blended,10,343,1105,24,2.17,0.417,0.067,0.938,1.006,825.07,0.9795,6.82,401.5,0.0,336.2,401.5,20.212,18.17,"[350.63, 401.5, 336.2, 354.92, 352.92, 360.68]","[2, 2, 2, 2, 2, 3]",13
assembly_1,6,0.85,subgraph_mip,blended_union,10,343,1105,68,6.15,0.417,0.162,3.125,3.287,252.48,0.9334,1.79,408,1.62,339.12,408,23.512,19.16,"[339.12, 408, 345.4, 350.63, 345.5, 368.2]","[2, 2, 2, 2, 2, 3]",13
assembly_1,6,0.85,subgraph_mip,diverse,10,343,1105,126,11.4,0.417,0.009,2.563,2.572,322.68,0.9334,1.79,408,1.62,339.12,408,23.512,19.16,"[339.12, 408, 345.4, 350.63, 345.5, 368.2]","[2, 2, 2, 2, 2, 3]",13
assembly_1,6,0.85,subgraph_mip,edge_weight,20,343,1105,35,3.17,0.417,0.097,2.745,2.842,291.97,0.9287,1.28,408,1.62,244.92,408,55.757,45.37,"[339.12, 244.92, 408, 384, 379.31, 401.5]","[2, 1, 2, 3, 3, 2]",13
assembly_1,6,0.85,subgraph_mip,time_balanced_weight,20,343,1105,74,6.7,0.417,0.084,2.204,2.288,362.78,0.9607,4.77,408,1.62,304.68,408,35.728,28.74,"[339.12, 408, 350.63, 304.68, 352.92, 401.5]","[2, 2, 2, 3, 2, 2]",13
assembly_1,6,0.85,subgraph_mip,combined,20,343,1105,107,9.68,0.417,0.189,2.82,3.009,275.79,0.9287,1.28,408,1.62,244.92,408,55.757,45.37,"[339.12, 244.92, 408, 384, 379.31, 401.5]","[2, 1, 2, 3, 3, 2]",13
assembly_1,6,0.85,subgraph_mip,blended,20,343,1105,26,2.35,0.417,0.083,0.711,0.795,1044.11,0.9795,6.82,401.5,0.0,336.2,401.5,20.212,18.17,"[350.63, 401.5, 336.2, 354.92, 352.92, 360.68]","[2, 2, 2, 2, 2, 3]",13
assembly_1,6,0.85,subgraph_mip,blended_union,20,343,1105,78,7.06,0.417,0.186,2.266,2.452,338.46,0.9287,1.28,408,1.62,244.92,408,55.757,45.37,"[339.12, 244.92, 408, 384, 379.31, 401.5]","[2, 1, 2, 3, 3, 2]",13
assembly_1,6,0.85,subgraph_mip,diverse,20,343,1105,235,21.27,0.417,0.035,14.948,14.983,55.39,0.9317,1.61,408,1.62,339.12,408,22.82,19.16,"[339.12, 408, 354.92, 350.63, 343.5, 360.68]","[2, 2, 2, 2, 2, 3]",13
assembly_1,6,0.85,subgraph_mip,edge_weight,50,343,1105,54,4.89,0.417,0.196,1.055,1.251,663.42,0.9287,1.28,408,1.62,244.92,408,55.757,45.37,"[339.12, 244.92, 408, 384, 379.31, 401.5]","[2, 1, 2, 3, 3, 2]",13
assembly_1,6,0.85,subgraph_mip,time_balanced_weight,50,343,1105,140,12.67,0.417,0.235,6.133,6.368,130.31,0.9606,4.76,408,1.62,304.68,408,35.728,28.74,"[339.12, 408, 350.63, 304.68, 401.5, 352.92]","[2, 2, 2, 3, 2, 2]",13
assembly_1,6,0.85,subgraph_mip,combined,50,343,1105,188,17.01,0.417,0.473,10.427,10.9,76.14,0.9287,1.28,408,1.62,244.92,408,55.757,45.37,"[339.12, 244.92, 408, 384, 379.31, 401.5]","[2, 1, 2, 3, 3, 2]",13
assembly_1,6,0.85,subgraph_mip,blended,50,343,1105,58,5.25,0.417,0.26,1.176,1.436,577.87,0.9795,6.82,401.5,0.0,336.2,401.5,20.212,18.17,"[350.63, 401.5, 336.2, 354.92, 352.92, 360.68]","[2, 2, 2, 2, 2, 3]",13
assembly_1,6,0.85,subgraph_mip,blended_union,50,343,1105,112,10.14,0.417,0.652,3.915,4.567,181.73,0.9287,1.28,408,1.62,244.92,408,55.757,45.37,"[339.12, 244.92, 408, 384, 379.31, 401.5]","[2, 1, 2, 3, 3, 2]",13
assembly_1,6,0.85,subgraph_mip,diverse,50,343,1105,500,45.25,0.417,0.057,77.258,77.316,10.73,0.9234,0.7,401.5,0.0,336.2,401.5,22.849,18.17,"[336.2, 376.48, 350.63, 339.12, 401.5, 352.92]","[2, 3, 2, 2, 2, 2]",13
assembly_1,6,0.85,subgraph_mip,edge_weight,100,343,1105,78,7.06,0.417,0.389,1.748,2.137,388.36,0.9287,1.28,408,1.62,244.92,408,55.757,45.37,"[339.12, 244.92, 408, 384, 379.31, 401.5]","[2, 1, 2, 3, 3, 2]",13
assembly_1,6,0.85,subgraph_mip,time_balanced_weight,100,343,1105,202,18.28,0.417,0.441,25.46,25.901,32.04,0.9555,4.2,408,1.62,329.7,408,25.754,21.78,"[339.12, 408, 354.92, 350.63, 329.7, 374.48]","[2, 2, 2, 2, 2, 3]",13
assembly_1,6,0.85,subgraph_mip,combined,100,343,1105,262,23.71,0.417,0.946,19.706,20.652,40.18,0.9287,1.28,408,1.62,244.92,408,55.757,45.37,"[339.12, 244.92, 408, 384, 379.31, 401.5]","[2, 1, 2, 3, 3, 2]",13
assembly_1,6,0.85,subgraph_mip,blended,100,343,1105,72,6.52,0.417,0.426,2.115,2.541,326.58,0.9795,6.82,401.5,0.0,336.2,401.5,20.212,18.17,"[350.63, 401.5, 336.2, 354.92, 352.92, 360.68]","[2, 2, 2, 2, 2, 3]",13
assembly_1,6,0.85,subgraph_mip,blended_union,100,343,1105,155,14.03,0.417,1.358,4.965,6.323,131.25,0.9223,0.58,401.5,0.0,336.2,401.5,22.849,18.17,"[336.2, 376.48, 350.63, 401.5, 339.12, 352.92]","[2, 3, 2, 2, 2, 2]",13
assembly_1,6,0.85,subgraph_mip,diverse,100,343,1105,738,66.79,0.417,0.099,227.942,228.042,3.64,0.918,0.11,401.5,0.0,332,401.5,26.232,19.33,"[339.12, 352.92, 342.48, 332, 388.83, 401.5]","[2, 2, 2, 2, 3, 2]",13
assembly_1,6,0.85,subgraph_mip,edge_weight,200,343,1105,95,8.6,0.417,0.657,2.665,3.322,249.8,0.917,-0.0,401.5,0.0,332,401.5,26.232,19.33,"[339.12, 352.92, 342.48, 332, 388.83, 401.5]","[2, 2, 2, 2, 3, 2]",13
assembly_1,6,0.85,subgraph_mip,time_balanced_weight,200,343,1105,254,22.99,0.417,0.744,15.349,16.093,51.57,0.9555,4.2,408,1.62,329.7,408,25.754,21.78,"[339.12, 408, 354.92, 350.63, 329.7, 374.48]","[2, 2, 2, 2, 2, 3]",13
assembly_1,6,0.85,subgraph_mip,combined,200,343,1105,327,29.59,0.417,1.445,25.521,26.966,30.78,0.917,-0.0,401.5,0.0,332,401.5,26.232,19.33,"[339.12, 352.92, 342.48, 332, 388.83, 401.5]","[2, 2, 2, 2, 3, 2]",13
assembly_1,6,0.85,subgraph_mip,blended,200,343,1105,121,10.95,0.417,0.789,7.671,8.46,98.09,0.9352,1.99,408,1.62,339.12,408,22.682,19.16,"[339.12, 408, 350.63, 345.5, 352.92, 360.68]","[2, 2, 2, 2, 2, 3]",13
assembly_1,6,0.85,subgraph_mip,blended_union,200,343,1105,222,20.09,0.417,2.116,6.217,8.333,99.59,0.917,-0.0,401.5,0.0,332,401.5,26.232,19.33,"[339.12, 352.92, 342.48, 332, 388.83, 401.5]","[2, 2, 2, 2, 3, 2]",13
assembly_1,6,0.85,subgraph_mip,diverse,200,343,1105,899,81.36,0.417,0.169,304.342,304.511,2.73,0.918,0.11,401.5,0.0,332,401.5,26.232,19.33,"[339.12, 352.92, 342.48, 332, 388.83, 401.5]","[2, 2, 2, 2, 3, 2]",13
assembly_1,6,0.85,subgraph_mip,edge_weight,500,343,1105,108,9.77,0.417,1.523,2.46,3.984,208.32,0.917,-0.0,401.5,0.0,332,401.5,26.232,19.33,"[339.12, 352.92, 342.48, 332, 388.83, 401.5]","[2, 2, 2, 2, 3, 2]",13
assembly_1,6,0.85,subgraph_mip,time_balanced_weight,500,343,1105,395,35.75,0.417,1.727,51.153,52.88,15.69,0.953,3.93,408,1.62,244.92,408,55.82,45.37,"[339.12, 244.92, 408, 376.48, 386.83, 401.5]","[2, 1, 2, 3, 3, 2]",13
assembly_1,6,0.85,subgraph_mip,combined,500,343,1105,451,40.81,0.417,2.948,36.896,39.844,20.83,0.917,-0.0,401.5,0.0,332,401.5,26.232,19.33,"[339.12, 352.92, 342.48, 332, 388.83, 401.5]","[2, 2, 2, 2, 3, 2]",13
assembly_1,6,0.85,subgraph_mip,blended,500,343,1105,168,15.2,0.417,1.805,4.919,6.724,123.42,0.9334,1.79,408,1.62,339.12,408,23.512,19.16,"[339.12, 408, 345.4, 350.63, 345.5, 368.2]","[2, 2, 2, 2, 2, 3]",13
assembly_1,6,0.85,subgraph_mip,blended_union,500,343,1105,268,24.25,0.417,4.877,24.012,28.889,28.73,0.917,-0.0,401.5,0.0,332,401.5,26.232,19.33,"[339.12, 352.92, 342.48, 332, 388.83, 401.5]","[2, 2, 2, 2, 3, 2]",13
assembly_1,6,0.85,subgraph_mip,diverse,500,343,1105,1043,94.39,0.417,0.466,472.962,473.427,1.75,0.917,-0.0,401.5,0.0,332,401.5,26.232,19.33,"[339.12, 352.92, 342.48, 332, 388.83, 401.5]","[2, 2, 2, 2, 3, 2]",13
assembly_1,6,0.85,subgraph_mip,edge_weight,1000,343,1105,142,12.85,0.417,2.408,2.968,5.376,154.37,0.917,-0.0,401.5,0.0,332,401.5,26.232,19.33,"[339.12, 352.92, 342.48, 332, 388.83, 401.5]","[2, 2, 2, 2, 3, 2]",13
assembly_1,6,0.85,subgraph_mip,time_balanced_weight,1000,343,1105,471,42.62,0.417,2.848,62.869,65.717,12.63,0.953,3.93,408,1.62,244.92,408,55.82,45.37,"[244.92, 339.12, 408, 376.48, 386.83, 401.5]","[1, 2, 2, 3, 3, 2]",13
assembly_1,6,0.85,subgraph_mip,combined,1000,343,1105,546,49.41,0.417,5.325,96.939,102.264,8.12,0.917,-0.0,401.5,0.0,332,401.5,26.232,19.33,"[339.12, 352.92, 342.48, 332, 388.83, 401.5]","[2, 2, 2, 2, 3, 2]",13
assembly_1,6,0.85,subgraph_mip,blended,1000,343,1105,243,21.99,0.417,2.956,8.979,11.934,69.54,0.9223,0.58,401.5,0.0,336.2,401.5,22.849,18.17,"[336.2, 376.48, 350.63, 401.5, 339.12, 352.92]","[2, 3, 2, 2, 2, 2]",13
assembly_1,6,0.85,subgraph_mip,blended_union,1000,343,1105,328,29.68,0.417,8.577,17.434,26.011,31.91,0.917,-0.0,401.5,0.0,332,401.5,26.232,19.33,"[339.12, 352.92, 342.48, 332, 388.83, 401.5]","[2, 2, 2, 2, 3, 2]",13
assembly_1,6,0.85,subgraph_mip,diverse,1000,343,1105,1096,99.19,0.417,0.782,422.981,423.763,1.96,0.917,-0.0,401.5,0.0,332,401.5,26.232,19.33,"[339.12, 352.92, 342.48, 332, 388.83, 401.5]","[2, 2, 2, 2, 3, 2]",13
assembly_1,6,0.85,subgraph_mip,edge_weight,2000,343,1105,185,16.74,0.417,4.829,4.592,9.42,88.1,0.917,-0.0,401.5,0.0,332,401.5,26.232,19.33,"[339.12, 352.92, 342.48, 332, 388.83, 401.5]","[2, 2, 2, 2, 3, 2]",13
assembly_1,6,0.85,subgraph_mip,time_balanced_weight,2000,343,1105,617,55.84,0.417,5.04,119.343,124.384,6.67,0.9417,2.7,401.5,0.0,332,401.5,26.232,19.33,"[339.12, 352.92, 342.48, 332, 388.83, 401.5]","[2, 2, 2, 2, 3, 2]",13
assembly_1,6,0.85,subgraph_mip,combined,2000,343,1105,666,60.27,0.417,9.796,174.387,184.182,4.51,0.917,-0.0,401.5,0.0,332,401.5,26.232,19.33,"[339.12, 352.92, 342.48, 332, 388.83, 401.5]","[2, 2, 2, 2, 3, 2]",13
assembly_1,6,0.85,subgraph_mip,blended,2000,343,1105,308,27.87,0.417,5.768,7.306,13.073,63.48,0.9223,0.58,401.5,0.0,336.2,401.5,22.849,18.17,"[336.2, 376.48, 350.63, 401.5, 339.12, 352.92]","[2, 3, 2, 2, 2, 2]",13
assembly_1,6,0.85,subgraph_mip,blended_union,2000,343,1105,423,38.28,0.417,16.574,28.243,44.817,18.52,0.917,-0.0,401.5,0.0,332,401.5,26.232,19.33,"[339.12, 352.92, 342.48, 332, 388.83, 401.5]","[2, 2, 2, 2, 3, 2]",13
assembly_1,6,0.85,subgraph_mip,diverse,2000,343,1105,1105,100.0,0.417,1.237,425.063,426.301,1.95,0.917,0.0,401.5,0.0,332,401.5,26.232,19.33,"[339.12, 352.92, 342.48, 332, 388.83, 401.5]","[2, 2, 2, 2, 3, 2]",13
assembly_1,6,0.85,subgraph_mip,edge_weight,5000,343,1105,232,21.0,0.417,17.603,8.046,25.648,32.36,0.917,-0.0,401.5,0.0,332,401.5,26.232,19.33,"[339.12, 352.92, 342.48, 332, 388.83, 401.5]","[2, 2, 2, 2, 3, 2]",13
assembly_1,6,0.85,subgraph_mip,time_balanced_weight,5000,343,1105,768,69.5,0.417,16.585,132.732,149.316,5.56,0.9407,2.59,401.5,0.0,332,401.5,26.232,19.33,"[339.12, 352.92, 342.48, 332, 388.83, 401.5]","[2, 2, 2, 2, 3, 2]",13
assembly_1,6,0.85,subgraph_mip,combined,5000,343,1105,809,73.21,0.417,34.224,67.048,101.272,8.19,0.917,-0.0,401.5,0.0,332,401.5,26.232,19.33,"[339.12, 352.92, 342.48, 332, 388.83, 401.5]","[2, 2, 2, 2, 3, 2]",13
assembly_1,6,0.85,subgraph_mip,blended,5000,343,1105,378,34.21,0.417,19.176,11.251,30.427,27.28,0.9223,0.58,401.5,0.0,336.2,401.5,22.849,18.17,"[336.2, 376.48, 350.63, 401.5, 339.12, 352.92]","[2, 3, 2, 2, 2, 2]",13
assembly_1,6,0.85,subgraph_mip,blended_union,5000,343,1105,532,48.14,0.417,58.988,52.581,111.569,7.44,0.917,-0.0,401.5,0.0,332,401.5,26.232,19.33,"[339.12, 352.92, 342.48, 332, 388.83, 401.5]","[2, 2, 2, 2, 3, 2]",13
assembly_1,6,0.85,subgraph_mip,diverse,5000,343,1105,1105,100.0,0.417,3.069,357.824,360.893,2.3,0.917,0.0,401.5,0.0,332,401.5,26.232,19.33,"[339.12, 352.92, 342.48, 332, 388.83, 401.5]","[2, 2, 2, 2, 3, 2]",13
assembly_1,6,0.9,full_mip,—,,343,1105,1105,100.0,0.539,0.0,613.214,613.214,1.0,0.9214,0.0,401.5,0.0,332,401.5,26.232,19.33,"[339.12, 352.92, 342.48, 332, 388.83, 401.5]","[2, 2, 2, 2, 3, 2]",13
assembly_1,6,0.9,subgraph_mip,edge_weight,1,343,1105,13,1.18,0.539,0.004,0.395,0.399,1537.37,1.0936,18.69,484.48,20.67,244.92,484.48,86.653,66.64,"[339.12, 244.92, 408, 484.48, 420.13, 260.2]","[2, 1, 2, 4, 2, 2]",13
assembly_1,6,0.9,subgraph_mip,time_balanced_weight,1,343,1105,13,1.18,0.539,0.002,0.756,0.758,808.96,1.044,13.3,444.83,10.79,242,444.83,83.119,56.42,"[242, 244.92, 410.92, 444.83, 412.68, 401.5]","[1, 1, 2, 3, 4, 2]",13
assembly_1,6,0.9,subgraph_mip,combined,1,343,1105,26,2.35,0.539,0.002,0.402,0.404,1518.8,1.044,13.3,444.83,10.79,242,444.83,83.119,56.42,"[242, 244.92, 410.92, 444.83, 412.68, 401.5]","[1, 1, 2, 3, 4, 2]",13
assembly_1,6,0.9,subgraph_mip,blended,1,343,1105,13,1.18,0.539,0.001,0.713,0.714,858.43,0.9631,4.53,401.5,0.0,336.2,401.5,20.212,18.17,"[350.63, 401.5, 336.2, 354.92, 352.92, 360.68]","[2, 2, 2, 2, 2, 3]",13
assembly_1,6,0.9,subgraph_mip,blended_union,1,343,1105,36,3.26,0.539,0.012,1.166,1.178,520.72,0.9374,1.73,408,1.62,339.12,408,23.512,19.16,"[339.12, 408, 345.4, 350.63, 345.5, 368.2]","[2, 2, 2, 2, 2, 3]",13
assembly_1,6,0.9,subgraph_mip,diverse,1,343,1105,13,1.18,0.539,0.004,0.697,0.701,874.62,0.9631,4.53,401.5,0.0,336.2,401.5,20.212,18.17,"[350.63, 401.5, 336.2, 354.92, 352.92, 360.68]","[2, 2, 2, 2, 2, 3]",13
assembly_1,6,0.9,subgraph_mip,edge_weight,2,343,1105,15,1.36,0.539,0.01,0.915,0.924,663.62,1.0936,18.69,484.48,20.67,244.92,484.48,86.653,66.64,"[339.12, 244.92, 408, 484.48, 420.13, 260.2]","[2, 1, 2, 4, 2, 2]",13
assembly_1,6,0.9,subgraph_mip,time_balanced_weight,2,343,1105,15,1.36,0.539,0.011,2.096,2.107,291.04,1.043,13.2,444.83,10.79,242,444.83,83.119,56.42,"[244.92, 242, 410.92, 444.83, 412.68, 401.5]","[1, 1, 2, 3, 4, 2]",13
assembly_1,6,0.9,subgraph_mip,combined,2,343,1105,30,2.71,0.539,0.011,2.76,2.771,221.28,1.043,13.2,444.83,10.79,242,444.83,83.119,56.42,"[244.92, 242, 410.92, 444.83, 412.68, 401.5]","[1, 1, 2, 3, 4, 2]",13
assembly_1,6,0.9,subgraph_mip,blended,2,343,1105,15,1.36,0.539,0.005,0.549,0.554,1106.52,0.9631,4.53,401.5,0.0,336.2,401.5,20.212,18.17,"[350.63, 401.5, 336.2, 354.92, 352.92, 360.68]","[2, 2, 2, 2, 2, 3]",13
assembly_1,6,0.9,subgraph_mip,blended_union,2,343,1105,42,3.8,0.539,0.021,1.053,1.074,570.97,0.9374,1.73,408,1.62,339.12,408,23.512,19.16,"[339.12, 408, 345.4, 350.63, 345.5, 368.2]","[2, 2, 2, 2, 2, 3]",13
assembly_1,6,0.9,subgraph_mip,diverse,2,343,1105,26,2.35,0.539,0.005,1.388,1.392,440.4,0.9631,4.53,401.5,0.0,336.2,401.5,20.212,18.17,"[350.63, 401.5, 336.2, 354.92, 352.92, 360.68]","[2, 2, 2, 2, 2, 3]",13
assembly_1,6,0.9,subgraph_mip,edge_weight,5,343,1105,21,1.9,0.539,0.013,1.011,1.023,599.21,1.0936,18.69,484.48,20.67,244.92,484.48,86.653,66.64,"[339.12, 244.92, 408, 484.48, 420.13, 260.2]","[2, 1, 2, 4, 2, 2]",13
assembly_1,6,0.9,subgraph_mip,time_balanced_weight,5,343,1105,42,3.8,0.539,0.017,2.496,2.513,244.04,0.9704,5.31,408,1.62,244.92,408,56.151,45.37,"[244.92, 408, 350.63, 398.88, 352.92, 401.5]","[1, 2, 2, 4, 2, 2]",13
assembly_1,6,0.9,subgraph_mip,combined,5,343,1105,62,5.61,0.539,0.059,1.298,1.357,451.79,0.9704,5.31,408,1.62,244.92,408,56.151,45.37,"[244.92, 408, 350.63, 398.88, 352.92, 401.5]","[1, 2, 2, 4, 2, 2]",13
assembly_1,6,0.9,subgraph_mip,blended,5,343,1105,21,1.9,0.539,0.027,0.258,0.286,2147.38,0.9631,4.53,401.5,0.0,336.2,401.5,20.212,18.17,"[350.63, 401.5, 336.2, 354.92, 352.92, 360.68]","[2, 2, 2, 2, 2, 3]",13
assembly_1,6,0.9,subgraph_mip,blended_union,5,343,1105,60,5.43,0.539,0.126,1.321,1.448,423.62,0.9374,1.73,408,1.62,339.12,408,23.512,19.16,"[339.12, 408, 345.4, 350.63, 345.5, 368.2]","[2, 2, 2, 2, 2, 3]",13
assembly_1,6,0.9,subgraph_mip,diverse,5,343,1105,65,5.88,0.539,0.016,2.247,2.264,270.91,0.9375,1.75,408,1.62,339.12,408,23.512,19.16,"[339.12, 408, 345.4, 350.63, 345.5, 368.2]","[2, 2, 2, 2, 2, 3]",13
assembly_1,6,0.9,subgraph_mip,edge_weight,10,343,1105,24,2.17,0.539,0.04,0.426,0.466,1315.03,1.0936,18.69,484.48,20.67,244.92,484.48,86.653,66.64,"[339.12, 244.92, 408, 484.48, 420.13, 260.2]","[2, 1, 2, 4, 2, 2]",13
assembly_1,6,0.9,subgraph_mip,time_balanced_weight,10,343,1105,59,5.34,0.539,0.054,1.571,1.625,377.45,0.9704,5.31,408,1.62,244.92,408,56.151,45.37,"[244.92, 408, 350.63, 398.88, 352.92, 401.5]","[1, 2, 2, 4, 2, 2]",13
assembly_1,6,0.9,subgraph_mip,combined,10,343,1105,82,7.42,0.539,0.09,2.615,2.704,226.75,0.9704,5.31,408,1.62,244.92,408,56.151,45.37,"[244.92, 408, 350.63, 398.88, 352.92, 401.5]","[1, 2, 2, 4, 2, 2]",13
assembly_1,6,0.9,subgraph_mip,blended,10,343,1105,24,2.17,0.539,0.063,0.991,1.054,581.91,0.9631,4.53,401.5,0.0,336.2,401.5,20.212,18.17,"[350.63, 401.5, 336.2, 354.92, 352.92, 360.68]","[2, 2, 2, 2, 2, 3]",13
assembly_1,6,0.9,subgraph_mip,blended_union,10,343,1105,68,6.15,0.539,0.128,1.721,1.848,331.75,0.9374,1.73,408,1.62,339.12,408,23.512,19.16,"[339.12, 408, 345.4, 350.63, 345.5, 368.2]","[2, 2, 2, 2, 2, 3]",13
assembly_1,6,0.9,subgraph_mip,diverse,10,343,1105,126,11.4,0.539,0.009,2.918,2.927,209.48,0.9374,1.73,408,1.62,339.12,408,23.512,19.16,"[339.12, 408, 345.4, 350.63, 345.5, 368.2]","[2, 2, 2, 2, 2, 3]",13
assembly_1,6,0.9,subgraph_mip,edge_weight,20,343,1105,35,3.17,0.539,0.066,1.172,1.238,495.39,0.9343,1.4,408,1.62,244.92,408,55.757,45.37,"[339.12, 244.92, 408, 384, 379.31, 401.5]","[2, 1, 2, 3, 3, 2]",13
assembly_1,6,0.9,subgraph_mip,time_balanced_weight,20,343,1105,74,6.7,0.539,0.088,2.273,2.361,259.73,0.9556,3.71,408,1.62,304.68,408,35.728,28.74,"[339.12, 408, 350.63, 304.68, 352.92, 401.5]","[2, 2, 2, 3, 2, 2]",13
assembly_1,6,0.9,subgraph_mip,combined,20,343,1105,107,9.68,0.539,0.183,2.623,2.806,218.53,0.9343,1.4,408,1.62,244.92,408,55.757,45.37,"[339.12, 244.92, 408, 384, 379.31, 401.5]","[2, 1, 2, 3, 3, 2]",13
assembly_1,6,0.9,subgraph_mip,blended,20,343,1105,26,2.35,0.539,0.11,1.083,1.193,513.94,0.9631,4.53,401.5,0.0,336.2,401.5,20.212,18.17,"[350.63, 401.5, 336.2, 354.92, 352.92, 360.68]","[2, 2, 2, 2, 2, 3]",13
assembly_1,6,0.9,subgraph_mip,blended_union,20,343,1105,78,7.06,0.539,0.27,1.996,2.266,270.59,0.9343,1.4,408,1.62,244.92,408,55.757,45.37,"[339.12, 244.92, 408, 384, 379.31, 401.5]","[2, 1, 2, 3, 3, 2]",13
assembly_1,6,0.9,subgraph_mip,diverse,20,343,1105,235,21.27,0.539,0.015,13.57,13.585,45.14,0.9361,1.59,408,1.62,339.12,408,22.82,19.16,"[339.12, 408, 354.92, 350.63, 343.5, 360.68]","[2, 2, 2, 2, 2, 3]",13
assembly_1,6,0.9,subgraph_mip,edge_weight,50,343,1105,54,4.89,0.539,0.209,2.285,2.494,245.85,0.9343,1.4,408,1.62,244.92,408,55.757,45.37,"[339.12, 244.92, 408, 384, 379.31, 401.5]","[2, 1, 2, 3, 3, 2]",13
assembly_1,6,0.9,subgraph_mip,time_balanced_weight,50,343,1105,140,12.67,0.539,0.257,4.773,5.03,121.91,0.9555,3.7,408,1.62,304.68,408,35.728,28.74,"[339.12, 408, 350.63, 304.68, 401.5, 352.92]","[2, 2, 2, 3, 2, 2]",13
assembly_1,6,0.9,subgraph_mip,combined,50,343,1105,188,17.01,0.539,0.489,7.624,8.113,75.58,0.9343,1.4,408,1.62,244.92,408,55.757,45.37,"[339.12, 244.92, 408, 384, 379.31, 401.5]","[2, 1, 2, 3, 3, 2]",13
assembly_1,6,0.9,subgraph_mip,blended,50,343,1105,56,5.07,0.539,0.305,2.089,2.394,256.12,0.9631,4.53,401.5,0.0,336.2,401.5,20.212,18.17,"[350.63, 401.5, 336.2, 354.92, 352.92, 360.68]","[2, 2, 2, 2, 2, 3]",13
assembly_1,6,0.9,subgraph_mip,blended_union,50,343,1105,112,10.14,0.539,0.666,3.289,3.955,155.05,0.9343,1.4,408,1.62,244.92,408,55.757,45.37,"[339.12, 244.92, 408, 384, 379.31, 401.5]","[2, 1, 2, 3, 3, 2]",13
assembly_1,6,0.9,subgraph_mip,diverse,50,343,1105,502,45.43,0.539,0.064,59.979,60.042,10.21,0.9257,0.46,401.5,0.0,336.2,401.5,22.849,18.17,"[336.2, 376.48, 350.63, 339.12, 401.5, 352.92]","[2, 3, 2, 2, 2, 2]",13
assembly_1,6,0.9,subgraph_mip,edge_weight,100,343,1105,78,7.06,0.539,0.401,3.07,3.471,176.67,0.9343,1.4,408,1.62,244.92,408,55.757,45.37,"[339.12, 244.92, 408, 384, 379.31, 401.5]","[2, 1, 2, 3, 3, 2]",13
assembly_1,6,0.9,subgraph_mip,time_balanced_weight,100,343,1105,202,18.28,0.539,0.449,14.433,14.882,41.21,0.9521,3.33,408,1.62,329.7,408,25.754,21.78,"[339.12, 408, 354.92, 350.63, 329.7, 374.48]","[2, 2, 2, 2, 2, 3]",13
assembly_1,6,0.9,subgraph_mip,combined,100,343,1105,262,23.71,0.539,0.968,31.228,32.196,19.05,0.9343,1.4,408,1.62,244.92,408,55.757,45.37,"[339.12, 244.92, 408, 384, 379.31, 401.5]","[2, 1, 2, 3, 3, 2]",13
assembly_1,6,0.9,subgraph_mip,blended,100,343,1105,72,6.52,0.539,0.492,1.871,2.363,259.47,0.9631,4.53,401.5,0.0,336.2,401.5,20.212,18.17,"[350.63, 401.5, 336.2, 354.92, 352.92, 360.68]","[2, 2, 2, 2, 2, 3]",13
assembly_1,6,0.9,subgraph_mip,blended_union,100,343,1105,155,14.03,0.539,1.377,6.808,8.184,74.93,0.9249,0.38,401.5,0.0,336.2,401.5,22.849,18.17,"[336.2, 376.48, 350.63, 401.5, 339.12, 352.92]","[2, 3, 2, 2, 2, 2]",13
assembly_1,6,0.9,subgraph_mip,diverse,100,343,1105,728,65.88,0.539,0.064,224.228,224.292,2.73,0.9253,0.42,401.5,0.0,336.2,401.5,22.849,18.17,"[336.2, 376.48, 350.63, 339.12, 401.5, 352.92]","[2, 3, 2, 2, 2, 2]",13
assembly_1,6,0.9,subgraph_mip,edge_weight,200,343,1105,95,8.6,0.539,0.673,2.759,3.432,178.68,0.9214,-0.0,401.5,0.0,332,401.5,26.232,19.33,"[339.12, 352.92, 342.48, 332, 388.83, 401.5]","[2, 2, 2, 2, 3, 2]",13
assembly_1,6,0.9,subgraph_mip,time_balanced_weight,200,343,1105,254,22.99,0.539,0.927,33.447,34.374,17.84,0.9521,3.33,408,1.62,329.7,408,25.754,21.78,"[339.12, 408, 354.92, 350.63, 329.7, 374.48]","[2, 2, 2, 2, 2, 3]",13
assembly_1,6,0.9,subgraph_mip,combined,200,343,1105,327,29.59,0.539,1.632,44.876,46.508,13.19,0.9214,-0.0,401.5,0.0,332,401.5,26.232,19.33,"[339.12, 352.92, 342.48, 332, 388.83, 401.5]","[2, 2, 2, 2, 3, 2]",13
assembly_1,6,0.9,subgraph_mip,blended,200,343,1105,84,7.6,0.539,1.009,2.082,3.092,198.35,0.9631,4.53,401.5,0.0,336.2,401.5,20.212,18.17,"[350.63, 401.5, 336.2, 354.92, 352.92, 360.68]","[2, 2, 2, 2, 2, 3]",13
assembly_1,6,0.9,subgraph_mip,blended_union,200,343,1105,222,20.09,0.539,2.387,15.501,17.888,34.28,0.9214,-0.0,401.5,0.0,332,401.5,26.232,19.33,"[339.12, 352.92, 342.48, 332, 388.83, 401.5]","[2, 2, 2, 2, 3, 2]",13
assembly_1,6,0.9,subgraph_mip,diverse,200,343,1105,900,81.45,0.539,0.185,245.861,246.046,2.49,0.9214,-0.0,401.5,0.0,332,401.5,26.232,19.33,"[339.12, 352.92, 342.48, 332, 388.83, 401.5]","[2, 2, 2, 2, 3, 2]",13
assembly_1,6,0.9,subgraph_mip,edge_weight,500,343,1105,108,9.77,0.539,1.428,2.263,3.691,166.14,0.9214,-0.0,401.5,0.0,332,401.5,26.232,19.33,"[339.12, 352.92, 342.48, 332, 388.83, 401.5]","[2, 2, 2, 2, 3, 2]",13
assembly_1,6,0.9,subgraph_mip,time_balanced_weight,500,343,1105,395,35.75,0.539,1.583,25.814,27.397,22.38,0.9505,3.16,408,1.62,244.92,408,55.82,45.37,"[339.12, 244.92, 408, 376.48, 386.83, 401.5]","[2, 1, 2, 3, 3, 2]",13
assembly_1,6,0.9,subgraph_mip,combined,500,343,1105,451,40.81,0.539,3.03,46.803,49.833,12.31,0.9214,0.0,401.5,0.0,332,401.5,26.232,19.33,"[339.12, 352.92, 342.48, 332, 388.83, 401.5]","[2, 2, 2, 2, 3, 2]",13
assembly_1,6,0.9,subgraph_mip,blended,500,343,1105,148,13.39,0.539,1.863,3.681,5.545,110.59,0.9553,3.68,408,1.62,339.12,408,22.682,19.16,"[352.92, 339.12, 408, 350.63, 345.5, 360.68]","[2, 2, 2, 2, 2, 3]",13
assembly_1,6,0.9,subgraph_mip,blended_union,500,343,1105,268,24.25,0.539,4.74,9.054,13.794,44.45,0.9214,-0.0,401.5,0.0,332,401.5,26.232,19.33,"[339.12, 352.92, 342.48, 332, 388.83, 401.5]","[2, 2, 2, 2, 3, 2]",13
assembly_1,6,0.9,subgraph_mip,diverse,500,343,1105,1043,94.39,0.539,0.456,378.049,378.505,1.62,0.9214,-0.0,401.5,0.0,332,401.5,26.232,19.33,"[339.12, 352.92, 342.48, 332, 388.83, 401.5]","[2, 2, 2, 2, 3, 2]",13
assembly_1,6,0.9,subgraph_mip,edge_weight,1000,343,1105,142,12.85,0.539,2.928,3.329,6.257,98.01,0.9214,-0.0,401.5,0.0,332,401.5,26.232,19.33,"[339.12, 352.92, 342.48, 332, 388.83, 401.5]","[2, 2, 2, 2, 3, 2]",13
assembly_1,6,0.9,subgraph_mip,time_balanced_weight,1000,343,1105,471,42.62,0.539,3.52,67.452,70.971,8.64,0.9505,3.16,408,1.62,244.92,408,55.82,45.37,"[339.12, 244.92, 408, 376.48, 386.83, 401.5]","[2, 1, 2, 3, 3, 2]",13
assembly_1,6,0.9,subgraph_mip,combined,1000,343,1105,546,49.41,0.539,6.57,131.012,137.582,4.46,0.9214,0.0,401.5,0.0,332,401.5,26.232,19.33,"[339.12, 352.92, 342.48, 332, 388.83, 401.5]","[2, 2, 2, 2, 3, 2]",13
assembly_1,6,0.9,subgraph_mip,blended,1000,343,1105,203,18.37,0.539,4.167,8.287,12.454,49.24,0.9386,1.87,408,1.62,339.12,408,22.682,19.16,"[339.12, 408, 350.63, 345.5, 352.92, 360.68]","[2, 2, 2, 2, 2, 3]",13
assembly_1,6,0.9,subgraph_mip,blended_union,1000,343,1105,328,29.68,0.539,11.96,31.986,43.946,13.95,0.9214,-0.0,401.5,0.0,332,401.5,26.232,19.33,"[339.12, 352.92, 342.48, 332, 388.83, 401.5]","[2, 2, 2, 2, 3, 2]",13
assembly_1,6,0.9,subgraph_mip,diverse,1000,343,1105,1097,99.28,0.539,0.937,278.361,279.297,2.2,0.9214,-0.0,401.5,0.0,332,401.5,26.232,19.33,"[339.12, 352.92, 342.48, 332, 388.83, 401.5]","[2, 2, 2, 2, 3, 2]",13
assembly_1,6,0.9,subgraph_mip,edge_weight,2000,343,1105,185,16.74,0.539,5.912,4.832,10.744,57.07,0.9214,-0.0,401.5,0.0,332,401.5,26.232,19.33,"[339.12, 352.92, 342.48, 332, 388.83, 401.5]","[2, 2, 2, 2, 3, 2]",13
assembly_1,6,0.9,subgraph_mip,time_balanced_weight,2000,343,1105,617,55.84,0.539,5.787,106.913,112.7,5.44,0.9379,1.79,401.5,0.0,332,401.5,26.232,19.33,"[339.12, 352.92, 342.48, 332, 388.83, 401.5]","[2, 2, 2, 2, 3, 2]",13
assembly_1,6,0.9,subgraph_mip,combined,2000,343,1105,666,60.27,0.539,11.839,101.331,113.17,5.42,0.9214,-0.0,401.5,0.0,332,401.5,26.232,19.33,"[339.12, 352.92, 342.48, 332, 388.83, 401.5]","[2, 2, 2, 2, 3, 2]",13
assembly_1,6,0.9,subgraph_mip,blended,2000,343,1105,282,25.52,0.539,7.374,24.039,31.413,19.52,0.9374,1.73,408,1.62,339.12,408,23.512,19.16,"[339.12, 408, 345.4, 350.63, 345.5, 368.2]","[2, 2, 2, 2, 2, 3]",13
assembly_1,6,0.9,subgraph_mip,blended_union,2000,343,1105,423,38.28,0.539,19.202,28.183,47.385,12.94,0.9214,-0.0,401.5,0.0,332,401.5,26.232,19.33,"[339.12, 352.92, 342.48, 332, 388.83, 401.5]","[2, 2, 2, 2, 3, 2]",13
assembly_1,6,0.9,subgraph_mip,diverse,2000,343,1105,1105,100.0,0.539,1.448,329.044,330.492,1.86,0.9214,0.0,401.5,0.0,332,401.5,26.232,19.33,"[339.12, 352.92, 342.48, 332, 388.83, 401.5]","[2, 2, 2, 2, 3, 2]",13
assembly_1,6,0.9,subgraph_mip,edge_weight,5000,343,1105,232,21.0,0.539,18.743,14.717,33.46,18.33,0.9214,-0.0,401.5,0.0,332,401.5,26.232,19.33,"[339.12, 352.92, 342.48, 332, 388.83, 401.5]","[2, 2, 2, 2, 3, 2]",13
assembly_1,6,0.9,subgraph_mip,time_balanced_weight,5000,343,1105,768,69.5,0.539,17.513,216.247,233.761,2.62,0.9372,1.72,401.5,0.0,332,401.5,26.232,19.33,"[339.12, 352.92, 342.48, 332, 388.83, 401.5]","[2, 2, 2, 2, 3, 2]",13
assembly_1,6,0.9,subgraph_mip,combined,5000,343,1105,809,73.21,0.539,36.455,147.72,184.175,3.33,0.9214,-0.0,401.5,0.0,332,401.5,26.232,19.33,"[339.12, 352.92, 342.48, 332, 388.83, 401.5]","[2, 2, 2, 2, 3, 2]",13
assembly_1,6,0.9,subgraph_mip,blended,5000,343,1105,355,32.13,0.539,21.007,18.059,39.066,15.7,0.9249,0.38,401.5,0.0,336.2,401.5,22.849,18.17,"[336.2, 376.48, 350.63, 401.5, 339.12, 352.92]","[2, 3, 2, 2, 2, 2]",13
assembly_1,6,0.9,subgraph_mip,blended_union,5000,343,1105,532,48.14,0.539,61.982,51.276,113.258,5.41,0.9214,-0.0,401.5,0.0,332,401.5,26.232,19.33,"[339.12, 352.92, 342.48, 332, 388.83, 401.5]","[2, 2, 2, 2, 3, 2]",13
assembly_1,6,0.9,subgraph_mip,diverse,5000,343,1105,1105,100.0,0.539,3.151,304.306,307.457,1.99,0.9214,0.0,401.5,0.0,332,401.5,26.232,19.33,"[339.12, 352.92, 342.48, 332, 388.83, 401.5]","[2, 2, 2, 2, 3, 2]",13
assembly_1,6,0.95,full_mip,—,,343,1105,1105,100.0,0.424,0.0,740.974,740.974,1.0,0.9259,0.0,401.5,0.0,332,401.5,26.232,19.33,"[339.12, 352.92, 342.48, 332, 388.83, 401.5]","[2, 2, 2, 2, 3, 2]",13
assembly_1,6,0.95,subgraph_mip,edge_weight,1,343,1105,13,1.18,0.424,0.002,0.386,0.388,1911.95,1.1081,19.68,484.48,20.67,244.92,484.48,86.653,66.64,"[339.12, 244.92, 408, 484.48, 420.13, 260.2]","[2, 1, 2, 4, 2, 2]",13
assembly_1,6,0.95,subgraph_mip,time_balanced_weight,1,343,1105,13,1.18,0.424,0.001,0.653,0.654,1132.65,1.0373,12.04,444.83,10.79,242,444.83,83.119,56.42,"[242, 244.92, 410.92, 444.83, 412.68, 401.5]","[1, 1, 2, 3, 4, 2]",13
assembly_1,6,0.95,subgraph_mip,combined,1,343,1105,26,2.35,0.424,0.002,0.376,0.378,1958.8,1.0373,12.04,444.83,10.79,242,444.83,83.119,56.42,"[242, 244.92, 410.92, 444.83, 412.68, 401.5]","[1, 1, 2, 3, 4, 2]",13
assembly_1,6,0.95,subgraph_mip,blended,1,343,1105,13,1.18,0.424,0.001,1.112,1.113,665.81,0.9467,2.25,401.5,0.0,336.2,401.5,20.212,18.17,"[350.63, 401.5, 336.2, 354.92, 352.92, 360.68]","[2, 2, 2, 2, 2, 3]",13
assembly_1,6,0.95,subgraph_mip,blended_union,1,343,1105,36,3.26,0.424,0.012,1.157,1.168,634.15,0.9414,1.67,408,1.62,339.12,408,23.512,19.16,"[339.12, 408, 345.4, 350.63, 345.5, 368.2]","[2, 2, 2, 2, 2, 3]",13
assembly_1,6,0.95,subgraph_mip,diverse,1,343,1105,13,1.18,0.424,0.004,1.062,1.066,695.02,0.9467,2.25,401.5,0.0,336.2,401.5,20.212,18.17,"[350.63, 401.5, 336.2, 354.92, 352.92, 360.68]","[2, 2, 2, 2, 2, 3]",13
assembly_1,6,0.95,subgraph_mip,edge_weight,2,343,1105,15,1.36,0.424,0.004,1.709,1.713,432.64,1.1081,19.68,484.48,20.67,244.92,484.48,86.653,66.64,"[339.12, 244.92, 408, 484.48, 420.13, 260.2]","[2, 1, 2, 4, 2, 2]",13
assembly_1,6,0.95,subgraph_mip,time_balanced_weight,2,343,1105,15,1.36,0.424,0.005,1.542,1.547,479.11,1.0369,11.99,444.83,10.79,242,444.83,83.119,56.42,"[244.92, 242, 410.92, 444.83, 412.68, 401.5]","[1, 1, 2, 3, 4, 2]",13
assembly_1,6,0.95,subgraph_mip,combined,2,343,1105,30,2.71,0.424,0.008,1.03,1.038,713.54,1.0369,11.99,444.83,10.79,242,444.83,83.119,56.42,"[244.92, 242, 410.92, 444.83, 412.68, 401.5]","[1, 1, 2, 3, 4, 2]",13
assembly_1,6,0.95,subgraph_mip,blended,2,343,1105,15,1.36,0.424,0.005,0.811,0.815,908.72,0.9467,2.25,401.5,0.0,336.2,401.5,20.212,18.17,"[350.63, 401.5, 336.2, 354.92, 352.92, 360.68]","[2, 2, 2, 2, 2, 3]",13
assembly_1,6,0.95,subgraph_mip,blended_union,2,343,1105,42,3.8,0.424,0.021,0.892,0.913,811.53,0.9414,1.67,408,1.62,339.12,408,23.512,19.16,"[339.12, 408, 345.4, 350.63, 345.5, 368.2]","[2, 2, 2, 2, 2, 3]",13
assembly_1,6,0.95,subgraph_mip,diverse,2,343,1105,26,2.35,0.424,0.004,1.012,1.016,729.16,0.9467,2.25,401.5,0.0,336.2,401.5,20.212,18.17,"[350.63, 401.5, 336.2, 354.92, 352.92, 360.68]","[2, 2, 2, 2, 2, 3]",13
assembly_1,6,0.95,subgraph_mip,edge_weight,5,343,1105,21,1.9,0.424,0.021,0.634,0.655,1131.25,1.1081,19.68,484.48,20.67,244.92,484.48,86.653,66.64,"[339.12, 244.92, 408, 484.48, 420.13, 260.2]","[2, 1, 2, 4, 2, 2]",13
assembly_1,6,0.95,subgraph_mip,time_balanced_weight,5,343,1105,42,3.8,0.424,0.029,1.126,1.155,641.56,0.9579,3.46,408,1.62,244.92,408,56.151,45.37,"[244.92, 408, 350.63, 398.88, 352.92, 401.5]","[1, 2, 2, 4, 2, 2]",13
assembly_1,6,0.95,subgraph_mip,combined,5,343,1105,62,5.61,0.424,0.028,1.307,1.335,555.16,0.9579,3.46,408,1.62,244.92,408,56.151,45.37,"[244.92, 408, 350.63, 398.88, 352.92, 401.5]","[1, 2, 2, 4, 2, 2]",13
assembly_1,6,0.95,subgraph_mip,blended,5,343,1105,21,1.9,0.424,0.015,0.353,0.368,2013.87,0.9467,2.25,401.5,0.0,336.2,401.5,20.212,18.17,"[350.63, 401.5, 336.2, 354.92, 352.92, 360.68]","[2, 2, 2, 2, 2, 3]",13
assembly_1,6,0.95,subgraph_mip,blended_union,5,343,1105,60,5.43,0.424,0.072,1.643,1.715,432.18,0.9414,1.67,408,1.62,339.12,408,23.512,19.16,"[339.12, 408, 345.4, 350.63, 345.5, 368.2]","[2, 2, 2, 2, 2, 3]",13
assembly_1,6,0.95,subgraph_mip,diverse,5,343,1105,65,5.88,0.424,0.012,1.454,1.466,505.48,0.9368,1.18,401.5,0.0,336.2,401.5,22.849,18.17,"[376.48, 336.2, 350.63, 401.5, 339.12, 352.92]","[3, 2, 2, 2, 2, 2]",13
assembly_1,6,0.95,subgraph_mip,edge_weight,10,343,1105,24,2.17,0.424,0.036,1.923,1.959,378.27,1.1081,19.68,484.48,20.67,244.92,484.48,86.653,66.64,"[339.12, 244.92, 408, 484.48, 420.13, 260.2]","[2, 1, 2, 4, 2, 2]",13
assembly_1,6,0.95,subgraph_mip,time_balanced_weight,10,343,1105,59,5.34,0.424,0.036,1.532,1.567,472.77,0.9579,3.46,408,1.62,244.92,408,56.151,45.37,"[244.92, 408, 350.63, 398.88, 352.92, 401.5]","[1, 2, 2, 4, 2, 2]",13
assembly_1,6,0.95,subgraph_mip,combined,10,343,1105,82,7.42,0.424,0.098,1.628,1.726,429.23,0.9579,3.46,408,1.62,244.92,408,56.151,45.37,"[244.92, 408, 350.63, 398.88, 352.92, 401.5]","[1, 2, 2, 4, 2, 2]",13
assembly_1,6,0.95,subgraph_mip,blended,10,343,1105,24,2.17,0.424,0.039,0.325,0.365,2030.55,0.9467,2.25,401.5,0.0,336.2,401.5,20.212,18.17,"[350.63, 401.5, 336.2, 354.92, 352.92, 360.68]","[2, 2, 2, 2, 2, 3]",13
assembly_1,6,0.95,subgraph_mip,blended_union,10,343,1105,68,6.15,0.424,0.131,1.353,1.484,499.25,0.9414,1.67,408,1.62,339.12,408,23.512,19.16,"[339.12, 408, 345.4, 350.63, 345.5, 368.2]","[2, 2, 2, 2, 2, 3]",13
assembly_1,6,0.95,subgraph_mip,diverse,10,343,1105,125,11.31,0.424,0.017,3.084,3.101,238.98,0.9368,1.18,401.5,0.0,336.2,401.5,22.849,18.17,"[376.48, 336.2, 350.63, 401.5, 339.12, 352.92]","[3, 2, 2, 2, 2, 2]",13
assembly_1,6,0.95,subgraph_mip,edge_weight,20,343,1105,35,3.17,0.424,0.085,0.701,0.785,943.64,0.9398,1.51,408,1.62,244.92,408,55.757,45.37,"[339.12, 244.92, 408, 384, 379.31, 401.5]","[2, 1, 2, 3, 3, 2]",13
assembly_1,6,0.95,subgraph_mip,time_balanced_weight,20,343,1105,74,6.7,0.424,0.095,1.986,2.081,356.07,0.9505,2.66,408,1.62,304.68,408,35.728,28.74,"[339.12, 408, 350.63, 304.68, 352.92, 401.5]","[2, 2, 2, 3, 2, 2]",13
assembly_1,6,0.95,subgraph_mip,combined,20,343,1105,107,9.68,0.424,0.145,3.147,3.292,225.09,0.9398,1.51,408,1.62,244.92,408,55.757,45.37,"[339.12, 244.92, 408, 384, 379.31, 401.5]","[2, 1, 2, 3, 3, 2]",13
assembly_1,6,0.95,subgraph_mip,blended,20,343,1105,26,2.35,0.424,0.069,0.777,0.846,876.28,0.9467,2.25,401.5,0.0,336.2,401.5,20.212,18.17,"[350.63, 401.5, 336.2, 354.92, 352.92, 360.68]","[2, 2, 2, 2, 2, 3]",13
assembly_1,6,0.95,subgraph_mip,blended_union,20,343,1105,78,7.06,0.424,0.234,1.848,2.082,355.86,0.9398,1.51,408,1.62,244.92,408,55.757,45.37,"[339.12, 244.92, 408, 384, 379.31, 401.5]","[2, 1, 2, 3, 3, 2]",13
assembly_1,6,0.95,subgraph_mip,diverse,20,343,1105,235,21.27,0.424,0.027,5.503,5.53,134.0,0.9368,1.18,401.5,0.0,336.2,401.5,22.849,18.17,"[376.48, 336.2, 350.63, 401.5, 339.12, 352.92]","[3, 2, 2, 2, 2, 2]",13
assembly_1,6,0.95,subgraph_mip,edge_weight,50,343,1105,54,4.89,0.424,0.185,1.346,1.531,483.9,0.9398,1.51,408,1.62,244.92,408,55.757,45.37,"[339.12, 244.92, 408, 384, 379.31, 401.5]","[2, 1, 2, 3, 3, 2]",13
assembly_1,6,0.95,subgraph_mip,time_balanced_weight,50,343,1105,140,12.67,0.424,0.24,3.658,3.898,190.1,0.9504,2.66,408,1.62,304.68,408,35.728,28.74,"[339.12, 408, 350.63, 304.68, 401.5, 352.92]","[2, 2, 2, 3, 2, 2]",13
assembly_1,6,0.95,subgraph_mip,combined,50,343,1105,188,17.01,0.424,0.391,7.248,7.638,97.01,0.9398,1.51,408,1.62,244.92,408,55.757,45.37,"[339.12, 244.92, 408, 384, 379.31, 401.5]","[2, 1, 2, 3, 3, 2]",13
assembly_1,6,0.95,subgraph_mip,blended,50,343,1105,43,3.89,0.424,0.221,2.204,2.424,305.65,0.9467,2.25,401.5,0.0,336.2,401.5,20.212,18.17,"[350.63, 401.5, 336.2, 354.92, 352.92, 360.68]","[2, 2, 2, 2, 2, 3]",13
assembly_1,6,0.95,subgraph_mip,blended_union,50,343,1105,112,10.14,0.424,0.524,2.65,3.174,233.45,0.9398,1.51,408,1.62,244.92,408,55.757,45.37,"[339.12, 244.92, 408, 384, 379.31, 401.5]","[2, 1, 2, 3, 3, 2]",13
assembly_1,6,0.95,subgraph_mip,diverse,50,343,1105,501,45.34,0.424,0.035,44.215,44.25,16.75,0.9278,0.21,401.5,0.0,336.2,401.5,22.849,18.17,"[336.2, 376.48, 350.63, 401.5, 339.12, 352.92]","[2, 3, 2, 2, 2, 2]",13
assembly_1,6,0.95,subgraph_mip,edge_weight,100,343,1105,78,7.06,0.424,0.328,2.689,3.017,245.6,0.9398,1.51,408,1.62,244.92,408,55.757,45.37,"[339.12, 244.92, 408, 384, 379.31, 401.5]","[2, 1, 2, 3, 3, 2]",13
assembly_1,6,0.95,subgraph_mip,time_balanced_weight,100,343,1105,202,18.28,0.424,0.351,12.369,12.721,58.25,0.9487,2.47,408,1.62,329.7,408,25.754,21.78,"[339.12, 408, 354.92, 350.63, 329.7, 374.48]","[2, 2, 2, 2, 2, 3]",13
assembly_1,6,0.95,subgraph_mip,combined,100,343,1105,262,23.71,0.424,0.691,11.271,11.963,61.94,0.9398,1.51,408,1.62,244.92,408,55.757,45.37,"[339.12, 244.92, 408, 384, 379.31, 401.5]","[2, 1, 2, 3, 3, 2]",13
assembly_1,6,0.95,subgraph_mip,blended,100,343,1105,72,6.52,0.424,0.378,1.201,1.579,469.29,0.9467,2.25,401.5,0.0,336.2,401.5,20.212,18.17,"[350.63, 401.5, 336.2, 354.92, 352.92, 360.68]","[2, 2, 2, 2, 2, 3]",13
assembly_1,6,0.95,subgraph_mip,blended_union,100,343,1105,155,14.03,0.424,0.998,7.348,8.347,88.77,0.9276,0.19,401.5,0.0,336.2,401.5,22.849,18.17,"[336.2, 376.48, 350.63, 401.5, 339.12, 352.92]","[2, 3, 2, 2, 2, 2]",13
assembly_1,6,0.95,subgraph_mip,diverse,100,343,1105,736,66.61,0.424,0.086,148.231,148.317,5.0,0.9262,0.04,401.5,0.0,332,401.5,26.232,19.33,"[339.12, 352.92, 342.48, 332, 388.83, 401.5]","[2, 2, 2, 2, 3, 2]",13
assembly_1,6,0.95,subgraph_mip,edge_weight,200,343,1105,95,8.6,0.424,0.548,2.168,2.716,272.77,0.9259,0.0,401.5,0.0,332,401.5,26.232,19.33,"[339.12, 352.92, 342.48, 332, 388.83, 401.5]","[2, 2, 2, 2, 3, 2]",13
assembly_1,6,0.95,subgraph_mip,time_balanced_weight,200,343,1105,254,22.99,0.424,0.801,12.121,12.922,57.34,0.9487,2.47,408,1.62,329.7,408,25.754,21.78,"[339.12, 408, 354.92, 350.63, 329.7, 374.48]","[2, 2, 2, 2, 2, 3]",13
assembly_1,6,0.95,subgraph_mip,combined,200,343,1105,327,29.59,0.424,1.406,57.067,58.473,12.67,0.9259,-0.0,401.5,0.0,332,401.5,26.232,19.33,"[339.12, 352.92, 342.48, 332, 388.83, 401.5]","[2, 2, 2, 2, 3, 2]",13
assembly_1,6,0.95,subgraph_mip,blended,200,343,1105,74,6.7,0.424,0.851,1.866,2.716,272.78,0.9467,2.25,401.5,0.0,336.2,401.5,20.212,18.17,"[350.63, 401.5, 336.2, 354.92, 352.92, 360.68]","[2, 2, 2, 2, 2, 3]",13
assembly_1,6,0.95,subgraph_mip,blended_union,200,343,1105,222,20.09,0.424,2.173,7.103,9.276,79.88,0.9259,-0.0,401.5,0.0,332,401.5,26.232,19.33,"[339.12, 352.92, 342.48, 332, 388.83, 401.5]","[2, 2, 2, 2, 3, 2]",13
assembly_1,6,0.95,subgraph_mip,diverse,200,343,1105,901,81.54,0.424,0.189,255.891,256.08,2.89,0.9259,0.0,401.5,0.0,332,401.5,26.232,19.33,"[339.12, 352.92, 342.48, 332, 388.83, 401.5]","[2, 2, 2, 2, 3, 2]",13
assembly_1,6,0.95,subgraph_mip,edge_weight,500,343,1105,108,9.77,0.424,1.143,2.426,3.569,207.6,0.9259,0.0,401.5,0.0,332,401.5,26.232,19.33,"[339.12, 352.92, 342.48, 332, 388.83, 401.5]","[2, 2, 2, 2, 3, 2]",13
assembly_1,6,0.95,subgraph_mip,time_balanced_weight,500,343,1105,395,35.75,0.424,1.419,18.425,19.844,37.34,0.9479,2.38,408,1.62,244.92,408,55.82,45.37,"[339.12, 244.92, 408, 376.48, 386.83, 401.5]","[2, 1, 2, 3, 3, 2]",13
assembly_1,6,0.95,subgraph_mip,combined,500,343,1105,451,40.81,0.424,2.484,34.204,36.687,20.2,0.9259,0.0,401.5,0.0,332,401.5,26.232,19.33,"[339.12, 352.92, 342.48, 332, 388.83, 401.5]","[2, 2, 2, 2, 3, 2]",13
assembly_1,6,0.95,subgraph_mip,blended,500,343,1105,123,11.13,0.424,1.579,2.734,4.313,171.81,0.9467,2.25,401.5,0.0,336.2,401.5,20.212,18.17,"[350.63, 401.5, 336.2, 354.92, 352.92, 360.68]","[2, 2, 2, 2, 2, 3]",13
assembly_1,6,0.95,subgraph_mip,blended_union,500,343,1105,268,24.25,0.424,4.109,11.336,15.445,47.97,0.9259,0.0,401.5,0.0,332,401.5,26.232,19.33,"[339.12, 352.92, 342.48, 332, 388.83, 401.5]","[2, 2, 2, 2, 3, 2]",13
assembly_1,6,0.95,subgraph_mip,diverse,500,343,1105,1043,94.39,0.424,0.381,326.093,326.474,2.27,0.9259,0.0,401.5,0.0,332,401.5,26.232,19.33,"[339.12, 352.92, 342.48, 332, 388.83, 401.5]","[2, 2, 2, 2, 3, 2]",13
assembly_1,6,0.95,subgraph_mip,edge_weight,1000,343,1105,142,12.85,0.424,2.186,1.845,4.031,183.81,0.9259,-0.0,401.5,0.0,332,401.5,26.232,19.33,"[339.12, 352.92, 342.48, 332, 388.83, 401.5]","[2, 2, 2, 2, 3, 2]",13
assembly_1,6,0.95,subgraph_mip,time_balanced_weight,1000,343,1105,471,42.62,0.424,2.622,21.129,23.751,31.2,0.9479,2.38,408,1.62,244.92,408,55.82,45.37,"[339.12, 244.92, 408, 376.48, 386.83, 401.5]","[2, 1, 2, 3, 3, 2]",13
assembly_1,6,0.95,subgraph_mip,combined,1000,343,1105,546,49.41,0.424,4.839,66.357,71.196,10.41,0.9259,0.0,401.5,0.0,332,401.5,26.232,19.33,"[339.12, 352.92, 342.48, 332, 388.83, 401.5]","[2, 2, 2, 2, 3, 2]",13
assembly_1,6,0.95,subgraph_mip,blended,1000,343,1105,176,15.93,0.424,3.066,4.436,7.502,98.77,0.9467,2.25,401.5,0.0,336.2,401.5,22.849,18.17,"[350.63, 376.48, 336.2, 401.5, 339.12, 352.92]","[2, 3, 2, 2, 2, 2]",13
assembly_1,6,0.95,subgraph_mip,blended_union,1000,343,1105,328,29.68,0.424,7.688,12.903,20.591,35.98,0.9259,0.0,401.5,0.0,332,401.5,26.232,19.33,"[339.12, 352.92, 342.48, 332, 388.83, 401.5]","[2, 2, 2, 2, 3, 2]",13
assembly_1,6,0.95,subgraph_mip,diverse,1000,343,1105,1096,99.19,0.424,0.703,394.499,395.202,1.87,0.9259,-0.0,401.5,0.0,332,401.5,26.232,19.33,"[339.12, 352.92, 342.48, 332, 388.83, 401.5]","[2, 2, 2, 2, 3, 2]",13
assembly_1,6,0.95,subgraph_mip,edge_weight,2000,343,1105,185,16.74,0.424,4.75,10.833,15.583,47.55,0.9259,0.0,401.5,0.0,332,401.5,26.232,19.33,"[339.12, 352.92, 342.48, 332, 388.83, 401.5]","[2, 2, 2, 2, 3, 2]",13
assembly_1,6,0.95,subgraph_mip,time_balanced_weight,2000,343,1105,617,55.84,0.424,5.025,56.796,61.821,11.99,0.9341,0.89,401.5,0.0,332,401.5,26.232,19.33,"[339.12, 352.92, 342.48, 332, 388.83, 401.5]","[2, 2, 2, 2, 3, 2]",13
assembly_1,6,0.95,subgraph_mip,combined,2000,343,1105,666,60.27,0.424,10.001,121.828,131.829,5.62,0.9259,-0.0,401.5,0.0,332,401.5,26.232,19.33,"[339.12, 352.92, 342.48, 332, 388.83, 401.5]","[2, 2, 2, 2, 3, 2]",13
assembly_1,6,0.95,subgraph_mip,blended,2000,343,1105,232,21.0,0.424,6.215,6.754,12.969,57.14,0.9467,2.25,401.5,0.0,336.2,401.5,22.849,18.17,"[350.63, 376.48, 336.2, 401.5, 339.12, 352.92]","[2, 3, 2, 2, 2, 2]",13
assembly_1,6,0.95,subgraph_mip,blended_union,2000,343,1105,423,38.28,0.424,16.408,18.929,35.338,20.97,0.9259,0.0,401.5,0.0,332,401.5,26.232,19.33,"[339.12, 352.92, 342.48, 332, 388.83, 401.5]","[2, 2, 2, 2, 3, 2]",13
assembly_1,6,0.95,subgraph_mip,diverse,2000,343,1105,1105,100.0,0.424,1.255,423.815,425.07,1.74,0.9259,0.0,401.5,0.0,332,401.5,26.232,19.33,"[339.12, 352.92, 342.48, 332, 388.83, 401.5]","[2, 2, 2, 2, 3, 2]",13
assembly_1,6,0.95,subgraph_mip,edge_weight,5000,343,1105,232,21.0,0.424,17.812,8.291,26.103,28.39,0.9259,0.0,401.5,0.0,332,401.5,26.232,19.33,"[339.12, 352.92, 342.48, 332, 388.83, 401.5]","[2, 2, 2, 2, 3, 2]",13
assembly_1,6,0.95,subgraph_mip,time_balanced_weight,5000,343,1105,768,69.5,0.424,16.548,112.886,129.434,5.72,0.9338,0.85,401.5,0.0,332,401.5,26.232,19.33,"[339.12, 352.92, 342.48, 332, 388.83, 401.5]","[2, 2, 2, 2, 3, 2]",13
assembly_1,6,0.95,subgraph_mip,combined,5000,343,1105,809,73.21,0.424,34.253,70.26,104.512,7.09,0.9259,0.0,401.5,0.0,332,401.5,26.232,19.33,"[339.12, 352.92, 342.48, 332, 388.83, 401.5]","[2, 2, 2, 2, 3, 2]",13
assembly_1,6,0.95,subgraph_mip,blended,5000,343,1105,347,31.4,0.424,19.861,10.912,30.773,24.08,0.9276,0.19,401.5,0.0,336.2,401.5,22.849,18.17,"[336.2, 376.48, 350.63, 401.5, 339.12, 352.92]","[2, 3, 2, 2, 2, 2]",13
assembly_1,6,0.95,subgraph_mip,blended_union,5000,343,1105,532,48.14,0.424,55.542,46.048,101.59,7.29,0.9259,0.0,401.5,0.0,332,401.5,26.232,19.33,"[339.12, 352.92, 342.48, 332, 388.83, 401.5]","[2, 2, 2, 2, 3, 2]",13
assembly_1,6,0.95,subgraph_mip,diverse,5000,343,1105,1105,100.0,0.424,2.82,355.099,357.919,2.07,0.9259,0.0,401.5,0.0,332,401.5,26.232,19.33,"[339.12, 352.92, 342.48, 332, 388.83, 401.5]","[2, 2, 2, 2, 3, 2]",13
assembly_1,6,1.0,full_mip,—,,343,1105,1105,100.0,0.411,0.0,426.468,426.468,1.0,0.9303,0.0,401.5,0.0,332,401.5,24.221,19.33,"[336.2, 332, 379.31, 401.5, 354.92, 352.92]","[2, 2, 3, 2, 2, 2]",13
assembly_1,6,1.0,subgraph_mip,edge_weight,1,343,1105,13,1.18,0.411,0.002,0.367,0.368,1158.4,1.1226,20.67,484.48,20.67,244.92,484.48,86.653,66.64,"[339.12, 244.92, 408, 484.48, 420.13, 260.2]","[2, 1, 2, 4, 2, 2]",13
assembly_1,6,1.0,subgraph_mip,time_balanced_weight,1,343,1105,13,1.18,0.411,0.001,0.724,0.725,588.59,1.0307,10.79,444.83,10.79,242,444.83,83.119,56.42,"[242, 244.92, 410.92, 444.83, 412.68, 401.5]","[1, 1, 2, 3, 4, 2]",13
assembly_1,6,1.0,subgraph_mip,combined,1,343,1105,26,2.35,0.411,0.002,0.306,0.308,1386.55,1.0307,10.79,444.83,10.79,242,444.83,83.119,56.42,"[242, 244.92, 410.92, 444.83, 412.68, 401.5]","[1, 1, 2, 3, 4, 2]",13
assembly_1,6,1.0,subgraph_mip,blended,1,343,1105,13,1.18,0.411,0.001,0.541,0.542,787.41,0.9303,0.0,401.5,0.0,336.2,401.5,20.212,18.17,"[350.63, 401.5, 336.2, 354.92, 352.92, 360.68]","[2, 2, 2, 2, 2, 3]",13
assembly_1,6,1.0,subgraph_mip,blended_union,1,343,1105,36,3.26,0.411,0.012,0.363,0.375,1138.66,0.9303,0.0,401.5,0.0,336.2,401.5,20.212,18.17,"[350.63, 401.5, 336.2, 354.92, 352.92, 360.68]","[2, 2, 2, 2, 2, 3]",13
assembly_1,6,1.0,subgraph_mip,diverse,1,343,1105,13,1.18,0.411,0.004,0.551,0.555,769.06,0.9303,0.0,401.5,0.0,336.2,401.5,20.212,18.17,"[350.63, 401.5, 336.2, 354.92, 352.92, 360.68]","[2, 2, 2, 2, 2, 3]",13
assembly_1,6,1.0,subgraph_mip,edge_weight,2,343,1105,15,1.36,0.411,0.009,0.416,0.425,1004.01,1.1226,20.67,484.48,20.67,244.92,484.48,86.653,66.64,"[339.12, 244.92, 408, 484.48, 420.13, 260.2]","[2, 1, 2, 4, 2, 2]",13
assembly_1,6,1.0,subgraph_mip,time_balanced_weight,2,343,1105,15,1.36,0.411,0.011,0.678,0.689,619.31,1.0307,10.79,444.83,10.79,242,444.83,83.119,56.42,"[244.92, 242, 410.92, 444.83, 412.68, 401.5]","[1, 1, 2, 3, 4, 2]",13
assembly_1,6,1.0,subgraph_mip,combined,2,343,1105,30,2.71,0.411,0.013,2.034,2.047,208.37,1.0307,10.79,444.83,10.79,242,444.83,83.119,56.42,"[242, 244.92, 410.92, 444.83, 412.68, 401.5]","[1, 1, 2, 3, 4, 2]",13
assembly_1,6,1.0,subgraph_mip,blended,2,343,1105,15,1.36,0.411,0.004,0.894,0.898,474.67,0.9303,0.0,401.5,0.0,336.2,401.5,20.212,18.17,"[350.63, 401.5, 336.2, 354.92, 352.92, 360.68]","[2, 2, 2, 2, 2, 3]",13
assembly_1,6,1.0,subgraph_mip,blended_union,2,343,1105,42,3.8,0.411,0.02,0.408,0.429,994.79,0.9303,0.0,401.5,0.0,336.2,401.5,20.212,18.17,"[350.63, 401.5, 336.2, 354.92, 352.92, 360.68]","[2, 2, 2, 2, 2, 3]",13
assembly_1,6,1.0,subgraph_mip,diverse,2,343,1105,26,2.35,0.411,0.004,0.275,0.28,1524.68,0.9303,0.0,401.5,0.0,336.2,401.5,20.212,18.17,"[350.63, 401.5, 336.2, 354.92, 352.92, 360.68]","[2, 2, 2, 2, 2, 3]",13
assembly_1,6,1.0,subgraph_mip,edge_weight,5,343,1105,21,1.9,0.411,0.023,2.751,2.774,153.75,1.1226,20.67,484.48,20.67,244.92,484.48,86.653,66.64,"[339.12, 244.92, 408, 484.48, 420.13, 260.2]","[2, 1, 2, 4, 2, 2]",13
assembly_1,6,1.0,subgraph_mip,time_balanced_weight,5,343,1105,42,3.8,0.411,0.031,0.551,0.582,732.27,0.9454,1.62,408,1.62,244.92,408,56.151,45.37,"[244.92, 408, 350.63, 398.88, 352.92, 401.5]","[1, 2, 2, 4, 2, 2]",13
assembly_1,6,1.0,subgraph_mip,combined,5,343,1105,62,5.61,0.411,0.035,0.741,0.776,549.62,0.9454,1.62,408,1.62,244.92,408,56.151,45.37,"[244.92, 408, 350.63, 398.88, 352.92, 401.5]","[1, 2, 2, 4, 2, 2]",13
assembly_1,6,1.0,subgraph_mip,blended,5,343,1105,21,1.9,0.411,0.014,0.616,0.63,677.12,0.9303,0.0,401.5,0.0,336.2,401.5,20.212,18.17,"[350.63, 401.5, 336.2, 354.92, 352.92, 360.68]","[2, 2, 2, 2, 2, 3]",13
assembly_1,6,1.0,subgraph_mip,blended_union,5,343,1105,60,5.43,0.411,0.085,1.21,1.295,329.33,0.9303,0.0,401.5,0.0,336.2,401.5,20.212,18.17,"[350.63, 401.5, 336.2, 354.92, 352.92, 360.68]","[2, 2, 2, 2, 2, 3]",13
assembly_1,6,1.0,subgraph_mip,diverse,5,343,1105,65,5.88,0.411,0.007,0.735,0.742,575.01,0.9303,0.0,401.5,0.0,336.2,401.5,20.212,18.17,"[350.63, 401.5, 336.2, 354.92, 352.92, 360.68]","[2, 2, 2, 2, 2, 3]",13
assembly_1,6,1.0,subgraph_mip,edge_weight,10,343,1105,24,2.17,0.411,0.039,1.218,1.257,339.3,1.1226,20.67,484.48,20.67,244.92,484.48,86.653,66.64,"[339.12, 244.92, 408, 484.48, 420.13, 260.2]","[2, 1, 2, 4, 2, 2]",13
assembly_1,6,1.0,subgraph_mip,time_balanced_weight,10,343,1105,59,5.34,0.411,0.034,0.905,0.939,454.04,0.9454,1.62,408,1.62,244.92,408,56.151,45.37,"[244.92, 408, 350.63, 398.88, 352.92, 401.5]","[1, 2, 2, 4, 2, 2]",13
assembly_1,6,1.0,subgraph_mip,combined,10,343,1105,82,7.42,0.411,0.07,0.857,0.926,460.46,0.9454,1.62,408,1.62,244.92,408,56.151,45.37,"[244.92, 408, 350.63, 398.88, 352.92, 401.5]","[1, 2, 2, 4, 2, 2]",13
assembly_1,6,1.0,subgraph_mip,blended,10,343,1105,23,2.08,0.411,0.042,0.437,0.479,889.73,0.9303,0.0,401.5,0.0,336.2,401.5,20.212,18.17,"[350.63, 401.5, 336.2, 354.92, 352.92, 360.68]","[2, 2, 2, 2, 2, 3]",13
assembly_1,6,1.0,subgraph_mip,blended_union,10,343,1105,68,6.15,0.411,0.109,0.708,0.817,521.86,0.9303,-0.0,401.5,0.0,336.2,401.5,20.212,18.17,"[350.63, 401.5, 336.2, 354.92, 352.92, 360.68]","[2, 2, 2, 2, 2, 3]",13
assembly_1,6,1.0,subgraph_mip,diverse,10,343,1105,125,11.31,0.411,0.01,2.045,2.055,207.52,0.9303,0.0,401.5,0.0,339.12,401.5,21.235,17.35,"[342.48, 370.2, 350.63, 401.5, 339.12, 352.92]","[2, 3, 2, 2, 2, 2]",13
assembly_1,6,1.0,subgraph_mip,edge_weight,20,343,1105,35,3.17,0.411,0.051,0.329,0.381,1120.3,0.9454,1.62,408,1.62,244.92,408,55.82,45.37,"[339.12, 244.92, 408, 376.48, 386.83, 401.5]","[2, 1, 2, 3, 3, 2]",13
assembly_1,6,1.0,subgraph_mip,time_balanced_weight,20,343,1105,74,6.7,0.411,0.082,1.149,1.231,346.45,0.9454,1.62,408,1.62,244.92,408,56.151,45.37,"[244.92, 408, 350.63, 398.88, 352.92, 401.5]","[1, 2, 2, 4, 2, 2]",13
assembly_1,6,1.0,subgraph_mip,combined,20,343,1105,107,9.68,0.411,0.156,1.508,1.664,256.32,0.9454,1.62,408,1.62,244.92,408,56.151,45.37,"[244.92, 408, 350.63, 398.88, 352.92, 401.5]","[1, 2, 2, 4, 2, 2]",13
assembly_1,6,1.0,subgraph_mip,blended,20,343,1105,27,2.44,0.411,0.112,1.267,1.379,309.18,0.9303,-0.0,401.5,0.0,336.2,401.5,20.212,18.17,"[350.63, 401.5, 336.2, 354.92, 352.92, 360.68]","[2, 2, 2, 2, 2, 3]",13
assembly_1,6,1.0,subgraph_mip,blended_union,20,343,1105,78,7.06,0.411,0.279,0.772,1.051,405.85,0.9303,0.0,401.5,0.0,336.2,401.5,20.212,18.17,"[350.63, 401.5, 336.2, 354.92, 352.92, 360.68]","[2, 2, 2, 2, 2, 3]",13
assembly_1,6,1.0,subgraph_mip,diverse,20,343,1105,235,21.27,0.411,0.014,7.41,7.423,57.45,0.9303,0.0,401.5,0.0,339.12,401.5,21.235,17.35,"[350.63, 370.2, 342.48, 339.12, 352.92, 401.5]","[2, 3, 2, 2, 2, 2]",13
assembly_1,6,1.0,subgraph_mip,edge_weight,50,343,1105,54,4.89,0.411,0.159,0.796,0.955,446.42,0.9454,1.62,408,1.62,244.92,408,55.757,45.37,"[339.12, 244.92, 408, 384, 379.31, 401.5]","[2, 1, 2, 3, 3, 2]",13
assembly_1,6,1.0,subgraph_mip,time_balanced_weight,50,343,1105,140,12.67,0.411,0.24,3.411,3.651,116.8,0.9454,1.62,408,1.62,335.98,408,24.139,20.03,"[408, 354.92, 350.63, 339.12, 335.98, 368.2]","[2, 2, 2, 2, 2, 3]",13
assembly_1,6,1.0,subgraph_mip,combined,50,343,1105,188,17.01,0.411,0.321,5.472,5.793,73.62,0.9454,1.62,408,1.62,244.92,408,56.151,45.37,"[244.92, 408, 350.63, 401.5, 398.88, 352.92]","[1, 2, 2, 2, 4, 2]",13
assembly_1,6,1.0,subgraph_mip,blended,50,343,1105,38,3.44,0.411,0.192,0.497,0.689,619.37,0.9303,0.0,401.5,0.0,336.2,401.5,20.212,18.17,"[350.63, 401.5, 336.2, 354.92, 352.92, 360.68]","[2, 2, 2, 2, 2, 3]",13
assembly_1,6,1.0,subgraph_mip,blended_union,50,343,1105,112,10.14,0.411,0.596,2.348,2.944,144.88,0.9303,0.0,401.5,0.0,336.2,401.5,20.212,18.17,"[350.63, 401.5, 336.2, 354.92, 352.92, 360.68]","[2, 2, 2, 2, 2, 3]",13
assembly_1,6,1.0,subgraph_mip,diverse,50,343,1105,504,45.61,0.411,0.054,40.321,40.375,10.56,0.9303,0.0,401.5,0.0,339.12,401.5,21.235,17.35,"[342.48, 370.2, 350.63, 339.12, 352.92, 401.5]","[2, 3, 2, 2, 2, 2]",13
assembly_1,6,1.0,subgraph_mip,edge_weight,100,343,1105,78,7.06,0.411,0.291,1.277,1.569,271.87,0.9454,1.62,408,1.62,276,408,44.609,36.72,"[339.12, 352.92, 408, 276, 379.31, 401.5]","[2, 2, 2, 2, 3, 2]",13
assembly_1,6,1.0,subgraph_mip,time_balanced_weight,100,343,1105,202,18.28,0.411,0.402,5.924,6.326,67.42,0.9454,1.62,408,1.62,304.68,408,35.728,28.74,"[339.12, 408, 350.63, 304.68, 352.92, 401.5]","[2, 2, 2, 3, 2, 2]",13
assembly_1,6,1.0,subgraph_mip,combined,100,343,1105,262,23.71,0.411,0.662,13.68,14.342,29.74,0.9454,1.62,408,1.62,244.92,408,56.151,45.37,"[244.92, 408, 350.63, 398.88, 401.5, 352.92]","[1, 2, 2, 4, 2, 2]",13
assembly_1,6,1.0,subgraph_mip,blended,100,343,1105,45,4.07,0.411,0.499,0.554,1.053,404.88,0.9303,-0.0,401.5,0.0,336.2,401.5,20.212,18.17,"[350.63, 401.5, 336.2, 354.92, 352.92, 360.68]","[2, 2, 2, 2, 2, 3]",13
assembly_1,6,1.0,subgraph_mip,blended_union,100,343,1105,155,14.03,0.411,1.185,3.147,4.332,98.44,0.9303,0.0,401.5,0.0,336.2,401.5,22.849,18.17,"[336.2, 376.48, 350.63, 401.5, 339.12, 352.92]","[2, 3, 2, 2, 2, 2]",13
assembly_1,6,1.0,subgraph_mip,diverse,100,343,1105,729,65.97,0.411,0.093,153.63,153.724,2.77,0.9303,0.0,401.5,0.0,336.2,401.5,22.849,18.17,"[376.48, 336.2, 350.63, 401.5, 339.12, 352.92]","[3, 2, 2, 2, 2, 2]",13
assembly_1,6,1.0,subgraph_mip,edge_weight,200,343,1105,95,8.6,0.411,0.692,1.347,2.039,209.11,0.9303,0.0,401.5,0.0,332,401.5,26.232,19.33,"[339.12, 352.92, 342.48, 332, 388.83, 401.5]","[2, 2, 2, 2, 3, 2]",13
assembly_1,6,1.0,subgraph_mip,time_balanced_weight,200,343,1105,254,22.99,0.411,0.791,9.937,10.728,39.75,0.9454,1.62,408,1.62,298.4,408,36.901,30.49,"[408, 345.4, 350.63, 298.4, 401.5, 352.92]","[2, 2, 2, 3, 2, 2]",13
assembly_1,6,1.0,subgraph_mip,combined,200,343,1105,327,29.59,0.411,1.42,15.924,17.344,24.59,0.9303,0.0,401.5,0.0,332,401.5,26.232,19.33,"[339.12, 352.92, 342.48, 332, 388.83, 401.5]","[2, 2, 2, 2, 3, 2]",13
assembly_1,6,1.0,subgraph_mip,blended,200,343,1105,74,6.7,0.411,0.67,0.824,1.493,285.55,0.9303,0.0,401.5,0.0,336.2,401.5,20.212,18.17,"[350.63, 401.5, 336.2, 354.92, 352.92, 360.68]","[2, 2, 2, 2, 2, 3]",13
assembly_1,6,1.0,subgraph_mip,blended_union,200,343,1105,222,20.09,0.411,1.948,5.218,7.166,59.51,0.9303,0.0,401.5,0.0,336.2,401.5,20.212,18.17,"[350.63, 401.5, 336.2, 354.92, 352.92, 360.68]","[2, 2, 2, 2, 2, 3]",13
assembly_1,6,1.0,subgraph_mip,diverse,200,343,1105,896,81.09,0.411,0.162,308.245,308.407,1.38,0.9303,0.0,401.5,0.0,336.2,401.5,22.849,18.17,"[336.2, 376.48, 350.63, 339.12, 352.92, 401.5]","[2, 3, 2, 2, 2, 2]",13
assembly_1,6,1.0,subgraph_mip,edge_weight,500,343,1105,108,9.77,0.411,1.337,2.331,3.667,116.29,0.9303,0.0,401.5,0.0,332,401.5,26.232,19.33,"[339.12, 352.92, 342.48, 332, 388.83, 401.5]","[2, 2, 2, 2, 3, 2]",13
assembly_1,6,1.0,subgraph_mip,time_balanced_weight,500,343,1105,395,35.75,0.411,1.543,24.734,26.277,16.23,0.9454,1.62,408,1.62,335.98,408,24.139,20.03,"[408, 350.63, 354.92, 339.12, 335.98, 368.2]","[2, 2, 2, 2, 2, 3]",13
assembly_1,6,1.0,subgraph_mip,combined,500,343,1105,451,40.81,0.411,2.775,43.349,46.124,9.25,0.9303,0.0,401.5,0.0,332,401.5,26.232,19.33,"[352.92, 339.12, 342.48, 332, 388.83, 401.5]","[2, 2, 2, 2, 3, 2]",13
assembly_1,6,1.0,subgraph_mip,blended,500,343,1105,111,10.05,0.411,1.852,1.25,3.102,137.48,0.9303,0.0,401.5,0.0,336.2,401.5,20.212,18.17,"[350.63, 401.5, 336.2, 354.92, 352.92, 360.68]","[2, 2, 2, 2, 2, 3]",13
assembly_1,6,1.0,subgraph_mip,blended_union,500,343,1105,268,24.25,0.411,4.472,6.097,10.569,40.35,0.9303,-0.0,401.5,0.0,339.12,401.5,21.235,17.35,"[350.63, 370.2, 342.48, 401.5, 339.12, 352.92]","[2, 3, 2, 2, 2, 2]",13
assembly_1,6,1.0,subgraph_mip,diverse,500,343,1105,1043,94.39,0.411,0.405,320.507,320.912,1.33,0.9303,0.0,401.5,0.0,339.12,401.5,21.235,17.35,"[350.63, 370.2, 342.48, 401.5, 339.12, 352.92]","[2, 3, 2, 2, 2, 2]",13
assembly_1,6,1.0,subgraph_mip,edge_weight,1000,343,1105,142,12.85,0.411,2.338,2.303,4.641,91.89,0.9303,0.0,401.5,0.0,332,401.5,26.232,19.33,"[339.12, 352.92, 342.48, 332, 388.83, 401.5]","[2, 2, 2, 2, 3, 2]",13
assembly_1,6,1.0,subgraph_mip,time_balanced_weight,1000,343,1105,471,42.62,0.411,2.897,26.454,29.351,14.53,0.9454,1.62,408,1.62,329.7,408,26.032,21.78,"[352.92, 339.12, 408, 350.63, 329.7, 376.48]","[2, 2, 2, 2, 2, 3]",13
assembly_1,6,1.0,subgraph_mip,combined,1000,343,1105,546,49.41,0.411,5.28,44.856,50.136,8.51,0.9303,0.0,401.5,0.0,332,401.5,26.232,19.33,"[339.12, 352.92, 342.48, 332, 388.83, 401.5]","[2, 2, 2, 2, 3, 2]",13
assembly_1,6,1.0,subgraph_mip,blended,1000,343,1105,147,13.3,0.411,3.246,2.433,5.679,75.09,0.9303,0.0,401.5,0.0,336.2,401.5,21.378,18.17,"[350.63, 401.5, 336.2, 345.4, 370.2, 352.92]","[2, 2, 2, 2, 3, 2]",13
assembly_1,6,1.0,subgraph_mip,blended_union,1000,343,1105,328,29.68,0.411,8.446,6.922,15.369,27.75,0.9303,-0.0,401.5,0.0,336.2,401.5,20.212,18.17,"[350.63, 401.5, 336.2, 354.92, 352.92, 360.68]","[2, 2, 2, 2, 2, 3]",13
assembly_1,6,1.0,subgraph_mip,diverse,1000,343,1105,1094,99.0,0.411,0.709,385.177,385.886,1.11,0.9303,0.0,401.5,0.0,332,401.5,22.573,19.33,"[332, 342.48, 373.03, 401.5, 354.92, 352.92]","[2, 2, 3, 2, 2, 2]",13
assembly_1,6,1.0,subgraph_mip,edge_weight,2000,343,1105,185,16.74,0.411,4.768,4.006,8.774,48.61,0.9303,0.0,401.5,0.0,332,401.5,26.232,19.33,"[339.12, 352.92, 342.48, 332, 388.83, 401.5]","[2, 2, 2, 2, 3, 2]",13
assembly_1,6,1.0,subgraph_mip,time_balanced_weight,2000,343,1105,617,55.84,0.411,4.928,56.483,61.411,6.94,0.9303,0.0,401.5,0.0,332,401.5,26.232,19.33,"[352.92, 339.12, 342.48, 332, 388.83, 401.5]","[2, 2, 2, 2, 3, 2]",13
assembly_1,6,1.0,subgraph_mip,combined,2000,343,1105,666,60.27,0.411,9.768,62.758,72.526,5.88,0.9303,0.0,401.5,0.0,332,401.5,26.349,19.33,"[336.2, 345.4, 352.92, 332, 388.83, 401.5]","[2, 2, 2, 2, 3, 2]",13
assembly_1,6,1.0,subgraph_mip,blended,2000,343,1105,218,19.73,0.411,6.003,3.126,9.129,46.72,0.9303,0.0,401.5,0.0,339.12,401.5,21.235,17.35,"[350.63, 401.5, 342.48, 339.12, 370.2, 352.92]","[2, 2, 2, 2, 3, 2]",13
assembly_1,6,1.0,subgraph_mip,blended_union,2000,343,1105,423,38.28,0.411,16.296,8.485,24.781,17.21,0.9303,0.0,401.5,0.0,339.12,401.5,21.235,17.35,"[350.63, 401.5, 342.48, 339.12, 352.92, 370.2]","[2, 2, 2, 2, 2, 3]",13
assembly_1,6,1.0,subgraph_mip,diverse,2000,343,1105,1105,100.0,0.411,1.248,267.417,268.664,1.59,0.9303,0.0,401.5,0.0,332,401.5,24.221,19.33,"[336.2, 332, 379.31, 401.5, 354.92, 352.92]","[2, 2, 3, 2, 2, 2]",13
assembly_1,6,1.0,subgraph_mip,edge_weight,5000,343,1105,232,21.0,0.411,17.64,3.346,20.986,20.32,0.9303,0.0,401.5,0.0,332,401.5,26.232,19.33,"[339.12, 352.92, 342.48, 332, 388.83, 401.5]","[2, 2, 2, 2, 3, 2]",13
assembly_1,6,1.0,subgraph_mip,time_balanced_weight,5000,343,1105,768,69.5,0.411,16.742,86.838,103.58,4.12,0.9303,0.0,401.5,0.0,332,401.5,26.232,19.33,"[352.92, 339.12, 342.48, 332, 388.83, 401.5]","[2, 2, 2, 2, 3, 2]",13
assembly_1,6,1.0,subgraph_mip,combined,5000,343,1105,809,73.21,0.411,34.055,59.047,93.102,4.58,0.9303,0.0,401.5,0.0,332,401.5,26.349,19.33,"[336.2, 345.4, 352.92, 332, 388.83, 401.5]","[2, 2, 2, 2, 3, 2]",13
assembly_1,6,1.0,subgraph_mip,blended,5000,343,1105,320,28.96,0.411,20.063,5.969,26.031,16.38,0.9303,-0.0,401.5,0.0,336.2,401.5,21.139,18.17,"[350.63, 401.5, 336.2, 345.4, 354.92, 368.2]","[2, 2, 2, 2, 2, 3]",13
assembly_1,6,1.0,subgraph_mip,blended_union,5000,343,1105,532,48.14,0.411,57.769,30.025,87.794,4.86,0.9303,0.0,401.5,0.0,332,401.5,26.232,19.33,"[339.12, 342.48, 332, 388.83, 401.5, 352.92]","[2, 2, 2, 3, 2, 2]",13
assembly_1,6,1.0,subgraph_mip,diverse,5000,343,1105,1105,100.0,0.411,2.899,250.223,253.122,1.68,0.9303,0.0,401.5,0.0,332,401.5,24.221,19.33,"[336.2, 332, 379.31, 401.5, 354.92, 352.92]","[2, 2, 3, 2, 2, 2]",13
