{
    "joint1": {
        "dfm": {
            "P1": [ 
                [0, 0, 0, 0],
                [0, 0, 0, 0],  
                [0, 1, 0, 0]],
            "P2": [
                [0, 0, 0, 0],
                [0, 0, 0, 0],  
                [1, 0, 0, 0]]
        },
        "Origin": [
            119.141,
            220.176,
            149.538
        ],
        "Xuvec": [
            0.040019803,
            -0.141266824,
            0.989162322
        ],
        "Yuvec": [
            -0.005712515,
            -0.989971557,
            -0.141151276
        ],
        "Zuvec": [
            0.999182557,
            -1.758e-06,
            -0.040425456
        ]
    },
    "joint2": {
        "dfm": {
            "P2": [ 
                [0, 1, 0, 0],
                [1, 0, 0, 0],  
                [1, 1, 0, 0]],
            "P3": [
                [0, 0, 0, 0],
                [0, 0, 0, 0],  
                [0, 1, 0, 0]]
        },
        "Origin": [
            154.639,
            248.756,
            178.198
        ],
        "Xuvec": [
            -0.987944689,
            -0.154807269,
            0.0
        ],
        "Yuvec": [
            -0.110627628,
            0.70600295,
            -0.69951777
        ],
        "Zuvec": [
            0.108290436,
            -0.691084866,
            -0.714615204
        ]
    }
} 