================ edge-reduction λ sweep ================
date         : 2026-07-02T20:07:46+02:00
host         : TUMWUTG-MIT148
git commit   : 1ac97c3 (research/wgp-2026)
python       : Python 3.14.4
base config  : experiments/edge_reduction/config_ass_1_np_4.py
instance     : assembly_1
parts file   : data/assembly_1/assembly_1_parts.json
num_phases   : 4
lambda grid  : 0.0 0.1 0.2 0.3 0.4 0.5 0.6 0.7 0.8 0.9 1.0
jobs (par.)  : 11
rundir       : experiments/edge_reduction/sweeps/assembly_1_np_4
=======================================================

----------------- λ = 0.0 -----------------
2026-07-02 20:07:47.092 | INFO     | __main__:<module>:193 - Running /home/md/Work/PyCAALP/experiments/edge_reduction/run.py
2026-07-02 20:07:47.092 | INFO     | __main__:<module>:194 - ASSEMBLY_FNAME='data/assembly_1/assembly_1_parts.json'
2026-07-02 20:07:47.093 | INFO     | __main__:<module>:197 - NUM_PHASES=4
2026-07-02 20:07:47.093 | INFO     | __main__:<module>:198 - RES_FNAME='experiments/edge_reduction/sweeps/assembly_1_np_4/lambda_0.0/res.pkl'
2026-07-02 20:07:47.093 | INFO     | experiments.edge_reduction.scripts.combination_runs:run_full_edge_reduction_change:98 - Running test with: red_perc=0
2026-07-02 20:07:47.096 | INFO     | pycaalp.gapp.assembly_digraph:compute_assembly_digraph_complete:395 - Computing assembly digraph...
2026-07-02 20:07:47.357 | INFO     | pycaalp.time_balancing.model:run_mip:430 - Running MIP solver ...
2026-07-02 20:07:47.681 | INFO     | experiments.edge_reduction.scripts.combination_runs:run_full_edge_reduction_change:98 - Running test with: red_perc=5
2026-07-02 20:07:47.684 | INFO     | pycaalp.gapp.assembly_digraph:compute_assembly_digraph_complete:395 - Computing assembly digraph...
2026-07-02 20:07:48.273 | INFO     | pycaalp.time_balancing.model:run_mip:430 - Running MIP solver ...
2026-07-02 20:07:48.608 | INFO     | pycaalp.gapp.assembly_digraph:compute_assembly_digraph_complete:395 - Computing assembly digraph...
2026-07-02 20:07:49.241 | INFO     | pycaalp.time_balancing.model:run_mip:430 - Running MIP solver ...
2026-07-02 20:07:49.678 | INFO     | pycaalp.gapp.assembly_digraph:compute_assembly_digraph_complete:395 - Computing assembly digraph...
2026-07-02 20:07:50.178 | INFO     | pycaalp.time_balancing.model:run_mip:430 - Running MIP solver ...
2026-07-02 20:07:50.476 | INFO     | pycaalp.gapp.assembly_digraph:compute_assembly_digraph_complete:395 - Computing assembly digraph...
2026-07-02 20:07:50.939 | INFO     | pycaalp.time_balancing.model:run_mip:430 - Running MIP solver ...
2026-07-02 20:07:51.199 | INFO     | pycaalp.gapp.assembly_digraph:compute_assembly_digraph_complete:395 - Computing assembly digraph...
2026-07-02 20:07:51.628 | INFO     | pycaalp.time_balancing.model:run_mip:430 - Running MIP solver ...
2026-07-02 20:07:51.903 | INFO     | experiments.edge_reduction.scripts.combination_runs:run_full_edge_reduction_change:98 - Running test with: red_perc=10
2026-07-02 20:07:51.910 | INFO     | pycaalp.gapp.assembly_digraph:compute_assembly_digraph_complete:395 - Computing assembly digraph...
2026-07-02 20:07:52.412 | INFO     | pycaalp.time_balancing.model:run_mip:430 - Running MIP solver ...
2026-07-02 20:07:52.731 | INFO     | pycaalp.gapp.assembly_digraph:compute_assembly_digraph_complete:395 - Computing assembly digraph...
2026-07-02 20:07:53.235 | INFO     | pycaalp.time_balancing.model:run_mip:430 - Running MIP solver ...
2026-07-02 20:07:53.528 | INFO     | pycaalp.gapp.assembly_digraph:compute_assembly_digraph_complete:395 - Computing assembly digraph...
2026-07-02 20:07:54.019 | INFO     | pycaalp.time_balancing.model:run_mip:430 - Running MIP solver ...
2026-07-02 20:07:54.321 | INFO     | pycaalp.gapp.assembly_digraph:compute_assembly_digraph_complete:395 - Computing assembly digraph...
2026-07-02 20:07:54.792 | INFO     | pycaalp.time_balancing.model:run_mip:430 - Running MIP solver ...
2026-07-02 20:07:55.090 | INFO     | pycaalp.gapp.assembly_digraph:compute_assembly_digraph_complete:395 - Computing assembly digraph...
2026-07-02 20:07:55.523 | INFO     | pycaalp.time_balancing.model:run_mip:430 - Running MIP solver ...
2026-07-02 20:07:55.806 | INFO     | experiments.edge_reduction.scripts.combination_runs:run_full_edge_reduction_change:98 - Running test with: red_perc=15
2026-07-02 20:07:55.810 | INFO     | pycaalp.gapp.assembly_digraph:compute_assembly_digraph_complete:395 - Computing assembly digraph...
2026-07-02 20:07:56.222 | INFO     | pycaalp.time_balancing.model:run_mip:430 - Running MIP solver ...
2026-07-02 20:07:56.555 | INFO     | pycaalp.gapp.assembly_digraph:compute_assembly_digraph_complete:395 - Computing assembly digraph...
2026-07-02 20:07:57.133 | INFO     | pycaalp.time_balancing.model:run_mip:430 - Running MIP solver ...
2026-07-02 20:07:57.447 | INFO     | pycaalp.gapp.assembly_digraph:compute_assembly_digraph_complete:395 - Computing assembly digraph...
2026-07-02 20:07:57.882 | INFO     | pycaalp.time_balancing.model:run_mip:430 - Running MIP solver ...
2026-07-02 20:07:58.239 | INFO     | pycaalp.gapp.assembly_digraph:compute_assembly_digraph_complete:395 - Computing assembly digraph...
2026-07-02 20:07:58.764 | INFO     | pycaalp.time_balancing.model:run_mip:430 - Running MIP solver ...
2026-07-02 20:07:59.031 | INFO     | pycaalp.gapp.assembly_digraph:compute_assembly_digraph_complete:395 - Computing assembly digraph...
2026-07-02 20:07:59.483 | INFO     | pycaalp.time_balancing.model:run_mip:430 - Running MIP solver ...
2026-07-02 20:07:59.727 | INFO     | experiments.edge_reduction.scripts.combination_runs:run_full_edge_reduction_change:98 - Running test with: red_perc=20
2026-07-02 20:07:59.731 | INFO     | pycaalp.gapp.assembly_digraph:compute_assembly_digraph_complete:395 - Computing assembly digraph...
2026-07-02 20:08:00.188 | INFO     | pycaalp.time_balancing.model:run_mip:430 - Running MIP solver ...
2026-07-02 20:08:00.506 | INFO     | pycaalp.gapp.assembly_digraph:compute_assembly_digraph_complete:395 - Computing assembly digraph...
2026-07-02 20:08:01.021 | INFO     | pycaalp.time_balancing.model:run_mip:430 - Running MIP solver ...
2026-07-02 20:08:01.328 | INFO     | pycaalp.gapp.assembly_digraph:compute_assembly_digraph_complete:395 - Computing assembly digraph...
2026-07-02 20:08:01.803 | INFO     | pycaalp.time_balancing.model:run_mip:430 - Running MIP solver ...
2026-07-02 20:08:02.050 | INFO     | pycaalp.gapp.assembly_digraph:compute_assembly_digraph_complete:395 - Computing assembly digraph...
2026-07-02 20:08:02.527 | INFO     | pycaalp.time_balancing.model:run_mip:430 - Running MIP solver ...
2026-07-02 20:08:02.857 | INFO     | pycaalp.gapp.assembly_digraph:compute_assembly_digraph_complete:395 - Computing assembly digraph...
2026-07-02 20:08:03.260 | INFO     | pycaalp.time_balancing.model:run_mip:430 - Running MIP solver ...
2026-07-02 20:08:03.586 | INFO     | experiments.edge_reduction.scripts.combination_runs:run_full_edge_reduction_change:98 - Running test with: red_perc=25
2026-07-02 20:08:03.589 | INFO     | pycaalp.gapp.assembly_digraph:compute_assembly_digraph_complete:395 - Computing assembly digraph...
2026-07-02 20:08:04.046 | INFO     | pycaalp.time_balancing.model:run_mip:430 - Running MIP solver ...
2026-07-02 20:08:04.331 | INFO     | pycaalp.gapp.assembly_digraph:compute_assembly_digraph_complete:395 - Computing assembly digraph...
2026-07-02 20:08:04.831 | INFO     | pycaalp.time_balancing.model:run_mip:430 - Running MIP solver ...
2026-07-02 20:08:05.084 | INFO     | pycaalp.gapp.assembly_digraph:compute_assembly_digraph_complete:395 - Computing assembly digraph...
2026-07-02 20:08:05.567 | INFO     | pycaalp.time_balancing.model:run_mip:430 - Running MIP solver ...
2026-07-02 20:08:05.847 | INFO     | pycaalp.gapp.assembly_digraph:compute_assembly_digraph_complete:395 - Computing assembly digraph...
2026-07-02 20:08:06.372 | INFO     | pycaalp.time_balancing.model:run_mip:430 - Running MIP solver ...
2026-07-02 20:08:06.639 | INFO     | pycaalp.gapp.assembly_digraph:compute_assembly_digraph_complete:395 - Computing assembly digraph...
2026-07-02 20:08:07.105 | INFO     | pycaalp.time_balancing.model:run_mip:430 - Running MIP solver ...
2026-07-02 20:08:07.299 | INFO     | experiments.edge_reduction.scripts.combination_runs:run_full_edge_reduction_change:98 - Running test with: red_perc=30
2026-07-02 20:08:07.302 | INFO     | pycaalp.gapp.assembly_digraph:compute_assembly_digraph_complete:395 - Computing assembly digraph...
2026-07-02 20:08:07.778 | INFO     | pycaalp.time_balancing.model:run_mip:430 - Running MIP solver ...
2026-07-02 20:08:08.028 | INFO     | pycaalp.gapp.assembly_digraph:compute_assembly_digraph_complete:395 - Computing assembly digraph...
2026-07-02 20:08:08.481 | INFO     | pycaalp.time_balancing.model:run_mip:430 - Running MIP solver ...
2026-07-02 20:08:08.714 | INFO     | pycaalp.gapp.assembly_digraph:compute_assembly_digraph_complete:395 - Computing assembly digraph...
2026-07-02 20:08:09.201 | INFO     | pycaalp.time_balancing.model:run_mip:430 - Running MIP solver ...
2026-07-02 20:08:09.432 | INFO     | pycaalp.gapp.assembly_digraph:compute_assembly_digraph_complete:395 - Computing assembly digraph...
2026-07-02 20:08:09.876 | INFO     | pycaalp.time_balancing.model:run_mip:430 - Running MIP solver ...
2026-07-02 20:08:10.091 | INFO     | pycaalp.gapp.assembly_digraph:compute_assembly_digraph_complete:395 - Computing assembly digraph...
2026-07-02 20:08:10.556 | INFO     | pycaalp.time_balancing.model:run_mip:430 - Running MIP solver ...
2026-07-02 20:08:10.707 | INFO     | experiments.edge_reduction.scripts.combination_runs:run_full_edge_reduction_change:98 - Running test with: red_perc=35
2026-07-02 20:08:10.711 | INFO     | pycaalp.gapp.assembly_digraph:compute_assembly_digraph_complete:395 - Computing assembly digraph...
2026-07-02 20:08:11.221 | INFO     | pycaalp.time_balancing.model:run_mip:430 - Running MIP solver ...
2026-07-02 20:08:11.454 | INFO     | pycaalp.gapp.assembly_digraph:compute_assembly_digraph_complete:395 - Computing assembly digraph...
2026-07-02 20:08:11.899 | INFO     | pycaalp.time_balancing.model:run_mip:430 - Running MIP solver ...
2026-07-02 20:08:12.095 | INFO     | pycaalp.gapp.assembly_digraph:compute_assembly_digraph_complete:395 - Computing assembly digraph...
2026-07-02 20:08:12.579 | INFO     | pycaalp.time_balancing.model:run_mip:430 - Running MIP solver ...
2026-07-02 20:08:12.806 | INFO     | pycaalp.gapp.assembly_digraph:compute_assembly_digraph_complete:395 - Computing assembly digraph...
2026-07-02 20:08:13.261 | INFO     | pycaalp.time_balancing.model:run_mip:430 - Running MIP solver ...
2026-07-02 20:08:13.441 | INFO     | pycaalp.gapp.assembly_digraph:compute_assembly_digraph_complete:395 - Computing assembly digraph...
2026-07-02 20:08:14.008 | INFO     | pycaalp.time_balancing.model:run_mip:430 - Running MIP solver ...
2026-07-02 20:08:14.198 | INFO     | experiments.edge_reduction.scripts.combination_runs:run_full_edge_reduction_change:98 - Running test with: red_perc=40
2026-07-02 20:08:14.205 | INFO     | pycaalp.gapp.assembly_digraph:compute_assembly_digraph_complete:395 - Computing assembly digraph...
2026-07-02 20:08:14.594 | INFO     | pycaalp.time_balancing.model:run_mip:430 - Running MIP solver ...
2026-07-02 20:08:14.809 | INFO     | pycaalp.gapp.assembly_digraph:compute_assembly_digraph_complete:395 - Computing assembly digraph...
2026-07-02 20:08:15.367 | INFO     | pycaalp.time_balancing.model:run_mip:430 - Running MIP solver ...
2026-07-02 20:08:15.553 | INFO     | pycaalp.gapp.assembly_digraph:compute_assembly_digraph_complete:395 - Computing assembly digraph...
2026-07-02 20:08:16.096 | INFO     | pycaalp.time_balancing.model:run_mip:430 - Running MIP solver ...
2026-07-02 20:08:16.338 | INFO     | pycaalp.gapp.assembly_digraph:compute_assembly_digraph_complete:395 - Computing assembly digraph...
2026-07-02 20:08:16.889 | INFO     | pycaalp.time_balancing.model:run_mip:430 - Running MIP solver ...
2026-07-02 20:08:17.036 | INFO     | pycaalp.gapp.assembly_digraph:compute_assembly_digraph_complete:395 - Computing assembly digraph...
2026-07-02 20:08:17.520 | INFO     | pycaalp.time_balancing.model:run_mip:430 - Running MIP solver ...
2026-07-02 20:08:17.706 | INFO     | experiments.edge_reduction.scripts.combination_runs:run_full_edge_reduction_change:98 - Running test with: red_perc=45
2026-07-02 20:08:17.710 | INFO     | pycaalp.gapp.assembly_digraph:compute_assembly_digraph_complete:395 - Computing assembly digraph...
2026-07-02 20:08:18.294 | INFO     | pycaalp.time_balancing.model:run_mip:430 - Running MIP solver ...
2026-07-02 20:08:18.414 | INFO     | pycaalp.gapp.assembly_digraph:compute_assembly_digraph_complete:395 - Computing assembly digraph...
2026-07-02 20:08:19.021 | INFO     | pycaalp.time_balancing.model:run_mip:430 - Running MIP solver ...
2026-07-02 20:08:19.153 | INFO     | pycaalp.gapp.assembly_digraph:compute_assembly_digraph_complete:395 - Computing assembly digraph...
2026-07-02 20:08:19.743 | INFO     | pycaalp.time_balancing.model:run_mip:430 - Running MIP solver ...
2026-07-02 20:08:19.966 | INFO     | pycaalp.gapp.assembly_digraph:compute_assembly_digraph_complete:395 - Computing assembly digraph...
2026-07-02 20:08:20.583 | INFO     | pycaalp.time_balancing.model:run_mip:430 - Running MIP solver ...
2026-07-02 20:08:20.756 | INFO     | pycaalp.gapp.assembly_digraph:compute_assembly_digraph_complete:395 - Computing assembly digraph...
2026-07-02 20:08:21.300 | INFO     | pycaalp.time_balancing.model:run_mip:430 - Running MIP solver ...
2026-07-02 20:08:21.491 | INFO     | experiments.edge_reduction.scripts.combination_runs:run_full_edge_reduction_change:98 - Running test with: red_perc=50
2026-07-02 20:08:21.495 | INFO     | pycaalp.gapp.assembly_digraph:compute_assembly_digraph_complete:395 - Computing assembly digraph...
2026-07-02 20:08:21.982 | INFO     | pycaalp.time_balancing.model:run_mip:430 - Running MIP solver ...
2026-07-02 20:08:22.118 | INFO     | pycaalp.gapp.assembly_digraph:compute_assembly_digraph_complete:395 - Computing assembly digraph...
2026-07-02 20:08:22.720 | INFO     | pycaalp.time_balancing.model:run_mip:430 - Running MIP solver ...
2026-07-02 20:08:22.906 | INFO     | pycaalp.gapp.assembly_digraph:compute_assembly_digraph_complete:395 - Computing assembly digraph...
2026-07-02 20:08:23.379 | INFO     | pycaalp.time_balancing.model:run_mip:430 - Running MIP solver ...
2026-07-02 20:08:23.511 | INFO     | pycaalp.gapp.assembly_digraph:compute_assembly_digraph_complete:395 - Computing assembly digraph...
2026-07-02 20:08:24.112 | INFO     | pycaalp.time_balancing.model:run_mip:430 - Running MIP solver ...
2026-07-02 20:08:24.241 | INFO     | pycaalp.gapp.assembly_digraph:compute_assembly_digraph_complete:395 - Computing assembly digraph...
2026-07-02 20:08:24.816 | INFO     | pycaalp.time_balancing.model:run_mip:430 - Running MIP solver ...
2026-07-02 20:08:24.916 | INFO     | experiments.edge_reduction.scripts.combination_runs:run_full_edge_reduction_change:98 - Running test with: red_perc=55
2026-07-02 20:08:24.923 | INFO     | pycaalp.gapp.assembly_digraph:compute_assembly_digraph_complete:395 - Computing assembly digraph...
2026-07-02 20:08:25.538 | INFO     | pycaalp.time_balancing.model:run_mip:430 - Running MIP solver ...
2026-07-02 20:08:25.628 | INFO     | pycaalp.gapp.assembly_digraph:compute_assembly_digraph_complete:395 - Computing assembly digraph...
2026-07-02 20:08:26.262 | INFO     | pycaalp.time_balancing.model:run_mip:430 - Running MIP solver ...
2026-07-02 20:08:26.381 | INFO     | pycaalp.gapp.assembly_digraph:compute_assembly_digraph_complete:395 - Computing assembly digraph...
2026-07-02 20:08:27.059 | INFO     | pycaalp.time_balancing.model:run_mip:430 - Running MIP solver ...
2026-07-02 20:08:27.175 | INFO     | pycaalp.gapp.assembly_digraph:compute_assembly_digraph_complete:395 - Computing assembly digraph...
2026-07-02 20:08:27.763 | INFO     | pycaalp.time_balancing.model:run_mip:430 - Running MIP solver ...
2026-07-02 20:08:27.881 | INFO     | pycaalp.gapp.assembly_digraph:compute_assembly_digraph_complete:395 - Computing assembly digraph...
2026-07-02 20:08:28.710 | INFO     | pycaalp.time_balancing.model:run_mip:430 - Running MIP solver ...
2026-07-02 20:08:28.802 | INFO     | experiments.edge_reduction.scripts.combination_runs:run_full_edge_reduction_change:98 - Running test with: red_perc=60
2026-07-02 20:08:28.805 | INFO     | pycaalp.gapp.assembly_digraph:compute_assembly_digraph_complete:395 - Computing assembly digraph...
2026-07-02 20:08:29.443 | INFO     | pycaalp.time_balancing.model:run_mip:430 - Running MIP solver ...
2026-07-02 20:08:29.565 | INFO     | pycaalp.gapp.assembly_digraph:compute_assembly_digraph_complete:395 - Computing assembly digraph...
2026-07-02 20:08:30.142 | INFO     | pycaalp.time_balancing.model:run_mip:430 - Running MIP solver ...
2026-07-02 20:08:30.238 | INFO     | pycaalp.gapp.assembly_digraph:compute_assembly_digraph_complete:395 - Computing assembly digraph...
2026-07-02 20:08:30.899 | INFO     | pycaalp.time_balancing.model:run_mip:430 - Running MIP solver ...
2026-07-02 20:08:30.973 | INFO     | pycaalp.gapp.assembly_digraph:compute_assembly_digraph_complete:395 - Computing assembly digraph...
2026-07-02 20:08:31.570 | INFO     | pycaalp.time_balancing.model:run_mip:430 - Running MIP solver ...
2026-07-02 20:08:31.656 | INFO     | pycaalp.gapp.assembly_digraph:compute_assembly_digraph_complete:395 - Computing assembly digraph...
2026-07-02 20:08:32.266 | INFO     | pycaalp.time_balancing.model:run_mip:430 - Running MIP solver ...
2026-07-02 20:08:32.330 | INFO     | experiments.edge_reduction.scripts.combination_runs:run_full_edge_reduction_change:98 - Running test with: red_perc=65
2026-07-02 20:08:32.334 | INFO     | pycaalp.gapp.assembly_digraph:compute_assembly_digraph_complete:395 - Computing assembly digraph...
2026-07-02 20:08:32.886 | INFO     | pycaalp.time_balancing.model:run_mip:430 - Running MIP solver ...
2026-07-02 20:08:32.936 | INFO     | pycaalp.gapp.assembly_digraph:compute_assembly_digraph_complete:395 - Computing assembly digraph...
2026-07-02 20:08:33.427 | INFO     | pycaalp.time_balancing.model:run_mip:430 - Running MIP solver ...
2026-07-02 20:08:33.493 | INFO     | pycaalp.gapp.assembly_digraph:compute_assembly_digraph_complete:395 - Computing assembly digraph...
2026-07-02 20:08:34.036 | INFO     | pycaalp.time_balancing.model:run_mip:430 - Running MIP solver ...
2026-07-02 20:08:34.090 | INFO     | pycaalp.gapp.assembly_digraph:compute_assembly_digraph_complete:395 - Computing assembly digraph...
2026-07-02 20:08:34.611 | INFO     | pycaalp.time_balancing.model:run_mip:430 - Running MIP solver ...
2026-07-02 20:08:34.671 | INFO     | pycaalp.gapp.assembly_digraph:compute_assembly_digraph_complete:395 - Computing assembly digraph...
2026-07-02 20:08:35.227 | INFO     | pycaalp.time_balancing.model:run_mip:430 - Running MIP solver ...
2026-07-02 20:08:35.277 | INFO     | experiments.edge_reduction.scripts.combination_runs:run_full_edge_reduction_change:98 - Running test with: red_perc=70
2026-07-02 20:08:35.281 | INFO     | pycaalp.gapp.assembly_digraph:compute_assembly_digraph_complete:395 - Computing assembly digraph...
2026-07-02 20:08:35.833 | INFO     | pycaalp.time_balancing.model:run_mip:430 - Running MIP solver ...
2026-07-02 20:08:35.875 | INFO     | pycaalp.gapp.assembly_digraph:compute_assembly_digraph_complete:395 - Computing assembly digraph...
2026-07-02 20:08:36.445 | INFO     | pycaalp.time_balancing.model:run_mip:430 - Running MIP solver ...
2026-07-02 20:08:36.524 | INFO     | pycaalp.gapp.assembly_digraph:compute_assembly_digraph_complete:395 - Computing assembly digraph...
2026-07-02 20:08:37.131 | INFO     | pycaalp.time_balancing.model:run_mip:430 - Running MIP solver ...
2026-07-02 20:08:37.179 | INFO     | pycaalp.gapp.assembly_digraph:compute_assembly_digraph_complete:395 - Computing assembly digraph...
2026-07-02 20:08:37.820 | INFO     | pycaalp.time_balancing.model:run_mip:430 - Running MIP solver ...
2026-07-02 20:08:37.872 | INFO     | pycaalp.gapp.assembly_digraph:compute_assembly_digraph_complete:395 - Computing assembly digraph...
2026-07-02 20:08:38.461 | INFO     | pycaalp.time_balancing.model:run_mip:430 - Running MIP solver ...
2026-07-02 20:08:38.499 | INFO     | __main__:<module>:240 - Running plot_total_time
{0: (np.float64(0.28146099999999996), np.float64(0.8329273450820582), np.float64(2156.85), np.float64(0.0), np.float64(0.0), np.float64(0.0), np.float64(0.5878165919566527), np.float64(0.0), np.float64(0.2639993019402027), np.float64(0.0)), 5: (np.float64(0.2538992), np.float64(0.8329273450820583), np.float64(2156.85), np.float64(0.04407463040071918), np.float64(1.1102230246251565e-16), np.float64(0.0), np.float64(0.8380934351822361), np.float64(0.13616237886301624), np.float64(0.5263631900073961), np.float64(0.07660230878674841)), 10: (np.float64(0.2448562), np.float64(0.8329273450820583), np.float64(2156.85), np.float64(0.009851544638278802), np.float64(1.1102230246251565e-16), np.float64(0.0), np.float64(0.7752412904286757), np.float64(0.033745173631849236), np.float64(0.48527842480689287), np.float64(0.028030313736121172)), 15: (np.float64(0.24809840000000002), np.float64(0.8329273450820583), np.float64(2156.85), np.float64(0.0369039042194725), np.float64(1.1102230246251565e-16), np.float64(0.0), np.float64(0.7780762463575229), np.float64(0.06603085082958102), np.float64(0.485013089957647), np.float64(0.06324875768967636)), 20: (np.float64(0.2634974), np.float64(0.8329273450820583), np.float64(2156.85), np.float64(0.03332567890741312), np.float64(1.1102230246251565e-16), np.float64(0.0), np.float64(0.7657127416227013), np.float64(0.036848374552491715), np.float64(0.4697558023966849), np.float64(0.03629762327538386)), 25: (np.float64(0.19556259999999998), np.float64(0.8329273450820583), np.float64(2156.85), np.float64(0.02129530924499572), np.float64(1.1102230246251565e-16), np.float64(0.0), np.float64(0.7374379554064945), np.float64(0.04053497836361488), np.float64(0.49034499139524995), np.float64(0.023872965950073582)), 30: (np.float64(0.1696326), np.float64(0.8329273450820583), np.float64(2156.85), np.float64(0.026726191076170955), np.float64(1.1102230246251565e-16), np.float64(0.0), np.float64(0.676875912421383), np.float64(0.03987629830157029), np.float64(0.469359042821452), np.float64(0.016340779277042486)), 35: (np.float64(0.15238680000000002), np.float64(0.8329273450820583), np.float64(2156.85), np.float64(0.005658937405555922), np.float64(1.1102230246251565e-16), np.float64(0.0), np.float64(0.6930609325878322), np.float64(0.051574780694649915), np.float64(0.4967077495995909), np.float64(0.043219658087409005)), 40: (np.float64(0.155013), np.float64(0.8329273450820583), np.float64(2156.85), np.float64(0.02715130994261603), np.float64(1.1102230246251565e-16), np.float64(0.0), np.float64(0.6967170182149858), np.float64(0.06042329515019738), np.float64(0.5110342086059972), np.float64(0.06360200659525782)), 45: (np.float64(0.12281519999999999), np.float64(0.8329273450820583), np.float64(2156.85), np.float64(0.030085916242654134), np.float64(1.1102230246251565e-16), np.float64(0.0), np.float64(0.7533800618024543), np.float64(0.0379303923923117), np.float64(0.5935628617880866), np.float64(0.025558304748222443)), 50: (np.float64(0.104725), np.float64(0.8329273450820583), np.float64(2156.85), np.float64(0.028270876258085817), np.float64(1.1102230246251565e-16), np.float64(0.0), np.float64(0.6813202825840563), np.float64(0.07109073332118711), np.float64(0.5527420609956607), np.float64(0.057546476767063814)), 55: (np.float64(0.07107859999999999), np.float64(0.8329273450820583), np.float64(2156.85), np.float64(0.011850642996901056), np.float64(1.1102230246251565e-16), np.float64(0.0), np.float64(0.773429984995164), np.float64(0.0842947578411264), np.float64(0.6753221019636839), np.float64(0.08619122073863571)), 60: (np.float64(0.050994399999999995), np.float64(0.8329273450820583), np.float64(2156.85), np.float64(0.009741984327640854), np.float64(1.1102230246251565e-16), np.float64(0.0), np.float64(0.7029070061864331), np.float64(0.031631768284254784), np.float64(0.6212055878015235), np.float64(0.028350390619552194)), 65: (np.float64(0.033731599999999994), np.float64(0.8329273450820583), np.float64(2156.85), np.float64(0.002905223062004017), np.float64(1.1102230246251565e-16), np.float64(0.0), np.float64(0.5871495917905122), np.float64(0.019733865491510193), np.float64(0.5370570968138054), np.float64(0.02449631374318551)), 70: (np.float64(0.027367400000000004), np.float64(0.8329273450820583), np.float64(2156.85), np.float64(0.0072974980808493545), np.float64(1.1102230246251565e-16), np.float64(0.0), np.float64(0.6416818417841569), np.float64(0.031958464874045384), np.float64(0.5961736716097221), np.float64(0.03108568857097331))}
Saved MIP solve time plot in experiments/edge_reduction/sweeps/assembly_1_np_4/lambda_0.0/plots/MIP_solve_time_num_phases_4.svg
2026-07-02 20:08:38.701 | INFO     | __main__:<module>:250 - Running plot_speedup_vs_max_length_lost
Saved speedup_vs_weld_len_degr plot in experiments/edge_reduction/sweeps/assembly_1_np_4/lambda_0.0/plots/speedup_vs_weld_len_degr_num_phases_4.svg
2026-07-02 20:08:39.010 | INFO     | __main__:<module>:253 - Running plot_average_max_time
Saved Max welding length [mm] plot in experiments/edge_reduction/sweeps/assembly_1_np_4/lambda_0.0/plots/Max_welding_length_[mm]_num_phases_4.svg

----------------- λ = 0.1 -----------------
2026-07-02 20:07:47.119 | INFO     | __main__:<module>:193 - Running /home/md/Work/PyCAALP/experiments/edge_reduction/run.py
2026-07-02 20:07:47.119 | INFO     | __main__:<module>:194 - ASSEMBLY_FNAME='data/assembly_1/assembly_1_parts.json'
2026-07-02 20:07:47.119 | INFO     | __main__:<module>:197 - NUM_PHASES=4
2026-07-02 20:07:47.119 | INFO     | __main__:<module>:198 - RES_FNAME='experiments/edge_reduction/sweeps/assembly_1_np_4/lambda_0.1/res.pkl'
2026-07-02 20:07:47.119 | INFO     | experiments.edge_reduction.scripts.combination_runs:run_full_edge_reduction_change:98 - Running test with: red_perc=0
2026-07-02 20:07:47.123 | INFO     | pycaalp.gapp.assembly_digraph:compute_assembly_digraph_complete:395 - Computing assembly digraph...
2026-07-02 20:07:47.424 | INFO     | pycaalp.time_balancing.model:run_mip:430 - Running MIP solver ...
2026-07-02 20:07:55.684 | INFO     | experiments.edge_reduction.scripts.combination_runs:run_full_edge_reduction_change:98 - Running test with: red_perc=5
2026-07-02 20:07:55.688 | INFO     | pycaalp.gapp.assembly_digraph:compute_assembly_digraph_complete:395 - Computing assembly digraph...
2026-07-02 20:07:56.181 | INFO     | pycaalp.time_balancing.model:run_mip:430 - Running MIP solver ...
2026-07-02 20:08:03.553 | INFO     | pycaalp.gapp.assembly_digraph:compute_assembly_digraph_complete:395 - Computing assembly digraph...
2026-07-02 20:08:04.023 | INFO     | pycaalp.time_balancing.model:run_mip:430 - Running MIP solver ...
2026-07-02 20:08:10.712 | INFO     | pycaalp.gapp.assembly_digraph:compute_assembly_digraph_complete:395 - Computing assembly digraph...
2026-07-02 20:08:11.254 | INFO     | pycaalp.time_balancing.model:run_mip:430 - Running MIP solver ...
2026-07-02 20:08:18.220 | INFO     | pycaalp.gapp.assembly_digraph:compute_assembly_digraph_complete:395 - Computing assembly digraph...
2026-07-02 20:08:18.821 | INFO     | pycaalp.time_balancing.model:run_mip:430 - Running MIP solver ...
2026-07-02 20:08:27.173 | INFO     | pycaalp.gapp.assembly_digraph:compute_assembly_digraph_complete:395 - Computing assembly digraph...
2026-07-02 20:08:27.787 | INFO     | pycaalp.time_balancing.model:run_mip:430 - Running MIP solver ...
2026-07-02 20:08:34.631 | INFO     | experiments.edge_reduction.scripts.combination_runs:run_full_edge_reduction_change:98 - Running test with: red_perc=10
2026-07-02 20:08:34.635 | INFO     | pycaalp.gapp.assembly_digraph:compute_assembly_digraph_complete:395 - Computing assembly digraph...
2026-07-02 20:08:35.226 | INFO     | pycaalp.time_balancing.model:run_mip:430 - Running MIP solver ...
2026-07-02 20:08:42.258 | INFO     | pycaalp.gapp.assembly_digraph:compute_assembly_digraph_complete:395 - Computing assembly digraph...
2026-07-02 20:08:42.780 | INFO     | pycaalp.time_balancing.model:run_mip:430 - Running MIP solver ...
2026-07-02 20:08:47.618 | INFO     | pycaalp.gapp.assembly_digraph:compute_assembly_digraph_complete:395 - Computing assembly digraph...
2026-07-02 20:08:48.221 | INFO     | pycaalp.time_balancing.model:run_mip:430 - Running MIP solver ...
2026-07-02 20:08:54.424 | INFO     | pycaalp.gapp.assembly_digraph:compute_assembly_digraph_complete:395 - Computing assembly digraph...
2026-07-02 20:08:54.882 | INFO     | pycaalp.time_balancing.model:run_mip:430 - Running MIP solver ...
2026-07-02 20:09:01.471 | INFO     | pycaalp.gapp.assembly_digraph:compute_assembly_digraph_complete:395 - Computing assembly digraph...
2026-07-02 20:09:02.026 | INFO     | pycaalp.time_balancing.model:run_mip:430 - Running MIP solver ...
2026-07-02 20:09:13.148 | INFO     | experiments.edge_reduction.scripts.combination_runs:run_full_edge_reduction_change:98 - Running test with: red_perc=15
2026-07-02 20:09:13.152 | INFO     | pycaalp.gapp.assembly_digraph:compute_assembly_digraph_complete:395 - Computing assembly digraph...
2026-07-02 20:09:13.663 | INFO     | pycaalp.time_balancing.model:run_mip:430 - Running MIP solver ...
2026-07-02 20:09:18.639 | INFO     | pycaalp.gapp.assembly_digraph:compute_assembly_digraph_complete:395 - Computing assembly digraph...
2026-07-02 20:09:19.131 | INFO     | pycaalp.time_balancing.model:run_mip:430 - Running MIP solver ...
2026-07-02 20:09:23.574 | INFO     | pycaalp.gapp.assembly_digraph:compute_assembly_digraph_complete:395 - Computing assembly digraph...
2026-07-02 20:09:24.121 | INFO     | pycaalp.time_balancing.model:run_mip:430 - Running MIP solver ...
2026-07-02 20:09:32.085 | INFO     | pycaalp.gapp.assembly_digraph:compute_assembly_digraph_complete:395 - Computing assembly digraph...
2026-07-02 20:09:32.654 | INFO     | pycaalp.time_balancing.model:run_mip:430 - Running MIP solver ...
2026-07-02 20:09:37.803 | INFO     | pycaalp.gapp.assembly_digraph:compute_assembly_digraph_complete:395 - Computing assembly digraph...
2026-07-02 20:09:38.311 | INFO     | pycaalp.time_balancing.model:run_mip:430 - Running MIP solver ...
2026-07-02 20:09:44.335 | INFO     | experiments.edge_reduction.scripts.combination_runs:run_full_edge_reduction_change:98 - Running test with: red_perc=20
2026-07-02 20:09:44.339 | INFO     | pycaalp.gapp.assembly_digraph:compute_assembly_digraph_complete:395 - Computing assembly digraph...
2026-07-02 20:09:44.790 | INFO     | pycaalp.time_balancing.model:run_mip:430 - Running MIP solver ...
2026-07-02 20:09:49.318 | INFO     | pycaalp.gapp.assembly_digraph:compute_assembly_digraph_complete:395 - Computing assembly digraph...
2026-07-02 20:09:49.847 | INFO     | pycaalp.time_balancing.model:run_mip:430 - Running MIP solver ...
2026-07-02 20:09:55.594 | INFO     | pycaalp.gapp.assembly_digraph:compute_assembly_digraph_complete:395 - Computing assembly digraph...
2026-07-02 20:09:56.238 | INFO     | pycaalp.time_balancing.model:run_mip:430 - Running MIP solver ...
2026-07-02 20:10:01.853 | INFO     | pycaalp.gapp.assembly_digraph:compute_assembly_digraph_complete:395 - Computing assembly digraph...
2026-07-02 20:10:02.518 | INFO     | pycaalp.time_balancing.model:run_mip:430 - Running MIP solver ...
2026-07-02 20:10:10.317 | INFO     | pycaalp.gapp.assembly_digraph:compute_assembly_digraph_complete:395 - Computing assembly digraph...
2026-07-02 20:10:10.913 | INFO     | pycaalp.time_balancing.model:run_mip:430 - Running MIP solver ...
2026-07-02 20:10:20.280 | INFO     | experiments.edge_reduction.scripts.combination_runs:run_full_edge_reduction_change:98 - Running test with: red_perc=25
2026-07-02 20:10:20.284 | INFO     | pycaalp.gapp.assembly_digraph:compute_assembly_digraph_complete:395 - Computing assembly digraph...
2026-07-02 20:10:20.824 | INFO     | pycaalp.time_balancing.model:run_mip:430 - Running MIP solver ...
2026-07-02 20:10:25.971 | INFO     | pycaalp.gapp.assembly_digraph:compute_assembly_digraph_complete:395 - Computing assembly digraph...
2026-07-02 20:10:26.576 | INFO     | pycaalp.time_balancing.model:run_mip:430 - Running MIP solver ...
2026-07-02 20:10:31.238 | INFO     | pycaalp.gapp.assembly_digraph:compute_assembly_digraph_complete:395 - Computing assembly digraph...
2026-07-02 20:10:31.771 | INFO     | pycaalp.time_balancing.model:run_mip:430 - Running MIP solver ...
2026-07-02 20:10:39.126 | INFO     | pycaalp.gapp.assembly_digraph:compute_assembly_digraph_complete:395 - Computing assembly digraph...
2026-07-02 20:10:39.607 | INFO     | pycaalp.time_balancing.model:run_mip:430 - Running MIP solver ...
2026-07-02 20:10:44.281 | INFO     | pycaalp.gapp.assembly_digraph:compute_assembly_digraph_complete:395 - Computing assembly digraph...
2026-07-02 20:10:44.850 | INFO     | pycaalp.time_balancing.model:run_mip:430 - Running MIP solver ...
2026-07-02 20:10:49.411 | INFO     | experiments.edge_reduction.scripts.combination_runs:run_full_edge_reduction_change:98 - Running test with: red_perc=30
2026-07-02 20:10:49.415 | INFO     | pycaalp.gapp.assembly_digraph:compute_assembly_digraph_complete:395 - Computing assembly digraph...
2026-07-02 20:10:50.001 | INFO     | pycaalp.time_balancing.model:run_mip:430 - Running MIP solver ...
2026-07-02 20:10:54.641 | INFO     | pycaalp.gapp.assembly_digraph:compute_assembly_digraph_complete:395 - Computing assembly digraph...
2026-07-02 20:10:55.131 | INFO     | pycaalp.time_balancing.model:run_mip:430 - Running MIP solver ...
2026-07-02 20:11:01.539 | INFO     | pycaalp.gapp.assembly_digraph:compute_assembly_digraph_complete:395 - Computing assembly digraph...
2026-07-02 20:11:02.072 | INFO     | pycaalp.time_balancing.model:run_mip:430 - Running MIP solver ...
2026-07-02 20:11:05.533 | INFO     | pycaalp.gapp.assembly_digraph:compute_assembly_digraph_complete:395 - Computing assembly digraph...
2026-07-02 20:11:06.062 | INFO     | pycaalp.time_balancing.model:run_mip:430 - Running MIP solver ...
2026-07-02 20:11:11.240 | INFO     | pycaalp.gapp.assembly_digraph:compute_assembly_digraph_complete:395 - Computing assembly digraph...
2026-07-02 20:11:11.887 | INFO     | pycaalp.time_balancing.model:run_mip:430 - Running MIP solver ...
2026-07-02 20:11:21.469 | INFO     | experiments.edge_reduction.scripts.combination_runs:run_full_edge_reduction_change:98 - Running test with: red_perc=35
2026-07-02 20:11:21.473 | INFO     | pycaalp.gapp.assembly_digraph:compute_assembly_digraph_complete:395 - Computing assembly digraph...
2026-07-02 20:11:22.049 | INFO     | pycaalp.time_balancing.model:run_mip:430 - Running MIP solver ...
2026-07-02 20:11:29.429 | INFO     | pycaalp.gapp.assembly_digraph:compute_assembly_digraph_complete:395 - Computing assembly digraph...
2026-07-02 20:11:30.016 | INFO     | pycaalp.time_balancing.model:run_mip:430 - Running MIP solver ...
2026-07-02 20:11:34.166 | INFO     | pycaalp.gapp.assembly_digraph:compute_assembly_digraph_complete:395 - Computing assembly digraph...
2026-07-02 20:11:34.747 | INFO     | pycaalp.time_balancing.model:run_mip:430 - Running MIP solver ...
2026-07-02 20:11:44.230 | INFO     | pycaalp.gapp.assembly_digraph:compute_assembly_digraph_complete:395 - Computing assembly digraph...
2026-07-02 20:11:44.784 | INFO     | pycaalp.time_balancing.model:run_mip:430 - Running MIP solver ...
2026-07-02 20:11:48.905 | INFO     | pycaalp.gapp.assembly_digraph:compute_assembly_digraph_complete:395 - Computing assembly digraph...
2026-07-02 20:11:49.617 | INFO     | pycaalp.time_balancing.model:run_mip:430 - Running MIP solver ...
2026-07-02 20:11:53.488 | INFO     | experiments.edge_reduction.scripts.combination_runs:run_full_edge_reduction_change:98 - Running test with: red_perc=40
2026-07-02 20:11:53.492 | INFO     | pycaalp.gapp.assembly_digraph:compute_assembly_digraph_complete:395 - Computing assembly digraph...
2026-07-02 20:11:53.996 | INFO     | pycaalp.time_balancing.model:run_mip:430 - Running MIP solver ...
2026-07-02 20:11:57.670 | INFO     | pycaalp.gapp.assembly_digraph:compute_assembly_digraph_complete:395 - Computing assembly digraph...
2026-07-02 20:11:58.270 | INFO     | pycaalp.time_balancing.model:run_mip:430 - Running MIP solver ...
2026-07-02 20:12:02.748 | INFO     | pycaalp.gapp.assembly_digraph:compute_assembly_digraph_complete:395 - Computing assembly digraph...
2026-07-02 20:12:03.261 | INFO     | pycaalp.time_balancing.model:run_mip:430 - Running MIP solver ...
2026-07-02 20:12:08.475 | INFO     | pycaalp.gapp.assembly_digraph:compute_assembly_digraph_complete:395 - Computing assembly digraph...
2026-07-02 20:12:09.181 | INFO     | pycaalp.time_balancing.model:run_mip:430 - Running MIP solver ...
2026-07-02 20:12:14.068 | INFO     | pycaalp.gapp.assembly_digraph:compute_assembly_digraph_complete:395 - Computing assembly digraph...
2026-07-02 20:12:14.600 | INFO     | pycaalp.time_balancing.model:run_mip:430 - Running MIP solver ...
2026-07-02 20:12:18.874 | INFO     | experiments.edge_reduction.scripts.combination_runs:run_full_edge_reduction_change:98 - Running test with: red_perc=45
2026-07-02 20:12:18.878 | INFO     | pycaalp.gapp.assembly_digraph:compute_assembly_digraph_complete:395 - Computing assembly digraph...
2026-07-02 20:12:19.466 | INFO     | pycaalp.time_balancing.model:run_mip:430 - Running MIP solver ...
2026-07-02 20:12:24.434 | INFO     | pycaalp.gapp.assembly_digraph:compute_assembly_digraph_complete:395 - Computing assembly digraph...
2026-07-02 20:12:24.929 | INFO     | pycaalp.time_balancing.model:run_mip:430 - Running MIP solver ...
2026-07-02 20:12:29.104 | INFO     | pycaalp.gapp.assembly_digraph:compute_assembly_digraph_complete:395 - Computing assembly digraph...
2026-07-02 20:12:29.716 | INFO     | pycaalp.time_balancing.model:run_mip:430 - Running MIP solver ...
2026-07-02 20:12:34.548 | INFO     | pycaalp.gapp.assembly_digraph:compute_assembly_digraph_complete:395 - Computing assembly digraph...
2026-07-02 20:12:35.194 | INFO     | pycaalp.time_balancing.model:run_mip:430 - Running MIP solver ...
2026-07-02 20:12:40.281 | INFO     | pycaalp.gapp.assembly_digraph:compute_assembly_digraph_complete:395 - Computing assembly digraph...
2026-07-02 20:12:40.856 | INFO     | pycaalp.time_balancing.model:run_mip:430 - Running MIP solver ...
2026-07-02 20:12:44.563 | INFO     | experiments.edge_reduction.scripts.combination_runs:run_full_edge_reduction_change:98 - Running test with: red_perc=50
2026-07-02 20:12:44.567 | INFO     | pycaalp.gapp.assembly_digraph:compute_assembly_digraph_complete:395 - Computing assembly digraph...
2026-07-02 20:12:45.226 | INFO     | pycaalp.time_balancing.model:run_mip:430 - Running MIP solver ...
2026-07-02 20:12:47.880 | INFO     | pycaalp.gapp.assembly_digraph:compute_assembly_digraph_complete:395 - Computing assembly digraph...
2026-07-02 20:12:48.494 | INFO     | pycaalp.time_balancing.model:run_mip:430 - Running MIP solver ...
2026-07-02 20:12:51.244 | INFO     | pycaalp.gapp.assembly_digraph:compute_assembly_digraph_complete:395 - Computing assembly digraph...
2026-07-02 20:12:51.722 | INFO     | pycaalp.time_balancing.model:run_mip:430 - Running MIP solver ...
2026-07-02 20:12:55.181 | INFO     | pycaalp.gapp.assembly_digraph:compute_assembly_digraph_complete:395 - Computing assembly digraph...
2026-07-02 20:12:55.730 | INFO     | pycaalp.time_balancing.model:run_mip:430 - Running MIP solver ...
2026-07-02 20:12:58.541 | INFO     | pycaalp.gapp.assembly_digraph:compute_assembly_digraph_complete:395 - Computing assembly digraph...
2026-07-02 20:12:59.095 | INFO     | pycaalp.time_balancing.model:run_mip:430 - Running MIP solver ...
2026-07-02 20:13:01.252 | INFO     | experiments.edge_reduction.scripts.combination_runs:run_full_edge_reduction_change:98 - Running test with: red_perc=55
2026-07-02 20:13:01.256 | INFO     | pycaalp.gapp.assembly_digraph:compute_assembly_digraph_complete:395 - Computing assembly digraph...
2026-07-02 20:13:01.839 | INFO     | pycaalp.time_balancing.model:run_mip:430 - Running MIP solver ...
2026-07-02 20:13:04.404 | INFO     | pycaalp.gapp.assembly_digraph:compute_assembly_digraph_complete:395 - Computing assembly digraph...
2026-07-02 20:13:04.964 | INFO     | pycaalp.time_balancing.model:run_mip:430 - Running MIP solver ...
2026-07-02 20:13:09.001 | INFO     | pycaalp.gapp.assembly_digraph:compute_assembly_digraph_complete:395 - Computing assembly digraph...
2026-07-02 20:13:09.458 | INFO     | pycaalp.time_balancing.model:run_mip:430 - Running MIP solver ...
2026-07-02 20:13:12.521 | INFO     | pycaalp.gapp.assembly_digraph:compute_assembly_digraph_complete:395 - Computing assembly digraph...
2026-07-02 20:13:13.120 | INFO     | pycaalp.time_balancing.model:run_mip:430 - Running MIP solver ...
2026-07-02 20:13:14.629 | INFO     | pycaalp.gapp.assembly_digraph:compute_assembly_digraph_complete:395 - Computing assembly digraph...
2026-07-02 20:13:15.171 | INFO     | pycaalp.time_balancing.model:run_mip:430 - Running MIP solver ...
2026-07-02 20:13:16.897 | INFO     | experiments.edge_reduction.scripts.combination_runs:run_full_edge_reduction_change:98 - Running test with: red_perc=60
2026-07-02 20:13:16.901 | INFO     | pycaalp.gapp.assembly_digraph:compute_assembly_digraph_complete:395 - Computing assembly digraph...
2026-07-02 20:13:17.522 | INFO     | pycaalp.time_balancing.model:run_mip:430 - Running MIP solver ...
2026-07-02 20:13:21.754 | INFO     | pycaalp.gapp.assembly_digraph:compute_assembly_digraph_complete:395 - Computing assembly digraph...
2026-07-02 20:13:22.416 | INFO     | pycaalp.time_balancing.model:run_mip:430 - Running MIP solver ...
2026-07-02 20:13:25.473 | INFO     | pycaalp.gapp.assembly_digraph:compute_assembly_digraph_complete:395 - Computing assembly digraph...
2026-07-02 20:13:26.184 | INFO     | pycaalp.time_balancing.model:run_mip:430 - Running MIP solver ...
2026-07-02 20:13:27.923 | INFO     | pycaalp.gapp.assembly_digraph:compute_assembly_digraph_complete:395 - Computing assembly digraph...
2026-07-02 20:13:28.615 | INFO     | pycaalp.time_balancing.model:run_mip:430 - Running MIP solver ...
2026-07-02 20:13:32.064 | INFO     | pycaalp.gapp.assembly_digraph:compute_assembly_digraph_complete:395 - Computing assembly digraph...
2026-07-02 20:13:32.772 | INFO     | pycaalp.time_balancing.model:run_mip:430 - Running MIP solver ...
2026-07-02 20:13:36.409 | INFO     | experiments.edge_reduction.scripts.combination_runs:run_full_edge_reduction_change:98 - Running test with: red_perc=65
2026-07-02 20:13:36.413 | INFO     | pycaalp.gapp.assembly_digraph:compute_assembly_digraph_complete:395 - Computing assembly digraph...
2026-07-02 20:13:37.078 | INFO     | pycaalp.time_balancing.model:run_mip:430 - Running MIP solver ...
2026-07-02 20:13:39.243 | INFO     | pycaalp.gapp.assembly_digraph:compute_assembly_digraph_complete:395 - Computing assembly digraph...
2026-07-02 20:13:39.761 | INFO     | pycaalp.time_balancing.model:run_mip:430 - Running MIP solver ...
2026-07-02 20:13:42.536 | INFO     | pycaalp.gapp.assembly_digraph:compute_assembly_digraph_complete:395 - Computing assembly digraph...
2026-07-02 20:13:43.055 | INFO     | pycaalp.time_balancing.model:run_mip:430 - Running MIP solver ...
2026-07-02 20:13:45.631 | INFO     | pycaalp.gapp.assembly_digraph:compute_assembly_digraph_complete:395 - Computing assembly digraph...
2026-07-02 20:13:46.149 | INFO     | pycaalp.time_balancing.model:run_mip:430 - Running MIP solver ...
2026-07-02 20:13:47.480 | INFO     | pycaalp.gapp.assembly_digraph:compute_assembly_digraph_complete:395 - Computing assembly digraph...
2026-07-02 20:13:48.149 | INFO     | pycaalp.time_balancing.model:run_mip:430 - Running MIP solver ...
2026-07-02 20:13:50.006 | INFO     | experiments.edge_reduction.scripts.combination_runs:run_full_edge_reduction_change:98 - Running test with: red_perc=70
2026-07-02 20:13:50.010 | INFO     | pycaalp.gapp.assembly_digraph:compute_assembly_digraph_complete:395 - Computing assembly digraph...
2026-07-02 20:13:50.610 | INFO     | pycaalp.time_balancing.model:run_mip:430 - Running MIP solver ...
2026-07-02 20:13:52.139 | INFO     | pycaalp.gapp.assembly_digraph:compute_assembly_digraph_complete:395 - Computing assembly digraph...
2026-07-02 20:13:52.702 | INFO     | pycaalp.time_balancing.model:run_mip:430 - Running MIP solver ...
2026-07-02 20:13:54.206 | INFO     | pycaalp.gapp.assembly_digraph:compute_assembly_digraph_complete:395 - Computing assembly digraph...
2026-07-02 20:13:54.755 | INFO     | pycaalp.time_balancing.model:run_mip:430 - Running MIP solver ...
2026-07-02 20:13:57.607 | INFO     | pycaalp.gapp.assembly_digraph:compute_assembly_digraph_complete:395 - Computing assembly digraph...
2026-07-02 20:13:58.159 | INFO     | pycaalp.time_balancing.model:run_mip:430 - Running MIP solver ...
2026-07-02 20:14:01.032 | INFO     | pycaalp.gapp.assembly_digraph:compute_assembly_digraph_complete:395 - Computing assembly digraph...
2026-07-02 20:14:01.542 | INFO     | pycaalp.time_balancing.model:run_mip:430 - Running MIP solver ...
2026-07-02 20:14:02.896 | INFO     | __main__:<module>:240 - Running plot_total_time
{0: (np.float64(8.19288), np.float64(0.8398518971949389), np.float64(584.04), np.float64(0.0), np.float64(0.0), np.float64(0.0), np.float64(8.565218538977206), np.float64(0.0), np.float64(0.30517140589654446), np.float64(0.0)), 5: (np.float64(7.179007400000001), np.float64(0.8398518971949388), np.float64(584.04), np.float64(0.60628929338546), np.float64(0.0), np.float64(0.0), np.float64(7.777230055793188), np.float64(0.6283452379560212), np.float64(0.5490678428206592), np.float64(0.058109538599592385)), 10: (np.float64(7.0931088), np.float64(0.8398518971949388), np.float64(584.04), np.float64(2.1211899786670125), np.float64(0.0), np.float64(0.0), np.float64(7.691845610225573), np.float64(2.1259808423822215), np.float64(0.5506376084405928), np.float64(0.05302120345754796)), 15: (np.float64(5.6347108), np.float64(0.8398518971949388), np.float64(584.04), np.float64(1.23107444136533), np.float64(8.599750569898517e-17), np.float64(0.0), np.float64(6.225369392987341), np.float64(1.247622277012099), np.float64(0.5297830387949943), np.float64(0.028287210789396756)), 20: (np.float64(6.5459154), np.float64(0.8398518971949388), np.float64(584.04), np.float64(1.7350622018410293), np.float64(4.965068306494546e-17), np.float64(0.0), np.float64(7.177744971425272), np.float64(1.787085013540043), np.float64(0.5811411012429744), np.float64(0.07838230092407329)), 25: (np.float64(5.207722800000001), np.float64(0.8398518971949388), np.float64(584.04), np.float64(1.0608482255545135), np.float64(0.0), np.float64(0.0), np.float64(5.8154818682000045), np.float64(1.0494963477599737), np.float64(0.5508060788037256), np.float64(0.04145989600888422)), 30: (np.float64(5.8009258), np.float64(0.8398518971949388), np.float64(584.04), np.float64(2.098070882291959), np.float64(7.021666937153402e-17), np.float64(0.0), np.float64(6.401602668780834), np.float64(2.129419725448409), np.float64(0.563521468010731), np.float64(0.05579246053117431)), 35: (np.float64(5.7410148), np.float64(0.8398518971949389), np.float64(584.04), np.float64(2.253707912240484), np.float64(1.2161883888976234e-16), np.float64(0.0), np.float64(6.39415219000075), np.float64(2.226937456066181), np.float64(0.6080382796004414), np.float64(0.05654137623474206)), 40: (np.float64(4.4555299999999995), np.float64(0.8398518971949388), np.float64(584.04), np.float64(0.5391765287380376), np.float64(0.0), np.float64(0.0), np.float64(5.066818757797591), np.float64(0.5609620334858351), np.float64(0.5763450144324451), np.float64(0.07542251014847998)), 45: (np.float64(4.4975806), np.float64(0.8398518971949388), np.float64(584.04), np.float64(0.530606655706692), np.float64(7.021666937153402e-17), np.float64(0.0), np.float64(5.129024305380881), np.float64(0.5588380374106814), np.float64(0.587507547182031), np.float64(0.05060266174267705)), 50: (np.float64(2.7151170000000002), np.float64(0.8398518971949388), np.float64(584.04), np.float64(0.41703496023618936), np.float64(7.021666937153402e-17), np.float64(0.0), np.float64(3.3303000452229754), np.float64(0.38836392440594647), np.float64(0.5754289926495403), np.float64(0.06205181819336273)), 55: (np.float64(2.5315857999999998), np.float64(0.8398518971949388), np.float64(584.04), np.float64(0.9213129693183311), np.float64(4.965068306494546e-17), np.float64(0.0), np.float64(3.1196945793693884), np.float64(0.905465345417072), np.float64(0.5547061381861568), np.float64(0.05010103791723934)), 60: (np.float64(3.1803765999999998), np.float64(0.8398518971949388), np.float64(584.04), np.float64(0.8301678785008728), np.float64(7.021666937153402e-17), np.float64(0.0), np.float64(3.8943482940085232), np.float64(0.8099316183463257), np.float64(0.6833207489689812), np.float64(0.03395275824128109)), 65: (np.float64(2.1090818), np.float64(0.8398518971949388), np.float64(584.04), np.float64(0.5185547179102318), np.float64(4.965068306494546e-17), np.float64(0.0), np.float64(2.712152180192061), np.float64(0.5063708461458393), np.float64(0.5817358829779551), np.float64(0.07275747604940108)), 70: (np.float64(1.9951754000000002), np.float64(0.8398518971949388), np.float64(584.04), np.float64(0.6886291554334886), np.float64(7.021666937153402e-17), np.float64(0.0), np.float64(2.569784556608647), np.float64(0.6874180441958179), np.float64(0.55966132839676), np.float64(0.028058640208060308))}
Saved MIP solve time plot in experiments/edge_reduction/sweeps/assembly_1_np_4/lambda_0.1/plots/MIP_solve_time_num_phases_4.svg
2026-07-02 20:14:03.140 | INFO     | __main__:<module>:250 - Running plot_speedup_vs_max_length_lost
Saved speedup_vs_weld_len_degr plot in experiments/edge_reduction/sweeps/assembly_1_np_4/lambda_0.1/plots/speedup_vs_weld_len_degr_num_phases_4.svg
2026-07-02 20:14:03.362 | INFO     | __main__:<module>:253 - Running plot_average_max_time
Saved Max welding length [mm] plot in experiments/edge_reduction/sweeps/assembly_1_np_4/lambda_0.1/plots/Max_welding_length_[mm]_num_phases_4.svg

----------------- λ = 0.2 -----------------
2026-07-02 20:07:47.150 | INFO     | __main__:<module>:193 - Running /home/md/Work/PyCAALP/experiments/edge_reduction/run.py
2026-07-02 20:07:47.150 | INFO     | __main__:<module>:194 - ASSEMBLY_FNAME='data/assembly_1/assembly_1_parts.json'
2026-07-02 20:07:47.150 | INFO     | __main__:<module>:197 - NUM_PHASES=4
2026-07-02 20:07:47.150 | INFO     | __main__:<module>:198 - RES_FNAME='experiments/edge_reduction/sweeps/assembly_1_np_4/lambda_0.2/res.pkl'
2026-07-02 20:07:47.151 | INFO     | experiments.edge_reduction.scripts.combination_runs:run_full_edge_reduction_change:98 - Running test with: red_perc=0
2026-07-02 20:07:47.154 | INFO     | pycaalp.gapp.assembly_digraph:compute_assembly_digraph_complete:395 - Computing assembly digraph...
2026-07-02 20:07:47.436 | INFO     | pycaalp.time_balancing.model:run_mip:430 - Running MIP solver ...
2026-07-02 20:08:00.579 | INFO     | experiments.edge_reduction.scripts.combination_runs:run_full_edge_reduction_change:98 - Running test with: red_perc=5
2026-07-02 20:08:00.583 | INFO     | pycaalp.gapp.assembly_digraph:compute_assembly_digraph_complete:395 - Computing assembly digraph...
2026-07-02 20:08:01.190 | INFO     | pycaalp.time_balancing.model:run_mip:430 - Running MIP solver ...
2026-07-02 20:08:10.539 | INFO     | pycaalp.gapp.assembly_digraph:compute_assembly_digraph_complete:395 - Computing assembly digraph...
2026-07-02 20:08:11.038 | INFO     | pycaalp.time_balancing.model:run_mip:430 - Running MIP solver ...
2026-07-02 20:08:16.455 | INFO     | pycaalp.gapp.assembly_digraph:compute_assembly_digraph_complete:395 - Computing assembly digraph...
2026-07-02 20:08:16.951 | INFO     | pycaalp.time_balancing.model:run_mip:430 - Running MIP solver ...
2026-07-02 20:08:32.619 | INFO     | pycaalp.gapp.assembly_digraph:compute_assembly_digraph_complete:395 - Computing assembly digraph...
2026-07-02 20:08:33.087 | INFO     | pycaalp.time_balancing.model:run_mip:430 - Running MIP solver ...
2026-07-02 20:08:58.626 | INFO     | pycaalp.gapp.assembly_digraph:compute_assembly_digraph_complete:395 - Computing assembly digraph...
2026-07-02 20:08:59.049 | INFO     | pycaalp.time_balancing.model:run_mip:430 - Running MIP solver ...
2026-07-02 20:09:17.607 | INFO     | experiments.edge_reduction.scripts.combination_runs:run_full_edge_reduction_change:98 - Running test with: red_perc=10
2026-07-02 20:09:17.611 | INFO     | pycaalp.gapp.assembly_digraph:compute_assembly_digraph_complete:395 - Computing assembly digraph...
2026-07-02 20:09:18.174 | INFO     | pycaalp.time_balancing.model:run_mip:430 - Running MIP solver ...
2026-07-02 20:09:23.975 | INFO     | pycaalp.gapp.assembly_digraph:compute_assembly_digraph_complete:395 - Computing assembly digraph...
2026-07-02 20:09:24.558 | INFO     | pycaalp.time_balancing.model:run_mip:430 - Running MIP solver ...
2026-07-02 20:09:30.192 | INFO     | pycaalp.gapp.assembly_digraph:compute_assembly_digraph_complete:395 - Computing assembly digraph...
2026-07-02 20:09:30.752 | INFO     | pycaalp.time_balancing.model:run_mip:430 - Running MIP solver ...
2026-07-02 20:09:42.335 | INFO     | pycaalp.gapp.assembly_digraph:compute_assembly_digraph_complete:395 - Computing assembly digraph...
2026-07-02 20:09:42.851 | INFO     | pycaalp.time_balancing.model:run_mip:430 - Running MIP solver ...
2026-07-02 20:09:54.247 | INFO     | pycaalp.gapp.assembly_digraph:compute_assembly_digraph_complete:395 - Computing assembly digraph...
2026-07-02 20:09:54.727 | INFO     | pycaalp.time_balancing.model:run_mip:430 - Running MIP solver ...
2026-07-02 20:10:03.216 | INFO     | experiments.edge_reduction.scripts.combination_runs:run_full_edge_reduction_change:98 - Running test with: red_perc=15
2026-07-02 20:10:03.220 | INFO     | pycaalp.gapp.assembly_digraph:compute_assembly_digraph_complete:395 - Computing assembly digraph...
2026-07-02 20:10:03.703 | INFO     | pycaalp.time_balancing.model:run_mip:430 - Running MIP solver ...
2026-07-02 20:10:10.304 | INFO     | pycaalp.gapp.assembly_digraph:compute_assembly_digraph_complete:395 - Computing assembly digraph...
2026-07-02 20:10:10.853 | INFO     | pycaalp.time_balancing.model:run_mip:430 - Running MIP solver ...
2026-07-02 20:10:18.651 | INFO     | pycaalp.gapp.assembly_digraph:compute_assembly_digraph_complete:395 - Computing assembly digraph...
2026-07-02 20:10:19.175 | INFO     | pycaalp.time_balancing.model:run_mip:430 - Running MIP solver ...
2026-07-02 20:10:25.816 | INFO     | pycaalp.gapp.assembly_digraph:compute_assembly_digraph_complete:395 - Computing assembly digraph...
2026-07-02 20:10:26.268 | INFO     | pycaalp.time_balancing.model:run_mip:430 - Running MIP solver ...
2026-07-02 20:10:37.332 | INFO     | pycaalp.gapp.assembly_digraph:compute_assembly_digraph_complete:395 - Computing assembly digraph...
2026-07-02 20:10:37.821 | INFO     | pycaalp.time_balancing.model:run_mip:430 - Running MIP solver ...
2026-07-02 20:10:45.202 | INFO     | experiments.edge_reduction.scripts.combination_runs:run_full_edge_reduction_change:98 - Running test with: red_perc=20
2026-07-02 20:10:45.209 | INFO     | pycaalp.gapp.assembly_digraph:compute_assembly_digraph_complete:395 - Computing assembly digraph...
2026-07-02 20:10:45.790 | INFO     | pycaalp.time_balancing.model:run_mip:430 - Running MIP solver ...
2026-07-02 20:10:49.960 | INFO     | pycaalp.gapp.assembly_digraph:compute_assembly_digraph_complete:395 - Computing assembly digraph...
2026-07-02 20:10:50.465 | INFO     | pycaalp.time_balancing.model:run_mip:430 - Running MIP solver ...
2026-07-02 20:10:56.315 | INFO     | pycaalp.gapp.assembly_digraph:compute_assembly_digraph_complete:395 - Computing assembly digraph...
2026-07-02 20:10:56.782 | INFO     | pycaalp.time_balancing.model:run_mip:430 - Running MIP solver ...
2026-07-02 20:11:04.447 | INFO     | pycaalp.gapp.assembly_digraph:compute_assembly_digraph_complete:395 - Computing assembly digraph...
2026-07-02 20:11:05.035 | INFO     | pycaalp.time_balancing.model:run_mip:430 - Running MIP solver ...
2026-07-02 20:11:11.510 | INFO     | pycaalp.gapp.assembly_digraph:compute_assembly_digraph_complete:395 - Computing assembly digraph...
2026-07-02 20:11:12.128 | INFO     | pycaalp.time_balancing.model:run_mip:430 - Running MIP solver ...
2026-07-02 20:11:19.133 | INFO     | experiments.edge_reduction.scripts.combination_runs:run_full_edge_reduction_change:98 - Running test with: red_perc=25
2026-07-02 20:11:19.137 | INFO     | pycaalp.gapp.assembly_digraph:compute_assembly_digraph_complete:395 - Computing assembly digraph...
2026-07-02 20:11:19.697 | INFO     | pycaalp.time_balancing.model:run_mip:430 - Running MIP solver ...
2026-07-02 20:11:24.382 | INFO     | pycaalp.gapp.assembly_digraph:compute_assembly_digraph_complete:395 - Computing assembly digraph...
2026-07-02 20:11:24.929 | INFO     | pycaalp.time_balancing.model:run_mip:430 - Running MIP solver ...
2026-07-02 20:11:35.164 | INFO     | pycaalp.gapp.assembly_digraph:compute_assembly_digraph_complete:395 - Computing assembly digraph...
2026-07-02 20:11:35.754 | INFO     | pycaalp.time_balancing.model:run_mip:430 - Running MIP solver ...
2026-07-02 20:11:48.327 | INFO     | pycaalp.gapp.assembly_digraph:compute_assembly_digraph_complete:395 - Computing assembly digraph...
2026-07-02 20:11:48.890 | INFO     | pycaalp.time_balancing.model:run_mip:430 - Running MIP solver ...
2026-07-02 20:11:55.624 | INFO     | pycaalp.gapp.assembly_digraph:compute_assembly_digraph_complete:395 - Computing assembly digraph...
2026-07-02 20:11:56.268 | INFO     | pycaalp.time_balancing.model:run_mip:430 - Running MIP solver ...
2026-07-02 20:12:05.510 | INFO     | experiments.edge_reduction.scripts.combination_runs:run_full_edge_reduction_change:98 - Running test with: red_perc=30
2026-07-02 20:12:05.514 | INFO     | pycaalp.gapp.assembly_digraph:compute_assembly_digraph_complete:395 - Computing assembly digraph...
2026-07-02 20:12:06.033 | INFO     | pycaalp.time_balancing.model:run_mip:430 - Running MIP solver ...
2026-07-02 20:12:10.878 | INFO     | pycaalp.gapp.assembly_digraph:compute_assembly_digraph_complete:395 - Computing assembly digraph...
2026-07-02 20:12:11.449 | INFO     | pycaalp.time_balancing.model:run_mip:430 - Running MIP solver ...
2026-07-02 20:12:17.332 | INFO     | pycaalp.gapp.assembly_digraph:compute_assembly_digraph_complete:395 - Computing assembly digraph...
2026-07-02 20:12:17.842 | INFO     | pycaalp.time_balancing.model:run_mip:430 - Running MIP solver ...
2026-07-02 20:12:28.016 | INFO     | pycaalp.gapp.assembly_digraph:compute_assembly_digraph_complete:395 - Computing assembly digraph...
2026-07-02 20:12:28.570 | INFO     | pycaalp.time_balancing.model:run_mip:430 - Running MIP solver ...
2026-07-02 20:12:36.309 | INFO     | pycaalp.gapp.assembly_digraph:compute_assembly_digraph_complete:395 - Computing assembly digraph...
2026-07-02 20:12:36.891 | INFO     | pycaalp.time_balancing.model:run_mip:430 - Running MIP solver ...
2026-07-02 20:12:41.709 | INFO     | experiments.edge_reduction.scripts.combination_runs:run_full_edge_reduction_change:98 - Running test with: red_perc=35
2026-07-02 20:12:41.715 | INFO     | pycaalp.gapp.assembly_digraph:compute_assembly_digraph_complete:395 - Computing assembly digraph...
2026-07-02 20:12:42.291 | INFO     | pycaalp.time_balancing.model:run_mip:430 - Running MIP solver ...
2026-07-02 20:12:46.436 | INFO     | pycaalp.gapp.assembly_digraph:compute_assembly_digraph_complete:395 - Computing assembly digraph...
2026-07-02 20:12:46.945 | INFO     | pycaalp.time_balancing.model:run_mip:430 - Running MIP solver ...
2026-07-02 20:12:52.427 | INFO     | pycaalp.gapp.assembly_digraph:compute_assembly_digraph_complete:395 - Computing assembly digraph...
2026-07-02 20:12:52.976 | INFO     | pycaalp.time_balancing.model:run_mip:430 - Running MIP solver ...
2026-07-02 20:12:57.795 | INFO     | pycaalp.gapp.assembly_digraph:compute_assembly_digraph_complete:395 - Computing assembly digraph...
2026-07-02 20:12:58.294 | INFO     | pycaalp.time_balancing.model:run_mip:430 - Running MIP solver ...
2026-07-02 20:13:02.649 | INFO     | pycaalp.gapp.assembly_digraph:compute_assembly_digraph_complete:395 - Computing assembly digraph...
2026-07-02 20:13:03.140 | INFO     | pycaalp.time_balancing.model:run_mip:430 - Running MIP solver ...
2026-07-02 20:13:08.805 | INFO     | experiments.edge_reduction.scripts.combination_runs:run_full_edge_reduction_change:98 - Running test with: red_perc=40
2026-07-02 20:13:08.816 | INFO     | pycaalp.gapp.assembly_digraph:compute_assembly_digraph_complete:395 - Computing assembly digraph...
2026-07-02 20:13:09.418 | INFO     | pycaalp.time_balancing.model:run_mip:430 - Running MIP solver ...
2026-07-02 20:13:18.036 | INFO     | pycaalp.gapp.assembly_digraph:compute_assembly_digraph_complete:395 - Computing assembly digraph...
2026-07-02 20:13:18.608 | INFO     | pycaalp.time_balancing.model:run_mip:430 - Running MIP solver ...
2026-07-02 20:13:24.837 | INFO     | pycaalp.gapp.assembly_digraph:compute_assembly_digraph_complete:395 - Computing assembly digraph...
2026-07-02 20:13:25.707 | INFO     | pycaalp.time_balancing.model:run_mip:430 - Running MIP solver ...
2026-07-02 20:13:30.911 | INFO     | pycaalp.gapp.assembly_digraph:compute_assembly_digraph_complete:395 - Computing assembly digraph...
2026-07-02 20:13:31.573 | INFO     | pycaalp.time_balancing.model:run_mip:430 - Running MIP solver ...
2026-07-02 20:13:38.186 | INFO     | pycaalp.gapp.assembly_digraph:compute_assembly_digraph_complete:395 - Computing assembly digraph...
2026-07-02 20:13:38.693 | INFO     | pycaalp.time_balancing.model:run_mip:430 - Running MIP solver ...
2026-07-02 20:13:43.406 | INFO     | experiments.edge_reduction.scripts.combination_runs:run_full_edge_reduction_change:98 - Running test with: red_perc=45
2026-07-02 20:13:43.410 | INFO     | pycaalp.gapp.assembly_digraph:compute_assembly_digraph_complete:395 - Computing assembly digraph...
2026-07-02 20:13:44.004 | INFO     | pycaalp.time_balancing.model:run_mip:430 - Running MIP solver ...
2026-07-02 20:13:47.123 | INFO     | pycaalp.gapp.assembly_digraph:compute_assembly_digraph_complete:395 - Computing assembly digraph...
2026-07-02 20:13:47.695 | INFO     | pycaalp.time_balancing.model:run_mip:430 - Running MIP solver ...
2026-07-02 20:13:52.046 | INFO     | pycaalp.gapp.assembly_digraph:compute_assembly_digraph_complete:395 - Computing assembly digraph...
2026-07-02 20:13:52.638 | INFO     | pycaalp.time_balancing.model:run_mip:430 - Running MIP solver ...
2026-07-02 20:13:54.943 | INFO     | pycaalp.gapp.assembly_digraph:compute_assembly_digraph_complete:395 - Computing assembly digraph...
2026-07-02 20:13:55.562 | INFO     | pycaalp.time_balancing.model:run_mip:430 - Running MIP solver ...
2026-07-02 20:14:00.037 | INFO     | pycaalp.gapp.assembly_digraph:compute_assembly_digraph_complete:395 - Computing assembly digraph...
2026-07-02 20:14:00.649 | INFO     | pycaalp.time_balancing.model:run_mip:430 - Running MIP solver ...
2026-07-02 20:14:04.165 | INFO     | experiments.edge_reduction.scripts.combination_runs:run_full_edge_reduction_change:98 - Running test with: red_perc=50
2026-07-02 20:14:04.172 | INFO     | pycaalp.gapp.assembly_digraph:compute_assembly_digraph_complete:395 - Computing assembly digraph...
2026-07-02 20:14:04.697 | INFO     | pycaalp.time_balancing.model:run_mip:430 - Running MIP solver ...
2026-07-02 20:14:08.186 | INFO     | pycaalp.gapp.assembly_digraph:compute_assembly_digraph_complete:395 - Computing assembly digraph...
2026-07-02 20:14:08.736 | INFO     | pycaalp.time_balancing.model:run_mip:430 - Running MIP solver ...
2026-07-02 20:14:11.298 | INFO     | pycaalp.gapp.assembly_digraph:compute_assembly_digraph_complete:395 - Computing assembly digraph...
2026-07-02 20:14:11.751 | INFO     | pycaalp.time_balancing.model:run_mip:430 - Running MIP solver ...
2026-07-02 20:14:14.225 | INFO     | pycaalp.gapp.assembly_digraph:compute_assembly_digraph_complete:395 - Computing assembly digraph...
2026-07-02 20:14:14.737 | INFO     | pycaalp.time_balancing.model:run_mip:430 - Running MIP solver ...
2026-07-02 20:14:16.752 | INFO     | pycaalp.gapp.assembly_digraph:compute_assembly_digraph_complete:395 - Computing assembly digraph...
2026-07-02 20:14:17.272 | INFO     | pycaalp.time_balancing.model:run_mip:430 - Running MIP solver ...
2026-07-02 20:14:20.153 | INFO     | experiments.edge_reduction.scripts.combination_runs:run_full_edge_reduction_change:98 - Running test with: red_perc=55
2026-07-02 20:14:20.160 | INFO     | pycaalp.gapp.assembly_digraph:compute_assembly_digraph_complete:395 - Computing assembly digraph...
2026-07-02 20:14:20.708 | INFO     | pycaalp.time_balancing.model:run_mip:430 - Running MIP solver ...
2026-07-02 20:14:24.842 | INFO     | pycaalp.gapp.assembly_digraph:compute_assembly_digraph_complete:395 - Computing assembly digraph...
2026-07-02 20:14:25.320 | INFO     | pycaalp.time_balancing.model:run_mip:430 - Running MIP solver ...
2026-07-02 20:14:27.811 | INFO     | pycaalp.gapp.assembly_digraph:compute_assembly_digraph_complete:395 - Computing assembly digraph...
2026-07-02 20:14:28.577 | INFO     | pycaalp.time_balancing.model:run_mip:430 - Running MIP solver ...
2026-07-02 20:14:32.898 | INFO     | pycaalp.gapp.assembly_digraph:compute_assembly_digraph_complete:395 - Computing assembly digraph...
2026-07-02 20:14:33.483 | INFO     | pycaalp.time_balancing.model:run_mip:430 - Running MIP solver ...
2026-07-02 20:14:35.921 | INFO     | pycaalp.gapp.assembly_digraph:compute_assembly_digraph_complete:395 - Computing assembly digraph...
2026-07-02 20:14:36.429 | INFO     | pycaalp.time_balancing.model:run_mip:430 - Running MIP solver ...
2026-07-02 20:14:40.396 | INFO     | experiments.edge_reduction.scripts.combination_runs:run_full_edge_reduction_change:98 - Running test with: red_perc=60
2026-07-02 20:14:40.400 | INFO     | pycaalp.gapp.assembly_digraph:compute_assembly_digraph_complete:395 - Computing assembly digraph...
2026-07-02 20:14:40.895 | INFO     | pycaalp.time_balancing.model:run_mip:430 - Running MIP solver ...
2026-07-02 20:14:43.600 | INFO     | pycaalp.gapp.assembly_digraph:compute_assembly_digraph_complete:395 - Computing assembly digraph...
2026-07-02 20:14:44.194 | INFO     | pycaalp.time_balancing.model:run_mip:430 - Running MIP solver ...
2026-07-02 20:14:46.865 | INFO     | pycaalp.gapp.assembly_digraph:compute_assembly_digraph_complete:395 - Computing assembly digraph...
2026-07-02 20:14:47.478 | INFO     | pycaalp.time_balancing.model:run_mip:430 - Running MIP solver ...
2026-07-02 20:14:49.869 | INFO     | pycaalp.gapp.assembly_digraph:compute_assembly_digraph_complete:395 - Computing assembly digraph...
2026-07-02 20:14:50.370 | INFO     | pycaalp.time_balancing.model:run_mip:430 - Running MIP solver ...
2026-07-02 20:14:52.553 | INFO     | pycaalp.gapp.assembly_digraph:compute_assembly_digraph_complete:395 - Computing assembly digraph...
2026-07-02 20:14:53.050 | INFO     | pycaalp.time_balancing.model:run_mip:430 - Running MIP solver ...
2026-07-02 20:14:56.732 | INFO     | experiments.edge_reduction.scripts.combination_runs:run_full_edge_reduction_change:98 - Running test with: red_perc=65
2026-07-02 20:14:56.736 | INFO     | pycaalp.gapp.assembly_digraph:compute_assembly_digraph_complete:395 - Computing assembly digraph...
2026-07-02 20:14:57.224 | INFO     | pycaalp.time_balancing.model:run_mip:430 - Running MIP solver ...
2026-07-02 20:14:59.567 | INFO     | pycaalp.gapp.assembly_digraph:compute_assembly_digraph_complete:395 - Computing assembly digraph...
2026-07-02 20:15:00.060 | INFO     | pycaalp.time_balancing.model:run_mip:430 - Running MIP solver ...
2026-07-02 20:15:02.842 | INFO     | pycaalp.gapp.assembly_digraph:compute_assembly_digraph_complete:395 - Computing assembly digraph...
2026-07-02 20:15:03.484 | INFO     | pycaalp.time_balancing.model:run_mip:430 - Running MIP solver ...
2026-07-02 20:15:05.079 | INFO     | pycaalp.gapp.assembly_digraph:compute_assembly_digraph_complete:395 - Computing assembly digraph...
2026-07-02 20:15:05.630 | INFO     | pycaalp.time_balancing.model:run_mip:430 - Running MIP solver ...
2026-07-02 20:15:08.047 | INFO     | pycaalp.gapp.assembly_digraph:compute_assembly_digraph_complete:395 - Computing assembly digraph...
2026-07-02 20:15:08.522 | INFO     | pycaalp.time_balancing.model:run_mip:430 - Running MIP solver ...
2026-07-02 20:15:10.108 | INFO     | experiments.edge_reduction.scripts.combination_runs:run_full_edge_reduction_change:98 - Running test with: red_perc=70
2026-07-02 20:15:10.112 | INFO     | pycaalp.gapp.assembly_digraph:compute_assembly_digraph_complete:395 - Computing assembly digraph...
2026-07-02 20:15:10.693 | INFO     | pycaalp.time_balancing.model:run_mip:430 - Running MIP solver ...
2026-07-02 20:15:13.858 | INFO     | pycaalp.gapp.assembly_digraph:compute_assembly_digraph_complete:395 - Computing assembly digraph...
2026-07-02 20:15:14.405 | INFO     | pycaalp.time_balancing.model:run_mip:430 - Running MIP solver ...
2026-07-02 20:15:17.751 | INFO     | pycaalp.gapp.assembly_digraph:compute_assembly_digraph_complete:395 - Computing assembly digraph...
2026-07-02 20:15:18.266 | INFO     | pycaalp.time_balancing.model:run_mip:430 - Running MIP solver ...
2026-07-02 20:15:20.210 | INFO     | pycaalp.gapp.assembly_digraph:compute_assembly_digraph_complete:395 - Computing assembly digraph...
2026-07-02 20:15:20.791 | INFO     | pycaalp.time_balancing.model:run_mip:430 - Running MIP solver ...
2026-07-02 20:15:24.717 | INFO     | pycaalp.gapp.assembly_digraph:compute_assembly_digraph_complete:395 - Computing assembly digraph...
2026-07-02 20:15:25.230 | INFO     | pycaalp.time_balancing.model:run_mip:430 - Running MIP solver ...
2026-07-02 20:15:26.728 | INFO     | __main__:<module>:240 - Running plot_total_time
{0: (np.float64(13.079587), np.float64(0.8467764493078193), np.float64(584.04), np.float64(0.0), np.float64(0.0), np.float64(0.0), np.float64(13.428710603970103), np.float64(0.0), np.float64(0.28507119801361114), np.float64(0.0)), 5: (np.float64(14.826084), np.float64(0.8467764493078194), np.float64(584.04), np.float64(7.039975445976414), np.float64(7.021666937153402e-17), np.float64(0.0), np.float64(15.381741096032783), np.float64(7.006480421356275), np.float64(0.5032573502277955), np.float64(0.060372209083452914)), 10: (np.float64(8.5110754), np.float64(0.8467764493078194), np.float64(584.04), np.float64(2.5916270287595475), np.float64(8.599750569898517e-17), np.float64(0.0), np.float64(9.106902788998559), np.float64(2.5718965387581907), np.float64(0.5449860332300887), np.float64(0.037956879331334153)), 15: (np.float64(7.8287882), np.float64(0.8467764493078193), np.float64(584.04), np.float64(1.6380456093739757), np.float64(0.0), np.float64(0.0), np.float64(8.37794874724932), np.float64(1.6298309762212646), np.float64(0.5034546190174296), np.float64(0.034104138848490215)), 20: (np.float64(6.1555174), np.float64(0.8467764493078194), np.float64(584.04), np.float64(1.1784195288545753), np.float64(1.3136335981433191e-16), np.float64(0.0), np.float64(6.77017346159555), np.float64(1.1744584960303444), np.float64(0.556617913977243), np.float64(0.05685321956719457)), 25: (np.float64(8.615817199999999), np.float64(0.8467764493078193), np.float64(584.04), np.float64(2.7394939514232477), np.float64(4.965068306494546e-17), np.float64(0.0), np.float64(9.260800096206367), np.float64(2.7569628430156454), np.float64(0.5857554402202367), np.float64(0.0357727872226915)), 30: (np.float64(6.620985), np.float64(0.8467764493078193), np.float64(584.04), np.float64(2.0426630289100554), np.float64(7.021666937153402e-17), np.float64(0.0), np.float64(7.225864275195636), np.float64(2.0265649015466543), np.float64(0.5514852051855996), np.float64(0.02838071587029365)), 35: (np.float64(4.8373716), np.float64(0.8467764493078193), np.float64(584.04), np.float64(0.5958798341818925), np.float64(0.0), np.float64(0.0), np.float64(5.405601719417609), np.float64(0.5778470113278108), np.float64(0.5298137786099687), np.float64(0.03230263229357045)), 40: (np.float64(6.2103544), np.float64(0.8467764493078194), np.float64(584.04), np.float64(1.338914044088955), np.float64(4.965068306494546e-17), np.float64(0.0), np.float64(6.911235215608031), np.float64(1.3439049917529624), np.float64(0.6482421593973413), np.float64(0.12458803790789001)), 45: (np.float64(3.4958529999999994), np.float64(0.8467764493078194), np.float64(584.04), np.float64(0.8057675693496235), np.float64(7.021666937153402e-17), np.float64(0.0), np.float64(4.142301889020018), np.float64(0.8050737765183994), np.float64(0.6026025611907244), np.float64(0.01710075453210886)), 50: (np.float64(2.6384952000000004), np.float64(0.8467764493078194), np.float64(584.04), np.float64(0.49892324342904704), np.float64(1.3136335981433191e-16), np.float64(0.0), np.float64(3.187745375977829), np.float64(0.4981123727571524), np.float64(0.5166771727614105), np.float64(0.03230949993144355)), 55: (np.float64(3.4343719999999998), np.float64(0.8467764493078193), np.float64(584.04), np.float64(0.8265756741276626), np.float64(4.965068306494546e-17), np.float64(0.0), np.float64(4.041488336352631), np.float64(0.880863632621199), np.float64(0.5817956947721541), np.float64(0.10138254576389892)), 60: (np.float64(2.6818143999999995), np.float64(0.8467764493078193), np.float64(584.04), np.float64(0.521466615233075), np.float64(1.3136335981433191e-16), np.float64(0.0), np.float64(3.260397933400236), np.float64(0.5009912608000542), np.float64(0.5454919653944671), np.float64(0.05151187617870443)), 65: (np.float64(2.1141636000000004), np.float64(0.8467764493078193), np.float64(584.04), np.float64(0.4791929774341857), np.float64(0.0), np.float64(0.0), np.float64(2.6680711259832606), np.float64(0.45354829733554486), np.float64(0.5341238304041326), np.float64(0.06228378840501806)), 70: (np.float64(2.7525542), np.float64(0.8467764493078193), np.float64(584.04), np.float64(0.907943931196503), np.float64(1.1102230246251565e-16), np.float64(0.0), np.float64(3.3186772133922204), np.float64(0.9356614802764329), np.float64(0.5514390349853784), np.float64(0.03010206100255587))}
Saved MIP solve time plot in experiments/edge_reduction/sweeps/assembly_1_np_4/lambda_0.2/plots/MIP_solve_time_num_phases_4.svg
2026-07-02 20:15:26.923 | INFO     | __main__:<module>:250 - Running plot_speedup_vs_max_length_lost
Saved speedup_vs_weld_len_degr plot in experiments/edge_reduction/sweeps/assembly_1_np_4/lambda_0.2/plots/speedup_vs_weld_len_degr_num_phases_4.svg
2026-07-02 20:15:27.177 | INFO     | __main__:<module>:253 - Running plot_average_max_time
Saved Max welding length [mm] plot in experiments/edge_reduction/sweeps/assembly_1_np_4/lambda_0.2/plots/Max_welding_length_[mm]_num_phases_4.svg

----------------- λ = 0.3 -----------------
2026-07-02 20:07:47.101 | INFO     | __main__:<module>:193 - Running /home/md/Work/PyCAALP/experiments/edge_reduction/run.py
2026-07-02 20:07:47.101 | INFO     | __main__:<module>:194 - ASSEMBLY_FNAME='data/assembly_1/assembly_1_parts.json'
2026-07-02 20:07:47.101 | INFO     | __main__:<module>:197 - NUM_PHASES=4
2026-07-02 20:07:47.101 | INFO     | __main__:<module>:198 - RES_FNAME='experiments/edge_reduction/sweeps/assembly_1_np_4/lambda_0.3/res.pkl'
2026-07-02 20:07:47.101 | INFO     | experiments.edge_reduction.scripts.combination_runs:run_full_edge_reduction_change:98 - Running test with: red_perc=0
2026-07-02 20:07:47.105 | INFO     | pycaalp.gapp.assembly_digraph:compute_assembly_digraph_complete:395 - Computing assembly digraph...
2026-07-02 20:07:47.375 | INFO     | pycaalp.time_balancing.model:run_mip:430 - Running MIP solver ...
2026-07-02 20:09:25.765 | INFO     | experiments.edge_reduction.scripts.combination_runs:run_full_edge_reduction_change:98 - Running test with: red_perc=5
2026-07-02 20:09:25.769 | INFO     | pycaalp.gapp.assembly_digraph:compute_assembly_digraph_complete:395 - Computing assembly digraph...
2026-07-02 20:09:26.351 | INFO     | pycaalp.time_balancing.model:run_mip:430 - Running MIP solver ...
2026-07-02 20:09:46.137 | INFO     | pycaalp.gapp.assembly_digraph:compute_assembly_digraph_complete:395 - Computing assembly digraph...
2026-07-02 20:09:46.631 | INFO     | pycaalp.time_balancing.model:run_mip:430 - Running MIP solver ...
2026-07-02 20:09:59.909 | INFO     | pycaalp.gapp.assembly_digraph:compute_assembly_digraph_complete:395 - Computing assembly digraph...
2026-07-02 20:10:00.404 | INFO     | pycaalp.time_balancing.model:run_mip:430 - Running MIP solver ...
2026-07-02 20:10:38.719 | INFO     | pycaalp.gapp.assembly_digraph:compute_assembly_digraph_complete:395 - Computing assembly digraph...
2026-07-02 20:10:39.268 | INFO     | pycaalp.time_balancing.model:run_mip:430 - Running MIP solver ...
2026-07-02 20:10:51.798 | INFO     | pycaalp.gapp.assembly_digraph:compute_assembly_digraph_complete:395 - Computing assembly digraph...
2026-07-02 20:10:52.286 | INFO     | pycaalp.time_balancing.model:run_mip:430 - Running MIP solver ...
2026-07-02 20:11:05.516 | INFO     | experiments.edge_reduction.scripts.combination_runs:run_full_edge_reduction_change:98 - Running test with: red_perc=10
2026-07-02 20:11:05.523 | INFO     | pycaalp.gapp.assembly_digraph:compute_assembly_digraph_complete:395 - Computing assembly digraph...
2026-07-02 20:11:06.113 | INFO     | pycaalp.time_balancing.model:run_mip:430 - Running MIP solver ...
2026-07-02 20:11:20.209 | INFO     | pycaalp.gapp.assembly_digraph:compute_assembly_digraph_complete:395 - Computing assembly digraph...
2026-07-02 20:11:20.662 | INFO     | pycaalp.time_balancing.model:run_mip:430 - Running MIP solver ...
2026-07-02 20:11:39.110 | INFO     | pycaalp.gapp.assembly_digraph:compute_assembly_digraph_complete:395 - Computing assembly digraph...
2026-07-02 20:11:39.603 | INFO     | pycaalp.time_balancing.model:run_mip:430 - Running MIP solver ...
2026-07-02 20:12:01.042 | INFO     | pycaalp.gapp.assembly_digraph:compute_assembly_digraph_complete:395 - Computing assembly digraph...
2026-07-02 20:12:01.593 | INFO     | pycaalp.time_balancing.model:run_mip:430 - Running MIP solver ...
2026-07-02 20:12:10.659 | INFO     | pycaalp.gapp.assembly_digraph:compute_assembly_digraph_complete:395 - Computing assembly digraph...
2026-07-02 20:12:11.204 | INFO     | pycaalp.time_balancing.model:run_mip:430 - Running MIP solver ...
2026-07-02 20:12:23.435 | INFO     | experiments.edge_reduction.scripts.combination_runs:run_full_edge_reduction_change:98 - Running test with: red_perc=15
2026-07-02 20:12:23.439 | INFO     | pycaalp.gapp.assembly_digraph:compute_assembly_digraph_complete:395 - Computing assembly digraph...
2026-07-02 20:12:23.894 | INFO     | pycaalp.time_balancing.model:run_mip:430 - Running MIP solver ...
2026-07-02 20:12:43.235 | INFO     | pycaalp.gapp.assembly_digraph:compute_assembly_digraph_complete:395 - Computing assembly digraph...
2026-07-02 20:12:43.772 | INFO     | pycaalp.time_balancing.model:run_mip:430 - Running MIP solver ...
2026-07-02 20:13:21.711 | INFO     | pycaalp.gapp.assembly_digraph:compute_assembly_digraph_complete:395 - Computing assembly digraph...
2026-07-02 20:13:22.267 | INFO     | pycaalp.time_balancing.model:run_mip:430 - Running MIP solver ...
2026-07-02 20:13:36.499 | INFO     | pycaalp.gapp.assembly_digraph:compute_assembly_digraph_complete:395 - Computing assembly digraph...
2026-07-02 20:13:37.112 | INFO     | pycaalp.time_balancing.model:run_mip:430 - Running MIP solver ...
2026-07-02 20:13:46.867 | INFO     | pycaalp.gapp.assembly_digraph:compute_assembly_digraph_complete:395 - Computing assembly digraph...
2026-07-02 20:13:47.449 | INFO     | pycaalp.time_balancing.model:run_mip:430 - Running MIP solver ...
2026-07-02 20:14:00.163 | INFO     | experiments.edge_reduction.scripts.combination_runs:run_full_edge_reduction_change:98 - Running test with: red_perc=20
2026-07-02 20:14:00.170 | INFO     | pycaalp.gapp.assembly_digraph:compute_assembly_digraph_complete:395 - Computing assembly digraph...
2026-07-02 20:14:00.729 | INFO     | pycaalp.time_balancing.model:run_mip:430 - Running MIP solver ...
2026-07-02 20:14:10.364 | INFO     | pycaalp.gapp.assembly_digraph:compute_assembly_digraph_complete:395 - Computing assembly digraph...
2026-07-02 20:14:10.888 | INFO     | pycaalp.time_balancing.model:run_mip:430 - Running MIP solver ...
2026-07-02 20:14:23.185 | INFO     | pycaalp.gapp.assembly_digraph:compute_assembly_digraph_complete:395 - Computing assembly digraph...
2026-07-02 20:14:23.665 | INFO     | pycaalp.time_balancing.model:run_mip:430 - Running MIP solver ...
2026-07-02 20:14:38.494 | INFO     | pycaalp.gapp.assembly_digraph:compute_assembly_digraph_complete:395 - Computing assembly digraph...
2026-07-02 20:14:38.958 | INFO     | pycaalp.time_balancing.model:run_mip:430 - Running MIP solver ...
2026-07-02 20:14:48.730 | INFO     | pycaalp.gapp.assembly_digraph:compute_assembly_digraph_complete:395 - Computing assembly digraph...
2026-07-02 20:14:49.260 | INFO     | pycaalp.time_balancing.model:run_mip:430 - Running MIP solver ...
2026-07-02 20:15:17.084 | INFO     | experiments.edge_reduction.scripts.combination_runs:run_full_edge_reduction_change:98 - Running test with: red_perc=25
2026-07-02 20:15:17.088 | INFO     | pycaalp.gapp.assembly_digraph:compute_assembly_digraph_complete:395 - Computing assembly digraph...
2026-07-02 20:15:17.647 | INFO     | pycaalp.time_balancing.model:run_mip:430 - Running MIP solver ...
2026-07-02 20:15:22.934 | INFO     | pycaalp.gapp.assembly_digraph:compute_assembly_digraph_complete:395 - Computing assembly digraph...
2026-07-02 20:15:23.463 | INFO     | pycaalp.time_balancing.model:run_mip:430 - Running MIP solver ...
2026-07-02 20:15:28.115 | INFO     | pycaalp.gapp.assembly_digraph:compute_assembly_digraph_complete:395 - Computing assembly digraph...
2026-07-02 20:15:28.592 | INFO     | pycaalp.time_balancing.model:run_mip:430 - Running MIP solver ...
2026-07-02 20:15:34.652 | INFO     | pycaalp.gapp.assembly_digraph:compute_assembly_digraph_complete:395 - Computing assembly digraph...
2026-07-02 20:15:35.157 | INFO     | pycaalp.time_balancing.model:run_mip:430 - Running MIP solver ...
2026-07-02 20:15:42.996 | INFO     | pycaalp.gapp.assembly_digraph:compute_assembly_digraph_complete:395 - Computing assembly digraph...
2026-07-02 20:15:43.515 | INFO     | pycaalp.time_balancing.model:run_mip:430 - Running MIP solver ...
2026-07-02 20:15:52.036 | INFO     | experiments.edge_reduction.scripts.combination_runs:run_full_edge_reduction_change:98 - Running test with: red_perc=30
2026-07-02 20:15:52.040 | INFO     | pycaalp.gapp.assembly_digraph:compute_assembly_digraph_complete:395 - Computing assembly digraph...
2026-07-02 20:15:52.533 | INFO     | pycaalp.time_balancing.model:run_mip:430 - Running MIP solver ...
2026-07-02 20:15:57.148 | INFO     | pycaalp.gapp.assembly_digraph:compute_assembly_digraph_complete:395 - Computing assembly digraph...
2026-07-02 20:15:57.641 | INFO     | pycaalp.time_balancing.model:run_mip:430 - Running MIP solver ...
2026-07-02 20:16:07.370 | INFO     | pycaalp.gapp.assembly_digraph:compute_assembly_digraph_complete:395 - Computing assembly digraph...
2026-07-02 20:16:07.853 | INFO     | pycaalp.time_balancing.model:run_mip:430 - Running MIP solver ...
2026-07-02 20:16:16.964 | INFO     | pycaalp.gapp.assembly_digraph:compute_assembly_digraph_complete:395 - Computing assembly digraph...
2026-07-02 20:16:17.507 | INFO     | pycaalp.time_balancing.model:run_mip:430 - Running MIP solver ...
2026-07-02 20:16:24.696 | INFO     | pycaalp.gapp.assembly_digraph:compute_assembly_digraph_complete:395 - Computing assembly digraph...
2026-07-02 20:16:25.108 | INFO     | pycaalp.time_balancing.model:run_mip:430 - Running MIP solver ...
2026-07-02 20:16:31.636 | INFO     | experiments.edge_reduction.scripts.combination_runs:run_full_edge_reduction_change:98 - Running test with: red_perc=35
2026-07-02 20:16:31.639 | INFO     | pycaalp.gapp.assembly_digraph:compute_assembly_digraph_complete:395 - Computing assembly digraph...
2026-07-02 20:16:32.034 | INFO     | pycaalp.time_balancing.model:run_mip:430 - Running MIP solver ...
2026-07-02 20:16:38.239 | INFO     | pycaalp.gapp.assembly_digraph:compute_assembly_digraph_complete:395 - Computing assembly digraph...
2026-07-02 20:16:38.624 | INFO     | pycaalp.time_balancing.model:run_mip:430 - Running MIP solver ...
2026-07-02 20:16:46.493 | INFO     | pycaalp.gapp.assembly_digraph:compute_assembly_digraph_complete:395 - Computing assembly digraph...
2026-07-02 20:16:46.933 | INFO     | pycaalp.time_balancing.model:run_mip:430 - Running MIP solver ...
2026-07-02 20:16:51.614 | INFO     | pycaalp.gapp.assembly_digraph:compute_assembly_digraph_complete:395 - Computing assembly digraph...
2026-07-02 20:16:52.316 | INFO     | pycaalp.time_balancing.model:run_mip:430 - Running MIP solver ...
2026-07-02 20:16:59.408 | INFO     | pycaalp.gapp.assembly_digraph:compute_assembly_digraph_complete:395 - Computing assembly digraph...
2026-07-02 20:16:59.842 | INFO     | pycaalp.time_balancing.model:run_mip:430 - Running MIP solver ...
2026-07-02 20:17:03.989 | INFO     | experiments.edge_reduction.scripts.combination_runs:run_full_edge_reduction_change:98 - Running test with: red_perc=40
2026-07-02 20:17:03.993 | INFO     | pycaalp.gapp.assembly_digraph:compute_assembly_digraph_complete:395 - Computing assembly digraph...
2026-07-02 20:17:04.513 | INFO     | pycaalp.time_balancing.model:run_mip:430 - Running MIP solver ...
2026-07-02 20:17:08.591 | INFO     | pycaalp.gapp.assembly_digraph:compute_assembly_digraph_complete:395 - Computing assembly digraph...
2026-07-02 20:17:09.005 | INFO     | pycaalp.time_balancing.model:run_mip:430 - Running MIP solver ...
2026-07-02 20:17:12.745 | INFO     | pycaalp.gapp.assembly_digraph:compute_assembly_digraph_complete:395 - Computing assembly digraph...
2026-07-02 20:17:13.223 | INFO     | pycaalp.time_balancing.model:run_mip:430 - Running MIP solver ...
2026-07-02 20:17:18.326 | INFO     | pycaalp.gapp.assembly_digraph:compute_assembly_digraph_complete:395 - Computing assembly digraph...
2026-07-02 20:17:18.886 | INFO     | pycaalp.time_balancing.model:run_mip:430 - Running MIP solver ...
2026-07-02 20:17:23.112 | INFO     | pycaalp.gapp.assembly_digraph:compute_assembly_digraph_complete:395 - Computing assembly digraph...
2026-07-02 20:17:23.543 | INFO     | pycaalp.time_balancing.model:run_mip:430 - Running MIP solver ...
2026-07-02 20:17:26.783 | INFO     | experiments.edge_reduction.scripts.combination_runs:run_full_edge_reduction_change:98 - Running test with: red_perc=45
2026-07-02 20:17:26.787 | INFO     | pycaalp.gapp.assembly_digraph:compute_assembly_digraph_complete:395 - Computing assembly digraph...
2026-07-02 20:17:27.245 | INFO     | pycaalp.time_balancing.model:run_mip:430 - Running MIP solver ...
2026-07-02 20:17:29.366 | INFO     | pycaalp.gapp.assembly_digraph:compute_assembly_digraph_complete:395 - Computing assembly digraph...
2026-07-02 20:17:29.816 | INFO     | pycaalp.time_balancing.model:run_mip:430 - Running MIP solver ...
2026-07-02 20:17:33.345 | INFO     | pycaalp.gapp.assembly_digraph:compute_assembly_digraph_complete:395 - Computing assembly digraph...
2026-07-02 20:17:33.795 | INFO     | pycaalp.time_balancing.model:run_mip:430 - Running MIP solver ...
2026-07-02 20:17:39.806 | INFO     | pycaalp.gapp.assembly_digraph:compute_assembly_digraph_complete:395 - Computing assembly digraph...
2026-07-02 20:17:40.255 | INFO     | pycaalp.time_balancing.model:run_mip:430 - Running MIP solver ...
2026-07-02 20:17:43.779 | INFO     | pycaalp.gapp.assembly_digraph:compute_assembly_digraph_complete:395 - Computing assembly digraph...
2026-07-02 20:17:44.272 | INFO     | pycaalp.time_balancing.model:run_mip:430 - Running MIP solver ...
2026-07-02 20:17:47.259 | INFO     | experiments.edge_reduction.scripts.combination_runs:run_full_edge_reduction_change:98 - Running test with: red_perc=50
2026-07-02 20:17:47.263 | INFO     | pycaalp.gapp.assembly_digraph:compute_assembly_digraph_complete:395 - Computing assembly digraph...
2026-07-02 20:17:47.697 | INFO     | pycaalp.time_balancing.model:run_mip:430 - Running MIP solver ...
2026-07-02 20:17:50.017 | INFO     | pycaalp.gapp.assembly_digraph:compute_assembly_digraph_complete:395 - Computing assembly digraph...
2026-07-02 20:17:50.499 | INFO     | pycaalp.time_balancing.model:run_mip:430 - Running MIP solver ...
2026-07-02 20:17:54.103 | INFO     | pycaalp.gapp.assembly_digraph:compute_assembly_digraph_complete:395 - Computing assembly digraph...
2026-07-02 20:17:54.617 | INFO     | pycaalp.time_balancing.model:run_mip:430 - Running MIP solver ...
2026-07-02 20:17:57.911 | INFO     | pycaalp.gapp.assembly_digraph:compute_assembly_digraph_complete:395 - Computing assembly digraph...
2026-07-02 20:17:58.387 | INFO     | pycaalp.time_balancing.model:run_mip:430 - Running MIP solver ...
2026-07-02 20:18:01.938 | INFO     | pycaalp.gapp.assembly_digraph:compute_assembly_digraph_complete:395 - Computing assembly digraph...
2026-07-02 20:18:02.397 | INFO     | pycaalp.time_balancing.model:run_mip:430 - Running MIP solver ...
2026-07-02 20:18:04.858 | INFO     | experiments.edge_reduction.scripts.combination_runs:run_full_edge_reduction_change:98 - Running test with: red_perc=55
2026-07-02 20:18:04.862 | INFO     | pycaalp.gapp.assembly_digraph:compute_assembly_digraph_complete:395 - Computing assembly digraph...
2026-07-02 20:18:05.342 | INFO     | pycaalp.time_balancing.model:run_mip:430 - Running MIP solver ...
2026-07-02 20:18:07.892 | INFO     | pycaalp.gapp.assembly_digraph:compute_assembly_digraph_complete:395 - Computing assembly digraph...
2026-07-02 20:18:08.389 | INFO     | pycaalp.time_balancing.model:run_mip:430 - Running MIP solver ...
2026-07-02 20:18:09.653 | INFO     | pycaalp.gapp.assembly_digraph:compute_assembly_digraph_complete:395 - Computing assembly digraph...
2026-07-02 20:18:10.090 | INFO     | pycaalp.time_balancing.model:run_mip:430 - Running MIP solver ...
2026-07-02 20:18:13.008 | INFO     | pycaalp.gapp.assembly_digraph:compute_assembly_digraph_complete:395 - Computing assembly digraph...
2026-07-02 20:18:13.427 | INFO     | pycaalp.time_balancing.model:run_mip:430 - Running MIP solver ...
2026-07-02 20:18:16.611 | INFO     | pycaalp.gapp.assembly_digraph:compute_assembly_digraph_complete:395 - Computing assembly digraph...
2026-07-02 20:18:17.049 | INFO     | pycaalp.time_balancing.model:run_mip:430 - Running MIP solver ...
2026-07-02 20:18:18.340 | INFO     | experiments.edge_reduction.scripts.combination_runs:run_full_edge_reduction_change:98 - Running test with: red_perc=60
2026-07-02 20:18:18.347 | INFO     | pycaalp.gapp.assembly_digraph:compute_assembly_digraph_complete:395 - Computing assembly digraph...
2026-07-02 20:18:18.830 | INFO     | pycaalp.time_balancing.model:run_mip:430 - Running MIP solver ...
2026-07-02 20:18:20.169 | INFO     | pycaalp.gapp.assembly_digraph:compute_assembly_digraph_complete:395 - Computing assembly digraph...
2026-07-02 20:18:20.670 | INFO     | pycaalp.time_balancing.model:run_mip:430 - Running MIP solver ...
2026-07-02 20:18:21.621 | INFO     | pycaalp.gapp.assembly_digraph:compute_assembly_digraph_complete:395 - Computing assembly digraph...
2026-07-02 20:18:22.087 | INFO     | pycaalp.time_balancing.model:run_mip:430 - Running MIP solver ...
2026-07-02 20:18:24.229 | INFO     | pycaalp.gapp.assembly_digraph:compute_assembly_digraph_complete:395 - Computing assembly digraph...
2026-07-02 20:18:24.702 | INFO     | pycaalp.time_balancing.model:run_mip:430 - Running MIP solver ...
2026-07-02 20:18:27.148 | INFO     | pycaalp.gapp.assembly_digraph:compute_assembly_digraph_complete:395 - Computing assembly digraph...
2026-07-02 20:18:27.578 | INFO     | pycaalp.time_balancing.model:run_mip:430 - Running MIP solver ...
2026-07-02 20:18:30.039 | INFO     | experiments.edge_reduction.scripts.combination_runs:run_full_edge_reduction_change:98 - Running test with: red_perc=65
2026-07-02 20:18:30.043 | INFO     | pycaalp.gapp.assembly_digraph:compute_assembly_digraph_complete:395 - Computing assembly digraph...
2026-07-02 20:18:30.515 | INFO     | pycaalp.time_balancing.model:run_mip:430 - Running MIP solver ...
2026-07-02 20:18:33.172 | INFO     | pycaalp.gapp.assembly_digraph:compute_assembly_digraph_complete:395 - Computing assembly digraph...
2026-07-02 20:18:33.567 | INFO     | pycaalp.time_balancing.model:run_mip:430 - Running MIP solver ...
2026-07-02 20:18:35.422 | INFO     | pycaalp.gapp.assembly_digraph:compute_assembly_digraph_complete:395 - Computing assembly digraph...
2026-07-02 20:18:35.843 | INFO     | pycaalp.time_balancing.model:run_mip:430 - Running MIP solver ...
2026-07-02 20:18:40.096 | INFO     | pycaalp.gapp.assembly_digraph:compute_assembly_digraph_complete:395 - Computing assembly digraph...
2026-07-02 20:18:40.611 | INFO     | pycaalp.time_balancing.model:run_mip:430 - Running MIP solver ...
2026-07-02 20:18:41.879 | INFO     | pycaalp.gapp.assembly_digraph:compute_assembly_digraph_complete:395 - Computing assembly digraph...
2026-07-02 20:18:42.345 | INFO     | pycaalp.time_balancing.model:run_mip:430 - Running MIP solver ...
2026-07-02 20:18:44.664 | INFO     | experiments.edge_reduction.scripts.combination_runs:run_full_edge_reduction_change:98 - Running test with: red_perc=70
2026-07-02 20:18:44.668 | INFO     | pycaalp.gapp.assembly_digraph:compute_assembly_digraph_complete:395 - Computing assembly digraph...
2026-07-02 20:18:45.131 | INFO     | pycaalp.time_balancing.model:run_mip:430 - Running MIP solver ...
2026-07-02 20:18:46.090 | INFO     | pycaalp.gapp.assembly_digraph:compute_assembly_digraph_complete:395 - Computing assembly digraph...
2026-07-02 20:18:46.542 | INFO     | pycaalp.time_balancing.model:run_mip:430 - Running MIP solver ...
2026-07-02 20:18:47.869 | INFO     | pycaalp.gapp.assembly_digraph:compute_assembly_digraph_complete:395 - Computing assembly digraph...
2026-07-02 20:18:48.352 | INFO     | pycaalp.time_balancing.model:run_mip:430 - Running MIP solver ...
2026-07-02 20:18:49.813 | INFO     | pycaalp.gapp.assembly_digraph:compute_assembly_digraph_complete:395 - Computing assembly digraph...
2026-07-02 20:18:50.249 | INFO     | pycaalp.time_balancing.model:run_mip:430 - Running MIP solver ...
2026-07-02 20:18:51.415 | INFO     | pycaalp.gapp.assembly_digraph:compute_assembly_digraph_complete:395 - Computing assembly digraph...
2026-07-02 20:18:51.895 | INFO     | pycaalp.time_balancing.model:run_mip:430 - Running MIP solver ...
2026-07-02 20:18:53.187 | INFO     | __main__:<module>:240 - Running plot_total_time
{0: (np.float64(98.348707), np.float64(0.8537010014206998), np.float64(584.04), np.float64(0.0), np.float64(0.0), np.float64(0.0), np.float64(98.66326462605502), np.float64(0.0), np.float64(0.2737710310611874), np.float64(0.0)), 5: (np.float64(19.3300966), np.float64(0.8537010014206997), np.float64(584.04), np.float64(9.813155344592046), np.float64(4.965068306494546e-17), np.float64(0.0), np.float64(19.909743676963263), np.float64(9.805443966236062), np.float64(0.526156517979689), np.float64(0.03698404728641637)), 10: (np.float64(14.967999800000001), np.float64(0.8537010014206997), np.float64(584.04), np.float64(4.392574777099072), np.float64(0.0), np.float64(0.0), np.float64(15.558673155400902), np.float64(4.367723436715136), np.float64(0.531767662637867), np.float64(0.04905217182344123)), 15: (np.float64(18.688576), np.float64(0.8537010014206997), np.float64(584.04), np.float64(10.057416078660264), np.float64(4.965068306494546e-17), np.float64(0.0), np.float64(19.310147086228245), np.float64(10.045373990812381), np.float64(0.5545113272033632), np.float64(0.05423922981294422)), 20: (np.float64(14.806779599999999), np.float64(0.8537010014206997), np.float64(584.04), np.float64(6.752663668849992), np.float64(4.965068306494546e-17), np.float64(0.0), np.float64(15.365507564973086), np.float64(6.760129119421618), np.float64(0.5168915658025071), np.float64(0.03557628077293087)), 25: (np.float64(6.4030658), np.float64(0.8537010014206997), np.float64(584.04), np.float64(1.4870964686003931), np.float64(4.965068306494546e-17), np.float64(0.0), np.float64(6.971575104584917), np.float64(1.4704311125206921), np.float64(0.5224038993939757), np.float64(0.026475869355201808)), 30: (np.float64(7.3791358), np.float64(0.8537010014206997), np.float64(584.04), np.float64(1.8375706348671772), np.float64(4.965068306494546e-17), np.float64(0.0), np.float64(7.903489996376448), np.float64(1.8411479796545196), np.float64(0.4892406543949619), np.float64(0.04289185432779333)), 35: (np.float64(5.9382588), np.float64(0.8537010014206997), np.float64(584.04), np.float64(1.406813406616585), np.float64(4.965068306494546e-17), np.float64(0.0), np.float64(6.45814037497621), np.float64(1.441237574564475), np.float64(0.4763472434133291), np.float64(0.11997006654307364)), 40: (np.float64(4.0240466), np.float64(0.8537010014206997), np.float64(584.04), np.float64(0.6138275143098751), np.float64(4.965068306494546e-17), np.float64(0.0), np.float64(4.54709518935997), np.float64(0.637850972149715), np.float64(0.4856603195890784), np.float64(0.05574483910959532)), 45: (np.float64(3.5958052), np.float64(0.8537010014206997), np.float64(584.04), np.float64(1.2940860366789222), np.float64(1.4895204919483638e-16), np.float64(0.0), np.float64(4.084960270789452), np.float64(1.2875726919216928), np.float64(0.4639633812243119), np.float64(0.016823633125660743)), 50: (np.float64(2.9947996), np.float64(0.8537010014206998), np.float64(584.04), np.float64(0.5519501672559218), np.float64(8.599750569898517e-17), np.float64(0.0), np.float64(3.50883621936664), np.float64(0.5677866291535874), np.float64(0.4773620361695066), np.float64(0.026590457256161364)), 55: (np.float64(2.2021302), np.float64(0.8537010014206997), np.float64(584.04), np.float64(0.8108925287285362), np.float64(0.0), np.float64(0.0), np.float64(2.6886850876268), np.float64(0.7949223117871613), np.float64(0.4584652055986226), np.float64(0.0289389295147821)), 60: (np.float64(1.834266), np.float64(0.8537010014206998), np.float64(584.04), np.float64(0.6139891504960002), np.float64(1.2161883888976234e-16), np.float64(0.0), np.float64(2.3331874624360354), np.float64(0.5958459449216333), np.float64(0.475758718024008), np.float64(0.024466628892627386)), 65: (np.float64(2.4463898), np.float64(0.8537010014206997), np.float64(584.04), np.float64(1.0041762145972988), np.float64(4.965068306494546e-17), np.float64(0.0), np.float64(2.9196800468023865), np.float64(0.9860685774811375), np.float64(0.45811685239896177), np.float64(0.04229459283697926)), 70: (np.float64(1.215121), np.float64(0.8537010014206997), np.float64(584.04), np.float64(0.17058613369087183), np.float64(4.965068306494546e-17), np.float64(0.0), np.float64(1.6972311629913748), np.float64(0.17810390395723188), np.float64(0.46671270199585707), np.float64(0.017515622278154484))}
Saved MIP solve time plot in experiments/edge_reduction/sweeps/assembly_1_np_4/lambda_0.3/plots/MIP_solve_time_num_phases_4.svg
2026-07-02 20:18:53.387 | INFO     | __main__:<module>:250 - Running plot_speedup_vs_max_length_lost
Saved speedup_vs_weld_len_degr plot in experiments/edge_reduction/sweeps/assembly_1_np_4/lambda_0.3/plots/speedup_vs_weld_len_degr_num_phases_4.svg
2026-07-02 20:18:53.593 | INFO     | __main__:<module>:253 - Running plot_average_max_time
Saved Max welding length [mm] plot in experiments/edge_reduction/sweeps/assembly_1_np_4/lambda_0.3/plots/Max_welding_length_[mm]_num_phases_4.svg

----------------- λ = 0.4 -----------------
2026-07-02 20:07:47.099 | INFO     | __main__:<module>:193 - Running /home/md/Work/PyCAALP/experiments/edge_reduction/run.py
2026-07-02 20:07:47.099 | INFO     | __main__:<module>:194 - ASSEMBLY_FNAME='data/assembly_1/assembly_1_parts.json'
2026-07-02 20:07:47.099 | INFO     | __main__:<module>:197 - NUM_PHASES=4
2026-07-02 20:07:47.099 | INFO     | __main__:<module>:198 - RES_FNAME='experiments/edge_reduction/sweeps/assembly_1_np_4/lambda_0.4/res.pkl'
2026-07-02 20:07:47.099 | INFO     | experiments.edge_reduction.scripts.combination_runs:run_full_edge_reduction_change:98 - Running test with: red_perc=0
2026-07-02 20:07:47.106 | INFO     | pycaalp.gapp.assembly_digraph:compute_assembly_digraph_complete:395 - Computing assembly digraph...
2026-07-02 20:07:47.398 | INFO     | pycaalp.time_balancing.model:run_mip:430 - Running MIP solver ...
2026-07-02 20:09:06.755 | INFO     | experiments.edge_reduction.scripts.combination_runs:run_full_edge_reduction_change:98 - Running test with: red_perc=5
2026-07-02 20:09:06.759 | INFO     | pycaalp.gapp.assembly_digraph:compute_assembly_digraph_complete:395 - Computing assembly digraph...
2026-07-02 20:09:07.316 | INFO     | pycaalp.time_balancing.model:run_mip:430 - Running MIP solver ...
2026-07-02 20:09:34.156 | INFO     | pycaalp.gapp.assembly_digraph:compute_assembly_digraph_complete:395 - Computing assembly digraph...
2026-07-02 20:09:34.730 | INFO     | pycaalp.time_balancing.model:run_mip:430 - Running MIP solver ...
2026-07-02 20:09:54.890 | INFO     | pycaalp.gapp.assembly_digraph:compute_assembly_digraph_complete:395 - Computing assembly digraph...
2026-07-02 20:09:55.395 | INFO     | pycaalp.time_balancing.model:run_mip:430 - Running MIP solver ...
2026-07-02 20:10:19.087 | INFO     | pycaalp.gapp.assembly_digraph:compute_assembly_digraph_complete:395 - Computing assembly digraph...
2026-07-02 20:10:19.666 | INFO     | pycaalp.time_balancing.model:run_mip:430 - Running MIP solver ...
2026-07-02 20:10:45.896 | INFO     | pycaalp.gapp.assembly_digraph:compute_assembly_digraph_complete:395 - Computing assembly digraph...
2026-07-02 20:10:46.418 | INFO     | pycaalp.time_balancing.model:run_mip:430 - Running MIP solver ...
2026-07-02 20:11:17.232 | INFO     | experiments.edge_reduction.scripts.combination_runs:run_full_edge_reduction_change:98 - Running test with: red_perc=10
2026-07-02 20:11:17.237 | INFO     | pycaalp.gapp.assembly_digraph:compute_assembly_digraph_complete:395 - Computing assembly digraph...
2026-07-02 20:11:17.766 | INFO     | pycaalp.time_balancing.model:run_mip:430 - Running MIP solver ...
2026-07-02 20:12:15.273 | INFO     | pycaalp.gapp.assembly_digraph:compute_assembly_digraph_complete:395 - Computing assembly digraph...
2026-07-02 20:12:15.817 | INFO     | pycaalp.time_balancing.model:run_mip:430 - Running MIP solver ...
2026-07-02 20:12:34.831 | INFO     | pycaalp.gapp.assembly_digraph:compute_assembly_digraph_complete:395 - Computing assembly digraph...
2026-07-02 20:12:35.408 | INFO     | pycaalp.time_balancing.model:run_mip:430 - Running MIP solver ...
2026-07-02 20:13:01.120 | INFO     | pycaalp.gapp.assembly_digraph:compute_assembly_digraph_complete:395 - Computing assembly digraph...
2026-07-02 20:13:01.651 | INFO     | pycaalp.time_balancing.model:run_mip:430 - Running MIP solver ...
2026-07-02 20:13:30.651 | INFO     | pycaalp.gapp.assembly_digraph:compute_assembly_digraph_complete:395 - Computing assembly digraph...
2026-07-02 20:13:31.229 | INFO     | pycaalp.time_balancing.model:run_mip:430 - Running MIP solver ...
2026-07-02 20:14:04.890 | INFO     | experiments.edge_reduction.scripts.combination_runs:run_full_edge_reduction_change:98 - Running test with: red_perc=15
2026-07-02 20:14:04.894 | INFO     | pycaalp.gapp.assembly_digraph:compute_assembly_digraph_complete:395 - Computing assembly digraph...
2026-07-02 20:14:05.500 | INFO     | pycaalp.time_balancing.model:run_mip:430 - Running MIP solver ...
2026-07-02 20:14:19.375 | INFO     | pycaalp.gapp.assembly_digraph:compute_assembly_digraph_complete:395 - Computing assembly digraph...
2026-07-02 20:14:19.850 | INFO     | pycaalp.time_balancing.model:run_mip:430 - Running MIP solver ...
2026-07-02 20:14:31.823 | INFO     | pycaalp.gapp.assembly_digraph:compute_assembly_digraph_complete:395 - Computing assembly digraph...
2026-07-02 20:14:32.402 | INFO     | pycaalp.time_balancing.model:run_mip:430 - Running MIP solver ...
2026-07-02 20:14:47.794 | INFO     | pycaalp.gapp.assembly_digraph:compute_assembly_digraph_complete:395 - Computing assembly digraph...
2026-07-02 20:14:48.284 | INFO     | pycaalp.time_balancing.model:run_mip:430 - Running MIP solver ...
2026-07-02 20:15:55.598 | INFO     | pycaalp.gapp.assembly_digraph:compute_assembly_digraph_complete:395 - Computing assembly digraph...
2026-07-02 20:15:56.103 | INFO     | pycaalp.time_balancing.model:run_mip:430 - Running MIP solver ...
2026-07-02 20:16:20.091 | INFO     | experiments.edge_reduction.scripts.combination_runs:run_full_edge_reduction_change:98 - Running test with: red_perc=20
2026-07-02 20:16:20.095 | INFO     | pycaalp.gapp.assembly_digraph:compute_assembly_digraph_complete:395 - Computing assembly digraph...
2026-07-02 20:16:20.656 | INFO     | pycaalp.time_balancing.model:run_mip:430 - Running MIP solver ...
2026-07-02 20:16:33.145 | INFO     | pycaalp.gapp.assembly_digraph:compute_assembly_digraph_complete:395 - Computing assembly digraph...
2026-07-02 20:16:33.583 | INFO     | pycaalp.time_balancing.model:run_mip:430 - Running MIP solver ...
2026-07-02 20:16:49.358 | INFO     | pycaalp.gapp.assembly_digraph:compute_assembly_digraph_complete:395 - Computing assembly digraph...
2026-07-02 20:16:49.788 | INFO     | pycaalp.time_balancing.model:run_mip:430 - Running MIP solver ...
2026-07-02 20:17:12.648 | INFO     | pycaalp.gapp.assembly_digraph:compute_assembly_digraph_complete:395 - Computing assembly digraph...
2026-07-02 20:17:13.121 | INFO     | pycaalp.time_balancing.model:run_mip:430 - Running MIP solver ...
2026-07-02 20:17:31.156 | INFO     | pycaalp.gapp.assembly_digraph:compute_assembly_digraph_complete:395 - Computing assembly digraph...
2026-07-02 20:17:31.586 | INFO     | pycaalp.time_balancing.model:run_mip:430 - Running MIP solver ...
2026-07-02 20:17:39.156 | INFO     | experiments.edge_reduction.scripts.combination_runs:run_full_edge_reduction_change:98 - Running test with: red_perc=25
2026-07-02 20:17:39.160 | INFO     | pycaalp.gapp.assembly_digraph:compute_assembly_digraph_complete:395 - Computing assembly digraph...
2026-07-02 20:17:39.649 | INFO     | pycaalp.time_balancing.model:run_mip:430 - Running MIP solver ...
2026-07-02 20:17:50.588 | INFO     | pycaalp.gapp.assembly_digraph:compute_assembly_digraph_complete:395 - Computing assembly digraph...
2026-07-02 20:17:51.090 | INFO     | pycaalp.time_balancing.model:run_mip:430 - Running MIP solver ...
2026-07-02 20:18:01.228 | INFO     | pycaalp.gapp.assembly_digraph:compute_assembly_digraph_complete:395 - Computing assembly digraph...
2026-07-02 20:18:01.734 | INFO     | pycaalp.time_balancing.model:run_mip:430 - Running MIP solver ...
2026-07-02 20:18:10.596 | INFO     | pycaalp.gapp.assembly_digraph:compute_assembly_digraph_complete:395 - Computing assembly digraph...
2026-07-02 20:18:11.116 | INFO     | pycaalp.time_balancing.model:run_mip:430 - Running MIP solver ...
2026-07-02 20:18:56.872 | INFO     | pycaalp.gapp.assembly_digraph:compute_assembly_digraph_complete:395 - Computing assembly digraph...
2026-07-02 20:18:57.280 | INFO     | pycaalp.time_balancing.model:run_mip:430 - Running MIP solver ...
2026-07-02 20:19:22.405 | INFO     | experiments.edge_reduction.scripts.combination_runs:run_full_edge_reduction_change:98 - Running test with: red_perc=30
2026-07-02 20:19:22.408 | INFO     | pycaalp.gapp.assembly_digraph:compute_assembly_digraph_complete:395 - Computing assembly digraph...
2026-07-02 20:19:22.802 | INFO     | pycaalp.time_balancing.model:run_mip:430 - Running MIP solver ...
2026-07-02 20:19:30.609 | INFO     | pycaalp.gapp.assembly_digraph:compute_assembly_digraph_complete:395 - Computing assembly digraph...
2026-07-02 20:19:31.045 | INFO     | pycaalp.time_balancing.model:run_mip:430 - Running MIP solver ...
2026-07-02 20:19:38.923 | INFO     | pycaalp.gapp.assembly_digraph:compute_assembly_digraph_complete:395 - Computing assembly digraph...
2026-07-02 20:19:39.346 | INFO     | pycaalp.time_balancing.model:run_mip:430 - Running MIP solver ...
2026-07-02 20:19:44.624 | INFO     | pycaalp.gapp.assembly_digraph:compute_assembly_digraph_complete:395 - Computing assembly digraph...
2026-07-02 20:19:45.066 | INFO     | pycaalp.time_balancing.model:run_mip:430 - Running MIP solver ...
2026-07-02 20:19:56.466 | INFO     | pycaalp.gapp.assembly_digraph:compute_assembly_digraph_complete:395 - Computing assembly digraph...
2026-07-02 20:19:56.893 | INFO     | pycaalp.time_balancing.model:run_mip:430 - Running MIP solver ...
2026-07-02 20:20:09.887 | INFO     | experiments.edge_reduction.scripts.combination_runs:run_full_edge_reduction_change:98 - Running test with: red_perc=35
2026-07-02 20:20:09.893 | INFO     | pycaalp.gapp.assembly_digraph:compute_assembly_digraph_complete:395 - Computing assembly digraph...
2026-07-02 20:20:10.278 | INFO     | pycaalp.time_balancing.model:run_mip:430 - Running MIP solver ...
2026-07-02 20:20:31.210 | INFO     | pycaalp.gapp.assembly_digraph:compute_assembly_digraph_complete:395 - Computing assembly digraph...
2026-07-02 20:20:31.671 | INFO     | pycaalp.time_balancing.model:run_mip:430 - Running MIP solver ...
2026-07-02 20:20:38.587 | INFO     | pycaalp.gapp.assembly_digraph:compute_assembly_digraph_complete:395 - Computing assembly digraph...
2026-07-02 20:20:39.029 | INFO     | pycaalp.time_balancing.model:run_mip:430 - Running MIP solver ...
2026-07-02 20:20:47.021 | INFO     | pycaalp.gapp.assembly_digraph:compute_assembly_digraph_complete:395 - Computing assembly digraph...
2026-07-02 20:20:47.538 | INFO     | pycaalp.time_balancing.model:run_mip:430 - Running MIP solver ...
2026-07-02 20:20:54.939 | INFO     | pycaalp.gapp.assembly_digraph:compute_assembly_digraph_complete:395 - Computing assembly digraph...
2026-07-02 20:20:55.332 | INFO     | pycaalp.time_balancing.model:run_mip:430 - Running MIP solver ...
2026-07-02 20:20:59.983 | INFO     | experiments.edge_reduction.scripts.combination_runs:run_full_edge_reduction_change:98 - Running test with: red_perc=40
2026-07-02 20:20:59.987 | INFO     | pycaalp.gapp.assembly_digraph:compute_assembly_digraph_complete:395 - Computing assembly digraph...
2026-07-02 20:21:00.427 | INFO     | pycaalp.time_balancing.model:run_mip:430 - Running MIP solver ...
2026-07-02 20:21:05.421 | INFO     | pycaalp.gapp.assembly_digraph:compute_assembly_digraph_complete:395 - Computing assembly digraph...
2026-07-02 20:21:05.881 | INFO     | pycaalp.time_balancing.model:run_mip:430 - Running MIP solver ...
2026-07-02 20:21:14.085 | INFO     | pycaalp.gapp.assembly_digraph:compute_assembly_digraph_complete:395 - Computing assembly digraph...
2026-07-02 20:21:14.573 | INFO     | pycaalp.time_balancing.model:run_mip:430 - Running MIP solver ...
2026-07-02 20:21:23.485 | INFO     | pycaalp.gapp.assembly_digraph:compute_assembly_digraph_complete:395 - Computing assembly digraph...
2026-07-02 20:21:23.918 | INFO     | pycaalp.time_balancing.model:run_mip:430 - Running MIP solver ...
2026-07-02 20:21:29.363 | INFO     | pycaalp.gapp.assembly_digraph:compute_assembly_digraph_complete:395 - Computing assembly digraph...
2026-07-02 20:21:29.872 | INFO     | pycaalp.time_balancing.model:run_mip:430 - Running MIP solver ...
2026-07-02 20:21:35.490 | INFO     | experiments.edge_reduction.scripts.combination_runs:run_full_edge_reduction_change:98 - Running test with: red_perc=45
2026-07-02 20:21:35.493 | INFO     | pycaalp.gapp.assembly_digraph:compute_assembly_digraph_complete:395 - Computing assembly digraph...
2026-07-02 20:21:35.924 | INFO     | pycaalp.time_balancing.model:run_mip:430 - Running MIP solver ...
2026-07-02 20:21:41.360 | INFO     | pycaalp.gapp.assembly_digraph:compute_assembly_digraph_complete:395 - Computing assembly digraph...
2026-07-02 20:21:41.764 | INFO     | pycaalp.time_balancing.model:run_mip:430 - Running MIP solver ...
2026-07-02 20:21:52.999 | INFO     | pycaalp.gapp.assembly_digraph:compute_assembly_digraph_complete:395 - Computing assembly digraph...
2026-07-02 20:21:53.460 | INFO     | pycaalp.time_balancing.model:run_mip:430 - Running MIP solver ...
2026-07-02 20:21:56.991 | INFO     | pycaalp.gapp.assembly_digraph:compute_assembly_digraph_complete:395 - Computing assembly digraph...
2026-07-02 20:21:57.411 | INFO     | pycaalp.time_balancing.model:run_mip:430 - Running MIP solver ...
2026-07-02 20:22:01.359 | INFO     | pycaalp.gapp.assembly_digraph:compute_assembly_digraph_complete:395 - Computing assembly digraph...
2026-07-02 20:22:01.845 | INFO     | pycaalp.time_balancing.model:run_mip:430 - Running MIP solver ...
2026-07-02 20:22:04.750 | INFO     | experiments.edge_reduction.scripts.combination_runs:run_full_edge_reduction_change:98 - Running test with: red_perc=50
2026-07-02 20:22:04.754 | INFO     | pycaalp.gapp.assembly_digraph:compute_assembly_digraph_complete:395 - Computing assembly digraph...
2026-07-02 20:22:05.194 | INFO     | pycaalp.time_balancing.model:run_mip:430 - Running MIP solver ...
2026-07-02 20:22:07.806 | INFO     | pycaalp.gapp.assembly_digraph:compute_assembly_digraph_complete:395 - Computing assembly digraph...
2026-07-02 20:22:08.297 | INFO     | pycaalp.time_balancing.model:run_mip:430 - Running MIP solver ...
2026-07-02 20:22:12.432 | INFO     | pycaalp.gapp.assembly_digraph:compute_assembly_digraph_complete:395 - Computing assembly digraph...
2026-07-02 20:22:12.835 | INFO     | pycaalp.time_balancing.model:run_mip:430 - Running MIP solver ...
2026-07-02 20:22:15.893 | INFO     | pycaalp.gapp.assembly_digraph:compute_assembly_digraph_complete:395 - Computing assembly digraph...
2026-07-02 20:22:16.413 | INFO     | pycaalp.time_balancing.model:run_mip:430 - Running MIP solver ...
2026-07-02 20:22:19.670 | INFO     | pycaalp.gapp.assembly_digraph:compute_assembly_digraph_complete:395 - Computing assembly digraph...
2026-07-02 20:22:20.112 | INFO     | pycaalp.time_balancing.model:run_mip:430 - Running MIP solver ...
2026-07-02 20:22:23.816 | INFO     | experiments.edge_reduction.scripts.combination_runs:run_full_edge_reduction_change:98 - Running test with: red_perc=55
2026-07-02 20:22:23.820 | INFO     | pycaalp.gapp.assembly_digraph:compute_assembly_digraph_complete:395 - Computing assembly digraph...
2026-07-02 20:22:24.297 | INFO     | pycaalp.time_balancing.model:run_mip:430 - Running MIP solver ...
2026-07-02 20:22:26.725 | INFO     | pycaalp.gapp.assembly_digraph:compute_assembly_digraph_complete:395 - Computing assembly digraph...
2026-07-02 20:22:27.190 | INFO     | pycaalp.time_balancing.model:run_mip:430 - Running MIP solver ...
2026-07-02 20:22:29.416 | INFO     | pycaalp.gapp.assembly_digraph:compute_assembly_digraph_complete:395 - Computing assembly digraph...
2026-07-02 20:22:29.929 | INFO     | pycaalp.time_balancing.model:run_mip:430 - Running MIP solver ...
2026-07-02 20:22:33.805 | INFO     | pycaalp.gapp.assembly_digraph:compute_assembly_digraph_complete:395 - Computing assembly digraph...
2026-07-02 20:22:34.295 | INFO     | pycaalp.time_balancing.model:run_mip:430 - Running MIP solver ...
2026-07-02 20:22:36.707 | INFO     | pycaalp.gapp.assembly_digraph:compute_assembly_digraph_complete:395 - Computing assembly digraph...
2026-07-02 20:22:37.166 | INFO     | pycaalp.time_balancing.model:run_mip:430 - Running MIP solver ...
2026-07-02 20:22:40.040 | INFO     | experiments.edge_reduction.scripts.combination_runs:run_full_edge_reduction_change:98 - Running test with: red_perc=60
2026-07-02 20:22:40.044 | INFO     | pycaalp.gapp.assembly_digraph:compute_assembly_digraph_complete:395 - Computing assembly digraph...
2026-07-02 20:22:40.496 | INFO     | pycaalp.time_balancing.model:run_mip:430 - Running MIP solver ...
2026-07-02 20:22:42.384 | INFO     | pycaalp.gapp.assembly_digraph:compute_assembly_digraph_complete:395 - Computing assembly digraph...
2026-07-02 20:22:42.824 | INFO     | pycaalp.time_balancing.model:run_mip:430 - Running MIP solver ...
2026-07-02 20:22:44.778 | INFO     | pycaalp.gapp.assembly_digraph:compute_assembly_digraph_complete:395 - Computing assembly digraph...
2026-07-02 20:22:45.194 | INFO     | pycaalp.time_balancing.model:run_mip:430 - Running MIP solver ...
2026-07-02 20:22:48.094 | INFO     | pycaalp.gapp.assembly_digraph:compute_assembly_digraph_complete:395 - Computing assembly digraph...
2026-07-02 20:22:48.494 | INFO     | pycaalp.time_balancing.model:run_mip:430 - Running MIP solver ...
2026-07-02 20:22:50.841 | INFO     | pycaalp.gapp.assembly_digraph:compute_assembly_digraph_complete:395 - Computing assembly digraph...
2026-07-02 20:22:51.309 | INFO     | pycaalp.time_balancing.model:run_mip:430 - Running MIP solver ...
2026-07-02 20:22:53.199 | INFO     | experiments.edge_reduction.scripts.combination_runs:run_full_edge_reduction_change:98 - Running test with: red_perc=65
2026-07-02 20:22:53.202 | INFO     | pycaalp.gapp.assembly_digraph:compute_assembly_digraph_complete:395 - Computing assembly digraph...
2026-07-02 20:22:53.612 | INFO     | pycaalp.time_balancing.model:run_mip:430 - Running MIP solver ...
2026-07-02 20:22:56.293 | INFO     | pycaalp.gapp.assembly_digraph:compute_assembly_digraph_complete:395 - Computing assembly digraph...
2026-07-02 20:22:56.727 | INFO     | pycaalp.time_balancing.model:run_mip:430 - Running MIP solver ...
2026-07-02 20:22:58.398 | INFO     | pycaalp.gapp.assembly_digraph:compute_assembly_digraph_complete:395 - Computing assembly digraph...
2026-07-02 20:22:58.849 | INFO     | pycaalp.time_balancing.model:run_mip:430 - Running MIP solver ...
2026-07-02 20:23:00.443 | INFO     | pycaalp.gapp.assembly_digraph:compute_assembly_digraph_complete:395 - Computing assembly digraph...
2026-07-02 20:23:00.906 | INFO     | pycaalp.time_balancing.model:run_mip:430 - Running MIP solver ...
2026-07-02 20:23:03.341 | INFO     | pycaalp.gapp.assembly_digraph:compute_assembly_digraph_complete:395 - Computing assembly digraph...
2026-07-02 20:23:03.845 | INFO     | pycaalp.time_balancing.model:run_mip:430 - Running MIP solver ...
2026-07-02 20:23:04.834 | INFO     | experiments.edge_reduction.scripts.combination_runs:run_full_edge_reduction_change:98 - Running test with: red_perc=70
2026-07-02 20:23:04.838 | INFO     | pycaalp.gapp.assembly_digraph:compute_assembly_digraph_complete:395 - Computing assembly digraph...
2026-07-02 20:23:05.305 | INFO     | pycaalp.time_balancing.model:run_mip:430 - Running MIP solver ...
2026-07-02 20:23:06.716 | INFO     | pycaalp.gapp.assembly_digraph:compute_assembly_digraph_complete:395 - Computing assembly digraph...
2026-07-02 20:23:07.119 | INFO     | pycaalp.time_balancing.model:run_mip:430 - Running MIP solver ...
2026-07-02 20:23:08.707 | INFO     | pycaalp.gapp.assembly_digraph:compute_assembly_digraph_complete:395 - Computing assembly digraph...
2026-07-02 20:23:09.134 | INFO     | pycaalp.time_balancing.model:run_mip:430 - Running MIP solver ...
2026-07-02 20:23:10.387 | INFO     | pycaalp.gapp.assembly_digraph:compute_assembly_digraph_complete:395 - Computing assembly digraph...
2026-07-02 20:23:10.812 | INFO     | pycaalp.time_balancing.model:run_mip:430 - Running MIP solver ...
2026-07-02 20:23:12.686 | INFO     | pycaalp.gapp.assembly_digraph:compute_assembly_digraph_complete:395 - Computing assembly digraph...
2026-07-02 20:23:13.231 | INFO     | pycaalp.time_balancing.model:run_mip:430 - Running MIP solver ...
2026-07-02 20:23:14.491 | INFO     | __main__:<module>:240 - Running plot_total_time
{0: (np.float64(79.299529), np.float64(0.8606255535335803), np.float64(584.04), np.float64(0.0), np.float64(0.0), np.float64(0.0), np.float64(79.65508070809301), np.float64(0.0), np.float64(0.29905226605478674), np.float64(0.0)), 5: (np.float64(25.445665400000003), np.float64(0.8606255535335803), np.float64(584.04), np.float64(3.548318269696539), np.float64(9.930136612989092e-17), np.float64(0.0), np.float64(26.055779387592338), np.float64(3.527141497034531), np.float64(0.5519731781678274), np.float64(0.0291659414717774)), 10: (np.float64(32.8853136), np.float64(0.8606255535335803), np.float64(584.04), np.float64(13.140119489550964), np.float64(9.930136612989092e-17), np.float64(0.0), np.float64(33.49352345061489), np.float64(13.130549160978335), np.float64(0.5562818820122629), np.float64(0.02164849776360477)), 15: (np.float64(26.3979262), np.float64(0.8606255535335803), np.float64(584.04), np.float64(20.81063289874737), np.float64(9.930136612989092e-17), np.float64(0.0), np.float64(27.00156828602776), np.float64(20.794256568127487), np.float64(0.5359755222219974), np.float64(0.05222815429036328)), 20: (np.float64(15.278371400000001), np.float64(0.8606255535335802), np.float64(584.04), np.float64(5.143859408243604), np.float64(1.1102230246251565e-16), np.float64(0.0), np.float64(15.787886527786032), np.float64(5.137371567738244), np.float64(0.470638498198241), np.float64(0.04973482964342332)), 25: (np.float64(20.0920092), np.float64(0.8606255535335803), np.float64(584.04), np.float64(14.099107345070914), np.float64(1.9860273225978183e-16), np.float64(0.0), np.float64(20.62904298477806), np.float64(14.095411379349564), np.float64(0.48904067517723887), np.float64(0.03947256622076615)), 30: (np.float64(9.011714399999999), np.float64(0.8606255535335805), np.float64(584.04), np.float64(2.7697423819311857), np.float64(2.220446049250313e-16), np.float64(0.0), np.float64(9.476431366591715), np.float64(2.7714476572199715), np.float64(0.4281894085928798), np.float64(0.01675626324165783)), 35: (np.float64(9.530281800000001), np.float64(0.8606255535335803), np.float64(584.04), np.float64(5.7877684389668325), np.float64(9.930136612989092e-17), np.float64(0.0), np.float64(10.004077483643778), np.float64(5.765917841806515), np.float64(0.4451803660253063), np.float64(0.04873223099075193)), 40: (np.float64(6.586829799999999), np.float64(0.8606255535335803), np.float64(584.04), np.float64(1.592977875512325), np.float64(0.0), np.float64(0.0), np.float64(7.087541361781769), np.float64(1.6091061181969468), np.float64(0.47011708982754496), np.float64(0.028932026690986067)), 45: (np.float64(5.3680928), np.float64(0.8606255535335803), np.float64(584.04), np.float64(3.0288742311774115), np.float64(0.0), np.float64(0.0), np.float64(5.836153970612213), np.float64(3.006793856927424), np.float64(0.4443106177961454), np.float64(0.02923322881968548)), 50: (np.float64(3.318176), np.float64(0.8606255535335803), np.float64(584.04), np.float64(0.5272958728520449), np.float64(9.930136612989092e-17), np.float64(0.0), np.float64(3.803733303793706), np.float64(0.5455451445023107), np.float64(0.4630103455623612), np.float64(0.04139002018784246)), 55: (np.float64(2.728868), np.float64(0.8606255535335803), np.float64(584.04), np.float64(0.5948878412759837), np.float64(0.0), np.float64(0.0), np.float64(3.234453861438669), np.float64(0.6104428361689356), np.float64(0.4847819592338055), np.float64(0.01938623586996401)), 60: (np.float64(2.1663042), np.float64(0.8606255535335803), np.float64(584.04), np.float64(0.39184311068712185), np.float64(0.0), np.float64(0.0), np.float64(2.6221808173926546), np.float64(0.3744714884520879), np.float64(0.43883763561025263), np.float64(0.024208021493166972)), 65: (np.float64(1.8461758), np.float64(0.8606255535335803), np.float64(584.04), np.float64(0.6086517284609977), np.float64(0.0), np.float64(0.0), np.float64(2.3186446368228646), np.float64(0.5862776837665901), np.float64(0.45626452879514545), np.float64(0.031329758220589594)), 70: (np.float64(1.4491342), np.float64(0.8606255535335803), np.float64(584.04), np.float64(0.23701361086941822), np.float64(9.930136612989092e-17), np.float64(0.0), np.float64(1.9215276615926995), np.float64(0.2130430303463038), np.float64(0.4572471258230507), np.float64(0.04991818290562833))}
Saved MIP solve time plot in experiments/edge_reduction/sweeps/assembly_1_np_4/lambda_0.4/plots/MIP_solve_time_num_phases_4.svg
2026-07-02 20:23:14.689 | INFO     | __main__:<module>:250 - Running plot_speedup_vs_max_length_lost
Saved speedup_vs_weld_len_degr plot in experiments/edge_reduction/sweeps/assembly_1_np_4/lambda_0.4/plots/speedup_vs_weld_len_degr_num_phases_4.svg
2026-07-02 20:23:14.905 | INFO     | __main__:<module>:253 - Running plot_average_max_time
Saved Max welding length [mm] plot in experiments/edge_reduction/sweeps/assembly_1_np_4/lambda_0.4/plots/Max_welding_length_[mm]_num_phases_4.svg

----------------- λ = 0.5 -----------------
2026-07-02 20:07:47.099 | INFO     | __main__:<module>:193 - Running /home/md/Work/PyCAALP/experiments/edge_reduction/run.py
2026-07-02 20:07:47.099 | INFO     | __main__:<module>:194 - ASSEMBLY_FNAME='data/assembly_1/assembly_1_parts.json'
2026-07-02 20:07:47.099 | INFO     | __main__:<module>:197 - NUM_PHASES=4
2026-07-02 20:07:47.099 | INFO     | __main__:<module>:198 - RES_FNAME='experiments/edge_reduction/sweeps/assembly_1_np_4/lambda_0.5/res.pkl'
2026-07-02 20:07:47.099 | INFO     | experiments.edge_reduction.scripts.combination_runs:run_full_edge_reduction_change:98 - Running test with: red_perc=0
2026-07-02 20:07:47.103 | INFO     | pycaalp.gapp.assembly_digraph:compute_assembly_digraph_complete:395 - Computing assembly digraph...
2026-07-02 20:07:47.333 | INFO     | pycaalp.time_balancing.model:run_mip:430 - Running MIP solver ...
2026-07-02 20:09:06.764 | INFO     | experiments.edge_reduction.scripts.combination_runs:run_full_edge_reduction_change:98 - Running test with: red_perc=5
2026-07-02 20:09:06.772 | INFO     | pycaalp.gapp.assembly_digraph:compute_assembly_digraph_complete:395 - Computing assembly digraph...
2026-07-02 20:09:07.338 | INFO     | pycaalp.time_balancing.model:run_mip:430 - Running MIP solver ...
2026-07-02 20:09:29.292 | INFO     | pycaalp.gapp.assembly_digraph:compute_assembly_digraph_complete:395 - Computing assembly digraph...
2026-07-02 20:09:29.956 | INFO     | pycaalp.time_balancing.model:run_mip:430 - Running MIP solver ...
2026-07-02 20:10:42.879 | INFO     | pycaalp.gapp.assembly_digraph:compute_assembly_digraph_complete:395 - Computing assembly digraph...
2026-07-02 20:10:43.521 | INFO     | pycaalp.time_balancing.model:run_mip:430 - Running MIP solver ...
2026-07-02 20:12:47.557 | INFO     | pycaalp.gapp.assembly_digraph:compute_assembly_digraph_complete:395 - Computing assembly digraph...
2026-07-02 20:12:48.099 | INFO     | pycaalp.time_balancing.model:run_mip:430 - Running MIP solver ...
2026-07-02 20:13:57.891 | INFO     | pycaalp.gapp.assembly_digraph:compute_assembly_digraph_complete:395 - Computing assembly digraph...
2026-07-02 20:13:58.445 | INFO     | pycaalp.time_balancing.model:run_mip:430 - Running MIP solver ...
2026-07-02 20:15:57.470 | INFO     | experiments.edge_reduction.scripts.combination_runs:run_full_edge_reduction_change:98 - Running test with: red_perc=10
2026-07-02 20:15:57.475 | INFO     | pycaalp.gapp.assembly_digraph:compute_assembly_digraph_complete:395 - Computing assembly digraph...
2026-07-02 20:15:57.915 | INFO     | pycaalp.time_balancing.model:run_mip:430 - Running MIP solver ...
2026-07-02 20:16:26.890 | INFO     | pycaalp.gapp.assembly_digraph:compute_assembly_digraph_complete:395 - Computing assembly digraph...
2026-07-02 20:16:27.314 | INFO     | pycaalp.time_balancing.model:run_mip:430 - Running MIP solver ...
2026-07-02 20:17:15.069 | INFO     | pycaalp.gapp.assembly_digraph:compute_assembly_digraph_complete:395 - Computing assembly digraph...
2026-07-02 20:17:15.658 | INFO     | pycaalp.time_balancing.model:run_mip:430 - Running MIP solver ...
2026-07-02 20:18:07.016 | INFO     | pycaalp.gapp.assembly_digraph:compute_assembly_digraph_complete:395 - Computing assembly digraph...
2026-07-02 20:18:07.510 | INFO     | pycaalp.time_balancing.model:run_mip:430 - Running MIP solver ...
2026-07-02 20:18:22.851 | INFO     | pycaalp.gapp.assembly_digraph:compute_assembly_digraph_complete:395 - Computing assembly digraph...
2026-07-02 20:18:23.308 | INFO     | pycaalp.time_balancing.model:run_mip:430 - Running MIP solver ...
2026-07-02 20:19:43.466 | INFO     | experiments.edge_reduction.scripts.combination_runs:run_full_edge_reduction_change:98 - Running test with: red_perc=15
2026-07-02 20:19:43.471 | INFO     | pycaalp.gapp.assembly_digraph:compute_assembly_digraph_complete:395 - Computing assembly digraph...
2026-07-02 20:19:43.915 | INFO     | pycaalp.time_balancing.model:run_mip:430 - Running MIP solver ...
2026-07-02 20:20:00.854 | INFO     | pycaalp.gapp.assembly_digraph:compute_assembly_digraph_complete:395 - Computing assembly digraph...
2026-07-02 20:20:01.350 | INFO     | pycaalp.time_balancing.model:run_mip:430 - Running MIP solver ...
2026-07-02 20:20:23.470 | INFO     | pycaalp.gapp.assembly_digraph:compute_assembly_digraph_complete:395 - Computing assembly digraph...
2026-07-02 20:20:23.847 | INFO     | pycaalp.time_balancing.model:run_mip:430 - Running MIP solver ...
2026-07-02 20:21:04.292 | INFO     | pycaalp.gapp.assembly_digraph:compute_assembly_digraph_complete:395 - Computing assembly digraph...
2026-07-02 20:21:04.712 | INFO     | pycaalp.time_balancing.model:run_mip:430 - Running MIP solver ...
2026-07-02 20:22:33.348 | INFO     | pycaalp.gapp.assembly_digraph:compute_assembly_digraph_complete:395 - Computing assembly digraph...
2026-07-02 20:22:33.722 | INFO     | pycaalp.time_balancing.model:run_mip:430 - Running MIP solver ...
2026-07-02 20:22:49.469 | INFO     | experiments.edge_reduction.scripts.combination_runs:run_full_edge_reduction_change:98 - Running test with: red_perc=20
2026-07-02 20:22:49.473 | INFO     | pycaalp.gapp.assembly_digraph:compute_assembly_digraph_complete:395 - Computing assembly digraph...
2026-07-02 20:22:49.870 | INFO     | pycaalp.time_balancing.model:run_mip:430 - Running MIP solver ...
2026-07-02 20:23:24.426 | INFO     | pycaalp.gapp.assembly_digraph:compute_assembly_digraph_complete:395 - Computing assembly digraph...
2026-07-02 20:23:24.829 | INFO     | pycaalp.time_balancing.model:run_mip:430 - Running MIP solver ...
2026-07-02 20:24:00.454 | INFO     | pycaalp.gapp.assembly_digraph:compute_assembly_digraph_complete:395 - Computing assembly digraph...
2026-07-02 20:24:00.825 | INFO     | pycaalp.time_balancing.model:run_mip:430 - Running MIP solver ...
2026-07-02 20:24:40.958 | INFO     | pycaalp.gapp.assembly_digraph:compute_assembly_digraph_complete:395 - Computing assembly digraph...
2026-07-02 20:24:41.342 | INFO     | pycaalp.time_balancing.model:run_mip:430 - Running MIP solver ...
2026-07-02 20:24:53.068 | INFO     | pycaalp.gapp.assembly_digraph:compute_assembly_digraph_complete:395 - Computing assembly digraph...
2026-07-02 20:24:53.449 | INFO     | pycaalp.time_balancing.model:run_mip:430 - Running MIP solver ...
2026-07-02 20:25:13.832 | INFO     | experiments.edge_reduction.scripts.combination_runs:run_full_edge_reduction_change:98 - Running test with: red_perc=25
2026-07-02 20:25:13.835 | INFO     | pycaalp.gapp.assembly_digraph:compute_assembly_digraph_complete:395 - Computing assembly digraph...
2026-07-02 20:25:14.228 | INFO     | pycaalp.time_balancing.model:run_mip:430 - Running MIP solver ...
2026-07-02 20:25:42.091 | INFO     | pycaalp.gapp.assembly_digraph:compute_assembly_digraph_complete:395 - Computing assembly digraph...
2026-07-02 20:25:42.469 | INFO     | pycaalp.time_balancing.model:run_mip:430 - Running MIP solver ...
2026-07-02 20:25:54.930 | INFO     | pycaalp.gapp.assembly_digraph:compute_assembly_digraph_complete:395 - Computing assembly digraph...
2026-07-02 20:25:55.326 | INFO     | pycaalp.time_balancing.model:run_mip:430 - Running MIP solver ...
2026-07-02 20:26:03.716 | INFO     | pycaalp.gapp.assembly_digraph:compute_assembly_digraph_complete:395 - Computing assembly digraph...
2026-07-02 20:26:04.093 | INFO     | pycaalp.time_balancing.model:run_mip:430 - Running MIP solver ...
2026-07-02 20:26:14.028 | INFO     | pycaalp.gapp.assembly_digraph:compute_assembly_digraph_complete:395 - Computing assembly digraph...
2026-07-02 20:26:14.417 | INFO     | pycaalp.time_balancing.model:run_mip:430 - Running MIP solver ...
2026-07-02 20:26:23.780 | INFO     | experiments.edge_reduction.scripts.combination_runs:run_full_edge_reduction_change:98 - Running test with: red_perc=30
2026-07-02 20:26:23.785 | INFO     | pycaalp.gapp.assembly_digraph:compute_assembly_digraph_complete:395 - Computing assembly digraph...
2026-07-02 20:26:24.177 | INFO     | pycaalp.time_balancing.model:run_mip:430 - Running MIP solver ...
2026-07-02 20:26:31.313 | INFO     | pycaalp.gapp.assembly_digraph:compute_assembly_digraph_complete:395 - Computing assembly digraph...
2026-07-02 20:26:31.690 | INFO     | pycaalp.time_balancing.model:run_mip:430 - Running MIP solver ...
2026-07-02 20:26:45.419 | INFO     | pycaalp.gapp.assembly_digraph:compute_assembly_digraph_complete:395 - Computing assembly digraph...
2026-07-02 20:26:45.807 | INFO     | pycaalp.time_balancing.model:run_mip:430 - Running MIP solver ...
2026-07-02 20:26:57.194 | INFO     | pycaalp.gapp.assembly_digraph:compute_assembly_digraph_complete:395 - Computing assembly digraph...
2026-07-02 20:26:57.571 | INFO     | pycaalp.time_balancing.model:run_mip:430 - Running MIP solver ...
2026-07-02 20:27:04.587 | INFO     | pycaalp.gapp.assembly_digraph:compute_assembly_digraph_complete:395 - Computing assembly digraph...
2026-07-02 20:27:05.034 | INFO     | pycaalp.time_balancing.model:run_mip:430 - Running MIP solver ...
2026-07-02 20:27:17.223 | INFO     | experiments.edge_reduction.scripts.combination_runs:run_full_edge_reduction_change:98 - Running test with: red_perc=35
2026-07-02 20:27:17.226 | INFO     | pycaalp.gapp.assembly_digraph:compute_assembly_digraph_complete:395 - Computing assembly digraph...
2026-07-02 20:27:17.611 | INFO     | pycaalp.time_balancing.model:run_mip:430 - Running MIP solver ...
2026-07-02 20:27:33.868 | INFO     | pycaalp.gapp.assembly_digraph:compute_assembly_digraph_complete:395 - Computing assembly digraph...
2026-07-02 20:27:34.255 | INFO     | pycaalp.time_balancing.model:run_mip:430 - Running MIP solver ...
2026-07-02 20:27:39.000 | INFO     | pycaalp.gapp.assembly_digraph:compute_assembly_digraph_complete:395 - Computing assembly digraph...
2026-07-02 20:27:39.376 | INFO     | pycaalp.time_balancing.model:run_mip:430 - Running MIP solver ...
2026-07-02 20:27:44.448 | INFO     | pycaalp.gapp.assembly_digraph:compute_assembly_digraph_complete:395 - Computing assembly digraph...
2026-07-02 20:27:44.833 | INFO     | pycaalp.time_balancing.model:run_mip:430 - Running MIP solver ...
2026-07-02 20:28:01.350 | INFO     | pycaalp.gapp.assembly_digraph:compute_assembly_digraph_complete:395 - Computing assembly digraph...
2026-07-02 20:28:01.720 | INFO     | pycaalp.time_balancing.model:run_mip:430 - Running MIP solver ...
2026-07-02 20:28:24.966 | INFO     | experiments.edge_reduction.scripts.combination_runs:run_full_edge_reduction_change:98 - Running test with: red_perc=40
2026-07-02 20:28:24.970 | INFO     | pycaalp.gapp.assembly_digraph:compute_assembly_digraph_complete:395 - Computing assembly digraph...
2026-07-02 20:28:25.352 | INFO     | pycaalp.time_balancing.model:run_mip:430 - Running MIP solver ...
2026-07-02 20:28:36.764 | INFO     | pycaalp.gapp.assembly_digraph:compute_assembly_digraph_complete:395 - Computing assembly digraph...
2026-07-02 20:28:37.149 | INFO     | pycaalp.time_balancing.model:run_mip:430 - Running MIP solver ...
2026-07-02 20:28:40.417 | INFO     | pycaalp.gapp.assembly_digraph:compute_assembly_digraph_complete:395 - Computing assembly digraph...
2026-07-02 20:28:40.793 | INFO     | pycaalp.time_balancing.model:run_mip:430 - Running MIP solver ...
2026-07-02 20:28:45.101 | INFO     | pycaalp.gapp.assembly_digraph:compute_assembly_digraph_complete:395 - Computing assembly digraph...
2026-07-02 20:28:45.488 | INFO     | pycaalp.time_balancing.model:run_mip:430 - Running MIP solver ...
2026-07-02 20:28:49.995 | INFO     | pycaalp.gapp.assembly_digraph:compute_assembly_digraph_complete:395 - Computing assembly digraph...
2026-07-02 20:28:50.394 | INFO     | pycaalp.time_balancing.model:run_mip:430 - Running MIP solver ...
2026-07-02 20:28:56.230 | INFO     | experiments.edge_reduction.scripts.combination_runs:run_full_edge_reduction_change:98 - Running test with: red_perc=45
2026-07-02 20:28:56.234 | INFO     | pycaalp.gapp.assembly_digraph:compute_assembly_digraph_complete:395 - Computing assembly digraph...
2026-07-02 20:28:56.644 | INFO     | pycaalp.time_balancing.model:run_mip:430 - Running MIP solver ...
2026-07-02 20:29:01.475 | INFO     | pycaalp.gapp.assembly_digraph:compute_assembly_digraph_complete:395 - Computing assembly digraph...
2026-07-02 20:29:01.849 | INFO     | pycaalp.time_balancing.model:run_mip:430 - Running MIP solver ...
2026-07-02 20:29:13.236 | INFO     | pycaalp.gapp.assembly_digraph:compute_assembly_digraph_complete:395 - Computing assembly digraph...
2026-07-02 20:29:13.609 | INFO     | pycaalp.time_balancing.model:run_mip:430 - Running MIP solver ...
2026-07-02 20:29:21.254 | INFO     | pycaalp.gapp.assembly_digraph:compute_assembly_digraph_complete:395 - Computing assembly digraph...
2026-07-02 20:29:21.642 | INFO     | pycaalp.time_balancing.model:run_mip:430 - Running MIP solver ...
2026-07-02 20:29:29.735 | INFO     | pycaalp.gapp.assembly_digraph:compute_assembly_digraph_complete:395 - Computing assembly digraph...
2026-07-02 20:29:30.122 | INFO     | pycaalp.time_balancing.model:run_mip:430 - Running MIP solver ...
2026-07-02 20:29:33.484 | INFO     | experiments.edge_reduction.scripts.combination_runs:run_full_edge_reduction_change:98 - Running test with: red_perc=50
2026-07-02 20:29:33.488 | INFO     | pycaalp.gapp.assembly_digraph:compute_assembly_digraph_complete:395 - Computing assembly digraph...
2026-07-02 20:29:33.903 | INFO     | pycaalp.time_balancing.model:run_mip:430 - Running MIP solver ...
2026-07-02 20:29:36.668 | INFO     | pycaalp.gapp.assembly_digraph:compute_assembly_digraph_complete:395 - Computing assembly digraph...
2026-07-02 20:29:37.057 | INFO     | pycaalp.time_balancing.model:run_mip:430 - Running MIP solver ...
2026-07-02 20:29:39.815 | INFO     | pycaalp.gapp.assembly_digraph:compute_assembly_digraph_complete:395 - Computing assembly digraph...
2026-07-02 20:29:40.206 | INFO     | pycaalp.time_balancing.model:run_mip:430 - Running MIP solver ...
2026-07-02 20:29:43.363 | INFO     | pycaalp.gapp.assembly_digraph:compute_assembly_digraph_complete:395 - Computing assembly digraph...
2026-07-02 20:29:43.757 | INFO     | pycaalp.time_balancing.model:run_mip:430 - Running MIP solver ...
2026-07-02 20:29:45.723 | INFO     | pycaalp.gapp.assembly_digraph:compute_assembly_digraph_complete:395 - Computing assembly digraph...
2026-07-02 20:29:46.110 | INFO     | pycaalp.time_balancing.model:run_mip:430 - Running MIP solver ...
2026-07-02 20:29:50.002 | INFO     | experiments.edge_reduction.scripts.combination_runs:run_full_edge_reduction_change:98 - Running test with: red_perc=55
2026-07-02 20:29:50.006 | INFO     | pycaalp.gapp.assembly_digraph:compute_assembly_digraph_complete:395 - Computing assembly digraph...
2026-07-02 20:29:50.401 | INFO     | pycaalp.time_balancing.model:run_mip:430 - Running MIP solver ...
2026-07-02 20:29:53.312 | INFO     | pycaalp.gapp.assembly_digraph:compute_assembly_digraph_complete:395 - Computing assembly digraph...
2026-07-02 20:29:53.695 | INFO     | pycaalp.time_balancing.model:run_mip:430 - Running MIP solver ...
2026-07-02 20:29:56.132 | INFO     | pycaalp.gapp.assembly_digraph:compute_assembly_digraph_complete:395 - Computing assembly digraph...
2026-07-02 20:29:56.521 | INFO     | pycaalp.time_balancing.model:run_mip:430 - Running MIP solver ...
2026-07-02 20:29:59.483 | INFO     | pycaalp.gapp.assembly_digraph:compute_assembly_digraph_complete:395 - Computing assembly digraph...
2026-07-02 20:29:59.864 | INFO     | pycaalp.time_balancing.model:run_mip:430 - Running MIP solver ...
2026-07-02 20:30:02.203 | INFO     | pycaalp.gapp.assembly_digraph:compute_assembly_digraph_complete:395 - Computing assembly digraph...
2026-07-02 20:30:02.584 | INFO     | pycaalp.time_balancing.model:run_mip:430 - Running MIP solver ...
2026-07-02 20:30:03.930 | INFO     | experiments.edge_reduction.scripts.combination_runs:run_full_edge_reduction_change:98 - Running test with: red_perc=60
2026-07-02 20:30:03.934 | INFO     | pycaalp.gapp.assembly_digraph:compute_assembly_digraph_complete:395 - Computing assembly digraph...
2026-07-02 20:30:04.346 | INFO     | pycaalp.time_balancing.model:run_mip:430 - Running MIP solver ...
2026-07-02 20:30:09.145 | INFO     | pycaalp.gapp.assembly_digraph:compute_assembly_digraph_complete:395 - Computing assembly digraph...
2026-07-02 20:30:09.525 | INFO     | pycaalp.time_balancing.model:run_mip:430 - Running MIP solver ...
2026-07-02 20:30:11.548 | INFO     | pycaalp.gapp.assembly_digraph:compute_assembly_digraph_complete:395 - Computing assembly digraph...
2026-07-02 20:30:11.932 | INFO     | pycaalp.time_balancing.model:run_mip:430 - Running MIP solver ...
2026-07-02 20:30:17.609 | INFO     | pycaalp.gapp.assembly_digraph:compute_assembly_digraph_complete:395 - Computing assembly digraph...
2026-07-02 20:30:17.981 | INFO     | pycaalp.time_balancing.model:run_mip:430 - Running MIP solver ...
2026-07-02 20:30:19.785 | INFO     | pycaalp.gapp.assembly_digraph:compute_assembly_digraph_complete:395 - Computing assembly digraph...
2026-07-02 20:30:20.167 | INFO     | pycaalp.time_balancing.model:run_mip:430 - Running MIP solver ...
2026-07-02 20:30:22.175 | INFO     | experiments.edge_reduction.scripts.combination_runs:run_full_edge_reduction_change:98 - Running test with: red_perc=65
2026-07-02 20:30:22.178 | INFO     | pycaalp.gapp.assembly_digraph:compute_assembly_digraph_complete:395 - Computing assembly digraph...
2026-07-02 20:30:22.562 | INFO     | pycaalp.time_balancing.model:run_mip:430 - Running MIP solver ...
2026-07-02 20:30:23.999 | INFO     | pycaalp.gapp.assembly_digraph:compute_assembly_digraph_complete:395 - Computing assembly digraph...
2026-07-02 20:30:24.374 | INFO     | pycaalp.time_balancing.model:run_mip:430 - Running MIP solver ...
2026-07-02 20:30:26.764 | INFO     | pycaalp.gapp.assembly_digraph:compute_assembly_digraph_complete:395 - Computing assembly digraph...
2026-07-02 20:30:27.143 | INFO     | pycaalp.time_balancing.model:run_mip:430 - Running MIP solver ...
2026-07-02 20:30:29.323 | INFO     | pycaalp.gapp.assembly_digraph:compute_assembly_digraph_complete:395 - Computing assembly digraph...
2026-07-02 20:30:29.713 | INFO     | pycaalp.time_balancing.model:run_mip:430 - Running MIP solver ...
2026-07-02 20:30:31.826 | INFO     | pycaalp.gapp.assembly_digraph:compute_assembly_digraph_complete:395 - Computing assembly digraph...
2026-07-02 20:30:32.214 | INFO     | pycaalp.time_balancing.model:run_mip:430 - Running MIP solver ...
2026-07-02 20:30:33.907 | INFO     | experiments.edge_reduction.scripts.combination_runs:run_full_edge_reduction_change:98 - Running test with: red_perc=70
2026-07-02 20:30:33.911 | INFO     | pycaalp.gapp.assembly_digraph:compute_assembly_digraph_complete:395 - Computing assembly digraph...
2026-07-02 20:30:34.299 | INFO     | pycaalp.time_balancing.model:run_mip:430 - Running MIP solver ...
2026-07-02 20:30:35.773 | INFO     | pycaalp.gapp.assembly_digraph:compute_assembly_digraph_complete:395 - Computing assembly digraph...
2026-07-02 20:30:36.167 | INFO     | pycaalp.time_balancing.model:run_mip:430 - Running MIP solver ...
2026-07-02 20:30:37.602 | INFO     | pycaalp.gapp.assembly_digraph:compute_assembly_digraph_complete:395 - Computing assembly digraph...
2026-07-02 20:30:37.979 | INFO     | pycaalp.time_balancing.model:run_mip:430 - Running MIP solver ...
2026-07-02 20:30:39.303 | INFO     | pycaalp.gapp.assembly_digraph:compute_assembly_digraph_complete:395 - Computing assembly digraph...
2026-07-02 20:30:39.675 | INFO     | pycaalp.time_balancing.model:run_mip:430 - Running MIP solver ...
2026-07-02 20:30:41.144 | INFO     | pycaalp.gapp.assembly_digraph:compute_assembly_digraph_complete:395 - Computing assembly digraph...
2026-07-02 20:30:41.514 | INFO     | pycaalp.time_balancing.model:run_mip:430 - Running MIP solver ...
2026-07-02 20:30:43.586 | INFO     | __main__:<module>:240 - Running plot_total_time
{0: (np.float64(79.395019), np.float64(0.8675501056464607), np.float64(584.04), np.float64(0.0), np.float64(0.0), np.float64(0.0), np.float64(79.66371425194666), np.float64(0.0), np.float64(0.23331186489667743), np.float64(0.0)), 5: (np.float64(81.42735400000001), np.float64(0.8675501056464607), np.float64(584.04), np.float64(37.32676738099611), np.float64(1.1102230246251565e-16), np.float64(0.0), np.float64(82.08788947016001), np.float64(37.34882814285777), np.float64(0.5982548164203763), np.float64(0.049224607496172655)), 10: (np.float64(44.6226696), np.float64(0.867550105646461), np.float64(584.04), np.float64(22.011101873206297), np.float64(1.8577584504832502e-16), np.float64(0.0), np.float64(45.15474556577392), np.float64(22.013218158322914), np.float64(0.4855697535909712), np.float64(0.05865471394303255)), 15: (np.float64(36.6903438), np.float64(0.867550105646461), np.float64(584.04), np.float64(27.395163349429055), np.float64(2.1642230995786356e-16), np.float64(0.0), np.float64(37.16177228339948), np.float64(27.39674566373538), np.float64(0.4262200739933178), np.float64(0.04543890984555772)), 20: (np.float64(28.423562599999997), np.float64(0.8675501056464607), np.float64(584.04), np.float64(10.6744298203931), np.float64(7.021666937153402e-17), np.float64(0.0), np.float64(28.848078338801862), np.float64(10.677697177077073), np.float64(0.39121068122331054), np.float64(0.011522578148282697)), 25: (np.float64(13.5442172), np.float64(0.8675501056464607), np.float64(584.04), np.float64(7.253824641500356), np.float64(1.7199501139797033e-16), np.float64(0.0), np.float64(13.970548826968297), np.float64(7.252439662726079), np.float64(0.3904297555796802), np.float64(0.00747525579657895)), 30: (np.float64(10.245267199999999), np.float64(0.867550105646461), np.float64(584.04), np.float64(2.731858280702818), np.float64(9.930136612989092e-17), np.float64(0.0), np.float64(10.673852260573767), np.float64(2.7394451664139585), np.float64(0.4004452227847651), np.float64(0.02643120869820309)), 35: (np.float64(13.1164028), np.float64(0.8675501056464607), np.float64(584.04), np.float64(7.195559386729218), np.float64(4.965068306494546e-17), np.float64(0.0), np.float64(13.527348166005686), np.float64(7.192345395860799), np.float64(0.3842742318054661), np.float64(0.006666418214708101)), 40: (np.float64(5.818548399999999), np.float64(0.8675501056464607), np.float64(584.04), np.float64(2.891560913798331), np.float64(8.599750569898517e-17), np.float64(0.0), np.float64(6.2372812977992), np.float64(2.8876676284065423), np.float64(0.38954280260950325), np.float64(0.00753335747728719)), 45: (np.float64(7.0232934), np.float64(0.8675501056464607), np.float64(584.04), np.float64(2.7851421434365324), np.float64(9.930136612989092e-17), np.float64(0.0), np.float64(7.4380280100042), np.float64(2.7756623772422433), np.float64(0.39037398737855256), np.float64(0.013469507861977256)), 50: (np.float64(2.8723232), np.float64(0.8675501056464607), np.float64(584.04), np.float64(0.6275309189824515), np.float64(8.599750569898517e-17), np.float64(0.0), np.float64(3.293125312379561), np.float64(0.6242994205589958), np.float64(0.3988004555692896), np.float64(0.010456102662119387)), 55: (np.float64(2.363338), np.float64(0.8675501056464607), np.float64(584.04), np.float64(0.5769664624062649), np.float64(8.599750569898517e-17), np.float64(0.0), np.float64(2.7748068508226424), np.float64(0.5839111148291664), np.float64(0.38988706504460424), np.float64(0.005514526042971949)), 60: (np.float64(3.2309238000000002), np.float64(0.8675501056464607), np.float64(584.04), np.float64(1.6389832427124325), np.float64(1.3136335981433191e-16), np.float64(0.0), np.float64(3.6380330265965313), np.float64(1.6473746483976952), np.float64(0.3897015489870682), np.float64(0.013474702027904717)), 65: (np.float64(1.934761), np.float64(0.8675501056464607), np.float64(584.04), np.float64(0.3457347649612344), np.float64(4.965068306494546e-17), np.float64(0.0), np.float64(2.336756809637882), np.float64(0.3437915663693035), np.float64(0.386735967034474), np.float64(0.005643865867286146)), 70: (np.float64(1.5266752000000001), np.float64(0.8675501056464607), np.float64(584.04), np.float64(0.26115536044691867), np.float64(9.930136612989092e-17), np.float64(0.0), np.float64(1.9241606537951157), np.float64(0.2566093348763414), np.float64(0.3840579884592444), np.float64(0.00938952184699526))}
Saved MIP solve time plot in experiments/edge_reduction/sweeps/assembly_1_np_4/lambda_0.5/plots/MIP_solve_time_num_phases_4.svg
2026-07-02 20:30:43.736 | INFO     | __main__:<module>:250 - Running plot_speedup_vs_max_length_lost
Saved speedup_vs_weld_len_degr plot in experiments/edge_reduction/sweeps/assembly_1_np_4/lambda_0.5/plots/speedup_vs_weld_len_degr_num_phases_4.svg
2026-07-02 20:30:43.908 | INFO     | __main__:<module>:253 - Running plot_average_max_time
Saved Max welding length [mm] plot in experiments/edge_reduction/sweeps/assembly_1_np_4/lambda_0.5/plots/Max_welding_length_[mm]_num_phases_4.svg

----------------- λ = 0.6 -----------------
2026-07-02 20:07:47.063 | INFO     | __main__:<module>:193 - Running /home/md/Work/PyCAALP/experiments/edge_reduction/run.py
2026-07-02 20:07:47.063 | INFO     | __main__:<module>:194 - ASSEMBLY_FNAME='data/assembly_1/assembly_1_parts.json'
2026-07-02 20:07:47.063 | INFO     | __main__:<module>:197 - NUM_PHASES=4
2026-07-02 20:07:47.063 | INFO     | __main__:<module>:198 - RES_FNAME='experiments/edge_reduction/sweeps/assembly_1_np_4/lambda_0.6/res.pkl'
2026-07-02 20:07:47.063 | INFO     | experiments.edge_reduction.scripts.combination_runs:run_full_edge_reduction_change:98 - Running test with: red_perc=0
2026-07-02 20:07:47.067 | INFO     | pycaalp.gapp.assembly_digraph:compute_assembly_digraph_complete:395 - Computing assembly digraph...
2026-07-02 20:07:47.313 | INFO     | pycaalp.time_balancing.model:run_mip:430 - Running MIP solver ...
2026-07-02 20:08:39.044 | INFO     | experiments.edge_reduction.scripts.combination_runs:run_full_edge_reduction_change:98 - Running test with: red_perc=5
2026-07-02 20:08:39.048 | INFO     | pycaalp.gapp.assembly_digraph:compute_assembly_digraph_complete:395 - Computing assembly digraph...
2026-07-02 20:08:39.659 | INFO     | pycaalp.time_balancing.model:run_mip:430 - Running MIP solver ...
2026-07-02 20:10:26.620 | INFO     | pycaalp.gapp.assembly_digraph:compute_assembly_digraph_complete:395 - Computing assembly digraph...
2026-07-02 20:10:27.142 | INFO     | pycaalp.time_balancing.model:run_mip:430 - Running MIP solver ...
2026-07-02 20:12:38.050 | INFO     | pycaalp.gapp.assembly_digraph:compute_assembly_digraph_complete:395 - Computing assembly digraph...
2026-07-02 20:12:38.518 | INFO     | pycaalp.time_balancing.model:run_mip:430 - Running MIP solver ...
2026-07-02 20:14:23.840 | INFO     | pycaalp.gapp.assembly_digraph:compute_assembly_digraph_complete:395 - Computing assembly digraph...
2026-07-02 20:14:24.310 | INFO     | pycaalp.time_balancing.model:run_mip:430 - Running MIP solver ...
2026-07-02 20:16:35.819 | INFO     | pycaalp.gapp.assembly_digraph:compute_assembly_digraph_complete:395 - Computing assembly digraph...
2026-07-02 20:16:36.289 | INFO     | pycaalp.time_balancing.model:run_mip:430 - Running MIP solver ...
2026-07-02 20:17:53.730 | INFO     | experiments.edge_reduction.scripts.combination_runs:run_full_edge_reduction_change:98 - Running test with: red_perc=10
2026-07-02 20:17:53.734 | INFO     | pycaalp.gapp.assembly_digraph:compute_assembly_digraph_complete:395 - Computing assembly digraph...
2026-07-02 20:17:54.186 | INFO     | pycaalp.time_balancing.model:run_mip:430 - Running MIP solver ...
2026-07-02 20:18:33.707 | INFO     | pycaalp.gapp.assembly_digraph:compute_assembly_digraph_complete:395 - Computing assembly digraph...
2026-07-02 20:18:34.097 | INFO     | pycaalp.time_balancing.model:run_mip:430 - Running MIP solver ...
2026-07-02 20:19:57.023 | INFO     | pycaalp.gapp.assembly_digraph:compute_assembly_digraph_complete:395 - Computing assembly digraph...
2026-07-02 20:19:57.418 | INFO     | pycaalp.time_balancing.model:run_mip:430 - Running MIP solver ...
2026-07-02 20:21:32.212 | INFO     | pycaalp.gapp.assembly_digraph:compute_assembly_digraph_complete:395 - Computing assembly digraph...
2026-07-02 20:21:32.660 | INFO     | pycaalp.time_balancing.model:run_mip:430 - Running MIP solver ...
2026-07-02 20:22:56.770 | INFO     | pycaalp.gapp.assembly_digraph:compute_assembly_digraph_complete:395 - Computing assembly digraph...
2026-07-02 20:22:57.169 | INFO     | pycaalp.time_balancing.model:run_mip:430 - Running MIP solver ...
2026-07-02 20:24:12.874 | INFO     | experiments.edge_reduction.scripts.combination_runs:run_full_edge_reduction_change:98 - Running test with: red_perc=15
2026-07-02 20:24:12.878 | INFO     | pycaalp.gapp.assembly_digraph:compute_assembly_digraph_complete:395 - Computing assembly digraph...
2026-07-02 20:24:13.239 | INFO     | pycaalp.time_balancing.model:run_mip:430 - Running MIP solver ...
2026-07-02 20:25:01.263 | INFO     | pycaalp.gapp.assembly_digraph:compute_assembly_digraph_complete:395 - Computing assembly digraph...
2026-07-02 20:25:01.638 | INFO     | pycaalp.time_balancing.model:run_mip:430 - Running MIP solver ...
2026-07-02 20:25:29.774 | INFO     | pycaalp.gapp.assembly_digraph:compute_assembly_digraph_complete:395 - Computing assembly digraph...
2026-07-02 20:25:30.302 | INFO     | pycaalp.time_balancing.model:run_mip:430 - Running MIP solver ...
2026-07-02 20:27:16.960 | INFO     | pycaalp.gapp.assembly_digraph:compute_assembly_digraph_complete:395 - Computing assembly digraph...
2026-07-02 20:27:17.341 | INFO     | pycaalp.time_balancing.model:run_mip:430 - Running MIP solver ...
2026-07-02 20:28:13.630 | INFO     | pycaalp.gapp.assembly_digraph:compute_assembly_digraph_complete:395 - Computing assembly digraph...
2026-07-02 20:28:14.023 | INFO     | pycaalp.time_balancing.model:run_mip:430 - Running MIP solver ...
2026-07-02 20:29:02.719 | INFO     | experiments.edge_reduction.scripts.combination_runs:run_full_edge_reduction_change:98 - Running test with: red_perc=20
2026-07-02 20:29:02.723 | INFO     | pycaalp.gapp.assembly_digraph:compute_assembly_digraph_complete:395 - Computing assembly digraph...
2026-07-02 20:29:03.122 | INFO     | pycaalp.time_balancing.model:run_mip:430 - Running MIP solver ...
2026-07-02 20:29:55.144 | INFO     | pycaalp.gapp.assembly_digraph:compute_assembly_digraph_complete:395 - Computing assembly digraph...
2026-07-02 20:29:55.514 | INFO     | pycaalp.time_balancing.model:run_mip:430 - Running MIP solver ...
2026-07-02 20:30:23.356 | INFO     | pycaalp.gapp.assembly_digraph:compute_assembly_digraph_complete:395 - Computing assembly digraph...
2026-07-02 20:30:23.729 | INFO     | pycaalp.time_balancing.model:run_mip:430 - Running MIP solver ...
2026-07-02 20:30:49.969 | INFO     | pycaalp.gapp.assembly_digraph:compute_assembly_digraph_complete:395 - Computing assembly digraph...
2026-07-02 20:30:50.320 | INFO     | pycaalp.time_balancing.model:run_mip:430 - Running MIP solver ...
2026-07-02 20:31:45.493 | INFO     | pycaalp.gapp.assembly_digraph:compute_assembly_digraph_complete:395 - Computing assembly digraph...
2026-07-02 20:31:45.845 | INFO     | pycaalp.time_balancing.model:run_mip:430 - Running MIP solver ...
2026-07-02 20:32:37.035 | INFO     | experiments.edge_reduction.scripts.combination_runs:run_full_edge_reduction_change:98 - Running test with: red_perc=25
2026-07-02 20:32:37.039 | INFO     | pycaalp.gapp.assembly_digraph:compute_assembly_digraph_complete:395 - Computing assembly digraph...
2026-07-02 20:32:37.394 | INFO     | pycaalp.time_balancing.model:run_mip:430 - Running MIP solver ...
2026-07-02 20:33:02.592 | INFO     | pycaalp.gapp.assembly_digraph:compute_assembly_digraph_complete:395 - Computing assembly digraph...
2026-07-02 20:33:02.950 | INFO     | pycaalp.time_balancing.model:run_mip:430 - Running MIP solver ...
2026-07-02 20:33:57.682 | INFO     | pycaalp.gapp.assembly_digraph:compute_assembly_digraph_complete:395 - Computing assembly digraph...
2026-07-02 20:33:58.025 | INFO     | pycaalp.time_balancing.model:run_mip:430 - Running MIP solver ...
2026-07-02 20:34:37.381 | INFO     | pycaalp.gapp.assembly_digraph:compute_assembly_digraph_complete:395 - Computing assembly digraph...
2026-07-02 20:34:37.733 | INFO     | pycaalp.time_balancing.model:run_mip:430 - Running MIP solver ...
2026-07-02 20:35:12.714 | INFO     | pycaalp.gapp.assembly_digraph:compute_assembly_digraph_complete:395 - Computing assembly digraph...
2026-07-02 20:35:13.078 | INFO     | pycaalp.time_balancing.model:run_mip:430 - Running MIP solver ...
2026-07-02 20:35:37.450 | INFO     | experiments.edge_reduction.scripts.combination_runs:run_full_edge_reduction_change:98 - Running test with: red_perc=30
2026-07-02 20:35:37.453 | INFO     | pycaalp.gapp.assembly_digraph:compute_assembly_digraph_complete:395 - Computing assembly digraph...
2026-07-02 20:35:37.803 | INFO     | pycaalp.time_balancing.model:run_mip:430 - Running MIP solver ...
2026-07-02 20:35:54.401 | INFO     | pycaalp.gapp.assembly_digraph:compute_assembly_digraph_complete:395 - Computing assembly digraph...
2026-07-02 20:35:54.759 | INFO     | pycaalp.time_balancing.model:run_mip:430 - Running MIP solver ...
2026-07-02 20:36:49.361 | INFO     | pycaalp.gapp.assembly_digraph:compute_assembly_digraph_complete:395 - Computing assembly digraph...
2026-07-02 20:36:49.711 | INFO     | pycaalp.time_balancing.model:run_mip:430 - Running MIP solver ...
2026-07-02 20:37:02.930 | INFO     | pycaalp.gapp.assembly_digraph:compute_assembly_digraph_complete:395 - Computing assembly digraph...
2026-07-02 20:37:03.281 | INFO     | pycaalp.time_balancing.model:run_mip:430 - Running MIP solver ...
2026-07-02 20:37:22.808 | INFO     | pycaalp.gapp.assembly_digraph:compute_assembly_digraph_complete:395 - Computing assembly digraph...
2026-07-02 20:37:23.160 | INFO     | pycaalp.time_balancing.model:run_mip:430 - Running MIP solver ...
2026-07-02 20:37:36.084 | INFO     | experiments.edge_reduction.scripts.combination_runs:run_full_edge_reduction_change:98 - Running test with: red_perc=35
2026-07-02 20:37:36.088 | INFO     | pycaalp.gapp.assembly_digraph:compute_assembly_digraph_complete:395 - Computing assembly digraph...
2026-07-02 20:37:36.440 | INFO     | pycaalp.time_balancing.model:run_mip:430 - Running MIP solver ...
2026-07-02 20:37:44.811 | INFO     | pycaalp.gapp.assembly_digraph:compute_assembly_digraph_complete:395 - Computing assembly digraph...
2026-07-02 20:37:45.153 | INFO     | pycaalp.time_balancing.model:run_mip:430 - Running MIP solver ...
2026-07-02 20:38:03.883 | INFO     | pycaalp.gapp.assembly_digraph:compute_assembly_digraph_complete:395 - Computing assembly digraph...
2026-07-02 20:38:04.238 | INFO     | pycaalp.time_balancing.model:run_mip:430 - Running MIP solver ...
2026-07-02 20:38:31.107 | INFO     | pycaalp.gapp.assembly_digraph:compute_assembly_digraph_complete:395 - Computing assembly digraph...
2026-07-02 20:38:31.450 | INFO     | pycaalp.time_balancing.model:run_mip:430 - Running MIP solver ...
2026-07-02 20:38:48.068 | INFO     | pycaalp.gapp.assembly_digraph:compute_assembly_digraph_complete:395 - Computing assembly digraph...
2026-07-02 20:38:48.407 | INFO     | pycaalp.time_balancing.model:run_mip:430 - Running MIP solver ...
2026-07-02 20:39:07.194 | INFO     | experiments.edge_reduction.scripts.combination_runs:run_full_edge_reduction_change:98 - Running test with: red_perc=40
2026-07-02 20:39:07.198 | INFO     | pycaalp.gapp.assembly_digraph:compute_assembly_digraph_complete:395 - Computing assembly digraph...
2026-07-02 20:39:07.545 | INFO     | pycaalp.time_balancing.model:run_mip:430 - Running MIP solver ...
2026-07-02 20:39:23.599 | INFO     | pycaalp.gapp.assembly_digraph:compute_assembly_digraph_complete:395 - Computing assembly digraph...
2026-07-02 20:39:23.953 | INFO     | pycaalp.time_balancing.model:run_mip:430 - Running MIP solver ...
2026-07-02 20:39:27.943 | INFO     | pycaalp.gapp.assembly_digraph:compute_assembly_digraph_complete:395 - Computing assembly digraph...
2026-07-02 20:39:28.287 | INFO     | pycaalp.time_balancing.model:run_mip:430 - Running MIP solver ...
2026-07-02 20:39:34.126 | INFO     | pycaalp.gapp.assembly_digraph:compute_assembly_digraph_complete:395 - Computing assembly digraph...
2026-07-02 20:39:34.486 | INFO     | pycaalp.time_balancing.model:run_mip:430 - Running MIP solver ...
2026-07-02 20:39:39.959 | INFO     | pycaalp.gapp.assembly_digraph:compute_assembly_digraph_complete:395 - Computing assembly digraph...
2026-07-02 20:39:40.312 | INFO     | pycaalp.time_balancing.model:run_mip:430 - Running MIP solver ...
2026-07-02 20:39:50.822 | INFO     | experiments.edge_reduction.scripts.combination_runs:run_full_edge_reduction_change:98 - Running test with: red_perc=45
2026-07-02 20:39:50.825 | INFO     | pycaalp.gapp.assembly_digraph:compute_assembly_digraph_complete:395 - Computing assembly digraph...
2026-07-02 20:39:51.174 | INFO     | pycaalp.time_balancing.model:run_mip:430 - Running MIP solver ...
2026-07-02 20:39:56.561 | INFO     | pycaalp.gapp.assembly_digraph:compute_assembly_digraph_complete:395 - Computing assembly digraph...
2026-07-02 20:39:56.912 | INFO     | pycaalp.time_balancing.model:run_mip:430 - Running MIP solver ...
2026-07-02 20:40:09.880 | INFO     | pycaalp.gapp.assembly_digraph:compute_assembly_digraph_complete:395 - Computing assembly digraph...
2026-07-02 20:40:10.239 | INFO     | pycaalp.time_balancing.model:run_mip:430 - Running MIP solver ...
2026-07-02 20:40:16.711 | INFO     | pycaalp.gapp.assembly_digraph:compute_assembly_digraph_complete:395 - Computing assembly digraph...
2026-07-02 20:40:17.055 | INFO     | pycaalp.time_balancing.model:run_mip:430 - Running MIP solver ...
2026-07-02 20:40:29.590 | INFO     | pycaalp.gapp.assembly_digraph:compute_assembly_digraph_complete:395 - Computing assembly digraph...
2026-07-02 20:40:29.940 | INFO     | pycaalp.time_balancing.model:run_mip:430 - Running MIP solver ...
2026-07-02 20:40:34.119 | INFO     | experiments.edge_reduction.scripts.combination_runs:run_full_edge_reduction_change:98 - Running test with: red_perc=50
2026-07-02 20:40:34.123 | INFO     | pycaalp.gapp.assembly_digraph:compute_assembly_digraph_complete:395 - Computing assembly digraph...
2026-07-02 20:40:34.497 | INFO     | pycaalp.time_balancing.model:run_mip:430 - Running MIP solver ...
2026-07-02 20:40:38.072 | INFO     | pycaalp.gapp.assembly_digraph:compute_assembly_digraph_complete:395 - Computing assembly digraph...
2026-07-02 20:40:38.417 | INFO     | pycaalp.time_balancing.model:run_mip:430 - Running MIP solver ...
2026-07-02 20:40:40.674 | INFO     | pycaalp.gapp.assembly_digraph:compute_assembly_digraph_complete:395 - Computing assembly digraph...
2026-07-02 20:40:41.045 | INFO     | pycaalp.time_balancing.model:run_mip:430 - Running MIP solver ...
2026-07-02 20:40:44.538 | INFO     | pycaalp.gapp.assembly_digraph:compute_assembly_digraph_complete:395 - Computing assembly digraph...
2026-07-02 20:40:44.906 | INFO     | pycaalp.time_balancing.model:run_mip:430 - Running MIP solver ...
2026-07-02 20:40:48.084 | INFO     | pycaalp.gapp.assembly_digraph:compute_assembly_digraph_complete:395 - Computing assembly digraph...
2026-07-02 20:40:48.437 | INFO     | pycaalp.time_balancing.model:run_mip:430 - Running MIP solver ...
2026-07-02 20:40:50.323 | INFO     | experiments.edge_reduction.scripts.combination_runs:run_full_edge_reduction_change:98 - Running test with: red_perc=55
2026-07-02 20:40:50.327 | INFO     | pycaalp.gapp.assembly_digraph:compute_assembly_digraph_complete:395 - Computing assembly digraph...
2026-07-02 20:40:50.673 | INFO     | pycaalp.time_balancing.model:run_mip:430 - Running MIP solver ...
2026-07-02 20:40:56.417 | INFO     | pycaalp.gapp.assembly_digraph:compute_assembly_digraph_complete:395 - Computing assembly digraph...
2026-07-02 20:40:56.771 | INFO     | pycaalp.time_balancing.model:run_mip:430 - Running MIP solver ...
2026-07-02 20:40:58.934 | INFO     | pycaalp.gapp.assembly_digraph:compute_assembly_digraph_complete:395 - Computing assembly digraph...
2026-07-02 20:40:59.299 | INFO     | pycaalp.time_balancing.model:run_mip:430 - Running MIP solver ...
2026-07-02 20:41:02.253 | INFO     | pycaalp.gapp.assembly_digraph:compute_assembly_digraph_complete:395 - Computing assembly digraph...
2026-07-02 20:41:02.605 | INFO     | pycaalp.time_balancing.model:run_mip:430 - Running MIP solver ...
2026-07-02 20:41:04.935 | INFO     | pycaalp.gapp.assembly_digraph:compute_assembly_digraph_complete:395 - Computing assembly digraph...
2026-07-02 20:41:05.279 | INFO     | pycaalp.time_balancing.model:run_mip:430 - Running MIP solver ...
2026-07-02 20:41:08.216 | INFO     | experiments.edge_reduction.scripts.combination_runs:run_full_edge_reduction_change:98 - Running test with: red_perc=60
2026-07-02 20:41:08.220 | INFO     | pycaalp.gapp.assembly_digraph:compute_assembly_digraph_complete:395 - Computing assembly digraph...
2026-07-02 20:41:08.576 | INFO     | pycaalp.time_balancing.model:run_mip:430 - Running MIP solver ...
2026-07-02 20:41:10.338 | INFO     | pycaalp.gapp.assembly_digraph:compute_assembly_digraph_complete:395 - Computing assembly digraph...
2026-07-02 20:41:10.683 | INFO     | pycaalp.time_balancing.model:run_mip:430 - Running MIP solver ...
2026-07-02 20:41:12.810 | INFO     | pycaalp.gapp.assembly_digraph:compute_assembly_digraph_complete:395 - Computing assembly digraph...
2026-07-02 20:41:13.154 | INFO     | pycaalp.time_balancing.model:run_mip:430 - Running MIP solver ...
2026-07-02 20:41:15.278 | INFO     | pycaalp.gapp.assembly_digraph:compute_assembly_digraph_complete:395 - Computing assembly digraph...
2026-07-02 20:41:15.628 | INFO     | pycaalp.time_balancing.model:run_mip:430 - Running MIP solver ...
2026-07-02 20:41:17.312 | INFO     | pycaalp.gapp.assembly_digraph:compute_assembly_digraph_complete:395 - Computing assembly digraph...
2026-07-02 20:41:17.659 | INFO     | pycaalp.time_balancing.model:run_mip:430 - Running MIP solver ...
2026-07-02 20:41:20.342 | INFO     | experiments.edge_reduction.scripts.combination_runs:run_full_edge_reduction_change:98 - Running test with: red_perc=65
2026-07-02 20:41:20.345 | INFO     | pycaalp.gapp.assembly_digraph:compute_assembly_digraph_complete:395 - Computing assembly digraph...
2026-07-02 20:41:20.747 | INFO     | pycaalp.time_balancing.model:run_mip:430 - Running MIP solver ...
2026-07-02 20:41:22.417 | INFO     | pycaalp.gapp.assembly_digraph:compute_assembly_digraph_complete:395 - Computing assembly digraph...
2026-07-02 20:41:22.770 | INFO     | pycaalp.time_balancing.model:run_mip:430 - Running MIP solver ...
2026-07-02 20:41:24.443 | INFO     | pycaalp.gapp.assembly_digraph:compute_assembly_digraph_complete:395 - Computing assembly digraph...
2026-07-02 20:41:24.795 | INFO     | pycaalp.time_balancing.model:run_mip:430 - Running MIP solver ...
2026-07-02 20:41:26.248 | INFO     | pycaalp.gapp.assembly_digraph:compute_assembly_digraph_complete:395 - Computing assembly digraph...
2026-07-02 20:41:26.591 | INFO     | pycaalp.time_balancing.model:run_mip:430 - Running MIP solver ...
2026-07-02 20:41:27.830 | INFO     | pycaalp.gapp.assembly_digraph:compute_assembly_digraph_complete:395 - Computing assembly digraph...
2026-07-02 20:41:28.180 | INFO     | pycaalp.time_balancing.model:run_mip:430 - Running MIP solver ...
2026-07-02 20:41:29.848 | INFO     | experiments.edge_reduction.scripts.combination_runs:run_full_edge_reduction_change:98 - Running test with: red_perc=70
2026-07-02 20:41:29.852 | INFO     | pycaalp.gapp.assembly_digraph:compute_assembly_digraph_complete:395 - Computing assembly digraph...
2026-07-02 20:41:30.221 | INFO     | pycaalp.time_balancing.model:run_mip:430 - Running MIP solver ...
2026-07-02 20:41:32.420 | INFO     | pycaalp.gapp.assembly_digraph:compute_assembly_digraph_complete:395 - Computing assembly digraph...
2026-07-02 20:41:32.813 | INFO     | pycaalp.time_balancing.model:run_mip:430 - Running MIP solver ...
2026-07-02 20:41:34.074 | INFO     | pycaalp.gapp.assembly_digraph:compute_assembly_digraph_complete:395 - Computing assembly digraph...
2026-07-02 20:41:34.443 | INFO     | pycaalp.time_balancing.model:run_mip:430 - Running MIP solver ...
2026-07-02 20:41:35.444 | INFO     | pycaalp.gapp.assembly_digraph:compute_assembly_digraph_complete:395 - Computing assembly digraph...
2026-07-02 20:41:35.795 | INFO     | pycaalp.time_balancing.model:run_mip:430 - Running MIP solver ...
2026-07-02 20:41:37.432 | INFO     | pycaalp.gapp.assembly_digraph:compute_assembly_digraph_complete:395 - Computing assembly digraph...
2026-07-02 20:41:37.789 | INFO     | pycaalp.time_balancing.model:run_mip:430 - Running MIP solver ...
2026-07-02 20:41:39.533 | INFO     | __main__:<module>:240 - Running plot_total_time
{0: (np.float64(51.680981), np.float64(0.8744746577593414), np.float64(584.04), np.float64(0.0), np.float64(0.0), np.float64(0.0), np.float64(51.98005359398667), np.float64(0.0), np.float64(0.2501076980261132), np.float64(0.0)), 5: (np.float64(110.30466100000001), np.float64(0.8744746577593414), np.float64(584.04), np.float64(19.94007497885161), np.float64(8.599750569898517e-17), np.float64(0.0), np.float64(110.87760703638196), np.float64(19.945318190392594), np.float64(0.5123748006066308), np.float64(0.05528264496647777)), 10: (np.float64(75.33276959999999), np.float64(0.8744746577593414), np.float64(584.04), np.float64(18.94106360584568), np.float64(7.021666937153402e-17), np.float64(0.0), np.float64(75.79321058802307), np.float64(18.92536230257097), np.float64(0.4211151510011405), np.float64(0.02706658707901524)), 15: (np.float64(57.4646776), np.float64(0.8744746577593414), np.float64(584.04), np.float64(26.25763636632896), np.float64(8.599750569898517e-17), np.float64(0.0), np.float64(57.91727742124349), np.float64(26.320828768598204), np.float64(0.411757415602915), np.float64(0.06153533507353477)), 20: (np.float64(42.4261654), np.float64(0.8744746577593414), np.float64(584.04), np.float64(12.69392809750866), np.float64(7.021666937153402e-17), np.float64(0.0), np.float64(42.830392195633614), np.float64(12.691256876830886), np.float64(0.37295353463850917), np.float64(0.017211701350029703)), 25: (np.float64(35.6657476), np.float64(0.8744746577593414), np.float64(584.04), np.float64(11.084792467809953), np.float64(8.599750569898517e-17), np.float64(0.0), np.float64(36.05596138581168), np.float64(11.08500764380902), np.float64(0.35810635341331365), np.float64(0.0068705022173143)), 30: (np.float64(23.32154), np.float64(0.8744746577593412), np.float64(584.04), np.float64(15.799180247134), np.float64(9.930136612989092e-17), np.float64(0.0), np.float64(23.70336712580174), np.float64(15.802243332286809), np.float64(0.3556422111811116), np.float64(0.0031719865672762172)), 35: (np.float64(17.8264234), np.float64(0.8744746577593414), np.float64(584.04), np.float64(5.905180218562363), np.float64(9.930136612989092e-17), np.float64(0.0), np.float64(18.20139160382096), np.float64(5.905407554730023), np.float64(0.35015745903365314), np.float64(0.0060506069840729785)), 40: (np.float64(8.325944999999999), np.float64(0.8744746577593412), np.float64(584.04), np.float64(4.411196201956244), np.float64(1.4043333874306804e-16), np.float64(0.0), np.float64(8.707771979412064), np.float64(4.4141829010250335), np.float64(0.35559124138671905), np.float64(0.005753727026280126)), 45: (np.float64(8.2687656), np.float64(0.8744746577593414), np.float64(584.04), np.float64(3.7056417726674877), np.float64(9.930136612989092e-17), np.float64(0.0), np.float64(8.646165010007099), np.float64(3.7020092914135243), np.float64(0.35402369322255256), np.float64(0.004836792855937103)), 50: (np.float64(2.8433566), np.float64(0.8744746577593412), np.float64(584.04), np.float64(0.6818096883484717), np.float64(1.1102230246251565e-16), np.float64(0.0), np.float64(3.2303426422178747), np.float64(0.6926991734365081), np.float64(0.3660240348195657), np.float64(0.011591324651059899)), 55: (np.float64(3.1929682), np.float64(0.8744746577593412), np.float64(584.04), np.float64(1.3004999421926016), np.float64(1.4043333874306804e-16), np.float64(0.0), np.float64(3.567514918395318), np.float64(1.2979439111047972), np.float64(0.35571631020866334), np.float64(0.007622778431146066)), 60: (np.float64(2.0465828), np.float64(0.8744746577593414), np.float64(584.04), np.float64(0.3553549866955014), np.float64(9.930136612989092e-17), np.float64(0.0), np.float64(2.414628608827479), np.float64(0.3530215401091199), np.float64(0.35201563383452594), np.float64(0.004578042148738983)), 65: (np.float64(1.5163332), np.float64(0.8744746577593414), np.float64(584.04), np.float64(0.1719849215941909), np.float64(1.3136335981433191e-16), np.float64(0.0), np.float64(1.8940486678387969), np.float64(0.1832076963354473), np.float64(0.36310016561765224), np.float64(0.020975345697782904)), 70: (np.float64(1.5435392000000001), np.float64(0.8744746577593414), np.float64(584.04), np.float64(0.41019620201527957), np.float64(7.021666937153402e-17), np.float64(0.0), np.float64(1.9275493670254946), np.float64(0.4055156351254269), np.float64(0.37150467722676694), np.float64(0.014920519226270922))}
Saved MIP solve time plot in experiments/edge_reduction/sweeps/assembly_1_np_4/lambda_0.6/plots/MIP_solve_time_num_phases_4.svg
2026-07-02 20:41:39.652 | INFO     | __main__:<module>:250 - Running plot_speedup_vs_max_length_lost
Saved speedup_vs_weld_len_degr plot in experiments/edge_reduction/sweeps/assembly_1_np_4/lambda_0.6/plots/speedup_vs_weld_len_degr_num_phases_4.svg
2026-07-02 20:41:39.809 | INFO     | __main__:<module>:253 - Running plot_average_max_time
Saved Max welding length [mm] plot in experiments/edge_reduction/sweeps/assembly_1_np_4/lambda_0.6/plots/Max_welding_length_[mm]_num_phases_4.svg

----------------- λ = 0.7 -----------------
2026-07-02 20:07:47.121 | INFO     | __main__:<module>:193 - Running /home/md/Work/PyCAALP/experiments/edge_reduction/run.py
2026-07-02 20:07:47.121 | INFO     | __main__:<module>:194 - ASSEMBLY_FNAME='data/assembly_1/assembly_1_parts.json'
2026-07-02 20:07:47.122 | INFO     | __main__:<module>:197 - NUM_PHASES=4
2026-07-02 20:07:47.122 | INFO     | __main__:<module>:198 - RES_FNAME='experiments/edge_reduction/sweeps/assembly_1_np_4/lambda_0.7/res.pkl'
2026-07-02 20:07:47.122 | INFO     | experiments.edge_reduction.scripts.combination_runs:run_full_edge_reduction_change:98 - Running test with: red_perc=0
2026-07-02 20:07:47.128 | INFO     | pycaalp.gapp.assembly_digraph:compute_assembly_digraph_complete:395 - Computing assembly digraph...
2026-07-02 20:07:47.361 | INFO     | pycaalp.time_balancing.model:run_mip:430 - Running MIP solver ...
2026-07-02 20:08:52.848 | INFO     | experiments.edge_reduction.scripts.combination_runs:run_full_edge_reduction_change:98 - Running test with: red_perc=5
2026-07-02 20:08:52.853 | INFO     | pycaalp.gapp.assembly_digraph:compute_assembly_digraph_complete:395 - Computing assembly digraph...
2026-07-02 20:08:53.530 | INFO     | pycaalp.time_balancing.model:run_mip:430 - Running MIP solver ...
2026-07-02 20:10:48.398 | INFO     | pycaalp.gapp.assembly_digraph:compute_assembly_digraph_complete:395 - Computing assembly digraph...
2026-07-02 20:10:49.016 | INFO     | pycaalp.time_balancing.model:run_mip:430 - Running MIP solver ...
2026-07-02 20:12:33.733 | INFO     | pycaalp.gapp.assembly_digraph:compute_assembly_digraph_complete:395 - Computing assembly digraph...
2026-07-02 20:12:34.315 | INFO     | pycaalp.time_balancing.model:run_mip:430 - Running MIP solver ...
2026-07-02 20:14:16.017 | INFO     | pycaalp.gapp.assembly_digraph:compute_assembly_digraph_complete:395 - Computing assembly digraph...
2026-07-02 20:14:16.503 | INFO     | pycaalp.time_balancing.model:run_mip:430 - Running MIP solver ...
2026-07-02 20:16:09.932 | INFO     | pycaalp.gapp.assembly_digraph:compute_assembly_digraph_complete:395 - Computing assembly digraph...
2026-07-02 20:16:10.407 | INFO     | pycaalp.time_balancing.model:run_mip:430 - Running MIP solver ...
2026-07-02 20:17:12.774 | INFO     | experiments.edge_reduction.scripts.combination_runs:run_full_edge_reduction_change:98 - Running test with: red_perc=10
2026-07-02 20:17:12.778 | INFO     | pycaalp.gapp.assembly_digraph:compute_assembly_digraph_complete:395 - Computing assembly digraph...
2026-07-02 20:17:13.201 | INFO     | pycaalp.time_balancing.model:run_mip:430 - Running MIP solver ...
2026-07-02 20:19:21.102 | INFO     | pycaalp.gapp.assembly_digraph:compute_assembly_digraph_complete:395 - Computing assembly digraph...
2026-07-02 20:19:21.497 | INFO     | pycaalp.time_balancing.model:run_mip:430 - Running MIP solver ...
2026-07-02 20:21:15.739 | INFO     | pycaalp.gapp.assembly_digraph:compute_assembly_digraph_complete:395 - Computing assembly digraph...
2026-07-02 20:21:16.192 | INFO     | pycaalp.time_balancing.model:run_mip:430 - Running MIP solver ...
2026-07-02 20:23:08.887 | INFO     | pycaalp.gapp.assembly_digraph:compute_assembly_digraph_complete:395 - Computing assembly digraph...
2026-07-02 20:23:09.341 | INFO     | pycaalp.time_balancing.model:run_mip:430 - Running MIP solver ...
2026-07-02 20:24:44.834 | INFO     | pycaalp.gapp.assembly_digraph:compute_assembly_digraph_complete:395 - Computing assembly digraph...
2026-07-02 20:24:45.212 | INFO     | pycaalp.time_balancing.model:run_mip:430 - Running MIP solver ...
2026-07-02 20:25:28.486 | INFO     | experiments.edge_reduction.scripts.combination_runs:run_full_edge_reduction_change:98 - Running test with: red_perc=15
2026-07-02 20:25:28.490 | INFO     | pycaalp.gapp.assembly_digraph:compute_assembly_digraph_complete:395 - Computing assembly digraph...
2026-07-02 20:25:28.918 | INFO     | pycaalp.time_balancing.model:run_mip:430 - Running MIP solver ...
2026-07-02 20:26:20.274 | INFO     | pycaalp.gapp.assembly_digraph:compute_assembly_digraph_complete:395 - Computing assembly digraph...
2026-07-02 20:26:20.647 | INFO     | pycaalp.time_balancing.model:run_mip:430 - Running MIP solver ...
2026-07-02 20:27:49.237 | INFO     | pycaalp.gapp.assembly_digraph:compute_assembly_digraph_complete:395 - Computing assembly digraph...
2026-07-02 20:27:49.664 | INFO     | pycaalp.time_balancing.model:run_mip:430 - Running MIP solver ...
2026-07-02 20:28:28.113 | INFO     | pycaalp.gapp.assembly_digraph:compute_assembly_digraph_complete:395 - Computing assembly digraph...
2026-07-02 20:28:28.496 | INFO     | pycaalp.time_balancing.model:run_mip:430 - Running MIP solver ...
2026-07-02 20:30:07.033 | INFO     | pycaalp.gapp.assembly_digraph:compute_assembly_digraph_complete:395 - Computing assembly digraph...
2026-07-02 20:30:07.415 | INFO     | pycaalp.time_balancing.model:run_mip:430 - Running MIP solver ...
2026-07-02 20:30:55.742 | INFO     | experiments.edge_reduction.scripts.combination_runs:run_full_edge_reduction_change:98 - Running test with: red_perc=20
2026-07-02 20:30:55.746 | INFO     | pycaalp.gapp.assembly_digraph:compute_assembly_digraph_complete:395 - Computing assembly digraph...
2026-07-02 20:30:56.106 | INFO     | pycaalp.time_balancing.model:run_mip:430 - Running MIP solver ...
2026-07-02 20:31:31.503 | INFO     | pycaalp.gapp.assembly_digraph:compute_assembly_digraph_complete:395 - Computing assembly digraph...
2026-07-02 20:31:31.859 | INFO     | pycaalp.time_balancing.model:run_mip:430 - Running MIP solver ...
2026-07-02 20:32:17.339 | INFO     | pycaalp.gapp.assembly_digraph:compute_assembly_digraph_complete:395 - Computing assembly digraph...
2026-07-02 20:32:17.705 | INFO     | pycaalp.time_balancing.model:run_mip:430 - Running MIP solver ...
2026-07-02 20:32:50.773 | INFO     | pycaalp.gapp.assembly_digraph:compute_assembly_digraph_complete:395 - Computing assembly digraph...
2026-07-02 20:32:51.137 | INFO     | pycaalp.time_balancing.model:run_mip:430 - Running MIP solver ...
2026-07-02 20:33:41.181 | INFO     | pycaalp.gapp.assembly_digraph:compute_assembly_digraph_complete:395 - Computing assembly digraph...
2026-07-02 20:33:41.534 | INFO     | pycaalp.time_balancing.model:run_mip:430 - Running MIP solver ...
2026-07-02 20:34:14.645 | INFO     | experiments.edge_reduction.scripts.combination_runs:run_full_edge_reduction_change:98 - Running test with: red_perc=25
2026-07-02 20:34:14.648 | INFO     | pycaalp.gapp.assembly_digraph:compute_assembly_digraph_complete:395 - Computing assembly digraph...
2026-07-02 20:34:15.004 | INFO     | pycaalp.time_balancing.model:run_mip:430 - Running MIP solver ...
2026-07-02 20:34:37.348 | INFO     | pycaalp.gapp.assembly_digraph:compute_assembly_digraph_complete:395 - Computing assembly digraph...
2026-07-02 20:34:37.710 | INFO     | pycaalp.time_balancing.model:run_mip:430 - Running MIP solver ...
2026-07-02 20:35:49.882 | INFO     | pycaalp.gapp.assembly_digraph:compute_assembly_digraph_complete:395 - Computing assembly digraph...
2026-07-02 20:35:50.241 | INFO     | pycaalp.time_balancing.model:run_mip:430 - Running MIP solver ...
2026-07-02 20:36:01.839 | INFO     | pycaalp.gapp.assembly_digraph:compute_assembly_digraph_complete:395 - Computing assembly digraph...
2026-07-02 20:36:02.201 | INFO     | pycaalp.time_balancing.model:run_mip:430 - Running MIP solver ...
2026-07-02 20:36:17.900 | INFO     | pycaalp.gapp.assembly_digraph:compute_assembly_digraph_complete:395 - Computing assembly digraph...
2026-07-02 20:36:18.259 | INFO     | pycaalp.time_balancing.model:run_mip:430 - Running MIP solver ...
2026-07-02 20:36:40.285 | INFO     | experiments.edge_reduction.scripts.combination_runs:run_full_edge_reduction_change:98 - Running test with: red_perc=30
2026-07-02 20:36:40.288 | INFO     | pycaalp.gapp.assembly_digraph:compute_assembly_digraph_complete:395 - Computing assembly digraph...
2026-07-02 20:36:40.647 | INFO     | pycaalp.time_balancing.model:run_mip:430 - Running MIP solver ...
2026-07-02 20:37:04.071 | INFO     | pycaalp.gapp.assembly_digraph:compute_assembly_digraph_complete:395 - Computing assembly digraph...
2026-07-02 20:37:04.450 | INFO     | pycaalp.time_balancing.model:run_mip:430 - Running MIP solver ...
2026-07-02 20:37:35.173 | INFO     | pycaalp.gapp.assembly_digraph:compute_assembly_digraph_complete:395 - Computing assembly digraph...
2026-07-02 20:37:35.537 | INFO     | pycaalp.time_balancing.model:run_mip:430 - Running MIP solver ...
2026-07-02 20:37:57.932 | INFO     | pycaalp.gapp.assembly_digraph:compute_assembly_digraph_complete:395 - Computing assembly digraph...
2026-07-02 20:37:58.292 | INFO     | pycaalp.time_balancing.model:run_mip:430 - Running MIP solver ...
2026-07-02 20:38:32.878 | INFO     | pycaalp.gapp.assembly_digraph:compute_assembly_digraph_complete:395 - Computing assembly digraph...
2026-07-02 20:38:33.234 | INFO     | pycaalp.time_balancing.model:run_mip:430 - Running MIP solver ...
2026-07-02 20:38:52.468 | INFO     | experiments.edge_reduction.scripts.combination_runs:run_full_edge_reduction_change:98 - Running test with: red_perc=35
2026-07-02 20:38:52.472 | INFO     | pycaalp.gapp.assembly_digraph:compute_assembly_digraph_complete:395 - Computing assembly digraph...
2026-07-02 20:38:52.821 | INFO     | pycaalp.time_balancing.model:run_mip:430 - Running MIP solver ...
2026-07-02 20:39:15.857 | INFO     | pycaalp.gapp.assembly_digraph:compute_assembly_digraph_complete:395 - Computing assembly digraph...
2026-07-02 20:39:16.204 | INFO     | pycaalp.time_balancing.model:run_mip:430 - Running MIP solver ...
2026-07-02 20:39:49.177 | INFO     | pycaalp.gapp.assembly_digraph:compute_assembly_digraph_complete:395 - Computing assembly digraph...
2026-07-02 20:39:49.529 | INFO     | pycaalp.time_balancing.model:run_mip:430 - Running MIP solver ...
2026-07-02 20:40:17.415 | INFO     | pycaalp.gapp.assembly_digraph:compute_assembly_digraph_complete:395 - Computing assembly digraph...
2026-07-02 20:40:17.781 | INFO     | pycaalp.time_balancing.model:run_mip:430 - Running MIP solver ...
2026-07-02 20:40:43.688 | INFO     | pycaalp.gapp.assembly_digraph:compute_assembly_digraph_complete:395 - Computing assembly digraph...
2026-07-02 20:40:44.039 | INFO     | pycaalp.time_balancing.model:run_mip:430 - Running MIP solver ...
2026-07-02 20:40:51.133 | INFO     | experiments.edge_reduction.scripts.combination_runs:run_full_edge_reduction_change:98 - Running test with: red_perc=40
2026-07-02 20:40:51.137 | INFO     | pycaalp.gapp.assembly_digraph:compute_assembly_digraph_complete:395 - Computing assembly digraph...
2026-07-02 20:40:51.497 | INFO     | pycaalp.time_balancing.model:run_mip:430 - Running MIP solver ...
2026-07-02 20:40:57.702 | INFO     | pycaalp.gapp.assembly_digraph:compute_assembly_digraph_complete:395 - Computing assembly digraph...
2026-07-02 20:40:58.045 | INFO     | pycaalp.time_balancing.model:run_mip:430 - Running MIP solver ...
2026-07-02 20:41:09.741 | INFO     | pycaalp.gapp.assembly_digraph:compute_assembly_digraph_complete:395 - Computing assembly digraph...
2026-07-02 20:41:10.102 | INFO     | pycaalp.time_balancing.model:run_mip:430 - Running MIP solver ...
2026-07-02 20:41:14.433 | INFO     | pycaalp.gapp.assembly_digraph:compute_assembly_digraph_complete:395 - Computing assembly digraph...
2026-07-02 20:41:14.785 | INFO     | pycaalp.time_balancing.model:run_mip:430 - Running MIP solver ...
2026-07-02 20:41:34.022 | INFO     | pycaalp.gapp.assembly_digraph:compute_assembly_digraph_complete:395 - Computing assembly digraph...
2026-07-02 20:41:34.390 | INFO     | pycaalp.time_balancing.model:run_mip:430 - Running MIP solver ...
2026-07-02 20:41:53.324 | INFO     | experiments.edge_reduction.scripts.combination_runs:run_full_edge_reduction_change:98 - Running test with: red_perc=45
2026-07-02 20:41:53.328 | INFO     | pycaalp.gapp.assembly_digraph:compute_assembly_digraph_complete:395 - Computing assembly digraph...
2026-07-02 20:41:53.662 | INFO     | pycaalp.time_balancing.model:run_mip:430 - Running MIP solver ...
2026-07-02 20:41:57.218 | INFO     | pycaalp.gapp.assembly_digraph:compute_assembly_digraph_complete:395 - Computing assembly digraph...
2026-07-02 20:41:57.551 | INFO     | pycaalp.time_balancing.model:run_mip:430 - Running MIP solver ...
2026-07-02 20:42:07.986 | INFO     | pycaalp.gapp.assembly_digraph:compute_assembly_digraph_complete:395 - Computing assembly digraph...
2026-07-02 20:42:08.332 | INFO     | pycaalp.time_balancing.model:run_mip:430 - Running MIP solver ...
2026-07-02 20:42:16.011 | INFO     | pycaalp.gapp.assembly_digraph:compute_assembly_digraph_complete:395 - Computing assembly digraph...
2026-07-02 20:42:16.354 | INFO     | pycaalp.time_balancing.model:run_mip:430 - Running MIP solver ...
2026-07-02 20:42:27.963 | INFO     | pycaalp.gapp.assembly_digraph:compute_assembly_digraph_complete:395 - Computing assembly digraph...
2026-07-02 20:42:28.353 | INFO     | pycaalp.time_balancing.model:run_mip:430 - Running MIP solver ...
2026-07-02 20:42:42.969 | INFO     | experiments.edge_reduction.scripts.combination_runs:run_full_edge_reduction_change:98 - Running test with: red_perc=50
2026-07-02 20:42:42.972 | INFO     | pycaalp.gapp.assembly_digraph:compute_assembly_digraph_complete:395 - Computing assembly digraph...
2026-07-02 20:42:43.312 | INFO     | pycaalp.time_balancing.model:run_mip:430 - Running MIP solver ...
2026-07-02 20:42:47.596 | INFO     | pycaalp.gapp.assembly_digraph:compute_assembly_digraph_complete:395 - Computing assembly digraph...
2026-07-02 20:42:47.936 | INFO     | pycaalp.time_balancing.model:run_mip:430 - Running MIP solver ...
2026-07-02 20:42:52.354 | INFO     | pycaalp.gapp.assembly_digraph:compute_assembly_digraph_complete:395 - Computing assembly digraph...
2026-07-02 20:42:52.690 | INFO     | pycaalp.time_balancing.model:run_mip:430 - Running MIP solver ...
2026-07-02 20:42:56.184 | INFO     | pycaalp.gapp.assembly_digraph:compute_assembly_digraph_complete:395 - Computing assembly digraph...
2026-07-02 20:42:56.534 | INFO     | pycaalp.time_balancing.model:run_mip:430 - Running MIP solver ...
2026-07-02 20:43:03.186 | INFO     | pycaalp.gapp.assembly_digraph:compute_assembly_digraph_complete:395 - Computing assembly digraph...
2026-07-02 20:43:03.530 | INFO     | pycaalp.time_balancing.model:run_mip:430 - Running MIP solver ...
2026-07-02 20:43:09.159 | INFO     | experiments.edge_reduction.scripts.combination_runs:run_full_edge_reduction_change:98 - Running test with: red_perc=55
2026-07-02 20:43:09.162 | INFO     | pycaalp.gapp.assembly_digraph:compute_assembly_digraph_complete:395 - Computing assembly digraph...
2026-07-02 20:43:09.517 | INFO     | pycaalp.time_balancing.model:run_mip:430 - Running MIP solver ...
2026-07-02 20:43:16.163 | INFO     | pycaalp.gapp.assembly_digraph:compute_assembly_digraph_complete:395 - Computing assembly digraph...
2026-07-02 20:43:16.511 | INFO     | pycaalp.time_balancing.model:run_mip:430 - Running MIP solver ...
2026-07-02 20:43:20.194 | INFO     | pycaalp.gapp.assembly_digraph:compute_assembly_digraph_complete:395 - Computing assembly digraph...
2026-07-02 20:43:20.537 | INFO     | pycaalp.time_balancing.model:run_mip:430 - Running MIP solver ...
2026-07-02 20:43:25.440 | INFO     | pycaalp.gapp.assembly_digraph:compute_assembly_digraph_complete:395 - Computing assembly digraph...
2026-07-02 20:43:25.784 | INFO     | pycaalp.time_balancing.model:run_mip:430 - Running MIP solver ...
2026-07-02 20:43:28.289 | INFO     | pycaalp.gapp.assembly_digraph:compute_assembly_digraph_complete:395 - Computing assembly digraph...
2026-07-02 20:43:28.628 | INFO     | pycaalp.time_balancing.model:run_mip:430 - Running MIP solver ...
2026-07-02 20:43:32.036 | INFO     | experiments.edge_reduction.scripts.combination_runs:run_full_edge_reduction_change:98 - Running test with: red_perc=60
2026-07-02 20:43:32.039 | INFO     | pycaalp.gapp.assembly_digraph:compute_assembly_digraph_complete:395 - Computing assembly digraph...
2026-07-02 20:43:32.378 | INFO     | pycaalp.time_balancing.model:run_mip:430 - Running MIP solver ...
2026-07-02 20:43:33.946 | INFO     | pycaalp.gapp.assembly_digraph:compute_assembly_digraph_complete:395 - Computing assembly digraph...
2026-07-02 20:43:34.319 | INFO     | pycaalp.time_balancing.model:run_mip:430 - Running MIP solver ...
2026-07-02 20:43:39.094 | INFO     | pycaalp.gapp.assembly_digraph:compute_assembly_digraph_complete:395 - Computing assembly digraph...
2026-07-02 20:43:39.438 | INFO     | pycaalp.time_balancing.model:run_mip:430 - Running MIP solver ...
2026-07-02 20:43:41.456 | INFO     | pycaalp.gapp.assembly_digraph:compute_assembly_digraph_complete:395 - Computing assembly digraph...
2026-07-02 20:43:41.794 | INFO     | pycaalp.time_balancing.model:run_mip:430 - Running MIP solver ...
2026-07-02 20:43:43.810 | INFO     | pycaalp.gapp.assembly_digraph:compute_assembly_digraph_complete:395 - Computing assembly digraph...
2026-07-02 20:43:44.151 | INFO     | pycaalp.time_balancing.model:run_mip:430 - Running MIP solver ...
2026-07-02 20:43:46.394 | INFO     | experiments.edge_reduction.scripts.combination_runs:run_full_edge_reduction_change:98 - Running test with: red_perc=65
2026-07-02 20:43:46.397 | INFO     | pycaalp.gapp.assembly_digraph:compute_assembly_digraph_complete:395 - Computing assembly digraph...
2026-07-02 20:43:46.731 | INFO     | pycaalp.time_balancing.model:run_mip:430 - Running MIP solver ...
2026-07-02 20:43:48.120 | INFO     | pycaalp.gapp.assembly_digraph:compute_assembly_digraph_complete:395 - Computing assembly digraph...
2026-07-02 20:43:48.455 | INFO     | pycaalp.time_balancing.model:run_mip:430 - Running MIP solver ...
2026-07-02 20:43:49.682 | INFO     | pycaalp.gapp.assembly_digraph:compute_assembly_digraph_complete:395 - Computing assembly digraph...
2026-07-02 20:43:50.016 | INFO     | pycaalp.time_balancing.model:run_mip:430 - Running MIP solver ...
2026-07-02 20:43:52.735 | INFO     | pycaalp.gapp.assembly_digraph:compute_assembly_digraph_complete:395 - Computing assembly digraph...
2026-07-02 20:43:53.070 | INFO     | pycaalp.time_balancing.model:run_mip:430 - Running MIP solver ...
2026-07-02 20:43:55.420 | INFO     | pycaalp.gapp.assembly_digraph:compute_assembly_digraph_complete:395 - Computing assembly digraph...
2026-07-02 20:43:55.748 | INFO     | pycaalp.time_balancing.model:run_mip:430 - Running MIP solver ...
2026-07-02 20:43:57.430 | INFO     | experiments.edge_reduction.scripts.combination_runs:run_full_edge_reduction_change:98 - Running test with: red_perc=70
2026-07-02 20:43:57.433 | INFO     | pycaalp.gapp.assembly_digraph:compute_assembly_digraph_complete:395 - Computing assembly digraph...
2026-07-02 20:43:57.763 | INFO     | pycaalp.time_balancing.model:run_mip:430 - Running MIP solver ...
2026-07-02 20:43:58.594 | INFO     | pycaalp.gapp.assembly_digraph:compute_assembly_digraph_complete:395 - Computing assembly digraph...
2026-07-02 20:43:58.930 | INFO     | pycaalp.time_balancing.model:run_mip:430 - Running MIP solver ...
2026-07-02 20:43:59.652 | INFO     | pycaalp.gapp.assembly_digraph:compute_assembly_digraph_complete:395 - Computing assembly digraph...
2026-07-02 20:43:59.986 | INFO     | pycaalp.time_balancing.model:run_mip:430 - Running MIP solver ...
2026-07-02 20:44:01.030 | INFO     | pycaalp.gapp.assembly_digraph:compute_assembly_digraph_complete:395 - Computing assembly digraph...
2026-07-02 20:44:01.363 | INFO     | pycaalp.time_balancing.model:run_mip:430 - Running MIP solver ...
2026-07-02 20:44:02.060 | INFO     | pycaalp.gapp.assembly_digraph:compute_assembly_digraph_complete:395 - Computing assembly digraph...
2026-07-02 20:44:02.397 | INFO     | pycaalp.time_balancing.model:run_mip:430 - Running MIP solver ...
2026-07-02 20:44:03.384 | INFO     | __main__:<module>:240 - Running plot_total_time
{0: (np.float64(65.425808), np.float64(0.8805102637229395), np.float64(581.12), np.float64(0.0), np.float64(0.0), np.float64(0.0), np.float64(65.72648596309591), np.float64(0.0), np.float64(0.23924829706083983), np.float64(0.0)), 5: (np.float64(99.280443), np.float64(0.8805102637229396), np.float64(581.12), np.float64(19.17818717906203), np.float64(0.0), np.float64(0.0), np.float64(99.9168825786328), np.float64(19.22940619246102), np.float64(0.572577907051891), np.float64(0.07644898718640954)), 10: (np.float64(98.61759140000001), np.float64(0.8805102637229396), np.float64(581.12), np.float64(29.568056575153996), np.float64(7.021666937153402e-17), np.float64(0.0), np.float64(99.07923514819704), np.float64(29.585914672799895), np.float64(0.42499085117597135), np.float64(0.03043024434211873)), 15: (np.float64(64.9488882), np.float64(0.8808658421826525), np.float64(582.2879999999999), np.float64(23.882949757700008), np.float64(0.0004354928949107155), np.float64(1.4305020097853558), np.float64(65.38800611556508), np.float64(23.871559469806193), np.float64(0.4026901663979515), np.float64(0.023753836913578474)), 20: (np.float64(39.366222199999996), np.float64(0.8808658421826525), np.float64(582.2879999999999), np.float64(7.006384758968564), np.float64(0.0004354928949106611), np.float64(1.4305020097853558), np.float64(39.759840778191574), np.float64(7.007388014026364), np.float64(0.3633271716302261), np.float64(0.004802979407125568)), 25: (np.float64(28.7000604), np.float64(0.8808658421826525), np.float64(582.2879999999999), np.float64(22.081533257498283), np.float64(0.00043549289491069736), np.float64(1.4305020097853558), np.float64(29.09608507498633), np.float64(22.08062786793787), np.float64(0.3636007244000211), np.float64(0.002569462676943159)), 30: (np.float64(26.019041400000003), np.float64(0.881043631412509), np.float64(582.872), np.float64(5.684446276878148), np.float64(0.0004354928949107699), np.float64(1.4305020097853558), np.float64(26.413163155619987), np.float64(5.688722054002943), np.float64(0.36714234880637375), np.float64(0.008321591163934727)), 35: (np.float64(23.3240854), np.float64(0.8813992098722219), np.float64(584.04), np.float64(8.760608604729322), np.float64(0.0), np.float64(0.0), np.float64(23.705910778418183), np.float64(8.76118165416918), np.float64(0.3568693578010425), np.float64(0.006762801253987517)), 40: (np.float64(12.031800200000001), np.float64(0.8813992098722219), np.float64(584.04), np.float64(6.214395207238864), np.float64(0.0), np.float64(0.0), np.float64(12.41808320977725), np.float64(6.211660534303415), np.float64(0.36056029617320745), np.float64(0.008616680291998325)), 45: (np.float64(9.5388488), np.float64(0.8813992098722219), np.float64(584.04), np.float64(3.7462295643758616), np.float64(0.0), np.float64(0.0), np.float64(9.914021398616024), np.float64(3.760312651192925), np.float64(0.35297674098983406), np.float64(0.021046127199040716)), 50: (np.float64(4.8594196), np.float64(0.881043631412509), np.float64(582.872), np.float64(1.112891537105139), np.float64(0.00043549289491069736), np.float64(1.4305020097853558), np.float64(5.223992331628688), np.float64(1.117058970442041), np.float64(0.3452413458144292), np.float64(0.004472236020133278)), 55: (np.float64(4.1950362), np.float64(0.881043631412509), np.float64(582.872), np.float64(1.4310540197220232), np.float64(0.00043549289491072457), np.float64(1.4305020097853558), np.float64(4.562816213816404), np.float64(1.4349787794237117), np.float64(0.34950181040912864), np.float64(0.005412544263923661)), 60: (np.float64(2.4944534000000003), np.float64(0.8812214206423654), np.float64(583.4559999999999), np.float64(1.1467433467489754), np.float64(0.0003555784597129019), np.float64(1.1679999999999835), np.float64(2.860404207161628), np.float64(1.1605288848885025), np.float64(0.35033653175923973), np.float64(0.013241281025726446)), 65: (np.float64(1.8497978), np.float64(0.8813992098722219), np.float64(584.04), np.float64(0.5714948688163), np.float64(4.965068306494546e-17), np.float64(0.0), np.float64(2.199341389606707), np.float64(0.5717930596961723), np.float64(0.3362935022218153), np.float64(0.0027173684905713808)), 70: (np.float64(0.8337394), np.float64(0.8812214206423654), np.float64(583.4559999999999), np.float64(0.13761152519116993), np.float64(0.0003555784597129019), np.float64(1.1679999999999835), np.float64(1.1826901922468096), np.float64(0.13789234273039355), np.float64(0.33733447480481116), np.float64(0.0025980288717317476))}
Saved MIP solve time plot in experiments/edge_reduction/sweeps/assembly_1_np_4/lambda_0.7/plots/MIP_solve_time_num_phases_4.svg
2026-07-02 20:44:03.495 | INFO     | __main__:<module>:250 - Running plot_speedup_vs_max_length_lost
Saved speedup_vs_weld_len_degr plot in experiments/edge_reduction/sweeps/assembly_1_np_4/lambda_0.7/plots/speedup_vs_weld_len_degr_num_phases_4.svg
2026-07-02 20:44:03.640 | INFO     | __main__:<module>:253 - Running plot_average_max_time
Saved Max welding length [mm] plot in experiments/edge_reduction/sweeps/assembly_1_np_4/lambda_0.7/plots/Max_welding_length_[mm]_num_phases_4.svg

----------------- λ = 0.8 -----------------
2026-07-02 20:07:47.095 | INFO     | __main__:<module>:193 - Running /home/md/Work/PyCAALP/experiments/edge_reduction/run.py
2026-07-02 20:07:47.095 | INFO     | __main__:<module>:194 - ASSEMBLY_FNAME='data/assembly_1/assembly_1_parts.json'
2026-07-02 20:07:47.095 | INFO     | __main__:<module>:197 - NUM_PHASES=4
2026-07-02 20:07:47.095 | INFO     | __main__:<module>:198 - RES_FNAME='experiments/edge_reduction/sweeps/assembly_1_np_4/lambda_0.8/res.pkl'
2026-07-02 20:07:47.095 | INFO     | experiments.edge_reduction.scripts.combination_runs:run_full_edge_reduction_change:98 - Running test with: red_perc=0
2026-07-02 20:07:47.100 | INFO     | pycaalp.gapp.assembly_digraph:compute_assembly_digraph_complete:395 - Computing assembly digraph...
2026-07-02 20:07:47.331 | INFO     | pycaalp.time_balancing.model:run_mip:430 - Running MIP solver ...
2026-07-02 20:11:31.176 | INFO     | experiments.edge_reduction.scripts.combination_runs:run_full_edge_reduction_change:98 - Running test with: red_perc=5
2026-07-02 20:11:31.180 | INFO     | pycaalp.gapp.assembly_digraph:compute_assembly_digraph_complete:395 - Computing assembly digraph...
2026-07-02 20:11:31.691 | INFO     | pycaalp.time_balancing.model:run_mip:430 - Running MIP solver ...
2026-07-02 20:15:26.117 | INFO     | pycaalp.gapp.assembly_digraph:compute_assembly_digraph_complete:395 - Computing assembly digraph...
2026-07-02 20:15:26.551 | INFO     | pycaalp.time_balancing.model:run_mip:430 - Running MIP solver ...
2026-07-02 20:18:57.633 | INFO     | pycaalp.gapp.assembly_digraph:compute_assembly_digraph_complete:395 - Computing assembly digraph...
2026-07-02 20:18:58.114 | INFO     | pycaalp.time_balancing.model:run_mip:430 - Running MIP solver ...
2026-07-02 20:23:00.411 | INFO     | pycaalp.gapp.assembly_digraph:compute_assembly_digraph_complete:395 - Computing assembly digraph...
2026-07-02 20:23:00.865 | INFO     | pycaalp.time_balancing.model:run_mip:430 - Running MIP solver ...
2026-07-02 20:25:44.027 | INFO     | pycaalp.gapp.assembly_digraph:compute_assembly_digraph_complete:395 - Computing assembly digraph...
2026-07-02 20:25:44.390 | INFO     | pycaalp.time_balancing.model:run_mip:430 - Running MIP solver ...
2026-07-02 20:28:07.416 | INFO     | experiments.edge_reduction.scripts.combination_runs:run_full_edge_reduction_change:98 - Running test with: red_perc=10
2026-07-02 20:28:07.421 | INFO     | pycaalp.gapp.assembly_digraph:compute_assembly_digraph_complete:395 - Computing assembly digraph...
2026-07-02 20:28:07.793 | INFO     | pycaalp.time_balancing.model:run_mip:430 - Running MIP solver ...
2026-07-02 20:30:55.404 | INFO     | pycaalp.gapp.assembly_digraph:compute_assembly_digraph_complete:395 - Computing assembly digraph...
2026-07-02 20:30:55.761 | INFO     | pycaalp.time_balancing.model:run_mip:430 - Running MIP solver ...
2026-07-02 20:32:54.112 | INFO     | pycaalp.gapp.assembly_digraph:compute_assembly_digraph_complete:395 - Computing assembly digraph...
2026-07-02 20:32:54.459 | INFO     | pycaalp.time_balancing.model:run_mip:430 - Running MIP solver ...
2026-07-02 20:34:40.232 | INFO     | pycaalp.gapp.assembly_digraph:compute_assembly_digraph_complete:395 - Computing assembly digraph...
2026-07-02 20:34:40.582 | INFO     | pycaalp.time_balancing.model:run_mip:430 - Running MIP solver ...
2026-07-02 20:37:10.263 | INFO     | pycaalp.gapp.assembly_digraph:compute_assembly_digraph_complete:395 - Computing assembly digraph...
2026-07-02 20:37:10.619 | INFO     | pycaalp.time_balancing.model:run_mip:430 - Running MIP solver ...
2026-07-02 20:38:19.454 | INFO     | experiments.edge_reduction.scripts.combination_runs:run_full_edge_reduction_change:98 - Running test with: red_perc=15
2026-07-02 20:38:19.457 | INFO     | pycaalp.gapp.assembly_digraph:compute_assembly_digraph_complete:395 - Computing assembly digraph...
2026-07-02 20:38:19.807 | INFO     | pycaalp.time_balancing.model:run_mip:430 - Running MIP solver ...
2026-07-02 20:39:37.523 | INFO     | pycaalp.gapp.assembly_digraph:compute_assembly_digraph_complete:395 - Computing assembly digraph...
2026-07-02 20:39:37.874 | INFO     | pycaalp.time_balancing.model:run_mip:430 - Running MIP solver ...
2026-07-02 20:40:56.370 | INFO     | pycaalp.gapp.assembly_digraph:compute_assembly_digraph_complete:395 - Computing assembly digraph...
2026-07-02 20:40:56.713 | INFO     | pycaalp.time_balancing.model:run_mip:430 - Running MIP solver ...
2026-07-02 20:42:19.287 | INFO     | pycaalp.gapp.assembly_digraph:compute_assembly_digraph_complete:395 - Computing assembly digraph...
2026-07-02 20:42:19.610 | INFO     | pycaalp.time_balancing.model:run_mip:430 - Running MIP solver ...
2026-07-02 20:44:30.043 | INFO     | pycaalp.gapp.assembly_digraph:compute_assembly_digraph_complete:395 - Computing assembly digraph...
2026-07-02 20:44:30.343 | INFO     | pycaalp.time_balancing.model:run_mip:430 - Running MIP solver ...
2026-07-02 20:45:39.973 | INFO     | experiments.edge_reduction.scripts.combination_runs:run_full_edge_reduction_change:98 - Running test with: red_perc=20
2026-07-02 20:45:39.976 | INFO     | pycaalp.gapp.assembly_digraph:compute_assembly_digraph_complete:395 - Computing assembly digraph...
2026-07-02 20:45:40.279 | INFO     | pycaalp.time_balancing.model:run_mip:430 - Running MIP solver ...
2026-07-02 20:47:22.609 | INFO     | pycaalp.gapp.assembly_digraph:compute_assembly_digraph_complete:395 - Computing assembly digraph...
2026-07-02 20:47:22.915 | INFO     | pycaalp.time_balancing.model:run_mip:430 - Running MIP solver ...
2026-07-02 20:48:40.366 | INFO     | pycaalp.gapp.assembly_digraph:compute_assembly_digraph_complete:395 - Computing assembly digraph...
2026-07-02 20:48:40.667 | INFO     | pycaalp.time_balancing.model:run_mip:430 - Running MIP solver ...
2026-07-02 20:49:50.269 | INFO     | pycaalp.gapp.assembly_digraph:compute_assembly_digraph_complete:395 - Computing assembly digraph...
2026-07-02 20:49:50.571 | INFO     | pycaalp.time_balancing.model:run_mip:430 - Running MIP solver ...
2026-07-02 20:50:57.139 | INFO     | pycaalp.gapp.assembly_digraph:compute_assembly_digraph_complete:395 - Computing assembly digraph...
2026-07-02 20:50:57.441 | INFO     | pycaalp.time_balancing.model:run_mip:430 - Running MIP solver ...
2026-07-02 20:52:10.558 | INFO     | experiments.edge_reduction.scripts.combination_runs:run_full_edge_reduction_change:98 - Running test with: red_perc=25
2026-07-02 20:52:10.562 | INFO     | pycaalp.gapp.assembly_digraph:compute_assembly_digraph_complete:395 - Computing assembly digraph...
2026-07-02 20:52:10.869 | INFO     | pycaalp.time_balancing.model:run_mip:430 - Running MIP solver ...
2026-07-02 20:53:05.922 | INFO     | pycaalp.gapp.assembly_digraph:compute_assembly_digraph_complete:395 - Computing assembly digraph...
2026-07-02 20:53:06.225 | INFO     | pycaalp.time_balancing.model:run_mip:430 - Running MIP solver ...
2026-07-02 20:54:01.539 | INFO     | pycaalp.gapp.assembly_digraph:compute_assembly_digraph_complete:395 - Computing assembly digraph...
2026-07-02 20:54:01.853 | INFO     | pycaalp.time_balancing.model:run_mip:430 - Running MIP solver ...
2026-07-02 20:54:51.866 | INFO     | pycaalp.gapp.assembly_digraph:compute_assembly_digraph_complete:395 - Computing assembly digraph...
2026-07-02 20:54:52.174 | INFO     | pycaalp.time_balancing.model:run_mip:430 - Running MIP solver ...
2026-07-02 20:55:58.228 | INFO     | pycaalp.gapp.assembly_digraph:compute_assembly_digraph_complete:395 - Computing assembly digraph...
2026-07-02 20:55:58.528 | INFO     | pycaalp.time_balancing.model:run_mip:430 - Running MIP solver ...
2026-07-02 20:57:21.085 | INFO     | experiments.edge_reduction.scripts.combination_runs:run_full_edge_reduction_change:98 - Running test with: red_perc=30
2026-07-02 20:57:21.088 | INFO     | pycaalp.gapp.assembly_digraph:compute_assembly_digraph_complete:395 - Computing assembly digraph...
2026-07-02 20:57:21.394 | INFO     | pycaalp.time_balancing.model:run_mip:430 - Running MIP solver ...
2026-07-02 20:58:14.049 | INFO     | pycaalp.gapp.assembly_digraph:compute_assembly_digraph_complete:395 - Computing assembly digraph...
2026-07-02 20:58:14.355 | INFO     | pycaalp.time_balancing.model:run_mip:430 - Running MIP solver ...
2026-07-02 20:59:09.883 | INFO     | pycaalp.gapp.assembly_digraph:compute_assembly_digraph_complete:395 - Computing assembly digraph...
2026-07-02 20:59:10.195 | INFO     | pycaalp.time_balancing.model:run_mip:430 - Running MIP solver ...
2026-07-02 21:00:03.686 | INFO     | pycaalp.gapp.assembly_digraph:compute_assembly_digraph_complete:395 - Computing assembly digraph...
2026-07-02 21:00:03.989 | INFO     | pycaalp.time_balancing.model:run_mip:430 - Running MIP solver ...
2026-07-02 21:01:07.109 | INFO     | pycaalp.gapp.assembly_digraph:compute_assembly_digraph_complete:395 - Computing assembly digraph...
2026-07-02 21:01:07.419 | INFO     | pycaalp.time_balancing.model:run_mip:430 - Running MIP solver ...
2026-07-02 21:02:01.893 | INFO     | experiments.edge_reduction.scripts.combination_runs:run_full_edge_reduction_change:98 - Running test with: red_perc=35
2026-07-02 21:02:01.896 | INFO     | pycaalp.gapp.assembly_digraph:compute_assembly_digraph_complete:395 - Computing assembly digraph...
2026-07-02 21:02:02.199 | INFO     | pycaalp.time_balancing.model:run_mip:430 - Running MIP solver ...
2026-07-02 21:02:28.832 | INFO     | pycaalp.gapp.assembly_digraph:compute_assembly_digraph_complete:395 - Computing assembly digraph...
2026-07-02 21:02:29.132 | INFO     | pycaalp.time_balancing.model:run_mip:430 - Running MIP solver ...
2026-07-02 21:03:07.492 | INFO     | pycaalp.gapp.assembly_digraph:compute_assembly_digraph_complete:395 - Computing assembly digraph...
2026-07-02 21:03:07.800 | INFO     | pycaalp.time_balancing.model:run_mip:430 - Running MIP solver ...
2026-07-02 21:03:49.772 | INFO     | pycaalp.gapp.assembly_digraph:compute_assembly_digraph_complete:395 - Computing assembly digraph...
2026-07-02 21:03:50.071 | INFO     | pycaalp.time_balancing.model:run_mip:430 - Running MIP solver ...
2026-07-02 21:04:44.294 | INFO     | pycaalp.gapp.assembly_digraph:compute_assembly_digraph_complete:395 - Computing assembly digraph...
2026-07-02 21:04:44.598 | INFO     | pycaalp.time_balancing.model:run_mip:430 - Running MIP solver ...
2026-07-02 21:05:08.220 | INFO     | experiments.edge_reduction.scripts.combination_runs:run_full_edge_reduction_change:98 - Running test with: red_perc=40
2026-07-02 21:05:08.223 | INFO     | pycaalp.gapp.assembly_digraph:compute_assembly_digraph_complete:395 - Computing assembly digraph...
2026-07-02 21:05:08.525 | INFO     | pycaalp.time_balancing.model:run_mip:430 - Running MIP solver ...
2026-07-02 21:05:40.525 | INFO     | pycaalp.gapp.assembly_digraph:compute_assembly_digraph_complete:395 - Computing assembly digraph...
2026-07-02 21:05:40.842 | INFO     | pycaalp.time_balancing.model:run_mip:430 - Running MIP solver ...
2026-07-02 21:06:01.803 | INFO     | pycaalp.gapp.assembly_digraph:compute_assembly_digraph_complete:395 - Computing assembly digraph...
2026-07-02 21:06:02.097 | INFO     | pycaalp.time_balancing.model:run_mip:430 - Running MIP solver ...
2026-07-02 21:06:20.136 | INFO     | pycaalp.gapp.assembly_digraph:compute_assembly_digraph_complete:395 - Computing assembly digraph...
2026-07-02 21:06:20.431 | INFO     | pycaalp.time_balancing.model:run_mip:430 - Running MIP solver ...
2026-07-02 21:06:39.203 | INFO     | pycaalp.gapp.assembly_digraph:compute_assembly_digraph_complete:395 - Computing assembly digraph...
2026-07-02 21:06:39.498 | INFO     | pycaalp.time_balancing.model:run_mip:430 - Running MIP solver ...
2026-07-02 21:07:03.640 | INFO     | experiments.edge_reduction.scripts.combination_runs:run_full_edge_reduction_change:98 - Running test with: red_perc=45
2026-07-02 21:07:03.643 | INFO     | pycaalp.gapp.assembly_digraph:compute_assembly_digraph_complete:395 - Computing assembly digraph...
2026-07-02 21:07:03.937 | INFO     | pycaalp.time_balancing.model:run_mip:430 - Running MIP solver ...
2026-07-02 21:07:30.198 | INFO     | pycaalp.gapp.assembly_digraph:compute_assembly_digraph_complete:395 - Computing assembly digraph...
2026-07-02 21:07:30.488 | INFO     | pycaalp.time_balancing.model:run_mip:430 - Running MIP solver ...
2026-07-02 21:07:48.999 | INFO     | pycaalp.gapp.assembly_digraph:compute_assembly_digraph_complete:395 - Computing assembly digraph...
2026-07-02 21:07:49.289 | INFO     | pycaalp.time_balancing.model:run_mip:430 - Running MIP solver ...
2026-07-02 21:08:02.560 | INFO     | pycaalp.gapp.assembly_digraph:compute_assembly_digraph_complete:395 - Computing assembly digraph...
2026-07-02 21:08:02.860 | INFO     | pycaalp.time_balancing.model:run_mip:430 - Running MIP solver ...
2026-07-02 21:08:18.844 | INFO     | pycaalp.gapp.assembly_digraph:compute_assembly_digraph_complete:395 - Computing assembly digraph...
2026-07-02 21:08:19.144 | INFO     | pycaalp.time_balancing.model:run_mip:430 - Running MIP solver ...
2026-07-02 21:08:34.766 | INFO     | experiments.edge_reduction.scripts.combination_runs:run_full_edge_reduction_change:98 - Running test with: red_perc=50
2026-07-02 21:08:34.769 | INFO     | pycaalp.gapp.assembly_digraph:compute_assembly_digraph_complete:395 - Computing assembly digraph...
2026-07-02 21:08:35.068 | INFO     | pycaalp.time_balancing.model:run_mip:430 - Running MIP solver ...
2026-07-02 21:08:44.253 | INFO     | pycaalp.gapp.assembly_digraph:compute_assembly_digraph_complete:395 - Computing assembly digraph...
2026-07-02 21:08:44.555 | INFO     | pycaalp.time_balancing.model:run_mip:430 - Running MIP solver ...
2026-07-02 21:08:58.563 | INFO     | pycaalp.gapp.assembly_digraph:compute_assembly_digraph_complete:395 - Computing assembly digraph...
2026-07-02 21:08:58.860 | INFO     | pycaalp.time_balancing.model:run_mip:430 - Running MIP solver ...
2026-07-02 21:09:09.139 | INFO     | pycaalp.gapp.assembly_digraph:compute_assembly_digraph_complete:395 - Computing assembly digraph...
2026-07-02 21:09:09.431 | INFO     | pycaalp.time_balancing.model:run_mip:430 - Running MIP solver ...
2026-07-02 21:09:15.874 | INFO     | pycaalp.gapp.assembly_digraph:compute_assembly_digraph_complete:395 - Computing assembly digraph...
2026-07-02 21:09:16.169 | INFO     | pycaalp.time_balancing.model:run_mip:430 - Running MIP solver ...
2026-07-02 21:09:28.885 | INFO     | experiments.edge_reduction.scripts.combination_runs:run_full_edge_reduction_change:98 - Running test with: red_perc=55
2026-07-02 21:09:28.888 | INFO     | pycaalp.gapp.assembly_digraph:compute_assembly_digraph_complete:395 - Computing assembly digraph...
2026-07-02 21:09:29.188 | INFO     | pycaalp.time_balancing.model:run_mip:430 - Running MIP solver ...
2026-07-02 21:09:34.323 | INFO     | pycaalp.gapp.assembly_digraph:compute_assembly_digraph_complete:395 - Computing assembly digraph...
2026-07-02 21:09:34.620 | INFO     | pycaalp.time_balancing.model:run_mip:430 - Running MIP solver ...
2026-07-02 21:09:44.962 | INFO     | pycaalp.gapp.assembly_digraph:compute_assembly_digraph_complete:395 - Computing assembly digraph...
2026-07-02 21:09:45.259 | INFO     | pycaalp.time_balancing.model:run_mip:430 - Running MIP solver ...
2026-07-02 21:09:48.483 | INFO     | pycaalp.gapp.assembly_digraph:compute_assembly_digraph_complete:395 - Computing assembly digraph...
2026-07-02 21:09:48.775 | INFO     | pycaalp.time_balancing.model:run_mip:430 - Running MIP solver ...
2026-07-02 21:09:53.322 | INFO     | pycaalp.gapp.assembly_digraph:compute_assembly_digraph_complete:395 - Computing assembly digraph...
2026-07-02 21:09:53.620 | INFO     | pycaalp.time_balancing.model:run_mip:430 - Running MIP solver ...
2026-07-02 21:09:57.345 | INFO     | experiments.edge_reduction.scripts.combination_runs:run_full_edge_reduction_change:98 - Running test with: red_perc=60
2026-07-02 21:09:57.348 | INFO     | pycaalp.gapp.assembly_digraph:compute_assembly_digraph_complete:395 - Computing assembly digraph...
2026-07-02 21:09:57.642 | INFO     | pycaalp.time_balancing.model:run_mip:430 - Running MIP solver ...
2026-07-02 21:09:59.327 | INFO     | pycaalp.gapp.assembly_digraph:compute_assembly_digraph_complete:395 - Computing assembly digraph...
2026-07-02 21:09:59.620 | INFO     | pycaalp.time_balancing.model:run_mip:430 - Running MIP solver ...
2026-07-02 21:10:00.949 | INFO     | pycaalp.gapp.assembly_digraph:compute_assembly_digraph_complete:395 - Computing assembly digraph...
2026-07-02 21:10:01.246 | INFO     | pycaalp.time_balancing.model:run_mip:430 - Running MIP solver ...
2026-07-02 21:10:04.341 | INFO     | pycaalp.gapp.assembly_digraph:compute_assembly_digraph_complete:395 - Computing assembly digraph...
2026-07-02 21:10:04.632 | INFO     | pycaalp.time_balancing.model:run_mip:430 - Running MIP solver ...
2026-07-02 21:10:07.190 | INFO     | pycaalp.gapp.assembly_digraph:compute_assembly_digraph_complete:395 - Computing assembly digraph...
2026-07-02 21:10:07.485 | INFO     | pycaalp.time_balancing.model:run_mip:430 - Running MIP solver ...
2026-07-02 21:10:11.816 | INFO     | experiments.edge_reduction.scripts.combination_runs:run_full_edge_reduction_change:98 - Running test with: red_perc=65
2026-07-02 21:10:11.819 | INFO     | pycaalp.gapp.assembly_digraph:compute_assembly_digraph_complete:395 - Computing assembly digraph...
2026-07-02 21:10:12.119 | INFO     | pycaalp.time_balancing.model:run_mip:430 - Running MIP solver ...
2026-07-02 21:10:14.479 | INFO     | pycaalp.gapp.assembly_digraph:compute_assembly_digraph_complete:395 - Computing assembly digraph...
2026-07-02 21:10:14.772 | INFO     | pycaalp.time_balancing.model:run_mip:430 - Running MIP solver ...
2026-07-02 21:10:17.684 | INFO     | pycaalp.gapp.assembly_digraph:compute_assembly_digraph_complete:395 - Computing assembly digraph...
2026-07-02 21:10:17.975 | INFO     | pycaalp.time_balancing.model:run_mip:430 - Running MIP solver ...
2026-07-02 21:10:19.452 | INFO     | pycaalp.gapp.assembly_digraph:compute_assembly_digraph_complete:395 - Computing assembly digraph...
2026-07-02 21:10:19.740 | INFO     | pycaalp.time_balancing.model:run_mip:430 - Running MIP solver ...
2026-07-02 21:10:22.856 | INFO     | pycaalp.gapp.assembly_digraph:compute_assembly_digraph_complete:395 - Computing assembly digraph...
2026-07-02 21:10:23.146 | INFO     | pycaalp.time_balancing.model:run_mip:430 - Running MIP solver ...
2026-07-02 21:10:25.724 | INFO     | experiments.edge_reduction.scripts.combination_runs:run_full_edge_reduction_change:98 - Running test with: red_perc=70
2026-07-02 21:10:25.726 | INFO     | pycaalp.gapp.assembly_digraph:compute_assembly_digraph_complete:395 - Computing assembly digraph...
2026-07-02 21:10:26.017 | INFO     | pycaalp.time_balancing.model:run_mip:430 - Running MIP solver ...
2026-07-02 21:10:28.006 | INFO     | pycaalp.gapp.assembly_digraph:compute_assembly_digraph_complete:395 - Computing assembly digraph...
2026-07-02 21:10:28.296 | INFO     | pycaalp.time_balancing.model:run_mip:430 - Running MIP solver ...
2026-07-02 21:10:30.164 | INFO     | pycaalp.gapp.assembly_digraph:compute_assembly_digraph_complete:395 - Computing assembly digraph...
2026-07-02 21:10:30.453 | INFO     | pycaalp.time_balancing.model:run_mip:430 - Running MIP solver ...
2026-07-02 21:10:32.074 | INFO     | pycaalp.gapp.assembly_digraph:compute_assembly_digraph_complete:395 - Computing assembly digraph...
2026-07-02 21:10:32.366 | INFO     | pycaalp.time_balancing.model:run_mip:430 - Running MIP solver ...
2026-07-02 21:10:33.536 | INFO     | pycaalp.gapp.assembly_digraph:compute_assembly_digraph_complete:395 - Computing assembly digraph...
2026-07-02 21:10:33.830 | INFO     | pycaalp.time_balancing.model:run_mip:430 - Running MIP solver ...
2026-07-02 21:10:35.444 | INFO     | __main__:<module>:240 - Running plot_total_time
{0: (np.float64(223.809635), np.float64(0.8854720967833842), np.float64(574.62), np.float64(0.0), np.float64(0.0), np.float64(0.0), np.float64(224.0804134759819), np.float64(0.0), np.float64(0.23608827195130289), np.float64(0.0)), 5: (np.float64(198.6833836), np.float64(0.8855150319902536), np.float64(574.62), np.float64(39.198272643817596), np.float64(8.587041373924187e-05), np.float64(0.0), np.float64(199.19100445699877), np.float64(39.24346697800776), np.float64(0.45245190439745786), np.float64(0.04986387314847522)), 10: (np.float64(121.9594016), np.float64(0.8856231999778965), np.float64(575.92), np.float64(34.51100958198041), np.float64(0.0003022063890248283), np.float64(2.6), np.float64(122.35258283922448), np.float64(34.51569588472468), np.float64(0.36034939540550115), np.float64(0.008826458490446111)), 15: (np.float64(87.6871388), np.float64(0.8857948627413625), np.float64(575.92), np.float64(21.74738362882781), np.float64(0.0005445783163564545), np.float64(2.6), np.float64(88.05672531542368), np.float64(21.750392472923426), np.float64(0.3374820718308911), np.float64(0.019576232262838)), 20: (np.float64(77.74929), np.float64(0.8856661351847661), np.float64(575.92), np.float64(12.794435027767078), np.float64(0.000292791966578785), np.float64(2.6), np.float64(78.08142004462425), np.float64(12.794450894497455), np.float64(0.3063954938435927), np.float64(0.0018810437024771912)), 25: (np.float64(61.724103), np.float64(0.8860970691303874), np.float64(578.52), np.float64(11.623001797411252), np.float64(0.0004883387407068146), np.float64(3.184336665618132), np.float64(62.06306829124223), np.float64(11.615917277260435), np.float64(0.3102043820079416), np.float64(0.00456901437768873)), 30: (np.float64(55.79964640000001), np.float64(0.885968341573791), np.float64(578.52), np.float64(3.7530915543205503), np.float64(0.00032471664388597244), np.float64(3.184336665618132), np.float64(56.133702311781235), np.float64(3.750354936825837), np.float64(0.3108614263823256), np.float64(0.003425197068102844)), 35: (np.float64(36.908137800000006), np.float64(0.8867818633759544), np.float64(578.52), np.float64(11.035209222325971), np.float64(0.0008709875361351266), np.float64(3.184336665618132), np.float64(37.23617984461598), np.float64(11.034457764876205), np.float64(0.3064228563802317), np.float64(0.002984609040188015)), 40: (np.float64(22.7321752), np.float64(0.8865592341830884), np.float64(579.1039999999999), np.float64(5.068054526355113), np.float64(0.000984201504714323), np.float64(3.81326946333457), np.float64(23.05982417159248), np.float64(5.075178849429952), np.float64(0.30400299218017607), np.float64(0.008872857394649145)), 45: (np.float64(17.887066), np.float64(0.8867747466175704), np.float64(579.104), np.float64(4.483430189920883), np.float64(0.0008822598788727968), np.float64(3.81326946333457), np.float64(18.204302224423735), np.float64(4.482531096641779), np.float64(0.29806897821836176), np.float64(0.00415241811915072)), 50: (np.float64(10.4839566), np.float64(0.8861254677374595), np.float64(575.92), np.float64(2.665359938248536), np.float64(0.0006299496017625697), np.float64(2.6), np.float64(10.80279841516167), np.float64(2.6675459689180223), np.float64(0.3002411529421806), np.float64(0.0031440783460486236)), 55: (np.float64(5.364011799999999), np.float64(0.8872689663181543), np.float64(580.2719999999999), np.float64(2.5591403887075366), np.float64(0.001291855583460717), np.float64(4.614838675403488), np.float64(5.678821164602414), np.float64(2.5592963405436038), np.float64(0.29980840201023967), np.float64(0.0025623196924396997)), 60: (np.float64(2.5745398), np.float64(0.8873099834891626), np.float64(579.6879999999999), np.float64(1.0678254660243685), np.float64(0.0008584151428821262), np.float64(4.273164635255686), np.float64(2.8846695594023912), np.float64(1.0689930894597741), np.float64(0.29705559778958557), np.float64(0.0019842575688396057)), 65: (np.float64(2.4650142), np.float64(0.8873529186960323), np.float64(579.688), np.float64(0.5705630589771477), np.float64(0.001153215495383532), np.float64(4.273164635255686), np.float64(2.7724962701788174), np.float64(0.5699305494572006), np.float64(0.2952654406195506), np.float64(0.003984840696654474)), 70: (np.float64(1.6284852), np.float64(0.887438711045759), np.float64(579.6879999999999), np.float64(0.28220065897612645), np.float64(0.0007242222125850718), np.float64(4.273164635255686), np.float64(1.933136560022831), np.float64(0.2817866022723134), np.float64(0.2942393846111372), np.float64(0.0018808352436773276))}
Saved MIP solve time plot in experiments/edge_reduction/sweeps/assembly_1_np_4/lambda_0.8/plots/MIP_solve_time_num_phases_4.svg
2026-07-02 21:10:35.566 | INFO     | __main__:<module>:250 - Running plot_speedup_vs_max_length_lost
Saved speedup_vs_weld_len_degr plot in experiments/edge_reduction/sweeps/assembly_1_np_4/lambda_0.8/plots/speedup_vs_weld_len_degr_num_phases_4.svg
2026-07-02 21:10:35.673 | INFO     | __main__:<module>:253 - Running plot_average_max_time
Saved Max welding length [mm] plot in experiments/edge_reduction/sweeps/assembly_1_np_4/lambda_0.8/plots/Max_welding_length_[mm]_num_phases_4.svg

----------------- λ = 0.9 -----------------
2026-07-02 20:07:47.111 | INFO     | __main__:<module>:193 - Running /home/md/Work/PyCAALP/experiments/edge_reduction/run.py
2026-07-02 20:07:47.112 | INFO     | __main__:<module>:194 - ASSEMBLY_FNAME='data/assembly_1/assembly_1_parts.json'
2026-07-02 20:07:47.112 | INFO     | __main__:<module>:197 - NUM_PHASES=4
2026-07-02 20:07:47.112 | INFO     | __main__:<module>:198 - RES_FNAME='experiments/edge_reduction/sweeps/assembly_1_np_4/lambda_0.9/res.pkl'
2026-07-02 20:07:47.112 | INFO     | experiments.edge_reduction.scripts.combination_runs:run_full_edge_reduction_change:98 - Running test with: red_perc=0
2026-07-02 20:07:47.119 | INFO     | pycaalp.gapp.assembly_digraph:compute_assembly_digraph_complete:395 - Computing assembly digraph...
2026-07-02 20:07:47.347 | INFO     | pycaalp.time_balancing.model:run_mip:430 - Running MIP solver ...
2026-07-02 20:11:51.236 | INFO     | experiments.edge_reduction.scripts.combination_runs:run_full_edge_reduction_change:98 - Running test with: red_perc=5
2026-07-02 20:11:51.240 | INFO     | pycaalp.gapp.assembly_digraph:compute_assembly_digraph_complete:395 - Computing assembly digraph...
2026-07-02 20:11:51.862 | INFO     | pycaalp.time_balancing.model:run_mip:430 - Running MIP solver ...
2026-07-02 20:16:02.568 | INFO     | pycaalp.gapp.assembly_digraph:compute_assembly_digraph_complete:395 - Computing assembly digraph...
2026-07-02 20:16:03.180 | INFO     | pycaalp.time_balancing.model:run_mip:430 - Running MIP solver ...
2026-07-02 20:18:05.667 | INFO     | pycaalp.gapp.assembly_digraph:compute_assembly_digraph_complete:395 - Computing assembly digraph...
2026-07-02 20:18:06.133 | INFO     | pycaalp.time_balancing.model:run_mip:430 - Running MIP solver ...
2026-07-02 20:21:28.463 | INFO     | pycaalp.gapp.assembly_digraph:compute_assembly_digraph_complete:395 - Computing assembly digraph...
2026-07-02 20:21:28.876 | INFO     | pycaalp.time_balancing.model:run_mip:430 - Running MIP solver ...
2026-07-02 20:23:39.119 | INFO     | pycaalp.gapp.assembly_digraph:compute_assembly_digraph_complete:395 - Computing assembly digraph...
2026-07-02 20:23:39.494 | INFO     | pycaalp.time_balancing.model:run_mip:430 - Running MIP solver ...
2026-07-02 20:26:56.419 | INFO     | experiments.edge_reduction.scripts.combination_runs:run_full_edge_reduction_change:98 - Running test with: red_perc=10
2026-07-02 20:26:56.423 | INFO     | pycaalp.gapp.assembly_digraph:compute_assembly_digraph_complete:395 - Computing assembly digraph...
2026-07-02 20:26:56.809 | INFO     | pycaalp.time_balancing.model:run_mip:430 - Running MIP solver ...
2026-07-02 20:29:06.038 | INFO     | pycaalp.gapp.assembly_digraph:compute_assembly_digraph_complete:395 - Computing assembly digraph...
2026-07-02 20:29:06.409 | INFO     | pycaalp.time_balancing.model:run_mip:430 - Running MIP solver ...
2026-07-02 20:31:25.056 | INFO     | pycaalp.gapp.assembly_digraph:compute_assembly_digraph_complete:395 - Computing assembly digraph...
2026-07-02 20:31:25.409 | INFO     | pycaalp.time_balancing.model:run_mip:430 - Running MIP solver ...
2026-07-02 20:34:23.634 | INFO     | pycaalp.gapp.assembly_digraph:compute_assembly_digraph_complete:395 - Computing assembly digraph...
2026-07-02 20:34:23.988 | INFO     | pycaalp.time_balancing.model:run_mip:430 - Running MIP solver ...
2026-07-02 20:37:57.222 | INFO     | pycaalp.gapp.assembly_digraph:compute_assembly_digraph_complete:395 - Computing assembly digraph...
2026-07-02 20:37:57.570 | INFO     | pycaalp.time_balancing.model:run_mip:430 - Running MIP solver ...
2026-07-02 20:39:24.967 | INFO     | experiments.edge_reduction.scripts.combination_runs:run_full_edge_reduction_change:98 - Running test with: red_perc=15
2026-07-02 20:39:24.971 | INFO     | pycaalp.gapp.assembly_digraph:compute_assembly_digraph_complete:395 - Computing assembly digraph...
2026-07-02 20:39:25.322 | INFO     | pycaalp.time_balancing.model:run_mip:430 - Running MIP solver ...
2026-07-02 20:40:51.648 | INFO     | pycaalp.gapp.assembly_digraph:compute_assembly_digraph_complete:395 - Computing assembly digraph...
2026-07-02 20:40:51.992 | INFO     | pycaalp.time_balancing.model:run_mip:430 - Running MIP solver ...
2026-07-02 20:42:17.790 | INFO     | pycaalp.gapp.assembly_digraph:compute_assembly_digraph_complete:395 - Computing assembly digraph...
2026-07-02 20:42:18.109 | INFO     | pycaalp.time_balancing.model:run_mip:430 - Running MIP solver ...
2026-07-02 20:44:30.909 | INFO     | pycaalp.gapp.assembly_digraph:compute_assembly_digraph_complete:395 - Computing assembly digraph...
2026-07-02 20:44:31.207 | INFO     | pycaalp.time_balancing.model:run_mip:430 - Running MIP solver ...
2026-07-02 20:46:08.399 | INFO     | pycaalp.gapp.assembly_digraph:compute_assembly_digraph_complete:395 - Computing assembly digraph...
2026-07-02 20:46:08.709 | INFO     | pycaalp.time_balancing.model:run_mip:430 - Running MIP solver ...
2026-07-02 20:49:04.231 | INFO     | experiments.edge_reduction.scripts.combination_runs:run_full_edge_reduction_change:98 - Running test with: red_perc=20
2026-07-02 20:49:04.235 | INFO     | pycaalp.gapp.assembly_digraph:compute_assembly_digraph_complete:395 - Computing assembly digraph...
2026-07-02 20:49:04.536 | INFO     | pycaalp.time_balancing.model:run_mip:430 - Running MIP solver ...
2026-07-02 20:50:16.548 | INFO     | pycaalp.gapp.assembly_digraph:compute_assembly_digraph_complete:395 - Computing assembly digraph...
2026-07-02 20:50:16.849 | INFO     | pycaalp.time_balancing.model:run_mip:430 - Running MIP solver ...
2026-07-02 20:51:58.277 | INFO     | pycaalp.gapp.assembly_digraph:compute_assembly_digraph_complete:395 - Computing assembly digraph...
2026-07-02 20:51:58.581 | INFO     | pycaalp.time_balancing.model:run_mip:430 - Running MIP solver ...
2026-07-02 20:54:37.933 | INFO     | pycaalp.gapp.assembly_digraph:compute_assembly_digraph_complete:395 - Computing assembly digraph...
2026-07-02 20:54:38.237 | INFO     | pycaalp.time_balancing.model:run_mip:430 - Running MIP solver ...
2026-07-02 20:56:32.638 | INFO     | pycaalp.gapp.assembly_digraph:compute_assembly_digraph_complete:395 - Computing assembly digraph...
2026-07-02 20:56:32.956 | INFO     | pycaalp.time_balancing.model:run_mip:430 - Running MIP solver ...
2026-07-02 20:57:41.250 | INFO     | experiments.edge_reduction.scripts.combination_runs:run_full_edge_reduction_change:98 - Running test with: red_perc=25
2026-07-02 20:57:41.253 | INFO     | pycaalp.gapp.assembly_digraph:compute_assembly_digraph_complete:395 - Computing assembly digraph...
2026-07-02 20:57:41.566 | INFO     | pycaalp.time_balancing.model:run_mip:430 - Running MIP solver ...
2026-07-02 20:59:17.892 | INFO     | pycaalp.gapp.assembly_digraph:compute_assembly_digraph_complete:395 - Computing assembly digraph...
2026-07-02 20:59:18.196 | INFO     | pycaalp.time_balancing.model:run_mip:430 - Running MIP solver ...
2026-07-02 21:00:47.379 | INFO     | pycaalp.gapp.assembly_digraph:compute_assembly_digraph_complete:395 - Computing assembly digraph...
2026-07-02 21:00:47.689 | INFO     | pycaalp.time_balancing.model:run_mip:430 - Running MIP solver ...
2026-07-02 21:01:58.775 | INFO     | pycaalp.gapp.assembly_digraph:compute_assembly_digraph_complete:395 - Computing assembly digraph...
2026-07-02 21:01:59.089 | INFO     | pycaalp.time_balancing.model:run_mip:430 - Running MIP solver ...
2026-07-02 21:03:15.715 | INFO     | pycaalp.gapp.assembly_digraph:compute_assembly_digraph_complete:395 - Computing assembly digraph...
2026-07-02 21:03:16.018 | INFO     | pycaalp.time_balancing.model:run_mip:430 - Running MIP solver ...
2026-07-02 21:04:33.940 | INFO     | experiments.edge_reduction.scripts.combination_runs:run_full_edge_reduction_change:98 - Running test with: red_perc=30
2026-07-02 21:04:33.943 | INFO     | pycaalp.gapp.assembly_digraph:compute_assembly_digraph_complete:395 - Computing assembly digraph...
2026-07-02 21:04:34.256 | INFO     | pycaalp.time_balancing.model:run_mip:430 - Running MIP solver ...
2026-07-02 21:05:35.752 | INFO     | pycaalp.gapp.assembly_digraph:compute_assembly_digraph_complete:395 - Computing assembly digraph...
2026-07-02 21:05:36.063 | INFO     | pycaalp.time_balancing.model:run_mip:430 - Running MIP solver ...
2026-07-02 21:06:48.955 | INFO     | pycaalp.gapp.assembly_digraph:compute_assembly_digraph_complete:395 - Computing assembly digraph...
2026-07-02 21:06:49.243 | INFO     | pycaalp.time_balancing.model:run_mip:430 - Running MIP solver ...
2026-07-02 21:07:55.310 | INFO     | pycaalp.gapp.assembly_digraph:compute_assembly_digraph_complete:395 - Computing assembly digraph...
2026-07-02 21:07:55.596 | INFO     | pycaalp.time_balancing.model:run_mip:430 - Running MIP solver ...
2026-07-02 21:09:08.012 | INFO     | pycaalp.gapp.assembly_digraph:compute_assembly_digraph_complete:395 - Computing assembly digraph...
2026-07-02 21:09:08.303 | INFO     | pycaalp.time_balancing.model:run_mip:430 - Running MIP solver ...
2026-07-02 21:10:14.300 | INFO     | experiments.edge_reduction.scripts.combination_runs:run_full_edge_reduction_change:98 - Running test with: red_perc=35
2026-07-02 21:10:14.303 | INFO     | pycaalp.gapp.assembly_digraph:compute_assembly_digraph_complete:395 - Computing assembly digraph...
2026-07-02 21:10:14.590 | INFO     | pycaalp.time_balancing.model:run_mip:430 - Running MIP solver ...
2026-07-02 21:11:38.198 | INFO     | pycaalp.gapp.assembly_digraph:compute_assembly_digraph_complete:395 - Computing assembly digraph...
2026-07-02 21:11:38.476 | INFO     | pycaalp.time_balancing.model:run_mip:430 - Running MIP solver ...
2026-07-02 21:12:21.771 | INFO     | pycaalp.gapp.assembly_digraph:compute_assembly_digraph_complete:395 - Computing assembly digraph...
2026-07-02 21:12:22.061 | INFO     | pycaalp.time_balancing.model:run_mip:430 - Running MIP solver ...
2026-07-02 21:13:10.220 | INFO     | pycaalp.gapp.assembly_digraph:compute_assembly_digraph_complete:395 - Computing assembly digraph...
2026-07-02 21:13:10.498 | INFO     | pycaalp.time_balancing.model:run_mip:430 - Running MIP solver ...
2026-07-02 21:14:06.139 | INFO     | pycaalp.gapp.assembly_digraph:compute_assembly_digraph_complete:395 - Computing assembly digraph...
2026-07-02 21:14:06.422 | INFO     | pycaalp.time_balancing.model:run_mip:430 - Running MIP solver ...
2026-07-02 21:15:04.545 | INFO     | experiments.edge_reduction.scripts.combination_runs:run_full_edge_reduction_change:98 - Running test with: red_perc=40
2026-07-02 21:15:04.548 | INFO     | pycaalp.gapp.assembly_digraph:compute_assembly_digraph_complete:395 - Computing assembly digraph...
2026-07-02 21:15:04.833 | INFO     | pycaalp.time_balancing.model:run_mip:430 - Running MIP solver ...
2026-07-02 21:15:29.435 | INFO     | pycaalp.gapp.assembly_digraph:compute_assembly_digraph_complete:395 - Computing assembly digraph...
2026-07-02 21:15:29.748 | INFO     | pycaalp.time_balancing.model:run_mip:430 - Running MIP solver ...
2026-07-02 21:16:07.158 | INFO     | pycaalp.gapp.assembly_digraph:compute_assembly_digraph_complete:395 - Computing assembly digraph...
2026-07-02 21:16:07.433 | INFO     | pycaalp.time_balancing.model:run_mip:430 - Running MIP solver ...
2026-07-02 21:16:21.077 | INFO     | pycaalp.gapp.assembly_digraph:compute_assembly_digraph_complete:395 - Computing assembly digraph...
2026-07-02 21:16:21.357 | INFO     | pycaalp.time_balancing.model:run_mip:430 - Running MIP solver ...
2026-07-02 21:17:01.232 | INFO     | pycaalp.gapp.assembly_digraph:compute_assembly_digraph_complete:395 - Computing assembly digraph...
2026-07-02 21:17:01.521 | INFO     | pycaalp.time_balancing.model:run_mip:430 - Running MIP solver ...
2026-07-02 21:17:56.130 | INFO     | experiments.edge_reduction.scripts.combination_runs:run_full_edge_reduction_change:98 - Running test with: red_perc=45
2026-07-02 21:17:56.133 | INFO     | pycaalp.gapp.assembly_digraph:compute_assembly_digraph_complete:395 - Computing assembly digraph...
2026-07-02 21:17:56.416 | INFO     | pycaalp.time_balancing.model:run_mip:430 - Running MIP solver ...
2026-07-02 21:18:19.155 | INFO     | pycaalp.gapp.assembly_digraph:compute_assembly_digraph_complete:395 - Computing assembly digraph...
2026-07-02 21:18:19.437 | INFO     | pycaalp.time_balancing.model:run_mip:430 - Running MIP solver ...
2026-07-02 21:18:49.311 | INFO     | pycaalp.gapp.assembly_digraph:compute_assembly_digraph_complete:395 - Computing assembly digraph...
2026-07-02 21:18:49.594 | INFO     | pycaalp.time_balancing.model:run_mip:430 - Running MIP solver ...
2026-07-02 21:19:03.827 | INFO     | pycaalp.gapp.assembly_digraph:compute_assembly_digraph_complete:395 - Computing assembly digraph...
2026-07-02 21:19:04.106 | INFO     | pycaalp.time_balancing.model:run_mip:430 - Running MIP solver ...
2026-07-02 21:19:42.426 | INFO     | pycaalp.gapp.assembly_digraph:compute_assembly_digraph_complete:395 - Computing assembly digraph...
2026-07-02 21:19:42.712 | INFO     | pycaalp.time_balancing.model:run_mip:430 - Running MIP solver ...
2026-07-02 21:20:13.447 | INFO     | experiments.edge_reduction.scripts.combination_runs:run_full_edge_reduction_change:98 - Running test with: red_perc=50
2026-07-02 21:20:13.450 | INFO     | pycaalp.gapp.assembly_digraph:compute_assembly_digraph_complete:395 - Computing assembly digraph...
2026-07-02 21:20:13.751 | INFO     | pycaalp.time_balancing.model:run_mip:430 - Running MIP solver ...
2026-07-02 21:20:32.669 | INFO     | pycaalp.gapp.assembly_digraph:compute_assembly_digraph_complete:395 - Computing assembly digraph...
2026-07-02 21:20:32.950 | INFO     | pycaalp.time_balancing.model:run_mip:430 - Running MIP solver ...
2026-07-02 21:20:46.825 | INFO     | pycaalp.gapp.assembly_digraph:compute_assembly_digraph_complete:395 - Computing assembly digraph...
2026-07-02 21:20:47.107 | INFO     | pycaalp.time_balancing.model:run_mip:430 - Running MIP solver ...
2026-07-02 21:20:57.228 | INFO     | pycaalp.gapp.assembly_digraph:compute_assembly_digraph_complete:395 - Computing assembly digraph...
2026-07-02 21:20:57.512 | INFO     | pycaalp.time_balancing.model:run_mip:430 - Running MIP solver ...
2026-07-02 21:21:14.628 | INFO     | pycaalp.gapp.assembly_digraph:compute_assembly_digraph_complete:395 - Computing assembly digraph...
2026-07-02 21:21:14.910 | INFO     | pycaalp.time_balancing.model:run_mip:430 - Running MIP solver ...
2026-07-02 21:21:26.521 | INFO     | experiments.edge_reduction.scripts.combination_runs:run_full_edge_reduction_change:98 - Running test with: red_perc=55
2026-07-02 21:21:26.524 | INFO     | pycaalp.gapp.assembly_digraph:compute_assembly_digraph_complete:395 - Computing assembly digraph...
2026-07-02 21:21:26.811 | INFO     | pycaalp.time_balancing.model:run_mip:430 - Running MIP solver ...
2026-07-02 21:21:37.124 | INFO     | pycaalp.gapp.assembly_digraph:compute_assembly_digraph_complete:395 - Computing assembly digraph...
2026-07-02 21:21:37.405 | INFO     | pycaalp.time_balancing.model:run_mip:430 - Running MIP solver ...
2026-07-02 21:21:49.529 | INFO     | pycaalp.gapp.assembly_digraph:compute_assembly_digraph_complete:395 - Computing assembly digraph...
2026-07-02 21:21:49.821 | INFO     | pycaalp.time_balancing.model:run_mip:430 - Running MIP solver ...
2026-07-02 21:22:01.730 | INFO     | pycaalp.gapp.assembly_digraph:compute_assembly_digraph_complete:395 - Computing assembly digraph...
2026-07-02 21:22:02.018 | INFO     | pycaalp.time_balancing.model:run_mip:430 - Running MIP solver ...
2026-07-02 21:22:13.257 | INFO     | pycaalp.gapp.assembly_digraph:compute_assembly_digraph_complete:395 - Computing assembly digraph...
2026-07-02 21:22:13.538 | INFO     | pycaalp.time_balancing.model:run_mip:430 - Running MIP solver ...
2026-07-02 21:22:17.037 | INFO     | experiments.edge_reduction.scripts.combination_runs:run_full_edge_reduction_change:98 - Running test with: red_perc=60
2026-07-02 21:22:17.040 | INFO     | pycaalp.gapp.assembly_digraph:compute_assembly_digraph_complete:395 - Computing assembly digraph...
2026-07-02 21:22:17.327 | INFO     | pycaalp.time_balancing.model:run_mip:430 - Running MIP solver ...
2026-07-02 21:22:20.366 | INFO     | pycaalp.gapp.assembly_digraph:compute_assembly_digraph_complete:395 - Computing assembly digraph...
2026-07-02 21:22:20.650 | INFO     | pycaalp.time_balancing.model:run_mip:430 - Running MIP solver ...
2026-07-02 21:22:24.745 | INFO     | pycaalp.gapp.assembly_digraph:compute_assembly_digraph_complete:395 - Computing assembly digraph...
2026-07-02 21:22:25.029 | INFO     | pycaalp.time_balancing.model:run_mip:430 - Running MIP solver ...
2026-07-02 21:22:29.190 | INFO     | pycaalp.gapp.assembly_digraph:compute_assembly_digraph_complete:395 - Computing assembly digraph...
2026-07-02 21:22:29.481 | INFO     | pycaalp.time_balancing.model:run_mip:430 - Running MIP solver ...
2026-07-02 21:22:33.526 | INFO     | pycaalp.gapp.assembly_digraph:compute_assembly_digraph_complete:395 - Computing assembly digraph...
2026-07-02 21:22:33.815 | INFO     | pycaalp.time_balancing.model:run_mip:430 - Running MIP solver ...
2026-07-02 21:22:39.389 | INFO     | experiments.edge_reduction.scripts.combination_runs:run_full_edge_reduction_change:98 - Running test with: red_perc=65
2026-07-02 21:22:39.392 | INFO     | pycaalp.gapp.assembly_digraph:compute_assembly_digraph_complete:395 - Computing assembly digraph...
2026-07-02 21:22:39.671 | INFO     | pycaalp.time_balancing.model:run_mip:430 - Running MIP solver ...
2026-07-02 21:22:42.996 | INFO     | pycaalp.gapp.assembly_digraph:compute_assembly_digraph_complete:395 - Computing assembly digraph...
2026-07-02 21:22:43.283 | INFO     | pycaalp.time_balancing.model:run_mip:430 - Running MIP solver ...
2026-07-02 21:22:46.475 | INFO     | pycaalp.gapp.assembly_digraph:compute_assembly_digraph_complete:395 - Computing assembly digraph...
2026-07-02 21:22:46.755 | INFO     | pycaalp.time_balancing.model:run_mip:430 - Running MIP solver ...
2026-07-02 21:22:49.807 | INFO     | pycaalp.gapp.assembly_digraph:compute_assembly_digraph_complete:395 - Computing assembly digraph...
2026-07-02 21:22:50.106 | INFO     | pycaalp.time_balancing.model:run_mip:430 - Running MIP solver ...
2026-07-02 21:22:53.595 | INFO     | pycaalp.gapp.assembly_digraph:compute_assembly_digraph_complete:395 - Computing assembly digraph...
2026-07-02 21:22:53.873 | INFO     | pycaalp.time_balancing.model:run_mip:430 - Running MIP solver ...
2026-07-02 21:22:55.751 | INFO     | experiments.edge_reduction.scripts.combination_runs:run_full_edge_reduction_change:98 - Running test with: red_perc=70
2026-07-02 21:22:55.754 | INFO     | pycaalp.gapp.assembly_digraph:compute_assembly_digraph_complete:395 - Computing assembly digraph...
2026-07-02 21:22:56.034 | INFO     | pycaalp.time_balancing.model:run_mip:430 - Running MIP solver ...
2026-07-02 21:22:58.523 | INFO     | pycaalp.gapp.assembly_digraph:compute_assembly_digraph_complete:395 - Computing assembly digraph...
2026-07-02 21:22:58.803 | INFO     | pycaalp.time_balancing.model:run_mip:430 - Running MIP solver ...
2026-07-02 21:23:01.473 | INFO     | pycaalp.gapp.assembly_digraph:compute_assembly_digraph_complete:395 - Computing assembly digraph...
2026-07-02 21:23:01.758 | INFO     | pycaalp.time_balancing.model:run_mip:430 - Running MIP solver ...
2026-07-02 21:23:06.282 | INFO     | pycaalp.gapp.assembly_digraph:compute_assembly_digraph_complete:395 - Computing assembly digraph...
2026-07-02 21:23:06.571 | INFO     | pycaalp.time_balancing.model:run_mip:430 - Running MIP solver ...
2026-07-02 21:23:08.180 | INFO     | pycaalp.gapp.assembly_digraph:compute_assembly_digraph_complete:395 - Computing assembly digraph...
2026-07-02 21:23:08.460 | INFO     | pycaalp.time_balancing.model:run_mip:430 - Running MIP solver ...
2026-07-02 21:23:10.356 | INFO     | __main__:<module>:240 - Running plot_total_time
{0: (np.float64(243.83299), np.float64(0.886546893866391), np.float64(574.62), np.float64(0.0), np.float64(0.0), np.float64(0.0), np.float64(244.12399257195648), np.float64(0.0), np.float64(0.2355440619867295), np.float64(0.0)), 5: (np.float64(180.4541636), np.float64(0.8865683614698258), np.float64(574.62), np.float64(48.105887539340294), np.float64(4.293520686964314e-05), np.float64(0.0), np.float64(181.00115465940908), np.float64(48.111844429579456), np.float64(0.5019219080219045), np.float64(0.1017194186161873)), 10: (np.float64(149.28926040000002), np.float64(0.8868560312590528), np.float64(574.62), np.float64(43.06854748123527), np.float64(0.0003370803042738105), np.float64(0.0), np.float64(149.68928707819433), np.float64(43.06555133779414), np.float64(0.36653360521886497), np.float64(0.014117067525711888)), 15: (np.float64(115.47228720000001), np.float64(0.8866907287610044), np.float64(574.62), np.float64(34.5503759898814), np.float64(0.00028766978922717407), np.float64(0.0), np.float64(115.83232375141233), np.float64(34.53784219280809), np.float64(0.32838437939062715), np.float64(0.02027186967958596)), 20: (np.float64(103.04237160000002), np.float64(0.8868268091111775), np.float64(574.62), np.float64(33.07701694575667), np.float64(0.0003015621064107179), np.float64(0.0), np.float64(103.378017687588), np.float64(33.074514152268925), np.float64(0.30907290999311954), np.float64(0.006804047795091583)), 25: (np.float64(82.1715876), np.float64(0.8873638050406967), np.float64(574.62), np.float64(9.179098449046215), np.float64(0.0006244842484886437), np.float64(0.0), np.float64(82.51287920242176), np.float64(9.176484006271597), np.float64(0.31233556519728156), np.float64(0.004221375038130979)), 30: (np.float64(67.717235), np.float64(0.8869948563956651), np.float64(574.62), np.float64(4.302371251760635), np.float64(0.0004984856653480437), np.float64(0.0), np.float64(68.04132765722461), np.float64(4.300307994818683), np.float64(0.3011802247958258), np.float64(0.011244901483958627)), 35: (np.float64(57.7185824), np.float64(0.8870055901973822), np.float64(574.62), np.float64(13.961525964373113), np.float64(0.0005707399201989005), np.float64(0.0), np.float64(58.02554654555861), np.float64(13.963091014441941), np.float64(0.28664236480835825), np.float64(0.00482356880878231)), 40: (np.float64(33.9872874), np.float64(0.8884048781434426), np.float64(575.92), np.float64(13.952473109006341), np.float64(0.0019611145496698425), np.float64(2.6), np.float64(34.29713813080453), np.float64(13.957589509625064), np.float64(0.2915193546330556), np.float64(0.013013819339803577)), 45: (np.float64(27.134321999999997), np.float64(0.8881676151234805), np.float64(575.92), np.float64(8.140845613830127), np.float64(0.0019265227058351908), np.float64(2.6), np.float64(27.4387458344223), np.float64(8.140085337129898), np.float64(0.2857396028004587), np.float64(0.002122175845370395)), 50: (np.float64(14.291175199999998), np.float64(0.8883728735711219), np.float64(575.92), np.float64(3.2891334330337156), np.float64(0.0017990710733284485), np.float64(2.6), np.float64(14.59693557464052), np.float64(3.294866580647622), np.float64(0.28929432118311527), np.float64(0.007141693943399422)), 55: (np.float64(9.7806438), np.float64(0.8906936948651263), np.float64(577.8039999999999), np.float64(3.220433200154004), np.float64(0.0026908237922996605), np.float64(4.0074211158798745), np.float64(10.085317734372802), np.float64(3.223274228585388), np.float64(0.28901981059461834), np.float64(0.004228496909805943)), 60: (np.float64(4.156214), np.float64(0.8880776402141105), np.float64(574.62), np.float64(0.8100807097510714), np.float64(0.0009029724697113868), np.float64(0.0), np.float64(4.459280111198313), np.float64(0.8109590480520551), np.float64(0.2901620962191373), np.float64(0.0027461226151755105)), 65: (np.float64(2.9625133999999997), np.float64(0.8898586831541502), np.float64(576.5039999999999), np.float64(0.5704696261518575), np.float64(0.002967895065286041), np.float64(3.7679999999999834), np.float64(3.261628899234347), np.float64(0.5758913933587072), np.float64(0.2875917482189834), np.float64(0.007825880185865155)), 70: (np.float64(2.6126899999999997), np.float64(0.8902799335737246), np.float64(577.804), np.float64(1.020823881667156), np.float64(0.003285042190625961), np.float64(4.0074211158798745), np.float64(2.908883219351992), np.float64(1.0209029229604192), np.float64(0.285565992561169), np.float64(0.003660022120941495))}
Saved MIP solve time plot in experiments/edge_reduction/sweeps/assembly_1_np_4/lambda_0.9/plots/MIP_solve_time_num_phases_4.svg
2026-07-02 21:23:10.455 | INFO     | __main__:<module>:250 - Running plot_speedup_vs_max_length_lost
Saved speedup_vs_weld_len_degr plot in experiments/edge_reduction/sweeps/assembly_1_np_4/lambda_0.9/plots/speedup_vs_weld_len_degr_num_phases_4.svg
2026-07-02 21:23:10.570 | INFO     | __main__:<module>:253 - Running plot_average_max_time
Saved Max welding length [mm] plot in experiments/edge_reduction/sweeps/assembly_1_np_4/lambda_0.9/plots/Max_welding_length_[mm]_num_phases_4.svg

----------------- λ = 1.0 -----------------
2026-07-02 20:07:47.085 | INFO     | __main__:<module>:193 - Running /home/md/Work/PyCAALP/experiments/edge_reduction/run.py
2026-07-02 20:07:47.085 | INFO     | __main__:<module>:194 - ASSEMBLY_FNAME='data/assembly_1/assembly_1_parts.json'
2026-07-02 20:07:47.085 | INFO     | __main__:<module>:197 - NUM_PHASES=4
2026-07-02 20:07:47.085 | INFO     | __main__:<module>:198 - RES_FNAME='experiments/edge_reduction/sweeps/assembly_1_np_4/lambda_1.0/res.pkl'
2026-07-02 20:07:47.085 | INFO     | experiments.edge_reduction.scripts.combination_runs:run_full_edge_reduction_change:98 - Running test with: red_perc=0
2026-07-02 20:07:47.089 | INFO     | pycaalp.gapp.assembly_digraph:compute_assembly_digraph_complete:395 - Computing assembly digraph...
2026-07-02 20:07:47.408 | INFO     | pycaalp.time_balancing.model:run_mip:430 - Running MIP solver ...
2026-07-02 20:11:52.899 | INFO     | experiments.edge_reduction.scripts.combination_runs:run_full_edge_reduction_change:98 - Running test with: red_perc=5
2026-07-02 20:11:52.907 | INFO     | pycaalp.gapp.assembly_digraph:compute_assembly_digraph_complete:395 - Computing assembly digraph...
2026-07-02 20:11:53.504 | INFO     | pycaalp.time_balancing.model:run_mip:430 - Running MIP solver ...
2026-07-02 20:14:43.773 | INFO     | pycaalp.gapp.assembly_digraph:compute_assembly_digraph_complete:395 - Computing assembly digraph...
2026-07-02 20:14:44.286 | INFO     | pycaalp.time_balancing.model:run_mip:430 - Running MIP solver ...
2026-07-02 20:18:10.076 | INFO     | pycaalp.gapp.assembly_digraph:compute_assembly_digraph_complete:395 - Computing assembly digraph...
2026-07-02 20:18:10.543 | INFO     | pycaalp.time_balancing.model:run_mip:430 - Running MIP solver ...
2026-07-02 20:21:50.780 | INFO     | pycaalp.gapp.assembly_digraph:compute_assembly_digraph_complete:395 - Computing assembly digraph...
2026-07-02 20:21:51.233 | INFO     | pycaalp.time_balancing.model:run_mip:430 - Running MIP solver ...
2026-07-02 20:24:56.389 | INFO     | pycaalp.gapp.assembly_digraph:compute_assembly_digraph_complete:395 - Computing assembly digraph...
2026-07-02 20:24:56.756 | INFO     | pycaalp.time_balancing.model:run_mip:430 - Running MIP solver ...
2026-07-02 20:27:01.466 | INFO     | experiments.edge_reduction.scripts.combination_runs:run_full_edge_reduction_change:98 - Running test with: red_perc=10
2026-07-02 20:27:01.470 | INFO     | pycaalp.gapp.assembly_digraph:compute_assembly_digraph_complete:395 - Computing assembly digraph...
2026-07-02 20:27:01.837 | INFO     | pycaalp.time_balancing.model:run_mip:430 - Running MIP solver ...
2026-07-02 20:29:20.288 | INFO     | pycaalp.gapp.assembly_digraph:compute_assembly_digraph_complete:395 - Computing assembly digraph...
2026-07-02 20:29:20.660 | INFO     | pycaalp.time_balancing.model:run_mip:430 - Running MIP solver ...
2026-07-02 20:31:12.141 | INFO     | pycaalp.gapp.assembly_digraph:compute_assembly_digraph_complete:395 - Computing assembly digraph...
2026-07-02 20:31:12.490 | INFO     | pycaalp.time_balancing.model:run_mip:430 - Running MIP solver ...
2026-07-02 20:32:33.183 | INFO     | pycaalp.gapp.assembly_digraph:compute_assembly_digraph_complete:395 - Computing assembly digraph...
2026-07-02 20:32:33.525 | INFO     | pycaalp.time_balancing.model:run_mip:430 - Running MIP solver ...
2026-07-02 20:33:58.830 | INFO     | pycaalp.gapp.assembly_digraph:compute_assembly_digraph_complete:395 - Computing assembly digraph...
2026-07-02 20:33:59.193 | INFO     | pycaalp.time_balancing.model:run_mip:430 - Running MIP solver ...
2026-07-02 20:37:02.397 | INFO     | experiments.edge_reduction.scripts.combination_runs:run_full_edge_reduction_change:98 - Running test with: red_perc=15
2026-07-02 20:37:02.400 | INFO     | pycaalp.gapp.assembly_digraph:compute_assembly_digraph_complete:395 - Computing assembly digraph...
2026-07-02 20:37:02.744 | INFO     | pycaalp.time_balancing.model:run_mip:430 - Running MIP solver ...
2026-07-02 20:38:59.956 | INFO     | pycaalp.gapp.assembly_digraph:compute_assembly_digraph_complete:395 - Computing assembly digraph...
2026-07-02 20:39:00.309 | INFO     | pycaalp.time_balancing.model:run_mip:430 - Running MIP solver ...
2026-07-02 20:40:01.906 | INFO     | pycaalp.gapp.assembly_digraph:compute_assembly_digraph_complete:395 - Computing assembly digraph...
2026-07-02 20:40:02.249 | INFO     | pycaalp.time_balancing.model:run_mip:430 - Running MIP solver ...
2026-07-02 20:41:40.030 | INFO     | pycaalp.gapp.assembly_digraph:compute_assembly_digraph_complete:395 - Computing assembly digraph...
2026-07-02 20:41:40.360 | INFO     | pycaalp.time_balancing.model:run_mip:430 - Running MIP solver ...
2026-07-02 20:43:32.308 | INFO     | pycaalp.gapp.assembly_digraph:compute_assembly_digraph_complete:395 - Computing assembly digraph...
2026-07-02 20:43:32.641 | INFO     | pycaalp.time_balancing.model:run_mip:430 - Running MIP solver ...
2026-07-02 20:44:07.822 | INFO     | experiments.edge_reduction.scripts.combination_runs:run_full_edge_reduction_change:98 - Running test with: red_perc=20
2026-07-02 20:44:07.825 | INFO     | pycaalp.gapp.assembly_digraph:compute_assembly_digraph_complete:395 - Computing assembly digraph...
2026-07-02 20:44:08.130 | INFO     | pycaalp.time_balancing.model:run_mip:430 - Running MIP solver ...
2026-07-02 20:45:52.082 | INFO     | pycaalp.gapp.assembly_digraph:compute_assembly_digraph_complete:395 - Computing assembly digraph...
2026-07-02 20:45:52.391 | INFO     | pycaalp.time_balancing.model:run_mip:430 - Running MIP solver ...
2026-07-02 20:47:04.766 | INFO     | pycaalp.gapp.assembly_digraph:compute_assembly_digraph_complete:395 - Computing assembly digraph...
2026-07-02 20:47:05.071 | INFO     | pycaalp.time_balancing.model:run_mip:430 - Running MIP solver ...
2026-07-02 20:48:06.283 | INFO     | pycaalp.gapp.assembly_digraph:compute_assembly_digraph_complete:395 - Computing assembly digraph...
2026-07-02 20:48:06.587 | INFO     | pycaalp.time_balancing.model:run_mip:430 - Running MIP solver ...
2026-07-02 20:49:20.896 | INFO     | pycaalp.gapp.assembly_digraph:compute_assembly_digraph_complete:395 - Computing assembly digraph...
2026-07-02 20:49:21.198 | INFO     | pycaalp.time_balancing.model:run_mip:430 - Running MIP solver ...
2026-07-02 20:49:56.971 | INFO     | experiments.edge_reduction.scripts.combination_runs:run_full_edge_reduction_change:98 - Running test with: red_perc=25
2026-07-02 20:49:56.975 | INFO     | pycaalp.gapp.assembly_digraph:compute_assembly_digraph_complete:395 - Computing assembly digraph...
2026-07-02 20:49:57.281 | INFO     | pycaalp.time_balancing.model:run_mip:430 - Running MIP solver ...
2026-07-02 20:50:58.873 | INFO     | pycaalp.gapp.assembly_digraph:compute_assembly_digraph_complete:395 - Computing assembly digraph...
2026-07-02 20:50:59.175 | INFO     | pycaalp.time_balancing.model:run_mip:430 - Running MIP solver ...
2026-07-02 20:51:27.518 | INFO     | pycaalp.gapp.assembly_digraph:compute_assembly_digraph_complete:395 - Computing assembly digraph...
2026-07-02 20:51:27.823 | INFO     | pycaalp.time_balancing.model:run_mip:430 - Running MIP solver ...
2026-07-02 20:52:04.140 | INFO     | pycaalp.gapp.assembly_digraph:compute_assembly_digraph_complete:395 - Computing assembly digraph...
2026-07-02 20:52:04.448 | INFO     | pycaalp.time_balancing.model:run_mip:430 - Running MIP solver ...
2026-07-02 20:53:26.584 | INFO     | pycaalp.gapp.assembly_digraph:compute_assembly_digraph_complete:395 - Computing assembly digraph...
2026-07-02 20:53:26.895 | INFO     | pycaalp.time_balancing.model:run_mip:430 - Running MIP solver ...
2026-07-02 20:54:17.046 | INFO     | experiments.edge_reduction.scripts.combination_runs:run_full_edge_reduction_change:98 - Running test with: red_perc=30
2026-07-02 20:54:17.049 | INFO     | pycaalp.gapp.assembly_digraph:compute_assembly_digraph_complete:395 - Computing assembly digraph...
2026-07-02 20:54:17.359 | INFO     | pycaalp.time_balancing.model:run_mip:430 - Running MIP solver ...
2026-07-02 20:55:05.920 | INFO     | pycaalp.gapp.assembly_digraph:compute_assembly_digraph_complete:395 - Computing assembly digraph...
2026-07-02 20:55:06.224 | INFO     | pycaalp.time_balancing.model:run_mip:430 - Running MIP solver ...
2026-07-02 20:55:35.637 | INFO     | pycaalp.gapp.assembly_digraph:compute_assembly_digraph_complete:395 - Computing assembly digraph...
2026-07-02 20:55:35.944 | INFO     | pycaalp.time_balancing.model:run_mip:430 - Running MIP solver ...
2026-07-02 20:56:33.700 | INFO     | pycaalp.gapp.assembly_digraph:compute_assembly_digraph_complete:395 - Computing assembly digraph...
2026-07-02 20:56:33.998 | INFO     | pycaalp.time_balancing.model:run_mip:430 - Running MIP solver ...
2026-07-02 20:57:26.201 | INFO     | pycaalp.gapp.assembly_digraph:compute_assembly_digraph_complete:395 - Computing assembly digraph...
2026-07-02 20:57:26.502 | INFO     | pycaalp.time_balancing.model:run_mip:430 - Running MIP solver ...
2026-07-02 20:58:03.027 | INFO     | experiments.edge_reduction.scripts.combination_runs:run_full_edge_reduction_change:98 - Running test with: red_perc=35
2026-07-02 20:58:03.031 | INFO     | pycaalp.gapp.assembly_digraph:compute_assembly_digraph_complete:395 - Computing assembly digraph...
2026-07-02 20:58:03.332 | INFO     | pycaalp.time_balancing.model:run_mip:430 - Running MIP solver ...
2026-07-02 20:58:20.643 | INFO     | pycaalp.gapp.assembly_digraph:compute_assembly_digraph_complete:395 - Computing assembly digraph...
2026-07-02 20:58:20.947 | INFO     | pycaalp.time_balancing.model:run_mip:430 - Running MIP solver ...
2026-07-02 20:58:46.253 | INFO     | pycaalp.gapp.assembly_digraph:compute_assembly_digraph_complete:395 - Computing assembly digraph...
2026-07-02 20:58:46.560 | INFO     | pycaalp.time_balancing.model:run_mip:430 - Running MIP solver ...
2026-07-02 20:59:23.542 | INFO     | pycaalp.gapp.assembly_digraph:compute_assembly_digraph_complete:395 - Computing assembly digraph...
2026-07-02 20:59:23.846 | INFO     | pycaalp.time_balancing.model:run_mip:430 - Running MIP solver ...
2026-07-02 20:59:49.620 | INFO     | pycaalp.gapp.assembly_digraph:compute_assembly_digraph_complete:395 - Computing assembly digraph...
2026-07-02 20:59:49.925 | INFO     | pycaalp.time_balancing.model:run_mip:430 - Running MIP solver ...
2026-07-02 21:00:22.876 | INFO     | experiments.edge_reduction.scripts.combination_runs:run_full_edge_reduction_change:98 - Running test with: red_perc=40
2026-07-02 21:00:22.879 | INFO     | pycaalp.gapp.assembly_digraph:compute_assembly_digraph_complete:395 - Computing assembly digraph...
2026-07-02 21:00:23.185 | INFO     | pycaalp.time_balancing.model:run_mip:430 - Running MIP solver ...
2026-07-02 21:00:45.189 | INFO     | pycaalp.gapp.assembly_digraph:compute_assembly_digraph_complete:395 - Computing assembly digraph...
2026-07-02 21:00:45.495 | INFO     | pycaalp.time_balancing.model:run_mip:430 - Running MIP solver ...
2026-07-02 21:01:14.550 | INFO     | pycaalp.gapp.assembly_digraph:compute_assembly_digraph_complete:395 - Computing assembly digraph...
2026-07-02 21:01:14.850 | INFO     | pycaalp.time_balancing.model:run_mip:430 - Running MIP solver ...
2026-07-02 21:01:38.357 | INFO     | pycaalp.gapp.assembly_digraph:compute_assembly_digraph_complete:395 - Computing assembly digraph...
2026-07-02 21:01:38.674 | INFO     | pycaalp.time_balancing.model:run_mip:430 - Running MIP solver ...
2026-07-02 21:02:02.897 | INFO     | pycaalp.gapp.assembly_digraph:compute_assembly_digraph_complete:395 - Computing assembly digraph...
2026-07-02 21:02:03.205 | INFO     | pycaalp.time_balancing.model:run_mip:430 - Running MIP solver ...
2026-07-02 21:02:20.870 | INFO     | experiments.edge_reduction.scripts.combination_runs:run_full_edge_reduction_change:98 - Running test with: red_perc=45
2026-07-02 21:02:20.873 | INFO     | pycaalp.gapp.assembly_digraph:compute_assembly_digraph_complete:395 - Computing assembly digraph...
2026-07-02 21:02:21.178 | INFO     | pycaalp.time_balancing.model:run_mip:430 - Running MIP solver ...
2026-07-02 21:02:35.524 | INFO     | pycaalp.gapp.assembly_digraph:compute_assembly_digraph_complete:395 - Computing assembly digraph...
2026-07-02 21:02:35.835 | INFO     | pycaalp.time_balancing.model:run_mip:430 - Running MIP solver ...
2026-07-02 21:02:51.928 | INFO     | pycaalp.gapp.assembly_digraph:compute_assembly_digraph_complete:395 - Computing assembly digraph...
2026-07-02 21:02:52.234 | INFO     | pycaalp.time_balancing.model:run_mip:430 - Running MIP solver ...
2026-07-02 21:03:05.234 | INFO     | pycaalp.gapp.assembly_digraph:compute_assembly_digraph_complete:395 - Computing assembly digraph...
2026-07-02 21:03:05.559 | INFO     | pycaalp.time_balancing.model:run_mip:430 - Running MIP solver ...
2026-07-02 21:03:23.980 | INFO     | pycaalp.gapp.assembly_digraph:compute_assembly_digraph_complete:395 - Computing assembly digraph...
2026-07-02 21:03:24.284 | INFO     | pycaalp.time_balancing.model:run_mip:430 - Running MIP solver ...
2026-07-02 21:03:35.363 | INFO     | experiments.edge_reduction.scripts.combination_runs:run_full_edge_reduction_change:98 - Running test with: red_perc=50
2026-07-02 21:03:35.366 | INFO     | pycaalp.gapp.assembly_digraph:compute_assembly_digraph_complete:395 - Computing assembly digraph...
2026-07-02 21:03:35.673 | INFO     | pycaalp.time_balancing.model:run_mip:430 - Running MIP solver ...
2026-07-02 21:03:46.647 | INFO     | pycaalp.gapp.assembly_digraph:compute_assembly_digraph_complete:395 - Computing assembly digraph...
2026-07-02 21:03:46.958 | INFO     | pycaalp.time_balancing.model:run_mip:430 - Running MIP solver ...
2026-07-02 21:03:56.187 | INFO     | pycaalp.gapp.assembly_digraph:compute_assembly_digraph_complete:395 - Computing assembly digraph...
2026-07-02 21:03:56.499 | INFO     | pycaalp.time_balancing.model:run_mip:430 - Running MIP solver ...
2026-07-02 21:04:06.436 | INFO     | pycaalp.gapp.assembly_digraph:compute_assembly_digraph_complete:395 - Computing assembly digraph...
2026-07-02 21:04:06.749 | INFO     | pycaalp.time_balancing.model:run_mip:430 - Running MIP solver ...
2026-07-02 21:04:18.473 | INFO     | pycaalp.gapp.assembly_digraph:compute_assembly_digraph_complete:395 - Computing assembly digraph...
2026-07-02 21:04:18.781 | INFO     | pycaalp.time_balancing.model:run_mip:430 - Running MIP solver ...
2026-07-02 21:04:28.498 | INFO     | experiments.edge_reduction.scripts.combination_runs:run_full_edge_reduction_change:98 - Running test with: red_perc=55
2026-07-02 21:04:28.501 | INFO     | pycaalp.gapp.assembly_digraph:compute_assembly_digraph_complete:395 - Computing assembly digraph...
2026-07-02 21:04:28.816 | INFO     | pycaalp.time_balancing.model:run_mip:430 - Running MIP solver ...
2026-07-02 21:04:33.944 | INFO     | pycaalp.gapp.assembly_digraph:compute_assembly_digraph_complete:395 - Computing assembly digraph...
2026-07-02 21:04:34.259 | INFO     | pycaalp.time_balancing.model:run_mip:430 - Running MIP solver ...
2026-07-02 21:04:39.303 | INFO     | pycaalp.gapp.assembly_digraph:compute_assembly_digraph_complete:395 - Computing assembly digraph...
2026-07-02 21:04:39.605 | INFO     | pycaalp.time_balancing.model:run_mip:430 - Running MIP solver ...
2026-07-02 21:04:46.238 | INFO     | pycaalp.gapp.assembly_digraph:compute_assembly_digraph_complete:395 - Computing assembly digraph...
2026-07-02 21:04:46.560 | INFO     | pycaalp.time_balancing.model:run_mip:430 - Running MIP solver ...
2026-07-02 21:04:53.577 | INFO     | pycaalp.gapp.assembly_digraph:compute_assembly_digraph_complete:395 - Computing assembly digraph...
2026-07-02 21:04:53.885 | INFO     | pycaalp.time_balancing.model:run_mip:430 - Running MIP solver ...
2026-07-02 21:05:03.252 | INFO     | experiments.edge_reduction.scripts.combination_runs:run_full_edge_reduction_change:98 - Running test with: red_perc=60
2026-07-02 21:05:03.255 | INFO     | pycaalp.gapp.assembly_digraph:compute_assembly_digraph_complete:395 - Computing assembly digraph...
2026-07-02 21:05:03.567 | INFO     | pycaalp.time_balancing.model:run_mip:430 - Running MIP solver ...
2026-07-02 21:05:06.137 | INFO     | pycaalp.gapp.assembly_digraph:compute_assembly_digraph_complete:395 - Computing assembly digraph...
2026-07-02 21:05:06.442 | INFO     | pycaalp.time_balancing.model:run_mip:430 - Running MIP solver ...
2026-07-02 21:05:14.149 | INFO     | pycaalp.gapp.assembly_digraph:compute_assembly_digraph_complete:395 - Computing assembly digraph...
2026-07-02 21:05:14.456 | INFO     | pycaalp.time_balancing.model:run_mip:430 - Running MIP solver ...
2026-07-02 21:05:17.418 | INFO     | pycaalp.gapp.assembly_digraph:compute_assembly_digraph_complete:395 - Computing assembly digraph...
2026-07-02 21:05:17.725 | INFO     | pycaalp.time_balancing.model:run_mip:430 - Running MIP solver ...
2026-07-02 21:05:23.176 | INFO     | pycaalp.gapp.assembly_digraph:compute_assembly_digraph_complete:395 - Computing assembly digraph...
2026-07-02 21:05:23.484 | INFO     | pycaalp.time_balancing.model:run_mip:430 - Running MIP solver ...
2026-07-02 21:05:27.371 | INFO     | experiments.edge_reduction.scripts.combination_runs:run_full_edge_reduction_change:98 - Running test with: red_perc=65
2026-07-02 21:05:27.374 | INFO     | pycaalp.gapp.assembly_digraph:compute_assembly_digraph_complete:395 - Computing assembly digraph...
2026-07-02 21:05:27.685 | INFO     | pycaalp.time_balancing.model:run_mip:430 - Running MIP solver ...
2026-07-02 21:05:30.050 | INFO     | pycaalp.gapp.assembly_digraph:compute_assembly_digraph_complete:395 - Computing assembly digraph...
2026-07-02 21:05:30.354 | INFO     | pycaalp.time_balancing.model:run_mip:430 - Running MIP solver ...
2026-07-02 21:05:33.402 | INFO     | pycaalp.gapp.assembly_digraph:compute_assembly_digraph_complete:395 - Computing assembly digraph...
2026-07-02 21:05:33.708 | INFO     | pycaalp.time_balancing.model:run_mip:430 - Running MIP solver ...
2026-07-02 21:05:36.236 | INFO     | pycaalp.gapp.assembly_digraph:compute_assembly_digraph_complete:395 - Computing assembly digraph...
2026-07-02 21:05:36.543 | INFO     | pycaalp.time_balancing.model:run_mip:430 - Running MIP solver ...
2026-07-02 21:05:38.999 | INFO     | pycaalp.gapp.assembly_digraph:compute_assembly_digraph_complete:395 - Computing assembly digraph...
2026-07-02 21:05:39.307 | INFO     | pycaalp.time_balancing.model:run_mip:430 - Running MIP solver ...
2026-07-02 21:05:41.527 | INFO     | experiments.edge_reduction.scripts.combination_runs:run_full_edge_reduction_change:98 - Running test with: red_perc=70
2026-07-02 21:05:41.530 | INFO     | pycaalp.gapp.assembly_digraph:compute_assembly_digraph_complete:395 - Computing assembly digraph...
2026-07-02 21:05:41.828 | INFO     | pycaalp.time_balancing.model:run_mip:430 - Running MIP solver ...
2026-07-02 21:05:42.843 | INFO     | pycaalp.gapp.assembly_digraph:compute_assembly_digraph_complete:395 - Computing assembly digraph...
2026-07-02 21:05:43.144 | INFO     | pycaalp.time_balancing.model:run_mip:430 - Running MIP solver ...
2026-07-02 21:05:45.130 | INFO     | pycaalp.gapp.assembly_digraph:compute_assembly_digraph_complete:395 - Computing assembly digraph...
2026-07-02 21:05:45.430 | INFO     | pycaalp.time_balancing.model:run_mip:430 - Running MIP solver ...
2026-07-02 21:05:47.787 | INFO     | pycaalp.gapp.assembly_digraph:compute_assembly_digraph_complete:395 - Computing assembly digraph...
2026-07-02 21:05:48.088 | INFO     | pycaalp.time_balancing.model:run_mip:430 - Running MIP solver ...
2026-07-02 21:05:50.222 | INFO     | pycaalp.gapp.assembly_digraph:compute_assembly_digraph_complete:395 - Computing assembly digraph...
2026-07-02 21:05:50.530 | INFO     | pycaalp.time_balancing.model:run_mip:430 - Running MIP solver ...
2026-07-02 21:05:52.304 | INFO     | __main__:<module>:240 - Running plot_total_time
{0: (np.float64(245.423156), np.float64(0.8766233504120694), np.float64(567.5), np.float64(0.0), np.float64(0.0), np.float64(0.0), np.float64(245.8128969760146), np.float64(0.0), np.float64(0.3230444780783728), np.float64(0.0)), 5: (np.float64(181.12981159999998), np.float64(0.8779209074417544), np.float64(568.3399999999999), np.float64(33.00725995380699), np.float64(0.00259511405936963), np.float64(1.6800000000000181), np.float64(181.6675468492089), np.float64(33.049685185640946), np.float64(0.4841425808146596), np.float64(0.07692273454998731)), 10: (np.float64(119.76987920000002), np.float64(0.8779209074417544), np.float64(568.3399999999999), np.float64(37.82916269407026), np.float64(0.00259511405936963), np.float64(1.6800000000000181), np.float64(120.16775485156104), np.float64(37.840115070622836), np.float64(0.36248998739756644), np.float64(0.011282183805587896)), 15: (np.float64(84.6896566), np.float64(0.8766233504120695), np.float64(567.5), np.float64(31.477840790497506), np.float64(4.965068306494546e-17), np.float64(0.0), np.float64(85.06676308021414), np.float64(31.47998800275665), np.float64(0.3447336511919275), np.float64(0.007945229960150199)), 20: (np.float64(69.4707946), np.float64(0.880516021501124), np.float64(570.0200000000001), np.float64(22.010863891295397), np.float64(0.0031783526348892165), np.float64(2.057571383937892), np.float64(69.80504411682486), np.float64(22.011967104546805), np.float64(0.30863816402852534), np.float64(0.0026934617055005207)), 25: (np.float64(51.6528172), np.float64(0.8779209074417544), np.float64(568.3399999999999), np.float64(19.02696767877703), np.float64(0.00259511405936963), np.float64(1.6800000000000181), np.float64(51.991050919564444), np.float64(19.025692166952116), np.float64(0.30977217517793176), np.float64(0.0029159374586443785)), 30: (np.float64(44.853307599999994), np.float64(0.8818135785308087), np.float64(570.86), np.float64(10.410960406663134), np.float64(0.00259511405936963), np.float64(1.6800000000000181), np.float64(45.18386067023967), np.float64(10.411612071059904), np.float64(0.30756471960339693), np.float64(0.003942827820592309)), 35: (np.float64(27.620896600000002), np.float64(0.8805160215011238), np.float64(570.0200000000001), np.float64(6.800071103153278), np.float64(0.003178352634889153), np.float64(2.057571383937892), np.float64(27.950224908813833), np.float64(6.8027692479758075), np.float64(0.3075282886158675), np.float64(0.002306664148317824)), 40: (np.float64(23.2451156), np.float64(0.8818135785308087), np.float64(570.86), np.float64(3.6669490986285913), np.float64(0.0025951140593695964), np.float64(1.6800000000000181), np.float64(23.57928753097076), np.float64(3.671837536571412), np.float64(0.3106960283825174), np.float64(0.005555454138213844)), 45: (np.float64(14.550567599999999), np.float64(0.8818135785308087), np.float64(570.86), np.float64(2.5225325696117857), np.float64(0.0025951140593696185), np.float64(1.6800000000000181), np.float64(14.88360861921683), np.float64(2.5300191084068864), np.float64(0.31370537497568873), np.float64(0.008197698219493394)), 50: (np.float64(10.277255400000001), np.float64(0.8831111355604936), np.float64(571.7), np.float64(0.9050181102145086), np.float64(8.599750569898517e-17), np.float64(0.0), np.float64(10.608999372809194), np.float64(0.9050379208742545), np.float64(0.313601064379327), np.float64(0.002292037579606503)), 55: (np.float64(6.606951), np.float64(0.8831111355604936), np.float64(571.7), np.float64(1.5766047293817178), np.float64(0.0), np.float64(0.0), np.float64(6.939499092986807), np.float64(1.5742507269756356), np.float64(0.31587029418442397), np.float64(0.006732929433841445)), 60: (np.float64(4.489445399999999), np.float64(0.8818135785308087), np.float64(570.86), np.float64(1.881095082600728), np.float64(0.002595114059369652), np.float64(1.6800000000000181), np.float64(4.814414701750502), np.float64(1.8799842391040216), np.float64(0.3106864851433784), np.float64(0.0020995805040817227)), 65: (np.float64(2.5001816000000003), np.float64(0.8831111355604936), np.float64(571.7), np.float64(0.28119060313360394), np.float64(8.599750569898517e-17), np.float64(0.0), np.float64(2.822733109816909), np.float64(0.2800038503836722), np.float64(0.3103100288193673), np.float64(0.002018576456758126)), 70: (np.float64(1.8303306), np.float64(0.8831111355604936), np.float64(571.7), np.float64(0.46017142605624706), np.float64(7.021666937153402e-17), np.float64(0.0), np.float64(2.146010988787748), np.float64(0.4610570775671781), np.float64(0.3050579834030941), np.float64(0.0031382512048808904))}
Saved MIP solve time plot in experiments/edge_reduction/sweeps/assembly_1_np_4/lambda_1.0/plots/MIP_solve_time_num_phases_4.svg
2026-07-02 21:05:52.421 | INFO     | __main__:<module>:250 - Running plot_speedup_vs_max_length_lost
Saved speedup_vs_weld_len_degr plot in experiments/edge_reduction/sweeps/assembly_1_np_4/lambda_1.0/plots/speedup_vs_weld_len_degr_num_phases_4.svg
2026-07-02 21:05:52.550 | INFO     | __main__:<module>:253 - Running plot_average_max_time
Saved Max welding length [mm] plot in experiments/edge_reduction/sweeps/assembly_1_np_4/lambda_1.0/plots/Max_welding_length_[mm]_num_phases_4.svg
Combined 11 λ runs (165 rows) -> experiments/edge_reduction/sweeps/assembly_1_np_4/edge_reduction_lambda_sweep.csv
Saved experiments/edge_reduction/sweeps/assembly_1_np_4/plots/lambda_sensitivity_objective.svg
Saved experiments/edge_reduction/sweeps/assembly_1_np_4/plots/lambda_sensitivity_total_time.svg
Saved experiments/edge_reduction/sweeps/assembly_1_np_4/plots/lambda_sensitivity_solve_time.svg
Saved experiments/edge_reduction/sweeps/assembly_1_np_4/plots/lambda_sensitivity_max_phase_time.svg
