instance,num_phases,w_balanced,strategy,weight_attr,k,digraph_nodes,digraph_edges,subgraph_edges,subgraph_pct,digraph_build_s,build_s,solve_s,elapsed_s,speedup_vs_full,objective,obj_vs_full_pct,alpha_abs,vs_full_pct,phase_time_min,phase_time_max,phase_time_std,imbalance_pct,abs_time_per_phase,ops_per_phase,n_ops_total
assembly_1,5,0.1,full_mip,—,,343,1105,1105,100.0,0.319,0.0,17.008,17.008,1.0,0.8452,0.0,487.31,0.0,339.12,487.31,56.09,34.35,"[339.12, 486.92, 442, 487.31, 401.5]","[2, 2, 3, 4, 2]",13
assembly_1,5,0.1,subgraph_mip,edge_weight,1,343,1105,13,1.18,0.319,0.002,0.19,0.192,88.44,0.8453,0.02,495.7,1.72,339.12,495.7,58.841,36.3,"[339.12, 486.92, 442, 393.11, 495.7]","[2, 2, 3, 3, 3]",13
assembly_1,5,0.1,subgraph_mip,time_balanced_weight,1,343,1105,13,1.18,0.319,0.001,0.392,0.393,43.25,1.1889,40.67,514.33,5.54,332,514.33,67.976,42.27,"[486.92, 332, 514.33, 376.48, 447.12]","[2, 2, 3, 3, 3]",13
assembly_1,5,0.1,subgraph_mip,combined,1,343,1105,26,2.35,0.319,0.001,0.57,0.571,29.76,0.8453,0.02,495.7,1.72,339.12,495.7,58.841,36.3,"[339.12, 486.92, 442, 393.11, 495.7]","[2, 2, 3, 3, 3]",13
assembly_1,5,0.1,subgraph_mip,blended,1,343,1105,13,1.18,0.319,0.001,0.299,0.3,56.73,0.8742,3.43,460.63,-5.47,401.5,460.63,22.104,13.71,"[436.68, 410.92, 460.63, 401.5, 447.12]","[3, 2, 3, 2, 3]",13
assembly_1,5,0.1,subgraph_mip,blended_union,1,343,1105,35,3.17,0.319,0.018,0.663,0.681,24.97,0.8453,0.02,495.7,1.72,339.12,495.7,58.841,36.3,"[339.12, 486.92, 442, 393.11, 495.7]","[2, 2, 3, 3, 3]",13
assembly_1,5,0.1,subgraph_mip,diverse,1,343,1105,13,1.18,0.319,0.008,0.261,0.268,63.44,0.8742,3.43,460.63,-5.47,401.5,460.63,22.104,13.71,"[436.68, 410.92, 460.63, 401.5, 447.12]","[3, 2, 3, 2, 3]",13
assembly_1,5,0.1,subgraph_mip,edge_weight,2,343,1105,15,1.36,0.319,0.004,0.575,0.579,29.38,0.8453,0.02,495.7,1.72,339.12,495.7,58.841,36.3,"[339.12, 486.92, 442, 393.11, 495.7]","[2, 2, 3, 3, 3]",13
assembly_1,5,0.1,subgraph_mip,time_balanced_weight,2,343,1105,15,1.36,0.319,0.005,0.47,0.475,35.84,1.1802,39.64,514.33,5.54,332,514.33,74.219,42.27,"[486.92, 332, 514.33, 470.68, 352.92]","[2, 2, 3, 4, 2]",13
assembly_1,5,0.1,subgraph_mip,combined,2,343,1105,30,2.71,0.319,0.011,1.074,1.085,15.68,0.8453,0.02,495.7,1.72,339.12,495.7,58.841,36.3,"[339.12, 486.92, 442, 393.11, 495.7]","[2, 2, 3, 3, 3]",13
assembly_1,5,0.1,subgraph_mip,blended,2,343,1105,15,1.36,0.319,0.008,0.194,0.203,83.98,0.8742,3.43,460.63,-5.47,401.5,460.63,22.104,13.71,"[436.68, 410.92, 460.63, 401.5, 447.12]","[3, 2, 3, 2, 3]",13
assembly_1,5,0.1,subgraph_mip,blended_union,2,343,1105,40,3.62,0.319,0.041,0.905,0.946,17.97,0.8453,0.02,495.7,1.72,339.12,495.7,58.841,36.3,"[339.12, 486.92, 442, 393.11, 495.7]","[2, 2, 3, 3, 3]",13
assembly_1,5,0.1,subgraph_mip,diverse,2,343,1105,26,2.35,0.319,0.005,0.948,0.952,17.86,0.8742,3.43,460.63,-5.47,401.5,460.63,22.104,13.71,"[436.68, 410.92, 460.63, 401.5, 447.12]","[3, 2, 3, 2, 3]",13
assembly_1,5,0.1,subgraph_mip,edge_weight,5,343,1105,21,1.9,0.319,0.012,0.741,0.753,22.58,0.8453,0.02,495.7,1.72,339.12,495.7,58.841,36.3,"[339.12, 486.92, 442, 393.11, 495.7]","[2, 2, 3, 3, 3]",13
assembly_1,5,0.1,subgraph_mip,time_balanced_weight,5,343,1105,36,3.26,0.319,0.017,0.333,0.35,48.58,1.1549,36.64,486.92,-0.08,350.63,486.92,47.926,31.59,"[486.92, 410.92, 350.63, 439.7, 468.68]","[2, 2, 2, 3, 4]",13
assembly_1,5,0.1,subgraph_mip,combined,5,343,1105,57,5.16,0.319,0.028,1.206,1.234,13.78,0.8453,0.02,495.7,1.72,339.12,495.7,58.841,36.3,"[339.12, 486.92, 442, 393.11, 495.7]","[2, 2, 3, 3, 3]",13
assembly_1,5,0.1,subgraph_mip,blended,5,343,1105,24,2.17,0.319,0.013,0.736,0.749,22.7,0.8742,3.43,460.63,-5.47,401.5,460.63,22.104,13.71,"[436.68, 410.92, 460.63, 401.5, 447.12]","[3, 2, 3, 2, 3]",13
assembly_1,5,0.1,subgraph_mip,blended_union,5,343,1105,54,4.89,0.319,0.076,0.892,0.968,17.57,0.8453,0.02,495.7,1.72,339.12,495.7,58.841,36.3,"[339.12, 486.92, 442, 393.11, 495.7]","[2, 2, 3, 3, 3]",13
assembly_1,5,0.1,subgraph_mip,diverse,5,343,1105,65,5.88,0.319,0.011,0.97,0.981,17.34,0.8742,3.43,460.63,-5.47,401.5,460.63,22.104,13.71,"[436.68, 410.92, 460.63, 401.5, 447.12]","[3, 2, 3, 2, 3]",13
assembly_1,5,0.1,subgraph_mip,edge_weight,10,343,1105,24,2.17,0.319,0.049,0.843,0.892,19.07,0.8453,0.02,495.7,1.72,339.12,495.7,58.841,36.3,"[339.12, 486.92, 442, 393.11, 495.7]","[2, 2, 3, 3, 3]",13
assembly_1,5,0.1,subgraph_mip,time_balanced_weight,10,343,1105,48,4.34,0.319,0.038,1.863,1.901,8.95,1.1515,36.25,486.92,-0.08,360.68,486.92,41.401,29.26,"[486.92, 442, 420.13, 360.68, 447.12]","[2, 3, 2, 3, 3]",13
assembly_1,5,0.1,subgraph_mip,combined,10,343,1105,72,6.52,0.319,0.106,1.351,1.458,11.67,0.8453,0.02,495.7,1.72,339.12,495.7,58.841,36.3,"[339.12, 486.92, 442, 393.11, 495.7]","[2, 2, 3, 3, 3]",13
assembly_1,5,0.1,subgraph_mip,blended,10,343,1105,33,2.99,0.319,0.027,1.187,1.214,14.01,0.8674,2.63,462.92,-5.01,401.5,462.92,22.429,14.24,"[436.68, 410.92, 462.92, 444.83, 401.5]","[3, 2, 3, 3, 2]",13
assembly_1,5,0.1,subgraph_mip,blended_union,10,343,1105,63,5.7,0.319,0.096,2.541,2.637,6.45,0.8453,0.02,495.7,1.72,339.12,495.7,58.841,36.3,"[339.12, 486.92, 442, 393.11, 495.7]","[2, 2, 3, 3, 3]",13
assembly_1,5,0.1,subgraph_mip,diverse,10,343,1105,126,11.4,0.319,0.014,1.939,1.953,8.71,0.868,2.7,502.2,3.06,350.63,502.2,66.339,35.14,"[502.2, 354.92, 453.4, 350.63, 495.7]","[3, 2, 3, 2, 3]",13
assembly_1,5,0.1,subgraph_mip,edge_weight,20,343,1105,35,3.17,0.319,0.146,1.497,1.643,10.35,0.8452,-0.0,487.31,0.0,339.12,487.31,56.09,34.35,"[339.12, 486.92, 442, 487.31, 401.5]","[2, 2, 3, 4, 2]",13
assembly_1,5,0.1,subgraph_mip,time_balanced_weight,20,343,1105,64,5.79,0.319,0.116,1.601,1.717,9.91,1.1281,33.48,489.84,0.52,350.63,489.84,48.878,32.27,"[489.84, 408, 350.63, 439.7, 468.68]","[2, 2, 2, 3, 4]",13
assembly_1,5,0.1,subgraph_mip,combined,20,343,1105,99,8.96,0.319,0.244,1.585,1.829,9.3,0.8452,-0.0,487.31,0.0,339.12,487.31,56.09,34.35,"[339.12, 486.92, 442, 487.31, 401.5]","[2, 2, 3, 4, 2]",13
assembly_1,5,0.1,subgraph_mip,blended,20,343,1105,40,3.62,0.319,0.108,0.375,0.482,35.26,0.8674,2.63,462.92,-5.01,401.5,462.92,22.429,14.24,"[436.68, 410.92, 462.92, 444.83, 401.5]","[3, 2, 3, 3, 2]",13
assembly_1,5,0.1,subgraph_mip,blended_union,20,343,1105,86,7.78,0.319,0.329,5.152,5.481,3.1,0.8452,-0.0,487.31,0.0,339.12,487.31,56.09,34.35,"[339.12, 486.92, 442, 487.31, 401.5]","[2, 2, 3, 4, 2]",13
assembly_1,5,0.1,subgraph_mip,diverse,20,343,1105,239,21.63,0.319,0.035,2.617,2.652,6.41,0.8458,0.07,486.92,-0.08,339.12,486.92,55.66,34.26,"[339.12, 486.92, 484.48, 444.83, 401.5]","[2, 2, 4, 3, 2]",13
assembly_1,5,0.1,subgraph_mip,edge_weight,50,343,1105,54,4.89,0.319,0.2,1.217,1.418,12.0,0.8452,0.0,487.31,0.0,339.12,487.31,56.09,34.35,"[339.12, 486.92, 442, 487.31, 401.5]","[2, 2, 3, 4, 2]",13
assembly_1,5,0.1,subgraph_mip,time_balanced_weight,50,343,1105,119,10.77,0.319,0.25,1.267,1.517,11.21,1.1074,31.03,489.84,0.52,329.7,489.84,57.532,37.12,"[489.84, 408, 460.63, 329.7, 468.68]","[2, 2, 3, 2, 4]",13
assembly_1,5,0.1,subgraph_mip,combined,50,343,1105,171,15.48,0.319,0.883,2.644,3.527,4.82,0.8452,0.0,487.31,0.0,339.12,487.31,56.09,34.35,"[339.12, 486.92, 442, 487.31, 401.5]","[2, 2, 3, 4, 2]",13
assembly_1,5,0.1,subgraph_mip,blended,50,343,1105,51,4.62,0.319,0.305,1.496,1.801,9.44,0.8674,2.63,462.92,-5.01,401.5,462.92,22.429,14.24,"[436.68, 410.92, 462.92, 444.83, 401.5]","[3, 2, 3, 3, 2]",13
assembly_1,5,0.1,subgraph_mip,blended_union,50,343,1105,119,10.77,0.319,0.491,2.31,2.801,6.07,0.8452,0.0,487.31,0.0,339.12,487.31,56.09,34.35,"[339.12, 486.92, 442, 487.31, 401.5]","[2, 2, 3, 4, 2]",13
assembly_1,5,0.1,subgraph_mip,diverse,50,343,1105,512,46.33,0.319,0.036,6.164,6.201,2.74,0.8458,0.07,486.92,-0.08,339.12,486.92,55.66,34.26,"[339.12, 486.92, 484.48, 444.83, 401.5]","[2, 2, 4, 3, 2]",13
assembly_1,5,0.1,subgraph_mip,edge_weight,100,343,1105,78,7.06,0.319,0.347,2.5,2.847,5.97,0.8452,0.0,487.31,0.0,339.12,487.31,56.09,34.35,"[339.12, 486.92, 442, 487.31, 401.5]","[2, 2, 3, 4, 2]",13
assembly_1,5,0.1,subgraph_mip,time_balanced_weight,100,343,1105,170,15.38,0.319,0.48,3.277,3.757,4.53,1.0461,23.77,502.2,3.06,274,502.2,81.97,52.9,"[489.84, 502.2, 444.83, 445.98, 274]","[2, 3, 3, 3, 2]",13
assembly_1,5,0.1,subgraph_mip,combined,100,343,1105,241,21.81,0.319,0.924,3.732,4.656,3.65,0.8452,0.0,487.31,0.0,339.12,487.31,56.09,34.35,"[339.12, 486.92, 442, 487.31, 401.5]","[2, 2, 3, 4, 2]",13
assembly_1,5,0.1,subgraph_mip,blended,100,343,1105,76,6.88,0.319,0.391,1.348,1.739,9.78,0.8674,2.63,462.92,-5.01,401.5,462.92,22.429,14.24,"[436.68, 410.92, 462.92, 444.83, 401.5]","[3, 2, 3, 3, 2]",13
assembly_1,5,0.1,subgraph_mip,blended_union,100,343,1105,160,14.48,0.319,1.207,3.123,4.33,3.93,0.8452,0.0,487.31,0.0,339.12,487.31,56.09,34.35,"[339.12, 486.92, 442, 487.31, 401.5]","[2, 2, 3, 4, 2]",13
assembly_1,5,0.1,subgraph_mip,diverse,100,343,1105,747,67.6,0.319,0.134,7.245,7.379,2.3,0.8458,0.07,486.92,-0.08,339.12,486.92,55.66,34.26,"[339.12, 486.92, 484.48, 444.83, 401.5]","[2, 2, 4, 3, 2]",13
assembly_1,5,0.1,subgraph_mip,edge_weight,200,343,1105,95,8.6,0.319,0.718,1.284,2.002,8.5,0.8452,0.0,487.31,0.0,339.12,487.31,56.09,34.35,"[339.12, 486.92, 442, 487.31, 401.5]","[2, 2, 3, 4, 2]",13
assembly_1,5,0.1,subgraph_mip,time_balanced_weight,200,343,1105,211,19.1,0.319,1.024,1.92,2.944,5.78,1.0461,23.77,502.2,3.06,274,502.2,81.97,52.9,"[489.84, 502.2, 444.83, 445.98, 274]","[2, 3, 3, 3, 2]",13
assembly_1,5,0.1,subgraph_mip,combined,200,343,1105,295,26.7,0.319,1.727,3.113,4.84,3.51,0.8452,-0.0,487.31,0.0,339.12,487.31,56.09,34.35,"[339.12, 486.92, 442, 487.31, 401.5]","[2, 2, 3, 4, 2]",13
assembly_1,5,0.1,subgraph_mip,blended,200,343,1105,109,9.86,0.319,0.794,2.233,3.028,5.62,0.8666,2.53,502.2,3.06,352.92,502.2,65.641,34.61,"[502.2, 354.92, 352.92, 451.11, 495.7]","[3, 2, 2, 3, 3]",13
assembly_1,5,0.1,subgraph_mip,blended_union,200,343,1105,217,19.64,0.319,2.382,6.47,8.852,1.92,0.8452,0.0,487.31,0.0,339.12,487.31,56.09,34.35,"[339.12, 486.92, 442, 487.31, 401.5]","[2, 2, 3, 4, 2]",13
assembly_1,5,0.1,subgraph_mip,diverse,200,343,1105,912,82.53,0.319,0.217,35.664,35.88,0.47,0.8454,0.02,487.31,0.0,339.12,487.31,56.09,34.35,"[339.12, 486.92, 442, 487.31, 401.5]","[2, 2, 3, 4, 2]",13
assembly_1,5,0.1,subgraph_mip,edge_weight,500,343,1105,108,9.77,0.319,1.686,2.458,4.143,4.1,0.8452,0.0,487.31,0.0,339.12,487.31,56.09,34.35,"[339.12, 486.92, 442, 487.31, 401.5]","[2, 2, 3, 4, 2]",13
assembly_1,5,0.1,subgraph_mip,time_balanced_weight,500,343,1105,343,31.04,0.319,2.076,3.623,5.699,2.98,0.9946,17.68,487.31,0.0,339.12,487.31,56.09,34.35,"[339.12, 486.92, 442, 487.31, 401.5]","[2, 2, 3, 4, 2]",13
assembly_1,5,0.1,subgraph_mip,combined,500,343,1105,420,38.01,0.319,4.062,7.935,11.997,1.42,0.8452,0.0,487.31,0.0,339.12,487.31,56.09,34.35,"[339.12, 486.92, 442, 487.31, 401.5]","[2, 2, 3, 4, 2]",13
assembly_1,5,0.1,subgraph_mip,blended,500,343,1105,178,16.11,0.319,1.83,3.43,5.26,3.23,0.8452,-0.0,487.31,0.0,339.12,487.31,56.09,34.35,"[339.12, 486.92, 442, 487.31, 401.5]","[2, 2, 3, 4, 2]",13
assembly_1,5,0.1,subgraph_mip,blended_union,500,343,1105,248,22.44,0.319,5.911,4.824,10.735,1.58,0.8452,0.0,487.31,0.0,339.12,487.31,56.09,34.35,"[339.12, 486.92, 442, 487.31, 401.5]","[2, 2, 3, 4, 2]",13
assembly_1,5,0.1,subgraph_mip,diverse,500,343,1105,1036,93.76,0.319,0.532,12.735,13.266,1.28,0.8454,0.02,487.31,0.0,339.12,487.31,56.09,34.35,"[339.12, 486.92, 442, 487.31, 401.5]","[2, 2, 3, 4, 2]",13
assembly_1,5,0.1,subgraph_mip,edge_weight,1000,343,1105,142,12.85,0.319,3.532,4.841,8.372,2.03,0.8452,0.0,487.31,0.0,339.12,487.31,56.09,34.35,"[339.12, 486.92, 442, 487.31, 401.5]","[2, 2, 3, 4, 2]",13
assembly_1,5,0.1,subgraph_mip,time_balanced_weight,1000,343,1105,412,37.29,0.319,4.5,5.497,9.997,1.7,0.99,17.14,486.92,-0.08,339.12,486.92,51.434,34.26,"[339.12, 486.92, 442, 420.13, 468.68]","[2, 2, 3, 2, 4]",13
assembly_1,5,0.1,subgraph_mip,combined,1000,343,1105,507,45.88,0.319,7.649,8.573,16.221,1.05,0.8452,0.0,487.31,0.0,339.12,487.31,56.09,34.35,"[339.12, 486.92, 442, 487.31, 401.5]","[2, 2, 3, 4, 2]",13
assembly_1,5,0.1,subgraph_mip,blended,1000,343,1105,212,19.19,0.319,3.969,4.81,8.779,1.94,0.8452,-0.0,487.31,0.0,339.12,487.31,56.09,34.35,"[339.12, 486.92, 442, 487.31, 401.5]","[2, 2, 3, 4, 2]",13
assembly_1,5,0.1,subgraph_mip,blended_union,1000,343,1105,310,28.05,0.319,12.325,5.472,17.798,0.96,0.8452,0.0,487.31,0.0,339.12,487.31,56.09,34.35,"[339.12, 486.92, 442, 487.31, 401.5]","[2, 2, 3, 4, 2]",13
assembly_1,5,0.1,subgraph_mip,diverse,1000,343,1105,1101,99.64,0.319,1.064,14.987,16.051,1.06,0.8452,0.0,487.31,0.0,339.12,487.31,56.09,34.35,"[339.12, 486.92, 442, 487.31, 401.5]","[2, 2, 3, 4, 2]",13
assembly_1,5,0.1,subgraph_mip,edge_weight,2000,343,1105,185,16.74,0.319,12.562,6.086,18.648,0.91,0.8452,-0.0,487.31,0.0,339.12,487.31,56.09,34.35,"[339.12, 486.92, 442, 487.31, 401.5]","[2, 2, 3, 4, 2]",13
assembly_1,5,0.1,subgraph_mip,time_balanced_weight,2000,343,1105,575,52.04,0.319,10.129,11.471,21.599,0.79,0.99,17.14,486.92,-0.08,339.12,486.92,51.434,34.26,"[339.12, 486.92, 442, 420.13, 468.68]","[2, 2, 3, 2, 4]",13
assembly_1,5,0.1,subgraph_mip,combined,2000,343,1105,655,59.28,0.319,17.289,9.438,26.727,0.64,0.8452,0.0,487.31,0.0,339.12,487.31,56.09,34.35,"[339.12, 486.92, 442, 487.31, 401.5]","[2, 2, 3, 4, 2]",13
assembly_1,5,0.1,subgraph_mip,blended,2000,343,1105,253,22.9,0.319,8.22,4.901,13.121,1.3,0.8452,-0.0,487.31,0.0,339.12,487.31,56.09,34.35,"[339.12, 486.92, 442, 487.31, 401.5]","[2, 2, 3, 4, 2]",13
assembly_1,5,0.1,subgraph_mip,blended_union,2000,343,1105,397,35.93,0.319,31.093,8.986,40.079,0.42,0.8452,0.0,487.31,0.0,339.12,487.31,56.09,34.35,"[339.12, 486.92, 442, 487.31, 401.5]","[2, 2, 3, 4, 2]",13
assembly_1,5,0.1,subgraph_mip,diverse,2000,343,1105,1105,100.0,0.319,2.185,18.235,20.42,0.83,0.8452,0.0,487.31,0.0,339.12,487.31,56.09,34.35,"[339.12, 486.92, 442, 487.31, 401.5]","[2, 2, 3, 4, 2]",13
assembly_1,5,0.1,subgraph_mip,edge_weight,5000,343,1105,232,21.0,0.319,34.848,6.526,41.374,0.41,0.8452,-0.0,487.31,0.0,339.12,487.31,56.09,34.35,"[339.12, 486.92, 442, 487.31, 401.5]","[2, 2, 3, 4, 2]",13
assembly_1,5,0.1,subgraph_mip,time_balanced_weight,5000,343,1105,739,66.88,0.319,31.9,7.941,39.841,0.43,0.9878,16.87,487.31,0.0,339.12,487.31,56.09,34.35,"[339.12, 486.92, 442, 487.31, 401.5]","[2, 2, 3, 4, 2]",13
assembly_1,5,0.1,subgraph_mip,combined,5000,343,1105,806,72.94,0.319,66.26,10.607,76.867,0.22,0.8452,0.0,487.31,0.0,339.12,487.31,56.09,34.35,"[339.12, 486.92, 442, 487.31, 401.5]","[2, 2, 3, 4, 2]",13
assembly_1,5,0.1,subgraph_mip,blended,5000,343,1105,332,30.05,0.319,34.313,15.024,49.337,0.34,0.8452,-0.0,487.31,0.0,339.12,487.31,56.09,34.35,"[339.12, 486.92, 442, 487.31, 401.5]","[2, 2, 3, 4, 2]",13
assembly_1,5,0.1,subgraph_mip,blended_union,5000,343,1105,483,43.71,0.319,114.993,11.682,126.675,0.13,0.8452,0.0,487.31,0.0,339.12,487.31,56.09,34.35,"[339.12, 486.92, 442, 487.31, 401.5]","[2, 2, 3, 4, 2]",13
assembly_1,5,0.1,subgraph_mip,diverse,5000,343,1105,1105,100.0,0.319,5.927,18.098,24.026,0.71,0.8452,0.0,487.31,0.0,339.12,487.31,56.09,34.35,"[339.12, 486.92, 442, 487.31, 401.5]","[2, 2, 3, 4, 2]",13
assembly_1,5,0.15,full_mip,—,,343,1105,1105,100.0,0.29,0.0,18.215,18.215,1.0,0.8505,0.0,487.31,0.0,339.12,487.31,56.09,34.35,"[339.12, 486.92, 442, 487.31, 401.5]","[2, 2, 3, 4, 2]",13
assembly_1,5,0.15,subgraph_mip,edge_weight,1,343,1105,13,1.18,0.29,0.002,0.176,0.178,102.29,0.8516,0.12,495.7,1.72,339.12,495.7,58.841,36.3,"[339.12, 486.92, 442, 393.11, 495.7]","[2, 2, 3, 3, 3]",13
assembly_1,5,0.15,subgraph_mip,time_balanced_weight,1,343,1105,13,1.18,0.29,0.001,0.119,0.12,151.56,1.178,38.51,514.33,5.54,332,514.33,67.976,42.27,"[486.92, 332, 514.33, 376.48, 447.12]","[2, 2, 3, 3, 3]",13
assembly_1,5,0.15,subgraph_mip,combined,1,343,1105,26,2.35,0.29,0.002,0.54,0.542,33.63,0.8516,0.12,495.7,1.72,339.12,495.7,58.841,36.3,"[339.12, 486.92, 442, 393.11, 495.7]","[2, 2, 3, 3, 3]",13
assembly_1,5,0.15,subgraph_mip,blended,1,343,1105,13,1.18,0.29,0.001,0.086,0.087,210.0,0.877,3.12,447.12,-8.25,410.92,447.12,13.666,8.39,"[436.68, 442, 420.13, 410.92, 447.12]","[3, 3, 2, 2, 3]",13
assembly_1,5,0.15,subgraph_mip,blended_union,1,343,1105,35,3.17,0.29,0.018,0.707,0.725,25.13,0.8516,0.12,495.7,1.72,339.12,495.7,58.841,36.3,"[339.12, 486.92, 442, 393.11, 495.7]","[2, 2, 3, 3, 3]",13
assembly_1,5,0.15,subgraph_mip,diverse,1,343,1105,13,1.18,0.29,0.008,0.079,0.087,209.76,0.877,3.12,447.12,-8.25,410.92,447.12,13.666,8.39,"[436.68, 442, 420.13, 410.92, 447.12]","[3, 3, 2, 2, 3]",13
assembly_1,5,0.15,subgraph_mip,edge_weight,2,343,1105,15,1.36,0.29,0.006,0.307,0.313,58.1,0.8516,0.12,495.7,1.72,339.12,495.7,58.841,36.3,"[339.12, 486.92, 442, 393.11, 495.7]","[2, 2, 3, 3, 3]",13
assembly_1,5,0.15,subgraph_mip,time_balanced_weight,2,343,1105,15,1.36,0.29,0.005,0.56,0.565,32.24,1.1698,37.54,514.33,5.54,332,514.33,74.219,42.27,"[486.92, 332, 514.33, 470.68, 352.92]","[2, 2, 3, 4, 2]",13
assembly_1,5,0.15,subgraph_mip,combined,2,343,1105,30,2.71,0.29,0.009,0.679,0.688,26.46,0.8516,0.12,495.7,1.72,339.12,495.7,58.841,36.3,"[339.12, 486.92, 442, 393.11, 495.7]","[2, 2, 3, 3, 3]",13
assembly_1,5,0.15,subgraph_mip,blended,2,343,1105,15,1.36,0.29,0.008,0.094,0.101,179.51,0.877,3.12,447.12,-8.25,410.92,447.12,13.666,8.39,"[436.68, 442, 420.13, 410.92, 447.12]","[3, 3, 2, 2, 3]",13
assembly_1,5,0.15,subgraph_mip,blended_union,2,343,1105,40,3.62,0.29,0.041,0.588,0.63,28.93,0.8516,0.12,495.7,1.72,339.12,495.7,58.841,36.3,"[339.12, 486.92, 442, 393.11, 495.7]","[2, 2, 3, 3, 3]",13
assembly_1,5,0.15,subgraph_mip,diverse,2,343,1105,26,2.35,0.29,0.004,1.481,1.485,12.27,0.8729,2.63,447.12,-8.25,401.5,447.12,16.03,10.58,"[436.68, 442, 429.55, 401.5, 447.12]","[3, 3, 2, 2, 3]",13
assembly_1,5,0.15,subgraph_mip,edge_weight,5,343,1105,21,1.9,0.29,0.023,0.782,0.806,22.6,0.8516,0.12,495.7,1.72,339.12,495.7,58.841,36.3,"[339.12, 486.92, 442, 393.11, 495.7]","[2, 2, 3, 3, 3]",13
assembly_1,5,0.15,subgraph_mip,time_balanced_weight,5,343,1105,36,3.26,0.29,0.03,1.662,1.692,10.76,1.1429,34.38,486.92,-0.08,350.63,486.92,47.926,31.59,"[486.92, 410.92, 350.63, 439.7, 468.68]","[2, 2, 2, 3, 4]",13
assembly_1,5,0.15,subgraph_mip,combined,5,343,1105,57,5.16,0.29,0.042,1.432,1.474,12.35,0.8516,0.12,495.7,1.72,339.12,495.7,58.841,36.3,"[339.12, 486.92, 442, 393.11, 495.7]","[2, 2, 3, 3, 3]",13
assembly_1,5,0.15,subgraph_mip,blended,5,343,1105,19,1.72,0.29,0.026,0.394,0.42,43.37,0.877,3.12,447.12,-8.25,410.92,447.12,13.666,8.39,"[436.68, 442, 420.13, 410.92, 447.12]","[3, 3, 2, 2, 3]",13
assembly_1,5,0.15,subgraph_mip,blended_union,5,343,1105,54,4.89,0.29,0.062,2.415,2.477,7.36,0.8516,0.12,495.7,1.72,339.12,495.7,58.841,36.3,"[339.12, 486.92, 442, 393.11, 495.7]","[2, 2, 3, 3, 3]",13
assembly_1,5,0.15,subgraph_mip,diverse,5,343,1105,65,5.88,0.29,0.014,1.17,1.183,15.39,0.8729,2.63,447.12,-8.25,401.5,447.12,16.03,10.58,"[436.68, 442, 429.55, 401.5, 447.12]","[3, 3, 2, 2, 3]",13
assembly_1,5,0.15,subgraph_mip,edge_weight,10,343,1105,24,2.17,0.29,0.037,0.678,0.715,25.49,0.8516,0.12,495.7,1.72,339.12,495.7,58.841,36.3,"[339.12, 486.92, 442, 393.11, 495.7]","[2, 2, 3, 3, 3]",13
assembly_1,5,0.15,subgraph_mip,time_balanced_weight,10,343,1105,48,4.34,0.29,0.043,1.646,1.689,10.78,1.1398,34.02,486.92,-0.08,360.68,486.92,41.401,29.26,"[486.92, 442, 420.13, 360.68, 447.12]","[2, 3, 2, 3, 3]",13
assembly_1,5,0.15,subgraph_mip,combined,10,343,1105,72,6.52,0.29,0.117,1.377,1.494,12.2,0.8516,0.12,495.7,1.72,339.12,495.7,58.841,36.3,"[339.12, 486.92, 442, 393.11, 495.7]","[2, 2, 3, 3, 3]",13
assembly_1,5,0.15,subgraph_mip,blended,10,343,1105,26,2.35,0.29,0.043,1.107,1.15,15.83,0.8729,2.63,447.12,-8.25,401.5,447.12,16.03,10.58,"[436.68, 442, 429.55, 401.5, 447.12]","[3, 3, 2, 2, 3]",13
assembly_1,5,0.15,subgraph_mip,blended_union,10,343,1105,63,5.7,0.29,0.125,2.606,2.731,6.67,0.8516,0.12,495.7,1.72,339.12,495.7,58.841,36.3,"[339.12, 486.92, 442, 393.11, 495.7]","[2, 2, 3, 3, 3]",13
assembly_1,5,0.15,subgraph_mip,diverse,10,343,1105,126,11.4,0.29,0.01,1.455,1.464,12.44,0.8729,2.63,447.12,-8.25,401.5,447.12,16.03,10.58,"[436.68, 442, 429.55, 401.5, 447.12]","[3, 3, 2, 2, 3]",13
assembly_1,5,0.15,subgraph_mip,edge_weight,20,343,1105,35,3.17,0.29,0.131,0.364,0.494,36.86,0.8505,0.0,487.31,0.0,339.12,487.31,56.09,34.35,"[339.12, 486.92, 442, 487.31, 401.5]","[2, 2, 3, 4, 2]",13
assembly_1,5,0.15,subgraph_mip,time_balanced_weight,20,343,1105,64,5.79,0.29,0.11,0.689,0.799,22.8,1.118,31.45,489.84,0.52,350.63,489.84,48.878,32.27,"[489.84, 408, 350.63, 439.7, 468.68]","[2, 2, 2, 3, 4]",13
assembly_1,5,0.15,subgraph_mip,combined,20,343,1105,99,8.96,0.29,0.183,2.024,2.206,8.26,0.8505,0.0,487.31,0.0,339.12,487.31,56.09,34.35,"[339.12, 486.92, 442, 487.31, 401.5]","[2, 2, 3, 4, 2]",13
assembly_1,5,0.15,subgraph_mip,blended,20,343,1105,30,2.71,0.29,0.071,0.352,0.423,43.1,0.8729,2.63,447.12,-8.25,401.5,447.12,16.03,10.58,"[436.68, 442, 429.55, 401.5, 447.12]","[3, 3, 2, 2, 3]",13
assembly_1,5,0.15,subgraph_mip,blended_union,20,343,1105,86,7.78,0.29,0.161,2.092,2.253,8.08,0.8505,0.0,487.31,0.0,339.12,487.31,56.09,34.35,"[339.12, 486.92, 442, 487.31, 401.5]","[2, 2, 3, 4, 2]",13
assembly_1,5,0.15,subgraph_mip,diverse,20,343,1105,239,21.63,0.29,0.015,2.901,2.916,6.25,0.851,0.06,486.92,-0.08,339.12,486.92,55.66,34.26,"[339.12, 486.92, 484.48, 444.83, 401.5]","[2, 2, 4, 3, 2]",13
assembly_1,5,0.15,subgraph_mip,edge_weight,50,343,1105,54,4.89,0.29,0.195,1.543,1.738,10.48,0.8505,0.0,487.31,0.0,339.12,487.31,56.09,34.35,"[339.12, 486.92, 442, 487.31, 401.5]","[2, 2, 3, 4, 2]",13
assembly_1,5,0.15,subgraph_mip,time_balanced_weight,50,343,1105,119,10.77,0.29,0.273,0.897,1.171,15.56,1.0984,29.15,489.84,0.52,329.7,489.84,57.532,37.12,"[489.84, 408, 460.63, 329.7, 468.68]","[2, 2, 3, 2, 4]",13
assembly_1,5,0.15,subgraph_mip,combined,50,343,1105,171,15.48,0.29,0.437,2.795,3.232,5.64,0.8505,0.0,487.31,0.0,339.12,487.31,56.09,34.35,"[339.12, 486.92, 442, 487.31, 401.5]","[2, 2, 3, 4, 2]",13
assembly_1,5,0.15,subgraph_mip,blended,50,343,1105,51,4.62,0.29,0.163,1.212,1.375,13.25,0.8689,2.16,462.92,-5.01,401.5,462.92,22.429,14.24,"[436.68, 410.92, 462.92, 444.83, 401.5]","[3, 2, 3, 3, 2]",13
assembly_1,5,0.15,subgraph_mip,blended_union,50,343,1105,119,10.77,0.29,0.394,2.013,2.408,7.57,0.8505,-0.0,487.31,0.0,339.12,487.31,56.09,34.35,"[339.12, 486.92, 442, 487.31, 401.5]","[2, 2, 3, 4, 2]",13
assembly_1,5,0.15,subgraph_mip,diverse,50,343,1105,510,46.15,0.29,0.057,4.905,4.963,3.67,0.851,0.06,486.92,-0.08,339.12,486.92,55.66,34.26,"[339.12, 486.92, 484.48, 444.83, 401.5]","[2, 2, 4, 3, 2]",13
assembly_1,5,0.15,subgraph_mip,edge_weight,100,343,1105,78,7.06,0.29,0.415,2.696,3.111,5.86,0.8505,0.0,487.31,0.0,339.12,487.31,56.09,34.35,"[339.12, 486.92, 442, 487.31, 401.5]","[2, 2, 3, 4, 2]",13
assembly_1,5,0.15,subgraph_mip,time_balanced_weight,100,343,1105,170,15.38,0.29,0.515,2.889,3.404,5.35,1.0418,22.49,502.2,3.06,274,502.2,81.97,52.9,"[489.84, 502.2, 444.83, 445.98, 274]","[2, 3, 3, 3, 2]",13
assembly_1,5,0.15,subgraph_mip,combined,100,343,1105,241,21.81,0.29,0.8,4.633,5.433,3.35,0.8505,0.0,487.31,0.0,339.12,487.31,56.09,34.35,"[339.12, 486.92, 442, 487.31, 401.5]","[2, 2, 3, 4, 2]",13
assembly_1,5,0.15,subgraph_mip,blended,100,343,1105,74,6.7,0.29,0.436,1.09,1.525,11.94,0.8689,2.16,462.92,-5.01,401.5,462.92,22.429,14.24,"[436.68, 410.92, 462.92, 444.83, 401.5]","[3, 2, 3, 3, 2]",13
assembly_1,5,0.15,subgraph_mip,blended_union,100,343,1105,160,14.48,0.29,1.016,2.528,3.544,5.14,0.8505,0.0,487.31,0.0,339.12,487.31,56.09,34.35,"[339.12, 486.92, 442, 487.31, 401.5]","[2, 2, 3, 4, 2]",13
assembly_1,5,0.15,subgraph_mip,diverse,100,343,1105,748,67.69,0.29,0.082,12.447,12.529,1.45,0.851,0.06,486.92,-0.08,339.12,486.92,55.66,34.26,"[339.12, 486.92, 484.48, 444.83, 401.5]","[2, 2, 4, 3, 2]",13
assembly_1,5,0.15,subgraph_mip,edge_weight,200,343,1105,95,8.6,0.29,0.774,2.401,3.175,5.74,0.8505,0.0,487.31,0.0,339.12,487.31,56.09,34.35,"[339.12, 486.92, 442, 487.31, 401.5]","[2, 2, 3, 4, 2]",13
assembly_1,5,0.15,subgraph_mip,time_balanced_weight,200,343,1105,211,19.1,0.29,0.975,1.676,2.652,6.87,1.0418,22.49,502.2,3.06,274,502.2,81.97,52.9,"[489.84, 502.2, 444.83, 445.98, 274]","[2, 3, 3, 3, 2]",13
assembly_1,5,0.15,subgraph_mip,combined,200,343,1105,295,26.7,0.29,1.614,3.979,5.593,3.26,0.8505,0.0,487.31,0.0,339.12,487.31,56.09,34.35,"[339.12, 486.92, 442, 487.31, 401.5]","[2, 2, 3, 4, 2]",13
assembly_1,5,0.15,subgraph_mip,blended,200,343,1105,95,8.6,0.29,0.766,2.666,3.432,5.31,0.8689,2.16,462.92,-5.01,401.5,462.92,22.429,14.24,"[436.68, 410.92, 462.92, 444.83, 401.5]","[3, 2, 3, 3, 2]",13
assembly_1,5,0.15,subgraph_mip,blended_union,200,343,1105,217,19.64,0.29,2.252,3.508,5.76,3.16,0.8505,0.0,487.31,0.0,339.12,487.31,56.09,34.35,"[339.12, 486.92, 442, 487.31, 401.5]","[2, 2, 3, 4, 2]",13
assembly_1,5,0.15,subgraph_mip,diverse,200,343,1105,908,82.17,0.29,0.204,12.532,12.736,1.43,0.851,0.06,486.92,-0.08,339.12,486.92,55.66,34.26,"[339.12, 486.92, 484.48, 444.83, 401.5]","[2, 2, 4, 3, 2]",13
assembly_1,5,0.15,subgraph_mip,edge_weight,500,343,1105,108,9.77,0.29,1.837,4.277,6.114,2.98,0.8505,-0.0,487.31,0.0,339.12,487.31,56.09,34.35,"[339.12, 486.92, 442, 487.31, 401.5]","[2, 2, 3, 4, 2]",13
assembly_1,5,0.15,subgraph_mip,time_balanced_weight,500,343,1105,343,31.04,0.29,2.058,5.471,7.529,2.42,0.9916,16.59,487.31,0.0,339.12,487.31,56.09,34.35,"[339.12, 486.92, 442, 487.31, 401.5]","[2, 2, 3, 4, 2]",13
assembly_1,5,0.15,subgraph_mip,combined,500,343,1105,420,38.01,0.29,4.073,7.156,11.229,1.62,0.8505,0.0,487.31,0.0,339.12,487.31,56.09,34.35,"[339.12, 486.92, 442, 487.31, 401.5]","[2, 2, 3, 4, 2]",13
assembly_1,5,0.15,subgraph_mip,blended,500,343,1105,155,14.03,0.29,1.985,6.774,8.759,2.08,0.865,1.7,495.7,1.72,339.12,495.7,53.999,36.3,"[339.12, 408, 462.92, 451.11, 495.7]","[2, 2, 3, 3, 3]",13
assembly_1,5,0.15,subgraph_mip,blended_union,500,343,1105,248,22.44,0.29,5.694,4.376,10.07,1.81,0.8505,0.0,487.31,0.0,339.12,487.31,56.09,34.35,"[339.12, 486.92, 442, 487.31, 401.5]","[2, 2, 3, 4, 2]",13
assembly_1,5,0.15,subgraph_mip,diverse,500,343,1105,1043,94.39,0.29,0.476,22.209,22.685,0.8,0.851,0.06,486.92,-0.08,339.12,486.92,55.66,34.26,"[339.12, 486.92, 484.48, 444.83, 401.5]","[2, 2, 4, 3, 2]",13
assembly_1,5,0.15,subgraph_mip,edge_weight,1000,343,1105,142,12.85,0.29,3.758,5.791,9.549,1.91,0.8505,0.0,487.31,0.0,339.12,487.31,56.09,34.35,"[339.12, 486.92, 442, 487.31, 401.5]","[2, 2, 3, 4, 2]",13
assembly_1,5,0.15,subgraph_mip,time_balanced_weight,1000,343,1105,412,37.29,0.29,4.744,4.685,9.429,1.93,0.9873,16.08,486.92,-0.08,339.12,486.92,51.434,34.26,"[339.12, 486.92, 442, 420.13, 468.68]","[2, 2, 3, 2, 4]",13
assembly_1,5,0.15,subgraph_mip,combined,1000,343,1105,507,45.88,0.29,7.99,10.439,18.429,0.99,0.8505,0.0,487.31,0.0,339.12,487.31,56.09,34.35,"[339.12, 486.92, 442, 487.31, 401.5]","[2, 2, 3, 4, 2]",13
assembly_1,5,0.15,subgraph_mip,blended,1000,343,1105,202,18.28,0.29,3.661,10.219,13.88,1.31,0.865,1.7,495.7,1.72,339.12,495.7,53.999,36.3,"[339.12, 408, 462.92, 451.11, 495.7]","[2, 2, 3, 3, 3]",13
assembly_1,5,0.15,subgraph_mip,blended_union,1000,343,1105,310,28.05,0.29,12.705,7.185,19.89,0.92,0.8505,0.0,487.31,0.0,339.12,487.31,56.09,34.35,"[339.12, 486.92, 442, 487.31, 401.5]","[2, 2, 3, 4, 2]",13
assembly_1,5,0.15,subgraph_mip,diverse,1000,343,1105,1100,99.55,0.29,1.176,26.303,27.479,0.66,0.8505,0.0,487.31,0.0,339.12,487.31,56.09,34.35,"[339.12, 486.92, 442, 487.31, 401.5]","[2, 2, 3, 4, 2]",13
assembly_1,5,0.15,subgraph_mip,edge_weight,2000,343,1105,185,16.74,0.29,9.523,6.177,15.699,1.16,0.8505,0.0,487.31,0.0,339.12,487.31,56.09,34.35,"[339.12, 486.92, 442, 487.31, 401.5]","[2, 2, 3, 4, 2]",13
assembly_1,5,0.15,subgraph_mip,time_balanced_weight,2000,343,1105,575,52.04,0.29,9.137,7.37,16.508,1.1,0.9873,16.08,486.92,-0.08,339.12,486.92,51.434,34.26,"[339.12, 486.92, 442, 420.13, 468.68]","[2, 2, 3, 2, 4]",13
assembly_1,5,0.15,subgraph_mip,combined,2000,343,1105,655,59.28,0.29,17.239,17.627,34.866,0.52,0.8505,0.0,487.31,0.0,339.12,487.31,56.09,34.35,"[339.12, 486.92, 442, 487.31, 401.5]","[2, 2, 3, 4, 2]",13
assembly_1,5,0.15,subgraph_mip,blended,2000,343,1105,263,23.8,0.29,8.304,9.227,17.531,1.04,0.8505,0.0,487.31,0.0,339.12,487.31,56.09,34.35,"[339.12, 486.92, 442, 487.31, 401.5]","[2, 2, 3, 4, 2]",13
assembly_1,5,0.15,subgraph_mip,blended_union,2000,343,1105,397,35.93,0.29,30.874,10.48,41.353,0.44,0.8505,0.0,487.31,0.0,339.12,487.31,56.09,34.35,"[339.12, 486.92, 442, 487.31, 401.5]","[2, 2, 3, 4, 2]",13
assembly_1,5,0.15,subgraph_mip,diverse,2000,343,1105,1105,100.0,0.29,2.106,21.835,23.941,0.76,0.8505,0.0,487.31,0.0,339.12,487.31,56.09,34.35,"[339.12, 486.92, 442, 487.31, 401.5]","[2, 2, 3, 4, 2]",13
assembly_1,5,0.15,subgraph_mip,edge_weight,5000,343,1105,232,21.0,0.29,35.317,19.722,55.04,0.33,0.8505,-0.0,487.31,0.0,339.12,487.31,56.09,34.35,"[339.12, 486.92, 442, 487.31, 401.5]","[2, 2, 3, 4, 2]",13
assembly_1,5,0.15,subgraph_mip,time_balanced_weight,5000,343,1105,739,66.88,0.29,31.695,8.19,39.885,0.46,0.9852,15.84,487.31,0.0,339.12,487.31,56.09,34.35,"[339.12, 486.92, 442, 487.31, 401.5]","[2, 2, 3, 4, 2]",13
assembly_1,5,0.15,subgraph_mip,combined,5000,343,1105,806,72.94,0.29,63.167,27.556,90.724,0.2,0.8505,0.0,487.31,0.0,339.12,487.31,56.09,34.35,"[339.12, 486.92, 442, 487.31, 401.5]","[2, 2, 3, 4, 2]",13
assembly_1,5,0.15,subgraph_mip,blended,5000,343,1105,351,31.76,0.29,34.663,10.295,44.958,0.41,0.8505,-0.0,487.31,0.0,339.12,487.31,56.09,34.35,"[339.12, 486.92, 442, 487.31, 401.5]","[2, 2, 3, 4, 2]",13
assembly_1,5,0.15,subgraph_mip,blended_union,5000,343,1105,483,43.71,0.29,113.593,17.699,131.291,0.14,0.8505,0.0,487.31,0.0,339.12,487.31,56.09,34.35,"[339.12, 486.92, 442, 487.31, 401.5]","[2, 2, 3, 4, 2]",13
assembly_1,5,0.15,subgraph_mip,diverse,5000,343,1105,1105,100.0,0.29,6.227,21.935,28.162,0.65,0.8505,0.0,487.31,0.0,339.12,487.31,56.09,34.35,"[339.12, 486.92, 442, 487.31, 401.5]","[2, 2, 3, 4, 2]",13
assembly_1,5,0.2,full_mip,—,,343,1105,1105,100.0,0.26,0.0,45.406,45.406,1.0,0.8558,0.0,487.31,0.0,339.12,487.31,56.09,34.35,"[339.12, 486.92, 442, 487.31, 401.5]","[2, 2, 3, 4, 2]",13
assembly_1,5,0.2,subgraph_mip,edge_weight,1,343,1105,13,1.18,0.26,0.002,0.146,0.148,306.49,0.8578,0.23,495.7,1.72,339.12,495.7,58.841,36.3,"[339.12, 486.92, 442, 393.11, 495.7]","[2, 2, 3, 3, 3]",13
assembly_1,5,0.2,subgraph_mip,time_balanced_weight,1,343,1105,13,1.18,0.26,0.001,0.18,0.181,250.57,1.1671,36.38,514.33,5.54,332,514.33,67.976,42.27,"[486.92, 332, 514.33, 376.48, 447.12]","[2, 2, 3, 3, 3]",13
assembly_1,5,0.2,subgraph_mip,combined,1,343,1105,26,2.35,0.26,0.002,0.229,0.231,196.83,0.8578,0.23,495.7,1.72,339.12,495.7,58.841,36.3,"[339.12, 486.92, 442, 393.11, 495.7]","[2, 2, 3, 3, 3]",13
assembly_1,5,0.2,subgraph_mip,blended,1,343,1105,13,1.18,0.26,0.001,0.071,0.072,633.15,0.8762,2.39,447.12,-8.25,410.92,447.12,13.666,8.39,"[436.68, 442, 420.13, 410.92, 447.12]","[3, 3, 2, 2, 3]",13
assembly_1,5,0.2,subgraph_mip,blended_union,1,343,1105,35,3.17,0.26,0.011,0.972,0.983,46.19,0.8578,0.23,495.7,1.72,339.12,495.7,58.841,36.3,"[339.12, 486.92, 442, 393.11, 495.7]","[2, 2, 3, 3, 3]",13
assembly_1,5,0.2,subgraph_mip,diverse,1,343,1105,13,1.18,0.26,0.004,0.062,0.066,686.17,0.8762,2.39,447.12,-8.25,410.92,447.12,13.666,8.39,"[436.68, 442, 420.13, 410.92, 447.12]","[3, 3, 2, 2, 3]",13
assembly_1,5,0.2,subgraph_mip,edge_weight,2,343,1105,15,1.36,0.26,0.004,0.193,0.197,230.86,0.8578,0.23,495.7,1.72,339.12,495.7,58.841,36.3,"[339.12, 486.92, 442, 393.11, 495.7]","[2, 2, 3, 3, 3]",13
assembly_1,5,0.2,subgraph_mip,time_balanced_weight,2,343,1105,15,1.36,0.26,0.005,0.628,0.632,71.8,1.1594,35.48,514.33,5.54,332,514.33,74.219,42.27,"[486.92, 332, 514.33, 470.68, 352.92]","[2, 2, 3, 4, 2]",13
assembly_1,5,0.2,subgraph_mip,combined,2,343,1105,30,2.71,0.26,0.008,0.617,0.626,72.57,0.8578,0.23,495.7,1.72,339.12,495.7,58.841,36.3,"[339.12, 486.92, 442, 393.11, 495.7]","[2, 2, 3, 3, 3]",13
assembly_1,5,0.2,subgraph_mip,blended,2,343,1105,15,1.36,0.26,0.003,0.205,0.208,218.14,0.8762,2.39,447.12,-8.25,410.92,447.12,13.666,8.39,"[436.68, 442, 420.13, 410.92, 447.12]","[3, 3, 2, 2, 3]",13
assembly_1,5,0.2,subgraph_mip,blended_union,2,343,1105,40,3.62,0.26,0.018,3.108,3.127,14.52,0.8578,0.23,495.7,1.72,339.12,495.7,58.841,36.3,"[339.12, 486.92, 442, 393.11, 495.7]","[2, 2, 3, 3, 3]",13
assembly_1,5,0.2,subgraph_mip,diverse,2,343,1105,26,2.35,0.26,0.008,1.008,1.015,44.72,0.8723,1.93,447.12,-8.25,401.5,447.12,16.03,10.58,"[436.68, 442, 429.55, 401.5, 447.12]","[3, 3, 2, 2, 3]",13
assembly_1,5,0.2,subgraph_mip,edge_weight,5,343,1105,21,1.9,0.26,0.012,1.119,1.131,40.15,0.8578,0.23,495.7,1.72,339.12,495.7,58.841,36.3,"[339.12, 486.92, 442, 393.11, 495.7]","[2, 2, 3, 3, 3]",13
assembly_1,5,0.2,subgraph_mip,time_balanced_weight,5,343,1105,36,3.26,0.26,0.018,1.227,1.245,36.47,1.131,32.16,486.92,-0.08,350.63,486.92,47.926,31.59,"[486.92, 410.92, 350.63, 439.7, 468.68]","[2, 2, 2, 3, 4]",13
assembly_1,5,0.2,subgraph_mip,combined,5,343,1105,57,5.16,0.26,0.057,1.211,1.268,35.81,0.8578,0.23,495.7,1.72,339.12,495.7,58.841,36.3,"[339.12, 486.92, 442, 393.11, 495.7]","[2, 2, 3, 3, 3]",13
assembly_1,5,0.2,subgraph_mip,blended,5,343,1105,19,1.72,0.26,0.017,0.754,0.771,58.89,0.8762,2.39,447.12,-8.25,410.92,447.12,13.666,8.39,"[436.68, 442, 420.13, 410.92, 447.12]","[3, 3, 2, 2, 3]",13
assembly_1,5,0.2,subgraph_mip,blended_union,5,343,1105,54,4.89,0.26,0.082,1.918,1.999,22.71,0.8578,0.23,495.7,1.72,339.12,495.7,58.841,36.3,"[339.12, 486.92, 442, 393.11, 495.7]","[2, 2, 3, 3, 3]",13
assembly_1,5,0.2,subgraph_mip,diverse,5,343,1105,65,5.88,0.26,0.014,1.133,1.148,39.56,0.8703,1.7,462.92,-5.01,401.5,462.92,22.429,14.24,"[436.68, 410.92, 462.92, 444.83, 401.5]","[3, 2, 3, 3, 2]",13
assembly_1,5,0.2,subgraph_mip,edge_weight,10,343,1105,24,2.17,0.26,0.051,0.811,0.862,52.68,0.8578,0.23,495.7,1.72,339.12,495.7,58.841,36.3,"[339.12, 486.92, 442, 393.11, 495.7]","[2, 2, 3, 3, 3]",13
assembly_1,5,0.2,subgraph_mip,time_balanced_weight,10,343,1105,48,4.34,0.26,0.045,1.012,1.057,42.95,1.1281,31.81,486.92,-0.08,352.92,486.92,44.793,31.06,"[486.92, 442, 420.13, 454.88, 352.92]","[2, 3, 2, 4, 2]",13
assembly_1,5,0.2,subgraph_mip,combined,10,343,1105,72,6.52,0.26,0.108,1.135,1.243,36.53,0.8578,0.23,495.7,1.72,339.12,495.7,58.841,36.3,"[339.12, 486.92, 442, 393.11, 495.7]","[2, 2, 3, 3, 3]",13
assembly_1,5,0.2,subgraph_mip,blended,10,343,1105,27,2.44,0.26,0.043,1.143,1.186,38.28,0.8759,2.34,460.63,-5.47,401.5,460.63,22.104,13.71,"[436.68, 410.92, 460.63, 401.5, 447.12]","[3, 2, 3, 2, 3]",13
assembly_1,5,0.2,subgraph_mip,blended_union,10,343,1105,63,5.7,0.26,0.132,1.498,1.63,27.85,0.8578,0.23,495.7,1.72,339.12,495.7,58.841,36.3,"[339.12, 486.92, 442, 393.11, 495.7]","[2, 2, 3, 3, 3]",13
assembly_1,5,0.2,subgraph_mip,diverse,10,343,1105,126,11.4,0.26,0.021,1.593,1.614,28.13,0.8703,1.7,462.92,-5.01,401.5,462.92,22.429,14.24,"[436.68, 410.92, 462.92, 444.83, 401.5]","[3, 2, 3, 3, 2]",13
assembly_1,5,0.2,subgraph_mip,edge_weight,20,343,1105,35,3.17,0.26,0.074,1.695,1.769,25.67,0.8558,0.0,487.31,0.0,339.12,487.31,56.09,34.35,"[339.12, 486.92, 442, 487.31, 401.5]","[2, 2, 3, 4, 2]",13
assembly_1,5,0.2,subgraph_mip,time_balanced_weight,20,343,1105,64,5.79,0.26,0.114,1.185,1.299,34.95,1.1079,29.45,489.84,0.52,345.5,489.84,50.817,33.46,"[489.84, 408, 444.83, 345.5, 468.68]","[2, 2, 3, 2, 4]",13
assembly_1,5,0.2,subgraph_mip,combined,20,343,1105,99,8.96,0.26,0.208,1.313,1.521,29.85,0.8558,0.0,487.31,0.0,339.12,487.31,56.09,34.35,"[339.12, 486.92, 442, 487.31, 401.5]","[2, 2, 3, 4, 2]",13
assembly_1,5,0.2,subgraph_mip,blended,20,343,1105,30,2.71,0.26,0.122,0.947,1.069,42.48,0.8723,1.93,447.12,-8.25,401.5,447.12,16.03,10.58,"[436.68, 442, 429.55, 401.5, 447.12]","[3, 3, 2, 2, 3]",13
assembly_1,5,0.2,subgraph_mip,blended_union,20,343,1105,86,7.78,0.26,0.409,2.156,2.565,17.7,0.8558,0.0,487.31,0.0,339.12,487.31,56.09,34.35,"[339.12, 486.92, 442, 487.31, 401.5]","[2, 2, 3, 4, 2]",13
assembly_1,5,0.2,subgraph_mip,diverse,20,343,1105,239,21.63,0.26,0.055,3.137,3.192,14.22,0.8666,1.26,486.92,-0.08,339.12,486.92,51.656,34.26,"[339.12, 486.92, 440, 420.13, 470.68]","[2, 2, 3, 2, 4]",13
assembly_1,5,0.2,subgraph_mip,edge_weight,50,343,1105,54,4.89,0.26,0.184,1.232,1.417,32.05,0.8558,0.0,487.31,0.0,339.12,487.31,56.09,34.35,"[339.12, 486.92, 442, 487.31, 401.5]","[2, 2, 3, 4, 2]",13
assembly_1,5,0.2,subgraph_mip,time_balanced_weight,50,343,1105,119,10.77,0.26,0.275,1.977,2.252,20.16,1.0895,27.3,489.84,0.52,329.7,489.84,57.532,37.12,"[489.84, 408, 460.63, 329.7, 468.68]","[2, 2, 3, 2, 4]",13
assembly_1,5,0.2,subgraph_mip,combined,50,343,1105,171,15.48,0.26,0.442,3.22,3.662,12.4,0.8558,0.0,487.31,0.0,339.12,487.31,56.09,34.35,"[339.12, 486.92, 442, 487.31, 401.5]","[2, 2, 3, 4, 2]",13
assembly_1,5,0.2,subgraph_mip,blended,50,343,1105,53,4.8,0.26,0.148,2.311,2.459,18.46,0.8703,1.7,462.92,-5.01,401.5,462.92,22.429,14.24,"[436.68, 410.92, 462.92, 444.83, 401.5]","[3, 2, 3, 3, 2]",13
assembly_1,5,0.2,subgraph_mip,blended_union,50,343,1105,119,10.77,0.26,0.591,2.845,3.436,13.21,0.8558,0.0,487.31,0.0,339.12,487.31,56.09,34.35,"[339.12, 486.92, 442, 487.31, 401.5]","[2, 2, 3, 4, 2]",13
assembly_1,5,0.2,subgraph_mip,diverse,50,343,1105,513,46.43,0.26,0.032,15.315,15.346,2.96,0.8603,0.52,486.92,-0.08,339.12,486.92,51.434,34.26,"[339.12, 486.92, 442, 420.13, 468.68]","[2, 2, 3, 2, 4]",13
assembly_1,5,0.2,subgraph_mip,edge_weight,100,343,1105,78,7.06,0.26,0.395,2.185,2.581,17.59,0.8558,0.0,487.31,0.0,339.12,487.31,56.09,34.35,"[339.12, 486.92, 442, 487.31, 401.5]","[2, 2, 3, 4, 2]",13
assembly_1,5,0.2,subgraph_mip,time_balanced_weight,100,343,1105,170,15.38,0.26,0.515,3.121,3.636,12.49,1.0376,21.24,502.2,3.06,274,502.2,81.97,52.9,"[489.84, 502.2, 444.83, 445.98, 274]","[2, 3, 3, 3, 2]",13
assembly_1,5,0.2,subgraph_mip,combined,100,343,1105,241,21.81,0.26,0.871,4.055,4.925,9.22,0.8558,0.0,487.31,0.0,339.12,487.31,56.09,34.35,"[339.12, 486.92, 442, 487.31, 401.5]","[2, 2, 3, 4, 2]",13
assembly_1,5,0.2,subgraph_mip,blended,100,343,1105,75,6.79,0.26,0.402,2.331,2.733,16.62,0.8703,1.7,462.92,-5.01,401.5,462.92,22.429,14.24,"[436.68, 410.92, 462.92, 444.83, 401.5]","[3, 2, 3, 3, 2]",13
assembly_1,5,0.2,subgraph_mip,blended_union,100,343,1105,160,14.48,0.26,1.082,3.518,4.6,9.87,0.8558,0.0,487.31,0.0,339.12,487.31,56.09,34.35,"[339.12, 486.92, 442, 487.31, 401.5]","[2, 2, 3, 4, 2]",13
assembly_1,5,0.2,subgraph_mip,diverse,100,343,1105,747,67.6,0.26,0.084,53.058,53.143,0.85,0.856,0.02,487.31,0.0,339.12,487.31,56.09,34.35,"[339.12, 486.92, 442, 487.31, 401.5]","[2, 2, 3, 4, 2]",13
assembly_1,5,0.2,subgraph_mip,edge_weight,200,343,1105,95,8.6,0.26,0.701,2.659,3.36,13.51,0.8558,0.0,487.31,0.0,339.12,487.31,56.09,34.35,"[339.12, 486.92, 442, 487.31, 401.5]","[2, 2, 3, 4, 2]",13
assembly_1,5,0.2,subgraph_mip,time_balanced_weight,200,343,1105,211,19.1,0.26,1.002,4.499,5.502,8.25,1.0376,21.24,502.2,3.06,274,502.2,81.97,52.9,"[489.84, 502.2, 444.83, 445.98, 274]","[2, 3, 3, 3, 2]",13
assembly_1,5,0.2,subgraph_mip,combined,200,343,1105,295,26.7,0.26,1.678,3.593,5.27,8.62,0.8558,0.0,487.31,0.0,339.12,487.31,56.09,34.35,"[339.12, 486.92, 442, 487.31, 401.5]","[2, 2, 3, 4, 2]",13
assembly_1,5,0.2,subgraph_mip,blended,200,343,1105,95,8.6,0.26,0.612,3.32,3.932,11.55,0.8703,1.7,462.92,-5.01,401.5,462.92,22.429,14.24,"[436.68, 410.92, 462.92, 444.83, 401.5]","[3, 2, 3, 3, 2]",13
assembly_1,5,0.2,subgraph_mip,blended_union,200,343,1105,217,19.64,0.26,2.464,7.028,9.492,4.78,0.8558,0.0,487.31,0.0,339.12,487.31,56.09,34.35,"[339.12, 486.92, 442, 487.31, 401.5]","[2, 2, 3, 4, 2]",13
assembly_1,5,0.2,subgraph_mip,diverse,200,343,1105,905,81.9,0.26,0.223,62.948,63.171,0.72,0.856,0.02,487.31,0.0,339.12,487.31,56.09,34.35,"[339.12, 486.92, 442, 487.31, 401.5]","[2, 2, 3, 4, 2]",13
assembly_1,5,0.2,subgraph_mip,edge_weight,500,343,1105,108,9.77,0.26,1.712,4.363,6.075,7.47,0.8558,0.0,487.31,0.0,339.12,487.31,56.09,34.35,"[339.12, 486.92, 442, 487.31, 401.5]","[2, 2, 3, 4, 2]",13
assembly_1,5,0.2,subgraph_mip,time_balanced_weight,500,343,1105,343,31.04,0.26,2.251,3.664,5.915,7.68,0.9887,15.52,487.31,0.0,339.12,487.31,56.09,34.35,"[339.12, 486.92, 442, 487.31, 401.5]","[2, 2, 3, 4, 2]",13
assembly_1,5,0.2,subgraph_mip,combined,500,343,1105,420,38.01,0.26,3.658,11.645,15.303,2.97,0.8558,0.0,487.31,0.0,339.12,487.31,56.09,34.35,"[339.12, 486.92, 442, 487.31, 401.5]","[2, 2, 3, 4, 2]",13
assembly_1,5,0.2,subgraph_mip,blended,500,343,1105,149,13.48,0.26,1.65,6.329,7.979,5.69,0.8703,1.7,462.92,-5.01,401.5,462.92,22.429,14.24,"[436.68, 410.92, 462.92, 444.83, 401.5]","[3, 2, 3, 3, 2]",13
assembly_1,5,0.2,subgraph_mip,blended_union,500,343,1105,248,22.44,0.26,7.544,5.877,13.421,3.38,0.8558,0.0,487.31,0.0,339.12,487.31,56.09,34.35,"[339.12, 486.92, 442, 487.31, 401.5]","[2, 2, 3, 4, 2]",13
assembly_1,5,0.2,subgraph_mip,diverse,500,343,1105,1043,94.39,0.26,0.49,40.67,41.16,1.1,0.856,0.02,487.31,0.0,339.12,487.31,56.09,34.35,"[339.12, 486.92, 442, 487.31, 401.5]","[2, 2, 3, 4, 2]",13
assembly_1,5,0.2,subgraph_mip,edge_weight,1000,343,1105,142,12.85,0.26,3.549,3.268,6.816,6.66,0.8558,0.0,487.31,0.0,339.12,487.31,56.09,34.35,"[339.12, 486.92, 442, 487.31, 401.5]","[2, 2, 3, 4, 2]",13
assembly_1,5,0.2,subgraph_mip,time_balanced_weight,1000,343,1105,412,37.29,0.26,4.525,5.069,9.594,4.73,0.9845,15.03,486.92,-0.08,339.12,486.92,51.434,34.26,"[339.12, 486.92, 442, 420.13, 468.68]","[2, 2, 3, 2, 4]",13
assembly_1,5,0.2,subgraph_mip,combined,1000,343,1105,507,45.88,0.26,8.033,6.209,14.243,3.19,0.8558,0.0,487.31,0.0,339.12,487.31,56.09,34.35,"[339.12, 486.92, 442, 487.31, 401.5]","[2, 2, 3, 4, 2]",13
assembly_1,5,0.2,subgraph_mip,blended,1000,343,1105,199,18.01,0.26,3.869,20.52,24.389,1.86,0.8703,1.7,462.92,-5.01,401.5,462.92,22.429,14.24,"[436.68, 410.92, 462.92, 444.83, 401.5]","[3, 2, 3, 3, 2]",13
assembly_1,5,0.2,subgraph_mip,blended_union,1000,343,1105,310,28.05,0.26,12.351,7.085,19.436,2.34,0.8558,0.0,487.31,0.0,339.12,487.31,56.09,34.35,"[339.12, 486.92, 442, 487.31, 401.5]","[2, 2, 3, 4, 2]",13
assembly_1,5,0.2,subgraph_mip,diverse,1000,343,1105,1101,99.64,0.26,1.131,63.73,64.861,0.7,0.8558,0.0,487.31,0.0,339.12,487.31,56.09,34.35,"[339.12, 486.92, 442, 487.31, 401.5]","[2, 2, 3, 4, 2]",13
assembly_1,5,0.2,subgraph_mip,edge_weight,2000,343,1105,185,16.74,0.26,10.401,6.386,16.787,2.7,0.8558,0.0,487.31,0.0,339.12,487.31,56.09,34.35,"[339.12, 486.92, 442, 487.31, 401.5]","[2, 2, 3, 4, 2]",13
assembly_1,5,0.2,subgraph_mip,time_balanced_weight,2000,343,1105,575,52.04,0.26,8.905,29.871,38.775,1.17,0.9845,15.03,486.92,-0.08,339.12,486.92,51.434,34.26,"[339.12, 486.92, 442, 420.13, 468.68]","[2, 2, 3, 2, 4]",13
assembly_1,5,0.2,subgraph_mip,combined,2000,343,1105,655,59.28,0.26,17.008,32.483,49.491,0.92,0.8558,0.0,487.31,0.0,339.12,487.31,56.09,34.35,"[339.12, 486.92, 442, 487.31, 401.5]","[2, 2, 3, 4, 2]",13
assembly_1,5,0.2,subgraph_mip,blended,2000,343,1105,266,24.07,0.26,9.124,19.238,28.362,1.6,0.8558,0.0,487.31,0.0,339.12,487.31,56.09,34.35,"[339.12, 486.92, 442, 487.31, 401.5]","[2, 2, 3, 4, 2]",13
assembly_1,5,0.2,subgraph_mip,blended_union,2000,343,1105,397,35.93,0.26,28.777,15.935,44.712,1.02,0.8558,0.0,487.31,0.0,339.12,487.31,56.09,34.35,"[339.12, 486.92, 442, 487.31, 401.5]","[2, 2, 3, 4, 2]",13
assembly_1,5,0.2,subgraph_mip,diverse,2000,343,1105,1105,100.0,0.26,2.179,48.656,50.834,0.89,0.8558,0.0,487.31,0.0,339.12,487.31,56.09,34.35,"[339.12, 486.92, 442, 487.31, 401.5]","[2, 2, 3, 4, 2]",13
assembly_1,5,0.2,subgraph_mip,edge_weight,5000,343,1105,232,21.0,0.26,33.063,23.527,56.59,0.8,0.8558,0.0,487.31,0.0,339.12,487.31,56.09,34.35,"[339.12, 486.92, 442, 487.31, 401.5]","[2, 2, 3, 4, 2]",13
assembly_1,5,0.2,subgraph_mip,time_balanced_weight,5000,343,1105,739,66.88,0.26,29.25,18.849,48.099,0.94,0.9826,14.81,487.31,0.0,339.12,487.31,56.09,34.35,"[339.12, 486.92, 442, 487.31, 401.5]","[2, 2, 3, 4, 2]",13
assembly_1,5,0.2,subgraph_mip,combined,5000,343,1105,806,72.94,0.26,63.099,35.927,99.026,0.46,0.8558,0.0,487.31,0.0,339.12,487.31,56.09,34.35,"[339.12, 486.92, 442, 487.31, 401.5]","[2, 2, 3, 4, 2]",13
assembly_1,5,0.2,subgraph_mip,blended,5000,343,1105,373,33.76,0.26,34.338,35.43,69.769,0.65,0.8558,0.0,487.31,0.0,339.12,487.31,56.09,34.35,"[339.12, 486.92, 442, 487.31, 401.5]","[2, 2, 3, 4, 2]",13
assembly_1,5,0.2,subgraph_mip,blended_union,5000,343,1105,483,43.71,0.26,115.754,21.61,137.364,0.33,0.8558,0.0,487.31,0.0,339.12,487.31,56.09,34.35,"[339.12, 486.92, 442, 487.31, 401.5]","[2, 2, 3, 4, 2]",13
assembly_1,5,0.2,subgraph_mip,diverse,5000,343,1105,1105,100.0,0.26,5.553,49.011,54.564,0.83,0.8558,0.0,487.31,0.0,339.12,487.31,56.09,34.35,"[339.12, 486.92, 442, 487.31, 401.5]","[2, 2, 3, 4, 2]",13
assembly_1,5,0.25,full_mip,—,,343,1105,1105,100.0,0.275,0.0,23.059,23.059,1.0,0.8611,0.0,487.31,0.0,339.12,487.31,56.09,34.35,"[339.12, 486.92, 442, 487.31, 401.5]","[2, 2, 3, 4, 2]",13
assembly_1,5,0.25,subgraph_mip,edge_weight,1,343,1105,13,1.18,0.275,0.002,0.142,0.143,160.87,0.864,0.33,495.7,1.72,339.12,495.7,58.841,36.3,"[339.12, 486.92, 442, 393.11, 495.7]","[2, 2, 3, 3, 3]",13
assembly_1,5,0.25,subgraph_mip,time_balanced_weight,1,343,1105,13,1.18,0.275,0.001,0.174,0.175,131.88,1.1563,34.27,514.33,5.54,332,514.33,67.976,42.27,"[486.92, 332, 514.33, 376.48, 447.12]","[2, 2, 3, 3, 3]",13
assembly_1,5,0.25,subgraph_mip,combined,1,343,1105,26,2.35,0.275,0.001,1.343,1.344,17.15,0.864,0.33,495.7,1.72,339.12,495.7,58.841,36.3,"[339.12, 486.92, 442, 393.11, 495.7]","[2, 2, 3, 3, 3]",13
assembly_1,5,0.25,subgraph_mip,blended,1,343,1105,13,1.18,0.275,0.001,0.106,0.107,215.81,0.8754,1.66,447.12,-8.25,410.92,447.12,13.666,8.39,"[436.68, 442, 420.13, 410.92, 447.12]","[3, 3, 2, 2, 3]",13
assembly_1,5,0.25,subgraph_mip,blended_union,1,343,1105,35,3.17,0.275,0.023,0.426,0.449,51.37,0.864,0.33,495.7,1.72,339.12,495.7,58.841,36.3,"[339.12, 486.92, 442, 393.11, 495.7]","[2, 2, 3, 3, 3]",13
assembly_1,5,0.25,subgraph_mip,diverse,1,343,1105,13,1.18,0.275,0.008,0.089,0.096,239.18,0.8754,1.66,447.12,-8.25,410.92,447.12,13.666,8.39,"[436.68, 442, 420.13, 410.92, 447.12]","[3, 3, 2, 2, 3]",13
assembly_1,5,0.25,subgraph_mip,edge_weight,2,343,1105,15,1.36,0.275,0.004,0.515,0.519,44.4,0.864,0.33,495.7,1.72,339.12,495.7,58.841,36.3,"[339.12, 486.92, 442, 393.11, 495.7]","[2, 2, 3, 3, 3]",13
assembly_1,5,0.25,subgraph_mip,time_balanced_weight,2,343,1105,15,1.36,0.275,0.005,0.805,0.81,28.46,1.149,33.43,514.33,5.54,332,514.33,67.976,42.27,"[486.92, 332, 514.33, 376.48, 447.12]","[2, 2, 3, 3, 3]",13
assembly_1,5,0.25,subgraph_mip,combined,2,343,1105,30,2.71,0.275,0.009,0.63,0.639,36.11,0.864,0.33,495.7,1.72,339.12,495.7,58.841,36.3,"[339.12, 486.92, 442, 393.11, 495.7]","[2, 2, 3, 3, 3]",13
assembly_1,5,0.25,subgraph_mip,blended,2,343,1105,15,1.36,0.275,0.003,0.175,0.178,129.5,0.8754,1.66,447.12,-8.25,410.92,447.12,13.666,8.39,"[436.68, 442, 420.13, 410.92, 447.12]","[3, 3, 2, 2, 3]",13
assembly_1,5,0.25,subgraph_mip,blended_union,2,343,1105,40,3.62,0.275,0.018,0.978,0.996,23.15,0.864,0.33,495.7,1.72,339.12,495.7,58.841,36.3,"[339.12, 486.92, 442, 393.11, 495.7]","[2, 2, 3, 3, 3]",13
assembly_1,5,0.25,subgraph_mip,diverse,2,343,1105,26,2.35,0.275,0.004,0.299,0.304,75.96,0.8754,1.66,447.12,-8.25,410.92,447.12,13.666,8.39,"[436.68, 442, 420.13, 410.92, 447.12]","[3, 3, 2, 2, 3]",13
assembly_1,5,0.25,subgraph_mip,edge_weight,5,343,1105,21,1.9,0.275,0.024,0.345,0.369,62.57,0.864,0.33,495.7,1.72,339.12,495.7,58.841,36.3,"[339.12, 486.92, 442, 393.11, 495.7]","[2, 2, 3, 3, 3]",13
assembly_1,5,0.25,subgraph_mip,time_balanced_weight,5,343,1105,36,3.26,0.275,0.016,0.758,0.775,29.75,1.1191,29.95,486.92,-0.08,350.63,486.92,47.926,31.59,"[486.92, 410.92, 350.63, 439.7, 468.68]","[2, 2, 2, 3, 4]",13
assembly_1,5,0.25,subgraph_mip,combined,5,343,1105,57,5.16,0.275,0.037,1.807,1.844,12.51,0.864,0.33,495.7,1.72,339.12,495.7,58.841,36.3,"[339.12, 486.92, 442, 393.11, 495.7]","[2, 2, 3, 3, 3]",13
assembly_1,5,0.25,subgraph_mip,blended,5,343,1105,19,1.72,0.275,0.025,0.377,0.403,57.26,0.8754,1.66,447.12,-8.25,410.92,447.12,13.666,8.39,"[436.68, 442, 420.13, 410.92, 447.12]","[3, 3, 2, 2, 3]",13
assembly_1,5,0.25,subgraph_mip,blended_union,5,343,1105,54,4.89,0.275,0.051,2.225,2.276,10.13,0.864,0.33,495.7,1.72,339.12,495.7,58.841,36.3,"[339.12, 486.92, 442, 393.11, 495.7]","[2, 2, 3, 3, 3]",13
assembly_1,5,0.25,subgraph_mip,diverse,5,343,1105,65,5.88,0.275,0.018,1.003,1.021,22.58,0.8754,1.66,447.12,-8.25,410.92,447.12,13.666,8.39,"[436.68, 442, 420.13, 410.92, 447.12]","[3, 3, 2, 2, 3]",13
assembly_1,5,0.25,subgraph_mip,edge_weight,10,343,1105,24,2.17,0.275,0.025,1.056,1.081,21.33,0.864,0.33,495.7,1.72,339.12,495.7,58.841,36.3,"[339.12, 486.92, 442, 393.11, 495.7]","[2, 2, 3, 3, 3]",13
assembly_1,5,0.25,subgraph_mip,time_balanced_weight,10,343,1105,48,4.34,0.275,0.034,0.882,0.916,25.17,1.1163,29.63,486.92,-0.08,352.92,486.92,44.793,31.06,"[486.92, 442, 420.13, 454.88, 352.92]","[2, 3, 2, 4, 2]",13
assembly_1,5,0.25,subgraph_mip,combined,10,343,1105,72,6.52,0.275,0.094,1.416,1.511,15.26,0.864,0.33,495.7,1.72,339.12,495.7,58.841,36.3,"[339.12, 486.92, 442, 393.11, 495.7]","[2, 2, 3, 3, 3]",13
assembly_1,5,0.25,subgraph_mip,blended,10,343,1105,21,1.9,0.275,0.047,0.427,0.475,48.56,0.8754,1.66,447.12,-8.25,410.92,447.12,13.666,8.39,"[436.68, 442, 420.13, 410.92, 447.12]","[3, 3, 2, 2, 3]",13
assembly_1,5,0.25,subgraph_mip,blended_union,10,343,1105,63,5.7,0.275,0.106,2.14,2.247,10.26,0.864,0.33,495.7,1.72,339.12,495.7,58.841,36.3,"[339.12, 486.92, 442, 393.11, 495.7]","[2, 2, 3, 3, 3]",13
assembly_1,5,0.25,subgraph_mip,diverse,10,343,1105,126,11.4,0.275,0.017,1.397,1.415,16.3,0.8754,1.66,447.12,-8.25,410.92,447.12,13.666,8.39,"[436.68, 442, 420.13, 410.92, 447.12]","[3, 3, 2, 2, 3]",13
assembly_1,5,0.25,subgraph_mip,edge_weight,20,343,1105,35,3.17,0.275,0.111,0.456,0.567,40.64,0.8611,0.0,487.31,0.0,339.12,487.31,56.09,34.35,"[339.12, 486.92, 442, 487.31, 401.5]","[2, 2, 3, 4, 2]",13
assembly_1,5,0.25,subgraph_mip,time_balanced_weight,20,343,1105,64,5.79,0.275,0.088,1.798,1.885,12.23,1.0977,27.48,489.84,0.52,350.63,489.84,48.878,32.27,"[489.84, 408, 350.63, 439.7, 468.68]","[2, 2, 2, 3, 4]",13
assembly_1,5,0.25,subgraph_mip,combined,20,343,1105,99,8.96,0.275,0.156,2.204,2.36,9.77,0.8611,0.0,487.31,0.0,339.12,487.31,56.09,34.35,"[339.12, 486.92, 442, 487.31, 401.5]","[2, 2, 3, 4, 2]",13
assembly_1,5,0.25,subgraph_mip,blended,20,343,1105,30,2.71,0.275,0.092,1.401,1.493,15.45,0.8718,1.23,447.12,-8.25,401.5,447.12,16.03,10.58,"[436.68, 442, 429.55, 401.5, 447.12]","[3, 3, 2, 2, 3]",13
assembly_1,5,0.25,subgraph_mip,blended_union,20,343,1105,86,7.78,0.275,0.216,1.863,2.079,11.09,0.8611,0.0,487.31,0.0,339.12,487.31,56.09,34.35,"[339.12, 486.92, 442, 487.31, 401.5]","[2, 2, 3, 4, 2]",13
assembly_1,5,0.25,subgraph_mip,diverse,20,343,1105,239,21.63,0.275,0.014,3.082,3.096,7.45,0.8684,0.84,486.92,-0.08,339.12,486.92,51.434,34.26,"[339.12, 486.92, 442, 420.13, 468.68]","[2, 2, 3, 2, 4]",13
assembly_1,5,0.25,subgraph_mip,edge_weight,50,343,1105,54,4.89,0.275,0.193,1.751,1.944,11.86,0.8611,0.0,487.31,0.0,339.12,487.31,56.09,34.35,"[339.12, 486.92, 442, 487.31, 401.5]","[2, 2, 3, 4, 2]",13
assembly_1,5,0.25,subgraph_mip,time_balanced_weight,50,343,1105,119,10.77,0.275,0.259,3.796,4.055,5.69,1.0805,25.47,489.84,0.52,329.7,489.84,57.532,37.12,"[489.84, 408, 460.63, 329.7, 468.68]","[2, 2, 3, 2, 4]",13
assembly_1,5,0.25,subgraph_mip,combined,50,343,1105,171,15.48,0.275,0.45,2.011,2.461,9.37,0.8611,0.0,487.31,0.0,339.12,487.31,56.09,34.35,"[339.12, 486.92, 442, 487.31, 401.5]","[2, 2, 3, 4, 2]",13
assembly_1,5,0.25,subgraph_mip,blended,50,343,1105,58,5.25,0.275,0.279,1.835,2.114,10.91,0.8718,1.23,447.12,-8.25,401.5,447.12,16.03,10.58,"[436.68, 442, 429.55, 401.5, 447.12]","[3, 3, 2, 2, 3]",13
assembly_1,5,0.25,subgraph_mip,blended_union,50,343,1105,119,10.77,0.275,0.572,2.923,3.496,6.6,0.8611,0.0,487.31,0.0,339.12,487.31,56.09,34.35,"[339.12, 486.92, 442, 487.31, 401.5]","[2, 2, 3, 4, 2]",13
assembly_1,5,0.25,subgraph_mip,diverse,50,343,1105,513,46.43,0.275,0.027,6.77,6.797,3.39,0.8615,0.04,486.92,-0.08,339.12,486.92,55.66,34.26,"[339.12, 486.92, 484.48, 444.83, 401.5]","[2, 2, 4, 3, 2]",13
assembly_1,5,0.25,subgraph_mip,edge_weight,100,343,1105,78,7.06,0.275,0.354,1.237,1.591,14.49,0.8611,0.0,487.31,0.0,339.12,487.31,56.09,34.35,"[339.12, 486.92, 442, 487.31, 401.5]","[2, 2, 3, 4, 2]",13
assembly_1,5,0.25,subgraph_mip,time_balanced_weight,100,343,1105,170,15.38,0.275,0.497,1.453,1.95,11.82,1.0333,20.0,502.2,3.06,274,502.2,81.97,52.9,"[489.84, 502.2, 444.83, 445.98, 274]","[2, 3, 3, 3, 2]",13
assembly_1,5,0.25,subgraph_mip,combined,100,343,1105,241,21.81,0.275,0.87,4.57,5.441,4.24,0.8611,0.0,487.31,0.0,339.12,487.31,56.09,34.35,"[339.12, 486.92, 442, 487.31, 401.5]","[2, 2, 3, 4, 2]",13
assembly_1,5,0.25,subgraph_mip,blended,100,343,1105,72,6.52,0.275,0.347,2.537,2.884,8.0,0.8718,1.23,447.12,-8.25,401.5,447.12,16.03,10.58,"[436.68, 442, 429.55, 401.5, 447.12]","[3, 3, 2, 2, 3]",13
assembly_1,5,0.25,subgraph_mip,blended_union,100,343,1105,160,14.48,0.275,1.155,4.481,5.636,4.09,0.8611,0.0,487.31,0.0,339.12,487.31,56.09,34.35,"[339.12, 486.92, 442, 487.31, 401.5]","[2, 2, 3, 4, 2]",13
assembly_1,5,0.25,subgraph_mip,diverse,100,343,1105,752,68.05,0.275,0.056,49.957,50.013,0.46,0.8613,0.02,487.31,0.0,339.12,487.31,56.09,34.35,"[339.12, 486.92, 442, 487.31, 401.5]","[2, 2, 3, 4, 2]",13
assembly_1,5,0.25,subgraph_mip,edge_weight,200,343,1105,95,8.6,0.275,0.735,1.797,2.533,9.1,0.8611,0.0,487.31,0.0,339.12,487.31,56.09,34.35,"[339.12, 486.92, 442, 487.31, 401.5]","[2, 2, 3, 4, 2]",13
assembly_1,5,0.25,subgraph_mip,time_balanced_weight,200,343,1105,211,19.1,0.275,0.862,2.15,3.012,7.65,1.0333,20.0,502.2,3.06,274,502.2,81.97,52.9,"[489.84, 502.2, 444.83, 445.98, 274]","[2, 3, 3, 3, 2]",13
assembly_1,5,0.25,subgraph_mip,combined,200,343,1105,295,26.7,0.275,1.717,6.592,8.309,2.78,0.8611,0.0,487.31,0.0,339.12,487.31,56.09,34.35,"[339.12, 486.92, 442, 487.31, 401.5]","[2, 2, 3, 4, 2]",13
assembly_1,5,0.25,subgraph_mip,blended,200,343,1105,95,8.6,0.275,0.697,1.636,2.333,9.88,0.8718,1.23,447.12,-8.25,401.5,447.12,16.03,10.58,"[436.68, 442, 429.55, 401.5, 447.12]","[3, 3, 2, 2, 3]",13
assembly_1,5,0.25,subgraph_mip,blended_union,200,343,1105,217,19.64,0.275,2.192,9.132,11.324,2.04,0.8611,0.0,487.31,0.0,339.12,487.31,56.09,34.35,"[339.12, 486.92, 442, 487.31, 401.5]","[2, 2, 3, 4, 2]",13
assembly_1,5,0.25,subgraph_mip,diverse,200,343,1105,905,81.9,0.275,0.176,33.025,33.201,0.69,0.8613,0.02,487.31,0.0,339.12,487.31,56.09,34.35,"[339.12, 486.92, 442, 487.31, 401.5]","[2, 2, 3, 4, 2]",13
assembly_1,5,0.25,subgraph_mip,edge_weight,500,343,1105,108,9.77,0.275,1.622,2.967,4.589,5.02,0.8611,0.0,487.31,0.0,339.12,487.31,56.09,34.35,"[339.12, 486.92, 442, 487.31, 401.5]","[2, 2, 3, 4, 2]",13
assembly_1,5,0.25,subgraph_mip,time_balanced_weight,500,343,1105,343,31.04,0.275,2.106,6.006,8.112,2.84,0.9857,14.46,487.31,0.0,339.12,487.31,56.09,34.35,"[339.12, 486.92, 442, 487.31, 401.5]","[2, 2, 3, 4, 2]",13
assembly_1,5,0.25,subgraph_mip,combined,500,343,1105,420,38.01,0.275,3.72,7.687,11.407,2.02,0.8611,0.0,487.31,0.0,339.12,487.31,56.09,34.35,"[339.12, 486.92, 442, 487.31, 401.5]","[2, 2, 3, 4, 2]",13
assembly_1,5,0.25,subgraph_mip,blended,500,343,1105,145,13.12,0.275,1.807,2.32,4.127,5.59,0.8718,1.23,447.12,-8.25,401.5,447.12,16.03,10.58,"[436.68, 442, 429.55, 401.5, 447.12]","[3, 3, 2, 2, 3]",13
assembly_1,5,0.25,subgraph_mip,blended_union,500,343,1105,248,22.44,0.275,5.381,7.464,12.845,1.8,0.8611,0.0,487.31,0.0,339.12,487.31,56.09,34.35,"[339.12, 486.92, 442, 487.31, 401.5]","[2, 2, 3, 4, 2]",13
assembly_1,5,0.25,subgraph_mip,diverse,500,343,1105,1042,94.3,0.275,0.485,30.152,30.637,0.75,0.8613,0.02,487.31,0.0,339.12,487.31,56.09,34.35,"[339.12, 486.92, 442, 487.31, 401.5]","[2, 2, 3, 4, 2]",13
assembly_1,5,0.25,subgraph_mip,edge_weight,1000,343,1105,142,12.85,0.275,3.483,4.279,7.762,2.97,0.8611,0.0,487.31,0.0,339.12,487.31,56.09,34.35,"[339.12, 486.92, 442, 487.31, 401.5]","[2, 2, 3, 4, 2]",13
assembly_1,5,0.25,subgraph_mip,time_balanced_weight,1000,343,1105,412,37.29,0.275,4.554,6.431,10.985,2.1,0.9817,14.0,486.92,-0.08,339.12,486.92,51.434,34.26,"[339.12, 486.92, 442, 420.13, 468.68]","[2, 2, 3, 2, 4]",13
assembly_1,5,0.25,subgraph_mip,combined,1000,343,1105,507,45.88,0.275,6.312,15.082,21.393,1.08,0.8611,0.0,487.31,0.0,339.12,487.31,56.09,34.35,"[339.12, 486.92, 442, 487.31, 401.5]","[2, 2, 3, 4, 2]",13
assembly_1,5,0.25,subgraph_mip,blended,1000,343,1105,202,18.28,0.275,3.183,15.169,18.352,1.26,0.8718,1.23,447.12,-8.25,401.5,447.12,16.03,10.58,"[436.68, 442, 429.55, 401.5, 447.12]","[3, 3, 2, 2, 3]",13
assembly_1,5,0.25,subgraph_mip,blended_union,1000,343,1105,310,28.05,0.275,11.071,9.84,20.911,1.1,0.8611,0.0,487.31,0.0,339.12,487.31,56.09,34.35,"[339.12, 486.92, 442, 487.31, 401.5]","[2, 2, 3, 4, 2]",13
assembly_1,5,0.25,subgraph_mip,diverse,1000,343,1105,1103,99.82,0.275,1.014,69.783,70.797,0.33,0.8611,0.0,487.31,0.0,339.12,487.31,56.09,34.35,"[339.12, 486.92, 442, 487.31, 401.5]","[2, 2, 3, 4, 2]",13
assembly_1,5,0.25,subgraph_mip,edge_weight,2000,343,1105,185,16.74,0.275,8.39,4.336,12.726,1.81,0.8611,0.0,487.31,0.0,339.12,487.31,56.09,34.35,"[339.12, 486.92, 442, 487.31, 401.5]","[2, 2, 3, 4, 2]",13
assembly_1,5,0.25,subgraph_mip,time_balanced_weight,2000,343,1105,575,52.04,0.275,9.12,12.88,22.0,1.05,0.9817,14.0,486.92,-0.08,339.12,486.92,51.434,34.26,"[339.12, 486.92, 442, 420.13, 468.68]","[2, 2, 3, 2, 4]",13
assembly_1,5,0.25,subgraph_mip,combined,2000,343,1105,655,59.28,0.275,17.025,21.603,38.628,0.6,0.8611,0.0,487.31,0.0,339.12,487.31,56.09,34.35,"[339.12, 486.92, 442, 487.31, 401.5]","[2, 2, 3, 4, 2]",13
assembly_1,5,0.25,subgraph_mip,blended,2000,343,1105,282,25.52,0.275,9.077,14.82,23.897,0.96,0.8718,1.23,447.12,-8.25,401.5,447.12,16.03,10.58,"[436.68, 442, 429.55, 401.5, 447.12]","[3, 3, 2, 2, 3]",13
assembly_1,5,0.25,subgraph_mip,blended_union,2000,343,1105,397,35.93,0.275,28.543,15.73,44.273,0.52,0.8611,0.0,487.31,0.0,339.12,487.31,56.09,34.35,"[339.12, 486.92, 442, 487.31, 401.5]","[2, 2, 3, 4, 2]",13
assembly_1,5,0.25,subgraph_mip,diverse,2000,343,1105,1105,100.0,0.275,2.217,26.696,28.913,0.8,0.8611,0.0,487.31,0.0,339.12,487.31,56.09,34.35,"[339.12, 486.92, 442, 487.31, 401.5]","[2, 2, 3, 4, 2]",13
assembly_1,5,0.25,subgraph_mip,edge_weight,5000,343,1105,232,21.0,0.275,33.026,10.323,43.349,0.53,0.8611,0.0,487.31,0.0,339.12,487.31,56.09,34.35,"[339.12, 486.92, 442, 487.31, 401.5]","[2, 2, 3, 4, 2]",13
assembly_1,5,0.25,subgraph_mip,time_balanced_weight,5000,343,1105,739,66.88,0.275,30.097,15.589,45.687,0.5,0.98,13.8,487.31,0.0,339.12,487.31,56.09,34.35,"[339.12, 486.92, 442, 487.31, 401.5]","[2, 2, 3, 4, 2]",13
assembly_1,5,0.25,subgraph_mip,combined,5000,343,1105,806,72.94,0.275,60.528,40.004,100.532,0.23,0.8611,0.0,487.31,0.0,339.12,487.31,56.09,34.35,"[339.12, 486.92, 442, 487.31, 401.5]","[2, 2, 3, 4, 2]",13
assembly_1,5,0.25,subgraph_mip,blended,5000,343,1105,424,38.37,0.275,33.841,57.254,91.095,0.25,0.8611,0.0,487.31,0.0,339.12,487.31,56.09,34.35,"[339.12, 486.92, 442, 487.31, 401.5]","[2, 2, 3, 4, 2]",13
assembly_1,5,0.25,subgraph_mip,blended_union,5000,343,1105,483,43.71,0.275,107.073,39.405,146.478,0.16,0.8611,0.0,487.31,0.0,339.12,487.31,56.09,34.35,"[339.12, 486.92, 442, 487.31, 401.5]","[2, 2, 3, 4, 2]",13
assembly_1,5,0.25,subgraph_mip,diverse,5000,343,1105,1105,100.0,0.275,5.784,26.058,31.843,0.72,0.8611,0.0,487.31,0.0,339.12,487.31,56.09,34.35,"[339.12, 486.92, 442, 487.31, 401.5]","[2, 2, 3, 4, 2]",13
assembly_1,5,0.3,full_mip,—,,343,1105,1105,100.0,0.357,0.0,39.705,39.705,1.0,0.8665,0.0,487.31,0.0,339.12,487.31,56.09,34.35,"[339.12, 486.92, 442, 487.31, 401.5]","[2, 2, 3, 4, 2]",13
assembly_1,5,0.3,subgraph_mip,edge_weight,1,343,1105,13,1.18,0.357,0.002,0.292,0.294,135.25,0.8702,0.43,495.7,1.72,339.12,495.7,58.841,36.3,"[339.12, 486.92, 442, 393.11, 495.7]","[2, 2, 3, 3, 3]",13
assembly_1,5,0.3,subgraph_mip,time_balanced_weight,1,343,1105,13,1.18,0.357,0.001,0.272,0.273,145.64,1.1454,32.19,514.33,5.54,332,514.33,67.976,42.27,"[486.92, 332, 514.33, 376.48, 447.12]","[2, 2, 3, 3, 3]",13
assembly_1,5,0.3,subgraph_mip,combined,1,343,1105,26,2.35,0.357,0.002,1.724,1.726,23.01,0.8702,0.43,495.7,1.72,339.12,495.7,58.841,36.3,"[339.12, 486.92, 442, 393.11, 495.7]","[2, 2, 3, 3, 3]",13
assembly_1,5,0.3,subgraph_mip,blended,1,343,1105,13,1.18,0.357,0.001,0.094,0.094,421.44,0.8746,0.94,447.12,-8.25,410.92,447.12,13.666,8.39,"[436.68, 442, 420.13, 410.92, 447.12]","[3, 3, 2, 2, 3]",13
assembly_1,5,0.3,subgraph_mip,blended_union,1,343,1105,35,3.17,0.357,0.013,2.952,2.965,13.39,0.8702,0.43,495.7,1.72,339.12,495.7,58.841,36.3,"[339.12, 486.92, 442, 393.11, 495.7]","[2, 2, 3, 3, 3]",13
assembly_1,5,0.3,subgraph_mip,diverse,1,343,1105,13,1.18,0.357,0.004,0.047,0.051,783.08,0.8746,0.94,447.12,-8.25,410.92,447.12,13.666,8.39,"[436.68, 442, 420.13, 410.92, 447.12]","[3, 3, 2, 2, 3]",13
assembly_1,5,0.3,subgraph_mip,edge_weight,2,343,1105,15,1.36,0.357,0.009,0.349,0.358,110.83,0.8702,0.43,495.7,1.72,339.12,495.7,58.841,36.3,"[339.12, 486.92, 442, 393.11, 495.7]","[2, 2, 3, 3, 3]",13
assembly_1,5,0.3,subgraph_mip,time_balanced_weight,2,343,1105,15,1.36,0.357,0.009,0.662,0.671,59.17,1.1386,31.41,514.33,5.54,332,514.33,74.219,42.27,"[486.92, 332, 514.33, 470.68, 352.92]","[2, 2, 3, 4, 2]",13
assembly_1,5,0.3,subgraph_mip,combined,2,343,1105,30,2.71,0.357,0.008,0.606,0.614,64.63,0.8702,0.43,495.7,1.72,339.12,495.7,58.841,36.3,"[339.12, 486.92, 442, 393.11, 495.7]","[2, 2, 3, 3, 3]",13
assembly_1,5,0.3,subgraph_mip,blended,2,343,1105,15,1.36,0.357,0.003,0.091,0.095,419.6,0.8746,0.94,447.12,-8.25,410.92,447.12,13.666,8.39,"[436.68, 442, 420.13, 410.92, 447.12]","[3, 3, 2, 2, 3]",13
assembly_1,5,0.3,subgraph_mip,blended_union,2,343,1105,40,3.62,0.357,0.032,0.483,0.515,77.12,0.8702,0.43,495.7,1.72,339.12,495.7,58.841,36.3,"[339.12, 486.92, 442, 393.11, 495.7]","[2, 2, 3, 3, 3]",13
assembly_1,5,0.3,subgraph_mip,diverse,2,343,1105,26,2.35,0.357,0.01,0.919,0.929,42.73,0.8746,0.94,447.12,-8.25,410.92,447.12,13.666,8.39,"[436.68, 442, 420.13, 410.92, 447.12]","[3, 3, 2, 2, 3]",13
assembly_1,5,0.3,subgraph_mip,edge_weight,5,343,1105,21,1.9,0.357,0.012,0.396,0.407,97.45,0.8702,0.43,495.7,1.72,339.12,495.7,58.841,36.3,"[339.12, 486.92, 442, 393.11, 495.7]","[2, 2, 3, 3, 3]",13
assembly_1,5,0.3,subgraph_mip,time_balanced_weight,5,343,1105,36,3.26,0.357,0.016,1.405,1.421,27.94,1.1072,27.78,486.92,-0.08,345.5,486.92,49.902,32.78,"[486.92, 410.92, 444.83, 345.5, 468.68]","[2, 2, 3, 2, 4]",13
assembly_1,5,0.3,subgraph_mip,combined,5,343,1105,57,5.16,0.357,0.056,1.038,1.093,36.31,0.8702,0.43,495.7,1.72,339.12,495.7,58.841,36.3,"[339.12, 486.92, 442, 393.11, 495.7]","[2, 2, 3, 3, 3]",13
assembly_1,5,0.3,subgraph_mip,blended,5,343,1105,19,1.72,0.357,0.019,0.596,0.614,64.63,0.8746,0.94,447.12,-8.25,410.92,447.12,13.666,8.39,"[436.68, 442, 420.13, 410.92, 447.12]","[3, 3, 2, 2, 3]",13
assembly_1,5,0.3,subgraph_mip,blended_union,5,343,1105,54,4.89,0.357,0.078,3.305,3.382,11.74,0.8702,0.43,495.7,1.72,339.12,495.7,58.841,36.3,"[339.12, 486.92, 442, 393.11, 495.7]","[2, 2, 3, 3, 3]",13
assembly_1,5,0.3,subgraph_mip,diverse,5,343,1105,65,5.88,0.357,0.014,1.66,1.674,23.72,0.8746,0.94,447.12,-8.25,410.92,447.12,13.666,8.39,"[436.68, 442, 420.13, 410.92, 447.12]","[3, 3, 2, 2, 3]",13
assembly_1,5,0.3,subgraph_mip,edge_weight,10,343,1105,24,2.17,0.357,0.026,0.518,0.543,73.07,0.8702,0.43,495.7,1.72,339.12,495.7,58.841,36.3,"[339.12, 486.92, 442, 393.11, 495.7]","[2, 2, 3, 3, 3]",13
assembly_1,5,0.3,subgraph_mip,time_balanced_weight,10,343,1105,48,4.34,0.357,0.067,1.629,1.696,23.41,1.1046,27.48,486.92,-0.08,360.68,486.92,41.401,29.26,"[486.92, 442, 420.13, 360.68, 447.12]","[2, 3, 2, 3, 3]",13
assembly_1,5,0.3,subgraph_mip,combined,10,343,1105,72,6.52,0.357,0.083,1.701,1.783,22.27,0.8702,0.43,495.7,1.72,339.12,495.7,58.841,36.3,"[339.12, 486.92, 442, 393.11, 495.7]","[2, 2, 3, 3, 3]",13
assembly_1,5,0.3,subgraph_mip,blended,10,343,1105,21,1.9,0.357,0.041,0.709,0.75,52.96,0.8746,0.94,447.12,-8.25,410.92,447.12,13.666,8.39,"[436.68, 442, 420.13, 410.92, 447.12]","[3, 3, 2, 2, 3]",13
assembly_1,5,0.3,subgraph_mip,blended_union,10,343,1105,63,5.7,0.357,0.15,2.439,2.589,15.34,0.8702,0.43,495.7,1.72,339.12,495.7,58.841,36.3,"[339.12, 486.92, 442, 393.11, 495.7]","[2, 2, 3, 3, 3]",13
assembly_1,5,0.3,subgraph_mip,diverse,10,343,1105,126,11.4,0.357,0.009,3.182,3.191,12.44,0.8746,0.94,447.12,-8.25,410.92,447.12,13.666,8.39,"[436.68, 442, 420.13, 410.92, 447.12]","[3, 3, 2, 2, 3]",13
assembly_1,5,0.3,subgraph_mip,edge_weight,20,343,1105,35,3.17,0.357,0.075,0.613,0.688,57.72,0.8665,0.0,487.31,0.0,339.12,487.31,56.09,34.35,"[339.12, 486.92, 442, 487.31, 401.5]","[2, 2, 3, 4, 2]",13
assembly_1,5,0.3,subgraph_mip,time_balanced_weight,20,343,1105,64,5.79,0.357,0.092,1.115,1.207,32.9,1.0876,25.52,489.84,0.52,345.5,489.84,50.817,33.46,"[489.84, 408, 444.83, 345.5, 468.68]","[2, 2, 3, 2, 4]",13
assembly_1,5,0.3,subgraph_mip,combined,20,343,1105,99,8.96,0.357,0.207,0.951,1.158,34.29,0.8665,0.0,487.31,0.0,339.12,487.31,56.09,34.35,"[339.12, 486.92, 442, 487.31, 401.5]","[2, 2, 3, 4, 2]",13
assembly_1,5,0.3,subgraph_mip,blended,20,343,1105,30,2.71,0.357,0.078,3.416,3.493,11.37,0.8712,0.55,447.12,-8.25,401.5,447.12,16.03,10.58,"[436.68, 442, 429.55, 401.5, 447.12]","[3, 3, 2, 2, 3]",13
assembly_1,5,0.3,subgraph_mip,blended_union,20,343,1105,86,7.78,0.357,0.236,1.808,2.044,19.43,0.8665,0.0,487.31,0.0,339.12,487.31,56.09,34.35,"[339.12, 486.92, 442, 487.31, 401.5]","[2, 2, 3, 4, 2]",13
assembly_1,5,0.3,subgraph_mip,diverse,20,343,1105,239,21.63,0.357,0.015,3.98,3.994,9.94,0.8741,0.88,486.92,-0.08,339.12,486.92,51.656,34.26,"[339.12, 486.92, 440, 420.13, 470.68]","[2, 2, 3, 2, 4]",13
assembly_1,5,0.3,subgraph_mip,edge_weight,50,343,1105,54,4.89,0.357,0.234,1.347,1.58,25.13,0.8665,-0.0,487.31,0.0,339.12,487.31,56.09,34.35,"[339.12, 486.92, 442, 487.31, 401.5]","[2, 2, 3, 4, 2]",13
assembly_1,5,0.3,subgraph_mip,time_balanced_weight,50,343,1105,119,10.77,0.357,0.251,3.74,3.991,9.95,1.0715,23.67,489.84,0.52,329.7,489.84,57.532,37.12,"[489.84, 408, 460.63, 329.7, 468.68]","[2, 2, 3, 2, 4]",13
assembly_1,5,0.3,subgraph_mip,combined,50,343,1105,171,15.48,0.357,0.535,4.933,5.468,7.26,0.8665,0.0,487.31,0.0,339.12,487.31,56.09,34.35,"[339.12, 486.92, 442, 487.31, 401.5]","[2, 2, 3, 4, 2]",13
assembly_1,5,0.3,subgraph_mip,blended,50,343,1105,51,4.62,0.357,0.155,1.958,2.113,18.79,0.8712,0.55,447.12,-8.25,401.5,447.12,16.03,10.58,"[436.68, 442, 429.55, 401.5, 447.12]","[3, 3, 2, 2, 3]",13
assembly_1,5,0.3,subgraph_mip,blended_union,50,343,1105,119,10.77,0.357,0.473,2.711,3.184,12.47,0.8665,0.0,487.31,0.0,339.12,487.31,56.09,34.35,"[339.12, 486.92, 442, 487.31, 401.5]","[2, 2, 3, 4, 2]",13
assembly_1,5,0.3,subgraph_mip,diverse,50,343,1105,509,46.06,0.357,0.036,11.593,11.629,3.41,0.8712,0.55,447.12,-8.25,401.5,447.12,16.03,10.58,"[436.68, 442, 429.55, 401.5, 447.12]","[3, 3, 2, 2, 3]",13
assembly_1,5,0.3,subgraph_mip,edge_weight,100,343,1105,78,7.06,0.357,0.383,1.641,2.024,19.62,0.8665,-0.0,487.31,0.0,339.12,487.31,56.09,34.35,"[339.12, 486.92, 442, 487.31, 401.5]","[2, 2, 3, 4, 2]",13
assembly_1,5,0.3,subgraph_mip,time_balanced_weight,100,343,1105,170,15.38,0.357,0.5,5.647,6.148,6.46,1.0291,18.77,502.2,3.06,274,502.2,81.97,52.9,"[489.84, 502.2, 444.83, 445.98, 274]","[2, 3, 3, 3, 2]",13
assembly_1,5,0.3,subgraph_mip,combined,100,343,1105,241,21.81,0.357,0.773,4.787,5.56,7.14,0.8665,0.0,487.31,0.0,339.12,487.31,56.09,34.35,"[339.12, 486.92, 442, 487.31, 401.5]","[2, 2, 3, 4, 2]",13
assembly_1,5,0.3,subgraph_mip,blended,100,343,1105,72,6.52,0.357,0.312,2.205,2.517,15.77,0.8712,0.55,447.12,-8.25,401.5,447.12,16.03,10.58,"[436.68, 442, 429.55, 401.5, 447.12]","[3, 3, 2, 2, 3]",13
assembly_1,5,0.3,subgraph_mip,blended_union,100,343,1105,160,14.48,0.357,1.211,4.575,5.786,6.86,0.8665,0.0,487.31,0.0,339.12,487.31,56.09,34.35,"[339.12, 486.92, 442, 487.31, 401.5]","[2, 2, 3, 4, 2]",13
assembly_1,5,0.3,subgraph_mip,diverse,100,343,1105,747,67.6,0.357,0.085,20.461,20.547,1.93,0.8686,0.24,486.92,-0.08,339.12,486.92,55.66,34.26,"[339.12, 486.92, 484.48, 444.83, 401.5]","[2, 2, 4, 3, 2]",13
assembly_1,5,0.3,subgraph_mip,edge_weight,200,343,1105,95,8.6,0.357,0.698,2.25,2.948,13.47,0.8665,0.0,487.31,0.0,339.12,487.31,56.09,34.35,"[339.12, 486.92, 442, 487.31, 401.5]","[2, 2, 3, 4, 2]",13
assembly_1,5,0.3,subgraph_mip,time_balanced_weight,200,343,1105,211,19.1,0.357,0.936,1.888,2.825,14.06,1.0291,18.77,502.2,3.06,274,502.2,81.97,52.9,"[489.84, 502.2, 444.83, 445.98, 274]","[2, 3, 3, 3, 2]",13
assembly_1,5,0.3,subgraph_mip,combined,200,343,1105,295,26.7,0.357,1.679,3.823,5.502,7.22,0.8665,0.0,487.31,0.0,339.12,487.31,56.09,34.35,"[339.12, 486.92, 442, 487.31, 401.5]","[2, 2, 3, 4, 2]",13
assembly_1,5,0.3,subgraph_mip,blended,200,343,1105,95,8.6,0.357,0.685,1.773,2.458,16.15,0.8712,0.55,447.12,-8.25,401.5,447.12,16.03,10.58,"[436.68, 442, 429.55, 401.5, 447.12]","[3, 3, 2, 2, 3]",13
assembly_1,5,0.3,subgraph_mip,blended_union,200,343,1105,217,19.64,0.357,2.245,7.387,9.632,4.12,0.8665,0.0,487.31,0.0,339.12,487.31,56.09,34.35,"[339.12, 486.92, 442, 487.31, 401.5]","[2, 2, 3, 4, 2]",13
assembly_1,5,0.3,subgraph_mip,diverse,200,343,1105,910,82.35,0.357,0.177,73.759,73.936,0.54,0.8666,0.02,487.31,0.0,339.12,487.31,56.09,34.35,"[339.12, 486.92, 442, 487.31, 401.5]","[2, 2, 3, 4, 2]",13
assembly_1,5,0.3,subgraph_mip,edge_weight,500,343,1105,108,9.77,0.357,1.62,2.419,4.039,9.83,0.8665,0.0,487.31,0.0,339.12,487.31,56.09,34.35,"[339.12, 486.92, 442, 487.31, 401.5]","[2, 2, 3, 4, 2]",13
assembly_1,5,0.3,subgraph_mip,time_balanced_weight,500,343,1105,343,31.04,0.357,1.915,6.343,8.258,4.81,0.9827,13.41,487.31,0.0,339.12,487.31,56.09,34.35,"[339.12, 486.92, 442, 487.31, 401.5]","[2, 2, 3, 4, 2]",13
assembly_1,5,0.3,subgraph_mip,combined,500,343,1105,420,38.01,0.357,3.745,12.11,15.855,2.5,0.8665,0.0,487.31,0.0,339.12,487.31,56.09,34.35,"[339.12, 486.92, 442, 487.31, 401.5]","[2, 2, 3, 4, 2]",13
assembly_1,5,0.3,subgraph_mip,blended,500,343,1105,141,12.76,0.357,1.762,1.999,3.761,10.56,0.8712,0.55,447.12,-8.25,401.5,447.12,16.03,10.58,"[436.68, 442, 429.55, 401.5, 447.12]","[3, 3, 2, 2, 3]",13
assembly_1,5,0.3,subgraph_mip,blended_union,500,343,1105,248,22.44,0.357,5.794,8.993,14.787,2.69,0.8665,0.0,487.31,0.0,339.12,487.31,56.09,34.35,"[339.12, 486.92, 442, 487.31, 401.5]","[2, 2, 3, 4, 2]",13
assembly_1,5,0.3,subgraph_mip,diverse,500,343,1105,1046,94.66,0.357,0.424,194.989,195.412,0.2,0.8666,0.02,487.31,0.0,339.12,487.31,56.09,34.35,"[339.12, 486.92, 442, 487.31, 401.5]","[2, 2, 3, 4, 2]",13
assembly_1,5,0.3,subgraph_mip,edge_weight,1000,343,1105,142,12.85,0.357,3.53,4.307,7.837,5.07,0.8665,-0.0,487.31,0.0,339.12,487.31,56.09,34.35,"[339.12, 486.92, 442, 487.31, 401.5]","[2, 2, 3, 4, 2]",13
assembly_1,5,0.3,subgraph_mip,time_balanced_weight,1000,343,1105,412,37.29,0.357,4.28,7.16,11.44,3.47,0.9789,12.98,486.92,-0.08,339.12,486.92,51.434,34.26,"[339.12, 486.92, 442, 420.13, 468.68]","[2, 2, 3, 2, 4]",13
assembly_1,5,0.3,subgraph_mip,combined,1000,343,1105,507,45.88,0.357,7.209,11.844,19.053,2.08,0.8665,0.0,487.31,0.0,339.12,487.31,56.09,34.35,"[339.12, 486.92, 442, 487.31, 401.5]","[2, 2, 3, 4, 2]",13
assembly_1,5,0.3,subgraph_mip,blended,1000,343,1105,214,19.37,0.357,3.695,8.076,11.771,3.37,0.8712,0.55,447.12,-8.25,401.5,447.12,16.03,10.58,"[436.68, 442, 429.55, 401.5, 447.12]","[3, 3, 2, 2, 3]",13
assembly_1,5,0.3,subgraph_mip,blended_union,1000,343,1105,310,28.05,0.357,11.495,10.897,22.392,1.77,0.8665,0.0,487.31,0.0,339.12,487.31,56.09,34.35,"[339.12, 486.92, 442, 487.31, 401.5]","[2, 2, 3, 4, 2]",13
assembly_1,5,0.3,subgraph_mip,diverse,1000,343,1105,1103,99.82,0.357,1.071,155.811,156.881,0.25,0.8665,0.0,487.31,0.0,339.12,487.31,56.09,34.35,"[339.12, 486.92, 442, 487.31, 401.5]","[2, 2, 3, 4, 2]",13
assembly_1,5,0.3,subgraph_mip,edge_weight,2000,343,1105,185,16.74,0.357,7.957,3.556,11.513,3.45,0.8665,0.0,487.31,0.0,339.12,487.31,56.09,34.35,"[339.12, 486.92, 442, 487.31, 401.5]","[2, 2, 3, 4, 2]",13
assembly_1,5,0.3,subgraph_mip,time_balanced_weight,2000,343,1105,575,52.04,0.357,8.665,32.676,41.342,0.96,0.9789,12.98,486.92,-0.08,339.12,486.92,51.434,34.26,"[339.12, 486.92, 442, 420.13, 468.68]","[2, 2, 3, 2, 4]",13
assembly_1,5,0.3,subgraph_mip,combined,2000,343,1105,655,59.28,0.357,17.045,46.549,63.594,0.62,0.8665,0.0,487.31,0.0,339.12,487.31,56.09,34.35,"[339.12, 486.92, 442, 487.31, 401.5]","[2, 2, 3, 4, 2]",13
assembly_1,5,0.3,subgraph_mip,blended,2000,343,1105,297,26.88,0.357,9.484,25.829,35.313,1.12,0.8712,0.55,447.12,-8.25,401.5,447.12,16.03,10.58,"[436.68, 442, 429.55, 401.5, 447.12]","[3, 3, 2, 2, 3]",13
assembly_1,5,0.3,subgraph_mip,blended_union,2000,343,1105,397,35.93,0.357,27.778,22.628,50.406,0.79,0.8665,0.0,487.31,0.0,339.12,487.31,56.09,34.35,"[339.12, 486.92, 442, 487.31, 401.5]","[2, 2, 3, 4, 2]",13
assembly_1,5,0.3,subgraph_mip,diverse,2000,343,1105,1105,100.0,0.357,2.141,42.123,44.264,0.9,0.8665,0.0,487.31,0.0,339.12,487.31,56.09,34.35,"[339.12, 486.92, 442, 487.31, 401.5]","[2, 2, 3, 4, 2]",13
assembly_1,5,0.3,subgraph_mip,edge_weight,5000,343,1105,232,21.0,0.357,33.664,26.38,60.045,0.66,0.8665,0.0,487.31,0.0,339.12,487.31,56.09,34.35,"[339.12, 486.92, 442, 487.31, 401.5]","[2, 2, 3, 4, 2]",13
assembly_1,5,0.3,subgraph_mip,time_balanced_weight,5000,343,1105,739,66.88,0.357,28.512,79.664,108.176,0.37,0.9774,12.8,487.31,0.0,339.12,487.31,56.09,34.35,"[339.12, 486.92, 442, 487.31, 401.5]","[2, 2, 3, 4, 2]",13
assembly_1,5,0.3,subgraph_mip,combined,5000,343,1105,806,72.94,0.357,62.392,56.235,118.627,0.33,0.8665,0.0,487.31,0.0,339.12,487.31,56.09,34.35,"[339.12, 486.92, 442, 487.31, 401.5]","[2, 2, 3, 4, 2]",13
assembly_1,5,0.3,subgraph_mip,blended,5000,343,1105,403,36.47,0.357,37.048,37.653,74.701,0.53,0.8712,0.55,447.12,-8.25,401.5,447.12,16.03,10.58,"[436.68, 442, 429.55, 401.5, 447.12]","[3, 3, 2, 2, 3]",13
assembly_1,5,0.3,subgraph_mip,blended_union,5000,343,1105,483,43.71,0.357,112.022,48.691,160.713,0.25,0.8665,0.0,487.31,0.0,339.12,487.31,56.09,34.35,"[339.12, 486.92, 442, 487.31, 401.5]","[2, 2, 3, 4, 2]",13
assembly_1,5,0.3,subgraph_mip,diverse,5000,343,1105,1105,100.0,0.357,5.684,41.308,46.992,0.84,0.8665,0.0,487.31,0.0,339.12,487.31,56.09,34.35,"[339.12, 486.92, 442, 487.31, 401.5]","[2, 2, 3, 4, 2]",13
assembly_1,5,0.35,full_mip,—,,343,1105,1105,100.0,0.248,0.0,164.829,164.829,1.0,0.8706,0.0,447.12,0.0,401.5,447.12,16.03,10.58,"[436.68, 442, 429.55, 401.5, 447.12]","[3, 3, 2, 2, 3]",13
assembly_1,5,0.35,subgraph_mip,edge_weight,1,343,1105,13,1.18,0.248,0.002,0.053,0.055,3008.11,0.8764,0.66,495.7,10.87,339.12,495.7,58.841,36.3,"[339.12, 486.92, 442, 393.11, 495.7]","[2, 2, 3, 3, 3]",13
assembly_1,5,0.35,subgraph_mip,time_balanced_weight,1,343,1105,13,1.18,0.248,0.001,0.586,0.588,280.55,1.1345,30.31,514.33,15.03,332,514.33,67.976,42.27,"[486.92, 332, 514.33, 376.48, 447.12]","[2, 2, 3, 3, 3]",13
assembly_1,5,0.35,subgraph_mip,combined,1,343,1105,26,2.35,0.248,0.002,1.092,1.093,150.76,0.8764,0.66,495.7,10.87,339.12,495.7,58.841,36.3,"[339.12, 486.92, 442, 393.11, 495.7]","[2, 2, 3, 3, 3]",13
assembly_1,5,0.35,subgraph_mip,blended,1,343,1105,13,1.18,0.248,0.001,0.095,0.096,1716.17,0.8738,0.37,447.12,0.0,410.92,447.12,13.666,8.39,"[436.68, 442, 420.13, 410.92, 447.12]","[3, 3, 2, 2, 3]",13
assembly_1,5,0.35,subgraph_mip,blended_union,1,343,1105,35,3.17,0.248,0.011,2.526,2.537,64.97,0.8738,0.37,447.12,0.0,410.92,447.12,13.666,8.39,"[436.68, 442, 420.13, 410.92, 447.12]","[3, 3, 2, 2, 3]",13
assembly_1,5,0.35,subgraph_mip,diverse,1,343,1105,13,1.18,0.248,0.004,0.095,0.099,1664.03,0.8738,0.37,447.12,0.0,410.92,447.12,13.666,8.39,"[436.68, 442, 420.13, 410.92, 447.12]","[3, 3, 2, 2, 3]",13
assembly_1,5,0.35,subgraph_mip,edge_weight,2,343,1105,15,1.36,0.248,0.004,0.426,0.43,383.43,0.8764,0.66,495.7,10.87,339.12,495.7,58.841,36.3,"[339.12, 486.92, 442, 393.11, 495.7]","[2, 2, 3, 3, 3]",13
assembly_1,5,0.35,subgraph_mip,time_balanced_weight,2,343,1105,15,1.36,0.248,0.006,1.685,1.691,97.47,1.1282,29.59,514.33,15.03,332,514.33,74.219,42.27,"[486.92, 332, 514.33, 470.68, 352.92]","[2, 2, 3, 4, 2]",13
assembly_1,5,0.35,subgraph_mip,combined,2,343,1105,30,2.71,0.248,0.017,1.233,1.25,131.86,0.8764,0.66,495.7,10.87,339.12,495.7,58.841,36.3,"[339.12, 486.92, 442, 393.11, 495.7]","[2, 2, 3, 3, 3]",13
assembly_1,5,0.35,subgraph_mip,blended,2,343,1105,15,1.36,0.248,0.009,0.047,0.056,2940.63,0.8738,0.37,447.12,0.0,410.92,447.12,13.666,8.39,"[436.68, 442, 420.13, 410.92, 447.12]","[3, 3, 2, 2, 3]",13
assembly_1,5,0.35,subgraph_mip,blended_union,2,343,1105,40,3.62,0.248,0.03,1.855,1.885,87.43,0.8738,0.37,447.12,0.0,410.92,447.12,13.666,8.39,"[436.68, 442, 420.13, 410.92, 447.12]","[3, 3, 2, 2, 3]",13
assembly_1,5,0.35,subgraph_mip,diverse,2,343,1105,26,2.35,0.248,0.005,1.448,1.452,113.48,0.8738,0.37,447.12,0.0,410.92,447.12,13.666,8.39,"[436.68, 442, 420.13, 410.92, 447.12]","[3, 3, 2, 2, 3]",13
assembly_1,5,0.35,subgraph_mip,edge_weight,5,343,1105,21,1.9,0.248,0.038,0.501,0.539,306.03,0.8764,0.66,495.7,10.87,339.12,495.7,58.841,36.3,"[339.12, 486.92, 442, 393.11, 495.7]","[2, 2, 3, 3, 3]",13
assembly_1,5,0.35,subgraph_mip,time_balanced_weight,5,343,1105,36,3.26,0.248,0.051,1.87,1.921,85.8,1.0952,25.8,486.92,8.9,345.5,486.92,49.902,32.78,"[486.92, 410.92, 444.83, 345.5, 468.68]","[2, 2, 3, 2, 4]",13
assembly_1,5,0.35,subgraph_mip,combined,5,343,1105,57,5.16,0.248,0.091,1.411,1.502,109.74,0.8764,0.66,495.7,10.87,339.12,495.7,58.841,36.3,"[339.12, 486.92, 442, 393.11, 495.7]","[2, 2, 3, 3, 3]",13
assembly_1,5,0.35,subgraph_mip,blended,5,343,1105,19,1.72,0.248,0.036,0.309,0.346,476.61,0.8738,0.37,447.12,0.0,410.92,447.12,13.666,8.39,"[436.68, 442, 420.13, 410.92, 447.12]","[3, 3, 2, 2, 3]",13
assembly_1,5,0.35,subgraph_mip,blended_union,5,343,1105,54,4.89,0.248,0.147,0.765,0.912,180.73,0.8738,0.37,447.12,0.0,410.92,447.12,13.666,8.39,"[436.68, 442, 420.13, 410.92, 447.12]","[3, 3, 2, 2, 3]",13
assembly_1,5,0.35,subgraph_mip,diverse,5,343,1105,65,5.88,0.248,0.02,1.158,1.178,139.93,0.8738,0.37,447.12,0.0,410.92,447.12,13.666,8.39,"[436.68, 442, 420.13, 410.92, 447.12]","[3, 3, 2, 2, 3]",13
assembly_1,5,0.35,subgraph_mip,edge_weight,10,343,1105,24,2.17,0.248,0.027,0.801,0.828,199.05,0.8764,0.66,495.7,10.87,339.12,495.7,58.841,36.3,"[339.12, 486.92, 442, 393.11, 495.7]","[2, 2, 3, 3, 3]",13
assembly_1,5,0.35,subgraph_mip,time_balanced_weight,10,343,1105,48,4.34,0.248,0.045,1.298,1.344,122.67,1.0928,25.52,486.92,8.9,360.68,486.92,41.401,29.26,"[486.92, 442, 420.13, 360.68, 447.12]","[2, 3, 2, 3, 3]",13
assembly_1,5,0.35,subgraph_mip,combined,10,343,1105,72,6.52,0.248,0.087,0.765,0.852,193.54,0.8764,0.66,495.7,10.87,339.12,495.7,58.841,36.3,"[339.12, 486.92, 442, 393.11, 495.7]","[2, 2, 3, 3, 3]",13
assembly_1,5,0.35,subgraph_mip,blended,10,343,1105,21,1.9,0.248,0.033,0.451,0.484,340.73,0.8738,0.37,447.12,0.0,410.92,447.12,13.666,8.39,"[436.68, 442, 420.13, 410.92, 447.12]","[3, 3, 2, 2, 3]",13
assembly_1,5,0.35,subgraph_mip,blended_union,10,343,1105,63,5.7,0.248,0.113,1.05,1.162,141.81,0.8738,0.37,447.12,0.0,410.92,447.12,13.666,8.39,"[436.68, 442, 420.13, 410.92, 447.12]","[3, 3, 2, 2, 3]",13
assembly_1,5,0.35,subgraph_mip,diverse,10,343,1105,126,11.4,0.248,0.021,1.232,1.253,131.53,0.8738,0.37,447.12,-0.0,410.92,447.12,13.666,8.39,"[436.68, 442, 420.13, 410.92, 447.12]","[3, 3, 2, 2, 3]",13
assembly_1,5,0.35,subgraph_mip,edge_weight,20,343,1105,35,3.17,0.248,0.101,2.981,3.083,53.47,0.8718,0.13,487.31,8.99,339.12,487.31,56.09,34.35,"[339.12, 486.92, 442, 487.31, 401.5]","[2, 2, 3, 4, 2]",13
assembly_1,5,0.35,subgraph_mip,time_balanced_weight,20,343,1105,64,5.79,0.248,0.126,1.271,1.397,118.03,1.0775,23.76,489.84,9.55,345.5,489.84,50.817,33.46,"[489.84, 408, 444.83, 345.5, 468.68]","[2, 2, 3, 2, 4]",13
assembly_1,5,0.35,subgraph_mip,combined,20,343,1105,99,8.96,0.248,0.186,6.246,6.432,25.63,0.8718,0.13,487.31,8.99,339.12,487.31,56.09,34.35,"[339.12, 486.92, 442, 487.31, 401.5]","[2, 2, 3, 4, 2]",13
assembly_1,5,0.35,subgraph_mip,blended,20,343,1105,30,2.71,0.248,0.074,2.442,2.516,65.51,0.8706,0.0,447.12,0.0,401.5,447.12,16.03,10.58,"[436.68, 442, 429.55, 401.5, 447.12]","[3, 3, 2, 2, 3]",13
assembly_1,5,0.35,subgraph_mip,blended_union,20,343,1105,86,7.78,0.248,0.231,2.111,2.342,70.37,0.8718,0.13,487.31,8.99,339.12,487.31,56.09,34.35,"[339.12, 486.92, 442, 487.31, 401.5]","[2, 2, 3, 4, 2]",13
assembly_1,5,0.35,subgraph_mip,diverse,20,343,1105,239,21.63,0.248,0.014,2.212,2.226,74.06,0.8738,0.37,447.12,0.0,410.92,447.12,13.666,8.39,"[436.68, 442, 420.13, 410.92, 447.12]","[3, 3, 2, 2, 3]",13
assembly_1,5,0.35,subgraph_mip,edge_weight,50,343,1105,54,4.89,0.248,0.206,1.511,1.717,95.98,0.8718,0.13,487.31,8.99,339.12,487.31,56.09,34.35,"[339.12, 486.92, 442, 487.31, 401.5]","[2, 2, 3, 4, 2]",13
assembly_1,5,0.35,subgraph_mip,time_balanced_weight,50,343,1105,119,10.77,0.248,0.301,3.207,3.508,46.99,1.0625,22.04,489.84,9.55,329.7,489.84,57.532,37.12,"[489.84, 408, 460.63, 329.7, 468.68]","[2, 2, 3, 2, 4]",13
assembly_1,5,0.35,subgraph_mip,combined,50,343,1105,171,15.48,0.248,0.531,2.232,2.763,59.65,0.8718,0.13,487.31,8.99,339.12,487.31,56.09,34.35,"[339.12, 486.92, 442, 487.31, 401.5]","[2, 2, 3, 4, 2]",13
assembly_1,5,0.35,subgraph_mip,blended,50,343,1105,49,4.43,0.248,0.177,0.651,0.828,199.08,0.8706,0.0,447.12,0.0,401.5,447.12,16.03,10.58,"[436.68, 442, 429.55, 401.5, 447.12]","[3, 3, 2, 2, 3]",13
assembly_1,5,0.35,subgraph_mip,blended_union,50,343,1105,119,10.77,0.248,0.516,2.737,3.253,50.67,0.8706,0.0,447.12,-0.0,401.5,447.12,16.03,10.58,"[436.68, 442, 429.55, 401.5, 447.12]","[3, 3, 2, 2, 3]",13
assembly_1,5,0.35,subgraph_mip,diverse,50,343,1105,513,46.43,0.248,0.042,17.711,17.753,9.28,0.8706,0.0,447.12,0.0,401.5,447.12,16.03,10.58,"[436.68, 442, 429.55, 401.5, 447.12]","[3, 3, 2, 2, 3]",13
assembly_1,5,0.35,subgraph_mip,edge_weight,100,343,1105,78,7.06,0.248,0.432,1.832,2.263,72.83,0.8718,0.13,487.31,8.99,339.12,487.31,56.09,34.35,"[339.12, 486.92, 442, 487.31, 401.5]","[2, 2, 3, 4, 2]",13
assembly_1,5,0.35,subgraph_mip,time_balanced_weight,100,343,1105,170,15.38,0.248,0.942,3.777,4.719,34.93,1.0248,17.71,502.2,12.32,274,502.2,81.97,52.9,"[489.84, 502.2, 444.83, 445.98, 274]","[2, 3, 3, 3, 2]",13
assembly_1,5,0.35,subgraph_mip,combined,100,343,1105,241,21.81,0.248,0.805,5.481,6.286,26.22,0.8718,0.13,487.31,8.99,339.12,487.31,56.09,34.35,"[339.12, 486.92, 442, 487.31, 401.5]","[2, 2, 3, 4, 2]",13
assembly_1,5,0.35,subgraph_mip,blended,100,343,1105,72,6.52,0.248,0.276,1.45,1.726,95.52,0.8706,0.0,447.12,0.0,401.5,447.12,16.03,10.58,"[436.68, 442, 429.55, 401.5, 447.12]","[3, 3, 2, 2, 3]",13
assembly_1,5,0.35,subgraph_mip,blended_union,100,343,1105,160,14.48,0.248,0.999,4.873,5.872,28.07,0.8706,0.0,447.12,-0.0,401.5,447.12,16.03,10.58,"[436.68, 442, 429.55, 401.5, 447.12]","[3, 3, 2, 2, 3]",13
assembly_1,5,0.35,subgraph_mip,diverse,100,343,1105,745,67.42,0.248,0.094,34.052,34.146,4.83,0.8706,0.0,447.12,0.0,401.5,447.12,16.03,10.58,"[436.68, 442, 429.55, 401.5, 447.12]","[3, 3, 2, 2, 3]",13
assembly_1,5,0.35,subgraph_mip,edge_weight,200,343,1105,95,8.6,0.248,0.976,2.651,3.628,45.44,0.8718,0.13,487.31,8.99,339.12,487.31,56.09,34.35,"[339.12, 486.92, 442, 487.31, 401.5]","[2, 2, 3, 4, 2]",13
assembly_1,5,0.35,subgraph_mip,time_balanced_weight,200,343,1105,211,19.1,0.248,1.025,3.512,4.537,36.33,1.0248,17.71,502.2,12.32,274,502.2,81.97,52.9,"[489.84, 502.2, 444.83, 445.98, 274]","[2, 3, 3, 3, 2]",13
assembly_1,5,0.35,subgraph_mip,combined,200,343,1105,295,26.7,0.248,1.652,3.457,5.109,32.26,0.8718,0.13,487.31,8.99,339.12,487.31,56.09,34.35,"[339.12, 486.92, 442, 487.31, 401.5]","[2, 2, 3, 4, 2]",13
assembly_1,5,0.35,subgraph_mip,blended,200,343,1105,97,8.78,0.248,0.74,2.753,3.493,47.19,0.8706,0.0,447.12,0.0,401.5,447.12,16.03,10.58,"[436.68, 442, 429.55, 401.5, 447.12]","[3, 3, 2, 2, 3]",13
assembly_1,5,0.35,subgraph_mip,blended_union,200,343,1105,217,19.64,0.248,3.246,5.851,9.097,18.12,0.8706,0.0,447.12,-0.0,401.5,447.12,16.03,10.58,"[436.68, 442, 429.55, 401.5, 447.12]","[3, 3, 2, 2, 3]",13
assembly_1,5,0.35,subgraph_mip,diverse,200,343,1105,912,82.53,0.248,0.193,84.736,84.929,1.94,0.8706,0.0,447.12,0.0,401.5,447.12,16.03,10.58,"[436.68, 442, 429.55, 401.5, 447.12]","[3, 3, 2, 2, 3]",13
assembly_1,5,0.35,subgraph_mip,edge_weight,500,343,1105,108,9.77,0.248,1.761,1.961,3.722,44.29,0.8718,0.13,487.31,8.99,339.12,487.31,56.09,34.35,"[339.12, 486.92, 442, 487.31, 401.5]","[2, 2, 3, 4, 2]",13
assembly_1,5,0.35,subgraph_mip,time_balanced_weight,500,343,1105,343,31.04,0.248,2.069,9.279,11.348,14.52,0.9797,12.53,487.31,8.99,339.12,487.31,56.09,34.35,"[339.12, 486.92, 442, 487.31, 401.5]","[2, 2, 3, 4, 2]",13
assembly_1,5,0.35,subgraph_mip,combined,500,343,1105,420,38.01,0.248,3.986,9.334,13.32,12.37,0.8718,0.13,487.31,8.99,339.12,487.31,56.09,34.35,"[339.12, 486.92, 442, 487.31, 401.5]","[2, 2, 3, 4, 2]",13
assembly_1,5,0.35,subgraph_mip,blended,500,343,1105,156,14.12,0.248,1.968,2.25,4.217,39.08,0.8706,0.0,447.12,-0.0,401.5,447.12,16.03,10.58,"[436.68, 442, 429.55, 401.5, 447.12]","[3, 3, 2, 2, 3]",13
assembly_1,5,0.35,subgraph_mip,blended_union,500,343,1105,248,22.44,0.248,5.512,10.165,15.677,10.51,0.8706,0.0,447.12,-0.0,401.5,447.12,16.03,10.58,"[436.68, 442, 429.55, 401.5, 447.12]","[3, 3, 2, 2, 3]",13
assembly_1,5,0.35,subgraph_mip,diverse,500,343,1105,1046,94.66,0.248,0.493,53.483,53.976,3.05,0.8706,0.0,447.12,0.0,401.5,447.12,16.03,10.58,"[436.68, 442, 429.55, 401.5, 447.12]","[3, 3, 2, 2, 3]",13
assembly_1,5,0.35,subgraph_mip,edge_weight,1000,343,1105,142,12.85,0.248,2.668,2.274,4.942,33.36,0.8718,0.13,487.31,8.99,339.12,487.31,56.09,34.35,"[339.12, 486.92, 442, 487.31, 401.5]","[2, 2, 3, 4, 2]",13
assembly_1,5,0.35,subgraph_mip,time_balanced_weight,1000,343,1105,412,37.29,0.248,4.386,6.942,11.328,14.55,0.9762,12.12,486.92,8.9,339.12,486.92,51.434,34.26,"[339.12, 486.92, 442, 420.13, 468.68]","[2, 2, 3, 2, 4]",13
assembly_1,5,0.35,subgraph_mip,combined,1000,343,1105,507,45.88,0.248,8.021,14.975,22.996,7.17,0.8718,0.13,487.31,8.99,339.12,487.31,56.09,34.35,"[339.12, 486.92, 442, 487.31, 401.5]","[2, 2, 3, 4, 2]",13
assembly_1,5,0.35,subgraph_mip,blended,1000,343,1105,221,20.0,0.248,4.235,8.928,13.163,12.52,0.8706,0.0,447.12,-0.0,401.5,447.12,16.03,10.58,"[436.68, 442, 429.55, 401.5, 447.12]","[3, 3, 2, 2, 3]",13
assembly_1,5,0.35,subgraph_mip,blended_union,1000,343,1105,310,28.05,0.248,11.772,13.393,25.166,6.55,0.8706,0.0,447.12,-0.0,401.5,447.12,16.03,10.58,"[436.68, 442, 429.55, 401.5, 447.12]","[3, 3, 2, 2, 3]",13
assembly_1,5,0.35,subgraph_mip,diverse,1000,343,1105,1102,99.73,0.248,0.891,159.846,160.737,1.03,0.8706,0.0,447.12,0.0,401.5,447.12,16.03,10.58,"[436.68, 442, 429.55, 401.5, 447.12]","[3, 3, 2, 2, 3]",13
assembly_1,5,0.35,subgraph_mip,edge_weight,2000,343,1105,185,16.74,0.248,8.554,5.853,14.407,11.44,0.8718,0.13,487.31,8.99,339.12,487.31,56.09,34.35,"[339.12, 486.92, 442, 487.31, 401.5]","[2, 2, 3, 4, 2]",13
assembly_1,5,0.35,subgraph_mip,time_balanced_weight,2000,343,1105,575,52.04,0.248,8.53,46.166,54.696,3.01,0.9762,12.12,486.92,8.9,339.12,486.92,51.434,34.26,"[339.12, 486.92, 442, 420.13, 468.68]","[2, 2, 3, 2, 4]",13
assembly_1,5,0.35,subgraph_mip,combined,2000,343,1105,655,59.28,0.248,16.975,39.986,56.961,2.89,0.8718,0.13,487.31,8.99,339.12,487.31,56.09,34.35,"[339.12, 486.92, 442, 487.31, 401.5]","[2, 2, 3, 4, 2]",13
assembly_1,5,0.35,subgraph_mip,blended,2000,343,1105,284,25.7,0.248,9.97,20.795,30.765,5.36,0.8706,0.0,447.12,-0.0,401.5,447.12,16.03,10.58,"[436.68, 442, 429.55, 401.5, 447.12]","[3, 3, 2, 2, 3]",13
assembly_1,5,0.35,subgraph_mip,blended_union,2000,343,1105,397,35.93,0.248,28.769,18.649,47.418,3.48,0.8706,0.0,447.12,0.0,401.5,447.12,16.03,10.58,"[436.68, 442, 429.55, 401.5, 447.12]","[3, 3, 2, 2, 3]",13
assembly_1,5,0.35,subgraph_mip,diverse,2000,343,1105,1105,100.0,0.248,2.3,161.172,163.472,1.01,0.8706,0.0,447.12,0.0,401.5,447.12,16.03,10.58,"[436.68, 442, 429.55, 401.5, 447.12]","[3, 3, 2, 2, 3]",13
assembly_1,5,0.35,subgraph_mip,edge_weight,5000,343,1105,232,21.0,0.248,33.906,12.097,46.003,3.58,0.8718,0.13,487.31,8.99,339.12,487.31,56.09,34.35,"[339.12, 486.92, 442, 487.31, 401.5]","[2, 2, 3, 4, 2]",13
assembly_1,5,0.35,subgraph_mip,time_balanced_weight,5000,343,1105,739,66.88,0.248,29.272,16.953,46.225,3.57,0.9748,11.96,487.31,8.99,339.12,487.31,56.09,34.35,"[339.12, 486.92, 442, 487.31, 401.5]","[2, 2, 3, 4, 2]",13
assembly_1,5,0.35,subgraph_mip,combined,5000,343,1105,806,72.94,0.248,63.183,94.097,157.279,1.05,0.8706,0.0,447.12,0.0,401.5,447.12,16.03,10.58,"[436.68, 442, 429.55, 401.5, 447.12]","[3, 3, 2, 2, 3]",13
assembly_1,5,0.35,subgraph_mip,blended,5000,343,1105,405,36.65,0.248,39.596,22.517,62.113,2.65,0.8706,0.0,447.12,0.0,401.5,447.12,16.03,10.58,"[436.68, 442, 429.55, 401.5, 447.12]","[3, 3, 2, 2, 3]",13
assembly_1,5,0.35,subgraph_mip,blended_union,5000,343,1105,483,43.71,0.248,112.586,53.703,166.289,0.99,0.8706,0.0,447.12,0.0,401.5,447.12,16.03,10.58,"[436.68, 442, 429.55, 401.5, 447.12]","[3, 3, 2, 2, 3]",13
assembly_1,5,0.35,subgraph_mip,diverse,5000,343,1105,1105,100.0,0.248,5.608,161.682,167.291,0.99,0.8706,0.0,447.12,0.0,401.5,447.12,16.03,10.58,"[436.68, 442, 429.55, 401.5, 447.12]","[3, 3, 2, 2, 3]",13
assembly_1,5,0.4,full_mip,—,,343,1105,1105,100.0,0.298,0.0,154.609,154.609,1.0,0.8701,0.0,447.12,0.0,401.5,447.12,16.03,10.58,"[436.68, 442, 429.55, 401.5, 447.12]","[3, 3, 2, 2, 3]",13
assembly_1,5,0.4,subgraph_mip,edge_weight,1,343,1105,13,1.18,0.298,0.002,0.241,0.243,636.69,0.8826,1.44,495.7,10.87,339.12,495.7,58.841,36.3,"[339.12, 486.92, 442, 393.11, 495.7]","[2, 2, 3, 3, 3]",13
assembly_1,5,0.4,subgraph_mip,time_balanced_weight,1,343,1105,13,1.18,0.298,0.001,0.217,0.218,709.06,1.1236,29.14,514.33,15.03,332,514.33,67.976,42.27,"[486.92, 332, 514.33, 376.48, 447.12]","[2, 2, 3, 3, 3]",13
assembly_1,5,0.4,subgraph_mip,combined,1,343,1105,26,2.35,0.298,0.002,1.136,1.137,135.95,0.8826,1.44,495.7,10.87,339.12,495.7,58.841,36.3,"[339.12, 486.92, 442, 393.11, 495.7]","[2, 2, 3, 3, 3]",13
assembly_1,5,0.4,subgraph_mip,blended,1,343,1105,13,1.18,0.298,0.001,0.046,0.046,3338.37,0.873,0.34,447.12,0.0,410.92,447.12,13.666,8.39,"[436.68, 442, 420.13, 410.92, 447.12]","[3, 3, 2, 2, 3]",13
assembly_1,5,0.4,subgraph_mip,blended_union,1,343,1105,35,3.17,0.298,0.012,1.002,1.014,152.51,0.873,0.34,447.12,0.0,410.92,447.12,13.666,8.39,"[436.68, 442, 420.13, 410.92, 447.12]","[3, 3, 2, 2, 3]",13
assembly_1,5,0.4,subgraph_mip,diverse,1,343,1105,13,1.18,0.298,0.004,0.063,0.067,2323.69,0.873,0.34,447.12,0.0,410.92,447.12,13.666,8.39,"[436.68, 442, 420.13, 410.92, 447.12]","[3, 3, 2, 2, 3]",13
assembly_1,5,0.4,subgraph_mip,edge_weight,2,343,1105,15,1.36,0.298,0.008,0.262,0.27,571.98,0.8826,1.44,495.7,10.87,339.12,495.7,58.841,36.3,"[339.12, 486.92, 442, 393.11, 495.7]","[2, 2, 3, 3, 3]",13
assembly_1,5,0.4,subgraph_mip,time_balanced_weight,2,343,1105,15,1.36,0.298,0.011,0.531,0.543,284.88,1.1178,28.48,514.33,15.03,332,514.33,67.976,42.27,"[486.92, 332, 514.33, 376.48, 447.12]","[2, 2, 3, 3, 3]",13
assembly_1,5,0.4,subgraph_mip,combined,2,343,1105,30,2.71,0.298,0.019,0.9,0.919,168.23,0.8826,1.44,495.7,10.87,339.12,495.7,58.841,36.3,"[339.12, 486.92, 442, 393.11, 495.7]","[2, 2, 3, 3, 3]",13
assembly_1,5,0.4,subgraph_mip,blended,2,343,1105,15,1.36,0.298,0.003,0.248,0.251,615.58,0.873,0.34,447.12,0.0,410.92,447.12,13.666,8.39,"[436.68, 442, 420.13, 410.92, 447.12]","[3, 3, 2, 2, 3]",13
assembly_1,5,0.4,subgraph_mip,blended_union,2,343,1105,40,3.62,0.298,0.021,1.404,1.425,108.5,0.873,0.34,447.12,0.0,410.92,447.12,13.666,8.39,"[436.68, 442, 420.13, 410.92, 447.12]","[3, 3, 2, 2, 3]",13
assembly_1,5,0.4,subgraph_mip,diverse,2,343,1105,26,2.35,0.298,0.006,0.585,0.59,261.95,0.873,0.34,447.12,0.0,410.92,447.12,13.666,8.39,"[436.68, 442, 420.13, 410.92, 447.12]","[3, 3, 2, 2, 3]",13
assembly_1,5,0.4,subgraph_mip,edge_weight,5,343,1105,21,1.9,0.298,0.024,0.324,0.348,444.37,0.8826,1.44,495.7,10.87,339.12,495.7,58.841,36.3,"[339.12, 486.92, 442, 393.11, 495.7]","[2, 2, 3, 3, 3]",13
assembly_1,5,0.4,subgraph_mip,time_balanced_weight,5,343,1105,36,3.26,0.298,0.017,3.562,3.579,43.2,1.0833,24.51,486.92,8.9,350.63,486.92,47.926,31.59,"[486.92, 410.92, 350.63, 439.7, 468.68]","[2, 2, 2, 3, 4]",13
assembly_1,5,0.4,subgraph_mip,combined,5,343,1105,57,5.16,0.298,0.048,1.437,1.485,104.12,0.8826,1.44,495.7,10.87,339.12,495.7,58.841,36.3,"[339.12, 486.92, 442, 393.11, 495.7]","[2, 2, 3, 3, 3]",13
assembly_1,5,0.4,subgraph_mip,blended,5,343,1105,19,1.72,0.298,0.024,0.315,0.338,456.98,0.873,0.34,447.12,0.0,410.92,447.12,13.666,8.39,"[436.68, 442, 420.13, 410.92, 447.12]","[3, 3, 2, 2, 3]",13
assembly_1,5,0.4,subgraph_mip,blended_union,5,343,1105,54,4.89,0.298,0.048,4.392,4.44,34.82,0.873,0.34,447.12,0.0,410.92,447.12,13.666,8.39,"[436.68, 442, 420.13, 410.92, 447.12]","[3, 3, 2, 2, 3]",13
assembly_1,5,0.4,subgraph_mip,diverse,5,343,1105,65,5.88,0.298,0.007,3.061,3.068,50.39,0.873,0.34,447.12,0.0,410.92,447.12,13.666,8.39,"[436.68, 442, 420.13, 410.92, 447.12]","[3, 3, 2, 2, 3]",13
assembly_1,5,0.4,subgraph_mip,edge_weight,10,343,1105,24,2.17,0.298,0.047,1.006,1.053,146.86,0.8826,1.44,495.7,10.87,339.12,495.7,58.841,36.3,"[339.12, 486.92, 442, 393.11, 495.7]","[2, 2, 3, 3, 3]",13
assembly_1,5,0.4,subgraph_mip,time_balanced_weight,10,343,1105,48,4.34,0.298,0.042,0.543,0.585,264.11,1.0811,24.25,486.92,8.9,360.68,486.92,41.401,29.26,"[486.92, 442, 420.13, 360.68, 447.12]","[2, 3, 2, 3, 3]",13
assembly_1,5,0.4,subgraph_mip,combined,10,343,1105,72,6.52,0.298,0.112,1.445,1.557,99.28,0.8826,1.44,495.7,10.87,339.12,495.7,58.841,36.3,"[339.12, 486.92, 442, 393.11, 495.7]","[2, 2, 3, 3, 3]",13
assembly_1,5,0.4,subgraph_mip,blended,10,343,1105,21,1.9,0.298,0.045,0.295,0.34,454.66,0.873,0.34,447.12,0.0,410.92,447.12,13.666,8.39,"[436.68, 442, 420.13, 410.92, 447.12]","[3, 3, 2, 2, 3]",13
assembly_1,5,0.4,subgraph_mip,blended_union,10,343,1105,63,5.7,0.298,0.108,1.512,1.62,95.41,0.873,0.34,447.12,0.0,410.92,447.12,13.666,8.39,"[436.68, 442, 420.13, 410.92, 447.12]","[3, 3, 2, 2, 3]",13
assembly_1,5,0.4,subgraph_mip,diverse,10,343,1105,126,11.4,0.298,0.009,1.324,1.333,115.99,0.873,0.34,447.12,0.0,410.92,447.12,13.666,8.39,"[436.68, 442, 420.13, 410.92, 447.12]","[3, 3, 2, 2, 3]",13
assembly_1,5,0.4,subgraph_mip,edge_weight,20,343,1105,35,3.17,0.298,0.062,1.124,1.186,130.34,0.8771,0.81,487.31,8.99,339.12,487.31,56.09,34.35,"[339.12, 486.92, 442, 487.31, 401.5]","[2, 2, 3, 4, 2]",13
assembly_1,5,0.4,subgraph_mip,time_balanced_weight,20,343,1105,64,5.79,0.298,0.129,1.295,1.425,108.53,1.0674,22.67,489.84,9.55,350.63,489.84,48.878,32.27,"[489.84, 408, 350.63, 439.7, 468.68]","[2, 2, 2, 3, 4]",13
assembly_1,5,0.4,subgraph_mip,combined,20,343,1105,99,8.96,0.298,0.163,2.3,2.463,62.78,0.8771,0.81,487.31,8.99,339.12,487.31,56.09,34.35,"[339.12, 486.92, 442, 487.31, 401.5]","[2, 2, 3, 4, 2]",13
assembly_1,5,0.4,subgraph_mip,blended,20,343,1105,30,2.71,0.298,0.076,2.609,2.685,57.59,0.8701,0.0,447.12,0.0,401.5,447.12,16.03,10.58,"[436.68, 442, 429.55, 401.5, 447.12]","[3, 3, 2, 2, 3]",13
assembly_1,5,0.4,subgraph_mip,blended_union,20,343,1105,86,7.78,0.298,0.223,2.557,2.78,55.61,0.873,0.34,447.12,0.0,410.92,447.12,13.666,8.39,"[436.68, 442, 420.13, 410.92, 447.12]","[3, 3, 2, 2, 3]",13
assembly_1,5,0.4,subgraph_mip,diverse,20,343,1105,239,21.63,0.298,0.023,2.206,2.228,69.38,0.873,0.34,447.12,0.0,410.92,447.12,13.666,8.39,"[436.68, 442, 420.13, 410.92, 447.12]","[3, 3, 2, 2, 3]",13
assembly_1,5,0.4,subgraph_mip,edge_weight,50,343,1105,54,4.89,0.298,0.176,1.182,1.357,113.91,0.8771,0.81,487.31,8.99,339.12,487.31,56.09,34.35,"[339.12, 486.92, 442, 487.31, 401.5]","[2, 2, 3, 4, 2]",13
assembly_1,5,0.4,subgraph_mip,time_balanced_weight,50,343,1105,119,10.77,0.298,0.296,1.855,2.15,71.91,1.0536,21.09,489.84,9.55,329.7,489.84,57.532,37.12,"[489.84, 408, 460.63, 329.7, 468.68]","[2, 2, 3, 2, 4]",13
assembly_1,5,0.4,subgraph_mip,combined,50,343,1105,171,15.48,0.298,0.44,2.291,2.731,56.61,0.8771,0.81,487.31,8.99,339.12,487.31,56.09,34.35,"[339.12, 486.92, 442, 487.31, 401.5]","[2, 2, 3, 4, 2]",13
assembly_1,5,0.4,subgraph_mip,blended,50,343,1105,49,4.43,0.298,0.138,1.549,1.687,91.62,0.8701,0.0,447.12,0.0,401.5,447.12,16.03,10.58,"[436.68, 442, 429.55, 401.5, 447.12]","[3, 3, 2, 2, 3]",13
assembly_1,5,0.4,subgraph_mip,blended_union,50,343,1105,119,10.77,0.298,0.543,3.133,3.676,42.05,0.8701,0.0,447.12,0.0,401.5,447.12,16.03,10.58,"[436.68, 442, 429.55, 401.5, 447.12]","[3, 3, 2, 2, 3]",13
assembly_1,5,0.4,subgraph_mip,diverse,50,343,1105,512,46.33,0.298,0.027,24.611,24.638,6.28,0.8701,0.0,447.12,0.0,401.5,447.12,16.03,10.58,"[436.68, 442, 429.55, 401.5, 447.12]","[3, 3, 2, 2, 3]",13
assembly_1,5,0.4,subgraph_mip,edge_weight,100,343,1105,78,7.06,0.298,0.342,2.243,2.585,59.81,0.8771,0.81,487.31,8.99,339.12,487.31,56.09,34.35,"[339.12, 486.92, 442, 487.31, 401.5]","[2, 2, 3, 4, 2]",13
assembly_1,5,0.4,subgraph_mip,time_balanced_weight,100,343,1105,170,15.38,0.298,0.481,2.864,3.345,46.22,1.0206,17.3,502.2,12.32,274,502.2,81.97,52.9,"[489.84, 502.2, 444.83, 445.98, 274]","[2, 3, 3, 3, 2]",13
assembly_1,5,0.4,subgraph_mip,combined,100,343,1105,241,21.81,0.298,0.723,5.01,5.733,26.97,0.8771,0.81,487.31,8.99,339.12,487.31,56.09,34.35,"[339.12, 486.92, 442, 487.31, 401.5]","[2, 2, 3, 4, 2]",13
assembly_1,5,0.4,subgraph_mip,blended,100,343,1105,72,6.52,0.298,0.303,1.755,2.058,75.12,0.8701,0.0,447.12,0.0,401.5,447.12,16.03,10.58,"[436.68, 442, 429.55, 401.5, 447.12]","[3, 3, 2, 2, 3]",13
assembly_1,5,0.4,subgraph_mip,blended_union,100,343,1105,160,14.48,0.298,1.045,4.701,5.746,26.91,0.8701,-0.0,447.12,0.0,401.5,447.12,16.03,10.58,"[436.68, 442, 429.55, 401.5, 447.12]","[3, 3, 2, 2, 3]",13
assembly_1,5,0.4,subgraph_mip,diverse,100,343,1105,747,67.6,0.298,0.091,39.03,39.121,3.95,0.8701,0.0,447.12,0.0,401.5,447.12,16.03,10.58,"[436.68, 442, 429.55, 401.5, 447.12]","[3, 3, 2, 2, 3]",13
assembly_1,5,0.4,subgraph_mip,edge_weight,200,343,1105,95,8.6,0.298,0.548,2.28,2.828,54.66,0.8771,0.81,487.31,8.99,339.12,487.31,56.09,34.35,"[339.12, 486.92, 442, 487.31, 401.5]","[2, 2, 3, 4, 2]",13
assembly_1,5,0.4,subgraph_mip,time_balanced_weight,200,343,1105,211,19.1,0.298,0.703,2.163,2.866,53.95,1.0206,17.3,502.2,12.32,274,502.2,81.97,52.9,"[489.84, 502.2, 444.83, 445.98, 274]","[2, 3, 3, 3, 2]",13
assembly_1,5,0.4,subgraph_mip,combined,200,343,1105,295,26.7,0.298,1.237,6.316,7.553,20.47,0.8771,0.81,487.31,8.99,339.12,487.31,56.09,34.35,"[339.12, 486.92, 442, 487.31, 401.5]","[2, 2, 3, 4, 2]",13
assembly_1,5,0.4,subgraph_mip,blended,200,343,1105,107,9.68,0.298,0.517,2.502,3.019,51.21,0.8701,0.0,447.12,0.0,401.5,447.12,16.03,10.58,"[436.68, 442, 429.55, 401.5, 447.12]","[3, 3, 2, 2, 3]",13
assembly_1,5,0.4,subgraph_mip,blended_union,200,343,1105,217,19.64,0.298,2.19,13.878,16.068,9.62,0.8701,0.0,447.12,0.0,401.5,447.12,16.03,10.58,"[436.68, 442, 429.55, 401.5, 447.12]","[3, 3, 2, 2, 3]",13
assembly_1,5,0.4,subgraph_mip,diverse,200,343,1105,906,81.99,0.298,0.155,124.946,125.101,1.24,0.8701,0.0,447.12,0.0,401.5,447.12,16.03,10.58,"[436.68, 442, 429.55, 401.5, 447.12]","[3, 3, 2, 2, 3]",13
assembly_1,5,0.4,subgraph_mip,edge_weight,500,343,1105,108,9.77,0.298,1.628,2.214,3.842,40.24,0.8771,0.81,487.31,8.99,339.12,487.31,56.09,34.35,"[339.12, 486.92, 442, 487.31, 401.5]","[2, 2, 3, 4, 2]",13
assembly_1,5,0.4,subgraph_mip,time_balanced_weight,500,343,1105,343,31.04,0.298,2.041,10.348,12.389,12.48,0.9767,12.26,487.31,8.99,339.12,487.31,56.09,34.35,"[339.12, 486.92, 442, 487.31, 401.5]","[2, 2, 3, 4, 2]",13
assembly_1,5,0.4,subgraph_mip,combined,500,343,1105,420,38.01,0.298,3.487,13.64,17.127,9.03,0.8771,0.81,487.31,8.99,339.12,487.31,56.09,34.35,"[339.12, 486.92, 442, 487.31, 401.5]","[2, 2, 3, 4, 2]",13
assembly_1,5,0.4,subgraph_mip,blended,500,343,1105,158,14.3,0.298,1.778,4.541,6.319,24.47,0.8701,0.0,447.12,0.0,401.5,447.12,16.03,10.58,"[436.68, 442, 429.55, 401.5, 447.12]","[3, 3, 2, 2, 3]",13
assembly_1,5,0.4,subgraph_mip,blended_union,500,343,1105,248,22.44,0.298,5.338,6.162,11.5,13.44,0.8701,0.0,447.12,0.0,401.5,447.12,16.03,10.58,"[436.68, 442, 429.55, 401.5, 447.12]","[3, 3, 2, 2, 3]",13
assembly_1,5,0.4,subgraph_mip,diverse,500,343,1105,1046,94.66,0.298,0.534,137.19,137.724,1.12,0.8701,0.0,447.12,0.0,401.5,447.12,16.03,10.58,"[436.68, 442, 429.55, 401.5, 447.12]","[3, 3, 2, 2, 3]",13
assembly_1,5,0.4,subgraph_mip,edge_weight,1000,343,1105,142,12.85,0.298,3.349,2.893,6.242,24.77,0.8771,0.81,487.31,8.99,339.12,487.31,56.09,34.35,"[339.12, 486.92, 442, 487.31, 401.5]","[2, 2, 3, 4, 2]",13
assembly_1,5,0.4,subgraph_mip,time_balanced_weight,1000,343,1105,412,37.29,0.298,4.42,6.335,10.755,14.38,0.9734,11.88,486.92,8.9,339.12,486.92,51.434,34.26,"[339.12, 486.92, 442, 420.13, 468.68]","[2, 2, 3, 2, 4]",13
assembly_1,5,0.4,subgraph_mip,combined,1000,343,1105,507,45.88,0.298,7.875,33.197,41.072,3.76,0.8771,0.81,487.31,8.99,339.12,487.31,56.09,34.35,"[339.12, 486.92, 442, 487.31, 401.5]","[2, 2, 3, 4, 2]",13
assembly_1,5,0.4,subgraph_mip,blended,1000,343,1105,176,15.93,0.298,4.232,4.222,8.455,18.29,0.8701,0.0,447.12,0.0,401.5,447.12,16.03,10.58,"[436.68, 442, 429.55, 401.5, 447.12]","[3, 3, 2, 2, 3]",13
assembly_1,5,0.4,subgraph_mip,blended_union,1000,343,1105,310,28.05,0.298,11.447,10.108,21.555,7.17,0.8701,0.0,447.12,0.0,401.5,447.12,16.03,10.58,"[436.68, 442, 429.55, 401.5, 447.12]","[3, 3, 2, 2, 3]",13
assembly_1,5,0.4,subgraph_mip,diverse,1000,343,1105,1103,99.82,0.298,1.043,105.673,106.716,1.45,0.8701,0.0,447.12,0.0,401.5,447.12,16.03,10.58,"[436.68, 442, 429.55, 401.5, 447.12]","[3, 3, 2, 2, 3]",13
assembly_1,5,0.4,subgraph_mip,edge_weight,2000,343,1105,185,16.74,0.298,8.287,6.559,14.846,10.41,0.8771,0.81,487.31,8.99,339.12,487.31,56.09,34.35,"[339.12, 486.92, 442, 487.31, 401.5]","[2, 2, 3, 4, 2]",13
assembly_1,5,0.4,subgraph_mip,time_balanced_weight,2000,343,1105,575,52.04,0.298,8.84,49.146,57.986,2.67,0.9734,11.88,486.92,8.9,339.12,486.92,51.434,34.26,"[339.12, 486.92, 442, 420.13, 468.68]","[2, 2, 3, 2, 4]",13
assembly_1,5,0.4,subgraph_mip,combined,2000,343,1105,655,59.28,0.298,17.046,40.569,57.614,2.68,0.8771,0.81,487.31,8.99,339.12,487.31,56.09,34.35,"[339.12, 486.92, 442, 487.31, 401.5]","[2, 2, 3, 4, 2]",13
assembly_1,5,0.4,subgraph_mip,blended,2000,343,1105,273,24.71,0.298,10.148,7.177,17.325,8.92,0.8701,0.0,447.12,0.0,401.5,447.12,16.03,10.58,"[436.68, 442, 429.55, 401.5, 447.12]","[3, 3, 2, 2, 3]",13
assembly_1,5,0.4,subgraph_mip,blended_union,2000,343,1105,397,35.93,0.298,29.122,24.187,53.309,2.9,0.8701,0.0,447.12,0.0,401.5,447.12,16.03,10.58,"[436.68, 442, 429.55, 401.5, 447.12]","[3, 3, 2, 2, 3]",13
assembly_1,5,0.4,subgraph_mip,diverse,2000,343,1105,1105,100.0,0.298,2.221,169.762,171.982,0.9,0.8701,0.0,447.12,0.0,401.5,447.12,16.03,10.58,"[436.68, 442, 429.55, 401.5, 447.12]","[3, 3, 2, 2, 3]",13
assembly_1,5,0.4,subgraph_mip,edge_weight,5000,343,1105,232,21.0,0.298,35.079,27.447,62.525,2.47,0.8762,0.71,462.92,3.53,401.5,462.92,22.429,14.24,"[436.68, 410.92, 462.92, 444.83, 401.5]","[3, 2, 3, 3, 2]",13
assembly_1,5,0.4,subgraph_mip,time_balanced_weight,5000,343,1105,739,66.88,0.298,31.66,37.971,69.632,2.22,0.9722,11.74,487.31,8.99,339.12,487.31,56.09,34.35,"[339.12, 486.92, 442, 487.31, 401.5]","[2, 2, 3, 4, 2]",13
assembly_1,5,0.4,subgraph_mip,combined,5000,343,1105,806,72.94,0.298,67.851,37.332,105.183,1.47,0.8701,0.0,447.12,0.0,401.5,447.12,16.03,10.58,"[436.68, 442, 429.55, 401.5, 447.12]","[3, 3, 2, 2, 3]",13
assembly_1,5,0.4,subgraph_mip,blended,5000,343,1105,400,36.2,0.298,44.501,22.728,67.229,2.3,0.8701,0.0,447.12,0.0,401.5,447.12,16.03,10.58,"[436.68, 442, 429.55, 401.5, 447.12]","[3, 3, 2, 2, 3]",13
assembly_1,5,0.4,subgraph_mip,blended_union,5000,343,1105,483,43.71,0.298,116.109,25.695,141.804,1.09,0.8701,0.0,447.12,0.0,401.5,447.12,16.03,10.58,"[436.68, 442, 429.55, 401.5, 447.12]","[3, 3, 2, 2, 3]",13
assembly_1,5,0.4,subgraph_mip,diverse,5000,343,1105,1105,100.0,0.298,5.824,162.949,168.773,0.92,0.8701,0.0,447.12,0.0,401.5,447.12,16.03,10.58,"[436.68, 442, 429.55, 401.5, 447.12]","[3, 3, 2, 2, 3]",13
assembly_1,5,0.45,full_mip,—,,343,1105,1105,100.0,0.325,0.0,143.369,143.369,1.0,0.8695,0.0,447.12,0.0,401.5,447.12,16.03,10.58,"[436.68, 442, 429.55, 401.5, 447.12]","[3, 3, 2, 2, 3]",13
assembly_1,5,0.45,subgraph_mip,edge_weight,1,343,1105,13,1.18,0.325,0.002,0.201,0.203,705.29,0.8888,2.22,495.7,10.87,339.12,495.7,58.841,36.3,"[339.12, 486.92, 442, 393.11, 495.7]","[2, 2, 3, 3, 3]",13
assembly_1,5,0.45,subgraph_mip,time_balanced_weight,1,343,1105,13,1.18,0.325,0.001,0.245,0.246,582.72,1.1128,27.98,514.33,15.03,332,514.33,74.219,42.27,"[486.92, 332, 514.33, 470.68, 352.92]","[2, 2, 3, 4, 2]",13
assembly_1,5,0.45,subgraph_mip,combined,1,343,1105,26,2.35,0.325,0.002,0.801,0.803,178.6,0.8888,2.22,495.7,10.87,339.12,495.7,58.841,36.3,"[339.12, 486.92, 442, 393.11, 495.7]","[2, 2, 3, 3, 3]",13
assembly_1,5,0.45,subgraph_mip,blended,1,343,1105,13,1.18,0.325,0.001,0.074,0.074,1925.41,0.8722,0.31,447.12,0.0,410.92,447.12,13.666,8.39,"[436.68, 442, 420.13, 410.92, 447.12]","[3, 3, 2, 2, 3]",13
assembly_1,5,0.45,subgraph_mip,blended_union,1,343,1105,35,3.17,0.325,0.012,2.587,2.599,55.16,0.8722,0.31,447.12,0.0,410.92,447.12,13.666,8.39,"[436.68, 442, 420.13, 410.92, 447.12]","[3, 3, 2, 2, 3]",13
assembly_1,5,0.45,subgraph_mip,diverse,1,343,1105,13,1.18,0.325,0.004,0.089,0.093,1547.35,0.8722,0.31,447.12,0.0,410.92,447.12,13.666,8.39,"[436.68, 442, 420.13, 410.92, 447.12]","[3, 3, 2, 2, 3]",13
assembly_1,5,0.45,subgraph_mip,edge_weight,2,343,1105,15,1.36,0.325,0.009,0.425,0.434,330.01,0.8888,2.22,495.7,10.87,339.12,495.7,58.841,36.3,"[339.12, 486.92, 442, 393.11, 495.7]","[2, 2, 3, 3, 3]",13
assembly_1,5,0.45,subgraph_mip,time_balanced_weight,2,343,1105,15,1.36,0.325,0.011,0.88,0.891,160.92,1.1074,27.36,514.33,15.03,332,514.33,67.976,42.27,"[486.92, 332, 514.33, 376.48, 447.12]","[2, 2, 3, 3, 3]",13
assembly_1,5,0.45,subgraph_mip,combined,2,343,1105,30,2.71,0.325,0.012,1.625,1.638,87.55,0.8888,2.22,495.7,10.87,339.12,495.7,58.841,36.3,"[339.12, 486.92, 442, 393.11, 495.7]","[2, 2, 3, 3, 3]",13
assembly_1,5,0.45,subgraph_mip,blended,2,343,1105,15,1.36,0.325,0.006,0.118,0.124,1155.18,0.8722,0.31,447.12,0.0,410.92,447.12,13.666,8.39,"[436.68, 442, 420.13, 410.92, 447.12]","[3, 3, 2, 2, 3]",13
assembly_1,5,0.45,subgraph_mip,blended_union,2,343,1105,40,3.62,0.325,0.043,1.92,1.963,73.02,0.8722,0.31,447.12,0.0,410.92,447.12,13.666,8.39,"[436.68, 442, 420.13, 410.92, 447.12]","[3, 3, 2, 2, 3]",13
assembly_1,5,0.45,subgraph_mip,diverse,2,343,1105,26,2.35,0.325,0.009,0.285,0.295,486.14,0.8722,0.31,447.12,0.0,410.92,447.12,13.666,8.39,"[436.68, 442, 420.13, 410.92, 447.12]","[3, 3, 2, 2, 3]",13
assembly_1,5,0.45,subgraph_mip,edge_weight,5,343,1105,21,1.9,0.325,0.015,0.494,0.509,281.65,0.8888,2.22,495.7,10.87,339.12,495.7,58.841,36.3,"[339.12, 486.92, 442, 393.11, 495.7]","[2, 2, 3, 3, 3]",13
assembly_1,5,0.45,subgraph_mip,time_balanced_weight,5,343,1105,36,3.26,0.325,0.035,1.563,1.598,89.72,1.0714,23.22,486.92,8.9,345.5,486.92,49.902,32.78,"[486.92, 410.92, 444.83, 345.5, 468.68]","[2, 2, 3, 2, 4]",13
assembly_1,5,0.45,subgraph_mip,combined,5,343,1105,57,5.16,0.325,0.046,0.883,0.929,154.39,0.8888,2.22,495.7,10.87,339.12,495.7,58.841,36.3,"[339.12, 486.92, 442, 393.11, 495.7]","[2, 2, 3, 3, 3]",13
assembly_1,5,0.45,subgraph_mip,blended,5,343,1105,19,1.72,0.325,0.011,0.637,0.648,221.2,0.8722,0.31,447.12,0.0,410.92,447.12,13.666,8.39,"[436.68, 442, 420.13, 410.92, 447.12]","[3, 3, 2, 2, 3]",13
assembly_1,5,0.45,subgraph_mip,blended_union,5,343,1105,54,4.89,0.325,0.043,2.046,2.089,68.63,0.8722,0.31,447.12,0.0,410.92,447.12,13.666,8.39,"[436.68, 442, 420.13, 410.92, 447.12]","[3, 3, 2, 2, 3]",13
assembly_1,5,0.45,subgraph_mip,diverse,5,343,1105,65,5.88,0.325,0.009,2.594,2.603,55.08,0.8722,0.31,447.12,0.0,410.92,447.12,13.666,8.39,"[436.68, 442, 420.13, 410.92, 447.12]","[3, 3, 2, 2, 3]",13
assembly_1,5,0.45,subgraph_mip,edge_weight,10,343,1105,24,2.17,0.325,0.038,1.219,1.257,114.02,0.8888,2.22,495.7,10.87,339.12,495.7,58.841,36.3,"[339.12, 486.92, 442, 393.11, 495.7]","[2, 2, 3, 3, 3]",13
assembly_1,5,0.45,subgraph_mip,time_balanced_weight,10,343,1105,48,4.34,0.325,0.06,1.101,1.161,123.48,1.0694,22.98,486.92,8.9,360.68,486.92,41.401,29.26,"[486.92, 442, 420.13, 360.68, 447.12]","[2, 3, 2, 3, 3]",13
assembly_1,5,0.45,subgraph_mip,combined,10,343,1105,72,6.52,0.325,0.099,1.319,1.418,101.11,0.8888,2.22,495.7,10.87,339.12,495.7,58.841,36.3,"[339.12, 486.92, 442, 393.11, 495.7]","[2, 2, 3, 3, 3]",13
assembly_1,5,0.45,subgraph_mip,blended,10,343,1105,21,1.9,0.325,0.046,0.672,0.718,199.78,0.8722,0.31,447.12,0.0,410.92,447.12,13.666,8.39,"[436.68, 442, 420.13, 410.92, 447.12]","[3, 3, 2, 2, 3]",13
assembly_1,5,0.45,subgraph_mip,blended_union,10,343,1105,63,5.7,0.325,0.113,1.636,1.749,81.97,0.8722,0.31,447.12,0.0,410.92,447.12,13.666,8.39,"[436.68, 442, 420.13, 410.92, 447.12]","[3, 3, 2, 2, 3]",13
assembly_1,5,0.45,subgraph_mip,diverse,10,343,1105,126,11.4,0.325,0.019,1.703,1.722,83.24,0.8722,0.31,447.12,0.0,410.92,447.12,13.666,8.39,"[436.68, 442, 420.13, 410.92, 447.12]","[3, 3, 2, 2, 3]",13
assembly_1,5,0.45,subgraph_mip,edge_weight,20,343,1105,35,3.17,0.325,0.086,1.471,1.557,92.08,0.8824,1.48,487.31,8.99,339.12,487.31,56.09,34.35,"[339.12, 486.92, 442, 487.31, 401.5]","[2, 2, 3, 4, 2]",13
assembly_1,5,0.45,subgraph_mip,time_balanced_weight,20,343,1105,64,5.79,0.325,0.074,1.646,1.72,83.36,1.0572,21.59,489.84,9.55,345.5,489.84,50.817,33.46,"[489.84, 408, 444.83, 345.5, 468.68]","[2, 2, 3, 2, 4]",13
assembly_1,5,0.45,subgraph_mip,combined,20,343,1105,99,8.96,0.325,0.151,1.2,1.351,106.1,0.8824,1.48,487.31,8.99,339.12,487.31,56.09,34.35,"[339.12, 486.92, 442, 487.31, 401.5]","[2, 2, 3, 4, 2]",13
assembly_1,5,0.45,subgraph_mip,blended,20,343,1105,31,2.81,0.325,0.055,1.985,2.04,70.28,0.8695,0.0,447.12,0.0,401.5,447.12,16.03,10.58,"[436.68, 442, 429.55, 401.5, 447.12]","[3, 3, 2, 2, 3]",13
assembly_1,5,0.45,subgraph_mip,blended_union,20,343,1105,86,7.78,0.325,0.203,2.125,2.328,61.59,0.8722,0.31,447.12,0.0,410.92,447.12,13.666,8.39,"[436.68, 442, 420.13, 410.92, 447.12]","[3, 3, 2, 2, 3]",13
assembly_1,5,0.45,subgraph_mip,diverse,20,343,1105,239,21.63,0.325,0.018,2.845,2.863,50.08,0.8722,0.31,447.12,0.0,410.92,447.12,13.666,8.39,"[436.68, 442, 420.13, 410.92, 447.12]","[3, 3, 2, 2, 3]",13
assembly_1,5,0.45,subgraph_mip,edge_weight,50,343,1105,54,4.89,0.325,0.165,1.229,1.395,102.81,0.8824,1.48,487.31,8.99,339.12,487.31,56.09,34.35,"[339.12, 486.92, 442, 487.31, 401.5]","[2, 2, 3, 4, 2]",13
assembly_1,5,0.45,subgraph_mip,time_balanced_weight,50,343,1105,119,10.77,0.325,0.263,3.058,3.321,43.17,1.0446,20.13,489.84,9.55,329.7,489.84,57.532,37.12,"[489.84, 408, 460.63, 329.7, 468.68]","[2, 2, 3, 2, 4]",13
assembly_1,5,0.45,subgraph_mip,combined,50,343,1105,171,15.48,0.325,0.447,1.66,2.107,68.03,0.8824,1.48,487.31,8.99,339.12,487.31,56.09,34.35,"[339.12, 486.92, 442, 487.31, 401.5]","[2, 2, 3, 4, 2]",13
assembly_1,5,0.45,subgraph_mip,blended,50,343,1105,49,4.43,0.325,0.149,1.822,1.971,72.73,0.8695,0.0,447.12,0.0,401.5,447.12,16.03,10.58,"[436.68, 442, 429.55, 401.5, 447.12]","[3, 3, 2, 2, 3]",13
assembly_1,5,0.45,subgraph_mip,blended_union,50,343,1105,119,10.77,0.325,0.444,1.83,2.274,63.04,0.8695,0.0,447.12,0.0,401.5,447.12,16.03,10.58,"[436.68, 442, 429.55, 401.5, 447.12]","[3, 3, 2, 2, 3]",13
assembly_1,5,0.45,subgraph_mip,diverse,50,343,1105,514,46.52,0.325,0.058,10.141,10.199,14.06,0.8695,0.0,447.12,0.0,401.5,447.12,16.03,10.58,"[436.68, 442, 429.55, 401.5, 447.12]","[3, 3, 2, 2, 3]",13
assembly_1,5,0.45,subgraph_mip,edge_weight,100,343,1105,78,7.06,0.325,0.371,1.623,1.994,71.89,0.8824,1.48,487.31,8.99,339.12,487.31,56.09,34.35,"[339.12, 486.92, 442, 487.31, 401.5]","[2, 2, 3, 4, 2]",13
assembly_1,5,0.45,subgraph_mip,time_balanced_weight,100,343,1105,170,15.38,0.325,0.451,4.039,4.49,31.93,1.0164,16.89,502.2,12.32,274,502.2,81.97,52.9,"[489.84, 502.2, 444.83, 445.98, 274]","[2, 3, 3, 3, 2]",13
assembly_1,5,0.45,subgraph_mip,combined,100,343,1105,241,21.81,0.325,0.838,2.584,3.422,41.9,0.8824,1.48,487.31,8.99,339.12,487.31,56.09,34.35,"[339.12, 486.92, 442, 487.31, 401.5]","[2, 2, 3, 4, 2]",13
assembly_1,5,0.45,subgraph_mip,blended,100,343,1105,72,6.52,0.325,0.343,1.502,1.845,77.71,0.8695,0.0,447.12,0.0,401.5,447.12,16.03,10.58,"[436.68, 442, 429.55, 401.5, 447.12]","[3, 3, 2, 2, 3]",13
assembly_1,5,0.45,subgraph_mip,blended_union,100,343,1105,160,14.48,0.325,1.056,2.151,3.208,44.69,0.8695,0.0,447.12,0.0,401.5,447.12,16.03,10.58,"[436.68, 442, 429.55, 401.5, 447.12]","[3, 3, 2, 2, 3]",13
assembly_1,5,0.45,subgraph_mip,diverse,100,343,1105,750,67.87,0.325,0.1,101.938,102.039,1.41,0.8695,0.0,447.12,0.0,401.5,447.12,16.03,10.58,"[436.68, 442, 429.55, 401.5, 447.12]","[3, 3, 2, 2, 3]",13
assembly_1,5,0.45,subgraph_mip,edge_weight,200,343,1105,95,8.6,0.325,0.736,2.025,2.761,51.94,0.8824,1.48,487.31,8.99,339.12,487.31,56.09,34.35,"[339.12, 486.92, 442, 487.31, 401.5]","[2, 2, 3, 4, 2]",13
assembly_1,5,0.45,subgraph_mip,time_balanced_weight,200,343,1105,211,19.1,0.325,0.972,7.554,8.526,16.82,1.0164,16.89,502.2,12.32,274,502.2,81.97,52.9,"[489.84, 502.2, 444.83, 445.98, 274]","[2, 3, 3, 3, 2]",13
assembly_1,5,0.45,subgraph_mip,combined,200,343,1105,295,26.7,0.325,1.523,5.159,6.682,21.46,0.8824,1.48,487.31,8.99,339.12,487.31,56.09,34.35,"[339.12, 486.92, 442, 487.31, 401.5]","[2, 2, 3, 4, 2]",13
assembly_1,5,0.45,subgraph_mip,blended,200,343,1105,109,9.86,0.325,0.711,1.335,2.046,70.08,0.8695,0.0,447.12,0.0,401.5,447.12,16.03,10.58,"[436.68, 442, 429.55, 401.5, 447.12]","[3, 3, 2, 2, 3]",13
assembly_1,5,0.45,subgraph_mip,blended_union,200,343,1105,217,19.64,0.325,2.089,3.559,5.648,25.39,0.8695,0.0,447.12,0.0,401.5,447.12,16.03,10.58,"[436.68, 442, 429.55, 401.5, 447.12]","[3, 3, 2, 2, 3]",13
assembly_1,5,0.45,subgraph_mip,diverse,200,343,1105,909,82.26,0.325,0.192,71.686,71.878,1.99,0.8695,0.0,447.12,0.0,401.5,447.12,16.03,10.58,"[436.68, 442, 429.55, 401.5, 447.12]","[3, 3, 2, 2, 3]",13
assembly_1,5,0.45,subgraph_mip,edge_weight,500,343,1105,108,9.77,0.325,1.753,2.732,4.485,31.97,0.8824,1.48,487.31,8.99,339.12,487.31,56.09,34.35,"[339.12, 486.92, 442, 487.31, 401.5]","[2, 2, 3, 4, 2]",13
assembly_1,5,0.45,subgraph_mip,time_balanced_weight,500,343,1105,343,31.04,0.325,2.656,14.717,17.373,8.25,0.9737,11.99,487.31,8.99,339.12,487.31,56.09,34.35,"[339.12, 486.92, 442, 487.31, 401.5]","[2, 2, 3, 4, 2]",13
assembly_1,5,0.45,subgraph_mip,combined,500,343,1105,420,38.01,0.325,3.631,11.717,15.348,9.34,0.8824,1.48,487.31,8.99,339.12,487.31,56.09,34.35,"[339.12, 486.92, 442, 487.31, 401.5]","[2, 2, 3, 4, 2]",13
assembly_1,5,0.45,subgraph_mip,blended,500,343,1105,148,13.39,0.325,1.92,3.602,5.522,25.96,0.8695,0.0,447.12,0.0,401.5,447.12,16.03,10.58,"[436.68, 442, 429.55, 401.5, 447.12]","[3, 3, 2, 2, 3]",13
assembly_1,5,0.45,subgraph_mip,blended_union,500,343,1105,248,22.44,0.325,5.474,4.556,10.029,14.29,0.8695,0.0,447.12,0.0,401.5,447.12,16.03,10.58,"[436.68, 442, 429.55, 401.5, 447.12]","[3, 3, 2, 2, 3]",13
assembly_1,5,0.45,subgraph_mip,diverse,500,343,1105,1046,94.66,0.325,0.501,227.654,228.155,0.63,0.8695,0.0,447.12,0.0,401.5,447.12,16.03,10.58,"[436.68, 442, 429.55, 401.5, 447.12]","[3, 3, 2, 2, 3]",13
assembly_1,5,0.45,subgraph_mip,edge_weight,1000,343,1105,142,12.85,0.325,3.44,3.863,7.302,19.63,0.8824,1.48,487.31,8.99,339.12,487.31,56.09,34.35,"[339.12, 486.92, 442, 487.31, 401.5]","[2, 2, 3, 4, 2]",13
assembly_1,5,0.45,subgraph_mip,time_balanced_weight,1000,343,1105,412,37.29,0.325,4.456,22.93,27.386,5.24,0.9706,11.63,486.92,8.9,339.12,486.92,51.434,34.26,"[339.12, 486.92, 442, 420.13, 468.68]","[2, 2, 3, 2, 4]",13
assembly_1,5,0.45,subgraph_mip,combined,1000,343,1105,507,45.88,0.325,8.131,13.006,21.137,6.78,0.8824,1.48,487.31,8.99,339.12,487.31,56.09,34.35,"[339.12, 486.92, 442, 487.31, 401.5]","[2, 2, 3, 4, 2]",13
assembly_1,5,0.45,subgraph_mip,blended,1000,343,1105,181,16.38,0.325,4.19,3.266,7.456,19.23,0.8695,0.0,447.12,0.0,401.5,447.12,16.03,10.58,"[436.68, 442, 429.55, 401.5, 447.12]","[3, 3, 2, 2, 3]",13
assembly_1,5,0.45,subgraph_mip,blended_union,1000,343,1105,310,28.05,0.325,12.296,13.081,25.376,5.65,0.8695,0.0,447.12,0.0,401.5,447.12,16.03,10.58,"[436.68, 442, 429.55, 401.5, 447.12]","[3, 3, 2, 2, 3]",13
assembly_1,5,0.45,subgraph_mip,diverse,1000,343,1105,1101,99.64,0.325,1.086,194.554,195.64,0.73,0.8695,0.0,447.12,0.0,401.5,447.12,16.03,10.58,"[436.68, 442, 429.55, 401.5, 447.12]","[3, 3, 2, 2, 3]",13
assembly_1,5,0.45,subgraph_mip,edge_weight,2000,343,1105,185,16.74,0.325,8.444,4.737,13.181,10.88,0.8824,1.48,487.31,8.99,339.12,487.31,56.09,34.35,"[339.12, 486.92, 442, 487.31, 401.5]","[2, 2, 3, 4, 2]",13
assembly_1,5,0.45,subgraph_mip,time_balanced_weight,2000,343,1105,575,52.04,0.325,9.233,56.099,65.333,2.19,0.9706,11.63,486.92,8.9,339.12,486.92,51.434,34.26,"[339.12, 486.92, 442, 420.13, 468.68]","[2, 2, 3, 2, 4]",13
assembly_1,5,0.45,subgraph_mip,combined,2000,343,1105,655,59.28,0.325,17.84,34.594,52.434,2.73,0.8824,1.48,487.31,8.99,339.12,487.31,56.09,34.35,"[339.12, 486.92, 442, 487.31, 401.5]","[2, 2, 3, 4, 2]",13
assembly_1,5,0.45,subgraph_mip,blended,2000,343,1105,238,21.54,0.325,10.022,4.299,14.322,10.01,0.8695,0.0,447.12,0.0,401.5,447.12,16.03,10.58,"[436.68, 442, 429.55, 401.5, 447.12]","[3, 3, 2, 2, 3]",13
assembly_1,5,0.45,subgraph_mip,blended_union,2000,343,1105,397,35.93,0.325,30.087,34.138,64.225,2.23,0.8695,0.0,447.12,0.0,401.5,447.12,16.03,10.58,"[436.68, 442, 429.55, 401.5, 447.12]","[3, 3, 2, 2, 3]",13
assembly_1,5,0.45,subgraph_mip,diverse,2000,343,1105,1105,100.0,0.325,2.384,148.035,150.419,0.95,0.8695,0.0,447.12,0.0,401.5,447.12,16.03,10.58,"[436.68, 442, 429.55, 401.5, 447.12]","[3, 3, 2, 2, 3]",13
assembly_1,5,0.45,subgraph_mip,edge_weight,5000,343,1105,232,21.0,0.325,36.617,17.709,54.326,2.64,0.8777,0.94,462.92,3.53,401.5,462.92,22.429,14.24,"[436.68, 410.92, 462.92, 444.83, 401.5]","[3, 2, 3, 3, 2]",13
assembly_1,5,0.45,subgraph_mip,time_balanced_weight,5000,343,1105,739,66.88,0.325,29.986,51.041,81.027,1.77,0.9696,11.51,487.31,8.99,339.12,487.31,56.09,34.35,"[339.12, 486.92, 442, 487.31, 401.5]","[2, 2, 3, 4, 2]",13
assembly_1,5,0.45,subgraph_mip,combined,5000,343,1105,806,72.94,0.325,62.077,80.497,142.573,1.01,0.8695,0.0,447.12,0.0,401.5,447.12,16.03,10.58,"[436.68, 442, 429.55, 401.5, 447.12]","[3, 3, 2, 2, 3]",13
assembly_1,5,0.45,subgraph_mip,blended,5000,343,1105,346,31.31,0.325,41.255,16.975,58.231,2.46,0.8695,0.0,447.12,0.0,401.5,447.12,16.03,10.58,"[436.68, 442, 429.55, 401.5, 447.12]","[3, 3, 2, 2, 3]",13
assembly_1,5,0.45,subgraph_mip,blended_union,5000,343,1105,483,43.71,0.325,108.076,26.789,134.866,1.06,0.8695,0.0,447.12,0.0,401.5,447.12,16.03,10.58,"[436.68, 442, 429.55, 401.5, 447.12]","[3, 3, 2, 2, 3]",13
assembly_1,5,0.45,subgraph_mip,diverse,5000,343,1105,1105,100.0,0.325,5.489,131.237,136.726,1.05,0.8695,0.0,447.12,0.0,401.5,447.12,16.03,10.58,"[436.68, 442, 429.55, 401.5, 447.12]","[3, 3, 2, 2, 3]",13
assembly_1,5,0.5,full_mip,—,,343,1105,1105,100.0,0.328,0.0,222.503,222.503,1.0,0.8689,0.0,447.12,0.0,401.5,447.12,16.03,10.58,"[436.68, 442, 429.55, 401.5, 447.12]","[3, 3, 2, 2, 3]",13
assembly_1,5,0.5,subgraph_mip,edge_weight,1,343,1105,13,1.18,0.328,0.002,0.206,0.208,1070.68,0.895,3.0,495.7,10.87,339.12,495.7,58.841,36.3,"[339.12, 486.92, 442, 393.11, 495.7]","[2, 2, 3, 3, 3]",13
assembly_1,5,0.5,subgraph_mip,time_balanced_weight,1,343,1105,13,1.18,0.328,0.001,0.234,0.235,945.58,1.1019,26.81,514.33,15.03,332,514.33,67.976,42.27,"[486.92, 332, 514.33, 376.48, 447.12]","[2, 2, 3, 3, 3]",13
assembly_1,5,0.5,subgraph_mip,combined,1,343,1105,26,2.35,0.328,0.002,0.813,0.815,273.11,0.895,3.0,495.7,10.87,339.12,495.7,58.841,36.3,"[339.12, 486.92, 442, 393.11, 495.7]","[2, 2, 3, 3, 3]",13
assembly_1,5,0.5,subgraph_mip,blended,1,343,1105,13,1.18,0.328,0.001,0.172,0.173,1285.07,0.8714,0.28,447.12,0.0,410.92,447.12,13.666,8.39,"[436.68, 442, 420.13, 410.92, 447.12]","[3, 3, 2, 2, 3]",13
assembly_1,5,0.5,subgraph_mip,blended_union,1,343,1105,35,3.17,0.328,0.015,0.504,0.518,429.18,0.8714,0.28,447.12,0.0,410.92,447.12,13.666,8.39,"[436.68, 442, 420.13, 410.92, 447.12]","[3, 3, 2, 2, 3]",13
assembly_1,5,0.5,subgraph_mip,diverse,1,343,1105,13,1.18,0.328,0.004,0.183,0.187,1190.83,0.8714,0.28,447.12,0.0,410.92,447.12,13.666,8.39,"[436.68, 442, 420.13, 410.92, 447.12]","[3, 3, 2, 2, 3]",13
assembly_1,5,0.5,subgraph_mip,edge_weight,2,343,1105,15,1.36,0.328,0.008,0.384,0.392,568.14,0.895,3.0,495.7,10.87,339.12,495.7,58.841,36.3,"[339.12, 486.92, 442, 393.11, 495.7]","[2, 2, 3, 3, 3]",13
assembly_1,5,0.5,subgraph_mip,time_balanced_weight,2,343,1105,15,1.36,0.328,0.01,0.676,0.686,324.41,1.0971,26.25,514.33,15.03,332,514.33,74.219,42.27,"[486.92, 332, 514.33, 470.68, 352.92]","[2, 2, 3, 4, 2]",13
assembly_1,5,0.5,subgraph_mip,combined,2,343,1105,30,2.71,0.328,0.013,0.698,0.711,312.83,0.895,3.0,495.7,10.87,339.12,495.7,58.841,36.3,"[339.12, 486.92, 442, 393.11, 495.7]","[2, 2, 3, 3, 3]",13
assembly_1,5,0.5,subgraph_mip,blended,2,343,1105,15,1.36,0.328,0.003,0.123,0.126,1766.92,0.8714,0.28,447.12,0.0,410.92,447.12,13.666,8.39,"[436.68, 442, 420.13, 410.92, 447.12]","[3, 3, 2, 2, 3]",13
assembly_1,5,0.5,subgraph_mip,blended_union,2,343,1105,40,3.62,0.328,0.022,0.529,0.55,404.22,0.8714,0.28,447.12,0.0,410.92,447.12,13.666,8.39,"[436.68, 442, 420.13, 410.92, 447.12]","[3, 3, 2, 2, 3]",13
assembly_1,5,0.5,subgraph_mip,diverse,2,343,1105,26,2.35,0.328,0.01,0.73,0.74,300.65,0.8714,0.28,447.12,0.0,410.92,447.12,13.666,8.39,"[436.68, 442, 420.13, 410.92, 447.12]","[3, 3, 2, 2, 3]",13
assembly_1,5,0.5,subgraph_mip,edge_weight,5,343,1105,21,1.9,0.328,0.014,0.479,0.493,451.51,0.895,3.0,495.7,10.87,339.12,495.7,58.841,36.3,"[339.12, 486.92, 442, 393.11, 495.7]","[2, 2, 3, 3, 3]",13
assembly_1,5,0.5,subgraph_mip,time_balanced_weight,5,343,1105,36,3.26,0.328,0.031,0.443,0.474,469.81,1.0595,21.92,486.92,8.9,345.5,486.92,49.902,32.78,"[486.92, 410.92, 444.83, 345.5, 468.68]","[2, 2, 3, 2, 4]",13
assembly_1,5,0.5,subgraph_mip,combined,5,343,1105,57,5.16,0.328,0.045,1.518,1.563,142.31,0.895,3.0,495.7,10.87,339.12,495.7,58.841,36.3,"[339.12, 486.92, 442, 393.11, 495.7]","[2, 2, 3, 3, 3]",13
assembly_1,5,0.5,subgraph_mip,blended,5,343,1105,19,1.72,0.328,0.011,0.781,0.791,281.18,0.8714,0.28,447.12,0.0,410.92,447.12,13.666,8.39,"[436.68, 442, 420.13, 410.92, 447.12]","[3, 3, 2, 2, 3]",13
assembly_1,5,0.5,subgraph_mip,blended_union,5,343,1105,54,4.89,0.328,0.069,0.585,0.653,340.56,0.8714,0.28,447.12,0.0,410.92,447.12,13.666,8.39,"[436.68, 442, 420.13, 410.92, 447.12]","[3, 3, 2, 2, 3]",13
assembly_1,5,0.5,subgraph_mip,diverse,5,343,1105,65,5.88,0.328,0.013,1.668,1.681,132.38,0.8714,0.28,447.12,0.0,410.92,447.12,13.666,8.39,"[436.68, 442, 420.13, 410.92, 447.12]","[3, 3, 2, 2, 3]",13
assembly_1,5,0.5,subgraph_mip,edge_weight,10,343,1105,24,2.17,0.328,0.042,0.681,0.723,307.65,0.895,3.0,495.7,10.87,339.12,495.7,58.841,36.3,"[339.12, 486.92, 442, 393.11, 495.7]","[2, 2, 3, 3, 3]",13
assembly_1,5,0.5,subgraph_mip,time_balanced_weight,10,343,1105,48,4.34,0.328,0.039,1.64,1.679,132.54,1.0576,21.71,486.92,8.9,360.68,486.92,41.401,29.26,"[486.92, 442, 420.13, 360.68, 447.12]","[2, 3, 2, 3, 3]",13
assembly_1,5,0.5,subgraph_mip,combined,10,343,1105,72,6.52,0.328,0.089,0.708,0.797,279.05,0.895,3.0,495.7,10.87,339.12,495.7,58.841,36.3,"[339.12, 486.92, 442, 393.11, 495.7]","[2, 2, 3, 3, 3]",13
assembly_1,5,0.5,subgraph_mip,blended,10,343,1105,21,1.9,0.328,0.031,0.26,0.291,763.73,0.8714,0.28,447.12,0.0,410.92,447.12,13.666,8.39,"[436.68, 442, 420.13, 410.92, 447.12]","[3, 3, 2, 2, 3]",13
assembly_1,5,0.5,subgraph_mip,blended_union,10,343,1105,63,5.7,0.328,0.082,2.625,2.707,82.19,0.8714,0.28,447.12,0.0,410.92,447.12,13.666,8.39,"[436.68, 442, 420.13, 410.92, 447.12]","[3, 3, 2, 2, 3]",13
assembly_1,5,0.5,subgraph_mip,diverse,10,343,1105,126,11.4,0.328,0.009,0.932,0.941,236.55,0.8714,0.28,447.12,-0.0,410.92,447.12,13.666,8.39,"[436.68, 442, 420.13, 410.92, 447.12]","[3, 3, 2, 2, 3]",13
assembly_1,5,0.5,subgraph_mip,edge_weight,20,343,1105,35,3.17,0.328,0.054,2.667,2.721,81.76,0.8877,2.16,486.92,8.9,339.12,486.92,55.66,34.26,"[339.12, 486.92, 484.48, 444.83, 401.5]","[2, 2, 4, 3, 2]",13
assembly_1,5,0.5,subgraph_mip,time_balanced_weight,20,343,1105,64,5.79,0.328,0.114,1.678,1.792,124.19,1.0471,20.5,489.84,9.55,345.5,489.84,50.817,33.46,"[489.84, 408, 444.83, 345.5, 468.68]","[2, 2, 3, 2, 4]",13
assembly_1,5,0.5,subgraph_mip,combined,20,343,1105,99,8.96,0.328,0.177,0.98,1.157,192.27,0.8877,2.16,486.92,8.9,339.12,486.92,55.66,34.26,"[339.12, 486.92, 484.48, 444.83, 401.5]","[2, 2, 4, 3, 2]",13
assembly_1,5,0.5,subgraph_mip,blended,20,343,1105,30,2.71,0.328,0.047,1.855,1.902,116.98,0.8714,0.28,447.12,0.0,410.92,447.12,13.666,8.39,"[436.68, 442, 420.13, 410.92, 447.12]","[3, 3, 2, 2, 3]",13
assembly_1,5,0.5,subgraph_mip,blended_union,20,343,1105,86,7.78,0.328,0.157,1.921,2.078,107.09,0.8714,0.28,447.12,0.0,410.92,447.12,13.666,8.39,"[436.68, 442, 420.13, 410.92, 447.12]","[3, 3, 2, 2, 3]",13
assembly_1,5,0.5,subgraph_mip,diverse,20,343,1105,239,21.63,0.328,0.013,2.297,2.311,96.3,0.8714,0.28,447.12,0.0,410.92,447.12,13.666,8.39,"[436.68, 442, 420.13, 410.92, 447.12]","[3, 3, 2, 2, 3]",13
assembly_1,5,0.5,subgraph_mip,edge_weight,50,343,1105,54,4.89,0.328,0.196,1.083,1.279,173.95,0.8877,2.16,486.92,8.9,339.12,486.92,55.66,34.26,"[339.12, 486.92, 484.48, 444.83, 401.5]","[2, 2, 4, 3, 2]",13
assembly_1,5,0.5,subgraph_mip,time_balanced_weight,50,343,1105,119,10.77,0.328,0.268,4.805,5.073,43.86,1.0356,19.18,489.84,9.55,329.7,489.84,57.532,37.12,"[489.84, 408, 460.63, 329.7, 468.68]","[2, 2, 3, 2, 4]",13
assembly_1,5,0.5,subgraph_mip,combined,50,343,1105,171,15.48,0.328,0.481,2.54,3.021,73.64,0.8877,2.16,486.92,8.9,339.12,486.92,55.66,34.26,"[339.12, 486.92, 484.48, 444.83, 401.5]","[2, 2, 4, 3, 2]",13
assembly_1,5,0.5,subgraph_mip,blended,50,343,1105,49,4.43,0.328,0.189,2.023,2.212,100.61,0.8689,-0.0,447.12,0.0,401.5,447.12,16.03,10.58,"[436.68, 442, 429.55, 401.5, 447.12]","[3, 3, 2, 2, 3]",13
assembly_1,5,0.5,subgraph_mip,blended_union,50,343,1105,119,10.77,0.328,0.572,3.329,3.901,57.03,0.8689,-0.0,447.12,-0.0,401.5,447.12,16.03,10.58,"[436.68, 442, 429.55, 401.5, 447.12]","[3, 3, 2, 2, 3]",13
assembly_1,5,0.5,subgraph_mip,diverse,50,343,1105,509,46.06,0.328,0.027,26.519,26.546,8.38,0.8689,0.0,447.12,0.0,401.5,447.12,16.03,10.58,"[436.68, 442, 429.55, 401.5, 447.12]","[3, 3, 2, 2, 3]",13
assembly_1,5,0.5,subgraph_mip,edge_weight,100,343,1105,78,7.06,0.328,0.334,2.056,2.39,93.1,0.8877,2.16,486.92,8.9,339.12,486.92,55.66,34.26,"[339.12, 486.92, 484.48, 444.83, 401.5]","[2, 2, 4, 3, 2]",13
assembly_1,5,0.5,subgraph_mip,time_balanced_weight,100,343,1105,170,15.38,0.328,0.499,4.357,4.856,45.82,1.0121,16.48,502.2,12.32,274,502.2,81.97,52.9,"[489.84, 502.2, 444.83, 445.98, 274]","[2, 3, 3, 3, 2]",13
assembly_1,5,0.5,subgraph_mip,combined,100,343,1105,241,21.81,0.328,0.835,4.055,4.889,45.51,0.8877,2.16,486.92,8.9,339.12,486.92,55.66,34.26,"[339.12, 486.92, 484.48, 444.83, 401.5]","[2, 2, 4, 3, 2]",13
assembly_1,5,0.5,subgraph_mip,blended,100,343,1105,74,6.7,0.328,0.232,1.994,2.225,99.98,0.8689,-0.0,447.12,0.0,401.5,447.12,16.03,10.58,"[436.68, 442, 429.55, 401.5, 447.12]","[3, 3, 2, 2, 3]",13
assembly_1,5,0.5,subgraph_mip,blended_union,100,343,1105,160,14.48,0.328,0.9,4.989,5.889,37.78,0.8689,0.0,447.12,-0.0,401.5,447.12,16.03,10.58,"[436.68, 442, 429.55, 401.5, 447.12]","[3, 3, 2, 2, 3]",13
assembly_1,5,0.5,subgraph_mip,diverse,100,343,1105,747,67.6,0.328,0.065,76.001,76.066,2.93,0.8689,0.0,447.12,0.0,401.5,447.12,16.03,10.58,"[436.68, 442, 429.55, 401.5, 447.12]","[3, 3, 2, 2, 3]",13
assembly_1,5,0.5,subgraph_mip,edge_weight,200,343,1105,95,8.6,0.328,0.675,2.194,2.869,77.56,0.8877,2.16,486.92,8.9,339.12,486.92,55.66,34.26,"[339.12, 486.92, 484.48, 444.83, 401.5]","[2, 2, 4, 3, 2]",13
assembly_1,5,0.5,subgraph_mip,time_balanced_weight,200,343,1105,211,19.1,0.328,0.792,10.498,11.29,19.71,1.0121,16.48,502.2,12.32,274,502.2,81.97,52.9,"[489.84, 502.2, 444.83, 445.98, 274]","[2, 3, 3, 3, 2]",13
assembly_1,5,0.5,subgraph_mip,combined,200,343,1105,295,26.7,0.328,1.442,5.195,6.637,33.52,0.8877,2.16,486.92,8.9,339.12,486.92,55.66,34.26,"[339.12, 486.92, 484.48, 444.83, 401.5]","[2, 2, 4, 3, 2]",13
assembly_1,5,0.5,subgraph_mip,blended,200,343,1105,122,11.04,0.328,0.77,2.932,3.703,60.09,0.8689,-0.0,447.12,-0.0,401.5,447.12,16.03,10.58,"[436.68, 442, 429.55, 401.5, 447.12]","[3, 3, 2, 2, 3]",13
assembly_1,5,0.5,subgraph_mip,blended_union,200,343,1105,217,19.64,0.328,2.108,6.118,8.226,27.05,0.8689,0.0,447.12,-0.0,401.5,447.12,16.03,10.58,"[436.68, 442, 429.55, 401.5, 447.12]","[3, 3, 2, 2, 3]",13
assembly_1,5,0.5,subgraph_mip,diverse,200,343,1105,908,82.17,0.328,0.228,142.971,143.199,1.55,0.8689,0.0,447.12,0.0,401.5,447.12,16.03,10.58,"[436.68, 442, 429.55, 401.5, 447.12]","[3, 3, 2, 2, 3]",13
assembly_1,5,0.5,subgraph_mip,edge_weight,500,343,1105,108,9.77,0.328,1.957,3.115,5.072,43.87,0.8877,2.16,486.92,8.9,339.12,486.92,55.66,34.26,"[339.12, 486.92, 484.48, 444.83, 401.5]","[2, 2, 4, 3, 2]",13
assembly_1,5,0.5,subgraph_mip,time_balanced_weight,500,343,1105,343,31.04,0.328,2.056,22.433,24.49,9.09,0.9708,11.72,487.31,8.99,339.12,487.31,56.09,34.35,"[339.12, 486.92, 442, 487.31, 401.5]","[2, 2, 3, 4, 2]",13
assembly_1,5,0.5,subgraph_mip,combined,500,343,1105,420,38.01,0.328,3.723,11.435,15.158,14.68,0.8877,2.16,486.92,8.9,339.12,486.92,55.66,34.26,"[339.12, 486.92, 484.48, 444.83, 401.5]","[2, 2, 4, 3, 2]",13
assembly_1,5,0.5,subgraph_mip,blended,500,343,1105,137,12.4,0.328,1.815,3.897,5.712,38.95,0.8689,-0.0,447.12,-0.0,401.5,447.12,16.03,10.58,"[436.68, 442, 429.55, 401.5, 447.12]","[3, 3, 2, 2, 3]",13
assembly_1,5,0.5,subgraph_mip,blended_union,500,343,1105,248,22.44,0.328,5.65,8.501,14.151,15.72,0.8689,0.0,447.12,-0.0,401.5,447.12,16.03,10.58,"[436.68, 442, 429.55, 401.5, 447.12]","[3, 3, 2, 2, 3]",13
assembly_1,5,0.5,subgraph_mip,diverse,500,343,1105,1046,94.66,0.328,0.556,160.651,161.207,1.38,0.8689,0.0,447.12,0.0,401.5,447.12,16.03,10.58,"[436.68, 442, 429.55, 401.5, 447.12]","[3, 3, 2, 2, 3]",13
assembly_1,5,0.5,subgraph_mip,edge_weight,1000,343,1105,142,12.85,0.328,3.51,2.771,6.281,35.42,0.8877,2.16,486.92,8.9,339.12,486.92,55.66,34.26,"[339.12, 486.92, 484.48, 444.83, 401.5]","[2, 2, 4, 3, 2]",13
assembly_1,5,0.5,subgraph_mip,time_balanced_weight,1000,343,1105,412,37.29,0.328,4.246,16.426,20.672,10.76,0.9679,11.38,486.92,8.9,339.12,486.92,51.434,34.26,"[339.12, 486.92, 442, 420.13, 468.68]","[2, 2, 3, 2, 4]",13
assembly_1,5,0.5,subgraph_mip,combined,1000,343,1105,507,45.88,0.328,7.888,66.203,74.092,3.0,0.8877,2.16,486.92,8.9,339.12,486.92,55.66,34.26,"[339.12, 486.92, 484.48, 444.83, 401.5]","[2, 2, 4, 3, 2]",13
assembly_1,5,0.5,subgraph_mip,blended,1000,343,1105,177,16.02,0.328,4.372,4.468,8.841,25.17,0.8689,-0.0,447.12,-0.0,401.5,447.12,16.03,10.58,"[436.68, 442, 429.55, 401.5, 447.12]","[3, 3, 2, 2, 3]",13
assembly_1,5,0.5,subgraph_mip,blended_union,1000,343,1105,310,28.05,0.328,11.759,6.549,18.308,12.15,0.8689,0.0,447.12,0.0,401.5,447.12,16.03,10.58,"[436.68, 442, 429.55, 401.5, 447.12]","[3, 3, 2, 2, 3]",13
assembly_1,5,0.5,subgraph_mip,diverse,1000,343,1105,1101,99.64,0.328,0.985,162.383,163.368,1.36,0.8689,0.0,447.12,0.0,401.5,447.12,16.03,10.58,"[436.68, 442, 429.55, 401.5, 447.12]","[3, 3, 2, 2, 3]",13
assembly_1,5,0.5,subgraph_mip,edge_weight,2000,343,1105,185,16.74,0.328,8.5,11.743,20.243,10.99,0.8877,2.16,486.92,8.9,339.12,486.92,55.66,34.26,"[339.12, 486.92, 484.48, 444.83, 401.5]","[2, 2, 4, 3, 2]",13
assembly_1,5,0.5,subgraph_mip,time_balanced_weight,2000,343,1105,575,52.04,0.328,8.746,62.142,70.888,3.14,0.9679,11.38,486.92,8.9,339.12,486.92,51.434,34.26,"[339.12, 486.92, 442, 420.13, 468.68]","[2, 2, 3, 2, 4]",13
assembly_1,5,0.5,subgraph_mip,combined,2000,343,1105,655,59.28,0.328,16.126,27.95,44.076,5.05,0.8877,2.16,486.92,8.9,339.12,486.92,55.66,34.26,"[339.12, 486.92, 484.48, 444.83, 401.5]","[2, 2, 4, 3, 2]",13
assembly_1,5,0.5,subgraph_mip,blended,2000,343,1105,246,22.26,0.328,10.394,7.432,17.826,12.48,0.8689,-0.0,447.12,-0.0,401.5,447.12,16.03,10.58,"[436.68, 442, 429.55, 401.5, 447.12]","[3, 3, 2, 2, 3]",13
assembly_1,5,0.5,subgraph_mip,blended_union,2000,343,1105,397,35.93,0.328,28.705,17.211,45.916,4.85,0.8689,0.0,447.12,0.0,401.5,447.12,16.03,10.58,"[436.68, 442, 429.55, 401.5, 447.12]","[3, 3, 2, 2, 3]",13
assembly_1,5,0.5,subgraph_mip,diverse,2000,343,1105,1105,100.0,0.328,2.099,233.241,235.34,0.95,0.8689,0.0,447.12,0.0,401.5,447.12,16.03,10.58,"[436.68, 442, 429.55, 401.5, 447.12]","[3, 3, 2, 2, 3]",13
assembly_1,5,0.5,subgraph_mip,edge_weight,5000,343,1105,232,21.0,0.328,32.626,19.654,52.28,4.26,0.8792,1.18,462.92,3.53,401.5,462.92,22.429,14.24,"[436.68, 410.92, 462.92, 444.83, 401.5]","[3, 2, 3, 3, 2]",13
assembly_1,5,0.5,subgraph_mip,time_balanced_weight,5000,343,1105,739,66.88,0.328,28.766,92.106,120.873,1.84,0.9631,10.84,462.92,3.53,401.5,462.92,22.429,14.24,"[436.68, 410.92, 462.92, 444.83, 401.5]","[3, 2, 3, 3, 2]",13
assembly_1,5,0.5,subgraph_mip,combined,5000,343,1105,806,72.94,0.328,61.595,125.148,186.743,1.19,0.8689,0.0,447.12,0.0,401.5,447.12,16.03,10.58,"[436.68, 442, 429.55, 401.5, 447.12]","[3, 3, 2, 2, 3]",13
assembly_1,5,0.5,subgraph_mip,blended,5000,343,1105,322,29.14,0.328,40.644,6.345,46.989,4.74,0.8689,-0.0,447.12,0.0,401.5,447.12,16.03,10.58,"[436.68, 442, 429.55, 401.5, 447.12]","[3, 3, 2, 2, 3]",13
assembly_1,5,0.5,subgraph_mip,blended_union,5000,343,1105,483,43.71,0.328,109.608,39.125,148.733,1.5,0.8689,0.0,447.12,0.0,401.5,447.12,16.03,10.58,"[436.68, 442, 429.55, 401.5, 447.12]","[3, 3, 2, 2, 3]",13
assembly_1,5,0.5,subgraph_mip,diverse,5000,343,1105,1105,100.0,0.328,5.538,182.448,187.986,1.18,0.8689,0.0,447.12,0.0,401.5,447.12,16.03,10.58,"[436.68, 442, 429.55, 401.5, 447.12]","[3, 3, 2, 2, 3]",13
assembly_1,5,0.55,full_mip,—,,343,1105,1105,100.0,0.28,0.0,255.999,255.999,1.0,0.8684,0.0,447.12,0.0,401.5,447.12,16.03,10.58,"[436.68, 442, 429.55, 401.5, 447.12]","[3, 3, 2, 2, 3]",13
assembly_1,5,0.55,subgraph_mip,edge_weight,1,343,1105,13,1.18,0.28,0.002,0.23,0.232,1102.41,0.9012,3.78,495.7,10.87,339.12,495.7,58.841,36.3,"[339.12, 486.92, 442, 393.11, 495.7]","[2, 2, 3, 3, 3]",13
assembly_1,5,0.55,subgraph_mip,time_balanced_weight,1,343,1105,13,1.18,0.28,0.001,0.444,0.445,574.64,1.091,25.64,514.33,15.03,332,514.33,67.976,42.27,"[486.92, 332, 514.33, 376.48, 447.12]","[2, 2, 3, 3, 3]",13
assembly_1,5,0.55,subgraph_mip,combined,1,343,1105,26,2.35,0.28,0.002,1.15,1.152,222.3,0.9012,3.78,495.7,10.87,339.12,495.7,58.841,36.3,"[339.12, 486.92, 442, 393.11, 495.7]","[2, 2, 3, 3, 3]",13
assembly_1,5,0.55,subgraph_mip,blended,1,343,1105,13,1.18,0.28,0.001,0.063,0.064,3995.04,0.8706,0.25,447.12,-0.0,410.92,447.12,13.666,8.39,"[436.68, 442, 420.13, 410.92, 447.12]","[3, 3, 2, 2, 3]",13
assembly_1,5,0.55,subgraph_mip,blended_union,1,343,1105,35,3.17,0.28,0.011,0.446,0.458,559.19,0.8706,0.25,447.12,0.0,410.92,447.12,13.666,8.39,"[436.68, 442, 420.13, 410.92, 447.12]","[3, 3, 2, 2, 3]",13
assembly_1,5,0.55,subgraph_mip,diverse,1,343,1105,13,1.18,0.28,0.004,0.101,0.105,2439.53,0.8706,0.25,447.12,-0.0,410.92,447.12,13.666,8.39,"[436.68, 442, 420.13, 410.92, 447.12]","[3, 3, 2, 2, 3]",13
assembly_1,5,0.55,subgraph_mip,edge_weight,2,343,1105,15,1.36,0.28,0.004,0.329,0.333,767.8,0.9012,3.78,495.7,10.87,339.12,495.7,58.841,36.3,"[339.12, 486.92, 442, 393.11, 495.7]","[2, 2, 3, 3, 3]",13
assembly_1,5,0.55,subgraph_mip,time_balanced_weight,2,343,1105,15,1.36,0.28,0.005,0.28,0.285,897.95,1.0867,25.14,514.33,15.03,332,514.33,74.219,42.27,"[486.92, 332, 514.33, 470.68, 352.92]","[2, 2, 3, 4, 2]",13
assembly_1,5,0.55,subgraph_mip,combined,2,343,1105,30,2.71,0.28,0.009,0.55,0.559,457.59,0.9012,3.78,495.7,10.87,339.12,495.7,58.841,36.3,"[339.12, 486.92, 442, 393.11, 495.7]","[2, 2, 3, 3, 3]",13
assembly_1,5,0.55,subgraph_mip,blended,2,343,1105,15,1.36,0.28,0.004,0.175,0.179,1427.54,0.8706,0.25,447.12,-0.0,410.92,447.12,13.666,8.39,"[436.68, 442, 420.13, 410.92, 447.12]","[3, 3, 2, 2, 3]",13
assembly_1,5,0.55,subgraph_mip,blended_union,2,343,1105,40,3.62,0.28,0.044,0.546,0.59,433.71,0.8706,0.25,447.12,0.0,410.92,447.12,13.666,8.39,"[436.68, 442, 420.13, 410.92, 447.12]","[3, 3, 2, 2, 3]",13
assembly_1,5,0.55,subgraph_mip,diverse,2,343,1105,26,2.35,0.28,0.01,2.065,2.074,123.42,0.8706,0.25,447.12,-0.0,410.92,447.12,13.666,8.39,"[436.68, 442, 420.13, 410.92, 447.12]","[3, 3, 2, 2, 3]",13
assembly_1,5,0.55,subgraph_mip,edge_weight,5,343,1105,21,1.9,0.28,0.013,0.944,0.957,267.61,0.9012,3.78,495.7,10.87,339.12,495.7,58.841,36.3,"[339.12, 486.92, 442, 393.11, 495.7]","[2, 2, 3, 3, 3]",13
assembly_1,5,0.55,subgraph_mip,time_balanced_weight,5,343,1105,36,3.26,0.28,0.028,2.229,2.257,113.43,1.0475,20.63,486.92,8.9,345.5,486.92,49.902,32.78,"[486.92, 410.92, 444.83, 345.5, 468.68]","[2, 2, 3, 2, 4]",13
assembly_1,5,0.55,subgraph_mip,combined,5,343,1105,57,5.16,0.28,0.046,0.432,0.479,534.76,0.9012,3.78,495.7,10.87,339.12,495.7,58.841,36.3,"[339.12, 486.92, 442, 393.11, 495.7]","[2, 2, 3, 3, 3]",13
assembly_1,5,0.55,subgraph_mip,blended,5,343,1105,19,1.72,0.28,0.011,0.956,0.967,264.8,0.8706,0.25,447.12,-0.0,410.92,447.12,13.666,8.39,"[436.68, 442, 420.13, 410.92, 447.12]","[3, 3, 2, 2, 3]",13
assembly_1,5,0.55,subgraph_mip,blended_union,5,343,1105,54,4.89,0.28,0.05,1.634,1.684,152.03,0.8706,0.25,447.12,0.0,410.92,447.12,13.666,8.39,"[436.68, 442, 420.13, 410.92, 447.12]","[3, 3, 2, 2, 3]",13
assembly_1,5,0.55,subgraph_mip,diverse,5,343,1105,65,5.88,0.28,0.013,0.71,0.723,354.27,0.8706,0.25,447.12,0.0,410.92,447.12,13.666,8.39,"[436.68, 442, 420.13, 410.92, 447.12]","[3, 3, 2, 2, 3]",13
assembly_1,5,0.55,subgraph_mip,edge_weight,10,343,1105,24,2.17,0.28,0.046,0.743,0.79,324.25,0.9012,3.78,495.7,10.87,339.12,495.7,58.841,36.3,"[339.12, 486.92, 442, 393.11, 495.7]","[2, 2, 3, 3, 3]",13
assembly_1,5,0.55,subgraph_mip,time_balanced_weight,10,343,1105,48,4.34,0.28,0.05,1.39,1.44,177.74,1.0459,20.44,486.92,8.9,360.68,486.92,41.401,29.26,"[486.92, 442, 420.13, 360.68, 447.12]","[2, 3, 2, 3, 3]",13
assembly_1,5,0.55,subgraph_mip,combined,10,343,1105,72,6.52,0.28,0.063,0.959,1.022,250.5,0.9012,3.78,495.7,10.87,339.12,495.7,58.841,36.3,"[339.12, 486.92, 442, 393.11, 495.7]","[2, 2, 3, 3, 3]",13
assembly_1,5,0.55,subgraph_mip,blended,10,343,1105,21,1.9,0.28,0.023,0.515,0.538,476.22,0.8706,0.25,447.12,-0.0,410.92,447.12,13.666,8.39,"[436.68, 442, 420.13, 410.92, 447.12]","[3, 3, 2, 2, 3]",13
assembly_1,5,0.55,subgraph_mip,blended_union,10,343,1105,63,5.7,0.28,0.152,0.852,1.004,255.07,0.8706,0.25,447.12,0.0,410.92,447.12,13.666,8.39,"[436.68, 442, 420.13, 410.92, 447.12]","[3, 3, 2, 2, 3]",13
assembly_1,5,0.55,subgraph_mip,diverse,10,343,1105,126,11.4,0.28,0.01,1.263,1.273,201.16,0.8706,0.25,447.12,0.0,410.92,447.12,13.666,8.39,"[436.68, 442, 420.13, 410.92, 447.12]","[3, 3, 2, 2, 3]",13
assembly_1,5,0.55,subgraph_mip,edge_weight,20,343,1105,35,3.17,0.28,0.077,2.912,2.989,85.66,0.893,2.83,486.92,8.9,339.12,486.92,55.66,34.26,"[339.12, 486.92, 484.48, 444.83, 401.5]","[2, 2, 4, 3, 2]",13
assembly_1,5,0.55,subgraph_mip,time_balanced_weight,20,343,1105,64,5.79,0.28,0.101,1.58,1.681,152.29,1.037,19.41,489.84,9.55,345.5,489.84,50.817,33.46,"[489.84, 408, 444.83, 345.5, 468.68]","[2, 2, 3, 2, 4]",13
assembly_1,5,0.55,subgraph_mip,combined,20,343,1105,99,8.96,0.28,0.159,2.162,2.32,110.34,0.893,2.83,486.92,8.9,339.12,486.92,55.66,34.26,"[339.12, 486.92, 484.48, 444.83, 401.5]","[2, 2, 4, 3, 2]",13
assembly_1,5,0.55,subgraph_mip,blended,20,343,1105,30,2.71,0.28,0.077,2.433,2.51,101.97,0.8706,0.25,447.12,-0.0,410.92,447.12,13.666,8.39,"[436.68, 442, 420.13, 410.92, 447.12]","[3, 3, 2, 2, 3]",13
assembly_1,5,0.55,subgraph_mip,blended_union,20,343,1105,86,7.78,0.28,0.219,2.259,2.478,103.32,0.8706,0.25,447.12,0.0,410.92,447.12,13.666,8.39,"[436.68, 442, 420.13, 410.92, 447.12]","[3, 3, 2, 2, 3]",13
assembly_1,5,0.55,subgraph_mip,diverse,20,343,1105,239,21.63,0.28,0.014,5.74,5.753,44.5,0.8706,0.25,447.12,0.0,410.92,447.12,13.666,8.39,"[436.68, 442, 420.13, 410.92, 447.12]","[3, 3, 2, 2, 3]",13
assembly_1,5,0.55,subgraph_mip,edge_weight,50,343,1105,54,4.89,0.28,0.129,2.335,2.464,103.9,0.893,2.83,486.92,8.9,339.12,486.92,55.66,34.26,"[339.12, 486.92, 484.48, 444.83, 401.5]","[2, 2, 4, 3, 2]",13
assembly_1,5,0.55,subgraph_mip,time_balanced_weight,50,343,1105,119,10.77,0.28,0.267,2.812,3.079,83.15,1.0266,18.22,489.84,9.55,329.7,489.84,57.532,37.12,"[489.84, 408, 460.63, 329.7, 468.68]","[2, 2, 3, 2, 4]",13
assembly_1,5,0.55,subgraph_mip,combined,50,343,1105,171,15.48,0.28,0.453,3.414,3.867,66.21,0.893,2.83,486.92,8.9,339.12,486.92,55.66,34.26,"[339.12, 486.92, 484.48, 444.83, 401.5]","[2, 2, 4, 3, 2]",13
assembly_1,5,0.55,subgraph_mip,blended,50,343,1105,49,4.43,0.28,0.193,2.209,2.403,106.55,0.8684,-0.0,447.12,0.0,401.5,447.12,16.03,10.58,"[436.68, 442, 429.55, 401.5, 447.12]","[3, 3, 2, 2, 3]",13
assembly_1,5,0.55,subgraph_mip,blended_union,50,343,1105,119,10.77,0.28,0.508,2.393,2.901,88.25,0.8684,-0.0,447.12,0.0,401.5,447.12,16.03,10.58,"[436.68, 442, 429.55, 401.5, 447.12]","[3, 3, 2, 2, 3]",13
assembly_1,5,0.55,subgraph_mip,diverse,50,343,1105,507,45.88,0.28,0.028,19.38,19.408,13.19,0.8684,0.0,447.12,0.0,401.5,447.12,16.03,10.58,"[436.68, 442, 429.55, 401.5, 447.12]","[3, 3, 2, 2, 3]",13
assembly_1,5,0.55,subgraph_mip,edge_weight,100,343,1105,78,7.06,0.28,0.411,1.995,2.406,106.4,0.893,2.83,486.92,8.9,339.12,486.92,55.66,34.26,"[339.12, 486.92, 484.48, 444.83, 401.5]","[2, 2, 4, 3, 2]",13
assembly_1,5,0.55,subgraph_mip,time_balanced_weight,100,343,1105,170,15.38,0.28,0.422,9.269,9.691,26.41,1.0008,15.25,453.4,1.4,401.5,453.4,22.0,12.03,"[401.5, 444.83, 408, 449.12, 453.4]","[2, 3, 2, 3, 3]",13
assembly_1,5,0.55,subgraph_mip,combined,100,343,1105,241,21.81,0.28,0.903,5.082,5.986,42.77,0.893,2.83,486.92,8.9,339.12,486.92,55.66,34.26,"[339.12, 486.92, 484.48, 444.83, 401.5]","[2, 2, 4, 3, 2]",13
assembly_1,5,0.55,subgraph_mip,blended,100,343,1105,81,7.33,0.28,0.394,1.877,2.27,112.76,0.8684,-0.0,447.12,0.0,401.5,447.12,16.03,10.58,"[436.68, 442, 429.55, 401.5, 447.12]","[3, 3, 2, 2, 3]",13
assembly_1,5,0.55,subgraph_mip,blended_union,100,343,1105,160,14.48,0.28,1.028,4.531,5.559,46.05,0.8684,-0.0,447.12,0.0,401.5,447.12,16.03,10.58,"[436.68, 442, 429.55, 401.5, 447.12]","[3, 3, 2, 2, 3]",13
assembly_1,5,0.55,subgraph_mip,diverse,100,343,1105,750,67.87,0.28,0.063,51.849,51.912,4.93,0.8684,-0.0,447.12,0.0,401.5,447.12,16.03,10.58,"[436.68, 442, 429.55, 401.5, 447.12]","[3, 3, 2, 2, 3]",13
assembly_1,5,0.55,subgraph_mip,edge_weight,200,343,1105,95,8.6,0.28,0.731,1.65,2.38,107.54,0.893,2.83,486.92,8.9,339.12,486.92,55.66,34.26,"[339.12, 486.92, 484.48, 444.83, 401.5]","[2, 2, 4, 3, 2]",13
assembly_1,5,0.55,subgraph_mip,time_balanced_weight,200,343,1105,211,19.1,0.28,1.002,8.835,9.837,26.02,1.0008,15.25,453.4,1.4,401.5,453.4,22.0,12.03,"[401.5, 444.83, 408, 449.12, 453.4]","[2, 3, 2, 3, 3]",13
assembly_1,5,0.55,subgraph_mip,combined,200,343,1105,295,26.7,0.28,1.797,10.766,12.564,20.38,0.893,2.83,486.92,8.9,339.12,486.92,55.66,34.26,"[339.12, 486.92, 484.48, 444.83, 401.5]","[2, 2, 4, 3, 2]",13
assembly_1,5,0.55,subgraph_mip,blended,200,343,1105,114,10.32,0.28,0.685,1.265,1.95,131.25,0.8684,-0.0,447.12,0.0,401.5,447.12,16.03,10.58,"[436.68, 442, 429.55, 401.5, 447.12]","[3, 3, 2, 2, 3]",13
assembly_1,5,0.55,subgraph_mip,blended_union,200,343,1105,217,19.64,0.28,2.185,12.02,14.205,18.02,0.8684,-0.0,447.12,0.0,401.5,447.12,16.03,10.58,"[436.68, 442, 429.55, 401.5, 447.12]","[3, 3, 2, 2, 3]",13
assembly_1,5,0.55,subgraph_mip,diverse,200,343,1105,908,82.17,0.28,0.187,93.112,93.299,2.74,0.8684,-0.0,447.12,0.0,401.5,447.12,16.03,10.58,"[436.68, 442, 429.55, 401.5, 447.12]","[3, 3, 2, 2, 3]",13
assembly_1,5,0.55,subgraph_mip,edge_weight,500,343,1105,108,9.77,0.28,1.762,2.865,4.626,55.34,0.893,2.83,486.92,8.9,339.12,486.92,55.66,34.26,"[339.12, 486.92, 484.48, 444.83, 401.5]","[2, 2, 4, 3, 2]",13
assembly_1,5,0.55,subgraph_mip,time_balanced_weight,500,343,1105,343,31.04,0.28,2.542,19.243,21.784,11.75,0.9678,11.45,487.31,8.99,339.12,487.31,56.09,34.35,"[339.12, 486.92, 442, 487.31, 401.5]","[2, 2, 3, 4, 2]",13
assembly_1,5,0.55,subgraph_mip,combined,500,343,1105,420,38.01,0.28,3.932,18.248,22.18,11.54,0.893,2.83,486.92,8.9,339.12,486.92,55.66,34.26,"[339.12, 486.92, 484.48, 444.83, 401.5]","[2, 2, 4, 3, 2]",13
assembly_1,5,0.55,subgraph_mip,blended,500,343,1105,128,11.58,0.28,1.875,1.674,3.549,72.13,0.8684,-0.0,447.12,0.0,401.5,447.12,16.03,10.58,"[436.68, 442, 429.55, 401.5, 447.12]","[3, 3, 2, 2, 3]",13
assembly_1,5,0.55,subgraph_mip,blended_union,500,343,1105,248,22.44,0.28,5.649,14.03,19.68,13.01,0.8684,-0.0,447.12,0.0,401.5,447.12,16.03,10.58,"[436.68, 442, 429.55, 401.5, 447.12]","[3, 3, 2, 2, 3]",13
assembly_1,5,0.55,subgraph_mip,diverse,500,343,1105,1044,94.48,0.28,0.524,137.3,137.825,1.86,0.8684,-0.0,447.12,0.0,401.5,447.12,16.03,10.58,"[436.68, 442, 429.55, 401.5, 447.12]","[3, 3, 2, 2, 3]",13
assembly_1,5,0.55,subgraph_mip,edge_weight,1000,343,1105,142,12.85,0.28,3.331,2.822,6.153,41.61,0.893,2.83,486.92,8.9,339.12,486.92,55.66,34.26,"[339.12, 486.92, 484.48, 444.83, 401.5]","[2, 2, 4, 3, 2]",13
assembly_1,5,0.55,subgraph_mip,time_balanced_weight,1000,343,1105,412,37.29,0.28,4.349,32.082,36.43,7.03,0.9651,11.14,486.92,8.9,339.12,486.92,51.434,34.26,"[339.12, 486.92, 442, 420.13, 468.68]","[2, 2, 3, 2, 4]",13
assembly_1,5,0.55,subgraph_mip,combined,1000,343,1105,507,45.88,0.28,7.844,31.224,39.068,6.55,0.893,2.83,486.92,8.9,339.12,486.92,55.66,34.26,"[339.12, 486.92, 484.48, 444.83, 401.5]","[2, 2, 4, 3, 2]",13
assembly_1,5,0.55,subgraph_mip,blended,1000,343,1105,175,15.84,0.28,4.272,4.032,8.304,30.83,0.8684,-0.0,447.12,0.0,401.5,447.12,16.03,10.58,"[436.68, 442, 429.55, 401.5, 447.12]","[3, 3, 2, 2, 3]",13
assembly_1,5,0.55,subgraph_mip,blended_union,1000,343,1105,310,28.05,0.28,12.311,6.203,18.514,13.83,0.8684,-0.0,447.12,0.0,401.5,447.12,16.03,10.58,"[436.68, 442, 429.55, 401.5, 447.12]","[3, 3, 2, 2, 3]",13
assembly_1,5,0.55,subgraph_mip,diverse,1000,343,1105,1101,99.64,0.28,1.128,149.3,150.428,1.7,0.8684,-0.0,447.12,0.0,401.5,447.12,16.03,10.58,"[436.68, 442, 429.55, 401.5, 447.12]","[3, 3, 2, 2, 3]",13
assembly_1,5,0.55,subgraph_mip,edge_weight,2000,343,1105,185,16.74,0.28,8.428,7.917,16.346,15.66,0.893,2.83,486.92,8.9,339.12,486.92,55.66,34.26,"[339.12, 486.92, 484.48, 444.83, 401.5]","[2, 2, 4, 3, 2]",13
assembly_1,5,0.55,subgraph_mip,time_balanced_weight,2000,343,1105,575,52.04,0.28,8.879,65.859,74.738,3.43,0.9651,11.14,486.92,8.9,339.12,486.92,51.434,34.26,"[339.12, 486.92, 442, 420.13, 468.68]","[2, 2, 3, 2, 4]",13
assembly_1,5,0.55,subgraph_mip,combined,2000,343,1105,655,59.28,0.28,18.026,61.313,79.339,3.23,0.893,2.83,486.92,8.9,339.12,486.92,55.66,34.26,"[339.12, 486.92, 484.48, 444.83, 401.5]","[2, 2, 4, 3, 2]",13
assembly_1,5,0.55,subgraph_mip,blended,2000,343,1105,225,20.36,0.28,10.657,5.969,16.626,15.4,0.8684,-0.0,447.12,0.0,401.5,447.12,16.03,10.58,"[436.68, 442, 429.55, 401.5, 447.12]","[3, 3, 2, 2, 3]",13
assembly_1,5,0.55,subgraph_mip,blended_union,2000,343,1105,397,35.93,0.28,30.269,32.339,62.607,4.09,0.8684,-0.0,447.12,0.0,401.5,447.12,16.03,10.58,"[436.68, 442, 429.55, 401.5, 447.12]","[3, 3, 2, 2, 3]",13
assembly_1,5,0.55,subgraph_mip,diverse,2000,343,1105,1105,100.0,0.28,2.172,274.256,276.428,0.93,0.8684,0.0,447.12,0.0,401.5,447.12,16.03,10.58,"[436.68, 442, 429.55, 401.5, 447.12]","[3, 3, 2, 2, 3]",13
assembly_1,5,0.55,subgraph_mip,edge_weight,5000,343,1105,232,21.0,0.28,34.378,23.383,57.761,4.43,0.8806,1.41,462.92,3.53,401.5,462.92,22.429,14.24,"[436.68, 410.92, 462.92, 444.83, 401.5]","[3, 2, 3, 3, 2]",13
assembly_1,5,0.55,subgraph_mip,time_balanced_weight,5000,343,1105,739,66.88,0.28,29.894,139.302,169.196,1.51,0.9562,10.11,462.92,3.53,401.5,462.92,22.429,14.24,"[436.68, 410.92, 462.92, 444.83, 401.5]","[3, 2, 3, 3, 2]",13
assembly_1,5,0.55,subgraph_mip,combined,5000,343,1105,806,72.94,0.28,64.382,72.515,136.897,1.87,0.8684,-0.0,447.12,0.0,401.5,447.12,16.03,10.58,"[436.68, 442, 429.55, 401.5, 447.12]","[3, 3, 2, 2, 3]",13
assembly_1,5,0.55,subgraph_mip,blended,5000,343,1105,298,26.97,0.28,40.545,4.009,44.554,5.75,0.8684,-0.0,447.12,0.0,401.5,447.12,16.03,10.58,"[436.68, 442, 429.55, 401.5, 447.12]","[3, 3, 2, 2, 3]",13
assembly_1,5,0.55,subgraph_mip,blended_union,5000,343,1105,483,43.71,0.28,111.994,24.475,136.468,1.88,0.8684,-0.0,447.12,0.0,401.5,447.12,16.03,10.58,"[436.68, 442, 429.55, 401.5, 447.12]","[3, 3, 2, 2, 3]",13
assembly_1,5,0.55,subgraph_mip,diverse,5000,343,1105,1105,100.0,0.28,5.074,199.111,204.185,1.25,0.8684,0.0,447.12,0.0,401.5,447.12,16.03,10.58,"[436.68, 442, 429.55, 401.5, 447.12]","[3, 3, 2, 2, 3]",13
assembly_1,5,0.6,full_mip,—,,343,1105,1105,100.0,0.387,0.0,137.948,137.948,1.0,0.8678,0.0,447.12,0.0,401.5,447.12,16.03,10.58,"[436.68, 442, 429.55, 401.5, 447.12]","[3, 3, 2, 2, 3]",13
assembly_1,5,0.6,subgraph_mip,edge_weight,1,343,1105,13,1.18,0.387,0.002,0.147,0.15,922.19,0.9075,4.57,495.7,10.87,339.12,495.7,58.841,36.3,"[339.12, 486.92, 442, 393.11, 495.7]","[2, 2, 3, 3, 3]",13
assembly_1,5,0.6,subgraph_mip,time_balanced_weight,1,343,1105,13,1.18,0.387,0.001,0.147,0.148,932.63,1.0801,24.46,514.33,15.03,332,514.33,67.976,42.27,"[486.92, 332, 514.33, 376.48, 447.12]","[2, 2, 3, 3, 3]",13
assembly_1,5,0.6,subgraph_mip,combined,1,343,1105,26,2.35,0.387,0.002,1.176,1.178,117.12,0.9075,4.57,495.7,10.87,339.12,495.7,58.841,36.3,"[339.12, 486.92, 442, 393.11, 495.7]","[2, 2, 3, 3, 3]",13
assembly_1,5,0.6,subgraph_mip,blended,1,343,1105,13,1.18,0.387,0.001,0.075,0.076,1819.46,0.8698,0.23,447.12,0.0,410.92,447.12,13.666,8.39,"[436.68, 442, 420.13, 410.92, 447.12]","[3, 3, 2, 2, 3]",13
assembly_1,5,0.6,subgraph_mip,blended_union,1,343,1105,35,3.17,0.387,0.016,0.419,0.435,316.78,0.8698,0.23,447.12,0.0,410.92,447.12,13.666,8.39,"[436.68, 442, 420.13, 410.92, 447.12]","[3, 3, 2, 2, 3]",13
assembly_1,5,0.6,subgraph_mip,diverse,1,343,1105,13,1.18,0.387,0.008,0.062,0.07,1958.78,0.8698,0.23,447.12,0.0,410.92,447.12,13.666,8.39,"[436.68, 442, 420.13, 410.92, 447.12]","[3, 3, 2, 2, 3]",13
assembly_1,5,0.6,subgraph_mip,edge_weight,2,343,1105,15,1.36,0.387,0.009,0.488,0.497,277.69,0.9075,4.57,495.7,10.87,339.12,495.7,58.841,36.3,"[339.12, 486.92, 442, 393.11, 495.7]","[2, 2, 3, 3, 3]",13
assembly_1,5,0.6,subgraph_mip,time_balanced_weight,2,343,1105,15,1.36,0.387,0.009,0.482,0.491,280.95,1.0763,24.02,514.33,15.03,332,514.33,74.219,42.27,"[486.92, 332, 514.33, 470.68, 352.92]","[2, 2, 3, 4, 2]",13
assembly_1,5,0.6,subgraph_mip,combined,2,343,1105,30,2.71,0.387,0.009,0.878,0.887,155.54,0.9075,4.57,495.7,10.87,339.12,495.7,58.841,36.3,"[339.12, 486.92, 442, 393.11, 495.7]","[2, 2, 3, 3, 3]",13
assembly_1,5,0.6,subgraph_mip,blended,2,343,1105,15,1.36,0.387,0.003,0.091,0.095,1459.73,0.8698,0.23,447.12,0.0,410.92,447.12,13.666,8.39,"[436.68, 442, 420.13, 410.92, 447.12]","[3, 3, 2, 2, 3]",13
assembly_1,5,0.6,subgraph_mip,blended_union,2,343,1105,40,3.62,0.387,0.022,1.288,1.311,105.26,0.8698,0.23,447.12,0.0,410.92,447.12,13.666,8.39,"[436.68, 442, 420.13, 410.92, 447.12]","[3, 3, 2, 2, 3]",13
assembly_1,5,0.6,subgraph_mip,diverse,2,343,1105,26,2.35,0.387,0.012,0.375,0.386,357.28,0.8698,0.23,447.12,0.0,410.92,447.12,13.666,8.39,"[436.68, 442, 420.13, 410.92, 447.12]","[3, 3, 2, 2, 3]",13
assembly_1,5,0.6,subgraph_mip,edge_weight,5,343,1105,21,1.9,0.387,0.013,0.481,0.495,278.72,0.9075,4.57,495.7,10.87,339.12,495.7,58.841,36.3,"[339.12, 486.92, 442, 393.11, 495.7]","[2, 2, 3, 3, 3]",13
assembly_1,5,0.6,subgraph_mip,time_balanced_weight,5,343,1105,36,3.26,0.387,0.02,1.937,1.957,70.49,1.0356,19.33,486.92,8.9,350.63,486.92,47.926,31.59,"[486.92, 410.92, 350.63, 439.7, 468.68]","[2, 2, 2, 3, 4]",13
assembly_1,5,0.6,subgraph_mip,combined,5,343,1105,57,5.16,0.387,0.052,0.673,0.725,190.16,0.9075,4.57,495.7,10.87,339.12,495.7,58.841,36.3,"[339.12, 486.92, 442, 393.11, 495.7]","[2, 2, 3, 3, 3]",13
assembly_1,5,0.6,subgraph_mip,blended,5,343,1105,19,1.72,0.387,0.011,0.367,0.378,365.06,0.8698,0.23,447.12,0.0,410.92,447.12,13.666,8.39,"[436.68, 442, 420.13, 410.92, 447.12]","[3, 3, 2, 2, 3]",13
assembly_1,5,0.6,subgraph_mip,blended_union,5,343,1105,54,4.89,0.387,0.068,2.279,2.347,58.77,0.8698,0.23,447.12,0.0,410.92,447.12,13.666,8.39,"[436.68, 442, 420.13, 410.92, 447.12]","[3, 3, 2, 2, 3]",13
assembly_1,5,0.6,subgraph_mip,diverse,5,343,1105,65,5.88,0.387,0.011,0.825,0.836,164.98,0.8698,0.23,447.12,0.0,410.92,447.12,13.666,8.39,"[436.68, 442, 420.13, 410.92, 447.12]","[3, 3, 2, 2, 3]",13
assembly_1,5,0.6,subgraph_mip,edge_weight,10,343,1105,24,2.17,0.387,0.046,0.474,0.52,265.31,0.9075,4.57,495.7,10.87,339.12,495.7,58.841,36.3,"[339.12, 486.92, 442, 393.11, 495.7]","[2, 2, 3, 3, 3]",13
assembly_1,5,0.6,subgraph_mip,time_balanced_weight,10,343,1105,48,4.34,0.387,0.038,1.701,1.739,79.34,1.0341,19.16,486.92,8.9,360.68,486.92,41.401,29.26,"[486.92, 442, 420.13, 360.68, 447.12]","[2, 3, 2, 3, 3]",13
assembly_1,5,0.6,subgraph_mip,combined,10,343,1105,72,6.52,0.387,0.102,1.474,1.576,87.52,0.9075,4.57,495.7,10.87,339.12,495.7,58.841,36.3,"[339.12, 486.92, 442, 393.11, 495.7]","[2, 2, 3, 3, 3]",13
assembly_1,5,0.6,subgraph_mip,blended,10,343,1105,21,1.9,0.387,0.047,0.494,0.541,254.9,0.8698,0.23,447.12,0.0,410.92,447.12,13.666,8.39,"[436.68, 442, 420.13, 410.92, 447.12]","[3, 3, 2, 2, 3]",13
assembly_1,5,0.6,subgraph_mip,blended_union,10,343,1105,63,5.7,0.387,0.119,0.866,0.986,139.97,0.8698,0.23,447.12,0.0,410.92,447.12,13.666,8.39,"[436.68, 442, 420.13, 410.92, 447.12]","[3, 3, 2, 2, 3]",13
assembly_1,5,0.6,subgraph_mip,diverse,10,343,1105,126,11.4,0.387,0.009,1.352,1.361,101.39,0.8698,0.23,447.12,0.0,410.92,447.12,13.666,8.39,"[436.68, 442, 420.13, 410.92, 447.12]","[3, 3, 2, 2, 3]",13
assembly_1,5,0.6,subgraph_mip,edge_weight,20,343,1105,35,3.17,0.387,0.058,0.403,0.46,299.61,0.8982,3.5,486.92,8.9,339.12,486.92,55.66,34.26,"[339.12, 486.92, 484.48, 444.83, 401.5]","[2, 2, 4, 3, 2]",13
assembly_1,5,0.6,subgraph_mip,time_balanced_weight,20,343,1105,64,5.79,0.387,0.073,1.462,1.535,89.89,1.0268,18.32,489.84,9.55,350.63,489.84,48.878,32.27,"[489.84, 408, 350.63, 439.7, 468.68]","[2, 2, 2, 3, 4]",13
assembly_1,5,0.6,subgraph_mip,combined,20,343,1105,99,8.96,0.387,0.143,1.078,1.221,112.93,0.8982,3.5,486.92,8.9,339.12,486.92,55.66,34.26,"[339.12, 486.92, 484.48, 444.83, 401.5]","[2, 2, 4, 3, 2]",13
assembly_1,5,0.6,subgraph_mip,blended,20,343,1105,30,2.71,0.387,0.064,3.306,3.37,40.93,0.8698,0.23,447.12,0.0,410.92,447.12,13.666,8.39,"[436.68, 442, 420.13, 410.92, 447.12]","[3, 3, 2, 2, 3]",13
assembly_1,5,0.6,subgraph_mip,blended_union,20,343,1105,86,7.78,0.387,0.281,1.461,1.741,79.22,0.8698,0.23,447.12,0.0,410.92,447.12,13.666,8.39,"[436.68, 442, 420.13, 410.92, 447.12]","[3, 3, 2, 2, 3]",13
assembly_1,5,0.6,subgraph_mip,diverse,20,343,1105,239,21.63,0.387,0.014,4.216,4.23,32.61,0.8698,0.23,447.12,0.0,410.92,447.12,13.666,8.39,"[436.68, 442, 420.13, 410.92, 447.12]","[3, 3, 2, 2, 3]",13
assembly_1,5,0.6,subgraph_mip,edge_weight,50,343,1105,54,4.89,0.387,0.18,0.817,0.997,138.41,0.8982,3.5,486.92,8.9,339.12,486.92,55.66,34.26,"[339.12, 486.92, 484.48, 444.83, 401.5]","[2, 2, 4, 3, 2]",13
assembly_1,5,0.6,subgraph_mip,time_balanced_weight,50,343,1105,119,10.77,0.387,0.252,2.931,3.183,43.34,1.0176,17.26,489.84,9.55,329.7,489.84,57.532,37.12,"[489.84, 408, 460.63, 329.7, 468.68]","[2, 2, 3, 2, 4]",13
assembly_1,5,0.6,subgraph_mip,combined,50,343,1105,171,15.48,0.387,0.401,1.965,2.366,58.3,0.8982,3.5,486.92,8.9,339.12,486.92,55.66,34.26,"[339.12, 486.92, 484.48, 444.83, 401.5]","[2, 2, 4, 3, 2]",13
assembly_1,5,0.6,subgraph_mip,blended,50,343,1105,49,4.43,0.387,0.15,1.676,1.826,75.56,0.8678,-0.0,447.12,0.0,401.5,447.12,16.03,10.58,"[436.68, 442, 429.55, 401.5, 447.12]","[3, 3, 2, 2, 3]",13
assembly_1,5,0.6,subgraph_mip,blended_union,50,343,1105,119,10.77,0.387,0.489,2.575,3.064,45.02,0.8678,-0.0,447.12,0.0,401.5,447.12,16.03,10.58,"[436.68, 442, 429.55, 401.5, 447.12]","[3, 3, 2, 2, 3]",13
assembly_1,5,0.6,subgraph_mip,diverse,50,343,1105,508,45.97,0.387,0.035,18.663,18.698,7.38,0.8678,-0.0,447.12,0.0,401.5,447.12,16.03,10.58,"[436.68, 442, 429.55, 401.5, 447.12]","[3, 3, 2, 2, 3]",13
assembly_1,5,0.6,subgraph_mip,edge_weight,100,343,1105,78,7.06,0.387,0.389,1.702,2.091,65.97,0.8982,3.5,486.92,8.9,339.12,486.92,55.66,34.26,"[339.12, 486.92, 484.48, 444.83, 401.5]","[2, 2, 4, 3, 2]",13
assembly_1,5,0.6,subgraph_mip,time_balanced_weight,100,343,1105,170,15.38,0.387,0.521,9.234,9.755,14.14,0.9869,13.72,453.4,1.4,401.5,453.4,22.0,12.03,"[401.5, 444.83, 408, 449.12, 453.4]","[2, 3, 2, 3, 3]",13
assembly_1,5,0.6,subgraph_mip,combined,100,343,1105,241,21.81,0.387,0.795,6.081,6.876,20.06,0.8982,3.5,486.92,8.9,339.12,486.92,55.66,34.26,"[339.12, 486.92, 484.48, 444.83, 401.5]","[2, 2, 4, 3, 2]",13
assembly_1,5,0.6,subgraph_mip,blended,100,343,1105,79,7.15,0.387,0.337,1.735,2.072,66.57,0.8678,0.0,447.12,0.0,401.5,447.12,16.03,10.58,"[436.68, 442, 429.55, 401.5, 447.12]","[3, 3, 2, 2, 3]",13
assembly_1,5,0.6,subgraph_mip,blended_union,100,343,1105,160,14.48,0.387,1.047,5.265,6.311,21.86,0.8678,-0.0,447.12,0.0,401.5,447.12,16.03,10.58,"[436.68, 442, 429.55, 401.5, 447.12]","[3, 3, 2, 2, 3]",13
assembly_1,5,0.6,subgraph_mip,diverse,100,343,1105,744,67.33,0.387,0.075,101.194,101.268,1.36,0.8678,-0.0,447.12,0.0,401.5,447.12,16.03,10.58,"[436.68, 442, 429.55, 401.5, 447.12]","[3, 3, 2, 2, 3]",13
assembly_1,5,0.6,subgraph_mip,edge_weight,200,343,1105,95,8.6,0.387,0.699,2.143,2.842,48.54,0.8982,3.5,486.92,8.9,339.12,486.92,55.66,34.26,"[339.12, 486.92, 484.48, 444.83, 401.5]","[2, 2, 4, 3, 2]",13
assembly_1,5,0.6,subgraph_mip,time_balanced_weight,200,343,1105,211,19.1,0.387,0.907,6.157,7.064,19.53,0.9869,13.72,453.4,1.4,401.5,453.4,22.0,12.03,"[401.5, 444.83, 408, 449.12, 453.4]","[2, 3, 2, 3, 3]",13
assembly_1,5,0.6,subgraph_mip,combined,200,343,1105,295,26.7,0.387,1.603,5.943,7.546,18.28,0.8982,3.5,486.92,8.9,339.12,486.92,55.66,34.26,"[339.12, 486.92, 484.48, 444.83, 401.5]","[2, 2, 4, 3, 2]",13
assembly_1,5,0.6,subgraph_mip,blended,200,343,1105,103,9.32,0.387,0.645,1.351,1.996,69.12,0.8678,-0.0,447.12,0.0,401.5,447.12,16.03,10.58,"[436.68, 442, 429.55, 401.5, 447.12]","[3, 3, 2, 2, 3]",13
assembly_1,5,0.6,subgraph_mip,blended_union,200,343,1105,217,19.64,0.387,2.14,3.785,5.924,23.28,0.8678,0.0,447.12,0.0,401.5,447.12,16.03,10.58,"[436.68, 442, 429.55, 401.5, 447.12]","[3, 3, 2, 2, 3]",13
assembly_1,5,0.6,subgraph_mip,diverse,200,343,1105,904,81.81,0.387,0.19,68.521,68.71,2.01,0.8678,0.0,447.12,0.0,401.5,447.12,16.03,10.58,"[436.68, 442, 429.55, 401.5, 447.12]","[3, 3, 2, 2, 3]",13
assembly_1,5,0.6,subgraph_mip,edge_weight,500,343,1105,108,9.77,0.387,1.676,2.88,4.556,30.28,0.8982,3.5,486.92,8.9,339.12,486.92,55.66,34.26,"[339.12, 486.92, 484.48, 444.83, 401.5]","[2, 2, 4, 3, 2]",13
assembly_1,5,0.6,subgraph_mip,time_balanced_weight,500,343,1105,343,31.04,0.387,1.987,28.105,30.092,4.58,0.9648,11.17,487.31,8.99,339.12,487.31,56.09,34.35,"[339.12, 486.92, 442, 487.31, 401.5]","[2, 2, 3, 4, 2]",13
assembly_1,5,0.6,subgraph_mip,combined,500,343,1105,420,38.01,0.387,3.602,23.315,26.917,5.12,0.8982,3.5,486.92,8.9,339.12,486.92,55.66,34.26,"[339.12, 486.92, 484.48, 444.83, 401.5]","[2, 2, 4, 3, 2]",13
assembly_1,5,0.6,subgraph_mip,blended,500,343,1105,128,11.58,0.387,1.785,1.405,3.189,43.25,0.8678,0.0,447.12,0.0,401.5,447.12,16.03,10.58,"[436.68, 442, 429.55, 401.5, 447.12]","[3, 3, 2, 2, 3]",13
assembly_1,5,0.6,subgraph_mip,blended_union,500,343,1105,248,22.44,0.387,5.45,8.32,13.769,10.02,0.8678,-0.0,447.12,0.0,401.5,447.12,16.03,10.58,"[436.68, 442, 429.55, 401.5, 447.12]","[3, 3, 2, 2, 3]",13
assembly_1,5,0.6,subgraph_mip,diverse,500,343,1105,1043,94.39,0.387,0.531,153.478,154.009,0.9,0.8678,-0.0,447.12,0.0,401.5,447.12,16.03,10.58,"[436.68, 442, 429.55, 401.5, 447.12]","[3, 3, 2, 2, 3]",13
assembly_1,5,0.6,subgraph_mip,edge_weight,1000,343,1105,142,12.85,0.387,3.439,2.367,5.806,23.76,0.8982,3.5,486.92,8.9,339.12,486.92,55.66,34.26,"[339.12, 486.92, 484.48, 444.83, 401.5]","[2, 2, 4, 3, 2]",13
assembly_1,5,0.6,subgraph_mip,time_balanced_weight,1000,343,1105,412,37.29,0.387,4.321,28.363,32.684,4.22,0.9623,10.89,486.92,8.9,339.12,486.92,51.434,34.26,"[339.12, 486.92, 442, 420.13, 468.68]","[2, 2, 3, 2, 4]",13
assembly_1,5,0.6,subgraph_mip,combined,1000,343,1105,507,45.88,0.387,7.379,34.271,41.65,3.31,0.8982,3.5,486.92,8.9,339.12,486.92,55.66,34.26,"[339.12, 486.92, 484.48, 444.83, 401.5]","[2, 2, 4, 3, 2]",13
assembly_1,5,0.6,subgraph_mip,blended,1000,343,1105,164,14.84,0.387,4.165,2.522,6.687,20.63,0.8678,-0.0,447.12,0.0,401.5,447.12,16.03,10.58,"[436.68, 442, 429.55, 401.5, 447.12]","[3, 3, 2, 2, 3]",13
assembly_1,5,0.6,subgraph_mip,blended_union,1000,343,1105,310,28.05,0.387,11.82,11.24,23.06,5.98,0.8678,-0.0,447.12,0.0,401.5,447.12,16.03,10.58,"[436.68, 442, 429.55, 401.5, 447.12]","[3, 3, 2, 2, 3]",13
assembly_1,5,0.6,subgraph_mip,diverse,1000,343,1105,1102,99.73,0.387,1.222,193.946,195.168,0.71,0.8678,-0.0,447.12,0.0,401.5,447.12,16.03,10.58,"[436.68, 442, 429.55, 401.5, 447.12]","[3, 3, 2, 2, 3]",13
assembly_1,5,0.6,subgraph_mip,edge_weight,2000,343,1105,185,16.74,0.387,8.179,5.66,13.839,9.97,0.8982,3.5,486.92,8.9,339.12,486.92,55.66,34.26,"[339.12, 486.92, 484.48, 444.83, 401.5]","[2, 2, 4, 3, 2]",13
assembly_1,5,0.6,subgraph_mip,time_balanced_weight,2000,343,1105,575,52.04,0.387,8.481,52.291,60.771,2.27,0.9623,10.89,486.92,8.9,339.12,486.92,51.434,34.26,"[339.12, 486.92, 442, 420.13, 468.68]","[2, 2, 3, 2, 4]",13
assembly_1,5,0.6,subgraph_mip,combined,2000,343,1105,655,59.28,0.387,17.488,38.56,56.049,2.46,0.8982,3.5,486.92,8.9,339.12,486.92,55.66,34.26,"[339.12, 486.92, 484.48, 444.83, 401.5]","[2, 2, 4, 3, 2]",13
assembly_1,5,0.6,subgraph_mip,blended,2000,343,1105,204,18.46,0.387,10.263,5.926,16.188,8.52,0.8678,-0.0,447.12,0.0,401.5,447.12,16.03,10.58,"[436.68, 442, 429.55, 401.5, 447.12]","[3, 3, 2, 2, 3]",13
assembly_1,5,0.6,subgraph_mip,blended_union,2000,343,1105,397,35.93,0.387,28.385,36.467,64.852,2.13,0.8678,0.0,447.12,0.0,401.5,447.12,16.03,10.58,"[436.68, 442, 429.55, 401.5, 447.12]","[3, 3, 2, 2, 3]",13
assembly_1,5,0.6,subgraph_mip,diverse,2000,343,1105,1105,100.0,0.387,1.961,144.268,146.229,0.94,0.8678,0.0,447.12,0.0,401.5,447.12,16.03,10.58,"[436.68, 442, 429.55, 401.5, 447.12]","[3, 3, 2, 2, 3]",13
assembly_1,5,0.6,subgraph_mip,edge_weight,5000,343,1105,232,21.0,0.387,31.798,19.911,51.71,2.67,0.8821,1.64,462.92,3.53,401.5,462.92,22.429,14.24,"[436.68, 410.92, 462.92, 444.83, 401.5]","[3, 2, 3, 3, 2]",13
assembly_1,5,0.6,subgraph_mip,time_balanced_weight,5000,343,1105,739,66.88,0.387,29.534,124.383,153.916,0.9,0.9493,9.38,462.92,3.53,401.5,462.92,22.429,14.24,"[436.68, 410.92, 462.92, 444.83, 401.5]","[3, 2, 3, 3, 2]",13
assembly_1,5,0.6,subgraph_mip,combined,5000,343,1105,806,72.94,0.387,61.626,51.326,112.953,1.22,0.8678,-0.0,447.12,0.0,401.5,447.12,16.03,10.58,"[436.68, 442, 429.55, 401.5, 447.12]","[3, 3, 2, 2, 3]",13
assembly_1,5,0.6,subgraph_mip,blended,5000,343,1105,270,24.43,0.387,39.462,5.912,45.374,3.04,0.8678,0.0,447.12,0.0,401.5,447.12,16.03,10.58,"[436.68, 442, 429.55, 401.5, 447.12]","[3, 3, 2, 2, 3]",13
assembly_1,5,0.6,subgraph_mip,blended_union,5000,343,1105,483,43.71,0.387,109.9,39.406,149.307,0.92,0.8678,-0.0,447.12,0.0,401.5,447.12,16.03,10.58,"[436.68, 442, 429.55, 401.5, 447.12]","[3, 3, 2, 2, 3]",13
assembly_1,5,0.6,subgraph_mip,diverse,5000,343,1105,1105,100.0,0.387,5.795,134.622,140.417,0.98,0.8678,0.0,447.12,0.0,401.5,447.12,16.03,10.58,"[436.68, 442, 429.55, 401.5, 447.12]","[3, 3, 2, 2, 3]",13
assembly_1,5,0.65,full_mip,—,,343,1105,1105,100.0,0.378,0.0,319.848,319.848,1.0,0.8673,0.0,447.12,0.0,401.5,447.12,16.03,10.58,"[436.68, 442, 429.55, 401.5, 447.12]","[3, 3, 2, 2, 3]",13
assembly_1,5,0.65,subgraph_mip,edge_weight,1,343,1105,13,1.18,0.378,0.002,0.117,0.119,2695.78,0.9137,5.35,495.7,10.87,339.12,495.7,58.841,36.3,"[339.12, 486.92, 442, 393.11, 495.7]","[2, 2, 3, 3, 3]",13
assembly_1,5,0.65,subgraph_mip,time_balanced_weight,1,343,1105,13,1.18,0.378,0.001,0.478,0.479,667.83,1.0693,23.29,514.33,15.03,332,514.33,74.219,42.27,"[486.92, 332, 514.33, 470.68, 352.92]","[2, 2, 3, 4, 2]",13
assembly_1,5,0.65,subgraph_mip,combined,1,343,1105,26,2.35,0.378,0.002,1.571,1.573,203.37,0.9137,5.35,495.7,10.87,339.12,495.7,58.841,36.3,"[339.12, 486.92, 442, 393.11, 495.7]","[2, 2, 3, 3, 3]",13
assembly_1,5,0.65,subgraph_mip,blended,1,343,1105,13,1.18,0.378,0.001,0.037,0.038,8464.15,0.869,0.2,447.12,0.0,410.92,447.12,13.666,8.39,"[436.68, 442, 420.13, 410.92, 447.12]","[3, 3, 2, 2, 3]",13
assembly_1,5,0.65,subgraph_mip,blended_union,1,343,1105,35,3.17,0.378,0.012,0.677,0.689,464.32,0.869,0.2,447.12,0.0,410.92,447.12,13.666,8.39,"[436.68, 442, 420.13, 410.92, 447.12]","[3, 3, 2, 2, 3]",13
assembly_1,5,0.65,subgraph_mip,diverse,1,343,1105,13,1.18,0.378,0.004,0.052,0.056,5694.59,0.869,0.2,447.12,0.0,410.92,447.12,13.666,8.39,"[436.68, 442, 420.13, 410.92, 447.12]","[3, 3, 2, 2, 3]",13
assembly_1,5,0.65,subgraph_mip,edge_weight,2,343,1105,15,1.36,0.378,0.009,0.273,0.282,1134.26,0.9137,5.35,495.7,10.87,339.12,495.7,58.841,36.3,"[339.12, 486.92, 442, 393.11, 495.7]","[2, 2, 3, 3, 3]",13
assembly_1,5,0.65,subgraph_mip,time_balanced_weight,2,343,1105,15,1.36,0.378,0.01,1.201,1.211,264.05,1.0659,22.9,514.33,15.03,332,514.33,74.219,42.27,"[486.92, 332, 514.33, 470.68, 352.92]","[2, 2, 3, 4, 2]",13
assembly_1,5,0.65,subgraph_mip,combined,2,343,1105,30,2.71,0.378,0.013,0.938,0.95,336.56,0.9137,5.35,495.7,10.87,339.12,495.7,58.841,36.3,"[339.12, 486.92, 442, 393.11, 495.7]","[2, 2, 3, 3, 3]",13
assembly_1,5,0.65,subgraph_mip,blended,2,343,1105,15,1.36,0.378,0.003,0.065,0.069,4653.05,0.869,0.2,447.12,0.0,410.92,447.12,13.666,8.39,"[436.68, 442, 420.13, 410.92, 447.12]","[3, 3, 2, 2, 3]",13
assembly_1,5,0.65,subgraph_mip,blended_union,2,343,1105,40,3.62,0.378,0.019,1.512,1.531,208.86,0.869,0.2,447.12,0.0,410.92,447.12,13.666,8.39,"[436.68, 442, 420.13, 410.92, 447.12]","[3, 3, 2, 2, 3]",13
assembly_1,5,0.65,subgraph_mip,diverse,2,343,1105,26,2.35,0.378,0.006,0.665,0.671,476.71,0.869,0.2,447.12,0.0,410.92,447.12,13.666,8.39,"[436.68, 442, 420.13, 410.92, 447.12]","[3, 3, 2, 2, 3]",13
assembly_1,5,0.65,subgraph_mip,edge_weight,5,343,1105,21,1.9,0.378,0.026,0.5,0.527,607.04,0.9137,5.35,495.7,10.87,339.12,495.7,58.841,36.3,"[339.12, 486.92, 442, 393.11, 495.7]","[2, 2, 3, 3, 3]",13
assembly_1,5,0.65,subgraph_mip,time_balanced_weight,5,343,1105,36,3.26,0.378,0.021,1.723,1.744,183.44,1.0237,18.03,486.92,8.9,350.63,486.92,47.926,31.59,"[486.92, 410.92, 350.63, 439.7, 468.68]","[2, 2, 2, 3, 4]",13
assembly_1,5,0.65,subgraph_mip,combined,5,343,1105,57,5.16,0.378,0.031,0.688,0.719,444.6,0.9137,5.35,495.7,10.87,339.12,495.7,58.841,36.3,"[339.12, 486.92, 442, 393.11, 495.7]","[2, 2, 3, 3, 3]",13
assembly_1,5,0.65,subgraph_mip,blended,5,343,1105,19,1.72,0.378,0.021,0.176,0.196,1629.33,0.869,0.2,447.12,0.0,410.92,447.12,13.666,8.39,"[436.68, 442, 420.13, 410.92, 447.12]","[3, 3, 2, 2, 3]",13
assembly_1,5,0.65,subgraph_mip,blended_union,5,343,1105,54,4.89,0.378,0.065,0.627,0.692,461.9,0.869,0.2,447.12,0.0,410.92,447.12,13.666,8.39,"[436.68, 442, 420.13, 410.92, 447.12]","[3, 3, 2, 2, 3]",13
assembly_1,5,0.65,subgraph_mip,diverse,5,343,1105,65,5.88,0.378,0.012,0.491,0.503,635.28,0.869,0.2,447.12,0.0,410.92,447.12,13.666,8.39,"[436.68, 442, 420.13, 410.92, 447.12]","[3, 3, 2, 2, 3]",13
assembly_1,5,0.65,subgraph_mip,edge_weight,10,343,1105,24,2.17,0.378,0.028,0.743,0.771,414.97,0.9137,5.35,495.7,10.87,339.12,495.7,58.841,36.3,"[339.12, 486.92, 442, 393.11, 495.7]","[2, 2, 3, 3, 3]",13
assembly_1,5,0.65,subgraph_mip,time_balanced_weight,10,343,1105,48,4.34,0.378,0.037,1.34,1.377,232.27,1.0193,17.53,470.68,5.27,408,470.68,24.017,14.53,"[408, 410.92, 420.13, 470.68, 447.12]","[2, 2, 2, 4, 3]",13
assembly_1,5,0.65,subgraph_mip,combined,10,343,1105,72,6.52,0.378,0.095,1.024,1.119,285.91,0.9137,5.35,495.7,10.87,339.12,495.7,58.841,36.3,"[339.12, 486.92, 442, 393.11, 495.7]","[2, 2, 3, 3, 3]",13
assembly_1,5,0.65,subgraph_mip,blended,10,343,1105,21,1.9,0.378,0.033,0.488,0.521,613.76,0.869,0.2,447.12,0.0,410.92,447.12,13.666,8.39,"[436.68, 442, 420.13, 410.92, 447.12]","[3, 3, 2, 2, 3]",13
assembly_1,5,0.65,subgraph_mip,blended_union,10,343,1105,63,5.7,0.378,0.122,1.072,1.194,267.8,0.869,0.2,447.12,0.0,410.92,447.12,13.666,8.39,"[436.68, 442, 420.13, 410.92, 447.12]","[3, 3, 2, 2, 3]",13
assembly_1,5,0.65,subgraph_mip,diverse,10,343,1105,126,11.4,0.378,0.018,0.792,0.811,394.61,0.869,0.2,447.12,0.0,410.92,447.12,13.666,8.39,"[436.68, 442, 420.13, 410.92, 447.12]","[3, 3, 2, 2, 3]",13
assembly_1,5,0.65,subgraph_mip,edge_weight,20,343,1105,35,3.17,0.378,0.054,1.425,1.479,216.26,0.9035,4.17,486.92,8.9,339.12,486.92,55.66,34.26,"[339.12, 486.92, 484.48, 444.83, 401.5]","[2, 2, 4, 3, 2]",13
assembly_1,5,0.65,subgraph_mip,time_balanced_weight,20,343,1105,64,5.79,0.378,0.116,1.387,1.503,212.76,1.0167,17.23,489.84,9.55,350.63,489.84,48.878,32.27,"[489.84, 408, 350.63, 439.7, 468.68]","[2, 2, 2, 3, 4]",13
assembly_1,5,0.65,subgraph_mip,combined,20,343,1105,99,8.96,0.378,0.181,1.122,1.303,245.43,0.9035,4.17,486.92,8.9,339.12,486.92,55.66,34.26,"[339.12, 486.92, 484.48, 444.83, 401.5]","[2, 2, 4, 3, 2]",13
assembly_1,5,0.65,subgraph_mip,blended,20,343,1105,30,2.71,0.378,0.065,0.392,0.458,698.83,0.869,0.2,447.12,0.0,410.92,447.12,13.666,8.39,"[436.68, 442, 420.13, 410.92, 447.12]","[3, 3, 2, 2, 3]",13
assembly_1,5,0.65,subgraph_mip,blended_union,20,343,1105,86,7.78,0.378,0.217,1.359,1.576,202.97,0.869,0.2,447.12,0.0,410.92,447.12,13.666,8.39,"[436.68, 442, 420.13, 410.92, 447.12]","[3, 3, 2, 2, 3]",13
assembly_1,5,0.65,subgraph_mip,diverse,20,343,1105,239,21.63,0.378,0.013,5.197,5.211,61.38,0.869,0.2,447.12,0.0,410.92,447.12,13.666,8.39,"[436.68, 442, 420.13, 410.92, 447.12]","[3, 3, 2, 2, 3]",13
assembly_1,5,0.65,subgraph_mip,edge_weight,50,343,1105,54,4.89,0.378,0.159,1.293,1.453,220.17,0.9035,4.17,486.92,8.9,339.12,486.92,55.66,34.26,"[339.12, 486.92, 484.48, 444.83, 401.5]","[2, 2, 4, 3, 2]",13
assembly_1,5,0.65,subgraph_mip,time_balanced_weight,50,343,1105,119,10.77,0.378,0.249,2.208,2.457,130.17,1.0087,16.3,489.84,9.55,329.7,489.84,57.532,37.12,"[489.84, 408, 460.63, 329.7, 468.68]","[2, 2, 3, 2, 4]",13
assembly_1,5,0.65,subgraph_mip,combined,50,343,1105,171,15.48,0.378,0.458,4.981,5.44,58.8,0.9035,4.17,486.92,8.9,339.12,486.92,55.66,34.26,"[339.12, 486.92, 484.48, 444.83, 401.5]","[2, 2, 4, 3, 2]",13
assembly_1,5,0.65,subgraph_mip,blended,50,343,1105,44,3.98,0.378,0.188,1.001,1.189,269.11,0.8673,0.0,447.12,0.0,401.5,447.12,16.03,10.58,"[436.68, 442, 429.55, 401.5, 447.12]","[3, 3, 2, 2, 3]",13
assembly_1,5,0.65,subgraph_mip,blended_union,50,343,1105,119,10.77,0.378,0.521,2.267,2.788,114.74,0.8673,0.0,447.12,0.0,401.5,447.12,16.03,10.58,"[436.68, 442, 429.55, 401.5, 447.12]","[3, 3, 2, 2, 3]",13
assembly_1,5,0.65,subgraph_mip,diverse,50,343,1105,507,45.88,0.378,0.031,26.65,26.68,11.99,0.8673,-0.0,447.12,0.0,401.5,447.12,16.03,10.58,"[436.68, 442, 429.55, 401.5, 447.12]","[3, 3, 2, 2, 3]",13
assembly_1,5,0.65,subgraph_mip,edge_weight,100,343,1105,78,7.06,0.378,0.396,1.736,2.131,150.07,0.9035,4.17,486.92,8.9,339.12,486.92,55.66,34.26,"[339.12, 486.92, 484.48, 444.83, 401.5]","[2, 2, 4, 3, 2]",13
assembly_1,5,0.65,subgraph_mip,time_balanced_weight,100,343,1105,170,15.38,0.378,0.466,7.014,7.48,42.76,0.9729,12.19,453.4,1.4,401.5,453.4,22.0,12.03,"[401.5, 444.83, 408, 449.12, 453.4]","[2, 3, 2, 3, 3]",13
assembly_1,5,0.65,subgraph_mip,combined,100,343,1105,241,21.81,0.378,0.929,5.815,6.744,47.42,0.9035,4.17,486.92,8.9,339.12,486.92,55.66,34.26,"[339.12, 486.92, 484.48, 444.83, 401.5]","[2, 2, 4, 3, 2]",13
assembly_1,5,0.65,subgraph_mip,blended,100,343,1105,73,6.61,0.378,0.334,1.596,1.929,165.77,0.8673,-0.0,447.12,0.0,401.5,447.12,16.03,10.58,"[436.68, 442, 429.55, 401.5, 447.12]","[3, 3, 2, 2, 3]",13
assembly_1,5,0.65,subgraph_mip,blended_union,100,343,1105,160,14.48,0.378,1.079,5.438,6.517,49.08,0.8673,0.0,447.12,0.0,401.5,447.12,16.03,10.58,"[436.68, 442, 429.55, 401.5, 447.12]","[3, 3, 2, 2, 3]",13
assembly_1,5,0.65,subgraph_mip,diverse,100,343,1105,743,67.24,0.378,0.099,112.007,112.106,2.85,0.8673,-0.0,447.12,0.0,401.5,447.12,16.03,10.58,"[436.68, 442, 429.55, 401.5, 447.12]","[3, 3, 2, 2, 3]",13
assembly_1,5,0.65,subgraph_mip,edge_weight,200,343,1105,95,8.6,0.378,0.628,1.537,2.165,147.73,0.9035,4.17,486.92,8.9,339.12,486.92,55.66,34.26,"[339.12, 486.92, 484.48, 444.83, 401.5]","[2, 2, 4, 3, 2]",13
assembly_1,5,0.65,subgraph_mip,time_balanced_weight,200,343,1105,211,19.1,0.378,0.916,10.497,11.413,28.03,0.9729,12.19,453.4,1.4,401.5,453.4,22.0,12.03,"[401.5, 444.83, 408, 449.12, 453.4]","[2, 3, 2, 3, 3]",13
assembly_1,5,0.65,subgraph_mip,combined,200,343,1105,295,26.7,0.378,1.617,11.385,13.002,24.6,0.9035,4.17,486.92,8.9,339.12,486.92,55.66,34.26,"[339.12, 486.92, 484.48, 444.83, 401.5]","[2, 2, 4, 3, 2]",13
assembly_1,5,0.65,subgraph_mip,blended,200,343,1105,101,9.14,0.378,0.77,1.286,2.056,155.57,0.8673,0.0,447.12,0.0,401.5,447.12,16.03,10.58,"[436.68, 442, 429.55, 401.5, 447.12]","[3, 3, 2, 2, 3]",13
assembly_1,5,0.65,subgraph_mip,blended_union,200,343,1105,217,19.64,0.378,2.165,12.244,14.409,22.2,0.8673,-0.0,447.12,0.0,401.5,447.12,16.03,10.58,"[436.68, 442, 429.55, 401.5, 447.12]","[3, 3, 2, 2, 3]",13
assembly_1,5,0.65,subgraph_mip,diverse,200,343,1105,904,81.81,0.378,0.217,242.991,243.208,1.32,0.8673,0.0,447.12,0.0,401.5,447.12,16.03,10.58,"[436.68, 442, 429.55, 401.5, 447.12]","[3, 3, 2, 2, 3]",13
assembly_1,5,0.65,subgraph_mip,edge_weight,500,343,1105,108,9.77,0.378,1.723,3.308,5.031,63.58,0.9035,4.17,486.92,8.9,339.12,486.92,55.66,34.26,"[339.12, 486.92, 484.48, 444.83, 401.5]","[2, 2, 4, 3, 2]",13
assembly_1,5,0.65,subgraph_mip,time_balanced_weight,500,343,1105,343,31.04,0.378,2.11,42.687,44.797,7.14,0.9618,10.9,487.31,8.99,339.12,487.31,56.09,34.35,"[339.12, 486.92, 442, 487.31, 401.5]","[2, 2, 3, 4, 2]",13
assembly_1,5,0.65,subgraph_mip,combined,500,343,1105,420,38.01,0.378,3.904,21.577,25.481,12.55,0.9035,4.17,486.92,8.9,339.12,486.92,55.66,34.26,"[339.12, 486.92, 484.48, 444.83, 401.5]","[2, 2, 4, 3, 2]",13
assembly_1,5,0.65,subgraph_mip,blended,500,343,1105,131,11.86,0.378,1.956,3.467,5.423,58.98,0.8673,-0.0,447.12,0.0,401.5,447.12,16.03,10.58,"[436.68, 442, 429.55, 401.5, 447.12]","[3, 3, 2, 2, 3]",13
assembly_1,5,0.65,subgraph_mip,blended_union,500,343,1105,248,22.44,0.378,5.588,5.415,11.003,29.07,0.8673,-0.0,447.12,0.0,401.5,447.12,16.03,10.58,"[436.68, 442, 429.55, 401.5, 447.12]","[3, 3, 2, 2, 3]",13
assembly_1,5,0.65,subgraph_mip,diverse,500,343,1105,1040,94.12,0.378,0.603,291.595,292.198,1.09,0.8673,0.0,447.12,0.0,401.5,447.12,16.03,10.58,"[436.68, 442, 429.55, 401.5, 447.12]","[3, 3, 2, 2, 3]",13
assembly_1,5,0.65,subgraph_mip,edge_weight,1000,343,1105,142,12.85,0.378,3.597,5.528,9.124,35.05,0.9035,4.17,486.92,8.9,339.12,486.92,55.66,34.26,"[339.12, 486.92, 484.48, 444.83, 401.5]","[2, 2, 4, 3, 2]",13
assembly_1,5,0.65,subgraph_mip,time_balanced_weight,1000,343,1105,412,37.29,0.378,4.585,47.32,51.905,6.16,0.9596,10.64,486.92,8.9,339.12,486.92,51.434,34.26,"[339.12, 486.92, 442, 420.13, 468.68]","[2, 2, 3, 2, 4]",13
assembly_1,5,0.65,subgraph_mip,combined,1000,343,1105,507,45.88,0.378,8.323,60.286,68.609,4.66,0.9035,4.17,486.92,8.9,339.12,486.92,55.66,34.26,"[339.12, 486.92, 484.48, 444.83, 401.5]","[2, 2, 4, 3, 2]",13
assembly_1,5,0.65,subgraph_mip,blended,1000,343,1105,141,12.76,0.378,4.924,3.911,8.836,36.2,0.8673,0.0,447.12,0.0,401.5,447.12,16.03,10.58,"[436.68, 442, 429.55, 401.5, 447.12]","[3, 3, 2, 2, 3]",13
assembly_1,5,0.65,subgraph_mip,blended_union,1000,343,1105,310,28.05,0.378,12.259,13.048,25.307,12.64,0.8673,-0.0,447.12,0.0,401.5,447.12,16.03,10.58,"[436.68, 442, 429.55, 401.5, 447.12]","[3, 3, 2, 2, 3]",13
assembly_1,5,0.65,subgraph_mip,diverse,1000,343,1105,1100,99.55,0.378,1.124,207.628,208.752,1.53,0.8673,0.0,447.12,0.0,401.5,447.12,16.03,10.58,"[436.68, 442, 429.55, 401.5, 447.12]","[3, 3, 2, 2, 3]",13
assembly_1,5,0.65,subgraph_mip,edge_weight,2000,343,1105,185,16.74,0.378,8.092,6.274,14.366,22.26,0.9035,4.17,486.92,8.9,339.12,486.92,55.66,34.26,"[339.12, 486.92, 484.48, 444.83, 401.5]","[2, 2, 4, 3, 2]",13
assembly_1,5,0.65,subgraph_mip,time_balanced_weight,2000,343,1105,575,52.04,0.378,9.353,82.339,91.691,3.49,0.9596,10.64,486.92,8.9,339.12,486.92,51.434,34.26,"[339.12, 486.92, 442, 420.13, 468.68]","[2, 2, 3, 2, 4]",13
assembly_1,5,0.65,subgraph_mip,combined,2000,343,1105,655,59.28,0.378,17.953,70.013,87.966,3.64,0.9035,4.17,486.92,8.9,339.12,486.92,55.66,34.26,"[339.12, 486.92, 484.48, 444.83, 401.5]","[2, 2, 4, 3, 2]",13
assembly_1,5,0.65,subgraph_mip,blended,2000,343,1105,191,17.29,0.378,10.298,5.508,15.806,20.24,0.8673,0.0,447.12,0.0,401.5,447.12,16.03,10.58,"[436.68, 442, 429.55, 401.5, 447.12]","[3, 3, 2, 2, 3]",13
assembly_1,5,0.65,subgraph_mip,blended_union,2000,343,1105,397,35.93,0.378,30.659,28.532,59.19,5.4,0.8673,-0.0,447.12,0.0,401.5,447.12,16.03,10.58,"[436.68, 442, 429.55, 401.5, 447.12]","[3, 3, 2, 2, 3]",13
assembly_1,5,0.65,subgraph_mip,diverse,2000,343,1105,1105,100.0,0.378,2.339,264.092,266.431,1.2,0.8673,0.0,447.12,0.0,401.5,447.12,16.03,10.58,"[436.68, 442, 429.55, 401.5, 447.12]","[3, 3, 2, 2, 3]",13
assembly_1,5,0.65,subgraph_mip,edge_weight,5000,343,1105,232,21.0,0.378,25.957,19.937,45.894,6.97,0.8835,1.87,460.63,3.02,401.5,460.63,22.104,13.71,"[436.68, 410.92, 460.63, 401.5, 447.12]","[3, 2, 3, 2, 3]",13
assembly_1,5,0.65,subgraph_mip,time_balanced_weight,5000,343,1105,739,66.88,0.378,23.395,129.148,152.543,2.1,0.9423,8.65,460.63,3.02,401.5,460.63,22.104,13.71,"[436.68, 410.92, 460.63, 401.5, 447.12]","[3, 2, 3, 2, 3]",13
assembly_1,5,0.65,subgraph_mip,combined,5000,343,1105,806,72.94,0.378,49.715,87.016,136.731,2.34,0.8673,0.0,447.12,0.0,401.5,447.12,16.03,10.58,"[436.68, 442, 429.55, 401.5, 447.12]","[3, 3, 2, 2, 3]",13
assembly_1,5,0.65,subgraph_mip,blended,5000,343,1105,265,23.98,0.378,29.19,7.7,36.891,8.67,0.8673,0.0,447.12,0.0,401.5,447.12,16.03,10.58,"[436.68, 442, 429.55, 401.5, 447.12]","[3, 3, 2, 2, 3]",13
assembly_1,5,0.65,subgraph_mip,blended_union,5000,343,1105,483,43.71,0.378,79.447,35.253,114.699,2.79,0.8673,0.0,447.12,0.0,401.5,447.12,16.03,10.58,"[436.68, 442, 429.55, 401.5, 447.12]","[3, 3, 2, 2, 3]",13
assembly_1,5,0.65,subgraph_mip,diverse,5000,343,1105,1105,100.0,0.378,4.073,192.045,196.118,1.63,0.8673,0.0,447.12,0.0,401.5,447.12,16.03,10.58,"[436.68, 442, 429.55, 401.5, 447.12]","[3, 3, 2, 2, 3]",13
assembly_1,5,0.7,full_mip,—,,343,1105,1105,100.0,0.297,0.0,232.619,232.619,1.0,0.8667,0.0,447.12,0.0,401.5,447.12,16.03,10.58,"[436.68, 442, 429.55, 401.5, 447.12]","[3, 3, 2, 2, 3]",13
assembly_1,5,0.7,subgraph_mip,edge_weight,1,343,1105,13,1.18,0.297,0.002,0.08,0.082,2837.91,0.9199,6.14,495.7,10.87,339.12,495.7,58.841,36.3,"[339.12, 486.92, 442, 393.11, 495.7]","[2, 2, 3, 3, 3]",13
assembly_1,5,0.7,subgraph_mip,time_balanced_weight,1,343,1105,13,1.18,0.297,0.001,0.136,0.137,1696.67,1.0584,22.11,514.33,15.03,332,514.33,67.976,42.27,"[486.92, 332, 514.33, 376.48, 447.12]","[2, 2, 3, 3, 3]",13
assembly_1,5,0.7,subgraph_mip,combined,1,343,1105,26,2.35,0.297,0.003,2.348,2.351,98.93,0.9199,6.14,495.7,10.87,339.12,495.7,58.841,36.3,"[339.12, 486.92, 442, 393.11, 495.7]","[2, 2, 3, 3, 3]",13
assembly_1,5,0.7,subgraph_mip,blended,1,343,1105,13,1.18,0.297,0.002,0.061,0.063,3688.84,0.8682,0.17,447.12,-0.0,410.92,447.12,13.666,8.39,"[436.68, 442, 420.13, 410.92, 447.12]","[3, 3, 2, 2, 3]",13
assembly_1,5,0.7,subgraph_mip,blended_union,1,343,1105,35,3.17,0.297,0.025,1.145,1.169,198.91,0.8682,0.17,447.12,0.0,410.92,447.12,13.666,8.39,"[436.68, 442, 420.13, 410.92, 447.12]","[3, 3, 2, 2, 3]",13
assembly_1,5,0.7,subgraph_mip,diverse,1,343,1105,13,1.18,0.297,0.008,0.103,0.111,2091.0,0.8682,0.17,447.12,-0.0,410.92,447.12,13.666,8.39,"[436.68, 442, 420.13, 410.92, 447.12]","[3, 3, 2, 2, 3]",13
assembly_1,5,0.7,subgraph_mip,edge_weight,2,343,1105,15,1.36,0.297,0.015,0.979,0.994,234.0,0.9199,6.14,495.7,10.87,339.12,495.7,58.841,36.3,"[339.12, 486.92, 442, 393.11, 495.7]","[2, 2, 3, 3, 3]",13
assembly_1,5,0.7,subgraph_mip,time_balanced_weight,2,343,1105,15,1.36,0.297,0.012,0.668,0.68,342.02,1.0555,21.78,514.33,15.03,332,514.33,74.219,42.27,"[486.92, 332, 514.33, 470.68, 352.92]","[2, 2, 3, 4, 2]",13
assembly_1,5,0.7,subgraph_mip,combined,2,343,1105,30,2.71,0.297,0.025,1.62,1.646,141.36,0.9199,6.14,495.7,10.87,339.12,495.7,58.841,36.3,"[339.12, 486.92, 442, 393.11, 495.7]","[2, 2, 3, 3, 3]",13
assembly_1,5,0.7,subgraph_mip,blended,2,343,1105,15,1.36,0.297,0.01,0.079,0.089,2617.38,0.8682,0.17,447.12,-0.0,410.92,447.12,13.666,8.39,"[436.68, 442, 420.13, 410.92, 447.12]","[3, 3, 2, 2, 3]",13
assembly_1,5,0.7,subgraph_mip,blended_union,2,343,1105,40,3.62,0.297,0.057,0.405,0.462,503.19,0.8682,0.17,447.12,0.0,410.92,447.12,13.666,8.39,"[436.68, 442, 420.13, 410.92, 447.12]","[3, 3, 2, 2, 3]",13
assembly_1,5,0.7,subgraph_mip,diverse,2,343,1105,26,2.35,0.297,0.011,0.368,0.379,614.26,0.8682,0.17,447.12,-0.0,410.92,447.12,13.666,8.39,"[436.68, 442, 420.13, 410.92, 447.12]","[3, 3, 2, 2, 3]",13
assembly_1,5,0.7,subgraph_mip,edge_weight,5,343,1105,21,1.9,0.297,0.013,0.585,0.598,388.96,0.9199,6.14,495.7,10.87,339.12,495.7,58.841,36.3,"[339.12, 486.92, 442, 393.11, 495.7]","[2, 2, 3, 3, 3]",13
assembly_1,5,0.7,subgraph_mip,time_balanced_weight,5,343,1105,36,3.26,0.297,0.018,2.608,2.626,88.59,1.0117,16.73,486.92,8.9,350.63,486.92,47.926,31.59,"[486.92, 410.92, 350.63, 439.7, 468.68]","[2, 2, 2, 3, 4]",13
assembly_1,5,0.7,subgraph_mip,combined,5,343,1105,57,5.16,0.297,0.055,0.688,0.743,313.17,0.9199,6.14,495.7,10.87,339.12,495.7,58.841,36.3,"[339.12, 486.92, 442, 393.11, 495.7]","[2, 2, 3, 3, 3]",13
assembly_1,5,0.7,subgraph_mip,blended,5,343,1105,19,1.72,0.297,0.018,0.398,0.416,559.29,0.8682,0.17,447.12,-0.0,410.92,447.12,13.666,8.39,"[436.68, 442, 420.13, 410.92, 447.12]","[3, 3, 2, 2, 3]",13
assembly_1,5,0.7,subgraph_mip,blended_union,5,343,1105,54,4.89,0.297,0.043,1.684,1.728,134.65,0.8682,0.17,447.12,0.0,410.92,447.12,13.666,8.39,"[436.68, 442, 420.13, 410.92, 447.12]","[3, 3, 2, 2, 3]",13
assembly_1,5,0.7,subgraph_mip,diverse,5,343,1105,65,5.88,0.297,0.006,0.636,0.643,362.05,0.8682,0.17,447.12,0.0,410.92,447.12,13.666,8.39,"[436.68, 442, 420.13, 410.92, 447.12]","[3, 3, 2, 2, 3]",13
assembly_1,5,0.7,subgraph_mip,edge_weight,10,343,1105,24,2.17,0.297,0.061,0.532,0.593,392.09,0.9199,6.14,495.7,10.87,339.12,495.7,58.841,36.3,"[339.12, 486.92, 442, 393.11, 495.7]","[2, 2, 3, 3, 3]",13
assembly_1,5,0.7,subgraph_mip,time_balanced_weight,10,343,1105,48,4.34,0.297,0.058,1.168,1.226,189.67,1.0035,15.78,470.68,5.27,408,470.68,24.017,14.53,"[408, 410.92, 420.13, 470.68, 447.12]","[2, 2, 2, 4, 3]",13
assembly_1,5,0.7,subgraph_mip,combined,10,343,1105,72,6.52,0.297,0.095,0.978,1.072,216.91,0.9199,6.14,495.7,10.87,339.12,495.7,58.841,36.3,"[339.12, 486.92, 442, 393.11, 495.7]","[2, 2, 3, 3, 3]",13
assembly_1,5,0.7,subgraph_mip,blended,10,343,1105,21,1.9,0.297,0.022,0.463,0.485,479.5,0.8682,0.17,447.12,-0.0,410.92,447.12,13.666,8.39,"[436.68, 442, 420.13, 410.92, 447.12]","[3, 3, 2, 2, 3]",13
assembly_1,5,0.7,subgraph_mip,blended_union,10,343,1105,63,5.7,0.297,0.152,2.706,2.858,81.4,0.8682,0.17,447.12,0.0,410.92,447.12,13.666,8.39,"[436.68, 442, 420.13, 410.92, 447.12]","[3, 3, 2, 2, 3]",13
assembly_1,5,0.7,subgraph_mip,diverse,10,343,1105,126,11.4,0.297,0.009,0.734,0.743,313.25,0.8682,0.17,447.12,0.0,410.92,447.12,13.666,8.39,"[436.68, 442, 420.13, 410.92, 447.12]","[3, 3, 2, 2, 3]",13
assembly_1,5,0.7,subgraph_mip,edge_weight,20,343,1105,35,3.17,0.297,0.056,1.854,1.91,121.78,0.9087,4.85,486.92,8.9,339.12,486.92,55.66,34.26,"[339.12, 486.92, 484.48, 444.83, 401.5]","[2, 2, 4, 3, 2]",13
assembly_1,5,0.7,subgraph_mip,time_balanced_weight,20,343,1105,64,5.79,0.297,0.084,1.545,1.629,142.82,1.0035,15.78,470.68,5.27,408,470.68,24.017,14.53,"[408, 410.92, 420.13, 470.68, 447.12]","[2, 2, 2, 4, 3]",13
assembly_1,5,0.7,subgraph_mip,combined,20,343,1105,99,8.96,0.297,0.174,1.461,1.635,142.28,0.9087,4.85,486.92,8.9,339.12,486.92,55.66,34.26,"[339.12, 486.92, 484.48, 444.83, 401.5]","[2, 2, 4, 3, 2]",13
assembly_1,5,0.7,subgraph_mip,blended,20,343,1105,31,2.81,0.297,0.103,0.349,0.452,515.18,0.8682,0.17,447.12,-0.0,410.92,447.12,13.666,8.39,"[436.68, 442, 420.13, 410.92, 447.12]","[3, 3, 2, 2, 3]",13
assembly_1,5,0.7,subgraph_mip,blended_union,20,343,1105,86,7.78,0.297,0.215,1.313,1.528,152.26,0.8682,0.17,447.12,0.0,410.92,447.12,13.666,8.39,"[436.68, 442, 420.13, 410.92, 447.12]","[3, 3, 2, 2, 3]",13
assembly_1,5,0.7,subgraph_mip,diverse,20,343,1105,239,21.63,0.297,0.013,5.427,5.44,42.76,0.8682,0.17,447.12,0.0,410.92,447.12,13.666,8.39,"[436.68, 442, 420.13, 410.92, 447.12]","[3, 3, 2, 2, 3]",13
assembly_1,5,0.7,subgraph_mip,edge_weight,50,343,1105,54,4.89,0.297,0.246,2.261,2.507,92.78,0.9087,4.85,486.92,8.9,339.12,486.92,55.66,34.26,"[339.12, 486.92, 484.48, 444.83, 401.5]","[2, 2, 4, 3, 2]",13
assembly_1,5,0.7,subgraph_mip,time_balanced_weight,50,343,1105,119,10.77,0.297,0.286,3.776,4.062,57.27,0.9997,15.34,489.84,9.55,329.7,489.84,57.532,37.12,"[489.84, 408, 460.63, 329.7, 468.68]","[2, 2, 3, 2, 4]",13
assembly_1,5,0.7,subgraph_mip,combined,50,343,1105,171,15.48,0.297,0.45,1.915,2.365,98.38,0.9087,4.85,486.92,8.9,339.12,486.92,55.66,34.26,"[339.12, 486.92, 484.48, 444.83, 401.5]","[2, 2, 4, 3, 2]",13
assembly_1,5,0.7,subgraph_mip,blended,50,343,1105,43,3.89,0.297,0.225,0.504,0.729,319.15,0.8682,0.17,447.12,0.0,410.92,447.12,13.666,8.39,"[436.68, 442, 420.13, 410.92, 447.12]","[3, 3, 2, 2, 3]",13
assembly_1,5,0.7,subgraph_mip,blended_union,50,343,1105,119,10.77,0.297,0.573,2.953,3.526,65.97,0.8667,-0.0,447.12,0.0,401.5,447.12,16.03,10.58,"[436.68, 442, 429.55, 401.5, 447.12]","[3, 3, 2, 2, 3]",13
assembly_1,5,0.7,subgraph_mip,diverse,50,343,1105,506,45.79,0.297,0.049,25.629,25.678,9.06,0.8682,0.17,447.12,0.0,410.92,447.12,13.666,8.39,"[436.68, 442, 420.13, 410.92, 447.12]","[3, 3, 2, 2, 3]",13
assembly_1,5,0.7,subgraph_mip,edge_weight,100,343,1105,78,7.06,0.297,0.429,1.5,1.928,120.63,0.9087,4.85,486.92,8.9,339.12,486.92,55.66,34.26,"[339.12, 486.92, 484.48, 444.83, 401.5]","[2, 2, 4, 3, 2]",13
assembly_1,5,0.7,subgraph_mip,time_balanced_weight,100,343,1105,170,15.38,0.297,0.5,6.262,6.762,34.4,0.959,10.65,453.4,1.4,401.5,453.4,22.0,12.03,"[401.5, 444.83, 408, 449.12, 453.4]","[2, 3, 2, 3, 3]",13
assembly_1,5,0.7,subgraph_mip,combined,100,343,1105,241,21.81,0.297,0.865,9.641,10.506,22.14,0.9087,4.85,486.92,8.9,339.12,486.92,55.66,34.26,"[339.12, 486.92, 484.48, 444.83, 401.5]","[2, 2, 4, 3, 2]",13
assembly_1,5,0.7,subgraph_mip,blended,100,343,1105,60,5.43,0.297,0.343,2.346,2.688,86.52,0.8682,0.17,447.12,0.0,410.92,447.12,13.666,8.39,"[436.68, 442, 420.13, 410.92, 447.12]","[3, 3, 2, 2, 3]",13
assembly_1,5,0.7,subgraph_mip,blended_union,100,343,1105,160,14.48,0.297,1.047,4.706,5.754,40.43,0.8667,-0.0,447.12,0.0,401.5,447.12,16.03,10.58,"[436.68, 442, 429.55, 401.5, 447.12]","[3, 3, 2, 2, 3]",13
assembly_1,5,0.7,subgraph_mip,diverse,100,343,1105,742,67.15,0.297,0.081,134.395,134.476,1.73,0.8667,-0.0,447.12,0.0,401.5,447.12,16.03,10.58,"[436.68, 442, 429.55, 401.5, 447.12]","[3, 3, 2, 2, 3]",13
assembly_1,5,0.7,subgraph_mip,edge_weight,200,343,1105,95,8.6,0.297,0.622,1.731,2.353,98.87,0.9087,4.85,486.92,8.9,339.12,486.92,55.66,34.26,"[339.12, 486.92, 484.48, 444.83, 401.5]","[2, 2, 4, 3, 2]",13
assembly_1,5,0.7,subgraph_mip,time_balanced_weight,200,343,1105,211,19.1,0.297,0.949,8.139,9.087,25.6,0.959,10.65,453.4,1.4,401.5,453.4,22.0,12.03,"[401.5, 444.83, 408, 449.12, 453.4]","[2, 3, 2, 3, 3]",13
assembly_1,5,0.7,subgraph_mip,combined,200,343,1105,295,26.7,0.297,1.554,9.063,10.616,21.91,0.9087,4.85,486.92,8.9,339.12,486.92,55.66,34.26,"[339.12, 486.92, 484.48, 444.83, 401.5]","[2, 2, 4, 3, 2]",13
assembly_1,5,0.7,subgraph_mip,blended,200,343,1105,95,8.6,0.297,0.716,5.168,5.884,39.53,0.8667,-0.0,447.12,0.0,401.5,447.12,16.03,10.58,"[436.68, 442, 429.55, 401.5, 447.12]","[3, 3, 2, 2, 3]",13
assembly_1,5,0.7,subgraph_mip,blended_union,200,343,1105,217,19.64,0.297,2.874,8.257,11.131,20.9,0.8667,-0.0,447.12,0.0,401.5,447.12,16.03,10.58,"[436.68, 442, 429.55, 401.5, 447.12]","[3, 3, 2, 2, 3]",13
assembly_1,5,0.7,subgraph_mip,diverse,200,343,1105,908,82.17,0.297,0.249,200.284,200.533,1.16,0.8667,-0.0,447.12,0.0,401.5,447.12,16.03,10.58,"[436.68, 442, 429.55, 401.5, 447.12]","[3, 3, 2, 2, 3]",13
assembly_1,5,0.7,subgraph_mip,edge_weight,500,343,1105,108,9.77,0.297,1.768,2.639,4.407,52.79,0.9087,4.85,486.92,8.9,339.12,486.92,55.66,34.26,"[339.12, 486.92, 484.48, 444.83, 401.5]","[2, 2, 4, 3, 2]",13
assembly_1,5,0.7,subgraph_mip,time_balanced_weight,500,343,1105,343,31.04,0.297,2.017,40.365,42.383,5.49,0.9581,10.54,453.4,1.4,401.5,453.4,22.0,12.03,"[401.5, 444.83, 408, 449.12, 453.4]","[2, 3, 2, 3, 3]",13
assembly_1,5,0.7,subgraph_mip,combined,500,343,1105,420,38.01,0.297,3.79,40.072,43.862,5.3,0.9087,4.85,486.92,8.9,339.12,486.92,55.66,34.26,"[339.12, 486.92, 484.48, 444.83, 401.5]","[2, 2, 4, 3, 2]",13
assembly_1,5,0.7,subgraph_mip,blended,500,343,1105,124,11.22,0.297,1.913,1.444,3.357,69.29,0.8667,-0.0,447.12,0.0,401.5,447.12,16.03,10.58,"[436.68, 442, 429.55, 401.5, 447.12]","[3, 3, 2, 2, 3]",13
assembly_1,5,0.7,subgraph_mip,blended_union,500,343,1105,248,22.44,0.297,5.757,6.34,12.096,19.23,0.8667,-0.0,447.12,0.0,401.5,447.12,16.03,10.58,"[436.68, 442, 429.55, 401.5, 447.12]","[3, 3, 2, 2, 3]",13
assembly_1,5,0.7,subgraph_mip,diverse,500,343,1105,1041,94.21,0.297,0.451,202.137,202.588,1.15,0.8667,-0.0,447.12,0.0,401.5,447.12,16.03,10.58,"[436.68, 442, 429.55, 401.5, 447.12]","[3, 3, 2, 2, 3]",13
assembly_1,5,0.7,subgraph_mip,edge_weight,1000,343,1105,142,12.85,0.297,3.5,2.671,6.171,37.69,0.9087,4.85,486.92,8.9,339.12,486.92,55.66,34.26,"[339.12, 486.92, 484.48, 444.83, 401.5]","[2, 2, 4, 3, 2]",13
assembly_1,5,0.7,subgraph_mip,time_balanced_weight,1000,343,1105,412,37.29,0.297,4.449,45.156,49.605,4.69,0.9568,10.4,486.92,8.9,339.12,486.92,51.434,34.26,"[339.12, 486.92, 442, 420.13, 468.68]","[2, 2, 3, 2, 4]",13
assembly_1,5,0.7,subgraph_mip,combined,1000,343,1105,507,45.88,0.297,8.75,37.489,46.239,5.03,0.9087,4.85,486.92,8.9,339.12,486.92,55.66,34.26,"[339.12, 486.92, 484.48, 444.83, 401.5]","[2, 2, 4, 3, 2]",13
assembly_1,5,0.7,subgraph_mip,blended,1000,343,1105,141,12.76,0.297,4.494,1.919,6.414,36.27,0.8667,-0.0,447.12,0.0,401.5,447.12,16.03,10.58,"[436.68, 442, 429.55, 401.5, 447.12]","[3, 3, 2, 2, 3]",13
assembly_1,5,0.7,subgraph_mip,blended_union,1000,343,1105,310,28.05,0.297,12.405,20.449,32.854,7.08,0.8667,-0.0,447.12,0.0,401.5,447.12,16.03,10.58,"[436.68, 442, 429.55, 401.5, 447.12]","[3, 3, 2, 2, 3]",13
assembly_1,5,0.7,subgraph_mip,diverse,1000,343,1105,1102,99.73,0.297,1.072,381.189,382.261,0.61,0.8667,-0.0,447.12,0.0,401.5,447.12,16.03,10.58,"[436.68, 442, 429.55, 401.5, 447.12]","[3, 3, 2, 2, 3]",13
assembly_1,5,0.7,subgraph_mip,edge_weight,2000,343,1105,185,16.74,0.297,8.08,9.106,17.186,13.54,0.9087,4.85,486.92,8.9,339.12,486.92,55.66,34.26,"[339.12, 486.92, 484.48, 444.83, 401.5]","[2, 2, 4, 3, 2]",13
assembly_1,5,0.7,subgraph_mip,time_balanced_weight,2000,343,1105,575,52.04,0.297,9.056,100.011,109.067,2.13,0.9517,9.81,451.11,0.89,401.5,451.11,21.869,11.5,"[408, 449.12, 451.11, 401.5, 447.12]","[2, 3, 3, 2, 3]",13
assembly_1,5,0.7,subgraph_mip,combined,2000,343,1105,655,59.28,0.297,18.557,157.474,176.032,1.32,0.9087,4.85,486.92,8.9,339.12,486.92,55.66,34.26,"[339.12, 486.92, 484.48, 444.83, 401.5]","[2, 2, 4, 3, 2]",13
assembly_1,5,0.7,subgraph_mip,blended,2000,343,1105,178,16.11,0.297,10.862,4.546,15.408,15.1,0.8667,-0.0,447.12,0.0,401.5,447.12,16.03,10.58,"[436.68, 442, 429.55, 401.5, 447.12]","[3, 3, 2, 2, 3]",13
assembly_1,5,0.7,subgraph_mip,blended_union,2000,343,1105,397,35.93,0.297,29.059,16.451,45.51,5.11,0.8667,-0.0,447.12,0.0,401.5,447.12,16.03,10.58,"[436.68, 442, 429.55, 401.5, 447.12]","[3, 3, 2, 2, 3]",13
assembly_1,5,0.7,subgraph_mip,diverse,2000,343,1105,1105,100.0,0.297,2.2,193.156,195.356,1.19,0.8667,0.0,447.12,0.0,401.5,447.12,16.03,10.58,"[436.68, 442, 429.55, 401.5, 447.12]","[3, 3, 2, 2, 3]",13
assembly_1,5,0.7,subgraph_mip,edge_weight,5000,343,1105,232,21.0,0.297,26.363,11.279,37.642,6.18,0.8843,2.04,460.63,3.02,401.5,460.63,22.104,13.71,"[436.68, 410.92, 460.63, 401.5, 447.12]","[3, 2, 3, 2, 3]",13
assembly_1,5,0.7,subgraph_mip,time_balanced_weight,5000,343,1105,739,66.88,0.297,23.607,140.513,164.12,1.42,0.9347,7.85,460.63,3.02,401.5,460.63,22.104,13.71,"[436.68, 410.92, 460.63, 401.5, 447.12]","[3, 2, 3, 2, 3]",13
assembly_1,5,0.7,subgraph_mip,combined,5000,343,1105,806,72.94,0.297,49.938,77.751,127.689,1.82,0.8667,-0.0,447.12,0.0,401.5,447.12,16.03,10.58,"[436.68, 442, 429.55, 401.5, 447.12]","[3, 3, 2, 2, 3]",13
assembly_1,5,0.7,subgraph_mip,blended,5000,343,1105,257,23.26,0.297,29.743,3.381,33.124,7.02,0.8667,-0.0,447.12,0.0,401.5,447.12,16.03,10.58,"[436.68, 442, 429.55, 401.5, 447.12]","[3, 3, 2, 2, 3]",13
assembly_1,5,0.7,subgraph_mip,blended_union,5000,343,1105,483,43.71,0.297,79.889,44.997,124.886,1.86,0.8667,-0.0,447.12,0.0,401.5,447.12,16.03,10.58,"[436.68, 442, 429.55, 401.5, 447.12]","[3, 3, 2, 2, 3]",13
assembly_1,5,0.7,subgraph_mip,diverse,5000,343,1105,1105,100.0,0.297,3.863,142.922,146.785,1.58,0.8667,0.0,447.12,0.0,401.5,447.12,16.03,10.58,"[436.68, 442, 429.55, 401.5, 447.12]","[3, 3, 2, 2, 3]",13
assembly_1,5,0.75,full_mip,—,,343,1105,1105,100.0,0.276,0.0,123.931,123.931,1.0,0.8661,0.0,447.12,0.0,401.5,447.12,16.03,10.58,"[436.68, 442, 429.55, 401.5, 447.12]","[3, 3, 2, 2, 3]",13
assembly_1,5,0.75,subgraph_mip,edge_weight,1,343,1105,13,1.18,0.276,0.002,0.081,0.083,1492.94,0.9261,6.92,495.7,10.87,339.12,495.7,58.841,36.3,"[339.12, 486.92, 442, 393.11, 495.7]","[2, 2, 3, 3, 3]",13
assembly_1,5,0.75,subgraph_mip,time_balanced_weight,1,343,1105,13,1.18,0.276,0.001,0.13,0.131,946.69,1.0475,20.94,514.33,15.03,332,514.33,74.219,42.27,"[486.92, 332, 514.33, 470.68, 352.92]","[2, 2, 3, 4, 2]",13
assembly_1,5,0.75,subgraph_mip,combined,1,343,1105,26,2.35,0.276,0.002,3.43,3.432,36.11,0.9261,6.92,495.7,10.87,339.12,495.7,58.841,36.3,"[339.12, 486.92, 442, 393.11, 495.7]","[2, 2, 3, 3, 3]",13
assembly_1,5,0.75,subgraph_mip,blended,1,343,1105,13,1.18,0.276,0.001,0.09,0.091,1362.02,0.8674,0.14,447.12,-0.0,410.92,447.12,13.666,8.39,"[436.68, 442, 420.13, 410.92, 447.12]","[3, 3, 2, 2, 3]",13
assembly_1,5,0.75,subgraph_mip,blended_union,1,343,1105,35,3.17,0.276,0.011,0.445,0.457,271.48,0.8674,0.14,447.12,0.0,410.92,447.12,13.666,8.39,"[436.68, 442, 420.13, 410.92, 447.12]","[3, 3, 2, 2, 3]",13
assembly_1,5,0.75,subgraph_mip,diverse,1,343,1105,13,1.18,0.276,0.004,0.073,0.077,1616.46,0.8674,0.14,447.12,-0.0,410.92,447.12,13.666,8.39,"[436.68, 442, 420.13, 410.92, 447.12]","[3, 3, 2, 2, 3]",13
assembly_1,5,0.75,subgraph_mip,edge_weight,2,343,1105,15,1.36,0.276,0.004,0.375,0.379,326.59,0.9261,6.92,495.7,10.87,339.12,495.7,58.841,36.3,"[339.12, 486.92, 442, 393.11, 495.7]","[2, 2, 3, 3, 3]",13
assembly_1,5,0.75,subgraph_mip,time_balanced_weight,2,343,1105,15,1.36,0.276,0.005,0.799,0.804,154.08,1.0451,20.66,514.33,15.03,332,514.33,67.976,42.27,"[486.92, 332, 514.33, 376.48, 447.12]","[2, 2, 3, 3, 3]",13
assembly_1,5,0.75,subgraph_mip,combined,2,343,1105,30,2.71,0.276,0.009,0.626,0.635,195.19,0.9261,6.92,495.7,10.87,339.12,495.7,58.841,36.3,"[339.12, 486.92, 442, 393.11, 495.7]","[2, 2, 3, 3, 3]",13
assembly_1,5,0.75,subgraph_mip,blended,2,343,1105,15,1.36,0.276,0.003,0.208,0.212,585.61,0.8674,0.14,447.12,-0.0,410.92,447.12,13.666,8.39,"[436.68, 442, 420.13, 410.92, 447.12]","[3, 3, 2, 2, 3]",13
assembly_1,5,0.75,subgraph_mip,blended_union,2,343,1105,40,3.62,0.276,0.026,3.221,3.247,38.17,0.8674,0.14,447.12,0.0,410.92,447.12,13.666,8.39,"[436.68, 442, 420.13, 410.92, 447.12]","[3, 3, 2, 2, 3]",13
assembly_1,5,0.75,subgraph_mip,diverse,2,343,1105,26,2.35,0.276,0.009,1.512,1.521,81.49,0.8674,0.14,447.12,0.0,410.92,447.12,13.666,8.39,"[436.68, 442, 420.13, 410.92, 447.12]","[3, 3, 2, 2, 3]",13
assembly_1,5,0.75,subgraph_mip,edge_weight,5,343,1105,21,1.9,0.276,0.014,0.746,0.76,163.08,0.9261,6.92,495.7,10.87,339.12,495.7,58.841,36.3,"[339.12, 486.92, 442, 393.11, 495.7]","[2, 2, 3, 3, 3]",13
assembly_1,5,0.75,subgraph_mip,time_balanced_weight,5,343,1105,36,3.26,0.276,0.019,0.577,0.595,208.18,0.9998,15.43,486.92,8.9,350.63,486.92,47.926,31.59,"[486.92, 410.92, 350.63, 439.7, 468.68]","[2, 2, 2, 3, 4]",13
assembly_1,5,0.75,subgraph_mip,combined,5,343,1105,57,5.16,0.276,0.051,0.711,0.762,162.64,0.9261,6.92,495.7,10.87,339.12,495.7,58.841,36.3,"[339.12, 486.92, 442, 393.11, 495.7]","[2, 2, 3, 3, 3]",13
assembly_1,5,0.75,subgraph_mip,blended,5,343,1105,19,1.72,0.276,0.018,0.24,0.259,479.13,0.8674,0.14,447.12,0.0,410.92,447.12,13.666,8.39,"[436.68, 442, 420.13, 410.92, 447.12]","[3, 3, 2, 2, 3]",13
assembly_1,5,0.75,subgraph_mip,blended_union,5,343,1105,54,4.89,0.276,0.083,1.287,1.369,90.5,0.8674,0.14,447.12,0.0,410.92,447.12,13.666,8.39,"[436.68, 442, 420.13, 410.92, 447.12]","[3, 3, 2, 2, 3]",13
assembly_1,5,0.75,subgraph_mip,diverse,5,343,1105,65,5.88,0.276,0.007,0.568,0.575,215.5,0.8674,0.14,447.12,0.0,410.92,447.12,13.666,8.39,"[436.68, 442, 420.13, 410.92, 447.12]","[3, 3, 2, 2, 3]",13
assembly_1,5,0.75,subgraph_mip,edge_weight,10,343,1105,24,2.17,0.276,0.026,0.672,0.698,177.45,0.9261,6.92,495.7,10.87,339.12,495.7,58.841,36.3,"[339.12, 486.92, 442, 393.11, 495.7]","[2, 2, 3, 3, 3]",13
assembly_1,5,0.75,subgraph_mip,time_balanced_weight,10,343,1105,48,4.34,0.276,0.067,0.696,0.763,162.41,0.9877,14.04,470.68,5.27,408,470.68,24.017,14.53,"[408, 410.92, 420.13, 470.68, 447.12]","[2, 2, 2, 4, 3]",13
assembly_1,5,0.75,subgraph_mip,combined,10,343,1105,72,6.52,0.276,0.111,1.333,1.444,85.8,0.9261,6.92,495.7,10.87,339.12,495.7,58.841,36.3,"[339.12, 486.92, 442, 393.11, 495.7]","[2, 2, 3, 3, 3]",13
assembly_1,5,0.75,subgraph_mip,blended,10,343,1105,21,1.9,0.276,0.032,0.923,0.955,129.74,0.8674,0.14,447.12,0.0,410.92,447.12,13.666,8.39,"[436.68, 442, 420.13, 410.92, 447.12]","[3, 3, 2, 2, 3]",13
assembly_1,5,0.75,subgraph_mip,blended_union,10,343,1105,63,5.7,0.276,0.113,0.721,0.834,148.67,0.8674,0.14,447.12,0.0,410.92,447.12,13.666,8.39,"[436.68, 442, 420.13, 410.92, 447.12]","[3, 3, 2, 2, 3]",13
assembly_1,5,0.75,subgraph_mip,diverse,10,343,1105,126,11.4,0.276,0.021,1.026,1.048,118.28,0.8674,0.14,447.12,0.0,410.92,447.12,13.666,8.39,"[436.68, 442, 420.13, 410.92, 447.12]","[3, 3, 2, 2, 3]",13
assembly_1,5,0.75,subgraph_mip,edge_weight,20,343,1105,35,3.17,0.276,0.09,2.659,2.749,45.08,0.914,5.52,486.92,8.9,339.12,486.92,55.66,34.26,"[339.12, 486.92, 484.48, 444.83, 401.5]","[2, 2, 4, 3, 2]",13
assembly_1,5,0.75,subgraph_mip,time_balanced_weight,20,343,1105,64,5.79,0.276,0.134,1.33,1.464,84.65,0.9877,14.04,470.68,5.27,408,470.68,24.017,14.53,"[408, 410.92, 420.13, 470.68, 447.12]","[2, 2, 2, 4, 3]",13
assembly_1,5,0.75,subgraph_mip,combined,20,343,1105,99,8.96,0.276,0.192,1.962,2.155,57.52,0.914,5.52,486.92,8.9,339.12,486.92,55.66,34.26,"[339.12, 486.92, 484.48, 444.83, 401.5]","[2, 2, 4, 3, 2]",13
assembly_1,5,0.75,subgraph_mip,blended,20,343,1105,31,2.81,0.276,0.072,1.211,1.283,96.59,0.8674,0.14,447.12,0.0,410.92,447.12,13.666,8.39,"[436.68, 442, 420.13, 410.92, 447.12]","[3, 3, 2, 2, 3]",13
assembly_1,5,0.75,subgraph_mip,blended_union,20,343,1105,86,7.78,0.276,0.232,1.284,1.516,81.74,0.8674,0.14,447.12,0.0,410.92,447.12,13.666,8.39,"[436.68, 442, 420.13, 410.92, 447.12]","[3, 3, 2, 2, 3]",13
assembly_1,5,0.75,subgraph_mip,diverse,20,343,1105,239,21.63,0.276,0.015,6.665,6.679,18.55,0.8674,0.14,447.12,0.0,410.92,447.12,13.666,8.39,"[436.68, 442, 420.13, 410.92, 447.12]","[3, 3, 2, 2, 3]",13
assembly_1,5,0.75,subgraph_mip,edge_weight,50,343,1105,54,4.89,0.276,0.199,1.208,1.406,88.12,0.914,5.52,486.92,8.9,339.12,486.92,55.66,34.26,"[339.12, 486.92, 484.48, 444.83, 401.5]","[2, 2, 4, 3, 2]",13
assembly_1,5,0.75,subgraph_mip,time_balanced_weight,50,343,1105,119,10.77,0.276,0.309,2.707,3.016,41.09,0.9877,14.04,470.68,5.27,408,470.68,24.017,14.53,"[408, 410.92, 420.13, 470.68, 447.12]","[2, 2, 2, 4, 3]",13
assembly_1,5,0.75,subgraph_mip,combined,50,343,1105,171,15.48,0.276,0.464,2.197,2.662,46.56,0.914,5.52,486.92,8.9,339.12,486.92,55.66,34.26,"[339.12, 486.92, 484.48, 444.83, 401.5]","[2, 2, 4, 3, 2]",13
assembly_1,5,0.75,subgraph_mip,blended,50,343,1105,46,4.16,0.276,0.177,0.534,0.712,174.14,0.8674,0.14,447.12,0.0,410.92,447.12,13.666,8.39,"[436.68, 442, 420.13, 410.92, 447.12]","[3, 3, 2, 2, 3]",13
assembly_1,5,0.75,subgraph_mip,blended_union,50,343,1105,119,10.77,0.276,0.587,2.178,2.765,44.82,0.8661,0.0,447.12,0.0,401.5,447.12,16.03,10.58,"[436.68, 442, 429.55, 401.5, 447.12]","[3, 3, 2, 2, 3]",13
assembly_1,5,0.75,subgraph_mip,diverse,50,343,1105,506,45.79,0.276,0.059,37.716,37.775,3.28,0.8674,0.14,447.12,0.0,410.92,447.12,13.666,8.39,"[436.68, 442, 420.13, 410.92, 447.12]","[3, 3, 2, 2, 3]",13
assembly_1,5,0.75,subgraph_mip,edge_weight,100,343,1105,78,7.06,0.276,0.379,2.376,2.755,44.99,0.914,5.52,486.92,8.9,339.12,486.92,55.66,34.26,"[339.12, 486.92, 484.48, 444.83, 401.5]","[2, 2, 4, 3, 2]",13
assembly_1,5,0.75,subgraph_mip,time_balanced_weight,100,343,1105,170,15.38,0.276,0.487,5.564,6.051,20.48,0.9451,9.12,453.4,1.4,401.5,453.4,22.0,12.03,"[401.5, 444.83, 408, 449.12, 453.4]","[2, 3, 2, 3, 3]",13
assembly_1,5,0.75,subgraph_mip,combined,100,343,1105,241,21.81,0.276,0.835,7.927,8.763,14.14,0.914,5.52,486.92,8.9,339.12,486.92,55.66,34.26,"[339.12, 486.92, 484.48, 444.83, 401.5]","[2, 2, 4, 3, 2]",13
assembly_1,5,0.75,subgraph_mip,blended,100,343,1105,66,5.97,0.276,0.359,0.992,1.351,91.76,0.8674,0.14,447.12,0.0,410.92,447.12,13.666,8.39,"[436.68, 442, 420.13, 410.92, 447.12]","[3, 3, 2, 2, 3]",13
assembly_1,5,0.75,subgraph_mip,blended_union,100,343,1105,160,14.48,0.276,1.112,4.764,5.876,21.09,0.8661,0.0,447.12,0.0,401.5,447.12,16.03,10.58,"[436.68, 442, 429.55, 401.5, 447.12]","[3, 3, 2, 2, 3]",13
assembly_1,5,0.75,subgraph_mip,diverse,100,343,1105,739,66.88,0.276,0.105,73.985,74.09,1.67,0.8661,0.0,447.12,0.0,401.5,447.12,16.03,10.58,"[436.68, 442, 429.55, 401.5, 447.12]","[3, 3, 2, 2, 3]",13
assembly_1,5,0.75,subgraph_mip,edge_weight,200,343,1105,95,8.6,0.276,0.703,2.396,3.099,40.0,0.914,5.52,486.92,8.9,339.12,486.92,55.66,34.26,"[339.12, 486.92, 484.48, 444.83, 401.5]","[2, 2, 4, 3, 2]",13
assembly_1,5,0.75,subgraph_mip,time_balanced_weight,200,343,1105,211,19.1,0.276,0.834,10.052,10.886,11.38,0.9451,9.12,453.4,1.4,401.5,453.4,22.0,12.03,"[401.5, 444.83, 408, 449.12, 453.4]","[2, 3, 2, 3, 3]",13
assembly_1,5,0.75,subgraph_mip,combined,200,343,1105,295,26.7,0.276,1.536,14.613,16.149,7.67,0.914,5.52,486.92,8.9,339.12,486.92,55.66,34.26,"[339.12, 486.92, 484.48, 444.83, 401.5]","[2, 2, 4, 3, 2]",13
assembly_1,5,0.75,subgraph_mip,blended,200,343,1105,74,6.7,0.276,0.771,1.092,1.864,66.49,0.8674,0.14,447.12,0.0,410.92,447.12,13.666,8.39,"[436.68, 442, 420.13, 410.92, 447.12]","[3, 3, 2, 2, 3]",13
assembly_1,5,0.75,subgraph_mip,blended_union,200,343,1105,217,19.64,0.276,2.137,4.611,6.749,18.36,0.8661,0.0,447.12,0.0,401.5,447.12,16.03,10.58,"[436.68, 442, 429.55, 401.5, 447.12]","[3, 3, 2, 2, 3]",13
assembly_1,5,0.75,subgraph_mip,diverse,200,343,1105,908,82.17,0.276,0.224,254.75,254.974,0.49,0.8661,0.0,447.12,0.0,401.5,447.12,16.03,10.58,"[436.68, 442, 429.55, 401.5, 447.12]","[3, 3, 2, 2, 3]",13
assembly_1,5,0.75,subgraph_mip,edge_weight,500,343,1105,108,9.77,0.276,2.034,2.165,4.199,29.51,0.914,5.52,486.92,8.9,339.12,486.92,55.66,34.26,"[339.12, 486.92, 484.48, 444.83, 401.5]","[2, 2, 4, 3, 2]",13
assembly_1,5,0.75,subgraph_mip,time_balanced_weight,500,343,1105,343,31.04,0.276,2.266,56.354,58.62,2.11,0.9443,9.02,453.4,1.4,401.5,453.4,22.0,12.03,"[401.5, 444.83, 408, 449.12, 453.4]","[2, 3, 2, 3, 3]",13
assembly_1,5,0.75,subgraph_mip,combined,500,343,1105,420,38.01,0.276,3.737,46.999,50.736,2.44,0.914,5.52,486.92,8.9,339.12,486.92,55.66,34.26,"[339.12, 486.92, 484.48, 444.83, 401.5]","[2, 2, 4, 3, 2]",13
assembly_1,5,0.75,subgraph_mip,blended,500,343,1105,100,9.05,0.276,1.951,1.462,3.413,36.31,0.8674,0.14,447.12,0.0,410.92,447.12,13.666,8.39,"[436.68, 442, 420.13, 410.92, 447.12]","[3, 3, 2, 2, 3]",13
assembly_1,5,0.75,subgraph_mip,blended_union,500,343,1105,248,22.44,0.276,5.772,9.934,15.706,7.89,0.8661,0.0,447.12,0.0,401.5,447.12,16.03,10.58,"[436.68, 442, 429.55, 401.5, 447.12]","[3, 3, 2, 2, 3]",13
assembly_1,5,0.75,subgraph_mip,diverse,500,343,1105,1045,94.57,0.276,0.425,280.936,281.361,0.44,0.8661,-0.0,447.12,0.0,401.5,447.12,16.03,10.58,"[436.68, 442, 429.55, 401.5, 447.12]","[3, 3, 2, 2, 3]",13
assembly_1,5,0.75,subgraph_mip,edge_weight,1000,343,1105,142,12.85,0.276,3.583,2.499,6.082,20.38,0.914,5.52,486.92,8.9,339.12,486.92,55.66,34.26,"[339.12, 486.92, 484.48, 444.83, 401.5]","[2, 2, 4, 3, 2]",13
assembly_1,5,0.75,subgraph_mip,time_balanced_weight,1000,343,1105,412,37.29,0.276,4.289,32.274,36.563,3.39,0.9443,9.02,453.4,1.4,401.5,453.4,22.0,12.03,"[401.5, 444.83, 408, 449.12, 453.4]","[2, 3, 2, 3, 3]",13
assembly_1,5,0.75,subgraph_mip,combined,1000,343,1105,507,45.88,0.276,8.835,78.421,87.256,1.42,0.914,5.52,486.92,8.9,339.12,486.92,55.66,34.26,"[339.12, 486.92, 484.48, 444.83, 401.5]","[2, 2, 4, 3, 2]",13
assembly_1,5,0.75,subgraph_mip,blended,1000,343,1105,117,10.59,0.276,4.635,2.98,7.616,16.27,0.8674,0.14,447.12,0.0,410.92,447.12,13.666,8.39,"[436.68, 442, 420.13, 410.92, 447.12]","[3, 3, 2, 2, 3]",13
assembly_1,5,0.75,subgraph_mip,blended_union,1000,343,1105,310,28.05,0.276,12.235,9.136,21.371,5.8,0.8661,0.0,447.12,0.0,401.5,447.12,16.03,10.58,"[436.68, 442, 429.55, 401.5, 447.12]","[3, 3, 2, 2, 3]",13
assembly_1,5,0.75,subgraph_mip,diverse,1000,343,1105,1103,99.82,0.276,1.16,203.193,204.353,0.61,0.8661,0.0,447.12,0.0,401.5,447.12,16.03,10.58,"[436.68, 442, 429.55, 401.5, 447.12]","[3, 3, 2, 2, 3]",13
assembly_1,5,0.75,subgraph_mip,edge_weight,2000,343,1105,185,16.74,0.276,8.195,4.313,12.508,9.91,0.914,5.52,486.92,8.9,339.12,486.92,55.66,34.26,"[339.12, 486.92, 484.48, 444.83, 401.5]","[2, 2, 4, 3, 2]",13
assembly_1,5,0.75,subgraph_mip,time_balanced_weight,2000,343,1105,575,52.04,0.276,8.776,98.9,107.676,1.15,0.9383,8.33,451.11,0.89,401.5,451.11,21.869,11.5,"[408, 449.12, 451.11, 401.5, 447.12]","[2, 3, 3, 2, 3]",13
assembly_1,5,0.75,subgraph_mip,combined,2000,343,1105,655,59.28,0.276,18.634,98.971,117.605,1.05,0.914,5.52,486.92,8.9,339.12,486.92,55.66,34.26,"[339.12, 486.92, 484.48, 444.83, 401.5]","[2, 2, 4, 3, 2]",13
assembly_1,5,0.75,subgraph_mip,blended,2000,343,1105,168,15.2,0.276,10.169,4.642,14.811,8.37,0.8661,0.0,447.12,0.0,401.5,447.12,16.03,10.58,"[436.68, 442, 429.55, 401.5, 447.12]","[3, 3, 2, 2, 3]",13
assembly_1,5,0.75,subgraph_mip,blended_union,2000,343,1105,397,35.93,0.276,29.242,36.726,65.968,1.88,0.8661,0.0,447.12,0.0,401.5,447.12,16.03,10.58,"[436.68, 442, 429.55, 401.5, 447.12]","[3, 3, 2, 2, 3]",13
assembly_1,5,0.75,subgraph_mip,diverse,2000,343,1105,1105,100.0,0.276,2.243,124.748,126.991,0.98,0.8661,0.0,447.12,0.0,401.5,447.12,16.03,10.58,"[436.68, 442, 429.55, 401.5, 447.12]","[3, 3, 2, 2, 3]",13
assembly_1,5,0.75,subgraph_mip,edge_weight,5000,343,1105,232,21.0,0.276,30.036,9.419,39.454,3.14,0.8852,2.2,460.63,3.02,401.5,460.63,22.104,13.71,"[436.68, 410.92, 460.63, 401.5, 447.12]","[3, 2, 3, 2, 3]",13
assembly_1,5,0.75,subgraph_mip,time_balanced_weight,5000,343,1105,739,66.88,0.276,26.391,157.396,183.787,0.67,0.9272,7.05,460.63,3.02,401.5,460.63,22.104,13.71,"[436.68, 410.92, 460.63, 401.5, 447.12]","[3, 2, 3, 2, 3]",13
assembly_1,5,0.75,subgraph_mip,combined,5000,343,1105,806,72.94,0.276,56.591,96.747,153.338,0.81,0.8661,0.0,447.12,0.0,401.5,447.12,16.03,10.58,"[436.68, 442, 429.55, 401.5, 447.12]","[3, 3, 2, 2, 3]",13
assembly_1,5,0.75,subgraph_mip,blended,5000,343,1105,254,22.99,0.276,33.145,4.253,37.398,3.31,0.8661,0.0,447.12,0.0,401.5,447.12,16.03,10.58,"[436.68, 442, 429.55, 401.5, 447.12]","[3, 3, 2, 2, 3]",13
assembly_1,5,0.75,subgraph_mip,blended_union,5000,343,1105,483,43.71,0.276,85.277,35.979,121.255,1.02,0.8661,0.0,447.12,0.0,401.5,447.12,16.03,10.58,"[436.68, 442, 429.55, 401.5, 447.12]","[3, 3, 2, 2, 3]",13
assembly_1,5,0.75,subgraph_mip,diverse,5000,343,1105,1105,100.0,0.276,4.465,84.608,89.072,1.39,0.8661,0.0,447.12,0.0,401.5,447.12,16.03,10.58,"[436.68, 442, 429.55, 401.5, 447.12]","[3, 3, 2, 2, 3]",13
assembly_1,5,0.8,full_mip,—,,343,1105,1105,100.0,0.372,0.0,448.151,448.151,1.0,0.8656,0.0,447.12,0.0,401.5,447.12,16.03,10.58,"[436.68, 442, 429.55, 401.5, 447.12]","[3, 3, 2, 2, 3]",13
assembly_1,5,0.8,subgraph_mip,edge_weight,1,343,1105,13,1.18,0.372,0.002,0.233,0.234,1913.93,0.9323,7.71,495.7,10.87,339.12,495.7,58.841,36.3,"[339.12, 486.92, 442, 393.11, 495.7]","[2, 2, 3, 3, 3]",13
assembly_1,5,0.8,subgraph_mip,time_balanced_weight,1,343,1105,13,1.18,0.372,0.001,0.248,0.249,1800.12,1.0366,19.76,514.33,15.03,332,514.33,67.976,42.27,"[486.92, 332, 514.33, 376.48, 447.12]","[2, 2, 3, 3, 3]",13
assembly_1,5,0.8,subgraph_mip,combined,1,343,1105,26,2.35,0.372,0.002,3.596,3.597,124.57,0.9323,7.71,495.7,10.87,339.12,495.7,58.841,36.3,"[339.12, 486.92, 442, 393.11, 495.7]","[2, 2, 3, 3, 3]",13
assembly_1,5,0.8,subgraph_mip,blended,1,343,1105,13,1.18,0.372,0.001,0.064,0.065,6948.0,0.9328,7.77,447.12,-0.0,410.92,447.12,12.324,8.39,"[432.48, 426.63, 439.7, 410.92, 447.12]","[3, 2, 3, 2, 3]",13
assembly_1,5,0.8,subgraph_mip,blended_union,1,343,1105,35,3.17,0.372,0.012,0.419,0.431,1039.57,0.8666,0.11,447.12,0.0,410.92,447.12,13.666,8.39,"[436.68, 442, 420.13, 410.92, 447.12]","[3, 3, 2, 2, 3]",13
assembly_1,5,0.8,subgraph_mip,diverse,1,343,1105,13,1.18,0.372,0.004,0.096,0.1,4484.38,0.9328,7.77,447.12,-0.0,410.92,447.12,12.324,8.39,"[432.48, 426.63, 439.7, 410.92, 447.12]","[3, 2, 3, 2, 3]",13
assembly_1,5,0.8,subgraph_mip,edge_weight,2,343,1105,15,1.36,0.372,0.005,0.505,0.51,878.81,0.9323,7.71,495.7,10.87,339.12,495.7,58.841,36.3,"[339.12, 486.92, 442, 393.11, 495.7]","[2, 2, 3, 3, 3]",13
assembly_1,5,0.8,subgraph_mip,time_balanced_weight,2,343,1105,15,1.36,0.372,0.006,0.969,0.975,459.58,1.0347,19.54,514.33,15.03,332,514.33,74.219,42.27,"[486.92, 332, 514.33, 470.68, 352.92]","[2, 2, 3, 4, 2]",13
assembly_1,5,0.8,subgraph_mip,combined,2,343,1105,30,2.71,0.372,0.015,0.345,0.36,1243.95,0.9323,7.71,495.7,10.87,339.12,495.7,58.841,36.3,"[339.12, 486.92, 442, 393.11, 495.7]","[2, 2, 3, 3, 3]",13
assembly_1,5,0.8,subgraph_mip,blended,2,343,1105,15,1.36,0.372,0.01,0.122,0.132,3393.07,0.9328,7.77,447.12,-0.0,410.92,447.12,12.324,8.39,"[432.48, 426.63, 439.7, 410.92, 447.12]","[3, 2, 3, 2, 3]",13
assembly_1,5,0.8,subgraph_mip,blended_union,2,343,1105,40,3.62,0.372,0.036,0.541,0.577,776.86,0.8666,0.11,447.12,0.0,410.92,447.12,13.666,8.39,"[436.68, 442, 420.13, 410.92, 447.12]","[3, 3, 2, 2, 3]",13
assembly_1,5,0.8,subgraph_mip,diverse,2,343,1105,26,2.35,0.372,0.005,1.549,1.554,288.38,0.9077,4.87,447.12,-0.0,410.92,447.12,13.666,8.39,"[442, 420.13, 436.68, 410.92, 447.12]","[3, 2, 3, 2, 3]",13
assembly_1,5,0.8,subgraph_mip,edge_weight,5,343,1105,21,1.9,0.372,0.013,0.469,0.482,929.11,0.9323,7.71,495.7,10.87,339.12,495.7,58.841,36.3,"[339.12, 486.92, 442, 393.11, 495.7]","[2, 2, 3, 3, 3]",13
assembly_1,5,0.8,subgraph_mip,time_balanced_weight,5,343,1105,36,3.26,0.372,0.033,0.528,0.561,798.45,0.9879,14.13,486.92,8.9,350.63,486.92,47.926,31.59,"[486.92, 410.92, 350.63, 439.7, 468.68]","[2, 2, 2, 3, 4]",13
assembly_1,5,0.8,subgraph_mip,combined,5,343,1105,57,5.16,0.372,0.046,0.713,0.759,590.37,0.9323,7.71,495.7,10.87,339.12,495.7,58.841,36.3,"[339.12, 486.92, 442, 393.11, 495.7]","[2, 2, 3, 3, 3]",13
assembly_1,5,0.8,subgraph_mip,blended,5,343,1105,19,1.72,0.372,0.013,0.499,0.513,874.28,0.9328,7.77,447.12,-0.0,410.92,447.12,12.324,8.39,"[432.48, 426.63, 439.7, 410.92, 447.12]","[3, 2, 3, 2, 3]",13
assembly_1,5,0.8,subgraph_mip,blended_union,5,343,1105,54,4.89,0.372,0.056,1.232,1.287,348.13,0.8666,0.11,447.12,0.0,410.92,447.12,13.666,8.39,"[436.68, 442, 420.13, 410.92, 447.12]","[3, 3, 2, 2, 3]",13
assembly_1,5,0.8,subgraph_mip,diverse,5,343,1105,65,5.88,0.372,0.016,0.703,0.719,623.39,0.8932,3.2,462.92,3.53,401.5,462.92,22.429,14.24,"[436.68, 410.92, 444.83, 462.92, 401.5]","[3, 2, 3, 3, 2]",13
assembly_1,5,0.8,subgraph_mip,edge_weight,10,343,1105,24,2.17,0.372,0.026,0.321,0.347,1292.44,0.9323,7.71,495.7,10.87,339.12,495.7,58.841,36.3,"[339.12, 486.92, 442, 393.11, 495.7]","[2, 2, 3, 3, 3]",13
assembly_1,5,0.8,subgraph_mip,time_balanced_weight,10,343,1105,48,4.34,0.372,0.037,0.857,0.895,500.91,0.9719,12.29,470.68,5.27,408,470.68,24.017,14.53,"[408, 410.92, 420.13, 470.68, 447.12]","[2, 2, 2, 4, 3]",13
assembly_1,5,0.8,subgraph_mip,combined,10,343,1105,72,6.52,0.372,0.091,1.111,1.202,372.87,0.9323,7.71,495.7,10.87,339.12,495.7,58.841,36.3,"[339.12, 486.92, 442, 393.11, 495.7]","[2, 2, 3, 3, 3]",13
assembly_1,5,0.8,subgraph_mip,blended,10,343,1105,21,1.9,0.372,0.027,0.578,0.605,740.69,0.9328,7.77,447.12,-0.0,410.92,447.12,12.324,8.39,"[432.48, 426.63, 439.7, 410.92, 447.12]","[3, 2, 3, 2, 3]",13
assembly_1,5,0.8,subgraph_mip,blended_union,10,343,1105,63,5.7,0.372,0.081,1.233,1.314,341.17,0.8666,0.11,447.12,0.0,410.92,447.12,13.666,8.39,"[436.68, 442, 420.13, 410.92, 447.12]","[3, 3, 2, 2, 3]",13
assembly_1,5,0.8,subgraph_mip,diverse,10,343,1105,126,11.4,0.372,0.009,1.158,1.167,384.07,0.8932,3.2,462.92,3.53,401.5,462.92,22.429,14.24,"[436.68, 410.92, 444.83, 462.92, 401.5]","[3, 2, 3, 3, 2]",13
assembly_1,5,0.8,subgraph_mip,edge_weight,20,343,1105,35,3.17,0.372,0.062,1.363,1.426,314.36,0.9192,6.19,486.92,8.9,339.12,486.92,55.66,34.26,"[339.12, 486.92, 484.48, 444.83, 401.5]","[2, 2, 4, 3, 2]",13
assembly_1,5,0.8,subgraph_mip,time_balanced_weight,20,343,1105,64,5.79,0.372,0.114,1.193,1.307,342.84,0.9719,12.29,470.68,5.27,408,470.68,24.017,14.53,"[408, 410.92, 420.13, 470.68, 447.12]","[2, 2, 2, 4, 3]",13
assembly_1,5,0.8,subgraph_mip,combined,20,343,1105,99,8.96,0.372,0.175,1.744,1.919,233.51,0.9192,6.19,486.92,8.9,339.12,486.92,55.66,34.26,"[339.12, 486.92, 484.48, 444.83, 401.5]","[2, 2, 4, 3, 2]",13
assembly_1,5,0.8,subgraph_mip,blended,20,343,1105,25,2.26,0.372,0.11,1.022,1.132,395.93,0.9328,7.77,447.12,-0.0,410.92,447.12,12.324,8.39,"[432.48, 426.63, 439.7, 410.92, 447.12]","[3, 2, 3, 2, 3]",13
assembly_1,5,0.8,subgraph_mip,blended_union,20,343,1105,86,7.78,0.372,0.19,1.291,1.481,302.62,0.8666,0.11,447.12,0.0,410.92,447.12,13.666,8.39,"[436.68, 442, 420.13, 410.92, 447.12]","[3, 3, 2, 2, 3]",13
assembly_1,5,0.8,subgraph_mip,diverse,20,343,1105,239,21.63,0.372,0.014,4.462,4.477,100.11,0.8932,3.2,462.92,3.53,401.5,462.92,22.429,14.24,"[436.68, 410.92, 444.83, 462.92, 401.5]","[3, 2, 3, 3, 2]",13
assembly_1,5,0.8,subgraph_mip,edge_weight,50,343,1105,54,4.89,0.372,0.198,0.612,0.811,552.84,0.9192,6.19,486.92,8.9,339.12,486.92,55.66,34.26,"[339.12, 486.92, 484.48, 444.83, 401.5]","[2, 2, 4, 3, 2]",13
assembly_1,5,0.8,subgraph_mip,time_balanced_weight,50,343,1105,119,10.77,0.372,0.262,2.378,2.639,169.8,0.9719,12.29,470.68,5.27,408,470.68,24.017,14.53,"[408, 410.92, 420.13, 470.68, 447.12]","[2, 2, 2, 4, 3]",13
assembly_1,5,0.8,subgraph_mip,combined,50,343,1105,171,15.48,0.372,0.437,4.637,5.074,88.32,0.9192,6.19,486.92,8.9,339.12,486.92,55.66,34.26,"[339.12, 486.92, 484.48, 444.83, 401.5]","[2, 2, 4, 3, 2]",13
assembly_1,5,0.8,subgraph_mip,blended,50,343,1105,30,2.71,0.372,0.232,1.071,1.303,344.0,0.9328,7.77,447.12,-0.0,410.92,447.12,12.324,8.39,"[432.48, 426.63, 439.7, 410.92, 447.12]","[3, 2, 3, 2, 3]",13
assembly_1,5,0.8,subgraph_mip,blended_union,50,343,1105,119,10.77,0.372,0.604,1.959,2.563,174.83,0.8656,0.0,447.12,0.0,401.5,447.12,16.03,10.58,"[436.68, 442, 429.55, 401.5, 447.12]","[3, 3, 2, 2, 3]",13
assembly_1,5,0.8,subgraph_mip,diverse,50,343,1105,506,45.79,0.372,0.043,42.239,42.282,10.6,0.8666,0.11,447.12,0.0,410.92,447.12,13.666,8.39,"[436.68, 442, 420.13, 410.92, 447.12]","[3, 3, 2, 2, 3]",13
assembly_1,5,0.8,subgraph_mip,edge_weight,100,343,1105,78,7.06,0.372,0.375,1.79,2.165,207.02,0.9192,6.19,486.92,8.9,339.12,486.92,55.66,34.26,"[339.12, 486.92, 484.48, 444.83, 401.5]","[2, 2, 4, 3, 2]",13
assembly_1,5,0.8,subgraph_mip,time_balanced_weight,100,343,1105,170,15.38,0.372,0.524,8.655,9.178,48.83,0.9312,7.58,453.4,1.4,401.5,453.4,22.0,12.03,"[401.5, 444.83, 408, 449.12, 453.4]","[2, 3, 2, 3, 3]",13
assembly_1,5,0.8,subgraph_mip,combined,100,343,1105,241,21.81,0.372,0.959,14.664,15.623,28.69,0.9192,6.19,486.92,8.9,339.12,486.92,55.66,34.26,"[339.12, 486.92, 484.48, 444.83, 401.5]","[2, 2, 4, 3, 2]",13
assembly_1,5,0.8,subgraph_mip,blended,100,343,1105,51,4.62,0.372,0.407,1.633,2.04,219.71,0.9077,4.87,447.12,0.0,410.92,447.12,13.666,8.39,"[442, 420.13, 436.68, 410.92, 447.12]","[3, 2, 3, 2, 3]",13
assembly_1,5,0.8,subgraph_mip,blended_union,100,343,1105,160,14.48,0.372,1.21,5.376,6.586,68.04,0.8656,0.0,447.12,0.0,401.5,447.12,16.03,10.58,"[436.68, 442, 429.55, 401.5, 447.12]","[3, 3, 2, 2, 3]",13
assembly_1,5,0.8,subgraph_mip,diverse,100,343,1105,744,67.33,0.372,0.135,140.252,140.387,3.19,0.8656,-0.0,447.12,0.0,401.5,447.12,16.03,10.58,"[436.68, 442, 429.55, 401.5, 447.12]","[3, 3, 2, 2, 3]",13
assembly_1,5,0.8,subgraph_mip,edge_weight,200,343,1105,95,8.6,0.372,0.748,2.83,3.578,125.25,0.9192,6.19,486.92,8.9,339.12,486.92,55.66,34.26,"[339.12, 486.92, 484.48, 444.83, 401.5]","[2, 2, 4, 3, 2]",13
assembly_1,5,0.8,subgraph_mip,time_balanced_weight,200,343,1105,211,19.1,0.372,0.847,10.481,11.328,39.56,0.9312,7.58,453.4,1.4,401.5,453.4,22.0,12.03,"[401.5, 444.83, 408, 449.12, 453.4]","[2, 3, 2, 3, 3]",13
assembly_1,5,0.8,subgraph_mip,combined,200,343,1105,295,26.7,0.372,1.628,28.053,29.681,15.1,0.9192,6.19,486.92,8.9,339.12,486.92,55.66,34.26,"[339.12, 486.92, 484.48, 444.83, 401.5]","[2, 2, 4, 3, 2]",13
assembly_1,5,0.8,subgraph_mip,blended,200,343,1105,70,6.33,0.372,0.829,0.64,1.469,305.05,0.8666,0.11,447.12,0.0,410.92,447.12,13.666,8.39,"[436.68, 442, 420.13, 410.92, 447.12]","[3, 3, 2, 2, 3]",13
assembly_1,5,0.8,subgraph_mip,blended_union,200,343,1105,217,19.64,0.372,2.235,7.642,9.878,45.37,0.8656,0.0,447.12,0.0,401.5,447.12,16.03,10.58,"[436.68, 442, 429.55, 401.5, 447.12]","[3, 3, 2, 2, 3]",13
assembly_1,5,0.8,subgraph_mip,diverse,200,343,1105,907,82.08,0.372,0.161,191.443,191.604,2.34,0.8656,-0.0,447.12,0.0,401.5,447.12,16.03,10.58,"[436.68, 442, 429.55, 401.5, 447.12]","[3, 3, 2, 2, 3]",13
assembly_1,5,0.8,subgraph_mip,edge_weight,500,343,1105,108,9.77,0.372,1.673,1.986,3.659,122.46,0.9192,6.19,486.92,8.9,339.12,486.92,55.66,34.26,"[339.12, 486.92, 484.48, 444.83, 401.5]","[2, 2, 4, 3, 2]",13
assembly_1,5,0.8,subgraph_mip,time_balanced_weight,500,343,1105,343,31.04,0.372,2.074,51.165,53.239,8.42,0.9305,7.5,453.4,1.4,401.5,453.4,22.0,12.03,"[401.5, 444.83, 408, 449.12, 453.4]","[2, 3, 2, 3, 3]",13
assembly_1,5,0.8,subgraph_mip,combined,500,343,1105,420,38.01,0.372,3.92,49.526,53.447,8.39,0.9192,6.19,486.92,8.9,339.12,486.92,55.66,34.26,"[339.12, 486.92, 484.48, 444.83, 401.5]","[2, 2, 4, 3, 2]",13
assembly_1,5,0.8,subgraph_mip,blended,500,343,1105,82,7.42,0.372,2.031,0.854,2.885,155.33,0.8666,0.11,447.12,0.0,410.92,447.12,13.666,8.39,"[436.68, 442, 420.13, 410.92, 447.12]","[3, 3, 2, 2, 3]",13
assembly_1,5,0.8,subgraph_mip,blended_union,500,343,1105,248,22.44,0.372,5.53,6.385,11.915,37.61,0.8656,0.0,447.12,0.0,401.5,447.12,16.03,10.58,"[436.68, 442, 429.55, 401.5, 447.12]","[3, 3, 2, 2, 3]",13
assembly_1,5,0.8,subgraph_mip,diverse,500,343,1105,1046,94.66,0.372,0.484,275.963,276.447,1.62,0.8656,-0.0,447.12,0.0,401.5,447.12,16.03,10.58,"[436.68, 442, 429.55, 401.5, 447.12]","[3, 3, 2, 2, 3]",13
assembly_1,5,0.8,subgraph_mip,edge_weight,1000,343,1105,142,12.85,0.372,2.925,2.897,5.822,76.97,0.9192,6.19,486.92,8.9,339.12,486.92,55.66,34.26,"[339.12, 486.92, 484.48, 444.83, 401.5]","[2, 2, 4, 3, 2]",13
assembly_1,5,0.8,subgraph_mip,time_balanced_weight,1000,343,1105,412,37.29,0.372,3.516,30.375,33.891,13.22,0.9305,7.5,453.4,1.4,401.5,453.4,22.0,12.03,"[401.5, 444.83, 408, 449.12, 453.4]","[2, 3, 2, 3, 3]",13
assembly_1,5,0.8,subgraph_mip,combined,1000,343,1105,507,45.88,0.372,6.185,63.97,70.155,6.39,0.9192,6.19,486.92,8.9,339.12,486.92,55.66,34.26,"[339.12, 486.92, 484.48, 444.83, 401.5]","[2, 2, 4, 3, 2]",13
assembly_1,5,0.8,subgraph_mip,blended,1000,343,1105,107,9.68,0.372,3.486,0.596,4.081,109.81,0.8666,0.11,447.12,0.0,410.92,447.12,13.666,8.39,"[436.68, 442, 420.13, 410.92, 447.12]","[3, 3, 2, 2, 3]",13
assembly_1,5,0.8,subgraph_mip,blended_union,1000,343,1105,310,28.05,0.372,9.455,6.808,16.263,27.56,0.8656,-0.0,447.12,0.0,401.5,447.12,16.03,10.58,"[436.68, 442, 429.55, 401.5, 447.12]","[3, 3, 2, 2, 3]",13
assembly_1,5,0.8,subgraph_mip,diverse,1000,343,1105,1100,99.55,0.372,0.866,170.768,171.634,2.61,0.8656,-0.0,447.12,0.0,401.5,447.12,16.03,10.58,"[436.68, 442, 429.55, 401.5, 447.12]","[3, 3, 2, 2, 3]",13
assembly_1,5,0.8,subgraph_mip,edge_weight,2000,343,1105,185,16.74,0.372,5.667,2.363,8.03,55.81,0.9192,6.19,486.92,8.9,339.12,486.92,55.66,34.26,"[339.12, 486.92, 484.48, 444.83, 401.5]","[2, 2, 4, 3, 2]",13
assembly_1,5,0.8,subgraph_mip,time_balanced_weight,2000,343,1105,575,52.04,0.372,5.797,85.678,91.475,4.9,0.9248,6.84,451.11,0.89,401.5,451.11,21.869,11.5,"[408, 449.12, 451.11, 401.5, 447.12]","[2, 3, 3, 2, 3]",13
assembly_1,5,0.8,subgraph_mip,combined,2000,343,1105,655,59.28,0.372,11.061,49.455,60.517,7.41,0.9192,6.19,486.92,8.9,339.12,486.92,55.66,34.26,"[339.12, 486.92, 484.48, 444.83, 401.5]","[2, 2, 4, 3, 2]",13
assembly_1,5,0.8,subgraph_mip,blended,2000,343,1105,146,13.21,0.372,6.451,1.078,7.528,59.53,0.8666,0.11,447.12,0.0,410.92,447.12,13.666,8.39,"[436.68, 442, 420.13, 410.92, 447.12]","[3, 3, 2, 2, 3]",13
assembly_1,5,0.8,subgraph_mip,blended_union,2000,343,1105,397,35.93,0.372,17.757,21.208,38.965,11.5,0.8656,-0.0,447.12,0.0,401.5,447.12,16.03,10.58,"[436.68, 442, 429.55, 401.5, 447.12]","[3, 3, 2, 2, 3]",13
assembly_1,5,0.8,subgraph_mip,diverse,2000,343,1105,1105,100.0,0.372,1.426,246.242,247.668,1.81,0.8656,0.0,447.12,0.0,401.5,447.12,16.03,10.58,"[436.68, 442, 429.55, 401.5, 447.12]","[3, 3, 2, 2, 3]",13
assembly_1,5,0.8,subgraph_mip,edge_weight,5000,343,1105,232,21.0,0.372,17.877,5.549,23.426,19.13,0.886,2.36,460.63,3.02,401.5,460.63,22.104,13.71,"[436.68, 410.92, 460.63, 401.5, 447.12]","[3, 2, 3, 2, 3]",13
assembly_1,5,0.8,subgraph_mip,time_balanced_weight,5000,343,1105,739,66.88,0.372,16.952,78.816,95.768,4.68,0.9193,6.21,451.11,0.89,401.5,451.11,21.869,11.5,"[408, 449.12, 451.11, 401.5, 447.12]","[2, 3, 3, 2, 3]",13
assembly_1,5,0.8,subgraph_mip,combined,5000,343,1105,806,72.94,0.372,34.511,64.317,98.828,4.53,0.8656,-0.0,447.12,0.0,401.5,447.12,16.03,10.58,"[436.68, 442, 429.55, 401.5, 447.12]","[3, 3, 2, 2, 3]",13
assembly_1,5,0.8,subgraph_mip,blended,5000,343,1105,251,22.71,0.372,19.894,2.325,22.219,20.17,0.8656,-0.0,447.12,0.0,401.5,447.12,16.03,10.58,"[436.68, 442, 429.55, 401.5, 447.12]","[3, 3, 2, 2, 3]",13
assembly_1,5,0.8,subgraph_mip,blended_union,5000,343,1105,483,43.71,0.372,57.171,25.331,82.503,5.43,0.8656,-0.0,447.12,0.0,401.5,447.12,16.03,10.58,"[436.68, 442, 429.55, 401.5, 447.12]","[3, 3, 2, 2, 3]",13
assembly_1,5,0.8,subgraph_mip,diverse,5000,343,1105,1105,100.0,0.372,2.994,229.996,232.991,1.92,0.8656,0.0,447.12,0.0,401.5,447.12,16.03,10.58,"[436.68, 442, 429.55, 401.5, 447.12]","[3, 3, 2, 2, 3]",13
assembly_1,5,0.85,full_mip,—,,343,1105,1105,100.0,0.383,0.0,301.898,301.898,1.0,0.865,0.0,447.12,0.0,401.5,447.12,16.03,10.58,"[436.68, 442, 429.55, 401.5, 447.12]","[3, 3, 2, 2, 3]",13
assembly_1,5,0.85,subgraph_mip,edge_weight,1,343,1105,13,1.18,0.383,0.001,0.24,0.242,1249.22,0.9385,8.5,495.7,10.87,339.12,495.7,58.841,36.3,"[339.12, 486.92, 442, 393.11, 495.7]","[2, 2, 3, 3, 3]",13
assembly_1,5,0.85,subgraph_mip,time_balanced_weight,1,343,1105,13,1.18,0.383,0.001,0.626,0.627,481.61,1.0257,18.58,514.33,15.03,332,514.33,67.976,42.27,"[486.92, 332, 514.33, 376.48, 447.12]","[2, 2, 3, 3, 3]",13
assembly_1,5,0.85,subgraph_mip,combined,1,343,1105,26,2.35,0.383,0.002,1.061,1.062,284.14,0.9385,8.5,495.7,10.87,339.12,495.7,58.841,36.3,"[339.12, 486.92, 442, 393.11, 495.7]","[2, 2, 3, 3, 3]",13
assembly_1,5,0.85,subgraph_mip,blended,1,343,1105,13,1.18,0.383,0.001,0.066,0.067,4485.34,0.9154,5.83,447.12,0.0,410.92,447.12,12.324,8.39,"[432.48, 426.63, 439.7, 410.92, 447.12]","[3, 2, 3, 2, 3]",13
assembly_1,5,0.85,subgraph_mip,blended_union,1,343,1105,35,3.17,0.383,0.011,0.366,0.378,799.53,0.8658,0.09,447.12,0.0,410.92,447.12,13.666,8.39,"[436.68, 442, 420.13, 410.92, 447.12]","[3, 3, 2, 2, 3]",13
assembly_1,5,0.85,subgraph_mip,diverse,1,343,1105,13,1.18,0.383,0.004,0.06,0.064,4721.63,0.9154,5.83,447.12,0.0,410.92,447.12,12.324,8.39,"[432.48, 426.63, 439.7, 410.92, 447.12]","[3, 2, 3, 2, 3]",13
assembly_1,5,0.85,subgraph_mip,edge_weight,2,343,1105,15,1.36,0.383,0.004,0.144,0.148,2034.99,0.9385,8.5,495.7,10.87,339.12,495.7,58.841,36.3,"[339.12, 486.92, 442, 393.11, 495.7]","[2, 2, 3, 3, 3]",13
assembly_1,5,0.85,subgraph_mip,time_balanced_weight,2,343,1105,15,1.36,0.383,0.005,1.376,1.382,218.52,1.0243,18.41,514.33,15.03,332,514.33,74.219,42.27,"[486.92, 332, 514.33, 470.68, 352.92]","[2, 2, 3, 4, 2]",13
assembly_1,5,0.85,subgraph_mip,combined,2,343,1105,30,2.71,0.383,0.015,1.147,1.162,259.81,0.9385,8.5,495.7,10.87,339.12,495.7,58.841,36.3,"[339.12, 486.92, 442, 393.11, 495.7]","[2, 2, 3, 3, 3]",13
assembly_1,5,0.85,subgraph_mip,blended,2,343,1105,15,1.36,0.383,0.009,0.088,0.097,3117.18,0.9154,5.83,447.12,0.0,410.92,447.12,12.324,8.39,"[432.48, 426.63, 439.7, 410.92, 447.12]","[3, 2, 3, 2, 3]",13
assembly_1,5,0.85,subgraph_mip,blended_union,2,343,1105,40,3.62,0.383,0.039,0.408,0.447,674.76,0.8658,0.09,447.12,0.0,410.92,447.12,13.666,8.39,"[436.68, 442, 420.13, 410.92, 447.12]","[3, 3, 2, 2, 3]",13
assembly_1,5,0.85,subgraph_mip,diverse,2,343,1105,26,2.35,0.383,0.005,1.7,1.705,177.09,0.9154,5.83,447.12,0.0,410.92,447.12,12.324,8.39,"[432.48, 426.63, 439.7, 410.92, 447.12]","[3, 2, 3, 2, 3]",13
assembly_1,5,0.85,subgraph_mip,edge_weight,5,343,1105,21,1.9,0.383,0.013,0.271,0.284,1064.81,0.9385,8.5,495.7,10.87,339.12,495.7,58.841,36.3,"[339.12, 486.92, 442, 393.11, 495.7]","[2, 2, 3, 3, 3]",13
assembly_1,5,0.85,subgraph_mip,time_balanced_weight,5,343,1105,36,3.26,0.383,0.017,1.324,1.341,225.12,0.976,12.83,486.92,8.9,350.63,486.92,47.926,31.59,"[486.92, 410.92, 350.63, 439.7, 468.68]","[2, 2, 2, 3, 4]",13
assembly_1,5,0.85,subgraph_mip,combined,5,343,1105,57,5.16,0.383,0.031,1.429,1.459,206.85,0.9385,8.5,495.7,10.87,339.12,495.7,58.841,36.3,"[339.12, 486.92, 442, 393.11, 495.7]","[2, 2, 3, 3, 3]",13
assembly_1,5,0.85,subgraph_mip,blended,5,343,1105,19,1.72,0.383,0.025,0.39,0.415,727.11,0.9154,5.83,447.12,0.0,410.92,447.12,12.324,8.39,"[432.48, 426.63, 439.7, 410.92, 447.12]","[3, 2, 3, 2, 3]",13
assembly_1,5,0.85,subgraph_mip,blended_union,5,343,1105,54,4.89,0.383,0.064,1.272,1.337,225.88,0.8658,0.09,447.12,0.0,410.92,447.12,13.666,8.39,"[436.68, 442, 420.13, 410.92, 447.12]","[3, 3, 2, 2, 3]",13
assembly_1,5,0.85,subgraph_mip,diverse,5,343,1105,65,5.88,0.383,0.006,0.929,0.935,323.03,0.8934,3.28,462.92,3.53,401.5,462.92,22.429,14.24,"[436.68, 410.92, 444.83, 462.92, 401.5]","[3, 2, 3, 3, 2]",13
assembly_1,5,0.85,subgraph_mip,edge_weight,10,343,1105,24,2.17,0.383,0.027,0.614,0.641,470.94,0.9385,8.5,495.7,10.87,339.12,495.7,58.841,36.3,"[339.12, 486.92, 442, 393.11, 495.7]","[2, 2, 3, 3, 3]",13
assembly_1,5,0.85,subgraph_mip,time_balanced_weight,10,343,1105,48,4.34,0.383,0.068,1.68,1.749,172.64,0.9562,10.54,470.68,5.27,408,470.68,24.017,14.53,"[408, 410.92, 420.13, 470.68, 447.12]","[2, 2, 2, 4, 3]",13
assembly_1,5,0.85,subgraph_mip,combined,10,343,1105,72,6.52,0.383,0.084,1.276,1.36,221.93,0.9385,8.5,495.7,10.87,339.12,495.7,58.841,36.3,"[339.12, 486.92, 442, 393.11, 495.7]","[2, 2, 3, 3, 3]",13
assembly_1,5,0.85,subgraph_mip,blended,10,343,1105,21,1.9,0.383,0.047,0.762,0.809,373.07,0.9154,5.83,447.12,0.0,410.92,447.12,12.324,8.39,"[432.48, 426.63, 439.7, 410.92, 447.12]","[3, 2, 3, 2, 3]",13
assembly_1,5,0.85,subgraph_mip,blended_union,10,343,1105,63,5.7,0.383,0.122,1.799,1.921,157.19,0.8658,0.09,447.12,0.0,410.92,447.12,13.666,8.39,"[436.68, 442, 420.13, 410.92, 447.12]","[3, 3, 2, 2, 3]",13
assembly_1,5,0.85,subgraph_mip,diverse,10,343,1105,126,11.4,0.383,0.018,2.124,2.142,140.94,0.8934,3.28,462.92,3.53,401.5,462.92,22.429,14.24,"[436.68, 410.92, 444.83, 462.92, 401.5]","[3, 2, 3, 3, 2]",13
assembly_1,5,0.85,subgraph_mip,edge_weight,20,343,1105,35,3.17,0.383,0.093,0.652,0.745,405.32,0.9244,6.87,486.92,8.9,339.12,486.92,55.66,34.26,"[339.12, 486.92, 484.48, 444.83, 401.5]","[2, 2, 4, 3, 2]",13
assembly_1,5,0.85,subgraph_mip,time_balanced_weight,20,343,1105,64,5.79,0.383,0.125,2.031,2.156,140.04,0.9562,10.54,470.68,5.27,408,470.68,24.017,14.53,"[408, 410.92, 420.13, 470.68, 447.12]","[2, 2, 2, 4, 3]",13
assembly_1,5,0.85,subgraph_mip,combined,20,343,1105,99,8.96,0.383,0.223,1.437,1.661,181.8,0.9244,6.87,486.92,8.9,339.12,486.92,55.66,34.26,"[339.12, 486.92, 484.48, 444.83, 401.5]","[2, 2, 4, 3, 2]",13
assembly_1,5,0.85,subgraph_mip,blended,20,343,1105,25,2.26,0.383,0.084,0.524,0.608,496.32,0.9154,5.83,447.12,0.0,410.92,447.12,12.324,8.39,"[432.48, 426.63, 439.7, 410.92, 447.12]","[3, 2, 3, 2, 3]",13
assembly_1,5,0.85,subgraph_mip,blended_union,20,343,1105,86,7.78,0.383,0.238,1.564,1.802,167.51,0.8658,0.09,447.12,0.0,410.92,447.12,13.666,8.39,"[436.68, 442, 420.13, 410.92, 447.12]","[3, 3, 2, 2, 3]",13
assembly_1,5,0.85,subgraph_mip,diverse,20,343,1105,239,21.63,0.383,0.028,6.939,6.967,43.33,0.8934,3.28,462.92,3.53,401.5,462.92,22.429,14.24,"[436.68, 410.92, 444.83, 462.92, 401.5]","[3, 2, 3, 3, 2]",13
assembly_1,5,0.85,subgraph_mip,edge_weight,50,343,1105,54,4.89,0.383,0.189,1.391,1.58,191.12,0.9244,6.87,486.92,8.9,339.12,486.92,55.66,34.26,"[339.12, 486.92, 484.48, 444.83, 401.5]","[2, 2, 4, 3, 2]",13
assembly_1,5,0.85,subgraph_mip,time_balanced_weight,50,343,1105,119,10.77,0.383,0.301,3.276,3.578,84.38,0.9562,10.54,470.68,5.27,408,470.68,24.017,14.53,"[408, 410.92, 420.13, 470.68, 447.12]","[2, 2, 2, 4, 3]",13
assembly_1,5,0.85,subgraph_mip,combined,50,343,1105,171,15.48,0.383,0.466,5.393,5.858,51.53,0.9244,6.87,486.92,8.9,339.12,486.92,55.66,34.26,"[339.12, 486.92, 484.48, 444.83, 401.5]","[2, 2, 4, 3, 2]",13
assembly_1,5,0.85,subgraph_mip,blended,50,343,1105,30,2.71,0.383,0.22,0.957,1.177,256.45,0.9154,5.83,447.12,0.0,410.92,447.12,12.324,8.39,"[432.48, 426.63, 439.7, 410.92, 447.12]","[3, 2, 3, 2, 3]",13
assembly_1,5,0.85,subgraph_mip,blended_union,50,343,1105,119,10.77,0.383,0.564,2.092,2.656,113.67,0.865,-0.0,447.12,0.0,401.5,447.12,16.03,10.58,"[436.68, 442, 429.55, 401.5, 447.12]","[3, 3, 2, 2, 3]",13
assembly_1,5,0.85,subgraph_mip,diverse,50,343,1105,504,45.61,0.383,0.029,60.993,61.021,4.95,0.8869,2.53,460.63,3.02,401.5,460.63,22.104,13.71,"[436.68, 410.92, 460.63, 401.5, 447.12]","[3, 2, 3, 2, 3]",13
assembly_1,5,0.85,subgraph_mip,edge_weight,100,343,1105,78,7.06,0.383,0.378,1.835,2.213,136.43,0.9244,6.87,486.92,8.9,339.12,486.92,55.66,34.26,"[339.12, 486.92, 484.48, 444.83, 401.5]","[2, 2, 4, 3, 2]",13
assembly_1,5,0.85,subgraph_mip,time_balanced_weight,100,343,1105,170,15.38,0.383,0.557,7.091,7.648,39.47,0.9172,6.04,453.4,1.4,401.5,453.4,22.0,12.03,"[401.5, 444.83, 408, 449.12, 453.4]","[2, 3, 2, 3, 3]",13
assembly_1,5,0.85,subgraph_mip,combined,100,343,1105,241,21.81,0.383,0.803,13.974,14.777,20.43,0.9172,6.04,453.4,1.4,401.5,453.4,22.0,12.03,"[401.5, 444.83, 408, 449.12, 453.4]","[2, 3, 2, 3, 3]",13
assembly_1,5,0.85,subgraph_mip,blended,100,343,1105,45,4.07,0.383,0.312,0.627,0.939,321.65,0.9154,5.83,447.12,0.0,410.92,447.12,12.324,8.39,"[432.48, 426.63, 439.7, 410.92, 447.12]","[3, 2, 3, 2, 3]",13
assembly_1,5,0.85,subgraph_mip,blended_union,100,343,1105,160,14.48,0.383,1.104,6.152,7.257,41.6,0.865,-0.0,447.12,0.0,401.5,447.12,16.03,10.58,"[436.68, 442, 429.55, 401.5, 447.12]","[3, 3, 2, 2, 3]",13
assembly_1,5,0.85,subgraph_mip,diverse,100,343,1105,739,66.88,0.383,0.087,132.709,132.796,2.27,0.865,0.0,447.12,0.0,401.5,447.12,16.03,10.58,"[436.68, 442, 429.55, 401.5, 447.12]","[3, 3, 2, 2, 3]",13
assembly_1,5,0.85,subgraph_mip,edge_weight,200,343,1105,95,8.6,0.383,0.722,2.141,2.863,105.46,0.9244,6.87,486.92,8.9,339.12,486.92,55.66,34.26,"[339.12, 486.92, 484.48, 444.83, 401.5]","[2, 2, 4, 3, 2]",13
assembly_1,5,0.85,subgraph_mip,time_balanced_weight,200,343,1105,211,19.1,0.383,0.923,16.908,17.831,16.93,0.9172,6.04,453.4,1.4,401.5,453.4,22.0,12.03,"[401.5, 444.83, 408, 449.12, 453.4]","[2, 3, 2, 3, 3]",13
assembly_1,5,0.85,subgraph_mip,combined,200,343,1105,295,26.7,0.383,1.621,13.843,15.464,19.52,0.9172,6.04,453.4,1.4,401.5,453.4,22.0,12.03,"[401.5, 444.83, 408, 449.12, 453.4]","[2, 3, 2, 3, 3]",13
assembly_1,5,0.85,subgraph_mip,blended,200,343,1105,52,4.71,0.383,0.792,0.817,1.609,187.62,0.9154,5.83,447.12,0.0,410.92,447.12,12.324,8.39,"[432.48, 426.63, 439.7, 410.92, 447.12]","[3, 2, 3, 2, 3]",13
assembly_1,5,0.85,subgraph_mip,blended_union,200,343,1105,217,19.64,0.383,2.278,8.949,11.227,26.89,0.865,0.0,447.12,0.0,401.5,447.12,16.03,10.58,"[436.68, 442, 429.55, 401.5, 447.12]","[3, 3, 2, 2, 3]",13
assembly_1,5,0.85,subgraph_mip,diverse,200,343,1105,905,81.9,0.383,0.2,224.339,224.539,1.34,0.865,-0.0,447.12,0.0,401.5,447.12,16.03,10.58,"[436.68, 442, 429.55, 401.5, 447.12]","[3, 3, 2, 2, 3]",13
assembly_1,5,0.85,subgraph_mip,edge_weight,500,343,1105,108,9.77,0.383,1.733,4.36,6.093,49.55,0.9244,6.87,486.92,8.9,339.12,486.92,55.66,34.26,"[339.12, 486.92, 484.48, 444.83, 401.5]","[2, 2, 4, 3, 2]",13
assembly_1,5,0.85,subgraph_mip,time_balanced_weight,500,343,1105,343,31.04,0.383,1.969,39.942,41.912,7.2,0.9167,5.98,447.12,-0.0,408,447.12,14.841,9.07,"[420.13, 442, 408, 439.6, 447.12]","[2, 3, 2, 3, 3]",13
assembly_1,5,0.85,subgraph_mip,combined,500,343,1105,420,38.01,0.383,3.811,39.156,42.967,7.03,0.9167,5.98,447.12,-0.0,408,447.12,14.841,9.07,"[420.13, 442, 408, 439.6, 447.12]","[2, 3, 2, 3, 3]",13
assembly_1,5,0.85,subgraph_mip,blended,500,343,1105,61,5.52,0.383,2.171,1.175,3.346,90.24,0.8966,3.65,447.12,0.0,410.92,447.12,13.666,8.39,"[442, 420.13, 436.68, 410.92, 447.12]","[3, 2, 3, 2, 3]",13
assembly_1,5,0.85,subgraph_mip,blended_union,500,343,1105,248,22.44,0.383,5.518,12.165,17.683,17.07,0.865,-0.0,447.12,0.0,401.5,447.12,16.03,10.58,"[436.68, 442, 429.55, 401.5, 447.12]","[3, 3, 2, 2, 3]",13
assembly_1,5,0.85,subgraph_mip,diverse,500,343,1105,1047,94.75,0.383,0.522,315.893,316.415,0.95,0.865,0.0,447.12,0.0,401.5,447.12,16.03,10.58,"[436.68, 442, 429.55, 401.5, 447.12]","[3, 3, 2, 2, 3]",13
assembly_1,5,0.85,subgraph_mip,edge_weight,1000,343,1105,142,12.85,0.383,2.902,2.487,5.389,56.03,0.9244,6.87,486.92,8.9,339.12,486.92,55.66,34.26,"[339.12, 486.92, 484.48, 444.83, 401.5]","[2, 2, 4, 3, 2]",13
assembly_1,5,0.85,subgraph_mip,time_balanced_weight,1000,343,1105,412,37.29,0.383,3.513,33.025,36.538,8.26,0.9167,5.98,447.12,-0.0,408,447.12,14.841,9.07,"[420.13, 442, 408, 439.6, 447.12]","[2, 3, 2, 3, 3]",13
assembly_1,5,0.85,subgraph_mip,combined,1000,343,1105,507,45.88,0.383,6.366,52.637,59.003,5.12,0.9167,5.98,447.12,-0.0,408,447.12,14.841,9.07,"[420.13, 442, 408, 439.6, 447.12]","[2, 3, 2, 3, 3]",13
assembly_1,5,0.85,subgraph_mip,blended,1000,343,1105,113,10.23,0.383,3.609,0.983,4.592,65.74,0.8658,0.09,447.12,0.0,410.92,447.12,13.666,8.39,"[436.68, 442, 420.13, 410.92, 447.12]","[3, 3, 2, 2, 3]",13
assembly_1,5,0.85,subgraph_mip,blended_union,1000,343,1105,310,28.05,0.383,9.328,10.483,19.812,15.24,0.865,-0.0,447.12,0.0,401.5,447.12,16.03,10.58,"[436.68, 442, 429.55, 401.5, 447.12]","[3, 3, 2, 2, 3]",13
assembly_1,5,0.85,subgraph_mip,diverse,1000,343,1105,1101,99.64,0.383,0.853,355.336,356.189,0.85,0.865,-0.0,447.12,0.0,401.5,447.12,16.03,10.58,"[436.68, 442, 429.55, 401.5, 447.12]","[3, 3, 2, 2, 3]",13
assembly_1,5,0.85,subgraph_mip,edge_weight,2000,343,1105,185,16.74,0.383,5.232,3.017,8.248,36.6,0.9244,6.87,486.92,8.9,339.12,486.92,55.66,34.26,"[339.12, 486.92, 484.48, 444.83, 401.5]","[2, 2, 4, 3, 2]",13
assembly_1,5,0.85,subgraph_mip,time_balanced_weight,2000,343,1105,575,52.04,0.383,5.811,32.454,38.264,7.89,0.9114,5.36,451.11,0.89,401.5,451.11,21.869,11.5,"[408, 449.12, 451.11, 401.5, 447.12]","[2, 3, 3, 2, 3]",13
assembly_1,5,0.85,subgraph_mip,combined,2000,343,1105,655,59.28,0.383,11.133,61.396,72.53,4.16,0.9114,5.36,451.11,0.89,401.5,451.11,21.869,11.5,"[408, 449.12, 451.11, 401.5, 447.12]","[2, 3, 3, 2, 3]",13
assembly_1,5,0.85,subgraph_mip,blended,2000,343,1105,138,12.49,0.383,6.346,2.196,8.542,35.34,0.8658,0.09,447.12,0.0,410.92,447.12,13.666,8.39,"[436.68, 442, 420.13, 410.92, 447.12]","[3, 3, 2, 2, 3]",13
assembly_1,5,0.85,subgraph_mip,blended_union,2000,343,1105,397,35.93,0.383,18.041,15.01,33.051,9.13,0.865,-0.0,447.12,0.0,401.5,447.12,16.03,10.58,"[436.68, 442, 429.55, 401.5, 447.12]","[3, 3, 2, 2, 3]",13
assembly_1,5,0.85,subgraph_mip,diverse,2000,343,1105,1105,100.0,0.383,1.396,158.218,159.614,1.89,0.865,0.0,447.12,0.0,401.5,447.12,16.03,10.58,"[436.68, 442, 429.55, 401.5, 447.12]","[3, 3, 2, 2, 3]",13
assembly_1,5,0.85,subgraph_mip,edge_weight,5000,343,1105,232,21.0,0.383,18.065,3.627,21.692,13.92,0.8869,2.53,460.63,3.02,401.5,460.63,22.104,13.71,"[436.68, 410.92, 460.63, 401.5, 447.12]","[3, 2, 3, 2, 3]",13
assembly_1,5,0.85,subgraph_mip,time_balanced_weight,5000,343,1105,739,66.88,0.383,17.215,92.061,109.275,2.76,0.9073,4.88,451.11,0.89,401.5,451.11,21.869,11.5,"[408, 449.12, 451.11, 401.5, 447.12]","[2, 3, 3, 2, 3]",13
assembly_1,5,0.85,subgraph_mip,combined,5000,343,1105,806,72.94,0.383,34.823,102.045,136.868,2.21,0.865,-0.0,447.12,0.0,401.5,447.12,16.03,10.58,"[436.68, 442, 429.55, 401.5, 447.12]","[3, 3, 2, 2, 3]",13
assembly_1,5,0.85,subgraph_mip,blended,5000,343,1105,247,22.35,0.383,19.833,5.459,25.292,11.94,0.865,0.0,447.12,0.0,401.5,447.12,16.03,10.58,"[436.68, 442, 429.55, 401.5, 447.12]","[3, 3, 2, 2, 3]",13
assembly_1,5,0.85,subgraph_mip,blended_union,5000,343,1105,483,43.71,0.383,57.54,41.659,99.199,3.04,0.865,0.0,447.12,0.0,401.5,447.12,16.03,10.58,"[436.68, 442, 429.55, 401.5, 447.12]","[3, 3, 2, 2, 3]",13
assembly_1,5,0.85,subgraph_mip,diverse,5000,343,1105,1105,100.0,0.383,2.992,154.208,157.2,1.92,0.865,0.0,447.12,0.0,401.5,447.12,16.03,10.58,"[436.68, 442, 429.55, 401.5, 447.12]","[3, 3, 2, 2, 3]",13
assembly_1,5,0.9,full_mip,—,,343,1105,1105,100.0,0.384,0.0,491.108,491.108,1.0,0.8645,0.0,447.12,0.0,401.5,447.12,16.03,10.58,"[436.68, 442, 429.55, 401.5, 447.12]","[3, 3, 2, 2, 3]",13
assembly_1,5,0.9,subgraph_mip,edge_weight,1,343,1105,13,1.18,0.384,0.002,0.249,0.25,1961.55,0.9447,9.28,495.7,10.87,339.12,495.7,58.841,36.3,"[339.12, 486.92, 442, 393.11, 495.7]","[2, 2, 3, 3, 3]",13
assembly_1,5,0.9,subgraph_mip,time_balanced_weight,1,343,1105,13,1.18,0.384,0.001,0.226,0.227,2161.66,1.0149,17.4,514.33,15.03,332,514.33,67.976,42.27,"[486.92, 332, 514.33, 376.48, 447.12]","[2, 2, 3, 3, 3]",13
assembly_1,5,0.9,subgraph_mip,combined,1,343,1105,26,2.35,0.384,0.002,1.887,1.888,260.1,0.9447,9.28,495.7,10.87,339.12,495.7,58.841,36.3,"[339.12, 486.92, 442, 393.11, 495.7]","[2, 2, 3, 3, 3]",13
assembly_1,5,0.9,subgraph_mip,blended,1,343,1105,13,1.18,0.384,0.001,0.046,0.047,10469.43,0.8981,3.89,447.12,0.0,410.92,447.12,12.324,8.39,"[432.48, 426.63, 439.7, 410.92, 447.12]","[3, 2, 3, 2, 3]",13
assembly_1,5,0.9,subgraph_mip,blended_union,1,343,1105,35,3.17,0.384,0.011,1.269,1.28,383.75,0.865,0.06,447.12,0.0,410.92,447.12,13.666,8.39,"[436.68, 442, 420.13, 410.92, 447.12]","[3, 3, 2, 2, 3]",13
assembly_1,5,0.9,subgraph_mip,diverse,1,343,1105,13,1.18,0.384,0.004,0.039,0.043,11394.95,0.8981,3.89,447.12,0.0,410.92,447.12,12.324,8.39,"[432.48, 426.63, 439.7, 410.92, 447.12]","[3, 2, 3, 2, 3]",13
assembly_1,5,0.9,subgraph_mip,edge_weight,2,343,1105,15,1.36,0.384,0.008,0.198,0.206,2378.42,0.9447,9.28,495.7,10.87,339.12,495.7,58.841,36.3,"[339.12, 486.92, 442, 393.11, 495.7]","[2, 2, 3, 3, 3]",13
assembly_1,5,0.9,subgraph_mip,time_balanced_weight,2,343,1105,15,1.36,0.384,0.01,0.754,0.764,642.76,1.0139,17.29,514.33,15.03,332,514.33,67.976,42.27,"[486.92, 332, 514.33, 376.48, 447.12]","[2, 2, 3, 3, 3]",13
assembly_1,5,0.9,subgraph_mip,combined,2,343,1105,30,2.71,0.384,0.016,0.995,1.012,485.38,0.9447,9.28,495.7,10.87,339.12,495.7,58.841,36.3,"[339.12, 486.92, 442, 393.11, 495.7]","[2, 2, 3, 3, 3]",13
assembly_1,5,0.9,subgraph_mip,blended,2,343,1105,15,1.36,0.384,0.007,0.152,0.159,3095.31,0.8981,3.89,447.12,0.0,410.92,447.12,12.324,8.39,"[432.48, 426.63, 439.7, 410.92, 447.12]","[3, 2, 3, 2, 3]",13
assembly_1,5,0.9,subgraph_mip,blended_union,2,343,1105,40,3.62,0.384,0.029,0.514,0.543,903.85,0.865,0.06,447.12,0.0,410.92,447.12,13.666,8.39,"[436.68, 442, 420.13, 410.92, 447.12]","[3, 3, 2, 2, 3]",13
assembly_1,5,0.9,subgraph_mip,diverse,2,343,1105,26,2.35,0.384,0.004,0.864,0.868,565.8,0.8981,3.89,447.12,0.0,410.92,447.12,12.324,8.39,"[432.48, 426.63, 439.7, 410.92, 447.12]","[3, 2, 3, 2, 3]",13
assembly_1,5,0.9,subgraph_mip,edge_weight,5,343,1105,21,1.9,0.384,0.019,0.572,0.591,831.35,0.9447,9.28,495.7,10.87,339.12,495.7,58.841,36.3,"[339.12, 486.92, 442, 393.11, 495.7]","[2, 2, 3, 3, 3]",13
assembly_1,5,0.9,subgraph_mip,time_balanced_weight,5,343,1105,36,3.26,0.384,0.035,1.165,1.2,409.18,0.964,11.52,486.92,8.9,345.5,486.92,49.902,32.78,"[486.92, 410.92, 444.83, 345.5, 468.68]","[2, 2, 3, 2, 4]",13
assembly_1,5,0.9,subgraph_mip,combined,5,343,1105,57,5.16,0.384,0.033,1.056,1.088,451.22,0.9447,9.28,495.7,10.87,339.12,495.7,58.841,36.3,"[339.12, 486.92, 442, 393.11, 495.7]","[2, 2, 3, 3, 3]",13
assembly_1,5,0.9,subgraph_mip,blended,5,343,1105,19,1.72,0.384,0.012,0.518,0.53,926.07,0.8981,3.89,447.12,0.0,410.92,447.12,12.324,8.39,"[432.48, 426.63, 439.7, 410.92, 447.12]","[3, 2, 3, 2, 3]",13
assembly_1,5,0.9,subgraph_mip,blended_union,5,343,1105,54,4.89,0.384,0.044,1.567,1.61,304.96,0.865,0.06,447.12,0.0,410.92,447.12,13.666,8.39,"[436.68, 442, 420.13, 410.92, 447.12]","[3, 3, 2, 2, 3]",13
assembly_1,5,0.9,subgraph_mip,diverse,5,343,1105,65,5.88,0.384,0.006,0.82,0.826,594.7,0.8881,2.73,447.12,0.0,410.92,447.12,13.666,8.39,"[442, 420.13, 436.68, 410.92, 447.12]","[3, 2, 3, 2, 3]",13
assembly_1,5,0.9,subgraph_mip,edge_weight,10,343,1105,24,2.17,0.384,0.042,0.757,0.799,614.81,0.9447,9.28,495.7,10.87,339.12,495.7,58.841,36.3,"[339.12, 486.92, 442, 393.11, 495.7]","[2, 2, 3, 3, 3]",13
assembly_1,5,0.9,subgraph_mip,time_balanced_weight,10,343,1105,48,4.34,0.384,0.055,1.011,1.066,460.74,0.9404,8.78,470.68,5.27,408,470.68,24.017,14.53,"[408, 410.92, 420.13, 470.68, 447.12]","[2, 2, 2, 4, 3]",13
assembly_1,5,0.9,subgraph_mip,combined,10,343,1105,72,6.52,0.384,0.099,1.228,1.327,370.11,0.9404,8.78,470.68,5.27,408,470.68,24.017,14.53,"[408, 410.92, 420.13, 470.68, 447.12]","[2, 2, 2, 4, 3]",13
assembly_1,5,0.9,subgraph_mip,blended,10,343,1105,21,1.9,0.384,0.026,0.532,0.558,879.82,0.8981,3.89,447.12,0.0,410.92,447.12,12.324,8.39,"[432.48, 426.63, 439.7, 410.92, 447.12]","[3, 2, 3, 2, 3]",13
assembly_1,5,0.9,subgraph_mip,blended_union,10,343,1105,63,5.7,0.384,0.118,1.074,1.192,411.96,0.865,0.06,447.12,0.0,410.92,447.12,13.666,8.39,"[436.68, 442, 420.13, 410.92, 447.12]","[3, 3, 2, 2, 3]",13
assembly_1,5,0.9,subgraph_mip,diverse,10,343,1105,126,11.4,0.384,0.017,2.591,2.608,188.32,0.8881,2.73,447.12,0.0,410.92,447.12,13.666,8.39,"[442, 420.13, 436.68, 410.92, 447.12]","[3, 2, 3, 2, 3]",13
assembly_1,5,0.9,subgraph_mip,edge_weight,20,343,1105,35,3.17,0.384,0.089,0.537,0.626,784.6,0.9297,7.55,486.92,8.9,339.12,486.92,55.66,34.26,"[339.12, 486.92, 484.48, 444.83, 401.5]","[2, 2, 4, 3, 2]",13
assembly_1,5,0.9,subgraph_mip,time_balanced_weight,20,343,1105,64,5.79,0.384,0.139,1.258,1.397,351.51,0.9404,8.78,470.68,5.27,408,470.68,24.017,14.53,"[408, 410.92, 420.13, 470.68, 447.12]","[2, 2, 2, 4, 3]",13
assembly_1,5,0.9,subgraph_mip,combined,20,343,1105,99,8.96,0.384,0.197,2.068,2.265,216.79,0.9297,7.55,486.92,8.9,339.12,486.92,55.66,34.26,"[339.12, 486.92, 484.48, 444.83, 401.5]","[2, 2, 4, 3, 2]",13
assembly_1,5,0.9,subgraph_mip,blended,20,343,1105,25,2.26,0.384,0.072,0.979,1.051,467.23,0.8981,3.89,447.12,0.0,410.92,447.12,12.324,8.39,"[432.48, 426.63, 439.7, 410.92, 447.12]","[3, 2, 3, 2, 3]",13
assembly_1,5,0.9,subgraph_mip,blended_union,20,343,1105,86,7.78,0.384,0.185,1.945,2.13,230.61,0.865,0.06,447.12,0.0,410.92,447.12,13.666,8.39,"[436.68, 442, 420.13, 410.92, 447.12]","[3, 3, 2, 2, 3]",13
assembly_1,5,0.9,subgraph_mip,diverse,20,343,1105,239,21.63,0.384,0.027,6.807,6.834,71.87,0.8881,2.73,447.12,0.0,410.92,447.12,13.666,8.39,"[442, 420.13, 436.68, 410.92, 447.12]","[3, 2, 3, 2, 3]",13
assembly_1,5,0.9,subgraph_mip,edge_weight,50,343,1105,54,4.89,0.384,0.141,1.241,1.382,355.34,0.9297,7.55,486.92,8.9,339.12,486.92,55.66,34.26,"[339.12, 486.92, 484.48, 444.83, 401.5]","[2, 2, 4, 3, 2]",13
assembly_1,5,0.9,subgraph_mip,time_balanced_weight,50,343,1105,119,10.77,0.384,0.178,1.969,2.147,228.76,0.9404,8.78,470.68,5.27,408,470.68,24.017,14.53,"[408, 410.92, 420.13, 470.68, 447.12]","[2, 2, 2, 4, 3]",13
assembly_1,5,0.9,subgraph_mip,combined,50,343,1105,171,15.48,0.384,0.422,4.085,4.507,108.96,0.9297,7.55,486.92,8.9,339.12,486.92,55.66,34.26,"[339.12, 486.92, 484.48, 444.83, 401.5]","[2, 2, 4, 3, 2]",13
assembly_1,5,0.9,subgraph_mip,blended,50,343,1105,30,2.71,0.384,0.195,0.883,1.079,455.26,0.8981,3.89,447.12,0.0,410.92,447.12,12.324,8.39,"[432.48, 426.63, 439.7, 410.92, 447.12]","[3, 2, 3, 2, 3]",13
assembly_1,5,0.9,subgraph_mip,blended_union,50,343,1105,119,10.77,0.384,0.535,1.877,2.412,203.61,0.8645,0.0,447.12,0.0,401.5,447.12,16.03,10.58,"[436.68, 442, 429.55, 401.5, 447.12]","[3, 3, 2, 2, 3]",13
assembly_1,5,0.9,subgraph_mip,diverse,50,343,1105,504,45.61,0.384,0.029,80.832,80.861,6.07,0.8823,2.06,447.12,0.0,410.92,447.12,13.666,8.39,"[442, 436.68, 420.13, 410.92, 447.12]","[3, 3, 2, 2, 3]",13
assembly_1,5,0.9,subgraph_mip,edge_weight,100,343,1105,78,7.06,0.384,0.382,0.975,1.357,361.91,0.9297,7.55,486.92,8.9,339.12,486.92,55.66,34.26,"[339.12, 486.92, 484.48, 444.83, 401.5]","[2, 2, 4, 3, 2]",13
assembly_1,5,0.9,subgraph_mip,time_balanced_weight,100,343,1105,170,15.38,0.384,0.493,5.848,6.341,77.45,0.9033,4.49,453.4,1.4,401.5,453.4,22.0,12.03,"[401.5, 444.83, 408, 449.12, 453.4]","[2, 3, 2, 3, 3]",13
assembly_1,5,0.9,subgraph_mip,combined,100,343,1105,241,21.81,0.384,0.88,12.846,13.726,35.78,0.9033,4.49,453.4,1.4,401.5,453.4,22.0,12.03,"[401.5, 444.83, 408, 449.12, 453.4]","[2, 3, 2, 3, 3]",13
assembly_1,5,0.9,subgraph_mip,blended,100,343,1105,45,4.07,0.384,0.34,2.735,3.075,159.69,0.8981,3.89,447.12,0.0,410.92,447.12,12.324,8.39,"[432.48, 426.63, 439.7, 410.92, 447.12]","[3, 2, 3, 2, 3]",13
assembly_1,5,0.9,subgraph_mip,blended_union,100,343,1105,160,14.48,0.384,0.961,3.983,4.944,99.34,0.8645,-0.0,447.12,0.0,401.5,447.12,16.03,10.58,"[436.68, 442, 429.55, 401.5, 447.12]","[3, 3, 2, 2, 3]",13
assembly_1,5,0.9,subgraph_mip,diverse,100,343,1105,738,66.79,0.384,0.071,197.887,197.958,2.48,0.8645,-0.0,447.12,0.0,401.5,447.12,16.03,10.58,"[436.68, 442, 429.55, 401.5, 447.12]","[3, 3, 2, 2, 3]",13
assembly_1,5,0.9,subgraph_mip,edge_weight,200,343,1105,95,8.6,0.384,0.628,1.454,2.082,235.94,0.9297,7.55,486.92,8.9,339.12,486.92,55.66,34.26,"[339.12, 486.92, 484.48, 444.83, 401.5]","[2, 2, 4, 3, 2]",13
assembly_1,5,0.9,subgraph_mip,time_balanced_weight,200,343,1105,211,19.1,0.384,0.914,11.527,12.441,39.47,0.9033,4.49,453.4,1.4,401.5,453.4,22.0,12.03,"[401.5, 444.83, 408, 449.12, 453.4]","[2, 3, 2, 3, 3]",13
assembly_1,5,0.9,subgraph_mip,combined,200,343,1105,295,26.7,0.384,1.456,15.711,17.167,28.61,0.9033,4.49,453.4,1.4,401.5,453.4,22.0,12.03,"[401.5, 444.83, 408, 449.12, 453.4]","[2, 3, 2, 3, 3]",13
assembly_1,5,0.9,subgraph_mip,blended,200,343,1105,52,4.71,0.384,0.635,0.655,1.291,380.47,0.8981,3.89,447.12,0.0,410.92,447.12,12.324,8.39,"[432.48, 426.63, 439.7, 410.92, 447.12]","[3, 2, 3, 2, 3]",13
assembly_1,5,0.9,subgraph_mip,blended_union,200,343,1105,217,19.64,0.384,2.004,7.873,9.877,49.72,0.8645,-0.0,447.12,0.0,401.5,447.12,16.03,10.58,"[436.68, 442, 429.55, 401.5, 447.12]","[3, 3, 2, 2, 3]",13
assembly_1,5,0.9,subgraph_mip,diverse,200,343,1105,903,81.72,0.384,0.179,170.849,171.029,2.87,0.8645,-0.0,447.12,0.0,401.5,447.12,16.03,10.58,"[436.68, 442, 429.55, 401.5, 447.12]","[3, 3, 2, 2, 3]",13
assembly_1,5,0.9,subgraph_mip,edge_weight,500,343,1105,108,9.77,0.384,1.294,1.901,3.195,153.71,0.9297,7.55,486.92,8.9,339.12,486.92,55.66,34.26,"[339.12, 486.92, 484.48, 444.83, 401.5]","[2, 2, 4, 3, 2]",13
assembly_1,5,0.9,subgraph_mip,time_balanced_weight,500,343,1105,343,31.04,0.384,1.653,14.013,15.666,31.35,0.8989,3.99,447.12,-0.0,408,447.12,14.841,9.07,"[420.13, 442, 408, 439.6, 447.12]","[2, 3, 2, 3, 3]",13
assembly_1,5,0.9,subgraph_mip,combined,500,343,1105,420,38.01,0.384,3.013,31.282,34.295,14.32,0.8989,3.99,447.12,-0.0,408,447.12,14.841,9.07,"[420.13, 442, 408, 439.6, 447.12]","[2, 3, 2, 3, 3]",13
assembly_1,5,0.9,subgraph_mip,blended,500,343,1105,53,4.8,0.384,1.572,0.77,2.342,209.7,0.8981,3.89,447.12,0.0,410.92,447.12,12.324,8.39,"[432.48, 426.63, 439.7, 410.92, 447.12]","[3, 2, 3, 2, 3]",13
assembly_1,5,0.9,subgraph_mip,blended_union,500,343,1105,248,22.44,0.384,4.517,12.92,17.437,28.17,0.8645,-0.0,447.12,0.0,401.5,447.12,16.03,10.58,"[436.68, 442, 429.55, 401.5, 447.12]","[3, 3, 2, 2, 3]",13
assembly_1,5,0.9,subgraph_mip,diverse,500,343,1105,1046,94.66,0.384,0.445,212.492,212.937,2.31,0.8645,-0.0,447.12,0.0,401.5,447.12,16.03,10.58,"[436.68, 442, 429.55, 401.5, 447.12]","[3, 3, 2, 2, 3]",13
assembly_1,5,0.9,subgraph_mip,edge_weight,1000,343,1105,142,12.85,0.384,2.361,2.347,4.707,104.33,0.9297,7.55,486.92,8.9,339.12,486.92,55.66,34.26,"[339.12, 486.92, 484.48, 444.83, 401.5]","[2, 2, 4, 3, 2]",13
assembly_1,5,0.9,subgraph_mip,time_balanced_weight,1000,343,1105,412,37.29,0.384,3.044,40.047,43.091,11.4,0.8989,3.99,447.12,-0.0,408,447.12,14.841,9.07,"[420.13, 442, 408, 439.6, 447.12]","[2, 3, 2, 3, 3]",13
assembly_1,5,0.9,subgraph_mip,combined,1000,343,1105,507,45.88,0.384,5.53,39.798,45.328,10.83,0.8989,3.99,447.12,-0.0,408,447.12,14.841,9.07,"[420.13, 442, 408, 439.6, 447.12]","[2, 3, 2, 3, 3]",13
assembly_1,5,0.9,subgraph_mip,blended,1000,343,1105,100,9.05,0.384,2.954,2.104,5.058,97.1,0.8855,2.44,447.12,0.0,410.92,447.12,13.666,8.39,"[442, 420.13, 436.68, 410.92, 447.12]","[3, 2, 3, 2, 3]",13
assembly_1,5,0.9,subgraph_mip,blended_union,1000,343,1105,310,28.05,0.384,8.033,11.813,19.846,24.75,0.8645,-0.0,447.12,0.0,401.5,447.12,16.03,10.58,"[436.68, 442, 429.55, 401.5, 447.12]","[3, 3, 2, 2, 3]",13
assembly_1,5,0.9,subgraph_mip,diverse,1000,343,1105,1101,99.64,0.384,0.776,306.327,307.104,1.6,0.8645,-0.0,447.12,0.0,401.5,447.12,16.03,10.58,"[436.68, 442, 429.55, 401.5, 447.12]","[3, 3, 2, 2, 3]",13
assembly_1,5,0.9,subgraph_mip,edge_weight,2000,343,1105,185,16.74,0.384,4.441,2.82,7.261,67.64,0.9297,7.55,486.92,8.9,339.12,486.92,55.66,34.26,"[339.12, 486.92, 484.48, 444.83, 401.5]","[2, 2, 4, 3, 2]",13
assembly_1,5,0.9,subgraph_mip,time_balanced_weight,2000,343,1105,575,52.04,0.384,4.869,31.207,36.075,13.61,0.8979,3.87,451.11,0.89,401.5,451.11,21.869,11.5,"[408, 449.12, 451.11, 401.5, 447.12]","[2, 3, 3, 2, 3]",13
assembly_1,5,0.9,subgraph_mip,combined,2000,343,1105,655,59.28,0.384,9.399,62.819,72.218,6.8,0.8979,3.87,451.11,0.89,401.5,451.11,21.869,11.5,"[408, 449.12, 451.11, 401.5, 447.12]","[2, 3, 3, 2, 3]",13
assembly_1,5,0.9,subgraph_mip,blended,2000,343,1105,137,12.4,0.384,5.472,1.535,7.006,70.1,0.865,0.06,447.12,0.0,410.92,447.12,13.666,8.39,"[436.68, 442, 420.13, 410.92, 447.12]","[3, 3, 2, 2, 3]",13
assembly_1,5,0.9,subgraph_mip,blended_union,2000,343,1105,397,35.93,0.384,15.413,25.805,41.218,11.91,0.8645,-0.0,447.12,0.0,401.5,447.12,16.03,10.58,"[436.68, 442, 429.55, 401.5, 447.12]","[3, 3, 2, 2, 3]",13
assembly_1,5,0.9,subgraph_mip,diverse,2000,343,1105,1105,100.0,0.384,1.179,262.281,263.461,1.86,0.8645,0.0,447.12,0.0,401.5,447.12,16.03,10.58,"[436.68, 442, 429.55, 401.5, 447.12]","[3, 3, 2, 2, 3]",13
assembly_1,5,0.9,subgraph_mip,edge_weight,5000,343,1105,232,21.0,0.384,17.949,5.222,23.171,21.19,0.8877,2.69,460.63,3.02,401.5,460.63,22.104,13.71,"[436.68, 410.92, 460.63, 401.5, 447.12]","[3, 2, 3, 2, 3]",13
assembly_1,5,0.9,subgraph_mip,time_balanced_weight,5000,343,1105,739,66.88,0.384,17.069,94.773,111.842,4.39,0.8952,3.55,451.11,0.89,401.5,451.11,21.869,11.5,"[408, 449.12, 451.11, 401.5, 447.12]","[2, 3, 3, 2, 3]",13
assembly_1,5,0.9,subgraph_mip,combined,5000,343,1105,806,72.94,0.384,34.673,79.9,114.573,4.29,0.8645,-0.0,447.12,0.0,401.5,447.12,16.03,10.58,"[436.68, 442, 429.55, 401.5, 447.12]","[3, 3, 2, 2, 3]",13
assembly_1,5,0.9,subgraph_mip,blended,5000,343,1105,227,20.54,0.384,20.051,2.652,22.703,21.63,0.8645,-0.0,447.12,0.0,401.5,447.12,16.03,10.58,"[436.68, 442, 429.55, 401.5, 447.12]","[3, 3, 2, 2, 3]",13
assembly_1,5,0.9,subgraph_mip,blended_union,5000,343,1105,483,43.71,0.384,58.592,24.461,83.054,5.91,0.8645,-0.0,447.12,0.0,401.5,447.12,16.03,10.58,"[436.68, 442, 429.55, 401.5, 447.12]","[3, 3, 2, 2, 3]",13
assembly_1,5,0.9,subgraph_mip,diverse,5000,343,1105,1105,100.0,0.384,3.027,217.956,220.983,2.22,0.8645,0.0,447.12,0.0,401.5,447.12,16.03,10.58,"[436.68, 442, 429.55, 401.5, 447.12]","[3, 3, 2, 2, 3]",13
assembly_1,5,0.95,full_mip,—,,343,1105,1105,100.0,0.489,0.0,480.257,480.257,1.0,0.8639,0.0,447.12,0.0,401.5,447.12,16.03,10.58,"[436.68, 442, 429.55, 401.5, 447.12]","[3, 3, 2, 2, 3]",13
assembly_1,5,0.95,subgraph_mip,edge_weight,1,343,1105,13,1.18,0.489,0.002,0.246,0.248,1935.09,0.9509,10.07,495.7,10.87,339.12,495.7,58.841,36.3,"[339.12, 486.92, 442, 393.11, 495.7]","[2, 2, 3, 3, 3]",13
assembly_1,5,0.95,subgraph_mip,time_balanced_weight,1,343,1105,13,1.18,0.489,0.001,1.036,1.038,462.9,1.004,16.22,514.33,15.03,332,514.33,67.976,42.27,"[486.92, 332, 514.33, 376.48, 447.12]","[2, 2, 3, 3, 3]",13
assembly_1,5,0.95,subgraph_mip,combined,1,343,1105,26,2.35,0.489,0.002,1.388,1.39,345.48,0.9509,10.07,495.7,10.87,339.12,495.7,58.841,36.3,"[339.12, 486.92, 442, 393.11, 495.7]","[2, 2, 3, 3, 3]",13
assembly_1,5,0.95,subgraph_mip,blended,1,343,1105,13,1.18,0.489,0.001,0.065,0.066,7276.94,0.8807,1.95,447.12,-0.0,410.92,447.12,12.324,8.39,"[432.48, 426.63, 439.7, 410.92, 447.12]","[3, 2, 3, 2, 3]",13
assembly_1,5,0.95,subgraph_mip,blended_union,1,343,1105,35,3.17,0.489,0.012,2.403,2.415,198.89,0.8641,0.03,447.12,0.0,410.92,447.12,13.666,8.39,"[436.68, 442, 420.13, 410.92, 447.12]","[3, 3, 2, 2, 3]",13
assembly_1,5,0.95,subgraph_mip,diverse,1,343,1105,13,1.18,0.489,0.004,0.036,0.04,11966.01,0.8807,1.95,447.12,-0.0,410.92,447.12,12.324,8.39,"[432.48, 426.63, 439.7, 410.92, 447.12]","[3, 2, 3, 2, 3]",13
assembly_1,5,0.95,subgraph_mip,edge_weight,2,343,1105,15,1.36,0.489,0.004,0.498,0.502,956.74,0.9509,10.07,495.7,10.87,339.12,495.7,58.841,36.3,"[339.12, 486.92, 442, 393.11, 495.7]","[2, 2, 3, 3, 3]",13
assembly_1,5,0.95,subgraph_mip,time_balanced_weight,2,343,1105,15,1.36,0.489,0.005,0.446,0.451,1064.68,1.0035,16.16,514.33,15.03,332,514.33,74.219,42.27,"[486.92, 332, 514.33, 470.68, 352.92]","[2, 2, 3, 4, 2]",13
assembly_1,5,0.95,subgraph_mip,combined,2,343,1105,30,2.71,0.489,0.009,2.091,2.1,228.74,0.9509,10.07,495.7,10.87,339.12,495.7,58.841,36.3,"[339.12, 486.92, 442, 393.11, 495.7]","[2, 2, 3, 3, 3]",13
assembly_1,5,0.95,subgraph_mip,blended,2,343,1105,15,1.36,0.489,0.004,0.118,0.122,3938.34,0.8807,1.95,447.12,-0.0,410.92,447.12,12.324,8.39,"[432.48, 426.63, 439.7, 410.92, 447.12]","[3, 2, 3, 2, 3]",13
assembly_1,5,0.95,subgraph_mip,blended_union,2,343,1105,40,3.62,0.489,0.03,4.071,4.101,117.09,0.8641,0.03,447.12,0.0,410.92,447.12,13.666,8.39,"[436.68, 442, 420.13, 410.92, 447.12]","[3, 3, 2, 2, 3]",13
assembly_1,5,0.95,subgraph_mip,diverse,2,343,1105,26,2.35,0.489,0.01,0.669,0.679,707.23,0.8807,1.95,447.12,0.0,410.92,447.12,12.324,8.39,"[432.48, 426.63, 439.7, 410.92, 447.12]","[3, 2, 3, 2, 3]",13
assembly_1,5,0.95,subgraph_mip,edge_weight,5,343,1105,21,1.9,0.489,0.018,0.397,0.415,1158.51,0.9509,10.07,495.7,10.87,339.12,495.7,58.841,36.3,"[339.12, 486.92, 442, 393.11, 495.7]","[2, 2, 3, 3, 3]",13
assembly_1,5,0.95,subgraph_mip,time_balanced_weight,5,343,1105,36,3.26,0.489,0.017,0.735,0.752,638.53,0.9521,10.21,486.92,8.9,350.63,486.92,47.926,31.59,"[486.92, 410.92, 350.63, 439.7, 468.68]","[2, 2, 2, 3, 4]",13
assembly_1,5,0.95,subgraph_mip,combined,5,343,1105,57,5.16,0.489,0.057,1.134,1.191,403.26,0.9509,10.07,495.7,10.87,339.12,495.7,58.841,36.3,"[339.12, 486.92, 442, 393.11, 495.7]","[2, 2, 3, 3, 3]",13
assembly_1,5,0.95,subgraph_mip,blended,5,343,1105,19,1.72,0.489,0.021,0.51,0.531,904.38,0.8807,1.95,447.12,0.0,410.92,447.12,12.324,8.39,"[432.48, 426.63, 439.7, 410.92, 447.12]","[3, 2, 3, 2, 3]",13
assembly_1,5,0.95,subgraph_mip,blended_union,5,343,1105,54,4.89,0.489,0.043,1.086,1.129,425.43,0.8641,0.03,447.12,0.0,410.92,447.12,13.666,8.39,"[436.68, 442, 420.13, 410.92, 447.12]","[3, 3, 2, 2, 3]",13
assembly_1,5,0.95,subgraph_mip,diverse,5,343,1105,65,5.88,0.489,0.006,0.766,0.771,622.85,0.8757,1.37,447.12,0.0,410.92,447.12,13.666,8.39,"[442, 420.13, 436.68, 410.92, 447.12]","[3, 2, 3, 2, 3]",13
assembly_1,5,0.95,subgraph_mip,edge_weight,10,343,1105,24,2.17,0.489,0.033,0.57,0.603,796.64,0.9509,10.07,495.7,10.87,339.12,495.7,58.841,36.3,"[339.12, 486.92, 442, 393.11, 495.7]","[2, 2, 3, 3, 3]",13
assembly_1,5,0.95,subgraph_mip,time_balanced_weight,10,343,1105,48,4.34,0.489,0.038,1.297,1.336,359.6,0.9246,7.03,470.68,5.27,408,470.68,24.017,14.53,"[408, 410.92, 420.13, 470.68, 447.12]","[2, 2, 2, 4, 3]",13
assembly_1,5,0.95,subgraph_mip,combined,10,343,1105,72,6.52,0.489,0.099,1.397,1.497,320.87,0.9246,7.03,470.68,5.27,408,470.68,24.017,14.53,"[408, 410.92, 420.13, 470.68, 447.12]","[2, 2, 2, 4, 3]",13
assembly_1,5,0.95,subgraph_mip,blended,10,343,1105,21,1.9,0.489,0.03,0.729,0.759,632.33,0.8807,1.95,447.12,0.0,410.92,447.12,12.324,8.39,"[432.48, 426.63, 439.7, 410.92, 447.12]","[3, 2, 3, 2, 3]",13
assembly_1,5,0.95,subgraph_mip,blended_union,10,343,1105,63,5.7,0.489,0.144,2.098,2.243,214.14,0.8641,0.03,447.12,0.0,410.92,447.12,13.666,8.39,"[436.68, 442, 420.13, 410.92, 447.12]","[3, 3, 2, 2, 3]",13
assembly_1,5,0.95,subgraph_mip,diverse,10,343,1105,126,11.4,0.489,0.01,1.996,2.006,239.4,0.8757,1.37,447.12,0.0,410.92,447.12,13.666,8.39,"[442, 420.13, 436.68, 410.92, 447.12]","[3, 2, 3, 2, 3]",13
assembly_1,5,0.95,subgraph_mip,edge_weight,20,343,1105,35,3.17,0.489,0.084,1.562,1.647,291.68,0.9349,8.22,486.92,8.9,339.12,486.92,55.66,34.26,"[339.12, 486.92, 484.48, 444.83, 401.5]","[2, 2, 4, 3, 2]",13
assembly_1,5,0.95,subgraph_mip,time_balanced_weight,20,343,1105,64,5.79,0.489,0.104,3.037,3.141,152.9,0.9246,7.03,470.68,5.27,408,470.68,24.017,14.53,"[408, 410.92, 420.13, 470.68, 447.12]","[2, 2, 2, 4, 3]",13
assembly_1,5,0.95,subgraph_mip,combined,20,343,1105,99,8.96,0.489,0.137,2.106,2.243,214.1,0.9246,7.03,470.68,5.27,408,470.68,24.017,14.53,"[408, 410.92, 420.13, 470.68, 447.12]","[2, 2, 2, 4, 3]",13
assembly_1,5,0.95,subgraph_mip,blended,20,343,1105,25,2.26,0.489,0.073,0.99,1.064,451.47,0.8807,1.95,447.12,0.0,410.92,447.12,12.324,8.39,"[432.48, 426.63, 439.7, 410.92, 447.12]","[3, 2, 3, 2, 3]",13
assembly_1,5,0.95,subgraph_mip,blended_union,20,343,1105,86,7.78,0.489,0.199,2.187,2.386,201.28,0.8641,0.03,447.12,0.0,410.92,447.12,13.666,8.39,"[436.68, 442, 420.13, 410.92, 447.12]","[3, 3, 2, 2, 3]",13
assembly_1,5,0.95,subgraph_mip,diverse,20,343,1105,239,21.63,0.489,0.014,8.752,8.766,54.79,0.8757,1.37,447.12,0.0,410.92,447.12,13.666,8.39,"[442, 420.13, 436.68, 410.92, 447.12]","[3, 2, 3, 2, 3]",13
assembly_1,5,0.95,subgraph_mip,edge_weight,50,343,1105,54,4.89,0.489,0.173,0.732,0.904,531.06,0.9349,8.22,486.92,8.9,339.12,486.92,55.66,34.26,"[339.12, 486.92, 484.48, 444.83, 401.5]","[2, 2, 4, 3, 2]",13
assembly_1,5,0.95,subgraph_mip,time_balanced_weight,50,343,1105,119,10.77,0.489,0.285,3.019,3.304,145.37,0.9246,7.03,470.68,5.27,408,470.68,24.017,14.53,"[408, 410.92, 420.13, 470.68, 447.12]","[2, 2, 2, 4, 3]",13
assembly_1,5,0.95,subgraph_mip,combined,50,343,1105,171,15.48,0.489,0.526,3.794,4.32,111.18,0.9246,7.03,470.68,5.27,408,470.68,24.017,14.53,"[408, 410.92, 420.13, 470.68, 447.12]","[2, 2, 2, 4, 3]",13
assembly_1,5,0.95,subgraph_mip,blended,50,343,1105,30,2.71,0.489,0.202,2.193,2.395,200.51,0.8807,1.95,447.12,0.0,410.92,447.12,12.324,8.39,"[432.48, 426.63, 439.7, 410.92, 447.12]","[3, 2, 3, 2, 3]",13
assembly_1,5,0.95,subgraph_mip,blended_union,50,343,1105,119,10.77,0.489,0.556,2.566,3.122,153.83,0.8639,0.0,447.12,0.0,401.5,447.12,16.03,10.58,"[436.68, 442, 429.55, 401.5, 447.12]","[3, 3, 2, 2, 3]",13
assembly_1,5,0.95,subgraph_mip,diverse,50,343,1105,502,45.43,0.489,0.029,62.158,62.186,7.72,0.8728,1.03,447.12,0.0,410.92,447.12,13.666,8.39,"[442, 436.68, 420.13, 410.92, 447.12]","[3, 3, 2, 2, 3]",13
assembly_1,5,0.95,subgraph_mip,edge_weight,100,343,1105,78,7.06,0.489,0.276,2.194,2.469,194.48,0.9349,8.22,486.92,8.9,339.12,486.92,55.66,34.26,"[339.12, 486.92, 484.48, 444.83, 401.5]","[2, 2, 4, 3, 2]",13
assembly_1,5,0.95,subgraph_mip,time_balanced_weight,100,343,1105,170,15.38,0.489,0.444,3.853,4.297,111.77,0.8894,2.95,453.4,1.4,401.5,453.4,22.0,12.03,"[401.5, 444.83, 408, 449.12, 453.4]","[2, 3, 2, 3, 3]",13
assembly_1,5,0.95,subgraph_mip,combined,100,343,1105,241,21.81,0.489,0.919,10.067,10.986,43.72,0.8894,2.95,453.4,1.4,401.5,453.4,22.0,12.03,"[401.5, 444.83, 408, 449.12, 453.4]","[2, 3, 2, 3, 3]",13
assembly_1,5,0.95,subgraph_mip,blended,100,343,1105,45,4.07,0.489,0.373,1.345,1.719,279.45,0.8807,1.95,447.12,0.0,410.92,447.12,12.324,8.39,"[432.48, 426.63, 439.7, 410.92, 447.12]","[3, 2, 3, 2, 3]",13
assembly_1,5,0.95,subgraph_mip,blended_union,100,343,1105,160,14.48,0.489,1.032,2.773,3.805,126.21,0.8639,0.0,447.12,0.0,401.5,447.12,16.03,10.58,"[436.68, 442, 429.55, 401.5, 447.12]","[3, 3, 2, 2, 3]",13
assembly_1,5,0.95,subgraph_mip,diverse,100,343,1105,741,67.06,0.489,0.108,131.143,131.252,3.66,0.8639,0.0,447.12,0.0,401.5,447.12,16.03,10.58,"[436.68, 442, 429.55, 401.5, 447.12]","[3, 3, 2, 2, 3]",13
assembly_1,5,0.95,subgraph_mip,edge_weight,200,343,1105,95,8.6,0.489,0.595,1.433,2.028,236.8,0.9349,8.22,486.92,8.9,339.12,486.92,55.66,34.26,"[339.12, 486.92, 484.48, 444.83, 401.5]","[2, 2, 4, 3, 2]",13
assembly_1,5,0.95,subgraph_mip,time_balanced_weight,200,343,1105,211,19.1,0.489,0.886,7.614,8.5,56.5,0.8894,2.95,453.4,1.4,401.5,453.4,22.0,12.03,"[401.5, 444.83, 408, 449.12, 453.4]","[2, 3, 2, 3, 3]",13
assembly_1,5,0.95,subgraph_mip,combined,200,343,1105,295,26.7,0.489,1.484,15.148,16.632,28.88,0.8894,2.95,453.4,1.4,401.5,453.4,22.0,12.03,"[401.5, 444.83, 408, 449.12, 453.4]","[2, 3, 2, 3, 3]",13
assembly_1,5,0.95,subgraph_mip,blended,200,343,1105,52,4.71,0.489,0.734,0.569,1.303,368.49,0.8807,1.95,447.12,0.0,410.92,447.12,12.324,8.39,"[432.48, 426.63, 439.7, 410.92, 447.12]","[3, 2, 3, 2, 3]",13
assembly_1,5,0.95,subgraph_mip,blended_union,200,343,1105,217,19.64,0.489,1.929,6.039,7.968,60.27,0.8639,0.0,447.12,0.0,401.5,447.12,16.03,10.58,"[436.68, 442, 429.55, 401.5, 447.12]","[3, 3, 2, 2, 3]",13
assembly_1,5,0.95,subgraph_mip,diverse,200,343,1105,907,82.08,0.489,0.183,204.576,204.758,2.35,0.8639,0.0,447.12,0.0,401.5,447.12,16.03,10.58,"[436.68, 442, 429.55, 401.5, 447.12]","[3, 3, 2, 2, 3]",13
assembly_1,5,0.95,subgraph_mip,edge_weight,500,343,1105,108,9.77,0.489,1.37,1.702,3.072,156.34,0.9349,8.22,486.92,8.9,339.12,486.92,55.66,34.26,"[339.12, 486.92, 484.48, 444.83, 401.5]","[2, 2, 4, 3, 2]",13
assembly_1,5,0.95,subgraph_mip,time_balanced_weight,500,343,1105,343,31.04,0.489,1.785,15.97,17.755,27.05,0.8811,2.0,447.12,-0.0,408,447.12,14.841,9.07,"[420.13, 442, 408, 439.6, 447.12]","[2, 3, 2, 3, 3]",13
assembly_1,5,0.95,subgraph_mip,combined,500,343,1105,420,38.01,0.489,3.057,39.243,42.301,11.35,0.8811,2.0,447.12,-0.0,408,447.12,14.841,9.07,"[420.13, 442, 408, 439.6, 447.12]","[2, 3, 2, 3, 3]",13
assembly_1,5,0.95,subgraph_mip,blended,500,343,1105,53,4.8,0.489,1.579,0.944,2.523,190.33,0.8807,1.95,447.12,0.0,410.92,447.12,12.324,8.39,"[432.48, 426.63, 439.7, 410.92, 447.12]","[3, 2, 3, 2, 3]",13
assembly_1,5,0.95,subgraph_mip,blended_union,500,343,1105,248,22.44,0.489,4.464,9.815,14.278,33.64,0.8639,0.0,447.12,0.0,401.5,447.12,16.03,10.58,"[436.68, 442, 429.55, 401.5, 447.12]","[3, 3, 2, 2, 3]",13
assembly_1,5,0.95,subgraph_mip,diverse,500,343,1105,1044,94.48,0.489,0.41,225.753,226.163,2.12,0.8639,0.0,447.12,0.0,401.5,447.12,16.03,10.58,"[436.68, 442, 429.55, 401.5, 447.12]","[3, 3, 2, 2, 3]",13
assembly_1,5,0.95,subgraph_mip,edge_weight,1000,343,1105,142,12.85,0.489,2.268,2.984,5.252,91.44,0.9349,8.22,486.92,8.9,339.12,486.92,55.66,34.26,"[339.12, 486.92, 484.48, 444.83, 401.5]","[2, 2, 4, 3, 2]",13
assembly_1,5,0.95,subgraph_mip,time_balanced_weight,1000,343,1105,412,37.29,0.489,2.851,17.266,20.116,23.87,0.8811,2.0,447.12,-0.0,408,447.12,14.841,9.07,"[420.13, 442, 408, 439.6, 447.12]","[2, 3, 2, 3, 3]",13
assembly_1,5,0.95,subgraph_mip,combined,1000,343,1105,507,45.88,0.489,5.165,41.0,46.164,10.4,0.8811,2.0,447.12,-0.0,408,447.12,14.841,9.07,"[420.13, 442, 408, 439.6, 447.12]","[2, 3, 2, 3, 3]",13
assembly_1,5,0.95,subgraph_mip,blended,1000,343,1105,87,7.87,0.489,2.755,1.47,4.225,113.68,0.8744,1.22,447.12,0.0,410.92,447.12,13.666,8.39,"[442, 420.13, 436.68, 410.92, 447.12]","[3, 2, 3, 2, 3]",13
assembly_1,5,0.95,subgraph_mip,blended_union,1000,343,1105,310,28.05,0.489,7.443,7.125,14.569,32.97,0.8639,0.0,447.12,-0.0,401.5,447.12,16.03,10.58,"[436.68, 442, 429.55, 401.5, 447.12]","[3, 3, 2, 2, 3]",13
assembly_1,5,0.95,subgraph_mip,diverse,1000,343,1105,1100,99.55,0.489,0.695,350.527,351.222,1.37,0.8639,0.0,447.12,0.0,401.5,447.12,16.03,10.58,"[436.68, 442, 429.55, 401.5, 447.12]","[3, 3, 2, 2, 3]",13
assembly_1,5,0.95,subgraph_mip,edge_weight,2000,343,1105,185,16.74,0.489,4.606,2.062,6.668,72.03,0.9349,8.22,486.92,8.9,339.12,486.92,55.66,34.26,"[339.12, 486.92, 484.48, 444.83, 401.5]","[2, 2, 4, 3, 2]",13
assembly_1,5,0.95,subgraph_mip,time_balanced_weight,2000,343,1105,575,52.04,0.489,4.932,48.479,53.412,8.99,0.8811,2.0,447.12,-0.0,408,447.12,14.841,9.07,"[420.13, 442, 408, 439.6, 447.12]","[2, 3, 2, 3, 3]",13
assembly_1,5,0.95,subgraph_mip,combined,2000,343,1105,655,59.28,0.489,9.471,55.674,65.146,7.37,0.8811,2.0,447.12,-0.0,408,447.12,14.841,9.07,"[420.13, 442, 408, 439.6, 447.12]","[2, 3, 2, 3, 3]",13
assembly_1,5,0.95,subgraph_mip,blended,2000,343,1105,128,11.58,0.489,5.474,1.137,6.611,72.64,0.8734,1.1,447.12,0.0,410.92,447.12,12.674,8.39,"[442, 426.63, 430.18, 410.92, 447.12]","[3, 2, 3, 2, 3]",13
assembly_1,5,0.95,subgraph_mip,blended_union,2000,343,1105,397,35.93,0.489,15.419,20.764,36.184,13.27,0.8639,0.0,447.12,0.0,401.5,447.12,16.03,10.58,"[436.68, 442, 429.55, 401.5, 447.12]","[3, 3, 2, 2, 3]",13
assembly_1,5,0.95,subgraph_mip,diverse,2000,343,1105,1105,100.0,0.489,1.169,242.419,243.589,1.97,0.8639,0.0,447.12,0.0,401.5,447.12,16.03,10.58,"[436.68, 442, 429.55, 401.5, 447.12]","[3, 3, 2, 2, 3]",13
assembly_1,5,0.95,subgraph_mip,edge_weight,5000,343,1105,232,21.0,0.489,18.049,2.69,20.739,23.16,0.8886,2.86,460.63,3.02,401.5,460.63,22.104,13.71,"[436.68, 410.92, 460.63, 401.5, 447.12]","[3, 2, 3, 2, 3]",13
assembly_1,5,0.95,subgraph_mip,time_balanced_weight,5000,343,1105,739,66.88,0.489,17.191,52.615,69.806,6.88,0.8809,1.97,447.12,0.0,408,447.12,14.841,9.07,"[420.13, 442, 408, 439.6, 447.12]","[2, 3, 2, 3, 3]",13
assembly_1,5,0.95,subgraph_mip,combined,5000,343,1105,806,72.94,0.489,35.009,48.323,83.333,5.76,0.8639,0.0,447.12,0.0,401.5,447.12,16.03,10.58,"[436.68, 442, 429.55, 401.5, 447.12]","[3, 3, 2, 2, 3]",13
assembly_1,5,0.95,subgraph_mip,blended,5000,343,1105,231,20.9,0.489,19.373,4.014,23.387,20.54,0.8639,0.0,447.12,0.0,401.5,447.12,16.03,10.58,"[436.68, 442, 429.55, 401.5, 447.12]","[3, 3, 2, 2, 3]",13
assembly_1,5,0.95,subgraph_mip,blended_union,5000,343,1105,483,43.71,0.489,52.016,23.614,75.63,6.35,0.8639,0.0,447.12,0.0,401.5,447.12,16.03,10.58,"[436.68, 442, 429.55, 401.5, 447.12]","[3, 3, 2, 2, 3]",13
assembly_1,5,0.95,subgraph_mip,diverse,5000,343,1105,1105,100.0,0.489,2.657,199.241,201.898,2.38,0.8639,0.0,447.12,0.0,401.5,447.12,16.03,10.58,"[436.68, 442, 429.55, 401.5, 447.12]","[3, 3, 2, 2, 3]",13
assembly_1,5,1.0,full_mip,—,,343,1105,1105,100.0,0.387,0.0,493.036,493.036,1.0,0.8633,0.0,447.12,0.0,410.92,447.12,13.666,8.39,"[420.13, 442, 436.68, 410.92, 447.12]","[2, 3, 3, 2, 3]",13
assembly_1,5,1.0,subgraph_mip,edge_weight,1,343,1105,13,1.18,0.387,0.002,0.047,0.048,10235.29,0.9571,10.87,495.7,10.87,339.12,495.7,58.841,36.3,"[339.12, 486.92, 442, 393.11, 495.7]","[2, 2, 3, 3, 3]",13
assembly_1,5,1.0,subgraph_mip,time_balanced_weight,1,343,1105,13,1.18,0.387,0.001,0.179,0.18,2745.61,0.9931,15.03,514.33,15.03,332,514.33,67.976,42.27,"[486.92, 332, 514.33, 376.48, 447.12]","[2, 2, 3, 3, 3]",13
assembly_1,5,1.0,subgraph_mip,combined,1,343,1105,26,2.35,0.387,0.002,1.719,1.721,286.51,0.9571,10.87,495.7,10.87,339.12,495.7,58.841,36.3,"[339.12, 486.92, 442, 393.11, 495.7]","[2, 2, 3, 3, 3]",13
assembly_1,5,1.0,subgraph_mip,blended,1,343,1105,13,1.18,0.387,0.001,0.064,0.064,7664.36,0.8633,-0.0,447.12,0.0,410.92,447.12,12.324,8.39,"[432.48, 426.63, 439.7, 410.92, 447.12]","[3, 2, 3, 2, 3]",13
assembly_1,5,1.0,subgraph_mip,blended_union,1,343,1105,35,3.17,0.387,0.011,0.331,0.342,1440.37,0.8633,-0.0,447.12,0.0,410.92,447.12,13.666,8.39,"[436.68, 442, 420.13, 410.92, 447.12]","[3, 3, 2, 2, 3]",13
assembly_1,5,1.0,subgraph_mip,diverse,1,343,1105,13,1.18,0.387,0.004,0.054,0.058,8556.66,0.8633,-0.0,447.12,0.0,410.92,447.12,12.324,8.39,"[432.48, 426.63, 439.7, 410.92, 447.12]","[3, 2, 3, 2, 3]",13
assembly_1,5,1.0,subgraph_mip,edge_weight,2,343,1105,15,1.36,0.387,0.004,0.195,0.199,2478.74,0.9571,10.87,495.7,10.87,339.12,495.7,58.841,36.3,"[339.12, 486.92, 442, 393.11, 495.7]","[2, 2, 3, 3, 3]",13
assembly_1,5,1.0,subgraph_mip,time_balanced_weight,2,343,1105,15,1.36,0.387,0.005,0.448,0.454,1087.09,0.9931,15.03,514.33,15.03,332,514.33,67.976,42.27,"[486.92, 332, 514.33, 376.48, 447.12]","[2, 2, 3, 3, 3]",13
assembly_1,5,1.0,subgraph_mip,combined,2,343,1105,30,2.71,0.387,0.009,0.608,0.618,798.29,0.9571,10.87,495.7,10.87,339.12,495.7,58.841,36.3,"[339.12, 486.92, 442, 393.11, 495.7]","[2, 2, 3, 3, 3]",13
assembly_1,5,1.0,subgraph_mip,blended,2,343,1105,15,1.36,0.387,0.003,0.574,0.577,854.58,0.8633,-0.0,447.12,0.0,410.92,447.12,12.324,8.39,"[432.48, 426.63, 439.7, 410.92, 447.12]","[3, 2, 3, 2, 3]",13
assembly_1,5,1.0,subgraph_mip,blended_union,2,343,1105,40,3.62,0.387,0.02,0.35,0.369,1335.01,0.8633,-0.0,447.12,-0.0,410.92,447.12,13.666,8.39,"[436.68, 442, 420.13, 410.92, 447.12]","[3, 3, 2, 2, 3]",13
assembly_1,5,1.0,subgraph_mip,diverse,2,343,1105,26,2.35,0.387,0.005,0.293,0.298,1654.72,0.8633,-0.0,447.12,-0.0,410.92,447.12,12.324,8.39,"[432.48, 426.63, 439.7, 410.92, 447.12]","[3, 2, 3, 2, 3]",13
assembly_1,5,1.0,subgraph_mip,edge_weight,5,343,1105,21,1.9,0.387,0.012,0.331,0.343,1436.94,0.9571,10.87,495.7,10.87,339.12,495.7,58.841,36.3,"[339.12, 486.92, 442, 393.11, 495.7]","[2, 2, 3, 3, 3]",13
assembly_1,5,1.0,subgraph_mip,time_balanced_weight,5,343,1105,36,3.26,0.387,0.021,2.17,2.19,225.08,0.9402,8.9,486.92,8.9,401.5,486.92,31.39,19.8,"[486.92, 410.92, 444.83, 401.5, 412.68]","[2, 2, 3, 2, 4]",13
assembly_1,5,1.0,subgraph_mip,combined,5,343,1105,57,5.16,0.387,0.047,0.435,0.482,1023.0,0.9402,8.9,486.92,8.9,370.2,486.92,37.956,27.06,"[486.92, 432.48, 420.13, 370.2, 447.12]","[2, 3, 2, 3, 3]",13
assembly_1,5,1.0,subgraph_mip,blended,5,343,1105,21,1.9,0.387,0.009,0.399,0.408,1208.0,0.8633,-0.0,447.12,-0.0,410.92,447.12,12.324,8.39,"[432.48, 426.63, 439.7, 410.92, 447.12]","[3, 2, 3, 2, 3]",13
assembly_1,5,1.0,subgraph_mip,blended_union,5,343,1105,54,4.89,0.387,0.04,0.601,0.641,769.19,0.8633,-0.0,447.12,-0.0,410.92,447.12,13.666,8.39,"[436.68, 442, 420.13, 410.92, 447.12]","[3, 3, 2, 2, 3]",13
assembly_1,5,1.0,subgraph_mip,diverse,5,343,1105,65,5.88,0.387,0.005,0.52,0.525,939.15,0.8633,-0.0,447.12,-0.0,410.92,447.12,13.666,8.39,"[442, 420.13, 436.68, 410.92, 447.12]","[3, 2, 3, 2, 3]",13
assembly_1,5,1.0,subgraph_mip,edge_weight,10,343,1105,24,2.17,0.387,0.036,0.202,0.238,2075.65,0.9571,10.87,495.7,10.87,339.12,495.7,62.434,36.3,"[339.12, 486.92, 376.48, 458.63, 495.7]","[2, 2, 3, 3, 3]",13
assembly_1,5,1.0,subgraph_mip,time_balanced_weight,10,343,1105,48,4.34,0.387,0.048,0.574,0.622,793.21,0.9088,5.27,470.68,5.27,408,470.68,24.017,14.53,"[408, 410.92, 420.13, 470.68, 447.12]","[2, 2, 2, 4, 3]",13
assembly_1,5,1.0,subgraph_mip,combined,10,343,1105,72,6.52,0.387,0.06,0.688,0.749,658.47,0.9088,5.27,470.68,5.27,408,470.68,24.017,14.53,"[408, 410.92, 420.13, 470.68, 447.12]","[2, 2, 2, 4, 3]",13
assembly_1,5,1.0,subgraph_mip,blended,10,343,1105,29,2.62,0.387,0.038,0.315,0.353,1396.6,0.8633,-0.0,447.12,-0.0,410.92,447.12,12.324,8.39,"[432.48, 426.63, 439.7, 410.92, 447.12]","[3, 2, 3, 2, 3]",13
assembly_1,5,1.0,subgraph_mip,blended_union,10,343,1105,63,5.7,0.387,0.087,0.677,0.764,645.06,0.8633,-0.0,447.12,0.0,410.92,447.12,13.666,8.39,"[436.68, 442, 420.13, 410.92, 447.12]","[3, 3, 2, 2, 3]",13
assembly_1,5,1.0,subgraph_mip,diverse,10,343,1105,126,11.4,0.387,0.007,1.608,1.615,305.28,0.8633,-0.0,447.12,-0.0,410.92,447.12,12.324,8.39,"[432.48, 426.63, 439.7, 410.92, 447.12]","[3, 2, 3, 2, 3]",13
assembly_1,5,1.0,subgraph_mip,edge_weight,20,343,1105,35,3.17,0.387,0.077,0.298,0.375,1314.86,0.9402,8.9,486.92,8.9,339.12,486.92,55.66,34.26,"[339.12, 486.92, 484.48, 444.83, 401.5]","[2, 2, 4, 3, 2]",13
assembly_1,5,1.0,subgraph_mip,time_balanced_weight,20,343,1105,64,5.79,0.387,0.1,1.034,1.134,434.64,0.9088,5.27,470.68,5.27,408,470.68,24.017,14.53,"[408, 410.92, 420.13, 470.68, 447.12]","[2, 2, 2, 4, 3]",13
assembly_1,5,1.0,subgraph_mip,combined,20,343,1105,99,8.96,0.387,0.157,0.975,1.131,435.79,0.9088,5.27,470.68,5.27,408,470.68,24.017,14.53,"[408, 410.92, 420.13, 470.68, 447.12]","[2, 2, 2, 4, 3]",13
assembly_1,5,1.0,subgraph_mip,blended,20,343,1105,33,2.99,0.387,0.06,0.343,0.402,1225.14,0.8633,-0.0,447.12,-0.0,410.92,447.12,12.324,8.39,"[432.48, 426.63, 439.7, 410.92, 447.12]","[3, 2, 3, 2, 3]",13
assembly_1,5,1.0,subgraph_mip,blended_union,20,343,1105,86,7.78,0.387,0.175,0.928,1.103,446.95,0.8633,-0.0,447.12,-0.0,410.92,447.12,12.324,8.39,"[432.48, 426.63, 439.7, 410.92, 447.12]","[3, 2, 3, 2, 3]",13
assembly_1,5,1.0,subgraph_mip,diverse,20,343,1105,239,21.63,0.387,0.011,5.268,5.279,93.39,0.8633,-0.0,447.12,0.0,410.92,447.12,13.666,8.39,"[420.13, 442, 436.68, 410.92, 447.12]","[2, 3, 3, 2, 3]",13
assembly_1,5,1.0,subgraph_mip,edge_weight,50,343,1105,54,4.89,0.387,0.127,0.438,0.565,872.52,0.9402,8.9,486.92,8.9,339.12,486.92,55.66,34.26,"[339.12, 486.92, 484.48, 444.83, 401.5]","[2, 2, 4, 3, 2]",13
assembly_1,5,1.0,subgraph_mip,time_balanced_weight,50,343,1105,119,10.77,0.387,0.224,2.475,2.699,182.67,0.9088,5.27,470.68,5.27,408,470.68,24.017,14.53,"[408, 410.92, 420.13, 470.68, 447.12]","[2, 2, 2, 4, 3]",13
assembly_1,5,1.0,subgraph_mip,combined,50,343,1105,171,15.48,0.387,0.42,3.26,3.68,133.98,0.9088,5.27,470.68,5.27,408,470.68,24.017,14.53,"[408, 410.92, 420.13, 470.68, 447.12]","[2, 2, 2, 4, 3]",13
assembly_1,5,1.0,subgraph_mip,blended,50,343,1105,35,3.17,0.387,0.137,0.482,0.619,796.19,0.8633,0.0,447.12,-0.0,410.92,447.12,12.324,8.39,"[432.48, 426.63, 439.7, 410.92, 447.12]","[3, 2, 3, 2, 3]",13
assembly_1,5,1.0,subgraph_mip,blended_union,50,343,1105,119,10.77,0.387,0.427,1.325,1.752,281.43,0.8633,-0.0,447.12,0.0,410.92,447.12,13.666,8.39,"[436.68, 442, 420.13, 410.92, 447.12]","[3, 3, 2, 2, 3]",13
assembly_1,5,1.0,subgraph_mip,diverse,50,343,1105,497,44.98,0.387,0.024,27.481,27.505,17.93,0.8633,-0.0,447.12,0.0,410.92,447.12,13.666,8.39,"[420.13, 442, 436.68, 410.92, 447.12]","[2, 3, 3, 2, 3]",13
assembly_1,5,1.0,subgraph_mip,edge_weight,100,343,1105,78,7.06,0.387,0.353,0.623,0.976,504.92,0.9402,8.9,486.92,8.9,339.12,486.92,55.66,34.26,"[339.12, 486.92, 484.48, 444.83, 401.5]","[2, 2, 4, 3, 2]",13
assembly_1,5,1.0,subgraph_mip,time_balanced_weight,100,343,1105,170,15.38,0.387,0.336,3.817,4.153,118.72,0.8755,1.4,453.4,1.4,401.5,453.4,22.0,12.03,"[401.5, 444.83, 408, 449.12, 453.4]","[2, 3, 2, 3, 3]",13
assembly_1,5,1.0,subgraph_mip,combined,100,343,1105,241,21.81,0.387,0.705,7.195,7.9,62.41,0.8755,1.4,453.4,1.4,401.5,453.4,22.0,12.03,"[401.5, 444.83, 408, 449.12, 453.4]","[2, 3, 2, 3, 3]",13
assembly_1,5,1.0,subgraph_mip,blended,100,343,1105,36,3.26,0.387,0.306,0.667,0.973,506.47,0.8633,0.0,447.12,0.0,410.92,447.12,12.324,8.39,"[432.48, 426.63, 439.7, 410.92, 447.12]","[3, 2, 3, 2, 3]",13
assembly_1,5,1.0,subgraph_mip,blended_union,100,343,1105,160,14.48,0.387,0.878,3.517,4.395,112.19,0.8633,-0.0,447.12,0.0,401.5,447.12,16.03,10.58,"[436.68, 442, 429.55, 447.12, 401.5]","[3, 3, 2, 3, 2]",13
assembly_1,5,1.0,subgraph_mip,diverse,100,343,1105,734,66.43,0.387,0.07,80.674,80.744,6.11,0.8633,-0.0,447.12,0.0,401.5,447.12,16.521,10.58,"[432.48, 446.2, 429.55, 401.5, 447.12]","[3, 3, 2, 2, 3]",13
assembly_1,5,1.0,subgraph_mip,edge_weight,200,343,1105,95,8.6,0.387,0.588,1.01,1.598,308.58,0.9402,8.9,486.92,8.9,339.12,486.92,51.434,34.26,"[339.12, 486.92, 442, 420.13, 468.68]","[2, 2, 3, 2, 4]",13
assembly_1,5,1.0,subgraph_mip,time_balanced_weight,200,343,1105,211,19.1,0.387,0.78,7.724,8.504,57.98,0.8755,1.4,453.4,1.4,401.5,453.4,22.0,12.03,"[401.5, 444.83, 408, 449.12, 453.4]","[2, 3, 2, 3, 3]",13
assembly_1,5,1.0,subgraph_mip,combined,200,343,1105,295,26.7,0.387,1.319,9.822,11.141,44.25,0.8755,1.4,453.4,1.4,401.5,453.4,22.0,12.03,"[401.5, 444.83, 408, 449.12, 453.4]","[2, 3, 2, 3, 3]",13
assembly_1,5,1.0,subgraph_mip,blended,200,343,1105,36,3.26,0.387,0.559,0.746,1.305,377.76,0.8633,0.0,447.12,0.0,410.92,447.12,12.324,8.39,"[432.48, 426.63, 439.7, 410.92, 447.12]","[3, 2, 3, 2, 3]",13
assembly_1,5,1.0,subgraph_mip,blended_union,200,343,1105,217,19.64,0.387,1.625,4.523,6.147,80.2,0.8633,-0.0,447.12,0.0,401.5,447.12,16.392,10.58,"[442, 426.63, 439.6, 401.5, 447.12]","[3, 2, 3, 2, 3]",13
assembly_1,5,1.0,subgraph_mip,diverse,200,343,1105,896,81.09,0.387,0.174,126.831,127.005,3.88,0.8633,-0.0,447.12,0.0,410.92,447.12,12.324,8.39,"[432.48, 426.63, 439.7, 410.92, 447.12]","[3, 2, 3, 2, 3]",13
assembly_1,5,1.0,subgraph_mip,edge_weight,500,343,1105,108,9.77,0.387,1.227,1.368,2.595,189.98,0.9402,8.9,486.92,8.9,339.12,486.92,51.434,34.26,"[339.12, 486.92, 442, 420.13, 468.68]","[2, 2, 3, 2, 4]",13
assembly_1,5,1.0,subgraph_mip,time_balanced_weight,500,343,1105,343,31.04,0.387,1.425,11.883,13.307,37.05,0.8633,-0.0,447.12,0.0,408,447.12,14.841,9.07,"[420.13, 442, 408, 439.6, 447.12]","[2, 3, 2, 3, 3]",13
assembly_1,5,1.0,subgraph_mip,combined,500,343,1105,420,38.01,0.387,2.598,19.105,21.703,22.72,0.8633,0.0,447.12,0.0,408,447.12,14.841,9.07,"[420.13, 442, 408, 439.6, 447.12]","[2, 3, 2, 3, 3]",13
assembly_1,5,1.0,subgraph_mip,blended,500,343,1105,53,4.8,0.387,1.148,0.454,1.602,307.74,0.8633,-0.0,447.12,0.0,410.92,447.12,12.324,8.39,"[432.48, 426.63, 439.7, 410.92, 447.12]","[3, 2, 3, 2, 3]",13
assembly_1,5,1.0,subgraph_mip,blended_union,500,343,1105,248,22.44,0.387,3.588,5.504,9.093,54.22,0.8633,-0.0,447.12,-0.0,410.92,447.12,12.324,8.39,"[432.48, 426.63, 439.7, 410.92, 447.12]","[3, 2, 3, 2, 3]",13
assembly_1,5,1.0,subgraph_mip,diverse,500,343,1105,1041,94.21,0.387,0.341,145.247,145.588,3.39,0.8633,0.0,447.12,0.0,401.5,447.12,16.392,10.58,"[442, 426.63, 439.6, 447.12, 401.5]","[3, 2, 3, 3, 2]",13
assembly_1,5,1.0,subgraph_mip,edge_weight,1000,343,1105,142,12.85,0.387,2.118,2.159,4.277,115.28,0.9402,8.9,486.92,8.9,339.12,486.92,51.656,34.26,"[339.12, 486.92, 440, 420.13, 470.68]","[2, 2, 3, 2, 4]",13
assembly_1,5,1.0,subgraph_mip,time_balanced_weight,1000,343,1105,412,37.29,0.387,2.768,14.997,17.766,27.75,0.8633,-0.0,447.12,0.0,408,447.12,14.841,9.07,"[420.13, 442, 408, 439.6, 447.12]","[2, 3, 2, 3, 3]",13
assembly_1,5,1.0,subgraph_mip,combined,1000,343,1105,507,45.88,0.387,4.981,15.737,20.718,23.8,0.8633,-0.0,447.12,0.0,408,447.12,14.841,9.07,"[420.13, 442, 408, 439.6, 447.12]","[2, 3, 2, 3, 3]",13
assembly_1,5,1.0,subgraph_mip,blended,1000,343,1105,82,7.42,0.387,2.452,0.873,3.325,148.28,0.8633,0.0,447.12,0.0,410.92,447.12,12.324,8.39,"[432.48, 426.63, 439.7, 410.92, 447.12]","[3, 2, 3, 2, 3]",13
assembly_1,5,1.0,subgraph_mip,blended_union,1000,343,1105,310,28.05,0.387,7.295,7.347,14.643,33.67,0.8633,-0.0,447.12,-0.0,401.5,447.12,16.03,10.58,"[436.68, 442, 429.55, 447.12, 401.5]","[3, 3, 2, 3, 2]",13
assembly_1,5,1.0,subgraph_mip,diverse,1000,343,1105,1097,99.28,0.387,0.625,128.867,129.492,3.81,0.8633,-0.0,447.12,0.0,408,447.12,14.841,9.07,"[442, 420.13, 408, 439.6, 447.12]","[3, 2, 2, 3, 3]",13
assembly_1,5,1.0,subgraph_mip,edge_weight,2000,343,1105,185,16.74,0.387,5.109,1.74,6.85,71.98,0.9402,8.9,486.92,8.9,339.12,486.92,51.656,34.26,"[339.12, 486.92, 440, 420.13, 470.68]","[2, 2, 3, 2, 4]",13
assembly_1,5,1.0,subgraph_mip,time_balanced_weight,2000,343,1105,575,52.04,0.387,5.203,27.175,32.378,15.23,0.8633,-0.0,447.12,-0.0,408,447.12,14.841,9.07,"[420.13, 442, 408, 439.6, 447.12]","[2, 3, 2, 3, 3]",13
assembly_1,5,1.0,subgraph_mip,combined,2000,343,1105,655,59.28,0.387,9.997,29.623,39.62,12.44,0.8633,-0.0,447.12,-0.0,408,447.12,14.841,9.07,"[420.13, 442, 408, 439.6, 447.12]","[2, 3, 2, 3, 3]",13
assembly_1,5,1.0,subgraph_mip,blended,2000,343,1105,136,12.31,0.387,5.428,0.954,6.382,77.25,0.8633,-0.0,447.12,-0.0,410.92,447.12,13.666,8.39,"[420.13, 442, 436.68, 410.92, 447.12]","[2, 3, 3, 2, 3]",13
assembly_1,5,1.0,subgraph_mip,blended_union,2000,343,1105,397,35.93,0.387,16.331,10.238,26.568,18.56,0.8633,-0.0,447.12,0.0,408,447.12,14.841,9.07,"[420.13, 442, 408, 439.6, 447.12]","[2, 3, 2, 3, 3]",13
assembly_1,5,1.0,subgraph_mip,diverse,2000,343,1105,1105,100.0,0.387,1.198,291.125,292.324,1.69,0.8633,0.0,447.12,0.0,410.92,447.12,13.666,8.39,"[420.13, 442, 436.68, 410.92, 447.12]","[2, 3, 3, 2, 3]",13
assembly_1,5,1.0,subgraph_mip,edge_weight,5000,343,1105,232,21.0,0.387,17.615,6.158,23.774,20.74,0.8894,3.02,460.63,3.02,401.5,460.63,22.104,13.71,"[436.68, 410.92, 460.63, 401.5, 447.12]","[3, 2, 3, 2, 3]",13
assembly_1,5,1.0,subgraph_mip,time_balanced_weight,5000,343,1105,739,66.88,0.387,17.025,36.164,53.188,9.27,0.8633,-0.0,447.12,-0.0,408,447.12,17.928,9.07,"[408, 444.83, 445.98, 410.92, 447.12]","[2, 3, 3, 2, 3]",13
assembly_1,5,1.0,subgraph_mip,combined,5000,343,1105,806,72.94,0.387,34.451,58.396,92.848,5.31,0.8633,-0.0,447.12,-0.0,401.5,447.12,16.03,10.58,"[436.68, 442, 429.55, 401.5, 447.12]","[3, 3, 2, 2, 3]",13
assembly_1,5,1.0,subgraph_mip,blended,5000,343,1105,215,19.46,0.387,18.354,2.696,21.05,23.42,0.8633,0.0,447.12,-0.0,410.92,447.12,12.674,8.39,"[442, 426.63, 430.18, 410.92, 447.12]","[3, 2, 3, 2, 3]",13
assembly_1,5,1.0,subgraph_mip,blended_union,5000,343,1105,483,43.71,0.387,57.471,15.452,72.923,6.76,0.8633,-0.0,447.12,-0.0,410.92,447.12,13.666,8.39,"[436.68, 442, 420.13, 410.92, 447.12]","[3, 3, 2, 2, 3]",13
assembly_1,5,1.0,subgraph_mip,diverse,5000,343,1105,1105,100.0,0.387,2.946,261.424,264.37,1.86,0.8633,0.0,447.12,0.0,410.92,447.12,13.666,8.39,"[420.13, 442, 436.68, 410.92, 447.12]","[2, 3, 3, 2, 3]",13
