================ edge-reduction λ sweep ================
date         : 2026-07-02T19:51:48+02:00
host         : TUMWUTG-MIT148
git commit   : bc1a042 (research/wgp-2026)
python       : Python 3.14.4
base config  : experiments/edge_reduction/sample_tests/assembly_1_n_p_2/config.py
instance     : assembly_1
parts file   : data/assembly_1/assembly_1_parts.json
num_phases   : 2
lambda grid  : 0.0 0.1 0.2 0.3 0.4 0.5 0.6 0.7 0.8 0.9 1.0
jobs (par.)  : 11
rundir       : experiments/edge_reduction/sweeps/assembly_1_np_2
=======================================================

----------------- λ = 0.0 -----------------
2026-07-02 19:51:50.347 | INFO     | __main__:<module>:193 - Running /home/md/Work/PyCAALP/experiments/edge_reduction/run.py
2026-07-02 19:51:50.348 | INFO     | __main__:<module>:194 - ASSEMBLY_FNAME='data/assembly_1/assembly_1_parts.json'
2026-07-02 19:51:50.348 | INFO     | __main__:<module>:197 - NUM_PHASES=2
2026-07-02 19:51:50.348 | INFO     | __main__:<module>:198 - RES_FNAME='experiments/edge_reduction/sweeps/assembly_1_np_2/lambda_0.0/res.pkl'
2026-07-02 19:51:50.348 | INFO     | experiments.edge_reduction.scripts.combination_runs:run_full_edge_reduction_change:98 - Running test with: red_perc=0
2026-07-02 19:51:50.355 | INFO     | pycaalp.gapp.assembly_digraph:compute_assembly_digraph_complete:395 - Computing assembly digraph...
2026-07-02 19:51:50.619 | INFO     | pycaalp.time_balancing.model:run_mip:430 - Running MIP solver ...
2026-07-02 19:51:50.832 | INFO     | experiments.edge_reduction.scripts.combination_runs:run_full_edge_reduction_change:98 - Running test with: red_perc=5
2026-07-02 19:51:50.837 | INFO     | pycaalp.gapp.assembly_digraph:compute_assembly_digraph_complete:395 - Computing assembly digraph...
2026-07-02 19:51:51.387 | INFO     | pycaalp.time_balancing.model:run_mip:430 - Running MIP solver ...
2026-07-02 19:51:51.582 | INFO     | pycaalp.gapp.assembly_digraph:compute_assembly_digraph_complete:395 - Computing assembly digraph...
2026-07-02 19:51:52.223 | INFO     | pycaalp.time_balancing.model:run_mip:430 - Running MIP solver ...
2026-07-02 19:51:52.428 | INFO     | pycaalp.gapp.assembly_digraph:compute_assembly_digraph_complete:395 - Computing assembly digraph...
2026-07-02 19:51:52.931 | INFO     | pycaalp.time_balancing.model:run_mip:430 - Running MIP solver ...
2026-07-02 19:51:53.159 | INFO     | pycaalp.gapp.assembly_digraph:compute_assembly_digraph_complete:395 - Computing assembly digraph...
2026-07-02 19:51:53.672 | INFO     | pycaalp.time_balancing.model:run_mip:430 - Running MIP solver ...
2026-07-02 19:51:53.872 | INFO     | pycaalp.gapp.assembly_digraph:compute_assembly_digraph_complete:395 - Computing assembly digraph...
2026-07-02 19:51:54.508 | INFO     | pycaalp.time_balancing.model:run_mip:430 - Running MIP solver ...
2026-07-02 19:51:54.681 | INFO     | experiments.edge_reduction.scripts.combination_runs:run_full_edge_reduction_change:98 - Running test with: red_perc=10
2026-07-02 19:51:54.684 | INFO     | pycaalp.gapp.assembly_digraph:compute_assembly_digraph_complete:395 - Computing assembly digraph...
2026-07-02 19:51:55.182 | INFO     | pycaalp.time_balancing.model:run_mip:430 - Running MIP solver ...
2026-07-02 19:51:55.348 | INFO     | pycaalp.gapp.assembly_digraph:compute_assembly_digraph_complete:395 - Computing assembly digraph...
2026-07-02 19:51:55.865 | INFO     | pycaalp.time_balancing.model:run_mip:430 - Running MIP solver ...
2026-07-02 19:51:56.057 | INFO     | pycaalp.gapp.assembly_digraph:compute_assembly_digraph_complete:395 - Computing assembly digraph...
2026-07-02 19:51:56.581 | INFO     | pycaalp.time_balancing.model:run_mip:430 - Running MIP solver ...
2026-07-02 19:51:56.790 | INFO     | pycaalp.gapp.assembly_digraph:compute_assembly_digraph_complete:395 - Computing assembly digraph...
2026-07-02 19:51:57.352 | INFO     | pycaalp.time_balancing.model:run_mip:430 - Running MIP solver ...
2026-07-02 19:51:57.585 | INFO     | pycaalp.gapp.assembly_digraph:compute_assembly_digraph_complete:395 - Computing assembly digraph...
2026-07-02 19:51:58.138 | INFO     | pycaalp.time_balancing.model:run_mip:430 - Running MIP solver ...
2026-07-02 19:51:58.352 | INFO     | experiments.edge_reduction.scripts.combination_runs:run_full_edge_reduction_change:98 - Running test with: red_perc=15
2026-07-02 19:51:58.359 | INFO     | pycaalp.gapp.assembly_digraph:compute_assembly_digraph_complete:395 - Computing assembly digraph...
2026-07-02 19:51:58.932 | INFO     | pycaalp.time_balancing.model:run_mip:430 - Running MIP solver ...
2026-07-02 19:51:59.158 | INFO     | pycaalp.gapp.assembly_digraph:compute_assembly_digraph_complete:395 - Computing assembly digraph...
2026-07-02 19:51:59.723 | INFO     | pycaalp.time_balancing.model:run_mip:430 - Running MIP solver ...
2026-07-02 19:51:59.913 | INFO     | pycaalp.gapp.assembly_digraph:compute_assembly_digraph_complete:395 - Computing assembly digraph...
2026-07-02 19:52:00.576 | INFO     | pycaalp.time_balancing.model:run_mip:430 - Running MIP solver ...
2026-07-02 19:52:00.783 | INFO     | pycaalp.gapp.assembly_digraph:compute_assembly_digraph_complete:395 - Computing assembly digraph...
2026-07-02 19:52:01.303 | INFO     | pycaalp.time_balancing.model:run_mip:430 - Running MIP solver ...
2026-07-02 19:52:01.471 | INFO     | pycaalp.gapp.assembly_digraph:compute_assembly_digraph_complete:395 - Computing assembly digraph...
2026-07-02 19:52:01.973 | INFO     | pycaalp.time_balancing.model:run_mip:430 - Running MIP solver ...
2026-07-02 19:52:02.144 | INFO     | experiments.edge_reduction.scripts.combination_runs:run_full_edge_reduction_change:98 - Running test with: red_perc=20
2026-07-02 19:52:02.153 | INFO     | pycaalp.gapp.assembly_digraph:compute_assembly_digraph_complete:395 - Computing assembly digraph...
2026-07-02 19:52:02.783 | INFO     | pycaalp.time_balancing.model:run_mip:430 - Running MIP solver ...
2026-07-02 19:52:03.029 | INFO     | pycaalp.gapp.assembly_digraph:compute_assembly_digraph_complete:395 - Computing assembly digraph...
2026-07-02 19:52:03.607 | INFO     | pycaalp.time_balancing.model:run_mip:430 - Running MIP solver ...
2026-07-02 19:52:03.842 | INFO     | pycaalp.gapp.assembly_digraph:compute_assembly_digraph_complete:395 - Computing assembly digraph...
2026-07-02 19:52:04.501 | INFO     | pycaalp.time_balancing.model:run_mip:430 - Running MIP solver ...
2026-07-02 19:52:04.722 | INFO     | pycaalp.gapp.assembly_digraph:compute_assembly_digraph_complete:395 - Computing assembly digraph...
2026-07-02 19:52:05.327 | INFO     | pycaalp.time_balancing.model:run_mip:430 - Running MIP solver ...
2026-07-02 19:52:05.457 | INFO     | pycaalp.gapp.assembly_digraph:compute_assembly_digraph_complete:395 - Computing assembly digraph...
2026-07-02 19:52:06.023 | INFO     | pycaalp.time_balancing.model:run_mip:430 - Running MIP solver ...
2026-07-02 19:52:06.188 | INFO     | experiments.edge_reduction.scripts.combination_runs:run_full_edge_reduction_change:98 - Running test with: red_perc=25
2026-07-02 19:52:06.194 | INFO     | pycaalp.gapp.assembly_digraph:compute_assembly_digraph_complete:395 - Computing assembly digraph...
2026-07-02 19:52:06.747 | INFO     | pycaalp.time_balancing.model:run_mip:430 - Running MIP solver ...
2026-07-02 19:52:06.921 | INFO     | pycaalp.gapp.assembly_digraph:compute_assembly_digraph_complete:395 - Computing assembly digraph...
2026-07-02 19:52:07.484 | INFO     | pycaalp.time_balancing.model:run_mip:430 - Running MIP solver ...
2026-07-02 19:52:07.648 | INFO     | pycaalp.gapp.assembly_digraph:compute_assembly_digraph_complete:395 - Computing assembly digraph...
2026-07-02 19:52:08.264 | INFO     | pycaalp.time_balancing.model:run_mip:430 - Running MIP solver ...
2026-07-02 19:52:08.464 | INFO     | pycaalp.gapp.assembly_digraph:compute_assembly_digraph_complete:395 - Computing assembly digraph...
2026-07-02 19:52:09.044 | INFO     | pycaalp.time_balancing.model:run_mip:430 - Running MIP solver ...
2026-07-02 19:52:09.220 | INFO     | pycaalp.gapp.assembly_digraph:compute_assembly_digraph_complete:395 - Computing assembly digraph...
2026-07-02 19:52:09.761 | INFO     | pycaalp.time_balancing.model:run_mip:430 - Running MIP solver ...
2026-07-02 19:52:09.918 | INFO     | experiments.edge_reduction.scripts.combination_runs:run_full_edge_reduction_change:98 - Running test with: red_perc=30
2026-07-02 19:52:09.922 | INFO     | pycaalp.gapp.assembly_digraph:compute_assembly_digraph_complete:395 - Computing assembly digraph...
2026-07-02 19:52:10.451 | INFO     | pycaalp.time_balancing.model:run_mip:430 - Running MIP solver ...
2026-07-02 19:52:10.650 | INFO     | pycaalp.gapp.assembly_digraph:compute_assembly_digraph_complete:395 - Computing assembly digraph...
2026-07-02 19:52:11.146 | INFO     | pycaalp.time_balancing.model:run_mip:430 - Running MIP solver ...
2026-07-02 19:52:11.345 | INFO     | pycaalp.gapp.assembly_digraph:compute_assembly_digraph_complete:395 - Computing assembly digraph...
2026-07-02 19:52:11.931 | INFO     | pycaalp.time_balancing.model:run_mip:430 - Running MIP solver ...
2026-07-02 19:52:12.067 | INFO     | pycaalp.gapp.assembly_digraph:compute_assembly_digraph_complete:395 - Computing assembly digraph...
2026-07-02 19:52:12.583 | INFO     | pycaalp.time_balancing.model:run_mip:430 - Running MIP solver ...
2026-07-02 19:52:12.726 | INFO     | pycaalp.gapp.assembly_digraph:compute_assembly_digraph_complete:395 - Computing assembly digraph...
2026-07-02 19:52:13.236 | INFO     | pycaalp.time_balancing.model:run_mip:430 - Running MIP solver ...
2026-07-02 19:52:13.419 | INFO     | experiments.edge_reduction.scripts.combination_runs:run_full_edge_reduction_change:98 - Running test with: red_perc=35
2026-07-02 19:52:13.422 | INFO     | pycaalp.gapp.assembly_digraph:compute_assembly_digraph_complete:395 - Computing assembly digraph...
2026-07-02 19:52:13.983 | INFO     | pycaalp.time_balancing.model:run_mip:430 - Running MIP solver ...
2026-07-02 19:52:14.123 | INFO     | pycaalp.gapp.assembly_digraph:compute_assembly_digraph_complete:395 - Computing assembly digraph...
2026-07-02 19:52:14.700 | INFO     | pycaalp.time_balancing.model:run_mip:430 - Running MIP solver ...
2026-07-02 19:52:14.804 | INFO     | pycaalp.gapp.assembly_digraph:compute_assembly_digraph_complete:395 - Computing assembly digraph...
2026-07-02 19:52:15.296 | INFO     | pycaalp.time_balancing.model:run_mip:430 - Running MIP solver ...
2026-07-02 19:52:15.419 | INFO     | pycaalp.gapp.assembly_digraph:compute_assembly_digraph_complete:395 - Computing assembly digraph...
2026-07-02 19:52:15.943 | INFO     | pycaalp.time_balancing.model:run_mip:430 - Running MIP solver ...
2026-07-02 19:52:16.090 | INFO     | pycaalp.gapp.assembly_digraph:compute_assembly_digraph_complete:395 - Computing assembly digraph...
2026-07-02 19:52:16.656 | INFO     | pycaalp.time_balancing.model:run_mip:430 - Running MIP solver ...
2026-07-02 19:52:16.775 | INFO     | experiments.edge_reduction.scripts.combination_runs:run_full_edge_reduction_change:98 - Running test with: red_perc=40
2026-07-02 19:52:16.779 | INFO     | pycaalp.gapp.assembly_digraph:compute_assembly_digraph_complete:395 - Computing assembly digraph...
2026-07-02 19:52:17.383 | INFO     | pycaalp.time_balancing.model:run_mip:430 - Running MIP solver ...
2026-07-02 19:52:17.557 | INFO     | pycaalp.gapp.assembly_digraph:compute_assembly_digraph_complete:395 - Computing assembly digraph...
2026-07-02 19:52:18.097 | INFO     | pycaalp.time_balancing.model:run_mip:430 - Running MIP solver ...
2026-07-02 19:52:18.211 | INFO     | pycaalp.gapp.assembly_digraph:compute_assembly_digraph_complete:395 - Computing assembly digraph...
2026-07-02 19:52:18.794 | INFO     | pycaalp.time_balancing.model:run_mip:430 - Running MIP solver ...
2026-07-02 19:52:18.976 | INFO     | pycaalp.gapp.assembly_digraph:compute_assembly_digraph_complete:395 - Computing assembly digraph...
2026-07-02 19:52:19.607 | INFO     | pycaalp.time_balancing.model:run_mip:430 - Running MIP solver ...
2026-07-02 19:52:19.869 | INFO     | pycaalp.gapp.assembly_digraph:compute_assembly_digraph_complete:395 - Computing assembly digraph...
2026-07-02 19:52:20.501 | INFO     | pycaalp.time_balancing.model:run_mip:430 - Running MIP solver ...
2026-07-02 19:52:20.685 | INFO     | experiments.edge_reduction.scripts.combination_runs:run_full_edge_reduction_change:98 - Running test with: red_perc=45
2026-07-02 19:52:20.691 | INFO     | pycaalp.gapp.assembly_digraph:compute_assembly_digraph_complete:395 - Computing assembly digraph...
2026-07-02 19:52:21.374 | INFO     | pycaalp.time_balancing.model:run_mip:430 - Running MIP solver ...
2026-07-02 19:52:21.536 | INFO     | pycaalp.gapp.assembly_digraph:compute_assembly_digraph_complete:395 - Computing assembly digraph...
2026-07-02 19:52:22.208 | INFO     | pycaalp.time_balancing.model:run_mip:430 - Running MIP solver ...
2026-07-02 19:52:22.363 | INFO     | pycaalp.gapp.assembly_digraph:compute_assembly_digraph_complete:395 - Computing assembly digraph...
2026-07-02 19:52:22.994 | INFO     | pycaalp.time_balancing.model:run_mip:430 - Running MIP solver ...
2026-07-02 19:52:23.146 | INFO     | pycaalp.gapp.assembly_digraph:compute_assembly_digraph_complete:395 - Computing assembly digraph...
2026-07-02 19:52:23.894 | INFO     | pycaalp.time_balancing.model:run_mip:430 - Running MIP solver ...
2026-07-02 19:52:24.017 | INFO     | pycaalp.gapp.assembly_digraph:compute_assembly_digraph_complete:395 - Computing assembly digraph...
2026-07-02 19:52:24.688 | INFO     | pycaalp.time_balancing.model:run_mip:430 - Running MIP solver ...
2026-07-02 19:52:24.825 | INFO     | experiments.edge_reduction.scripts.combination_runs:run_full_edge_reduction_change:98 - Running test with: red_perc=50
2026-07-02 19:52:24.829 | INFO     | pycaalp.gapp.assembly_digraph:compute_assembly_digraph_complete:395 - Computing assembly digraph...
2026-07-02 19:52:25.533 | INFO     | pycaalp.time_balancing.model:run_mip:430 - Running MIP solver ...
2026-07-02 19:52:25.616 | INFO     | pycaalp.gapp.assembly_digraph:compute_assembly_digraph_complete:395 - Computing assembly digraph...
2026-07-02 19:52:26.311 | INFO     | pycaalp.time_balancing.model:run_mip:430 - Running MIP solver ...
2026-07-02 19:52:26.474 | INFO     | pycaalp.gapp.assembly_digraph:compute_assembly_digraph_complete:395 - Computing assembly digraph...
2026-07-02 19:52:27.143 | INFO     | pycaalp.time_balancing.model:run_mip:430 - Running MIP solver ...
2026-07-02 19:52:27.277 | INFO     | pycaalp.gapp.assembly_digraph:compute_assembly_digraph_complete:395 - Computing assembly digraph...
2026-07-02 19:52:27.953 | INFO     | pycaalp.time_balancing.model:run_mip:430 - Running MIP solver ...
2026-07-02 19:52:28.067 | INFO     | pycaalp.gapp.assembly_digraph:compute_assembly_digraph_complete:395 - Computing assembly digraph...
2026-07-02 19:52:28.819 | INFO     | pycaalp.time_balancing.model:run_mip:430 - Running MIP solver ...
2026-07-02 19:52:28.919 | INFO     | experiments.edge_reduction.scripts.combination_runs:run_full_edge_reduction_change:98 - Running test with: red_perc=55
2026-07-02 19:52:28.927 | INFO     | pycaalp.gapp.assembly_digraph:compute_assembly_digraph_complete:395 - Computing assembly digraph...
2026-07-02 19:52:29.697 | INFO     | pycaalp.time_balancing.model:run_mip:430 - Running MIP solver ...
2026-07-02 19:52:29.813 | INFO     | pycaalp.gapp.assembly_digraph:compute_assembly_digraph_complete:395 - Computing assembly digraph...
2026-07-02 19:52:30.456 | INFO     | pycaalp.time_balancing.model:run_mip:430 - Running MIP solver ...
2026-07-02 19:52:30.561 | INFO     | pycaalp.gapp.assembly_digraph:compute_assembly_digraph_complete:395 - Computing assembly digraph...
2026-07-02 19:52:31.198 | INFO     | pycaalp.time_balancing.model:run_mip:430 - Running MIP solver ...
2026-07-02 19:52:31.312 | INFO     | pycaalp.gapp.assembly_digraph:compute_assembly_digraph_complete:395 - Computing assembly digraph...
2026-07-02 19:52:31.979 | INFO     | pycaalp.time_balancing.model:run_mip:430 - Running MIP solver ...
2026-07-02 19:52:32.112 | INFO     | pycaalp.gapp.assembly_digraph:compute_assembly_digraph_complete:395 - Computing assembly digraph...
2026-07-02 19:52:32.835 | INFO     | pycaalp.time_balancing.model:run_mip:430 - Running MIP solver ...
2026-07-02 19:52:32.939 | INFO     | experiments.edge_reduction.scripts.combination_runs:run_full_edge_reduction_change:98 - Running test with: red_perc=60
2026-07-02 19:52:32.945 | INFO     | pycaalp.gapp.assembly_digraph:compute_assembly_digraph_complete:395 - Computing assembly digraph...
2026-07-02 19:52:33.572 | INFO     | pycaalp.time_balancing.model:run_mip:430 - Running MIP solver ...
2026-07-02 19:52:33.628 | INFO     | pycaalp.gapp.assembly_digraph:compute_assembly_digraph_complete:395 - Computing assembly digraph...
2026-07-02 19:52:34.252 | INFO     | pycaalp.time_balancing.model:run_mip:430 - Running MIP solver ...
2026-07-02 19:52:34.311 | INFO     | pycaalp.gapp.assembly_digraph:compute_assembly_digraph_complete:395 - Computing assembly digraph...
2026-07-02 19:52:34.981 | INFO     | pycaalp.time_balancing.model:run_mip:430 - Running MIP solver ...
2026-07-02 19:52:35.024 | INFO     | pycaalp.gapp.assembly_digraph:compute_assembly_digraph_complete:395 - Computing assembly digraph...
2026-07-02 19:52:35.617 | INFO     | pycaalp.time_balancing.model:run_mip:430 - Running MIP solver ...
2026-07-02 19:52:35.665 | INFO     | pycaalp.gapp.assembly_digraph:compute_assembly_digraph_complete:395 - Computing assembly digraph...
2026-07-02 19:52:36.307 | INFO     | pycaalp.time_balancing.model:run_mip:430 - Running MIP solver ...
2026-07-02 19:52:36.368 | INFO     | experiments.edge_reduction.scripts.combination_runs:run_full_edge_reduction_change:98 - Running test with: red_perc=65
2026-07-02 19:52:36.372 | INFO     | pycaalp.gapp.assembly_digraph:compute_assembly_digraph_complete:395 - Computing assembly digraph...
2026-07-02 19:52:36.954 | INFO     | pycaalp.time_balancing.model:run_mip:430 - Running MIP solver ...
2026-07-02 19:52:37.027 | INFO     | pycaalp.gapp.assembly_digraph:compute_assembly_digraph_complete:395 - Computing assembly digraph...
2026-07-02 19:52:37.796 | INFO     | pycaalp.time_balancing.model:run_mip:430 - Running MIP solver ...
2026-07-02 19:52:37.885 | INFO     | pycaalp.gapp.assembly_digraph:compute_assembly_digraph_complete:395 - Computing assembly digraph...
2026-07-02 19:52:38.568 | INFO     | pycaalp.time_balancing.model:run_mip:430 - Running MIP solver ...
2026-07-02 19:52:38.617 | INFO     | pycaalp.gapp.assembly_digraph:compute_assembly_digraph_complete:395 - Computing assembly digraph...
2026-07-02 19:52:39.290 | INFO     | pycaalp.time_balancing.model:run_mip:430 - Running MIP solver ...
2026-07-02 19:52:39.350 | INFO     | pycaalp.gapp.assembly_digraph:compute_assembly_digraph_complete:395 - Computing assembly digraph...
2026-07-02 19:52:40.055 | INFO     | pycaalp.time_balancing.model:run_mip:430 - Running MIP solver ...
2026-07-02 19:52:40.120 | INFO     | experiments.edge_reduction.scripts.combination_runs:run_full_edge_reduction_change:98 - Running test with: red_perc=70
2026-07-02 19:52:40.124 | INFO     | pycaalp.gapp.assembly_digraph:compute_assembly_digraph_complete:395 - Computing assembly digraph...
2026-07-02 19:52:40.879 | INFO     | pycaalp.time_balancing.model:run_mip:430 - Running MIP solver ...
2026-07-02 19:52:40.932 | INFO     | pycaalp.gapp.assembly_digraph:compute_assembly_digraph_complete:395 - Computing assembly digraph...
2026-07-02 19:52:41.862 | INFO     | pycaalp.time_balancing.model:run_mip:430 - Running MIP solver ...
2026-07-02 19:52:41.952 | INFO     | pycaalp.gapp.assembly_digraph:compute_assembly_digraph_complete:395 - Computing assembly digraph...
2026-07-02 19:52:42.804 | INFO     | pycaalp.time_balancing.model:run_mip:430 - Running MIP solver ...
2026-07-02 19:52:42.838 | INFO     | pycaalp.gapp.assembly_digraph:compute_assembly_digraph_complete:395 - Computing assembly digraph...
2026-07-02 19:52:43.591 | INFO     | pycaalp.time_balancing.model:run_mip:430 - Running MIP solver ...
2026-07-02 19:52:43.642 | INFO     | pycaalp.gapp.assembly_digraph:compute_assembly_digraph_complete:395 - Computing assembly digraph...
2026-07-02 19:52:44.290 | INFO     | pycaalp.time_balancing.model:run_mip:430 - Running MIP solver ...
2026-07-02 19:52:44.318 | INFO     | __main__:<module>:240 - Running plot_total_time
{0: (np.float64(0.18392999999999998), np.float64(0.8329273450820582), np.float64(2156.85), np.float64(0.0), np.float64(0.0), np.float64(0.0), np.float64(0.4829050140688196), np.float64(0.0), np.float64(0.27107888099271804), np.float64(0.0)), 5: (np.float64(0.167552), np.float64(0.8329273450820583), np.float64(2156.85), np.float64(0.01366926714933906), np.float64(1.1102230246251565e-16), np.float64(0.0), np.float64(0.7664990334073082), np.float64(0.04990303361264282), np.float64(0.5733534526079893), np.float64(0.058616264816335535)), 10: (np.float64(0.1667112), np.float64(0.8329273450820583), np.float64(2156.85), np.float64(0.02667411475869443), np.float64(1.1102230246251565e-16), np.float64(0.0), np.float64(0.7308164946269244), np.float64(0.04570358571101993), np.float64(0.534050362976268), np.float64(0.023918103714501013)), 15: (np.float64(0.1521534), np.float64(0.8329273450820583), np.float64(2156.85), np.float64(0.017181291285581532), np.float64(1.1102230246251565e-16), np.float64(0.0), np.float64(0.7542134389746934), np.float64(0.07085612262392522), np.float64(0.5699698613956571), np.float64(0.05525690138179293)), 20: (np.float64(0.16655959999999997), np.float64(0.8329273450820583), np.float64(2156.85), np.float64(0.0382783117004917), np.float64(1.1102230246251565e-16), np.float64(0.0), np.float64(0.8055325440131128), np.float64(0.06487790671360912), np.float64(0.6125644884072244), np.float64(0.033917669116036435)), 25: (np.float64(0.1376368), np.float64(0.8329273450820583), np.float64(2156.85), np.float64(0.00901480760526813), np.float64(1.4043333874306804e-16), np.float64(0.0), np.float64(0.7419881146168337), np.float64(0.04061844467768755), np.float64(0.5752057182136923), np.float64(0.02678671517431101)), 30: (np.float64(0.1412136), np.float64(0.8329273450820583), np.float64(2156.85), np.float64(0.02144855217118396), np.float64(1.1102230246251565e-16), np.float64(0.0), np.float64(0.696689152601175), np.float64(0.02411419538034077), np.float64(0.53215657339897), np.float64(0.03195671499917073)), 35: (np.float64(0.10372799999999997), np.float64(0.8329273450820583), np.float64(2156.85), np.float64(0.014690111027490568), np.float64(1.4043333874306804e-16), np.float64(0.0), np.float64(0.6681139873806388), np.float64(0.03085688728417274), np.float64(0.5479281416162849), np.float64(0.03122844790932277)), 40: (np.float64(0.1468972), np.float64(0.8329273450820583), np.float64(2156.85), np.float64(0.043794603020920274), np.float64(1.1102230246251565e-16), np.float64(0.0), np.float64(0.7785942434100435), np.float64(0.07812573184536631), np.float64(0.6025912685785443), np.float64(0.033363300838968095)), 45: (np.float64(0.1097188), np.float64(0.8329273450820581), np.float64(2156.85), np.float64(0.007952887058169503), np.float64(7.021666937153402e-17), np.float64(0.0), np.float64(0.8241433305665851), np.float64(0.032566539767481494), np.float64(0.6895396620035171), np.float64(0.03827582433140855)), 50: (np.float64(0.08192359999999999), np.float64(0.8329273450820583), np.float64(2156.85), np.float64(0.020288493266874208), np.float64(1.4043333874306804e-16), np.float64(0.0), np.float64(0.8160652158083395), np.float64(0.030471606081196735), np.float64(0.7046453383751213), np.float64(0.027949451667498303)), 55: (np.float64(0.0734332), np.float64(0.8329273450820583), np.float64(2156.85), np.float64(0.0047100985722169355), np.float64(1.6467268631127714e-16), np.float64(0.0), np.float64(0.8014034119900316), np.float64(0.05321631097973275), np.float64(0.6933428890071809), np.float64(0.051939636226775214)), 60: (np.float64(0.034312999999999996), np.float64(0.8329273450820583), np.float64(2156.85), np.float64(0.007727880304456067), np.float64(1.8577584504832502e-16), np.float64(0.0), np.float64(0.6839270657859743), np.float64(0.02761147589173325), np.float64(0.6359685764182359), np.float64(0.025690131650995398)), 65: (np.float64(0.0350988), np.float64(0.8329273450820583), np.float64(2156.85), np.float64(0.007700887465740556), np.float64(1.1102230246251565e-16), np.float64(0.0), np.float64(0.7484063600189984), np.float64(0.06561852191577883), np.float64(0.6867299783974886), np.float64(0.060232127475967984)), 70: (np.float64(0.0220284), np.float64(0.8329273450820583), np.float64(2156.85), np.float64(0.007997640266978755), np.float64(1.8577584504832502e-16), np.float64(0.0), np.float64(0.836978123174049), np.float64(0.11242084493646849), np.float64(0.7938183478079737), np.float64(0.09761235097895168))}
Saved MIP solve time plot in experiments/edge_reduction/sweeps/assembly_1_np_2/lambda_0.0/plots/MIP_solve_time_num_phases_2.svg
2026-07-02 19:52:44.629 | INFO     | __main__:<module>:250 - Running plot_speedup_vs_max_length_lost
Saved speedup_vs_weld_len_degr plot in experiments/edge_reduction/sweeps/assembly_1_np_2/lambda_0.0/plots/speedup_vs_weld_len_degr_num_phases_2.svg
2026-07-02 19:52:44.876 | INFO     | __main__:<module>:253 - Running plot_average_max_time
Saved Max welding length [mm] plot in experiments/edge_reduction/sweeps/assembly_1_np_2/lambda_0.0/plots/Max_welding_length_[mm]_num_phases_2.svg

----------------- λ = 0.1 -----------------
2026-07-02 19:51:50.354 | INFO     | __main__:<module>:193 - Running /home/md/Work/PyCAALP/experiments/edge_reduction/run.py
2026-07-02 19:51:50.355 | INFO     | __main__:<module>:194 - ASSEMBLY_FNAME='data/assembly_1/assembly_1_parts.json'
2026-07-02 19:51:50.355 | INFO     | __main__:<module>:197 - NUM_PHASES=2
2026-07-02 19:51:50.355 | INFO     | __main__:<module>:198 - RES_FNAME='experiments/edge_reduction/sweeps/assembly_1_np_2/lambda_0.1/res.pkl'
2026-07-02 19:51:50.355 | INFO     | experiments.edge_reduction.scripts.combination_runs:run_full_edge_reduction_change:98 - Running test with: red_perc=0
2026-07-02 19:51:50.362 | INFO     | pycaalp.gapp.assembly_digraph:compute_assembly_digraph_complete:395 - Computing assembly digraph...
2026-07-02 19:51:50.587 | INFO     | pycaalp.time_balancing.model:run_mip:430 - Running MIP solver ...
2026-07-02 19:51:51.469 | INFO     | experiments.edge_reduction.scripts.combination_runs:run_full_edge_reduction_change:98 - Running test with: red_perc=5
2026-07-02 19:51:51.472 | INFO     | pycaalp.gapp.assembly_digraph:compute_assembly_digraph_complete:395 - Computing assembly digraph...
2026-07-02 19:51:52.000 | INFO     | pycaalp.time_balancing.model:run_mip:430 - Running MIP solver ...
2026-07-02 19:51:53.294 | INFO     | pycaalp.gapp.assembly_digraph:compute_assembly_digraph_complete:395 - Computing assembly digraph...
2026-07-02 19:51:53.832 | INFO     | pycaalp.time_balancing.model:run_mip:430 - Running MIP solver ...
2026-07-02 19:51:55.129 | INFO     | pycaalp.gapp.assembly_digraph:compute_assembly_digraph_complete:395 - Computing assembly digraph...
2026-07-02 19:51:55.690 | INFO     | pycaalp.time_balancing.model:run_mip:430 - Running MIP solver ...
2026-07-02 19:51:56.656 | INFO     | pycaalp.gapp.assembly_digraph:compute_assembly_digraph_complete:395 - Computing assembly digraph...
2026-07-02 19:51:57.201 | INFO     | pycaalp.time_balancing.model:run_mip:430 - Running MIP solver ...
2026-07-02 19:51:58.228 | INFO     | pycaalp.gapp.assembly_digraph:compute_assembly_digraph_complete:395 - Computing assembly digraph...
2026-07-02 19:51:58.784 | INFO     | pycaalp.time_balancing.model:run_mip:430 - Running MIP solver ...
2026-07-02 19:51:59.796 | INFO     | experiments.edge_reduction.scripts.combination_runs:run_full_edge_reduction_change:98 - Running test with: red_perc=10
2026-07-02 19:51:59.800 | INFO     | pycaalp.gapp.assembly_digraph:compute_assembly_digraph_complete:395 - Computing assembly digraph...
2026-07-02 19:52:00.393 | INFO     | pycaalp.time_balancing.model:run_mip:430 - Running MIP solver ...
2026-07-02 19:52:01.588 | INFO     | pycaalp.gapp.assembly_digraph:compute_assembly_digraph_complete:395 - Computing assembly digraph...
2026-07-02 19:52:02.171 | INFO     | pycaalp.time_balancing.model:run_mip:430 - Running MIP solver ...
2026-07-02 19:52:03.308 | INFO     | pycaalp.gapp.assembly_digraph:compute_assembly_digraph_complete:395 - Computing assembly digraph...
2026-07-02 19:52:03.881 | INFO     | pycaalp.time_balancing.model:run_mip:430 - Running MIP solver ...
2026-07-02 19:52:05.032 | INFO     | pycaalp.gapp.assembly_digraph:compute_assembly_digraph_complete:395 - Computing assembly digraph...
2026-07-02 19:52:05.514 | INFO     | pycaalp.time_balancing.model:run_mip:430 - Running MIP solver ...
2026-07-02 19:52:06.785 | INFO     | pycaalp.gapp.assembly_digraph:compute_assembly_digraph_complete:395 - Computing assembly digraph...
2026-07-02 19:52:07.335 | INFO     | pycaalp.time_balancing.model:run_mip:430 - Running MIP solver ...
2026-07-02 19:52:08.514 | INFO     | experiments.edge_reduction.scripts.combination_runs:run_full_edge_reduction_change:98 - Running test with: red_perc=15
2026-07-02 19:52:08.518 | INFO     | pycaalp.gapp.assembly_digraph:compute_assembly_digraph_complete:395 - Computing assembly digraph...
2026-07-02 19:52:08.945 | INFO     | pycaalp.time_balancing.model:run_mip:430 - Running MIP solver ...
2026-07-02 19:52:09.809 | INFO     | pycaalp.gapp.assembly_digraph:compute_assembly_digraph_complete:395 - Computing assembly digraph...
2026-07-02 19:52:10.366 | INFO     | pycaalp.time_balancing.model:run_mip:430 - Running MIP solver ...
2026-07-02 19:52:12.064 | INFO     | pycaalp.gapp.assembly_digraph:compute_assembly_digraph_complete:395 - Computing assembly digraph...
2026-07-02 19:52:12.567 | INFO     | pycaalp.time_balancing.model:run_mip:430 - Running MIP solver ...
2026-07-02 19:52:13.829 | INFO     | pycaalp.gapp.assembly_digraph:compute_assembly_digraph_complete:395 - Computing assembly digraph...
2026-07-02 19:52:14.347 | INFO     | pycaalp.time_balancing.model:run_mip:430 - Running MIP solver ...
2026-07-02 19:52:15.485 | INFO     | pycaalp.gapp.assembly_digraph:compute_assembly_digraph_complete:395 - Computing assembly digraph...
2026-07-02 19:52:16.082 | INFO     | pycaalp.time_balancing.model:run_mip:430 - Running MIP solver ...
2026-07-02 19:52:16.847 | INFO     | experiments.edge_reduction.scripts.combination_runs:run_full_edge_reduction_change:98 - Running test with: red_perc=20
2026-07-02 19:52:16.850 | INFO     | pycaalp.gapp.assembly_digraph:compute_assembly_digraph_complete:395 - Computing assembly digraph...
2026-07-02 19:52:17.423 | INFO     | pycaalp.time_balancing.model:run_mip:430 - Running MIP solver ...
2026-07-02 19:52:18.545 | INFO     | pycaalp.gapp.assembly_digraph:compute_assembly_digraph_complete:395 - Computing assembly digraph...
2026-07-02 19:52:19.158 | INFO     | pycaalp.time_balancing.model:run_mip:430 - Running MIP solver ...
2026-07-02 19:52:20.516 | INFO     | pycaalp.gapp.assembly_digraph:compute_assembly_digraph_complete:395 - Computing assembly digraph...
2026-07-02 19:52:21.078 | INFO     | pycaalp.time_balancing.model:run_mip:430 - Running MIP solver ...
2026-07-02 19:52:22.293 | INFO     | pycaalp.gapp.assembly_digraph:compute_assembly_digraph_complete:395 - Computing assembly digraph...
2026-07-02 19:52:22.957 | INFO     | pycaalp.time_balancing.model:run_mip:430 - Running MIP solver ...
2026-07-02 19:52:24.155 | INFO     | pycaalp.gapp.assembly_digraph:compute_assembly_digraph_complete:395 - Computing assembly digraph...
2026-07-02 19:52:24.746 | INFO     | pycaalp.time_balancing.model:run_mip:430 - Running MIP solver ...
2026-07-02 19:52:25.799 | INFO     | experiments.edge_reduction.scripts.combination_runs:run_full_edge_reduction_change:98 - Running test with: red_perc=25
2026-07-02 19:52:25.806 | INFO     | pycaalp.gapp.assembly_digraph:compute_assembly_digraph_complete:395 - Computing assembly digraph...
2026-07-02 19:52:26.547 | INFO     | pycaalp.time_balancing.model:run_mip:430 - Running MIP solver ...
2026-07-02 19:52:27.617 | INFO     | pycaalp.gapp.assembly_digraph:compute_assembly_digraph_complete:395 - Computing assembly digraph...
2026-07-02 19:52:28.258 | INFO     | pycaalp.time_balancing.model:run_mip:430 - Running MIP solver ...
2026-07-02 19:52:29.235 | INFO     | pycaalp.gapp.assembly_digraph:compute_assembly_digraph_complete:395 - Computing assembly digraph...
2026-07-02 19:52:29.932 | INFO     | pycaalp.time_balancing.model:run_mip:430 - Running MIP solver ...
2026-07-02 19:52:31.077 | INFO     | pycaalp.gapp.assembly_digraph:compute_assembly_digraph_complete:395 - Computing assembly digraph...
2026-07-02 19:52:31.749 | INFO     | pycaalp.time_balancing.model:run_mip:430 - Running MIP solver ...
2026-07-02 19:52:32.910 | INFO     | pycaalp.gapp.assembly_digraph:compute_assembly_digraph_complete:395 - Computing assembly digraph...
2026-07-02 19:52:33.572 | INFO     | pycaalp.time_balancing.model:run_mip:430 - Running MIP solver ...
2026-07-02 19:52:34.385 | INFO     | experiments.edge_reduction.scripts.combination_runs:run_full_edge_reduction_change:98 - Running test with: red_perc=30
2026-07-02 19:52:34.389 | INFO     | pycaalp.gapp.assembly_digraph:compute_assembly_digraph_complete:395 - Computing assembly digraph...
2026-07-02 19:52:35.117 | INFO     | pycaalp.time_balancing.model:run_mip:430 - Running MIP solver ...
2026-07-02 19:52:36.141 | INFO     | pycaalp.gapp.assembly_digraph:compute_assembly_digraph_complete:395 - Computing assembly digraph...
2026-07-02 19:52:36.812 | INFO     | pycaalp.time_balancing.model:run_mip:430 - Running MIP solver ...
2026-07-02 19:52:38.108 | INFO     | pycaalp.gapp.assembly_digraph:compute_assembly_digraph_complete:395 - Computing assembly digraph...
2026-07-02 19:52:38.780 | INFO     | pycaalp.time_balancing.model:run_mip:430 - Running MIP solver ...
2026-07-02 19:52:39.985 | INFO     | pycaalp.gapp.assembly_digraph:compute_assembly_digraph_complete:395 - Computing assembly digraph...
2026-07-02 19:52:40.677 | INFO     | pycaalp.time_balancing.model:run_mip:430 - Running MIP solver ...
2026-07-02 19:52:42.011 | INFO     | pycaalp.gapp.assembly_digraph:compute_assembly_digraph_complete:395 - Computing assembly digraph...
2026-07-02 19:52:42.743 | INFO     | pycaalp.time_balancing.model:run_mip:430 - Running MIP solver ...
2026-07-02 19:52:43.598 | INFO     | experiments.edge_reduction.scripts.combination_runs:run_full_edge_reduction_change:98 - Running test with: red_perc=35
2026-07-02 19:52:43.601 | INFO     | pycaalp.gapp.assembly_digraph:compute_assembly_digraph_complete:395 - Computing assembly digraph...
2026-07-02 19:52:44.282 | INFO     | pycaalp.time_balancing.model:run_mip:430 - Running MIP solver ...
2026-07-02 19:52:45.069 | INFO     | pycaalp.gapp.assembly_digraph:compute_assembly_digraph_complete:395 - Computing assembly digraph...
2026-07-02 19:52:45.842 | INFO     | pycaalp.time_balancing.model:run_mip:430 - Running MIP solver ...
2026-07-02 19:52:46.926 | INFO     | pycaalp.gapp.assembly_digraph:compute_assembly_digraph_complete:395 - Computing assembly digraph...
2026-07-02 19:52:47.553 | INFO     | pycaalp.time_balancing.model:run_mip:430 - Running MIP solver ...
2026-07-02 19:52:48.704 | INFO     | pycaalp.gapp.assembly_digraph:compute_assembly_digraph_complete:395 - Computing assembly digraph...
2026-07-02 19:52:49.168 | INFO     | pycaalp.time_balancing.model:run_mip:430 - Running MIP solver ...
2026-07-02 19:52:50.031 | INFO     | pycaalp.gapp.assembly_digraph:compute_assembly_digraph_complete:395 - Computing assembly digraph...
2026-07-02 19:52:50.641 | INFO     | pycaalp.time_balancing.model:run_mip:430 - Running MIP solver ...
2026-07-02 19:52:51.450 | INFO     | experiments.edge_reduction.scripts.combination_runs:run_full_edge_reduction_change:98 - Running test with: red_perc=40
2026-07-02 19:52:51.457 | INFO     | pycaalp.gapp.assembly_digraph:compute_assembly_digraph_complete:395 - Computing assembly digraph...
2026-07-02 19:52:52.051 | INFO     | pycaalp.time_balancing.model:run_mip:430 - Running MIP solver ...
2026-07-02 19:52:52.997 | INFO     | pycaalp.gapp.assembly_digraph:compute_assembly_digraph_complete:395 - Computing assembly digraph...
2026-07-02 19:52:53.544 | INFO     | pycaalp.time_balancing.model:run_mip:430 - Running MIP solver ...
2026-07-02 19:52:54.551 | INFO     | pycaalp.gapp.assembly_digraph:compute_assembly_digraph_complete:395 - Computing assembly digraph...
2026-07-02 19:52:55.180 | INFO     | pycaalp.time_balancing.model:run_mip:430 - Running MIP solver ...
2026-07-02 19:52:56.048 | INFO     | pycaalp.gapp.assembly_digraph:compute_assembly_digraph_complete:395 - Computing assembly digraph...
2026-07-02 19:52:56.656 | INFO     | pycaalp.time_balancing.model:run_mip:430 - Running MIP solver ...
2026-07-02 19:52:57.474 | INFO     | pycaalp.gapp.assembly_digraph:compute_assembly_digraph_complete:395 - Computing assembly digraph...
2026-07-02 19:52:58.064 | INFO     | pycaalp.time_balancing.model:run_mip:430 - Running MIP solver ...
2026-07-02 19:52:59.221 | INFO     | experiments.edge_reduction.scripts.combination_runs:run_full_edge_reduction_change:98 - Running test with: red_perc=45
2026-07-02 19:52:59.229 | INFO     | pycaalp.gapp.assembly_digraph:compute_assembly_digraph_complete:395 - Computing assembly digraph...
2026-07-02 19:52:59.926 | INFO     | pycaalp.time_balancing.model:run_mip:430 - Running MIP solver ...
2026-07-02 19:53:00.816 | INFO     | pycaalp.gapp.assembly_digraph:compute_assembly_digraph_complete:395 - Computing assembly digraph...
2026-07-02 19:53:01.418 | INFO     | pycaalp.time_balancing.model:run_mip:430 - Running MIP solver ...
2026-07-02 19:53:02.200 | INFO     | pycaalp.gapp.assembly_digraph:compute_assembly_digraph_complete:395 - Computing assembly digraph...
2026-07-02 19:53:02.815 | INFO     | pycaalp.time_balancing.model:run_mip:430 - Running MIP solver ...
2026-07-02 19:53:03.514 | INFO     | pycaalp.gapp.assembly_digraph:compute_assembly_digraph_complete:395 - Computing assembly digraph...
2026-07-02 19:53:04.494 | INFO     | pycaalp.time_balancing.model:run_mip:430 - Running MIP solver ...
2026-07-02 19:53:05.139 | INFO     | pycaalp.gapp.assembly_digraph:compute_assembly_digraph_complete:395 - Computing assembly digraph...
2026-07-02 19:53:05.662 | INFO     | pycaalp.time_balancing.model:run_mip:430 - Running MIP solver ...
2026-07-02 19:53:06.146 | INFO     | experiments.edge_reduction.scripts.combination_runs:run_full_edge_reduction_change:98 - Running test with: red_perc=50
2026-07-02 19:53:06.150 | INFO     | pycaalp.gapp.assembly_digraph:compute_assembly_digraph_complete:395 - Computing assembly digraph...
2026-07-02 19:53:06.698 | INFO     | pycaalp.time_balancing.model:run_mip:430 - Running MIP solver ...
2026-07-02 19:53:07.654 | INFO     | pycaalp.gapp.assembly_digraph:compute_assembly_digraph_complete:395 - Computing assembly digraph...
2026-07-02 19:53:08.214 | INFO     | pycaalp.time_balancing.model:run_mip:430 - Running MIP solver ...
2026-07-02 19:53:08.719 | INFO     | pycaalp.gapp.assembly_digraph:compute_assembly_digraph_complete:395 - Computing assembly digraph...
2026-07-02 19:53:09.340 | INFO     | pycaalp.time_balancing.model:run_mip:430 - Running MIP solver ...
2026-07-02 19:53:09.938 | INFO     | pycaalp.gapp.assembly_digraph:compute_assembly_digraph_complete:395 - Computing assembly digraph...
2026-07-02 19:53:10.522 | INFO     | pycaalp.time_balancing.model:run_mip:430 - Running MIP solver ...
2026-07-02 19:53:11.135 | INFO     | pycaalp.gapp.assembly_digraph:compute_assembly_digraph_complete:395 - Computing assembly digraph...
2026-07-02 19:53:11.743 | INFO     | pycaalp.time_balancing.model:run_mip:430 - Running MIP solver ...
2026-07-02 19:53:12.170 | INFO     | experiments.edge_reduction.scripts.combination_runs:run_full_edge_reduction_change:98 - Running test with: red_perc=55
2026-07-02 19:53:12.177 | INFO     | pycaalp.gapp.assembly_digraph:compute_assembly_digraph_complete:395 - Computing assembly digraph...
2026-07-02 19:53:12.697 | INFO     | pycaalp.time_balancing.model:run_mip:430 - Running MIP solver ...
2026-07-02 19:53:13.376 | INFO     | pycaalp.gapp.assembly_digraph:compute_assembly_digraph_complete:395 - Computing assembly digraph...
2026-07-02 19:53:14.000 | INFO     | pycaalp.time_balancing.model:run_mip:430 - Running MIP solver ...
2026-07-02 19:53:14.330 | INFO     | pycaalp.gapp.assembly_digraph:compute_assembly_digraph_complete:395 - Computing assembly digraph...
2026-07-02 19:53:14.854 | INFO     | pycaalp.time_balancing.model:run_mip:430 - Running MIP solver ...
2026-07-02 19:53:15.484 | INFO     | pycaalp.gapp.assembly_digraph:compute_assembly_digraph_complete:395 - Computing assembly digraph...
2026-07-02 19:53:16.022 | INFO     | pycaalp.time_balancing.model:run_mip:430 - Running MIP solver ...
2026-07-02 19:53:16.289 | INFO     | pycaalp.gapp.assembly_digraph:compute_assembly_digraph_complete:395 - Computing assembly digraph...
2026-07-02 19:53:16.884 | INFO     | pycaalp.time_balancing.model:run_mip:430 - Running MIP solver ...
2026-07-02 19:53:17.459 | INFO     | experiments.edge_reduction.scripts.combination_runs:run_full_edge_reduction_change:98 - Running test with: red_perc=60
2026-07-02 19:53:17.462 | INFO     | pycaalp.gapp.assembly_digraph:compute_assembly_digraph_complete:395 - Computing assembly digraph...
2026-07-02 19:53:18.067 | INFO     | pycaalp.time_balancing.model:run_mip:430 - Running MIP solver ...
2026-07-02 19:53:18.461 | INFO     | pycaalp.gapp.assembly_digraph:compute_assembly_digraph_complete:395 - Computing assembly digraph...
2026-07-02 19:53:19.149 | INFO     | pycaalp.time_balancing.model:run_mip:430 - Running MIP solver ...
2026-07-02 19:53:19.460 | INFO     | pycaalp.gapp.assembly_digraph:compute_assembly_digraph_complete:395 - Computing assembly digraph...
2026-07-02 19:53:20.154 | INFO     | pycaalp.time_balancing.model:run_mip:430 - Running MIP solver ...
2026-07-02 19:53:20.845 | INFO     | pycaalp.gapp.assembly_digraph:compute_assembly_digraph_complete:395 - Computing assembly digraph...
2026-07-02 19:53:21.468 | INFO     | pycaalp.time_balancing.model:run_mip:430 - Running MIP solver ...
2026-07-02 19:53:22.256 | INFO     | pycaalp.gapp.assembly_digraph:compute_assembly_digraph_complete:395 - Computing assembly digraph...
2026-07-02 19:53:22.788 | INFO     | pycaalp.time_balancing.model:run_mip:430 - Running MIP solver ...
2026-07-02 19:53:23.481 | INFO     | experiments.edge_reduction.scripts.combination_runs:run_full_edge_reduction_change:98 - Running test with: red_perc=65
2026-07-02 19:53:23.485 | INFO     | pycaalp.gapp.assembly_digraph:compute_assembly_digraph_complete:395 - Computing assembly digraph...
2026-07-02 19:53:24.076 | INFO     | pycaalp.time_balancing.model:run_mip:430 - Running MIP solver ...
2026-07-02 19:53:24.392 | INFO     | pycaalp.gapp.assembly_digraph:compute_assembly_digraph_complete:395 - Computing assembly digraph...
2026-07-02 19:53:24.935 | INFO     | pycaalp.time_balancing.model:run_mip:430 - Running MIP solver ...
2026-07-02 19:53:25.136 | INFO     | pycaalp.gapp.assembly_digraph:compute_assembly_digraph_complete:395 - Computing assembly digraph...
2026-07-02 19:53:25.632 | INFO     | pycaalp.time_balancing.model:run_mip:430 - Running MIP solver ...
2026-07-02 19:53:26.184 | INFO     | pycaalp.gapp.assembly_digraph:compute_assembly_digraph_complete:395 - Computing assembly digraph...
2026-07-02 19:53:26.712 | INFO     | pycaalp.time_balancing.model:run_mip:430 - Running MIP solver ...
2026-07-02 19:53:27.291 | INFO     | pycaalp.gapp.assembly_digraph:compute_assembly_digraph_complete:395 - Computing assembly digraph...
2026-07-02 19:53:27.943 | INFO     | pycaalp.time_balancing.model:run_mip:430 - Running MIP solver ...
2026-07-02 19:53:28.596 | INFO     | experiments.edge_reduction.scripts.combination_runs:run_full_edge_reduction_change:98 - Running test with: red_perc=70
2026-07-02 19:53:28.601 | INFO     | pycaalp.gapp.assembly_digraph:compute_assembly_digraph_complete:395 - Computing assembly digraph...
2026-07-02 19:53:29.411 | INFO     | pycaalp.time_balancing.model:run_mip:430 - Running MIP solver ...
2026-07-02 19:53:29.697 | INFO     | pycaalp.gapp.assembly_digraph:compute_assembly_digraph_complete:395 - Computing assembly digraph...
2026-07-02 19:53:30.321 | INFO     | pycaalp.time_balancing.model:run_mip:430 - Running MIP solver ...
2026-07-02 19:53:30.664 | INFO     | pycaalp.gapp.assembly_digraph:compute_assembly_digraph_complete:395 - Computing assembly digraph...
2026-07-02 19:53:31.352 | INFO     | pycaalp.time_balancing.model:run_mip:430 - Running MIP solver ...
2026-07-02 19:53:31.939 | INFO     | pycaalp.gapp.assembly_digraph:compute_assembly_digraph_complete:395 - Computing assembly digraph...
2026-07-02 19:53:32.605 | INFO     | pycaalp.time_balancing.model:run_mip:430 - Running MIP solver ...
2026-07-02 19:53:33.330 | INFO     | pycaalp.gapp.assembly_digraph:compute_assembly_digraph_complete:395 - Computing assembly digraph...
2026-07-02 19:53:33.913 | INFO     | pycaalp.time_balancing.model:run_mip:430 - Running MIP solver ...
2026-07-02 19:53:34.602 | INFO     | __main__:<module>:240 - Running plot_total_time
{0: (np.float64(0.849891), np.float64(0.834751262299677), np.float64(1102.04), np.float64(0.0), np.float64(0.0), np.float64(0.0), np.float64(1.1137674889760092), np.float64(0.0), np.float64(0.2325642229989171), np.float64(0.0)), 5: (np.float64(1.0837054), np.float64(0.8347512622996778), np.float64(1102.04), np.float64(0.13684615733677), np.float64(0.0), np.float64(0.0), np.float64(1.6625999436248093), np.float64(0.1322365998408054), np.float64(0.5501665004296228), np.float64(0.012556575038347976)), 10: (np.float64(1.1544767999999999), np.float64(0.8347512622996778), np.float64(1102.04), np.float64(0.050261411561554906), np.float64(4.965068306494546e-17), np.float64(0.0), np.float64(1.74065343758557), np.float64(0.02474104369960368), np.float64(0.5603072650032118), np.float64(0.03948172808190985)), 15: (np.float64(1.1036622), np.float64(0.8347512622996778), np.float64(1102.04), np.float64(0.33703444454737863), np.float64(0.0), np.float64(0.0), np.float64(1.6633819656213746), np.float64(0.34186510785896335), np.float64(0.5246783970156684), np.float64(0.05776199861567331)), 20: (np.float64(1.1548748), np.float64(0.8347512622996778), np.float64(1102.04), np.float64(0.10234444462773734), np.float64(0.0), np.float64(0.0), np.float64(1.7860852369805797), np.float64(0.11806167205469938), np.float64(0.6060863179853186), np.float64(0.037825040469229916)), 25: (np.float64(0.9933945999999999), np.float64(0.8347512622996778), np.float64(1102.04), np.float64(0.11773532931894319), np.float64(4.965068306494546e-17), np.float64(0.0), np.float64(1.7146024797810242), np.float64(0.1442138313016211), np.float64(0.6874222739832476), np.float64(0.03511993855221275)), 30: (np.float64(1.105788), np.float64(0.8347512622996778), np.float64(1102.04), np.float64(0.1719649872119322), np.float64(4.965068306494546e-17), np.float64(0.0), np.float64(1.8388558059930802), np.float64(0.15634287495479038), np.float64(0.703392619616352), np.float64(0.026115685444064222)), 35: (np.float64(0.902383), np.float64(0.8347512622996778), np.float64(1102.04), np.float64(0.14368649382179244), np.float64(9.930136612989092e-17), np.float64(0.0), np.float64(1.567201696196571), np.float64(0.20828437700032884), np.float64(0.6353510883869603), np.float64(0.1007087559679445)), 40: (np.float64(0.9201823999999998), np.float64(0.8347512622996778), np.float64(1102.04), np.float64(0.11347799841837183), np.float64(0.0), np.float64(0.0), np.float64(1.5515161210205406), np.float64(0.10730872552426017), np.float64(0.5981589438393712), np.float64(0.02730085111461493)), 45: (np.float64(0.6600010000000001), np.float64(0.8347512622996778), np.float64(1102.04), np.float64(0.14021013526418125), np.float64(0.0), np.float64(0.0), np.float64(1.382128502591513), np.float64(0.22074408164369902), np.float64(0.6880062458105385), np.float64(0.1583396545842547)), 50: (np.float64(0.5886009999999999), np.float64(0.8347512622996778), np.float64(1102.04), np.float64(0.17050067906375035), np.float64(4.965068306494546e-17), np.float64(0.0), np.float64(1.2022439712425694), np.float64(0.1640343407738596), np.float64(0.5890910722315311), np.float64(0.02740616338090307)), 55: (np.float64(0.46661279999999994), np.float64(0.8347512622996778), np.float64(1102.04), np.float64(0.16566256648790637), np.float64(4.965068306494546e-17), np.float64(0.0), np.float64(1.0556561695411801), np.float64(0.15217365821289539), np.float64(0.5655044710030779), np.float64(0.0424014499824863)), 60: (np.float64(0.5525032), np.float64(0.8347512622996778), np.float64(1102.04), np.float64(0.18715268172313215), np.float64(0.0), np.float64(0.0), np.float64(1.2025865874020383), np.float64(0.18072451905260864), np.float64(0.6336440443992615), np.float64(0.06092617245217493)), 65: (np.float64(0.439773), np.float64(0.8347512622996778), np.float64(1102.04), np.float64(0.17064428085582006), np.float64(7.021666937153402e-17), np.float64(0.0), np.float64(1.0211886155884713), np.float64(0.19153508162895455), np.float64(0.5671255992027), np.float64(0.05453371899981878)), 70: (np.float64(0.5059614), np.float64(0.8347512622996778), np.float64(1102.04), np.float64(0.17933768554612273), np.float64(7.021666937153402e-17), np.float64(0.0), np.float64(1.198710280377418), np.float64(0.14957575141429938), np.float64(0.6786254599923268), np.float64(0.07682745641563422))}
Saved MIP solve time plot in experiments/edge_reduction/sweeps/assembly_1_np_2/lambda_0.1/plots/MIP_solve_time_num_phases_2.svg
2026-07-02 19:53:34.820 | INFO     | __main__:<module>:250 - Running plot_speedup_vs_max_length_lost
Saved speedup_vs_weld_len_degr plot in experiments/edge_reduction/sweeps/assembly_1_np_2/lambda_0.1/plots/speedup_vs_weld_len_degr_num_phases_2.svg
2026-07-02 19:53:35.019 | INFO     | __main__:<module>:253 - Running plot_average_max_time
Saved Max welding length [mm] plot in experiments/edge_reduction/sweeps/assembly_1_np_2/lambda_0.1/plots/Max_welding_length_[mm]_num_phases_2.svg

----------------- λ = 0.2 -----------------
2026-07-02 19:51:50.352 | INFO     | __main__:<module>:193 - Running /home/md/Work/PyCAALP/experiments/edge_reduction/run.py
2026-07-02 19:51:50.352 | INFO     | __main__:<module>:194 - ASSEMBLY_FNAME='data/assembly_1/assembly_1_parts.json'
2026-07-02 19:51:50.352 | INFO     | __main__:<module>:197 - NUM_PHASES=2
2026-07-02 19:51:50.352 | INFO     | __main__:<module>:198 - RES_FNAME='experiments/edge_reduction/sweeps/assembly_1_np_2/lambda_0.2/res.pkl'
2026-07-02 19:51:50.352 | INFO     | experiments.edge_reduction.scripts.combination_runs:run_full_edge_reduction_change:98 - Running test with: red_perc=0
2026-07-02 19:51:50.356 | INFO     | pycaalp.gapp.assembly_digraph:compute_assembly_digraph_complete:395 - Computing assembly digraph...
2026-07-02 19:51:50.594 | INFO     | pycaalp.time_balancing.model:run_mip:430 - Running MIP solver ...
2026-07-02 19:51:52.494 | INFO     | experiments.edge_reduction.scripts.combination_runs:run_full_edge_reduction_change:98 - Running test with: red_perc=5
2026-07-02 19:51:52.497 | INFO     | pycaalp.gapp.assembly_digraph:compute_assembly_digraph_complete:395 - Computing assembly digraph...
2026-07-02 19:51:53.063 | INFO     | pycaalp.time_balancing.model:run_mip:430 - Running MIP solver ...
2026-07-02 19:51:54.948 | INFO     | pycaalp.gapp.assembly_digraph:compute_assembly_digraph_complete:395 - Computing assembly digraph...
2026-07-02 19:51:55.516 | INFO     | pycaalp.time_balancing.model:run_mip:430 - Running MIP solver ...
2026-07-02 19:51:57.716 | INFO     | pycaalp.gapp.assembly_digraph:compute_assembly_digraph_complete:395 - Computing assembly digraph...
2026-07-02 19:51:58.280 | INFO     | pycaalp.time_balancing.model:run_mip:430 - Running MIP solver ...
2026-07-02 19:51:59.268 | INFO     | pycaalp.gapp.assembly_digraph:compute_assembly_digraph_complete:395 - Computing assembly digraph...
2026-07-02 19:51:59.776 | INFO     | pycaalp.time_balancing.model:run_mip:430 - Running MIP solver ...
2026-07-02 19:52:00.893 | INFO     | pycaalp.gapp.assembly_digraph:compute_assembly_digraph_complete:395 - Computing assembly digraph...
2026-07-02 19:52:01.355 | INFO     | pycaalp.time_balancing.model:run_mip:430 - Running MIP solver ...
2026-07-02 19:52:02.940 | INFO     | experiments.edge_reduction.scripts.combination_runs:run_full_edge_reduction_change:98 - Running test with: red_perc=10
2026-07-02 19:52:02.944 | INFO     | pycaalp.gapp.assembly_digraph:compute_assembly_digraph_complete:395 - Computing assembly digraph...
2026-07-02 19:52:03.497 | INFO     | pycaalp.time_balancing.model:run_mip:430 - Running MIP solver ...
2026-07-02 19:52:04.967 | INFO     | pycaalp.gapp.assembly_digraph:compute_assembly_digraph_complete:395 - Computing assembly digraph...
2026-07-02 19:52:05.497 | INFO     | pycaalp.time_balancing.model:run_mip:430 - Running MIP solver ...
2026-07-02 19:52:06.831 | INFO     | pycaalp.gapp.assembly_digraph:compute_assembly_digraph_complete:395 - Computing assembly digraph...
2026-07-02 19:52:07.386 | INFO     | pycaalp.time_balancing.model:run_mip:430 - Running MIP solver ...
2026-07-02 19:52:08.939 | INFO     | pycaalp.gapp.assembly_digraph:compute_assembly_digraph_complete:395 - Computing assembly digraph...
2026-07-02 19:52:09.488 | INFO     | pycaalp.time_balancing.model:run_mip:430 - Running MIP solver ...
2026-07-02 19:52:11.060 | INFO     | pycaalp.gapp.assembly_digraph:compute_assembly_digraph_complete:395 - Computing assembly digraph...
2026-07-02 19:52:11.621 | INFO     | pycaalp.time_balancing.model:run_mip:430 - Running MIP solver ...
2026-07-02 19:52:13.534 | INFO     | experiments.edge_reduction.scripts.combination_runs:run_full_edge_reduction_change:98 - Running test with: red_perc=15
2026-07-02 19:52:13.541 | INFO     | pycaalp.gapp.assembly_digraph:compute_assembly_digraph_complete:395 - Computing assembly digraph...
2026-07-02 19:52:14.115 | INFO     | pycaalp.time_balancing.model:run_mip:430 - Running MIP solver ...
2026-07-02 19:52:15.660 | INFO     | pycaalp.gapp.assembly_digraph:compute_assembly_digraph_complete:395 - Computing assembly digraph...
2026-07-02 19:52:16.190 | INFO     | pycaalp.time_balancing.model:run_mip:430 - Running MIP solver ...
2026-07-02 19:52:17.839 | INFO     | pycaalp.gapp.assembly_digraph:compute_assembly_digraph_complete:395 - Computing assembly digraph...
2026-07-02 19:52:18.380 | INFO     | pycaalp.time_balancing.model:run_mip:430 - Running MIP solver ...
2026-07-02 19:52:20.022 | INFO     | pycaalp.gapp.assembly_digraph:compute_assembly_digraph_complete:395 - Computing assembly digraph...
2026-07-02 19:52:20.575 | INFO     | pycaalp.time_balancing.model:run_mip:430 - Running MIP solver ...
2026-07-02 19:52:23.134 | INFO     | pycaalp.gapp.assembly_digraph:compute_assembly_digraph_complete:395 - Computing assembly digraph...
2026-07-02 19:52:23.870 | INFO     | pycaalp.time_balancing.model:run_mip:430 - Running MIP solver ...
2026-07-02 19:52:25.810 | INFO     | experiments.edge_reduction.scripts.combination_runs:run_full_edge_reduction_change:98 - Running test with: red_perc=20
2026-07-02 19:52:25.814 | INFO     | pycaalp.gapp.assembly_digraph:compute_assembly_digraph_complete:395 - Computing assembly digraph...
2026-07-02 19:52:26.567 | INFO     | pycaalp.time_balancing.model:run_mip:430 - Running MIP solver ...
2026-07-02 19:52:27.941 | INFO     | pycaalp.gapp.assembly_digraph:compute_assembly_digraph_complete:395 - Computing assembly digraph...
2026-07-02 19:52:28.637 | INFO     | pycaalp.time_balancing.model:run_mip:430 - Running MIP solver ...
2026-07-02 19:52:29.503 | INFO     | pycaalp.gapp.assembly_digraph:compute_assembly_digraph_complete:395 - Computing assembly digraph...
2026-07-02 19:52:30.246 | INFO     | pycaalp.time_balancing.model:run_mip:430 - Running MIP solver ...
2026-07-02 19:52:31.500 | INFO     | pycaalp.gapp.assembly_digraph:compute_assembly_digraph_complete:395 - Computing assembly digraph...
2026-07-02 19:52:32.343 | INFO     | pycaalp.time_balancing.model:run_mip:430 - Running MIP solver ...
2026-07-02 19:52:34.644 | INFO     | pycaalp.gapp.assembly_digraph:compute_assembly_digraph_complete:395 - Computing assembly digraph...
2026-07-02 19:52:35.226 | INFO     | pycaalp.time_balancing.model:run_mip:430 - Running MIP solver ...
2026-07-02 19:52:36.763 | INFO     | experiments.edge_reduction.scripts.combination_runs:run_full_edge_reduction_change:98 - Running test with: red_perc=25
2026-07-02 19:52:36.770 | INFO     | pycaalp.gapp.assembly_digraph:compute_assembly_digraph_complete:395 - Computing assembly digraph...
2026-07-02 19:52:37.628 | INFO     | pycaalp.time_balancing.model:run_mip:430 - Running MIP solver ...
2026-07-02 19:52:39.186 | INFO     | pycaalp.gapp.assembly_digraph:compute_assembly_digraph_complete:395 - Computing assembly digraph...
2026-07-02 19:52:39.858 | INFO     | pycaalp.time_balancing.model:run_mip:430 - Running MIP solver ...
2026-07-02 19:52:42.730 | INFO     | pycaalp.gapp.assembly_digraph:compute_assembly_digraph_complete:395 - Computing assembly digraph...
2026-07-02 19:52:43.366 | INFO     | pycaalp.time_balancing.model:run_mip:430 - Running MIP solver ...
2026-07-02 19:52:44.608 | INFO     | pycaalp.gapp.assembly_digraph:compute_assembly_digraph_complete:395 - Computing assembly digraph...
2026-07-02 19:52:45.312 | INFO     | pycaalp.time_balancing.model:run_mip:430 - Running MIP solver ...
2026-07-02 19:52:46.325 | INFO     | pycaalp.gapp.assembly_digraph:compute_assembly_digraph_complete:395 - Computing assembly digraph...
2026-07-02 19:52:46.938 | INFO     | pycaalp.time_balancing.model:run_mip:430 - Running MIP solver ...
2026-07-02 19:52:48.103 | INFO     | experiments.edge_reduction.scripts.combination_runs:run_full_edge_reduction_change:98 - Running test with: red_perc=30
2026-07-02 19:52:48.110 | INFO     | pycaalp.gapp.assembly_digraph:compute_assembly_digraph_complete:395 - Computing assembly digraph...
2026-07-02 19:52:48.667 | INFO     | pycaalp.time_balancing.model:run_mip:430 - Running MIP solver ...
2026-07-02 19:52:50.314 | INFO     | pycaalp.gapp.assembly_digraph:compute_assembly_digraph_complete:395 - Computing assembly digraph...
2026-07-02 19:52:50.878 | INFO     | pycaalp.time_balancing.model:run_mip:430 - Running MIP solver ...
2026-07-02 19:52:51.914 | INFO     | pycaalp.gapp.assembly_digraph:compute_assembly_digraph_complete:395 - Computing assembly digraph...
2026-07-02 19:52:52.551 | INFO     | pycaalp.time_balancing.model:run_mip:430 - Running MIP solver ...
2026-07-02 19:52:53.747 | INFO     | pycaalp.gapp.assembly_digraph:compute_assembly_digraph_complete:395 - Computing assembly digraph...
2026-07-02 19:52:54.347 | INFO     | pycaalp.time_balancing.model:run_mip:430 - Running MIP solver ...
2026-07-02 19:52:55.239 | INFO     | pycaalp.gapp.assembly_digraph:compute_assembly_digraph_complete:395 - Computing assembly digraph...
2026-07-02 19:52:55.756 | INFO     | pycaalp.time_balancing.model:run_mip:430 - Running MIP solver ...
2026-07-02 19:52:56.790 | INFO     | experiments.edge_reduction.scripts.combination_runs:run_full_edge_reduction_change:98 - Running test with: red_perc=35
2026-07-02 19:52:56.794 | INFO     | pycaalp.gapp.assembly_digraph:compute_assembly_digraph_complete:395 - Computing assembly digraph...
2026-07-02 19:52:57.371 | INFO     | pycaalp.time_balancing.model:run_mip:430 - Running MIP solver ...
2026-07-02 19:52:58.969 | INFO     | pycaalp.gapp.assembly_digraph:compute_assembly_digraph_complete:395 - Computing assembly digraph...
2026-07-02 19:52:59.473 | INFO     | pycaalp.time_balancing.model:run_mip:430 - Running MIP solver ...
2026-07-02 19:53:00.325 | INFO     | pycaalp.gapp.assembly_digraph:compute_assembly_digraph_complete:395 - Computing assembly digraph...
2026-07-02 19:53:00.865 | INFO     | pycaalp.time_balancing.model:run_mip:430 - Running MIP solver ...
2026-07-02 19:53:01.893 | INFO     | pycaalp.gapp.assembly_digraph:compute_assembly_digraph_complete:395 - Computing assembly digraph...
2026-07-02 19:53:02.451 | INFO     | pycaalp.time_balancing.model:run_mip:430 - Running MIP solver ...
2026-07-02 19:53:04.112 | INFO     | pycaalp.gapp.assembly_digraph:compute_assembly_digraph_complete:395 - Computing assembly digraph...
2026-07-02 19:53:04.785 | INFO     | pycaalp.time_balancing.model:run_mip:430 - Running MIP solver ...
2026-07-02 19:53:05.691 | INFO     | experiments.edge_reduction.scripts.combination_runs:run_full_edge_reduction_change:98 - Running test with: red_perc=40
2026-07-02 19:53:05.697 | INFO     | pycaalp.gapp.assembly_digraph:compute_assembly_digraph_complete:395 - Computing assembly digraph...
2026-07-02 19:53:06.256 | INFO     | pycaalp.time_balancing.model:run_mip:430 - Running MIP solver ...
2026-07-02 19:53:07.329 | INFO     | pycaalp.gapp.assembly_digraph:compute_assembly_digraph_complete:395 - Computing assembly digraph...
2026-07-02 19:53:07.822 | INFO     | pycaalp.time_balancing.model:run_mip:430 - Running MIP solver ...
2026-07-02 19:53:08.900 | INFO     | pycaalp.gapp.assembly_digraph:compute_assembly_digraph_complete:395 - Computing assembly digraph...
2026-07-02 19:53:09.430 | INFO     | pycaalp.time_balancing.model:run_mip:430 - Running MIP solver ...
2026-07-02 19:53:10.316 | INFO     | pycaalp.gapp.assembly_digraph:compute_assembly_digraph_complete:395 - Computing assembly digraph...
2026-07-02 19:53:10.811 | INFO     | pycaalp.time_balancing.model:run_mip:430 - Running MIP solver ...
2026-07-02 19:53:11.650 | INFO     | pycaalp.gapp.assembly_digraph:compute_assembly_digraph_complete:395 - Computing assembly digraph...
2026-07-02 19:53:12.198 | INFO     | pycaalp.time_balancing.model:run_mip:430 - Running MIP solver ...
2026-07-02 19:53:13.165 | INFO     | experiments.edge_reduction.scripts.combination_runs:run_full_edge_reduction_change:98 - Running test with: red_perc=45
2026-07-02 19:53:13.172 | INFO     | pycaalp.gapp.assembly_digraph:compute_assembly_digraph_complete:395 - Computing assembly digraph...
2026-07-02 19:53:13.664 | INFO     | pycaalp.time_balancing.model:run_mip:430 - Running MIP solver ...
2026-07-02 19:53:14.715 | INFO     | pycaalp.gapp.assembly_digraph:compute_assembly_digraph_complete:395 - Computing assembly digraph...
2026-07-02 19:53:15.312 | INFO     | pycaalp.time_balancing.model:run_mip:430 - Running MIP solver ...
2026-07-02 19:53:16.274 | INFO     | pycaalp.gapp.assembly_digraph:compute_assembly_digraph_complete:395 - Computing assembly digraph...
2026-07-02 19:53:16.901 | INFO     | pycaalp.time_balancing.model:run_mip:430 - Running MIP solver ...
2026-07-02 19:53:17.978 | INFO     | pycaalp.gapp.assembly_digraph:compute_assembly_digraph_complete:395 - Computing assembly digraph...
2026-07-02 19:53:18.538 | INFO     | pycaalp.time_balancing.model:run_mip:430 - Running MIP solver ...
2026-07-02 19:53:20.096 | INFO     | pycaalp.gapp.assembly_digraph:compute_assembly_digraph_complete:395 - Computing assembly digraph...
2026-07-02 19:53:20.679 | INFO     | pycaalp.time_balancing.model:run_mip:430 - Running MIP solver ...
2026-07-02 19:53:21.901 | INFO     | experiments.edge_reduction.scripts.combination_runs:run_full_edge_reduction_change:98 - Running test with: red_perc=50
2026-07-02 19:53:21.905 | INFO     | pycaalp.gapp.assembly_digraph:compute_assembly_digraph_complete:395 - Computing assembly digraph...
2026-07-02 19:53:22.500 | INFO     | pycaalp.time_balancing.model:run_mip:430 - Running MIP solver ...
2026-07-02 19:53:23.231 | INFO     | pycaalp.gapp.assembly_digraph:compute_assembly_digraph_complete:395 - Computing assembly digraph...
2026-07-02 19:53:23.847 | INFO     | pycaalp.time_balancing.model:run_mip:430 - Running MIP solver ...
2026-07-02 19:53:24.575 | INFO     | pycaalp.gapp.assembly_digraph:compute_assembly_digraph_complete:395 - Computing assembly digraph...
2026-07-02 19:53:25.134 | INFO     | pycaalp.time_balancing.model:run_mip:430 - Running MIP solver ...
2026-07-02 19:53:26.200 | INFO     | pycaalp.gapp.assembly_digraph:compute_assembly_digraph_complete:395 - Computing assembly digraph...
2026-07-02 19:53:26.799 | INFO     | pycaalp.time_balancing.model:run_mip:430 - Running MIP solver ...
2026-07-02 19:53:27.757 | INFO     | pycaalp.gapp.assembly_digraph:compute_assembly_digraph_complete:395 - Computing assembly digraph...
2026-07-02 19:53:28.387 | INFO     | pycaalp.time_balancing.model:run_mip:430 - Running MIP solver ...
2026-07-02 19:53:29.477 | INFO     | experiments.edge_reduction.scripts.combination_runs:run_full_edge_reduction_change:98 - Running test with: red_perc=55
2026-07-02 19:53:29.481 | INFO     | pycaalp.gapp.assembly_digraph:compute_assembly_digraph_complete:395 - Computing assembly digraph...
2026-07-02 19:53:30.053 | INFO     | pycaalp.time_balancing.model:run_mip:430 - Running MIP solver ...
2026-07-02 19:53:30.790 | INFO     | pycaalp.gapp.assembly_digraph:compute_assembly_digraph_complete:395 - Computing assembly digraph...
2026-07-02 19:53:31.421 | INFO     | pycaalp.time_balancing.model:run_mip:430 - Running MIP solver ...
2026-07-02 19:53:32.322 | INFO     | pycaalp.gapp.assembly_digraph:compute_assembly_digraph_complete:395 - Computing assembly digraph...
2026-07-02 19:53:32.946 | INFO     | pycaalp.time_balancing.model:run_mip:430 - Running MIP solver ...
2026-07-02 19:53:33.677 | INFO     | pycaalp.gapp.assembly_digraph:compute_assembly_digraph_complete:395 - Computing assembly digraph...
2026-07-02 19:53:34.191 | INFO     | pycaalp.time_balancing.model:run_mip:430 - Running MIP solver ...
2026-07-02 19:53:34.842 | INFO     | pycaalp.gapp.assembly_digraph:compute_assembly_digraph_complete:395 - Computing assembly digraph...
2026-07-02 19:53:35.433 | INFO     | pycaalp.time_balancing.model:run_mip:430 - Running MIP solver ...
2026-07-02 19:53:36.308 | INFO     | experiments.edge_reduction.scripts.combination_runs:run_full_edge_reduction_change:98 - Running test with: red_perc=60
2026-07-02 19:53:36.311 | INFO     | pycaalp.gapp.assembly_digraph:compute_assembly_digraph_complete:395 - Computing assembly digraph...
2026-07-02 19:53:36.794 | INFO     | pycaalp.time_balancing.model:run_mip:430 - Running MIP solver ...
2026-07-02 19:53:37.400 | INFO     | pycaalp.gapp.assembly_digraph:compute_assembly_digraph_complete:395 - Computing assembly digraph...
2026-07-02 19:53:37.861 | INFO     | pycaalp.time_balancing.model:run_mip:430 - Running MIP solver ...
2026-07-02 19:53:38.635 | INFO     | pycaalp.gapp.assembly_digraph:compute_assembly_digraph_complete:395 - Computing assembly digraph...
2026-07-02 19:53:39.141 | INFO     | pycaalp.time_balancing.model:run_mip:430 - Running MIP solver ...
2026-07-02 19:53:39.681 | INFO     | pycaalp.gapp.assembly_digraph:compute_assembly_digraph_complete:395 - Computing assembly digraph...
2026-07-02 19:53:40.240 | INFO     | pycaalp.time_balancing.model:run_mip:430 - Running MIP solver ...
2026-07-02 19:53:40.942 | INFO     | pycaalp.gapp.assembly_digraph:compute_assembly_digraph_complete:395 - Computing assembly digraph...
2026-07-02 19:53:41.402 | INFO     | pycaalp.time_balancing.model:run_mip:430 - Running MIP solver ...
2026-07-02 19:53:42.187 | INFO     | experiments.edge_reduction.scripts.combination_runs:run_full_edge_reduction_change:98 - Running test with: red_perc=65
2026-07-02 19:53:42.191 | INFO     | pycaalp.gapp.assembly_digraph:compute_assembly_digraph_complete:395 - Computing assembly digraph...
2026-07-02 19:53:42.702 | INFO     | pycaalp.time_balancing.model:run_mip:430 - Running MIP solver ...
2026-07-02 19:53:43.089 | INFO     | pycaalp.gapp.assembly_digraph:compute_assembly_digraph_complete:395 - Computing assembly digraph...
2026-07-02 19:53:43.571 | INFO     | pycaalp.time_balancing.model:run_mip:430 - Running MIP solver ...
2026-07-02 19:53:44.432 | INFO     | pycaalp.gapp.assembly_digraph:compute_assembly_digraph_complete:395 - Computing assembly digraph...
2026-07-02 19:53:45.027 | INFO     | pycaalp.time_balancing.model:run_mip:430 - Running MIP solver ...
2026-07-02 19:53:45.549 | INFO     | pycaalp.gapp.assembly_digraph:compute_assembly_digraph_complete:395 - Computing assembly digraph...
2026-07-02 19:53:46.013 | INFO     | pycaalp.time_balancing.model:run_mip:430 - Running MIP solver ...
2026-07-02 19:53:46.820 | INFO     | pycaalp.gapp.assembly_digraph:compute_assembly_digraph_complete:395 - Computing assembly digraph...
2026-07-02 19:53:47.292 | INFO     | pycaalp.time_balancing.model:run_mip:430 - Running MIP solver ...
2026-07-02 19:53:48.219 | INFO     | experiments.edge_reduction.scripts.combination_runs:run_full_edge_reduction_change:98 - Running test with: red_perc=70
2026-07-02 19:53:48.223 | INFO     | pycaalp.gapp.assembly_digraph:compute_assembly_digraph_complete:395 - Computing assembly digraph...
2026-07-02 19:53:48.710 | INFO     | pycaalp.time_balancing.model:run_mip:430 - Running MIP solver ...
2026-07-02 19:53:49.146 | INFO     | pycaalp.gapp.assembly_digraph:compute_assembly_digraph_complete:395 - Computing assembly digraph...
2026-07-02 19:53:49.639 | INFO     | pycaalp.time_balancing.model:run_mip:430 - Running MIP solver ...
2026-07-02 19:53:50.407 | INFO     | pycaalp.gapp.assembly_digraph:compute_assembly_digraph_complete:395 - Computing assembly digraph...
2026-07-02 19:53:50.882 | INFO     | pycaalp.time_balancing.model:run_mip:430 - Running MIP solver ...
2026-07-02 19:53:51.469 | INFO     | pycaalp.gapp.assembly_digraph:compute_assembly_digraph_complete:395 - Computing assembly digraph...
2026-07-02 19:53:51.934 | INFO     | pycaalp.time_balancing.model:run_mip:430 - Running MIP solver ...
2026-07-02 19:53:52.316 | INFO     | pycaalp.gapp.assembly_digraph:compute_assembly_digraph_complete:395 - Computing assembly digraph...
2026-07-02 19:53:52.763 | INFO     | pycaalp.time_balancing.model:run_mip:430 - Running MIP solver ...
2026-07-02 19:53:53.263 | INFO     | __main__:<module>:240 - Running plot_total_time
{0: (np.float64(1.870426), np.float64(0.8365751795172971), np.float64(1102.04), np.float64(0.0), np.float64(0.0), np.float64(0.0), np.float64(2.1423202669247985), np.float64(0.0), np.float64(0.24194861098658293), np.float64(0.0)), 5: (np.float64(1.5132532), np.float64(0.8365751795172972), np.float64(1102.04), np.float64(0.44158969268514414), np.float64(7.021666937153402e-17), np.float64(0.0), np.float64(2.0862617587903514), np.float64(0.4688570019088119), np.float64(0.5367746885865927), np.float64(0.042113771753531176)), 10: (np.float64(1.5222558), np.float64(0.8365751795172972), np.float64(1102.04), np.float64(0.19968719922358577), np.float64(7.021666937153402e-17), np.float64(0.0), np.float64(2.1146387781947853), np.float64(0.2028065650950265), np.float64(0.5551444570301101), np.float64(0.01105411715523191)), 15: (np.float64(1.824344), np.float64(0.8365751795172972), np.float64(1102.04), np.float64(0.3624431661201518), np.float64(9.930136612989092e-17), np.float64(0.0), np.float64(2.4513511802069843), np.float64(0.3844884767588507), np.float64(0.5924498919863254), np.float64(0.07789314655958533)), 20: (np.float64(1.4297958), np.float64(0.8365751795172972), np.float64(1102.04), np.float64(0.4677379615435977), np.float64(8.599750569898517e-17), np.float64(0.0), np.float64(2.1867931979708373), np.float64(0.5212033172783076), np.float64(0.7278223807923496), np.float64(0.08602770480394956)), 25: (np.float64(1.523922), np.float64(0.8365751795172972), np.float64(1102.04), np.float64(0.668471589833405), np.float64(8.599750569898517e-17), np.float64(0.0), np.float64(2.264049080014229), np.float64(0.6787534106546609), np.float64(0.7034926547668874), np.float64(0.08601548467572256)), 30: (np.float64(1.1279342), np.float64(0.8365751402927841), np.float64(1102.04), np.float64(0.26086989766349045), np.float64(7.844902593090452e-08), np.float64(0.0), np.float64(1.7341656225966289), np.float64(0.26215821278710233), np.float64(0.5798662950051948), np.float64(0.04161952376552979)), 35: (np.float64(1.1832284), np.float64(0.8365751795172972), np.float64(1102.04), np.float64(0.34691416445316847), np.float64(7.021666937153402e-17), np.float64(0.0), np.float64(1.7766730764182284), np.float64(0.3485536438082602), np.float64(0.5745634492253885), np.float64(0.05717856908833721)), 40: (np.float64(0.9267097999999999), np.float64(0.8365751795172972), np.float64(1102.04), np.float64(0.10509402345404806), np.float64(7.021666937153402e-17), np.float64(0.0), np.float64(1.4916824016021564), np.float64(0.10641466670520884), np.float64(0.5298978042323143), np.float64(0.02749768314209351)), 45: (np.float64(1.1446988), np.float64(0.8365751795172972), np.float64(1102.04), np.float64(0.2093128744147383), np.float64(8.599750569898517e-17), np.float64(0.0), np.float64(1.744885707553476), np.float64(0.20949660390355815), np.float64(0.5765261045657099), np.float64(0.0446230263306081)), 50: (np.float64(0.8876298), np.float64(0.8365751795172972), np.float64(1102.04), np.float64(0.15584349463920524), np.float64(8.599750569898517e-17), np.float64(0.0), np.float64(1.512696704431437), np.float64(0.1561121861863477), np.float64(0.6037064417963848), np.float64(0.02396790877485114)), 55: (np.float64(0.7493375999999999), np.float64(0.8365751795172972), np.float64(1102.04), np.float64(0.08956471052507231), np.float64(7.021666937153402e-17), np.float64(0.0), np.float64(1.3634846984175966), np.float64(0.12960294827749247), np.float64(0.5921861616196111), np.float64(0.0418979128961675)), 60: (np.float64(0.6614308), np.float64(0.8365751795172972), np.float64(1102.04), np.float64(0.09666419268043364), np.float64(1.2161883888976234e-16), np.float64(0.0), np.float64(1.173657877976075), np.float64(0.09098929270846655), np.float64(0.49793196737300605), np.float64(0.03704034267581137)), 65: (np.float64(0.680259), np.float64(0.8365751795172972), np.float64(1102.04), np.float64(0.20901825133418372), np.float64(7.021666937153402e-17), np.float64(0.0), np.float64(1.2042687779758126), np.float64(0.18289772376537133), np.float64(0.5093506710138171), np.float64(0.047752012471321346)), 70: (np.float64(0.519313), np.float64(0.8365751795172972), np.float64(1102.04), np.float64(0.1347343441502574), np.float64(8.599750569898517e-17), np.float64(0.0), np.float64(1.006580342212692), np.float64(0.14312712990596618), np.float64(0.4778727826429531), np.float64(0.015505641723258821))}
Saved MIP solve time plot in experiments/edge_reduction/sweeps/assembly_1_np_2/lambda_0.2/plots/MIP_solve_time_num_phases_2.svg
2026-07-02 19:53:53.455 | INFO     | __main__:<module>:250 - Running plot_speedup_vs_max_length_lost
Saved speedup_vs_weld_len_degr plot in experiments/edge_reduction/sweeps/assembly_1_np_2/lambda_0.2/plots/speedup_vs_weld_len_degr_num_phases_2.svg
2026-07-02 19:53:53.633 | INFO     | __main__:<module>:253 - Running plot_average_max_time
Saved Max welding length [mm] plot in experiments/edge_reduction/sweeps/assembly_1_np_2/lambda_0.2/plots/Max_welding_length_[mm]_num_phases_2.svg

----------------- λ = 0.3 -----------------
2026-07-02 19:51:50.356 | INFO     | __main__:<module>:193 - Running /home/md/Work/PyCAALP/experiments/edge_reduction/run.py
2026-07-02 19:51:50.356 | INFO     | __main__:<module>:194 - ASSEMBLY_FNAME='data/assembly_1/assembly_1_parts.json'
2026-07-02 19:51:50.356 | INFO     | __main__:<module>:197 - NUM_PHASES=2
2026-07-02 19:51:50.356 | INFO     | __main__:<module>:198 - RES_FNAME='experiments/edge_reduction/sweeps/assembly_1_np_2/lambda_0.3/res.pkl'
2026-07-02 19:51:50.357 | INFO     | experiments.edge_reduction.scripts.combination_runs:run_full_edge_reduction_change:98 - Running test with: red_perc=0
2026-07-02 19:51:50.362 | INFO     | pycaalp.gapp.assembly_digraph:compute_assembly_digraph_complete:395 - Computing assembly digraph...
2026-07-02 19:51:50.610 | INFO     | pycaalp.time_balancing.model:run_mip:430 - Running MIP solver ...
2026-07-02 19:51:52.334 | INFO     | experiments.edge_reduction.scripts.combination_runs:run_full_edge_reduction_change:98 - Running test with: red_perc=5
2026-07-02 19:51:52.340 | INFO     | pycaalp.gapp.assembly_digraph:compute_assembly_digraph_complete:395 - Computing assembly digraph...
2026-07-02 19:51:52.888 | INFO     | pycaalp.time_balancing.model:run_mip:430 - Running MIP solver ...
2026-07-02 19:51:54.528 | INFO     | pycaalp.gapp.assembly_digraph:compute_assembly_digraph_complete:395 - Computing assembly digraph...
2026-07-02 19:51:54.981 | INFO     | pycaalp.time_balancing.model:run_mip:430 - Running MIP solver ...
2026-07-02 19:51:57.564 | INFO     | pycaalp.gapp.assembly_digraph:compute_assembly_digraph_complete:395 - Computing assembly digraph...
2026-07-02 19:51:58.034 | INFO     | pycaalp.time_balancing.model:run_mip:430 - Running MIP solver ...
2026-07-02 19:51:59.372 | INFO     | pycaalp.gapp.assembly_digraph:compute_assembly_digraph_complete:395 - Computing assembly digraph...
2026-07-02 19:51:59.876 | INFO     | pycaalp.time_balancing.model:run_mip:430 - Running MIP solver ...
2026-07-02 19:52:01.862 | INFO     | pycaalp.gapp.assembly_digraph:compute_assembly_digraph_complete:395 - Computing assembly digraph...
2026-07-02 19:52:02.388 | INFO     | pycaalp.time_balancing.model:run_mip:430 - Running MIP solver ...
2026-07-02 19:52:04.218 | INFO     | experiments.edge_reduction.scripts.combination_runs:run_full_edge_reduction_change:98 - Running test with: red_perc=10
2026-07-02 19:52:04.222 | INFO     | pycaalp.gapp.assembly_digraph:compute_assembly_digraph_complete:395 - Computing assembly digraph...
2026-07-02 19:52:04.780 | INFO     | pycaalp.time_balancing.model:run_mip:430 - Running MIP solver ...
2026-07-02 19:52:06.839 | INFO     | pycaalp.gapp.assembly_digraph:compute_assembly_digraph_complete:395 - Computing assembly digraph...
2026-07-02 19:52:07.390 | INFO     | pycaalp.time_balancing.model:run_mip:430 - Running MIP solver ...
2026-07-02 19:52:09.081 | INFO     | pycaalp.gapp.assembly_digraph:compute_assembly_digraph_complete:395 - Computing assembly digraph...
2026-07-02 19:52:09.523 | INFO     | pycaalp.time_balancing.model:run_mip:430 - Running MIP solver ...
2026-07-02 19:52:11.556 | INFO     | pycaalp.gapp.assembly_digraph:compute_assembly_digraph_complete:395 - Computing assembly digraph...
2026-07-02 19:52:12.122 | INFO     | pycaalp.time_balancing.model:run_mip:430 - Running MIP solver ...
2026-07-02 19:52:13.548 | INFO     | pycaalp.gapp.assembly_digraph:compute_assembly_digraph_complete:395 - Computing assembly digraph...
2026-07-02 19:52:14.168 | INFO     | pycaalp.time_balancing.model:run_mip:430 - Running MIP solver ...
2026-07-02 19:52:16.450 | INFO     | experiments.edge_reduction.scripts.combination_runs:run_full_edge_reduction_change:98 - Running test with: red_perc=15
2026-07-02 19:52:16.457 | INFO     | pycaalp.gapp.assembly_digraph:compute_assembly_digraph_complete:395 - Computing assembly digraph...
2026-07-02 19:52:17.072 | INFO     | pycaalp.time_balancing.model:run_mip:430 - Running MIP solver ...
2026-07-02 19:52:18.883 | INFO     | pycaalp.gapp.assembly_digraph:compute_assembly_digraph_complete:395 - Computing assembly digraph...
2026-07-02 19:52:19.559 | INFO     | pycaalp.time_balancing.model:run_mip:430 - Running MIP solver ...
2026-07-02 19:52:20.700 | INFO     | pycaalp.gapp.assembly_digraph:compute_assembly_digraph_complete:395 - Computing assembly digraph...
2026-07-02 19:52:21.337 | INFO     | pycaalp.time_balancing.model:run_mip:430 - Running MIP solver ...
2026-07-02 19:52:22.769 | INFO     | pycaalp.gapp.assembly_digraph:compute_assembly_digraph_complete:395 - Computing assembly digraph...
2026-07-02 19:52:23.435 | INFO     | pycaalp.time_balancing.model:run_mip:430 - Running MIP solver ...
2026-07-02 19:52:24.547 | INFO     | pycaalp.gapp.assembly_digraph:compute_assembly_digraph_complete:395 - Computing assembly digraph...
2026-07-02 19:52:25.173 | INFO     | pycaalp.time_balancing.model:run_mip:430 - Running MIP solver ...
2026-07-02 19:52:26.222 | INFO     | experiments.edge_reduction.scripts.combination_runs:run_full_edge_reduction_change:98 - Running test with: red_perc=20
2026-07-02 19:52:26.226 | INFO     | pycaalp.gapp.assembly_digraph:compute_assembly_digraph_complete:395 - Computing assembly digraph...
2026-07-02 19:52:26.976 | INFO     | pycaalp.time_balancing.model:run_mip:430 - Running MIP solver ...
2026-07-02 19:52:28.536 | INFO     | pycaalp.gapp.assembly_digraph:compute_assembly_digraph_complete:395 - Computing assembly digraph...
2026-07-02 19:52:29.230 | INFO     | pycaalp.time_balancing.model:run_mip:430 - Running MIP solver ...
2026-07-02 19:52:31.807 | INFO     | pycaalp.gapp.assembly_digraph:compute_assembly_digraph_complete:395 - Computing assembly digraph...
2026-07-02 19:52:32.582 | INFO     | pycaalp.time_balancing.model:run_mip:430 - Running MIP solver ...
2026-07-02 19:52:33.603 | INFO     | pycaalp.gapp.assembly_digraph:compute_assembly_digraph_complete:395 - Computing assembly digraph...
2026-07-02 19:52:34.295 | INFO     | pycaalp.time_balancing.model:run_mip:430 - Running MIP solver ...
2026-07-02 19:52:35.391 | INFO     | pycaalp.gapp.assembly_digraph:compute_assembly_digraph_complete:395 - Computing assembly digraph...
2026-07-02 19:52:36.020 | INFO     | pycaalp.time_balancing.model:run_mip:430 - Running MIP solver ...
2026-07-02 19:52:37.244 | INFO     | experiments.edge_reduction.scripts.combination_runs:run_full_edge_reduction_change:98 - Running test with: red_perc=25
2026-07-02 19:52:37.249 | INFO     | pycaalp.gapp.assembly_digraph:compute_assembly_digraph_complete:395 - Computing assembly digraph...
2026-07-02 19:52:38.025 | INFO     | pycaalp.time_balancing.model:run_mip:430 - Running MIP solver ...
2026-07-02 19:52:39.849 | INFO     | pycaalp.gapp.assembly_digraph:compute_assembly_digraph_complete:395 - Computing assembly digraph...
2026-07-02 19:52:40.678 | INFO     | pycaalp.time_balancing.model:run_mip:430 - Running MIP solver ...
2026-07-02 19:52:41.971 | INFO     | pycaalp.gapp.assembly_digraph:compute_assembly_digraph_complete:395 - Computing assembly digraph...
2026-07-02 19:52:42.693 | INFO     | pycaalp.time_balancing.model:run_mip:430 - Running MIP solver ...
2026-07-02 19:52:43.910 | INFO     | pycaalp.gapp.assembly_digraph:compute_assembly_digraph_complete:395 - Computing assembly digraph...
2026-07-02 19:52:44.626 | INFO     | pycaalp.time_balancing.model:run_mip:430 - Running MIP solver ...
2026-07-02 19:52:45.693 | INFO     | pycaalp.gapp.assembly_digraph:compute_assembly_digraph_complete:395 - Computing assembly digraph...
2026-07-02 19:52:46.349 | INFO     | pycaalp.time_balancing.model:run_mip:430 - Running MIP solver ...
2026-07-02 19:52:47.797 | INFO     | experiments.edge_reduction.scripts.combination_runs:run_full_edge_reduction_change:98 - Running test with: red_perc=30
2026-07-02 19:52:47.801 | INFO     | pycaalp.gapp.assembly_digraph:compute_assembly_digraph_complete:395 - Computing assembly digraph...
2026-07-02 19:52:48.307 | INFO     | pycaalp.time_balancing.model:run_mip:430 - Running MIP solver ...
2026-07-02 19:52:49.767 | INFO     | pycaalp.gapp.assembly_digraph:compute_assembly_digraph_complete:395 - Computing assembly digraph...
2026-07-02 19:52:50.327 | INFO     | pycaalp.time_balancing.model:run_mip:430 - Running MIP solver ...
2026-07-02 19:52:51.415 | INFO     | pycaalp.gapp.assembly_digraph:compute_assembly_digraph_complete:395 - Computing assembly digraph...
2026-07-02 19:52:51.995 | INFO     | pycaalp.time_balancing.model:run_mip:430 - Running MIP solver ...
2026-07-02 19:52:52.779 | INFO     | pycaalp.gapp.assembly_digraph:compute_assembly_digraph_complete:395 - Computing assembly digraph...
2026-07-02 19:52:53.408 | INFO     | pycaalp.time_balancing.model:run_mip:430 - Running MIP solver ...
2026-07-02 19:52:54.894 | INFO     | pycaalp.gapp.assembly_digraph:compute_assembly_digraph_complete:395 - Computing assembly digraph...
2026-07-02 19:52:55.490 | INFO     | pycaalp.time_balancing.model:run_mip:430 - Running MIP solver ...
2026-07-02 19:52:56.202 | INFO     | experiments.edge_reduction.scripts.combination_runs:run_full_edge_reduction_change:98 - Running test with: red_perc=35
2026-07-02 19:52:56.209 | INFO     | pycaalp.gapp.assembly_digraph:compute_assembly_digraph_complete:395 - Computing assembly digraph...
2026-07-02 19:52:56.818 | INFO     | pycaalp.time_balancing.model:run_mip:430 - Running MIP solver ...
2026-07-02 19:52:57.467 | INFO     | pycaalp.gapp.assembly_digraph:compute_assembly_digraph_complete:395 - Computing assembly digraph...
2026-07-02 19:52:58.057 | INFO     | pycaalp.time_balancing.model:run_mip:430 - Running MIP solver ...
2026-07-02 19:52:58.845 | INFO     | pycaalp.gapp.assembly_digraph:compute_assembly_digraph_complete:395 - Computing assembly digraph...
2026-07-02 19:52:59.357 | INFO     | pycaalp.time_balancing.model:run_mip:430 - Running MIP solver ...
2026-07-02 19:53:00.366 | INFO     | pycaalp.gapp.assembly_digraph:compute_assembly_digraph_complete:395 - Computing assembly digraph...
2026-07-02 19:53:00.969 | INFO     | pycaalp.time_balancing.model:run_mip:430 - Running MIP solver ...
2026-07-02 19:53:01.802 | INFO     | pycaalp.gapp.assembly_digraph:compute_assembly_digraph_complete:395 - Computing assembly digraph...
2026-07-02 19:53:02.363 | INFO     | pycaalp.time_balancing.model:run_mip:430 - Running MIP solver ...
2026-07-02 19:53:03.001 | INFO     | experiments.edge_reduction.scripts.combination_runs:run_full_edge_reduction_change:98 - Running test with: red_perc=40
2026-07-02 19:53:03.004 | INFO     | pycaalp.gapp.assembly_digraph:compute_assembly_digraph_complete:395 - Computing assembly digraph...
2026-07-02 19:53:03.716 | INFO     | pycaalp.time_balancing.model:run_mip:430 - Running MIP solver ...
2026-07-02 19:53:04.474 | INFO     | pycaalp.gapp.assembly_digraph:compute_assembly_digraph_complete:395 - Computing assembly digraph...
2026-07-02 19:53:05.043 | INFO     | pycaalp.time_balancing.model:run_mip:430 - Running MIP solver ...
2026-07-02 19:53:05.848 | INFO     | pycaalp.gapp.assembly_digraph:compute_assembly_digraph_complete:395 - Computing assembly digraph...
2026-07-02 19:53:06.459 | INFO     | pycaalp.time_balancing.model:run_mip:430 - Running MIP solver ...
2026-07-02 19:53:07.382 | INFO     | pycaalp.gapp.assembly_digraph:compute_assembly_digraph_complete:395 - Computing assembly digraph...
2026-07-02 19:53:08.006 | INFO     | pycaalp.time_balancing.model:run_mip:430 - Running MIP solver ...
2026-07-02 19:53:08.729 | INFO     | pycaalp.gapp.assembly_digraph:compute_assembly_digraph_complete:395 - Computing assembly digraph...
2026-07-02 19:53:09.359 | INFO     | pycaalp.time_balancing.model:run_mip:430 - Running MIP solver ...
2026-07-02 19:53:10.195 | INFO     | experiments.edge_reduction.scripts.combination_runs:run_full_edge_reduction_change:98 - Running test with: red_perc=45
2026-07-02 19:53:10.199 | INFO     | pycaalp.gapp.assembly_digraph:compute_assembly_digraph_complete:395 - Computing assembly digraph...
2026-07-02 19:53:10.787 | INFO     | pycaalp.time_balancing.model:run_mip:430 - Running MIP solver ...
2026-07-02 19:53:11.480 | INFO     | pycaalp.gapp.assembly_digraph:compute_assembly_digraph_complete:395 - Computing assembly digraph...
2026-07-02 19:53:12.045 | INFO     | pycaalp.time_balancing.model:run_mip:430 - Running MIP solver ...
2026-07-02 19:53:12.555 | INFO     | pycaalp.gapp.assembly_digraph:compute_assembly_digraph_complete:395 - Computing assembly digraph...
2026-07-02 19:53:13.170 | INFO     | pycaalp.time_balancing.model:run_mip:430 - Running MIP solver ...
2026-07-02 19:53:13.795 | INFO     | pycaalp.gapp.assembly_digraph:compute_assembly_digraph_complete:395 - Computing assembly digraph...
2026-07-02 19:53:14.497 | INFO     | pycaalp.time_balancing.model:run_mip:430 - Running MIP solver ...
2026-07-02 19:53:15.072 | INFO     | pycaalp.gapp.assembly_digraph:compute_assembly_digraph_complete:395 - Computing assembly digraph...
2026-07-02 19:53:15.650 | INFO     | pycaalp.time_balancing.model:run_mip:430 - Running MIP solver ...
2026-07-02 19:53:16.728 | INFO     | experiments.edge_reduction.scripts.combination_runs:run_full_edge_reduction_change:98 - Running test with: red_perc=50
2026-07-02 19:53:16.735 | INFO     | pycaalp.gapp.assembly_digraph:compute_assembly_digraph_complete:395 - Computing assembly digraph...
2026-07-02 19:53:17.390 | INFO     | pycaalp.time_balancing.model:run_mip:430 - Running MIP solver ...
2026-07-02 19:53:18.082 | INFO     | pycaalp.gapp.assembly_digraph:compute_assembly_digraph_complete:395 - Computing assembly digraph...
2026-07-02 19:53:18.700 | INFO     | pycaalp.time_balancing.model:run_mip:430 - Running MIP solver ...
2026-07-02 19:53:19.176 | INFO     | pycaalp.gapp.assembly_digraph:compute_assembly_digraph_complete:395 - Computing assembly digraph...
2026-07-02 19:53:19.773 | INFO     | pycaalp.time_balancing.model:run_mip:430 - Running MIP solver ...
2026-07-02 19:53:20.312 | INFO     | pycaalp.gapp.assembly_digraph:compute_assembly_digraph_complete:395 - Computing assembly digraph...
2026-07-02 19:53:20.821 | INFO     | pycaalp.time_balancing.model:run_mip:430 - Running MIP solver ...
2026-07-02 19:53:21.856 | INFO     | pycaalp.gapp.assembly_digraph:compute_assembly_digraph_complete:395 - Computing assembly digraph...
2026-07-02 19:53:22.333 | INFO     | pycaalp.time_balancing.model:run_mip:430 - Running MIP solver ...
2026-07-02 19:53:22.873 | INFO     | experiments.edge_reduction.scripts.combination_runs:run_full_edge_reduction_change:98 - Running test with: red_perc=55
2026-07-02 19:53:22.879 | INFO     | pycaalp.gapp.assembly_digraph:compute_assembly_digraph_complete:395 - Computing assembly digraph...
2026-07-02 19:53:23.385 | INFO     | pycaalp.time_balancing.model:run_mip:430 - Running MIP solver ...
2026-07-02 19:53:24.167 | INFO     | pycaalp.gapp.assembly_digraph:compute_assembly_digraph_complete:395 - Computing assembly digraph...
2026-07-02 19:53:24.856 | INFO     | pycaalp.time_balancing.model:run_mip:430 - Running MIP solver ...
2026-07-02 19:53:26.094 | INFO     | pycaalp.gapp.assembly_digraph:compute_assembly_digraph_complete:395 - Computing assembly digraph...
2026-07-02 19:53:26.744 | INFO     | pycaalp.time_balancing.model:run_mip:430 - Running MIP solver ...
2026-07-02 19:53:27.836 | INFO     | pycaalp.gapp.assembly_digraph:compute_assembly_digraph_complete:395 - Computing assembly digraph...
2026-07-02 19:53:28.511 | INFO     | pycaalp.time_balancing.model:run_mip:430 - Running MIP solver ...
2026-07-02 19:53:29.396 | INFO     | pycaalp.gapp.assembly_digraph:compute_assembly_digraph_complete:395 - Computing assembly digraph...
2026-07-02 19:53:30.029 | INFO     | pycaalp.time_balancing.model:run_mip:430 - Running MIP solver ...
2026-07-02 19:53:30.466 | INFO     | experiments.edge_reduction.scripts.combination_runs:run_full_edge_reduction_change:98 - Running test with: red_perc=60
2026-07-02 19:53:30.474 | INFO     | pycaalp.gapp.assembly_digraph:compute_assembly_digraph_complete:395 - Computing assembly digraph...
2026-07-02 19:53:31.092 | INFO     | pycaalp.time_balancing.model:run_mip:430 - Running MIP solver ...
2026-07-02 19:53:32.212 | INFO     | pycaalp.gapp.assembly_digraph:compute_assembly_digraph_complete:395 - Computing assembly digraph...
2026-07-02 19:53:32.904 | INFO     | pycaalp.time_balancing.model:run_mip:430 - Running MIP solver ...
2026-07-02 19:53:33.359 | INFO     | pycaalp.gapp.assembly_digraph:compute_assembly_digraph_complete:395 - Computing assembly digraph...
2026-07-02 19:53:34.011 | INFO     | pycaalp.time_balancing.model:run_mip:430 - Running MIP solver ...
2026-07-02 19:53:34.730 | INFO     | pycaalp.gapp.assembly_digraph:compute_assembly_digraph_complete:395 - Computing assembly digraph...
2026-07-02 19:53:35.375 | INFO     | pycaalp.time_balancing.model:run_mip:430 - Running MIP solver ...
2026-07-02 19:53:35.989 | INFO     | pycaalp.gapp.assembly_digraph:compute_assembly_digraph_complete:395 - Computing assembly digraph...
2026-07-02 19:53:36.576 | INFO     | pycaalp.time_balancing.model:run_mip:430 - Running MIP solver ...
2026-07-02 19:53:37.187 | INFO     | experiments.edge_reduction.scripts.combination_runs:run_full_edge_reduction_change:98 - Running test with: red_perc=65
2026-07-02 19:53:37.191 | INFO     | pycaalp.gapp.assembly_digraph:compute_assembly_digraph_complete:395 - Computing assembly digraph...
2026-07-02 19:53:37.773 | INFO     | pycaalp.time_balancing.model:run_mip:430 - Running MIP solver ...
2026-07-02 19:53:38.073 | INFO     | pycaalp.gapp.assembly_digraph:compute_assembly_digraph_complete:395 - Computing assembly digraph...
2026-07-02 19:53:38.647 | INFO     | pycaalp.time_balancing.model:run_mip:430 - Running MIP solver ...
2026-07-02 19:53:39.441 | INFO     | pycaalp.gapp.assembly_digraph:compute_assembly_digraph_complete:395 - Computing assembly digraph...
2026-07-02 19:53:40.003 | INFO     | pycaalp.time_balancing.model:run_mip:430 - Running MIP solver ...
2026-07-02 19:53:40.545 | INFO     | pycaalp.gapp.assembly_digraph:compute_assembly_digraph_complete:395 - Computing assembly digraph...
2026-07-02 19:53:41.033 | INFO     | pycaalp.time_balancing.model:run_mip:430 - Running MIP solver ...
2026-07-02 19:53:41.662 | INFO     | pycaalp.gapp.assembly_digraph:compute_assembly_digraph_complete:395 - Computing assembly digraph...
2026-07-02 19:53:42.162 | INFO     | pycaalp.time_balancing.model:run_mip:430 - Running MIP solver ...
2026-07-02 19:53:42.525 | INFO     | experiments.edge_reduction.scripts.combination_runs:run_full_edge_reduction_change:98 - Running test with: red_perc=70
2026-07-02 19:53:42.528 | INFO     | pycaalp.gapp.assembly_digraph:compute_assembly_digraph_complete:395 - Computing assembly digraph...
2026-07-02 19:53:43.138 | INFO     | pycaalp.time_balancing.model:run_mip:430 - Running MIP solver ...
2026-07-02 19:53:44.258 | INFO     | pycaalp.gapp.assembly_digraph:compute_assembly_digraph_complete:395 - Computing assembly digraph...
2026-07-02 19:53:44.915 | INFO     | pycaalp.time_balancing.model:run_mip:430 - Running MIP solver ...
2026-07-02 19:53:45.521 | INFO     | pycaalp.gapp.assembly_digraph:compute_assembly_digraph_complete:395 - Computing assembly digraph...
2026-07-02 19:53:46.040 | INFO     | pycaalp.time_balancing.model:run_mip:430 - Running MIP solver ...
2026-07-02 19:53:46.306 | INFO     | pycaalp.gapp.assembly_digraph:compute_assembly_digraph_complete:395 - Computing assembly digraph...
2026-07-02 19:53:46.854 | INFO     | pycaalp.time_balancing.model:run_mip:430 - Running MIP solver ...
2026-07-02 19:53:47.119 | INFO     | pycaalp.gapp.assembly_digraph:compute_assembly_digraph_complete:395 - Computing assembly digraph...
2026-07-02 19:53:47.596 | INFO     | pycaalp.time_balancing.model:run_mip:430 - Running MIP solver ...
2026-07-02 19:53:48.252 | INFO     | __main__:<module>:240 - Running plot_total_time
{0: (np.float64(1.6839309999999998), np.float64(0.838381811780289), np.float64(1092.52), np.float64(0.0), np.float64(0.0), np.float64(0.0), np.float64(1.9771902080392465), np.float64(0.0), np.float64(0.25310252304188907), np.float64(0.0)), 5: (np.float64(1.8301652000000002), np.float64(0.838381811780289), np.float64(1092.52), np.float64(0.4078568451956643), np.float64(7.021666937153402e-17), np.float64(0.0), np.float64(2.3723140219692143), np.float64(0.40259874901849085), np.float64(0.5047106588026509), np.float64(0.035619862460380784)), 10: (np.float64(1.864771), np.float64(0.838381811780289), np.float64(1092.52), np.float64(0.30678766117886813), np.float64(4.965068306494546e-17), np.float64(0.0), np.float64(2.4422450338024646), np.float64(0.31216491380138506), np.float64(0.5511520429747179), np.float64(0.057728557686193636)), 15: (np.float64(1.2612038), np.float64(0.838381811780289), np.float64(1092.52), np.float64(0.2853387584240178), np.float64(0.0), np.float64(0.0), np.float64(1.9500552579993382), np.float64(0.2696461951938654), np.float64(0.6487080325838178), np.float64(0.0228083169808673)), 20: (np.float64(1.4599942000000001), np.float64(0.838381811780289), np.float64(1092.52), np.float64(0.5726491863461958), np.float64(7.021666937153402e-17), np.float64(0.0), np.float64(2.2006340876454487), np.float64(0.5678876437228925), np.float64(0.7124820617958904), np.float64(0.04948331610582788)), 25: (np.float64(1.3143705999999997), np.float64(0.838381811780289), np.float64(1092.52), np.float64(0.2693548097002168), np.float64(4.965068306494546e-17), np.float64(0.0), np.float64(2.103996162582189), np.float64(0.2739787421840769), np.float64(0.7447061521466821), np.float64(0.058823506529541006)), 30: (np.float64(1.0700374), np.float64(0.838381811780289), np.float64(1092.52), np.float64(0.32962012352803943), np.float64(0.0), np.float64(0.0), np.float64(1.6764278651913629), np.float64(0.3165258038105344), np.float64(0.5788511398015543), np.float64(0.041363749723733634)), 35: (np.float64(0.7425279999999999), np.float64(0.838381811780289), np.float64(1092.52), np.float64(0.1408811754820352), np.float64(0.0), np.float64(0.0), np.float64(1.3559588187839835), np.float64(0.1150393525575763), np.float64(0.5793887615902349), np.float64(0.036165298448709776)), 40: (np.float64(0.7649062), np.float64(0.838381811780289), np.float64(1092.52), np.float64(0.07676369799169395), np.float64(7.021666937153402e-17), np.float64(0.0), np.float64(1.4348092667991295), np.float64(0.06491059113995906), np.float64(0.6347295205807313), np.float64(0.04457058108855734)), 45: (np.float64(0.6699059999999999), np.float64(0.8383818117802889), np.float64(1092.52), np.float64(0.20154824326200413), np.float64(1.7199501139797033e-16), np.float64(0.0), np.float64(1.3028477249667048), np.float64(0.19135615510160023), np.float64(0.6140269349794835), np.float64(0.04997324608306182)), 50: (np.float64(0.6142866), np.float64(0.8383818117802889), np.float64(1092.52), np.float64(0.2003058720153755), np.float64(9.930136612989092e-17), np.float64(0.0), np.float64(1.2252072422066704), np.float64(0.19246073905922514), np.float64(0.578144858404994), np.float64(0.06758154516791597)), 55: (np.float64(0.8534366), np.float64(0.838381811780289), np.float64(1092.52), np.float64(0.26940416495711417), np.float64(9.930136612989092e-17), np.float64(0.0), np.float64(1.515060937195085), np.float64(0.30734436270663346), np.float64(0.6372025277931244), np.float64(0.06583123674749)), 60: (np.float64(0.6806097999999999), np.float64(0.838381811780289), np.float64(1092.52), np.float64(0.22295230074740202), np.float64(1.2161883888976234e-16), np.float64(0.0), np.float64(1.3414243953768163), np.float64(0.21086750999277867), np.float64(0.6433173341909424), np.float64(0.03467888823398913)), 65: (np.float64(0.5069861999999999), np.float64(0.838381811780289), np.float64(1092.52), np.float64(0.18079785641915114), np.float64(4.965068306494546e-17), np.float64(0.0), np.float64(1.06555396837648), np.float64(0.18399169423064599), np.float64(0.5450024793390185), np.float64(0.0395019706583978)), 70: (np.float64(0.5532259999999999), np.float64(0.838381811780289), np.float64(1092.52), np.float64(0.3135432189737166), np.float64(8.599750569898517e-17), np.float64(0.0), np.float64(1.1418005999876186), np.float64(0.345544855456094), np.float64(0.5666767062153667), np.float64(0.06307906779157996))}
Saved MIP solve time plot in experiments/edge_reduction/sweeps/assembly_1_np_2/lambda_0.3/plots/MIP_solve_time_num_phases_2.svg
2026-07-02 19:53:48.440 | INFO     | __main__:<module>:250 - Running plot_speedup_vs_max_length_lost
Saved speedup_vs_weld_len_degr plot in experiments/edge_reduction/sweeps/assembly_1_np_2/lambda_0.3/plots/speedup_vs_weld_len_degr_num_phases_2.svg
2026-07-02 19:53:48.640 | INFO     | __main__:<module>:253 - Running plot_average_max_time
Saved Max welding length [mm] plot in experiments/edge_reduction/sweeps/assembly_1_np_2/lambda_0.3/plots/Max_welding_length_[mm]_num_phases_2.svg

----------------- λ = 0.4 -----------------
2026-07-02 19:51:50.357 | INFO     | __main__:<module>:193 - Running /home/md/Work/PyCAALP/experiments/edge_reduction/run.py
2026-07-02 19:51:50.357 | INFO     | __main__:<module>:194 - ASSEMBLY_FNAME='data/assembly_1/assembly_1_parts.json'
2026-07-02 19:51:50.357 | INFO     | __main__:<module>:197 - NUM_PHASES=2
2026-07-02 19:51:50.357 | INFO     | __main__:<module>:198 - RES_FNAME='experiments/edge_reduction/sweeps/assembly_1_np_2/lambda_0.4/res.pkl'
2026-07-02 19:51:50.357 | INFO     | experiments.edge_reduction.scripts.combination_runs:run_full_edge_reduction_change:98 - Running test with: red_perc=0
2026-07-02 19:51:50.365 | INFO     | pycaalp.gapp.assembly_digraph:compute_assembly_digraph_complete:395 - Computing assembly digraph...
2026-07-02 19:51:50.645 | INFO     | pycaalp.time_balancing.model:run_mip:430 - Running MIP solver ...
2026-07-02 19:51:52.195 | INFO     | experiments.edge_reduction.scripts.combination_runs:run_full_edge_reduction_change:98 - Running test with: red_perc=5
2026-07-02 19:51:52.198 | INFO     | pycaalp.gapp.assembly_digraph:compute_assembly_digraph_complete:395 - Computing assembly digraph...
2026-07-02 19:51:52.736 | INFO     | pycaalp.time_balancing.model:run_mip:430 - Running MIP solver ...
2026-07-02 19:51:55.183 | INFO     | pycaalp.gapp.assembly_digraph:compute_assembly_digraph_complete:395 - Computing assembly digraph...
2026-07-02 19:51:55.785 | INFO     | pycaalp.time_balancing.model:run_mip:430 - Running MIP solver ...
2026-07-02 19:51:57.003 | INFO     | pycaalp.gapp.assembly_digraph:compute_assembly_digraph_complete:395 - Computing assembly digraph...
2026-07-02 19:51:57.394 | INFO     | pycaalp.time_balancing.model:run_mip:430 - Running MIP solver ...
2026-07-02 19:51:58.797 | INFO     | pycaalp.gapp.assembly_digraph:compute_assembly_digraph_complete:395 - Computing assembly digraph...
2026-07-02 19:51:59.287 | INFO     | pycaalp.time_balancing.model:run_mip:430 - Running MIP solver ...
2026-07-02 19:52:01.680 | INFO     | pycaalp.gapp.assembly_digraph:compute_assembly_digraph_complete:395 - Computing assembly digraph...
2026-07-02 19:52:02.093 | INFO     | pycaalp.time_balancing.model:run_mip:430 - Running MIP solver ...
2026-07-02 19:52:04.362 | INFO     | experiments.edge_reduction.scripts.combination_runs:run_full_edge_reduction_change:98 - Running test with: red_perc=10
2026-07-02 19:52:04.367 | INFO     | pycaalp.gapp.assembly_digraph:compute_assembly_digraph_complete:395 - Computing assembly digraph...
2026-07-02 19:52:04.885 | INFO     | pycaalp.time_balancing.model:run_mip:430 - Running MIP solver ...
2026-07-02 19:52:06.248 | INFO     | pycaalp.gapp.assembly_digraph:compute_assembly_digraph_complete:395 - Computing assembly digraph...
2026-07-02 19:52:06.743 | INFO     | pycaalp.time_balancing.model:run_mip:430 - Running MIP solver ...
2026-07-02 19:52:07.868 | INFO     | pycaalp.gapp.assembly_digraph:compute_assembly_digraph_complete:395 - Computing assembly digraph...
2026-07-02 19:52:08.373 | INFO     | pycaalp.time_balancing.model:run_mip:430 - Running MIP solver ...
2026-07-02 19:52:09.866 | INFO     | pycaalp.gapp.assembly_digraph:compute_assembly_digraph_complete:395 - Computing assembly digraph...
2026-07-02 19:52:10.437 | INFO     | pycaalp.time_balancing.model:run_mip:430 - Running MIP solver ...
2026-07-02 19:52:12.217 | INFO     | pycaalp.gapp.assembly_digraph:compute_assembly_digraph_complete:395 - Computing assembly digraph...
2026-07-02 19:52:12.693 | INFO     | pycaalp.time_balancing.model:run_mip:430 - Running MIP solver ...
2026-07-02 19:52:13.951 | INFO     | experiments.edge_reduction.scripts.combination_runs:run_full_edge_reduction_change:98 - Running test with: red_perc=15
2026-07-02 19:52:13.955 | INFO     | pycaalp.gapp.assembly_digraph:compute_assembly_digraph_complete:395 - Computing assembly digraph...
2026-07-02 19:52:14.470 | INFO     | pycaalp.time_balancing.model:run_mip:430 - Running MIP solver ...
2026-07-02 19:52:15.688 | INFO     | pycaalp.gapp.assembly_digraph:compute_assembly_digraph_complete:395 - Computing assembly digraph...
2026-07-02 19:52:16.188 | INFO     | pycaalp.time_balancing.model:run_mip:430 - Running MIP solver ...
2026-07-02 19:52:17.455 | INFO     | pycaalp.gapp.assembly_digraph:compute_assembly_digraph_complete:395 - Computing assembly digraph...
2026-07-02 19:52:17.987 | INFO     | pycaalp.time_balancing.model:run_mip:430 - Running MIP solver ...
2026-07-02 19:52:19.023 | INFO     | pycaalp.gapp.assembly_digraph:compute_assembly_digraph_complete:395 - Computing assembly digraph...
2026-07-02 19:52:19.644 | INFO     | pycaalp.time_balancing.model:run_mip:430 - Running MIP solver ...
2026-07-02 19:52:22.207 | INFO     | pycaalp.gapp.assembly_digraph:compute_assembly_digraph_complete:395 - Computing assembly digraph...
2026-07-02 19:52:22.870 | INFO     | pycaalp.time_balancing.model:run_mip:430 - Running MIP solver ...
2026-07-02 19:52:24.358 | INFO     | experiments.edge_reduction.scripts.combination_runs:run_full_edge_reduction_change:98 - Running test with: red_perc=20
2026-07-02 19:52:24.365 | INFO     | pycaalp.gapp.assembly_digraph:compute_assembly_digraph_complete:395 - Computing assembly digraph...
2026-07-02 19:52:25.072 | INFO     | pycaalp.time_balancing.model:run_mip:430 - Running MIP solver ...
2026-07-02 19:52:26.756 | INFO     | pycaalp.gapp.assembly_digraph:compute_assembly_digraph_complete:395 - Computing assembly digraph...
2026-07-02 19:52:27.386 | INFO     | pycaalp.time_balancing.model:run_mip:430 - Running MIP solver ...
2026-07-02 19:52:28.956 | INFO     | pycaalp.gapp.assembly_digraph:compute_assembly_digraph_complete:395 - Computing assembly digraph...
2026-07-02 19:52:29.629 | INFO     | pycaalp.time_balancing.model:run_mip:430 - Running MIP solver ...
2026-07-02 19:52:31.111 | INFO     | pycaalp.gapp.assembly_digraph:compute_assembly_digraph_complete:395 - Computing assembly digraph...
2026-07-02 19:52:31.786 | INFO     | pycaalp.time_balancing.model:run_mip:430 - Running MIP solver ...
2026-07-02 19:52:32.963 | INFO     | pycaalp.gapp.assembly_digraph:compute_assembly_digraph_complete:395 - Computing assembly digraph...
2026-07-02 19:52:33.661 | INFO     | pycaalp.time_balancing.model:run_mip:430 - Running MIP solver ...
2026-07-02 19:52:34.905 | INFO     | experiments.edge_reduction.scripts.combination_runs:run_full_edge_reduction_change:98 - Running test with: red_perc=25
2026-07-02 19:52:34.911 | INFO     | pycaalp.gapp.assembly_digraph:compute_assembly_digraph_complete:395 - Computing assembly digraph...
2026-07-02 19:52:35.600 | INFO     | pycaalp.time_balancing.model:run_mip:430 - Running MIP solver ...
2026-07-02 19:52:36.530 | INFO     | pycaalp.gapp.assembly_digraph:compute_assembly_digraph_complete:395 - Computing assembly digraph...
2026-07-02 19:52:37.390 | INFO     | pycaalp.time_balancing.model:run_mip:430 - Running MIP solver ...
2026-07-02 19:52:39.194 | INFO     | pycaalp.gapp.assembly_digraph:compute_assembly_digraph_complete:395 - Computing assembly digraph...
2026-07-02 19:52:39.905 | INFO     | pycaalp.time_balancing.model:run_mip:430 - Running MIP solver ...
2026-07-02 19:52:41.850 | INFO     | pycaalp.gapp.assembly_digraph:compute_assembly_digraph_complete:395 - Computing assembly digraph...
2026-07-02 19:52:42.566 | INFO     | pycaalp.time_balancing.model:run_mip:430 - Running MIP solver ...
2026-07-02 19:52:43.757 | INFO     | pycaalp.gapp.assembly_digraph:compute_assembly_digraph_complete:395 - Computing assembly digraph...
2026-07-02 19:52:44.443 | INFO     | pycaalp.time_balancing.model:run_mip:430 - Running MIP solver ...
2026-07-02 19:52:45.365 | INFO     | experiments.edge_reduction.scripts.combination_runs:run_full_edge_reduction_change:98 - Running test with: red_perc=30
2026-07-02 19:52:45.368 | INFO     | pycaalp.gapp.assembly_digraph:compute_assembly_digraph_complete:395 - Computing assembly digraph...
2026-07-02 19:52:45.969 | INFO     | pycaalp.time_balancing.model:run_mip:430 - Running MIP solver ...
2026-07-02 19:52:46.944 | INFO     | pycaalp.gapp.assembly_digraph:compute_assembly_digraph_complete:395 - Computing assembly digraph...
2026-07-02 19:52:47.537 | INFO     | pycaalp.time_balancing.model:run_mip:430 - Running MIP solver ...
2026-07-02 19:52:48.298 | INFO     | pycaalp.gapp.assembly_digraph:compute_assembly_digraph_complete:395 - Computing assembly digraph...
2026-07-02 19:52:48.811 | INFO     | pycaalp.time_balancing.model:run_mip:430 - Running MIP solver ...
2026-07-02 19:52:50.036 | INFO     | pycaalp.gapp.assembly_digraph:compute_assembly_digraph_complete:395 - Computing assembly digraph...
2026-07-02 19:52:50.542 | INFO     | pycaalp.time_balancing.model:run_mip:430 - Running MIP solver ...
2026-07-02 19:52:51.516 | INFO     | pycaalp.gapp.assembly_digraph:compute_assembly_digraph_complete:395 - Computing assembly digraph...
2026-07-02 19:52:52.167 | INFO     | pycaalp.time_balancing.model:run_mip:430 - Running MIP solver ...
2026-07-02 19:52:52.862 | INFO     | experiments.edge_reduction.scripts.combination_runs:run_full_edge_reduction_change:98 - Running test with: red_perc=35
2026-07-02 19:52:52.866 | INFO     | pycaalp.gapp.assembly_digraph:compute_assembly_digraph_complete:395 - Computing assembly digraph...
2026-07-02 19:52:53.418 | INFO     | pycaalp.time_balancing.model:run_mip:430 - Running MIP solver ...
2026-07-02 19:52:54.341 | INFO     | pycaalp.gapp.assembly_digraph:compute_assembly_digraph_complete:395 - Computing assembly digraph...
2026-07-02 19:52:54.926 | INFO     | pycaalp.time_balancing.model:run_mip:430 - Running MIP solver ...
2026-07-02 19:52:55.853 | INFO     | pycaalp.gapp.assembly_digraph:compute_assembly_digraph_complete:395 - Computing assembly digraph...
2026-07-02 19:52:56.434 | INFO     | pycaalp.time_balancing.model:run_mip:430 - Running MIP solver ...
2026-07-02 19:52:57.124 | INFO     | pycaalp.gapp.assembly_digraph:compute_assembly_digraph_complete:395 - Computing assembly digraph...
2026-07-02 19:52:57.727 | INFO     | pycaalp.time_balancing.model:run_mip:430 - Running MIP solver ...
2026-07-02 19:52:58.457 | INFO     | pycaalp.gapp.assembly_digraph:compute_assembly_digraph_complete:395 - Computing assembly digraph...
2026-07-02 19:52:59.083 | INFO     | pycaalp.time_balancing.model:run_mip:430 - Running MIP solver ...
2026-07-02 19:52:59.922 | INFO     | experiments.edge_reduction.scripts.combination_runs:run_full_edge_reduction_change:98 - Running test with: red_perc=40
2026-07-02 19:52:59.928 | INFO     | pycaalp.gapp.assembly_digraph:compute_assembly_digraph_complete:395 - Computing assembly digraph...
2026-07-02 19:53:00.551 | INFO     | pycaalp.time_balancing.model:run_mip:430 - Running MIP solver ...
2026-07-02 19:53:01.181 | INFO     | pycaalp.gapp.assembly_digraph:compute_assembly_digraph_complete:395 - Computing assembly digraph...
2026-07-02 19:53:01.755 | INFO     | pycaalp.time_balancing.model:run_mip:430 - Running MIP solver ...
2026-07-02 19:53:02.398 | INFO     | pycaalp.gapp.assembly_digraph:compute_assembly_digraph_complete:395 - Computing assembly digraph...
2026-07-02 19:53:02.968 | INFO     | pycaalp.time_balancing.model:run_mip:430 - Running MIP solver ...
2026-07-02 19:53:03.973 | INFO     | pycaalp.gapp.assembly_digraph:compute_assembly_digraph_complete:395 - Computing assembly digraph...
2026-07-02 19:53:04.798 | INFO     | pycaalp.time_balancing.model:run_mip:430 - Running MIP solver ...
2026-07-02 19:53:06.472 | INFO     | pycaalp.gapp.assembly_digraph:compute_assembly_digraph_complete:395 - Computing assembly digraph...
2026-07-02 19:53:07.026 | INFO     | pycaalp.time_balancing.model:run_mip:430 - Running MIP solver ...
2026-07-02 19:53:07.966 | INFO     | experiments.edge_reduction.scripts.combination_runs:run_full_edge_reduction_change:98 - Running test with: red_perc=45
2026-07-02 19:53:07.970 | INFO     | pycaalp.gapp.assembly_digraph:compute_assembly_digraph_complete:395 - Computing assembly digraph...
2026-07-02 19:53:08.595 | INFO     | pycaalp.time_balancing.model:run_mip:430 - Running MIP solver ...
2026-07-02 19:53:09.184 | INFO     | pycaalp.gapp.assembly_digraph:compute_assembly_digraph_complete:395 - Computing assembly digraph...
2026-07-02 19:53:09.748 | INFO     | pycaalp.time_balancing.model:run_mip:430 - Running MIP solver ...
2026-07-02 19:53:10.704 | INFO     | pycaalp.gapp.assembly_digraph:compute_assembly_digraph_complete:395 - Computing assembly digraph...
2026-07-02 19:53:11.283 | INFO     | pycaalp.time_balancing.model:run_mip:430 - Running MIP solver ...
2026-07-02 19:53:12.260 | INFO     | pycaalp.gapp.assembly_digraph:compute_assembly_digraph_complete:395 - Computing assembly digraph...
2026-07-02 19:53:12.874 | INFO     | pycaalp.time_balancing.model:run_mip:430 - Running MIP solver ...
2026-07-02 19:53:13.342 | INFO     | pycaalp.gapp.assembly_digraph:compute_assembly_digraph_complete:395 - Computing assembly digraph...
2026-07-02 19:53:13.961 | INFO     | pycaalp.time_balancing.model:run_mip:430 - Running MIP solver ...
2026-07-02 19:53:14.422 | INFO     | experiments.edge_reduction.scripts.combination_runs:run_full_edge_reduction_change:98 - Running test with: red_perc=50
2026-07-02 19:53:14.425 | INFO     | pycaalp.gapp.assembly_digraph:compute_assembly_digraph_complete:395 - Computing assembly digraph...
2026-07-02 19:53:15.003 | INFO     | pycaalp.time_balancing.model:run_mip:430 - Running MIP solver ...
2026-07-02 19:53:15.571 | INFO     | pycaalp.gapp.assembly_digraph:compute_assembly_digraph_complete:395 - Computing assembly digraph...
2026-07-02 19:53:16.142 | INFO     | pycaalp.time_balancing.model:run_mip:430 - Running MIP solver ...
2026-07-02 19:53:16.774 | INFO     | pycaalp.gapp.assembly_digraph:compute_assembly_digraph_complete:395 - Computing assembly digraph...
2026-07-02 19:53:17.376 | INFO     | pycaalp.time_balancing.model:run_mip:430 - Running MIP solver ...
2026-07-02 19:53:17.850 | INFO     | pycaalp.gapp.assembly_digraph:compute_assembly_digraph_complete:395 - Computing assembly digraph...
2026-07-02 19:53:18.432 | INFO     | pycaalp.time_balancing.model:run_mip:430 - Running MIP solver ...
2026-07-02 19:53:19.117 | INFO     | pycaalp.gapp.assembly_digraph:compute_assembly_digraph_complete:395 - Computing assembly digraph...
2026-07-02 19:53:19.651 | INFO     | pycaalp.time_balancing.model:run_mip:430 - Running MIP solver ...
2026-07-02 19:53:20.179 | INFO     | experiments.edge_reduction.scripts.combination_runs:run_full_edge_reduction_change:98 - Running test with: red_perc=55
2026-07-02 19:53:20.186 | INFO     | pycaalp.gapp.assembly_digraph:compute_assembly_digraph_complete:395 - Computing assembly digraph...
2026-07-02 19:53:20.830 | INFO     | pycaalp.time_balancing.model:run_mip:430 - Running MIP solver ...
2026-07-02 19:53:21.295 | INFO     | pycaalp.gapp.assembly_digraph:compute_assembly_digraph_complete:395 - Computing assembly digraph...
2026-07-02 19:53:21.887 | INFO     | pycaalp.time_balancing.model:run_mip:430 - Running MIP solver ...
2026-07-02 19:53:22.440 | INFO     | pycaalp.gapp.assembly_digraph:compute_assembly_digraph_complete:395 - Computing assembly digraph...
2026-07-02 19:53:23.215 | INFO     | pycaalp.time_balancing.model:run_mip:430 - Running MIP solver ...
2026-07-02 19:53:23.745 | INFO     | pycaalp.gapp.assembly_digraph:compute_assembly_digraph_complete:395 - Computing assembly digraph...
2026-07-02 19:53:24.333 | INFO     | pycaalp.time_balancing.model:run_mip:430 - Running MIP solver ...
2026-07-02 19:53:25.177 | INFO     | pycaalp.gapp.assembly_digraph:compute_assembly_digraph_complete:395 - Computing assembly digraph...
2026-07-02 19:53:25.730 | INFO     | pycaalp.time_balancing.model:run_mip:430 - Running MIP solver ...
2026-07-02 19:53:26.246 | INFO     | experiments.edge_reduction.scripts.combination_runs:run_full_edge_reduction_change:98 - Running test with: red_perc=60
2026-07-02 19:53:26.250 | INFO     | pycaalp.gapp.assembly_digraph:compute_assembly_digraph_complete:395 - Computing assembly digraph...
2026-07-02 19:53:26.843 | INFO     | pycaalp.time_balancing.model:run_mip:430 - Running MIP solver ...
2026-07-02 19:53:27.663 | INFO     | pycaalp.gapp.assembly_digraph:compute_assembly_digraph_complete:395 - Computing assembly digraph...
2026-07-02 19:53:28.305 | INFO     | pycaalp.time_balancing.model:run_mip:430 - Running MIP solver ...
2026-07-02 19:53:29.078 | INFO     | pycaalp.gapp.assembly_digraph:compute_assembly_digraph_complete:395 - Computing assembly digraph...
2026-07-02 19:53:29.812 | INFO     | pycaalp.time_balancing.model:run_mip:430 - Running MIP solver ...
2026-07-02 19:53:30.221 | INFO     | pycaalp.gapp.assembly_digraph:compute_assembly_digraph_complete:395 - Computing assembly digraph...
2026-07-02 19:53:30.838 | INFO     | pycaalp.time_balancing.model:run_mip:430 - Running MIP solver ...
2026-07-02 19:53:31.276 | INFO     | pycaalp.gapp.assembly_digraph:compute_assembly_digraph_complete:395 - Computing assembly digraph...
2026-07-02 19:53:31.896 | INFO     | pycaalp.time_balancing.model:run_mip:430 - Running MIP solver ...
2026-07-02 19:53:32.396 | INFO     | experiments.edge_reduction.scripts.combination_runs:run_full_edge_reduction_change:98 - Running test with: red_perc=65
2026-07-02 19:53:32.401 | INFO     | pycaalp.gapp.assembly_digraph:compute_assembly_digraph_complete:395 - Computing assembly digraph...
2026-07-02 19:53:33.051 | INFO     | pycaalp.time_balancing.model:run_mip:430 - Running MIP solver ...
2026-07-02 19:53:33.628 | INFO     | pycaalp.gapp.assembly_digraph:compute_assembly_digraph_complete:395 - Computing assembly digraph...
2026-07-02 19:53:34.331 | INFO     | pycaalp.time_balancing.model:run_mip:430 - Running MIP solver ...
2026-07-02 19:53:35.587 | INFO     | pycaalp.gapp.assembly_digraph:compute_assembly_digraph_complete:395 - Computing assembly digraph...
2026-07-02 19:53:36.252 | INFO     | pycaalp.time_balancing.model:run_mip:430 - Running MIP solver ...
2026-07-02 19:53:36.645 | INFO     | pycaalp.gapp.assembly_digraph:compute_assembly_digraph_complete:395 - Computing assembly digraph...
2026-07-02 19:53:37.262 | INFO     | pycaalp.time_balancing.model:run_mip:430 - Running MIP solver ...
2026-07-02 19:53:37.673 | INFO     | pycaalp.gapp.assembly_digraph:compute_assembly_digraph_complete:395 - Computing assembly digraph...
2026-07-02 19:53:38.171 | INFO     | pycaalp.time_balancing.model:run_mip:430 - Running MIP solver ...
2026-07-02 19:53:38.766 | INFO     | experiments.edge_reduction.scripts.combination_runs:run_full_edge_reduction_change:98 - Running test with: red_perc=70
2026-07-02 19:53:38.770 | INFO     | pycaalp.gapp.assembly_digraph:compute_assembly_digraph_complete:395 - Computing assembly digraph...
2026-07-02 19:53:39.346 | INFO     | pycaalp.time_balancing.model:run_mip:430 - Running MIP solver ...
2026-07-02 19:53:39.957 | INFO     | pycaalp.gapp.assembly_digraph:compute_assembly_digraph_complete:395 - Computing assembly digraph...
2026-07-02 19:53:40.507 | INFO     | pycaalp.time_balancing.model:run_mip:430 - Running MIP solver ...
2026-07-02 19:53:40.893 | INFO     | pycaalp.gapp.assembly_digraph:compute_assembly_digraph_complete:395 - Computing assembly digraph...
2026-07-02 19:53:41.498 | INFO     | pycaalp.time_balancing.model:run_mip:430 - Running MIP solver ...
2026-07-02 19:53:42.026 | INFO     | pycaalp.gapp.assembly_digraph:compute_assembly_digraph_complete:395 - Computing assembly digraph...
2026-07-02 19:53:42.541 | INFO     | pycaalp.time_balancing.model:run_mip:430 - Running MIP solver ...
2026-07-02 19:53:42.846 | INFO     | pycaalp.gapp.assembly_digraph:compute_assembly_digraph_complete:395 - Computing assembly digraph...
2026-07-02 19:53:43.430 | INFO     | pycaalp.time_balancing.model:run_mip:430 - Running MIP solver ...
2026-07-02 19:53:43.662 | INFO     | __main__:<module>:240 - Running plot_total_time
{0: (np.float64(1.502609), np.float64(0.8391577949673961), np.float64(1092.52), np.float64(0.0), np.float64(0.0), np.float64(0.0), np.float64(1.8374565369449556), np.float64(0.0), np.float64(0.28773401002399623), np.float64(0.0)), 5: (np.float64(1.9000292), np.float64(0.8391577949673961), np.float64(1092.52), np.float64(0.5338991527273291), np.float64(1.2161883888976234e-16), np.float64(0.0), np.float64(2.429104285989888), np.float64(0.5224043734230548), np.float64(0.4904418054036796), np.float64(0.07786682131546195)), 10: (np.float64(1.3610634), np.float64(0.8391577949673961), np.float64(1092.52), np.float64(0.2346415330776714), np.float64(1.4043333874306804e-16), np.float64(0.0), np.float64(1.9127133685862645), np.float64(0.25296917610058617), np.float64(0.5176944933831692), np.float64(0.031599868585201495)), 15: (np.float64(1.459482), np.float64(0.8391577949673961), np.float64(1092.52), np.float64(0.534096228667831), np.float64(1.7199501139797033e-16), np.float64(0.0), np.float64(2.074675688799471), np.float64(0.5835890919382895), np.float64(0.5706172697944567), np.float64(0.06366251072234201)), 20: (np.float64(1.3846702), np.float64(0.8391577949673961), np.float64(1092.52), np.float64(0.19232922504746905), np.float64(1.4043333874306804e-16), np.float64(0.0), np.float64(2.1048040504101664), np.float64(0.19038348568516286), np.float64(0.682992666005157), np.float64(0.025702191725272622)), 25: (np.float64(1.310169), np.float64(0.8391577949673961), np.float64(1092.52), np.float64(0.421288754069225), np.float64(1.790180836524724e-16), np.float64(0.0), np.float64(2.087136998586357), np.float64(0.4751810356753544), np.float64(0.7377464536111802), np.float64(0.0646826686145166)), 30: (np.float64(0.8861113999999999), np.float64(0.8391577949673961), np.float64(1092.52), np.float64(0.18129607996379848), np.float64(1.4895204919483638e-16), np.float64(0.0), np.float64(1.4954422525828703), np.float64(0.14372680392605316), np.float64(0.5771803767886012), np.float64(0.0544101228619256)), 35: (np.float64(0.788293), np.float64(0.8391577949673961), np.float64(1092.52), np.float64(0.1044432280485432), np.float64(0.0), np.float64(0.0), np.float64(1.4082629864104093), np.float64(0.09349515282167349), np.float64(0.5939163753995672), np.float64(0.025358912652532595)), 40: (np.float64(0.9477597999999998), np.float64(0.8391577949673963), np.float64(1092.52), np.float64(0.379400549759433), np.float64(1.4043333874306804e-16), np.float64(0.0), np.float64(1.6046519631752745), np.float64(0.4668612937610179), np.float64(0.6347527588019147), np.float64(0.1029422890219179)), 45: (np.float64(0.6630438), np.float64(0.8391577949673961), np.float64(1092.52), np.float64(0.2269396807915266), np.float64(0.0), np.float64(0.0), np.float64(1.2869223737856372), np.float64(0.20603504129666744), np.float64(0.6049595539923758), np.float64(0.024688851788697213)), 50: (np.float64(0.5494087999999999), np.float64(0.8391577949673963), np.float64(1092.52), np.float64(0.07064586686678846), np.float64(9.930136612989092e-17), np.float64(0.0), np.float64(1.1479296795558185), np.float64(0.07670691425491441), np.float64(0.5776841907761991), np.float64(0.022164654010518123)), 55: (np.float64(0.56016), np.float64(0.8391577949673961), np.float64(1092.52), np.float64(0.1333044100215743), np.float64(1.4043333874306804e-16), np.float64(0.0), np.float64(1.2104917025659234), np.float64(0.13442942922742696), np.float64(0.6351636331761256), np.float64(0.07775572688012543)), 60: (np.float64(0.5580404), np.float64(0.8391577949673961), np.float64(1092.52), np.float64(0.17136803646491372), np.float64(0.0), np.float64(0.0), np.float64(1.2258748273830862), np.float64(0.15350827574285858), np.float64(0.6459870911901817), np.float64(0.04902123698562754)), 65: (np.float64(0.6242198), np.float64(0.8391577949673961), np.float64(1092.52), np.float64(0.31572011587379095), np.float64(1.4043333874306804e-16), np.float64(0.0), np.float64(1.2707927246112376), np.float64(0.349706645615636), np.float64(0.6312165458220989), np.float64(0.06865426698095531)), 70: (np.float64(0.38950019999999996), np.float64(0.8391577949673963), np.float64(1092.52), np.float64(0.14280701303003293), np.float64(1.4043333874306804e-16), np.float64(0.0), np.float64(0.9750054548028857), np.float64(0.15607825723207264), np.float64(0.5696828466141597), np.float64(0.03110139847301438))}
Saved MIP solve time plot in experiments/edge_reduction/sweeps/assembly_1_np_2/lambda_0.4/plots/MIP_solve_time_num_phases_2.svg
2026-07-02 19:53:43.872 | INFO     | __main__:<module>:250 - Running plot_speedup_vs_max_length_lost
Saved speedup_vs_weld_len_degr plot in experiments/edge_reduction/sweeps/assembly_1_np_2/lambda_0.4/plots/speedup_vs_weld_len_degr_num_phases_2.svg
2026-07-02 19:53:44.047 | INFO     | __main__:<module>:253 - Running plot_average_max_time
Saved Max welding length [mm] plot in experiments/edge_reduction/sweeps/assembly_1_np_2/lambda_0.4/plots/Max_welding_length_[mm]_num_phases_2.svg

----------------- λ = 0.5 -----------------
2026-07-02 19:51:50.345 | INFO     | __main__:<module>:193 - Running /home/md/Work/PyCAALP/experiments/edge_reduction/run.py
2026-07-02 19:51:50.345 | INFO     | __main__:<module>:194 - ASSEMBLY_FNAME='data/assembly_1/assembly_1_parts.json'
2026-07-02 19:51:50.345 | INFO     | __main__:<module>:197 - NUM_PHASES=2
2026-07-02 19:51:50.345 | INFO     | __main__:<module>:198 - RES_FNAME='experiments/edge_reduction/sweeps/assembly_1_np_2/lambda_0.5/res.pkl'
2026-07-02 19:51:50.345 | INFO     | experiments.edge_reduction.scripts.combination_runs:run_full_edge_reduction_change:98 - Running test with: red_perc=0
2026-07-02 19:51:50.355 | INFO     | pycaalp.gapp.assembly_digraph:compute_assembly_digraph_complete:395 - Computing assembly digraph...
2026-07-02 19:51:50.670 | INFO     | pycaalp.time_balancing.model:run_mip:430 - Running MIP solver ...
2026-07-02 19:51:52.594 | INFO     | experiments.edge_reduction.scripts.combination_runs:run_full_edge_reduction_change:98 - Running test with: red_perc=5
2026-07-02 19:51:52.597 | INFO     | pycaalp.gapp.assembly_digraph:compute_assembly_digraph_complete:395 - Computing assembly digraph...
2026-07-02 19:51:53.067 | INFO     | pycaalp.time_balancing.model:run_mip:430 - Running MIP solver ...
2026-07-02 19:51:55.721 | INFO     | pycaalp.gapp.assembly_digraph:compute_assembly_digraph_complete:395 - Computing assembly digraph...
2026-07-02 19:51:56.322 | INFO     | pycaalp.time_balancing.model:run_mip:430 - Running MIP solver ...
2026-07-02 19:51:58.045 | INFO     | pycaalp.gapp.assembly_digraph:compute_assembly_digraph_complete:395 - Computing assembly digraph...
2026-07-02 19:51:58.549 | INFO     | pycaalp.time_balancing.model:run_mip:430 - Running MIP solver ...
2026-07-02 19:52:01.348 | INFO     | pycaalp.gapp.assembly_digraph:compute_assembly_digraph_complete:395 - Computing assembly digraph...
2026-07-02 19:52:01.867 | INFO     | pycaalp.time_balancing.model:run_mip:430 - Running MIP solver ...
2026-07-02 19:52:04.194 | INFO     | pycaalp.gapp.assembly_digraph:compute_assembly_digraph_complete:395 - Computing assembly digraph...
2026-07-02 19:52:04.673 | INFO     | pycaalp.time_balancing.model:run_mip:430 - Running MIP solver ...
2026-07-02 19:52:06.143 | INFO     | experiments.edge_reduction.scripts.combination_runs:run_full_edge_reduction_change:98 - Running test with: red_perc=10
2026-07-02 19:52:06.150 | INFO     | pycaalp.gapp.assembly_digraph:compute_assembly_digraph_complete:395 - Computing assembly digraph...
2026-07-02 19:52:06.718 | INFO     | pycaalp.time_balancing.model:run_mip:430 - Running MIP solver ...
2026-07-02 19:52:08.485 | INFO     | pycaalp.gapp.assembly_digraph:compute_assembly_digraph_complete:395 - Computing assembly digraph...
2026-07-02 19:52:09.069 | INFO     | pycaalp.time_balancing.model:run_mip:430 - Running MIP solver ...
2026-07-02 19:52:11.834 | INFO     | pycaalp.gapp.assembly_digraph:compute_assembly_digraph_complete:395 - Computing assembly digraph...
2026-07-02 19:52:12.375 | INFO     | pycaalp.time_balancing.model:run_mip:430 - Running MIP solver ...
2026-07-02 19:52:14.596 | INFO     | pycaalp.gapp.assembly_digraph:compute_assembly_digraph_complete:395 - Computing assembly digraph...
2026-07-02 19:52:15.152 | INFO     | pycaalp.time_balancing.model:run_mip:430 - Running MIP solver ...
2026-07-02 19:52:17.688 | INFO     | pycaalp.gapp.assembly_digraph:compute_assembly_digraph_complete:395 - Computing assembly digraph...
2026-07-02 19:52:18.182 | INFO     | pycaalp.time_balancing.model:run_mip:430 - Running MIP solver ...
2026-07-02 19:52:20.698 | INFO     | experiments.edge_reduction.scripts.combination_runs:run_full_edge_reduction_change:98 - Running test with: red_perc=15
2026-07-02 19:52:20.705 | INFO     | pycaalp.gapp.assembly_digraph:compute_assembly_digraph_complete:395 - Computing assembly digraph...
2026-07-02 19:52:21.328 | INFO     | pycaalp.time_balancing.model:run_mip:430 - Running MIP solver ...
2026-07-02 19:52:22.764 | INFO     | pycaalp.gapp.assembly_digraph:compute_assembly_digraph_complete:395 - Computing assembly digraph...
2026-07-02 19:52:23.509 | INFO     | pycaalp.time_balancing.model:run_mip:430 - Running MIP solver ...
2026-07-02 19:52:25.224 | INFO     | pycaalp.gapp.assembly_digraph:compute_assembly_digraph_complete:395 - Computing assembly digraph...
2026-07-02 19:52:25.854 | INFO     | pycaalp.time_balancing.model:run_mip:430 - Running MIP solver ...
2026-07-02 19:52:27.399 | INFO     | pycaalp.gapp.assembly_digraph:compute_assembly_digraph_complete:395 - Computing assembly digraph...
2026-07-02 19:52:28.010 | INFO     | pycaalp.time_balancing.model:run_mip:430 - Running MIP solver ...
2026-07-02 19:52:29.887 | INFO     | pycaalp.gapp.assembly_digraph:compute_assembly_digraph_complete:395 - Computing assembly digraph...
2026-07-02 19:52:30.512 | INFO     | pycaalp.time_balancing.model:run_mip:430 - Running MIP solver ...
2026-07-02 19:52:33.158 | INFO     | experiments.edge_reduction.scripts.combination_runs:run_full_edge_reduction_change:98 - Running test with: red_perc=20
2026-07-02 19:52:33.163 | INFO     | pycaalp.gapp.assembly_digraph:compute_assembly_digraph_complete:395 - Computing assembly digraph...
2026-07-02 19:52:33.821 | INFO     | pycaalp.time_balancing.model:run_mip:430 - Running MIP solver ...
2026-07-02 19:52:34.965 | INFO     | pycaalp.gapp.assembly_digraph:compute_assembly_digraph_complete:395 - Computing assembly digraph...
2026-07-02 19:52:35.716 | INFO     | pycaalp.time_balancing.model:run_mip:430 - Running MIP solver ...
2026-07-02 19:52:37.928 | INFO     | pycaalp.gapp.assembly_digraph:compute_assembly_digraph_complete:395 - Computing assembly digraph...
2026-07-02 19:52:38.690 | INFO     | pycaalp.time_balancing.model:run_mip:430 - Running MIP solver ...
2026-07-02 19:52:40.332 | INFO     | pycaalp.gapp.assembly_digraph:compute_assembly_digraph_complete:395 - Computing assembly digraph...
2026-07-02 19:52:41.118 | INFO     | pycaalp.time_balancing.model:run_mip:430 - Running MIP solver ...
2026-07-02 19:52:42.684 | INFO     | pycaalp.gapp.assembly_digraph:compute_assembly_digraph_complete:395 - Computing assembly digraph...
2026-07-02 19:52:43.491 | INFO     | pycaalp.time_balancing.model:run_mip:430 - Running MIP solver ...
2026-07-02 19:52:45.336 | INFO     | experiments.edge_reduction.scripts.combination_runs:run_full_edge_reduction_change:98 - Running test with: red_perc=25
2026-07-02 19:52:45.340 | INFO     | pycaalp.gapp.assembly_digraph:compute_assembly_digraph_complete:395 - Computing assembly digraph...
2026-07-02 19:52:45.836 | INFO     | pycaalp.time_balancing.model:run_mip:430 - Running MIP solver ...
2026-07-02 19:52:46.965 | INFO     | pycaalp.gapp.assembly_digraph:compute_assembly_digraph_complete:395 - Computing assembly digraph...
2026-07-02 19:52:47.682 | INFO     | pycaalp.time_balancing.model:run_mip:430 - Running MIP solver ...
2026-07-02 19:52:48.806 | INFO     | pycaalp.gapp.assembly_digraph:compute_assembly_digraph_complete:395 - Computing assembly digraph...
2026-07-02 19:52:49.442 | INFO     | pycaalp.time_balancing.model:run_mip:430 - Running MIP solver ...
2026-07-02 19:52:51.026 | INFO     | pycaalp.gapp.assembly_digraph:compute_assembly_digraph_complete:395 - Computing assembly digraph...
2026-07-02 19:52:51.662 | INFO     | pycaalp.time_balancing.model:run_mip:430 - Running MIP solver ...
2026-07-02 19:52:52.632 | INFO     | pycaalp.gapp.assembly_digraph:compute_assembly_digraph_complete:395 - Computing assembly digraph...
2026-07-02 19:52:53.138 | INFO     | pycaalp.time_balancing.model:run_mip:430 - Running MIP solver ...
2026-07-02 19:52:54.038 | INFO     | experiments.edge_reduction.scripts.combination_runs:run_full_edge_reduction_change:98 - Running test with: red_perc=30
2026-07-02 19:52:54.041 | INFO     | pycaalp.gapp.assembly_digraph:compute_assembly_digraph_complete:395 - Computing assembly digraph...
2026-07-02 19:52:54.726 | INFO     | pycaalp.time_balancing.model:run_mip:430 - Running MIP solver ...
2026-07-02 19:52:55.908 | INFO     | pycaalp.gapp.assembly_digraph:compute_assembly_digraph_complete:395 - Computing assembly digraph...
2026-07-02 19:52:56.586 | INFO     | pycaalp.time_balancing.model:run_mip:430 - Running MIP solver ...
2026-07-02 19:52:57.657 | INFO     | pycaalp.gapp.assembly_digraph:compute_assembly_digraph_complete:395 - Computing assembly digraph...
2026-07-02 19:52:58.288 | INFO     | pycaalp.time_balancing.model:run_mip:430 - Running MIP solver ...
2026-07-02 19:52:59.961 | INFO     | pycaalp.gapp.assembly_digraph:compute_assembly_digraph_complete:395 - Computing assembly digraph...
2026-07-02 19:53:00.538 | INFO     | pycaalp.time_balancing.model:run_mip:430 - Running MIP solver ...
2026-07-02 19:53:03.281 | INFO     | pycaalp.gapp.assembly_digraph:compute_assembly_digraph_complete:395 - Computing assembly digraph...
2026-07-02 19:53:04.125 | INFO     | pycaalp.time_balancing.model:run_mip:430 - Running MIP solver ...
2026-07-02 19:53:05.125 | INFO     | experiments.edge_reduction.scripts.combination_runs:run_full_edge_reduction_change:98 - Running test with: red_perc=35
2026-07-02 19:53:05.129 | INFO     | pycaalp.gapp.assembly_digraph:compute_assembly_digraph_complete:395 - Computing assembly digraph...
2026-07-02 19:53:05.733 | INFO     | pycaalp.time_balancing.model:run_mip:430 - Running MIP solver ...
2026-07-02 19:53:06.512 | INFO     | pycaalp.gapp.assembly_digraph:compute_assembly_digraph_complete:395 - Computing assembly digraph...
2026-07-02 19:53:07.191 | INFO     | pycaalp.time_balancing.model:run_mip:430 - Running MIP solver ...
2026-07-02 19:53:08.200 | INFO     | pycaalp.gapp.assembly_digraph:compute_assembly_digraph_complete:395 - Computing assembly digraph...
2026-07-02 19:53:08.807 | INFO     | pycaalp.time_balancing.model:run_mip:430 - Running MIP solver ...
2026-07-02 19:53:09.572 | INFO     | pycaalp.gapp.assembly_digraph:compute_assembly_digraph_complete:395 - Computing assembly digraph...
2026-07-02 19:53:10.102 | INFO     | pycaalp.time_balancing.model:run_mip:430 - Running MIP solver ...
2026-07-02 19:53:11.363 | INFO     | pycaalp.gapp.assembly_digraph:compute_assembly_digraph_complete:395 - Computing assembly digraph...
2026-07-02 19:53:12.007 | INFO     | pycaalp.time_balancing.model:run_mip:430 - Running MIP solver ...
2026-07-02 19:53:13.014 | INFO     | experiments.edge_reduction.scripts.combination_runs:run_full_edge_reduction_change:98 - Running test with: red_perc=40
2026-07-02 19:53:13.018 | INFO     | pycaalp.gapp.assembly_digraph:compute_assembly_digraph_complete:395 - Computing assembly digraph...
2026-07-02 19:53:13.679 | INFO     | pycaalp.time_balancing.model:run_mip:430 - Running MIP solver ...
2026-07-02 19:53:14.846 | INFO     | pycaalp.gapp.assembly_digraph:compute_assembly_digraph_complete:395 - Computing assembly digraph...
2026-07-02 19:53:15.451 | INFO     | pycaalp.time_balancing.model:run_mip:430 - Running MIP solver ...
2026-07-02 19:53:16.196 | INFO     | pycaalp.gapp.assembly_digraph:compute_assembly_digraph_complete:395 - Computing assembly digraph...
2026-07-02 19:53:16.777 | INFO     | pycaalp.time_balancing.model:run_mip:430 - Running MIP solver ...
2026-07-02 19:53:18.156 | INFO     | pycaalp.gapp.assembly_digraph:compute_assembly_digraph_complete:395 - Computing assembly digraph...
2026-07-02 19:53:18.756 | INFO     | pycaalp.time_balancing.model:run_mip:430 - Running MIP solver ...
2026-07-02 19:53:19.442 | INFO     | pycaalp.gapp.assembly_digraph:compute_assembly_digraph_complete:395 - Computing assembly digraph...
2026-07-02 19:53:20.052 | INFO     | pycaalp.time_balancing.model:run_mip:430 - Running MIP solver ...
2026-07-02 19:53:20.720 | INFO     | experiments.edge_reduction.scripts.combination_runs:run_full_edge_reduction_change:98 - Running test with: red_perc=45
2026-07-02 19:53:20.723 | INFO     | pycaalp.gapp.assembly_digraph:compute_assembly_digraph_complete:395 - Computing assembly digraph...
2026-07-02 19:53:21.366 | INFO     | pycaalp.time_balancing.model:run_mip:430 - Running MIP solver ...
2026-07-02 19:53:22.193 | INFO     | pycaalp.gapp.assembly_digraph:compute_assembly_digraph_complete:395 - Computing assembly digraph...
2026-07-02 19:53:22.826 | INFO     | pycaalp.time_balancing.model:run_mip:430 - Running MIP solver ...
2026-07-02 19:53:23.335 | INFO     | pycaalp.gapp.assembly_digraph:compute_assembly_digraph_complete:395 - Computing assembly digraph...
2026-07-02 19:53:23.990 | INFO     | pycaalp.time_balancing.model:run_mip:430 - Running MIP solver ...
2026-07-02 19:53:24.611 | INFO     | pycaalp.gapp.assembly_digraph:compute_assembly_digraph_complete:395 - Computing assembly digraph...
2026-07-02 19:53:25.146 | INFO     | pycaalp.time_balancing.model:run_mip:430 - Running MIP solver ...
2026-07-02 19:53:25.768 | INFO     | pycaalp.gapp.assembly_digraph:compute_assembly_digraph_complete:395 - Computing assembly digraph...
2026-07-02 19:53:26.301 | INFO     | pycaalp.time_balancing.model:run_mip:430 - Running MIP solver ...
2026-07-02 19:53:26.892 | INFO     | experiments.edge_reduction.scripts.combination_runs:run_full_edge_reduction_change:98 - Running test with: red_perc=50
2026-07-02 19:53:26.895 | INFO     | pycaalp.gapp.assembly_digraph:compute_assembly_digraph_complete:395 - Computing assembly digraph...
2026-07-02 19:53:27.456 | INFO     | pycaalp.time_balancing.model:run_mip:430 - Running MIP solver ...
2026-07-02 19:53:28.240 | INFO     | pycaalp.gapp.assembly_digraph:compute_assembly_digraph_complete:395 - Computing assembly digraph...
2026-07-02 19:53:29.019 | INFO     | pycaalp.time_balancing.model:run_mip:430 - Running MIP solver ...
2026-07-02 19:53:30.161 | INFO     | pycaalp.gapp.assembly_digraph:compute_assembly_digraph_complete:395 - Computing assembly digraph...
2026-07-02 19:53:30.783 | INFO     | pycaalp.time_balancing.model:run_mip:430 - Running MIP solver ...
2026-07-02 19:53:31.363 | INFO     | pycaalp.gapp.assembly_digraph:compute_assembly_digraph_complete:395 - Computing assembly digraph...
2026-07-02 19:53:31.971 | INFO     | pycaalp.time_balancing.model:run_mip:430 - Running MIP solver ...
2026-07-02 19:53:32.519 | INFO     | pycaalp.gapp.assembly_digraph:compute_assembly_digraph_complete:395 - Computing assembly digraph...
2026-07-02 19:53:33.215 | INFO     | pycaalp.time_balancing.model:run_mip:430 - Running MIP solver ...
2026-07-02 19:53:33.658 | INFO     | experiments.edge_reduction.scripts.combination_runs:run_full_edge_reduction_change:98 - Running test with: red_perc=55
2026-07-02 19:53:33.662 | INFO     | pycaalp.gapp.assembly_digraph:compute_assembly_digraph_complete:395 - Computing assembly digraph...
2026-07-02 19:53:34.218 | INFO     | pycaalp.time_balancing.model:run_mip:430 - Running MIP solver ...
2026-07-02 19:53:34.747 | INFO     | pycaalp.gapp.assembly_digraph:compute_assembly_digraph_complete:395 - Computing assembly digraph...
2026-07-02 19:53:35.345 | INFO     | pycaalp.time_balancing.model:run_mip:430 - Running MIP solver ...
2026-07-02 19:53:35.817 | INFO     | pycaalp.gapp.assembly_digraph:compute_assembly_digraph_complete:395 - Computing assembly digraph...
2026-07-02 19:53:36.413 | INFO     | pycaalp.time_balancing.model:run_mip:430 - Running MIP solver ...
2026-07-02 19:53:37.066 | INFO     | pycaalp.gapp.assembly_digraph:compute_assembly_digraph_complete:395 - Computing assembly digraph...
2026-07-02 19:53:37.665 | INFO     | pycaalp.time_balancing.model:run_mip:430 - Running MIP solver ...
2026-07-02 19:53:38.194 | INFO     | pycaalp.gapp.assembly_digraph:compute_assembly_digraph_complete:395 - Computing assembly digraph...
2026-07-02 19:53:38.763 | INFO     | pycaalp.time_balancing.model:run_mip:430 - Running MIP solver ...
2026-07-02 19:53:39.186 | INFO     | experiments.edge_reduction.scripts.combination_runs:run_full_edge_reduction_change:98 - Running test with: red_perc=60
2026-07-02 19:53:39.190 | INFO     | pycaalp.gapp.assembly_digraph:compute_assembly_digraph_complete:395 - Computing assembly digraph...
2026-07-02 19:53:39.778 | INFO     | pycaalp.time_balancing.model:run_mip:430 - Running MIP solver ...
2026-07-02 19:53:40.259 | INFO     | pycaalp.gapp.assembly_digraph:compute_assembly_digraph_complete:395 - Computing assembly digraph...
2026-07-02 19:53:40.839 | INFO     | pycaalp.time_balancing.model:run_mip:430 - Running MIP solver ...
2026-07-02 19:53:41.583 | INFO     | pycaalp.gapp.assembly_digraph:compute_assembly_digraph_complete:395 - Computing assembly digraph...
2026-07-02 19:53:42.106 | INFO     | pycaalp.time_balancing.model:run_mip:430 - Running MIP solver ...
2026-07-02 19:53:43.062 | INFO     | pycaalp.gapp.assembly_digraph:compute_assembly_digraph_complete:395 - Computing assembly digraph...
2026-07-02 19:53:43.663 | INFO     | pycaalp.time_balancing.model:run_mip:430 - Running MIP solver ...
2026-07-02 19:53:44.035 | INFO     | pycaalp.gapp.assembly_digraph:compute_assembly_digraph_complete:395 - Computing assembly digraph...
2026-07-02 19:53:44.657 | INFO     | pycaalp.time_balancing.model:run_mip:430 - Running MIP solver ...
2026-07-02 19:53:45.078 | INFO     | experiments.edge_reduction.scripts.combination_runs:run_full_edge_reduction_change:98 - Running test with: red_perc=65
2026-07-02 19:53:45.082 | INFO     | pycaalp.gapp.assembly_digraph:compute_assembly_digraph_complete:395 - Computing assembly digraph...
2026-07-02 19:53:45.640 | INFO     | pycaalp.time_balancing.model:run_mip:430 - Running MIP solver ...
2026-07-02 19:53:46.055 | INFO     | pycaalp.gapp.assembly_digraph:compute_assembly_digraph_complete:395 - Computing assembly digraph...
2026-07-02 19:53:46.594 | INFO     | pycaalp.time_balancing.model:run_mip:430 - Running MIP solver ...
2026-07-02 19:53:46.844 | INFO     | pycaalp.gapp.assembly_digraph:compute_assembly_digraph_complete:395 - Computing assembly digraph...
2026-07-02 19:53:47.332 | INFO     | pycaalp.time_balancing.model:run_mip:430 - Running MIP solver ...
2026-07-02 19:53:47.661 | INFO     | pycaalp.gapp.assembly_digraph:compute_assembly_digraph_complete:395 - Computing assembly digraph...
2026-07-02 19:53:48.211 | INFO     | pycaalp.time_balancing.model:run_mip:430 - Running MIP solver ...
2026-07-02 19:53:48.562 | INFO     | pycaalp.gapp.assembly_digraph:compute_assembly_digraph_complete:395 - Computing assembly digraph...
2026-07-02 19:53:49.114 | INFO     | pycaalp.time_balancing.model:run_mip:430 - Running MIP solver ...
2026-07-02 19:53:49.991 | INFO     | experiments.edge_reduction.scripts.combination_runs:run_full_edge_reduction_change:98 - Running test with: red_perc=70
2026-07-02 19:53:49.996 | INFO     | pycaalp.gapp.assembly_digraph:compute_assembly_digraph_complete:395 - Computing assembly digraph...
2026-07-02 19:53:50.477 | INFO     | pycaalp.time_balancing.model:run_mip:430 - Running MIP solver ...
2026-07-02 19:53:50.792 | INFO     | pycaalp.gapp.assembly_digraph:compute_assembly_digraph_complete:395 - Computing assembly digraph...
2026-07-02 19:53:51.281 | INFO     | pycaalp.time_balancing.model:run_mip:430 - Running MIP solver ...
2026-07-02 19:53:51.618 | INFO     | pycaalp.gapp.assembly_digraph:compute_assembly_digraph_complete:395 - Computing assembly digraph...
2026-07-02 19:53:52.107 | INFO     | pycaalp.time_balancing.model:run_mip:430 - Running MIP solver ...
2026-07-02 19:53:52.608 | INFO     | pycaalp.gapp.assembly_digraph:compute_assembly_digraph_complete:395 - Computing assembly digraph...
2026-07-02 19:53:53.051 | INFO     | pycaalp.time_balancing.model:run_mip:430 - Running MIP solver ...
2026-07-02 19:53:53.472 | INFO     | pycaalp.gapp.assembly_digraph:compute_assembly_digraph_complete:395 - Computing assembly digraph...
2026-07-02 19:53:53.955 | INFO     | pycaalp.time_balancing.model:run_mip:430 - Running MIP solver ...
2026-07-02 19:53:54.409 | INFO     | __main__:<module>:240 - Running plot_total_time
{0: (np.float64(1.88069), np.float64(0.8399337781545034), np.float64(1092.52), np.float64(0.0), np.float64(0.0), np.float64(0.0), np.float64(2.248360391939059), np.float64(0.0), np.float64(0.32424450595863163), np.float64(0.0)), 5: (np.float64(2.1411119999999997), np.float64(0.8399337781545032), np.float64(1092.52), np.float64(0.5152707517043832), np.float64(1.3136335981433191e-16), np.float64(0.0), np.float64(2.7025197596289217), np.float64(0.5015960246209464), np.float64(0.5190597404260189), np.float64(0.04749786264560408)), 10: (np.float64(2.3228722), np.float64(0.8399337781545034), np.float64(1092.52), np.float64(0.3408422311459658), np.float64(7.021666937153402e-17), np.float64(0.0), np.float64(2.902884041820653), np.float64(0.34281983363335017), np.float64(0.5540382925886661), np.float64(0.03171354267057192)), 15: (np.float64(1.800838), np.float64(0.8399337781545032), np.float64(1092.52), np.float64(0.42472180055231457), np.float64(8.599750569898517e-17), np.float64(0.0), np.float64(2.4863514330238106), np.float64(0.42589886401660837), np.float64(0.6521073066163808), np.float64(0.04868127551046806)), 20: (np.float64(1.6215296), np.float64(0.8399337781545032), np.float64(1092.52), np.float64(0.36193656224183823), np.float64(1.1102230246251565e-16), np.float64(0.0), np.float64(2.4244062091689558), np.float64(0.3839586539106092), np.float64(0.7591676187934354), np.float64(0.051756370345394986)), 25: (np.float64(1.0808887999999999), np.float64(0.8399337781545034), np.float64(1092.52), np.float64(0.23211070796790054), np.float64(8.599750569898517e-17), np.float64(0.0), np.float64(1.7341048027854413), np.float64(0.2780416222476706), np.float64(0.6034022555686533), np.float64(0.08582143191195879)), 30: (np.float64(1.503524), np.float64(0.8399337781545034), np.float64(1092.52), np.float64(0.650971396049934), np.float64(1.2161883888976234e-16), np.float64(0.0), np.float64(2.212392872804776), np.float64(0.5839341681360739), np.float64(0.687476608576253), np.float64(0.08915947122513514)), 35: (np.float64(0.9215691999999999), np.float64(0.8399337781545034), np.float64(1092.52), np.float64(0.1727290938914461), np.float64(1.4043333874306804e-16), np.float64(0.0), np.float64(1.5735860401997344), np.float64(0.17066593225898774), np.float64(0.6174087787978351), np.float64(0.05040445924644239)), 40: (np.float64(0.8956615999999998), np.float64(0.8399337781545032), np.float64(1092.52), np.float64(0.29063653976236364), np.float64(1.1102230246251565e-16), np.float64(0.0), np.float64(1.5372087983647362), np.float64(0.2932217363969507), np.float64(0.6159903590101748), np.float64(0.02665072303601167)), 45: (np.float64(0.5985158), np.float64(0.8399337781545032), np.float64(1092.52), np.float64(0.10358029035950805), np.float64(9.930136612989092e-17), np.float64(0.0), np.float64(1.2301362095866353), np.float64(0.12622858827383773), np.float64(0.6055614284006878), np.float64(0.052721341414351815)), 50: (np.float64(0.6667466), np.float64(0.8399337781545032), np.float64(1092.52), np.float64(0.24508571239352162), np.float64(1.1102230246251565e-16), np.float64(0.0), np.float64(1.3496909277979285), np.float64(0.290101592725021), np.float64(0.6586441699881107), np.float64(0.0761798899809616)), 55: (np.float64(0.4938524), np.float64(0.8399337781545029), np.float64(1092.52), np.float64(0.0775397516415935), np.float64(9.23556091296148e-16), np.float64(0.0), np.float64(1.1027582777896896), np.float64(0.08288423706523017), np.float64(0.5880889107938856), np.float64(0.017390516263555846)), 60: (np.float64(0.5692525999999999), np.float64(0.8399337781545034), np.float64(1092.52), np.float64(0.21887821728404128), np.float64(1.3136335981433191e-16), np.float64(0.0), np.float64(1.1755317432340235), np.float64(0.19024320831542302), np.float64(0.5872867854079231), np.float64(0.0332967340263049)), 65: (np.float64(0.4250768), np.float64(0.8399337781545032), np.float64(1092.52), np.float64(0.2237195558974673), np.float64(1.4043333874306804e-16), np.float64(0.0), np.float64(0.9799744179937988), np.float64(0.2339118534666144), np.float64(0.541126137599349), np.float64(0.0254609395883336)), 70: (np.float64(0.3827812), np.float64(0.8399337781545032), np.float64(1092.52), np.float64(0.06743115481259386), np.float64(1.1102230246251565e-16), np.float64(0.0), np.float64(0.8809379154350608), np.float64(0.0713076468412929), np.float64(0.4806898982496932), np.float64(0.017338391826119792))}
Saved MIP solve time plot in experiments/edge_reduction/sweeps/assembly_1_np_2/lambda_0.5/plots/MIP_solve_time_num_phases_2.svg
2026-07-02 19:53:54.545 | INFO     | __main__:<module>:250 - Running plot_speedup_vs_max_length_lost
Saved speedup_vs_weld_len_degr plot in experiments/edge_reduction/sweeps/assembly_1_np_2/lambda_0.5/plots/speedup_vs_weld_len_degr_num_phases_2.svg
2026-07-02 19:53:54.692 | INFO     | __main__:<module>:253 - Running plot_average_max_time
Saved Max welding length [mm] plot in experiments/edge_reduction/sweeps/assembly_1_np_2/lambda_0.5/plots/Max_welding_length_[mm]_num_phases_2.svg

----------------- λ = 0.6 -----------------
2026-07-02 19:51:50.350 | INFO     | __main__:<module>:193 - Running /home/md/Work/PyCAALP/experiments/edge_reduction/run.py
2026-07-02 19:51:50.350 | INFO     | __main__:<module>:194 - ASSEMBLY_FNAME='data/assembly_1/assembly_1_parts.json'
2026-07-02 19:51:50.350 | INFO     | __main__:<module>:197 - NUM_PHASES=2
2026-07-02 19:51:50.350 | INFO     | __main__:<module>:198 - RES_FNAME='experiments/edge_reduction/sweeps/assembly_1_np_2/lambda_0.6/res.pkl'
2026-07-02 19:51:50.350 | INFO     | experiments.edge_reduction.scripts.combination_runs:run_full_edge_reduction_change:98 - Running test with: red_perc=0
2026-07-02 19:51:50.355 | INFO     | pycaalp.gapp.assembly_digraph:compute_assembly_digraph_complete:395 - Computing assembly digraph...
2026-07-02 19:51:50.648 | INFO     | pycaalp.time_balancing.model:run_mip:430 - Running MIP solver ...
2026-07-02 19:51:53.173 | INFO     | experiments.edge_reduction.scripts.combination_runs:run_full_edge_reduction_change:98 - Running test with: red_perc=5
2026-07-02 19:51:53.176 | INFO     | pycaalp.gapp.assembly_digraph:compute_assembly_digraph_complete:395 - Computing assembly digraph...
2026-07-02 19:51:53.728 | INFO     | pycaalp.time_balancing.model:run_mip:430 - Running MIP solver ...
2026-07-02 19:51:56.798 | INFO     | pycaalp.gapp.assembly_digraph:compute_assembly_digraph_complete:395 - Computing assembly digraph...
2026-07-02 19:51:57.321 | INFO     | pycaalp.time_balancing.model:run_mip:430 - Running MIP solver ...
2026-07-02 19:51:59.004 | INFO     | pycaalp.gapp.assembly_digraph:compute_assembly_digraph_complete:395 - Computing assembly digraph...
2026-07-02 19:51:59.488 | INFO     | pycaalp.time_balancing.model:run_mip:430 - Running MIP solver ...
2026-07-02 19:52:01.837 | INFO     | pycaalp.gapp.assembly_digraph:compute_assembly_digraph_complete:395 - Computing assembly digraph...
2026-07-02 19:52:02.380 | INFO     | pycaalp.time_balancing.model:run_mip:430 - Running MIP solver ...
2026-07-02 19:52:05.165 | INFO     | pycaalp.gapp.assembly_digraph:compute_assembly_digraph_complete:395 - Computing assembly digraph...
2026-07-02 19:52:05.693 | INFO     | pycaalp.time_balancing.model:run_mip:430 - Running MIP solver ...
2026-07-02 19:52:08.583 | INFO     | experiments.edge_reduction.scripts.combination_runs:run_full_edge_reduction_change:98 - Running test with: red_perc=10
2026-07-02 19:52:08.587 | INFO     | pycaalp.gapp.assembly_digraph:compute_assembly_digraph_complete:395 - Computing assembly digraph...
2026-07-02 19:52:09.081 | INFO     | pycaalp.time_balancing.model:run_mip:430 - Running MIP solver ...
2026-07-02 19:52:11.901 | INFO     | pycaalp.gapp.assembly_digraph:compute_assembly_digraph_complete:395 - Computing assembly digraph...
2026-07-02 19:52:12.463 | INFO     | pycaalp.time_balancing.model:run_mip:430 - Running MIP solver ...
2026-07-02 19:52:14.544 | INFO     | pycaalp.gapp.assembly_digraph:compute_assembly_digraph_complete:395 - Computing assembly digraph...
2026-07-02 19:52:15.074 | INFO     | pycaalp.time_balancing.model:run_mip:430 - Running MIP solver ...
2026-07-02 19:52:17.510 | INFO     | pycaalp.gapp.assembly_digraph:compute_assembly_digraph_complete:395 - Computing assembly digraph...
2026-07-02 19:52:18.026 | INFO     | pycaalp.time_balancing.model:run_mip:430 - Running MIP solver ...
2026-07-02 19:52:20.798 | INFO     | pycaalp.gapp.assembly_digraph:compute_assembly_digraph_complete:395 - Computing assembly digraph...
2026-07-02 19:52:21.398 | INFO     | pycaalp.time_balancing.model:run_mip:430 - Running MIP solver ...
2026-07-02 19:52:24.335 | INFO     | experiments.edge_reduction.scripts.combination_runs:run_full_edge_reduction_change:98 - Running test with: red_perc=15
2026-07-02 19:52:24.342 | INFO     | pycaalp.gapp.assembly_digraph:compute_assembly_digraph_complete:395 - Computing assembly digraph...
2026-07-02 19:52:24.987 | INFO     | pycaalp.time_balancing.model:run_mip:430 - Running MIP solver ...
2026-07-02 19:52:27.332 | INFO     | pycaalp.gapp.assembly_digraph:compute_assembly_digraph_complete:395 - Computing assembly digraph...
2026-07-02 19:52:27.939 | INFO     | pycaalp.time_balancing.model:run_mip:430 - Running MIP solver ...
2026-07-02 19:52:29.725 | INFO     | pycaalp.gapp.assembly_digraph:compute_assembly_digraph_complete:395 - Computing assembly digraph...
2026-07-02 19:52:30.374 | INFO     | pycaalp.time_balancing.model:run_mip:430 - Running MIP solver ...
2026-07-02 19:52:33.155 | INFO     | pycaalp.gapp.assembly_digraph:compute_assembly_digraph_complete:395 - Computing assembly digraph...
2026-07-02 19:52:33.818 | INFO     | pycaalp.time_balancing.model:run_mip:430 - Running MIP solver ...
2026-07-02 19:52:36.110 | INFO     | pycaalp.gapp.assembly_digraph:compute_assembly_digraph_complete:395 - Computing assembly digraph...
2026-07-02 19:52:36.703 | INFO     | pycaalp.time_balancing.model:run_mip:430 - Running MIP solver ...
2026-07-02 19:52:39.280 | INFO     | experiments.edge_reduction.scripts.combination_runs:run_full_edge_reduction_change:98 - Running test with: red_perc=20
2026-07-02 19:52:39.284 | INFO     | pycaalp.gapp.assembly_digraph:compute_assembly_digraph_complete:395 - Computing assembly digraph...
2026-07-02 19:52:40.055 | INFO     | pycaalp.time_balancing.model:run_mip:430 - Running MIP solver ...
2026-07-02 19:52:42.875 | INFO     | pycaalp.gapp.assembly_digraph:compute_assembly_digraph_complete:395 - Computing assembly digraph...
2026-07-02 19:52:43.464 | INFO     | pycaalp.time_balancing.model:run_mip:430 - Running MIP solver ...
2026-07-02 19:52:45.049 | INFO     | pycaalp.gapp.assembly_digraph:compute_assembly_digraph_complete:395 - Computing assembly digraph...
2026-07-02 19:52:45.662 | INFO     | pycaalp.time_balancing.model:run_mip:430 - Running MIP solver ...
2026-07-02 19:52:49.033 | INFO     | pycaalp.gapp.assembly_digraph:compute_assembly_digraph_complete:395 - Computing assembly digraph...
2026-07-02 19:52:49.640 | INFO     | pycaalp.time_balancing.model:run_mip:430 - Running MIP solver ...
2026-07-02 19:52:51.092 | INFO     | pycaalp.gapp.assembly_digraph:compute_assembly_digraph_complete:395 - Computing assembly digraph...
2026-07-02 19:52:51.624 | INFO     | pycaalp.time_balancing.model:run_mip:430 - Running MIP solver ...
2026-07-02 19:52:53.506 | INFO     | experiments.edge_reduction.scripts.combination_runs:run_full_edge_reduction_change:98 - Running test with: red_perc=25
2026-07-02 19:52:53.509 | INFO     | pycaalp.gapp.assembly_digraph:compute_assembly_digraph_complete:395 - Computing assembly digraph...
2026-07-02 19:52:54.083 | INFO     | pycaalp.time_balancing.model:run_mip:430 - Running MIP solver ...
2026-07-02 19:52:55.333 | INFO     | pycaalp.gapp.assembly_digraph:compute_assembly_digraph_complete:395 - Computing assembly digraph...
2026-07-02 19:52:55.938 | INFO     | pycaalp.time_balancing.model:run_mip:430 - Running MIP solver ...
2026-07-02 19:52:57.983 | INFO     | pycaalp.gapp.assembly_digraph:compute_assembly_digraph_complete:395 - Computing assembly digraph...
2026-07-02 19:52:58.495 | INFO     | pycaalp.time_balancing.model:run_mip:430 - Running MIP solver ...
2026-07-02 19:53:00.235 | INFO     | pycaalp.gapp.assembly_digraph:compute_assembly_digraph_complete:395 - Computing assembly digraph...
2026-07-02 19:53:00.844 | INFO     | pycaalp.time_balancing.model:run_mip:430 - Running MIP solver ...
2026-07-02 19:53:02.230 | INFO     | pycaalp.gapp.assembly_digraph:compute_assembly_digraph_complete:395 - Computing assembly digraph...
2026-07-02 19:53:02.824 | INFO     | pycaalp.time_balancing.model:run_mip:430 - Running MIP solver ...
2026-07-02 19:53:04.439 | INFO     | experiments.edge_reduction.scripts.combination_runs:run_full_edge_reduction_change:98 - Running test with: red_perc=30
2026-07-02 19:53:04.444 | INFO     | pycaalp.gapp.assembly_digraph:compute_assembly_digraph_complete:395 - Computing assembly digraph...
2026-07-02 19:53:04.994 | INFO     | pycaalp.time_balancing.model:run_mip:430 - Running MIP solver ...
2026-07-02 19:53:06.506 | INFO     | pycaalp.gapp.assembly_digraph:compute_assembly_digraph_complete:395 - Computing assembly digraph...
2026-07-02 19:53:07.040 | INFO     | pycaalp.time_balancing.model:run_mip:430 - Running MIP solver ...
2026-07-02 19:53:08.543 | INFO     | pycaalp.gapp.assembly_digraph:compute_assembly_digraph_complete:395 - Computing assembly digraph...
2026-07-02 19:53:09.088 | INFO     | pycaalp.time_balancing.model:run_mip:430 - Running MIP solver ...
2026-07-02 19:53:10.246 | INFO     | pycaalp.gapp.assembly_digraph:compute_assembly_digraph_complete:395 - Computing assembly digraph...
2026-07-02 19:53:10.831 | INFO     | pycaalp.time_balancing.model:run_mip:430 - Running MIP solver ...
2026-07-02 19:53:12.715 | INFO     | pycaalp.gapp.assembly_digraph:compute_assembly_digraph_complete:395 - Computing assembly digraph...
2026-07-02 19:53:13.268 | INFO     | pycaalp.time_balancing.model:run_mip:430 - Running MIP solver ...
2026-07-02 19:53:14.634 | INFO     | experiments.edge_reduction.scripts.combination_runs:run_full_edge_reduction_change:98 - Running test with: red_perc=35
2026-07-02 19:53:14.638 | INFO     | pycaalp.gapp.assembly_digraph:compute_assembly_digraph_complete:395 - Computing assembly digraph...
2026-07-02 19:53:15.170 | INFO     | pycaalp.time_balancing.model:run_mip:430 - Running MIP solver ...
2026-07-02 19:53:16.022 | INFO     | pycaalp.gapp.assembly_digraph:compute_assembly_digraph_complete:395 - Computing assembly digraph...
2026-07-02 19:53:16.583 | INFO     | pycaalp.time_balancing.model:run_mip:430 - Running MIP solver ...
2026-07-02 19:53:17.855 | INFO     | pycaalp.gapp.assembly_digraph:compute_assembly_digraph_complete:395 - Computing assembly digraph...
2026-07-02 19:53:18.408 | INFO     | pycaalp.time_balancing.model:run_mip:430 - Running MIP solver ...
2026-07-02 19:53:19.497 | INFO     | pycaalp.gapp.assembly_digraph:compute_assembly_digraph_complete:395 - Computing assembly digraph...
2026-07-02 19:53:20.069 | INFO     | pycaalp.time_balancing.model:run_mip:430 - Running MIP solver ...
2026-07-02 19:53:21.196 | INFO     | pycaalp.gapp.assembly_digraph:compute_assembly_digraph_complete:395 - Computing assembly digraph...
2026-07-02 19:53:21.715 | INFO     | pycaalp.time_balancing.model:run_mip:430 - Running MIP solver ...
2026-07-02 19:53:22.690 | INFO     | experiments.edge_reduction.scripts.combination_runs:run_full_edge_reduction_change:98 - Running test with: red_perc=40
2026-07-02 19:53:22.694 | INFO     | pycaalp.gapp.assembly_digraph:compute_assembly_digraph_complete:395 - Computing assembly digraph...
2026-07-02 19:53:23.236 | INFO     | pycaalp.time_balancing.model:run_mip:430 - Running MIP solver ...
2026-07-02 19:53:24.180 | INFO     | pycaalp.gapp.assembly_digraph:compute_assembly_digraph_complete:395 - Computing assembly digraph...
2026-07-02 19:53:24.784 | INFO     | pycaalp.time_balancing.model:run_mip:430 - Running MIP solver ...
2026-07-02 19:53:25.612 | INFO     | pycaalp.gapp.assembly_digraph:compute_assembly_digraph_complete:395 - Computing assembly digraph...
2026-07-02 19:53:26.163 | INFO     | pycaalp.time_balancing.model:run_mip:430 - Running MIP solver ...
2026-07-02 19:53:27.176 | INFO     | pycaalp.gapp.assembly_digraph:compute_assembly_digraph_complete:395 - Computing assembly digraph...
2026-07-02 19:53:27.727 | INFO     | pycaalp.time_balancing.model:run_mip:430 - Running MIP solver ...
2026-07-02 19:53:28.522 | INFO     | pycaalp.gapp.assembly_digraph:compute_assembly_digraph_complete:395 - Computing assembly digraph...
2026-07-02 19:53:29.254 | INFO     | pycaalp.time_balancing.model:run_mip:430 - Running MIP solver ...
2026-07-02 19:53:30.118 | INFO     | experiments.edge_reduction.scripts.combination_runs:run_full_edge_reduction_change:98 - Running test with: red_perc=45
2026-07-02 19:53:30.124 | INFO     | pycaalp.gapp.assembly_digraph:compute_assembly_digraph_complete:395 - Computing assembly digraph...
2026-07-02 19:53:30.780 | INFO     | pycaalp.time_balancing.model:run_mip:430 - Running MIP solver ...
2026-07-02 19:53:31.401 | INFO     | pycaalp.gapp.assembly_digraph:compute_assembly_digraph_complete:395 - Computing assembly digraph...
2026-07-02 19:53:32.018 | INFO     | pycaalp.time_balancing.model:run_mip:430 - Running MIP solver ...
2026-07-02 19:53:32.688 | INFO     | pycaalp.gapp.assembly_digraph:compute_assembly_digraph_complete:395 - Computing assembly digraph...
2026-07-02 19:53:33.331 | INFO     | pycaalp.time_balancing.model:run_mip:430 - Running MIP solver ...
2026-07-02 19:53:34.063 | INFO     | pycaalp.gapp.assembly_digraph:compute_assembly_digraph_complete:395 - Computing assembly digraph...
2026-07-02 19:53:34.645 | INFO     | pycaalp.time_balancing.model:run_mip:430 - Running MIP solver ...
2026-07-02 19:53:35.200 | INFO     | pycaalp.gapp.assembly_digraph:compute_assembly_digraph_complete:395 - Computing assembly digraph...
2026-07-02 19:53:35.753 | INFO     | pycaalp.time_balancing.model:run_mip:430 - Running MIP solver ...
2026-07-02 19:53:36.347 | INFO     | experiments.edge_reduction.scripts.combination_runs:run_full_edge_reduction_change:98 - Running test with: red_perc=50
2026-07-02 19:53:36.354 | INFO     | pycaalp.gapp.assembly_digraph:compute_assembly_digraph_complete:395 - Computing assembly digraph...
2026-07-02 19:53:36.925 | INFO     | pycaalp.time_balancing.model:run_mip:430 - Running MIP solver ...
2026-07-02 19:53:37.327 | INFO     | pycaalp.gapp.assembly_digraph:compute_assembly_digraph_complete:395 - Computing assembly digraph...
2026-07-02 19:53:37.898 | INFO     | pycaalp.time_balancing.model:run_mip:430 - Running MIP solver ...
2026-07-02 19:53:38.417 | INFO     | pycaalp.gapp.assembly_digraph:compute_assembly_digraph_complete:395 - Computing assembly digraph...
2026-07-02 19:53:38.963 | INFO     | pycaalp.time_balancing.model:run_mip:430 - Running MIP solver ...
2026-07-02 19:53:39.394 | INFO     | pycaalp.gapp.assembly_digraph:compute_assembly_digraph_complete:395 - Computing assembly digraph...
2026-07-02 19:53:39.926 | INFO     | pycaalp.time_balancing.model:run_mip:430 - Running MIP solver ...
2026-07-02 19:53:40.744 | INFO     | pycaalp.gapp.assembly_digraph:compute_assembly_digraph_complete:395 - Computing assembly digraph...
2026-07-02 19:53:41.349 | INFO     | pycaalp.time_balancing.model:run_mip:430 - Running MIP solver ...
2026-07-02 19:53:42.230 | INFO     | experiments.edge_reduction.scripts.combination_runs:run_full_edge_reduction_change:98 - Running test with: red_perc=55
2026-07-02 19:53:42.233 | INFO     | pycaalp.gapp.assembly_digraph:compute_assembly_digraph_complete:395 - Computing assembly digraph...
2026-07-02 19:53:42.827 | INFO     | pycaalp.time_balancing.model:run_mip:430 - Running MIP solver ...
2026-07-02 19:53:43.420 | INFO     | pycaalp.gapp.assembly_digraph:compute_assembly_digraph_complete:395 - Computing assembly digraph...
2026-07-02 19:53:43.984 | INFO     | pycaalp.time_balancing.model:run_mip:430 - Running MIP solver ...
2026-07-02 19:53:44.470 | INFO     | pycaalp.gapp.assembly_digraph:compute_assembly_digraph_complete:395 - Computing assembly digraph...
2026-07-02 19:53:45.134 | INFO     | pycaalp.time_balancing.model:run_mip:430 - Running MIP solver ...
2026-07-02 19:53:45.575 | INFO     | pycaalp.gapp.assembly_digraph:compute_assembly_digraph_complete:395 - Computing assembly digraph...
2026-07-02 19:53:46.095 | INFO     | pycaalp.time_balancing.model:run_mip:430 - Running MIP solver ...
2026-07-02 19:53:46.505 | INFO     | pycaalp.gapp.assembly_digraph:compute_assembly_digraph_complete:395 - Computing assembly digraph...
2026-07-02 19:53:47.022 | INFO     | pycaalp.time_balancing.model:run_mip:430 - Running MIP solver ...
2026-07-02 19:53:47.424 | INFO     | experiments.edge_reduction.scripts.combination_runs:run_full_edge_reduction_change:98 - Running test with: red_perc=60
2026-07-02 19:53:47.430 | INFO     | pycaalp.gapp.assembly_digraph:compute_assembly_digraph_complete:395 - Computing assembly digraph...
2026-07-02 19:53:47.929 | INFO     | pycaalp.time_balancing.model:run_mip:430 - Running MIP solver ...
2026-07-02 19:53:48.292 | INFO     | pycaalp.gapp.assembly_digraph:compute_assembly_digraph_complete:395 - Computing assembly digraph...
2026-07-02 19:53:48.780 | INFO     | pycaalp.time_balancing.model:run_mip:430 - Running MIP solver ...
2026-07-02 19:53:49.130 | INFO     | pycaalp.gapp.assembly_digraph:compute_assembly_digraph_complete:395 - Computing assembly digraph...
2026-07-02 19:53:49.609 | INFO     | pycaalp.time_balancing.model:run_mip:430 - Running MIP solver ...
2026-07-02 19:53:50.186 | INFO     | pycaalp.gapp.assembly_digraph:compute_assembly_digraph_complete:395 - Computing assembly digraph...
2026-07-02 19:53:50.676 | INFO     | pycaalp.time_balancing.model:run_mip:430 - Running MIP solver ...
2026-07-02 19:53:50.972 | INFO     | pycaalp.gapp.assembly_digraph:compute_assembly_digraph_complete:395 - Computing assembly digraph...
2026-07-02 19:53:51.456 | INFO     | pycaalp.time_balancing.model:run_mip:430 - Running MIP solver ...
2026-07-02 19:53:51.808 | INFO     | experiments.edge_reduction.scripts.combination_runs:run_full_edge_reduction_change:98 - Running test with: red_perc=65
2026-07-02 19:53:51.812 | INFO     | pycaalp.gapp.assembly_digraph:compute_assembly_digraph_complete:395 - Computing assembly digraph...
2026-07-02 19:53:52.280 | INFO     | pycaalp.time_balancing.model:run_mip:430 - Running MIP solver ...
2026-07-02 19:53:52.608 | INFO     | pycaalp.gapp.assembly_digraph:compute_assembly_digraph_complete:395 - Computing assembly digraph...
2026-07-02 19:53:53.123 | INFO     | pycaalp.time_balancing.model:run_mip:430 - Running MIP solver ...
2026-07-02 19:53:53.630 | INFO     | pycaalp.gapp.assembly_digraph:compute_assembly_digraph_complete:395 - Computing assembly digraph...
2026-07-02 19:53:54.117 | INFO     | pycaalp.time_balancing.model:run_mip:430 - Running MIP solver ...
2026-07-02 19:53:54.400 | INFO     | pycaalp.gapp.assembly_digraph:compute_assembly_digraph_complete:395 - Computing assembly digraph...
2026-07-02 19:53:54.858 | INFO     | pycaalp.time_balancing.model:run_mip:430 - Running MIP solver ...
2026-07-02 19:53:55.331 | INFO     | pycaalp.gapp.assembly_digraph:compute_assembly_digraph_complete:395 - Computing assembly digraph...
2026-07-02 19:53:55.777 | INFO     | pycaalp.time_balancing.model:run_mip:430 - Running MIP solver ...
2026-07-02 19:53:56.078 | INFO     | experiments.edge_reduction.scripts.combination_runs:run_full_edge_reduction_change:98 - Running test with: red_perc=70
2026-07-02 19:53:56.081 | INFO     | pycaalp.gapp.assembly_digraph:compute_assembly_digraph_complete:395 - Computing assembly digraph...
2026-07-02 19:53:56.499 | INFO     | pycaalp.time_balancing.model:run_mip:430 - Running MIP solver ...
2026-07-02 19:53:56.819 | INFO     | pycaalp.gapp.assembly_digraph:compute_assembly_digraph_complete:395 - Computing assembly digraph...
2026-07-02 19:53:57.312 | INFO     | pycaalp.time_balancing.model:run_mip:430 - Running MIP solver ...
2026-07-02 19:53:57.719 | INFO     | pycaalp.gapp.assembly_digraph:compute_assembly_digraph_complete:395 - Computing assembly digraph...
2026-07-02 19:53:58.162 | INFO     | pycaalp.time_balancing.model:run_mip:430 - Running MIP solver ...
2026-07-02 19:53:58.445 | INFO     | pycaalp.gapp.assembly_digraph:compute_assembly_digraph_complete:395 - Computing assembly digraph...
2026-07-02 19:53:58.866 | INFO     | pycaalp.time_balancing.model:run_mip:430 - Running MIP solver ...
2026-07-02 19:53:59.241 | INFO     | pycaalp.gapp.assembly_digraph:compute_assembly_digraph_complete:395 - Computing assembly digraph...
2026-07-02 19:53:59.657 | INFO     | pycaalp.time_balancing.model:run_mip:430 - Running MIP solver ...
2026-07-02 19:54:00.178 | INFO     | __main__:<module>:240 - Running plot_total_time
{0: (np.float64(2.4950229999999998), np.float64(0.8407097613416105), np.float64(1092.52), np.float64(0.0), np.float64(0.0), np.float64(0.0), np.float64(2.8227329910732806), np.float64(0.0), np.float64(0.29806130402721465), np.float64(0.0)), 5: (np.float64(2.5142596), np.float64(0.8407097613416104), np.float64(1092.52), np.float64(0.5003943213872835), np.float64(1.2161883888976234e-16), np.float64(0.0), np.float64(3.07428921777755), np.float64(0.507693662968526), np.float64(0.5293110505677759), np.float64(0.023156610797585544)), 10: (np.float64(2.556921), np.float64(0.8407097613416104), np.float64(1092.52), np.float64(0.310101701100139), np.float64(1.2161883888976234e-16), np.float64(0.0), np.float64(3.1423513021785765), np.float64(0.3134225105926243), np.float64(0.5445808765711263), np.float64(0.03848041245112132)), 15: (np.float64(2.31229), np.float64(0.8407097613416104), np.float64(1092.52), np.float64(0.33888346984531414), np.float64(8.599750569898517e-17), np.float64(0.0), np.float64(2.9808764656307174), np.float64(0.3424535502536915), np.float64(0.637246937607415), np.float64(0.027793144759265656)), 20: (np.float64(2.1870452), np.float64(0.8407097613416106), np.float64(1092.52), np.float64(0.7478655518311832), np.float64(8.599750569898517e-17), np.float64(0.0), np.float64(2.8387136423960326), np.float64(0.7851857263142672), np.float64(0.6266508539905772), np.float64(0.07934980385866514)), 25: (np.float64(1.5707885999999998), np.float64(0.8407097613416104), np.float64(1092.52), np.float64(0.27357799887534817), np.float64(1.5700924586837752e-16), np.float64(0.0), np.float64(2.17885373220779), np.float64(0.2762296489760495), np.float64(0.5838242530357093), np.float64(0.034676655104414394)), 30: (np.float64(1.4468288), np.float64(0.8407097613416106), np.float64(1092.52), np.float64(0.24416381218305053), np.float64(7.021666937153402e-17), np.float64(0.0), np.float64(2.033996823779307), np.float64(0.2502642453262599), np.float64(0.5577108699595555), np.float64(0.0174397142492789)), 35: (np.float64(1.025977), np.float64(0.8407097613416106), np.float64(1092.52), np.float64(0.14430217397946574), np.float64(8.599750569898517e-17), np.float64(0.0), np.float64(1.6054260835982859), np.float64(0.1592604594965161), np.float64(0.5527663985965774), np.float64(0.019918086161510213)), 40: (np.float64(0.856409), np.float64(0.8407097613416104), np.float64(1092.52), np.float64(0.08335786195194787), np.float64(9.930136612989092e-17), np.float64(0.0), np.float64(1.4803818352054805), np.float64(0.09128288501437293), np.float64(0.599579025595449), np.float64(0.0716261588118229)), 45: (np.float64(0.6077518), np.float64(0.8407097613416106), np.float64(1092.52), np.float64(0.061697717651141674), np.float64(1.1102230246251565e-16), np.float64(0.0), np.float64(1.2416129211662337), np.float64(0.09054447574799561), np.float64(0.6149867381900549), np.float64(0.03924068632789038)), 50: (np.float64(0.5815788), np.float64(0.8407097613416106), np.float64(1092.52), np.float64(0.1978582095990965), np.float64(8.599750569898517e-17), np.float64(0.0), np.float64(1.172721415804699), np.float64(0.207614672411995), np.float64(0.5707795288180932), np.float64(0.025550020111392333)), 55: (np.float64(0.44070660000000006), np.float64(0.8407097613416106), np.float64(1092.52), np.float64(0.061362191788103544), np.float64(1.2161883888976234e-16), np.float64(0.0), np.float64(1.0354860410094262), np.float64(0.10277218452980708), np.float64(0.5765147763770073), np.float64(0.05600306869688648)), 60: (np.float64(0.369295), np.float64(0.8407097613416106), np.float64(1092.52), np.float64(0.09647838826804686), np.float64(7.021666937153402e-17), np.float64(0.0), np.float64(0.8742347127757967), np.float64(0.09283973935388545), np.float64(0.49246655178721993), np.float64(0.007364259293960542)), 65: (np.float64(0.3630806), np.float64(0.8407097613416106), np.float64(1092.52), np.float64(0.0923272104237965), np.float64(1.3136335981433191e-16), np.float64(0.0), np.float64(0.8516787793720141), np.float64(0.10525241449019332), np.float64(0.4784699633717537), np.float64(0.024477523417466847)), 70: (np.float64(0.36618119999999993), np.float64(0.8407097613416104), np.float64(1092.52), np.float64(0.08238328653895763), np.float64(1.1102230246251565e-16), np.float64(0.0), np.float64(0.817319137789309), np.float64(0.08524473692247639), np.float64(0.44182695597410204), np.float64(0.029489383765591726))}
Saved MIP solve time plot in experiments/edge_reduction/sweeps/assembly_1_np_2/lambda_0.6/plots/MIP_solve_time_num_phases_2.svg
2026-07-02 19:54:00.317 | INFO     | __main__:<module>:250 - Running plot_speedup_vs_max_length_lost
Saved speedup_vs_weld_len_degr plot in experiments/edge_reduction/sweeps/assembly_1_np_2/lambda_0.6/plots/speedup_vs_weld_len_degr_num_phases_2.svg
2026-07-02 19:54:00.527 | INFO     | __main__:<module>:253 - Running plot_average_max_time
Saved Max welding length [mm] plot in experiments/edge_reduction/sweeps/assembly_1_np_2/lambda_0.6/plots/Max_welding_length_[mm]_num_phases_2.svg

----------------- λ = 0.7 -----------------
2026-07-02 19:51:50.345 | INFO     | __main__:<module>:193 - Running /home/md/Work/PyCAALP/experiments/edge_reduction/run.py
2026-07-02 19:51:50.345 | INFO     | __main__:<module>:194 - ASSEMBLY_FNAME='data/assembly_1/assembly_1_parts.json'
2026-07-02 19:51:50.345 | INFO     | __main__:<module>:197 - NUM_PHASES=2
2026-07-02 19:51:50.346 | INFO     | __main__:<module>:198 - RES_FNAME='experiments/edge_reduction/sweeps/assembly_1_np_2/lambda_0.7/res.pkl'
2026-07-02 19:51:50.346 | INFO     | experiments.edge_reduction.scripts.combination_runs:run_full_edge_reduction_change:98 - Running test with: red_perc=0
2026-07-02 19:51:50.357 | INFO     | pycaalp.gapp.assembly_digraph:compute_assembly_digraph_complete:395 - Computing assembly digraph...
2026-07-02 19:51:50.648 | INFO     | pycaalp.time_balancing.model:run_mip:430 - Running MIP solver ...
2026-07-02 19:51:55.149 | INFO     | experiments.edge_reduction.scripts.combination_runs:run_full_edge_reduction_change:98 - Running test with: red_perc=5
2026-07-02 19:51:55.152 | INFO     | pycaalp.gapp.assembly_digraph:compute_assembly_digraph_complete:395 - Computing assembly digraph...
2026-07-02 19:51:55.609 | INFO     | pycaalp.time_balancing.model:run_mip:430 - Running MIP solver ...
2026-07-02 19:51:59.486 | INFO     | pycaalp.gapp.assembly_digraph:compute_assembly_digraph_complete:395 - Computing assembly digraph...
2026-07-02 19:51:59.941 | INFO     | pycaalp.time_balancing.model:run_mip:430 - Running MIP solver ...
2026-07-02 19:52:02.546 | INFO     | pycaalp.gapp.assembly_digraph:compute_assembly_digraph_complete:395 - Computing assembly digraph...
2026-07-02 19:52:03.242 | INFO     | pycaalp.time_balancing.model:run_mip:430 - Running MIP solver ...
2026-07-02 19:52:07.237 | INFO     | pycaalp.gapp.assembly_digraph:compute_assembly_digraph_complete:395 - Computing assembly digraph...
2026-07-02 19:52:07.803 | INFO     | pycaalp.time_balancing.model:run_mip:430 - Running MIP solver ...
2026-07-02 19:52:11.501 | INFO     | pycaalp.gapp.assembly_digraph:compute_assembly_digraph_complete:395 - Computing assembly digraph...
2026-07-02 19:52:12.058 | INFO     | pycaalp.time_balancing.model:run_mip:430 - Running MIP solver ...
2026-07-02 19:52:15.101 | INFO     | experiments.edge_reduction.scripts.combination_runs:run_full_edge_reduction_change:98 - Running test with: red_perc=10
2026-07-02 19:52:15.107 | INFO     | pycaalp.gapp.assembly_digraph:compute_assembly_digraph_complete:395 - Computing assembly digraph...
2026-07-02 19:52:15.716 | INFO     | pycaalp.time_balancing.model:run_mip:430 - Running MIP solver ...
2026-07-02 19:52:19.349 | INFO     | pycaalp.gapp.assembly_digraph:compute_assembly_digraph_complete:395 - Computing assembly digraph...
2026-07-02 19:52:19.948 | INFO     | pycaalp.time_balancing.model:run_mip:430 - Running MIP solver ...
2026-07-02 19:52:24.641 | INFO     | pycaalp.gapp.assembly_digraph:compute_assembly_digraph_complete:395 - Computing assembly digraph...
2026-07-02 19:52:25.357 | INFO     | pycaalp.time_balancing.model:run_mip:430 - Running MIP solver ...
2026-07-02 19:52:29.954 | INFO     | pycaalp.gapp.assembly_digraph:compute_assembly_digraph_complete:395 - Computing assembly digraph...
2026-07-02 19:52:30.656 | INFO     | pycaalp.time_balancing.model:run_mip:430 - Running MIP solver ...
2026-07-02 19:52:34.156 | INFO     | pycaalp.gapp.assembly_digraph:compute_assembly_digraph_complete:395 - Computing assembly digraph...
2026-07-02 19:52:34.779 | INFO     | pycaalp.time_balancing.model:run_mip:430 - Running MIP solver ...
2026-07-02 19:52:39.352 | INFO     | experiments.edge_reduction.scripts.combination_runs:run_full_edge_reduction_change:98 - Running test with: red_perc=15
2026-07-02 19:52:39.355 | INFO     | pycaalp.gapp.assembly_digraph:compute_assembly_digraph_complete:395 - Computing assembly digraph...
2026-07-02 19:52:40.194 | INFO     | pycaalp.time_balancing.model:run_mip:430 - Running MIP solver ...
2026-07-02 19:52:43.023 | INFO     | pycaalp.gapp.assembly_digraph:compute_assembly_digraph_complete:395 - Computing assembly digraph...
2026-07-02 19:52:43.681 | INFO     | pycaalp.time_balancing.model:run_mip:430 - Running MIP solver ...
2026-07-02 19:52:45.772 | INFO     | pycaalp.gapp.assembly_digraph:compute_assembly_digraph_complete:395 - Computing assembly digraph...
2026-07-02 19:52:46.409 | INFO     | pycaalp.time_balancing.model:run_mip:430 - Running MIP solver ...
2026-07-02 19:52:49.687 | INFO     | pycaalp.gapp.assembly_digraph:compute_assembly_digraph_complete:395 - Computing assembly digraph...
2026-07-02 19:52:50.215 | INFO     | pycaalp.time_balancing.model:run_mip:430 - Running MIP solver ...
2026-07-02 19:52:53.119 | INFO     | pycaalp.gapp.assembly_digraph:compute_assembly_digraph_complete:395 - Computing assembly digraph...
2026-07-02 19:52:53.746 | INFO     | pycaalp.time_balancing.model:run_mip:430 - Running MIP solver ...
2026-07-02 19:52:57.845 | INFO     | experiments.edge_reduction.scripts.combination_runs:run_full_edge_reduction_change:98 - Running test with: red_perc=20
2026-07-02 19:52:57.849 | INFO     | pycaalp.gapp.assembly_digraph:compute_assembly_digraph_complete:395 - Computing assembly digraph...
2026-07-02 19:52:58.434 | INFO     | pycaalp.time_balancing.model:run_mip:430 - Running MIP solver ...
2026-07-02 19:53:00.443 | INFO     | pycaalp.gapp.assembly_digraph:compute_assembly_digraph_complete:395 - Computing assembly digraph...
2026-07-02 19:53:00.962 | INFO     | pycaalp.time_balancing.model:run_mip:430 - Running MIP solver ...
2026-07-02 19:53:03.151 | INFO     | pycaalp.gapp.assembly_digraph:compute_assembly_digraph_complete:395 - Computing assembly digraph...
2026-07-02 19:53:03.829 | INFO     | pycaalp.time_balancing.model:run_mip:430 - Running MIP solver ...
2026-07-02 19:53:06.878 | INFO     | pycaalp.gapp.assembly_digraph:compute_assembly_digraph_complete:395 - Computing assembly digraph...
2026-07-02 19:53:07.449 | INFO     | pycaalp.time_balancing.model:run_mip:430 - Running MIP solver ...
2026-07-02 19:53:09.309 | INFO     | pycaalp.gapp.assembly_digraph:compute_assembly_digraph_complete:395 - Computing assembly digraph...
2026-07-02 19:53:09.935 | INFO     | pycaalp.time_balancing.model:run_mip:430 - Running MIP solver ...
2026-07-02 19:53:12.892 | INFO     | experiments.edge_reduction.scripts.combination_runs:run_full_edge_reduction_change:98 - Running test with: red_perc=25
2026-07-02 19:53:12.896 | INFO     | pycaalp.gapp.assembly_digraph:compute_assembly_digraph_complete:395 - Computing assembly digraph...
2026-07-02 19:53:13.403 | INFO     | pycaalp.time_balancing.model:run_mip:430 - Running MIP solver ...
2026-07-02 19:53:16.935 | INFO     | pycaalp.gapp.assembly_digraph:compute_assembly_digraph_complete:395 - Computing assembly digraph...
2026-07-02 19:53:17.492 | INFO     | pycaalp.time_balancing.model:run_mip:430 - Running MIP solver ...
2026-07-02 19:53:19.265 | INFO     | pycaalp.gapp.assembly_digraph:compute_assembly_digraph_complete:395 - Computing assembly digraph...
2026-07-02 19:53:19.807 | INFO     | pycaalp.time_balancing.model:run_mip:430 - Running MIP solver ...
2026-07-02 19:53:22.806 | INFO     | pycaalp.gapp.assembly_digraph:compute_assembly_digraph_complete:395 - Computing assembly digraph...
2026-07-02 19:53:23.386 | INFO     | pycaalp.time_balancing.model:run_mip:430 - Running MIP solver ...
2026-07-02 19:53:25.166 | INFO     | pycaalp.gapp.assembly_digraph:compute_assembly_digraph_complete:395 - Computing assembly digraph...
2026-07-02 19:53:25.782 | INFO     | pycaalp.time_balancing.model:run_mip:430 - Running MIP solver ...
2026-07-02 19:53:27.369 | INFO     | experiments.edge_reduction.scripts.combination_runs:run_full_edge_reduction_change:98 - Running test with: red_perc=30
2026-07-02 19:53:27.372 | INFO     | pycaalp.gapp.assembly_digraph:compute_assembly_digraph_complete:395 - Computing assembly digraph...
2026-07-02 19:53:27.953 | INFO     | pycaalp.time_balancing.model:run_mip:430 - Running MIP solver ...
2026-07-02 19:53:29.731 | INFO     | pycaalp.gapp.assembly_digraph:compute_assembly_digraph_complete:395 - Computing assembly digraph...
2026-07-02 19:53:30.297 | INFO     | pycaalp.time_balancing.model:run_mip:430 - Running MIP solver ...
2026-07-02 19:53:31.249 | INFO     | pycaalp.gapp.assembly_digraph:compute_assembly_digraph_complete:395 - Computing assembly digraph...
2026-07-02 19:53:31.876 | INFO     | pycaalp.time_balancing.model:run_mip:430 - Running MIP solver ...
2026-07-02 19:53:34.009 | INFO     | pycaalp.gapp.assembly_digraph:compute_assembly_digraph_complete:395 - Computing assembly digraph...
2026-07-02 19:53:34.571 | INFO     | pycaalp.time_balancing.model:run_mip:430 - Running MIP solver ...
2026-07-02 19:53:36.718 | INFO     | pycaalp.gapp.assembly_digraph:compute_assembly_digraph_complete:395 - Computing assembly digraph...
2026-07-02 19:53:37.345 | INFO     | pycaalp.time_balancing.model:run_mip:430 - Running MIP solver ...
2026-07-02 19:53:38.842 | INFO     | experiments.edge_reduction.scripts.combination_runs:run_full_edge_reduction_change:98 - Running test with: red_perc=35
2026-07-02 19:53:38.846 | INFO     | pycaalp.gapp.assembly_digraph:compute_assembly_digraph_complete:395 - Computing assembly digraph...
2026-07-02 19:53:39.406 | INFO     | pycaalp.time_balancing.model:run_mip:430 - Running MIP solver ...
2026-07-02 19:53:40.492 | INFO     | pycaalp.gapp.assembly_digraph:compute_assembly_digraph_complete:395 - Computing assembly digraph...
2026-07-02 19:53:41.028 | INFO     | pycaalp.time_balancing.model:run_mip:430 - Running MIP solver ...
2026-07-02 19:53:42.230 | INFO     | pycaalp.gapp.assembly_digraph:compute_assembly_digraph_complete:395 - Computing assembly digraph...
2026-07-02 19:53:42.756 | INFO     | pycaalp.time_balancing.model:run_mip:430 - Running MIP solver ...
2026-07-02 19:53:43.829 | INFO     | pycaalp.gapp.assembly_digraph:compute_assembly_digraph_complete:395 - Computing assembly digraph...
2026-07-02 19:53:44.418 | INFO     | pycaalp.time_balancing.model:run_mip:430 - Running MIP solver ...
2026-07-02 19:53:45.535 | INFO     | pycaalp.gapp.assembly_digraph:compute_assembly_digraph_complete:395 - Computing assembly digraph...
2026-07-02 19:53:45.985 | INFO     | pycaalp.time_balancing.model:run_mip:430 - Running MIP solver ...
2026-07-02 19:53:47.467 | INFO     | experiments.edge_reduction.scripts.combination_runs:run_full_edge_reduction_change:98 - Running test with: red_perc=40
2026-07-02 19:53:47.471 | INFO     | pycaalp.gapp.assembly_digraph:compute_assembly_digraph_complete:395 - Computing assembly digraph...
2026-07-02 19:53:48.001 | INFO     | pycaalp.time_balancing.model:run_mip:430 - Running MIP solver ...
2026-07-02 19:53:48.834 | INFO     | pycaalp.gapp.assembly_digraph:compute_assembly_digraph_complete:395 - Computing assembly digraph...
2026-07-02 19:53:49.384 | INFO     | pycaalp.time_balancing.model:run_mip:430 - Running MIP solver ...
2026-07-02 19:53:50.124 | INFO     | pycaalp.gapp.assembly_digraph:compute_assembly_digraph_complete:395 - Computing assembly digraph...
2026-07-02 19:53:50.626 | INFO     | pycaalp.time_balancing.model:run_mip:430 - Running MIP solver ...
2026-07-02 19:53:51.313 | INFO     | pycaalp.gapp.assembly_digraph:compute_assembly_digraph_complete:395 - Computing assembly digraph...
2026-07-02 19:53:51.787 | INFO     | pycaalp.time_balancing.model:run_mip:430 - Running MIP solver ...
2026-07-02 19:53:52.450 | INFO     | pycaalp.gapp.assembly_digraph:compute_assembly_digraph_complete:395 - Computing assembly digraph...
2026-07-02 19:53:52.981 | INFO     | pycaalp.time_balancing.model:run_mip:430 - Running MIP solver ...
2026-07-02 19:53:53.644 | INFO     | experiments.edge_reduction.scripts.combination_runs:run_full_edge_reduction_change:98 - Running test with: red_perc=45
2026-07-02 19:53:53.651 | INFO     | pycaalp.gapp.assembly_digraph:compute_assembly_digraph_complete:395 - Computing assembly digraph...
2026-07-02 19:53:54.124 | INFO     | pycaalp.time_balancing.model:run_mip:430 - Running MIP solver ...
2026-07-02 19:53:54.988 | INFO     | pycaalp.gapp.assembly_digraph:compute_assembly_digraph_complete:395 - Computing assembly digraph...
2026-07-02 19:53:55.445 | INFO     | pycaalp.time_balancing.model:run_mip:430 - Running MIP solver ...
2026-07-02 19:53:56.281 | INFO     | pycaalp.gapp.assembly_digraph:compute_assembly_digraph_complete:395 - Computing assembly digraph...
2026-07-02 19:53:56.708 | INFO     | pycaalp.time_balancing.model:run_mip:430 - Running MIP solver ...
2026-07-02 19:53:57.345 | INFO     | pycaalp.gapp.assembly_digraph:compute_assembly_digraph_complete:395 - Computing assembly digraph...
2026-07-02 19:53:57.832 | INFO     | pycaalp.time_balancing.model:run_mip:430 - Running MIP solver ...
2026-07-02 19:53:58.367 | INFO     | pycaalp.gapp.assembly_digraph:compute_assembly_digraph_complete:395 - Computing assembly digraph...
2026-07-02 19:53:58.800 | INFO     | pycaalp.time_balancing.model:run_mip:430 - Running MIP solver ...
2026-07-02 19:53:59.598 | INFO     | experiments.edge_reduction.scripts.combination_runs:run_full_edge_reduction_change:98 - Running test with: red_perc=50
2026-07-02 19:53:59.602 | INFO     | pycaalp.gapp.assembly_digraph:compute_assembly_digraph_complete:395 - Computing assembly digraph...
2026-07-02 19:54:00.029 | INFO     | pycaalp.time_balancing.model:run_mip:430 - Running MIP solver ...
2026-07-02 19:54:00.490 | INFO     | pycaalp.gapp.assembly_digraph:compute_assembly_digraph_complete:395 - Computing assembly digraph...
2026-07-02 19:54:01.055 | INFO     | pycaalp.time_balancing.model:run_mip:430 - Running MIP solver ...
2026-07-02 19:54:01.608 | INFO     | pycaalp.gapp.assembly_digraph:compute_assembly_digraph_complete:395 - Computing assembly digraph...
2026-07-02 19:54:02.138 | INFO     | pycaalp.time_balancing.model:run_mip:430 - Running MIP solver ...
2026-07-02 19:54:02.722 | INFO     | pycaalp.gapp.assembly_digraph:compute_assembly_digraph_complete:395 - Computing assembly digraph...
2026-07-02 19:54:03.180 | INFO     | pycaalp.time_balancing.model:run_mip:430 - Running MIP solver ...
2026-07-02 19:54:04.187 | INFO     | pycaalp.gapp.assembly_digraph:compute_assembly_digraph_complete:395 - Computing assembly digraph...
2026-07-02 19:54:04.616 | INFO     | pycaalp.time_balancing.model:run_mip:430 - Running MIP solver ...
2026-07-02 19:54:05.386 | INFO     | experiments.edge_reduction.scripts.combination_runs:run_full_edge_reduction_change:98 - Running test with: red_perc=55
2026-07-02 19:54:05.389 | INFO     | pycaalp.gapp.assembly_digraph:compute_assembly_digraph_complete:395 - Computing assembly digraph...
2026-07-02 19:54:05.842 | INFO     | pycaalp.time_balancing.model:run_mip:430 - Running MIP solver ...
2026-07-02 19:54:06.155 | INFO     | pycaalp.gapp.assembly_digraph:compute_assembly_digraph_complete:395 - Computing assembly digraph...
2026-07-02 19:54:06.555 | INFO     | pycaalp.time_balancing.model:run_mip:430 - Running MIP solver ...
2026-07-02 19:54:07.121 | INFO     | pycaalp.gapp.assembly_digraph:compute_assembly_digraph_complete:395 - Computing assembly digraph...
2026-07-02 19:54:07.598 | INFO     | pycaalp.time_balancing.model:run_mip:430 - Running MIP solver ...
2026-07-02 19:54:07.920 | INFO     | pycaalp.gapp.assembly_digraph:compute_assembly_digraph_complete:395 - Computing assembly digraph...
2026-07-02 19:54:08.323 | INFO     | pycaalp.time_balancing.model:run_mip:430 - Running MIP solver ...
2026-07-02 19:54:08.728 | INFO     | pycaalp.gapp.assembly_digraph:compute_assembly_digraph_complete:395 - Computing assembly digraph...
2026-07-02 19:54:09.121 | INFO     | pycaalp.time_balancing.model:run_mip:430 - Running MIP solver ...
2026-07-02 19:54:09.569 | INFO     | experiments.edge_reduction.scripts.combination_runs:run_full_edge_reduction_change:98 - Running test with: red_perc=60
2026-07-02 19:54:09.572 | INFO     | pycaalp.gapp.assembly_digraph:compute_assembly_digraph_complete:395 - Computing assembly digraph...
2026-07-02 19:54:09.958 | INFO     | pycaalp.time_balancing.model:run_mip:430 - Running MIP solver ...
2026-07-02 19:54:10.275 | INFO     | pycaalp.gapp.assembly_digraph:compute_assembly_digraph_complete:395 - Computing assembly digraph...
2026-07-02 19:54:10.668 | INFO     | pycaalp.time_balancing.model:run_mip:430 - Running MIP solver ...
2026-07-02 19:54:11.050 | INFO     | pycaalp.gapp.assembly_digraph:compute_assembly_digraph_complete:395 - Computing assembly digraph...
2026-07-02 19:54:11.443 | INFO     | pycaalp.time_balancing.model:run_mip:430 - Running MIP solver ...
2026-07-02 19:54:11.749 | INFO     | pycaalp.gapp.assembly_digraph:compute_assembly_digraph_complete:395 - Computing assembly digraph...
2026-07-02 19:54:12.161 | INFO     | pycaalp.time_balancing.model:run_mip:430 - Running MIP solver ...
2026-07-02 19:54:12.454 | INFO     | pycaalp.gapp.assembly_digraph:compute_assembly_digraph_complete:395 - Computing assembly digraph...
2026-07-02 19:54:12.832 | INFO     | pycaalp.time_balancing.model:run_mip:430 - Running MIP solver ...
2026-07-02 19:54:13.062 | INFO     | experiments.edge_reduction.scripts.combination_runs:run_full_edge_reduction_change:98 - Running test with: red_perc=65
2026-07-02 19:54:13.065 | INFO     | pycaalp.gapp.assembly_digraph:compute_assembly_digraph_complete:395 - Computing assembly digraph...
2026-07-02 19:54:13.451 | INFO     | pycaalp.time_balancing.model:run_mip:430 - Running MIP solver ...
2026-07-02 19:54:13.746 | INFO     | pycaalp.gapp.assembly_digraph:compute_assembly_digraph_complete:395 - Computing assembly digraph...
2026-07-02 19:54:14.127 | INFO     | pycaalp.time_balancing.model:run_mip:430 - Running MIP solver ...
2026-07-02 19:54:14.379 | INFO     | pycaalp.gapp.assembly_digraph:compute_assembly_digraph_complete:395 - Computing assembly digraph...
2026-07-02 19:54:14.767 | INFO     | pycaalp.time_balancing.model:run_mip:430 - Running MIP solver ...
2026-07-02 19:54:15.079 | INFO     | pycaalp.gapp.assembly_digraph:compute_assembly_digraph_complete:395 - Computing assembly digraph...
2026-07-02 19:54:15.465 | INFO     | pycaalp.time_balancing.model:run_mip:430 - Running MIP solver ...
2026-07-02 19:54:15.759 | INFO     | pycaalp.gapp.assembly_digraph:compute_assembly_digraph_complete:395 - Computing assembly digraph...
2026-07-02 19:54:16.163 | INFO     | pycaalp.time_balancing.model:run_mip:430 - Running MIP solver ...
2026-07-02 19:54:16.589 | INFO     | experiments.edge_reduction.scripts.combination_runs:run_full_edge_reduction_change:98 - Running test with: red_perc=70
2026-07-02 19:54:16.592 | INFO     | pycaalp.gapp.assembly_digraph:compute_assembly_digraph_complete:395 - Computing assembly digraph...
2026-07-02 19:54:16.972 | INFO     | pycaalp.time_balancing.model:run_mip:430 - Running MIP solver ...
2026-07-02 19:54:17.229 | INFO     | pycaalp.gapp.assembly_digraph:compute_assembly_digraph_complete:395 - Computing assembly digraph...
2026-07-02 19:54:17.689 | INFO     | pycaalp.time_balancing.model:run_mip:430 - Running MIP solver ...
2026-07-02 19:54:17.966 | INFO     | pycaalp.gapp.assembly_digraph:compute_assembly_digraph_complete:395 - Computing assembly digraph...
2026-07-02 19:54:18.412 | INFO     | pycaalp.time_balancing.model:run_mip:430 - Running MIP solver ...
2026-07-02 19:54:19.142 | INFO     | pycaalp.gapp.assembly_digraph:compute_assembly_digraph_complete:395 - Computing assembly digraph...
2026-07-02 19:54:19.532 | INFO     | pycaalp.time_balancing.model:run_mip:430 - Running MIP solver ...
2026-07-02 19:54:19.856 | INFO     | pycaalp.gapp.assembly_digraph:compute_assembly_digraph_complete:395 - Computing assembly digraph...
2026-07-02 19:54:20.249 | INFO     | pycaalp.time_balancing.model:run_mip:430 - Running MIP solver ...
2026-07-02 19:54:20.662 | INFO     | __main__:<module>:240 - Running plot_total_time
{0: (np.float64(4.474765), np.float64(0.8414857445287175), np.float64(1092.52), np.float64(0.0), np.float64(0.0), np.float64(0.0), np.float64(4.8035575919784606), np.float64(0.0), np.float64(0.30223639495670795), np.float64(0.0)), 5: (np.float64(3.3948741999999994), np.float64(0.8414857445287176), np.float64(1092.52), np.float64(0.5337429032983575), np.float64(1.2161883888976234e-16), np.float64(0.0), np.float64(3.9752559579908846), np.float64(0.5843764389169273), np.float64(0.550406273198314), np.float64(0.09003534714257548)), 10: (np.float64(4.1447292000000004), np.float64(0.8414857445287176), np.float64(1092.52), np.float64(0.5243448552688966), np.float64(1.2161883888976234e-16), np.float64(0.0), np.float64(4.837180039379746), np.float64(0.5125670484382723), np.float64(0.6546786689897999), np.float64(0.04985724696184393)), 15: (np.float64(2.9880746), np.float64(0.8414857445287176), np.float64(1092.52), np.float64(0.6566486585968481), np.float64(1.3136335981433191e-16), np.float64(0.0), np.float64(3.689320797612891), np.float64(0.6477318458634311), np.float64(0.6635731226066127), np.float64(0.10011620051544946)), 20: (np.float64(2.3704436), np.float64(0.8414857445287176), np.float64(1092.52), np.float64(0.4988174728509818), np.float64(1.1102230246251565e-16), np.float64(0.0), np.float64(3.001922007231042), np.float64(0.5387567737984785), np.float64(0.6003373262006789), np.float64(0.053639801940574286)), 25: (np.float64(2.3004082), np.float64(0.8414857445287176), np.float64(1092.52), np.float64(0.7746677725679313), np.float64(7.021666937153402e-17), np.float64(0.0), np.float64(2.889266455778852), np.float64(0.7472744974027956), np.float64(0.5639547392027453), np.float64(0.03660788010936507)), 30: (np.float64(1.6692474000000002), np.float64(0.8414857445287176), np.float64(1092.52), np.float64(0.44716988711253797), np.float64(9.930136612989092e-17), np.float64(0.0), np.float64(2.2886101049836727), np.float64(0.45422317195401146), np.float64(0.5963507497683167), np.float64(0.02870320948024848)), 35: (np.float64(1.1640314000000003), np.float64(0.8414857445287176), np.float64(1092.52), np.float64(0.1539947733848133), np.float64(1.4895204919483638e-16), np.float64(0.0), np.float64(1.7194318731781095), np.float64(0.11580190176532433), np.float64(0.5359909259947017), np.float64(0.046539614181678485)), 40: (np.float64(0.6903699999999999), np.float64(0.8414857445287176), np.float64(1092.52), np.float64(0.06199148629610359), np.float64(1.4895204919483638e-16), np.float64(0.0), np.float64(1.2303290878189728), np.float64(0.07916032605196048), np.float64(0.521777802426368), np.float64(0.027433838513709327)), 45: (np.float64(0.7105818), np.float64(0.8414857445287176), np.float64(1092.52), np.float64(0.12710835906485457), np.float64(1.2161883888976234e-16), np.float64(0.0), np.float64(1.1869951328029855), np.float64(0.1256849090951717), np.float64(0.4598390499828383), np.float64(0.023464396331793338)), 50: (np.float64(0.649332), np.float64(0.8414857445287176), np.float64(1092.52), np.float64(0.1978995667403039), np.float64(1.4043333874306804e-16), np.float64(0.0), np.float64(1.1530965287936852), np.float64(0.18668117901420656), np.float64(0.4865391758037731), np.float64(0.057053302789633525)), 55: (np.float64(0.3931268), np.float64(0.8414857445287176), np.float64(1092.52), np.float64(0.09344883862606318), np.float64(1.6467268631127714e-16), np.float64(0.0), np.float64(0.8338010729989037), np.float64(0.07002653331182397), np.float64(0.42870834439527244), np.float64(0.03327277430187395)), 60: (np.float64(0.2895632), np.float64(0.8414857445287176), np.float64(1092.52), np.float64(0.047327150175771195), np.float64(9.930136612989092e-17), np.float64(0.0), np.float64(0.6956531733507291), np.float64(0.05194007473619047), np.float64(0.3955433167517185), np.float64(0.01111650592138093)), 65: (np.float64(0.3007666), np.float64(0.8414857445287369), np.float64(1092.52), np.float64(0.05962450098273359), np.float64(3.872473188160911e-14), np.float64(0.0), np.float64(0.7032016216078774), np.float64(0.06771712235370864), np.float64(0.39252593177370726), np.float64(0.007963267222275085)), 70: (np.float64(0.3852572), np.float64(0.841485744528717), np.float64(1092.52), np.float64(0.17388732077572533), np.float64(1.2580350516180601e-15), np.float64(0.0), np.float64(0.8116516403388232), np.float64(0.18947005670439107), np.float64(0.4175015887711197), np.float64(0.032973185676251675))}
Saved MIP solve time plot in experiments/edge_reduction/sweeps/assembly_1_np_2/lambda_0.7/plots/MIP_solve_time_num_phases_2.svg
2026-07-02 19:54:20.786 | INFO     | __main__:<module>:250 - Running plot_speedup_vs_max_length_lost
Saved speedup_vs_weld_len_degr plot in experiments/edge_reduction/sweeps/assembly_1_np_2/lambda_0.7/plots/speedup_vs_weld_len_degr_num_phases_2.svg
2026-07-02 19:54:20.907 | INFO     | __main__:<module>:253 - Running plot_average_max_time
Saved Max welding length [mm] plot in experiments/edge_reduction/sweeps/assembly_1_np_2/lambda_0.7/plots/Max_welding_length_[mm]_num_phases_2.svg

----------------- λ = 0.8 -----------------
2026-07-02 19:51:50.351 | INFO     | __main__:<module>:193 - Running /home/md/Work/PyCAALP/experiments/edge_reduction/run.py
2026-07-02 19:51:50.351 | INFO     | __main__:<module>:194 - ASSEMBLY_FNAME='data/assembly_1/assembly_1_parts.json'
2026-07-02 19:51:50.351 | INFO     | __main__:<module>:197 - NUM_PHASES=2
2026-07-02 19:51:50.351 | INFO     | __main__:<module>:198 - RES_FNAME='experiments/edge_reduction/sweeps/assembly_1_np_2/lambda_0.8/res.pkl'
2026-07-02 19:51:50.351 | INFO     | experiments.edge_reduction.scripts.combination_runs:run_full_edge_reduction_change:98 - Running test with: red_perc=0
2026-07-02 19:51:50.359 | INFO     | pycaalp.gapp.assembly_digraph:compute_assembly_digraph_complete:395 - Computing assembly digraph...
2026-07-02 19:51:50.559 | INFO     | pycaalp.time_balancing.model:run_mip:430 - Running MIP solver ...
2026-07-02 19:51:55.504 | INFO     | experiments.edge_reduction.scripts.combination_runs:run_full_edge_reduction_change:98 - Running test with: red_perc=5
2026-07-02 19:51:55.510 | INFO     | pycaalp.gapp.assembly_digraph:compute_assembly_digraph_complete:395 - Computing assembly digraph...
2026-07-02 19:51:56.078 | INFO     | pycaalp.time_balancing.model:run_mip:430 - Running MIP solver ...
2026-07-02 19:52:00.957 | INFO     | pycaalp.gapp.assembly_digraph:compute_assembly_digraph_complete:395 - Computing assembly digraph...
2026-07-02 19:52:01.537 | INFO     | pycaalp.time_balancing.model:run_mip:430 - Running MIP solver ...
2026-07-02 19:52:06.316 | INFO     | pycaalp.gapp.assembly_digraph:compute_assembly_digraph_complete:395 - Computing assembly digraph...
2026-07-02 19:52:06.869 | INFO     | pycaalp.time_balancing.model:run_mip:430 - Running MIP solver ...
2026-07-02 19:52:12.087 | INFO     | pycaalp.gapp.assembly_digraph:compute_assembly_digraph_complete:395 - Computing assembly digraph...
2026-07-02 19:52:12.598 | INFO     | pycaalp.time_balancing.model:run_mip:430 - Running MIP solver ...
2026-07-02 19:52:17.726 | INFO     | pycaalp.gapp.assembly_digraph:compute_assembly_digraph_complete:395 - Computing assembly digraph...
2026-07-02 19:52:18.286 | INFO     | pycaalp.time_balancing.model:run_mip:430 - Running MIP solver ...
2026-07-02 19:52:24.442 | INFO     | experiments.edge_reduction.scripts.combination_runs:run_full_edge_reduction_change:98 - Running test with: red_perc=10
2026-07-02 19:52:24.446 | INFO     | pycaalp.gapp.assembly_digraph:compute_assembly_digraph_complete:395 - Computing assembly digraph...
2026-07-02 19:52:25.028 | INFO     | pycaalp.time_balancing.model:run_mip:430 - Running MIP solver ...
2026-07-02 19:52:28.560 | INFO     | pycaalp.gapp.assembly_digraph:compute_assembly_digraph_complete:395 - Computing assembly digraph...
2026-07-02 19:52:29.193 | INFO     | pycaalp.time_balancing.model:run_mip:430 - Running MIP solver ...
2026-07-02 19:52:34.758 | INFO     | pycaalp.gapp.assembly_digraph:compute_assembly_digraph_complete:395 - Computing assembly digraph...
2026-07-02 19:52:35.430 | INFO     | pycaalp.time_balancing.model:run_mip:430 - Running MIP solver ...
2026-07-02 19:52:39.873 | INFO     | pycaalp.gapp.assembly_digraph:compute_assembly_digraph_complete:395 - Computing assembly digraph...
2026-07-02 19:52:40.576 | INFO     | pycaalp.time_balancing.model:run_mip:430 - Running MIP solver ...
2026-07-02 19:52:44.116 | INFO     | pycaalp.gapp.assembly_digraph:compute_assembly_digraph_complete:395 - Computing assembly digraph...
2026-07-02 19:52:44.780 | INFO     | pycaalp.time_balancing.model:run_mip:430 - Running MIP solver ...
2026-07-02 19:52:48.528 | INFO     | experiments.edge_reduction.scripts.combination_runs:run_full_edge_reduction_change:98 - Running test with: red_perc=15
2026-07-02 19:52:48.531 | INFO     | pycaalp.gapp.assembly_digraph:compute_assembly_digraph_complete:395 - Computing assembly digraph...
2026-07-02 19:52:49.203 | INFO     | pycaalp.time_balancing.model:run_mip:430 - Running MIP solver ...
2026-07-02 19:52:52.882 | INFO     | pycaalp.gapp.assembly_digraph:compute_assembly_digraph_complete:395 - Computing assembly digraph...
2026-07-02 19:52:53.485 | INFO     | pycaalp.time_balancing.model:run_mip:430 - Running MIP solver ...
2026-07-02 19:52:57.158 | INFO     | pycaalp.gapp.assembly_digraph:compute_assembly_digraph_complete:395 - Computing assembly digraph...
2026-07-02 19:52:57.697 | INFO     | pycaalp.time_balancing.model:run_mip:430 - Running MIP solver ...
2026-07-02 19:53:01.105 | INFO     | pycaalp.gapp.assembly_digraph:compute_assembly_digraph_complete:395 - Computing assembly digraph...
2026-07-02 19:53:01.729 | INFO     | pycaalp.time_balancing.model:run_mip:430 - Running MIP solver ...
2026-07-02 19:53:04.944 | INFO     | pycaalp.gapp.assembly_digraph:compute_assembly_digraph_complete:395 - Computing assembly digraph...
2026-07-02 19:53:05.552 | INFO     | pycaalp.time_balancing.model:run_mip:430 - Running MIP solver ...
2026-07-02 19:53:10.749 | INFO     | experiments.edge_reduction.scripts.combination_runs:run_full_edge_reduction_change:98 - Running test with: red_perc=20
2026-07-02 19:53:10.752 | INFO     | pycaalp.gapp.assembly_digraph:compute_assembly_digraph_complete:395 - Computing assembly digraph...
2026-07-02 19:53:11.299 | INFO     | pycaalp.time_balancing.model:run_mip:430 - Running MIP solver ...
2026-07-02 19:53:14.259 | INFO     | pycaalp.gapp.assembly_digraph:compute_assembly_digraph_complete:395 - Computing assembly digraph...
2026-07-02 19:53:14.750 | INFO     | pycaalp.time_balancing.model:run_mip:430 - Running MIP solver ...
2026-07-02 19:53:17.667 | INFO     | pycaalp.gapp.assembly_digraph:compute_assembly_digraph_complete:395 - Computing assembly digraph...
2026-07-02 19:53:18.221 | INFO     | pycaalp.time_balancing.model:run_mip:430 - Running MIP solver ...
2026-07-02 19:53:21.771 | INFO     | pycaalp.gapp.assembly_digraph:compute_assembly_digraph_complete:395 - Computing assembly digraph...
2026-07-02 19:53:22.386 | INFO     | pycaalp.time_balancing.model:run_mip:430 - Running MIP solver ...
2026-07-02 19:53:26.166 | INFO     | pycaalp.gapp.assembly_digraph:compute_assembly_digraph_complete:395 - Computing assembly digraph...
2026-07-02 19:53:26.710 | INFO     | pycaalp.time_balancing.model:run_mip:430 - Running MIP solver ...
2026-07-02 19:53:29.956 | INFO     | experiments.edge_reduction.scripts.combination_runs:run_full_edge_reduction_change:98 - Running test with: red_perc=25
2026-07-02 19:53:29.960 | INFO     | pycaalp.gapp.assembly_digraph:compute_assembly_digraph_complete:395 - Computing assembly digraph...
2026-07-02 19:53:30.598 | INFO     | pycaalp.time_balancing.model:run_mip:430 - Running MIP solver ...
2026-07-02 19:53:34.038 | INFO     | pycaalp.gapp.assembly_digraph:compute_assembly_digraph_complete:395 - Computing assembly digraph...
2026-07-02 19:53:34.590 | INFO     | pycaalp.time_balancing.model:run_mip:430 - Running MIP solver ...
2026-07-02 19:53:37.716 | INFO     | pycaalp.gapp.assembly_digraph:compute_assembly_digraph_complete:395 - Computing assembly digraph...
2026-07-02 19:53:38.281 | INFO     | pycaalp.time_balancing.model:run_mip:430 - Running MIP solver ...
2026-07-02 19:53:40.958 | INFO     | pycaalp.gapp.assembly_digraph:compute_assembly_digraph_complete:395 - Computing assembly digraph...
2026-07-02 19:53:41.469 | INFO     | pycaalp.time_balancing.model:run_mip:430 - Running MIP solver ...
2026-07-02 19:53:44.611 | INFO     | pycaalp.gapp.assembly_digraph:compute_assembly_digraph_complete:395 - Computing assembly digraph...
2026-07-02 19:53:45.230 | INFO     | pycaalp.time_balancing.model:run_mip:430 - Running MIP solver ...
2026-07-02 19:53:47.710 | INFO     | experiments.edge_reduction.scripts.combination_runs:run_full_edge_reduction_change:98 - Running test with: red_perc=30
2026-07-02 19:53:47.714 | INFO     | pycaalp.gapp.assembly_digraph:compute_assembly_digraph_complete:395 - Computing assembly digraph...
2026-07-02 19:53:48.179 | INFO     | pycaalp.time_balancing.model:run_mip:430 - Running MIP solver ...
2026-07-02 19:53:50.342 | INFO     | pycaalp.gapp.assembly_digraph:compute_assembly_digraph_complete:395 - Computing assembly digraph...
2026-07-02 19:53:50.799 | INFO     | pycaalp.time_balancing.model:run_mip:430 - Running MIP solver ...
2026-07-02 19:53:52.385 | INFO     | pycaalp.gapp.assembly_digraph:compute_assembly_digraph_complete:395 - Computing assembly digraph...
2026-07-02 19:53:52.827 | INFO     | pycaalp.time_balancing.model:run_mip:430 - Running MIP solver ...
2026-07-02 19:53:54.630 | INFO     | pycaalp.gapp.assembly_digraph:compute_assembly_digraph_complete:395 - Computing assembly digraph...
2026-07-02 19:53:55.100 | INFO     | pycaalp.time_balancing.model:run_mip:430 - Running MIP solver ...
2026-07-02 19:53:56.867 | INFO     | pycaalp.gapp.assembly_digraph:compute_assembly_digraph_complete:395 - Computing assembly digraph...
2026-07-02 19:53:57.388 | INFO     | pycaalp.time_balancing.model:run_mip:430 - Running MIP solver ...
2026-07-02 19:53:58.843 | INFO     | experiments.edge_reduction.scripts.combination_runs:run_full_edge_reduction_change:98 - Running test with: red_perc=35
2026-07-02 19:53:58.847 | INFO     | pycaalp.gapp.assembly_digraph:compute_assembly_digraph_complete:395 - Computing assembly digraph...
2026-07-02 19:53:59.261 | INFO     | pycaalp.time_balancing.model:run_mip:430 - Running MIP solver ...
2026-07-02 19:54:01.056 | INFO     | pycaalp.gapp.assembly_digraph:compute_assembly_digraph_complete:395 - Computing assembly digraph...
2026-07-02 19:54:01.664 | INFO     | pycaalp.time_balancing.model:run_mip:430 - Running MIP solver ...
2026-07-02 19:54:03.229 | INFO     | pycaalp.gapp.assembly_digraph:compute_assembly_digraph_complete:395 - Computing assembly digraph...
2026-07-02 19:54:03.648 | INFO     | pycaalp.time_balancing.model:run_mip:430 - Running MIP solver ...
2026-07-02 19:54:04.809 | INFO     | pycaalp.gapp.assembly_digraph:compute_assembly_digraph_complete:395 - Computing assembly digraph...
2026-07-02 19:54:05.265 | INFO     | pycaalp.time_balancing.model:run_mip:430 - Running MIP solver ...
2026-07-02 19:54:06.461 | INFO     | pycaalp.gapp.assembly_digraph:compute_assembly_digraph_complete:395 - Computing assembly digraph...
2026-07-02 19:54:06.850 | INFO     | pycaalp.time_balancing.model:run_mip:430 - Running MIP solver ...
2026-07-02 19:54:08.321 | INFO     | experiments.edge_reduction.scripts.combination_runs:run_full_edge_reduction_change:98 - Running test with: red_perc=40
2026-07-02 19:54:08.324 | INFO     | pycaalp.gapp.assembly_digraph:compute_assembly_digraph_complete:395 - Computing assembly digraph...
2026-07-02 19:54:08.714 | INFO     | pycaalp.time_balancing.model:run_mip:430 - Running MIP solver ...
2026-07-02 19:54:09.633 | INFO     | pycaalp.gapp.assembly_digraph:compute_assembly_digraph_complete:395 - Computing assembly digraph...
2026-07-02 19:54:10.007 | INFO     | pycaalp.time_balancing.model:run_mip:430 - Running MIP solver ...
2026-07-02 19:54:11.093 | INFO     | pycaalp.gapp.assembly_digraph:compute_assembly_digraph_complete:395 - Computing assembly digraph...
2026-07-02 19:54:11.489 | INFO     | pycaalp.time_balancing.model:run_mip:430 - Running MIP solver ...
2026-07-02 19:54:12.800 | INFO     | pycaalp.gapp.assembly_digraph:compute_assembly_digraph_complete:395 - Computing assembly digraph...
2026-07-02 19:54:13.190 | INFO     | pycaalp.time_balancing.model:run_mip:430 - Running MIP solver ...
2026-07-02 19:54:14.484 | INFO     | pycaalp.gapp.assembly_digraph:compute_assembly_digraph_complete:395 - Computing assembly digraph...
2026-07-02 19:54:14.871 | INFO     | pycaalp.time_balancing.model:run_mip:430 - Running MIP solver ...
2026-07-02 19:54:15.735 | INFO     | experiments.edge_reduction.scripts.combination_runs:run_full_edge_reduction_change:98 - Running test with: red_perc=45
2026-07-02 19:54:15.738 | INFO     | pycaalp.gapp.assembly_digraph:compute_assembly_digraph_complete:395 - Computing assembly digraph...
2026-07-02 19:54:16.132 | INFO     | pycaalp.time_balancing.model:run_mip:430 - Running MIP solver ...
2026-07-02 19:54:16.765 | INFO     | pycaalp.gapp.assembly_digraph:compute_assembly_digraph_complete:395 - Computing assembly digraph...
2026-07-02 19:54:17.143 | INFO     | pycaalp.time_balancing.model:run_mip:430 - Running MIP solver ...
2026-07-02 19:54:18.046 | INFO     | pycaalp.gapp.assembly_digraph:compute_assembly_digraph_complete:395 - Computing assembly digraph...
2026-07-02 19:54:18.468 | INFO     | pycaalp.time_balancing.model:run_mip:430 - Running MIP solver ...
2026-07-02 19:54:19.423 | INFO     | pycaalp.gapp.assembly_digraph:compute_assembly_digraph_complete:395 - Computing assembly digraph...
2026-07-02 19:54:19.818 | INFO     | pycaalp.time_balancing.model:run_mip:430 - Running MIP solver ...
2026-07-02 19:54:20.862 | INFO     | pycaalp.gapp.assembly_digraph:compute_assembly_digraph_complete:395 - Computing assembly digraph...
2026-07-02 19:54:21.239 | INFO     | pycaalp.time_balancing.model:run_mip:430 - Running MIP solver ...
2026-07-02 19:54:22.137 | INFO     | experiments.edge_reduction.scripts.combination_runs:run_full_edge_reduction_change:98 - Running test with: red_perc=50
2026-07-02 19:54:22.141 | INFO     | pycaalp.gapp.assembly_digraph:compute_assembly_digraph_complete:395 - Computing assembly digraph...
2026-07-02 19:54:22.532 | INFO     | pycaalp.time_balancing.model:run_mip:430 - Running MIP solver ...
2026-07-02 19:54:23.197 | INFO     | pycaalp.gapp.assembly_digraph:compute_assembly_digraph_complete:395 - Computing assembly digraph...
2026-07-02 19:54:23.570 | INFO     | pycaalp.time_balancing.model:run_mip:430 - Running MIP solver ...
2026-07-02 19:54:24.214 | INFO     | pycaalp.gapp.assembly_digraph:compute_assembly_digraph_complete:395 - Computing assembly digraph...
2026-07-02 19:54:24.585 | INFO     | pycaalp.time_balancing.model:run_mip:430 - Running MIP solver ...
2026-07-02 19:54:25.239 | INFO     | pycaalp.gapp.assembly_digraph:compute_assembly_digraph_complete:395 - Computing assembly digraph...
2026-07-02 19:54:25.601 | INFO     | pycaalp.time_balancing.model:run_mip:430 - Running MIP solver ...
2026-07-02 19:54:26.140 | INFO     | pycaalp.gapp.assembly_digraph:compute_assembly_digraph_complete:395 - Computing assembly digraph...
2026-07-02 19:54:26.510 | INFO     | pycaalp.time_balancing.model:run_mip:430 - Running MIP solver ...
2026-07-02 19:54:27.144 | INFO     | experiments.edge_reduction.scripts.combination_runs:run_full_edge_reduction_change:98 - Running test with: red_perc=55
2026-07-02 19:54:27.148 | INFO     | pycaalp.gapp.assembly_digraph:compute_assembly_digraph_complete:395 - Computing assembly digraph...
2026-07-02 19:54:27.508 | INFO     | pycaalp.time_balancing.model:run_mip:430 - Running MIP solver ...
2026-07-02 19:54:28.009 | INFO     | pycaalp.gapp.assembly_digraph:compute_assembly_digraph_complete:395 - Computing assembly digraph...
2026-07-02 19:54:28.357 | INFO     | pycaalp.time_balancing.model:run_mip:430 - Running MIP solver ...
2026-07-02 19:54:28.938 | INFO     | pycaalp.gapp.assembly_digraph:compute_assembly_digraph_complete:395 - Computing assembly digraph...
2026-07-02 19:54:29.307 | INFO     | pycaalp.time_balancing.model:run_mip:430 - Running MIP solver ...
2026-07-02 19:54:29.738 | INFO     | pycaalp.gapp.assembly_digraph:compute_assembly_digraph_complete:395 - Computing assembly digraph...
2026-07-02 19:54:30.103 | INFO     | pycaalp.time_balancing.model:run_mip:430 - Running MIP solver ...
2026-07-02 19:54:30.745 | INFO     | pycaalp.gapp.assembly_digraph:compute_assembly_digraph_complete:395 - Computing assembly digraph...
2026-07-02 19:54:31.091 | INFO     | pycaalp.time_balancing.model:run_mip:430 - Running MIP solver ...
2026-07-02 19:54:31.783 | INFO     | experiments.edge_reduction.scripts.combination_runs:run_full_edge_reduction_change:98 - Running test with: red_perc=60
2026-07-02 19:54:31.786 | INFO     | pycaalp.gapp.assembly_digraph:compute_assembly_digraph_complete:395 - Computing assembly digraph...
2026-07-02 19:54:32.138 | INFO     | pycaalp.time_balancing.model:run_mip:430 - Running MIP solver ...
2026-07-02 19:54:32.547 | INFO     | pycaalp.gapp.assembly_digraph:compute_assembly_digraph_complete:395 - Computing assembly digraph...
2026-07-02 19:54:32.906 | INFO     | pycaalp.time_balancing.model:run_mip:430 - Running MIP solver ...
2026-07-02 19:54:33.370 | INFO     | pycaalp.gapp.assembly_digraph:compute_assembly_digraph_complete:395 - Computing assembly digraph...
2026-07-02 19:54:33.732 | INFO     | pycaalp.time_balancing.model:run_mip:430 - Running MIP solver ...
2026-07-02 19:54:34.148 | INFO     | pycaalp.gapp.assembly_digraph:compute_assembly_digraph_complete:395 - Computing assembly digraph...
2026-07-02 19:54:34.495 | INFO     | pycaalp.time_balancing.model:run_mip:430 - Running MIP solver ...
2026-07-02 19:54:34.817 | INFO     | pycaalp.gapp.assembly_digraph:compute_assembly_digraph_complete:395 - Computing assembly digraph...
2026-07-02 19:54:35.168 | INFO     | pycaalp.time_balancing.model:run_mip:430 - Running MIP solver ...
2026-07-02 19:54:35.504 | INFO     | experiments.edge_reduction.scripts.combination_runs:run_full_edge_reduction_change:98 - Running test with: red_perc=65
2026-07-02 19:54:35.507 | INFO     | pycaalp.gapp.assembly_digraph:compute_assembly_digraph_complete:395 - Computing assembly digraph...
2026-07-02 19:54:35.859 | INFO     | pycaalp.time_balancing.model:run_mip:430 - Running MIP solver ...
2026-07-02 19:54:36.264 | INFO     | pycaalp.gapp.assembly_digraph:compute_assembly_digraph_complete:395 - Computing assembly digraph...
2026-07-02 19:54:36.607 | INFO     | pycaalp.time_balancing.model:run_mip:430 - Running MIP solver ...
2026-07-02 19:54:36.989 | INFO     | pycaalp.gapp.assembly_digraph:compute_assembly_digraph_complete:395 - Computing assembly digraph...
2026-07-02 19:54:37.333 | INFO     | pycaalp.time_balancing.model:run_mip:430 - Running MIP solver ...
2026-07-02 19:54:37.662 | INFO     | pycaalp.gapp.assembly_digraph:compute_assembly_digraph_complete:395 - Computing assembly digraph...
2026-07-02 19:54:38.007 | INFO     | pycaalp.time_balancing.model:run_mip:430 - Running MIP solver ...
2026-07-02 19:54:38.311 | INFO     | pycaalp.gapp.assembly_digraph:compute_assembly_digraph_complete:395 - Computing assembly digraph...
2026-07-02 19:54:38.655 | INFO     | pycaalp.time_balancing.model:run_mip:430 - Running MIP solver ...
2026-07-02 19:54:39.038 | INFO     | experiments.edge_reduction.scripts.combination_runs:run_full_edge_reduction_change:98 - Running test with: red_perc=70
2026-07-02 19:54:39.041 | INFO     | pycaalp.gapp.assembly_digraph:compute_assembly_digraph_complete:395 - Computing assembly digraph...
2026-07-02 19:54:39.384 | INFO     | pycaalp.time_balancing.model:run_mip:430 - Running MIP solver ...
2026-07-02 19:54:39.589 | INFO     | pycaalp.gapp.assembly_digraph:compute_assembly_digraph_complete:395 - Computing assembly digraph...
2026-07-02 19:54:39.932 | INFO     | pycaalp.time_balancing.model:run_mip:430 - Running MIP solver ...
2026-07-02 19:54:40.178 | INFO     | pycaalp.gapp.assembly_digraph:compute_assembly_digraph_complete:395 - Computing assembly digraph...
2026-07-02 19:54:40.540 | INFO     | pycaalp.time_balancing.model:run_mip:430 - Running MIP solver ...
2026-07-02 19:54:40.778 | INFO     | pycaalp.gapp.assembly_digraph:compute_assembly_digraph_complete:395 - Computing assembly digraph...
2026-07-02 19:54:41.123 | INFO     | pycaalp.time_balancing.model:run_mip:430 - Running MIP solver ...
2026-07-02 19:54:41.496 | INFO     | pycaalp.gapp.assembly_digraph:compute_assembly_digraph_complete:395 - Computing assembly digraph...
2026-07-02 19:54:41.840 | INFO     | pycaalp.time_balancing.model:run_mip:430 - Running MIP solver ...
2026-07-02 19:54:42.101 | INFO     | __main__:<module>:240 - Running plot_total_time
{0: (np.float64(4.916301), np.float64(0.8422617277158246), np.float64(1092.52), np.float64(0.0), np.float64(0.0), np.float64(0.0), np.float64(5.152566114091314), np.float64(0.0), np.float64(0.2075621651019901), np.float64(0.0)), 5: (np.float64(5.1772974), np.float64(0.8422617277158245), np.float64(1092.52), np.float64(0.4949164242579143), np.float64(1.2161883888976234e-16), np.float64(0.0), np.float64(5.766972069186158), np.float64(0.4904370052071967), np.float64(0.558530841791071), np.float64(0.02435970593201934)), 10: (np.float64(4.1069948), np.float64(0.8422617277158245), np.float64(1092.52), np.float64(0.7723362940288121), np.float64(1.6467268631127714e-16), np.float64(0.0), np.float64(4.801545078214258), np.float64(0.7733634540006732), np.float64(0.6545848347945139), np.float64(0.04122062581341368)), 15: (np.float64(3.7841263999999994), np.float64(0.8422617277158245), np.float64(1092.52), np.float64(0.7038661179052731), np.float64(1.4895204919483638e-16), np.float64(0.0), np.float64(4.4339067985769365), np.float64(0.7085372959316826), np.float64(0.6129373799776658), np.float64(0.04275112630196366)), 20: (np.float64(3.2475136), np.float64(0.8422617277158245), np.float64(1092.52), np.float64(0.3322284851361184), np.float64(7.021666937153402e-17), np.float64(0.0), np.float64(3.8307680610334502), np.float64(0.36806006980774686), np.float64(0.5551732489839196), np.float64(0.03946560454960932)), 25: (np.float64(2.9231994), np.float64(0.8422617277158247), np.float64(1092.52), np.float64(0.34080562838756057), np.float64(1.2161883888976234e-16), np.float64(0.0), np.float64(3.539018083969131), np.float64(0.3447120225925761), np.float64(0.581558246188797), np.float64(0.04570144655646604)), 30: (np.float64(1.719133), np.float64(0.8422617277158245), np.float64(1092.52), np.float64(0.23846789233102225), np.float64(1.3136335981433191e-16), np.float64(0.0), np.float64(2.2172035295749084), np.float64(0.2267591752844748), np.float64(0.47473542660009116), np.float64(0.02694400049006717)), 35: (np.float64(1.4058514), np.float64(0.8422617277158247), np.float64(1092.52), np.float64(0.23362980432008246), np.float64(1.5700924586837752e-16), np.float64(0.0), np.float64(1.8878828279674054), np.float64(0.2565354616728028), np.float64(0.4614076105412096), np.float64(0.07910539455386889)), 40: (np.float64(1.0679155999999999), np.float64(0.8422617277158249), np.float64(1092.52), np.float64(0.18777830873729798), np.float64(2.1065000811460205e-16), np.float64(0.0), np.float64(1.4778772966004907), np.float64(0.18755219299339201), np.float64(0.3908318212023005), np.float64(0.007610052627698251)), 45: (np.float64(0.8634997999999999), np.float64(0.8422617277158247), np.float64(1092.52), np.float64(0.13633309688611933), np.float64(1.5700924586837752e-16), np.float64(0.0), np.float64(1.27543822939042), np.float64(0.1402957897969402), np.float64(0.39662412719335405), np.float64(0.016473245188978004)), 50: (np.float64(0.6033792), np.float64(0.8422617277158245), np.float64(1092.52), np.float64(0.05291461985651978), np.float64(8.599750569898517e-17), np.float64(0.0), np.float64(0.9980912491912022), np.float64(0.05222115374530526), np.float64(0.3766126929782331), np.float64(0.009787784454883828)), 55: (np.float64(0.5515291999999999), np.float64(0.8422617277158249), np.float64(1092.52), np.float64(0.0960595647302235), np.float64(1.3136335981433191e-16), np.float64(0.0), np.float64(0.9242110860068351), np.float64(0.09019944684726722), np.float64(0.3609383505769074), np.float64(0.009261279942206957)), 60: (np.float64(0.3740532), np.float64(0.8422617277158245), np.float64(1092.52), np.float64(0.052358069996515356), np.float64(8.599750569898517e-17), np.float64(0.0), np.float64(0.7415969850262627), np.float64(0.0571170348031053), np.float64(0.35731437262147664), np.float64(0.005642689281109007)), 65: (np.float64(0.34605759999999997), np.float64(0.8422617277158247), np.float64(1092.52), np.float64(0.0384667794680033), np.float64(1.4895204919483638e-16), np.float64(0.0), np.float64(0.7040205978089944), np.float64(0.03961392387646557), np.float64(0.34890477140434084), np.float64(0.0031430948474878524)), 70: (np.float64(0.25181580000000003), np.float64(0.8422617277158247), np.float64(1092.52), np.float64(0.05759671981076701), np.float64(1.2161883888976234e-16), np.float64(0.0), np.float64(0.6098366576014087), np.float64(0.056644993778594166), np.float64(0.35017014883924275), np.float64(0.007314120926313247))}
Saved MIP solve time plot in experiments/edge_reduction/sweeps/assembly_1_np_2/lambda_0.8/plots/MIP_solve_time_num_phases_2.svg
2026-07-02 19:54:42.203 | INFO     | __main__:<module>:250 - Running plot_speedup_vs_max_length_lost
Saved speedup_vs_weld_len_degr plot in experiments/edge_reduction/sweeps/assembly_1_np_2/lambda_0.8/plots/speedup_vs_weld_len_degr_num_phases_2.svg
2026-07-02 19:54:42.311 | INFO     | __main__:<module>:253 - Running plot_average_max_time
Saved Max welding length [mm] plot in experiments/edge_reduction/sweeps/assembly_1_np_2/lambda_0.8/plots/Max_welding_length_[mm]_num_phases_2.svg

----------------- λ = 0.9 -----------------
2026-07-02 19:51:50.349 | INFO     | __main__:<module>:193 - Running /home/md/Work/PyCAALP/experiments/edge_reduction/run.py
2026-07-02 19:51:50.349 | INFO     | __main__:<module>:194 - ASSEMBLY_FNAME='data/assembly_1/assembly_1_parts.json'
2026-07-02 19:51:50.349 | INFO     | __main__:<module>:197 - NUM_PHASES=2
2026-07-02 19:51:50.349 | INFO     | __main__:<module>:198 - RES_FNAME='experiments/edge_reduction/sweeps/assembly_1_np_2/lambda_0.9/res.pkl'
2026-07-02 19:51:50.349 | INFO     | experiments.edge_reduction.scripts.combination_runs:run_full_edge_reduction_change:98 - Running test with: red_perc=0
2026-07-02 19:51:50.353 | INFO     | pycaalp.gapp.assembly_digraph:compute_assembly_digraph_complete:395 - Computing assembly digraph...
2026-07-02 19:51:50.697 | INFO     | pycaalp.time_balancing.model:run_mip:430 - Running MIP solver ...
2026-07-02 19:51:55.260 | INFO     | experiments.edge_reduction.scripts.combination_runs:run_full_edge_reduction_change:98 - Running test with: red_perc=5
2026-07-02 19:51:55.264 | INFO     | pycaalp.gapp.assembly_digraph:compute_assembly_digraph_complete:395 - Computing assembly digraph...
2026-07-02 19:51:55.793 | INFO     | pycaalp.time_balancing.model:run_mip:430 - Running MIP solver ...
2026-07-02 19:52:03.478 | INFO     | pycaalp.gapp.assembly_digraph:compute_assembly_digraph_complete:395 - Computing assembly digraph...
2026-07-02 19:52:04.039 | INFO     | pycaalp.time_balancing.model:run_mip:430 - Running MIP solver ...
2026-07-02 19:52:14.684 | INFO     | pycaalp.gapp.assembly_digraph:compute_assembly_digraph_complete:395 - Computing assembly digraph...
2026-07-02 19:52:15.146 | INFO     | pycaalp.time_balancing.model:run_mip:430 - Running MIP solver ...
2026-07-02 19:52:27.579 | INFO     | pycaalp.gapp.assembly_digraph:compute_assembly_digraph_complete:395 - Computing assembly digraph...
2026-07-02 19:52:28.207 | INFO     | pycaalp.time_balancing.model:run_mip:430 - Running MIP solver ...
2026-07-02 19:52:39.435 | INFO     | pycaalp.gapp.assembly_digraph:compute_assembly_digraph_complete:395 - Computing assembly digraph...
2026-07-02 19:52:40.196 | INFO     | pycaalp.time_balancing.model:run_mip:430 - Running MIP solver ...
2026-07-02 19:53:00.243 | INFO     | experiments.edge_reduction.scripts.combination_runs:run_full_edge_reduction_change:98 - Running test with: red_perc=10
2026-07-02 19:53:00.250 | INFO     | pycaalp.gapp.assembly_digraph:compute_assembly_digraph_complete:395 - Computing assembly digraph...
2026-07-02 19:53:00.870 | INFO     | pycaalp.time_balancing.model:run_mip:430 - Running MIP solver ...
2026-07-02 19:53:12.485 | INFO     | pycaalp.gapp.assembly_digraph:compute_assembly_digraph_complete:395 - Computing assembly digraph...
2026-07-02 19:53:12.998 | INFO     | pycaalp.time_balancing.model:run_mip:430 - Running MIP solver ...
2026-07-02 19:53:21.616 | INFO     | pycaalp.gapp.assembly_digraph:compute_assembly_digraph_complete:395 - Computing assembly digraph...
2026-07-02 19:53:22.162 | INFO     | pycaalp.time_balancing.model:run_mip:430 - Running MIP solver ...
2026-07-02 19:53:31.562 | INFO     | pycaalp.gapp.assembly_digraph:compute_assembly_digraph_complete:395 - Computing assembly digraph...
2026-07-02 19:53:32.168 | INFO     | pycaalp.time_balancing.model:run_mip:430 - Running MIP solver ...
2026-07-02 19:53:45.746 | INFO     | pycaalp.gapp.assembly_digraph:compute_assembly_digraph_complete:395 - Computing assembly digraph...
2026-07-02 19:53:46.234 | INFO     | pycaalp.time_balancing.model:run_mip:430 - Running MIP solver ...
2026-07-02 19:53:53.689 | INFO     | experiments.edge_reduction.scripts.combination_runs:run_full_edge_reduction_change:98 - Running test with: red_perc=15
2026-07-02 19:53:53.692 | INFO     | pycaalp.gapp.assembly_digraph:compute_assembly_digraph_complete:395 - Computing assembly digraph...
2026-07-02 19:53:54.207 | INFO     | pycaalp.time_balancing.model:run_mip:430 - Running MIP solver ...
2026-07-02 19:54:05.535 | INFO     | pycaalp.gapp.assembly_digraph:compute_assembly_digraph_complete:395 - Computing assembly digraph...
2026-07-02 19:54:05.954 | INFO     | pycaalp.time_balancing.model:run_mip:430 - Running MIP solver ...
2026-07-02 19:54:11.734 | INFO     | pycaalp.gapp.assembly_digraph:compute_assembly_digraph_complete:395 - Computing assembly digraph...
2026-07-02 19:54:12.140 | INFO     | pycaalp.time_balancing.model:run_mip:430 - Running MIP solver ...
2026-07-02 19:54:16.929 | INFO     | pycaalp.gapp.assembly_digraph:compute_assembly_digraph_complete:395 - Computing assembly digraph...
2026-07-02 19:54:17.305 | INFO     | pycaalp.time_balancing.model:run_mip:430 - Running MIP solver ...
2026-07-02 19:54:24.195 | INFO     | pycaalp.gapp.assembly_digraph:compute_assembly_digraph_complete:395 - Computing assembly digraph...
2026-07-02 19:54:24.558 | INFO     | pycaalp.time_balancing.model:run_mip:430 - Running MIP solver ...
2026-07-02 19:54:31.942 | INFO     | experiments.edge_reduction.scripts.combination_runs:run_full_edge_reduction_change:98 - Running test with: red_perc=20
2026-07-02 19:54:31.945 | INFO     | pycaalp.gapp.assembly_digraph:compute_assembly_digraph_complete:395 - Computing assembly digraph...
2026-07-02 19:54:32.299 | INFO     | pycaalp.time_balancing.model:run_mip:430 - Running MIP solver ...
2026-07-02 19:54:40.229 | INFO     | pycaalp.gapp.assembly_digraph:compute_assembly_digraph_complete:395 - Computing assembly digraph...
2026-07-02 19:54:40.580 | INFO     | pycaalp.time_balancing.model:run_mip:430 - Running MIP solver ...
2026-07-02 19:54:44.205 | INFO     | pycaalp.gapp.assembly_digraph:compute_assembly_digraph_complete:395 - Computing assembly digraph...
2026-07-02 19:54:44.546 | INFO     | pycaalp.time_balancing.model:run_mip:430 - Running MIP solver ...
2026-07-02 19:54:51.073 | INFO     | pycaalp.gapp.assembly_digraph:compute_assembly_digraph_complete:395 - Computing assembly digraph...
2026-07-02 19:54:51.443 | INFO     | pycaalp.time_balancing.model:run_mip:430 - Running MIP solver ...
2026-07-02 19:54:58.535 | INFO     | pycaalp.gapp.assembly_digraph:compute_assembly_digraph_complete:395 - Computing assembly digraph...
2026-07-02 19:54:58.886 | INFO     | pycaalp.time_balancing.model:run_mip:430 - Running MIP solver ...
2026-07-02 19:55:05.867 | INFO     | experiments.edge_reduction.scripts.combination_runs:run_full_edge_reduction_change:98 - Running test with: red_perc=25
2026-07-02 19:55:05.870 | INFO     | pycaalp.gapp.assembly_digraph:compute_assembly_digraph_complete:395 - Computing assembly digraph...
2026-07-02 19:55:06.227 | INFO     | pycaalp.time_balancing.model:run_mip:430 - Running MIP solver ...
2026-07-02 19:55:10.068 | INFO     | pycaalp.gapp.assembly_digraph:compute_assembly_digraph_complete:395 - Computing assembly digraph...
2026-07-02 19:55:10.408 | INFO     | pycaalp.time_balancing.model:run_mip:430 - Running MIP solver ...
2026-07-02 19:55:15.172 | INFO     | pycaalp.gapp.assembly_digraph:compute_assembly_digraph_complete:395 - Computing assembly digraph...
2026-07-02 19:55:15.507 | INFO     | pycaalp.time_balancing.model:run_mip:430 - Running MIP solver ...
2026-07-02 19:55:19.578 | INFO     | pycaalp.gapp.assembly_digraph:compute_assembly_digraph_complete:395 - Computing assembly digraph...
2026-07-02 19:55:19.926 | INFO     | pycaalp.time_balancing.model:run_mip:430 - Running MIP solver ...
2026-07-02 19:55:24.639 | INFO     | pycaalp.gapp.assembly_digraph:compute_assembly_digraph_complete:395 - Computing assembly digraph...
2026-07-02 19:55:24.982 | INFO     | pycaalp.time_balancing.model:run_mip:430 - Running MIP solver ...
2026-07-02 19:55:28.240 | INFO     | experiments.edge_reduction.scripts.combination_runs:run_full_edge_reduction_change:98 - Running test with: red_perc=30
2026-07-02 19:55:28.243 | INFO     | pycaalp.gapp.assembly_digraph:compute_assembly_digraph_complete:395 - Computing assembly digraph...
2026-07-02 19:55:28.583 | INFO     | pycaalp.time_balancing.model:run_mip:430 - Running MIP solver ...
2026-07-02 19:55:33.114 | INFO     | pycaalp.gapp.assembly_digraph:compute_assembly_digraph_complete:395 - Computing assembly digraph...
2026-07-02 19:55:33.447 | INFO     | pycaalp.time_balancing.model:run_mip:430 - Running MIP solver ...
2026-07-02 19:55:37.542 | INFO     | pycaalp.gapp.assembly_digraph:compute_assembly_digraph_complete:395 - Computing assembly digraph...
2026-07-02 19:55:37.872 | INFO     | pycaalp.time_balancing.model:run_mip:430 - Running MIP solver ...
2026-07-02 19:55:40.880 | INFO     | pycaalp.gapp.assembly_digraph:compute_assembly_digraph_complete:395 - Computing assembly digraph...
2026-07-02 19:55:41.211 | INFO     | pycaalp.time_balancing.model:run_mip:430 - Running MIP solver ...
2026-07-02 19:55:44.070 | INFO     | pycaalp.gapp.assembly_digraph:compute_assembly_digraph_complete:395 - Computing assembly digraph...
2026-07-02 19:55:44.402 | INFO     | pycaalp.time_balancing.model:run_mip:430 - Running MIP solver ...
2026-07-02 19:55:48.647 | INFO     | experiments.edge_reduction.scripts.combination_runs:run_full_edge_reduction_change:98 - Running test with: red_perc=35
2026-07-02 19:55:48.650 | INFO     | pycaalp.gapp.assembly_digraph:compute_assembly_digraph_complete:395 - Computing assembly digraph...
2026-07-02 19:55:48.984 | INFO     | pycaalp.time_balancing.model:run_mip:430 - Running MIP solver ...
2026-07-02 19:55:51.049 | INFO     | pycaalp.gapp.assembly_digraph:compute_assembly_digraph_complete:395 - Computing assembly digraph...
2026-07-02 19:55:51.384 | INFO     | pycaalp.time_balancing.model:run_mip:430 - Running MIP solver ...
2026-07-02 19:55:53.504 | INFO     | pycaalp.gapp.assembly_digraph:compute_assembly_digraph_complete:395 - Computing assembly digraph...
2026-07-02 19:55:53.831 | INFO     | pycaalp.time_balancing.model:run_mip:430 - Running MIP solver ...
2026-07-02 19:55:57.366 | INFO     | pycaalp.gapp.assembly_digraph:compute_assembly_digraph_complete:395 - Computing assembly digraph...
2026-07-02 19:55:57.688 | INFO     | pycaalp.time_balancing.model:run_mip:430 - Running MIP solver ...
2026-07-02 19:55:59.792 | INFO     | pycaalp.gapp.assembly_digraph:compute_assembly_digraph_complete:395 - Computing assembly digraph...
2026-07-02 19:56:00.116 | INFO     | pycaalp.time_balancing.model:run_mip:430 - Running MIP solver ...
2026-07-02 19:56:03.165 | INFO     | experiments.edge_reduction.scripts.combination_runs:run_full_edge_reduction_change:98 - Running test with: red_perc=40
2026-07-02 19:56:03.168 | INFO     | pycaalp.gapp.assembly_digraph:compute_assembly_digraph_complete:395 - Computing assembly digraph...
2026-07-02 19:56:03.518 | INFO     | pycaalp.time_balancing.model:run_mip:430 - Running MIP solver ...
2026-07-02 19:56:04.925 | INFO     | pycaalp.gapp.assembly_digraph:compute_assembly_digraph_complete:395 - Computing assembly digraph...
2026-07-02 19:56:05.254 | INFO     | pycaalp.time_balancing.model:run_mip:430 - Running MIP solver ...
2026-07-02 19:56:07.078 | INFO     | pycaalp.gapp.assembly_digraph:compute_assembly_digraph_complete:395 - Computing assembly digraph...
2026-07-02 19:56:07.404 | INFO     | pycaalp.time_balancing.model:run_mip:430 - Running MIP solver ...
2026-07-02 19:56:08.793 | INFO     | pycaalp.gapp.assembly_digraph:compute_assembly_digraph_complete:395 - Computing assembly digraph...
2026-07-02 19:56:09.124 | INFO     | pycaalp.time_balancing.model:run_mip:430 - Running MIP solver ...
2026-07-02 19:56:10.522 | INFO     | pycaalp.gapp.assembly_digraph:compute_assembly_digraph_complete:395 - Computing assembly digraph...
2026-07-02 19:56:10.851 | INFO     | pycaalp.time_balancing.model:run_mip:430 - Running MIP solver ...
2026-07-02 19:56:13.044 | INFO     | experiments.edge_reduction.scripts.combination_runs:run_full_edge_reduction_change:98 - Running test with: red_perc=45
2026-07-02 19:56:13.047 | INFO     | pycaalp.gapp.assembly_digraph:compute_assembly_digraph_complete:395 - Computing assembly digraph...
2026-07-02 19:56:13.368 | INFO     | pycaalp.time_balancing.model:run_mip:430 - Running MIP solver ...
2026-07-02 19:56:14.519 | INFO     | pycaalp.gapp.assembly_digraph:compute_assembly_digraph_complete:395 - Computing assembly digraph...
2026-07-02 19:56:14.841 | INFO     | pycaalp.time_balancing.model:run_mip:430 - Running MIP solver ...
2026-07-02 19:56:16.468 | INFO     | pycaalp.gapp.assembly_digraph:compute_assembly_digraph_complete:395 - Computing assembly digraph...
2026-07-02 19:56:16.801 | INFO     | pycaalp.time_balancing.model:run_mip:430 - Running MIP solver ...
2026-07-02 19:56:18.274 | INFO     | pycaalp.gapp.assembly_digraph:compute_assembly_digraph_complete:395 - Computing assembly digraph...
2026-07-02 19:56:18.601 | INFO     | pycaalp.time_balancing.model:run_mip:430 - Running MIP solver ...
2026-07-02 19:56:19.900 | INFO     | pycaalp.gapp.assembly_digraph:compute_assembly_digraph_complete:395 - Computing assembly digraph...
2026-07-02 19:56:20.231 | INFO     | pycaalp.time_balancing.model:run_mip:430 - Running MIP solver ...
2026-07-02 19:56:21.282 | INFO     | experiments.edge_reduction.scripts.combination_runs:run_full_edge_reduction_change:98 - Running test with: red_perc=50
2026-07-02 19:56:21.285 | INFO     | pycaalp.gapp.assembly_digraph:compute_assembly_digraph_complete:395 - Computing assembly digraph...
2026-07-02 19:56:21.654 | INFO     | pycaalp.time_balancing.model:run_mip:430 - Running MIP solver ...
2026-07-02 19:56:22.405 | INFO     | pycaalp.gapp.assembly_digraph:compute_assembly_digraph_complete:395 - Computing assembly digraph...
2026-07-02 19:56:22.757 | INFO     | pycaalp.time_balancing.model:run_mip:430 - Running MIP solver ...
2026-07-02 19:56:23.650 | INFO     | pycaalp.gapp.assembly_digraph:compute_assembly_digraph_complete:395 - Computing assembly digraph...
2026-07-02 19:56:24.024 | INFO     | pycaalp.time_balancing.model:run_mip:430 - Running MIP solver ...
2026-07-02 19:56:25.124 | INFO     | pycaalp.gapp.assembly_digraph:compute_assembly_digraph_complete:395 - Computing assembly digraph...
2026-07-02 19:56:25.453 | INFO     | pycaalp.time_balancing.model:run_mip:430 - Running MIP solver ...
2026-07-02 19:56:26.703 | INFO     | pycaalp.gapp.assembly_digraph:compute_assembly_digraph_complete:395 - Computing assembly digraph...
2026-07-02 19:56:27.035 | INFO     | pycaalp.time_balancing.model:run_mip:430 - Running MIP solver ...
2026-07-02 19:56:28.005 | INFO     | experiments.edge_reduction.scripts.combination_runs:run_full_edge_reduction_change:98 - Running test with: red_perc=55
2026-07-02 19:56:28.007 | INFO     | pycaalp.gapp.assembly_digraph:compute_assembly_digraph_complete:395 - Computing assembly digraph...
2026-07-02 19:56:28.339 | INFO     | pycaalp.time_balancing.model:run_mip:430 - Running MIP solver ...
2026-07-02 19:56:29.009 | INFO     | pycaalp.gapp.assembly_digraph:compute_assembly_digraph_complete:395 - Computing assembly digraph...
2026-07-02 19:56:29.332 | INFO     | pycaalp.time_balancing.model:run_mip:430 - Running MIP solver ...
2026-07-02 19:56:29.809 | INFO     | pycaalp.gapp.assembly_digraph:compute_assembly_digraph_complete:395 - Computing assembly digraph...
2026-07-02 19:56:30.133 | INFO     | pycaalp.time_balancing.model:run_mip:430 - Running MIP solver ...
2026-07-02 19:56:30.541 | INFO     | pycaalp.gapp.assembly_digraph:compute_assembly_digraph_complete:395 - Computing assembly digraph...
2026-07-02 19:56:30.872 | INFO     | pycaalp.time_balancing.model:run_mip:430 - Running MIP solver ...
2026-07-02 19:56:31.559 | INFO     | pycaalp.gapp.assembly_digraph:compute_assembly_digraph_complete:395 - Computing assembly digraph...
2026-07-02 19:56:31.892 | INFO     | pycaalp.time_balancing.model:run_mip:430 - Running MIP solver ...
2026-07-02 19:56:32.944 | INFO     | experiments.edge_reduction.scripts.combination_runs:run_full_edge_reduction_change:98 - Running test with: red_perc=60
2026-07-02 19:56:32.947 | INFO     | pycaalp.gapp.assembly_digraph:compute_assembly_digraph_complete:395 - Computing assembly digraph...
2026-07-02 19:56:33.282 | INFO     | pycaalp.time_balancing.model:run_mip:430 - Running MIP solver ...
2026-07-02 19:56:33.570 | INFO     | pycaalp.gapp.assembly_digraph:compute_assembly_digraph_complete:395 - Computing assembly digraph...
2026-07-02 19:56:33.901 | INFO     | pycaalp.time_balancing.model:run_mip:430 - Running MIP solver ...
2026-07-02 19:56:34.469 | INFO     | pycaalp.gapp.assembly_digraph:compute_assembly_digraph_complete:395 - Computing assembly digraph...
2026-07-02 19:56:34.804 | INFO     | pycaalp.time_balancing.model:run_mip:430 - Running MIP solver ...
2026-07-02 19:56:35.150 | INFO     | pycaalp.gapp.assembly_digraph:compute_assembly_digraph_complete:395 - Computing assembly digraph...
2026-07-02 19:56:35.480 | INFO     | pycaalp.time_balancing.model:run_mip:430 - Running MIP solver ...
2026-07-02 19:56:35.815 | INFO     | pycaalp.gapp.assembly_digraph:compute_assembly_digraph_complete:395 - Computing assembly digraph...
2026-07-02 19:56:36.141 | INFO     | pycaalp.time_balancing.model:run_mip:430 - Running MIP solver ...
2026-07-02 19:56:36.508 | INFO     | experiments.edge_reduction.scripts.combination_runs:run_full_edge_reduction_change:98 - Running test with: red_perc=65
2026-07-02 19:56:36.510 | INFO     | pycaalp.gapp.assembly_digraph:compute_assembly_digraph_complete:395 - Computing assembly digraph...
2026-07-02 19:56:36.844 | INFO     | pycaalp.time_balancing.model:run_mip:430 - Running MIP solver ...
2026-07-02 19:56:37.310 | INFO     | pycaalp.gapp.assembly_digraph:compute_assembly_digraph_complete:395 - Computing assembly digraph...
2026-07-02 19:56:37.645 | INFO     | pycaalp.time_balancing.model:run_mip:430 - Running MIP solver ...
2026-07-02 19:56:38.061 | INFO     | pycaalp.gapp.assembly_digraph:compute_assembly_digraph_complete:395 - Computing assembly digraph...
2026-07-02 19:56:38.395 | INFO     | pycaalp.time_balancing.model:run_mip:430 - Running MIP solver ...
2026-07-02 19:56:38.663 | INFO     | pycaalp.gapp.assembly_digraph:compute_assembly_digraph_complete:395 - Computing assembly digraph...
2026-07-02 19:56:38.994 | INFO     | pycaalp.time_balancing.model:run_mip:430 - Running MIP solver ...
2026-07-02 19:56:39.260 | INFO     | pycaalp.gapp.assembly_digraph:compute_assembly_digraph_complete:395 - Computing assembly digraph...
2026-07-02 19:56:39.592 | INFO     | pycaalp.time_balancing.model:run_mip:430 - Running MIP solver ...
2026-07-02 19:56:39.908 | INFO     | experiments.edge_reduction.scripts.combination_runs:run_full_edge_reduction_change:98 - Running test with: red_perc=70
2026-07-02 19:56:39.911 | INFO     | pycaalp.gapp.assembly_digraph:compute_assembly_digraph_complete:395 - Computing assembly digraph...
2026-07-02 19:56:40.234 | INFO     | pycaalp.time_balancing.model:run_mip:430 - Running MIP solver ...
2026-07-02 19:56:40.480 | INFO     | pycaalp.gapp.assembly_digraph:compute_assembly_digraph_complete:395 - Computing assembly digraph...
2026-07-02 19:56:40.903 | INFO     | pycaalp.time_balancing.model:run_mip:430 - Running MIP solver ...
2026-07-02 19:56:41.125 | INFO     | pycaalp.gapp.assembly_digraph:compute_assembly_digraph_complete:395 - Computing assembly digraph...
2026-07-02 19:56:41.458 | INFO     | pycaalp.time_balancing.model:run_mip:430 - Running MIP solver ...
2026-07-02 19:56:41.670 | INFO     | pycaalp.gapp.assembly_digraph:compute_assembly_digraph_complete:395 - Computing assembly digraph...
2026-07-02 19:56:42.036 | INFO     | pycaalp.time_balancing.model:run_mip:430 - Running MIP solver ...
2026-07-02 19:56:42.285 | INFO     | pycaalp.gapp.assembly_digraph:compute_assembly_digraph_complete:395 - Computing assembly digraph...
2026-07-02 19:56:42.612 | INFO     | pycaalp.time_balancing.model:run_mip:430 - Running MIP solver ...
2026-07-02 19:56:42.858 | INFO     | __main__:<module>:240 - Running plot_total_time
{0: (np.float64(4.536259), np.float64(0.8430377109029318), np.float64(1092.52), np.float64(0.0), np.float64(0.0), np.float64(0.0), np.float64(4.911208271048963), np.float64(0.0), np.float64(0.348289514076896), np.float64(0.0)), 5: (np.float64(12.3200838), np.float64(0.8430377109029317), np.float64(1092.52), np.float64(4.121109316144739), np.float64(1.2161883888976234e-16), np.float64(0.0), np.float64(12.962013933830894), np.float64(4.201129439821529), np.float64(0.5921040690271184), np.float64(0.10267753974662992)), 10: (np.float64(10.0615808), np.float64(0.8430377109029317), np.float64(1092.52), np.float64(2.1980437907032155), np.float64(1.6467268631127714e-16), np.float64(0.0), np.float64(10.651661898219027), np.float64(2.245410672050275), np.float64(0.5597125762142241), np.float64(0.052316518116932706)), 15: (np.float64(7.188483), np.float64(0.8430377109029319), np.float64(1092.52), np.float64(2.223169664350879), np.float64(1.1102230246251565e-16), np.float64(0.0), np.float64(7.6308495596284045), np.float64(2.2628867603585143), np.float64(0.41939267760608345), np.float64(0.05346975124925784)), 20: (np.float64(6.3982247999999995), np.float64(0.8430377109029319), np.float64(1092.52), np.float64(1.4749332375067556), np.float64(1.5700924586837752e-16), np.float64(0.0), np.float64(6.7714485407806935), np.float64(1.4776425458935287), np.float64(0.3563536237925291), np.float64(0.009322274254165479)), 25: (np.float64(4.100151200000001), np.float64(0.8430377109029319), np.float64(1092.52), np.float64(0.5629153890475548), np.float64(1.9860273225978183e-16), np.float64(0.0), np.float64(4.468781795608811), np.float64(0.5618589754806137), np.float64(0.3477539645973593), np.float64(0.0074402560723430804)), 30: (np.float64(3.7192617999999995), np.float64(0.8430377109029317), np.float64(1092.52), np.float64(0.6820832426041266), np.float64(1.3136335981433191e-16), np.float64(0.0), np.float64(4.070417376840487), np.float64(0.6850813569024907), np.float64(0.3364314103964716), np.float64(0.0036328862897616943)), 35: (np.float64(2.5488422), np.float64(0.8430377109029319), np.float64(1092.52), np.float64(0.6096562962477793), np.float64(1.4895204919483638e-16), np.float64(0.0), np.float64(2.894632008415647), np.float64(0.6074304713663021), np.float64(0.33142158659175036), np.float64(0.005207568721600879)), 40: (np.float64(1.6218882000000001), np.float64(0.8430377109029317), np.float64(1092.52), np.float64(0.32126583807768916), np.float64(1.5700924586837752e-16), np.float64(0.0), np.float64(1.9717531548347325), np.float64(0.31998716602901506), np.float64(0.3355327558005229), np.float64(0.008841655151748565)), 45: (np.float64(1.2988642000000001), np.float64(0.8430377109029317), np.float64(1092.52), np.float64(0.20863723522554647), np.float64(1.5700924586837752e-16), np.float64(0.0), np.float64(1.6413635981967674), np.float64(0.20839228005831087), np.float64(0.32966270518954843), np.float64(0.004891276938078637)), 50: (np.float64(0.9726606), np.float64(0.8430377109029319), np.float64(1092.52), np.float64(0.16808971225223748), np.float64(1.2161883888976234e-16), np.float64(0.0), np.float64(1.3407754234038294), np.float64(0.16323285816632357), np.float64(0.3540344309993088), np.float64(0.01795719786210879)), 55: (np.float64(0.6414926), np.float64(0.8430377109029319), np.float64(1092.52), np.float64(0.22545858878348368), np.float64(1.6467268631127714e-16), np.float64(0.0), np.float64(0.9840948880184441), np.float64(0.22922262189687742), np.float64(0.3317151956027374), np.float64(0.003998838865421284)), 60: (np.float64(0.36588040000000005), np.float64(0.8430377109029317), np.float64(1092.52), np.float64(0.09758374200367599), np.float64(1.8577584504832502e-16), np.float64(0.0), np.float64(0.7101226323982701), np.float64(0.09693320415986154), np.float64(0.3348227370064706), np.float64(0.0033607727785942105)), 65: (np.float64(0.3329166), np.float64(0.8430377109029319), np.float64(1092.52), np.float64(0.08060708323615239), np.float64(1.6467268631127714e-16), np.float64(0.0), np.float64(0.6774203348206356), np.float64(0.08113363714388439), np.float64(0.335935773816891), np.float64(0.0014562695872203395)), 70: (np.float64(0.2224028), np.float64(0.8430377109029317), np.float64(1092.52), np.float64(0.014584803068948167), np.float64(1.3136335981433191e-16), np.float64(0.0), np.float64(0.5870179746067151), np.float64(0.03576078534978186), np.float64(0.357252896996215), np.float64(0.037385902291246255))}
Saved MIP solve time plot in experiments/edge_reduction/sweeps/assembly_1_np_2/lambda_0.9/plots/MIP_solve_time_num_phases_2.svg
2026-07-02 19:56:42.956 | INFO     | __main__:<module>:250 - Running plot_speedup_vs_max_length_lost
Saved speedup_vs_weld_len_degr plot in experiments/edge_reduction/sweeps/assembly_1_np_2/lambda_0.9/plots/speedup_vs_weld_len_degr_num_phases_2.svg
2026-07-02 19:56:43.061 | INFO     | __main__:<module>:253 - Running plot_average_max_time
Saved Max welding length [mm] plot in experiments/edge_reduction/sweeps/assembly_1_np_2/lambda_0.9/plots/Max_welding_length_[mm]_num_phases_2.svg

----------------- λ = 1.0 -----------------
2026-07-02 19:51:50.351 | INFO     | __main__:<module>:193 - Running /home/md/Work/PyCAALP/experiments/edge_reduction/run.py
2026-07-02 19:51:50.351 | INFO     | __main__:<module>:194 - ASSEMBLY_FNAME='data/assembly_1/assembly_1_parts.json'
2026-07-02 19:51:50.351 | INFO     | __main__:<module>:197 - NUM_PHASES=2
2026-07-02 19:51:50.351 | INFO     | __main__:<module>:198 - RES_FNAME='experiments/edge_reduction/sweeps/assembly_1_np_2/lambda_1.0/res.pkl'
2026-07-02 19:51:50.351 | INFO     | experiments.edge_reduction.scripts.combination_runs:run_full_edge_reduction_change:98 - Running test with: red_perc=0
2026-07-02 19:51:50.355 | INFO     | pycaalp.gapp.assembly_digraph:compute_assembly_digraph_complete:395 - Computing assembly digraph...
2026-07-02 19:51:50.562 | INFO     | pycaalp.time_balancing.model:run_mip:430 - Running MIP solver ...
2026-07-02 19:51:58.531 | INFO     | experiments.edge_reduction.scripts.combination_runs:run_full_edge_reduction_change:98 - Running test with: red_perc=5
2026-07-02 19:51:58.534 | INFO     | pycaalp.gapp.assembly_digraph:compute_assembly_digraph_complete:395 - Computing assembly digraph...
2026-07-02 19:51:59.027 | INFO     | pycaalp.time_balancing.model:run_mip:430 - Running MIP solver ...
2026-07-02 19:52:05.264 | INFO     | pycaalp.gapp.assembly_digraph:compute_assembly_digraph_complete:395 - Computing assembly digraph...
2026-07-02 19:52:05.848 | INFO     | pycaalp.time_balancing.model:run_mip:430 - Running MIP solver ...
2026-07-02 19:52:13.798 | INFO     | pycaalp.gapp.assembly_digraph:compute_assembly_digraph_complete:395 - Computing assembly digraph...
2026-07-02 19:52:14.308 | INFO     | pycaalp.time_balancing.model:run_mip:430 - Running MIP solver ...
2026-07-02 19:52:21.801 | INFO     | pycaalp.gapp.assembly_digraph:compute_assembly_digraph_complete:395 - Computing assembly digraph...
2026-07-02 19:52:22.595 | INFO     | pycaalp.time_balancing.model:run_mip:430 - Running MIP solver ...
2026-07-02 19:52:28.217 | INFO     | pycaalp.gapp.assembly_digraph:compute_assembly_digraph_complete:395 - Computing assembly digraph...
2026-07-02 19:52:28.901 | INFO     | pycaalp.time_balancing.model:run_mip:430 - Running MIP solver ...
2026-07-02 19:52:37.787 | INFO     | experiments.edge_reduction.scripts.combination_runs:run_full_edge_reduction_change:98 - Running test with: red_perc=10
2026-07-02 19:52:37.791 | INFO     | pycaalp.gapp.assembly_digraph:compute_assembly_digraph_complete:395 - Computing assembly digraph...
2026-07-02 19:52:38.525 | INFO     | pycaalp.time_balancing.model:run_mip:430 - Running MIP solver ...
2026-07-02 19:52:48.083 | INFO     | pycaalp.gapp.assembly_digraph:compute_assembly_digraph_complete:395 - Computing assembly digraph...
2026-07-02 19:52:48.712 | INFO     | pycaalp.time_balancing.model:run_mip:430 - Running MIP solver ...
2026-07-02 19:52:54.202 | INFO     | pycaalp.gapp.assembly_digraph:compute_assembly_digraph_complete:395 - Computing assembly digraph...
2026-07-02 19:52:54.829 | INFO     | pycaalp.time_balancing.model:run_mip:430 - Running MIP solver ...
2026-07-02 19:53:00.792 | INFO     | pycaalp.gapp.assembly_digraph:compute_assembly_digraph_complete:395 - Computing assembly digraph...
2026-07-02 19:53:01.378 | INFO     | pycaalp.time_balancing.model:run_mip:430 - Running MIP solver ...
2026-07-02 19:53:13.709 | INFO     | pycaalp.gapp.assembly_digraph:compute_assembly_digraph_complete:395 - Computing assembly digraph...
2026-07-02 19:53:14.245 | INFO     | pycaalp.time_balancing.model:run_mip:430 - Running MIP solver ...
2026-07-02 19:53:18.369 | INFO     | experiments.edge_reduction.scripts.combination_runs:run_full_edge_reduction_change:98 - Running test with: red_perc=15
2026-07-02 19:53:18.375 | INFO     | pycaalp.gapp.assembly_digraph:compute_assembly_digraph_complete:395 - Computing assembly digraph...
2026-07-02 19:53:18.881 | INFO     | pycaalp.time_balancing.model:run_mip:430 - Running MIP solver ...
2026-07-02 19:53:26.207 | INFO     | pycaalp.gapp.assembly_digraph:compute_assembly_digraph_complete:395 - Computing assembly digraph...
2026-07-02 19:53:26.780 | INFO     | pycaalp.time_balancing.model:run_mip:430 - Running MIP solver ...
2026-07-02 19:53:32.084 | INFO     | pycaalp.gapp.assembly_digraph:compute_assembly_digraph_complete:395 - Computing assembly digraph...
2026-07-02 19:53:32.703 | INFO     | pycaalp.time_balancing.model:run_mip:430 - Running MIP solver ...
2026-07-02 19:53:38.976 | INFO     | pycaalp.gapp.assembly_digraph:compute_assembly_digraph_complete:395 - Computing assembly digraph...
2026-07-02 19:53:39.618 | INFO     | pycaalp.time_balancing.model:run_mip:430 - Running MIP solver ...
2026-07-02 19:53:46.418 | INFO     | pycaalp.gapp.assembly_digraph:compute_assembly_digraph_complete:395 - Computing assembly digraph...
2026-07-02 19:53:46.930 | INFO     | pycaalp.time_balancing.model:run_mip:430 - Running MIP solver ...
2026-07-02 19:53:54.034 | INFO     | experiments.edge_reduction.scripts.combination_runs:run_full_edge_reduction_change:98 - Running test with: red_perc=20
2026-07-02 19:53:54.037 | INFO     | pycaalp.gapp.assembly_digraph:compute_assembly_digraph_complete:395 - Computing assembly digraph...
2026-07-02 19:53:54.494 | INFO     | pycaalp.time_balancing.model:run_mip:430 - Running MIP solver ...
2026-07-02 19:54:01.728 | INFO     | pycaalp.gapp.assembly_digraph:compute_assembly_digraph_complete:395 - Computing assembly digraph...
2026-07-02 19:54:02.193 | INFO     | pycaalp.time_balancing.model:run_mip:430 - Running MIP solver ...
2026-07-02 19:54:07.974 | INFO     | pycaalp.gapp.assembly_digraph:compute_assembly_digraph_complete:395 - Computing assembly digraph...
2026-07-02 19:54:08.379 | INFO     | pycaalp.time_balancing.model:run_mip:430 - Running MIP solver ...
2026-07-02 19:54:11.529 | INFO     | pycaalp.gapp.assembly_digraph:compute_assembly_digraph_complete:395 - Computing assembly digraph...
2026-07-02 19:54:11.961 | INFO     | pycaalp.time_balancing.model:run_mip:430 - Running MIP solver ...
2026-07-02 19:54:18.099 | INFO     | pycaalp.gapp.assembly_digraph:compute_assembly_digraph_complete:395 - Computing assembly digraph...
2026-07-02 19:54:18.507 | INFO     | pycaalp.time_balancing.model:run_mip:430 - Running MIP solver ...
2026-07-02 19:54:23.029 | INFO     | experiments.edge_reduction.scripts.combination_runs:run_full_edge_reduction_change:98 - Running test with: red_perc=25
2026-07-02 19:54:23.032 | INFO     | pycaalp.gapp.assembly_digraph:compute_assembly_digraph_complete:395 - Computing assembly digraph...
2026-07-02 19:54:23.412 | INFO     | pycaalp.time_balancing.model:run_mip:430 - Running MIP solver ...
2026-07-02 19:54:25.784 | INFO     | pycaalp.gapp.assembly_digraph:compute_assembly_digraph_complete:395 - Computing assembly digraph...
2026-07-02 19:54:26.198 | INFO     | pycaalp.time_balancing.model:run_mip:430 - Running MIP solver ...
2026-07-02 19:54:29.407 | INFO     | pycaalp.gapp.assembly_digraph:compute_assembly_digraph_complete:395 - Computing assembly digraph...
2026-07-02 19:54:29.788 | INFO     | pycaalp.time_balancing.model:run_mip:430 - Running MIP solver ...
2026-07-02 19:54:34.364 | INFO     | pycaalp.gapp.assembly_digraph:compute_assembly_digraph_complete:395 - Computing assembly digraph...
2026-07-02 19:54:34.725 | INFO     | pycaalp.time_balancing.model:run_mip:430 - Running MIP solver ...
2026-07-02 19:54:37.917 | INFO     | pycaalp.gapp.assembly_digraph:compute_assembly_digraph_complete:395 - Computing assembly digraph...
2026-07-02 19:54:38.272 | INFO     | pycaalp.time_balancing.model:run_mip:430 - Running MIP solver ...
2026-07-02 19:54:40.059 | INFO     | experiments.edge_reduction.scripts.combination_runs:run_full_edge_reduction_change:98 - Running test with: red_perc=30
2026-07-02 19:54:40.062 | INFO     | pycaalp.gapp.assembly_digraph:compute_assembly_digraph_complete:395 - Computing assembly digraph...
2026-07-02 19:54:40.415 | INFO     | pycaalp.time_balancing.model:run_mip:430 - Running MIP solver ...
2026-07-02 19:54:44.458 | INFO     | pycaalp.gapp.assembly_digraph:compute_assembly_digraph_complete:395 - Computing assembly digraph...
2026-07-02 19:54:44.806 | INFO     | pycaalp.time_balancing.model:run_mip:430 - Running MIP solver ...
2026-07-02 19:54:48.421 | INFO     | pycaalp.gapp.assembly_digraph:compute_assembly_digraph_complete:395 - Computing assembly digraph...
2026-07-02 19:54:48.807 | INFO     | pycaalp.time_balancing.model:run_mip:430 - Running MIP solver ...
2026-07-02 19:54:50.928 | INFO     | pycaalp.gapp.assembly_digraph:compute_assembly_digraph_complete:395 - Computing assembly digraph...
2026-07-02 19:54:51.287 | INFO     | pycaalp.time_balancing.model:run_mip:430 - Running MIP solver ...
2026-07-02 19:54:53.119 | INFO     | pycaalp.gapp.assembly_digraph:compute_assembly_digraph_complete:395 - Computing assembly digraph...
2026-07-02 19:54:53.481 | INFO     | pycaalp.time_balancing.model:run_mip:430 - Running MIP solver ...
2026-07-02 19:54:57.425 | INFO     | experiments.edge_reduction.scripts.combination_runs:run_full_edge_reduction_change:98 - Running test with: red_perc=35
2026-07-02 19:54:57.428 | INFO     | pycaalp.gapp.assembly_digraph:compute_assembly_digraph_complete:395 - Computing assembly digraph...
2026-07-02 19:54:57.778 | INFO     | pycaalp.time_balancing.model:run_mip:430 - Running MIP solver ...
2026-07-02 19:54:59.562 | INFO     | pycaalp.gapp.assembly_digraph:compute_assembly_digraph_complete:395 - Computing assembly digraph...
2026-07-02 19:54:59.944 | INFO     | pycaalp.time_balancing.model:run_mip:430 - Running MIP solver ...
2026-07-02 19:55:01.719 | INFO     | pycaalp.gapp.assembly_digraph:compute_assembly_digraph_complete:395 - Computing assembly digraph...
2026-07-02 19:55:02.075 | INFO     | pycaalp.time_balancing.model:run_mip:430 - Running MIP solver ...
2026-07-02 19:55:04.102 | INFO     | pycaalp.gapp.assembly_digraph:compute_assembly_digraph_complete:395 - Computing assembly digraph...
2026-07-02 19:55:04.463 | INFO     | pycaalp.time_balancing.model:run_mip:430 - Running MIP solver ...
2026-07-02 19:55:06.396 | INFO     | pycaalp.gapp.assembly_digraph:compute_assembly_digraph_complete:395 - Computing assembly digraph...
2026-07-02 19:55:06.762 | INFO     | pycaalp.time_balancing.model:run_mip:430 - Running MIP solver ...
2026-07-02 19:55:09.322 | INFO     | experiments.edge_reduction.scripts.combination_runs:run_full_edge_reduction_change:98 - Running test with: red_perc=40
2026-07-02 19:55:09.325 | INFO     | pycaalp.gapp.assembly_digraph:compute_assembly_digraph_complete:395 - Computing assembly digraph...
2026-07-02 19:55:09.674 | INFO     | pycaalp.time_balancing.model:run_mip:430 - Running MIP solver ...
2026-07-02 19:55:11.388 | INFO     | pycaalp.gapp.assembly_digraph:compute_assembly_digraph_complete:395 - Computing assembly digraph...
2026-07-02 19:55:11.748 | INFO     | pycaalp.time_balancing.model:run_mip:430 - Running MIP solver ...
2026-07-02 19:55:14.205 | INFO     | pycaalp.gapp.assembly_digraph:compute_assembly_digraph_complete:395 - Computing assembly digraph...
2026-07-02 19:55:14.561 | INFO     | pycaalp.time_balancing.model:run_mip:430 - Running MIP solver ...
2026-07-02 19:55:16.460 | INFO     | pycaalp.gapp.assembly_digraph:compute_assembly_digraph_complete:395 - Computing assembly digraph...
2026-07-02 19:55:16.803 | INFO     | pycaalp.time_balancing.model:run_mip:430 - Running MIP solver ...
2026-07-02 19:55:18.521 | INFO     | pycaalp.gapp.assembly_digraph:compute_assembly_digraph_complete:395 - Computing assembly digraph...
2026-07-02 19:55:18.877 | INFO     | pycaalp.time_balancing.model:run_mip:430 - Running MIP solver ...
2026-07-02 19:55:20.336 | INFO     | experiments.edge_reduction.scripts.combination_runs:run_full_edge_reduction_change:98 - Running test with: red_perc=45
2026-07-02 19:55:20.339 | INFO     | pycaalp.gapp.assembly_digraph:compute_assembly_digraph_complete:395 - Computing assembly digraph...
2026-07-02 19:55:20.679 | INFO     | pycaalp.time_balancing.model:run_mip:430 - Running MIP solver ...
2026-07-02 19:55:22.722 | INFO     | pycaalp.gapp.assembly_digraph:compute_assembly_digraph_complete:395 - Computing assembly digraph...
2026-07-02 19:55:23.071 | INFO     | pycaalp.time_balancing.model:run_mip:430 - Running MIP solver ...
2026-07-02 19:55:24.423 | INFO     | pycaalp.gapp.assembly_digraph:compute_assembly_digraph_complete:395 - Computing assembly digraph...
2026-07-02 19:55:24.771 | INFO     | pycaalp.time_balancing.model:run_mip:430 - Running MIP solver ...
2026-07-02 19:55:25.919 | INFO     | pycaalp.gapp.assembly_digraph:compute_assembly_digraph_complete:395 - Computing assembly digraph...
2026-07-02 19:55:26.261 | INFO     | pycaalp.time_balancing.model:run_mip:430 - Running MIP solver ...
2026-07-02 19:55:27.400 | INFO     | pycaalp.gapp.assembly_digraph:compute_assembly_digraph_complete:395 - Computing assembly digraph...
2026-07-02 19:55:27.740 | INFO     | pycaalp.time_balancing.model:run_mip:430 - Running MIP solver ...
2026-07-02 19:55:29.813 | INFO     | experiments.edge_reduction.scripts.combination_runs:run_full_edge_reduction_change:98 - Running test with: red_perc=50
2026-07-02 19:55:29.816 | INFO     | pycaalp.gapp.assembly_digraph:compute_assembly_digraph_complete:395 - Computing assembly digraph...
2026-07-02 19:55:30.154 | INFO     | pycaalp.time_balancing.model:run_mip:430 - Running MIP solver ...
2026-07-02 19:55:30.808 | INFO     | pycaalp.gapp.assembly_digraph:compute_assembly_digraph_complete:395 - Computing assembly digraph...
2026-07-02 19:55:31.147 | INFO     | pycaalp.time_balancing.model:run_mip:430 - Running MIP solver ...
2026-07-02 19:55:32.139 | INFO     | pycaalp.gapp.assembly_digraph:compute_assembly_digraph_complete:395 - Computing assembly digraph...
2026-07-02 19:55:32.484 | INFO     | pycaalp.time_balancing.model:run_mip:430 - Running MIP solver ...
2026-07-02 19:55:33.123 | INFO     | pycaalp.gapp.assembly_digraph:compute_assembly_digraph_complete:395 - Computing assembly digraph...
2026-07-02 19:55:33.461 | INFO     | pycaalp.time_balancing.model:run_mip:430 - Running MIP solver ...
2026-07-02 19:55:34.684 | INFO     | pycaalp.gapp.assembly_digraph:compute_assembly_digraph_complete:395 - Computing assembly digraph...
2026-07-02 19:55:35.028 | INFO     | pycaalp.time_balancing.model:run_mip:430 - Running MIP solver ...
2026-07-02 19:55:35.881 | INFO     | experiments.edge_reduction.scripts.combination_runs:run_full_edge_reduction_change:98 - Running test with: red_perc=55
2026-07-02 19:55:35.884 | INFO     | pycaalp.gapp.assembly_digraph:compute_assembly_digraph_complete:395 - Computing assembly digraph...
2026-07-02 19:55:36.220 | INFO     | pycaalp.time_balancing.model:run_mip:430 - Running MIP solver ...
2026-07-02 19:55:36.797 | INFO     | pycaalp.gapp.assembly_digraph:compute_assembly_digraph_complete:395 - Computing assembly digraph...
2026-07-02 19:55:37.133 | INFO     | pycaalp.time_balancing.model:run_mip:430 - Running MIP solver ...
2026-07-02 19:55:37.610 | INFO     | pycaalp.gapp.assembly_digraph:compute_assembly_digraph_complete:395 - Computing assembly digraph...
2026-07-02 19:55:37.948 | INFO     | pycaalp.time_balancing.model:run_mip:430 - Running MIP solver ...
2026-07-02 19:55:38.490 | INFO     | pycaalp.gapp.assembly_digraph:compute_assembly_digraph_complete:395 - Computing assembly digraph...
2026-07-02 19:55:38.835 | INFO     | pycaalp.time_balancing.model:run_mip:430 - Running MIP solver ...
2026-07-02 19:55:39.839 | INFO     | pycaalp.gapp.assembly_digraph:compute_assembly_digraph_complete:395 - Computing assembly digraph...
2026-07-02 19:55:40.174 | INFO     | pycaalp.time_balancing.model:run_mip:430 - Running MIP solver ...
2026-07-02 19:55:40.838 | INFO     | experiments.edge_reduction.scripts.combination_runs:run_full_edge_reduction_change:98 - Running test with: red_perc=60
2026-07-02 19:55:40.841 | INFO     | pycaalp.gapp.assembly_digraph:compute_assembly_digraph_complete:395 - Computing assembly digraph...
2026-07-02 19:55:41.173 | INFO     | pycaalp.time_balancing.model:run_mip:430 - Running MIP solver ...
2026-07-02 19:55:41.676 | INFO     | pycaalp.gapp.assembly_digraph:compute_assembly_digraph_complete:395 - Computing assembly digraph...
2026-07-02 19:55:42.013 | INFO     | pycaalp.time_balancing.model:run_mip:430 - Running MIP solver ...
2026-07-02 19:55:42.479 | INFO     | pycaalp.gapp.assembly_digraph:compute_assembly_digraph_complete:395 - Computing assembly digraph...
2026-07-02 19:55:42.826 | INFO     | pycaalp.time_balancing.model:run_mip:430 - Running MIP solver ...
2026-07-02 19:55:43.369 | INFO     | pycaalp.gapp.assembly_digraph:compute_assembly_digraph_complete:395 - Computing assembly digraph...
2026-07-02 19:55:43.703 | INFO     | pycaalp.time_balancing.model:run_mip:430 - Running MIP solver ...
2026-07-02 19:55:44.315 | INFO     | pycaalp.gapp.assembly_digraph:compute_assembly_digraph_complete:395 - Computing assembly digraph...
2026-07-02 19:55:44.647 | INFO     | pycaalp.time_balancing.model:run_mip:430 - Running MIP solver ...
2026-07-02 19:55:45.575 | INFO     | experiments.edge_reduction.scripts.combination_runs:run_full_edge_reduction_change:98 - Running test with: red_perc=65
2026-07-02 19:55:45.577 | INFO     | pycaalp.gapp.assembly_digraph:compute_assembly_digraph_complete:395 - Computing assembly digraph...
2026-07-02 19:55:45.910 | INFO     | pycaalp.time_balancing.model:run_mip:430 - Running MIP solver ...
2026-07-02 19:55:46.253 | INFO     | pycaalp.gapp.assembly_digraph:compute_assembly_digraph_complete:395 - Computing assembly digraph...
2026-07-02 19:55:46.585 | INFO     | pycaalp.time_balancing.model:run_mip:430 - Running MIP solver ...
2026-07-02 19:55:46.948 | INFO     | pycaalp.gapp.assembly_digraph:compute_assembly_digraph_complete:395 - Computing assembly digraph...
2026-07-02 19:55:47.285 | INFO     | pycaalp.time_balancing.model:run_mip:430 - Running MIP solver ...
2026-07-02 19:55:47.691 | INFO     | pycaalp.gapp.assembly_digraph:compute_assembly_digraph_complete:395 - Computing assembly digraph...
2026-07-02 19:55:48.023 | INFO     | pycaalp.time_balancing.model:run_mip:430 - Running MIP solver ...
2026-07-02 19:55:48.296 | INFO     | pycaalp.gapp.assembly_digraph:compute_assembly_digraph_complete:395 - Computing assembly digraph...
2026-07-02 19:55:48.631 | INFO     | pycaalp.time_balancing.model:run_mip:430 - Running MIP solver ...
2026-07-02 19:55:48.956 | INFO     | experiments.edge_reduction.scripts.combination_runs:run_full_edge_reduction_change:98 - Running test with: red_perc=70
2026-07-02 19:55:48.959 | INFO     | pycaalp.gapp.assembly_digraph:compute_assembly_digraph_complete:395 - Computing assembly digraph...
2026-07-02 19:55:49.296 | INFO     | pycaalp.time_balancing.model:run_mip:430 - Running MIP solver ...
2026-07-02 19:55:49.467 | INFO     | pycaalp.gapp.assembly_digraph:compute_assembly_digraph_complete:395 - Computing assembly digraph...
2026-07-02 19:55:49.814 | INFO     | pycaalp.time_balancing.model:run_mip:430 - Running MIP solver ...
2026-07-02 19:55:49.964 | INFO     | pycaalp.gapp.assembly_digraph:compute_assembly_digraph_complete:395 - Computing assembly digraph...
2026-07-02 19:55:50.300 | INFO     | pycaalp.time_balancing.model:run_mip:430 - Running MIP solver ...
2026-07-02 19:55:50.459 | INFO     | pycaalp.gapp.assembly_digraph:compute_assembly_digraph_complete:395 - Computing assembly digraph...
2026-07-02 19:55:50.793 | INFO     | pycaalp.time_balancing.model:run_mip:430 - Running MIP solver ...
2026-07-02 19:55:50.970 | INFO     | pycaalp.gapp.assembly_digraph:compute_assembly_digraph_complete:395 - Computing assembly digraph...
2026-07-02 19:55:51.314 | INFO     | pycaalp.time_balancing.model:run_mip:430 - Running MIP solver ...
2026-07-02 19:55:51.452 | INFO     | __main__:<module>:240 - Running plot_total_time
{0: (np.float64(7.944412), np.float64(0.8405775250695751), np.float64(1088.33), np.float64(0.0), np.float64(0.0), np.float64(0.0), np.float64(8.179168763104826), np.float64(0.0), np.float64(0.21068261610344052), np.float64(0.0)), 5: (np.float64(7.1664772), np.float64(0.8405775250695751), np.float64(1088.33), np.float64(1.1754945727713761), np.float64(8.599750569898517e-17), np.float64(0.0), np.float64(7.823699804861098), np.float64(1.162413615775988), np.float64(0.6166716698324308), np.float64(0.11384242545935042)), 10: (np.float64(7.426685399999999), np.float64(0.8405775250695751), np.float64(1088.33), np.float64(3.0091685332041207), np.float64(1.6467268631127714e-16), np.float64(0.0), np.float64(8.094195191212929), np.float64(3.032651370533734), np.float64(0.6269350829767063), np.float64(0.06476248098052015)), 15: (np.float64(6.4968868), np.float64(0.8405775250695751), np.float64(1088.33), np.float64(0.7236084211982058), np.float64(1.4043333874306804e-16), np.float64(0.0), np.float64(7.107858324586414), np.float64(0.7097064196746493), np.float64(0.5754990536021068), np.float64(0.05509467145563765)), 20: (np.float64(5.3182990000000006), np.float64(0.8405775250695748), np.float64(1088.33), np.float64(1.3980926569770689), np.float64(2.3811631099687444e-16), np.float64(0.0), np.float64(5.775847981008701), np.float64(1.4190188777068677), np.float64(0.4371118333889171), np.float64(0.024748786870683995)), 25: (np.float64(2.9878185999999998), np.float64(0.8405775250695751), np.float64(1088.33), np.float64(0.9318217766207442), np.float64(1.790180836524724e-16), np.float64(0.0), np.float64(3.3912677275948226), np.float64(0.9485147377524143), np.float64(0.38157590162009003), np.float64(0.020969263838896624)), 30: (np.float64(3.0811686000000003), np.float64(0.8405775250695751), np.float64(1088.33), np.float64(0.9428768667847568), np.float64(1.5700924586837752e-16), np.float64(0.0), np.float64(3.461509771971032), np.float64(0.9348888486421696), np.float64(0.3646941335638985), np.float64(0.013196761774296989)), 35: (np.float64(1.9832872000000001), np.float64(0.8405775250695748), np.float64(1088.33), np.float64(0.2878593599877552), np.float64(1.5700924586837752e-16), np.float64(0.0), np.float64(2.3647707340074704), np.float64(0.2884035498545911), np.float64(0.3664326694095507), np.float64(0.011903476104342893)), 40: (np.float64(1.8223352), np.float64(0.8405775250695751), np.float64(1088.33), np.float64(0.3329978410268751), np.float64(1.6467268631127714e-16), np.float64(0.0), np.float64(2.1924207493662835), np.float64(0.33510102230547617), np.float64(0.35593234859406947), np.float64(0.005835566023596025)), 45: (np.float64(1.5262360000000001), np.float64(0.8405775250695751), np.float64(1088.33), np.float64(0.4227400963859473), np.float64(1.2161883888976234e-16), np.float64(0.0), np.float64(1.8864365858025849), np.float64(0.41975986124100195), np.float64(0.3469140113797039), np.float64(0.0038204577468157947)), 50: (np.float64(0.8486204), np.float64(0.8405775250695751), np.float64(1088.33), np.float64(0.21699778658096952), np.float64(1.6467268631127714e-16), np.float64(0.0), np.float64(1.2063455015886575), np.float64(0.21785373576252284), np.float64(0.3438917530234903), np.float64(0.0033336753477781404)), 55: (np.float64(0.6340082), np.float64(0.8405775250695753), np.float64(1088.33), np.float64(0.18567696393834102), np.float64(2.1065000811460205e-16), np.float64(0.0), np.float64(0.9853374956175684), np.float64(0.1891993456185515), np.float64(0.34104337480384855), np.float64(0.003674535541826847)), 60: (np.float64(0.5921922), np.float64(0.8405775250695751), np.float64(1088.33), np.float64(0.16694403827798102), np.float64(1.1102230246251565e-16), np.float64(0.0), np.float64(0.9409980465890839), np.float64(0.16505335203018126), np.float64(0.33924076322000474), np.float64(0.0054575810282088974)), 65: (np.float64(0.3258236), np.float64(0.8405775250695751), np.float64(1088.33), np.float64(0.043903507489037825), np.float64(1.6467268631127714e-16), np.float64(0.0), np.float64(0.6713478017831221), np.float64(0.04510501690956761), np.float64(0.3368827949743718), np.float64(0.001775289883433347)), 70: (np.float64(0.14620260000000002), np.float64(0.8405775250695748), np.float64(1088.33), np.float64(0.013894913524020213), np.float64(3.255813018879823e-16), np.float64(0.0), np.float64(0.496110233431682), np.float64(0.010168835057881152), np.float64(0.34281892045401036), np.float64(0.005104475928465918))}
Saved MIP solve time plot in experiments/edge_reduction/sweeps/assembly_1_np_2/lambda_1.0/plots/MIP_solve_time_num_phases_2.svg
2026-07-02 19:55:51.555 | INFO     | __main__:<module>:250 - Running plot_speedup_vs_max_length_lost
Saved speedup_vs_weld_len_degr plot in experiments/edge_reduction/sweeps/assembly_1_np_2/lambda_1.0/plots/speedup_vs_weld_len_degr_num_phases_2.svg
2026-07-02 19:55:51.666 | INFO     | __main__:<module>:253 - Running plot_average_max_time
Saved Max welding length [mm] plot in experiments/edge_reduction/sweeps/assembly_1_np_2/lambda_1.0/plots/Max_welding_length_[mm]_num_phases_2.svg
Combined 11 λ runs (165 rows) -> experiments/edge_reduction/sweeps/assembly_1_np_2/edge_reduction_lambda_sweep.csv
Saved experiments/edge_reduction/sweeps/assembly_1_np_2/plots/lambda_sensitivity_objective.svg
Saved experiments/edge_reduction/sweeps/assembly_1_np_2/plots/lambda_sensitivity_total_time.svg
Saved experiments/edge_reduction/sweeps/assembly_1_np_2/plots/lambda_sensitivity_solve_time.svg
Saved experiments/edge_reduction/sweeps/assembly_1_np_2/plots/lambda_sensitivity_max_phase_time.svg
